Path,Molecule_ID,Docking_Score,SMILES,max_tanimoto_to_pd1,mean_tanimoto_to_pd1
./chembl_scaffold/,mol443,-11.77,O=S(=O)(NCCCN1CCOCC1)c1cc2c(cc1F)-c1nc(O)c3ccccc3c1C2,0.27722772277227725,0.1452711365161149
./chembl_scaffold/,mol442,-11.04,O=c1[nH]c2cccc(N3C[C@H]4C[C@@H]3CN4C[C@@H]3CCc4[nH]c5ccc(F)cc5c4C3)c2o1,0.2,0.11391641021159805
./chembl_scaffold/,mol10,-12.38,N#Cc1ccc2cc(C(=O)NCc3cccc(C(=O)Nc4nc5c(s4)C[C@@H](N4CCOCC4)CC5)c3)[nH]c2c1,0.2601626016260163,0.14921015792816136
./chembl_scaffold/,mol400,-11.85,O=C1[C@@H](NS(=O)(=O)c2ccc3c(Cl)c[nH]c3c2)CCN1c1ccc2c(c1)CCCNC2,0.18446601941747573,0.10568901847047543
./chembl_scaffold/,mol346,-11.68,COc1ccc2c(c1F)C(=O)N(C[C@]1(C#Cc3ccc(CN4CCN(C5CCCCC5)CC4)cc3)NC(=O)NC1=O)C2,0.23529411764705882,0.12080270910973466
./chembl_scaffold/,mol607,-11.2,[H]/N=C(\N)c1ccc(C[C@@H]2NCCn3c2nc2cc(C4(C(=O)N5CCCCC5)CC4)ccc23)cc1,0.19230769230769232,0.10948409574865654
./chembl_scaffold/,mol156,-11.74,Cc1[nH]c(/C=C2\C(=O)Nc3ccc(S(=O)(=O)N(C)c4cccc(Cl)c4)cc32)c(C)c1C(=O)N1CCN(C)CC1,0.2169811320754717,0.13353863541677247
./chembl_scaffold/,mol68,-12.09,O=C1[C@@H](NS(=O)(=O)c2ccc3c(Cl)c[nH]c3c2)CCN1c1ccc([C@@H]2CCCN2)cc1F,0.19230769230769232,0.10310962287155312
./chembl_scaffold/,mol558,-11.35,CN1CCN(C(=O)c2cc(Cc3c[nH]c(=O)c4cc(Cl)c(Cl)n34)ccc2F)CC1,0.2,0.11732918165838328
./chembl_scaffold/,mol481,-11.29,O=C1[C@@H](NS(=O)(=O)/C=C/c2ccc(Cl)s2)CCN1c1ccc2c(c1)CNCC2,0.19318181818181818,0.1040958703236778
./chembl_scaffold/,mol401,-12.56,Cc1cc(COC(=O)NCc2ccc(-c3cc(NC(=O)c4ccc(N5CCN(C)CC5)cc4)[nH]n3)cc2)no1,0.24074074074074073,0.14374405286176467
./chembl_scaffold/,mol6,-11.25,O=C(Nc1cccc2c1C(=O)c1c(-c3ccc(C(=O)N4CCCCCC4)s3)n[nH]c1-2)NN1CCOCC1,0.25274725274725274,0.12851046435494562
./chembl_scaffold/,mol1169,-12.4,COc1ccc2c(c1)C(=O)N(C[C@@]1(C#Cc3ccc(C(=O)N4CCN(C5CCCCC5)CC4)cc3)NC(=O)NC1=O)C2,0.24468085106382978,0.12944298759126296
./chembl_scaffold/,mol956,-11.43,Cc1cc(-c2ccc3cc[nH]c3c2)ccc1-n1c(C[C@@H]2CCN(C(=O)C3CC3)C2)n[nH]c1=O,0.26262626262626265,0.1314771420137114
./chembl_scaffold/,mol1115,-13.3,Cc1cc(C(=O)N2CCC3(CC2)CC(=O)c2cc(-c4cn[nH]c4)ccc2O3)cc2cn[nH]c12,0.23076923076923078,0.13363806090286234
./chembl_scaffold/,mol1130,-11.67,[H]/N=C(/N)N1CCC[C@H]1C(=O)Nc1ccc2nc3n(C)c4ccccc4c(C)c-3c2c1,0.2604166666666667,0.14064001435675938
./chembl_scaffold/,mol852,-12.52,O=C(NCc1nc2ccccc2[nH]1)c1ccc(F)c2c(C(=O)C(=O)N3CCN(C(=O)c4ccccc4)CC3)c[nH]c12,0.24742268041237114,0.12080902705079319
./chembl_scaffold/,mol405,-13.11,O=C1[C@@H](NS(=O)(=O)c2ccc3cc(Cl)ccc3c2)CCN1c1ccc2c(c1)CCNC2,0.21176470588235294,0.10956696083898809
./chembl_scaffold/,mol959,-11.38,CC(C)(C)NC(=O)c1ccc(NC(=O)[C@@H]2COc3ccccc3O2)cc1,0.25,0.11269190656635308
./chembl_scaffold/,mol657,-11.18,O=C(N[C@@H]1CCNC[C@H]1F)c1ccc2cc(Oc3ccc(C(F)(F)F)cn3)ccc2n1,0.21052631578947367,0.12196714095047238
./chembl_scaffold/,mol1078,-11.83,C[C@H]1CCCCN1CCNC(=O)c1ccc2c(=O)n(Cc3ccccc3Cl)c(=O)[nH]c2c1,0.2765957446808511,0.15832070698820366
./chembl_scaffold/,mol864,-11.83,O=C(NCCN1CCOCC1)c1cccc(-c2ccc3c(NC(=O)C4CC4)n[nH]c3c2)c1,0.27906976744186046,0.15458111033718247
./chembl_scaffold/,mol1096,-11.73,CNC(=O)c1cc2cc(C(=O)N3CCC4(CC3)CC(=O)c3c(OC)cccc3O4)ccc2[nH]1,0.25,0.13759954683982079
./chembl_scaffold/,mol567,-12.15,COc1cccc(CN2CCC[C@@H](NC(=O)c3ccc4[nH]nc(-c5ccnc(C)c5)c4c3)C2)n1,0.3394495412844037,0.17465761062689872
./chembl_scaffold/,mol510,-12.55,Cc1cc(-c2n[nH]c3ccc(C(=O)N[C@@H]4CCC[C@](O)(CN5C(=O)Cc6ccccc65)C4)cc23)ccn1,0.24299065420560748,0.1399176041992414
./chembl_scaffold/,mol459,-11.58,[H]/N=C(\c1ccc(CN2CCN(S(=O)(=O)c3cc4cc(Cl)ccc4[nH]3)CC2=O)cc1)N1CCC1,0.1794871794871795,0.10819841999676648
./chembl_scaffold/,mol347,-11.42,COc1ccc2c(c1F)C(=O)N(C[C@@]1(C#Cc3ccc(CN4CCN(C5CCCCC5)CC4)cc3)NC(=O)NC1=O)C2,0.23529411764705882,0.12080270910973466
./chembl_scaffold/,mol367,-11.15,NS(=O)(=O)c1ccc2c(c1)/C(=C/c1cn(CCCC(=O)N3CCCCC3)c3ccccc13)C(=O)N2,0.21176470588235294,0.11284960853999992
./chembl_scaffold/,mol783,-11.81,CC1(C)CN(Cc2ccc3cc4c(cc3n2)C[C@@]2(C4)C(=O)Nc3ncccc32)[C@@H](Cc2ccccc2)C(=O)N1,0.22549019607843138,0.12481877754453805
./chembl_scaffold/,mol951,-11.82,COc1ccc(-c2cc(C(N)=O)c3[nH]c4ccc(C(=O)N5CCN(C(=O)C6CC6)CC5)cc4c3c2)cc1F,0.23,0.12129478348743368
./chembl_scaffold/,mol51,-11.39,COc1ccc(C(=O)NC(=O)Nc2ccc3c(c2)NC(=O)/C3=C\c2[nH]c(C)c(CCC(=O)N3CCN(C)CC3)c2C)c(F)c1,0.21929824561403508,0.12470774538947979
./chembl_scaffold/,mol73,-11.04,Cc1c2c3cc(NC(=O)[C@@H]4CCCN4C(=O)[C@@H]4CCCN4)ccc3nc-2n(C)c2ccccc12,0.28421052631578947,0.14732660690573787
./chembl_scaffold/,mol720,-11.3,O=C1c2[nH]nc(NS(=O)(=O)c3cccc4ccccc34)c2CCN1C1CCNCC1,0.2087912087912088,0.12316066676892908
./chembl_scaffold/,mol728,-12.14,O=C(c1cc(Cc2n[nH]c(=O)c3c2CCCC3)ccc1F)N1CCN(CCOc2ccccc2)CC1,0.24347826086956523,0.14624598208988748
./chembl_scaffold/,mol1052,-11.57,O=C(/C=C/c1ccc(CN2CCN(C(=O)c3cc(Cc4n[nH]c(=O)c5ccccc45)ccc3F)CC2)cc1)NO,0.2903225806451613,0.13117669010308344
./chembl_scaffold/,mol192,-11.08,O=C1[C@@H](NS(=O)(=O)/C=C/c2ccc(Cl)s2)CCN1c1cc2c(cc1F)CNCC2,0.18681318681318682,0.10320138730591302
./chembl_scaffold/,mol348,-11.44,CNC(=O)c1cc(NC2(C(=O)Nc3nc4ccc5[nH]ncc5c4s3)CC2)ccc1Cl,0.20618556701030927,0.12053300759511185
./chembl_scaffold/,mol826,-12.39,O=C(NCc1cccc2cc(CN3CC[C@H](O)C3)cnc12)c1ccc(-c2ccc(F)cc2)nc1,0.4222222222222222,0.18079229141189151
./chembl_scaffold/,mol1193,-11.19,Cc1cc(C)cc(CC(=O)N2Cc3[nH]nc(NC(=O)c4ccc(N5CCN(C)CC5)cc4)c3C2)c1,0.24468085106382978,0.1218188902795215
./chembl_scaffold/,mol255,-11.43,O=C(c1cc(Cc2c[nH]c(=O)c3cc(Cl)c(Cl)n23)ccc1F)N1CCCNCC1,0.21621621621621623,0.10674175481728991
./chembl_scaffold/,mol905,-12.39,Cc1c(Cn2ncc(N3CCNCC3)c(Cl)c2=O)cccc1NC(=O)c1ccc(-c2cccc(C(N)=O)c2)cc1,0.3626373626373626,0.16929269304482528
./chembl_scaffold/,mol575,-12.04,[H]/N=C(\N)c1ccc(C[C@H]2NCCn3c2nc2cc(C4(C(=O)N5CCCC5)CC4)ccc23)cc1,0.1941747572815534,0.11034653815613708
./chembl_scaffold/,mol848,-11.06,NC(=S)NC[C@H]1CN(c2ccc(N3CCN(C(=O)/C=C/c4c[nH]c5ccccc45)CC3)c(F)c2)C(=O)O1,0.1834862385321101,0.11247539130623163
./chembl_scaffold/,mol856,-11.33,CN1CCN(CC(=O)Nc2cccc3c2C(=O)c2c(-c4ccc(N5CCOCC5)cc4)n[nH]c2-3)CC1,0.3058823529411765,0.1569576497468278
./chembl_scaffold/,mol24,-12.12,O=C(Nc1cc(Cn2c(=O)[nH]c(=O)c3ccccc32)cnc1F)[C@H]1CCN(C2CCC(F)(F)CC2)C1,0.2653061224489796,0.14384461792092973
./chembl_scaffold/,mol7,-12.27,O=C(Nc1cccc2c1C(=O)c1c(-c3ccc(C(=O)N4CCCCC4)s3)n[nH]c1-2)NN1CCOCC1,0.25274725274725274,0.12851046435494562
./chembl_scaffold/,mol667,-11.52,O=C1CSc2ccc(CNC3CCN(CCc4c(F)cnc5ccc(F)cc45)CC3)nc2N1,0.21428571428571427,0.129520942243382
./chembl_scaffold/,mol1053,-11.36,C[C@@H]1CN(Cc2c[nH]nc2-c2ccc3c(c2)CNC(=O)O3)CCN1c1ccc(Cl)cn1,0.27722772277227725,0.15355337811161554
./chembl_scaffold/,mol270,-12.88,O=C(Cc1ccc(CN2CCN(C(=O)c3cc(Cc4n[nH]c(=O)c5ccccc45)ccc3F)CC2)cc1)NO,0.2608695652173913,0.1338119677564828
./chembl_scaffold/,mol949,-11.14,CCc1ncnc(-c2ccc(C(=O)N3C[C@@H]4CCN[C@@H]4C3)c(F)c2)c1C#Cc1ccc(N)nc1,0.22549019607843138,0.12307589326661109
./chembl_scaffold/,mol1140,-11.37,Cc1cc(-c2n[nH]c3cc(NC(=O)N[C@H]4CN(C)C[C@@H]4C4CCCCC4)ncc23)ccn1,0.22580645161290322,0.12567659863765754
./chembl_scaffold/,mol548,-11.21,O=C(C1CC1)N1CC[C@@H](CN2C(=O)C3(CC3)N=C2c2ccc(-c3cccc4[nH]ncc34)cc2)C1,0.2826086956521739,0.15703244533721464
./chembl_scaffold/,mol1054,-11.14,C[C@H]1CN2CCC[C@H]2CN1C(=O)N1Cc2c(NC(=O)c3cccc(OC(F)(F)F)c3)n[nH]c2C1(C)C,0.2184873949579832,0.13597318953955073
./chembl_scaffold/,mol143,-11.77,Nc1ccccc1NC(=O)c1cnc2c(C3CC3)c(N3CCNCC3)ccc2c1,0.28735632183908044,0.14237575465910016
./chembl_scaffold/,mol576,-12.47,CC(C)(C(=O)NC(N)=O)[C@@H]1c2ccc(-c3ccc(C(=O)N4CCOCC4)cc3)nc2Oc2c(F)cccc21,0.29545454545454547,0.1407918872456077
./chembl_scaffold/,mol1045,-12.31,O=C(Nc1ccc(C2=CCN(C(=O)C3CCOCC3)CC2)nc1)N1Cc2ccccc2C1,0.27586206896551724,0.13238176881536076
./chembl_scaffold/,mol739,-11.27,O=C(N[C@H]1C[C@@H](c2ccccc2F)CN(CC(F)(F)F)C1=O)c1cnc2c(c1)C[C@@]1(C2)C(=O)Nc2ncccc21,0.205607476635514,0.12588150543190904
./chembl_scaffold/,mol750,-11.16,CN1CCC2(CC1)CNC(=O)c1cc(-c3ccnc(-c4cc5ccccc5o4)n3)[nH]c12,0.22916666666666666,0.12983277879828758
./chembl_scaffold/,mol179,-11.3,CS(=O)(=O)NC(=O)c1c[nH]c2cc(Cl)c(-c3ccc(C4(O)CCC4)cc3)cc12,0.20588235294117646,0.12366590513243386
./chembl_scaffold/,mol1122,-12.41,O=C(Nc1ccc2c(S(=O)(=O)c3cccc4ccccc34)n[nH]c2c1)C1CCNCC1,0.20481927710843373,0.12797449197725572
./chembl_scaffold/,mol995,-11.3,CC(C)S(=O)(=O)Nc1cccc(-c2cc(NC(=O)c3ccc(N4CCN(C)CC4)cc3)[nH]n2)c1,0.2553191489361702,0.13840515684553165
./chembl_scaffold/,mol321,-11.85,CCN1CCN(C(=O)c2ccc(C#C[C@]3(CN4Cc5ccc(OC)c(F)c5C4=O)NC(=O)NC3=O)cc2)CC1,0.19047619047619047,0.11098628114591017
./chembl_scaffold/,mol993,-12.83,Nc1nccc(-c2ccc3nc([C@@H]4COc5c(CC(=O)NC6CC6)cccc5C4)[nH]c3c2)n1,0.25,0.15156913268688008
./chembl_scaffold/,mol61,-11.58,Cc1ccc(C(=O)N2CCC3(CC2)OCc2cc(C#N)ccc23)cc1NC(=O)NC1CCNCC1,0.23157894736842105,0.11870370256790382
./chembl_scaffold/,mol681,-11.31,CC1(C)NC[C@@H](c2cc(F)cc(F)c2)N(CC(=O)Nc2ccc3c(c2)C[C@@]2(C3)C(=O)Nc3ncccc32)C1=O,0.19801980198019803,0.12917852547710734
./chembl_scaffold/,mol12,-12.22,CCN1CCCN(C(=O)c2ccc(-c3[nH]nc4c3C(=O)c3c(NC(=O)NN5CCOCC5)cccc3-4)s2)CC1,0.2708333333333333,0.1423680310498563
./chembl_scaffold/,mol126,-12.32,O=C(Cc1ccc(O)c(Cl)c1)N/N=C1\C(=O)Nc2ccc(C(=O)N3CCC(NC4CC4)CC3)c(Cl)c21,0.25925925925925924,0.1296659437341435
./chembl_scaffold/,mol86,-11.77,Cc1cc(-c2n[nH]c3cc(NC(=O)NC[C@H]4CCN(Cc5ccccc5)C4)ncc23)ccn1,0.358695652173913,0.17637666661929563
./chembl_scaffold/,mol854,-11.14,CCC(=O)N1CCN(CCCc2c(/C=C3\C(=O)Nc4ccc(S(=O)(=O)NC)cc43)[nH]c3c2CCCC3)CC1,0.22413793103448276,0.12135186103630255
./chembl_scaffold/,mol267,-11.15,CN1CCCN(C(=O)c2cc(Cc3c[nH]c(=O)c4cc(Cl)c(Cl)n34)ccc2F)CC1,0.19387755102040816,0.11464125049431019
./chembl_scaffold/,mol60,-11.4,O=C(Nc1cccc2c1C(=O)c1c(-c3ccc(C(=O)N4CCCNCC4)s3)n[nH]c1-2)NN1CCOCC1,0.23958333333333334,0.12453388886701722
./chembl_scaffold/,mol577,-11.37,CC(C)(N)C(=O)N[C@H](Cc1c[nH]c2ccccc12)C(=O)N1CCC2(CC1)Cc1ccccc1[C@H]2O,0.2421875,0.1240773863906756
./chembl_scaffold/,mol1108,-12.08,CCc1cc(O)ccc1-c1ccc2c(-c3nc4c([nH]3)CN(S(C)(=O)=O)CC4)n[nH]c2c1,0.23157894736842105,0.13043506978242927
./chembl_scaffold/,mol654,-11.66,O=C(C1CC1)N1CC[C@@H](CN2C(=O)C3(CC3)N=C2c2ccc(-c3ccc4[nH]ncc4c3)cc2)C1,0.24468085106382978,0.13047442064344636
./chembl_scaffold/,mol726,-11.03,CN1[C@@H](Cc2c[nH]c3ccc(-n4cnnc4)cc23)C[C@@H]2CN(CCc3cccc(F)c3)C[C@@H]21,0.17307692307692307,0.11066405559907642
./chembl_scaffold/,mol1010,-11.41,Cc1cc2c(cc1O)CC[C@](C)(COc1ccc(C[C@@H]3SC(=O)NC3=O)cc1)O2,0.20454545454545456,0.12529360558496364
./chembl_scaffold/,mol972,-11.41,Cc1cnc2[nH]cc(-c3ncc(F)c(N[C@H]4CCC[C@@H](NC(=O)N5CCOCC5)C4)n3)c2c1,0.297029702970297,0.13464594013207132
./chembl_scaffold/,mol791,-13.21,O=C(c1cc(Cc2n[nH]c(=O)c3ccccc23)cc(F)c1F)N1CCN(C2CCCCC2)CC1,0.23157894736842105,0.12706327918880617
./chembl_scaffold/,mol1018,-11.2,[H]/N=C(/N)Nc1ccc(CCC(=O)Nc2ccc3c(C)cc(=O)oc3c2)cc1,0.20689655172413793,0.11102244269223582
./chembl_scaffold/,mol992,-12.11,[H]/N=C(\N)c1ccc(C[C@H]2NCCn3c2nc2cc(C4(C(=O)N5CCCC5)CCC4)ccc23)cc1,0.19230769230769232,0.10933653819995218
./chembl_scaffold/,mol969,-11.11,Cc1c2c3cc(NC(=O)[C@@H]4CCCN4C(=O)CN)ccc3nc-2n(C)c2ccccc12,0.27956989247311825,0.15079172350234982
./chembl_scaffold/,mol1148,-11.86,O=C(C[C@@H]1CCOC1)Nc1ccc(NC(=O)N2Cc3ccc(CO)cc3C2)cc1,0.23170731707317074,0.12368665037980035
./chembl_scaffold/,mol614,-11.03,NC(=O)c1ccc2cc([C@@]3(O)CCn4cncc43)ccc2c1,0.1951219512195122,0.10974480604810605
./chembl_scaffold/,mol879,-11.04,O=C(Nc1ccc(C2=CCN(C(=O)C3CCOCC3)CC2)nc1)N1Cc2ccncc2C1,0.25773195876288657,0.11887668692638854
./chembl_scaffold/,mol1121,-11.42,Cc1ccc(C)c(CC(=O)N2Cc3[nH]nc(NC(=O)c4ccc(N5CCN(C)CC5)cc4)c3C2)c1,0.22448979591836735,0.11862154856735903
./chembl_scaffold/,mol520,-11.41,CC(C)[C@@H](NC(=O)c1ccc(-c2ccc(CSc3nc4c(c(=O)[nH]3)CCC4)c(F)c2)o1)C(=O)NC1CNC1,0.21014492753623187,0.13278549538931728
./chembl_scaffold/,mol612,-12.37,COc1ccc2c(c1)C(=O)N(C[C@@]1(C#Cc3ccc(C(=O)N4CCC(N5CCCCC5)CC4)cc3)NC(=O)NC1=O)C2,0.2857142857142857,0.1286296952822624
./chembl_scaffold/,mol605,-11.06,Cc1[nH]c(/C=C2\C(=O)Nc3ccc(-c4cnn(-c5ccccn5)c4)cc32)c(C)c1C(=O)N1CCN(C)CC1,0.2524271844660194,0.1415356630323287
./chembl_scaffold/,mol534,-11.22,CN(C(=O)c1ccccc1)c1ccc2c(c1)[nH]/c(=N\C(=O)c1ccc(-c3csc(N)n3)s1)n2CCC(N)=O,0.19801980198019803,0.10906919957213505
./chembl_scaffold/,mol194,-11.37,C[C@@H](Oc1cc(-c2cnc3ccccn23)sc1C(N)=O)c1ccc(CN2CCNC(=O)C2)cc1Cl,0.31,0.14985477002148082
./chembl_scaffold/,mol412,-13.34,CN[C@@H]1CCc2cc(N3CC[C@H](NS(=O)(=O)c4ccc5cc(Cl)ccc5c4)C3=O)ccc21,0.19672131147540983,0.1247910843030069
./chembl_scaffold/,mol233,-13.14,O=C(c1cc(Cc2n[nH]c(=O)c3c2CCCC3)ccc1F)N1CCN(Cc2cccc(Cl)c2)CC1,0.2777777777777778,0.15057200354858744
./chembl_scaffold/,mol393,-11.74,Cc1ccc(NC(=O)c2ccc3c(c2)CC[C@@H]2[C@@H]3[C@@H](O)C[C@]3(C)[C@@H](O)CC[C@@H]23)cn1,0.2391304347826087,0.12733540645990044
./chembl_scaffold/,mol898,-11.78,Cc1ccc(C(=O)Nc2ccc(CN3CCN(C)CC3)c(C(F)(F)F)c2)cc1C#Cc1cnc2[nH]c(=O)[nH]c2c1,0.26595744680851063,0.13593486016247477
./chembl_scaffold/,mol19,-11.16,O=C(Nc1nc2cc(Cl)cc(CN3CCOCC3)c2[nH]1)c1ccc2cc3n(c2c1)CCCNC3=O,0.2978723404255319,0.13508250848203895
./chembl_scaffold/,mol478,-11.04,O=C1c2cc(-c3ccnc(NC4CCOCC4)n3)[nH]c2CCN1[C@H](CO)c1ccccc1,0.3020833333333333,0.15789820837185276
./chembl_scaffold/,mol989,-11.27,O=C(Nc1nc2cc([C@]3(O)c4ccccc4C(=O)N3Cc3ccccc3)ccc2[nH]1)OCC1CCNCC1,0.24786324786324787,0.17221376777250477
./chembl_scaffold/,mol1070,-11.2,CN1CCN(C(=O)c2cccc(/C=c3\[nH]c(=O)/c(=C/c4nc[nH]c4C(C)(C)C)[nH]c3=O)c2)CC1,0.24705882352941178,0.12274075590637863
./chembl_scaffold/,mol984,-11.48,Nc1ncc(C2CCOCC2)cc1-c1ccc(C(=O)N[C@H](CO)c2ccccc2)cc1F,0.28888888888888886,0.1465175557113209
./chembl_scaffold/,mol581,-11.16,CN1C(=O)NC(=O)[C@]12Cc1ccc(NC(=O)CN(Cc3cccc(F)c3)C(=O)C(C)(C)C)cc1C2,0.20618556701030927,0.12288399928009605
./chembl_scaffold/,mol185,-11.35,O=C1c2cc(-c3ccnc(NC4CCOCC4)n3)[nH]c2CCN1[C@H](CO)c1ccc(Cl)c(F)c1,0.24528301886792453,0.1481131183408314
./chembl_scaffold/,mol28,-11.49,O=C(Nc1cccc2c1C(=O)c1c(-c3ccc(C(=O)N4CCNCC4)s3)n[nH]c1-2)NN1CCOCC1,0.25,0.12744882984141925
./chembl_scaffold/,mol250,-11.01,CCCO[C@H]1CCN(C(=O)Cc2cc([C@H]3NC(=O)NC(C)=C3C(=O)Nc3ccc4[nH]ncc4c3)ccc2F)C1,0.22727272727272727,0.136118712418222
./chembl_scaffold/,mol65,-11.38,CN1CCc2nc(C(=O)N[C@@H]3CCCC[C@H]3NC(=O)c3cc4cc(Cl)ccc4[nH]3)sc2C1,0.3655913978494624,0.1362762962448405
./chembl_scaffold/,mol18,-11.47,[H]/N=C1/N[C@](C)(c2sc(-c3nnc(C4Cc5ccccc5C4)o3)cc2Cl)CS(=O)(=O)N1C,0.19827586206896552,0.11689799629755271
./chembl_scaffold/,mol64,-11.42,O=C1[C@@H](NS(=O)(=O)/C=C/c2ccc(Cl)s2)CCN1c1ccc2c(c1F)CCCNC2,0.1702127659574468,0.09892181909768914
./chembl_scaffold/,mol195,-12.29,O=C1[C@@H](NS(=O)(=O)c2ccc3cc(Cl)ccc3c2)CCN1c1ccc2c(c1F)CCCNC2,0.18604651162790697,0.1098362488958378
./chembl_scaffold/,mol1036,-11.1,O=C(c1cc(Cc2n[nH]c(=O)c3ccccc23)ccc1F)N1CCCN(CCO)CC1,0.24444444444444444,0.12694011893213367
./chembl_scaffold/,mol115,-11.24,Cc1cc(C)c(CNC(=O)c2cc(-c3ccc(CN4CCOCC4)cc3)cc3c2CCN3C2CCOCC2)c(=O)[nH]1,0.2857142857142857,0.14946179704086138
./chembl_scaffold/,mol1069,-11.56,[H]/N=C(/N)c1ccc(C[C@H]2NCCn3c2nc2cc(C(C)(C)C(=O)N4CCCCC4)ccc23)cc1,0.20388349514563106,0.11663695793517029
./chembl_scaffold/,mol360,-11.25,[H]/N=C1/N[C@@]2(c3cc(NC(=O)c4ncc(Cl)cc4F)ccc3F)CCC[C@H]2S(=O)(=O)N1C,0.2079207920792079,0.12775538223879496
./chembl_scaffold/,mol13,-11.21,CC1=C(C(=O)Nc2ccc3[nH]ncc3c2)[C@H](c2ccc(F)c(CC(=O)N3CC[C@@H]4CC[C@H](C3)N4C)c2)NC(=O)N1,0.21495327102803738,0.13844012212559856
./chembl_scaffold/,mol771,-11.25,[H]/N=C(/N)c1cccc(Oc2nc(Oc3cccc(C(=O)N4CCN(C)CC4)c3)c(F)c(C)c2F)c1,0.26506024096385544,0.14124544465785416
./chembl_scaffold/,mol1073,-11.6,Cc1cc(=O)[nH]c2cc(-c3ccc(C(=O)NCCN4CCOCC4)cc3Cl)ccc12,0.3411764705882353,0.15545800803583706
./chembl_scaffold/,mol323,-11.05,O=C1c2[nH]nc(NS(=O)(=O)c3cccc4ccccc34)c2CCN1CC1CCNCC1,0.20212765957446807,0.12961240553644077
./chembl_scaffold/,mol559,-11.27,CNC(=O)c1ncc(C#Cc2cc(C(=O)Nc3ccc(CN4CCN(C)CC4)c(C(F)(F)F)c3)ccc2C)n1C,0.2777777777777778,0.13361782431890604
./chembl_scaffold/,mol666,-11.07,CN1CCC(n2c(NC(=O)c3ccc4cc5n(c4c3)CCCNC5=O)nc3ccccc32)CC1,0.23469387755102042,0.13540241714299825
./chembl_scaffold/,mol789,-11.36,C[C@@H]1CN(Cc2c[nH]nc2/C=C2\NC(=S)NC2=O)CCN1c1ccc(C(F)(F)F)cn1,0.21296296296296297,0.12396635939361193
./chembl_scaffold/,mol644,-13.13,O=C(c1cc(Cc2n[nH]c(=O)c3ccccc23)cc(F)c1F)N1CCN(Cc2cccnc2)CC1,0.24731182795698925,0.12914752500273896
./chembl_scaffold/,mol285,-11.84,[H]/N=C(\c1ccc(CN2CCN(S(=O)(=O)c3cc4cc(Cl)ccc4[nH]3)CC2=O)cc1)N1CCCC1,0.1794871794871795,0.10877294501904468
./chembl_scaffold/,mol78,-12.5,O=C1[C@@H](NS(=O)(=O)c2ccc3c(Cl)c[nH]c3c2)CCN1c1ccc2c(c1F)CCNC2,0.18627450980392157,0.10696355385101511
./chembl_scaffold/,mol1155,-11.9,CN1C[C@@H](NC(=O)Nc2cc3[nH]nc(-c4ccc(F)cc4)c3cn2)[C@H](c2ccccc2)C12COC2,0.2222222222222222,0.14106790897704066
./chembl_scaffold/,mol307,-11.23,O=C(CN1CCC(O)CC1)Nc1cccc2c1C(=O)c1c(-c3ccc(N4CCOCC4)cc3)n[nH]c1-2,0.3,0.1592220221409692
./chembl_scaffold/,mol1167,-11.54,NC(=O)c1ccc2c(c1)CCO[C@@H]2CCN1CC[C@@H](c2c[nH]c3cc(F)ccc23)C1,0.21649484536082475,0.12329157406087227
./chembl_scaffold/,mol282,-11.47,CN1C=C(C(=O)NCCCN2CCC(C#N)(c3ccc(F)cc3)CC2)[C@@H](c2ccc(F)c(F)c2)NC1=O,0.1937984496124031,0.12462461153114475
./chembl_scaffold/,mol786,-11.72,O=C1NC[C@@]2(CCCNC2)c2[nH]c(-c3ccnc(-c4cc5ccccc5o4)n3)cc21,0.20224719101123595,0.12093970456424379
./chembl_scaffold/,mol999,-12.11,O=C(Nc1ccc(C2=CCN(C(=O)[C@@H]3CCOC3)CC2)cn1)N1Cc2ccccc2C1,0.2696629213483146,0.13368497563079076
./chembl_scaffold/,mol1020,-11.05,CCN1CCN(Cc2ccc(C#C[C@]3(CN4Cc5ccc(OC)c(F)c5C4=O)NC(=O)NC3=O)cc2)CC1,0.2268041237113402,0.11518308500567144
./chembl_scaffold/,mol584,-11.91,O=C1COc2ccc(-c3ccc(N4C[C@H](CNC(=O)C5CC5)OC4=O)cc3F)cc2N1,0.2621359223300971,0.12959489384016123
./chembl_scaffold/,mol34,-11.78,O=C(c1cc(Cc2c[nH]c(=O)c3cc(Cl)c(Cl)n23)ccc1F)N1CCC2(CC1)NCNC2=O,0.18627450980392157,0.10412924045995886
./chembl_scaffold/,mol580,-12.35,O=C1Nc2ccc(-c3csc(-c4ccccc4)n3)cc2/C1=C/c1ccc(C(=O)NCCN2CCOCC2)c(=O)[nH]1,0.2641509433962264,0.1469739770153098
./chembl_scaffold/,mol291,-11.21,CN1CCN(C(=O)c2ccc(NC(=O)c3csc4c(=O)[nH]cnc34)c(C3CCCCC3)c2)CC1,0.26881720430107525,0.12267921471155947
./chembl_scaffold/,mol738,-11.69,O=C(NCCN1CCN(c2ccncc2)CC1)c1ccc2[nH]c(=O)c3c(c2c1)CCSC3,0.22340425531914893,0.11470828269069883
./chembl_scaffold/,mol954,-11.87,C[C@H](CNC(=O)c1ccc(CN2CCN(C)CC2)cc1)Cc1ccc2cc(NC(=O)C3CC3)ncc2c1,0.3068181818181818,0.15693781187060582
./chembl_scaffold/,mol979,-12.51,C[C@@H]1CN(Cc2c[nH]nc2-c2ccc3oc(=O)[nH]c(=O)c3c2)CCN1c1ccc(C(F)(F)F)cn1,0.2616822429906542,0.13678808281873464
./chembl_scaffold/,mol990,-11.73,[H]/N=C1\N[C@](C)(c2sc3c(-c4ccc(C5CC5)nc4)cccc3c2F)CS(=O)(=O)N1C,0.21212121212121213,0.14064544704976709
./chembl_scaffold/,mol598,-11.06,CCN1CCC2(CC1)CNC(=O)c1cc(-c3ccnc(-c4cc5ccccc5o4)n3)[nH]c12,0.24175824175824176,0.13910694092737066
./chembl_scaffold/,mol36,-11.48,NC(=O)N1CCc2c(c(-c3ccc(Cl)c(C#Cc4ccc(C(=O)NC[C@@H]5CCCN5)cc4)c3)nn2CCCN2CCSCC2)C1,0.20422535211267606,0.12543135869654368
./chembl_scaffold/,mol491,-11.34,C[C@H](NC(=O)N1CCc2cnc(NC3CCOCC3)nc2C1)c1ccc2cc[nH]c2c1,0.25961538461538464,0.1365408728693937
./chembl_scaffold/,mol793,-11.49,CN1C[C@H](c2cccc(F)c2F)CC[C@@H](NC(=O)c2ccc3c(c2)C[C@@]2(C3)C(=O)Nc3ncccc32)C1=O,0.22,0.13023845472454434
./chembl_scaffold/,mol692,-11.84,CC(C)(C(=O)NC(N)=O)[C@H]1c2ccccc2Oc2nc(-c3ccc(C(=O)N4CCOCC4)cc3)ccc21,0.3058823529411765,0.14180052315095432
./chembl_scaffold/,mol715,-11.34,O=S(=O)(NCCCN1CCOCC1)c1ccc2c(c1)Cc1c-2nc(O)c2ccccc12,0.29896907216494845,0.14514961720183114
./chembl_scaffold/,mol80,-11.3,O=C1[C@@H](NS(=O)(=O)/C=C/c2ccc(Cl)s2)CCN1c1ccc2c(c1F)CCNC2,0.18681318681318682,0.09905513543021709
./chembl_scaffold/,mol54,-11.16,O=C(Cc1ccc(F)cc1)N/N=C1\C(=O)Nc2ccc(C(=O)N3CCC(NC4CC4)CC3)c(Cl)c21,0.22641509433962265,0.12289001508062534
./chembl_scaffold/,mol138,-11.32,CN(C[C@@H](O)CN1CCC(Oc2ccc(Cl)c(Cl)c2)CC1)C(=O)c1c[nH]c(=O)c2ccccc12,0.25263157894736843,0.13966604216300998
./chembl_scaffold/,mol1006,-11.64,O=C(N[C@@H]1COCCN(CCc2cccc(F)c2)C1)c1ccc2[nH]nc(-c3ccncc3)c2c1,0.25274725274725274,0.1416829690848449
./chembl_scaffold/,mol525,-11.11,[H]/N=C(/C)N1CCC(N(CC(N)=O)c2ccc3c(c2)nc(C)n3Cc2ccc3ccc(/C(N)=N\[H])cc3c2)CC1,0.20952380952380953,0.12234312509611155
./chembl_scaffold/,mol231,-11.67,O=C1O[C@@H](CNC(=S)Nc2cccc(C(F)(F)F)c2)CN1c1ccc(N2CC3(COC3)C2)c(F)c1,0.22,0.11562106877399383
./chembl_scaffold/,mol782,-11.82,NC(=O)c1ccc(F)c2c1C[C@@H](NC[C@H]1CCc3[nH]c4ccc(F)cc4c3C1)CO2,0.21212121212121213,0.11081769930760603
./chembl_scaffold/,mol105,-12.13,O=C1NCCN(Cc2cnc3cc4c(cc3c2)C[C@@]2(C4)C(=O)Nc3ncccc32)[C@@H]1c1ccc(F)cc1,0.21495327102803738,0.12200171822786121
./chembl_scaffold/,mol232,-11.19,Nc1ccc(F)cc1NC(=O)c1cnc2c(C3CC3)c(N3CCNCC3)ccc2c1,0.25,0.12767589095091908
./chembl_scaffold/,mol1158,-11.07,COc1ccc(F)cc1-c1ccnc2[nH]c(C3=CCN(CC(=O)N4CCC[C@H]4C(N)=O)CC3)cc12,0.2621359223300971,0.1516717640305704
./chembl_scaffold/,mol353,-11.03,CCN1CCN(Cc2ccc(C#C[C@]3(CN4Cc5ccc(OC)c(F)c5C4=O)NC(=O)NC3=O)cc2F)CC1,0.22,0.11589350731104217
./chembl_scaffold/,mol403,-12.22,COCC(=O)N1CCN(Cc2ccc3[nH]c(-c4cc5cc(-c6cn[nH]c6)ccc5[nH]c4=O)cc3c2)CC1,0.2826086956521739,0.15353655714627454
./chembl_scaffold/,mol546,-11.2,Nc1ccccc1NC(=O)c1ccc(NC(=O)NCc2ccc(Cl)nc2)cc1,0.3582089552238806,0.14178344475248644
./chembl_scaffold/,mol837,-12.6,O=C(Nc1ccc(C2=CCN(C(=O)[C@@H]3COCCO3)CC2)cn1)N1Cc2ccccc2C1,0.24444444444444444,0.1261376410264988
./chembl_scaffold/,mol162,-13.47,O=C(CN1C(=O)C2(CCCC2)NC[C@H]1c1cc(F)cc(F)c1)Nc1ccc2c(c1)C[C@@]1(C2)N=C(c2ccccc2)NC1=O,0.21,0.13102140322136419
./chembl_scaffold/,mol402,-11.29,O=C(N[C@@H]1Cc2ccc(CN3CCCCCC3)cc2C1)c1ccc(OC[C@@H]2CCCO2)cn1,0.3132530120481928,0.15574610377474996
./chembl_scaffold/,mol95,-11.48,Cc1c(Cc2ccc(F)c(C(=O)N3CCN(C(=O)[C@]4(Cc5ccc(F)cc5)CCCN4)CC3)c2)n[nH]c(=O)c1C,0.21,0.11816802834620468
./chembl_scaffold/,mol355,-13.69,O=C1[C@@H](NS(=O)(=O)c2ccc3cc(Cl)ccc3c2)CCN1c1cc2c(cc1F)CNCC2,0.20454545454545456,0.10868719991701012
./chembl_scaffold/,mol629,-11.56,O=C1NC=C(C(=O)NCCCN2CCC(O)(c3ccc(F)cc3)CC2)[C@@H](c2ccc(F)c(F)c2)N1,0.18556701030927836,0.1118665402704491
./chembl_scaffold/,mol180,-11.54,O=C(NCCN1CCOCC1)Nc1cccc(-c2ccc3nc(NC(=O)C4CC4)sc3n2)c1,0.28431372549019607,0.1567314885328046
./chembl_scaffold/,mol171,-11.08,Cc1cc(C)c(CNC(=O)c2cc(-c3ccc(N4CCNCC4)nc3)cc3c2[C@H](C)CN3C(C)C)c(=O)[nH]1,0.22115384615384615,0.1351812647432104
./chembl_scaffold/,mol361,-11.32,CC(=O)Oc1cc2c(cc1C)O[C@@](C)(COc1ccc(C[C@H]3SC(N)=NC3=O)cc1)CC2,0.23958333333333334,0.13416436710884913
./chembl_scaffold/,mol1009,-12.45,CCc1cc(O)ccc1-c1ccc2c(-c3nc4c([nH]3)C[C@@H](C(=O)N3CC(N(C)C)C3)N(C(C)C)C4)n[nH]c2c1,0.1896551724137931,0.1285430487654069
./chembl_scaffold/,mol521,-12.33,O=C1COc2ccc(-c3ccc(N4C[C@H](CNC(=O)C5CCC5)OC4=O)cc3F)cc2N1,0.2571428571428571,0.12867707791287608
./chembl_scaffold/,mol1103,-11.67,CN1CCN(c2ccc3nc(-c4ccc5nc(-c6ccc(OCCOCCO)cc6)[nH]c5c4)[nH]c3c2)CC1,0.23255813953488372,0.12301510824607148
./chembl_scaffold/,mol494,-11.91,O=C(N[C@H]1C[C@@H](c2c(F)cccc2Cl)CN(CC(F)(F)F)C1=O)c1cnc2c(c1)C[C@@]1(C2)C(=O)Nc2ncccc21,0.20909090909090908,0.13802117140286818
./chembl_scaffold/,mol229,-11.3,O=C(N[C@H]1C[C@@H](c2cccc(F)c2F)CN(CC2CCC2)C1=O)c1cnc2c(c1)C[C@@]1(C2)C(=O)Nc2ncccc21,0.20869565217391303,0.13164226938344978
./chembl_scaffold/,mol292,-12.06,[H]/N=C(\c1ccc(CN2CCN(S(=O)(=O)c3cc4cc(Cl)ccc4[nH]3)CC2=O)cc1)N1CCCCC1,0.17796610169491525,0.10789649946454284
./chembl_scaffold/,mol362,-11.94,Cc1[nH]c2ccccc2c1CC(=O)N1Cc2[nH]nc(NC(=O)c3ccc(N4CCN(C)CC4)cc3)c2C1,0.22772277227722773,0.11733988701399227
./chembl_scaffold/,mol701,-12.64,O=C(CN1CCN(C(=O)c2cc(Cc3n[nH]c(=O)c4c3CCCC4)ccc2F)CC1)N1CCCC1,0.20652173913043478,0.11801428570762958
./chembl_scaffold/,mol359,-11.35,O=C1c2[nH]nc(NS(=O)(=O)c3ccc4ccccc4c3)c2CCN1CC1CCNCC1,0.1919191919191919,0.12466430643998053
./chembl_scaffold/,mol894,-11.43,CN1CCN(CCCOc2cccc(CC(=O)Nc3nc(-c4c[nH]c5ncccc45)cs3)c2)CC1,0.2892561983471074,0.15804155424709762
./chembl_scaffold/,mol712,-11.19,CC1(C)N=C(c2ccc(-c3nc4ccccc4[nH]3)cc2)N(C[C@@H]2CCN(C(=O)C3CC3)C2)C1=O,0.2717391304347826,0.14514326946770842
./chembl_scaffold/,mol216,-11.67,CC(C)(O)[C@@H]1Cc2cc3c(cc2O1)O[C@H](c1ccc(O)cc1)CC3=O,0.38235294117647056,0.11012626929991211
./chembl_scaffold/,mol394,-11.13,CC(C)(N)C(=O)N[C@H](Cc1c[nH]c2ccccc12)C(=O)N1CCC2(CC1)Cc1ccccc1C2=O,0.234375,0.1365795484624971
./chembl_scaffold/,mol117,-13.45,O=C1[C@@H](NS(=O)(=O)c2ccc3cc(Cl)ccc3c2)CCN1c1ccc2c(c1F)CCNC2,0.20224719101123595,0.11014352356169525
./chembl_scaffold/,mol883,-12.69,O=C(Nc1ccc(C2=CCN(C(=O)C3CCOCC3)CC2)cn1)N1Cc2ccccc2C1,0.29069767441860467,0.1348923192808929
./chembl_scaffold/,mol506,-11.6,O=S(=O)(Nc1ncns1)N1CCc2c(cccc2-c2cccc3c2CCNC3)C1,0.24324324324324326,0.12741730632887016
./chembl_scaffold/,mol922,-12.04,O=C(NC[C@H]1CCC2(CCNCC2)CO1)c1ccc(NC(=O)N2Cc3ccncc3C2)cc1,0.23404255319148937,0.12516335040928653
./chembl_scaffold/,mol174,-13.53,N[C@H]1CCc2cc(N3CC[C@H](NS(=O)(=O)c4ccc5cc(Cl)ccc5c4)C3=O)ccc21,0.1836734693877551,0.1172866410978729
./chembl_scaffold/,mol309,-12.16,O=C(CN1C(=O)C2(CCCC2)NC[C@H]1c1cc(F)cc(F)c1)Nc1ccc2c(c1)C[C@@]1(C2)C(=O)Nc2ncccc21,0.18269230769230768,0.12214207481860746
./chembl_scaffold/,mol787,-11.76,Nc1ccccc1NC(=O)c1cc2ccc(N3CCNCC3)c(C3CC3)c2cn1,0.35802469135802467,0.14854791714352625
./chembl_scaffold/,mol978,-11.46,C[C@H]1CN(Cc2c[nH]nc2-c2ccc3oc(=O)[nH]c(=O)c3c2)CCN1c1ccc(C(F)(F)F)cn1,0.2616822429906542,0.13678808281873464
./chembl_scaffold/,mol885,-12.21,O=C1[C@@H](NS(=O)(=O)c2ccc3cc[nH]c3c2)CCN1c1ccc([C@@H]2CCCN2)cc1F,0.21212121212121213,0.09652373380430944
./chembl_scaffold/,mol675,-11.23,Cc1ccc(C(=O)Nc2ccc(CN3CCN(C)CC3)c(C(F)(F)F)c2)cc1C#Cc1ccc(C(N)=O)nc1,0.3068181818181818,0.13610785882318177
./chembl_scaffold/,mol651,-13.47,O=C(c1cc(Cc2n[nH]c(=O)c3ccccc23)cc(F)c1F)N1CCN(C2CCCC2)CC1,0.23404255319148937,0.12815781951584537
./chembl_scaffold/,mol133,-11.41,Cc1c(Cc2ccc(F)c(C(=O)N3CCN(C(=O)[C@@]4(Cc5ccccc5)CCCN4)CC3)c2)n[nH]c(=O)c1C,0.24489795918367346,0.13431084392123582
./chembl_scaffold/,mol351,-12.13,CS(=O)(=O)Nc1ccc2c3c(ccc2c1)O[C@H](c1cc(F)c(F)cc1F)[C@@H](N)C3,0.1935483870967742,0.10952662184902995
./chembl_scaffold/,mol90,-11.88,Cc1cccc(C)c1-c1ccc(C(=O)Nc2ncc(CN3CCN(C)CC3)[nH]2)c2nccnc12,0.35064935064935066,0.15968651728242492
./chembl_scaffold/,mol1039,-11.03,[H]/N=C(\c1ccc(C(=O)Nc2ccc3c(c2)C[C@@H](CC(=O)O)CC3)cc1)N1CCOCC1,0.23255813953488372,0.12137527992260055
./chembl_scaffold/,mol331,-11.66,CN1CCN(c2ccc3cc(C(=O)Nc4ccc(F)cc4N)cnc3c2C2CC2)CC1,0.26373626373626374,0.13279882243972507
./chembl_scaffold/,mol1206,-12.09,O=C(CC1CCOCC1)Nc1ccc(NC(=O)N2Cc3ccc(CO)cc3C2)cc1,0.2345679012345679,0.12471365822710767
./chembl_scaffold/,mol376,-11.08,CN1CCN(Cc2ccc(C(=O)Nc3sc(-c4ccncc4Br)nc3C(N)=O)cc2)CC1,0.27956989247311825,0.14450192150500518
./chembl_scaffold/,mol917,-12.15,O=C(Nc1ccc(C2=CCN(C(=O)[C@H]3CCOC3)CC2)nc1)N1Cc2ccncc2C1,0.2653061224489796,0.11803674624704975
./chembl_scaffold/,mol900,-12.45,O=C(NC[C@H]1CCC2(CCNCC2)CO1)c1ccc(NC(=O)N2Cc3ccccc3C2)cc1,0.21978021978021978,0.12728353190581002
./chembl_scaffold/,mol2,-12.38,O=C(NCc1cccc(C(=O)Nc2nc3c(s2)C[C@@H](N2CCOCC2)CC3)c1)c1cccc(-c2cn[nH]c2)c1,0.27722772277227725,0.1611313938036661
./chembl_scaffold/,mol1145,-11.07,CN1CC[C@@H](CNC(=O)Nc2cc3[nH]nc(-c4ccc(F)cc4)c3cn2)C1,0.29213483146067415,0.14866963583709275
./chembl_scaffold/,mol1187,-11.17,[H]/N=C(/N)c1ccc(C[C@@H]2NCCn3c2nc2cc(C4(C(=O)N5CCCC5)CCCC4)ccc23)cc1,0.19230769230769232,0.10964147870859382
./chembl_scaffold/,mol191,-13.28,O=C1[C@@H](NS(=O)(=O)c2ccc3cc(Cl)ccc3c2)CCN1c1ccc2c(c1)CNCC2,0.21176470588235294,0.10974446264871157
./chembl_scaffold/,mol420,-11.2,O=C1[C@@H](NS(=O)(=O)/C=C/c2ccc(Cl)s2)CCN1c1ccc([C@H]2CCCN2)cc1F,0.1893939393939394,0.10077058479628072
./chembl_scaffold/,mol845,-11.73,CN1CCN(C(=O)c2ccc3c(c2)[nH]c2c(C(N)=O)cc(-c4ccc(Cl)nc4)cc23)CC1,0.2413793103448276,0.12575714355902942
./chembl_scaffold/,mol211,-13.13,O=C(c1cc(Cc2n[nH]c(=O)c3c2CCCC3)ccc1F)N1CCN(Cc2ccccc2Cl)CC1,0.25806451612903225,0.15201525617096098
./chembl_scaffold/,mol694,-12.19,O=C(NC[C@@H](O)CN1CCC(Oc2ccc(Cl)c(Cl)c2)CC1)c1cc(=O)[nH]c2ccccc12,0.25961538461538464,0.1432234260583613
./chembl_scaffold/,mol757,-12.04,NC(=O)[C@@H]1CCCN1C[C@@H]1Cc2cccc3c(C4=C(c5c[nH]c6cc(F)ccc56)C(=O)NC4=O)cn(c23)C1,0.2828282828282828,0.12540785009104788
./chembl_scaffold/,mol109,-11.79,O=C(Cc1ccc(O)cc1)N/N=C1\C(=O)Nc2ccc(C(=O)N3CCC(NC4CC4)CC3)c(Cl)c21,0.22857142857142856,0.12388889971230892
./chembl_scaffold/,mol290,-11.18,COc1ccc(F)cc1-c1ccnc2[nH]c(C3CCN(C(=O)CN[C@H]4CC[C@H](O)CC4)CC3)cc12,0.336734693877551,0.158145429432052
./chembl_scaffold/,mol378,-11.44,CN1CCC(Nc2ccc3c(c2)/C(=C/c2cc4c([nH]2)CCN(C(=O)N2CCOCC2)C4)C(=O)N3)CC1,0.21100917431192662,0.11977802325492679
./chembl_scaffold/,mol371,-11.46,CN1C(=O)NC(=O)[C@]12Cc1cc3ccc(CN4CCC(Cc5ccccc5)CC4)nc3cc1C2,0.25274725274725274,0.14006342883460082
./chembl_scaffold/,mol1032,-11.6,O=C(NCCN1CCC(n2c(=O)[nH]c3ccccc32)CC1)c1cc2cc(F)ccc2[nH]1,0.20430107526881722,0.13218468882043596
./chembl_scaffold/,mol600,-12.44,CN1C(=O)C=C2C=C(S(=O)(=O)Nc3ccc(C(=O)N4CCC(O)(Cc5ccccc5)CC4)cc3)C=C[C@H]21,0.24,0.1193483217303366
./chembl_scaffold/,mol744,-11.28,CN(C(=O)c1ccccc1)c1ccc2c(c1)[nH]/c(=N\C(=O)c1ccc(N3CCCCC3)s1)n2CCC(N)=O,0.18446601941747573,0.10865499564926889
./chembl_scaffold/,mol619,-11.41,Cc1cc(OCC#CC(C)(C)O)cnc1C(=O)Nc1ccc(F)c([C@@]2(C)N=C(N)O[C@H]3C[C@H]32)c1,0.20388349514563106,0.12149661817408634
./chembl_scaffold/,mol417,-11.13,Cc1cc(C#N)cc2nc(-c3ccc(NC(=O)CN4CCNCC4)cc3)oc12,0.3522727272727273,0.15251145600590277
./chembl_scaffold/,mol39,-12.69,O=C1[C@@H](NS(=O)(=O)c2ccc3c(Cl)c[nH]c3c2)CCN1c1cc2c(cc1F)CNCC2,0.18811881188118812,0.10552777140096528
./chembl_scaffold/,mol1180,-11.57,O=C1CCc2cc(CO)c(OCCCN3CCN(c4cccc5sccc45)CC3)cc2N1,0.24786324786324787,0.1338661976047569
./chembl_scaffold/,mol219,-11.62,C[C@@]1(c2cc(F)cc(F)c2)CNC2(CCCC2)C(=O)N1CC(=O)Nc1ccc2c(c1)C[C@@]1(C2)C(=O)Nc2ncccc21,0.18309859154929578,0.12273500775736522
./chembl_scaffold/,mol311,-12.5,CN(C)[C@H]1CCc2cc(N3CC[C@H](NS(=O)(=O)c4ccc5c(Cl)c[nH]c5c4)C3=O)ccc21,0.1941747572815534,0.12141383083505712
./chembl_scaffold/,mol926,-11.98,CC(=O)Nc1nc2ccc(NC(=O)Nc3ccc(C(=O)N4CCN(C)CC4)cc3)cc2s1,0.25882352941176473,0.11906716610228464
./chembl_scaffold/,mol519,-11.28,CC(=O)c1ccc(-c2ccc3c4c(ccc3c2)O[C@H](CNC(=O)[C@@H](C)N2CCOCC2)C4)s1,0.23300970873786409,0.13107104622113347
./chembl_scaffold/,mol811,-13.24,O=C1CCc2ccc(CC3CCN(C[C@@H]4COc5c(ccc6c5CC(=O)N6)O4)CC3)cc2N1,0.2,0.10962340091743418
./chembl_scaffold/,mol154,-12.58,Cc1[nH]c(/C=C2\C(=O)Nc3ccc(S(=O)(=O)N4CCc5ccccc54)cc32)c(C)c1C(=O)N1CCN(C)CC1,0.24210526315789474,0.12439692882180409
./chembl_scaffold/,mol468,-11.09,O=C1NC(=O)[C@@H](Cc2ccc(N3CCC(NC[C@H](O)c4cccc(Cl)c4)CC3)cc2)S1,0.25,0.14210462433025267
./chembl_scaffold/,mol631,-11.72,C[C@]1(c2ccc(-c3cc(F)c4[nH]nc(C5CC5)c4c3)[nH]c2=O)CCCNC1=O,0.17,0.10122161330739689
./chembl_scaffold/,mol413,-11.56,Cc1ccc(C(=O)Nc2cccc(-c3nc(CNC(=O)[C@@H]4C[C@@H](C)NC(=S)N4)c(C)o3)c2)s1,0.22772277227722773,0.15148163281562166
./chembl_scaffold/,mol1011,-11.18,C[C@@H]([C@@H](O)c1ccc2c(c1)CCC(=O)N2)N1CCC(O)(c2ccc3c(c2)COCC3)CC1,0.16666666666666666,0.09709475240079257
./chembl_scaffold/,mol27,-11.64,CN1CCN(C(=O)c2ccc(-c3[nH]nc4c3C(=O)c3c(NC(=O)NN5CCOCC5)cccc3-4)s2)CC1,0.2608695652173913,0.13590293979444704
./chembl_scaffold/,mol522,-12.05,CN1CCN(c2cccc3[nH]c(-c4n[nH]c5cc(-c6ccc(S(N)(=O)=O)cc6)ccc45)nc23)CC1,0.22580645161290322,0.11543502110280379
./chembl_scaffold/,mol31,-11.01,C[C@@H](C(=O)N1CCN(C)CC1)N1CC[C@H](NS(=O)(=O)c2ccc3cc(Cl)ccc3c2)C1=O,0.21212121212121213,0.13812912794752819
./chembl_scaffold/,mol1022,-11.5,C[C@H]([C@H](O)c1ccc2[nH]c(=O)oc2c1)N1CCC(O)(c2ccc(F)cc2)CC1,0.1595744680851064,0.0976433441717941
./chembl_scaffold/,mol15,-12.48,O=C1Cc2cc(C[C@@H](NC(=O)N3CCC(N4Cc5ccccc5NC4=O)CC3)C(=O)N3CCC(N4CCCCC4)CC3)ccc2N1,0.21839080459770116,0.12415166595224746
./chembl_scaffold/,mol178,-11.86,CN1CCc2nc(C(=O)N[C@@H]3CC[C@H]3NC(=O)c3cc4cc(Cl)ccc4[nH]3)sc2C1,0.37362637362637363,0.13676263676763772
./chembl_scaffold/,mol1194,-12.37,NC(=O)c1c(NC(=O)c2ccc(CN3CCOCC3)cc2)sc2c1CC[C@@H](c1ccc(O)cc1)C2,0.25842696629213485,0.12655545842843874
./chembl_scaffold/,mol42,-12.12,CC(=O)N1CCC(C(=O)N2CCC(N3CCN(C(=O)c4cc(-c5ccccc5)nc(-c5ccc6c(c5)CC(=O)N6)c4)CC3)CC2)CC1,0.2549019607843137,0.1453689061334914
./chembl_scaffold/,mol901,-11.56,O=C1NC(=S)N/C1=C/c1ccc(-c2ccc3c(c2)CN(CCCN2CCCCC2)C3=O)s1,0.18478260869565216,0.09800895954949192
./chembl_scaffold/,mol392,-11.35,CC(C)[C@H]1CN(C)CCN1Cc1ccc2cc3c(cc2n1)C[C@@]1(C3)C(=O)NC(=O)[C@H]1C,0.25,0.13040119316986598
./chembl_scaffold/,mol595,-11.44,Cn1cc(NC(=O)c2sccc2Cl)cc1-c1nc2cc(C(=O)NCCN3CCOCC3)ccc2[nH]1,0.25,0.13111914342251343
./chembl_scaffold/,mol1015,-11.71,[H]/N=C(/N)c1ccc2ccc(C[C@@H](C(=O)O)c3ccc(O[C@H]4CCNC4)cc3)cc2c1,0.18478260869565216,0.11252892358735601
./chembl_scaffold/,mol859,-11.61,CCOC(=O)NCc1ccc(-c2cc(NC(=O)c3ccc(N4CCN(C)CC4)cc3)[nH]n2)cc1,0.2553191489361702,0.14962706633323664
./chembl_scaffold/,mol753,-11.27,CN1CCN(Cc2ccc(C(=O)Nc3sc(-c4ccncc4Cl)nc3C(N)=O)cc2)CC1,0.2826086956521739,0.15021945764306535
./chembl_scaffold/,mol399,-12.5,O=C1[C@@H](NS(=O)(=O)c2ccc3c(Cl)c[nH]c3c2)CCN1c1ccc2c(c1)CCNC2,0.19090909090909092,0.1063096210224822
./chembl_scaffold/,mol1062,-11.39,O=C(Nc1ccc2[nH]nc(S(=O)(=O)c3cccc4ccccc34)c2c1)C1CCNCC1,0.20481927710843373,0.12585970620698475
./chembl_scaffold/,mol569,-11.07,[H]/N=C(/N)c1ccc2ccc(Cn3c(C)nc4ccc(N(CC(N)=O)C5CCN(/C(C)=N/[H])CC5)cc43)cc2c1,0.22115384615384615,0.12343784233430533
./chembl_scaffold/,mol836,-12.94,O=C(c1cc(Cc2n[nH]c(=O)c3c2CCCC3)ccc1F)N1CCN(c2ccccc2Cl)CC1,0.2391304347826087,0.1401311351979993
./chembl_scaffold/,mol221,-12.31,CC1(C)C[C@@H](NC(=O)Nc2ccc3c(c2)NC(=O)[C@@H](N2CCCOCC2)C3)c2ccc(F)cc2O1,0.20202020202020202,0.12169819280938783
./chembl_scaffold/,mol1168,-11.72,Cc1ccc(C(=O)Nc2cc(-c3cc4c([nH]3)C3(CCN(C)CC3)CNC4=O)ccn2)cc1C,0.23655913978494625,0.12926316220163686
./chembl_scaffold/,mol205,-11.52,O=C1c2cc(-c3ccnc(NC4CCOCC4)n3)[nH]c2CCN1[C@H](CO)c1ccc(F)c(Cl)c1,0.24528301886792453,0.14829714598320845
./chembl_scaffold/,mol578,-11.05,CCN(CC)CCNC(=O)c1c(C)[nH]c(/C=C2\C(=O)Nc3ccc(-c4cnccn4)cc32)c1C,0.2524271844660194,0.13432636799901554
./chembl_scaffold/,mol772,-11.02,CC(C)NC[C@@H](O)COc1ccc2c(=O)cc(-c3ccccc3Cl)oc2c1,0.2891566265060241,0.1534653008148005
./chembl_scaffold/,mol807,-11.8,N#Cc1ccc2c(c1)CN(C(=O)Nc1ccc(C3=CCN(C(=O)[C@H]4CCOC4)CC3)cc1)C2,0.23214285714285715,0.12113913271270015
./chembl_scaffold/,mol1084,-12.58,O=C(Nc1cc(Cn2c(=O)[nH]c(=O)c3ccccc32)cnc1F)[C@H]1CCN(Cc2ccccc2)C1,0.367816091954023,0.16517410476027794
./chembl_scaffold/,mol455,-12.16,CN1CCN(c2ccc(C(=O)Nc3cc(-c4ccc(CNC(=O)OCc5cccnc5)cc4)n[nH]3)cc2)CC1,0.26666666666666666,0.1556989796080163
./chembl_scaffold/,mol1186,-11.3,O=C1NC(=S)N/C1=C/c1ccc(-c2ccc3c(c2)CN(CCCN2CCCC2)C3=O)s1,0.18681318681318682,0.0988117931008431
./chembl_scaffold/,mol1041,-11.17,CN(C(=O)c1ccccc1)c1ccc2c(c1)[nH]/c(=N\C(=O)c1ccc(N3CCCC3)s1)n2CCC(N)=O,0.18627450980392157,0.10950879761468536
./chembl_scaffold/,mol974,-11.83,O=C(Nc1ccc(C2=CCN(C(=O)[C@H]3CCOC3)CC2)nc1)N1Cc2ccccc2C1,0.25555555555555554,0.1312358937745936
./chembl_scaffold/,mol131,-11.12,NS(=O)(=O)c1ccc2c(c1)/C(=C/c1cn(CCCC(=O)N3CCOCC3)c3ccccc13)C(=O)N2,0.22105263157894736,0.11643478568231401
./chembl_scaffold/,mol1065,-11.18,C[C@@H](CN1CCC2(CC1)C(=O)NCN2c1ccc(F)c(F)c1)NC(=O)c1cc2ccccc2[nH]1,0.21649484536082475,0.1250567648183267
./chembl_scaffold/,mol238,-12.15,COc1ccc(C(=O)NC(=O)Nc2ccc3c(c2)NC(=O)/C3=C\c2[nH]c(C)c(C(=O)N3CCN(C)CC3)c2C)c(F)c1,0.21818181818181817,0.1266509937732881
./chembl_scaffold/,mol483,-11.91,CN1C(=O)NC(=O)[C@]12Cc1ccc(NC(=O)CN3C(=O)C4(CCOCC4)c4ccccc43)cc1C2,0.23076923076923078,0.1269867659323692
./chembl_scaffold/,mol484,-11.88,Cc1ncccc1NC(=O)c1ccc2c(c1)CC[C@@H]1[C@@H]2[C@@H](O)C[C@]2(C)[C@@H](O)CC[C@@H]12,0.2808988764044944,0.137924567467457
./chembl_scaffold/,mol1094,-11.09,[H]/N=C(\N)c1cccc(N2CCCCN(C3CCN(Cc4ccccn4)CC3)C2=O)c1,0.24468085106382978,0.1334793355678887
./chembl_scaffold/,mol752,-11.07,CC(C)NCc1cncc(-c2cnc3[nH]nc(-c4nc5cc(N6CCN(C)CC6)ccc5[nH]4)c3c2)c1,0.23809523809523808,0.11767505832208545
./chembl_scaffold/,mol214,-11.11,CNC1CCN(C(=O)c2cc(Cc3c[nH]c(=O)c4cc(Cl)c(Cl)n34)ccc2F)CC1,0.2358490566037736,0.13105871365927516
./chembl_scaffold/,mol137,-12.67,O=C(NCCN1CCOCC1)c1ccc2c(c1)C[C@H](c1nc3ccc(-c4cn[nH]c4)cc3c(=O)[nH]1)CO2,0.2647058823529412,0.14254352526409644
./chembl_scaffold/,mol1124,-13.06,Cc1cc(C(=O)N2CCC3(CC2)CC(=O)c2cc(-c4cc[nH]n4)ccc2O3)cc2cn[nH]c12,0.23655913978494625,0.13366942815219005
./chembl_scaffold/,mol517,-11.43,CC(C)N1CCN(Cc2cnc(-c3ccc(C(=O)Nc4ccccc4N)cc3)c(C#N)c2)CC1,0.3148148148148148,0.16030010628567715
./chembl_scaffold/,mol79,-11.18,Cc1ccc(C(=O)N2CCC3(CC2)OCc2cc(C#N)ccc23)cc1NC(=O)NC1CCN(C)CC1,0.24489795918367346,0.11783305299157613
./chembl_scaffold/,mol71,-11.35,CN1CCN([C@@H]2CCc3nc(NC(=O)c4cccc(OCC(=O)Nc5ccc(C#N)cc5)c4)sc3C2)CC1,0.27522935779816515,0.1562218857802666
./chembl_scaffold/,mol23,-11.08,CCN1CCN(C(=O)c2ccc(-c3[nH]nc4c3C(=O)c3c(NC(=O)NN5CCOCC5)cccc3-4)s2)CC1,0.2826086956521739,0.14541732364356166
./chembl_scaffold/,mol464,-12.16,O=C(NCCN1CCCCC1)c1ccc2[nH]nc(S(=O)(=O)c3cccc4ccccc34)c2c1,0.25,0.13581961032312434
./chembl_scaffold/,mol502,-13.68,O=C1[C@@H](NS(=O)(=O)c2ccc3cc(Cl)ccc3c2)CCN1c1ccc2c(c1)CCCNC2,0.19318181818181818,0.1088670254302337
./chembl_scaffold/,mol904,-11.08,C[C@H]1CC[C@H](NCc2ccc3c(c2)Cc2c(-c4ccc(S(=O)(=O)NCCO)cc4)n[nH]c2-3)CC1,0.26666666666666666,0.1380138904029009
./chembl_scaffold/,mol1173,-11.44,C[C@H]1CC[C@H](NCc2ccc3c(c2)Cc2c(-c4ccc(S(N)(=O)=O)cc4)n[nH]c2-3)CC1,0.26744186046511625,0.1294749333242745
./chembl_scaffold/,mol251,-12.22,Nc1cc(F)ccc1NC(=O)c1cnc2c(C3CC3)c(N3CCNCC3)ccc2c1,0.25,0.1273555670170929
./chembl_scaffold/,mol226,-12.58,O=C1[C@@H](NS(=O)(=O)c2ccc3c(Cl)c[nH]c3c2)CCN1c1ccc2c(c1)CNCC2,0.19090909090909092,0.1064783823682443
./chembl_scaffold/,mol518,-11.54,CC(C)(O)CN1C[C@H](c2cccc(F)c2F)CC[C@@H](NC(=O)c2ccc3c(c2)C[C@@]2(C3)C(=O)Nc3ncccc32)C1=O,0.22857142857142856,0.13289514657735152
./chembl_scaffold/,mol476,-11.06,O=c1cc(-c2ccnc(NC3CCOCC3)n2)ccn1Cc1cc2c(F)cccc2[nH]1,0.25252525252525254,0.1419566540670529
./chembl_scaffold/,mol1171,-11.12,O=C1CCc2cccc(OC[C@@H](O)CN3CCC4(CC3)Cc3cc(Cl)ccc3O4)c2N1,0.24528301886792453,0.13980497052420188
./chembl_scaffold/,mol953,-11.76,C[C@@H](CNC(=O)c1ccc(CN2CCN(C)CC2)cc1)Cc1ccc2cc(NC(=O)C3CC3)ncc2c1,0.3068181818181818,0.15693781187060582
./chembl_scaffold/,mol1085,-11.11,[H]/N=C(\N)c1ccc(C[C@@H]2NCCn3c2nc2cc(C4(C(=O)N5CCCCC5)CCC4)ccc23)cc1,0.19047619047619047,0.1084896054450062
./chembl_scaffold/,mol652,-11.45,O=C(Nc1ccc(S(=O)(=O)NC2CCNCC2)c2ccccc12)c1ccccc1,0.29310344827586204,0.11731878771537103
./chembl_scaffold/,mol41,-11.42,N#Cc1ccc(NC(=O)COc2cccc(C(=O)Nc3nc4c(s3)C[C@H](N3CCN(C5CC5)CC3)CC4)c2)cc1,0.26262626262626265,0.1497546991879987
./chembl_scaffold/,mol1170,-12.79,O=C(Nc1nc2ccc(C3=NCCN3)cc2[nH]1)c1sc2cc(C3=NCCN3)ccc2c1Cl,0.24050632911392406,0.12203479362854444
./chembl_scaffold/,mol127,-11.01,[H]/N=C1/N[C@](C)(c2sc3c(-c4ccc(C5CC5)nc4)nccc3c2Cl)CS(=O)(=O)N1C,0.1981981981981982,0.11250561975039068
./chembl_scaffold/,mol277,-11.95,CN[C@H]1CCc2cc(N3CC[C@H](NS(=O)(=O)c4ccc5c(Cl)c[nH]c5c4)C3=O)ccc21,0.19801980198019803,0.12317625153545589
./chembl_scaffold/,mol762,-13.92,O=C(NO)c1ccc(CN2CCN(C(=O)c3cc(Cc4n[nH]c(=O)c5ccccc45)ccc3F)CC2)cc1,0.2608695652173913,0.13577834169228256
./chembl_scaffold/,mol279,-11.12,C[C@@H]1[C@H](c2cc(F)cc(F)c2F)C[C@H](NC(=O)c2cnc3c(c2)C[C@@]2(C3)C(=O)Nc3ncccc32)C(=O)N1CC(F)(F)F,0.20535714285714285,0.12370322863867886
./chembl_scaffold/,mol741,-11.04,[H]/N=C(/N)c1cccc(Oc2nc(Oc3cccc(CCC(N)=O)c3)c(F)c(C)c2F)c1,0.3,0.1369576168544961
./chembl_scaffold/,mol514,-11.75,CN1CCN(S(=O)(=O)c2ccc3[nH]c(-c4cc5ccccc5nc4O)cc3c2)CC1,0.2111111111111111,0.1239162128852622
./chembl_scaffold/,mol443,-11.77,O=S(=O)(NCCCN1CCOCC1)c1cc2c(cc1F)-c1nc(O)c3ccccc3c1C2,0.27722772277227725,0.1452711365161149
./chembl_scaffold/,mol422,-10.74,O=C1[C@@H](NS(=O)(=O)/C=C/c2ccc(Cl)s2)CCN1c1ccc([C@@H]2CCCN2)cc1F,0.1893939393939394,0.10077058479628072
./chembl_scaffold/,mol658,-10.01,O=C(NCc1nc2ccccc2[nH]1)C1=C[C@H](C2CC2)C[C@H](OCc2ccc(CO)cc2)O1,0.24299065420560748,0.13512872409480117
./chembl_scaffold/,mol938,-10.05,CC1(C)CCc2c(C(=O)Nc3cnn([C@H](c4ccccc4)C4CN(CCF)C4)c3)n[nH]c2C1,0.21212121212121213,0.1398433897597082
./chembl_scaffold/,mol442,-11.04,O=c1[nH]c2cccc(N3C[C@H]4C[C@@H]3CN4C[C@@H]3CCc4[nH]c5ccc(F)cc5c4C3)c2o1,0.2,0.11391641021159805
./chembl_scaffold/,mol225,-10.64,C[C@H]1CN2CCC[C@H]2CN1C(=O)N1Cc2c(NC(=O)c3ccc(C#N)cc3F)n[nH]c2C1(C)C,0.21374045801526717,0.12152667205169855
./chembl_scaffold/,mol437,-10.12,CCS(=O)(=O)c1ccc2c(c1)/C(=C/c1[nH]c3c(c1CCCN1CCN(C(=O)CO)CC1)CCCC3)C(=O)N2,0.20192307692307693,0.11955964819841491
./chembl_scaffold/,mol10,-12.38,N#Cc1ccc2cc(C(=O)NCc3cccc(C(=O)Nc4nc5c(s4)C[C@@H](N4CCOCC4)CC5)c3)[nH]c2c1,0.2601626016260163,0.14921015792816136
./chembl_scaffold/,mol531,-10.55,CN1CCCC[C@H](C(=O)N[C@H]2c3ccccc3C[C@@H]2NC(=O)c2ccc3c(ccn3C)c2)C1,0.25263157894736843,0.12416858680558339
./chembl_scaffold/,mol985,-10.56,Cc1cc(C#N)cnc1C(=O)Nc1cc(F)c(F)c([C@@]2(CF)N=C(N)O[C@@H]3C[C@@H]32)c1,0.2033898305084746,0.11873032890399535
./chembl_scaffold/,mol400,-11.85,O=C1[C@@H](NS(=O)(=O)c2ccc3c(Cl)c[nH]c3c2)CCN1c1ccc2c(c1)CCCNC2,0.18446601941747573,0.10568901847047543
./chembl_scaffold/,mol841,-10.05,Cc1cc(C#N)cnc1C(=O)Nc1cc(F)c(Cl)c([C@]2(CF)N=C(N)O[C@H]3C[C@H]32)c1,0.224,0.14007040256205766
./chembl_scaffold/,mol346,-11.68,COc1ccc2c(c1F)C(=O)N(C[C@]1(C#Cc3ccc(CN4CCN(C5CCCCC5)CC4)cc3)NC(=O)NC1=O)C2,0.23529411764705882,0.12080270910973466
./chembl_scaffold/,mol794,-10.99,O=C1CN(c2csc(-c3cccc(NC4CCCCC4)c3)c2Cl)S(=O)(=O)N1,0.20618556701030927,0.12604717360041548
./chembl_scaffold/,mol391,-10.45,Cc1cc(O)cc(C)c1C[C@H](N)C(=O)N1Cc2ccccc2C[C@H]1C(=O)NCc1nc2ccccc2[nH]1,0.22321428571428573,0.1381196074729522
./chembl_scaffold/,mol607,-11.2,[H]/N=C(\N)c1ccc(C[C@@H]2NCCn3c2nc2cc(C4(C(=O)N5CCCCC5)CC4)ccc23)cc1,0.19230769230769232,0.10948409574865654
./chembl_scaffold/,mol156,-11.74,Cc1[nH]c(/C=C2\C(=O)Nc3ccc(S(=O)(=O)N(C)c4cccc(Cl)c4)cc32)c(C)c1C(=O)N1CCN(C)CC1,0.2169811320754717,0.13353863541677247
./chembl_scaffold/,mol68,-12.09,O=C1[C@@H](NS(=O)(=O)c2ccc3c(Cl)c[nH]c3c2)CCN1c1ccc([C@@H]2CCCN2)cc1F,0.19230769230769232,0.10310962287155312
./chembl_scaffold/,mol805,-10.72,Cc1cc(C(=O)N2Cc3cnn(C)c3Nc3ccccc32)ccc1CNC(=O)NCC(=S)N(C)C,0.33707865168539325,0.13270676191189282
./chembl_scaffold/,mol558,-11.35,CN1CCN(C(=O)c2cc(Cc3c[nH]c(=O)c4cc(Cl)c(Cl)n34)ccc2F)CC1,0.2,0.11732918165838328
./chembl_scaffold/,mol748,-10.52,CN1C(=O)NC(=O)[C@]12Cc1ccc(NC(=O)CN(Cc3ccccc3)C(=O)C(C)(C)C)cc1C2,0.21052631578947367,0.12449579256180379
./chembl_scaffold/,mol708,-10.66,Cc1cc(O)cc(C)c1C[C@H](N)C(=O)N1Cc2ccccc2C[C@H]1C(=O)N[C@@H](C)c1nc2ccccc2[nH]1,0.21428571428571427,0.1310208464678353
./chembl_scaffold/,mol1088,-10.41,Cc1cc(C(N)=O)cc(C)c1C[C@H](N)C(=O)N1CCCC[C@H]1c1nc(-c2ccccc2)c[nH]1,0.29347826086956524,0.1500555692546813
./chembl_scaffold/,mol481,-11.29,O=C1[C@@H](NS(=O)(=O)/C=C/c2ccc(Cl)s2)CCN1c1ccc2c(c1)CNCC2,0.19318181818181818,0.1040958703236778
./chembl_scaffold/,mol401,-12.56,Cc1cc(COC(=O)NCc2ccc(-c3cc(NC(=O)c4ccc(N5CCN(C)CC5)cc4)[nH]n3)cc2)no1,0.24074074074074073,0.14374405286176467
./chembl_scaffold/,mol721,-10.79,COc1ccc2c(c1F)C(=O)N(C[C@@]1(C#Cc3ccc(C4(O)CCNCC4)cc3)NC(=O)NC1=O)C2,0.18446601941747573,0.10279343438078298
./chembl_scaffold/,mol254,-10.31,COC(=O)Nc1nc2cc([C@@]3(O)c4ccccc4C(=O)N3CC3CCCC3)ccc2[nH]1,0.2553191489361702,0.17509924250627315
./chembl_scaffold/,mol1046,-10.74,O=C(CN1CC[C@H](NC(=O)c2ccc(Cl)s2)C1)Nc1ccc(-n2ccccc2=O)cc1F,0.25225225225225223,0.13540278615133722
./chembl_scaffold/,mol709,-10.45,Cc1cc(O)cc(C)c1C[C@H](N)C(=O)N1Cc2ccccc2C[C@H]1C(=O)N[C@H](C)c1nc2ccccc2[nH]1,0.21428571428571427,0.1310208464678353
./chembl_scaffold/,mol936,-10.58,CN1CCc2nc(C(=O)N[C@@H]3C[C@H]3NC(=O)c3cc4cc(Cl)ccc4[nH]3)sc2C1,0.37362637362637363,0.13356065084104682
./chembl_scaffold/,mol6,-11.25,O=C(Nc1cccc2c1C(=O)c1c(-c3ccc(C(=O)N4CCCCCC4)s3)n[nH]c1-2)NN1CCOCC1,0.25274725274725274,0.12851046435494562
./chembl_scaffold/,mol606,-10.04,CNC(=O)c1c(-c2ccc(F)cc2)oc2nc(CNC(=O)[C@H]3CCOC3)c(C3CC3)cc12,0.22580645161290322,0.13639290293913203
./chembl_scaffold/,mol1169,-12.4,COc1ccc2c(c1)C(=O)N(C[C@@]1(C#Cc3ccc(C(=O)N4CCN(C5CCCCC5)CC4)cc3)NC(=O)NC1=O)C2,0.24468085106382978,0.12944298759126296
./chembl_scaffold/,mol956,-11.43,Cc1cc(-c2ccc3cc[nH]c3c2)ccc1-n1c(C[C@@H]2CCN(C(=O)C3CC3)C2)n[nH]c1=O,0.26262626262626265,0.1314771420137114
./chembl_scaffold/,mol1115,-13.3,Cc1cc(C(=O)N2CCC3(CC2)CC(=O)c2cc(-c4cn[nH]c4)ccc2O3)cc2cn[nH]c12,0.23076923076923078,0.13363806090286234
./chembl_scaffold/,mol1130,-11.67,[H]/N=C(/N)N1CCC[C@H]1C(=O)Nc1ccc2nc3n(C)c4ccccc4c(C)c-3c2c1,0.2604166666666667,0.14064001435675938
./chembl_scaffold/,mol852,-12.52,O=C(NCc1nc2ccccc2[nH]1)c1ccc(F)c2c(C(=O)C(=O)N3CCN(C(=O)c4ccccc4)CC3)c[nH]c12,0.24742268041237114,0.12080902705079319
./chembl_scaffold/,mol405,-13.11,O=C1[C@@H](NS(=O)(=O)c2ccc3cc(Cl)ccc3c2)CCN1c1ccc2c(c1)CCNC2,0.21176470588235294,0.10956696083898809
./chembl_scaffold/,mol959,-11.38,CC(C)(C)NC(=O)c1ccc(NC(=O)[C@@H]2COc3ccccc3O2)cc1,0.25,0.11269190656635308
./chembl_scaffold/,mol324,-10.68,Cc1nc(CC(=O)N2Cc3[nH]nc(NC(=O)c4ccc(N5CCN(C)CC5)cc4)c3C2)cs1,0.21,0.11287915234052245
./chembl_scaffold/,mol1110,-10.72,CC1CCN(CCNC(=O)c2ccc(-n3c(=S)[nH]c4ccccc4c3=O)cc2)CC1,0.24390243902439024,0.13570742325765187
./chembl_scaffold/,mol657,-11.18,O=C(N[C@@H]1CCNC[C@H]1F)c1ccc2cc(Oc3ccc(C(F)(F)F)cn3)ccc2n1,0.21052631578947367,0.12196714095047238
./chembl_scaffold/,mol1078,-11.83,C[C@H]1CCCCN1CCNC(=O)c1ccc2c(=O)n(Cc3ccccc3Cl)c(=O)[nH]c2c1,0.2765957446808511,0.15832070698820366
./chembl_scaffold/,mol425,-10.11,COC(=O)Nc1nc2cc([C@]3(O)c4ccccc4C(=O)N3CC3CCCCC3)ccc2[nH]1,0.25263157894736843,0.1735696495227854
./chembl_scaffold/,mol864,-11.83,O=C(NCCN1CCOCC1)c1cccc(-c2ccc3c(NC(=O)C4CC4)n[nH]c3c2)c1,0.27906976744186046,0.15458111033718247
./chembl_scaffold/,mol487,-10.75,CN1C(=O)NC(=O)[C@]12Cc1ccc(NC(=O)CN(Cc3ccc(C(F)(F)F)cc3)C(=O)C(C)(C)C)cc1C2,0.19047619047619047,0.10766450245554743
./chembl_scaffold/,mol1096,-11.73,CNC(=O)c1cc2cc(C(=O)N3CCC4(CC3)CC(=O)c3c(OC)cccc3O4)ccc2[nH]1,0.25,0.13759954683982079
./chembl_scaffold/,mol55,-10.21,O=C(NCCN1CCOCC1)c1ccccc1N1C(=O)[C@@H]2Cc3c([nH]c4ccccc34)[C@@H](c3ccc(F)cc3)N2C1=O,0.21904761904761905,0.11311665352667634
./chembl_scaffold/,mol563,-10.82,CCN1CCN([C@H](C)c2ccc(C#C[C@]3(CN4Cc5ccc(OC)c(F)c5C4=O)NC(=O)NC3=O)cc2)CC1,0.18018018018018017,0.09918903759080018
./chembl_scaffold/,mol1063,-10.2,O=C(Nc1cc(Cn2c(=O)[nH]c(=O)c3ccccc32)cnc1Cl)[C@H]1CCNC1,0.26744186046511625,0.15697476602960217
./chembl_scaffold/,mol567,-12.15,COc1cccc(CN2CCC[C@@H](NC(=O)c3ccc4[nH]nc(-c5ccnc(C)c5)c4c3)C2)n1,0.3394495412844037,0.17465761062689872
./chembl_scaffold/,mol986,-10.7,Cc1cc(C#N)cnc1C(=O)Nc1cc(F)c(F)c([C@]2(CF)N=C(N)O[C@H]3C[C@H]32)c1,0.2033898305084746,0.11873032890399535
./chembl_scaffold/,mol1026,-10.43,O=C(CN1CC[C@H](NC(=O)c2ccccc2)C1)N[C@H]1CCc2cc(F)ccc2[C@@H]1Cc1cccnc1,0.25252525252525254,0.15051624860416565
./chembl_scaffold/,mol298,-10.71,O=C(C[C@H]1S[C@@H](c2ccc(Cl)cc2)N(CC(=O)NCCCN2CCOCC2)C1=O)NCc1cccc2ccccc12,0.27419354838709675,0.1551579799841402
./chembl_scaffold/,mol872,-10.47,[H]/N=C(\N)c1ccc2[nH]c(Cc3nc4ccccc4[nH]3)nc2c1,0.20652173913043478,0.0929622153474957
./chembl_scaffold/,mol650,-10.91,Cc1c(-c2ccc(N3CC(C)(O)C3)cc2)[nH]c2cc(F)cc(F)c2c1=O,0.2125,0.10136438979014034
./chembl_scaffold/,mol755,-10.13,CC(C)(N)C(=O)N[C@H](Cc1c[nH]c2ccccc12)C(=O)N1CCC2(CCCc3ccccc32)CC1,0.2440944881889764,0.12045618856138399
./chembl_scaffold/,mol705,-10.87,N#Cc1ccc(NC(=S)NC[C@H]2CN(c3ccc(N4CC5(COC5)C4)c(F)c3)C(=O)O2)cc1,0.2,0.10833824783789735
./chembl_scaffold/,mol770,-10.79,CN1c2ccc(OC(=O)Nc3ccccc3)cc2[C@@]2(C)CCN[C@@H]12,0.23255813953488372,0.1347412011503045
./chembl_scaffold/,mol153,-10.23,CN1C(=O)NC(=O)[C@@]12Cc1ccc(NC(=O)CN(Cc3cc(F)cc(Cl)c3)C(=O)C(C)(C)C)cc1C2,0.18085106382978725,0.11405921069074353
./chembl_scaffold/,mol1030,-10.5,CC(C)(N)C(=O)N[C@H](Cc1c[nH]c2ccccc12)C(=O)N1CCCC2(Cc3ccccc3C2)C1,0.23809523809523808,0.12056767046451397
./chembl_scaffold/,mol983,-10.7,[H]/N=C1/N[C@@]2(c3cc(-c4cncc(C#CC)c4)cs3)CN(C(=O)c3cccc(F)c3)C[C@H]2C(=O)N1C,0.205607476635514,0.12315766203409698
./chembl_scaffold/,mol510,-12.55,Cc1cc(-c2n[nH]c3ccc(C(=O)N[C@@H]4CCC[C@](O)(CN5C(=O)Cc6ccccc65)C4)cc23)ccn1,0.24299065420560748,0.1399176041992414
./chembl_scaffold/,mol1000,-10.4,COc1ccc2nccc(NC(=O)N3CCC(NCc4cc5ccccc5[nH]4)CC3)c2n1,0.3258426966292135,0.16421917045823853
./chembl_scaffold/,mol256,-10.35,CC(C)(N)C(=O)N[C@H](Cc1c[nH]c2ccccc12)C(=O)N1CCC[C@]2(C[C@H](O)c3ccccc3O2)C1,0.2222222222222222,0.12574203870312595
./chembl_scaffold/,mol1174,-10.36,CC(C)NC(=O)[C@H]1CC[C@@H](n2/c(=N/C(=O)c3ccc(F)cc3)[nH]c3ccc(CN4CCNCC4)cc32)CC1,0.22727272727272727,0.12657453313378889
./chembl_scaffold/,mol108,-10.53,CC(C)[C@@H](NC(=O)c1ccc(S(=O)(=O)N2CCOCC2)cc1)c1nc2ccccc2[nH]1,0.24444444444444444,0.12607569716400552
./chembl_scaffold/,mol590,-10.8,[H]/N=C1/N[C@@]2(c3cc(-c4ccc(F)c(C#N)c4)cs3)CN(C(=O)c3cccc(F)c3)C[C@H]2C(=O)N1C,0.23255813953488372,0.12122237146838383
./chembl_scaffold/,mol825,-10.07,Cc1cc(-c2n[nH]c3ccc(C(=O)NN4CCC[C@@](CO)(Oc5ccc(F)cc5)C4)cc23)ccn1,0.22522522522522523,0.1291799550793089
./chembl_scaffold/,mol477,-10.54,Cc1sc(-c2ccccc2C(=O)NCCC(N)=O)cc1C(=O)Nc1nc2c(s1)CCC2,0.2804878048780488,0.14628268942543315
./chembl_scaffold/,mol1005,-10.5,COc1ccc(F)cc1-c1ccnc2[nH]c(C3=CCN(C(=O)[C@H]4C[C@@H](O)CN4)CC3)cc12,0.24489795918367346,0.1418535454215685
./chembl_scaffold/,mol459,-11.58,[H]/N=C(\c1ccc(CN2CCN(S(=O)(=O)c3cc4cc(Cl)ccc4[nH]3)CC2=O)cc1)N1CCC1,0.1794871794871795,0.10819841999676648
./chembl_scaffold/,mol193,-10.23,OCCNCc1cc2c(cc1O)OC=C(c1ccc(O)cc1)C2,0.323943661971831,0.12092149952349884
./chembl_scaffold/,mol301,-10.64,O=C(C[C@@H]1S[C@@H](c2ccc(Cl)cc2)N(CC(=O)NCCCN2CCOCC2)C1=O)NCc1cccc2ccccc12,0.27419354838709675,0.1551579799841402
./chembl_scaffold/,mol347,-11.42,COc1ccc2c(c1F)C(=O)N(C[C@@]1(C#Cc3ccc(CN4CCN(C5CCCCC5)CC4)cc3)NC(=O)NC1=O)C2,0.23529411764705882,0.12080270910973466
./chembl_scaffold/,mol367,-11.15,NS(=O)(=O)c1ccc2c(c1)/C(=C/c1cn(CCCC(=O)N3CCCCC3)c3ccccc13)C(=O)N2,0.21176470588235294,0.11284960853999992
./chembl_scaffold/,mol783,-11.81,CC1(C)CN(Cc2ccc3cc4c(cc3n2)C[C@@]2(C4)C(=O)Nc3ncccc32)[C@@H](Cc2ccccc2)C(=O)N1,0.22549019607843138,0.12481877754453805
./chembl_scaffold/,mol951,-11.82,COc1ccc(-c2cc(C(N)=O)c3[nH]c4ccc(C(=O)N5CCN(C(=O)C6CC6)CC5)cc4c3c2)cc1F,0.23,0.12129478348743368
./chembl_scaffold/,mol51,-11.39,COc1ccc(C(=O)NC(=O)Nc2ccc3c(c2)NC(=O)/C3=C\c2[nH]c(C)c(CCC(=O)N3CCN(C)CC3)c2C)c(F)c1,0.21929824561403508,0.12470774538947979
./chembl_scaffold/,mol683,-10.97,O=C1[C@@H](NS(=O)(=O)/C=C/c2ccc(Cl)s2)CCN1c1ccc2c(c1)CCNC2,0.19318181818181818,0.1039227054963507
./chembl_scaffold/,mol941,-10.39,C[C@H]1CNC(=O)c2cc3ccc(C(=O)Nc4nc(C(=O)NC5CCCCC5)cs4)cc3n21,0.21782178217821782,0.11861352442988514
./chembl_scaffold/,mol73,-11.04,Cc1c2c3cc(NC(=O)[C@@H]4CCCN4C(=O)[C@@H]4CCCN4)ccc3nc-2n(C)c2ccccc12,0.28421052631578947,0.14732660690573787
./chembl_scaffold/,mol720,-11.3,O=C1c2[nH]nc(NS(=O)(=O)c3cccc4ccccc34)c2CCN1C1CCNCC1,0.2087912087912088,0.12316066676892908
./chembl_scaffold/,mol906,-10.31,CC(C)NC[C@@H](O)COc1ccc2c(=O)cc(-c3ccc(Cl)cc3)oc2c1,0.23809523809523808,0.12764800729774972
./chembl_scaffold/,mol264,-10.39,Cc1cc(-c2n[nH]c3ccc(C(=O)N[C@@H]4CC[C@@H](C(=O)N(C)C)N(Cc5cccs5)C4)cc23)ccn1,0.2358490566037736,0.1454275854799056
./chembl_scaffold/,mol728,-12.14,O=C(c1cc(Cc2n[nH]c(=O)c3c2CCCC3)ccc1F)N1CCN(CCOc2ccccc2)CC1,0.24347826086956523,0.14624598208988748
./chembl_scaffold/,mol408,-10.13,CCC1(N2CCN(C(=O)[C@@H](Cc3ccc(Cl)cc3)NC(=O)C[C@@H]3NCc4ccccc43)CC2)CCN(C)CC1,0.21212121212121213,0.13832471511758276
./chembl_scaffold/,mol878,-10.25,[H]/N=C1\N[C@](C)(c2sc(-c3cncc(-c4ncco4)c3)cc2F)CS(=O)(=O)N1C,0.18811881188118812,0.09675913354735756
./chembl_scaffold/,mol35,-10.17,Cc1cccc2c1-c1ccc(C(=O)N=C(N)N)cc1[C@@H]2O,0.21621621621621623,0.12284802596003552
./chembl_scaffold/,mol1052,-11.57,O=C(/C=C/c1ccc(CN2CCN(C(=O)c3cc(Cc4n[nH]c(=O)c5ccccc45)ccc3F)CC2)cc1)NO,0.2903225806451613,0.13117669010308344
./chembl_scaffold/,mol1072,-10.34,[H]/N=C(/N)c1ccc(CN(NS(=O)(=O)c2ccc3ccccc3c2)C(=O)N2CCCC[C@H]2C)cc1,0.25,0.1336806193015274
./chembl_scaffold/,mol192,-11.08,O=C1[C@@H](NS(=O)(=O)/C=C/c2ccc(Cl)s2)CCN1c1cc2c(cc1F)CNCC2,0.18681318681318682,0.10320138730591302
./chembl_scaffold/,mol52,-10.29,C[C@@H]1CNC(=O)c2cc3ccc(C(=O)Nc4nc(C(=O)NC5CCN(CC(C)(C)C)CC5)cs4)cc3n21,0.22429906542056074,0.1280510320126056
./chembl_scaffold/,mol865,-10.24,Cc1cc(C#N)cnc1C(=O)Nc1cc(F)c(C)c([C@]2(C(F)F)N=C(N)O[C@H]3C[C@H]32)c1,0.23478260869565218,0.11983205731419902
./chembl_scaffold/,mol155,-10.2,CC(C)NC(=O)[C@H]1CC[C@@H](n2/c(=N/C(=O)c3ccc(F)cc3)[nH]c3ccc(CN4CCNC(=O)C4)cc32)CC1,0.27,0.1277890259559413
./chembl_scaffold/,mol348,-11.44,CNC(=O)c1cc(NC2(C(=O)Nc3nc4ccc5[nH]ncc5c4s3)CC2)ccc1Cl,0.20618556701030927,0.12053300759511185
./chembl_scaffold/,mol826,-12.39,O=C(NCc1cccc2cc(CN3CC[C@H](O)C3)cnc12)c1ccc(-c2ccc(F)cc2)nc1,0.4222222222222222,0.18079229141189151
./chembl_scaffold/,mol241,-10.76,CN1CCc2nc(NC(=O)c3cccc(CNC(=O)c4ccc(-c5cn[nH]c5)s4)c3)sc2C1,0.3225806451612903,0.15697094910666254
./chembl_scaffold/,mol1193,-11.19,Cc1cc(C)cc(CC(=O)N2Cc3[nH]nc(NC(=O)c4ccc(N5CCN(C)CC5)cc4)c3C2)c1,0.24468085106382978,0.1218188902795215
./chembl_scaffold/,mol729,-10.69,CC1(C)c2[nH]nc(NC(=O)c3cccc(Cl)c3)c2CN1C(=O)N1CCN2CCC[C@@H]2C1,0.24545454545454545,0.1423284825712585
./chembl_scaffold/,mol390,-10.45,Cc1cc(O)cc(C)c1C[C@H](N)C(=O)N1Cc2ccccc2C[C@@H]1C(=O)NCc1nc2ccccc2[nH]1,0.22321428571428573,0.1381196074729522
./chembl_scaffold/,mol255,-11.43,O=C(c1cc(Cc2c[nH]c(=O)c3cc(Cl)c(Cl)n23)ccc1F)N1CCCNCC1,0.21621621621621623,0.10674175481728991
./chembl_scaffold/,mol106,-10.45,CC(=O)N1CCN(C(=O)[C@@H]2C=C3c4cccc5[nH]cc(c45)C[C@H]3N(C(=O)Nc3ccccc3)C2)CC1,0.23157894736842105,0.14442067043498436
./chembl_scaffold/,mol21,-10.89,C[C@H](C(=O)N/N=C1\C(=O)Nc2ccc(C(=O)N3CCC(NC4CC4)CC3)c(Cl)c21)c1ccc(F)cc1,0.24528301886792453,0.12072440384106503
./chembl_scaffold/,mol923,-10.38,O=C(NCCN1CCC2(CC1)C(=O)NCN2Cc1cccnc1)c1ccc2ccccc2c1,0.25,0.14366689804427066
./chembl_scaffold/,mol1114,-10.37,O=C(c1cc2cc(F)ccc2[nH]1)N1C[C@@]2(CCN(C3CNC3)C2)c2ccccc21,0.19387755102040816,0.10517564344475537
./chembl_scaffold/,mol470,-10.24,C[C@]12CCN[C@H]1Nc1ccc(OC(=O)Nc3ccccc3)cc12,0.2375,0.13509120884151654
./chembl_scaffold/,mol905,-12.39,Cc1c(Cn2ncc(N3CCNCC3)c(Cl)c2=O)cccc1NC(=O)c1ccc(-c2cccc(C(N)=O)c2)cc1,0.3626373626373626,0.16929269304482528
./chembl_scaffold/,mol575,-12.04,[H]/N=C(\N)c1ccc(C[C@H]2NCCn3c2nc2cc(C4(C(=O)N5CCCC5)CC4)ccc23)cc1,0.1941747572815534,0.11034653815613708
./chembl_scaffold/,mol740,-10.37,Cc1cccc(CN(CC(=O)Nc2ccc3c(c2)C[C@@]2(C3)C(=O)NC(=O)N2C)C(=O)C(C)(C)C)c1,0.21212121212121213,0.1262026917156129
./chembl_scaffold/,mol848,-11.06,NC(=S)NC[C@H]1CN(c2ccc(N3CCN(C(=O)/C=C/c4c[nH]c5ccccc45)CC3)c(F)c2)C(=O)O1,0.1834862385321101,0.11247539130623163
./chembl_scaffold/,mol1091,-10.21,COc1ccc2c(c1F)C(=O)N(C[C@@]1(C#Cc3ccc(CN4CCCCC4)nc3)NC(=O)NC1=O)C2,0.23076923076923078,0.11943589983072615
./chembl_scaffold/,mol856,-11.33,CN1CCN(CC(=O)Nc2cccc3c2C(=O)c2c(-c4ccc(N5CCOCC5)cc4)n[nH]c2-3)CC1,0.3058823529411765,0.1569576497468278
./chembl_scaffold/,mol713,-10.91,CN1CCN(c2ccc(-c3cccc(CN4CCOCC4)c3)cc2NC(=O)c2c[nH]c(=O)cc2C(F)(F)F)CC1,0.3368421052631579,0.1468693934843083
./chembl_scaffold/,mol492,-10.56,C[C@@H](NC(=O)N1CCc2cnc(NC3CCOCC3)nc2C1)c1ccc2cc[nH]c2c1,0.25961538461538464,0.1365408728693937
./chembl_scaffold/,mol24,-12.12,O=C(Nc1cc(Cn2c(=O)[nH]c(=O)c3ccccc32)cnc1F)[C@H]1CCN(C2CCC(F)(F)CC2)C1,0.2653061224489796,0.14384461792092973
./chembl_scaffold/,mol379,-10.54,CNCCN1CCC(c2cc(C)c3nc(-c4cccnc4OC)[nH]c3c2)CC1,0.30303030303030304,0.17232700409165436
./chembl_scaffold/,mol473,-10.73,C[C@H](NC(=O)[C@@H]1COCCN1)c1ccc(CN2Cc3ccc(OCC4CC4)cc3[C@H](F)C2)cc1,0.23893805309734514,0.14502150615523612
./chembl_scaffold/,mol414,-10.39,CCN(C(C)=O)c1ccc(OC)c2nc(NC(=O)c3ccc(C(=O)N4CCN(C)CC4)cc3)sc12,0.25,0.12653049310076928
./chembl_scaffold/,mol1098,-10.78,N#Cc1cnc2c(c1)CC[C@H]2Nc1ccc(F)c([C@@]2(C(F)F)N=C(N)O[C@@H]3C[C@@H]32)c1,0.19166666666666668,0.09980175589476606
./chembl_scaffold/,mol7,-12.27,O=C(Nc1cccc2c1C(=O)c1c(-c3ccc(C(=O)N4CCCCC4)s3)n[nH]c1-2)NN1CCOCC1,0.25274725274725274,0.12851046435494562
./chembl_scaffold/,mol667,-11.52,O=C1CSc2ccc(CNC3CCN(CCc4c(F)cnc5ccc(F)cc45)CC3)nc2N1,0.21428571428571427,0.129520942243382
./chembl_scaffold/,mol1053,-11.36,C[C@@H]1CN(Cc2c[nH]nc2-c2ccc3c(c2)CNC(=O)O3)CCN1c1ccc(Cl)cn1,0.27722772277227725,0.15355337811161554
./chembl_scaffold/,mol707,-10.5,[H]/N=C(/NCCCCNS(=O)(=O)c1cccc2ccccc12)N1CCc2ccccc2C1,0.19148936170212766,0.11863894414009515
./chembl_scaffold/,mol270,-12.88,O=C(Cc1ccc(CN2CCN(C(=O)c3cc(Cc4n[nH]c(=O)c5ccccc45)ccc3F)CC2)cc1)NO,0.2608695652173913,0.1338119677564828
./chembl_scaffold/,mol949,-11.14,CCc1ncnc(-c2ccc(C(=O)N3C[C@@H]4CCN[C@@H]4C3)c(F)c2)c1C#Cc1ccc(N)nc1,0.22549019607843138,0.12307589326661109
./chembl_scaffold/,mol963,-10.23,CC(C)CN1CC(C(=O)Nc2ccc(CN(C)C3CCOCC3)cc2)=Cc2ccc(NS(C)(=O)=O)cc2C1=O,0.23469387755102042,0.12461326892906276
./chembl_scaffold/,mol824,-10.6,O=C1O[C@@H](CNC(=S)Nc2ccc(Cl)cc2)CN1c1ccc(N2CC3(COC3)C2)c(F)c1,0.22105263157894736,0.11132763543390635
./chembl_scaffold/,mol639,-10.48,CC(C)NC[C@H](O)COc1ccc2c(=O)cc(-c3cccc(Cl)c3)oc2c1,0.27380952380952384,0.14463794532324076
./chembl_scaffold/,mol670,-10.87,O=C(CN1CCC(N2CCCC2)CC1)Nc1ccc2nc(O)c3ccccc3c2n1,0.2804878048780488,0.1337522213090386
./chembl_scaffold/,mol374,-10.77,O=C(CN1C[C@H](NC(=O)c2ccc(Cl)s2)[C@@H](F)C1)Nc1ccc(-n2ccccc2=O)cc1F,0.2268041237113402,0.12319551799523057
./chembl_scaffold/,mol1099,-10.1,[H]/N=C(\N)c1cccc(C[C@H](NS(=O)(=O)c2ccc3ccccc3c2)C(=O)N2CCCCCC2)c1,0.25882352941176473,0.1268080507723148
./chembl_scaffold/,mol774,-10.01,CN(C)CCc1c(C(=O)NCc2ccc(Cl)cc2)[nH]c2ccc(CCN3C(=O)NC(C)(C)C3=O)cc12,0.20512820512820512,0.11658777275649959
./chembl_scaffold/,mol908,-10.96,CC(C)(NC(=O)c1cc2[nH]c3ccccc3c(=O)c2cc1F)c1ccc(N2CCOCC2)nc1,0.24175824175824176,0.13144501402830477
./chembl_scaffold/,mol571,-10.18,CC#C[C@]1(O)CC[C@H]2[C@@H]3CCc4cc(C(=O)Nc5cccnc5)ccc4[C@H]3[C@@H](O)C[C@@]21C,0.22,0.12688086333471127
./chembl_scaffold/,mol1140,-11.37,Cc1cc(-c2n[nH]c3cc(NC(=O)N[C@H]4CN(C)C[C@@H]4C4CCCCC4)ncc23)ccn1,0.22580645161290322,0.12567659863765754
./chembl_scaffold/,mol530,-10.56,CN(C(=O)c1ccccc1)c1ccc2c(c1)[nH]/c(=N\C(=O)c1ccc(N3CCNCC3)s1)n2CCC(N)=O,0.19444444444444445,0.10774499708800561
./chembl_scaffold/,mol548,-11.21,O=C(C1CC1)N1CC[C@@H](CN2C(=O)C3(CC3)N=C2c2ccc(-c3cccc4[nH]ncc34)cc2)C1,0.2826086956521739,0.15703244533721464
./chembl_scaffold/,mol734,-10.05,Cc1cc(C#N)cnc1C(=O)Nc1ccc(Cl)c([C@@]2(CF)N=C(N)O[C@@H]3C[C@@H]32)c1,0.23770491803278687,0.1403414752098593
./chembl_scaffold/,mol1138,-10.34,N#C[C@@H](Cc1ccc2c(c1)c(=O)[nH]c1cc(Cl)ccc12)NC(=O)[C@H]1N[C@@H]2CC[C@H]1C2,0.18627450980392157,0.11845151235316427
./chembl_scaffold/,mol237,-10.67,CN[C@@H](C)CN1CCC(c2cc(C)c3nc(-c4cccnc4OC)[nH]c3c2)CC1,0.297029702970297,0.16744302347476384
./chembl_scaffold/,mol1054,-11.14,C[C@H]1CN2CCC[C@H]2CN1C(=O)N1Cc2c(NC(=O)c3cccc(OC(F)(F)F)c3)n[nH]c2C1(C)C,0.2184873949579832,0.13597318953955073
./chembl_scaffold/,mol1195,-10.86,O=C(NCCN1CCC2(CC1)C(=O)NCN2Cc1ccccn1)c1ccc2ccccc2c1,0.2619047619047619,0.13910601641423875
./chembl_scaffold/,mol636,-10.85,CS(=O)(=O)NCCCNCc1cccc(-c2csc(-c3nc4ccccc4[nH]3)c2)c1,0.35,0.1342406217351298
./chembl_scaffold/,mol143,-11.77,Nc1ccccc1NC(=O)c1cnc2c(C3CC3)c(N3CCNCC3)ccc2c1,0.28735632183908044,0.14237575465910016
./chembl_scaffold/,mol385,-10.48,NC(N)=NC(=O)c1ccc2c(c1)[C@@H](O)c1cc(Cl)ccc1-2,0.19047619047619047,0.10149548360202326
./chembl_scaffold/,mol610,-10.09,O=C(NCCN1CCC2(CC1)C(=O)NCN2c1ccc(Br)cc1)c1cnc2ccccc2c1,0.24731182795698925,0.14060144986948128
./chembl_scaffold/,mol14,-10.98,O=C(N[C@H](Cc1ccc2[nH]c(=O)oc2c1)C(=O)N1CCC(N2CCCCC2)CC1)N1CCC(N2Cc3ccccc3NC2=O)CC1,0.22641509433962265,0.12573514586522283
./chembl_scaffold/,mol895,-10.55,CC(C)[C@@H](CN1CCC2(CC1)C(=O)NCN2c1ccccc1)NC(=O)c1cnc2ccccc2c1,0.2717391304347826,0.15176587135694436
./chembl_scaffold/,mol53,-10.82,C[C@@H](C(=O)N/N=C1\C(=O)Nc2ccc(C(=O)N3CCC[C@@H]3CN3CCCC3)c(Cl)c21)c1ccc(F)cc1,0.24324324324324326,0.12780741754264205
./chembl_scaffold/,mol236,-10.76,CN[C@H](C)CN1CCC(c2cc(C)c3nc(-c4cccnc4OC)[nH]c3c2)CC1,0.297029702970297,0.16744302347476384
./chembl_scaffold/,mol594,-10.96,CN1CCCO[C@@H](C(=O)N[C@H]2c3ccccc3C[C@@H]2NC(=O)c2ccc3c(ccn3C)c2)C1,0.21,0.1228652477349068
./chembl_scaffold/,mol576,-12.47,CC(C)(C(=O)NC(N)=O)[C@@H]1c2ccc(-c3ccc(C(=O)N4CCOCC4)cc3)nc2Oc2c(F)cccc21,0.29545454545454547,0.1407918872456077
./chembl_scaffold/,mol550,-10.99,CN1CCN(c2ccc(-c3cc(C(N)=O)c4[nH]c5cc(C(=O)N6CCOCC6)ccc5c4n3)cc2)CC1,0.29411764705882354,0.11362724099292974
./chembl_scaffold/,mol1045,-12.31,O=C(Nc1ccc(C2=CCN(C(=O)C3CCOCC3)CC2)nc1)N1Cc2ccccc2C1,0.27586206896551724,0.13238176881536076
./chembl_scaffold/,mol739,-11.27,O=C(N[C@H]1C[C@@H](c2ccccc2F)CN(CC(F)(F)F)C1=O)c1cnc2c(c1)C[C@@]1(C2)C(=O)Nc2ncccc21,0.205607476635514,0.12588150543190904
./chembl_scaffold/,mol750,-11.16,CN1CCC2(CC1)CNC(=O)c1cc(-c3ccnc(-c4cc5ccccc5o4)n3)[nH]c12,0.22916666666666666,0.12983277879828758
./chembl_scaffold/,mol199,-10.1,COCCN1CCN(Cc2ccc(NC(=O)c3ccc(C)c(C#Cc4cnc(C(N)=O)n4C)c3)cc2C(F)(F)F)CC1,0.26595744680851063,0.14141366719638962
./chembl_scaffold/,mol179,-11.3,CS(=O)(=O)NC(=O)c1c[nH]c2cc(Cl)c(-c3ccc(C4(O)CCC4)cc3)cc12,0.20588235294117646,0.12366590513243386
./chembl_scaffold/,mol509,-10.98,Cc1cc(-c2n[nH]c3ccc(C(=O)N[C@@H]4CCC[C@@](O)(CN5C(=O)Cc6ccccc65)C4)cc23)ccn1,0.24299065420560748,0.1399176041992414
./chembl_scaffold/,mol1122,-12.41,O=C(Nc1ccc2c(S(=O)(=O)c3cccc4ccccc34)n[nH]c2c1)C1CCNCC1,0.20481927710843373,0.12797449197725572
./chembl_scaffold/,mol672,-10.15,C[C@@H]1CC[C@H](N2CC[C@@]3(CN(C(=O)c4cc5ccccc5[nH]4)c4ccccc43)C2)CN1,0.20212765957446807,0.11536291715405986
./chembl_scaffold/,mol349,-10.29,[H]/N=C1/N[C@@]2(c3cc(NC(=O)c4ncc(F)cc4F)ccc3F)CCC[C@H]2S(=O)(=O)N1C,0.19801980198019803,0.1177693964792882
./chembl_scaffold/,mol995,-11.3,CC(C)S(=O)(=O)Nc1cccc(-c2cc(NC(=O)c3ccc(N4CCN(C)CC4)cc3)[nH]n2)c1,0.2553191489361702,0.13840515684553165
./chembl_scaffold/,mol1157,-10.37,O=C(CN1C(=O)[C@@H](NC(=O)c2cc3cc(Cl)sc3[nH]2)Cc2ccccc21)NO,0.19230769230769232,0.13087897331353487
./chembl_scaffold/,mol100,-10.39,CN1CCc2nc(C(=O)N[C@@H]3CCC[C@H]3NC(=O)c3cc4cc(Cl)ccc4[nH]3)sc2C1,0.3655913978494624,0.13577194759172045
./chembl_scaffold/,mol132,-10.08,COc1ccc(F)cc1-c1ccnc2[nH]c(C3=C[C@H]4CN(CC(=O)N5CCC[C@H]5CO)C[C@H]4C3)cc12,0.25925925925925924,0.14944331990180398
./chembl_scaffold/,mol735,-10.75,CC(C)N1CCC(NC(=O)c2cc3ccccc3n2CC(=O)Nc2ccc(Cl)cn2)CC1,0.29545454545454547,0.15948544697009354
./chembl_scaffold/,mol321,-11.85,CCN1CCN(C(=O)c2ccc(C#C[C@]3(CN4Cc5ccc(OC)c(F)c5C4=O)NC(=O)NC3=O)cc2)CC1,0.19047619047619047,0.11098628114591017
./chembl_scaffold/,mol1144,-10.99,CN1CC[C@H](CNC(=O)Nc2cc3[nH]nc(-c4ccc(F)cc4)c3cn2)C1,0.29213483146067415,0.14866963583709275
./chembl_scaffold/,mol993,-12.83,Nc1nccc(-c2ccc3nc([C@@H]4COc5c(CC(=O)NC6CC6)cccc5C4)[nH]c3c2)n1,0.25,0.15156913268688008
./chembl_scaffold/,mol1151,-10.46,CN1CCN(CC(=O)N(C)c2ccc(N/C(=C3\C(=O)Nc4ccc(C(=O)N(C)C)cc43)c3ccccc3)cc2)CC1,0.2708333333333333,0.13256228813516938
./chembl_scaffold/,mol207,-10.91,CN[C@H]1CCc2cc(N3CC[C@H](NS(=O)(=O)/C=C/c4ccc(Cl)s4)C3=O)ccc21,0.18947368421052632,0.11875165136808849
./chembl_scaffold/,mol1172,-10.78,CC1(C)Oc2ccc(-c3cccc4[nH]ccc34)cc2[C@@]2(COC(N)=N2)C12COC2,0.29545454545454547,0.1198880267501934
./chembl_scaffold/,mol61,-11.58,Cc1ccc(C(=O)N2CCC3(CC2)OCc2cc(C#N)ccc23)cc1NC(=O)NC1CCNCC1,0.23157894736842105,0.11870370256790382
./chembl_scaffold/,mol589,-10.59,Cc1cc(C)c(CNC(=O)c2cc(-c3ccc(CN4CCOCC4)cc3)cc(N(C)C3CCNCC3)c2C)c(=O)[nH]1,0.2872340425531915,0.1494795438253904
./chembl_scaffold/,mol681,-11.31,CC1(C)NC[C@@H](c2cc(F)cc(F)c2)N(CC(=O)Nc2ccc3c(c2)C[C@@]2(C3)C(=O)Nc3ncccc32)C1=O,0.19801980198019803,0.12917852547710734
./chembl_scaffold/,mol840,-10.92,O=C1NCC2(CCNCC2)c2[nH]c(-c3ccnc(-c4cc5ccccc5o4)n3)cc21,0.19626168224299065,0.11404834926740294
./chembl_scaffold/,mol12,-12.22,CCN1CCCN(C(=O)c2ccc(-c3[nH]nc4c3C(=O)c3c(NC(=O)NN5CCOCC5)cccc3-4)s2)CC1,0.2708333333333333,0.1423680310498563
./chembl_scaffold/,mol126,-12.32,O=C(Cc1ccc(O)c(Cl)c1)N/N=C1\C(=O)Nc2ccc(C(=O)N3CCC(NC4CC4)CC3)c(Cl)c21,0.25925925925925924,0.1296659437341435
./chembl_scaffold/,mol746,-10.89,O=C1[C@H](S(=O)(=O)c2ccc(-c3nc4cc(F)ccc4[nH]3)cc2)CCCCN1O,0.23863636363636365,0.11066789283263384
./chembl_scaffold/,mol86,-11.77,Cc1cc(-c2n[nH]c3cc(NC(=O)NC[C@H]4CCN(Cc5ccccc5)C4)ncc23)ccn1,0.358695652173913,0.17637666661929563
./chembl_scaffold/,mol854,-11.14,CCC(=O)N1CCN(CCCc2c(/C=C3\C(=O)Nc4ccc(S(=O)(=O)NC)cc43)[nH]c3c2CCCC3)CC1,0.22413793103448276,0.12135186103630255
./chembl_scaffold/,mol267,-11.15,CN1CCCN(C(=O)c2cc(Cc3c[nH]c(=O)c4cc(Cl)c(Cl)n34)ccc2F)CC1,0.19387755102040816,0.11464125049431019
./chembl_scaffold/,mol387,-10.31,NC(N)=NC(=O)c1ccc2c(c1)[C@@H](O)c1c(Cl)cccc1-2,0.22972972972972974,0.13225314425250986
./chembl_scaffold/,mol1136,-10.07,CN1CC[C@@H](NC(=O)c2ccc3c(c2)OCCO3)C[C@@H]1c1nc2ccccc2[nH]1,0.2988505747126437,0.14721427312872007
./chembl_scaffold/,mol272,-10.38,C[C@H]1CNC(=O)c2cc3ccc(C(=O)Nc4nc(C(=O)NC5CCOCC5)cs4)cc3n21,0.22916666666666666,0.12221823621962685
./chembl_scaffold/,mol377,-10.12,O=C(NCCN1CCC2(CC1)C(=O)NCN2Cc1cccnc1)c1cc2ccccc2[nH]1,0.256198347107438,0.14218106441322606
./chembl_scaffold/,mol60,-11.4,O=C(Nc1cccc2c1C(=O)c1c(-c3ccc(C(=O)N4CCCNCC4)s3)n[nH]c1-2)NN1CCOCC1,0.23958333333333334,0.12453388886701722
./chembl_scaffold/,mol240,-10.42,[H]/N=C1\N[C@@]2(c3cc(NC(=O)c4ccc(C)cn4)ccc3F)CCC[C@H]2S(=O)(=O)N1C,0.24742268041237114,0.12664411729982106
./chembl_scaffold/,mol445,-10.57,Cc1ccc(S(=O)(=O)N2CC[C@@H]3[C@H]2c2cc(-c4cccc(C(=O)N(C)C)c4)ccc2N[C@@H]3CO)cc1,0.24742268041237114,0.14494895466830926
./chembl_scaffold/,mol327,-10.9,CC(=O)N1CCN(C(=O)c2cc(N)cc(Sc3cnc(NC(=O)c4ccc(N(C)C)cc4)s3)c2)CC1,0.21359223300970873,0.10819316918512359
./chembl_scaffold/,mol577,-11.37,CC(C)(N)C(=O)N[C@H](Cc1c[nH]c2ccccc12)C(=O)N1CCC2(CC1)Cc1ccccc1[C@H]2O,0.2421875,0.1240773863906756
./chembl_scaffold/,mol1108,-12.08,CCc1cc(O)ccc1-c1ccc2c(-c3nc4c([nH]3)CN(S(C)(=O)=O)CC4)n[nH]c2c1,0.23157894736842105,0.13043506978242927
./chembl_scaffold/,mol1141,-11.0,C[C@H]1CN2CCC[C@H]2CN1C(=O)N1Cc2c(NC(=O)c3ccc4c(c3)CCO4)n[nH]c2C1(C)C,0.22321428571428573,0.12182202706711641
./chembl_scaffold/,mol654,-11.66,O=C(C1CC1)N1CC[C@@H](CN2C(=O)C3(CC3)N=C2c2ccc(-c3ccc4[nH]ncc4c3)cc2)C1,0.24468085106382978,0.13047442064344636
./chembl_scaffold/,mol1129,-10.51,CNC(=O)c1cc2cc([C@@]3(Cc4ccccc4)CCNC3)ccc2[nH]1,0.19753086419753085,0.13118161025644764
./chembl_scaffold/,mol1017,-10.6,O=C(Nc1cc(Cn2c(=O)[nH]c(=O)c3ccccc32)ccc1Cl)[C@H]1CCNC1,0.2608695652173913,0.14110970000732
./chembl_scaffold/,mol726,-11.03,CN1[C@@H](Cc2c[nH]c3ccc(-n4cnnc4)cc23)C[C@@H]2CN(CCc3cccc(F)c3)C[C@@H]21,0.17307692307692307,0.11066405559907642
./chembl_scaffold/,mol785,-10.5,Cc1cc(C(=O)N2Cc3cccn3Cc3ccccc32)ccc1CNC(=O)N1CCC[C@H]1C(=O)N(C)C,0.34831460674157305,0.13714934238802456
./chembl_scaffold/,mol1010,-11.41,Cc1cc2c(cc1O)CC[C@](C)(COc1ccc(C[C@@H]3SC(=O)NC3=O)cc1)O2,0.20454545454545456,0.12529360558496364
./chembl_scaffold/,mol340,-10.69,CC(C)[C@@H](CN1CC[C@@](C)(c2cccc(O)c2)[C@@H](C)C1)NC(=O)[C@@H]1Cc2ccc(O)cc2CO1,0.22429906542056074,0.13813320294330655
./chembl_scaffold/,mol252,-10.9,O=C(Nc1ccc2c(c1)NC(=O)[C@H](N1CCOCC1)C2)N[C@@H]1CC(CF)(CF)Oc2cc(Cl)ccc21,0.21428571428571427,0.13056408074459344
./chembl_scaffold/,mol889,-10.89,Cn1c2c(c3cc(C(=O)NCCCC(=O)NC4CC4)ccc31)C[C@H](C1CCOCC1)CC2,0.23157894736842105,0.11996873377581584
./chembl_scaffold/,mol809,-10.76,O=c1[nH]c(-c2ccc(CN3CCS(=O)(=O)CC3)cc2)nc2sc3c(c12)CC[C@H](CO)C3,0.23469387755102042,0.13143840045685573
./chembl_scaffold/,mol197,-10.29,CC(C)(N)C(=O)N[C@H](Cc1c[nH]c2ccccc12)C(=O)N1CCC2(CC1)C[C@H](O)c1ccccc1O2,0.22900763358778625,0.12748400613376518
./chembl_scaffold/,mol972,-11.41,Cc1cnc2[nH]cc(-c3ncc(F)c(N[C@H]4CCC[C@@H](NC(=O)N5CCOCC5)C4)n3)c2c1,0.297029702970297,0.13464594013207132
./chembl_scaffold/,mol791,-13.21,O=C(c1cc(Cc2n[nH]c(=O)c3ccccc23)cc(F)c1F)N1CCN(C2CCCCC2)CC1,0.23157894736842105,0.12706327918880617
./chembl_scaffold/,mol1018,-11.2,[H]/N=C(/N)Nc1ccc(CCC(=O)Nc2ccc3c(C)cc(=O)oc3c2)cc1,0.20689655172413793,0.11102244269223582
./chembl_scaffold/,mol992,-12.11,[H]/N=C(\N)c1ccc(C[C@H]2NCCn3c2nc2cc(C4(C(=O)N5CCCC5)CCC4)ccc23)cc1,0.19230769230769232,0.10933653819995218
./chembl_scaffold/,mol887,-10.28,COc1cccc(F)c1CN1C[C@H](NC(=O)c2ccc3[nH]nc(-c4ccnc(C)c4)c3c2)CC[C@H]1C(N)=O,0.28431372549019607,0.1627623887286926
./chembl_scaffold/,mol969,-11.11,Cc1c2c3cc(NC(=O)[C@@H]4CCCN4C(=O)CN)ccc3nc-2n(C)c2ccccc12,0.27956989247311825,0.15079172350234982
./chembl_scaffold/,mol5,-10.74,CNC(C)(C)C(=O)N1CCN(C(=O)c2cc(Cc3c[nH]c(=O)c4cc(Cl)c(Cl)n34)ccc2F)CC1,0.23622047244094488,0.12126340620226236
./chembl_scaffold/,mol623,-10.59,CN1CCN(CCCC(=O)Nc2nc3cc([C@]4(O)c5ccccc5C(=O)N4Cc4ccccc4)ccc3[nH]2)CC1,0.29591836734693877,0.16610584190188982
./chembl_scaffold/,mol449,-10.49,[H]/N=C(\N)c1cccc(C[C@H](NS(=O)(=O)c2ccc3ccccc3c2)C(=O)N2CCC(N3CCCCC3)CC2)c1,0.24175824175824176,0.13005858666315212
./chembl_scaffold/,mol283,-10.83,CN1C=C(C(=O)NCCCN2CCC(C#N)(c3ccc(F)cc3)CC2)[C@H](c2ccc(F)c(F)c2)NC1=O,0.1937984496124031,0.12462461153114475
./chembl_scaffold/,mol1148,-11.86,O=C(C[C@@H]1CCOC1)Nc1ccc(NC(=O)N2Cc3ccc(CO)cc3C2)cc1,0.23170731707317074,0.12368665037980035
./chembl_scaffold/,mol601,-10.19,NCc1ccc(C[C@H](NS(=O)(=O)c2ccc3ccccc3c2)C(=O)N2CCC(O)CC2)cc1,0.27380952380952384,0.14273744981504302
./chembl_scaffold/,mol614,-11.03,NC(=O)c1ccc2cc([C@@]3(O)CCn4cncc43)ccc2c1,0.1951219512195122,0.10974480604810605
./chembl_scaffold/,mol879,-11.04,O=C(Nc1ccc(C2=CCN(C(=O)C3CCOCC3)CC2)nc1)N1Cc2ccncc2C1,0.25773195876288657,0.11887668692638854
./chembl_scaffold/,mol350,-10.94,CC(=O)n1cc(CN2CCC[C@@H](NC(=O)N3CCc4[nH]nc(-c5ccncc5)c4C3)C2)c2ccccc21,0.26956521739130435,0.13971507173862951
./chembl_scaffold/,mol797,-10.06,CN1[C@H](c2ccc(F)c(C(=O)N3CCOCC3)c2)c2ccc3cccnc3c2NS1(=O)=O,0.24742268041237114,0.13227963911422158
./chembl_scaffold/,mol304,-10.88,Nc1cnc(-c2ccc(-c3ccccc3C(=O)NC3CCOCC3)cc2F)cn1,0.3068181818181818,0.16460983448768898
./chembl_scaffold/,mol1121,-11.42,Cc1ccc(C)c(CC(=O)N2Cc3[nH]nc(NC(=O)c4ccc(N5CCN(C)CC5)cc4)c3C2)c1,0.22448979591836735,0.11862154856735903
./chembl_scaffold/,mol70,-10.4,O=C([C@@H]1C=C2c3cccc4[nH]cc(c34)C[C@H]2N(C(=O)Nc2ccccc2)C1)N1CC[C@@H](O)[C@@H](O)C1,0.24468085106382978,0.13598223128387243
./chembl_scaffold/,mol1080,-10.49,O=C1NC(=O)[C@](CN2Cc3ccc(F)cc3C2=O)(c2ccc(-c3c[nH]c(=O)c(Cl)c3)cc2)N1,0.18888888888888888,0.10192405718664971
./chembl_scaffold/,mol662,-10.09,C[C@H](NC(=O)c1ccc(Cl)c(S(=O)(=O)N2CCOCC2)c1)c1nc2ccccc2[nH]1,0.25,0.14365055088553844
./chembl_scaffold/,mol520,-11.41,CC(C)[C@@H](NC(=O)c1ccc(-c2ccc(CSc3nc4c(c(=O)[nH]3)CCC4)c(F)c2)o1)C(=O)NC1CNC1,0.21014492753623187,0.13278549538931728
./chembl_scaffold/,mol421,-10.85,O=C1[C@@H](NS(=O)(=O)/C=C/c2ccc(Cl)s2)CCN1c1ccc([C@@H]2CCCN2)cc1F,0.1893939393939394,0.10077058479628072
./chembl_scaffold/,mol1083,-10.58,CC1(C)C[C@@H](NC(=O)Nc2ccc3c(c2)NC(=O)CO3)c2cccc(F)c2O1,0.203125,0.1265886060268018
./chembl_scaffold/,mol612,-12.37,COc1ccc2c(c1)C(=O)N(C[C@@]1(C#Cc3ccc(C(=O)N4CCC(N5CCCCC5)CC4)cc3)NC(=O)NC1=O)C2,0.2857142857142857,0.1286296952822624
./chembl_scaffold/,mol605,-11.06,Cc1[nH]c(/C=C2\C(=O)Nc3ccc(-c4cnn(-c5ccccn5)c4)cc32)c(C)c1C(=O)N1CCN(C)CC1,0.2524271844660194,0.1415356630323287
./chembl_scaffold/,mol29,-11.0,C[C@H]1CN(CC(=O)Nc2ccc(-n3ccccc3=O)cc2F)C[C@@H]1NC(=O)c1ccc(Cl)s1,0.22448979591836735,0.13123221098782034
./chembl_scaffold/,mol534,-11.22,CN(C(=O)c1ccccc1)c1ccc2c(c1)[nH]/c(=N\C(=O)c1ccc(-c3csc(N)n3)s1)n2CCC(N)=O,0.19801980198019803,0.10906919957213505
./chembl_scaffold/,mol22,-10.71,CN1CCC(Cn2c(NC(=O)c3ccc4cc5n(c4c3)CCCNC5=O)nc3ccccc32)CC1,0.22772277227722773,0.14175588546091006
./chembl_scaffold/,mol194,-11.37,C[C@@H](Oc1cc(-c2cnc3ccccn23)sc1C(N)=O)c1ccc(CN2CCNC(=O)C2)cc1Cl,0.31,0.14985477002148082
./chembl_scaffold/,mol438,-10.82,CC(=O)Nc1cc(NC2(C(=O)Nc3nc4ccc5[nH]ncc5c4s3)CC2)ccc1F,0.20833333333333334,0.11249514995604229
./chembl_scaffold/,mol146,-10.7,CN1CCc2nc(NC(=O)c3cccc([C@H]4CCCN4C(=O)Nc4cccc(C(N)=O)c4)c3)sc2C1,0.3103448275862069,0.1330276499752928
./chembl_scaffold/,mol1042,-10.65,C[C@@H](CN1CCC2(CC1)C(=O)NCN2c1ccc(F)c(F)c1)NC(=O)c1ccc2ccccc2c1,0.22105263157894736,0.12738762728155298
./chembl_scaffold/,mol412,-13.34,CN[C@@H]1CCc2cc(N3CC[C@H](NS(=O)(=O)c4ccc5cc(Cl)ccc5c4)C3=O)ccc21,0.19672131147540983,0.1247910843030069
./chembl_scaffold/,mol515,-10.44,O=C(C[C@H]1S[C@H](c2ccc(F)cc2F)N(CC(=O)NCCCN2CCOCC2)C1=O)NCc1cccc2ccccc12,0.25892857142857145,0.14597778356358448
./chembl_scaffold/,mol962,-10.31,NC(=O)c1ccc(F)c2c1C[C@H](N(CCc1c[nH]c3ccc(F)cc13)CC1CC1)CO2,0.16071428571428573,0.09698755010099866
./chembl_scaffold/,mol1134,-10.33,O=C(NCCN1CCC2(CC1)C(=O)NCN2c1cccc(F)c1)c1cc2cc(F)ccc2[nH]1,0.21052631578947367,0.12717168933368078
./chembl_scaffold/,mol233,-13.14,O=C(c1cc(Cc2n[nH]c(=O)c3c2CCCC3)ccc1F)N1CCN(Cc2cccc(Cl)c2)CC1,0.2777777777777778,0.15057200354858744
./chembl_scaffold/,mol393,-11.74,Cc1ccc(NC(=O)c2ccc3c(c2)CC[C@@H]2[C@@H]3[C@@H](O)C[C@]3(C)[C@@H](O)CC[C@@H]23)cn1,0.2391304347826087,0.12733540645990044
./chembl_scaffold/,mol898,-11.78,Cc1ccc(C(=O)Nc2ccc(CN3CCN(C)CC3)c(C(F)(F)F)c2)cc1C#Cc1cnc2[nH]c(=O)[nH]c2c1,0.26595744680851063,0.13593486016247477
./chembl_scaffold/,mol396,-10.94,CN1CCc2nc(NC(=O)c3cccc([C@H]4CCCN4C(=O)Nc4ccc(C(N)=O)cc4)c3)sc2C1,0.3103448275862069,0.1328328705636789
./chembl_scaffold/,mol764,-10.71,CS(=O)(=O)NCCCNCc1cccc(-c2ccc(-c3nc4ccccc4[nH]3)s2)c1,0.358974358974359,0.13819183079839242
./chembl_scaffold/,mol19,-11.16,O=C(Nc1nc2cc(Cl)cc(CN3CCOCC3)c2[nH]1)c1ccc2cc3n(c2c1)CCCNC3=O,0.2978723404255319,0.13508250848203895
./chembl_scaffold/,mol478,-11.04,O=C1c2cc(-c3ccnc(NC4CCOCC4)n3)[nH]c2CCN1[C@H](CO)c1ccccc1,0.3020833333333333,0.15789820837185276
./chembl_scaffold/,mol989,-11.27,O=C(Nc1nc2cc([C@]3(O)c4ccccc4C(=O)N3Cc3ccccc3)ccc2[nH]1)OCC1CCNCC1,0.24786324786324787,0.17221376777250477
./chembl_scaffold/,mol1070,-11.2,CN1CCN(C(=O)c2cccc(/C=c3\[nH]c(=O)/c(=C/c4nc[nH]c4C(C)(C)C)[nH]c3=O)c2)CC1,0.24705882352941178,0.12274075590637863
./chembl_scaffold/,mol984,-11.48,Nc1ncc(C2CCOCC2)cc1-c1ccc(C(=O)N[C@H](CO)c2ccccc2)cc1F,0.28888888888888886,0.1465175557113209
./chembl_scaffold/,mol581,-11.16,CN1C(=O)NC(=O)[C@]12Cc1ccc(NC(=O)CN(Cc3cccc(F)c3)C(=O)C(C)(C)C)cc1C2,0.20618556701030927,0.12288399928009605
./chembl_scaffold/,mol185,-11.35,O=C1c2cc(-c3ccnc(NC4CCOCC4)n3)[nH]c2CCN1[C@H](CO)c1ccc(Cl)c(F)c1,0.24528301886792453,0.1481131183408314
./chembl_scaffold/,mol28,-11.49,O=C(Nc1cccc2c1C(=O)c1c(-c3ccc(C(=O)N4CCNCC4)s3)n[nH]c1-2)NN1CCOCC1,0.25,0.12744882984141925
./chembl_scaffold/,mol357,-10.15,CC(=O)N1CCC(N2CCC(c3ccc4c(c3)/C(=C/c3[nH]c(C)c(C(=O)N5CCN(C)CC5)c3C)C(=O)N4)CC2)CC1,0.23076923076923078,0.11980951414324024
./chembl_scaffold/,mol881,-10.04,COc1ncccc1-c1nc2c(C)cc(C3CCNCC3)cc2[nH]1,0.2602739726027397,0.1496812002316767
./chembl_scaffold/,mol250,-11.01,CCCO[C@H]1CCN(C(=O)Cc2cc([C@H]3NC(=O)NC(C)=C3C(=O)Nc3ccc4[nH]ncc4c3)ccc2F)C1,0.22727272727272727,0.136118712418222
./chembl_scaffold/,mol65,-11.38,CN1CCc2nc(C(=O)N[C@@H]3CCCC[C@H]3NC(=O)c3cc4cc(Cl)ccc4[nH]3)sc2C1,0.3655913978494624,0.1362762962448405
./chembl_scaffold/,mol18,-11.47,[H]/N=C1/N[C@](C)(c2sc(-c3nnc(C4Cc5ccccc5C4)o3)cc2Cl)CS(=O)(=O)N1C,0.19827586206896552,0.11689799629755271
./chembl_scaffold/,mol64,-11.42,O=C1[C@@H](NS(=O)(=O)/C=C/c2ccc(Cl)s2)CCN1c1ccc2c(c1F)CCCNC2,0.1702127659574468,0.09892181909768914
./chembl_scaffold/,mol195,-12.29,O=C1[C@@H](NS(=O)(=O)c2ccc3cc(Cl)ccc3c2)CCN1c1ccc2c(c1F)CCCNC2,0.18604651162790697,0.1098362488958378
./chembl_scaffold/,mol1036,-11.1,O=C(c1cc(Cc2n[nH]c(=O)c3ccccc23)ccc1F)N1CCCN(CCO)CC1,0.24444444444444444,0.12694011893213367
./chembl_scaffold/,mol115,-11.24,Cc1cc(C)c(CNC(=O)c2cc(-c3ccc(CN4CCOCC4)cc3)cc3c2CCN3C2CCOCC2)c(=O)[nH]1,0.2857142857142857,0.14946179704086138
./chembl_scaffold/,mol204,-10.59,Cc1cscc1-c1ccc(C(=O)Nc2ncc(CN3CCN(C)CC3)[nH]2)c2nccnc12,0.3125,0.13837067247454315
./chembl_scaffold/,mol1069,-11.56,[H]/N=C(/N)c1ccc(C[C@H]2NCCn3c2nc2cc(C(C)(C)C(=O)N4CCCCC4)ccc23)cc1,0.20388349514563106,0.11663695793517029
./chembl_scaffold/,mol360,-11.25,[H]/N=C1/N[C@@]2(c3cc(NC(=O)c4ncc(Cl)cc4F)ccc3F)CCC[C@H]2S(=O)(=O)N1C,0.2079207920792079,0.12775538223879496
./chembl_scaffold/,mol1016,-10.72,Cc1ccccc1[C@@H](Cc1ccc(N2C(N)=NC(N)=NC2(C)C)cc1)C(=O)Nc1ccc(S(=O)(=O)F)cc1,0.19047619047619047,0.1119025404019185
./chembl_scaffold/,mol13,-11.21,CC1=C(C(=O)Nc2ccc3[nH]ncc3c2)[C@H](c2ccc(F)c(CC(=O)N3CC[C@@H]4CC[C@H](C3)N4C)c2)NC(=O)N1,0.21495327102803738,0.13844012212559856
./chembl_scaffold/,mol771,-11.25,[H]/N=C(/N)c1cccc(Oc2nc(Oc3cccc(C(=O)N4CCN(C)CC4)c3)c(F)c(C)c2F)c1,0.26506024096385544,0.14124544465785416
./chembl_scaffold/,mol249,-10.34,C[C@H]1CNC(=O)c2cc3ccc(C(=O)Nc4nc(C(=O)N[C@H]5CC[C@@H](C)CC5)cs4)cc3n21,0.21782178217821782,0.11896570987471433
./chembl_scaffold/,mol839,-10.38,COc1ccc(-c2ccc3nc(NC(=O)NCCN4CCOCC4)sc3c2)cn1,0.3163265306122449,0.1572833046606
./chembl_scaffold/,mol88,-10.05,O=C(C[C@H]1S[C@H](c2ccccc2Cl)N(CC(=O)NCCCN2CCOCC2)C1=O)NCc1cccc2ccccc12,0.2845528455284553,0.15460524649537566
./chembl_scaffold/,mol426,-10.5,CNS(=O)(=O)c1ccc2c(c1)/C(=C/c1[nH]c3c(c1CCCN1CCN(C(=O)CO)CC1)CCCC3)C(=O)N2,0.19827586206896552,0.124495385235557
./chembl_scaffold/,mol450,-10.41,O=C1[C@@H](NS(=O)(=O)/C=C/c2ccc(Cl)s2)CCN1c1ccc2c(c1)CCCNC2,0.18095238095238095,0.10333092102147318
./chembl_scaffold/,mol96,-10.23,Cc1c(Cc2ccc(F)c(C(=O)N3CCN(C(=O)[C@@]4(Cc5ccc(F)cc5)CCCN4)CC3)c2)n[nH]c(=O)c1C,0.21,0.11816802834620468
./chembl_scaffold/,mol858,-10.8,O=C(CN1CCC[C@H]1C(=O)O)c1ccc2[nH]c3c4c(c5c(c3c2c1)C(=O)NC5=O)CCC4,0.2967032967032967,0.11690557388491585
./chembl_scaffold/,mol1109,-10.65,O=C(Nc1cc(Cn2c(=O)[nH]c(=O)c3ccccc32)ccc1Br)[C@H]1CCNC1,0.23404255319148937,0.13044410519106245
./chembl_scaffold/,mol1073,-11.6,Cc1cc(=O)[nH]c2cc(-c3ccc(C(=O)NCCN4CCOCC4)cc3Cl)ccc12,0.3411764705882353,0.15545800803583706
./chembl_scaffold/,mol939,-10.25,Cc1ccc2[nH]c(SCC(=O)N3CCOc4ccc(CN5C[C@@H](C)O[C@@H](C)C5)cc4C3)nc2c1,0.27884615384615385,0.1332537820660322
./chembl_scaffold/,mol994,-10.48,Cc1c(C)c2c(c(C)c1O)CC[C@H](COc1ccc(C[C@@H]3SC(=O)NC3=O)cc1)O2,0.18888888888888888,0.12908354564521388
./chembl_scaffold/,mol8,-10.58,CC(=O)N1CCN(C(=O)c2cc(Sc3cnc(NC(=O)c4ccc(N(C)C)cc4)s3)ccc2N)CC1,0.21359223300970873,0.11184467510705827
./chembl_scaffold/,mol323,-11.05,O=C1c2[nH]nc(NS(=O)(=O)c3cccc4ccccc34)c2CCN1CC1CCNCC1,0.20212765957446807,0.12961240553644077
./chembl_scaffold/,mol980,-10.36,CC(C)C(=O)Nc1cccc(NC(=S)NC(=O)c2ccc3c(c2)OCO3)c1,0.27848101265822783,0.1279749869498561
./chembl_scaffold/,mol342,-10.98,O=C(NCCN1C[C@H]2C[C@H](n3c(=O)[nH]c4ccccc43)C[C@H]2C1)c1cc2cc(F)ccc2[nH]1,0.18888888888888888,0.12192996502176544
./chembl_scaffold/,mol931,-10.11,NCC1CCN(CC(=O)Nc2cccc3c2C(=O)c2c(C4CC4)n[nH]c2-3)CC1,0.29411764705882354,0.15584300405427465
./chembl_scaffold/,mol310,-10.68,Cc1cc(NC(=O)NCc2ccc(N3C(N)=NC(N)=NC3(C)C)cc2Cl)ccc1S(=O)(=O)F,0.23655913978494625,0.1284865904362123
./chembl_scaffold/,mol458,-10.56,[H]/N=C1\N[C@](C)(c2sc(-c3cncc(-c4ncco4)c3)cc2Cl)CS(=O)(=O)N1C,0.17647058823529413,0.10320357498785183
./chembl_scaffold/,mol559,-11.27,CNC(=O)c1ncc(C#Cc2cc(C(=O)Nc3ccc(CN4CCN(C)CC4)c(C(F)(F)F)c3)ccc2C)n1C,0.2777777777777778,0.13361782431890604
./chembl_scaffold/,mol666,-11.07,CN1CCC(n2c(NC(=O)c3ccc4cc5n(c4c3)CCCNC5=O)nc3ccccc32)CC1,0.23469387755102042,0.13540241714299825
./chembl_scaffold/,mol686,-10.51,CN1CCN(C(=O)N2CCC(Nc3ncc(Cl)c(-c4c[nH]c5ccccc45)n3)CC2)CC1,0.29069767441860467,0.1564294250759917
./chembl_scaffold/,mol693,-10.35,O=C1C[C@@H](COc2nc(-c3ccc4c(c3)CCNC4)cc3ncccc23)CN1,0.3058823529411765,0.13171965660767618
./chembl_scaffold/,mol789,-11.36,C[C@@H]1CN(Cc2c[nH]nc2/C=C2\NC(=S)NC2=O)CCN1c1ccc(C(F)(F)F)cn1,0.21296296296296297,0.12396635939361193
./chembl_scaffold/,mol511,-10.56,CN1Cc2c(C3=CCN(CC(=O)N(C)[C@H]4C[C@H](O)C4)CC3)[nH]c3nccc(c23)-c2cc(F)ccc21,0.2358490566037736,0.1372480213630327
./chembl_scaffold/,mol920,-10.8,O=C(NCCN1CCC2(CC1)C(=O)NCN2c1cccc(Cl)c1)c1cc2cc(F)ccc2[nH]1,0.21649484536082475,0.1352710940992369
./chembl_scaffold/,mol644,-13.13,O=C(c1cc(Cc2n[nH]c(=O)c3ccccc23)cc(F)c1F)N1CCN(Cc2cccnc2)CC1,0.24731182795698925,0.12914752500273896
./chembl_scaffold/,mol981,-10.41,Fc1ccncc1-c1ccc2[nH]nc(-c3cncc(O[C@H]4CNCCC45CC5)n3)c2c1,0.18095238095238095,0.10141705685395054
./chembl_scaffold/,mol285,-11.84,[H]/N=C(\c1ccc(CN2CCN(S(=O)(=O)c3cc4cc(Cl)ccc4[nH]3)CC2=O)cc1)N1CCCC1,0.1794871794871795,0.10877294501904468
./chembl_scaffold/,mol78,-12.5,O=C1[C@@H](NS(=O)(=O)c2ccc3c(Cl)c[nH]c3c2)CCN1c1ccc2c(c1F)CCNC2,0.18627450980392157,0.10696355385101511
./chembl_scaffold/,mol228,-10.18,[H]/N=C(/N)c1ccc2[nH]c(-c3cc(C)cc(Cl)c3O)cc2c1,0.16346153846153846,0.0939287225474622
./chembl_scaffold/,mol429,-10.77,CN1CCN(Cc2ccc(C(=O)Nc3sc(-c4ccnc(Cl)c4)nc3C(N)=O)cc2)CC1,0.2967032967032967,0.15390839935333184
./chembl_scaffold/,mol1155,-11.9,CN1C[C@@H](NC(=O)Nc2cc3[nH]nc(-c4ccc(F)cc4)c3cn2)[C@H](c2ccccc2)C12COC2,0.2222222222222222,0.14106790897704066
./chembl_scaffold/,mol307,-11.23,O=C(CN1CCC(O)CC1)Nc1cccc2c1C(=O)c1c(-c3ccc(N4CCOCC4)cc3)n[nH]c1-2,0.3,0.1592220221409692
./chembl_scaffold/,mol669,-10.26,[H]/N=C(/N)c1ccc2[nH]c(-c3ccccc3O)cc2c1,0.17647058823529413,0.09303380154625976
./chembl_scaffold/,mol1167,-11.54,NC(=O)c1ccc2c(c1)CCO[C@@H]2CCN1CC[C@@H](c2c[nH]c3cc(F)ccc23)C1,0.21649484536082475,0.12329157406087227
./chembl_scaffold/,mol647,-10.28,Cn1cc(S(=O)(=O)NCc2cccc([C@@]3(Cc4ccccc4)CCNC3)c2)cn1,0.2222222222222222,0.14181707110086222
./chembl_scaffold/,mol373,-10.44,O=C(CN1C[C@H](F)[C@H](NC(=O)c2ccc(Cl)s2)C1)Nc1ccc(-n2ccccc2=O)cc1F,0.2268041237113402,0.12319551799523057
./chembl_scaffold/,mol282,-11.47,CN1C=C(C(=O)NCCCN2CCC(C#N)(c3ccc(F)cc3)CC2)[C@@H](c2ccc(F)c(F)c2)NC1=O,0.1937984496124031,0.12462461153114475
./chembl_scaffold/,mol786,-11.72,O=C1NC[C@@]2(CCCNC2)c2[nH]c(-c3ccnc(-c4cc5ccccc5o4)n3)cc21,0.20224719101123595,0.12093970456424379
./chembl_scaffold/,mol970,-10.67,O=C(NCCN1CCC2(CC1)C(=O)NCN2Cc1cccc(Cl)c1)c1ccc2ccccc2c1,0.26436781609195403,0.14899060066847863
./chembl_scaffold/,mol999,-12.11,O=C(Nc1ccc(C2=CCN(C(=O)[C@@H]3CCOC3)CC2)cn1)N1Cc2ccccc2C1,0.2696629213483146,0.13368497563079076
./chembl_scaffold/,mol542,-10.43,[H]/N=C1/N[C@](C)(c2sc(-c3nnc(-c4ccc(Cl)cc4)o3)cc2Cl)CS(=O)(=O)N1C,0.1927710843373494,0.10688711402431274
./chembl_scaffold/,mol1020,-11.05,CCN1CCN(Cc2ccc(C#C[C@]3(CN4Cc5ccc(OC)c(F)c5C4=O)NC(=O)NC3=O)cc2)CC1,0.2268041237113402,0.11518308500567144
./chembl_scaffold/,mol513,-10.73,O=C(CN1CCN(C(=O)c2ccccc2)CC1)Nc1ccc(/N=C2\SCC(=O)N2Cc2cccs2)cc1,0.22826086956521738,0.10848095856061332
./chembl_scaffold/,mol584,-11.91,O=C1COc2ccc(-c3ccc(N4C[C@H](CNC(=O)C5CC5)OC4=O)cc3F)cc2N1,0.2621359223300971,0.12959489384016123
./chembl_scaffold/,mol34,-11.78,O=C(c1cc(Cc2c[nH]c(=O)c3cc(Cl)c(Cl)n23)ccc1F)N1CCC2(CC1)NCNC2=O,0.18627450980392157,0.10412924045995886
./chembl_scaffold/,mol580,-12.35,O=C1Nc2ccc(-c3csc(-c4ccccc4)n3)cc2/C1=C/c1ccc(C(=O)NCCN2CCOCC2)c(=O)[nH]1,0.2641509433962264,0.1469739770153098
./chembl_scaffold/,mol291,-11.21,CN1CCN(C(=O)c2ccc(NC(=O)c3csc4c(=O)[nH]cnc34)c(C3CCCCC3)c2)CC1,0.26881720430107525,0.12267921471155947
./chembl_scaffold/,mol759,-10.62,NCC1CCN(CC(=O)Nc2cccc3c2C(=O)c2c-3n[nH]c2C2CCCCC2)CC1,0.2696629213483146,0.154784170055689
./chembl_scaffold/,mol738,-11.69,O=C(NCCN1CCN(c2ccncc2)CC1)c1ccc2[nH]c(=O)c3c(c2c1)CCSC3,0.22340425531914893,0.11470828269069883
./chembl_scaffold/,mol954,-11.87,C[C@H](CNC(=O)c1ccc(CN2CCN(C)CC2)cc1)Cc1ccc2cc(NC(=O)C3CC3)ncc2c1,0.3068181818181818,0.15693781187060582
./chembl_scaffold/,mol979,-12.51,C[C@@H]1CN(Cc2c[nH]nc2-c2ccc3oc(=O)[nH]c(=O)c3c2)CCN1c1ccc(C(F)(F)F)cn1,0.2616822429906542,0.13678808281873464
./chembl_scaffold/,mol1047,-10.46,O=C(CN1CC[C@@H](NC(=O)c2ccc(Cl)s2)C1)Nc1ccc(-n2ccccc2=O)cc1F,0.25225225225225223,0.13540278615133722
./chembl_scaffold/,mol418,-10.66,O=C1[C@H]2Cc3c([nH]c4ccccc34)[C@@H](c3ccc(O)nc3)N2C(=O)CN1[C@@H]1CCN(Cc2ccccc2)C1,0.2828282828282828,0.13307686825678638
./chembl_scaffold/,mol223,-10.56,[H]/N=C(\N)c1ccc2[nH]c(-c3cccc(OCC)c3O)cc2c1,0.21951219512195122,0.12878426306665605
./chembl_scaffold/,mol918,-10.29,CN(C)CCc1c(C(=O)NCc2cccc(Cl)c2)[nH]c2ccc(CCN3C(=O)NC(C)(C)C3=O)cc12,0.21782178217821782,0.13267536168140232
./chembl_scaffold/,mol990,-11.73,[H]/N=C1\N[C@](C)(c2sc3c(-c4ccc(C5CC5)nc4)cccc3c2F)CS(=O)(=O)N1C,0.21212121212121213,0.14064544704976709
./chembl_scaffold/,mol871,-10.07,O=C(NCc1cc2ccccc2[nH]1)N1CCc2cnc(NC3CCOCC3)nc2C1,0.29347826086956524,0.1515829492567657
./chembl_scaffold/,mol598,-11.06,CCN1CCC2(CC1)CNC(=O)c1cc(-c3ccnc(-c4cc5ccccc5o4)n3)[nH]c12,0.24175824175824176,0.13910694092737066
./chembl_scaffold/,mol868,-10.77,O=C(c1cc2cc(F)ccc2[nH]1)N1C[C@@]2(CCN([C@@H]3CCCNC3)C2)c2ccccc21,0.1941747572815534,0.10647473849872702
./chembl_scaffold/,mol36,-11.48,NC(=O)N1CCc2c(c(-c3ccc(Cl)c(C#Cc4ccc(C(=O)NC[C@@H]5CCCN5)cc4)c3)nn2CCCN2CCSCC2)C1,0.20422535211267606,0.12543135869654368
./chembl_scaffold/,mol491,-11.34,C[C@H](NC(=O)N1CCc2cnc(NC3CCOCC3)nc2C1)c1ccc2cc[nH]c2c1,0.25961538461538464,0.1365408728693937
./chembl_scaffold/,mol144,-10.11,CN1CCC(NC(=O)c2csc(NC(=O)c3ccc4cc5n(c4c3)C(C)(C)CNC5=O)n2)CC1,0.23529411764705882,0.11931935830689999
./chembl_scaffold/,mol793,-11.49,CN1C[C@H](c2cccc(F)c2F)CC[C@@H](NC(=O)c2ccc3c(c2)C[C@@]2(C3)C(=O)Nc3ncccc32)C1=O,0.22,0.13023845472454434
./chembl_scaffold/,mol692,-11.84,CC(C)(C(=O)NC(N)=O)[C@H]1c2ccccc2Oc2nc(-c3ccc(C(=O)N4CCOCC4)cc3)ccc21,0.3058823529411765,0.14180052315095432
./chembl_scaffold/,mol56,-10.67,CCN1CCC(NC(=O)c2csc(NC(=O)c3ccc4cc5n(c4c3)[C@@H](C)CNC5=O)n2)CC1,0.23076923076923078,0.13051432328277776
./chembl_scaffold/,mol715,-11.34,O=S(=O)(NCCCN1CCOCC1)c1ccc2c(c1)Cc1c-2nc(O)c2ccccc12,0.29896907216494845,0.14514961720183114
./chembl_scaffold/,mol690,-10.79,CN1CCc2nc(NC(=O)c3cccc([C@H]4CNC[C@@H]4C(=O)Nc4ccc(C#N)cc4)c3)sc2C1,0.3431372549019608,0.1353316214941309
./chembl_scaffold/,mol80,-11.3,O=C1[C@@H](NS(=O)(=O)/C=C/c2ccc(Cl)s2)CCN1c1ccc2c(c1F)CCNC2,0.18681318681318682,0.09905513543021709
./chembl_scaffold/,mol167,-10.24,C[C@H]1C(=O)NC(=O)[C@]12Cc1cc3ccc(CN4CCC(Cn5ccnc5)CC4)nc3cc1C2,0.2871287128712871,0.12917562813377406
./chembl_scaffold/,mol54,-11.16,O=C(Cc1ccc(F)cc1)N/N=C1\C(=O)Nc2ccc(C(=O)N3CCC(NC4CC4)CC3)c(Cl)c21,0.22641509433962265,0.12289001508062534
./chembl_scaffold/,mol118,-10.77,C[C@H]1CN2CCC[C@H]2CN1C(=O)N1Cc2c(NC(=O)c3ccc(F)c(Cl)c3)n[nH]c2C1(C)C,0.22608695652173913,0.12554623278671967
./chembl_scaffold/,mol333,-10.62,O=c1[nH]c(=O)c2cc(-c3n[nH]cc3CN3[C@@H]4CC[C@H]3CN(c3ccc(C(F)(F)F)cn3)C4)ccc2o1,0.22093023255813954,0.12458659530698166
./chembl_scaffold/,mol1049,-10.89,N#CC1(c2ccc(F)cc2)CCN(CCCNC(=O)C2=CNC(=O)N[C@@H]2c2ccc(F)c(F)c2)CC1,0.1875,0.11762381313631076
./chembl_scaffold/,mol247,-10.44,CN1CCN(C(=O)[C@H]2CCc3c(sc4ncnc(Nc5ccc6[nH]c(=O)sc6c5)c34)C2)CC1,0.21495327102803738,0.1269987498452687
./chembl_scaffold/,mol138,-11.32,CN(C[C@@H](O)CN1CCC(Oc2ccc(Cl)c(Cl)c2)CC1)C(=O)c1c[nH]c(=O)c2ccccc12,0.25263157894736843,0.13966604216300998
./chembl_scaffold/,mol1128,-10.7,O=C(CN1CC[C@@H](NS(=O)(=O)c2ccccc2)C1)N[C@H]1CCc2cc(F)ccc2[C@H]1Cc1cccnc1,0.23333333333333334,0.14677273594340637
./chembl_scaffold/,mol1,-10.96,C[C@H]1CN2CCC[C@H]2CN1C(=O)N1Cc2c(NC(=O)c3ccc4cnccc4n3)n[nH]c2C1(C)C,0.2222222222222222,0.12193453232011339
./chembl_scaffold/,mol488,-10.86,Cc1cc(-c2n[nH]c3ccc(C(=O)NN4CCC[C@](CO)(Oc5cc(F)ccc5F)C4)cc23)ccn1,0.21929824561403508,0.1301359878219741
./chembl_scaffold/,mol796,-10.81,CC(C)(O)[C@@H]1Cc2cc([C@@H]3CCc4ccc(O)cc4O3)ccc2O1,0.2702702702702703,0.09834740011627445
./chembl_scaffold/,mol1006,-11.64,O=C(N[C@@H]1COCCN(CCc2cccc(F)c2)C1)c1ccc2[nH]nc(-c3ccncc3)c2c1,0.25274725274725274,0.1416829690848449
./chembl_scaffold/,mol525,-11.11,[H]/N=C(/C)N1CCC(N(CC(N)=O)c2ccc3c(c2)nc(C)n3Cc2ccc3ccc(/C(N)=N\[H])cc3c2)CC1,0.20952380952380953,0.12234312509611155
./chembl_scaffold/,mol231,-11.67,O=C1O[C@@H](CNC(=S)Nc2cccc(C(F)(F)F)c2)CN1c1ccc(N2CC3(COC3)C2)c(F)c1,0.22,0.11562106877399383
./chembl_scaffold/,mol782,-11.82,NC(=O)c1ccc(F)c2c1C[C@@H](NC[C@H]1CCc3[nH]c4ccc(F)cc4c3C1)CO2,0.21212121212121213,0.11081769930760603
./chembl_scaffold/,mol469,-10.07,C[C@@]12CCN[C@@H]1Nc1ccc(OC(=O)Nc3ccccc3)cc12,0.2375,0.13509120884151654
./chembl_scaffold/,mol32,-10.29,Cc1cc(C[C@@H](NC(=O)N2CCN(c3ccccc3)CC2)C(=O)N2CCC(N3CCCCC3)CC2)cc2cn[nH]c12,0.26,0.14837084497479505
./chembl_scaffold/,mol218,-10.49,Cc1cccc2c1-c1ccc(C(=O)N=C(N)N)cc1[C@@]2(C)O,0.2191780821917808,0.11358758207093346
./chembl_scaffold/,mol370,-10.23,CNCCN1CCC(c2ccc3[nH]c(-c4cccnc4OC)nc3c2)CC1,0.30612244897959184,0.17081325914475778
./chembl_scaffold/,mol677,-10.41,CN1C(=O)NC(=O)[C@]12Cc1ccc(NC(=O)CN(Cc3cccc(C#N)c3)C(=O)C(C)(C)C)cc1C2,0.2571428571428571,0.13217508137321196
./chembl_scaffold/,mol303,-10.05,CC1(C)CC(c2ccc(S(=O)(=O)Nc3cc4c(=O)[nH]ccc4cc3F)s2)=CNC1=O,0.20408163265306123,0.09251578244333146
./chembl_scaffold/,mol1068,-10.5,Cc1ccc(-c2cc(=O)c3ccc(OC[C@@H](O)CNC(C)C)cc3o2)cc1,0.25609756097560976,0.12108282210324443
./chembl_scaffold/,mol234,-10.06,CN1C[C@H]2C[C@@H]1CN2C(=O)[C@H]1CCc2c(sc3ncnc(Nc4ccc5[nH]c(=O)sc5c4)c23)C1,0.19642857142857142,0.12037979369913392
./chembl_scaffold/,mol293,-10.72,CC(C)(N)C(=O)N[C@H](Cc1c[nH]c2ccccc12)C(=O)N1CCC[C@]2(CC1)C(=O)Nc1ccccc12,0.24427480916030533,0.12036707616324313
./chembl_scaffold/,mol1127,-10.83,O=C(CN1CC[C@H](NS(=O)(=O)c2ccccc2)C1)N[C@H]1CCc2cc(F)ccc2[C@H]1Cc1cccnc1,0.23333333333333334,0.14677273594340637
./chembl_scaffold/,mol145,-10.17,Cc1ccc(F)cc1-c1cc2cnc(NC(=O)C3CC3)cc2c(O[C@@H]2CCNC2)n1,0.24731182795698925,0.14953315882466292
./chembl_scaffold/,mol105,-12.13,O=C1NCCN(Cc2cnc3cc4c(cc3c2)C[C@@]2(C4)C(=O)Nc3ncccc32)[C@@H]1c1ccc(F)cc1,0.21495327102803738,0.12200171822786121
./chembl_scaffold/,mol930,-10.88,O=C(N[C@@H]1COCCN(CCc2c(F)cccc2F)C1)c1ccc2[nH]nc(-c3ccncc3)c2c1,0.25842696629213485,0.13976518193673465
./chembl_scaffold/,mol232,-11.19,Nc1ccc(F)cc1NC(=O)c1cnc2c(C3CC3)c(N3CCNCC3)ccc2c1,0.25,0.12767589095091908
./chembl_scaffold/,mol444,-10.95,NC(=O)[C@@H]1CCCN1C(=O)CCC(=O)c1ccc2[nH]c3c4c(c5c(c3c2c1)C(=O)NC5=O)CCC4,0.22916666666666666,0.10688742578780205
./chembl_scaffold/,mol691,-10.34,CC(C)N[C@H](O)COc1ccc2c(=O)cc(-c3ccccc3)oc2c1,0.3157894736842105,0.13836847254315737
./chembl_scaffold/,mol820,-10.17,Nc1ccc2c(c1)N(Cc1c[nH]cn1)CCN(C(=O)c1cccc3ccccc13)C2,0.2268041237113402,0.13362767498500372
./chembl_scaffold/,mol1158,-11.07,COc1ccc(F)cc1-c1ccnc2[nH]c(C3=CCN(CC(=O)N4CCC[C@H]4C(N)=O)CC3)cc12,0.2621359223300971,0.1516717640305704
./chembl_scaffold/,mol1184,-10.43,CN1CCc2nc(C(=O)Nc3ccccc3CNC(=O)c3cc(Cl)c[nH]3)sc2C1,0.449438202247191,0.16307738276989395
./chembl_scaffold/,mol353,-11.03,CCN1CCN(Cc2ccc(C#C[C@]3(CN4Cc5ccc(OC)c(F)c5C4=O)NC(=O)NC3=O)cc2F)CC1,0.22,0.11589350731104217
./chembl_scaffold/,mol403,-12.22,COCC(=O)N1CCN(Cc2ccc3[nH]c(-c4cc5cc(-c6cn[nH]c6)ccc5[nH]c4=O)cc3c2)CC1,0.2826086956521739,0.15353655714627454
./chembl_scaffold/,mol546,-11.2,Nc1ccccc1NC(=O)c1ccc(NC(=O)NCc2ccc(Cl)nc2)cc1,0.3582089552238806,0.14178344475248644
./chembl_scaffold/,mol140,-10.11,C[C@@H](C(=O)N1CCNCC1)N1CC[C@H](NS(=O)(=O)c2ccc3cc(Cl)ccc3c2)C1=O,0.21176470588235294,0.1402117702922148
./chembl_scaffold/,mol837,-12.6,O=C(Nc1ccc(C2=CCN(C(=O)[C@@H]3COCCO3)CC2)cn1)N1Cc2ccccc2C1,0.24444444444444444,0.1261376410264988
./chembl_scaffold/,mol162,-13.47,O=C(CN1C(=O)C2(CCCC2)NC[C@H]1c1cc(F)cc(F)c1)Nc1ccc2c(c1)C[C@@]1(C2)N=C(c2ccccc2)NC1=O,0.21,0.13102140322136419
./chembl_scaffold/,mol402,-11.29,O=C(N[C@@H]1Cc2ccc(CN3CCCCCC3)cc2C1)c1ccc(OC[C@@H]2CCCO2)cn1,0.3132530120481928,0.15574610377474996
./chembl_scaffold/,mol95,-11.48,Cc1c(Cc2ccc(F)c(C(=O)N3CCN(C(=O)[C@]4(Cc5ccc(F)cc5)CCCN4)CC3)c2)n[nH]c(=O)c1C,0.21,0.11816802834620468
./chembl_scaffold/,mol802,-10.46,C[C@H](c1cc(F)cc(F)c1)N(CC(=O)Nc1ccc2c(c1)C[C@@]1(C2)C(=O)NC(=O)N1C)C(=O)C(C)(C)C,0.18095238095238095,0.10231907825449386
./chembl_scaffold/,mol381,-10.23,O=C([C@@H]1C=C2c3cccc4[nH]cc(c34)C[C@H]2N(C(=O)Nc2ccccc2)C1)N1CC[C@@H](O)C1,0.2826086956521739,0.13858042714835456
./chembl_scaffold/,mol554,-10.53,CC(C)(O)CN1CCC(c2nc(COc3ccc(/C=C4\CC(=O)NC4=O)cc3)cs2)CC1,0.23148148148148148,0.129669530597599
./chembl_scaffold/,mol355,-13.69,O=C1[C@@H](NS(=O)(=O)c2ccc3cc(Cl)ccc3c2)CCN1c1cc2c(cc1F)CNCC2,0.20454545454545456,0.10868719991701012
./chembl_scaffold/,mol629,-11.56,O=C1NC=C(C(=O)NCCCN2CCC(O)(c3ccc(F)cc3)CC2)[C@@H](c2ccc(F)c(F)c2)N1,0.18556701030927836,0.1118665402704491
./chembl_scaffold/,mol180,-11.54,O=C(NCCN1CCOCC1)Nc1cccc(-c2ccc3nc(NC(=O)C4CC4)sc3n2)c1,0.28431372549019607,0.1567314885328046
./chembl_scaffold/,mol171,-11.08,Cc1cc(C)c(CNC(=O)c2cc(-c3ccc(N4CCNCC4)nc3)cc3c2[C@H](C)CN3C(C)C)c(=O)[nH]1,0.22115384615384615,0.1351812647432104
./chembl_scaffold/,mol361,-11.32,CC(=O)Oc1cc2c(cc1C)O[C@@](C)(COc1ccc(C[C@H]3SC(N)=NC3=O)cc1)CC2,0.23958333333333334,0.13416436710884913
./chembl_scaffold/,mol372,-10.57,CC(C)(N)C(=O)N[C@H](Cc1c[nH]c2ccccc12)C(=O)N1CCC2(CC1)CC(=O)c1ccccc1O2,0.2421875,0.14055991954341532
./chembl_scaffold/,mol1059,-10.04,N#Cc1ccc(C(=O)Nc2cc(F)c(Cl)c([C@]3(CF)N=C(N)O[C@H]4C[C@H]43)c2)nc1,0.25252525252525254,0.14007250346026423
./chembl_scaffold/,mol1135,-10.12,O=C(NCc1ccc2cc[nH]c2c1)N1CCc2cnc(NC3CCOCC3)nc2C1,0.26804123711340205,0.14636088813714698
./chembl_scaffold/,mol314,-10.36,O=C([C@@H]1C=C2c3cccc4[nH]cc(c34)C[C@H]2N(C(=O)Nc2ccccc2)C1)N1CCC(O)CC1,0.2808988764044944,0.1415910475095622
./chembl_scaffold/,mol453,-10.13,CN1C[C@@](C)(c2cc(F)cc(F)c2)N(CC(=O)Nc2ccc3c(c2)C[C@@]2(C3)C(=O)Nc3ncccc32)C(=O)C1(C)C,0.19,0.12260739868063589
./chembl_scaffold/,mol582,-10.06,O=C([C@@H]1C=C2c3cccc4[nH]cc(c34)C[C@H]2N(C(=O)N[C@H]2CC[C@H](O)CC2)C1)N1CCCC1,0.24731182795698925,0.13305565878589296
./chembl_scaffold/,mol440,-10.63,[H]/N=C(/N)c1ccc2[nH]c(-c3cc(C)ccc3O)cc2c1,0.17045454545454544,0.08397976693771454
./chembl_scaffold/,mol1009,-12.45,CCc1cc(O)ccc1-c1ccc2c(-c3nc4c([nH]3)C[C@@H](C(=O)N3CC(N(C)C)C3)N(C(C)C)C4)n[nH]c2c1,0.1896551724137931,0.1285430487654069
./chembl_scaffold/,mol521,-12.33,O=C1COc2ccc(-c3ccc(N4C[C@H](CNC(=O)C5CCC5)OC4=O)cc3F)cc2N1,0.2571428571428571,0.12867707791287608
./chembl_scaffold/,mol1154,-10.44,[H]/N=C(/N)c1ccc2[nH]c(-c3cccc(C(C)(C)C)c3O)nc2c1,0.19444444444444445,0.11411853553732718
./chembl_scaffold/,mol1103,-11.67,CN1CCN(c2ccc3nc(-c4ccc5nc(-c6ccc(OCCOCCO)cc6)[nH]c5c4)[nH]c3c2)CC1,0.23255813953488372,0.12301510824607148
./chembl_scaffold/,mol660,-10.72,O=C(N[C@@H]1CCC[C@H](Nc2nc(-c3c[nH]c4ncc(Cl)cc34)ncc2F)C1)N1CCOCC1,0.2727272727272727,0.13302792112178022
./chembl_scaffold/,mol494,-11.91,O=C(N[C@H]1C[C@@H](c2c(F)cccc2Cl)CN(CC(F)(F)F)C1=O)c1cnc2c(c1)C[C@@]1(C2)C(=O)Nc2ncccc21,0.20909090909090908,0.13802117140286818
./chembl_scaffold/,mol229,-11.3,O=C(N[C@H]1C[C@@H](c2cccc(F)c2F)CN(CC2CCC2)C1=O)c1cnc2c(c1)C[C@@]1(C2)C(=O)Nc2ncccc21,0.20869565217391303,0.13164226938344978
./chembl_scaffold/,mol292,-12.06,[H]/N=C(\c1ccc(CN2CCN(S(=O)(=O)c3cc4cc(Cl)ccc4[nH]3)CC2=O)cc1)N1CCCCC1,0.17796610169491525,0.10789649946454284
./chembl_scaffold/,mol362,-11.94,Cc1[nH]c2ccccc2c1CC(=O)N1Cc2[nH]nc(NC(=O)c3ccc(N4CCN(C)CC4)cc3)c2C1,0.22772277227722773,0.11733988701399227
./chembl_scaffold/,mol220,-10.93,CN1C(=O)NC(=O)[C@]12Cc1ccc(NC(=O)CN(Cc3cccc(Cl)c3)C(=O)C(C)(C)C)cc1C2,0.19811320754716982,0.1327004548409206
./chembl_scaffold/,mol701,-12.64,O=C(CN1CCN(C(=O)c2cc(Cc3n[nH]c(=O)c4c3CCCC4)ccc2F)CC1)N1CCCC1,0.20652173913043478,0.11801428570762958
./chembl_scaffold/,mol1044,-10.33,O=C1N[C@H](Cc2c[nH]cn2)C(=O)N1C[C@@H](CCN1CCC(c2ccccc2)CC1)c1ccccc1,0.24,0.12286832591313682
./chembl_scaffold/,mol38,-10.85,CN1CCCN(C(=O)c2ccc(-c3[nH]nc4c3C(=O)c3c(NC(=O)NN5CCOCC5)cccc3-4)s2)CC1,0.25,0.13275805006059496
./chembl_scaffold/,mol359,-11.35,O=C1c2[nH]nc(NS(=O)(=O)c3ccc4ccccc4c3)c2CCN1CC1CCNCC1,0.1919191919191919,0.12466430643998053
./chembl_scaffold/,mol206,-10.27,O=C(NCCN1CCOCC1)c1ccccc1N1C(=O)[C@@H]2Cc3c([nH]c4ccccc34)[C@@H](c3ccccc3)N2C1=O,0.24,0.11931178698348881
./chembl_scaffold/,mol1089,-10.07,NC1=N[C@@](c2cccc(NC(=O)c3ccc(O)cn3)c2)(C2CCCCC2)CS1,0.27586206896551724,0.1324943053810592
./chembl_scaffold/,mol894,-11.43,CN1CCN(CCCOc2cccc(CC(=O)Nc3nc(-c4c[nH]c5ncccc45)cs3)c2)CC1,0.2892561983471074,0.15804155424709762
./chembl_scaffold/,mol712,-11.19,CC1(C)N=C(c2ccc(-c3nc4ccccc4[nH]3)cc2)N(C[C@@H]2CCN(C(=O)C3CC3)C2)C1=O,0.2717391304347826,0.14514326946770842
./chembl_scaffold/,mol216,-11.67,CC(C)(O)[C@@H]1Cc2cc3c(cc2O1)O[C@H](c1ccc(O)cc1)CC3=O,0.38235294117647056,0.11012626929991211
./chembl_scaffold/,mol394,-11.13,CC(C)(N)C(=O)N[C@H](Cc1c[nH]c2ccccc12)C(=O)N1CCC2(CC1)Cc1ccccc1C2=O,0.234375,0.1365795484624971
./chembl_scaffold/,mol198,-10.06,CN1CCN(CCn2cc3c4c(cccc42)C2=C[C@@H](C(=O)N4CCCC4)CN(C(=O)Nc4ccccc4)[C@@H]2C3)CC1,0.26262626262626265,0.14930468184230142
./chembl_scaffold/,mol1119,-10.35,CN1CCN(S(=O)(=O)c2cccc(C(=O)Nc3nc(-c4ccccc4)cs3)c2)CC1,0.28735632183908044,0.14755565104167995
./chembl_scaffold/,mol117,-13.45,O=C1[C@@H](NS(=O)(=O)c2ccc3cc(Cl)ccc3c2)CCN1c1ccc2c(c1F)CCNC2,0.20224719101123595,0.11014352356169525
./chembl_scaffold/,mol883,-12.69,O=C(Nc1ccc(C2=CCN(C(=O)C3CCOCC3)CC2)cn1)N1Cc2ccccc2C1,0.29069767441860467,0.1348923192808929
./chembl_scaffold/,mol971,-10.13,C[C@H]1CNC(=O)c2cc3ccc(C(=O)Nc4nc(C(=O)NCC(C)(C)C)cs4)cc3n21,0.20588235294117646,0.12201926308053918
./chembl_scaffold/,mol506,-11.6,O=S(=O)(Nc1ncns1)N1CCc2c(cccc2-c2cccc3c2CCNC3)C1,0.24324324324324326,0.12741730632887016
./chembl_scaffold/,mol932,-10.36,CC1(CNCc2ccc3c(c2)C[C@H](NC(=O)c2ccc(OCC4CC4)cn2)C3)CC1,0.29545454545454547,0.15395109599785028
./chembl_scaffold/,mol937,-10.22,COc1ccc2c(c1)c(/C=C1\C(=O)Nc3ccc(S(=O)(=O)NCC(C)C)cc31)cn2C,0.18584070796460178,0.11054892516187949
./chembl_scaffold/,mol922,-12.04,O=C(NC[C@H]1CCC2(CCNCC2)CO1)c1ccc(NC(=O)N2Cc3ccncc3C2)cc1,0.23404255319148937,0.12516335040928653
./chembl_scaffold/,mol174,-13.53,N[C@H]1CCc2cc(N3CC[C@H](NS(=O)(=O)c4ccc5cc(Cl)ccc5c4)C3=O)ccc21,0.1836734693877551,0.1172866410978729
./chembl_scaffold/,mol227,-10.06,COCCN1CCN(Cc2ccc(-c3cc(C(N)=O)c4[nH]c5cc(N6CCOCC6)ccc5c4n3)s2)CC1,0.24742268041237114,0.12867802866191694
./chembl_scaffold/,mol430,-10.5,CC1(N)CCN(c2ccc(N3C[C@H](CNC(=O)c4ccc(Cl)s4)OC3=O)cc2F)CC1,0.19672131147540983,0.13030546809753105
./chembl_scaffold/,mol766,-10.06,N#Cc1cnc(C(=O)Nc2ccc(Cl)c([C@@]3(CF)N=C(N)O[C@@H]4C[C@@H]43)c2)c(Cl)c1,0.23333333333333334,0.13033225890477193
./chembl_scaffold/,mol309,-12.16,O=C(CN1C(=O)C2(CCCC2)NC[C@H]1c1cc(F)cc(F)c1)Nc1ccc2c(c1)C[C@@]1(C2)C(=O)Nc2ncccc21,0.18269230769230768,0.12214207481860746
./chembl_scaffold/,mol687,-10.66,CN(C)CCNC(=O)c1cccc(-c2cnc3c(NC=O)cc(-c4ccc(C(=O)N5CCOCC5)cc4)cn23)c1,0.2903225806451613,0.14746060981200987
./chembl_scaffold/,mol787,-11.76,Nc1ccccc1NC(=O)c1cc2ccc(N3CCNCC3)c(C3CC3)c2cn1,0.35802469135802467,0.14854791714352625
./chembl_scaffold/,mol139,-10.2,C[C@H]1CNC(=O)c2[nH]c3ccc(C(=O)Nc4nc(C(=O)NC5CCN(C)CC5)cs4)cc3c21,0.25742574257425743,0.12100372791342995
./chembl_scaffold/,mol832,-10.62,O=C(NCCN1CCC2(CC1)C(=O)NCN2c1ccc(F)c(F)c1)c1cc2cc(F)ccc2[nH]1,0.18446601941747573,0.10961890271373335
./chembl_scaffold/,mol978,-11.46,C[C@H]1CN(Cc2c[nH]nc2-c2ccc3oc(=O)[nH]c(=O)c3c2)CCN1c1ccc(C(F)(F)F)cn1,0.2616822429906542,0.13678808281873464
./chembl_scaffold/,mol621,-10.46,CC1(C)Oc2ccc(-c3cccc4[nH]ncc34)cc2[C@]2(COC(N)=N2)C12COC2,0.2840909090909091,0.12129994865146206
./chembl_scaffold/,mol411,-10.99,Cc1c(C)c2c(c(C)c1O)CC[C@](C)(COc1ccc(C[C@H]3SC(N)=NC3=O)cc1)O2,0.18888888888888888,0.126125424813428
./chembl_scaffold/,mol640,-10.9,CN1C(=O)NC(=O)[C@]12Cc1ccc(NC(=O)CN(Cc3ccc(F)cc3)C(=O)C(C)(C)C)cc1C2,0.20430107526881722,0.10814805816003689
./chembl_scaffold/,mol885,-12.21,O=C1[C@@H](NS(=O)(=O)c2ccc3cc[nH]c3c2)CCN1c1ccc([C@@H]2CCCN2)cc1F,0.21212121212121213,0.09652373380430944
./chembl_scaffold/,mol675,-11.23,Cc1ccc(C(=O)Nc2ccc(CN3CCN(C)CC3)c(C(F)(F)F)c2)cc1C#Cc1ccc(C(N)=O)nc1,0.3068181818181818,0.13610785882318177
./chembl_scaffold/,mol651,-13.47,O=C(c1cc(Cc2n[nH]c(=O)c3ccccc23)cc(F)c1F)N1CCN(C2CCCC2)CC1,0.23404255319148937,0.12815781951584537
./chembl_scaffold/,mol767,-10.59,Cc1nn(C2CCOCC2)c2sc(C(=O)Nc3ccc(N4CCNC4=O)nc3)cc12,0.24509803921568626,0.132625444435073
./chembl_scaffold/,mol9,-10.53,C[C@H]1CN2CCC[C@H]2CN1C(=O)N1Cc2c(NC(=O)c3cc4ccccc4cn3)n[nH]c2C1(C)C,0.27835051546391754,0.14454668660014294
./chembl_scaffold/,mol133,-11.41,Cc1c(Cc2ccc(F)c(C(=O)N3CCN(C(=O)[C@@]4(Cc5ccccc5)CCCN4)CC3)c2)n[nH]c(=O)c1C,0.24489795918367346,0.13431084392123582
./chembl_scaffold/,mol424,-10.29,Cc1cc(C)c2c(N)c(C(=O)NCCN3CCC(O)(c4ccc(Cl)cc4)CC3)sc2n1,0.2391304347826087,0.13491532592189678
./chembl_scaffold/,mol541,-10.24,CN1C(=O)NC(=O)[C@@]12Cc1ccc(NC(=O)CN(Cc3ccccc3F)C(=O)C(C)(C)C)cc1C2,0.21212121212121213,0.11926942654771615
./chembl_scaffold/,mol351,-12.13,CS(=O)(=O)Nc1ccc2c3c(ccc2c1)O[C@H](c1cc(F)c(F)cc1F)[C@@H](N)C3,0.1935483870967742,0.10952662184902995
./chembl_scaffold/,mol208,-10.78,CCCN(CCC)C(=O)C1=Cc2ccc(C(=O)Nc3cncc(C(=O)N4CCCC4)c3)cc2N=C(N)C1,0.21,0.11024304928115775
./chembl_scaffold/,mol592,-10.02,CC(C)(O)CNc1cc(-c2c[nH]c3ncccc23)cc(Cl)n1,0.3188405797101449,0.1553982228533667
./chembl_scaffold/,mol147,-10.27,N[C@H]1CCCN(c2ccc(N3C[C@H](CNC(=O)c4ccc(Cl)s4)OC3=O)cc2F)C1,0.19626168224299065,0.1263271619628839
./chembl_scaffold/,mol90,-11.88,Cc1cccc(C)c1-c1ccc(C(=O)Nc2ncc(CN3CCN(C)CC3)[nH]2)c2nccnc12,0.35064935064935066,0.15968651728242492
./chembl_scaffold/,mol150,-10.6,Cc1ccccc1[C@@H]1C[C@H](NC(=O)c2cnc3c(c2)C[C@@]2(C3)C(=O)Nc3ncccc32)C(=O)N(CC(F)(F)F)[C@@H]1C,0.2222222222222222,0.13261929927680952
./chembl_scaffold/,mol1039,-11.03,[H]/N=C(\c1ccc(C(=O)Nc2ccc3c(c2)C[C@@H](CC(=O)O)CC3)cc1)N1CCOCC1,0.23255813953488372,0.12137527992260055
./chembl_scaffold/,mol891,-10.37,[H]/N=C1/N[C@@]2(c3ccc(-c4ccc(F)c(C#N)c4)s3)CN(c3ccc(F)cc3)C[C@H]2C(=O)N1C,0.22580645161290322,0.10110119302614053
./chembl_scaffold/,mol1131,-10.81,O=C(CN1CCC(NS(=O)(=O)c2ccccc2)CC1)N[C@H]1CCc2cc(F)ccc2[C@H]1Cc1cccnc1,0.2358490566037736,0.14695246036293055
./chembl_scaffold/,mol121,-10.77,CC1(C)c2[nH]nc(NC(=O)c3ccc4ccccc4n3)c2CN1C(=O)N1CCN2CCC[C@H]2C1,0.23214285714285715,0.12989064487098262
./chembl_scaffold/,mol331,-11.66,CN1CCN(c2ccc3cc(C(=O)Nc4ccc(F)cc4N)cnc3c2C2CC2)CC1,0.26373626373626374,0.13279882243972507
./chembl_scaffold/,mol441,-10.84,CC(C)(O)[C@H]1Cc2cc3cc(-c4cccc(O)c4)oc3cc2O1,0.25,0.12326375412463161
./chembl_scaffold/,mol1206,-12.09,O=C(CC1CCOCC1)Nc1ccc(NC(=O)N2Cc3ccc(CO)cc3C2)cc1,0.2345679012345679,0.12471365822710767
./chembl_scaffold/,mol376,-11.08,CN1CCN(Cc2ccc(C(=O)Nc3sc(-c4ccncc4Br)nc3C(N)=O)cc2)CC1,0.27956989247311825,0.14450192150500518
./chembl_scaffold/,mol917,-12.15,O=C(Nc1ccc(C2=CCN(C(=O)[C@H]3CCOC3)CC2)nc1)N1Cc2ccncc2C1,0.2653061224489796,0.11803674624704975
./chembl_scaffold/,mol727,-10.38,CN(C)CCc1c(C(=O)NCc2ccccc2Cl)[nH]c2ccc(CCN3C(=O)NC(C)(C)C3=O)cc12,0.22916666666666666,0.13476411109142775
./chembl_scaffold/,mol389,-10.07,[H]/N=C1\N[C@](C)(c2sc(-c3nnc(-c4ccccc4)o3)cc2Cl)CS(=O)(=O)N1C,0.2072072072072072,0.12516019035277773
./chembl_scaffold/,mol927,-10.21,CC(C)(O)/C=C1/C[C@@](C)(c2cc(NC(=O)c3ccc(C#N)cn3)ccc2F)N=C(N)S1,0.23404255319148937,0.11617336819743063
./chembl_scaffold/,mol900,-12.45,O=C(NC[C@H]1CCC2(CCNCC2)CO1)c1ccc(NC(=O)N2Cc3ccccc3C2)cc1,0.21978021978021978,0.12728353190581002
./chembl_scaffold/,mol2,-12.38,O=C(NCc1cccc(C(=O)Nc2nc3c(s2)C[C@@H](N2CCOCC2)CC3)c1)c1cccc(-c2cn[nH]c2)c1,0.27722772277227725,0.1611313938036661
./chembl_scaffold/,mol760,-10.08,O=C(NCCN1CCC2(CC1)C(=O)NCN2Cc1ccccc1Cl)c1ccc2ccccc2c1,0.25,0.147623124710657
./chembl_scaffold/,mol1145,-11.07,CN1CC[C@@H](CNC(=O)Nc2cc3[nH]nc(-c4ccc(F)cc4)c3cn2)C1,0.29213483146067415,0.14866963583709275
./chembl_scaffold/,mol1187,-11.17,[H]/N=C(/N)c1ccc(C[C@@H]2NCCn3c2nc2cc(C4(C(=O)N5CCCC5)CCCC4)ccc23)cc1,0.19230769230769232,0.10964147870859382
./chembl_scaffold/,mol191,-13.28,O=C1[C@@H](NS(=O)(=O)c2ccc3cc(Cl)ccc3c2)CCN1c1ccc2c(c1)CNCC2,0.21176470588235294,0.10974446264871157
./chembl_scaffold/,mol466,-10.04,C#C[C@]1(O)CC[C@H]2[C@@H]3CCc4cc(C(=O)Nc5cccnc5C)ccc4[C@H]3[C@@H](O)C[C@@]21C,0.2708333333333333,0.13407335307468762
./chembl_scaffold/,mol451,-10.04,CC(C)(C[C@](O)(Cc1cc2cc(N3CCOCC3)ncc2[nH]1)C(F)(F)F)c1cccc(C(N)=O)c1,0.24489795918367346,0.13661279080005545
./chembl_scaffold/,mol395,-10.5,COc1ccc2c(c1)c(/C=C1\C(=O)Nc3ccc(S(N)(=O)=O)cc31)cn2CCCC(=O)N1CCNCC1,0.19090909090909092,0.12198104463158761
./chembl_scaffold/,mol700,-10.82,O=C(Nc1cc(Cn2c(=O)[nH]c(=O)c3ccccc32)cnc1F)[C@H]1CCN(CC2CC2)C1,0.3010752688172043,0.1496751515257906
./chembl_scaffold/,mol420,-11.2,O=C1[C@@H](NS(=O)(=O)/C=C/c2ccc(Cl)s2)CCN1c1ccc([C@H]2CCCN2)cc1F,0.1893939393939394,0.10077058479628072
./chembl_scaffold/,mol742,-10.43,[H]/N=C1/N[C@](C)(c2sc(-c3nnc(-c4ccc(F)cc4)o3)cc2Cl)CS(=O)(=O)N1C,0.18823529411764706,0.10730111117761512
./chembl_scaffold/,mol845,-11.73,CN1CCN(C(=O)c2ccc3c(c2)[nH]c2c(C(N)=O)cc(-c4ccc(Cl)nc4)cc23)CC1,0.2413793103448276,0.12575714355902942
./chembl_scaffold/,mol717,-10.18,O=C(Nc1ccccc1N1CCNCC1)c1csc(N2CCc3[nH]cnc3C2)n1,0.2962962962962963,0.1291766971148326
./chembl_scaffold/,mol142,-10.04,C[C@H]1CN2CCC[C@H]2CN1C(=O)N1Cc2c(NC(=O)c3nc4ccccc4s3)n[nH]c2C1(C)C,0.22413793103448276,0.12982995516237386
./chembl_scaffold/,mol125,-10.45,N[C@@H]1CCN(c2ccc(N3C[C@H](CNC(=O)c4ccc(Cl)s4)OC3=O)cc2F)C1,0.20168067226890757,0.12704821385234155
./chembl_scaffold/,mol1149,-10.13,N#C[C@@H](Cc1ccc2c(c1)c(=O)[nH]c1ccc(Cl)cc12)NC(=O)[C@H]1N[C@@H]2CC[C@H]1C2,0.18446601941747573,0.11750752901276648
./chembl_scaffold/,mol211,-13.13,O=C(c1cc(Cc2n[nH]c(=O)c3c2CCCC3)ccc1F)N1CCN(Cc2ccccc2Cl)CC1,0.25806451612903225,0.15201525617096098
./chembl_scaffold/,mol694,-12.19,O=C(NC[C@@H](O)CN1CCC(Oc2ccc(Cl)c(Cl)c2)CC1)c1cc(=O)[nH]c2ccccc12,0.25961538461538464,0.1432234260583613
./chembl_scaffold/,mol66,-10.44,CN1CCc2nc(C(=O)N[C@@H]3CCCC[C@@H]3NC(=O)c3cc4cc(Cl)ccc4[nH]3)sc2C1,0.3655913978494624,0.1362762962448405
./chembl_scaffold/,mol757,-12.04,NC(=O)[C@@H]1CCCN1C[C@@H]1Cc2cccc3c(C4=C(c5c[nH]c6cc(F)ccc56)C(=O)NC4=O)cn(c23)C1,0.2828282828282828,0.12540785009104788
./chembl_scaffold/,mol4,-10.76,Cc1cc(C[C@@H](NC(=O)N2CCN(c3ccccc3F)CC2)C(=O)N2CCC(N3CCCCC3)CC2)cc2cn[nH]c12,0.26881720430107525,0.14314694167868874
./chembl_scaffold/,mol1200,-10.07,CCNC(=O)c1[nH]nc(-c2cc(Cl)c(O)cc2O)c1-c1cccc(CN2CCN(C(C)=O)CC2)c1,0.37209302325581395,0.17180758061987905
./chembl_scaffold/,mol109,-11.79,O=C(Cc1ccc(O)cc1)N/N=C1\C(=O)Nc2ccc(C(=O)N3CCC(NC4CC4)CC3)c(Cl)c21,0.22857142857142856,0.12388889971230892
./chembl_scaffold/,mol290,-11.18,COc1ccc(F)cc1-c1ccnc2[nH]c(C3CCN(C(=O)CN[C@H]4CC[C@H](O)CC4)CC3)cc12,0.336734693877551,0.158145429432052
./chembl_scaffold/,mol378,-11.44,CN1CCC(Nc2ccc3c(c2)/C(=C/c2cc4c([nH]2)CCN(C(=O)N2CCOCC2)C4)C(=O)N3)CC1,0.21100917431192662,0.11977802325492679
./chembl_scaffold/,mol371,-11.46,CN1C(=O)NC(=O)[C@]12Cc1cc3ccc(CN4CCC(Cc5ccccc5)CC4)nc3cc1C2,0.25274725274725274,0.14006342883460082
./chembl_scaffold/,mol1032,-11.6,O=C(NCCN1CCC(n2c(=O)[nH]c3ccccc32)CC1)c1cc2cc(F)ccc2[nH]1,0.20430107526881722,0.13218468882043596
./chembl_scaffold/,mol600,-12.44,CN1C(=O)C=C2C=C(S(=O)(=O)Nc3ccc(C(=O)N4CCC(O)(Cc5ccccc5)CC4)cc3)C=C[C@H]21,0.24,0.1193483217303366
./chembl_scaffold/,mol744,-11.28,CN(C(=O)c1ccccc1)c1ccc2c(c1)[nH]/c(=N\C(=O)c1ccc(N3CCCCC3)s1)n2CCC(N)=O,0.18446601941747573,0.10865499564926889
./chembl_scaffold/,mol924,-10.43,COC(=O)Nc1nc2cc([C@]3(O)c4ccccc4C(=O)N3C3CCCCC3)ccc2[nH]1,0.24468085106382978,0.1693538166039938
./chembl_scaffold/,mol619,-11.41,Cc1cc(OCC#CC(C)(C)O)cnc1C(=O)Nc1ccc(F)c([C@@]2(C)N=C(N)O[C@H]3C[C@H]32)c1,0.20388349514563106,0.12149661817408634
./chembl_scaffold/,mol161,-10.67,Cc1nc(C)c(CC(=O)N2Cc3[nH]nc(NC(=O)c4ccc(N5CCN(C)CC5)cc4)c3C2)s1,0.21487603305785125,0.11320461488615813
./chembl_scaffold/,mol823,-10.49,Cc1cc(/C=C2\CC(=O)NC2=O)ccc1OCc1csc(C2CCN(CC(C)(C)O)CC2)n1,0.24242424242424243,0.13910053975371758
./chembl_scaffold/,mol417,-11.13,Cc1cc(C#N)cc2nc(-c3ccc(NC(=O)CN4CCNCC4)cc3)oc12,0.3522727272727273,0.15251145600590277
./chembl_scaffold/,mol622,-10.72,CS(=O)(=O)Nc1cc(CN2CCC[C@H](Nc3ccc4[nH]ncc4c3)C2)ccc1Cl,0.2857142857142857,0.1454942599297775
./chembl_scaffold/,mol39,-12.69,O=C1[C@@H](NS(=O)(=O)c2ccc3c(Cl)c[nH]c3c2)CCN1c1cc2c(cc1F)CNCC2,0.18811881188118812,0.10552777140096528
./chembl_scaffold/,mol230,-10.89,[H]/N=C1/N[C@@]2(c3cc(NC(=O)c4ncc(F)cc4C)ccc3F)CCC[C@H]2S(=O)(=O)N1C,0.2079207920792079,0.11967306392417175
./chembl_scaffold/,mol1180,-11.57,O=C1CCc2cc(CO)c(OCCCN3CCN(c4cccc5sccc45)CC3)cc2N1,0.24786324786324787,0.1338661976047569
./chembl_scaffold/,mol219,-11.62,C[C@@]1(c2cc(F)cc(F)c2)CNC2(CCCC2)C(=O)N1CC(=O)Nc1ccc2c(c1)C[C@@]1(C2)C(=O)Nc2ncccc21,0.18309859154929578,0.12273500775736522
./chembl_scaffold/,mol311,-12.5,CN(C)[C@H]1CCc2cc(N3CC[C@H](NS(=O)(=O)c4ccc5c(Cl)c[nH]c5c4)C3=O)ccc21,0.1941747572815534,0.12141383083505712
./chembl_scaffold/,mol926,-11.98,CC(=O)Nc1nc2ccc(NC(=O)Nc3ccc(C(=O)N4CCN(C)CC4)cc3)cc2s1,0.25882352941176473,0.11906716610228464
./chembl_scaffold/,mol519,-11.28,CC(=O)c1ccc(-c2ccc3c4c(ccc3c2)O[C@H](CNC(=O)[C@@H](C)N2CCOCC2)C4)s1,0.23300970873786409,0.13107104622113347
./chembl_scaffold/,mol811,-13.24,O=C1CCc2ccc(CC3CCN(C[C@@H]4COc5c(ccc6c5CC(=O)N6)O4)CC3)cc2N1,0.2,0.10962340091743418
./chembl_scaffold/,mol173,-10.2,C[C@H]1CN2CCC[C@H]2CN1C(=O)N1Cc2c(NC(=O)c3cccc(Cl)c3)n[nH]c2C1(C)C,0.25225225225225223,0.14086845782289262
./chembl_scaffold/,mol154,-12.58,Cc1[nH]c(/C=C2\C(=O)Nc3ccc(S(=O)(=O)N4CCc5ccccc54)cc32)c(C)c1C(=O)N1CCN(C)CC1,0.24210526315789474,0.12439692882180409
./chembl_scaffold/,mol940,-10.97,COc1ccc2ncc(F)c([C@H](O)CN3CCC(NCc4ccc5c(c4)NC(=O)CS5)CC3)c2c1,0.2631578947368421,0.15583519811247074
./chembl_scaffold/,mol468,-11.09,O=C1NC(=O)[C@@H](Cc2ccc(N3CCC(NC[C@H](O)c4cccc(Cl)c4)CC3)cc2)S1,0.25,0.14210462433025267
./chembl_scaffold/,mol933,-10.6,COc1ccc2c(c1)C(=O)N(C[C@@]1(C#Cc3ccc(CC4CCN(C)CC4)nc3)NC(=O)NC1=O)C2,0.22608695652173913,0.13436960846067011
./chembl_scaffold/,mol631,-11.72,C[C@]1(c2ccc(-c3cc(F)c4[nH]nc(C5CC5)c4c3)[nH]c2=O)CCCNC1=O,0.17,0.10122161330739689
./chembl_scaffold/,mol413,-11.56,Cc1ccc(C(=O)Nc2cccc(-c3nc(CNC(=O)[C@@H]4C[C@@H](C)NC(=S)N4)c(C)o3)c2)s1,0.22772277227722773,0.15148163281562166
./chembl_scaffold/,mol1011,-11.18,C[C@@H]([C@@H](O)c1ccc2c(c1)CCC(=O)N2)N1CCC(O)(c2ccc3c(c2)COCC3)CC1,0.16666666666666666,0.09709475240079257
./chembl_scaffold/,mol406,-10.42,CN1CCN(c2ccc3[nH]c(-c4n[nH]c5ncc(-c6cncc(CN7CCCC7)c6)cc45)nc3c2)CC1,0.21875,0.11785919459386342
./chembl_scaffold/,mol397,-10.49,CN1CCc2nc(NC(=O)c3cccc([C@H]4CCCN4C(=O)Nc4ccc(C(N)=O)cc4)c3)sc2C1,0.3103448275862069,0.1328328705636789
./chembl_scaffold/,mol0,-10.46,Cc1cc(C[C@@H](NC(=O)N2CCN(c3ccc(F)cc3)CC2)C(=O)N2CCC(N3CCCCC3)CC2)cc2cn[nH]c12,0.22105263157894736,0.13198138898896142
./chembl_scaffold/,mol1002,-10.25,O=C(NCCN1CCC2(CC1)C(=O)NCN2c1ccc(Cl)cc1)c1cc2cc(F)ccc2[nH]1,0.20833333333333334,0.11990226334727747
./chembl_scaffold/,mol857,-10.88,CNc1cncc(-c2c[nH]c(=O)c(NC(=O)c3ccc(N4CCC[C@H]4CN4CCCC4)cc3)c2)c1,0.25842696629213485,0.1321145829904427
./chembl_scaffold/,mol369,-10.16,COc1ccc2c(c1F)C(=O)N(C[C@@]1(C#Cc3ccc(C4(C#N)CCN(C)CC4)cc3)NC(=O)NC1=O)C2,0.19230769230769232,0.10466312133367218
./chembl_scaffold/,mol944,-10.85,O=C(N[C@H](Cc1c[nH]c2ccccc12)C(=O)N1CCC2(CCc3ccccc32)CC1)[C@H]1CCCCN1,0.23308270676691728,0.11996962497436367
./chembl_scaffold/,mol697,-10.35,O=c1cc(-c2ccccc2)c2ccc(OC[C@@H](O)CN3CCCCC3)cc2o1,0.27631578947368424,0.1526702275202077
./chembl_scaffold/,mol461,-10.83,C[C@@H]1[C@H](c2c(F)ccc(F)c2F)C[C@H](NC(=O)c2cnc3c(c2)C[C@@]2(C3)C(=O)Nc3ncccc32)C(=O)N1CC(F)(F)F,0.20689655172413793,0.12417599604194389
./chembl_scaffold/,mol27,-11.64,CN1CCN(C(=O)c2ccc(-c3[nH]nc4c3C(=O)c3c(NC(=O)NN5CCOCC5)cccc3-4)s2)CC1,0.2608695652173913,0.13590293979444704
./chembl_scaffold/,mol1107,-10.2,O=C(CN1CC[C@H](NS(=O)(=O)c2ccccc2)C1)N[C@H]1CCc2cc(F)ccc2[C@H]1Cc1cccnc1,0.23333333333333334,0.14677273594340637
./chembl_scaffold/,mol522,-12.05,CN1CCN(c2cccc3[nH]c(-c4n[nH]c5cc(-c6ccc(S(N)(=O)=O)cc6)ccc45)nc23)CC1,0.22580645161290322,0.11543502110280379
./chembl_scaffold/,mol31,-11.01,C[C@@H](C(=O)N1CCN(C)CC1)N1CC[C@H](NS(=O)(=O)c2ccc3cc(Cl)ccc3c2)C1=O,0.21212121212121213,0.13812912794752819
./chembl_scaffold/,mol813,-10.72,C[C@@H](CN1CCC2(CC1)C(=O)NC[C@@H]2c1ccc(F)cc1)NC(=O)c1cnc2ccccc2c1,0.26595744680851063,0.14956437776145382
./chembl_scaffold/,mol3,-10.14,O=C(CN1C[C@H](NC(=O)c2ccc(Cl)s2)[C@@H](C2CC2)C1)Nc1ccc(-n2ccccc2=O)cc1F,0.22,0.12448584237531105
./chembl_scaffold/,mol1022,-11.5,C[C@H]([C@H](O)c1ccc2[nH]c(=O)oc2c1)N1CCC(O)(c2ccc(F)cc2)CC1,0.1595744680851064,0.0976433441717941
./chembl_scaffold/,mol15,-12.48,O=C1Cc2cc(C[C@@H](NC(=O)N3CCC(N4Cc5ccccc5NC4=O)CC3)C(=O)N3CCC(N4CCCCC4)CC3)ccc2N1,0.21839080459770116,0.12415166595224746
./chembl_scaffold/,mol1102,-10.35,CCCC(=O)Nc1n[nH]c2cc(-c3ccc(N)nc3)ccc12,0.22784810126582278,0.12050582300613476
./chembl_scaffold/,mol178,-11.86,CN1CCc2nc(C(=O)N[C@@H]3CC[C@H]3NC(=O)c3cc4cc(Cl)ccc4[nH]3)sc2C1,0.37362637362637363,0.13676263676763772
./chembl_scaffold/,mol446,-10.25,Cc1ccc(S(=O)(=O)N2CC[C@H]3[C@H](CO)Nc4ccc(-c5cccc(C(=O)N(C)C)c5)cc4[C@H]32)cc1,0.24742268041237114,0.14494895466830926
./chembl_scaffold/,mol1194,-12.37,NC(=O)c1c(NC(=O)c2ccc(CN3CCOCC3)cc2)sc2c1CC[C@@H](c1ccc(O)cc1)C2,0.25842696629213485,0.12655545842843874
./chembl_scaffold/,mol42,-12.12,CC(=O)N1CCC(C(=O)N2CCC(N3CCN(C(=O)c4cc(-c5ccccc5)nc(-c5ccc6c(c5)CC(=O)N6)c4)CC3)CC2)CC1,0.2549019607843137,0.1453689061334914
./chembl_scaffold/,mol48,-10.65,NC(N)=NC(=O)c1ccc2c(c1)[C@@H](O)c1cccc(F)c1-2,0.19480519480519481,0.1088567420051373
./chembl_scaffold/,mol901,-11.56,O=C1NC(=S)N/C1=C/c1ccc(-c2ccc3c(c2)CN(CCCN2CCCCC2)C3=O)s1,0.18478260869565216,0.09800895954949192
./chembl_scaffold/,mol1205,-10.44,O=C(NCCN1CCC(O)(Cc2ccc(F)cc2)CC1)Nc1ccnc2ccsc12,0.21739130434782608,0.11684160341086829
./chembl_scaffold/,mol392,-11.35,CC(C)[C@H]1CN(C)CCN1Cc1ccc2cc3c(cc2n1)C[C@@]1(C3)C(=O)NC(=O)[C@H]1C,0.25,0.13040119316986598
./chembl_scaffold/,mol595,-11.44,Cn1cc(NC(=O)c2sccc2Cl)cc1-c1nc2cc(C(=O)NCCN3CCOCC3)ccc2[nH]1,0.25,0.13111914342251343
./chembl_scaffold/,mol812,-10.73,C[C@@H](CN1CCC2(CC1)C(=O)NC[C@@H]2c1ccc(F)cc1)NC(=O)c1cnc2ccccc2c1,0.26595744680851063,0.14956437776145382
./chembl_scaffold/,mol1015,-11.71,[H]/N=C(/N)c1ccc2ccc(C[C@@H](C(=O)O)c3ccc(O[C@H]4CCNC4)cc3)cc2c1,0.18478260869565216,0.11252892358735601
./chembl_scaffold/,mol859,-11.61,CCOC(=O)NCc1ccc(-c2cc(NC(=O)c3ccc(N4CCN(C)CC4)cc3)[nH]n2)cc1,0.2553191489361702,0.14962706633323664
./chembl_scaffold/,mol181,-10.86,O=C(C1CC1)N1CC[C@@H](CN2C(=O)C3(CC3)N=C2c2ccc(-c3nc4ccccc4[nH]3)cc2)C1,0.2553191489361702,0.1355137612133435
./chembl_scaffold/,mol30,-10.39,Cc1cccc2c1[C@H](O)c1cc(C(=O)N=C(N)N)ccc1-2,0.22972972972972974,0.1310981273259723
./chembl_scaffold/,mol753,-11.27,CN1CCN(Cc2ccc(C(=O)Nc3sc(-c4ccncc4Cl)nc3C(N)=O)cc2)CC1,0.2826086956521739,0.15021945764306535
./chembl_scaffold/,mol399,-12.5,O=C1[C@@H](NS(=O)(=O)c2ccc3c(Cl)c[nH]c3c2)CCN1c1ccc2c(c1)CCNC2,0.19090909090909092,0.1063096210224822
./chembl_scaffold/,mol1062,-11.39,O=C(Nc1ccc2[nH]nc(S(=O)(=O)c3cccc4ccccc34)c2c1)C1CCNCC1,0.20481927710843373,0.12585970620698475
./chembl_scaffold/,mol569,-11.07,[H]/N=C(/N)c1ccc2ccc(Cn3c(C)nc4ccc(N(CC(N)=O)C5CCN(/C(C)=N/[H])CC5)cc43)cc2c1,0.22115384615384615,0.12343784233430533
./chembl_scaffold/,mol836,-12.94,O=C(c1cc(Cc2n[nH]c(=O)c3c2CCCC3)ccc1F)N1CCN(c2ccccc2Cl)CC1,0.2391304347826087,0.1401311351979993
./chembl_scaffold/,mol17,-10.18,CN1CCN(Cc2ccc3c(c2)nc(NC(=O)c2ccc(-c4cn[nH]c4)s2)n3CC(C)(C)O)CC1,0.27,0.14242893845110938
./chembl_scaffold/,mol685,-10.25,C[C@@H](CN1CCC2(CC1)C(=O)NCN2c1ccc(F)c(F)c1)NC(=O)c1cc2cc(F)ccc2[nH]1,0.20202020202020202,0.11201273169689052
./chembl_scaffold/,mol221,-12.31,CC1(C)C[C@@H](NC(=O)Nc2ccc3c(c2)NC(=O)[C@@H](N2CCCOCC2)C3)c2ccc(F)cc2O1,0.20202020202020202,0.12169819280938783
./chembl_scaffold/,mol1168,-11.72,Cc1ccc(C(=O)Nc2cc(-c3cc4c([nH]3)C3(CCN(C)CC3)CNC4=O)ccn2)cc1C,0.23655913978494625,0.12926316220163686
./chembl_scaffold/,mol975,-10.13,CC1(C)c2[nH]nc(NC(=O)c3cccc(Cl)n3)c2CN1C(=O)N1CCN2CCC[C@H]2C1,0.25925925925925924,0.14570763739349563
./chembl_scaffold/,mol205,-11.52,O=C1c2cc(-c3ccnc(NC4CCOCC4)n3)[nH]c2CCN1[C@H](CO)c1ccc(F)c(Cl)c1,0.24528301886792453,0.14829714598320845
./chembl_scaffold/,mol578,-11.05,CCN(CC)CCNC(=O)c1c(C)[nH]c(/C=C2\C(=O)Nc3ccc(-c4cnccn4)cc32)c1C,0.2524271844660194,0.13432636799901554
./chembl_scaffold/,mol772,-11.02,CC(C)NC[C@@H](O)COc1ccc2c(=O)cc(-c3ccccc3Cl)oc2c1,0.2891566265060241,0.1534653008148005
./chembl_scaffold/,mol807,-11.8,N#Cc1ccc2c(c1)CN(C(=O)Nc1ccc(C3=CCN(C(=O)[C@H]4CCOC4)CC3)cc1)C2,0.23214285714285715,0.12113913271270015
./chembl_scaffold/,mol1084,-12.58,O=C(Nc1cc(Cn2c(=O)[nH]c(=O)c3ccccc32)cnc1F)[C@H]1CCN(Cc2ccccc2)C1,0.367816091954023,0.16517410476027794
./chembl_scaffold/,mol1095,-10.4,[H]/N=C1/N[C@](C)(c2sc(-c3nnc(-c4ccc(Cl)cc4)o3)cc2F)CS(=O)(=O)N1C,0.19047619047619047,0.10519730270353732
./chembl_scaffold/,mol455,-12.16,CN1CCN(c2ccc(C(=O)Nc3cc(-c4ccc(CNC(=O)OCc5cccnc5)cc4)n[nH]3)cc2)CC1,0.26666666666666666,0.1556989796080163
./chembl_scaffold/,mol907,-10.35,Cc1cc(O)cc(C)c1C[C@H](N)C(=O)N1Cc2ccccc2C[C@H]1C(=O)NCc1nc2ccccc2o1,0.24242424242424243,0.1421631815733867
./chembl_scaffold/,mol699,-10.6,O=c1cc(-c2ccnc(NC3CCOCC3)c2)ccn1[C@@H](CO)c1ccc(Cl)c(F)c1,0.25,0.13988984883080466
./chembl_scaffold/,mol1081,-10.52,NS(=O)(=O)c1cccc(-c2n[nH]c3ccc(NC(=O)[C@@H](c4ccsc4)N4CCCC4)cc23)c1,0.19801980198019803,0.11939975711539112
./chembl_scaffold/,mol1186,-11.3,O=C1NC(=S)N/C1=C/c1ccc(-c2ccc3c(c2)CN(CCCN2CCCC2)C3=O)s1,0.18681318681318682,0.0988117931008431
./chembl_scaffold/,mol1179,-10.7,CC(=O)NCc1ccc(Cl)c(CN(C(=O)[C@H]2CNCC(=O)N2c2ccc(COC(=O)c3ccccc3)cc2)C2CC2)c1,0.2616822429906542,0.15127105510765523
./chembl_scaffold/,mol1029,-10.31,C[C@@H](CN1CCC2(CC1)C(=O)NCN2c1ccc(F)c(F)c1)NC(=O)c1cnc2ccccc2c1,0.2604166666666667,0.14340228016539389
./chembl_scaffold/,mol235,-10.36,NC(N)=NC(=O)c1ccc2c(c1)[C@@H](O)c1cccc(Cl)c1-2,0.2125,0.12446627852839129
./chembl_scaffold/,mol1041,-11.17,CN(C(=O)c1ccccc1)c1ccc2c(c1)[nH]/c(=N\C(=O)c1ccc(N3CCCC3)s1)n2CCC(N)=O,0.18627450980392157,0.10950879761468536
./chembl_scaffold/,mol107,-10.21,C[C@@H]1CNC(=O)c2[nH]c3ccc(C(=O)Nc4nc(C(=O)N5CCC(N(C)C)CC5)cs4)cc3c21,0.2403846153846154,0.11772425728298952
./chembl_scaffold/,mol503,-10.74,O=C(N[C@H](Cc1ccc(Cl)cc1)C(=O)N1CCN(C2CCCCC2)CC1)[C@@H]1Cc2ccccc2CN1,0.23333333333333334,0.12839063628166764
./chembl_scaffold/,mol103,-10.15,O=C(N[C@@H](C(=O)N1CCC(CN2CCC[C@@H]2CO)CC1)c1ccccc1)c1ccc2cc[nH]c2c1,0.31521739130434784,0.13429108296379952
./chembl_scaffold/,mol328,-10.37,[H]/N=C(/N)SCc1cccc(-c2nc3ccccc3c(=O)o2)c1,0.2894736842105263,0.13384476066395506
./chembl_scaffold/,mol674,-10.37,Cc1c(Cl)cccc1S(=O)(=O)Nc1n[nH]c2c1CCN(CC1CCNCC1)C2=O,0.23809523809523808,0.1500432948923224
./chembl_scaffold/,mol890,-10.65,C[C@@H]([C@H](O)c1ccc2c(c1)OCC(=O)N2)N1CCC(O)(c2ccc(F)cc2)CC1,0.15789473684210525,0.09616012751938274
./chembl_scaffold/,mol974,-11.83,O=C(Nc1ccc(C2=CCN(C(=O)[C@H]3CCOC3)CC2)nc1)N1Cc2ccccc2C1,0.25555555555555554,0.1312358937745936
./chembl_scaffold/,mol46,-10.2,C[C@H]1CN2CCC[C@H]2CN1C(=O)N1Cc2c(NC(=O)c3ccc4ccccc4n3)n[nH]c2C1(C)C,0.23893805309734514,0.12865203863040234
./chembl_scaffold/,mol131,-11.12,NS(=O)(=O)c1ccc2c(c1)/C(=C/c1cn(CCCC(=O)N3CCOCC3)c3ccccc13)C(=O)N2,0.22105263157894736,0.11643478568231401
./chembl_scaffold/,mol1065,-11.18,C[C@@H](CN1CCC2(CC1)C(=O)NCN2c1ccc(F)c(F)c1)NC(=O)c1cc2ccccc2[nH]1,0.21649484536082475,0.1250567648183267
./chembl_scaffold/,mol1056,-10.83,C[C@H]1CNC(=O)c2[nH]c3ccc(C(=O)Nc4nc(C(=O)NC5CCCCC5)cs4)cc3c21,0.22772277227722773,0.11425110614725832
./chembl_scaffold/,mol238,-12.15,COc1ccc(C(=O)NC(=O)Nc2ccc3c(c2)NC(=O)/C3=C\c2[nH]c(C)c(C(=O)N3CCN(C)CC3)c2C)c(F)c1,0.21818181818181817,0.1266509937732881
./chembl_scaffold/,mol483,-11.91,CN1C(=O)NC(=O)[C@]12Cc1ccc(NC(=O)CN3C(=O)C4(CCOCC4)c4ccccc43)cc1C2,0.23076923076923078,0.1269867659323692
./chembl_scaffold/,mol862,-10.3,CNS(=O)(=O)c1ccc2c(c1)/C(=C/c1[nH]c3c(c1CCCN1CCC(O)CC1)CCCC3)C(=O)N2,0.23770491803278687,0.13062340535984301
./chembl_scaffold/,mol863,-10.26,Cc1cc(-c2n[nH]c3ccc(C(=O)N[C@@H]4CC[C@@H](C(=O)N(C)C)N(CCc5ccccc5)C4)cc23)ccn1,0.2549019607843137,0.14764227169501176
./chembl_scaffold/,mol880,-10.07,O=C([C@@H]1C=C2c3cccc4[nH]cc(c34)C[C@H]2N(C(=O)Nc2ccccc2)C1)N1CCOCC1,0.25,0.14025664996639794
./chembl_scaffold/,mol172,-10.35,[H]/N=C(/N)c1ccc2[nH]c(-c3cc(C)cc(C)c3O)cc2c1,0.15,0.08183096612036936
./chembl_scaffold/,mol934,-10.07,CCS(=O)(=O)c1ccc2c(c1)/C(=C/c1[nH]c3c(c1CCC(=O)N1CCN(C)CC1)CCCC3)C(=O)N2,0.19130434782608696,0.11121478691487191
./chembl_scaffold/,mol484,-11.88,Cc1ncccc1NC(=O)c1ccc2c(c1)CC[C@@H]1[C@@H]2[C@@H](O)C[C@]2(C)[C@@H](O)CC[C@@H]12,0.2808988764044944,0.137924567467457
./chembl_scaffold/,mol1094,-11.09,[H]/N=C(\N)c1cccc(N2CCCCN(C3CCN(Cc4ccccn4)CC3)C2=O)c1,0.24468085106382978,0.1334793355678887
./chembl_scaffold/,mol817,-10.47,CNS(=O)(=O)c1ccc2c(c1)/C(=C/c1[nH]c3c(c1CCC(=O)N1CCN(C)CC1)CCCC3)C(=O)N2,0.19811320754716982,0.11630453364625964
./chembl_scaffold/,mol752,-11.07,CC(C)NCc1cncc(-c2cnc3[nH]nc(-c4nc5cc(N6CCN(C)CC6)ccc5[nH]4)c3c2)c1,0.23809523809523808,0.11767505832208545
./chembl_scaffold/,mol596,-10.43,[H]/N=C(/N)c1ccc(NC(=O)Cn2c(C(=O)NC3CCN(C(C)C)CC3)cc3c(C)cccc32)cc1,0.27,0.1298768264560208
./chembl_scaffold/,mol655,-10.19,CC(=O)N1CCc2cc(S(=O)(=O)N[C@H](Cc3ccccc3)C(=O)NCCN3CCCC[C@H]3C)ccc21,0.2765957446808511,0.1386752359731046
./chembl_scaffold/,mol214,-11.11,CNC1CCN(C(=O)c2cc(Cc3c[nH]c(=O)c4cc(Cl)c(Cl)n34)ccc2F)CC1,0.2358490566037736,0.13105871365927516
./chembl_scaffold/,mol431,-10.39,CC(C)NC[C@H](O)COc1ccc2c(=O)cc(-c3ccccc3)oc2c1,0.3076923076923077,0.13822596407288767
./chembl_scaffold/,mol137,-12.67,O=C(NCCN1CCOCC1)c1ccc2c(c1)C[C@H](c1nc3ccc(-c4cn[nH]c4)cc3c(=O)[nH]1)CO2,0.2647058823529412,0.14254352526409644
./chembl_scaffold/,mol1124,-13.06,Cc1cc(C(=O)N2CCC3(CC2)CC(=O)c2cc(-c4cc[nH]n4)ccc2O3)cc2cn[nH]c12,0.23655913978494625,0.13366942815219005
./chembl_scaffold/,mol517,-11.43,CC(C)N1CCN(Cc2cnc(-c3ccc(C(=O)Nc4ccccc4N)cc3)c(C#N)c2)CC1,0.3148148148148148,0.16030010628567715
./chembl_scaffold/,mol853,-10.55,Cc1sc(-c2ccccc2C(=O)NCCO)cc1C(=O)Nc1nc2c(s1)CCC2,0.36,0.1558177495636902
./chembl_scaffold/,mol375,-10.47,O=S(=O)(Nc1ccc2c(c1)C([C@H]1CCNC1)=CC2)c1c(Cl)nc2sccn12,0.18627450980392157,0.12121822154797406
./chembl_scaffold/,mol79,-11.18,Cc1ccc(C(=O)N2CCC3(CC2)OCc2cc(C#N)ccc23)cc1NC(=O)NC1CCN(C)CC1,0.24489795918367346,0.11783305299157613
./chembl_scaffold/,mol613,-10.58,NC(N)=NC(=O)c1ccc2c(c1)[C@@H](O)c1ccc(Cl)cc1-2,0.1875,0.10935483913674385
./chembl_scaffold/,mol97,-10.74,Cc1c(Cc2ccc(F)c(C(=O)N3CCN(C(=O)[C@]4(Cc5ccc(F)cc5)CCCN4)CC3)c2)n[nH]c(=O)c1C,0.21,0.11816802834620468
./chembl_scaffold/,mol71,-11.35,CN1CCN([C@@H]2CCc3nc(NC(=O)c4cccc(OCC(=O)Nc5ccc(C#N)cc5)c4)sc3C2)CC1,0.27522935779816515,0.1562218857802666
./chembl_scaffold/,mol23,-11.08,CCN1CCN(C(=O)c2ccc(-c3[nH]nc4c3C(=O)c3c(NC(=O)NN5CCOCC5)cccc3-4)s2)CC1,0.2826086956521739,0.14541732364356166
./chembl_scaffold/,mol464,-12.16,O=C(NCCN1CCCCC1)c1ccc2[nH]nc(S(=O)(=O)c3cccc4ccccc34)c2c1,0.25,0.13581961032312434
./chembl_scaffold/,mol502,-13.68,O=C1[C@@H](NS(=O)(=O)c2ccc3cc(Cl)ccc3c2)CCN1c1ccc2c(c1)CCCNC2,0.19318181818181818,0.1088670254302337
./chembl_scaffold/,mol904,-11.08,C[C@H]1CC[C@H](NCc2ccc3c(c2)Cc2c(-c4ccc(S(=O)(=O)NCCO)cc4)n[nH]c2-3)CC1,0.26666666666666666,0.1380138904029009
./chembl_scaffold/,mol808,-10.89,CN(C)c1ccc(-c2[nH]nc3c2C(=O)c2c(NC(=O)CN4CCC(CN)CC4)cccc2-3)cc1,0.25806451612903225,0.16185255237596663
./chembl_scaffold/,mol248,-10.71,Cc1ccsc1C(=O)Nc1cc(CN2CCN(C(=O)CO)CC2)ccc1/C=C/c1n[nH]c2ccccc12,0.3020833333333333,0.13874335587299114
./chembl_scaffold/,mol588,-10.35,CC(C)NC[C@H](O)COc1ccc2c(c1)O[C@@H](c1ccccc1)CC2=O,0.3116883116883117,0.14764448442629288
./chembl_scaffold/,mol1173,-11.44,C[C@H]1CC[C@H](NCc2ccc3c(c2)Cc2c(-c4ccc(S(N)(=O)=O)cc4)n[nH]c2-3)CC1,0.26744186046511625,0.1294749333242745
./chembl_scaffold/,mol1101,-10.6,O=C1NCc2cc(-c3n[nH]cc3CN3[C@@H]4CC[C@H]3CN(c3ccc(C(F)(F)F)cn3)C4)ccc2O1,0.23529411764705882,0.1322837609275757
./chembl_scaffold/,mol202,-10.26,O=C(NCCN1CCC2(CC1)C(=O)NCN2c1ccc(Br)cc1)c1cc2cc(F)ccc2[nH]1,0.1958762886597938,0.10947743732685064
./chembl_scaffold/,mol1203,-10.2,O=C(N[C@@H]1CCC[C@H](Nc2nc(-c3c[nH]c4ncc(F)cc34)ncc2F)C1)N1CCOCC1,0.27835051546391754,0.12406125109670112
./chembl_scaffold/,mol251,-12.22,Nc1cc(F)ccc1NC(=O)c1cnc2c(C3CC3)c(N3CCNCC3)ccc2c1,0.25,0.1273555670170929
./chembl_scaffold/,mol1097,-10.07,N#Cc1cnc2c(c1)CC[C@@H]2Nc1ccc(F)c([C@@]2(C(F)F)N=C(N)O[C@@H]3C[C@@H]32)c1,0.19166666666666668,0.09980175589476606
./chembl_scaffold/,mol565,-10.73,Cn1cncc1CNC(=O)c1ccc2c(CN3CCOCC3)c(-c3cc(Cc4ccccc4)[nH]n3)[nH]c2c1,0.26804123711340205,0.15053299139825885
./chembl_scaffold/,mol226,-12.58,O=C1[C@@H](NS(=O)(=O)c2ccc3c(Cl)c[nH]c3c2)CCN1c1ccc2c(c1)CNCC2,0.19090909090909092,0.1064783823682443
./chembl_scaffold/,mol518,-11.54,CC(C)(O)CN1C[C@H](c2cccc(F)c2F)CC[C@@H](NC(=O)c2ccc3c(c2)C[C@@]2(C3)C(=O)Nc3ncccc32)C1=O,0.22857142857142856,0.13289514657735152
./chembl_scaffold/,mol82,-10.46,NC(N)=NC(=O)c1ccc2c(c1)[C@@H](O)c1ccccc1-2,0.22641509433962265,0.11601355086531251
./chembl_scaffold/,mol617,-10.3,CC(C)(N)C(=O)N[C@H](Cc1c[nH]c2ccccc12)C(=O)N1CCC2(CC1)CC(=O)c1ccccc12,0.24603174603174602,0.13742294679970074
./chembl_scaffold/,mol476,-11.06,O=c1cc(-c2ccnc(NC3CCOCC3)n2)ccn1Cc1cc2c(F)cccc2[nH]1,0.25252525252525254,0.1419566540670529
./chembl_scaffold/,mol1074,-10.9,CCC(=O)N1CCN(CCCc2c(/C=C3\C(=O)Nc4ccc(S(=O)(=O)CC)cc43)[nH]c3c2CCCC3)CC1,0.21929824561403508,0.1170135300652316
./chembl_scaffold/,mol765,-10.13,O=C(N[C@@H]1CCC[C@H](Nc2nc(-c3c[nH]c4ncccc34)ncc2F)C1)N1CCOCC1,0.31313131313131315,0.13652070279247228
./chembl_scaffold/,mol628,-10.42,[H]/N=C1\N[C@](C)(c2sc(-c3cc(-c4ccccc4)on3)cc2Cl)CS(=O)(=O)N1C,0.19230769230769232,0.12086453271750355
./chembl_scaffold/,mol246,-10.49,CN1[C@H](c2ccc(F)c(CNCCN3CCOCC3)c2)c2ccc3cccnc3c2NS1(=O)=O,0.2727272727272727,0.15564003348843472
./chembl_scaffold/,mol1171,-11.12,O=C1CCc2cccc(OC[C@@H](O)CN3CCC4(CC3)Cc3cc(Cl)ccc3O4)c2N1,0.24528301886792453,0.13980497052420188
./chembl_scaffold/,mol953,-11.76,C[C@@H](CNC(=O)c1ccc(CN2CCN(C)CC2)cc1)Cc1ccc2cc(NC(=O)C3CC3)ncc2c1,0.3068181818181818,0.15693781187060582
./chembl_scaffold/,mol1085,-11.11,[H]/N=C(\N)c1ccc(C[C@@H]2NCCn3c2nc2cc(C4(C(=O)N5CCCCC5)CCC4)ccc23)cc1,0.19047619047619047,0.1084896054450062
./chembl_scaffold/,mol432,-10.32,CC(=O)N1CCO[C@H](C(=O)N[C@H]2c3ccccc3C[C@@H]2NC(=O)c2ccc3c(ccn3C)c2)C1,0.23300970873786409,0.11953552200824226
./chembl_scaffold/,mol460,-10.35,CC(C)NC(=O)[C@H]1CC[C@@H](n2/c(=N/C(=O)c3ccc(F)cc3)[nH]c3ccc(CN4CCC[C@H]4C(N)=O)cc32)CC1,0.3368421052631579,0.1230111310955947
./chembl_scaffold/,mol652,-11.45,O=C(Nc1ccc(S(=O)(=O)NC2CCNCC2)c2ccccc12)c1ccccc1,0.29310344827586204,0.11731878771537103
./chembl_scaffold/,mol1120,-10.48,O=C(NCCN1CCC2(CC1)C(=O)NCN2c1ccc(F)cc1)c1cc2cc(F)ccc2[nH]1,0.20430107526881722,0.11239358782940388
./chembl_scaffold/,mol643,-10.29,COC[C@H]1CN[C@H](C)CN1CC(=O)N1C[C@](C)(c2cc(C)no2)c2ccc(Cc3ccccc3)cc21,0.23880597014925373,0.15167902460444338
./chembl_scaffold/,mol116,-10.28,C[C@@H]1CNC(=O)c2cc3ccc(C(=O)Nc4nc(C(=O)NC5CCN(C)CC5)cs4)cc3n21,0.2376237623762376,0.12066796151890789
./chembl_scaffold/,mol41,-11.42,N#Cc1ccc(NC(=O)COc2cccc(C(=O)Nc3nc4c(s3)C[C@H](N3CCN(C5CC5)CC3)CC4)c2)cc1,0.26262626262626265,0.1497546991879987
./chembl_scaffold/,mol1170,-12.79,O=C(Nc1nc2ccc(C3=NCCN3)cc2[nH]1)c1sc2cc(C3=NCCN3)ccc2c1Cl,0.24050632911392406,0.12203479362854444
./chembl_scaffold/,mol127,-11.01,[H]/N=C1/N[C@](C)(c2sc3c(-c4ccc(C5CC5)nc4)nccc3c2Cl)CS(=O)(=O)N1C,0.1981981981981982,0.11250561975039068
./chembl_scaffold/,mol277,-11.95,CN[C@H]1CCc2cc(N3CC[C@H](NS(=O)(=O)c4ccc5c(Cl)c[nH]c5c4)C3=O)ccc21,0.19801980198019803,0.12317625153545589
./chembl_scaffold/,mol1048,-10.04,Cc1c2ccncc2c(C)c2c1[nH]c1ccc(CN(CCO)CCO)cc12,0.28205128205128205,0.10142413221142516
./chembl_scaffold/,mol762,-13.92,O=C(NO)c1ccc(CN2CCN(C(=O)c3cc(Cc4n[nH]c(=O)c5ccccc45)ccc3F)CC2)cc1,0.2608695652173913,0.13577834169228256
./chembl_scaffold/,mol123,-10.7,C[C@@H](C(=O)N1C[C@@H]2CNC[C@@H](C2)C1)N1CC[C@H](NS(=O)(=O)c2ccc3cc(Cl)ccc3c2)C1=O,0.21951219512195122,0.13650973879354494
./chembl_scaffold/,mol305,-10.25,Cc1cc(C)c(CNC(=O)c2cc(-c3ccc(CN(C)C)nc3)cc(N(C)C3CCOCC3)c2C)c(=O)[nH]1,0.24752475247524752,0.14198027467243643
./chembl_scaffold/,mol279,-11.12,C[C@@H]1[C@H](c2cc(F)cc(F)c2F)C[C@H](NC(=O)c2cnc3c(c2)C[C@@]2(C3)C(=O)Nc3ncccc32)C(=O)N1CC(F)(F)F,0.20535714285714285,0.12370322863867886
./chembl_scaffold/,mol549,-10.88,Cc1ccc(C(=O)Nc2ccc(CN3CCN(C)CC3)c(C(F)(F)F)c2)cc1C#Cc1cnc(C(N)=O)n1C,0.2777777777777778,0.13431251973431146
./chembl_scaffold/,mol703,-10.73,CN1C[C@@H](c2cc(F)cc(F)c2)N(CC(=O)Nc2ccc3c(c2)C[C@@]2(C3)C(=O)Nc3ncccc32)C(=O)C1(C)C,0.1941747572815534,0.12951694322236162
./chembl_scaffold/,mol43,-10.52,C[C@H](C(=O)N/N=C1\C(=O)Nc2ccc(C(=O)N3CCC(NC4CC4)CC3)c(Cl)c21)c1ccc(O)cc1,0.24761904761904763,0.12165872350395031
./chembl_scaffold/,mol741,-11.04,[H]/N=C(/N)c1cccc(Oc2nc(Oc3cccc(CCC(N)=O)c3)c(F)c(C)c2F)c1,0.3,0.1369576168544961
./chembl_scaffold/,mol688,-10.75,Nc1cnc(-c2ccc(-c3ccccc3C(=O)N[C@H]3CC[C@H](O)CC3)cc2F)cn1,0.3037974683544304,0.1606848225583744
./chembl_scaffold/,mol124,-10.69,Cc1ccc(C(=O)Nc2ccc(CN3CCN(C)CC3)c(C(F)(F)F)c2)cc1C#Cc1cnc(C(=O)NCCO)n1C,0.26595744680851063,0.13695662988591167
./chembl_scaffold/,mol514,-11.75,CN1CCN(S(=O)(=O)c2ccc3[nH]c(-c4cc5ccccc5nc4O)cc3c2)CC1,0.2111111111111111,0.1239162128852622
