{"train_r2": 0.9720982909202576, "test_r2": 0.7006415724754333, "test_rmse": 0.6850215714253265}