chembl_id,stereo_id,conf_id,smiles
CHEMBL220601,0,0,O=c1[nH]c2ccc(-c3cn[nH]c3)cc2cc1-c1cc2cc(CN3CCOCC3)ccc2[nH]1
CHEMBL220653,0,0,CC(=O)N1CCN(Cc2ccc3[nH]c(-c4cc5cc(-c6cn[nH]c6)ccc5[nH]c4=O)cc3c2)CC1
CHEMBL3956504,0,0,CC1(C)CN(c2ccc(-c3oc(-c4cccc5[nH]ccc45)nc3C(N)=O)cc2)CCN1
CHEMBL3944825,0,0,CC1(C)CN(c2ccc(-c3oc(-c4c(F)ccc5[nH]ccc45)nc3C(N)=O)cc2)CCN1
CHEMBL3932362,0,0,CC1(C)CN(c2ccc(-c3oc(-c4ccc(F)c5[nH]ccc45)nc3C(N)=O)cc2)CCN1
CHEMBL3651170,0,0,O=C(NC1CNCC(c2ccccc2)C1)c1ccc2[nH]nc(-c3ccncc3)c2c1
CHEMBL221428,0,0,c1cc2[nH]c(-c3n[nH]c4cc(-c5cn[nH]c5)ccc34)cc2cc1CN1CCOCC1
CHEMBL3651159,0,0,O=C(NC1CNCCC1c1cccc(F)c1)c1ccc2[nH]nc(-c3ccncc3)c2c1
CHEMBL4110435,0,0,O=C(N[C@H]1CNC[C@@H]1c1ccccc1)N1CCc2[nH]nc(-c3ccncc3)c2C1
CHEMBL3916616,0,0,Cc1noc(C)c1-c1ccc2c(c1)C(CCCN1CCNCC1)(c1ccccc1)C(=O)N2
CHEMBL3658449,0,0,CN1CC(Cc2ccccc2)CC(NC(=O)c2ccc3[nH]nc(-c4ccncc4)c3c2)C1
CHEMBL3668507,0,0,COc1ccc(F)cc1-c1ccnc2[nH]c(C3=CCN(C(=O)[C@H]4C[C@@H](O)CN4)CC3)cc12
CHEMBL3651175,0,0,CN1CC(NC(=O)c2ccc3[nH]nc(-c4ccncc4)c3c2)CC(c2ccccc2)C1
CHEMBL221479,0,0,c1cc(-c2ccc3c(-c4cc5cc(CN6CCOCC6)ccc5[nH]4)n[nH]c3c2)[nH]n1
CHEMBL3651169,0,0,O=C(Nc1ccc2[nH]nc(-c3ccncc3)c2c1)C1CNCC(c2ccccc2)C1
CHEMBL3918313,0,0,NC(=O)c1cc(-c2ccc(F)cc2)c2ccc(CN3CCNC(C4CC4)C3)cc2n1
CHEMBL3654555,0,0,O=C(NC1CCCNC1)c1ccc2[nH]nc(-c3ccncc3)c2c1
CHEMBL4115451,0,0,O=C(N[C@@H]1CCCN(Cc2ccccc2Cl)C1)N1CCc2[nH]nc(-c3ccncc3)c2C1
CHEMBL4111090,0,0,Cc1cccc(C)c1CN1CCC[C@@H](NC(=O)N2CCc3[nH]nc(-c4ccncc4)c3C2)C1
CHEMBL4114639,0,1,O=C(N[C@@H]1CCCN(Cc2ccccc2F)C1)N1CCc2[nH]nc(-c3ccncc3)c2C1
CHEMBL4108021,0,0,Cc1ccsc1CN1CCC[C@@H](NC(=O)N2CCc3[nH]nc(-c4ccncc4)c3C2)C1
CHEMBL4108732,0,0,Cc1ccc(CN2CCC[C@@H](NC(=O)N3CCc4[nH]nc(-c5ccncc5)c4C3)C2)s1
CHEMBL4111882,0,0,O=C(N[C@@H]1CCCN(Cc2c(F)cccc2F)C1)N1CCc2[nH]nc(-c3ccncc3)c2C1
CHEMBL3921230,0,0,CC(C)(C)C1CN(Cc2ccc3c(-c4ccc(F)cc4)cc(C(N)=O)nc3c2)CCN1
CHEMBL3895775,0,0,CC(C)C1CN(Cc2ccc3c(-c4ccc(F)cc4)cc(C(N)=O)nc3c2)CCN1
CHEMBL3966446,0,0,Cc1ccccc1[C@@H]1CN(C)C[C@H]1NC(=O)N1CCc2[nH]nc(-c3ccncc3)c2C1
CHEMBL1801374,0,0,O=C1NCc2[nH]c3c(ccc4cnc(/C=C/c5ccc(CN6CCOCC6)cc5)cc43)c21
CHEMBL4114602,0,0,C[C@@H]1CN(Cc2ccc3c(-c4ccc(F)cc4)cc(C(N)=O)nc3c2)CCN1
CHEMBL3907125,0,0,NC(=O)c1cc(-c2ccc(F)cc2)c2ccc(CN3CCNCC3C(F)(F)F)cc2n1
CHEMBL3953648,0,0,NC(=O)c1cc(-c2ccc(F)cc2)c2ccc(CN3CCNC(C(F)F)C3)cc2n1
CHEMBL3903459,0,0,C[C@H]1CNC(C(F)(F)F)CN1Cc1ccc2c(-c3ccc(F)cc3)cc(C(N)=O)nc2c1
CHEMBL3894556,0,0,CC1CN(Cc2ccc3c(-c4ccc(F)cc4)cc(C(N)=O)nc3c2)CC(C(F)(F)F)N1
CHEMBL3930631,0,0,NC(=O)c1cc(-c2ccc(F)cc2)c2ccc(CN3CCNCC3)cc2n1
CHEMBL3935453,0,0,NC(=O)c1cc(-c2ccc(F)cc2)c2ccc(CN3CCNC(C(F)(F)F)C3)cc2n1
CHEMBL3893351,0,0,C[C@H]1CN(Cc2ccc3c(-c4ccc(F)cc4)cc(C(N)=O)nc3c2)CCN1
CHEMBL3890277,0,0,NC(=O)c1cc(-c2ccc(F)cc2)c2ccc(CN3CCNC(CF)C3)cc2n1
CHEMBL4113710,0,0,C[C@@H]1CNC(C(F)(F)F)CN1Cc1ccc2c(-c3ccc(F)cc3)cc(C(N)=O)nc2c1
CHEMBL3936994,0,0,O=C1N(CC2CCNC2)CCN1c1n[nH]c2cnc(-c3cccnc3)cc12
CHEMBL3962063,0,0,O=C1N(CC2CCNCC2)CCN1c1n[nH]c2cnc(-c3cccnc3)cc12
CHEMBL1801280,0,0,O=C1NC2(CC2)Cc2[nH]c3c(c21)CCc1cnc(-c2ccc(OCCN4CCOCC4)cc2)cc1-3
CHEMBL374518,0,0,COCC(=O)N1CCN(Cc2ccc3[nH]c(-c4cc5cc(-c6cn[nH]c6)ccc5[nH]c4=O)cc3c2)CC1
CHEMBL482163,0,0,CN1CCN(C(=O)c2ccc3c(c2)CC(C(=O)Nc2ccc(-c4cn[nH]c4)cc2)CO3)CC1
CHEMBL1922140,0,0,COc1cccc(CNC(=O)c2[nH]c3cc(-c4cn[nH]c4)ccc3c2CN2CCN(C)CC2)c1
CHEMBL212962,0,0,CN1CCN(Cc2ccc(-c3[nH]nc4c3Cc3ccccc3-4)cc2)CC1
CHEMBL212961,0,0,CN1CCN(Cc2cccc(-c3[nH]nc4c3Cc3ccccc3-4)c2)CC1
CHEMBL4208713,0,0,c1cc(-c2ccc3ncn(C4CCNCC4)c3c2)c2cc[nH]c2n1
CHEMBL4203835,0,0,c1cc(-c2ccc3ncn(C4CNC4)c3c2)c2cc[nH]c2n1
CHEMBL4216980,0,0,c1cc(-c2ccc3ncn(C4CCCNC4)c3c2)c2cc[nH]c2n1
CHEMBL493007,0,0,CC(C)(O)Cn1/c(=N/C(=O)c2ccc(-c3cn[nH]c3)s2)[nH]c2cc(CN3CCCCC3)ccc21
CHEMBL3984278,0,0,Fc1ccccc1-c1n[nH]c2cnc(-c3cncc(NC4CCNCC4)c3)cc12
CHEMBL1922141,0,0,COc1cccc(CNC(=O)c2[nH]c3cc(-c4cn[nH]c4)ccc3c2CN2CCCNCC2)c1
CHEMBL3651185,0,0,O=C(N[C@@H]1CCCN(CC2CC2)C1)c1ccc2[nH]nc(-c3ccncc3)c2c1
CHEMBL1910897,0,0,c1cc(-c2ccc3c(-c4ccc(N5CCNCC5)cc4)n[nH]c3n2)ccn1
CHEMBL4095072,0,0,Cc1n[nH]c(C)c1-c1ccc2c(NC(=O)c3ccc(N4CCN(C)CC4)cc3)n[nH]c2c1
CHEMBL1801294,0,0,COc1ccc(-c2cc3c(cn2)CCc2c-3[nH]c3c2C(=O)NC2(CNC2)C3)cc1
CHEMBL3663748,0,0,COc1ccc(C2=NCCN2)cc1-c1ccnc2[nH]c(C3CCCNC3)cc12
CHEMBL4280695,0,0,CN1CCN(c2ccc(-c3c(-c4cn[nH]c4)cnc4[nH]ccc34)cc2)CC1
CHEMBL3593990,0,0,NC(=O)c1cccc2[nH]c(-c3ccc(-c4cncc(CN5CCCC5)c4)cc3)nc12
CHEMBL220973,0,0,CC(=O)N1CCN(Cc2ccc3[nH]c(-c4cc5cc(-c6cnn(C)c6)ccc5[nH]c4=O)cc3c2)CC1
CHEMBL3654530,0,1,Cc1cc(-c2n[nH]c3ccc(C(=O)N[C@@H]4CCCN(Cc5ncccc5F)C4)cc23)ccn1
CHEMBL3654548,0,0,O=C(NC1CCCCN(Cc2ccccn2)C1)c1ccc2[nH]nc(-c3ccncc3)c2c1
CHEMBL3923418,0,0,COc1ccc(-c2nc(C(N)=O)c(-c3ccc(N4CCNC(C)(C)C4)cc3)o2)c2cc[nH]c12
CHEMBL563190,0,0,Fc1ccc(-c2[nH]cc(CCCN3CCNCC3)c2-c2ccncc2)cc1
CHEMBL3934590,0,2,Cc1nc2cccc(-c3cc4c([nH]3)CCNC4=S)c2nc1NC(C)(C)C
CHEMBL1922139,0,0,COc1cccc(CNC(=O)c2[nH]c3cc(-c4cn[nH]c4)ccc3c2CN2CCOCC2)c1
CHEMBL1922044,0,0,COc1cccc(CN(CCN2CCCC2)C(=O)c2cc3ccc(-c4cn[nH]c4)nc3[nH]2)c1
CHEMBL3658469,0,0,CN(C)C(=O)C(c1ccccc1F)N1CCC[C@@H](NC(=O)c2ccc3[nH]nc(-c4ccncc4)c3c2)C1
CHEMBL3658468,0,0,CN(C)C(=O)C(c1c(F)cccc1F)N1CCC[C@@H](NC(=O)c2ccc3[nH]nc(-c4ccncc4)c3c2)C1
CHEMBL3951695,0,0,CN1Cc2c(C3=CC4CNCC4C3)[nH]c3nccc(c23)-c2cc(F)ccc21
CHEMBL3654655,0,0,Cc1cc(-c2n[nH]c3ccc(C(=O)N[C@@H]4CC[C@@H](C(=O)N(C)C)N(Cc5cccs5)C4)cc23)ccn1
CHEMBL3654652,0,0,Cc1cc(-c2n[nH]c3ccc(C(=O)N[C@@H]4CC[C@@H](C(=O)N(C)C)N(Cc5ccccc5F)C4)cc23)ccn1
CHEMBL3654590,0,0,CN(C)C(=O)[C@@H]1CC[C@@H](NC(=O)c2ccc3[nH]nc(-c4ccncc4)c3c2)CN1Cc1ccccc1
CHEMBL3775562,0,0,Cn1cc(-c2ccc(Cc3n[nH]c4ccc(C(=O)N5CCNCC5)cc34)cc2)cn1
CHEMBL4109581,0,0,COc1cccc(F)c1CN1CCC[C@@H](NC(=O)N2CCc3[nH]nc(-c4ccncc4)c3C2)C1
CHEMBL223551,0,0,CN1CCN(Cc2ccc3c(c2)Cc2c(Nc4ccccc4)n[nH]c2-3)CC1
CHEMBL1254230,0,0,c1cc(-c2[nH]c(C3CCNCC3)nc2-c2ccc3c(c2)Cc2cn[nH]c2-3)ccn1
CHEMBL3658465,0,1,CNC(=O)C(c1ccccc1F)N1CCC[C@@H](NC(=O)c2ccc3[nH]nc(-c4ccncc4)c3c2)C1
CHEMBL3658466,0,0,NC(=O)C(c1c(F)cccc1F)N1CCC[C@@H](NC(=O)c2ccc3[nH]nc(-c4ccncc4)c3c2)C1
CHEMBL3658467,0,3,CNC(=O)C(c1c(F)cccc1F)N1CCC[C@@H](NC(=O)c2ccc3[nH]nc(-c4ccncc4)c3c2)C1
CHEMBL3658464,0,0,NC(=O)C(c1ccccc1F)N1CCC[C@@H](NC(=O)c2ccc3[nH]nc(-c4ccncc4)c3c2)C1
CHEMBL3654593,0,0,CCNC(=O)[C@@H]1CC[C@@H](NC(=O)c2ccc3[nH]nc(-c4ccncc4)c3c2)CN1Cc1ccccc1
CHEMBL2364322,0,0,Cc1cc(NS(=O)(=O)c2cncc(-c3ccc(F)cc3)c2)ccc1CN1CCN[C@@H](C)C1
CHEMBL3902691,0,0,COc1ccc(F)cc1-c1ccnc2[nH]c(C3=CC4CCC(C3)N4C(=O)CN3CC(O)C3)cc12
CHEMBL4110333,0,0,Cn1c(CN2CCC[C@@H](NC(=O)N3CCc4[nH]nc(-c5ccncc5)c4C3)C2)cc2ccccc21
CHEMBL1910905,0,0,c1cnc(-c2ccc3[nH]cc(-c4ccc(N5CCNCC5)cc4)c3c2)cn1
CHEMBL3960318,0,0,NC1CCN(c2cncc(-c3cc4c(-c5ccccc5F)n[nH]c4cn3)c2)CC1
CHEMBL3923325,0,0,N[C@H]1CCN(c2cncc(-c3cc4c(-c5ccccc5F)n[nH]c4cn3)c2)C1
CHEMBL3957209,0,0,N[C@H]1CCCN(c2cncc(-c3cc4c(-c5ccccc5F)n[nH]c4cn3)c2)C1
CHEMBL4106476,0,0,N[C@@H]1CCN(c2cncc(-c3cc4c(-c5ccccc5F)n[nH]c4cn3)c2)C1
CHEMBL1801387,0,0,O=C1NCCc2[nH]c3c(ccc4cnc(-c5cccc(OCCN6CCOCC6)c5)cc43)c21
CHEMBL1801380,0,2,O=C1NCc2[nH]c3c(ccc4cnc(-c5cccc(OCCN6CCOCC6)c5)cc43)c21
CHEMBL2364315,0,7,Cc1cc(NS(=O)(=O)c2ccc(-c3ccc(F)cc3)nc2)ccc1CN1CCN[C@@H](C)C1
CHEMBL2364314,0,0,C[C@@H]1CN(Cc2ccc(NS(=O)(=O)c3ccc(-c4ccc(F)cc4)nc3)cc2)C[C@H](C)N1
CHEMBL3582218,0,0,NC(=O)c1cc2c(cn1)[nH]c1ncc(-c3ccc(CN4CCCCC4)cc3)cc12
CHEMBL3654603,0,0,CN1C[C@H](NC(=O)c2ccc3[nH]nc(-c4ccncc4)c3c2)CC[C@H]1C(=O)NCc1ccccc1
CHEMBL1739311,0,0,Cc1ccc(-c2c(CN)c(CC(C)C)nc3ccc(N4CC(=O)NCC4=O)cc23)cc1
CHEMBL1808474,0,0,Cc1ccc(-c2c(CN)c(CC(C)C)nc3ccc(N4CCNC(=O)C4=O)cc23)cc1
CHEMBL4129097,0,0,Cc1[nH]nc(C2CC2)c1-c1ccc2c(-c3ccc(N4CCNCC4)nc3)n[nH]c2c1
CHEMBL3668552,0,0,COc1ccc(F)cc1-c1c(F)cnc2[nH]c(C3=CC4CN(CC(=O)N(C)C)CC4C3)cc12
CHEMBL3668397,0,0,COc1ccc(F)cc1-c1ccnc2[nH]c(C3CCN(C4CCNC4)C3)cc12
CHEMBL3908228,0,0,O=c1c2cn[nH]c2c2ccc(-c3ccccc3CN3CCCNCC3)cc2n1CC(F)(F)F
CHEMBL494136,0,0,CN(C)Cc1ccc2c(c1)[nH]/c(=N\C(=O)c1ccc(-c3cn[nH]c3)s1)n2CC(C)(C)O
CHEMBL548059,0,0,NCCNC(=O)c1ccc(-c2cnc3[nH]cc(-c4ccc(C(N)=O)cc4)c3c2)cc1
CHEMBL1808473,0,0,Cc1ccc(-c2c(CN)c(CC(C)C)nc3ccc(N4CCNC(=O)C4)cc23)cc1
CHEMBL1801295,0,0,COc1ccc(-c2cc3c(cn2)CCc2c-3[nH]c3c2C(=O)NC2(C3)CN(C)C2)cc1
CHEMBL3582208,0,0,N#Cc1cc2c(cn1)[nH]c1ncc(-c3ccc(CN4CCC[C@@H](O)C4)cc3)cc12
CHEMBL3582207,0,0,N#Cc1cc2c(cn1)[nH]c1ncc(-c3ccc(CN4CCC(O)CC4)cc3)cc12
CHEMBL2152281,0,0,Nc1cc(C(=O)N2CCOCC2)cc(-c2cnc3[nH]cc(-c4ccncc4)c3c2)c1
CHEMBL1288251,0,3,NC(=O)c1cnc(N[C@H]2CCCNC2)c2cc(-c3cnc4ccccc4c3)sc12
CHEMBL376646,0,0,Cn1cc(-c2ccc3c(-c4cc5cc(CN6CCOCC6)ccc5[nH]4)n[nH]c3c2)cn1
CHEMBL3894135,0,0,Fc1ccccc1-c1n[nH]c2cnc(-c3cnccc3OC[C@H]3CCNC3)cc12
CHEMBL4113130,0,0,Fc1ccccc1-c1n[nH]c2cnc(-c3cnccc3OC[C@@H]3CCNC3)cc12
CHEMBL3668560,0,0,COc1ccc(F)cc1-c1ccnc2[nH]c(C3=CC4CN(CC(=O)N5CC(O)C5)CC4C3)cc12
CHEMBL3668558,0,0,COc1ccc(F)cc1-c1c(F)cnc2[nH]c(C3=CC4CN(CC(=O)N5CC(O)C5)CC4C3)cc12
CHEMBL3912631,0,0,NC(=O)c1cc(-c2ccc(F)cc2)c2ccc(CN3CCC(N)CC3)cc2n1
CHEMBL3937068,0,0,NC(=O)c1cc(-c2ccc(F)cc2)c2ccc(CN3CCNC(=O)C3)cc2n1
CHEMBL1254389,0,0,O=C(c1cc(-c2ccc3c(c2)Cc2cn[nH]c2-3)c(-c2ccncc2)o1)N1CCNCC1
CHEMBL522871,0,0,CC(C)CNCc1ccc2c(c1)[nH]/c(=N\C(=O)c1ccc(-c3cn[nH]c3)s1)n2CC(C)(C)O
CHEMBL2364306,0,0,C[C@H]1CN(Cc2ccc(N(C)C(=O)c3ccc(-c4cccc(F)c4)cn3)cc2)CCN1
CHEMBL2364307,0,0,C[C@H]1CN(Cc2ccc(N(C)C(=O)c3ccc(-c4ccc(F)cc4)cn3)cc2)CCN1
CHEMBL78880,0,0,c1cnc2c(c1)ncn2-c1ccc2[nH]cc(C[C@H]3CCCN3)c2c1
CHEMBL399626,0,0,CN1CCN(C(=O)c2ccc3cc(-c4csc(-c5ccncc5)n4)c(=O)[nH]c3c2)CC1
CHEMBL212429,0,6,CN1CCC(N(C)c2ccc3[nH]c(-c4[nH]nc5ccccc45)nc3c2)CC1
CHEMBL494135,0,0,CNCc1ccc2c(c1)[nH]/c(=N\C(=O)c1ccc(-c3cn[nH]c3)s1)n2CC(C)(C)O
CHEMBL495026,0,0,CCC(C)NCc1ccc2c(c1)[nH]/c(=N\C(=O)c1ccc(-c3cn[nH]c3)s1)n2CC(C)(C)O
CHEMBL499219,0,0,CC(C)(O)Cn1/c(=N/C(=O)c2ccc(-c3cn[nH]c3)s2)[nH]c2cc(CN)ccc21
CHEMBL2263603,0,0,Oc1ccc2c(-c3ccccc3)cc(CCN3CCNCC3)nc2n1
CHEMBL3668379,0,0,Nc1ccc(Cl)c(-c2ccnc3[nH]c(C4CCNCC4)cc23)n1
CHEMBL3654662,0,1,Cc1cc(-c2n[nH]c3ccc(C(=O)N[C@@H]4CC[C@@H](C(=O)N(C)C)N(CCc5ccccc5)C4)cc23)ccn1
CHEMBL3702011,0,0,c1ccc(-c2cc(Nc3ccc([C@H]4CNCCO4)cc3)[nH]n2)cc1
CHEMBL1923161,0,0,COc1cccc(CNC(=O)c2cc3ccc(-c4ccnc(N)c4)cc3[nH]2)c1
CHEMBL461139,0,0,O=c1[nH]cnc2[nH]c(-c3ccnc(/C=C/c4ccc(CN5CCOCC5)cc4)c3)cc12
CHEMBL2364311,0,0,COc1cccc(-c2ccc(C(=O)N(C)c3ccc(CN4CCN[C@@H](C)C4)cc3)nc2)c1
CHEMBL2152278,0,0,Nc1cc(-c2cnc3[nH]cc(-c4ccncc4)c3c2)ccc1C(=O)N1CCOCC1
CHEMBL2407554,0,5,O=C1c2[nH]nc(NS(=O)(=O)c3ccc4ccccc4c3)c2CCN1CC1CCNCC1
CHEMBL3902456,0,0,NC(=O)N1CCCc2cc(-c3cncc(CN4CCNC(=O)C4)c3)cnc21
CHEMBL3646818,0,0,CN1CCN(C(=O)c2ccc3c(c2)[nH]c2c(C(N)=O)cc(-c4ccc(Cl)nc4)cc23)CC1
CHEMBL4125807,0,0,Cc1[nH]nc(C2CC2)c1-c1ccc2c(-c3ccc(N4CCN(C)CC4)nc3)n[nH]c2c1
CHEMBL249487,0,0,CC(=O)NC[C@H]1CN(c2ccc3c(c2)CCCc2c(NC(C)C)n[nH]c2-3)C(=O)O1
CHEMBL3402457,0,0,COc1cccc(CNC(=O)Nc2ccc(-c3cn[nH]c3)cc2OCCN2CCCC2)c1
CHEMBL535877,0,0,O=C(c1ccc(-c2cnc3[nH]cc(-c4ccc(C(=O)N5CCOCC5)cc4)c3c2)cc1)N1CCOCC1
CHEMBL2364309,0,0,C[C@H]1CN(Cc2ccc(N(C)C(=O)c3ccc(-c4cccc(C#N)c4)cn3)cc2)CCN1
CHEMBL5314970,0,0,CCN1C(=O)COc2nc(-c3ccc([C@]4(N)C[C@@H](O)C4)cc3)c(-c3ccccc3)cc21
CHEMBL3969949,0,0,Fc1ccccc1-c1n[nH]c2cnc(-c3cnccc3OC3CCNCC3)cc12
CHEMBL3968244,0,0,Fc1ccccc1-c1n[nH]c2cnc(-c3cnccc3OC3CNC3)cc12
CHEMBL3634777,0,0,Fc1ccccc1-c1n[nH]c2cnc(-c3cnccc3O[C@@H]3CCCNC3)cc12
CHEMBL3911749,0,0,Fc1ccccc1-c1n[nH]c2cnc(-c3cnccc3O[C@H]3CCCNC3)cc12
CHEMBL400630,0,0,O=C1Nc2cc(CN3CCOCC3)ccc2CN1c1csc(-c2ccncc2)n1
CHEMBL2333897,0,0,O=c1[nH]c([C@@H]2CNC[C@H]2c2ccc(F)cc2)nc2ccc(-c3cn[nH]c3)cc12
CHEMBL2333899,0,0,O=c1[nH]c([C@@H]2CNC[C@H]2c2ccc(C(F)(F)F)cc2)nc2ccc(-c3cn[nH]c3)cc12
CHEMBL2334292,0,0,O=c1[nH]c([C@@H]2CNC[C@H]2c2ccccc2)nc2ccc(-c3cn[nH]c3)cc12
CHEMBL2334291,0,0,Cc1n[nH]cc1-c1ccc2nc([C@@H]3CNC[C@H]3c3ccccc3)[nH]c(=O)c2c1
CHEMBL2333898,0,0,O=c1[nH]c([C@@H]2CNC[C@H]2c2ccc(Cl)cc2)nc2ccc(-c3cn[nH]c3)cc12
CHEMBL4065361,0,0,Cc1n[nH]cc1-c1cc2nc(C(c3ccccc3)N3CCCC3)[nH]c(=O)c2s1
CHEMBL3668561,0,0,COc1ccc(F)cc1-c1ccnc2[nH]c(C3=CC4CN(CC(=O)N5CCC[C@H]5CO)CC4C3)cc12
CHEMBL3654626,0,0,O=C(NC1COCCN(CCc2cccc(F)c2)C1)c1ccc2[nH]nc(-c3ccncc3)c2c1
CHEMBL3654625,0,0,O=C(NC1COCCN(CCc2ccccc2F)C1)c1ccc2[nH]nc(-c3ccncc3)c2c1
CHEMBL3654624,0,0,O=C(NC1COCCN(CCc2c(F)cccc2F)C1)c1ccc2[nH]nc(-c3ccncc3)c2c1
CHEMBL3926520,0,0,Cc1noc(C)c1-c1ccc2c(c1)C(c1ccccc1)(N1CCNCC1)C(=O)N2
CHEMBL3302182,0,0,COc1ccc(-c2cnc(-c3ccc(OC[C@@H](O)CNC(C)(C)C)cc3)[nH]2)cc1
CHEMBL3250235,0,0,COc1ccc(-c2cnc(-c3ccc(OCC(O)CNC(C)(C)C)cc3)[nH]2)cc1
CHEMBL566402,0,0,O=C(c1ccc2ccccc2c1)c1nc2cc(N3CCNCC3)ccc2[nH]1
CHEMBL3654596,0,0,O=C(N[C@@H]1CC[C@H](C(=O)NCc2ccccc2)NC1)c1ccc2[nH]nc(-c3ccncc3)c2c1
CHEMBL3654597,0,0,O=C(N[C@@H]1CC[C@@H](C(=O)NCc2ccccc2)NC1)c1ccc2[nH]nc(-c3ccncc3)c2c1
CHEMBL1215303,0,0,COc1ccc2c(c1)C[C@H](C(=O)Nc1ccc(-c3cn[nH]c3)cc1)NC2
CHEMBL3918363,0,0,CC(=O)N1CCN(Cc2nnc(-c3ccc4[nH]nc(-c5ccc(F)cc5)c4c3)[nH]2)CC1
CHEMBL1909654,0,0,c1ncc(-c2ccc3[nH]cc(-c4ccc(N5CCNCC5)cc4)c3c2)cn1
CHEMBL3926782,0,1,CC(C)(C)Nc1cnc2cccc(-c3cc4c([nH]3)CCNC4=O)c2n1
CHEMBL3930939,0,1,Cc1nc2cccc(-c3cc4c([nH]3)C[C@H](C)NC4=O)c2nc1NC(C)(C)C
CHEMBL3940411,0,2,Cc1nc2cccc(-c3cc4c([nH]3)CNC4=O)c2nc1NC(C)(C)C
CHEMBL3986680,0,0,Cc1nc2cccc(-c3[nH]c4c(c3C)C(=O)NCC4)c2nc1NC(C)(C)C
CHEMBL3929651,0,0,C#Cc1nc2cccc(-c3cc4c([nH]3)CCNC4=O)c2nc1NC(C)(C)C
CHEMBL3918714,0,0,Cc1nc2cccc(-c3cc4c([nH]3)[C@H](C)NC4=O)c2nc1NC(C)(C)C
CHEMBL3897606,0,1,CCC(C)(C)Nc1nc2c(-c3cc4c([nH]3)CCNC4=O)c(F)ccc2nc1C
CHEMBL3959102,0,0,Cc1nc2cccc(-c3cc4c([nH]3)C[C@@H](C)NC4=O)c2nc1NC(C)(C)C
CHEMBL3890648,0,2,Cc1nc2cccc(-c3cc4c([nH]3)CCNC4=O)c2nc1NC(C)C
CHEMBL3970766,0,5,Cc1nc2ccc(F)c(-c3cc4c([nH]3)CCNC4=O)c2nc1NC(C)C
CHEMBL3934338,0,0,Cc1nc2cccc(-c3cc4c([nH]3)[C@@H](C)NC4=O)c2nc1NC(C)C
CHEMBL3974543,0,0,Cc1nc2cccc(-c3cc4c([nH]3)[C@@H](C)NC4=O)c2nc1NC(C)(C)C
CHEMBL3918158,0,0,CC(C)(C)Nc1nc2c(-c3cc4c([nH]3)CCNC4=O)cccc2nc1Cl
CHEMBL3944136,0,2,Cc1nc2ccc(F)c(-c3cc4c([nH]3)CNC4=O)c2nc1NC(C)(C)C
CHEMBL3914535,0,0,CCc1nc2cccc(-c3cc4c([nH]3)CCNC4=O)c2nc1NC(C)(C)C
CHEMBL3959725,0,1,Cc1nc2cccc(-c3cc4c([nH]3)CCNC4=O)c2nc1NC(C)(C)C
CHEMBL3966076,0,4,Cc1nc2cccc(-c3cc4c([nH]3)CCNC4=O)c2nc1NC(C)(C)C(F)(F)F
CHEMBL3972296,0,0,CC(C)(C)Nc1ncc2cccc(-c3cc4c([nH]3)CCNC4=O)c2n1
CHEMBL3668545,0,0,COc1ccc(F)cc1-c1ccnc2[nH]c(C3=CC4CN(C(=O)CO)CC4C3)cc12
CHEMBL2181297,0,0,Nc1ncc(-c2ccc(C(=O)N3CCNCC3)cc2)cc1-c1ccc(C(F)(F)F)nc1
CHEMBL3246295,0,0,CC(C)(C)NCC(O)COc1ccc(-c2ncc(-c3ccccc3)[nH]2)cc1
CHEMBL1922138,0,0,COc1cccc(CNC(=O)c2[nH]c3cc(-c4cn[nH]c4)ccc3c2CN(C)C)c1
CHEMBL3896124,0,1,Cc1nc2cccc(-c3cc4c([nH]3)C3(CC3)NC4=O)c2nc1NC(C)(C)C
CHEMBL3974046,0,7,Cc1nc2ccc(F)c(-c3cc4c([nH]3)C3(CC3)NC4=O)c2nc1NC(C)C
CHEMBL2005387,0,0,CC(C)(O)CNc1cc(-c2c[nH]c3ncccc23)cc(Cl)n1
CHEMBL3668415,0,0,O=C1CCCN1CCNc1cccc(-c2ccnc3[nH]c(C4CCNCC4)cc23)n1
CHEMBL3799228,0,0,O=C(NCCNc1ccccc1)c1ccc2[nH]nc(-c3ccncc3)c2c1
CHEMBL4105646,0,0,Cc1n[nH]cc1-c1cc2nc(CN3CCC(c4ccccc4)C3)[nH]c(=O)c2s1
CHEMBL548690,0,0,CS(=O)(=O)c1cccc(-c2cnc3[nH]cc(-c4cccc(CCN)c4)c3c2)c1
CHEMBL4170317,0,1,Cc1cccc(S(=O)(=O)Nc2ccc(C3(O)CSC(=S)N3Cc3cccnc3)cc2)c1
CHEMBL2296624,0,0,Cc1nnc(-c2ccccc2-c2ccc(CN3CCNCC3)cc2)o1
CHEMBL3951910,0,0,NC1CCN(c2ccncc2-c2cc3c(-c4ccccc4F)n[nH]c3cn2)CC1
CHEMBL4111247,0,1,N[C@@H]1CCCN(c2ccncc2-c2cc3c(-c4ccccc4F)n[nH]c3cn2)C1
CHEMBL3634793,0,0,N[C@H]1CCCN(c2ccncc2-c2cc3c(-c4ccccc4F)n[nH]c3cn2)C1
CHEMBL1921984,0,0,CC(C)NC(=O)c1ccc2cc(C3(O)CCn4cncc43)ccc2c1
CHEMBL1079920,0,0,CN(C)CCNC(=O)c1ccc2c(c1)CC(c1nc3ccc(-c4cn[nH]c4)cc3s1)CO2
CHEMBL3914440,0,0,CN1CCN(C(=O)c2cccc(-c3n[nH]c4ccc(-c5ncn[nH]5)cc34)c2)CC1
CHEMBL4108596,0,0,NC[C@H]1CCN(c2cncc(-c3cc4c(-c5ccccc5F)n[nH]c4cn3)c2)C1
CHEMBL255445,0,2,c1cc(NC2CCNCC2)nc(-c2cnc3ccc(-c4ccc[nH]4)cn23)c1
CHEMBL494027,0,0,CC(C)(O)Cn1/c(=N/C(=O)c2ccc(-c3cn[nH]c3)s2)[nH]c2cc(CN3CCOCC3)ccc21
CHEMBL522682,0,0,CC1COCC(C)N1Cc1ccc2c(c1)[nH]/c(=N\C(=O)c1ccc(-c3cn[nH]c3)s1)n2CC(C)(C)O
CHEMBL3668458,0,0,Nc1ccc(F)c(-c2ccnc3[nH]c(C4CCNCC4)cc23)c1
CHEMBL4114164,0,3,Cn1cc(CN2CCC[C@@H](NC(=O)N3CCc4[nH]nc(-c5ccncc5)c4C3)C2)c2ccccc21
CHEMBL3341792,0,0,Nc1ncc(-c2cccc(N3CCNCC3)c2)cc1-c1ccnc2ccccc12
CHEMBL3341791,0,0,Nc1ncc(-c2ccc(N3CCNCC3)cc2)cc1-c1ccnc2ccccc12
CHEMBL3920493,0,1,O=C(N[C@H]1C[C@H]2COC[C@@H](C1)N2)c1cn(-c2cn[nH]c2)c2ccccc12
CHEMBL1808582,0,0,CCNCc1cncc(-c2ccc3[nH]nc(-c4ncc[nH]4)c3c2)c1C
CHEMBL1614713,0,0,c1cc(OCCN2CCCCC2)cc(-c2n[nH]c3ccc(-c4nnc[nH]4)cc23)c1
CHEMBL3918515,0,0,NC[C@@H]1CCN(c2ccncc2-c2cc3c(-c4ccccc4F)n[nH]c3cn2)C1
CHEMBL1683428,0,0,CN(C)CCNC(=O)c1cccc(-c2cc(-c3ccc(N4CCN(C)CC4)cc3)[nH]n2)c1
CHEMBL3913090,0,0,CC(=O)NC1CCN(Cc2ccc3c(-c4ccc(F)cc4)cc(C(N)=O)nc3c2)C1
CHEMBL482522,0,0,c1cc(NC2CCNCC2)nc(-c2cncc3ccccc23)c1
CHEMBL3341793,0,0,Nc1ncc(-c2ccc(N3CCNCC3)cc2)cc1-c1cccc2ncccc12
CHEMBL4114381,0,0,NC(=O)c1cc(-c2ccc(F)cc2)c2ccc(CN3CCN4CCC[C@@H]4C3)cc2n1
CHEMBL536150,0,0,CS(=O)(=O)Nc1cccc(-c2cnc3[nH]cc(-c4cccc(CN)c4)c3c2)c1
CHEMBL536845,0,0,CS(=O)(=O)Nc1cccc(-c2cnc3[nH]cc(-c4ccc(CN)cc4)c3c2)c1
CHEMBL3663681,0,0,O=C(Nc1ccc([C@H]2CNCCO2)cc1)c1cc(-c2ccc(F)cc2)[nH]n1
CHEMBL3663679,0,0,O=C(Nc1ccc([C@H]2CNCCO2)cc1)c1cc(-c2ccccc2)[nH]n1
CHEMBL3663680,0,0,O=C(Nc1ccc([C@H]2CNCCO2)cc1)c1cc(-c2cccc(Cl)c2)[nH]n1
CHEMBL3898951,0,0,FC1(c2cccc(-c3n[nH]c4cnc(-c5cccnc5)cc34)n2)CCNCC1
CHEMBL3981108,0,0,OC1CCN(Cc2nnc(-c3ccc4[nH]nc(-c5ccc(F)cc5)c4c3)[nH]2)CC1
CHEMBL445410,0,0,COc1cc2c(cc1CN[C@H]1CC[C@H](O)CC1)Cc1c-2n[nH]c1-c1ccc(C#N)cc1
CHEMBL3668362,0,0,c1cc(NCC2CCOCC2)nc(-c2ccnc3[nH]c(C4CCNCC4)cc23)c1
CHEMBL3981105,0,0,NC(=O)c1nc(-c2ccncc2)sc1NC(=O)c1ccc(CC2CCNCC2)cc1
CHEMBL3933190,0,0,NC(=O)c1cc(-c2ccc(F)cc2)c2ccc(CN3CCC(O)CC3)cc2n1
CHEMBL3953922,0,0,c1cc(OCCN2CCCC2)cc(-c2n[nH]c3ccc(-c4ncn[nH]4)cc23)c1
CHEMBL3086305,0,1,CC(=O)Nc1nc2c(s1)C[C@H]1[C@H]3Cc4ccc(O)cc4[C@@]1(CCN3CC1CC1)C2
CHEMBL400323,0,0,NCCCc1cc2cc[nH]c(=O)c2c2cc(-c3ccn[nH]3)ccc12
CHEMBL3221395,0,0,NCCNC(=O)c1cnc2oc3ccc(O)cc3c2c1-c1ccccc1
CHEMBL1911343,0,0,Cc1ccc2c(N)n[nH]c2c1-c1ccc2c(c1)NC(=O)C21CCOCC1
CHEMBL481685,0,0,CN(C)CCNC(=O)c1ccc2c(c1)CC(C(=O)Nc1ccc(-c3cn[nH]c3)cc1)CO2
CHEMBL3221814,0,0,COc1ccc2c(c1)C[C@@H](C(=O)Nc1ccc(-c3cn[nH]c3)cc1O[C@H]1CCN(C)C1)CO2
CHEMBL3221813,0,0,COc1ccc2c(c1)C[C@H](C(=O)Nc1ccc(-c3cn[nH]c3)cc1O[C@H]1CCN(C)C1)CO2
CHEMBL3221811,0,0,COc1ccc2c(c1)C[C@H](C(=O)Nc1ccc(-c3cn[nH]c3)cc1O[C@@H]1CCN(C)C1)CO2
CHEMBL3221812,0,0,COc1ccc2c(c1)C[C@@H](C(=O)Nc1ccc(-c3cn[nH]c3)cc1O[C@@H]1CCN(C)C1)CO2
CHEMBL1809110,0,0,O=c1[nH]cc(-c2ccc(N3CCOCC3)cc2)c2sc(-c3cn[nH]c3)cc12
CHEMBL567071,0,0,c1ccc2c(Cc3nc4cc(N5CCNCC5)ccc4[nH]3)cccc2c1
CHEMBL400127,0,0,NCCc1cc2cc[nH]c(=O)c2c2cc(-c3ccn[nH]3)ccc12
CHEMBL1911340,0,0,Cc1ccc2c(N)noc2c1-c1ccc2c(c1)NC(=O)C2(C)C
CHEMBL4104204,0,0,O=C(Nc1n[nH]c2cc(-c3cnc4[nH]ccc4c3)ccc12)C1CC1
CHEMBL3651160,0,0,O=C(NC1CCCCNC1=O)c1ccc2[nH]nc(-c3ccncc3)c2c1
CHEMBL3359894,0,0,CN1CCN(c2ccc(-c3cnc4[nH]c5cnc(C(N)=O)cc5c4c3)cc2)CC1
CHEMBL1801088,0,0,O=C1NCCCc2[nH]c3c(ccc4cnc(-c5ccccc5OCCN5CCOCC5)cc43)c21
CHEMBL4283403,0,3,CNC(=O)c1ccc(OCc2cc(C)ccn2)c(-c2ccc3c(c2)CCNCC3)c1
CHEMBL1683427,0,0,CN1CCN(c2ccc(-c3cc(-c4cccc(C(=O)NCCO)c4)n[nH]3)cc2)CC1
CHEMBL1683313,0,0,CC(C)NC(=O)c1cccc(-c2cc(-c3ccc(N4CCN(C)CC4)cc3)[nH]n2)c1
CHEMBL428409,0,0,NCCc1cc2cc[nH]c(=O)c2c2cc(-c3cn[nH]c3)ccc12
CHEMBL3892007,0,0,c1cc(OCCN2CCNCC2)cc(-c2n[nH]c3ccc(-c4ncn[nH]4)cc23)c1
CHEMBL3703263,0,0,NC1=NC2(CO1)c1cc(-c3cnc4[nH]cc(Cl)c4c3)ccc1OCC21CC1
CHEMBL3703262,0,0,NC1=NC2(CO1)c1cc(-c3cnc4[nH]ccc4c3)ccc1OCC21CC1
CHEMBL3582211,0,0,N#Cc1cc2c(cn1)[nH]c1ncc(-c3ccc(CN4CCOCC4)cc3)cc12
CHEMBL4126740,0,0,CN(C)CCCNC(=O)c1cccc(-c2cc3c(-c4ccc(C(N)=O)cc4)ccnc3[nH]2)c1
CHEMBL4127140,0,0,CN(C)CCCNC(=O)c1ccc(-c2cc3c(-c4ccc(C(N)=O)cc4)ccnc3[nH]2)cc1
CHEMBL3668346,0,0,COc1cc(F)ccc1-c1ccnc2[nH]c(C3CNC(C)(C)CO3)cc12
CHEMBL3668345,0,0,COc1ccc(F)cc1-c1ccnc2[nH]c(C3CNC(C)(C)CO3)cc12
CHEMBL1684205,0,0,O=C(c1ccc2c(c1)CC(c1nc3ccc(-c4cn[nH]c4)cc3c(=O)[nH]1)CO2)C1CC1
CHEMBL3654518,0,0,COc1cccc(CN2CCC[C@@H](NC(=O)c3ccc4[nH]nc(-c5ccnc(C)c5)c4c3)C2)n1
CHEMBL511458,0,0,CC1(C)NC(C)(C)C(c2nc3c(C(N)=O)cccc3[nH]2)=C1c1ccccc1
CHEMBL512672,0,0,NCC(NC(=O)c1cc(-c2ccnc3[nH]ccc23)cs1)c1ccccc1
CHEMBL471034,0,0,NCC(NC(=O)c1ccc(-c2ccnc3[nH]ccc23)s1)c1ccccc1
CHEMBL1978317,0,2,CC(=O)Nc1cccc(-c2ccnc3c2CC(C(=O)NCc2ccc(N4CCN(C)CC4)cc2)O3)c1
CHEMBL2355846,0,0,CC(=O)Nc1ccc(-c2ccnc3c2CC(C)(C(=O)NCc2ccc(N4CCN(C)CC4)cc2)O3)cc1
CHEMBL2360683,0,0,CC(=O)Nc1ccc(-c2ccnc3c2CC(C(=O)NCc2ccc(N4CCN(C)CC4)cc2)O3)cc1
CHEMBL3919291,0,0,COc1cc(C(=O)NCC(c2ccccc2)N2CCNCC2)ccc1-c1cn[nH]c1
CHEMBL3663682,0,0,COc1cccc(-c2cc(C(=O)Nc3ccc([C@H]4CNCCO4)cc3)n[nH]2)c1
CHEMBL3468645,0,0,O=C(Nc1ccc(-c2nnc[nH]2)cc1)C1CCN1Cc1ccccc1
CHEMBL1684208,0,0,O=C(NC1CC1)c1ccc2c(c1)CC(c1nc3ccc(-c4cn[nH]c4)cc3c(=O)[nH]1)CO2
CHEMBL3593812,0,0,NC(=O)c1cccc2[nH]c(-c3ccc(-c4ccc(N)nc4)cc3)nc12
CHEMBL2296617,0,0,c1ccc(-c2nnn[nH]2)c(-c2ccc(CN3CCNCC3)cc2)c1
CHEMBL3596902,0,0,O=C(c1ccccc1)c1c[nH]c2ncc(-c3cnn(C4CCNCC4)c3)cc12
CHEMBL3596903,0,0,Cc1ccccc1C(=O)c1c[nH]c2ncc(-c3cnn(C4CCNCC4)c3)cc12
CHEMBL3596904,0,0,O=C(c1ccccc1F)c1c[nH]c2ncc(-c3cnn(C4CCNCC4)c3)cc12
CHEMBL3693248,0,0,N=C1NC(CF)(c2cc(-c3cncc(F)c3)c(CO)cc2F)C2CC2O1
CHEMBL482540,0,0,O=S(=O)(NC1CNC1)c1ccc(-c2ccnc3[nH]ccc23)cc1
CHEMBL2109743,0,0,CS(=O)(=O)Nc1cccc(-c2cnc3[nH]cc(-c4cccc(CCN)c4)c3c2)c1
CHEMBL3926926,0,0,NC(=O)N1CCCc2cc(-c3cncc(CN4CCC(O)C4)c3)cnc21
CHEMBL2381232,0,0,O=C(Nc1ccccc1N1CCNCC1)c1csc(N2CCCc3ccccc32)n1
CHEMBL373646,0,0,CCN1CCCC1CNC(=O)c1cc(-c2[nH]ncc2-c2cccc(Cl)c2)c[nH]1
CHEMBL1911341,0,0,Cc1ccc2c(N)noc2c1-c1ccc2c(c1)NC(=O)C21CCOCC1
CHEMBL492990,0,0,CN(C)CCN(C)Cc1ccc2c(c1)[nH]/c(=N\C(=O)c1ccc(-c3cn[nH]c3)s1)n2CC(C)(C)O
CHEMBL3221809,0,0,COc1ccc2c(c1)C[C@H](C(=O)Nc1ccc(-c3cn[nH]c3)cc1OCCN1CCCC1)CO2
CHEMBL3221810,0,0,COc1ccc2c(c1)C[C@@H](C(=O)Nc1ccc(-c3cn[nH]c3)cc1OCCN1CCCC1)CO2
CHEMBL2334293,0,0,N[C@@H](Cc1ccc(Cl)cc1)c1nc2ccc(-c3cn[nH]c3)cc2c(=O)[nH]1
CHEMBL2333912,0,0,N[C@H](Cc1ccc(F)c(F)c1)c1nc2ccc(-c3cn[nH]c3)cc2c(=O)[nH]1
CHEMBL2333906,0,0,N[C@H](Cc1ccc(F)cc1)c1nc2ccc(-c3cn[nH]c3)cc2c(=O)[nH]1
CHEMBL2333904,0,0,CCN[C@H](Cc1ccc(Cl)cc1)c1nc2ccc(-c3cn[nH]c3)cc2c(=O)[nH]1
CHEMBL2334284,0,0,N[C@H](Cc1cccc(C(F)(F)F)c1)c1nc2ccc(-c3cn[nH]c3)cc2c(=O)[nH]1
CHEMBL2333914,0,0,N[C@H](Cc1cccc(F)c1)c1nc2ccc(-c3cn[nH]c3)cc2c(=O)[nH]1
CHEMBL2333905,0,0,N[C@@H](Cc1ccc(F)cc1)c1nc2ccc(-c3cn[nH]c3)cc2c(=O)[nH]1
CHEMBL2333913,0,0,N[C@H](Cc1cccc(Cl)c1)c1nc2ccc(-c3cn[nH]c3)cc2c(=O)[nH]1
CHEMBL2334286,0,0,N[C@@H](Cc1ccccc1)c1nc2ccc(-c3cn[nH]c3)cc2c(=O)[nH]1
CHEMBL2334294,0,0,N[C@H](Cc1ccc(Cl)cc1)c1nc2ccc(-c3cn[nH]c3)cc2c(=O)[nH]1
CHEMBL3953940,0,0,CN(C)C(=O)CN1CC2C=C(c3[nH]c4nccc5c4c3CN(C)c3ccc(F)cc3-5)CC2C1
CHEMBL3920604,0,0,CNc1nnc(-c2ccc3[nH]cc(-c4ccn[nH]4)c3c2)s1
CHEMBL4096487,0,0,OC[C@H](Nc1cncc(-c2ccc3[nH]ncc3c2)c1)c1ccccc1
CHEMBL3949735,0,0,CN1Cc2c(C3=CC4CN(CC(=O)N(C)C5CC(O)C5)CC4C3)[nH]c3nccc(c23)-c2cc(F)ccc21
CHEMBL3699731,0,0,NC1(c2ccc(-c3nc4ccc(C(=O)NCCO)cn4c3-c3ccccc3)cc2)CCC1
CHEMBL3923270,0,0,NC(=O)c1nc(-c2ccncc2)sc1NC(=O)c1ccc(CN2CCNCC2)cc1
CHEMBL3951520,0,0,NC(=O)N1CCCc2cc(-c3cncc(C4CCCN4)c3)cnc21
CHEMBL571762,0,0,c1ccc2c(Cc3nc4c(N5CCNCC5)cccc4[nH]3)cccc2c1
CHEMBL3359896,0,0,CN1CCN(c2ccc(-c3cnc4[nH]c5ccc(C#N)nc5c4c3)cc2)CC1
CHEMBL79774,0,0,Cc1c2ccnc(C(=O)NCCCCN)c2cc2c3cc(O)ccc3n(C)c12
CHEMBL2011978,0,0,CN1C(=N)NC(c2ccccc2)(c2cccc(-c3cncc(C#N)c3)c2)C1=O
CHEMBL3728142,0,0,Cc1[nH]c(/C=C2\C(=O)Nc3ccc(-c4cnn(-c5ccccn5)c4)cc32)c(C)c1C(=O)N1CCN(C)CC1
CHEMBL3950507,0,0,NC(=O)c1cc(-c2ccc(F)cc2)c2ccc(CN3CCC[C@H]3C(N)=O)cc2n1
CHEMBL203491,0,0,O=c1[nH]sc2c1c(=O)c1cc(F)c(-c3cncc(C4CCCN4)c3)cc1n2C1CC1
CHEMBL1254390,0,0,CN1CCN(C(=O)c2cc(-c3ccc4c(c3)Cc3cn[nH]c3-4)c(-c3ccncc3)o2)CC1
CHEMBL3668440,0,0,COc1ccc(F)cc1-c1ccnc2[nH]c(C3CN(CCN)C3)cc12
CHEMBL3668396,0,0,COc1ccc(F)cc1-c1ccnc2[nH]c(C3CCN(CCN)C3)cc12
CHEMBL2152283,0,0,Nc1cc(OCCN2CCOCC2)cc(-c2cnc3[nH]cc(-c4ccncc4)c3c2)c1
CHEMBL2334289,0,0,O=c1[nH]c([C@@H]2CNC[C@H]2c2ccccc2)nc2ccc(-c3ccncc3)cc12
CHEMBL226475,0,0,Nc1ccc(-c2cc(-c3cc4c([nH]3)CCNC4=O)ccn2)cc1
CHEMBL3946509,0,0,CN1CCN(Cc2ccc3c(-c4ccc(F)cc4)cc(C(N)=O)nc3c2)CC1
CHEMBL3930529,0,0,CN1CCN(Cc2ccc3c(-c4ccc(F)cc4)cc(C(N)=O)nc3c2)CC1C(F)(F)F
CHEMBL1650209,0,0,Nc1nc(-c2ccc(P(=O)(O)O)o2)c(-c2ccc3ccccc3c2)s1
CHEMBL207338,0,0,Cc1n[nH]c2ccc(-c3cncc(NC[C@@H](N)Cc4ccccc4)c3)cc12
CHEMBL3948083,0,2,CC1(C)CN(c2cnc3cccc(-c4cc5c([nH]4)CCNC5=O)c3n2)CCN1
CHEMBL4095977,0,0,O=C(NCc1nc2ccccc2[nH]1)c1ccc(-c2cnccc2OCC2CCNCC2)cc1
CHEMBL3936832,0,0,COc1cc(C(=O)NC(C)c2cccc(CN3CCN(C)CC3)c2)ccc1-c1cn[nH]c1
CHEMBL3991273,0,0,CN(C)Cc1n[nH]c(-c2ccc3[nH]nc(-c4cccc(C(=O)NC5CCC5)c4)c3c2)n1
CHEMBL3916275,0,0,CN(C)Cc1n[nH]c(-c2ccc3[nH]nc(-c4cccc(C(=O)NC5CC5)c4)c3c2)n1
CHEMBL3806131,0,0,Cn1ncc(Cl)c1-c1csc(C(=O)NC2(c3ccc(F)cc3)CCNCC2)c1
CHEMBL3805292,0,0,Cn1nccc1-c1csc(C(=O)NC2(c3ccc(F)cc3)CCNCC2)c1
CHEMBL452086,0,0,O=c1[nH]cnc2[nH]c(-c3ccnc(-c4ccc(CN5CCOCC5)cc4)c3)cc12
CHEMBL374713,0,0,OCc1n[nH]nc1-c1ccc2c(-c3cc4cc(CN5CCCCC5)ccc4[nH]3)n[nH]c2c1
CHEMBL263710,0,0,Cc1c2ccnc(C(=O)NCCCN3CCOCC3)c2cc2c3cc(O)ccc3n(C)c12
CHEMBL3949102,0,0,Cc1nc2ccc(F)c(-c3cc4c([nH]3)C3(CC3)NC4=O)c2nc1NC1(C)CC1
CHEMBL3909785,0,6,Cc1nc2cccc(-c3cc4c([nH]3)C3(CC3)NC4=O)c2nc1NC1(C)CC1
CHEMBL3924143,0,0,Cc1nc2cccc(-c3cc4c([nH]3)C3(CC3)NC4=O)c2nc1NC1CC1
CHEMBL1215304,0,0,COc1ccc2c(c1)C[C@H](C(=O)Nc1ccc(-c3cn[nH]c3)cc1OCC1CCN(C)CC1)NC2
CHEMBL3668427,0,0,CN1CCC(c2cc3c(-c4cccc(NCc5cc[nH]n5)n4)ccnc3[nH]2)CC1
CHEMBL3787210,0,0,Cc1noc(C)c1-c1ccc2c(c1)C(c1ccsc1)(N1CCC[C@H](N)C1)C(=O)N2
CHEMBL3933922,0,0,Cc1noc(C)c1-c1ccc2c(c1)C(c1ccsc1)(N1CCC[C@@H](N)C1)C(=O)N2
CHEMBL4111751,0,0,Cc1noc(C)c1-c1ccc2c(c1)C(c1ccccc1)(N1CCC[C@@H](N)C1)C(=O)N2
CHEMBL4114437,0,0,Cc1noc(C)c1-c1ccc2c(c1)C(c1ccccc1)(N1CC[C@@H](N)C1)C(=O)N2
CHEMBL3895413,0,0,Cc1noc(C)c1-c1ccc2c(c1)C(c1ccccc1)(N1CCC[C@H](N)C1)C(=O)N2
CHEMBL3668401,0,0,COc1ccc(F)cc1-c1ccnc2[nH]c(C3CCCN(CCCN)C3)cc12
CHEMBL2334586,0,0,CC(C)(O)C#Cc1ccc2[nH]c3c(c2c1)-c1nc(N)ncc1CCC3
CHEMBL200431,0,0,N/C(=N\O)c1ccc(-c2[nH]c(-c3ccccc3)nc2-c2ccncc2)cc1
CHEMBL401326,0,0,N#Cc1ccc(-c2[nH]nc3c2Cc2cc(C(=O)N[C@H]4CC[C@H](O)CC4)ccc2-3)cc1
CHEMBL252328,0,0,CCNC(=O)c1noc(-c2cc(CC)c(O)cc2OC)c1-c1ccc(CN2CCOCC2)cc1
CHEMBL3668409,0,0,COc1cc(C#N)ccc1-c1ccnc2[nH]c(C3CCCNC3)cc12
CHEMBL3965612,0,0,NC(=O)c1cc(-c2cn[nH]c2)c2ccc(CN3CCOC(C(F)(F)F)C3)cc2n1
CHEMBL4106552,0,0,C[C@@H]1CN(Cc2ccc3c(-c4cn[nH]c4)cc(C(N)=O)nc3c2)C[C@H](C(F)(F)F)O1
CHEMBL4106872,0,0,NC(=O)c1cc(-c2cn[nH]c2)c2ccc(CN3CCO[C@@H](C(F)(F)F)C3)cc2n1
CHEMBL3426065,0,0,CNC(=O)[C@H]1CC[C@H](Nc2cc(=O)[nH]c3c(C)cc(-c4cncs4)cc23)CC1
CHEMBL3426064,0,0,CNC(=O)[C@H]1CC[C@H](Nc2cc(=O)[nH]c3ccc(-c4cncs4)cc23)CC1
CHEMBL44886,0,0,O=C(CN1CCC(NC(=O)c2ccccc2)CC1)NC1CCc2cc(F)ccc2C1Cc1cccnc1
CHEMBL42658,0,3,O=C(CN1CC[C@H](NC(=O)c2ccccc2)C1)NC1CCc2cc(F)ccc2C1Cc1cccnc1
CHEMBL3693259,0,0,NC1=N[C@@](c2cc(-c3nnc(-c4ccc(F)cc4)[nH]3)ccc2F)(C(F)F)[C@H]2C[C@H]2O1
CHEMBL219789,0,0,NCc1nn[nH]c1-c1ccc2c(-c3cc4cc(CN5CCC(F)CC5)ccc4[nH]3)n[nH]c2c1
CHEMBL566213,0,0,O=C(c1nc2c(N3CCNCC3)cccc2[nH]1)c1cccc2ccccc12
CHEMBL1215452,0,0,COc1ccc2c(c1)C[C@H](C(=O)Nc1ccc(-c3cn[nH]c3)cc1SCCC(=O)N(C)C)NC2
CHEMBL3982622,0,0,CNC(=O)N1CC2C=C(c3[nH]c4nccc5c4c3CN(C)c3ccc(F)cc3-5)CC2C1
CHEMBL3654635,0,0,COc1cccc(F)c1CN1C[C@H](NC(=O)c2ccc3[nH]nc(-c4ccnc(C)c4)c3c2)CC[C@H]1C(=O)N(C)C
CHEMBL3654629,0,0,COc1cccc(F)c1CN1C[C@H](NC(=O)c2ccc3[nH]nc(-c4ccncc4)c3c2)CC[C@H]1C(=O)N(C)C
CHEMBL566192,0,0,c1ccc2cc(Cc3nc4cc(N5CCNCC5)ccc4[nH]3)ccc2c1
CHEMBL3586720,0,0,CC(=O)N1CCc2cc(-c3cnc(NC4CCNCC4)c4[nH]c(=O)c(C)cc34)ccc21
CHEMBL1215527,0,0,CN(C)CCOc1cc(-c2cn[nH]c2)c(F)cc1NC(=O)[C@H]1Cc2ccccc2CN1CC1CC1
CHEMBL2333893,0,0,NC(c1ccc(Cl)cc1)c1nc2ccc(-c3cn[nH]c3)cc2c(=O)[nH]1
CHEMBL2333894,0,0,NC(c1cccc(Cl)c1)c1nc2ccc(-c3cn[nH]c3)cc2c(=O)[nH]1
CHEMBL3949318,0,0,Cc1nc2ccc(F)c(-c3cc4c([nH]3)[C@@H](C)NC4=O)c2nc1NC1(C)CC1
CHEMBL3957073,0,0,Cc1nc2cccc(-c3cc4c([nH]3)CNC4=O)c2nc1NC1(C)CC1
CHEMBL3976162,0,5,Cc1nc2cccc(-c3cc4c([nH]3)CCNC4=O)c2nc1NC1CC1
CHEMBL3956884,0,0,Cc1nc2cccc(-c3cc4c([nH]3)CCNC4=O)c2nc1NC1(C)CCCC1
CHEMBL3943763,0,5,Cc1nc2ccc(F)c(-c3cc4c([nH]3)[C@H](C)NC4=O)c2nc1NC1(C)CC1
CHEMBL3940808,0,4,Cc1nc2cccc(-c3cc4c([nH]3)CCNC4=O)c2nc1NCC(C)(C)C
CHEMBL3970207,0,1,Cc1nc2cccc(-c3cc4c([nH]3)CCNC4=O)c2nc1NCC(C)C
CHEMBL3903663,0,2,Cc1nc2cccc(-c3cc4c([nH]3)CCNC4=O)c2nc1NC1CC(F)(F)C1
CHEMBL3957954,0,1,Cc1nc2cccc(-c3cc4c([nH]3)CCNC4=O)c2nc1NC1(C)CC1
CHEMBL3986516,0,0,Cc1nc2cccc(-c3cc4c([nH]3)CCNC4=O)c2nc1NC1CCCCC1
CHEMBL3967917,0,0,Cc1nc2cccc(-c3cc4c([nH]3)CCNC4=O)c2nc1NC(C)C(C)C
CHEMBL3904282,0,1,Cc1nc2cccc(-c3cc4c([nH]3)CCNC4=O)c2nc1NC1(C)CCC1
CHEMBL3961328,0,0,Cc1nc2cccc(-c3cc4c([nH]3)CCNC4=O)c2nc1NC1(C(F)(F)F)CC1
CHEMBL3933056,0,0,Cc1nc2cccc(-c3[nH]c4c(c3Cl)C(=O)NC4)c2nc1NC1(C)CC1
CHEMBL3979954,0,1,Cc1nc2cccc(-c3cc4c([nH]3)[C@H](C)NC4=O)c2nc1NC1(C)CC1
CHEMBL3903837,0,3,Cc1nc2cccc(-c3cc4c([nH]3)CNC4=O)c2nc1NC1CC1
CHEMBL3903402,0,9,Cc1nc2cccc(-c3cc4c([nH]3)[C@@H](C)NC4=O)c2nc1NC1(C)CC1
CHEMBL3960320,0,1,Cc1nc2cccc(-c3cc4c([nH]3)CCNC4=O)c2nc1NC1CCC1
CHEMBL3957722,0,6,Cc1nc2ccc(F)c(-c3cc4c([nH]3)CCNC4=O)c2nc1NC1(C)CCC1
CHEMBL3890727,0,8,Cc1nc2ccc(F)c(-c3cc4c([nH]3)CCNC4=O)c2nc1NC1(C)CC1
CHEMBL3937908,0,0,Cn1cc(-c2cc(-c3ccc(N)nc3)ccc2OCC2CC2)c2cc[nH]c2c1=O
CHEMBL1801381,0,0,O=C1NCc2[nH]c3c(ccc4cnc(-c5cncc(OCCN6CCOCC6)c5)cc43)c21
CHEMBL1801388,0,0,O=C1NCCc2[nH]c3c(ccc4cnc(-c5cncc(OCCN6CCOCC6)c5)cc43)c21
CHEMBL1801089,0,0,O=C1NCCCc2[nH]c3c(ccc4cnc(-c5cncc(OCCN6CCOCC6)c5)cc43)c21
CHEMBL1951343,0,0,O=C(Nc1ccc(-c2ccnc3[nH]cnc23)cc1)Nc1cccc(C(=O)N2CCOCC2)c1
CHEMBL3906121,0,0,CNc1nnc(-c2ccc3[nH]cc(-c4cn[nH]c4)c3c2)s1
CHEMBL3935407,0,3,C[C@H]1NC(=O)c2cc(-c3cccc4cnc(NC5(C)CC5)nc34)[nH]c21
CHEMBL1933172,0,0,CN1CCC2(CC1)CNC(=O)c1cc(-c3ccnc(NC(=O)c4cccc(F)c4)c3)[nH]c12
CHEMBL1933169,0,0,Cc1ccc(C(=O)Nc2cc(-c3cc4c([nH]3)C3(CCN(C)CC3)CNC4=O)ccn2)cc1C
CHEMBL3663767,0,0,COc1ccc(F)nc1-c1ccnc2[nH]c(C3CCNCC3)cc12
CHEMBL3663762,0,0,COc1cccnc1-c1ccnc2[nH]c(C3CCNCC3)cc12
CHEMBL3668510,0,0,COc1ccc(F)cc1-c1ccnc2[nH]c(C3=CCN(C(=O)NC#N)CC3)cc12
CHEMBL219788,0,0,OCc1nn[nH]c1-c1ccc2c(-c3cc4cc(CN5CCC(F)CC5)ccc4[nH]3)n[nH]c2c1
CHEMBL4066145,0,0,Cc1n[nH]c2nccc(-c3ccc(NC(=O)NC(C)(C)C)cc3)c12
CHEMBL3934563,0,0,O=C1N(c2n[nH]c3cnc(-c4cccnc4)cc23)CCC12CCNCC2
CHEMBL3654610,0,0,COc1cccc(F)c1CN1C[C@H](NC(=O)c2ccc3[nH]nc(-c4ccncc4)c3c2)CCC1CO
CHEMBL3598235,0,0,N=C(N)Nc1ccc(-c2cc(C(=O)Nc3cccc4ccccc34)n[nH]2)cc1
CHEMBL4091694,0,0,Cc1n[nH]cc1-c1cc2nc(CNCc3ccccc3)[nH]c(=O)c2s1
CHEMBL3355678,0,4,NC[C@H]1CC[C@H](C(=O)N[C@@H](Cc2ccccc2)c2nc(-c3cccc(CC(N)=O)c3)c[nH]2)CC1
CHEMBL3355675,0,6,NC[C@H]1CC[C@H](C(=O)N[C@@H](Cc2ccccc2)c2nc(-c3ccc(CC(N)=O)cc3)c[nH]2)CC1
CHEMBL3982968,0,0,CN(C)C1CCN(Cc2ccc3c(-c4ccc(F)cc4)cc(C(N)=O)nc3c2)C1
CHEMBL3889626,0,0,Cc1nc2cccc(-c3cc4c([nH]3)C3(CC3)CNC4=O)c2nc1NC1CC1
CHEMBL3593813,0,0,NC(=O)c1cccc2[nH]c(-c3ccc(-c4cncc(C(=O)N5CCCC5)c4)cc3)nc12
CHEMBL3593981,0,0,Cc1cc(C(N)=O)c2nc(-c3ccc(-c4cncc(C(=O)N5CCCC5)c4)cc3)[nH]c2c1
CHEMBL1958170,0,0,O=C1Cc2cc(-c3cnc4nc(N5CCC(N6CCCCC6)CC5)oc4c3)ccc2N1
CHEMBL3668398,0,0,COc1ccc(F)cc1-c1ccnc2[nH]c(C3(O)CCNCC3)cc12
CHEMBL3593982,0,0,NC(=O)c1cccc2[nH]c(-c3ccc(-c4ccc(C(=O)N5CCCC5)nc4)cc3)nc12
CHEMBL3593983,0,0,Cc1cc(C(N)=O)c2nc(-c3ccc(-c4ccc(C(=O)N5CCCC5)nc4)cc3)[nH]c2c1
CHEMBL1922129,0,0,COc1cccc(CNC(=O)c2cn(CCN(C)C)c3cc(-c4cn[nH]c4)ccc23)c1
CHEMBL3979196,0,0,Cc1noc(C)c1-c1ccc2c(c1)C(c1ccsc1)(N1CCC(O)CC1)C(=O)N2
CHEMBL3915337,0,0,Cc1noc(C)c1-c1ccc2c(c1)C(c1ccccc1)(N1CCC(O)CC1)C(=O)N2
CHEMBL3963251,0,0,Cc1noc(C)c1-c1ccc2c(c1)C(c1ccccc1)(N1CCC[C@@H](O)C1)C(=O)N2
CHEMBL3969782,0,0,Cc1noc(C)c1-c1ccc2c(c1)[C@](c1ccsc1)(N1CCC[C@@H](O)C1)C(=O)N2
CHEMBL4114296,0,0,Cc1noc(C)c1-c1ccc2c(c1)C(c1ccsc1)(N1CCC[C@@H](O)C1)C(=O)N2
CHEMBL3930999,0,0,Cc1noc(C)c1-c1ccc2c(c1)C(c1ccsc1)(N1CCC[C@H](O)C1)C(=O)N2
CHEMBL3903717,0,0,Cc1noc(C)c1-c1ccc2c(c1)C(c1ccccc1)(N1CCC[C@H](O)C1)C(=O)N2
CHEMBL3908134,0,0,Cc1noc(C)c1-c1ccc2c(c1)C(c1ccsc1)(N1CCCC(O)C1)C(=O)N2
CHEMBL3931719,0,0,Cc1noc(C)c1-c1ccc2c(c1)C(c1ccccc1)(N1CCCC(O)C1)C(=O)N2
CHEMBL3939853,0,0,Cc1noc(C)c1-c1ccc2c(c1)C(c1ccccc1)(N1CC(O)C1)C(=O)N2
CHEMBL566219,0,3,c1ccc2cc(Cc3nc4c(N5CCNCC5)cccc4[nH]3)ccc2c1
CHEMBL1085091,0,0,CN1C[C@@H]2C[C@H]1CN2c1ccc(-c2ccc3[nH]ncc3c2)cn1
CHEMBL3663705,0,0,Cc1c(C(=O)Nc2ccc([C@H]3CNCCO3)cc2)n[nH]c1-c1cccc(C#N)c1
CHEMBL3663706,0,0,N#Cc1ccc(F)c(-c2cc(C(=O)Nc3ccc([C@H]4CNCCO4)cc3)n[nH]2)c1
CHEMBL3658773,0,0,Cc1cc(-c2n[nH]c3cc(NC(=O)NCC4CNC(c5ccccc5)C4)ncc23)ccn1
CHEMBL3926062,0,1,Cc1nc2cccc(-c3c[nH]c(C(N)=O)c3)c2nc1NC(C)(C)C
CHEMBL1801278,0,0,COc1ccc(-c2cc3c(cn2)CCc2c-3[nH]c3c2C(=O)NC2(CC2)C3)cc1
CHEMBL4173544,0,2,COc1cccc(S(=O)(=O)Nc2ccc(C3(O)CSC(=S)N3Cc3cccnc3)cc2)c1
CHEMBL481509,0,0,CN(C)CCN(C)C(=O)c1ccc2c(c1)CC(C(=O)Nc1ccc(-c3cn[nH]c3)cc1)CO2
CHEMBL493008,0,0,CC(C)(O)Cn1/c(=N/C(=O)c2ccc(-c3cn[nH]c3)s2)[nH]c2cc(CN3CCCCC3CO)ccc21
CHEMBL3668543,0,0,COc1ccc(F)cc1-c1c(C#N)cnc2[nH]c(C3=CC4CN(CC(=O)N(C)C)CC4C3)cc12
CHEMBL1770752,0,0,Cc1cccc(Nc2ccc(-c3ccc(N4CCNCC4)nc3)cc2)n1
CHEMBL3250243,0,0,CC(C)(C)NCC(O)COc1ccc(-c2ncc(-c3cccnc3)[nH]2)cc1
CHEMBL3668419,0,0,COc1ccc(F)cc1-c1ccnc2[nH]c(C3CCN(C(=O)CN4CCC(O)CC4)CC3)cc12
CHEMBL494743,0,0,CC(C)(O)Cn1/c(=N/C(=O)c2ccc(-c3cn[nH]c3)s2)[nH]c2cc(CN3CCC(O)C3)ccc21
CHEMBL3983324,0,0,Nc1ccc(-c2ccc3cccc(-c4cc5c([nH]4)CCNC5=O)c3n2)c(F)n1
CHEMBL3977800,0,0,CC1(C)CNCCN1c1cnc2cccc(-c3cc4c([nH]3)CCNC4=O)c2n1
CHEMBL3943949,0,0,Cc1noc(C)c1-c1ccc2c(c1)C(C1CCCC1)(N1CCNCC1)C(=O)N2
CHEMBL3898472,0,0,Cc1noc(C)c1-c1ccc2c(c1)C(C1CCCCC1)(N1CCNCC1)C(=O)N2
CHEMBL4169977,0,4,O=S(=O)(Nc1ccc(C2(O)CSC(=S)N2Cc2cccnc2)cc1)c1c[nH]c2ncccc12
CHEMBL3658774,0,0,Cc1cc(-c2n[nH]c3cc(NC(=O)NCC4CCN(Cc5ccccc5)C4)ncc23)ccn1
CHEMBL3930227,0,0,O=c1c2cn[nH]c2c2ccc(-c3ccc(N4CCNCC4)cc3)cc2n1CC(F)(F)F
CHEMBL4212850,0,0,CN1CCN(CCC(=O)Nc2n[nH]c3ncc(-c4ccc(O)cc4)cc23)CC1
CHEMBL3949604,0,0,CCCNC(=O)c1ccc(NC(=O)N2Cc3ccc(-c4cn[nH]c4)cc3C2)cc1
CHEMBL3663023,0,1,Cc1cc(-c2n[nH]c3cc(NC(=O)N[C@@H]4[C@@H](c5ccccc5)CN(C)[C@@H]4C)ncc23)ccn1
CHEMBL3654812,0,0,Cc1cc(-c2n[nH]c3cc(NC(=O)N[C@@H]4CN(C)C[C@H]4c4ccccc4F)ncc23)ccn1
CHEMBL3654838,0,4,Cc1cc(-c2n[nH]c3cc(NC(=O)N[C@H]4CN(C)C[C@@H]4c4ccc(F)cc4)ncc23)ccn1
CHEMBL3654843,0,0,Cc1cc(-c2n[nH]c3cc(NC(=O)N[C@@H]4CN(C)C[C@@H]4c4ccccc4C)ncc23)ccn1
CHEMBL3654834,0,0,Cc1cc(-c2n[nH]c3cc(NC(=O)N[C@H]4CN(C)C[C@@H]4c4ccccc4C)ncc23)ccn1
CHEMBL3654809,0,0,Cc1cc(-c2n[nH]c3cc(NC(=O)N[C@@H]4CN(C)C[C@H]4c4ccccc4)ncc23)ccn1
CHEMBL3654810,0,0,Cc1cc(-c2n[nH]c3cc(NC(=O)N[C@H]4CN(C)C[C@@H]4c4ccccc4)ncc23)ccn1
CHEMBL3654842,0,0,Cc1cc(-c2n[nH]c3cc(NC(=O)N[C@@H]4CN(C)C[C@H]4c4ccccc4C)ncc23)ccn1
CHEMBL3654811,0,1,Cc1cc(-c2n[nH]c3cc(NC(=O)N[C@H]4CN(C)C[C@@H]4c4ccccc4F)ncc23)ccn1
CHEMBL567245,0,0,Cn1nccc1-c1cc(NC(=O)Nc2ccc(Cl)cc2)ccc1OCCN1CCNCC1
CHEMBL151551,0,0,COc1ccc(-c2[nH]nc3c2C(=O)c2c(NC(=O)CN4CCSCC4)cccc2-3)cc1
CHEMBL4288604,0,0,CN1CCN(c2ccc(-c3c(-c4ccc(N)nc4)cnc4[nH]ccc34)cc2)CC1
CHEMBL1922028,0,0,COc1cccc(CNC(=O)c2cc3ccc(-c4cn[nH]c4)cc3n2CCN(C)C)c1
CHEMBL1085935,0,0,Cc1c(-c2ccnc(N)n2)sc2ccc(C(N)C(C)C)cc12
CHEMBL3911463,0,0,NC1CCN(C(=O)C2CCN(c3n[nH]c4cnc(-c5cccnc5)cc34)C2=O)CC1
CHEMBL249224,0,0,NCCCc1cc2cc[nH]c(=O)c2c2cc(-c3cn[nH]c3)ccc12
CHEMBL401156,0,0,C=Cc1c[nH]c(=O)c2c1cc(CCCN)c1ccc(-c3cn[nH]c3)cc12
CHEMBL249044,0,0,NCCCc1cc2c(Br)c[nH]c(=O)c2c2cc(-c3cn[nH]c3)ccc12
CHEMBL3596562,0,0,CC(C)(C)c1ccc(NC(=O)c2cc(-c3ccc(NC(=N)N)cc3)[nH]n2)cc1
CHEMBL3945081,0,6,O=C1NCCc2[nH]c(-c3cccc4cnc(C5(c6ccccc6)CC5)nc34)cc21
CHEMBL4110459,0,0,COc1cc(C(=O)N[C@H](CNC2CC2)c2c(F)cccc2F)ccc1-c1cn[nH]c1
CHEMBL3621323,0,0,Nc1nc(-c2cccc(NC(=O)c3ccc[nH]3)c2)cn1Cc1ccccc1
CHEMBL3654517,0,0,Cc1cc(-c2n[nH]c3ccc(C(=O)N[C@@H]4CCCN(Cc5ccncn5)C4)cc23)ccn1
CHEMBL3909250,0,0,NC(=O)c1nn(-c2ccc(F)cc2)c2c1CCc1ccc(NC(=O)CNC3CCC3)cc1-2
CHEMBL438695,0,0,CCNC(=O)c1noc(-c2cc(CC)c(OC)cc2O)c1-c1ccc(CN2CCOCC2)cc1
CHEMBL3215581,0,2,NC(N)=N/N=C1\c2ccccc2CC1Sc1nc2ccccc2[nH]1
CHEMBL3731622,0,0,CCN(CC)CCNC(=O)c1c(C)[nH]c(/C=C2\C(=O)Nc3ccc(-c4cnccn4)cc32)c1C
CHEMBL1882592,0,0,CN1CCN(c2ccc(-c3cc(NC=O)c4ncc(-c5ccccc5)n4c3)cc2)CC1
CHEMBL3355059,0,0,COc1cc(-c2cn[nH]c2)ccc1C(=O)Nc1ccc2c(c1)CCNCC2
CHEMBL1808585,0,0,CCNCc1cncc(-c2ccc3[nH]nc(-c4nc5cnccc5[nH]4)c3c2)c1C
CHEMBL3341953,0,0,COc1cc(-c2cc(-c3ccc(N4CCNCC4)cc3)cnc2N)ccc1C
CHEMBL3341948,0,0,COc1cccc(-c2cc(-c3ccc(N4CCNCC4)cc3)cnc2N)c1
CHEMBL3341950,0,0,COc1ccc(-c2cc(-c3ccc(N4CCNCC4)cc3)cnc2N)cc1
CHEMBL3547636,0,0,CN(C)C(=O)c1ccc(-c2c[nH]c([C@H](Cc3ccccc3)NC(=O)[C@H]3CC[C@H](CN)CC3)n2)cc1
CHEMBL4286645,0,0,NC(=O)N[C@H]1CCc2ccc(-c3ncnc4[nH]ccc34)cc21
CHEMBL3933775,0,0,CN1Cc2c(C3=CC4CN(CC(=O)N5CC(O)C5)CC4C3)[nH]c3nccc(c23)-c2cc(F)ccc21
CHEMBL601012,0,0,Cc1n[nH]c(C)c1-c1ccc(C)c2c(=O)cc(C(=O)Nc3ccc(N4CCOCC4)cc3)[nH]c12
CHEMBL2263599,0,0,Nc1ccc2c(-c3ccccc3)cc(CCN3CCNCC3)nc2n1
CHEMBL1868059,0,0,O=CNc1cc(-c2ccc(C(=O)N3CCOCC3)cc2)cn2c(-c3ccc(F)cc3)cnc12
CHEMBL516802,0,0,O=C(c1ccc(/C=C/c2cc(-c3cc4c(=O)[nH]cnc4[nH]3)ccn2)cc1)N1CCOCC1
CHEMBL3972469,0,0,Nc1nnc(-c2ccc3[nH]cc(-c4cccc(N5CCCCC5=O)n4)c3c2)s1
CHEMBL1933189,0,0,O=C(Nc1cc(-c2cc3c([nH]2)C2(CCNC2)CNC3=O)ccn1)c1ccc2ccccc2c1
CHEMBL1933164,0,0,O=C(Nc1cc(-c2cc3c([nH]2)C2(CCNCC2)CNC3=O)ccn1)c1ccc2ccccc2c1
CHEMBL1933179,0,0,O=C(Nc1cc(-c2cc3c([nH]2)C2(CCCNC2)CNC3=O)ccn1)c1ccc2ccccc2c1
CHEMBL248713,0,0,CCNCc1cncc(-c2cnc3[nH]nc(-c4nc5cc(F)ccc5[nH]4)c3c2)c1
CHEMBL248712,0,0,CCNCc1cncc(-c2cnc3[nH]nc(-c4nc5cc(F)c(F)cc5[nH]4)c3c2)c1
CHEMBL2441840,0,0,Cc1nc2c(c(-c3ccc(Cl)cc3Cl)c1CN)C(=O)N(C[C@@H]1CCCN1)C2
CHEMBL3658427,0,0,CNC(=O)[C@@H]1CC[C@@H](NC(=O)c2ccc3[nH]nc(-c4ccnc(C)c4)c3c2)CN1Cc1c(F)cccc1OC
CHEMBL3654622,0,0,CNC(=O)[C@@H]1CC[C@@H](NC(=O)c2ccc3[nH]nc(-c4ccncc4)c3c2)CN1Cc1c(F)cccc1OC
CHEMBL3654630,0,0,COc1cccc(F)c1CN1C[C@H](NC(=O)c2ccc3[nH]nc(-c4ccncc4)c3c2)CC[C@H]1C(N)=O
CHEMBL3658430,0,0,COc1cccc(F)c1CN1C[C@H](NC(=O)c2ccc3[nH]nc(-c4ccnc(C)c4)c3c2)CC[C@H]1C(=O)NCCF
CHEMBL3658418,0,0,COc1cccc(F)c1CN1C[C@H](NC(=O)c2ccc3[nH]nc(-c4ccnc(C)c4)c3c2)CC[C@H]1C(N)=O
CHEMBL2134349,0,0,CN1CCN(c2ccc(CNC(=O)C3(C)Cc4c(-c5ccc(C(N)=O)cc5)ccnc4O3)cc2)CC1
CHEMBL4172811,0,9,O=S(=O)(Cc1ccccc1)Nc1ccc(C2(O)CSC(=S)N2Cc2cccnc2)cc1
CHEMBL3663747,0,0,COc1ccc(N)nc1-c1ccnc2[nH]c(C3CCCNC3)cc12
CHEMBL3663763,0,0,COc1ccc(N)nc1-c1ccnc2[nH]c(C3CCNCC3)cc12
CHEMBL3673095,0,0,CC(C)(C(N)=O)n1cc(-c2cc(F)cc3c2-c2ccccc2[C@]3(O)C(F)(F)F)cn1
CHEMBL3693123,0,0,NC1CCN(S(=O)(=O)c2ccccc2-c2ccc(-c3cnc4[nH]ccc4n3)c(F)c2)CC1
CHEMBL1921978,0,0,CNC(=O)c1ccc2cc(C3(O)c4cncn4CC3(C)C)ccc2c1
CHEMBL3939836,0,0,Nc1nnc(-c2ccc3[nH]cc(-c4ccc5cn[nH]c5c4)c3c2)s1
CHEMBL3953795,0,0,Cc1cc(-c2n[nH]c3ccc(C(=O)NN4CCC(CO)(Cc5ccccc5F)C4)cc23)ccn1
CHEMBL245401,0,0,COc1cc2c(cc1C(=O)N[C@H]1CC[C@H](O)CC1)Cc1c-2n[nH]c1-c1ccc(C#N)cc1
CHEMBL3668422,0,0,CN1CCC(c2cc3c(-c4cccc(NCCN5CCCC5=O)n4)ccnc3[nH]2)CC1
CHEMBL481735,0,0,Cc1ccc2c(c1)CC(C(=O)Nc1ccc(-c3cn[nH]c3)cc1OCCN(C)C)CO2
CHEMBL481553,0,0,CN(C)CCOc1cc(-c2cn[nH]c2)ccc1NC(=O)C1COc2ccc(Cl)cc2C1
CHEMBL474425,0,0,CN(C)CCOc1cc(-c2cn[nH]c2)ccc1NC(=O)C1COc2ccccc2C1
CHEMBL481545,0,0,CN(C)CCOc1cc(-c2cn[nH]c2)ccc1NC(=O)C1COc2ccc(F)cc2C1
CHEMBL3297765,0,0,CN1CCN(C[C@@H](NC(=O)C[C@H]2CNC(=O)c3cc(-c4ccnc(F)c4)cn32)C2CCCCC2)CC1
CHEMBL3932325,0,0,NCCOc1cccc(-c2n[nH]c3ccc(-c4ncn[nH]4)cc23)c1
CHEMBL1923053,0,0,COc1cccc(CNC(=O)c2cc3ccc(-c4ccnc(N)n4)cc3[nH]2)c1
CHEMBL3930024,0,0,CC(=O)N1CCN(CCOc2cccc(-c3n[nH]c4ccc(-c5ncn[nH]5)cc34)c2)CC1
CHEMBL3965003,0,4,COCC(C)(C)Nc1nc2c(-c3cc4c([nH]3)CCNC4=O)cccc2nc1C
CHEMBL534810,0,0,Cc1ccc2[nH]c(-c3cc(-c4ccc(CO)cc4)cnc3N)nc2c1
CHEMBL3668435,0,0,CN1CCC(c2cc3c(-c4cccc(NCCO)n4)ccnc3[nH]2)CC1
CHEMBL3431019,0,0,CC(=O)Nc1ccc(-c2cnc(N)c(-c3nc4ccc(F)cc4[nH]3)c2)cc1
CHEMBL2035040,0,0,NC(=O)c1cnc(-c2ccc(C3(N)CCC3)cc2)c(-c2ccccc2)c1
CHEMBL3927055,0,0,CN1C(=N)N[C@](C)(c2sc(-c3ncc(-c4ccccc4)[nH]3)cc2Cl)CS1(=O)=O
CHEMBL3703727,0,0,Nc1ccc(-c2ccc3c(c2)CNCC3c2ccc(Cl)cc2)nn1
CHEMBL3703725,0,0,CNc1ccc(-c2ccc3c(c2)CNCC3c2ccc(F)cc2)nn1
CHEMBL3401552,0,0,Cc1ccc(CNC(=O)c2cc(-c3ccnc(N4CCN(C)CC4)c3)cc3c2ccn3C(C)C)c(=O)[nH]1
CHEMBL3681699,0,0,NC(=O)COc1cc(-c2cn[nH]c2)c2c(c1)C(O)(C(F)(F)F)c1ccccc1-2
CHEMBL1808593,0,0,Cc1c(C(N)=O)cncc1-c1ccc2[nH]nc(-c3nc4ccccc4[nH]3)c2c1
CHEMBL201913,0,0,O=C(c1cccc(Cc2nnc(O)c3ccccc23)c1)N1CCCNCC1
CHEMBL1683435,0,0,CC(C)NCc1ccc(-c2cc(-c3cccc(C(=O)N[C@H](C)C#N)c3)n[nH]2)cc1
CHEMBL3889998,0,1,Cc1nc2cccc(-c3cc4c([nH]3)CCNC4=O)c2nc1N[C@H]1C[C@@H](N(C)C)C1
CHEMBL3891675,0,1,Cc1nc2cccc(-c3cc4c([nH]3)CCNC4=O)c2nc1N[C@H]1C[C@@H](N(CCF)CCF)C1
CHEMBL3639673,0,0,COc1ccc(F)cc1-c1ccnc2[nH]c(C3CCN(CC(=O)NC4CC(O)C4)CC3)cc12
CHEMBL1922036,0,0,COc1cccc(CNC(=O)c2cc3ccc(-c4cn[nH]c4)nc3n2CC2CC2)c1
CHEMBL3663802,0,0,COc1ccc(F)cc1-c1ccnc2[nH]c([C@@H]3CCNC3)cc12
CHEMBL3663764,0,0,COc1cc(F)c(F)cc1-c1ccnc2[nH]c(C3CCNCC3)cc12
CHEMBL3668471,0,0,COc1cc(F)c(F)cc1-c1ccnc2[nH]c(C3CCCNC3)cc12
CHEMBL3663745,0,0,COc1ccc(F)cc1-c1ccnc2[nH]c([C@H]3CCCNC3)cc12
CHEMBL3663760,0,0,COc1cc(F)ccc1-c1ccnc2[nH]c(C3CCNCC3)cc12
CHEMBL3663744,0,0,COc1cc(F)ccc1-c1ccnc2[nH]c(C3CCCNC3)cc12
CHEMBL3663799,0,0,COc1ccc(F)cc1-c1ccnc2[nH]c(C3CCNC3)cc12
CHEMBL3663746,0,0,COc1ccc(F)cc1-c1ccnc2[nH]c([C@@H]3CCCNC3)cc12
CHEMBL3668361,0,0,COc1ccc(F)cc1-c1ccnc2[nH]c(C3=CCNCC3)cc12
CHEMBL3663768,0,0,COc1ccccc1-c1ccnc2[nH]c(C3CCNCC3)cc12
CHEMBL3663801,0,0,COc1ccc(F)cc1-c1ccnc2[nH]c([C@H]3CCNC3)cc12
CHEMBL3663800,0,0,COc1cc(F)ccc1-c1ccnc2[nH]c(C3CCNC3)cc12
CHEMBL3663743,0,0,COc1ccc(F)cc1-c1ccnc2[nH]c(C3CCCNC3)cc12
CHEMBL3668418,0,0,COc1ccc(F)cc1-c1ccnc2[nH]c(C3CNC3)cc12
CHEMBL3957008,0,0,CN1CCc2c(C3=CCNCC3)[nH]c3nccc(c23)-c2cc(F)ccc21
CHEMBL3663759,0,0,COc1ccc(F)cc1-c1ccnc2[nH]c(C3CCNCC3)cc12
CHEMBL4087760,0,0,Cc1n[nH]cc1-c1cc2nc(CN3CC[C@H](F)C3)[nH]c(=O)c2s1
CHEMBL4098392,0,0,O=c1[nH]c(CN2CCCC2)nc2cc(-c3cn[nH]c3)sc12
CHEMBL4078031,0,0,Cc1n[nH]cc1-c1cc2nc(CN3CCCCC3)[nH]c(=O)c2s1
CHEMBL4083927,0,0,Cc1n[nH]cc1-c1cc2nc(CN3CCCC3)[nH]c(=O)c2s1
CHEMBL4084945,0,0,CCc1n[nH]cc1-c1cc2nc(CN3CCCC3)[nH]c(=O)c2s1
CHEMBL4078941,0,0,Cc1n[nH]cc1-c1cc2nc(CN3CCC[C@@H]3C)[nH]c(=O)c2s1
CHEMBL4095460,0,0,Cc1n[nH]cc1-c1cc2nc(CN3CC[C@H](C)C3)[nH]c(=O)c2s1
CHEMBL4086790,0,0,Cc1n[nH]cc1-c1cc2nc(C(C)N3CCCC3)[nH]c(=O)c2s1
CHEMBL4068071,0,0,Cc1n[nH]cc1-c1cc2nc(CN3CC[C@@H](C)C3)[nH]c(=O)c2s1
CHEMBL3922362,0,2,CC(C)(C)Nc1cnc2cccc(-c3cc4n(c3)CCNC4=O)c2n1
CHEMBL3913500,0,0,Cc1nc2cccc(-c3cc4n(c3)CCNC4=O)c2nc1NC(C)(C)C
CHEMBL1801279,0,0,O=C1NC2(CC2)Cc2[nH]c3c(c21)CCc1cnc(-c2ccc(F)nc2)cc1-3
CHEMBL3973280,0,0,Cc1nc2cccc(-c3cc4c([nH]3)C3(CC3)NC4=O)c2nc1NCC(F)(F)F
CHEMBL3899535,0,2,Cc1nc2cccc(-c3cc4c([nH]3)C3(CC3)NC4=O)c2nc1NCC(F)F
CHEMBL3668400,0,0,COc1ccc(F)cc1-c1ccnc2[nH]c(C3CCCN(CCO)C3)cc12
CHEMBL3668443,0,0,COc1ccc(F)cc1-c1ccnc2[nH]c(C3CN(CCO)C3)cc12
CHEMBL3668382,0,0,COc1ccc(F)cc1-c1ccnc2[nH]c(C3CCN(CCO)C3)cc12
CHEMBL3668453,0,0,COc1ccc(F)cc1-c1ccnc2[nH]c(C3CCN(C(=O)CNC4CCC(O)CC4)CC3)cc12
CHEMBL4111334,0,0,Cc1cc(C(=O)N[C@H](CC(=O)NCC(C)(C)O)c2ccccc2)ccc1-c1cn[nH]c1
CHEMBL2012004,0,0,COc1cncc(-c2cccc(C3(C4CC4)NC(=N)N(C)C3=O)c2)c1
CHEMBL1922026,0,0,COc1cccc(CNC(=O)c2cc3ccc(-c4cn[nH]c4)cc3[nH]2)c1
CHEMBL3971653,0,0,Cc1c2cnccc2c(C(=O)NCCCCN)c2[nH]c3ccccc3c12
CHEMBL3941413,0,0,Cc1noc(C)c1-c1ccc2c(c1)C(c1ccccc1)(N1CCC[C@H]1CO)C(=O)N2
CHEMBL3929232,0,0,Cc1noc(C)c1-c1ccc2c(c1)C(c1ccccc1)(N1CCC[C@@H]1CO)C(=O)N2
CHEMBL151915,0,0,COc1ccc(-c2[nH]nc3c2C(=O)c2c(NC(=O)CN4CCNCC4)cccc2-3)cc1
CHEMBL492296,0,0,OCCSc1nc(-c2ccc(F)cc2)c(-c2ccnc(NC3CCOCC3)c2)[nH]1
CHEMBL4161613,0,1,c1cnc2c(c1)CCC[C@@H]2N(CCCN1CCNCC1)Cc1nc2ccccc2[nH]1
CHEMBL3649638,0,0,NC(=O)c1nc(-c2ccccc2)cc2c1[nH]c1cc(C(=O)N3CCOCC3)ccc12
CHEMBL1808589,0,0,Cc1c(CNCCO)cncc1-c1ccc2[nH]nc(-c3nc4ccccc4[nH]3)c2c1
CHEMBL3827664,0,0,Cn1cc(-c2ccc(-c3cnc(N)c4ccc(C(=O)NC5CC5)cc34)cc2)cn1
CHEMBL1164764,0,0,N#Cc1c(NC(N)=S)nc(SCc2nc3ccccc3[nH]2)nc1-c1ccccc1
CHEMBL3681709,0,0,CC(C)NC(=O)Cn1cc(-c2cccc3c2-c2ccccc2C3(O)C(F)(F)F)cn1
CHEMBL1921983,0,0,O=C(NC1CC1)c1ccc2cc(C3(O)CCn4cncc43)ccc2c1
CHEMBL2152282,0,0,CN(C)CCOc1cc(N)cc(-c2cnc3[nH]cc(-c4ccncc4)c3c2)c1
CHEMBL99312,0,0,CC1(C)C(=O)NN=C1c1ccc2[nH]c(-c3ccncc3)cc2c1
CHEMBL173856,0,0,NC(=O)N1CCN(Cc2ccc(-c3ccn4c(-c5ccccc5)cnc4c3)cc2)CC1
CHEMBL206888,0,3,N[C@@H](Cc1ccc(CO)cc1)C(=O)N1Cc2ccccc2C[C@H]1c1nc(-c2ccccc2)c[nH]1
CHEMBL3918920,0,0,Cc1noc(C)c1-c1ccc2c(c1)C(c1ccccc1)(N1CCN(CCCO)CC1)C(=O)N2
CHEMBL1215380,0,0,COc1ccc2c(c1)C[C@H](C(=O)Nc1ccc(-c3c[nH]nc3C)cc1SCCN(C)C)NC2
CHEMBL1215379,0,0,COc1ccc2c(c1)C[C@H](C(=O)Nc1ccc(-c3cn[nH]c3)cc1SCCN(C)C)NC2
CHEMBL1899959,0,0,CC(=O)Nc1cc(-c2cccc(C(=O)NCCN(C)C)c2)cn2c(-c3ccccc3)cnc12
CHEMBL3668541,0,0,COc1ccc(F)cc1-c1ccnc2[nH]c(C3CCN(CC(=O)N(C)C4CC(O)C4)CC3)cc12
CHEMBL149956,0,0,COc1ccc(-c2[nH]nc3c2C(=O)c2c(NC(=O)CN4CCCCC4)cccc2-3)cc1
CHEMBL1287891,0,0,NC(=O)c1cnc(N[C@H]2CCCNC2)c2cc(-c3ccncc3)sc12
CHEMBL1287919,0,5,NC(=O)c1cnc(N[C@H]2CCCNC2)c2cc(-c3cccnc3)sc12
CHEMBL3663806,0,0,COc1cc(F)ccc1-c1ccnc2[nH]c(C3CNCCO3)cc12
CHEMBL3663807,0,0,COc1ccc(F)cc1-c1ccnc2[nH]c(C3CNCCO3)cc12
CHEMBL498051,0,0,NC[C@H](Cc1ccncc1)NC(=O)c1cc(Br)c(-c2ccnc3[nH]ccc23)s1
CHEMBL3653726,0,0,CC#Cc1cncc(-c2ccc3c(c2)[C@@]2(N=C(C)C(N)=N2)[C@]2(CC[C@H](O)CC2)C3)c1
CHEMBL3672704,0,0,CC#Cc1cncc(-c2ccc3c(c2)[C@]2(N=C(C)C(N)=N2)[C@]2(CC[C@H](O)CC2)C3)c1
CHEMBL3966726,0,0,Nc1ncc(-c2ccc3[nH]ccc3c2)cc1-c1nnc(C2CC2)o1
CHEMBL1922142,0,0,COc1cccc(CNC(=O)c2[nH]c3nc(-c4cn[nH]c4)ccc3c2CN2CCN(C)CC2)c1
CHEMBL3689354,0,0,c1cn(-c2ccc(CN3CCCC(Nc4ccc5[nH]ncc5c4)C3)cc2)cn1
CHEMBL403345,0,0,CC(C)C(=O)NC[C@H]1CN(c2ccc3c(c2)CCCc2c(C(C)C)n[nH]c2-3)C(=O)O1
CHEMBL3479220,0,0,Oc1ccc(-c2c(-c3ccccc3)ncn2C[C@H]2CCCN2)cc1
CHEMBL1883678,0,0,CN1CCN(c2ccc(CNC(=O)C3Cc4c(-c5cccc(F)c5)ccnc4O3)cc2)CC1
CHEMBL2355065,0,0,CN1CCN(c2ccc(CNC(=O)C3Cc4c(-c5ccccc5)ccnc4O3)cc2)CC1
CHEMBL1901048,0,0,CN1CCN(c2ccc(CNC(=O)C3Cc4c(-c5ccc(Cl)cc5)ccnc4O3)cc2)CC1
CHEMBL2134128,0,0,CN1CCN(c2ccc(CNC(=O)C3(C)Cc4c(-c5ccccc5)ccnc4O3)cc2)CC1
CHEMBL3904800,0,1,Cc1nc2cccc(-c3cc4c([nH]3)CCNC4=O)c2nc1N[C@H](C)C1CC1
CHEMBL3906357,0,1,Cc1nc2cccc(-c3cc4c([nH]3)CCNC4=O)c2nc1NCC1(C)CC1
CHEMBL3980483,0,0,Cc1nc2cccc(-c3cc4c([nH]3)CCNC4=O)c2nc1N[C@@H](C)C1CC1
CHEMBL357974,0,7,NCc1nc(CN2CCN(C(=O)c3cccc4ccccc34)Cc3ccccc32)c[nH]1
CHEMBL3901570,0,0,Cc1cc(C)c(CNC(=O)c2cc(-c3ccc(N4CCNCC4)nc3)cc3c2C(C)CN3C(C)C)c(=O)[nH]1
CHEMBL2012005,0,0,CN1C(=N)NC(c2cccc(-c3cncc(C#N)c3)c2)(C2CC2)C1=O
CHEMBL3714857,0,0,CNC(=O)c1sc2[nH]nc(N3CCC(COCCN4CCCC4)CC3)c2c1-c1ccccc1
CHEMBL3668404,0,0,CN1CCC(c2cc3c(-c4nc(N)ccc4Cl)ccnc3[nH]2)CC1
CHEMBL3250242,0,1,CC(C)(C)NCC(O)COc1ccc(-c2ncc(-c3ccccn3)[nH]2)cc1
CHEMBL3978539,0,0,CC(=O)N1CCC[C@@H](Nc2nc3c(-c4cc5c([nH]4)CCNC5=O)cccc3nc2C)C1
CHEMBL3939749,0,0,CC(=O)N1CCC[C@H](Nc2nc3c(-c4cc5c([nH]4)CCNC5=O)cccc3nc2C)C1
CHEMBL3895552,0,1,CC(=O)N1CC[C@H](Nc2nc3c(-c4cc5c([nH]4)CCNC5=O)cccc3nc2C)C1
CHEMBL3948078,0,5,CC(=O)N1CCC(Nc2nc3c(-c4cc5c([nH]4)CCNC5=O)cccc3nc2C)CC1
CHEMBL362514,0,1,N[C@@H](Cc1ccc(O)cc1)C(=O)N1Cc2ccccc2C[C@H]1c1nc2ccccc2[nH]1
CHEMBL209881,0,0,CNCc1ccc(C(=O)Nc2ncc(Sc3cc(C(=O)N4CCOCC4)c(OC)cc3C)s2)[nH]1
CHEMBL3703162,0,0,NC(=O)COc1ccn2c(-c3ccccc3)c(-c3ccc(C4(N)CCC4)cc3)nc2c1
CHEMBL1987261,0,0,CC(C)(CN)CNc1cc(-c2c[nH]c3ncccc23)cc(F)n1
CHEMBL1985723,0,0,CC(C)(CN)CNc1cc(-c2c[nH]c3ncccc23)cc(Cl)n1
CHEMBL2322684,0,0,N[C@H]1CC[C@H](Nc2cc(-c3c[nH]c4ncccc34)cc(F)n2)CC1
CHEMBL427214,0,1,Cc1cc(C(N)=O)cc(C)c1C[C@H](N)C(=O)N1Cc2ccccc2C[C@H]1c1nc(-c2ccccc2)c[nH]1
CHEMBL205388,0,1,NC(=O)c1ccc(C[C@H](N)C(=O)N2Cc3ccccc3C[C@H]2c2nc(-c3ccccc3)c[nH]2)cc1
CHEMBL3668496,0,0,COc1ccc(F)cc1-c1ccnc2[nH]c(C3=CCN(CC(N)=O)CC3)cc12
CHEMBL3668513,0,0,CNC(=O)CN1CCC(c2cc3c(-c4cc(F)ccc4OC)ccnc3[nH]2)CC1
CHEMBL3668512,0,0,COc1ccc(F)cc1-c1ccnc2[nH]c(C3CCN(CC(N)=O)CC3)cc12
CHEMBL1682874,0,1,CC(C)c1cccnc1CN(CCCCN)Cc1nc2ccccc2[nH]1
CHEMBL3596909,0,0,O=C(c1ccc(CO)cc1)c1c[nH]c2ncc(-c3cnn(C4CCNCC4)c3)cc12
CHEMBL3596912,0,0,O=C(c1cc(CO)ccc1Cl)c1c[nH]c2ncc(-c3cnn(C4CCNCC4)c3)cc12
CHEMBL3596919,0,0,O=C(c1ccc(CO)cc1Cl)c1c[nH]c2ncc(-c3cnn(C4CCNCC4)c3)cc12
CHEMBL3668367,0,0,COc1ccc(F)cc1-c1ccnc2[nH]c(C3CCCN3)cc12
CHEMBL367731,0,0,N=C(N)c1ccc(CN2CCN(Cc3nc4cc(Cl)ccc4[nH]3)CC2=O)cc1
CHEMBL396355,0,0,O=c1[nH]cccc1-c1nc2c(CN3CCNCC3)cc(-n3ccnc3)cc2[nH]1
CHEMBL3980726,0,0,COc1cc(C(=O)NC(CN2CCN(C)CC2)c2ccccc2)ccc1-c1cn[nH]c1
CHEMBL3298889,0,0,NC[C@@H](NC(=O)C[C@H]1CNC(=O)c2cc(-c3ccnc(F)c3)cn21)c1ccccc1
CHEMBL3298890,0,0,NC[C@@H](NC(=O)C[C@@H]1CNC(=O)c2cc(-c3ccnc(F)c3)cn21)c1ccccc1
CHEMBL4092643,0,0,CCNC(=O)Nc1noc2cc(-c3c(C4CC4)n[nH]c3C)ccc12
CHEMBL3940085,0,0,Cc1nc2cccc(-c3cc4n(c3)C(=O)NC4)c2nc1NC(C)(C)C
CHEMBL3656177,0,0,COC1CCC2(CC1)Cc1ccc(-c3cccnc3)cc1C21CC(=O)N(C)C(N)=N1
CHEMBL3330114,0,1,Cc1ccc(Cl)cc1-c1[nH]c(-c2ccnc(N)n2)cc1C(=O)NC1CCN(C)CC1
CHEMBL3663039,0,0,Cc1cc(-c2n[nH]c3cc(NC(=O)NCC4CNC4)ncc23)ccn1
CHEMBL3910218,0,0,c1cc(OCCN2CCOCC2)cc(-c2n[nH]c3ccc(-c4ncn[nH]4)cc23)c1
CHEMBL3974055,0,0,CCn1c(=O)c2cn[nH]c2c2ccc(-c3ccccc3CN3CCOCC3)cc21
CHEMBL3916484,0,0,O=c1c2cn[nH]c2c2ccc(-c3ccccc3CN3CCOCC3)cc2n1CC(F)(F)F
CHEMBL3634532,0,2,Nc1n[nH]c2cccc(-c3ccc(C(=O)N4CCN(C(=O)c5ccc(F)c(F)c5)CC4)cc3)c12
CHEMBL3634534,0,0,Cc1cccc(C(=O)N2CCN(C(=O)c3ccc(-c4cccc5[nH]nc(N)c45)cc3)CC2)c1
CHEMBL3634407,0,0,Nc1n[nH]c2cccc(-c3ccc(C(=O)N4CCN(C(=O)c5cccc(F)c5)CC4)cc3)c12
CHEMBL3634537,0,0,Cc1ccccc1C(=O)N1CCN(C(=O)c2ccc(-c3cccc4[nH]nc(N)c34)cc2)CC1
CHEMBL3917176,0,0,Cc1nc2cccc(-c3cc4c([nH]3)CCNC4=O)c2nc1NC1CN(C)C1
CHEMBL1164176,0,0,COCCNC(=O)c1ccc2cc(-c3n[nH]cc3-c3ccccc3)[nH]c2c1
CHEMBL1987679,0,0,NC(COc1cncc(-c2ccc3[nH]c(=O)oc3c2)c1)Cc1c[nH]c2ccccc12
CHEMBL579246,0,0,N[C@H](COc1cncc(-c2ccc3c(c2)CC(=O)N3)c1)Cc1c[nH]c2ccccc12
CHEMBL1967302,0,0,NC(COc1cncc(-c2ccc3c(c2)CC(=O)N3)c1)Cc1c[nH]c2ccccc12
CHEMBL575824,0,0,N[C@H](COc1cncc(-c2ccc3[nH]c(=O)oc3c2)c1)Cc1c[nH]c2ccccc12
CHEMBL2048873,0,0,N[C@@H]1CCCN(c2c(/C=C3\SC(=O)NC3=O)cccc2-c2ccncc2)C1
CHEMBL3288523,0,0,Nc1n[nH]c2cccc(-c3ccc4c(C(=O)NC5CC5)cccc4c3)c12
CHEMBL1794071,0,0,ON=C1CCc2cc(-c3nc(C4CCNCC4)[nH]c3-c3ccncc3)ccc21
CHEMBL2331823,0,1,CCc1[nH]c2nc(Sc3ccc4c(c3)C(=O)NC4)nc(N3CC[C@@H](N)C3)c2c1Cl
CHEMBL3194697,0,0,Nc1cccc(-c2c[nH]c3ncc(-c4cccnc4)cc23)c1
CHEMBL3918196,0,0,Cc1nc2cccc(-c3cc4c([nH]3)CCNC4=O)c2nc1NC(C)(C)CCO
CHEMBL3914452,0,0,c1cncc(-c2cc3c(-c4cncc(NC5CCNCC5)c4)n[nH]c3cn2)c1
CHEMBL592277,0,1,NCCC(=O)N1CCc2c([nH]c3ccc(Cl)cc23)C1c1ccnc(N)c1
CHEMBL197652,0,0,CN1CCN(Cc2ccc(NC(=O)c3cc(-c4ccncc4)cnc3O)cc2)CC1
CHEMBL1922137,0,0,COc1cccc(CNC(=O)c2cn(CCN3CCCC3)c3nc(-c4cn[nH]c4)ccc23)c1
CHEMBL3582200,0,0,CN1CCN(c2cccc(-c3cnc4[nH]c5cnc(C#N)cc5c4c3)c2)CC1
CHEMBL3359895,0,0,CN1CCN(c2ccc(-c3cnc4[nH]c5cnc(C#N)cc5c4c3)cc2)CC1
CHEMBL3654745,0,0,Cc1cc(-c2n[nH]c3cc(NC(=S)NCc4ccccc4)ncc23)ccn1
CHEMBL1933184,0,0,O=C(Nc1cc(-c2cc3c([nH]2)C2(CCCNC2)CNC3=O)ccn1)c1ccc(C(F)(F)F)cc1
CHEMBL1933178,0,0,Cc1ccc(C(=O)Nc2cc(-c3cc4c([nH]3)C3(CCCNC3)CNC4=O)ccn2)cc1C
CHEMBL1933191,0,0,O=C(Nc1cc(-c2cc3c([nH]2)C2(CCNC2)CNC3=O)ccn1)c1cccc(F)c1
CHEMBL1933181,0,0,O=C(Nc1cc(-c2cc3c([nH]2)C2(CCCNC2)CNC3=O)ccn1)c1ccc(F)cc1
CHEMBL1933171,0,0,O=C(Nc1cc(-c2cc3c([nH]2)C2(CCNCC2)CNC3=O)ccn1)c1cccc(F)c1
CHEMBL1933175,0,0,O=C(Nc1cc(-c2cc3c([nH]2)C2(CCNCC2)CNC3=O)ccn1)c1ccc(C(F)(F)F)cc1
CHEMBL1933188,0,0,Cc1ccc(C(=O)Nc2cc(-c3cc4c([nH]3)C3(CCNC3)CNC4=O)ccn2)cc1C
CHEMBL1933182,0,0,O=C(Nc1cc(-c2cc3c([nH]2)C2(CCCNC2)CNC3=O)ccn1)c1cccc(F)c1
CHEMBL1933168,0,0,O=C(Nc1cc(-c2cc3c([nH]2)C2(CCNCC2)CNC3=O)ccn1)c1ccc(F)cc1
CHEMBL1933162,0,0,Cc1ccc(C(=O)Nc2cc(-c3cc4c([nH]3)C3(CCNCC3)CNC4=O)ccn2)cc1C
CHEMBL1933187,0,0,O=C(Nc1cc(-c2cc3c([nH]2)C2(CCCNC2)CNC3=O)ccn1)c1cccc(C(F)(F)F)c1
CHEMBL1933186,0,0,O=C(Nc1cc(-c2cc3c([nH]2)C2(CCCNC2)CNC3=O)ccn1)c1cc(F)cc(F)c1
CHEMBL1933190,0,0,O=C(Nc1cc(-c2cc3c([nH]2)C2(CCNC2)CNC3=O)ccn1)c1ccc(F)cc1
CHEMBL3961921,0,0,CN(C)C1CCN(C[C@@H](NC(=O)C[C@H]2CNC(=O)c3cc(-c4ccnc(F)c4)cn32)C2CCCCC2)CC1
CHEMBL3673505,0,0,c1cncc(CNc2cncc(-c3ccnc4[nH]c(C5CCNCC5)cc34)n2)c1
CHEMBL3673506,0,0,c1cc(CNc2cncc(-c3ccnc4[nH]c(C5CCNCC5)cc34)n2)ccn1
CHEMBL3596917,0,0,NC(=O)c1ccc(C(=O)c2c[nH]c3ncc(-c4cnn(C5CCNCC5)c4)cc23)c(Cl)c1
CHEMBL398346,0,0,CCNC(=O)c1noc(-c2cc(Cl)c(O)cc2O)c1-c1ccc(CN2CCOCC2)cc1
CHEMBL4060353,0,0,CCNC(=O)c1noc(-c2cc(Cl)c(O)cc2O)c1-c1ccc(CN2CCOCC2)cc1C
CHEMBL400187,0,0,CCNC(=O)c1noc(-c2cc(CC)c(O)cc2O)c1-c1ccc(CN2CCOCC2)cc1
CHEMBL2332095,0,0,COc1cccc(CNC(=O)N(CCN2CCCC2)c2ccc(-c3cn[nH]c3)cc2)c1
CHEMBL454639,0,0,Nc1nccc(-c2ccc3nc(C4COc5ccc(C(=O)NC6CC6)cc5C4)[nH]c3c2)n1
CHEMBL3658765,0,0,Cc1cc(-c2n[nH]c3cc(NC(=O)NCCN4CCC(c5ccccc5)C4)ncc23)ccn1
CHEMBL1773507,0,0,C[S]([O])c1nc(-c2ccc(F)cc2)c(-c2ccnc(NC3CCOCC3)c2)[nH]1
CHEMBL3355056,0,0,NCCCOc1cc(-c2cn[nH]c2)ccc1C(=O)Nc1ccccc1
CHEMBL226206,0,0,O=C(NC1CC1)c1ccc(-c2cc(-c3cc4c([nH]3)CCNC4=O)ccn2)cc1
CHEMBL388853,0,0,O=C(NC1CCCC1)c1ccc(-c2cc(-c3cc4c([nH]3)CCNC4=O)ccn2)cc1
CHEMBL2333887,0,0,COc1ccc([C@@H]2CN(C)C[C@H]2c2nc3ccc(-c4cn[nH]c4)cc3c(=O)[nH]2)cc1
CHEMBL212157,0,0,Cc1n[nH]c2ccc(-c3cncc(OC[C@H](N)Cc4ccccc4)c3)cc12
CHEMBL2002726,0,0,Cc1n[nH]c2ccc(-c3cncc(OCC(N)Cc4ccccc4)c3)cc12
CHEMBL379218,0,0,Cc1n[nH]c2ccc(-c3cncc(OC[C@@H](N)Cc4ccccc4)c3)cc12
CHEMBL3926451,0,0,CC(C)(C)Nc1nc2c(-c3cc4c([nH]3)CCNC4=O)cccc2nc1C#N
CHEMBL3891942,0,0,CC(C)(C)Nc1nc2c(-c3cc4c([nH]3)CCNC4=O)cccc2nc1C=O
CHEMBL1910898,0,0,Nc1ccc(-c2ccc3c(-c4ccc(N5CCNCC5)cc4)n[nH]c3n2)cn1
CHEMBL1910899,0,0,Nc1cc(-c2ccc3c(-c4ccc(N5CCNCC5)cc4)n[nH]c3n2)ccn1
CHEMBL3355680,0,0,NC[C@H]1CC[C@H](C(=O)N[C@@H](Cc2ccccc2)c2nc(-c3ccc(C(N)=O)cc3)c(Cl)[nH]2)CC1
CHEMBL3355676,0,2,NC[C@H]1CC[C@H](C(=O)N[C@@H](Cc2ccccc2)c2nc(-c3cccc(C(N)=O)c3)c[nH]2)CC1
CHEMBL3355681,0,0,NC[C@H]1CC[C@H](C(=O)N[C@@H](Cc2ccccc2)c2nc(-c3ccc(C(N)=O)cc3)c(F)[nH]2)CC1
CHEMBL3355672,0,0,CNC(=O)c1ccc(-c2c[nH]c([C@H](Cc3ccccc3)NC(=O)[C@H]3CC[C@H](CN)CC3)n2)cc1
CHEMBL3355670,0,5,NC[C@H]1CC[C@H](C(=O)N[C@@H](Cc2ccccc2)c2nc(-c3ccc(C(N)=O)cc3)c[nH]2)CC1
CHEMBL4094277,0,0,NC(=O)c1cnc(N[C@H]2CCCNC2)c2cc(-c3cn[nH]c3)sc12
CHEMBL3960426,0,0,O=C(Nc1cc(-c2ccccc2)[nH]n1)c1ccc2cc3n(c2c1)CCCNC3=O
CHEMBL587382,0,0,c1cc(CNC2Cc3ccccc3C2)cc(-c2cnc(N3CCNCC3)nc2)c1
CHEMBL533043,0,0,CC1CN(c2ncc(-c3ccc(CNC4Cc5ccccc5C4)cc3)cn2)CC(C)N1
CHEMBL3969013,0,0,Cc1nc2cccc(-c3cc4c([nH]3)CCNC4=O)c2nc1NC(C)(C)CN
CHEMBL4112189,0,0,Clc1ccc(-c2cc(-c3ccc([C@H]4CNCCO4)cc3)n[nH]2)cn1
CHEMBL3919715,0,0,Clc1ccc(-c2cc(-c3ccc([C@@H]4CNCCO4)cc3)n[nH]2)cn1
CHEMBL3948553,0,0,Clc1ccc(-c2cc(-c3ccc(C4CNCCO4)cc3)n[nH]2)cn1
CHEMBL4115282,0,0,Clc1cc(-c2cc(-c3ccc([C@H]4CNCCO4)cc3)n[nH]2)ccn1
CHEMBL1164177,0,0,Cn1cncc1CNC(=O)c1ccc2cc(-c3n[nH]cc3-c3ccccc3)[nH]c2c1
CHEMBL1164173,0,0,O=C(NCc1cnccn1)c1ccc2cc(-c3n[nH]cc3-c3ccccc3)[nH]c2c1
CHEMBL3668466,0,0,F[C@@H]1CN[C@H](CNc2ccc(Cl)c(-c3ccnc4[nH]c(C5CCNCC5)cc34)n2)C1
CHEMBL1933180,0,0,O=C1NCC2(CCCNC2)c2[nH]c(-c3ccnc(NC(=O)c4cccc5ccccc45)c3)cc21
CHEMBL1933166,0,0,O=C1NCC2(CCNCC2)c2[nH]c(-c3ccnc(NC(=O)c4cccc5ccccc45)c3)cc21
CHEMBL3729123,0,0,CCN(CC)CCNC(=O)c1c(C)[nH]c(/C=C2\C(=O)Nc3ccc(-c4cncnc4)cc32)c1C
CHEMBL3634759,0,0,Cn1cc(-c2cc3c(-c4cccc(N5CCC[C@@H](N)C5)c4)n[nH]c3cn2)cn1
CHEMBL3604792,0,0,Oc1c(F)cc(-c2cnccc2-c2ccc(N3CCNCC3)cc2)cc1F
CHEMBL3596567,0,0,COc1cccc(NC(=O)c2cc(-c3ccc(NC(=N)N)cc3)[nH]n2)c1
CHEMBL3596548,0,0,COc1ccc(NC(=O)c2cc(-c3ccc(NC(=N)N)cc3)[nH]n2)cc1
CHEMBL3596559,0,0,CCN(CC)c1ccc(NC(=O)c2cc(-c3ccc(NC(=N)N)cc3)[nH]n2)cc1
CHEMBL3604881,0,0,CN1CCN(c2ccc(-c3cc(N)ncc3-c3cc(F)c(O)c(F)c3)cc2)CC1
CHEMBL1164262,0,0,Cn1nccc1CNC(=O)c1ccc2cc(-c3n[nH]cc3-c3ccccc3)[nH]c2c1
CHEMBL3086308,0,2,CNc1nc2c(s1)C[C@H]1[C@H]3Cc4ccc(O)cc4[C@@]1(CCN3CC1CC1)C2
CHEMBL376355,0,5,Nc1nc2c(s1)C[C@H]1[C@H]3Cc4ccc(O)cc4[C@@]1(CCN3CC1CCC1)C2
CHEMBL226217,0,1,Nc1nc2c(s1)C[C@H]1[C@H]3Cc4ccc(O)cc4[C@@]1(CCN3CC1CC1)C2
CHEMBL3959305,0,0,CN(CCO)C(=O)CN1CC2C=C(c3[nH]c4nccc5c4c3CN(C)c3ccc(F)cc3-5)CC2C1
CHEMBL3920169,0,0,Cc1noc(C)c1-c1ccc2c(c1)C(c1ccccc1)(N1CCN(C)CC1)C(=O)N2
CHEMBL3668374,0,0,COc1ccc(F)cc1-c1ccnc2[nH]c(C3=CCN(C(=O)CO)CC3)cc12
CHEMBL3347683,0,0,CN1CCN(C(=O)Nc2cccc(-c3ccc4c(c3)sc3c(N)ncnc34)c2)CC1
CHEMBL4107343,0,0,Cc1cc(C(=O)NCc2cccc(C(=O)NC[C@H]3CCCN3)c2)ccc1-c1cn[nH]c1
CHEMBL79629,0,0,Cc1c2ccnc(C(=O)NCCCN(C)C)c2cc2c1[nH]c1ccc(O)cc12
CHEMBL4111265,0,0,C[C@@H](NC(=O)c1ccc(-c2cn[nH]c2)c(OCC(C)(C)O)c1)c1ccccc1
CHEMBL3663696,0,0,Cn1nc(C(=O)Nc2ccc([C@H]3CNCCO3)cc2)cc1-c1ccccc1
CHEMBL3596557,0,0,N=C(N)Nc1ccc(-c2cc(C(=O)Nc3cccc(C(F)(F)F)c3)n[nH]2)cc1
CHEMBL3596544,0,0,N=C(N)Nc1ccc(-c2cc(C(=O)Nc3ccccc3)n[nH]2)cc1
CHEMBL3596568,0,0,N=C(N)Nc1ccc(-c2cc(C(=O)Nc3ccc(C(F)(F)F)cc3)n[nH]2)cc1
CHEMBL3596550,0,0,N=C(N)Nc1ccc(-c2cc(C(=O)Nc3ccc(Br)cc3)n[nH]2)cc1
CHEMBL3596549,0,0,N=C(N)Nc1ccc(-c2cc(C(=O)Nc3cccc(Cl)c3)n[nH]2)cc1
CHEMBL3598257,0,0,Cc1cccc(NC(=O)c2cc(-c3ccc(NC(=N)N)cc3)[nH]n2)c1
CHEMBL3596553,0,0,Cc1ccccc1NC(=O)c1cc(-c2ccc(NC(=N)N)cc2)[nH]n1
CHEMBL3596554,0,0,Cc1cc(C)cc(NC(=O)c2cc(-c3ccc(NC(=N)N)cc3)[nH]n2)c1
CHEMBL3596563,0,0,Cc1cccc(C)c1NC(=O)c1cc(-c2ccc(NC(=N)N)cc2)[nH]n1
CHEMBL3596201,0,0,N=C(N)Nc1ccc(-c2cc(C(=O)Nc3ccc(F)cc3)n[nH]2)cc1
CHEMBL3596555,0,0,N=C(N)Nc1ccc(-c2cc(C(=O)Nc3ccc(Cl)cc3)n[nH]2)cc1
CHEMBL3598313,0,0,Cc1ccc(C)c(NC(=O)c2cc(-c3ccc(NC(=N)N)cc3)[nH]n2)c1
CHEMBL3596560,0,0,N=C(N)Nc1ccc(-c2cc(C(=O)Nc3cccc(Br)c3)n[nH]2)cc1
CHEMBL3596556,0,0,Cc1cccc(NC(=O)c2cc(-c3ccc(NC(=N)N)cc3)[nH]n2)c1C
CHEMBL3928085,0,0,O=C(NC1CCNCC1)c1cccc(-c2n[nH]c3cnc(-c4cccnc4)cc23)n1
CHEMBL3967979,0,0,O=C(NC1CNC1)c1cccc(-c2n[nH]c3cnc(-c4cccnc4)cc23)n1
CHEMBL3348846,0,4,COc1cc(CCc2cc(NC(=O)c3ccc(N4C[C@@H](C)N[C@@H](C)C4)cc3)n[nH]2)cc(OC)c1
CHEMBL3184679,0,1,COc1cc(CCc2cc(NC(=O)c3ccc(N4CC(C)NC(C)C4)cc3)n[nH]2)cc(OC)c1
CHEMBL3483514,0,0,c1cc(-c2cn[nH]c2)ccc1CN1CCNCC1
CHEMBL3658769,0,0,Cc1cc(-c2n[nH]c3cc(NC(=O)N[C@@H]4CN[C@H](c5ccccc5)C4)ncc23)ccn1
CHEMBL3658738,0,0,Cc1cc(-c2n[nH]c3cc(NC(=O)N[C@H]4CN[C@H](c5ccccc5)C4)ncc23)ccn1
CHEMBL1650222,0,0,Nc1nc(-c2cc(P(=O)(O)O)ccc2F)c(-c2ccccc2)s1
CHEMBL4229214,0,0,NC(=O)c1cc(-c2ccc3ncnc(-c4cccc(C(=O)NCCN5CCOCC5)c4)c3c2)ccc1Cl
CHEMBL3971949,0,0,COC1CCC2(CC1)Cc1ccc(-c3cnc(C4CC4)s3)cc1C21N=C(N)N(C)C1=O
CHEMBL199322,0,0,COc1ccc(C(=O)N2CCNCC2)cc1-c1[nH]nc2nc(Nc3ccc(F)cc3F)ccc12
CHEMBL226848,0,0,N[C@H](COc1cncc(-c2ccc3c(c2)CC(=O)N3)c1)Cc1ccccc1
CHEMBL245604,0,0,COc1cc2c(cc1OC)-c1n[nH]c(-c3ccc(N4CCC(O)CC4)cc3)c1C2
CHEMBL1923180,0,0,COc1ccc(CNC(=O)c2cc3ccc(-c4cn[nH]c4)nc3[nH]2)cc1
CHEMBL1922034,0,0,COc1cccc(CNC(=O)c2cc3ccc(-c4cn[nH]c4)nc3[nH]2)c1
CHEMBL1923165,0,3,COc1cccc(CNC(=O)c2cc3ccc(-c4cn[nH]c4C)nc3[nH]2)c1
CHEMBL1923182,0,0,COc1cccc([C@H](C)NC(=O)c2cc3ccc(-c4cn[nH]c4)nc3[nH]2)c1
CHEMBL1923181,0,0,COc1cccc([C@@H](C)NC(=O)c2cc3ccc(-c4cn[nH]c4)nc3[nH]2)c1
CHEMBL1215306,0,0,COc1ccc2c(c1)C[C@H](C(=O)Nc1ccc(-c3cn[nH]c3)cc1OC1CCN(C)CC1)NC2
CHEMBL3185412,0,4,COc1ccccc1C#Cc1ccc2c(c1)[C@H]1[C@H](CCN1C(=O)c1ccncc1)[C@@H](CO)N2
CHEMBL3668527,0,0,COc1ccc(F)cc1-c1ccnc2[nH]c(C3=C[C@@H](CO)N(CC(=O)N(C)C)CC3)cc12
CHEMBL3668526,0,0,COc1ccc(F)cc1-c1ccnc2[nH]c(C3=CCN(CC(=O)N(C)C)[C@H](CO)C3)cc12
CHEMBL3668535,0,0,COc1ccc(F)cc1-c1ccnc2[nH]c(C3=CCN(CC(=O)N(C)C)[C@@H](CO)C3)cc12
CHEMBL3668534,0,0,COc1ccc(F)cc1-c1ccnc2[nH]c(C3=C[C@H](CO)N(CC(=O)N(C)C)CC3)cc12
CHEMBL2011976,0,0,CN1C(=N)NC(c2ccccc2)(c2cccc(-c3cnccn3)c2)C1=O
CHEMBL273619,0,0,Cc1cc(-c2[nH]nc3c2C(=O)c2c(NC(=O)NN4CCOCC4)cccc2-3)c(C)s1
CHEMBL2407558,0,5,CC(C)(C)c1ccc(S(=O)(=O)Nc2n[nH]c3c2CCN(CC2CCNCC2)C3=O)cc1
CHEMBL1923162,0,0,COc1cccc(CNC(=O)c2cc3cnc(-c4cn[nH]c4)cc3[nH]2)c1
CHEMBL1923163,0,4,COc1cccc(CNC(=O)c2cc3cnc(-c4cn[nH]c4C)cc3[nH]2)c1
CHEMBL1922135,0,0,COc1cccc(CN(CCCN2CCN(C)CC2)C(=O)c2c[nH]c3nc(-c4cn[nH]c4)ccc23)c1
CHEMBL3668505,0,0,COc1ccc(F)cc1-c1ccnc2[nH]c(C3=CCN(CC(=O)N4CC(O)C4)CC3)cc12
CHEMBL3668519,0,0,COc1ccc(F)cc1-c1ccnc2[nH]c(C3CCN(CC(=O)N4CC(O)C4)CC3)cc12
CHEMBL3668525,0,0,COc1ccc(F)cc1-c1c(F)cnc2[nH]c(C3CCN(CC(=O)N4CC(O)C4)CC3)cc12
CHEMBL3668562,0,0,COc1ccc(F)cc1-c1c(F)cnc2[nH]c(C3=CCN(CC(=O)N4CCC(O)CC4)CC3)cc12
CHEMBL3668559,0,0,COc1ccc(F)cc1-c1c(F)cnc2[nH]c(C3=CCN(CC(=O)N4CC(O)C4)CC3)cc12
CHEMBL3654808,0,0,Cc1cc(-c2n[nH]c3cc(NC(=O)N[C@@H]4CNC[C@@H]4c4ccccc4)ncc23)ccn1
CHEMBL3695142,0,0,O=C1C[C@H](C(=O)Nc2cc(-c3cccc(CNCC(F)(F)F)c3)n(-c3ccccc3)n2)CN1
CHEMBL4064424,0,0,NCc1c(Cc2ccccc2)nc2ccc(OCC(N)=O)cc2c1-c1ccccc1
CHEMBL3929444,0,0,NC1CCCN(c2cncc(-c3n[nH]c4cnc(-c5cccnc5)cc34)c2)CC1
CHEMBL3894842,0,0,NC1CCN(c2cncc(-c3n[nH]c4cnc(-c5cccnc5)cc34)c2)CC1
CHEMBL2151137,0,0,CN1C(=N)N[C@](c2ccccc2)(c2cccc(-c3cccnc3)c2)CC1=O
CHEMBL3933778,0,0,NC1CCN(c2cc(-c3n[nH]c4cnc(-c5cccnc5)cc34)ccn2)CC1
CHEMBL4111884,0,0,N[C@@H]1CCCN(c2ccc(-c3n[nH]c4cnc(-c5cccnc5)cc34)cn2)C1
CHEMBL3918765,0,0,N[C@H]1CCN(c2ccc(-c3n[nH]c4cnc(-c5cccnc5)cc34)cn2)C1
CHEMBL3900770,0,0,N[C@H]1CCCN(c2ccc(-c3n[nH]c4cnc(-c5cccnc5)cc34)cn2)C1
CHEMBL4114227,0,0,N[C@@H]1CCN(c2ccc(-c3n[nH]c4cnc(-c5cccnc5)cc34)cn2)C1
CHEMBL1270821,0,0,CC(C)NC(=O)c1cc(-c2ccnc(N)n2)[nH]c1-c1ccccc1
CHEMBL3701132,0,0,CCc1nccc(-c2ccc(C(=O)N3CCN(C(C)C)CC3)c(F)c2)c1C#Cc1ccc(N)nc1
CHEMBL3701142,0,0,CCc1nccc(-c2ccc(C(=O)N3CCN4CCCC4C3)c(F)c2)c1C#Cc1ccc(N)nc1
CHEMBL326077,0,0,Cc1nc2cnccc2n1-c1ccc(C2=CC(=O)NC3CCCCC3N2)cc1
CHEMBL1779359,0,3,O=C1NCC2(CCNCC2)c2[nH]c(-c3ccnc(-c4ccc5ccccc5c4)n3)cc21
CHEMBL402295,0,2,c1cc(NC2C[C@H]3CC[C@@H](C2)N3)nc(-c2cnc3ccccn23)c1
CHEMBL3359893,0,0,CN1CCN(c2ccc(-c3cnc4[nH]c5cnc(C(=O)O)cc5c4c3)cc2)CC1
CHEMBL3633305,0,0,Nc1n[nH]c2cccc(-c3cccc(NC(=O)Nc4nccs4)c3)c12
CHEMBL2181490,0,0,CN1CCN(C(=O)c2ccc(-c3cnc(N)c(-c4ccc(C(F)(F)F)nc4)c3)cc2)CC1
CHEMBL257533,0,0,Nc1n[nH]c2nccc(-c3ccc(NC(=O)Nc4ccsc4)cc3)c12
CHEMBL404223,0,0,Nc1n[nH]c2nccc(-c3ccc(NC(=O)Nc4ccccc4)cc3)c12
CHEMBL249689,0,0,CCCNc1n[nH]c2c1CCCc1cc(N3C[C@H](CNC(C)=O)OC3=O)ccc1-2
CHEMBL249079,0,0,CNc1n[nH]c2c1CCCc1cc(N3C[C@H](CNC(C)=O)OC3=O)ccc1-2
CHEMBL249286,0,0,CCNc1n[nH]c2c1CCCc1cc(N3C[C@H](CNC(C)=O)OC3=O)ccc1-2
CHEMBL249078,0,0,CC(=O)NC[C@H]1CN(c2ccc3c(c2)CCCc2c(N)n[nH]c2-3)C(=O)O1
CHEMBL4077877,0,0,O=C(Cn1nc(C(F)(F)F)c2c(-c3ccccc3)c3ccccc3nc21)NCCN1CCNCC1
CHEMBL392418,0,0,CC(=O)NC[C@H]1CN(c2ccc3c(c2)CCCc2c(C(C)C)n[nH]c2-3)C(=O)O1
CHEMBL1271233,0,1,NC(=O)c1cc(-c2ccnc(N)n2)[nH]c1-c1cc2ccccc2s1
CHEMBL1271333,0,0,NC(=O)c1cc(-c2ccnc(N)n2)[nH]c1-c1ccc2sccc2c1
CHEMBL1271129,0,0,NC(=O)c1cc(-c2ccnc(N)n2)[nH]c1-c1ccc2ccccc2c1
CHEMBL1922027,0,0,COc1cccc(CNC(=O)c2cc3ccc(-c4cn[nH]c4)cc3n2CCCO)c1
CHEMBL3983002,0,0,CC(C)(C)NC(=O)c1cccc(-c2n[nH]c3ccc(-c4ncn[nH]4)cc23)c1
CHEMBL3938299,0,0,Cc1noc(C)c1-c1ccc2c(c1)C(N[C@@H](CO)C(C)C)(c1ccccc1)C(=O)N2
CHEMBL3922405,0,0,Cc1noc(C)c1-c1ccc2c(c1)C(N[C@H](CO)C(C)C)(c1ccccc1)C(=O)N2
CHEMBL1911331,0,0,Cc1nnc(-c2ccc(C)c(-c3ccc4c(c3)NC(=O)C4(C)C)c2)[nH]1
CHEMBL3919258,0,0,CC(=O)N[C@@H]1CCC[C@H](Nc2nc3c(-c4cc5c([nH]4)[C@@H](C)NC5=O)cccc3nc2C)C1
CHEMBL2322683,0,0,O[C@H]1CC[C@H](Nc2cc(-c3c[nH]c4ncccc34)cc(F)n2)CC1
CHEMBL2322681,0,0,Cc1cc(-c2c[nH]c3ncccc23)cc(N[C@H]2CC[C@H](O)CC2)n1
CHEMBL2333910,0,0,CCOc1ccc(C[C@H](N)c2nc3ccc(-c4cn[nH]c4)cc3c(=O)[nH]2)cc1
CHEMBL2333909,0,0,COc1ccc(C[C@H](N)c2nc3ccc(-c4cn[nH]c4)cc3c(=O)[nH]2)cc1
CHEMBL1087422,0,0,Nc1nccc(-c2ccc3nc(C4COc5c(CC(=O)NC6CC6)cccc5C4)[nH]c3c2)n1
CHEMBL427716,0,0,CCNC(=O)c1noc(-c2cc(Cl)c(O)cc2O)c1-c1ccc(CN2CCN(C)CC2)cc1
CHEMBL585387,0,0,Cn1nccc1-c1cc(NC(=O)Nc2cccc(F)c2)ccc1OCCN1CCOCC1
CHEMBL2037107,0,0,O=C(Nc1ccccc1N1CCNCC1)c1csc(-c2ccncc2)n1
CHEMBL3984361,0,0,Cc1nc2cccc(-c3cc4c(n3C)CCNC4=O)c2nc1NC(C)(C)C
CHEMBL3971608,0,0,CN1CCN(c2ccc(NC(=O)Nc3ccc(-c4cnco4)cc3)cc2)CC1
CHEMBL3718179,0,3,Cc1ccc(N2CCN(Cc3c[nH]nc3-c3ccc4c(c3)CNC(=O)O4)C[C@H]2C)nc1
CHEMBL3943590,0,0,CN1CCC(Cc2ccc(C(=O)Nc3sc(-c4ccncc4)nc3C(N)=O)cc2)CC1
CHEMBL3906142,0,0,N#Cc1cc(-c2n[nH]c3cnc(-c4cccnc4)cc23)cc(N2CCNCC2)c1
CHEMBL2011979,0,0,CN1C(=N)NC(c2ccccc2)(c2cccc(-c3cncc(F)c3)c2)C1=O
CHEMBL2011977,0,0,Cc1cncc(-c2cccc(C3(c4ccccc4)NC(=N)N(C)C3=O)c2)c1
CHEMBL2011984,0,0,CN1C(=N)N[C@@](c2ccccc2)(c2cccc(-c3cccnc3)c2)C1=O
CHEMBL2011983,0,0,CN1C(=N)N[C@](c2ccccc2)(c2cccc(-c3cccnc3)c2)C1=O
CHEMBL2011975,0,0,CN1C(=N)NC(c2ccccc2)(c2cccc(-c3ccncc3)c2)C1=O
CHEMBL2011974,0,0,CN1C(=N)NC(c2ccccc2)(c2cccc(-c3cccnc3)c2)C1=O
CHEMBL2011980,0,0,CN1C(=N)NC(c2ccccc2)(c2cccc(-c3cncc(Cl)c3)c2)C1=O
CHEMBL251535,0,0,NC[C@H]1CN(c2ccc3c(c2)CCCc2c(-c4ccno4)n[nH]c2-3)C(=O)O1
CHEMBL3799725,0,0,O=C(N[C@@H](CO)c1cccc(Cl)c1)c1ccc2[nH]nc(-c3ccncc3)c2c1
CHEMBL3800134,0,0,O=C(NC(CO)c1cccc(Cl)c1)c1ccc2[nH]nc(-c3ccncc3)c2c1
CHEMBL3797756,0,0,O=C(N[C@H](CO)c1cccc(Cl)c1)c1ccc2[nH]nc(-c3ccncc3)c2c1
CHEMBL3648441,0,0,O=C(CN1CCNCC1)Nc1cccc(-c2cnc3ccccc3n2)c1
CHEMBL143476,0,0,OCCNc1cc(-c2[nH]c3cccnc3c2-c2ccc(F)cc2)ccn1
CHEMBL3925017,0,0,COc1cc(-c2cn[nH]c2)ccc1C(=O)NCc1cccc(C(=O)NC2CCN(C)CC2)c1
CHEMBL3701077,0,0,CCc1nccc(-c2ccc(C(=O)N3CCNCC3)c(F)c2)c1C#Cc1ccc(N)nc1
CHEMBL205110,0,0,NCc1ccc(-c2cc3c(cc2F)c(=O)c2c(=O)[nH]sc2n3C2CC2)cn1
CHEMBL3393712,0,0,Fc1cnccc1-c1ccc2[nH]nc(-c3cncc(O[C@H]4CNCCC45CC5)n3)c2c1
CHEMBL3393711,0,0,Fc1ccncc1-c1ccc2[nH]nc(-c3cncc(O[C@H]4CNCCC45CC5)n3)c2c1
CHEMBL3393713,0,0,Fc1ncccc1-c1ccc2[nH]nc(-c3cncc(O[C@H]4CNCCC45CC5)n3)c2c1
CHEMBL3978940,0,0,CN(C)Cc1nnc(-c2ccc3[nH]nc(-c4ccc(F)cc4)c3c2)[nH]1
CHEMBL3902504,0,4,Cc1nc2cccc(-c3cc4c([nH]3)CCNC4=O)c2nc1N[C@H]1C[C@@H](NCCF)C1
CHEMBL3903686,0,0,Cc1nc2cccc(-c3cc4c([nH]3)[C@@H](C)NC4=O)c2nc1N[C@H]1CCC[C@@H](N)C1
CHEMBL3958307,0,3,Cc1nc2cccc(-c3cc4c([nH]3)CCNC4=O)c2nc1N[C@@H]1CCC[C@H](N)C1
CHEMBL3928595,0,0,Cc1nc2cccc(-c3cc4c([nH]3)CCNC4=O)c2nc1N[C@H]1C[C@H](N)C1
CHEMBL3966363,0,0,Cc1nc2cccc(-c3cc4c([nH]3)CCNC4=O)c2nc1N[C@H]1C[C@@H](N)C1
CHEMBL3966072,0,0,Cc1nc2cccc(-c3cc4c([nH]3)CCNC4=O)c2nc1N[C@@H]1CC[C@H](N)C1
CHEMBL3926975,0,0,Cc1nc2cccc(-c3cc4c([nH]3)CCNC4=O)c2nc1N[C@H]1C[C@@H](NCC(F)F)C1
CHEMBL1165410,0,0,COCCNC(=O)c1ccc2cc(-c3cc(-c4ccccc4)[nH]n3)[nH]c2c1
CHEMBL3311120,0,0,CC1CNC(c2ccc3cc(-c4ccc(-c5cnc(N6CCOCC6)nc5)cc4)[nH]c3c2)=N1
CHEMBL3311119,0,0,c1cc2cc(-c3ccc(-c4cnc(N5CCOCC5)nc4)cc3)[nH]c2cc1C1=NCCCN1
CHEMBL4107181,0,0,CC(C)(O)COc1cc(C(=O)N[C@H](CN)c2ccccc2)ccc1-c1cn[nH]c1
CHEMBL3949793,0,0,COc1ccc(F)cc1-c1ccnc2[nH]c(C3CCN(CCN4CCOCC4)CC3)cc12
CHEMBL3668442,0,0,COc1ccc(F)cc1-c1ccnc2[nH]c(C3CN(CCN4CCOCC4)C3)cc12
CHEMBL3668391,0,0,COc1ccc(F)cc1-c1ccnc2[nH]c(C3CCN(CCN4CCOCC4)C3)cc12
CHEMBL3919632,0,0,CN1CCCN(C(=O)c2ccccc2-c2ccc3c4[nH]ncc4c(=O)n(CC(F)(F)F)c3c2)CC1
CHEMBL3916578,0,0,CN1CCN(C(=O)c2ccccc2-c2ccc3c4[nH]ncc4c(=O)n(CC(F)(F)F)c3c2)CC1
CHEMBL3093071,0,0,CC(C)(Nc1nnc(-c2c[nH]c3ncccc23)o1)c1ccccc1
CHEMBL3927716,0,0,Cc1nc2ccc(F)c(-c3cc4c([nH]3)CCNC4=O)c2nc1NC(C)(C)CO
CHEMBL3963838,0,6,Cc1nc2cccc(-c3cc4c([nH]3)CCNC4=O)c2nc1NC(C)(C)CO
CHEMBL3939819,0,0,Cc1nc2cccc(-c3cc4c([nH]3)[C@@H](C)NC4=O)c2nc1NC(C)(C)CO
CHEMBL1083209,0,0,CCCC(=O)Nc1n[nH]c2cc(-c3ccc(N)nc3)ccc12
CHEMBL150737,0,5,Nc1ccc2c(c1)N(Cc1c[nH]cn1)CCN(C(=O)c1cccc3ccccc13)C2
CHEMBL474426,0,0,CN(C)CCOc1cc(NC(=O)C2COc3ccccc3C2)ccc1-c1cn[nH]c1
CHEMBL4215051,0,3,CC(NC[C@@H]1CCN(CCc2c[nH]c3ccc(-n4cnnc4)cc23)C1)c1ccccc1
CHEMBL4103214,0,0,Cc1n[nH]cc1-c1cc2nc(CN3CCC[C@@H]3CO)[nH]c(=O)c2s1
CHEMBL357491,0,0,COc1ccc(-c2[nH]nc3c2C(=O)c2c(NC(=O)CN4CCN(C)CC4)cccc2-3)cc1
CHEMBL358922,0,0,CN1CCN(CC(=O)Nc2cccc3c2C(=O)c2c-3n[nH]c2-c2ccc(N(C)C)cc2)CC1
CHEMBL4163788,0,2,Cc1ccc2nc(N3CCCc4ccc(F)cc4C3)cc(NCCN3CCNCC3)c2c1
CHEMBL270317,0,0,Clc1cccc(C(c2ccc(CN3CCNCC3)cc2)n2ccnc2)c1
CHEMBL2011070,0,0,Nc1cc(Cn2c(C(=O)O)c(-c3ccc[nH]c3=O)c3cc(C4CC4)ccc32)ccn1
CHEMBL3686432,0,0,CC(C)(O)c1cccc(-c2cc(NC(=O)[C@H]3CNC(=O)C3)nn2-c2ccccc2)c1
CHEMBL3402474,0,0,CN(C)CCN(C)c1cc(-c2cn[nH]c2)ccc1NC(=O)NCc1ccccc1
CHEMBL4217190,0,0,O=C(CCN1CCOCC1)Nc1n[nH]c2ncc(-c3ccc(O)cc3)cc12
CHEMBL3589328,0,0,Cc1ccc(-c2cc(C(N)=O)c3[nH]c4cc(N5CCOCC5)ccc4c3c2)cn1
CHEMBL3086306,0,0,COc1ccc2c(c1)[C@]13CCN(CC4CC4)[C@H](C2)[C@@H]1Cc1sc(NC(C)=O)nc1C3
CHEMBL3966323,0,0,Cc1nc2cccc(-c3cc4c([nH]3)CCNC4=O)c2nc1NC(=O)C1CC1
CHEMBL286830,0,0,CC1(C)C(=O)Nc2cc3[nH]c(-c4ccc(-n5ccnc5)cc4)nc3cc21
CHEMBL3654535,0,0,Cc1cc(-c2n[nH]c3ccc(C(=O)NC4CCCN(Cc5ncccn5)C4)cc23)ccn1
CHEMBL3654578,0,0,O=C(N[C@@H]1CCCN(Cc2ncon2)C1)c1ccc2[nH]nc(-c3ccncc3)c2c1
CHEMBL3926312,0,0,CC(C)(CN)Cn1cc(-c2n[nH]c3cnc(-c4cccnc4)cc23)ccc1=O
CHEMBL4099469,0,0,CCNC(=O)Nc1cc2c(-c3ccnc(C)c3)ccc(CNC(=O)C3CC3)c2cn1
CHEMBL1642864,0,0,O=S(=O)(c1cccc2ccccc12)c1n[nH]c2ccc(CN3CCNCC3)cc12
CHEMBL3896866,0,0,Cc1cc(-c2nc(C(N)=O)c(NC(=O)c3ccc(CN4CCN(C)CC4)cc3)s2)ccn1
CHEMBL3953752,0,0,Cc1cc(-c2nc(C(N)=O)c(NC(=O)c3ccc(CN4CCN(C)CC4)cc3)s2)cc(C)n1
CHEMBL3921400,0,0,CN1CCN(Cc2ccc(C(=O)Nc3sc(-c4ccnc(C(F)(F)F)c4)nc3C(N)=O)cc2)CC1
CHEMBL3901254,0,0,CN1CCN(Cc2ccc(C(=O)Nc3sc(-c4ccncc4C(F)(F)F)nc3C(N)=O)cc2)CC1
CHEMBL3963569,0,0,CN1CCN(Cc2ccc(C(=O)Nc3sc(-c4ccnc(Cl)c4)nc3C(N)=O)cc2)CC1
CHEMBL3913460,0,0,CN1CCN(Cc2ccc(C(=O)Nc3sc(-c4ccncc4Br)nc3C(N)=O)cc2)CC1
CHEMBL3934866,0,0,Cc1cnccc1-c1nc(C(N)=O)c(NC(=O)c2ccc(CN3CCN(C)CC3)cc2)s1
CHEMBL3922448,0,0,CN1CCN(Cc2ccc(C(=O)Nc3sc(-c4ccncc4Cl)nc3C(N)=O)cc2)CC1
CHEMBL3906947,0,0,CN1CCN(Cc2ccc(C(=O)Nc3sc(-c4ccncc4)nc3C(N)=O)cc2)CC1
CHEMBL3944901,0,0,CN1CCN(Cc2ccc(C(=O)Nc3sc(-c4ccncc4F)nc3C(N)=O)cc2)CC1
CHEMBL3926136,0,0,CN1CCN(Cc2ccc(C(=O)Nc3sc(-c4ccnc(F)c4)nc3C(N)=O)cc2)CC1
CHEMBL1801284,0,0,O=C1NCC2(CNC2)c2[nH]c3c(c21)CCc1cnc(-c2ccccc2F)cc1-3
CHEMBL1801285,0,0,O=C1NCC2(CNC2)c2[nH]c3c(c21)CCc1cnc(-c2cccc(F)c2)cc1-3
CHEMBL3648487,0,0,Cc1nc(-c2c(F)cc(Cl)cc2-c2cnc3c(c2)CCC3NC(=O)C2(N)CC2)no1
CHEMBL226382,0,0,C=Cc1n[nH]c2cnc(-c3cncc(OC[C@@H](N)Cc4ccccc4)c3)cc12
CHEMBL573355,0,0,Cc1n[nH]c2cnc(-c3cncc(OC[C@@H](N)Cc4c(F)cccc4F)c3)cc12
CHEMBL574986,0,0,Cc1n[nH]c2cnc(-c3cncc(OC[C@@H](N)Cc4ccc(F)c(F)c4F)c3)cc12
CHEMBL573592,0,0,Cc1n[nH]c2cnc(-c3cncc(OC[C@@H](N)Cc4cccc(F)c4)c3)cc12
CHEMBL427422,0,0,Cc1n[nH]c2cnc(-c3cncc(OC[C@@H](N)Cc4cccc(F)c4F)c3)cc12
CHEMBL376570,0,0,Cc1n[nH]c2cnc(-c3cncc(OC[C@@H](N)Cc4ccccc4)c3)cc12
CHEMBL575427,0,0,Cc1cc(F)ccc1C[C@H](N)COc1cncc(-c2cc3c(C)n[nH]c3cn2)c1
CHEMBL573359,0,0,Cc1cc(C[C@H](N)COc2cncc(-c3cc4c(C)n[nH]c4cn3)c2)ccc1F
CHEMBL226850,0,0,N[C@H](COc1cncc(-c2cc3cn[nH]c3cn2)c1)Cc1cccc(C(F)(F)F)c1
CHEMBL226331,0,0,N[C@H](COc1cncc(-c2cc3cn[nH]c3cn2)c1)Cc1ccccc1
CHEMBL226332,0,0,N[C@H](COc1cncc(-c2cc3c(Cl)n[nH]c3cn2)c1)Cc1ccccc1
CHEMBL573133,0,0,Cc1ccc(F)cc1C[C@H](N)COc1cncc(-c2cc3c(C)n[nH]c3cn2)c1
CHEMBL1780179,0,0,F[C@H]1CCNC[C@H]1n1cc(-c2ccc3c(c2)Cc2c[nH]nc2-3)c(-c2ccncc2)n1
CHEMBL1780180,0,0,F[C@H]1CNCC[C@@H]1n1cc(-c2ccc3c(c2)Cc2c[nH]nc2-3)c(-c2ccncc2)n1
CHEMBL1780177,0,0,F[C@@H]1CNCC[C@H]1n1cc(-c2ccc3c(c2)Cc2c[nH]nc2-3)c(-c2ccncc2)n1
CHEMBL1780178,0,0,F[C@H]1CNCC[C@H]1n1cc(-c2ccc3c(c2)Cc2c[nH]nc2-3)c(-c2ccncc2)n1
CHEMBL1780168,0,0,c1cc(-c2nn(C3CCCNC3)cc2-c2ccc3c(c2)Cc2c[nH]nc2-3)ccn1
CHEMBL1780165,0,0,c1cc(-c2nn(C3CCNCC3)cc2-c2ccc3c(c2)Cc2c[nH]nc2-3)ccn1
CHEMBL4117096,0,0,Cc1ccc(-c2c(-c3nc(C(N)=O)cs3)cnc(CC(C)C)c2CN)cc1
CHEMBL2152289,0,0,CC(=O)Nc1cc(N)cc(-c2cnc3[nH]cc(-c4ccncc4)c3c2)c1
CHEMBL2337993,0,2,CCc1[nH]c2nc(Sc3ccc4c(c3)C(=O)NC4)nc(N3C[C@@H]4[C@@H](N)[C@@H]4C3)c2c1Cl
CHEMBL426126,0,0,NC(=O)c1ccc(-c2cncc(OC[C@@H](N)Cc3c[nH]c4ccccc34)c2)cc1
CHEMBL2069584,0,0,O=C(Nc1cccc(-c2ccn[nH]2)c1)[C@H](Cc1ccccc1)NCc1cscn1
CHEMBL322652,0,0,COc1ccc2ccc(C(=N)N)cc2c1-c1cn[nH]c1
CHEMBL1682869,0,5,CC(C)C(c1ccccn1)N(CCCCN)Cc1nc2ccccc2[nH]1
CHEMBL4125725,0,0,NCCNc1cncc(-c2ccc3[nH]cc(-c4ccccc4F)c3c2)n1
CHEMBL1683426,0,0,COCCNC(=O)c1cccc(-c2cc(-c3ccc(N4CCN(C)CC4)cc3)[nH]n2)c1
CHEMBL1683424,0,0,CN1CCN(c2ccc(-c3cc(-c4cccc(C(=O)NCC#N)c4)n[nH]3)cc2Br)CC1
CHEMBL1683423,0,0,CN1CCN(c2ccc(-c3cc(-c4cccc(C(=O)NCC#N)c4)n[nH]3)cc2)CC1
CHEMBL4106671,0,0,CC1(C)c2cc(OC[C@H](O)CO)ccc2C(=O)c2c1[nH]c1cc(-c3ccn[nH]3)ccc21
CHEMBL3930359,0,0,CC(C)(C)CNC(=O)c1cccc(-c2n[nH]c3ccc(-c4ncn[nH]4)cc23)c1
CHEMBL400433,0,0,O=C1Nc2cccc(CN3CCOCC3)c2CN1c1csc(-c2ccncc2)n1
CHEMBL1726562,0,0,COc1ccc(-c2c(-c3ccc(OCCN4CCOCC4)cc3O)n[nH]c2C)cc1
CHEMBL226330,0,0,N[C@H](COc1cncc(-c2cc3cn[nH]c3cn2)c1)Cc1c[nH]c2ccccc12
CHEMBL376569,0,0,Cc1n[nH]c2cnc(-c3cncc(OC[C@@H](N)Cc4c[nH]c5ccccc45)c3)cc12
CHEMBL1801293,0,0,CC(=O)N1CC2(CNC(=O)c3c2[nH]c2c3CCc3cnc(-c4ccccc4F)cc3-2)C1
CHEMBL3775680,0,0,Cn1cc(-c2ccc(Cc3n[nH]c4ccc(C(=O)NC5CC5)cc34)cc2)cn1
CHEMBL3649656,0,0,CN1C(=O)[C@@H](Cc2ccc(-c3ccnc(N)c3)cc2)NC(=O)c2cc(Cl)ccc21
CHEMBL3962673,0,0,NC(=O)N1CCCc2cc(-c3cncc(NCc4ccccc4)c3)cnc21
CHEMBL603251,0,0,c1cc(C2=NCCN2)ccc1Oc1ccc(-c2cc3ccc(C4=NCCN4)cc3[nH]2)nc1
CHEMBL3909985,0,0,Nc1cccc(-c2n[nH]c3ccc(-c4nnc[nH]4)cc23)c1
CHEMBL118664,0,0,Cn1cc(C#N)c2ccc(Nc3ncc(-c4ccc(CN)cc4)o3)cc21
CHEMBL120656,0,0,Cn1cc(C#N)c2ccc(Nc3ncc(-c4cccc(CN)c4)o3)cc21
CHEMBL2364289,0,3,C[C@H]1CN(Cc2ccc(N(C)C(=O)c3cnc(-c4ccc(F)cc4)nc3)cc2)CCN1
CHEMBL3967289,0,0,CCc1cc(-c2ccnc3[nH]cc(C#N)c23)ccc1CN1CCOCC1
CHEMBL3975772,0,0,Cc1cc(-c2ccnc3[nH]cc(C#N)c23)ccc1CN1CCOCC1
CHEMBL3950909,0,0,N#Cc1c[nH]c2nccc(-c3ccc(CN4CCOCC4)cc3)c12
CHEMBL3905522,0,1,C#CCCC(=O)Nc1nc2ccc(C3(O)c4ccccc4C(=O)N3Cc3ccccc3)cc2[nH]1
CHEMBL3921045,0,0,Cc1nc2cccc(-c3cc4c([nH]3)CCNC4=O)c2nc1NC1CCC(=O)N(C)C1
CHEMBL3984202,0,0,Cc1noc(C)c1-c1ccc2c(c1)C(c1ccccc1)(N1CCN(CCO)CC1)C(=O)N2
CHEMBL3476452,0,0,O=C(Nc1ccc(-c2ccn[nH]2)cc1)C1CCCN(Cc2ccoc2)C1
CHEMBL1801290,0,0,CN1CC2(CNC(=O)c3c2[nH]c2c3CCc3cnc(-c4ccc(OCCN5CCOCC5)cc4)cc3-2)C1
CHEMBL3933668,0,0,Cc1nc2cccc(-c3cc4c([nH]3)CCNC4=O)c2nc1NC1CNC1
CHEMBL3899021,0,7,Cc1nc2cccc(-c3cc4c([nH]3)CCNC4=O)c2nc1N[C@H]1CCCNC1
CHEMBL3914616,0,0,Cc1nc2cccc(-c3cc4c([nH]3)CCNC4=O)c2nc1N[C@@H]1CCNC1
CHEMBL3980532,0,1,Cc1nc2cccc(-c3cc4c([nH]3)CCNC4=O)c2nc1NCC(C)(C)N
CHEMBL3910145,0,3,Cc1nc2cccc(-c3cc4c([nH]3)CCNC4=O)c2nc1N[C@H]1CCNC1
CHEMBL3926862,0,9,Cc1nc2cccc(-c3cc4c([nH]3)CCNC4=O)c2nc1N[C@@H]1CCCNC1
CHEMBL3901085,0,6,Cc1nc2cccc(-c3cc4c([nH]3)CCNC4=O)c2nc1NC1CCNCC1
CHEMBL3184303,0,5,O=C(c1ccc(C=Cc2n[nH]c3ccccc23)cc1)N1CCNCC1
CHEMBL373268,0,0,N[C@@H](CC(=O)N1CCc2n[nH]c(-c3ccc(F)cc3)c2C1)Cc1cc(F)ccc1F
CHEMBL529944,0,0,COc1ccc(-c2nc3cc4ccccc4nc3[nH]2)c(OCC(O)CNC(C)C)c1
CHEMBL3103655,0,0,O=C1NC(=S)N/C1=C/c1ccc(-c2ccc3c(c2)CNC3=O)cn1
CHEMBL3781277,0,0,NC[C@H]1CC[C@H](C(=O)NC(Cc2ccccc2)c2cc(-c3ccc(N)nc3)ccn2)CC1
CHEMBL3917787,0,1,CN[C@@H](C)C(=O)N[C@@H]1C(=O)N(Cc2c(C3CC3)cnc3ccccc23)c2ccccc2N(C(C)=O)[C@H]1C
CHEMBL3942400,0,0,CC(C)c1nnc(-c2cc(-c3ccc4[nH]ccc4c3)cnc2N)o1
CHEMBL4204506,0,0,CN1CCN(C(=O)c2ccc(-c3cn4c(-c5ccc(C(N)=O)cc5)cnc4cn3)cc2)CC1
CHEMBL3962377,0,0,COc1cc(C(=O)NC(c2ccccc2F)C(C)(C)O)ccc1-c1cn[nH]c1
CHEMBL1215305,0,0,COc1ccc2c(c1)C[C@H](C(=O)Nc1ccc(-c3cn[nH]c3)cc1OCCN1CCCC1)NC2
CHEMBL478823,0,0,CC(C)(CN)c1nc(-c2ccc3c(c2)CC/C3=N\O)c(-c2ccncc2)[nH]1
CHEMBL1684206,0,0,CN(C)CCNC(=O)c1ccc2c(c1)CC(c1nc3ccc(-c4cn[nH]c4)cc3c(=O)[nH]1)CO2
CHEMBL3668452,0,0,COc1ccc(F)cc1-c1ccnc2[nH]c(C3CCN(C(=O)CN4CCOCC4)CC3)cc12
CHEMBL3359891,0,0,CN1CCN(c2ccc(-c3cncc(-c4ccc5c(=O)[nH][nH]c5c4)n3)cc2)CC1
CHEMBL1683311,0,0,COCCNCc1ccc(-c2cc(-c3cccc(C(=O)NC(C)C)c3)n[nH]2)cc1
CHEMBL1922143,0,0,COc1cccc(CNC(=O)c2[nH]c3nc(-c4cn[nH]c4)ccc3c2CN2CCOCC2)c1
CHEMBL3943121,0,0,COc1cc(C(=O)NC(CN2CCCC2)c2ccccc2)ccc1-c1cn[nH]c1
CHEMBL249690,0,0,CC(=O)NC[C@H]1CN(c2ccc3c(c2)CCCc2c(Nc4ccccc4)n[nH]c2-3)C(=O)O1
CHEMBL3634782,0,0,Cc1cncc(-c2cc3c(-c4cccc(N5CCNCC5)n4)n[nH]c3cn2)c1
CHEMBL3954344,0,0,Fc1cncc(-c2cc3c(-c4cccc(N5CCNCC5)n4)n[nH]c3cn2)c1
CHEMBL3967523,0,0,c1cncc(-c2cc3c(-c4cccc(N5CCCNCC5)n4)n[nH]c3cn2)c1
CHEMBL3915245,0,0,FC(F)(F)c1cncc(-c2cc3c(-c4cccc(N5CCNCC5)n4)n[nH]c3cn2)c1
CHEMBL3914022,0,0,CCc1cncc(-c2cc3c(-c4cccc(N5CCNCC5)n4)n[nH]c3cn2)c1
CHEMBL3957313,0,0,Fc1ccc(-c2cc3c(-c4cccc(N5CCNCC5)n4)n[nH]c3cn2)cn1
CHEMBL3938860,0,0,Cc1ccc(-c2cc3c(-c4cccc(N5CCNCC5)n4)n[nH]c3cn2)cn1
CHEMBL3634781,0,0,c1cncc(-c2cc3c(-c4cccc(N5CCNCC5)n4)n[nH]c3cn2)c1
CHEMBL3943032,0,0,c1cc(-c2n[nH]c3cnc(-c4cncs4)cc23)nc(N2CCNCC2)c1
CHEMBL272147,0,7,CCCNCC1Cn2c(cc3ccc(C(=O)Nc4nccs4)cc32)C(=O)N1
CHEMBL2436983,0,0,Nc1ncc(-c2cnc3[nH]cc(-c4ccc5[nH]ccc5c4)c3c2)cn1
CHEMBL477987,0,0,O/N=C1\CCc2cc(-c3nc(CN4CCOCC4)[nH]c3-c3ccncc3)ccc21
CHEMBL3472974,0,0,Nc1ccc(-c2cc(O)cc(CCC3CCCCN3)c2)cn1
CHEMBL1892790,0,0,CC(C)c1ccc(NC(=O)C2Cc3c(-c4cccc(C(N)=O)c4)ccnc3O2)cc1
CHEMBL3920195,0,0,N[C@H]1CCC[C@@H](Oc2cccc(-c3n[nH]c4cnc(-c5cccnc5)cc34)n2)C1
CHEMBL3735006,0,0,CCNC(=O)Nc1cn(C2CCN(C)CC2)c2cc(-c3cccnc3)cnc12
CHEMBL2152265,0,0,Nc1cccc(-c2cnc3[nH]cc(-c4cccnc4)c3c2)c1
CHEMBL2152264,0,0,Nc1cccc(-c2cnc3[nH]cc(-c4ccncc4)c3c2)c1
CHEMBL2152274,0,0,Nc1ccc(-c2cnc3[nH]cc(-c4ccncc4)c3c2)cc1
CHEMBL1165837,0,0,Cc1nc(C(=O)NCCN)cc2c3ccccc3n(Cc3ccccc3)c12
CHEMBL1200117,0,0,NCCNC(=O)c1cc2c3ccccc3n(Cc3ccccc3)c2cn1
CHEMBL605938,0,0,O=S(=O)(Nc1ccc2c(c1)C(C1CCNC1)=CC2)c1c(Cl)nc2sccn12
CHEMBL161192,0,0,c1ccc(CNC[C@@H]2CCN(CCc3c[nH]c4ccc(Cn5cncn5)cc34)C2)cc1
CHEMBL398318,0,0,CC(=O)NC[C@H]1CN(c2ccc3c(c2)CCCc2c(NCc4ccccc4)n[nH]c2-3)C(=O)O1
CHEMBL2408787,0,0,CO[C@H]1CC[C@]2(CC1)Cc1ccc(-c3cncnc3)cc1C21C=C(F)C(N)=N1
CHEMBL2296626,0,1,Cc1nnc(-c2ccccc2-c2ccc(CN3CCN(CCOCCO)CC3)cc2)o1
CHEMBL3634536,0,0,COc1ccccc1C(=O)N1CCN(C(=O)c2ccc(-c3cccc4[nH]nc(N)c34)cc2)CC1
CHEMBL3690985,0,0,CC(C)(C)C(O)c1cccc(-c2cc(NC(=O)[C@@H]3CNC(=O)C3)nn2-c2ccccc2)c1
CHEMBL576761,0,0,N[C@H](COc1cncc(-c2ccc(CO)cc2)c1)Cc1c[nH]c2ccccc12
CHEMBL19795,0,0,COc1ccc2[nH]c3c(C)c4ccnc(NCCN)c4cc3c2c1
CHEMBL3949208,0,0,O=C(Nc1cn[nH]c1-c1ccccc1)c1ccc2cc3n(c2c1)CCCNC3=O
CHEMBL3952963,0,0,NC(=O)N1CCCc2cc(-c3cncc(-c4ccc(C(=O)N5CCOCC5)cc4)c3)cnc21
CHEMBL2152269,0,0,Nc1cncc(-c2cnc3[nH]cc(-c4ccncc4)c3c2)c1
CHEMBL1215169,0,0,CN(C)CCOc1cc(-c2cn[nH]c2)ccc1NC(=O)[C@H]1Cc2cc(Cl)ccc2CN1
CHEMBL1215093,0,0,CN(C)CCOc1cc(-c2cn[nH]c2)ccc1NC(=O)[C@@H]1Cc2ccccc2CN1
CHEMBL1215524,0,0,CN(C)CCOc1cc(-c2cn[nH]c2)c(F)cc1NC(=O)[C@H]1Cc2ccccc2CN1
CHEMBL1215168,0,0,CN(C)CCOc1cc(-c2cn[nH]c2)ccc1NC(=O)[C@@H]1Cc2cc(F)ccc2CN1
CHEMBL1215170,0,0,CN(C)CCOc1cc(-c2cn[nH]c2)ccc1NC(=O)[C@@H]1Cc2cc(Cl)ccc2CN1
CHEMBL1215092,0,0,CN(C)CCOc1cc(-c2cn[nH]c2)ccc1NC(=O)[C@H]1Cc2ccccc2CN1
CHEMBL1215094,0,0,CN(C)CCOc1cc(-c2cn[nH]c2)ccc1NC(=O)[C@H]1Cc2cc(F)ccc2CN1
CHEMBL371556,0,0,Cc1nc2cc3c4c(cccc4c2s1)C(=O)N(CCN1CCNCC1)C3=O
CHEMBL3932688,0,0,NC(=O)c1cn2c(-c3ccccc3)c(-c3ccc(C4(N)CCC4)cc3)nc2cn1
CHEMBL1089845,0,8,NC/C=C/CN(Cc1nc2ccccc2[nH]1)C1CCCc2cccnc21
CHEMBL1093149,0,4,NCCCCN(Cc1nc2ccccc2[nH]1)[C@@H]1CCCc2cccnc21
CHEMBL1089846,0,1,NCC#CCN(Cc1nc2ccccc2[nH]1)C1CCCc2cccnc21
CHEMBL4203190,0,2,NCCCCN(Cc1nc2ccccc2[nH]1)[C@H]1CCCc2cccnc21
CHEMBL1088913,0,0,NCCCCN(Cc1nc2ccccc2[nH]1)C1CCCc2cccnc21
CHEMBL1089844,0,7,NC/C=C\CN(Cc1nc2ccccc2[nH]1)C1CCCc2cccnc21
CHEMBL3654564,0,0,COC(=O)[C@@H]1CC[C@@H](NC(=O)c2ccc3[nH]nc(-c4ccncc4)c3c2)CN1Cc1ccccc1
CHEMBL3654582,0,0,COC(=O)[C@H]1CC[C@@H](NC(=O)c2ccc3[nH]nc(-c4ccncc4)c3c2)CN1Cc1ccccc1
CHEMBL431491,0,0,Cc1c2ccnc(NCCN(C)C)c2cc2c1[nH]c1ccc(O)cc12
CHEMBL3321976,0,0,CN1CCN(C(=O)c2ccc3nc(Nc4ccc(Br)cn4)[nH]c3c2)CC1
CHEMBL4292341,0,0,N#CN[C@H]1CCc2ccc(-c3ncnc4[nH]cc(-c5cccc(CO)c5)c34)cc21
CHEMBL3911835,0,0,CN1C(=N)N[C@](C)(c2sc(-c3nnc(C4Cc5ccccc5C4)o3)cc2Cl)CS1(=O)=O
CHEMBL3673492,0,0,COc1ccc(F)cc1-c1c(C#N)cnc2[nH]c(C3=CC4CN(CC(=O)N5CCC[C@H]5CO)CC4C3)cc12
CHEMBL4213805,0,0,Cc1n[nH]cc1-c1cc2c(s1)C(=O)N[C@]1(CC[C@](O)(c3ccc(F)cc3)CC1)N2
CHEMBL4204333,0,0,Cc1n[nH]cc1-c1cc2c(s1)C(=O)N[C@]1(CC[C@@](O)(c3ccc(F)cc3)CC1)N2
CHEMBL1963159,0,0,Cn1c(=O)[nH]c2ncc(-c3cccc(C(=O)NCCCc4cccc(CN)c4)c3)cc21
CHEMBL1963531,0,0,Cn1c(=O)[nH]c2ncc(-c3cccc(C(=O)NCCCc4ccc(CN)cc4)c3)cc21
CHEMBL584924,0,0,CC(=O)N1CCN(CCOc2ccc(NC(=O)Nc3ccc(Cl)cc3)cc2-c2ccnn2C)CC1
CHEMBL2152290,0,0,COc1ccc(N)cc1-c1cnc2[nH]cc(-c3ccncc3)c2c1
CHEMBL1922043,0,0,COc1cccc(CN(C(=O)c2cc3ccc(-c4cn[nH]c4)nc3[nH]2)C2CC2)c1
CHEMBL1682558,0,0,Fc1ccc(-c2ncn(CCN3CCOCC3)c2-c2ccc3[nH]ncc3c2)cc1
CHEMBL2098346,0,0,COc1ccc(CCNc2nccc(-c3cccc(OC4CCNCC4)c3)n2)cc1
CHEMBL3972558,0,0,O=C(Nc1cc(Cc2ccccc2)on1)c1ccc2cc3n(c2c1)CCCNC3=O
CHEMBL2296618,0,0,CN1CCN(Cc2ccc(-c3ccccc3-c3nnn[nH]3)cc2)CC1
CHEMBL603694,0,0,Nc1nn(-c2cccc(-c3cccc(O)c3)c2)cc1-c1ccc2c(c1)CCNC2=O
CHEMBL3927462,0,0,CN1Cc2c(C3=CCN[C@@H](CO)C3)[nH]c3nccc(c23)-c2cc(F)ccc21
CHEMBL3955479,0,0,CN1Cc2c(C3=C[C@H](CO)NCC3)[nH]c3nccc(c23)-c2cc(F)ccc21
CHEMBL3928730,0,0,CN1Cc2c(C3=C[C@@H](CO)NCC3)[nH]c3nccc(c23)-c2cc(F)ccc21
CHEMBL3982368,0,0,CN1Cc2c(C3=C[C@H](CO)NCC3)[nH]c3nccc(c23)-c2cc(F)c(F)cc21
CHEMBL4085962,0,0,Cc1n[nH]c2nccc(-c3ccc(NC(=O)Nc4ccccn4)cc3)c12
CHEMBL2263611,0,0,COc1ccc2c(-c3ccccc3)cc(CCN3CCNCC3)nc2n1
CHEMBL3668528,0,0,COc1ccc(F)cc1-c1ccnc2[nH]c(C3=C[C@H]4CN(S(C)(=O)=O)C[C@H]4C3)cc12
CHEMBL3668547,0,0,COc1ccc(F)cc1-c1c(F)cnc2[nH]c(C3=CC4CN(S(C)(=O)=O)CC4C3)cc12
CHEMBL4303437,0,0,Cc1noc(C)c1-c1ccc(-c2cc(C(N)=O)c(NC(N)=O)s2)c(O[C@H]2CCNC2)c1
CHEMBL3949896,0,0,Cc1nc2cccc(-c3cc4c([nH]3)C3(CCOCC3)NC4=O)c2nc1NC(C)(C)C
CHEMBL3955565,0,0,NCC1CCN(c2cncc(-c3n[nH]c4cnc(-c5cccnc5)cc34)c2)CC1
CHEMBL4112208,0,0,NC[C@H]1CCN(c2cncc(-c3n[nH]c4cnc(-c5cccnc5)cc34)c2)C1
CHEMBL3646045,0,3,CCCS(=O)(=O)NCc1ccc2c(c1)C(C1(c3ccccn3)CCC1)NCC2
CHEMBL3909184,0,0,CC(=O)N1CCc2[nH]c(-c3cccc4nc(C)c(NC(C)(C)C)nc34)cc2C1=O
CHEMBL3953282,0,0,CC1(C)NC(=O)N(Cc2ccc3c(-c4ccc(F)cc4)cc(C(N)=O)nc3c2)C1=O
CHEMBL521695,0,0,CN(Cc1cccnc1)Cc1ccc2c(c1)[nH]/c(=N\C(=O)c1ccc(-c3cn[nH]c3)s1)n2CC(C)(C)O
CHEMBL3690428,0,0,CN1CCC(O)(C#Cc2ccn3c(-c4cccc(NC(=O)NCC(F)(F)F)c4)cnc3c2)CC1
CHEMBL1082016,0,0,Cn1c(=O)[nH]c2ccc(-c3cnc(NC[C@@H](N)Cc4ccc(C(F)(F)F)cc4)s3)cc21
CHEMBL3394066,0,0,Nc1nnc(-c2ccc3[nH]cc(-c4cccc(N5CCCC5)n4)c3c2)s1
CHEMBL3958048,0,0,N#C[C@@H]1CCCN1Cc1ccc2c(-c3ccc(F)cc3)cc(C(N)=O)nc2c1
CHEMBL4111316,0,0,N#Cc1ccc(-c2cc(-c3ccc([C@H]4CNCCO4)cc3)n[nH]2)cc1
CHEMBL3946943,0,0,N#Cc1ccc(-c2cc(-c3ccc(C4CNCCO4)cc3)n[nH]2)cc1
CHEMBL4109790,0,0,N#Cc1ccc(-c2cc(-c3ccc([C@H]4CNCCO4)cc3)n[nH]2)c(F)c1
CHEMBL3908972,0,0,N#Cc1ccc(-c2cc(-c3ccc([C@@H]4CNCCO4)cc3)n[nH]2)cc1
CHEMBL3906679,0,0,N#Cc1cccc(-c2cc(-c3ccc(C4CNCCO4)cc3)n[nH]2)c1
CHEMBL581338,0,0,N=C1SC(=Cc2cn[nH]c2-c2ccc(F)cc2)C(=O)N1c1nccs1
CHEMBL25777,0,0,CC1(C)C(=O)Nc2cc3[nH]c(-c4ccnc(O)c4)nc3cc21
CHEMBL3697421,0,0,Cc1cc(C)c(CNC(=O)c2cc(-c3cnn(C)c3)cc(N(C)C3CCNCC3)c2C)c(=O)[nH]1
CHEMBL3979545,0,2,Cc1nc2cccc(-c3cc4c([nH]3)CCNC4=O)c2nc1NC1CCOC1
CHEMBL3892409,0,2,Cc1nc2cccc(-c3cc4c([nH]3)CCNC4=O)c2nc1NC1(C)CCOCC1
CHEMBL3898719,0,0,Cc1nc2cccc(-c3cc4c([nH]3)CCNC4=O)c2nc1NC1CCOCC1
CHEMBL3897814,0,8,Cc1nc2cccc(-c3cc4c([nH]3)CCNC4=O)c2nc1NC1(C)COC1
CHEMBL3955880,0,0,Cc1nc2cccc(-c3cc4c([nH]3)C(CCO)NC4=O)c2nc1NC(C)(C)C
CHEMBL1215526,0,0,CCN1Cc2ccccc2C[C@@H]1C(=O)Nc1cc(F)c(-c2cn[nH]c2)cc1OCCN(C)C
CHEMBL1215525,0,0,CN(C)CCOc1cc(-c2cn[nH]c2)c(F)cc1NC(=O)[C@H]1Cc2ccccc2CN1C
CHEMBL3596906,0,0,COc1ccccc1C(=O)c1c[nH]c2ncc(-c3cnn(C4CCNCC4)c3)cc12
CHEMBL3950139,0,0,c1cncc(-c2cc3c(-c4cnn(CC5CCNCC5)c4)n[nH]c3cn2)c1
CHEMBL2322675,0,0,N#Cc1cc(-c2c[nH]c3ncccc23)cc(N[C@H]2CC[C@H](O)CC2)n1
CHEMBL226403,0,0,O=C1NCCc2[nH]c(-c3ccnc(-c4cnc5ccccc5c4)c3)cc21
CHEMBL1683442,0,0,CC(=O)Nc1cccc(-c2cc(-c3ccc(N4CCN(C)CC4)cc3)[nH]n2)c1
CHEMBL482511,0,0,c1ccn2c(-c3ccnc(NC4CCNCC4)c3)cnc2c1
CHEMBL3668500,0,0,CNC(=O)N1CC=C(c2cc3c(-c4cc(F)c(F)cc4OC)ccnc3[nH]2)CC1
CHEMBL3668485,0,0,CNC(=O)N1CC=C(c2cc3c(-c4cc(F)ccc4OC)ccnc3[nH]2)CC1
CHEMBL3484222,0,0,CN1CCN(Cc2ccc(-c3ccc(-c4ccn[nH]4)cc3)nc2)CC1
CHEMBL204355,0,0,CC(=O)NCc1ccc(-c2cncc(OC[C@@H](N)Cc3c[nH]c4ccccc34)c2)cc1
CHEMBL609741,0,0,Cc1noc(C)c1S(=O)(=O)Nc1ccc2[nH]cc(C[C@H]3CCCN3C)c2c1
CHEMBL3902836,0,0,CCCC(Nc1cncc(-c2ccc(CNC(=O)C3CCC(=O)N3)cc2)n1)c1ccccc1
CHEMBL3890265,0,0,Nc1nnc(-c2ccc3[nH]nc(-c4ccc(F)cc4)c3c2)[nH]1
CHEMBL3693109,0,0,O=S(=O)(NCCO)c1ccccc1-c1ccc(-c2cnc3[nH]ccc3c2)c(F)c1
CHEMBL3693106,0,0,C[C@H](CO)NS(=O)(=O)c1ccccc1-c1ccc(-c2cnc3[nH]ccc3c2)c(F)c1
CHEMBL3693105,0,0,C[C@@H](CO)NS(=O)(=O)c1ccccc1-c1ccc(-c2cnc3[nH]ccc3c2)c(F)c1
CHEMBL3953052,0,0,N[C@H]1CCCN(c2cccc(-c3n[nH]c4cnc(-c5cncc(F)c5)cc34)n2)C1
CHEMBL3946733,0,0,N[C@H]1CCCN(c2nc(-c3n[nH]c4cnc(-c5cccnc5)cc34)ccc2Br)C1
CHEMBL4107038,0,0,N[C@@H]1CCCN(c2cccc(-c3n[nH]c4cnc(-c5cncs5)cc34)n2)C1
CHEMBL3905211,0,0,Cc1ccc(-c2n[nH]c3cnc(-c4cccnc4)cc23)nc1N1CC[C@H](N)C1
CHEMBL3934124,0,0,NC1CCN(c2nc(-c3n[nH]c4cnc(-c5cccnc5)cc34)ccc2Cl)CC1
CHEMBL3951717,0,0,N[C@H]1CCCN(c2cccc(-c3n[nH]c4cnc(-c5cncs5)cc34)n2)C1
CHEMBL4113881,0,0,N[C@@H]1CCCN(c2nc(-c3n[nH]c4cnc(-c5cccnc5)cc34)ccc2Br)C1
CHEMBL3903449,0,0,Cc1ccc(-c2n[nH]c3cnc(-c4cccnc4)cc23)nc1N1CCC[C@H](N)CC1
CHEMBL3971047,0,0,C[C@]1(N)CCCN(c2cccc(-c3n[nH]c4cnc(-c5cccnc5)cc34)n2)C1
CHEMBL3980904,0,0,NC1CN(c2cccc(-c3n[nH]c4cnc(-c5cccnc5)cc34)n2)CCC1F
CHEMBL3956349,0,0,N[C@H]1CCCN(c2cccc(-c3n[nH]c4cnc(-c5cccnc5)cc34)n2)C1
CHEMBL3943091,0,0,Cc1ccc(-c2n[nH]c3cnc(-c4cccnc4)cc23)nc1N1CCC(N)CC1
CHEMBL3893927,0,0,N[C@H]1CCCN(c2nc(-c3n[nH]c4cnc(-c5cccnc5)cc34)ccc2Cl)C1
CHEMBL4113655,0,0,N[C@@H]1CCCN(c2cccc(-c3n[nH]c4cnc(-c5cccnc5)cc34)n2)CC1
CHEMBL4110042,0,0,N[C@@H]1CCN(c2cccc(-c3n[nH]c4cnc(-c5cccnc5)cc34)n2)C1
CHEMBL4115669,0,0,C[C@@]1(N)CCCN(c2cccc(-c3n[nH]c4cnc(-c5cccnc5)cc34)n2)C1
CHEMBL3891654,0,0,NC1CCCN(c2cccc(-c3n[nH]c4cnc(-c5cccnc5)cc34)n2)CC1
CHEMBL3948473,0,0,NC1CCN(c2cccc(-c3n[nH]c4cnc(-c5cccnc5)cc34)n2)CC1
CHEMBL4106453,0,0,Cc1ccc(-c2n[nH]c3cnc(-c4cccnc4)cc23)nc1N1CCC[C@@H](N)C1
CHEMBL4108413,0,0,N[C@@H]1CCCN(c2cccc(-c3n[nH]c4cnc(-c5cccnc5)cc34)n2)C1
CHEMBL4109361,0,0,N[C@H]1C[C@@H](F)CN(c2cccc(-c3n[nH]c4cnc(-c5cccnc5)cc34)n2)C1
CHEMBL4114322,0,0,N[C@@H]1CCN(c2nc(-c3n[nH]c4cnc(-c5cccnc5)cc34)ccc2Br)C1
CHEMBL3922596,0,0,C=Cc1ccc(-c2n[nH]c3cnc(-c4cccnc4)cc23)nc1N1CCC[C@H](N)C1
CHEMBL4111896,0,0,N[C@@H]1CCCN(c2nc(-c3n[nH]c4cnc(-c5cccnc5)cc34)ccc2Cl)C1
CHEMBL3972110,0,0,C#Cc1ccc(-c2n[nH]c3cnc(-c4cccnc4)cc23)nc1N1CCC[C@H](N)C1
CHEMBL4111497,0,0,N[C@@H]1CCCN(c2cccc(-c3n[nH]c4cnc(-c5cncc(F)c5)cc34)n2)C1
CHEMBL3913942,0,0,N[C@H]1CCCN(c2cccc(-c3n[nH]c4cnc(-c5cccnc5)cc34)n2)CC1
CHEMBL4078203,0,0,Cc1ccc(-c2n[nH]c3cnc(-c4cccnc4)cc23)nc1N1CC[C@@H](N)C1
CHEMBL3900009,0,0,Cc1ccc(-c2n[nH]c3cnc(-c4cccnc4)cc23)nc1N1CCC[C@H](N)C1
CHEMBL3890794,0,0,CCc1ccc(-c2n[nH]c3cnc(-c4cccnc4)cc23)nc1N1CCC[C@H](N)C1
CHEMBL4115125,0,0,Cc1ccc(-c2n[nH]c3cnc(-c4cccnc4)cc23)nc1N1CCC[C@@H](N)CC1
CHEMBL3902873,0,0,N[C@H]1CCN(c2cccc(-c3n[nH]c4cnc(-c5cccnc5)cc34)n2)C1
CHEMBL4751394,0,0,NC(=O)c1ccc2nc(-c3ccc(C4(N)CCC4)cc3)c(-c3ccccc3)n2n1
CHEMBL3952671,0,0,NC1CCN(C(=O)c2cccc(-c3n[nH]c4cnc(-c5cccnc5)cc34)n2)CC1
CHEMBL575385,0,0,N[C@H](COc1cncc(-c2cnc3c(c2)CC(=O)N3)c1)Cc1c[nH]c2ccccc12
CHEMBL251743,0,0,O=C(NC[C@H]1CN(c2ccc3c(c2)CCCc2c(-c4ccno4)n[nH]c2-3)C(=O)O1)C1CC1
CHEMBL3932375,0,0,Fc1ccc(-c2cc(-c3ccc([C@@H]4CNCCO4)cc3)n[nH]2)cc1
CHEMBL3974552,0,0,Fc1ccc(-c2cc(-c3ccc(C4CNCCO4)cc3)n[nH]2)cc1
CHEMBL4107157,0,0,Fc1ccc(-c2cc(-c3ccc([C@H]4CNCCO4)cc3F)n[nH]2)cc1
CHEMBL4113214,0,0,Fc1ccc(-c2cc(-c3ccc([C@H]4CNCCO4)cc3)n[nH]2)c(F)c1
CHEMBL3924570,0,0,Fc1ccc(-c2cc(-c3ccc([C@@H]4CNCCO4)cc3)n[nH]2)c(F)c1
CHEMBL4111478,0,0,Fc1ccc(-c2cc(-c3ccc([C@H]4CNCCO4)cc3)n[nH]2)cc1
CHEMBL3901642,0,0,Fc1ccc(-c2cc(-c3ccc([C@@H]4CNCCO4)cc3F)n[nH]2)cc1
CHEMBL361274,0,2,N[C@@H](Cc1ccc(O)cc1)C(=O)N1Cc2ccccc2C[C@H]1c1nc(-c2ccccc2)c[nH]1
CHEMBL4108740,0,0,CC(=O)n1cc(CN2CCC[C@@H](NC(=O)N3CCc4[nH]nc(-c5ccncc5)c4C3)C2)c2ccccc21
CHEMBL211708,0,0,c1ccc2c(-c3nc4c(N5CCOCC5)cccc4[nH]3)[nH]nc2c1
CHEMBL4214372,0,0,O=C(Nc1n[nH]c2ncc(-c3ccc(CO)cc3)cc12)C1CCCCC1
CHEMBL3451970,0,0,Cc1n[nH]c(-c2ccc(NC(=O)C(C)(C)N3CCN(C)CC3)cc2)n1
CHEMBL3692283,0,0,CC(C)[C@H](CO)NCc1nc(-c2cnc3ccccc3c2)ccc1F
CHEMBL519620,0,3,NC(=O)c1cccc(Cc2nc(-c3ccc(F)cc3)c(-c3ccnc(NC4CC4)n3)[nH]2)c1
CHEMBL359158,0,0,CN(C)c1ccc(-c2[nH]nc3c2C(=O)c2c(NC(=O)CN4CCC(O)CC4)cccc2-3)cc1
CHEMBL3981216,0,0,Cc1nc2cccc(-c3cc4c([nH]3)CCNC4=O)c2nc1NC(C)(C)C(N)=O
CHEMBL1801282,0,0,COc1ccc(-c2cc3c(cn2)CCc2c-3[nH]c3c2C(=O)NCC32CC2)cc1
CHEMBL3942495,0,0,CNc1nnc(-c2ccc3[nH]cc(-c4cccc(N5CCCC5=O)n4)c3c2)s1
CHEMBL3896735,0,0,Nc1nnc(-c2ccc3[nH]cc(-c4cccc(N5CCCC5=O)n4)c3c2)s1
CHEMBL4070822,0,0,CNCc1nc2cc(-c3c[nH]nc3C)sc2c(=O)[nH]1
CHEMBL2152275,0,0,COc1ccc(-c2cnc3[nH]cc(-c4ccncc4)c3c2)cc1N
CHEMBL1910725,0,0,NCCCCNC(=O)c1cc2c([nH]c3ccccc32)c(C(=O)c2c[nH]c3ccccc23)n1
CHEMBL1650202,0,0,CC(C)(C)c1ccc(-c2sc(N)nc2-c2ccc(P(=O)(O)O)o2)cc1
CHEMBL3923178,0,0,N#Cc1c[nH]c2nccc(-c3ccn(CN4CCOCC4)c3)c12
CHEMBL2333880,0,0,Fc1ccc([C@@H]2CNC[C@H]2c2nc(N3CCC3)c3cc(-c4cn[nH]c4)ccc3n2)cc1
CHEMBL1682559,0,0,Fc1ccc(-c2ncn(CCCN3CCOCC3)c2-c2ccc3[nH]ncc3c2)cc1
CHEMBL3288522,0,0,CCNC(=O)c1cccc2cc(-c3cccc4[nH]nc(N)c34)ccc12
CHEMBL579413,0,0,NCCNS(=O)(=O)c1ccc(-c2ccnc3[nH]c(-c4ccncc4)cc23)cc1
CHEMBL2130932,0,0,O=C(NCC1Cc2cccc(-c3cccnc3)c2O1)c1ccc2cc[nH]c2c1
CHEMBL3654833,0,0,Cc1cc(-c2n[nH]c3cc(NC(=O)N[C@@H]4CN(C)C[C@H]4C)ncc23)ccn1
CHEMBL3663047,0,0,Cc1cc(-c2n[nH]c3cc(NC(=O)N[C@@H]4CCN(C)C4)ncc23)ccn1
CHEMBL3658694,0,0,Cc1cc(-c2n[nH]c3cc(NC(=O)N[C@@H]4CCN(CC(F)(F)F)C4)ncc23)ccn1
CHEMBL3654832,0,0,Cc1cc(-c2n[nH]c3cc(NC(=O)N[C@H]4CN(C)C[C@@H]4C)ncc23)ccn1
CHEMBL3658695,0,0,Cc1cc(-c2n[nH]c3cc(NC(=O)N[C@H]4CCN(CC(F)(F)F)C4)ncc23)ccn1
CHEMBL3658696,0,0,Cc1cc(-c2n[nH]c3cc(NC(=O)N[C@H]4CN(C)C[C@@H]4F)ncc23)ccn1
CHEMBL559591,0,0,NC(=O)c1ccc(-c2cnc(N)nc2-c2c[nH]c3ccccc23)cc1
CHEMBL488231,0,0,NC(=O)Nc1sc(-c2ccncc2)cc1C(=O)N[C@H]1CCCNC1
CHEMBL1164354,0,0,O=C(NCc1cnccn1)c1ccc2cc(-c3cc(-c4ccccc4)[nH]n3)[nH]c2c1
CHEMBL1165503,0,0,Cn1cncc1CNC(=O)c1ccc2cc(-c3cc(-c4ccccc4)[nH]n3)[nH]c2c1
CHEMBL3949136,0,0,COc1cc(C(=O)NCc2cccc(C(=O)NC3CCN(C)CC3)c2)ccc1-c1cn[nH]c1
CHEMBL1683310,0,0,CCCNC(=O)c1cccc(-c2cc(-c3ccc(N4CCN(C)CC4)cc3)[nH]n2)c1
CHEMBL1683429,0,0,CN1CCN(c2ccc(-c3cc(-c4cccc(C(=O)NCC(F)(F)F)c4)n[nH]3)cc2)CC1
CHEMBL3355686,0,1,NC[C@H]1CC[C@H](C(=O)N[C@@H](Cc2ccccc2)c2nc(-c3ccccc3)n[nH]2)CC1
CHEMBL3347656,0,0,Nc1ccccc1-c1ccc2c(c1)sc1c(N)ncnc12
CHEMBL1270822,0,0,Nc1nccc(-c2cc(C(=O)NCc3ccccc3)c(-c3ccccc3)[nH]2)n1
CHEMBL3731881,0,0,Cc1[nH]c(/C=C2\C(=O)Nc3ccc(-c4cnn(-c5ccccn5)c4)cc32)c(C)c1C(=O)N1CCOCC1
CHEMBL4078084,0,0,Cc1n[nH]c2nccc(-c3ccc(NC(=O)NCc4ccco4)cc3)c12
CHEMBL4092765,0,0,Cc1n[nH]c2nccc(-c3ccc(NC(=O)NCc4ccccn4)cc3)c12
CHEMBL1933174,0,0,CN1CCC2(CC1)CNC(=O)c1cc(-c3ccnc(NC(=O)c4cccc(OC(F)(F)F)c4)c3)[nH]c12
CHEMBL3472907,0,0,FC(F)(F)c1ccc(-c2cc(NC3CCNCC3)nc3[nH]ccc23)nc1
CHEMBL2152280,0,0,COc1cc(N)cc(-c2cnc3[nH]cc(-c4ccncc4)c3c2)c1
CHEMBL4071952,0,0,NC(=O)c1cnc(N[C@H]2CCCNC2)c2cc(-c3cnn(Cc4ccccc4)c3)sc12
CHEMBL1164302,0,0,Cn1nccc1CNC(=O)c1ccc2cc(-c3cc(-c4ccccc4)[nH]n3)[nH]c2c1
CHEMBL3927822,0,0,CCn1c(=O)c2cn[nH]c2c2ccc(-c3ccc(CN)cc3)cc21
CHEMBL3658851,0,0,Cc1cc(-c2n[nH]c3cc(NC(=O)NC4CNCc5ccccc54)ccc23)ccn1
CHEMBL1084865,0,0,Cn1ncc(Cl)c1-c1cc(NC(=O)c2cccc(C(F)(F)F)c2)ccc1OCCN1CCNC(=O)C1
CHEMBL1084618,0,0,Cn1nccc1-c1cc(NC(=O)c2cccc(C(F)(F)F)c2)ccc1OCCN1CCNC(=O)C1
CHEMBL2334285,0,0,N[C@@H](Cc1ccccc1)c1nc2ccc(-c3ccncc3)cc2c(=O)[nH]1
CHEMBL1407825,0,0,COc1ccc2cc(-c3[nH]ncc3CNCC3CCCO3)ccc2c1
CHEMBL122344,0,0,Cc1c2ccncc2c(C)c2c1[nH]c1ccc(CN(CCO)CCO)cc12
CHEMBL3927029,0,0,CO[C@H]1CCN(Cc2ccc3c(-c4ccc(F)cc4)cc(C(N)=O)nc3c2)C1
CHEMBL3701786,0,0,Cc1nnc(-c2cc(F)c(C)c(-c3ccc4c(c3)NC(=O)C43CCOCC3)c2)[nH]1
CHEMBL1911194,0,0,Cc1nnc(-c2ccc(C)c(-c3ccc4c(c3)NC(=O)C43CCOCC3)c2)[nH]1
CHEMBL219731,0,0,CC(=O)N1CCN(Cc2ccc3[nH]c(-c4n[nH]c5cc(-c6nnn[nH]6)ccc45)cc3c2)CC1
CHEMBL136241,0,2,Cc1n[nH]c(CN2C(=O)C(NC(=O)c3cc4cc(Cl)ccc4[nH]3)Cc3ccccc32)n1
CHEMBL3719081,0,0,NC(=O)c1ccc2[nH]c3ncnc(-c4cccc(N)c4)c3c2c1
CHEMBL203967,0,0,O=C(c1cc(Cc2nnc(O)c3ccccc23)ccc1F)N1CCCN(CC2CC2)CC1
CHEMBL204533,0,0,O=C(c1cccc(Cc2nnc(O)c3ccccc23)c1)N1CCCN(CC2CC2)CC1
CHEMBL582046,0,0,Oc1ccc(-c2ccnc3cc(Cl)ccc23)cc1CNCCN1CCOCC1
CHEMBL3965594,0,0,COc1cc(-c2cn[nH]c2)ccc1C(=O)NC(c1ccccc1F)C(C)(C)O
CHEMBL1682871,0,8,CC(C)(c1ccccn1)N(CCCCN)Cc1nc2ccccc2[nH]1
CHEMBL4127511,0,0,C[C@@H]1CN(S(=O)(=O)c2cccc(-c3ccc4nccc(-c5ccncc5)c4n3)c2)C[C@H](C)N1
CHEMBL3663033,0,0,Cc1cc(-c2n[nH]c3cc(NC(=O)NC4CCNC4)ncc23)ccn1
CHEMBL3658693,0,0,Cc1cc(-c2n[nH]c3cc(NC(=O)N[C@@H]4CNC[C@H]4F)ncc23)ccn1
CHEMBL3654690,0,0,Cc1cc(-c2n[nH]c3cc(NC(=O)NC4CNC4)ncc23)ccn1
CHEMBL3703704,0,0,Cc1cc(-c2n[nH]c3cc(NC(=O)NC4CCCNC4)ncc23)ccn1
CHEMBL579591,0,0,CN1CCC(NCc2cccc(-c3cnc(NCc4ccccc4)nc3)c2)CC1
CHEMBL530875,0,0,CN1CCC(NCc2ccc(-c3cnc(NCc4ccccc4)nc3)cc2)CC1
CHEMBL319628,0,1,O=C1N[C@H](Cc2c[nH]cn2)C(=O)N1CC(CCN1CCC(c2ccccc2)CC1)c1ccccc1
CHEMBL1801289,0,0,CN1CC2(CNC(=O)c3c2[nH]c2c3CCc3cnc(-c4ccc(F)nc4)cc3-2)C1
CHEMBL329969,0,0,CC(C)c1c(-c2ccncc2)[nH]c2ccc(C3=NNC(=O)CC3)cc12
CHEMBL2263607,0,0,Clc1ccc2c(-c3ccccc3)cc(CCN3CCNCC3)nc2n1
CHEMBL1770748,0,0,c1cc2c(cc1-c1cnc3c(c1)CCN3)CCNC2
CHEMBL3977692,0,2,Cc1nc2cccc(-c3cc4c([nH]3)CCNC4=O)c2nc1N[C@H]1C[C@@H](O)C1
CHEMBL3976306,0,1,Cc1nc2cccc(-c3cc4c([nH]3)CCNC4=O)c2nc1NC1CCCC(O)C1
CHEMBL3974822,0,0,Cc1nc2cccc(-c3cc4c([nH]3)CCNC4=O)c2nc1N[C@H]1C[C@H](O)C1
CHEMBL3949174,0,2,Cc1nc2cccc(-c3cc4c([nH]3)CCNC4=O)c2nc1N[C@H]1CC[C@H](O)CC1
CHEMBL3905697,0,0,Cc1nc2cccc(-c3cc4c([nH]3)CCNC4=O)c2nc1NC1CC(O)C1
CHEMBL4285164,0,0,O=C(NO)c1ccc(CNc2cc3c(cn2)[nH]c2ccccc23)cc1
CHEMBL4277204,0,0,Cc1nc(NCc2ccc(C(=O)NO)cc2)cc2c1[nH]c1ccccc12
CHEMBL3938174,0,0,COC1CCC2(CC1)Cc1ccc(-c3cncc(F)c3)cc1C21N=C(N)N(C)C1=O
CHEMBL3936760,0,0,COC1CCC2(CC1)Cc1ccc(-c3cncc(F)c3)cc1C21N=C(N)N(CC(F)(F)F)C1=O
CHEMBL3907602,0,0,COC1CCC2(CC1)Cc1ccc(-c3cnc(C)s3)cc1C21N=C(N)N(C)C1=O
CHEMBL3947870,0,0,COC1CCC2(CC1)Cc1ccc(-c3cncc(C(F)(F)F)c3)cc1C21N=C(N)N(C)C1=O
CHEMBL3916393,0,0,COC1CCC2(CC1)Cc1ccc(-c3cncs3)cc1C21N=C(N)N(C)C1=O
CHEMBL3975565,0,0,COC1CCC2(CC1)Cc1ccc(-c3cncc(Cl)c3)cc1C21N=C(N)N(C)C1=O
CHEMBL3968709,0,0,COC1CCC2(CC1)Cc1ccc(-c3cccnc3F)cc1C21N=C(N)N(C)C1=O
CHEMBL3977126,0,0,COC1CCC2(CC1)Cc1ccc(-c3cccnc3)cc1C21N=C(N)N(C)C1=O
CHEMBL3971649,0,0,CC#Cc1cncc(-c2ccc3c(c2)C2(N=C(N)N(C)C2=O)C2(CCC(OC)CC2)C3)c1
CHEMBL482310,0,0,CN(C)C(=O)c1ccc2c(c1)CC(C(=O)Nc1ccc(-c3cn[nH]c3)cc1)CO2
CHEMBL4276860,0,0,N#CN[C@@H]1CCc2ccc(-c3ncnc4[nH]ccc34)cc21
CHEMBL4279720,0,0,C[C@]1(NC#N)CCc2ccc(-c3ncnc4[nH]ccc34)cc21
CHEMBL4278647,0,0,C[C@H]1Cc2ccc(-c3ncnc4[nH]ccc34)cc2[C@@H]1NC#N
CHEMBL4281393,0,0,N#CN[C@H]1CCc2ccc(-c3ncnc4[nH]ccc34)cc21
CHEMBL4292010,0,0,N#CNC1CCc2ccc(-c3ncnc4[nH]ccc34)cc21
CHEMBL4293778,0,0,CC1(NC#N)CCc2ccc(-c3ncnc4[nH]ccc34)cc21
CHEMBL4290377,0,0,C[C@@]1(NC#N)CCc2ccc(-c3ncnc4[nH]ccc34)cc21
CHEMBL4283198,0,0,C[C@@H]1Cc2ccc(-c3ncnc4[nH]ccc34)cc2[C@@H]1NC#N
CHEMBL2435107,0,0,Fc1ccc(-c2nnc(SCCCN3CCN(Cc4ccccc4)CC3)[nH]2)cc1
CHEMBL2296619,0,0,OCCOCCN1CCN(Cc2ccc(-c3ccccc3-c3nnn[nH]3)cc2)CC1
CHEMBL512480,0,0,NCC(C(=O)Nc1ccc(-c2ccnc3[nH]ccc23)s1)c1ccccc1
CHEMBL3894496,0,2,Cc1nc2cccc(-c3cc4c([nH]3)CCNC4=O)c2nc1NCC1(C)COC1
CHEMBL2153747,0,0,CN1CCN(c2cc(C3=C(c4c[nH]c5ccccc45)C(=O)NC3=O)c3ccccc3n2)CC1
CHEMBL4164814,0,0,NS(=O)(=O)c1ccc(-c2cnc3[nH]cc(-c4cccnc4)c3c2)cc1
CHEMBL1801288,0,0,COc1ccc(-c2cc3c(cn2)CCc2c-3[nH]c3c2C(=O)NCC32CN(C)C2)cc1
CHEMBL4282514,0,0,COc1ccc(-c2ncc3c(c2F)-c2[nH]c4c(c2CC3)C(=O)NCC42CN(C)C2)cc1F
CHEMBL3700836,0,0,CC(C)(C)C(=O)Nc1ncccc1-c1ccc(-c2cnc(N)cn2)c(F)c1
CHEMBL3310283,0,0,N#CC1(c2cc(CCN)cc(-c3ccnc4[nH]nc(C(F)(F)F)c34)c2)CC1
CHEMBL3652960,0,0,Clc1cnc(N[C@@H]2CCCNC2)cc1-c1cccc(NCc2ccncc2)n1
CHEMBL3652939,0,0,Clc1cnc(NC2CCNCC2)cc1-c1cccc(NCc2ccncc2)n1
CHEMBL3652966,0,0,Clc1cnc(N[C@H]2CCCNC2)cc1-c1cccc(NCc2ccncc2)n1
CHEMBL256963,0,1,Clc1ccc2ncc(-c3cccc(NC4CNC4)n3)n2c1
CHEMBL437208,0,1,c1cc(NC2CNC2)nc(-c2cnc3ccccn23)c1
CHEMBL256504,0,4,c1cc(N[C@H]2CCCNC2)nc(-c2cnc3ccccn23)c1
CHEMBL256570,0,0,Clc1ccc2ncc(-c3cccc(NC4CCNCC4)n3)n2c1
CHEMBL256961,0,1,Clc1ccc2ncc(-c3cccc(NC4CCCNC4)n3)n2c1
CHEMBL258004,0,0,c1cc(NC2CCNCC2)nc(-c2cnc3ccccn23)c1
CHEMBL3673495,0,0,Fc1cccc(-c2ccnc3[nH]c(C4=CCNCC4)cc23)n1
CHEMBL3668353,0,0,Fc1cccc(-c2c(Cl)cnc3[nH]c(C4CCCNC4)cc23)n1
CHEMBL3673516,0,0,Fc1ccc(Cl)nc1-c1ccnc2[nH]c(C3CCNCC3)cc12
CHEMBL3668531,0,0,CNC(=O)N1CC=C(c2[nH]c3ncc(F)c(-c4cc(F)ccc4OC)c3c2C#N)CC1
CHEMBL3668516,0,0,CNC(=O)N1CC=C(c2[nH]c3nccc(-c4cc(F)ccc4OC)c3c2C#N)CC1
CHEMBL3651794,0,0,CC(C)NC(=O)c1cccc(-c2[nH]nc3ccnc(OC4CCOCC4)c23)c1
CHEMBL1989124,0,0,OCc1cc2c(cn1)[nH]c1ccc(NCc3ccccc3)cc12
CHEMBL3775321,0,0,Cn1cc(-c2ccc(Cc3n[nH]c4ccc(C(=O)N5CC[C@H](O)C5)cc34)cc2)cn1
CHEMBL3775317,0,0,Cn1cc(-c2ccc(Cc3n[nH]c4ccc(C(=O)N5CC[C@@H](O)C5)cc34)cc2)cn1
CHEMBL3775423,0,0,Cn1cc(-c2ccc(Cc3n[nH]c4ccc(C(=O)N5CC(O)C5)cc34)cc2)cn1
CHEMBL1801283,0,0,O=C1NCC2(CC2)c2[nH]c3c(c21)CCc1cnc(-c2ccc(F)nc2)cc1-3
CHEMBL3915861,0,0,CC(C)N1CCN(c2cc(-c3n[nH]c4ccc(-c5cn[nH]c5)cc34)ncn2)CC1
CHEMBL3690401,0,0,O=C(NCC(F)(F)F)Nc1cccc(-c2cnc3cc(-c4cnn(C5CNC5)c4)ccn23)c1
CHEMBL3668511,0,0,COc1ccc(F)cc1-c1ccnc2[nH]c(C3=CCN(CC(=O)N4CCC[C@H]4C(N)=O)CC3)cc12
CHEMBL1801311,0,0,Cn1c2c(c3c1C1(CNC1)CNC3=O)CCc1cnc(-c3ccccc3F)cc1-2
CHEMBL3668506,0,0,COc1ccc(F)cc1-c1ccnc2[nH]c(C3=CCN(CC(=O)N4CCC[C@H]4CO)CC3)cc12
CHEMBL3668514,0,0,COc1ccc(F)cc1-c1ccnc2[nH]c(C3CCN(CC(=O)N4CCC[C@H]4CO)CC3)cc12
CHEMBL4209496,0,0,CN1CCN(C(=O)c2ccc(-c3cn4c(-c5ccc(O)cc5)cnc4cn3)cc2)CC1
CHEMBL4216093,0,0,CN1CCN(C(=O)c2ccc(-c3cn4c(-c5cccc(O)c5)cnc4cn3)cc2)CC1
CHEMBL3690948,0,0,CC(C)OCc1cccc(-c2cc(NC(=O)[C@H]3CNC(=O)C3)nn2-c2ccccc2)c1
CHEMBL3690939,0,0,CC(C)OCc1cccc(-c2cc(NC(=O)[C@@H]3CNC(=O)C3)nn2-c2ccccc2)c1
CHEMBL3690950,0,0,CC(C)(C)OCc1cccc(-c2cc(NC(=O)[C@@H]3CNC(=O)C3)nn2-c2ccccc2)c1
CHEMBL3943811,0,0,CC(C)N1CCN(c2cc(-c3n[nH]c4ccc(-c5ccn[nH]5)cc34)ncn2)CC1
CHEMBL3310284,0,0,CC(=O)NCCc1cc(-c2ccnc3[nH]nc(C(F)(F)F)c23)cc(C2(C#N)CC2)c1
CHEMBL3264607,0,0,CC(C)C(O)(c1ccc2cc(-c3cnco3)ccc2c1)c1cnn[nH]1
CHEMBL3911458,0,0,CN(C)CCOc1ccc(-c2n[nH]c3ccc(-c4ncn[nH]4)cc23)cc1
CHEMBL3967585,0,0,CN(C)CCOc1cccc(-c2n[nH]c3ccc(-c4ncn[nH]4)cc23)c1
CHEMBL1525319,0,0,O=C(NNC(=S)Nc1ccccc1)c1cc(-c2cccnc2)nc2ccccc12
CHEMBL1611823,0,0,O=C(CCN1CCCCC1)N1CCc2c([nH]c3ccccc23)[C@H]1c1cccnc1
CHEMBL1881245,0,0,O=C(CCN1CCCCC1)N1CCc2c([nH]c3ccccc23)C1c1cccnc1
CHEMBL3978475,0,1,Cc1nc2cccc(-c3cc4n(c3)CCNC4=O)c2nc1NC1(C)CC1
CHEMBL2171550,0,0,Nc1cc2c(cn1)[nH]c1c(NC(=O)c3ccccc3)cccc12
CHEMBL39158,0,0,CC(=O)Nc1ccc(Cc2noc(Cc3ccc4[nH]cc(CCN)c4c3)n2)cc1
CHEMBL426887,0,0,Nc1n[nH]c2cccc(-c3ccc(NC(=O)NC4CCCC4)cc3)c12
CHEMBL3918784,0,0,CNc1nnc(-c2ccc3[nH]cc(-c4ccncc4)c3c2)s1
CHEMBL3911670,0,0,CNc1nnc(-c2ccc3[nH]cc(-c4cccnc4)c3c2)s1
CHEMBL3894660,0,1,Cc1nc2cccc(-c3cc4c([nH]3)CCN(CO)C4=O)c2nc1NC(C)(C)C
CHEMBL4103890,0,0,Cc1n[nH]c2nccc(-c3ccc(NC(=O)Nc4cccnc4)cc3)c12
CHEMBL1923166,0,0,COc1cccc(CNC(=O)c2cc3ccc(-c4ccncc4)nc3[nH]2)c1
CHEMBL80738,0,0,CN1CCC[C@@H]1Cc1c[nH]c2ccc(-n3cnc4cccnc43)cc12
CHEMBL76793,0,0,Cc1ccnc2c1ncn2-c1ccc2[nH]cc(C[C@H]3CCCN3C)c2c1
CHEMBL3238167,0,0,c1cc2[nH]ncc2cc1-c1cncc(N2CCCNCC2)n1
CHEMBL3238168,0,0,Cc1n[nH]c2ccc(-c3cncc(N4CCCNCC4)n3)cc12
CHEMBL442574,0,0,O=C(O)c1ccc2c(c1)CC(C(=O)Nc1ccc(-c3cn[nH]c3)cc1)CO2
CHEMBL208612,0,0,Cc1n[nH]c2ccc(-c3cncc(OC[C@@H](N)Cc4ccncc4)c3)cc12
CHEMBL3621732,0,0,O=C(Nc1cccc(-c2ccn[nH]2)c1)c1cc2ccccc2c(=O)[nH]1
CHEMBL141533,0,0,CN(C)CCCNC(=O)c1ccc2c(c1)sc1c(O)nc3ccccc3c12
CHEMBL4114374,0,0,Cc1cc(-c2cc(C(N)=O)nc3cc(CN4C[C@@H](C)O[C@@H](C(F)(F)F)C4)ccc23)sn1
CHEMBL3895854,0,0,Cc1ncc(-c2cc(C(N)=O)nc3cc(CN4CCOC(C(F)(F)F)C4)ccc23)o1
CHEMBL3912111,0,0,CCc1ncc(-c2cc(C(N)=O)nc3cc(CN4CCOC(C(F)(F)F)C4)ccc23)s1
CHEMBL3985872,0,0,Cc1ncc(-c2cc(C(N)=O)nc3cc(CN4CCOC(C(F)(F)F)C4)ccc23)s1
CHEMBL3586722,0,0,Cc1cc2c(-c3cccc4[nH]ncc34)cnc(NC3CCNCC3)c2[nH]c1=O
CHEMBL3220817,0,0,COc1ccc(-c2n[nH]c3ncc(-c4ccccc4N)cc23)cc1
CHEMBL2409885,0,0,COc1cccc(-c2csc(Nc3ccc(CCN4CC[C@H](O)C[C@@H]4CO)cc3)n2)c1
CHEMBL2409890,0,1,COc1ccc(-c2csc(Nc3ccc(CCN4CC[C@H](O)C[C@@H]4CO)cc3)n2)cc1
CHEMBL172232,0,0,Cc1cccc(-c2nc(C3CCNCC3)[nH]c2-c2ccc3c(c2)n(C)c(=O)n3C)c1
CHEMBL235069,0,0,CCCCN1CCN(S(=O)(=O)NCCc2nc(-c3cccs3)[nH]c2-c2ccc(OC)cc2)CC1
CHEMBL117292,0,0,CNC(=O)c1cc2c(Oc3ccc(NCCCN4CCN(C)CC4)cc3)cncc2s1
CHEMBL3680788,0,0,O=C(NCc1cccc(C(=O)Nc2nc3c(s2)C[C@@H](N2CCOCC2)CC3)c1)c1cccc(-c2cn[nH]c2)c1
CHEMBL3970262,0,0,CN(C)CCCOc1cccc(-c2n[nH]c3ccc(-c4ncn[nH]4)cc23)c1
CHEMBL518825,0,0,Nc1nccc(-c2ccc3nc(C4COc5ccc(F)cc5C4)[nH]c3c2)n1
CHEMBL454654,0,0,Nc1nccc(-c2ccc3nc(C4COc5ccccc5C4)[nH]c3c2)n1
CHEMBL1078113,0,0,Nc1nccc(-c2ccc3nc(C4COc5c(F)cccc5C4)[nH]c3c2)n1
CHEMBL3703268,0,0,CC#Cc1cncc(-c2ccc3c(c2)C2(CSC(N)=N2)C2(COC2)CO3)c1
CHEMBL3648440,0,0,O=C(CN1CCC(O)CC1)Nc1cccc(-c2cnc3ccccc3n2)c1
CHEMBL1951441,0,0,CC(C)NC(=O)c1cccc(NC(=O)Nc2ccc(-c3ccnc(N)n3)cc2)c1
CHEMBL3693107,0,0,O=C1NCC[C@@H]1NS(=O)(=O)c1ccccc1-c1ccc(-c2cnc3[nH]ccc3c2)c(F)c1
CHEMBL2332072,0,0,COc1cccc(CN(CCCN2CCOCC2)C(=O)Nc2ccc(-c3cn[nH]c3)cc2)c1
CHEMBL4107013,0,0,Cc1cnc(-c2cc(C(N)=O)nc3cc(CN4C[C@@H](C)O[C@@H](C(F)(F)F)C4)ccc23)s1
CHEMBL1684210,0,0,O=C(NCCN1CCOCC1)c1ccc2c(c1)CC(c1nc3ccc(-c4cn[nH]c4)cc3c(=O)[nH]1)CO2
CHEMBL3355674,0,2,NC[C@H]1CC[C@H](C(=O)N[C@@H](Cc2ccccc2)c2nc(-c3ccc(CC(=O)O)cc3)c[nH]2)CC1
CHEMBL3355677,0,2,NC[C@H]1CC[C@H](C(=O)N[C@@H](Cc2ccccc2)c2nc(-c3cccc(CC(=O)O)c3)c[nH]2)CC1
CHEMBL3939428,0,0,NC(=O)N1CCCc2cc(-c3cncc(CN4CCOCC4)c3)cnc21
CHEMBL3922513,0,7,O=C1COc2ccc(C(=O)c3ccccc3-c3nc4ccccc4[nH]3)cc2N1
CHEMBL4129413,0,0,Cc1cncc(-c2cncc(-c3ccc(C(=O)N4CCNCC4)cc3)n2)c1
CHEMBL4126800,0,0,O=C(c1ccc(-c2cncc(-c3cncc(F)c3)n2)cc1)N1CCNCC1
CHEMBL3690559,0,0,NC(=O)c1ccnc(-c2ccn3c(-c4cccc(NC(=O)NCC(F)(F)F)c4)cnc3c2)c1
CHEMBL3690557,0,0,NC(=O)c1ccc(-c2ccn3c(-c4cccc(NC(=O)NCC(F)(F)F)c4)cnc3c2)nc1
CHEMBL3733959,0,0,Cc1[nH]c(/C=C2\C(=O)Nc3ccc(-c4cnn(-c5ccccc5)c4)cc32)c(C)c1C(=O)N[C@H]1[C@@H]2CNC[C@@H]21
CHEMBL1311609,0,0,O=C1c2n[nH]c(-c3ccccc3O)c2C(c2ccc(F)cc2)N1CC1CCCO1
CHEMBL1910912,0,0,CC(C)[C@H](N)COc1cncc(-c2ccc3[nH]cc(-c4ccc(N)nc4F)c3c2)n1
CHEMBL206610,0,0,N=C(N)c1ccc(-c2cncc(OC[C@@H](N)Cc3c[nH]c4ccccc34)c2)cc1
CHEMBL3654835,0,0,Cc1cc(-c2n[nH]c3cc(NC(=O)N[C@H]4CN(C)C[C@@H]4C4CCCCC4)ncc23)ccn1
CHEMBL3654836,0,0,Cc1cc(-c2n[nH]c3cc(NC(=O)N[C@H]4CN(C)C[C@@H]4C4CC4)ncc23)ccn1
CHEMBL3596905,0,0,N#Cc1ccccc1C(=O)c1c[nH]c2ncc(-c3cnn(C4CCNCC4)c3)cc12
CHEMBL3347666,0,0,Nc1ccc(-c2ccc3c(c2)sc2c(N)ncnc23)cc1
CHEMBL3347677,0,0,Nc1cccc(-c2ccc3c(c2)sc2c(N)ncnc23)c1
CHEMBL4297644,0,0,Cc1n[nH]cc1-c1cc2nc([C@@H]3CC4CCN3CC4)[nH]c(=O)c2s1
CHEMBL3799168,0,0,Cn1c(C(=O)NCCN2CCCC2)cc2c(-c3ccc(NC(=O)c4ccccc4)cc3)ncnc21
CHEMBL424507,0,0,COc1ccc(-c2[nH]nc3c2C(=O)c2c(NC(=O)CN)cccc2-3)cc1
CHEMBL2142836,0,0,CN(C)CCNC(=O)c1cccc(-c2cnc3c(NC=O)cc(-c4ccc(C(=O)N5CCOCC5)cc4)cn23)c1
CHEMBL4088888,0,0,CS(=O)(=O)Nc1ccc(-c2cnc3[nH]cc(-c4ccc(O)cc4)c3c2)cc1
CHEMBL524939,0,0,NCCC(=O)Nc1ccc(-c2cnc3[nH]cc(-c4ccc(C(=O)O)cc4)c3c2)cn1
CHEMBL3925309,0,0,Cc1nc2cccc(-c3cc4c([nH]3)CCNC4=O)c2nc1NCC(C)(C)O
CHEMBL248142,0,0,CC(=O)NC[C@H]1CN(c2ccc3c(c2)CCCc2c(-c4ccccc4)n[nH]c2-3)C(=O)O1
CHEMBL392624,0,0,CC(=O)NC[C@H]1CN(c2ccc3c(c2)CCCc2c(-c4ccc(F)cc4)n[nH]c2-3)C(=O)O1
CHEMBL598324,0,0,Nc1nn(-c2cccc(-c3ccc4c(c3)NC(=O)C4)c2)cc1-c1ccc2c(c1)CCNC2=O
CHEMBL84183,0,0,Cc1c2ccnc(C(=O)NCCN(C)C)c2cc2c1[nH]c1ccc(O)cc12
CHEMBL3934918,0,4,Cc1nc2cccc(-c3cc4c(=O)[nH]cnc4[nH]3)c2nc1NC(C)(C)C
CHEMBL3937634,0,0,COc1cc(-c2ccnc3[nH]cc(C#N)c23)ccc1CN1CCOCC1
CHEMBL3948403,0,0,CNc1nnc(-c2ccc3[nH]cc(-c4cccc(N)c4)c3c2)s1
CHEMBL3892232,0,0,CN1Cc2c(C3=CCC(C(=O)N4CC(O)C4)CC3)[nH]c3nccc(c23)-c2cc(F)ccc21
CHEMBL400689,0,0,COc1cc2c(cc1OCCCN1CCOCC1)Cc1c-2n[nH]c1-c1ccc(C#N)cc1
CHEMBL4207587,0,0,O=C1NCCc2ccc(-c3nc(NC4CCOCC4)ncc3Cl)cc21
CHEMBL4204392,0,0,O=C1NCc2ccc(-c3nc(NC4CCOCC4)ncc3Cl)cc21
CHEMBL3697433,0,0,Cc1cc(C)c(CNC(=O)c2cc(-c3ccc(CN(C)C)nc3)cc(N(C)C3CCNCC3)c2C)c(=O)[nH]1
CHEMBL1552012,0,0,CS(=O)(=O)Nc1ccc(-c2cc(/C=C3\SC(N)=NC3=O)cnc2O)cc1
CHEMBL3976639,0,0,CN1[C@@H]2COC[C@H]1C[C@@H](NC(=O)c1cn(-c3ccncc3)c3ccccc13)C2
CHEMBL1878215,0,0,CN(C)CCNC(=O)c1cccc(-c2cnc3c(NC=O)cc(-c4cccs4)cn23)c1
CHEMBL1893851,0,0,CN(C)CCNC(=O)c1cccc(-c2cnc3c(NC=O)cc(-c4cccc(F)c4)cn23)c1
CHEMBL1903596,0,1,CN(C)CCNC(=O)c1cccc(-c2cnc3c(NC=O)cc(-c4ccccc4F)cn23)c1
CHEMBL1888507,0,0,CN(C)CCNC(=O)c1cccc(-c2cnc3c(NC=O)cc(-c4ccc(F)cc4)cn23)c1
CHEMBL1864636,0,2,CN(C)CCNC(=O)c1cccc(-c2cnc3c(NC=O)cc(-c4cc(F)c(F)c(F)c4)cn23)c1
CHEMBL1881885,0,0,O=C1c2ccccc2-c2onc3ccc(NCCCN4CCNC4)c1c23
CHEMBL3700802,0,0,Nc1cnc(-c2ccc(-c3ccccc3C(=O)NC3CCC(O)CC3)cc2F)cn1
CHEMBL3658721,0,0,Cc1cc(-c2n[nH]c3cc(NC(=O)NC(C)(C)c4ccccn4)ncc23)ccn1
CHEMBL3730729,0,0,CCN(CC)CCNC(=O)c1c(C)[nH]c(/C=C2\C(=O)Nc3c2cccc3-c2cncnc2)c1C
CHEMBL3701146,0,0,CCc1nccc(-c2ccc(C(=O)N3CCN(C)C(C)(C)C3)c(F)c2)c1C#Cc1ccc(N)nc1
CHEMBL477565,0,0,CN(C)CCOc1cc(-c2ccc3c(c2)CC/C3=N\O)c(-c2ccncc2)[nH]1
CHEMBL220317,0,0,Nc1n[nH]c2cccc(-c3ccc(NS(=O)(=O)c4ccccc4)cc3)c12
CHEMBL392784,0,0,CN1CCN(c2cccc3c2CN(c2csc(-c4ccncc4)n2)C(=O)N3)CC1
CHEMBL4077543,0,0,Cc1[nH]nc(C2CC2)c1-c1ccc2c(NC(=O)C3CC3)n[nH]c2c1
CHEMBL3426028,0,0,O=c1cc(NC2CCOCC2)c2cc(-c3cncs3)ccc2[nH]1
CHEMBL3426029,0,0,Cc1cc(-c2cncs2)cc2c(NC3CCOCC3)cc(=O)[nH]c12
CHEMBL524445,0,0,O/N=C1\CCc2cc(-c3cn(CC4CCCNC4)nc3-c3ccncc3)ccc21
CHEMBL497670,0,0,O/N=C1\CCc2cc(-c3cn(CC4CCNCC4)nc3-c3ccncc3)ccc21
CHEMBL3693247,0,0,CC#Cc1cncc(-c2cc(C3(CF)N=C(N)OC4CC43)c(F)cc2CO)c1
CHEMBL2164425,0,0,Cc1cc2c(-c3ccc(S(=O)(=O)NCC(C)(C)O)cc3)ccnc2[nH]1
CHEMBL4128114,0,0,CS(=O)(=O)Nc1ccc(-c2cc3c(-c4ccc(C(N)=O)cc4)ccnc3[nH]2)cc1
CHEMBL4127977,0,0,CS(=O)(=O)Nc1cccc(-c2cc3c(-c4ccc(C(N)=O)cc4)ccnc3[nH]2)c1
CHEMBL3808854,0,0,CC(C)(C)c1cc(NC(=O)Nc2ccc(-c3cc(N)n[nH]3)cc2)no1
CHEMBL4091527,0,0,O=C(/C=C/c1cnccc1-c1cn[nH]c1)Nc1ccc(CN2CCOCC2)cc1
CHEMBL4087439,0,0,CCNC(=O)Nc1cc2c(-c3ccnc(C)c3)ccc(COC(=O)N3CCN(C)CC3)c2cn1
CHEMBL270070,0,0,NC(=O)Nc1ccc(-c2cccc3onc(N)c23)cc1
CHEMBL3972468,0,0,C[C@H]1CN(Cc2ccc3c(-c4ccc(F)cc4)cc(C(N)=O)nc3c2)CCO1
CHEMBL3940116,0,0,C[C@H]1COCCN1Cc1ccc2c(-c3ccc(F)cc3)cc(C(N)=O)nc2c1
CHEMBL3974648,0,0,NC(=O)c1cc(-c2ccc(F)cc2)c2ccc(CN3CCOCC3)cc2n1
CHEMBL3922089,0,0,CC1CN(Cc2ccc3c(-c4ccc(F)cc4)cc(C(N)=O)nc3c2)CC(C)O1
CHEMBL3898121,0,0,NC(=O)c1cc(-c2ccc(F)cc2)c2ccc(CN3CCOC(C(F)(F)F)C3)cc2n1
CHEMBL193512,0,0,CC(C)C(=O)Nc1cccc(Cc2nnc(O)c3ccccc23)c1
CHEMBL119355,0,0,O=C(CN1CC[C@@H](NS(=O)(=O)c2ccccc2)C1)NC1CCc2cc(F)ccc2C1Cc1cccnc1
CHEMBL117400,0,6,O=C(CN1CCC(NS(=O)(=O)c2ccccc2)CC1)NC1CCc2cc(F)ccc2C1Cc1cccnc1
CHEMBL324311,0,1,O=C(CN1CC[C@H](NS(=O)(=O)c2ccccc2)C1)NC1CCc2cc(F)ccc2C1Cc1cccnc1
CHEMBL442399,0,0,O=C(CN1CCC(NS(=O)(=O)c2ccccc2)C1)NC1CCc2cc(F)ccc2C1Cc1cccnc1
CHEMBL3402458,0,0,COc1cccc(CNC(=O)Nc2ccc(-c3cn[nH]c3)cc2N(C)CCN(C)C)c1
CHEMBL3402456,0,0,COc1cccc(CNC(=O)Nc2ccc(-c3cn[nH]c3)cc2OCCN(C)C)c1
CHEMBL3967508,0,0,Cc1cccc(-c2c(-c3ccnc(Cl)c3)cc3n2C(CCN)CNC3=O)c1
CHEMBL1922133,0,0,COc1cccc(CN(C(=O)c2c[nH]c3nc(-c4cn[nH]c4)ccc23)C2CC2)c1
CHEMBL4071823,0,0,COc1ccc2nc(CNC(=O)c3ccc(-c4cnccc4OCC4CCNCC4)cc3)[nH]c2c1
CHEMBL3797828,0,1,CN(C)C(=O)c1cccc(-c2cnc(N)c(-c3nc4cccc(N5CCNCC5)c4[nH]3)c2)c1
CHEMBL78768,0,0,CN1CCC[C@@H]1Cc1c[nH]c2ccc(-n3cnc4cc(C#N)cnc43)cc12
CHEMBL345525,0,0,COc1ccc(-c2[nH]nc3c2C(=O)c2c(NC(=O)NN4CCN(C)CC4)cccc2-3)cc1
CHEMBL1085779,0,0,CN1C[C@@H]2C[C@H]1CN2c1ccc(-c2ccc3cc[nH]c3c2)cn1
CHEMBL1086480,0,0,CN1C[C@@H]2C[C@H]1CN2c1ccc(-c2ccc3[nH]ccc3c2)cn1
CHEMBL3634533,0,0,COc1ccc(C(=O)N2CCN(C(=O)c3ccc(-c4cccc5[nH]nc(N)c45)cc3)CC2)cc1
CHEMBL3634408,0,0,COc1cccc(C(=O)N2CCN(C(=O)c3ccc(-c4cccc5[nH]nc(N)c45)cc3)CC2)c1
CHEMBL3437493,0,0,c1ccc2c(Cc3nnc([C@H]4CCNC4)o3)c[nH]c2c1
CHEMBL3799882,0,4,Cn1c(C(=O)NCCN2CCCC2)cc2c(-c3ccc(NC(=O)C(C)(C)C)cc3)ncnc21
CHEMBL3986966,0,0,CNc1nnc(-c2ccc3[nH]cc(-c4cccc(F)n4)c3c2)s1
CHEMBL3950062,0,0,Nc1nnc(-c2ccc3[nH]cc(-c4cccc(F)n4)c3c2)s1
CHEMBL3891145,0,0,Cc1nc(-c2c[nH]c3ccc(-c4nnc(N)s4)cc23)ccc1F
CHEMBL3689678,0,0,Cc1ccc2[nH]ncc2c1-c1cc2cnc(NC(=O)[C@@H]3C[C@@H]3F)cc2cn1
CHEMBL1923164,0,0,COc1cccc(CNC(=O)c2cc3cnc(-c4ccncc4)cc3[nH]2)c1
CHEMBL238709,0,0,CN1CCN(c2ccc3c(c2)CN(c2csc(-c4ccncc4)n2)C(=O)N3)CC1
CHEMBL1093187,0,0,Cc1cc(C(=O)N2CCC3(CC2)CC(=O)c2cc(-c4cn[nH]c4)ccc2O3)cc2cn[nH]c12
CHEMBL1801287,0,0,CN1CC2(CNC(=O)c3c2[nH]c2c3CCc3cnc(-c4cccc(F)c4)cc3-2)C1
CHEMBL1801292,0,0,O=C1NCC2(CN(CCF)C2)c2[nH]c3c(c21)CCc1cnc(-c2ccccc2F)cc1-3
CHEMBL1801291,0,0,CCN1CC2(CNC(=O)c3c2[nH]c2c3CCc3cnc(-c4ccccc4F)cc3-2)C1
CHEMBL1233942,0,0,CN1CC2(CNC(=O)c3c2[nH]c2c3CCc3cnc(-c4ccccc4F)cc3-2)C1
CHEMBL4277929,0,0,CN1CC2(CNC(=O)c3c2[nH]c2c3CCc3cnc(-c4cccc(F)c4)c(F)c3-2)C1
CHEMBL1801296,0,0,CN1CCC2(CC1)CNC(=O)c1c2[nH]c2c1CCc1cnc(-c3ccccc3F)cc1-2
CHEMBL3976065,0,0,COC1CCC2(CC1)Cc1ccc(-c3cncc(F)c3)cc1C21N=C(N)N(C(C)C)C1=O
CHEMBL3689583,0,0,O=C(Nc1cc2ccc(-c3cncc4[nH]ncc34)cc2cn1)C1CC1
CHEMBL3689575,0,0,Cc1ncc2[nH]ncc2c1-c1ccc2cc(NC(=O)C3CC3)ncc2c1
CHEMBL3956456,0,0,COc1cc(C(=O)NC(CN2CCOCC2)c2ccccc2)ccc1-c1cn[nH]c1
CHEMBL133436,0,0,CC(C)(C)NC(=O)Nc1nc2cc(N)ncc2cc1-c1ccccc1
CHEMBL3971171,0,0,COCCOCC(C)(C)Nc1nc2c(-c3cc4c([nH]3)CCNC4=O)cccc2nc1C
CHEMBL3736223,0,0,COCCN1CCC(CNC(=O)c2n[nH]c3ccc(-c4ccc(C)nc4)cc23)CC1
CHEMBL3735967,0,0,COCCN1CCC(CNC(=O)c2n[nH]c3ccc(-c4cccnc4)cc23)CC1
CHEMBL2147547,0,0,CC(C)(N)CNc1nc(-c2cccnc2)cc2cnccc12
CHEMBL2147551,0,0,CC(C)(N)CNc1nc(-c2ccncc2Cl)cc2cnccc12
CHEMBL2147550,0,0,CC(C)(N)CNc1nc(-c2ccncc2F)cc2cnccc12
CHEMBL2147552,0,0,Cc1cnccc1-c1cc2cnccc2c(NCC(C)(C)N)n1
CHEMBL2147538,0,0,CC(C)(N)CNc1nc(-c2ccncc2)cc2cnccc12
CHEMBL3973788,0,5,Cn1cc(-n2cc(C(=O)N[C@H]3C[C@H]4COC[C@@H](C3)N4)c3ccccc32)cn1
CHEMBL3898801,0,0,CC(C)(O)C(=O)NCc1cncc(-c2cnc3c(c2)CCCN3C(N)=O)c1
CHEMBL3810085,0,0,Cc1nc2cccc(-c3cc4c([nH]3)CCNC4=O)c2nc1Nc1ccccc1
CHEMBL3925253,0,0,COc1ccc(F)cc1-c1ccnc2[nH]c(C3=CC4CCC(C3)N4CC(=O)N(C)CCO)cc12
CHEMBL3545585,0,0,Nc1ncc(-c2ccc(NC(=O)c3cccc(I)c3)cc2)[nH]1
CHEMBL1198878,0,0,Nc1ncc(-c2cccc(NC(=O)c3cc(F)cc(F)c3)c2)[nH]1
CHEMBL3326207,0,0,Nc1ncc(-c2ccc(NC(=O)c3ccc(I)cc3)cc2)[nH]1
CHEMBL3326202,0,0,Nc1ncc(-c2ccc(NC(=O)c3ccc(Br)cc3F)cc2)[nH]1
CHEMBL3326205,0,0,Nc1ncc(-c2ccc(NC(=O)c3ccc(F)c(Cl)c3)cc2)[nH]1
CHEMBL1198856,0,0,Nc1ncc(-c2ccc(NC(=O)c3cc(F)cc(F)c3)cc2)[nH]1
CHEMBL3729940,0,0,O=C(Nc1cc(-c2nc(N[C@@H]3CCNC3)c3sccc3n2)ccn1)c1cccs1
CHEMBL3728196,0,0,O=C(Nc1cc(-c2nc(N[C@@H]3CCNC3)c3sccc3n2)ccn1)c1ccc(F)cc1
CHEMBL1081193,0,0,COc1cccc(CNC(=O)c2nc3ccc(-c4cn[nH]c4)cc3s2)c1
CHEMBL3906819,0,0,Cc1nc2cccc(-c3cc4c([nH]3)CCNC4=O)c2nc1NC1CCC(=O)NC1
CHEMBL253401,0,0,CCNC(=O)c1noc(-c2cc(Cl)c(O)cc2O)c1-c1ccc(CN2CCC(O)CC2)cc1
CHEMBL3969174,0,0,CN1Cc2c(C3=CCC(NCC(=O)O)CC3)[nH]c3nccc(c23)-c2cc(F)ccc21
CHEMBL3942255,0,0,Cc1noc(C)c1-c1ccc2c(c1)C(c1ccccc1)(N1CCOCC1)C(=O)N2
CHEMBL1958151,0,0,NC(=O)c1ccc(-c2cnc3nc(N4CCC(N5CCCCC5)CC4)oc3c2)cc1
CHEMBL4100109,0,0,Cc1n[nH]c2ccc(-c3cc(NCCO)cnc3-c3cc(F)ccc3O)cc12
CHEMBL3402450,0,0,COc1cccc(CNC(=O)Nc2ccc(-c3ccnc(N)c3)cc2)c1
CHEMBL1779368,0,1,O=C1NCC2(CCCNC2)c2[nH]c(-c3ccnc(-c4cc5ccccc5o4)n3)cc21
CHEMBL1779352,0,0,O=C1NCC2(CCNCC2)c2[nH]c(-c3ccnc(-c4cc5ccccc5o4)n3)cc21
CHEMBL3485745,0,0,Oc1ccc(-c2c(-c3ccccc3)ncn2C2CCNC2)cc1
CHEMBL2152279,0,0,CN(C)CCOc1ccc(-c2cnc3[nH]cc(-c4ccncc4)c3c2)cc1N
CHEMBL203535,0,0,O=C(Nc1cc(-c2ccnc(Nc3ccccc3)c2)ccn1)C1CCOC1
CHEMBL4208660,0,0,O=C(Cc1ccccc1)Nc1n[nH]c2ncc(-c3ccc(O)cc3)cc12
CHEMBL3127098,0,0,NC1=N[C@@]2(CS1)c1cc(-c3cccnc3F)ccc1O[C@@H]1CCOC[C@H]12
CHEMBL3127097,0,0,NC1=N[C@@]2(CS1)c1cc(-c3cncc(Cl)c3)ccc1O[C@@H]1CCOC[C@H]12
CHEMBL3124962,0,0,C[C@H]1OCC[C@H]2Oc3ccc(-c4cccnc4F)cc3[C@@]3(CSC(N)=N3)[C@H]12
CHEMBL3910979,0,2,Cc1nc2cccc(-c3cc4c([nH]3)CCNC4=O)c2nc1N[C@@H]1CC[C@@H]1N
CHEMBL2333879,0,0,CN(C)c1nc([C@@H]2CNC[C@H]2c2ccccc2)nc2ccc(-c3cn[nH]c3)cc12
CHEMBL3919728,0,0,c1cncc(-c2cc3c(N4CCC(N5CCNCC5)C4)n[nH]c3cn2)c1
CHEMBL1807506,0,0,CC(C)NCc1cncc(-c2cnc3[nH]nc(-c4nc5cc(N6CCN(C)CC6)ccc5[nH]4)c3c2)c1
CHEMBL1801376,0,0,O=C1NCc2[nH]c3c(ccc4cnc(Nc5cccc(F)c5)cc43)c21
CHEMBL3684573,0,0,CNC(=O)C(C)(C)c1n[nH]c2c1C(c1ccccc1OC)N(c1ccc(-c3ccon3)cc1)C2=O
CHEMBL3586721,0,0,Cc1cc2c(-c3cccc(O)c3)cnc(NC3CCNCC3)c2[nH]c1=O
CHEMBL455659,0,0,c1ccc2c(c1)CC(c1nc3ccc(-c4cn[nH]c4)cc3[nH]1)CO2
CHEMBL453635,0,0,Cc1[nH]ncc1-c1ccc2nc(C3COc4ccccc4C3)[nH]c2c1
CHEMBL1910906,0,0,Nc1ccc(-c2c[nH]c3ccc(-c4cnccn4)cc23)c(F)n1
CHEMBL3681788,0,0,NC(=O)CCn1cc(-c2ccc3c(c2)C(O)(C(F)(F)F)c2cccc(CO)c2-3)cn1
CHEMBL34169,0,0,O=C1[C@H]2Cc3c([nH]c4ccccc34)[C@@H](c3ccc(O)nc3)N2C(=O)CN1[C@@H]1CCN(Cc2ccccc2)C1
CHEMBL1684196,0,0,O=c1[nH]c(C2CCc3ccccc3O2)nc2ccc(-c3cn[nH]c3)cc12
CHEMBL2334287,0,0,COc1ccc(C(N)c2nc3ccc(-c4c[nH]nc4C)cc3c(=O)[nH]2)cc1
CHEMBL2334288,0,0,COc1ccc(C(N)c2nc3ccc(-c4cn[nH]c4)cc3c(=O)[nH]2)cc1
CHEMBL326360,0,0,NC(=O)c1cc2c(Oc3ccc(C(=O)NCCN4CCOCC4)cc3)cncc2s1
CHEMBL119348,0,0,CNC(=O)c1cc2c(Oc3ccc(C(=O)NCCN4CCOCC4)cc3)cncc2s1
CHEMBL206179,0,0,Nc1ccc(-c2cncc(OC[C@@H](N)Cc3c[nH]c4ccccc34)c2)cc1
CHEMBL4093123,0,0,[2H]C1([2H])OC(N)=N[C@]12c1cc(-c3cncc(C)c3)ccc1C[C@]21CC[C@@H](OC)CC1
CHEMBL4117959,0,0,CO[C@H]1CC[C@]2(CC1)Cc1ccc(-c3cccnc3)cc1[C@@]21COC(N)=N1
CHEMBL4074071,0,0,[2H]C1([2H])OC(N)=N[C@]12c1cc(-c3cccnc3)ccc1C[C@]21CC[C@@H](OC)CC1
CHEMBL4116294,0,0,CO[C@H]1CC[C@]2(CC1)Cc1ccc(-c3cncc(C)c3)cc1[C@@]21COC(N)=N1
CHEMBL1922128,0,0,COc1cccc(CNC(=O)c2cn(CCCO)c3cc(-c4cn[nH]c4)ccc23)c1
CHEMBL4208772,0,0,N#Cc1ccc(-c2cnc3ccc(-c4ccc(C(=O)N5CCNCC5)cc4)nn23)cc1
CHEMBL1779361,0,0,O=C1NCC2(CCNCC2)c2[nH]c(-c3ccnc(-c4cnc5ccccc5c4)n3)cc21
CHEMBL3703152,0,0,N[C@]1(c2ccc(-c3nc4nc(O)ccn4c3-c3ccccc3)cc2)C[C@H](O)C1
CHEMBL1215091,0,0,CN(C)CCOc1cc(-c2cn[nH]c2)ccc1NC(=O)C1NCCc2ccccc21
CHEMBL2069586,0,0,O=C(Nc1cccc(-c2cn[nH]c2)c1)[C@H](Cc1ccccc1)NCc1cscn1
CHEMBL3956214,0,0,OC(COc1ccc(-c2ccn[nH]2)cc1)CN1CCc2ccccc2C1
CHEMBL3977213,0,0,Nc1ccc(Cc2cccc(NC(=O)N3CCN(c4ccccc4)C3=O)c2)cn1
CHEMBL4126357,0,0,CC(=O)Nc1n[nH]c2cc(-c3c(C4CC4)n[nH]c3C)ccc12
CHEMBL409738,0,0,CCN1CCN(CCCC(=O)Nc2n[nH]c3nnc(-c4ccccc4)cc23)CC1
CHEMBL1992740,0,0,CCN1CCN(CCCC(=O)Nc2n[nH]c3nnc(-c4cccc(F)c4F)cc23)CC1
CHEMBL3895900,0,0,NCC1CCCCN1c1cccc(-c2n[nH]c3cnc(-c4cccnc4)cc23)n1
CHEMBL3039938,0,0,CC(=O)Nc1nc(CCc2ccc(NC(=N)N)cc2)c(Cc2ccccc2)s1
CHEMBL1821998,0,0,N=C(N)NCCCc1nccc2c1[nH]c1ccccc12
CHEMBL458922,0,0,Cc1ccc(C(=O)N2CCN(CC(=O)Nc3ccc4c(c3)CCc3nnc(Cc5ccccc5)n3-4)CC2)cc1
CHEMBL455897,0,0,O=C(CN1CCN(C(=O)c2ccccc2)CC1)Nc1ccc2c(c1)CCc1nnc(Cc3ccccc3)n1-2
CHEMBL456167,0,1,Cc1cccc(C(=O)N2CCN(CC(=O)Nc3ccc4c(c3)CCc3nnc(Cc5ccccc5)n3-4)CC2)c1
CHEMBL342275,0,0,CN(C)c1ccc(-c2[nH]nc3c2C(=O)c2c(NC(=O)CN4CCOCC4)cccc2-3)cc1
CHEMBL434081,0,0,COc1ccc(-c2[nH]nc3c2C(=O)c2c(NC(=O)CN4CCOCC4)cccc2-3)cc1
CHEMBL1910909,0,0,Nc1ccc(-c2c[nH]c3ccc(-c4cncc(N5CCCC(N)C5)n4)cc23)c(F)n1
CHEMBL1910119,0,0,Cc1nc2c(c(-c3ccc(Cl)cc3Cl)c1CN)CN(CC(=O)N1CCC(C(N)=O)CC1)C2=O
CHEMBL2017334,0,0,c1cc(-c2nnc[nH]2)c2nc(NC3CC3)c3ccsc3c2c1
CHEMBL346260,0,0,CNC(=O)/C=C(\c1ccccc1)c1ccc2nc(N)c(-c3ccccc3)n2c1
CHEMBL3986065,0,0,CC(=O)N[C@@H]1CC[C@@H]1Nc1nc2c(-c3cc4c([nH]3)CCNC4=O)cccc2nc1C
CHEMBL371775,0,0,N#Cc1c(Cc2c(O)noc2C2CCNCC2)ccc2ccccc12
CHEMBL3697184,0,0,O=C(c1ccccc1-c1ccc(-c2cnc3[nH]ccc3n2)c(F)c1)N1CCOCC1
CHEMBL3425955,0,0,O=C1CC[C@@H](C(=O)Nc2cncc(-c3cccc4[nH]ccc34)c2)N1
CHEMBL3347657,0,0,Nc1ncnc2c1sc1cc(-c3ccccc3O)ccc12
CHEMBL1821996,0,0,N=C(N)NCCCCc1nccc2c3ccc(Br)cc3n(O)c12
CHEMBL3949953,0,0,Cc1nc2cccc(-c3cc4n(c3)C(CCO)CNC4=O)c2nc1NC(C)(C)C
CHEMBL357408,0,2,c1cc(CNC2CCN(CCCc3c[nH]c4ccc(-n5cnnc5)cc34)CC2)co1
CHEMBL3896182,0,0,CN1CCN(Cc2ccc(C(=O)Nc3sc(-c4ccncc4)nc3C#N)cc2)CC1
CHEMBL3184523,0,0,CC(=O)Nc1ccc(NC(=O)C2Cc3c(-c4cccc(NC(C)=O)c4)ccnc3O2)cc1
CHEMBL3127069,0,0,CN1C(=O)[C@]2(N=C1N)c1cc(-c3cccnc3F)ccc1C[C@H]1CCOC[C@@H]12
CHEMBL3654562,0,0,COC(=O)[C@@H]1CC[C@@H](NC(=O)c2ccc3[nH]nc(-c4ccncc4)c3c2)CN1
CHEMBL1254315,0,0,CN(C)CCN1CCN(C(=O)c2cc(-c3ccc4c(c3)Cc3cn[nH]c3-4)c(-c3ccncc3)o2)CC1
CHEMBL2208014,0,0,CCNC(=O)NCc1nc(-c2nc(C)cs2)c(-c2ccc3ncsc3c2)[nH]1
CHEMBL3654820,0,0,Cc1cc(-c2n[nH]c3cc(NC(=O)NCC4(N(C)C)CCC4)ncc23)ccn1
CHEMBL4212297,0,0,CC(C)(C)CC(=O)Nc1n[nH]c2ncc(-c3ccc(O)cc3)cc12
CHEMBL4208575,0,0,CC(C)CC(=O)Nc1n[nH]c2ncc(-c3ccc(O)cc3)cc12
CHEMBL4217525,0,0,O=C(Nc1n[nH]c2ncc(-c3ccc(O)cc3)cc12)C1CCCCC1
CHEMBL4212568,0,0,O=C(Nc1n[nH]c2ncc(-c3cccc(O)c3)cc12)C1CCCCC1
CHEMBL4101890,0,0,Cc1cc(N2C[C@@H](C)N[C@@H](C)C2)ncc1-c1ccc(-c2nc3c(ccn3C)c(=O)[nH]2)cc1
CHEMBL109961,0,0,CC(C)(N)CC(=O)N[C@H](Cc1ccccc1)C(=O)NCc1ccc(-c2ccccc2-c2nn[nH]n2)cc1
CHEMBL597640,0,0,Nc1nn(-c2cccc(-c3ccc4nc[nH]c4c3)c2)cc1-c1ccc2c(c1)CCNC2=O
CHEMBL403344,0,0,Cc1ccc(Sc2cnc(Nc3ccccn3)s2)cc1C(=O)N1CCNCC1
CHEMBL4204438,0,0,CN1CCN(C(=O)c2ccc(-c3ccc4ncc(-c5ccc(C#N)cc5)n4c3)cc2)CC1
CHEMBL3956736,0,0,CC1(C)CCCN1c1cnc2cccc(-c3cc4c([nH]3)CCNC4=O)c2n1
CHEMBL3985959,0,8,CC1(C)CCN1c1cnc2cccc(-c3cc4c([nH]3)CCNC4=O)c2n1
CHEMBL3935709,0,0,CC1(C)CCCCN1c1cnc2cccc(-c3cc4c([nH]3)CCNC4=O)c2n1
CHEMBL1882348,0,0,CC(=O)Nc1ccc(NC(=O)c2cc(-c3cc(F)ccc3OCC3CCCO3)[nH]n2)cc1
CHEMBL3680759,0,0,CN1CCc2ccc(NC(=O)c3cccc(CNC(=O)c4cc(-c5ccncc5)n[nH]4)c3)cc2C1
CHEMBL1956650,0,0,Cn1c(=O)[nH]c2ncc(-c3ccc(CN)cc3)cc21
CHEMBL1956632,0,0,Cn1c(=O)[nH]c2ncc(-c3cccc(CN)c3)cc21
CHEMBL147084,0,0,COc1ccc(-c2[nH]nc3c2C(=O)c2c(NC(=O)CN4CCC(CO)CC4)cccc2-3)cc1
CHEMBL111070,0,0,NCCNCc1ccc(Cn2c(C3CCNCC3)nc3cc(Cl)c(Cl)cc32)cc1
CHEMBL3697334,0,0,CC(C)(CO)NS(=O)(=O)c1ccccc1-c1ccc(-c2cnc(N)c(F)c2)c(F)c1
CHEMBL3697332,0,0,CC(C)(CO)NS(=O)(=O)c1ccccc1-c1ccc(-c2ccc(N)nc2)c(F)c1
CHEMBL3898798,0,0,CN1C(=N)N[C@](C)(c2sc(-c3ccnc(-c4ccccc4)c3)cc2F)CS1(=O)=O
CHEMBL4097351,0,0,Cc1ncc(C(=O)Nc2ccc(-c3cccc(NC4CC4)c3)cn2)cn1
CHEMBL195754,0,0,CC(C)(CO)Nc1nccc(CCc2c[nH]c3ccccc23)n1
CHEMBL3951104,0,0,CN1CCN(C(=O)c2ccc(C(=O)Nc3sc(-c4ccncc4)nc3C(N)=O)cc2)CC1
CHEMBL3689719,0,0,O=C(Nc1cc2ccc(-c3cccc4[nH]nnc34)cc2cn1)C1CC1
CHEMBL3897209,0,0,NC(=O)c1ccc2[nH]c(-c3ccc(C(O)c4cnc5ccccc5c4)cc3)nc2c1
CHEMBL3912168,0,0,OC1CN(Cc2cnc3cc(Oc4ccc(-c5ccn[nH]5)cn4)ccc3c2)C1
CHEMBL4112032,0,0,O[C@@H]1CCN(Cc2cnc3cc(Oc4ccc(-c5ccn[nH]5)cn4)ccc3c2)C1
CHEMBL3902086,0,0,CC1(O)CN(Cc2cnc3cc(Oc4ccc(-c5ccn[nH]5)cn4)ccc3c2)C1
CHEMBL3926577,0,0,OC1CCN(Cc2cnc3cc(Oc4ccc(-c5ccn[nH]5)cn4)ccc3c2)CC1
CHEMBL3906966,0,0,O[C@H]1CCN(Cc2cnc3cc(Oc4ccc(-c5ccn[nH]5)cn4)ccc3c2)C1
CHEMBL3946038,0,0,NC(=O)c1nc(-c2ccncc2)sc1NC(=O)c1ccc(CN2CCOCC2)cc1
CHEMBL311374,0,0,Cc1c2ccnc(C(=O)NCCCN(C)C)c2cc2c3cc(O)ccc3n(C)c12
CHEMBL3422586,0,0,CN1CCN(CCCCC(=O)Nc2cc(-c3ccccc3)[nH]n2)CC1
CHEMBL318328,0,2,CN(C(=O)CC(C)(C)N)[C@@H]1CCc2ccccc2N(Cc2ccc(-c3ccccc3-c3nn[nH]n3)cc2)C1=O
CHEMBL1198867,0,0,Nc1ncc(-c2ccc(-n3cc(-c4cc(F)cc(F)c4)nn3)cc2)[nH]1
CHEMBL403395,0,1,c1cc(NCC2CCCN2)nc(-c2cnc3ccccn23)c1
CHEMBL534797,0,0,O=C(Nc1ccc(N2CCNCC2)cc1)c1ccn2ncc(-c3cccc(Cl)c3)c2n1
CHEMBL1672265,0,0,CC(C)C(NC(=O)[C@H](C)N)c1nc(C(=O)NCc2ccccc2)c(-c2ccccc2)s1
CHEMBL3673490,0,0,COc1ccc(F)cc1-c1ccnc2[nH]c(C3=CCN(CC(=O)N4CC(O)C4)C(C)(C)C3)cc12
CHEMBL1477482,0,7,CC(C)NC(=O)c1onc(CSc2nc3ccccc3[nH]2)c1C(=O)NC(C)C
CHEMBL3943237,0,0,COc1ccc(F)cc1-c1c(C#N)cnc2[nH]c(C3=CC4CCC(C3)N4CC(=O)N(C)C)cc12
CHEMBL147012,0,0,COc1ccc(-c2[nH]nc3c2C(=O)c2c(NC(=O)NN4CCCC4)cccc2-3)cc1
CHEMBL147038,0,0,COc1ccc(-c2[nH]nc3c2C(=O)c2c(NC(=O)NN4CCCCC4)cccc2-3)cc1
CHEMBL1956662,0,0,Cn1c(=O)[nH]c2ncc(-c3cccc(C(=O)NCc4ccccc4)c3)cc21
CHEMBL374177,0,0,O=C1NCCc2[nH]c(-c3ccnc(-c4ccc(O)cc4)c3)cc21
CHEMBL388619,0,0,O=C1NCCc2[nH]c(-c3ccnc(-c4cccc(O)c4)c3)cc21
CHEMBL3974478,0,0,CN1CC[C@@H](c2cnc(N)c(-c3ccc(C(=O)N[C@H](CO)c4cccc(Cl)c4)c(F)c3)c2)CC1=O
CHEMBL3935684,0,0,CN1CC(c2cnc(N)c(-c3ccc(C(=O)N[C@H](CO)c4cccc(Cl)c4)c(F)c3)c2)CCC1=O
CHEMBL3948464,0,0,CN1CCC(c2cnc(N)c(-c3ccc(C(=O)N[C@H](CO)c4cccc(Cl)c4)c(F)c3)c2)CC1=O
CHEMBL3949682,0,0,CN1CC[C@H](c2cnc(N)c(-c3ccc(C(=O)N[C@H](CO)c4cccc(Cl)c4)c(F)c3)c2)CC1=O
CHEMBL3977417,0,0,CN1C[C@H](c2cnc(N)c(-c3ccc(C(=O)N[C@H](CO)c4cccc(Cl)c4)c(F)c3)c2)CCC1=O
CHEMBL3903269,0,0,CN1C[C@@H](c2cnc(N)c(-c3ccc(C(=O)N[C@H](CO)c4cccc(Cl)c4)c(F)c3)c2)CCC1=O
CHEMBL3893186,0,0,Nc1ncc(C2CNC(=O)C2)cc1-c1ccc(C(=O)NCc2ccccc2)c(F)c1
CHEMBL3917920,0,0,CC(O)c1nnc(-c2ccc3[nH]nc(-c4ccc(F)cc4)c3c2)[nH]1
CHEMBL3679919,0,0,CC(C)(C)c1[nH]nc2c1C(c1ccccc1OCC(N)=O)N(c1ccc(-c3ccon3)cc1)C2=O
CHEMBL3967014,0,0,NC(=O)c1nc(-c2ccncc2)sc1NC(=O)c1ccc(CN2CCCC2)cc1
CHEMBL3930173,0,0,CN1CC(c2cnc(N)c(-c3ccc(C(=O)N[C@H](CO)c4cccc(Cl)c4)c(F)c3)c2)CC1=O
CHEMBL3902203,0,0,CN1C[C@@H](c2cnc(N)c(-c3ccc(C(=O)N[C@H](CO)c4cccc(Cl)c4)c(F)c3)c2)CC1=O
CHEMBL3968451,0,0,CN1C[C@H](c2cnc(N)c(-c3ccc(C(=O)N[C@H](CO)c4cccc(Cl)c4)c(F)c3)c2)CC1=O
CHEMBL3891287,0,0,Cc1nc2cccc(-c3cc4c([nH]3)CCNC4=O)c2nc1N(C)C(C)C
CHEMBL3925198,0,0,Cc1nc2cccc(-c3cc4c([nH]3)CCNC4=O)c2nc1N(C)C(C)(C)C
CHEMBL3961180,0,1,Cc1nc2cccc(-c3cc4c([nH]3)CCNC4=O)c2nc1N1CCCC1
CHEMBL3937248,0,3,Cc1nc2cccc(-c3cc4c([nH]3)CCNC4=O)c2nc1N1CCC1
CHEMBL3985398,0,4,CN(c1cnc2cccc(-c3cc4c([nH]3)CCNC4=O)c2n1)C(C)(C)C
CHEMBL3901766,0,8,CCN(c1cnc2cccc(-c3cc4c([nH]3)CCNC4=O)c2n1)C(C)(C)C
CHEMBL3943201,0,0,c1cncc(-c2cc3c(-c4cnn(C5CCNCC5)c4)n[nH]c3cn2)c1
CHEMBL2385384,0,0,O=C(/C=C/c1ccc2c(c1)Cc1sc(Nc3ccccc3)nc1-2)NO
CHEMBL2359285,0,0,CC(=O)Nc1cc(-c2cccc(C(=O)NCCO)c2)cn2c(-c3ccc(F)cc3)cnc12
CHEMBL438825,0,0,O=C1c2ccccc2-c2nnc(-c3ccc(C4CCNCC4)cc3)cc21
CHEMBL3673656,0,0,CC1(C)CNC(=O)c2cc3ccc(C(=O)Nc4cc(Cc5ccccc5)on4)nc3n2C1
CHEMBL3593989,0,0,CC(=O)Nc1ccc(-c2ccc(-c3nc4c(C(N)=O)cccc4[nH]3)cc2)cn1
CHEMBL1923179,0,0,COc1ccccc1CNC(=O)c1cc2ccc(-c3cn[nH]c3)nc2[nH]1
CHEMBL106060,0,0,O=C(Nc1[nH]nc2cc(-c3ccc(O)nc3)ccc12)C1CC1
CHEMBL3668416,0,0,CN1CCC(c2cc3c(-c4cccc(N(C)CCN5CCCC5=O)n4)ccnc3[nH]2)CC1
CHEMBL3700816,0,0,O=C(c1ncccc1-c1ccc(-c2cnc3[nH]ccc3c2)c(F)c1)N1CCOCC1
CHEMBL1835987,0,0,Cc1nc2ccccc2n1-c1ccc(C(=O)N[C@@H]2CCN(C(C)C)C2)cc1
CHEMBL253616,0,0,CCNC(=O)c1noc(-c2cc(Cl)c(O)cc2O)c1-c1ccc(CN(C)C)cc1
CHEMBL1910126,0,0,Cc1nc2c(c(-c3ccc(Cl)cc3Cl)c1CN)CN(CC(=O)NCc1cccnc1)C2=O
CHEMBL1972290,0,0,NCCNc1cc(-c2c[nH]c3ncccc23)cc(Cl)n1
CHEMBL211543,0,7,Cc1cc(O)cc(C)c1C[C@H](N)C(=O)N[C@H]1Cc2ccccc2CN(Cc2nc3ccccc3[nH]2)C1=O
CHEMBL114722,0,9,N=C(N)c1ccc(-c2csc(N(Cc3ccccc3)C3CCN(CC(=O)O)CC3)n2)cc1
CHEMBL1951337,0,0,CN(C)C(=O)c1cccc(NC(=O)Nc2ccc(-c3ccnc4[nH]cnc34)cc2)c1
CHEMBL566414,0,0,CN1C(=O)C(c2cccc(-c3cccnc3)c2)(c2ccc3c(c2)CCO3)N=C1N
CHEMBL3919926,0,0,CN(C)Cc1n[nH]c(-c2ccc3[nH]nc(-c4cccc(C(=O)NCCN5CCCCC5)c4)c3c2)n1
CHEMBL3917252,0,0,CN1C(=N)N[C@](C)(c2sc3c(-c4ccc(C5CC5)nc4)nccc3c2Cl)CS1(=O)=O
CHEMBL3928996,0,0,Nc1ncc(C2CCC(=O)NC2)cc1-c1ccc(C(=O)NCc2ccccc2)c(F)c1
CHEMBL79730,0,0,COc1ccc2[nH]c3c(C)c4ccnc(C(=O)NCCCN(C)C)c4cc3c2c1
CHEMBL3335825,0,0,NS(=O)(=O)c1ccc(-n2nc(C(F)(F)F)cc2-c2ccc(CN3CCNCC3)cc2)cc1
CHEMBL3965341,0,0,Cc1noc(C)c1-c1ccc2c(c1)C(NC(=O)CN(C)C)(c1ccccc1)C(=O)N2
CHEMBL4111877,0,0,Cc1n[nH]c2cnc(-c3cnccc3N3CCC[C@@H](N)C3)cc12
CHEMBL3634792,0,0,Cc1n[nH]c2cnc(-c3cnccc3N3CCC[C@H](N)C3)cc12
CHEMBL2409879,0,0,OC[C@H]1C[C@@H](O)CCN1CCc1ccc(Nc2nc(-c3ccccc3)cs2)cc1
CHEMBL3982591,0,1,CN(c1ncc2cccc(-c3cc4c([nH]3)CCNC4=O)c2n1)C(C)(C)C
CHEMBL3964978,0,0,Cc1nc2cccc(-c3cc4c([nH]3)CCNC4=O)c2nc1NC1CCCCC1O
CHEMBL1254316,0,0,O=C(c1cc(-c2ccc3c(c2)Cc2cn[nH]c2-3)c(-c2ccncc2)o1)N1CCOCC1
CHEMBL588663,0,0,Nc1ccc(-c2cnc3[nH]cc(-c4ccc(C(=O)O)cc4)c3c2)cn1
CHEMBL3917785,0,0,Cc1n[nH]c(C)c1-c1cc(-c2c(C)noc2C)cc2nc(N)[nH]c12
CHEMBL1821997,0,0,N=C(N)NCCCCc1nccc2c1[nH]c1ccccc12
CHEMBL1821995,0,0,N=C(N)NCCCCc1nccc2c1[nH]c1cc(Br)ccc12
CHEMBL3918021,0,3,Cc1nc2cccc(-c3cc4c([nH]3)CCNC4=O)c2nc1N[C@H]1C[C@@H](N2CCOCC2)C1
CHEMBL3797827,0,0,Nc1cc(-c2n[nH]c3ccc(C(=O)NC(CO)c4cccc(Cl)c4)cc23)ccn1
CHEMBL3673499,0,0,CS(=O)(=O)N1CC=C(c2cc3c(-c4cccc(NCC5CC5)n4)ccnc3[nH]2)CC1
CHEMBL589633,0,0,O=C1NC(c2ccc(O)cc2F)c2c[nH]c3nccc(c23)-c2ccccc21
CHEMBL3919918,0,0,Cc1noc(C)c1-c1ccc2c(c1)C(C1CCCCC1)(N1CC(O)C1)C(=O)N2
CHEMBL4101438,0,0,Cc1n[nH]c2nccc(-c3ccc(NC(=O)NCC(C)C)cc3)c12
CHEMBL4093721,0,0,Cc1n[nH]c2nccc(-c3ccc(NC(=O)NC4CC4)cc3)c12
CHEMBL4103897,0,0,Cc1n[nH]c2nccc(-c3ccc(NC(=O)NC4CCC4)cc3)c12
CHEMBL341854,0,0,OC[C@H](NC1CCN(CCCc2c[nH]c3ccc(Cn4cncn4)cc23)CC1)c1ccccc1
CHEMBL1958149,0,0,OCc1cccc(-c2cnc3nc(N4CCC(N5CCCCC5)CC4)oc3c2)c1
CHEMBL1835038,0,0,NC(=O)c1cnc(NC2CCCCC2)c2c1[nH]c1cc(-c3ccn[nH]3)ccc12
CHEMBL3668429,0,0,CN1CCC(c2cc3c(-c4cccc(NCC5CCN(C)C5)n4)ccnc3[nH]2)CC1
CHEMBL369480,0,0,CC(=N)N1CCC(N(CC(N)=O)c2ccc3nc(C)n(Cc4ccc5ccc(C(=N)N)cc5c4)c3c2)CC1
CHEMBL171120,0,0,CC(=N)N1CCC(N(CC(N)=O)c2ccc3c(c2)nc(C)n3Cc2ccc3ccc(C(=N)N)cc3c2)CC1
CHEMBL3262924,0,0,N#Cc1nc(-c2cccc3ccccc23)oc1NC1CNC1
CHEMBL3936246,0,4,O=C1NCCc2[nH]c(-c3cccc4cnc(Nc5ccccc5)nc34)cc21
CHEMBL3649657,0,0,COc1ccc2c(c1)C(=O)N[C@@H](Cc1ccc(-c3ccnc(N)c3)cc1)C(=O)N2C
CHEMBL4081451,0,0,CCNC(=O)Nc1cc2c(-c3ccnc(C)c3)ccc(COC(=O)N3CCNCC3)c2cn1
CHEMBL3355058,0,0,O=C(Nc1ccc2c(c1)CCNCC2)c1ccc(-c2cn[nH]c2)cc1
CHEMBL4079336,0,0,NC(=O)c1ccc(-c2ccncc2/C=C/C(=O)Nc2ccc(CN3CCOCC3)cc2)s1
CHEMBL137188,0,0,Cc1c(CNc2nc3ccccc3[nH]2)cccc1SCCN1CCOCC1
CHEMBL3938690,0,0,CNC(=O)N1CC=C(c2[nH]c3nccc4c3c2CN(C)c2ccc(F)cc2-4)CC1
CHEMBL3944411,0,0,CNC(=O)N1CCC=C(c2[nH]c3nccc4c3c2CN(C)c2ccc(F)cc2-4)C1
CHEMBL3673502,0,0,c1cc(-c2cncc(NCC3CCOCC3)n2)c2cc(C3CCNCC3)[nH]c2n1
CHEMBL3264265,0,0,CN(C)CCNc1cncc(-c2ccc3[nH]cc(C(=O)C4CC4)c3c2)n1
CHEMBL3959619,0,0,CCN1C(=O)CS/C1=N\NC(=O)c1cc2c([nH]c3ccccc32)c(-c2ccccc2)n1
CHEMBL3680698,0,0,CN1CCc2nc(NC(=O)c3cccc(CNC(=O)c4ccc(-c5cnco5)cc4)c3)sc2C1
CHEMBL3903896,0,0,N[C@H]1CCC[C@H](Nc2cccc(-c3n[nH]c4cnc(-c5cccnc5)cc34)n2)C1
CHEMBL3919783,0,0,N[C@H]1CCC[C@@H](Nc2cccc(-c3n[nH]c4cnc(-c5cccnc5)cc34)n2)C1
CHEMBL4114921,0,0,N[C@@H]1CCC[C@H](Nc2cccc(-c3n[nH]c4cnc(-c5cccnc5)cc34)n2)C1
CHEMBL4112372,0,0,N[C@@H]1CCC[C@@H](Nc2cccc(-c3n[nH]c4cnc(-c5cccnc5)cc34)n2)C1
CHEMBL1087920,0,0,Nc1nccc(-c2ccc3nc(C4COc5c(cccc5C(=O)NC5CC5)C4)[nH]c3c2)n1
CHEMBL3442136,0,1,Cc1ccc(N2CCc3sc(C(=O)NCCN4CCCC4)cc32)nn1
CHEMBL2134444,0,0,CC(=O)Nc1ccc(-c2ccnc3c2CC(C(=O)Nc2cccc(C(C)=O)c2)O3)cc1
CHEMBL166491,0,1,CN(C)CCNC(=O)c1cccc2[nH]c(-c3cccc4ccccc34)nc12
CHEMBL38221,0,0,CC1(C)C(=O)Nc2cc3[nH]c(-c4ccnnc4)cc3cc21
CHEMBL536148,0,0,COc1ccc2nc(-c3cc(-c4ccc(NC(C)=O)cc4)cnc3N)[nH]c2c1
CHEMBL1933173,0,0,O=C(Nc1cc(-c2cc3c([nH]2)C2(CCNCC2)CNC3=O)ccn1)c1cccc(OC(F)(F)F)c1
CHEMBL1933192,0,0,O=C(Nc1cc(-c2cc3c([nH]2)C2(CCNC2)CNC3=O)ccn1)c1cccc(OC(F)(F)F)c1
CHEMBL1933183,0,0,O=C(Nc1cc(-c2cc3c([nH]2)C2(CCCNC2)CNC3=O)ccn1)c1cccc(OC(F)(F)F)c1
CHEMBL3408215,0,0,O=C1NCCC12CCN(c1c(Cl)cncc1-c1ccc3[nH]ncc3c1)CC2
CHEMBL202758,0,0,CN1CCCN(C(=O)c2cc(Cc3nnc(O)c4ccccc34)ccc2F)CC1
CHEMBL379251,0,0,CCCN1CCCN(C(=O)c2cccc(Cc3nnc(O)c4ccccc34)c2)CC1
CHEMBL204132,0,0,CN1CCCN(C(=O)c2cccc(Cc3nnc(O)c4ccccc34)c2)CC1
CHEMBL381821,0,0,CCN1CCCN(C(=O)c2cccc(Cc3nnc(O)c4ccccc34)c2)CC1
CHEMBL204809,0,2,CCCN1CCCN(C(=O)c2cc(Cc3nnc(O)c4ccccc34)ccc2F)CC1
CHEMBL426116,0,0,CCN1CCCN(C(=O)c2cc(Cc3nnc(O)c4ccccc34)ccc2F)CC1
CHEMBL3962275,0,0,CC(=O)NC(C)(C)c1cncc(-c2cnc3c(c2)CCCN3C(N)=O)c1
CHEMBL148889,0,0,COc1ccc(-c2[nH]nc3c2C(=O)c2c(NC(=O)CN4CCN(C(N)=O)CC4)cccc2-3)cc1
CHEMBL346184,0,0,COc1ccc(-c2[nH]nc3c2C(=O)c2c(NC(=O)CN4CCC(C(N)=O)CC4)cccc2-3)cc1
CHEMBL3944602,0,0,CN1CCN(c2ccc(-c3ccc4c5[nH]ncc5c(=O)n(CC(F)(F)F)c4c3)cc2)CC1
CHEMBL3093061,0,4,O=C1Cc2cc(-c3nnc(NCc4ccccc4)o3)ccc2N1
CHEMBL3732609,0,0,Fc1cccc(-c2cnc3cnc(-c4ccc(N5CCNCC5)cc4)cn23)c1
CHEMBL4111719,0,0,Cc1cc(-c2n[nH]c3ccc(C(=O)N[C@@H]4CCC[C@](O)(CN5C(=O)Cc6ccccc65)C4)cc23)ccn1
CHEMBL4109042,0,0,Cc1cc(-c2n[nH]c3ccc(C(=O)N[C@@H]4CCC[C@@](O)(CN5C(=O)Cc6ccccc65)C4)cc23)ccn1
CHEMBL3668454,0,0,COc1ccc(F)cc1-c1ccnc2[nH]c(C3CCN(C(=O)CNCCO)CC3)cc12
CHEMBL1910198,0,0,Oc1ccc(-c2cncc(-c3cc4ccc(O)cc4[nH]3)n2)cc1
CHEMBL1910192,0,0,Oc1ccc(-c2cncc(-c3cc4cc(O)ccc4[nH]3)n2)cc1
CHEMBL3700023,0,1,COC[C@H]1CN[C@H](C)CN1CC(=O)N1CC(C)(c2ccccn2)c2ccc(Cc3ccccc3)cc21
CHEMBL1801277,0,0,O=C1NC2(CC2)Cc2[nH]c3c(c21)CCc1cnc(-c2cccc(F)c2)cc1-3
CHEMBL1801276,0,0,O=C1NC2(CC2)Cc2[nH]c3c(c21)CCc1cnc(-c2ccccc2F)cc1-3
CHEMBL3907875,0,0,Nc1cc(-c2cc(C3CC4CCC3N4)cnc2F)ccn1
CHEMBL3912444,0,0,Nc1ccc(-c2cc(C3CC4CCC3N4)cnc2F)cn1
CHEMBL3906911,0,0,Cc1nc2cccc(-c3cc4c(=O)[nH]nc(C)c4[nH]3)c2nc1NC(C)(C)C
CHEMBL3953807,0,3,Cc1nc2cccc(-c3cc4c(=O)[nH]ncc4[nH]3)c2nc1NC(C)(C)C
CHEMBL3902003,0,0,CN(C)CCNC(=O)c1cccc(-c2n[nH]c3ccc(-c4ncn[nH]4)cc23)c1
CHEMBL1164557,0,0,O=C(NCc1cnccn1)c1ccc2cc(-c3cc(Cc4ccccc4)[nH]n3)[nH]c2c1
CHEMBL1164453,0,0,Cn1cncc1CNC(=O)c1ccc2cc(-c3cc(Cc4ccccc4)[nH]n3)[nH]c2c1
CHEMBL3948808,0,0,NC(=O)N1CCCc2cc(-c3cncc(C4CCNCC4)c3)cnc21
CHEMBL3680760,0,0,CN1CCc2nc(NC(=O)c3cccc(CNC(=O)c4ccc(-c5cn[nH]c5)s4)c3)sc2C1
CHEMBL3680696,0,0,CN1CCc2nc(NC(=O)c3cccc(CNC(=O)c4cccc(-c5cn[nH]c5)c4)c3)sc2C1
CHEMBL4128245,0,4,CN1CCN(c2nc3c(s2)C=Cc2cc(Cl)ccc2C3c2cn(C)c(=O)[nH]c2=S)CC1
CHEMBL207743,0,0,N[C@@H](Cc1ccc(C(=O)O)cc1)C(=O)N1Cc2ccccc2C[C@H]1c1nc(-c2ccccc2)c[nH]1
CHEMBL1379519,0,0,Nc1ccc(C(=O)Nc2ccc3[nH]c(-c4ccncc4)nc3c2)cc1
CHEMBL2164424,0,0,CC(C)(O)CNS(=O)(=O)c1ccc(-c2ccnc3[nH]c(C4CC4)cc23)cc1
CHEMBL4112458,0,0,NC[C@H]1CCN(c2cccc(-c3n[nH]c4cnc(-c5cccnc5)cc34)n2)C1
CHEMBL3923697,0,0,NCC1CCN(c2cccc(-c3n[nH]c4cnc(-c5cccnc5)cc34)n2)CC1
CHEMBL3915324,0,0,NC[C@@H]1CCN(c2cccc(-c3n[nH]c4cnc(-c5cccnc5)cc34)n2)C1
CHEMBL3952715,0,1,Cc1nc2cccc(-c3cc4c([nH]3)CCNC4=O)c2nc1NC1CCCNC1=O
CHEMBL3700049,0,0,COC[C@H]1CN[C@H](C)CN1CC(=O)N1C[C@](C)(c2cc(C)no2)c2ccc(Cc3ccccc3)cc21
CHEMBL3700040,0,0,COC[C@H]1CN[C@H](C)CN1CC(=O)N1CC(C)(c2cccnc2)c2ccc(Cc3ccccc3)cc21
CHEMBL3700050,0,0,COC[C@H]1CN[C@H](C)CN1CC(=O)N1C[C@@](C)(c2cc(C)no2)c2ccc(Cc3ccccc3)cc21
CHEMBL1165507,0,0,Cn1nccc1CNC(=O)c1ccc2cc(-c3cc(Cc4ccccc4)[nH]n3)[nH]c2c1
CHEMBL370166,0,0,NCCNC(=O)c1ccc(Nc2nccc(-c3cc4ccccc4s3)n2)cc1
CHEMBL3347694,0,0,Nc1ncnc2c1sc1cc(-c3cccc(C(=O)NCC(=O)N4CCOCC4)c3)ccc12
CHEMBL481720,0,0,CN(C(=O)c1ccccc1)c1ccc2c(c1)[nH]/c(=N\C(=O)c1ccc(-c3cn[nH]c3)s1)n2CCC(N)=O
CHEMBL4066592,0,0,COC(=O)Nc1noc2cc(-c3c(-c4ccccn4)n[nH]c3C)ccc12
CHEMBL3947236,0,0,COc1cc(C(=O)NCC(c2ccccc2)N2CCCC2)ccc1-c1cn[nH]c1
CHEMBL3911197,0,0,COc1cc(C(=O)NCc2ccc3nc(N)sc3c2)ccc1-c1cn[nH]c1
CHEMBL4107027,0,0,Cc1n[nH]cc1-c1cc(OCCN(C)C)c(C(=O)N[C@H](C)c2ccccc2)cc1F
CHEMBL3963276,0,0,C[C@H](NC(=O)c1cc(F)c(-c2cn[nH]c2)cc1OCCN(C)C)c1ccccc1
CHEMBL3668539,0,0,COCCS(=O)(=O)N1CC2C=C(c3cc4c(-c5cc(F)ccc5OC)ccnc4[nH]3)CC2C1
CHEMBL1921981,0,0,NC(=O)c1ccc2cc(C3(O)CCn4cncc43)ccc2c1
CHEMBL1921976,0,0,CNC(=O)c1ccc2cc([C@@]3(O)CCn4cncc43)ccc2c1
CHEMBL1921977,0,0,CNC(=O)c1ccc2cc(C3(O)CCn4cncc43)ccc2c1
CHEMBL1921985,0,0,CNC(=O)c1ccc2cc([C@]3(O)CCn4cncc43)ccc2c1
CHEMBL1921982,0,0,CCNC(=O)c1ccc2cc(C3(O)CCn4cncc43)ccc2c1
CHEMBL1684197,0,0,O=c1[nH]c(C2COc3ccccc3C2)nc2ccc(-c3cn[nH]c3)cc12
CHEMBL1684204,0,0,O=c1[nH]c(C2COc3ccc(F)cc3C2)nc2ccc(-c3cn[nH]c3)cc12
CHEMBL1684203,0,0,Cc1ccc2c(c1)CC(c1nc3ccc(-c4cn[nH]c4)cc3c(=O)[nH]1)CO2
CHEMBL1684195,0,0,O=c1[nH]c(C2=Cc3ccccc3OC2)nc2ccc(-c3cn[nH]c3)cc12
CHEMBL210243,0,0,CC(=O)N1CCN(C(=O)c2cc(Sc3cnc(NC(=O)c4ccc(N(C)C)cc4)s3)ccc2N)CC1
CHEMBL3394388,0,2,Cc1cc(N)nc(CCc2cc(CN)cc(CCc3ccc4cc[nH]c4n3)c2)c1
CHEMBL3916316,0,1,Cc1nc2cccc(-c3cc4c([nH]3)CCNC4=O)c2nc1NC1(CO)CCC1
CHEMBL3891210,0,0,Cc1nc2cccc(-c3cc4c([nH]3)CCNC4=O)c2nc1NC1(CO)CC1
CHEMBL1969142,0,0,CC(=O)c1cccc(-c2ccnc3c2CC(C(=O)NCc2ccc(N4CCN(C)CC4)cc2)O3)c1
CHEMBL3479329,0,0,CCNCCOc1ccc(-c2cc(N)nc3[nH]ccc23)cc1
CHEMBL1922045,0,0,COc1cccc(CNC(=O)c2c[nH]c3cc(-c4cn[nH]c4)ccc23)c1
CHEMBL1923170,0,0,COc1ccc(CNC(=O)c2c[nH]c3cc(-c4cn[nH]c4)ccc23)cc1
CHEMBL3957651,0,2,CCN1CCCC1CNC(=O)c1cccc(CNC(=O)c2ccc(-c3cn[nH]c3)c(OC)c2)c1
CHEMBL3690951,0,0,CC(C)COCc1cccc(-c2cc(NC(=O)[C@@H]3CNC(=O)C3)nn2-c2ccccc2)c1
CHEMBL3657215,0,0,Nc1n[nH]c2cncc(-c3ccc(C(=O)N4CCCC4)cc3)c12
CHEMBL3927321,0,0,CC(C)(O)C1CCN(c2cncc(-c3cnc4c(c3)CCCN4C(N)=O)c2)CC1
CHEMBL2031613,0,0,O=c1ccc2cc(-c3nnc(N4CCC(N5CCCCC5)CC4)s3)ccc2[nH]1
CHEMBL2031611,0,0,O=C1Cc2cc(-c3nnc(N4CCC(N5CCCCC5)CC4)s3)ccc2N1
CHEMBL2031614,0,0,O=c1ccc2ccc(-c3nnc(N4CCC(N5CCCCC5)CC4)s3)cc2[nH]1
CHEMBL3957810,0,0,Cc1nc2cccc(-c3cc4c([nH]3)CCNC4=O)c2nc1N1CCOCC1
CHEMBL210046,0,0,CC(=O)N1CCN(C(=O)c2cc(N)cc(Sc3cnc(NC(=O)c4ccc(N(C)C)cc4)s3)c2)CC1
CHEMBL3648447,0,0,Cc1sc(C(=O)NC2[C@H](N)CCCC2(F)F)cc1-c1cnc2cccnn12
CHEMBL3648450,0,1,CCc1sc(C(=O)NC2[C@H](N)CCCC2(F)F)cc1-c1cnc2cc(C)cnn12
CHEMBL3641614,0,0,CNC1CC2(CCN(C(=O)c3cc4cc(Nc5nccc(-c6ccccn6)n5)ccc4[nH]3)C2)C1
CHEMBL3091516,0,5,Cn1c(CNc2ccc(C(=N)N)cc2)nc2cc(C3(C(=O)N4CCCC4)CC3)ccc21
CHEMBL3668518,0,0,COc1ccc(F)cc1-c1ccnc2[nH]c(C3CCN(CC(=O)N(C)CCO)CC3)cc12
CHEMBL3690509,0,0,Cc1nnc(-c2ccn3c(-c4cccc(NC(=O)NC5CC5)c4)cnc3c2)o1
CHEMBL3690510,0,0,O=C(Nc1cccc(-c2cnc3cc(-c4nncs4)ccn23)c1)NC1CC1
CHEMBL3885366,0,0,CN1CCN(Cc2ccc3c(c2)nc(NC(=O)c2ccc(-c4cn[nH]c4)s2)n3CC(C)(C)O)CC1
CHEMBL117565,0,0,CNC(=O)c1cc2c(Oc3ccc(C4=NCCN4)cc3)cncc2s1
CHEMBL2356519,0,0,CC(=O)Nc1ccc(-c2ccnc3c2CC(C)(C(=O)NC(C)C)O3)cc1
CHEMBL2358529,0,0,CC(=O)Nc1cccc(-c2ccnc3c2CC(C)(C(=O)NC(C)C)O3)c1
CHEMBL2138323,0,0,CC(=O)Nc1cccc(-c2ccnc3c2CC(C(=O)NC(C)C)O3)c1
CHEMBL256043,0,0,COc1cccc(NC(=O)Nc2ccc(-c3ccnc4[nH]nc(N)c34)cc2)c1
CHEMBL2359406,0,0,CN(C[C@H]1N[C@@H](CO)[C@@H]1c1ccc(-c2cccnc2)cc1)C(=O)c1ccccc1
CHEMBL3899149,0,1,NC1CCN(Cc2n[nH]c3cnc(-c4cn[nH]c4)cc23)CC1
CHEMBL3923702,0,0,N[C@H]1CCCN(Cc2n[nH]c3cnc(-c4cn[nH]c4)cc23)C1
CHEMBL2364299,0,0,C[C@H]1CN(Cc2ccc(N(C)C(=O)c3ccc(Oc4cccc(C#N)c4)cn3)cc2)CCN1
CHEMBL4216005,0,0,Cc1n[nH]cc1-c1cc2c(s1)C(=O)NC1(CCCCC1)N2
CHEMBL4097501,0,0,COC(=O)Nc1noc2cc(-c3c(C(C)C)n[nH]c3C)ccc12
CHEMBL4112809,0,0,C[C@@H]1C[C@@]2(Cc3ccc(-c4cncnc4)cc3[C@]23N=C(N)N(CC(C)(C)F)C3=O)C[C@H](C)[C@H]1O
CHEMBL292629,0,0,Cc1cn(-c2cc(C)c3c(c2)CN2C(=N3)NC(=O)C2(C)C)c(C)n1
CHEMBL3690380,0,0,N=C(C/C=C(\N)c1ccn2c(-c3cccc(NC(=O)NCC(F)(F)F)c3)cnc2c1)N1CCOCC1
CHEMBL1934759,0,0,N#Cc1c(-c2ccc[nH]c2=O)c2cc(Cl)ccc2n1Cc1ccnc(N)c1
CHEMBL3650799,0,0,CC1(C)Oc2ccc(-c3cnc4[nH]ccc4c3)cc2C2(COC(N)=N2)C12COC2
CHEMBL2295850,0,0,c1ccc(-c2nnn[nH]2)c(-c2ccc(CN3CCOCC3)cc2)c1
CHEMBL3347678,0,0,Nc1ncnc2c1sc1cc(-c3cccc(O)c3)ccc12
CHEMBL3347667,0,0,Nc1ncnc2c1sc1cc(-c3ccc(O)cc3)ccc12
CHEMBL3940157,0,0,O=C(NCC1CC1)c1cccc(-c2n[nH]c3ccc(-c4ncn[nH]4)cc23)c1
CHEMBL1650205,0,0,Nc1nc(-c2ccc(P(=O)(O)O)o2)c(-c2ccc(Cl)cc2)s1
CHEMBL504104,0,0,Nc1nc(-c2ccc(P(=O)(O)O)o2)c(-c2ccccc2)s1
CHEMBL3218213,0,0,Nc1nc(-c2ccc(P(=O)(O)O)o2)c(-c2ccccc2)o1
CHEMBL1650204,0,0,Nc1nc(-c2ccc(P(=O)(O)O)o2)c(-c2ccc(F)cc2)s1
CHEMBL1650214,0,0,Cc1oc(-c2nc(N)sc2-c2ccccc2)nc1P(=O)(O)O
CHEMBL1650179,0,0,CSc1ccc(-c2sc(N)nc2-c2ccc(P(=O)(O)O)o2)cc1
CHEMBL1716708,0,0,Cc1ccc(C2c3c(-c4ccccc4O)n[nH]c3C(=O)N2CCCO)cc1
CHEMBL4173911,0,0,Cc1cc(C)c(O)c(-c2n[nH]c3c2C(c2ccccc2)N(CCCO)C3=O)c1
CHEMBL358575,0,0,COc1ccc(-c2cncnc2)cc1CN[C@H]1CCCN[C@H]1c1ccccc1
CHEMBL3938830,0,0,O=C(Nc1ncccc1-c1ccc2c3[nH]ncc3c(=O)n(CC(F)(F)F)c2c1)C1CC1
CHEMBL3654687,0,0,Cc1cc(-c2n[nH]c3cc(NC(=O)NC(C)(C)C)ncc23)ccn1
CHEMBL472470,0,0,CC1(C)C(c2ccccc2)=C(c2nc3c(C(N)=O)cccc3[nH]2)C(C)(C)N1O
CHEMBL3218009,0,0,Nc1cccc(CNC(=O)Nc2nc(-c3ccncc3)cs2)c1
CHEMBL3923247,0,0,CNc1cccc(CNC(=O)Nc2nc(-c3ccncc3)cs2)c1
CHEMBL3954084,0,0,Nc1ccc(CNC(=O)Nc2nc(-c3ccncc3)cs2)cc1
CHEMBL1910122,0,0,Cc1nc2c(c(-c3ccc(Cl)cc3Cl)c1CN)CN(CC(=O)N1CCN(C)CC1)C2=O
CHEMBL4064948,0,0,COC(=O)Nc1noc2cc(-c3c(C4CC4)n[nH]c3C)ccc12
CHEMBL3216749,0,0,Cc1ccc(-c2c(CN)c(CC(C)C)nc3ccc(C(N)=O)cc23)cc1
CHEMBL4092983,0,0,CC(C)Cc1nc2ccc(C(N)=O)cc2c(-c2ccccc2)c1CN
CHEMBL482336,0,0,COc1ccc2c(c1)CC(C(=O)Nc1ccc(-c3cn[nH]c3)cc1OCCN(C)C)CO2
CHEMBL3221808,0,0,COc1ccc2c(c1)C[C@@H](C(=O)Nc1ccc(-c3cn[nH]c3)cc1OCCN(C)C)CO2
CHEMBL3221807,0,0,COc1ccc2c(c1)C[C@H](C(=O)Nc1ccc(-c3cn[nH]c3)cc1OCCN(C)C)CO2
CHEMBL3808445,0,0,Cc1nc2cccc3c2nc1NC/C=C\C[C@@H]1CNC(=O)c2cc-3[nH]c21
CHEMBL3808662,0,0,C/C1=C\C[C@H]2CNC(=O)c3cc([nH]c32)-c2cccc3nc(C)c(nc23)NC1
CHEMBL3949234,0,6,Cc1nc2cccc(-c3cc4c([nH]3)CCNC4=O)c2nc1N[C@@H](C)C(F)(F)F
CHEMBL3809044,0,0,Cc1nc2cccc3c2nc1NC/C=C/C[C@@H]1CNC(=O)c2cc-3[nH]c21
CHEMBL3809377,0,0,Cc1nc2cccc3c2nc1NC[C@H](C)CC[C@H]1CNC(=O)c2cc-3[nH]c21
CHEMBL3978345,0,4,Cc1nc2cccc(-c3cc4c([nH]3)CCNC4=O)c2nc1N[C@H](C)C(F)(F)F
CHEMBL3808459,0,1,CCCNc1nc2c(-c3cc4c([nH]3)CCNC4=O)cccc2nc1C
CHEMBL3916993,0,0,Cc1nc2cccc(-c3cc4c([nH]3)CCNC4=O)c2nc1NCC(F)(F)F
CHEMBL3809463,0,0,Cc1nc2cccc3c2nc1NC/C=C/C[C@H]1CNC(=O)c2cc-3[nH]c21
CHEMBL3809127,0,0,Cc1nc2cccc3c2nc1N[C@@H](C)CCC[C@H]1CNC(=O)c2cc-3[nH]c21
CHEMBL3808669,0,0,Cc1nc2cccc3c2nc1NCCCC[C@H]1CNC(=O)c2cc-3[nH]c21
CHEMBL3903517,0,0,Cc1nc2cccc(-c3cc4c([nH]3)[C@@H](C)NC4=O)c2nc1NCC(F)(F)F
CHEMBL3961776,0,1,Cc1nc2cccc(-c3cc4c([nH]3)CNC4=O)c2nc1NCC(F)(F)F
CHEMBL3809565,0,0,Cc1nc2cccc3c2nc1NC[C@@H](C)CC[C@H]1CNC(=O)c2cc-3[nH]c21
CHEMBL3949181,0,0,C=C(C)CNc1nc2c(-c3cc4c([nH]3)CCNC4=O)cccc2nc1C
CHEMBL3809623,0,0,CCCCNc1nc2c(-c3cc4c([nH]3)CCNC4=O)cccc2nc1C
CHEMBL3808887,0,0,Cc1nc2cccc3c2nc1N[C@H](C)/C=C/C[C@H]1CNC(=O)c2cc-3[nH]c21
CHEMBL3951627,0,0,CCNc1nc2c(-c3cc4c([nH]3)CCNC4=O)cccc2nc1C
CHEMBL3809940,0,0,C/C1=C/C[C@H]2CNC(=O)c3cc([nH]c32)-c2cccc3nc(C)c(nc23)NC1
CHEMBL3961097,0,1,Cc1nc2cccc(-c3cc4c([nH]3)[C@H](C)NC4=O)c2nc1NCC(F)F
CHEMBL3810121,0,0,Cc1nc2cccc3c2nc1NC/C=C\C[C@H]1CNC(=O)c2cc-3[nH]c21
CHEMBL3965960,0,0,Cc1nc2cccc(-c3cc4c([nH]3)[C@H](C)NC4=O)c2nc1NCC(F)(F)F
CHEMBL3910799,0,2,Cc1nc2cccc(-c3cc4c([nH]3)CCNC4=O)c2nc1N
CHEMBL3808942,0,0,Cc1nc2cccc3c2nc1NCCCC[C@@H]1CNC(=O)c2cc-3[nH]c21
CHEMBL3810095,0,0,Cc1nc2cccc3c2nc1N[C@H](C)CCC[C@H]1CNC(=O)c2cc-3[nH]c21
CHEMBL3809986,0,0,Cc1nc2cccc3c2nc1N[C@@H](C)/C=C/C[C@H]1CNC(=O)c2cc-3[nH]c21
CHEMBL3937161,0,2,Cc1nc2cccc(-c3cc4c([nH]3)[C@@H](C)NC4=O)c2nc1NCC(F)F
CHEMBL3809691,0,0,Cc1nc2cccc3c2nc1N[C@H](C)/C=C\C[C@H]1CNC(=O)c2cc-3[nH]c21
CHEMBL3972842,0,2,CNc1nc2c(-c3cc4c([nH]3)CCNC4=O)cccc2nc1C
CHEMBL498524,0,0,Cn1cc(-c2ccc3c(c2)CCN/C3=N/O)c(-c2ccncc2)n1
CHEMBL524643,0,0,Cn1cc(-c2ccc3c(c2)CN/C3=N/O)c(-c2ccncc2)n1
CHEMBL1822208,0,0,Nc1nc2ccc(-c3cnc(Cl)c(NS(=O)(=O)c4ccc(F)cc4)c3)cc2[nH]1
CHEMBL3913561,0,0,O=C1CNCCN1c1cccc(-c2n[nH]c3cnc(-c4cccnc4)cc23)n1
CHEMBL587873,0,0,Cc1cc2nc(-c3cc(-c4cccc(NS(C)(=O)=O)c4)cnc3N)[nH]c2cc1C
CHEMBL3341949,0,0,Nc1ncc(-c2ccc(N3CCNCC3)cc2)cc1-c1ccc2c(c1)OCCO2
CHEMBL3410022,0,0,CC(C)NC(=O)c1cccc(NC(=O)Nc2ccc(-c3cn[nH]c3)cc2)c1
CHEMBL1683425,0,0,CN1CCN(c2ccc(-c3cc(-c4cccc(C(=O)NCCC#N)c4)n[nH]3)cc2)CC1
CHEMBL3975293,0,1,O=C1NCCc2[nH]c(-c3cccc4ccc(Oc5cccnc5)nc34)cc21
CHEMBL596605,0,0,Fc1ccc2nc(NCCN3CCNCC3)c3c4ccccc4[nH]c3c2c1
CHEMBL596604,0,0,c1ccc2c(c1)nc(NCCN1CCNCC1)c1c3ccccc3[nH]c21
CHEMBL3977859,0,0,COc1cc(-c2ccc3c(c2)C2(N=C(N)N(C)C2=O)C2(CCC(OC)CC2)C3)ccn1
CHEMBL3729030,0,0,Cc1c(C#CC(C)(C)O)sc2c(N[C@@H]3CCNC3)nc(-c3ccncc3)nc12
CHEMBL1344128,0,0,CCCCNS(=O)(=O)c1ccc2nc(-c3cccnc3)cc(C(=O)NC(C)C)c2c1
CHEMBL155447,0,3,CC(=N)N1CCC(Oc2ccc3c(c2)OCC(=O)N3Cc2cc(-c3cccc(C(=N)N)c3)no2)CC1
CHEMBL1809264,0,0,Cc1cccc(-c2c(CN)c(CC(C)C)nc3ccc(OCC(N)=O)cc23)c1
CHEMBL1808463,0,0,CC(C)Cc1nc2ccc(OCC(N)=O)cc2c(-c2ccc(F)cc2)c1CN
CHEMBL4085958,0,0,CC(C)(C)Cc1nc2ccc(OCC(N)=O)cc2c(-c2ccccc2)c1CN
CHEMBL1809263,0,0,CC(C)Cc1nc2ccc(OCC(N)=O)cc2c(-c2cccc(F)c2)c1CN
CHEMBL1808464,0,0,Cc1ccc(-c2c(CN)c(CC(C)C)nc3ccc(OCC(N)=O)cc23)cc1
CHEMBL1809262,0,0,CC(C)Cc1nc2ccc(OCC(N)=O)cc2c(-c2ccccc2)c1CN
CHEMBL1852295,0,0,CNC(=O)COc1ccc2nc(CC(C)C)c(CN)c(-c3ccc(C)cc3)c2c1
CHEMBL3547697,0,0,NC[C@H]1CC[C@H](C(=O)N[C@@H](Cc2ccccc2)c2nc(-c3ccc(C(=O)O)cc3)c[nH]2)CC1
CHEMBL428580,0,0,Cn1cc(-c2ccc3c(CCCN)cc4cc[nH]c(=O)c4c3c2)cn1
CHEMBL1910726,0,0,CN(C)CCNC(=O)c1cc2c([nH]c3ccccc32)c(C(=O)c2c[nH]c3ccccc23)n1
CHEMBL277700,0,0,COc1ccc2[nH]c3c(C)c4ccnc(NCCCN)c4cc3c2c1
CHEMBL403070,0,0,Nc1n[nH]c2nccc(-c3ccc(NC(=O)NC4CCCCC4)cc3)c12
CHEMBL3799242,0,0,Cc1nc(N2CC[C@H](O)C2)ccc1-c1cc(C(F)(F)F)cc2[nH]ncc12
CHEMBL3798702,0,0,Cc1nc(N2CC[C@@H](O)C2)ccc1-c1cc(C(F)(F)F)cc2[nH]ncc12
CHEMBL3330131,0,1,CC(C)c1ccc(Cl)cc1-c1[nH]c(-c2ccnc(N)n2)cc1C(N)=O
CHEMBL3681840,0,0,CC(C)(O)Cn1cc(-c2cc(CO)c3c(c2)C(O)(C(F)(F)F)c2ccccc2-3)cn1
CHEMBL3897537,0,0,NC(=O)c1cc(-c2ccc(F)cc2)c2ccc(CN3CC(O)CC3C(N)=O)cc2n1
CHEMBL3701054,0,0,Cc1nccc(-c2ccc(C(=O)N3CCN(C4CC4)CC3)c(F)c2)c1C#Cc1ccc(N)nc1
CHEMBL3701065,0,0,Cc1nccc(-c2ccc(C(=O)N3CCN(C4CC4)CC3)cc2)c1C#Cc1ccc(N)nc1
CHEMBL3701086,0,0,CCc1nccc(-c2ccc(C(=O)N3CCN(C4CC4)CC3)c(F)c2)c1C#Cc1ccc(N)nc1
CHEMBL1825161,0,0,Cc1ccc(C(=O)NC2CC2)cc1-c1cnc2c(c1)NC(=O)C2(C)C
CHEMBL255381,0,0,O=C(C1CNCCO1)N1CCC(c2cc(-c3ccncc3)c(-c3ccc(F)cc3)[nH]2)CC1
CHEMBL350847,0,0,O=C(NCC1CN(c2ccccc2)CCN1)c1ccc(-n2ccnc2)cc1
CHEMBL3775775,0,0,CNC(=O)c1ccc2[nH]nc(Cc3ccc(-c4cnn(CC(C)(C)O)c4)cc3)c2c1
CHEMBL3586719,0,0,Cc1cc2c(-c3ccccc3)cnc(NC3CCNCC3)c2[nH]c1=O
CHEMBL1271128,0,0,NC(=O)c1cc(-c2ccnc(N)n2)[nH]c1-c1cccc2ccccc12
CHEMBL1271234,0,0,NC(=O)c1cc(-c2ccnc(N)n2)[nH]c1-c1csc2ccccc12
CHEMBL3641510,0,0,O=C(c1cc2cc(Nc3nccc(-c4ccccn4)n3)ccc2[nH]1)N1CCNCC1
CHEMBL3932111,0,0,O=C1CS/C(=N\NC(=O)c2cc3c([nH]c4ccccc43)c(-c3ccccc3F)n2)N1
CHEMBL3950895,0,0,O=C1CS/C(=N\NC(=O)c2cc3c([nH]c4ccccc43)c(-c3ccccc3Cl)n2)N1
CHEMBL3927033,0,0,O=C1CS/C(=N\NC(=O)c2cc3c([nH]c4ccccc43)c(-c3ccccc3)n2)N1
CHEMBL1956661,0,0,Cn1c(=O)[nH]c2ncc(-c3cccc(C(=O)NCCCN4CCOCC4)c3)cc21
CHEMBL4202639,0,0,CN1CCN(C(=O)c2ccc(-c3cn4c(-c5ccccc5O)cnc4cn3)cc2)CC1
CHEMBL3809895,0,0,CC(C)(C)c1cc(NC(=O)Nc2ccc(Cc3cc(N)n[nH]3)cc2)no1
CHEMBL2030491,0,0,Cc1c(-c2ccc(-c3cnn(CCN4CCOCC4)c3)cc2)[nH]c2ccccc2c1=O
CHEMBL3668457,0,0,COc1ccc(F)cc1-c1ccnc2[nH]c(C3=CCN(CC(O)CO)CC3)cc12
CHEMBL3668420,0,0,COc1ccc(F)cc1-c1ccnc2[nH]c(C3CCN(CC(O)CO)CC3)cc12
CHEMBL1200211,0,0,c1ccc2oc(-c3cncc(-c4cnn(C5CCNCC5)c4)c3)nc2c1
CHEMBL3477285,0,0,Cc1nc[nH]c1-c1nccn1-c1cccc(CN2CCCC2)c1
CHEMBL3900279,0,0,N[C@H]1CCCN(c2cncc(-c3cc4c(-c5ccccc5F)n[nH]c4cn3)n2)C1
CHEMBL4107949,0,0,N[C@@H]1CCN(c2cncc(-c3cc4c(-c5ccccc5F)n[nH]c4cn3)n2)C1
CHEMBL4115471,0,0,N[C@@H]1CCCN(c2cncc(-c3cc4c(-c5ccccc5F)n[nH]c4cn3)n2)CC1
CHEMBL3903586,0,0,N[C@H]1CCN(c2cncc(-c3cc4c(-c5ccccc5F)n[nH]c4cn3)n2)C1
CHEMBL3634779,0,0,NC1CCN(c2cncc(-c3cc4c(-c5ccccc5F)n[nH]c4cn3)n2)CC1
CHEMBL3891729,0,0,N[C@H]1CCCN(c2cncc(-c3cc4c(-c5ccccc5F)n[nH]c4cn3)n2)CC1
CHEMBL4107874,0,0,N[C@@H]1CCCN(c2cncc(-c3cc4c(-c5ccccc5F)n[nH]c4cn3)n2)C1
CHEMBL3700795,0,0,Nc1cnc(-c2ccc(-c3ccccc3C(=O)NC3CCOCC3)cc2F)cn1
CHEMBL2135044,0,0,CC(=O)Nc1ccc(-c2ccnc3c2CC(C)(C(=O)NCc2ccc(N(C)C)cc2)O3)cc1
CHEMBL1994464,0,0,CC(=O)Nc1cccc(-c2ccnc3c2CC(C(=O)NCc2ccc(N(C)C)cc2)O3)c1
CHEMBL1903495,0,0,CC(=O)Nc1cccc(-c2ccnc3c2CC(C)(C(=O)NCc2ccc(N(C)C)cc2)O3)c1
CHEMBL1779354,0,1,CCN1CCC2(CC1)CNC(=O)c1cc(-c3ccnc(-c4cc5ccccc5o4)n3)[nH]c12
CHEMBL1779353,0,7,CN1CCC2(CC1)CNC(=O)c1cc(-c3ccnc(-c4cc5ccccc5o4)n3)[nH]c12
CHEMBL2263592,0,0,Oc1cc(-c2ccccc2)c2ccc(N3CCNCC3)nc2n1
CHEMBL77410,0,1,COc1cccc2c(C(=O)N[C@@H](Cc3ccccc3)c3cc[nH]n3)c(C)n(CCN3CCOCC3)c12
CHEMBL4211842,0,8,CC(C)(O)CN1CCC(c2nc(COc3ccc(/C=C4\CC(=O)NC4=O)cc3F)cs2)CC1
CHEMBL4211957,0,0,CC(C)(O)CN1CCC(c2nc(COc3ccc(/C=C4\CC(=O)NC4=O)cc3)cs2)CC1
CHEMBL3942159,0,0,OC1(c2cccc(-c3n[nH]c4cnc(-c5cccnc5)cc34)n2)CCNCC1
CHEMBL3940007,0,0,N[C@H]1CCCN(c2nc(-c3n[nH]c4cnc(-c5cccnc5)cc34)ccc2C2CC2)C1
CHEMBL1215022,0,0,NC(C(=O)Nc1ccc(-c2cn[nH]c2)cc1)c1ccc(Cl)cc1
CHEMBL324287,0,1,CN(Cc1ccccc1)[C@@H]1CCN(CCc2c[nH]c3ccc(-n4cnnc4)cc23)C1
CHEMBL3673534,0,0,CN1CCC(c2cc3c(-c4cncc(NCc5cccnc5)n4)ccnc3[nH]2)CC1
CHEMBL3658720,0,0,Cc1cc(-c2n[nH]c3cc(NC(=O)NC4(c5ccncc5)CC4)ncc23)ccn1
CHEMBL3658717,0,0,Cc1cc(-c2n[nH]c3cc(NC(=O)NC4(c5ccncc5)CCC4)ncc23)ccn1
CHEMBL3347511,0,0,Nc1ncnc2c1sc1cc(-c3ccc(NC=O)cc3)ccc12
CHEMBL3347658,0,0,Nc1ncnc2c1sc1cc(-c3cccc(NC=O)c3)ccc12
CHEMBL3958373,0,0,NCCCCN(Cc1ccccn1)Cc1nccc2c1[nH]c1ccccc12
CHEMBL3357009,0,0,CCNC(=O)Nc1nc2cc(-c3ccc(C(C)(C)O)nc3)cc(C3CCCO3)c2[nH]1
CHEMBL185525,0,0,COc1ccc(-c2[nH]nc3c2C(=O)c2c(NC(=O)NNC(=O)C(C)C)cccc2-3)cc1
CHEMBL3787263,0,0,Oc1ccc2c(c1)[C@]13CCN(CC4CC4)[C@@H](C2)[C@]1(O)Cc1cc2ccccc2nc1C3
CHEMBL1270475,0,3,Oc1ccc2c(c1)[C@]13CCN(CC4CC4)[C@H](C2)[C@]1(O)Cc1cc2ccccc2nc1C3
CHEMBL559054,0,0,CN(C)CCNC(=O)c1cc2c3cc(Cl)ccc3[nH]c2c2ccncc12
CHEMBL3645546,0,0,CN1CCN(CC(=O)Nc2cccc(-c3cnc4ccccc4n3)c2)CC1
CHEMBL3589034,0,0,CNCCN(C)Cc1cn[nH]c1-c1ccc(OC(CO)C(C)C)cc1
CHEMBL2144373,0,0,CC(=O)Nc1ccc(NC(=O)C2Cc3c(-c4cccc(F)c4)ccnc3O2)cc1
CHEMBL4228811,0,0,Cn1nccc1-c1cccc(NC(=O)NC2CCN(Cc3ccccc3)CC2)c1
CHEMBL4093545,0,0,O=C(CNC(=O)c1ccc(-c2cnccc2OCC2CCNCC2)cc1)Nc1ccccc1
CHEMBL3804839,0,0,COc1ccc(-c2cn[nH]c2N)cc1-c1cccc(N)c1
CHEMBL3758292,0,5,Cc1cc(O)cc(C)c1C[C@H](N)C(=O)N1Cc2ccccc2C[C@@H]1C(=O)NCc1nc2ccccc2[nH]1
CHEMBL109390,0,4,Cc1cc(O)cc(C)c1C[C@H](N)C(=O)N1Cc2ccccc2C[C@H]1C(=O)NCc1nc2ccccc2[nH]1
CHEMBL607479,0,2,Cc1cc(O)cc(C)c1C[C@H](N)C(=O)N1Cc2ccccc2C[C@H]1C(=O)N[C@@H](C)c1nc2ccccc2[nH]1
CHEMBL1682898,0,6,CNC(=O)c1ccc2cc(C(O)(c3c[nH]cn3)C(C)C)ccc2c1C
CHEMBL1650213,0,0,Nc1nc(-n2ccc(P(=O)(O)O)c2)c(-c2ccccc2)s1
CHEMBL3654623,0,3,CCOC(=O)C1CCN(Cc2ccccc2)CC1NC(=O)c1ccc2[nH]nc(-c3ccncc3)c2c1
CHEMBL2032149,0,0,Nc1ncc(-c2cnn(C3CCNCC3)c2)cc1-c1nc2cc(Cl)ccc2o1
CHEMBL1170608,0,0,Nc1ncc(-c2cnn(C3CCNCC3)c2)cc1-c1nc2ccccc2o1
CHEMBL1200214,0,0,CNc1ncc(-c2cnn(C3CCNCC3)c2)cc1-c1nc2ccccc2o1
CHEMBL1083303,0,0,CN1C[C@@H]2C[C@H]1CN2c1ccc(-c2ccc3[nH]ncc3c2)nn1
CHEMBL1923176,0,0,COc1cccc(CCNC(=O)c2c[nH]c3cc(-c4cn[nH]c4)ccc23)c1
CHEMBL2407552,0,0,COc1ccc(S(=O)(=O)Nc2n[nH]c3c2CCN(CC2CCNCC2)C3=O)cc1
CHEMBL1871089,0,0,CC(=O)c1ccc(-c2cnc3c(NC=O)cc(-c4ccc(C(=O)N5CCOCC5)cc4)cn23)cc1
CHEMBL1900641,0,0,CC(=O)c1cccc(-c2cnc3c(NC=O)cc(-c4ccc(C(=O)N5CCOCC5)cc4)cn23)c1
CHEMBL1890777,0,0,CN(C)C(=O)c1cccc(-c2cnc3c(NC=O)cc(-c4ccc(C(=O)N5CCOCC5)cc4)cn23)c1
CHEMBL3923796,0,0,FC1(F)CCN(c2cc(-c3n[nH]c4ccc(-c5cn[nH]c5)cc34)ncn2)CC1
CHEMBL3908119,0,0,CN1Cc2c(C3=CCN(CC(=O)N4CC(CO)C4)CC3)[nH]c3ncc(F)c(c23)-c2cc(F)ccc21
CHEMBL3692204,0,1,NC(=O)Cc1cccnc1CCc1nc(Nc2ccc(C3CCCNC3)cc2)ncc1C(F)(F)F
CHEMBL3692197,0,0,NC(=O)Cc1cccnc1CCc1nc(Nc2ccc(C3CCNCC3)cc2)ncc1C(F)(F)F
CHEMBL588142,0,0,Nc1ncc(-c2ccsc2)c2ccc(-c3cnc[nH]3)cc12
CHEMBL3596565,0,0,N=C(N)Nc1ccc(-c2cc(C(=O)Nc3ccc(O)cc3)n[nH]2)cc1
CHEMBL3656139,0,0,COC1CCC2(CC1)Cc1ccc(-c3cccnc3)cc1C21N=C(N)N(C)O1
CHEMBL3906436,0,0,COC1CCC2(CC1)Cc1ccc(-c3cncs3)cc1C21N=C(N)N(C)O1
CHEMBL1209124,0,0,Oc1cncc(-c2ccccc2O[C@H]2C[C@@H]3CNC[C@H]2C3)c1
CHEMBL1229183,0,0,Oc1cncc(-c2ccccc2O[C@@H]2C[C@H]3CNC[C@@H]2C3)c1
CHEMBL148995,0,0,CN(C)c1ccc(-c2[nH]nc3c2C(=O)c2c(NC(=O)CN4CCC(CN)CC4)cccc2-3)cc1
CHEMBL149834,0,0,COc1ccc(-c2[nH]nc3c2C(=O)c2c(NC(=O)CN4CCC(CN)CC4)cccc2-3)cc1
CHEMBL461446,0,0,C[C@@H]1CN(Cc2ccc(-c3cccnc3C(=O)N3CCC(Nc4ccc(C(N)=O)cc4)CC3)cc2)C[C@H](C)N1
CHEMBL3408206,0,0,O=C1NCCC12CCN(c1c(Cl)cncc1-c1ccc(N3CCNCC3)cc1)CC2
CHEMBL3673211,0,0,COC1CCC2(CC1)Cc1ccc(-c3cccnc3)cc1C21N=C(N)N2CCCN=C21
CHEMBL4073971,0,0,Cc1n[nH]cc1-c1cc2nc(CCN3CCCC3)[nH]c(=O)c2s1
CHEMBL2381230,0,6,CN(c1ccccc1)c1nc(C(=O)Nc2ccccc2N2CCNCC2)cs1
CHEMBL3658719,0,0,Cc1cc(-c2n[nH]c3cc(NC(=O)NC4(c5ccccn5)CCC4)ncc23)ccn1
CHEMBL3658716,0,0,Cc1cc(-c2n[nH]c3cc(NC(=O)NC4(c5ccccn5)CC4)ncc23)ccn1
CHEMBL261518,0,0,O=C(CCCN1CCOCC1)Nc1n[nH]c2nnc(-c3ccccc3)cc12
CHEMBL1963530,0,0,Cn1c(=O)[nH]c2ncc(-c3cccc(C(=O)NCCN)c3)cc21
CHEMBL4087489,0,0,C1=CC2=C(Cc3nnc(Cc4nc5ccccc5[nH]4)o3)CNC2C=C1
CHEMBL4112542,0,0,CN[C@H](C)C(=O)Nc1cc(-c2ncnc3oc(C)c(C)c23)cc(C#Cc2ccccc2)n1
CHEMBL3668449,0,0,CN1CCC(c2cc3c(-c4nc(NCc5nnc[nH]5)ccc4Cl)ccnc3[nH]2)CC1
CHEMBL1910727,0,0,CNCCNC(=O)c1cc2c([nH]c3ccccc32)c(C(=O)c2c[nH]c3ccccc23)n1
CHEMBL1910723,0,0,NCCNC(=O)c1cc2c([nH]c3ccccc32)c(C(=O)c2c[nH]c3ccccc23)n1
CHEMBL350690,0,0,O=C(Nc1cc(-c2ccncc2)[nH]n1)C1Cc2ccc3ccccc3c2C1
CHEMBL3693186,0,0,CC(C)(C)NS(=O)(=O)c1ccccc1-c1ccc(-c2cnc3[nH]cnc3n2)c(F)c1
CHEMBL3668495,0,0,COc1ccc(F)cc1-c1ccnc2[nH]c(C3=CCN(CC(=O)O)CC3)cc12
CHEMBL3718878,0,0,Cc1nn2c(=O)cc(-c3ccc(C(N)=O)cc3)[nH]c2c1Cc1ccc(Cl)cc1
CHEMBL4126982,0,0,CN(C)CCNC(=O)c1cccc(-c2ccc3nccc(-c4ccncc4)c3n2)c1
CHEMBL400863,0,0,NS(=O)(=O)c1ccc(-c2cnc3cccc(Nc4ccccn4)c3c2)cc1
CHEMBL1825155,0,0,Cc1ncc(C(=O)NC2CC2)cc1-c1ccc2c(c1)NC(=O)C21CCCC1
CHEMBL3914697,0,0,CN1Cc2c(C3=CC4CN(S(C)(=O)=O)CC4C3)[nH]c3nccc(c23)-c2cc(F)ccc21
CHEMBL2322676,0,0,NC(=O)c1cc(-c2c[nH]c3ncccc23)cc(N[C@H]2CC[C@H](O)CC2)n1
CHEMBL3930419,0,0,CN1C(=N)N[C@](C)(c2sc3c(-c4ccc(C5CC5)nc4)cccc3c2F)CS1(=O)=O
CHEMBL3690931,0,0,CC(C)COc1cccc(-c2cc(NC(=O)[C@H]3CNC(=O)C3)nn2-c2ccccc2)c1
CHEMBL3690930,0,0,CC(C)COc1cccc(-c2cc(NC(=O)[C@@H]3CNC(=O)C3)nn2-c2ccccc2)c1
CHEMBL1289262,0,1,COc1ccc2c(c1)c(CCNC(C)=O)cn2-c1c[nH]nc1-c1ccccc1
CHEMBL2355746,0,0,CC(=O)Nc1cccc(-c2ccnc3c2CC(C(=O)Nc2ccccc2)O3)c1
CHEMBL1997766,0,0,CC(=O)Nc1ccc(-c2ccnc3c2CC(C(=O)Nc2ccccc2)O3)cc1
CHEMBL3586460,0,0,O=c1c2cn[nH]c2c2cnc(-c3ccccc3CNC3CC3)cc2n1CC(F)(F)F
CHEMBL3685178,0,0,Cc1c(N)cncc1-c1ccc2cc(NC(=O)C3CC3)ncc2c1
CHEMBL3685143,0,0,Nc1cncc(-c2ccc3cc(NC(=O)C4CC4)ncc3c2)c1
CHEMBL3689566,0,0,Cc1ncc(N)cc1-c1ccc2cc(NC(=O)C3CC3)ncc2c1
CHEMBL2011965,0,0,CN1C(=N)N[C@@](c2cccc(-c3cncc(Cl)c3)c2)(C2CC2)C1=O
CHEMBL2012069,0,0,CN1C(=N)NC(c2cccc(-c3cncc(Cl)c3)c2)(C2CC2)C1=O
CHEMBL2012070,0,0,CC#Cc1cncc(-c2cccc([C@@]3(C4CC4)NC(=N)N(C)C3=O)c2)c1
CHEMBL2012003,0,0,CN1C(=N)NC(c2cccc(-c3cccnc3)c2)(C2CC2)C1=O
CHEMBL2011964,0,0,Cc1cncc(-c2cccc(C3(C4CC4)NC(=N)N(C)C3=O)c2)c1
CHEMBL2012006,0,0,CN1C(=N)NC(c2cccc(-c3cncc(F)c3)c2)(C2CC2)C1=O
CHEMBL4060479,0,0,Nc1cc(-c2n[nH]c3ccc(Nc4ccccc4)cc23)ccn1
CHEMBL4107997,0,0,CCNC[C@@H](NC(=O)c1ccc(-c2cn[nH]c2)c(OC)c1)c1c(F)cccc1F
CHEMBL3955270,0,0,COc1cc(C(=O)NC(CN)c2ccccc2)ccc1-c1cn[nH]c1
CHEMBL4114628,0,0,COc1cc(C(=O)N[C@H](CN)c2ccccc2)ccc1-c1cn[nH]c1
CHEMBL3907599,0,1,CN(C)CCCNC(=O)c1ccccc1-c1ccc2c3[nH]ncc3c(=O)n(CC(F)(F)F)c2c1
CHEMBL1825163,0,0,Cc1ccc(C(=O)NC2CC2)cc1-c1cnc2c(c1)NC(=O)C21CCCC1
CHEMBL1374245,0,0,CN1CCN(c2cc(-c3cc(O)c4ncccc4c3)ccn2)CC1
CHEMBL157299,0,0,N=C(N)c1cccc(-c2ocnc2C(=O)Nc2ccc(-c3ccccc3S(N)(=O)=O)cc2)c1
CHEMBL530055,0,0,Nc1ccc(-c2ccc(NC(=O)Nc3ccccc3)cc2)cn1
CHEMBL1910724,0,0,NCCCNC(=O)c1cc2c([nH]c3ccccc32)c(C(=O)c2c[nH]c3ccccc23)n1
CHEMBL4126757,0,0,Cc1noc(C)c1-c1cc(O)cc(C(=O)N2CCNCC2)c1
CHEMBL3663034,0,0,Cc1cc(-c2n[nH]c3cc(NC(=O)N[C@@H]4COC[C@H]4c4ccccc4)ncc23)ccn1
CHEMBL481684,0,0,COC(=O)c1ccc2c(c1)CC(C(=O)Nc1ccc(-c3cn[nH]c3)cc1)CO2
CHEMBL3980708,0,0,CNC(=O)NCCCCNC(=O)c1c2ccncc2c(C)c2c1[nH]c1ccccc12
CHEMBL3544966,0,0,O=C1NC(=O)/C(=C/c2ccc3nccc(-c4ccncc4)c3c2)S1
CHEMBL36660,0,0,CC1(C)C(=O)Nc2cc3[nH]c(-c4ccnnc4)nc3cc21
CHEMBL3912650,0,6,O=C(CNC(=O)c1cnc2[nH]c(-c3ccccc3)cc2c1)NCCc1c[nH]c2ccccc12
CHEMBL3649643,0,0,NC(=O)c1cc(-c2ccc(C3CC3)nc2)nc2c1[nH]c1cc(N3CCOCC3)ccc12
CHEMBL2071339,0,0,NC(=O)[C@@H]1CCCN1C(=O)Nc1nc2ccc(-c3cnc(N)c(C(F)(F)F)c3)cc2s1
CHEMBL475601,0,0,COc1ccc2c(c1)CC(C(=O)Nc1ccc(-c3cn[nH]c3)cc1)CO2
CHEMBL378003,0,3,c1ccc2c(-c3nc4cc(-n5ccnc5)ccc4[nH]3)[nH]nc2c1
CHEMBL1922132,0,0,COc1cccc(CNC(=O)c2c[nH]c3nc(-c4cn[nH]c4)ccc23)c1
CHEMBL487664,0,0,CCNC(=O)Nc1nc2cc(-c3cccnc3)cc(-c3cccnc3)c2[nH]1
CHEMBL261441,0,0,O=C(CCCN1CCCC1)Nc1n[nH]c2nnc(-c3ccccc3)cc12
CHEMBL3702013,0,0,c1ccc(-c2nnc(Nc3ccc([C@H]4CNCCO4)cc3)o2)cc1
CHEMBL3927458,0,0,Cc1nc2cccc(-c3cc(C(N)=O)n[nH]3)c2nc1NC(C)(C)C
CHEMBL2348581,0,0,Oc1cccc(-c2nc3ccccc3n2-c2ccnc(N[C@@H]3CCCNC3)c2)c1
CHEMBL2332071,0,0,COc1cccc(CN(CCN2CCOCC2)C(=O)Nc2ccc(-c3cn[nH]c3)cc2)c1
CHEMBL4085010,0,0,Cc1n[nH]c2nccc(-c3ccc(NC(=O)Nc4ccn[nH]4)cc3)c12
CHEMBL439663,0,0,COc1ccc2c(ccc3[nH]c4c(C)cnc(NCCCN)c4c32)c1
CHEMBL2333885,0,0,NCc1cccc(C(=O)NC(c2ccc(Cl)cc2)c2nc3ccc(-c4cn[nH]c4)cc3c(=O)[nH]2)c1
CHEMBL2333884,0,0,NCc1ccc(C(=O)NC(c2ccc(Cl)cc2)c2nc3ccc(-c4cn[nH]c4)cc3c(=O)[nH]2)cc1
CHEMBL2334290,0,0,Nc1nccc(-c2ccc3nc([C@@H]4CNC[C@H]4c4ccccc4)[nH]c(=O)c3c2)n1
CHEMBL3892467,0,0,CC(=O)N1CCc2c(c(Nc3cccc(-c4cn[nH]c4)c3)nn2CC2CC2)C1
CHEMBL3786681,0,0,NCCCCCC(=O)Nc1ccc2nc(N3CCNCC3)nc(-c3ccccc3)c2c1
CHEMBL4215039,0,0,Nc1ccccc1-c1nnc(SCC(=O)Nc2nc3ccccc3[nH]2)s1
CHEMBL567687,0,0,COc1ccc(C2(c3cccc(-c4cccnc4)c3)N=C(N)N(C)C2=O)cc1OC(C)C
CHEMBL248143,0,0,CC(=O)NC[C@H]1CN(c2ccc3c(c2)CCCc2c(-c4ccc(O)cc4)n[nH]c2-3)C(=O)O1
CHEMBL3917379,0,0,NCCC1CNC(=O)c2cc(-c3ccnc(Cl)c3)c(-c3ccc(CO)cc3)n21
CHEMBL1916908,0,8,CSCCC(N)c1nc(C(=O)CC(Cc2c[nH]c3ccccc23)C(N)=O)cs1
CHEMBL3484281,0,0,CNc1cc(-c2cccc(CN)c2)c2cc[nH]c2n1
CHEMBL3484721,0,0,CCCNCc1ccc(-c2cc(N)nc3[nH]ccc23)cc1
CHEMBL3919294,0,0,COc1nc2cccc(-c3cc4c([nH]3)CCNC4=O)c2nc1NC(C)(C)C
CHEMBL1801300,0,0,O=C1NC2(CC2)Cc2[nH]c3c(c21)CCc1cnc(-c2ccc(F)nc2)nc1-3
CHEMBL3982492,0,0,CC(=O)NCCOc1cccc(-c2n[nH]c3ccc(-c4ncn[nH]4)cc23)c1
CHEMBL3479349,0,0,O=C(O)c1ccccc1-c1c(-c2ccccc2)ncn1C[C@H]1CCCN1
CHEMBL2333883,0,0,NCCC(=O)NC(c1ccc(Cl)cc1)c1nc2ccc(-c3cn[nH]c3)cc2c(=O)[nH]1
CHEMBL4106643,0,0,Nc1ncc(C2CCOCC2)cc1-c1ccc(C(=O)N[C@H](CO)c2ccccc2)cc1
CHEMBL4114871,0,0,Nc1ncc(C2CCOCC2)cc1-c1ccc(C(=O)N[C@H](CO)c2ccccc2)cc1F
CHEMBL4108211,0,0,Nc1ncc(C2CCOCC2)cc1-c1ccc(C(=O)N[C@H](CO)c2ccccc2)c(F)c1
CHEMBL4109176,0,0,Nc1ncc(-c2cnoc2)cc1-c1ccc(C(=O)N[C@H](CO)c2ccccc2)c(F)c1
CHEMBL4109608,0,0,Cc1oncc1-c1cnc(N)c(-c2ccc(C(=O)N[C@H](CO)c3ccccc3)c(F)c2)c1
CHEMBL4108261,0,0,CC1N=CC=C1c1cnc(N)c(-c2ccc(C(=O)N[C@H](CO)c3cccc(F)c3)c(F)c2)c1
CHEMBL4108953,0,0,Nc1ncc(-c2ccncc2)cc1-c1ccc(C(=O)N[C@H](CO)c2ccccc2)cc1
CHEMBL3957084,0,0,CN(C)Cc1n[nH]c(-c2ccc3[nH]nc(-c4cc5ccccc5o4)c3c2)n1
CHEMBL3964644,0,0,NC(=O)c1cc(-c2ccc(F)cc2)c2ccc(C(O)Cc3cccnc3)cc2n1
CHEMBL3933127,0,0,CCn1c(=O)c2cn[nH]c2c2ccc(-c3ccc(N)nc3)cc21
CHEMBL3479840,0,0,COCCNc1cc(-c2ccccc2CCN)c2cc[nH]c2n1
CHEMBL1083616,0,0,Cc1cc2cc(-c3ccc(N4C[C@@H]5C[C@H]4CN5C)nn3)ccc2[nH]1
CHEMBL1083615,0,0,CN1C[C@@H]2C[C@H]1CN2c1ccc(-c2ccc3cc[nH]c3c2)nn1
CHEMBL1083304,0,0,CN1C[C@@H]2C[C@H]1CN2c1ccc(-c2ccc3[nH]ccc3c2)nn1
CHEMBL1083614,0,0,CN1C[C@@H]2C[C@H]1CN2c1ccc(-c2ccc3[nH]c(C(F)(F)F)cc3c2)nn1
CHEMBL521006,0,0,Cc1ccc(CN2CCC(C(=O)Nc3ccc4c(c3)CCc3nnc(C)n3-4)CC2)cc1
CHEMBL472858,0,0,Cc1nnc2n1-c1ccc(NC(=O)C3CCN(Cc4cccc(F)c4)CC3)cc1CC2
CHEMBL473678,0,9,Cc1nnc2n1-c1ccc(NC(=O)C3CCN(Cc4ccccc4F)CC3)cc1CC2
CHEMBL514944,0,2,Cc1nnc2n1-c1ccc(NC(=O)C3CCN(Cc4ccccc4)CC3)cc1CC2
CHEMBL470644,0,1,Cc1nnc2n1-c1ccc(NC(=O)C3CCN(Cc4ccc(F)cc4)CC3)cc1CC2
CHEMBL1801275,0,0,COc1ccc(-c2cc3c(cn2)CCc2c-3[nH]c3c2C(=O)NCC3)cc1
CHEMBL1801386,0,0,COc1ccc(-c2cc3c(ccc4c5c([nH]c43)CCNC5=O)cn2)cc1F
CHEMBL1801377,0,0,COc1ccc(-c2cc3c(ccc4c5c([nH]c43)CNC5=O)cn2)cc1
CHEMBL1818554,0,0,Cc1cccc(Nc2nc(-c3ccncc3C#CCN3CCN(C)CC3)cs2)c1
CHEMBL4088455,0,0,Cc1[nH]nc(C2CC2)c1-c1ccc2c(NC(=O)C3CC3)noc2c1
CHEMBL3963049,0,0,CC(C)(O)c1cncc(-c2cnc3c(c2)CCCN3C(N)=O)c1
CHEMBL3925571,0,0,O=c1c2cn[nH]c2c2ccc(-c3cccnc3N3CCCNCC3)cc2n1CC(F)(F)F
CHEMBL1824341,0,0,CC(C)CCn1cc(C2(c3cccc(-c4cccnc4F)c3)N=C(N)N(C)C2=O)cn1
CHEMBL1824342,0,0,CN1C(=O)C(c2cccc(-c3cccnc3F)c2)(c2cnn(CCC(C)(C)C)c2)N=C1N
CHEMBL3970028,0,0,Nc1ncc(C2CCOCC2)cc1-c1ccc2c(c1)CCNC2=O
CHEMBL3220859,0,0,Cc1noc(C)c1-c1ccc2c(c1)C(OCCCN1CCNCC1)CC2
CHEMBL546956,0,1,CCCNc1ccc(-c2cc(C(N)=O)c3[nH]cc(C4CCN(S(=O)(=O)CC)CC4)c3c2)cn1
CHEMBL1774654,0,0,Nc1ncc(-c2ccc(CN3CCOCC3)cc2)c(-c2ccccc2O)n1
CHEMBL4082775,0,7,O=C(NCc1ccccc1)c1cccc(NCc2nc(-c3ccncc3)n[nH]2)c1
CHEMBL456169,0,0,O=C(CN1CCN(Cc2ccccc2)CC1)Nc1ccc2c(c1)CCc1nnc(Cc3ccccc3)n1-2
CHEMBL2086585,0,0,COc1ccc(-c2cnc(NC(=O)CCCCN3CCCN(C(C)=O)CC3)[nH]2)cc1
CHEMBL2004802,0,0,O=C(CN1CCN(c2ccccc2)CC1)N1CCc2c([nH]c3ccccc23)C1c1cccnc1
CHEMBL1866327,0,0,CC(=O)Nc1ccc(NC(=O)C2Cc3c(-c4cccc(C(C)=O)c4)ccnc3O2)cc1
CHEMBL2334584,0,0,Nc1ncc2c(n1)-c1c([nH]c3ccc(C#Cc4cccnc4)cc13)CCC2
CHEMBL3697425,0,0,Cc1cc(C)c(CNC(=O)c2cc(-c3ccc(CN(C)C)nc3)cc(N(C)C3CCOCC3)c2C)c(=O)[nH]1
CHEMBL3939240,0,0,N#Cc1cncc(-c2cccc(C3(C4CC4)NC(=N)N(C4CCCCC4)C3=O)c2)c1
CHEMBL4091112,0,0,CCc1nnc(-c2cc(-c3ccc4[nH]ccc4c3)cnc2N)o1
CHEMBL4073492,0,0,Cn1ccc(-c2cc(-c3ccc4[nH]ccc4c3)cnc2N)n1
CHEMBL4103716,0,0,Cc1nnc(-c2cc(-c3ccc4[nH]ccc4c3)cnc2N)o1
CHEMBL3440980,0,0,N#CC1(C(=O)N2Cc3cc(-c4cc[nH]n4)ccc3C2c2cnco2)CC1
CHEMBL1933177,0,0,O=C(Nc1cc(-c2cc3c([nH]2)C2(CCNCC2)CNC3=O)ccn1)c1ccncc1
CHEMBL4240949,0,0,O=C(Cc1cccc(OCCN2CCNCC2)c1)Nc1nc(-c2ccncc2)cs1
CHEMBL3477715,0,8,COc1ccc2[nH]c(CNc3cc(C4CCNCC4)nc(C)n3)cc2c1
CHEMBL3693122,0,0,C[C@H](CO)NS(=O)(=O)c1ccccc1-c1ccc(-c2cnc3[nH]ccc3n2)c(F)c1
CHEMBL3693120,0,0,C[C@@H](CO)NS(=O)(=O)c1ccccc1-c1ccc(-c2cnc3[nH]ccc3n2)c(F)c1
CHEMBL3910247,0,2,Cc1cc(NC(=O)c2cc(-c3ccc(CN4CCOCC4)s3)cnc2N)cc(C)n1
CHEMBL1933185,0,0,O=C(Nc1cc(-c2cc3c([nH]2)C2(CCCNC2)CNC3=O)ccn1)c1ccccn1
CHEMBL1933193,0,0,O=C(Nc1cc(-c2cc3c([nH]2)C2(CCNC2)CNC3=O)ccn1)c1ccccn1
CHEMBL1933176,0,0,O=C(Nc1cc(-c2cc3c([nH]2)C2(CCNCC2)CNC3=O)ccn1)c1ccccn1
CHEMBL1922041,0,0,COc1cccc(CN(CCN2CCCC2)C(=O)c2cc3ccc(-c4cn[nH]c4)nc3n2C)c1
CHEMBL3612317,0,0,COc1ccc(-c2ccc3nc(NC(=O)NCCN4CCOCC4)sc3c2)cn1
CHEMBL3353198,0,0,Nc1ccc(-c2cccc(C(=O)Nc3ccc4nc(N5CCOCC5)sc4c3)n2)cn1
CHEMBL2181488,0,0,Nc1ncc(-c2ccc(C(=O)N3CCOCC3)cc2)cc1-c1ccc(C(F)(F)F)nc1
CHEMBL3648872,0,0,CCc1ncnc(-c2ccc(C(=O)N3C[C@@H]4CCN[C@@H]4C3)c(F)c2)c1C#Cc1ccc(N)nc1
CHEMBL407957,0,2,Cc1cc(O)cc(C)c1C[C@H](N)C(=O)N1Cc2ccccc2C[C@H]1C(=O)NCc1ncc[nH]1
CHEMBL3937388,0,0,c1cncc(-c2cc3c(CNCC4CCNCC4)n[nH]c3cn2)c1
CHEMBL3912612,0,1,CN1Cc2c(C3=CCN(CC(=O)N(C)C4CC(O)C4)CC3)[nH]c3ncc(F)c(c23)-c2cc(F)ccc21
CHEMBL3969125,0,0,CN1Cc2c(C3=CCCN(CC(=O)N(C)C4CC(O)C4)C3)[nH]c3nccc(c23)-c2cc(F)ccc21
CHEMBL3983849,0,0,CN1Cc2c(C3=CCN(CC(=O)N(C)C4CC(O)C4)CC3)[nH]c3nccc(c23)-c2cc(F)c(F)cc21
CHEMBL3938400,0,0,CN1Cc2c(C3=CCN(CC(=O)N(C)C4CC(O)C4)CC3)[nH]c3nccc(c23)-c2cc(F)ccc21
CHEMBL400569,0,0,CCNCc1cncc(-c2cnc3[nH]nc(-c4nc5cc(N6CCN(C)CC6)ccc5[nH]4)c3c2)c1
CHEMBL1807721,0,0,CCCNCc1cncc(-c2cnc3[nH]nc(-c4nc5cc(N6CCN(C)CC6)ccc5[nH]4)c3c2)c1
CHEMBL1807715,0,0,CNCc1cncc(-c2cnc3[nH]nc(-c4nc5cc(N6CCN(C)CC6)ccc5[nH]4)c3c2)c1
CHEMBL1085778,0,0,CN1C[C@@H]2C[C@H]1CN2c1ccc(-c2cccc3[nH]ccc23)cn1
CHEMBL3440970,0,0,CC(=O)NCC(=O)N1Cc2cc(-c3cc[nH]n3)ccc2C1c1cnco1
CHEMBL290171,0,0,NCCc1c[nH]c2ccc(Cc3nc(-c4ccccc4)no3)cc12
CHEMBL3907626,0,0,NC(=O)c1cc(-c2ccc(F)cc2)c2ccc(CN3CCC(O)(O)CC3)cc2n1
CHEMBL3945173,0,0,CN1Cc2c(C3=CCN(CC(=O)N4CC(O)C4)CC3)[nH]c3nccc(c23)-c2cc(F)c(F)cc21
CHEMBL3906050,0,0,CN1Cc2c(C3=CCCN(CC(=O)N4CC(O)C4)C3)[nH]c3nccc(c23)-c2cc(F)ccc21
CHEMBL3920469,0,0,CN1Cc2c(C3=CCCN(CC(=O)N4CC(O)C4)CC3)[nH]c3nccc(c23)-c2cc(F)ccc21
CHEMBL3985050,0,0,CN1Cc2c(C3=CCN(CC(=O)N4CC(O)C4)CC3)[nH]c3nccc(c23)-c2cc(F)ccc21
CHEMBL3971127,0,0,CN1Cc2c(C3=CCN(CC(=O)N4CC[C@H](O)C4)CC3)[nH]c3nccc(c23)-c2cc(F)ccc21
CHEMBL3899072,0,0,CN1Cc2c(C3=CCN(CC(=O)N4CC(O)C4)CC3)[nH]c3ncc(F)c(c23)-c2cc(F)ccc21
CHEMBL3970274,0,0,CN1Cc2c(C3=CCN(CC(=O)N4CC[C@H](O)C4)CC3)[nH]c3ncc(F)c(c23)-c2cc(F)ccc21
CHEMBL3729908,0,0,Cc1c(-c2ccn[nH]2)sc2c(N[C@@H]3CCNC3)nc(-c3ccncc3)nc12
CHEMBL564546,0,0,Cc1ccc(-c2cc(NC(=O)c3nnc(-c4ccccc4N)o3)n[nH]2)cc1
CHEMBL550751,0,0,Nc1ccccc1-c1nnc(C(=O)Nc2cc(-c3ccccc3)[nH]n2)o1
CHEMBL3692185,0,3,NC(=O)Cc1ccccc1CCc1nc(Nc2ccc(N3CCC(N)CC3)cc2)ncc1C(F)(F)F
CHEMBL3685144,0,0,Nc1cc(-c2ccc3cc(NC(=O)C4CC4)ncc3c2)ccn1
CHEMBL3685012,0,0,Nc1ccc(-c2ccc3cc(NC(=O)C4CC4)ncc3c2)cn1
CHEMBL3685154,0,0,Cc1cc(N)ncc1-c1ccc2cc(NC(=O)C3CC3)ncc2c1
CHEMBL3731859,0,0,O=C(NC1CC1)c1ccc(-c2cn3c(-c4ccc(O)cc4)cnc3cn2)cc1
CHEMBL3681687,0,0,O=C1CCCN1CCOc1cc(-c2cn[nH]c2)c2c(c1)C(O)(C(F)(F)F)c1ccccc1-2
CHEMBL585313,0,4,CN1CCN(c2cccc3[nH]c(C(=O)c4ccc5ccccc5c4)nc23)CC1
CHEMBL531748,0,0,CNCC(C)(C)c1nc(-c2ccc(Cl)c(O)c2)c(-c2ccncc2)[nH]1
CHEMBL200889,0,0,CC(C)(CN)c1nc(-c2ccc(Cl)c(O)c2)c(-c2ccncc2)[nH]1
CHEMBL527761,0,0,CC(C)(CN)c1nc(-c2ccc(Br)c(O)c2)c(-c2ccncc2)[nH]1
CHEMBL238089,0,0,CN1CCN(c2cccc(NC(=O)Nc3csc(-c4ccncc4)n3)n2)CC1
CHEMBL1951334,0,0,CNC(=O)c1cccc(NC(=O)Nc2ccc(-c3ccnc4[nH]cnc34)cc2)c1
CHEMBL3658843,0,0,Cc1cc(-c2n[nH]c3cc(NC(=O)N[C@@H](CN(C)C)c4ccccc4)ncc23)ccn1
CHEMBL3658844,0,0,Cc1cc(-c2n[nH]c3cc(NC(=O)N[C@H](CN(C)C)c4ccccc4)ncc23)ccn1
CHEMBL59664,0,0,O=C1c2ccccc2-c2cc(/C=N/NC3=NCCN3)nc3cccc1c23
CHEMBL3949010,0,0,c1cncc(-c2cc3c(-c4ccn(C5CCNCC5)n4)n[nH]c3cn2)c1
CHEMBL3662575,0,0,Cn1nc2ccccc2c1-c1ccc(C[C@@H](C#N)NC(=O)[C@H]2N[C@@H]3CC[C@H]2C3)c(F)c1
CHEMBL4079482,0,3,O=S(=O)(Nc1cscn1)c1cc(Cl)c(OCC2NCCC=C2c2ccncc2)cc1F
CHEMBL3582192,0,0,N#Cc1cc2c(cn1)[nH]c1ncc(-c3cccc(CO)c3)cc12
CHEMBL3582191,0,0,N#Cc1cc2c(cn1)[nH]c1ncc(-c3ccc(CO)cc3)cc12
CHEMBL3977572,0,0,Nc1nnc(-c2ccc3[nH]cc(-c4cccc(O)n4)c3c2)s1
CHEMBL126413,0,2,CCN(CC)C(=O)c1ccc(C(c2ccnc3ccccc23)N2CCNCC2)cc1
CHEMBL410139,0,0,O=C(Cn1c(-c2ccncc2)nc2ccccc21)NNC(=S)Nc1ccccc1
CHEMBL3911435,0,0,CN1C2COCC1CC(NC(=O)c1cn(-c3ncco3)c3ccccc13)C2
CHEMBL450660,0,3,CN1CCC(Nc2nccc(-c3c[nH]nc3-c3ccc(Cl)cc3)n2)CC1
CHEMBL3481971,0,0,Cc1nccn1-c1ccc(NC(=O)C2CCCN2Cc2c[nH]cn2)cc1
CHEMBL3394233,0,0,N#Cc1c(-c2ccc(C(=O)O)cc2)c2c([nH]c1=O)-c1cccc(-c3cn[nH]c3)c1CC2
CHEMBL1923178,0,0,COc1ccc(OC)c(CNC(=O)c2c[nH]c3cc(-c4cn[nH]c4)ccc23)c1
CHEMBL3690511,0,0,O=C(Nc1cccc(-c2cnc3cc(-c4ncccn4)ccn23)c1)NC1CC1
CHEMBL275833,0,0,C=C(c1ccccc1OCC(O)CNC(C)C)n1cnc2ccccc21
CHEMBL274014,0,2,C=C(c1ccccc1OCC(O)CNC(C)(C)C)n1cnc2ccccc21
CHEMBL4130104,0,0,CN(C)CCNc1cncc(-c2ccc3[nH]cc(-c4ccc(N)cc4)c3c2)n1
CHEMBL4129087,0,0,CN(C)CCNc1cncc(-c2ccc3[nH]cc(-c4ccc(N)cc4F)c3c2)n1
CHEMBL4125999,0,0,CN(C)CCNc1cncc(-c2ccc3[nH]cc(-c4cccc(N)c4)c3c2)n1
CHEMBL2098423,0,0,CN(C)CCCC(=O)Nc1[nH]nc2cnc(-c3cncc(-c4ccccc4)c3)cc12
CHEMBL3963777,0,0,CC1(C)COCCN1c1cnc2cccc(-c3cc4c([nH]3)CCNC4=O)c2n1
CHEMBL3956875,0,0,COc1cc(-c2cn[nH]c2)ccc1C(=O)NC(CN)Cc1ccccc1
CHEMBL4111857,0,0,NC[C@@H](NC(=O)c1ccc(-c2nc(C3CC3)cnc2N)cc1F)c1ccccc1
CHEMBL2013165,0,0,NCCNC(=O)c1cncc(-c2cnc(Nc3ccccc3Cl)s2)c1
CHEMBL3944945,0,0,CN(C)C(=O)CN1CC=C(c2[nH]c3nccc4c3c2CCN(C)c2ccc(F)cc2-4)CC1
CHEMBL3668502,0,0,COc1ccc(F)cc1-c1ccnc2[nH]c(C3CCN(CC(=O)N(C)C)CC3)cc12
CHEMBL3668499,0,0,COc1ccc(F)cc1-c1c(F)cnc2[nH]c(C3=CCN(CC(=O)N(C)C)CC3)cc12
CHEMBL3668521,0,0,COc1ccc(F)cc1-c1c(F)cnc2[nH]c(C3CCN(CC(=O)N(C)C)CC3)cc12
CHEMBL3668493,0,0,COc1ccc(F)cc1-c1ccnc2[nH]c(C3=CCN(CC(=O)N(C)C)CC3)cc12
CHEMBL3668523,0,0,COc1ccccc1-c1ccnc2[nH]c(C3CCN(CC(=O)N(C)C)CC3)cc12
CHEMBL3955340,0,0,Cc1c2cnccc2c(C(=O)NCCN)c2[nH]c3ccccc3c12
CHEMBL3693118,0,0,O=S(=O)(c1ccccc1-c1ccc(-c2cnc3[nH]ccc3n2)c(F)c1)N1CCOCC1
CHEMBL3314860,0,0,O=C(/C=C/c1ccc(-c2nnc(Cc3c[nH]c4ccccc34)o2)cc1)NO
CHEMBL3674176,0,0,N[C@H]1CC[C@H](Nc2c(C(=O)C3CC3)cnc3ccc(-c4cn[nH]c4)cc23)CC1
CHEMBL226798,0,0,Cc1n[nH]c2ccc(-c3cncc(OC[C@@H](N)Cc4cccc(OCCN)c4)c3)cc12
CHEMBL3814539,0,0,CCc1cc(-c2c[nH]c3ncc(-c4ccn[nH]4)cc23)nc(N)n1
CHEMBL1915808,0,0,CC(=O)NC[C@@H]1OC(=O)N2c3ccc(-c4ccc(C5(N)CC5)nc4)cc3OC[C@@H]12
CHEMBL1462510,0,0,Nc1ccc(C(=O)OCc2nc3cc4ccccc4cc3[nH]2)cc1
CHEMBL3976384,0,0,C=C(c1cc2c([nH]1)CCNC2=O)c1nc(N[C@@H]2CCN(C(C)=O)C2)c(C)nc1C
CHEMBL4088971,0,0,OCCCc1nc(-c2ccc(F)cc2)c(-c2ccnc3[nH]ccc23)[nH]1
CHEMBL3800054,0,0,CN1CCN(c2ccc(-c3ccc(N)nc3)cc2NC(=O)c2c[nH]c(=O)cc2C(F)(F)F)CC1
CHEMBL1223005,0,0,O=C1NC(=O)[C@](CN2Cc3ccc(F)cc3C2=O)(c2ccc(-c3cccnc3)cc2)N1
CHEMBL1223006,0,0,Cc1noc(C)c1-c1ccc([C@]2(CN3Cc4ccc(F)cc4C3=O)NC(=O)NC2=O)cc1
CHEMBL226167,0,3,CN1CC[C@]23Cc4nc(N)sc4C[C@H]2[C@H]1Cc1ccc(O)cc13
CHEMBL4294614,0,0,Oc1cc(-c2cn[nH]c2)ccc1-c1ccc(N2CCC3(CCCNC3)C2)nn1
CHEMBL4286715,0,0,Oc1cc(-c2cn[nH]c2)ccc1-c1ccc(N2C[C@H]3CNC[C@H]3C2)nn1
CHEMBL256682,0,0,CCCNC(=O)Nc1ccc(-c2ccnc3[nH]nc(N)c23)cc1
CHEMBL84354,0,0,COc1ccc2[nH]c3c(C)c4ccnc(C(=O)NCCN(C)C)c4cc3c2c1
CHEMBL205158,0,0,c1ccc(-c2n[nH]cc2-c2ccnc(-c3ccc(OCCN4CCOCC4)cc3)c2)nc1
CHEMBL55118,0,0,CCNCCCNc1nccc2c(C)c3[nH]c4ccncc4c3cc12
CHEMBL3967958,0,0,CNS(=O)(=O)CC(=O)N1CC=C(c2[nH]c3nccc4c3c2CN(C)c2ccc(F)cc2-4)CC1
CHEMBL1818553,0,0,Cc1cccc(Nc2nc(-c3ccncc3C#CCN3CCOCC3)cs2)c1
CHEMBL3984864,0,0,N#Cc1cccc(-c2c[nH]c3ccc(-c4nnc(N)s4)cc23)n1
CHEMBL247670,0,0,COc1ccc(C2CNCc3cc(OCC4CCN(C(C)C)CC4)ncc32)cc1
CHEMBL547349,0,0,Cc1cc(-c2ccc3occ(CCN)c3c2)cnc1N
CHEMBL4127890,0,0,O=C1NCCN1c1cncc(-c2ccc3[nH]cc(-c4ccccc4F)c3c2)n1
CHEMBL574268,0,0,N[C@H](COc1cncc(-c2ccc3c(c2)C(=O)C(=O)N3)c1)Cc1c[nH]c2ccccc12
CHEMBL3899854,0,0,NC(=O)N1CCCc2cc(-c3cncc(C4CCC(=O)N4)c3)cnc21
CHEMBL590792,0,0,Nc1ncc(-c2ccccc2)cc1-c1ccc(C(=O)NCCO)cc1
CHEMBL185707,0,0,N=C(N)c1cccc(-n2nc(C(F)(F)F)cc2C(=O)Nc2ccc(-n3ccnc3)cc2)c1
CHEMBL3693157,0,0,CC(C)(C)NS(=O)(=O)c1ccccc1-c1ccc(-c2ccc(N)nn2)c(F)c1
CHEMBL3693177,0,0,CC(C)(C)NS(=O)(=O)c1ccccc1-c1ccc(-c2nnc(N)s2)c(F)c1
CHEMBL3728975,0,0,c1cc(-c2nc(N[C@@H]3CCNC3)c3scc(-c4ccn[nH]4)c3n2)ccn1
CHEMBL1801382,0,0,COCCOc1cncc(-c2cc3c(ccc4c5c([nH]c43)CNC5=O)cn2)c1
CHEMBL1801196,0,0,COCCOc1cncc(-c2cc3c(cn2)CCCc2c-3[nH]c3c2C(=O)NCC3)c1
CHEMBL1614995,0,0,COCCOc1cncc(-c2cc3c(ccc4c5c([nH]c43)CCNC5=O)cn2)c1
CHEMBL1801195,0,0,COCCOc1cncc(-c2cc3c(cn2)CCc2c-3[nH]c3c2C(=O)NCC3)c1
CHEMBL1801090,0,0,COCCOc1cncc(-c2cc3c(ccc4c5c([nH]c43)CCCNC5=O)cn2)c1
CHEMBL205273,0,7,CS(=O)(=O)Nc1ccc(C[C@H](N)C(=O)N2Cc3ccccc3C[C@H]2c2nc(-c3ccccc3)c[nH]2)cc1
CHEMBL1872713,0,0,CC(=O)Nc1ccc(-c2ccnc3c2CC(C(=O)NCc2ccccc2)O3)cc1
CHEMBL2001039,0,0,CC(=O)Nc1cccc(-c2ccnc3c2CC(C)(C(=O)NCc2cccs2)O3)c1
CHEMBL1981858,0,0,CC(=O)Nc1cccc(-c2ccnc3c2CC(C(=O)NCc2ccc(F)c(F)c2)O3)c1
CHEMBL1995197,0,0,CC(=O)Nc1cccc(-c2ccnc3c2CC(C(=O)NCc2cccc(Cl)c2)O3)c1
CHEMBL1906139,0,0,CC(=O)Nc1cccc(-c2ccnc3c2CC(C)(C(=O)NCc2ccccc2)O3)c1
CHEMBL1985456,0,0,CC(=O)Nc1cccc(-c2ccnc3c2CC(C(=O)NCc2cccs2)O3)c1
CHEMBL2000595,0,0,CC(=O)Nc1ccc(-c2ccnc3c2CC(C(=O)NCc2cccc(Cl)c2)O3)cc1
CHEMBL1688436,0,0,COc1ccc(-c2cc(C(=O)Nc3cc(C)on3)nc(C)c2CN)cc1
CHEMBL592489,0,0,CC(=O)Nc1cccc(-c2cnc(N)c(-c3ccc(C(N)=O)cc3)c2)c1
CHEMBL3902679,0,0,NC(=O)c1cc(-c2ccc(F)cc2)c2ccc(Cn3cc(C(O)C4CC4)cn3)cc2n1
CHEMBL3918693,0,0,O=C(NCc1ccccc1)c1cccc(-c2n[nH]c3ccc(-c4ncn[nH]4)cc23)c1
CHEMBL3687134,0,0,N#Cc1cc(-c2ccnc(Nc3cn[nH]c3)c2)ccc1OCC1CC1
CHEMBL1807722,0,0,CN1CCN(c2ccc3[nH]c(-c4n[nH]c5ncc(-c6cncc(CN7CCCC7)c6)cc45)nc3c2)CC1
CHEMBL4064925,0,0,CN1CCN(C(=O)c2cc(-c3ccc(O)cc3)n(-c3ccccc3)n2)CC1
CHEMBL3800009,0,0,CCC(=O)Nc1ccc(-c2ncnc3c2cc(C(=O)NCCN2CCCC2)n3C)cc1
CHEMBL3797300,0,0,CC(=O)Nc1ccc(-c2ncnc3c2cc(C(=O)NCCN2CCCC2)n3C)cc1
CHEMBL4214092,0,0,CN1CCN(C(=O)c2ccc(-c3cn4c(-c5ccc(C(=O)NO)cc5)cnc4cn3)cc2)CC1
CHEMBL11135,0,0,CC(C)(C)NCC(O)COc1ccc(Cc2nc(-c3cccs3)c[nH]2)cc1
CHEMBL3649659,0,0,COc1ccc2c(c1)C(=O)N[C@@H](Cc1ccc(-c3ccnc4[nH]ccc34)cc1)C(=O)N2C
CHEMBL1835149,0,0,NC(=O)c1cnc(N[C@H](C2CC2)C(F)(F)F)c2c1[nH]c1cc(-c3cn[nH]c3)ccc12
CHEMBL1270324,0,0,NC(=O)c1cc(-c2ccnc(Nc3ccccc3)n2)[nH]c1-c1ccccc1
CHEMBL4168226,0,6,CN1CCN(C(=O)c2ccc(-c3n[nH]c4c3CN(S(=O)(=O)c3c(Cl)cccc3Cl)CC4)cc2)CC1
CHEMBL3681683,0,0,NC(=O)CCn1cc(-c2cccc3c2-c2ccccc2C3(O)C(F)(F)F)cn1
CHEMBL3681684,0,0,CNC(=O)CCn1cc(-c2cccc3c2-c2ccccc2C3(O)C(F)(F)F)cn1
CHEMBL3676723,0,0,Cn1cc(-c2cc(C(=O)N3CCC(O)C3)cc3c2-c2ccccc2C3(O)C(F)(F)F)cn1
CHEMBL3676720,0,0,Cn1cc(-c2cc(C(=O)N3CC(O)C3)cc3c2-c2ccccc2C3(O)C(F)(F)F)cn1
CHEMBL2380459,0,0,COc1ccc(C2(c3cccc(-c4cccnc4)c3)CC(OC)C(N)=N2)cc1
CHEMBL3990047,0,0,CNc1ncc(-c2ccc3c(=O)c(C(=O)O)cn(C4CC4)c3c2C)cc1C
CHEMBL4079468,0,0,Cc1noc(-c2cc(-c3ccc4[nH]ccc4c3)cnc2N)n1
CHEMBL1939880,0,0,Cn1nc(C(=O)NCc2ccc(C(=O)O)cc2)cc1-c1ccc2[nH]ccc2c1
CHEMBL6068779,0,0,C[C@@]1(c2ncncc2F)NC(=O)c2cc(-c3cn[nH]c3)ccc21
CHEMBL1083587,0,0,CN1C[C@@H]2C[C@H]1CN2c1cnc(-c2ccc3[nH]ncc3c2)cn1
CHEMBL2381228,0,0,O=C(Nc1ccccc1N1CCNCC1)c1csc(Nc2ccccc2)n1
CHEMBL1271335,0,0,NC(=O)c1cc(-c2ccnc(N)c2)[nH]c1-c1ccccc1
CHEMBL1911333,0,0,Cc1nnc(-c2ccc(C)c(-c3ccc4c(c3)NC(=O)C43CCN(S(C)(=O)=O)CC3)c2)[nH]1
CHEMBL3729562,0,0,C[C@H](O)C#Cc1csc2c(N[C@@H]3CCNC3)nc(-c3ccncc3F)nc12
CHEMBL3730328,0,0,C[C@H](O)C#Cc1csc2c(N[C@@H]3CCNC3)nc(-c3ccncc3)nc12
CHEMBL2407765,0,0,Nc1ncc(-c2cnn(C3CCNCC3)c2)c2cc(-c3ccccc3)oc12
CHEMBL3641716,0,0,c1ccc(-n2ccc(Nc3ccc([C@@H]4CNCCO4)cc3)n2)cc1
CHEMBL3641715,0,0,c1ccc(-n2ccc(Nc3ccc([C@H]4CNCCO4)cc3)n2)cc1
CHEMBL1085920,0,0,CCCC(=O)Nc1n[nH]c2cc(-c3ccc(O)nc3)ccc12
CHEMBL3690477,0,0,Nc1ccn2c(-c3cccc(NC(=O)NCC(F)(F)F)c3)cnc2c1
CHEMBL3634768,0,1,Cn1cc(-c2cc3c(-c4cccc(C5CCNCC5)n4)n[nH]c3cn2)cn1
CHEMBL4164436,0,0,O=C(N/N=C/c1ccc(-n2ccnc2)cc1)c1ccc(CN2CCCC(O)C2)cc1
CHEMBL259917,0,0,Cc1cc(O)cc(C)c1C[C@H](N)C(=O)N1Cc2ccccc2C[C@H]1C(=O)NCc1nc(-c2ccccc2)c[nH]1
CHEMBL571698,0,0,O=C1Nc2ccc(-c3cn[nH]c3)cc2C(CNC(=O)c2ccc(F)cc2)(C(F)(F)F)O1
CHEMBL45230,0,0,COc1cc(NC(=O)C(=O)NC(C)(C)C)ccc1-c1ocnc1Cc1ccccc1
CHEMBL3884903,0,0,CN1CCN(c2ccc(-c3ccncc3)cc2NC(=O)c2ccc(F)c(N)c2)CC1
CHEMBL258458,0,7,Cc1cc(O)cc(C)c1C[C@H](N)C(=O)N1Cc2ccccc2C[C@H]1C(=O)NCc1nc2ccccc2o1
CHEMBL3943546,0,0,COC1CCC2(CC1)Cc1ccc(-c3cncc(C#N)c3)cc1C21N=C(N)N(C(C)C)C1=O
CHEMBL3951746,0,0,CC(C)n1nccc1-c1ccc(OCC(O)CN2CCc3ccccc3C2)cc1
CHEMBL3436828,0,0,CC(C)CCN1CC[C@H](c2nnc(Cc3c[nH]c4ccccc34)o2)C1
CHEMBL3436829,0,0,c1ccc2c(Cc3nnc([C@H]4CCN(CC5CC5)C4)o3)c[nH]c2c1
CHEMBL3410034,0,0,Cc1c[nH]c2ncnc(-c3ccc(NC(=O)Nc4ccccn4)cc3)c12
CHEMBL3735627,0,0,COCCN1CCC(CNC(=O)c2n[nH]c3ccc(-c4ccc(OC)nc4)cc23)CC1
CHEMBL3912200,0,0,CNC(=O)/C=C/c1ccc(-n2nc(C(N)=O)c3c2-c2cc(N)ccc2CC3)cc1
CHEMBL3604564,0,0,COc1ccc(-c2nc(CN)cc3c2[nH]c2ccccc23)cc1
CHEMBL2355680,0,3,O=C(c1cccnc1)N1C[C@H]2[C@@H](c3ccccc31)[C@@H](CO)N2C(=O)Nc1ccc(F)cc1
CHEMBL4217366,0,0,CN1CCN(C(=O)c2ccc(-c3cn4c(-c5ccc(C(=O)O)cc5)cnc4cn3)cc2)CC1
CHEMBL2354709,0,0,CC(=O)Nc1ccc(-c2ccnc3c2CC(C)(C(=O)NCCN(C)C)O3)cc1
CHEMBL1922042,0,0,COc1cccc(CN(C)C(=O)c2cc3ccc(-c4cn[nH]c4)nc3[nH]2)c1
CHEMBL3657571,0,0,CN1C(=O)Cc2ccc(-c3cnc(CC(C#N)NC(=O)[C@H]4N[C@@H]5CC[C@H]4C5)s3)cc21
CHEMBL2153266,0,0,Nc1nc2c(-c3cnc4ccccc4c3)nccc2[nH]1
CHEMBL3927899,0,0,N[C@H]1CCCN(Cc2n[nH]c3cnc(-c4cccnc4)cc23)C1
CHEMBL3944164,0,0,NC1CCN(Cc2n[nH]c3cnc(-c4cccnc4)cc23)CC1
CHEMBL4107898,0,0,N[C@@H]1CCCN(Cc2n[nH]c3cnc(-c4cccnc4)cc23)C1
CHEMBL3408212,0,0,O=C1NCCC12CCN(c1c(Cl)cncc1-c1ccc(-c3cn[nH]c3)cc1)CC2
CHEMBL4211751,0,9,CNC(=O)c1cc(Oc2ccc(NC(=O)Nc3cccc(CCN)c3)c(F)c2)ccn1
CHEMBL378696,0,2,Nc1ccccc1NC(=O)/C=C/c1ccc(NCc2ccncc2)nc1
CHEMBL3273907,0,0,Oc1cc2ccc3c(c2cc1O)CCc1cn[nH]c1-3
CHEMBL3609710,0,0,O=C1NC(c2ccc(O)cc2)c2c(-c3ccccc3)n[nH]c21
CHEMBL3402459,0,0,COc1cccc(CN(C)C(=O)Nc2ccc(-c3cn[nH]c3)cc2OCCN(C)C)c1
CHEMBL3402461,0,0,COc1cccc(CN(C)C(=O)Nc2ccc(-c3cn[nH]c3)cc2N(C)CCN(C)C)c1
CHEMBL3908839,0,0,CN[C@@H](C)C(=O)N[C@@H]1C(=O)N(Cc2c(C)cnc3ccccc23)c2ccccc2N(C(C)=O)[C@H]1C
CHEMBL3115806,0,0,O=C(Nc1ccc(F)c(-c2nc3cc(-c4cncnc4)cnc3[nH]2)c1)N1CCCC1
CHEMBL3911663,0,0,CCn1c(=O)c2cn[nH]c2c2ccc(-c3ccnc(N4CCNCC4)c3)cc21
CHEMBL3934094,0,0,O=c1c2cn[nH]c2c2ccc(-c3ccnc(N4CCNCC4)c3)cc2n1CC(F)(F)F
CHEMBL3928887,0,0,CCn1c(=O)c2cn[nH]c2c2ccc(-c3ccc(N4CCNCC4)nc3)cc21
CHEMBL3935543,0,0,O=c1c2cn[nH]c2c2ccc(-c3ccc(N4CCNCC4)nc3)cc2n1CC(F)(F)F
CHEMBL4203011,0,0,CN(C)CCC(=O)Nc1n[nH]c2ncc(-c3ccc(O)cc3)cc12
CHEMBL1087423,0,0,CN(C)C(=O)c1ccc2c(c1)CC(c1nc3ccc(-c4ccnc(N)n4)cc3[nH]1)CO2
CHEMBL3966570,0,0,CCn1c(=O)c2cn[nH]c2c2ccc(-c3cccc(C(=O)NCCCN(C)C)c3)cc21
CHEMBL3975613,0,0,Cc1nc2cccc(-c3cc4c([nH]3)CCNC4=O)c2nc1CC(C)(C)C
CHEMBL1684207,0,0,COCCNC(=O)c1ccc2c(c1)CC(c1nc3ccc(-c4cn[nH]c4)cc3c(=O)[nH]1)CO2
CHEMBL3895191,0,0,Cn1cc(-c2ccc3ccc(F)c(-c4cc5c([nH]4)CCNC5=O)c3n2)cn1
CHEMBL4129431,0,0,O=C(C1CC1)N1CC[C@@H](CN2C(=O)C3(CC3)N=C2c2ccc(-c3cccc4[nH]ncc34)cc2)C1
CHEMBL280867,0,0,COc1ccc(-c2[nH]nc3c2C(=O)c2c(NC(=O)C(C)C)cccc2-3)cc1
CHEMBL2448753,0,6,NCC(=O)N(Cc1cccnc1)c1ccc(-c2nc3ccccc3s2)cc1
CHEMBL2448730,0,1,NCC(=O)N(Cc1cccnc1)c1cc(F)cc(-c2nc3ccccc3s2)c1
CHEMBL1774914,0,0,Nc1nc2c(c(-c3c(Cl)cc(Cl)cc3OCCCO)n1)CN(C(=O)NC1CCC1)C2
CHEMBL3923720,0,0,O=C(Nc1ccc(OC(F)(F)Cl)cc1)c1cnc(N2CCC3(CNC3)C2)c(-c2ccn[nH]2)c1
CHEMBL3897561,0,0,O=C(Nc1ccc(OC(F)(F)Cl)cc1)c1cnc(N2CC3(CNC3)C2)c(-c2ccn[nH]2)c1
CHEMBL3962541,0,0,Cc1cc(-c2n[nH]c3ccc(C(=O)NN4CCCC(CO)(Oc5ccc(F)cc5)C4)cc23)ccn1
CHEMBL3931556,0,1,Cc1cc(-c2n[nH]c3ccc(C(=O)NN4CCCC(CO)(Oc5cc(F)ccc5F)C4)cc23)ccn1
CHEMBL236996,0,0,CCN(CCN(C)C)C(=O)c1ccc2cc(-c3csc(-c4ccncc4)n3)c(=O)[nH]c2c1
CHEMBL204892,0,0,N[C@H](COc1cncc(-c2ccc(C(=O)O)cc2)c1)Cc1c[nH]c2ccccc12
CHEMBL3634539,0,0,Nc1n[nH]c2cccc(-c3ccc(C(=O)NCCNC(=O)c4ccccc4Br)cc3)c12
CHEMBL3634540,0,0,Cc1ccccc1C(=O)NCCNC(=O)c1ccc(-c2cccc3[nH]nc(N)c23)cc1
CHEMBL3634542,0,0,Nc1n[nH]c2cccc(-c3ccc(C(=O)NCCNC(=O)c4cccc(F)c4)cc3)c12
CHEMBL3634538,0,0,Nc1n[nH]c2cccc(-c3ccc(C(=O)NCCNC(=O)c4ccc(F)c(F)c4)cc3)c12
CHEMBL3634541,0,0,Nc1n[nH]c2cccc(-c3ccc(C(=O)NCCNC(=O)c4cccc(C(F)(F)F)c4)cc3)c12
CHEMBL1080913,0,0,Cc1n[nH]c2ccc(-c3nnc(NC[C@@H](N)Cc4ccc(F)c(F)c4)s3)cc12
CHEMBL1081451,0,0,N[C@H](CNc1nnc(-c2ccc3[nH]ncc3c2)s1)Cc1ccc(Cl)cc1
CHEMBL1088613,0,0,Cc1n[nH]c2ccc(-c3nnc(NC[C@@H](N)Cc4ccccc4F)s3)cc12
CHEMBL1087281,0,0,Cc1n[nH]c2ccc(-c3nnc(NC[C@@H](N)Cc4ccccc4)s3)cc12
CHEMBL1081439,0,0,N[C@H](CNc1nnc(-c2ccc3[nH]ncc3c2)s1)Cc1ccc(F)cc1
CHEMBL1081426,0,0,CCc1n[nH]c2ccc(-c3nnc(NC[C@@H](N)Cc4ccccc4)s3)cc12
CHEMBL1076553,0,0,Cc1n[nH]c2ccc(-c3nnc(NC[C@@H](N)Cc4cccc(F)c4)s3)cc12
CHEMBL1088612,0,0,Cc1n[nH]c2ccc(-c3nnc(NC[C@H](N)Cc4ccccc4)s3)cc12
CHEMBL480586,0,0,COc1cc(-c2cn[nH]c2)ccc1NC(=O)C1COc2ccccc2C1
CHEMBL520103,0,0,COc1cc(-c2cn[nH]c2)ccc1NC(=O)C1COc2ccc(F)cc2C1
CHEMBL519269,0,0,COc1cc(-c2cn[nH]c2)ccc1NC(=O)C1COc2ccc(C)cc2C1
CHEMBL481731,0,0,COc1cc(-c2cn[nH]c2)c(F)cc1NC(=O)C1COc2ccccc2C1
CHEMBL519959,0,0,COc1cc(-c2cn[nH]c2)ccc1NC(=O)C1COc2ccc(Cl)cc2C1
CHEMBL3973514,0,0,NC(=O)N1CCCc2cc(-c3cncc(COCCN4CCOCC4)c3)cnc21
CHEMBL374876,0,0,O=C(c1cc(-c2[nH]ncc2-c2cccc(Cl)c2)c[nH]1)N1CCOCC1
CHEMBL2448572,0,0,CCC(=O)CCCCC[C@H](NC(=O)C1CN(C)C1)c1ncc(-c2cnc3ccccc3n2)[nH]1
CHEMBL3973084,0,0,CC(=O)N1CCN(Cc2ccc(C(=O)Nc3sc(-c4ccncc4)nc3C(N)=O)cc2)CC1
CHEMBL222333,0,0,CCNC(=O)Nc1nc2cc(-c3cccnc3)cc(-c3ncccc3F)c2[nH]1
CHEMBL487663,0,0,CCNC(=O)Nc1nc2cc(-c3cccnc3)cc(-c3ccccn3)c2[nH]1
CHEMBL574774,0,0,N[C@H](COc1cncc(-c2ccc3[nH]nc(C=O)c3c2)c1)Cc1c[nH]c2ccccc12
CHEMBL3650807,0,0,CC1(C)Oc2ccc(-c3cccc4[nH]ncc34)cc2C2(COC(N)=N2)C12COC2
CHEMBL1456322,0,0,Cc1onc(-c2c(Cl)cccc2Cl)c1C(=O)c1c[nH]c(C(=O)NCCCN2CCOCC2)c1
CHEMBL1302235,0,0,Cc1onc(-c2ccccc2)c1C(=O)c1c[nH]c(C(=O)NCCCN2CCOCC2)c1
CHEMBL4281693,0,0,N#CN[C@@H]1c2cc(-c3ncnc4[nH]ccc34)ccc2C[C@H]1O
CHEMBL3321970,0,1,Brc1ccc(Nc2nc3ccc(N4CCNCC4)cc3[nH]2)nc1
CHEMBL3735522,0,0,COCCN1CCC(CNC(=O)c2n[nH]c3ccc(-c4cncc(OC)c4)cc23)CC1
CHEMBL3933867,0,0,Cc1nc2cccc(-c3cc4c([nH]3)CCNC4=O)c2nc1-c1ccncc1Cl
CHEMBL3961358,0,0,Cc1nc2cccc(-c3cc4c([nH]3)CCNC4=O)c2nc1-c1cnccc1Cl
CHEMBL3937682,0,0,Cc1nc2cccc(-c3cc4c([nH]3)CCNC4=O)c2nc1-c1ccoc1C
CHEMBL3925684,0,0,Cc1nc2cccc(-c3cc4c([nH]3)CCNC4=O)c2nc1-c1cccnc1Cl
CHEMBL2385391,0,0,COc1ccc(Nc2nc3c(s2)Cc2cc(/C=C/C(=O)NO)ccc2-3)cc1
CHEMBL3800141,0,0,CNc1n[nH]c2cc(-c3cncc(Cl)c3N3CCC4(CCNC4=O)CC3)ccc12
CHEMBL3798744,0,0,Nc1n[nH]c2cc(-c3cncc(Cl)c3N3CCC4(CCNC4=O)CC3)ccc12
CHEMBL1922047,0,0,COc1cccc(CNC(=O)c2cn(C)c3cc(-c4cn[nH]c4)ccc23)c1
CHEMBL3645536,0,0,O=C(CN1CCCC1)Nc1cccc(-c2cnc3ccccc3n2)c1
CHEMBL3645541,0,0,O=C(CN1CCCCC1)Nc1cccc(-c2cnc3ccccc3n2)c1
CHEMBL219683,0,0,O=C(NCC1CCCO1)c1cc(-c2[nH]ncc2-c2cccc(Cl)c2)c[nH]1
CHEMBL3730261,0,0,CC(C)(O)C#Cc1csc2c(NC[C@@H](N)Cc3ccccc3)nc(-c3ccncc3)nc12
CHEMBL215053,0,0,O=C(c1nc(-c2cc3ccccc3[nH]2)c[nH]1)c1c[nH]c2cc(O)ccc12
CHEMBL3970624,0,0,Cc1noc(C)c1-c1ccc2c(c1)C(C1CCCC1)(N1CCN(C)CC1)C(=O)N2
CHEMBL3896599,0,0,Cc1noc(C)c1-c1ccc2c(c1)C(C1CCCCC1)(N1CCN(C)CC1)C(=O)N2
CHEMBL3967996,0,0,Nc1nnc(-c2ccc3[nH]cc(-c4cncc(-c5ccccc5)n4)c3c2)o1
CHEMBL3928385,0,0,c1cncc(-c2cc3c(CNC4CCNCC4)n[nH]c3cn2)c1
CHEMBL178715,0,0,O=C(Nc1cccc(-c2ccnc3c(C(=O)c4cccs4)cnn23)c1)NC1CC1
CHEMBL280146,0,0,CC(C)(N)CC(=O)N[C@@H]1CSc2ccccc2N(Cc2ccc(-c3ccccc3-c3nn[nH]n3)cc2)C1=O
CHEMBL1907747,0,0,CC(C)(N)CC(=O)N[C@@H]1CCc2ccccc2N(Cc2ccc(-c3sccc3-c3nn[nH]n3)cc2)C1=O
CHEMBL23109,0,0,CC(C)(N)CC(=O)NC1Cc2ccccc2N(Cc2ccc(-c3ccccc3-c3nn[nH]n3)cc2)C1=O
CHEMBL281585,0,0,CC(C)(N)CC(=O)NC1Sc2ccccc2N(Cc2ccc(-c3ccccc3-c3nn[nH]n3)cc2)C1=O
CHEMBL300651,0,0,CC(C)(N)CC(=O)N[C@H]1CCc2ccccc2N(Cc2ccc(-c3ccccc3-c3nn[nH]n3)cc2)C1=O
CHEMBL283143,0,0,CC(C)(N)CC(=O)NC1CCc2ccccc2N(Cc2ccc(-c3ccccc3-c3nn[nH]n3)cc2)C1=O
CHEMBL1907748,0,0,CC(C)(N)CC(=O)N[C@@H]1CCc2ccccc2N(Cc2ccc(-c3cscc3-c3nn[nH]n3)cc2)C1=O
CHEMBL280836,0,2,CC(C)(N)CC(=O)N[C@@H]1C[S]([O])c2ccccc2N(Cc2ccc(-c3ccccc3-c3nn[nH]n3)cc2)C1=O
CHEMBL308716,0,0,CC(C)(N)CC(=O)N[C@@H]1CCc2ccccc2N(Cc2ccc(-c3ccccc3-c3nn[nH]n3)cc2)C1=O
CHEMBL325110,0,0,CC(C)(N)CC(=O)NCC(=O)NCc1ccc(-c2ccccc2-c2nn[nH]n2)cc1
CHEMBL321191,0,0,C[C@@H](NC(=O)CC(C)(C)N)C(=O)NCc1ccc(-c2ccccc2-c2nn[nH]n2)cc1
CHEMBL3186462,0,3,COc1ccccc1-c1c[nH]c(C(O)c2ccc(CN3CCCC3)cc2)n1
CHEMBL3394067,0,0,Nc1nnc(-c2ccc3[nH]cc(-c4cccc(N5CCOCC5)n4)c3c2)s1
CHEMBL3940277,0,0,CNc1nnc(-c2ccc3[nH]cc(-c4cccc(N5CCOCC5)n4)c3c2)s1
CHEMBL2361258,0,0,CN1CCN(c2ccc(CNC(=O)c3ccc(-c4ccnn4C)c4ccoc34)cc2)CC1
CHEMBL1411732,0,0,COc1ccc(-c2sc(Nc3ccc(F)c(F)c3F)nc2CCC(=O)NN)cc1
CHEMBL1739214,0,5,CC(C)[C@H](N)CNc1ccc2[nH]nc(S(=O)(=O)c3cccc4ccccc34)c2c1
CHEMBL3641613,0,0,CC(C)N1CCN(C(=O)c2cc3cc(Nc4nccc(-c5ccccn5)n4)ccc3[nH]2)CC1
CHEMBL3641655,0,0,CN1[C@@H]2CC[C@H]1CN(C(=O)c1cc3cc(Nc4nccc(-c5ccccn5)n4)ccc3[nH]1)C2
CHEMBL3641621,0,0,O=C(c1cc2cc(Nc3nccc(-c4ccccn4)n3)ccc2[nH]1)N1CCN2CCCC2C1
CHEMBL252984,0,0,CCNC(=O)c1[nH]nc(-c2cc(Cl)c(O)cc2O)c1-c1cccc(CN2CCN(C(C)=O)CC2)c1
CHEMBL1164566,0,0,Cn1cncc1CNC(=O)c1ccc2c(CN3CCOCC3)c(-c3cc(Cc4ccccc4)[nH]n3)[nH]c2c1
CHEMBL3479441,0,0,Cn1nc(C2CC2)c2c1NC(=O)CC2c1ccc(CN2CCCCC2)s1
CHEMBL3476795,0,0,Cn1nc(C2CC2)c2c1NC(=O)CC2c1cc(CN2CCCC2)cs1
CHEMBL4109430,0,0,Nc1ncc(C2CCNC(=O)C2)cc1-c1ccc(C(=O)N[C@H](CO)c2cccc(Cl)c2)c(F)c1
CHEMBL3965985,0,0,Nc1ncc(C2CCC(=O)NC2)cc1-c1ccc(C(=O)N[C@H](CO)c2cccc(Cl)c2)c(F)c1
