100	mol443	-12.46	COc1nc(-c2cccc(-c3cccc(-c4cnn(C)n4)c3Cl)c2Cl)cnc1CNCC[C@@H]1CCCO1
100	mol114	-12.45	COc1nc(-c2cccc(-c3cccc(-c4cnc(CNC[C@@H]5CCC(=O)N5)c(OC)n4)c3Cl)c2Cl)cnc1CNCC[C@H]1CCCO1
100	mol422	-13.17	COc1nc(-c2cccc(-c3cccc(-c4cnc([C@@H]5CCCO5)c(OC)n4)c3Cl)c2Cl)cnc1CNC[C@H]1CCC(=O)N1
100	mol25	-13.37	COc1nc(-c2cccc(-c3cccc(-c4cnc(CNC[C@@H]5CCC(=O)N5)c(OC)n4)c3Cl)c2Cl)cnc1CNCC1CCOCC1
100	mol442	-12.56	COc1nc(-c2cccc(-c3cccc(-c4cnc(CNC[C@@H]5CCC(=O)N5)c(OC)n4)c3Cl)c2Cl)cnc1CNCC[C@H]1CCCO1
100	mol210	-13.11	COc1nc(-c2cccc(-c3cccc(-c4cnc(CNC[C@H]5CCCO5)c(OC)n4)c3Cl)c2Cl)cnc1CNC[C@H]1CCC(=O)N1
100	mol225	-13.12	COc1nc(-c2cccc(-c3cccc(-c4cnc(CNC[C@H]5CCCO5)c(OC)n4)c3Cl)c2Cl)cnc1CNC[C@H]1CCC(=O)N1
100	mol437	-12.76	COc1nc(-c2cccc(-c3cccc(-c4cnc(CNC[C@@H]5CCC(=O)N5)c(OC)n4)c3Cl)c2Cl)cnc1CNCC[C@H]1CCCO1
100	mol10	-12.8	COc1nc(-c2cccc(-c3cccc(-c4cnc(CNC[C@@H]5CCC(=O)N5)c(OC)n4)c3Cl)c2Cl)cnc1CNCC[C@@H]1CCOC1
100	mol75	-12.63	COc1nc(-c2cccc(-c3cccc(-c4cnc(CNC[C@@H]5CCC(=O)N5)c(OC)n4)c3Cl)c2Cl)cnc1CNCC[C@H]1CCCO1
100	mol284	-12.72	COc1nc(-c2cccc(-c3cccc(-c4cnc(CNC[C@H]5CCC(=O)N5)c(OC)n4)c3Cl)c2Cl)cnc1CNCC[C@@H]1CCOCO1
100	mol400	-13.26	COc1nc(-c2cccc(-c3cccc(-c4cnc(CNC[C@H]5CCC(=O)N5)c(OC)n4)c3Cl)c2Cl)cnc1CNCCC1CCC1
100	mol346	-12.57	COc1nc(-c2cccc(-c3cccc(-c4cnc(CNC[C@@H]5CCC(=O)N5)c(OC)n4)c3Cl)c2Cl)cnc1CNCC[C@H]1CCCO1
100	mol391	-12.6	COc1nc(-c2cccc(-c3cccc(-c4cnc(CNC[C@@H]5CCC(=O)N5)c(OC)n4)c3Cl)c2Cl)cnc1CNCC[C@H]1CCCO1
100	mol273	-12.59	COc1nc(-c2cccc(-c3cccc(-c4cnc(CNC[C@@H]5CCC(=O)N5)c(OC)n4)c3Cl)c2Cl)cnc1CNCC[C@H]1CCCO1
100	mol165	-12.55	COc1nc(-c2cccc(-c3cccc(-c4cnc(CNC[C@@H]5CCC(=O)N5)c(OC)n4)c3Cl)c2Cl)cnc1CNCC[C@H]1CCCO1
100	mol156	-12.55	COc1nc(-c2cccc(-c3cccc(-c4cnc(OC[C@@H]5CCCO5)c(OC)n4)c3Cl)c2Cl)cnc1CNC[C@@H]1CCC(=O)N1
100	mol481	-13.04	COc1nc(-c2cccc(-c3cccc(-c4cnc(CNC[C@@H]5CCC(=O)N5)c(OC)n4)c3Cl)c2Cl)cnc1CNC[C@@H]1CCOC1
100	mol203	-12.52	COc1nc(-c2cccc(-c3cccc(-c4cnc(CNC[C@@H]5CCC(=O)N5)c(OC)n4)c3Cl)c2Cl)cnc1CNCC[C@H]1CCCO1
100	mol401	-12.63	COc1nc(-c2cccc(-c3cccc(-c4cnc(CNC[C@@H]5CCC(=O)N5)c(OC)n4)c3Cl)c2Cl)cnc1CNCC[C@H]1CCCO1
100	mol254	-12.56	COc1nc(-c2cccc(-c3cccc(-c4cnc(CNC[C@@H]5CCC(=O)N5)c(OC)n4)c3Cl)c2Cl)cnc1CNCC[C@H]1CCCO1
100	mol84	-13.17	COc1cc(-c2cccc(-c3cccc(-c4cnc(CNCC[C@H]5CCCO5)c(OC)n4)c3Cl)c2Cl)cnc1CNC[C@H]1CCC(=O)N1
100	mol6	-12.59	COc1nc(-c2cccc(-c3cccc(-c4cnc(CNC[C@@H]5CCC(=O)N5)c(OC)n4)c3Cl)c2Cl)cnc1CNCC[C@H]1CCCO1
100	mol405	-12.99	Cc1nc(-c2cccc(-c3cccc(-c4cnc(CNC[C@@H]5CCC(=O)N5)c(OCO)c4Cl)c3Cl)c2Cl)cn1CC[C@@H]1CCCO1
100	mol324	-12.63	COc1nc(-c2cccc(-c3cccc(-c4cnc(CNC[C@@H]5CCC(=O)N5)c(OC)n4)c3Cl)c2Cl)cnc1CNCC[C@H]1CCCO1
100	mol141	-12.59	COc1nc(-c2cccc(-c3cccc(-c4cnc(CNC[C@@H]5CCC(=O)N5)c(OC)n4)c3Cl)c2Cl)cnc1CNCC[C@H]1CCCO1
100	mol425	-12.5	COc1nc(-c2cccc(-c3cccc(-c4cnc(CNC[C@@H]5CCC(=O)N5)c(OC)n4)c3Cl)c2Cl)cnc1CNCC[C@H]1CCCO1
100	mol175	-12.48	COc1nc(-c2cccc(-c3cccc(-c4cnn(C)n4)c3Cl)c2Cl)cnc1CNCC[C@@H]1CCCO1
100	mol55	-12.67	COc1nc(-c2cccc(-c3cccc(-c4cnc(CNC[C@@H]5CCC(=O)N5)c(OC)n4)c3Cl)c2Cl)cnc1CNCC[C@H]1CCCO1
100	mol428	-12.48	COc1nc(-c2cccc(-c3cccc(-c4cnc(CNC[C@@H]5CCC(=O)N5)c(OC)n4)c3Cl)c2Cl)cnc1CNCC[C@H]1CCCO1
100	mol352	-12.63	COc1nc(-c2cccc(-c3cccc(-c4cnc(CNC[C@@H]5CCC(=O)N5)c(OC)n4)c3Cl)c2Cl)cnc1CNCC[C@H]1CCCO1
100	mol298	-12.67	COc1nc(-c2cccc(-c3cccc(-c4cnc(CNC[C@@H]5CCC(=O)N5)c(OC)n4)c3Cl)c2Cl)cnc1CNCC[C@H]1CCCO1
100	mol153	-12.68	COc1nc(-c2cccc(-c3cccc(-c4cnc(CNC[C@@H]5CCC(=O)N5)c(OC)n4)c3Cl)c2Cl)cnc1CNCC[C@H]1CCCO1
100	mol289	-14.2	O=C(O)COc1cc(-c2cccc(-c3cccc(-c4cnc(CNC[C@H]5CCC(=O)N5)c(O)c4Cl)c3Cl)c2Cl)cnc1CN1CCCC1
100	mol423	-13.66	COc1nc(-c2cccc(-c3cccc(-c4cnc(OCC5CCOCC5)c(OC)n4)c3Cl)c2Cl)cnc1CNC[C@H]1CCC(=O)N1
100	mol256	-12.99	COc1cnc(-c2cccc(-c3cccc(-c4cnc(CNC[C@@H]5CCC(=O)N5)c(OC)n4)c3Cl)c2Cl)cn1
100	mol108	-12.62	CCOc1nc(-c2cccc(-c3cccc(-c4cnc(CNC[C@H]5CCC(=O)N5)c(OC)n4)c3Cl)c2Cl)cnc1CNCC[C@@H]1CCCO1
100	mol384	-13.05	COc1nc(-c2cccc(-c3cccc(-c4cnc(OCC5CCC5)c(OC)n4)c3Cl)c2Cl)cnc1CNC[C@H]1CCC(=O)N1
100	mol477	-12.79	COc1nc(-c2cccc(-c3cccc(-c4cnc(CNC[C@H]5CCC(=O)N5)c(OC)n4)c3Cl)c2Cl)cnc1CNCC[C@@H]1CCOCO1
100	mol92	-12.64	COc1nc(-c2cccc(-c3cccc(-c4cnc(CNC[C@@H]5CCC(=O)N5)c(OC)n4)c3Cl)c2Cl)cnc1CNCC[C@H]1CCCO1
100	mol459	-12.54	COc1nc(-c2cccc(-c3cccc(-c4cnc(CNC[C@@H]5CCC(=O)N5)c(OC)n4)c3Cl)c2Cl)cnc1CNCC[C@H]1CCCO1
100	mol193	-12.69	COc1nc(-c2cccc(-c3cccc(-c4cnc(CNC[C@@H]5CCC(=O)N5)c(OC)n4)c3Cl)c2Cl)cnc1CNCC[C@H]1CCCO1
100	mol347	-12.46	COc1nc(-c2cccc(-c3cccc(-c4cnc(CNC[C@@H]5CCC(=O)N5)c(OC)n4)c3Cl)c2Cl)cnc1CNCC[C@H]1CCCO1
100	mol367	-12.64	COc1nc(-c2cccc(-c3cccc(-c4cnc(CNC[C@@H]5CCC(=O)N5)c(OC)n4)c3Cl)c2Cl)cnc1CNCC[C@H]1CCCO1
100	mol73	-12.58	COc1nc(-c2cccc(-c3cccc(-c4cnc(CNC[C@@H]5CCC(=O)N5)c(OC)n4)c3Cl)c2Cl)cnc1CNCC[C@H]1CCCO1
100	mol45	-12.58	COc1nc(-c2cccc(-c3cccc(-c4cnc(CNC[C@@H]5CCC(=O)N5)c(OC)n4)c3Cl)c2Cl)cnc1CNCC[C@H]1CCCO1
100	mol264	-12.64	COc1nc(-c2cccc(-c3cccc(-c4cnc(CNC[C@@H]5CCC(=O)N5)c(OC)n4)c3Cl)c2Cl)cnc1CNCC[C@H]1CCCO1
100	mol192	-12.63	COc1nc(-c2cccc(-c3cccc(-c4cnc(CNC[C@@H]5CCC(=O)N5)c(OC)n4)c3Cl)c2Cl)cnc1CNCC[C@H]1CCCO1
100	mol52	-12.74	COc1nc(-c2cccc(-c3cccc(-c4cnc(CNC[C@@H]5CCC(=O)N5)c(OC)n4)c3Cl)c2Cl)cnc1CNCC[C@H]1CCCO1
100	mol155	-12.3	COc1nc(-c2cccc(-c3cccc(-c4nc(-c5ccccn5)nc(OC)c4Cl)c3Cl)c2Cl)cnc1CNC[C@H]1CCC(=O)N1
100	mol348	-12.65	COc1nc(-c2cccc(-c3cccc(-c4cnc(CNC[C@@H]5CCC(=O)N5)c(OC)n4)c3Cl)c2Cl)cnc1CNCC[C@H]1CCCO1
100	mol81	-13.04	COc1nc(-c2cccc(-c3cccc(-c4cnc(CNC[C@H]5CCC(=O)N5)c(OC)n4)c3Cl)c2Cl)cnc1CNCCC1CCCC1
100	mol306	-12.57	COc1nc(-c2cccc(-c3cccc(-c4cnc(CNC[C@@H]5CCC(=O)N5)c(OC)n4)c3Cl)c2Cl)cnc1CNCC[C@H]1CCCO1
100	mol186	-13.2	COc1nc(-c2cccc(-c3cccc(-c4cnc(CN[C@H]5CC[C@@H](OC)CC5)c(OC)n4)c3Cl)c2Cl)ncc1CNC[C@@H]1CCC(=O)N1
100	mol241	-12.57	COc1nc(-c2cccc(-c3cccc(-c4cnc(CNC[C@@H]5CCC(=O)N5)c(OC)n4)c3Cl)c2Cl)cnc1CNCC[C@H]1CCCO1
100	mol390	-12.49	COc1nc(-c2cccc(-c3cccc(-c4cnc(CNC[C@@H]5CCC(=O)N5)c(OC)n4)c3Cl)c2Cl)cnc1CNCC[C@H]1CCCO1
100	mol255	-13.08	COc1nc(-c2cccc(-c3cccc(-c4cnc(CNC[C@@H]5CCC(=O)N5)c(OC)n4)c3Cl)c2Cl)cnc1CO
100	mol106	-12.72	COc1nc(-c2cccc(-c3cccc(-c4cnc(CNC[C@@H]5CCC(=O)N5)c(OC)n4)c3Cl)c2Cl)cnc1CNCC[C@H]1CCCO1
100	mol222	-13.4	COc1nc(-c2cccc(-c3cccc(-c4cnc(CNC[C@@H]5CCC(=O)N5)c(OC)n4)c3Cl)c2Cl)cnc1CNCC1CCOCC1
100	mol21	-12.55	COc1nc(-c2cccc(-c3cccc(-c4cnc(CNC[C@@H]5CCC(=O)N5)c(OC)n4)c3Cl)c2Cl)cnc1CNCC[C@H]1CCCO1
100	mol365	-12.42	COc1nc(-c2cccc(-c3cccc(-c4cnc(CNC[C@@H]5CCC(=O)N5)c(OC)n4)c3Cl)c2Cl)cnc1CNCC[C@H]1CCCO1
100	mol492	-13.23	COc1nc(-c2cccc(-c3cccc(-c4cncc(CNC[C@@H]5CCC(=O)N5)c4Cl)c3Cl)c2Cl)cnc1CNC[C@H]1CCOC1
100	mol24	-12.67	COc1nc(-c2cccc(-c3cccc(-c4cnc(CNC[C@@H]5CCC(=O)N5)c(OC)n4)c3Cl)c2Cl)cnc1CNCC[C@H]1CCCO1
100	mol471	-12.72	COc1nc(-c2cccc(-c3cccc(-c4cnc(CNC[C@@H]5CCC(=O)N5)c(OC)n4)c3Cl)c2Cl)cnc1CNCC[C@H]1CCCO1
100	mol379	-13.05	COc1nc(-c2cccc(-c3cccc(-c4cnc(NCC[C@H]5CCCO5)c(OC)n4)c3Cl)c2Cl)cnc1CNC[C@H]1CCC(=O)N1
100	mol473	-12.6	COc1nc(-c2cccc(-c3cccc(-c4cnc(CNC[C@@H]5CCC(=O)N5)c(OC)n4)c3Cl)c2Cl)cnc1CNCC[C@H]1CCCO1
100	mol149	-12.86	COc1nc(-c2cccc(-c3cccc(-c4cnc(CNC[C@@H]5CCC(=O)N5)c(OC)n4)c3Cl)c2Cl)cnc1CNCC[C@@H]1CCOC1
100	mol7	-12.58	COc1nc(-c2cccc(-c3cccc(-c4cnc(OCCNC[C@H]5CCCO5)c(OC)n4)c3Cl)c2Cl)cnc1CNC[C@@H]1CCC(=O)N1
100	mol467	-13.12	COc1nc(-c2cccc(-c3cccc(-c4cnc(CN[C@H]5CCC(=O)N5)c(OC)n4)c3Cl)c2Cl)cnc1CNCC[C@H]1CCCO1
100	mol380	-12.62	COc1nc(-c2cccc(-c3cccc(-c4cnc(CNC[C@@H]5CCC(=O)N5)c(OC)n4)c3Cl)c2Cl)cnc1CNCC[C@H]1CCCO1
100	mol319	-12.64	COc1nc(-c2cccc(-c3cccc(-c4cnc(CNC[C@@H]5CCC(=O)N5)c(OC)n4)c3Cl)c2Cl)cnc1CNCC[C@H]1CCCO1
100	mol270	-12.58	COc1nc(-c2cccc(-c3cccc(-c4cnc(CNC[C@@H]5CCC(=O)N5)c(OC)n4)c3Cl)c2Cl)cnc1CNCC[C@H]1CCCO1
100	mol276	-12.52	COc1nc(-c2cccc(-c3cccc(-c4cnn(C)n4)c3Cl)c2Cl)cnc1CNCC[C@@H]1CCCO1
100	mol112	-12.53	COc1nc(-c2cccc(-c3cccc(-c4cnc(CNC[C@@H]5CCC(=O)N5)c(OC)n4)c3Cl)c2Cl)cnc1CNCC[C@H]1CCCO1
100	mol374	-12.61	COc1nc(-c2cccc(-c3cccc(-c4cnc(CNC[C@@H]5CCC(=O)N5)c(OC)n4)c3Cl)c2Cl)cnc1CNCC[C@H]1CCCO1
100	mol479	-12.86	COc1nc(-c2cccc(-c3cccc(-c4cnc(CNC[C@H]5CCC(=O)N5)c(OC)n4)c3Cl)c2Cl)cnc1CNCCC1CCOCC1
100	mol163	-12.53	COc1nc(-c2cccc(-c3cccc(-c4cnc(CNC[C@@H]5CCC(=O)N5)c(OC)n4)c3Cl)c2Cl)cnc1CNCC[C@H]1CCCO1
100	mol261	-12.57	COc1nc(-c2cccc(-c3cccc(-c4cnc(CNC[C@@H]5CCC(=O)N5)c(OC)n4)c3Cl)c2Cl)cnc1CNCC[C@H]1CCCO1
100	mol237	-13.22	COc1nc(-c2cccc(-c3cccc(-c4cnc(CN[C@H]5CCC(=O)N5)c(OC)n4)c3Cl)c2Cl)cnc1CNCC[C@H]1CCCO1
100	mol67	-12.73	COc1nc(-c2cccc(-c3cccc(-c4cnc(CNC[C@@H]5CCC(=O)N5)c(OC)n4)c3Cl)c2Cl)cnc1CNCC[C@H]1CCCO1
100	mol338	-12.66	COc1nc(-c2cccc(-c3cccc(-c4cnc(CNC[C@@H]5CCC(=O)N5)c(OC)n4)c3Cl)c2Cl)cnc1CNCC[C@H]1CCCO1
100	mol143	-12.58	COc1nc(-c2cccc(-c3cccc(-c4cnc(CNC[C@@H]5CCC(=O)N5)c(OC)n4)c3Cl)c2Cl)cnc1CNCC[C@H]1CCCO1
100	mol94	-12.67	COc1nc(-c2cccc(-c3cccc(-c4cnc(CNC[C@@H]5CCC(=O)N5)c(OC)n4)c3Cl)c2Cl)cnc1CNCC[C@H]1CCCO1
100	mol385	-12.85	COc1nc(-c2cccc(-c3cccc(-c4cnc(CNC[C@@H]5CCC(=O)N5)c(OC)n4)c3Cl)c2Cl)cnc1CNCC[C@@H]1CCOC1
100	mol187	-12.61	COc1nc(-c2cccc(-c3cccc(-c4cnc(CNC[C@@H]5CCC(=O)N5)c(OC)n4)c3Cl)c2Cl)cnc1CNCC[C@H]1CCCO1
100	mol14	-12.59	COc1nc(-c2cccc(-c3cccc(-c4cnc(CNC[C@@H]5CCC(=O)N5)c(OC)n4)c3Cl)c2Cl)cnc1CNCC[C@H]1CCCO1
100	mol236	-12.62	COc1nc(-c2cccc(-c3cccc(-c4cnc(CNC[C@@H]5CCC(=O)N5)c(OC)n4)c3Cl)c2Cl)cnc1CNCC[C@H]1CCCO1
100	mol69	-12.7	COc1nc(-c2cccc(-c3cccc(-c4cnc(CNC[C@@H]5CCC(=O)N5)c(OC)n4)c3Cl)c2Cl)cnc1CNCC[C@H]1CCCO1
100	mol179	-12.49	COc1nc(-c2cccc(-c3cccc(-c4cnc(CNC[C@@H]5CCC(=O)N5)c(OC)n4)c3Cl)c2Cl)cnc1CNCC[C@H]1CCCO1
100	mol349	-12.54	COc1nc(-c2cccc(-c3cccc(-c4cnc(CNC[C@@H]5CCC(=O)N5)c(OC)n4)c3Cl)c2Cl)cnc1CNCC[C@H]1CCCO1
100	mol100	-12.7	COc1nc(-c2cccc(-c3cccc(-c4cnc(CNC[C@@H]5CCC(=O)N5)c(OC)n4)c3Cl)c2Cl)cnc1CNCC[C@H]1CCCO1
100	mol132	-12.69	COc1nc(-c2cccc(-c3cccc(-c4cnc(CNC[C@@H]5CCC(=O)N5)c(OC)n4)c3Cl)c2Cl)cnc1CNCC[C@H]1CCCO1
100	mol295	-13.12	COc1nc(-c2cccc(-c3cccc(-c4cnc(CNC[C@H]5CCCO5)c(OC)n4)c3Cl)c2Cl)cnc1CNC[C@H]1CCC(=O)N1
100	mol20	-12.64	COc1nc(-c2cccc(-c3cccc(-c4cnc(CNC[C@@H]5CCC(=O)N5)c(OC)n4)c3Cl)c2Cl)cnc1CNCC[C@H]1CCCO1
100	mol321	-12.71	COc1nc(-c2cccc(-c3cccc(-c4cnc(CNC[C@@H]5CCC(=O)N5)c(OC)n4)c3Cl)c2Cl)cnc1CNCC[C@H]1CCCO1
100	mol345	-12.58	COc1nc(-c2cccc(-c3cccc(-c4cnc(CNC[C@@H]5CCC(=O)N5)c(OC)n4)c3Cl)c2Cl)cnc1CNCC[C@H]1CCCO1
100	mol313	-12.52	COc1nc(-c2cccc(-c3cccc(-c4cnc(CNC[C@@H]5CCC(=O)N5)c(OC)n4)c3Cl)c2Cl)cnc1CNCC[C@H]1CCCO1
100	mol335	-12.52	COc1nc(-c2cccc(-c3cccc(-c4cnc(CNC[C@@H]5CCC(=O)N5)c(OC)n4)c3Cl)c2Cl)cnc1CNCC[C@H]1CCCO1
100	mol207	-12.94	COc1cnc(-c2cccc(-c3cccc(-c4cnc(CNC[C@@H]5CCC(=O)N5)c(OC)n4)c3Cl)c2Cl)cn1
100	mol427	-12.68	COc1nc(-c2cccc(-c3cccc(-c4cnc(CNC[C@@H]5CCC(=O)N5)c(OC)n4)c3Cl)c2Cl)cnc1CNCC[C@H]1CCCO1
100	mol61	-12.75	COc1nc(-c2cccc(-c3cccc(-c4cnc(CNC[C@@H]5CCC(=O)N5)c(OC)n4)c3Cl)c2Cl)cnc1CNCC[C@H]1CCCO1
100	mol209	-12.69	COCCOc1ncnc(-c2cccc(-c3cccc(-c4cnc(CNC[C@H]5CCC(=O)N5)c(OC)n4)c3Cl)c2Cl)c1Cl
100	mol12	-12.99	COc1nc(-c2cccc(-c3cccc(-c4cnc(CNC[C@H]5CCC(=O)N5)c(OC)n4)c3Cl)c2Cl)cnc1CNCCC1CC1
100	mol296	-12.24	COc1nc(-c2cccc(-c3cccc(-c4cnc(CN5CCC[C@H]5CCNC[C@H]5CCCO5)c(OC)n4)c3Cl)c2Cl)cnc1CNC[C@@H]1CCC(=O)N1
100	mol128	-12.68	COc1nc(-c2cccc(-c3cccc(-c4cnc(CNC[C@@H]5CCC(=O)N5)c(OC)n4)c3Cl)c2Cl)cnc1CNCC[C@H]1CCCO1
100	mol126	-12.59	COc1nc(-c2cccc(-c3cccc(-c4cnc(CNC[C@@H]5CCC(=O)N5)c(OC)n4)c3Cl)c2Cl)cnc1CNCC[C@H]1CCCO1
100	mol86	-12.82	COc1nc(-c2cccc(-c3cccc(-c4cnc(CO)nc4C)c3Cl)c2Cl)cnc1CNCC[C@@H]1CCCO1
100	mol267	-12.74	COc1nc(-c2cccc(-c3cccc(-c4cnc(CNC[C@@H]5CCC(=O)N5)c(OC)n4)c3Cl)c2Cl)cnc1CNCC[C@H]1CCCO1
100	mol407	-12.52	COc1nc(-c2cccc(-c3cccc(-c4cnc(CN)cn4)c3Cl)c2Cl)cnc1CNCC[C@H]1CCCO1
100	mol272	-13.44	COc1nc(-c2cccc(-c3cccc(-c4cnc(CN[C@H]5CCC(=O)N5)c(OC)n4)c3Cl)c2Cl)cnc1CNCC[C@H]1CCCO1
100	mol383	-12.54	COc1nc(-c2cccc(-c3cccc(-c4cnc(CNC[C@@H]5CCC(=O)N5)c(OC)n4)c3Cl)c2Cl)cnc1CNCC[C@H]1CCCO1
100	mol377	-12.62	COc1nc(-c2cccc(-c3cccc(-c4cnc(CNC[C@@H]5CCC(=O)N5)c(OC)n4)c3Cl)c2Cl)cnc1CNCC[C@H]1CCCO1
100	mol60	-12.65	COc1nc(-c2cccc(-c3cccc(-c4cnc(CNC[C@@H]5CCC(=O)N5)c(OC)n4)c3Cl)c2Cl)cnc1CNCC[C@H]1CCCO1
100	mol50	-12.72	COc1nc(-c2cccc(-c3cccc(-c4cnc(CNC[C@@H]5CCC(=O)N5)c(OC)n4)c3Cl)c2Cl)cnc1CNCC[C@H]1CCCO1
100	mol240	-12.58	COc1nc(-c2cccc(-c3cccc(-c4cnc(CNC[C@@H]5CCC(=O)N5)c(OC)n4)c3Cl)c2Cl)cnc1CNCC[C@H]1CCCO1
100	mol445	-12.12	COc1nc(-c2cccc(-c3cccc(-c4cnn(C)n4)c3Cl)c2Cl)cnc1CNCCCO
100	mol327	-12.53	COc1nc(-c2cccc(-c3cccc(-c4cnc(CNC[C@@H]5CCC(=O)N5)c(OC)n4)c3Cl)c2Cl)cnc1CNCC[C@H]1CCCO1
100	mol325	-12.67	COc1nc(-c2cccc(-c3cccc(-c4cnc(CNC[C@@H]5CCC(=O)N5)c(OC)n4)c3Cl)c2Cl)cnc1CNCC[C@H]1CCCO1
100	mol111	-13.11	COc1nc(-c2cccc(-c3cccc(-c4cnc(NCC[C@H]5CCCO5)c(OC)n4)c3Cl)c2Cl)cnc1CNC[C@H]1CCC(=O)N1
100	mol189	-13.47	COc1nc(-c2cccc(-c3cccc(-c4cnc(CNC[C@@H]5CCC(=O)N5)c(OC)n4)c3Cl)c2Cl)cnc1CNCC1CCOCC1
100	mol59	-12.52	COc1nc(-c2cccc(-c3cccc(-c4cnn(C)n4)c3Cl)c2Cl)cnc1CNCC[C@@H]1CCCO1
100	mol136	-12.52	COc1nc(-c2cccc(-c3cccc(-c4cnc(CNC[C@@H]5CCC(=O)N5)c(OC)n4)c3Cl)c2Cl)cnc1CNCC[C@H]1CCCO1
100	mol62	-13.31	COc1nc(-c2cccc(-c3cccc(-c4cncc(CNC[C@@H]5CCC(=O)N5)c4Cl)c3Cl)c2Cl)cnc1CNC[C@H]1CCOC1
100	mol16	-13.34	COc1nc(-c2cccc(-c3cccc(-c4cnc(CN[C@H]5CCC(=O)N5)c(OC)n4)c3Cl)c2Cl)cnc1CNCC[C@H]1CCCO1
100	mol159	-12.44	COc1nc(-c2cccc(-c3cccc(-c4cnc(CNC[C@@H]5CCC(=O)N5)c(OC)n4)c3Cl)c2Cl)cnc1CNCCN1CCCC1
100	mol340	-12.45	COc1nc(-c2cccc(-c3cccc(-c4cnc(CNC[C@@H]5CCC(=O)N5)c(OC)n4)c3Cl)c2Cl)cnc1CNCC[C@H]1CCCO1
100	mol244	-12.56	COc1nc(-c2cccc(-c3cccc(-c4cnc(CNC[C@@H]5CCC(=O)N5)c(OC)n4)c3Cl)c2Cl)cnc1CNCC[C@H]1CCCO1
100	mol252	-12.48	COc1nc(-c2cccc(-c3cccc(-c4cnc(CNC[C@@H]5CCC(=O)N5)c(OC)n4)c3Cl)c2Cl)cnc1CNCC[C@H]1CCCO1
100	mol300	-13.05	COc1nc(-c2cccc(-c3cccc(-c4cnc(CNC[C@H]5CCCO5)c(OC)n4)c3Cl)c2Cl)cnc1CNC[C@H]1CCC(=O)N1
100	mol168	-12.59	COc1nc(-c2cccc(-c3cccc(-c4cnc(CNC[C@@H]5CCC(=O)N5)c(OC)n4)c3Cl)c2Cl)cnc1CNCC[C@H]1CCCO1
100	mol5	-12.64	COc1nc(-c2cccc(-c3cccc(-c4cnc(CNC[C@H]5CCC(=O)N5)c(OC)n4)c3Cl)c2Cl)cnc1CNCCC[C@H]1CCCO1
100	mol49	-12.65	COc1nc(-c2cccc(-c3cccc(-c4cnc(CNC[C@@H]5CCC(=O)N5)c(OC)n4)c3Cl)c2Cl)cnc1CNCC[C@H]1CCCO1
100	mol449	-12.71	COc1nc(-c2cccc(-c3cccc(-c4cnc(CNC[C@@H]5CCC(=O)N5)c(OC)n4)c3Cl)c2Cl)cnc1CNCC[C@H]1CCCO1
100	mol283	-13.14	COc1nc(-c2cccc(-c3cccc(-c4cnc(CNC[C@H]5CCC(=O)N5)c(OC)n4)c3Cl)c2Cl)cnc1CNCCC1CCC1
100	mol188	-12.65	COc1nc(-c2cccc(-c3cccc(-c4cnc(CNC[C@@H]5CCC(=O)N5)c(OC)n4)c3Cl)c2Cl)cnc1CNCC[C@H]1CCCO1
100	mol350	-12.6	COc1nc(-c2cccc(-c3cccc(-c4cnc(CNC[C@@H]5CCC(=O)N5)c(OC)n4)c3Cl)c2Cl)cnc1CNCC[C@H]1CCCO1
100	mol304	-12.61	COc1nc(-c2cccc(-c3cccc(-c4cnc(CNC[C@@H]5CCC(=O)N5)c(OC)n4)c3Cl)c2Cl)cnc1CNCC[C@H]1CCCO1
100	mol242	-12.61	COc1nc(-c2cccc(-c3cccc(-c4cnc(CNC[C@@H]5CCC(=O)N5)c(OC)n4)c3Cl)c2Cl)cnc1CNCC[C@H]1CCCO1
100	mol421	-12.67	COc1nc(-c2cccc(-c3cccc(-c4cnc(CNC[C@@H]5CCC(=O)N5)c(OC)n4)c3Cl)c2Cl)cnc1CNCC[C@H]1CCCO1
100	mol102	-12.65	COc1nc(-c2cccc(-c3cccc(-c4cnc(CNC[C@@H]5CCC(=O)N5)c(OC)n4)c3Cl)c2Cl)cnc1CNCC[C@H]1CCCO1
100	mol297	-12.53	COc1nc(-c2cccc(-c3cccc(-c4cnc(CNC[C@@H]5CCC(=O)N5)c(OC)n4)c3Cl)c2Cl)cnc1CNCC[C@H]1CCCO1
100	mol419	-12.54	COc1nc(-c2cccc(-c3cccc(-c4cnc(CNC[C@@H]5CCC(=O)N5)c(OC)n4)c3Cl)c2Cl)cnc1CNCC[C@H]1CCCO1
100	mol29	-12.45	COc1nc(-c2cccc(-c3cccc(-c4cnc(CNC[C@@H]5CCC(=O)N5)c(OC)n4)c3Cl)c2Cl)cnc1CNCC[C@H]1CCCO1
100	mol22	-12.71	COc1nc(-c2cccc(-c3cccc(-c4cnc(CNC[C@@H]5CCC(=O)N5)c(OC)n4)c3Cl)c2Cl)cnc1CNCC[C@H]1CCCO1
100	mol194	-12.55	COc1nc(-c2cccc(-c3cccc(-c4cnc(CNC[C@@H]5CCC(=O)N5)c(OC)n4)c3Cl)c2Cl)cnc1CNCC[C@H]1CCCO1
100	mol438	-12.65	COc1nc(-c2cccc(-c3cccc(-c4cnc(CNC[C@@H]5CCC(=O)N5)c(OC)n4)c3Cl)c2Cl)cnc1CNCC[C@H]1CCCO1
100	mol146	-13.22	COc1nc(-c2cccc(-c3cccc(-c4cnc(CN[C@H]5CCC(=O)N5)c(OC)n4)c3Cl)c2Cl)cnc1CNCC[C@H]1CCCO1
100	mol412	-13.23	COc1nc(-c2cccc(-c3cccc(-c4cnc(CN[C@H]5CCC(=O)N5)c(OC)n4)c3Cl)c2Cl)cnc1CNCC[C@H]1CCCO1
100	mol233	-12.55	COc1nc(-c2cccc(-c3cccc(-c4cnc(CNC[C@@H]5CCC(=O)N5)c(OC)n4)c3Cl)c2Cl)cnc1CNCC[C@H]1CCCO1
100	mol393	-13.01	COc1nc(-c2cccc(-c3cccc(-c4cnc(C5CCC5)c(OC)n4)c3Cl)c2Cl)cnc1CNC[C@@H]1CCC(=O)N1
100	mol396	-12.52	COc1nc(-c2cccc(-c3cccc(-c4cnc(CNC[C@@H]5CCC(=O)N5)c(OC)n4)c3Cl)c2Cl)cnc1CNCC[C@H]1CCCO1
100	mol19	-12.77	COc1nc(-c2cccc(-c3cccc(-c4cnc(CNC[C@@H]5CCC(=O)N5)c(OC)n4)c3Cl)c2Cl)cnc1CNCC[C@H]1CCCO1
100	mol478	-13.24	O=C1CC[C@H](CNCc2ncc(-c3cccc(-c4cccc(-n5cncn5)c4Cl)c3Cl)c(Cl)c2O)N1
100	mol318	-12.71	COc1nc(-c2cccc(-c3cccc(-c4cnc(CNC[C@@H]5CCC(=O)N5)c(OC)n4)c3Cl)c2Cl)cnc1CNCC[C@H]1CCCO1
100	mol185	-13.31	COc1ncc(-c2cccc(-c3cccc(-c4cnc(CNC[C@@H]5CCC(=O)N5)c(OC)n4)c3Cl)c2Cl)cn1
100	mol28	-12.65	COc1nc(-c2cccc(-c3cccc(-c4cnc(CNC[C@@H]5CCC(=O)N5)c(OC)n4)c3Cl)c2Cl)cnc1CNCC[C@H]1CCCO1
100	mol357	-12.68	COc1nc(-c2cccc(-c3cccc(-c4cnc(CNC[C@@H]5CCC(=O)N5)c(OC)n4)c3Cl)c2Cl)cnc1CNCC[C@H]1CCCO1
100	mol288	-12.68	COc1nc(-c2cccc(-c3cccc(-c4cncnc4)c3Cl)c2Cl)cnc1CNCC[C@H]1CCCO1
100	mol344	-12.72	COc1nc(-c2cccc(-c3cccc(-c4cnc(CNC[C@@H]5CCC(=O)N5)c(OC)n4)c3Cl)c2Cl)cnc1CNCC[C@H]1CCCO1
100	mol18	-12.51	COc1nc(-c2cccc(-c3cccc(-c4cnc(CNC[C@@H]5CCC(=O)N5)c(OC)n4)c3Cl)c2Cl)cnc1CNCC[C@H]1CCCO1
100	mol64	-13.08	COc1nc(-c2cccc(-c3cccc(-c4cnc(CNC[C@H]5CCCO5)c(OC)n4)c3Cl)c2Cl)cnc1CNC[C@H]1CCC(=O)N1
100	mol195	-12.68	COc1nc(-c2cccc(-c3cccc(-c4cnc(CNC[C@@H]5CCC(=O)N5)c(OC)n4)c3Cl)c2Cl)cnc1CNCC[C@H]1CCCO1
100	mol115	-12.7	COc1nc(-c2cccc(-c3cccc(-c4cnc(CNC[C@@H]5CCC(=O)N5)c(OC)n4)c3Cl)c2Cl)cnc1CNCC[C@H]1CCCO1
100	mol91	-12.67	COc1nc(-c2cccc(-c3cccc(-c4cnc(CNC[C@@H]5CCC(=O)N5)c(OC)n4)c3Cl)c2Cl)cnc1CNCC[C@H]1CCCO1
100	mol204	-12.64	COc1nc(-c2cccc(-c3cccc(-c4cnc(CNC[C@@H]5CCC(=O)N5)c(OC)n4)c3Cl)c2Cl)cnc1CNCC[C@H]1CCCO1
100	mol360	-12.66	COc1nc(-c2cccc(-c3cccc(-c4cnc(CNC[C@@H]5CCC(=O)N5)c(OC)n4)c3Cl)c2Cl)cnc1CNCC[C@H]1CCCO1
100	mol13	-12.78	COc1nc(-c2cccc(-c3cccc(-c4cnc(CNC[C@@H]5CCC(=O)N5)c(OC)n4)c3Cl)c2Cl)cnc1CNCC[C@H]1CCCO1
100	mol249	-12.62	COc1nc(-c2cccc(-c3cccc(-c4cnc(CNC[C@@H]5CCC(=O)N5)c(OC)n4)c3Cl)c2Cl)cnc1CNCC[C@H]1CCCO1
100	mol88	-12.54	COc1nc(-c2cccc(-c3cccc(-c4cnc(CNC[C@@H]5CCC(=O)N5)c(OC)n4)c3Cl)c2Cl)cnc1CNCC[C@H]1CCCO1
100	mol404	-12.49	COc1nc(-c2cccc(-c3cccc(-c4cnc(CNC[C@@H]5CCC(=O)N5)c(OC)n4)c3Cl)c2Cl)cnc1CNCC[C@H]1CCCO1
100	mol274	-13.6	COc1ncc(-c2cccc(-c3cccc(-c4cnc(CN[C@H]5CCC(=O)N5)c(OC)n4)c3Cl)c2Cl)cn1
100	mol426	-13.56	COc1nc(-c2cccc(-c3cccc(-c4cnc(CNC[C@H]5CCC(=O)N5)c(OC)n4)c3Cl)c2Cl)cnc1Cl
100	mol450	-12.5	COc1nc(-c2cccc(-c3cccc(-c4cnc(CNC[C@@H]5CCC(=O)N5)c(OC)n4)c3Cl)c2Cl)cnc1CNCC[C@H]1CCCO1
100	mol434	-13.62	O=C1CC[C@H](CNCc2ncc(-c3cccc(-c4cccc(-c5cn(C[C@H]6CCCO6)cn5)c4Cl)c3Cl)nc2O)N1
100	mol96	-12.87	COc1nc(-c2cccc(-c3cccc(-c4cnc(CNC[C@H]5CCC(=O)N5)c(OC)n4)c3Cl)c2Cl)cnc1CNCCC1CCOCC1
100	mol452	-12.52	COc1nc(-c2cccc(-c3cccc(-c4cnc(CNC[C@@H]5CCC(=O)N5)c(OC)n4)c3Cl)c2Cl)cnc1CNCC[C@H]1CCCO1
100	mol482	-12.47	COc1nc(-c2cccc(-c3cccc(-c4cnc(CNC[C@@H]5CCC(=O)N5)c(OC)n4)c3Cl)c2Cl)cnc1CNCC[C@H]1CCCO1
100	mol268	-12.44	COc1nc(-c2cccc(-c3cccc(-c4cnc(CNC[C@@H]5CCC(=O)N5)c(OC)n4)c3Cl)c2Cl)cnc1CNCC[C@H]1CCCO1
100	mol8	-12.54	COc1nc(-c2cccc(-c3cccc(-c4cncc(CNCC5CCOCC5)c4Cl)c3Cl)c2Cl)cnc1CNCC[C@@H]1CCCO1
100	mol323	-12.71	COc1nc(-c2cccc(-c3cccc(-c4cnc(CNC[C@@H]5CCC(=O)N5)c(OC)n4)c3Cl)c2Cl)cnc1CNCC[C@H]1CCCO1
100	mol342	-13.44	COc1nc(-c2cccc(-c3cccc(-c4cnc(CN[C@H]5CCC(=O)N5)c(OC)n4)c3Cl)c2Cl)cnc1CNCC[C@H]1CCCO1
100	mol260	-12.64	COc1nc(-c2cccc(-c3cccc(-c4cnc(CNC[C@@H]5CCC(=O)N5)c(OC)n4)c3Cl)c2Cl)cnc1CNCC[C@H]1CCCO1
100	mol278	-12.52	COCCn1ncc(-c2cccc(-c3cccc(-c4cnc(CNC[C@@H]5CCC(=O)N5)c(OC)n4)c3Cl)c2Cl)n1
100	mol310	-12.63	COc1nc(-c2cccc(-c3cccc(-c4cnc(CNC[C@@H]5CCC(=O)N5)c(OC)n4)c3Cl)c2Cl)cnc1CNCC[C@H]1CCCO1
100	mol410	-12.72	COc1nc(-c2cccc(-c3cccc(-c4cnc(CNC[C@@H]5CCC(=O)N5)c(OC)n4)c3Cl)c2Cl)cnc1CNCC[C@H]1CCCO1
100	mol490	-12.49	COc1nc(-c2cccc(-c3cccc(-c4cnc(CNC[C@@H]5CCC(=O)N5)c(OC)n4)c3Cl)c2Cl)cnc1CNCC[C@H]1CCCO1
100	mol458	-12.68	COc1nc(-c2cccc(-c3cccc(-c4cnc(CNC[C@@H]5CCC(=O)N5)c(OC)n4)c3Cl)c2Cl)cnc1CNCC[C@H]1CCCO1
100	mol157	-12.59	COc1nc(-c2cccc(-c3cccc(-c4cnc(CNC[C@@H]5CCC(=O)N5)c(OC)n4)c3Cl)c2Cl)cnc1CNCC[C@H]1CCCO1
100	mol76	-12.58	COc1nc(-c2cccc(-c3cccc(-c4cnc(CNC[C@@H]5CCC(=O)N5)c(OC)n4)c3Cl)c2Cl)cnc1CNCC[C@H]1CCCO1
100	mol266	-12.98	COc1nc(-c2cccc(-c3cccc(-c4cnc(CNC[C@H]5CCCO5)c(OC)n4)c3Cl)c2Cl)cnc1CNC[C@H]1CCC(=O)N1
100	mol285	-12.91	COc1nc(-c2cccc(-c3cccc(-c4cnc(OCC[C@@H]5CCO5)c(OC)n4)c3Cl)c2Cl)cnc1CNC[C@@H]1CCC(=O)N1
100	mol78	-12.49	COc1nc(-c2cccc(-c3cccc(-c4cnc(CNC[C@@H]5CCC(=O)N5)c(OC)n4)c3Cl)c2Cl)cnc1CNCC[C@H]1CCCO1
100	mol152	-12.86	COc1nc(-c2cccc(-c3cccc(-c4cnn(C)n4)c3Cl)c2Cl)cnc1CNC[C@H]1CCOC1
100	mol228	-12.5	COc1nc(-c2cccc(-c3cccc(-c4cnc(CNC[C@@H]5CCC(=O)N5)c(OC)n4)c3Cl)c2Cl)cnc1CNCC[C@H]1CCCO1
100	mol429	-13.35	COc1nc(-c2cccc(-c3cccc(-c4cnc(CNC[C@@H]5CCC(=O)N5)c(OC)n4)c3Cl)c2Cl)cnc1CNCC1CCOCC1
100	mol307	-12.59	COc1nc(-c2cccc(-c3cccc(-c4cnc(CNC[C@@H]5CCC(=O)N5)c(OC)n4)c3Cl)c2Cl)cnc1CNCC[C@H]1CCCO1
100	mol416	-12.6	COc1nc(-c2cccc(-c3cccc(-c4cnc(CNC[C@@H]5CCC(=O)N5)c(OC)n4)c3Cl)c2Cl)cnc1CNCC[C@H]1CCCO1
100	mol373	-12.8	COc1ncnc(O[C@H]2CC[C@H](CCNCc3ncc(-c4cccc(-c5cccc(-c6cnc(CNC[C@H]7CCC(=O)N7)c(OC)n6)c5Cl)c4Cl)nc3OC)CC2)n1
100	mol282	-12.74	COc1nc(-c2cccc(-c3cccc(-c4cnc(CNC[C@@H]5CCC(=O)N5)c(OC)n4)c3Cl)c2Cl)cnc1CNCC[C@H]1CCCO1
100	mol326	-12.63	COc1nc(-c2cccc(-c3cccc(-c4cnc(CNC[C@@H]5CCC(=O)N5)c(OC)n4)c3Cl)c2Cl)cnc1CNCC[C@H]1CCCO1
100	mol433	-12.49	COc1nc(-c2cccc(-c3cccc(-c4cnc(CNC[C@@H]5CCC(=O)N5)c(OC)n4)c3Cl)c2Cl)cnc1CNCC[C@H]1CCCO1
100	mol317	-12.99	COc1nc(-c2cccc(-c3cccc(-c4cnc(CNC5CCC5)c(OC[C@H]5CCC(=O)N5)c4Cl)c3Cl)c2Cl)cnc1CNCC[C@@H]1CCCO1
100	mol415	-12.53	COc1nc(-c2cccc(-c3cccc(-c4cnc(CNC[C@@H]5CCC(=O)N5)c(OC)n4)c3Cl)c2Cl)cnc1CNCC[C@H]1CCCO1
100	mol215	-12.5	CCOc1nc(-c2cccc(-c3cccc(-c4cnn(C)n4)c3Cl)c2Cl)cnc1CNCC[C@H]1CCCO1
100	mol398	-12.94	COc1cnc(-c2cccc(-c3cccc(-c4cnc(CNC[C@@H]5CCC(=O)N5)c(OC)n4)c3Cl)c2Cl)cn1
100	mol34	-12.66	COc1nc(-c2cccc(-c3cccc(-c4cnc(CNC[C@@H]5CCC(=O)N5)c(OC)n4)c3Cl)c2Cl)cnc1CNCC[C@H]1CCCO1
100	mol291	-12.68	COc1nc(-c2cccc(-c3cccc(-c4cnc(CNC[C@@H]5CCC(=O)N5)c(OC)n4)c3Cl)c2Cl)cnc1CNCC[C@H]1CCCO1
100	mol217	-12.59	COc1nc(-c2cccc(-c3cccc(-c4cnc(CNC[C@@H]5CCC(=O)N5)c(OC)n4)c3Cl)c2Cl)cnc1CNCC[C@H]1CCCO1
100	mol213	-12.64	COc1nc(-c2cccc(-c3cccc(-c4cnc(CNC[C@@H]5CCC(=O)N5)c(OC)n4)c3Cl)c2Cl)cnc1CNCC[C@H]1CCCO1
100	mol448	-12.73	COc1nc(-c2cccc(-c3cccc(-c4cnc(CNC[C@@H]5CCC(=O)N5)c(OC)n4)c3Cl)c2Cl)cnc1CNCC[C@H]1CCCO1
100	mol418	-12.08	COc1nc(-c2ccc(-c3cccc(Oc4cccc(OC[C@@H]5CCC(=O)N5)c4Cl)c3Cl)cn2)cnc1CNCC[C@H]1CCCO1
100	mol40	-12.5	COc1nc(-c2cccc(-c3cccc(-c4cnc(CNC[C@@H]5CCC(=O)N5)c(OC)n4)c3Cl)c2Cl)cnc1CNCC[C@H]1CCCO1
100	mol223	-13.14	COc1nc(-c2cccc(-c3cccc(-c4cnc(CNC[C@H]5CCCO5)c(OC)n4)c3Cl)c2Cl)cnc1CNC[C@H]1CCC(=O)N1
100	mol341	-12.48	COc1nc(-c2cccc(-c3cccc(-c4cnc(CNC[C@@H]5CCC(=O)N5)c(OC)n4)c3Cl)c2Cl)cnc1CNCC[C@H]1CCCO1
100	mol101	-12.61	COc1nc(-c2cccc(-c3cccc(-c4cnc(CNC[C@@H]5CCC(=O)N5)c(OC)n4)c3Cl)c2Cl)cnc1CNCC[C@H]1CCCO1
100	mol36	-12.69	COc1nc(-c2cccc(-c3cccc(-c4cnc(CNC[C@@H]5CCC(=O)N5)c(OC)n4)c3Cl)c2Cl)cnc1CNCC[C@H]1CCCO1
100	mol491	-12.62	COc1nc(-c2cccc(-c3cccc(-c4cnc(CNC[C@@H]5CCC(=O)N5)c(OC)n4)c3Cl)c2Cl)cnc1CNCC[C@H]1CCCO1
100	mol144	-13.06	COc1nc(-c2cccc(-c3cccc(-c4cnc(CNC[C@H]5CCC5=O)c(OC)n4)c3Cl)c2Cl)cnc1CNCC[C@H]1CCCO1
100	mol332	-12.23	COc1nc(-c2cccc(-c3ccc(-c4ncnc(OC)c4CO)c(Cl)c3)c2Cl)cnc1CNC[C@H]1CCC(=O)N1
100	mol56	-12.41	COc1nc(-c2cccc(-c3cccc(-c4cnc(CNC[C@H]5CCC(=O)N5)c(OC)n4)c3Cl)c2Cl)cnc1CNCCNCCC1CCC1
100	mol80	-12.73	COc1nc(-c2cccc(-c3cccc(-c4cnc(CNC[C@@H]5CCC(=O)N5)c(OC)n4)c3Cl)c2Cl)cnc1CNCC[C@H]1CCCO1
100	mol167	-13.07	COc1nc(-c2cccc(-c3cccc(-c4cnc(CNC[C@@H]5CCC(=O)N5)c(OC)n4)c3Cl)c2Cl)cnc1CNC[C@@H]1CCOC1
100	mol54	-12.63	COc1nc(-c2cccc(-c3cccc(-c4cnc(CNC[C@@H]5CCC(=O)N5)c(OC)n4)c3Cl)c2Cl)cnc1CNCC[C@H]1CCCO1
100	mol118	-12.56	COc1nc(-c2cccc(-c3cccc(-c4cnc(CNC[C@@H]5CCC(=O)N5)c(OC)n4)c3Cl)c2Cl)cnc1CNCC[C@H]1CCCO1
100	mol247	-12.67	COc1nc(-c2cccc(-c3cccc(-c4cnc(CNC[C@@H]5CCC(=O)N5)c(OC)n4)c3Cl)c2Cl)cnc1CNCC[C@H]1CCCO1
100	mol200	-13.3	COc1nc(-c2cccc(-c3cccc(-c4cnc(CNCC5(C(=O)NO)CC5)c(OC)n4)c3Cl)c2Cl)cnc1CNCC[C@H]1CCCO1
100	mol138	-12.54	COc1nc(-c2cccc(-c3cccc(-c4cnc(CNC[C@@H]5CCC(=O)N5)c(OC)n4)c3Cl)c2Cl)cnc1CNCC[C@H]1CCCO1
100	mol72	-12.63	COc1nc(-c2cccc(-c3cccc(-c4cnc(CNC[C@@H]5CCC(=O)N5)c(OC)n4)c3Cl)c2Cl)cnc1CNCC[C@H]1CCCO1
100	mol1	-12.81	COc1nc(-c2cccc(-c3cccc(-c4cnc(CNC[C@H]5CCC(=O)O5)c(OCC5CC5)n4)c3Cl)c2Cl)cnc1CNCC[C@H]1CCCO1
100	mol334	-12.88	COc1nc(-c2cccc(-c3cccc(-c4cncc(CNC[C@H]5CCC(=O)N5)c4Cl)c3Cl)c2Cl)cnc1CNCCC[C@H]1CCCO1
100	mol286	-12.52	COc1nc(-c2cccc(-c3cccc(-c4cnc(CNC[C@@H]5CCC(=O)N5)c(OC)n4)c3Cl)c2Cl)cnc1CNCC[C@H]1CCCO1
100	mol329	-12.54	COc1nc(-c2cccc(-c3cccc(-c4cnc(CNC[C@@H]5CCC(=O)N5)c(OC)n4)c3Cl)c2Cl)cnc1CNCC[C@H]1CCCO1
100	mol271	-13.15	COc1nc(-c2cccc(-c3cccc(-c4cnc(CNC[C@H]5CCCO5)c(OC)n4)c3Cl)c2Cl)cnc1CNC[C@H]1CCC(=O)N1
100	mol386	-13.12	COc1nc(-c2cccc(-c3cccc(-c4cnc(CNC[C@@H]5CCC(=O)N5)c(OC)n4)c3Cl)c2Cl)cnc1CO
100	mol231	-12.59	COc1nc(-c2cccc(-c3cccc(-c4cnc(CNC[C@@H]5CCC(=O)N5)c(OC)n4)c3Cl)c2Cl)cnc1CNCC[C@H]1CCCO1
100	mol469	-13.35	COc1nc(-c2cccc(-c3cccc(-c4cnc(CNC[C@H]5CC[C@@H](OC)CC5)c(OC)n4)c3Cl)c2Cl)cnc1CNC[C@H]1CCC(=O)N1
100	mol32	-12.55	COc1nc(-c2cccc(-c3cccc(-c4cnc(CNC[C@@H]5CCC(=O)N5)c(OC)n4)c3Cl)c2Cl)cnc1CNCC[C@H]1CCCO1
100	mol218	-13.1	COc1nc(-c2cccc(-c3cccc(-c4cnc(CNC[C@H]5CCC(=O)N5)c(OC)n4)c3Cl)c2Cl)cnc1CNCCC1CCC1
100	mol370	-13.13	COc1nc(-c2cccc(-c3cccc(-c4cnc([C@@H]5CCCO5)c(OC)n4)c3Cl)c2Cl)cnc1CNC[C@H]1CCC(=O)N1
100	mol303	-13.15	COc1nc(-c2cccc(-c3cccc(-c4cnc(OCC5CCC5)c(OC)n4)c3Cl)c2Cl)cnc1CNC[C@H]1CCC(=O)N1
100	mol177	-12.5	COc1nc(-c2cccc(-c3cccc(-c4cnc(CNC[C@@H]5CCC(=O)N5)c(OC)n4)c3Cl)c2Cl)cnc1CNCC[C@H]1CCCO1
100	mol499	-12.52	COc1nc(-c2cccc(-c3cccc(-c4cnc(CNC[C@@H]5CCC(=O)N5)c(OC)n4)c3Cl)c2Cl)cnc1CNCC[C@H]1CCCO1
100	mol234	-12.58	COc1nc(-c2cccc(-c3cccc(-c4cnc(CNC[C@@H]5CCC(=O)N5)c(OC)n4)c3Cl)c2Cl)cnc1CNCC[C@H]1CC[C@H]1C[C@H]1CCCO1
100	mol293	-12.68	COc1nc(-c2cccc(-c3cccc(-c4cnc(CNC[C@@H]5CCC(=O)N5)c(OC)n4)c3Cl)c2Cl)cnc1CNCC[C@H]1CCCO1
100	mol105	-12.63	COc1nc(-c2cccc(-c3cccc(-c4cnc(CNC[C@@H]5CCC(=O)N5)c(OC)n4)c3Cl)c2Cl)cnc1CNCC[C@H]1CCCO1
100	mol232	-12.64	COc1nc(-c2cccc(-c3cccc(-c4cnc(CNC[C@@H]5CCC(=O)N5)c(OC)n4)c3Cl)c2Cl)cnc1CNCC[C@H]1CCCO1
100	mol444	-12.89	COc1nc(-c2cccc(-c3cccc(-c4cnc(CNC[C@H]5CCC(=O)N5)c(OC)n4)c3Cl)c2Cl)cnc1CCCO
100	mol166	-12.79	COc1nc(-c2cccc(-c3cccc(-c4cnc(CNC5CC5)nc4Cl)c3Cl)c2Cl)cnc1CNCC[C@H]1CCCO1
100	mol435	-12.65	COc1nc(-c2cccc(-c3cccc(-c4cnc(CNC[C@@H]5CCC(=O)N5)c(OC)n4)c3Cl)c2Cl)cnc1CNCC[C@H]1CCCO1
100	mol495	-12.64	COc1nc(-c2cccc(-c3cccc(-c4cnc(CNC[C@@H]5CCC(=O)N5)c(OC)n4)c3Cl)c2Cl)cnc1CNCC[C@H]1CCCO1
100	mol353	-12.71	COc1nc(-c2cccc(-c3cccc(-c4cnc(CNC[C@@H]5CCC(=O)N5)c(OC)n4)c3Cl)c2Cl)cnc1CNCC[C@H]1CCCO1
100	mol57	-12.56	COc1nc(-c2cccc(-c3cccc(-c4cnc(CNC[C@@H]5CCC(=O)N5)c(OC)n4)c3Cl)c2Cl)cnc1CNCC[C@H]1CCCO1
100	mol366	-13.3	COc1nc(-c2cccc(-c3cccc(-c4cnc(CN[C@H]5CCC(=O)N5)c(OC)n4)c3Cl)c2Cl)cnc1CNCC[C@H]1CCCO1
100	mol403	-12.63	COc1nc(-c2cccc(-c3cccc(-c4cnc(CNC[C@@H]5CCC(=O)N5)c(OC)n4)c3Cl)c2Cl)cnc1CNCC[C@H]1CCCO1
100	mol140	-12.92	COc1nc(-c2cccc(-c3cccc(-c4cncc(CNC[C@H]5CCC(=O)N5)c4Cl)c3Cl)c2Cl)cnc1CNCC[C@@H]1CCCO1
100	mol162	-12.76	COc1ncn(-c2cccc(-c3cccc(-c4cnc(CNC[C@@H]5CCC(=O)N5)c(OC)n4)c3Cl)c2Cl)n1
100	mol239	-12.64	COc1nc(-c2cccc(-c3cccc(-c4cnc(CNC[C@@H]5CCC(=O)N5)c(OC)n4)c3Cl)c2Cl)cnc1CNCC[C@H]1CCCO1
100	mol402	-13.47	COc1nc(-c2cccc(-c3cccc(-c4cnc(CN[C@H]5CCC(=O)N5)c(OC)n4)c3Cl)c2Cl)cnc1CNCC[C@H]1CCCO1
100	mol489	-12.89	COc1nc(-c2cccc(-c3cccc(-c4cnc(CNC[C@@H]5CCC(=O)N5)c(OC)n4)c3Cl)c2Cl)cnc1CNCCN1CCOCC1
100	mol95	-12.6	COc1nc(-c2cccc(-c3cccc(-c4cnc(CNC[C@@H]5CCC(=O)N5)c(OC)n4)c3Cl)c2Cl)cnc1CNCC[C@H]1CCCO1
100	mol381	-12.63	COc1nc(-c2cccc(-c3cccc(-c4cnc(CNC[C@@H]5CCC(=O)N5)c(OC)n4)c3Cl)c2Cl)cnc1CNCC[C@H]1CCCO1
100	mol164	-12.5	COc1nc(-c2cccc(-c3cccc(-c4cnn(C)n4)c3Cl)c2Cl)cnc1CNCC[C@@H]1CCCO1
100	mol355	-12.5	COc1nc(-c2cccc(-c3cccc(-c4cnc(CNC[C@@H]5CCC(=O)N5)c(OC)n4)c3Cl)c2Cl)cnc1CNCC[C@H]1CCCO1
100	mol180	-12.53	COc1nc(-c2cccc(-c3cccc(-c4cnc(CNC[C@@H]5CCC(=O)N5)c(OC)n4)c3Cl)c2Cl)cnc1CNCC[C@H]1CCCO1
100	mol171	-12.6	COc1nc(-c2cccc(-c3cccc(-c4cnc(CNC[C@@H]5CCC(=O)N5)c(OC)n4)c3Cl)c2Cl)cnc1CNCC[C@H]1CCCO1
100	mol190	-12.59	COc1nc(-c2cccc(-c3cccc(-c4cnc(CNC[C@@H]5CCC(=O)N5)c(OC)n4)c3Cl)c2Cl)cnc1CNCC[C@H]1CCCO1
100	mol361	-12.78	COc1nc(-c2cccc(-c3cccc(-c4cnc(CNC[C@@H]5CCC(=O)N5)c(OC)n4)c3Cl)c2Cl)cnc1CNCC[C@H]1CCCO1
100	mol322	-12.68	COc1nc(-c2cccc(-c3cccc(-c4cnc(CNC[C@@H]5CCC(=O)N5)c(OC)n4)c3Cl)c2Cl)cnc1CNCC[C@H]1CCCO1
100	mol259	-12.69	COc1nc(-c2cccc(-c3cccc(-c4cnc(CNC[C@@H]5CCC(=O)N5)c(OC)n4)c3Cl)c2Cl)cnc1CNCC[C@H]1CCCO1
100	mol44	-12.59	COc1nc(-c2cccc(-c3cccc(-c4cnc(CNC[C@@H]5CCC(=O)N5)c(OC)n4)c3Cl)c2Cl)cnc1CNCC[C@H]1CCCO1
100	mol314	-12.64	COc1nc(-c2cccc(-c3cccc(-c4cnc(CNC[C@@H]5CCC(=O)N5)c(OC)n4)c3Cl)c2Cl)cnc1CNCC[C@H]1CCCO1
100	mol382	-12.54	COc1nc(-c2cccc(-c3cccc(-c4cnc(CNC[C@@H]5CCC(=O)N5)c(OC)n4)c3Cl)c2Cl)cnc1CNCC[C@H]1CCCO1
100	mol453	-12.09	COc1nc(-c2cccc(-c3cccc(-c4cncnn4)c3Cl)c2Cl)cnc1CNCC[C@H]1CC[C@@H](OCCCO)CC1
100	mol440	-12.56	COc1nc(-c2cccc(-c3cccc(-c4cnc(CNC[C@@H]5CCC(=O)N5)c(OC)n4)c3Cl)c2Cl)cnc1CNCC[C@H]1CCCO1
100	mol89	-12.55	COc1nc(-c2cccc(-c3cccc(-c4cnc(CNC[C@@H]5CCC(=O)N5)c(OC)n4)c3Cl)c2Cl)cnc1CNCC[C@H]1CCCO1
100	mol316	-12.49	COc1nc(-c2cccc(-c3cccc(-c4cnc(CNC[C@@H]5CCC(=O)N5)c(OC)n4)c3Cl)c2Cl)cnc1CNCC[C@H]1CCCO1
100	mol77	-12.49	COc1nc(-c2cccc(-c3cccc(-c4cnc(CNC[C@H]5CCC(=O)N5)c(OC)n4)c3Cl)c2Cl)cnc1CNCCC[C@H]1CCCO1
100	mol494	-12.57	COc1nc(-c2cccc(-c3cccc(-c4cnc(CNC[C@@H]5CCC(=O)N5)c(OC)n4)c3Cl)c2Cl)cnc1CNCC[C@H]1CCCO1
100	mol229	-12.66	COc1nc(-c2cccc(-c3cccc(-c4cnc(CNC[C@@H]5CCC(=O)N5)c(OC)n4)c3Cl)c2Cl)cnc1CNCC[C@H]1CCCO1
100	mol220	-12.61	COc1nc(-c2cccc(-c3cccc(-c4cnc(CNC[C@@H]5CCC(=O)N5)c(OC)n4)c3Cl)c2Cl)cnc1CNCC[C@H]1CCCO1
100	mol38	-12.73	COc1nc(-c2cccc(-c3cccc(-c4cnc(CNCC5CCOCC5)c(OC)n4)c3Cl)c2Cl)cnc1CNCC[C@H]1CCCO1
100	mol359	-12.9	COc1cnc(-c2cccc(-c3cccc(-c4cnc(CNC[C@@H]5CCC(=O)N5)c(OC)n4)c3Cl)c2Cl)cn1
100	mol439	-13.47	COc1nc(-c2cccc(-c3cccc(-c4cnc(CN[C@H]5CCC(=O)N5)c(OC)n4)c3Cl)c2Cl)cnc1CNCC[C@H]1CCCO1
100	mol474	-12.48	CCOc1nc(-c2cccc(-c3cccc(-c4cnc(CNC[C@H]5CCC(=O)N5)c(OC)n4)c3Cl)c2Cl)cnc1CNCC[C@@H]1CCCO1
100	mol498	-12.68	COc1nc(-c2cccc(-c3cccc(-c4cnc(CNC[C@@H]5CCC(=O)N5)c(OC)n4)c3Cl)c2Cl)cnc1CNCC[C@H]1CCCO1
100	mol216	-12.51	COc1nc(-c2cccc(-c3cccc(-c4cnc(CNC[C@@H]5CCC(=O)N5)c(OC)n4)c3Cl)c2Cl)cnc1CNCC[C@H]1CCCO1
100	mol394	-13.08	COc1nc(-c2cccc(-c3cccc(-c4cnc(NCC[C@H]5CCCO5)c(OC)n4)c3Cl)c2Cl)cnc1CNC[C@H]1CCC(=O)N1
100	mol117	-12.54	COc1nc(-c2cccc(-c3cccc(-c4cnc(CNC[C@@H]5CCC(=O)N5)c(OC)n4)c3Cl)c2Cl)cnc1CNCC[C@H]1CCCO1
100	mol174	-12.81	COc1nc(-c2cccc(-c3cccc(-c4cnc(CNC[C@H]5CCC(=O)N5)c(OC)n4)c3Cl)c2Cl)cnc1CNCCC1CCOCC1
100	mol227	-12.48	COc1nc(-c2cccc(-c3cccc(-c4cnc(CNC[C@@H]5CCC(=O)N5)c(OC)n4)c3Cl)c2Cl)cnc1CNCC[C@H]1CCCO1
100	mol430	-12.42	COc1nc(-c2cccc(-c3cccc(-c4cnc(CNC[C@@H]5CCC(=O)N5)c(OC)n4)c3Cl)c2Cl)cnc1CNCC[C@H]1CCCO1
100	mol11	-12.63	COc1nc(-c2cccc(-c3cccc(-c4cnc(CNC[C@@H]5CCC(=O)N5)c(OC)n4)c3Cl)c2Cl)cnc1CNCC[C@H]1CCCO1
100	mol309	-12.39	COc1nc(-c2cccc(-c3cccc(-c4cnc(CNC[C@@H]5CCC(=O)N5)c(OC)n4)c3Cl)c2Cl)cnc1CNCC[C@H]1CCCO1
100	mol139	-12.73	COc1nc(-c2cccc(-c3cccc(-c4cnc(CNC[C@@H]5CCC(=O)N5)c(OC)n4)c3Cl)c2Cl)cnc1CNCC[C@H]1CCCO1
100	mol135	-12.63	COc1nc(-c2cccc(-c3cccc(-c4cnc(CNC[C@@H]5CCC(=O)N5)c(OC)n4)c3Cl)c2Cl)cnc1CNCC[C@H]1CCCO1
100	mol411	-12.64	COc1nc(-c2cccc(-c3cccc(-c4cnc(CNC[C@@H]5CCC(=O)N5)c(OC)n4)c3Cl)c2Cl)cnc1CNCC[C@H]1CCCO1
100	mol182	-12.48	COc1nc(-c2cccc(-c3cccc(-c4cnc(CNC[C@@H]5CCC(=O)N5)c(OC)n4)c3Cl)c2Cl)cnc1CNCC[C@H]1CCCO1
100	mol9	-13.27	COc1nc(-c2cccc(-c3cccc(-c4cncc(CNC[C@H]5CCC(=O)N5)c4Cl)c3Cl)c2Cl)cnc1CNC[C@H]1CCCO1
100	mol133	-13.02	COc1ncc(-c2cccc(-c3cccc(-c4cnc(OC[C@@H]5CCC(=O)N5)c(OC)n4)c3Cl)c2Cl)cn1
100	mol424	-13.37	COc1nc(-c2cccc(-c3cccc(-c4cnc(COC[C@H]5CCCO5)c(OC)n4)c3Cl)c2Cl)cnc1CNC[C@H]1CCC(=O)N1
100	mol351	-12.68	COc1nc(-c2cccc(-c3cccc(-c4cnc(CNC[C@@H]5CCC(=O)N5)c(OC)n4)c3Cl)c2Cl)cnc1CNCC[C@H]1CCCO1
100	mol208	-12.59	COc1nc(-c2cccc(-c3cccc(-c4cnc(CNC[C@@H]5CCC(=O)N5)c(OC)n4)c3Cl)c2Cl)cnc1CNCC[C@H]1CCCO1
100	mol388	-12.69	COc1nc(-c2cccc(-c3cccc(-c4cnc(CNC[C@@H]5CCC(=O)N5)c(OC)n4)c3Cl)c2Cl)cnc1CNCC[C@H]1CCCO1
100	mol90	-12.72	COc1nc(-c2cccc(-c3cccc(-c4cnc(CNC[C@@H]5CCC(=O)N5)c(OC)n4)c3Cl)c2Cl)cnc1CNCC[C@H]1CCCO1
100	mol150	-12.53	COc1nc(-c2cccc(-c3cccc(-c4cnc(CNC[C@@H]5CCC(=O)N5)c(OC)n4)c3Cl)c2Cl)cnc1CNCC[C@H]1CCCO1
100	mol121	-12.43	COc1nc(-c2cccc(-c3cccc(-c4nc(-c5ccccn5)nc(OC)c4Cl)c3Cl)c2Cl)cnc1CNC[C@H]1CCC(=O)N1
100	mol331	-14.66	COc1nc(-c2cccc(-c3cccc(-c4cnc(CNC[C@H]5CCC(=O)N5)c5c(N)ccnc45)c3Cl)c2Cl)cnc1C1CCC1
100	mol363	-12.58	COc1nc(-c2cccc(-c3cccc(-c4cnc(CNC[C@@H]5CCC(=O)N5)c(OC)n4)c3Cl)c2Cl)cnc1CNCC[C@H]1CCCO1
100	mol93	-13.3	COc1nc(-c2cccc(-c3cccc(-c4cnc(CN[C@H]5CCC(=O)N5)c(OC)n4)c3Cl)c2Cl)cnc1CNCC[C@H]1CCCO1
100	mol376	-12.61	COc1nc(-c2cccc(-c3cccc(-c4cnc(CNC[C@@H]5CCC(=O)N5)c(OC)n4)c3Cl)c2Cl)cnc1CNCC[C@H]1CCCO1
100	mol312	-12.58	COc1nc(-c2cccc(-c3cccc(-c4cnc(CNC[C@@H]5CCC(=O)N5)c(OC)n4)c3Cl)c2Cl)cnc1CNCC[C@H]1CCCO1
100	mol113	-12.58	COc1nc(-c2cccc(-c3cccc(-c4cnc(CNC[C@@H]5CCC(=O)N5)c(OC)n4)c3Cl)c2Cl)cnc1CNCC[C@H]1CCCO1
100	mol120	-12.64	COc1nc(-c2cccc(-c3cccc(-c4cnc(CNC[C@@H]5CCC(=O)N5)c(OC)n4)c3Cl)c2Cl)cnc1CNCC[C@H]1CCCO1
100	mol389	-13.43	COc1nc(-c2cccc(-c3cccc(-c4cnc(CN[C@H]5CCC(=O)N5)c(OC)n4)c3Cl)c2Cl)cnc1CNCC1CCCC1
100	mol83	-12.56	COc1nc(-c2cccc(-c3cccc(-c4cnc(CNC[C@@H]5CCC(=O)N5)c(OC)n4)c3Cl)c2Cl)cnc1CNCC[C@H]1CCCO1
100	mol184	-13.09	COc1nc(-c2cccc(-c3cccc(-c4cnc(CN[C@@H]5CCCO5)c(OC)n4)c3Cl)c2Cl)cnc1CNCC[C@H]1CCCO1
100	mol2	-12.5	COc1nc(-c2cccc(-c3cccc(-c4cnc(CNC[C@@H]5CCC(=O)N5)c(OC)n4)c3Cl)c2Cl)cnc1CNCC[C@H]1CCCO1
100	mol191	-12.7	COc1nc(-c2cccc(-c3cccc(-c4cnc(CNC[C@@H]5CCC(=O)N5)c(OC)n4)c3Cl)c2Cl)cnc1CNCC[C@H]1CCCO1
100	mol466	-12.38	COc1nc(-c2cccc(-c3cccc(-c4cnc(CNC[C@@H]5CCC(=O)N5)c(OC)n4)c3Cl)c2Cl)cnc1CNCC[C@H]1CCCO1
100	mol451	-12.64	COc1nc(-c2cccc(-c3cccc(-c4cnc(CNC[C@@H]5CCC(=O)N5)c(OC)n4)c3Cl)c2Cl)cnc1CNCC[C@H]1CCCO1
100	mol395	-12.65	COc1nc(-c2cccc(-c3cccc(-c4cnc(CNC[C@@H]5CCC(=O)N5)c(OC)n4)c3Cl)c2Cl)cnc1CNCC[C@H]1CCCO1
100	mol262	-12.81	COc1nc(-c2cccc(-c3cccc(-c4cnc(CNC[C@H]5CCC(=O)N5)c5cc(OCCCCC(=O)O)ccc45)c3Cl)c2Cl)cnc1CNCC[C@H]1CCCO1
100	mol257	-12.91	COc1cnc(-c2cccc(-c3cccc(-c4cnc(CNC[C@@H]5CCC(=O)N5)c(OC)n4)c3Cl)c2Cl)cn1
100	mol420	-12.67	COc1nc(-c2cccc(-c3cccc(-c4cnc(CNC[C@@H]5CCC(=O)N5)c(OC)n4)c3Cl)c2Cl)cnc1CNCC[C@H]1CCCO1
100	mol485	-12.36	COc1nc(-c2cccc(-c3cccc(-c4cncc(CNCC[C@H]5CCC(=O)N5)c4Cl)c3Cl)c2Cl)cnc1CNCC[C@@H]1CCCO1
100	mol142	-12.49	COc1nc(-c2cccc(-c3cccc(-c4cnc(CNC[C@@H]5CCC(=O)N5)c(OC)n4)c3Cl)c2Cl)cnc1CNCC[C@H]1CCCO1
100	mol125	-12.53	COc1nc(-c2cccc(-c3cccc(-c4cnc(CNC[C@@H]5CCC(=O)N5)c(OC)n4)c3Cl)c2Cl)cnc1CNCC[C@H]1CCCO1
100	mol211	-12.93	COc1cnc(-c2cccc(-c3cccc(-c4cnc(CNC[C@@H]5CCC(=O)N5)c(OC)n4)c3Cl)c2Cl)cn1
100	mol66	-12.81	COc1nc(-c2cccc(-c3cccc(-c4cnc(CNC[C@@H]5CCC(=O)N5)c(OC)n4)c3Cl)c2Cl)cnc1CNCC[C@H]1CCCO1
100	mol4	-12.73	COc1nc(-c2cccc(-c3cccc(-c4cnc(CNC[C@@H]5CCC(=O)N5)c(OC)n4)c3Cl)c2Cl)cnc1CNCC[C@H]1CCCO1
100	mol109	-12.6	COc1nc(-c2cccc(-c3cccc(-c4cnc(CNC[C@@H]5CCC(=O)N5)c(OC)n4)c3Cl)c2Cl)cnc1CNCC[C@H]1CCCO1
100	mol299	-12.56	COc1nc(-c2cccc(-c3cccc(-c4cnc(CNC[C@@H]5CCC(=O)N5)c(OC)n4)c3Cl)c2Cl)cnc1CNCC[C@H]1CCCO1
100	mol378	-12.63	COc1nc(-c2cccc(-c3cccc(-c4cnc(CNC[C@@H]5CCC(=O)N5)c(OC)n4)c3Cl)c2Cl)cnc1CNCC[C@H]1CCCO1
100	mol371	-13.0	COc1nc(-c2cccc(-c3cccc(-c4cncc(CNC[C@@H]5CCC(=O)N5)c4Cl)c3Cl)c2Cl)cnc1OCCN1CCCC1
100	mol224	-12.53	COc1nc(-c2cccc(-c3cccc(-c4cnc(CNC[C@@H]5CCC(=O)N5)c(OC)n4)c3Cl)c2Cl)cnc1CNCC[C@H]1CCCO1
100	mol161	-12.47	COc1nc(-c2cccc(-c3cccc(-c4cnc(CNC[C@@H]5CCC(=O)N5)c(OC)n4)c3Cl)c2Cl)cnc1CNCC[C@H]1CCCO1
100	mol417	-12.5	COc1nc(-c2cccc(-c3cccc(-c4cnc(CNC[C@@H]5CCC(=O)N5)c(OC)n4)c3Cl)c2Cl)cnc1CNCC[C@H]1CCCO1
100	mol39	-12.55	COc1nc(-c2cccc(-c3cccc(-c4cnc(CNC[C@@H]5CCC(=O)N5)c(OC)n4)c3Cl)c2Cl)cnc1CNCC[C@H]1CCCO1
100	mol230	-13.31	COc1ncc(-c2cccc(-c3cccc(-c4cnc(CNC[C@@H]5CCC(=O)N5)c(OC)n4)c3Cl)c2Cl)cn1
100	mol219	-13.38	COc1nc(-c2cccc(-c3cccc(-c4cnc(CNC[C@@H]5CCC(=O)N5)c(OC)n4)c3Cl)c2Cl)cnc1CNCC1CCOCC1
100	mol311	-13.13	COc1nc(-c2cccc(-c3cccc(-c4cnc(CNC[C@@H]5CCC(=O)N5)c(OC)n4)c3Cl)c2Cl)cnc1CNC[C@@H]1CCOC1
100	mol280	-12.68	COc1nc(-c2cccc(-c3cccc(-c4cnc(CNC[C@@H]5CCC(=O)N5)c(OC)n4)c3Cl)c2Cl)cnc1CNCC[C@H]1CCCO1
100	mol173	-13.45	COc1nc(-c2cccc(-c3cccc(-c4cnc(CNC[C@@H]5CCC(=O)N5)c(OC)n4)c3Cl)c2Cl)cnc1CNCC1CCOCC1
100	mol154	-12.78	COc1nc(-c2cccc(-c3cccc(-c4cnc(CNC[C@@H]5CCC(=O)N5)c(OC)n4)c3Cl)c2Cl)cnc1CNCC[C@@H]1CCOC1
100	mol447	-12.52	COc1nc(-c2cccc(-c3cccc(-c4cnc(CNC[C@@H]5CCC(=O)N5)c(OC)n4)c3Cl)c2Cl)cnc1CNCC[C@H]1CCCO1
100	mol468	-12.77	COc1nc(-c2cccc(-c3cccc(-c4cnc(CNC[C@@H]5CCC(=O)N5)c(OC)n4)c3Cl)c2Cl)cnc1CNCC[C@@H]1CCO1
100	mol413	-12.63	COc1nc(-c2cccc(-c3cccc(-c4cnc(CNC[C@@H]5CCC(=O)N5)c(OC)n4)c3Cl)c2Cl)cnc1CNCC[C@H]1CCCO1
100	mol406	-12.81	COc1nc(-c2cccc(-c3cccc(-c4cnc(CNC[C@H]5CCC(=O)N5)c(OC)n4)c3Cl)c2Cl)cnc1CNCCC1CCOCC1
100	mol397	-12.57	COc1nc(-c2cccc(-c3cccc(-c4cnc(CNC[C@@H]5CCC(=O)N5)c(OC)n4)c3Cl)c2Cl)cnc1CNCC[C@H]1CCCO1
100	mol456	-12.6	COc1nc(-c2cccc(-c3cccc(-c4cnc(CNC[C@@H]5CCC(=O)N5)c(OC)n4)c3Cl)c2Cl)cnc1CNCC[C@H]1CCCO1
100	mol369	-12.92	COc1nc(-c2cccc(-c3cccc(-c4cnc(CNC[C@@H]5CCC(=O)N5)c(OC)n4)c3Cl)c2Cl)cnc1CNCC[C@@H]1CCOC1
100	mol461	-12.6	COc1nc(-c2cccc(-c3cccc(-c4cnc(CNC[C@@H]5CCC(=O)N5)c(OC)n4)c3Cl)c2Cl)cnc1CNCC[C@H]1CCCO1
100	mol27	-12.58	COc1nc(-c2cccc(-c3cccc(-c4cnc(CNC[C@@H]5CCC(=O)N5)c(OC)n4)c3Cl)c2Cl)cnc1CNCC[C@H]1CCCO1
100	mol122	-12.53	COc1nc(-c2cccc(-c3cccc(-c4cnc(CNC[C@@H]5CCC(=O)N5)c(OC)n4)c3Cl)c2Cl)cnc1CNCC[C@H]1CCCO1
100	mol31	-12.57	COc1nc(-c2cccc(-c3cccc(-c4cnc(CNC[C@@H]5CCC(=O)N5)c(OC)n4)c3Cl)c2Cl)cnc1CNCC[C@H]1CCCO1
100	mol3	-12.28	COc1nc(-c2cccc(-c3cccc(-c4cnc(CNCC[C@H]5CCCO5)c(OC)n4)c3Cl)c2Cl)cnc1CCC[C@@H]1CCC(=O)N1
100	mol15	-12.53	COc1nc(-c2cccc(-c3cccc(-c4cnc(CNC[C@@H]5CCC(=O)N5)c(OC)n4)c3Cl)c2Cl)cnc1CNCC[C@H]1CCCO1
100	mol446	-12.58	COc1nc(-c2cccc(-c3cccc(-c4cnc(CNC[C@@H]5CCC(=O)N5)c(OC)n4)c3Cl)c2Cl)cnc1CNCC[C@H]1CCCO1
100	mol47	-12.9	COc1nc(-c2cccc(-c3cccc(-c4cnc(CNC[C@@H]5CCC(=O)N5)c(C)n4)c3Cl)c2Cl)cnc1CNCC[C@@H]1CCCO1
100	mol42	-12.8	COc1nc(-c2cccc(-c3cccc(-c4cnc(CNC5CC5)nc4Cl)c3Cl)c2Cl)cnc1CNCC[C@H]1CCCO1
100	mol356	-12.65	COc1nc(-c2cccc(-c3cccc(-c4cnc(CNC[C@@H]5CCC(=O)N5)c(OC)n4)c3Cl)c2Cl)cnc1CNCC[C@H]1CCCO1
100	mol119	-12.59	COc1nc(-c2cccc(-c3cccc(-c4cnc(CNC[C@@H]5CCC(=O)N5)c(OC)n4)c3Cl)c2Cl)cnc1CNCC[C@H]1CCCO1
100	mol392	-12.55	COc1nc(-c2cccc(-c3cccc(-c4cnc(CNC[C@@H]5CCC(=O)N5)c(OC)n4)c3Cl)c2Cl)cnc1CNCC[C@H]1CCCO1
100	mol358	-13.12	COc1nc(-c2cccc(-c3cccc(-c4cnc(CNC[C@H]5CCCO5)c(OC)n4)c3Cl)c2Cl)cnc1CNC[C@H]1CCC(=O)N1
100	mol181	-12.51	COc1nc(-c2cccc(-c3cccc(-c4cnc(CNC[C@@H]5CCC(=O)N5)c(OC)n4)c3Cl)c2Cl)cnc1CNCC[C@H]1CCCO1
100	mol30	-12.69	COc1nc(-c2cccc(-c3cccc(-c4cnc(CNC[C@@H]5CCC(=O)N5)c(OC)n4)c3Cl)c2Cl)cnc1CNCC[C@H]1CCCO1
100	mol399	-13.12	COc1nc(-c2cccc(-c3cccc(-c4cnc(OC[C@H]5CCOC5)c(OC)n4)c3Cl)c2Cl)cnc1CNC[C@H]1CCC(=O)N1
100	mol170	-12.71	COc1nc(-c2cccc(-c3cccc(-c4cnc(CNC[C@@H]5CCC(=O)N5)c(OC)n4)c3Cl)c2Cl)cnc1CNCC[C@H]1CCCO1
100	mol17	-12.62	COc1nc(-c2cccc(-c3cccc(-c4cnc(CNC[C@@H]5CCC(=O)N5)c(OC)n4)c3Cl)c2Cl)cnc1CNCC[C@H]1CCCO1
100	mol221	-12.56	COc1nc(-c2cccc(-c3cccc(-c4cnc(CNC[C@@H]5CCC(=O)N5)c(OC)n4)c3Cl)c2Cl)cnc1CNCC[C@H]1CCCO1
100	mol205	-12.94	COc1nc(-c2cccc(-c3cccc(-c4cnc(CNC[C@@H]5CCC(=O)N5)c(OC)n4)c3Cl)c2Cl)cnc1CNCC[C@@H]1CCOC1
100	mol201	-12.62	COc1nc(-c2cccc(-c3cccc(-c4cnc(CNC[C@@H]5CCC(=O)N5)c(OC)n4)c3Cl)c2Cl)cnc1CNCC[C@H]1CCCO1
100	mol33	-12.64	COc1nc(-c2cccc(-c3cccc(-c4cnc(CNC[C@@H]5CCC(=O)N5)c(OC)n4)c3Cl)c2Cl)cnc1CNCC[C@H]1CCCO1
100	mol455	-12.56	COc1nc(-c2cccc(-c3cccc(-c4cnc(CNC[C@@H]5CCC(=O)N5)c(OC)n4)c3Cl)c2Cl)cnc1CNCC[C@H]1CCCO1
100	mol235	-12.93	COc1cnc(-c2cccc(-c3cccc(-c4cnc(CNC[C@@H]5CCC(=O)N5)c(OC)n4)c3Cl)c2Cl)cn1
100	mol103	-12.53	COc1nc(-c2cccc(-c3cccc(-c4cnc(CNC[C@@H]5CCC(=O)N5)c(OC)n4)c3Cl)c2Cl)cnc1CNCC[C@H]1CCCO1
100	mol409	-12.51	COc1nc(-c2cccc(-c3cccc(-c4cnc(CNC[C@@H]5CCC(=O)N5)c(OC)n4)c3Cl)c2Cl)cnc1CNCC[C@H]1CCCO1
100	mol368	-13.1	COc1nc(-c2cccc(-c3cccc(-c4cnc(CNC[C@H]5CCC(=O)N5)c(OC)n4)c3Cl)c2Cl)cnc1CNCCC1CCC1
100	mol328	-12.5	COc1nc(-c2cccc(-c3cccc(-c4cnc(CNC[C@@H]5CCC(=O)N5)c(OC)n4)c3Cl)c2Cl)cnc1CNCC[C@H]1CCCO1
100	mol46	-12.64	COc1nc(-c2cccc(-c3cccc(-c4cnc(CNC[C@@H]5CCC(=O)N5)c(OC)n4)c3Cl)c2Cl)cnc1CNCC[C@H]1CCCO1
100	mol131	-12.68	COc1nc(-c2cccc(-c3cccc(-c4cnc(CNC[C@@H]5CCC(=O)N5)c(OC)n4)c3Cl)c2Cl)cnc1CNCC[C@H]1CCCO1
100	mol238	-12.51	COc1nc(-c2cccc(-c3cccc(-c4cnc(CNC[C@@H]5CCC(=O)N5)c(OC)n4)c3Cl)c2Cl)cnc1CNCC[C@H]1CCCO1
100	mol483	-13.64	COc1nc(-c2cccc(-c3cccc(-c4cnc(CNC[C@@H]5CC[C@H]6C[C@@H](OC)C[C@@H]6C5=O)c(OC)n4)c3Cl)c2Cl)cnc1CNC[C@@H]1CCC(=O)N1
100	mol472	-13.31	COc1nc(-c2cccc(-c3cccc(-c4cnc(NC[C@@H]5CCCO5)c(OC)n4)c3Cl)c2Cl)cnc1CNC[C@@H]1CCC(=O)N1
100	mol436	-12.49	COc1nc(-c2cccc(-c3cccc(-c4cnc(CNC[C@@H]5CCC(=O)N5)c(OC)n4)c3Cl)c2Cl)cnc1CNCC[C@H]1CCCO1
100	mol243	-12.58	COc1nc(-c2cccc(-c3cccc(-c4cnc(CNC[C@@H]5CCC(=O)N5)c(OC)n4)c3Cl)c2Cl)cnc1CNCC[C@H]1CCCO1
100	mol172	-12.51	COc1nc(-c2cccc(-c3cccc(-c4cnc(CNC[C@@H]5CCC(=O)N5)c(OC)n4)c3Cl)c2Cl)cnc1CNCC[C@H]1CCCO1
100	mol151	-12.61	COc1nc(-c2cccc(-c3cccc(-c4cnc(CNC[C@@H]5CCC(=O)N5)c(OC)n4)c3Cl)c2Cl)cnc1CNCC[C@H]1CCCO1
100	mol484	-12.6	COc1nc(-c2cccc(-c3cccc(-c4cnc(CNC[C@@H]5CCC(=O)N5)c(OC)n4)c3Cl)c2Cl)cnc1CNCC[C@H]1CCCO1
100	mol214	-12.49	COc1nc(-c2cccc(-c3cccc(-c4cnc(CNC5CC5)c(OC[C@@H]5CCC(=O)N5)c4Cl)c3Cl)c2Cl)cnc1CNCC[C@H]1CCCO1
100	mol431	-12.6	COc1nc(-c2cccc(-c3cccc(-c4cnc(NCCC5CCOCC5)c(OC)n4)c3Cl)c2Cl)cnc1CNC[C@@H]1CCC(=O)N1
100	mol137	-12.67	COc1nc(-c2cccc(-c3cccc(-c4cnc(CNC[C@@H]5CCC(=O)N5)c(OC)n4)c3Cl)c2Cl)cnc1CNCC[C@H]1CCCO1
100	mol74	-12.49	COc1nc(-c2cccc(-c3cccc(-c4cnc(CNC[C@@H]5CCC(=O)N5)c(OC)n4)c3Cl)c2Cl)cnc1CNCC[C@H]1CCCO1
100	mol375	-13.09	COc1nc(-c2cccc(-c3cccc(-c4cnc(CNC[C@H]5CCC(=O)N5)c(OC)n4)c3Cl)c2Cl)cnc1CNCCC1CCC1
100	mol79	-12.71	COc1nc(-c2cccc(-c3cccc(-c4cnc(CNC[C@@H]5CCC(=O)N5)c(OC)n4)c3Cl)c2Cl)cnc1CNCC[C@H]1CCCO1
100	mol463	-12.55	COc1nc(-c2cccc(-c3cccc(-c4cnc(CNC[C@@H]5CCC(=O)N5)c(OC)n4)c3Cl)c2Cl)cnc1CNCC[C@H]1CCCO1
100	mol97	-12.49	COc1nc(-c2cccc(-c3cccc(-c4cnc(CNC[C@@H]5CCC(=O)N5)c(OC)n4)c3Cl)c2Cl)cnc1CNCC[C@H]1CCCO1
100	mol71	-12.72	COc1nc(-c2cccc(-c3cccc(-c4cnc(CNC[C@@H]5CCC(=O)N5)c(OC)n4)c3Cl)c2Cl)cnc1CNCC[C@H]1CCCO1
100	mol98	-12.83	COc1nc(-c2cccc(-c3cccc(-c4cnc(CNC[C@H]5CCC(=O)N5)c(OC)n4)c3Cl)c2Cl)cnc1CNCCC1CCOCC1
100	mol87	-13.17	COc1nc(-c2cccc(-c3cccc(-c4cnc(OCn5cncn5)c(OC)n4)c3Cl)c2Cl)cnc1CNC[C@@H]1CCC(=O)N1
100	mol486	-12.75	COc1nc(-c2cccc(-c3cccc(-c4cnc(OC[C@@H]5CCO5)c(OC)n4)c3Cl)c2Cl)cnc1CNC[C@H]1CCC(=O)N1
100	mol23	-12.93	COc1nc(-c2cccc(-c3cccc(-c4cncc(CNC[C@H]5CCC(=O)N5)c4Cl)c3Cl)c2Cl)cnc1CNCC[C@@H]1CCCO1
100	mol265	-13.16	COc1nc(-c2cccc(-c3cccc(-c4cnc(CN[C@H]5CCC(=O)N5)c(OC)n4)c3Cl)c2Cl)cnc1CNCC[C@H]1CCCO1
100	mol464	-12.63	COc1nc(-c2cccc(-c3cccc(-c4cnc(CNC[C@@H]5CCC(=O)N5)c(OC)n4)c3Cl)c2Cl)cnc1CNCC[C@H]1CCCO1
100	mol58	-12.74	COc1nc(-c2cccc(-c3cccc(-c4cnc(CNC[C@@H]5CCC(=O)N5)c(OC)n4)c3Cl)c2Cl)cnc1CNCC[C@H]1CCCO1
100	mol248	-12.5	COc1nc(-c2cccc(-c3cccc(-c4cnc(CNC[C@@H]5CCC(=O)N5)c(OC)n4)c3Cl)c2Cl)cnc1CNCC[C@H]1CCCO1
100	mol202	-12.74	COc1ncn(-c2cccc(-c3cccc(-c4cnc(CNC[C@@H]5CCC(=O)N5)c(OC)n4)c3Cl)c2Cl)n1
100	mol315	-12.63	COc1nc(-c2cccc(-c3cccc(-c4cnc(CNC[C@@H]5CCC(=O)N5)c(OC)n4)c3Cl)c2Cl)cnc1CNCC[C@H]1CCCO1
100	mol183	-12.62	COc1ncn(-c2cccc(-c3cccc(-c4cnc(CNC[C@H]5CCC5=O)c(OC)n4)c3Cl)c2Cl)n1
100	mol226	-12.67	COc1nc(-c2cccc(-c3cccc(-c4cnc(CNC[C@@H]5CCC(=O)N5)c(OC)n4)c3Cl)c2Cl)cnc1CNCC[C@H]1CCCO1
100	mol82	-12.49	COc1nc(-c2cccc(-c3cccc(-c4cnc(CNC[C@@H]5CCC(=O)N5)c(OC)n4)c3Cl)c2Cl)cnc1CNCC[C@H]1CCCO1
100	mol476	-13.18	COc1nc(-c2cccc(-c3cccc(-c4cnc(CN[C@H]5CCC(=O)N5)c(OC)n4)c3Cl)c2Cl)cnc1CNCC[C@H]1CCCO1
100	mol454	-12.61	COc1nc(-c2cccc(-c3cccc(-c4cnc(CNC[C@@H]5CCC(=O)N5)c(OC)n4)c3Cl)c2Cl)cnc1CNCC[C@H]1CCCO1
100	mol246	-12.76	COc1nc(-c2cccc(-c3cccc(-c4cnc(CNC[C@H]5CCC(=O)N5)c(OC)n4)c3Cl)c2Cl)cnc1CNCCC1CCOCC1
100	mol432	-12.7	COc1nc(-c2cccc(-c3cccc(-c4cnc(CNC[C@@H]5CCC(=O)N5)c(OC)n4)c3Cl)c2Cl)cnc1CNCC[C@H]1CCCO1
100	mol134	-12.66	COc1nc(-c2cccc(-c3cccc(-c4cnc(CNC[C@@H]5CCC(=O)N5)c(OC)n4)c3Cl)c2Cl)cnc1CNCC[C@H]1CCCO1
100	mol460	-13.4	COc1nc(-c2cccc(-c3cccc(-c4cnc(CNC[C@@H]5CCC(=O)N5)c(OC)n4)c3Cl)c2Cl)cnc1CNCC1CCOCC1
100	mol343	-12.75	COc1nc(-c2cccc(-c3cccc(-c4cnc(CNC[C@@H]5CCC(=O)N5)c(OC)n4)c3Cl)c2Cl)cnc1CNCC[C@H]1CCCO1
100	mol364	-12.66	COc1nc(-c2cccc(-c3cccc(-c4cnc(CNC[C@@H]5CCC(=O)N5)c(OC)n4)c3Cl)c2Cl)cnc1CNCC[C@H]1CCCO1
100	mol116	-12.76	COc1nc(-c2cccc(-c3cncc(-c4cnc(CNC[C@@H]5CCC(=O)N5)c(OC)n4)c3Cl)c2Cl)cnc1CNCC[C@H]1CCCO1
100	mol41	-12.56	COc1nc(-c2cccc(-c3cccc(-c4cnc(CNC[C@@H]5CCC(=O)N5)c(OC)n4)c3Cl)c2Cl)cnc1CNCC[C@H]1CCCO1
100	mol127	-12.55	COc1nc(-c2cccc(-c3cccc(-c4cnc(CNC[C@@H]5CCC(=O)N5)c(OC)n4)c3Cl)c2Cl)cnc1CNCC[C@H]1CCCO1
100	mol277	-13.05	COc1nc(-c2cccc(-c3cccc(-c4cnc(CNC[C@H]5CCCO5)c(OC)n4)c3Cl)c2Cl)cnc1CNC[C@H]1CCC(=O)N1
100	mol176	-12.44	COc1nc(-c2cccc(-c3cccc(-c4cnc(CNC[C@@H]5CCC(=O)N5)c(OC)n4)c3Cl)c2Cl)cnc1CNCC[C@H]1CCCO1
100	mol123	-12.62	COc1nc(-c2cccc(-c3cccc(-c4cnc(CNC[C@@H]5CCC(=O)N5)c(OC)n4)c3Cl)c2Cl)cnc1CNCC[C@H]1CCCO1
100	mol305	-12.54	COc1nc(-c2cccc(-c3cccc(-c4cnc(CNC[C@@H]5CCC(=O)N5)c(OC)n4)c3Cl)c2Cl)cnc1CNCC[C@H]1CCCO1
100	mol279	-12.52	COc1nc(-c2cccc(-c3cccc(-c4cnc(CNC[C@@H]5CCC(=O)N5)c(OC)n4)c3Cl)c2Cl)cnc1CNCC[C@H]1CCCO1
100	mol497	-12.54	COc1nc(-c2cccc(-c3cccc(-c4cnc(NCC[C@@H]5CCO5)c(OC)n4)c3Cl)c2Cl)cnc1CNC[C@H]1CCC(=O)N1
100	mol158	-12.73	COc1nc(-c2cccc(-c3cccc(-c4cnc(CNC[C@@H]5CCC(=O)N5)c(OC)n4)c3Cl)c2Cl)cnc1CNCC[C@H]1CCCO1
100	mol465	-12.63	COc1nc(-c2cccc(-c3cccc(-c4cnc(CNC[C@@H]5CCC(=O)N5)c(OC)n4)c3Cl)c2Cl)cnc1CNCC[C@H]1CCCO1
100	mol43	-12.65	COc1nc(-c2cccc(-c3cccc(-c4cnc(CNC[C@@H]5CCC(=O)N5)c(OC)n4)c3Cl)c2Cl)cnc1CNCC[C@H]1CCCO1
100	mol124	-13.48	Cn1cnc(-c2cccc(-c3cccc(Oc4cccc(CNC[C@H]5CCC(=O)O5)c4Cl)c3Cl)c2Cl)c1
100	mol85	-13.14	COc1nc(-c2cccc(-c3cccc(-c4cnc(CN[C@H]5CCC(=O)N5)c(OC)n4)c3Cl)c2Cl)cnc1CNCC[C@H]1CCCO1
10	mol114	-13.14	COc1ncnc(-c2cccc(-c3cccc(-c4cnc(CNC[C@H]5CCC(=O)N5)c(OC)n4)c3Cl)c2Cl)n1
10	mol422	-12.61	COc1nc(-c2cccc(-c3cncc(-c4cnc(CNC[C@@H]5CCC(=O)N5)c(OC)n4)c3Cl)c2Cl)cnc1CNCC[C@H]1CCCO1
10	mol25	-12.62	COc1nc(-c2cccc(-c3cccc(-c4cnc(CNC[C@@H]5CCC(=O)N5)c(OC)n4)c3Cl)c2Cl)cnc1CNCC[C@H]1CCCO1
10	mol210	-12.56	COc1nc(-c2cccc(-c3cccc(-c4cnc(CNC[C@@H]5CCC(=O)N5)c(OC)n4)c3Cl)c2Cl)cnc1CNCC[C@H]1CCCO1
10	mol225	-12.29	COc1nc(-c2cccc(-c3cccc(-c4cnc(CNC[C@H]5CC[C@H](OC)CC5)c(OC)n4)c3Cl)c2Cl)cnc1CNCC[C@@H]1CCCO1
10	mol437	-13.1	COc1nc(-c2cccc(-c3cccc(-c4cnc(NCC[C@H]5CCCO5)c(OC)n4)c3Cl)c2Cl)cnc1CNC[C@H]1CCC(=O)N1
10	mol75	-12.55	COc1nc(-c2cccc(-c3cccc(-c4cnc(OC[C@@H]5CCCO5)c(OC)n4)c3Cl)c2Cl)cnc1CNC[C@@H]1CCC(=O)N1
10	mol302	-13.08	O=C1CC[C@@H](CNCc2ncc(-c3cccc(-c4cccc(-c5cn(CCNC[C@@H]6CCOC6)cn5)c4Cl)c3Cl)nc2O)N1
10	mol346	-12.94	COc1nc(-c2cccc(-c3cccc(-c4cnc(CNC[C@H]5CCC(=O)NC5)c(OC)n4)c3Cl)c2Cl)cnc1CNCC[C@H]1CCCO1
10	mol273	-12.86	COc1nc(-c2cccc(-c3cccc(-c4cnc(OCCCn5cnc(C)n5)c(OC)n4)c3Cl)c2Cl)cnc1CNC[C@H]1CCC(=O)N1
10	mol165	-12.6	COc1nc(-c2cccc(-c3cccc(-c4cnc(CNC[C@@H]5CCC(=O)N5)c(OC)n4)c3Cl)c2Cl)cnc1CNCC[C@H]1CCCO1
10	mol99	-13.19	COc1nc(-c2cccc(-c3cccc(-c4cnc(CNC[C@H]5CCC(=O)N(C)C5)c(OC)n4)c3Cl)c2Cl)cnc1CNCC[C@@H]1CCCO1
10	mol68	-12.38	COc1nc(-c2cccc(-c3cccc(-c4cnc(OCC(=O)O)c(OC)c4Cl)c3Cl)c2Cl)cnc1CNCC[C@H]1CCCO1
10	mol203	-13.62	COc1nc(-c2cccc(-c3cccc(-c4cnc(CNCC[C@@H]5CCCO5)c(OC)n4)c3Cl)c2Cl)ccc1CNC[C@H]1CCC(=O)N1
10	mol401	-12.91	COc1cnc(-c2cccc(-c3cccc(-c4cnc(CNC[C@@H]5CCC(=O)N5)c(OC)n4)c3Cl)c2Cl)cn1
10	mol254	-12.55	COc1nc(-c2cccc(-c3cccc(-c4cnc(CNC[C@@H]5CCC(=O)N5)c(OC)n4)c3Cl)c2Cl)cnc1CNCC[C@H]1CCCO1
10	mol84	-12.69	COc1nc(-c2cccc(-c3cccc(-c4cnc(CNC[C@@H]5CCC(=O)N5)c(OC)n4)c3Cl)c2Cl)cnc1CNCC[C@H]1CCCO1
10	mol6	-14.02	OCc1ncc(-c2cccc(-c3cccc(-c4ccnc(Cl)c4O)c3Cl)c2Cl)cc1O
10	mol141	-12.67	COc1nc(-c2cccc(-c3cccc(-c4cnc(OCCC5CCOCC5)c(OC)n4)c3Cl)c2Cl)cnc1CNC[C@@H]1CCC(=O)N1
10	mol425	-12.73	COc1nc(-c2cccc(-c3cccc(-c4cnc(OCCC[C@@H]5CCCO5)c(OC)n4)c3Cl)c2Cl)cnc1CNC[C@H]1CCC(=O)N1
10	mol175	-12.29	COc1nc(-c2cccc(-c3cccc(-c4cnc(CNCC[C@H]5CCCO5)c(OC)n4)c3Cl)c2Cl)cnc1CNCC[C@@H]1CCC(=O)N1
10	mol487	-12.99	CO/C1=N/C(c2cccc(-c3ccc(-c4cnc(CNC[C@H]5CCC(=O)N5)c(OC)n4)c(Cl)c3Cl)c2Cl)=N\C2=N\CC[C@H]1CCNC2
10	mol55	-12.69	OCCCn1cnc(-c2cccc(-c3cccc(-c4cnc(CN[C@@H]5CC[C@@H](O)C5)cn4)c3Cl)c2Cl)c1
10	mol428	-13.6	COc1nc(-c2cccc(-c3cccc(-c4cnc(OCC5CCOCC5)c(OC)n4)c3Cl)c2Cl)cnc1CNC[C@H]1CCC(=O)N1
10	mol352	-13.17	COc1nc(-c2cccc(-c3cccc(-c4cnc(OC[C@H]5CCOC5)c(OC)n4)c3Cl)c2Cl)cnc1CNC[C@H]1CCC(=O)N1
10	mol298	-12.97	COc1nc(-c2cccc(-c3cccc(-c4cnc(CNC[C@H]5CCC(=O)N5)c(OC)n4)c3Cl)c2Cl)cnc1CNCCC1OCCO1
10	mol153	-12.56	COc1nc(-c2cccc(-c3cccc(-c4cnc(CNC[C@@H]5CCC(=O)N5)c(OC)n4)c3Cl)c2Cl)cnc1CNCC[C@H]1CCCO1
10	mol289	-12.57	COc1nc(-c2cccc(-c3cccc(-c4cnc(CNC[C@@H]5CCC(=O)N5)c(OC)n4)c3Cl)c2Cl)cnc1CNCC[C@H]1CCCO1
10	mol423	-13.05	COc1nc(-c2cccc(-c3cccc(-c4cnc(OCC[C@H]5CCCO5)c(OC)n4)c3Cl)c2Cl)cnc1CNC[C@H]1CCC(=O)N1
10	mol256	-12.73	COc1nc(-c2cccc(-c3cccc(-c4cnc(CNC[C@@H]5CCC(=O)N5)c(OC)n4)c3Cl)c2Cl)cnc1CNCC[C@H]1CCCO1
10	mol384	-12.56	COc1nc(-c2cccc(-c3cccc(-c4cnc(CNC[C@@H]5CCC(=O)N5)c(OC)n4)c3Cl)c2Cl)cnc1CNCC[C@H]1CCCO1
10	mol477	-12.48	COc1nc(-c2cccc(-c3cccc(-c4cnc(CNC[C@@H]5CCC(=O)N5)c(OC)n4)c3Cl)c2Cl)cnc1CNCC[C@H]1CCCO1
10	mol92	-13.21	COc1nc(-c2cccc(-c3cccc(-c4cnc(CN[C@H]5CCC(=O)N5)c(OC)n4)c3Cl)c2Cl)cnc1CNCC[C@H]1CCCO1
10	mol459	-12.67	COc1nc(-c2cccc(-c3cccc(-c4cnc(CNC[C@@H]5CCC(=O)N5)c(OC)n4)c3Cl)c2Cl)cnc1CNCC[C@H]1CCCO1
10	mol193	-12.7	COc1nc(-c2cccc(-c3cccc(-c4cnc(OCCC[C@@H]5CCCO5)c(OC)n4)c3Cl)c2Cl)cnc1CNC[C@H]1CCC(=O)N1
10	mol73	-12.34	COc1nc(-c2cccc(-c3cccc(-c4cnc(CNC[C@H]5CCC(=O)N5)c(OC)n4)c3Cl)c2)cnc1CNCC[C@@H]1CCCO1
10	mol192	-13.2	COc1nc(-c2cccc(-c3cccc(-c4cnc(CNC[C@@H]5CCC(=O)N(C)C5)nc4)c3Cl)c2Cl)cnc1OCC[C@H]1CCCO1
10	mol52	-12.72	COc1nc(-c2cccc(-c3cccc(-c4cnc(CNC[C@@H]5CCC(=O)N5)c(OC)n4)c3Cl)c2Cl)cnc1CNCC[C@H]1CCCO1
10	mol155	-12.68	COc1nc(-c2cccc(-c3cccc(-c4cnc(NCCC[C@H]5CCCO5)c(OC)n4)c3Cl)c2Cl)cnc1CNC[C@@H]1CCC(=O)N1
10	mol348	-12.58	COc1nc(CNCCCO)nc(-c2cccc(-c3cccc(-c4cnc(CNC[C@H]5CCC(=O)N5)c(OC)n4)c3Cl)c2Cl)n1
10	mol81	-13.42	COc1nc(-c2cccc(-c3cccc(-c4cnc(CNC[C@@H]5CCC(=O)N5)c(OC)n4)c3Cl)c2Cl)cnc1CNCC1CCOCC1
10	mol306	-12.63	COc1nc(-c2cccc(-c3cccc(-c4cnc(CNC[C@@H]5CCC(=O)N5)c(OC)n4)c3Cl)c2Cl)cnc1CNCC[C@H]1CCCO1
10	mol241	-13.97	COc1nc(-c2cccc(-c3cccc(-c4cnc(-c5cncnc5)c(OC)n4)c3Cl)c2Cl)cnc1CNC[C@H]1CCC(=O)N1
10	mol390	-13.21	COc1nc(-c2cccc(-c3cccc(-c4cnc(CNC[C@]5(C)CNC(=O)C5)c(OC)c4Cl)c3Cl)c2Cl)cnc1CNC[C@H]1CCCO1
10	mol222	-12.65	COc1nc(-c2cccc(-c3cccc(-c4cnc(CNC[C@@H]5CCC(=O)N5)c(OC)n4)c3Cl)c2Cl)cnc1CNCC[C@H]1CCCO1
10	mol365	-12.57	COc1nc(-c2cccc(-c3cccc(-c4cnc(CNC[C@@H]5CCC(=O)N5)c(OC)n4)c3Cl)c2Cl)cnc1CNCC[C@H]1CCCO1
10	mol492	-12.71	COc1nc(-c2cccc(-c3cccc(-c4cnc(CNC[C@@H]5CCC(=O)N5)c(OC)n4)c3Cl)c2Cl)cnc1CNCC[C@H]1CCCO1
10	mol24	-12.77	Clc1ncccc1-c1cccc(-c2cccc(-n3nccn3)c2Cl)c1Cl
10	mol471	-13.12	COc1nc(-c2cccc(-c3cccc(-c4cnc(OC[C@@H]5CCOC5)c(OC)n4)c3Cl)c2Cl)cnc1CNC[C@@H]1CCC(=O)NC1
10	mol380	-12.31	COc1nc(-c2cccc(-c3cccc(-c4cnc(OCCCCNCC[C@H]5CCCO5)c(OC)n4)c3Cl)c2Cl)cnc1CNC[C@H]1CCC(=O)N1
10	mol319	-12.91	COc1nc(-c2cccc(-c3cccc(-c4cnc(OCCN[C@H]5CCCO5)c(OC)n4)c3Cl)c2Cl)cnc1CNC[C@@H]1CCC(=O)N1
10	mol270	-13.1	COc1nc(-c2cccc(-c3cccc(-c4cnc(N)nc4Cl)c3Cl)c2Cl)cnc1NCC[C@H]1CCCO1
10	mol276	-12.11	O=C1CC[C@H](CNCc2ncc(-c3nccc(-c4cccc(-c5cn(CCO)cn5)c4Cl)c3Cl)c(Cl)c2OC2CC2)N1
10	mol112	-12.54	COc1nc(-c2cccc(-c3cccc(-c4cnc(CNC[C@@H]5CCC(=O)N5)c(OC)n4)c3Cl)c2Cl)cnc1CNCC[C@H]1CCCO1
10	mol374	-13.32	COc1nc(-c2cccc(-c3cccc(-c4cnc(C[C@@H]5CCC(=O)N5)c(OC)n4)c3Cl)c2Cl)cnc1CNCC[C@@H]1CCCO1
10	mol336	-13.33	COc1nc(-c2cccc(-c3cccc(-c4cnc(CN[C@H]5CCC(=O)N5)c(OC)n4)c3Cl)c2Cl)cnc1CNCC[C@H]1CCCO1
10	mol261	-13.13	COc1nc(-c2cccc(-c3cccc(-c4cnc(CNC[C@H]5CCCO5)c(OC)n4)c3Cl)c2Cl)cnc1CNC[C@H]1CCC(=O)N1
10	mol237	-12.76	COc1nc(-c2cccc(-c3cccc(-c4cnc(OCCC[C@H]5CCOC5)c(OC)n4)c3Cl)c2Cl)cnc1CNC[C@H]1CCC(=O)N1
10	mol67	-13.41	COc1nc(-c2cccc(-c3cccc(-c4cnc(CN[C@H]5CCC(=O)N5)c(OC)n4)c3Cl)c2Cl)cnc1CNCC[C@H]1CCCO1
10	mol338	-12.66	COc1nc(-c2cccc(-c3cccc(-c4cnc(CNC[C@@H]5CCC(=O)N5)c(OC)n4)c3Cl)c2Cl)cnc1CNCC[C@H]1CCCO1
10	mol94	-12.06	CO/C1=N/C(c2cccc(-c3cccc(-c4cnc(CNC[C@@H]5CCC(=O)N(C)C5)c(OC)c4Cl)c3Cl)c2Cl)=N\C2=C(/OCCCn3cnc(C)n3)CCOCC[C@H]1CCNC2
10	mol385	-12.93	COc1nc(-c2cccc(-c3cccc(-c4cnc(OCCC[C@H]5CCCO5)c(OC)n4)c3Cl)c2Cl)cnc1CNC[C@H]1CCC(=O)N(C)C1
10	mol14	-12.72	COc1nc(-c2cccc(-c3cccc(-c4cnc(CNC[C@@H]5CCC(=O)N5)c(OC)n4)c3Cl)c2Cl)cnc1CNCC[C@H]1CCCO1
10	mol53	-13.16	COc1nc(-c2cccc(-c3cccc(-c4cnc(CNC[C@H]5CCCO5)c(OC)n4)c3Cl)c2Cl)cnc1CNC[C@H]1CCC(=O)N1
10	mol236	-13.2	COc1nc(-c2cccc(-c3cccc(-c4cnc(Cl)c(OC[C@H]5CCC(=O)N5)c4Cl)c3Cl)c2Cl)cnc1CNCC[C@H]1CCCO1
10	mol179	-13.1	COc1nc(-c2cccc(-c3cccc(-c4cnc(CNC[C@H]5CCC(=O)NC5)c(OC)n4)c3Cl)c2Cl)cnc1CNCC[C@H]1CCCO1
10	mol100	-12.58	COc1nc(-c2cccc(-c3cccc(-c4cnc(CNC[C@@H]5CCC(=O)N5)c(OC)n4)c3Cl)c2Cl)cnc1CNCC[C@H]1CCCO1
10	mol132	-13.02	COc1nc(-c2cccc(-c3cccc(-c4cncc(CNCC5CC5)c4)c3Cl)c2Cl)cnc1CNCC[C@@H]1CCCO1
10	mol295	-12.61	COc1nc(-c2cccc(-c3cccc(-c4cnc(OCCC[NH+]5CCCC5)c(OC)n4)c3Cl)c2Cl)cnc1CNC[C@H]1CCC(=O)N1
10	mol20	-12.94	COc1nc(-c2cccc(-c3cccc(-c4cnc(OCC[C@H]5CCCO5)c(OC)n4)c3Cl)c2Cl)cnc1CNC[C@H]1CCC(=O)N1
10	mol345	-12.58	COc1nc(-c2cccc(-c3cccc(-c4cnc(OC[C@@H]5CCCO5)c(OC)n4)c3Cl)c2Cl)cnc1CNC[C@@H]1CCC(=O)N1
10	mol313	-13.37	COc1nccc(-c2cccc(-c3cccc(-c4cnc(CNC[C@@H]5CCC(=O)N5)c(OC)n4)c3Cl)c2Cl)n1
10	mol335	-13.04	COc1nc(-c2cccc(-c3cccc(-c4cnc(OC[C@H]5CCOC5)c(OC)n4)c3Cl)c2Cl)cnc1CNC[C@H]1CCC(=O)N1
10	mol207	-12.7	COc1nc(-c2cccc(-c3cccc(-c4cnc(CNC[C@@H]5CCC(=O)N5)c(OC)n4)c3Cl)c2Cl)cnc1CNCC[C@H]1CCCO1
10	mol427	-12.64	COc1nc(-c2cccc(-c3cccc(-c4cnc(CNC[C@@H]5CCC(=O)N5)c(OC)n4)c3Cl)c2Cl)cnc1CNCC[C@H]1CCCO1
10	mol61	-13.29	COc1cc(-c2cccc(-c3cccc(-c4cnc(CNCC[C@H]5CCCO5)c(OC)n4)c3Cl)c2Cl)cnc1CNC[C@H]1CCC(=O)N1
10	mol209	-12.66	COc1nc(-c2cccc(-c3cccc(-c4cnc(CNC[C@H]5CCC(=O)N5)c(OC)n4)c3Cl)c2Cl)cnc1CNCCC[C@H]1CCCO1
10	mol128	-13.22	COc1nc(-c2cccc(-c3cccc(-c4cnc(CN[C@H]5CCC(=O)N5)c(OC)n4)c3Cl)c2Cl)cnc1CNCC[C@H]1CCCO1
10	mol272	-12.64	CO/C1=N/C(c2cccc(-c3cccc(-c4cnc(CNC[C@H]5CCC(=O)N5)c(OC)n4)c3Cl)c2Cl)=N\C2=N/CNCCC[C@H]1CCCCNCCCCO2
10	mol377	-13.18	COc1cnc(-c2cccc(-c3cccc(-c4cnc(CNC[C@@H]5CCC(=O)N(C)C5)nc4)c3Cl)c2Cl)cn1
10	mol337	-13.1	COc1nc(-c2cccc(-c3cccc(-c4cnc(CN[C@H]5CCC(=O)N5)c(OC)n4)c3Cl)c2Cl)cnc1CNCC[C@H]1CCCO1
10	mol60	-13.35	COc1nc(-c2cccc(-c3cccc(-c4cnc(CN[C@H]5CCC(=O)N5)c(OC)n4)c3Cl)c2Cl)cnc1CNCC[C@H]1CCCO1
10	mol169	-12.56	O=C1CC[C@H](CNCc2ccc(-c3cccc(-c4cccc(OCCCNCc5cnc(OCCCn6cncn6)cn5)c4Cl)c3Cl)c(Cl)c2Cl)N1
10	mol50	-13.17	COc1ncnc(-c2cccc(-c3cccc(-c4cnc(CNC[C@H]5CCC(=O)N5)c(OC)n4)c3Cl)c2Cl)n1
10	mol240	-12.75	COc1nc(-c2cccc(-c3cccc(-c4cnc(CNC[C@@H]5CCC(=O)N5)c(OC)n4)c3Cl)c2Cl)cnc1CNCC[C@H]1CCCO1
10	mol445	-12.9	COc1nc(-c2cccc(-c3cccc(-c4cnc(CNC[C@H]5CCC(=O)NC5)c(OC)n4)c3Cl)c2Cl)cnc1CNCC[C@H]1CCCO1
10	mol327	-12.55	COc1nc(-c2cccc(-c3cccc(-c4cnc(CNC[C@@H]5CCC(=O)N5)c(OC)n4)c3Cl)c2Cl)cnc1CNCC[C@H]1CCCO1
10	mol325	-12.61	COc1nc(-c2cccc(-c3cccc(-c4cnc(CNC[C@@H]5CCC(=O)N5)c(OC)n4)c3Cl)c2Cl)cnc1CNCC[C@H]1CCCO1
10	mol111	-13.3	COc1nc(-c2cccc(-c3cccc(-c4cnc(CN[C@H]5CCC(=O)N5)c(OC)n4)c3Cl)c2Cl)cnc1CNCC[C@H]1CCCO1
10	mol136	-12.66	COc1nc(-c2cccc(-c3cccc(-c4cnc(CNC[C@@H]5CCC(=O)N5)c(OC)n4)c3Cl)c2Cl)cnc1CNCC[C@H]1CCCO1
10	mol62	-13.06	COc1nc(-c2cccc(-c3cccc(-c4cnc(NCC[C@H]5CCCO5)c(OC)n4)c3Cl)c2Cl)cnc1CNC[C@H]1CCC(=O)N1
10	mol16	-13.38	COc1nccc(-c2cccc(-c3cccc(-c4cnc(CNC[C@@H]5CCC(=O)N5)c(OC)n4)c3Cl)c2Cl)n1
10	mol340	-12.5	COc1nc(-c2cccc(-c3cccc(-c4cnc(CNC[C@@H]5CCC(=O)N5)c(OC)n4)c3Cl)c2Cl)cnc1CNCC[C@H]1CCCO1
10	mol244	-14.03	O=C1CC[C@H](CNCc2ncc(-c3cccc(-c4cccc(-c5cnnc(O)c5)c4Cl)c3Cl)c(Cl)c2OC[C@@H]2CCC(=O)N2)N1
10	mol252	-12.63	COc1nc(-c2cccc(-c3cccc(-c4cnc(CNC[C@@H]5CCC(=O)N5)c(OC)n4)c3Cl)c2Cl)cnc1CNCC[C@H]1CCCO1
10	mol168	-13.85	COc1nc(-c2cccc(-c3cccc(-c4cnc(-c5cnn(C)c5)c(OC)n4)c3Cl)c2Cl)cnc1CNC[C@@H]1CCC(=O)N1
10	mol49	-12.57	COc1nc(-c2cccc(-c3cccc(-c4cnc(CNC[C@@H]5CCC(=O)N5)c(OC)n4)c3Cl)c2Cl)cnc1CNCC[C@H]1CCCO1
10	mol449	-12.43	COc1nc(-c2cccc(-c3cccc(-c4cnc(CNC[C@@H]5CCC(=O)N5)c(OC)n4)c3Cl)c2Cl)cnc1CNCC[C@H]1CCCO1
10	mol283	-13.21	COc1ncc(-c2cccc(-c3cccc(-c4cnc(CNC[C@H]5CCC(=O)N5)c(OC)n4)c3Cl)c2Cl)nn1
10	mol188	-12.47	COc1nc(-c2cccc(-c3cccc(-c4cnc(CNC[C@@H]5CCC(=O)N5)c(OC)n4)c3Cl)c2Cl)cnc1CNCC[C@H]1CCCO1
10	mol350	-12.59	COc1nc(-c2cccc(-c3cccc(-c4cnc(CNC5CCOCC5)c(OC)n4)c3Cl)c2Cl)cnc1CNCC[C@@H]1CCCO1
10	mol304	-12.68	COc1nc(-c2cccc(-c3cccc(-c4cnc(CNC[C@@H]5CCC(=O)N5)c(OC)n4)c3Cl)c2Cl)cnc1CNCC[C@H]1CCCO1
10	mol70	-12.95	COc1cc(-c2cccc(-c3cccc(-c4cnc(CNC[C@@H]5COC(=O)C5)c(OC)n4)c3Cl)c2Cl)cc(OC)n1
10	mol242	-12.68	COc1nc(-c2cccc(-c3cccc(-c4cnc(CNC[C@@H]5CCC(=O)N5)c(OC)n4)c3Cl)c2Cl)cnc1CNCC[C@H]1CCCO1
10	mol421	-12.61	COc1nc(-c2cccc(-c3cccc(-c4cnc(CNC[C@@H]5CCC(=O)N5)c(OC)n4)c3Cl)c2Cl)cnc1CNCC[C@H]1CCCO1
10	mol297	-12.62	COc1nc(-c2cccc(-c3cccc(-c4cnc(CNC[C@@H]5CCC(=O)N5)c(OC)n4)c3Cl)c2Cl)cnc1CNCC[C@H]1CCCO1
10	mol419	-12.6	COc1nc(-c2cccc(-c3cccc(-c4cnc(CNC[C@@H]5CCC(=O)N5)c(OC)n4)c3Cl)c2Cl)cnc1CNCC[C@H]1CCCO1
10	mol29	-13.01	COc1nc(-c2cccc(-c3cccc(-c4cccc(CNC[C@@H]5CCC(=O)N5)c4Cl)c3Cl)c2Cl)cnc1CNCC[C@@H]1CCCO1
10	mol194	-12.58	COc1nc(-c2cccc(-c3cccc(-c4cnc(CNC[C@@H]5CCC(=O)N5)c(OC)n4)c3Cl)c2Cl)cnc1CNCC[C@H]1CCCO1
10	mol438	-12.56	COc1nc(-c2cccc(-c3cccc(-c4cnc(CNC[C@@H]5CCC(=O)N5)c(OC)n4)c3Cl)c2Cl)cnc1CNCC[C@H]1CCCO1
10	mol146	-13.3	COc1nc(-c2cccc(-c3cccc(-c4cnc(CN[C@H]5CCC(=O)N5)c(OC)n4)c3Cl)c2Cl)cnc1CNCC[C@H]1CCCO1
10	mol412	-12.56	COc1nncc(-c2ccc(-c3cccc(-c4cnc(CNC[C@H]5CCC(=O)N5)c(OC)n4)c3Cl)c(Cl)c2Cl)n1
10	mol233	-13.24	COc1nc(-c2cccc(-c3cccc(-c4cnc(OC[C@@H]5CCCO5)c(OC)n4)c3Cl)c2Cl)ncc1CNC[C@@H]1CCC(=O)N1
10	mol19	-13.54	OCCn1cnc(-c2cccc(-c3cccc(-c4ncc(CNCC5CCC(O)(O)CC5)c(OCC5CCC5)n4)c3Cl)c2Cl)c1
10	mol478	-12.28	COc1nc(-c2cccc(-c3cccc(-c4cnc(OCCCCNCC[C@H]5CCCO5)c(OC)n4)c3Cl)c2Cl)cnc1CNC[C@H]1CCC(=O)N1
10	mol318	-13.13	COc1nncc(-c2cccc(-c3cccc(-c4cnc(CNC[C@@H]5CCC(=O)N5)c(OC)n4)c3Cl)c2Cl)n1
10	mol28	-13.13	COc1ncnc(-c2cccc(-c3cccc(-c4cnc(CNC[C@H]5CCC(=O)N5)c(OC)n4)c3Cl)c2Cl)n1
10	mol250	-13.26	CCOc1nc(-c2cccc(-c3cccc(-c4cnc(CNC[C@H]5CCC(=O)N5)c(OC)c4Cl)c3Cl)c2Cl)cnc1CNCC[C@@H]1CCCO1
10	mol253	-13.56	COc1nc(-c2cccc(-c3cccc(-c4cnc(OC[C@H]5CCCO5)c(OC)n4)c3Cl)c2Cl)cnc1CNC[C@@H]1CCC(=O)NC1
10	mol344	-12.58	COc1nc(-c2cccc(-c3cccc(-c4cnc(CNC[C@@H]5CCC(=O)N5)c(OC)n4)c3Cl)c2Cl)cnc1CNCC[C@H]1CCCO1
10	mol65	-12.55	COc1nc(-c2cccc(-c3cccc(-c4cnc(OCC(C)C)c(OC)n4)c3Cl)c2Cl)cnc1CNC[C@@H]1CCC(=O)N1
10	mol195	-13.3	COc1nc(-c2cccc(-c3cccc(-c4cnc(CNC[C@@H]5CCCO5)c(OC)n4)c3Cl)c2Cl)cnc1CNC[C@H]1CCC(=O)NC1
10	mol148	-12.99	COc1nc(-c2cccc(-c3cccc(-c4cnc(OC[C@@H]5CCOC5)c(OC)n4)c3Cl)c2Cl)cnc1CN[C@H]1CCC(=O)N1
10	mol115	-12.33	COc1nc(-c2cccc(-c3cccc(-c4cnc(OCCCNCC[C@@H]5CCCO5)c(OC)n4)c3Cl)c2Cl)cnc1CNC[C@H]1CCC(=O)N1
10	mol91	-12.53	COc1nc(-c2cccc(-c3cccc(-c4cnc(CNC[C@@H]5CCC(=O)N5)c(OC)n4)c3Cl)c2Cl)cnc1CNCC[C@H]1CCCO1
10	mol204	-13.32	COc1ncc(-c2cccc(-c3cccc(-c4cnc(CNC[C@@H]5CCC(=O)N5)c(OC)n4)c3Cl)c2Cl)cn1
10	mol360	-12.56	COc1nc(-c2cccc(-c3cccc(-c4cnc(CNC[C@@H]5CCC(=O)N5)c(OC)n4)c3Cl)c2Cl)cnc1CNCC[C@H]1CCCO1
10	mol249	-13.05	COc1nc(-c2cccc(-c3cccc(-c4cnc(CNC[C@H]5CCC(=O)N5)c(OC)n4)c3Cl)c2Cl)cnc1CNCCC1CC1
10	mol88	-13.04	COc1nc(-c2cccc(-c3cccc(-c4cnc(CNC[C@H]5CCC(=O)NC5)c(OC)n4)c3Cl)c2Cl)cnc1CNCC[C@H]1CCCO1
10	mol404	-13.47	COc1nc(-c2cccc(-c3cccc(-c4cccc(CNC[C@H]5CCC(=O)N5)c4Cl)c3Cl)c2Cl)cnc1OCC[C@H]1CCCO1
10	mol274	-12.42	COc1nc(-c2cccc(-c3cccc(-c4cnc(OC[C@@H]5CCCO5)c(OC)n4)c3Cl)c2Cl)cnc1CNC[C@@H]1CCC(=O)N1
10	mol450	-12.6	COc1nc(-c2cccc(-c3cccc(-c4cnc(CNC[C@@H]5CCC(=O)N5)c(OC)n4)c3Cl)c2Cl)cnc1CNCC[C@H]1CCCO1
10	mol434	-12.66	COc1nc(-c2cccc(-c3cccc(-c4cnc(CNC[C@@H]5CCC(=O)N5)c(OC)n4)c3Cl)c2Cl)cnc1CNCC[C@H]1CCCO1
10	mol96	-12.4	COc1nc(-c2cccc(-c3cccc(-c4cnc(CNC[C@@H]5CCC(=O)N5)c(OC)n4)c3Cl)c2Cl)cnc1CNCC[C@H]1CCCO1
10	mol452	-12.9	COc1nc(-c2cccc(-c3cccc(-c4cnc(OCC[C@H]5CCCO5)c(OC)n4)c3Cl)c2Cl)nnc1CN[C@H]1CCC(=O)N(C)C1
10	mol482	-12.5	CCOc1nc(-c2cccc(-c3cccc(-c4cnc(CNC[C@H]5CCC(=O)N5)c(OC)n4)c3Cl)c2Cl)cnc1CNCC[C@@H]1CCCO1
10	mol323	-13.19	COc1nc(-c2cccc(-c3cccc(-c4cnc(CNC[C@@H]5CCC(=O)N5)c(OC)n4)c3Cl)c2Cl)cnc1CNCC[C@H]1CCCOC1
10	mol278	-12.28	COc1ncc(-c2cccc(-c3ccc(-c4cnc(CN[C@@H]5CCC(=O)N5)c(OC)n4)c(Cl)c3Cl)c2Cl)cn1
10	mol410	-14.42	Oc1nc(Oc2cccc(-c3cccc(-c4ccccn4)n3)c2)nc(-c2ccc(-c3ccccc3Cl)cc2Cl)n1
10	mol458	-13.44	COc1nc(-c2cccc(-c3cccc(-c4cnc(CN[C@H]5CCC(=O)N5)c(OC)n4)c3Cl)c2Cl)cnc1CNCC[C@H]1CCCO1
10	mol37	-13.37	COc1cc(-c2cccc(-c3cccc(-c4cnc(CNCCC5CCCCC5)c(OC)n4)c3Cl)c2Cl)cnc1CNC[C@@H]1CCC(=O)N1
10	mol157	-12.67	COc1nc(-c2cccc(-c3cccc(-c4cnc(CNC[C@@H]5CCC(=O)N5)c(OC)n4)c3Cl)c2Cl)cnc1CNCC[C@H]1CCCO1
10	mol76	-13.14	COc1nc(-c2cccc(-c3cccc(-c4cnc(CNC[C@@H]5CCC(=O)N5)c(OC)n4)c3Cl)c2Cl)cnc1CNC[C@@H]1CCOC1
10	mol266	-12.52	COc1nc(-c2cccc(-c3cccc(-c4cnc(OC[C@@H]5CCCO5)c(OC)n4)c3Cl)c2Cl)cnc1CNC[C@@H]1CCC(=O)N1
10	mol78	-13.55	Cc1ncc(-c2cccc(-c3cccc(-c4cnc(CNC[C@@H]5CCC(=O)N5)c(O)n4)c3Cl)c2Cl)cn1
10	mol152	-12.58	COc1nc(-c2cccc(-c3cccc(-c4cnc(CNC[C@@H]5CCC(=O)N5)c(OC)n4)c3Cl)c2Cl)cnc1CNCC[C@H]1CCCO1
10	mol228	-12.59	COc1nc(-c2cccc(-c3cccc(-c4cnc(CNC[C@@H]5CCC(=O)N5)c(OC)n4)c3Cl)c2Cl)cnc1CNCC[C@H]1CCCO1
10	mol429	-12.71	COc1nc(-c2cccc(-c3cccc(-c4cnc(CNC[C@@H]5CCC(=O)N5)c(OC)n4)c3Cl)c2Cl)cnc1CNCC[C@H]1CCCO1
10	mol307	-12.94	COc1nc(-c2cccc(-c3cccc(-c4cnc(CNC[C@@H]5CCC(=O)NC5)nc4)c3Cl)c2Cl)cnc1CNCC[C@@H]1CCCO1
10	mol416	-12.75	COc1nc(-c2cccc(-c3cccc(-c4cnc(OCCC[C@@H]5CCCO5)c(OC)n4)c3Cl)c2Cl)cnc1CNC[C@H]1CCC(=O)N1
10	mol282	-12.71	COc1nc(-c2cccc(-c3cccc(-c4cnc(CNC[C@@H]5CCC(=O)N5)c(OC)n4)c3Cl)c2Cl)cnc1CNCC[C@H]1CCCO1
10	mol433	-12.22	COc1nc(COc2cccc(-c3cccc(-c4cnc(CNCC[C@@H]5CCCO5)c(OC)n4)c3Cl)c2Cl)cnc1CNC[C@H]1CCC(=O)N1
10	mol215	-12.72	COc1nc(-c2cccc(-c3cccc(-c4cnc(CNC[C@@H]5CCC(=O)N5)c(OC)n4)c3Cl)c2Cl)cnc1CNCC[C@H]1CCCO1
10	mol398	-13.19	COc1nc(-c2cccc(-c3cccc(-c4cccc(CNC[C@@H]5CCC(=O)N5)c4Cl)c3Cl)c2Cl)cnc1NCC[C@H]1CCCO1
10	mol34	-12.55	COc1ncc(-c2cccc(-c3cccc(-c4cnc(-c5cnc(CNCCCNC(C)=O)c(OC)n5)c(OC)n4)c3Cl)c2Cl)cn1
10	mol291	-12.18	COc1nc(-c2cccc(-c3cnc(CNC[C@@H]4CCCO4)c(OC)n3)c2Cl)ccc1-c1cnc(CNC[C@H]2CCC(=O)N2)c(OC)n1
10	mol475	-13.05	COc1nc(-c2cccc(-c3cccc(-c4cnc(CNC[C@H]5CCCO5)c(OC)n4)c3Cl)c2Cl)cnc1CNC[C@H]1CCC(=O)N1
10	mol213	-13.02	O[C@H]1CC[C@@H](CNCc2cnc(-c3cccc(-c4cccc(-c5cnccn5)c4Cl)c3Cl)cn2)CC1
10	mol448	-12.63	COc1nc(-c2cccc(-c3cccc(-c4cncnc4)c3Cl)c2Cl)cnc1CNCC[C@H]1CCCO1
10	mol418	-12.97	COc1nc(-c2cccc(-c3cccc(-c4cnc(NCC[C@H]5CCOC5)c(OC)n4)c3Cl)c2Cl)cnc1CNC[C@H]1CCC(=O)N1
10	mol40	-12.87	O=C1CC[C@H](Cc2cnc(-c3cccc(-c4cccc(C5=CN(CCOCCO)CC(O)=N5)c4Cl)c3Cl)nc2OC[C@@H]2CC[C@@H](O)C2)N1
10	mol223	-12.5	COc1nc(-c2cccc(-c3cccc(-c4cnc(OC[C@@H]5CCCO5)c(OC)n4)c3Cl)c2Cl)cnc1CNC[C@@H]1CCC(=O)N1
10	mol101	-13.14	COc1nc(-c2cccc(-c3cccc(-c4cnc(OC[C@H]5CCCO5)c(OC)n4)c3Cl)c2Cl)cnc1CN[C@@H]1CCCNC1
10	mol36	-12.01	COc1cc(-c2cccc(-c3ccc(-c4cnc(CNCC[C@@H]5CCCO5)c(OC)n4)nc3)c2Cl)cnc1CNC[C@@H]1CCC(=O)N1
10	mol491	-12.98	COc1nc(-c2cccc(-c3cccc(-c4cnc(NCC[C@H]5CCCO5)c(OC)n4)c3Cl)c2Cl)cnc1CNC[C@H]1CCC(=O)N1
10	mol144	-13.34	OCCn1cnc(-c2cccc(-c3cccc(-c4cnc(CN[C@H]5CC[C@@H](O)CC5)c(Cl)n4)c3Cl)c2Cl)c1
10	mol308	-13.35	COc1nc(-c2cccc(-c3cccc(-c4cnc(CN[C@H]5CCC(=O)N5)c(OC)n4)c3Cl)c2Cl)cnc1CNCC[C@H]1CCCO1
10	mol480	-12.51	COc1nc(-c2cccc(-c3cccc(-c4cnc(CNC[C@@H]5CCC(=O)N5)c(OC)n4)c3Cl)c2Cl)cnc1CNCC[C@H]1CCCO1
10	mol56	-12.65	COc1nc(-c2cccc(-c3cccc(-c4cnc(CNCC[C@@H]5CCCO5)c(OC)n4)c3Cl)c2)cnc1CNC[C@@H]1CCC(=O)N1
10	mol275	-13.27	COc1nc(-c2cccc(-c3cccc(-c4cnc(NC[C@@H]5CCC(=O)N5)c(OC)n4)c3Cl)c2Cl)cnc1CNC[C@@H]1CCOC1
10	mol80	-12.66	COc1nc(-c2cccc(-c3cccc(-c4cnc(CNC[C@@H]5CCC(=O)N5)c(OC)n4)c3Cl)c2Cl)cnc1CNCC[C@H]1CCCO1
10	mol167	-12.48	COc1nc(-c2cccc(-c3cccc(-c4cnc(CNC[C@@H]5CCC(=O)N5)c(OC)n4)c3Cl)c2Cl)cnc1CNCC[C@H]1CCCO1
10	mol54	-12.57	COc1nc(-c2cccc(-c3cccc(-c4cnc(OC[C@@H]5CCCO5)c(OC)n4)c3Cl)c2Cl)cnc1CNC[C@@H]1CCC(=O)N1
10	mol118	-12.67	COc1nc(-c2cccc(-c3cccc(-c4cnc(CNC[C@@H]5CCC(=O)N5)c(OC)n4)c3Cl)c2Cl)cnc1CNCC[C@H]1CCCO1
10	mol247	-12.76	COc1nc(-c2cccc(-c3cccc(-c4cnc(CNCC[C@H]5CCCO5)c(OC)n4)c3Cl)c2Cl)cnc1CCNC[C@@H]1CCC(=O)N1
10	mol200	-12.5	COc1nc(-c2cccc(-c3cccc(-c4cnc(CNC[C@@H]5CCC(=O)N5)c(OC)n4)c3Cl)c2Cl)cnc1CNCC[C@H]1CCCO1
10	mol72	-12.58	COc1nc(-c2cccc(-c3cccc(-c4cnc(CNC[C@@H]5CCC(=O)N5)c(OC)n4)c3Cl)c2Cl)cnc1CNCC[C@H]1CCCO1
10	mol245	-12.66	COc1nc(-c2cccc(-c3cccc(-c4cnc(CNC[C@@H]5CCC(=O)N5)c(OC)n4)c3Cl)c2Cl)cnc1CNCC[C@H]1CCCO1
10	mol329	-13.15	COc1nc(-c2cccc(-c3cccc(-c4cnc(CNC[C@H]5CCC(=O)N(C)C5)c(OC)n4)c3Cl)c2Cl)cnc1CNCC[C@@H]1CCCO1
10	mol271	-13.23	COc1nc(-c2cccc(-c3cccc(-c4cnc(CN[C@H]5CCC(=O)N5)c(OC)n4)c3Cl)c2Cl)cnc1CNCC[C@H]1CCCO1
10	mol231	-12.53	COc1nc(-c2cccc(-c3cccc(-c4cnc(CNC[C@@H]5CCC(=O)N5)c(OC)n4)c3Cl)c2Cl)cnc1CNCC[C@H]1CCCO1
10	mol469	-12.73	COc1nc(-c2cccc(-c3cccc(-c4cnc(CNC[C@@H]5CCC(=O)N5)c(OC)n4)c3Cl)c2Cl)cnc1CNCC[C@H]1CCCO1
10	mol258	-13.2	COc1nc(-c2cccc(-c3cccc(-c4cnc(CNCC[C@@H]5CCCO5)c(OC)n4)c3Cl)c2Cl)ncc1[C@H]1CCC(=O)N1
10	mol370	-12.64	COc1nc(-c2cccc(-c3cccc(-c4cnc(CNC[C@@H]5CCC(=O)N5)c(OC)n4)c3Cl)c2Cl)cnc1CNCC[C@H]1CCCO1
10	mol303	-13.72	COc1nc(-c2cccc(-c3cccc(-c4cccc(CNC[C@H]5CCC(=O)N5C)c4Cl)c3Cl)c2Cl)cnc1NC[C@H]1CCCO1
10	mol177	-13.41	COc1cc(-c2cccc(-c3cccc(-c4cnc(CNCC[C@H]5CCCO5)c(OC)n4)c3Cl)c2Cl)cnc1CNC[C@H]1CCC(=O)N1
10	mol499	-13.21	COc1ncnc(-c2cccc(-c3cccc(-c4ncc(CNC[C@@H]5CCC(=O)N5)c(OC)n4)c3Cl)c2Cl)n1
10	mol212	-12.12	COc1ncn(-c2cccc(-c3cccc(-c4cnc(CNC[C@@H]5CCC(=O)N5)c(OC)n4)c3Cl)n2)n1
10	mol234	-13.38	COc1nccc(-c2cccc(-c3cccc(-c4cnc(CNC[C@@H]5CCC(=O)N5)c(OC)n4)c3Cl)c2Cl)n1
10	mol293	-12.48	COc1nc(-c2cccc(-c3cccc(-c4cnc(CNC[C@@H]5CCC(=O)N5)c(OC)n4)c3Cl)c2Cl)cnc1CNCC[C@H]1CCCO1
10	mol145	-12.85	COc1nc(-c2cccc(-c3cccc(-c4ccccn4)c3Cl)c2Cl)cnc1CNCC[C@H]1CCCO1
10	mol105	-13.04	COc1nc(-c2cccc(-c3cccc(-c4cnc(OCC[C@H]5CCCO5)c(OC)n4)c3Cl)c2Cl)cnc1CNC[C@H]1CCC(=O)N1
10	mol232	-12.52	COc1nc(-c2cccc(-c3cccc(-c4cnc(CNC[C@@H]5CCC(=O)N5)c(OC)n4)c3Cl)c2Cl)cnc1CNCC[C@H]1CCCO1
10	mol435	-12.59	COc1nc(-c2cccc(-c3cccc(-c4cnc(CNC[C@@H]5CCC(=O)N5)c(OC)n4)c3Cl)c2Cl)cnc1CNCC[C@H]1CCCO1
10	mol495	-12.65	COc1nc(-c2cccc(-c3cccc(-c4cnc(CNC[C@@H]5CCC(=O)N5)c(OC)n4)c3Cl)c2Cl)cnc1CNCC[C@H]1CCCO1
10	mol353	-12.5	COc1nc(-c2cccc(-c3cccc(-c4cnc(CNC[C@@H]5CCC(=O)N5)c(OC)n4)c3Cl)c2Cl)cnc1CNCC[C@H]1CCCO1
10	mol57	-13.46	COc1nc(-c2cccc(-c3cccc(-c4cnc(CN[C@H]5CCC(=O)N5)c(OC)n4)c3Cl)c2Cl)cnc1CNCC[C@H]1CCCO1
10	mol366	-13.52	COc1nc(-c2cccc(-c3cccc(-c4cnc(CN[C@H]5CCC(=O)O5)c(OC)n4)c3Cl)c2Cl)cnc1CNCC[C@H]1CCCO1
10	mol403	-12.67	COc1nc(-c2cccc(-c3cccc(-c4cnc(CNC[C@@H]5CCC(=O)N5)c(OC)n4)c3Cl)c2Cl)cnc1CNCC[C@H]1CCCO1
10	mol140	-13.33	COc1nc(-c2cccc(-c3cccc(-c4cnc(NC[C@@H]5CCCO5)c(OC)n4)c3Cl)c2Cl)cnc1CNC[C@@H]1CCC(=O)N1
10	mol162	-12.62	COc1nc(-c2cccc(-c3cccc(-c4cnc(CNC[C@@H]5CCC(=O)N5)c(OC)n4)c3Cl)c2Cl)cnc1CNCC[C@H]1CCCO1
10	mol402	-13.28	COc1nc(-c2cccc(-c3cccc(-c4cnc(CNCC[C@H]5CCCO5)c(OC)n4)c3Cl)c2Cl)ncc1CNC[C@@H]1CCC(=O)N1
10	mol95	-13.24	COc1nc(-c2cccc(-c3cccc(-c4cnn(C[C@H]5CCCO5)c4OC)c3Cl)c2Cl)cnc1CNC[C@H]1CCC(=O)N1
10	mol381	-12.57	COc1nc(-c2cccc(-c3cccc(-c4cnc(CNC[C@@H]5CCC(=O)N5)c(OC)n4)c3Cl)c2Cl)cnc1CNCC[C@H]1CCCO1
10	mol164	-12.91	COc1nc(-c2cccc(-c3cccc(-c4cnc(OCC[C@H]5CCCO5)c(OC)n4)c3Cl)c2Cl)cnc1CNC[C@H]1CCC(=O)N1
10	mol457	-12.29	COc1nc(-c2cccc(-c3cccc(-c4cnc(OCCNCC[C@H]5CCCO5)c(OC)n4)c3Cl)c2Cl)cnc1CNC[C@@H]1CCC(=O)N1
10	mol355	-13.1	COc1nc(-c2cccc(-c3cccc(-c4cnc(OCCC[C@@H]5CCCO5)c(OC)n4)c3Cl)c2Cl)cnc1CNC[C@H]1CCC(=O)NC1
10	mol171	-12.63	COc1nc(-c2cccc(-c3cccc(-c4cnc(CNC[C@@H]5CCC(=O)N5)c(OC)n4)c3Cl)c2Cl)cnc1CNCC[C@H]1CCCO1
10	mol190	-13.13	COc1nc(-c2cccc(-c3cccc(-c4cnc(CNC[C@H]5CCC(=O)N(C)C5)c(OC)n4)c3Cl)c2Cl)cnc1CNCC[C@@H]1CCCO1
10	mol361	-12.44	COc1nc(CNCCCO)nc(-c2cccc(-c3cccc(-c4cnc(CNC[C@H]5CCC(=O)N5)c(OC)n4)c3Cl)c2Cl)n1
10	mol322	-12.54	COc1nc(-c2cccc(-c3cccc(-c4cnc(OC[C@@H]5CCCO5)c(OC)n4)c3Cl)c2Cl)cnc1CNC[C@@H]1CCC(=O)N1
10	mol259	-12.28	COCCCOc1cc(-c2cccc(-c3cccc(-c4cnc(CNC[C@H]5CCC(=O)N5)c(OC)n4)c3Cl)c2Cl)cnn1
10	mol129	-12.59	COc1nc(-c2cccc(-c3cccc(-c4cnc(OC[C@@H]5CCCO5)c(OC)n4)c3Cl)c2Cl)cnc1CNC[C@@H]1CCC(=O)N1
10	mol44	-12.26	COc1nc(-c2cccc(-c3cccc(-c4cnc(OCCCCNCC[C@@H]5CCCO5)c(OC)n4)c3Cl)c2Cl)cnc1CN[C@@H]1CCCC(=O)N1
10	mol372	-12.38	COc1nc(-c2cccc(-c3cccc(-c4cnc(CNC[C@H]5CCC(=O)N5)c(OC)n4)c3Cl)c2Cl)cnc1CNCCNC[C@H]1CCCO1
10	mol314	-12.56	COc1nc(-c2ccc(-c3cccc(-c4cncc(CNC[C@@H]5CCC(=O)N5)c4Cl)c3Cl)cc2Cl)cnc1CNCC[C@@H]1CCCO1
10	mol453	-13.86	COc1nc(-c2cccc(-c3cccc(-c4cccc(CNC[C@H]5CCC(=O)N5)c4Cl)c3Cl)c2Cl)cnc1CNCC1CCOCC1
10	mol160	-12.6	COc1nc(-c2cccc(-c3cccc(-c4cnc(CNC[C@@H]5CCC(=O)N5)c(OC)n4)c3Cl)c2Cl)cnc1CNCC[C@H]1CCCO1
10	mol89	-12.59	COc1nc(-c2cccc(-c3cccc(-c4cnc(CNC[C@@H]5CCC(=O)N5)c(OC)n4)c3Cl)c2Cl)cnc1CNCC[C@H]1CCCO1
10	mol316	-13.18	COc1nc(-c2cccc(-c3cccc(-c4cccc(CNC[C@@H]5CCC(=O)N5)c4Cl)c3Cl)c2Cl)cnc1CNCC[C@@H]1CCCO1
10	mol77	-12.94	O=C1CC[C@@H](CNCc2ncc(-c3cccc(-c4cccc(-c5cnnc(O)n5)c4Cl)c3)cn2)CN1
10	mol229	-13.37	COc1nncc(-c2cccc(-c3cccc(-c4cnc(CN[C@@H]5CCC(=O)N5)c(OC)n4)c3Cl)c2Cl)n1
10	mol292	-12.41	COc1nc(-c2cccc(-c3nccc(-c4cnc(CNCC[C@H]5CCCO5)c(OC)n4)c3Cl)c2Cl)cnc1CNC[C@H]1CCC(=O)N1
10	mol38	-13.14	COc1nc(-c2cccc(-c3cccc(-c4cnc(CNC[C@H]5CCC(=O)N(C)C5)c(OC)n4)c3Cl)c2Cl)cnc1CNCC[C@@H]1CCCO1
10	mol359	-12.62	COc1nc(-c2cccc(-c3cccc(-c4cnc(OCCCCn5cnc(C)c5)c(OC)n4)c3Cl)c2Cl)cnc1CNC[C@H]1CCC(=O)N1
10	mol439	-13.27	CCOc1ccc(-c2cccc(-c3cccc(-c4cnc(CNC[C@@H]5CCC(=O)N5)c(OC)n4)c3Cl)c2Cl)cn1
10	mol474	-12.67	COc1nc(-c2cccc(-c3cccc(-c4cnc(CNC[C@@H]5CCC(=O)N5)c(OC)n4)c3Cl)c2Cl)cnc1CNCC[C@H]1CCCO1
10	mol117	-12.86	COc1nc(-c2cccc(-c3cccc(-c4cnc(OCCn5cncn5)c(OC)n4)c3Cl)c2Cl)cnc1CNC[C@@H]1CCC(=O)N1
10	mol294	-13.02	COc1nc(-c2cccc(-c3cccc(-c4cnc(CNC[C@H]5CCCO5)c(OC)n4)c3Cl)c2Cl)cnc1CNC[C@H]1CCC(=O)N1
10	mol227	-12.35	COc1nc(-c2cccc(-c3cccc(-c4cnc(CNC[C@@H]5CCC(=O)N5)c(OC)n4)c3Cl)c2Cl)cnc1CNCCCO
10	mol11	-13.32	COc1nc(CNCC(C)(C)O)nc(-c2cccc(-c3cccc(-c4cnc(CN[C@@H]5CCC(=O)N5)c(OC)n4)c3Cl)c2Cl)n1
10	mol139	-13.1	COc1nc(-c2cccc(-c3cccc(-c4cnc(CNC[C@H]5CCCO5)c(OC)n4)c3Cl)c2Cl)cnc1CNC[C@H]1CCC(=O)N1
10	mol110	-12.52	COc1nc(-c2cccc(-c3cccc(-c4cnc(OC[C@@H]5CCCO5)c(OC)n4)c3Cl)c2Cl)cnc1CNC[C@@H]1CCC(=O)N1
10	mol411	-12.96	COc1nc(-c2cccc(-c3cccc(-c4cnc(OCCCCn5cnc(CC(=O)O)c5)c(OC)n4)c3Cl)c2Cl)cnc1CNC[C@@H]1CCC(=O)N1
10	mol182	-12.19	CO/C1=N/C(c2cccc(-c3cccc(-c4cnc(CNC[C@@H]5CCC(=O)NC5)nc4Cl)c3Cl)c2Cl)=N/C2=N\CCOCC[C@H]1CCNCCCNC2
10	mol9	-12.51	COc1nc(-c2cccc(-c3cccc(-c4cnc(CNC[C@@H]5CCC(=O)N5)c(OC)n4)c3Cl)c2Cl)cnc1CNCC[C@H]1CCCO1
10	mol133	-12.65	COc1nc(-c2cccc(-c3cccc(-c4cnc(CNC[C@@H]5CCC(=O)N5)c(OC)n4)c3Cl)c2Cl)cnc1CNCC[C@H]1CCCO1
10	mol424	-13.18	COc1nc(-c2cccc(-c3cccc(-c4cnc(CN[C@H]5CCC(=O)N5)c(OC)n4)c3Cl)c2Cl)cnc1CNCC[C@H]1CCCO1
10	mol351	-13.68	O=C1CC[C@H](CNCc2ncc(-c3cccc(-c4cccc(Oc5ncnc(O)n5)c4Cl)c3Cl)c(Cl)c2OC[C@@H]2CCC(=O)O2)N1
10	mol208	-13.36	CCOc1nc(-c2cccc(-c3cccc(-c4cnc(CNC[C@@H]5CCC(=O)N(C)C5)c(OC)n4)c3Cl)c2Cl)cnc1CNCC[C@@H]1CCCO1
10	mol147	-12.58	COc1nc(-c2cccc(-c3cccc(-c4cnc(CNC[C@@H]5CCC(=O)N5)c(OC)n4)c3Cl)c2Cl)cnc1CNCC[C@H]1CCCO1
10	mol90	-12.1	COc1cc(-c2cccc(-c3cccc(-c4cnc(OCC[C@H]5CCCO5)c(OC)n4)c3Cl)n2)cnc1CNC[C@@H]1CCC(=O)N1
10	mol121	-12.63	COc1nc(-c2cccc(-c3cccc(-c4cnc(CNC[C@@H]5CCC(=O)N5)c(OC)n4)c3Cl)c2Cl)cnc1CNCC[C@H]1CCCO1
10	mol331	-13.39	O=C1CC[C@H](CNCc2ncc(-c3cccc(-c4cccc(-c5cnc(CNCC[C@H]6CCCO6)cn5)c4Cl)c3Cl)nc2O)N1
10	mol441	-12.96	COc1nc(-c2cccc(-c3cccc(-c4cnc(CNC[C@H]5CCC(=O)NC5)c(OC)n4)c3Cl)c2Cl)cnc1CNCC[C@H]1CCCO1
10	mol376	-12.59	COc1nc(-c2cccc(-c3cccc(-c4cnc(OC[C@@H]5CCCO5)c(OC)n4)c3Cl)c2Cl)cnc1CNC[C@@H]1CCC(=O)N1
10	mol263	-12.64	COc1nc(-c2cccc(-c3cccc(-c4cnc(CNC[C@@H]5CCC(=O)N5)c(OC)n4)c3Cl)c2Cl)cnc1CNCC[C@H]1CCCO1
10	mol113	-12.53	COc1nc(-c2cccc(-c3cccc(-c4cnc(CNC[C@@H]5CCC(=O)N5)c(OC)n4)c3Cl)c2Cl)cnc1CNCC[C@H]1CCCO1
10	mol120	-13.98	COc1nc(-c2cccc(-c3cccc(-c4cnc(CNC[C@H]5CCC(=O)N5)c(OC)c4Cl)c3Cl)c2Cl)cnc1C[C@@H]1CCCO1
10	mol389	-12.44	COc1nc(-c2cccc(-c3cccc(-c4cnc(CNC[C@H]5CCCO5)c(OC)n4)c3Cl)c2Cl)cnc1CNCC[C@@H]1CCCO1
10	mol83	-13.08	COc1nc(-c2cccc(-c3cccc(-c4cnc(NCC[C@H]5CCCO5)c(OC)n4)c3Cl)c2Cl)cnc1CNC[C@H]1CCC(=O)N1
10	mol2	-12.88	CCOc1nc(-c2cccc(-c3cccc(-c4cnc(CCNC[C@@H]5CCC(=O)N5)c(OC)n4)c3Cl)c2Cl)cnc1CNCC[C@H]1CCCO1
10	mol354	-13.16	COc1cc(-c2cccc(-c3cccc(-c4cnc(OC[C@H]5CCCO5)c(OC)n4)c3Cl)c2Cl)cnc1CNC[C@@H]1CCC(=O)N1
10	mol191	-13.4	COc1nccc(-c2cccc(-c3cccc(-c4cnc(CNC[C@@H]5CCC(=O)N5)c(OC)n4)c3Cl)c2Cl)n1
10	mol466	-12.72	COc1nc(-c2cccc(-c3cccc(-c4cnc(CNC[C@@H]5CCC(=O)N5)c(OC)n4)c3Cl)c2Cl)cnc1CNCC[C@H]1CCCO1
10	mol451	-13.83	O=C1CC[C@H](COc2c(CNC[C@@H]3CCC(=O)N3)ncc(-c3cccc(-c4cccc(-c5ncnc(O)n5)c4Cl)c3Cl)c2Cl)N1
10	mol395	-12.57	COc1nc(-c2cccc(-c3cccc(-c4cnc(CNC[C@@H]5CCC(=O)N5)c(OC)n4)c3Cl)c2Cl)cnc1CNCC[C@H]1CCCO1
10	mol262	-13.09	COc1nc(-c2cccc(-c3cccc(-c4cnc(CNC[C@H]5CCC(=O)NC5)c(OC)n4)c3Cl)c2Cl)cnc1CNCC[C@H]1CCCO1
10	mol257	-12.68	COc1nc(-c2cccc(-c3cccc(-c4cnc(CNC[C@@H]5CCC(=O)N5)c(OC)n4)c3Cl)c2Cl)cnc1CNCC[C@H]1CCCO1
10	mol420	-12.89	COc1nc(-c2cccc(-c3cccc(-c4cnc(OCCCN5CCOCC5)c(OC)n4)c3Cl)c2Cl)cnc1CNC[C@H]1CCC(=O)N1
10	mol485	-12.95	COc1nc(-c2cccc(-c3cccc(-c4cnc(CNC[C@H]5CCC(=O)NC5)c(OC)n4)c3Cl)c2Cl)cnc1CNCC[C@H]1CCCO1
10	mol125	-13.18	COc1nc(-c2cccc(-c3cccc(-c4cnc(CNC[C@H]5CCCO5)c(OC)n4)c3Cl)c2Cl)cnc1CNC[C@H]1CCC(=O)N1
10	mol211	-12.66	COc1nc(-c2cccc(-c3cccc(-c4cnc(OCCCn5cncn5)c(OC)n4)c3Cl)c2Cl)cnc1CNC[C@H]1CCC(=O)N1
10	mol299	-12.88	COc1nc(-c2cccc(-c3cccc(-c4cnc(OCC[C@H]5CCCO5)c(OC)n4)c3Cl)c2Cl)cnc1CNC[C@H]1CCC(=O)N1
10	mol371	-12.55	COc1nc(-c2cccc(-c3cccc(-c4cnc(CNC[C@@H]5CCC(=O)N5)c(OC)n4)c3Cl)c2Cl)cnc1CNCC[C@H]1CCCO1
10	mol161	-12.96	COc1nc(-c2cccc(-c3cccc(-c4cnc(NCC[C@H]5CCCO5)c(OC)n4)c3Cl)c2Cl)cnc1CNC[C@H]1CCC(=O)N1
10	mol417	-12.62	COc1nc(-c2cccc(-c3cccc(-c4cnc(CNC[C@H]5CCC(=O)N5)c(OC)n4)c3Cl)c2Cl)cnc1CNCCC[C@H]1CCCO1
10	mol39	-13.03	COc1nc(-c2cccc(-c3cccc(-c4cnc(OCC[C@H]5CCCO5)c(OC)n4)c3Cl)c2Cl)cnc1CNC[C@H]1CCC(=O)N1
10	mol496	-13.35	COc1nccc(-c2cccc(-c3cccc(-c4cnc(CNC[C@@H]5CCC(=O)N5)c(OC)n4)c3Cl)c2Cl)n1
10	mol219	-12.31	COc1nc(-c2cccc(-c3cccc(-c4cnc(CNC[C@@H]5CCC(=O)N5)c(OC)c4Cl)c3Cl)c2Cl)cnc1CNCC[C@H]1CCCO1
10	mol311	-13.26	COc1ncnc(-c2cccc(-c3cccc(-c4cnc(CNC[C@@H]5CCC(=O)N(C)C5)c(OC)n4)c3Cl)c2Cl)n1
10	mol173	-12.71	COc1nc(-c2cccc(-c3cccc(-c4cnc(OCCNCC5CCOCC5)c(OC)n4)c3Cl)c2Cl)cnc1CN[C@H]1CCC(=O)N1
10	mol447	-12.45	COc1nc(-c2cccc(-c3cccc(-c4cnc(OC[C@@H]5CCCO5)c(OC)n4)c3Cl)c2Cl)cnc1CNC[C@@H]1CCC(=O)N1
10	mol468	-12.3	CCOc1nc(-c2cccc(-c3cccc(-c4cnc(CNC[C@@H]5CCC(=O)N5)c(OC)n4)c3Cl)c2Cl)cnc1CNC[C@@H]1CCCO1
10	mol413	-12.64	COc1nc(-c2cccc(-c3cccc(-c4cnn(C)c4)c3Cl)c2Cl)cnc1OCCCn1cnc(C)c1
10	mol406	-13.17	COc1nc(-c2cccc(-c3cccc(-c4cccc(CNC[C@@H]5CCC(=O)N5)c4Cl)c3Cl)c2Cl)cnc1OCCCn1cnc(CC(C)C)c1Cl
10	mol269	-12.88	COc1nc(-c2cccc(-c3cccc(-c4cnc(CNC[C@H]5CCC(=O)NC5)c(OC)n4)c3Cl)c2Cl)cnc1CNCC[C@H]1CCCO1
10	mol397	-13.64	CCOc1nc(-c2cccc(-c3cccc(-c4cccc(CNC[C@H]5CCC(=O)N5)c4Cl)c3Cl)c2Cl)cnc1CNCC[C@H]1CCCO1
10	mol456	-12.58	COc1nc(-c2cccc(-c3cccc(-c4cnc(CNC[C@@H]5CCC(=O)N5)c(OC)n4)c3Cl)c2Cl)cnc1CNCC[C@H]1CCCO1
10	mol0	-12.7	COc1nc(-c2cccc(-c3cccc(-c4cnc(CNC[C@@H]5CCC(=O)N5)c(OC)n4)c3Cl)c2Cl)cnc1CNCC[C@H]1CCCO1
10	mol369	-12.26	COc1cc(-c2cccc(-c3cccc(-c4cnc(NCC[C@@H]5CCCO5)c(OC)n4)c3Cl)n2)cnc1CNC[C@@H]1CCC(=O)N1
10	mol461	-12.51	COc1nc(-c2cccc(-c3cccc(-c4cnc(CNC[C@@H]5CCC(=O)N5)c(OC)n4)c3Cl)c2Cl)cnc1CNCC[C@H]1CCCO1
10	mol122	-12.57	COc1nc(-c2cccc(-c3cccc(-c4cnc(OC[C@@H]5CCCO5)c(OC)n4)c3Cl)c2Cl)cnc1CNC[C@@H]1CCC(=O)N1
10	mol31	-12.64	COc1nc(-c2cccc(-c3cccc(-c4cnc(OCCC[C@H]5CCOC5)c(OC)n4)c3Cl)c2Cl)cnc1CNC[C@H]1CCC(=O)N1
10	mol3	-12.6	COc1nc(-c2cccc(-c3cccc(-c4cnc(CNC[C@@H]5CCC(=O)N5)c(OC)n4)c3Cl)c2Cl)cnc1CNCC[C@H]1CCCO1
10	mol15	-12.53	COc1nc(-c2cccc(-c3cccc(-c4cnc(CNC[C@@H]5CCC(=O)N5)c(OC)n4)c3Cl)c2Cl)cnc1CNCC[C@H]1CCCO1
10	mol178	-13.57	COc1nc(-c2cccc(-c3cccc(-c4cnc(OCC5CCOCC5)c(OC)n4)c3Cl)c2Cl)cnc1CNC[C@H]1CCC(=O)N1
10	mol446	-12.1	COc1nc(-c2cccc(-c3cccc(CNCCCC(=O)O)c3Cl)c2Cl)cnc1OCC1CCOCC1
10	mol42	-12.52	COc1nc(-c2cccc(-c3cccc(-c4cnc(OC[C@@H]5CCCO5)c(OC)n4)c3Cl)c2Cl)cnc1CNC[C@@H]1CCC(=O)N1
10	mol48	-12.56	COc1nc(-c2cccc(-c3cccc(-c4cnc(OC[C@@H]5CCCO5)c(OC)n4)c3Cl)c2Cl)cnc1CNC[C@@H]1CCC(=O)N1
10	mol356	-12.64	COc1nc(-c2cccc(-c3cccc(-c4cnc(CNC[C@@H]5CCC(=O)N5)c(OC)n4)c3Cl)c2Cl)cnc1CNCC[C@H]1CCCO1
10	mol119	-12.58	COc1nc(-c2cccc(-c3cccc(-c4cnc(OC[C@@H]5CCCO5)c(OC)n4)c3Cl)c2Cl)cnc1CNC[C@@H]1CCC(=O)N1
10	mol358	-12.45	COc1nc(-c2cccc(-c3cccc(-c4cnc(OC[C@@H]5CCCO5)c(OC)n4)c3Cl)c2Cl)cnc1CNC[C@@H]1CCC(=O)N1
10	mol181	-12.45	COc1nc(-c2cccc(-c3cccc(-c4cnc(OC[C@@H]5CCCO5)c(OC)n4)c3Cl)c2Cl)cnc1CNC[C@@H]1CCC(=O)N1
10	mol30	-13.47	OCc1nc(-n2ncc(-c3cccc(-c4ccccc4Cl)c3Cl)c2O)n(Cc2ccnc(-c3cccc(-c4cncnc4Cl)c3Cl)n2)n1
10	mol170	-12.56	COc1nc(-c2cccc(-c3cccc(-c4cnc(CNC[C@@H]5CCC(=O)N5)c(OC)n4)c3Cl)c2Cl)cnc1CNCC[C@H]1CCCO1
10	mol17	-12.2	COc1nc(-c2cccc(-c3cccc(-c4cnc(CNCC[C@@H]5CCCO5)c(C)n4)n3)c2Cl)cnc1CNC[C@H]1CCC(=O)N1
10	mol221	-12.66	COc1nc(-c2cccc(-c3cccc(-c4cnc(OCCN[C@H]5CCOC5)c(OC)n4)c3Cl)c2Cl)cnc1CNC[C@@H]1CCC(=O)N1
10	mol205	-12.74	COc1nc(-c2cccc(-c3cccc(-c4cnc(C(C)C)c(OC)n4)c3Cl)c2Cl)cnc1CNCC[C@@H]1CCCO1
10	mol235	-12.71	COc1nc(-c2ccc(-c3cccc(-c4cncc(CNC[C@@H]5CCC(=O)N5)c4Cl)c3Cl)cc2Cl)cnc1CNC[C@H]1CCCO1
10	mol107	-13.67	COc1nc(-c2cccc(-c3cccc(-c4ccnc(CNC[C@H]5CCC(=O)NC5)c4Cl)c3Cl)c2Cl)cnc1CNCC[C@@H]1CCOC1
10	mol103	-12.77	COc1nc(-c2cccc(-c3cccc(-c4cnc(CNC[C@@H]5CCC(=O)N5)c(OC)n4)c3Cl)c2Cl)cnc1CNCC[C@H]1CCCO1
10	mol409	-12.64	COc1nc(-c2cccc(-c3cccc(-c4cnc(CNC[C@@H]5CCC(=O)N5)c(OC)n4)c3Cl)c2Cl)cnc1CNCC[C@H]1CCCO1
10	mol368	-13.07	COc1nc(-c2cccc(-c3cccc(-c4cnc(CNC[C@@H]5CCC(=O)N5)c(OC)n4)c3Cl)c2Cl)cnc1CNCC[C@H]1CCCCO1
10	mol328	-12.52	COc1nc(-c2cccc(-c3cccc(-c4cnc(CNC[C@@H]5CCC(=O)N5)c(OC)n4)c3Cl)c2Cl)cnc1CNCC[C@H]1CCCO1
10	mol238	-12.25	COc1nc(-c2cccc(-c3cccc(-c4cnc(CNC[C@@H]5CCC(=O)N5)c(OC)c4Cl)c3Cl)c2Cl)cnc1CNCC[C@H]1CCCO1
10	mol483	-13.47	COc1nc(-c2cccc(-c3cccc(-c4cnc(CNC[C@@H]5CCC(=O)N5)c(OC)c4Cl)c3Cl)c2Cl)cnc1CNC[C@H]1CCCO1
10	mol472	-14.0	Oc1c(-c2cccc(-c3cccc(-c4cncc(OCC5=CCCC5)c4)c3Cl)c2Cl)ccnc1Cl
10	mol243	-12.53	COc1nc(-c2cccc(-c3cccc(-c4cnc(OC[C@@H]5CCCO5)c(OC)n4)c3Cl)c2Cl)cnc1CNC[C@@H]1CCC(=O)N1
10	mol172	-13.43	COc1ncnc(-c2cccc(-c3cccc(-c4cnc(CN[C@H]5CCC(=O)N5)c(OC)n4)c3Cl)c2Cl)n1
10	mol151	-13.02	COc1nc(-c2cccc(-c3cccc(-c4cnc(CN5CCC(OC)CC5)c(OC)n4)c3Cl)c2Cl)cnc1CNC[C@H]1CCC(=O)N1
10	mol484	-12.62	COc1nc(-c2cccc(-c3cccc(-c4cnc(CNC[C@@H]5CCC(=O)N5)c(OC)n4)c3Cl)c2Cl)cnc1CNCC[C@H]1CCCO1
10	mol431	-12.58	COc1nc(-c2cccc(-c3cccc(-c4cnc(CNC[C@@H]5CCC(=O)N5)c(OC)n4)c3Cl)c2Cl)cnc1CNCC[C@H]1CCCO1
10	mol137	-12.27	COc1nc(-c2cccc(-c3cccc(-c4cnc(CNC[C@H]5CCC(=O)N5)c(OC)c4Cl)c3Cl)c2Cl)cnc1OCCCCCn1cnc(CC(C)(C)C)c1
10	mol375	-12.91	COc1nc(-c2cccc(-c3cccc(-c4cnc(CNC[C@@H]5CCC(=O)N5)c(OC)n4)c3Cl)c2Cl)cnc1CNCC[C@@H]1CCOC1
10	mol79	-13.36	O=C1CC[C@H](CNCc2cnc(-c3cccc(-c4cccc(-c5cnc(CO)cn5)c4Cl)c3Cl)nc2OCC2CCC2)N1
10	mol463	-13.15	COc1nc(-c2cccc(-c3cccc(-c4cccc(CNC[C@@H]5CCC(=O)N5)c4Cl)c3Cl)c2Cl)cnc1CNCC[C@@H]1CCCO1
10	mol97	-13.32	COc1nc(-c2cccc(-c3cccc(-c4cnc(CNC[C@@H]5CCCO5)c(OC)n4)c3Cl)c2Cl)cnc1CNC[C@H]1CCC(=O)NC1
10	mol71	-12.49	COc1nc(-c2cccc(-c3cccc(-c4cnc(CNC[C@@H]5CCC(=O)N5)c(OC)n4)c3Cl)c2Cl)cnc1CNCC[C@H]1CCCO1
10	mol98	-12.93	COc1nc(-c2cccc(-c3cccc(-c4cnc(CNC[C@H]5CCC(=O)NC5)c(OC)n4)c3Cl)c2Cl)cnc1CNCC[C@H]1CCCO1
10	mol87	-12.66	COc1nc(-c2cccc(-c3cccc(-c4cnc(OCCC5CC5)c(OC)n4)c3Cl)c2Cl)cnc1CNC[C@H]1CCC(=O)N1
10	mol486	-12.59	COc1nc(-c2cccc(-c3cccc(-c4cnc(OC[C@@H]5CCCO5)c(OC)n4)c3Cl)c2Cl)cnc1CNC[C@@H]1CCC(=O)N1
10	mol23	-12.67	COc1nc(-c2cccc(-c3cccc(-c4cnc(CNC[C@@H]5CCC(=O)N5)c(OC)n4)c3Cl)c2Cl)cnc1CNCC[C@H]1CCCO1
10	mol265	-13.05	COc1nc(-c2cccc(-c3cccc(-c4cnc(NCC[C@H]5CCCO5)c(OC)n4)c3Cl)c2Cl)cnc1CN[C@H]1CCC(=O)N1
10	mol464	-12.59	COc1nc(-c2cccc(-c3cccc(-c4cnc(CNC[C@@H]5CCC(=O)N5)c(OC)n4)c3Cl)c2Cl)cnc1CNCC[C@H]1CCCO1
10	mol202	-12.53	COc1nc(-c2cccc(-c3cccc(-c4cnc(CNC[C@@H]5CCC(=O)N5)c(OC)n4)c3Cl)c2Cl)cnc1CNCC[C@H]1CCCO1
10	mol251	-12.61	COc1nc(-c2cccc(-c3cccc(-c4cnc(CNC[C@@H]5CCC(=O)N5)c(OC)n4)c3Cl)c2Cl)cnc1CNCC[C@H]1CCCO1
10	mol183	-12.04	COc1nc(-c2cccc(-c3cnc(CNCC[C@H]4CCCO4)c(OC)n3)c2Cl)ccc1-c1cnc(CNC[C@@H]2CCN3CCCC[C@H]2C3=O)c(OC)n1
10	mol226	-12.65	COc1nc(-c2cccc(-c3cccc(-c4cnc(CNC[C@@H]5CCC(=O)N5)c(OC)n4)c3Cl)c2Cl)cnc1CNCC[C@H]1CCCO1
10	mol82	-13.11	COc1nc(-c2cccc(-c3cccc(-c4cncc(CNC[C@H]5CCC(=O)N5)c4Cl)c3Cl)c2Cl)cnc1CNCC[C@@H]1CCCO1
10	mol476	-12.67	COc1nc(-c2cccc(-c3cccc(-c4cnc(CNC[C@@H]5CCC(=O)N5)c(OC)n4)c3Cl)c2Cl)cnc1CNCC[C@H]1CCCO1
10	mol246	-12.65	COc1nc(-c2cccc(-c3cccc(-c4cnc(OCCC[C@@H]5CCCO5)c(OC)n4)c3Cl)c2Cl)cnc1CNC[C@H]1CCC(=O)N1
10	mol432	-12.58	COc1nc(-c2cccc(-c3cccc(-c4cnc(CNC[C@@H]5CCC(=O)N5)c(OC)c4Cl)c3Cl)c2Cl)cnc1CNCC[C@H]1CCCO1
10	mol460	-12.52	COc1nc(-c2cccc(-c3cccc(-c4cnc(CNC[C@@H]5CCC(=O)N5)c(OC)n4)c3Cl)c2Cl)cnc1CNCC[C@H]1CCCO1
10	mol343	-13.29	O=C1CC[C@H](COc2c(CNC[C@@H]3CCC(=O)N3)ncc(-c3cccc(-c4cccc(-c5cnccn5)c4Cl)c3Cl)c2Cl)N1
10	mol364	-12.69	COc1nc(-c2cccc(-c3cccc(-c4cnc(CNC[C@@H]5CCC(=O)N5)c(OC)n4)c3Cl)c2Cl)cnc1CNCC[C@H]1CCCO1
10	mol116	-12.55	CCOc1nc(-c2cccc(-c3cccc(-c4cnn(C[C@@H]5CCC(=O)N5)c4Cl)c3Cl)c2Cl)cnc1CNCC[C@@H]1CCCO1
10	mol41	-12.68	COc1nc(-c2cccc(-c3cccc(-c4cnc(CNC[C@@H]5CCC(=O)N5)c(OC)n4)c3Cl)c2Cl)cnc1CNCC[C@H]1CCCO1
10	mol277	-13.34	COc1nc(-c2cccc(-c3cccc(-c4ccnc(CNC[C@H]5CCC(=O)N5)c4Cl)c3Cl)c2Cl)cnc1CNCC[C@H]1CCCO1
10	mol176	-12.46	COc1nc(-c2cccc(-c3cccc(-c4cnc(CNC[C@@H]5CCC(=O)N5)c(OC)n4)c3Cl)c2Cl)cnc1CNCC[C@H]1CCCO1
10	mol305	-12.98	COc1nc(-c2cccc(-c3cccc(-c4cnc(CN[C@@H]5CCC(=O)N5)c(OC)n4)c3Cl)c2Cl)cnc1CNC[C@H]1CCOC1
10	mol279	-12.75	COc1ncn(-c2cccc(-c3cccc(-c4cnc(CNC[C@@H]5CCC(=O)N5)c(OC)n4)c3Cl)c2Cl)n1
10	mol158	-12.58	COc1nc(-c2cccc(-c3cccc(-c4cnc(CNCC[C@@H]5CCCO5)c(OC)n4)c3Cl)c2)cnc1CNC[C@@H]1CCC(=O)N1
10	mol465	-12.61	COc1nc(-c2cccc(-c3cccc(-c4cnc(OCCC[C@@H]5CCCO5)c(OC)n4)c3Cl)c2Cl)cnc1CNC[C@H]1CCC(=O)N1
10	mol43	-12.57	COc1nc(-c2cccc(-c3cccc(-c4cnc(CNC[C@@H]5CCC(=O)N5)c(OC)n4)c3Cl)c2Cl)cnc1CNCC[C@H]1CCCO1
10	mol124	-12.5	COc1nc(-c2cccc(-c3cccc(-c4cnn(C)n4)c3Cl)c2Cl)cnc1CNCC[C@@H]1CCCO1
10	mol85	-12.58	COc1nc(-c2cccc(-c3cccc(-c4cnc(CNC[C@@H]5CCC(=O)N5)c(OC)n4)c3Cl)c2Cl)cnc1CNCC[C@H]1CCCO1
Molecule_ID	Docking_Score	SMILES
10	mol114	-13.14	COc1ncnc(-c2cccc(-c3cccc(-c4cnc(CNC[C@H]5CCC(=O)N5)c(OC)n4)c3Cl)c2Cl)n1
10	mol422	-12.61	COc1nc(-c2cccc(-c3cncc(-c4cnc(CNC[C@@H]5CCC(=O)N5)c(OC)n4)c3Cl)c2Cl)cnc1CNCC[C@H]1CCCO1
10	mol25	-12.62	COc1nc(-c2cccc(-c3cccc(-c4cnc(CNC[C@@H]5CCC(=O)N5)c(OC)n4)c3Cl)c2Cl)cnc1CNCC[C@H]1CCCO1
10	mol210	-12.56	COc1nc(-c2cccc(-c3cccc(-c4cnc(CNC[C@@H]5CCC(=O)N5)c(OC)n4)c3Cl)c2Cl)cnc1CNCC[C@H]1CCCO1
10	mol225	-12.29	COc1nc(-c2cccc(-c3cccc(-c4cnc(CNC[C@H]5CC[C@H](OC)CC5)c(OC)n4)c3Cl)c2Cl)cnc1CNCC[C@@H]1CCCO1
10	mol437	-13.1	COc1nc(-c2cccc(-c3cccc(-c4cnc(NCC[C@H]5CCCO5)c(OC)n4)c3Cl)c2Cl)cnc1CNC[C@H]1CCC(=O)N1
10	mol75	-12.55	COc1nc(-c2cccc(-c3cccc(-c4cnc(OC[C@@H]5CCCO5)c(OC)n4)c3Cl)c2Cl)cnc1CNC[C@@H]1CCC(=O)N1
10	mol302	-13.08	O=C1CC[C@@H](CNCc2ncc(-c3cccc(-c4cccc(-c5cn(CCNC[C@@H]6CCOC6)cn5)c4Cl)c3Cl)nc2O)N1
10	mol346	-12.94	COc1nc(-c2cccc(-c3cccc(-c4cnc(CNC[C@H]5CCC(=O)NC5)c(OC)n4)c3Cl)c2Cl)cnc1CNCC[C@H]1CCCO1
10	mol273	-12.86	COc1nc(-c2cccc(-c3cccc(-c4cnc(OCCCn5cnc(C)n5)c(OC)n4)c3Cl)c2Cl)cnc1CNC[C@H]1CCC(=O)N1
10	mol165	-12.6	COc1nc(-c2cccc(-c3cccc(-c4cnc(CNC[C@@H]5CCC(=O)N5)c(OC)n4)c3Cl)c2Cl)cnc1CNCC[C@H]1CCCO1
10	mol99	-13.19	COc1nc(-c2cccc(-c3cccc(-c4cnc(CNC[C@H]5CCC(=O)N(C)C5)c(OC)n4)c3Cl)c2Cl)cnc1CNCC[C@@H]1CCCO1
10	mol68	-12.38	COc1nc(-c2cccc(-c3cccc(-c4cnc(OCC(=O)O)c(OC)c4Cl)c3Cl)c2Cl)cnc1CNCC[C@H]1CCCO1
10	mol203	-13.62	COc1nc(-c2cccc(-c3cccc(-c4cnc(CNCC[C@@H]5CCCO5)c(OC)n4)c3Cl)c2Cl)ccc1CNC[C@H]1CCC(=O)N1
10	mol401	-12.91	COc1cnc(-c2cccc(-c3cccc(-c4cnc(CNC[C@@H]5CCC(=O)N5)c(OC)n4)c3Cl)c2Cl)cn1
10	mol254	-12.55	COc1nc(-c2cccc(-c3cccc(-c4cnc(CNC[C@@H]5CCC(=O)N5)c(OC)n4)c3Cl)c2Cl)cnc1CNCC[C@H]1CCCO1
10	mol84	-12.69	COc1nc(-c2cccc(-c3cccc(-c4cnc(CNC[C@@H]5CCC(=O)N5)c(OC)n4)c3Cl)c2Cl)cnc1CNCC[C@H]1CCCO1
10	mol6	-14.02	OCc1ncc(-c2cccc(-c3cccc(-c4ccnc(Cl)c4O)c3Cl)c2Cl)cc1O
10	mol141	-12.67	COc1nc(-c2cccc(-c3cccc(-c4cnc(OCCC5CCOCC5)c(OC)n4)c3Cl)c2Cl)cnc1CNC[C@@H]1CCC(=O)N1
10	mol425	-12.73	COc1nc(-c2cccc(-c3cccc(-c4cnc(OCCC[C@@H]5CCCO5)c(OC)n4)c3Cl)c2Cl)cnc1CNC[C@H]1CCC(=O)N1
10	mol175	-12.29	COc1nc(-c2cccc(-c3cccc(-c4cnc(CNCC[C@H]5CCCO5)c(OC)n4)c3Cl)c2Cl)cnc1CNCC[C@@H]1CCC(=O)N1
10	mol487	-12.99	CO/C1=N/C(c2cccc(-c3ccc(-c4cnc(CNC[C@H]5CCC(=O)N5)c(OC)n4)c(Cl)c3Cl)c2Cl)=N\C2=N\CC[C@H]1CCNC2
10	mol55	-12.69	OCCCn1cnc(-c2cccc(-c3cccc(-c4cnc(CN[C@@H]5CC[C@@H](O)C5)cn4)c3Cl)c2Cl)c1
10	mol428	-13.6	COc1nc(-c2cccc(-c3cccc(-c4cnc(OCC5CCOCC5)c(OC)n4)c3Cl)c2Cl)cnc1CNC[C@H]1CCC(=O)N1
10	mol352	-13.17	COc1nc(-c2cccc(-c3cccc(-c4cnc(OC[C@H]5CCOC5)c(OC)n4)c3Cl)c2Cl)cnc1CNC[C@H]1CCC(=O)N1
10	mol298	-12.97	COc1nc(-c2cccc(-c3cccc(-c4cnc(CNC[C@H]5CCC(=O)N5)c(OC)n4)c3Cl)c2Cl)cnc1CNCCC1OCCO1
10	mol153	-12.56	COc1nc(-c2cccc(-c3cccc(-c4cnc(CNC[C@@H]5CCC(=O)N5)c(OC)n4)c3Cl)c2Cl)cnc1CNCC[C@H]1CCCO1
10	mol289	-12.57	COc1nc(-c2cccc(-c3cccc(-c4cnc(CNC[C@@H]5CCC(=O)N5)c(OC)n4)c3Cl)c2Cl)cnc1CNCC[C@H]1CCCO1
10	mol423	-13.05	COc1nc(-c2cccc(-c3cccc(-c4cnc(OCC[C@H]5CCCO5)c(OC)n4)c3Cl)c2Cl)cnc1CNC[C@H]1CCC(=O)N1
10	mol256	-12.73	COc1nc(-c2cccc(-c3cccc(-c4cnc(CNC[C@@H]5CCC(=O)N5)c(OC)n4)c3Cl)c2Cl)cnc1CNCC[C@H]1CCCO1
10	mol384	-12.56	COc1nc(-c2cccc(-c3cccc(-c4cnc(CNC[C@@H]5CCC(=O)N5)c(OC)n4)c3Cl)c2Cl)cnc1CNCC[C@H]1CCCO1
10	mol477	-12.48	COc1nc(-c2cccc(-c3cccc(-c4cnc(CNC[C@@H]5CCC(=O)N5)c(OC)n4)c3Cl)c2Cl)cnc1CNCC[C@H]1CCCO1
10	mol92	-13.21	COc1nc(-c2cccc(-c3cccc(-c4cnc(CN[C@H]5CCC(=O)N5)c(OC)n4)c3Cl)c2Cl)cnc1CNCC[C@H]1CCCO1
10	mol459	-12.67	COc1nc(-c2cccc(-c3cccc(-c4cnc(CNC[C@@H]5CCC(=O)N5)c(OC)n4)c3Cl)c2Cl)cnc1CNCC[C@H]1CCCO1
10	mol193	-12.7	COc1nc(-c2cccc(-c3cccc(-c4cnc(OCCC[C@@H]5CCCO5)c(OC)n4)c3Cl)c2Cl)cnc1CNC[C@H]1CCC(=O)N1
10	mol73	-12.34	COc1nc(-c2cccc(-c3cccc(-c4cnc(CNC[C@H]5CCC(=O)N5)c(OC)n4)c3Cl)c2)cnc1CNCC[C@@H]1CCCO1
10	mol192	-13.2	COc1nc(-c2cccc(-c3cccc(-c4cnc(CNC[C@@H]5CCC(=O)N(C)C5)nc4)c3Cl)c2Cl)cnc1OCC[C@H]1CCCO1
10	mol52	-12.72	COc1nc(-c2cccc(-c3cccc(-c4cnc(CNC[C@@H]5CCC(=O)N5)c(OC)n4)c3Cl)c2Cl)cnc1CNCC[C@H]1CCCO1
10	mol155	-12.68	COc1nc(-c2cccc(-c3cccc(-c4cnc(NCCC[C@H]5CCCO5)c(OC)n4)c3Cl)c2Cl)cnc1CNC[C@@H]1CCC(=O)N1
10	mol348	-12.58	COc1nc(CNCCCO)nc(-c2cccc(-c3cccc(-c4cnc(CNC[C@H]5CCC(=O)N5)c(OC)n4)c3Cl)c2Cl)n1
10	mol81	-13.42	COc1nc(-c2cccc(-c3cccc(-c4cnc(CNC[C@@H]5CCC(=O)N5)c(OC)n4)c3Cl)c2Cl)cnc1CNCC1CCOCC1
10	mol306	-12.63	COc1nc(-c2cccc(-c3cccc(-c4cnc(CNC[C@@H]5CCC(=O)N5)c(OC)n4)c3Cl)c2Cl)cnc1CNCC[C@H]1CCCO1
10	mol241	-13.97	COc1nc(-c2cccc(-c3cccc(-c4cnc(-c5cncnc5)c(OC)n4)c3Cl)c2Cl)cnc1CNC[C@H]1CCC(=O)N1
10	mol390	-13.21	COc1nc(-c2cccc(-c3cccc(-c4cnc(CNC[C@]5(C)CNC(=O)C5)c(OC)c4Cl)c3Cl)c2Cl)cnc1CNC[C@H]1CCCO1
10	mol222	-12.65	COc1nc(-c2cccc(-c3cccc(-c4cnc(CNC[C@@H]5CCC(=O)N5)c(OC)n4)c3Cl)c2Cl)cnc1CNCC[C@H]1CCCO1
10	mol365	-12.57	COc1nc(-c2cccc(-c3cccc(-c4cnc(CNC[C@@H]5CCC(=O)N5)c(OC)n4)c3Cl)c2Cl)cnc1CNCC[C@H]1CCCO1
10	mol492	-12.71	COc1nc(-c2cccc(-c3cccc(-c4cnc(CNC[C@@H]5CCC(=O)N5)c(OC)n4)c3Cl)c2Cl)cnc1CNCC[C@H]1CCCO1
10	mol24	-12.77	Clc1ncccc1-c1cccc(-c2cccc(-n3nccn3)c2Cl)c1Cl
10	mol471	-13.12	COc1nc(-c2cccc(-c3cccc(-c4cnc(OC[C@@H]5CCOC5)c(OC)n4)c3Cl)c2Cl)cnc1CNC[C@@H]1CCC(=O)NC1
10	mol380	-12.31	COc1nc(-c2cccc(-c3cccc(-c4cnc(OCCCCNCC[C@H]5CCCO5)c(OC)n4)c3Cl)c2Cl)cnc1CNC[C@H]1CCC(=O)N1
10	mol319	-12.91	COc1nc(-c2cccc(-c3cccc(-c4cnc(OCCN[C@H]5CCCO5)c(OC)n4)c3Cl)c2Cl)cnc1CNC[C@@H]1CCC(=O)N1
10	mol270	-13.1	COc1nc(-c2cccc(-c3cccc(-c4cnc(N)nc4Cl)c3Cl)c2Cl)cnc1NCC[C@H]1CCCO1
10	mol276	-12.11	O=C1CC[C@H](CNCc2ncc(-c3nccc(-c4cccc(-c5cn(CCO)cn5)c4Cl)c3Cl)c(Cl)c2OC2CC2)N1
10	mol112	-12.54	COc1nc(-c2cccc(-c3cccc(-c4cnc(CNC[C@@H]5CCC(=O)N5)c(OC)n4)c3Cl)c2Cl)cnc1CNCC[C@H]1CCCO1
10	mol374	-13.32	COc1nc(-c2cccc(-c3cccc(-c4cnc(C[C@@H]5CCC(=O)N5)c(OC)n4)c3Cl)c2Cl)cnc1CNCC[C@@H]1CCCO1
10	mol336	-13.33	COc1nc(-c2cccc(-c3cccc(-c4cnc(CN[C@H]5CCC(=O)N5)c(OC)n4)c3Cl)c2Cl)cnc1CNCC[C@H]1CCCO1
10	mol261	-13.13	COc1nc(-c2cccc(-c3cccc(-c4cnc(CNC[C@H]5CCCO5)c(OC)n4)c3Cl)c2Cl)cnc1CNC[C@H]1CCC(=O)N1
10	mol237	-12.76	COc1nc(-c2cccc(-c3cccc(-c4cnc(OCCC[C@H]5CCOC5)c(OC)n4)c3Cl)c2Cl)cnc1CNC[C@H]1CCC(=O)N1
10	mol67	-13.41	COc1nc(-c2cccc(-c3cccc(-c4cnc(CN[C@H]5CCC(=O)N5)c(OC)n4)c3Cl)c2Cl)cnc1CNCC[C@H]1CCCO1
10	mol338	-12.66	COc1nc(-c2cccc(-c3cccc(-c4cnc(CNC[C@@H]5CCC(=O)N5)c(OC)n4)c3Cl)c2Cl)cnc1CNCC[C@H]1CCCO1
10	mol94	-12.06	CO/C1=N/C(c2cccc(-c3cccc(-c4cnc(CNC[C@@H]5CCC(=O)N(C)C5)c(OC)c4Cl)c3Cl)c2Cl)=N\C2=C(/OCCCn3cnc(C)n3)CCOCC[C@H]1CCNC2
10	mol385	-12.93	COc1nc(-c2cccc(-c3cccc(-c4cnc(OCCC[C@H]5CCCO5)c(OC)n4)c3Cl)c2Cl)cnc1CNC[C@H]1CCC(=O)N(C)C1
10	mol14	-12.72	COc1nc(-c2cccc(-c3cccc(-c4cnc(CNC[C@@H]5CCC(=O)N5)c(OC)n4)c3Cl)c2Cl)cnc1CNCC[C@H]1CCCO1
10	mol53	-13.16	COc1nc(-c2cccc(-c3cccc(-c4cnc(CNC[C@H]5CCCO5)c(OC)n4)c3Cl)c2Cl)cnc1CNC[C@H]1CCC(=O)N1
10	mol236	-13.2	COc1nc(-c2cccc(-c3cccc(-c4cnc(Cl)c(OC[C@H]5CCC(=O)N5)c4Cl)c3Cl)c2Cl)cnc1CNCC[C@H]1CCCO1
10	mol179	-13.1	COc1nc(-c2cccc(-c3cccc(-c4cnc(CNC[C@H]5CCC(=O)NC5)c(OC)n4)c3Cl)c2Cl)cnc1CNCC[C@H]1CCCO1
10	mol100	-12.58	COc1nc(-c2cccc(-c3cccc(-c4cnc(CNC[C@@H]5CCC(=O)N5)c(OC)n4)c3Cl)c2Cl)cnc1CNCC[C@H]1CCCO1
10	mol132	-13.02	COc1nc(-c2cccc(-c3cccc(-c4cncc(CNCC5CC5)c4)c3Cl)c2Cl)cnc1CNCC[C@@H]1CCCO1
10	mol295	-12.61	COc1nc(-c2cccc(-c3cccc(-c4cnc(OCCC[NH+]5CCCC5)c(OC)n4)c3Cl)c2Cl)cnc1CNC[C@H]1CCC(=O)N1
10	mol20	-12.94	COc1nc(-c2cccc(-c3cccc(-c4cnc(OCC[C@H]5CCCO5)c(OC)n4)c3Cl)c2Cl)cnc1CNC[C@H]1CCC(=O)N1
10	mol345	-12.58	COc1nc(-c2cccc(-c3cccc(-c4cnc(OC[C@@H]5CCCO5)c(OC)n4)c3Cl)c2Cl)cnc1CNC[C@@H]1CCC(=O)N1
10	mol313	-13.37	COc1nccc(-c2cccc(-c3cccc(-c4cnc(CNC[C@@H]5CCC(=O)N5)c(OC)n4)c3Cl)c2Cl)n1
10	mol335	-13.04	COc1nc(-c2cccc(-c3cccc(-c4cnc(OC[C@H]5CCOC5)c(OC)n4)c3Cl)c2Cl)cnc1CNC[C@H]1CCC(=O)N1
10	mol207	-12.7	COc1nc(-c2cccc(-c3cccc(-c4cnc(CNC[C@@H]5CCC(=O)N5)c(OC)n4)c3Cl)c2Cl)cnc1CNCC[C@H]1CCCO1
10	mol427	-12.64	COc1nc(-c2cccc(-c3cccc(-c4cnc(CNC[C@@H]5CCC(=O)N5)c(OC)n4)c3Cl)c2Cl)cnc1CNCC[C@H]1CCCO1
10	mol61	-13.29	COc1cc(-c2cccc(-c3cccc(-c4cnc(CNCC[C@H]5CCCO5)c(OC)n4)c3Cl)c2Cl)cnc1CNC[C@H]1CCC(=O)N1
10	mol209	-12.66	COc1nc(-c2cccc(-c3cccc(-c4cnc(CNC[C@H]5CCC(=O)N5)c(OC)n4)c3Cl)c2Cl)cnc1CNCCC[C@H]1CCCO1
10	mol128	-13.22	COc1nc(-c2cccc(-c3cccc(-c4cnc(CN[C@H]5CCC(=O)N5)c(OC)n4)c3Cl)c2Cl)cnc1CNCC[C@H]1CCCO1
10	mol272	-12.64	CO/C1=N/C(c2cccc(-c3cccc(-c4cnc(CNC[C@H]5CCC(=O)N5)c(OC)n4)c3Cl)c2Cl)=N\C2=N/CNCCC[C@H]1CCCCNCCCCO2
10	mol377	-13.18	COc1cnc(-c2cccc(-c3cccc(-c4cnc(CNC[C@@H]5CCC(=O)N(C)C5)nc4)c3Cl)c2Cl)cn1
10	mol337	-13.1	COc1nc(-c2cccc(-c3cccc(-c4cnc(CN[C@H]5CCC(=O)N5)c(OC)n4)c3Cl)c2Cl)cnc1CNCC[C@H]1CCCO1
10	mol60	-13.35	COc1nc(-c2cccc(-c3cccc(-c4cnc(CN[C@H]5CCC(=O)N5)c(OC)n4)c3Cl)c2Cl)cnc1CNCC[C@H]1CCCO1
10	mol169	-12.56	O=C1CC[C@H](CNCc2ccc(-c3cccc(-c4cccc(OCCCNCc5cnc(OCCCn6cncn6)cn5)c4Cl)c3Cl)c(Cl)c2Cl)N1
10	mol50	-13.17	COc1ncnc(-c2cccc(-c3cccc(-c4cnc(CNC[C@H]5CCC(=O)N5)c(OC)n4)c3Cl)c2Cl)n1
10	mol240	-12.75	COc1nc(-c2cccc(-c3cccc(-c4cnc(CNC[C@@H]5CCC(=O)N5)c(OC)n4)c3Cl)c2Cl)cnc1CNCC[C@H]1CCCO1
10	mol445	-12.9	COc1nc(-c2cccc(-c3cccc(-c4cnc(CNC[C@H]5CCC(=O)NC5)c(OC)n4)c3Cl)c2Cl)cnc1CNCC[C@H]1CCCO1
10	mol327	-12.55	COc1nc(-c2cccc(-c3cccc(-c4cnc(CNC[C@@H]5CCC(=O)N5)c(OC)n4)c3Cl)c2Cl)cnc1CNCC[C@H]1CCCO1
10	mol325	-12.61	COc1nc(-c2cccc(-c3cccc(-c4cnc(CNC[C@@H]5CCC(=O)N5)c(OC)n4)c3Cl)c2Cl)cnc1CNCC[C@H]1CCCO1
10	mol111	-13.3	COc1nc(-c2cccc(-c3cccc(-c4cnc(CN[C@H]5CCC(=O)N5)c(OC)n4)c3Cl)c2Cl)cnc1CNCC[C@H]1CCCO1
10	mol136	-12.66	COc1nc(-c2cccc(-c3cccc(-c4cnc(CNC[C@@H]5CCC(=O)N5)c(OC)n4)c3Cl)c2Cl)cnc1CNCC[C@H]1CCCO1
10	mol62	-13.06	COc1nc(-c2cccc(-c3cccc(-c4cnc(NCC[C@H]5CCCO5)c(OC)n4)c3Cl)c2Cl)cnc1CNC[C@H]1CCC(=O)N1
10	mol16	-13.38	COc1nccc(-c2cccc(-c3cccc(-c4cnc(CNC[C@@H]5CCC(=O)N5)c(OC)n4)c3Cl)c2Cl)n1
10	mol340	-12.5	COc1nc(-c2cccc(-c3cccc(-c4cnc(CNC[C@@H]5CCC(=O)N5)c(OC)n4)c3Cl)c2Cl)cnc1CNCC[C@H]1CCCO1
10	mol244	-14.03	O=C1CC[C@H](CNCc2ncc(-c3cccc(-c4cccc(-c5cnnc(O)c5)c4Cl)c3Cl)c(Cl)c2OC[C@@H]2CCC(=O)N2)N1
10	mol252	-12.63	COc1nc(-c2cccc(-c3cccc(-c4cnc(CNC[C@@H]5CCC(=O)N5)c(OC)n4)c3Cl)c2Cl)cnc1CNCC[C@H]1CCCO1
10	mol168	-13.85	COc1nc(-c2cccc(-c3cccc(-c4cnc(-c5cnn(C)c5)c(OC)n4)c3Cl)c2Cl)cnc1CNC[C@@H]1CCC(=O)N1
10	mol49	-12.57	COc1nc(-c2cccc(-c3cccc(-c4cnc(CNC[C@@H]5CCC(=O)N5)c(OC)n4)c3Cl)c2Cl)cnc1CNCC[C@H]1CCCO1
10	mol449	-12.43	COc1nc(-c2cccc(-c3cccc(-c4cnc(CNC[C@@H]5CCC(=O)N5)c(OC)n4)c3Cl)c2Cl)cnc1CNCC[C@H]1CCCO1
10	mol283	-13.21	COc1ncc(-c2cccc(-c3cccc(-c4cnc(CNC[C@H]5CCC(=O)N5)c(OC)n4)c3Cl)c2Cl)nn1
10	mol188	-12.47	COc1nc(-c2cccc(-c3cccc(-c4cnc(CNC[C@@H]5CCC(=O)N5)c(OC)n4)c3Cl)c2Cl)cnc1CNCC[C@H]1CCCO1
10	mol350	-12.59	COc1nc(-c2cccc(-c3cccc(-c4cnc(CNC5CCOCC5)c(OC)n4)c3Cl)c2Cl)cnc1CNCC[C@@H]1CCCO1
10	mol304	-12.68	COc1nc(-c2cccc(-c3cccc(-c4cnc(CNC[C@@H]5CCC(=O)N5)c(OC)n4)c3Cl)c2Cl)cnc1CNCC[C@H]1CCCO1
10	mol70	-12.95	COc1cc(-c2cccc(-c3cccc(-c4cnc(CNC[C@@H]5COC(=O)C5)c(OC)n4)c3Cl)c2Cl)cc(OC)n1
10	mol242	-12.68	COc1nc(-c2cccc(-c3cccc(-c4cnc(CNC[C@@H]5CCC(=O)N5)c(OC)n4)c3Cl)c2Cl)cnc1CNCC[C@H]1CCCO1
10	mol421	-12.61	COc1nc(-c2cccc(-c3cccc(-c4cnc(CNC[C@@H]5CCC(=O)N5)c(OC)n4)c3Cl)c2Cl)cnc1CNCC[C@H]1CCCO1
10	mol297	-12.62	COc1nc(-c2cccc(-c3cccc(-c4cnc(CNC[C@@H]5CCC(=O)N5)c(OC)n4)c3Cl)c2Cl)cnc1CNCC[C@H]1CCCO1
10	mol419	-12.6	COc1nc(-c2cccc(-c3cccc(-c4cnc(CNC[C@@H]5CCC(=O)N5)c(OC)n4)c3Cl)c2Cl)cnc1CNCC[C@H]1CCCO1
10	mol29	-13.01	COc1nc(-c2cccc(-c3cccc(-c4cccc(CNC[C@@H]5CCC(=O)N5)c4Cl)c3Cl)c2Cl)cnc1CNCC[C@@H]1CCCO1
10	mol194	-12.58	COc1nc(-c2cccc(-c3cccc(-c4cnc(CNC[C@@H]5CCC(=O)N5)c(OC)n4)c3Cl)c2Cl)cnc1CNCC[C@H]1CCCO1
10	mol438	-12.56	COc1nc(-c2cccc(-c3cccc(-c4cnc(CNC[C@@H]5CCC(=O)N5)c(OC)n4)c3Cl)c2Cl)cnc1CNCC[C@H]1CCCO1
10	mol146	-13.3	COc1nc(-c2cccc(-c3cccc(-c4cnc(CN[C@H]5CCC(=O)N5)c(OC)n4)c3Cl)c2Cl)cnc1CNCC[C@H]1CCCO1
10	mol412	-12.56	COc1nncc(-c2ccc(-c3cccc(-c4cnc(CNC[C@H]5CCC(=O)N5)c(OC)n4)c3Cl)c(Cl)c2Cl)n1
10	mol233	-13.24	COc1nc(-c2cccc(-c3cccc(-c4cnc(OC[C@@H]5CCCO5)c(OC)n4)c3Cl)c2Cl)ncc1CNC[C@@H]1CCC(=O)N1
10	mol19	-13.54	OCCn1cnc(-c2cccc(-c3cccc(-c4ncc(CNCC5CCC(O)(O)CC5)c(OCC5CCC5)n4)c3Cl)c2Cl)c1
10	mol478	-12.28	COc1nc(-c2cccc(-c3cccc(-c4cnc(OCCCCNCC[C@H]5CCCO5)c(OC)n4)c3Cl)c2Cl)cnc1CNC[C@H]1CCC(=O)N1
10	mol318	-13.13	COc1nncc(-c2cccc(-c3cccc(-c4cnc(CNC[C@@H]5CCC(=O)N5)c(OC)n4)c3Cl)c2Cl)n1
10	mol28	-13.13	COc1ncnc(-c2cccc(-c3cccc(-c4cnc(CNC[C@H]5CCC(=O)N5)c(OC)n4)c3Cl)c2Cl)n1
10	mol250	-13.26	CCOc1nc(-c2cccc(-c3cccc(-c4cnc(CNC[C@H]5CCC(=O)N5)c(OC)c4Cl)c3Cl)c2Cl)cnc1CNCC[C@@H]1CCCO1
10	mol253	-13.56	COc1nc(-c2cccc(-c3cccc(-c4cnc(OC[C@H]5CCCO5)c(OC)n4)c3Cl)c2Cl)cnc1CNC[C@@H]1CCC(=O)NC1
10	mol344	-12.58	COc1nc(-c2cccc(-c3cccc(-c4cnc(CNC[C@@H]5CCC(=O)N5)c(OC)n4)c3Cl)c2Cl)cnc1CNCC[C@H]1CCCO1
10	mol65	-12.55	COc1nc(-c2cccc(-c3cccc(-c4cnc(OCC(C)C)c(OC)n4)c3Cl)c2Cl)cnc1CNC[C@@H]1CCC(=O)N1
10	mol195	-13.3	COc1nc(-c2cccc(-c3cccc(-c4cnc(CNC[C@@H]5CCCO5)c(OC)n4)c3Cl)c2Cl)cnc1CNC[C@H]1CCC(=O)NC1
10	mol148	-12.99	COc1nc(-c2cccc(-c3cccc(-c4cnc(OC[C@@H]5CCOC5)c(OC)n4)c3Cl)c2Cl)cnc1CN[C@H]1CCC(=O)N1
10	mol115	-12.33	COc1nc(-c2cccc(-c3cccc(-c4cnc(OCCCNCC[C@@H]5CCCO5)c(OC)n4)c3Cl)c2Cl)cnc1CNC[C@H]1CCC(=O)N1
10	mol91	-12.53	COc1nc(-c2cccc(-c3cccc(-c4cnc(CNC[C@@H]5CCC(=O)N5)c(OC)n4)c3Cl)c2Cl)cnc1CNCC[C@H]1CCCO1
10	mol204	-13.32	COc1ncc(-c2cccc(-c3cccc(-c4cnc(CNC[C@@H]5CCC(=O)N5)c(OC)n4)c3Cl)c2Cl)cn1
10	mol360	-12.56	COc1nc(-c2cccc(-c3cccc(-c4cnc(CNC[C@@H]5CCC(=O)N5)c(OC)n4)c3Cl)c2Cl)cnc1CNCC[C@H]1CCCO1
10	mol249	-13.05	COc1nc(-c2cccc(-c3cccc(-c4cnc(CNC[C@H]5CCC(=O)N5)c(OC)n4)c3Cl)c2Cl)cnc1CNCCC1CC1
10	mol88	-13.04	COc1nc(-c2cccc(-c3cccc(-c4cnc(CNC[C@H]5CCC(=O)NC5)c(OC)n4)c3Cl)c2Cl)cnc1CNCC[C@H]1CCCO1
10	mol404	-13.47	COc1nc(-c2cccc(-c3cccc(-c4cccc(CNC[C@H]5CCC(=O)N5)c4Cl)c3Cl)c2Cl)cnc1OCC[C@H]1CCCO1
10	mol274	-12.42	COc1nc(-c2cccc(-c3cccc(-c4cnc(OC[C@@H]5CCCO5)c(OC)n4)c3Cl)c2Cl)cnc1CNC[C@@H]1CCC(=O)N1
10	mol450	-12.6	COc1nc(-c2cccc(-c3cccc(-c4cnc(CNC[C@@H]5CCC(=O)N5)c(OC)n4)c3Cl)c2Cl)cnc1CNCC[C@H]1CCCO1
10	mol434	-12.66	COc1nc(-c2cccc(-c3cccc(-c4cnc(CNC[C@@H]5CCC(=O)N5)c(OC)n4)c3Cl)c2Cl)cnc1CNCC[C@H]1CCCO1
10	mol96	-12.4	COc1nc(-c2cccc(-c3cccc(-c4cnc(CNC[C@@H]5CCC(=O)N5)c(OC)n4)c3Cl)c2Cl)cnc1CNCC[C@H]1CCCO1
10	mol452	-12.9	COc1nc(-c2cccc(-c3cccc(-c4cnc(OCC[C@H]5CCCO5)c(OC)n4)c3Cl)c2Cl)nnc1CN[C@H]1CCC(=O)N(C)C1
10	mol482	-12.5	CCOc1nc(-c2cccc(-c3cccc(-c4cnc(CNC[C@H]5CCC(=O)N5)c(OC)n4)c3Cl)c2Cl)cnc1CNCC[C@@H]1CCCO1
10	mol323	-13.19	COc1nc(-c2cccc(-c3cccc(-c4cnc(CNC[C@@H]5CCC(=O)N5)c(OC)n4)c3Cl)c2Cl)cnc1CNCC[C@H]1CCCOC1
10	mol278	-12.28	COc1ncc(-c2cccc(-c3ccc(-c4cnc(CN[C@@H]5CCC(=O)N5)c(OC)n4)c(Cl)c3Cl)c2Cl)cn1
10	mol410	-14.42	Oc1nc(Oc2cccc(-c3cccc(-c4ccccn4)n3)c2)nc(-c2ccc(-c3ccccc3Cl)cc2Cl)n1
10	mol458	-13.44	COc1nc(-c2cccc(-c3cccc(-c4cnc(CN[C@H]5CCC(=O)N5)c(OC)n4)c3Cl)c2Cl)cnc1CNCC[C@H]1CCCO1
10	mol37	-13.37	COc1cc(-c2cccc(-c3cccc(-c4cnc(CNCCC5CCCCC5)c(OC)n4)c3Cl)c2Cl)cnc1CNC[C@@H]1CCC(=O)N1
10	mol157	-12.67	COc1nc(-c2cccc(-c3cccc(-c4cnc(CNC[C@@H]5CCC(=O)N5)c(OC)n4)c3Cl)c2Cl)cnc1CNCC[C@H]1CCCO1
10	mol76	-13.14	COc1nc(-c2cccc(-c3cccc(-c4cnc(CNC[C@@H]5CCC(=O)N5)c(OC)n4)c3Cl)c2Cl)cnc1CNC[C@@H]1CCOC1
10	mol266	-12.52	COc1nc(-c2cccc(-c3cccc(-c4cnc(OC[C@@H]5CCCO5)c(OC)n4)c3Cl)c2Cl)cnc1CNC[C@@H]1CCC(=O)N1
10	mol78	-13.55	Cc1ncc(-c2cccc(-c3cccc(-c4cnc(CNC[C@@H]5CCC(=O)N5)c(O)n4)c3Cl)c2Cl)cn1
10	mol152	-12.58	COc1nc(-c2cccc(-c3cccc(-c4cnc(CNC[C@@H]5CCC(=O)N5)c(OC)n4)c3Cl)c2Cl)cnc1CNCC[C@H]1CCCO1
10	mol228	-12.59	COc1nc(-c2cccc(-c3cccc(-c4cnc(CNC[C@@H]5CCC(=O)N5)c(OC)n4)c3Cl)c2Cl)cnc1CNCC[C@H]1CCCO1
10	mol429	-12.71	COc1nc(-c2cccc(-c3cccc(-c4cnc(CNC[C@@H]5CCC(=O)N5)c(OC)n4)c3Cl)c2Cl)cnc1CNCC[C@H]1CCCO1
10	mol307	-12.94	COc1nc(-c2cccc(-c3cccc(-c4cnc(CNC[C@@H]5CCC(=O)NC5)nc4)c3Cl)c2Cl)cnc1CNCC[C@@H]1CCCO1
10	mol416	-12.75	COc1nc(-c2cccc(-c3cccc(-c4cnc(OCCC[C@@H]5CCCO5)c(OC)n4)c3Cl)c2Cl)cnc1CNC[C@H]1CCC(=O)N1
10	mol282	-12.71	COc1nc(-c2cccc(-c3cccc(-c4cnc(CNC[C@@H]5CCC(=O)N5)c(OC)n4)c3Cl)c2Cl)cnc1CNCC[C@H]1CCCO1
10	mol433	-12.22	COc1nc(COc2cccc(-c3cccc(-c4cnc(CNCC[C@@H]5CCCO5)c(OC)n4)c3Cl)c2Cl)cnc1CNC[C@H]1CCC(=O)N1
10	mol215	-12.72	COc1nc(-c2cccc(-c3cccc(-c4cnc(CNC[C@@H]5CCC(=O)N5)c(OC)n4)c3Cl)c2Cl)cnc1CNCC[C@H]1CCCO1
10	mol398	-13.19	COc1nc(-c2cccc(-c3cccc(-c4cccc(CNC[C@@H]5CCC(=O)N5)c4Cl)c3Cl)c2Cl)cnc1NCC[C@H]1CCCO1
10	mol34	-12.55	COc1ncc(-c2cccc(-c3cccc(-c4cnc(-c5cnc(CNCCCNC(C)=O)c(OC)n5)c(OC)n4)c3Cl)c2Cl)cn1
10	mol291	-12.18	COc1nc(-c2cccc(-c3cnc(CNC[C@@H]4CCCO4)c(OC)n3)c2Cl)ccc1-c1cnc(CNC[C@H]2CCC(=O)N2)c(OC)n1
10	mol475	-13.05	COc1nc(-c2cccc(-c3cccc(-c4cnc(CNC[C@H]5CCCO5)c(OC)n4)c3Cl)c2Cl)cnc1CNC[C@H]1CCC(=O)N1
10	mol213	-13.02	O[C@H]1CC[C@@H](CNCc2cnc(-c3cccc(-c4cccc(-c5cnccn5)c4Cl)c3Cl)cn2)CC1
10	mol448	-12.63	COc1nc(-c2cccc(-c3cccc(-c4cncnc4)c3Cl)c2Cl)cnc1CNCC[C@H]1CCCO1
10	mol418	-12.97	COc1nc(-c2cccc(-c3cccc(-c4cnc(NCC[C@H]5CCOC5)c(OC)n4)c3Cl)c2Cl)cnc1CNC[C@H]1CCC(=O)N1
10	mol40	-12.87	O=C1CC[C@H](Cc2cnc(-c3cccc(-c4cccc(C5=CN(CCOCCO)CC(O)=N5)c4Cl)c3Cl)nc2OC[C@@H]2CC[C@@H](O)C2)N1
10	mol223	-12.5	COc1nc(-c2cccc(-c3cccc(-c4cnc(OC[C@@H]5CCCO5)c(OC)n4)c3Cl)c2Cl)cnc1CNC[C@@H]1CCC(=O)N1
10	mol101	-13.14	COc1nc(-c2cccc(-c3cccc(-c4cnc(OC[C@H]5CCCO5)c(OC)n4)c3Cl)c2Cl)cnc1CN[C@@H]1CCCNC1
10	mol36	-12.01	COc1cc(-c2cccc(-c3ccc(-c4cnc(CNCC[C@@H]5CCCO5)c(OC)n4)nc3)c2Cl)cnc1CNC[C@@H]1CCC(=O)N1
10	mol491	-12.98	COc1nc(-c2cccc(-c3cccc(-c4cnc(NCC[C@H]5CCCO5)c(OC)n4)c3Cl)c2Cl)cnc1CNC[C@H]1CCC(=O)N1
10	mol144	-13.34	OCCn1cnc(-c2cccc(-c3cccc(-c4cnc(CN[C@H]5CC[C@@H](O)CC5)c(Cl)n4)c3Cl)c2Cl)c1
10	mol308	-13.35	COc1nc(-c2cccc(-c3cccc(-c4cnc(CN[C@H]5CCC(=O)N5)c(OC)n4)c3Cl)c2Cl)cnc1CNCC[C@H]1CCCO1
10	mol480	-12.51	COc1nc(-c2cccc(-c3cccc(-c4cnc(CNC[C@@H]5CCC(=O)N5)c(OC)n4)c3Cl)c2Cl)cnc1CNCC[C@H]1CCCO1
10	mol56	-12.65	COc1nc(-c2cccc(-c3cccc(-c4cnc(CNCC[C@@H]5CCCO5)c(OC)n4)c3Cl)c2)cnc1CNC[C@@H]1CCC(=O)N1
10	mol275	-13.27	COc1nc(-c2cccc(-c3cccc(-c4cnc(NC[C@@H]5CCC(=O)N5)c(OC)n4)c3Cl)c2Cl)cnc1CNC[C@@H]1CCOC1
10	mol80	-12.66	COc1nc(-c2cccc(-c3cccc(-c4cnc(CNC[C@@H]5CCC(=O)N5)c(OC)n4)c3Cl)c2Cl)cnc1CNCC[C@H]1CCCO1
10	mol167	-12.48	COc1nc(-c2cccc(-c3cccc(-c4cnc(CNC[C@@H]5CCC(=O)N5)c(OC)n4)c3Cl)c2Cl)cnc1CNCC[C@H]1CCCO1
10	mol54	-12.57	COc1nc(-c2cccc(-c3cccc(-c4cnc(OC[C@@H]5CCCO5)c(OC)n4)c3Cl)c2Cl)cnc1CNC[C@@H]1CCC(=O)N1
10	mol118	-12.67	COc1nc(-c2cccc(-c3cccc(-c4cnc(CNC[C@@H]5CCC(=O)N5)c(OC)n4)c3Cl)c2Cl)cnc1CNCC[C@H]1CCCO1
10	mol247	-12.76	COc1nc(-c2cccc(-c3cccc(-c4cnc(CNCC[C@H]5CCCO5)c(OC)n4)c3Cl)c2Cl)cnc1CCNC[C@@H]1CCC(=O)N1
10	mol200	-12.5	COc1nc(-c2cccc(-c3cccc(-c4cnc(CNC[C@@H]5CCC(=O)N5)c(OC)n4)c3Cl)c2Cl)cnc1CNCC[C@H]1CCCO1
10	mol72	-12.58	COc1nc(-c2cccc(-c3cccc(-c4cnc(CNC[C@@H]5CCC(=O)N5)c(OC)n4)c3Cl)c2Cl)cnc1CNCC[C@H]1CCCO1
10	mol245	-12.66	COc1nc(-c2cccc(-c3cccc(-c4cnc(CNC[C@@H]5CCC(=O)N5)c(OC)n4)c3Cl)c2Cl)cnc1CNCC[C@H]1CCCO1
10	mol329	-13.15	COc1nc(-c2cccc(-c3cccc(-c4cnc(CNC[C@H]5CCC(=O)N(C)C5)c(OC)n4)c3Cl)c2Cl)cnc1CNCC[C@@H]1CCCO1
10	mol271	-13.23	COc1nc(-c2cccc(-c3cccc(-c4cnc(CN[C@H]5CCC(=O)N5)c(OC)n4)c3Cl)c2Cl)cnc1CNCC[C@H]1CCCO1
10	mol231	-12.53	COc1nc(-c2cccc(-c3cccc(-c4cnc(CNC[C@@H]5CCC(=O)N5)c(OC)n4)c3Cl)c2Cl)cnc1CNCC[C@H]1CCCO1
10	mol469	-12.73	COc1nc(-c2cccc(-c3cccc(-c4cnc(CNC[C@@H]5CCC(=O)N5)c(OC)n4)c3Cl)c2Cl)cnc1CNCC[C@H]1CCCO1
10	mol258	-13.2	COc1nc(-c2cccc(-c3cccc(-c4cnc(CNCC[C@@H]5CCCO5)c(OC)n4)c3Cl)c2Cl)ncc1[C@H]1CCC(=O)N1
10	mol370	-12.64	COc1nc(-c2cccc(-c3cccc(-c4cnc(CNC[C@@H]5CCC(=O)N5)c(OC)n4)c3Cl)c2Cl)cnc1CNCC[C@H]1CCCO1
10	mol303	-13.72	COc1nc(-c2cccc(-c3cccc(-c4cccc(CNC[C@H]5CCC(=O)N5C)c4Cl)c3Cl)c2Cl)cnc1NC[C@H]1CCCO1
10	mol177	-13.41	COc1cc(-c2cccc(-c3cccc(-c4cnc(CNCC[C@H]5CCCO5)c(OC)n4)c3Cl)c2Cl)cnc1CNC[C@H]1CCC(=O)N1
10	mol499	-13.21	COc1ncnc(-c2cccc(-c3cccc(-c4ncc(CNC[C@@H]5CCC(=O)N5)c(OC)n4)c3Cl)c2Cl)n1
10	mol212	-12.12	COc1ncn(-c2cccc(-c3cccc(-c4cnc(CNC[C@@H]5CCC(=O)N5)c(OC)n4)c3Cl)n2)n1
10	mol234	-13.38	COc1nccc(-c2cccc(-c3cccc(-c4cnc(CNC[C@@H]5CCC(=O)N5)c(OC)n4)c3Cl)c2Cl)n1
10	mol293	-12.48	COc1nc(-c2cccc(-c3cccc(-c4cnc(CNC[C@@H]5CCC(=O)N5)c(OC)n4)c3Cl)c2Cl)cnc1CNCC[C@H]1CCCO1
10	mol145	-12.85	COc1nc(-c2cccc(-c3cccc(-c4ccccn4)c3Cl)c2Cl)cnc1CNCC[C@H]1CCCO1
10	mol105	-13.04	COc1nc(-c2cccc(-c3cccc(-c4cnc(OCC[C@H]5CCCO5)c(OC)n4)c3Cl)c2Cl)cnc1CNC[C@H]1CCC(=O)N1
10	mol232	-12.52	COc1nc(-c2cccc(-c3cccc(-c4cnc(CNC[C@@H]5CCC(=O)N5)c(OC)n4)c3Cl)c2Cl)cnc1CNCC[C@H]1CCCO1
10	mol435	-12.59	COc1nc(-c2cccc(-c3cccc(-c4cnc(CNC[C@@H]5CCC(=O)N5)c(OC)n4)c3Cl)c2Cl)cnc1CNCC[C@H]1CCCO1
10	mol495	-12.65	COc1nc(-c2cccc(-c3cccc(-c4cnc(CNC[C@@H]5CCC(=O)N5)c(OC)n4)c3Cl)c2Cl)cnc1CNCC[C@H]1CCCO1
10	mol353	-12.5	COc1nc(-c2cccc(-c3cccc(-c4cnc(CNC[C@@H]5CCC(=O)N5)c(OC)n4)c3Cl)c2Cl)cnc1CNCC[C@H]1CCCO1
10	mol57	-13.46	COc1nc(-c2cccc(-c3cccc(-c4cnc(CN[C@H]5CCC(=O)N5)c(OC)n4)c3Cl)c2Cl)cnc1CNCC[C@H]1CCCO1
10	mol366	-13.52	COc1nc(-c2cccc(-c3cccc(-c4cnc(CN[C@H]5CCC(=O)O5)c(OC)n4)c3Cl)c2Cl)cnc1CNCC[C@H]1CCCO1
10	mol403	-12.67	COc1nc(-c2cccc(-c3cccc(-c4cnc(CNC[C@@H]5CCC(=O)N5)c(OC)n4)c3Cl)c2Cl)cnc1CNCC[C@H]1CCCO1
10	mol140	-13.33	COc1nc(-c2cccc(-c3cccc(-c4cnc(NC[C@@H]5CCCO5)c(OC)n4)c3Cl)c2Cl)cnc1CNC[C@@H]1CCC(=O)N1
10	mol162	-12.62	COc1nc(-c2cccc(-c3cccc(-c4cnc(CNC[C@@H]5CCC(=O)N5)c(OC)n4)c3Cl)c2Cl)cnc1CNCC[C@H]1CCCO1
10	mol402	-13.28	COc1nc(-c2cccc(-c3cccc(-c4cnc(CNCC[C@H]5CCCO5)c(OC)n4)c3Cl)c2Cl)ncc1CNC[C@@H]1CCC(=O)N1
10	mol95	-13.24	COc1nc(-c2cccc(-c3cccc(-c4cnn(C[C@H]5CCCO5)c4OC)c3Cl)c2Cl)cnc1CNC[C@H]1CCC(=O)N1
10	mol381	-12.57	COc1nc(-c2cccc(-c3cccc(-c4cnc(CNC[C@@H]5CCC(=O)N5)c(OC)n4)c3Cl)c2Cl)cnc1CNCC[C@H]1CCCO1
10	mol164	-12.91	COc1nc(-c2cccc(-c3cccc(-c4cnc(OCC[C@H]5CCCO5)c(OC)n4)c3Cl)c2Cl)cnc1CNC[C@H]1CCC(=O)N1
10	mol457	-12.29	COc1nc(-c2cccc(-c3cccc(-c4cnc(OCCNCC[C@H]5CCCO5)c(OC)n4)c3Cl)c2Cl)cnc1CNC[C@@H]1CCC(=O)N1
10	mol355	-13.1	COc1nc(-c2cccc(-c3cccc(-c4cnc(OCCC[C@@H]5CCCO5)c(OC)n4)c3Cl)c2Cl)cnc1CNC[C@H]1CCC(=O)NC1
10	mol171	-12.63	COc1nc(-c2cccc(-c3cccc(-c4cnc(CNC[C@@H]5CCC(=O)N5)c(OC)n4)c3Cl)c2Cl)cnc1CNCC[C@H]1CCCO1
10	mol190	-13.13	COc1nc(-c2cccc(-c3cccc(-c4cnc(CNC[C@H]5CCC(=O)N(C)C5)c(OC)n4)c3Cl)c2Cl)cnc1CNCC[C@@H]1CCCO1
10	mol361	-12.44	COc1nc(CNCCCO)nc(-c2cccc(-c3cccc(-c4cnc(CNC[C@H]5CCC(=O)N5)c(OC)n4)c3Cl)c2Cl)n1
10	mol322	-12.54	COc1nc(-c2cccc(-c3cccc(-c4cnc(OC[C@@H]5CCCO5)c(OC)n4)c3Cl)c2Cl)cnc1CNC[C@@H]1CCC(=O)N1
10	mol259	-12.28	COCCCOc1cc(-c2cccc(-c3cccc(-c4cnc(CNC[C@H]5CCC(=O)N5)c(OC)n4)c3Cl)c2Cl)cnn1
10	mol129	-12.59	COc1nc(-c2cccc(-c3cccc(-c4cnc(OC[C@@H]5CCCO5)c(OC)n4)c3Cl)c2Cl)cnc1CNC[C@@H]1CCC(=O)N1
10	mol44	-12.26	COc1nc(-c2cccc(-c3cccc(-c4cnc(OCCCCNCC[C@@H]5CCCO5)c(OC)n4)c3Cl)c2Cl)cnc1CN[C@@H]1CCCC(=O)N1
10	mol372	-12.38	COc1nc(-c2cccc(-c3cccc(-c4cnc(CNC[C@H]5CCC(=O)N5)c(OC)n4)c3Cl)c2Cl)cnc1CNCCNC[C@H]1CCCO1
10	mol314	-12.56	COc1nc(-c2ccc(-c3cccc(-c4cncc(CNC[C@@H]5CCC(=O)N5)c4Cl)c3Cl)cc2Cl)cnc1CNCC[C@@H]1CCCO1
10	mol453	-13.86	COc1nc(-c2cccc(-c3cccc(-c4cccc(CNC[C@H]5CCC(=O)N5)c4Cl)c3Cl)c2Cl)cnc1CNCC1CCOCC1
10	mol160	-12.6	COc1nc(-c2cccc(-c3cccc(-c4cnc(CNC[C@@H]5CCC(=O)N5)c(OC)n4)c3Cl)c2Cl)cnc1CNCC[C@H]1CCCO1
10	mol89	-12.59	COc1nc(-c2cccc(-c3cccc(-c4cnc(CNC[C@@H]5CCC(=O)N5)c(OC)n4)c3Cl)c2Cl)cnc1CNCC[C@H]1CCCO1
10	mol316	-13.18	COc1nc(-c2cccc(-c3cccc(-c4cccc(CNC[C@@H]5CCC(=O)N5)c4Cl)c3Cl)c2Cl)cnc1CNCC[C@@H]1CCCO1
10	mol77	-12.94	O=C1CC[C@@H](CNCc2ncc(-c3cccc(-c4cccc(-c5cnnc(O)n5)c4Cl)c3)cn2)CN1
10	mol229	-13.37	COc1nncc(-c2cccc(-c3cccc(-c4cnc(CN[C@@H]5CCC(=O)N5)c(OC)n4)c3Cl)c2Cl)n1
10	mol292	-12.41	COc1nc(-c2cccc(-c3nccc(-c4cnc(CNCC[C@H]5CCCO5)c(OC)n4)c3Cl)c2Cl)cnc1CNC[C@H]1CCC(=O)N1
10	mol38	-13.14	COc1nc(-c2cccc(-c3cccc(-c4cnc(CNC[C@H]5CCC(=O)N(C)C5)c(OC)n4)c3Cl)c2Cl)cnc1CNCC[C@@H]1CCCO1
10	mol359	-12.62	COc1nc(-c2cccc(-c3cccc(-c4cnc(OCCCCn5cnc(C)c5)c(OC)n4)c3Cl)c2Cl)cnc1CNC[C@H]1CCC(=O)N1
10	mol439	-13.27	CCOc1ccc(-c2cccc(-c3cccc(-c4cnc(CNC[C@@H]5CCC(=O)N5)c(OC)n4)c3Cl)c2Cl)cn1
10	mol474	-12.67	COc1nc(-c2cccc(-c3cccc(-c4cnc(CNC[C@@H]5CCC(=O)N5)c(OC)n4)c3Cl)c2Cl)cnc1CNCC[C@H]1CCCO1
10	mol117	-12.86	COc1nc(-c2cccc(-c3cccc(-c4cnc(OCCn5cncn5)c(OC)n4)c3Cl)c2Cl)cnc1CNC[C@@H]1CCC(=O)N1
10	mol294	-13.02	COc1nc(-c2cccc(-c3cccc(-c4cnc(CNC[C@H]5CCCO5)c(OC)n4)c3Cl)c2Cl)cnc1CNC[C@H]1CCC(=O)N1
10	mol227	-12.35	COc1nc(-c2cccc(-c3cccc(-c4cnc(CNC[C@@H]5CCC(=O)N5)c(OC)n4)c3Cl)c2Cl)cnc1CNCCCO
10	mol11	-13.32	COc1nc(CNCC(C)(C)O)nc(-c2cccc(-c3cccc(-c4cnc(CN[C@@H]5CCC(=O)N5)c(OC)n4)c3Cl)c2Cl)n1
10	mol139	-13.1	COc1nc(-c2cccc(-c3cccc(-c4cnc(CNC[C@H]5CCCO5)c(OC)n4)c3Cl)c2Cl)cnc1CNC[C@H]1CCC(=O)N1
10	mol110	-12.52	COc1nc(-c2cccc(-c3cccc(-c4cnc(OC[C@@H]5CCCO5)c(OC)n4)c3Cl)c2Cl)cnc1CNC[C@@H]1CCC(=O)N1
10	mol411	-12.96	COc1nc(-c2cccc(-c3cccc(-c4cnc(OCCCCn5cnc(CC(=O)O)c5)c(OC)n4)c3Cl)c2Cl)cnc1CNC[C@@H]1CCC(=O)N1
10	mol182	-12.19	CO/C1=N/C(c2cccc(-c3cccc(-c4cnc(CNC[C@@H]5CCC(=O)NC5)nc4Cl)c3Cl)c2Cl)=N/C2=N\CCOCC[C@H]1CCNCCCNC2
10	mol9	-12.51	COc1nc(-c2cccc(-c3cccc(-c4cnc(CNC[C@@H]5CCC(=O)N5)c(OC)n4)c3Cl)c2Cl)cnc1CNCC[C@H]1CCCO1
10	mol133	-12.65	COc1nc(-c2cccc(-c3cccc(-c4cnc(CNC[C@@H]5CCC(=O)N5)c(OC)n4)c3Cl)c2Cl)cnc1CNCC[C@H]1CCCO1
10	mol424	-13.18	COc1nc(-c2cccc(-c3cccc(-c4cnc(CN[C@H]5CCC(=O)N5)c(OC)n4)c3Cl)c2Cl)cnc1CNCC[C@H]1CCCO1
10	mol351	-13.68	O=C1CC[C@H](CNCc2ncc(-c3cccc(-c4cccc(Oc5ncnc(O)n5)c4Cl)c3Cl)c(Cl)c2OC[C@@H]2CCC(=O)O2)N1
10	mol208	-13.36	CCOc1nc(-c2cccc(-c3cccc(-c4cnc(CNC[C@@H]5CCC(=O)N(C)C5)c(OC)n4)c3Cl)c2Cl)cnc1CNCC[C@@H]1CCCO1
10	mol147	-12.58	COc1nc(-c2cccc(-c3cccc(-c4cnc(CNC[C@@H]5CCC(=O)N5)c(OC)n4)c3Cl)c2Cl)cnc1CNCC[C@H]1CCCO1
10	mol90	-12.1	COc1cc(-c2cccc(-c3cccc(-c4cnc(OCC[C@H]5CCCO5)c(OC)n4)c3Cl)n2)cnc1CNC[C@@H]1CCC(=O)N1
10	mol121	-12.63	COc1nc(-c2cccc(-c3cccc(-c4cnc(CNC[C@@H]5CCC(=O)N5)c(OC)n4)c3Cl)c2Cl)cnc1CNCC[C@H]1CCCO1
10	mol331	-13.39	O=C1CC[C@H](CNCc2ncc(-c3cccc(-c4cccc(-c5cnc(CNCC[C@H]6CCCO6)cn5)c4Cl)c3Cl)nc2O)N1
10	mol441	-12.96	COc1nc(-c2cccc(-c3cccc(-c4cnc(CNC[C@H]5CCC(=O)NC5)c(OC)n4)c3Cl)c2Cl)cnc1CNCC[C@H]1CCCO1
10	mol376	-12.59	COc1nc(-c2cccc(-c3cccc(-c4cnc(OC[C@@H]5CCCO5)c(OC)n4)c3Cl)c2Cl)cnc1CNC[C@@H]1CCC(=O)N1
10	mol263	-12.64	COc1nc(-c2cccc(-c3cccc(-c4cnc(CNC[C@@H]5CCC(=O)N5)c(OC)n4)c3Cl)c2Cl)cnc1CNCC[C@H]1CCCO1
10	mol113	-12.53	COc1nc(-c2cccc(-c3cccc(-c4cnc(CNC[C@@H]5CCC(=O)N5)c(OC)n4)c3Cl)c2Cl)cnc1CNCC[C@H]1CCCO1
10	mol120	-13.98	COc1nc(-c2cccc(-c3cccc(-c4cnc(CNC[C@H]5CCC(=O)N5)c(OC)c4Cl)c3Cl)c2Cl)cnc1C[C@@H]1CCCO1
10	mol389	-12.44	COc1nc(-c2cccc(-c3cccc(-c4cnc(CNC[C@H]5CCCO5)c(OC)n4)c3Cl)c2Cl)cnc1CNCC[C@@H]1CCCO1
10	mol83	-13.08	COc1nc(-c2cccc(-c3cccc(-c4cnc(NCC[C@H]5CCCO5)c(OC)n4)c3Cl)c2Cl)cnc1CNC[C@H]1CCC(=O)N1
10	mol2	-12.88	CCOc1nc(-c2cccc(-c3cccc(-c4cnc(CCNC[C@@H]5CCC(=O)N5)c(OC)n4)c3Cl)c2Cl)cnc1CNCC[C@H]1CCCO1
10	mol354	-13.16	COc1cc(-c2cccc(-c3cccc(-c4cnc(OC[C@H]5CCCO5)c(OC)n4)c3Cl)c2Cl)cnc1CNC[C@@H]1CCC(=O)N1
10	mol191	-13.4	COc1nccc(-c2cccc(-c3cccc(-c4cnc(CNC[C@@H]5CCC(=O)N5)c(OC)n4)c3Cl)c2Cl)n1
10	mol466	-12.72	COc1nc(-c2cccc(-c3cccc(-c4cnc(CNC[C@@H]5CCC(=O)N5)c(OC)n4)c3Cl)c2Cl)cnc1CNCC[C@H]1CCCO1
10	mol451	-13.83	O=C1CC[C@H](COc2c(CNC[C@@H]3CCC(=O)N3)ncc(-c3cccc(-c4cccc(-c5ncnc(O)n5)c4Cl)c3Cl)c2Cl)N1
10	mol395	-12.57	COc1nc(-c2cccc(-c3cccc(-c4cnc(CNC[C@@H]5CCC(=O)N5)c(OC)n4)c3Cl)c2Cl)cnc1CNCC[C@H]1CCCO1
10	mol262	-13.09	COc1nc(-c2cccc(-c3cccc(-c4cnc(CNC[C@H]5CCC(=O)NC5)c(OC)n4)c3Cl)c2Cl)cnc1CNCC[C@H]1CCCO1
10	mol257	-12.68	COc1nc(-c2cccc(-c3cccc(-c4cnc(CNC[C@@H]5CCC(=O)N5)c(OC)n4)c3Cl)c2Cl)cnc1CNCC[C@H]1CCCO1
10	mol420	-12.89	COc1nc(-c2cccc(-c3cccc(-c4cnc(OCCCN5CCOCC5)c(OC)n4)c3Cl)c2Cl)cnc1CNC[C@H]1CCC(=O)N1
10	mol485	-12.95	COc1nc(-c2cccc(-c3cccc(-c4cnc(CNC[C@H]5CCC(=O)NC5)c(OC)n4)c3Cl)c2Cl)cnc1CNCC[C@H]1CCCO1
10	mol125	-13.18	COc1nc(-c2cccc(-c3cccc(-c4cnc(CNC[C@H]5CCCO5)c(OC)n4)c3Cl)c2Cl)cnc1CNC[C@H]1CCC(=O)N1
10	mol211	-12.66	COc1nc(-c2cccc(-c3cccc(-c4cnc(OCCCn5cncn5)c(OC)n4)c3Cl)c2Cl)cnc1CNC[C@H]1CCC(=O)N1
10	mol299	-12.88	COc1nc(-c2cccc(-c3cccc(-c4cnc(OCC[C@H]5CCCO5)c(OC)n4)c3Cl)c2Cl)cnc1CNC[C@H]1CCC(=O)N1
10	mol371	-12.55	COc1nc(-c2cccc(-c3cccc(-c4cnc(CNC[C@@H]5CCC(=O)N5)c(OC)n4)c3Cl)c2Cl)cnc1CNCC[C@H]1CCCO1
10	mol161	-12.96	COc1nc(-c2cccc(-c3cccc(-c4cnc(NCC[C@H]5CCCO5)c(OC)n4)c3Cl)c2Cl)cnc1CNC[C@H]1CCC(=O)N1
10	mol417	-12.62	COc1nc(-c2cccc(-c3cccc(-c4cnc(CNC[C@H]5CCC(=O)N5)c(OC)n4)c3Cl)c2Cl)cnc1CNCCC[C@H]1CCCO1
10	mol39	-13.03	COc1nc(-c2cccc(-c3cccc(-c4cnc(OCC[C@H]5CCCO5)c(OC)n4)c3Cl)c2Cl)cnc1CNC[C@H]1CCC(=O)N1
10	mol496	-13.35	COc1nccc(-c2cccc(-c3cccc(-c4cnc(CNC[C@@H]5CCC(=O)N5)c(OC)n4)c3Cl)c2Cl)n1
10	mol219	-12.31	COc1nc(-c2cccc(-c3cccc(-c4cnc(CNC[C@@H]5CCC(=O)N5)c(OC)c4Cl)c3Cl)c2Cl)cnc1CNCC[C@H]1CCCO1
10	mol311	-13.26	COc1ncnc(-c2cccc(-c3cccc(-c4cnc(CNC[C@@H]5CCC(=O)N(C)C5)c(OC)n4)c3Cl)c2Cl)n1
10	mol173	-12.71	COc1nc(-c2cccc(-c3cccc(-c4cnc(OCCNCC5CCOCC5)c(OC)n4)c3Cl)c2Cl)cnc1CN[C@H]1CCC(=O)N1
10	mol447	-12.45	COc1nc(-c2cccc(-c3cccc(-c4cnc(OC[C@@H]5CCCO5)c(OC)n4)c3Cl)c2Cl)cnc1CNC[C@@H]1CCC(=O)N1
10	mol468	-12.3	CCOc1nc(-c2cccc(-c3cccc(-c4cnc(CNC[C@@H]5CCC(=O)N5)c(OC)n4)c3Cl)c2Cl)cnc1CNC[C@@H]1CCCO1
10	mol413	-12.64	COc1nc(-c2cccc(-c3cccc(-c4cnn(C)c4)c3Cl)c2Cl)cnc1OCCCn1cnc(C)c1
10	mol406	-13.17	COc1nc(-c2cccc(-c3cccc(-c4cccc(CNC[C@@H]5CCC(=O)N5)c4Cl)c3Cl)c2Cl)cnc1OCCCn1cnc(CC(C)C)c1Cl
10	mol269	-12.88	COc1nc(-c2cccc(-c3cccc(-c4cnc(CNC[C@H]5CCC(=O)NC5)c(OC)n4)c3Cl)c2Cl)cnc1CNCC[C@H]1CCCO1
10	mol397	-13.64	CCOc1nc(-c2cccc(-c3cccc(-c4cccc(CNC[C@H]5CCC(=O)N5)c4Cl)c3Cl)c2Cl)cnc1CNCC[C@H]1CCCO1
10	mol456	-12.58	COc1nc(-c2cccc(-c3cccc(-c4cnc(CNC[C@@H]5CCC(=O)N5)c(OC)n4)c3Cl)c2Cl)cnc1CNCC[C@H]1CCCO1
10	mol0	-12.7	COc1nc(-c2cccc(-c3cccc(-c4cnc(CNC[C@@H]5CCC(=O)N5)c(OC)n4)c3Cl)c2Cl)cnc1CNCC[C@H]1CCCO1
10	mol369	-12.26	COc1cc(-c2cccc(-c3cccc(-c4cnc(NCC[C@@H]5CCCO5)c(OC)n4)c3Cl)n2)cnc1CNC[C@@H]1CCC(=O)N1
10	mol461	-12.51	COc1nc(-c2cccc(-c3cccc(-c4cnc(CNC[C@@H]5CCC(=O)N5)c(OC)n4)c3Cl)c2Cl)cnc1CNCC[C@H]1CCCO1
10	mol122	-12.57	COc1nc(-c2cccc(-c3cccc(-c4cnc(OC[C@@H]5CCCO5)c(OC)n4)c3Cl)c2Cl)cnc1CNC[C@@H]1CCC(=O)N1
10	mol31	-12.64	COc1nc(-c2cccc(-c3cccc(-c4cnc(OCCC[C@H]5CCOC5)c(OC)n4)c3Cl)c2Cl)cnc1CNC[C@H]1CCC(=O)N1
10	mol3	-12.6	COc1nc(-c2cccc(-c3cccc(-c4cnc(CNC[C@@H]5CCC(=O)N5)c(OC)n4)c3Cl)c2Cl)cnc1CNCC[C@H]1CCCO1
10	mol15	-12.53	COc1nc(-c2cccc(-c3cccc(-c4cnc(CNC[C@@H]5CCC(=O)N5)c(OC)n4)c3Cl)c2Cl)cnc1CNCC[C@H]1CCCO1
10	mol178	-13.57	COc1nc(-c2cccc(-c3cccc(-c4cnc(OCC5CCOCC5)c(OC)n4)c3Cl)c2Cl)cnc1CNC[C@H]1CCC(=O)N1
10	mol446	-12.1	COc1nc(-c2cccc(-c3cccc(CNCCCC(=O)O)c3Cl)c2Cl)cnc1OCC1CCOCC1
10	mol42	-12.52	COc1nc(-c2cccc(-c3cccc(-c4cnc(OC[C@@H]5CCCO5)c(OC)n4)c3Cl)c2Cl)cnc1CNC[C@@H]1CCC(=O)N1
10	mol48	-12.56	COc1nc(-c2cccc(-c3cccc(-c4cnc(OC[C@@H]5CCCO5)c(OC)n4)c3Cl)c2Cl)cnc1CNC[C@@H]1CCC(=O)N1
10	mol356	-12.64	COc1nc(-c2cccc(-c3cccc(-c4cnc(CNC[C@@H]5CCC(=O)N5)c(OC)n4)c3Cl)c2Cl)cnc1CNCC[C@H]1CCCO1
10	mol119	-12.58	COc1nc(-c2cccc(-c3cccc(-c4cnc(OC[C@@H]5CCCO5)c(OC)n4)c3Cl)c2Cl)cnc1CNC[C@@H]1CCC(=O)N1
10	mol358	-12.45	COc1nc(-c2cccc(-c3cccc(-c4cnc(OC[C@@H]5CCCO5)c(OC)n4)c3Cl)c2Cl)cnc1CNC[C@@H]1CCC(=O)N1
10	mol181	-12.45	COc1nc(-c2cccc(-c3cccc(-c4cnc(OC[C@@H]5CCCO5)c(OC)n4)c3Cl)c2Cl)cnc1CNC[C@@H]1CCC(=O)N1
10	mol30	-13.47	OCc1nc(-n2ncc(-c3cccc(-c4ccccc4Cl)c3Cl)c2O)n(Cc2ccnc(-c3cccc(-c4cncnc4Cl)c3Cl)n2)n1
10	mol170	-12.56	COc1nc(-c2cccc(-c3cccc(-c4cnc(CNC[C@@H]5CCC(=O)N5)c(OC)n4)c3Cl)c2Cl)cnc1CNCC[C@H]1CCCO1
10	mol17	-12.2	COc1nc(-c2cccc(-c3cccc(-c4cnc(CNCC[C@@H]5CCCO5)c(C)n4)n3)c2Cl)cnc1CNC[C@H]1CCC(=O)N1
10	mol221	-12.66	COc1nc(-c2cccc(-c3cccc(-c4cnc(OCCN[C@H]5CCOC5)c(OC)n4)c3Cl)c2Cl)cnc1CNC[C@@H]1CCC(=O)N1
10	mol205	-12.74	COc1nc(-c2cccc(-c3cccc(-c4cnc(C(C)C)c(OC)n4)c3Cl)c2Cl)cnc1CNCC[C@@H]1CCCO1
10	mol235	-12.71	COc1nc(-c2ccc(-c3cccc(-c4cncc(CNC[C@@H]5CCC(=O)N5)c4Cl)c3Cl)cc2Cl)cnc1CNC[C@H]1CCCO1
10	mol107	-13.67	COc1nc(-c2cccc(-c3cccc(-c4ccnc(CNC[C@H]5CCC(=O)NC5)c4Cl)c3Cl)c2Cl)cnc1CNCC[C@@H]1CCOC1
10	mol103	-12.77	COc1nc(-c2cccc(-c3cccc(-c4cnc(CNC[C@@H]5CCC(=O)N5)c(OC)n4)c3Cl)c2Cl)cnc1CNCC[C@H]1CCCO1
10	mol409	-12.64	COc1nc(-c2cccc(-c3cccc(-c4cnc(CNC[C@@H]5CCC(=O)N5)c(OC)n4)c3Cl)c2Cl)cnc1CNCC[C@H]1CCCO1
10	mol368	-13.07	COc1nc(-c2cccc(-c3cccc(-c4cnc(CNC[C@@H]5CCC(=O)N5)c(OC)n4)c3Cl)c2Cl)cnc1CNCC[C@H]1CCCCO1
10	mol328	-12.52	COc1nc(-c2cccc(-c3cccc(-c4cnc(CNC[C@@H]5CCC(=O)N5)c(OC)n4)c3Cl)c2Cl)cnc1CNCC[C@H]1CCCO1
10	mol238	-12.25	COc1nc(-c2cccc(-c3cccc(-c4cnc(CNC[C@@H]5CCC(=O)N5)c(OC)c4Cl)c3Cl)c2Cl)cnc1CNCC[C@H]1CCCO1
10	mol483	-13.47	COc1nc(-c2cccc(-c3cccc(-c4cnc(CNC[C@@H]5CCC(=O)N5)c(OC)c4Cl)c3Cl)c2Cl)cnc1CNC[C@H]1CCCO1
10	mol472	-14.0	Oc1c(-c2cccc(-c3cccc(-c4cncc(OCC5=CCCC5)c4)c3Cl)c2Cl)ccnc1Cl
10	mol243	-12.53	COc1nc(-c2cccc(-c3cccc(-c4cnc(OC[C@@H]5CCCO5)c(OC)n4)c3Cl)c2Cl)cnc1CNC[C@@H]1CCC(=O)N1
10	mol172	-13.43	COc1ncnc(-c2cccc(-c3cccc(-c4cnc(CN[C@H]5CCC(=O)N5)c(OC)n4)c3Cl)c2Cl)n1
10	mol151	-13.02	COc1nc(-c2cccc(-c3cccc(-c4cnc(CN5CCC(OC)CC5)c(OC)n4)c3Cl)c2Cl)cnc1CNC[C@H]1CCC(=O)N1
10	mol484	-12.62	COc1nc(-c2cccc(-c3cccc(-c4cnc(CNC[C@@H]5CCC(=O)N5)c(OC)n4)c3Cl)c2Cl)cnc1CNCC[C@H]1CCCO1
10	mol431	-12.58	COc1nc(-c2cccc(-c3cccc(-c4cnc(CNC[C@@H]5CCC(=O)N5)c(OC)n4)c3Cl)c2Cl)cnc1CNCC[C@H]1CCCO1
10	mol137	-12.27	COc1nc(-c2cccc(-c3cccc(-c4cnc(CNC[C@H]5CCC(=O)N5)c(OC)c4Cl)c3Cl)c2Cl)cnc1OCCCCCn1cnc(CC(C)(C)C)c1
10	mol375	-12.91	COc1nc(-c2cccc(-c3cccc(-c4cnc(CNC[C@@H]5CCC(=O)N5)c(OC)n4)c3Cl)c2Cl)cnc1CNCC[C@@H]1CCOC1
10	mol79	-13.36	O=C1CC[C@H](CNCc2cnc(-c3cccc(-c4cccc(-c5cnc(CO)cn5)c4Cl)c3Cl)nc2OCC2CCC2)N1
10	mol463	-13.15	COc1nc(-c2cccc(-c3cccc(-c4cccc(CNC[C@@H]5CCC(=O)N5)c4Cl)c3Cl)c2Cl)cnc1CNCC[C@@H]1CCCO1
10	mol97	-13.32	COc1nc(-c2cccc(-c3cccc(-c4cnc(CNC[C@@H]5CCCO5)c(OC)n4)c3Cl)c2Cl)cnc1CNC[C@H]1CCC(=O)NC1
10	mol71	-12.49	COc1nc(-c2cccc(-c3cccc(-c4cnc(CNC[C@@H]5CCC(=O)N5)c(OC)n4)c3Cl)c2Cl)cnc1CNCC[C@H]1CCCO1
10	mol98	-12.93	COc1nc(-c2cccc(-c3cccc(-c4cnc(CNC[C@H]5CCC(=O)NC5)c(OC)n4)c3Cl)c2Cl)cnc1CNCC[C@H]1CCCO1
10	mol87	-12.66	COc1nc(-c2cccc(-c3cccc(-c4cnc(OCCC5CC5)c(OC)n4)c3Cl)c2Cl)cnc1CNC[C@H]1CCC(=O)N1
10	mol486	-12.59	COc1nc(-c2cccc(-c3cccc(-c4cnc(OC[C@@H]5CCCO5)c(OC)n4)c3Cl)c2Cl)cnc1CNC[C@@H]1CCC(=O)N1
10	mol23	-12.67	COc1nc(-c2cccc(-c3cccc(-c4cnc(CNC[C@@H]5CCC(=O)N5)c(OC)n4)c3Cl)c2Cl)cnc1CNCC[C@H]1CCCO1
10	mol265	-13.05	COc1nc(-c2cccc(-c3cccc(-c4cnc(NCC[C@H]5CCCO5)c(OC)n4)c3Cl)c2Cl)cnc1CN[C@H]1CCC(=O)N1
10	mol464	-12.59	COc1nc(-c2cccc(-c3cccc(-c4cnc(CNC[C@@H]5CCC(=O)N5)c(OC)n4)c3Cl)c2Cl)cnc1CNCC[C@H]1CCCO1
10	mol202	-12.53	COc1nc(-c2cccc(-c3cccc(-c4cnc(CNC[C@@H]5CCC(=O)N5)c(OC)n4)c3Cl)c2Cl)cnc1CNCC[C@H]1CCCO1
10	mol251	-12.61	COc1nc(-c2cccc(-c3cccc(-c4cnc(CNC[C@@H]5CCC(=O)N5)c(OC)n4)c3Cl)c2Cl)cnc1CNCC[C@H]1CCCO1
10	mol183	-12.04	COc1nc(-c2cccc(-c3cnc(CNCC[C@H]4CCCO4)c(OC)n3)c2Cl)ccc1-c1cnc(CNC[C@@H]2CCN3CCCC[C@H]2C3=O)c(OC)n1
10	mol226	-12.65	COc1nc(-c2cccc(-c3cccc(-c4cnc(CNC[C@@H]5CCC(=O)N5)c(OC)n4)c3Cl)c2Cl)cnc1CNCC[C@H]1CCCO1
10	mol82	-13.11	COc1nc(-c2cccc(-c3cccc(-c4cncc(CNC[C@H]5CCC(=O)N5)c4Cl)c3Cl)c2Cl)cnc1CNCC[C@@H]1CCCO1
10	mol476	-12.67	COc1nc(-c2cccc(-c3cccc(-c4cnc(CNC[C@@H]5CCC(=O)N5)c(OC)n4)c3Cl)c2Cl)cnc1CNCC[C@H]1CCCO1
10	mol246	-12.65	COc1nc(-c2cccc(-c3cccc(-c4cnc(OCCC[C@@H]5CCCO5)c(OC)n4)c3Cl)c2Cl)cnc1CNC[C@H]1CCC(=O)N1
10	mol432	-12.58	COc1nc(-c2cccc(-c3cccc(-c4cnc(CNC[C@@H]5CCC(=O)N5)c(OC)c4Cl)c3Cl)c2Cl)cnc1CNCC[C@H]1CCCO1
10	mol460	-12.52	COc1nc(-c2cccc(-c3cccc(-c4cnc(CNC[C@@H]5CCC(=O)N5)c(OC)n4)c3Cl)c2Cl)cnc1CNCC[C@H]1CCCO1
10	mol343	-13.29	O=C1CC[C@H](COc2c(CNC[C@@H]3CCC(=O)N3)ncc(-c3cccc(-c4cccc(-c5cnccn5)c4Cl)c3Cl)c2Cl)N1
10	mol364	-12.69	COc1nc(-c2cccc(-c3cccc(-c4cnc(CNC[C@@H]5CCC(=O)N5)c(OC)n4)c3Cl)c2Cl)cnc1CNCC[C@H]1CCCO1
10	mol116	-12.55	CCOc1nc(-c2cccc(-c3cccc(-c4cnn(C[C@@H]5CCC(=O)N5)c4Cl)c3Cl)c2Cl)cnc1CNCC[C@@H]1CCCO1
10	mol41	-12.68	COc1nc(-c2cccc(-c3cccc(-c4cnc(CNC[C@@H]5CCC(=O)N5)c(OC)n4)c3Cl)c2Cl)cnc1CNCC[C@H]1CCCO1
10	mol277	-13.34	COc1nc(-c2cccc(-c3cccc(-c4ccnc(CNC[C@H]5CCC(=O)N5)c4Cl)c3Cl)c2Cl)cnc1CNCC[C@H]1CCCO1
10	mol176	-12.46	COc1nc(-c2cccc(-c3cccc(-c4cnc(CNC[C@@H]5CCC(=O)N5)c(OC)n4)c3Cl)c2Cl)cnc1CNCC[C@H]1CCCO1
10	mol305	-12.98	COc1nc(-c2cccc(-c3cccc(-c4cnc(CN[C@@H]5CCC(=O)N5)c(OC)n4)c3Cl)c2Cl)cnc1CNC[C@H]1CCOC1
10	mol279	-12.75	COc1ncn(-c2cccc(-c3cccc(-c4cnc(CNC[C@@H]5CCC(=O)N5)c(OC)n4)c3Cl)c2Cl)n1
10	mol158	-12.58	COc1nc(-c2cccc(-c3cccc(-c4cnc(CNCC[C@@H]5CCCO5)c(OC)n4)c3Cl)c2)cnc1CNC[C@@H]1CCC(=O)N1
10	mol465	-12.61	COc1nc(-c2cccc(-c3cccc(-c4cnc(OCCC[C@@H]5CCCO5)c(OC)n4)c3Cl)c2Cl)cnc1CNC[C@H]1CCC(=O)N1
10	mol43	-12.57	COc1nc(-c2cccc(-c3cccc(-c4cnc(CNC[C@@H]5CCC(=O)N5)c(OC)n4)c3Cl)c2Cl)cnc1CNCC[C@H]1CCCO1
10	mol124	-12.5	COc1nc(-c2cccc(-c3cccc(-c4cnn(C)n4)c3Cl)c2Cl)cnc1CNCC[C@@H]1CCCO1
10	mol85	-12.58	COc1nc(-c2cccc(-c3cccc(-c4cnc(CNC[C@@H]5CCC(=O)N5)c(OC)n4)c3Cl)c2Cl)cnc1CNCC[C@H]1CCCO1
110	mol443	-12.63	COc1nc(-c2cccc(-c3cccc(-c4cnc(CNC[C@@H]5CCC(=O)N5)c(OC)n4)c3Cl)c2Cl)cnc1CNCC[C@H]1CCCO1
110	mol114	-12.65	COc1nc(-c2cccc(-c3cccc(-c4cnc(CNC[C@@H]5CCC(=O)N5)c(OC)n4)c3Cl)c2Cl)cnc1CNCC[C@H]1CCCO1
110	mol422	-13.19	COc1nc(-c2cccc(-c3cccc(-c4cnc(CN[C@H]5CCC(=O)N5)c(OC)n4)c3Cl)c2Cl)cnc1CNCC[C@H]1CCCO1
110	mol25	-12.5	COc1nc(-c2cccc(-c3cccc(-c4cnc(CNC[C@@H]5CCC(=O)N5)c(OC)n4)c3Cl)c2Cl)cnc1CNCC[C@H]1CCCO1
110	mol225	-12.58	COc1nc(-c2cccc(-c3cccc(-c4cnc(CNC[C@@H]5CCC(=O)N5)c(OC)n4)c3Cl)c2Cl)cnc1CNCC[C@H]1CCCO1
110	mol437	-13.16	COc1nc(-c2cccc(-c3cccc(-c4cnc(CNC[C@H]5CCCO5)c(OC)n4)c3Cl)c2Cl)cnc1CNC[C@H]1CCC(=O)N1
110	mol10	-12.64	COc1nc(-c2cccc(-c3cccc(-c4cnc(CNC[C@@H]5CCC(=O)N5)c(OC)n4)c3Cl)c2Cl)cnc1CNCC[C@H]1CCCO1
110	mol75	-12.08	COc1nc(-c2cccc(-c3cccc(-c4cnc(CNC[C@H]5CCC(=O)N5)c(O)n4)c3Cl)c2Cl)cnc1CNCC[C@H]1CCCO1
110	mol284	-12.43	COc1nc(-c2cccc(-c3cccc(-c4cnc(CNC[C@@H]5CCC(=O)N5)c(OC)n4)c3Cl)c2Cl)cnc1CNCC[C@H]1CCCO1
110	mol400	-12.69	COc1nc(-c2cccc(-c3cccc(-c4cnc(CNC[C@@H]5CCC(=O)N5)c(OC)n4)c3Cl)c2Cl)cnc1CNCC[C@H]1CCCO1
110	mol302	-12.88	COc1nc(-c2cccc(-c3cccc(-c4cnc(CNC[C@@H]5CCC(=O)N5)c(OC)n4)c3Cl)c2Cl)cnc1CNCC[C@@H]1CCOC1
110	mol346	-12.59	COc1nc(-c2cccc(-c3cccc(-c4cnc(CNC[C@@H]5CCC(=O)N5)c(OC)n4)c3Cl)c2Cl)cnc1CNCC[C@H]1CCCO1
110	mol391	-12.58	COc1nc(-c2cccc(-c3cccc(-c4cnc(CNC[C@@H]5CCC(=O)N5)c(OC)n4)c3Cl)c2Cl)cnc1CNCC[C@H]1CCCO1
110	mol273	-12.73	COc1nc(-c2cccc(-c3cccc(-c4cnc(CNC[C@@H]5CCC(=O)N5)c(OC)n4)c3Cl)c2Cl)cnc1CNCC[C@H]1CCCO1
110	mol165	-12.52	COc1nc(-c2cccc(-c3cccc(-c4cnc(CNC[C@@H]5CCC(=O)N5)c(OC)n4)c3Cl)c2Cl)cnc1CNCC[C@H]1CCCO1
110	mol99	-12.86	COc1nc(-c2cccc(-c3cccc(-c4cnc(CNC[C@@H]5C=CCC5)c(OC)n4)c3Cl)c2Cl)cnc1CNCC[C@H]1CCCO1
110	mol156	-12.61	COc1nc(-c2cccc(-c3cccc(-c4cnc(CNC[C@@H]5CCC(=O)N5)c(OC)n4)c3Cl)c2Cl)cnc1CNCC[C@H]1CCCO1
110	mol68	-12.5	COc1nc(-c2cccc(-c3cccc(-c4cnc(CNC[C@@H]5CCC(=O)N5)c(OC)n4)c3Cl)c2Cl)cnc1CNCC[C@H]1CCCO1
110	mol481	-12.64	COc1nc(-c2cccc(-c3cccc(-c4cnc(CNC[C@@H]5CCC(=O)N5)c(OC)n4)c3Cl)c2Cl)cnc1CNCC[C@H]1CCCO1
110	mol203	-12.65	COc1nc(-c2cccc(-c3cccc(-c4cnc(CNC[C@@H]5CCC(=O)N5)c(OC)n4)c3Cl)c2Cl)cnc1CNCC[C@H]1CCCO1
110	mol401	-12.11	COc1nc(-c2cccc(-c3cccc(-c4cnc(CNC[C@H]5CCC(=O)N5)c(O)n4)c3Cl)c2Cl)cnc1CNCC[C@H]1CCCO1
110	mol254	-12.61	COc1nc(-c2cccc(-c3cccc(-c4cnc(CNC[C@@H]5CCC(=O)N5)c(OC)n4)c3Cl)c2Cl)cnc1CNCC[C@H]1CCCO1
110	mol84	-12.98	COc1nc(-c2cccc(-c3cccc(-c4cnc(OCC[C@H]5CCCO5)c(OC)n4)c3Cl)c2Cl)cnc1CNC[C@H]1CCC(=O)N1
110	mol6	-12.57	COc1nc(-c2cccc(-c3cccc(-c4cnc(CNC[C@@H]5CCC(=O)N5)c(OC)n4)c3Cl)c2Cl)cnc1CNCC[C@H]1CCCO1
110	mol405	-12.57	COc1nc(-c2cccc(-c3cccc(-c4cnc(CNC[C@@H]5CCC(=O)N5)c(OC)n4)c3Cl)c2Cl)cnc1CNCC[C@H]1CCCO1
110	mol324	-13.14	COc1nc(-c2cccc(-c3cccc(-c4cnc(CNC[C@H]5CCCO5)c(OC)n4)c3Cl)c2Cl)cnc1CNC[C@H]1CCC(=O)N1
110	mol141	-12.57	COc1nc(-c2cccc(-c3cccc(-c4cnc(CNC[C@@H]5CCC(=O)N5)cn4)c3Cl)c2Cl)cnc1CNCC[C@H]1CCCO1
110	mol425	-12.87	COc1nc(-c2cccc(-c3cccc(-c4cnc(CNC[C@@H]5CCC(=O)N5)c(OC)n4)c3Cl)c2Cl)cnc1CNCC[C@@H]1CCOC1
110	mol487	-12.62	COc1nc(-c2cccc(-c3cccc(-c4cnc(CNC[C@@H]5CCC(=O)N5)c(OC)n4)c3Cl)c2Cl)cnc1CNCC[C@H]1CCCO1
110	mol55	-12.6	COc1nc(-c2cccc(-c3cccc(-c4cnc(CNC[C@@H]5CCC(=O)N5)c(OC)n4)c3Cl)c2Cl)cnc1CNCC[C@H]1CCCO1
110	mol352	-13.1	COc1nc(-c2cccc(-c3cccc(-c4cnc(CNC[C@H]5CCOCO5)c(OC)n4)c3Cl)c2Cl)cnc1CNC[C@@H]1CCC(=O)N1
110	mol298	-12.65	COc1nc(-c2cccc(-c3cccc(-c4cnc(CNC[C@@H]5CCC(=O)N5)c(OC)n4)c3Cl)c2Cl)cnc1CNCC[C@H]1CCCO1
110	mol153	-12.57	COc1nc(-c2cccc(-c3cccc(-c4cnc(OC[C@@H]5CCCO5)c(OC)n4)c3Cl)c2Cl)cnc1CNC[C@@H]1CCC(=O)N1
110	mol289	-12.71	COc1nc(-c2cccc(-c3cccc(-c4cnc(CNC[C@@H]5CCC(=O)N5)c(OC)n4)c3Cl)c2Cl)cnc1CNCC[C@H]1CCCO1
110	mol423	-12.48	COc1nc(-c2cccc(-c3cccc(-c4cnc(CNC[C@@H]5CCC(=O)N5)c(OC)n4)c3Cl)c2Cl)cnc1CNCC[C@H]1CCCO1
110	mol256	-12.66	COc1nc(-c2cccc(-c3cccc(-c4cnc(CNC[C@@H]5CCC(=O)N5)c(OC)n4)c3Cl)c2Cl)cnc1CNCC[C@H]1CCCO1
110	mol108	-12.52	COc1nc(-c2cccc(-c3cccc(-c4cnc(CNC[C@@H]5CCC(=O)N5)c(OC)n4)c3Cl)c2Cl)cnc1CNCC[C@H]1CCCO1
110	mol384	-12.46	COc1nc(-c2cccc(-c3cccc(-c4cnc(CNC[C@@H]5CCC(=O)N5)c(OC)n4)c3Cl)c2Cl)cnc1CNCC[C@H]1CCCO1
110	mol477	-12.69	COc1nc(-c2cccc(-c3cccc(-c4cnc(CNC[C@@H]5CCC(=O)N5)c(OC)n4)c3Cl)c2Cl)cnc1CNCC[C@H]1CCCO1
110	mol92	-12.67	COc1nc(-c2cccc(-c3cccc(-c4cnc(CNC[C@@H]5CCC(=O)N5)c(OC)n4)c3Cl)c2Cl)cnc1CNCC[C@H]1CCCO1
110	mol459	-12.63	COc1nc(-c2cccc(-c3cccc(-c4cnc(CNC[C@@H]5CCC(=O)N5)c(OC)n4)c3Cl)c2Cl)cnc1CNCC[C@H]1CCCO1
110	mol193	-12.5	COc1nc(-c2cccc(-c3cccc(-c4cnc(CNC[C@@H]5CCC(=O)N5)c(OC)n4)c3Cl)c2Cl)cnc1CNCC[C@H]1CCCO1
110	mol301	-12.78	COc1nc(-c2cccc(-c3cccc(-c4cnc(CNC[C@@H]5CCC(=O)N5)c(OC)n4)c3Cl)c2Cl)cnc1CNCC[C@@H]1CCOC1
110	mol347	-12.66	COc1nc(-c2cccc(-c3cccc(-c4cnc(CNC[C@@H]5CCC(=O)N5)c(OC)n4)c3Cl)c2Cl)cnc1CNCC[C@H]1CCCO1
110	mol367	-12.79	COc1nc(-c2cccc(-c3cccc(-c4cnc(CNC[C@@H]5CCC(=O)N5)c(OC)n4)c3Cl)c2Cl)cnc1CNCC[C@H]1CCCO1
110	mol51	-13.46	COc1nc(-c2cccc(-c3cccc(-c4cnc(CNC[C@@H]5CCC(=O)N5)c(OC)n4)c3Cl)c2Cl)cnc1CNCC1CCOCC1
110	mol45	-12.68	COc1nc(-c2cccc(-c3cccc(-c4cnc(CNC[C@@H]5CCC(=O)N5)c(OC)n4)c3Cl)c2Cl)cnc1CNCC[C@H]1CCCO1
110	mol408	-12.61	COc1nc(-c2cccc(-c3cccc(-c4cnc(CNC[C@@H]5CCC(=O)N5)c(OC)n4)c3Cl)c2Cl)cnc1CNCC[C@H]1CCCO1
110	mol35	-12.5	COc1nc(-c2cccc(-c3cccc(-c4cnc(CNCCC(=O)O)c(CO)c4Cl)c3Cl)c2Cl)cnc1CNCC[C@@H]1CCCO1
110	mol192	-12.54	COc1nc(-c2cccc(-c3cccc(-c4cnc(CNC[C@@H]5CCC(=O)N5)c(OC)n4)c3Cl)c2Cl)cnc1CNCC[C@H]1CCCO1
110	mol52	-12.6	COc1nc(-c2cccc(-c3cccc(-c4cnc(CNC[C@@H]5CCC(=O)N5)c(OC)n4)c3Cl)c2Cl)cnc1CNCC[C@H]1CCCO1
110	mol155	-12.53	COc1nc(-c2cccc(-c3cccc(-c4cnc(CNC[C@@H]5CCC(=O)N5)c(OC)n4)c3Cl)c2Cl)cnc1CNCC[C@H]1CCCO1
110	mol348	-12.66	COc1nc(-c2cccc(-c3cccc(-c4cnc(CNC[C@@H]5CCC(=O)N5)c(OC)n4)c3Cl)c2Cl)cnc1CNCC[C@H]1CCCO1
110	mol81	-13.11	COc1nc(-c2cccc(-c3cccc(-c4cnc(CNC[C@H]5CCOCO5)c(OC)n4)c3Cl)c2Cl)cnc1CNC[C@@H]1CCC(=O)N1
110	mol306	-12.73	COc1nc(-c2cccc(-c3cccc(-c4cnc(CNC[C@@H]5CCC(=O)N5)c(OC)n4)c3Cl)c2Cl)cnc1CNCC[C@H]1CCCO1
110	mol186	-12.52	COc1nc(-c2cccc(-c3cccc(-c4cnc(CNC[C@@H]5CCC(=O)N5)c(OC)n4)c3Cl)c2Cl)cnc1CNCC[C@H]1CCCO1
110	mol241	-12.65	COc1nc(-c2cccc(-c3cccc(-c4cnc(CNC[C@@H]5CCC(=O)N5)c(OC)n4)c3Cl)c2Cl)cnc1CNCC[C@H]1CCCO1
110	mol390	-12.63	COc1nc(-c2cccc(-c3cccc(-c4cnc(CNC[C@@H]5CCC(=O)N5)c(OC)n4)c3Cl)c2Cl)cnc1CNCC[C@H]1CCCO1
110	mol255	-12.61	COc1nc(-c2cccc(-c3cccc(-c4cnc(CNC[C@@H]5CCC(=O)N5)c(OC)n4)c3Cl)c2Cl)cnc1CNCC[C@H]1CCCO1
110	mol106	-12.66	COc1nc(-c2cccc(-c3cccc(-c4cnc(CNC[C@@H]5CCC(=O)N5)c(OC)n4)c3Cl)c2Cl)cnc1CNCC[C@H]1CCCO1
110	mol21	-12.57	COc1nc(-c2cccc(-c3cccc(-c4cnc(CNC[C@@H]5CCC(=O)N5)c(OC)n4)c3Cl)c2Cl)cnc1CNCC[C@H]1CCCO1
110	mol365	-12.66	COc1nc(-c2cccc(-c3cccc(-c4cnc(CNC[C@@H]5CCC(=O)N5)c(OC)n4)c3Cl)c2Cl)cnc1CNCC[C@H]1CCCO1
110	mol470	-13.08	COc1nc(-c2cccc(-c3cccc(-c4cncnc4Cl)c3Cl)c2Cl)cnc1CNCC[C@@H]1CCCO1
110	mol492	-12.62	COc1nc(-c2cccc(-c3cccc(-c4cnc(CNC[C@@H]5CCC(=O)N5)c(OC)n4)c3Cl)c2Cl)cnc1CNCC[C@H]1CCCO1
110	mol24	-12.62	COc1nc(-c2cccc(-c3cccc(-c4cnc(CNC[C@@H]5CCC(=O)N5)c(OC)n4)c3Cl)c2Cl)cnc1CNCC[C@H]1CCCO1
110	mol471	-12.75	COc1nc(-c2cccc(-c3cccc(-c4cnc(CNC[C@@H]5CCC(=O)N5)c(OC)n4)c3Cl)c2Cl)cnc1CNCC[C@H]1CCCO1
110	mol379	-12.67	COc1nc(-c2cccc(-c3cccc(-c4cnc(OCCN5CCCO5)c(OC)n4)c3Cl)c2Cl)cnc1CNC[C@@H]1CCC(=O)N1
110	mol473	-12.71	COc1nc(-c2cccc(-c3cccc(-c4cnc(CNC[C@@H]5CCC(=O)N5)c(OC)n4)c3Cl)c2Cl)cnc1CNCC[C@H]1CCCO1
110	mol414	-12.5	COc1nc(-c2cccc(-c3cccc(-c4cnc(CNC[C@@H]5CCC(=O)N5)c(OC)n4)c3Cl)c2Cl)cnc1CNCC[C@H]1CCCO1
110	mol149	-13.16	COc1nc(-c2cccc(-c3cccc(-c4cnc(CNC[C@H]5CCCO5)c(OC)n4)c3Cl)c2Cl)cnc1CNC[C@H]1CCC(=O)N1
110	mol7	-13.43	COc1nccc(-c2cccc(-c3cccc(-c4cnc(CNC[C@@H]5CCC(=O)N5)c(OC)n4)c3Cl)c2Cl)n1
110	mol467	-12.61	COc1nc(-c2cccc(-c3cccc(-c4cnc(CNC[C@@H]5CCC(=O)N5)c(OC)n4)c3Cl)c2Cl)cnc1CNCC[C@H]1CCCO1
110	mol380	-13.14	COc1nc(-c2cccc(-c3cccc(-c4cnc(CNC[C@H]5CCCO5)c(OC)n4)c3Cl)c2Cl)cnc1CNC[C@H]1CCC(=O)N1
110	mol319	-12.49	COc1nc(-c2cccc(-c3cccc(-c4cnc(CNC[C@@H]5CCC(=O)N5)c(OC)n4)c3Cl)c2Cl)cnc1CNCC[C@H]1CCCO1
110	mol270	-12.66	COc1nc(-c2cccc(-c3cccc(-c4cnc(CNC[C@@H]5CCC(=O)N5)c(OC)n4)c3Cl)c2Cl)cnc1CNCC[C@H]1CCCO1
110	mol276	-12.61	COc1nc(-c2cccc(-c3cccc(-c4cncnc4)c3Cl)c2Cl)cnc1CNCC[C@H]1CCCO1
110	mol112	-13.02	COc1nc(-c2cccc(-c3cccc(-c4cnc(CNC[C@H]5CCCO5)c(OC)n4)c3Cl)c2Cl)cnc1CNC[C@H]1CCC(=O)N1
110	mol374	-12.69	COc1nc(-c2cccc(-c3cccc(-c4cnc(CNC[C@@H]5CCC(=O)N5)c(OC)n4)c3Cl)c2Cl)cnc1CNCC[C@H]1CCCO1
110	mol336	-12.62	COc1nc(-c2cccc(-c3cccc(-c4cnc(CNC[C@@H]5CCC(=O)N5)c(OC)n4)c3Cl)c2Cl)cnc1CNCC[C@H]1CCCO1
110	mol479	-12.61	COc1nc(-c2cccc(-c3cccc(-c4cnc(CNC[C@@H]5CCC(=O)N5)c(OC)n4)c3Cl)c2Cl)cnc1CNCC[C@H]1CCCO1
110	mol163	-12.65	COc1nc(-c2cccc(-c3cccc(-c4cnc(CNC[C@@H]5CCC(=O)N5)c(OC)n4)c3Cl)c2Cl)cnc1CNCC[C@H]1CCCO1
110	mol261	-12.58	COc1nc(-c2cccc(-c3cccc(-c4cnc(CNC[C@@H]5CCC(=O)N5)c(OC)n4)c3Cl)c2Cl)cnc1CNCC[C@H]1CCCO1
110	mol237	-12.5	COc1nc(-c2cccc(-c3cccc(-c4cnc(CNC[C@@H]5CCC(=O)N5)c(OC)n4)c3Cl)c2Cl)cnc1CNCC[C@H]1CCCO1
110	mol67	-12.59	COc1nc(-c2cccc(-c3cccc(-c4cnc(CNC[C@@H]5CCC(=O)N5)c(OC)n4)c3Cl)c2Cl)cnc1CNCC[C@H]1CCCO1
110	mol338	-12.7	COc1nc(-c2cccc(-c3cccc(-c4cnc(CNC[C@@H]5CCC(=O)N5)c(OC)n4)c3Cl)c2Cl)cnc1CNCC[C@H]1CCCO1
110	mol143	-12.34	COc1nc(-c2cccc(-c3cccc(-c4cnc(CNCC5CC5)c(OC)n4)c3Cl)c2Cl)cnc1CNCC[C@@H]1CCCO1
110	mol94	-12.72	COc1nc(-c2cccc(-c3cccc(-c4cnc(CNC[C@@H]5CCC(=O)N5)c(OC)n4)c3Cl)c2Cl)cnc1CNCC[C@H]1CCCO1
110	mol385	-12.66	COc1nc(-c2cccc(-c3cccc(-c4cnc(CNC[C@@H]5CCC(=O)N5)c(OC)n4)c3Cl)c2Cl)cnc1CNCC[C@H]1CCCO1
110	mol187	-12.64	COc1nc(-c2cccc(-c3cccc(-c4cnc(CNC[C@@H]5CCC(=O)N5)c(OC)n4)c3Cl)c2Cl)cnc1CNCC[C@H]1CCCO1
110	mol14	-12.71	COc1nc(-c2cccc(-c3cccc(-c4cnc(CNC[C@@H]5CCC(=O)N5)c(OC)n4)c3Cl)c2Cl)cnc1CNCC[C@H]1CCCO1
110	mol53	-12.58	COc1nc(-c2cccc(-c3cccc(-c4cnc(CNC[C@@H]5CCC(=O)N5)c(OC)n4)c3Cl)c2Cl)cnc1CNCC[C@H]1CCCO1
110	mol236	-12.61	COc1nc(-c2cccc(-c3cccc(-c4cnc(CNC[C@@H]5CCC(=O)N5)c(OC)n4)c3Cl)c2Cl)cnc1CNCC[C@H]1CCCO1
110	mol199	-12.51	COc1nc(-c2cccc(-c3cccc(-c4cnc(CNC[C@@H]5CCC(=O)N5)c(OC)n4)c3Cl)c2Cl)cnc1CNCC[C@H]1CCCO1
110	mol69	-13.51	COc1nc(-c2cccc(-c3cccc(-c4cnc(CNC[C@@H]5CCC(=O)N5)c(OC)n4)c3Cl)c2Cl)cnc1CNCC1CCOCC1
110	mol179	-12.4	COc1nc(-c2cccc(-c3cccc(-c4cnc(CNC[C@@H]5CCC(=O)N5)c(OC)n4)c3Cl)c2Cl)cnc1CNCC[C@H]1CCCO1
110	mol349	-12.55	COc1nc(-c2cccc(-c3cccc(-c4cnc(CNC[C@@H]5CCC(=O)N5)c(OC)n4)c3Cl)c2Cl)cnc1CNCC[C@H]1CCCO1
110	mol132	-13.01	COc1nc(-c2cccc(-c3cccc(-c4cncc(CNC[C@H]5CCC(=O)N5)c4Cl)c3Cl)c2Cl)cnc1CNCC[C@@H]1CCCO1
110	mol295	-12.57	COc1nc(-c2cccc(-c3cccc(-c4cnc(CNC[C@@H]5CCC(=O)N5)c(OC)n4)c3Cl)c2Cl)cnc1CNCC[C@H]1CCCO1
110	mol20	-12.61	COc1nc(-c2cccc(-c3cccc(-c4cnc(CNC[C@@H]5CCC(=O)N5)c(OC)n4)c3Cl)c2Cl)cnc1CNCC[C@H]1CCCO1
110	mol321	-12.52	COc1nc(-c2cccc(-c3cccc(-c4cnc(CNC[C@@H]5CCC(=O)N5)c(OC)n4)c3Cl)c2Cl)cnc1CNCC[C@H]1CCCO1
110	mol345	-12.58	COc1nc(-c2cccc(-c3cccc(-c4cnc(CNC[C@@H]5CCC(=O)N5)c(OC)n4)c3Cl)c2Cl)cnc1CNCC[C@H]1CCCO1
110	mol313	-12.65	COc1nc(-c2cccc(-c3cccc(-c4cnc(CNC[C@@H]5CCC(=O)N5)c(OC)n4)c3Cl)c2Cl)cnc1CNCC[C@H]1CCCO1
110	mol335	-12.45	COc1nc(-c2cccc(-c3cccc(-c4cnc(CNC[C@@H]5CCC(=O)N5)c(OC)n4)c3Cl)c2Cl)cnc1CNCC[C@H]1CCCO1
110	mol427	-13.73	COc1nc(-c2cccc(-c3cccc(-c4cnc(CNC[C@@H]5CCC(=O)N5)c5c(N)ncnc45)c3Cl)c2Cl)cnc1CNCCC1CCC1
110	mol61	-12.93	COc1nc(-c2cccc(-c3cccc(-c4cnc(CNC[C@@H]5CCC(=O)N5)c(OC)n4)c3Cl)c2Cl)cnc1CNCC[C@@H]1CCOC1
110	mol209	-12.62	COc1nc(-c2cccc(-c3cccc(-c4cnc(CNC[C@@H]5CCC(=O)N5)c(OC)n4)c3Cl)c2Cl)cnc1CNCC[C@H]1CCCO1
110	mol281	-12.65	COc1nc(-c2cccc(-c3cccc(-c4cnc(CNC[C@@H]5CCC(=O)N5)c(OC)n4)c3Cl)c2Cl)cnc1CNCC[C@H]1CCCO1
110	mol12	-12.71	COc1nc(-c2cccc(-c3cccc(-c4cnc(CNC[C@@H]5CCC(=O)N5)c(OC)n4)c3Cl)c2Cl)cnc1CNCC[C@H]1CCCO1
110	mol128	-12.66	COc1nc(-c2cccc(-c3cccc(-c4cnc(CNC[C@@H]5CCC(=O)N5)c(OC)n4)c3Cl)c2Cl)cnc1CNCC[C@H]1CCCO1
110	mol130	-12.58	COc1nc(-c2cccc(-c3cccc(-c4cnc(CNC[C@@H]5CCC(=O)N5)c(OC)n4)c3Cl)c2Cl)cnc1CNCC[C@H]1CCCO1
110	mol126	-12.5	COc1nc(-c2cccc(-c3cccc(-c4cncc(CNCCO)c4)c3Cl)c2Cl)cnc1CNCC[C@@H]1CCCO1
110	mol86	-12.73	COc1nc(-c2cccc(-c3cccc(-c4cnc(CNC[C@@H]5CCC(=O)N5)c(OC)n4)c3Cl)c2Cl)cnc1CNCC[C@H]1CCCO1
110	mol267	-12.57	COc1nc(-c2cccc(-c3cccc(-c4cnc(CNC[C@@H]5CCC(=O)N5)c(OC)n4)c3Cl)c2Cl)cnc1CNCC[C@H]1CCCO1
110	mol387	-12.96	COc1nc(-c2cccc(-c3cccc(-c4cnc(CNC[C@H]5CCC5=O)c(OC)n4)c3Cl)c2Cl)cnc1CNCC[C@H]1CCCO1
110	mol407	-13.18	COc1nc(-c2cccc(-c3cccc(-c4cnc(CNC[C@H]5CCC(=O)N5)c(OC)n4)c3Cl)c2Cl)cnc1CNCCC1CCC1
110	mol272	-12.58	COc1nc(-c2cccc(-c3cccc(-c4cnc(CNC[C@@H]5CCC(=O)N5)c(OC)n4)c3Cl)c2Cl)cnc1CNCC[C@H]1CCCO1
110	mol383	-12.55	COc1nc(-c2cccc(-c3cccc(-c4cnc(CNC[C@@H]5CCC(=O)N5)c(OC)n4)c3Cl)c2Cl)cnc1CNCC[C@H]1CCCO1
110	mol377	-12.97	COc1nc(-c2cccc(-c3cccc(-c4cnc(CNC[C@H]5CCCO5)c(OC)n4)c3Cl)c2Cl)cnc1CNC[C@H]1CCC(=O)N1
110	mol337	-12.49	COc1nc(-c2cccc(-c3cccc(-c4cnc(CNC[C@@H]5CCC(=O)N5)c(OC)n4)c3Cl)c2Cl)cnc1CNCC[C@H]1CCCO1
110	mol60	-12.57	COc1nc(-c2cccc(-c3cccc(-c4cnc(CNC[C@@H]5CCC(=O)N5)c(OC)n4)c3Cl)c2Cl)cnc1CNCC[C@H]1CCCO1
110	mol169	-12.4	COc1nc(-c2cccc(-c3cccc(-c4cnc(CNC5CC5)c(OC[C@@H]5CCC(=O)N5)c4Cl)c3Cl)c2Cl)cnc1CNCC[C@H]1CCCO1
110	mol50	-12.72	COc1nc(-c2cccc(-c3cccc(-c4cnc(CNC[C@@H]5CCC(=O)N5)c(OC)n4)c3Cl)c2Cl)cnc1CNCC[C@H]1CCCO1
110	mol240	-12.65	COc1nc(-c2cccc(-c3cccc(-c4cnc(CNC[C@@H]5CCC(=O)N5)c(OC)n4)c3Cl)c2Cl)cnc1CNCC[C@H]1CCCO1
110	mol445	-13.29	COc1ncc(-c2cccc(-c3cccc(-c4cnc(CNC[C@@H]5CCC(=O)N5)c(OC)n4)c3Cl)c2Cl)cn1
110	mol327	-12.6	COc1nc(-c2cccc(-c3cccc(-c4cnc(CNC[C@@H]5CCC(=O)N5)c(OC)n4)c3Cl)c2Cl)cnc1CNCC[C@H]1CCCO1
110	mol325	-12.6	COc1nc(-c2cccc(-c3cccc(-c4cnc(CNC[C@@H]5CCC(=O)N5)c(OC)n4)c3Cl)c2Cl)cnc1CNCC[C@H]1CCCO1
110	mol111	-13.12	COc1nc(-c2cccc(-c3cccc(-c4cnc(CNC[C@H]5CCCO5)c(OC)n4)c3Cl)c2Cl)cnc1CNC[C@H]1CCC(=O)N1
110	mol189	-13.13	COc1nc(-c2cccc(-c3cccc(-c4cnc(CN[C@H]5CCC(=O)N5)c(OC)n4)c3Cl)c2Cl)cnc1CNCC[C@H]1CCCO1
110	mol59	-12.66	COc1nc(-c2cccc(-c3cccc(-c4cnc(CNC[C@@H]5CCC(=O)N5)c(OC)n4)c3Cl)c2Cl)cnc1CNCC[C@H]1CCCO1
110	mol62	-12.62	COc1nc(-c2cccc(-c3cccc(-c4cnc(CNC[C@@H]5CCC(=O)N5)c(OC)n4)c3Cl)c2Cl)cnc1CNCC[C@H]1CCCO1
110	mol16	-12.52	COc1nc(-c2cccc(-c3cccc(-c4cnc(CNC[C@@H]5CCC(=O)N5)c(OC)n4)c3Cl)c2Cl)cnc1CNCC[C@H]1CCCO1
110	mol159	-12.58	COc1nc(-c2cccc(-c3cccc(-c4cnc(CNC[C@@H]5CCC(=O)N5)c(OC)n4)c3Cl)c2Cl)cnc1CNCC[C@H]1CCCO1
110	mol244	-12.59	COc1nc(-c2cccc(-c3cccc(-c4cnc(CNC[C@@H]5CCC(=O)N5)c(OC)n4)c3Cl)c2Cl)cnc1CNCC[C@H]1CCCO1
110	mol252	-12.68	COc1nc(-c2cccc(-c3cccc(-c4cnc(CNC[C@@H]5CCC(=O)N5)c(OC)n4)c3Cl)c2Cl)cnc1CNCC[C@H]1CCCO1
110	mol300	-12.66	COc1nc(-c2cccc(-c3cccc(-c4cnc(CNC[C@@H]5CCC(=O)N5)c(OC)n4)c3Cl)c2Cl)cnc1CNCC[C@H]1CCCO1
110	mol197	-12.67	COc1nc(-c2cccc(-c3cccc(-c4cnc(CNC[C@@H]5CCC(=O)N5)c(OC)n4)c3Cl)c2Cl)cnc1CNCC[C@H]1CCCO1
110	mol168	-13.01	COc1nc(-c2cccc(-c3cccc(-c4cnc(CNC[C@H]5CCCO5)c(OC)n4)c3Cl)c2Cl)cnc1CNC[C@H]1CCC(=O)N1
110	mol5	-12.52	COc1nc(-c2cccc(-c3cccc(-c4cnc(CNC[C@@H]5CCC(=O)N5)c(OC)n4)c3Cl)c2Cl)cnc1CNCC[C@H]1CCCO1
110	mol49	-12.6	COc1nc(-c2cccc(-c3cccc(-c4cnc(CNC[C@@H]5CCC(=O)N5)c(OC)n4)c3Cl)c2Cl)cnc1CNCC[C@H]1CCCO1
110	mol196	-12.72	O=C1CC[C@@H](NCc2cnc(-c3cccc(-c4cccc(-c5cn(CCO)cn5)c4Cl)c3Cl)cn2)N1
110	mol449	-12.68	COc1nc(-c2cccc(-c3cccc(-c4cnc(CNC[C@@H]5CCC(=O)N5)c(OC)n4)c3Cl)c2Cl)cnc1CNCC[C@H]1CCCO1
110	mol188	-12.64	COc1nc(-c2cccc(-c3cccc(-c4cnc(CNC[C@@H]5CCC(=O)N5)c(OC)n4)c3Cl)c2Cl)cnc1CNCC[C@H]1CCCO1
110	mol350	-13.44	COc1nc(-c2cccc(-c3cccc(-c4cnc(CN[C@H]5CCC(=O)N5)c(OC)n4)c3Cl)c2Cl)cnc1CNCC[C@H]1CCCO1
110	mol304	-13.14	COc1nc(-c2cccc(-c3cccc(-c4cnc(CNC[C@H]5CCCO5)c(OC)n4)c3Cl)c2Cl)cnc1CNC[C@H]1CCC(=O)N1
110	mol70	-12.52	COc1nc(-c2cccc(-c3cccc(-c4cnc(CNC[C@@H]5CCC(=O)N5)c(OC)n4)c3Cl)c2Cl)cnc1CNCC[C@H]1CCCO1
110	mol242	-12.53	COc1nc(-c2cccc(-c3cccc(-c4cnc(CNC[C@@H]5CCC(=O)N5)c(OC)n4)c3Cl)c2Cl)cnc1CNCC[C@H]1CCCO1
110	mol102	-12.56	COc1nc(-c2cccc(-c3cccc(-c4cnc(CNC[C@@H]5CCC(=O)N5)c(OC)n4)c3Cl)c2Cl)cnc1CNCC[C@H]1CCCO1
110	mol297	-12.65	COc1nc(-c2cccc(-c3cccc(-c4cnc(CNC[C@@H]5CCC(=O)N5)c(OC)n4)c3Cl)c2Cl)cnc1CNCC[C@H]1CCCO1
110	mol419	-12.55	COc1nc(-c2cccc(-c3cccc(-c4cnc(CNC[C@@H]5CCC(=O)N5)c(OC)n4)c3Cl)c2Cl)cnc1CNCC[C@H]1CCCO1
110	mol29	-12.74	COc1nc(-c2cccc(-c3cccc(-c4cnc(CNC[C@@H]5CCC(=O)N5)c(OC)n4)c3Cl)c2Cl)cnc1CNCC[C@H]1CCCO1
110	mol22	-12.48	COc1nc(-c2cccc(-c3cccc(-c4cnc(CNC[C@@H]5CCC(=O)N5)c(OC)n4)c3Cl)c2Cl)cnc1CNCC[C@H]1CCCO1
110	mol438	-12.57	COc1nc(-c2cccc(-c3cccc(-c4cnc(CNC[C@@H]5CCC(=O)N5)c(OC)n4)c3Cl)c2Cl)cnc1CNCC[C@H]1CCCO1
110	mol233	-12.66	COc1nc(-c2cccc(-c3cccc(-c4cnc(CNC[C@@H]5CCC(=O)N5)c(OC)n4)c3Cl)c2Cl)cnc1CNCC[C@H]1CCCO1
110	mol393	-12.67	COc1nc(-c2cccc(-c3cccc(-c4cnc(CNC[C@@H]5CCC(=O)N5)c(OC)n4)c3Cl)c2Cl)cnc1CNCC[C@H]1CCCO1
110	mol396	-12.61	COc1nc(-c2cccc(-c3cccc(-c4cnc(CNC[C@@H]5CCC(=O)N5)c(OC)n4)c3Cl)c2Cl)cnc1CNCC[C@H]1CCCO1
110	mol19	-12.51	COc1nc(-c2cccc(-c3cccc(-c4cnc(CNC[C@@H]5CCC(=O)N5)c(OC)n4)c3Cl)c2Cl)cnc1CNCC[C@H]1CCCO1
110	mol478	-13.11	COc1nc(-c2cccc(-c3cccc(-c4cnc(CNC[C@H]5CCCO5)c(OC)n4)c3Cl)c2Cl)cnc1CNC[C@H]1CCC(=O)N1
110	mol318	-12.63	COc1nc(-c2cccc(-c3cccc(-c4cnc(CNC[C@@H]5CCC(=O)N5)c(OC)n4)c3Cl)c2Cl)cnc1CNCC[C@H]1CCCO1
110	mol185	-12.61	COc1nc(-c2cccc(-c3cccc(-c4cnc(CNC[C@@H]5CCC(=O)N5)c(OC)n4)c3Cl)c2Cl)cnc1CNCC[C@H]1CCCO1
110	mol28	-12.48	COc1nc(-c2cccc(-c3cccc(-c4cnc(CNC[C@@H]5CCC(=O)N5)c(OC)n4)c3Cl)c2Cl)cnc1CNCC[C@H]1CCCO1
110	mol357	-12.67	COc1nc(-c2cccc(-c3cccc(-c4cnc(CNC[C@@H]5CCC(=O)N5)c(OC)n4)c3Cl)c2Cl)cnc1CNCC[C@H]1CCCO1
110	mol288	-13.18	COc1nc(-c2cccc(-c3cccc(-c4cnc(CNC[C@H]5CCC(=O)N5)c(OC)n4)c3Cl)c2Cl)cnc1CNCCC1CCC1
110	mol250	-12.74	COc1nc(-c2cccc(-c3cccc(-c4cnc(CNC[C@@H]5CCC(=O)N5)c(OC)n4)c3Cl)c2Cl)cnc1CNCC[C@H]1CCCO1
110	mol344	-12.48	COc1nc(-c2cccc(-c3cccc(-c4cnc(CNC[C@@H]5CCC(=O)N5)c(OC)n4)c3Cl)c2Cl)cnc1CNCC[C@H]1CCCO1
110	mol65	-12.68	COc1nc(-c2cccc(-c3cccc(-c4cnc(CNC[C@@H]5CCC(=O)N5)c(OC)n4)c3Cl)c2Cl)cnc1CNCC[C@H]1CCCO1
110	mol18	-12.59	COc1nc(-c2cccc(-c3cccc(-c4cnc(CNC[C@@H]5CCC(=O)N5)c(OC)n4)c3Cl)c2Cl)cnc1CNCC[C@H]1CCCO1
110	mol64	-12.64	COc1nc(-c2cccc(-c3cccc(-c4cnc(CNC[C@@H]5CCC(=O)N5)c(OC)n4)c3Cl)c2Cl)cnc1CNCC[C@H]1CCCO1
110	mol195	-12.49	COc1nc(-c2cccc(-c3cccc(-c4cnc(CNC[C@@H]5CCC(=O)N5)c(OC)n4)c3Cl)c2Cl)cnc1CNCC[C@H]1CCCO1
110	mol148	-12.71	COc1nc(-c2cccc(-c3cccc(-c4cnc(CNC[C@@H]5CCC(=O)N5)c(OC)n4)c3Cl)c2Cl)cnc1CNCC[C@H]1CCCO1
110	mol91	-12.65	COc1nc(-c2cccc(-c3cccc(-c4cnc(CNC[C@@H]5CCC(=O)N5)c(OC)n4)c3Cl)c2Cl)cnc1CNCC[C@H]1CCCO1
110	mol204	-12.49	COc1nc(-c2cccc(-c3cccc(-c4cnc(CNC[C@@H]5CCC(=O)N5)c(OC)n4)c3Cl)c2Cl)cnc1CNCC[C@H]1CCCO1
110	mol360	-13.07	COc1nc(-c2cccc(-c3cccc(-c4cnc(CNC[C@H]5CCCO5)c(OC)n4)c3Cl)c2Cl)cnc1CNC[C@H]1CCC(=O)N1
110	mol13	-12.52	COc1nc(-c2cccc(-c3cccc(-c4cnc(CNC[C@@H]5CCC(=O)N5)c(OC)n4)c3Cl)c2Cl)cnc1CNCC[C@H]1CCCO1
110	mol249	-13.15	COc1nc(-c2cccc(-c3cccc(-c4cnc(CN[C@H]5CCC(=O)N5)c(OC)n4)c3Cl)c2Cl)cnc1CNCC[C@H]1CCCO1
110	mol88	-12.67	COc1nc(-c2cccc(-c3cccc(-c4cnc(CNC[C@@H]5CCC(=O)N5)c(OC)n4)c3Cl)c2Cl)cnc1CNCC[C@H]1CCCO1
110	mol404	-12.22	COc1nc(-c2cccc(-c3cccc(-c4cnc(COCCNCC[C@H]5CCCO5)c(OC)n4)c3Cl)c2Cl)cnc1CNC[C@@H]1CCC(=O)N1
110	mol274	-12.78	COc1nc(-c2cccc(-c3cccc(-c4cnc(CNC[C@@H]5CCC(=O)N5)c(OC)n4)c3Cl)c2Cl)cnc1CNCC[C@H]1CCCO1
110	mol426	-12.52	COc1nc(-c2cccc(-c3cccc(-c4cnc(CNC[C@@H]5CCC(=O)N5)c(OC)n4)c3Cl)c2Cl)cnc1CNCC[C@H]1CCCO1
110	mol450	-12.39	COc1nc(-c2cccc(-c3cccc(-c4cnc(CNCC[C@H]5CCCO5)c(OC)n4)c3Cl)c2Cl)cnc1CNCC[C@@H]1CCC(=O)N1
110	mol434	-12.94	COc1nc(-c2cccc(-c3cccc(-c4cnc(CNC[C@H]5CCC(=O)N5)c(OC)n4)c3Cl)c2Cl)cnc1CNCCC1CC1
110	mol96	-12.94	COc1nc(-c2cccc(-c3cccc(-c4cnc(CNC[C@@H]5CCCCN5)c(OC)n4)c3Cl)c2Cl)cnc1CNCC[C@@H]1CCCO1
110	mol452	-12.5	COc1nc(-c2cccc(-c3cccc(-c4cnc(CNC[C@@H]5CCC(=O)N5)c(OC)n4)c3Cl)c2Cl)cnc1CNCC[C@H]1CCCO1
110	mol482	-12.58	COc1nc(-c2cccc(-c3cccc(-c4cnc(CNC[C@@H]5CCC(=O)N5)c(OC)n4)c3Cl)c2Cl)cnc1CNCC[C@H]1CCCO1
110	mol8	-12.67	COc1nc(-c2cccc(-c3cccc(-c4cnc(CNC[C@@H]5CCC(=O)N5)c(OC)n4)c3Cl)c2Cl)cnc1CNCC[C@H]1CCCO1
110	mol323	-12.6	COc1nc(-c2cccc(-c3cccc(-c4cnc(CNC[C@@H]5CCC(=O)N5)c(OC)n4)c3Cl)c2Cl)cnc1CNCC[C@H]1CCCO1
110	mol342	-12.97	COc1nc(-c2cccc(-c3cccc(-c4cnc(CNCC5(C(=O)O)CCCC5)c(OC)n4)c3Cl)c2Cl)cnc1CNCC[C@@H]1CCCO1
110	mol260	-12.59	COc1nc(-c2cccc(-c3cccc(-c4cnc(CNC[C@@H]5CCC(=O)N5)c(OC)n4)c3Cl)c2Cl)cnc1CNCC[C@H]1CCCO1
110	mol278	-12.53	COc1nc(-c2cccc(-c3cccc(-c4cnc(CNC[C@@H]5CCC(=O)N5)c(OC)n4)c3Cl)c2Cl)cnc1CNCC[C@H]1CCCO1
110	mol310	-12.74	COc1nc(-c2cccc(-c3cccc(-c4cnc(CNC[C@@H]5CCC(=O)N5)c(OC)n4)c3Cl)c2Cl)cnc1CNCC[C@H]1CCCO1
110	mol410	-12.42	COc1nc(-c2cccc(-c3cccc(-c4cnc(CNC[C@@H]5CCC(=O)N5)c(OC)n4)c3Cl)c2Cl)cnc1CNCC[C@H]1CCCO1
110	mol490	-12.57	COc1nc(-c2cccc(-c3cccc(-c4cnc(CNC[C@@H]5CCC(=O)N5)c(OC)n4)c3Cl)c2Cl)cnc1CNCC[C@H]1CCCO1
110	mol458	-12.81	COc1nc(-c2cccc(-c3cccc(-c4cnc(CNC[C@@H]5CCC(=O)N5)c(OC)n4)c3Cl)c2Cl)cnc1CNCC[C@@H]1CCOC1
110	mol37	-12.61	COc1nc(-c2cccc(-c3cccc(-c4cnc(CNC[C@@H]5CCC(=O)N5)c(OC)n4)c3Cl)c2Cl)cnc1CNCC[C@H]1CCCO1
110	mol157	-12.88	COc1nc(-c2cccc(-c3cccc(-c4cnc(CNC[C@@H]5CCC(=O)N5)c(OC)n4)c3Cl)c2Cl)cnc1CNCC[C@@H]1CCOC1
110	mol76	-12.82	COc1nc(-c2cccc(-c3cccc(-c4cnc(CNC[C@@H]5CCC(=O)N5)c(OC)n4)c3Cl)c2Cl)cnc1CNCC[C@H]1CCCO1
110	mol266	-12.66	COc1nc(-c2cccc(-c3cccc(-c4cnc(CNC[C@@H]5CCC(=O)N5)c(OC)n4)c3Cl)c2Cl)cnc1CNCC[C@H]1CCCO1
110	mol339	-12.54	COc1nc(-c2cccc(-c3cccc(-c4cnc(CNC[C@@H]5CCC(=O)N5)c(OC)n4)c3Cl)c2Cl)cnc1CNCC[C@H]1CCCO1
110	mol285	-12.58	COc1nc(-c2cccc(-c3cccc(-c4cnc(CNC[C@H]5CCC(=O)N5)c(OC)n4)c3Cl)c2Cl)cnc1CNCCC[C@H]1CCCO1
110	mol78	-12.7	COc1nc(-c2cccc(-c3cccc(-c4cnc(CNC[C@@H]5CCC(=O)N5)c(OC)n4)c3Cl)c2Cl)cnc1CNCC[C@H]1CCCO1
110	mol152	-12.79	COc1nc(-c2cccc(-c3cccc(-c4cnc(CNC[C@H]5CCC(=O)N5)c(OC)n4)c3Cl)c2Cl)cnc1CNCCC1CCOCC1
110	mol228	-12.51	COc1nc(-c2cccc(-c3cccc(-c4cnc(CNC[C@@H]5CCC(=O)N5)c(OC)n4)c3Cl)c2Cl)cnc1CNCC[C@H]1CCCO1
110	mol429	-12.64	COc1nc(-c2cccc(-c3cccc(-c4cnc(CNC[C@@H]5CCC(=O)N5)c(OC)n4)c3Cl)c2Cl)cnc1CNCC[C@H]1CCCO1
110	mol307	-13.37	COc1nc(-c2cccc(-c3cccc(-c4cnc(CN[C@H]5CCC(=O)N5)c(OC)n4)c3Cl)c2Cl)cnc1CNCC[C@H]1CCCO1
110	mol416	-12.44	COc1nc(-c2cccc(-c3cccc(-c4cnc(CNC[C@@H]5CCC(=O)N5)c(OC)n4)c3Cl)c2Cl)cnc1CNCC[C@H]1CCCO1
110	mol373	-12.48	COc1nc(-c2cccc(-c3cccc(-c4cnc(CNC[C@@H]5CCC(=O)N5)c(OC)n4)c3Cl)c2Cl)cnc1CNCC[C@H]1CCCO1
110	mol282	-12.58	COc1nc(-c2cccc(-c3cccc(-c4cnc(CNC[C@@H]5CCC(=O)N5)c(OC)n4)c3Cl)c2Cl)cnc1CNCC[C@H]1CCCO1
110	mol326	-12.61	COc1nc(-c2cccc(-c3cccc(-c4cnc(CNC[C@@H]5CCC(=O)N5)c(OC)n4)c3Cl)c2Cl)cnc1CNCC[C@H]1CCCO1
110	mol433	-12.61	COc1nc(-c2cccc(-c3cccc(-c4cnc(CNC[C@@H]5CCC(=O)N5)c(OC)n4)c3Cl)c2Cl)cnc1CNCC[C@H]1CCCO1
110	mol317	-12.43	COc1nc(-c2cccc(-c3cccc(-c4cnc(CNC[C@@H]5CCC(=O)N5)c(OC)n4)c3Cl)c2Cl)cnc1CNCC[C@H]1CCCO1
110	mol415	-13.23	COc1nc(-c2cccc(-c3cccc(-c4cnc(CN[C@H]5CCC(=O)N5)c(OC)n4)c3Cl)c2Cl)cnc1CNCC[C@H]1CCCO1
110	mol215	-12.67	COc1nc(-c2cccc(-c3cccc(-c4cnc(CNC[C@@H]5CCC(=O)N5)c(OC)n4)c3Cl)c2Cl)cnc1CNCC[C@H]1CCCO1
110	mol398	-13.21	COc1nc(-c2cccc(-c3cccc(-c4cnc(CNC[C@H]5CCC(=O)N5)c(OC)n4)c3Cl)c2Cl)cnc1CNCCC1CCC1
110	mol63	-12.57	COc1nc(-c2cccc(-c3cccc(-c4cnc(CNC[C@@H]5CCC(=O)N5)c(OC)n4)c3Cl)c2Cl)cnc1CNCC[C@H]1CCCO1
110	mol34	-12.54	COc1nc(-c2cccc(-c3cccc(-c4cnc(CNC[C@@H]5CCC(=O)N5)c(OC)n4)c3Cl)c2Cl)cnc1CNCC[C@H]1CCCO1
110	mol291	-12.52	COc1nc(-c2cccc(-c3cccc(-c4cnc(CNC[C@@H]5CCC(=O)N5)c(OC)n4)c3Cl)c2Cl)cnc1CNCC[C@H]1CCCO1
110	mol475	-12.6	COc1nc(-c2cccc(-c3cccc(-c4cnc(CNC[C@@H]5CCC(=O)N5)c(OC)n4)c3Cl)c2Cl)cnc1CNCC[C@H]1CCCO1
110	mol493	-12.6	COc1nc(-c2cccc(-c3cccc(-c4cnc(CNC[C@@H]5CCC(=O)N5)c(OC)n4)c3Cl)c2Cl)cnc1CNCC[C@H]1CCCO1
110	mol217	-12.37	COc1nc(-c2cccc(-c3cccc(-c4cnc(CNC[C@@H]5CCC(=O)N5)c(OC)n4)c3Cl)c2Cl)cnc1CNCC[C@H]1CCCO1
110	mol213	-12.53	COc1nc(-c2cccc(-c3cccc(-c4cnc(CNC[C@@H]5CCC(=O)N5)c(OC)n4)c3Cl)c2Cl)cnc1CNCC[C@H]1CCCO1
110	mol330	-12.46	COc1nc(-c2cccc(-c3cccc(-c4cnc(CNC5CC5)c(OC[C@@H]5CCC(=O)N5)c4Cl)c3Cl)c2Cl)cnc1CNCC[C@H]1CCCO1
110	mol418	-12.33	CCOc1nc(-c2cccc(-c3cccc(-c4cnc(CNC[C@@H]5CCC(=O)N5)c(OC)n4)c3Cl)c2Cl)cnc1CNC[C@@H]1CCCO1
110	mol287	-12.53	COc1nc(-c2cccc(-c3cccc(-c4cnc(CNC[C@@H]5CCC(=O)N5)c(OC)n4)c3Cl)c2Cl)cnc1CNCC[C@H]1CCCO1
110	mol341	-12.57	COc1nc(-c2cccc(-c3cccc(-c4cnc(CNC[C@@H]5CCC(=O)N5)c(OC)n4)c3Cl)c2Cl)cnc1CNCC[C@H]1CCCO1
110	mol101	-12.32	CCOc1nc(-c2cccc(-c3cccc(-c4cnc(CNC[C@H]5CCC(=O)N5)c(OC)n4)c3Cl)c2Cl)cnc1CNCC[C@@H]1CCCO1
110	mol36	-12.47	COc1nc(-c2cccc(-c3cccc(-c4cnc(CNC[C@@H]5CCC(=O)N5)c(OC)n4)c3Cl)c2Cl)cnc1CNCC[C@H]1CCCO1
110	mol491	-12.58	COc1nc(-c2cccc(-c3cccc(-c4cnc(CNC[C@@H]5CCC(=O)N5)c(OC)n4)c3Cl)c2Cl)cnc1CNCC[C@H]1CCCO1
110	mol144	-13.04	COc1nc(-c2cccc(-c3cccc(-c4cnc(OC[C@H]5CCC(=O)N5)c(OC)n4)c3Cl)c2Cl)cnc1CNCC[C@@H]1CCCO1
110	mol308	-12.65	COc1nc(-c2cccc(-c3cccc(-c4cnc(CNC[C@@H]5CCC(=O)N5)c(OC)n4)c3Cl)c2Cl)cnc1CNCC[C@H]1CCCO1
110	mol480	-12.91	COc1nc(-c2cccc(-c3cccc(-c4cncc(CNC[C@H]5CCC(=O)N5)c4Cl)c3Cl)c2Cl)cnc1CNCC[C@@H]1CCCO1
110	mol332	-12.72	COc1nc(-c2cccc(-c3cccc(-c4cnc(CNC[C@@H]5CCC(=O)N5)c(OC)n4)c3Cl)c2Cl)cnc1CNCC[C@H]1CCCO1
110	mol56	-12.51	COc1nc(-c2cccc(-c3cccc(-c4cnc(CNC[C@@H]5CCC(=O)N5)c(OC)n4)c3Cl)c2Cl)cnc1CNCC[C@H]1CCCO1
110	mol275	-12.51	COc1nc(-c2cccc(-c3cccc(-c4cnc(CNC[C@H]5CCC(=O)N5)c(OC)n4)c3Cl)c2Cl)cnc1CNCC[C@H]1CC[C@@H](OC)CC1
110	mol80	-12.62	COc1nc(-c2cccc(-c3cccc(-c4cnc(CNC[C@@H]5CCC(=O)N5)c(OC)n4)c3Cl)c2Cl)cnc1CNCC[C@H]1CCCO1
110	mol167	-12.7	COc1nc(-c2cccc(-c3cccc(-c4cnc(CNC[C@@H]5CCC(=O)N5)c(OC)n4)c3Cl)c2Cl)cnc1CNCC[C@H]1CCCO1
110	mol54	-12.72	COc1nc(-c2cccc(-c3cccc(-c4cnc(CNC[C@@H]5CCC(=O)N5)c(OC)n4)c3Cl)c2Cl)cnc1CNCC[C@H]1CCCO1
110	mol118	-12.57	COc1nc(-c2cccc(-c3cccc(-c4cnc(CNC[C@@H]5CCC(=O)N5)c(OC)n4)c3Cl)c2Cl)cnc1CNCC[C@H]1CCCO1
110	mol333	-12.41	COc1nc(-c2cccc(-c3cccc(-c4cnc(CNC[C@@H]5CCC(=O)N5)c(OC)n4)c3Cl)c2Cl)cnc1CNCC[C@H]1CCCO1
110	mol247	-12.67	COc1nc(-c2cccc(-c3cccc(-c4cnc(CNC[C@@H]5CCC(=O)N5)c(OC)n4)c3Cl)c2Cl)cnc1CNCC[C@H]1CCCO1
110	mol200	-12.51	COc1nc(-c2cccc(-c3cccc(-c4cnc(CNC[C@@H]5CCC(=O)N5)cn4)c3Cl)c2Cl)cnc1CNCC[C@H]1CCCO1
110	mol138	-12.49	COc1nc(-c2cccc(-c3cccc(-c4cnn(C)n4)c3Cl)c2Cl)cnc1CNCC[C@@H]1CCCO1
110	mol72	-12.5	COc1nc(-c2cccc(-c3cccc(-c4cnc(CNC[C@@H]5CCC(=O)N5)c(OC)n4)c3Cl)c2Cl)cnc1CNCC[C@H]1CCCO1
110	mol1	-12.63	COc1nc(-c2cccc(-c3cccc(-c4cnc(CNC[C@@H]5CCC(=O)N5)c(OC)n4)c3Cl)c2Cl)cnc1CNCC[C@H]1CCCO1
110	mol245	-12.62	COc1nc(-c2cccc(-c3cccc(-c4cnc(CNC[C@@H]5CCC(=O)N5)c(OC)n4)c3Cl)c2Cl)cnc1CNCC[C@H]1CCCO1
110	mol488	-12.89	COc1nncc(-c2cccc(-c3cccc(-c4cnc(CNC5CC5)c(OC[C@H]5CCC(=O)O5)n4)c3Cl)c2Cl)n1
110	mol334	-12.53	COc1nc(-c2cccc(-c3cccc(-c4cnc(CNC[C@@H]5CCC(=O)N5)c(OC)n4)c3Cl)c2Cl)cnc1CNCC[C@H]1CCCO1
110	mol286	-12.64	COc1nc(-c2cccc(-c3cccc(-c4cnc(CNC[C@@H]5CCC(=O)N5)c(OC)n4)c3Cl)c2Cl)cnc1CNCC[C@H]1CCCO1
110	mol329	-12.63	COc1nc(-c2cccc(-c3cccc(-c4cnc(CNC[C@@H]5CCC(=O)N5)c(OC)n4)c3Cl)c2Cl)cnc1CNCC[C@H]1CCCO1
110	mol386	-12.56	COc1nc(-c2cccc(-c3cccc(-c4cnc(CNC[C@@H]5CCC(=O)N5)c(OC)n4)c3Cl)c2Cl)cnc1CNCC[C@H]1CCCO1
110	mol231	-12.47	COc1nc(-c2cccc(-c3cccc(-c4cnc(CNC[C@@H]5CCC(=O)N5)c(OC)n4)c3Cl)c2Cl)cnc1CNCC[C@H]1CCCO1
110	mol469	-12.44	COc1nc(-c2cccc(-c3cccc(-c4cnc(CNC[C@@H]5CCC(=O)N5)c(OC)n4)c3Cl)c2Cl)cnc1CNCC[C@H]1CCCO1
110	mol258	-12.6	COc1nc(-c2cccc(-c3cccc(-c4cnc(CNC[C@@H]5CCC(=O)N5)c(OC)n4)c3Cl)c2Cl)cnc1CNCC[C@H]1CCCO1
110	mol32	-12.81	COc1nc(-c2cccc(-c3cccc(-c4cnc(CNC[C@@H]5CC[C@H](O)C5)c(OC)n4)c3Cl)c2Cl)cnc1CNCC[C@@H]1CCCO1
110	mol218	-12.46	COc1nc(-c2cccc(-c3cccc(-c4cnc(CNC[C@@H]5CCC(=O)N5)c(OC)n4)c3Cl)c2Cl)cnc1CNCC[C@H]1CCCO1
110	mol370	-12.53	COc1nc(-c2cccc(-c3cccc(-c4cnc(CNC[C@@H]5CCC(=O)N5)c(OC)n4)c3Cl)c2Cl)cnc1CNCC[C@H]1CCCO1
110	mol303	-12.69	COc1nc(-c2cccc(-c3cccc(-c4cnc(CNC[C@@H]5CCC(=O)N5)c(OC)n4)c3Cl)c2Cl)cnc1CNCC[C@H]1CCCO1
110	mol177	-13.2	COc1nc(-c2cccc(-c3cccc(-c4ncnc(OC)c4Cl)c3Cl)c2Cl)cnc1CNC[C@H]1CCC(=O)N1
110	mol499	-12.62	COc1nc(-c2cccc(-c3cccc(-c4cnc(CNC[C@@H]5CCC(=O)N5)c(OC)n4)c3Cl)c2Cl)cnc1CNCC[C@H]1CCCO1
110	mol212	-12.69	COc1nc(-c2cccc(-c3cccc(-c4cnc(CNC[C@@H]5CCC(=O)N5)c(OC)n4)c3Cl)c2Cl)cnc1CNCC[C@H]1CCCO1
110	mol105	-12.48	COc1nc(-c2cccc(-c3cccc(-c4cnc(CNC[C@@H]5CCC(=O)N5)c(OC)n4)c3Cl)c2Cl)cnc1CNCC[C@H]1CCCO1
110	mol232	-12.58	COc1nc(-c2cccc(-c3cccc(-c4cnc(CNC[C@@H]5CCC(=O)N5)c(OC)n4)c3Cl)c2Cl)cnc1CNCC[C@H]1CCCO1
110	mol444	-13.17	COc1nc(-c2cccc(-c3cccc(-c4cnc(CNC[C@H]5CCC(=O)N5)c(OC)n4)c3Cl)c2Cl)cnc1CNCCC1CCC1
110	mol166	-12.61	COc1nc(-c2cccc(-c3cccc(-c4cnc(CNC[C@@H]5CCC(=O)N5)c(OC)n4)c3Cl)c2Cl)cnc1CNCC[C@H]1CCCO1
110	mol435	-12.65	COc1nc(-c2cccc(-c3cccc(-c4cnc(CNC[C@@H]5CCC(=O)N5)c(OC)n4)c3Cl)c2Cl)cnc1CNCC[C@H]1CCCO1
110	mol495	-12.55	COc1nc(-c2cccc(-c3cccc(-c4cnc(CNC[C@@H]5CCC(=O)N5)c(OC)n4)c3Cl)c2Cl)cnc1CNCC[C@H]1CCCO1
110	mol353	-12.53	COc1nc(-c2cccc(-c3cccc(-c4cnc(CNC[C@@H]5CCC(=O)N5)c(OC)n4)c3Cl)c2Cl)cnc1CNCC[C@H]1CCCO1
110	mol57	-13.13	COc1nc(-c2cccc(-c3cccc(-c4cnc(OC[C@H]5CCC(=O)N5)c(OC)n4)c3Cl)c2Cl)cnc1CNCC[C@@H]1CCCO1
110	mol366	-12.63	COc1nc(-c2cccc(-c3cccc(-c4cnc(CNC[C@@H]5CCC(=O)N5)c(OC)n4)c3Cl)c2Cl)cnc1CNCC[C@H]1CCCO1
110	mol403	-12.62	COc1nc(-c2cccc(-c3cccc(-c4cnc(CNC[C@@H]5CCC(=O)N5)c(OC)n4)c3Cl)c2Cl)cnc1CNCC[C@H]1CCCO1
110	mol140	-12.56	COc1nc(-c2cccc(-c3cccc(-c4cnc(CNC[C@@H]5CCC(=O)N5)c(OC)n4)c3Cl)c2Cl)cnc1CNCC[C@H]1CCCO1
110	mol162	-12.71	COc1nc(-c2cccc(-c3cccc(-c4cnc(CNC[C@@H]5CCC(=O)N5)c(OC)n4)c3Cl)c2Cl)cnc1CNCC[C@H]1CCCO1
110	mol239	-12.91	COc1cnc(-c2cccc(-c3cccc(-c4cnc(CNC[C@@H]5CCC(=O)N5)c(OC)n4)c3Cl)c2Cl)cn1
110	mol402	-12.69	COc1nc(-c2cccc(-c3cccc(-c4cnc(CNC[C@@H]5CCC(=O)N5)c(OC)n4)c3Cl)c2Cl)cnc1CNCC[C@H]1CCCO1
110	mol489	-13.06	COc1nc(-c2cccc(-c3cccc(-c4cnc(CNC[C@H]5CCC(=O)N5)c(OC)n4)c3Cl)c2Cl)cnc1CNCCC1CC1
110	mol95	-12.66	COc1nc(-c2cccc(-c3cccc(-c4cnc(CNC[C@@H]5CCC(=O)N5)c(OC)n4)c3Cl)c2Cl)cnc1CNCC[C@H]1CCCO1
110	mol381	-13.11	COc1nc(-c2cccc(-c3cccc(-c4cnc(NC[C@@H]5CCC(=O)N5)c(OC)n4)c3Cl)c2Cl)cnc1CNC[C@H]1CCCO1
110	mol164	-12.55	COc1nc(-c2cccc(-c3cccc(-c4cnc(CNC[C@@H]5CCC(=O)N5)cn4)c3Cl)c2Cl)cnc1CNCC[C@H]1CCCO1
110	mol457	-12.65	COc1nc(-c2cccc(-c3cccc(-c4cnc(CNC[C@@H]5CCC(=O)N5)c(OC)n4)c3Cl)c2Cl)cnc1CNCC[C@H]1CCCO1
110	mol355	-12.76	COc1nc(-c2cccc(-c3cccc(-c4cnc(CNC[C@H]5CCC(=O)N5)c(OC)n4)c3Cl)c2Cl)cnc1CNCCC1CCOCC1
110	mol171	-12.03	COc1nc(-c2ccc(-c3cccc(-c4cnc(CN[C@H]5CCC(=O)N5)c(OC)n4)c3Cl)cn2)cnc1CNCC[C@@H]1CCCO1
110	mol190	-13.32	COc1nc(-c2cccc(-c3cccc(-c4cnc(CN[C@H]5CCC(=O)N5)c(OC)n4)c3Cl)c2Cl)cnc1CNCC[C@H]1CCCO1
110	mol361	-13.19	COc1nc(-c2cccc(-c3cccc(-c4cnc(CNC[C@H]5CCC(=O)N5)c(OC)n4)c3Cl)c2Cl)cnc1CNCCC1CCC1
110	mol322	-12.62	COc1nc(-c2cccc(-c3cccc(-c4cnc(CNC[C@@H]5CCC(=O)N5)c(OC)n4)c3Cl)c2Cl)cnc1CNCC[C@H]1CCCO1
110	mol259	-12.71	COc1nc(-c2cccc(-c3cccc(-c4cnc(CNC[C@@H]5CCC(=O)N5)c(OC)n4)c3Cl)c2Cl)cnc1CNCC[C@H]1CCCO1
110	mol129	-13.48	COc1nc(-c2cccc(-c3cccc(-c4cncc(CNC[C@H]5CCC(=O)N5)c4Cl)c3Cl)c2Cl)cnc1[C@H]1CCCO1
110	mol44	-13.22	COc1nc(-c2cccc(-c3cccc(-c4cnc(CN[C@H]5CCC(=O)N5)c(OC)n4)c3Cl)c2Cl)cnc1CNCC[C@H]1CCCO1
110	mol372	-12.56	COc1nc(-c2cccc(-c3cccc(-c4cnc(CNC[C@@H]5CCC(=O)N5)c(OC)n4)c3Cl)c2Cl)cnc1CNCC[C@H]1CCCO1
110	mol314	-13.4	COc1nc(-c2cccc(-c3cccc(-c4cnc(CN[C@H]5CCC(=O)N5)c(OC)n4)c3Cl)c2Cl)cnc1CNCC[C@H]1CCCO1
110	mol382	-12.67	COc1nc(-c2cccc(-c3cccc(-c4cnc(CNC[C@@H]5CCC(=O)N5)c(OC)n4)c3Cl)c2Cl)cnc1CNCC[C@H]1CCCO1
110	mol453	-12.55	COc1nc(-c2cccc(-c3cccc(-c4cnc(CNC[C@@H]5CCC(=O)N5)c(OC)n4)c3Cl)c2Cl)cnc1CNCC[C@H]1CCCO1
110	mol160	-12.51	COc1nc(-c2cccc(-c3cccc(-c4cnc(CNC[C@@H]5CCC(=O)N5)c(OC)n4)c3Cl)c2Cl)cnc1CNCC[C@H]1CCCO1
110	mol89	-13.03	COc1nc(-c2cccc(-c3cccc(-c4cnc(NCC[C@H]5CCCO5)c(OC)n4)c3Cl)c2Cl)cnc1CNCC1CCOCC1
110	mol316	-12.83	COc1nc(-c2cccc(-c3cccc(-c4cnc(CNC[C@@H]5CCC(=O)N5)c(OC)n4)c3Cl)c2Cl)cnc1CNCC[C@@H]1CCO1
110	mol77	-12.62	COc1nc(-c2cccc(-c3cccc(-c4cnc(CNC[C@@H]5CCC(=O)N5)c(OC)n4)c3Cl)c2Cl)cnc1CNCC[C@H]1CCCO1
110	mol494	-12.73	COc1nc(-c2cccc(-c3cccc(-c4cnc(CNC[C@@H]5CCC(=O)N5)c(OC)n4)c3Cl)c2Cl)cnc1CNCC[C@H]1CCCO1
110	mol229	-12.62	COc1nc(-c2cccc(-c3cccc(-c4cnc(CNC[C@@H]5CCC(=O)N5)c(OC)n4)c3Cl)c2Cl)cnc1CNCC[C@H]1CCCO1
110	mol292	-12.55	COc1nc(-c2cccc(-c3cccc(-c4cnc(CNC[C@@H]5CCC(=O)N5)c(OC)n4)c3Cl)c2Cl)cnc1CNCC[C@H]1CCCO1
110	mol362	-12.67	COc1nc(-c2cccc(-c3cccc(-c4cnc(CNC[C@@H]5CCC(=O)N5)c(OC)n4)c3Cl)c2Cl)cnc1CNCC[C@H]1CCCO1
110	mol220	-12.92	COc1nc(-c2cccc(-c3cccc(-c4cncc(CN(C)C)c4)c3Cl)c2Cl)cnc1CNCC1CCOCC1
110	mol38	-12.52	COc1nc(-c2cccc(-c3cccc(-c4cnc(CNC[C@@H]5CCC(=O)N5)c(OC)n4)c3Cl)c2Cl)cnc1CNCC[C@H]1CCCO1
110	mol359	-12.6	COc1nc(-c2cccc(-c3cccc(-c4cnc(CNC[C@@H]5CCC(=O)N5)c(OC)n4)c3Cl)c2Cl)cnc1CNCC[C@H]1CCCO1
110	mol206	-12.72	COc1nc(-c2cccc(-c3cccc(-c4cnc(CNC[C@@H]5CCC(=O)N5)c(OC)n4)c3Cl)c2Cl)cnc1CNCC[C@H]1CCCO1
110	mol439	-13.41	COc1nc(-c2cccc(-c3cccc(-c4cnc(CN[C@H]5CCC(=O)N5)c(OC)n4)c3Cl)c2Cl)cnc1CNCC[C@H]1CCCO1
110	mol474	-12.57	COc1nc(-c2cccc(-c3cccc(-c4cnc(CNC[C@@H]5CCC(=O)N5)c(OC)n4)c3Cl)c2Cl)cnc1CNCC[C@H]1CCCO1
110	mol498	-13.29	COc1ncc(-c2cccc(-c3cccc(-c4cnc(CNC[C@@H]5CCC(=O)N5)c(OC)n4)c3Cl)c2Cl)cn1
110	mol216	-12.54	COc1nc(-c2cccc(-c3cccc(-c4cnc(CNC[C@@H]5CCC(=O)N5)c(OC)n4)c3Cl)c2Cl)cnc1CNCC[C@H]1CCCO1
110	mol394	-12.71	COc1nc(-c2cccc(-c3cccc(-c4cnc(CNC[C@@H]5CCC(=O)N5)c(OC)n4)c3Cl)c2Cl)cnc1CNCC[C@H]1CCCO1
110	mol198	-12.78	COc1nc(-c2cccc(-c3cccc(-c4cnc(CNC[C@@H]5CCC(=O)N5)c(OC)n4)c3Cl)c2Cl)cnc1CNCC[C@H]1CCCO1
110	mol117	-12.52	COc1nc(-c2cccc(-c3cccc(-c4cnc(CNC[C@@H]5CCC(=O)N5)c(OC)n4)c3Cl)c2Cl)cnc1CNCC[C@H]1CCCO1
110	mol174	-12.62	COc1nc(-c2cccc(-c3cccc(-c4cnc(CNC[C@@H]5CCC(=O)N5)c(OC)n4)c3Cl)c2Cl)cnc1CNCC[C@H]1CCCO1
110	mol294	-12.62	COc1nc(-c2cccc(-c3cccc(-c4cnc(CNC[C@@H]5CCC(=O)N5)c(OC)n4)c3Cl)c2Cl)cnc1CNCC[C@H]1CCCO1
110	mol227	-13.06	COc1nc(-c2cccc(-c3cccc(-c4cnc(CNC[C@H]5CCCO5)c(OC)n4)c3Cl)c2Cl)cnc1CNC[C@H]1CCC(=O)N1
110	mol430	-12.5	COc1nc(-c2cccc(-c3cccc(-c4cnc(CNC[C@@H]5CCC(=O)N5)c(OC)n4)c3Cl)c2Cl)cnc1CNCC[C@H]1CCCO1
110	mol11	-12.5	COc1nc(-c2cccc(-c3cccc(-c4cnc(CNC[C@@H]5CCC(=O)N5)c(OC)n4)c3Cl)c2Cl)cnc1CNCC[C@H]1CCCO1
110	mol309	-13.36	COc1nccc(-c2cccc(-c3cccc(-c4cnc(CNC[C@@H]5CCC(=O)N5)c(OC)n4)c3Cl)c2Cl)n1
110	mol110	-12.56	COc1nc(-c2cccc(-c3cccc(-c4cnc(CNC[C@@H]5CCC(=O)N5)c(OC)n4)c3Cl)c2Cl)cnc1CNCC[C@H]1CCCO1
110	mol411	-12.57	COc1nc(-c2cccc(-c3cccc(-c4cnc(CNC[C@@H]5CCC(=O)N5)c(OC)n4)c3Cl)c2Cl)cnc1CNCC[C@H]1CCCO1
110	mol182	-13.31	COc1nc(-c2cccc(-c3cccc(-c4cnc(CN[C@H]5CCC(=O)N5)c(OC)n4)c3Cl)c2Cl)cnc1CNCC[C@H]1CCCO1
110	mol9	-12.61	COc1nc(-c2cccc(-c3cccc(-c4cnc(CNC[C@@H]5CCC(=O)N5)c(OC)n4)c3Cl)c2Cl)cnc1CNCC[C@H]1CCCO1
110	mol133	-12.69	COc1nc(-c2cccc(-c3cccc(-c4cnc(CNC[C@@H]5CCC(=O)N5)c(OC)n4)c3Cl)c2Cl)cnc1CNCC[C@H]1CCCO1
110	mol424	-12.7	COc1nc(-c2cccc(-c3cccc(-c4cnc(CNC[C@@H]5CCC(=O)N5)c(OC)n4)c3Cl)c2Cl)cnc1CNCC[C@H]1CCCO1
110	mol351	-12.68	COc1nc(-c2cccc(-c3cccc(-c4cnc(CNC[C@@H]5CCC(=O)N5)c(OC)n4)c3Cl)c2Cl)cnc1CNCC[C@H]1CCCO1
110	mol208	-12.67	COc1nc(-c2cccc(-c3cccc(-c4cnc(CNC[C@@H]5CCC(=O)N5)c(OC)n4)c3Cl)c2Cl)cnc1CNCC[C@H]1CCCO1
110	mol388	-12.55	COc1nc(-c2cccc(-c3cccc(-c4cnc(CNC[C@@H]5CCC(=O)N5)c(OC)n4)c3Cl)c2Cl)cnc1CNCC[C@H]1CCCO1
110	mol147	-12.46	COc1nc(-c2cccc(-c3cccc(-c4cnc(CNC[C@@H]5CCC(=O)N5)c(OC)c4Cl)c3Cl)c2Cl)cnc1CNCC[C@H]1CCCO1
110	mol90	-12.68	COc1nc(-c2cccc(-c3cccc(-c4cnc(CNC[C@@H]5CCC(=O)N5)c(OC)n4)c3Cl)c2Cl)cnc1CNCC[C@H]1CCCO1
110	mol150	-12.62	COc1nc(-c2cccc(-c3cccc(-c4cnc(CNC[C@@H]5CCC(=O)N5)c(OC)n4)c3Cl)c2Cl)cnc1CNCC[C@H]1CCCO1
110	mol121	-12.38	COc1nc(-c2cccc(-c3cccc(-c4cnc(CNC[C@@H]5CCC(=O)N5)c(OC)c4Cl)c3Cl)c2Cl)cnc1CNCC[C@H]1CCCO1
110	mol331	-12.59	COc1nc(-c2cccc(-c3cccc(-c4cnc(CNC[C@@H]5CCC(=O)N5)c(OC)n4)c3Cl)c2Cl)cnc1CNCC[C@H]1CCCO1
110	mol441	-12.62	COc1nc(-c2cccc(-c3cccc(-c4cnc(CNC[C@@H]5CCC(=O)N5)c(OC)n4)c3Cl)c2Cl)cnc1CNCC[C@H]1CCCO1
110	mol363	-13.49	COc1nc(-c2cccc(-c3cccc(-c4cnc(CNC[C@@H]5CCC(=O)N5)c(OC)n4)c3Cl)c2Cl)cnc1CNCC1CCOCC1
110	mol376	-12.94	COc1cnc(-c2cccc(-c3cccc(-c4cnc(CNC[C@@H]5CCC(=O)N5)c(OC)n4)c3Cl)c2Cl)cn1
110	mol263	-12.65	COc1nc(-c2cccc(-c3cccc(-c4cnc(CNC[C@@H]5CCC(=O)N5)c(OC)n4)c3Cl)c2Cl)cnc1CNCC[C@H]1CCCO1
110	mol312	-12.55	COc1nc(-c2cccc(-c3cccc(-c4cnc(CNC[C@@H]5CCC(=O)N5)c(OC)n4)c3Cl)c2Cl)cnc1CNCC[C@H]1CCCO1
110	mol113	-12.45	COc1nc(-c2cccc(-c3cccc(-c4cnc(CNC[C@@H]5CCC(=O)N5)c(OC)n4)c3Cl)c2Cl)cnc1CNCC[C@H]1CCCO1
110	mol120	-12.38	COc1nc(-c2cccc(-c3cccc(-c4cnc(CNC[C@@H]5CCC(=O)N5)c(OC)n4)c3Cl)c2Cl)cnc1CNCCCO
110	mol389	-12.41	COc1nc(-c2cccc(-c3cccc(-c4cnc(OC[C@@H]5CCCO5)c(OC)n4)c3Cl)c2Cl)cnc1CNC[C@@H]1CCC(=O)N1
110	mol83	-12.59	COc1nc(-c2cccc(-c3cccc(-c4cnc(CNC[C@H]5CCC(=O)N5)c(OC)n4)c3Cl)c2Cl)cnc1CNCCC[C@H]1CCCO1
110	mol184	-12.88	COc1nc(-c2cccc(-c3cccc(-c4cnc(CNC[C@@H]5CCC(=O)N5)c(OC)n4)c3Cl)c2Cl)cnc1CNCC[C@@H]1CCOC1
110	mol2	-12.93	COc1cnc(-c2cccc(-c3cccc(-c4cnc(CNC[C@@H]5CCC(=O)N5)c(OC)n4)c3Cl)c2Cl)cn1
110	mol354	-12.46	COc1nc(-c2cccc(-c3cccc(-c4cnc(CNC[C@@H]5CCC(=O)N5)c(OC)n4)c3Cl)c2Cl)cnc1CNCC[C@H]1CCCO1
110	mol191	-13.18	COc1nc(-c2cccc(-c3cccc(-c4cnc(CNC[C@H]5CCC(=O)N5)c(OC)n4)c3Cl)c2Cl)cnc1CNCCC1CCC1
110	mol466	-12.19	COc1nc(-c2cccc(-c3cccc(-c4cnc(CNC[C@H]5CCC(=O)N5)c(O)n4)c3Cl)c2Cl)cnc1CNCC[C@H]1CCCO1
110	mol451	-12.67	COc1nc(-c2cccc(-c3cccc(-c4cnc(CNC[C@@H]5CCC(=O)N5)c(OC)n4)c3Cl)c2Cl)cnc1CNCC[C@H]1CCCO1
110	mol395	-13.05	COc1nc(-c2cccc(-c3cccc(-c4cnc(CNC[C@H]5CCCO5)c(OC)n4)c3Cl)c2Cl)cnc1CNC[C@H]1CCC(=O)N1
110	mol262	-12.64	COc1nc(-c2cccc(-c3cccc(-c4cnc(CNC[C@@H]5CCC(=O)N5)c(OC)n4)c3Cl)c2Cl)cnc1CNCC[C@H]1CCCO1
110	mol257	-13.19	COc1nc(-c2cccc(-c3cccc(-c4cnc(CN5CCC(=O)N5)c(OC)n4)c3Cl)c2Cl)cnc1CNCC[C@H]1CCCO1
110	mol420	-12.6	COc1nc(-c2cccc(-c3cccc(-c4cnc(CNC[C@@H]5CCC(=O)N5)c(OC)n4)c3Cl)c2Cl)cnc1CNCC[C@H]1CCCO1
110	mol485	-12.69	COc1nc(-c2cccc(-c3cccc(-c4cnc(CNC[C@@H]5CCC(=O)N5)c(OC)n4)c3Cl)c2Cl)cnc1CNCC[C@H]1CCCO1
110	mol142	-13.19	COc1nc(-c2cccc(-c3cccc(-c4cnc(CNC[C@@H]5CCC(=O)N5)c(O)c4Cl)c3Cl)c2Cl)cnc1CNCC[C@@H]1CCCO1
110	mol125	-12.69	COc1nc(-c2cccc(-c3cccc(-c4cnc(CNC[C@@H]5CCC(=O)N5)c(OC)n4)c3Cl)c2Cl)cnc1CNCC[C@H]1CCCO1
110	mol211	-12.58	COc1nc(-c2cccc(-c3cccc(-c4cnc(CNC[C@@H]5CCC(=O)N5)c(OC)n4)c3Cl)c2Cl)cnc1CNCC[C@H]1CCCO1
110	mol66	-12.61	COc1nc(-c2cccc(-c3cccc(-c4cnc(CNC[C@@H]5CCC(=O)N5)c(OC)n4)c3Cl)c2Cl)cnc1CNCC[C@H]1CCCO1
110	mol4	-12.67	COc1nc(-c2cccc(-c3cccc(-c4cnc(CNC[C@@H]5CCC(=O)N5)c(OC)n4)c3Cl)c2Cl)cnc1CNCC[C@H]1CCCO1
110	mol109	-12.87	COc1nc(-c2cccc(-c3cccc(-c4cnc(CNC[C@H]5CCC(=O)N5)c(OC)n4)c3Cl)c2Cl)cnc1CNCCC1CCOCC1
110	mol290	-13.06	COc1nc(-c2cccc(-c3cccc(-c4cnc(CNC[C@H]5CCCO5)c(OC)n4)c3Cl)c2Cl)cnc1CNC[C@H]1CCC(=O)N1
110	mol299	-12.85	COc1nc(-c2cccc(-c3cccc(-c4cnc(CNC[C@@H]5CCC(=O)N5)c(OC)n4)c3Cl)c2Cl)cnc1CNCC[C@@H]1CCOC1
110	mol378	-12.66	COc1nc(-c2cccc(-c3cccc(-c4cnc(CNC[C@@H]5CCC(=O)N5)c(OC)n4)c3Cl)c2Cl)cnc1CNCC[C@H]1CCCO1
110	mol371	-12.6	COc1nc(-c2cccc(-c3cccc(-c4cnc(CNC[C@@H]5CCC(=O)N5)c(OC)n4)c3Cl)c2Cl)cnc1CNCC[C@H]1CCCO1
110	mol224	-12.6	COc1nc(-c2cccc(-c3cccc(-c4cnc(CNC[C@@H]5CCC(=O)N5)c(OC)n4)c3Cl)c2Cl)cnc1CNCC[C@H]1CCCO1
110	mol161	-12.58	COc1nc(-c2cccc(-c3cccc(-c4cnc(CNC[C@@H]5CCC(=O)N5)c(OC)n4)c3Cl)c2Cl)cnc1CNCC[C@H]1CCCO1
110	mol417	-13.64	COc1ncc(-c2cccc(-c3cccc(-c4cnc(CN[C@H]5CCC(=O)N5)c(OC)n4)c3Cl)c2Cl)cn1
110	mol39	-13.28	COc1ncc(-c2cccc(-c3cccc(-c4cnc(CNC[C@@H]5CCC(=O)N5)c(OC)n4)c3Cl)c2Cl)cn1
110	mol496	-12.79	COc1nc(-c2cccc(-c3cccc(-c4cnc(CNC[C@@H]5CCC(=O)N5)c(OC)n4)c3Cl)c2Cl)cnc1CNCC[C@@H]1CCO1
110	mol219	-12.87	COc1nc(-c2cccc(-c3cccc(-c4cnc(CNC[C@@H]5CCC(=O)N5)c(OC)n4)c3Cl)c2Cl)cnc1CNCC[C@@H]1CCOC1
110	mol311	-12.15	COc1nc(-c2cccc(-c3cccc(-c4cnc(CNC[C@H]5CCC(=O)N5)c(O)n4)c3Cl)c2Cl)cnc1CNCC[C@H]1CCCO1
110	mol280	-13.08	COc1nc(-c2cccc(-c3cccc(-c4cnc(OC[C@H]5CCC(=O)N5)c(OC)n4)c3Cl)c2Cl)cnc1CNCC[C@@H]1CCCO1
110	mol104	-12.67	COc1nc(-c2cccc(-c3cccc(-c4cnc(CNC[C@@H]5CCC(=O)N5)c(OC)n4)c3Cl)c2Cl)cnc1CNCC[C@H]1CCCO1
110	mol173	-12.49	COc1nc(-c2cccc(-c3cccc(-c4cnc(CNC[C@@H]5CCC(=O)N5)c(OC)n4)c3Cl)c2Cl)cnc1CNCC[C@H]1CCCO1
110	mol154	-12.74	COc1nc(-c2cccc(-c3cccc(-c4cnc(CNC[C@@H]5CCC(=O)N5)c(OC)n4)c3Cl)c2Cl)cnc1CNCC[C@@H]1CCOC1
110	mol447	-12.11	COc1nc(-c2cccc(-c3cccc(-c4cnc(CNC[C@H]5CCC(=O)N5)c(O)n4)c3Cl)c2Cl)cnc1CNCC[C@H]1CCCO1
110	mol468	-13.2	COc1nc(-c2cccc(-c3cccc(-c4cnc(CN[C@H]5CCC(=O)N5)c(OC)n4)c3Cl)c2Cl)cnc1CNCC[C@H]1CCCO1
110	mol413	-13.31	COc1ncc(-c2cccc(-c3cccc(-c4cnc(CNC[C@@H]5CCC(=O)N5)c(OC)n4)c3Cl)c2Cl)cn1
110	mol406	-12.4	COc1nc(-c2cccc(-c3cccc(-c4cnc(CNC[C@@H]5CCC(=O)N5)c(OC)n4)c3Cl)c2Cl)cnc1CNCC[C@H]1CCCO1
110	mol269	-12.65	COc1nc(-c2cccc(-c3cccc(-c4cnc(CNC[C@@H]5CCC(=O)N5)c(OC)n4)c3Cl)c2Cl)cnc1CNCC[C@H]1CCCO1
110	mol397	-12.73	COc1nc(-c2cccc(-c3cccc(-c4cnc(CNC[C@@H]5CCC(=O)N5)c(OC)n4)c3Cl)c2Cl)cnc1CNCC[C@@H]1CCOC1
110	mol0	-13.43	COc1nc(-c2cccc(-c3cccc(-c4cnc(CN[C@H]5CCC(=O)N5)c(OC)n4)c3Cl)c2Cl)cnc1CNCC[C@H]1CCCO1
110	mol369	-12.65	COc1nc(-c2cccc(-c3cccc(-c4cnc(CNC[C@@H]5CCC(=O)N5)c(OC)n4)c3Cl)c2Cl)cnc1CNCC[C@H]1CCCO1
110	mol461	-12.57	COc1nc(-c2cccc(-c3cccc(-c4cnc(CNC[C@@H]5CCC(=O)N5)c(OC)n4)c3Cl)c2Cl)cnc1CNCC[C@H]1CCCO1
110	mol27	-12.66	COc1nc(-c2cccc(-c3cccc(-c4cnc(CNC[C@@H]5CCC(=O)N5)c(OC)n4)c3Cl)c2Cl)cnc1CNCC[C@H]1CCCO1
110	mol122	-12.58	COc1nc(-c2cccc(-c3cccc(-c4cnc(CNC[C@@H]5CCC(=O)N5)c(OC)n4)c3Cl)c2Cl)cnc1CNCC[C@H]1CCCO1
110	mol31	-12.66	COc1nc(-c2cccc(-c3cccc(-c4cnc(CNC[C@@H]5CCC(=O)N5)c(OC)n4)c3Cl)c2Cl)cnc1CNCC[C@H]1CCCO1
110	mol3	-12.67	COc1nc(-c2cccc(-c3cccc(-c4cnc(CNC[C@@H]5CCC(=O)N5)c(OC)n4)c3Cl)c2Cl)cnc1CNCC[C@H]1CCCO1
110	mol15	-12.5	COc1nc(-c2cccc(-c3cccc(-c4cnc(CNC[C@@H]5CCC(=O)N5)c(OC)n4)c3Cl)c2Cl)cnc1CNCC[C@H]1CCCO1
110	mol178	-13.31	COc1nc(-c2cccc(-c3cccc(-c4cnc(CN[C@H]5CCC(=O)N5)c(OC)n4)c3Cl)c2Cl)cnc1CNCC[C@H]1CCCO1
110	mol47	-13.11	COc1nc(-c2cccc(-c3cccc(-c4cnc(=O)c(OC[C@H]5CCC(=O)N5)c(OC)n4)c3Cl)c2Cl)cnc1CNCC[C@H]1CCCO1
110	mol48	-13.42	COc1nc(-c2cccc(-c3cccc(-c4cnc(CN[C@H]5CCC(=O)N5)c(OC)n4)c3Cl)c2Cl)cnc1CNCC[C@H]1CCCO1
110	mol356	-12.53	COc1nc(-c2cccc(-c3cccc(-c4cnc(CNC[C@@H]5CCC(=O)N5)c(OC)n4)c3Cl)c2Cl)cnc1CNCC[C@H]1CCCO1
110	mol119	-12.58	COc1nc(-c2cccc(-c3cccc(-c4cnc(CNC[C@@H]5CCC(=O)N5)c(OC)n4)c3Cl)c2Cl)cnc1CNCC[C@H]1CCCO1
110	mol392	-13.0	COc1nc(-c2cccc(-c3cccc(-c4cnc(CNC[C@@H]5CCC(=O)N5)c(OC)n4)c3Cl)c2Cl)cnc1CNCC[C@@H]1CCOC1
110	mol358	-12.79	COc1nc(-c2cccc(-c3cccc(-c4cnc(CNC[C@@H]5CCC(=O)N5)c(OC)n4)c3Cl)c2Cl)cnc1CNCC[C@@H]1CCOC1
110	mol181	-12.93	COc1nc(-c2cccc(-c3cccc(-c4cnc(CNC[C@@H]5CCC(=O)N5)c(OC)n4)c3Cl)c2Cl)cnc1CNCC[C@@H]1CCOC1
110	mol30	-12.49	COc1nc(-c2cccc(-c3cccc(-c4cnc(CNC[C@@H]5CCC(=O)N5)c(OC)n4)c3Cl)c2Cl)cnc1CNCC[C@H]1CCCO1
110	mol399	-13.01	COc1nc(-c2cccc(-c3cccc(-c4cnc(CNC[C@H]5CCC(=O)N5)c(OC)n4)c3Cl)c2Cl)cnc1CNCCC1CCC1
110	mol170	-12.49	COc1nc(-c2cccc(-c3cccc(-c4cnc(CNC[C@@H]5CCC(=O)N5)c(OC)n4)c3Cl)c2Cl)cnc1CNCC[C@H]1CCCO1
110	mol17	-12.53	COc1nc(-c2cccc(-c3cccc(-c4cnc(CNC[C@@H]5CCC(=O)N5)c(OC)n4)c3Cl)c2Cl)cnc1CNCC[C@H]1CCCO1
110	mol205	-12.84	COc1nc(-c2cccc(-c3cccc(-c4cnc(CNC[C@@H]5CCC(=O)N5)c(OC)n4)c3Cl)c2Cl)cnc1CNCC[C@@H]1CCOC1
110	mol201	-13.2	COc1nc(-c2cccc(-c3cccc(-c4cnc(CN[C@H]5CCC(=O)N5)c(OC)n4)c3Cl)c2Cl)cnc1CNCC[C@H]1CCCO1
110	mol33	-12.74	COc1ncn(-c2cccc(-c3cccc(-c4cnc(CNC[C@@H]5CCC(=O)N5)c(OC)n4)c3Cl)c2Cl)n1
110	mol455	-13.21	COc1nc(-c2cccc(-c3cccc(-c4cnc(CNC[C@H]5CCC(=O)N5)c(OC)n4)c3Cl)c2Cl)cnc1CNCCC1CCC1
110	mol235	-12.34	COc1nc(-c2cccc(-c3cccc(-c4cnc(CNC[C@@H]5CCC(=O)N5)c(OC)n4)c3Cl)c2Cl)cnc1CNCC[C@H]1CCCO1
110	mol107	-12.65	COc1nc(-c2cccc(-c3cccc(-c4cnc(CNC[C@@H]5CCC(=O)N5)c(OC)n4)c3Cl)c2Cl)cnc1CNCC[C@H]1CCCO1
110	mol462	-12.24	COc1nc(-c2cccc(-c3cccc(-c4cnc(CNC[C@H]5CCC(=O)N5)c(O)n4)c3Cl)c2Cl)cnc1CNCC[C@H]1CCCO1
110	mol103	-12.62	COc1nc(-c2cccc(-c3cccc(-c4cnc(CNC[C@@H]5CCC(=O)N5)c(OC)n4)c3Cl)c2Cl)cnc1CNCC[C@H]1CCCO1
110	mol409	-12.67	COc1nc(-c2cccc(-c3cccc(-c4cnc(CNC[C@@H]5CCC(=O)N5)c(OC)n4)c3Cl)c2Cl)cnc1CNCC[C@H]1CCCO1
110	mol368	-13.02	COc1nc(-c2cccc(-c3cccc(-c4cnc(CNC[C@@H]5CCC(=O)N5)c(OC)n4)c3Cl)c2Cl)cnc1CNCC[C@@H]1CCOC1
110	mol46	-12.54	COc1nc(-c2cccc(-c3cccc(-c4cnc(CNC[C@@H]5CCC(=O)N5)c(OC)n4)c3Cl)c2Cl)cnc1CNCC[C@H]1CCCO1
110	mol131	-12.64	COc1nc(-c2cccc(-c3cccc(-c4cnc(CNC[C@@H]5CCC(=O)N5)c(OC)n4)c3Cl)c2Cl)cnc1CNCC[C@H]1CCCO1
110	mol238	-13.65	COc1n[nH]c(-c2cccc(-c3cccc(-c4cnc(CNC[C@@H]5CCC(=O)N5)c(O)c4Cl)c3Cl)c2Cl)c1Cc1ccccc1
110	mol483	-12.64	COc1nc(-c2cccc(-c3cccc(-c4cnc(CNC[C@@H]5CCC(=O)N5)c(OC)n4)c3Cl)c2Cl)cnc1CNCC[C@H]1CCCO1
110	mol472	-12.64	COc1nc(-c2cccc(-c3cccc(-c4cnc(CNC[C@@H]5CCC(=O)N5)c(OC)n4)c3Cl)c2Cl)cnc1CNCC[C@H]1CCCO1
110	mol436	-12.61	COc1nc(-c2cccc(-c3cccc(-c4cnc(CNC[C@@H]5CCC(=O)N5)c(OC)n4)c3Cl)c2Cl)cnc1CNCC[C@H]1CCCO1
110	mol172	-12.69	COc1nc(-c2cccc(-c3cccc(-c4cnc(CNC[C@@H]5CCC(=O)N5)c(OC)n4)c3Cl)c2Cl)cnc1CNCC[C@H]1CCCO1
110	mol151	-13.03	COc1nc(-c2cccc(-c3cccc(-c4cnc(NCC[C@H]5CCCO5)c(OC)n4)c3Cl)c2Cl)cnc1CNC[C@H]1CCC(=O)N1
110	mol484	-12.67	COc1nc(-c2cccc(-c3cccc(-c4cnc(CNC[C@@H]5CCC(=O)N5)c(OC)n4)c3Cl)c2Cl)cnc1CNCC[C@H]1CCCO1
110	mol214	-12.9	COc1nc(-c2cccc(-c3cccc(-c4cnc(CNC[C@H]5CCC(=O)N5)c(OC)n4)c3Cl)c2Cl)cnc1CNCCC1CCCC1
110	mol431	-12.71	COc1nc(-c2cccc(-c3cccc(-c4cnc(CNC[C@@H]5CCC(=O)N5)c(OC)n4)c3Cl)c2Cl)cnc1CNCC[C@H]1CCCO1
110	mol137	-12.79	O=C1CC[C@H](CNCc2ncc(-c3cccc(-c4cccc(-c5cncnn5)c4Cl)c3Cl)nc2OC2CC2)N1
110	mol375	-12.53	COc1nc(-c2cccc(-c3cccc(-c4cnc(CNC[C@@H]5CCC(=O)N5)c(OC)n4)c3Cl)c2Cl)cnc1CNCC[C@H]1CCCO1
110	mol79	-12.5	COc1nc(-c2cccc(-c3cccc(-c4cnc(CNC[C@@H]5CCC(=O)N5)c(OC)n4)c3Cl)c2Cl)cnc1CNCC[C@H]1CCCO1
110	mol463	-12.68	COc1nc(-c2cccc(-c3cccc(-c4cnc(CNC[C@@H]5CCC(=O)N5)c(OC)n4)c3Cl)c2Cl)cnc1CNCC[C@H]1CCCO1
110	mol71	-12.91	COc1cnc(-c2cccc(-c3cccc(-c4cnc(CNC[C@@H]5CCC(=O)N5)c(OC)n4)c3Cl)c2Cl)cn1
110	mol98	-12.58	COc1nc(-c2cccc(-c3cccc(-c4cnc(CNC[C@@H]5CCC(=O)N5)c(OC)n4)c3Cl)c2Cl)cnc1CNCC[C@H]1CCCO1
110	mol486	-12.45	COc1nc(-c2cccc(-c3cccc(-c4cnc(CNC[C@@H]5CCC(=O)N5)c(OC)n4)c3Cl)c2Cl)cnc1CNCC[C@H]1CCCO1
110	mol23	-12.85	COc1nc(-c2cccc(-c3cccc(-c4cnc(CNC[C@H]5CCC(=O)N5)c(OC)n4)c3Cl)c2Cl)cnc1CNCCC1CCOCC1
110	mol265	-13.16	COc1nc(-c2cccc(-c3cccc(-c4cnc(CN[C@H]5CCC(=O)N5)c(OC)n4)c3Cl)c2Cl)cnc1CNCC[C@H]1CCCO1
110	mol464	-12.61	COc1nc(-c2cccc(-c3cccc(-c4cnc(CNC[C@@H]5CCC(=O)N5)c(OC)n4)c3Cl)c2Cl)cnc1CNCC[C@H]1CCCO1
110	mol58	-12.56	COc1nc(-c2cccc(-c3cccc(-c4cnc(CNC[C@@H]5CCC(=O)N5)c(OC)n4)c3Cl)c2Cl)cnc1CNCC[C@H]1CCCO1
110	mol248	-13.89	O=C1CC[C@H](CNCc2ncc(-c3cccc(-c4cccc(-c5ccnc(CN6CCOCC6)c5O)c4Cl)c3Cl)nc2O)N1
110	mol202	-12.64	COc1nc(-c2cccc(-c3cccc(-c4cnc(CNC[C@@H]5CCC(=O)N5)c(OC)n4)c3Cl)c2Cl)cnc1CNCC[C@H]1CCCO1
110	mol315	-12.81	COc1nc(-c2cccc(-c3cccc(-c4cnc(CNC[C@@H]5CCC(=O)N5)c(OC)n4)c3Cl)c2Cl)cnc1CNCC[C@H]1CCCO1
110	mol226	-12.66	COc1nc(-c2cccc(-c3cccc(-c4cnc(CNC[C@@H]5CCC(=O)N5)c(OC)n4)c3Cl)c2Cl)cnc1CNCC[C@H]1CCCO1
110	mol82	-13.24	COc1ncc(-c2cccc(-c3cccc(-c4cnc(CNC[C@@H]5CCC(=O)N5)c(OC)n4)c3Cl)c2Cl)cn1
110	mol476	-12.66	COc1nc(-c2cccc(-c3cccc(-c4cnc(CNC[C@@H]5CCC(=O)N5)c(OC)n4)c3Cl)c2Cl)cnc1CNCC[C@H]1CCCO1
110	mol454	-12.57	COc1nc(-c2cccc(-c3cccc(-c4cnc(CNC[C@@H]5CCC(=O)N5)c(OC)n4)c3Cl)c2Cl)cnc1CNCC[C@H]1CCCO1
110	mol246	-12.92	COc1nc(-c2cccc(-c3cccc(-c4cnc(CNC[C@@H]5CCC(=O)O5)c(OC)n4)c3Cl)c2Cl)cnc1CNCC[C@H]1CCCO1
110	mol432	-12.97	COc1nc(-c2cccc(-c3cccc(-c4cnc(CNC[C@H]5CCCO5)c(OC)n4)c3Cl)c2Cl)cnc1CNC[C@H]1CCC(=O)N1
110	mol134	-12.89	COc1nc(-c2cccc(-c3cccc(-c4cnc(CNC[C@@H]5CCC(=O)N5)c(OC)n4)c3Cl)c2Cl)cnc1CNCC[C@@H]1CCOC1
110	mol460	-12.54	COc1nc(-c2cccc(-c3cccc(-c4cnc(CNC[C@@H]5CCC(=O)N5)c(OC)n4)c3Cl)c2Cl)cnc1CNCC[C@H]1CCCO1
110	mol343	-13.6	COc1nc(-c2cccc(-c3cccc(-c4cnc(CNC[C@@H]5CCC(=O)N5)c(O)c4Cl)c3Cl)c2Cl)cnc1CNC[C@H]1CCCO1
110	mol364	-12.54	COc1nc(-c2cccc(-c3cccc(-c4cnc(CNC[C@@H]5CCC(=O)N5)c(OC)n4)c3Cl)c2Cl)cnc1CNCC[C@H]1CCCO1
110	mol116	-12.61	COc1nc(-c2cccc(-c3cccc(-c4cnc(CNC[C@@H]5CCC(=O)N5)c(OC)n4)c3Cl)c2Cl)cnc1CNCC[C@H]1CCCO1
110	mol41	-12.52	COc1nc(-c2cccc(-c3cccc(-c4cnc(CNC[C@@H]5CCC(=O)N5)c(OC)n4)c3Cl)c2Cl)cnc1CNCC[C@H]1CCCO1
110	mol127	-13.1	COc1nc(-c2cccc(-c3cccc(-c4cnc(CNC[C@H]5CCCO5)c(OC)n4)c3Cl)c2Cl)cnc1CNC[C@H]1CCC(=O)N1
110	mol277	-12.62	COc1nc(-c2cccc(-c3cccc(-c4cnc(CNC[C@@H]5CCC(=O)N5)c(OC)n4)c3Cl)c2Cl)cnc1CNCC[C@H]1CCCO1
110	mol176	-12.62	COc1nc(-c2cccc(-c3cccc(-c4cnc(CNC[C@@H]5CCC(=O)N5)c(OC)n4)c3Cl)c2Cl)cnc1CNCC[C@H]1CCCO1
110	mol123	-12.7	COc1nc(-c2cccc(-c3cccc(-c4cnc(CNC[C@@H]5CCC(=O)N5)c(OC)n4)c3Cl)c2Cl)cnc1CNCC[C@H]1CCCO1
110	mol305	-12.59	COc1nc(-c2cccc(-c3cccc(-c4cnc(CNC[C@@H]5CCC(=O)N5)cn4)c3Cl)c2Cl)cnc1CNCC[C@H]1CCCO1
110	mol279	-12.62	COc1nc(-c2cccc(-c3cccc(-c4cnc(CNC[C@@H]5CCC(=O)N5)c(OC)n4)c3Cl)c2Cl)cnc1CNCC[C@H]1CCCO1
110	mol497	-12.63	COc1nc(-c2cccc(-c3cccc(-c4cnc(CNC[C@@H]5CCC(=O)N5)c(OC)n4)c3Cl)c2Cl)cnc1CNCC[C@H]1CCCO1
110	mol158	-12.61	COc1nc(-c2cccc(-c3cccc(-c4cnc(CNC[C@@H]5CCC(=O)N5)c(OC)n4)c3Cl)c2Cl)cnc1CNCC[C@H]1CCCO1
110	mol465	-12.6	COc1nc(-c2cccc(-c3cccc(-c4cnc(CNC[C@@H]5CCC(=O)N5)c(OC)n4)c3Cl)c2Cl)cnc1CNCC[C@H]1CCCO1
110	mol43	-12.64	COc1nc(-c2cccc(-c3cccc(-c4cnc(CNC[C@@H]5CCC(=O)N5)c(OC)n4)c3Cl)c2Cl)cnc1CNCC[C@H]1CCCO1
110	mol124	-12.6	COc1nc(-c2cccc(-c3cccc(-c4cnc(CNC[C@@H]5CCC(=O)N5)c(OC)n4)c3Cl)c2Cl)cnc1CNCC[C@H]1CCCO1
110	mol85	-12.61	COc1nc(-c2cccc(-c3cccc(-c4cnc(CNC[C@@H]5CCC(=O)N5)c(OC)n4)c3Cl)c2Cl)cnc1CNCC[C@H]1CCCO1
120	mol443	-12.62	COc1nc(-c2cccc(-c3cccc(-c4cnc(CNC[C@@H]5CCC(=O)N5)c(OC)n4)c3Cl)c2Cl)cnc1CNCC[C@H]1CCCO1
120	mol114	-13.2	COc1nc(-c2cccc(-c3cccc(-c4cnc(CN[C@H]5CCC(=O)N5)c(OC)n4)c3Cl)c2Cl)cnc1CNCC[C@H]1CCCO1
120	mol422	-12.46	COc1nc(-c2cccc(-c3cccc(-c4cnc(CN5CCC[C@H]5CNCCC5CC5)c(OC)n4)c3Cl)c2Cl)cnc1CNC[C@@H]1CCC(=O)N1
120	mol25	-13.38	COc1nc(-c2cccc(-c3cccc(-c4cnc(CN[C@H]5CCC(=O)N5)c(OC)n4)c3Cl)c2Cl)cnc1CNCC[C@H]1CCCO1
120	mol442	-12.59	COc1nc(-c2cccc(-c3cccc(-c4cnc(CNC[C@@H]5CCC(=O)N5)c(OC)n4)c3Cl)c2Cl)cnc1CNCC[C@H]1CCCO1
120	mol210	-12.1	COc1nc(-c2cccc(-c3cccc(-c4cnc(CNC[C@H]5CCC(=O)N5)c(O)n4)c3Cl)c2Cl)cnc1CNCC[C@H]1CCCO1
120	mol225	-12.69	COc1nc(-c2cccc(-c3cccc(-c4cnc(CNCC5CCCCC5)c(OC)n4)c3Cl)c2Cl)cnc1CNCC[C@H]1CCCO1
120	mol437	-12.6	COc1nc(-c2cccc(-c3cccc(-c4cnc(CNC[C@@H]5CCC(=O)N5)c(OC)n4)c3Cl)c2Cl)cnc1CNCC[C@H]1CCCO1
120	mol10	-12.51	COc1nc(-c2cccc(-c3cccc(-c4cnc(CNC[C@@H]5CCC(=O)N5)c(OC)n4)c3Cl)c2Cl)cnc1CNCC[C@H]1CCCO1
120	mol75	-13.43	COc1nc(-c2cccc(-c3cccc(-c4cnc(CNC[C@@H]5CCC(=O)N5)c(O)c4Cl)c3Cl)c2Cl)cnc1CNCC[C@@H]1CCCO1
120	mol284	-12.59	COc1nc(-c2cccc(-c3cccc(-c4cnc(CNC[C@@H]5CCC(=O)N5)c(OC)n4)c3Cl)c2Cl)cnc1CNCC[C@H]1CCCO1
120	mol400	-13.15	COc1nc(-c2cccc(-c3cccc(-c4cnc(CNC[C@H]5CCC(=O)N5)c(OC)n4)c3Cl)c2Cl)cnc1CNCCC1CCC1
120	mol346	-12.64	COc1nc(-c2cccc(-c3cccc(-c4cnc(CNC[C@@H]5CCC(=O)N5)c(OC)n4)c3Cl)c2Cl)cnc1CNCC[C@H]1CCCO1
120	mol391	-12.62	COc1nc(-c2cccc(-c3cccc(-c4cnc(CNC[C@@H]5CCC(=O)N5)c(OC)n4)c3Cl)c2Cl)cnc1CNCC[C@H]1CCCO1
120	mol273	-12.92	COc1nc(-c2cccc(-c3cccc(-c4cnc(CNC[C@H]5CCC(=O)N5)c(OC)n4)c3Cl)c2Cl)cnc1CNCCC1CCOCC1
120	mol165	-13.38	COc1nc(-c2cccc(-c3cccc(-c4cnc(CNC[C@@H]5CCC(=O)N5)c(O)c4Cl)c3Cl)c2Cl)cnc1CNCC[C@@H]1CCCO1
120	mol99	-13.42	COc1nc(-c2cccc(-c3cccc(-c4cnc(CN[C@H]5CCC(=O)N5)c(OC)n4)c3Cl)c2Cl)cnc1CNCC[C@H]1CCCO1
120	mol68	-12.59	COc1nc(-c2cccc(-c3cccc(-c4cnc(CNC[C@@H]5CCC(=O)N5)c(OC)n4)c3Cl)c2Cl)cnc1CNCC[C@H]1CCCO1
120	mol254	-12.65	COc1nc(-c2cccc(-c3cccc(-c4cnc(CNC[C@@H]5CCC(=O)N5)c(OC)n4)c3Cl)c2Cl)cnc1CNCC[C@H]1CCCO1
120	mol84	-12.58	COc1nc(-c2cccc(-c3cccc(-c4cnc(CNC[C@@H]5CCC(=O)N5)c(OC)n4)c3Cl)c2Cl)cnc1CNCC[C@H]1CCCO1
120	mol6	-12.81	COc1nc(-c2cccc(-c3cccc(-c4cnc(CNC[C@H]5CCC(=O)N5)c(OC)n4)c3Cl)c2Cl)cnc1CNCCC1CCOCC1
120	mol405	-12.56	COc1nc(-c2cccc(-c3cccc(-c4cnc(CNC[C@@H]5CCC(=O)N5)c(OC)n4)c3Cl)c2Cl)cnc1CNCC[C@H]1CCCO1
120	mol324	-12.49	COc1nc(-c2cccc(-c3cccc(-c4cnc(CNC[C@@H]5CCC(=O)N5)c(OC)n4)c3Cl)c2Cl)cnc1CNCC[C@H]1CCCO1
120	mol425	-12.21	COc1ccc(-c2ccc(-c3cccc(-c4cccc(OC[C@@H]5CCC(=O)N5)c4Cl)c3Cl)cn2)cn1
120	mol175	-12.53	COc1nc(-c2cccc(-c3cccc(-c4cnc(CNC[C@@H]5CCC(=O)N5)c(OC)n4)c3Cl)c2Cl)cnc1CNCC[C@H]1CCCO1
120	mol487	-12.68	COc1nc(-c2cccc(-c3cccc(-c4cnc(CNC[C@@H]5CCC(=O)N5)c(OC)n4)c3Cl)c2Cl)cnc1CNCC[C@H]1CCCO1
120	mol55	-12.66	COc1nc(-c2cccc(-c3cccc(-c4cnc(CNC[C@@H]5CCC(=O)N5)c(OC)n4)c3Cl)c2Cl)cnc1CNCC[C@H]1CCCO1
120	mol352	-12.72	COc1nc(-c2cccc(-c3cccc(-c4cnc(CNC5CCCC5)c(OC)n4)c3Cl)c2Cl)cnc1CNCC[C@@H]1CCCO1
120	mol153	-12.26	COc1nc(-c2cccc(-c3cccc(-c4cnc(CNC5CCC5)c(OC[C@@H]5CCCO5)n4)c3Cl)c2Cl)cnc1CNCC[C@H]1CCCO1
120	mol289	-12.65	COc1nc(-c2cccc(-c3cccc(-c4cnc(CNCC[C@H]5CCCO5)c(OC)n4)c3Cl)c2Cl)cnc1CNCC[C@@H]1CCC(=O)N1
120	mol423	-13.82	COc1nc(-c2cccc(-c3cccc(-c4cnc(CNC[C@H]5CCC(=O)N5)c(O)c4Cl)c3Cl)c2Cl)cnc1CNCCC1CCOCC1
120	mol256	-13.38	COc1nc(-c2cccc(-c3cccc(-c4cnc(CN[C@H]5CCC(=O)N5)c(OC)n4)c3Cl)c2Cl)cnc1CNCC[C@H]1CCCO1
120	mol108	-12.65	COc1nc(-c2cccc(-c3cccc(-c4cnc(CNC[C@@H]5CCC(=O)N5)c(OC)n4)c3Cl)c2Cl)cnc1CNCC[C@H]1CCCO1
120	mol477	-12.62	COc1nc(-c2cccc(-c3cccc(-c4cnc(CNC[C@@H]5CCC(=O)N5)c(OC)n4)c3Cl)c2Cl)cnc1CNCC[C@H]1CCCO1
120	mol92	-13.36	COc1nc(-c2cccc(-c3cccc(-c4cnc(CNC[C@@H]5CCC(=O)N5)c(O)c4Cl)c3Cl)c2Cl)cnc1CNCC[C@@H]1CCCO1
120	mol459	-12.69	COc1nc(-c2cccc(-c3cccc(-c4cnc(CNC[C@H]5CCC(=O)N5)c(OC)n4)c3Cl)c2Cl)cnc1CNCCC1CCOCC1
120	mol301	-13.13	COc1nc(-c2cccc(-c3cccc(-c4cncnc4Cl)c3Cl)c2Cl)cnc1CNCC[C@@H]1CCCO1
120	mol347	-12.62	COc1nc(-c2cccc(-c3cccc(-c4cnc(CNC[C@@H]5CCC(=O)N5)c(OC)n4)c3Cl)c2Cl)cnc1CNCC[C@H]1CCCO1
120	mol367	-13.45	COc1nc(-c2cccc(-c3cccc(-c4cnc(CN[C@H]5CCC(=O)N5)c(OC)n4)c3Cl)c2Cl)cnc1CNCC[C@H]1CCCO1
120	mol73	-13.24	COc1nc(-c2cccc(-c3cccc(-c4cnc(CNC[C@@H]5CCC(=O)N5)c(O)c4Cl)c3Cl)c2Cl)cnc1CNCC[C@@H]1CCCO1
120	mol45	-12.67	COc1nc(-c2cccc(-c3cccc(-c4cnc(CNC[C@@H]5CCC(=O)N5)c(OC)n4)c3Cl)c2Cl)cnc1CNCC[C@H]1CCCO1
120	mol320	-12.09	COc1nc(-c2cccc(-c3cccc(-c4cnc(CNC[C@H]5CCC(=O)N5)c(O)n4)c3Cl)c2Cl)cnc1CNCC[C@H]1CCCO1
120	mol35	-12.56	COc1nc(-c2cccc(-c3cccc(-c4cnc(CNC[C@@H]5CCC(=O)N5)c(OC)n4)c3Cl)c2Cl)cnc1CNCC[C@H]1CCCO1
120	mol52	-12.53	COc1nc(-c2cccc(-c3cccc(-c4cnc(CNC[C@@H]5CCC(=O)N5)c(OC)n4)c3Cl)c2Cl)cnc1CNCC[C@H]1CCCO1
120	mol348	-12.51	COc1nc(-c2cccc(-c3cccc(-c4cnc(CNCC[C@H]5CCCO5)c(OC)n4)c3Cl)c2Cl)cnc1CNCC[C@@H]1CCC(=O)N1
120	mol81	-13.16	COc1nc(-c2cccc(-c3cccc(-c4cnc(CNC[C@@H]5CCC(=O)N5)c(O)c4Cl)c3Cl)c2Cl)cnc1CNCC[C@@H]1CCCO1
120	mol241	-12.87	COc1nc(-c2cccc(-c3cccc(-c4cnc(N)cn4)c3Cl)c2Cl)cnc1CNCC[C@H]1CCCO1
120	mol390	-13.19	COc1nc(-c2cccc(-c3cccc(-c4cnc(CN[C@H]5CCC(=O)N5)c(OC)n4)c3Cl)c2Cl)cnc1CNCC[C@H]1CCCO1
120	mol255	-12.5	COc1nc(-c2cccc(-c3cccc(-c4cnc(CNC[C@H]5CCC(=O)N5)c(O)c4Cl)c3Cl)c2Cl)cnc1CNCCCOCC[C@@H]1CCCO1
120	mol21	-12.75	COc1nc(-c2cccc(-c3cccc(-c4cnc(CNC[C@@H]5CCC(=O)N5)c(OC)n4)c3Cl)c2Cl)cnc1CNCC[C@H]1CCCO1
120	mol365	-12.62	COc1nc(-c2cccc(-c3cccc(-c4cnc(CNC[C@@H]5CCC(=O)N5)c(OC)n4)c3Cl)c2Cl)cnc1CNCC[C@H]1CCCO1
120	mol470	-13.75	COc1nc(-c2cccc(-c3cccc(-c4cnc(CNC[C@H]5CCC(=O)N5)c(O)c4Cl)c3Cl)c2Cl)cnc1CNCCC1CCOCC1
120	mol492	-12.56	COc1nc(-c2cccc(-c3cccc(-c4cnc(CNC[C@@H]5CCC(=O)N5)c(OC)n4)c3Cl)c2Cl)cnc1CNCC[C@H]1CCCO1
120	mol24	-13.38	COc1nc(-c2cccc(-c3cccc(-c4cnc(CN[C@H]5CCC(=O)N5)c(OC)n4)c3Cl)c2Cl)cnc1CNCC[C@H]1CCCO1
120	mol379	-12.74	COc1nc(-c2cccc(-c3cccc(-c4cncnc4)c3Cl)c2Cl)cnc1CNCCC1CCCC1
120	mol473	-12.68	CCOc1nc(-c2cccc(-c3cccc(-c4cnc(CNC[C@H]5CCC(=O)N5)c(OC)n4)c3Cl)c2Cl)cnc1CNCC[C@@H]1CCCO1
120	mol149	-12.53	COc1nc(-c2cccc(-c3cccc(-c4cnc(CNC[C@@H]5CCC(=O)N5)c(OC)n4)c3Cl)c2Cl)cnc1CNCC[C@H]1CCCO1
120	mol7	-12.51	COc1nc(-c2cccc(-c3cccc(-c4cnc(CNC[C@@H]5CCC(=O)N5)c(OC)n4)c3Cl)c2Cl)cnc1CNCC[C@H]1CCCO1
120	mol467	-12.71	COc1nc(-c2cccc(-c3cccc(-c4cnc(CNC[C@@H]5CCC(=O)N5)c(OC)n4)c3Cl)c2Cl)cnc1CNCC[C@H]1CCCO1
120	mol380	-12.57	COc1nc(-c2cccc(-c3cccc(-c4cnc(CNC[C@@H]5CCC(=O)N5)cn4)c3Cl)c2Cl)cnc1CNCC[C@H]1CCCO1
120	mol270	-12.64	COc1nc(-c2cccc(-c3cccc(-c4cnc(CNC[C@@H]5CCC(=O)N5)c(OC)n4)c3Cl)c2Cl)cnc1CNCC[C@H]1CCCO1
120	mol336	-12.5	COc1nc(-c2cccc(-c3cccc(-c4cnc(CNC[C@@H]5CCC(=O)N5)c(OC)n4)c3Cl)c2Cl)cnc1CNCC[C@H]1CCCO1
120	mol479	-12.58	COc1nc(-c2cccc(-c3cccc(-c4cnc(CNC[C@@H]5CCC(=O)N5)c(OC)n4)c3Cl)c2Cl)cnc1CNCC[C@H]1CCCO1
120	mol163	-12.93	COc1nc(-c2cccc(-c3cccc(-c4cnc(CNC[C@H]5CCC(=O)N5)c(OC)n4)c3Cl)c2Cl)cnc1CNCCC1CCOCC1
120	mol237	-12.56	COc1nc(-c2cccc(-c3cccc(-c4cnc(CNC[C@@H]5CCC(=O)N5)c(OC)n4)c3Cl)c2Cl)cnc1CNCC[C@H]1CCCO1
120	mol67	-12.65	COc1nc(-c2cccc(-c3cccc(-c4cnc(CNC[C@@H]5CCC(=O)N5)c(OC)n4)c3Cl)c2Cl)cnc1CNCC[C@H]1CCCO1
120	mol338	-13.19	COc1nc(-c2cccc(-c3cccc(-c4cnc(CNC[C@@H]5CCC(=O)N5)c(O)c4Cl)c3Cl)c2Cl)cnc1CNCC[C@@H]1CCCO1
120	mol94	-12.61	COc1nc(-c2cccc(-c3cccc(-c4cnc(CNC[C@@H]5CCC(=O)N5)c(OC)n4)c3Cl)c2Cl)cnc1CNCC[C@H]1CCCO1
120	mol385	-12.34	COc1nc(-c2cccc(-c3cccc(-c4cnc(CNCC[C@H]5CCCO5)c(OC)n4)c3Cl)c2Cl)cnc1CNCC[C@@H]1CCC(=O)N1
120	mol187	-12.67	COc1nc(-c2cccc(-c3cccc(-c4cnc(CNC[C@@H]5CCC(=O)N5)c(OC)n4)c3Cl)c2Cl)cnc1CNCC[C@H]1CCCO1
120	mol53	-12.57	COc1nc(-c2cccc(-c3cccc(-c4cnc(CNC[C@@H]5CCC(=O)N5)c(OC)n4)c3Cl)c2Cl)cnc1CNCC[C@H]1CCCO1
120	mol236	-12.55	COc1nc(-c2cccc(-c3cccc(-c4cnc(CNC[C@@H]5CCC(=O)N5)c(OC)n4)c3Cl)c2Cl)cnc1CNCC[C@H]1CCCO1
120	mol199	-12.94	COc1nc(-c2cccc(-c3cccc(-c4cnc(CNC[C@H]5CCC(=O)N5)c(OC)n4)c3Cl)c2Cl)cnc1CNCCC1CCOCC1
120	mol69	-12.68	COc1nc(-c2cccc(-c3cccc(-c4cnc(CNC[C@@H]5CCC(=O)N5)c(OC)n4)c3Cl)c2Cl)cnc1CNCC[C@H]1CCCO1
120	mol349	-12.55	COc1nc(-c2cccc(-c3cccc(-c4cnc(CNC[C@@H]5CCC(=O)N5)c(OC)n4)c3Cl)c2Cl)cnc1CNCC[C@H]1CCCO1
120	mol100	-12.46	COc1nc(-c2cccc(-c3cccc(-c4cnc(CNC[C@@H]5CCC(=O)N5)c(OC)n4)c3Cl)c2Cl)cnc1CNCC[C@H]1CCCO1
120	mol20	-12.6	COc1nc(-c2cccc(-c3cccc(-c4cnc(CNC[C@@H]5CCC(=O)N5)c(OC)n4)c3Cl)c2Cl)cnc1CNCC[C@H]1CCCO1
120	mol321	-12.48	COc1nc(-c2cccc(-c3cccc(-c4cnc(CNC[C@H]5CCC(=O)N5)c(OC)n4)c3Cl)c2Cl)cnc1CNCCCOCC[C@H]1CCCO1
120	mol313	-13.18	COc1nc(-c2cccc(-c3cccc(-c4cnc(CN[C@H]5CCC(=O)N5)c(OC)n4)c3Cl)c2Cl)cnc1CNCC[C@H]1CCCO1
120	mol335	-12.71	COc1nc(-c2cccc(-c3cccc(-c4cnc(CNC[C@@H]5CCC(=O)N5)c(OC)n4)c3Cl)c2Cl)cnc1CNCC[C@H]1CCCO1
120	mol427	-13.1	COc1nc(-c2cccc(-c3cccc(-c4cnc(CNC[C@H]5CCCO5)c(OC)n4)c3Cl)c2Cl)cnc1CNC[C@H]1CCC(=O)N1
120	mol61	-12.17	COc1nc(-c2cccc(-c3cccc(-c4cnc(CNC[C@H]5CCC(=O)N5)c(O)n4)c3Cl)c2Cl)cnc1CNCC[C@H]1CCCO1
120	mol281	-12.55	COc1nc(-c2cccc(-c3cccc(-c4cnc(CNC[C@H]5CCC(=O)N5)c(OC)n4)c3Cl)c2Cl)cnc1CNCCC[C@H]1CCCO1
120	mol12	-12.79	COc1nc(-c2cccc(-c3cccc(-c4cnc(CNC[C@H]5CCC(=O)N5)c(OC)n4)c3Cl)c2Cl)cnc1CNCCC1CCOCC1
120	mol296	-13.21	COc1nc(-c2cccc(-c3cccc(-c4cnc(CNC[C@@H]5CCC(=O)N5)c(O)c4Cl)c3Cl)c2Cl)cnc1CNCC[C@@H]1CCCO1
120	mol128	-12.57	COc1nc(-c2cccc(-c3cccc(-c4cnc(CNC[C@@H]5CCC(=O)N5)c(OC)n4)c3Cl)c2Cl)cnc1CNCC[C@H]1CCCO1
120	mol130	-12.64	COc1nc(-c2cccc(-c3cccc(-c4cnc(CNC[C@@H]5CCC(=O)N5)c(OC)n4)c3Cl)c2Cl)cnc1CNCC[C@H]1CCCO1
120	mol126	-12.55	COc1nc(-c2cccc(-c3cccc(-c4cnc(CNC[C@@H]5CCC(=O)N5)c(OC)n4)c3Cl)c2Cl)cnc1CNCC[C@H]1CCCO1
120	mol86	-12.79	COc1nc(-c2cccc(-c3cccc(-c4cnc(CNC[C@@H]5CCC(=O)N5)c(OC)n4)c3Cl)c2Cl)cnc1CNCC[C@@H]1CCOC1
120	mol267	-12.59	COc1nc(-c2cccc(-c3cccc(-c4cnc(CNC[C@@H]5CCC(=O)N5)c(OC)n4)c3Cl)c2Cl)cnc1CNCC[C@H]1CCCO1
120	mol272	-13.28	COc1nc(-c2cccc(-c3cccc(-c4cnc(CNCC[C@@H]5CCC(=O)N5)c(O)c4Cl)c3Cl)c2Cl)cnc1CNCC[C@H]1CCCO1
120	mol383	-13.14	COc1nc(-c2cccc(-c3cccc(-c4cnc(CNC[C@H]5CCCO5)c(OC)n4)c3Cl)c2Cl)cnc1CNC[C@H]1CCC(=O)N1
120	mol337	-13.04	COc1nc(-c2cccc(-c3cccc(-c4cnc(CNC[C@@H]5CCC(=O)N5)c(O)c4Cl)c3Cl)c2Cl)cnc1CNCC[C@@H]1CCCO1
120	mol60	-12.84	COc1nc(-c2cccc(-c3cccc(-c4cnc(CNC[C@H]5CCC(=O)N5)cn4)c3Cl)c2Cl)cnc1NCCC1CCOCC1
120	mol169	-12.26	COc1nc(-c2cccc(-c3cccc(-c4cnc(CN[C@H]5CCC(=O)N5)c(OC)n4)c3Cl)n2)cnc1CNCC[C@@H]1CCCO1
120	mol445	-12.95	COc1nc(-c2cccc(-c3cccc(-c4cnc(CNC[C@@H]5CCC(=O)N5)c(OC)n4)c3Cl)c2Cl)cnc1CNCC[C@@H]1CCOC1
120	mol327	-12.63	COc1nc(-c2cccc(-c3cccc(-c4cnc(CNC[C@@H]5CCC(=O)N5)c(OC)n4)c3Cl)c2Cl)cnc1CNCC[C@H]1CCCO1
120	mol325	-13.0	COc1nc(-c2cccc(-c3cccc(-c4cnc(CNC[C@@H]5CCC(=O)N5)c(O)c4Cl)c3Cl)c2Cl)cnc1CNCC[C@@H]1CCCO1
120	mol189	-13.27	COc1nc(-c2cccc(-c3cccc(-c4cnc(CNC[C@H]5CCC(=O)N5)c(O)c4Cl)c3Cl)c2Cl)cnc1CNCCC1CCC1
120	mol59	-12.79	COc1nc(-c2cccc(-c3cccc(-c4cnc(CNCC[C@@H]5CCCO5)c(OC)n4)c3Cl)c2Cl)cnc1CO
120	mol62	-13.15	COc1nc(-c2cccc(-c3cccc(-c4cnc(CNC5CCCC5)c(OC)n4)c3Cl)c2Cl)cnc1CNC[C@H]1CCC(=O)N1
120	mol244	-12.86	COc1nc(-c2cccc(-c3cccc(-c4cnc(CNC[C@H]5CCC(=O)N5)c(OC)n4)c3Cl)c2Cl)cnc1CNCCC1CCOCC1
120	mol252	-13.21	COc1nc(-c2cccc(-c3cccc(-c4cnc(CNC[C@@H]5CCC(=O)N5)c(O)c4Cl)c3Cl)c2Cl)cnc1CNCC[C@@H]1CCCO1
120	mol300	-12.93	COc1nc(-c2cccc(-c3cccc(-c4cnc(CNC[C@@H]5CCC(=O)N5)c(O)c4Cl)c3Cl)c2Cl)cnc1CNCC[C@@H]1CCCO1
120	mol197	-12.57	COc1nc(-c2cccc(-c3cccc(-c4cnc(CNC[C@@H]5CCC(=O)N5)c(OC)n4)c3Cl)c2Cl)cnc1CNCC[C@H]1CCCO1
120	mol168	-12.59	COc1nc(-c2cccc(-c3cccc(-c4cnc(CNC[C@@H]5CCC(=O)N5)c(OC)n4)c3Cl)c2Cl)cnc1CNCC[C@H]1CCCO1
120	mol5	-12.75	COc1nc(-c2cccc(-c3cccc(-c4cnc(CNC[C@H]5CCC(=O)N5)c(OC)n4)c3Cl)c2Cl)cnc1CNCCC1CCOCC1
120	mol49	-12.67	COc1nc(-c2cccc(-c3cccc(-c4cnc(CNC[C@@H]5CCC(=O)N5)c(OC)n4)c3Cl)c2Cl)cnc1CNCC[C@H]1CCCO1
120	mol196	-12.62	COc1nc(-c2cccc(-c3cccc(-c4cnc(CNC[C@@H]5CCC(=O)N5)c(OC)n4)c3Cl)c2Cl)cnc1CNCC[C@H]1CCCO1
120	mol449	-12.49	COc1nc(-c2cccc(-c3cccc(-c4cnc(CNC[C@@H]5CCC(=O)N5)c(OC)n4)c3Cl)c2Cl)cnc1CNCC[C@H]1CCCO1
120	mol283	-13.89	COc1ncc(-c2cccc(-c3cccc(-c4cccc(CNC[C@@H]5CCC(=O)N5)c4Cl)c3Cl)c2Cl)nn1
120	mol188	-13.3	COc1nc(-c2cccc(-c3cccc(-c4cnc(CNC[C@H]5CCC(=O)N5)c(O)n4)c3Cl)c2Cl)cnc1CNC[C@@H]1CCCO1
120	mol350	-12.21	COc1nc(-c2cccc(-c3cccc(-c4cnc(CNC5CC5)c(OC[C@@H]5CCC(=O)N5)c4Cl)c3Cl)c2Cl)cnc1CNCC[C@H]1CCCO1
120	mol304	-12.67	COc1nc(-c2cccc(-c3cccc(-c4cnc(CNC[C@@H]5CCC(=O)N5)c(OC)n4)c3Cl)c2Cl)cnc1CNCC[C@H]1CCCO1
120	mol70	-12.64	COc1nc(-c2cccc(-c3cccc(-c4cnc(CNC[C@@H]5CCC(=O)N5)c(OC)n4)c3Cl)c2Cl)cnc1CNCC[C@H]1CCCO1
120	mol242	-13.98	COc1nc(-c2cccc(-c3cccc(-c4cnc(CN[C@H]5CCC(=O)N5)c(O)c4Cl)c3Cl)c2Cl)cnc1CNCC[C@@H]1CCCO1
120	mol421	-12.54	COc1nc(-c2cccc(-c3cccc(-c4cnc(CNC[C@@H]5CCC(=O)N5)c(OC)n4)c3Cl)c2Cl)cnc1CNCC[C@H]1CCCO1
120	mol102	-12.97	COc1nc(-c2cccc(-c3cccc(-c4cnc(CNC[C@@H]5CCC(=O)N5)c(O)c4Cl)c3Cl)c2Cl)cnc1CNCC[C@@H]1CCCO1
120	mol297	-13.03	COc1nc(-c2cccc(-c3cccc(-c4cnc(CNC[C@@H]5CCC(=O)N5)c(O)c4Cl)c3Cl)c2Cl)cnc1CNCC[C@@H]1CCCO1
120	mol194	-12.64	COc1nc(-c2cccc(-c3cccc(-c4cnc(CNC[C@@H]5CCC(=O)N5)c(OC)n4)c3Cl)c2Cl)cnc1CNCC[C@H]1CCCO1
120	mol146	-12.72	COc1nc(-c2cccc(-c3cccc(-c4cnc(CNC[C@@H]5CCC(=O)N5)c(OC)n4)c3Cl)c2Cl)cnc1CNCC[C@H]1CCCO1
120	mol233	-12.75	COc1nc(-c2cccc(-c3cccc(-c4cnc(CNC[C@@H]5CCC(=O)N5)c(OC)n4)c3Cl)c2Cl)cnc1CNCC[C@H]1CCCO1
120	mol393	-12.09	COc1nc(-c2cccc(-c3cccc(-c4cnc(CNC[C@H]5CCC(=O)N5)c(O)n4)c3Cl)c2Cl)cnc1CNCC[C@H]1CCCO1
120	mol396	-13.51	COc1nc(-c2cccc(-c3cccc(-c4cnc(CNC[C@H]5CCC(=O)O5)c(O)c4)c3Cl)c2Cl)cnc1CNCC[C@@H]1CCCO1
120	mol19	-13.45	COc1nc(-c2cccc(-c3cccc(-c4cnc(CN[C@H]5CCC(=O)N5)c(OC)n4)c3Cl)c2Cl)cnc1CNCC[C@H]1CCCO1
120	mol478	-13.31	COc1nc(-c2cccc(-c3cccc(-c4cnc(CNC[C@@H]5CCC(=O)N5)c(O)c4Cl)c3Cl)c2Cl)cnc1CNCC[C@@H]1CCCO1
120	mol318	-12.56	COc1nc(-c2cccc(-c3cccc(-c4cnc(CNC[C@@H]5CCC(=O)N5)c(OC)n4)c3Cl)c2Cl)cnc1CNCC[C@H]1CCCO1
120	mol185	-12.66	COc1nc(-c2cccc(-c3cccc(-c4cnc(CNC[C@@H]5CCC(=O)N5)c(OC)n4)c3Cl)c2Cl)cnc1CNCC[C@H]1CCCO1
120	mol28	-12.68	COc1nc(-c2cccc(-c3cccc(-c4cnc(CNC[C@@H]5CCC(=O)N5)c(O)n4)c3Cl)c2Cl)cnc1CNCC[C@@H]1CCOC1
120	mol357	-12.46	COc1nc(-c2cccc(-c3cccc(-c4cnc(CNC[C@@H]5CCC(=O)N5)c(OC)n4)c3Cl)c2Cl)cnc1CNCC[C@H]1CCCO1
120	mol288	-13.41	COc1nc(-c2cccc(-c3cccc(-c4cnc(CN[C@H]5CCC(=O)N5)c(OC)n4)c3Cl)c2Cl)cnc1CNCC[C@H]1CCCO1
120	mol253	-12.5	COc1nc(-c2cccc(-c3cccc(-c4cnc(CNC[C@H]5CCC(=O)N5)c(O)n4)c3Cl)c2Cl)cnc1CNCCC1CC1
120	mol344	-13.31	COc1ncc(-c2cccc(-c3cccc(-c4cnc(CNC[C@@H]5CCC(=O)N5)c(OC)n4)c3Cl)c2Cl)cn1
120	mol18	-13.47	COc1cc(-c2cccc(-c3cccc(-c4cnc(CNCCC5CCOCC5)c(OC)n4)c3Cl)c2Cl)cnc1CNC[C@H]1CCC(=O)N1
120	mol64	-12.67	COc1nc(-c2cccc(-c3cccc(-c4cnc(CNC[C@@H]5CCC(=O)N5)c(OC)n4)c3Cl)c2Cl)cnc1CNCC[C@H]1CCCO1
120	mol195	-12.81	COc1nc(-c2cccc(-c3cccc(-c4cncc(CNC[C@H]5CCC(=O)N5)c4Cl)c3Cl)c2Cl)cnc1CNCC[C@@H]1CCCO1
120	mol91	-12.69	COc1nc(-c2cccc(-c3cccc(-c4cnc(CNC[C@@H]5CCC(=O)N5)c(OC)n4)c3Cl)c2Cl)cnc1CNCC[C@H]1CCCO1
120	mol204	-13.85	COc1nc(-c2cccc(-c3cccc(-c4cnc(CNC[C@H]5CCC(=O)N5)c(O)n4)c3Cl)c2Cl)cnc1CNCC1CCOCC1
120	mol360	-12.66	COc1nc(-c2cccc(-c3cccc(-c4cnc(CNC[C@@H]5CCC(=O)N5)c(OC)n4)c3Cl)c2Cl)cnc1CNCC[C@H]1CCCO1
120	mol13	-12.34	COc1nc(-c2cccc(-c3cccc(-c4cnc(CNC[C@@H]5CCC(=O)N5)c(OC)n4)c3Cl)c2Cl)cnc1CNCC[C@H]1CCCO1
120	mol249	-13.41	COc1nc(-c2cccc(-c3cccc(-c4cnc(CN[C@H]5CCC(=O)N5)c(OC)n4)c3Cl)c2Cl)cnc1CNCC[C@H]1CCCO1
120	mol404	-12.7	COc1nc(-c2cccc(-c3cccc(-c4cnc(CNC[C@@H]5CCC(=O)N5)c(OC)n4)c3Cl)c2Cl)cnc1CNCC[C@H]1CCCO1
120	mol426	-12.72	COc1nc(-c2cccc(-c3cccc(-c4cnc(CNC[C@@H]5CCC(=O)N5)c(OC)n4)c3Cl)c2Cl)cnc1CNCC[C@H]1CCCO1
120	mol450	-13.19	COc1nc(-c2cccc(-c3cccc(-c4cnc(CNC[C@@H]5CCC(=O)N5)c(O)c4Cl)c3Cl)c2Cl)cnc1CNCC[C@@H]1CCCO1
120	mol434	-12.63	COc1nc(-c2cccc(-c3cccc(-c4cnc(CNC[C@@H]5CCC(=O)N5)c(OC)n4)c3Cl)c2Cl)cnc1CNCC[C@H]1CCCO1
120	mol482	-12.53	COc1nc(-c2cccc(-c3cccc(-c4cnc(CNC[C@@H]5CCC(=O)N5)c(OC)n4)c3Cl)c2Cl)cnc1CNCC[C@H]1CCCO1
120	mol268	-12.58	COc1nc(-c2cccc(-c3cccc(-c4cnc(CNC[C@@H]5CCC(=O)N5)c(OC)n4)c3Cl)c2Cl)cnc1CNCC[C@H]1CCCO1
120	mol8	-12.56	COc1nc(-c2cccc(-c3cccc(-c4cnc(CNC[C@@H]5CCC(=O)N5)c(OC)n4)c3Cl)c2Cl)cnc1CNCC[C@H]1CCCO1
120	mol260	-12.66	COc1nc(-c2cccc(-c3cccc(-c4cnc(CNC[C@@H]5CCC(=O)N5)c(OC)n4)c3Cl)c2Cl)cnc1CNCC[C@H]1CCCO1
120	mol310	-12.7	COc1nc(-c2cccc(-c3cccc(-c4cnc(CNC[C@@H]5CCC(=O)N5)c(OC)n4)c3Cl)c2Cl)cnc1CNCC[C@H]1CCCO1
120	mol410	-12.66	COc1nc(-c2cccc(-c3cccc(-c4cnc(CNC[C@@H]5CCC(=O)N5)c(OC)n4)c3Cl)c2Cl)cnc1CNCC[C@H]1CCCO1
120	mol490	-13.1	COc1nc(-c2cccc(-c3cccc(-c4cnc(CNC[C@@H]5CCC(=O)N5)c(O)c4Cl)c3Cl)c2Cl)cnc1CNCC[C@@H]1CCCO1
120	mol458	-12.83	COc1nc(-c2cccc(-c3cccc(-c4cnc(CNC[C@@H]5CCC(=O)N5)c(OC)n4)c3Cl)c2Cl)cnc1CNCC[C@@H]1CCOC1
120	mol37	-12.58	COc1nc(-c2cccc(-c3cccc(-c4cnc(CNC[C@@H]5CCC(=O)N5)c(OC)n4)c3Cl)c2Cl)cnc1CNCC[C@H]1CCCO1
120	mol76	-13.38	COc1nc(-c2cccc(-c3cccc(-c4cnc(CN[C@H]5CCC(=O)N5)c(O)n4)c3Cl)c2Cl)cnc1CNCC[C@H]1CCCO1
120	mol339	-12.69	COc1nc(-c2cccc(-c3cccc(-c4cnc(CNC[C@@H]5CCC(=O)N5)c(OC)n4)c3Cl)c2Cl)cnc1CNCC[C@H]1CCCO1
120	mol152	-12.84	COc1nc(-c2cccc(-c3cccc(-c4cnc(CNC[C@H]5CCC(=O)N5)c(OC)n4)c3Cl)c2Cl)cnc1CNCCC1CCOCC1
120	mol228	-13.34	COc1nc(-c2cccc(-c3cccc(-c4cnc(CN[C@H]5CCC(=O)N5)c(OC)n4)c3Cl)c2Cl)cnc1CNCC[C@H]1CCCO1
120	mol429	-12.98	COc1nc(-c2cccc(-c3cccc(-c4cnc(CNC[C@H]5CCC(=O)N5)c(OC)n4)c3Cl)c2Cl)cnc1CNCCC1CCOCC1
120	mol307	-12.66	COc1nc(-c2cccc(-c3cccc(-c4cnc(CNC[C@@H]5CCC(=O)N5)c(OC)n4)c3Cl)c2Cl)cnc1CNCC[C@H]1CCCO1
120	mol416	-12.52	COc1nc(-c2cccc(-c3cccc(-c4cnc(CNC[C@@H]5CCC(=O)N5)c(OC)n4)c3Cl)c2Cl)cnc1CNCC[C@H]1CCCO1
120	mol373	-12.03	COc1nc(-c2cccc(-c3cccc(-c4cnc(CNC[C@H]5CCC(=O)N5)c(O)n4)c3Cl)c2Cl)cnc1CNCC[C@H]1CCCO1
120	mol282	-12.6	COc1nc(-c2cccc(-c3cccc(-c4cnc(CNC[C@@H]5CCC(=O)N5)c(OC)n4)c3Cl)c2Cl)cnc1CNCC[C@H]1CCCO1
120	mol326	-13.28	COc1ncc(-c2cccc(-c3cccc(-c4cnc(CNC[C@@H]5CCC(=O)N5)c(OC)n4)c3Cl)c2Cl)cn1
120	mol433	-12.37	COc1nc(-c2cccc(-c3cccc(-c4cnc(CNC[C@@H]5CCC(=O)N5)c(OC)n4)c3Cl)c2Cl)cnc1CNCC[C@H]1CCCO1
120	mol317	-12.61	COc1nc(-c2cccc(-c3cccc(-c4cnc(CNC[C@@H]5CCC(=O)N5)c(OC)n4)c3Cl)c2Cl)cnc1CNCC[C@H]1CCCO1
120	mol415	-12.5	COc1nc(-c2cccc(-c3cccc(-c4cnc(CNC[C@@H]5CCC(=O)N5)c(OC)n4)c3Cl)c2Cl)cnc1CNCC[C@H]1CCCO1
120	mol398	-13.2	COc1nc(-c2cccc(-c3cccc(-c4cnc(CNC[C@H]5CCC(=O)N5)c(OC)n4)c3Cl)c2Cl)cnc1CNCCC1CCC1
120	mol63	-12.69	COc1nc(-c2cccc(-c3cccc(-c4cnc(CNC[C@@H]5CCC(=O)N5)c(OC)n4)c3Cl)c2Cl)cnc1CNCC[C@H]1CCCO1
120	mol26	-12.74	COc1nc(-c2cccc(-c3cccc(-c4cnc(CNC[C@@H]5CCC(=O)N5)c(OC)n4)c3Cl)c2Cl)cnc1CNCC[C@H]1CCCO1
120	mol34	-13.11	COc1nc(-c2cccc(-c3cccc(-c4cnc(CN[C@H]5CCC(=O)N5)c(OC)n4)c3Cl)c2Cl)cnc1CNCC[C@H]1CCCO1
120	mol475	-13.23	O=C1CC[C@@H](CNCc2ncc(-c3cccc(-c4cccc(-c5cnc(CNC[C@H]6CCOC6)cn5)c4Cl)c3Cl)c(Cl)c2O)N1
120	mol330	-12.82	COc1nc(-c2cccc(-c3cccc(-c4cnc(CNC[C@@H]5CCC(=O)N5)c(OC)n4)c3Cl)c2Cl)cnc1CNCC[C@@H]1CCOC1
120	mol448	-12.1	COc1nc(-c2cccc(-c3cccc(-c4cnc(CNC[C@H]5CCC(=O)N5)c(O)n4)c3Cl)c2Cl)cnc1CNCC[C@H]1CCCO1
120	mol40	-12.94	COc1nc(-c2cccc(-c3cccc(-c4cnc(CNC[C@H]5CCC(=O)N5)c(OC)n4)c3Cl)c2Cl)cnc1CNCCC1CCOCC1
120	mol223	-13.24	COc1nc(-c2cccc(-c3cccc(-c4cnc(CN[C@H]5CCC(=O)N5)c(OC)n4)c3Cl)c2Cl)cnc1CNCC[C@H]1CCCO1
120	mol287	-13.32	COc1nc(-c2cccc(-c3cccc(-c4cnc(CN[C@H]5CCC(=O)N5)c(O)n4)c3Cl)c2Cl)cnc1CNCC[C@H]1CCCO1
120	mol341	-13.42	COc1nc(-c2cccc(-c3cccc(-c4cccc(CNC[C@H]5CCC(=O)N5)c4)c3Cl)c2Cl)cnc1CNCC[C@@H]1CCCO1
120	mol36	-12.61	COc1nc(-c2cccc(-c3cccc(-c4cnc(CNC5CCC5)c(O)n4)c3Cl)c2Cl)cnc1CNCC[C@H]1CCCO1
120	mol491	-13.28	COc1nc(-c2cccc(-c3cccc(-c4cnc(CN[C@H]5CCC(=O)N5)c(OC)n4)c3Cl)c2Cl)cnc1CNCCC1CCOCC1
120	mol144	-12.63	COc1nc(-c2cccc(-c3cccc(-c4cnc(CNC[C@@H]5CCC(=O)N5)c(OC)n4)c3Cl)c2Cl)cnc1CNCC[C@H]1CCCO1
120	mol308	-12.67	COc1nc(-c2cccc(-c3cccc(-c4cnc(CNC[C@@H]5CCC(=O)N5)c(OC)n4)c3Cl)c2Cl)cnc1CNCC[C@H]1CCCO1
120	mol480	-12.63	COc1nc(-c2cccc(-c3cccc(-c4cnc(CNC[C@@H]5CCC(=O)N5)c(OC)n4)c3Cl)c2Cl)cnc1CNCC[C@H]1CCCO1
120	mol56	-13.3	COc1ncc(-c2cccc(-c3cccc(-c4cnc(CNC[C@@H]5CCC(=O)N5)c(OC)n4)c3Cl)c2Cl)cn1
120	mol275	-12.65	COc1nc(-c2cccc(-c3cccc(-c4cnc(CNC[C@@H]5CCC(=O)N5)c(OC)n4)c3Cl)c2Cl)cnc1CNCC[C@H]1CCCO1
120	mol80	-13.04	COc1nc(-c2cccc(-c3cccc(-c4cnc(NCC[C@H]5CCCO5)c(OC)n4)c3Cl)c2Cl)cnc1CNC[C@H]1CCC(=O)N1
120	mol167	-12.6	COc1nc(-c2cccc(-c3cccc(-c4cnc(CNC[C@@H]5CCC(=O)N5)c(OC)n4)c3Cl)c2Cl)cnc1CNCC[C@H]1CCCO1
120	mol54	-13.46	COc1nc(-c2cccc(-c3cccc(-c4cnc(CN[C@H]5CCC(=O)N5)c(OC)n4)c3Cl)c2Cl)cnc1CNCC[C@H]1CCCO1
120	mol118	-13.32	COc1ncc(-c2cccc(-c3cccc(-c4cnc(CNC[C@@H]5CCC(=O)N5)c(OC)n4)c3Cl)c2Cl)cn1
120	mol333	-12.52	COc1nc(-c2cccc(-c3cccc(-c4cnc(CNC[C@@H]5CCC(=O)N5)c(OC)n4)c3Cl)c2Cl)cnc1CNCC[C@H]1CCCO1
120	mol200	-12.53	COc1nc(-c2cccc(-c3cccc(-c4cnc(CNC[C@@H]5CCC(=O)N5)c(OC)n4)c3Cl)c2Cl)cnc1CNCC[C@H]1CCCO1
120	mol138	-12.54	COc1nc(-c2cccc(-c3cccc(-c4cnc(CNC[C@@H]5CCC(=O)N5)c(OC)n4)c3Cl)c2Cl)cnc1CNCC[C@H]1CCCO1
120	mol1	-13.05	COc1nc(-c2cccc(-c3cccc(-c4cnc(CNC[C@@H]5CCC(=O)N5)c(O)n4)c3Cl)c2Cl)cnc1CNCCC1CCOCC1
120	mol334	-13.39	COc1nc(-c2cccc(-c3cccc(-c4cnc(CN[C@H]5CCC(=O)N5)c(OC)n4)c3Cl)c2Cl)cnc1CNCC[C@H]1CCCO1
120	mol271	-13.23	COc1nc(-c2cccc(-c3cccc(-c4cnc(CNC[C@@H]5CCC(=O)N5)c(O)c4Cl)c3Cl)c2Cl)cnc1CNCC[C@@H]1CCCO1
120	mol386	-13.69	COc1nc(-c2cccc(-c3cccc(-c4cnc(CNC[C@@H]5CCC(=O)N5)c(O)c4Cl)c3Cl)c2Cl)cnc1CNC[C@H]1CCCO1
120	mol231	-13.33	COc1nc(-c2cccc(-c3cccc(-c4cnc(CNC[C@H]5CCC(=O)N5)c(OC)n4)c3Cl)c2Cl)cnc1CNCCC1OCCO1
120	mol469	-12.72	COc1nc(-c2cccc(-c3cccc(-c4cnc(CNC[C@@H]5CCC(=O)N5)c(OC)n4)c3Cl)c2Cl)cnc1CNCC[C@H]1CCCO1
120	mol258	-13.17	COc1nc(-c2cccc(-c3cccc(-c4cnc(CNC[C@@H]5CCC(=O)N5)c(O)c4Cl)c3Cl)c2Cl)cnc1CNCC[C@@H]1CCCO1
120	mol32	-13.41	COc1nc(-c2cccc(-c3cccc(-c4cnc(CNC[C@@H]5CCC(=O)N5)c(OC)n4)c3Cl)c2Cl)cnc1CNCC1CCOCC1
120	mol218	-12.55	COc1nc(-c2cccc(-c3cccc(-c4cnc(CNC[C@@H]5CCC(=O)N5)c(OC)c4Cl)c3Cl)c2Cl)cnc1CNCCC1CC1
120	mol303	-12.62	COc1nc(-c2cccc(-c3cccc(-c4cnc(CNC[C@@H]5CCC(=O)N5)c(OC)n4)c3Cl)c2Cl)cnc1CNCC[C@H]1CCCO1
120	mol177	-13.07	COc1nc(-c2cccc(-c3cccc(-c4cnc(CNC5CCC5)c(OC[C@H]5CCC(=O)N5)c4Cl)c3Cl)c2Cl)cnc1CNCC[C@@H]1CCCO1
120	mol499	-13.73	COc1nc(-c2cccc(-c3cccc(-c4cnc(CNC[C@H]5CCC(=O)N5)c(O)c4Cl)c3Cl)c2Cl)cnc1CNCCC1CCOCC1
120	mol212	-12.02	COc1nc(-c2cccc(-c3cccc(-c4cnc(CNC[C@H]5CCC(=O)N5)c(O)n4)c3Cl)c2Cl)cnc1CNCC[C@H]1CCCO1
120	mol293	-13.27	COc1ncc(-c2cccc(-c3cccc(-c4cnc(CNC[C@@H]5CCC(=O)N5)c(OC)n4)c3Cl)c2Cl)cn1
120	mol105	-12.46	COc1nc(-c2cccc(-c3cccc(-c4cnc(CNC[C@@H]5CCC(=O)N5)c(OC)n4)c3Cl)c2Cl)cnc1CNCC[C@H]1CCCO1
120	mol166	-13.42	COc1nc(-c2cccc(-c3cccc(-c4cnc(CNC[C@@H]5CCC(=O)N5)c(O)c4Cl)c3Cl)c2Cl)cnc1CNCC[C@@H]1CCCO1
120	mol435	-12.54	COc1nc(-c2cccc(-c3cccc(-c4cnc(CNC[C@@H]5CCC(=O)N5)c(OC)n4)c3Cl)c2Cl)cnc1CNCC[C@H]1CCCO1
120	mol495	-12.64	COc1nc(-c2cccc(-c3cccc(-c4cnc(CNC[C@@H]5CCC(=O)N5)c(OC)n4)c3Cl)c2Cl)cnc1CNCC[C@H]1CCCO1
120	mol353	-12.65	COc1nc(-c2cccc(-c3cccc(-c4cnc(CNC[C@@H]5CCC(=O)N5)c(OC)n4)c3Cl)c2Cl)cnc1CNCC[C@H]1CCCO1
120	mol366	-12.59	COc1nc(-c2cccc(-c3cccc(-c4cnc(CNC[C@@H]5CCC(=O)N5)c(OC)n4)c3Cl)c2Cl)cnc1CNCC[C@H]1CCCO1
120	mol239	-12.49	COc1nc(-c2cccc(-c3cccc(-c4cnc(CNC[C@@H]5CCC(=O)N5)c(OC)n4)c3Cl)c2Cl)cnc1CNCC[C@H]1CCCO1
120	mol402	-12.48	COc1nc(-c2cccc(-c3cccc(-c4cnc(CNC[C@@H]5CCC(=O)N5)c(OC)n4)c3Cl)c2Cl)cnc1CNCC[C@H]1CCCO1
120	mol489	-12.84	COc1nc(-c2cccc(-c3cccc(-c4cnc(CNC5CCC5)n(C)c4=O)c3Cl)c2Cl)cnc1CNCC[C@H]1CCCO1
120	mol381	-12.04	COc1nc(-c2cccc(-c3cccc(-c4cnc(CNC[C@H]5CCC(=O)N5)c(O)n4)c3Cl)c2Cl)cnc1CNCC[C@H]1CCCO1
120	mol164	-12.61	COc1nc(-c2cccc(-c3cccc(-c4cnc(CNC[C@@H]5CCC(=O)N5)c(OC)n4)c3Cl)c2Cl)cnc1CNCC[C@H]1CCCO1
120	mol355	-12.88	COc1cnc(-c2cccc(-c3cccc(-c4cnc(CNC[C@@H]5CCC(=O)N5)c(OC)n4)c3Cl)c2Cl)cn1
120	mol180	-12.52	COc1nc(-c2cccc(-c3cccc(-c4cnc(CNC[C@@H]5CCC(=O)N5)c(OC)n4)c3Cl)c2Cl)cnc1CNCC[C@H]1CCCO1
120	mol190	-13.34	COc1nc(-c2cccc(-c3cccc(-c4cnc(CN[C@H]5CCC(=O)N5)c(OC)n4)c3Cl)c2Cl)cnc1CNCC[C@H]1CCCO1
120	mol361	-12.69	COc1nc(-c2cccc(-c3cccc(-c4cnc(CNC[C@@H]5CCC(=O)N5)c(OC)n4)c3Cl)c2Cl)cnc1CNCC[C@H]1CCCO1
120	mol322	-12.57	COc1nc(-c2cccc(-c3cccc(-c4cnc(CNC[C@@H]5CCC(=O)N5)c(OC)n4)c3Cl)c2Cl)cnc1CNCC[C@H]1CCCO1
120	mol259	-13.02	COc1nc(-c2cccc(-c3cccc(-c4cnc(CNC[C@@H]5CCC(=O)N5)c(O)c4Cl)c3Cl)c2Cl)cnc1CNCC[C@@H]1CCCO1
120	mol129	-12.79	COc1nc(-c2cccc(-c3cccc(-c4cnc(CNC[C@H]5CCC(=O)N5)c(OC)n4)c3Cl)c2Cl)cnc1CNCCC1CCOCC1
120	mol44	-13.6	COc1nc(-c2cccc(-c3cccc(-c4cnc(CN[C@H]5CCC(=O)O5)c(Cl)c4Cl)c3Cl)c2Cl)cnc1CNCC[C@@H]1CCCO1
120	mol372	-12.68	COc1nc(-c2cccc(-c3cccc(-c4cnc(CNC[C@@H]5CCC(=O)N5)c(OC)n4)c3Cl)c2Cl)cnc1CNCC[C@H]1CCCO1
120	mol314	-12.76	COc1nc(-c2cccc(-c3cccc(-c4cnc(CNC[C@H]5CCC(=O)N5)c(OC)n4)c3Cl)c2Cl)cnc1CNCCC1CCOCC1
120	mol382	-12.92	COc1nc(-c2cccc(-c3cccc(-c4cnc(CNC[C@@H]5CCC(=O)N5)c(O)c4Cl)c3Cl)c2Cl)cnc1CNCC[C@@H]1CCCO1
120	mol160	-12.57	COc1nc(-c2cccc(-c3cccc(-c4cnc(CNC[C@@H]5CCC(=O)N5)cn4)c3Cl)c2Cl)cnc1CNCC[C@H]1CCCO1
120	mol440	-13.43	COc1nc(-c2cccc(-c3cccc(-c4cnc(CNC[C@@H]5CCC(=O)N5)c(O)c4Cl)c3Cl)c2Cl)cnc1CNCC[C@@H]1CCCO1
120	mol89	-13.7	COc1nc(-c2cccc(-c3cccc(-c4cnc(CNC[C@H]5CCC(=O)N5)c(O)c4Cl)c3Cl)c2Cl)cnc1CNCCC1CCOCC1
120	mol316	-12.71	COc1nc(-c2cccc(-c3cccc(-c4cnc(CNC[C@@H]5CCC(=O)N5)c(OC)n4)c3Cl)c2Cl)cnc1CNCC[C@H]1CCCO1
120	mol77	-12.59	COc1nc(-c2cccc(-c3cccc(-c4cnc(CN5CCC[C@@H]5CNCC[C@H]5CCCO5)c(OC)n4)c3Cl)c2Cl)cnc1CNC[C@@H]1CCC(=O)N1
120	mol229	-12.43	COc1nc(-c2cccc(-c3cccc(-c4cnc(CNC[C@@H]5CCC(=O)N5)c(OC)n4)c3Cl)c2Cl)cnc1CNCC[C@H]1CCCO1
120	mol292	-12.12	COc1nc(-c2cccc(-c3cccc(-c4cnc(CNC[C@H]5CCC(=O)N5)c(O)n4)c3Cl)c2Cl)cnc1CNCC[C@H]1CCCO1
120	mol362	-12.57	COc1nc(-c2cccc(-c3cccc(-c4cnc(CNC[C@@H]5CCC(=O)N5)c(OC)n4)c3Cl)c2Cl)cnc1CNCC[C@H]1CCCO1
120	mol38	-12.69	COc1nc(-c2cccc(-c3cccc(-c4cnc(CNC[C@@H]5CCC(=O)N5)c(OC)n4)c3Cl)c2Cl)cnc1CNCC[C@H]1CCCO1
120	mol359	-12.52	COc1nc(-c2cccc(-c3cccc(-c4cnc(CNC[C@@H]5CCC(=O)N5)c(OC)n4)c3Cl)c2Cl)cnc1CNCC[C@H]1CCCO1
120	mol206	-13.19	COc1nc(-c2cccc(-c3cccc(-c4cnc(CNC[C@@H]5CCC(=O)N5)c(O)c4Cl)c3Cl)c2Cl)cnc1CNCC[C@@H]1CCCO1
120	mol439	-13.08	COc1nc(-c2cccc(-c3cccc(-c4cnc(CNC[C@H]5CCCO5)c(OC)n4)c3Cl)c2Cl)cnc1CNC[C@H]1CCC(=O)N1
120	mol474	-12.63	COCCOc1nc(-c2cccc(-c3cccc(-c4cnc(CNC[C@@H]5CCC(=O)N5)c(OC)n4)c3Cl)c2Cl)cnc1CNCC[C@H]1CCCO1
120	mol498	-13.63	Cc1nc(-c2cccc(-c3cccc(-c4cnc(CN[C@H]5CCCO5)c(OC[C@@H]5CCC(=O)N5)c4Cl)c3Cl)c2Cl)cnc1CNC[C@H]1CCCO1
120	mol216	-13.14	COc1nc(-c2cccc(-c3cccc(-c4cnc(CNC[C@@H]5CCC(=O)N5)c(O)c4Cl)c3Cl)c2Cl)cnc1CNCC[C@@H]1CCCO1
120	mol394	-12.68	COc1nc(-c2cccc(-c3cccc(-c4cnc(CNC[C@@H]5CCC(=O)N5)c(OC)n4)c3Cl)c2Cl)cnc1CNCC[C@H]1CCCO1
120	mol198	-13.25	COc1cnc(-c2cccc(-c3cccc(-c4cnc(CN[C@@H]5CCC(=O)N5)c(OC)n4)c3Cl)c2Cl)cn1
120	mol117	-12.82	COc1nc(-c2cccc(-c3cccc(-c4cnc(CNC[C@H]5CCC(=O)N5)c(OC)n4)c3Cl)c2Cl)cnc1CNCCC1CCOCC1
120	mol174	-13.09	COc1nc(-c2cccc(-c3cccc(-c4cnc(CNC[C@@H]5CCC(=O)N5)c(O)c4Cl)c3Cl)c2Cl)cnc1CNCC[C@@H]1CCCO1
120	mol294	-12.65	COc1nc(-c2cccc(-c3cccc(-c4cnc(CNC[C@H]5CCC(=O)N5)c(OC)n4)c3Cl)c2Cl)cnc1CNCC[C@@H]1CCOCO1
120	mol227	-12.19	COc1nc(-c2cccc(-c3cccc(-c4cnc(CNC[C@@H]5CCC(=O)N5)c(OC)n4)c3Cl)c2Cl)cnc1CNCCNCC[C@@H]1CCCO1
120	mol430	-12.49	COc1nc(-c2cccc(-c3cccc(-c4cnc(CNC[C@@H]5CCC(=O)N5)c(OC)n4)c3Cl)c2Cl)cnc1CNCC[C@H]1CCCO1
120	mol11	-12.54	COc1nc(-c2cccc(-c3cccc(-c4ncnc(OC)c4CNCC[C@@H]4CCCO4)c3Cl)c2Cl)cnc1CNC[C@@H]1CCC(=O)N1
120	mol139	-12.54	COc1nc(-c2cccc(-c3cccc(-c4cnc(CNC[C@@H]5CCC(=O)N5)c(OC)n4)c3Cl)c2Cl)cnc1CNCC[C@H]1CCCO1
120	mol110	-13.0	COc1cnc(-c2cccc(-c3cccc(-c4cnc(CNC[C@@H]5CCC(=O)N5)c(OC)n4)c3Cl)c2Cl)cn1
120	mol135	-12.61	COc1nc(-c2cccc(-c3cccc(-c4cnc(CNC[C@@H]5CCC(=O)N5)c(OC)n4)c3Cl)c2Cl)cnc1CNCC[C@H]1CCCO1
120	mol411	-13.27	COc1nc(-c2cccc(-c3cccc(-c4cnc(CN[C@H]5CCC(=O)N5)c(OC)n4)c3Cl)c2Cl)cnc1CNCCC1CCOCC1
120	mol9	-12.53	COc1nc(-c2cccc(-c3cccc(-c4cnc(CNC[C@@H]5CCC(=O)N5)c(OC)n4)c3Cl)c2Cl)cnc1CNCC[C@H]1CCCO1
120	mol133	-12.64	COc1nc(-c2cccc(-c3cccc(-c4cnc(CNC[C@@H]5CCC(=O)N5)c(OC)n4)c3Cl)c2Cl)cnc1CNCC[C@H]1CCCO1
120	mol351	-12.47	COc1nc(-c2cccc(-c3cccc(-c4cnc(CNC[C@@H]5CCC(=O)N5)c(OC)n4)c3Cl)c2Cl)cnc1CNCC[C@H]1CCCO1
120	mol208	-12.95	COc1nc(-c2cccc(-c3cccc(-c4cnc(CNC[C@H]5CCC(=O)N5)c(OC)n4)c3Cl)c2Cl)cnc1CNCCC1CC1
120	mol388	-12.82	COc1nc(-c2cccc(-c3cccc(-c4cnc(CNC[C@H]5CCC(=O)N5)c(OC)n4)c3Cl)c2Cl)cnc1CNCCC1CCOCC1
120	mol147	-12.68	COc1nc(-c2cccc(-c3cccc(-c4cnc(CNC[C@@H]5CCC(=O)N5)c(OC)n4)c3Cl)c2Cl)cnc1CNCC[C@H]1CCCO1
120	mol90	-12.54	COc1nc(-c2cccc(-c3cccc(-c4cnc(CNC[C@@H]5CCC(=O)N5)c(OC)n4)c3Cl)c2Cl)cnc1CNCC[C@H]1CCCO1
120	mol121	-13.22	COc1nc(-c2cccc(-c3cccc(-c4cnc(CN[C@H]5CCC(=O)N5)c(OC)n4)c3Cl)c2Cl)cnc1CNCC[C@H]1CCCO1
120	mol331	-12.5	COc1nc(-c2cccc(-c3cccc(-c4cnc(CNC[C@@H]5CCC(=O)N5)c(OC)c4Cl)c3Cl)c2Cl)cnc1CNCC[C@H]1CCCO1
120	mol441	-12.55	COc1nc(-c2cccc(-c3cccc(-c4cnc(CNC[C@@H]5CCC(=O)N5)c(OC)n4)c3Cl)c2Cl)cnc1CNCC[C@H]1CCCO1
120	mol363	-12.26	COc1nc(-c2cccc(-c3cccc(-c4cnc(CNC[C@H]5CCC(=O)N5)c(O)n4)c3Cl)c2Cl)cnc1CNCC[C@H]1CCCO1
120	mol263	-12.53	COc1nc(-c2cccc(-c3cccc(-c4cnc(CNC[C@@H]5CCC(=O)N5)c(OC)n4)c3Cl)c2Cl)cnc1CNCC[C@H]1CCCO1
120	mol312	-12.74	COc1nc(-c2cccc(-c3cccc(-c4cnc(CNC[C@@H]5CCC(=O)N5)c(OC)n4)c3Cl)c2Cl)cnc1CNCC[C@H]1CCCO1
120	mol113	-12.53	COc1nc(-c2cccc(-c3cccc(-c4cnc(CNC[C@@H]5CCC(=O)N5)c(OC)n4)c3Cl)c2Cl)cnc1CNCC[C@H]1CCCO1
120	mol120	-13.29	COc1ncc(-c2cccc(-c3cccc(-c4cnc(CNC[C@@H]5CCC(=O)N5)c(OC)n4)c3Cl)c2Cl)cn1
120	mol389	-12.63	COc1nc(-c2cccc(-c3cccc(-c4cnc(CNC[C@@H]5CCC(=O)N5)c(OC)n4)c3Cl)c2Cl)cnc1CNCC[C@H]1CCCO1
120	mol83	-13.4	COc1cc(-c2cccc(-c3cccc(-c4cnc(CNC[C@H]5CCCO5)c(OC)n4)c3Cl)c2Cl)cnc1CNC[C@H]1CCC(=O)N1
120	mol2	-12.53	COc1nc(-c2cccc(-c3cccc(-c4cnc(CNC[C@@H]5CCC(=O)N5)c(OC)n4)c3Cl)c2Cl)cnc1CNCC[C@H]1CCCO1
120	mol354	-12.57	COc1nc(-c2cccc(-c3cccc(-c4cnc(CNC[C@@H]5CCC(=O)N5)c(OC)n4)c3Cl)c2Cl)cnc1CNCC[C@H]1CCCO1
120	mol451	-12.83	COc1nc(-c2cccc(-c3cccc(-c4cnc(CNC[C@H]5CCC(=O)N5)c(OC)n4)c3Cl)c2Cl)cnc1CNCCC1CCOCC1
120	mol395	-12.67	COc1nc(-c2cccc(-c3cccc(-c4cnc(CNC[C@@H]5CCC(=O)N5)c(OC)n4)c3Cl)c2Cl)cnc1CNCC[C@H]1CCCO1
120	mol262	-12.46	COc1nc(-c2cccc(-c3cccc(-c4cnc(CNC[C@@H]5CCC(=O)N5)c(OC)n4)c3Cl)c2Cl)cnc1CNCC[C@H]1CCCO1
120	mol257	-12.38	COc1nc(-c2cccc(-c3cccc(-c4ncnc(OC)c4CNCC[C@@H]4CCCO4)c3Cl)c2Cl)cnc1CNC[C@@H]1CCC(=O)N1
120	mol420	-12.7	COc1nc(-c2cccc(-c3cccc(-c4cnc(CNC[C@@H]5CCC(=O)N5)c(OC)n4)c3Cl)c2Cl)cnc1CNCC[C@H]1CCCO1
120	mol485	-12.7	COc1nc(-c2cccc(-c3cccc(-c4cnc(CNC[C@@H]5CCC(=O)N5)c(OC)n4)c3Cl)c2Cl)cnc1CNCC[C@H]1CCCO1
120	mol125	-13.02	COc1nc(-c2cccc(-c3cccc(-c4cnc(CNC[C@H]5CCCO5)c(OC)n4)c3Cl)c2Cl)cnc1CNC[C@H]1CCC(=O)N1
120	mol4	-12.6	COc1nc(-c2cccc(-c3cccc(-c4cnc(CNC[C@@H]5CCC(=O)N5)c(OC)n4)c3Cl)c2Cl)cnc1CNCC[C@H]1CCCO1
120	mol109	-12.17	COc1nc(-c2cccc(-c3cccc(-c4cnc(CNC[C@H]5CCC(=O)N5)c(O)n4)c3Cl)c2Cl)cnc1CNCC[C@H]1CCCO1
120	mol290	-12.46	COc1nc(-c2cccc(-c3cccc(-c4cnc(CNC[C@@H]5CCC(=O)N5)c(OC)n4)c3Cl)c2Cl)cnc1CNCC[C@H]1CCCO1
120	mol378	-12.87	COc1nc(-c2cccc(-c3cccc(-c4cnc(CNC[C@H]5CCC(=O)N5)c(OC)n4)c3Cl)c2Cl)cnc1CNCCC1CCOCC1
120	mol371	-12.6	COc1nc(-c2cccc(-c3cccc(-c4cnc(CNC[C@@H]5CCC(=O)N5)c(OC)n4)c3Cl)c2Cl)cnc1CNCC[C@H]1CCCO1
120	mol224	-12.67	CCOc1nc(-c2cccc(-c3cccc(-c4cnc(CNC[C@H]5CCC(=O)N5)c(OC)n4)c3Cl)c2Cl)cnc1CNCC[C@@H]1CCCO1
120	mol417	-12.07	COc1nc(-c2cccc(-c3cccc(-c4cnc(CNC[C@H]5CCC(=O)N5)c(O)n4)c3Cl)c2Cl)cnc1CNCC[C@H]1CCCO1
120	mol39	-13.33	COc1nc(-c2cccc(-c3cccc(-c4cnc(CNC[C@@H]5CCC(=O)N5)c(O)c4Cl)c3Cl)c2Cl)cnc1CNCC[C@@H]1CCCO1
120	mol230	-12.63	COc1nc(-c2cccc(-c3cccc(-c4cnc(CNC[C@@H]5CCC(=O)N5)c(OC)n4)c3Cl)c2Cl)cnc1CNCC[C@H]1CCCO1
120	mol496	-12.71	COc1nc(-c2cccc(-c3cccc(-c4cnc(CNC[C@@H]5CCC(=O)N5)c(OC)n4)c3Cl)c2Cl)cnc1CNCC[C@H]1CCCO1
120	mol219	-12.94	COc1nc(-c2cccc(-c3cccc(-c4cnc(CNC[C@@H]5CCC(=O)N5)c(OC)n4)c3Cl)c2Cl)cnc1CNCC[C@@H]1CCOC1
120	mol311	-12.51	COc1nc(-c2cccc(-c3cccc(-c4cnn(C)n4)c3Cl)c2Cl)cnc1CNCC[C@@H]1CCCO1
120	mol280	-13.52	COc1nc(-c2cccc(-c3cccc(-c4cnc(CNC[C@@H]5CCC(=O)N5)c(O)c4Cl)c3Cl)c2Cl)cnc1OC[C@H]1CCCO1
120	mol104	-12.6	COc1nc(-c2cccc(-c3cccc(-c4cnc(CNC[C@@H]5CCC(=O)N5)c(OC)n4)c3Cl)c2Cl)cnc1CNCC[C@H]1CCCO1
120	mol173	-12.51	COc1nc(-c2cccc(-c3cccc(-c4cnc(CNC[C@@H]5CCC(=O)N5)c(OC)n4)c3Cl)c2Cl)cnc1CNCC[C@H]1CCCO1
120	mol468	-12.97	Oc1nc(-c2cccc(-c3cccc(-c4cncnc4)c3Cl)c2Cl)cnc1CN1CCCC1
120	mol406	-12.56	COc1nc(-c2cccc(-c3cccc(-c4cnc(CNC[C@@H]5CCC(=O)N5)c(OC)n4)c3Cl)c2Cl)cnc1CNCC[C@H]1CCCO1
120	mol397	-12.8	COc1nc(-c2cccc(-c3cccc(-c4cnc(CNC[C@H]5CCC(=O)N5)c(OC)n4)c3Cl)c2Cl)cnc1CNCCC1CCOCC1
120	mol456	-12.8	COc1nc(-c2cccc(-c3cccc(-c4cnc(CNC[C@H]5CCC(=O)N5)c(OC)n4)c3Cl)c2Cl)cnc1CNCCC1CCOCC1
120	mol369	-12.57	COc1nc(-c2cccc(-c3cccc(-c4cnc(CNC[C@@H]5CCC(=O)N5)c(OC)n4)c3Cl)c2Cl)cnc1CNCC[C@H]1CCCO1
120	mol461	-13.1	COc1nc(-c2cccc(-c3cccc(-c4cnc(CNC[C@H]5CCCO5)c(OC)n4)c3Cl)c2Cl)cnc1CNC[C@H]1CCC(=O)N1
120	mol122	-12.57	COc1nc(-c2cccc(-c3cccc(-c4cnc(CNC[C@@H]5CCC(=O)N5)c(OC)n4)c3Cl)c2Cl)cnc1CNCC[C@H]1CCCO1
120	mol31	-12.54	COc1nc(-c2cccc(-c3cccc(-c4cnc(CNC[C@@H]5CCC(=O)N5)c(OC)n4)c3Cl)c2Cl)cnc1CNCC[C@H]1CCCO1
120	mol15	-12.62	COc1nc(-c2cccc(-c3cccc(-c4cnc(CNC[C@@H]5CCC(=O)N5)c(OC)n4)c3Cl)c2Cl)cnc1CNCC[C@H]1CCCO1
120	mol178	-13.45	COc1nc(-c2cccc(-c3cccc(-c4cnc(CNC[C@@H]5CCC(=O)N5)c(OC)n4)c3Cl)c2Cl)cnc1CNCC1CCOCC1
120	mol446	-13.73	COc1nc(-c2cccc(-c3cccc(-c4cnc(CNC[C@H]5CCC(=O)N5)c(O)c4Cl)c3Cl)c2Cl)cnc1CNCCC1CCOCC1
120	mol47	-12.49	COc1nc(-c2cccc(-c3cccc(-c4cnc(CNC[C@@H]5CCC(=O)N5)c(OC)n4)c3Cl)c2Cl)cnc1CNCC[C@H]1CCCO1
120	mol42	-13.34	COc1nc(-c2cccc(-c3cccc(-c4cnc(CN[C@H]5CCC(=O)N5)c(OC)n4)c3Cl)c2Cl)cnc1CNCC[C@H]1CCCO1
120	mol48	-12.18	COc1nc(-c2cccc(-c3cccc(-c4cnc(CNC[C@H]5CCC(=O)N5)c(O)n4)c3Cl)c2Cl)cnc1CNCC[C@H]1CCCO1
120	mol356	-12.55	COc1nc(-c2cccc(-c3cccc(-c4cnc(CNC[C@@H]5CCC(=O)N5)c(OC)n4)c3Cl)c2Cl)cnc1CNCC[C@H]1CCCO1
120	mol392	-14.02	COc1ncc(-c2cccc(-c3cccc(-c4cnc(CNC[C@H]5CCC(=O)N5)c(O)c4Cl)c3Cl)c2Cl)cn1
120	mol358	-12.76	COc1nc(-c2cccc(-c3cccc(-c4cnc(CNC[C@@H]5CCC(=O)N5)c(OC)n4)c3Cl)c2Cl)cnc1CNCC[C@H]1CCCO1
120	mol181	-13.15	COc1nc(-c2cccc(-c3cccc(-c4cccc(OCCCNC[C@H]5CCCO5)c4Cl)c3Cl)c2Cl)cnc1CNCC[C@@H]1CCCO1
120	mol30	-13.11	COc1nc(-c2cccc(-c3cccc(-c4cnc(CNC[C@H]5CCC(=O)N5)c(OC)n4)c3Cl)c2Cl)cnc1CNCCC1CCC1
120	mol399	-12.48	COc1nc(-c2cccc(-c3cccc(-c4cnc(CNC[C@@H]5CCC(=O)N5)c(OC)n4)c3Cl)c2Cl)cnc1CNCC[C@H]1CCCO1
120	mol170	-13.06	COc1cc(-c2cccc(-c3cccc(-c4cnc(CNCC[C@H]5CCCO5)c(OC)n4)c3Cl)c2Cl)cnc1CNC[C@H]1CCC(=O)N1
120	mol17	-13.38	Nc1ncnc(Oc2cccc(-c3cccc(-c4cnc(CNC[C@@H]5CCC(=O)N5)c(O)c4Cl)c3Cl)c2Cl)c1C[C@H]1CCCO1
120	mol205	-12.92	COc1nc(-c2cccc(-c3cccc(-c4cnc(CNC[C@H]5CCC(=O)N5)c(OC)n4)c3Cl)c2Cl)cnc1CNCC[C@@H]1CCOCO1
120	mol201	-12.88	COc1nc(-c2cccc(-c3cccc(-c4cnc(CNC[C@@H]5CCC(=O)N5)c(OC)n4)c3Cl)c2Cl)cnc1CNCC[C@@H]1CCOC1
120	mol455	-13.2	COc1cnc(-c2cccc(-c3cccc(-c4cnc(CNC[C@H]5CCC(=O)N5)c(O)n4)c3Cl)c2Cl)cn1
120	mol107	-12.62	COc1nc(-c2cccc(-c3cccc(-c4cnc(CNC[C@@H]5CCC(=O)N5)c(OC)n4)c3Cl)c2Cl)cnc1CNCC[C@H]1CCCO1
120	mol462	-12.36	COc1nc(-c2cccc(-c3cccc(-c4cnc(CNC[C@@H]5CCC(=O)N5)c(OC)n4)c3Cl)c2Cl)cnc1CNCCCO
120	mol103	-12.8	COc1nc(-c2cccc(-c3cccc(-c4cnc(CNC[C@@H]5CCC(=O)N5)c(OC)n4)c3Cl)c2Cl)cnc1CNCC[C@H]1CCCO1
120	mol368	-13.16	COc1nc(-c2cccc(-c3cccc(-c4cnc(CN[C@H]5CCC(=O)N5)c(OC)n4)c3Cl)c2Cl)cnc1CNCC[C@H]1CCCO1
120	mol328	-12.93	COc1nc(-c2cccc(-c3cccc(-c4cnc(CNC5CCC5)c(OC[C@H]5CCC(=O)N5)c4Cl)c3Cl)c2Cl)cnc1CNCC[C@@H]1CCCO1
120	mol238	-12.58	COc1nc(-c2cccc(-c3cccc(-c4cnc(CNC[C@@H]5CCC(=O)N5)c(OC)n4)c3Cl)c2Cl)cnc1CNCC[C@H]1CCCO1
120	mol483	-12.12	COc1nc(-c2cccc(-c3cccc(-c4cnc(CNC[C@H]5CCC(=O)N5)c(O)n4)c3Cl)c2Cl)cnc1CNCC[C@H]1CCCO1
120	mol472	-13.26	COc1nc(-c2cccc(-c3cccc(-c4cnc(CNC[C@@H]5CCC(=O)N5)c(O)c4Cl)c3Cl)c2Cl)cnc1CNCC[C@@H]1CCCO1
120	mol436	-12.99	COc1nc(-c2cccc(-c3cccc(-c4cnc(CN[C@@H]5CCC(=O)N5)c(OC)n4)c3Cl)c2Cl)cnc1CNCCC[C@H]1CCCO1
120	mol243	-12.64	COc1nc(-c2cccc(-c3cccc(-c4cnc(CNC[C@@H]5CCC(=O)N5)c(OC)n4)c3Cl)c2Cl)cnc1CNCC[C@H]1CCCO1
120	mol172	-14.03	COc1ncc(-c2cccc(-c3cccc(-c4cnc(CNC[C@H]5CCC(=O)N5)c(O)c4Cl)c3Cl)c2Cl)cn1
120	mol151	-12.53	COc1nc(-c2cccc(-c3cccc(-c4cnc(CNC[C@@H]5CCC(=O)N5)c(OC)n4)c3Cl)c2Cl)cnc1CNCC[C@H]1CCCO1
120	mol484	-13.08	COc1nc(-c2cccc(-c3cccc(-c4cnc(CNC[C@@H]5CCC(=O)N5)c(O)c4Cl)c3Cl)c2Cl)cnc1CNCC[C@@H]1CCCO1
120	mol214	-12.9	COc1cnc(-c2cccc(-c3cccc(-c4cnc(CNC[C@@H]5CCC(=O)N5)c(OC)n4)c3Cl)c2Cl)cn1
120	mol431	-12.52	COc1nc(-c2cccc(-c3cccc(-c4cnc(CNC[C@@H]5CCC(=O)N5)c(OC)n4)c3Cl)c2Cl)cnc1CNCC[C@H]1CCCO1
120	mol74	-12.6	COc1nc(-c2cccc(-c3cccc(-c4cnc(CNC[C@@H]5CCC(=O)N5)c(OC)n4)c3Cl)c2Cl)cnc1CNCC[C@H]1CCCO1
120	mol79	-12.67	COc1nc(-c2cccc(-c3cccc(-c4cnc(CNC[C@@H]5CCC(=O)N5)c(OC)n4)c3Cl)c2Cl)cnc1CNCC[C@H]1CCCO1
120	mol463	-13.28	COc1ncc(-c2cccc(-c3cccc(-c4cnc(CNC[C@@H]5CCC(=O)N5)c(OC)n4)c3Cl)c2Cl)cn1
120	mol97	-12.56	COc1nc(-c2cccc(-c3cccc(-c4cnc(CNC[C@@H]5CCC(=O)N5)c(OC)n4)c3Cl)c2Cl)cnc1CNCC[C@H]1CCCO1
120	mol71	-12.53	COc1nc(-c2cccc(-c3cccc(-c4cnc(CNC[C@@H]5CCC(=O)N5)c(OC)n4)c3Cl)c2Cl)cnc1CNCC[C@H]1CCCO1
120	mol98	-12.68	COc1nc(-c2cccc(-c3cccc(-c4cnc(CNC[C@@H]5CCC(=O)N5)c(OC)n4)c3Cl)c2Cl)cnc1CNCC[C@H]1CCCO1
120	mol23	-12.1	COc1nc(-c2cccc(-c3cccc(-c4cnc(CNC[C@H]5CCC(=O)N5)c(O)n4)c3Cl)c2Cl)cnc1CNCC[C@H]1CCCO1
120	mol464	-12.37	COc1nc(-c2cccc(-c3cccc(-c4cnc(CNC[C@@H]5CCC(=O)N5)c(OC)n4)c3Cl)c2Cl)cnc1CNCC[C@H]1CCCO1
120	mol58	-13.15	COc1nc(-c2cccc(-c3cccc(-c4cnc(CNC[C@@H]5CCC(=O)N5)c(O)c4Cl)c3Cl)c2Cl)cnc1CNCC[C@@H]1CCCO1
120	mol315	-13.02	COc1cnc(-c2cccc(-c3cccc(-c4cnc(CNC[C@@H]5CCC(=O)N5)c(OC)n4)c3Cl)c2Cl)cn1
120	mol226	-13.44	COc1nc(-c2cccc(-c3cccc(-c4cnc(CNC[C@@H]5CCC(=O)N5)c(OC)n4)c3Cl)c2Cl)cnc1CNCC1CCOCC1
120	mol82	-13.23	COc1nc(-c2cccc(-c3cccc(-c4cnc(CNC[C@@H]5CCC(=O)N5)c(OC)n4)c3Cl)c2Cl)cnc1CNCCC1CCNCC1
120	mol476	-12.6	COc1nc(-c2cccc(-c3cccc(-c4cnc(CNC[C@@H]5CCC(=O)N5)c(OC)n4)c3Cl)c2Cl)cnc1CNCC[C@H]1CCCO1
120	mol454	-12.05	NCC[C@H]1CCO[C@@H](OCCCCOc2cccc(-c3cccc(-c4cnc(CNC[C@H]5CCC(=O)N5)c(O)c4Cl)c3Cl)c2Cl)C1
120	mol246	-12.33	COC[C@@H]1CCO[C@@H]1COc1nc(-c2cccc(-c3cccc(-c4cnc(CNC[C@@H]5CCC(=O)N5)c(OC)n4)c3Cl)c2Cl)cnc1CNCC[C@H]1CCCO1
120	mol432	-12.45	COc1nc(-c2cccc(-c3cccc(-c4cnc(CNC[C@@H]5CCC(=O)N5)c(OC)n4)c3Cl)c2Cl)cnc1CNCC[C@H]1CCCO1
120	mol134	-12.84	COc1nc(-c2cccc(-c3cccc(-c4cnc(CNC[C@H]5CCC(=O)N5)c(OC)n4)c3Cl)c2Cl)cnc1CNCCC1CCOCC1
120	mol460	-12.73	COc1nc(-c2ccc(-c3cccc(-c4cnc(CNC[C@H]5CCC(=O)N5)c(O)n4)c3Cl)cc2Cl)cnc1CNCC[C@H]1CCCO1
120	mol343	-12.5	COc1nc(-c2cccc(-c3cccc(-c4cnc(CNC5CCOCC5)c(OC)n4)c3Cl)c2Cl)cnc1CNCC[C@@H]1CCCO1
120	mol364	-12.64	COc1nc(-c2cccc(-c3cccc(-c4cnc(CNC[C@@H]5CCC(=O)N5)c(OC)n4)c3Cl)c2Cl)cnc1CNCC[C@H]1CCCO1
120	mol116	-13.4	CCOc1nccc(-c2cccc(-c3cccc(-c4cnc(CN[C@@H]5CCC(=O)N5)c(OC)n4)c3Cl)c2Cl)n1
120	mol41	-12.64	COc1nc(-c2cccc(-c3cccc(-c4cnc(CNC[C@@H]5CCC(=O)N5)c(OC)n4)c3Cl)c2Cl)cnc1CNCC[C@H]1CCCO1
120	mol127	-12.71	COc1nc(-c2cccc(-c3cccc(-c4cnc(CNC[C@@H]5CCC(=O)N5)c(OC)n4)c3Cl)c2Cl)cnc1CNCC[C@H]1CCCO1
120	mol176	-13.26	COc1ncc(-c2cccc(-c3cccc(-c4cnc(CNC[C@@H]5CCC(=O)N5)c(OC)n4)c3Cl)c2Cl)cn1
120	mol305	-12.5	COc1nc(-c2cccc(-c3cccc(-c4cnc(CNC[C@@H]5CCC(=O)N5)c(OC)n4)c3Cl)c2Cl)cnc1CNCC[C@H]1CCCO1
120	mol279	-12.64	COc1nc(-c2cccc(-c3cccc(-c4cnc(CNC[C@@H]5CCC(=O)N5)c(OC)n4)c3Cl)c2Cl)cnc1CNCC[C@H]1CCCO1
120	mol158	-12.69	COc1nc(-c2cccc(-c3cccc(-c4cnc(CNC[C@@H]5CCC(=O)N5)c(OC)n4)c3Cl)c2Cl)cnc1CNCC[C@H]1CCCO1
120	mol465	-13.55	COc1nc(-c2cccc(-c3cccc(-c4cnc(CNC[C@@H]5CCC(=O)N5)c(O)c4Cl)c3Cl)c2Cl)cnc1CNCCC1CCCC1
120	mol124	-13.27	COc1ncc(-c2cccc(-c3cccc(-c4cnc(CNC[C@@H]5CCC(=O)N5)c(OC)n4)c3Cl)c2Cl)cn1
120	mol85	-13.11	Oc1cc(-c2cccc(-c3cccc(-c4cncnc4)c3Cl)c2Cl)ncc1Cl
130	mol443	-12.61	COc1nc(-c2cccc(-c3cccc(-c4cnc(CNC[C@@H]5CCC(=O)N5)c(OC)n4)c3Cl)c2Cl)cnc1CNCC[C@H]1CCCO1
130	mol25	-12.53	COc1nc(-c2cccc(-c3cccc(-c4cnc(CNC[C@@H]5CCC(=O)N5)c(OC)n4)c3Cl)c2Cl)cnc1CNCC[C@H]1CCCO1
130	mol442	-12.52	COc1nc(-c2cccc(-c3cccc(-c4cnc(CNC[C@@H]5CCC(=O)N5)c(OC)n4)c3Cl)c2Cl)cnc1CNCC[C@H]1CCCO1
130	mol225	-13.87	COc1ncc(-c2cccc(-c3cccc(-c4cccc(CNC[C@@H]5CCC(=O)N5)c4Cl)c3Cl)c2Cl)cn1
130	mol284	-12.84	COc1nc(-c2cccc(-c3cccc(-c4cnc(CNC[C@H]5CCC(=O)N5)c(OC)n4)c3Cl)c2Cl)cnc1CNCCC1CCOCC1
130	mol400	-13.26	COc1ncc(-c2cccc(-c3cccc(-c4cnc(CNC[C@@H]5CCC(=O)N5)c(OC)n4)c3Cl)c2Cl)cn1
130	mol302	-12.59	COc1nc(-c2cccc(-c3cccc(-c4cnc(CNC[C@@H]5CCC(=O)N5)c(OC)n4)c3Cl)c2Cl)cnc1CNCC[C@H]1CCCO1
130	mol391	-12.54	COc1nc(-c2cccc(-c3cccc(-c4cnc(CNC[C@@H]5CCC(=O)N5)c(OC)n4)c3Cl)c2Cl)cnc1CNCC[C@H]1CCCO1
130	mol165	-12.71	COc1nc(-c2cccc(-c3cccc(-c4cnc(CNC[C@@H]5CCC(=O)N5)c(OC)n4)c3Cl)c2Cl)cnc1CNCC[C@H]1CCCO1
130	mol99	-12.67	COc1nc(-c2cccc(-c3cccc(-c4cnc(CNC[C@@H]5CCC(=O)N5)c(OC)n4)c3Cl)c2Cl)cnc1CNCC[C@H]1CCCO1
130	mol156	-12.7	COc1nc(-c2cccc(-c3cccc(-c4cnc(CNC[C@@H]5CCC(=O)N5)c(OC)n4)c3Cl)c2Cl)cnc1CNCC[C@H]1CCCO1
130	mol68	-12.67	COc1nc(-c2cccc(-c3cccc(-c4cnc(CNC[C@@H]5CCC(=O)N5)c(OC)n4)c3Cl)c2Cl)cnc1CNCC[C@H]1CCCO1
130	mol481	-12.55	COc1nc(-c2cccc(-c3cccc(-c4cnc(CNC[C@@H]5CCC(=O)N5)c(OC)n4)c3Cl)c2Cl)cnc1CNCC[C@H]1CCCO1
130	mol203	-12.38	COc1nc(-c2cccc(-c3cccc(-c4cnc(CNC[C@@H]5CCC(=O)N5)c(OC)n4)c3Cl)c2Cl)cnc1CNCC[C@H]1CCCO1
130	mol254	-12.55	COc1nc(-c2cccc(-c3cccc(-c4cnc(CNC[C@@H]5CCC(=O)N5)c(OC)n4)c3Cl)c2Cl)cnc1CNCC[C@H]1CCCO1
130	mol84	-12.7	COc1nc(-c2cccc(-c3cccc(-c4cnc(CNC[C@@H]5CCC(=O)N5)c(OC)n4)c3Cl)c2Cl)cnc1CNCC[C@H]1CCCO1
130	mol6	-12.68	COc1nc(-c2cccc(-c3cccc(-c4cnc(CNC[C@@H]5CCC(=O)N5)c(OC)n4)c3Cl)c2Cl)cnc1CNCC[C@H]1CCCO1
130	mol324	-12.55	COc1nc(-c2cccc(-c3cccc(-c4cnc(CNC[C@@H]5CCC(=O)N5)c(OC)n4)c3Cl)c2Cl)cnc1CNCC[C@H]1CCCO1
130	mol425	-12.66	COc1nc(-c2cccc(-c3cccc(-c4cnc(CNC[C@@H]5CCC(=O)N5)c(OC)n4)c3Cl)c2Cl)cnc1CNCC[C@H]1CCCO1
130	mol487	-12.45	COc1nc(-c2cccc(-c3cccc(-c4cnc(CNC[C@@H]5CCC(=O)N5)c(OC)n4)c3Cl)c2Cl)cnc1CNCC[C@H]1CCCO1
130	mol55	-12.63	COc1nc(-c2cccc(-c3cccc(-c4cnc(CNC[C@@H]5CCC(=O)N5)c(OC)n4)c3Cl)c2Cl)cnc1CNCC[C@H]1CCCO1
130	mol428	-12.64	COc1nc(-c2cccc(-c3cccc(-c4cnc(CNC[C@@H]5CCC(=O)N5)c(OC)n4)c3Cl)c2Cl)cnc1CNCC[C@H]1CCCO1
130	mol256	-13.34	COc1nc(-c2cccc(-c3cccc(-c4cnc(CNC[C@@H]5CCC(=O)N5)c(O)c4Cl)c3Cl)c2Cl)cnc1CNCC[C@@H]1CCCO1
130	mol384	-13.38	COc1nc(-c2cccc(-c3cccc(-c4cnc(CNC[C@@H]5CCC(=O)N5)c(OC)c4Cl)c3Cl)c2Cl)cnc1CNC[C@H]1CCCO1
130	mol477	-13.03	COc1nc(-c2cccc(-c3cccc(-c4cnc(CNC[C@H]5CCCO5)c(OC)n4)c3Cl)c2Cl)cnc1CNC[C@H]1CCC(=O)N1
130	mol193	-12.65	COc1nc(-c2cccc(-c3cccc(-c4cnc(CNC[C@@H]5CCC(=O)N5)c(OC)n4)c3Cl)c2Cl)cnc1CNCC[C@H]1CCCO1
130	mol347	-12.44	COCCn1ccc(-c2cccc(-c3cccc(-c4ccccn4)c3Cl)c2Cl)n1
130	mol367	-12.08	COc1nc(Oc2cccc(-c3cccc(-c4cnc(CNC[C@H]5CCC(=O)N5)c(OC)n4)c3Cl)c2Cl)cnc1CNCC[C@@H]1CCCO1
130	mol73	-12.64	COc1nc(-c2cccc(-c3cccc(-c4cnc(CNC[C@@H]5CCC(=O)N5)c(OC)n4)c3Cl)c2Cl)cnc1CNCC[C@H]1CCCO1
130	mol264	-12.7	COc1nc(-c2cccc(-c3cccc(-c4cnc(CNC[C@@H]5CCC(=O)N5)c(OC)n4)c3Cl)c2Cl)cnc1CNCC[C@H]1CCCO1
130	mol408	-12.64	COc1nc(-c2cccc(-c3cccc(-c4ccnc(CNC[C@@H]5CCC(=O)N5)c4Cl)c3Cl)c2Cl)cnc1CNCCCn1cncn1
130	mol320	-12.5	COc1nc(-c2cccc(-c3cccc(-c4cnc(CNC[C@@H]5CCC(=O)N5)c(OC)n4)c3Cl)c2Cl)cnc1CNCC[C@H]1CCCO1
130	mol35	-12.55	COc1nc(-c2cccc(-c3cccc(-c4cnc(CNC[C@@H]5CCC(=O)N5)c(OC)n4)c3Cl)c2Cl)cnc1CNCC[C@H]1CCCO1
130	mol52	-13.51	COc1nc(-c2cccc(-c3cccc(-c4cnc(CNC[C@@H]5CCC(=O)N5)c(OC)n4)c3Cl)c2Cl)cnc1CNCC1CCOCC1
130	mol155	-12.49	COc1nc(-c2cccc(-c3cccc(-c4cnc(CNC[C@@H]5CCC(=O)N5)c(OC)n4)c3Cl)c2Cl)cnc1CNCC[C@H]1CCCO1
130	mol348	-12.7	COc1nc(-c2cccc(-c3cccc(-c4cnc(CNC[C@@H]5CCC(=O)N5)c(OC)n4)c3Cl)c2Cl)cnc1CNCC[C@H]1CCCO1
130	mol81	-13.5	Cn1cnc(-c2cccc(-c3cccc(-c4cnc(CNC[C@@H]5CCC(=O)N5)c(O)c4Cl)c3Cl)c2Cl)c1
130	mol306	-12.75	COc1nc(-c2cccc(-c3cccc(-c4cnc(CNC[C@@H]5CCC(=O)N5)c(OC)n4)c3Cl)c2Cl)cnc1CNCC[C@H]1CCCO1
130	mol241	-12.13	COc1nc(-c2cccc(-c3cccc(-c4cnc(CNC[C@H]5CCCO5)c(OC)n4)c3Cl)c2Cl)cnc1CNCC[C@@H]1CCCO1
130	mol390	-12.48	COc1nc(-c2cccc(-c3cccc(-c4cnc(CNC[C@@H]5CCC(=O)N5)c(OC)n4)c3Cl)c2Cl)cnc1CNCC[C@H]1CCCO1
130	mol255	-12.48	COc1nc(-c2cccc(-c3cccc(-c4cnc(CNC[C@@H]5CCC(=O)N5)c(OC)n4)c3Cl)c2Cl)cnc1CNCC[C@H]1CCCO1
130	mol222	-12.7	COc1nc(-c2cccc(-c3cccc(-c4cnc(CNC[C@@H]5CCC(=O)N5)c(OC)n4)c3Cl)c2Cl)cnc1CNCC[C@H]1CCCO1
130	mol21	-12.58	COc1nc(-c2cccc(-c3cccc(-c4cnc(CNC[C@@H]5CCC(=O)N5)c(OC)n4)c3Cl)c2Cl)cnc1CNCC[C@H]1CCCO1
130	mol365	-12.75	COc1nc(-c2cccc(-c3cccc(-c4cnc(CNC[C@@H]5CCC(=O)N5)c(OC)n4)c3Cl)c2Cl)cnc1CNCC[C@H]1CCCO1
130	mol492	-13.41	COc1nc(-c2cccc(-c3cccc(-c4cnc(CNC[C@@H]5CCC(=O)N5)c(O)c4Cl)c3Cl)c2Cl)cnc1CNCC[C@@H]1CCCO1
130	mol24	-12.57	COc1nc(-c2cccc(-c3cccc(-c4cnc(CNC[C@@H]5CCC(=O)N5)c(OC)n4)c3Cl)c2Cl)cnc1CNCC[C@H]1CCCO1
130	mol471	-12.66	COc1nc(-c2cccc(-c3cccc(-c4cnc(CNC[C@@H]5CCC(=O)N5)c(OC)n4)c3Cl)c2Cl)cnc1CNCC[C@H]1CCCO1
130	mol379	-14.12	COc1nc(-c2cccc(-c3cccc(-c4cccc(OC[C@@H]5CCC(=O)N5)c4Cl)c3Cl)c2Cl)cnc1CNC[C@@H]1CCCO1
130	mol149	-12.66	COc1nc(-c2cccc(-c3cccc(-c4cnc(CNC[C@@H]5CCC(=O)N5)c(OC)n4)c3Cl)c2Cl)cnc1CNCC[C@H]1CCCO1
130	mol7	-12.93	COc1cnc(-c2cccc(-c3cccc(-c4cnc(CNC[C@@H]5CCC(=O)N5)c(OC)n4)c3Cl)c2Cl)cn1
130	mol467	-13.43	COc1cc(-c2cccc(-c3cccc(-c4cnc(CNCC[C@H]5CCCO5)c(OC)n4)c3Cl)c2Cl)cnc1CNC[C@H]1CCC(=O)N1
130	mol319	-12.68	COc1nc(-c2cccc(-c3cccc(-c4cnc(CNC[C@@H]5CCC(=O)N5)c(OC)n4)c3Cl)c2Cl)cnc1CNCC[C@H]1CCCO1
130	mol270	-13.39	COc1nccc(-c2cccc(-c3cccc(-c4cnc(CNC[C@@H]5CCC(=O)N5)c(OC)n4)c3Cl)c2Cl)n1
130	mol276	-12.54	COc1nc(-c2cccc(-c3cccc(-c4cnc(CNC[C@@H]5CCC(=O)N5)c(OC)n4)c3Cl)c2Cl)cnc1CNCC[C@H]1CCCO1
130	mol374	-12.72	COc1nc(-c2cccc(-c3cccc(-c4cnc(CNC[C@@H]5CCC(=O)N5)c(OC)n4)c3Cl)c2Cl)cnc1CNCC[C@H]1CCCO1
130	mol336	-12.52	COc1nc(-c2cccc(-c3cccc(-c4cnc(CNC[C@@H]5CCC(=O)N5)c(OC)n4)c3Cl)c2Cl)cnc1CNCC[C@H]1CCCO1
130	mol479	-12.58	COc1nc(-c2cccc(-c3cccc(-c4cnc(CNC[C@@H]5CCC(=O)N5)c(OC)n4)c3Cl)c2Cl)cnc1CNCC[C@H]1CCCO1
130	mol163	-12.99	COc1nc(-c2cccc(-c3cccc(-c4cnc(CNC[C@H]5CCCO5)c(OC)n4)c3Cl)c2Cl)cnc1CNC[C@H]1CCC(=O)N1
130	mol237	-13.02	COc1nc(-c2cccc(-c3cccc(-c4cnc(CNC[C@H]5CCCO5)c(OC)n4)c3Cl)c2Cl)cnc1CNC[C@H]1CCC(=O)N1
130	mol67	-12.7	COc1nc(-c2cccc(-c3cccc(-c4cnc(CNC[C@@H]5CCC(=O)N5)c(OC)n4)c3Cl)c2Cl)cnc1CNCC[C@H]1CCCO1
130	mol338	-12.6	COc1nc(-c2cccc(-c3cccc(-c4cnc(CNC[C@@H]5CCC(=O)N5)c(OC)n4)c3Cl)c2Cl)cnc1CNCC[C@H]1CCCO1
130	mol143	-12.69	COc1nc(-c2cccc(-c3cccc(-c4cnc(CNC[C@@H]5CCC(=O)N5)c(OC)n4)c3Cl)c2Cl)cnc1CNCC[C@H]1CCCO1
130	mol187	-12.59	COc1nc(-c2cccc(-c3cccc(-c4cnc(CNC[C@@H]5CCC(=O)N5)c(OC)n4)c3Cl)c2Cl)cnc1CNCC[C@H]1CCCO1
130	mol14	-13.27	COc1ncc(-c2cccc(-c3cccc(-c4cnc(CNC[C@@H]5CCC(=O)N5)c(OC)n4)c3Cl)c2Cl)cn1
130	mol236	-12.7	COc1nc(-c2cccc(-c3cccc(-c4cnc(CNC[C@@H]5CCC(=O)N5)c(OC)n4)c3Cl)c2Cl)cnc1CNCC[C@H]1CCCO1
130	mol199	-12.56	COc1nc(-c2cccc(-c3cccc(-c4cnc(CNC[C@@H]5CCC(=O)N5)c(OC)n4)c3Cl)c2Cl)cnc1CNCC[C@H]1CCCO1
130	mol69	-12.71	CCOc1cnc(-c2cccc(-c3cccc(-c4cnc(CNC[C@@H]5CCC(=O)N5)c(OC)n4)c3Cl)c2Cl)cn1
130	mol100	-12.56	COc1nc(-c2cccc(-c3cccc(-c4cnc(CNC[C@@H]5CCC(=O)N5)c(OC)n4)c3Cl)c2Cl)cnc1CNCC[C@H]1CCCO1
130	mol132	-12.13	Nc1ncnc(OCCOc2cccc(-c3cccc(-c4cncc(CNC[C@H]5CCC(=O)N5)c4Cl)c3Cl)c2Cl)c1CNCC[C@H]1CCCO1
130	mol295	-12.71	COc1nc(-c2cccc(-c3cccc(-c4cnc(CNC[C@@H]5CCC(=O)N5)c(OC)n4)c3Cl)c2Cl)cnc1CNCC[C@H]1CCCO1
130	mol321	-12.55	COc1nc(-c2cccc(-c3cccc(-c4cnc(CNC[C@@H]5CCC(=O)N5)c(OC)n4)c3Cl)c2Cl)cnc1CNCC[C@H]1CCCO1
130	mol345	-12.56	COc1nc(-c2cccc(-c3cccc(-c4cnc(CNC[C@@H]5CCC(=O)N5)c(OC)n4)c3Cl)c2Cl)cnc1CNCC[C@H]1CCCO1
130	mol313	-12.82	COc1nc(-c2cccc(-c3cccc(-c4cnc(CNC(C)=O)c(OC)n4)c3Cl)c2Cl)cnc1CNCC[C@H]1CCCO1
130	mol207	-12.79	COc1nc(-c2cccc(-c3cccc(-c4cnc(CNC[C@H]5CCC(=O)N5)c(OC)n4)c3Cl)c2Cl)cnc1CNCCC1CCOCC1
130	mol427	-12.82	COc1nc(-c2cccc(-c3cccc(-c4cnc(CNC[C@H]5CCC(=O)N5)c(OC)n4)c3Cl)c2Cl)cnc1CNCCC1CCOCC1
130	mol61	-13.05	COc1nc(-c2cccc(-c3cccc(-c4cnc(CNC[C@H]5CCC(=O)N5)c(OC)n4)c3Cl)c2Cl)cnc1CNCCC1CC1
130	mol209	-12.27	COc1nc(-c2cccc(-c3cccc(-c4cnc(CNC[C@@H]5CCC(=O)N5)c(OC)n4)c3Cl)c2Cl)ncc1CNCC[C@H]1CCCO1
130	mol128	-12.56	COc1nc(-c2cccc(-c3cccc(-c4cnc(CNC[C@@H]5CCC(=O)N5)c(OC)n4)c3Cl)c2Cl)cnc1CNCC[C@H]1CCCO1
130	mol86	-13.08	COc1nc(-c2cccc(-c3cccc(-c4cncc(CNC[C@H]5CCC(=O)N5)c4Cl)c3Cl)c2Cl)cnc1CNCC[C@@H]1CCCO1
130	mol267	-13.19	COc1nc(-c2cccc(-c3cccc(-c4cccc(CNC[C@@H]5CCC(=O)N5)c4Cl)c3Cl)c2Cl)cnc1CNCC[C@@H]1CCCO1
130	mol387	-12.29	COc1nc(-c2cccc(-c3cccc(-c4cnc(CNC[C@H]5CCC(=O)N5)c(OC)n4)c3Cl)c2Cl)cnc1CNCCNC[C@H]1CCCO1
130	mol407	-13.12	COc1cc(-c2cccc(-c3cccc(-c4cnc(CNCC[C@H]5CCCO5)c(OC)n4)c3Cl)c2Cl)cnc1CNC[C@H]1CCC(=O)N1
130	mol272	-12.61	COc1nc(-c2cccc(-c3cccc(-c4cnc(CNC[C@@H]5CCC(=O)N5)c(OC)n4)c3Cl)c2Cl)cnc1CNCC[C@H]1CCCO1
130	mol383	-12.74	COc1nc(-c2cccc(-c3cccc(-c4cnc(CNC[C@@H]5CCC(=O)N5)c(OC)n4)c3Cl)c2Cl)cnc1CNCC[C@H]1CCCO1
130	mol60	-12.51	COc1nc(-c2cccc(-c3cccc(-c4cnc(CNC[C@@H]5CCC(=O)N5)c(OC)n4)c3Cl)c2Cl)cnc1CNCC[C@H]1CCCO1
130	mol240	-12.11	COc1nc(-c2cccc(-c3cccc(-c4cnc(CNC[C@H]5CCCO5)c(OC)n4)c3Cl)c2Cl)cnc1CNCC[C@@H]1CCCO1
130	mol445	-12.59	COc1nc(-c2cccc(-c3cccc(-c4cnc(CNC[C@@H]5CCC(=O)N5)c(OC)n4)c3Cl)c2Cl)cnc1CNCC[C@H]1CCCO1
130	mol325	-12.63	COc1nc(-c2cccc(-c3cccc(-c4cnc(CNC[C@@H]5CCC(=O)N5)c(OC)n4)c3Cl)c2Cl)cnc1CNCC[C@H]1CCCO1
130	mol111	-12.55	COc1nc(-c2cccc(-c3cccc(-c4cnc(CNC[C@H]5CCC(=O)N5)c(OC)n4)c3Cl)c2Cl)cnc1CNCC[C@H]1CC[C@@H](OCCO)CC1
130	mol189	-12.6	COc1nc(-c2cccc(-c3cccc(-c4cnc(CNC[C@@H]5CCC(=O)N5)c(OC)n4)c3Cl)c2Cl)cnc1CNCC[C@H]1CCCO1
130	mol59	-12.59	COc1nc(-c2cccc(-c3cccc(-c4cnc(CNC[C@@H]5CCC(=O)N5)c(OC)n4)c3Cl)c2Cl)cnc1CNCC[C@H]1CCCO1
130	mol136	-12.58	COc1nc(-c2cccc(-c3cccc(-c4cnc(CNC[C@@H]5CCC(=O)N5)c(OC)n4)c3Cl)c2Cl)cnc1CNCC[C@H]1CCCO1
130	mol16	-12.58	COc1nc(-c2cccc(-c3cccc(-c4cnc(CNC[C@@H]5CCC(=O)N5)c(OC)n4)c3Cl)c2Cl)cnc1CNCC[C@H]1CCCO1
130	mol159	-13.22	COc1nc(-c2cccc(-c3cccc(-c4cccc(CNC[C@@H]5CCC(=O)N5)c4Cl)c3Cl)c2Cl)cnc1CNCC[C@@H]1CCCO1
130	mol340	-12.44	COc1nc(-c2cccc(-c3cccc(-c4cnc(CNC[C@@H]5CCC(=O)N5)c(OC)n4)c3Cl)c2Cl)cnc1CNCC[C@H]1CCCO1
130	mol244	-12.62	COc1nc(-c2cccc(-c3cccc(-c4cnc(CNC[C@@H]5CCC(=O)N5)c(OC)n4)c3Cl)c2Cl)cnc1CNCC[C@H]1CCCO1
130	mol252	-13.31	COc1ncc(-c2cccc(-c3cccc(-c4cnc(CNC[C@@H]5CCC(=O)N5)c(OC)n4)c3Cl)c2Cl)cn1
130	mol300	-12.42	COc1nc(-c2cccc(-c3cccc(-c4cnc(CNC[C@@H]5CCC(=O)N5)c(OC)c4Cl)c3Cl)c2Cl)cnc1CNCC[C@H]1CCCO1
130	mol197	-12.62	COc1nc(-c2cccc(-c3cccc(-c4cnc(CNC[C@@H]5CCC(=O)N5)c(OC)n4)c3Cl)c2Cl)cnc1CNCC[C@H]1CCCO1
130	mol168	-12.62	COc1nc(-c2cccc(-c3cccc(-c4cnc(CNC[C@@H]5CCC(=O)N5)c(OC)n4)c3Cl)c2Cl)cnc1CNCC[C@H]1CCCO1
130	mol5	-12.79	COc1nc(-c2cccc(-c3cccc(-c4cnc(CNC[C@H]5CCC(=O)N5)c(OC)n4)c3Cl)c2Cl)cnc1CNCCC1CCOCC1
130	mol49	-12.58	COc1nc(-c2cccc(-c3cccc(-c4cnc(CNC[C@@H]5CCC(=O)N5)c(OC)n4)c3Cl)c2Cl)cnc1CNCC[C@H]1CCCO1
130	mol196	-12.51	COc1nc(-c2cccc(-c3cccc(-c4cnc(CNC[C@@H]5CCC(=O)N5)c(OC)n4)c3Cl)c2Cl)cnc1CNCC[C@H]1CCCO1
130	mol449	-12.56	COc1nc(-c2cccc(-c3cccc(-c4cnc(CNC[C@@H]5CCC(=O)N5)c(OC)n4)c3Cl)c2Cl)cnc1CNCC[C@H]1CCCO1
130	mol283	-13.46	COc1nc(-c2cccc(-c3cccc(-c4cnc(CNC[C@@H]5CCC(=O)N5)c(OC)n4)c3Cl)c2Cl)cnc1CNCC1CCOCC1
130	mol188	-12.7	COc1nc(-c2cccc(-c3cccc(-c4cnc(CNC[C@@H]5CCC(=O)N5)c(OC)n4)c3Cl)c2Cl)cnc1CNCC[C@H]1CCCO1
130	mol304	-12.55	COc1nc(-c2cccc(-c3cccc(-c4cnc(CNC[C@@H]5CCC(=O)N5)c(OC)n4)c3Cl)c2Cl)cnc1CNCC[C@H]1CCCO1
130	mol70	-12.47	COc1nc(-c2cccc(-c3cccc(-c4cnc(CNC[C@@H]5CCC(=O)N5)c(OC)n4)c3Cl)c2Cl)cnc1CNCC[C@H]1CCCO1
130	mol242	-12.64	COc1nc(-c2cccc(-c3cccc(-c4cnc(CNC[C@@H]5CCC(=O)N5)c(OC)n4)c3Cl)c2Cl)cnc1CNCC[C@H]1CCCO1
130	mol421	-12.53	COc1nc(-c2cccc(-c3cccc(-c4cnc(CNC[C@@H]5CCC(=O)N5)c(OC)n4)c3Cl)c2Cl)cnc1CNCC[C@H]1CCCO1
130	mol297	-12.47	COc1nc(-c2cccc(-c3cccc(-c4cnc(CNC[C@@H]5CCC(=O)N5)c(OC)n4)c3Cl)c2Cl)cnc1CNCCN1CCCC1
130	mol419	-12.83	COc1cc(-c2cccc(-c3cccc(-c4cnc(CNC[C@@H]5CCC(=O)N5)c(OC)n4)c3Cl)c2Cl)cnc1CNCC[C@H]1CCCO1
130	mol29	-12.53	COc1nc(-c2cccc(-c3cccc(-c4cnc(CNC[C@@H]5CCC(=O)N5)c(OC)n4)c3Cl)c2Cl)cnc1CNCC[C@H]1CCCO1
130	mol22	-12.65	COc1nc(-c2cccc(-c3cccc(-c4cnc(CNC[C@@H]5CCC(=O)N5)c(OC)n4)c3Cl)c2Cl)cnc1CNCC[C@H]1CCCO1
130	mol146	-12.6	COc1nc(-c2cccc(-c3cccc(-c4cnc(CNC[C@@H]5CCC(=O)N5)c(OC)n4)c3Cl)c2Cl)cnc1CNCC[C@H]1CCCO1
130	mol412	-12.36	COc1nc(-c2cccc(-c3cccc(-c4cnc(CNC[C@@H]5CCC(=O)N5)c(OC)c4Cl)c3Cl)c2Cl)cnc1CNCC[C@H]1CCCO1
130	mol233	-13.59	COc1nc(-c2cccc(-c3cccc(-c4cnc(CN[C@H]5CC(=O)N5)c(OC)n4)c3Cl)c2Cl)cnc1CNCCC1CCOCC1
130	mol393	-12.63	COc1nc(-c2cccc(-c3cccc(-c4cnc(CNC[C@@H]5CCC(=O)N5)c(OC)n4)c3Cl)c2Cl)cnc1CNCC[C@H]1CCCO1
130	mol396	-12.69	COc1nc(-c2cccc(-c3cccc(-c4cnc(CNC[C@@H]5CCC(=O)N5)c(OC)n4)c3Cl)c2Cl)cnc1CNCC[C@H]1CCCO1
130	mol478	-12.55	COc1nc(-c2cccc(-c3cccc(-c4cnc(CNC[C@@H]5CCC(=O)N5)c(OC)n4)c3Cl)c2Cl)cnc1CNCC[C@H]1CCCO1
130	mol318	-12.92	COc1nc(-c2cccc(-c3cccc(-c4cnc(CNC[C@H]5CCC(=O)N5)c(OC)n4)c3Cl)c2Cl)cnc1CNCCC1CCOCC1
130	mol185	-12.69	COc1nc(-c2cccc(-c3cccc(-c4cnc(CNC[C@@H]5CCC(=O)N5)c(OC)n4)c3Cl)c2Cl)cnc1CNCC[C@H]1CCCO1
130	mol357	-13.71	COc1nc(-c2cccc(-c3cccc(-c4cccnc4Cl)c3Cl)c2Cl)cnc1CNCC1CCOCC1
130	mol288	-13.46	COc1nc(-c2cccc(-c3cccc(-c4cnc(CNC[C@@H]5CCC(=O)N5)c(OC)n4)c3Cl)c2Cl)cnc1CNCC1CCOCC1
130	mol250	-12.57	COc1nc(-c2cccc(-c3cccc(-c4cnc(CNC[C@@H]5CCC(=O)N5)c(OC)n4)c3Cl)c2Cl)cnc1CNCC[C@H]1CCCO1
130	mol253	-12.21	COc1nc(-c2cccc(-c3cccc(-c4cnc(CNC[C@@H]5CCC(=O)N5)c(OC)c4Cl)c3Cl)c2Cl)cnc1CNCC[C@H]1CCCO1
130	mol344	-12.59	COc1nc(-c2cccc(-c3cccc(-c4cnc(CNC[C@@H]5CCC(=O)N5)c(OC)n4)c3Cl)c2Cl)cnc1CNCC[C@H]1CCCO1
130	mol65	-12.58	COc1nc(-c2cccc(-c3cccc(-c4cnc(CNC[C@@H]5CCC(=O)N5)c(OC)n4)c3Cl)c2Cl)cnc1CNCC[C@H]1CCCO1
130	mol64	-13.18	COc1cc(-c2cccc(-c3cccc(-c4cnc(CNCC[C@H]5CCCO5)c(OC)n4)c3Cl)c2Cl)cnc1CNC[C@H]1CCC(=O)N1
130	mol148	-12.47	COc1nc(-c2cccc(-c3cccc(-c4cnc(CNC[C@@H]5CCC(=O)N5)c(OC)n4)c3Cl)c2Cl)cnc1CNCC[C@H]1CCCO1
130	mol91	-12.72	COc1ncn(-c2cccc(-c3cccc(-c4cnc(CNC[C@@H]5CCC(=O)N5)c(OC)n4)c3Cl)c2Cl)n1
130	mol204	-12.4	COc1nc(-c2cccc(-c3cccc(-c4cnc(CNCC[C@H]5CCCO5)c(OC)n4)c3Cl)c2Cl)cnc1CNCC[C@@H]1CCC(=O)N1
130	mol249	-12.51	COc1nc(-c2cccc(-c3cccc(-c4cnc(CNC[C@@H]5CCC(=O)N5)c(OC)n4)c3Cl)c2Cl)cnc1CNCC[C@H]1CCCO1
130	mol88	-13.71	COc1nc(-c2cccc(-c3cccc(-c4cnc(CNC[C@@H]5CCC(=O)N5)c(O)c4Cl)c3Cl)c2Cl)cnc1CNC[C@H]1CCCO1
130	mol404	-13.31	COc1ncc(-c2cccc(-c3cccc(-c4cnc(CNC[C@@H]5CCC(=O)N5)c(OC)n4)c3Cl)c2Cl)cn1
130	mol426	-12.71	COc1nc(-c2cccc(-c3cccc(-c4cnc(CNC[C@@H]5CCC(=O)N5)c(OC)n4)c3Cl)c2Cl)cnc1CNCC[C@H]1CCCO1
130	mol450	-12.6	COc1nc(-c2cccc(-c3cccc(-c4cnc(CNC[C@@H]5CCC(=O)N5)c(OC)n4)c3Cl)c2Cl)cnc1CNCC[C@H]1CCCO1
130	mol434	-12.55	COc1nc(-c2cccc(-c3cccc(-c4cnc(CNC[C@@H]5CCC(=O)N5)c(OC)n4)c3Cl)c2Cl)cnc1CNCC[C@H]1CCCO1
130	mol96	-12.68	COc1nc(-c2cccc(-c3cccc(-c4cnc(CNC[C@@H]5CCC(=O)N5)c(OC)n4)c3Cl)c2Cl)cnc1CNCC[C@H]1CCCO1
130	mol452	-12.64	COc1nc(-c2cccc(-c3cccc(-c4cnc(CNC[C@@H]5CCC(=O)N5)c(OC)n4)c3Cl)c2Cl)cnc1CNCC[C@H]1CCCO1
130	mol482	-12.56	COc1nc(-c2cccc(-c3cccc(-c4cnc(CNC[C@@H]5CCC(=O)N5)c(OC)n4)c3Cl)c2Cl)cnc1CNCC[C@H]1CCCO1
130	mol268	-12.63	COc1nc(-c2cccc(-c3cccc(-c4cnc(CNC[C@@H]5CCC(=O)N5)c(OC)n4)c3Cl)c2Cl)cnc1CNCC[C@H]1CCCO1
130	mol323	-12.81	COc1nc(-c2cccc(-c3cccc(-c4cnc(CNC[C@H]5CCCN5)c(OC)n4)c3Cl)c2Cl)cnc1CNCC[C@@H]1CCCO1
130	mol342	-12.45	COc1nc(-c2cccc(-c3cccc(-c4cnc(CNC[C@H]5CCC(=O)N5)c(OC)n4)c3Cl)c2Cl)cnc1CNCCC[C@H]1CCCO1
130	mol260	-12.36	COc1nc(-c2cccc(-c3cccc(-c4cnc(CNC[C@@H]5CCC(=O)N5)c(OC)c4Cl)c3Cl)c2Cl)cnc1CNCC[C@H]1CCCO1
130	mol310	-13.04	O=C1CC[C@H](COc2ncc(-c3cccc(-c4cccc(-c5cnc(C[C@H]6CCCO6)cn5)c4Cl)c3Cl)nc2OCC2CC2)N1
130	mol37	-12.65	COc1nc(-c2cccc(-c3cccc(-c4cnc(CNC[C@@H]5CCC(=O)N5)c(OC)n4)c3Cl)c2Cl)cnc1CNCC[C@H]1CCCO1
130	mol157	-12.51	COc1nc(-c2cccc(-c3cccc(-c4cnc(CNC[C@@H]5CCC(=O)N5)c(OC)n4)c3Cl)c2Cl)cnc1CNCC[C@H]1CCCO1
130	mol76	-13.37	COc1cc(-c2cccc(-c3cccc(-c4cnc(CNCC[C@H]5CCCO5)c(OC)n4)c3Cl)c2Cl)cnc1CNC[C@H]1CCC(=O)N1
130	mol266	-12.57	COc1nc(-c2cccc(-c3cccc(-c4cnc(CNC[C@@H]5CCC(=O)N5)c(OC)n4)c3Cl)c2Cl)cnc1CNCC[C@H]1CCCO1
130	mol78	-12.55	COc1nc(-c2cccc(-c3cccc(-c4cnc(CNC[C@@H]5CCC(=O)N5)c(OC)n4)c3Cl)c2Cl)cnc1CNCC[C@H]1CCCO1
130	mol228	-12.63	COc1nc(-c2cccc(-c3cccc(-c4cnc(CNC[C@@H]5CCC(=O)N5)c(OC)n4)c3Cl)c2Cl)cnc1CNCC[C@H]1CCCO1
130	mol429	-12.49	COc1nc(-c2cccc(-c3cccc(-c4cnc(CNC[C@@H]5CCC(=O)N5)c(OC)c4Cl)c3Cl)c2Cl)cnc1CNCC[C@H]1CCCO1
130	mol307	-12.41	COc1nc(-c2cccc(-c3cccc(-c4cnc(CNC[C@@H]5CCC(=O)N5)c(OC)c4Cl)c3Cl)c2Cl)cnc1CNCC[C@H]1CCCO1
130	mol416	-12.74	COc1nc(-c2cccc(-c3cccc(-c4cnc(CNC[C@@H]5CCC(=O)N5)c(OC)n4)c3Cl)c2Cl)cnc1CNCC[C@H]1CCCO1
130	mol282	-12.61	COc1nc(-c2cccc(-c3cccc(-c4cnc(CNC[C@@H]5CCC(=O)N5)c(OC)c4Cl)c3Cl)c2Cl)cnc1CNCC[C@H]1CCCO1
130	mol326	-12.46	COc1nc(-c2cccc(-c3cccc(-c4cnc(CNC[C@@H]5CCC(=O)N5)c(OC)n4)c3Cl)c2Cl)cnc1CNCC[C@H]1CCCO1
130	mol215	-12.7	COc1nc(-c2cccc(-c3cccc(-c4cnc(CNC[C@@H]5CCC(=O)N5)c(OC)n4)c3Cl)c2Cl)cnc1CNCC[C@H]1CCCO1
130	mol63	-12.56	COc1nc(-c2cccc(-c3cccc(-c4cnc(CNC[C@@H]5CCC(=O)N5)c(OC)n4)c3Cl)c2Cl)cnc1CNCC[C@H]1CCCO1
130	mol26	-13.09	COc1nc(-c2cccc(-c3cccc(-c4cnc(CNC[C@H]5CCCO5)c(OC)n4)c3Cl)c2Cl)cnc1CNC[C@H]1CCC(=O)N1
130	mol34	-12.53	COc1nc(-c2cccc(-c3cccc(-c4cnc(CNC[C@@H]5CCC(=O)N5)c(OC)n4)c3Cl)c2Cl)cnc1CNCC[C@H]1CCCO1
130	mol291	-12.66	COc1nc(-c2cccc(-c3cccc(-c4cnc(CNC[C@@H]5CCC(=O)N5)c(OC)n4)c3Cl)c2Cl)cnc1CNCC[C@H]1CCCO1
130	mol475	-12.71	COc1nc(-c2cccc(-c3cccc(-c4cnc(CNC[C@@H]5CCC(=O)N5)c(OC)n4)c3Cl)c2Cl)cnc1CNCC[C@H]1CCCO1
130	mol493	-13.46	COc1nc(-c2cccc(-c3cccc(-c4cnc(CNC[C@@H]5CCC(=O)N5)c(OC)n4)c3Cl)c2Cl)cnc1CNCC1CCOCC1
130	mol217	-13.11	COc1nc(-c2cccc(-c3cccc(-c4cnc(CNC[C@H]5CCC(=O)N5)c(OC)n4)c3Cl)c2Cl)cnc1CNCCC1CCC1
130	mol330	-12.46	COc1nc(-c2cccc(-c3cccc(-c4cnc(CNC[C@@H]5CCC(=O)N5)c(OC)n4)c3Cl)c2Cl)cnc1CNCC[C@H]1CCCO1
130	mol448	-12.56	COc1nc(-c2cccc(-c3cccc(-c4cnc(CNC[C@@H]5CCC(=O)N5)c(OC)n4)c3Cl)c2Cl)cnc1CNCC[C@H]1CCCO1
130	mol287	-13.41	COc1nc(-c2cccc(-c3cccc(-c4cnc(CNC[C@@H]5CCC(=O)N5)c(O)c4Cl)c3Cl)c2Cl)cnc1CNCC[C@@H]1CCCO1
130	mol36	-12.89	COc1nc(-c2cccc(-c3cccc(-c4cnc(CNC[C@H]5CCC(=O)N5)c(OC)n4)c3Cl)c2Cl)cnc1CNCCC1CCOCC1
130	mol491	-12.56	COc1nc(-c2cccc(-c3cccc(-c4cnc(CNC[C@@H]5CCC(=O)N5)c(OC)n4)c3Cl)c2Cl)cnc1CNCC[C@H]1CCCO1
130	mol144	-13.89	COc1nc(-c2cccc(-c3cccc(-c4cnc(CN5CC[C@H](O)C5)c(CNC[C@H]5CCC(=O)N5)c4Cl)c3Cl)c2Cl)cnc1CNCC[C@@H]1CCCO1
130	mol308	-12.7	COc1nc(-c2cccc(-c3cccc(-c4cnc(CNC[C@@H]5CCC(=O)N5)c(OC)n4)c3Cl)c2Cl)cnc1CNCC[C@H]1CCCO1
130	mol480	-13.05	COc1nc(-c2cccc(-c3cccc(-c4cnc(CNC[C@H]5CCCO5)c(OC)n4)c3Cl)c2Cl)cnc1CNC[C@H]1CCC(=O)N1
130	mol332	-12.53	COc1nc(-c2cccc(-c3cccc(-c4cnc(CNC[C@@H]5CCC(=O)N5)c(OC)n4)c3Cl)c2Cl)cnc1CNCC[C@H]1CCCO1
130	mol275	-12.47	COc1nc(-c2cccc(-c3cccc(-c4cnc(CNC[C@@H]5CCC(=O)N5)c(OC)n4)c3Cl)c2Cl)cnc1CNCC[C@H]1CCCO1
130	mol167	-12.69	COc1nc(-c2cccc(-c3cccc(-c4cnc(CNC[C@@H]5CCC(=O)N5)c(OC)n4)c3Cl)c2Cl)cnc1CNCC[C@H]1CCCO1
130	mol54	-13.33	COc1cc(-c2cccc(-c3cccc(-c4cnc(CNC[C@H]5CCCO5)c(OC)n4)c3Cl)c2Cl)cnc1CNC[C@H]1CCC(=O)N1
130	mol118	-12.69	COc1nc(-c2cccc(-c3cccc(-c4cnc(CNC[C@@H]5CCC(=O)N5)c(OC)n4)c3Cl)c2Cl)cnc1CNCC[C@H]1CCCO1
130	mol333	-12.54	COc1nc(-c2cccc(-c3cccc(-c4cnc(CNC[C@@H]5CCC(=O)N5)c(OC)n4)c3Cl)c2Cl)cnc1CNCC[C@H]1CCCO1
130	mol200	-12.57	COc1nc(-c2cccc(-c3cccc(-c4cnc(CNC[C@@H]5CCC(=O)N5)c(OC)n4)c3Cl)c2Cl)cnc1CNCC[C@H]1CCCO1
130	mol138	-12.56	COc1nc(-c2cccc(-c3cccc(-c4cnc(CNC[C@@H]5CCC(=O)N5)c(OC)n4)c3Cl)c2Cl)cnc1CNCC[C@H]1CCCO1
130	mol1	-13.11	COc1cc(-c2cccc(-c3cccc(-c4cnc(CNCC[C@H]5CCCO5)c(OC)n4)c3Cl)c2Cl)cnc1CNC[C@H]1CCC(=O)N1
130	mol334	-13.51	COc1nc(-c2cccc(-c3cccc(-c4cnc(CN5CCCC5)c(OC)n4)c3Cl)c2Cl)cnc1CNC[C@@H]1CCC(=O)N1
130	mol329	-13.62	COc1nc(-c2cccc(-c3cccc(-c4cnc(CNC[C@@H]5CCC(=O)N5)c(O)c4Cl)c3Cl)c2Cl)cnc1CNC[C@H]1CCCO1
130	mol271	-13.12	COc1nc(-c2cccc(-c3cccc(-c4cnc(CNC[C@H]5CCCO5)c(OC)n4)c3Cl)c2Cl)cnc1CNC[C@H]1CCC(=O)N1
130	mol386	-13.44	COc1nc(-c2cccc(-c3cccc(-c4cnc(CNC[C@@H]5CCC(=O)N5)c(OC)n4)c3Cl)c2Cl)cnc1CNCC1CCOCC1
130	mol469	-12.66	COc1nc(-c2cccc(-c3cccc(-c4cnc(CNC[C@@H]5CCC(=O)N5)c(OC)n4)c3Cl)c2Cl)cnc1CNCC[C@H]1CCCO1
130	mol32	-12.58	COc1nc(-c2cccc(-c3cccc(-c4cnc(CNC[C@@H]5CCC(=O)N5)c(OC)n4)c3Cl)c2Cl)cnc1CNCC[C@H]1CCCO1
130	mol218	-12.5	COc1nc(-c2cccc(-c3cccc(-c4cnc(CNC[C@@H]5CCC(=O)N5)c(OC)n4)c3Cl)c2Cl)cnc1CNCC[C@H]1CCCO1
130	mol303	-13.04	COc1nc(-c2cccc(-c3cccc(-c4cnc(CNC[C@H]5CCCO5)c(OC)n4)c3Cl)c2Cl)cnc1CNC[C@H]1CCC(=O)N1
130	mol499	-12.65	COc1nc(-c2cccc(-c3cccc(-c4cnc(CNC[C@@H]5CCC(=O)N5)c(OC)n4)c3Cl)c2Cl)cnc1CNCC[C@H]1CCCO1
130	mol212	-13.49	COc1nc(-c2cccc(-c3cccc(-c4cnc(CNC[C@@H]5CCC(=O)N5)c(OC)n4)c3Cl)c2Cl)cnc1CNCC1CCOCC1
130	mol293	-12.53	COc1nc(-c2cccc(-c3cccc(-c4cnc(CNC[C@@H]5CCC(=O)N5)c(OC)n4)c3Cl)c2Cl)cnc1CNCC[C@H]1CCCO1
130	mol145	-12.91	COc1nc(-c2cccc(-c3cccc(-c4cnc(CNC[C@H]5CCC(=O)N5)c(OC)n4)c3Cl)c2Cl)cnc1CNCCC1CCOCC1
130	mol105	-13.24	COc1cc(-c2cccc(-c3cccc(-c4cnc(CNCC[C@H]5CCCO5)c(OC)n4)c3Cl)c2Cl)cnc1CNC[C@H]1CCC(=O)N1
130	mol166	-12.51	COc1nc(-c2cccc(-c3cccc(-c4cnc(CNC[C@@H]5CCC(=O)N5)c(OC)n4)c3Cl)c2Cl)cnc1CNCC[C@H]1CCCO1
130	mol435	-12.55	COc1nc(-c2cccc(-c3cccc(-c4cnc(CNC[C@@H]5CCC(=O)N5)c(OC)n4)c3Cl)c2Cl)cnc1CNCC[C@H]1CCCO1
130	mol495	-12.62	COc1nc(-c2cccc(-c3cccc(-c4cnc(CNC[C@@H]5CCC(=O)N5)c(OC)n4)c3Cl)c2Cl)cnc1CNCC[C@H]1CCCO1
130	mol57	-13.13	COc1nc(-c2cccc(-c3cccc(-c4cncc(CNC[C@H]5CCC(=O)N5)c4Cl)c3Cl)c2Cl)cnc1CNCC[C@@H]1CCCO1
130	mol403	-12.56	COc1nc(-c2cccc(-c3cccc(-c4cnc(CNC[C@@H]5CCC(=O)N5)c(OC)n4)c3Cl)c2Cl)cnc1CNCC[C@H]1CCCO1
130	mol239	-12.71	COc1nc(-c2cccc(-c3cccc(-c4cnc(CNC[C@@H]5CCC(=O)N5)c(OC)n4)c3Cl)c2Cl)cnc1CNCC[C@H]1CCCO1
130	mol95	-12.78	COc1nc(-c2cccc(-c3cccc(-c4cnc(CNC[C@@H]5CCC(=O)N5)c(OC)n4)c3Cl)c2Cl)cnc1CNCC[C@H]1CCCO1
130	mol381	-12.63	COc1nc(-c2cccc(-c3cccc(-c4cnc(CNC[C@@H]5CCC(=O)N5)c(OC)n4)c3Cl)c2Cl)cnc1CNCC[C@H]1CCCO1
130	mol457	-12.58	COc1nc(-c2cccc(-c3cccc(-c4cnc(CNC[C@@H]5CCC(=O)N5)c(OC)n4)c3Cl)c2Cl)cnc1CNCC[C@H]1CCCO1
130	mol361	-12.48	COc1nc(-c2cccc(-c3cccc(-c4cnc(CNC[C@@H]5CCC(=O)N5)c(OC)n4)c3Cl)c2Cl)cnc1CNCC[C@H]1CCCO1
130	mol44	-12.34	COc1nc(-c2cccc(-c3cccc(-c4cnc(CNCC[C@H]5CCCO5)c(OC)n4)c3Cl)c2Cl)cnc1CNCC[C@@H]1CCC(=O)N1
130	mol372	-12.37	COc1nc(-c2cccc(-c3cccc(-c4cnc(CNC[C@@H]5CCC(=O)N5)c(OC)c4Cl)c3Cl)c2Cl)cnc1CNCC[C@H]1CCCO1
130	mol382	-13.8	COc1nc(-c2cccc(-c3cccc(-c4cnc(CNC[C@H]5CC[C@H](Oc6ncnc(Cl)c6Cl)CC5)c(OC)n4)c3Cl)c2Cl)cnc1CNC[C@H]1CCC(=O)N1
130	mol453	-12.65	COc1nc(-c2cccc(-c3cccc(-c4cnc(CNC[C@@H]5CCC(=O)N5)c(OC)n4)c3Cl)c2Cl)cnc1CNCC[C@H]1CCCO1
130	mol89	-12.52	COc1nc(-c2cccc(-c3cccc(-c4cnc(CNC[C@@H]5CCC(=O)N5)c(OC)n4)c3Cl)c2Cl)cnc1CNCC[C@H]1CCCO1
130	mol316	-13.49	COc1nc(-c2cccc(-c3cccc(-c4cnc(CNC[C@@H]5CCC(=O)N5)c(OC)c4Cl)c3Cl)c2Cl)cnc1CNC[C@H]1CCCO1
130	mol77	-12.63	COc1nc(-c2cccc(-c3cccc(-c4cnc(CNC[C@@H]5CCC(=O)N5)c(OC)n4)c3Cl)c2Cl)cnc1CNCC[C@H]1CCCO1
130	mol494	-13.17	COc1nc(-c2cccc(-c3cccc(-c4cnc(CNC[C@@H]5CCC(=O)N5)c(O)c4Cl)c3Cl)c2Cl)cnc1CNCC[C@@H]1CCCO1
130	mol362	-13.28	COc1ncc(-c2cccc(-c3cccc(-c4cnc(CNC[C@@H]5CCC(=O)N5)c(OC)n4)c3Cl)c2Cl)cn1
130	mol220	-12.62	COc1nc(-c2cccc(-c3cccc(-c4cnc(CNC[C@@H]5CCC(=O)N5)c(OC)n4)c3Cl)c2Cl)cnc1CNCC[C@H]1CCCO1
130	mol206	-12.84	COc1nc(-c2cccc(-c3cccc(-c4cnc(CNC[C@H]5CCC(=O)N5)c(OC)n4)c3Cl)c2Cl)cnc1CNCCC1CCOCC1
130	mol439	-12.66	COc1nc(-c2cccc(-c3cccc(-c4cnc(CNC[C@@H]5CCC(=O)N5)c(OC)n4)c3Cl)c2Cl)cnc1CNCC[C@H]1CCCO1
130	mol474	-12.8	COc1nc(-c2cccc(-c3cccc(-c4cnc(CNC[C@H]5CCC(=O)N5)c(OC)n4)c3Cl)c2Cl)cnc1CNCCC1CCOCC1
130	mol498	-13.43	COc1nc(-c2cccc(-c3cccc(-c4cnc(CNC[C@@H]5CCC(=O)N5)c(OC)n4)c3Cl)c2Cl)cnc1CNCC1CCOCC1
130	mol394	-12.62	COc1nc(-c2cccc(-c3cccc(-c4cnc(CNC[C@@H]5CCC(=O)N5)c(OC)n4)c3Cl)c2Cl)cnc1CNCC[C@H]1CCCO1
130	mol198	-12.65	COc1nc(-c2cccc(-c3cccc(-c4cnc(CNC[C@@H]5CCC(=O)N5)c(OC)n4)c3Cl)c2Cl)cnc1CNCC[C@H]1CCCO1
130	mol117	-12.62	COc1nc(-c2cccc(-c3cccc(-c4cnc(CNC[C@@H]5CCC(=O)N5)c(OC)n4)c3Cl)c2Cl)cnc1CNCC[C@H]1CCCO1
130	mol174	-12.66	COc1nc(-c2cccc(-c3cccc(-c4cnc(CNC[C@@H]5CCC(=O)N5)c(OC)n4)c3Cl)c2Cl)cnc1CNCC[C@H]1CCCO1
130	mol294	-12.82	COc1nc(-c2cccc(-c3cccc(-c4cnc(CNC[C@H]5CCC(=O)N5)c(OC)n4)c3Cl)c2Cl)cnc1CNCCC1CCOCC1
130	mol11	-12.59	COc1nc(-c2cccc(-c3cccc(-c4cnc(CNC[C@@H]5CCC(=O)N5)c(OC)n4)c3Cl)c2Cl)cnc1CNCC[C@H]1CCCO1
130	mol309	-13.54	COc1nc(-c2cccc(-c3cccc(-c4cnc(CNC[C@@H]5CCC(=O)N5)c(OC)n4)c3Cl)c2Cl)cnc1CNCC1CCOCC1
130	mol139	-13.18	COc1nc(-c2cccc(-c3cccc(-c4cnc(CNC[C@H]5CCC(=O)N5)c(OC)n4)c3Cl)c2Cl)cnc1CNCCC1CCC1
130	mol110	-13.5	COc1nc(-c2cccc(-c3cccc(-c4cnc(CNC[C@@H]5CCC(=O)N5)c(OC)n4)c3Cl)c2Cl)cnc1CNCC1CCOCC1
130	mol135	-12.88	COc1nc(-c2cccc(-c3cccc(-c4cnc(CNC[C@H]5CCC(=O)N5)c(OC)n4)c3Cl)c2Cl)cnc1CNCCC1CCOCC1
130	mol411	-12.51	COc1nc(-c2cccc(-c3cccc(-c4cnc(CNC[C@@H]5CCC(=O)N5)c(OC)n4)c3Cl)c2Cl)cnc1CNCC[C@H]1CCCO1
130	mol182	-12.65	COc1nc(-c2cccc(-c3cccc(-c4cnc(CNC[C@@H]5CCC(=O)N5)c(OC)n4)c3Cl)c2Cl)cnc1CNCC[C@H]1CCCO1
130	mol9	-12.7	COc1nc(-c2cccc(-c3cccc(-c4cnc(CNC[C@@H]5CCC(=O)N5)c(OC)n4)c3Cl)c2Cl)cnc1CNCC[C@H]1CCCO1
130	mol133	-12.54	COc1nc(-c2cccc(-c3cccc(-c4cnc(CNC[C@@H]5CCC(=O)N5)c(OC)n4)c3Cl)c2Cl)cnc1CNCC[C@H]1CCCO1
130	mol424	-13.04	COc1nc(-c2cccc(-c3cccc(-c4cnc(CNC[C@H]5CCCO5)c(OC)n4)c3Cl)c2Cl)cnc1CNC[C@H]1CCC(=O)N1
130	mol208	-12.72	COc1nc(-c2cccc(-c3cccc(-c4cnc(CNC[C@@H]5CCC(=O)N5)c(OC)n4)c3Cl)c2Cl)cnc1CNCC[C@H]1CCCO1
130	mol388	-12.57	COc1nc(-c2cccc(-c3cccc(-c4cnc(CNC[C@@H]5CCC(=O)N5)c(OC)n4)c3Cl)c2Cl)cnc1CNCC[C@H]1CCCO1
130	mol90	-13.3	COc1ncc(-c2cccc(-c3cccc(-c4cnc(CNC[C@@H]5CCC(=O)N5)c(OC)n4)c3Cl)c2Cl)cn1
130	mol150	-12.76	COc1nc(-c2cccc(-c3cccc(-c4cnc(CNC[C@@H]5CCC(=O)N5)c(OC)n4)c3Cl)c2Cl)cnc1CNCC[C@H]1CCCO1
130	mol441	-12.64	COc1nc(-c2cccc(-c3cccc(-c4cnc(CNC[C@@H]5CCC(=O)N5)c(OC)n4)c3Cl)c2Cl)cnc1CNCC[C@H]1CCCO1
130	mol363	-13.37	COc1cc(-c2cccc(-c3cccc(-c4cnc(CNCC[C@H]5CCCO5)c(OC)n4)c3Cl)c2Cl)cnc1CNC[C@H]1CCC(=O)N1
130	mol93	-13.07	COc1nc(-c2cccc(-c3cccc(-c4cnc(CN[C@H]5CCC(=O)N5)c(OC)n4)c3Cl)c2Cl)cnc1CNCCC1CCCC1
130	mol376	-12.78	COc1nc(-c2cccc(-c3cccc(-c4cnc(CNC[C@H]5CCC(=O)N5)c(OC)n4)c3Cl)c2Cl)cnc1CNCCC1CCOCC1
130	mol263	-13.05	COc1nc(-c2cccc(-c3cccc(-c4cnc(CNC[C@H]5CCCO5)c(OC)n4)c3Cl)c2Cl)cnc1CNC[C@H]1CCC(=O)N1
130	mol113	-12.5	COc1nc(-c2cccc(-c3cccc(-c4cnc(CNC[C@@H]5CCC(=O)N5)c(OC)n4)c3Cl)c2Cl)cnc1CNCC[C@H]1CCCO1
130	mol120	-12.72	COc1nc(-c2cccc(-c3cccc(-c4cnc(CNC[C@@H]5CCC(=O)N5)c(OC)n4)c3Cl)c2Cl)cnc1CNCC[C@H]1CCCO1
130	mol389	-13.27	COc1ncc(-c2cccc(-c3cccc(-c4cnc(CNC[C@@H]5CCC(=O)N5)c(OC)n4)c3Cl)c2Cl)cn1
130	mol83	-12.67	COc1nc(-c2cccc(-c3cccc(-c4cnc(CNC[C@@H]5CCC(=O)N5)c(OC)n4)c3Cl)c2Cl)cnc1CNCC[C@H]1CCCO1
130	mol184	-12.61	COc1nc(-c2cccc(-c3cccc(-c4cnc(CNC[C@@H]5CCC(=O)N5)c(OC)n4)c3Cl)c2Cl)cnc1CNCC[C@H]1CCCO1
130	mol2	-12.44	COc1nc(-c2cccc(-c3cccc(-c4cnc(CNC[C@@H]5CCC(=O)N5)c(OC)n4)c3Cl)c2Cl)cnc1CNCC[C@H]1CCCO1
130	mol191	-12.64	COc1nc(-c2cccc(-c3cccc(-c4cnc(CNC[C@@H]5CCC(=O)N5)c(OC)n4)c3Cl)c2Cl)cnc1CNCC[C@H]1CCCO1
130	mol466	-12.54	COc1nc(-c2cccc(-c3cccc(-c4cnc(CNC[C@@H]5CCC(=O)N5)c(OC)n4)c3Cl)c2Cl)cnc1CNCC[C@H]1CCCO1
130	mol451	-13.19	COc1nc(-c2cccc(-c3cccc(-c4cnc(CNC[C@H]5CCCO5)c(OC)n4)c3Cl)c2Cl)cnc1CNC[C@H]1CCC(=O)N1
130	mol395	-12.57	COc1nc(-c2cccc(-c3cccc(-c4cnc(CNC[C@@H]5CCC(=O)N5)c(OC)n4)c3Cl)c2Cl)cnc1CNCC[C@H]1CCCO1
130	mol257	-12.54	COc1nc(-c2cccc(-c3cccc(-c4cnc(CNC[C@@H]5CCC(=O)N5)c(OC)n4)c3Cl)c2Cl)cnc1CNCC[C@H]1CCCO1
130	mol485	-12.62	COc1nc(-c2cccc(-c3cccc(-c4cnc(CNC[C@@H]5CCC(=O)N5)c(OC)n4)c3Cl)c2Cl)cnc1CNCC[C@H]1CCCO1
130	mol125	-12.56	COc1nc(-c2cccc(-c3cccc(-c4cnc(CNC[C@@H]5CCC(=O)N5)c(OC)n4)c3Cl)c2Cl)cnc1CNCC[C@H]1CCCO1
130	mol66	-12.52	COc1nc(-c2cccc(-c3cccc(-c4cnc(CNC[C@@H]5CCC(=O)N5)c(OC)n4)c3Cl)c2Cl)cnc1CNCC[C@H]1CCCO1
130	mol4	-12.77	COc1nc(-c2cccc(-c3ccnc(-c4cnc(CNC[C@H]5CCC(=O)N5)c(OC)c4Cl)c3Cl)c2Cl)cnc1CNCC[C@H]1CCCO1
130	mol290	-12.64	COc1nc(-c2cccc(-c3cccc(-c4cnc(CNC[C@@H]5CCC(=O)N5)c(OC)n4)c3Cl)c2Cl)cnc1CNCC[C@H]1CCCO1
130	mol378	-12.55	COc1nc(-c2cccc(-c3cccc(-c4cnc(CNC[C@@H]5CCC(=O)N5)c(OC)n4)c3Cl)c2Cl)cnc1CNCC[C@H]1CCCO1
130	mol371	-12.56	COc1nc(-c2cccc(-c3cccc(-c4cnc(CNC[C@@H]5CCC(=O)N5)c(OC)n4)c3Cl)c2Cl)cnc1CNCC[C@H]1CCCO1
130	mol224	-12.55	COc1nc(-c2cccc(-c3cccc(-c4cnc(CNC[C@@H]5CCC(=O)N5)c(OC)n4)c3Cl)c2Cl)cnc1CNCC[C@H]1CCCO1
130	mol161	-12.45	COCCOc1nc(-c2cccc(-c3cccc(-c4cnc(CNCC[C@H]5CCC(=O)N5)c(OC)n4)c3Cl)c2Cl)cnc1CNCC[C@H]1CCCO1
130	mol417	-13.17	COc1nc(-c2cccc(-c3cccc(-c4cnc(CN[C@H]5CCC(=O)N5)c(OC)n4)c3Cl)c2Cl)cnc1CNCC[C@H]1CCCO1
130	mol230	-12.42	COc1nc(-c2cccc(-c3cccc(-c4cnc(CNC[C@@H]5CCC(=O)N5)c(OC)n4)c3Cl)c2Cl)cnc1CNCC[C@H]1CCCO1
130	mol496	-13.23	COc1cc(-c2cccc(-c3cccc(-c4cnc(CNCC[C@H]5CCCO5)c(OC)n4)c3Cl)c2Cl)cnc1CNC[C@H]1CCC(=O)N1
130	mol311	-13.04	COc1nc(-c2cccc(-c3cccc(-c4cnc(CNC[C@H]5CCCO5)c(OC)n4)c3Cl)c2Cl)cnc1CNC[C@H]1CCC(=O)N1
130	mol280	-12.43	COc1nc(-c2cccc(-c3cccc(-c4cnc(CNC[C@@H]5CCC(=O)N5)c(OC)n4)c3Cl)c2Cl)cnc1CNCC[C@H]1CCCO1
130	mol173	-13.2	COc1cc(-c2cccc(-c3cccc(-c4cnc(CNCC[C@@H]5CCCO5)c(OC)n4)c3Cl)c2Cl)cnc1CN[C@@H]1CCC(=O)N1
130	mol447	-12.55	COc1nc(-c2cccc(-c3cccc(-c4cnc(CNC[C@@H]5CCC(=O)N5)c(OC)n4)c3Cl)c2Cl)cnc1CNCC[C@H]1CCCO1
130	mol406	-12.51	COc1nc(-c2cccc(-c3cccc(-c4cnc(CNC[C@@H]5CCC(=O)N5)c(OC)c4Cl)c3Cl)c2Cl)cnc1CNCC[C@H]1CCCO1
130	mol269	-12.67	COc1nc(-c2cccc(-c3cccc(-c4cnc(CNC[C@@H]5CCC(=O)N5)c(OC)n4)c3Cl)c2Cl)cnc1CNCC[C@H]1CCCO1
130	mol397	-12.34	COc1nc(-c2cccc(-c3cccc(-c4cnc(CNC[C@@H]5CCC(=O)N5)c(OC)n4)c3Cl)c2Cl)cnc1CNCC[C@H]1CCCO1
130	mol0	-12.47	COc1nc(-c2cccc(-c3cccc(-c4cnc(CNC[C@@H]5CCC(=O)N5)c(OC)n4)c3Cl)c2Cl)cnc1CNCC[C@H]1CCCO1
130	mol369	-12.56	COc1nc(-c2cccc(-c3cccc(-c4cnc(CNC[C@@H]5CCC(=O)N5)c(OC)n4)c3Cl)c2Cl)cnc1CNCC[C@H]1CCCO1
130	mol122	-12.56	COc1nc(-c2cccc(-c3cccc(-c4cnc(CNC[C@@H]5CCC(=O)N5)c(OC)n4)c3Cl)c2Cl)cnc1CNCC[C@H]1CCCO1
130	mol31	-12.63	COc1nc(-c2cccc(-c3cccc(-c4cnc(CNC[C@H]5CCC(=O)N5)c(OC)n4)c3Cl)c2Cl)cnc1CNCC[C@H]1CC[C@@H](OC)CC1
130	mol3	-12.62	COc1nc(-c2cccc(-c3cccc(-c4cnc(CNC[C@@H]5CCC(=O)N5)c(OC)n4)c3Cl)c2Cl)cnc1CNCC[C@H]1CCCO1
130	mol178	-13.26	COc1nc(-c2cccc(-c3cccc(-c4cnc(CNC[C@@H]5CCC(=O)N5)c(O)c4Cl)c3Cl)c2Cl)cnc1CNCC[C@@H]1CCCO1
130	mol48	-12.54	COc1nc(-c2cccc(-c3cccc(-c4cnn(C)n4)c3Cl)c2Cl)cnc1CNCC[C@@H]1CCCO1
130	mol356	-12.55	COc1nc(-c2cccc(-c3cccc(-c4cnc(CNC[C@@H]5CCC(=O)N5)c(OC)n4)c3Cl)c2Cl)cnc1CNCC[C@H]1CCCO1
130	mol119	-12.61	COc1nc(-c2cccc(-c3cccc(-c4cnc(CNC[C@@H]5CCC(=O)N5)c(OC)n4)c3Cl)c2Cl)cnc1CNCC[C@H]1CCCO1
130	mol392	-13.03	COc1nc(-c2cccc(-c3cccc(-c4cnc(CNC[C@H]5CCCO5)c(OC)n4)c3Cl)c2Cl)cnc1CNC[C@H]1CCC(=O)N1
130	mol358	-12.65	COc1nc(-c2cccc(-c3cccc(-c4cnc(CNC[C@@H]5CCC(=O)N5)c(OC)n4)c3Cl)c2Cl)cnc1CNCC[C@H]1CCCO1
130	mol181	-13.85	COc1ncc(-c2cccc(-c3cccc(-c4cccc(CNC[C@@H]5CCC(=O)N5)c4Cl)c3Cl)c2Cl)cn1
130	mol170	-12.62	COc1nc(-c2cccc(-c3cccc(-c4cnc(CNC[C@@H]5CCC(=O)N5)c(OC)n4)c3Cl)c2Cl)cnc1CNCC[C@H]1CCCO1
130	mol201	-12.53	COc1nc(-c2cccc(-c3cccc(-c4cnc(CNC[C@@H]5CCC(=O)N5)c(OC)n4)c3Cl)c2Cl)cnc1CNCC[C@H]1CCCO1
130	mol33	-12.82	COc1nc(-c2cccc(-c3cccc(-c4cnc(CNC[C@H]5CCC(=O)N5)c(OC)n4)c3Cl)c2Cl)cnc1CNCCC1CC1
130	mol455	-13.51	COc1cc(-c2cccc(-c3cccc(-c4cnc(CNCCC5CCOCC5)c(OC)n4)c3Cl)c2Cl)cnc1CNC[C@H]1CCC(=O)N1
130	mol235	-13.31	COc1ncc(-c2cccc(-c3cccc(-c4cnc(CNC[C@@H]5CCC(=O)N5)c(OC)n4)c3Cl)c2Cl)cn1
130	mol107	-13.32	COc1ncc(-c2cccc(-c3cccc(-c4cnc(CNC[C@@H]5CCC(=O)N5)c(OC)n4)c3Cl)c2Cl)cn1
130	mol462	-13.11	COc1nc(-c2cccc(-c3cccc(-c4cnc(CNC[C@H]5CCCO5)c(OC)n4)c3Cl)c2Cl)cnc1CNC[C@H]1CCC(=O)N1
130	mol103	-13.07	COc1nc(-c2cccc(-c3cccc(-c4cnc(CNC[C@H]5CCCO5)c(OC)n4)c3Cl)c2Cl)cnc1CNC[C@H]1CCC(=O)N1
130	mol409	-12.76	COc1nc(-c2cccc(-c3cccc(-c4cnc(CNC[C@H]5CCC(=O)N5)c(OC)n4)c3Cl)c2Cl)cnc1CNCCC1CCOCC1
130	mol368	-12.44	COc1nc(-c2cccc(-c3cccc(-c4cnc(CNC[C@@H]5CCC(=O)N5)c(OC)n4)c3Cl)c2Cl)cnc1CNCC[C@H]1CCCO1
130	mol328	-12.9	COc1cnc(-c2cccc(-c3cccc(-c4cnc(CNC[C@@H]5CCC(=O)N5)c(OC)n4)c3Cl)c2Cl)cn1
130	mol131	-12.52	COc1nc(-c2cccc(-c3cccc(-c4cnc(CNC[C@@H]5CCC(=O)N5)c(OC)n4)c3Cl)c2Cl)cnc1CNCC[C@H]1CCCO1
130	mol238	-12.65	COc1nc(-c2cccc(-c3cccc(-c4cnc(CNC[C@@H]5CCC(=O)N5)c(OC)n4)c3Cl)c2Cl)cnc1CNCC[C@H]1CCCO1
130	mol472	-12.73	COc1nc(-c2cccc(-c3cccc(-c4cnc(CNC[C@@H]5CCC(=O)N5)c(OC)n4)c3Cl)c2Cl)cnc1CNCC[C@H]1CCCO1
130	mol436	-12.74	COc1nc(-c2cccc(-c3cccc(-c4cnc(CNCC5CCCCC5)c(OC)n4)c3Cl)c2Cl)cnc1CNCC[C@H]1CCCO1
130	mol243	-12.56	COc1nc(-c2cccc(-c3cccc(-c4cnc(CNC[C@@H]5CCC(=O)N5)c(OC)c4Cl)c3Cl)c2Cl)cnc1CNCC[C@H]1CCCO1
130	mol172	-12.57	COc1nc(-c2cccc(-c3cccc(-c4cnc(CNC[C@@H]5CCC(=O)N5)c(OC)n4)c3Cl)c2Cl)cnc1CNCC[C@H]1CCCO1
130	mol151	-13.31	COc1ncc(-c2cccc(-c3cccc(-c4cnc(CNC[C@@H]5CCC(=O)N5)c(OC)n4)c3Cl)c2Cl)cn1
130	mol484	-12.55	COc1nc(-c2cccc(-c3cccc(-c4cnc(CNCC[C@H]5CCCO5)c(OC)n4)c3Cl)c2Cl)cnc1CNCC[C@@H]1CCC(=O)N1
130	mol431	-13.28	COc1cc(-c2cccc(-c3cccc(-c4cnc(CNCC[C@H]5CCCO5)c(OC)n4)c3Cl)c2Cl)cnc1CNC[C@H]1CCC(=O)N1
130	mol137	-12.62	COc1nc(-c2cccc(-c3cccc(-c4cnc(CNC[C@@H]5CCC(=O)N5)c(OC)n4)c3Cl)c2Cl)cnc1CNCC[C@H]1CCCO1
130	mol375	-12.74	COc1nc(-c2cccc(-c3cccc(-c4cnc(CNC[C@@H]5CCC(=O)N5)c(OC)n4)c3Cl)c2Cl)cnc1CNCC[C@H]1CCCO1
130	mol79	-12.64	COc1nc(-c2cccc(-c3cccc(-c4cnc(CNC[C@@H]5CCC(=O)N5)c(OC)n4)c3Cl)c2Cl)cnc1CNCC[C@H]1CCCO1
130	mol71	-13.02	COc1nc(-c2cccc(-c3cccc(-c4cnc(CNC[C@H]5CCC(=O)N5)c(OC)c4Cl)c3Cl)c2Cl)cnc1CNCCC1CCOCC1
130	mol87	-12.67	COc1nc(-c2cccc(-c3cccc(-c4cnc(CNCC[C@H]5CCCO5)c(OC)n4)c3Cl)c2Cl)cnc1CCNC[C@@H]1CCC(=O)N1
130	mol486	-12.69	COc1nc(-c2cccc(-c3cccc(-c4cnc(CNC[C@@H]5CCC(=O)N5)c(OC)n4)c3Cl)c2Cl)cnc1CNCC[C@H]1CCCO1
130	mol265	-12.69	COc1cnc(-c2cccc(-c3cccc(-c4cnc(CNCCCNC[C@@H]5CCC(=O)N5)c(OC)n4)c3Cl)c2Cl)cn1
130	mol464	-12.5	COc1nc(-c2cccc(-c3cccc(-c4cnc(CNC[C@H]5CCC(=O)N5)c(OC)n4)c3Cl)c2Cl)cnc1CNCCC[C@H]1CCCO1
130	mol58	-12.69	COc1nc(-c2cccc(-c3cccc(-c4cnc(CNC[C@@H]5CCC(=O)N5)c(OC)n4)c3Cl)c2Cl)cnc1CNCC[C@H]1CCCO1
130	mol248	-13.22	COc1nc(-c2cccc(-c3cccc(-c4cnc(CNC[C@H]5CCC(=O)N5)c(OC)n4)c3Cl)c2Cl)cnc1CNCCC1CCC1
130	mol202	-12.5	COc1nc(-c2cccc(-c3cccc(-c4cnc(CNC[C@@H]5CCC(=O)N5)c(OC)n4)c3Cl)c2Cl)cnc1CNCC[C@H]1CCCO1
130	mol251	-13.31	COc1ncc(-c2cccc(-c3cccc(-c4cnc(CNC[C@@H]5CCC(=O)N5)c(OC)n4)c3Cl)c2Cl)cn1
130	mol183	-13.45	COc1nc(-c2cccc(-c3cccc(-c4cnc(CNC[C@@H]5CCC(=O)N5)c(OC)n4)c3Cl)c2Cl)cnc1CNCC1CCOCC1
130	mol226	-12.58	COc1nc(-c2cccc(-c3cccc(-c4cnc(CNC[C@@H]5CCC(=O)N5)c(OC)n4)c3Cl)c2Cl)cnc1CNCC[C@H]1CCCO1
130	mol82	-12.56	COc1nc(-c2cccc(-c3cccc(-c4cnc(CNC[C@@H]5CCC(=O)N5)c(OC)n4)c3Cl)c2Cl)cnc1CNCC[C@H]1CCCO1
130	mol476	-12.64	COc1nc(-c2cccc(-c3cccc(-c4cnc(CNC[C@@H]5CCC(=O)N5)c(OC)n4)c3Cl)c2Cl)cnc1CNCC[C@H]1CCCO1
130	mol454	-12.58	COc1nc(-c2cccc(-c3cccc(-c4cnc(CNC[C@@H]5CCC(=O)N5)c(OC)n4)c3Cl)c2Cl)cnc1CNCC[C@H]1CCCO1
130	mol432	-12.71	COc1nc(-c2cccc(-c3cccc(-c4cnc(CNC[C@@H]5CCC(=O)N5)c(OC)n4)c3Cl)c2Cl)cnc1CNCC[C@H]1CCCO1
130	mol460	-13.4	COc1nc(-c2cccc(-c3cccc(-c4cnc(CNC[C@@H]5CCC(=O)N5)c(OC)n4)c3Cl)c2Cl)cnc1CNCC1CCOCC1
130	mol343	-12.58	COc1nc(-c2cccc(-c3cccc(-c4cnc(CNC[C@@H]5CCC(=O)N5)c(OC)n4)c3Cl)c2Cl)cnc1CNCC[C@H]1CCCO1
130	mol364	-12.57	COc1nc(-c2cccc(-c3cccc(-c4cnc(CNC[C@@H]5CCC(=O)N5)c(OC)n4)c3Cl)c2Cl)cnc1CNCC[C@H]1CCCO1
130	mol116	-12.68	COc1nc(-c2cccc(-c3cccc(-c4cnc(CNC[C@@H]5CCC(=O)N5)c(OC)n4)c3Cl)c2Cl)cnc1CNCC[C@H]1CCCO1
130	mol127	-12.67	COc1nc(-c2cccc(-c3cccc(-c4cnc(CNC[C@@H]5CCC(=O)N5)c(OC)n4)c3Cl)c2Cl)cnc1CNCC[C@H]1CCCO1
130	mol277	-12.65	COc1nc(-c2cccc(-c3cccc(-c4cnc(CNC[C@@H]5CCC(=O)N5)c(OC)n4)c3Cl)c2Cl)cnc1CNCC[C@H]1CCCO1
130	mol123	-13.58	COc1cc(-c2nccc(-c3cccc(-c4cnc(CNCC[C@@H]5CCCO5)c(OC)n4)c3Cl)c2Cl)ccc1CNC[C@H]1CCC(=O)N1
130	mol305	-12.67	COc1nc(-c2cccc(-c3cccc(-c4cnc(CNC[C@@H]5CCC(=O)N5)c(OC)n4)c3Cl)c2Cl)cnc1CNCC[C@H]1CCCO1
130	mol279	-13.01	COc1nc(-c2cccc(-c3cccc(-c4cccc(CNC[C@@H]5CCC(=O)N5)c4Cl)c3Cl)c2Cl)cnc1CNCC[C@@H]1CCCO1
130	mol497	-13.35	COc1nc(-c2cccc(-c3cccc(-c4cnc(CNC[C@@H]5CCC(=O)N5)c(OC)n4)c3Cl)c2Cl)cnc1CNCC1CCOCC1
130	mol158	-12.59	COc1nc(-c2cccc(-c3cccc(-c4cnc(CNC[C@@H]5CCC(=O)N5)c(OC)n4)c3Cl)c2Cl)cnc1CNCC[C@H]1CCCO1
130	mol43	-12.65	COc1nc(-c2cccc(-c3cccc(-c4cnc(CNC[C@@H]5CCC(=O)N5)c(OC)n4)c3Cl)c2Cl)cnc1CNCC[C@H]1CCCO1
130	mol124	-13.39	COc1nc(-c2cccc(-c3cccc(-c4cnc(CNC[C@@H]5CCC(=O)N5)c(OC)n4)c3Cl)c2Cl)cnc1CNCC1CCOCC1
130	mol85	-13.34	COc1nc(-c2cccc(-c3cccc(-c4cnc(CNC[C@@H]5CCC(=O)N5)c(OC)n4)c3Cl)c2Cl)cnc1CNCC1CCOCC1
20	mol422	-12.55	COc1nc(-c2cccc(-c3cccc(-c4cnc(OCC5CC5)c(OC)n4)c3Cl)c2Cl)cnc1CNC[C@@H]1CCC(=O)N1
20	mol25	-13.15	COc1nc(-c2cccc(-c3cccc(-c4cnc(CNC[C@H]5CCC(=O)N(C)C5)c(OC)n4)c3Cl)c2Cl)cnc1CNCC[C@@H]1CCCO1
20	mol442	-12.65	COc1nc(-c2cccc(-c3cccc(-c4cnc(CNC[C@@H]5CCC(=O)N5)c(OC)n4)c3Cl)c2Cl)cnc1CNCC[C@H]1CCCO1
20	mol210	-12.72	COc1nc(-c2cccc(-c3cccc(-c4cnc(CNC[C@@H]5CCC(=O)N5)c(OC)n4)c3Cl)c2Cl)cnc1CNCC[C@H]1CCCO1
20	mol225	-13.02	COc1nc(-c2cccc(-c3cccc(-c4cnc(OCC[C@H]5CCCO5)c(OC)n4)c3Cl)c2Cl)cnc1CN[C@H]1CCC(=O)N1
20	mol10	-12.68	COc1nc(-c2cccc(-c3cccc(-c4cnc(OCCCn5cncn5)c(OC)n4)c3Cl)c2Cl)cnc1CNC[C@H]1CCC(=O)N1
20	mol75	-12.66	COc1nc(-c2cccc(-c3cccc(-c4cnc(CNC[C@@H]5CCC(=O)N5)c(OC)n4)c3Cl)c2Cl)cnc1CNCC[C@H]1CCCO1
20	mol284	-13.1	COc1nc(-c2cccc(-c3cccc(-c4cnc(OC[C@H]5CCOC5)c(OC)n4)c3Cl)c2Cl)cnc1CNC[C@H]1CCC(=O)N1
20	mol400	-12.75	COc1nc(-c2cccc(-c3cccc(-c4cnc(OCCC[C@@H]5CCCO5)c(OC)n4)c3Cl)c2Cl)cnc1CNC[C@H]1CCC(=O)N1
20	mol302	-12.83	COc1nc(-c2cccc(-c3cccc(-c4cn(CC[C@H]5CCC(=O)N5)cn4)c3Cl)c2Cl)cnc1CNCC[C@H]1CCCO1
20	mol346	-12.83	COc1nc(-c2cccc(-c3cccc(-c4cnc(OCCO)c(OC)n4)c3Cl)c2Cl)cnc1CNC[C@@H]1CCC(=O)N1
20	mol391	-13.56	COc1nc(-c2cccc(-c3cccc(-c4cnc(OC[C@H]5CCCO5)c(OC)n4)c3Cl)c2Cl)cnc1CNC[C@@H]1CCC(=O)NC1
20	mol273	-13.3	COc1nc(-c2cccc(-c3cccc(-c4cnc(CN[C@H]5CCC(=O)N5)c(OC)n4)c3Cl)c2Cl)cnc1CNCC[C@H]1CCCO1
20	mol165	-13.29	COc1nc(-c2cccc(-c3cccc(-c4cnc(OCC[C@H]5CCOC5)c(OC)n4)c3Cl)c2Cl)cnc1CNC[C@H]1CCC(=O)N1
20	mol99	-12.33	COc1nc(-c2cccc(-c3cccc(-c4cnc(OCCC[C@@H]5CCCO5)c(OC)n4)c3Cl)c2Cl)cnc1CNC1CC1
20	mol156	-13.23	COc1nc(-c2cccc(-c3cccc(-c4cnc(OCC[C@H]5CCOC5)c(OC)n4)c3Cl)c2Cl)cnc1CNC[C@H]1CCC(=O)N1
20	mol68	-13.18	COc1ncnc(-c2cccc(-c3cccc(-c4cnc(CNC[C@H]5CCC(=O)N5)c(OC)n4)c3Cl)c2Cl)n1
20	mol401	-12.2	COc1nc(-c2cccc(-c3cccc(-c4cnc(NCC[C@@H]5CCCO5)c(OC)n4)n3)c2Cl)cnc1CNC[C@H]1CCC(=O)N1
20	mol254	-12.54	COc1nc(-c2cccc(-c3cccc(-c4cnc(OC[C@@H]5CCCO5)c(OC)n4)c3Cl)c2Cl)cnc1CNC[C@@H]1CCC(=O)N1
20	mol6	-12.18	COc1nc(-c2cccc(-c3cccc(-c4cnc(CNC[C@@H]5CCC(=O)NC5)c(OC)n4)c3Cl)c2Cl)cnc1CNCC[C@@H]1CCCOC1
20	mol405	-12.77	COc1nc(-c2cccc(-c3cccc(-c4cnc(NCCC5CCOCC5)c(OC)n4)c3Cl)c2Cl)cnc1CNC[C@@H]1CCC(=O)N1
20	mol324	-13.3	COc1ncc(-c2cccc(-c3cccc(-c4cnc(CNC[C@@H]5CCC(=O)N5)c(OC)n4)c3Cl)c2Cl)cn1
20	mol141	-13.15	COc1nc(-c2cccc(-c3cncc(-c4cnc(CNC[C@@H]5CCC(=O)N5)c(OC)n4)c3Cl)c2Cl)cnc1CNCC1CCOCC1
20	mol425	-13.65	COc1nc(-c2cccc(-c3cccc(-c4cnc(OCC5CCOCC5)c(OC)n4)c3Cl)c2Cl)cnc1CNC[C@H]1CCC(=O)N1
20	mol175	-13.14	COc1ncnc(-c2cccc(-c3cccc(-c4cnc(CNC[C@H]5CCC(=O)N5)c(OC)n4)c3Cl)c2Cl)n1
20	mol487	-12.6	COc1nc(-c2cccc(-c3cccc(-c4cnc(CNC[C@@H]5CCC(=O)N5)c(OC)n4)c3Cl)c2Cl)cnc1CNCC[C@H]1CCCO1
20	mol428	-12.62	COc1nc(-c2cccc(-c3cccc(-c4cnc(CNC[C@@H]5CCC(=O)N5)c(OC)n4)c3Cl)c2Cl)cnc1CNCC[C@H]1CCCO1
20	mol352	-13.28	COc1nc(-c2cccc(-c3cccc(-c4cncc(CNC[C@@H]5CCC(=O)N5)c4Cl)c3Cl)c2Cl)cnc1OC[C@@H]1CCCO1
20	mol298	-12.63	COc1nc(-c2cccc(-c3cccc(-c4cnn(C)c4)c3Cl)c2Cl)cnc1OC[C@@H]1CCCO1
20	mol153	-12.58	COc1nc(-c2cccc(-c3cccc(-c4cnc(OCCCNCC[C@@H]5CCCO5)c(OC)n4)c3Cl)c2Cl)cnc1CNC[C@H]1CCC(=O)N1
20	mol289	-12.64	COc1nc(-c2cccc(-c3cccc(-c4cnc(CNC[C@@H]5CCC(=O)N5)c(OC)n4)c3Cl)c2Cl)cnc1CNCC[C@H]1CCCO1
20	mol423	-12.6	COc1nc(-c2cccc(-c3cccc(-c4cnc(CNC[C@@H]5CCC(=O)N5)c(OC)n4)c3Cl)c2Cl)cnc1CNCC[C@H]1CCCO1
20	mol256	-13.9	COc1nc(-c2cccc(-c3cccc(-c4cccc(CN5CCC(=O)NC5)c4)c3Cl)c2Cl)cnc1CNCC[C@@H]1CCCO1
20	mol477	-12.8	COc1nc(-c2cccc(-c3cccc(-c4cnc([C@@H](CO)CNC[C@H]5CCC(=O)N5)c(OC)n4)c3Cl)c2Cl)cnc1OCC[C@@H]1CCCO1
20	mol92	-13.24	COc1nc(-c2cccc(-c3cccc(-c4cnc(CNC[C@@H]5CCC(=O)N(C)C5)c(OC)n4)c3Cl)c2Cl)cnc1CCn1cncn1
20	mol459	-12.89	COc1nc(-c2cccc(-c3cccc(-c4cnc(OCCC5CCOCC5)c(OC)n4)c3Cl)c2Cl)cnc1CNC[C@@H]1CCC(=O)N1
20	mol193	-12.93	COc1nc(-c2cccc(-c3cccc(-c4cnc(CNC[C@H]5CCC(=O)N5)cn4)c3Cl)c2Cl)cnc1OC[C@@H]1CCCO1
20	mol301	-13.26	COc1nc(-c2cccc(-c3cccc(-c4cnc(OCC[C@H]5CCOC5)c(OC)n4)c3Cl)c2Cl)cnc1CNC[C@H]1CCC(=O)N1
20	mol367	-13.18	COc1ncnc(-c2cccc(-c3cccc(-c4cnc(CNC[C@H]5CCC(=O)N5)c(OC)n4)c3Cl)c2Cl)n1
20	mol51	-12.45	COc1nc(-c2cccc(-c3ccc(-c4cnc(OC[C@@H]5CCCO5)c(OC)n4)c(Cl)c3)c2Cl)cnc1CNC[C@@H]1CCC(=O)N1
20	mol73	-13.23	COc1cc(-c2cccc(-c3cccc(-c4cnc(CNCC[C@H]5CCCO5)c(OC)n4)c3Cl)c2Cl)cnc1CNC[C@H]1CCC(=O)N1
20	mol264	-12.53	COc1nc(CC(C)C)ncc1-c1cccc(-c2cccc(-c3cnc(OCCCN4CCCC4)c(OC)n3)c2Cl)c1Cl
20	mol408	-12.65	COc1nc(-c2cccc(-c3cccc(-c4cnc(CNC[C@@H]5CCC(=O)N5)c(OC)n4)c3Cl)c2Cl)cnc1CNCC[C@H]1CCCO1
20	mol320	-13.25	COc1nc(-c2cccc(-c3cccc(-c4cncc(CNC[C@@H]5CCC(=O)N5)c4Cl)c3Cl)c2Cl)cnc1OCC[C@@H]1CCOC1
20	mol35	-12.61	COc1nc(-c2cccc(-c3cccc(-c4cnc(OCCCn5cncn5)c(OC)n4)c3Cl)c2Cl)cnc1CNC[C@H]1CCC(=O)N1
20	mol192	-12.47	COc1nc(-c2cccc(-c3cccc(-c4cnc(OCCCO)c(OC)n4)c3Cl)c2Cl)cnc1CNC[C@@H]1CCC(=O)N1
20	mol52	-12.76	COc1nc(-c2cccc(-c3cccc(-c4cnc(OC[C@@H]5CCO5)c(OC)n4)c3Cl)c2Cl)cnc1CNC[C@H]1CCC(=O)N1
20	mol155	-12.51	COc1nc(-c2cccc(-c3cccc(-c4cnc(OC[C@@H]5CCCO5)c(OC)n4)c3Cl)c2Cl)cnc1CNC[C@@H]1CCC(=O)N1
20	mol348	-12.39	COc1nc(-c2cccc(-c3cccc(-c4cnc(OC[C@@H]5CCCO5)c(OC)n4)c3Cl)c2Cl)cnc1CNC[C@@H]1CCC(=O)N1
20	mol81	-13.12	CCOc1nc(-c2cccc(-c3cccc(-c4cnc(CNC[C@H]5CCC(=O)N5)c(OC)c4)c3Cl)c2Cl)cnc1CNCC[C@H]1CCCO1
20	mol306	-12.73	COc1nc(-c2cccc(-c3cccc(-c4cnc(CNC[C@@H]5CCC(=O)N5)c(OC)n4)c3Cl)c2Cl)cnc1CNCC[C@H]1CCCO1
20	mol241	-12.63	COc1nc(-c2cccc(-c3cncc(-c4cnc(OCCC[C@H]5CCCO5)c(OC)n4)c3Cl)c2Cl)cnc1CNC[C@H]1CCC(=O)N1
20	mol390	-13.3	COc1nc(-c2cccc(-c3cccc(-c4cnc(OCC[C@H]5CCOC5)c(OC)n4)c3Cl)c2Cl)cnc1CNC[C@H]1CCC(=O)N1
20	mol255	-12.35	COc1nc(-c2cccc(-c3cccc(-c4cnc(OCCCNCC[C@@H]5CCCO5)c(OC)n4)c3Cl)c2Cl)cnc1CN[C@@H]1CCC(=O)N1
20	mol222	-12.51	COc1nc(-c2cccc(-c3cccc(-c4cnc(OC[C@@H]5CCCO5)c(OC)n4)c3Cl)c2Cl)cnc1CNC[C@@H]1CCC(=O)N1
20	mol21	-12.72	COc1nc(-c2cccc(-c3cccc(-c4cnc(CNC[C@@H]5CCC(=O)N5)c(OC)n4)c3Cl)c2Cl)cnc1CNCC[C@H]1CCCO1
20	mol470	-13.3	COc1nc(-c2cccc(-c3cccc(-c4cnc(OCC[C@H]5CCOC5)c(OC)n4)c3Cl)c2Cl)cnc1CNC[C@H]1CCC(=O)N1
20	mol492	-12.57	COCCOc1nc(-c2cccc(-c3cccc(-c4ncc(CNC[C@H]5CCC(=O)N(C)C5)cn4)c3Cl)c2Cl)ncc1CNCC[C@@H]1CCCO1
20	mol471	-12.67	COc1nc(-c2cccc(-c3cccc(-c4cnc(CNC[C@@H]5CCC(=O)N5)c(OC)n4)c3Cl)c2Cl)cnc1CNCC[C@H]1CCCO1
20	mol379	-12.51	COc1nc(-c2cccc(-c3cccc(-c4cnc(CNC[C@@H]5CCC(=O)N5)c(OC)n4)c3Cl)c2Cl)cnc1CNCC[C@H]1CCCO1
20	mol473	-13.33	COc1nc(-c2cccc(-c3cccc(-c4cccc(CNC[C@H]5CCC(=O)N5)c4)c3Cl)c2Cl)cnc1CNCC[C@@H]1CCCO1
20	mol149	-12.91	COc1nc(-c2cccc(-c3cccc(-c4cnc(OCCC5CCOCC5)c(OC)n4)c3Cl)c2Cl)cnc1CNC[C@@H]1CCC(=O)N1
20	mol7	-12.67	COc1nc(-c2cccc(-c3cccc(-c4cnc(CNC[C@@H]5CCC(=O)N5)c(OC)n4)c3Cl)c2Cl)cnc1CNCC[C@H]1CCCO1
20	mol467	-13.84	COc1nc(-c2cccc(-c3cccc(-c4cnc(-c5cnn(C)c5)c(OC)n4)c3Cl)c2Cl)cnc1CNC[C@@H]1CCC(=O)N1
20	mol319	-13.19	COc1nncc(-c2cccc(-c3cccc(-c4cnc(CN5CCC(=O)N5)c(OC)n4)c3Cl)c2Cl)n1
20	mol270	-12.63	COc1nc(-c2cccc(-c3cccc(-c4cnc(CNC[C@@H]5CCC(=O)N5)c(OC)n4)c3Cl)c2Cl)cnc1CNCC[C@H]1CCCO1
20	mol276	-12.56	COc1nc(-c2cccc(-c3cccc(-c4cnc(OCCCn5cncn5)c(OC)n4)c3Cl)c2Cl)cnc1CNC[C@H]1CCC(=O)N1
20	mol112	-12.89	COc1nc(-c2cccc(-c3cccc(-c4cnc(OCC[C@H]5CCCO5)c(OC)n4)c3Cl)c2Cl)cnc1CNC[C@H]1CCC(=O)N1
20	mol374	-12.69	COc1nc(OC)nc(-c2cccc(-c3cccc(-c4cnc(CNC[C@H]5CCC(=O)N5)c(OC)n4)c3Cl)c2Cl)n1
20	mol336	-12.34	COc1nc(-c2cccc(-c3cccc(-c4cnc(OC[C@@H]5CCCO5)c(OC)n4)c3Cl)c2Cl)cnc1CNC[C@@H]1CCC(=O)N1
20	mol479	-12.44	COc1nc(-c2cccc(-c3cccc(-c4cnc(OC[C@@H]5CCCO5)c(OC)n4)c3Cl)c2Cl)cnc1CNC[C@@H]1CCC(=O)N1
20	mol163	-12.86	COc1nc(-c2cccc(-c3cccc(-c4cnc(OCCN[C@H]5CCCO5)c(OC)n4)c3Cl)c2Cl)cnc1CNC[C@@H]1CCC(=O)N1
20	mol261	-12.29	COc1nc(-c2ccc(-c3cccc(-c4cnc(CNC[C@H]5CCC(=O)N5)c(OC)n4)c3Cl)cc2Cl)cnc1CNCC[C@H]1CCCO1
20	mol237	-12.75	COc1nc(-c2cccc(-c3cccc(-c4cnc(COC[C@@H]5CCC(=O)N5)c(OC)n4)c3Cl)c2Cl)cnc1CNCC[C@H]1CCCO1
20	mol338	-13.17	COc1nc(-c2cccc(-c3cccc(-c4cnc(OC[C@H]5CCOC5)c(OC)n4)c3Cl)c2Cl)cnc1CNC[C@H]1CCC(=O)N1
20	mol143	-12.53	COc1nc(-c2cccc(-c3cccc(-c4cnc(CNC[C@@H]5CCC(=O)N5)c(OC)n4)c3Cl)c2Cl)cnc1CNCC[C@H]1CCCO1
20	mol94	-12.67	COc1nc(-c2cccc(-c3cccc(-c4cnc(CNC[C@@H]5CCC(=O)N5)c(OC)n4)c3Cl)c2Cl)cnc1CNCC[C@H]1CCCO1
20	mol385	-12.51	COc1nc(-c2cccc(-c3cccc(-c4cnc(CNC[C@@H]5CCC(=O)N5)c(OC)n4)c3Cl)c2Cl)cnc1CNCC[C@H]1CCCO1
20	mol14	-12.73	COc1ncn(-c2cccc(-c3cccc(-c4cnc(CNC[C@@H]5CCC(=O)N5)c(OC)n4)c3Cl)c2Cl)n1
20	mol199	-12.51	COc1nc(-c2cccc(-c3cccc(-c4cnc(CNC[C@@H]5CCC(=O)N5)c(OC)n4)c3Cl)c2Cl)cnc1CNCC[C@H]1CCCO1
20	mol69	-12.13	COc1nncc(-c2ccc(-c3cccc(-c4cnc(CNC[C@@H]5CCC(=O)N5)c(OC)n4)c3Cl)cn2)n1
20	mol179	-12.51	COc1nc(-c2cccc(-c3cccc(-c4cnc(CNC[C@@H]5CCC(=O)N5)c(OC)n4)c3Cl)c2Cl)cnc1CNCC[C@H]1CCCO1
20	mol349	-12.53	COc1nc(-c2cccc(-c3cccc(-c4cnc(CNC[C@@H]5CCC(=O)N5)c(OC)n4)c3Cl)c2Cl)cnc1CNCC[C@H]1CCCO1
20	mol100	-12.48	CCOc1nc(-c2cccc(-c3cccc(-c4cnc(CNC[C@H]5CCC(=O)N5)c(OC)n4)c3Cl)c2Cl)cnc1CNCC[C@@H]1CCCO1
20	mol132	-12.71	COc1nc(-c2cccc(-c3cccc(-c4cnc(CNCC[C@H]5CCCO5)c(OC)n4)c3Cl)c2Cl)cnc1CCNC[C@@H]1CCC(=O)N1
20	mol295	-13.79	COc1nc(-c2cccc(-c3cccc(-c4cnn(C[C@H]5CCC(=O)N5)c4Cl)c3Cl)c2Cl)cnc1CNCC[C@H]1CCCO1
20	mol20	-13.05	COc1nc(-c2nccc(-c3cccc(-c4cnc([C@H]5CCOC5)cn4)c3Cl)c2Cl)cnc1CNC[C@@H]1CCC(=O)N1
20	mol321	-12.68	COc1nc(-c2cccc(-c3cccc(-c4cnc(CNC[C@@H]5CCC(=O)N5)c(OC)n4)c3Cl)c2Cl)cnc1CNCC[C@H]1CCCO1
20	mol345	-12.71	COc1nc(-c2cccc(-c3cccc(-c4cnc(OCC[C@@H]5COCO5)c(OC)n4)c3Cl)c2Cl)cnc1CNC[C@@H]1CCC(=O)N1
20	mol207	-13.23	COc1nc(-c2cccc(-c3cccc(-c4cnc(OCC[C@H]5CCOC5)c(OC)n4)c3Cl)c2Cl)cnc1CNC[C@H]1CCC(=O)N1
20	mol427	-12.54	COc1nc(-c2cccc(-c3cccc(-c4cnc(OC[C@@H]5CCCO5)c(OC)n4)c3Cl)c2Cl)cnc1CNC[C@@H]1CCC(=O)N1
20	mol209	-12.76	COc1nc(-c2cccc(-c3cccc(-c4cnn(C)c4)c3Cl)c2Cl)cnc1CNCCC1CCOCC1
20	mol281	-12.66	COc1nc(-c2cccc(-c3cccc(-c4cnc(CNC[C@@H]5CCC(=O)N5)c(OC)n4)c3Cl)c2Cl)cnc1CNCC[C@H]1CCCO1
20	mol12	-12.73	COc1nc(-c2cccc(-c3cccc(-c4cnc(CNC[C@@H]5CCC(=O)N5)c(OC)n4)c3Cl)c2Cl)cnc1CNCC[C@H]1CCCO1
20	mol128	-13.35	COc1nc(-c2cccc(-c3cccc(-c4cnc(CN[C@H]5CCC(=O)N5)c(OC)n4)c3Cl)c2Cl)cnc1CNCC[C@H]1CCCO1
20	mol130	-12.65	COc1nc(-c2cccc(-c3cccc(-c4cnc(CNC[C@@H]5CCC(=O)N5)c(OC)n4)c3Cl)c2Cl)cnc1CNCC[C@H]1CCCO1
20	mol126	-13.29	COc1nc(-c2cccc(-c3cccc(-c4cnc(OCC[C@H]5CCOC5)c(OC)n4)c3Cl)c2Cl)cnc1CNC[C@H]1CCC(=O)N1
20	mol267	-12.53	COc1nc(-c2cccc(-c3cccc(-c4cnc(CNC[C@@H]5CCC(=O)N5)c(OC)n4)c3Cl)c2Cl)cnc1CNCC[C@H]1CCCO1
20	mol387	-12.21	COc1nc(-c2cccc(-c3cccc(-c4cnn(C)c4Cl)c3Cl)c2Cl)cnc1NCCCNCC[C@@H]1CCCO1
20	mol407	-13.12	COc1ncnc(-c2cccc(-c3cccc(-c4cnc(CNC[C@H]5CCC(=O)N5)c(OC)n4)c3Cl)c2Cl)n1
20	mol383	-12.8	COc1nc(-c2cccc(-c3cccc(-c4cnc(CNC5CC5)nc4Cl)c3Cl)c2Cl)cnc1CNCC[C@H]1CCCO1
20	mol377	-12.72	COc1ncn(-c2cccc(-c3cccc(-c4cnc(CNC[C@@H]5CCC(=O)N5)c(OC)n4)c3Cl)c2Cl)n1
20	mol337	-13.05	COc1nc(-c2cccc(-c3cccc(-c4cnc(OCC[C@H]5CCCO5)c(OC)n4)c3Cl)c2Cl)cnc1CNC[C@H]1CCC(=O)N1
20	mol60	-12.92	COc1nc(-c2cccc(-c3cccc(-c4cnc(OCC[C@H]5CCCO5)c(OC)n4)c3Cl)c2Cl)cnc1CNC[C@H]1CCC(=O)N1
20	mol50	-12.42	COc1nc(-c2cccc(-c3cccc(-c4cn(Cc5cccc(CNCCC(=O)O)c5)cn4)c3Cl)c2Cl)cnc1CNCC[C@H]1CCCO1
20	mol240	-13.24	COc1nc(-c2cccc(-c3cccc(-c4cnc(OCC[C@H]5CCOC5)c(OC)n4)c3Cl)c2Cl)cnc1CNC[C@H]1CCC(=O)N1
20	mol445	-13.31	COc1nc(-c2cccc(-c3cccc(-c4cnc(OCC[C@H]5CCOC5)c(OC)n4)c3Cl)c2Cl)cnc1CNC[C@H]1CCC(=O)N1
20	mol111	-13.42	COc1cc(-c2cccc(-c3cccc(-c4cnc(CNCC[C@H]5CCCO5)c(OC)n4)c3Cl)c2Cl)cnc1CNC[C@H]1CCC(=O)N1
20	mol189	-12.58	COc1nc(-c2cccc(-c3cccc(-c4cnc(OC[C@H]5CCOC5)c(OC)n4)c3Cl)c2)cnc1CNC[C@@H]1CCC(=O)N1
20	mol59	-12.72	COc1nc(-c2cccc(-c3cccc(-c4cnc(OCCC[C@@H]5CCO5)c(OC)n4)c3Cl)c2Cl)cnc1CNC[C@H]1CCC(=O)N1
20	mol136	-13.27	COc1nc(-c2cccc(-c3cccc(-c4cnc(OCC[C@H]5CCOC5)c(OC)n4)c3Cl)c2Cl)cnc1CNC[C@H]1CCC(=O)N1
20	mol62	-12.49	COc1nc(-c2cccc(-c3cccc(-c4cnc(CNC[C@@H]5CCC(=O)N5)c(OC)n4)c3Cl)c2Cl)cnc1CNCC[C@H]1CCCO1
20	mol16	-12.02	COc1nc(-c2ccc(-c3cccc(-c4cnc(CNC[C@@H]5CCC(=O)N5)c(OC)n4)c3Cl)cn2)cnc1CNCC[C@H]1CCCO1
20	mol159	-13.24	[H][P@TB17](O)(O)(O)OCc1ncc(-c2cccc(-c3cccc(-c4cnc(CNC[C@@H]5CCC(=O)N5)c(OC)n4)c3Cl)c2Cl)nc1OC
20	mol244	-12.63	COc1nc(OC)nc(-c2cccc(-c3cccc(-c4cnc(CN5CCC(=O)N5)c(OC)n4)c3Cl)c2Cl)n1
20	mol252	-12.62	COc1nc(-c2cccc(-c3cccc(-c4cnc(CNC[C@@H]5CCC(=O)N5)c(OC)n4)c3Cl)c2Cl)cnc1CNCC[C@H]1CCCO1
20	mol300	-13.01	COc1nc(-c2cccc(-c3cccc(-c4cnc(OCCCC5CCOCC5)c(OC)n4)c3Cl)c2Cl)cnc1CNC[C@H]1CCC(=O)N1
20	mol197	-12.78	COc1nc(-c2cccc(-c3cccc(-c4cnc(OCC[C@H]5CCCO5)c(OC)n4)c3Cl)c2Cl)cnc1CNC[C@H]1CCC(=O)N1
20	mol168	-13.03	COc1nc(-c2cccc(-c3cccc(-c4cnc(OCC[C@H]5CCCO5)c(OC)n4)c3Cl)c2Cl)cnc1CNC[C@H]1CCC(=O)N1
20	mol5	-12.61	COc1nc(-c2cccc(-c3cccc(-c4cnc(CNC[C@@H]5CCC(=O)N5)c(OC)n4)c3Cl)c2Cl)cnc1CNCC[C@H]1CCCO1
20	mol49	-12.76	COc1nc(-c2cccc(-c3cccc(-c4cnc(CNCC[C@H]5CCCO5)c(OC)n4)c3Cl)c2Cl)cnc1CCNC[C@@H]1CCC(=O)N1
20	mol196	-12.23	COc1nc(-c2cccc(-c3cccc(-c4cnc(CN[C@H]5CCC(=O)N5)c(OC)n4)c3Cl)n2)cnc1CNCC[C@@H]1CCCO1
20	mol449	-13.16	COc1nc(-c2cccc(-c3cccc(-c4cnc(CN[C@H]5CCC(=O)N5)c(OC)n4)c3Cl)c2Cl)cnc1CNCC[C@H]1CCCO1
20	mol283	-12.55	COc1nc(-c2cccc(-c3cccc(-c4cnc(CNC[C@@H]5CCC(=O)N5)c(OC)n4)c3Cl)c2Cl)cnc1CNCC[C@H]1CCCO1
20	mol350	-12.97	COc1nc(-c2cccc(-c3cccc(-c4cccc(CNC[C@@H]5CCC(=O)N5)c4Cl)c3Cl)c2Cl)cnc1CNCC[C@@H]1CCCO1
20	mol70	-13.16	COc1ncnc(-c2cccc(-c3cccc(-c4cnc(CNC[C@H]5CCC(=O)N5)c(OC)n4)c3Cl)c2Cl)n1
20	mol242	-12.94	COc1nc(-c2cccc(-c3cccc(-c4cnc(OCCCC5CCOCC5)c(OC)n4)c3Cl)c2Cl)cnc1CNC[C@H]1CCC(=O)N1
20	mol421	-12.27	COc1nc(-c2cccc(-c3cccc(-c4cnc(OCCCNC[C@H]5CCCO5)c(OC)n4)c3Cl)c2Cl)cnc1CNC[C@@H]1CCC(=O)N1
20	mol102	-12.55	COc1nc(-c2cccc(-c3cccc(-c4cnc(CNC[C@@H]5CCC(=O)N5)c(OC)n4)c3Cl)c2Cl)cnc1CNCC[C@H]1CCCO1
20	mol419	-12.63	COc1nc(-c2cccc(-c3cccc(-c4cnc(CNC[C@@H]5CCC(=O)N5)c(OC)n4)c3Cl)c2Cl)cnc1CNCC[C@H]1CCCO1
20	mol29	-12.36	COc1nc(-c2cccc(-c3cccc(-c4cnc(CNC[C@@H]5CCC(=O)N5)c(OC)n4)c3Cl)c2Cl)cnc1CNCC[C@H]1CCCO1
20	mol22	-12.67	COc1nc(-c2cccc(-c3cccc(-c4cnc(CNC[C@@H]5CCC(=O)N5)c(OC)n4)c3Cl)c2Cl)cnc1CNCC[C@H]1CCCO1
20	mol194	-12.49	COc1nc(-c2cccc(-c3cccc(-c4cnc(CNC[C@@H]5CCC(=O)N5)c(OC)n4)c3Cl)c2Cl)cnc1CNCC[C@H]1CCCO1
20	mol438	-12.51	COc1nc(-c2cccc(-c3cccc(-c4cnc(OC[C@@H]5CCCO5)c(OC)n4)c3Cl)c2Cl)cnc1CNC[C@@H]1CCC(=O)N1
20	mol146	-13.02	COc1nc(-c2cccc(-c3cccc(-c4cnc(OCC[C@H]5CCCO5)c(OC)n4)c3Cl)c2Cl)cnc1CNC[C@H]1CCC(=O)N1
20	mol412	-12.68	COc1nc(-c2cccc(-c3cccc(-c4cnc(CNC[C@@H]5CCC(=O)N5)c(OC)n4)c3Cl)c2Cl)cnc1CNCC[C@H]1CCCO1
20	mol393	-12.52	COc1nc(-c2cccc(-c3cccc(-c4cnc(CNC[C@@H]5CCC(=O)N5)c(OC)n4)c3Cl)c2Cl)cnc1CNCC[C@H]1CCCO1
20	mol396	-12.19	COc1nc(-c2ccc(-c3cccc(-c4cnc(CNC[C@H]5CCCC(=O)N5)c(OC)n4)c3Cl)cn2)cnc1CNCC[C@@H]1CCCO1
20	mol19	-12.23	COC[C@H]1CCOc2ccc(-c3cccc(-c4ccc(OC[C@@H]5CCC(=O)NC5(C)C)c(OC)n4)c3Cl)cc21
20	mol478	-13.08	COc1nc(-c2cccc(-c3cccc(-c4cnc(OCC[C@H]5CCCO5)c(OC)n4)c3Cl)c2Cl)cnc1CNC[C@H]1CCC(=O)N1
20	mol318	-12.5	COc1nc(-c2cccc(-c3cccc(-c4cnc(CNC[C@@H]5CCC(=O)N5)c(OC)n4)c3Cl)c2Cl)cnc1CNCC[C@H]1CCCO1
20	mol185	-13.14	COc1ncnc(-c2cccc(-c3cccc(-c4cnc(CNC[C@H]5CCC(=O)N5)c(OC)n4)c3Cl)c2Cl)n1
20	mol357	-13.06	COc1nc(-c2cccc(-c3cccc(-c4cnc(NCC[C@H]5CCCO5)c(OC)n4)c3Cl)c2Cl)cnc1CNC[C@H]1CCC(=O)N1
20	mol288	-13.02	COc1nc(-c2cccc(-c3cccc(-c4cnc(OCC[C@H]5CCCO5)c(OC)n4)c3Cl)c2Cl)cnc1CNC[C@H]1CCC(=O)N1
20	mol250	-12.69	COc1nc(-c2cccc(-c3cccc(-c4cnc(CNC[C@@H]5CCC(=O)N5)c(OC)n4)c3Cl)c2Cl)cnc1CNCC[C@H]1CCCO1
20	mol253	-13.04	COc1nc(-c2cccc(-c3cccc(-c4cnc(NCC[C@H]5CCCO5)c(OC)n4)c3Cl)c2Cl)cnc1CNC[C@H]1CCC(=O)N1
20	mol344	-12.01	COc1ncnc(-c2cccc(-c3ccc(-c4cnc(CNC[C@H]5CCC(=O)N5)c(OC)c4)cn3)c2Cl)n1
20	mol65	-12.53	COc1nc(-c2cccc(-c3cccc(-c4cnc(CNC[C@@H]5CCC(=O)N5)c(OC)n4)c3Cl)c2Cl)cnc1CNCC[C@H]1CCCO1
20	mol64	-12.52	COc1nc(-c2cccc(-c3cccc(-c4cnc(CNC[C@@H]5CCC(=O)N5)c(OC)n4)c3Cl)c2Cl)cnc1CNCC[C@H]1CCCO1
20	mol195	-12.45	COc1nc(-c2cccc(-c3cccc(-c4cnc(CNC[C@H]5CCC(=O)N5)c(OC)n4)c3Cl)c2Cl)cnc1CNCCC[C@H]1CCCO1
20	mol115	-12.65	COc1nc(-c2cccc(-c3cccc(-c4cnc(CNC[C@@H]5CCC(=O)N5)c(OC)n4)c3Cl)c2Cl)cnc1CNCC[C@H]1CCCO1
20	mol91	-12.25	COCCCCOc1ncc(-c2cccc(-c3cccc(-c4cnc(CNC[C@H]5CCC(=O)N5)c(OC)n4)c3Cl)c2Cl)nc1OC
20	mol88	-12.87	COc1nc(-c2cccc(-c3cccc(-c4cnc(OC[C@@H]5CCCO5)c(OC)n4)c3Cl)c2Cl)cnc1CN[C@@H]1CCC(=O)N1
20	mol404	-12.62	COc1nc(-c2cccc(-c3cccc(-c4cnc(CNC[C@@H]5CCC(=O)N5)c(OC)n4)c3Cl)c2Cl)cnc1CNCC[C@H]1CCCO1
20	mol426	-12.96	COc1nc(-c2cccc(-c3cccc(-c4cn(C[C@H]5CCC(=O)N5)cn4)c3Cl)c2Cl)cnc1CNCC[C@H]1CCCO1
20	mol450	-12.69	COc1nc(-c2cccc(-c3cccc(-c4cnc(CNC[C@@H]5CCC(=O)N5)c(OC)n4)c3Cl)c2Cl)cnc1CNCC[C@H]1CCCO1
20	mol434	-12.48	COc1nc(-c2cccc(-c3cccc(-c4cnc(OCCCn5cncn5)c(OC)n4)c3Cl)c2Cl)cnc1CNC[C@H]1CCC(=O)N1
20	mol268	-13.18	COc1nncc(-c2cccc(-c3cccc(-c4cnc(CNC[C@@H]5CCC(=O)N5)c(OC)n4)c3Cl)c2Cl)n1
20	mol8	-12.18	COc1nc(CNCCO)nc(-c2cccc(-c3cccc(-c4cnc(CNC[C@@H]5CCC(=O)N5)c(OC)n4)c3Cl)c2Cl)n1
20	mol323	-12.58	COc1nc(-c2cccc(-c3cccc(-c4cnc(CNC[C@@H]5CCC(=O)N5)c(OC)n4)c3Cl)c2Cl)cnc1CNCC[C@H]1CCCO1
20	mol260	-13.39	COc1nc(-c2cccc(-c3cccc(-c4cnc(CNCC5CCN(C(C)=O)CC5)c(OC)n4)c3Cl)c2Cl)cnc1CNCC[C@H]1CCCO1
20	mol278	-12.66	COc1nc(-c2cccc(-c3cccc(-c4cnn(C)c4)c3Cl)c2Cl)cnc1CNCC[C@@H]1CCCO1
20	mol310	-13.13	COc1nc(-c2cccc(-c3cccc(-c4cnc(CNC[C@@H]5CCC(=O)N5)c(OC)n4)c3Cl)c2Cl)cnc1CNCC[C@H]1CCCCO1
20	mol490	-13.16	COc1nc(-c2cccc(-c3cccc(-c4cnc(OC[C@H]5CCOC5)c(OC)n4)c3Cl)c2Cl)cnc1CNC[C@H]1CCC(=O)N1
20	mol458	-13.11	COc1ncnc(-c2cccc(-c3cccc(-c4cnc(CCNC[C@H]5CCC(=O)N5)c(OC)n4)c3Cl)c2Cl)n1
20	mol339	-12.78	CCOc1nc(-c2cccc(-c3cccc(-c4cnc(CNC[C@H]5CCC(=O)N5)c(OC)n4)c3Cl)c2Cl)cnc1OCC1CCOCC1
20	mol152	-12.06	COc1nc(-c2ccc(-c3cccc(-c4cnc(CNC[C@@H]5CCC(=O)N5)c(OC)n4)c3Cl)cn2)cnc1CNCC[C@H]1CC[C@H](O)CC1
20	mol228	-13.08	COc1nc(-c2cccc(-c3cccc(-c4cnc(OCC5CCC5)c(OC)n4)c3Cl)c2Cl)cnc1CNC[C@H]1CCC(=O)N1
20	mol429	-12.19	COc1nc(-c2ccc(-c3cccc(-c4cnc(CNC[C@H]5CCC(=O)N5)c(OC)n4)c3Cl)cn2)cnc1CNCC1CCOCC1
20	mol416	-13.8	COc1nc(-c2cccc(-c3cccc(-c4cnc(OCC[C@@H]5CCCO5)c(OC)n4)c3Cl)c2Cl)cnc1CN[C@H]1CCCC(=O)N1
20	mol373	-12.55	COc1nc(-c2cccc(-c3cccc(-c4cnc(CNC[C@@H]5CCC(=O)N5)c(OC)n4)c3Cl)c2Cl)cnc1CNCC[C@H]1CCCO1
20	mol282	-12.4	COc1nc(-c2cccc(-c3cccc(-c4cn(CCNC[C@@H]5CCC(=O)N5)c(CN)n4)c3Cl)c2Cl)cnc1CNCC[C@H]1CCCO1
20	mol433	-12.83	COc1nc(-c2cccc(-c3cccc(-c4cnc(OCCn5cncn5)c(OC)n4)c3Cl)c2Cl)cnc1CNC[C@@H]1CCC(=O)N1
20	mol317	-12.47	COc1nc(-c2cccc(-c3cccc(-c4cnc(OC[C@@H]5CCCO5)c(OC)n4)c3Cl)c2Cl)cnc1CNC[C@@H]1CCC(=O)N1
20	mol215	-12.97	COc1nc(-c2cccc(-c3cccc(-c4cnc(OCCC[C@H]5CCCO5)c(OC)n4)c3Cl)c2Cl)cnc1CNC[C@H]1CCC(=O)N(C)C1
20	mol63	-13.17	COc1ncnc(-c2cccc(-c3cccc(-c4cnc(CNC[C@H]5CCC(=O)N5)c(OC)n4)c3Cl)c2Cl)n1
20	mol26	-12.64	COc1nc(-c2cccc(-c3cccc(-c4cnc(CNC[C@@H]5CCC(=O)N5)c(OC)n4)c3Cl)c2Cl)cnc1CNCC[C@H]1CCCO1
20	mol291	-12.42	COc1ncnc(-c2cccc(-c3cccc(-c4cnc(CNCCCNC[C@H]5CCC(=O)N5)c(OC)n4)c3Cl)c2Cl)n1
20	mol475	-13.0	COc1nc(-c2cccc(-c3cccc(-c4cnc(OCC[C@H]5CCCO5)c(OC)n4)c3Cl)c2Cl)cnc1CNC[C@H]1CCC(=O)N1
20	mol493	-13.16	COc1ncnc(-c2cccc(-c3cccc(-c4cnc(CNC[C@H]5CCC(=O)N5)c(OC)n4)c3Cl)c2Cl)n1
20	mol217	-13.22	COc1nc(-c2cccc(-c3cccc(-c4cnc(OCC[C@H]5CCOC5)c(OC)n4)c3Cl)c2Cl)cnc1CNC[C@H]1CCC(=O)N1
20	mol213	-13.02	COc1nc(-c2cccc(-c3cccc(-c4cnc(CNC[C@H]5CCC(=O)NC5)c(OC)n4)c3Cl)c2Cl)cnc1CNCC[C@H]1CCCO1
20	mol448	-12.22	COc1nc(-c2cccc(-c3cccc(-c4cnc(OCCCOCC[C@H]5CCOC5)c(OC)n4)c3Cl)c2Cl)cnc1CNC[C@H]1CCC(=O)N1
20	mol40	-12.46	COc1nc(-c2cccc(-c3cccc(-c4cnc(CNC[C@@H]5CCC(=O)N5)c(OC)n4)c3Cl)c2Cl)cnc1CNCC[C@H]1CCCO1
20	mol223	-12.54	COc1nc(-c2cccc(-c3cccc(-c4cnc(CNC[C@@H]5CCC(=O)N5)c(OC)n4)c3Cl)c2Cl)cnc1CNCC[C@H]1CCCO1
20	mol287	-12.28	COc1nc(-c2ccccn2)nc(-c2cccc(-c3cccc(-c4cccc(CNC[C@H]5CCC(=O)N5)c4Cl)c3Cl)c2Cl)c1Cl
20	mol341	-12.74	Nc1nc(-c2cccc(-c3cccc(-c4ncc(C[C@H]5CCC(=O)N5)c(OC[C@@H]5CCC(=O)N5)c4Cl)c3Cl)c2Cl)cnc1CNCC[C@H]1CCCO1
20	mol36	-12.02	COc1nc(-c2cccc(-c3cccc(-c4nc(CCNC[C@@H]5CCC(=O)N5)c(OC)n(OC)c4=O)c3Cl)c2Cl)cnc1OCC[C@@H]1CCCO1
20	mol491	-12.49	COc1nc(-c2cccc(-c3cccc(-c4cnc(CNCC[C@H]5CCCO5)c(OC)n4)c3Cl)c2)cnc1CN1CCC(=O)N1
20	mol144	-13.13	COc1nc(-c2cccc(-c3cccc(-c4cnc(OCC[C@H]5CCOC5)c(OC)n4)c3Cl)c2Cl)cnc1CNC[C@H]1CCC(=O)N1
20	mol308	-12.61	COc1nc(-c2cccc(-c3cccc(-c4cnc(CNC[C@@H]5CCC(=O)N5)c(OC)n4)c3Cl)c2Cl)cnc1CNCC[C@H]1CCCO1
20	mol480	-12.61	COc1nc(-c2cccc(-c3cccc(-c4cnn(C)c4)c3Cl)c2Cl)cnc1CNCC[C@@H]1CCCO1
20	mol332	-13.27	COc1nc(-c2cccc(-c3cccc(-c4cccc(CNC[C@H]5CCC(=O)N5)c4)c3Cl)c2Cl)cnc1CNCC[C@@H]1CCCO1
20	mol56	-12.47	COc1nc(-c2cccc(-c3cccc(-c4cnc(CNC[C@@H]5CCC(=O)N5)c(OC)n4)c3Cl)c2Cl)cnc1CNCC[C@H]1CCCO1
20	mol275	-12.27	COc1nc(-c2cccc(-c3cccc(-c4cnc(OCCCCn5cncn5)c(OC)n4)c3Cl)c2Cl)cnc1CNC[C@@H]1CCC(=O)N1
20	mol80	-12.52	COc1nc(-c2cccc(-c3cccc(-c4cnc(CNC[C@@H]5CCC(=O)N5)c(OC)n4)c3Cl)c2Cl)cnc1CNCC[C@H]1CCCO1
20	mol167	-12.48	COc1nc(-c2cccc(-c3cccc(-c4cnc(OC[C@@H]5CCCO5)c(OC)n4)c3Cl)c2Cl)cnc1CNC[C@@H]1CCC(=O)N1
20	mol54	-13.12	COc1nc(-c2cccc(-c3cccc(-c4cnc(OC[C@H]5CCOC5)c(OC)n4)c3Cl)c2Cl)cnc1CNC[C@H]1CCC(=O)N1
20	mol333	-13.27	O=C1CC[C@@H](COc2cc(-c3cccc(-c4cccc(-c5cn(CCCO)cn5)c4Cl)c3Cl)cnc2CNC[C@H]2CC[C@@H](O)C2)N1
20	mol247	-13.1	COc1nc(-c2cccc(-c3cccc(-c4cnc(OC[C@@H]5CCCO5)c(OC)n4)c3Cl)c2Cl)cnc1CN[C@@H]1CCC(=O)N1
20	mol200	-13.05	COc1nc(-c2cccc(-c3cccc(-c4cnc(OC[C@H]5CCOC5)c(OC)n4)c3Cl)c2Cl)cnc1CNC[C@H]1CCC(=O)N1
20	mol138	-12.95	COc1nc(-c2cccc(-c3cccc(-c4cnc(NCC[C@H]5CCCO5)c(OC)n4)c3Cl)c2Cl)cnc1CNC[C@H]1CCC(=O)N1
20	mol72	-13.31	COc1ncc(-c2cccc(-c3cccc(-c4cnc(CNC[C@@H]5CCC(=O)N5)c(OC)n4)c3Cl)c2Cl)cn1
20	mol1	-13.3	COc1nc(-c2cccc(-c3cccc(-c4cnc(C[C@H]5CC[C@@H](OC)CC5)c(OC)n4)c3Cl)c2Cl)cnc1CNC[C@@H]1CCC(=O)N1
20	mol245	-13.03	COc1nc(-c2cccc(-c3cccc(-c4cnc(OCCC[C@@H]5CCCO5)c(OC)n4)c3Cl)c2Cl)cnc1CNC[C@H]1CCC(=O)NC1
20	mol488	-13.23	COc1ncnc(-c2ccc(-c3cccc(-c4cccc(CNC[C@@H]5CCC(=O)N5)c4)c3Cl)cn2)n1
20	mol334	-12.52	COc1nc(-c2cccc(-c3cccc(-c4cnc(OC[C@@H]5CCCO5)c(OC)n4)c3Cl)c2Cl)cnc1CNC[C@@H]1CCC(=O)N1
20	mol286	-13.11	COc1nc(-c2cccc(-c3cccc(-c4cnc(CNC[C@H]5CCCO5)c(OC)n4)c3Cl)c2Cl)cnc1CNC[C@H]1CCC(=O)N1
20	mol329	-12.59	COc1nc(-c2cccc(-c3cccc(-c4cnc(CNC[C@@H]5CCC(=O)N5)c(OC)n4)c3Cl)c2Cl)cnc1CNCC[C@H]1CCCO1
20	mol271	-12.61	COc1nc(-c2cccc(-c3cccc(-c4cnc(CNC[C@@H]5CCC(=O)N5)c(OC)n4)c3Cl)c2Cl)cnc1CNCC[C@H]1CCCO1
20	mol386	-12.72	COc1nc(-c2cccc(-c3cccc(-c4cnc(CNC[C@@H]5CCC(=O)N5)c(OC)n4)c3Cl)c2Cl)cnc1CNCC[C@H]1CCCO1
20	mol231	-12.58	COc1nc(-c2cccc(-c3cccc(-c4cnc(CNC[C@@H]5CCC(=O)N5)c(OC)n4)c3Cl)c2Cl)cnc1CNCC[C@H]1CCCO1
20	mol469	-13.13	COc1nc(-c2cccc(-c3cccc(-c4cnc(CNC[C@H]5CCC(=O)NC5)c(OC)n4)c3Cl)c2Cl)cnc1CNCC[C@H]1CCCO1
20	mol258	-12.73	COc1nc(-c2cccc(-c3cccc(-c4cnc(CNC[C@@H]5CCC(=O)N5)c(OC)n4)c3Cl)c2Cl)cnc1CNCC[C@H]1CCCO1
20	mol32	-12.59	COc1nc(-c2cccc(-c3cccc(-c4cnc(OC[C@@H]5CCCO5)c(OC)n4)c3Cl)c2Cl)cnc1CNC[C@@H]1CCC(=O)N1
20	mol370	-12.61	COc1nc(-c2cccc(-c3cccc(-c4cnn(C)c4)c3Cl)c2Cl)cnc1CNCC[C@@H]1CCCO1
20	mol303	-13.13	COc1ncnc(-c2cccc(-c3cccc(-c4cnc(CNCC5CCOCC5)c(OC)n4)c3Cl)c2Cl)n1
20	mol499	-12.62	COc1nc(-c2cccc(-c3cccc(-c4cnc(CNC[C@@H]5CCC(=O)N5)c(OC)n4)c3Cl)c2Cl)cnc1CNCC[C@H]1CCCO1
20	mol212	-12.96	COc1nc(-c2cccc(-c3cccc(-c4cnc(OCC[C@H]5CCCO5)c(OC)n4)c3Cl)c2Cl)cnc1CNC[C@H]1CCC(=O)N1
20	mol234	-12.45	COc1nc(-c2cccc(-c3cccc(-c4cnc(CNC[C@@H]5CCC(=O)N5)c(OC)n4)c3Cl)c2Cl)cnc1CNCC[C@H]1CCCO1
20	mol293	-13.29	COc1nc(-c2cccc(-c3cccc(-c4cnc(OCC[C@H]5CCOC5)c(OC)n4)c3Cl)c2Cl)cnc1CNC[C@H]1CCC(=O)N1
20	mol145	-12.55	COc1nc(-c2cccc(-c3cccc(-c4cnc(OC[C@@H]5CCCO5)c(OC)n4)c3Cl)c2Cl)cnc1CNC[C@@H]1CCC(=O)N1
20	mol105	-12.61	COc1nc(-c2cccc(-c3cccc(-c4cnc(CNC[C@@H]5CCC(=O)N5)c(OC)n4)c3Cl)c2Cl)cnc1CNCC[C@H]1CCCO1
20	mol232	-12.48	COc1nc(-c2cccc(-c3ccc(-c4cnc([C@H]5CCC(=O)NC5)c(OC)n4)nc3)c2Cl)cnc1CNC[C@@H]1CCC(=O)N1
20	mol444	-13.59	COc1nc(-c2cccc(-c3cccc(-c4cnc(OCC5CCOCC5)c(OC)n4)c3Cl)c2Cl)cnc1CNC[C@H]1CCC(=O)N1
20	mol166	-13.2	COc1nc(-c2cccc(-c3cccc(-c4cnc(OCC[C@H]5CCOC5)c(OC)n4)c3Cl)c2Cl)cnc1CNC[C@H]1CCC(=O)N1
20	mol495	-12.8	CCOc1nc(-c2cccc(-c3cccc(-c4cnc(CNC[C@H]5CCC(=O)N5)c(OC)n4)c3Cl)c2Cl)cnc1CNCC[C@@H]1CCCO1
20	mol353	-12.67	COc1nc(-c2cccc(-c3cccc(-c4cnc(CNC[C@@H]5CCC(=O)N5)c(OC)n4)c3Cl)c2Cl)cnc1CNCC[C@H]1CCCO1
20	mol57	-13.15	COc1cnc(-c2cccc(-c3cccc(-c4cnc(CNC[C@@H]5CCC(=O)N5)c(OC)n4)c3Cl)c2Cl)nn1
20	mol366	-12.93	COc1nc(-c2cccc(-c3cccc(-c4cnc(OCC[C@H]5CCCO5)c(OC)n4)c3Cl)c2Cl)cnc1CNC[C@H]1CCC(=O)N1
20	mol140	-13.13	COc1ncnc(-c2cccc(-c3cccc(-c4cnc(CNC[C@H]5CCC(=O)N5)c(OC)n4)c3Cl)c2Cl)n1
20	mol162	-12.63	COc1nc(-c2cccc(-c3cccc(-c4cnc(CNC[C@@H]5CCC(=O)N5)c(OC)n4)c3Cl)c2Cl)cnc1CNCC[C@H]1CCCO1
20	mol239	-12.79	COc1nc(-c2cccc(-c3cccc(-c4cnc(CNCC[C@H]5CCCO5)c(OC)n4)c3Cl)c2Cl)cnc1CCNC[C@@H]1CCC(=O)N1
20	mol402	-13.39	COc1nc(-c2cccc(-c3cccc(-c4cnc(CN5CCC(=O)N5)c(OC)n4)c3Cl)c2Cl)cnc1CNCC[C@H]1CCCO1
20	mol489	-13.16	COc1ncnc(-c2cccc(-c3cccc(-c4cnc(CNC[C@H]5CCC(=O)N5)c(OC)n4)c3Cl)c2Cl)n1
20	mol95	-12.51	COc1nc(-c2cccc(-c3cccc(-c4cn(C)nn4)c3Cl)c2Cl)cnc1CNCC[C@@H]1CCCO1
20	mol381	-12.92	O[C@@H]1CCN(c2cc(Nc3nccc(-c4cccc(-c5cnc(OC[C@H]6CCO6)cn5)c4Cl)c3Cl)ccn2)C1
20	mol164	-13.3	COc1ncc(-c2cccc(-c3cccc(-c4cnc(CNC[C@@H]5CCC(=O)N5)c(OC)n4)c3Cl)c2Cl)cn1
20	mol457	-12.55	COc1nc(-c2cccc(-c3cccc(-c4cnc(OCCCNCC[C@@H]5CCCO5)c(OC)n4)c3Cl)c2Cl)cnc1CNC[C@H]1CCC(=O)N1
20	mol355	-12.98	COc1nc(-c2cccc(-c3cccc(-c4cnc(CO)nc4Cl)c3Cl)c2Cl)cnc1CNCC[C@H]1CCCO1
20	mol180	-12.73	COc1nc(-c2cccc(-c3cccc(-c4cnc(CNC[C@@H]5CCC(=O)N5)c(OC)n4)c3Cl)c2Cl)cnc1CNCC[C@H]1CCCO1
20	mol171	-12.48	COc1nc(-c2cccc(-c3cccc(-c4cnc(CNC[C@@H]5CCC(=O)N5)c(OC)n4)c3Cl)c2Cl)cnc1CNCC[C@H]1CCCO1
20	mol361	-12.62	COc1nc(-c2cccc(-c3cccc(-c4cnc(CNC[C@@H]5CCC(=O)N5)c(OC)n4)c3Cl)c2Cl)cnc1CNCC[C@H]1CCCO1
20	mol322	-13.14	COc1nc(-c2cccc(-c3cccc(-c4cnc(OC[C@H]5CCOC5)c(OC)n4)c3Cl)c2Cl)cnc1CNC[C@H]1CCC(=O)N1
20	mol129	-13.31	O=C1CC[C@H](COc2cc(-c3cccc(-c4cccc(-c5cnc(O)cn5)c4Cl)c3)cnc2CN[C@H]2CC[C@H](O)CC2)N1
20	mol44	-12.73	COc1nc(-c2cccc(-c3cccc(-c4cnc(CNC[C@@H]5CCC(=O)N5)c(OC)n4)c3Cl)c2Cl)cnc1CNCC[C@H]1CCCO1
20	mol314	-12.53	COc1nc(-c2cccc(-c3cccc(-c4cnc(CNC[C@@H]5CCC(=O)N5)c(OC)n4)c3Cl)c2Cl)cnc1CNCC[C@H]1CCCO1
20	mol382	-12.73	COc1nc(-c2cccc(-c3cccc(-c4cnc(CNC[C@@H]5CCC(=O)N5)c(OC)n4)c3Cl)c2Cl)cnc1CNCC[C@H]1CCCO1
20	mol453	-12.02	COc1nc(-c2ccc(-c3cccc(-c4cnc(OCCC[C@@H]5CCCO5)c(OC)n4)c3Cl)c(Cl)c2)cnc1CNC[C@H]1CCC(=O)N1
20	mol440	-12.07	COc1nc(-c2cccc(-c3ccccc3Cl)c2Cl)cnc1C1CCC1
20	mol89	-13.06	COc1nc(-c2cccc(-c3cccc(-c4cnc(OCC[C@H]5CCCO5)c(OC)n4)c3Cl)c2Cl)cnc1CNC[C@H]1CCC(=O)N1
20	mol316	-12.62	COc1nc(-c2cccc(-c3cccc(-c4cnc(OCCC[C@@H]5CCCO5)c(OC)n4)c3Cl)c2Cl)cnc1CNC[C@H]1CCC(=O)N1
20	mol77	-12.31	COc1nc(-c2cccc(-c3cccc(-c4cnc(OCC[C@@H]5CCCO5)c(OC)n4)c3Cl)c2Cl)cnc1CNC1CC1
20	mol229	-13.06	COc1nc(-c2cccc(-c3cccc(-c4cnc(OCC[C@H]5CCCO5)c(OC)n4)c3Cl)c2Cl)cnc1CNC[C@H]1CCC(=O)N1
20	mol292	-13.29	COc1nc(-c2cccc(-c3cccc(-c4cnc(OCC[C@H]5CCOC5)c(OC)n4)c3Cl)c2Cl)cnc1CNC[C@H]1CCC(=O)N1
20	mol362	-12.26	COc1nc(-c2cccc(-c3cccc(-c4cnc(OCCCNCC[C@@H]5CCCO5)c(OC)n4)c3Cl)c2Cl)cnc1CN[C@@H]1CCC(=O)N1
20	mol220	-12.67	COc1nc(-c2cccc(-c3cccc(-c4cnc(CNC[C@@H]5CCC(=O)N5)c(OC)n4)c3Cl)c2Cl)cnc1CNCC[C@H]1CCCO1
20	mol439	-13.93	Oc1cc(-c2cccc(-c3cccc(-c4cnn(C[C@@H]5CCC(O)(O)C5)n4)c3Cl)c2Cl)cnn1
20	mol474	-12.93	COc1nc(-c2cccc(-c3cccc(-c4cnc(OCC[C@H]5CCCO5)c(OC)n4)c3Cl)c2Cl)cnc1CNC[C@H]1CCC(=O)N1
20	mol498	-13.17	COc1ncnc(-c2cccc(-c3cccc(-c4cnc(CNC[C@H]5CCC(=O)N5)c(OC)n4)c3Cl)c2Cl)n1
20	mol117	-12.74	O=C1CC[C@@H](Oc2cc(-c3cccc(-c4cccc(-c5cn(CCCO)cn5)c4Cl)c3)cnc2CN[C@H]2CC[C@@H](O)C2)N1
20	mol174	-12.63	COc1nc(-c2cccc(-c3cccc(-c4cnc(CNC[C@@H]5CCC(=O)N5)c(OC)n4)c3Cl)c2Cl)cnc1CNCC[C@H]1CCCO1
20	mol294	-12.92	COc1nc(-c2cccc(-c3cccc(-c4cnc(CNC[C@H]5CCC(=O)N5)c(OC)n4)c3Cl)c2Cl)cnc1CNCCC1CCOCC1
20	mol227	-12.7	COc1nc(-c2cccc(-c3cccc(-c4cnc(OCCC[C@@H]5CCCO5)c(OC)n4)c3Cl)c2Cl)cnc1CNC[C@H]1CCC(=O)N1
20	mol430	-12.05	COc1nc(-c2cccc(-c3cccc(-c4cnc(CNC5CC5)c(OC)n4)c3Cl)c2Cl)cnc1CNCC[C@H]1CCCO1
20	mol11	-13.02	COc1nc(-c2cccc(-c3cccc(-c4cnc(OCC[C@H]5CCCO5)c(OC)n4)c3Cl)c2Cl)cnc1CNC[C@H]1CCC(=O)N1
20	mol309	-12.55	COc1nc(-c2cccc(-c3cccc(-c4cnc(CNC[C@@H]5CCC(=O)N5)c(OC)n4)c3Cl)c2Cl)cnc1CNCC[C@H]1CCCO1
20	mol139	-12.44	COc1nc(-c2cccc(-c3cccc(-c4cnc(CNC[C@@H]5CCC(=O)N5)c(OC)n4)c3Cl)c2Cl)cnc1CNCC[C@H]1CCCO1
20	mol110	-12.6	COc1nc(-c2cccc(-c3cccc(-c4cnc(CNC[C@@H]5CCC(=O)N5)c(OC)n4)c3Cl)c2Cl)cnc1CNCC[C@H]1CCCO1
20	mol135	-13.02	COc1nc(-c2cccc(-c3cccc(-c4cnc(OCC[C@H]5CCCO5)c(OC)n4)c3Cl)c2Cl)cnc1CNC[C@H]1CCC(=O)N1
20	mol411	-12.47	COc1nc(-c2cccc(-c3cccc(-c4cnc(CNC[C@@H]5CCC(=O)N5)c(OC)n4)c3Cl)c2Cl)cnc1CNCC[C@H]1CCCO1
20	mol9	-12.95	COc1nc(-c2cccc(-c3cccc(-c4cnc(OC[C@H]5CCOC5)c(OC)n4)c3Cl)c2Cl)cnc1CNC[C@H]1CCC(=O)N1
20	mol133	-12.51	COc1nc(-c2cccc(-c3cccc(-c4cnc(CNC[C@@H]5CCC(=O)N5)c(OC)n4)c3Cl)c2Cl)cnc1CNCC[C@H]1CCCO1
20	mol424	-12.41	COc1nc(-c2cccc(-c3cccc(-c4cnc(CNC[C@@H]5CCC(=O)N5)c(OC)n4)c3Cl)c2Cl)cnc1CNCC[C@H]1CCCO1
20	mol147	-13.51	COc1nc(-c2cccc(-c3cccc(-c4cnc(CNC[C@@H]5NC(=O)CO5)c(OC)n4)c3Cl)c2Cl)cnc1CNCC[C@@H]1CCCO1
20	mol90	-12.68	COc1nc(-c2cccc(-c3cccc(-c4cnc(CNC[C@@H]5CCC(=O)N5)c(OC)n4)c3Cl)c2Cl)cnc1CNCC[C@H]1CCCO1
20	mol121	-12.93	COc1nc(-c2cccc(-c3cccc(-c4cnc(OCC[C@H]5CCCO5)c(OC)n4)c3Cl)c2Cl)cnc1CNC[C@H]1CCC(=O)N1
20	mol331	-13.36	COc1nc(-c2cccc(-c3cccc(-c4cccc(CNC[C@H]5CCC(=O)N5)c4)c3Cl)c2Cl)cnc1CNCC[C@@H]1CCCO1
20	mol441	-12.74	COc1nc(-c2cccc(-c3cccc(-c4cnc(CNC[C@@H]5CCC(=O)N5)c(OC)n4)c3Cl)c2Cl)cnc1CNCC[C@H]1CCCO1
20	mol93	-13.11	COc1nc(-c2cccc(-c3cccc(-c4cnc(NCC[C@H]5CCCO5)c(OC)n4)c3Cl)c2Cl)cnc1CNC[C@H]1CCC(=O)N1
20	mol376	-12.17	COc1nc(-c2cnc(CNCCC3CCOCC3)c(OC)n2)ccc1-c1cccc(-c2cnc(CNC[C@H]3CCC(=O)N3)c(OC)n2)c1Cl
20	mol263	-13.29	COc1ncc(-c2cccc(-c3cccc(-c4cnc(CNC[C@@H]5CCC(=O)N5)c(OC)n4)c3Cl)c2Cl)cn1
20	mol312	-12.44	COc1nc(-c2cccc(-c3cccc(-c4cnc(CNC[C@@H]5CCC(=O)N5)c(OC)n4)c3Cl)c2Cl)cnc1CNCC[C@H]1CCCO1
20	mol113	-13.21	COc1nc(-c2cccc(-c3cccc(-c4cnc(CN[C@H]5CCC(=O)N5)c(OC)n4)c3Cl)c2Cl)cnc1CNCC[C@H]1CCCO1
20	mol120	-12.59	COc1nc(-c2cccc(-c3cccc(-c4cnc(CNC[C@@H]5CCC(=O)N5)c(OC)n4)c3Cl)c2Cl)cnc1CNCC[C@H]1CCCO1
20	mol389	-12.46	COc1nc(-c2cccc(-c3cccc(-c4cnc(OC[C@@H]5CCCO5)c(OC)n4)c3Cl)c2Cl)cnc1CNC[C@@H]1CCC(=O)N1
20	mol83	-14.26	Oc1cccc(-c2cccc(-c3cccc(-c4cnc(O)c(O)n4)c3Cl)c2Cl)c1
20	mol2	-12.57	COc1nc(-c2cccc(-c3cccc(-c4cnc(OCCOCCn5cncn5)c(OC)n4)c3Cl)c2Cl)cnc1CNC[C@H]1CCC(=O)NC1
20	mol354	-12.52	COc1nc(-c2cccc(-c3cccc(-c4cnc(CNC[C@@H]5CCC(=O)N5)c(OC)n4)c3Cl)c2Cl)cnc1CNCC[C@H]1CCCO1
20	mol191	-12.5	COc1nc(-c2cccc(-c3cccc(-c4cnc(CNC[C@@H]5CCC(=O)N5)c(OC)n4)c3Cl)c2Cl)cnc1CNCC[C@H]1CCCO1
20	mol466	-12.45	COc1nc(-c2cccc(-c3cccc(-c4cnc(CNC[C@@H]5CCC(=O)N5)c(OC)n4)c3Cl)c2Cl)cnc1CNCC[C@H]1CCCO1
20	mol451	-12.62	COc1nc(-c2cccc(-c3cccc(-c4cnc([C@@H](CCCC[C@@H]5CCC(=O)N5)OC)nc4)c3Cl)c2Cl)cnc1COCC[C@H]1CCCO1
20	mol395	-12.68	COc1nc(-c2cccc(-c3cccc(-c4cnc(CNC[C@@H]5CCC(=O)N5)c(OC)n4)c3Cl)c2Cl)cnc1CNCC[C@H]1CCCO1
20	mol262	-12.81	COc1nc(-c2cccc(-c3cccc(-c4cnc(OCCC5CCOCC5)c(OC)n4)c3Cl)c2Cl)cnc1CNC[C@@H]1CCC(=O)N1
20	mol257	-13.06	COc1nc(-c2cccc(-c3cccc(-c4cnc(NC[C@@H]5CCOC5)c(OC)n4)c3Cl)c2Cl)cnc1CNC[C@@H]1CCC(=O)N1
20	mol485	-12.6	COc1nc(-c2cccc(-c3cccc(-c4cnc(CNCC[C@H]5CCCO5)c(OC)n4)c3Cl)c2Cl)cnc1CNCC[C@@H]1CCC(=O)N1
20	mol142	-12.56	COc1nc(-c2cccc(-c3cccc(-c4cnc(CNC[C@@H]5CCC(=O)N5)c(OC)n4)c3Cl)c2Cl)cnc1CNCC[C@H]1CCCO1
20	mol211	-13.22	COc1cc(-c2cccc(-c3cccc(-c4cnc(CNCC[C@H]5CCCO5)c(OC)n4)c3Cl)c2Cl)cnc1CNC[C@H]1CCC(=O)N1
20	mol66	-12.69	COc1nc(-c2cccc(-c3cccc(-c4cnc(CNC[C@H]5CCC(=O)N5)c(OC)n4)c3Cl)c2Cl)cnc1CNCCC[C@H]1CCCO1
20	mol4	-12.66	COc1nc(-c2cccc(-c3cccc(-c4cnc(OCCC[C@@H]5CCCO5)c(OC)n4)c3Cl)c2Cl)cnc1CNC[C@H]1CCC(=O)N1
20	mol299	-12.69	COc1nc(-c2cccc(-c3cccc(-c4cnc(CNC[C@@H]5CCC(=O)N5)c(OC)n4)c3Cl)c2Cl)cnc1CNCC[C@H]1CCCO1
20	mol378	-12.6	COc1nc(-c2cccc(-c3cccc(-c4cnc(CNC[C@@H]5CCC(=O)N5)c(OC)n4)c3Cl)c2Cl)cnc1CNCC[C@H]1CCCO1
20	mol371	-13.23	COc1ncc(-c2cccc(-c3cccc(-c4cnc(CNC[C@@H]5CCC(=O)N5)c(OC)c4Cl)c3Cl)c2Cl)nn1
20	mol224	-13.0	COc1nc(-c2cccc(-c3cccc(-c4cnc(CN[C@@H]5CCC(=O)N5)c(OC)n4)c3Cl)c2Cl)cnc1CNCCCC1CCOCC1
20	mol417	-12.96	COc1nc(-c2cccc(-c3cccc(-c4cnc([C@@H](C)O)c(OC)n4)c3Cl)c2Cl)cnc1CNCC[C@@H]1CCCO1
20	mol39	-12.54	COc1nc(-c2cccc(-c3cccc(-c4cnc(CNC[C@@H]5CCC(=O)N5)c(OC)n4)c3Cl)c2Cl)cnc1CNCC[C@H]1CCCO1
20	mol496	-12.68	COc1nc(-c2cccc(-c3cccc(-c4cnc(CNC[C@@H]5CCC(=O)N5)c(OC)n4)c3Cl)c2Cl)cnc1CNCC[C@H]1CCCO1
20	mol219	-12.54	COc1nc(-c2cccc(-c3cccc(-c4cnc(CNC[C@@H]5CCC(=O)N5)c(OC)n4)c3Cl)c2Cl)cnc1CNCC[C@H]1CCCO1
20	mol280	-12.8	COc1nc(-c2cccc(-c3cccc(-c4cnc(OCCCn5ccnn5)c(OC)n4)c3Cl)c2Cl)cnc1CNC[C@H]1CCC(=O)N1
20	mol104	-13.13	COc1nc(-c2cccc(-c3cccc(-c4cnc(CNC[C@H]5CCCO5)c(OC)n4)c3Cl)c2Cl)cnc1CNC[C@H]1CCC(=O)N1
20	mol154	-12.71	COc1nc(-c2cccc(-c3cccc(-c4cnc(CNC[C@@H]5CCC(=O)N5)c(OC)n4)c3Cl)c2Cl)cnc1CNCC[C@H]1CCCO1
20	mol447	-12.53	COc1nc(-c2cccc(-c3cccc(-c4cnc(CNC[C@@H]5CCC(=O)N5)c(OC)n4)c3Cl)c2Cl)cnc1CNCC[C@H]1CCCO1
20	mol468	-12.62	COc1nc(-c2cccc(-c3cccc(-c4cnc(CNC[C@@H]5CCC(=O)N5)c(OC)n4)c3Cl)c2Cl)cnc1CNCC[C@H]1CCCO1
20	mol413	-12.57	COc1nc(-c2cccc(-c3cccc(-c4cnc(OCCCn5cncn5)c(OC)n4)c3Cl)c2Cl)cnc1CNC[C@H]1CCC(=O)N1
20	mol269	-13.14	COc1nncc(-c2cccc(-c3cccc(-c4cnc(CNC[C@@H]5CCC(=O)N5)c(OC)n4)c3Cl)c2Cl)n1
20	mol456	-13.03	COc1nc(-c2cccc(-c3cccc(-c4cnc(OCCCn5cnnn5)c(OC)n4)c3Cl)c2Cl)cnc1CNC[C@H]1CCC(=O)N1
20	mol369	-12.58	COc1nc(-c2cccc(-c3cccc(-c4cnc(OCC5CC5)c(OC)n4)c3Cl)c2Cl)cnc1CNC[C@@H]1CCC(=O)N1
20	mol27	-12.95	COc1nc(-c2cccc(-c3cccc(-c4cnc(OCC[C@H]5CCCO5)c(OC)n4)c3Cl)c2Cl)cnc1CNC[C@H]1CCC(=O)N1
20	mol122	-12.6	COc1nc(-c2cccc(-c3cccc(-c4cnc(OCCCn5cncn5)c(OC)n4)c3Cl)c2Cl)cnc1CNC[C@H]1CCC(=O)N1
20	mol178	-13.25	COc1nc(-c2cccc(-c3cccc(-c4cnc(OCC[C@H]5CCOC5)c(OC)n4)c3Cl)c2Cl)cnc1CNC[C@H]1CCC(=O)N1
20	mol446	-13.1	COc1cc(-c2cccc(-c3cccc(-c4cnc(OC[C@H]5CCCO5)c(OC)n4)c3Cl)c2Cl)cnc1CNC[C@@H]1CCC(=O)N1
20	mol42	-12.49	COc1nc(-c2cccc(-c3cccc(-c4cnc(CNC[C@@H]5CCC(=O)N5)c(OC)n4)c3Cl)c2Cl)cnc1CNCC[C@H]1CCCO1
20	mol356	-12.04	COc1nc(-c2cccc(-c3cccc(-c4cnc(OCCCC[C@H]5CCCO5)c(OC)n4)c3Cl)c2Cl)cnc1CNC[C@@H]1CCC(=O)N1
20	mol358	-12.71	COc1ncn(-c2cccc(-c3cccc(-c4cnc(CNC[C@@H]5CCC(=O)N5)c(OC)n4)c3Cl)c2Cl)n1
20	mol181	-12.68	COc1nc(-c2cccc(-c3cccc(-c4cnc(NCCC5CCOCC5)c(OC)n4)c3Cl)c2Cl)cnc1CCNC[C@H]1CCC(=O)N1
20	mol30	-12.9	CCc1ncn(CCCOc2ncc(-c3cccc(-c4cccc(-c5cnc(CNC[C@H]6CCC(=O)N6)c(OC)n5)c4Cl)c3Cl)nc2OC)n1
20	mol170	-12.91	COc1nc(-c2cccc(-c3cccc(-c4cnc(OCC[C@H]5CCCO5)c(OC)n4)c3Cl)c2Cl)cnc1CNC[C@H]1CCC(=O)N1
20	mol205	-12.35	COc1nc(-c2cccc(-c3cccc(-c4cnc(NCCNCCC5CCC5)c(OC)n4)c3Cl)c2Cl)cnc1CNC[C@H]1CCC(=O)N1
20	mol201	-14.07	COc1nc(-c2cccc(-c3cccc(-c4cnc(-n5cnnn5)c(OC)n4)c3Cl)c2Cl)cnc1CNC[C@@H]1CCC(=O)N1
20	mol33	-13.07	COc1nc(-c2cccc(-c3cccc(-c4cnc(CNC[C@H]5CCC(=O)N5)c(OC)n4)c3Cl)c2Cl)cnc1CNCCC1CCCC1
20	mol107	-13.31	COc1nc(-c2cccc(-c3cccc(-c4cnc(COC[C@H]5CCOC5)c(OC)n4)c3Cl)c2Cl)cnc1CNC[C@H]1CCC(=O)N1
20	mol103	-12.41	COc1nc(-c2cccc(Oc3cccc(-c4cnc(NCC[C@H]5CCCO5)c(OC)n4)c3Cl)c2Cl)cnc1CNC[C@H]1CCC(=O)N1
20	mol368	-13.28	COc1nc(-c2cccc(-c3cccc(-c4cnc(OCC[C@H]5CCOC5)c(OC)n4)c3Cl)c2Cl)cnc1CNC[C@H]1CCC(=O)N1
20	mol328	-12.63	COc1nc(-c2cccc(-c3cccc(-c4cn(C)nc4C)c3Cl)c2Cl)cnc1CNCC[C@H]1CCCO1
20	mol46	-13.63	O=C1CCN(Cc2cncc(-c3cccc(-c4cccc(-c5cnc(O)nc5)c4Cl)c3Cl)c2)N1
20	mol131	-12.3	COc1nc(-c2cccc(-c3cccc(-c4cnc(OC[C@@H]5CCCO5)c(OC)n4)c3Cl)c2Cl)cnc1CNC[C@@H]1CCC(=O)N1
20	mol238	-12.55	COc1nc(-c2cccc(-c3cccc(-c4cnc(CNC[C@@H]5CCC(=O)N5)c(OC)n4)c3Cl)c2Cl)cnc1CNCC[C@H]1CCCO1
20	mol436	-12.54	COc1nc(-c2cccc(-c3cccc(-c4cnc(CCNCC[C@@H]5CCCO5)c(C)n4)c3Cl)c2Cl)cnc1CNC[C@@H]1CCC(=O)N1
20	mol243	-12.53	COc1nc(-c2cccc(-c3cccc(-c4cnc(CNC[C@@H]5CCC(=O)N5)c(OC)n4)c3Cl)c2Cl)cnc1CNCC[C@H]1CCCO1
20	mol151	-12.46	COc1nc(-c2cccc(-c3cccc(-c4cnc(CNC[C@@H]5CCC(=O)N5)c(OC)n4)c3Cl)c2Cl)cnc1CNCC[C@H]1CCCO1
20	mol484	-13.32	COc1ncc(-c2cccc(-c3cccc(-c4cnc(CNC[C@@H]5CCC(=O)N5)c(OC)n4)c3Cl)c2Cl)cn1
20	mol214	-13.2	COc1nc(-c2cccc(-c3cccc(-c4cnc(C[C@@H]5CCC(=O)N5)c(OC)n4)c3Cl)c2Cl)cnc1CNCC[C@@H]1CCCO1
20	mol431	-12.54	COc1nc(-c2cccc(-c3cccc(-c4cnc(CNC[C@@H]5CCC(=O)N5)c(OC)n4)c3Cl)c2Cl)cnc1CNCC[C@H]1CCCO1
20	mol74	-12.82	COc1cc(-c2cccc(-c3cccc(-c4cnc(CNC[C@H]5CCC(=O)N5)c(OC)n4)c3Cl)c2Cl)cnn1
20	mol375	-12.52	COc1nc(CCCCO)nc(-c2cccc(-c3cccc(-c4cnc(CNC[C@@H]5CCC(=O)N5)c(OC)n4)c3Cl)c2Cl)n1
20	mol79	-12.96	COc1nc(-c2cccc(-c3cccc(-c4cnc(OCC[C@H]5CCCO5)c(OC)n4)c3Cl)c2Cl)cnc1CNC[C@H]1CCC(=O)N1
20	mol463	-13.25	COc1nc(-c2cccc(-c3cccc(-c4cnc(OCC[C@H]5CCOCO5)c(OC)n4)c3Cl)c2Cl)cnc1CNC[C@@H]1CCC(=O)N1
20	mol71	-12.91	COc1nc(-c2cccc(-c3cccc(-c4cnc(OCC[C@H]5CCCO5)c(OC)n4)c3Cl)c2Cl)cnc1CNC[C@H]1CCC(=O)N1
20	mol98	-12.55	COc1nc(-c2cccc(-c3cccc(-c4cnc(CNC[C@@H]5CCC(=O)N5)c(OC)n4)c3Cl)c2Cl)cnc1CNCC[C@H]1CCCO1
20	mol87	-12.54	COc1nc(-c2cccc(-c3cccc(-c4cnc(OCCCn5cnc(CCC(C)(C)O)n5)c(OC)n4)c3Cl)c2Cl)cnc1CNC[C@H]1CCC(=O)N1
20	mol486	-12.69	COc1nc(-c2cccc(-c3cccc(-c4cn(C)nc4C)c3Cl)c2Cl)cnc1CNCC[C@H]1CCCO1
20	mol265	-12.69	COc1nc(-c2cccc(-c3cccc(-c4cnc(OCCC[C@@H]5CCCO5)c(OC)n4)c3Cl)c2Cl)cnc1CNC[C@H]1CCC(=O)N1
20	mol58	-12.59	COc1nc(-c2cccc(-c3cccc(-c4cnc(CNC[C@@H]5CCC(=O)N5)c(OC)n4)c3Cl)c2Cl)cnc1CNCC[C@H]1CCCO1
20	mol248	-12.32	COc1nc(-c2cnc(-c3cccc(-c4cnc(CN[C@H]5CCC(=O)N5)c(OC)n4)c3Cl)cn2)cnc1CNCC[C@@H]1CCCO1
20	mol315	-13.13	COc1nc(-c2cccc(-c3cccc(-c4cnc(OC[C@H]5CCOC5)c(OC)n4)c3Cl)c2Cl)cnc1CNC[C@H]1CCC(=O)N1
20	mol183	-13.42	COc1nc(-c2cccc(-c3cccc(-c4cnc(CN[C@H]5CCC(=O)N5)c(OC)n4)c3Cl)c2Cl)cnc1CNCC[C@H]1CCCO1
20	mol226	-12.73	COc1ncn(-c2cccc(-c3cccc(-c4cnc(CNC[C@@H]5CCC(=O)N5)c(OC)n4)c3Cl)c2Cl)n1
20	mol82	-13.46	Oc1cncc(-c2cccc(-c3cccc(-c4cnc(Cl)c(O)n4)c3Cl)c2Cl)c1
20	mol476	-13.09	CO/C1=N/C(c2ccc(-c3cccc(-c4cnc(CNC[C@@H]5CCC(=O)N5)c(OC)n4)c3Cl)cc2Cl)=N\C2=N/OCCC[C@@H]1CCNC2
20	mol454	-12.66	COc1nc(-c2cccc(-c3cccc(-c4cnc(CNC[C@@H]5CCC(=O)N5)c(OC)n4)c3Cl)c2Cl)cnc1CNCC[C@H]1CCCO1
20	mol432	-12.68	COc1nc(-c2cccc(-c3cccc(-c4cnc(OCCC[C@@H]5CCCO5)c(OC)n4)c3Cl)c2Cl)cnc1CNC[C@H]1CCC(=O)N1
20	mol134	-13.06	COc1nc(-c2cccc(-c3cccc(-c4cnc(OCC[C@H]5CCCO5)c(OC)n4)c3Cl)c2Cl)cnc1CNC[C@H]1CCC(=O)N1
20	mol460	-12.52	COc1nc(-c2cccc(-c3cccc(-c4cnc(CNC[C@@H]5CCC(=O)N5)c(OC)n4)c3Cl)c2Cl)cnc1CNCC[C@H]1CCCO1
20	mol343	-12.53	COc1nc(-c2cccc(-c3cccc(-c4cnc(CNC[C@@H]5CCC(=O)N5)c(OC)n4)c3Cl)c2Cl)cnc1CNCC[C@H]1CCCO1
20	mol364	-12.6	COc1nc(-c2cccc(-c3cccc(-c4cnc(CNC[C@@H]5CCC(=O)N5)c(OC)n4)c3Cl)c2Cl)cnc1CNCC[C@H]1CCCO1
20	mol116	-13.17	COc1nncc(-c2cccc(-c3cccc(-c4cnc(CNC[C@@H]5CCC(=O)N5)c(OC)n4)c3Cl)c2Cl)n1
20	mol127	-13.16	COc1ncnc(-c2cccc(-c3cccc(-c4cnc(CNC[C@H]5CCC(=O)N5)c(OC)n4)c3Cl)c2Cl)n1
20	mol277	-12.78	COc1nc(-c2cccc(-c3cccc(-c4cnc(CNC[C@@H]5CCC(=O)N5)c(OC)n4)c3Cl)c2Cl)cnc1CNCC[C@H]1CCCO1
20	mol176	-13.51	COc1nc(-c2cccc(-c3cccc(-c4cnc(CNC[C@H]5CCC(=O)N5)c(OC)n4)c3Cl)c2Cl)cnc1CC[C@H]1CCCO1
20	mol123	-12.51	COc1nc(-c2cccc(-c3cccc(-c4cnc(CNCC[C@@H]5CCCO5)c(OC)n4)c3Cl)c2)cnc1CNC[C@@H]1CCC(=O)N1
20	mol305	-12.18	COc1nc(-c2ccc(-c3cccc(-c4cccc(CNC[C@H]5CCC(=O)N5)c4Cl)c3Cl)cn2)cnc1CNCC[C@H]1CCCO1
20	mol279	-12.34	COc1nc(-c2cccc(-c3cccc(-c4cnc(C(C)(C)C)nc4)c3Cl)c2Cl)cnc1N1CCOCC1
20	mol497	-12.32	COc1nc(-c2cccc(-c3cccc(-c4cnc(OCCCNC[C@@H]5CCOC5)c(OC)n4)c3Cl)c2Cl)cnc1CNC[C@@H]1CCC(=O)N1
20	mol158	-13.45	COc1nc(-c2cccc(-c3cccc(-c4cnn(C[C@@H]5CCC(=O)N5)c4Cl)c3Cl)c2Cl)cnc1CNCCC1CCOCC1
20	mol465	-12.92	COc1nc(-c2cccc(-c3cccc(-c4cnc(OCC[C@H]5CCCO5)c(OC)n4)c3Cl)c2Cl)cnc1CNC[C@H]1CCC(=O)N1
20	mol43	-12.13	COc1cnn(-c2cccc(-c3cccc(-c4cnc(CNC[C@H]5CCC(=O)N5)c(OC)n4)c3Cl)n2)c1
20	mol124	-12.53	COc1nc(-c2cccc(-c3cccc(-c4cnc(CNC[C@@H]5CCC(=O)N5)c(OC)n4)c3Cl)c2Cl)cnc1CNCC[C@H]1CCCO1
20	mol85	-13.05	COc1nc(-c2cccc(-c3cccc(-c4cnc(NCC[C@H]5CCCO5)c(OC)n4)c3Cl)c2Cl)cnc1CNC[C@H]1CCC(=O)N1
30	mol443	-13.14	COc1nncc(-c2cccc(-c3cccc(-c4cnc(CNC[C@@H]5CCC(=O)N5)c(OC)n4)c3Cl)c2Cl)n1
30	mol114	-12.21	COc1nc(-c2ccc(-c3cccc(-c4cccc(CNC[C@H]5CCC(=O)N5)c4)c3Cl)cn2)cnc1CNCC[C@@H]1CCCO1
30	mol25	-12.31	COc1nc(-c2ccc(-c3cccc(-c4cnc(CNC[C@H]5CCC(=O)N5)c(OC)n4)c3Cl)cc2Cl)cnc1CNCC[C@H]1CCCO1
30	mol210	-12.57	COc1nc(-c2cccc(-c3cccc(-c4cnc(OC[C@@H]5CCCO5)c(OC)n4)c3Cl)c2Cl)cnc1CNC[C@@H]1CCC(=O)N1
30	mol225	-12.64	COc1nc(-c2cccc(-c3cccc(-c4cnc(CNC[C@@H]5CCC(=O)N5)c(OC)n4)c3Cl)c2Cl)cnc1CNCC[C@H]1CCCO1
30	mol437	-12.97	COc1nc(-c2cccc(-c3cccc(-c4cnc([C@@H](C)O)c(OC)n4)c3Cl)c2Cl)cnc1CNCC[C@@H]1CCCO1
30	mol10	-12.39	COc1nc(-c2ccc(-c3cccc(-c4cnc(CNC[C@H]5CCC(=O)N5)c(OC)n4)c3Cl)cc2Cl)cnc1CNCC[C@H]1CCCO1
30	mol75	-12.46	COc1nc(-c2cccc(-c3cccc(-c4cnc(CNC[C@@H]5CCC(=O)N5)c(OC)n4)c3Cl)c2Cl)cnc1CNCC[C@H]1CCCO1
30	mol284	-12.58	COc1nc(-c2cccc(-c3cccc(-c4cnc(CNC[C@@H]5CCC(=O)N5)c(OC)n4)c3Cl)c2Cl)cnc1CNCC[C@H]1CCCO1
30	mol400	-12.43	COc1nc(-c2cccc(-c3cccc(-c4cnc(CNC[C@@H]5CCC(=O)N5)c(OC)n4)c3Cl)c2Cl)cnc1CNCC[C@H]1CCCO1
30	mol346	-12.65	COc1nc(-c2cccc(-c3cccc(-c4cnc(CNC[C@@H]5CCC(=O)N5)c(OC)n4)c3Cl)c2Cl)cnc1CNCC[C@H]1CCCO1
30	mol391	-12.28	COc1nc(-c2cccc(-c3cccc(-c4cnc(CNCC5CC5)c(OC)n4)c3Cl)c2Cl)cnc1CNCC[C@@H]1CCCO1
30	mol273	-12.44	COc1nc(-c2cccc(-c3cccc(-c4cnc(CNC[C@@H]5CCC(=O)N5)c(OC)n4)c3Cl)c2Cl)cnc1CNCC[C@H]1CCCO1
30	mol99	-13.05	COc1nc(-c2cccc(-c3cccc(-c4cnc(CNC[C@@H]5CCC(=O)N5)c(OC)n4)c3Cl)c2Cl)cnc1CNCC[C@H]1CCCCO1
30	mol156	-13.31	COc1nc(-c2cccc(-c3cccc(-c4cnc(CNC[C@@H]5CCC(=O)N5)c(OC)n4)c3Cl)c2Cl)cnc1CNCC[C@H]1CCCOC1
30	mol68	-12.67	COc1nc(-c2cccc(-c3cccc(-c4cnc(CNC[C@@H]5CCC(=O)N5)c(OC)n4)c3Cl)c2Cl)cnc1CNCC[C@H]1CCCO1
30	mol481	-12.61	COc1nc(-c2cccc(-c3cccc(-c4cnc(CNC[C@@H]5CCC(=O)N5)c(OC)n4)c3Cl)c2Cl)cnc1CNCC[C@H]1CCCO1
30	mol203	-12.56	COc1nc(-c2cccc(-c3cccc(-c4cnc(CNC[C@@H]5CCC(=O)N5)c(OC)n4)c3Cl)c2Cl)cnc1CNCC[C@H]1CCCO1
30	mol401	-13.21	COc1nc(-c2cccc(-c3cccc(-c4cnc(CN[C@H]5CCC(=O)N5)c(OC)n4)c3Cl)c2Cl)cnc1CNCC[C@H]1CCCO1
30	mol254	-13.3	COc1ncc(-c2cccc(-c3cccc(-c4cnc(CNC[C@@H]5CCC(=O)N5)c(OC)n4)c3Cl)c2Cl)cn1
30	mol84	-12.89	COc1nc(-c2cccc(-c3cccc(-c4cnc(OCC[C@H]5CCCO5)c(OC)n4)c3Cl)c2Cl)cnc1CNC[C@H]1CCC(=O)N1
30	mol6	-12.65	COc1nc(-c2cccc(-c3cccc(-c4cnc(CNC[C@@H]5CCC(=O)N5)c(OC)n4)c3Cl)c2Cl)cnc1CNCC[C@H]1CCCO1
30	mol405	-12.62	COc1nc(-c2cccc(-c3cccc(-c4cnc(CNC[C@@H]5CCC(=O)N5)c(OC)n4)c3Cl)c2Cl)cnc1CNCC[C@H]1CCCO1
30	mol324	-12.63	COc1nc(-c2cccc(-c3cccc(-c4cnc(CNC[C@@H]5CCC(=O)N5)c(OC)n4)c3Cl)c2Cl)cnc1CNCC[C@H]1CCCO1
30	mol141	-13.27	COc1nc(-c2cccc(-c3cccc(-c4cnc(OCC[C@H]5CCOC5)c(OC)n4)c3Cl)c2Cl)cnc1CNC[C@H]1CCC(=O)N1
30	mol425	-12.67	COc1nc(-c2cccc(-c3cccc(-c4cnc(CNC[C@@H]5CCC(=O)N5)c(OC)n4)c3Cl)c2Cl)cnc1CNCC[C@H]1CCCO1
30	mol175	-12.65	COc1nc(-c2cccc(-c3cccc(-c4cnc(CNC[C@@H]5CCC(=O)N5)c(OC)n4)c3Cl)c2Cl)cnc1CNCC[C@H]1CCCO1
30	mol55	-13.79	COc1nc(-c2cccc(-c3cccc(-c4cnc(C[C@@H]5CCCO5)c(OC)n4)c3Cl)c2Cl)cnc1CNC[C@@H]1CCC(=O)N1
30	mol298	-12.72	COc1nc(-c2cccc(-c3cccc(-c4cnc(CNC[C@@H]5CCC(=O)N5)c(OC)n4)c3Cl)c2Cl)cnc1CNCC[C@H]1CCCO1
30	mol153	-12.54	COc1nc(-c2cccc(-c3cccc(-c4cnc(CNC[C@@H]5CCC(=O)N5)c(OC)n4)c3Cl)c2Cl)cnc1CNCC[C@H]1CCCO1
30	mol289	-12.62	COc1nc(-c2cccc(-c3cccc(-c4cnc(CNC[C@@H]5CCC(=O)N5)c(OC)n4)c3Cl)c2Cl)cnc1CNCC[C@H]1CCCO1
30	mol423	-12.91	COc1nc(-c2cccc(-c3cccc(-c4cnc(CNC[C@H]5CCC(=O)N5)c(OC)n4)c3Cl)c2Cl)cnc1CNCCC1CCOCC1
30	mol256	-12.73	COc1ncn(-c2cccc(-c3cccc(-c4cnc(CNC[C@@H]5CCC(=O)N5)c(OC)n4)c3Cl)c2Cl)n1
30	mol108	-12.5	COc1nc(-c2cccc(-c3cccc(-c4cnc(OC[C@@H]5CCCO5)c(OC)n4)c3Cl)c2Cl)cnc1CNC[C@@H]1CCC(=O)N1
30	mol384	-12.68	COc1nc(-c2cccc(-c3cccc(-c4cnn(C)c4)c3Cl)c2Cl)cnc1CNCC[C@@H]1CCCO1
30	mol477	-12.71	COc1nc(-c2cccc(-c3cccc(-c4cnc(CNC[C@@H]5CCC(=O)N5)c(OC)n4)c3Cl)c2Cl)cnc1CNCC[C@H]1CCCO1
30	mol92	-12.63	COCCOc1nc(-c2cccc(-c3cccc(-c4cnc(CNC[C@@H]5CCC(=O)N5)c(OC)n4)c3Cl)c2Cl)cnc1CNCC[C@H]1CCCO1
30	mol459	-13.2	COc1nc(-c2cccc(-c3cccc(-c4cnc(OCC[C@H]5CCOC5)c(OC)n4)c3Cl)c2Cl)cnc1CNC[C@H]1CCC(=O)N1
30	mol193	-12.18	COc1nc(-c2cccc(-c3cccc(-c4cnc(OCCCNCC[C@@H]5CCCO5)c(OC)n4)c3Cl)c2Cl)cnc1CNC[C@H]1CCC(=O)N1
30	mol301	-12.73	COc1nc(-c2cccc(-c3cccc(-c4cnc(CNC[C@@H]5CCC(=O)N5)c(OC)n4)c3Cl)c2Cl)cnc1CNCC[C@H]1CCCO1
30	mol347	-12.59	COc1nc(-c2cccc(-c3cccc(-c4cnc(CNC[C@@H]5CCC(=O)N5)c(OC)n4)c3Cl)c2Cl)cnc1CNCC[C@H]1CCCO1
30	mol367	-12.07	COc1nc(-c2cccc(-c3cccc(-c4cn(CCCCCC(=O)N5CCC(=O)N5)c(OC)n4)c3Cl)c2Cl)cnc1CNCC[C@@H]1CCCO1
30	mol51	-12.53	COc1nc(-c2cccc(-c3cccc(-c4cnc(OC[C@@H]5CCCO5)c(OC)n4)c3Cl)c2Cl)cnc1CNC[C@@H]1CCC(=O)N1
30	mol73	-12.72	COc1nc(-c2cccc(-c3cccc(-c4cnc(CNC[C@@H]5CCC(=O)N5)c(OC)n4)c3Cl)c2Cl)cnc1CNCC[C@H]1CCCO1
30	mol408	-12.53	COc1nc(-c2cccc(-c3cccc(-c4cnc(CNC[C@@H]5CCC(=O)N5)c(OC)n4)c3Cl)c2Cl)cnc1CNCC[C@H]1CCCO1
30	mol320	-12.64	COc1nc(-c2cccc(-c3cccc(-c4cnc(CNC[C@@H]5CCC(=O)N5)c(OC)n4)c3Cl)c2Cl)cnc1CNCC[C@H]1CCCO1
30	mol35	-13.31	COc1cc(-c2cccc(-c3cccc(-c4cnc(CNCC[C@H]5CCCO5)c(OC)n4)c3Cl)c2Cl)cnc1CNC[C@H]1CCC(=O)N1
30	mol192	-13.43	COc1nc(-c2cccc(-c3cccc(-c4cnc([C@@H](CC(=O)O)[C@@H]5CCC(=O)N5)c(OC)n4)c3Cl)c2Cl)cnc1CNCC[C@H]1CCCO1
30	mol52	-12.88	O[C@H]1CC[C@@H](NCc2cnc(-c3cccc(-c4cccc(-c5c[nH]cn5)c4Cl)c3Cl)cn2)C1
30	mol155	-13.05	COc1nc(-c2cccc(-c3cccc(-c4cnc(CNC[C@H]5CCC(=O)N5)cn4)c3Cl)c2Cl)cnc1OC[C@@H]1CCOC1
30	mol348	-12.41	COCCOc1nc(-c2cccc(-c3cccc(-c4cnc(CNC[C@@H]5CCC(=O)N5)c(OC)n4)c3Cl)c2Cl)cnc1CNCC[C@H]1CCCO1
30	mol81	-13.21	COc1nc(-c2cccc(-c3cccc(-c4cn(C)cn4)c3Cl)c2Cl)cnc1CNC[C@H]1CCC(=O)N1
30	mol306	-12.64	COc1nc(-c2cccc(-c3cccc(-c4cnc(CNCC[C@@H]5CCCO5)c(OC)n4)c3Cl)c2)cnc1CNC[C@@H]1CCC(=O)N1
30	mol241	-12.55	COc1nc(-c2cccc(-c3cccc(-c4cnc(CNC[C@@H]5CCC(=O)N5)c(OC)n4)c3Cl)c2Cl)cnc1CNCC[C@H]1CCCO1
30	mol390	-12.48	COc1nc(-c2cccc(-c3cccc(-c4cnc(CNC[C@@H]5CCC(=O)N5)c(OC)n4)c3Cl)c2Cl)cnc1CNCC[C@H]1CCCO1
30	mol255	-12.43	COCCOc1nc(-c2cccc(-c3cccc(-c4cnc(CNC[C@@H]5CCC(=O)N5)c(OC)n4)c3Cl)c2Cl)cnc1CNCC[C@H]1CCCO1
30	mol106	-13.08	COc1nc(-c2cccc(-c3cccc(-c4cnc(CNC[C@H]5CCC(=O)N5)c(OC)n4)c3Cl)c2Cl)cnc1CNCCC1CCC1
30	mol222	-12.69	COc1nc(-c2cccc(-c3cccc(-c4cnc(CNC[C@@H]5CCC(=O)N5)c(OC)n4)c3Cl)c2Cl)cnc1CNCC[C@H]1CCCO1
30	mol21	-12.04	COc1nc(-c2ccc(-c3cccc(-c4cnc(CNCC[C@@H]5CCCO5)c(OC)n4)c3Cl)c(Cl)c2)cnc1CNC[C@@H]1CCC(=O)N1
30	mol365	-12.69	COc1nc(-c2cccc(-c3cccc(-c4cnc(CC(=O)O)c(OC)n4)c3Cl)c2Cl)cnc1CNCCCC1CCOCC1
30	mol470	-12.61	COc1nc(-c2cccc(-c3cccc(-c4cnc(CNC[C@@H]5CCC(=O)N5)c(OC)n4)c3Cl)c2Cl)cnc1CNCC[C@H]1CCCO1
30	mol492	-12.72	COc1nc(-c2cccc(-c3cccc(-c4cnc(CNC[C@@H]5CCC(=O)N5)c(OC)n4)c3Cl)c2Cl)cnc1CNCC[C@H]1CCCO1
30	mol24	-12.53	COc1nc(-c2cccc(-c3cccc(-c4cnc(CNC[C@@H]5CCC(=O)N5)c(OC)n4)c3Cl)c2Cl)cnc1CNCC[C@H]1CCCO1
30	mol471	-13.29	COc1nc(-c2cccc(-c3cccc(-c4cnc(CN[C@H]5CCC(=O)N5)c(OC)n4)c3Cl)c2Cl)cnc1CNCC[C@H]1CCCO1
30	mol379	-12.64	COc1nc(-c2cccc(-c3cccc(-c4cnc(CNC[C@@H]5CCC(=O)N5)c(OC)n4)c3Cl)c2Cl)cnc1CNCC[C@H]1CCCO1
30	mol473	-12.95	COc1nc(-c2cccc(-c3cccc(-c4cnc(OCC[C@H]5CCCO5)c(OC)n4)c3Cl)c2Cl)cnc1CNC[C@H]1CCC(=O)N1
30	mol414	-12.52	COc1nc(-c2cccc(-c3cccc(-c4cnc(CNC[C@@H]5CCC(=O)N5)c(OC)n4)c3Cl)c2Cl)cnc1CNCC[C@H]1CCCO1
30	mol149	-13.28	COc1nc(-c2cccc(-c3cccc(-c4cnc(OCC[C@H]5CCOC5)c(OC)n4)c3Cl)c2Cl)cnc1CNC[C@H]1CCC(=O)N1
30	mol467	-12.4	COc1nc(-c2cccc(-c3cccc(-c4cn(C)nn4)c3Cl)c2Cl)cnc1CNCC[C@@H]1CCCO1
30	mol380	-12.56	COc1nc(-c2cccc(-c3cccc(-c4cnc(CNC[C@@H]5CCC(=O)N5)c(OC)n4)c3Cl)c2Cl)cnc1CNCC[C@H]1CCCO1
30	mol319	-12.45	COc1nc(-c2cccc(-c3cccc(-c4cnc(OCCn5cnc(CNCCCO)c5)c(OC)n4)c3Cl)c2Cl)cnc1CNC[C@@H]1CCC(=O)N1
30	mol276	-12.68	COc1nc(-c2cccc(-c3cccc(-c4cnc(CNC[C@@H]5CCC(=O)N5)c(OC)n4)c3Cl)c2Cl)cnc1CNCC[C@H]1CCCO1
30	mol112	-12.2	COc1nc(-c2cccc(-c3cccc(-c4cnc(O/C5=C/C=N\C6=C(\C)OCCC[C@@H]5CCNC6)c(OC)n4)c3Cl)c2Cl)cnc1CNC[C@@H]1CCC(=O)N1
30	mol374	-12.72	COc1nc(-c2cccc(-c3cccc(-c4cnc(OC[C@H]5CCOC5)c(OC)n4)c3Cl)c2Cl)cnc1CCNC[C@@H]1CCC(=O)N1
30	mol336	-12.67	COc1nc(-c2cccc(-c3cccc(-c4cnc(CNC[C@@H]5CCC(=O)N5)c(OC)n4)c3Cl)c2Cl)cnc1CNCC[C@H]1CCCO1
30	mol479	-12.23	COc1nc(-c2cccc(-c3ccc(-c4cnc(OCC[C@H]5CCCO5)c(OC)n4)c(Cl)c3)c2Cl)cnc1CNC[C@H]1CCC(=O)N1
30	mol163	-12.5	COc1nc(-c2cccc(-c3cccc(-c4cnc(OC[C@@H]5CCCO5)c(OC)n4)c3Cl)c2Cl)cnc1CNC[C@@H]1CCC(=O)N1
30	mol261	-12.2	COc1nncc(-c2ccc(-c3cccc(-c4cnc(CNC[C@H]5CCC(=O)N5)c(OC)c4)c3Cl)cn2)n1
30	mol237	-12.65	COc1nc(-c2ccc(-c3cccc(-c4cnc(CN[C@H]5CCC(=O)N5)c(OC)n4)c3Cl)cc2C(=O)O)cnc1CNCC[C@@H]1CCCO1
30	mol67	-12.57	COc1nc(-c2cccc(-c3cccc(-c4cnc(CNC[C@@H]5CCC(=O)N5)c(OC)n4)c3Cl)c2Cl)cnc1CNCC[C@H]1CCCO1
30	mol143	-12.53	COc1nc(-c2cccc(-c3cccc(-c4cnc(OC[C@@H]5CCCO5)c(OC)n4)c3Cl)c2Cl)cnc1CNC[C@@H]1CCC(=O)N1
30	mol94	-12.52	COc1nc(-c2cccc(-c3cccc(-c4cnc(CNC[C@@H]5CCC(=O)N5)c(OC)n4)c3Cl)c2Cl)cnc1CNCC[C@H]1CCCO1
30	mol385	-12.58	COc1nc(-c2cccc(-c3cccc(-c4cnc(CNC[C@@H]5CCC(=O)N5)cn4)c3Cl)c2Cl)cnc1CNCC[C@H]1CCCO1
30	mol14	-12.48	COc1nc(-c2cccc(-c3cccc(-c4cnc(CNC[C@@H]5CCC(=O)N5)c(OC)n4)c3Cl)c2Cl)cnc1CNCC[C@H]1CCCO1
30	mol53	-12.55	COc1nc(-c2ccc(-c3cccc(-c4cnc(CNC[C@H]5CCC(=O)N5)c(OC)n4)c3Cl)cc2Cl)cnc1CNCC[C@H]1CCCO1
30	mol236	-13.76	COc1nc(-c2cccc(-c3cccc(-c4cnc([C@H]5CC[C@@H](OC)CC5)c(OC)n4)c3Cl)c2Cl)cnc1CNC[C@H]1CCC(=O)N1
30	mol199	-13.28	COc1nc(-c2cccc(-c3cccc(-c4cnc(OCC[C@H]5CCOC5)c(OC)n4)c3Cl)c2Cl)cnc1CNC[C@H]1CCC(=O)N1
30	mol69	-12.47	COc1nc(-c2cccc(-c3cccc(-c4cnc(OC[C@@H]5CCCO5)c(OC)n4)c3Cl)c2Cl)cnc1CNC[C@@H]1CCC(=O)N1
30	mol179	-12.68	COc1nc(-c2cccc(-c3cccc(-c4cn(C[C@@H]5CCC(=O)N5)c(C[C@@H]5CCC(=O)N5)n4)c3Cl)c2Cl)cnc1CNCC[C@H]1CCCO1
30	mol349	-12.53	CCOc1nc(-c2cccc(-c3cccc(-c4cnc(CNC[C@H]5CCC(=O)N5)c(OC)n4)c3Cl)c2Cl)cnc1CNCC[C@@H]1CCCO1
30	mol100	-12.79	COc1nc(-c2cccc(-c3cccc(-c4cnc(CNCC[C@H]5CCCO5)c(OC)n4)c3Cl)c2Cl)cnc1CCNC[C@@H]1CCC(=O)N1
30	mol132	-12.66	COc1nc(-c2cccc(-c3cccc(-c4cnc(CNC[C@@H]5CCC(=O)N5)c(OC)n4)c3Cl)c2Cl)cnc1CNCC[C@H]1CCCO1
30	mol295	-12.54	COc1nc(-c2cccc(-c3cccc(-c4cnc(CNC[C@@H]5CCC(=O)N5)c(OC)n4)c3Cl)c2Cl)cnc1CNCC[C@H]1CCCO1
30	mol20	-12.53	COc1nc(-c2cccc(-c3cccc(-c4cnc(CNCC[C@H]5CCCO5)c(OC)n4)c3Cl)c2Cl)cnc1CNCC[C@@H]1CCC(=O)N1
30	mol321	-12.07	COc1nc(-c2ccc(-c3cccc(-c4cnc(OCC[C@H]5CCCO5)c(OC)n4)c3Cl)c(Cl)c2)cnc1CNC[C@@H]1CCC(=O)N1
30	mol345	-12.94	COc1nc(-c2cccc(-c3cccc(-c4cnc(OCC[C@H]5CCCO5)c(OC)n4)c3Cl)c2Cl)cnc1CNC[C@H]1CCC(=O)N1
30	mol313	-12.96	COc1nc(-c2cccc(-c3cccc(-c4cnc(OCC[C@H]5CCCO5)c(OC)n4)c3Cl)c2Cl)cnc1CNC[C@H]1CCC(=O)N1
30	mol335	-12.58	COc1nc(-c2cccc(-c3cccc(-c4cnc(CNC[C@@H]5CCC(=O)N5)c(OC)n4)c3Cl)c2Cl)cnc1CNCC[C@H]1CCCO1
30	mol427	-13.96	COc1nc(-c2cccc(-c3cccc(-c4cnc([C@H]5CCCO5)c(O)n4)c3Cl)c2Cl)cnc1CN[C@H]1CCC(=O)N1
30	mol209	-12.96	COc1nc(-c2cccc(-c3cccc(-c4cnc(NCC[C@H]5CCCO5)c(OC)n4)c3Cl)c2Cl)cnc1CNC[C@H]1CCC(=O)N1
30	mol281	-12.5	COc1nc(-c2ccc(-c3cccc(-c4cnc(CNC[C@H]5CCC(=O)N5)c(OC)n4)c3Cl)cc2Cl)cnc1CNCC[C@H]1CCCO1
30	mol296	-12.53	COc1nc(-c2cccc(-c3cccc(-c4cnc(CNC[C@@H]5CCC(=O)N5)c(OC)n4)c3Cl)c2Cl)cnc1CNCC[C@H]1CCCO1
30	mol128	-12.53	COc1nc(-c2cccc(-c3cccc(-c4cnc(CNC[C@@H]5CCC(=O)N5)c(OC)n4)c3Cl)c2Cl)cnc1CNCC[C@H]1CCCO1
30	mol130	-13.1	COc1nc(-c2cccc(-c3cccc(-c4cnc([C@@H]5CCC(=O)N5)c(OC)n4)c3Cl)c2Cl)cnc1OC[C@H]1CCCO1
30	mol126	-12.61	COc1nc(-c2cccc(-c3cccc(-c4cnc(C(C)(C)C)c(OC[C@H]5CCC(=O)N5)c4)c3Cl)c2Cl)cnc1CNCC[C@@H]1CCCO1
30	mol86	-13.3	COc1nc(-c2cccc(-c3cccc(-c4cnc(CNCC[C@@H]5CCCO5)c(OC)n4)c3Cl)c2Cl)ncc1CNC(=O)[C@@H]1CC(=O)N1
30	mol267	-12.54	COc1nc(-c2cccc(-c3cccc(-c4cnc(CNC[C@@H]5CCC(=O)N5)c(OC)n4)c3Cl)c2Cl)cnc1CNCC[C@H]1CCCO1
30	mol387	-12.63	COc1nc(-c2cccc(-c3cccc(-c4cnc(CNC[C@@H]5CCC(=O)N5)c(OC)n4)c3Cl)c2Cl)cnc1CNCC[C@H]1CCCO1
30	mol407	-12.56	COc1nc(-c2cccc(-c3cccc(-c4cnc(CNC[C@@H]5CCC(=O)N5)c(OC)n4)c3Cl)c2Cl)cnc1CNCC[C@H]1CCCO1
30	mol272	-12.97	COc1nc(-c2cccc(-c3cccc(-c4cnc([C@H]5CCC(=O)N5)c(OC)n4)c3Cl)c2Cl)cnc1CNCC[C@@H]1CCCO1
30	mol383	-12.85	COc1cc(-c2cccc(-c3cccc(-c4cnc(OCC[C@H]5CCCO5)c(OC)n4)c3Cl)c2Cl)ccc1CNC[C@@H]1CC(=O)O1
30	mol377	-13.26	COc1nc(-c2cccc(-c3cccc(-c4cnc(CN[C@@H]5CCC(=O)N5)c(OC)n4)c3Cl)c2Cl)cnc1CNC[C@H]1CCCO1
30	mol337	-12.52	COc1nc(-c2cccc(-c3cccc(-c4cnc(OC[C@@H]5CCCO5)c(OC)n4)c3Cl)c2Cl)cnc1CNC[C@@H]1CCC(=O)N1
30	mol60	-12.55	COc1nc(-c2cccc(-c3cccc(-c4cnc(OC[C@@H]5CCCO5)c(OC)n4)c3Cl)c2Cl)cnc1CNC[C@@H]1CCC(=O)N1
30	mol169	-12.45	COc1nc(-c2cccc(-c3cccc(-c4cnc(CNC[C@@H]5CCC(=O)N5)c(OC)n4)c3Cl)c2Cl)cnc1CNCC[C@H]1CCCO1
30	mol50	-12.68	COc1nc(-c2cccc(-c3cccc(-c4cnc(CNC[C@@H]5CCC(=O)N5)c(OC)n4)c3Cl)c2Cl)cnc1CNCC[C@H]1CCCO1
30	mol240	-12.67	COc1nc(-c2cccc(-c3cccc(-c4cnn(C)c4)c3Cl)c2Cl)cnc1CNCC[C@@H]1CCCO1
30	mol445	-12.91	COc1nc(-c2cccc(-c3cccc(-c4cnc(CNC[C@H]5CCCO5)c(OC)n4)c3Cl)c2)cnc1CNC[C@H]1CCC(=O)N1
30	mol327	-12.59	COc1nc(-c2cccc(-c3cccc(-c4cnc(CNC[C@@H]5CCC(=O)N5)c(OC)n4)c3Cl)c2Cl)cnc1CNCC[C@H]1CCCO1
30	mol325	-12.53	COc1nc(-c2cccc(-c3cccc(-c4cnc(OC[C@@H]5CCCO5)c(OC)n4)c3Cl)c2Cl)cnc1CNC[C@@H]1CCC(=O)N1
30	mol111	-12.89	COc1nc(-c2cccc(-c3cccc(-c4cn(C[C@@H]5CCCO5)c(C)n4)c3Cl)c2Cl)cnc1CNC[C@@H]1CCC(=O)N1
30	mol189	-12.57	COc1nc(-c2cccc(-c3cccc(-c4cnc(CNC[C@@H]5CCC(=O)N5)c(OC)n4)c3Cl)c2Cl)cnc1CNCC[C@H]1CCCO1
30	mol59	-13.26	COc1nc(-c2cccc(-c3cccc(-c4cnc(OCC[C@H]5CCOC5)c(OC)n4)c3Cl)c2Cl)cnc1CNC[C@H]1CCC(=O)N1
30	mol136	-13.0	COc1nc(-c2cccc(-c3cccc(-c4cnc(NCC[C@H]5CCCO5)c(OC)n4)c3Cl)c2Cl)cnc1CNC[C@H]1CCC(=O)N1
30	mol62	-12.92	COc1nc(-c2cccc(-c3cccc(-c4cnc(OCC[C@H]5CCCO5)c(OC)n4)c3Cl)c2Cl)cnc1CNC[C@H]1CCC(=O)N1
30	mol16	-13.36	COc1nc(-c2cccc(-c3cccc(-c4cnc(C[C@@H]5CCC(=O)N5)c(OC)n4)c3Cl)c2Cl)cnc1CNCC[C@@H]1CCCO1
30	mol159	-12.86	COc1nc(-c2cccc(-c3cccc(-c4cn(CC(=O)NC[C@@H]5CCC(=O)N5)c(=O)[nH]4)c3Cl)c2Cl)cnc1CNCC[C@H]1CCCO1
30	mol340	-12.62	COc1nc(-c2cccc(-c3cccc(-c4cnc(CNC[C@@H]5CCC(=O)N5)c(OC)n4)c3Cl)c2Cl)cnc1CNCC[C@H]1CCCO1
30	mol244	-13.3	COc1ncc(-c2cccc(-c3cccc(-c4cnc(CNC[C@@H]5CCC(=O)N5)c(OC)n4)c3Cl)c2Cl)cn1
30	mol252	-12.69	COc1nc(-c2cccc(-c3cccc(-c4cnc(CNC[C@@H]5CCC(=O)N5)c(OC)n4)c3Cl)c2Cl)cnc1CNCC[C@H]1CCCO1
30	mol300	-13.07	COc1nc(-c2cccc(-c3cccc(-c4cnc(CNC[C@H]5CCCO5)c(OC)n4)c3Cl)c2Cl)cnc1CNC[C@H]1CCC(=O)N1
30	mol168	-12.64	COc1nc(-c2cccc(-c3cccc(-c4cnc(CNC[C@@H]5CCC(=O)N5)c(OC)n4)c3Cl)c2Cl)cnc1CNCC[C@H]1CCCO1
30	mol5	-13.26	COc1nc(-c2cccc(-c3cccc(-c4cnc(OCC[C@H]5CCOC5)c(OC)n4)c3Cl)c2Cl)cnc1CNC[C@H]1CCC(=O)N1
30	mol49	-12.46	COc1nc(-c2cccc(-c3cccc(-c4cnc(OC[C@@H]5CCCO5)c(OC)n4)c3Cl)c2Cl)cnc1CNC[C@@H]1CCC(=O)N1
30	mol196	-12.49	COc1nc(-c2cccc(-c3cccc(-c4cnc(CNC[C@@H]5CCC(=O)N5)c(OC)n4)c3Cl)c2Cl)cnc1CNCC[C@H]1CCCO1
30	mol449	-12.54	COc1nc(-c2cccc(-c3cccc(-c4cnc(CNC[C@@H]5CCC(=O)N5)c(OC)n4)c3Cl)c2Cl)cnc1CNCC[C@H]1CCCO1
30	mol283	-12.85	COc1nc(-c2cccc(-c3cccc(-c4cnc(OCC[C@H]5CCCO5)c(OC)n4)c3Cl)c2Cl)cnc1CNC[C@H]1CCC(=O)N1
30	mol304	-13.18	COc1nncc(-c2cccc(-c3cccc(-c4cnc(CNC[C@@H]5CCC(=O)N5)c(OC)n4)c3Cl)c2Cl)n1
30	mol70	-12.81	COc1nc(-c2cccc(-c3cccc(-c4cnc(CNCC[C@H]5CCCO5)c(OC)n4)c3Cl)c2Cl)cnc1CCNC[C@@H]1CCC(=O)N1
30	mol242	-13.03	COc1nc(-c2cccc(-c3cccc(-c4cnc(OCC[C@H]5CCCO5)c(OC)n4)c3Cl)c2Cl)cnc1CNC[C@H]1CCC(=O)N1
30	mol421	-12.45	COc1nc(-c2cccc(-c3cccc(-c4cnc(CNC[C@@H]5CCC(=O)N5)c(OC)n4)c3Cl)c2Cl)cnc1CNCC[C@H]1CCCO1
30	mol102	-12.47	CCOc1nc(-c2cccc(-c3cccc(-c4cnc(CNC[C@H]5CCC(=O)N5)c(OC)n4)c3Cl)c2Cl)cnc1CNCC[C@@H]1CCCO1
30	mol297	-12.74	CCOc1nc(-c2cccc(-c3cccc(-c4cnc(CNC[C@@H]5CCC(=O)N5)c(OC)n4)c3Cl)c2Cl)cnc1OCCn1cncn1
30	mol419	-13.05	COc1nc(-c2cccc(-c3cccc(-c4cnc(CNC[C@H]5CCCO5)c(OC)n4)c3Cl)c2Cl)cnc1CNC[C@H]1CCC(=O)N1
30	mol29	-12.32	CCOc1nc(-c2cccc(-c3cccc(-c4cnc(CNC[C@H]5CCC(=O)N5)c(OC)n4)c3Cl)c2Cl)cnc1CNCC[C@@H]1CCCO1
30	mol22	-12.77	COc1nc(-c2cccc(-c3cccc(-c4cnc(CNC[C@@H]5CCC(=O)N5)c(OC)n4)c3Cl)c2Cl)cnc1CNCC[C@H]1CCCO1
30	mol194	-12.5	COc1nc(-c2ccc(-c3cccc(-c4cnc(CNC[C@H]5CCC(=O)N5)c(OC)n4)c3Cl)cc2Cl)cnc1CNCC[C@H]1CCCO1
30	mol438	-12.66	COc1nc(-c2cccc(-c3cccc(-c4cnc(CNC[C@@H]5CCC(=O)N5)c(OC)n4)c3Cl)c2Cl)cnc1CNCC[C@H]1CCCO1
30	mol146	-12.71	COc1nc(-c2cccc(-c3cccc(-c4cnc(CNC[C@@H]5CCC(=O)N5)c(OC)n4)c3Cl)c2Cl)cnc1CNCC[C@H]1CCCO1
30	mol412	-13.27	COc1nc(-c2cccc(-c3cccc(-c4cnc(NC[C@@H]5CCCO5)c(OC)n4)c3Cl)c2Cl)cnc1CNC[C@@H]1CCC(=O)N1
30	mol233	-12.58	COc1nc(-c2cccc(-c3cccc(-c4cnc([C@H](C)CCNC[C@H]5CCC(=O)N5)c(OC)n4)c3Cl)c2Cl)cnc1CNCC[C@H]1CCCOC1
30	mol393	-13.18	COc1ncnc(-c2cccc(-c3cccc(-c4cnc(CNC[C@H]5CCC(=O)N5)c(OC)n4)c3Cl)c2Cl)n1
30	mol396	-13.09	COc1nc(-c2cccc(-c3cccc(-c4cnc(OCC[C@H]5CCCO5)c(OC)n4)c3Cl)c2Cl)cnc1CNC[C@H]1CCC(=O)N1
30	mol19	-12.54	CCOc1nc(-c2cccc(-c3cccc(-c4cnc(CNC[C@H]5CCC(=O)N5)c(OC)n4)c3Cl)c2Cl)cnc1CNCC[C@@H]1CCCO1
30	mol478	-12.43	COc1nc(-c2cccc(-c3cccc(-c4cnc(CNC[C@@H]5CCC(=O)N5)c(OC)n4)c3Cl)c2Cl)cnc1CNCC[C@H]1CCCO1
30	mol318	-12.53	COc1nc(-c2cccc(-c3cccc(-c4cnn(C)n4)c3Cl)c2Cl)cnc1CNCC[C@@H]1CCCO1
30	mol185	-12.65	COc1nc(-c2cccc(-c3cccc(-c4cnc(CNC[C@@H]5CCC(=O)N5)c(OC)n4)c3Cl)c2Cl)cnc1CNCC[C@H]1CCCO1
30	mol28	-12.39	COc1nc(-c2cccc(-c3cccc(-c4cnc(CNC[C@@H]5CCC(=O)N5)c(OC)n4)c3Cl)c2Cl)cnc1CNCC[C@H]1CCCO1
30	mol288	-12.59	COc1nc(-c2cccc(-c3cccc(-c4cnc(CNC[C@@H]5CCC(=O)N5)c(OC)n4)c3Cl)c2Cl)cnc1CNCC[C@H]1CCCO1
30	mol250	-12.53	COc1nc(-c2cccc(-c3cccc(-c4cnc(OC[C@@H]5CCCO5)c(OC)n4)c3Cl)c2Cl)cnc1CNC[C@@H]1CCC(=O)N1
30	mol253	-13.15	COc1nc(-c2cccc(-c3cccc(-c4cnc(CNC[C@@H]5CCC(=O)N5)c(OC)n4)c3Cl)c2Cl)cnc1CNCC[C@H]1CCCOC1
30	mol65	-13.05	COc1nc(-c2cccc(-c3cccc(-c4cnc(CNCC[C@@H]5CCCCO5)c(OC)n4)c3Cl)c2Cl)cnc1CC[C@@H]1CCC(=O)N1
30	mol18	-13.12	COc1nc(-c2cccc(-c3cccc(-c4cnc(CNC[C@H]5CCCO5)c(OC)n4)c3Cl)c2Cl)cnc1CNC[C@H]1CCC(=O)N1
30	mol64	-12.57	COc1nc(-c2cccc(-c3cccc(-c4cnc(CNC[C@@H]5CCC(=O)N5)c(OC)n4)c3Cl)c2Cl)cnc1CNCC[C@H]1CCCO1
30	mol195	-12.67	COc1nc(-c2cccc(-c3cccc(-c4cnc(CNC[C@@H]5CCC(=O)N5)c(OC)n4)c3Cl)c2Cl)cnc1CNCC[C@H]1CCCO1
30	mol148	-12.64	COc1nc(-c2cccc(-c3cccc(-c4cnc(CNC[C@@H]5CCC(=O)N5)c(OC)n4)c3Cl)c2Cl)cnc1CNCC[C@H]1CCCO1
30	mol115	-12.89	COc1nc(-c2cccc(-c3cccc(-c4cnc(NCC[C@@H]5CCCO5)c(OC)n4)c3Cl)c2Cl)cnc1CCNC[C@@H]1CCC(=O)N1
30	mol204	-12.65	COc1nc(-c2cccc(-c3cccc(-c4cnc(OCCNC[C@H]5CCCO5)c(OC)n4)c3Cl)c2Cl)cnc1CNC[C@@H]1CCC(=O)N1
30	mol360	-12.65	COc1nc(-c2cccc(-c3cccc(-c4cnc(CNCC[C@@H]5CCCO5)c(OC)n4)c3Cl)c2)cnc1CNC[C@@H]1CCC(=O)N1
30	mol13	-12.59	COc1nc(-c2cccc(-c3cccc(-c4cnc(CNC[C@@H]5CCC(=O)N5)c(OC)n4)c3Cl)c2Cl)cnc1CNCC[C@H]1CCCO1
30	mol249	-13.16	COc1ncnc(-c2cccc(-c3cccc(-c4cnc(CNC[C@H]5CCC(=O)N5)c(OC)n4)c3Cl)c2Cl)n1
30	mol88	-12.63	COc1nc(-c2cccc(-c3cccc(-c4cnc(CNC[C@@H]5CCC(=O)N5)c(OC)n4)c3Cl)c2Cl)cnc1CNCC[C@H]1CCCO1
30	mol404	-13.33	COc1nc(-c2cccc(-c3cccc(-c4cnc(CNC[C@@H]5CCC(=O)N5)c(OC)n4)c3Cl)c2Cl)cnc1CNCC1CCOCC1
30	mol274	-12.77	COc1nc(-c2cccc(-c3cccc(-c4cnc(CNC[C@@H]5CCC(=O)N5)c(OC)n4)c3Cl)c2Cl)cnc1CNCC[C@H]1CCCO1
30	mol426	-12.99	COc1nc(-c2cccc(-c3cccc(-c4cnc(CNC[C@H]5CCC(=O)N5)c(OC)n4)c3Cl)c2Cl)cnc1CNCCC1CCCC1
30	mol450	-12.64	COc1nc(-c2cccc(-c3cccc(-c4cnc(CNC[C@@H]5CCC(=O)N5)c(OC)n4)c3Cl)c2Cl)cnc1CNCC[C@H]1CCCO1
30	mol96	-13.17	COc1nc(-c2cccc(-c3cccc(-c4cnc(OCC[C@H]5CCOC5)c(OC)n4)c3Cl)c2Cl)cnc1CNC[C@H]1CCC(=O)N1
30	mol452	-12.56	COc1nc(-c2cccc(-c3cccc(-c4cnc(CNC[C@@H]5CCC(=O)N5)c(OC)n4)c3Cl)c2Cl)cnc1CNCC[C@H]1CCCO1
30	mol482	-12.92	COc1nc(-c2cccc(-c3cccc(-c4cnc(CNC[C@@H]5CCC(=O)N5)c(OC)n4)c3Cl)c2Cl)cnc1CNCC[C@H]1CCCCO1
30	mol268	-12.68	COc1nc(-c2cccc(-c3cccc(-c4cnn(C)c4)c3Cl)c2Cl)cnc1CNCC[C@@H]1CCCO1
30	mol342	-13.54	COc1nc(-c2cccc(-c3cccc(-c4cnc(CNC[C@H]5CCC(=O)N5)c(OC)n4)c3Cl)c2Cl)cnc1CC[C@H]1CCCO1
30	mol260	-12.46	COc1nc(-c2cccc(-c3cccc(-c4cnc(CNC[C@@H]5CCC(=O)N5)c(OC)n4)c3Cl)c2Cl)cnc1CNCC[C@H]1CCCO1
30	mol278	-13.18	COc1nncc(-c2cccc(-c3cccc(-c4cnc(CNC[C@@H]5CCC(=O)N5)c(OC)n4)c3Cl)c2Cl)n1
30	mol310	-13.51	COc1cc(-c2cccc(-c3cccc(-c4cnc(CNCC5CCOCC5)c(OC)n4)c3Cl)c2Cl)cnc1CNC[C@@H]1CCC(=O)N1
30	mol458	-12.67	COc1nc(-c2cccc(-c3cccc(-c4cnc(CNC[C@@H]5CCC(=O)N5)c(OC)n4)c3Cl)c2Cl)cnc1CNCC[C@H]1CCCO1
30	mol37	-13.27	COc1nc(-c2cccc(-c3cccc(-c4cnc(OCC[C@H]5CCOC5)c(OC)n4)c3Cl)c2Cl)cnc1CNC[C@H]1CCC(=O)N1
30	mol266	-13.42	COc1nc(-c2cccc(-c3cccc(-c4cnc(CNC[C@@H]5CCC(=O)N5)c(OC)n4)c3Cl)c2Cl)cnc1CNCC[C@H]1CCCOC1
30	mol339	-12.02	COc1nc(-c2cccc(-c3ccccc3Cl)c2Cl)cnc1OCC1CCOCC1
30	mol285	-12.71	COc1nc(-c2cccc(-c3cccc(-c4cnc(CNC[C@@H]5CCC(=O)N5)c(OC)n4)c3Cl)c2Cl)cnc1CNCC[C@H]1CCCO1
30	mol78	-13.05	COc1nc(-c2cccc(-c3cccc(-c4cnc(CNC[C@H]5CCC(=O)N(C)C5)c(OC)n4)c3Cl)c2Cl)cnc1CNCC[C@@H]1CCCO1
30	mol228	-12.59	COc1nc(-c2cccc(-c3cccc(-c4cnc(CNC[C@@H]5CCC(=O)N5)c(OC)n4)c3Cl)c2Cl)cnc1CNCC[C@H]1CCCO1
30	mol307	-12.57	COc1nc(-c2cccc(-c3cccc(-c4cnc(OC[C@H]5CCOC5)c(OC)n4)c3Cl)c2Cl)cnc1CCCNC[C@@H]1CCC(=O)N1
30	mol416	-12.55	COc1nc(-c2cccc(-c3cccc(-c4cnc(CNC[C@@H]5CCC(=O)N5)c(OC)n4)c3Cl)c2Cl)cnc1CNCC[C@H]1CCCO1
30	mol282	-13.26	COc1nc(-c2cccc(-c3cccc(-c4cnc(OCC[C@H]5CCOC5)c(OC)n4)c3Cl)c2Cl)cnc1CNC[C@H]1CCC(=O)N1
30	mol433	-13.75	COc1nc(-c2cccc(-c3cccc(-c4cnc(CN[C@H]5CCC(=O)N5)c(OC)n4)c3Cl)c2Cl)cnc1CNC[C@@H]1CC[C@@H](OC)C[C@@H]2[C@@H]1CC[C@H]2O
30	mol317	-13.11	COc1nc(-c2cccc(-c3cccc(-c4cnc(OC[C@H]5CCOC5)c(OC)n4)c3Cl)c2Cl)cnc1CNC[C@H]1CCC(=O)N1
30	mol415	-12.69	COc1nc(-c2cccc(-c3cccc(-c4cnc(CNC[C@@H]5CCC(=O)N5)c(OC)n4)c3Cl)c2Cl)cnc1CNCC[C@H]1CCCO1
30	mol215	-12.51	COc1nc(-c2cccc(-c3cccc(-c4cnc(OC[C@@H]5CCCO5)c(OC)n4)c3Cl)c2Cl)cnc1CNC[C@@H]1CCC(=O)N1
30	mol398	-12.66	COc1nc(-c2cccc(-c3cccc(-c4cnc(CNC[C@@H]5CCC(=O)N5)c(OC)n4)c3Cl)c2Cl)cnc1CNCC[C@H]1CCCO1
30	mol63	-13.05	COc1nc(-c2cccc(-c3cccc(-c4cnc(CNC[C@H]5CCCO5)c(OC)n4)c3Cl)c2)cnc1CNC[C@H]1CCC(=O)N1
30	mol26	-12.59	COc1nc(-c2cccc(-c3cccc(-c4cnc(CNC[C@@H]5CCC(=O)N5)c(OC)n4)c3Cl)c2Cl)cnc1CNCC[C@H]1CCCO1
30	mol475	-12.7	COc1nc(-c2cccc(-c3cccc(-c4cnc(CNC[C@@H]5CCC(=O)N5)c(OC)n4)c3Cl)c2Cl)cnc1CNCC[C@H]1CCCO1
30	mol493	-12.19	COc1nc(-c2cccc(-c3cccc(-c4cnc(CNC[C@H]5CCC(=O)N5)c(OC)n4)c3Cl)c2Cl)cnc1CNCCOCC[C@@H]1CCCO1
30	mol217	-12.84	COc1nc(-c2cccc(-c3cccc(-c4cnc(CNC[C@H]5CCC(=O)N5)c(OC)n4)c3Cl)c2Cl)cnc1CNCCC1CCOCC1
30	mol330	-13.21	COc1cc(-c2cccc(-c3cccc(-c4cnc(CNCC[C@H]5CCCO5)c(OC)n4)c3Cl)c2Cl)cnc1CNC[C@H]1CCC(=O)N1
30	mol448	-13.31	COc1ncc(-c2cccc(-c3cccc(-c4cnn(C)c4Cl)c3Cl)c2Cl)cn1
30	mol418	-13.13	COc1nc(-c2cccc(-c3cccc(-c4cnc(OC[C@H]5CCOC5)c(OC)n4)c3Cl)c2Cl)cnc1CNC[C@H]1CCC(=O)N1
30	mol40	-13.04	COc1nc(-c2cccc(-c3cccc(-c4cnc(OCC[C@H]5CCCO5)c(OC)n4)c3Cl)c2Cl)cnc1CNC[C@H]1CCC(=O)N1
30	mol223	-12.29	COc1nc(-c2cccc(-c3cccc(-c4cn(CCCCC(=O)O)cn4)c3Cl)c2Cl)cnc1OC[C@H]1CCCO1
30	mol287	-12.53	COc1nc(-c2cccc(-c3cccc(-c4cnc(CNC[C@@H]5CCC(=O)N5)c(OC)n4)c3Cl)c2Cl)cnc1CNCC[C@H]1CCCO1
30	mol341	-12.55	COc1nc(-c2cccc(-c3cccc(-c4cnc(CNC[C@@H]5CCC(=O)N5)c(OC)n4)c3Cl)c2Cl)cnc1CNCC[C@H]1CCCO1
30	mol101	-12.8	COc1nc(-c2cccc(-c3cccc(-c4cnc(CNC[C@H]5CCC(=O)NC5)c(OC)n4)c3Cl)c2Cl)cnc1CNCC[C@H]1CCCO1
30	mol36	-13.1	COc1nc(-c2cccc(-c3cccc(-c4cnc(OC[C@H]5CCOC5)c(OC)n4)c3Cl)c2Cl)cnc1CNC[C@H]1CCC(=O)N1
30	mol491	-12.5	COc1nc(-c2cccc(-c3cccc(-c4cnc(CNC[C@@H]5CCC(=O)N5)c(OC)n4)c3Cl)c2Cl)cnc1CNCC[C@H]1CCCO1
30	mol144	-12.62	COc1nc(-c2cccc(-c3cccc(-c4cnc(CNC[C@@H]5CCC(=O)N5)c(OC)n4)c3Cl)c2Cl)cnc1CNCC[C@H]1CCCO1
30	mol480	-12.77	COc1nc(-c2cccc(-c3cccc(-c4cnc(CNCC[C@H]5CCCO5)c(OC)n4)c3Cl)c2Cl)cnc1CCNC[C@@H]1CCC(=O)N1
30	mol332	-12.95	COc1nc(-c2cccc(-c3cccc(-c4cnc(CNC[C@H]5CCC(=O)N5)c(OC)n4)c3Cl)c2Cl)cnc1CNCCC1CCCC1
30	mol56	-12.51	COc1nc(-c2cccc(-c3cccc(-c4cnc(CNC[C@@H]5CCC(=O)N5)c(OC)n4)c3Cl)c2Cl)cnc1CNCC[C@H]1CCCO1
30	mol275	-12.69	COc1nc(-c2cccc(-c3cccc(-c4cnn(C)c4)c3Cl)c2Cl)cnc1CNCC[C@@H]1CCCO1
30	mol80	-12.68	COc1nc(-c2cccc(-c3cccc(-c4cnc(CNC[C@@H]5CCC(=O)N5)c(OC)n4)c3Cl)c2Cl)cnc1CNCC[C@H]1CCCO1
30	mol54	-12.45	COc1nc(-c2cccc(-c3cccc(-c4cnc(CNC[C@@H]5CCC(=O)N5)c(OC)n4)c3Cl)c2Cl)cnc1CNCC[C@H]1CCCO1
30	mol118	-12.73	COc1nc(-c2cccc(-c3cccc(-c4cnc(CNC[C@@H]5CCC(=O)N5)c(OC)n4)c3Cl)c2Cl)cnc1CNCC[C@H]1CCCO1
30	mol247	-12.67	COc1nc(-c2cccc(-c3cccc(-c4cnc(CNC[C@@H]5CCC(=O)N5)c(OC)n4)c3Cl)c2Cl)cnc1CNCC[C@H]1CCCO1
30	mol200	-12.54	COc1nc(-c2cccc(-c3cccc(-c4cnc(CNC[C@@H]5CCC(=O)N5)c(OC)n4)c3Cl)c2Cl)cnc1CNCC[C@H]1CCCO1
30	mol138	-12.52	COc1nc(-c2cccc(-c3cccc(-c4cnc(OC[C@@H]5CCCO5)c(OC)n4)c3Cl)c2Cl)cnc1CNC[C@@H]1CCC(=O)N1
30	mol1	-13.02	COc1nc(-c2cccc(-c3cccc(-c4cnc(OCC[C@H]5CCCO5)c(OC)n4)c3Cl)c2Cl)cnc1CN[C@H]1CCC(=O)N1
30	mol245	-13.31	COc1nc(-c2cccc(-c3cccc(-c4cnc(CNC[C@@H]5CCC(=O)N5)c(OC)n4)c3Cl)c2Cl)cnc1CNCC[C@H]1CCCOC1
30	mol488	-12.52	COc1nc(-c2cccc(-c3cccc(-c4cnc(OC[C@@H]5CCCO5)c(OC)n4)c3Cl)c2Cl)cnc1CNC[C@@H]1CCC(=O)N1
30	mol334	-12.71	COc1nc(-c2cccc(-c3cccc(-c4cnc(CNC[C@@H]5CCC(=O)N5)c(OC)n4)c3Cl)c2Cl)cnc1CNCC[C@H]1CCCO1
30	mol286	-13.55	COc1nc(-c2cccc(-c3cccc(-c4cnc(CNC[C@H]5CCC(=O)N5)c(OC)n4)c3Cl)c2Cl)cnc1CC[C@H]1CCCO1
30	mol329	-12.57	COc1nc(-c2cccc(-c3cccc(-c4cnc(CNC[C@@H]5CCC(=O)N5)c(OC)n4)c3Cl)c2Cl)cnc1CNCC[C@H]1CCCO1
30	mol271	-13.05	COc1nc(-c2cccc(-c3cccc(-c4nc(CNC[C@H]5CCC(=O)N5)c(OC)n4C)c3Cl)c2Cl)cnc1CNCC[C@H]1CCCO1
30	mol386	-12.75	COc1ncn(-c2cccc(-c3cccc(-c4cnc(CNC[C@@H]5CCC(=O)N5)c(OC)n4)c3Cl)c2Cl)n1
30	mol231	-13.11	COc1nc(-c2cccc(-c3cccc(-c4cnc(OC[C@H]5CCOC5)c(OC)n4)c3Cl)c2Cl)cnc1CNC[C@H]1CCC(=O)N1
30	mol469	-13.41	COc1nc(-c2cccc(-c3cccc(-c4cnc(CNC[C@@H]5CCC(=O)N5)c(OC)n4)c3Cl)c2Cl)cnc1CNCC[C@H]1CCCOC1
30	mol258	-12.52	COc1nc(-c2cccc(-c3cccc(-c4cnc(CNC[C@@H]5CCC(=O)N5)c(OC)n4)c3Cl)c2Cl)cnc1CNCC[C@H]1CCCO1
30	mol32	-13.06	COc1nc(-c2cccc(-c3cccc(-c4cnc(COCC[C@@H]5CCCO5)c(OC)n4)c3Cl)c2Cl)cnc1CNC[C@H]1CCC(=O)N1
30	mol218	-12.61	COc1nc(-c2cccc(-c3cccc(-c4cnc(CNC[C@@H]5CCC(=O)N5)c(OC)n4)c3Cl)c2Cl)cnc1CNCC[C@H]1CCCO1
30	mol370	-12.6	COc1nc(-c2cccc(-c3cccc(-c4cnc(CNC[C@@H]5CCC(=O)N5)c(OC)n4)c3Cl)c2Cl)cnc1CNCC[C@H]1CCCO1
30	mol177	-12.65	COc1nc(-c2cccc(-c3cccc(-c4cnc(CNC[C@@H]5CCC(=O)N5)cn4)c3Cl)c2Cl)cnc1NCCC[C@H]1CCCO1
30	mol212	-12.52	COc1nc(-c2cccc(-c3cccc(-c4cnc(CNC[C@@H]5CCC(=O)N5)c(OC)n4)c3Cl)c2Cl)cnc1CNCC[C@H]1CCCO1
30	mol234	-13.11	COc1nc(-c2cccc(-c3cccc(-c4cnc([C@@H]5CCCO5)c(OC)n4)c3Cl)c2Cl)cnc1CNC[C@H]1CCC(=O)N1
30	mol293	-12.64	COc1nc(-c2cccc(-c3cccc(-c4cnc(CNC[C@@H]5CCC(=O)N5)c(OC)n4)c3Cl)c2Cl)cnc1CNCC[C@H]1CCCO1
30	mol145	-12.88	COc1nc(-c2cccc(-c3cccc(-c4cnn(C[C@H]5CCC(=O)N5)c4)c3Cl)c2Cl)cnc1CNCC[C@@H]1CCCO1
30	mol105	-12.63	COc1nc(-c2cccc(-c3cccc(-c4cnc(CNC[C@@H]5CCC(=O)N5)c(OC)n4)c3Cl)c2Cl)cnc1CNCC[C@H]1CCCO1
30	mol232	-12.57	COc1nc(-c2cccc(-c3cccc(-c4cnc(CNC[C@@H]5CCC(=O)N5)c(OC)n4)c3Cl)c2Cl)cnc1CNCC[C@H]1CCCO1
30	mol444	-12.72	COc1nc(-c2cccc(-c3cccc(-c4cnc(CNC[C@@H]5CCC(=O)N5)c(OC)n4)c3Cl)c2Cl)cnc1CNCC[C@H]1CCCO1
30	mol166	-13.21	COc1nc(-c2cccc(-c3cccc(-c4cnc(CN[C@H]5CCC(=O)N5)c(OC)n4)c3Cl)c2Cl)cnc1CNCC[C@H]1CCCO1
30	mol495	-13.08	COc1nc(-c2cccc(-c3cccc(-c4cnc(CNC[C@H]5CCCO5)c(OC)n4)c3Cl)c2Cl)cnc1CNC[C@H]1CCC(=O)N1
30	mol353	-12.61	COc1nc(-c2cccc(-c3cccc(-c4cnc(CNC[C@@H]5CCC(=O)N5)c(OC)n4)c3Cl)c2Cl)cnc1CNCC[C@H]1CCCO1
30	mol57	-12.63	COc1nc(-c2cccc(-c3cccc(-c4cnc(CNC[C@@H]5CCC(=O)N5)c(OC)n4)c3Cl)c2Cl)cnc1CNCC[C@H]1CCCO1
30	mol366	-13.3	COc1nc(-c2cccc(-c3cccc(-c4cnc(CN[C@H]5CCC(=O)N5)c(OC)n4)c3Cl)c2Cl)cnc1CNCCC1CCCC1
30	mol403	-12.6	COc1nc(-c2cccc(-c3cccc(-c4cnc(CNC[C@@H]5CCC(=O)N5)c(OC)n4)c3Cl)c2Cl)cnc1CNCC[C@H]1CCCO1
30	mol140	-12.55	COc1nc(-c2cccc(-c3cccc(-c4cnc(OC[C@@H]5CCCO5)c(OC)n4)c3Cl)c2Cl)cnc1CNC[C@@H]1CCC(=O)N1
30	mol162	-13.12	COc1nc(-c2cccc(-c3ccnc(-c4cnc(CNC(=O)N5CC[C@@H](O)C5)c(OC)c4Cl)c3Cl)c2Cl)cnc1CNCC[C@H]1CCCO1
30	mol239	-12.57	COc1nc(-c2cccc(-c3cccc(-c4cnc(CNC[C@@H]5CCC(=O)N5)c(OC)n4)c3Cl)c2Cl)cnc1CNCC[C@H]1CCCO1
30	mol402	-13.38	COc1nc(-c2cccc(-c3cccc(-c4cnc(CN[C@H]5CCC(=O)N5)c(OC)n4)c3Cl)c2Cl)cnc1CNCC[C@H]1CCCO1
30	mol489	-12.49	COc1nc(-c2ccc(-c3cccc(-c4cnc(CNC[C@H]5CCC(=O)N5)c(OC)n4)c3Cl)cc2Cl)cnc1CNCC[C@H]1CCCO1
30	mol95	-13.32	COc1nc(-c2cccc(-c3cccc(-c4cnc(OCC[C@H]5CCOC5)c(OC)n4)c3Cl)c2Cl)cnc1CNC[C@H]1CCC(=O)N1
30	mol381	-12.67	COc1nc(-c2cccc(-c3cccc(-c4cnc(CC(=O)O)cn4)c3Cl)c2Cl)cnc1CNCC[C@H]1CCCO1
30	mol164	-12.59	COc1nc(-c2cccc(-c3cccc(-c4cnc(CNC[C@@H]5CCC(=O)N5)c(OC)n4)c3Cl)c2Cl)cnc1CNCC[C@H]1CCCO1
30	mol457	-12.64	COc1nc(-c2cccc(-c3cccc(-c4cnc(CNC[C@@H]5CCC(=O)N5)c(OC)n4)c3Cl)c2Cl)cnc1CNCC[C@H]1CCCO1
30	mol355	-13.18	O=C1CC[C@H](CNCc2cnc(-c3cccc(-c4cccc(-c5cnc(O)cn5)c4Cl)c3Cl)nc2OC2COC2)N1
30	mol180	-12.68	COc1nc(-c2cccc(-c3cccc(-c4cnc(CNC[C@@H]5CCC(=O)N5)c(OC)n4)c3Cl)c2Cl)cnc1CNCC[C@H]1CCCO1
30	mol171	-12.61	COc1nc(-c2cccc(-c3cccc(-c4cnc(CNC[C@@H]5CCC(=O)N5)c(OC)n4)c3Cl)c2Cl)cnc1CNCC[C@H]1CCCO1
30	mol190	-12.54	COc1nc(-c2cccc(-c3cccc(-c4cnc(CNC[C@@H]5CCC(=O)N5)c(OC)n4)c3Cl)c2Cl)cnc1CNCC[C@H]1CCCO1
30	mol361	-13.62	Clc1c(-c2cnc3c(c2)CNC3)cccc1-c1cccc(-c2cn(CC[C@@H]3CCCO3)cn2)c1Cl
30	mol322	-12.91	COc1c(CNCCCCC(=O)O)cc(Oc2cccc(-c3cccc(-c4cccc(-c5cccc(C(=O)O)c5)c4)c3Cl)c2Cl)c(OC)c1OC
30	mol259	-12.55	COc1nc(-c2cccc(-c3cccc(-c4cnc(CNC[C@@H]5CCC(=O)N5)c(OC)n4)c3Cl)c2Cl)cnc1CNCC[C@H]1CCCO1
30	mol129	-12.49	COc1nc(-c2cccc(-c3cccc(-c4cnc(CNC[C@@H]5CCC(=O)N5)c(OC)n4)c3Cl)c2Cl)cnc1CNCC[C@H]1CCCO1
30	mol44	-12.5	COc1nc(-c2cccc(-c3cccc(-c4cnc(CNC[C@@H]5CCC(=O)N5)c(OC)n4)c3Cl)c2Cl)cnc1CNCC[C@H]1CCCO1
30	mol314	-12.54	COc1nc(-c2cccc(-c3cccc(-c4cnc(CNC[C@@H]5CCC(=O)N5)c(OC)n4)c3Cl)c2Cl)cnc1CNCC[C@H]1CCCO1
30	mol382	-12.66	COc1nc(-c2cccc(-c3cccc(-c4cnc(CNCC[C@H]5CCCO5)c(OC)n4)c3Cl)c2Cl)cnc1CNCC[C@@H]1CCC(=O)N1
30	mol453	-12.46	COc1nc(-c2cccc(-c3cccc(-c4cnc(OC[C@@H]5CCCO5)c(OC)n4)c3Cl)c2Cl)cnc1CNC[C@@H]1CCC(=O)N1
30	mol160	-12.55	COc1nc(-c2cccc(-c3cccc(-c4cnc(CNC[C@@H]5CCC(=O)N5)c(OC)n4)c3Cl)c2Cl)cnc1CNCC[C@H]1CCCO1
30	mol440	-12.49	COc1nc(-c2cccc(-c3cccc(-c4cnc(OC[C@@H]5CCCO5)c(OC)n4)c3Cl)c2Cl)cnc1CNC[C@@H]1CCC(=O)N1
30	mol89	-12.67	COc1nc(-c2cccc(-c3cccc(-c4cnc(CNC[C@@H]5CCC(=O)N5)c(OC)n4)c3Cl)c2Cl)cnc1CNCC[C@H]1CCCO1
30	mol316	-12.76	COc1nc(-c2cccc(-c3cccc(-c4cnc(CNC[C@@H]5CCC(=O)N5)c(OC)n4)c3Cl)c2Cl)cnc1CNCC[C@H]1CCCO1
30	mol77	-13.43	COc1cc(-c2cccc(-c3cccc(-c4cnc(CNCC[C@H]5CCCO5)c(OC)n4)c3Cl)c2Cl)cnc1CNC[C@H]1CCC(=O)N1
30	mol229	-12.54	COc1nc(-c2cccc(-c3cccc(-c4cnc(CNC[C@@H]5CCC(=O)N5)c(OC)n4)c3Cl)c2Cl)cnc1CNCC[C@H]1CCCO1
30	mol362	-12.53	COc1nc(-c2cccc(-c3cccc(-c4cnc(CNC[C@@H]5CCC(=O)N5)c(OC)n4)c3Cl)c2Cl)cnc1CNCC[C@H]1CCCO1
30	mol220	-12.67	COc1nc(-c2cccc(-c3cccc(-c4cnc(CNC[C@@H]5CCC(=O)N5)c(OC)n4)c3Cl)c2Cl)cnc1CNCC[C@H]1CCCO1
30	mol38	-12.63	COc1nc(-c2cccc(-c3cccc(-c4cnc(CNC[C@@H]5CCC(=O)N5)c(OC)n4)c3Cl)c2Cl)cnc1CNCC[C@H]1CCCO1
30	mol206	-12.75	COc1nc(-c2cccc(-c3cccc(-c4cn(C)c(C[C@H]5CCC(=O)N5)n4)c3Cl)c2Cl)cnc1CNCC[C@@H]1CCCO1
30	mol439	-12.69	COc1nc(-c2cccc(-c3cccc(-c4cnc(CNC[C@@H]5CCC(=O)N5)c(OC)n4)c3Cl)c2Cl)cnc1CNCC[C@H]1CCCO1
30	mol474	-13.02	COc1nc(-c2cccc(-c3cccc(-c4cnc(CNC[C@@H]5CCC(=O)N5)c(OC)n4)c3Cl)c2Cl)cnc1CNCC[C@H]1CCCCO1
30	mol216	-12.41	COCCOc1nc(-c2cccc(-c3cccc(-c4cnc(CNC[C@@H]5CCC(=O)N5)c(OC)n4)c3Cl)c2Cl)cnc1CNCC[C@H]1CCCO1
30	mol394	-13.07	COc1cc(-c2cccc(-c3cccc(-c4cnc(CNCC[C@H]5CCCO5)c(OC)n4)c3Cl)c2Cl)cnc1CNC[C@H]1CCC(=O)N1
30	mol198	-12.59	COc1nc(-c2cccc(-c3cccc(-c4cnc(CNC[C@@H]5CCC(=O)N5)c(OC)n4)c3Cl)c2Cl)cnc1CNCC[C@H]1CCCO1
30	mol117	-12.55	COc1nc(-c2cccc(-c3cccc(-c4cnc(CNC[C@@H]5CCC(=O)N5)c(OC)n4)c3Cl)c2Cl)cnc1CNCC[C@H]1CCCO1
30	mol174	-12.38	COc1nc(-c2ccc(-c3cccc(-c4cnc(CNC[C@H]5CCC(=O)N5)c(OC)n4)c3Cl)cc2Cl)cnc1CNCC[C@H]1CCCO1
30	mol294	-12.5	COc1nc(-c2cccc(-c3cccc(-c4cnc(CNC[C@@H]5CCC(=O)N5)c(OC)n4)c3Cl)c2Cl)cnc1CNCC[C@H]1CCCO1
30	mol227	-12.71	COc1nc(-c2cccc(-c3cccc(-c4cnc(CNC[C@@H]5CCC(=O)N5)c(OC)n4)c3Cl)c2Cl)cnc1CNCC[C@H]1CCCO1
30	mol430	-12.64	COc1nc(-c2cccc(-c3cccc(-c4cnc(CNC[C@@H]5CCC(=O)N5)c(OC)n4)c3Cl)c2Cl)cnc1CNCC[C@H]1CCCO1
30	mol11	-12.71	COc1nc(-c2cccc(-c3cccc(-c4cnc(CNCC[C@H]5CCCO5)c(OC)n4)c3Cl)c2Cl)cnc1CCNC[C@@H]1CCC(=O)N1
30	mol309	-12.19	CO/C1=N/C(c2ccc(-c3cccc(-c4cnc(CNC[C@H]5CCC(=O)N5)c(OC)n4)c3Cl)cc2Cl)=N\C2=N\CC[C@H]1CCNC2
30	mol110	-12.71	COc1nc(-c2cccc(-c3cccc(-c4cnc(CNC[C@@H]5CCC(=O)N5)c(OC)n4)c3Cl)c2Cl)cnc1CNCC[C@H]1CCCO1
30	mol135	-13.36	COc1nc(-c2cccc(-c3cccc(-c4cnc(CN[C@H]5CCC(=O)N5)c(OC)n4)c3Cl)c2Cl)cnc1CNCC[C@H]1CCCO1
30	mol411	-12.64	COc1nc(-c2cccc(-c3cccc(-c4cnn(C)c4)c3Cl)c2Cl)cnc1OC[C@@H]1CCCO1
30	mol182	-12.48	COc1nc(-c2cccc(-c3cccc(-c4cnc(CNC[C@@H]5CCC(=O)N5)c(OC)n4)c3Cl)c2Cl)cnc1CNCC[C@H]1CCCO1
30	mol133	-12.52	COCCOc1nc(-c2cccc(-c3cccc(-c4cnc(CNC[C@@H]5CCC(=O)N5)c(OC)n4)c3Cl)c2Cl)cnc1CNCC[C@H]1CCCO1
30	mol424	-12.59	COc1nc(-c2cccc(-c3cccc(-c4cnc(CNC[C@@H]5CCC(=O)N5)c(OC)n4)c3Cl)c2Cl)cnc1CNCC[C@H]1CCCO1
30	mol351	-12.55	COc1nc(-c2cccc(-c3cccc(-c4cnc(CNC[C@@H]5CCC(=O)N5)c(OC)n4)c3Cl)c2Cl)cnc1CNCC[C@H]1CCCO1
30	mol208	-13.11	COc1nc(-c2cccc(-c3cccc(-c4cnc(CNC[C@H]5CCC(=O)N5)c(OC)n4)c3Cl)c2Cl)cnc1CNCCC1CCCC1
30	mol388	-12.56	COc1nc(-c2cccc(-c3cccc(-c4cnc(CNC[C@@H]5CCC(=O)N5)c(OC)n4)c3Cl)c2Cl)cnc1CNCC[C@H]1CCCO1
30	mol150	-12.74	COc1nc(-c2cccc(-c3cccc(-c4cnc(OC[C@@H]5CCO5)c(OC)n4)c3Cl)c2Cl)cnc1CNC[C@H]1CCC(=O)N1
30	mol121	-12.49	COc1nc(-c2cccc(-c3cccc(-c4cnc(CNC[C@@H]5CCC(=O)N5)c(OC)n4)c3Cl)c2Cl)cnc1CNCC[C@H]1CCCO1
30	mol331	-12.51	COc1nc(-c2cccc(-c3cccc(-c4cnc(CNC[C@@H]5CCC(=O)N5)c(OC)n4)c3Cl)c2Cl)cnc1CNCC[C@H]1CCCO1
30	mol441	-12.66	COc1nc(-c2cccc(-c3cccc(-c4cnn(C)c4)c3Cl)c2Cl)cnc1CNCC[C@@H]1CCCO1
30	mol363	-12.61	COc1nc(-c2cccc(-c3cccc(-c4cnc(CNC[C@@H]5CCC(=O)N5)c(OC)n4)c3Cl)c2Cl)cnc1CNCC[C@H]1CCCO1
30	mol93	-12.82	COc1nc(-c2cccc(-c3cccc(-c4cnc(CNC[C@@H]5CCC(=O)N5)c(OC)n4)c3Cl)c2Cl)cnc1CNCCn1ncnn1
30	mol376	-12.74	COc1nc(-c2cccc(-c3cccc(-c4cnc(CCCC(=O)O)cn4)c3Cl)c2Cl)cnc1CNCC[C@H]1CCCOC1
30	mol263	-13.49	COc1nc(-c2cccc(-c3cccc(-c4cnc(OC[C@H]5CCCO5)c(OC)n4)c3Cl)c2Cl)cnc1CNC[C@H]1CCC(=O)N(C)C1
30	mol312	-12.52	COc1nc(-c2cccc(-c3cccc(-c4cnc(OC[C@@H]5CCCO5)c(OC)n4)c3Cl)c2Cl)cnc1CNC[C@@H]1CCC(=O)N1
30	mol113	-12.68	COc1nc(-c2cccc(-c3cccc(-c4cnc(CNC[C@@H]5CCC(=O)N5)c(OC)n4)c3Cl)c2Cl)cnc1CNCC[C@H]1CCCO1
30	mol120	-12.92	COc1nc(-c2cccc(-c3cccc(-c4cnc(OCCC5CCOCC5)c(OC)n4)c3Cl)c2Cl)cnc1CNC[C@@H]1CCC(=O)N1
30	mol389	-12.56	COc1nc(-c2cccc(-c3cccc(-c4cnc(CNC[C@@H]5CCC(=O)N5)c(OC)n4)c3Cl)c2Cl)cnc1CNCC[C@H]1CCCO1
30	mol83	-12.66	COc1nc(-c2cccc(-c3cccc(-c4cnc(CNC[C@@H]5CCC(=O)N5)c(OC)n4)c3Cl)c2Cl)cnc1CNCC[C@H]1CCCO1
30	mol184	-13.04	COc1nc(-c2cccc(-c3cccc(-c4cnc(CNC[C@@H]5CCC(=O)N5)c(OC)n4)c3Cl)c2Cl)cnc1CNC[C@@H]1CCOC1
30	mol2	-12.9	COc1nc(-c2cccc(-c3cccc(-c4cnc(OCC[C@@H]5CCO5)c(OC)n4)c3Cl)c2Cl)cnc1CNC[C@@H]1CCC(=O)N1
30	mol354	-12.63	COc1nc(-c2cccc(-c3cccc(-c4cnc(CNC[C@@H]5CCC(=O)N5)c(OC)n4)c3Cl)c2Cl)cnc1CNCC[C@H]1CCCO1
30	mol451	-12.43	CCOc1nc(-c2cccc(-c3cccc(-c4nc(CC[C@H]5CCC(=O)N5)c(OC)n4C)c3Cl)c2Cl)cnc1CNCC[C@@H]1CCCO1
30	mol395	-13.31	COc1ncc(-c2cccc(-c3cccc(-c4cnc(CNC[C@@H]5CCC(=O)N5)c(OC)n4)c3Cl)c2Cl)cn1
30	mol262	-12.63	COc1nc(-c2cccc(-c3cccc(-c4cnc(CNC[C@@H]5CCC(=O)N5)c(OC)n4)c3Cl)c2Cl)cnc1CNCC[C@H]1CCCO1
30	mol257	-12.68	COc1nc(-c2cccc(-c3cccc(-c4cnc(CNC[C@@H]5CCC(=O)N5)c(OC)n4)c3Cl)c2Cl)cnc1CNCC[C@H]1CCCO1
30	mol420	-13.31	COc1nc(-c2cccc(-c3cccc(-c4cnc(NC[C@@H]5CCCO5)c(OC)n4)c3Cl)c2Cl)cnc1CNC[C@@H]1CCC(=O)N1
30	mol142	-12.19	COc1nc(-c2cccc(-c3ccc(-c4cnc(CN[C@@H]5CCC(=O)N5)c(OC)n4)c(OC)c3Cl)c2Cl)cnc1CNCC[C@@H]1CCCO1
30	mol125	-12.54	COc1nc(-c2cccc(-c3cccc(-c4cnc(CNC[C@@H]5CCC(=O)N5)c(OC)n4)c3Cl)c2Cl)cnc1CNCC[C@H]1CCCO1
30	mol211	-12.45	COc1nc(-c2cccc(-c3cccc(-c4cnc(CNC[C@@H]5CCC(=O)N5)c(OC)n4)c3Cl)c2Cl)cnc1CNCC[C@H]1CCCO1
30	mol66	-13.03	COc1nc(-c2cccc(-c3cccc(-c4cnc(OCC[C@H]5CCCO5)c(OC)n4)c3Cl)c2Cl)cnc1CNC[C@H]1CCC(=O)N1
30	mol4	-13.27	COc1nc(-c2cccc(-c3cccc(-c4cnc(OCC[C@H]5CCOC5)c(OC)n4)c3Cl)c2Cl)cnc1CNC[C@H]1CCC(=O)N1
30	mol290	-12.59	COc1nc(-c2cccc(-c3cccc(-c4cnc(CNC[C@@H]5CCC(=O)N5)c(OC)n4)c3Cl)c2Cl)cnc1CNCC[C@H]1CCCO1
30	mol299	-13.07	COc1ncc(-c2cccc(-c3cccc(-c4cnc([C@@H](CC(=O)O)[C@H]5CCC(=O)N5)c(OC)n4)c3Cl)c2Cl)cn1
30	mol378	-13.87	COc1nc(-c2cccc(-c3cccc(-c4cnc(CNC(=O)[C@H]5CCC(=O)N5)c(OC)n4)c3Cl)c2Cl)cnc1CNCCC1CCOCC1
30	mol224	-13.12	COc1nc(-c2cccc(-c3cccc(-c4cnc(CNC[C@H]5CCCO5)c(OC)n4)c3Cl)c2Cl)cnc1CNC[C@H]1CCC(=O)N1
30	mol161	-12.49	COc1nc(-c2ccc(-c3cccc(-c4cnc(CNC[C@H]5CCC(=O)N5)c(OC)n4)c3Cl)cc2Cl)cnc1CNCC[C@H]1CCCO1
30	mol417	-12.6	COc1nc(-c2cccc(-c3cccc(-c4cnc(CNC[C@@H]5CCC(=O)N5)c(OC)n4)c3Cl)c2Cl)cnc1CNCC[C@H]1CCCO1
30	mol230	-12.63	COc1nc(-c2cccc(-c3cccc(-c4cnc(CNC[C@@H]5CCC(=O)N5)c(OC)n4)c3Cl)c2Cl)cnc1CCNCC[C@@H]1CCCO1
30	mol496	-12.5	COc1nc(-c2cccc(-c3cccc(-c4cnc(CNC[C@@H]5CCC(=O)N5)c(OC)n4)c3Cl)c2Cl)cnc1CNCC[C@H]1CCCO1
30	mol219	-12.55	COc1nc(-c2cccc(-c3cccc(-c4cnc(CNC[C@@H]5CCC(=O)N5)c(OC)n4)c3Cl)c2Cl)cnc1CNCC[C@H]1CCCO1
30	mol311	-12.59	COc1nc(-c2cccc(-c3cccc(-c4cnc(CNC[C@@H]5CCC(=O)N5)c(OC)n4)c3Cl)c2Cl)cnc1CNCC[C@H]1CCCO1
30	mol280	-12.65	COc1nc(-c2cccc(-c3cccc(-c4cnc(CNC[C@@H]5CCC(=O)N5)c(OC)n4)c3Cl)c2Cl)cnc1CNCC[C@H]1CCCO1
30	mol104	-12.64	COc1nc(-c2cccc(-c3cccc(-c4cnc(CNC[C@@H]5CCC(=O)N5)c(OC)n4)c3Cl)c2Cl)cnc1CNCC[C@H]1CCCO1
30	mol173	-12.32	COc1nc(-c2cccc(-c3cccc(-c4cnc(COCCOCCn5ccnc5)c(OC)n4)c3Cl)c2Cl)cnc1CNC[C@H]1CCC(=O)N1
30	mol447	-12.81	COc1nc(-c2cccc(-c3cccc(-c4cnc(CNC[C@H]5CCC(=O)N5)c(OC)n4)c3Cl)c2Cl)cnc1CNCC[C@@H]1CCOCO1
30	mol468	-13.11	COc1nc(-c2cccc(-c3cccc(-c4cnc(NCC[C@H]5CCCO5)c(OC)n4)c3Cl)c2Cl)cnc1CNC[C@H]1CCC(=O)N1
30	mol413	-12.57	COc1nc(-c2cccc(-c3cccc(-c4cnc(OC[C@@H]5CCCO5)c(OC)n4)c3Cl)c2Cl)cnc1CNC[C@@H]1CCC(=O)N1
30	mol406	-12.65	COc1nc(-c2cccc(-c3cccc(-c4cnn(C)c4)c3Cl)c2Cl)cnc1CNCC[C@@H]1CCCO1
30	mol269	-12.52	COc1nc(-c2cccc(-c3cccc(-c4cnc(CNC[C@@H]5CCC(=O)N5)c(OC)n4)c3Cl)c2Cl)cnc1CNCC[C@H]1CCCO1
30	mol456	-12.35	COc1nc(-c2ccc(-c3cccc(-c4cnc(CNC[C@H]5CCC(=O)N5)c(OC)n4)c3Cl)cc2Cl)cnc1CNCC[C@H]1CCCO1
30	mol0	-13.36	COc1nc(-c2cccc(-c3cccc(-c4cnc(CN[C@H]5CCC(=O)N5)c(OC)n4)c3Cl)c2Cl)cnc1CNCC[C@H]1CCCO1
30	mol369	-12.96	COc1cc(-c2cccc(-c3cccc(-c4cnc(OC[C@@H]5CCOC5)c(OC)n4)c3Cl)c2Cl)cnc1CNC[C@@H]1CCC(=O)N1
30	mol461	-13.11	COc1nncc(-c2cccc(-c3cccc(-c4cnc(CNC[C@@H]5CCC(=O)N5)c(OC)n4)c3Cl)c2Cl)n1
30	mol27	-12.54	COc1nc(-c2cccc(-c3cccc(-c4cnc(CNC[C@@H]5CCC(=O)N5)c(OC)n4)c3Cl)c2Cl)cnc1CNCC[C@H]1CCCO1
30	mol122	-12.73	COc1nc(-c2cccc(-c3cccc(-c4cnc(CNCC[C@H]5CCCO5)c(OC)n4)c3Cl)c2Cl)cnc1CCNC[C@@H]1CCC(=O)N1
30	mol31	-13.49	COc1nc(-c2cccc(-c3cccc(-c4cnc(CN5CCOCC5)c(OC)n4)c3Cl)c2Cl)cnc1CNC[C@H]1CCC(=O)N1
30	mol3	-13.0	COc1nc(-c2cccc(-c3cccc(-c4cnc(OCC[C@H]5CCCO5)c(OC)n4)c3Cl)c2Cl)cnc1CNC[C@H]1CCC(=O)N1
30	mol178	-12.53	COc1nc(-c2cccc(-c3cccc(-c4cnc(CNC[C@@H]5CCC(=O)N5)c(OC)n4)c3Cl)c2Cl)cnc1CNCC[C@H]1CCCO1
30	mol446	-12.66	COc1nc(-c2cccc(-c3cccc(-c4cnc(CNC[C@@H]5CCC(=O)N5)c(OC)n4)c3Cl)c2Cl)cnc1CNCC[C@H]1CCCO1
30	mol42	-12.63	COc1nc(-c2cccc(-c3cccc(-c4cnc(CNC[C@@H]5CCC(=O)N5)c(OC)n4)c3Cl)c2Cl)cnc1CNCC[C@H]1CCCO1
30	mol48	-12.55	COc1nc(-c2cncc(-c3cccc(-c4cnc(CNC[C@@H]5CC(=O)N(C)C5)c(OC)n4)c3Cl)c2Cl)cnc1CNCC[C@H]1CCCO1
30	mol119	-13.2	COc1nc(-c2cccc(-c3cccc(-c4cnc(CNC[C@H]5CCC(=O)N(C)C5)c(OC)n4)c3Cl)c2Cl)cnc1CNCC[C@@H]1CCCO1
30	mol392	-12.74	CCOc1nc(-c2cccc(-c3cccc(-c4cnc(CNC[C@H]5CCC(=O)N5)c(OC)n4)c3Cl)c2Cl)cnc1CNCC[C@@H]1CCCO1
30	mol181	-12.58	COc1nc(-c2cccc(-c3cccc(-c4cnc(CNC[C@@H]5CCC(=O)N5)c(OC)n4)c3Cl)c2Cl)cnc1CNCC[C@H]1CCCO1
30	mol30	-12.56	COc1nc(-c2cccc(-c3cccc(-c4cnc(CNC[C@@H]5CCC(=O)N5)c(OC)n4)c3Cl)c2Cl)cnc1CNCC[C@H]1CCCO1
30	mol399	-13.08	COc1nc(-c2cccc(-c3cccc(-c4cnc(CNC[C@H]5CCC(=O)N5)c(OC)n4)c3Cl)c2Cl)cnc1CNCCC1CCC1
30	mol170	-12.3	COc1nc(-c2cccc(-c3cccc(-c4cnc(CCC(=O)O)cn4)c3Cl)c2Cl)cnc1CNCC[C@@H]1CCCO1
30	mol17	-13.14	COc1nc(-c2cccc(-c3cccc(-c4cnc(OC[C@H]5CCOC5)c(OC)n4)c3Cl)c2Cl)cnc1CNC[C@H]1CCC(=O)N1
30	mol221	-12.71	COc1nc(-c2cccc(-c3cccc(-c4cnc(CNC[C@@H]5CCC(=O)N5)c(OC)n4)c3Cl)c2Cl)cnc1CNCC[C@H]1CCCO1
30	mol205	-12.62	COc1nc(-c2cccc(-c3cccc(-c4cnc(CNC[C@@H]5CCC(=O)N5)c(OC)n4)c3Cl)c2Cl)cnc1CNCC[C@H]1CCCO1
30	mol201	-13.11	COc1nc(-c2cccc(-c3cccc(-c4cnc(CNC[C@@H]5CCC(=O)N5)c(OC)n4)c3Cl)c2Cl)cnc1CNCC[C@H]1CCCCO1
30	mol33	-12.53	COc1nc(-c2cccc(-c3cccc(-c4cnc(CNC[C@@H]5CCC(=O)N5)c(OC)n4)c3Cl)c2Cl)cnc1CNCC[C@H]1CCCO1
30	mol455	-13.18	COc1nc(-c2cccc(-c3cccc(-c4cnc(NC[C@@H]5CCC(=O)N5)c(OC)n4)c3Cl)c2Cl)cnc1CNCC[C@H]1CCCO1
30	mol107	-12.65	COc1nc(-c2cccc(-c3cccc(-c4cnc(CNC[C@@H]5CCC(=O)N5)c(OC)n4)c3Cl)c2Cl)cnc1CNCC[C@H]1CCCO1
30	mol462	-12.72	COc1nc(-c2cccc(-c3cccc(-c4cnc(OCC[C@@H]5COCO5)c(OC)n4)c3Cl)c2Cl)cnc1CNC[C@@H]1CCC(=O)N1
30	mol103	-12.75	COc1nc(-c2cccc(-c3cccc(-c4cnc(CNC[C@@H]5CCC(=O)N5)c(OC)n4)c3Cl)c2Cl)cnc1CNCC[C@H]1CCCO1
30	mol409	-12.73	COc1ncn(-c2cccc(-c3cccc(-c4cnc(CNC[C@@H]5CCC(=O)N5)c(OC)n4)c3Cl)c2Cl)n1
30	mol368	-12.51	COc1nc(-c2cccc(-c3cccc(-c4cnc(CNC[C@@H]5CCC(=O)N5)c(OC)n4)c3Cl)c2Cl)cnc1CNCC[C@H]1CCCO1
30	mol328	-12.66	COc1nc(-c2cccc(-c3cccc(-c4cnc(CNC[C@@H]5CCC(=O)N5)c(OC)n4)c3Cl)c2Cl)cnc1CNCC[C@H]1CCCO1
30	mol46	-12.65	COc1nc(-c2cccc(-c3cccc(-c4cnc(CNC[C@@H]5CCC(=O)N5)c(OC)n4)c3Cl)c2Cl)cnc1CNCC[C@H]1CCCO1
30	mol131	-12.58	COc1nc(-c2cccc(-c3cccc(-c4cnc(OC[C@@H]5CCCO5)c(OC)n4)c3Cl)c2Cl)cnc1CNC[C@@H]1CCC(=O)N1
30	mol238	-13.16	COc1ncnc(-c2cccc(-c3cccc(-c4cnc(CNC[C@H]5CCC(=O)N5)c(OC)n4)c3Cl)c2Cl)n1
30	mol483	-13.15	COc1nncc(-c2cccc(-c3cccc(-c4cnc(CNC[C@@H]5CCC(=O)N5)c(OC)n4)c3Cl)c2Cl)n1
30	mol472	-13.01	COc1nc(-c2cccc(-c3cccc(-c4cnc(OC[C@H]5CCOC5)c(OC)n4)c3Cl)c2Cl)cnc1CNC[C@H]1CCC(=O)N1
30	mol436	-12.77	COc1nc(-c2cccc(-c3cccc(-c4cnc(OC[C@@H]5CCO5)c(OC)n4)c3Cl)c2Cl)cnc1CNC[C@H]1CCC(=O)N1
30	mol243	-13.06	COc1nc(-c2cccc(-c3cccc(-c4cnc(CNC[C@H]5CCCO5)c(OC)n4)c3Cl)c2Cl)cnc1CNC[C@H]1CCC(=O)N1
30	mol172	-12.52	COc1nc(-c2cccc(-c3cccc(-c4cnc(CNC[C@@H]5CCC(=O)N5)c(OC)n4)c3Cl)c2Cl)cnc1CNCC[C@H]1CCCO1
30	mol484	-13.14	COc1ncnc(-c2cccc(-c3cccc(-c4cnc(CNC[C@H]5CCC(=O)N5)c(OC)n4)c3Cl)c2Cl)n1
30	mol214	-12.54	COc1nc(-c2cccc(-c3cccc(-c4cnc(CNC[C@@H]5CCC(=O)N5)c(OC)n4)c3Cl)c2Cl)cnc1CNCC[C@H]1CCCO1
30	mol431	-13.24	COc1ncc(-c2cccc(-c3cccc(-c4cnc(CNC[C@@H]5CCC(=O)N5)c(OC)n4)c3Cl)c2Cl)cn1
30	mol137	-12.54	COc1nc(-c2cccc(-c3cccc(-c4cnc(CNC[C@@H]5CCC(=O)N5)c(OC)n4)c3Cl)c2Cl)cnc1CNCC[C@H]1CCCO1
30	mol79	-13.42	COc1nc(-c2cccc(-c3cccc(-c4cnc(CNC[C@@H]5CCC(=O)N5)c(OC)n4)c3Cl)c2Cl)cnc1CNCC1CCOCC1
30	mol463	-12.66	COc1nc(-c2cccc(-c3cccc(-c4cnc(CNC[C@@H]5CCC(=O)N5)c(OC)n4)c3Cl)c2Cl)cnc1CNCC[C@H]1CCCO1
30	mol97	-12.72	COc1ncn(-c2cccc(-c3cccc(-c4cnc(CNC[C@@H]5CCC(=O)N5)c(OC)n4)c3Cl)c2Cl)n1
30	mol98	-12.62	COc1nc(-c2cccc(-c3cccc(-c4cnc(CNC[C@@H]5CCC(=O)N5)c(OC)n4)c3Cl)c2Cl)cnc1CNCC[C@H]1CCCO1
30	mol87	-12.94	COc1nc(-c2cccc(-c3cccc(-c4cnc(OCC[C@H]5CCCO5)c(OC)n4)c3Cl)c2Cl)cnc1CNC[C@H]1CCC(=O)N1
30	mol486	-12.49	COc1nc(-c2cccc(-c3cccc(-c4cnc(OC[C@@H]5CCCO5)c(OC)n4)c3Cl)c2Cl)cnc1CNC[C@@H]1CCC(=O)N1
30	mol23	-13.18	COc1nc(-c2cccc(-c3cccc(-c4cnc(CNC[C@@H]5CCC(=O)N5)c(OC)n4)c3Cl)c2Cl)cnc1CNCCn1cnc(C)n1
30	mol58	-12.48	COc1nc(-c2cccc(-c3cccc(-c4cnc(OC[C@@H]5CCCO5)c(OC)n4)c3Cl)c2Cl)cnc1CNC[C@@H]1CCC(=O)N1
30	mol248	-13.0	COc1nc(-c2cccc(-c3cccc(-c4cncc(CNC[C@H]5CCC(=O)N5)c4Cl)c3Cl)c2Cl)cnc1CNCC[C@@H]1CCCO1
30	mol202	-12.63	COc1nc(-c2cccc(-c3cccc(-c4cnc(CNC[C@@H]5CCC(=O)N5)c(OC)n4)c3Cl)c2Cl)cnc1CNCC[C@H]1CCCO1
30	mol251	-12.46	COc1nc(-c2cccc(-c3ccc(-c4cnc(CNC[C@H]5CCC(=O)N5)c(OC)n4)c(Cl)c3Cl)c2Cl)cnc1CNc1ncnc(CCCC[C@@H]2CCCO2)n1
30	mol315	-12.51	COc1nc(-c2cccc(-c3cccc(-c4cnc(CNC[C@@H]5CCC(=O)N5)c(OC)n4)c3Cl)c2Cl)cnc1CNCC[C@H]1CCCO1
30	mol183	-12.98	COc1nc(-c2cccc(-c3cccc(-c4cnc(OC[C@@H]5CCOC5)c(OC)n4)c3Cl)c2Cl)cnc1CC[C@H]1CCC(=O)N1
30	mol82	-12.55	COc1nc(-c2cccc(-c3cccc(-c4cnc(CNC[C@@H]5CCC(=O)N5)c(OC)n4)c3Cl)c2Cl)cnc1CNCC[C@H]1CCCO1
30	mol454	-12.77	COc1nc(-c2cccc(-c3cccc(-c4cnc(CNC[C@@H]5CCC(=O)N5)c(OC)n4)c3Cl)c2Cl)cnc1CNCC[C@H]1CCCO1
30	mol432	-12.53	COc1nc(-c2cccc(-c3cccc(-c4cnc(CNC[C@@H]5CCC(=O)N5)c(OC)n4)c3Cl)c2Cl)cnc1CNCC[C@H]1CCCO1
30	mol134	-13.24	COc1nc(-c2cccc(-c3cccc(-c4cnc(OCC[C@H]5CCOC5)c(OC)n4)c3Cl)c2Cl)cnc1CNC[C@H]1CCC(=O)N1
30	mol364	-12.51	COc1nc(-c2cccc(-c3cccc(-c4cnc(CNC[C@@H]5CCC(=O)N5)c(OC)n4)c3Cl)c2Cl)cnc1CNCC[C@H]1CCCO1
30	mol116	-12.68	COc1nc(-c2cccc(-c3cccc(-c4cnc(CNC[C@@H]5CCC(=O)N5)c(OC)n4)c3Cl)c2Cl)cnc1CNCC[C@H]1CCCO1
30	mol41	-13.14	COc1nc(-c2cccc(-c3cccc(-c4cnc(CNC[C@@H]5CCC(=O)N5)c(OC)n4)c3Cl)c2Cl)cnc1CNCC[C@H]1CCCCO1
30	mol127	-12.63	COc1nc(-c2cccc(-c3cccc(-c4cnc(CNC[C@@H]5CCC(=O)N5)c(OC)n4)c3Cl)c2Cl)cnc1CNCC[C@H]1CCCO1
30	mol277	-12.56	COc1nc(-c2cccc(-c3cccc(-c4cnc(OC[C@@H]5CCCO5)c(OC)n4)c3Cl)c2Cl)cnc1CNC[C@@H]1CCC(=O)N1
30	mol176	-12.56	COc1nc(-c2cccc(-c3cccc(-c4cnc(OC[C@@H]5CCCO5)c(OC)n4)c3Cl)c2Cl)cnc1CNC[C@@H]1CCC(=O)N1
30	mol123	-13.05	COc1nc(-c2cccc(-c3cccc(-c4cnc(CNC[C@H]5CC[C@H](OC)CC5)c(OC)n4)c3Cl)c2Cl)cnc1CNC[C@@H]1CCC(=O)O1
30	mol305	-12.62	COc1nc(-c2cccc(-c3cccc(-c4cnc(CNC[C@@H]5CCC(=O)N5)c(OC)n4)c3Cl)c2Cl)cnc1CNCC[C@H]1CCCO1
30	mol279	-12.12	COc1nc(-c2cccc(-c3cnc(CNCC[C@H]4CCCO4)c(OC)n3)c2Cl)ccc1-c1cccc(CNC[C@@H]2CCC(=O)N2)c1Cl
30	mol497	-12.76	COc1nc(-c2cccc(-c3cccc(-c4cnc(CNC[C@@H]5CCC(=O)N5)c(OC)n4)c3Cl)c2Cl)cnc1CNCC[C@H]1CCCO1
30	mol158	-12.47	COc1nc(-c2cccc(-c3cccc(-c4cnc(CNC[C@@H]5CCC(=O)N5)c(OC)n4)c3Cl)c2Cl)cnc1CNCC[C@H]1CCCO1
30	mol465	-12.52	COc1nc(-c2cccc(-c3cccc(-c4cnc(CNC[C@@H]5CCC(=O)N5)c(OC)n4)c3Cl)c2Cl)cnc1CNCC[C@H]1CCCO1
30	mol43	-12.58	COc1nc(-c2cccc(-c3cccc(-c4cnc(OC[C@@H]5CCCO5)c(OC)n4)c3Cl)c2Cl)cnc1CNC[C@@H]1CCC(=O)N1
30	mol124	-12.71	COc1nc(-c2cccc(-c3cccc(-c4cnc(CNC[C@@H]5CCC(=O)N5)c(OC)n4)c3Cl)c2Cl)cnc1CNCC[C@H]1CCCO1
30	mol85	-12.62	COc1nc(-c2cccc(-c3cccc(-c4cnc(CNC[C@H]5CCCO5)c(OC)n4)c3Cl)c2Cl)cnc1CCCCNC[C@H]1CCC(=O)N1
40	mol114	-13.16	COc1nncc(-c2cccc(-c3cccc(-c4cnc(CNC[C@@H]5CCC(=O)N5)c(OC)n4)c3Cl)c2Cl)n1
40	mol422	-12.61	COc1nc(-c2cccc(-c3cccc(-c4cnc(CNC[C@@H]5CCC(=O)N5)c(OC)n4)c3Cl)c2Cl)cnc1CNCC[C@H]1CCCO1
40	mol25	-13.28	COc1ncc(-c2cccc(-c3cccc(-c4cnc(CNC[C@@H]5CCC(=O)N5)c(OC)n4)c3Cl)c2Cl)cn1
40	mol442	-12.56	COc1nc(-c2cccc(-c3cccc(-c4cnc(CNCC[C@H]5CCCO5)c(OC)n4)c3Cl)c2Cl)cnc1CNCC[C@@H]1CCC(=O)N1
40	mol210	-12.5	COc1nc(-c2cccc(-c3cccc(OCc4ccnc(CNC[C@@H]5CCC(=O)N5)c4Cl)c3Cl)c2Cl)cnc1CNCC[C@H]1CCCO1
40	mol225	-12.61	COc1nc(-c2cccc(-c3cccc(-c4cnc(CNC[C@@H]5CCC(=O)N5)c(OC)n4)c3Cl)c2Cl)cnc1CNCC[C@H]1CCCO1
40	mol10	-13.12	COc1nncc(-c2cccc(-c3cccc(-c4cnc(CNC[C@@H]5CCC(=O)N5)c(OC)n4)c3Cl)c2Cl)n1
40	mol284	-12.47	COc1nc(-c2cccc(-c3cccc(-c4cnc(CNC[C@@H]5CCC(=O)N5)c(OC)n4)c3Cl)c2Cl)cnc1CNCC[C@H]1CCCO1
40	mol400	-12.62	COc1nc(-c2cccc(-c3cccc(-c4cnc(CNC[C@@H]5CCC(=O)N5)c(OC)n4)c3Cl)c2Cl)cnc1CNCC[C@H]1CCCO1
40	mol273	-12.69	COc1nc(-c2cccc(-c3cccc(-c4cnc(CNC[C@@H]5CCC(=O)N5)c(OC)n4)c3Cl)c2Cl)cnc1CNCC[C@H]1CCCO1
40	mol165	-12.39	COc1nc(-c2cccc(-c3cccc(-c4cnc(CNC[C@@H]5CCC(=O)N5)c(OC)n4)c3Cl)c2Cl)cnc1CNCC[C@H]1CCCO1
40	mol99	-12.62	COc1nc(-c2cccc(-c3cccc(-c4cnc(CNC[C@@H]5CCC(=O)N5)c(OC)n4)c3Cl)c2Cl)cnc1CNCC[C@H]1CCCO1
40	mol156	-12.5	COc1nc(-c2cccc(-c3cccc(-c4cnc(CNC[C@@H]5CCC(=O)N5)c(OC)n4)c3Cl)c2Cl)cnc1CNCC[C@H]1CCCO1
40	mol68	-13.13	COc1nncc(-c2cccc(-c3cccc(-c4cnc(CNC[C@@H]5CCC(=O)N5)c(OC)n4)c3Cl)c2Cl)n1
40	mol481	-12.64	COc1nc(-c2cccc(-c3cccc(-c4cnc(CNC[C@@H]5CCC(=O)N5)c(OC)n4)c3Cl)c2Cl)cnc1CNCC[C@H]1CCCO1
40	mol401	-13.46	COc1nc(-c2cccc(-c3cccc(-c4cccc(CNC[C@H]5CCC(=O)N5)c4)c3Cl)c2Cl)cnc1CNCCC1CCCC1
40	mol254	-13.32	COc1ncc(-c2cccc(-c3cccc(-c4cnc(CNC[C@@H]5CCC(=O)N5)c(OC)n4)c3Cl)c2Cl)cn1
40	mol84	-12.71	COc1nc(-c2cccc(-c3cccc(-c4cnc(CNC[C@@H]5CCC(=O)N5)c(OC)n4)c3Cl)c2Cl)cnc1CNCC[C@H]1CCCO1
40	mol6	-12.5	COc1nc(-c2cccc(-c3cccc(-c4cnc(CNCC[C@H]5CCCO5)c(OC)n4)c3Cl)c2Cl)cnc1CNCC[C@@H]1CCC(=O)N1
40	mol405	-12.93	COc1nc(-c2cccc(-c3cccc(-c4cnc(CNCCC5CCCC5)c(OC)n4)c3Cl)c2Cl)cnc1CCNC[C@H]1CCC(=O)N1
40	mol141	-13.07	COc1nc(-c2cccc(-c3cccc(-c4cnc(CNC[C@H]5CCC(=O)N5)c(OC)n4)c3Cl)c2Cl)cnc1CNCCC1CCCC1
40	mol425	-12.56	COc1nc(-c2cccc(-c3cccc(-c4cnc(CNC[C@@H]5CCC(=O)N5)c(OC)n4)c3Cl)c2Cl)cnc1CNCC[C@H]1CCCO1
40	mol175	-12.69	COc1nc(-c2cccc(-c3cccc(-c4cnc(CNC[C@@H]5CCC(=O)N5)c(OC)n4)c3Cl)c2Cl)cnc1CNCC[C@H]1CCCO1
40	mol487	-12.54	COc1nc(-c2cccc(-c3cccc(-c4cnc(CNC[C@H]5CCC(=O)N5)c(OC)n4)c3Cl)c2Cl)cnc1CNCC[C@H]1CC[C@@H](OC)CC1
40	mol55	-12.43	COc1nc(-c2cccc(-c3cccc(-c4cnc(CNC[C@@H]5CCC(=O)N5)c(OC)n4)c3Cl)c2Cl)cnc1CNCC[C@H]1CCCO1
40	mol428	-12.31	COc1nc(-c2cccc(-c3cccc(-c4cn(CCCn5cncn5)cn4)c3Cl)c2Cl)cnc1CNC[C@@H]1CCC(=O)N1
40	mol352	-12.7	COc1nc(-c2cccc(-c3cccc(-c4cnc(CNC[C@@H]5CCC(=O)N5)c(OC)n4)c3Cl)c2Cl)cnc1CCNCC[C@@H]1CCCO1
40	mol298	-13.16	COc1nncc(-c2cccc(-c3cccc(-c4cnc(CNC[C@@H]5CCC(=O)N5)c(OC)n4)c3Cl)c2Cl)n1
40	mol153	-12.55	COc1nc(-c2cccc(-c3cccc(-c4cnc(CNC[C@@H]5CCC(=O)N5)c(OC)n4)c3Cl)c2Cl)cnc1CNCC[C@H]1CCCO1
40	mol289	-12.65	COc1nc(-c2cccc(-c3cccc(-c4cnc(CNC[C@@H]5CCC(=O)N5)c(OC)n4)c3Cl)c2Cl)cnc1CNCC[C@H]1CCCO1
40	mol256	-13.17	COc1nncc(-c2cccc(-c3cccc(-c4cnc(CNC[C@@H]5CCC(=O)N5)c(OC)n4)c3Cl)c2Cl)n1
40	mol108	-13.16	COc1nc(-c2cccc(-c3cccc(-c4cncc(C(=O)C5CC5)c4)c3Cl)c2Cl)cnc1CNCC[C@@H]1CCCO1
40	mol384	-12.72	COc1nc(-c2cccc(-c3cccc(-c4cnc(CNC[C@@H]5CCC(=O)N5)c(OC)n4)c3Cl)c2Cl)cnc1CCNCC[C@@H]1CCCO1
40	mol477	-12.67	COc1nc(-c2cccc(-c3cccc(-c4cnc(CNC[C@@H]5CCC(=O)N5)c(OC)n4)c3Cl)c2Cl)cnc1CNCC[C@H]1CCCO1
40	mol92	-12.66	COc1nc(-c2cccc(-c3cccc(-c4cnc(CNC[C@@H]5CCC(=O)N5)c(OC)n4)c3Cl)c2Cl)cnc1CNCC[C@H]1CCCO1
40	mol459	-12.56	COc1nc(-c2cccc(-c3cccc(-c4cnc(CNC[C@@H]5CCC(=O)N5)c(OC)n4)c3Cl)c2Cl)cnc1CNCC[C@H]1CCCO1
40	mol301	-12.55	COc1nc(-c2cccc(-c3cccc(-c4cnc(CNC[C@@H]5CCC(=O)N5)c(OC)n4)c3Cl)c2Cl)cnc1CNCC[C@H]1CCCO1
40	mol347	-13.39	COc1nc(-c2cccc(-c3cccc(-c4cnc(CN[C@H]5CCC(=O)N5)c(OC)n4)c3Cl)c2Cl)cnc1CNCC[C@H]1CCCO1
40	mol367	-12.63	COc1nc(-c2cccc(-c3cccc(-c4cnc(CNC[C@@H]5CCC(=O)N5)c(OC)n4)c3Cl)c2Cl)cnc1CNCC[C@H]1CCCO1
40	mol73	-13.1	COc1nc(-c2cccc(-c3cccc(-c4cnc(CNCC5CCCCC5)nc4)c3Cl)c2Cl)cnc1CNC[C@@H]1CCCO1
40	mol45	-12.38	COc1nc(-c2cccc(-c3cccc(-c4cnc(CNC[C@@H]5CCC(=O)N5)c(OC)n4)c3Cl)c2Cl)cnc1CNCC[C@H]1CCCO1
40	mol408	-13.01	COc1nc(-c2cccc(-c3cccc(-c4cnc(CNC[C@H]5CCC(=O)N5)c(OC)n4)c3Cl)c2Cl)cnc1CNCCC1CCCC1
40	mol320	-13.17	COc1nncc(-c2cccc(-c3cccc(-c4cnc(CNC[C@@H]5CCC(=O)N5)c(OC)n4)c3Cl)c2Cl)n1
40	mol35	-12.67	COc1nc(-c2cccc(-c3cccc(-c4cnc(CNC[C@@H]5CCC(=O)N5)c(OC)n4)c3Cl)c2Cl)cnc1CNCC[C@H]1CCCO1
40	mol192	-12.57	COc1nc(-c2cccc(-c3cccc(-c4cnc(CNC[C@@H]5CCC(=O)N5)c(OC)n4)c3Cl)c2Cl)cnc1CNCC[C@H]1CCCO1
40	mol52	-12.79	COc1nncc(-c2cccc(-c3cccc(-c4cnc(CNCC[C@H]5CCC(=O)N5)c(OC)n4)c3Cl)c2Cl)n1
40	mol155	-12.53	COc1nc(-c2cccc(-c3cccc(-c4cnc(CNC[C@@H]5CCC(=O)N5)c(OC)n4)c3Cl)c2Cl)cnc1CNCC[C@H]1CCCO1
40	mol348	-13.15	COc1ncc(-c2cccc(-c3cccc(-c4cnc(CNC[C@H]5CCC(=O)N5)c(OC)n4)c3Cl)c2Cl)nn1
40	mol306	-13.32	COc1ncc(-c2cccc(-c3cccc(-c4cnc(CNC[C@@H]5CCC(=O)N5)c(OC)n4)c3Cl)c2Cl)cn1
40	mol186	-13.22	COc1ncc(-c2cccc(-c3cccc(-c4cnc(CNC[C@H]5CCC(=O)N5)c(OC)n4)c3Cl)c2Cl)nn1
40	mol241	-12.88	CCOc1nc(-c2cccc(-c3cccc(-c4cnc(CNC[C@H]5CCC(=O)N5)c(OC)n4)c3Cl)c2Cl)cnc1CNCC[C@@H]1CCCO1
40	mol390	-12.64	COc1nc(-c2cccc(-c3cccc(-c4cnc(CNC[C@@H]5CCC(=O)N5)c(OC)n4)c3Cl)c2Cl)cnc1CNCC[C@H]1CCCO1
40	mol255	-13.27	COc1nc(-c2cccc(-c3cccc(-c4cnc(CN[C@H]5CCC(=O)N5)c(OC)n4)c3Cl)c2Cl)cnc1CNCCC1CCCC1
40	mol106	-12.58	COc1nc(-c2cccc(-c3cccc(-c4cnc(CNC[C@@H]5CCC(=O)N5)c(OC)n4)c3Cl)c2Cl)cnc1CNCC[C@H]1CCCO1
40	mol222	-13.07	COc1nc(-c2cccc(-c3cccc(-c4cnc(CNC[C@@H]5CCC(=O)N5)c(OC)n4)c3Cl)c2Cl)cnc1CNCC[C@H]1CCCCO1
40	mol21	-12.48	COc1nc(-c2cccc(-c3cccc(-c4cnc(CNC[C@@H]5CCC(=O)N5)c(OC)n4)c3Cl)c2Cl)cnc1CNCC[C@H]1CCCO1
40	mol365	-12.62	COc1nc(-c2cccc(-c3cccc(-c4cnc(CNC[C@@H]5CCC(=O)N5)c(OC)n4)c3Cl)c2Cl)cnc1CNCC[C@H]1CCCO1
40	mol470	-12.52	COc1nc(-c2cccc(-c3cccc(-c4cnc(CNC[C@@H]5CCC(=O)N5)c(OC)n4)c3Cl)c2Cl)cnc1CNCC[C@H]1CCCO1
40	mol492	-12.04	COc1nc(-c2ccc(-c3cccc(-c4cnc(CNC[C@H]5CCC(=O)N5)c(OC)n4)c3Cl)cc2Cl)cnc1CNCC[C@@H]1CCCCO1
40	mol24	-12.76	COc1nc(-c2cccc(-c3cccc(-c4cnc(CNC[C@@H]5CCC(=O)N5)c(OC)n4)c3Cl)c2Cl)cnc1CNCC[C@H]1CCCO1
40	mol471	-13.18	COc1ncnc(-c2cccc(-c3cccc(-c4cnc(CNC[C@H]5CCC(=O)N5)c(OC)n4)c3Cl)c2Cl)n1
40	mol473	-13.17	COc1nncc(-c2cccc(-c3cccc(-c4cnc(CNC[C@@H]5CCC(=O)N5)c(OC)n4)c3Cl)c2Cl)n1
40	mol414	-12.54	COc1nc(-c2cccc(-c3cccc(-c4cnc(CNC[C@@H]5CCC(=O)N5)c(OC)n4)c3Cl)c2Cl)cnc1CNCC[C@H]1CCCO1
40	mol149	-12.7	COc1nc(-c2cccc(-c3cccc(-c4cnc(CNC[C@@H]5CCC(=O)N5)c(OC)n4)c3Cl)c2Cl)cnc1CNCC[C@H]1CCCO1
40	mol7	-12.64	COc1nc(-c2cccc(-c3cccc(-c4cnc(CNC[C@@H]5CCC(=O)N5)c(OC)n4)c3Cl)c2Cl)cnc1CNCC[C@H]1CCCO1
40	mol467	-13.12	COc1nc(-c2cccc(-c3cccc(-c4cnc(CNC[C@H]5CCC(=O)N5)c(OC)n4)c3Cl)c2Cl)cnc1CCC[C@@H]1CCCO1
40	mol380	-12.4	COc1nc(-c2cccc(-c3cccc(-c4cnc(CNC[C@H]5CCC(=O)N5)c(OC)n4)c3Cl)c2Cl)cnc1CCNCCC[C@H]1CCCO1
40	mol319	-12.53	COc1nc(-c2cccc(-c3cccc(-c4cnc(CNC[C@@H]5CCC(=O)N5)c(OC)n4)c3Cl)c2Cl)cnc1CNCC[C@H]1CCCO1
40	mol276	-13.45	COc1nc(-c2cccc(-c3cccc(-c4cnc(CNC[C@@H]5CCC(=O)N5)c(OC)n4)c3Cl)c2Cl)cnc1CNCC1CCOCC1
40	mol112	-12.48	COc1nc(-c2cccc(-c3cccc(-c4cnc(CNC[C@@H]5CCC(=O)N5)c(OC)n4)c3Cl)c2Cl)cnc1CNCC[C@H]1CCCO1
40	mol336	-13.0	COc1nc(-c2cccc(-c3cccc(-c4cnc(CNC[C@@H]5CCC(=O)N5)c(OC)n4)c3Cl)c2Cl)cnc1CNCC[C@H]1CCCCO1
40	mol479	-13.01	COc1nc(-c2cccc(-c3cccc(-c4cnc(CNC[C@H]5CCCO5)c(OC)n4)c3Cl)c2Cl)cnc1CNC[C@H]1CCC(=O)N1
40	mol163	-12.91	COc1nc(-c2cccc(-c3cccc(-c4cnc(CNC[C@H]5CCC(=O)N5)c(OC)n4)c3Cl)c2Cl)cnc1CNCCCC1CCCC1
40	mol261	-13.45	COc1ncnc(-c2cccc(-c3cccc(-c4cnc(CN[C@H]5CCC(=O)N5)c(OC)n4)c3Cl)c2Cl)n1
40	mol237	-13.03	COc1nc(-c2cccc(-c3cccc(-c4cnc(CNC[C@H]5CCC(=O)N5)c(OC)n4)c3Cl)c2Cl)cnc1CNCCC1CCCC1
40	mol67	-13.14	COc1nncc(-c2cccc(-c3cccc(-c4cnc(CNC[C@@H]5CCC(=O)N5)c(OC)n4)c3Cl)c2Cl)n1
40	mol338	-12.43	COc1nc(-c2cccc(-c3cccc(-c4cnc(CNC[C@@H]5CCC(=O)N5)c(OC)n4)c3Cl)c2Cl)cnc1CNCC[C@H]1CCCO1
40	mol143	-12.64	COc1nc(-c2cccc(-c3cccc(-c4cnc(CNC[C@@H]5CCC(=O)N5)c(OC)n4)c3Cl)c2Cl)cnc1CNCC[C@H]1CCCO1
40	mol94	-12.64	COc1nc(-c2cccc(-c3cccc(-c4cnc(CNC[C@@H]5CCC(=O)N5)c(OC)n4)c3Cl)c2Cl)cnc1CNCC[C@H]1CCCO1
40	mol385	-12.55	COc1nc(-c2cccc(-c3cccc(-c4cnc(CNC[C@@H]5CCC(=O)N5)c(OC)n4)c3Cl)c2Cl)cnc1CNCC[C@H]1CCCO1
40	mol187	-12.6	COc1nc(-c2cccc(-c3cccc(-c4cnc(CNC[C@@H]5CCC(=O)N5)c(OC)n4)c3Cl)c2Cl)cnc1CNCC[C@H]1CCCO1
40	mol53	-13.03	COc1nc(-c2cccc(-c3cccc(-c4cnc(CNC[C@H]5CCC(=O)N5)c(OC)n4)c3Cl)c2Cl)cnc1CNCCC1CCCC1
40	mol236	-12.47	CCOc1nc(-c2cccc(-c3cccc(-c4cnc(CNC[C@H]5CCC(=O)N5)c(OC)n4)c3Cl)c2Cl)cnc1CCNCC[C@H]1CCCO1
40	mol199	-12.61	COc1nc(-c2cccc(-c3cccc(-c4cnc(CNC[C@@H]5CCC(=O)N5)c(OC)n4)c3Cl)c2Cl)cnc1CNCC[C@H]1CCCO1
40	mol69	-13.37	COc1nc(-c2cccc(-c3cccc(-c4cnc(CN[C@H]5CCC(=O)N5)c(OC)n4)c3Cl)c2Cl)cnc1CNCC[C@H]1CCCO1
40	mol179	-13.05	COc1nc(-c2cccc(-c3cccc(-c4cnc(CNC[C@H]5CCCO5)c(OC)n4)c3Cl)c2Cl)cnc1CNC[C@H]1CCC(=O)N1
40	mol349	-12.71	COc1nc(-c2cccc(-c3cccc(-c4cnc(CNC[C@@H]5CCC(=O)N5)c(OC)n4)c3Cl)c2Cl)cnc1CNCC[C@H]1CCCO1
40	mol100	-12.51	COc1nc(-c2cccc(-c3cccc(-c4cnc(CNC[C@@H]5CCC(=O)N5)c(OC)n4)c3Cl)c2Cl)cnc1CNCC[C@H]1CCCO1
40	mol132	-13.1	COc1nc(-c2cccc(-c3cccc(-c4cnc(CNC[C@H]5CCC(=O)N5)c(OC)n4)c3Cl)c2Cl)cnc1CNCCC1CCCC1
40	mol295	-12.91	COc1nc(-c2cccc(-c3cccc(-c4cnc(CNCCC5CCCC5)c(OC)n4)c3Cl)c2)cnc1CNC[C@H]1CCC(=O)N1
40	mol20	-13.11	COc1nc(-c2cccc(-c3cccc(-c4cnc(CNC[C@H]5CCCO5)c(OC)n4)c3Cl)c2Cl)cnc1CNC[C@H]1CCC(=O)N1
40	mol321	-12.53	COc1nc(-c2cccc(-c3cccc(-c4cnc(CNC[C@H]5CCC(=O)N5)c(OC)n4)c3Cl)c2Cl)cnc1CCNCCC[C@H]1CCCO1
40	mol313	-12.57	COc1nc(-c2cccc(-c3cccc(-c4cnc(CNC[C@@H]5CCC(=O)N5)c(OC)n4)c3Cl)c2Cl)cnc1CNCC[C@H]1CCCO1
40	mol335	-12.05	O=CCCNC(=O)CCNc1ncnc2c1ncn2[C@@H]1CO[C@H](COCCn2cnc(-c3cccc(-c4cccc(-c5cnc(CN[C@@H]6CC[C@@H](O)C6)cn5)c4Cl)c3Cl)c2)O1
40	mol207	-12.68	COc1nc(-c2cccc(-c3cccc(-c4cncnc4)c3Cl)c2Cl)cnc1CNCC[C@H]1CCCO1
40	mol427	-12.57	COc1nc(-c2cccc(-c3cccc(-c4cnc(CNC[C@@H]5CCC(=O)N5)c(OC)n4)c3Cl)c2Cl)cnc1CNCC[C@H]1CCCO1
40	mol209	-12.55	COc1nc(-c2cccc(-c3cccc(-c4cnc(CNC[C@@H]5CCC(=O)N5)c(OC)n4)c3Cl)c2Cl)cnc1CNCC[C@H]1CCCO1
40	mol281	-12.52	COc1nc(-c2cccc(-c3cccc(-c4cnc(CNC[C@@H]5CCC(=O)N5)c(OC)n4)c3Cl)c2Cl)cnc1CNCC[C@H]1CCCO1
40	mol296	-13.15	COc1nncc(-c2cccc(-c3cccc(-c4cnc(CNC[C@@H]5CCC(=O)N5)c(OC)n4)c3Cl)c2Cl)n1
40	mol128	-12.68	COc1nc(-c2cccc(-c3cccc(-c4cnc(CNC[C@@H]5CCC(=O)N5)c(OC)n4)c3Cl)c2Cl)cnc1CNCC[C@H]1CCCO1
40	mol126	-12.55	COc1nc(-c2cccc(-c3cccc(-c4cnc(CNC[C@@H]5CCC(=O)N5)c(OC)n4)c3Cl)c2Cl)cnc1CNCC[C@H]1CCCO1
40	mol267	-12.73	COc1nc(-c2cccc(-c3cccc(-c4cnc(CNC[C@@H]5CCC(=O)N5)c(OC)n4)c3Cl)c2Cl)cnc1CNCC[C@H]1CCCO1
40	mol387	-12.59	COc1nc(-c2cccc(-c3cccc(-c4cnc(CNC[C@@H]5CCC(=O)N5)c(OC)n4)c3Cl)c2Cl)cnc1CNCC[C@H]1CCCO1
40	mol407	-12.89	COc1nc(-c2cccc(-c3cccc(-c4cnc(CNC[C@H]5CCC(=O)N5)c(OC)n4)c3Cl)c2Cl)cnc1CNCCCC1CCCC1
40	mol383	-12.61	COc1nc(-c2cccc(-c3cccc(-c4cnc(CNC[C@@H]5CCC(=O)N5)c(OC)n4)c3Cl)c2Cl)cnc1CNCC[C@H]1CCCO1
40	mol337	-13.15	COc1nc(-c2cccc(-c3cccc(-c4cnc(CNC[C@H]5CCC(=O)N5)c(OC)n4)c3Cl)c2Cl)cnc1CNCCC1CCC1
40	mol60	-13.02	COc1nc(-c2cccc(-c3cccc(-c4cnc(CNC[C@H]5CCC(=O)N5)c(OC)n4)c3Cl)c2Cl)cnc1CNCCC1CCCC1
40	mol169	-13.58	COc1nc(-c2cccc(-c3cccc(-c4cnc(CN[C@H]5CCC(=O)N5)c(OC)n4)c3Cl)c2Cl)cnc1CNCCC1CCCCC1
40	mol50	-13.13	COc1ncnc(-c2cccc(-c3cccc(-c4cnc(CNC[C@H]5CCC(=O)N5)c(OC)n4)c3Cl)c2Cl)n1
40	mol240	-12.61	COc1nc(-c2cccc(-c3cccc(-c4cnc(CNC[C@@H]5CCC(=O)N5)c(OC)n4)c3Cl)c2Cl)cnc1CNCC[C@H]1CCCO1
40	mol445	-12.52	COc1nc(-c2cccc(-c3cccc(-c4cnc(CNC[C@@H]5CCC(=O)N5)c(OC)n4)c3Cl)c2Cl)cnc1CNCC[C@H]1CCCO1
40	mol327	-13.23	COc1nc(-c2cccc(-c3cccc(-c4cnc(CN5CC[C@@H](O)C5)c(OC)n4)c3Cl)c2Cl)cnc1CNCC[C@H]1CCCO1
40	mol325	-12.6	COc1nc(-c2cccc(-c3cccc(-c4cnc(CNC[C@@H]5CCC(=O)N5)c(OC)n4)c3Cl)c2Cl)cnc1CNCC[C@H]1CCCO1
40	mol111	-13.16	COc1ncnc(-c2cccc(-c3cccc(-c4cnc(CNC[C@H]5CCC(=O)N5)c(OC)n4)c3Cl)c2Cl)n1
40	mol62	-12.43	COc1nc(-c2cccc(-c3cccc(-c4cnc(CNC[C@@H]5CCC(=O)N5)c(OC)n4)c3Cl)c2Cl)cnc1CNCC[C@H]1CCCO1
40	mol159	-13.35	COc1nc(-c2cccc(-c3cccc(-c4cnc(CN[C@H]5CCC(=O)N5)c(OC)n4)c3Cl)c2Cl)cnc1CNCC[C@H]1CCCOC1
40	mol340	-12.03	COc1nc(-c2cccc(-c3cccc(C(=O)O)c3Cl)c2Cl)cnc1CNCC[C@@H]1CCCO1
40	mol244	-13.22	COc1nc(-c2cccc(-c3cccc(-c4cccc(CNC[C@H]5CCC(=O)N5)c4)c3Cl)c2Cl)cnc1CNCC[C@@H]1CCCO1
40	mol252	-13.02	COc1nc(-c2cccc(-c3cccc(-c4cnc(CNC[C@H]5CCC(=O)N5)c(OC)n4)c3Cl)c2Cl)cnc1CNCCC1CCCC1
40	mol300	-12.72	COc1nc(-c2cccc(-c3cccc(-c4cnc(CNC[C@@H]5CCC(=O)N5)c(OC)n4)c3Cl)c2Cl)cnc1CNCC[C@H]1CCCO1
40	mol197	-13.14	COc1nncc(-c2cccc(-c3cccc(-c4cnc(CNC[C@@H]5CCC(=O)N5)c(OC)n4)c3Cl)c2Cl)n1
40	mol168	-12.74	COc1nc(-c2cccc(-c3cccc(-c4cnc(CNC[C@@H]5CCC(=O)N5)c(OC)n4)c3Cl)c2Cl)cnc1CNCC[C@H]1CCCO1
40	mol5	-12.46	COc1nc(-c2cccc(-c3cccc(-c4cnc(CNC[C@@H]5CCC(=O)N5)c(OC)n4)c3Cl)c2Cl)cnc1CNCC[C@H]1CCCO1
40	mol49	-13.4	COc1cc(-c2cccc(-c3cccc(-c4cnc(CNC[C@H]5CCCO5)c(OC)n4)c3Cl)c2Cl)cnc1CNC[C@H]1CCC(=O)N1
40	mol196	-12.92	COc1nc(-c2cccc(-c3cccc(-c4cnc(CNC[C@@H]5CCC(=O)N5)c(OC)n4)c3Cl)c2Cl)cnc1CNCC[C@H]1CCCCO1
40	mol449	-12.51	COc1nc(-c2cccc(-c3cccc(-c4cnc(CNCC[C@H]5CCCO5)c(OC)n4)c3Cl)c2Cl)cnc1CNCC[C@@H]1CCC(=O)N1
40	mol283	-12.49	COc1nc(-c2cccc(-c3cccc(-c4cnc(CNC[C@@H]5CCC(=O)N5)c(OC)n4)c3Cl)c2Cl)cnc1CNCC[C@H]1CCCO1
40	mol188	-13.5	COc1nc(-c2cccc(-c3cccc(-c4cnc(CNCC[C@H]5CCCO5)c(OC)n4)c3Cl)c2Cl)cnc1CC/C=C1/CCC(=O)N1
40	mol350	-13.0	COc1nc(-c2cccc(-c3cccc(-c4cnn(C[C@H]5CCC(=O)N5)c4)c3Cl)c2Cl)cnc1CNCC[C@@H]1CCCO1
40	mol70	-12.92	COc1nc(-c2cccc(-c3cccc(-c4cnc([C@H]5CCC(=O)N5)c(OC)n4)c3Cl)c2Cl)cnc1CNCC[C@@H]1CCCO1
40	mol242	-12.86	COc1nc(-c2cccc(-c3cccc(-c4cnc(CNC[C@H]5CCC(=O)N5)c(OC)n4)c3Cl)c2Cl)cnc1CNCCC1CCCC1
40	mol421	-12.65	COc1nc(-c2cccc(-c3cccc(-c4cnc(CNC[C@@H]5CCC(=O)N5)c(OC)n4)c3Cl)c2Cl)cnc1CNCC[C@H]1CCCO1
40	mol102	-12.52	COc1nc(-c2cccc(-c3cccc(-c4cnc(CNC[C@@H]5CCC(=O)N5)c(OC)n4)c3Cl)c2Cl)cnc1CNCC[C@H]1CCCO1
40	mol297	-12.55	COc1nc(-c2cccc(-c3cccc(-c4cnc(CNC[C@@H]5CCC(=O)N5)c(OC)n4)c3Cl)c2Cl)cnc1CNCC[C@H]1CCCO1
40	mol194	-13.01	COc1nc(-c2cccc(-c3cccc(-c4cnc(CNC[C@H]5CCC(=O)N5)c(OC)n4)c3Cl)c2Cl)cnc1CNCCC1CCCC1
40	mol438	-12.62	COc1nc(-c2cccc(-c3cccc(-c4cnc(CNC[C@@H]5CCC(=O)N5)c(OC)n4)c3Cl)c2Cl)cnc1CNCC[C@H]1CCCO1
40	mol146	-12.57	COc1nc(-c2cccc(-c3cccc(-c4cnc(CNC[C@@H]5CCC(=O)N5)c(OC)n4)c3Cl)c2Cl)cnc1CNCC[C@H]1CCCO1
40	mol412	-13.15	COc1ncnc(-c2cccc(-c3cccc(-c4cnc(CNC[C@H]5CCC(=O)N5)c(OC)n4)c3Cl)c2Cl)n1
40	mol233	-12.66	COc1nc(-c2cccc(-c3cccc(-c4cnc(CNC[C@@H]5CCC(=O)N5)c(OC)n4)c3Cl)c2Cl)cnc1CNCC[C@H]1CCCO1
40	mol393	-13.27	COc1nc(-c2cccc(-c3cccc(-c4cnc(CNC[C@H]5CCC(=O)N5)c(OC)n4)c3Cl)c2Cl)cnc1CNCCC1CCC1
40	mol396	-13.13	OCc1cnc(-c2cccc(-c3ccnc(-c4cccc(CNC5CC5)c4)c3Cl)c2Cl)cn1
40	mol478	-12.57	COc1nc(-c2cccc(-c3cccc(-c4cnc(CNC[C@@H]5CCC(=O)N5)c(OC)n4)c3Cl)c2Cl)cnc1CNCC[C@H]1CCCO1
40	mol185	-12.57	COc1nc(-c2cccc(-c3cccc(-c4cnc(CNC[C@@H]5CCC(=O)N5)c(OC)n4)c3Cl)c2Cl)cnc1CNCC[C@H]1CCCO1
40	mol28	-12.61	COc1nc(-c2cccc(-c3cccc(-c4cnc(CNC[C@@H]5CCC(=O)N5)c(OC)n4)c3Cl)c2Cl)cnc1CNCC[C@H]1CCCO1
40	mol357	-12.64	COc1nc(-c2cccc(-c3cccc(-c4cnc(CNC[C@@H]5CCC(=O)N5)c(OC)n4)c3Cl)c2Cl)cnc1CNCC[C@H]1CCCO1
40	mol288	-13.27	COc1nc(-c2cccc(-c3cccc(-c4cnc(CNC[C@@H]5CCC(=O)N5)c(OC)n4)c3Cl)c2Cl)cnc1CNCC[C@H]1CCCOC1
40	mol250	-13.28	COc1nc(-c2cccc(-c3cccc(-c4cnc(OC[C@H]5CCC(=O)N5)c(Cl)c4)c3Cl)c2Cl)cnc1CNCC[C@H]1CCCO1
40	mol253	-13.39	COc1nccc(-c2cccc(-c3cccc(-c4cnc(CNC[C@@H]5CCC(=O)N5)c(OC)n4)c3Cl)c2Cl)n1
40	mol344	-12.5	COc1nc(-c2cccc(-c3cccc(-c4cnc(CNC[C@@H]5CCC(=O)N5)cn4)c3Cl)c2Cl)cnc1CNCC[C@H]1CCCO1
40	mol18	-12.53	COc1nc(-c2cccc(-c3cccc(-c4cnc(CNC[C@@H]5CCC(=O)N5)c(OC)n4)c3Cl)c2Cl)cnc1CNCC[C@H]1CCCO1
40	mol64	-13.1	COc1nc(-c2cccc(-c3cccc(-c4cnc(CNC[C@H]5CCC(=O)N5)c(OC)n4)c3Cl)c2Cl)cnc1CNCCC1CCCC1
40	mol195	-13.13	COc1nc(-c2cccc(-c3cccc(-c4cnc(CNC[C@H]5CCCO5)c(OC)n4)c3Cl)c2Cl)cnc1CNC[C@H]1CCC(=O)N1
40	mol148	-13.09	COc1nc(-c2cccc(-c3cccc(-c4cnc(CNC[C@H]5CCC(=O)N5)c(OC)n4)c3Cl)c2Cl)cnc1CNCCC1CCC1
40	mol91	-13.13	COc1ncnc(-c2cccc(-c3cccc(-c4cnc(CNC[C@H]5CCC(=O)N5)c(OC)n4)c3Cl)c2Cl)n1
40	mol360	-12.55	COc1nc(-c2cccc(-c3cccc(-c4cnc(CNC[C@@H]5CCC(=O)N5)c(OC)n4)c3Cl)c2Cl)cnc1CNCC[C@H]1CCCO1
40	mol13	-12.88	COc1nc(-c2cccc(-c3cccc(-c4ccccn4)c3Cl)c2Cl)cnc1CNCC[C@H]1CCCO1
40	mol249	-12.49	COc1nc(-c2cccc(-c3cccc(-c4cnc(CNC[C@@H]5CCC(=O)N5)c(OC)n4)c3Cl)c2Cl)cnc1CNCC[C@H]1CCCO1
40	mol274	-13.1	COc1nc(-c2cccc(-c3cccc(-c4cnc(CNC[C@H]5CCCO5)c(OC)n4)c3Cl)c2Cl)cnc1CNC[C@H]1CCC(=O)N1
40	mol426	-12.68	COc1nc(-c2cccc(-c3cccc(-c4cnc(CNC[C@@H]5CCC(=O)N5)c(OC)n4)c3Cl)c2Cl)cnc1CNCC[C@H]1CCCO1
40	mol450	-12.91	COc1nc(-c2cccc(-c3cccc(-c4cnc(CC(C)C)nc4C)c3Cl)c2Cl)cnc1CNCC[C@@H]1CCCO1
40	mol434	-12.47	COc1nc(-c2cccc(-c3cccc(-c4cnc(CNC[C@@H]5CCC(=O)N5)c(OC)n4)c3Cl)c2Cl)cnc1CNCC[C@H]1CCCO1
40	mol96	-12.57	COc1nc(-c2cccc(-c3cccc(-c4cnc(CNC[C@@H]5CCC(=O)N5)c(OC)n4)c3Cl)c2Cl)cnc1CNCC[C@H]1CCCO1
40	mol452	-12.77	COc1nc(-c2cccc(-c3cccc(-c4cnc(CNCC[C@H]5CCCO5)c(OC)n4)c3Cl)c2Cl)cnc1CCNC[C@@H]1CCC(=O)N1
40	mol482	-12.71	COc1nc(-c2cccc(-c3cccc(-c4cnc(CNC[C@@H]5CCC(=O)N5)c(OC)n4)c3Cl)c2Cl)cnc1CNCC[C@H]1CCCO1
40	mol268	-12.53	COc1nc(-c2cccc(-c3cccc(-c4cnn(C)n4)c3Cl)c2Cl)cnc1CNCC[C@@H]1CCCO1
40	mol8	-13.05	COc1nc(-c2cccc(-c3cccc(-c4cnc(CNC[C@H]5CCCO5)c(OC)n4)c3Cl)c2Cl)cnc1CNC[C@H]1CCC(=O)N1
40	mol323	-13.16	COc1ncnc(-c2cccc(-c3cccc(-c4cnc(CNC[C@H]5CCC(=O)N5)c(OC)n4)c3Cl)c2Cl)n1
40	mol342	-12.62	COc1nc(-c2cccc(-c3cccc(-c4cnc(CNC[C@@H]5CCC(=O)N5)c(OC)n4)c3Cl)c2Cl)cnc1CNCC[C@H]1CCCO1
40	mol260	-12.53	COc1nc(-c2cccc(-c3cccc(-c4cnn(C)n4)c3Cl)c2Cl)cnc1CNCC[C@@H]1CCCO1
40	mol310	-12.54	COc1nc(-c2cccc(-c3cccc(-c4cnc(CNC[C@@H]5CCC(=O)N5)c(OC)n4)c3Cl)c2Cl)cnc1CCCCCCC1CCCC1
40	mol410	-12.67	COc1nc(-c2cccc(-c3cccc(-c4cnc(CNC[C@@H]5CCC(=O)N5)c(OC)n4)c3Cl)c2Cl)cnc1CNCC[C@H]1CCCO1
40	mol490	-12.58	COc1nc(-c2cccc(-c3cccc(-c4cnc(CNC[C@@H]5CCC(=O)N5)c(OC)n4)c3Cl)c2Cl)cnc1CNCC[C@H]1CCCO1
40	mol458	-13.09	COc1nc(-c2cccc(-c3cccc(-c4cnc(CNC[C@H]5CCC(=O)N5)c(OC)n4)c3Cl)c2Cl)cnc1CNCCC1CCCC1
40	mol37	-13.18	COc1nc(-c2cccc(-c3cccc(-c4cnc(CNC[C@H]5CCC(=O)N5)c(OC)n4)c3Cl)c2Cl)cnc1CNCCC1CCC1
40	mol157	-13.77	COc1nc(-c2cccc(-c3cccc(-c4cnc([C@H]5CC[C@@H](OC)CC5)c(OC)n4)c3Cl)c2Cl)cnc1CNC[C@H]1CCC(=O)N1
40	mol76	-12.57	COc1nc(-c2cccc(-c3cccc(-c4cnc(CNC[C@@H]5CCC(=O)N5)c(OC)n4)c3Cl)c2Cl)cnc1CNCC[C@H]1CCCO1
40	mol339	-12.62	COc1nc(-c2cccc(-c3cccc(-c4cnc(CNC[C@@H]5CCC(=O)N5)c(OC)n4)c3Cl)c2Cl)cnc1CNCC[C@H]1CCCO1
40	mol78	-12.75	COc1nc(-c2cccc(-c3cccc(-c4cnc(CNC[C@@H]5CCC(=O)N5)c(OC)n4)c3Cl)c2Cl)cnc1CNCC[C@H]1CCCO1
40	mol152	-12.54	COc1nc(-c2cccc(-c3cccc(-c4cnc(CNC[C@@H]5CCC(=O)N5)c(OC)n4)c3Cl)c2Cl)cnc1CNCC[C@H]1CCCO1
40	mol429	-12.54	COc1nc(-c2cccc(-c3cccc(-c4cnc(CNC[C@@H]5CCC(=O)N5)c(OC)n4)c3Cl)c2Cl)cnc1CNCC[C@H]1CCCO1
40	mol307	-13.54	COc1nc(-c2cccc(-c3cccc(-c4cccc(OC[C@@H]5CCC(=O)N5)c4)c3Cl)c2Cl)cnc1CNCC[C@H]1CCCO1
40	mol416	-13.15	COc1nc(-c2cccc(-c3cccc(-c4cnc(CNC[C@H]5CCCO5)c(OC)n4)c3Cl)c2Cl)cnc1CNC[C@H]1CCC(=O)N1
40	mol373	-12.56	COc1nc(-c2cccc(-c3cccc(-c4cnc(CNC[C@@H]5CCC(=O)N5)c(OC)n4)c3Cl)c2Cl)cnc1CNCC[C@H]1CCCO1
40	mol282	-12.67	COc1nc(-c2cccc(-c3cccc(-c4cnc(CNC[C@@H]5CCCO5)c(OC)n4)c3Cl)c2Cl)cnc1CCNC[C@@H]1CCC(=O)N1
40	mol326	-12.64	COc1nc(-c2cccc(-c3cccc(-c4cnc(CNC[C@@H]5CCC(=O)N5)c(OC)n4)c3Cl)c2Cl)cnc1CNCC[C@H]1CCCO1
40	mol433	-12.55	COc1nc(-c2cccc(-c3cccc(-c4cnc(CNC[C@@H]5CCC(=O)N5)c(OC)n4)c3Cl)c2Cl)cnc1CNCC[C@H]1CCCO1
40	mol317	-12.09	COc1ncn(-c2cccc(-c3cccc(-c4cncnc4)c3Cl)c2Cl)n1
40	mol415	-13.64	COCCOc1nc(-c2cccc(-c3cccc(-c4cccc(CNC[C@H]5CCC(=O)N5)c4Cl)c3Cl)c2Cl)cnc1CNCC[C@@H]1CCCOC1
40	mol398	-12.52	COc1nc(-c2cccc(-c3cccc(-c4cnc(CNC[C@@H]5CCC(=O)N5)c(OC)n4)c3Cl)c2Cl)cnc1CNCC[C@H]1CCCO1
40	mol63	-12.77	COc1nc(-c2cccc(-c3cccc(-c4cnc(CNC[C@@H]5CCC(=O)N5)c(OC)n4)c3Cl)c2Cl)cnc1CNCC[C@H]1CCCO1
40	mol26	-13.0	COc1nc(-c2cccc(-c3cccc(-c4cnc(CNC[C@H]5CCC(=O)N5)c(OC)n4)c3Cl)c2Cl)cnc1CNCCC1CCCC1
40	mol34	-12.72	COc1nc(-c2cccc(-c3cccc(-c4cnc(CNC[C@@H]5CCC(=O)N5)c(OC)n4)c3Cl)c2Cl)cnc1CNCC[C@H]1CCCO1
40	mol291	-12.71	COc1nc(-c2cccc(-c3cccc(-c4cnc(CNC[C@@H]5CCC(=O)N5)c(OC)n4)c3Cl)c2Cl)cnc1CNCC[C@H]1CCCO1
40	mol475	-12.68	COc1nc(-c2cccc(-c3cccc(-c4cnc(CNC[C@@H]5CCC(=O)N5)c(OC)n4)c3Cl)c2Cl)cnc1CNCC[C@H]1CCCO1
40	mol493	-12.63	COc1nc(-c2cccc(-c3cccc(-c4cnc(CNC[C@@H]5CCC(=O)N5)c(OC)n4)c3Cl)c2Cl)cnc1CNCC[C@H]1CCCO1
40	mol217	-13.13	COc1ncnc(-c2cccc(-c3cccc(-c4cnc(CNC[C@H]5CCC(=O)N5)c(OC)n4)c3Cl)c2Cl)n1
40	mol213	-12.61	COc1cnc(-c2cccc(-c3cccc(-c4cnc(CNC[C@@H]5CCC(=O)N5)c(OC)n4)c3)c2Cl)cn1
40	mol330	-13.14	COc1ncnc(-c2cccc(-c3cccc(-c4cnc(CNC[C@H]5CCC(=O)N5)c(OC)n4)c3Cl)c2Cl)n1
40	mol448	-12.44	COc1nc(-c2cccc(-c3cccc(-c4cnc(CNC[C@@H]5CCC(=O)N5)c(OC)n4)c3Cl)c2Cl)cnc1CNCC[C@H]1CCCO1
40	mol418	-14.24	Cc1nc(-c2cccc(-c3cccc(-c4ccc(CNC[C@H]5CCC(=O)N5)cn4)c3Cl)c2Cl)cnc1O
40	mol40	-13.17	COc1ncnc(-c2cccc(-c3cccc(-c4cnc(CNC[C@H]5CCC(=O)N5)c(OC)n4)c3Cl)c2Cl)n1
40	mol223	-12.51	COc1nc(-c2cccc(-c3cccc(-c4cnc(CNCC[C@@H]5CCCO5)c(OC)n4)c3Cl)c2Cl)cnc1CNCCC[C@@H]1CCC(=O)N1
40	mol287	-12.93	COc1nc(-c2cccc(-c3cccc(-c4cnc(CNC[C@H]5CCC(=O)N5)c(OC)n4)c3Cl)c2Cl)cnc1CNCCC1CCCC1
40	mol341	-12.56	COc1nc(-c2cccc(-c3cccc(-c4cnc(CNC[C@@H]5CCC(=O)N5)c(OC)n4)c3Cl)c2Cl)cnc1CNCC[C@H]1CCCO1
40	mol101	-12.58	COc1nc(-c2cccc(-c3cccc(-c4cnc(CNC[C@@H]5CCC(=O)N5)c(OC)n4)c3Cl)c2Cl)cnc1CNCC[C@H]1CCCO1
40	mol36	-13.36	COc1nc(-c2cccc(-c3cccc(-c4cccc(CNC[C@H]5CCC(=O)N5)c4)c3Cl)c2Cl)cnc1CNCC[C@@H]1CCCO1
40	mol491	-12.48	COc1nc(-c2cccc(-c3cccc(-c4cnc(CNC[C@@H]5CCC(=O)N5)c(OC)n4)c3Cl)c2Cl)cnc1CNCCC1CCCCC1
40	mol144	-13.51	COc1nc(-c2cccc(-c3cccc(-c4cnc(CNC[C@H]5CCC(=O)N5)c(OC)n4)c3Cl)c2Cl)cnc1CC[C@H]1CCCO1
40	mol308	-13.15	COc1nc(-c2cccc(-c3cccc(-c4cnc(CNC[C@H]5CCCO5)c(OC)n4)c3Cl)c2Cl)cnc1CNC[C@H]1CCC(=O)N1
40	mol480	-12.68	COc1nc(-c2cccc(-c3cccc(-c4cnc(CNC[C@@H]5CCC(=O)N5)c(OC)n4)c3Cl)c2Cl)cnc1CNCC[C@H]1CCCO1
40	mol275	-13.27	COc1ncc(-c2cccc(-c3cccc(-c4cnc(CNC[C@@H]5CCC(=O)N5)c(OC)n4)c3Cl)c2Cl)cn1
40	mol80	-13.43	COc1nc(-c2cccc(-c3cccc(-c4cnc(CNC[C@H]5CCC(=O)N5)c(OC)n4)c3Cl)c2Cl)cnc1CC[C@H]1CCCO1
40	mol167	-12.77	COc1nc(-c2cccc(-c3cccc(-c4cnc(CNC[C@@H]5CCC(=O)N5)c(OC)n4)c3Cl)c2Cl)cnc1CNCC[C@H]1CCCO1
40	mol54	-13.21	COc1nc(-c2cccc(-c3cccc(-c4cnc(CNC[C@H]5CCC(=O)N5)c(OC)n4)c3Cl)c2Cl)cnc1CNCCC1CCC1
40	mol118	-13.17	COc1nc(-c2cccc(-c3cccc(-c4cnc([C@@H]5CCCO5)c(OC)n4)c3Cl)c2Cl)cnc1CNC[C@H]1CCC(=O)N1
40	mol247	-12.6	COc1nc(-c2cccc(-c3cccc(-c4cnc(CNC[C@H]5CCC(=O)N5)c(OC)n4)c3Cl)c2Cl)cnc1CNCCC[C@H]1CCCO1
40	mol200	-12.56	COc1nc(-c2cccc(-c3cccc(-c4cnc(CNC[C@@H]5CCC(=O)N5)c(OC)n4)c3Cl)c2Cl)cnc1CNCC[C@H]1CCCO1
40	mol138	-12.64	COc1nc(-c2cccc(-c3cccc(-c4cnc(CNC[C@@H]5CCC(=O)N5)c(OC)n4)c3Cl)c2Cl)cnc1CNCC[C@H]1CCCO1
40	mol1	-13.13	COc1nncc(-c2cccc(-c3cccc(-c4cnc(CNC[C@@H]5CCC(=O)N5)c(OC)n4)c3Cl)c2Cl)n1
40	mol245	-12.05	COc1nc(-c2cccc(-c3cccc(-c4cnc(CNC[C@@H]5CCC(=O)N5)c(OC)n4)c3Cl)c2Cl)cnc1CNCCNCC[C@@H]1CCCO1
40	mol488	-12.68	COc1nc(-c2cccc(-c3cccc(-c4cnc(CNC[C@@H]5CCC(=O)N5)c(OC)n4)c3Cl)c2Cl)cnc1CNCC[C@H]1CCCO1
40	mol334	-13.16	COc1nc(-c2cccc(-c3cccc(-c4cnc(CNC[C@@H]5CCCO5)c(OC)n4)c3Cl)c2Cl)cnc1CNC[C@H]1CCCC(=O)N1
40	mol286	-12.7	COc1nc(-c2cccc(-c3cccc(-c4cnc(CNC[C@@H]5CCC(=O)N5)c(OC)n4)c3Cl)c2Cl)cnc1CNCC[C@H]1CCCO1
40	mol329	-12.55	COc1nc(-c2cccc(-c3cccc(-c4cnc(CNC[C@@H]5CCC(=O)N5)c(OC)n4)c3Cl)c2Cl)cnc1CNCC[C@H]1CCCO1
40	mol271	-12.61	COc1nc(-c2cccc(-c3cccc(-c4cnc(CNC[C@@H]5CCC(=O)N5)c(OC)n4)c3Cl)c2Cl)cnc1CNCC[C@H]1CCCO1
40	mol386	-12.53	COc1nc(-c2cccc(-c3cccc(-c4cnc(CNC[C@@H]5CCC(=O)N5)c(OC)n4)c3Cl)c2Cl)cnc1CNCC[C@H]1CCCO1
40	mol231	-12.62	COc1nc(-c2cccc(-c3cccc(-c4cnc(CNC[C@@H]5CCC(=O)N5)c(OC)n4)c3Cl)c2Cl)cnc1CNCC[C@H]1CCCO1
40	mol469	-12.43	COc1nc(-c2cccc(-c3cccc(-c4cnc(CNC[C@@H]5CCC(=O)N5)c(OC)n4)c3Cl)c2Cl)cnc1CNCC[C@H]1CCCO1
40	mol258	-12.98	COc1ncc(-c2cccc(-c3cccc(-c4cnc(CNC[C@H]5CCC(=O)N5)c(OC)n4)c3Cl)c2CCl)cn1
40	mol32	-12.72	COc1nc(-c2cccc(-c3cccc(-c4cnc(CNC[C@@H]5CCC(=O)N5)c(OC)n4)c3Cl)c2Cl)cnc1CNCC[C@H]1CCCO1
40	mol218	-12.44	COc1nc(-c2cccc(-c3cccc(-c4cnc(CNC[C@@H]5CCC(=O)N5)c(OC)n4)c3Cl)c2Cl)cnc1CNCC[C@H]1CCCO1
40	mol370	-12.52	COc1nc(-c2cccc(-c3cccc(-c4cnc(CNC[C@@H]5CCC(=O)N5)c(OC)n4)c3Cl)c2Cl)cnc1CNCC[C@H]1CCCO1
40	mol177	-12.75	COc1nc(-c2cccc(-c3cccc(-c4cnc(CNC[C@@H]5CCC(=O)N5)c(OC)n4)c3Cl)c2Cl)cnc1CNCCC1CCCCC1
40	mol499	-12.14	COc1nncc(-c2ccc(-c3cccc(-c4cnc(CNC[C@@H]5CCC(=O)N5)c(OC)n4)c3Cl)cn2)n1
40	mol212	-12.73	COc1nc(-c2cccc(-c3cccc(-c4cnc(CNC[C@@H]5CCC(=O)N5)c(OC)n4)c3Cl)c2Cl)cnc1CNCC[C@H]1CCCO1
40	mol234	-13.13	COc1nc(-c2cccc(-c3cccc(-c4cnc(CNC[C@@H]5CCC(=O)N5)c(OC)n4)c3Cl)c2Cl)cnc1CNCC1CCC1
40	mol293	-12.81	COc1nc(-c2cccc(-c3cccc(-c4cnc(CNC[C@@H]5CCC(=O)N5)c(OC)n4)c3Cl)c2Cl)cnc1CNCC[C@H]1CCCO1
40	mol105	-13.15	COc1nncc(-c2cccc(-c3cccc(-c4cnc(CNC[C@@H]5CCC(=O)N5)c(OC)n4)c3Cl)c2Cl)n1
40	mol232	-12.59	COc1nc(-c2cccc(-c3cccc(-c4cnc(CNC[C@@H]5CCC(=O)N5)c(OC)n4)c3Cl)c2Cl)cnc1CNCC[C@H]1CCCO1
40	mol444	-13.08	COc1nc(-c2cccc(-c3cccc(-c4cnc(CNC[C@H]5CCCO5)c(OC)n4)c3Cl)c2Cl)cnc1CNC[C@H]1CCC(=O)N1
40	mol166	-13.5	COc1nc(-c2cccc(-c3cccc(-c4cnc(CC(=O)N5COC(=O)C5)c(OC)n4)c3Cl)c2Cl)cnc1CNCC[C@@H]1CCCO1
40	mol435	-12.51	COc1nc(-c2cccc(-c3cccc(-c4cnc(CNC[C@@H]5CCC(=O)N5)c(OC)n4)c3Cl)c2Cl)cnc1CNCC[C@H]1CCCO1
40	mol353	-12.48	COc1nc(-c2cccc(-c3cccc(-c4cnc(CNC[C@@H]5CCC(=O)N5)c(OC)n4)c3Cl)c2Cl)cnc1CNCC[C@H]1CCCO1
40	mol57	-12.54	COc1nc(-c2cccc(-c3cccc(-c4cnc(CNC[C@@H]5CCC(=O)N5)c(OC)n4)c3Cl)c2Cl)cnc1CNCC[C@H]1CCCO1
40	mol366	-13.11	COc1nc(-c2cccc(-c3cccc(-c4cnc(CNC[C@H]5CCCO5)c(OC)n4)c3Cl)c2Cl)cnc1CNC[C@H]1CCC(=O)N1
40	mol403	-12.66	COc1nc(-c2cccc(-c3cccc(-c4cnc(CNC[C@@H]5CCC(=O)N5)c(OC)n4)c3Cl)c2Cl)cnc1CNCC[C@H]1CCCO1
40	mol140	-13.12	COc1nc(-c2cccc(-c3cccc(-c4cnc(OC[C@H]5CCC(=O)N5)c(OC)n4)c3Cl)c2Cl)cnc1CNC[C@@H]1CCCO1
40	mol162	-12.65	COc1nc(-c2cccc(-c3cccc(-c4cnc(CNC[C@@H]5CCC(=O)N5)c(OC)n4)c3Cl)c2Cl)cnc1CNCC[C@H]1CCCO1
40	mol239	-13.07	COc1nc(-c2cccc(-c3cccc(-c4cnc(CN[C@H]5CCC(=O)N5)c(OC)n4)c3Cl)c2Cl)cnc1CNCCC(C)C
40	mol489	-12.72	COc1nc(-c2cccc(-c3cccc(-c4cnc(CNC[C@@H]5CCC(=O)N5)c(OC)n4)c3Cl)c2Cl)cnc1CCNCC[C@@H]1CCCO1
40	mol95	-12.43	COc1nc(-c2cccc(-c3ccccc3Cl)c2Cl)cnc1CCC1CCCC1
40	mol381	-13.03	COc1nc(-c2cccc(-c3cccc(-c4cnc(CNC[C@H]5CCC(=O)N5)c(OC)n4)c3Cl)c2Cl)cnc1CNCCC1CCCC1
40	mol164	-12.68	COc1nc(-c2cccc(-c3cccc(-c4cnc(CNC[C@@H]5CCC(=O)N5)c(OC)n4)c3Cl)c2Cl)cnc1CNCC[C@H]1CCCO1
40	mol457	-13.06	COc1nc(-c2cccc(-c3cccc(-c4cnc(CNC[C@@H]5CCC(=O)N5)c(OC)n4)c3Cl)c2Cl)cnc1CNCC[C@H]1CCCCO1
40	mol355	-12.53	COc1nc(-c2cccc(-c3cccc(-c4cnc(CNC[C@@H]5CCC(=O)N5)c(OC)n4)c3Cl)c2Cl)cnc1CNCC[C@H]1CCCO1
40	mol180	-12.61	COc1nc(-c2cccc(-c3cccc(-c4cnc(CNC[C@@H]5CCC(=O)N5)c(OC)n4)c3Cl)c2Cl)cnc1CNCC[C@H]1CCCO1
40	mol171	-12.59	COc1nc(-c2cccc(-c3cccc(-c4cnc(CNC[C@@H]5CCC(=O)N5)c(OC)n4)c3Cl)c2Cl)cnc1CNCC[C@H]1CCCO1
40	mol190	-12.58	COc1nc(-c2cccc(-c3cccc(-c4cnc(CNC[C@@H]5CCC(=O)N5)c(OC)n4)c3Cl)c2Cl)cnc1CNCC[C@H]1CCCO1
40	mol361	-12.5	COc1nc(-c2cccc(-c3cccc(-c4cnc(CNC[C@@H]5CCC(=O)N5)c(OC)n4)c3Cl)c2Cl)cnc1CNCC[C@H]1CCCO1
40	mol322	-12.46	COc1nc(-c2cccc(-c3cccc(-c4cnc(CNC[C@@H]5CCC(=O)N5)c(OC)n4)c3Cl)c2Cl)cnc1CNCC[C@H]1CCCO1
40	mol259	-12.72	COc1nc(-c2cccc(-c3cccc(-c4cnc(CNC[C@@H]5CCC(=O)N5)c(OC)n4)c3Cl)c2Cl)cnc1CNCC[C@H]1CCCO1
40	mol129	-13.14	COc1nncc(-c2cccc(-c3cccc(-c4cnc(CNC[C@@H]5CCC(=O)N5)c(OC)n4)c3Cl)c2Cl)n1
40	mol44	-12.48	COc1nc(-c2cccc(-c3cccc(-c4cnc(CNC[C@@H]5CCC(=O)N5)c(OC)n4)c3Cl)c2Cl)cnc1CNCC[C@H]1CCCO1
40	mol372	-13.12	COc1nc(-c2cccc(-c3cccc(-c4cnc(CNC[C@H]5CCCO5)c(OC)n4)c3Cl)c2Cl)cnc1CNC[C@H]1CCC(=O)N1
40	mol314	-12.5	COc1nc(-c2cccc(-c3cccc(-c4cnc(CNC[C@@H]5CCC(=O)N5)c(OC)n4)c3Cl)c2Cl)cnc1CNCC[C@H]1CCCO1
40	mol453	-12.56	COc1nc(-c2cccc(-c3cccc(-c4cnc(CNC[C@@H]5CCC(=O)N5)c(OC)n4)c3Cl)c2Cl)cnc1CNCC[C@H]1CCCO1
40	mol160	-12.51	COc1nc(-c2cccc(-c3cccc(-c4cnc(CNC[C@@H]5CCC(=O)N5)c(OC)n4)c3Cl)c2Cl)cnc1CNCC[C@H]1CCCO1
40	mol440	-12.62	COc1nc(-c2cccc(-c3cccc(-c4cnc(CNC[C@@H]5CCC(=O)N5)c(OC)n4)c3Cl)c2Cl)cnc1CNCC[C@H]1CCCO1
40	mol89	-12.34	COc1ncc(-c2ccc(-c3cccc(-c4cnc(CNC[C@H]5CCC(=O)N5)c(OC)n4)c3Cl)cc2Cl)cn1
40	mol316	-13.15	COc1nc(-c2cccc(-c3cccc(-c4cnc(CNC[C@H]5CCC(=O)N5)c(OC)n4)c3Cl)c2Cl)cnc1CNCCC1CCCC1
40	mol77	-13.27	COc1nc(-c2cccc(-c3cccc(-c4cnc(CN[C@H]5CCC(=O)N5)c(OC)n4)c3Cl)c2Cl)cnc1CNCC[C@H]1CCCO1
40	mol229	-12.49	COc1nc(-c2cccc(-c3cccc(-c4cnc(CNC[C@@H]5CCC(=O)N5)c(OC)n4)c3Cl)c2Cl)cnc1CNCC[C@H]1CCCO1
40	mol292	-12.63	COc1nc(-c2cccc(-c3cccc(-c4cnc(CNC[C@@H]5CCC(=O)N5)c(OC)n4)c3Cl)c2Cl)cnc1CNCC[C@H]1CCCO1
40	mol362	-12.71	COc1nc(-c2cccc(-c3cccc(-c4cnc(CNC[C@@H]5CCC(=O)N5)c(OC)n4)c3Cl)c2Cl)cnc1CNCC[C@H]1CCCO1
40	mol38	-12.64	COc1nc(-c2cccc(-c3cccc(-c4cnc(CNC[C@@H]5CCC(=O)N5)c(OC)n4)c3Cl)c2Cl)cnc1CNCC[C@H]1CCCO1
40	mol359	-12.62	COc1nc(-c2cccc(-c3cccc(-c4cnc(CNC[C@@H]5CCC(=O)N5)c(OC)n4)c3Cl)c2Cl)cnc1CNCC[C@H]1CCCO1
40	mol439	-12.6	COc1nc(-c2cccc(-c3cccc(-c4cnc(CNC[C@@H]5CCC(=O)N5)c(OC)n4)c3Cl)c2Cl)cnc1CNCC[C@H]1CCCO1
40	mol474	-13.24	COc1nc(-c2cccc(-c3cccc(-c4cnc(CNCC[C@@H]5CCCCO5)c(OC)n4)c3Cl)c2Cl)cnc1CCNC[C@@H]1CCC(=O)N1
40	mol216	-12.47	COc1nc(-c2cccc(-c3cccc(-c4cnc(CNC[C@@H]5CCC(=O)N5)c(OC)n4)c3Cl)c2Cl)cnc1CNCC[C@H]1CCCO1
40	mol394	-13.12	COc1ncnc(-c2cccc(-c3cccc(-c4cnc(CNC[C@H]5CCC(=O)N5)c(OC)n4)c3Cl)c2Cl)n1
40	mol198	-13.04	COc1nc(-c2cccc(-c3cccc(-c4cnc(CNC[C@H]5CCC(=O)N5)c(OC)n4)c3Cl)c2Cl)cnc1CNCCC1CCCC1
40	mol117	-12.54	CCOc1nc(-c2cccc(-c3cccc(-c4cnc(CNC[C@H]5CCC(=O)N5)c(OC)n4)c3Cl)c2Cl)cnc1CNCC[C@@H]1CCCO1
40	mol174	-13.12	COc1nncc(-c2cccc(-c3cccc(-c4cnc(CNC[C@@H]5CCC(=O)N5)c(OC)n4)c3Cl)c2Cl)n1
40	mol294	-13.09	COc1nncc(-c2cccc(-c3cccc(-c4cnc(CNC[C@@H]5CCC(=O)N5)c(OC)n4)c3Cl)c2Cl)n1
40	mol227	-12.53	COc1nc(-c2cccc(-c3cccc(-c4cnc(CNC[C@@H]5CCC(=O)N5)c(OC)n4)c3Cl)c2Cl)cnc1CNCC[C@H]1CCCO1
40	mol430	-13.18	COc1nncc(-c2cccc(-c3cccc(-c4cnc(CNC[C@@H]5CCC(=O)N5)c(OC)n4)c3Cl)c2Cl)n1
40	mol11	-12.56	COc1nc(-c2cccc(-c3cccc(-c4cnc(CNC[C@H]5CCC(=O)N5)c(OC)n4)c3Cl)c2Cl)cnc1CNCCC[C@H]1CCCO1
40	mol309	-12.59	COc1nc(-c2cccc(-c3cccc(-c4cnc(CNC[C@@H]5CCC(=O)N5)c(OC)n4)c3Cl)c2Cl)cnc1CNCC[C@H]1CCCO1
40	mol139	-12.65	COc1nc(-c2cccc(-c3cccc(-c4cnc(CNC[C@@H]5CCC(=O)N5)c(OC)n4)c3Cl)c2Cl)cnc1CNCC[C@H]1CCCO1
40	mol110	-12.59	COc1nc(-c2cccc(-c3cccc(-c4cnc(CNC[C@@H]5CCC(=O)N5)c(OC)n4)c3Cl)c2Cl)cnc1CNCC[C@H]1CCCO1
40	mol182	-13.17	COc1ncnc(-c2cccc(-c3cccc(-c4cnc(CNC[C@H]5CCC(=O)N5)c(OC)n4)c3Cl)c2Cl)n1
40	mol9	-12.5	COc1nc(-c2cccc(-c3cccc(-c4cnc(CNC[C@@H]5CCC(=O)N5)c(OC)n4)c3Cl)c2Cl)cnc1CNCC[C@H]1CCCO1
40	mol133	-12.56	COc1nc(-c2cccc(-c3cccc(-c4cnc(CNC[C@@H]5CCC(=O)N5)c(OC)n4)c3Cl)c2Cl)cnc1CNCC[C@H]1CCCO1
40	mol424	-12.88	COc1nc(-c2cccc(-c3cccc(-c4cncc(CNC[C@H]5CCC(=O)N5)c4Cl)c3Cl)c2Cl)cnc1CNCC[C@@H]1CCCO1
40	mol351	-12.98	COc1nc(-c2cccc(-c3cccc(-c4cnc(CNC[C@H]5CCC(=O)N5)c(OC)n4)c3Cl)c2Cl)cnc1CNCCC1CCCC1
40	mol208	-12.99	COc1nc(-c2cccc(-c3cccc(-c4cnc(CNC[C@H]5CCCO5)c(OC)n4)c3Cl)c2Cl)cnc1CNC[C@H]1CCC(=O)N1
40	mol388	-12.5	COc1nc(CNC[C@H]2CCCO2)nc(-c2cccc(-c3cccc(-c4cnc(CNC[C@@H]5CCC(=O)N5)c(OC)n4)c3Cl)c2Cl)n1
40	mol147	-13.22	COc1nc(-c2cccc(-c3cccc(-c4cnc(CNC[C@H]5C=CC(=O)N5)c(OC)n4)c3Cl)c2Cl)cnc1CNCC[C@H]1CCCO1
40	mol90	-13.13	COc1nc(-c2cccc(-c3cccc(-c4cnc(CNC[C@@H]5CCCC(=O)N5)c(OC)n4)c3Cl)c2Cl)cnc1CNCC[C@@H]1CCCO1
40	mol150	-13.59	COc1nc(-c2cccc(-c3cccc(-c4cnn(C)c4Cl)c3Cl)c2Cl)cnc1CNC[C@H]1CC[C@@H](OC)CC1
40	mol121	-13.13	COc1nncc(-c2cccc(-c3cccc(-c4cnc(CNC[C@@H]5CCC(=O)N5)c(OC)n4)c3Cl)c2Cl)n1
40	mol331	-13.17	COc1ncnc(-c2cccc(-c3cccc(-c4cnc(CNC[C@H]5CCC(=O)N5)c(OC)n4)c3Cl)c2Cl)n1
40	mol441	-12.33	O=C1CC[C@H](CCNCc2ncc(-c3cccc(-c4cccc(-c5cn(CC[C@@H]6CCO6)cn5)c4Cl)c3Cl)cc2OC[C@@H]2CCC(=O)N2)N1
40	mol363	-12.56	COc1nc(-c2cccc(-c3cccc(-c4cnc(CNC[C@@H]5CCC(=O)N5)c(OC)n4)c3Cl)c2Cl)cnc1CNCC[C@H]1CCCO1
40	mol93	-13.15	COc1ncnc(-c2cccc(-c3cccc(-c4cnc(CNC[C@H]5CCC(=O)N5)c(OC)n4)c3Cl)c2Cl)n1
40	mol376	-13.03	COc1nc(-c2cccc(-c3cccc(-c4cnc(CNC[C@@H]5CCCC(=O)N5)c(OC)n4)c3Cl)c2Cl)cnc1CNCC[C@@H]1CCCO1
40	mol312	-12.53	COc1nc(-c2cccc(-c3cccc(-c4cnc(CNC[C@@H]5CCC(=O)N5)c(OC)n4)c3Cl)c2Cl)cnc1CNCC[C@H]1CCCO1
40	mol113	-12.97	COc1cnc(-c2cccc(-c3cccc(-c4cnc(CNC[C@@H]5CCC(=O)N5)c(OC)n4)c3Cl)c2Cl)cn1
40	mol120	-12.59	COc1nc(-c2cccc(-c3cccc(-c4cnc(CNC[C@@H]5CCC(=O)N5)c(OC)n4)c3Cl)c2Cl)cnc1CNCC[C@H]1CCCO1
40	mol83	-12.69	COc1nc(-c2cccc(-c3cccc(-c4cnc(CNC[C@@H]5CCC(=O)N5)c(OC)n4)c3Cl)c2Cl)cnc1CNCC[C@H]1CCCO1
40	mol2	-12.61	COc1nc(-c2cccc(-c3cccc(-c4cnc(CNC[C@@H]5CCC(=O)N5)c(OC)n4)c3Cl)c2Cl)cnc1CNCC[C@H]1CCCO1
40	mol354	-12.62	COc1nc(-c2cccc(-c3cccc(-c4cnc(CNC[C@@H]5CCC(=O)N5)c(OC)n4)c3Cl)c2Cl)cnc1CNCC[C@H]1CCCO1
40	mol191	-13.17	COc1ncnc(-c2cccc(-c3cccc(-c4cnc(CNC[C@H]5CCC(=O)N5)c(OC)n4)c3Cl)c2Cl)n1
40	mol466	-12.59	COc1nc(-c2cccc(-c3cccc(-c4cnc(CNC[C@@H]5CCC(=O)N5)c(OC)n4)c3Cl)c2Cl)cnc1CNCC[C@H]1CCCO1
40	mol395	-13.02	COc1nc(-c2cccc(-c3cccc(-c4cnc(CNC[C@H]5CCC(=O)N5)c(OC)n4)c3Cl)c2Cl)cnc1CNCCC1CCCC1
40	mol262	-12.51	COc1nc(-c2cccc(-c3cccc(-c4cnc(CNC[C@H]5CCC(=O)N5)c(OC)n4)c3Cl)c2Cl)cnc1CCNCCC1CCC1
40	mol257	-12.63	COc1nc(-c2cccc(-c3cccc(-c4cnc(CNC[C@@H]5CCC(=O)N5)c(OC)n4)c3Cl)c2Cl)cnc1CNCC[C@H]1CCCO1
40	mol485	-13.87	COc1nc(-c2cccc(-c3cccc(-c4cnc(CNC[C@H]5CCC(=O)N5)c(CNC(=O)[C@@H]5CCC(=O)N5)c4)c3Cl)c2Cl)cnc1CNCC[C@@H]1CCCO1
40	mol142	-12.61	COc1nc(-c2cccc(-c3cccc(-c4cnc(CNC[C@@H]5CCC(=O)N5)c(OC)n4)c3Cl)c2Cl)cnc1CNCC[C@H]1CCCO1
40	mol211	-12.48	COc1nc(-c2cccc(-c3cccc(-c4cnc(CNC[C@@H]5CCC(=O)N5)c(OC)n4)c3Cl)c2Cl)cnc1CNCC[C@H]1CCCO1
40	mol4	-13.05	COc1nc(-c2cccc(-c3cccc(-c4cnc(CNC[C@H]5CCCO5)c(OC)n4)c3Cl)c2Cl)cnc1CNC[C@H]1CCC(=O)N1
40	mol109	-12.66	COc1nc(-c2cccc(-c3cccc(-c4cnc(CNC[C@@H]5CCC(=O)N5)c(OC)n4)c3Cl)c2Cl)cnc1CNCC[C@H]1CCCO1
40	mol290	-12.7	COc1nc(-c2cccc(-c3cccc(-c4cnc(CNC[C@@H]5CCC(=O)N5)c(OC)n4)c3Cl)c2Cl)cnc1CNCC[C@H]1CCCO1
40	mol299	-13.2	COc1nc(-c2cccc(-c3cccc(-c4cnc(CNC[C@H]5CCC(=O)N5)c(OC)n4)c3Cl)c2Cl)cnc1CNCCC1CCC1
40	mol378	-13.23	COc1nc(-c2cccc(-c3cccc(-c4cnc(CN5CCC(=O)N5)c(OC)n4)c3Cl)c2Cl)cnc1CNCC[C@H]1CCCO1
40	mol371	-13.05	COc1cnc(-c2cccc(-c3cccc(-c4cnc(CNC[C@@H]5CCC(=O)N5)c(OC)n4)c3Cl)c2Cl)nc1
40	mol224	-13.09	COc1nc(-c2cccc(-c3cccc(-c4cnc(CNC[C@H]5CCC(=O)N5)c(OC)n4)c3Cl)c2Cl)cnc1CNCCC1CCCC1
40	mol161	-13.09	COc1nc(-c2cccc(-c3cccc(-c4cnc(CNC[C@H]5CCC(=O)N5)c(OC)n4)c3Cl)c2Cl)cnc1CNCCC1CCCC1
40	mol417	-13.03	COc1nc(-c2cccc(-c3cccc(-c4cnc(CNC[C@H]5CCCO5)c(OC)n4)c3Cl)c2Cl)cnc1CNC[C@H]1CCC(=O)N1
40	mol39	-13.14	COc1ncnc(-c2cccc(-c3cccc(-c4cnc(CNC[C@H]5CCC(=O)N5)c(OC)n4)c3Cl)c2Cl)n1
40	mol230	-13.16	COc1ncnc(-c2cccc(-c3cccc(-c4cnc(CNC[C@H]5CCC(=O)N5)c(OC)n4)c3Cl)c2Cl)n1
40	mol496	-12.62	COc1nc(-c2cccc(-c3cccc(-c4cnc(CNC[C@@H]5CCC(=O)N5)c(OC)n4)c3Cl)c2Cl)cnc1CNCC[C@H]1CCCO1
40	mol219	-12.94	COc1nc(-c2cccc(-c3cccc(-c4cnc([C@H]5CCC(=O)N5)c(OC)n4)c3Cl)c2Cl)cnc1CNCC[C@@H]1CCCO1
40	mol280	-12.52	COc1nc(-c2cccc(-c3cccc(-c4cnc(CNC[C@@H]5CCC(=O)N5)c(OC)n4)c3Cl)c2Cl)cnc1CNCC[C@H]1CCCO1
40	mol104	-13.18	COc1ncnc(-c2cccc(-c3cccc(-c4cnc(CNC[C@H]5CCC(=O)N5)c(OC)n4)c3Cl)c2Cl)n1
40	mol173	-12.61	COc1nc(-c2cccc(-c3cccc(-c4cnc(CNC[C@@H]5CCC(=O)N5)c(OC)n4)c3Cl)c2Cl)cnc1CNCC[C@H]1CCCO1
40	mol154	-13.09	COc1nc(-c2cccc(-c3cccc(-c4cnc(CNC[C@H]5CCCO5)c(OC)n4)c3Cl)c2Cl)cnc1CNC[C@H]1CCC(=O)N1
40	mol447	-12.52	COc1nc(-c2cccc(-c3cccc(-c4cnc(CNC[C@@H]5CCC(=O)N5)c(OC)n4)c3Cl)c2Cl)cnc1CNCC[C@H]1CCCO1
40	mol468	-13.13	COc1nncc(-c2cccc(-c3cccc(-c4cnc(CNC[C@@H]5CCC(=O)N5)c(OC)n4)c3Cl)c2Cl)n1
40	mol406	-12.65	COc1nc(-c2cccc(-c3cccc(-c4cnc(CNC[C@@H]5CCC(=O)N5)c(OC)n4)c3Cl)c2Cl)cnc1CNCC[C@H]1CCCO1
40	mol269	-12.75	COc1nc(-c2cccc(-c3cccc(-c4cnc(CNC[C@@H]5CCC(=O)N5)c(OC)n4)c3Cl)c2Cl)cnc1CNCC[C@H]1CCCO1
40	mol397	-13.26	COc1nc(-c2cccc(-c3cccc(-c4nnc(CNC(C)=O)c(O[C@H]5CCC(=O)N5)c4Cl)c3Cl)c2Cl)cnc1CNCC[C@H]1CCCO1
40	mol456	-12.62	COc1nc(-c2cccc(-c3cccc(-c4cnc(CNC[C@@H]5CCC(=O)N5)c(OC)n4)c3Cl)c2Cl)cnc1CNCC[C@H]1CCCO1
40	mol0	-12.6	COc1nc(-c2cccc(-c3cccc(-c4cnc(CNC[C@@H]5CCC(=O)N5)c(OC)n4)c3Cl)c2Cl)cnc1CNCC[C@H]1CCCO1
40	mol369	-13.06	COc1nc(-c2cccc(-c3cccc(-c4cnc(CNC[C@H]5CCC(=O)N5)c(OC)n4)c3Cl)c2Cl)cnc1CNCCC1CCCC1
40	mol461	-12.65	COc1nc(-c2cccc(-c3cccc(-c4cnc(CNC[C@@H]5CCC(=O)N5)c(OC)n4)c3Cl)c2Cl)cnc1CNCC[C@H]1CCCO1
40	mol27	-13.15	COc1nc(-c2cccc(-c3cccc(-c4cnc(CNC[C@H]5CCCO5)c(OC)n4)c3Cl)c2Cl)cnc1CNC[C@H]1CCC(=O)N1
40	mol122	-13.01	COc1nc(-c2cccc(-c3cccc(-c4cnc(CNC[C@H]5CCC(=O)N5)c(OC)n4)c3Cl)c2Cl)cnc1CNCCC1CCCC1
40	mol31	-12.72	COc1nc(-c2cccc(-c3cccc(-c4cnc(CNC[C@@H]5CCC(=O)N5)c(OC)n4)c3Cl)c2Cl)cnc1CNCC[C@H]1CCCO1
40	mol3	-12.59	COc1nc(-c2cccc(-c3cccc(-c4cnc(CNC[C@@H]5CCC(=O)N5)c(OC)n4)c3Cl)c2Cl)cnc1CNCC[C@H]1CCCO1
40	mol15	-12.69	COc1nc(-c2cccc(-c3cccc(-c4cnc(CNC[C@@H]5CCC(=O)N5)c(OC)n4)c3Cl)c2Cl)cnc1CNCC[C@H]1CCCO1
40	mol178	-13.17	COc1nncc(-c2cccc(-c3cccc(-c4cnc(CNC[C@@H]5CCC(=O)N5)c(OC)n4)c3Cl)c2Cl)n1
40	mol446	-12.45	COc1nc(-c2cccc(-c3cccc(-c4cnc(CNC[C@@H]5CCC(=O)N5)c(OC)n4)c3Cl)c2Cl)cnc1CNCC[C@H]1CCCO1
40	mol47	-12.48	COc1nc(-c2cccc(-c3cccc(-c4cnc(CNC[C@@H]5CCC(=O)N5)c(OC)n4)c3Cl)c2Cl)cnc1CNCC[C@H]1CCCO1
40	mol42	-13.19	COc1nc(-c2cccc(-c3cccc(-c4cnc(CNC[C@H]5CCC(=O)N5)c(OC)n4)c3Cl)c2Cl)cnc1CNCCC1CCCC1
40	mol48	-12.67	COc1nc(-c2cccc(-c3cccc(-c4cnc(CNCC[C@H]5CCCO5)c(OC)n4)c3Cl)c2Cl)cnc1CCNC[C@@H]1CCC(=O)N1
40	mol356	-12.53	COc1nc(-c2cccc(-c3cccc(-c4cnc(CNC[C@@H]5CCC(=O)N5)c(OC)n4)c3Cl)c2Cl)cnc1CNCC[C@H]1CCCO1
40	mol392	-12.56	COc1nc(-c2cccc(-c3cccc(-c4cnc(CNC[C@@H]5CCC(=O)N5)c(OC)n4)c3Cl)c2Cl)cnc1CNCC[C@H]1CCCO1
40	mol358	-12.21	COc1nc(-c2cccc(-c3cccc(-c4cnc(CNC[C@H]5CCC(=O)N5)c(OC)n4)c3Cl)c2Cl)cnc1CCCCCNCC[C@H]1CCCO1
40	mol399	-13.24	COc1nc(-c2cccc(-c3cccc(-c4cnc(CN[C@H]5CCC(=O)N5)c(OC)n4)c3Cl)c2Cl)cnc1CNCC[C@H]1CCCO1
40	mol17	-12.71	COc1nc(-c2cccc(-c3cccc(-c4cnc(CNC[C@@H]5CCC(=O)N5)c(OC)n4)c3Cl)c2Cl)cnc1CNCC[C@H]1CCCO1
40	mol221	-12.68	COc1nc(-c2cccc(-c3cccc(-c4cnc(CNC[C@@H]5CCC(=O)N5)c(OC)n4)c3Cl)c2Cl)cnc1CNCC[C@H]1CCCO1
40	mol205	-12.59	COc1nc(-c2cccc(-c3cccc(-c4cnc(CNC[C@@H]5CCC(=O)N5)c(OC)n4)c3Cl)c2Cl)cnc1CNCC[C@H]1CCCO1
40	mol201	-13.09	COc1nc(-c2cccc(-c3cccc(-c4cnc(CNC[C@H]5CCC(=O)N5)c(OC)n4)c3Cl)c2Cl)cnc1CNCCC1CCCC1
40	mol33	-12.93	COc1cnc(-c2cccc(-c3cccc(-c4cnc(CNC[C@@H]5CCC(=O)N5)c(OC)n4)c3Cl)c2Cl)cn1
40	mol235	-12.99	COc1nc(-c2cccc(-c3cccc(-c4cnc(CNC[C@H]5CCCO5)c(OC)n4)c3Cl)c2Cl)cnc1CNC[C@H]1CCC(=O)N1
40	mol107	-12.58	COc1nc(-c2cccc(-c3cccc(-c4cnc(CNC[C@@H]5CCC(=O)N5)c(OC)n4)c3Cl)c2Cl)cnc1CNCC[C@H]1CCCO1
40	mol462	-12.74	COc1ncn(-c2cccc(-c3cccc(-c4cnc(CNC[C@@H]5CCC(=O)N5)c(OC)n4)c3Cl)c2Cl)n1
40	mol103	-13.07	COc1nc(-c2cccc(-c3cccc(-c4cnc(CNC[C@H]5CCCO5)c(OC)n4)c3Cl)c2Cl)cnc1CNC[C@H]1CCC(=O)N1
40	mol409	-12.48	COc1nc(-c2cccc(-c3cccc(-c4cnc(CNC[C@H]5CCC(=O)N5)c(OC)n4)c3Cl)c2Cl)cnc1CNCC[C@H]1CC[C@@H](OC)CC1
40	mol368	-13.24	COc1nc(-c2cccc(-c3cccc(-c4cnc(CN[C@H]5CCC(=O)N5)c(OC)n4)c3Cl)c2Cl)cnc1CNCC[C@H]1CCCO1
40	mol328	-13.17	COc1nncc(-c2cccc(-c3cccc(-c4cnc(CNC[C@@H]5CCC(=O)N5)c(OC)n4)c3Cl)c2Cl)n1
40	mol46	-13.45	COc1nc(-c2cccc(-c3cccc(-c4cnc(CN[C@H]5CCC(=O)N5)c(OC)n4)c3Cl)c2Cl)cnc1CNCC[C@H]1CCCO1
40	mol131	-12.73	COc1nc(-c2cccc(-c3cccc(-c4cnc(CNC[C@@H]5CCC(=O)N5)c(OC)n4)c3Cl)c2Cl)cnc1CNCC[C@H]1CCCO1
40	mol238	-13.11	COc1nc(-c2cccc(-c3cccc(-c4cnc(CNC[C@H]5CCC(=O)N5)c(OC)n4)c3Cl)c2Cl)cnc1CNCCC1CCC1
40	mol483	-13.13	COc1nncc(-c2cccc(-c3cccc(-c4cnc(CNC[C@@H]5CCC(=O)N5)c(OC)n4)c3Cl)c2Cl)n1
40	mol472	-12.31	COc1nc(-c2cccc(-c3cccc(-c4cnc(CNC[C@@H]5CCC(=O)N5)c(OC)n4)c3Cl)c2Cl)cnc1CNCC[C@H]1CCCO1
40	mol436	-12.39	COc1nc(-c2cccc(-c3cccc(-c4cnc(CNCC[C@@H]5CCCO5)c(OC)n4)c3Cl)c2)cnc1CNC[C@@H]1CCC(=O)N1
40	mol243	-13.16	COc1nc(-c2cccc(-c3cccc(-c4cnc(CNC[C@H]5CCC(=O)N5)c(OC)n4)c3Cl)c2Cl)cnc1CNCCC1CCC1
40	mol172	-13.13	COc1nncc(-c2cccc(-c3cccc(-c4cnc(CNC[C@@H]5CCC(=O)N5)c(OC)n4)c3Cl)c2Cl)n1
40	mol151	-13.07	COc1nc(-c2cccc(-c3cccc(-c4cnc(CNC[C@H]5CCC(=O)N5)c(OC)n4)c3Cl)c2Cl)cnc1CNCCC1CCC1
40	mol484	-12.65	COc1nc(-c2cccc(-c3cccc(-c4cnc(CNC[C@@H]5CCC(=O)N5)c(OC)n4)c3Cl)c2Cl)cnc1CNCC[C@H]1CCCO1
40	mol214	-12.51	COc1nc(-c2cccc(-c3cccc(-c4cnc(OC[C@@H]5CCCO5)c(OC)n4)c3Cl)c2Cl)cnc1CNC[C@@H]1CCC(=O)N1
40	mol431	-12.53	COc1nc(-c2cccc(-c3cccc(-c4cnc(CNC[C@@H]5CCC(=O)N5)c(OC)n4)c3Cl)c2Cl)cnc1CNCC[C@H]1CCCO1
40	mol137	-12.51	COc1nc(-c2cccc(-c3cccc(-c4cnc(CNC[C@@H]5CCC(=O)N5)c(OC)n4)c3Cl)c2Cl)cnc1CNCC[C@H]1CCCO1
40	mol74	-12.6	COc1nc(-c2cccc(-c3cccc(-c4cnc(CNC[C@@H]5CCC(=O)N5)c(OC)n4)c3Cl)c2Cl)cnc1CNCC[C@H]1CCCO1
40	mol375	-12.74	CCOc1nc(-c2cccc(-c3cccc(-c4cnc(CNC[C@@H]5CCC(=O)N5)c(OC)n4)c3Cl)c2Cl)cnc1CNCCC1CCCCC1
40	mol79	-12.62	COc1nc(-c2cccc(-c3cccc(-c4cnc(CNC[C@@H]5CCC(=O)N5)c(OC)n4)c3Cl)c2Cl)cnc1CNCC[C@H]1CCCO1
40	mol463	-12.56	COc1nc(-c2cccc(-c3cccc(-c4cnc(CNC[C@@H]5CCC(=O)N5)c(OC)n4)c3Cl)c2Cl)cnc1CNCC[C@H]1CCCO1
40	mol71	-12.67	COc1nc(-c2cccc(-c3cccc(-c4cnc(CNC[C@@H]5CCC(=O)N5)c(OC)n4)c3Cl)c2Cl)cnc1CNCC[C@H]1CCCO1
40	mol87	-13.14	COc1nc(-c2cccc(-c3cccc(-c4cnc(CNC[C@H]5CCC(=O)N5)c(OC)n4)c3Cl)c2Cl)cnc1CCC[C@@H]1CCCO1
40	mol486	-13.06	COc1nc(-c2cccc(-c3cccc(-c4cnc(CNC[C@@H]5CCC(=O)N5)c(OC)n4)c3Cl)c2Cl)cnc1CNCC[C@H]1CCCCO1
40	mol23	-12.68	COc1nc(-c2cccc(-c3cccc(-c4cnc(CNC[C@@H]5CCC(=O)N5)c(OC)n4)c3Cl)c2Cl)cnc1CCNCC[C@@H]1CCCO1
40	mol265	-12.71	CCOc1nc(-c2cccc(-c3cccc(-c4cnc(CNC[C@H]5CCC(=O)N5)c(OC)n4)c3Cl)c2Cl)cnc1CNCC[C@@H]1CCCO1
40	mol58	-12.62	COc1nc(-c2cccc(-c3cccc(-c4cnc(CNC[C@@H]5CCC(=O)N5)c(OC)n4)c3Cl)c2Cl)cnc1CNCC[C@H]1CCCO1
40	mol248	-12.62	COc1nc(-c2cccc(-c3cccc(-c4cnc(CNC[C@@H]5CCC(=O)N5)c(OC)n4)c3Cl)c2Cl)cnc1CNCC[C@H]1CCCO1
40	mol202	-13.18	COc1ncnc(-c2cccc(-c3cccc(-c4cnc(CNC[C@H]5CCC(=O)N5)c(OC)n4)c3Cl)c2Cl)n1
40	mol251	-12.64	COc1nc(-c2cccc(-c3cccc(-c4cnc(CNC[C@@H]5CCC(=O)N5)c(OC)n4)c3Cl)c2Cl)cnc1CNCC[C@H]1CCCO1
40	mol315	-12.66	COc1nc(-c2cccc(-c3cccc(-c4cnc(CNC[C@@H]5CCC(=O)N5)c(OC)n4)c3Cl)c2Cl)cnc1CNCC[C@H]1CCCO1
40	mol183	-12.45	COc1nc(-c2cccc(-c3cccc(-c4cnc(CNC[C@@H]5CCC(=O)N5)c(OC)n4)c3Cl)c2Cl)cnc1CNCC[C@H]1CCCO1
40	mol226	-12.54	COc1nc(-c2cccc(-c3cccc(-c4cnc(CNC[C@@H]5CCC(=O)N5)c(OC)n4)c3Cl)c2Cl)cnc1CNCC[C@H]1CCCO1
40	mol82	-12.59	COc1nc(-c2cccc(-c3cccc(-c4cnc(CNC[C@@H]5CCC(=O)N5)c(OC)n4)c3Cl)c2Cl)cnc1CNCC[C@H]1CCCO1
40	mol476	-12.48	COc1nc(-c2cccc(-c3cccc(-c4cnc(CNC[C@@H]5CCC(=O)N5)c(OC)n4)c3Cl)c2Cl)cnc1CNCC[C@H]1CCCO1
40	mol454	-12.7	COc1nc(-c2cccc(-c3cccc(-c4cnc(CNC[C@@H]5CCC(=O)N5)c(OC)n4)c3Cl)c2Cl)cnc1CNCC[C@H]1CCCO1
40	mol246	-13.29	COc1ncc(-c2cccc(-c3cccc(-c4cnc(CNC[C@@H]5CCC(=O)N5)c(OC)n4)c3Cl)c2Cl)cn1
40	mol432	-12.68	COc1nc(-c2cccc(-c3cccc(-c4cnc(CNC[C@@H]5CCC(=O)N5)c(OC)n4)c3Cl)c2Cl)cnc1CNCC[C@H]1CCCO1
40	mol460	-12.56	CCOc1nc(-c2cccc(-c3cccc(-c4cnc(CNC[C@H]5CCC(=O)N5)c(OC)n4)c3Cl)c2Cl)cnc1CNCC[C@@H]1CCCO1
40	mol343	-12.56	COc1nc(-c2cccc(-c3cccc(-c4cnc(CNC[C@@H]5CCC(=O)N5)c(OC)n4)c3Cl)c2Cl)cnc1CNCC[C@H]1CCCO1
40	mol364	-12.68	COc1nc(-c2cccc(-c3cccc(-c4cnc(CNC[C@@H]5CCC(=O)N5)c(OC)n4)c3Cl)c2Cl)cnc1CNCC[C@H]1CCCO1
40	mol116	-12.55	COc1nc(-c2cccc(-c3cccc(-c4cnc(CNC[C@@H]5CCC(=O)N5)c(OC)n4)c3Cl)c2Cl)cnc1CNCC[C@H]1CCCO1
40	mol41	-13.14	COc1ncnc(-c2cccc(-c3cccc(-c4cnc(CNC[C@H]5CCC(=O)N5)c(OC)n4)c3Cl)c2Cl)n1
40	mol127	-12.68	COc1nc(-c2cccc(-c3cccc(-c4cnc(CNC[C@@H]5CCC(=O)N5)c(OC)n4)c3Cl)c2Cl)cnc1CNCC[C@H]1CCCO1
40	mol277	-13.33	COc1nc(-c2cccc(-c3cccc(-c4cnc(CN[C@H]5CCC(=O)N5)c(OC)n4)c3Cl)c2Cl)cnc1CNCC[C@H]1CCCO1
40	mol176	-13.31	COc1nc(-c2cccc(-c3cccc(-c4cnc(CNC[C@@H]5CCC(=O)N5)c(OC)n4)c3Cl)c2Cl)cnc1CNCC1CCOCC1
40	mol123	-12.52	COc1nc(-c2cccc(-c3cccc(-c4cnc(CNC[C@@H]5CCC(=O)N5)c(OC)n4)c3Cl)c2Cl)cnc1CNCC[C@H]1CCCO1
40	mol305	-12.64	COc1nc(-c2cccc(-c3cccc(-c4cnc(CNC[C@@H]5CCC(=O)N5)c(OC)n4)c3Cl)c2Cl)cnc1CNCC[C@H]1CCCO1
40	mol279	-12.89	COc1nc(-c2cccc(-c3cccc(-c4cnc(CNC[C@H]5CCC(=O)N5)c(OC)n4)c3Cl)c2Cl)cnc1CNCCC1CCCC1
40	mol158	-12.56	COc1nc(-c2cccc(-c3cccc(-c4cnc(CNC[C@@H]5CCC(=O)N5)c(OC)n4)c3Cl)c2Cl)cnc1CNCC[C@H]1CCCO1
40	mol465	-13.13	COc1nc(-c2cccc(-c3cccc(-c4cnc(CNC[C@H]5CCCO5)c(OC)n4)c3Cl)c2Cl)cnc1CNC[C@H]1CCC(=O)N1
40	mol85	-12.66	COc1nc(-c2cccc(-c3cccc(-c4cnc(CNC[C@@H]5CCC(=O)N5)c(OC)n4)c3Cl)c2Cl)cnc1CNCC[C@H]1CCCO1
50	mol443	-12.53	COc1nc(-c2cccc(-c3cccc(-c4cnc(CNC[C@@H]5CCC(=O)N5)c(OC)n4)c3Cl)c2Cl)cnc1CNCC[C@H]1CCCO1
50	mol422	-12.86	COc1cnc(-c2cccc(-c3cccc(-c4cnc(CNC[C@H]5CCC(=O)N5)c(OC)n4)c3Cl)c2Cl)nc1CNCC[C@H]1CCCO1
50	mol25	-13.15	COc1nc(-c2cccc(-c3cccc(-c4cnc(CNC[C@H]5CCCO5)c(OC)n4)c3Cl)c2Cl)cnc1CNC[C@H]1CCC(=O)N1
50	mol442	-12.68	COc1nc(-c2cccc(-c3cccc(-c4cnc(CNC[C@@H]5CCC(=O)N5)c(OC)n4)c3Cl)c2Cl)cnc1CNCC[C@H]1CCCO1
50	mol225	-12.65	COc1nc(-c2cccc(-c3cccc(-c4cnc(CNC[C@@H]5CCC(=O)N5)c(OC)n4)c3Cl)c2Cl)cnc1CNCC[C@H]1CCCO1
50	mol10	-12.61	COc1nc(-c2cccc(-c3cccc(-c4cnc(CNC[C@@H]5CCC(=O)N5)c(OC)n4)c3Cl)c2Cl)cnc1CNCC[C@H]1CCCO1
50	mol75	-12.55	COc1nc(-c2cccc(-c3cccc(-c4cnc(CNC[C@@H]5CCC(=O)N5)c(OC)n4)c3Cl)c2Cl)cnc1CNCC[C@H]1CCCO1
50	mol400	-13.06	COc1nc(-c2cccc(-c3cccc(-c4ccnc(CNC[C@@H]5CCCO5)c4Cl)c3Cl)c2Cl)cnc1CNCCC1CCCC1
50	mol302	-13.05	COc1nc(-c2cccc(-c3cccc(-c4cnc(CNC[C@H]5CCC(=O)N5)c(OC)n4)c3Cl)c2Cl)cnc1CNCCC1CCC1
50	mol346	-12.5	COc1nc(-c2cccc(-c3cccc(-c4cnc(CNC[C@@H]5CCC(=O)N5)c(OC)n4)c3Cl)c2Cl)cnc1CNCC[C@H]1CCCO1
50	mol391	-13.54	COc1nc(-c2cccc(-c3cccc(-c4cnc([C@@H](CO)CC[C@@H]5CCC(=O)N5)c(O)c4Cl)c3Cl)c2Cl)cnc1CNC[C@@H]1CCCO1
50	mol273	-13.12	COc1nc(-c2cccc(-c3cccc(-c4cnc(CNC[C@H]5CCCO5)c(OC)n4)c3Cl)c2Cl)cnc1CNC[C@H]1CCC(=O)N1
50	mol165	-12.52	COc1nc(-c2cccc(-c3cccc(-c4cnc(CNC[C@@H]5CCC(=O)N5)c(OC)n4)c3Cl)c2Cl)cnc1CNCC[C@H]1CCCO1
50	mol99	-13.62	O=C1CC[C@H](CNCc2ncc(-c3cccc(-c4cccc(-c5cn(C[C@H]6CCCO6)cn5)c4Cl)c3Cl)nc2O)N1
50	mol156	-12.74	COc1nc(-c2cccc(-c3cccc(-c4cnc(CNC[C@@H]5CCC(=O)N5)c(OC)n4)c3Cl)c2Cl)cnc1CNCC[C@H]1CCCO1
50	mol68	-13.2	COc1ncc(-c2cccc(-c3cccc(-c4cnc(CNC[C@H]5CCC(=O)N5)c(OC)n4)c3Cl)c2Cl)nn1
50	mol481	-12.64	COc1nc(-c2cccc(-c3cccc(-c4cnc(CNC[C@@H]5CCC(=O)N5)c(OC)n4)c3Cl)c2Cl)cnc1CNCC[C@H]1CCCO1
50	mol401	-12.66	COc1nc(-c2cccc(-c3cccc(-c4cnc(CNC[C@@H]5CCC(=O)N5)c(OC)n4)c3Cl)c2Cl)cnc1CNCC[C@H]1CCCO1
50	mol254	-12.67	COc1nc(-c2cccc(-c3cccc(-c4cnc(CNC[C@@H]5CCC(=O)N5)c(OC)n4)c3Cl)c2Cl)cnc1CNCC[C@H]1CCCO1
50	mol84	-12.6	COc1nc(-c2cccc(-c3cccc(-c4cnc(CNC[C@@H]5CCC(=O)N5)c(OC)n4)c3Cl)c2Cl)cnc1CNCC[C@H]1CCCO1
50	mol6	-12.43	COc1nc(-c2cccc(-c3cccc(-c4cnc(CNC[C@@H]5CCC(=O)N5)c(OC)n4)c3Cl)c2Cl)cnc1CNCC[C@H]1CCCO1
50	mol405	-12.65	COc1nc(OC)nc(-c2cccc(-c3cccc(-c4cnc(CNC[C@H]5CCC(=O)N5)c(OC)n4)c3Cl)c2Cl)n1
50	mol324	-13.08	COc1nc(-c2cccc(-c3cccc(-c4cnc(CNC[C@H]5CCC(=O)N5)c(OC)n4)c3Cl)c2Cl)cnc1CNCCC1CCCC1
50	mol141	-12.54	COc1nc(-c2cccc(-c3cccc(-c4cnc(CNC[C@@H]5CCC(=O)N5)c(OC)n4)c3Cl)c2Cl)cnc1CNCC[C@H]1CCCO1
50	mol425	-12.66	COc1nc(-c2cccc(-c3cccc(-c4cnc(CNC[C@@H]5CCC(=O)N5)c(OC)n4)c3Cl)c2Cl)cnc1CNCC[C@H]1CCCO1
50	mol175	-12.54	COc1nc(-c2cccc(-c3cccc(-c4cnc(CNC[C@@H]5CCC(=O)N5)c(OC)n4)c3Cl)c2Cl)cnc1CNCC[C@H]1CCCO1
50	mol487	-13.08	COc1nc(-c2cccc(-c3cccc(-c4cnc(CNC[C@H]5CCCO5)c(OC)n4)c3Cl)c2Cl)cnc1CNC[C@H]1CCC(=O)N1
50	mol55	-12.36	COc1nc(-c2cccc(-c3cccc(-c4ncnc(OC)c4CNCCCC4CC4)c3Cl)c2Cl)cnc1CNC[C@@H]1CCC(=O)N1
50	mol428	-12.98	COc1nc(-c2cccc(-c3cccc(-c4cnc(CNC[C@H]5CCC(=O)N5)c(OC)n4)c3Cl)c2Cl)cnc1CCC1CCCC1
50	mol352	-12.56	COc1nc(-c2cccc(-c3cccc(-c4cnc(CNC[C@@H]5CCC(=O)N5)c(OC)n4)c3Cl)c2Cl)cnc1CNCC[C@H]1CCCO1
50	mol298	-12.23	COc1c(CNCC[C@H]2CCCO2)ncn1-c1cccc(-c2cccc(C(=O)Nc3cnn(C)c3Cl)c2Cl)c1Cl
50	mol153	-13.33	COc1nc(-c2cccc(-c3cccc(-c4cccc(CNC[C@H]5CCC(=O)N5)c4)c3Cl)c2Cl)cnc1CNCC[C@@H]1CCCO1
50	mol289	-12.55	COc1nc(-c2cccc(-c3cccc(-c4cnc(CNC[C@@H]5CCC(=O)N5)c(OC)n4)c3Cl)c2Cl)cnc1CNCC[C@H]1CCCO1
50	mol423	-12.37	COc1nc(-c2cccc(-c3cccc(-c4cnc(CNC[C@@H]5CCC(=O)N5)c(OC)n4)c3Cl)c2Cl)cnc1CNCC[C@H]1CCCO1
50	mol256	-12.95	COc1nc(-c2cccc(-c3cccc(-c4cnc(CNC[C@H]5CCC(=O)N5)c(OC)n4)c3Cl)c2Cl)cnc1CCC1CCCC1
50	mol384	-12.69	COc1nc(-c2cccc(-c3cccc(-c4cnc(CNC[C@@H]5CCC(=O)N5)c(OC)n4)c3Cl)c2Cl)cnc1CNCC[C@H]1CCCO1
50	mol477	-13.03	COc1nc(-c2cccc(-c3cccc(-c4cnc(CNC[C@H]5CCC(=O)N5)c(OC)n4)c3Cl)c2Cl)cnc1CNCCC1CCC1
50	mol459	-12.84	COc1nc(-c2cccc(-c3cccc(-c4cnc(CNC[C@@H]5CCC(=O)N5)c(OC)n4)c3Cl)c2Cl)cnc1CCNCC[C@@H]1CCCO1
50	mol193	-12.5	COc1nc(-c2cccc(-c3cccc(-c4cnc(CNC[C@@H]5CCC(=O)N5)c(OC)n4)c3Cl)c2Cl)cnc1CNCC[C@H]1CCCO1
50	mol301	-13.14	COc1nc(-c2cccc(-c3cccc(-c4cnc(CNC[C@H]5CCCO5)c(OC)n4)c3Cl)c2Cl)cnc1CNC[C@H]1CCC(=O)N1
50	mol347	-12.53	COc1nc(-c2cccc(-c3cccc(-c4cnc(CNC[C@@H]5CCC(=O)N5)c(OC)n4)c3Cl)c2Cl)cnc1CNCC[C@H]1CCCO1
50	mol367	-12.66	COc1nc(-c2cccc(-c3cccc(-c4cnc(C(C)(C)C)nc4)c3Cl)c2Cl)cnc1CNCC[C@H]1CCCO1
50	mol73	-13.07	COc1nc(-c2cccc(-c3cccc(-c4cnc(CNC[C@H]5CCCO5)c(OC)n4)c3Cl)c2Cl)cnc1CNC[C@H]1CCC(=O)N1
50	mol45	-13.07	COc1nc(-c2cccc(-c3cccc(-c4cnc(CNC[C@H]5CCCO5)c(OC)n4)c3Cl)c2Cl)cnc1CNC[C@H]1CCC(=O)N1
50	mol264	-12.62	COc1nc(-c2cccc(-c3cccc(-c4cnc(CNC[C@@H]5CCC(=O)N5)c(OC)n4)c3Cl)c2Cl)cnc1CNCC[C@H]1CCCO1
50	mol408	-12.71	COc1nc(-c2cccc(-c3cccc(-c4cnc(CNC[C@@H]5CCC(=O)N5)c(OC)n4)c3Cl)c2Cl)cnc1CNCC[C@H]1CCCO1
50	mol320	-13.11	COc1nc(-c2cccc(-c3cccc(-c4cnc(CNC[C@H]5CCCO5)c(OC)n4)c3Cl)c2Cl)cnc1CNC[C@H]1CCC(=O)N1
50	mol35	-12.52	COc1nc(-c2cccc(-c3cccc(-c4cnc(CNC[C@@H]5CCC(=O)N5)c(OC)n4)c3Cl)c2Cl)cnc1CNCC[C@H]1CCCO1
50	mol192	-12.49	COc1nc(-c2cccc(-c3cccc(-c4cnc(CNC[C@@H]5CCC(=O)N5)c(OC)n4)c3Cl)c2Cl)cnc1CNCC[C@H]1CCCO1
50	mol52	-12.61	COc1nc(-c2cccc(-c3cccc(-c4cnc(CNC[C@@H]5CCC(=O)N5)c(OC)n4)c3Cl)c2Cl)cnc1CNCC[C@H]1CCCO1
50	mol348	-12.64	COc1nc(-c2cccc(-c3cccc(-c4cnc(CNC[C@@H]5CCC(=O)N5)c(OC)n4)c3Cl)c2Cl)cnc1CNCC[C@H]1CCCO1
50	mol81	-13.13	COc1nc(-c2cccc(-c3cccc(-c4cnc(CNC[C@H]5CCCO5)c(OC)n4)c3Cl)c2Cl)cnc1CNC[C@H]1CCC(=O)N1
50	mol306	-12.72	COc1nc(-c2cccc(-c3cccc(-c4cnc(CNC[C@@H]5CCC(=O)N5)c(OC)n4)c3Cl)c2Cl)cnc1CNCC[C@H]1CCCO1
50	mol186	-12.74	COc1nc(-c2cccc(-c3cccc(-c4cncc(CNC[C@H]5CCC(=O)N5)c4)c3Cl)c2Cl)cnc1CNCC[C@H]1CCCO1
50	mol241	-13.3	COc1ncc(-c2cccc(-c3cccc(-c4cnc(CNC[C@@H]5CCC(=O)N5)c(OC)n4)c3Cl)c2Cl)cn1
50	mol390	-13.09	COc1nc(-c2cccc(-c3cccc(-c4cnc(CNC[C@H]5CCCO5)c(OC)n4)c3Cl)c2Cl)cnc1CNC[C@H]1CCC(=O)N1
50	mol106	-12.54	COc1nc(-c2cccc(-c3cccc(-c4cnc(CNC[C@@H]5CCC(=O)N5)c(OC)n4)c3Cl)c2Cl)cnc1CNCC[C@H]1CCCO1
50	mol222	-12.48	COc1nc(-c2cccc(-c3cccc(-c4cnc(CNC[C@@H]5CCC(=O)N5)c(OC)n4)c3Cl)c2Cl)cnc1CNCC[C@H]1CCCO1
50	mol21	-12.64	COc1nc(-c2cccc(-c3cccc(-c4cnc(CNC[C@@H]5CCC(=O)N5)c(OC)n4)c3Cl)c2Cl)cnc1CNCC[C@H]1CCCO1
50	mol365	-12.52	COc1nc(-c2cccc(-c3cccc(-c4cnc(CNC[C@@H]5CCC(=O)N5)c(OC)n4)c3Cl)c2Cl)cnc1CNCC[C@H]1CCCO1
50	mol470	-12.55	COc1nc(-c2cccc(-c3cccc(-c4cnc(CNC[C@@H]5CCC(=O)N5)c(OC)n4)c3Cl)c2Cl)cnc1CNCC[C@H]1CCCO1
50	mol492	-12.52	COc1nc(-c2cccc(-c3cccc(-c4cnc(CNC[C@@H]5CCC(=O)N5)c(OC)n4)c3Cl)c2Cl)cnc1CNCC[C@H]1CCCO1
50	mol24	-12.72	COc1nc(-c2cccc(-c3cccc(-c4cnc(CNC[C@@H]5CCC(=O)N5)c(OC)n4)c3Cl)c2Cl)cnc1CNCC[C@H]1CCCO1
50	mol471	-12.54	COc1nc(-c2cccc(-c3cccc(-c4cnc(CNC[C@@H]5CCC(=O)N5)c(OC)n4)c3Cl)c2Cl)cnc1CNCC[C@H]1CCCO1
50	mol379	-12.61	COc1nc(-c2cccc(-c3cccc(-c4cnc(CNC[C@@H]5CCC(=O)N5)c(OC)n4)c3Cl)c2Cl)cnc1CCNCC[C@@H]1CCCO1
50	mol473	-12.58	COc1nc(-c2cccc(-c3cccc(-c4cnc(CNC[C@@H]5CCC(=O)N5)c(OC)n4)c3Cl)c2Cl)cnc1CNCC[C@H]1CCCO1
50	mol414	-12.66	COc1nc(-c2cccc(-c3cccc(-c4cnc(CNC[C@@H]5CCC(=O)N5)c(OC)n4)c3Cl)c2Cl)cnc1CNCC[C@H]1CCCO1
50	mol149	-13.67	COc1nc(-c2cccc(-c3cccc(-c4cccc(OC[C@H]5CCC(=O)N5)c4Cl)c3Cl)c2Cl)cnc1CNCC[C@H]1CCCO1
50	mol7	-13.22	COc1nc(-c2cccc(-c3cccc(-c4cnc(CNC[C@H]5CCC(=O)N5)c(OC)n4)c3Cl)c2Cl)cnc1CNCCC1CCC1
50	mol467	-13.18	COc1nc(-c2cccc(-c3cccc(-c4cnc(CNC[C@H]5CCCO5)c(OC)n4)c3Cl)c2Cl)cnc1CNC[C@H]1CCC(=O)N1
50	mol380	-12.12	COc1nc(-c2cccc(-c3cccc(OCCCc4cn(C)nn4)c3Cl)c2Cl)cnc1CNCCC1CCCC1
50	mol319	-12.67	COc1nc(-c2cccc(-c3cccc(-c4cnc(CNC[C@@H]5CCC(=O)N5)c(OC)n4)c3Cl)c2Cl)cnc1CNCC[C@H]1CCCO1
50	mol270	-12.43	COc1nc(-c2cccc(-c3cccc(-c4cnc(CNC[C@@H]5CCC(=O)N5)c(OC)n4)c3Cl)c2Cl)cnc1CNCC[C@H]1CCCO1
50	mol276	-12.51	COc1nc(-c2cccc(-c3cccc(-c4cnc(CNC[C@@H]5CCC(=O)N5)c(OC)n4)c3Cl)c2Cl)cnc1CNCC[C@H]1CCCO1
50	mol112	-12.35	COc1nc(-c2ccc(-c3cccc(-c4cnc(CNC[C@H]5CCC(=O)N5)c(OC)n4)c3Cl)cc2Cl)cnc1CNCC[C@H]1CCCO1
50	mol374	-13.11	COc1cc(-c2cccc(-c3cccc(-c4cnc(CNCC[C@H]5CCCO5)c(OC)n4)c3Cl)c2Cl)cnc1CNC[C@H]1CCC(=O)N1
50	mol479	-12.63	COc1nc(-c2cccc(-c3cccc(-c4cnc(CNC[C@@H]5CCC(=O)N5)c(OC)n4)c3Cl)c2Cl)cnc1CNCC[C@H]1CCCO1
50	mol261	-12.6	COc1nc(-c2cccc(-c3cccc(-c4cnc(CNC[C@@H]5CCC(=O)N5)c(OC)n4)c3Cl)c2Cl)cnc1CCNCC[C@@H]1CCCO1
50	mol237	-12.61	COc1nc(-c2cccc(-c3cccc(-c4cnc(CNC[C@@H]5CCC(=O)N5)c(OC)n4)c3Cl)c2Cl)cnc1CNCC[C@H]1CCCO1
50	mol67	-12.63	COc1nc(-c2cccc(-c3cccc(-c4cnc(CNC[C@@H]5CCC(=O)N5)c(OC)n4)c3Cl)c2Cl)cnc1CNCC[C@H]1CCCO1
50	mol338	-12.67	COc1nc(-c2cccc(-c3cccc(-c4cnc(CNC[C@@H]5CCC(=O)N5)c(OC)n4)c3Cl)c2Cl)cnc1CNCC[C@H]1CCCO1
50	mol143	-12.64	COc1nc(-c2cccc(-c3cccc(-c4cnc(CNC[C@@H]5CCC(=O)N5)c(OC)n4)c3Cl)c2Cl)cnc1CNCC[C@H]1CCCO1
50	mol94	-13.5	COc1nc(-c2cccc(-c3cccc(-c4cnc(CNC[C@H]5CCC(=O)N5)c(OC)n4)c3Cl)c2Cl)cnc1CC[C@H]1CCCO1
50	mol187	-13.14	COc1nc(-c2cccc(-c3cccc(-c4cnc(CNC[C@H]5CCC(=O)N5)c(OC)n4)c3Cl)c2Cl)cnc1CNCCC1CCCC1
50	mol14	-12.51	COc1nc(-c2cccc(-c3cccc(-c4cnc(CNC[C@@H]5CCC(=O)N5)c(OC)n4)c3Cl)c2Cl)cnc1CNCC[C@H]1CCCO1
50	mol53	-12.52	COc1nc(-c2cccc(-c3cccc(-c4cnc(CNC[C@@H]5CCC(=O)N5)c(OC)n4)c3Cl)c2Cl)cnc1CNCC[C@H]1CCCO1
50	mol236	-12.05	COc1nc(-c2cccc(-c3cccc(-c4nnc(CNCC[C@@H]5CCCO5)c(OC)n4)c3Cl)c2Cl)cnc1CNC[C@@H]1CCC(=O)N1
50	mol199	-12.67	COc1nc(-c2cccc(-c3cccc(-c4cnc(CNC[C@@H]5CCC(=O)N5)c(OC)n4)c3Cl)c2Cl)cnc1CNCC[C@H]1CCCO1
50	mol69	-13.1	COc1nc(-c2cccc(-c3cccc(-c4cnc(CNC[C@H]5CCC(=O)N5)c(OC)n4)c3Cl)c2Cl)cnc1CNCCC1CCC1
50	mol100	-12.42	COc1nc(-c2cccc(-c3cccc(-c4cnc(CNC[C@H]5CCC(=O)N5)c(OC)n4)c3Cl)c2Cl)cnc1CCNCCC[C@H]1CCCO1
50	mol295	-13.59	COc1nc(-c2cccc(-c3cccc(-c4cccc(OC[C@@H]5CCC(=O)N5)c4Cl)c3Cl)c2Cl)cnc1CNCCC1CCC1
50	mol20	-12.57	COc1nc(-c2cccc(-c3cccc(-c4cnc(CNC[C@@H]5CCC(=O)N5)c(OC)n4)c3Cl)c2Cl)cnc1CNCC[C@H]1CCCO1
50	mol321	-12.66	COc1nc(-c2cccc(-c3cccc(-c4cnc(CNC[C@@H]5CCC(=O)N5)c(OC)n4)c3Cl)c2Cl)cnc1CNCC[C@H]1CCCO1
50	mol345	-12.68	COc1nc(-c2cccc(-c3cccc(-c4cnc(CNC[C@@H]5CCC(=O)N5)c(OC)n4)c3Cl)c2Cl)cnc1CNCC[C@H]1CCCO1
50	mol313	-13.07	COc1nc(-c2cccc(-c3cccc(-c4cnc(CNC[C@H]5CCCO5)c(OC)n4)c3Cl)c2Cl)cnc1CNC[C@H]1CCC(=O)N1
50	mol335	-12.78	COc1nc(-c2cccc(-c3cccc(-c4cnc(CNC[C@@H]5CCC(=O)N5)c(OC)n4)c3Cl)c2Cl)cnc1CNCC[C@H]1CCCO1
50	mol207	-13.54	COc1nc(-c2cccc(-c3cccc(-c4cnc(CNC[C@H]5CCC(=O)N5)c(OC)n4)c3Cl)c2Cl)cnc1CC[C@H]1CCCO1
50	mol61	-12.69	COc1nc(-c2cccc(-c3cccc(-c4cnc(CNC[C@@H]5CCC(=O)N5)c(OC)n4)c3Cl)c2Cl)cnc1CNCC[C@H]1CCCO1
50	mol209	-12.65	COc1nc(-c2cccc(-c3cccc(-c4cnc(CNC[C@@H]5CCC(=O)N5)c(OC)n4)c3Cl)c2Cl)cnc1CNCC[C@H]1CCCO1
50	mol281	-12.74	COc1nc(-c2cccc(-c3cccc(-c4cnc(CNC[C@@H]5CCC(=O)N5)c(OC)n4)c3Cl)c2Cl)cnc1CNCC[C@H]1CCCO1
50	mol12	-12.75	COc1nc(-c2cccc(-c3cccc(-c4cnc(CNC[C@@H]5CCC(=O)N5)c(OC)n4)c3Cl)c2Cl)cnc1CNCC[C@H]1CCCO1
50	mol296	-12.71	COc1nc(-c2cccc(-c3cccc(-c4cnc(CNCC[C@@H]5CCCO5)c(OC[C@@]5(O)OCC[C@H]5OC)n4)c3Cl)c2Cl)cnc1CNC[C@@H]1CCC(=O)N1
50	mol128	-12.54	COc1nc(-c2cccc(-c3cccc(-c4cnc(CNC[C@@H]5CCC(=O)N5)c(OC)n4)c3Cl)c2Cl)cnc1CNCC[C@H]1CCCO1
50	mol130	-13.03	COc1nc(-c2cccc(-c3cccc(-c4cnc(CNC[C@H]5CCCO5)c(OC)n4)c3Cl)c2Cl)cnc1CNC[C@H]1CCC(=O)N1
50	mol126	-13.02	COc1nc(-c2cccc(-c3cccc(-c4cnc(CNC[C@@H]5CCC(=O)N5)c(OC)n4)c3Cl)c2)cnc1CC[C@H]1CCCO1
50	mol86	-13.05	COc1nc(-c2cccc(-c3cccc(-c4cnc(CNC[C@@H]5CCC(=O)N5)c(OC)n4)c3Cl)c2Cl)cnc1CNCC[C@H]1CCCCO1
50	mol407	-12.46	CCOc1nc(-c2cccc(-c3cccc(-c4cnc(CNC[C@H]5CCC(=O)N5)c(OC)n4)c3Cl)c2Cl)cnc1CNCC[C@@H]1CCCO1
50	mol272	-12.66	COc1nc(-c2cccc(-c3cccc(-c4cnc(CNC[C@@H]5CCC(=O)N5)c(OC)n4)c3Cl)c2Cl)cnc1CNCC[C@H]1CCCO1
50	mol383	-12.71	COc1nc(OC)nc(-c2cccc(-c3cccc(-c4cnc(CNC[C@H]5CCC(=O)N5)c(OC)n4)c3Cl)c2Cl)n1
50	mol377	-12.57	COc1nc(-c2cccc(-c3cccc(-c4cnc(CNC[C@@H]5CCC(=O)N5)c(OC)n4)c3Cl)c2Cl)cnc1CNCC[C@H]1CCCO1
50	mol337	-13.1	COc1nc(-c2cccc(-c3cccc(-c4cnc(CNC[C@H]5CCC(=O)N5)c(OC)n4)c3Cl)c2Cl)cnc1CNCCC1CCCC1
50	mol60	-12.48	COc1nc(-c2cccc(-c3cccc(-c4cnc(CNC[C@@H]5CCC(=O)N5)c(OC)n4)c3Cl)c2Cl)cnc1CNCC[C@H]1CCCO1
50	mol169	-12.53	COc1nc(-c2cccc(-c3cccc(-c4cnc(CNC[C@@H]5CCC(=O)N5)c(OC)n4)c3Cl)c2Cl)cnc1CNCC[C@H]1CCCO1
50	mol50	-13.08	COc1nc(-c2cccc(-c3cccc(-c4cnc(CNC[C@H]5CCCO5)c(OC)n4)c3Cl)c2Cl)cnc1CNC[C@H]1CCC(=O)N1
50	mol240	-13.47	COc1nc(-c2cccc(-c3cccc(-c4cnc(CNC[C@@H]5CCC(=O)N5)c(OC)n4)c3Cl)c2Cl)cnc1CCCC1OCCO1
50	mol445	-12.94	COc1nc(-c2cccc(-c3cccc(-c4cnc(CNC[C@H]5CCCO5)c(OC)n4)c3Cl)c2Cl)cnc1CNC[C@H]1CCC(=O)N1
50	mol327	-12.99	COc1nc(-c2cccc(-c3cccc(-c4cnc(CNC[C@H]5CCC(=O)N5)c(OC)n4)c3Cl)c2Cl)cnc1CNCCC1CCCC1
50	mol189	-12.47	COc1nc(-c2cccc(-c3cccc(-c4cnc(CNC[C@@H]5CCC(=O)N5)c(OC)n4)c3Cl)c2Cl)cnc1CNCC[C@H]1CCCO1
50	mol136	-13.16	COc1nc(-c2cccc(-c3cccc(-c4cnc(CNC[C@H]5CCC(=O)N5)c(OC)n4)c3Cl)c2Cl)cnc1CNCCC1CCC1
50	mol62	-13.02	COc1nc(-c2cccc(-c3cccc(-c4cnc(CNC[C@H]5CCCO5)c(OC)n4)c3Cl)c2Cl)cnc1CNC[C@H]1CCC(=O)N1
50	mol159	-12.68	COc1nc(-c2cccc(-c3cccc(-c4cnc(CNC[C@@H]5CCC(=O)N5)c(OC)n4)c3Cl)c2Cl)cnc1CNCC[C@H]1CCCO1
50	mol340	-13.11	COc1nc(-c2cccc(-c3cccc(-c4cnc(C[C@@H]5CCC(=O)N5)c(OC)n4)c3Cl)c2Cl)cnc1CNCC[C@@H]1CCCO1
50	mol244	-12.42	COc1nc(-c2cccc(-c3cccc(-c4cnc(CNC[C@@H]5CCC(=O)N5)c(OC)n4)c3Cl)c2Cl)cnc1CNCC[C@H]1CCCO1
50	mol252	-12.95	COc1nc(-c2cccc(-c3cccc(-c4cnc(CN5CC[C@H](OC)C5)c(OC)n4)c3Cl)c2Cl)cnc1CNC[C@H]1CCC(=O)N1
50	mol300	-13.42	O=C1CC[C@@H](CNCc2ncc(-c3cccc(-c4cccc(-c5cnc(CN6CCCC6)cn5)c4Cl)c3Cl)c(Cl)c2O)N1
50	mol197	-12.47	COc1nc(-c2cccc(-c3cccc(-c4cnc(CNC[C@@H]5CCC(=O)N5)c(OC)n4)c3Cl)c2Cl)cnc1CNCC[C@H]1CCCO1
50	mol49	-12.5	COc1nc(-c2cccc(-c3cccc(-c4cnc(CNC[C@@H]5CCC(=O)N5)c(OC)n4)c3Cl)c2Cl)cnc1CNCC[C@H]1CCCO1
50	mol196	-13.05	COc1nc(-c2cccc(-c3cccc(-c4cnc(CNC[C@H]5CCC(=O)N5)c(OC)n4)c3Cl)c2Cl)cnc1CCCCC[C@H]1CCCO1
50	mol449	-12.49	COc1nc(-c2cccc(-c3cccc(-c4cnc(CNC[C@@H]5CCC(=O)N5)c(OC)n4)c3Cl)c2Cl)cnc1CNCC[C@H]1CCCO1
50	mol283	-12.5	COc1nc(-c2cccc(-c3cccc(-c4cnc(CNC[C@@H]5CCC(=O)N5)c(OC)n4)c3Cl)c2Cl)cnc1CNCC[C@H]1CCCO1
50	mol188	-12.68	COc1nc(-c2cccc(-c3cccc(-c4cnc(CNC[C@@H]5CCC(=O)N5)c(OC)n4)c3Cl)c2Cl)cnc1CNCC[C@H]1CCCO1
50	mol304	-12.87	COc1nc(-c2cccc(-c3cccc(-c4cnc(CNC[C@H]5CCC(=O)N5)c(OC)n4)c3Cl)c2Cl)cnc1CNCCC1CCCC1
50	mol70	-13.14	COc1nc(-c2cccc(-c3cccc(-c4cnc(CNC[C@H]5CCC(=O)N5)c(OC)n4)c3Cl)c2Cl)cnc1CNCCC1CCCC1
50	mol242	-13.11	COc1nc(-c2cccc(-c3cccc(-c4cnc(CNC[C@H]5CCCO5)c(OC)n4)c3Cl)c2Cl)cnc1CNC[C@H]1CCC(=O)N1
50	mol421	-13.11	COc1nc(-c2cccc(-c3cccc(-c4cnc(CNC[C@H]5CCCO5)c(OC)n4)c3Cl)c2Cl)cnc1CNC[C@H]1CCC(=O)N1
50	mol102	-12.58	COc1nc(-c2cccc(-c3cccc(-c4cnc(CNC[C@@H]5CCC(=O)N5)c(OC)n4)c3Cl)c2Cl)cnc1CNCC[C@H]1CCCO1
50	mol297	-13.12	COc1nc(-c2cccc(-c3cccc(-c4cnc(CNC[C@H]5CCCO5)c(OC)n4)c3Cl)c2Cl)cnc1CNC[C@H]1CCC(=O)N1
50	mol419	-13.05	COc1nc(-c2cccc(-c3cccc(-c4cnc(CNC[C@H]5CCC(=O)N5)c(OC)n4)c3Cl)c2Cl)cnc1CNCCC1CCCC1
50	mol29	-12.61	COc1nc(-c2cccc(-c3cccc(-c4cnc(CNC[C@@H]5CCC(=O)N5)c(OC)n4)c3Cl)c2Cl)cnc1CNCC[C@H]1CCCO1
50	mol22	-12.63	COc1nc(-c2cccc(-c3cccc(-c4cnc(CNC[C@@H]5CCC(=O)N5)c(OC)n4)c3Cl)c2Cl)cnc1CNCC[C@H]1CCCO1
50	mol194	-12.97	COc1nc(-c2cccc(-c3cccc(-c4cnc(CNC[C@H]5CCCO5)c(OC)n4)c3Cl)c2Cl)cnc1CNC[C@H]1CCC(=O)N1
50	mol438	-13.28	COc1ncc(-c2cccc(-c3cccc(-c4cnc(CNC[C@@H]5CCC(=O)N5)c(OC)n4)c3Cl)c2Cl)cn1
50	mol146	-13.2	COc1nc(-c2cccc(-c3cccc(-c4cnc(CNC[C@H]5CCCO5)c(OC)n4)c3Cl)c2Cl)cnc1CNC[C@H]1CCC(=O)N1
50	mol412	-13.07	COc1nc(-c2cccc(-c3cccc(-c4cnc(CNC[C@H]5CCCO5)c(OC)n4)c3Cl)c2Cl)cnc1CNC[C@H]1CCC(=O)N1
50	mol233	-12.59	COc1nc(-c2cccc(-c3cccc(-c4cnc(CNC[C@@H]5CCC(=O)N5)c(OC)n4)c3Cl)c2Cl)cnc1CNCC[C@H]1CCCO1
50	mol393	-13.19	COc1nc(-c2cccc(-c3cccc(-c4cnc(CNC[C@@H]5CCCN(C)C5)c(OC)n4)c3Cl)c2Cl)cnc1CNCCC1CCCC1
50	mol396	-13.09	COc1nc(-c2cccc(-c3cccc(-c4cnc(CNC[C@H]5CCC(=O)N5)c(OC)n4)c3Cl)c2Cl)cnc1CNCCC1CCCC1
50	mol19	-13.0	COc1nc(-c2cccc(-c3cccc(-c4cnc(CNC[C@H]5CCC(=O)N5)c(OC)n4)c3Cl)c2Cl)cnc1CNCCC1CCCC1
50	mol478	-12.68	COc1nc(-c2cccc(-c3cccc(-c4cnc(CNC[C@@H]5CCC(=O)N5)c(OC)n4)c3Cl)c2Cl)cnc1CNCC[C@H]1CCCO1
50	mol318	-13.07	COc1nc(-c2cccc(-c3cccc(-c4cnc(CNC[C@H]5CCC(=O)N5)c(OC)n4)c3Cl)c2Cl)cnc1CNCCC1CCCC1
50	mol185	-12.21	CO/C1=N/C(c2ccc(-c3cccc(-c4cnc(CNC[C@H]5CCC(=O)N5)c(OC)n4)c3Cl)cc2Cl)=N\C2=N\CCC[C@@H]1CCCCCCCNC2
50	mol28	-13.19	COc1nc(-c2cccc(-c3cccc(-c4cnc(CNC[C@H]5CCCO5)c(OC)n4)c3Cl)c2Cl)cnc1CNC[C@H]1CCC(=O)N1
50	mol357	-12.5	COc1nc(-c2cccc(-c3cccc(-c4cnc(CNC[C@@H]5CCC(=O)N5)c(OC)n4)c3Cl)c2Cl)cnc1CNCC[C@H]1CCCO1
50	mol288	-12.58	COc1nc(-c2cccc(-c3cccc(-c4cnc(CNC[C@@H]5CCC(=O)N5)c(OC)n4)c3Cl)c2Cl)cnc1CNCC[C@H]1CCCO1
50	mol250	-12.67	COc1nc(-c2cccc(-c3cccc(-c4cnc(CNC[C@@H]5CCC(=O)N5)c(OC)n4)c3Cl)c2Cl)cnc1CNCC[C@H]1CCCO1
50	mol344	-12.57	COc1nc(-c2cccc(-c3cccc(-c4cnc(CNC[C@@H]5CCC(=O)N5)c(OC)n4)c3Cl)c2Cl)cnc1CNCC[C@H]1CCCO1
50	mol65	-12.49	COc1nc(-c2cccc(-c3cccc(-c4cnc(CNC[C@@H]5CCC(=O)N5)c(OC)n4)c3Cl)c2Cl)cnc1CNCC[C@H]1CCCO1
50	mol18	-12.19	COc1nc(-c2cccc(-c3cccc(-c4cnc(CNC[C@@H]5CCC(=O)N5)c(OC)n4)c3Cl)c2Cl)cnc1CNCCCn1cncn1
50	mol64	-12.6	COc1nc(-c2cccc(-c3cccc(-c4cnc(CNC[C@@H]5CCC(=O)N5)c(OC)n4)c3Cl)c2Cl)cnc1CNCC[C@H]1CCCO1
50	mol195	-12.59	COc1nc(-c2cccc(-c3cccc(-c4cnc(CNC[C@@H]5CCC(=O)N5)c(OC)n4)c3Cl)c2Cl)cnc1CNCC[C@H]1CCCO1
50	mol148	-12.52	COc1nc(-c2cccc(-c3cccc(-c4cnc(CNC[C@@H]5CCC(=O)N5)c(OC)n4)c3Cl)c2Cl)cnc1CNCC[C@H]1CCCO1
50	mol115	-12.63	COc1nc(-c2cccc(-c3cccc(-c4cnc(CNC[C@@H]5CCC(=O)N5)c(OC)n4)c3Cl)c2Cl)cnc1CNCC[C@H]1CCCO1
50	mol91	-12.51	COc1nc(-c2cccc(-c3cccc(-c4cnc(CNC[C@@H]5CCC(=O)N5)c(OC)n4)c3Cl)c2Cl)cnc1CNCC[C@H]1CCCO1
50	mol204	-12.57	COc1nc(-c2cccc(-c3cccc(-c4cnc(CNC[C@@H]5CCC(=O)N5)c(OC)n4)c3Cl)c2Cl)cnc1CNCC[C@H]1CCCO1
50	mol360	-13.09	COc1nc(-c2cccc(-c3cccc(-c4cnc(CNC[C@H]5CCCO5)c(OC)n4)c3Cl)c2Cl)cnc1CNC[C@H]1CCC(=O)N1
50	mol13	-12.61	COc1nc(-c2cccc(-c3cccc(-c4cnc(CNC[C@@H]5CCC(=O)N5)c(OC)n4)c3Cl)c2Cl)cnc1CNCC[C@H]1CCCO1
50	mol88	-12.71	COc1nc(-c2cccc(-c3cccc(-c4cnc(CNC[C@@H]5CCC(=O)N5)c(OC)n4)c3Cl)c2Cl)cnc1CNCC[C@H]1CCCO1
50	mol404	-13.11	COc1nc(-c2cccc(-c3cccc(-c4cnc(CNC[C@H]5CCCO5)c(OC)n4)c3Cl)c2Cl)cnc1CNC[C@H]1CCC(=O)N1
50	mol450	-12.7	COc1nc(-c2cccc(-c3cccc(-c4cnc(CNC[C@@H]5CCC(=O)N5)c(OC)n4)c3Cl)c2Cl)cnc1CNCC[C@H]1CCCO1
50	mol434	-13.17	COc1nc(-c2cccc(-c3cccc(-c4cnc(CNC[C@H]5CCCO5)c(OC)n4)c3Cl)c2Cl)cnc1CNC[C@H]1CCC(=O)N1
50	mol96	-13.08	COc1nc(-c2cccc(-c3cccc(-c4cnc(CNC[C@H]5CCCO5)c(OC)n4)c3Cl)c2Cl)cnc1CNC[C@H]1CCC(=O)N1
50	mol482	-12.63	COc1nc(-c2cccc(-c3cccc(-c4cnc(CNC[C@@H]5CCC(=O)N5)c(OC)n4)c3Cl)c2Cl)cnc1CNCC[C@H]1CCCO1
50	mol268	-12.73	COc1nc(-c2cccc(-c3cccc(-c4cnc(CNC[C@@H]5CCC(=O)N5)c(OC)n4)c3Cl)c2Cl)cnc1CNCC[C@H]1CCCO1
50	mol8	-13.08	COc1nc(-c2cccc(-c3cccc(-c4cnc(CNC[C@H]5CCCO5)c(OC)n4)c3Cl)c2Cl)cnc1CNC[C@H]1CCC(=O)N1
50	mol323	-12.47	COc1nc(-c2cccc(-c3cccc(-c4cnc(CNC[C@@H]5CCC(=O)N5)c(OC)n4)c3Cl)c2Cl)cnc1CNCC[C@H]1CCCO1
50	mol342	-12.56	COc1nc(-c2cccc(-c3cccc(-c4cnc(CNC[C@@H]5CCC(=O)N5)c(OC)n4)c3Cl)c2Cl)cnc1CNCC[C@H]1CCCO1
50	mol260	-12.5	COc1nc(-c2cccc(-c3cccc(-c4cnc(CNC[C@@H]5CCC(=O)N5)c(OC)n4)c3Cl)c2Cl)cnc1CNCC[C@H]1CCCO1
50	mol310	-12.46	COc1nc(-c2cccc(-c3cccc(-c4cnc(CNC[C@@H]5CCC(=O)N5)c(OC)n4)c3Cl)c2Cl)cnc1CNCC[C@H]1CCCO1
50	mol410	-13.8	COc1nc(-c2cccc(-c3cccc(-c4cnc(C[C@@H]5CCCO5)c(OC)n4)c3Cl)c2Cl)cnc1CNC[C@@H]1CCC(=O)N1
50	mol458	-12.68	COc1nc(-c2cccc(-c3cccc(-c4cnc(CNC[C@@H]5CCC(=O)N5)c(OC)n4)c3Cl)c2Cl)cnc1CNCC[C@H]1CCCO1
50	mol37	-12.96	COc1nc(-c2cccc(-c3cccc(-c4cnc(CNC[C@H]5CCC(=O)N5)c(OC)n4)c3Cl)c2Cl)cnc1CNCCC1CCCC1
50	mol157	-13.1	COc1nc(-c2cccc(-c3cccc(-c4cnc(CNC[C@@H]5CCC(=O)N5)c(OC)n4)c3Cl)c2Cl)cnc1CNCC1CCC1
50	mol76	-12.56	COc1nc(-c2cccc(-c3cccc(-c4cnc(CNC[C@@H]5CCC(=O)N5)c(OC)n4)c3Cl)c2Cl)cnc1CNCC[C@H]1CCCO1
50	mol266	-12.8	COc1nc(-c2cccc(-c3cccc(-c4cnc(CNC[C@@H]5CCC(=O)N5)c(OC)n4)c3Cl)c2Cl)cnc1CNCC[C@H]1CCCO1
50	mol339	-13.1	COc1nc(-c2cccc(-c3cccc(-c4cnc(CNC[C@H]5CCC(=O)N5)c(OC)n4)c3Cl)c2Cl)cnc1CNCCC1CCC1
50	mol285	-12.54	COc1nc(-c2cccc(-c3cccc(-c4cnc(CNC[C@@H]5CCC(=O)N5)c(OC)n4)c3Cl)c2Cl)cnc1CNCC[C@H]1CCCO1
50	mol78	-12.62	COc1nc(-c2cccc(-c3cccc(-c4cnc(CNC[C@@H]5CCC(=O)N5)c(OC)n4)c3Cl)c2Cl)cnc1CNCC[C@H]1CCCO1
50	mol152	-12.53	COc1nc(-c2cccc(-c3cccc(-c4cnc(CNC[C@@H]5CCCO5)c(OC)n4)c3Cl)c2Cl)cnc1CNCC[C@@H]1CCC(=O)N1
50	mol228	-12.55	COc1nc(-c2cccc(-c3cccc(-c4cnc(CNC[C@@H]5CCC(=O)N5)c(OC)n4)c3Cl)c2Cl)cnc1CNCC[C@H]1CCCO1
50	mol429	-12.5	COc1nc(-c2cccc(-c3cccc(-c4cnc(CNC[C@@H]5CCC(=O)N5)c(OC)n4)c3Cl)c2Cl)cnc1CNCC[C@H]1CCCO1
50	mol307	-13.15	COc1nc(-c2cccc(-c3cccc(-c4cnc(CN[C@@H]5CCC(=O)N5)c(OC)n4)c3Cl)c2Cl)cnc1CNC[C@H]1CCCO1
50	mol416	-13.03	COc1nc(-c2cccc(-c3cccc(-c4cnc(CNC[C@H]5CCC(=O)N5)c(OC)n4)c3Cl)c2Cl)cnc1CNCCC1CCCC1
50	mol373	-12.55	COc1nc(-c2cccc(-c3cccc(-c4cnc(CNC[C@@H]5CCC(=O)N5)c(OC)n4)c3Cl)c2Cl)cnc1CNCC[C@H]1CCCO1
50	mol282	-12.47	COc1nc(-c2cccc(-c3cccc(-c4cnc(CNC[C@@H]5CCC(=O)N5)c(OC)n4)c3Cl)c2Cl)cnc1CNCC[C@H]1CCCO1
50	mol326	-13.17	COc1ncnc(-c2cccc(-c3cccc(-c4cnc(CNC[C@H]5CCC(=O)N5)c(OC)n4)c3Cl)c2Cl)n1
50	mol433	-12.71	COc1nc(-c2cccc(-c3cccc(-c4cnc(CNC[C@@H]5CCC(=O)N5)c(OC)n4)c3Cl)c2Cl)cnc1CNCC[C@H]1CCCO1
50	mol317	-13.09	COc1nc(-c2cccc(-c3cccc(-c4cnc(CNC[C@H]5CCCO5)c(OC)n4)c3Cl)c2Cl)cnc1CNC[C@H]1CCC(=O)N1
50	mol415	-13.08	COc1nc(-c2cccc(-c3cccc(-c4cnc(CNC[C@H]5CCCO5)c(OC)n4)c3Cl)c2Cl)cnc1CNC[C@H]1CCC(=O)N1
50	mol63	-13.5	COc1nc(-c2cccc(-c3cccc(-c4cnc(C[C@@H]5CCCO5)cn4)c3Cl)c2Cl)cnc1CNC[C@@H]1CCC(=O)N1
50	mol26	-12.55	COc1nc(-c2cccc(-c3cccc(-c4cnc(CNC[C@@H]5CCC(=O)N5)c(OC)n4)c3Cl)c2Cl)cnc1CNCC[C@H]1CCCO1
50	mol34	-13.12	COc1nc(-c2cccc(-c3cccc(-c4cnc(CNC[C@H]5CCCO5)c(OC)n4)c3Cl)c2Cl)cnc1CNC[C@H]1CCC(=O)N1
50	mol475	-13.09	COc1nc(-c2cccc(-c3cccc(-c4cnc(CNC[C@H]5CCCO5)c(OC)n4)c3Cl)c2Cl)cnc1CNC[C@H]1CCC(=O)N1
50	mol493	-12.64	COc1nc(-c2cccc(-c3cccc(-c4cnc(CNC[C@@H]5CCC(=O)N5)c(OC)n4)c3Cl)c2Cl)cnc1CNCC[C@H]1CCCO1
50	mol213	-12.67	COc1nc(-c2cccc(-c3cccc(-c4cnc(CNC[C@@H]5CCC(=O)N5)c(OC)n4)c3Cl)c2Cl)cnc1CNCC[C@H]1CCCO1
50	mol330	-12.75	COc1ncn(-c2cccc(-c3cccc(-c4cnc(CNC[C@@H]5CCC(=O)N5)c(OC)n4)c3Cl)c2Cl)n1
50	mol448	-12.66	COc1nc(-c2cccc(-c3cccc(-c4cnc(CNC[C@@H]5CCC(=O)N5)c(OC)n4)c3Cl)c2Cl)cnc1CNCC[C@H]1CCCO1
50	mol418	-13.08	COc1nc(-c2cccc(-c3cccc(-c4cnc(CNC[C@H]5CCC(=O)N5)c(OC)n4)c3Cl)c2Cl)cnc1CNCCC1CCC1
50	mol223	-13.76	COc1ncnc(-c2cccc(-c3cccc(-c4cccc(CNC[C@H]5CCC(=O)N5)c4Cl)c3Cl)c2Cl)n1
50	mol287	-12.65	COc1nc(-c2cccc(-c3cccc(-c4cnc(CNC[C@@H]5CCC(=O)N5)c(OC)n4)c3Cl)c2Cl)cnc1CNCC[C@H]1CCCO1
50	mol341	-12.68	COc1nc(-c2cccc(-c3cccc(-c4cnc(CNC[C@@H]5CCC(=O)N5)c(OC)n4)c3Cl)c2Cl)cnc1CNCC[C@H]1CCCO1
50	mol101	-12.7	COc1nc(-c2cccc(-c3cccc(-c4cnc(CNC[C@@H]5CCC(=O)N5)c(OC)n4)c3Cl)c2Cl)cnc1CNCC[C@H]1CCCO1
50	mol36	-13.08	COc1nc(-c2cccc(-c3cccc(-c4cnc(CNC[C@H]5CCC(=O)N5)c(OC)n4)c3Cl)c2Cl)cnc1CNCCC1CCCC1
50	mol491	-12.65	COc1nc(-c2cccc(-c3cccc(-c4cnc(CNC[C@@H]5CCC(=O)N5)c(OC)n4)c3Cl)c2Cl)cnc1CNCC[C@H]1CCCO1
50	mol144	-12.47	CCOc1nc(-c2cccc(-c3cccc(-c4cnc(CNC[C@H]5CCC(=O)N5)c(OC)n4)c3Cl)c2Cl)cnc1CNCC[C@@H]1CCCO1
50	mol308	-12.54	COc1nc(-c2cccc(-c3cccc(-c4cnc(CNC[C@H]5CCC(=O)N5)c(OC)n4)c3Cl)c2Cl)cnc1CNCC[C@H]1CC[C@@H](OC)CC1
50	mol480	-13.24	COc1nc(-c2cccc(-c3cccc(-c4cnc(CN[C@H]5CCC(=O)N5)c(OC)n4)c3Cl)c2Cl)cnc1CNCC[C@H]1CCCO1
50	mol332	-12.4	COc1nc(-c2cccc(-c3cccc(-c4cnc(OCCO)c(OC)n4)c3Cl)c2Cl)cnc1CNCC[C@H]1CCCO1
50	mol56	-13.09	COc1nc(-c2cccc(-c3cccc(-c4cnc(CNC[C@H]5CCCO5)c(OC)n4)c3Cl)c2Cl)cnc1CNC[C@H]1CCC(=O)N1
50	mol275	-12.72	COc1nc(-c2cccc(-c3cccc(-c4cnc(CNC[C@@H]5CCC(=O)N5)c(OC)n4)c3Cl)c2Cl)cnc1CNCC[C@H]1CCCO1
50	mol80	-13.07	COc1nc(-c2cccc(-c3cccc(-c4cnc(CNC[C@H]5CCCO5)c(OC)n4)c3Cl)c2Cl)cnc1CNC[C@H]1CCC(=O)N1
50	mol167	-12.52	COc1nc(-c2cccc(-c3cccc(-c4cnc(CNC[C@@H]5CCC(=O)N5)c(OC)n4)c3Cl)c2Cl)cnc1CNCC[C@H]1CCCO1
50	mol118	-12.57	COc1nc(-c2cccc(-c3cccc(-c4cnc(CNC[C@@H]5CCC(=O)N5)c(OC)n4)c3Cl)c2Cl)cnc1CNCC[C@H]1CCCO1
50	mol333	-12.62	COc1nc(-c2cccc(-c3cccc(-c4cnc(CNC[C@@H]5CCC(=O)N5)c(OC)n4)c3Cl)c2Cl)cnc1CNCC[C@H]1CCCO1
50	mol200	-13.09	COc1nc(-c2cccc(-c3cccc(-c4cnc(CNC[C@H]5CCC(=O)N5)c(OC)n4)c3Cl)c2Cl)cnc1CNCCC1CCC1
50	mol138	-12.62	COc1nc(-c2cccc(-c3cccc(-c4cnc(CNC[C@@H]5CCC(=O)N5)c(OC)n4)c3Cl)c2Cl)cnc1CNCC[C@H]1CCCO1
50	mol72	-12.47	COc1nc(-c2cccc(-c3cccc(-c4cnc(CNC[C@@H]5CCC(=O)N5)c(OC)n4)c3Cl)c2Cl)cnc1CNCC[C@H]1CCCO1
50	mol1	-13.26	COc1nc(-c2cccc(-c3cccc(-c4cnc(CNC[C@H]5CCC(=O)N5)c(OC)n4)c3Cl)c2Cl)cnc1CNCCC1CCC1
50	mol245	-13.06	COc1nc(-c2cccc(-c3cccc(-c4cnc(CNC[C@H]5CCCO5)c(OC)n4)c3Cl)c2Cl)cnc1CNC[C@H]1CCC(=O)N1
50	mol488	-12.71	COc1nc(-c2cccc(-c3cccc(-c4cnc(CNC[C@@H]5CCC(=O)N5)c(OC)n4)c3Cl)c2Cl)cnc1CNCC[C@H]1CCCO1
50	mol334	-12.53	COc1nc(-c2cccc(-c3cccc(-c4cnc(CNC[C@@H]5CCC(=O)N5)c(OC)n4)c3Cl)c2Cl)cnc1CNCC[C@H]1CCCO1
50	mol286	-13.11	COc1nc(-c2cccc(-c3cccc(-c4cnc(CNC[C@H]5CCCO5)c(OC)n4)c3Cl)c2Cl)cnc1CNC[C@H]1CCC(=O)N1
50	mol329	-12.51	COc1nc(-c2cccc(-c3cccc(-c4cnc(CNC[C@@H]5CCC(=O)N5)c(OC)n4)c3Cl)c2Cl)cnc1CNCC[C@H]1CCCO1
50	mol271	-12.99	COCCOc1nc(-c2cccc(-c3cccc(-c4cnc(CNC[C@@H]5CCC(=O)N5)c(OC)n4)c3Cl)c2Cl)cnc1C[C@@H]1CCOC1
50	mol386	-13.09	COc1nc(-c2cccc(-c3cccc(-c4cnc(CNC[C@H]5CCCO5)c(OC)n4)c3Cl)c2Cl)cnc1CNC[C@H]1CCC(=O)N1
50	mol231	-13.02	COc1nc(-c2cccc(-c3cccc(-c4cnc(CNC[C@H]5CCCO5)c(OC)n4)c3Cl)c2Cl)cnc1CNC[C@H]1CCC(=O)N1
50	mol258	-12.5	COc1nc(-c2cccc(-c3cccc(-c4cnc(CNC[C@@H]5CCC(=O)N5)c(OC)n4)c3Cl)c2Cl)cnc1CNCC[C@H]1CCCO1
50	mol32	-12.64	COc1nc(-c2cccc(-c3cccc(-c4cnc(CNC[C@@H]5CCC(=O)N5)c(OC)n4)c3Cl)c2Cl)cnc1CNCC[C@H]1CCCO1
50	mol218	-13.2	COc1nc(-c2cccc(-c3cccc(-c4cnc(CNC[C@H]5CCCO5)c(OC)n4)c3Cl)c2Cl)cnc1CNC[C@H]1CCC(=O)N1
50	mol370	-12.64	COc1nc(-c2cccc(-c3cccc(-c4cnc(CNC[C@@H]5CCC(=O)N5)c(OC)n4)c3Cl)c2Cl)cnc1CNCC[C@H]1CCCO1
50	mol303	-12.5	COc1nc(-c2cccc(-c3cccc(-c4cnc(CNC[C@@H]5CCC(=O)N5)c(OC)n4)c3Cl)c2Cl)cnc1CNCC[C@H]1CCCO1
50	mol177	-12.34	COc1nc(-c2cccc(-c3cccc(-c4cnc(CNCC[C@H]5CCCO5)c(OC)n4)c3Cl)c2Cl)cnc1CNCC[C@@H]1CCC(=O)N1
50	mol212	-12.66	COc1nc(-c2cccc(-c3cccc(-c4cnc(CNC[C@@H]5CCC(=O)N5)c(OC)n4)c3Cl)c2Cl)cnc1CNCC[C@H]1CCCO1
50	mol234	-13.25	COc1ncc(-c2cccc(-c3cccc(-c4cnc(CNC[C@H]5CCC(=O)N5)c(OC)n4)c3Cl)c2Cl)nn1
50	mol293	-13.18	COc1nc(-c2cccc(-c3cccc(-c4cnc(CNC5CCCC5)c(OC)n4)c3Cl)c2Cl)cnc1CNC[C@H]1CCC(=O)N1
50	mol145	-12.56	COc1nc(-c2cccc(-c3cccc(-c4cnc(CNC[C@@H]5CCC(=O)N5)c(OC)n4)c3Cl)c2Cl)cnc1CNCC[C@H]1CCCO1
50	mol232	-12.49	COc1nc(-c2cccc(-c3cccc(-c4cnc(CNC[C@@H]5CCC(=O)N5)c(OC)n4)c3Cl)c2Cl)cnc1CNCC[C@H]1CCCO1
50	mol444	-13.13	COc1nc(-c2cccc(-c3cccc(-c4cnc(CNC[C@H]5CCCO5)c(OC)n4)c3Cl)c2Cl)cnc1CNC[C@H]1CCC(=O)N1
50	mol166	-12.51	COc1nc(-c2cccc(-c3cccc(-c4cnc(CNC[C@@H]5CCC(=O)N5)c(OC)n4)c3Cl)c2Cl)cnc1CNCC[C@H]1CCCO1
50	mol435	-13.02	COc1nc(-c2cccc(-c3cccc(-c4cnc(CNC[C@H]5CCC(=O)N5)c(OC)n4)c3Cl)c2Cl)cnc1CNCCC1CCCC1
50	mol495	-13.07	COc1nc(-c2cccc(-c3cccc(-c4cnc(CNC[C@H]5CCCO5)c(OC)n4)c3Cl)c2Cl)cnc1CNC[C@H]1CCC(=O)N1
50	mol353	-12.69	COc1nc(-c2cccc(-c3cccc(-c4cnc(CNC[C@@H]5CCC(=O)N5)c(OC)n4)c3Cl)c2Cl)cnc1CNCC[C@H]1CCCO1
50	mol57	-12.56	COc1nc(-c2cccc(-c3cccc(-c4cnc(CNC[C@@H]5CCC(=O)N5)c(OC)n4)c3Cl)c2Cl)cnc1CNCC[C@H]1CCCO1
50	mol366	-13.05	COc1nc(-c2cccc(-c3cccc(-c4cnc(CNC[C@H]5CCCO5)c(OC)n4)c3Cl)c2Cl)cnc1CNC[C@H]1CCC(=O)N1
50	mol140	-12.43	COc1nc(-c2ccc(-c3cccc(-c4cnc(CNC[C@H]5CCC(=O)N5)c(OC)n4)c3Cl)cc2Cl)cnc1CNCC[C@H]1CCCO1
50	mol162	-13.09	COc1nc(-c2cccc(-c3cccc(-c4cnc(CNC[C@H]5CCC(=O)N5)c(OC)n4)c3Cl)c2Cl)cnc1CNCCC1CCCC1
50	mol239	-12.4	COc1nc(-c2cccc(-c3cccc(-c4cnc(CNCC[C@H]5CCCO5)c(OC)n4)c3Cl)c2Cl)cnc1CNCC[C@@H]1CCC(=O)N1
50	mol489	-13.14	COc1nc(-c2cccc(-c3cccc(-c4cnc(CNC[C@H]5CCCO5)c(OC)n4)c3Cl)c2Cl)cnc1CNC[C@H]1CCC(=O)N1
50	mol95	-12.67	COc1nc(-c2cccc(-c3cccc(-c4cnc(CNC[C@@H]5CCC(=O)N5)c(OC)n4)c3Cl)c2Cl)cnc1CNCC[C@H]1CCCO1
50	mol381	-12.75	COc1nc(-c2cccc(-c3cccc(-c4cnc(CNC[C@H]5CCC(=O)N5)c(OC)n4)c3Cl)c2Cl)cnc1CNCc1nccn1CCC[C@H]1CCCO1
50	mol164	-13.02	COc1nc(-c2cccc(-c3cccc(-c4cnc(CNC[C@H]5CCCO5)c(OC)n4)c3Cl)c2Cl)cnc1CNC[C@H]1CCC(=O)N1
50	mol457	-12.71	COc1nc(-c2cccc(-c3cccc(-c4cnc(CNC[C@@H]5CCC(=O)N5)c(OC)n4)c3Cl)c2Cl)cnc1CNCC[C@H]1CCCO1
50	mol355	-13.05	COc1nc(-c2cccc(-c3cccc(-c4cnc(CNC[C@H]5CCC(=O)N5)c(OC)n4)c3Cl)c2Cl)cnc1CNCCC1CCCC1
50	mol180	-12.62	COc1nc(-c2cccc(-c3cccc(-c4cnc(CNC[C@@H]5CCC(=O)N5)c(OC)n4)c3Cl)c2Cl)cnc1CNCC[C@H]1CCCO1
50	mol171	-12.68	COc1nc(-c2cccc(-c3cccc(-c4cnc(CNC[C@@H]5CCC(=O)N5)c(OC)n4)c3Cl)c2Cl)cnc1CNCC[C@H]1CCCO1
50	mol190	-12.66	COc1nc(-c2cccc(-c3cccc(-c4cnc(CNC[C@@H]5CCC(=O)N5)c(OC)n4)c3Cl)c2Cl)cnc1CNCC[C@H]1CCCO1
50	mol361	-12.67	COc1nc(-c2cccc(-c3cccc(-c4cnc(CNC[C@@H]5CCC(=O)N5)c(OC)n4)c3Cl)c2Cl)cnc1CNCC[C@H]1CCCO1
50	mol322	-13.16	COc1nc(-c2cccc(-c3cccc(-c4cnc(CNC[C@H]5CCCO5)c(OC)n4)c3Cl)c2Cl)cnc1CNC[C@H]1CCC(=O)N1
50	mol259	-12.72	COc1nc(-c2cccc(-c3cccc(-c4cnc(CNC[C@@H]5CCC(=O)N5)c(OC)n4)c3Cl)c2Cl)cnc1CNCC[C@H]1CCCO1
50	mol129	-12.84	COc1nc(-c2cccc(-c3cccc(-c4cnc(CNC[C@H]5CCCO5)c(OC)n4)c3CO)c2Cl)cnc1CNC[C@@H]1CCC(=O)N1
50	mol44	-13.09	COc1nc(-c2cccc(-c3cccc(-c4cnc(CNC[C@H]5CCCO5)c(OC)n4)c3Cl)c2Cl)cnc1CNC[C@H]1CCC(=O)N1
50	mol372	-13.08	COc1nc(-c2cccc(-c3cccc(-c4cncc(CNC[C@H]5CCC(=O)N5)c4)c3Cl)c2Cl)cnc1CNCCC1CCCC1
50	mol314	-13.73	COc1nc(-c2cccc(-c3cccc(-c4cnc(CNC[C@H]5CCC(=O)N5)c(OC)n4)c3Cl)c2Cl)cnc1CC[C@H]1CC[C@@H](Oc2nccc(C(=O)O)n2)CC1
50	mol382	-13.72	COc1nc(-c2cccc(-c3cccc(-c4cnc(OCC[C@H]5CCC(=O)N5)c(OC)n4)c3Cl)c2Cl)cnc1C[C@@H]1CCCO1
50	mol453	-12.55	COc1nc(-c2cccc(-c3cccc(-c4cnc(CNC[C@@H]5CCC(=O)N5)c(OC)n4)c3Cl)c2Cl)cnc1CNCC[C@H]1CCCO1
50	mol316	-12.7	COc1nc(-c2cccc(-c3cccc(-c4cnc(CNC[C@@H]5CCC(=O)N5)c(OC)n4)c3Cl)c2Cl)cnc1CNCC[C@H]1CCCO1
50	mol77	-13.96	COc1nc(-c2cccc(-c3cccc(-c4cnc(OC5CCN(C(C)=O)CC5)c(OC)n4)c3Cl)c2Cl)cnc1CNC[C@@H]1CCCO1
50	mol494	-12.63	COc1nc(-c2cccc(-c3cccc(-c4cnc(CNC[C@@H]5CCC(=O)N5)c(OC)n4)c3Cl)c2Cl)cnc1CNCC[C@H]1CCCO1
50	mol229	-12.58	COc1nc(-c2cccc(-c3cccc(-c4cnc(CNC[C@@H]5CCC(=O)N5)c(OC)n4)c3Cl)c2Cl)cnc1CNCC[C@H]1CCCO1
50	mol362	-12.55	COc1nc(-c2cccc(-c3cccc(-c4cnc(CNC[C@@H]5CCC(=O)N5)c(OC)n4)c3Cl)c2Cl)cnc1CNCC[C@H]1CCCO1
50	mol220	-13.02	COc1nc(-c2cccc(-c3cccc(-c4cnc(CNC[C@H]5CCCO5)c(OC)n4)c3Cl)c2Cl)cnc1CNC[C@H]1CCC(=O)N1
50	mol38	-13.17	COc1nncc(-c2cccc(-c3cccc(-c4cnc(CNC[C@@H]5CCC(=O)N5)c(OC)n4)c3Cl)c2Cl)n1
50	mol359	-12.51	COc1nc(-c2cccc(-c3cccc(-c4cnc(CNC[C@@H]5CCC(=O)N5)c(OC)n4)c3Cl)c2Cl)cnc1CNCC[C@H]1CCCO1
50	mol439	-12.57	COc1nc(-c2cccc(-c3cccc(-c4cnc(CNC[C@@H]5CCC(=O)N5)c(OC)n4)c3Cl)c2Cl)cnc1CNCC[C@H]1CCCO1
50	mol498	-12.61	COc1nc(-c2cccc(-c3cccc(-c4cnc(CNC[C@@H]5CCC(=O)N5)c(OC)n4)c3Cl)c2Cl)cnc1CNCC[C@H]1CCCO1
50	mol394	-13.29	COc1nc(-c2cccc(-c3cccc(-c4cnc(C[C@H]5CC[C@@H](OC)CC5)c(OC)n4)c3Cl)c2Cl)cnc1CNC[C@@H]1CCC(=O)N1
50	mol117	-12.47	COc1nc(-c2cccc(-c3cccc(-c4cnc(CNC[C@@H]5CCC(=O)N5)c(OC)n4)c3Cl)c2Cl)cnc1CNCC[C@H]1CCCO1
50	mol174	-12.54	COc1nc(-c2cccc(-c3cccc(-c4cnc(CNC[C@@H]5CCC(=O)N5)c(OC)n4)c3Cl)c2Cl)cnc1CNCC[C@H]1CCCO1
50	mol227	-13.02	COc1nc(-c2cccc(-c3cccc(-c4cnc(CNC[C@H]5CCCO5)c(OC)n4)c3Cl)c2Cl)cnc1CNC[C@H]1CCC(=O)N1
50	mol430	-12.35	COCCOc1nc(-c2cccc(-c3cccc(-c4cnc(CNC[C@H]5CCC(=O)N5)c(OC)n4)c3Cl)c2Cl)cnc1CC[C@@H]1CCCO1
50	mol11	-12.68	COc1nc(-c2cccc(-c3cccc(-c4cnc(CNC[C@@H]5CCC(=O)N5)c(OC)n4)c3Cl)c2Cl)cnc1CNCC[C@H]1CCCO1
50	mol309	-12.51	COc1nc(-c2cccc(-c3cccc(-c4cnc(CNC[C@@H]5CCC(=O)N5)c(OC)n4)c3Cl)c2Cl)cnc1CNCC[C@H]1CCCO1
50	mol139	-13.48	COc1nc(-c2cccc(-c3cccc(-c4cnc(CNC[C@H]5CCC(=O)N5)c(OC)n4)c3Cl)c2Cl)cnc1CCc1cnccn1
50	mol110	-12.58	COc1nc(-c2cccc(-c3cccc(-c4cnc(CNC[C@@H]5CCC(=O)N5)c(OC)n4)c3Cl)c2Cl)cnc1CNCC[C@H]1CCCO1
50	mol135	-12.68	COc1nc(-c2cccc(-c3cccc(-c4cnc(CNC[C@@H]5CCC(=O)N5)c(OC)n4)c3Cl)c2Cl)cnc1CNCC[C@H]1CCCO1
50	mol411	-12.57	COc1nc(-c2cccc(-c3cccc(-c4cnc(CNC[C@@H]5CCC(=O)N5)c(OC)n4)c3Cl)c2Cl)cnc1CNCC[C@H]1CCCO1
50	mol133	-12.49	COc1nc(-c2cccc(-c3cccc(-c4cnc(CNC[C@@H]5CCC(=O)N5)c(OC)n4)c3Cl)c2Cl)cnc1CNCC[C@H]1CCCO1
50	mol424	-12.99	COc1nc(-c2cccc(-c3cccc(-c4cnc(CNC[C@H]5CCCO5)c(OC)n4)c3Cl)c2Cl)cnc1CNC[C@H]1CCC(=O)N1
50	mol351	-12.48	COc1nc(-c2cccc(-c3cccc(-c4cnc(CNC[C@@H]5CCC(=O)N5)c(OC)n4)c3Cl)c2Cl)cnc1CNCC[C@H]1CCCO1
50	mol208	-12.57	COc1nc(-c2cccc(-c3cccc(-c4cnc(CNC[C@@H]5CCC(=O)N5)c(OC)n4)c3Cl)c2Cl)cnc1CNCC[C@H]1CCCO1
50	mol388	-13.08	COc1nc(-c2cccc(-c3cccc(-c4cnc(CNC[C@H]5CCC(=O)N5)c(OC)n4)c3Cl)c2Cl)cnc1CNCCC1CCCC1
50	mol147	-12.62	COc1nc(-c2cccc(-c3cccc(-c4cnc(CNC[C@@H]5CCC(=O)N5)c(OC)n4)c3Cl)c2Cl)cnc1CCNCC[C@@H]1CCCO1
50	mol150	-12.74	COc1nc(-c2cccc(-c3cccc(-c4cnc(CNC[C@@H]5CCC(=O)N5)c(OC)n4)c3Cl)c2Cl)cnc1CCNCC[C@@H]1CCCO1
50	mol121	-13.07	COc1nc(-c2cccc(-c3cccc(-c4cnc(CNC[C@H]5CCCO5)c(OC)n4)c3Cl)c2Cl)cnc1CNC[C@H]1CCC(=O)N1
50	mol331	-12.45	COc1nc(-c2cccc(-c3cccc(-c4cnc(CNC[C@@H]5CCC(=O)N5)c(OC)n4)c3Cl)c2Cl)cnc1CNCC[C@H]1CCCO1
50	mol441	-12.56	COc1nc(-c2cccc(-c3cccc(-c4cnc(CNC[C@@H]5CCC(=O)N5)c(OC)n4)c3Cl)c2Cl)cnc1CNCC[C@H]1CCCO1
50	mol363	-12.45	COc1nc(-c2cccc(-c3cccc(-c4cnc(CNC[C@@H]5CCC(=O)N5)c(OC)n4)c3Cl)c2Cl)cnc1CNCC[C@H]1CCCO1
50	mol376	-12.63	COc1nc(-c2cccc(-c3cccc(-c4cnc(CNC[C@@H]5CCC(=O)N5)c(OC)n4)c3Cl)c2Cl)cnc1CNCC[C@H]1CCCO1
50	mol263	-12.62	COCCOc1nc(-c2cccc(-c3cccc(-c4cnc(CNC[C@@H]5CCC(=O)N5)c(OC)n4)c3Cl)c2Cl)cnc1CNCC[C@H]1CCCO1
50	mol312	-12.5	CCOc1nc(-c2cccc(-c3cccc(-c4cnc(CNC[C@H]5CCC(=O)N5)c(OC)n4)c3Cl)c2Cl)cnc1CNCC[C@@H]1CCCO1
50	mol113	-12.58	COc1nc(-c2cccc(-c3cccc(-c4cnc(CNC[C@@H]5CCC(=O)N5)c(OC)n4)c3Cl)c2Cl)cnc1CNCC[C@H]1CCCO1
50	mol120	-12.98	COc1nc(-c2cccc(-c3cccc(-c4cnc(CNC[C@H]5CCCO5)c(OC)n4)c3Cl)c2Cl)cnc1CNC[C@H]1CCC(=O)N1
50	mol389	-12.59	COc1nc(-c2cccc(-c3cccc(-c4cnc(CNC[C@@H]5CCC(=O)N5)c(OC)n4)c3Cl)c2Cl)cnc1CNCC[C@H]1CCCO1
50	mol83	-13.15	COc1nc(-c2cccc(-c3cccc(-c4cnc(CNC[C@H]5CCCO5)c(OC)n4)c3Cl)c2Cl)cnc1CNC[C@H]1CCC(=O)N1
50	mol2	-13.32	COc1ncc(-c2cccc(-c3cccc(-c4cnc(CNC[C@@H]5CCC(=O)N5)c(OC)n4)c3Cl)c2Cl)cn1
50	mol354	-12.41	COc1nc(-c2cccc(-c3cccc(-c4cnc(CNC[C@@H]5CCC(=O)N5)c(OC)n4)c3Cl)c2Cl)cnc1CNCC[C@H]1CCCO1
50	mol466	-13.07	COc1nc(-c2cccc(-c3cccc(-c4cnc(CNC[C@H]5CCCO5)c(OC)n4)c3Cl)c2Cl)cnc1CNC[C@H]1CCC(=O)N1
50	mol395	-12.63	COc1nc(-c2cccc(-c3cccc(-c4cnc(CNC[C@@H]5CCC(=O)N5)c(OC)n4)c3Cl)c2Cl)cnc1CNCC[C@H]1CCCO1
50	mol262	-13.18	COc1nc(-c2cccc(-c3cccc(-c4cnc(CNC[C@H]5CCCO5)c(OC)n4)c3Cl)c2Cl)cnc1CNC[C@H]1CCC(=O)N1
50	mol257	-13.51	COc1nc(-c2cccc(-c3cccc(-c4cnc(CNC[C@@H]5CCC(=O)N5)c(OC)n4)c3Cl)c2Cl)cnc1CNCC1CCOCC1
50	mol420	-13.45	COc1nc(-c2cccc(-c3cccc(-c4cnc(CNC[C@@H]5CCC(=O)N5)c(OC)n4)c3Cl)c2Cl)cnc1CNCC1CCOCC1
50	mol485	-13.11	COc1nc(-c2cccc(-c3cccc(-c4cnc(CNC[C@H]5CCCO5)c(OC)n4)c3Cl)c2Cl)cnc1CNC[C@H]1CCC(=O)N1
50	mol125	-12.53	COc1nc(-c2cccc(-c3cccc(-c4cnc(CNC[C@@H]5CCC(=O)N5)c(OC)n4)c3Cl)c2Cl)cnc1CNCC[C@H]1CCCO1
50	mol211	-13.03	COc1nc(-c2cccc(-c3cccc(-c4cnc(CNC[C@H]5CCCO5)c(OC)n4)c3Cl)c2Cl)cnc1CNC[C@H]1CCC(=O)N1
50	mol66	-13.1	COc1nc(-c2cccc(-c3cccc(-c4cnc(CNC[C@H]5CCC(=O)N5)c(OC)n4)c3Cl)c2Cl)cnc1CNCCC1CCCC1
50	mol4	-12.15	COc1nc(-c2cccc(-c3cccc(-c4cnc(CNC[C@H]5CCC(=O)N5)c(OC)n4)c3Cl)c2Cl)cnc1CCNCCCC1CCC1
50	mol109	-13.06	COc1cnc(-c2cccc(-c3cccc(-c4cnc(CNC[C@@H]5CCC(=O)N5)c(OC)n4)c3Cl)c2Cl)nc1C[C@@H]1CCCO1
50	mol290	-13.13	COc1nc(-c2cccc(-c3cccc(-c4cnc(CNC[C@H]5CCCO5)c(OC)n4)c3Cl)c2Cl)cnc1CNC[C@H]1CCC(=O)N1
50	mol299	-13.03	COc1nc(-c2cccc(-c3cccc(-c4cnc(CNC[C@H]5CCC(=O)N5)c(OC)n4)c3Cl)c2Cl)cnc1CNCCC1CCCC1
50	mol378	-12.76	COc1nc(-c2cccc(-c3cccc(-c4cnc(CNC[C@@H]5CCC(=O)N5)c(OC)n4)c3Cl)c2Cl)cnc1CNCC[C@H]1CCCO1
50	mol371	-12.73	CCOc1nc(-c2cccc(-c3cccc(-c4cnc(CNC[C@H]5CCC(=O)N5)c(OC)n4)c3Cl)c2Cl)cnc1CNCC[C@@H]1CCCO1
50	mol224	-12.96	COc1nc(-c2cccc(-c3cccc(-c4cnc(CNC[C@H]5CCC(=O)N5)c(OC)n4)c3Cl)c2Cl)cnc1CNC[C@@H](C)C[C@@H]1CCCO1
50	mol161	-13.07	COc1nc(-c2cccc(-c3cccc(-c4cnc(CNC[C@H]5CCC(=O)N5)c(OC)n4)c3Cl)c2Cl)cnc1CNCCC1CCCC1
50	mol417	-13.11	COc1nc(-c2cccc(-c3cccc(-c4cnc(CNC[C@H]5CCCO5)c(OC)n4)c3Cl)c2Cl)cnc1CNC[C@H]1CCC(=O)N1
50	mol39	-12.57	COc1nc(-c2cccc(-c3cccc(-c4cnc(CNC[C@@H]5CCC(=O)N5)c(OC)n4)c3Cl)c2Cl)cnc1CNCC[C@H]1CCCO1
50	mol496	-12.64	COc1nc(-c2cccc(-c3cccc(-c4cnc(CNC[C@@H]5CCC(=O)N5)c(OC)n4)c3Cl)c2Cl)cnc1CNCC[C@H]1CCCO1
50	mol311	-12.72	CCOc1nc(-c2cccc(-c3cccc(-c4cnc(CNC[C@H]5CCC(=O)N5)c(OC)n4)c3Cl)c2Cl)cnc1CNCC[C@@H]1CCCO1
50	mol280	-13.04	COc1nc(-c2cccc(-c3cccc(-c4cnc(CNC[C@H]5CCCO5)c(OC)n4)c3Cl)c2Cl)cnc1CNC[C@H]1CCC(=O)N1
50	mol104	-12.58	COc1nc(-c2cccc(-c3cccc(-c4cnc(CNC[C@@H]5CCC(=O)N5)c(OC)n4)c3Cl)c2Cl)cnc1CNCC[C@H]1CCCO1
50	mol173	-13.18	COc1ncnc(-c2cccc(-c3cccc(-c4cnc(CNC[C@H]5CCC(=O)N5)c(OC)n4)c3Cl)c2Cl)n1
50	mol154	-12.44	COc1nc(-c2cccc(-c3cccc(-c4cnc(CNC[C@@H]5CCC(=O)N5)c(OC)n4)c3Cl)c2Cl)cnc1CNCC[C@H]1CCCO1
50	mol447	-13.15	COc1nc(-c2cccc(-c3cccc(-c4cnc(CNC[C@H]5CCCO5)c(OC)n4)c3Cl)c2Cl)cnc1CNC[C@H]1CCC(=O)N1
50	mol468	-13.07	COc1nc(-c2cccc(-c3cccc(-c4cnc(CNC[C@H]5CCCO5)c(OC)n4)c3Cl)c2Cl)cnc1CNC[C@H]1CCC(=O)N1
50	mol413	-13.15	COc1nc(-c2cccc(-c3cccc(-c4cnc(CNC[C@H]5CCC(=O)N5)c(OC)n4)c3Cl)c2Cl)cnc1CNCCC1CCC1
50	mol269	-12.55	COc1nc(-c2cccc(-c3cccc(-c4cnc(CNC[C@@H]5CCC(=O)N5)c(OC)n4)c3Cl)c2Cl)cnc1CNCC[C@H]1CCCO1
50	mol397	-12.54	COc1nc(-c2cccc(-c3cccc(-c4cnc(CNC[C@H]5CCC(=O)N5)c(OC)n4)c3Cl)c2Cl)cnc1CNCCC[C@H]1CCCO1
50	mol456	-13.11	COc1nc(-c2cccc(-c3cccc(-c4cnc(CNC[C@H]5CCCO5)c(OC)n4)c3Cl)c2Cl)cnc1CNC[C@H]1CCC(=O)N1
50	mol0	-12.44	CCOc1nc(-c2cccc(-c3cccc(-c4cnc(CNC[C@H]5CCC(=O)N5)c(OC)n4)c3Cl)c2Cl)cnc1CNCC[C@@H]1CCCO1
50	mol369	-12.48	COc1nc(-c2cccc(-c3cccc(-c4cnc(CNC[C@@H]5CCC(=O)N5)c(OC)n4)c3Cl)c2Cl)cnc1CNCC[C@H]1CCCO1
50	mol461	-13.2	COc1nc(-c2cccc(-c3cccc(-c4cnc(CNC[C@H]5CCC(=O)N5)c(OC)n4)c3Cl)c2Cl)cnc1CNCCC1CCC1
50	mol122	-12.65	COc1nc(-c2cccc(-c3cccc(-c4cnc(CNC[C@@H]5CCC(=O)N5)c(OC)n4)c3Cl)c2Cl)cnc1CNCC[C@H]1CCCO1
50	mol3	-12.28	COc1nc(-c2cccc(-c3ccccc3Cl)c2Cl)cnc1CCc1ccncn1
50	mol15	-13.12	COc1nc(-c2cccc(-c3cccc(-c4cnc(CNC[C@H]5CCCO5)c(OC)n4)c3Cl)c2Cl)cnc1CNC[C@H]1CCC(=O)N1
50	mol178	-13.18	COc1nc(-c2cccc(-c3cccc(-c4cnc(CNC[C@H]5CCC(=O)N5)c(OC)n4)c3Cl)c2Cl)cnc1CNCCC1CCC1
50	mol446	-13.76	OC[C@@H]1C[C@@H](Oc2cccc(-c3cccc(-c4cccc(-c5cccc(O)c5)c4Cl)c3Cl)c2Cl)C[C@@H]1O
50	mol47	-12.62	COc1nc(-c2cccc(-c3cccc(-c4cnc(CNC[C@@H]5CCC(=O)N5)c(OC)n4)c3Cl)c2Cl)cnc1CNCC[C@H]1CCCO1
50	mol42	-13.14	COc1nc(-c2cccc(-c3cccc(-c4cnc(CNC[C@H]5CCCO5)c(OC)n4)c3Cl)c2Cl)cnc1CNC[C@H]1CCC(=O)N1
50	mol48	-13.16	COc1nc(-c2cccc(-c3cccc(-c4cnc(CNC[C@H]5CCCO5)c(OC)n4)c3Cl)c2Cl)cnc1CNC[C@H]1CCC(=O)N1
50	mol356	-13.1	COc1nncc(-c2cccc(-c3cccc(-c4cnc(CNC[C@@H]5CCC(=O)N5)c(OC)n4)c3Cl)c2Cl)n1
50	mol119	-12.66	COc1nc(-c2cccc(-c3cccc(-c4cnc(CNC[C@@H]5CCC(=O)N5)c(OC)n4)c3Cl)c2Cl)cnc1CNCC[C@H]1CCCO1
50	mol392	-12.68	COc1nc(-c2cccc(-c3cccc(-c4cnc(CNC[C@@H]5CCC(=O)N5)c(OC)n4)c3Cl)c2Cl)cnc1CNCC[C@H]1CCCO1
50	mol358	-13.13	COc1nc(-c2cccc(-c3cccc(-c4cnc(OC[C@H]5CCC(=O)N5)c(OC)n4)c3Cl)c2Cl)cnc1CNCC[C@@H]1CCCO1
50	mol30	-12.74	COc1nc(-c2cccc(-c3cccc(-c4cnc(CNC[C@@H]5CCC(=O)N5)c(OC)n4)c3Cl)c2Cl)cnc1CNCC[C@H]1CCCO1
50	mol399	-12.62	COc1nc(-c2cccc(-c3cccc(-c4cnc(CNC[C@@H]5CCC(=O)N5)c(OC)n4)c3Cl)c2Cl)cnc1CNCC[C@H]1CCCO1
50	mol170	-12.56	COc1nc(-c2cccc(-c3cccc(-c4cnc(CNC[C@@H]5CCC(=O)N5)c(OC)n4)c3Cl)c2Cl)cnc1CNCC[C@H]1CCCO1
50	mol17	-13.29	COc1ncc(-c2cccc(-c3cccc(-c4cnc(CNC[C@@H]5CCC(=O)N5)c(OC)n4)c3Cl)c2Cl)cn1
50	mol221	-13.06	COc1nc(-c2cccc(-c3cccc(-c4cnc(CNC[C@H]5CCC(=O)N5)c(OC)n4)c3Cl)c2Cl)cnc1CNCCC1CCC1
50	mol205	-12.69	COc1nc(-c2cccc(-c3cccc(-c4cnc(CNC[C@@H]5CCC(=O)N5)c(OC)n4)c3Cl)c2Cl)cnc1CNCC[C@H]1CCCO1
50	mol201	-13.37	COc1nc(-c2cccc(-c3cccc(-c4cnc(CNC[C@H]5CC[C@@H](OC)CC5)c(OC)n4)c3Cl)c2Cl)cnc1CNC[C@H]1CCC(=O)N1
50	mol33	-12.38	COc1nc(-c2cccc(-c3cccc(-c4cnn(C)n4)c3Cl)c2Cl)cnc1CCNCC[C@@H]1CCCO1
50	mol455	-13.25	COc1nc(-c2cccc(-c3cccc(-c4cnc(CNC[C@H]5CCC(=O)N5)c(OC)n4)c3Cl)c2Cl)cnc1CNCCC1CCC1
50	mol235	-13.02	COc1cnc(-c2cccc(-c3cccc(-c4cnc(CNC[C@@H]5CCC(=O)N5)c(OC)n4)c3Cl)c2Cl)cn1
50	mol107	-12.64	COc1nc(-c2cccc(-c3cccc(-c4cnc(CNC[C@@H]5CCC(=O)N5)c(OC)n4)c3Cl)c2Cl)cnc1CNCC[C@H]1CCCO1
50	mol462	-12.88	O=C1CC[C@H](CNCc2ncc(-c3cccc(-c4ccc(-c5ccnc(O)n5)c(Cl)c4)c3Cl)c(Cl)c2OC[C@H]2CCC(=O)N2)N1
50	mol103	-13.43	COc1nc(-c2cccc(-c3cccc(-c4cnc(CN[C@H]5CCC(=O)N5)c(OC)n4)c3Cl)c2Cl)cnc1CNCC[C@H]1CCCO1
50	mol409	-12.61	COc1nc(-c2cccc(-c3cccc(-c4cnc(CNC[C@H]5CCC(=O)N5)c(OC)n4)c3Cl)c2Cl)cnc1CNCCC[C@H]1CCCO1
50	mol368	-12.76	COc1nc(-c2cccc(-c3cccc(-c4cncc(CNC[C@H]5CCC(=O)N5)c4)c3Cl)c2Cl)cnc1CNCC[C@H]1CCCO1
50	mol328	-13.0	COc1nc(-c2cccc(-c3cccc(-c4cnc(CNC[C@H]5CCC(=O)N5)c(OC)n4)c3Cl)c2Cl)cnc1CNCCC1CCCC1
50	mol46	-12.59	COc1nc(-c2cccc(-c3cccc(-c4cnc(CNC[C@@H]5CCC(=O)N5)c(OC)n4)c3Cl)c2Cl)cnc1CNCC[C@H]1CCCO1
50	mol131	-12.41	Oc1nc(-c2cccc(-c3cccc(-c4cncnc4)c3)c2Cl)cnc1CNCC[C@@H]1CCCO1
50	mol238	-12.7	COc1nc(-c2cccc(-c3cccc(-c4cnc(CNC[C@@H]5CCC(=O)N5)c(OC)n4)c3Cl)c2Cl)cnc1CCNCC[C@@H]1CCCO1
50	mol483	-13.79	COc1nc(-c2cccc(-c3cccc(-c4cnc(C[C@@H]5CCCO5)c(OC)n4)c3Cl)c2Cl)cnc1CNC[C@@H]1CCC(=O)N1
50	mol472	-13.16	COc1nc(-c2cccc(-c3cccc(-c4cnc(CNC[C@H]5CCC(=O)N5)c(OC)n4)c3Cl)c2Cl)cnc1CNCCC1CCC1
50	mol436	-12.98	COc1ncnc(-c2cccc(-c3cccc(-c4cnc(CNC[C@H]5CCC(=O)N5C)c(OC)n4)c3Cl)c2Cl)n1
50	mol243	-12.54	COc1nc(-c2cccc(-c3cccc(-c4cnc(CNC[C@@H]5CCC(=O)N5)c(OC)n4)c3Cl)c2Cl)cnc1CNCC[C@H]1CCCO1
50	mol172	-13.12	COc1nc(-c2cccc(-c3cccc(-c4cnc(CNC[C@H]5CCCO5)c(OC)n4)c3Cl)c2Cl)cnc1CNC[C@H]1CCC(=O)N1
50	mol214	-12.54	COc1nc(-c2cccc(-c3cccc(-c4cnc(CNC[C@H]5CCC(=O)N5)c(OC)n4)c3Cl)c2Cl)cnc1CNCC[C@H]1CC[C@@H](OC)CC1
50	mol431	-13.48	COc1nc(-c2cccc(-c3cccc(-c4cnc(CN5CCCC5)c(OC)n4)c3Cl)c2Cl)cnc1CNC[C@@H]1CCC(=O)N1
50	mol137	-13.06	COc1nc(-c2cccc(-c3cccc(-c4cnc(CNC[C@H]5CCCO5)c(OC)n4)c3Cl)c2Cl)cnc1CNC[C@H]1CCC(=O)N1
50	mol74	-12.38	COc1nc(-c2cccc(-c3cccc(-c4cnc(CNC[C@@H]5CCC(=O)N5)c(OC)n4)c3Cl)c2Cl)cnc1CNCC[C@H]1CCCO1
50	mol79	-13.45	COc1nc(-c2cccc(-c3cccc(-c4cnc(CNC[C@@H]5CCC(=O)N5)c(OC)n4)c3Cl)c2Cl)cnc1CNCC1CCOCC1
50	mol463	-12.65	COc1nc(-c2cccc(-c3cccc(-c4cnc(CNC[C@@H]5CCC(=O)N5)c(OC)n4)c3Cl)c2Cl)cnc1CNCC[C@H]1CCCO1
50	mol97	-12.54	COc1nc(-c2cccc(-c3cccc(-c4cnc(CNC[C@@H]5CCC(=O)N5)c(OC)n4)c3Cl)c2Cl)cnc1CNCC[C@H]1CCCO1
50	mol71	-13.05	COc1nc(-c2cccc(-c3cccc(-c4cnc(CNC[C@H]5CCC(=O)N5)c(OC)n4)c3Cl)c2Cl)cnc1CNCCC1CCCC1
50	mol87	-12.76	COc1nc(-c2cccc(-c3cccc(-c4cnc(CNC[C@@H]5CCC(=O)N5)c(OC)n4)c3Cl)c2Cl)cnc1CNCC[C@H]1CCCO1
50	mol486	-12.57	COc1nc(-c2cccc(-c3cccc(-c4cnc(CNC[C@@H]5CCC(=O)N5)c(OC)n4)c3Cl)c2Cl)cnc1CNCC[C@H]1CCCO1
50	mol23	-12.59	COc1nc(-c2cccc(-c3cccc(-c4cnc(CNC[C@@H]5CCC(=O)N5)c(OC)n4)c3Cl)c2Cl)cnc1CNCC[C@H]1CCCO1
50	mol265	-12.65	COc1nc(-c2cccc(-c3cccc(-c4cnc(CNC[C@@H]5CCC(=O)N5)c(OC)n4)c3Cl)c2Cl)cnc1CNCC[C@H]1CCCO1
50	mol464	-13.54	COc1nc(-c2cccc(-c3cccc(-c4cnc(CN5CCCC5)c(OC)n4)c3Cl)c2Cl)cnc1CNC[C@@H]1CCC(=O)N1
50	mol58	-13.06	COc1nc(-c2cccc(-c3cccc(-c4cnc(CNC[C@H]5CCCO5)c(OC)n4)c3Cl)c2Cl)cnc1CNC[C@H]1CCC(=O)N1
50	mol248	-12.59	COc1nc(-c2cccc(-c3cccc(-c4cnc(CNC[C@@H]5CCC(=O)N5)c(OC)n4)c3Cl)c2Cl)cnc1CNCC[C@H]1CCCO1
50	mol202	-12.54	COc1nc(-c2cccc(-c3cccc(-c4cnc(CNC[C@@H]5CCC(=O)N5)c(OC)n4)c3Cl)c2Cl)cnc1CNCC[C@H]1CCCO1
50	mol315	-13.29	COc1cc(-c2cccc(-c3cccc(-c4cnc(CNCCC5CCC5)c(OC)n4)c3Cl)c2Cl)cnc1CNC[C@H]1CCC(=O)N1
50	mol183	-13.09	COc1nc(-c2cccc(-c3cccc(-c4cnc(CNC[C@H]5CCCO5)c(OC)n4)c3Cl)c2Cl)cnc1CNC[C@H]1CCC(=O)N1
50	mol226	-13.15	COc1nc(-c2cccc(-c3cccc(-c4cnc(CNC[C@H]5CCCO5)c(OC)n4)c3Cl)c2Cl)cnc1CNC[C@H]1CCC(=O)N1
50	mol476	-13.55	COc1nc(-c2cccc(-c3cccc(-c4cnc(CNC[C@H]5CCC(=O)N5)c(OC)n4)c3Cl)c2Cl)cnc1CC[C@H]1CCCO1
50	mol454	-12.92	COc1nc(-c2cccc(-c3cccc(-c4cnc(CNC[C@H]5CCCN5)c(OC)n4)c3Cl)c2Cl)cnc1CNCC[C@@H]1CCCO1
50	mol246	-13.34	COc1nc(-c2cccc(-c3cccc(-c4cnc(CNCC[C@@H]5CCCO5)c(C)n4)c3Cl)c2Cl)cnc1CNC[C@@H]1CCC(=O)N1
50	mol134	-12.64	COc1nc(-c2cccc(-c3cccc(-c4cnc(CNC[C@@H]5CCC(=O)N5)c(OC)n4)c3Cl)c2Cl)cnc1CNCC[C@H]1CCCO1
50	mol460	-12.54	COc1nc(-c2cccc(-c3cccc(-c4cnc(CNC[C@@H]5CCC(=O)N5)c(OC)n4)c3Cl)c2Cl)cnc1CNCC[C@H]1CCCO1
50	mol343	-12.64	COc1nc(-c2cccc(-c3cccc(-c4cnc(CNC[C@@H]5CCC(=O)N5)c(OC)n4)c3Cl)c2Cl)cnc1CNCC[C@H]1CCCO1
50	mol364	-12.68	COc1nc(-c2cccc(-c3cccc(-c4cnc(CNC[C@@H]5CCC(=O)N5)c(OC)n4)c3Cl)c2Cl)cnc1CNCC[C@H]1CCCO1
50	mol116	-12.62	COc1nc(-c2cccc(-c3cccc(-c4cnc(CNC[C@@H]5CCC(=O)N5)c(OC)n4)c3Cl)c2Cl)cnc1CNCC[C@H]1CCCO1
50	mol41	-12.46	COc1nc(-c2cccc(-c3cccc(-c4cnc(CNC[C@@H]5CCC(=O)N5)c(OC)n4)c3Cl)c2Cl)cnc1CNCC[C@H]1CCCO1
50	mol127	-13.81	COc1nc(-c2cccc(-c3cccc(-c4cnc(C[C@@H]5CCCO5)c(OC)n4)c3Cl)c2Cl)cnc1CNC[C@@H]1CCC(=O)N1
50	mol277	-13.76	COc1nc(-c2cccc(-c3cccc(-c4cnc(CN[C@@H]5CCCO5)c(OC)n4)c3Cl)c2Cl)cnc1CNC[C@@H]1CCC(=O)N1
50	mol176	-12.6	COc1nc(-c2cccc(-c3cccc(-c4cnc(CNC[C@@H]5CCC(=O)N5)c(OC)n4)c3Cl)c2Cl)cnc1CNCC[C@H]1CCCO1
50	mol123	-12.76	Oc1nc(-c2cccc(-c3cccc(-c4cncnc4)c3Cl)c2Cl)cnc1CNCC[C@H]1CCCO1
50	mol305	-12.75	COc1nc(-c2cccc(-c3cccc(-c4cnc(CNC[C@@H]5CCC(=O)N5)c(OC)n4)c3Cl)c2Cl)cnc1CNCC[C@H]1CCCO1
50	mol279	-13.1	COc1nc(-c2cccc(-c3cccc(-c4cnc(CNC[C@H]5CCCO5)c(OC)n4)c3Cl)c2Cl)cnc1CNC[C@H]1CCC(=O)N1
50	mol497	-12.67	COc1nc(-c2cccc(-c3cccc(-c4cnc(CNC[C@@H]5CCC(=O)N5)c(OC)n4)c3Cl)c2Cl)cnc1CNCC[C@H]1CCCO1
50	mol158	-12.62	COc1nc(-c2cccc(-c3cccc(-c4cnc(CNC[C@@H]5CCC(=O)N5)c(OC)n4)c3Cl)c2Cl)cnc1CNCC[C@H]1CCCO1
50	mol465	-13.17	COc1nc(-c2cccc(-c3cccc(-c4cnc(COC[C@@H]5CCO5)c(OC)n4)c3Cl)c2Cl)cnc1CNC[C@@H]1CCC(=O)N1
50	mol43	-13.8	COc1nc(-c2cccc(-c3cccc(-c4cnc(C[C@@H]5CCCO5)c(OC)n4)c3Cl)c2Cl)cnc1CNC[C@@H]1CCC(=O)N1
50	mol124	-12.6	COc1nc(-c2cccc(-c3cccc(-c4cnc(CNC[C@@H]5CCC(=O)N5)c(OC)n4)c3Cl)c2Cl)cnc1CNCC[C@H]1CCCO1
50	mol85	-12.66	COc1nc(-c2cccc(-c3cccc(-c4cnc(CNC[C@@H]5CCC(=O)N5)c(OC)n4)c3Cl)c2Cl)cnc1CNCC[C@H]1CCCO1
60	mol443	-12.6	COc1nc(-c2cccc(-c3cccc(-c4cnc(CNC[C@@H]5CCC(=O)N5)c(OC)n4)c3Cl)c2Cl)cnc1CNCC[C@H]1CCCO1
60	mol114	-13.17	COc1nncc(-c2cccc(-c3cccc(-c4cnc(CNC[C@@H]5CCC(=O)N5)c(OC)n4)c3Cl)c2Cl)n1
60	mol422	-13.36	COc1nncc(-c2cccc(-c3cccc(-c4cnc(CNC[C@@H]5CCC(=O)N5)c(OC)c4)c3Cl)c2Cl)n1
60	mol25	-12.57	COc1nc(-c2cccc(-c3cccc(-c4cnc(CNC[C@@H]5CCC(=O)N5)c(OC)n4)c3Cl)c2Cl)cnc1CNCC[C@H]1CCCO1
60	mol442	-12.72	COc1nc(-c2cccc(-c3cccc(-c4cnc(CNC[C@@H]5CCC(=O)N5)c(OC)n4)c3Cl)c2Cl)cnc1CNCC[C@H]1CCCO1
60	mol210	-12.42	COc1nc(-c2cccc(-c3cccc(-c4cnc(CNC[C@@H]5CCC(=O)N5)c(OC)n4)c3Cl)c2Cl)cnc1CCCCC[C@H]1CCCCO1
60	mol225	-13.28	COc1nc(-c2cccc(-c3cccc(-c4cnc(CNC[C@@H]5CCC(=O)N5)c(OC)n4)c3Cl)c2Cl)cnc1CCCCn1cnc(C)c1
60	mol437	-12.67	COc1nc(-c2cccc(-c3cccc(-c4cnc(CNC[C@H]5CCC(=O)N5)c(OC)c4Cl)c3Cl)c2Cl)cnc1CNCCC1CCC1
60	mol10	-13.42	O=C1CC[C@H](CNCc2cccc(-c3cccc(-c4cccc(-c5cn(CC[C@@H]6CCCO6)cn5)c4Cl)c3Cl)c2)N1
60	mol284	-13.41	COc1cc(-c2cccc(-c3cccc(-c4cnc(CNCC[C@H]5CCCO5)c(OC)n4)c3Cl)c2Cl)cnc1CNC[C@H]1CCC(=O)N1
60	mol400	-13.22	COc1nc(-c2cccc(-c3cccc(-c4cnc(CNC[C@H]5CCC(=O)N5)c(OC)n4)c3Cl)c2Cl)cnc1CNCCC1CCC1
60	mol302	-13.23	COc1nc(-c2cccc(-c3cccc(-c4cnc(CNC[C@H]5CCC(=O)N5)c(OC)n4)c3Cl)c2Cl)cnc1CCCCC1CCCC1
60	mol346	-13.25	COc1cnc(-c2cccc(-c3cccc(-c4cnc(CNC[C@H]5CCC(=O)N5)c(OC)n4)c3Cl)c2Cl)nc1Cl
60	mol391	-12.47	COc1nc(-c2cccc(-c3cccc(-c4cnc(CNC[C@H]5CCC(=O)N5)c(OC)n4)c3Cl)c2Cl)cnc1CNCC[C@H]1CC[C@@H](OC)CC1
60	mol273	-13.82	COc1nc(-c2cccc(-c3cccc(-c4cnc(C[C@@H]5CCCO5)c(OC)n4)c3Cl)c2Cl)cnc1CNC[C@@H]1CCC(=O)N1
60	mol156	-13.49	COc1nc(-c2cccc(-c3cccc(-c4cnc(CNC[C@H]5CCC(=O)N5)c(OC)n4)c3Cl)c2Cl)cnc1CC[C@H]1CCCO1
60	mol481	-12.63	COc1nc(-c2cccc(-c3cccc(-c4cnc(CNC[C@@H]5CCC(=O)N5)c(OC)n4)c3Cl)c2Cl)cnc1CNCC[C@H]1CCCO1
60	mol203	-13.12	COc1nc(-c2cccc(-c3cccc(-c4cnc(OC[C@@H]5CCC(=O)N5)c(OC)n4)c3Cl)c2Cl)cnc1CNCCC1CCCC1
60	mol401	-13.63	COc1ncc(-c2cccc(-c3cccc(-c4cnc(CN[C@H]5CCC(=O)N5)c(OC)n4)c3Cl)c2Cl)cn1
60	mol254	-12.61	COc1nc(-c2cccc(-c3cccc(-c4cnc(CNC[C@@H]5CCC(=O)N5)c(OC)n4)c3Cl)c2Cl)cnc1CNCC[C@H]1CCCO1
60	mol6	-12.58	COc1nc(-c2cccc(-c3cccc(-c4cnc(CNC[C@@H]5CCC(=O)N5)c(OC)n4)c3Cl)c2Cl)cnc1CNCC[C@H]1CCCO1
60	mol324	-12.77	COc1nc(-c2cccc(-c3cccc(-c4cnc(CNC[C@@H]5CCC(=O)N5)c(OC)n4)c3Cl)c2Cl)cnc1CCNCC[C@@H]1CCCO1
60	mol141	-12.97	COc1nc(-c2cccc(-c3cccc(-c4cccc(CNC[C@@H]5CCC(=O)N5)c4Cl)c3Cl)c2Cl)cnc1CNCCC1CCCC1
60	mol425	-13.2	COc1nc(-c2cccc(-c3cccc(-c4nnc(C[C@H]5CCCCO5)c(OC)n4)c3Cl)c2Cl)cnc1CNC[C@@H]1CCC(=O)N1
60	mol175	-13.29	COc1nc(-c2cccc(-c3cccc(-c4cnc(CNC[C@H]5CCC(=O)N5)c(OC)n4)c3Cl)c2Cl)cnc1CNCCC1CCC1
60	mol487	-12.61	COc1nc(-c2cccc(-c3cccc(-c4cnc(CNC[C@@H]5CCC(=O)N5)c(OC)n4)c3Cl)c2Cl)cnc1CNCC[C@H]1CCCO1
60	mol55	-12.93	COc1nc(-c2cccc(-c3cccc(-c4cnc([C@@H](CO)CNC[C@H]5CCC(=O)N5)c(OC)n4)c3Cl)c2Cl)cnc1CNCCC1CCC1
60	mol352	-12.66	COc1nc(-c2cccc(-c3cccc(-c4cnc(CNC[C@@H]5CCC(=O)N5)c(OC)n4)c3Cl)c2Cl)cnc1CNCC[C@H]1CCCO1
60	mol298	-12.57	COc1nc(-c2cccc(-c3cccc(-c4cnc(CNC[C@@H]5CCC(=O)N5)c(OC)n4)c3Cl)c2Cl)cnc1CNCC[C@H]1CCCO1
60	mol153	-12.69	COc1nc(-c2cccc(-c3cccc(-c4cnc(C(=O)N5CC[C@H](O)C5)c(OC)c4Cl)c3Cl)c2Cl)cnc1CCCNCC[C@H]1CCCO1
60	mol289	-14.44	Cc1nc(-c2cccc(-c3cccc(-c4cnc(CNC[C@@H]5CCC(=O)N5)c(OC[C@H]5CCC(=O)N5)c4Cl)c3Cl)c2Cl)cnc1C[C@H]1CCCO1
60	mol423	-12.49	COc1nc(-c2cccc(-c3cccc(-c4cnc(CNC[C@@H]5CCC(=O)N5)c(OC)n4)c3Cl)c2Cl)cnc1CNCC[C@H]1CCCO1
60	mol256	-12.9	COc1nc(-c2cccc(-c3cccc(-c4cnc(CNC[C@H]5CCC(=O)N5)c(OC)n4)c3Cl)c2Cl)cnc1CNCCC1CCCC1
60	mol108	-12.6	COc1nc(-c2cccc(-c3cccc(-c4cnc(CNC[C@@H]5CCC(=O)N5)c(OC)n4)c3Cl)c2Cl)cnc1CNCC[C@H]1CCCO1
60	mol384	-12.99	COc1nc(-c2cccc(-c3cccc(-c4cnc(CNC[C@H]5CCC(=O)N5)c(OC)n4)c3Cl)c2Cl)cnc1CNCCC1CCCC1
60	mol477	-13.13	COc1nc(-c2cccc(-c3cccc(-c4cnc(CNC[C@H]5CCC(=O)N5)c(OC)n4)c3Cl)c2Cl)cnc1CNCCC1CCC1
60	mol92	-12.78	COc1nc(-c2cccc(-c3cccc(-c4cnc(CNC5CCC5)c(OC)n4)c3Cl)c2Cl)cnc1CCC1CCCC1
60	mol193	-12.65	COc1nc(-c2cccc(-c3cccc(-c4cnc(CNC[C@@H]5CCC(=O)N5)c(OC)n4)c3Cl)c2Cl)cnc1CNCC[C@H]1CCCO1
60	mol301	-13.22	COc1nc(-c2cccc(-c3cccc(-c4cnc(CNC[C@H]5CCC(=O)N5)c(OC)n4)c3Cl)c2Cl)cnc1CCCCC1CCCC1
60	mol347	-12.51	COc1nc(-c2cccc(-c3cccc(-c4cnc(CNC[C@@H]5CCC(=O)N5)c(OC)n4)c3Cl)c2Cl)cnc1CNCC[C@H]1CCCO1
60	mol367	-13.7	COc1nc(-c2cccc(-c3cccc(-c4cnc(CN[C@@H]5CCCO5)c(OC)n4)c3Cl)c2Cl)cnc1CNC[C@@H]1CCC(=O)N1
60	mol51	-13.23	COc1nc(-c2cccc(-c3cccc(-c4cnc(CNC[C@H]5CCC(=O)N5)c(OC)n4)c3Cl)c2Cl)cnc1CNCCC1CCC1
60	mol45	-13.63	COc1nc(-c2cccc(-c3cccc(-c4cccc(CNC[C@H]5CCC(=O)N5)c4Cl)c3Cl)c2Cl)cnc1CNCCC1CCC1
60	mol264	-13.09	COc1nc(-c2cccc(-c3cccc(-c4cnc(CNC[C@H]5CCC(=O)N5)c(OC)n4)c3Cl)c2Cl)cnc1CNCCC1CCC1
60	mol408	-12.57	COc1nc(-c2cccc(-c3cccc(-c4cnc(CNC[C@@H]5CCC(=O)N5)c(OC)n4)c3Cl)c2Cl)cnc1CNCC[C@H]1CCCO1
60	mol35	-12.78	COc1nc(-c2cccc(-c3cccc(-c4cnc(CNC[C@@H]5CCC(=O)N5)c(OC)n4)c3Cl)c2Cl)cnc1CCNCC[C@@H]1CCCO1
60	mol192	-12.65	COc1nc(-c2cccc(-c3cccc(-c4cnc(CNC[C@@H]5CCC(=O)N5)c(OC)n4)c3Cl)c2Cl)cnc1CNCC[C@H]1CCCO1
60	mol155	-13.97	COc1nc(-c2cccc(-c3cccc(-c4cccc(CNC[C@H]5CCC(=O)N5)c4Cl)c3Cl)c2Cl)cnc1CN1CCCC1
60	mol348	-12.62	COc1nc(-c2cccc(-c3cccc(-c4cnc(CNC[C@@H]5CCC(=O)N5)c(OC)n4)c3Cl)c2Cl)cnc1CNCC[C@H]1CCCO1
60	mol81	-12.63	COc1nc(-c2cccc(-c3cccc(-c4cnc(CNC[C@@H]5CCC(=O)N5)c(OC)n4)c3Cl)c2Cl)cnc1CNCC[C@H]1CCCO1
60	mol306	-13.19	COc1nc(-c2cccc(-c3cccc(-c4cnc(CNC[C@H]5CCC(=O)N5)c(OC)n4)c3Cl)c2Cl)cnc1CNCCC1CCC1
60	mol186	-12.53	CCOc1nc(-c2cccc(-c3cccc(-c4cnc(CNC[C@H]5CCC(=O)N5)c(OC)n4)c3Cl)c2Cl)cnc1CNCC[C@@H]1CCCO1
60	mol241	-12.64	COc1nc(-c2cccc(-c3cccc(-c4cnc(CNC[C@@H]5CCC(=O)N5)c(OC)n4)c3Cl)c2Cl)cnc1CNCC[C@H]1CCCO1
60	mol390	-13.16	COc1nc(-c2cccc(-c3cccc(-c4cnc(CNC[C@H]5CCC(=O)N5)c(OC)n4)c3Cl)c2Cl)cnc1CNCCC1CCC1
60	mol255	-14.31	COc1nncc(-c2cccc(-c3cccc(-c4cccc(CNC(C)=O)c4)c3Cl)c2Cl)n1
60	mol106	-12.58	COc1nc(-c2cccc(-c3cccc(-c4cnc(CNC[C@@H]5CCC(=O)N5)c(OC)n4)c3Cl)c2Cl)cnc1CNCC[C@H]1CCCO1
60	mol222	-12.98	COc1nc(-c2cccc(-c3cccc(-c4cnc(CNC[C@H]5CCC(=O)N5)c(OC)n4)c3Cl)c2Cl)cnc1CNCCC1CCCC1
60	mol21	-12.65	COc1nc(-c2cccc(-c3cccc(-c4cnc(CNC[C@@H]5CCC(=O)N5)c(OC)n4)c3Cl)c2Cl)cnc1CNCC[C@H]1CCCO1
60	mol365	-12.23	COc1nc(-c2cccc(-c3cccc(-c4cnc(CNC[C@H]5CCC(=O)N5)c(OC)n4)c3Cl)c2Cl)cnc1CCCNCCC1CCC1
60	mol470	-12.85	COc1nc(-c2cccc(-c3cccc(-c4cnc(CNC[C@H]5CCC(=O)N5)c(OC)n4)c3Cl)c2Cl)cnc1CNCCC1CCCC1
60	mol492	-13.79	COc1nc(-c2cccc(-c3cccc(-c4cnc(C[C@@H]5CCCO5)c(OC)n4)c3Cl)c2Cl)cnc1CNC[C@@H]1CCC(=O)N1
60	mol24	-12.7	COc1nc(-c2cccc(-c3cccc(-c4cnc(CNC[C@@H]5CCC(=O)N5)c(OC)n4)c3Cl)c2Cl)cnc1CNCC[C@H]1CCCO1
60	mol471	-13.01	COc1nc(-c2cccc(-c3cccc(-c4cnc(CNC[C@H]5CCC(=O)N5)c(OC)n4)c3Cl)c2Cl)cnc1CNCCC1CCCC1
60	mol379	-13.28	COc1nc(-c2cccc(-c3cccc(-c4cnc(CNC[C@H]5CCC(=O)N5)c(OC)n4)c3Cl)c2Cl)cnc1CNCCC1CCC1
60	mol473	-13.77	COc1nc(-c2cccc(-c3cccc(-c4cnc(C[C@@H]5CCCO5)c(OC)n4)c3Cl)c2Cl)cnc1CNC[C@@H]1CCC(=O)N1
60	mol414	-12.84	COc1nc(-c2cccc(-c3cccc(-c4cnc(CNC[C@H]5CCC(=O)N5)c(OC)n4)c3Cl)c2Cl)cnc1CCNCCCC1CCCC1
60	mol149	-12.6	COc1nc(-c2cccc(-c3cccc(-c4cnc(CNC[C@@H]5CCC(=O)N5)c(OC)n4)c3Cl)c2Cl)cnc1CNCC[C@H]1CCCO1
60	mol7	-12.62	COc1nc(-c2cccc(-c3cccc(-c4cnc(CNC[C@@H]5CCC(=O)N5)c(OC)n4)c3Cl)c2Cl)cnc1CNCC[C@H]1CCCO1
60	mol467	-13.81	COc1nc(-c2cccc(-c3cccc(-c4cnc(C[C@@H]5CCCO5)c(OC)n4)c3Cl)c2Cl)cnc1CNC[C@@H]1CCC(=O)N1
60	mol380	-12.94	COc1nc(-c2cccc(-c3cccc(-c4cnc(CNC[C@H]5CCC(=O)N5)c(OC)n4)c3Cl)c2Cl)cnc1CCC1CCCC1
60	mol319	-12.61	COc1nc(-c2cccc(-c3cccc(-c4cnc(CNC[C@@H]5CCC(=O)N5)c(OC)n4)c3Cl)c2Cl)cnc1CNCC[C@H]1CCCO1
60	mol270	-12.69	COc1nc(-c2cccc(-c3cccc(-c4cnc(CNC[C@@H]5CCC(=O)N5)c(OC)n4)c3Cl)c2Cl)cnc1CNCC[C@H]1CCCO1
60	mol112	-12.52	COc1nc(-c2cccc(-c3cccc(-c4cnc(CNC[C@@H]5CCC(=O)N5)c(OC)n4)c3Cl)c2Cl)cnc1CNCC[C@H]1CCCO1
60	mol374	-13.21	COc1nc(-c2cccc(-c3cccc(-c4cnc(CNC[C@H]5CCC(=O)N5)c(OC)n4)c3Cl)c2Cl)cnc1CNCCC1CCC1
60	mol336	-12.61	COc1nc(-c2cccc(-c3cccc(-c4cnc(CNC[C@H]5CCC(=O)N5)c(OC)n4)c3Cl)c2Cl)cnc1CNCC[C@H]1CC[C@@H](OC)CC1
60	mol479	-12.56	COc1nc(-c2cccc(-c3cccc(-c4cnc(CNC[C@@H]5CCC(=O)N5)c(OC)n4)c3Cl)c2Cl)cnc1CNCC[C@H]1CCCO1
60	mol163	-12.63	COc1nc(-c2cccc(-c3cccc(-c4cnc(CNC[C@@H]5CCC(=O)N5)c(OC)n4)c3Cl)c2Cl)cnc1CNCC[C@H]1CCCO1
60	mol261	-13.14	COc1nncc(-c2cccc(-c3cccc(-c4cnc(CNC[C@@H]5CCC(=O)N5)c(OC)n4)c3Cl)c2Cl)n1
60	mol237	-13.83	COc1ncc(-c2cccc(-c3cccc(-c4cccc(CNC[C@@H]5CCC(=O)N5)c4Cl)c3Cl)c2Cl)cn1
60	mol338	-12.98	COc1nc(-c2cccc(-c3cccc(-c4cnc(CNC[C@H]5CCC(=O)N5)c(OC)n4)c3Cl)c2Cl)cnc1CNCCC1CCCC1
60	mol143	-13.23	COc1nc(-c2cccc(-c3cccc(-c4cnc(CNC[C@H]5CCC(=O)N5)c(OC)n4)c3Cl)c2Cl)cnc1CNCCC1CCC1
60	mol94	-12.56	COc1nc(-c2cccc(-c3cccc(-c4cnc(CNC[C@@H]5CCC(=O)N5)c(OC)n4)c3Cl)c2Cl)cnc1CNCC[C@H]1CCCO1
60	mol385	-12.6	COc1nc(-c2cccc(-c3cccc(-c4cnc(CNC[C@@H]5CCC(=O)N5)c(OC)n4)c3Cl)c2Cl)cnc1CNCC[C@H]1CCCO1
60	mol187	-12.67	COc1nc(-c2cccc(-c3cccc(-c4cnc(CNC[C@@H]5CCC(=O)N5)c(OC)n4)c3Cl)c2Cl)cnc1CNCC[C@H]1CCCO1
60	mol14	-12.5	COc1nc(-c2cccc(-c3cccc(-c4cnc(CNC[C@@H]5CCC(=O)N5)c(OC)n4)c3Cl)c2Cl)cnc1CNCC[C@H]1CCCO1
60	mol53	-13.1	COc1cc(-c2cccc(-c3cccc(-c4cnc(CNCCC5CCC5)c(OC)n4)c3Cl)c2Cl)cnc1CNC[C@H]1CCC(=O)N1
60	mol69	-12.56	COc1nc(-c2cccc(-c3cccc(-c4cnc(CNC[C@@H]5CCC(=O)N5)c(OC)n4)c3Cl)c2Cl)cnc1CNCC[C@H]1CCCO1
60	mol179	-12.94	COc1nc(-c2cccc(-c3cccc(-c4cnc(CNC[C@H]5CCC(=O)N5)c(OC)n4)c3Cl)c2Cl)cnc1CCCO
60	mol349	-12.35	COc1nc(-c2ccc(-c3cccc(-c4cnc(CNC[C@H]5CCC(=O)N5)c(OC)n4)c3Cl)cc2Cl)cnc1CNCC[C@H]1CCCO1
60	mol100	-12.53	COc1nc(-c2cccc(-c3cccc(-c4cnc(CNC[C@@H]5CCC(=O)N5)c(OC)n4)c3Cl)c2Cl)cnc1CNCC[C@H]1CCCO1
60	mol132	-12.63	COc1nc(-c2cccc(-c3cccc(-c4cnc(CNC[C@@H]5CCC(=O)N5)c(OC)n4)c3Cl)c2Cl)cnc1CNCC[C@H]1CCCO1
60	mol20	-12.47	COc1nc(-c2cccc(-c3cccc(-c4cnc(CNC[C@@H]5CCC(=O)N5)c(OC)n4)c3Cl)c2Cl)cnc1CNCC[C@H]1CCCO1
60	mol321	-12.49	CCOc1nc(-c2cccc(-c3cccc(-c4cnc(CNC[C@H]5CCC(=O)N5)c(OC)n4)c3Cl)c2Cl)cnc1CNCC[C@@H]1CCCO1
60	mol345	-13.09	COc1nc(-c2cccc(-c3cccc(-c4cnc(CNC[C@H]5CCC(=O)N5)c(OC)n4)c3Cl)c2Cl)cnc1CNCCC1CCC1
60	mol313	-13.05	COc1nc(-c2cccc(-c3cccc(-c4cnc(CNC[C@H]5CCC(=O)N5)c(OC)n4)c3Cl)c2Cl)cnc1CNCCC1CCC1
60	mol335	-12.62	COc1nc(-c2cccc(-c3cccc(-c4cnc(CNC[C@@H]5CCC(=O)N5)c(OC)n4)c3Cl)c2Cl)cnc1CNCC[C@H]1CCCO1
60	mol207	-12.53	COc1nc(-c2cccc(-c3cccc(-c4cnc(CNC[C@@H]5CCC(=O)N5)c(OC)n4)c3Cl)c2Cl)cnc1CNCC[C@H]1CCCO1
60	mol427	-12.61	CCOc1nc(-c2cccc(-c3cccc(-c4cnc(CNC[C@H]5CCC(=O)N5)c(OC)n4)c3Cl)c2Cl)cnc1CNCC[C@@H]1CCCO1
60	mol61	-13.15	COc1cc(-c2cccc(-c3cccc(-c4cnc(CNCC[C@@H]5CCCO5)c(OC)n4)c3Cl)c2Cl)cnc1CN[C@@H]1CCC(=O)N1
60	mol209	-12.68	COc1nc(-c2cccc(-c3cccc(-c4cnc(CNC[C@@H]5CCC(=O)N5)c(OC)n4)c3Cl)c2Cl)cnc1CNCC[C@H]1CCCO1
60	mol281	-12.62	COc1nc(-c2cccc(-c3cccc(-c4cnc(CN5CC[C@H](O)C5)c(OC)c4Cl)c3Cl)c2Cl)cnc1CNCC[C@@H]1CCCO1
60	mol12	-12.54	COc1nc(-c2cccc(-c3cccc(-c4cnc(CNC[C@@H]5CCC(=O)N5)c(OC)n4)c3Cl)c2Cl)cnc1CNCC[C@H]1CCCO1
60	mol296	-13.05	COc1nc(-c2cccc(-c3cccc(-c4cnc(CNC[C@H]5CCC(=O)N5)c(OC)n4)c3Cl)c2Cl)cnc1CCC[C@@H]1CCCO1
60	mol128	-13.8	COc1nc(-c2cccc(-c3cccc(-c4cnc(C[C@@H]5CCCO5)c(OC)n4)c3Cl)c2Cl)cnc1CNC[C@@H]1CCC(=O)N1
60	mol130	-12.63	COc1nc(-c2cccc(-c3cccc(-c4cnc(CNC[C@@H]5CCC(=O)N5)c(OC)n4)c3Cl)c2Cl)cnc1CNCC[C@H]1CCCO1
60	mol86	-13.03	COc1nc(-c2cccc(-c3cccc(-c4cnc(CNC[C@H]5CCC(=O)N5)c(OC)n4)c3Cl)c2Cl)cnc1CNCCC1CCCC1
60	mol267	-12.61	COc1nc(-c2cccc(-c3cccc(-c4cnc(CNC[C@@H]5CCC(=O)N5)c(OC)n4)c3Cl)c2Cl)cnc1CNCC[C@H]1CCCO1
60	mol387	-12.48	COc1nc(-c2cccc(-c3cccc(-c4cnc(CNC[C@@H]5CCC(=O)N5)c(OC)n4)c3Cl)c2Cl)cnc1CCCCCC1CCCC1
60	mol272	-12.43	COc1nc(-c2cccc(-c3cccc(-c4cnc(CNC[C@@H]5CCC(=O)N5)c(OC)n4)c3Cl)c2Cl)cnc1CNCC[C@H]1CCCO1
60	mol383	-12.61	COc1nc(-c2cccc(-c3cccc(-c4cnc(CNC[C@@H]5CCC(=O)N5)c(OC)n4)c3Cl)c2Cl)cnc1CNCC[C@H]1CCCO1
60	mol377	-12.56	COc1nc(-c2cccc(-c3cccc(-c4cnc(CNC[C@@H]5CCC(=O)N5)c(OC)n4)c3Cl)c2Cl)cnc1CNCC[C@H]1CCCO1
60	mol60	-12.64	COc1nc(-c2cccc(-c3cccc(-c4cnc(CNC[C@@H]5CCC(=O)N5)c(OC)n4)c3Cl)c2Cl)cnc1CNCC[C@H]1CCCO1
60	mol169	-12.61	COc1nc(-c2cccc(-c3cccc(-c4cnc(CNC[C@@H]5CCC(=O)N5)c(OC)n4)c3Cl)c2Cl)cnc1CNCC[C@H]1CCCO1
60	mol50	-13.08	COc1nc(-c2cccc(-c3cccc(-c4cnc(CNC[C@H]5CCC(=O)N5)c(OC)n4)c3Cl)c2Cl)cnc1CNCCC1CCC1
60	mol240	-12.73	COc1ncn(-c2cccc(-c3cccc(-c4cnc(CNC[C@@H]5CCC(=O)N5)c(OC)n4)c3Cl)c2Cl)n1
60	mol445	-12.55	COc1nc(-c2cccc(-c3cccc(-c4cnc(CNC[C@@H]5CCC(=O)N5)c(OC)n4)c3Cl)c2Cl)cnc1CNCC[C@H]1CCCO1
60	mol327	-12.97	COc1nc(-c2cccc(-c3cccc(-c4cnc(CNC[C@H]5CCC(=O)N5)c(OC)n4)c3Cl)c2Cl)cnc1CNCCC1CCCC1
60	mol325	-12.41	COc1nc(-c2cccc(-c3cccc(-c4cnc([C@H](C)O)c(OC[C@H]5CCC(=O)N5)c4Cl)c3Cl)c2Cl)cnc1CNCCC1CCC1
60	mol111	-13.79	COc1nc(-c2cccc(-c3cccc(-c4cnc(C[C@@H]5CCCO5)c(OC)n4)c3Cl)c2Cl)cnc1CNC[C@@H]1CCC(=O)N1
60	mol59	-13.42	COc1cc(-c2cccc(-c3cccc(-c4cnc(CNCCCC5CCCC5)c(OC)n4)c3Cl)c2Cl)cnc1CNC[C@@H]1CCC(=O)N1
60	mol136	-13.08	COc1cc(-c2cccc(-c3cccc(-c4cncc(CNC[C@@H]5CCC(=O)N5)c4Cl)c3Cl)c2Cl)cnc1CNCC[C@@H]1CCCO1
60	mol62	-12.59	COc1nc(-c2cccc(-c3cccc(-c4cnc(CNC[C@@H]5CCC(=O)N5)c(OC)n4)c3Cl)c2Cl)cnc1CNCC[C@H]1CCCO1
60	mol16	-12.41	COc1nc(-c2cccc(-c3ccccc3Cl)c2Cl)cnc1CCC1CCCC1
60	mol159	-12.43	COc1nc(-c2cccc(-c3cccc(-c4cnc(CNC[C@@H]5CCC(=O)N5)c(OC)n4)c3Cl)c2Cl)cnc1CNCC[C@H]1CCCO1
60	mol340	-13.07	COc1nc(-c2cccc(-c3cccc(-c4cnc(CNC[C@H]5CCC(=O)N5)c(OC)n4)c3Cl)c2Cl)cnc1CCC[C@@H]1CCCO1
60	mol244	-12.88	COc1nc(-c2cccc(-c3cccc(-c4cnc(CNC[C@H]5CCC(=O)N5)c(OC)n4)c3Cl)c2Cl)cnc1CNCCC1CCCC1
60	mol252	-12.55	COc1nc(-c2cccc(-c3cccc(-c4cnc(CNC[C@@H]5CCC(=O)N5)c(OC)n4)c3Cl)c2Cl)cnc1CNCC[C@H]1CCCO1
60	mol300	-12.69	COCCOc1nc(-c2cccc(-c3cccc(-c4cnc(CNC[C@@H]5CCC(=O)N5)c(OC)n4)c3Cl)c2Cl)cnc1CNCC[C@H]1CCCO1
60	mol197	-13.02	COc1nc(-c2cccc(-c3cccc(-c4cnc(C5CCC5)c(OC)n4)c3Cl)c2Cl)cnc1CNC[C@@H]1CCC(=O)N1
60	mol168	-12.64	COc1nc(-c2cccc(-c3cccc(-c4cnc(CNC[C@@H]5CCC(=O)N5)c(OC)n4)c3Cl)c2Cl)cnc1CNCC[C@H]1CCCO1
60	mol5	-13.24	COc1nc(-c2cccc(-c3cccc(-c4cnc(CNC[C@H]5CCC(=O)N5)c(OC)n4)c3Cl)c2Cl)cnc1CNCCC1CCC1
60	mol49	-13.56	COc1nc(-c2cccc(-c3cccc(-c4cccc(CNC[C@H]5CCC(=O)N5)c4Cl)c3Cl)c2Cl)cnc1CCCO
60	mol196	-13.19	COc1nc(-c2cccc(-c3cccc(-c4cnc(CNC[C@H]5CCC(=O)N5)c(OC)n4)c3Cl)c2Cl)cnc1CNCCC1CCC1
60	mol283	-12.57	COc1nc(-c2cccc(-c3cccc(-c4cnc(CNC[C@@H]5CCC(=O)N5)c(OC)n4)c3Cl)c2Cl)cnc1CNCC[C@H]1CCCO1
60	mol188	-13.39	COc1cc(-c2nccc(-c3cccc(-c4cnc(CNCC[C@@H]5CCCO5)c(OC)n4)c3Cl)c2Cl)ccc1CNC[C@H]1CCC(=O)N1
60	mol350	-13.81	COc1nc(-c2cccc(-c3cccc(-c4cnc(C[C@@H]5CCCO5)c(OC)n4)c3Cl)c2Cl)cnc1CNC[C@@H]1CCC(=O)N1
60	mol304	-13.22	COc1nc(-c2cccc(-c3cccc(-c4cnc(CNC[C@H]5CCC(=O)N5)c(OC)n4)c3Cl)c2Cl)cnc1CNCCC1CCC1
60	mol70	-12.52	COc1nc(-c2cccc(-c3cccc(-c4cnc(CNC[C@@H]5CCC(=O)N5)c(OC)n4)c3Cl)c2Cl)cnc1CNCC[C@H]1CCCO1
60	mol242	-13.44	COc1ncnc(-c2cccc(-c3cccc(-c4cnc(CN[C@H]5CCC(=O)N5)c(OC)n4)c3Cl)c2Cl)n1
60	mol421	-12.45	COc1nc(-c2cccc(-c3cccc(-c4cnc(CNC[C@@H]5CCC(=O)N5)c(OC)n4)c3Cl)c2Cl)cnc1CNCC[C@H]1CCCO1
60	mol102	-12.99	COc1nc(-c2cccc(-c3cccc(-c4cnc(CN5CCC(OCCO)CC5)c(OC)n4)c3Cl)c2Cl)cnc1CNC[C@H]1CCC(=O)N1
60	mol297	-13.12	COc1nc(-c2cccc(-c3cccc(-c4cnc(CNC[C@H]5CCC(=O)N5)c(OC)n4)c3Cl)c2Cl)cnc1CNCCC1CCCC1
60	mol419	-12.61	COc1nc(-c2cccc(-c3cccc(-c4cnc(CNC[C@@H]5CCC(=O)N5)c(OC)n4)c3Cl)c2Cl)cnc1CNCC[C@H]1CCCO1
60	mol29	-12.76	COc1nc(-c2cccc(-c3cccc(-c4cnc(CNC[C@@H]5CCC(=O)N5)c(OC)n4)c3Cl)c2Cl)cnc1CNCC[C@H]1CCCO1
60	mol22	-12.49	COc1nc(-c2cccc(-c3cccc(-c4cnc(CNC[C@@H]5CCC(=O)N5)c(OC)n4)c3Cl)c2Cl)cnc1CNCC[C@H]1CCCO1
60	mol194	-12.2	COc1nc(-c2cccc(-c3cccc(-c4cnc(CNCC[C@@H]5CCC(=O)N5)c(OC)c4Cl)c3Cl)c2Cl)cnc1CNCC[C@@H]1CCCO1
60	mol438	-12.37	COc1nc(-c2cccc(-c3cccc(-c4cnc(CNC[C@@H]5CCC(=O)N5)cn4)c3Cl)c2Cl)cnc1CNCC[C@H]1CCCO1
60	mol146	-13.1	COc1nc(-c2cccc(-c3cccc(-c4cnc(CNC[C@H]5CCC(=O)N5)c(OC)n4)c3Cl)c2Cl)cnc1CCC[C@@H]1CCCO1
60	mol412	-13.26	COc1cc(-c2cccc(-c3cccc(-c4cnc(CNCC[C@H]5CCCO5)c(OC)n4)c3Cl)c2Cl)cnc1CNC[C@H]1CCC(=O)N1
60	mol233	-13.33	COc1nc(-c2cccc(-c3cccc(-c4cnc(CNC[C@H]5CCC(=O)N5)c(OC)n4)c3Cl)c2Cl)cnc1CCn1cncn1
60	mol393	-13.1	COc1nc(-c2cccc(-c3cccc(-c4cnc(CNC[C@H]5CCC(=O)N5)c(OC)n4)c3Cl)c2Cl)cnc1CCC[C@@H]1CCCO1
60	mol396	-12.6	COc1nc(-c2cccc(-c3cccc(-c4cnc(CNC[C@@H]5CCC(=O)N5)c(OC)n4)c3Cl)c2Cl)cnc1CNCC[C@H]1CCCO1
60	mol19	-12.87	COc1cnc(-c2cccc(-c3cccc(-c4cnc(CNC[C@@H]5CCC(=O)N5)c(OC)n4)c3Cl)c2Cl)cn1
60	mol318	-12.71	COc1nc(-c2cccc(-c3cccc(-c4cnc(CNC[C@@H]5CCC(=O)N5)c(OC)n4)c3Cl)c2Cl)cnc1CNCC[C@H]1CCCO1
60	mol185	-12.95	COc1cc(-c2cccc(-c3cccc(-c4cnc(CNCCC5CCCC5)c(OC)n4)c3Cl)c2Cl)cnc1CNC[C@@H]1CCC(=O)N1
60	mol357	-12.59	COc1nc(-c2cccc(-c3cccc(-c4cnc(CNC[C@@H]5CCC(=O)N5)c(OC)n4)c3Cl)c2Cl)cnc1CNCC[C@H]1CCCO1
60	mol288	-12.66	COc1nc(-c2cccc(-c3cccc(-c4cnc(CNC[C@@H]5CCC(=O)N5)c(OC)n4)c3Cl)c2Cl)cnc1CNCC[C@H]1CCCO1
60	mol250	-13.17	COc1cc(-c2cccc(-c3cccc(-c4cnc(CNCC[C@H]5CCCO5)c(OC)n4)c3Cl)c2Cl)cnc1CNC[C@H]1CCC(=O)N1
60	mol253	-12.7	COc1nc(-c2cccc(-c3cccc(-c4cnc(CNC[C@@H]5CCC(=O)N5)c(OC)n4)c3Cl)c2Cl)cnc1CNCC[C@H]1CCCO1
60	mol344	-12.52	COc1nc(-c2cccc(-c3cccc(-c4cnc(CNC[C@@H]5CCC(=O)N5)c(OC)n4)c3Cl)c2Cl)cnc1CNCC[C@H]1CCCO1
60	mol65	-12.5	COc1nc(-c2cccc(-c3cccc(-c4cnc(CNC[C@@H]5CCC(=O)N5)c(OC)n4)c3Cl)c2Cl)cnc1CNCC[C@H]1CCCO1
60	mol18	-13.16	COc1cnc(-c2cccc(-c3cccc(-c4cnc(CNC[C@@H]5CCC(=O)N5)c(OC)n4)c3Cl)c2Cl)nn1
60	mol64	-12.42	COc1nc(-c2cccc(-c3cccc(-c4cnc(CNC[C@@H]5CCC(=O)N5)c(OC)n4)c3Cl)c2Cl)cnc1CNCC[C@H]1CCCO1
60	mol195	-12.6	COc1nc(-c2cccc(-c3cccc(-c4cnc(CNC[C@@H]5CCC(=O)N5)c(OC)n4)c3Cl)c2Cl)cnc1CNCC[C@H]1CCCO1
60	mol91	-12.54	COc1nc(-c2cccc(-c3cccc(-c4cnc(CNC[C@@H]5CCC(=O)N5)c(OC)n4)c3Cl)c2Cl)cnc1CNCC[C@H]1CCCO1
60	mol204	-13.14	COc1nc(-c2cccc(-c3cccc(-c4cnc([C@@H]5CCCO5)c(OC)n4)c3Cl)c2Cl)cnc1CNC[C@H]1CCC(=O)N1
60	mol360	-12.62	COc1nc(-c2cccc(-c3cccc(-c4cnc(CNC[C@H]5CCC(=O)N5)c(OC)n4)c3Cl)c2Cl)cnc1CNCCC[C@H]1CCCO1
60	mol13	-13.13	COc1nncc(-c2cccc(-c3cccc(-c4cnc(CNC[C@@H]5CCC(=O)N5)c(OC)n4)c3Cl)c2Cl)n1
60	mol249	-12.64	COc1nc(-c2cccc(-c3cccc(-c4cnc(CNC[C@@H]5CCC(=O)N5)c(OC)n4)c3Cl)c2Cl)cnc1CNCC[C@H]1CCCO1
60	mol404	-12.59	COc1nc(-c2cccc(-c3cccc(-c4cnc(CNC[C@@H]5CCC(=O)N5)c(OC)n4)c3Cl)c2Cl)cnc1CNCC[C@H]1CCCO1
60	mol274	-12.55	COc1nc(-c2cccc(-c3cccc(-c4cnc(CNC[C@@H]5CCC(=O)N5)c(OC)n4)c3Cl)c2Cl)cnc1CNCC[C@H]1CCCO1
60	mol426	-13.14	COc1nc(-c2cccc(-c3cccc(-c4cnc(CNC[C@H]5CCC(=O)N5)c(OC)n4)c3Cl)c2Cl)cnc1CNCCC1CCC1
60	mol434	-13.09	COc1nc(-c2cccc(-c3cccc(-c4cnc(CNC[C@H]5CCC(=O)N5)c(OC)n4)c3Cl)c2Cl)cnc1CNCCC1CCC1
60	mol96	-12.19	Cc1ncc(-c2cccc(CO)c2Cl)c(-c2cccc(-c3cccc(-c4cccc(CNC[C@@H]5CCC(=O)N5)c4Cl)c3Cl)c2Cl)n1
60	mol452	-12.32	COc1nc(-c2cccc(-c3cccc(-c4cnc(CNC[C@@H]5CCC(=O)N5)c(OC)n4)c3Cl)c2Cl)cnc1CNCC[C@H]1CCCO1
60	mol482	-13.0	COc1nc(-c2cccc(-c3cccc(-c4cnc(CNC[C@H]5CCC(=O)N5)c(OC)n4)c3Cl)c2Cl)cnc1CNCCC1CCCC1
60	mol268	-13.03	COc1nc(-c2cccc(-c3cccc(-c4cnc(CNC[C@H]5CCC(=O)N5)c(OC)n4)c3Cl)c2Cl)cnc1CCOC[C@@H]1CCCO1
60	mol323	-12.54	COc1nc(-c2cccc(-c3cccc(-c4cnc(CNC[C@@H]5CCC(=O)N5)c(OC)n4)c3Cl)c2Cl)cnc1CNCC[C@H]1CCCO1
60	mol342	-13.11	COc1nc(-c2cccc(-c3cccc(-c4cnc(C[C@H]5CCCCO5)c(OC)n4)c3Cl)c2Cl)cnc1CNC[C@H]1CCC(=O)N1
60	mol260	-13.15	COc1cc(-c2cccc(-c3cccc(-c4cnc(CNCC[C@H]5CCCO5)c(OC)n4)c3Cl)c2Cl)cnc1CNC[C@H]1CCC(=O)N1
60	mol278	-13.11	COc1nc(-c2cccc(-c3cccc(-c4cnc(CNC[C@H]5CCC(=O)N5)c(OC)n4)c3Cl)c2Cl)cnc1CNCCC1CCCC1
60	mol310	-13.51	COc1nc(-c2cccc(-c3cccc(-c4cnc(CNC[C@H]5CCC(=O)N5)c(OC)n4)c3Cl)c2Cl)cnc1CC[C@H]1CCCO1
60	mol410	-13.56	COc1nc(-c2cccc(-c3cccc(-c4cnc(CNC[C@H]5CCC(=O)N5)c(OC)n4)c3Cl)c2Cl)cnc1CC[C@H]1CCCO1
60	mol490	-13.15	COc1nc(-c2cccc(-c3cccc(-c4cnc(CNC[C@H]5CCC(=O)N5)c(OC)n4)c3Cl)c2Cl)cnc1CNCCC1CCC1
60	mol458	-13.44	COc1nc(-c2cccc(-c3cccc(-c4cncc(CNC[C@H]5CCC(=O)N5)c4Cl)c3Cl)c2Cl)cnc1[C@H]1CC[C@@H](CNCCO)CC1
60	mol37	-13.04	Oc1nc(-c2cccc(-c3cccc(-c4cncnc4)c3Cl)c2Cl)cnc1C[C@H]1CCCO1
60	mol157	-13.12	COc1nc(-c2cccc(-c3cccc(-c4cnc(CNC[C@H]5CCC(=O)N5)c(OC)n4)c3Cl)c2Cl)cnc1CNCCC1CCCC1
60	mol339	-12.42	COc1nc(-c2cccc(-c3ccccc3Cl)c2Cl)cnc1CCC1CCCC1
60	mol285	-13.08	CCOc1cnc(-c2cccc(-c3cccc(-c4cnc(CNC[C@H]5CCC(=O)N5)c(OC)c4)c3Cl)c2Cl)cn1
60	mol78	-12.6	COc1nc(-c2cccc(-c3cccc(-c4cnc(OC[C@@H]5CCC(=O)N5)c(OC)n4)c3Cl)c2Cl)cnc1CNCCC1CCC1
60	mol152	-12.67	COc1nc(-c2cccc(-c3cccc(-c4cnc(CNC[C@@H]5CCC(=O)N5)c(OC)n4)c3Cl)c2Cl)cnc1CNCCC1CCCCC1
60	mol228	-13.09	COc1nc(-c2cccc(-c3cccc(-c4cnc(CNC[C@H]5CCCO5)c(OC)n4)c3Cl)c2Cl)cnc1CNC[C@H]1CCC(=O)N1
60	mol429	-12.98	COc1nc(-c2cccc(-c3cccc(-c4cnc(CNC[C@H]5CCC(=O)N5)c(OC)n4)c3Cl)c2Cl)cnc1CNCCC1CCCC1
60	mol307	-13.23	COc1cc(-c2cccc(-c3cccc(-c4cnc(CNCCC5CCC5)c(OC)n4)c3Cl)c2Cl)cnc1CNC[C@H]1CCC(=O)N1
60	mol416	-13.17	COc1nncc(-c2cccc(-c3cccc(-c4cnc(CNC[C@@H]5CCC(=O)N5)c(OC)n4)c3Cl)c2Cl)n1
60	mol373	-12.55	COc1nc(-c2cccc(-c3cccc(-c4cnc(CNC[C@@H]5CCC(=O)N5)c(OC)n4)c3Cl)c2Cl)cnc1CNCC[C@H]1CCCO1
60	mol282	-13.16	COc1nc(-c2cccc(-c3cccc(-c4cnc(CNC[C@H]5CCC(=O)N5)c(OC)n4)c3Cl)c2Cl)cnc1CNCCC1CCC1
60	mol326	-12.75	COc1nc(-c2cccc(-c3cccc(-c4cncc(CNC[C@H]5CCC(=O)N5)c4Cl)c3Cl)c2Cl)cnc1CNCCCN1CCCC1
60	mol433	-12.68	COc1nc(-c2cccc(-c3cccc(-c4cnc(CNC[C@@H]5CCC(=O)N5)c(OC)n4)c3Cl)c2Cl)cnc1CNCC[C@H]1CCCO1
60	mol317	-12.66	COc1nc(-c2cccc(-c3cccc(-c4cnc(CNC[C@@H]5CCC(=O)N5)c(OC)n4)c3Cl)c2Cl)cnc1CNCC[C@H]1CCCO1
60	mol415	-12.85	COc1cc(-c2cccc(-c3cccc(-c4cnc(CNCCC5CCCC5)c(OC)n4)c3Cl)c2Cl)cnc1CNC[C@@H]1CCC(=O)N1
60	mol215	-12.59	COc1nc(-c2cccc(-c3cccc(-c4cnc(CNC[C@@H]5CCC(=O)N5)c(OC)n4)c3Cl)c2Cl)cnc1CNCC[C@H]1CCCO1
60	mol398	-13.07	COc1nc(-c2cccc(-c3cccc(-c4cnc(CNC[C@H]5CCC(=O)N5)c(OC)n4)c3Cl)c2Cl)cnc1CNCCC1CCC1
60	mol63	-12.47	COc1nc(-c2cccc(-c3cccc(-c4cnc(CNC[C@@H]5CCC(=O)N5)c(OC)n4)c3Cl)c2Cl)cnc1CNCC[C@H]1CCCO1
60	mol26	-13.19	COc1nncc(-c2cccc(-c3cccc(-c4cnc(CNC[C@@H]5CCC(=O)N5)c(OC)n4)c3Cl)c2Cl)n1
60	mol34	-12.96	COc1nc(-c2cccc(-c3cccc(-c4cnc(CNC[C@H]5CCC(=O)N5)c(OC)n4)c3Cl)c2Cl)cnc1CNCCC1CCCC1
60	mol291	-12.43	COc1nc(-c2cccc(-c3cccc(-c4cnc(CNC[C@H]5CCC(=O)N5)c(OC)n4)c3Cl)c2Cl)cnc1CCCCCC1CCC1
60	mol475	-13.35	COc1cc(-c2cccc(-c3cccc(-c4cnc(CNCC[C@H]5CCCO5)c(OC)n4)c3Cl)c2Cl)cnc1CNC[C@H]1CCC(=O)N1
60	mol493	-12.98	COc1nc(-c2cccc(-c3cccc(-c4cnc(CNC[C@H]5CCC(=O)N5)c(OC)n4)c3Cl)c2Cl)cnc1CNCCC1CCCC1
60	mol217	-13.07	COc1nc(-c2cccc(-c3cccc(-c4cnc(CNC[C@H]5CCC(=O)N5)c(OC)n4)c3Cl)c2Cl)cnc1CCCC1CCC1
60	mol213	-12.71	COc1nc(-c2cccc(-c3cccc(-c4cnc(CNC[C@@H]5CCC(=O)N5)c(OC)n4)c3Cl)c2Cl)cnc1CNCC[C@H]1CCCO1
60	mol330	-13.15	COc1nc(-c2cccc(-c3cccc(-c4cnc([C@@H]5CCCO5)c(OC)n4)c3Cl)c2Cl)cnc1CNC[C@H]1CCC(=O)N1
60	mol418	-12.48	COc1nc(-c2cccc(-c3cccc(-c4cnc(CNC[C@@H]5CCC(=O)N5)c(OC)n4)c3Cl)c2Cl)cnc1CNCC[C@H]1CCCO1
60	mol40	-13.8	COc1nc(-c2cccc(-c3cccc(-c4cnc(C[C@@H]5CCCO5)c(OC)n4)c3Cl)c2Cl)cnc1CNC[C@@H]1CCC(=O)N1
60	mol223	-13.27	COc1nc(-c2cccc(-c3cccc(-c4cnc(CNC[C@H]5CCC(=O)N5)c(OC)n4)c3Cl)c2Cl)cnc1CNCCC1CCC1
60	mol287	-12.61	COc1cc(-c2cccc(-c3cccc(-c4cnc(CNCC[C@@H]5CCCO5)c(OC)n4)c3Cl)c2Cl)cnc1CO
60	mol341	-12.68	COc1nc(-c2cccc(-c3cccc(-c4cncnc4)c3Cl)c2Cl)cnc1CNCC[C@H]1CCCO1
60	mol101	-12.53	COc1nc(-c2cccc(-c3cccc(-c4cnc(CNC[C@@H]5CCC(=O)N5)c(OC)n4)c3Cl)c2Cl)cnc1CNCC[C@H]1CCCO1
60	mol36	-12.61	COc1nc(-c2cccc(-c3cccc(-c4cnc(CNC[C@@H]5CCC(=O)N5)c(OC)n4)c3Cl)c2Cl)cnc1CNCC[C@H]1CCCO1
60	mol491	-12.69	COc1nc(-c2cccc(-c3cccc(-c4cnc(CNC[C@@H]5CCC(=O)N5)c(OC)n4)c3Cl)c2Cl)cnc1CNCC[C@H]1CCCO1
60	mol144	-12.91	COc1nc(-c2cccc(-c3cccc(-c4cnn(C)c4)c3Cl)c2Cl)cnc1CNC[C@H]1CCCO1
60	mol308	-12.12	COc1nc(-c2cccc(-c3cccc(-c4cnc(CNC[C@@H]5CCC(=O)N5)c(OC)n4)c3Cl)c2Cl)cnc1CCCCCNCCC1CCCC1
60	mol480	-13.3	COc1cc(-c2cccc(-c3cccc(-c4cnc(CNCC[C@H]5CCCO5)c(OC)n4)c3Cl)c2Cl)cnc1CNC[C@H]1CCC(=O)N1
60	mol332	-12.63	COc1nc(-c2cccc(-c3cccc(-c4cnc(CNC[C@@H]5CCC(=O)N5)c(OC)n4)c3Cl)c2Cl)cnc1CNCC[C@H]1CCCO1
60	mol56	-12.61	COc1nc(-c2cccc(-c3cccc(-c4cnc(CNC[C@@H]5CCC(=O)N5)c(OC)n4)c3Cl)c2Cl)cnc1CNCC[C@H]1CCCO1
60	mol275	-13.35	COc1cc(-c2cccc(-c3cccc(-c4cnc(CNCC[C@H]5CCCO5)c(OC)n4)c3Cl)c2Cl)cnc1CNC[C@H]1CCC(=O)N1
60	mol80	-12.92	COc1nc(-c2cccc(-c3cccc(-c4cnc(CNC[C@H]5CCC(=O)N5)c(OC)n4)c3Cl)c2Cl)cnc1CNCCC1CCCC1
60	mol54	-13.17	COc1cc(-c2cccc(-c3cccc(-c4cnc(CNCCC5CCC5)c(OC)n4)c3Cl)c2Cl)cnc1CNC[C@H]1CCC(=O)N1
60	mol118	-12.65	COc1nc(-c2cccc(-c3cccc(-c4cnc(CNC[C@@H]5CCC(=O)N5)c(OC)n4)c3Cl)c2Cl)cnc1CNCC[C@H]1CCCO1
60	mol333	-12.77	COc1nc(-c2cccc(-c3cccc(-c4cnc(CNC[C@@H]5CCC(=O)N5)c(OC)n4)c3Cl)c2Cl)cnc1CCC(=O)O
60	mol200	-13.59	COc1nc(-c2cccc(-c3cccc(-c4cnc(CNC[C@H]5CCC(=O)N5)c(OC)n4)c3Cl)c2Cl)cnc1CC[C@H]1CCCO1
60	mol138	-13.11	COc1nc(-c2cccc(-c3cccc(-c4cnc(CNC[C@H]5CCC(=O)N5)c(OC)n4)c3Cl)c2Cl)cnc1CNCCC1CCC1
60	mol72	-13.25	COc1cc(-c2cccc(-c3cccc(-c4cnc(CNCCC5CCC5)c(OC)n4)c3Cl)c2Cl)cnc1CNC[C@H]1CCC(=O)N1
60	mol245	-12.6	COc1nc(-c2cccc(-c3cccc(-c4cnc(CNC[C@@H]5CCC(=O)N5)c(OC)n4)c3Cl)c2Cl)cnc1CNCC[C@H]1CCCO1
60	mol488	-13.27	COc1nc(-c2cccc(-c3cccc(-c4cnc(CNC[C@H]5CCC(=O)N5)c(OC)n4)c3Cl)c2Cl)cnc1CNCCC1CCC1
60	mol334	-12.5	COc1nc(-c2cccc(-c3cccc(-c4cnc(CNC[C@@H]5CCC(=O)N5)c(OC)n4)c3Cl)c2Cl)cnc1CNCC[C@H]1CCCO1
60	mol286	-12.8	COc1nc(-c2cccc(-c3cccc(-c4cnc(CNC[C@@H]5CCC(=O)N5)c(OC)n4)c3Cl)c2Cl)cnc1CNCC[C@H]1CCCO1
60	mol329	-13.02	COc1nc(-c2cccc(-c3cccc(-c4cnc(CNC[C@H]5CCC(=O)N5)c(OC)n4)c3Cl)c2Cl)cnc1CNCCC1CCCC1
60	mol271	-13.24	COc1nc(-c2cccc(-c3cccc(-c4cnc(CNC[C@H]5CCC(=O)N5)c(OC)n4)c3Cl)c2Cl)cnc1CNCCC1CCC1
60	mol469	-12.5	COc1nc(-c2cccc(-c3cccc(-c4cnc(CNC[C@@H]5CCC(=O)N5)c(OC)n4)c3Cl)c2Cl)cnc1CNCC[C@H]1CCCO1
60	mol258	-12.35	COc1nc(-c2cccc(-c3cccc(-c4cnc(CNC[C@@H]5CCC(=O)N5)c(OC)n4)c3Cl)c2Cl)cnc1CNCCCO
60	mol218	-13.26	COc1nc(-c2cccc(-c3cccc(-c4cnc(CNC[C@H]5CCC(=O)N5)c(OC)n4)c3Cl)c2Cl)cnc1CCn1cncn1
60	mol370	-13.12	COc1nc(-c2cccc(-c3cccc(-c4cnc(CNC[C@H]5CCC(=O)N5)c(OC)n4)c3Cl)c2Cl)cnc1CNCCC1CCCC1
60	mol177	-13.31	COc1cc(-c2cccc(-c3cccc(-c4cnc(CNCCC5CCC5)c(OC)n4)c3Cl)c2Cl)cnc1CNC[C@H]1CCC(=O)N1
60	mol499	-13.16	COc1nc(-c2cccc(-c3cccc(-c4ccnc(CNC[C@H]5CCC(=O)N5)c4Cl)c3Cl)c2Cl)cnc1CNCC[C@H]1CCCO1
60	mol212	-12.51	COc1nc(-c2cccc(-c3cccc(-c4cnc(CNC[C@@H]5CCC(=O)N5)c(OC)n4)c3Cl)c2Cl)cnc1CNCC[C@H]1CCCO1
60	mol234	-12.64	COc1nc(-c2cccc(-c3cccc(-c4cnc(CNC[C@@H]5CCC(=O)N5)c(OC)n4)c3Cl)c2Cl)cnc1CNCC[C@H]1CCCO1
60	mol293	-13.38	COc1cc(-c2cccc(-c3cccc(-c4cnc(CNCC[C@H]5CCCO5)c(OC)n4)c3Cl)c2Cl)cnc1CNC[C@H]1CCC(=O)N1
60	mol145	-12.56	COc1nc(-c2cccc(-c3cccc(-c4cnc(CNC[C@@H]5CCC(=O)N5)c(OC)n4)c3Cl)c2Cl)cnc1CNCC[C@H]1CCCO1
60	mol105	-12.92	COc1cnc(-c2cccc(-c3cccc(-c4cnc(CNC[C@@H]5CCC(=O)N5)c(OC)n4)c3Cl)c2Cl)cn1
60	mol232	-13.07	COc1cc(-c2cccc(-c3cccc(-c4cnc(CNCC[C@H]5CCCO5)c(OC)n4)c3Cl)c2Cl)cnc1CNC[C@H]1CCC(=O)N1
60	mol444	-13.25	COc1nc(-c2cccc(-c3cccc(-c4cnc(CNC[C@H]5CCC(=O)N5)c(OC)n4)c3Cl)c2Cl)cnc1CNCCC1CCC1
60	mol495	-13.57	COc1nc(-c2cccc(-c3cccc(-c4cnc(CNC[C@H]5CCC(=O)N5)c(OC)n4)c3Cl)c2Cl)cnc1CC[C@H]1CCCO1
60	mol353	-12.66	COc1nc(-c2cccc(-c3cccc(-c4cnc(CNC[C@@H]5CCC(=O)N5)c(OC)n4)c3Cl)c2Cl)cnc1CNCC[C@H]1CCCO1
60	mol57	-12.53	COc1nc(-c2cccc(-c3cccc(-c4cnc(CNC[C@@H]5CCC(=O)N5)c(OC)n4)c3Cl)c2Cl)cnc1CNCC[C@H]1CCCO1
60	mol366	-12.57	COc1nc(-c2cccc(-c3cccc(-c4cnc(CNC[C@@H]5CCC(=O)N5)c(OC)n4)c3Cl)c2Cl)cnc1CNCC[C@H]1CCCO1
60	mol403	-12.99	COc1nc(-c2cccc(-c3cccc(-c4cnc(CNC[C@H]5CCC(=O)N5)c(OC)n4)c3Cl)c2Cl)cnc1CNCCC1CCCC1
60	mol140	-12.33	CCOc1nc(-c2cccc(-c3cccc(-c4cnc(CNC[C@H]5CCC(=O)N5)c(OC)n4)c3Cl)c2Cl)cnc1CNCC[C@@H]1CCCO1
60	mol162	-13.08	COc1nc(-c2cccc(-c3cccc(-c4cnc(CNC[C@H]5CCC(=O)N5)c(OC)n4)c3Cl)c2Cl)cnc1CNCCC1CCCC1
60	mol402	-13.04	COc1nc(-c2cccc(-c3cccc(-c4cnc(C5CC5)c(OC[C@@H]5CCC(=O)N5)c4Cl)c3Cl)c2Cl)cnc1CNCC[C@H]1CCCO1
60	mol489	-12.51	COc1nc(-c2cccc(-c3cccc(-c4cnc(CNC[C@@H]5CCC(=O)N5)c(OC)n4)c3Cl)c2Cl)cnc1CNCC[C@H]1CCCO1
60	mol381	-12.37	COc1cc(-c2cccc(-c3cccc(-c4cnc(CN5CCC[C@H]5CNCC[C@@H]5CCCO5)c(OC)n4)c3Cl)c2Cl)cnc1CNC[C@@H]1CCC(=O)N1
60	mol164	-12.6	COc1nc(-c2cccc(-c3cccc(-c4cnc(CNC[C@@H]5CCC(=O)N5)c(OC)n4)c3Cl)c2Cl)cnc1CNCC[C@H]1CCCO1
60	mol457	-12.98	COc1cc(-c2cccc(-c3cccc(-c4cnc(CNCCC5CCCC5)c(OC)n4)c3Cl)c2Cl)cnc1CNC[C@@H]1CCC(=O)N1
60	mol355	-13.27	COc1nc(-c2cccc(-c3cccc(-c4cnc(CNC[C@H]5CCC(=O)N5)c(OC)n4)c3Cl)c2Cl)cnc1CNCCC1CCC1
60	mol180	-12.57	COc1nc(-c2cccc(-c3cccc(-c4cnc(CNC[C@@H]5CCC(=O)N5)c(OC)n4)c3Cl)c2Cl)cnc1CNCC[C@H]1CCCO1
60	mol171	-12.59	COc1nc(-c2cccc(-c3cccc(-c4cnc(CNC[C@@H]5CCC(=O)N5)c(OC)n4)c3Cl)c2Cl)cnc1CNCC[C@H]1CCCO1
60	mol322	-12.53	COc1nc(-c2cccc(-c3cccc(-c4cnc(CNC[C@@H]5CCC(=O)N5)c(OC)n4)c3Cl)c2Cl)cnc1CNCC[C@H]1CCCO1
60	mol259	-13.13	COc1nncc(-c2cccc(-c3cccc(-c4cnc(CNC[C@@H]5CCC(=O)N5)c(OC)n4)c3Cl)c2Cl)n1
60	mol129	-13.12	COc1nc(-c2cccc(-c3cccc(-c4cnc(CNC[C@H]5CCC(=O)N5)c(OC)n4)c3Cl)c2Cl)cnc1CNCCC1CCC1
60	mol44	-12.54	COc1nc(-c2cccc(-c3cccc(-c4cnc(CNC[C@@H]5CCC(=O)N5)c(OC)n4)c3Cl)c2Cl)cnc1CNCC[C@H]1CCCO1
60	mol372	-12.54	COc1cc(-c2cccc(-c3cccc(-c4cnc(CNCCC5CCCC5)c(OC)n4)c3Cl)c2Cl)cnc1OCCCNC[C@H]1CCC(=O)N1
60	mol314	-12.77	COc1nc(-c2cccc(-c3cccc(-c4cnc(CNC[C@@H]5CCC(=O)N5)c(OC)n4)c3Cl)c2Cl)cnc1CNCC[C@H]1CCCO1
60	mol382	-13.14	COc1nc(-c2cccc(-c3cccc(-c4cnc(CNC[C@H]5CCC(=O)N5)c(OC)n4)c3Cl)c2Cl)cnc1CNCCC1CCC1
60	mol453	-12.62	COc1nc(-c2cccc(-c3cccc(-c4cnc(CNC[C@@H]5CCC(=O)N5)c(OC)n4)c3Cl)c2Cl)cnc1CNCC[C@H]1CCCO1
60	mol160	-13.22	COc1nc(-c2cccc(-c3cccc(-c4cnc(CNC[C@H]5CCC(=O)N5)c(OC)n4)c3Cl)c2Cl)cnc1CNCCC1CCC1
60	mol440	-13.06	COc1nc(-c2cccc(-c3cccc(-c4cnc(CNC[C@H]5CCC(=O)N5)c(OC)n4)c3Cl)c2Cl)cnc1CNCCC1CCC1
60	mol316	-12.54	COc1nc(-c2cccc(-c3cccc(-c4cnc(CNC[C@@H]5CCC(=O)N5)c(OC)n4)c3Cl)c2Cl)cnc1CNCC[C@H]1CCCO1
60	mol494	-12.64	COc1nc(-c2cccc(-c3cccc(-c4cnc(CNC[C@@H]5CCC(=O)N5)c(OC)n4)c3Cl)c2Cl)cnc1CNCC[C@H]1CCCO1
60	mol292	-13.8	COc1nc(-c2cccc(-c3cccc(-c4cnc(C[C@@H]5CCCO5)c(OC)n4)c3Cl)c2Cl)cnc1CNC[C@@H]1CCC(=O)N1
60	mol362	-13.26	COc1ncc(-c2cccc(-c3cccc(-c4cnc(CNC[C@@H]5CCC(=O)N5)c(OC)n4)c3Cl)c2Cl)cn1
60	mol220	-12.7	COc1nc(-c2cccc(-c3cccc(-c4cnc(CNC[C@@H]5CCC(=O)N5)c(OC)n4)c3Cl)c2Cl)cnc1CNCC[C@H]1CCCO1
60	mol38	-13.12	COc1nc(-c2cccc(-c3cccc(-c4cnc(CNC[C@H]5CCC(=O)N5)c(OC)n4)c3Cl)c2Cl)cnc1CCC[C@@H]1CCCO1
60	mol359	-12.42	COc1nc(-c2cccc(-c3cccc(-c4cnc(CNC[C@@H]5CCC(=O)N5)c(OC)n4)c3Cl)c2Cl)cnc1CNCC[C@H]1CCCO1
60	mol206	-13.12	COc1nc(-c2cccc(-c3cccc(-c4cnc(CNC[C@H]5CCC(=O)N5)c(OC)n4)c3Cl)c2Cl)cnc1CCC[C@@H]1CCCO1
60	mol474	-12.99	COc1nc(-c2cccc(-c3cccc(-c4cnc(CNC[C@@H]5CCC(=O)N5)c(OC)n4)c3Cl)c2Cl)cnc1CNCC[C@H]1CCCCO1
60	mol498	-12.52	COc1nc(-c2cccc(-c3cccc(-c4cnc(CNC[C@@H]5CCC(=O)N5)c(OC)n4)c3Cl)c2Cl)cnc1CNCC[C@H]1CCCO1
60	mol216	-12.57	COc1nc(-c2cccc(-c3cccc(-c4cnc(CNC[C@@H]5CCC(=O)N5)c(OC)n4)c3Cl)c2Cl)cnc1CNCC[C@H]1CCCO1
60	mol394	-13.1	COc1nc(-c2cccc(-c3cccc(-c4cnc(CNC[C@H]5CCC(=O)N5)c(OC)n4)c3Cl)c2Cl)cnc1CNCCC1CCC1
60	mol198	-12.6	COc1nc(-c2cccc(-c3cccc(-c4cnc(CNC[C@@H]5CCC(=O)N5)c(OC)n4)c3Cl)c2Cl)cnc1CNCC[C@H]1CCCO1
60	mol174	-12.65	C[C@@H]1CC[C@H](O)C[C@H]1n1c(-c2ccc(-c3cccc(-c4cccc(-c5cccc(OCC(=O)O)c5)c4Cl)c3Cl)cc2Cl)cnc1CNCCC1CCCC1
60	mol294	-13.47	COc1nc(-c2cccc(-c3cccc(-c4cnc(CNC[C@@H]5CCC(=O)N5)c(OC)n4)c3Cl)c2Cl)cnc1CCCC1CCCC1
60	mol227	-12.44	CCOc1nc(-c2cccc(-c3cccc(-c4cnc(CNC[C@H]5CCC(=O)N5)c(OC)n4)c3Cl)c2Cl)cnc1CNCC[C@@H]1CCCO1
60	mol430	-13.34	COc1nncc(-c2cccc(-c3cccc(-c4cnc(CNC[C@@H]5CCC(=O)N5)c(OC)c4)c3Cl)c2Cl)n1
60	mol11	-12.72	COc1nc(-c2cccc(-c3cccc(-c4cnc(CNC[C@@H]5CCC(=O)N5)c(OC)n4)c3Cl)c2Cl)cnc1CNCC[C@H]1CCCO1
60	mol309	-12.59	COc1nc(-c2cccc(-c3cccc(-c4cnc(CNC[C@@H]5CCC(=O)N5)c(OC)n4)c3Cl)c2Cl)cnc1CNCC[C@H]1CCCO1
60	mol139	-12.6	COc1nc(-c2cccc(-c3cccc(-c4cnc(CNC[C@@H]5CCC(=O)N5)c(OC)n4)c3Cl)c2Cl)cnc1CNCC[C@H]1CCCO1
60	mol110	-12.53	COc1nc(-c2cccc(-c3cccc(-c4cnc(CNC[C@@H]5CCC(=O)N5)c(OC)n4)c3Cl)c2Cl)cnc1CNCCC1CCCCC1
60	mol135	-13.4	COc1nc(-c2cccc(-c3cccc(-c4cnc(CC5CCC5)c(OC)n4)c3Cl)c2Cl)cnc1CNC[C@@H]1CCC(=O)N1
60	mol411	-12.57	COc1nc(-c2cccc(-c3cccc(-c4cnc(CNC[C@@H]5CCC(=O)N5)c(OC)n4)c3Cl)c2Cl)cnc1CNCC[C@H]1CCCO1
60	mol182	-13.44	COc1cc(-c2cccc(-c3cccc(-c4cnc(CC[C@@H]5CCCO5)c(OC)n4)c3Cl)c2Cl)cnc1CNC[C@H]1CCC(=O)N1
60	mol9	-13.05	COc1nc(-c2cccc(-c3cccc(-c4cnc(CNC[C@H]5CCC(=O)N5)c(OC)n4)c3Cl)c2Cl)cnc1CNCCC1CCC1
60	mol424	-13.43	COc1nc(-c2cccc(-c3cccc(-c4cnc(CNC[C@@H]5CCC(=O)N5)c(OC)n4)c3Cl)c2Cl)cnc1CCCC1CCCC1
60	mol208	-14.05	COc1nc(-c2cccc(-c3cccc(-c4cccc(CNCC5=CCC(=O)N5)c4Cl)c3Cl)c2Cl)cnc1CNCCC1CCCC1
60	mol147	-12.02	COc1nc(-c2cccc(-c3cccc(-c4cnc(CNC[C@@H]5CCC(=O)N5)c(OC)c4Cl)c3Cl)n2)cnc1C[C@@H]1CCCO1
60	mol150	-12.66	COc1nc(-c2cccc(-c3cccc(-c4cnc(CNC[C@@H]5CCC(=O)N5)c(OC)n4)c3Cl)c2Cl)cnc1CNCC[C@H]1CCCO1
60	mol121	-13.38	COc1nccc(-c2cccc(-c3cccc(-c4cnc(CNC[C@@H]5CCC(=O)N5)c(OC)n4)c3Cl)c2Cl)n1
60	mol363	-12.69	COc1nc(-c2cccc(-c3cccc(-c4cnc(CNC[C@@H]5CCC(=O)N5)c(OC)n4)c3Cl)c2Cl)cnc1CNCC[C@H]1CCCO1
60	mol376	-13.1	COc1nc(-c2cccc(-c3cccc(-c4cnc(CNC[C@H]5CCC(=O)N5)c(OC)n4)c3Cl)c2Cl)cnc1CNCCC1CCCC1
60	mol263	-12.64	COc1nc(-c2cccc(-c3cccc(-c4cnc(CNC[C@@H]5CCC(=O)N5)c(OC)n4)c3Cl)c2Cl)cnc1CNCC[C@H]1CCCO1
60	mol113	-12.7	COc1nc(-c2cccc(-c3cccc(-c4cnc(CNC[C@@H]5CCC(=O)N5)c(OC)n4)c3Cl)c2Cl)cnc1CNCC[C@H]1CCCO1
60	mol120	-13.12	COc1nc(-c2cccc(-c3cccc(-c4cnc(CNC[C@H]5CCC(=O)N5)c(OC)n4)c3Cl)c2Cl)cnc1CNCCC1CCCC1
60	mol184	-12.64	COc1nc(-c2cccc(-c3cccc(-c4cnc(CNC[C@@H]5CCC(=O)N5)c(OC)n4)c3Cl)c2Cl)cnc1CNCC[C@H]1CCCO1
60	mol2	-12.78	COc1nc(-c2cccc(-c3cccc(-c4cnc(CNC[C@@H]5CCC(=O)N5)c(OC)n4)c3Cl)c2Cl)cnc1CNCC[C@H]1CCCO1
60	mol354	-12.55	COc1nc(-c2cccc(-c3cccc(-c4cnc(CNC[C@@H]5CCC(=O)N5)c(OC)n4)c3Cl)c2Cl)cnc1CNCC[C@H]1CCCO1
60	mol191	-13.42	COc1cc(-c2cccc(-c3cccc(-c4cnc(CNCC[C@H]5CCCO5)c(OC)n4)c3Cl)c2Cl)cnc1CNC[C@H]1CCC(=O)N1
60	mol466	-13.05	COc1nc(-c2cccc(-c3cccc(-c4cnc(CNC[C@H]5CCC(=O)N5)c(OC)n4)c3Cl)c2Cl)cnc1CNCCC1CCCC1
60	mol451	-13.79	COc1nc(-c2cccc(-c3cccc(-c4cnc(C[C@@H]5CCCO5)c(OC)n4)c3Cl)c2Cl)cnc1CNC[C@@H]1CCC(=O)N1
60	mol262	-13.17	COc1nncc(-c2cccc(-c3cccc(-c4cnc(CN5CCC(=O)N5)c(OC)n4)c3Cl)c2Cl)n1
60	mol257	-12.8	COc1cc(-c2cccc(-c3cccc(-c4cnc(CNCCC5OCCCO5)c(OC)n4)c3Cl)c2Cl)cnc1CNC[C@@H]1CCC(=O)N1
60	mol420	-12.49	COc1nc(-c2cccc(-c3cccc(-c4cnc(CNC[C@@H]5CCC(=O)N5)c(OC)n4)c3Cl)c2Cl)cnc1CNCC[C@H]1CCCO1
60	mol485	-13.8	COc1nc(-c2cccc(-c3cccc(-c4cnc(C[C@@H]5CCCO5)c(OC)n4)c3Cl)c2Cl)cnc1CNC[C@@H]1CCC(=O)N1
60	mol142	-12.55	COc1nc(-c2cccc(-c3cccc(-c4cnc(CNC[C@@H]5CCC(=O)N5)c(OC)c4Cl)c3Cl)c2Cl)cnc1CNCC[C@H]1CCCO1
60	mol125	-13.19	COc1nc(-c2cccc(-c3cccc(-c4cnc(CNC[C@@H]5CCC(=O)N5)c(OC)n4)c3Cl)c2Cl)cnc1CC[C@@H]1CCCCO1
60	mol211	-13.26	COc1cc(-c2cccc(-c3cccc(-c4cnc(CNCC[C@H]5CCCO5)c(OC)n4)c3Cl)c2Cl)cnc1CNC[C@H]1CCC(=O)N1
60	mol66	-13.4	COc1nc(-c2cccc(-c3cccc(-c4ccnc(CNC[C@H]5CCC(=O)N5)c4Cl)c3Cl)c2Cl)cnc1CNCC[C@H]1CCCO1
60	mol4	-12.48	COc1nc(-c2cccc(-c3cccc(-c4cnc(CNC[C@@H]5CCC(=O)N5)c(OC)n4)c3Cl)c2Cl)cnc1CNCC[C@H]1CCCO1
60	mol109	-12.64	COc1nc(-c2cccc(-c3cccc(-c4cnc(CNC[C@@H]5CCC(=O)N5)c(OC)n4)c3Cl)c2Cl)cnc1CNCC[C@H]1CCCO1
60	mol290	-13.37	COc1cc(-c2cccc(-c3cccc(-c4cnc(CNCC[C@H]5CCCO5)c(OC)n4)c3Cl)c2Cl)cnc1CNC[C@H]1CCC(=O)N1
60	mol378	-12.99	COc1nc(-c2cccc(-c3cccc(-c4cnc(CNC[C@H]5CCC(=O)N5)c(OC)n4)c3Cl)c2Cl)cnc1CNCCC1CCCC1
60	mol371	-12.19	COc1nc(-c2cccc(-c3cccc(-n4cnc(C)n4)c3Cl)c2Cl)cnc1CNCC[C@@H]1CCCO1
60	mol224	-12.67	COc1nc(-c2cccc(-c3cccc(-c4cnc(CNC[C@@H]5CCC(=O)N5)c(OC)n4)c3Cl)c2Cl)cnc1CCNCC[C@@H]1CCCO1
60	mol161	-13.19	COc1cc(-c2cccc(-c3cccc(-c4cnc(CNCCC5CCC5)c(OC)n4)c3Cl)c2Cl)cnc1CNC[C@H]1CCC(=O)N1
60	mol417	-13.28	COc1cc(-c2cccc(-c3cccc(-c4cnc(CNCCC5CCC5)c(OC)n4)c3Cl)c2Cl)cnc1CNC[C@H]1CCC(=O)N1
60	mol230	-12.47	COc1nc(-c2cccc(-c3cccc(-c4cnc(CNC[C@@H]5CCC(=O)N5)c(OC)n4)c3Cl)c2Cl)cnc1CNCC[C@H]1CCCO1
60	mol496	-12.63	COc1nc(-c2cccc(-c3cccc(-c4cnc(CNC[C@@H]5CCC(=O)N5)c(OC)n4)c3Cl)c2Cl)cnc1CNCC[C@H]1CCCO1
60	mol280	-12.46	COc1nc(-c2cccc(-c3cccc(-c4cnc(CNC[C@@H]5CCC(=O)N5)c(OC)n4)c3Cl)c2Cl)cnc1CNCC[C@H]1CCCO1
60	mol104	-13.29	COc1cc(-c2cccc(-c3cccc(-c4cnc(CNCCC5CCC5)c(OC)n4)c3Cl)c2Cl)cnc1CNC[C@H]1CCC(=O)N1
60	mol173	-12.15	COc1nc(-c2cccc(-c3cccc(-c4cnc(CNC[C@@H]5CCC(=O)N5)c(OC)n4)c3Cl)n2)cnc1CC[C@@H]1CCCO1
60	mol154	-13.25	COc1nc(-c2cccc(-c3cccc(-c4cnc(CNC[C@H]5CCC(=O)N5)c(OC)n4)c3Cl)c2Cl)cnc1CNCCC1CCC1
60	mol447	-12.59	COc1nc(-c2cccc(-c3cccc(-c4cnc(CNC[C@@H]5CCC(=O)N5)c(OC)n4)c3Cl)c2Cl)cnc1CNCC[C@H]1CCCO1
60	mol468	-12.77	COc1nc(-c2cccc(-c3cccc(-c4cnc(CNC[C@@H]5CCC(=O)N5)c(OC)n4)c3Cl)c2Cl)cnc1CNCC[C@H]1CCCO1
60	mol413	-12.96	COc1nc(-c2cccc(-c3cccc(-c4cnc(CNC[C@H]5CCC(=O)N5)c(OC)n4)c3Cl)c2Cl)cnc1CCC1CCCC1
60	mol406	-13.04	COc1nc(-c2cccc(-c3cccc(-c4cnc(CNC[C@H]5CCC(=O)N5)c(OC)n4)c3Cl)c2Cl)cnc1CNCCC1CCC1
60	mol397	-12.58	COc1nc(-c2cccc(-c3cccc(-c4cnc(CNC[C@@H]5CCC(=O)N5)c(OC)n4)c3Cl)c2Cl)cnc1CNCC[C@H]1CCCO1
60	mol456	-12.47	COc1nc(-c2cccc(-c3cccc(-c4cnc(CNC[C@@H]5CCC(=O)N5)c(OC)n4)c3Cl)c2Cl)cnc1CNCC[C@H]1CCCO1
60	mol0	-13.74	COc1nc(-c2cccc(-c3cccc(-c4cnc(CN5CCC(=O)N5)c(OC)n4)c3Cl)c2Cl)cnc1CC[C@H]1CCCO1
60	mol369	-12.67	COc1nc(-c2cccc(-c3cccc(-c4cnc(CNC[C@@H]5CCC(=O)N5)c(OC)n4)c3Cl)c2Cl)cnc1CNCC[C@H]1CCCO1
60	mol461	-12.57	COc1nc(-c2cccc(-c3cccc(-c4cnc(CNC[C@@H]5CCC(=O)N5)c(OC)n4)c3Cl)c2Cl)cnc1CNCC[C@H]1CCCO1
60	mol27	-12.6	COc1nc(-c2cccc(-c3cccc(-c4cnc(CNC[C@@H]5CCC(=O)N5)c(OC)n4)c3Cl)c2Cl)cnc1CNCC[C@H]1CCCO1
60	mol122	-12.5	COc1nc(-c2cccc(-c3cccc(-c4cnc(CNC[C@@H]5CCC(=O)N5)c(OC)n4)c3Cl)c2Cl)cnc1CNCC[C@H]1CCCO1
60	mol31	-13.0	COc1nc(-c2cccc(-c3cccc(-c4cnc(CNC[C@H]5CCC(=O)N5)c(OC)n4)c3Cl)c2Cl)cnc1CNCCC1CCCC1
60	mol3	-13.0	COc1nc(-c2cccc(-c3cccc(-c4cnc(=O)n(C)c4)c3Cl)c2Cl)cnc1CNCCC1CCC1
60	mol15	-12.94	COc1nc(-c2cccc(-c3cccc(-c4cnc(CNC[C@H]5CCC(=O)N5)c(OC)n4)c3Cl)c2Cl)cnc1CNCCC1CCCC1
60	mol178	-13.24	COc1nc(-c2cccc(-c3cccc(-c4cnc(CNC[C@H]5CCC(=O)N5)c(OC)n4)c3Cl)c2Cl)cnc1CNCCC1CCC1
60	mol446	-12.56	COc1nc(-c2cccc(-c3cccc(-c4cnc(CNC[C@@H]5CCC(=O)N5)c(OC)n4)c3Cl)c2Cl)cnc1CNCC[C@H]1CCCO1
60	mol47	-13.16	COc1nncc(-c2cccc(-c3cccc(-c4cnc(CNC[C@@H]5CCC(=O)N5)c(OC)n4)c3Cl)c2Cl)n1
60	mol42	-12.76	COc1nc(-c2cccc(-c3cccc(-c4cnc(CNC[C@@H]5CCC(=O)N5)c(OC)n4)c3Cl)c2Cl)cnc1CNCC[C@H]1CCCO1
60	mol48	-12.89	COc1nc(-c2cccc(-c3cccc(-c4cnc(CNC[C@H]5CCC(=O)N5)c(OC)n4)c3Cl)c2Cl)cnc1CNCCC1CCCC1
60	mol119	-13.42	COc1nc(-c2cccc(-c3cccc(-c4cnc(CNC[C@@H]5CCC(=O)N5)c(OC)n4)c3Cl)c2Cl)cnc1CCCC1CCCC1
60	mol392	-12.64	COc1nc(-c2cccc(-c3cccc(-c4cnc(CNC[C@@H]5CCC(=O)N5)c(OC)n4)c3Cl)c2Cl)cnc1CNCC[C@H]1CCCO1
60	mol30	-12.8	COc1cc(-c2cccc(-c3cccc(-c4cnc(CNCC[C@H]5CCCO5)c(OC)n4)c3Cl)c2Cl)cnc1OCCN1CCC(=O)N1
60	mol399	-13.1	COc1nc(-c2cccc(-c3cccc(-c4cnc(CNC[C@H]5CCC(=O)N5)c(OC)n4)c3Cl)c2Cl)cnc1CCC[C@@H]1CCCO1
60	mol170	-13.8	COc1nc(-c2cccc(-c3cccc(-c4cnc(C[C@@H]5CCCO5)c(OC)n4)c3Cl)c2Cl)cnc1CNC[C@@H]1CCC(=O)N1
60	mol17	-13.4	COc1cc(-c2cccc(-c3cccc(-c4cnc(CNCC[C@H]5CCCO5)c(OC)n4)c3Cl)c2Cl)cnc1CNC[C@H]1CCC(=O)N1
60	mol221	-12.48	COc1nc(-c2cccc(-c3cccc(-c4cnc(CNC[C@@H]5CCC(=O)N5)c(OC)n4)c3Cl)c2Cl)cnc1CNCC[C@H]1CCCO1
60	mol205	-12.67	COc1nc(-c2cccc(-c3cccc(-c4cnc(CNC[C@@H]5CCC(=O)N5)c(OC)n4)c3Cl)c2Cl)cnc1CNCC[C@H]1CCCO1
60	mol33	-13.05	COc1nc(-c2cccc(-c3cccc(-c4cnc(CNC[C@H]5CCC(=O)N5)c(OC)n4)c3Cl)c2Cl)cnc1CNCCC1CCCC1
60	mol235	-12.53	COc1nc(-c2cccc(-c3cccc(-c4cnc(CNC[C@@H]5CCC(=O)N5)c(OC)n4)c3Cl)c2Cl)cnc1CNCC[C@H]1CCCO1
60	mol107	-12.47	COc1nc(-c2cccc(-c3cccc(-c4cnc(CNC[C@H]5CCC(=O)N5)c(OC)n4)c3Cl)c2Cl)cnc1CCCNCC[C@H]1CCCO1
60	mol462	-12.62	COc1nc(-c2cccc(-c3cccc(-c4cnc(CNC[C@@H]5CCC(=O)N5)c(OC)n4)c3Cl)c2Cl)cnc1CNCC[C@H]1CCCO1
60	mol103	-12.92	COc1nc(-c2cccc(-c3cccc(-c4cnc(CNC[C@H]5CCC(=O)N5)c(OC)n4)c3Cl)c2Cl)cnc1CNCCC1CCCC1
60	mol368	-12.51	COc1nc(-c2cccc(-c3cccc(-c4cnc(CNC[C@@H]5CCC(=O)N5)c(OC)n4)c3Cl)c2Cl)cnc1CNCC[C@H]1CCCO1
60	mol46	-13.2	COc1nc(-c2cccc(-c3cccc(-c4cnc(CNC[C@H]5CCC(=O)N5)c(OC)n4)c3Cl)c2Cl)cnc1CNCCC1CCC1
60	mol131	-12.67	COc1nc(-c2cccc(-c3cccc(-c4cnc(CNC[C@H]5CCC(=O)N5)c(OC)n4)c3Cl)c2Cl)cnc1CNCCCC[C@H]1CCCO1
60	mol238	-13.42	COc1nc(-c2cccc(-c3cccc(-c4cnc(CN5CCCC5)c(OC)n4)c3Cl)c2Cl)cnc1CNC[C@@H]1CCC(=O)N1
60	mol483	-12.35	COc1ccc(-c2cc(-c3cccc(-c4cnc(CNC[C@H]5CCC(=O)N5)c(OC)n4)c3Cl)cnc2Cl)cn1
60	mol436	-12.97	COc1nc(-c2cccc(-c3cccc(-c4cnc(CNC[C@H]5CCC(=O)N5)c(OC)n4)c3Cl)c2Cl)cnc1CCCC1CCC1
60	mol243	-13.04	COc1nc(-c2cccc(-c3cccc(-c4cnc(CNC[C@H]5CCC(=O)N5)c(OC)n4)c3Cl)c2Cl)cnc1CNCCC1CCCC1
60	mol172	-13.44	COc1cc(-c2cccc(-c3cccc(-c4cnc(CCCC5CCCC5)c(OC)n4)c3Cl)c2Cl)cnc1CNC[C@H]1CCC(=O)N1
60	mol151	-12.52	COc1nc(-c2cccc(-c3cccc(-c4cnc(CNC[C@@H]5CCC(=O)N5)c(OC)n4)c3Cl)c2Cl)cnc1CNCC[C@H]1CCCO1
60	mol484	-13.18	COc1nc(-c2cccc(-c3cccc(-c4cnc(CNC[C@H]5CCC(=O)N5)c(OC)n4)c3Cl)c2Cl)cnc1CNCCC1CCC1
60	mol431	-12.59	COc1nc(-c2cccc(-c3cccc(-c4cnc(CNC[C@@H]5CCC(=O)N5)c(OC)n4)c3Cl)c2Cl)cnc1CNCC[C@H]1CCCO1
60	mol137	-12.63	COc1nc(-c2cccc(-c3cccc(-c4cnc(CNC[C@@H]5CCC(=O)N5)c(OC)n4)c3Cl)c2Cl)cnc1CNCC[C@H]1CCCO1
60	mol74	-13.12	COc1nc(-c2cccc(-c3cccc(-c4cnc(CNC[C@H]5CCC(=O)N5)c(OC)n4)c3Cl)c2Cl)cnc1CNCCC1CCCC1
60	mol375	-12.31	COc1nc(-c2cccc(-c3cccc(-c4cncc(OC[C@H]5CCC(=O)N5)c4Cl)c3Cl)c2Cl)cnc1CNCC[C@@H]1CCCO1
60	mol463	-12.57	COc1nc(-c2cccc(-c3cccc(-c4cnc(CNC[C@@H]5CCC(=O)N5)c(OC)n4)c3Cl)c2Cl)cnc1CNCC[C@H]1CCCO1
60	mol97	-12.58	COc1nc(-c2cccc(-c3cccc(-c4cnc(CNC[C@@H]5CCC(=O)N5)c(OC)n4)c3Cl)c2Cl)cnc1CNCCn1cncn1
60	mol71	-13.46	COc1cc(-c2cccc(-c3cccc(-c4cnc(CNCC[C@H]5CCCO5)c(OC)n4)c3Cl)c2Cl)cnc1C(=O)N1CCC(=O)NC1
60	mol98	-12.57	COc1nc(-c2cccc(-c3cccc(-c4cnc(CNC[C@@H]5CCC(=O)N5)c(OC)n4)c3Cl)c2Cl)cnc1CNCC[C@H]1CCCO1
60	mol87	-12.6	COc1nc(-c2cccc(-c3cccc(-c4cnc(CNC[C@@H]5CCC(=O)N5)c(OC)n4)c3Cl)c2Cl)cnc1CNCC[C@H]1CCCO1
60	mol23	-13.1	COc1nc(-c2cccc(-c3cccc(-c4cnc(CNC[C@H]5CCC(=O)N5)c(OC)n4)c3Cl)c2Cl)cnc1CNCCC1CCCC1
60	mol265	-12.56	COc1nc(-c2cccc(-c3cccc(-c4cnc(CNC[C@@H]5CCC(=O)N5)c(OC)n4)c3Cl)c2Cl)cnc1CCCCCO
60	mol464	-12.57	COc1nc(-c2cccc(-c3cccc(-c4cnc(CNC[C@@H]5CCC(=O)N5)c(OC)n4)c3Cl)c2Cl)cnc1CNCC[C@H]1CCCO1
60	mol58	-13.59	COc1nc(-c2cccc(-c3cccc(-c4cncc(OC[C@H]5CCC(=O)N5)c4Cl)c3Cl)c2Cl)cnc1CNCCC1CCCCC1
60	mol248	-12.5	COc1nc(-c2cccc(-c3cccc(-c4cnc(CNC[C@@H]5CCC(=O)N5)c(OC)n4)c3Cl)c2Cl)cnc1CNCC[C@H]1CCCO1
60	mol202	-12.66	COc1nc(-c2cccc(-c3cccc(-c4cnc(CNC[C@@H]5CCC(=O)N5)c(OC)n4)c3Cl)c2Cl)cnc1CNCC[C@H]1CCCO1
60	mol251	-12.61	COc1nc(-c2cccc(-c3cccc(-c4cnc(CNC[C@@H]5CCC(=O)N5)c(OC)n4)c3Cl)c2Cl)cnc1CNCC[C@H]1CCCO1
60	mol315	-12.83	CCOc1nc(-c2cccc(-c3cccc(OCCCC(=O)O)c3Cl)c2Cl)cnc1CC/C1=C/C=N\C2=N/OCCC[C@@H]1CCNC2
60	mol183	-12.63	COc1nc(-c2cccc(-c3cccc(-c4cnc(CNC[C@@H]5CCC(=O)N5)c(OC)n4)c3Cl)c2Cl)cnc1CNCC[C@H]1CCCO1
60	mol82	-13.51	COc1nc(-c2cccc(-c3cccc(-c4cnc(CNC[C@H]5CCC(=O)N5)c(OC)n4)c3Cl)c2Cl)cnc1CC[C@H]1CCCO1
60	mol454	-13.09	COc1nc(-c2cccc(-c3cccc(-c4cnc(CNC[C@H]5CCC(=O)N5)c(OC)n4)c3Cl)c2Cl)cnc1CNCCC1CCCC1
60	mol246	-13.03	COc1nc(-c2cccc(-c3cccc(-c4cnc(CNC[C@H]5CCC(=O)N5)c(OC)n4)c3Cl)c2Cl)cnc1CNCCC1CCC1
60	mol432	-13.39	COc1cc(-c2cccc(-c3cccc(-c4cnc(CC[C@@H]5CCCO5)c(OC)n4)c3Cl)c2Cl)cnc1CNC[C@H]1CCC(=O)N1
60	mol134	-13.11	COc1nc(-c2cccc(-c3cccc(-c4cnc(CNC[C@H]5CCC(=O)N5)c(OC)n4)c3Cl)c2Cl)cnc1CNCCC1CCC1
60	mol460	-12.48	COc1nc(NCc2cccc(-c3cccc(-c4cnc(CNCCC5CCC5)c(OC)n4)c3Cl)c2Cl)ccc1CNC[C@@H]1CCC(=O)N1
60	mol343	-12.59	COc1nc(-c2cccc(-c3cccc(-c4cnc(CNC[C@@H]5CCC(=O)N5)c(OC)n4)c3Cl)c2Cl)cnc1CNCC[C@H]1CCCO1
60	mol364	-12.89	COc1nc(-c2cccc(-c3cccc(-c4cncnc4Cl)c3Cl)c2Cl)cnc1CNCc1cncn1CC[C@@H]1CCCO1
60	mol116	-12.93	COc1nc(-c2cccc(-c3cccc(-c4cnc(CNC[C@H]5CCC(=O)N5)c(OC)n4)c3Cl)c2Cl)cnc1CNCCC1CCC1
60	mol41	-13.66	COc1nc(-c2cccc(-c3cccc(-c4cccc(OC[C@H]5CCC(=O)N5)c4Cl)c3Cl)c2Cl)cnc1CNCCC1CCCC1
60	mol127	-13.02	COc1cc(-c2cccc(-c3cccc(-c4cnc(CNCCC5CCC5)c(OC)n4)c3Cl)c2Cl)cnc1CNC[C@H]1CCC(=O)N1
60	mol277	-12.99	COc1nc(-c2cccc(-c3cccc(-c4cnc(CNC[C@H]5CCC(=O)N5)c(OC)n4)c3Cl)c2Cl)cnc1CNCCCC1CCCC1
60	mol176	-12.63	COc1nc(-c2cccc(-c3cccc(-c4cnc(CNC[C@@H]5CCC(=O)N5)c(OC)n4)c3Cl)c2Cl)cnc1CNCC[C@H]1CCCO1
60	mol123	-13.13	COc1nc(-c2cccc(-c3cccc(-c4cnc(CNC[C@H]5CCC(=O)N5)c(OC)n4)c3Cl)c2Cl)cnc1CNCCC1CCC1
60	mol305	-12.47	COc1nc(-c2cccc(-c3cccc(-c4cnc(CNC[C@@H]5CCC(=O)N5)c(OC)n4)c3Cl)c2Cl)cnc1CNCC[C@H]1CCCO1
60	mol279	-12.37	COc1nc(-c2cccc(-c3cccc(-c4cnc(CNC[C@@H]5CCC(=O)N5)c(OC)c4Cl)c3Cl)c2Cl)cnc1CNCC[C@H]1CCCO1
60	mol158	-12.57	COc1nc(-c2cccc(-c3cccc(-c4cnc(CNC[C@@H]5CCC(=O)N5)c(OC)n4)c3Cl)c2Cl)cnc1CCNCC[C@@H]1CCCO1
60	mol43	-13.11	COc1nncc(-c2cccc(-c3cccc(-c4cnc(CNC[C@@H]5CCC(=O)N5)c(OC)n4)c3Cl)c2Cl)n1
60	mol124	-12.58	COc1nc(-c2cccc(-c3cccc(-c4cnc(CNC[C@@H]5CCC(=O)N5)c(OC)n4)c3Cl)c2Cl)cnc1CNCC[C@H]1CCCO1
60	mol85	-13.22	COc1nc(-c2cccc(-c3cccc(-c4cnc(CNC[C@H]5CCC(=O)N5)c(OC)n4)c3Cl)c2Cl)cnc1CCn1cncn1
70	mol443	-13.16	COc1ncnc(-c2cccc(-c3cccc(-c4cnc(CNC[C@H]5CCC(=O)N5)c(OC)n4)c3Cl)c2Cl)n1
70	mol422	-12.89	COc1nc(-c2cccc(-c3cccc(-c4cnc(CNC[C@H]5CCC(=O)N5)c(OC)n4)c3Cl)c2Cl)cnc1CCC1CCCC1
70	mol25	-13.5	COc1nc(-c2cccc(-c3cccc(-c4cnc(CNC[C@H]5CCC(=O)N5)c(OC)n4)c3Cl)c2Cl)cnc1CC[C@H]1CCCO1
70	mol442	-13.15	COc1nc(-c2cccc(-c3cccc(-c4cnc([C@@H]5CCCO5)c(OC)n4)c3Cl)c2Cl)cnc1CNC[C@H]1CCC(=O)N1
70	mol210	-13.05	COc1nc(-c2cccc(-c3cccc(-c4cnc(CNC[C@H]5CCC(=O)N5)c(OC)n4)c3Cl)c2Cl)cnc1CNCCC1CCCC1
70	mol225	-12.55	COc1nc(-c2cccc(-c3cccc(-c4cnc(CNC[C@@H]5CCC(=O)N5)c(OC)n4)c3Cl)c2Cl)cnc1CNCC[C@H]1CCCO1
70	mol437	-12.9	COc1nc(-c2cccc(-c3cccc(-c4cnc(CNC[C@H]5CCC(=O)N5)c(OC)n4)c3Cl)c2Cl)cnc1CCC1CCCC1
70	mol10	-12.51	CCOc1nc(-c2cccc(-c3cccc(-c4cnc(CNC[C@H]5CCC(=O)N5)c(OC)n4)c3Cl)c2Cl)cnc1CNCC[C@@H]1CCCO1
70	mol75	-13.49	COc1nc(-c2cccc(-c3cccc(-c4cnc(CNC[C@H]5CCC(=O)N5)c(OC)n4)c3Cl)c2Cl)cnc1CC[C@H]1CCCO1
70	mol284	-12.54	COc1nc(-c2cccc(-c3cccc(-c4cnc(CNC[C@@H]5CCC(=O)N5)c(OC)n4)c3Cl)c2Cl)cnc1CNCC[C@H]1CCCO1
70	mol400	-12.05	COc1nc(-c2ccc(-c3cccc(-c4cnc(CNC[C@H]5CCC(=O)N5)c(OC)n4)c3Cl)cc2Cl)cnc1CNCCC1CCC1
70	mol302	-13.8	COc1nc(-c2cccc(-c3cccc(-c4cnc(C[C@@H]5CCCO5)c(OC)n4)c3Cl)c2Cl)cnc1CNC[C@@H]1CCC(=O)N1
70	mol391	-13.35	COc1nc(-c2cccc(-c3cccc(-c4cnc(C[C@H]5CC[C@@H](OC)CC5)c(OC)n4)c3Cl)c2Cl)cnc1CNC[C@@H]1CCC(=O)N1
70	mol273	-12.44	COc1nc(-c2ccc(-c3cccc(-c4cnc(CNC[C@@H]5CCC(=O)N5)c(OC)n4)c3Cl)cc2Cl)cnc1CCC[C@H]1CCCO1
70	mol165	-13.22	CCOc1cncc(-c2cccc(-c3cccc(-c4cncc(OCC5CCNCC5)c4Cl)c3Cl)c2Cl)c1
70	mol99	-12.49	COc1nc(-c2cccc(-c3cccc(-c4cnc(CNC[C@@H]5CCC(=O)N5)c(OC)n4)c3Cl)c2Cl)cnc1CNCC[C@H]1CCCO1
70	mol68	-13.81	COc1nc(-c2cccc(-c3cccc(-c4cnc(C[C@@H]5CCCO5)c(OC)n4)c3Cl)c2Cl)cnc1CNC[C@@H]1CCC(=O)N1
70	mol203	-13.77	COc1nc(-c2cccc(-c3cccc(-c4cnc(CNC[C@H]5CCC(=O)N5)c(O)c4Cl)c3Cl)c2Cl)cnc1CC[C@@H]1CCCO1
70	mol401	-13.69	COc1nc(-c2cccc(-c3cccc(-c4cccc(OC[C@H]5CCC(=O)N5)c4Cl)c3Cl)c2Cl)cnc1CNCC[C@H]1CCCO1
70	mol254	-13.17	COc1nc(-c2cccc(-c3cccc(-c4cnc(CNC[C@H]5CCC(=O)N5)c(OC)n4)c3Cl)c2Cl)cnc1CNCCC1CCC1
70	mol84	-13.15	COc1nc(-c2cccc(-c3cccc(-c4cnc(C[C@H]5CCCCO5)c(OC)n4)c3Cl)c2Cl)cnc1CNC[C@H]1CCC(=O)N1
70	mol6	-13.5	COc1nc(-c2cccc(-c3cccc(-c4cnc(CNC[C@H]5CCC(=O)N5)c(OC)n4)c3Cl)c2Cl)cnc1CC[C@H]1CCCO1
70	mol405	-13.06	COc1nc(-c2cccc(-c3cccc(-c4cnc(CNC[C@H]5CCC(=O)N5)c(OC)n4)c3Cl)c2Cl)cnc1CCOC[C@@H]1CCCO1
70	mol324	-13.72	COc1nc(-c2cccc(-c3cccc(-c4cnc(CC5CCCC5)c(OC)n4)c3Cl)c2Cl)cnc1CNC[C@H]1CCC(=O)N1
70	mol141	-13.8	COc1nc(-c2cccc(-c3cccc(-c4cnc(C[C@@H]5CCCO5)c(OC)n4)c3Cl)c2Cl)cnc1CNC[C@@H]1CCC(=O)N1
70	mol425	-13.42	COc1nc(-c2cccc(-c3cccc(-c4cncc(CNC[C@H]5CCC(=O)N5)c4Cl)c3Cl)c2Cl)cnc1CCC1CCCC1
70	mol175	-12.59	COc1nc(-c2cccc(-c3cccc(-c4cnc(CNC[C@@H]5CCC(=O)N5)c(OC)n4)c3Cl)c2Cl)cnc1CNCC[C@H]1CCCO1
70	mol487	-13.7	COc1nc(-c2cccc(-c3cccc(-c4cncc(CNC[C@@H]5CCC(=O)N5)c4Cl)c3Cl)c2Cl)cnc1C[C@@H]1CCCCO1
70	mol55	-13.56	COc1nc(-c2cccc(-c3cccc(-c4cnc(CNC[C@H]5CCC(=O)N5)c(OC)n4)c3Cl)c2Cl)cnc1CC[C@H]1CCCO1
70	mol428	-13.18	COc1nncc(-c2cccc(-c3cccc(-c4cnc(CNC[C@@H]5CCC(=O)N5)c(OC)n4)c3Cl)c2Cl)n1
70	mol352	-12.72	COc1nc(-c2cccc(-c3cccc(-c4cnc(CNC[C@@H]5CCC(=O)N5)c(OC)n4)c3Cl)c2Cl)cnc1CCCNCCCCC1CCCC1
70	mol298	-13.79	COc1nc(-c2cccc(-c3cccc(-c4cnc(C[C@@H]5CCCO5)c(OC)n4)c3Cl)c2Cl)cnc1CNC[C@@H]1CCC(=O)N1
70	mol153	-13.05	COc1cnc(-c2cccc(-c3cccc(-c4cnc(CNC[C@@H]5CCC(=O)N5)c(OC)n4)c3Cl)c2Cl)cn1
70	mol423	-13.82	COc1nc(-c2cccc(-c3cccc(-c4cnc(C[C@@H]5CCCO5)c(OC)n4)c3Cl)c2Cl)cnc1CNC[C@@H]1CCC(=O)N1
70	mol256	-12.34	OC[C@@H]1O[C@H](Oc2ccc(-c3cccc(O)c3)c(O)c2Cl)[C@@H](O)[C@H](O)[C@@H]1O[C@H]1OC[C@@H](O)[C@H](O)[C@@H]1O
70	mol108	-13.79	COc1nc(-c2cccc(-c3cccc(-c4cnc(C[C@@H]5CCCO5)c(OC)n4)c3Cl)c2Cl)cnc1CNC[C@@H]1CCC(=O)N1
70	mol384	-13.18	COc1nncc(-c2cccc(-c3cccc(-c4cnc(CNC[C@@H]5CCC(=O)N5)c(OC)n4)c3Cl)c2Cl)n1
70	mol92	-13.06	COc1nc(-c2cccc(-c3cccc(-c4cnc(C[C@H]5CCCCO5)c(OC)n4)c3Cl)c2Cl)cnc1CNC[C@H]1CCC(=O)N1
70	mol459	-12.97	COc1nc(-c2cccc(-c3cccc(-c4cnc(CNC[C@H]5CCC(=O)N5)c(OC)n4)c3Cl)c2Cl)cnc1CNCCC1CCCC1
70	mol193	-13.15	COc1nncc(-c2cccc(-c3cccc(-c4cnc(CNC[C@@H]5CCC(=O)N5)c(OC)n4)c3Cl)c2Cl)n1
70	mol301	-13.85	COc1nc(-c2cccc(-c3cccc(-c4cnc(CC5CCCC5)c(OC)n4)c3Cl)c2Cl)cnc1CN[C@@H]1CCC(=O)N1
70	mol347	-12.93	COc1nc(-c2cccc(-c3cccc(-c4cnc(CNC[C@H]5CCC(=O)N5)c(OC)n4)c3Cl)c2Cl)cnc1CCC1CCCC1
70	mol367	-13.49	COc1nc(-c2cccc(-c3cccc(-c4cnc(CN[C@@H]5CCC(=O)N5)c(OC)n4)c3Cl)c2Cl)cnc1CC[C@@H]1CCCO1
70	mol73	-13.37	COc1nc(-c2cccc(-c3cccc(-c4cnc(CC5CCC5)c(OC)n4)c3Cl)c2Cl)cnc1CNC[C@@H]1CCC(=O)N1
70	mol408	-12.46	COc1nc(-c2cccc(-c3cccc(-c4cnc(OCC[C@@H]5CCC(=O)N5)c(OC)n4)c3Cl)c2Cl)cnc1CNCC[C@@H]1CCCO1
70	mol320	-13.57	COc1nc(-c2cccc(-c3cccc(-c4cnc(CNC[C@H]5CCC(=O)N5)c(OC)n4)c3Cl)c2Cl)cnc1CC[C@H]1CCCO1
70	mol35	-12.93	COc1nc(-c2cccc(-c3cccc(-c4cnc(CCC5CCCC5)c(C)n4)c3Cl)c2Cl)cnc1CNC[C@@H]1CCC(=O)N1
70	mol192	-13.14	COc1nncc(-c2cccc(-c3cccc(-c4cnc(OC[C@H]5CCC(=O)N5)c(OC)n4)c3Cl)c2Cl)n1
70	mol52	-13.62	COc1nc(-c2cccc(-c3cccc(-c4cnc(CC5CCCCC5)c(OC)n4)c3Cl)c2Cl)cnc1CNC[C@H]1CCC(=O)N1
70	mol155	-13.93	COc1nc(-c2cccc(-c3cccc(-c4cccc(OC[C@@H]5CCC(=O)N5)c4Cl)c3Cl)c2Cl)cnc1C1CCC1
70	mol348	-13.18	COc1nncc(-c2cccc(-c3cccc(-c4cnc(CNC[C@@H]5CCC(=O)N5)c(OC)n4)c3Cl)c2Cl)n1
70	mol81	-13.81	COc1nc(-c2cccc(-c3cccc(-c4cnc(C[C@@H]5CCCO5)c(OC)n4)c3Cl)c2Cl)cnc1CNC[C@@H]1CCC(=O)N1
70	mol306	-13.8	COc1nc(-c2cccc(-c3cccc(-c4cnc(C[C@@H]5CCCO5)c(OC)n4)c3Cl)c2Cl)cnc1CNC[C@@H]1CCC(=O)N1
70	mol186	-13.16	COc1nncc(-c2cccc(-c3cccc(-c4cnc(CNC[C@@H]5CCC(=O)N5)c(OC)n4)c3Cl)c2Cl)n1
70	mol390	-13.51	COc1nc(-c2cccc(-c3cccc(-c4cnc(CNC[C@H]5CCC(=O)N5)c(OC)n4)c3Cl)c2Cl)cnc1CC[C@H]1CCCO1
70	mol255	-12.62	COc1nc(-c2cccc(-c3cccc(-c4cnc(CNC[C@@H]5CCC(=O)N5)c(OC)n4)c3Cl)c2Cl)cnc1CCNCC[C@@H]1CCCO1
70	mol106	-12.89	COc1nc(-c2cccc(-c3cccc(-c4cnc(CNC[C@@H]5CCC(=O)N5)c(OC)n4)c3Cl)c2Cl)cnc1CCCCC[C@H]1CC[C@@H](OC)CC1
70	mol222	-12.48	COc1nc(-c2cccc(-c3cccc(-c4cnc(CNC[C@@H]5CCC(=O)N5)c(OC)n4)c3Cl)c2Cl)cnc1CCCCCC1CCCC1
70	mol21	-13.18	COc1nncc(-c2cccc(-c3cccc(-c4cnc(CNC[C@@H]5CCC(=O)N5)c(OC)n4)c3Cl)c2Cl)n1
70	mol365	-12.72	COc1nc(-c2cccc(-c3cccc(-c4cnc(CNC[C@@H]5CCC(=O)N5)c(OC)n4)c3Cl)c2Cl)cnc1CCNCC[C@@H]1CCCO1
70	mol470	-12.59	COc1nc(-c2cccc(-c3cccc(-c4cnc(CNC[C@@H]5CCC(=O)N5)c(OC)n4)c3Cl)c2Cl)cnc1CNCC[C@H]1CCCO1
70	mol492	-12.55	COc1nc(-c2cccc(-c3cccc(-c4cnc(CNC[C@@H]5CCC(=O)N5)c(OC)n4)c3Cl)c2Cl)cnc1CNCC[C@H]1CCCO1
70	mol24	-13.12	COc1nncc(-c2cccc(-c3cccc(-c4cnc(CNC[C@@H]5CCC(=O)N5)c(OC)n4)c3Cl)c2Cl)n1
70	mol471	-13.55	COc1nc(-c2cccc(-c3cccc(-c4cnc(CNC[C@H]5CCC(=O)N5)c(OC)n4)c3Cl)c2Cl)cnc1CC[C@H]1CCCO1
70	mol379	-13.6	COc1nc(-c2cccc(-c3cccc(-c4cccc(CNC[C@@H]5CCC(=O)N5)c4Cl)c3Cl)c2Cl)cnc1CC[C@@H]1CCCO1
70	mol473	-12.98	COc1nc(-c2cccc(-c3cccc(-c4cnc(CNC[C@H]5CCC(=O)N5)c(OC)n4)c3Cl)c2Cl)cnc1CCCC1CCC1
70	mol414	-12.72	COc1nc(-c2cccc(-c3cccc(-c4cnn(C)n4)c3Cl)c2Cl)cnc1CCC1CCCC1
70	mol149	-12.17	COc1nc(-c2cccc(-c3cnc(CC[C@@H]4CCCO4)c(OC)n3)c2Cl)ccc1-c1cnc(CNC[C@@H]2CCC(=O)N2)c(OC)n1
70	mol7	-13.79	COc1nc(-c2cccc(-c3cccc(-c4cnc(C[C@@H]5CCCO5)c(OC)n4)c3Cl)c2Cl)cnc1CNC[C@@H]1CCC(=O)N1
70	mol467	-13.47	COc1nc(-c2cccc(-c3cccc(-c4cnc(CNC[C@H]5CCC(=O)N5)c(OC)n4)c3Cl)c2Cl)cnc1CC[C@H]1CCCO1
70	mol380	-12.62	COc1nc(CNCCc2cccc(-c3cccc(-c4cnc(CNC[C@H]5CCC(=O)N5)c(OC)n4)c3Cl)c2Cl)cnc1CC1CCCC1
70	mol319	-12.95	COc1nc(-c2cccc(-c3cccc(-c4cnc(CNC[C@H]5CCC(=O)N5)c(OC)n4)c3Cl)c2Cl)cnc1CCC1CCCC1
70	mol270	-13.17	COc1nncc(-c2cccc(-c3cccc(-c4cnc(CNC[C@@H]5CCC(=O)N5)c(OC)n4)c3Cl)c2Cl)n1
70	mol276	-13.41	COc1nc(-c2cccc(-c3cccc(-c4cnc(CC5CCC5)c(OC)n4)c3Cl)c2Cl)cnc1CNC[C@@H]1CCC(=O)N1
70	mol374	-12.66	COc1nc(-c2cccc(-c3cccc(-c4cnc(CNC[C@@H]5CCC(=O)N5)c(OC)n4)c3Cl)c2Cl)cnc1CNCC[C@H]1CCCO1
70	mol336	-13.28	COc1nc(-c2cccc(-c3cccc(-c4cnc(CNC[C@H]5CCC(=O)N5)c(OC)n4)c3Cl)c2Cl)cnc1CNCCC1CCC1
70	mol479	-12.76	COc1cnc(-c2cncc(-c3cccc(-c4cnc(CNC[C@@H]5CCC(=O)N5)c(OC)n4)c3Cl)c2Cl)cn1
70	mol163	-12.95	COc1nc(-c2cccc(-c3cccc(-c4cnc(CNC[C@H]5CCC(=O)N5)c(OC)n4)c3Cl)c2Cl)cnc1CC[C@@H]1CCOC1
70	mol261	-12.98	COc1nc(-c2cccc(-c3cccc(-c4cnc(C5CCC5)c(OC)n4)c3Cl)c2Cl)cnc1CNC[C@@H]1CCC(=O)N1
70	mol237	-13.75	COc1nc(-c2cccc(-c3cccc(-c4cnc(C[C@@H]5CCCO5)c(OC)n4)c3Cl)c2Cl)cnc1CNC[C@@H]1CCC(=O)N1
70	mol67	-13.17	COc1nc(-c2cccc(-c3cccc(-c4cnc([C@@H]5CCCO5)c(OC)n4)c3Cl)c2Cl)cnc1CNC[C@H]1CCC(=O)N1
70	mol338	-13.16	COc1nncc(-c2cccc(-c3cccc(-c4cnc(CNC[C@@H]5CCC(=O)N5)c(OC)n4)c3Cl)c2Cl)n1
70	mol143	-13.55	COc1nc(-c2cccc(-c3cccc(-c4cnc(CNC[C@H]5CCC(=O)N5)c(OC)n4)c3Cl)c2Cl)cnc1CC[C@H]1CCCO1
70	mol94	-13.54	COc1nc(-c2cccc(-c3cccc(-c4cnc(CNC[C@H]5CCC(=O)N5)c(OC)n4)c3Cl)c2Cl)cnc1CC[C@H]1CCCO1
70	mol385	-13.07	COc1nc(-c2cccc(-c3cccc(-c4cnc(CNC[C@H]5CCC(=O)N5)c(OC)n4)c3Cl)c2Cl)cnc1CNCCC1CCCC1
70	mol187	-13.07	COc1nc(-c2cccc(-c3cccc(-c4cnc(CNC[C@@H]5CCC(=O)N5)c(OC)n4)c3Cl)c2Cl)cnc1CCC1CCC1
70	mol14	-13.15	COc1nncc(-c2cccc(-c3cccc(-c4cnc(CNC[C@@H]5CCC(=O)N5)c(OC)n4)c3Cl)c2Cl)n1
70	mol53	-13.82	COc1nc(-c2cccc(-c3cccc(-c4cnc(C[C@@H]5CCCO5)c(OC)n4)c3Cl)c2Cl)cnc1CNC[C@@H]1CCC(=O)N1
70	mol236	-13.19	COc1nncc(-c2cccc(-c3cccc(-c4cnc(CNC[C@@H]5CCC(=O)N5)c(OC)n4)c3Cl)c2Cl)n1
70	mol199	-12.73	COc1nc(-c2cccc(-c3cccc(-c4cnc(CNC[C@@H]5CCC(=O)N5)c(OC)n4)c3Cl)c2Cl)cnc1CCNCC[C@@H]1CCCO1
70	mol69	-13.58	COc1nc(-c2cccc(-c3cccc(-c4cnc(CNC[C@H]5CCC(=O)N5)c(OC)n4)c3Cl)c2Cl)cnc1CC[C@H]1CCCO1
70	mol179	-12.85	COc1nc(-c2cccc(-c3cccc(-c4cncc(C[C@H]5CCC(=O)N5)c4Cl)c3Cl)c2Cl)cnc1CCC(=O)O
70	mol349	-12.57	COc1nc(-c2cccc(-c3cccc(-c4cnc(CNC[C@@H]5CCC(=O)N5)c(OC)n4)c3Cl)c2Cl)cnc1CNCC[C@H]1CCCO1
70	mol100	-12.99	COc1nc(-c2cccc(-c3cccc(-c4cnc(CNC[C@H]5CCC(=O)N5)c(OC)n4)c3Cl)c2Cl)cnc1CCC[C@@H]1CCCO1
70	mol132	-12.71	COc1nc(-c2cccc(-c3cccc(-c4cnn(C)n4)c3Cl)c2Cl)cnc1CCC1CCCC1
70	mol295	-13.71	COc1cc(-c2cccc(-c3cccc(-c4cnc(CCCC5CCCC5)c(OC)n4)c3Cl)c2Cl)cnc1CN[C@H]1CCC(=O)N1
70	mol20	-12.53	COc1nc(-c2cccc(-c3cccc(-c4cnc(CNC[C@@H]5CCC(=O)N5)c(OC)n4)c3Cl)c2Cl)cnc1CNCC[C@H]1CCCO1
70	mol321	-12.6	COc1nc(-c2cccc(-c3cccc(-c4cnc(CNC[C@@H]5CCC(=O)N5)c(OC)n4)c3Cl)c2Cl)cnc1CNCC[C@H]1CCCO1
70	mol345	-13.46	COc1nc(-c2cccc(-c3cccc(-c4cnc(CNC[C@H]5CCC(=O)N5)c(OC)n4)c3Cl)c2Cl)cnc1CC[C@H]1CCCO1
70	mol313	-12.53	COc1nc(-c2cccc(-c3cccc(-c4cnc(CNC[C@@H]5CCC(=O)N5)c(OC)n4)c3Cl)c2Cl)cnc1CNCC[C@H]1CCCO1
70	mol335	-12.01	Cc1nc(-c2cccc(-c3cccc(-c4cnc(CNC[C@@H]5CCC(=O)N5)c(OC[C@H](O)C5CC5)c4Cl)c3Cl)c2Cl)cn1CCCNCCO
70	mol207	-13.11	COc1nncc(-c2cccc(-c3cccc(-c4cnc(CNC[C@@H]5CCC(=O)N5)c(OC)n4)c3Cl)c2Cl)n1
70	mol427	-13.46	COc1nc(-c2cccc(-c3cccc(-c4cnc(CNC[C@@H]5CCC(=O)N5)c(OC)n4)c3Cl)c2Cl)cnc1CCCC1CCCC1
70	mol61	-13.15	COc1nncc(-c2cccc(-c3cccc(-c4cnc(CNC[C@@H]5CCC(=O)N5)c(OC)n4)c3Cl)c2Cl)n1
70	mol209	-13.14	COc1nncc(-c2cccc(-c3cccc(-c4cnc(CNC[C@@H]5CCC(=O)N5)c(OC)n4)c3Cl)c2Cl)n1
70	mol12	-12.59	COc1nncc(-c2cccc(-c3cccc(-c4cnc(CNC[C@]5(CO)CO5)c(OC)n4)c3Cl)c2Cl)n1
70	mol128	-13.12	COc1nc(-c2cccc(-c3cccc(-c4cnc(CNC[C@H]5CCC(=O)N5)c(OC)n4)c3Cl)c2Cl)cnc1CCC[C@@H]1CCCO1
70	mol130	-13.56	COc1nc(-c2cccc(-c3cccc(-c4cnc(CNC[C@H]5CCC(=O)N5)c(OC)n4)c3Cl)c2Cl)cnc1CC[C@H]1CCCO1
70	mol126	-13.38	COc1nc(-c2cccc(-c3cccc(-c4cnc(CC5CCC5)c(OC)n4)c3Cl)c2Cl)cnc1CNC[C@@H]1CCC(=O)N1
70	mol86	-12.52	COc1nc(-c2cccc(-c3cccc(-c4cnc(CNC[C@@H]5CCC(=O)N5)c(OC)n4)c3Cl)c2Cl)cnc1CNCC[C@H]1CCCO1
70	mol267	-13.82	COc1nc(-c2cccc(-c3cccc(-c4cnc(C[C@@H]5CCCO5)c(OC)n4)c3Cl)c2Cl)cnc1CNC[C@@H]1CCC(=O)N1
70	mol387	-13.65	COc1nc(-c2cccc(-c3cccc(-c4cnc(CC5CCCC5)c(OC)n4)c3Cl)c2Cl)cnc1CNC[C@H]1CCC(=O)N1
70	mol407	-12.71	COc1nc(-c2cccc(-c3cccc(-c4cnc(CNC[C@@H]5CCC(=O)N5)c(OC)n4)c3Cl)c2Cl)cnc1CCNCC[C@@H]1CCCO1
70	mol272	-13.8	COc1nc(-c2cccc(-c3cccc(-c4cnc(C[C@@H]5CCCO5)c(OC)n4)c3Cl)c2Cl)cnc1CNC[C@@H]1CCC(=O)N1
70	mol383	-13.49	COc1nc(-c2cccc(-c3cccc(-c4cnc([C@H]5CC[C@H](O)CC5)c(OC)n4)c3Cl)c2Cl)cnc1CNC[C@H]1CCC(=O)N1
70	mol337	-13.16	COc1nc(-c2cccc(-c3cccc(-c4cnc([C@@H]5CCCO5)c(OC)n4)c3Cl)c2Cl)cnc1CNC[C@H]1CCC(=O)N1
70	mol60	-13.18	COc1nc(-c2cccc(-c3cccc(-c4cnc(CNC[C@@H]5CCC(=O)N5)c(OC)n4)c3Cl)c2Cl)cnc1CC[C@@H]1CCCCO1
70	mol169	-13.79	COc1nc(-c2cccc(-c3cccc(-c4cnc(C[C@@H]5CCCO5)c(OC)n4)c3Cl)c2Cl)cnc1CNC[C@@H]1CCC(=O)N1
70	mol50	-13.44	COc1nc(-c2cccc(-c3cccc(-c4cnc(CNC[C@@H]5CCC(=O)N5)c(OC)n4)c3Cl)c2Cl)cnc1CCCC1CCCC1
70	mol240	-13.81	COc1nc(-c2cccc(-c3cccc(-c4cnc(C[C@@H]5CCCO5)c(OC)n4)c3Cl)c2Cl)cnc1CNC[C@@H]1CCC(=O)N1
70	mol445	-13.72	COc1nc(-c2cccc(-c3cccc(-c4cnc(CC5CCCC5)c(OC)n4)c3Cl)c2Cl)cnc1CNC[C@H]1CCC(=O)N1
70	mol327	-13.12	COc1nncc(-c2cccc(-c3cccc(-c4cnc(CNC[C@@H]5CCC(=O)N5)c(OC)n4)c3Cl)c2Cl)n1
70	mol189	-13.5	COc1nc(-c2cccc(-c3cccc(-c4cnc(CNC[C@H]5CCC(=O)N5)c(OC)n4)c3Cl)c2Cl)cnc1CC[C@H]1CCCO1
70	mol136	-13.14	COc1nncc(-c2cccc(-c3cccc(-c4cnc(CNC[C@@H]5CCC(=O)N5)c(OC)n4)c3Cl)c2Cl)n1
70	mol62	-12.97	COc1nc(-c2cccc(-c3cccc(-c4cnc(CNC[C@H]5CCC(=O)N5)c(OC)n4)c3Cl)c2Cl)cnc1CNCCC1CCCC1
70	mol16	-13.43	COc1nc(-c2cccc(-c3cccc(-c4cnc(CNC[C@@H]5CCC(=O)N5)c(OC)n4)c3Cl)c2Cl)cnc1CCCC1CCCC1
70	mol340	-12.55	COc1nc(-c2cccc(-c3cccc(-c4cnc(CNC[C@@H]5CCC(=O)N5)c(OC)n4)c3Cl)c2Cl)cnc1CCCCCC1CCCC1
70	mol244	-12.54	COc1nc(-c2cccc(-c3cccc(-c4cnc(CNCC[C@H]5CCCO5)c(OC)c4Cl)c3Cl)c2Cl)cnc1CC1CCCC1
70	mol252	-12.64	COc1nc(-c2cccc(-c3cccc(-c4cnc(CNC[C@@H]5CCC(=O)N5)c(OC)n4)c3Cl)c2Cl)cnc1CNCC[C@H]1CCCO1
70	mol300	-12.83	CCOc1nc(-c2cccc(-c3cccc(-c4cnc(CNC[C@H]5CCC(=O)N5)c(OC)n4)c3Cl)c2Cl)cnc1CNCC[C@@H]1CCCO1
70	mol197	-12.94	COc1nc(-c2cccc(-c3cccc(-c4cnc(CNC[C@H]5CCC(=O)N5)c(OC)n4)c3Cl)c2Cl)cnc1CCC1CCCC1
70	mol5	-13.68	COc1nc(-c2cccc(-c3cccc(-c4cnc(CC5CCCC5)c(OC)n4)c3Cl)c2Cl)cnc1CNC[C@H]1CCC(=O)N1
70	mol49	-12.59	COc1nc(-c2cccc(-c3cccc(-c4cnc(CNC[C@@H]5CCC(=O)N5)c(OC)n4)c3Cl)c2Cl)cnc1CNCC[C@H]1CCCO1
70	mol196	-13.76	COc1nc(-c2cccc(-c3cccc(-c4cnc(C[C@@H]5CCCO5)c(OC)n4)c3Cl)c2Cl)cnc1CNC[C@@H]1CCC(=O)N1
70	mol449	-13.37	COc1nc(-c2cccc(-c3cccc(-c4cnc(CNC[C@@H]5CCC(=O)N5)c(OC)n4)c3Cl)c2Cl)cnc1CCCC1CCCC1
70	mol283	-13.4	COc1nc(-c2cccc(-c3cccc(-c4cnc(CNC[C@@H]5CCC(=O)N5)c(OC)n4)c3Cl)c2Cl)cnc1CCCC1CCCC1
70	mol188	-13.42	COc1nc(-c2cccc(-c3cccc(-c4cncc(CNC[C@H]5CCC(=O)N5)c4Cl)c3Cl)c2Cl)cnc1CC[C@@H]1CCCO1
70	mol350	-13.72	COc1nc(-c2cccc(-c3cccc(-c4cnc(CC5CCCC5)c(OC)n4)c3Cl)c2Cl)cnc1CNC[C@H]1CCC(=O)N1
70	mol304	-13.49	COc1nc(-c2cccc(-c3cccc(-c4cnc(CNC[C@H]5CCC(=O)N5)c(OC)n4)c3Cl)c2Cl)cnc1CC[C@H]1CCCO1
70	mol70	-13.86	COc1ncc(-c2cccc(-c3cccc(-c4cccc(CNC[C@@H]5CCC(=O)N5)c4Cl)c3Cl)c2Cl)cn1
70	mol421	-12.11	COc1nc(-c2cccc(-c3cccc(OCCCCCCCc4ccnc(OC[C@H]5CCC(=O)N5)c4Cl)c3Cl)c2Cl)cnc1CC1CCCC1
70	mol102	-13.01	COc1nc(-c2cccc(-c3cccc(-c4cnc(C5CCC5)c(OC)n4)c3Cl)c2Cl)cnc1CNC[C@@H]1CCC(=O)N1
70	mol297	-13.17	COc1nncc(-c2cccc(-c3cccc(-c4cnc(CNC[C@@H]5CCC(=O)N5)c(OC)n4)c3Cl)c2Cl)n1
70	mol419	-13.54	COc1nc(-c2cccc(-c3cccc(-c4cnc(CNC[C@H]5CCC(=O)N5)c(OC)n4)c3Cl)c2Cl)cnc1CC[C@H]1CCCO1
70	mol22	-13.34	COc1nc(-c2cccc(-c3cccc(-c4cnc(C[C@H]5CCC[C@H](OC)C5)c(OC)n4)c3Cl)c2Cl)cnc1CNC[C@H]1CCC(=O)N1
70	mol194	-13.18	COc1nc(-c2cccc(-c3cccc(-c4cnc(CNC[C@@H]5CCC(=O)N5)c(OC)n4)c3Cl)c2Cl)cnc1CC[C@@H]1CCCCO1
70	mol438	-13.17	COc1nc(-c2cccc(-c3cccc(-c4cnc([C@@H]5CCCO5)c(OC)n4)c3Cl)c2Cl)cnc1CNC[C@H]1CCC(=O)N1
70	mol146	-12.04	COc1nc(-c2cccc(-c3cccc(-c4cnc(CNC[C@@H]5CCC(=O)N5)c(OC)n4)c3Cl)n2)cnc1CC[C@@H]1CCCO1
70	mol412	-12.53	COc1nc(-c2cccc(-c3cccc(-c4cnc(CNC[C@@H]5CCC(=O)N5)c(OC)n4)c3Cl)c2Cl)cnc1CNCC[C@H]1CCCO1
70	mol393	-13.17	COc1nncc(-c2cccc(-c3cccc(-c4cnc(CNC[C@@H]5CCC(=O)N5)c(OC)n4)c3Cl)c2Cl)n1
70	mol396	-12.94	COc1nc(-c2cccc(-c3cccc(-c4cnc(CNC[C@H]5CCC(=O)N5)c(OC)n4)c3Cl)c2Cl)cnc1CCC1CCCC1
70	mol19	-13.14	COc1nncc(-c2cccc(-c3cccc(-c4cnc(CNC[C@@H]5CCC(=O)N5)c(OC)n4)c3Cl)c2Cl)n1
70	mol318	-13.26	COc1nc(-c2cccc(-c3cccc(-c4cnc(C[C@H]5CC[C@@H](OC)CC5)c(OC)n4)c3Cl)c2Cl)cnc1CNC[C@@H]1CCC(=O)N1
70	mol185	-13.79	COc1nc(-c2cccc(-c3cccc(-c4cnc(C[C@@H]5CCCO5)c(OC)n4)c3Cl)c2Cl)cnc1CNC[C@@H]1CCC(=O)N1
70	mol28	-13.13	COc1nncc(-c2cccc(-c3cccc(-c4cnc(CNC[C@@H]5CCC(=O)N5)c(OC)n4)c3Cl)c2Cl)n1
70	mol357	-13.57	COc1nc(-c2cccc(-c3cccc(-c4cnc(Cc5cncn5CC[C@H]5CC[C@@H](O)CC5)c(OC)n4)c3Cl)c2Cl)cnc1CNC[C@H]1CCC(=O)N1
70	mol288	-13.29	COc1ncc(-c2cccc(-c3cccc(-c4cnc(CNC[C@@H]5CCC(=O)N5)c(OC)n4)c3Cl)c2Cl)cn1
70	mol250	-13.81	COc1nc(-c2cccc(-c3cccc(-c4cnc(C[C@@H]5CCCO5)c(OC)n4)c3Cl)c2Cl)cnc1CNC[C@@H]1CCC(=O)N1
70	mol253	-12.52	COc1nc(-c2cccc(-c3cccc(-c4cnc(CNC[C@@H]5CCC(=O)N5)c(OC)n4)c3Cl)c2Cl)cnc1CCCCCC1CCCC1
70	mol344	-13.17	COc1nncc(-c2cccc(-c3cccc(-c4cnc(CNC[C@@H]5CCC(=O)N5)c(OC)n4)c3Cl)c2Cl)n1
70	mol65	-13.54	COc1nc(-c2cccc(-c3cccc(-c4cnc(CNC[C@H]5CCC(=O)N5)c(OC)n4)c3Cl)c2Cl)cnc1CC[C@H]1CCCO1
70	mol18	-12.92	COc1nc(-c2cccc(-c3cccc(-c4cnc(CNC[C@H]5CCC(=O)N5)c(OC)n4)c3Cl)c2Cl)cnc1CCC1CCCC1
70	mol195	-13.81	COc1nc(-c2cccc(-c3cccc(-c4cnc(C[C@@H]5CCCO5)c(OC)n4)c3Cl)c2Cl)cnc1CNC[C@@H]1CCC(=O)N1
70	mol115	-13.54	COc1nc(-c2cccc(-c3cccc(-c4cnc(CNC[C@H]5CCC(=O)N5)c(OC)n4)c3Cl)c2Cl)cnc1CC[C@H]1CCCO1
70	mol91	-12.71	COc1nc(-c2cccc(-c3cccc(-c4cnc(CNC[C@@H]5CCC(=O)N5)c(OC)n4)c3Cl)c2Cl)cnc1CCNCC[C@@H]1CCCO1
70	mol204	-12.97	COc1nc(-c2cccc(-c3cccc(-c4cnc(CNC[C@H]5CCC(=O)N5)c(OC)n4)c3Cl)c2Cl)cnc1CCC1CCCC1
70	mol360	-12.57	CNc1nc(CNCCCc2cccc(-c3cccc(-c4cccc(CNC[C@H]5CCC(=O)N5)c4Cl)c3Cl)c2Cl)cn1CC[C@@H]1CCCO1
70	mol13	-13.45	COc1nc(-c2cccc(-c3cccc(-c4cnc(CNC[C@@H]5CCC(=O)N5)c(OC)n4)c3Cl)c2Cl)cnc1CCCC1CCCC1
70	mol249	-13.79	COc1nc(-c2cccc(-c3cccc(-c4cnc(C[C@@H]5CCCO5)c(OC)n4)c3Cl)c2Cl)cnc1CNC[C@@H]1CCC(=O)N1
70	mol404	-13.11	COc1nc(-c2cccc(-c3cccc(-c4cnc(C(C)C)c(OC[C@@H]5CCC(=O)N5)c4Cl)c3Cl)c2Cl)cnc1CC[C@@H]1CCCO1
70	mol274	-13.57	COc1nc(-c2cccc(-c3cccc(-c4cnc(CNC[C@H]5CCC(=O)N5)c(OC)n4)c3Cl)c2Cl)cnc1CC[C@H]1CCCO1
70	mol426	-12.93	COc1nc(-c2cccc(-c3cccc(-c4cnc(CNC[C@H]5CCC(=O)N5)c(OC)n4)c3Cl)c2Cl)cnc1CCC1CCCC1
70	mol450	-13.78	COc1nc(-c2cccc(-c3cccc(-c4cnc(C[C@@H]5CCCO5)c(OC)n4)c3Cl)c2Cl)cnc1CNC[C@@H]1CCC(=O)N1
70	mol434	-13.83	COc1nc(-c2cccc(-c3cccc(-c4cnc(C[C@@H]5CCCO5)c(OC)n4)c3Cl)c2Cl)cnc1CNC[C@@H]1CCC(=O)N1
70	mol96	-13.82	COc1nc(-c2cccc(-c3cccc(-c4cnc(C[C@@H]5CCCO5)c(OC)n4)c3Cl)c2Cl)cnc1CNC[C@@H]1CCC(=O)N1
70	mol452	-13.13	COc1nncc(-c2cccc(-c3cccc(-c4cnc(CNC[C@@H]5CCC(=O)N5)c(OC)n4)c3Cl)c2Cl)n1
70	mol482	-13.31	COc1ncc(-c2cccc(-c3cccc(-c4cnc(CNC[C@@H]5CCC(=O)N5)c(OC)n4)c3Cl)c2Cl)cn1
70	mol268	-13.18	COc1nc(-c2cccc(-c3cccc(-c4cnc(CNC[C@H]5CCC(=O)N5)c(OC)n4)c3Cl)c2Cl)cnc1CNCCC1CCC1
70	mol8	-13.51	COc1nc(-c2cccc(-c3cccc(-c4cnc(CNC[C@H]5CCC(=O)N5)c(OC)n4)c3Cl)c2Cl)cnc1CC[C@H]1CCCO1
70	mol323	-13.7	COc1nc(-c2cccc(-c3cccc(-c4cnc(CC5CCCC5)c(OC)n4)c3Cl)c2Cl)cnc1CNC[C@H]1CCC(=O)N1
70	mol260	-12.42	COc1nc(-c2cccc(-c3cccc(-c4cnc([C@H]5CC[C@H](Oc6ncccn6)CC5)c(OC)n4)c3Cl)c2Cl)cnc1CNC[C@H]1CCC(=O)N1
70	mol278	-14.17	Oc1cccc(-c2cccc(-c3cccc(-c4ccnc(O)n4)c3Cl)c2Cl)c1
70	mol310	-13.59	COc1nc(-c2cccc(-c3cccc(-c4cccc(CNC[C@@H]5CCC(=O)N5)c4Cl)c3Cl)c2Cl)cnc1CC[C@@H]1CCCO1
70	mol410	-13.12	COc1nc(-c2cccc(-c3cccc(-c4cnc(C5CCC5)c(OC)n4)c3Cl)c2Cl)cnc1CNC[C@@H]1CCC(=O)N1
70	mol490	-13.03	COc1nc(-c2cccc(-c3cccc(-c4cn(CC[C@@H]5CCCO5)c(OC)n4)c3Cl)c2Cl)cnc1CNC[C@H]1CCC(=O)N1
70	mol458	-13.65	COc1nc(-c2cccc(-c3cccc(-c4cnc(CC5CCCC5)c(OC)n4)c3Cl)c2Cl)cnc1CNC[C@H]1CCC(=O)N1
70	mol37	-12.84	COc1nc(-c2cccc(-c3cccc(-c4cnc(CNC[C@@H]5CCC(=O)N5)c(OC)n4)c3Cl)c2Cl)cnc1CCCCC1CCCCC1
70	mol157	-13.13	COc1nncc(-c2cccc(-c3cccc(-c4cnc(CNC[C@@H]5CCC(=O)N5)c(OC)n4)c3Cl)c2Cl)n1
70	mol266	-12.61	COc1nc(-c2cccc(-c3cccc(-c4cnc(CNC[C@@H]5CCC(=O)N5)c(OC)n4)c3Cl)c2Cl)cnc1CNCC[C@H]1CCCO1
70	mol339	-13.41	COc1nc(-c2cccc(-c3cccc(-c4cnc(CNC[C@H]5CCC(=O)N5)c(OC)n4)c3Cl)c2Cl)cnc1CC[C@H]1CCCO1
70	mol285	-13.11	COc1nc(-c2cccc(-c3cccc(-c4cnc(CNC[C@H]5CCC(=O)N5)c(OC)n4)c3Cl)c2Cl)cnc1CCC[C@@H]1CCCO1
70	mol152	-13.5	COc1nc(-c2cccc(-c3cccc(-c4cnc(CNC[C@H]5CCC(=O)N5)c(OC)n4)c3Cl)c2Cl)cnc1CC[C@H]1CCCO1
70	mol429	-13.29	COc1nc(-c2cccc(-c3cccc(-c4cnc(CNC[C@H]5CCC(=O)N5)c(OC)n4)c3Cl)c2Cl)cnc1CCCCC1CCCC1
70	mol307	-12.91	COc1nc(-c2cccc(-c3cccc(-c4cnc(CNC[C@@H]5CCC(=O)N5)c(OC)n4)c3Cl)c2Cl)cnc1CCCn1cncn1
70	mol416	-13.72	COc1nc(-c2cccc(-c3cccc(-c4cnc(CNC[C@@H]5CCC(=O)N5)c(OC)n4)c3Cl)c2Cl)cnc1CCC1CCCCC1
70	mol373	-13.43	COc1nc(-c2cccc(-c3cccc(-c4cnc(CNC[C@H]5CCC(=O)N5)c(OC)n4)c3Cl)c2Cl)cnc1CC[C@H]1CCCO1
70	mol282	-13.84	COc1nc(-c2cccc(-c3cccc(-c4cnc(C[C@@H]5CCCO5)c(OC)n4)c3Cl)c2Cl)cnc1CNC[C@@H]1CCC(=O)N1
70	mol326	-13.96	COc1nc(-c2cccc(-c3cccc(-c4cncc(CNC[C@H]5CCC(=O)N5)c4Cl)c3Cl)c2Cl)cnc1C1CCC1
70	mol433	-13.45	COc1nc(-c2cccc(-c3cccc(-c4cnc(CNC[C@H]5CCC(=O)N5)c(OC)n4)c3Cl)c2Cl)cnc1CC[C@H]1CCCO1
70	mol317	-13.82	COc1nc(-c2cccc(-c3cccc(-c4cnc(C[C@@H]5CCCO5)c(OC)n4)c3Cl)c2Cl)cnc1CNC[C@@H]1CCC(=O)N1
70	mol415	-13.99	O=C(O)COc1c(CNC[C@H]2CCC(=O)N2)ncc(-c2cccc(-c3cccc(-c4cnc(C[C@H]5CCCO5)cn4)c3Cl)c2Cl)c1Cl
70	mol215	-13.46	COc1nc(-c2cccc(-c3cccc(-c4cnc(CNC[C@H]5CCC(=O)N5)c(OC)n4)c3Cl)c2Cl)cnc1CC[C@H]1CCCO1
70	mol398	-12.99	COc1nc(-c2cccc(-c3cccc(-c4cnc(CNC[C@H]5CCC(=O)N5)c(OC)n4)c3Cl)c2Cl)cnc1CCC1CCCC1
70	mol63	-13.71	COc1nc(-c2cccc(-c3cccc(-c4cnc(CC5CCCC5)c(OC)n4)c3Cl)c2Cl)cnc1CNC[C@H]1CCC(=O)N1
70	mol26	-12.69	COc1nc(-c2cccc(-c3cccc(-c4cnc(CNC[C@@H]5CCC(=O)N5)c(OC)n4)c3Cl)c2Cl)cnc1CCNCC[C@@H]1CCCO1
70	mol34	-13.83	COc1nc(-c2cccc(-c3cccc(-c4cnc(C[C@@H]5CCCO5)c(OC)n4)c3Cl)c2Cl)cnc1CNC[C@@H]1CCC(=O)N1
70	mol291	-12.63	COc1nc(-c2cccc(-c3cccc(-c4cnc(CNC[C@H]5CCC(=O)N5)c(OC)n4)c3Cl)c2Cl)cnc1CCCNCC[C@H]1CCCO1
70	mol475	-13.52	COc1nc(-c2cccc(-c3cccc(-c4cnc(CNC[C@H]5CCC(=O)N5)c(OC)n4)c3Cl)c2Cl)cnc1CC[C@H]1CCCO1
70	mol493	-13.54	COc1nc(-c2cccc(-c3cccc(-c4cnc(CNC[C@H]5CCC(=O)N5)c(OC)n4)c3Cl)c2Cl)cnc1CC[C@H]1CCCO1
70	mol217	-12.8	COCCOc1nc(-c2cccc(-c3cccc(-c4cnc(CNC[C@H]5CCC(=O)N5)c(O)c4)c3Cl)c2Cl)cnc1CCC[C@H]1CCCO1
70	mol213	-13.3	COc1nc(-c2cccc(-c3cccc(-c4cnc(C[C@H]5CC[C@@H](OC)CC5)c(OC)n4)c3Cl)c2Cl)cnc1CNC[C@@H]1CCC(=O)N1
70	mol330	-13.66	COc1nc(-c2cccc(-c3cccc(-c4cccc(CNC[C@@H]5CCC(=O)N5)c4Cl)c3Cl)c2Cl)cnc1CC[C@@H]1CCCO1
70	mol448	-13.15	COc1nncc(-c2cccc(-c3cccc(-c4cnc(CNC[C@@H]5CCC(=O)N5)c(OC)n4)c3Cl)c2Cl)n1
70	mol418	-13.46	COc1nc(-c2cccc(-c3cccc(-c4cnc(CNC[C@H]5CCC(=O)N5)c(OC)n4)c3Cl)c2Cl)cnc1CC[C@H]1CCCO1
70	mol40	-13.12	COc1nc(-c2cccc(-c3cccc(-c4cccc(CNC[C@@H]5CCC(=O)N5)c4Cl)c3Cl)c2Cl)cnc1CNCCC1CCCC1
70	mol223	-13.58	COc1nc(-c2cccc(-c3cccc(-c4cnc(CNC[C@H]5CCC(=O)N5)c(OC)n4)c3Cl)c2Cl)cnc1CC[C@H]1CCCO1
70	mol287	-13.78	COc1nc(-c2cccc(-c3cccc(-c4cnc(C[C@@H]5CCCO5)c(OC)n4)c3Cl)c2Cl)cnc1CNC[C@@H]1CCC(=O)N1
70	mol341	-13.24	CCOc1nc(-c2cccc(-c3cccc(-c4cnc(CNC[C@@H]5CCC(=O)N5)c(OC)n4)c3Cl)c2Cl)cnc1CC[C@H]1CCCO1
70	mol101	-13.19	COc1nncc(-c2cccc(-c3cccc(-c4cnc(CNC[C@@H]5CCC(=O)N5)c(OC)n4)c3Cl)c2Cl)n1
70	mol36	-12.51	CCOc1nc(-c2cccc(-c3cccc(-c4cnc(CNC[C@H]5CCC(=O)N5)c(OC)n4)c3Cl)c2Cl)cnc1CNCC[C@@H]1CCCO1
70	mol491	-13.08	COc1nc(-c2cccc(-c3cccc(-c4cnc(CNC[C@H]5CCC(=O)N5)c(OC)n4)c3Cl)c2Cl)cnc1CCC[C@@H]1CCCO1
70	mol144	-13.17	COc1nc(-c2cccc(-c3cccc(-c4cccc(CNC[C@@H]5CCC(=O)N5)c4Cl)c3Cl)c2Cl)cnc1CNCC[C@@H]1CCCO1
70	mol308	-12.94	COc1nc(-c2cccc(-c3cccc(-c4cnc(CNC[C@H]5CCC(=O)N5)c(OC)n4)c3Cl)c2Cl)cnc1CCC1CCCC1
70	mol480	-13.15	COc1nc(-c2cccc(-c3cccc(-c4cnc([C@@H]5CCCO5)c(OC)n4)c3Cl)c2Cl)cnc1CNC[C@H]1CCC(=O)N1
70	mol332	-13.14	COc1nc(-c2cccc(-c3cccc(-c4cnc(CNC[C@H]5CCCO5)c(OC)n4)c3Cl)c2Cl)cnc1CC[C@@H]1CCCO1
70	mol56	-13.08	COc1nncc(-c2cccc(-c3cccc(-c4cnc(CNC[C@@H]5CCC(=O)N5)c(OC)n4)c3Cl)c2Cl)n1
70	mol275	-13.37	COc1nc(-c2cccc(-c3cccc(-c4cnc(CC5CCC5)c(OC)n4)c3Cl)c2Cl)cnc1CNC[C@@H]1CCC(=O)N1
70	mol80	-12.71	COc1nc(-c2cccc(-c3cccc(-c4cnc(CNC[C@@H]5CCC(=O)N5)c(OC)n4)c3Cl)c2Cl)cnc1CCNCC[C@@H]1CCCO1
70	mol167	-13.44	COc1nc(-c2cccc(-c3cccc(-c4cnc(CNC[C@H]5CCC(=O)N5)c(OC)n4)c3Cl)c2Cl)cnc1CC[C@H]1CCCO1
70	mol54	-13.52	COc1nc(-c2cccc(-c3cccc(-c4cnc(CNC[C@H]5CCC(=O)N5)c(OC)n4)c3Cl)c2Cl)cnc1CC[C@H]1CCCO1
70	mol118	-12.15	CCOCCCc1ncc(-c2cccc(-c3cccc(-c4cnc(CNC[C@@H]5CCC(=O)N5)c(OC)n4)c3Cl)c2Cl)nc1OC
70	mol333	-15.2	CCOc1nc(-c2cccc(-c3cccc(-c4cnn(C[C@@H]5CCC(=O)N5)c4Cl)c3Cl)c2Cl)cnc1CCCc1nnc(-c2cccc(-c3cccc(O)c3Cl)c2Cl)o1
70	mol247	-13.46	COc1nc(-c2cccc(-c3cccc(-c4cnc(CNC[C@@H]5CCC(=O)N5)c(OC)n4)c3Cl)c2Cl)cnc1CNCC1CCOCC1
70	mol200	-13.51	COc1nc(-c2cccc(-c3cccc(-c4cccc(OC[C@H]5CCC(=O)N5)c4Cl)c3Cl)c2Cl)cnc1CCC[C@H]1CCCO1
70	mol138	-13.33	COc1nc(-c2cccc(-c3cccc(-c4cncc(CNC[C@H]5CCC(=O)N5)c4Cl)c3Cl)c2Cl)cnc1CC[C@@H]1CCCO1
70	mol72	-13.52	COc1nc(-c2cccc(-c3cccc(-c4cnc(CNC[C@H]5CCC(=O)N5)c(OC)n4)c3Cl)c2Cl)cnc1CC[C@H]1CCCO1
70	mol1	-13.79	COc1nc(-c2cccc(-c3cccc(-c4cnc(C[C@@H]5CCCO5)c(OC)n4)c3Cl)c2Cl)cnc1CNC[C@@H]1CCC(=O)N1
70	mol245	-13.51	COc1nc(-c2cccc(-c3cccc(-c4cnc(CNC[C@H]5CCC(=O)N5)c(OC)n4)c3Cl)c2Cl)cnc1CC[C@H]1CCCO1
70	mol488	-12.51	COc1nc(-c2cccc(-c3cccc(-c4cnc(CNC[C@@H]5CCC(=O)N5)c(OC)n4)c3Cl)c2Cl)cnc1CNCC[C@H]1CCCO1
70	mol334	-13.02	COc1nc(-c2cccc(-c3cccc(-c4cnc(CNC[C@@H]5CCC(=O)N5)c(OC)n4)c3Cl)c2Cl)cnc1CCCn1cncn1
70	mol286	-13.78	COc1nc(-c2cccc(-c3cccc(-c4cnc(C[C@@H]5CCCO5)c(OC)n4)c3Cl)c2Cl)cnc1CNC[C@@H]1CCC(=O)N1
70	mol329	-13.15	COc1nc(-c2cccc(-c3cccc(-c4cnc([C@@H]5CCCO5)c(OC)n4)c3Cl)c2Cl)cnc1CNC[C@H]1CCC(=O)N1
70	mol271	-13.33	Cn1ncc(-c2cccc(-c3cccc(-c4cccnc4Cl)c3Cl)c2Cl)n1
70	mol469	-13.28	COc1nc(-c2cccc(-c3cccc(-c4cnc(NC[C@@H]5CCC(=O)N5)c(OC)n4)c3Cl)c2Cl)cnc1CC[C@H]1CCCCO1
70	mol32	-13.19	COc1nc(-c2cccc(-c3cccc(-c4cnc(CN[C@@H]5CCC(=O)N5)c(OC)n4)c3Cl)c2Cl)cnc1CCC1CCCC1
70	mol218	-13.69	COc1nc(-c2cccc(-c3cccc(-c4cnc(CC5CCCC5)c(OC)n4)c3Cl)c2Cl)cnc1CNC[C@H]1CCC(=O)N1
70	mol370	-12.25	COc1nc(-c2cccc(-c3ccccc3Cl)c2Cl)cnc1CC[C@H]1CC[C@@H](OC)CC1
70	mol303	-13.1	COc1nncc(-c2cccc(-c3cccc(-c4cnc(CNC[C@@H]5CCC(=O)N5)c(OC)n4)c3Cl)c2Cl)n1
70	mol177	-13.09	COc1nc(-c2cccc(-c3cccc(-c4cnc(C5CCC5)c(OC)n4)c3Cl)c2Cl)cnc1CNC[C@@H]1CCC(=O)N1
70	mol499	-13.45	COc1nc(-c2cccc(-c3cccc(-c4cnc(CNC[C@H]5CCC(=O)N5)c(OC)n4)c3Cl)c2Cl)cnc1CC[C@H]1CCCO1
70	mol234	-12.22	COc1nc(-c2cccc(-c3cccc(-c4cnn(C)c4)n3)c2Cl)cnc1CNC[C@@H]1CCC(=O)N1
70	mol293	-14.3	COc1nc(-c2cccc(-c3cccc(-c4cccc(OC[C@@H]5CCC(=O)N5)c4Cl)c3Cl)c2Cl)cnc1CC1CCCCC1
70	mol145	-13.7	COc1nc(-c2cccc(-c3cccc(-c4cnc(CC5CCCC5)c(OC)n4)c3Cl)c2Cl)cnc1CNC[C@H]1CCC(=O)N1
70	mol105	-12.59	COc1nc(-c2cccc(-c3cccc(-c4cnc(CNC[C@@H]5CCC(=O)N5)c(OC)n4)c3Cl)c2Cl)cnc1CNCC[C@H]1CCCO1
70	mol232	-13.19	COc1nc(-c2cccc(-c3cccc(-c4cnc(C[C@H]5CC[C@@H](OC)CC5)c(OC)n4)c3Cl)c2Cl)cnc1CNC[C@@H]1CCC(=O)N1
70	mol166	-13.17	COc1nc(-c2cccc(-c3cccc(-c4cnc([C@@H]5CCCO5)c(OC)n4)c3Cl)c2Cl)cnc1CNC[C@H]1CCC(=O)N1
70	mol435	-13.03	COc1nc(-c2cccc(-c3cccc(-c4cnc(C[C@H]5CCCCO5)c(OC)n4)c3Cl)c2Cl)cnc1CNC[C@H]1CCC(=O)N1
70	mol495	-13.45	COc1nc(-c2cccc(-c3cccc(-c4cnc(CNC[C@H]5CCC(=O)N5)c(OC)n4)c3Cl)c2Cl)cnc1CC[C@H]1CCCO1
70	mol353	-12.57	COc1nc(-c2cccc(-c3cccc(-c4cnc(CNC[C@@H]5CCC(=O)N5)c(OC)n4)c3Cl)c2Cl)cnc1CNCC[C@H]1CCCO1
70	mol57	-12.91	COc1nc(-c2cccc(-c3cccc(-c4cnc(CNC[C@H]5CCC(=O)N5)c(OC)n4)c3Cl)c2Cl)cnc1CCC1CCCC1
70	mol366	-13.8	COc1nc(-c2cccc(-c3cccc(-c4cnc(C[C@@H]5CCCO5)c(OC)n4)c3Cl)c2Cl)cnc1CNC[C@@H]1CCC(=O)N1
70	mol403	-12.25	COc1nc(-c2cccc(-c3cnc(CC[C@@H]4CCCO4)c(OC)n3)c2Cl)ccc1-c1cnc(CNC[C@@H]2CCC(=O)N2)c(OC)n1
70	mol140	-12.03	COc1nc(-c2nc(-c3cccc(-c4cccc(CNC[C@@H]5CCC(=O)N5)c4Cl)c3Cl)cnc2N)cnc1CNCC[C@@H]1CCCO1
70	mol162	-13.81	COc1nc(-c2cccc(-c3cccc(-c4cnc(C[C@@H]5CCCO5)c(OC)n4)c3Cl)c2Cl)cnc1CNC[C@@H]1CCC(=O)N1
70	mol239	-12.67	COc1nc(-c2cccc(-c3cccc(-c4cnn(C)c4)c3Cl)c2Cl)cnc1CNCC[C@@H]1CCCO1
70	mol402	-13.21	COc1nc(-c2cccc(-c3cccc(-c4cccc(CN5CCC(=O)N5)c4Cl)c3Cl)c2Cl)cnc1CCCNCC[C@@H]1CCCO1
70	mol489	-13.55	COc1nc(-c2cccc(-c3cccc(-c4cnc(CC5CCCCC5)c(OC)n4)c3Cl)c2Cl)cnc1CNC[C@H]1CCC(=O)N1
70	mol95	-12.82	COc1nc(-c2cccc(-c3cccc(-c4cnc(CNC[C@@H]5CCC(=O)N5)c(OC)n4)c3Cl)c2Cl)cnc1CCNCC[C@@H]1CCCO1
70	mol381	-13.45	COc1nc(-c2cccc(-c3cccc(-c4cnc(CNC[C@H]5CCC(=O)N5)c(OC)n4)c3Cl)c2Cl)cnc1CC[C@H]1CCCO1
70	mol164	-13.15	COc1nncc(-c2cccc(-c3cccc(-c4cnc(CNC[C@@H]5CCC(=O)N5)c(OC)n4)c3Cl)c2Cl)n1
70	mol457	-12.65	COc1nc(-c2cccc(-c3cccc(-c4cnc(CNC[C@@H]5CCC(=O)N5)c(OC)n4)c3Cl)c2Cl)cnc1CNCC[C@H]1CCCO1
70	mol355	-13.54	COc1nc(-c2cccc(-c3cccc(-c4cnc(CNC[C@H]5CCC(=O)N5)c(OC)n4)c3Cl)c2Cl)cnc1CC[C@H]1CCCO1
70	mol180	-13.57	COc1nc(-c2cccc(-c3cccc(-c4cccc(CNC[C@@H]5CCC(=O)N5)c4Cl)c3Cl)c2Cl)cnc1CC[C@@H]1CCCO1
70	mol171	-13.69	COc1nc(-c2cccc(-c3cccc(-c4cnc(CC5CCCC5)c(OC)n4)c3Cl)c2Cl)cnc1CNC[C@H]1CCC(=O)N1
70	mol190	-13.57	O=C1CC[C@H](CNCc2ncc(-c3cccc(-c4cccc(-c5cnc(C[C@@H]6CCCO6)cn5)c4Cl)c3Cl)c(Cl)c2OCC2CC2)N1
70	mol361	-13.52	COc1nc(-c2cccc(-c3cccc(-c4cnc(CNC[C@H]5CCC(=O)N5)c(OC)n4)c3Cl)c2Cl)cnc1CC[C@H]1CCCO1
70	mol322	-13.49	COc1nc(-c2cccc(-c3cccc(-c4cnc(CNC[C@H]5CCC(=O)N5)c(OC)n4)c3Cl)c2Cl)cnc1CC[C@H]1CCCO1
70	mol259	-13.51	COc1nc(-c2cccc(-c3cccc(-c4cnc(CNC[C@H]5CCC(=O)N5)c(OC)n4)c3Cl)c2Cl)cnc1CC[C@H]1CCCO1
70	mol129	-12.73	CCOc1nc(-c2cccc(-c3cccc(-c4cnc(CNC[C@@H]5CCC(=O)N5)c(OC)n4)c3Cl)c2Cl)cnc1CCCCC1CCCC1
70	mol44	-12.92	COc1nc(-c2cccc(-c3cccc(-c4cnc(CNC[C@H]5CCC(=O)N5)c(OC)n4)c3Cl)c2Cl)cnc1CNCCC1CCCC1
70	mol372	-13.62	COc1nc(-c2cccc(-c3cccc(-c4cccc(OC[C@H]5CCC(=O)N5)c4Cl)c3Cl)c2Cl)cnc1CNCC[C@H]1CCCO1
70	mol314	-12.54	COc1nc(-c2cccc(-c3cccc(-c4cnc(CNC[C@@H]5CCC(=O)N5)c(OC)n4)c3Cl)c2Cl)cnc1CNCC[C@H]1CCCO1
70	mol453	-14.1	COc1nc(-c2cccc(-c3cccc(-c4cccc(CNC[C@H]5CCC(=O)N5)c4Cl)c3Cl)c2Cl)cnc1CC1CCCC1
70	mol440	-12.48	COc1nc(-c2cccc(-c3cccc(-c4cnc(CNC[C@@H]5CCC(=O)N5)c(OC)n4)c3Cl)c2Cl)cnc1CNCC[C@H]1CCCO1
70	mol89	-13.5	COc1nc(-c2cccc(-c3cccc(-c4cnc(CNC[C@H]5CCC(=O)N5)c(OC)n4)c3Cl)c2Cl)cnc1CC[C@H]1CCCO1
70	mol316	-13.53	COc1nc(-c2cccc(-c3cccc(-c4cnc(CNC[C@H]5CCC(=O)N5)c(OC)n4)c3Cl)c2Cl)cnc1CC[C@H]1CCCO1
70	mol77	-13.8	COc1nc(-c2cccc(-c3cccc(-c4cnc(C[C@@H]5CCCO5)c(OC)n4)c3Cl)c2Cl)cnc1CNC[C@@H]1CCC(=O)N1
70	mol494	-13.13	COc1nncc(-c2cccc(-c3cccc(-c4cnc(CNC[C@@H]5CCC(=O)N5)c(OC)n4)c3Cl)c2Cl)n1
70	mol229	-12.45	COc1nc(-c2cccc(-c3cccc(-c4cnc(CNC[C@@H]5CCC(=O)N5)cn4)c3Cl)c2Cl)cnc1CCCCCC1CCCC1
70	mol292	-12.47	COc1nc(-c2cccc(-c3cccc(-c4ccccn4)c3Cl)c2Cl)cnc1CCNCC[C@H]1CCCO1
70	mol362	-13.66	COc1nc(-c2cccc(-c3cccc(-c4cnc(CC5CCCCC5)c(OC)n4)c3Cl)c2Cl)cnc1CNC[C@H]1CCC(=O)N1
70	mol220	-13.53	COc1nc(-c2cccc(-c3cccc(-c4cnc(CNC[C@H]5CCC(=O)N5)cn4)c3Cl)c2Cl)cnc1C[C@H]1CCCO1
70	mol38	-12.74	COc1nc(-c2cccc(-c3cccc(-c4cnc(CNC[C@H]5CCC(=O)N5)c(O)c4)c3Cl)c2Cl)cnc1CNCCC1CCC1
70	mol359	-13.16	COc1nncc(-c2cccc(-c3cccc(-c4cnc(CNC[C@@H]5CCC(=O)N5)c(OC)n4)c3Cl)c2Cl)n1
70	mol206	-12.7	COc1nc(-c2cccc(-c3cccc(-c4cnn(C)n4)c3Cl)c2Cl)cnc1CCC1CCCC1
70	mol439	-13.71	COc1nc(-c2cccc(-c3cccc(-c4cnc(CC5CCCC5)c(OC)n4)c3Cl)c2Cl)cnc1CNC[C@H]1CCC(=O)N1
70	mol474	-12.76	COc1cc(-c2cccc(-c3cccc(-c4cnc(CCCCC5CCCC5)c(OC)n4)c3Cl)c2Cl)cnc1CNCC1CCCC1
70	mol498	-12.9	COc1nc(-c2cccc(-c3cccc(-c4cnc(CNC[C@H]5CCC(=O)N5)c(OC)n4)c3Cl)c2Cl)cnc1CCC1CCCC1
70	mol117	-12.98	COc1nc(-c2cccc(-c3cccc(-c4cnc(CNC[C@H]5CCC(=O)N5)c(OC)n4)c3Cl)c2Cl)cnc1CCC1CCCC1
70	mol174	-13.17	COc1nc(-c2cccc(-c3cccc(-c4cnc(CNC[C@H]5CCC(=O)N5)c(OC)n4)c3Cl)c2Cl)cnc1CCCCC1CCCC1
70	mol294	-12.64	COc1nc(-c2cccc(-c3cccc(-c4cnc(CNC[C@@H]5CCC(=O)N5)c(OC)n4)c3Cl)c2Cl)cnc1CNCC[C@H]1CCCO1
70	mol227	-13.09	CCOc1nc(-c2cccc(-c3cccc(-c4cnc(CNC[C@H]5CCC(=O)N5)c(OC)n4)c3Cl)c2Cl)cnc1CNCCC1CCCC1
70	mol430	-13.45	COc1nc(-c2cccc(-c3cccc(-c4cnc(CNC[C@H]5CCC(=O)N5)c(OC)n4)c3Cl)c2Cl)cnc1CC[C@H]1CCCO1
70	mol11	-14.09	COc1nc(-c2cccc(-c3cccc(-c4cccc(CNC[C@H]5CCC(=O)N5)c4Cl)c3Cl)c2Cl)cnc1CC1CCCC1
70	mol139	-13.21	COc1nc(-c2cccc(-c3cccc(-c4cnc(CNC[C@@H]5CCC(=O)N5)c(OC)n4)c3Cl)c2Cl)cnc1CC[C@H]1CC[C@H](O)CC1
70	mol110	-12.9	COc1nc(-c2cccc(-c3cccc(-c4cnc(CNC[C@H]5CCC(=O)N5)c(OC)n4)c3Cl)c2Cl)cnc1CCCNCCC1CCCC1
70	mol411	-13.6	COc1nc(-c2cccc(-c3cccc(-c4cnc(CNC[C@H]5CCC(=O)N5)c(OC)n4)c3Cl)c2Cl)cnc1CC[C@H]1CCCO1
70	mol182	-13.1	COc1nc(-c2cccc(-c3ccnc(-c4ccc(CNC[C@@H]5CCC(=O)N5)c(OC)c4Cl)c3Cl)c2Cl)cnc1CCCC1CCCC1
70	mol9	-13.68	COc1nc(-c2cccc(-c3cccc(-c4cnc(CC5CCCC5)c(OC)n4)c3Cl)c2Cl)cnc1CNC[C@H]1CCC(=O)N1
70	mol133	-13.12	COc1nncc(-c2cccc(-c3cccc(-c4cnc(CNC[C@@H]5CCC(=O)N5)c(OC)n4)c3Cl)c2Cl)n1
70	mol424	-13.35	COc1nc(-c2cccc(-c3cccc(-c4cnc(CC5CCC5)c(OC)n4)c3Cl)c2Cl)cnc1CNC[C@@H]1CCC(=O)N1
70	mol351	-13.56	COc1nc(-c2cccc(-c3cccc(-c4cnc(CNC[C@H]5CCC(=O)N5)c(OC)n4)c3Cl)c2Cl)cnc1CC[C@H]1CCCO1
70	mol208	-12.57	COc1nc(-c2cccc(-c3cccc(-c4cnc(CNC[C@@H]5CCC(=O)N5)c(OC)n4)c3Cl)c2Cl)cnc1CNCC[C@H]1CCCO1
70	mol388	-13.57	COc1nc(-c2cccc(-c3cccc(-c4cnc(CNC[C@H]5CCC(=O)N5)c(OC)n4)c3Cl)c2Cl)cnc1CC[C@H]1CCCO1
70	mol147	-13.49	COc1nc(-c2cccc(-c3cccc(-c4cnc(CNC[C@H]5CCC(=O)N5)c(OC)n4)c3Cl)c2Cl)cnc1CC[C@H]1CCCO1
70	mol90	-13.48	COc1nc(-c2cccc(-c3cccc(-c4cnc(CNC[C@H]5CCC(=O)N5)c(OC)n4)c3Cl)c2Cl)cnc1CC[C@H]1CCCO1
70	mol150	-12.62	COc1nc(-c2cccc(-c3cccc(-c4cnc(CNC[C@@H]5CCC(=O)N5)c(OC)n4)c3Cl)c2Cl)cnc1CCNCC[C@@H]1CCCO1
70	mol121	-13.44	COc1nc(-c2cccc(-c3cccc(-c4cnc(CNC[C@H]5CCC(=O)N5)c(OC)n4)c3Cl)c2Cl)cnc1CC[C@H]1CCCO1
70	mol331	-13.12	COc1nc(-c2cccc(-c3cccc(-c4cnc(CNC[C@H]5CCC(=O)N5)c(OC)n4)c3Cl)c2Cl)cnc1CCC[C@@H]1CCCO1
70	mol363	-13.5	COc1nc(-c2cccc(-c3cccc(-c4cnc(CNC[C@H]5CCC(=O)N5)c(OC)n4)c3Cl)c2Cl)cnc1CC[C@H]1CCCO1
70	mol93	-13.51	COc1nc(-c2cccc(-c3cccc(-c4cnc(CNC[C@H]5CCC(=O)N5)c(OC)n4)c3Cl)c2Cl)cnc1CC[C@H]1CCCO1
70	mol376	-13.54	COc1nc(-c2cccc(-c3cccc(-c4cnc(CNC[C@H]5CCC(=O)N5)c(OC)n4)c3Cl)c2Cl)cnc1CC[C@H]1CCCO1
70	mol263	-13.55	COc1nc(-c2cccc(-c3cccc(-c4cnc(CNC[C@H]5CCC(=O)N5)c(OC)n4)c3Cl)c2Cl)cnc1CC[C@H]1CCCO1
70	mol312	-13.54	COc1nc(-c2cccc(-c3cccc(-c4cnc(CNC[C@H]5CCC(=O)N5)c(OC)n4)c3Cl)c2Cl)cnc1CC[C@H]1CCCO1
70	mol120	-12.94	COc1nc(-c2cccc(-c3cccc(-c4cnc(CNC[C@H]5CCC(=O)N5)c(OC)n4)c3Cl)c2Cl)cnc1CCC1CCCC1
70	mol389	-13.31	COc1ncc(-c2cccc(-c3cccc(-c4cnc(CNC[C@@H]5CCC(=O)N5)c(OC)n4)c3Cl)c2Cl)cn1
70	mol83	-13.81	COc1nc(-c2cccc(-c3cccc(-c4cnc(C[C@@H]5CCCO5)c(OC)n4)c3Cl)c2Cl)cnc1CNC[C@@H]1CCC(=O)N1
70	mol184	-13.52	COc1nc(-c2cccc(-c3cccc(-c4cnc(CNC[C@H]5CCC(=O)N5)c(OC)n4)c3Cl)c2Cl)cnc1CC[C@H]1CCCO1
70	mol2	-13.65	COc1nc(-c2cccc(-c3cccc(-c4cnc(CC5CCCC5)c(OC)n4)c3Cl)c2Cl)cnc1CNC[C@H]1CCC(=O)N1
70	mol354	-13.22	COc1nc(-c2cccc(-c3cccc(-c4cnc(CNC[C@H]5CCC(=O)N5)c(OC)n4)c3Cl)c2Cl)cnc1CCCCC1CCCC1
70	mol191	-13.79	COc1nc(-c2cccc(-c3cccc(-c4cnc(C[C@@H]5CCCO5)c(OC)n4)c3Cl)c2Cl)cnc1CNC[C@@H]1CCC(=O)N1
70	mol466	-13.51	COc1nc(-c2cccc(-c3cccc(-c4cnc(CNC[C@H]5CCC(=O)N5)c(OC)n4)c3Cl)c2Cl)cnc1CC[C@H]1CCCO1
70	mol451	-13.02	COc1nc(-c2cccc(-c3cccc(-c4cncc(CNC[C@H]5CCC(=O)N5)c4Cl)c3Cl)c2Cl)cnc1CNCC[C@@H]1CCCO1
70	mol395	-13.72	COc1nc(-c2cccc(-c3cccc(-c4cnc(CC5CCCC5)c(OC)n4)c3Cl)c2Cl)cnc1CNC[C@H]1CCC(=O)N1
70	mol262	-13.55	COc1nc(-c2cccc(-c3cccc(-c4cnc(CNC[C@H]5CCC(=O)N5)c(OC)n4)c3Cl)c2Cl)cnc1CC[C@H]1CCCO1
70	mol257	-13.0	COc1nc(-c2cccc(-c3cccc(-c4cncc(CNC[C@H]5CCC(=O)N5)c4Cl)c3Cl)c2Cl)cnc1CNCC[C@@H]1CCCO1
70	mol420	-13.71	COc1nc(-c2cccc(-c3cccc(-c4cnc(CC5CCCC5)c(OC)n4)c3Cl)c2Cl)cnc1CNC[C@H]1CCC(=O)N1
70	mol485	-13.15	COc1nc(-c2cccc(-c3cccc(-c4cnc(C[C@H]5CCCCO5)c(OC)n4)c3Cl)c2Cl)cnc1CNC[C@H]1CCC(=O)N1
70	mol142	-12.97	COc1nc(-c2cccc(-c3cccc(-c4cccc(CNCC5CC5)c4)c3Cl)c2Cl)cnc1CNCC[C@@H]1CCCO1
70	mol66	-13.17	COc1nncc(-c2cccc(-c3cccc(-c4cnc(CNC[C@@H]5CCC(=O)N5)c(OC)n4)c3Cl)c2Cl)n1
70	mol4	-13.49	COc1nc(-c2cccc(-c3cccc(-c4cnc(CNC[C@H]5CCC(=O)N5)c(OC)n4)c3Cl)c2Cl)cnc1CC[C@H]1CCCO1
70	mol109	-14.02	COc1nc(-c2cccc(-c3cccc(-c4cncc(OC[C@H]5CCC(=O)N5)c4Cl)c3Cl)c2Cl)cnc1[C@@H]1CCOC1
70	mol290	-12.26	COc1nc(-c2cccc(-c3ccccc3Cl)c2Cl)cnc1CCC1CCCC1
70	mol299	-13.12	COc1nc(-c2cccc(-c3cccc(-c4cnc(CNC[C@H]5CCC(=O)N5)c(OC)n4)c3Cl)c2Cl)cnc1CNCCC1CCC1
70	mol378	-13.54	COc1nc(-c2cccc(-c3cccc(-c4cnc(CNC[C@H]5CCC(=O)N5)c(OC)n4)c3Cl)c2Cl)cnc1CC[C@H]1CCCO1
70	mol371	-13.67	COc1nc(-c2cccc(-c3cccc(-c4cnc(CC5CCCC5)c(OC)n4)c3Cl)c2Cl)cnc1CNC[C@H]1CCC(=O)N1
70	mol224	-13.05	COc1nc(-c2cccc(-c3cccc(-c4cccc(CNC[C@@H]5CCC(=O)N5)c4Cl)c3Cl)c2Cl)cnc1CNCC[C@@H]1CCCO1
70	mol161	-12.61	COc1nc(-c2cccc(-c3cccc(-c4cnc(CNC[C@@H]5CCC(=O)N5)c(OC)n4)c3Cl)c2Cl)cnc1CNCC[C@H]1CCCO1
70	mol39	-12.46	COc1nc(-c2cccc(-c3cccc(-c4cnc(CNC[C@@H]5CCC(=O)N5)c(OC)n4)c3Cl)c2Cl)cnc1CNCC[C@H]1CCCO1
70	mol230	-13.43	COc1nc(-c2cccc(-c3cccc(-c4cnc(CNC[C@H]5CCC(=O)N5)c(OC)n4)c3Cl)c2Cl)cnc1CC[C@H]1CCCO1
70	mol496	-12.91	COc1nc(-c2cccc(-c3cccc(-c4cnc(CNC[C@H]5CCC(=O)N5)c(OC)n4)c3Cl)c2Cl)cnc1CCC1CCCC1
70	mol219	-13.53	COc1nc(-c2cccc(-c3cccc(-c4cnc(CNC[C@H]5CCC(=O)N5)c(OC)n4)c3Cl)c2Cl)cnc1CC[C@H]1CCCO1
70	mol311	-13.04	COc1nc(-c2cccc(-c3cccc(-c4cnc(C5CCC5)c(OC)n4)c3Cl)c2Cl)cnc1CNC[C@@H]1CCC(=O)N1
70	mol280	-13.41	COc1nc(-c2cccc(-c3cccc(-c4cnc(CNC[C@@H]5CCC(=O)N5)c(OC)n4)c3Cl)c2Cl)cnc1CCCC1CCCC1
70	mol104	-12.76	COc1nc(-c2ccc(-c3cccc(-c4cnc(CNC[C@H]5CCC(=O)N5)c(OC)n4)c3Cl)cc2Cl)cnc1C[C@H]1CCCO1
70	mol173	-12.24	COc1nc(-c2cccc(-c3cccc(-c4cnc(CNC[C@@H]5CCC(=O)N5)c(OC)n4)c3Cl)c2Cl)cnc1CCCC[C@H]1CCCO1
70	mol154	-13.55	COc1nc(-c2cccc(-c3cccc(-c4cnc(CNC[C@H]5CCC(=O)N5)c(OC)n4)c3Cl)c2Cl)cnc1CC[C@H]1CCCO1
70	mol447	-13.77	COc1nc(-c2cccc(-c3cccc(-c4cnc(C[C@@H]5CCCO5)c(OC)n4)c3Cl)c2Cl)cnc1CNC[C@@H]1CCC(=O)N1
70	mol468	-12.98	COc1nc(-c2cccc(-c3cccc(-c4cnc(CNC[C@H]5CCC(=O)N5)c(OC)n4)c3Cl)c2Cl)cnc1CCC1CCCC1
70	mol413	-12.34	COc1nc(-c2ccc(-c3cccc(-c4cnc(CNC[C@H]5CCC(=O)N5)c(OC)n4)c3Cl)cn2)cnc1CCC[C@H]1CCCO1
70	mol269	-13.83	COc1nc(-c2cccc(-c3cccc(-c4cnc(C[C@@H]5CCCO5)c(OC)n4)c3Cl)c2Cl)cnc1CNC[C@@H]1CCC(=O)N1
70	mol397	-12.97	COc1nc(-c2cccc(-c3cccc(-c4cnc(CNC[C@H]5CCC(=O)N5)c(OC)n4)c3Cl)c2Cl)cnc1CNCCC1CCCC1
70	mol456	-13.8	COc1nc(-c2cccc(-c3cccc(-c4cnc(C[C@@H]5CCCO5)c(OC)n4)c3Cl)c2Cl)cnc1CNC[C@@H]1CCC(=O)N1
70	mol0	-13.8	COc1nc(-c2cccc(-c3cccc(-c4cnc(C[C@@H]5CCCO5)c(OC)n4)c3Cl)c2Cl)cnc1CNC[C@@H]1CCC(=O)N1
70	mol369	-13.14	COc1ncnc(-c2cccc(-c3cccc(-c4cnc(CNC[C@H]5CCC(=O)N5)c(OC)n4)c3Cl)c2Cl)n1
70	mol461	-12.96	COc1nc(-c2ccccc2Cl)cc(-c2cccc(-c3ccc(-c4cnc(CNC[C@@H]5CCC(=O)N5)c(OC)n4)cc3Cl)c2Cl)n1
70	mol27	-13.5	COc1nc(-c2cccc(-c3cccc(-c4cnc(CN[C@@H]5CCC(=O)N5)c(OC)n4)c3Cl)c2Cl)cnc1CC[C@@H]1CCCO1
70	mol122	-12.6	COc1nc(-c2cccc(-c3cccc(-c4cnc(CNC[C@@H]5CCC(=O)N5)c(OC)n4)c3Cl)c2Cl)cnc1CNCC[C@H]1CCCO1
70	mol31	-13.8	COc1nc(-c2cccc(-c3cccc(-c4cnc(C[C@@H]5CCCO5)c(OC)n4)c3Cl)c2Cl)cnc1CNC[C@@H]1CCC(=O)N1
70	mol3	-13.51	COc1nc(-c2cccc(-c3cccc(-c4cnc(CNC[C@H]5CCC(=O)N5)c(OC)n4)c3Cl)c2Cl)cnc1CC[C@H]1CCCO1
70	mol15	-13.18	COc1nncc(-c2cccc(-c3cccc(-c4cnc(CNC[C@@H]5CCC(=O)N5)c(OC)n4)c3Cl)c2Cl)n1
70	mol178	-12.38	CCOc1nc(-c2cccc(-c3cccc(-c4cnc(CNC[C@H]5CCC(=O)N5)c(OC)n4)c3Cl)c2Cl)cnc1CNCC[C@@H]1CCCO1
70	mol47	-12.92	COc1nc(-c2cccc(-c3cccc(-c4cnc(CNC[C@H]5CCC(=O)N5)c(OC)n4)c3Cl)c2Cl)cnc1CCC1CCCC1
70	mol42	-12.59	COc1nc(-c2cccc(-c3cccc(-c4cnc(CNC[C@@H]5CCC(=O)N5)c(OC)n4)c3Cl)c2Cl)cnc1CNCC[C@H]1CCCO1
70	mol48	-12.92	CCOc1nc(-c2cccc(-c3cccc(-c4cncnc4Cl)c3Cl)c2Cl)cnc1CNCC[C@@H]1CCCO1
70	mol356	-12.94	COc1nc(-c2cccc(-c3cccc(-c4cnc(CNC[C@H]5CCC(=O)N5)c(OC)n4)c3Cl)c2Cl)cnc1CCC1CCCC1
70	mol119	-13.57	COc1nc(-c2cccc(-c3cccc(-c4cnc(CNC[C@H]5CCC(=O)N5)c(OC)n4)c3Cl)c2Cl)cnc1CC[C@H]1CCCO1
70	mol392	-13.53	COc1nc(-c2cccc(-c3cccc(-c4cnc(CNC[C@H]5CCC(=O)N5)c(OC)n4)c3Cl)c2Cl)cnc1CC[C@H]1CCCO1
70	mol358	-13.42	COc1nc(-c2cccc(-c3cccc(-c4cnc(C[C@H]5CC[C@H](O)CC5)c(OC)n4)c3Cl)c2Cl)cnc1CNC[C@@H]1CCC(=O)N1
70	mol181	-13.2	COc1nc(-c2cccc(-c3cccc(-c4cnc(CN[C@@H]5CCC(=O)N5)c(OC)n4)c3Cl)c2Cl)cnc1CCC[C@@H]1CCCO1
70	mol30	-13.12	COc1nc(-c2cccc(-c3cccc(-c4cnc(CNC[C@H]5CCC(=O)N5)c(OC)n4)c3Cl)c2Cl)cnc1CCCCC[C@H]1CCCO1
70	mol399	-13.12	O=C1CC[C@H](CNCc2ncc(-c3cccc(-c4ccc(-c5cnc(C[C@H]6CCCO6)c(O)n5)c(Cl)c4)c3Cl)cc2O)N1
70	mol170	-12.66	COc1nc(-c2cccc(-c3cccc(-c4cnc(CNC[C@@H]5CCC(=O)N5)c(OC)n4)c3Cl)c2Cl)cnc1CNCC[C@H]1CCCO1
70	mol17	-13.32	COc1nc(-c2cccc(-c3cccc(-c4cnc(CC5CCC5)c(OC)n4)c3Cl)c2Cl)cnc1CNC[C@@H]1CCC(=O)N1
70	mol221	-13.5	COc1nc(-c2cccc(-c3cccc(-c4cnc(CNC[C@H]5CCC(=O)N5)c(OC)n4)c3Cl)c2Cl)cnc1CC[C@H]1CCCO1
70	mol205	-13.51	COc1nc(-c2cccc(-c3cccc(-c4cnc(CNC[C@H]5CCC(=O)N5)c(OC)n4)c3Cl)c2Cl)cnc1CC[C@H]1CCCO1
70	mol201	-12.71	COc1nc(-c2cccc(-c3cccc(-c4cnc(CNC[C@@H]5CCC(=O)N5)c(OC)n4)c3Cl)c2Cl)cnc1CCNCC[C@@H]1CCCO1
70	mol33	-13.8	COc1nc(-c2cccc(-c3cccc(-c4cnc(C[C@@H]5CCCO5)c(OC)n4)c3Cl)c2Cl)cnc1CNC[C@@H]1CCC(=O)N1
70	mol455	-12.99	COc1nc(-c2cccc(-c3cccc(-c4cnc(CNC[C@H]5CCC(=O)N5)c(OC)n4)c3Cl)c2Cl)cnc1CCCC1CCC1
70	mol462	-12.76	COc1nc(-c2cccc(-c3cccc(-c4cnc(CNC[C@@H]5CCC(=O)N5)c(OC)n4)c3Cl)c2Cl)cnc1CNCC[C@H]1CCCO1
70	mol103	-13.45	COc1nc(-c2cccc(-c3cccc(-c4cnc(CNC[C@H]5CCC(=O)N5)c(OC)n4)c3Cl)c2Cl)cnc1CC[C@H]1CCCO1
70	mol409	-13.57	COc1nc(-c2cccc(-c3cccc(-c4cnc(CNC[C@H]5CCC(=O)N5)c(OC)n4)c3Cl)c2Cl)cnc1CC[C@H]1CCCO1
70	mol368	-13.14	COc1nncc(-c2cccc(-c3cccc(-c4cnc(CNC[C@@H]5CCC(=O)N5)c(OC)n4)c3Cl)c2Cl)n1
70	mol328	-13.1	COc1nc(-c2cccc(-c3cccc(-c4cnc(CNC[C@H]5CCC(=O)N5)c(OC)n4)c3Cl)c2Cl)cnc1CCC[C@@H]1CCCO1
70	mol46	-13.57	COc1nc(-c2cccc(-c3cccc(-c4cnc(CNC[C@H]5CCC(=O)N5)c(OC)n4)c3Cl)c2Cl)cnc1CC[C@H]1CCCO1
70	mol131	-13.11	COc1nc(-c2cccc(-c3cccc(-c4cnc(CNC[C@H]5CCC(=O)N5)c(OC)n4)c3Cl)c2Cl)cnc1CCC[C@@H]1CCCO1
70	mol483	-13.38	COc1nc(-c2cccc(-c3cccc(-c4cnc(CC5CCC5)c(OC)n4)c3Cl)c2Cl)cnc1CNC[C@@H]1CCC(=O)N1
70	mol472	-13.29	COc1nc(-c2cccc(-c3cccc(-c4cnc(CC5CCC5)c(OC)n4)c3Cl)c2Cl)cnc1CNC[C@@H]1CCC(=O)N1
70	mol436	-13.14	COc1nncc(-c2cccc(-c3cccc(-c4cnc(CNC[C@@H]5CCC(=O)N5)c(OC)n4)c3Cl)c2Cl)n1
70	mol243	-13.56	COc1nc(-c2cccc(-c3cccc(-c4cnc(CNC[C@H]5CCC(=O)N5)c(OC)n4)c3Cl)c2Cl)cnc1CC[C@H]1CCCO1
70	mol151	-13.54	COc1nc(-c2cccc(-c3cccc(-c4cnc(CNC[C@H]5CCC(=O)N5)c(OC)n4)c3Cl)c2Cl)cnc1CC[C@H]1CCCO1
70	mol484	-13.54	COc1nc(-c2cccc(-c3cccc(-c4cnc(CNC[C@H]5CCC(=O)N5)c(OC)n4)c3Cl)c2Cl)cnc1CC[C@H]1CCCO1
70	mol214	-13.06	COc1nc(-c2cccc(-c3cccc(-c4cnc(C5CCC5)c(OC)n4)c3Cl)c2Cl)cnc1CNC[C@@H]1CCC(=O)N1
70	mol431	-13.31	COc1ncc(-c2cccc(-c3cccc(-c4cnc(CNC[C@@H]5CCC(=O)N5)c(OC)n4)c3Cl)c2Cl)cn1
70	mol137	-13.36	COc1nc(-c2cccc(-c3cccc(-c4cnc(CC5CCC5)c(OC)n4)c3Cl)c2Cl)cnc1CNC[C@@H]1CCC(=O)N1
70	mol375	-12.5	COc1nc(-c2cccc(-c3cccc(-c4cnc(CNC[C@@H]5CCC(=O)N5)c(OC)n4)c3Cl)c2Cl)cnc1CCCC[C@H]1CCCO1
70	mol79	-13.1	COc1nc(-c2cccc(-c3cccc(-c4cnc(CNC[C@H]5CCC(=O)N5)c(OC)n4)c3Cl)c2Cl)cnc1CCC[C@@H]1CCCO1
70	mol97	-12.97	COc1nc(-c2cccc(-c3cccc(-c4cnc(CNC[C@H]5CCC(=O)N5)c(OC)n4)c3Cl)c2Cl)cnc1CCC1CCCC1
70	mol98	-12.92	COc1nc(-c2cccc(-c3cccc(-c4cnc(CNC[C@H]5CCC(=O)N5)c(OC)n4)c3Cl)c2Cl)cnc1CCC1CCCC1
70	mol87	-13.12	COc1nncc(-c2cccc(-c3cccc(-c4cnc(CNC[C@@H]5CCC(=O)N5)c(OC)n4)c3Cl)c2Cl)n1
70	mol486	-12.84	COCCOc1nc(-c2cccc(-c3cccc(-c4cnc(CNC[C@H]5CCC(=O)N5)c(OC)n4)c3Cl)c2Cl)cnc1C[C@@H]1CCCO1
70	mol23	-12.44	COc1nc(-c2cccc(-c3ccccc3Cl)c2Cl)cnc1CCC1CCCC1
70	mol265	-12.97	COc1nc(-c2cccc(-c3cccc(-c4cnc(CNC[C@H]5CCC(=O)N5)c(OC)n4)c3Cl)c2Cl)cnc1CCC1CCCC1
70	mol464	-13.15	COc1nc(-c2cccc(-c3cccc(-c4cnc([C@@H]5CCCO5)c(OC)n4)c3Cl)c2Cl)cnc1CNC[C@H]1CCC(=O)N1
70	mol58	-13.72	COc1nc(-c2cccc(-c3cccc(-c4cnc(CC5CCCC5)c(OC)n4)c3Cl)c2Cl)cnc1CNC[C@H]1CCC(=O)N1
70	mol202	-12.96	COc1nc(-c2cccc(-c3cccc(-c4cnc(CNC[C@H]5CCC(=O)N5)c(OC)n4)c3Cl)c2Cl)cnc1CC[NH+]1CCCC1
70	mol251	-13.08	COc1nc(-c2cccc(-c3cccc(-c4cnc(CNC[C@H]5CCCO5)c(OC)n4)c3Cl)c2Cl)cnc1CNC[C@H]1CCC(=O)N1
70	mol315	-13.08	COc1nc(-c2cccc(-c3cccc(-c4cnc(OC[C@H]5CCC(=O)N5)c(OC)n4)c3Cl)c2Cl)cnc1CNCC[C@@H]1CCCO1
70	mol183	-12.98	COc1nc(-c2cccc(-c3cccc(-c4cncnc4)c3Cl)c2Cl)cnc1CCc1cnccn1
70	mol226	-12.63	COc1nc(-c2cccc(-c3cccc(-c4cnc(CNC[C@@H]5CCC(=O)N5)c(OC)n4)c3Cl)c2Cl)cnc1CNCC[C@H]1CCCO1
70	mol82	-13.06	COc1nc(-c2cccc(-c3cccc(-c4cnc(CNC[C@H]5CCC(=O)N5)c(OC)n4)c3Cl)c2Cl)cnc1CNCCC1CCCC1
70	mol476	-12.63	COc1nc(-c2cccc(-c3cccc(-c4cnc(CNC[C@@H]5CCC(=O)N5)c(OC)n4)c3Cl)c2Cl)cnc1CNCC[C@H]1CCCO1
70	mol454	-12.62	COc1nc(-c2cccc(-c3cccc(-c4cnc(CNC[C@@H]5CCC(=O)N5)c(OC)n4)c3Cl)c2Cl)cnc1CNCC[C@H]1CCCO1
70	mol432	-13.44	COc1nc(-c2cccc(-c3cccc(-c4cnc(CNC[C@@H]5CCC(=O)N5)c(OC)n4)c3Cl)c2Cl)cnc1CCCC1CCCC1
70	mol134	-12.99	COc1nc(-c2cccc(-c3cccc(-c4cnc(CNC[C@@H]5CCC(=O)N5)c(OC)n4)c3Cl)c2Cl)cnc1CCC1CCC1
70	mol343	-12.97	COc1nc(-c2cccc(-c3cccc(-c4cnc(CNC[C@H]5CCC(=O)N5)c(OC)n4)c3Cl)c2Cl)cnc1CCC1CCCC1
70	mol116	-13.48	COc1nc(-c2cccc(-c3cccc(-c4cnc(CNC[C@H]5CCC(=O)N5)c(OC)n4)c3Cl)c2Cl)cnc1CC[C@H]1CCCO1
70	mol41	-13.27	COc1ncc(-c2cccc(-c3cccc(-c4cnc(CNC[C@@H]5CCC(=O)N5)c(OC)n4)c3Cl)c2Cl)cn1
70	mol127	-13.46	COc1nc(-c2cccc(-c3cccc(-c4cnc(CNC[C@@H]5CCC(=O)N5)c(OC)n4)c3Cl)c2Cl)cnc1CCCC1CCCC1
70	mol176	-13.8	COc1nc(-c2cccc(-c3cccc(-c4cnc(C[C@@H]5CCCO5)c(OC)n4)c3Cl)c2Cl)cnc1CNC[C@@H]1CCC(=O)N1
70	mol123	-13.54	CCOc1nc(-c2ccnc(-c3cccc(-c4cccc(OC[C@@H]5CCC(=O)N5)c4Cl)c3Cl)c2Cl)cnc1CC[C@@H]1CCCO1
70	mol305	-13.13	COc1nc(-c2cccc(-c3cccc(-c4cnc(CN5CCC(=O)N5)c(OC)n4)c3Cl)c2Cl)cnc1CNCC[C@H]1CCCO1
70	mol279	-13.5	COc1nc(-c2cccc(-c3cccc(-c4cccnc4Cl)c3Cl)c2Cl)cnc1CC1CCCC1
70	mol497	-12.36	COc1nc(-c2cccc(-c3ccccc3Cl)c2Cl)cnc1CCC1CCCC1
70	mol158	-12.72	COc1nc(-c2cccc(-c3cccc(-c4cnc(CNC[C@@H]5CCC(=O)N5)c(OC)n4)c3Cl)c2Cl)cnc1CNCC[C@H]1CCCO1
70	mol43	-12.98	COc1nc(-c2cccc(-c3cccc(-c4cnc(CNC[C@H]5CCC(=O)N5)c(OC)n4)c3Cl)c2Cl)cnc1CCC1CCCC1
70	mol124	-13.16	COc1nncc(-c2cccc(-c3cccc(-c4cnc(CNC[C@@H]5CCC(=O)N5)c(OC)n4)c3Cl)c2Cl)n1
80	mol443	-13.12	COc1nncc(-c2cccc(-c3cccc(-c4cnc(CNC[C@@H]5CCC(=O)N5)c(OC)n4)c3Cl)c2Cl)n1
80	mol114	-13.22	COc1nc(-c2cccc(-c3cccc(-c4cnc(CNC[C@H]5CCC(=O)N5)c(OC)n4)c3Cl)c2Cl)cnc1CNCCC1CCC1
80	mol422	-13.01	COc1nc(-c2cccc(-c3cccc(-c4cnc(CNC[C@@H]5CCC(=O)N5)c(OC)n4)c3Cl)c2Cl)cnc1CCCCCn1cnc(C)c1
80	mol25	-13.8	COc1nc(-c2cccc(-c3cccc(-c4cnc(C[C@@H]5CCCO5)c(OC)n4)c3Cl)c2Cl)cnc1CNC[C@@H]1CCC(=O)N1
80	mol442	-13.07	COc1nc(-c2cccc(-c3cccc(-c4cnc(CNC[C@H]5CCC(=O)N5)c(OC)n4)c3Cl)c2Cl)cnc1CCC[C@@H]1CCCO1
80	mol210	-13.12	COc1nc(-c2cccc(-c3cccc(-c4cnc(CNC[C@@H]5CCC(=O)N5)c(OC)n4)c3Cl)c2Cl)cnc1CO
80	mol225	-13.79	COc1nc(-c2cccc(-c3cccc(-c4cnc(C[C@@H]5CCCO5)c(OC)n4)c3Cl)c2Cl)cnc1CNC[C@@H]1CCC(=O)N1
80	mol437	-13.1	COc1nncc(-c2cccc(-c3cccc(-c4cnc(CNC[C@@H]5CCC(=O)N5)c(OC)n4)c3Cl)c2Cl)n1
80	mol10	-12.54	COc1nc(-c2cccc(-c3cccc(-c4cnc(CNC[C@@H]5CCC(=O)N5)c(OC)n4)c3Cl)c2Cl)cnc1CNCC[C@H]1CCCO1
80	mol75	-12.55	COc1nc(-c2cccc(-c3cccc(-c4cnc(CNC[C@H]5CCC(=O)N5)c(OC)n4)c3Cl)c2Cl)cnc1CNCCC[C@H]1CCCO1
80	mol284	-13.21	COc1cncc(-c2cccc(-c3cccc(-c4cnc(CNC[C@@H]5CCC(=O)N5)c(OC)n4)c3Cl)c2Cl)c1
80	mol302	-12.62	CCOc1nc(-c2cccc(-c3cccc(-c4cnc(CNC[C@H]5CCC(=O)N5)c(OC)n4)c3Cl)c2Cl)cnc1CNCC[C@@H]1CCCO1
80	mol346	-13.57	COc1nc(-c2cccc(-c3cccc(-c4cnc(CNC[C@H]5CCC(=O)N5)c(OC)n4)c3Cl)c2Cl)cnc1CC[C@H]1CCCO1
80	mol391	-13.31	COc1nc(-c2cccc(-c3cccc(-c4cnc(CNC[C@H]5CCC(=O)N5)c(OC)n4)c3Cl)c2Cl)cnc1CCn1cncn1
80	mol273	-13.37	COc1nncc(-c2cccc(-c3cccc(-c4cnc(CN[C@@H]5CCC(=O)N5)c(OC)n4)c3Cl)c2Cl)n1
80	mol165	-12.57	COCCOc1nc(-c2cccc(-c3cccc(-c4cnc(CNC[C@@H]5CCC(=O)N5)c(OC)n4)c3Cl)c2Cl)cnc1CNCC[C@H]1CCCO1
80	mol99	-12.63	COc1nc(-c2cccc(-c3cccc(-c4cnc(CNC[C@@H]5CCC(=O)N5)c(OC)n4)c3Cl)c2Cl)cnc1CNCC[C@H]1CCCO1
80	mol156	-13.19	COc1nncc(-c2cccc(-c3cccc(-c4cnc(CNC[C@@H]5CCC(=O)N5)c(OC)n4)c3Cl)c2Cl)n1
80	mol68	-13.81	COc1nc(-c2cccc(-c3cccc(-c4cnc(C[C@@H]5CCCO5)c(OC)n4)c3Cl)c2Cl)cnc1CNC[C@@H]1CCC(=O)N1
80	mol481	-12.5	COc1nc(-c2cccc(-c3cccc(-c4cnn(C)n4)c3Cl)c2Cl)cnc1CNCC[C@@H]1CCCO1
80	mol203	-12.42	COc1nc(-c2cccc(-c3cccc(-c4cnc(CNC[C@@H]5CCC(=O)N5)c(OC)n4)c3Cl)c2Cl)cnc1CCCC[C@H]1CCCO1
80	mol401	-12.61	COc1nc(-c2cccc(-c3cccc(-c4cnc(CNC[C@@H]5CCC(=O)N5)c(OC)n4)c3Cl)c2Cl)cnc1CNCC[C@H]1CCCO1
80	mol254	-13.15	COc1nncc(-c2cccc(-c3cccc(-c4cnc(CNC[C@@H]5CCC(=O)N5)c(OC)n4)c3Cl)c2Cl)n1
80	mol84	-12.55	COc1nc(-c2cccc(-c3ccccc3Cl)c2Cl)cnc1CCc1ccccn1
80	mol6	-12.84	COc1nc(-c2cccc(-c3cccc(-c4cnc(CNC[C@@H]5CCC(=O)N5)c(OC)n4)c3Cl)c2Cl)cnc1CCNCC[C@@H]1CCCO1
80	mol405	-13.11	COc1nc(-c2cccc(-c3cccc(-c4cnc(CNC[C@H]5CCC(=O)N5)c(OC)n4)c3Cl)c2Cl)cnc1CCC[C@@H]1CCCO1
80	mol324	-13.04	COc1nc(-c2cccc(-c3cccc(-c4cnc(CNC[C@H]5CCC(=O)N5)c(OC)n4)c3Cl)c2Cl)cnc1CNCCC1CCCC1
80	mol141	-12.61	COc1nc(-c2cccc(-c3cccc(-c4cnc(CNC[C@@H]5CCC(=O)N5)c(OC)n4)c3Cl)c2Cl)cnc1CNCC[C@H]1CCCO1
80	mol425	-12.72	COc1ncn(-c2cccc(-c3cccc(-c4cnc(CNC[C@@H]5CCC(=O)N5)c(OC)n4)c3Cl)c2Cl)n1
80	mol175	-13.27	COc1nc(-c2cccc(-c3cccc(-c4cnc(CNC[C@H]5CCC(=O)N5)c(OC)n4)c3Cl)c2Cl)cnc1CCn1cncn1
80	mol487	-13.1	COc1nncc(-c2cccc(-c3cccc(-c4cnc(CNC[C@@H]5CCC(=O)N5)c(OC)n4)c3Cl)c2Cl)n1
80	mol55	-13.56	COc1nc(-c2cccc(-c3cccc(-c4cnc(CNC[C@H]5CCC(=O)N5)c(OC)n4)c3Cl)c2Cl)cnc1CC[C@H]1CCCO1
80	mol352	-13.27	COc1nc(-c2cccc(-c3cccc(-c4cnc(CNC[C@H]5CCC(=O)N5)c(OC)n4)c3Cl)c2Cl)cnc1CC[C@H]1CCCO1
80	mol298	-13.76	COc1cc(-c2cncc(-c3cccc(-c4cnc(CCC[C@H]5CCCCO5)c(OC)n4)c3Cl)c2Cl)ccc1CNC[C@H]1CCC(=O)N1
80	mol153	-12.94	COc1nc(-c2cccc(-c3cccc(-c4cnc(CNC[C@H]5CCC(=O)N5)c(OC)n4)c3Cl)c2Cl)cnc1CCC1CCCC1
80	mol423	-13.79	COc1nc(-c2cccc(-c3cccc(-c4cnc(C[C@@H]5CCCO5)c(OC)n4)c3Cl)c2Cl)cnc1CNC[C@@H]1CCC(=O)N1
80	mol256	-13.46	COc1nc(-c2cccc(-c3cccc(-c4cnc([C@@H]5CCOC5)c(OC)n4)c3Cl)c2Cl)cnc1CNC[C@H]1CCC(=O)N1
80	mol108	-13.8	COc1nc(-c2cccc(-c3cccc(-c4cnc(C[C@@H]5CCCO5)c(OC)n4)c3Cl)c2Cl)cnc1CNC[C@@H]1CCC(=O)N1
80	mol384	-12.78	COc1nc(-c2cccc(-c3cccc(-c4cnc(CNC[C@@H]5CCC(=O)N5)c(OC)n4)c3Cl)c2Cl)cnc1CNCC[C@H]1CCCO1
80	mol477	-13.54	COc1nc(-c2cccc(-c3cccc(-c4cnc(CNC[C@H]5CCC(=O)N5)c(OC)n4)c3Cl)c2Cl)cnc1CC[C@H]1CCCO1
80	mol92	-12.54	COc1nc(-c2cccc(-c3cccc(-c4cnc(CNC[C@@H]5CCC(=O)N5)c(OC)n4)c3Cl)c2Cl)cnc1CNCC[C@H]1CCCO1
80	mol459	-13.18	COc1nc(-c2cccc(-c3cccc(-c4cnc([C@@H]5CCCO5)c(OC)n4)c3Cl)c2Cl)cnc1CNC[C@H]1CCC(=O)N1
80	mol193	-13.13	COc1nncc(-c2cccc(-c3cccc(-c4cnc(CNC[C@@H]5CCC(=O)N5)c(OC)n4)c3Cl)c2Cl)n1
80	mol301	-12.52	COc1nc(-c2cccc(-c3cccc(-c4cnc(CNC[C@@H]5CCC(=O)N5)c(OC)n4)c3Cl)c2Cl)cnc1CNCC[C@H]1CCCO1
80	mol347	-12.06	COc1nc(-c2cccc(-c3cccc(-c4nc(-c5ccccn5)nc(OC)c4CO)c3Cl)c2Cl)cnc1CNC[C@@H]1CCC(=O)N1
80	mol367	-13.14	COc1nncc(-c2cccc(-c3cccc(-c4cnc(CNC[C@@H]5CCC(=O)N5)c(OC)n4)c3Cl)c2Cl)n1
80	mol51	-13.38	COc1nc(-c2cccc(-c3cccc(-c4cnc(CNC[C@H]5CCC(=O)N5)c(OC)n4)c3Cl)c2Cl)cnc1CCc1cnccn1
80	mol45	-12.84	COc1nc(-c2cccc(-c3cccc(-c4cnc(CNC[C@@H]5CCC(=O)N5)c(OC)n4)c3Cl)c2Cl)cnc1CNCC[C@H]1CCCO1
80	mol264	-12.56	COc1nc(-c2cccc(-c3cccc(-c4cnc(CNC[C@@H]5CCC(=O)N5)c(OC)n4)c3Cl)c2Cl)cnc1CNCC[C@H]1CCCO1
80	mol320	-13.77	COc1nc(-c2cccc(-c3cccc(-c4cnc(C[C@@H]5CCCO5)c(OC)n4)c3Cl)c2Cl)cnc1CNC[C@@H]1CCC(=O)N1
80	mol35	-12.46	COc1nc(-c2cccc(-c3cccc(-c4cnc(CNC[C@@H]5CCC(=O)N5)c(OC)n4)c3Cl)c2Cl)cnc1CNCC[C@H]1CCCO1
80	mol52	-12.55	COc1nc(-c2cccc(-c3cccc(-c4cnc(CNC[C@@H]5CCC(=O)N5)c(OC)n4)c3Cl)c2Cl)cnc1CNCC[C@H]1CCCO1
80	mol155	-12.47	COc1nc(-c2cccc(-c3cccc(-c4cnc(CNC[C@@H]5CCC(=O)N5)c(OC)n4)c3Cl)c2Cl)cnc1CNCC[C@H]1CCCO1
80	mol81	-13.75	COc1nc(-c2cccc(-c3cccc(-c4cnc(C[C@@H]5CCCO5)c(OC)n4)c3Cl)c2Cl)cnc1CNC[C@@H]1CCC(=O)N1
80	mol241	-12.65	COc1nc(-c2cccc(-c3cccc(-c4cnc(CNC[C@@H]5CCC(=O)N5)c(OC)n4)c3Cl)c2Cl)cnc1CNCC[C@H]1CCCO1
80	mol390	-12.96	Oc1ncc(-c2cccc(-c3cccc(-c4cncnc4)c3Cl)c2Cl)nc1O
80	mol106	-13.07	COc1nc(-c2cccc(-c3cccc(-c4cnc(CNC[C@H]5CCC(=O)N5)c(OC)n4)c3Cl)c2Cl)cnc1CCC[C@@H]1CCCO1
80	mol222	-13.43	COc1nc(-c2cccc(-c3cccc(-c4cnc(CNC[C@@H]5CCC(=O)N5)c(OC)n4)c3Cl)c2Cl)cnc1CCCC1CCCC1
80	mol21	-13.16	COc1nc(-c2cccc(-c3cccc(-c4cnc(CNC[C@H]5CCC(=O)N5)c(OC)n4)c3Cl)c2Cl)cnc1CCC[C@@H]1CCCO1
80	mol365	-13.54	COc1nc(-c2cccc(-c3cccc(-c4cnc(CNC[C@H]5CCC(=O)N5)c(OC)n4)c3Cl)c2Cl)cnc1CC[C@H]1CCCO1
80	mol470	-12.57	COc1nc(-c2cccc(-c3cccc(-c4cnc(CNC[C@@H]5CCC(=O)N5)c(OC)n4)c3Cl)c2Cl)cnc1CNCC[C@H]1CCCO1
80	mol492	-13.32	COc1nc(-c2cccc(-c3cccc(-c4cncnc4Cl)c3Cl)c2Cl)cnc1CCCC1CCCC1
80	mol471	-12.38	COc1nc(-c2cccc(-c3cccc(-c4cnc(CNC[C@@H]5CCC(=O)N5)c(OC)n4)c3Cl)c2Cl)cnc1CNCC[C@H]1CCCO1
80	mol379	-13.15	COc1nncc(-c2cccc(-c3cccc(-c4cnc(CNC[C@@H]5CCC(=O)N5)c(OC)n4)c3Cl)c2Cl)n1
80	mol414	-12.62	COc1nc(-c2cccc(-c3cccc(-c4cnc(CNC[C@@H]5CCC(=O)N5)c(OC)n4)c3Cl)c2Cl)cnc1CNCC[C@H]1CCCO1
80	mol149	-13.1	COc1nc(-c2cccc(-c3cccc(-c4cnc(CNC[C@H]5CCC(=O)N5)c(OC)n4)c3Cl)c2Cl)cnc1CCC[C@@H]1CCCO1
80	mol7	-12.56	COc1nc(-c2cccc(-c3cccc(-c4cnc(CNC[C@@H]5CCC(=O)N5)c(OC)n4)c3Cl)c2Cl)cnc1CNCC[C@H]1CCCO1
80	mol467	-13.0	COc1nc(-c2cccc(-c3cccc(-c4cnc(CNC[C@H]5CCC(=O)N5)c(OC)n4)c3Cl)c2Cl)cnc1CCCCC[C@H]1CCCO1
80	mol380	-13.49	COc1nc(-c2cccc(-c3cccc(-c4cnc(CNC[C@H]5CCC(=O)N5)c(OC)n4)c3Cl)c2Cl)cnc1CC[C@H]1CCCO1
80	mol270	-13.27	COc1nc(-c2cccc(-c3cccc(-c4cnc(C[C@H]5CC[C@@H](OC)CC5)c(OC)n4)c3Cl)c2Cl)cnc1CNC[C@@H]1CCC(=O)N1
80	mol276	-12.72	COc1nc(-c2cccc(-c3cccc(-c4cnc(CNC[C@@H]5CCC(=O)N5)c(OC)n4)c3Cl)c2Cl)cnc1CNCC[C@H]1CCCO1
80	mol112	-13.27	COc1nc(-c2cccc(-c3cccc(-c4cnc(CNC[C@H]5CCC(=O)N5)c(OC)n4)c3Cl)c2Cl)cnc1CCCCC1CCCC1
80	mol374	-13.16	COc1nc(-c2cccc(-c3cccc(-c4cnc([C@@H]5CCCO5)c(OC)n4)c3Cl)c2Cl)cnc1CNC[C@H]1CCC(=O)N1
80	mol163	-12.6	COc1nc(-c2cccc(-c3cccc(-c4cnc(CNC[C@H]5CCC(=O)N5)c(OC)n4)c3Cl)c2Cl)cnc1CCCNCC[C@H]1CCCO1
80	mol261	-12.62	COc1nc(-c2cccc(-c3cccc(-c4cnn(C)n4)c3Cl)c2Cl)cnc1CCCCC1CCCC1
80	mol67	-13.71	COc1nc(-c2cccc(-c3cccc(-c4cnc(CC5CCCC5)c(OC)n4)c3Cl)c2Cl)cnc1CNC[C@H]1CCC(=O)N1
80	mol338	-12.68	COc1nc(-c2cccc(-c3cccc(-c4cnc(CNC[C@@H]5CCC(=O)N5)c(OC)n4)c3Cl)c2Cl)cnc1CNCC[C@H]1CCCO1
80	mol143	-12.71	COc1nc(-c2cccc(-c3cccc(-c4cnc(CNC[C@@H]5CCC(=O)N5)c(OC)n4)c3Cl)c2Cl)cnc1CNCC[C@H]1CCCO1
80	mol385	-13.81	COc1nc(-c2cccc(-c3cccc(-c4cnc(C[C@@H]5CCCO5)c(OC)n4)c3Cl)c2Cl)cnc1CNC[C@@H]1CCC(=O)N1
80	mol187	-13.17	COc1nncc(-c2cccc(-c3cccc(-c4cnc(CNC[C@@H]5CCC(=O)N5)c(OC)n4)c3Cl)c2Cl)n1
80	mol14	-12.99	COc1nc(-c2cccc(-c3cccc(-c4cnc(CNC[C@H]5CCC(=O)N5)c(OC)n4)c3Cl)c2Cl)cnc1CCCCC[C@H]1CCCO1
80	mol53	-12.64	COc1nc(-c2cccc(-c3cccc(-c4cnc(CNC[C@@H]5CCC(=O)N5)c(OC)n4)c3Cl)c2Cl)cnc1CNCC[C@H]1CCCO1
80	mol236	-13.14	COc1nc(-c2cccc(-c3cccc(-c4cnc(CNC[C@H]5CCC(=O)N5)c(OC)n4)c3Cl)c2Cl)cnc1CCC[C@@H]1CCCO1
80	mol199	-12.9	COc1nncc(-c2cccc(-c3cccc(-c4cncnc4Cl)c3Cl)c2Cl)n1
80	mol69	-13.6	COc1nc(-c2cccc(-c3cccc(-c4cnc(CNC[C@H]5CCC(=O)N5)c(OC)n4)c3Cl)c2Cl)cnc1CC[C@H]1CCCO1
80	mol349	-12.06	COCCCCCn1ccnc1CCCc1ncc(-c2cccc(-c3cccc(-c4cnc(CNC[C@H]5CCC(=O)N5)c(OC)n4)c3Cl)c2Cl)nc1OC
80	mol132	-13.5	COc1nc(-c2cccc(-c3cccc(-c4cnc(CNC[C@H]5CCC(=O)N5)c(OC)n4)c3Cl)c2Cl)cnc1CC[C@H]1CCCO1
80	mol295	-12.97	COc1nc(-c2cccc(-c3cccc(-c4cnc(CNC[C@H]5CCC(=O)N5)c(OC)n4)c3Cl)c2Cl)cnc1CCC[C@@H]1CCCO1
80	mol20	-13.33	COc1nc(-c2cccc(-c3cccc(-c4ccnc(CNC[C@H]5CCC(=O)N5)c4Cl)c3Cl)c2Cl)cnc1CNCC[C@H]1CCCO1
80	mol321	-12.48	COc1nc(-c2cccc(-c3cccc(-c4cnc(CNC[C@@H]5CCC(=O)N5)c(OC)n4)c3Cl)c2Cl)cnc1CNCC[C@H]1CCCO1
80	mol345	-12.61	COc1nc(-c2cccc(-c3cccc(-c4cnc(CNC[C@@H]5CCC(=O)N5)c(OC)n4)c3Cl)c2Cl)cnc1CNCC[C@H]1CCCO1
80	mol313	-13.55	COc1nc(-c2cccc(-c3cccc(-c4cnc(CNC[C@H]5CCC(=O)N5)c(OC)n4)c3Cl)c2Cl)cnc1CC[C@H]1CCCO1
80	mol335	-13.65	COc1nc(-c2cccc(-c3cccc(-c4cnc(CNC[C@H]5CCC(=O)N5)c(OC)n4)c3Cl)c2Cl)cnc1CCC[C@@H]1CCCCO1
80	mol207	-13.15	COc1nncc(-c2cccc(-c3cccc(-c4cnc(CNC[C@@H]5CCC(=O)N5)c(OC)n4)c3Cl)c2Cl)n1
80	mol427	-12.61	COc1nc(-c2cccc(-c3cccc(-c4cnc(CNC[C@@H]5CCC(=O)N5)c(OC)n4)c3Cl)c2Cl)cnc1CNCC[C@H]1CCCO1
80	mol61	-13.12	COc1nc(-c2cccc(-c3cccc(-c4cnc(CNC[C@H]5CCC(=O)N5)c(OC)n4)c3Cl)c2Cl)cnc1CCC[C@@H]1CCCO1
80	mol209	-13.57	COc1cc(-c2cccc(-c3cccc(-c4cnc([C@@H]5CCCO5)c(OC)n4)c3Cl)c2Cl)cnc1CNC[C@H]1CCC(=O)N1
80	mol281	-12.3	COc1nc(-c2cccc(-c3cccc(-c4cnc(CNC[C@@H]5CCC(=O)N5)c(OC)n4)c3Cl)c2Cl)cnc1CCCNCCCC[C@H]1CCCO1
80	mol12	-12.55	COc1nc(-c2cccc(-c3cccc(-c4cnc(CNC[C@@H]5CCC(=O)N5)c(OC)n4)c3Cl)c2Cl)cnc1CNCC[C@H]1CCCO1
80	mol296	-12.69	COc1nc(-c2cccc(-c3cccc(-c4cnc(CNC[C@@H]5CCC(=O)N5)c(OC)n4)c3Cl)c2Cl)cnc1CNCC[C@H]1CCCO1
80	mol128	-13.18	COc1nc(-c2cccc(-c3cccc(-c4cnc(CNC[C@H]5CCC(=O)N5)c(OC)n4)c3Cl)c2Cl)cnc1CNCCC1CCC1
80	mol130	-12.57	COc1nc(-c2cccc(-c3cccc(-c4cnc(CNC[C@@H]5CCC(=O)N5)c(OC)n4)c3Cl)c2Cl)cnc1CNCC[C@H]1CCCO1
80	mol126	-13.11	COc1nc(-c2cccc(-c3cccc(-c4cnc(CNC[C@H]5CCC(=O)N5)c(OC)n4)c3Cl)c2Cl)cnc1CNCCC1CCC1
80	mol86	-13.03	COc1nc(-c2cccc(-c3cccc(-c4cnc(C5CCC5)c(OC)n4)c3Cl)c2Cl)cnc1CNC[C@@H]1CCC(=O)N1
80	mol267	-12.49	COc1nc(-c2cccc(-c3cccc(-c4cnn(C)n4)c3Cl)c2Cl)cnc1CNCC[C@@H]1CCCO1
80	mol387	-13.09	COc1nc(-c2cccc(-c3cccc(-c4cnc(C5CCC5)c(OC)n4)c3Cl)c2Cl)cnc1CNC[C@@H]1CCC(=O)N1
80	mol407	-12.61	COc1nc(-c2cccc(-c3cccc(-c4cnc(CNC[C@@H]5CCC(=O)N5)c(OC)n4)c3Cl)c2Cl)cnc1CNCC[C@H]1CCCO1
80	mol272	-12.66	COc1nc(-c2cccc(-c3cccc(-c4cnc(CNC[C@@H]5CCC(=O)N5)c(OC)n4)c3Cl)c2Cl)cnc1CNCC[C@H]1CCCO1
80	mol383	-13.5	COc1nc(-c2cccc(-c3cccc(-c4cnc(CNC[C@H]5CCC(=O)N5)c(OC)n4)c3Cl)c2Cl)cnc1CC[C@H]1CCCO1
80	mol377	-13.58	COc1nc(-c2cccc(-c3cccc(-c4cnc(CNC[C@H]5CCC(=O)N5)c(OC)n4)c3Cl)c2Cl)cnc1CC[C@H]1CCCO1
80	mol337	-12.51	COc1nc(-c2cccc(-c3cccc(-c4cnc(CNC[C@@H]5CCC(=O)N5)c(OC)n4)c3Cl)c2Cl)cnc1CNCC[C@H]1CCCO1
80	mol60	-13.53	COc1nc(-c2cccc(-c3cccc(-c4cnc(CNC[C@H]5CCC(=O)N5)c(OC)n4)c3Cl)c2Cl)cnc1CC[C@H]1CCCO1
80	mol169	-13.58	COc1nc(-c2cccc(-c3cccc(-c4cnc(CNC[C@H]5CCC(=O)N5)c(OC)n4)c3Cl)c2Cl)cnc1CC[C@H]1CCCO1
80	mol50	-13.52	COc1nc(-c2cccc(-c3cccc(-c4cnc(CNC[C@H]5CCC(=O)N5)c(OC)n4)c3Cl)c2Cl)cnc1CC[C@H]1CCCO1
80	mol240	-13.21	COc1nc(-c2cccc(-c3cccc(-c4cccc(CNC[C@@H]5CCC(=O)N5)c4Cl)c3Cl)c2Cl)cnc1CNCC[C@@H]1CCCO1
80	mol327	-13.0	COc1nc(-c2cccc(-c3cccc(-c4cncnc4)c3Cl)c2Cl)cnc1CC1CCC1
80	mol325	-13.14	COc1nc(-c2cccc(-c3cccc(-c4cnc(CNC[C@H]5CCC(=O)N5)c(OC)n4)c3Cl)c2Cl)cnc1CCC[C@@H]1CCCO1
80	mol111	-13.33	COc1nc(-c2cccc(-c3cccc(-c4cnc(CNC[C@@H]5CCC(=O)N5)c(OC)n4)c3Cl)c2Cl)cnc1CCCC1CCCC1
80	mol189	-13.6	COc1nc(-c2cccc(-c3cccc(-c4cnc(CC5CCOCC5)c(OC)n4)c3Cl)c2Cl)cnc1CNC[C@@H]1CCC(=O)N1
80	mol59	-13.19	COc1nc(-c2cccc(-c3cccc(-c4cnc(CNC[C@H]5CCC(=O)N5)c(OC)n4)c3Cl)c2Cl)cnc1CCC[C@@H]1CCCO1
80	mol136	-13.67	COc1nc(-c2cccc(-c3cccc(-c4cnc(CC5CCCC5)c(OC)n4)c3Cl)c2Cl)cnc1CNC[C@H]1CCC(=O)N1
80	mol62	-13.78	COc1nc(-c2cccc(-c3cccc(-c4cnc(C[C@@H]5CCCO5)c(OC)n4)c3Cl)c2Cl)cnc1CNC[C@@H]1CCC(=O)N1
80	mol16	-12.53	COc1nc(-c2cccc(-c3cccc(-c4cnc(CNC[C@@H]5CCC(=O)N5)c(OC)n4)c3Cl)c2Cl)cnc1CNCC[C@H]1CCCO1
80	mol159	-12.59	COc1nc(-c2cccc(-c3cccc(-c4cnc(CNC[C@@H]5CCC(=O)N5)c(OC)n4)c3Cl)c2Cl)cnc1CCCCCCC1CCCC1
80	mol340	-13.13	COc1nncc(-c2cccc(-c3cccc(-c4cnc(CNC[C@@H]5CCC(=O)N5)c(OC)n4)c3Cl)c2Cl)n1
80	mol252	-13.15	COc1nncc(-c2cccc(-c3cccc(-c4cnc(CNC[C@@H]5CCC(=O)N5)c(OC)n4)c3Cl)c2Cl)n1
80	mol300	-12.57	COc1nc(-c2cccc(-c3cccc(-c4cnc(CNC[C@@H]5CCC(=O)N5)c(OC)n4)c3Cl)c2Cl)cnc1CNCC[C@H]1CCCO1
80	mol197	-13.55	COc1nc(-c2cccc(-c3cccc(-c4cnc(CNC[C@H]5CCC(=O)N5)c(OC)n4)c3Cl)c2Cl)cnc1CC[C@H]1CCCO1
80	mol5	-13.03	COc1nc(-c2cccc(-c3cccc(-c4cnc(CNC[C@H]5CCC(=O)N5)c(OC)n4)c3Cl)c2Cl)cnc1CCC[C@@H]1CCCO1
80	mol49	-13.05	COc1nc(-c2cccc(-c3cccc(-c4cnc(CNC[C@H]5CCCO5)c(OC)n4)c3Cl)c2Cl)cnc1CNC[C@H]1CCC(=O)N1
80	mol196	-12.53	COc1nc(-c2cccc(-c3cccc(-c4cnc(CNC[C@@H]5CCC(=O)N5)c(OC)n4)c3Cl)c2Cl)cnc1CNCC[C@H]1CCCO1
80	mol449	-13.31	COc1ncc(-c2cccc(-c3cccc(-c4cnc(CNC[C@@H]5CCC(=O)N5)c(OC)n4)c3Cl)c2Cl)cn1
80	mol283	-13.11	O=C1CC[C@@H](CNCc2ncc(-c3cccc(-c4cccc(-c5cnc([C@H]6CCOC6)cn5)c4Cl)c3Cl)nc2O)N1
80	mol188	-12.54	COc1nc(-c2cccc(-c3cccc(-c4cnc(CNC[C@@H]5CCC(=O)N5)c(OC)n4)c3Cl)c2Cl)cnc1CNCC[C@H]1CCCO1
80	mol350	-13.08	COc1nc(-c2cccc(-c3cccc(-c4cnc(CNC[C@H]5CCC(=O)N5)c(OC)n4)c3Cl)c2Cl)cnc1CCC[C@@H]1CCCO1
80	mol304	-12.63	COc1nc(-c2cccc(-c3cccc(-c4cnc(CNC[C@@H]5CCC(=O)N5)c(OC)n4)c3Cl)c2Cl)cnc1CNCC[C@H]1CCCO1
80	mol70	-13.8	COc1nc(-c2cccc(-c3cccc(-c4cnc(C[C@@H]5CCCO5)c(OC)n4)c3Cl)c2Cl)cnc1CNC[C@@H]1CCC(=O)N1
80	mol421	-13.48	COc1nc(-c2cccc(-c3cccc(-c4cnc(CNC[C@H]5CCC(=O)N5)c(OC)n4)c3Cl)c2Cl)cnc1CC[C@H]1CCCO1
80	mol102	-13.15	COc1nncc(-c2cccc(-c3cccc(-c4cnc(CNC[C@@H]5CCC(=O)N5)c(OC)n4)c3Cl)c2Cl)n1
80	mol419	-12.7	COc1nc(-c2cccc(-c3cccc(-c4cnc(CNC[C@@H]5CCC(=O)N5)c(OC)n4)c3Cl)c2Cl)cnc1CNCC[C@H]1CCCO1
80	mol29	-13.01	COc1nc(-c2cccc(-c3cccc(-c4cnc(CNC[C@H]5CCCO5)c(OC)n4)c3Cl)c2Cl)cnc1CNC[C@H]1CCC(=O)N1
80	mol22	-13.12	COc1nncc(-c2cccc(-c3cccc(-c4cnc(CNC[C@@H]5CCC(=O)N5)c(OC)n4)c3Cl)c2Cl)n1
80	mol194	-12.66	COc1nc(-c2cccc(-c3cccc(-c4cnc(CNC[C@@H]5CCC(=O)N5)c(OC)n4)c3Cl)c2Cl)cnc1CNCC[C@H]1CCCO1
80	mol438	-13.14	COc1nncc(-c2cccc(-c3cccc(-c4cnc(CNC[C@@H]5CCC(=O)N5)c(OC)n4)c3Cl)c2Cl)n1
80	mol146	-14.05	COc1nc(-c2cccc(-c3cccc(-c4cncc(CNC[C@H]5CCC(=O)N5)c4Cl)c3Cl)c2Cl)cnc1CC[C@H]1CCCCO1
80	mol412	-12.41	COc1nc(-c2cccc(-c3cccc(-c4cnc(CNCC[C@H]5CCCO5)c(OC)n4)c3Cl)c2Cl)cnc1CNCC[C@@H]1CCC(=O)N1
80	mol393	-13.01	COc1nc(-c2cccc(-c3cccc(-c4cnc(CNC[C@H]5CCC(=O)N5)c(OC)n4)c3Cl)c2Cl)cnc1CCC1CCCC1
80	mol396	-12.48	COc1nc(-c2cccc(-c3cccc(-c4cnc(CNC[C@@H]5CCC(=O)N5)c(OC)n4)c3Cl)c2Cl)cnc1CNCC[C@H]1CCCO1
80	mol19	-13.79	COc1nc(-c2cccc(-c3cccc(-c4cnc(C[C@@H]5CCCO5)c(OC)n4)c3Cl)c2Cl)cnc1CNC[C@@H]1CCC(=O)N1
80	mol478	-12.61	COc1nc(-c2cccc(-c3cccc(-c4cnc(CNC[C@@H]5CCC(=O)N5)c(OC)n4)c3Cl)c2Cl)cnc1CNCC[C@H]1CCCO1
80	mol318	-12.91	COc1nc(-c2cccc(-c3cccc(-c4cnc(CNC[C@@H]5CCCO5)c(OC)n4)c3Cl)c2Cl)cnc1CCC[C@H]1CCCO1
80	mol28	-12.63	COc1nc(-c2cccc(-c3cccc(-c4cnc(CNC[C@@H]5CCC(=O)N5)c(OC)n4)c3Cl)c2Cl)cnc1CNCC[C@H]1CCCO1
80	mol357	-13.57	COc1nc(-c2cccc(-c3cccc(-c4cnc(CNC[C@H]5CCC(=O)N5)c(OC)n4)c3Cl)c2Cl)cnc1CC[C@H]1CCCO1
80	mol288	-12.56	COc1nc(-c2cccc(-c3cccc(-c4cnc(CNC[C@@H]5CCC(=O)N5)c(OC)n4)c3Cl)c2Cl)cnc1CNCC[C@H]1CCCO1
80	mol250	-12.73	COc1nc(-c2cccc(-c3cccc(-c4cnc(CNC[C@@H]5CCC(=O)N5)c(OC)n4)c3Cl)c2Cl)cnc1CNCC[C@H]1CCCO1
80	mol253	-13.48	COc1nc(-c2cccc(-c3cccc(-c4cnc(CNC[C@H]5CCC(=O)N5)c(OC)n4)c3Cl)c2Cl)cnc1CC[C@H]1CCCO1
80	mol344	-12.59	COc1nc(-c2cccc(-c3cccc(-c4cnc(CNC[C@@H]5CCC(=O)N5)c(OC)n4)c3Cl)c2Cl)cnc1CNCC[C@H]1CCCO1
80	mol18	-12.47	COc1nc(-c2cccc(-c3cccc(-c4cnc(CNC[C@@H]5CCC(=O)N5)c(OC)n4)c3Cl)c2Cl)cnc1CNCC[C@H]1CCCO1
80	mol64	-13.71	COc1nc(-c2cccc(-c3cccc(-c4cnc(CC5CCCC5)c(OC)n4)c3Cl)c2Cl)cnc1CNC[C@H]1CCC(=O)N1
80	mol195	-13.49	COc1nc(-c2cccc(-c3cccc(-c4cnc(CNC[C@H]5CCC(=O)N5)c(OC)n4)c3Cl)c2Cl)cnc1CC[C@H]1CCCO1
80	mol148	-12.6	COc1nc(-c2cccc(-c3cccc(-c4cn(CCCC(=O)O)nn4)c3Cl)c2Cl)cnc1CCCC1CCCC1
80	mol91	-13.0	COc1nc(-c2cccc(-c3cccc(-c4cncnc4)c3Cl)c2Cl)cnc1CCCC1CCCC1
80	mol204	-12.64	COc1nc(-c2cccc(-c3cccc(-c4cnc(CNC[C@@H]5CCC(=O)N5)c(OC)n4)c3Cl)c2Cl)cnc1CNCC[C@H]1CCCO1
80	mol360	-13.16	COc1nncc(-c2cccc(-c3cccc(-c4cnc(CNC[C@@H]5CCC(=O)N5)c(OC)n4)c3Cl)c2Cl)n1
80	mol13	-13.31	COc1nc(-c2cccc(-c3cccc(-c4cnc(C5CCCC5)c(OC)n4)c3Cl)c2Cl)cnc1CNC[C@H]1CCC(=O)N1
80	mol88	-12.65	COc1nc(-c2cccc(-c3cccc(-c4cnc(CNC[C@@H]5CCC(=O)N5)c(OC)n4)c3Cl)c2Cl)cnc1CNCC[C@H]1CCCO1
80	mol404	-12.57	COc1nc(-c2cccc(-c3cccc(-c4cnc(CNC[C@@H]5CCC(=O)N5)c(OC)n4)c3Cl)c2Cl)cnc1CNCC[C@H]1CCCO1
80	mol274	-13.14	COc1nncc(-c2cccc(-c3cccc(-c4cnc(CNC[C@@H]5CCC(=O)N5)c(OC)n4)c3Cl)c2Cl)n1
80	mol426	-12.45	COc1nc(-c2cccc(-c3cccc(-c4cnc(CNC[C@@H]5CCC(=O)N5)c(OC)n4)c3Cl)c2Cl)cnc1CNCC[C@H]1CCCO1
80	mol450	-12.56	COc1nc(-c2cccc(-c3cccc(-c4cnc(CNC[C@@H]5CCC(=O)N5)c(OC)n4)c3Cl)c2Cl)cnc1CNCC[C@H]1CCCO1
80	mol434	-12.64	COc1nc(-c2cccc(-c3cccc(-c4cnc(CNC[C@@H]5CCC(=O)N5)c(OC)n4)c3Cl)c2Cl)cnc1CNCC[C@H]1CCCO1
80	mol96	-13.5	COc1nc(-c2cccc(-c3cccc(-c4cnc(CNC[C@H]5CCC(=O)N5)c(OC)n4)c3Cl)c2Cl)cnc1CC[C@H]1CCCO1
80	mol452	-12.69	COc1nc(-c2cccc(-c3cccc(-c4cnc(CNC[C@H]5CCC(=O)N5)c(OC)n4)c3Cl)c2Cl)cnc1CCCNCC[C@H]1CCCO1
80	mol482	-13.28	COc1nc(-c2cccc(-c3cccc(-c4cnc(C5CCCC5)c(OC)n4)c3Cl)c2Cl)cnc1CNC[C@H]1CCC(=O)N1
80	mol268	-13.75	COc1nc(-c2cccc(-c3cccc(-c4cnc([C@H]5CC[C@@H](OC)CC5)c(OC)n4)c3Cl)c2Cl)cnc1CNC[C@H]1CCC(=O)N1
80	mol8	-13.81	COc1nc(-c2cccc(-c3cccc(-c4cnc(C[C@@H]5CCCO5)c(OC)n4)c3Cl)c2Cl)cnc1CNC[C@@H]1CCC(=O)N1
80	mol323	-13.49	COc1nc(-c2cccc(-c3cccc(-c4cnc(CNC[C@H]5CCC(=O)N5)c(OC)n4)c3Cl)c2Cl)cnc1CC[C@H]1CCCO1
80	mol260	-13.16	COc1nncc(-c2cccc(-c3cccc(-c4cnc(CNC[C@@H]5CCC(=O)N5)c(OC)n4)c3Cl)c2Cl)n1
80	mol278	-12.74	COc1nc(-c2cccc(-c3cccc(-c4cnc(CNC[C@@H]5CCC(=O)N5)c(OC)n4)c3Cl)c2Cl)cnc1CNCC[C@H]1CCCO1
80	mol310	-12.38	COc1nc(-c2cccc(-c3cccc(-c4cnc(CNC[C@@H]5CCC(=O)N5)c(OC)n4)c3Cl)c2Cl)cnc1CCCC[C@H]1CCCO1
80	mol410	-12.52	COc1nc(-c2cccc(-c3cccc(-c4cnc(CNC[C@@H]5CCC(=O)N5)c(OC)n4)c3Cl)c2Cl)cnc1CNCC[C@H]1CCCO1
80	mol490	-13.1	COc1nncc(-c2cccc(-c3cccc(-c4cnc(CNC[C@@H]5CCC(=O)N5)c(OC)n4)c3Cl)c2Cl)n1
80	mol458	-13.17	COc1nncc(-c2cccc(-c3cccc(-c4cnc(CNC[C@@H]5CCC(=O)N5)c(OC)n4)c3Cl)c2Cl)n1
80	mol37	-13.17	COc1nc(-c2cccc(-c3cccc(-c4cnc(CNC[C@H]5CCC(=O)N5)c(OC)n4)c3Cl)c2Cl)cnc1CCC[C@@H]1CCCO1
80	mol76	-13.59	COc1nc(-c2cccc(-c3cccc(-c4cnc(CNC[C@H]5CCC(=O)N5)c(OC)n4)c3Cl)c2Cl)cnc1CC[C@H]1CCCO1
80	mol266	-13.34	COc1nc(-c2cccc(-c3cccc(-c4cnc(CC5CCC5)c(OC)n4)c3Cl)c2Cl)cnc1CNC[C@@H]1CCC(=O)N1
80	mol339	-12.56	COc1nc(-c2cccc(-c3cccc(-c4cnc(CNC[C@@H]5CCC(=O)N5)c(OC)n4)c3Cl)c2Cl)cnc1CNCC[C@H]1CCCO1
80	mol285	-12.69	COc1nc(-c2cccc(-c3cccc(-c4cnc(CNC[C@@H]5CCC(=O)N5)c(OC)n4)c3Cl)c2Cl)cnc1CNCC[C@H]1CCCO1
80	mol78	-12.69	COc1nc(-c2cccc(-c3cccc(-c4cnc(CNC[C@@H]5CCC(=O)N5)c(OC)n4)c3Cl)c2Cl)cnc1CCNCC[C@@H]1CCCO1
80	mol152	-13.68	COc1nc(-c2cccc(-c3cccc(-c4cnc(CC5CCCC5)c(OC)n4)c3Cl)c2Cl)cnc1CNC[C@H]1CCC(=O)N1
80	mol228	-13.51	COc1nc(-c2cccc(-c3cccc(-c4cnc(CNC[C@H]5CCC(=O)N5)c(OC)n4)c3Cl)c2Cl)cnc1CC[C@H]1CCCO1
80	mol307	-13.13	COc1nc(-c2cccc(-c3cccc(-c4cnc(CNC[C@H]5CCC(=O)N5)c(OC)n4)c3Cl)c2Cl)cnc1CNCCC1CCCC1
80	mol416	-13.37	COc1nncc(-c2cccc(-c3cccc(-c4cnc(CNC[C@H]5CCCC(=O)N5)c(OC)n4)c3Cl)c2Cl)n1
80	mol373	-13.1	COc1nc(-c2cccc(-c3cccc(-c4cnc(CNC[C@H]5CCC(=O)N5)c(OC)n4)c3Cl)c2Cl)cnc1CNCCC1CCCC1
80	mol282	-13.29	COc1nc(-c2cccc(-c3cccc(-c4cnc(NC[C@@H]5CCC(=O)N5)c(OC)n4)c3Cl)c2Cl)cnc1CC[C@@H]1CCCO1
80	mol326	-12.98	COc1nc(-c2cccc(-c3cccc(-c4cnc(CNC[C@H]5CCC(=O)N5)c(OC)n4)c3Cl)c2Cl)cnc1CCC1CCCC1
80	mol433	-12.5	COc1nncc(-c2cccc(-c3cccc(-c4cnn(C)n4)c3Cl)c2Cl)n1
80	mol317	-13.25	COc1nc(-c2cccc(-c3cccc(-c4cncnc4)c3Cl)c2Cl)cnc1/C=C\C[C@H]1CCCO1
80	mol415	-12.65	COc1nc(-c2cccc(-c3cccc(-c4cnc(CNC[C@@H]5CCC(=O)N5)c(OC)n4)c3Cl)c2Cl)cnc1CNCC[C@H]1CCCO1
80	mol215	-13.02	COc1nc(-c2cccc(-c3cccc(-c4cnc(CNC[C@H]5CCC(=O)N5)c(OC)n4)c3Cl)c2Cl)cnc1CCCCC[C@H]1CCCO1
80	mol398	-13.72	COc1nc(-c2cccc(-c3cccc(-c4cnc(CN[C@@H]5CCCO5)c(OC)n4)c3Cl)c2Cl)cnc1CNC[C@@H]1CCC(=O)N1
80	mol26	-12.53	COc1nc(-c2cccc(-c3cccc(-c4cnc(CNC[C@@H]5CCC(=O)N5)c(OC)n4)c3Cl)c2Cl)cnc1CNCC[C@H]1CCCO1
80	mol34	-12.54	COc1nc(-c2cccc(-c3cccc(-c4cnc(CNC[C@@H]5CCC(=O)N5)c(OC)n4)c3Cl)c2Cl)cnc1CNCC[C@H]1CCCO1
80	mol291	-12.52	COc1nc(-c2cccc(-c3cccc(-c4cnc(CNC[C@@H]5CCC(=O)N5)c(OC)n4)c3Cl)c2Cl)cnc1CNCC[C@H]1CCCO1
80	mol475	-13.05	COc1nc(-c2cccc(-c3cccc(-c4cnc(CNC[C@H]5CCC(=O)N5)c(OC)n4)c3Cl)c2Cl)cnc1CCC[C@@H]1CCCO1
80	mol493	-13.17	COc1nncc(-c2cccc(-c3cccc(-c4cnc(CNC[C@@H]5CCC(=O)N5)c(OC)n4)c3Cl)c2Cl)n1
80	mol217	-13.5	COc1nc(-c2cccc(-c3cccc(-c4cnc(CNC[C@H]5CCC(=O)N5)c(OC)n4)c3Cl)c2Cl)cnc1CC[C@H]1CCCO1
80	mol213	-12.77	COc1nc(-c2cccc(-c3cccc(-c4cnc(CNC[C@@H]5CCC(=O)N5)c(OC)n4)c3Cl)c2Cl)cnc1CCC(=O)O
80	mol330	-13.15	COc1nc(-c2cccc(-c3cccc(-c4cnc(C[C@H]5CCCCO5)c(OC)n4)c3Cl)c2Cl)cnc1CNC[C@H]1CCC(=O)N1
80	mol448	-13.3	COc1ncc(-c2cccc(-c3cccc(-c4cnc(CNC[C@@H]5CCC(=O)N5)c(OC)n4)c3Cl)c2Cl)cn1
80	mol40	-13.5	COc1nc(-c2cccc(-c3cccc(-c4cnc(CNC[C@H]5CCC(=O)N5)c(OC)n4)c3Cl)c2Cl)cnc1CC[C@H]1CCCO1
80	mol287	-13.56	COc1nc(-c2cccc(-c3cccc(-c4cnc(CNC[C@H]5CCC(=O)N5)c(OC)n4)c3Cl)c2Cl)cnc1CC[C@H]1CCCO1
80	mol36	-13.09	COc1nncc(-c2cccc(-c3cccc(-c4cnc(CNC[C@@H]5CCC(=O)N5)c(OC)n4)c3Cl)c2Cl)n1
80	mol491	-12.43	COc1nc(-c2cccc(-c3cccc(-c4cnc(CNC[C@@H]5CCC(=O)N5)c(OC)n4)c3Cl)c2Cl)cnc1CCCC[C@H]1CCCO1
80	mol144	-12.61	COc1nc(-c2cccc(-c3cccc(-c4cnc(OC[C@@H]5CCC(=O)N5)c(OC)n4)c3Cl)c2Cl)cnc1CNCCC1CCC1
80	mol308	-12.72	CCOc1nc(-c2cccc(-c3cccc(-c4cnc(CNC[C@H]5CCC(=O)N5)c(OC)n4)c3Cl)c2Cl)cnc1CNCC[C@@H]1CCCO1
80	mol480	-13.5	COc1nc(-c2cccc(-c3cccc(-c4cnc(CNC[C@H]5CCC(=O)N5)c(OC)n4)c3Cl)c2Cl)cnc1CC[C@H]1CCCO1
80	mol332	-13.17	COc1nncc(-c2cccc(-c3cccc(-c4cnc(CNC[C@@H]5CCC(=O)N5)c(OC)n4)c3Cl)c2Cl)n1
80	mol56	-13.82	COc1nc(-c2cccc(-c3cccc(-c4cnc(C[C@@H]5CCCO5)c(OC)n4)c3Cl)c2Cl)cnc1CNC[C@@H]1CCC(=O)N1
80	mol275	-13.88	COc1nc(-c2cccc(-c3cccc(-c4cccc(OC[C@H]5CCOC5)c4Cl)c3Cl)c2Cl)cnc1C[C@@H]1CCCO1
80	mol167	-13.11	COc1nc(-c2cccc(-c3cccc(-c4cnc(COCC[C@@H]5CCCO5)c(OC)n4)c3Cl)c2Cl)cnc1CNC[C@H]1CCC(=O)N1
80	mol54	-13.1	COc1nc(-c2cccc(-c3cccc(-c4cnc(CNC[C@H]5CCC(=O)N5)c(OC)n4)c3Cl)c2Cl)cnc1CCC[C@@H]1CCCO1
80	mol118	-13.16	COc1nncc(-c2cccc(-c3cccc(-c4cnc(CNC[C@@H]5CCC(=O)N5)c(OC)n4)c3Cl)c2Cl)n1
80	mol333	-12.8	COc1nc(-c2cccc(-c3cccc(-c4cnc(CNC[C@@H]5CCC(=O)N5)c(OC)n4)c3Cl)c2Cl)cnc1CCNCC[C@@H]1CCCO1
80	mol247	-13.68	COc1nc(-c2cccc(-c3cccc(-c4cnc(CC5CCCC5)c(OC)n4)c3Cl)c2Cl)cnc1CNC[C@H]1CCC(=O)N1
80	mol200	-12.04	Cn1ncnc1CN1CCC(=O)c2ccc(-c3ccnc(-c4cccc(CNCC5CC5)c4Cl)c3Cl)cc21
80	mol138	-12.64	COc1nc(-c2cccc(-c3cccc(-c4cnn(C)c4)c3Cl)c2Cl)cnc1CNCC[C@@H]1CCCO1
80	mol72	-13.01	COc1nc(-c2cccc(-c3cccc(-c4cnc(CNC[C@H]5CCC(=O)N5)c(OC)n4)c3Cl)c2Cl)cnc1CCC[C@@H]1CCCO1
80	mol1	-12.67	COc1nc(-c2cccc(-c3cccc(-c4cnc(CNC[C@H]5CCC(=O)N5)c(OC)n4)c3Cl)c2Cl)cnc1CCCNCC[C@H]1CCCO1
80	mol488	-13.12	COc1nc(-c2cccc(-c3cccc(-c4cnc(CNC[C@@H]5CCC(=O)N5)c(OC)n4)c3Cl)c2Cl)cnc1CCC1CCC1
80	mol334	-12.29	CCOc1nc(-c2cccc(-c3cccc(-c4cnc(CNC[C@@H]5CCC(=O)N5)c(OC)n4)c3Cl)c2Cl)cnc1CNC[C@@H]1CCCO1
80	mol286	-13.31	COc1ncc(-c2cccc(-c3cccc(-c4cnc(CNC[C@@H]5CCC(=O)N5)c(OC)n4)c3Cl)c2Cl)cn1
80	mol329	-13.56	COc1nc(-c2cccc(-c3cccc(-c4cnc(CNC[C@H]5CCC(=O)N5)c(OC)n4)c3Cl)c2Cl)cnc1CC[C@H]1CCCO1
80	mol271	-13.12	COc1nc(-c2cccc(-c3cccc(-c4cnc([C@@H]5CCCO5)c(OC)n4)c3Cl)c2Cl)cnc1CNC[C@H]1CCC(=O)N1
80	mol386	-12.87	COc1nc(-c2cccc(-c3cccc(-c4cnc(COCCn5cncn5)c(OC)n4)c3Cl)c2Cl)cnc1CNC[C@H]1CCC(=O)N1
80	mol231	-13.16	COc1nc(-c2cccc(-c3cccc(-c4cnc([C@@H]5CCCO5)c(OC)n4)c3Cl)c2Cl)cnc1CNC[C@H]1CCC(=O)N1
80	mol469	-13.49	COc1nc(-c2cccc(-c3cccc(-c4cnc(CNC[C@H]5CCC(=O)N5)c(OC)n4)c3Cl)c2Cl)cnc1CC[C@H]1CCCO1
80	mol258	-13.13	COc1nc(-c2cccc(-c3cccc(-c4cnc(CNC[C@H]5CCC(=O)N5)c(OC)n4)c3Cl)c2Cl)cnc1CCC[C@@H]1CCCO1
80	mol32	-12.68	COc1nc(-c2cccc(-c3cccc(-c4cnc(CNC[C@H]5CCC(=O)N5)c(OC)n4)c3Cl)c2Cl)cnc1CCCNCC[C@H]1CCCO1
80	mol218	-12.62	COc1nc(-c2cccc(-c3cccc(-c4cnc(CNC[C@H]5CCC(=O)N5)c(OC)n4)c3Cl)c2Cl)cnc1CCCNCC[C@H]1CCCO1
80	mol370	-12.66	COc1nc(-c2cccc(-c3cccc(-c4cnc(CNC[C@@H]5CCC(=O)N5)c(OC)n4)c3Cl)c2Cl)cnc1CNCC[C@H]1CCCO1
80	mol303	-13.13	COc1nc(-c2cccc(-c3cccc(-c4cnc(CNC[C@H]5CCC(=O)N5)c(OC)n4)c3Cl)c2Cl)cnc1CCC[C@@H]1CCCO1
80	mol177	-12.63	COc1nc(-c2cccc(-c3cccc(-c4cnc(CNC[C@@H]5CCC(=O)N5)c(OC)n4)c3Cl)c2Cl)cnc1CNCC[C@H]1CCCO1
80	mol212	-12.64	COc1nc(-c2cccc(-c3cccc(-c4cnc(CNC[C@@H]5CCC(=O)N5)c(OC)n4)c3Cl)c2Cl)cnc1CNCC[C@H]1CCCO1
80	mol293	-13.17	COc1nc(-c2cccc(-c3cccc(-c4cnc([C@@H]5CCCO5)c(OC)n4)c3Cl)c2Cl)cnc1CNC[C@H]1CCC(=O)N1
80	mol145	-12.98	COc1nc(-c2cccc(-c3cccc(-c4cnc(CNC[C@H]5CCC(=O)N5)c(OC)n4)c3Cl)c2Cl)cnc1CCC[C@@H]1CCCO1
80	mol105	-12.65	CCOc1nc(-c2cccc(-c3cccc(-c4cnc(CNC[C@H]5CCC(=O)N5)c(OC)n4)c3Cl)c2Cl)cnc1CCCCO
80	mol232	-13.15	COc1nncc(-c2cccc(-c3cccc(-c4cnc(CNC[C@@H]5CCC(=O)N5)c(OC)n4)c3Cl)c2Cl)n1
80	mol444	-12.4	COc1nc(-c2cccc(-c3cccc(-c4cnc(CNC[C@@H]5CCC(=O)N5)c(OC)n4)c3Cl)c2Cl)cnc1CCCC[C@H]1CCCO1
80	mol166	-12.51	COc1nc(-c2cccc(-c3cccc(-c4cnc(CNC[C@H]5CCC(=O)N5)c(OC)n4)c3Cl)c2Cl)cnc1CNCCC[C@H]1CCCO1
80	mol435	-13.54	COc1nc(-c2cccc(-c3cccc(-c4cnc(CNC[C@H]5CCC(=O)N5)c(OC)n4)c3Cl)c2Cl)cnc1CC[C@H]1CCCO1
80	mol353	-13.25	O=C1CC[C@@H](CNCc2ncc(-c3cccc(-c4cccc(-c5cn(Cc6nnc(-c7ccccn7)n6CCCO)cn5)c4Cl)c3Cl)c(Cl)c2OC[C@@H]2CCC(=O)N2)N1
80	mol57	-13.03	COc1nc(-c2cccc(-c3cccc(-c4cnc(C[C@H]5CCC(=O)N5)c(OC)n4)c3Cl)c2Cl)cnc1CCC[C@@H]1CCCO1
80	mol366	-13.13	COc1nc(-c2cccc(-c3cccc(-c4cnc([C@@H]5CCCO5)c(OC)n4)c3Cl)c2Cl)cnc1CNC[C@H]1CCC(=O)N1
80	mol403	-12.6	COc1nc(-c2cccc(-c3cccc(-c4cnc(CNC[C@@H]5CCC(=O)N5)c(OC)n4)c3Cl)c2Cl)cnc1CNCC[C@H]1CCCO1
80	mol140	-13.47	COc1nc(-c2cccc(-c3cccc(-c4cnc(CNC[C@H]5CCC(=O)N5)c(OC)n4)c3Cl)c2Cl)cnc1CC[C@H]1CCCO1
80	mol162	-12.11	COc1nc(-c2cccc(-c3cccc(-c4cnc(CNCC5CCOCC5)c(OC)n4)c3Cl)c2Cl)cnc1CCCCCNCC[C@H]1CCCO1
80	mol239	-12.55	COc1nc(-c2cccc(-c3cccc(-c4cnc(CNC[C@@H]5CCC(=O)N5)c(OC)n4)c3Cl)c2Cl)cnc1CNCC[C@H]1CCCO1
80	mol402	-13.13	COc1nc(-c2cccc(-c3cccc(-c4cnc([C@@H]5CCCO5)c(OC)n4)c3Cl)c2Cl)cnc1CNC[C@H]1CCC(=O)N1
80	mol489	-13.15	COc1nc(-c2cccc(-c3cccc(-c4cnc(CNC[C@H]5CCC(=O)N5)c(OC)n4)c3Cl)c2Cl)cnc1CCC[C@@H]1CCCO1
80	mol95	-12.87	COc1nc(-c2cccc(-c3cccc(-c4cncc(CNC[C@H]5CCC(=O)N5)c4Cl)c3Cl)c2Cl)cnc1CCNCCC[C@@H]1CCCO1
80	mol381	-12.58	COc1nc(-c2cccc(-c3cccc(-c4cnc(CNC[C@@H]5CCC(=O)N5)c(OC)n4)c3Cl)c2Cl)cnc1CCCC[C@H]1CCCO1
80	mol164	-12.71	COc1nc(-c2cccc(-c3cccc(-c4cnc(CNC[C@@H]5CCC(=O)N5)c(OC)n4)c3Cl)c2Cl)cnc1CNCC[C@H]1CCCO1
80	mol457	-12.27	COc1nc(-c2cccc(-c3cccc(-c4cnc(CNC[C@@H]5CCC(=O)N5)c(OC)n4)c3Cl)c2Cl)cnc1CCCCCCNCC[C@H]1CCCO1
80	mol355	-13.81	COc1nc(-c2cccc(-c3cccc(-c4cnc(C[C@@H]5CCCO5)c(OC)n4)c3Cl)c2Cl)cnc1CNC[C@@H]1CCC(=O)N1
80	mol180	-13.11	COc1nncc(-c2cccc(-c3cccc(-c4cnc(CNC[C@@H]5CCC(=O)N5)c(OC)n4)c3Cl)c2Cl)n1
80	mol171	-13.17	COc1nncc(-c2cccc(-c3cccc(-c4cnc(CNC[C@@H]5CCC(=O)N5)c(OC)n4)c3Cl)c2Cl)n1
80	mol361	-13.18	COc1nncc(-c2cccc(-c3cccc(-c4cnc(CNC[C@@H]5CCC(=O)N5)c(OC)n4)c3Cl)c2Cl)n1
80	mol322	-13.14	COc1nc(-c2cccc(-c3cccc(-c4cnc(CNC[C@H]5CCC(=O)N5)c(OC)n4)c3Cl)c2Cl)cnc1CCC[C@@H]1CCCO1
80	mol259	-12.66	COc1nc(-c2cccc(-c3cccc(-c4cnc(CNC[C@@H]5CCC(=O)N5)c(OC)n4)c3Cl)c2Cl)cnc1CNCC[C@H]1CCCO1
80	mol129	-13.11	COc1nc(-c2cccc(-c3cccc(-c4cnc(CNC[C@H]5CCC(=O)N5)c(OC)n4)c3Cl)c2Cl)cnc1CCCCC1CCCC1
80	mol44	-13.16	COc1nncc(-c2cccc(-c3cccc(-c4cnc(CNC[C@@H]5CCC(=O)N5)c(OC)n4)c3Cl)c2Cl)n1
80	mol372	-13.1	COc1nncc(-c2cccc(-c3cccc(-c4cnc(CNC[C@@H]5CCC(=O)N5)c(OC)n4)c3Cl)c2Cl)n1
80	mol314	-12.63	COc1nc(-c2cccc(-c3cccc(-c4cnc(CNC[C@@H]5CCC(=O)N5)c(OC)n4)c3Cl)c2Cl)cnc1CNCC[C@H]1CCCO1
80	mol382	-13.41	COc1nc(-c2cccc(-c3cccc(-c4cnc(CNC[C@@H]5CCC(=O)N5)c(OC)n4)c3Cl)c2Cl)cnc1CCCC1CCCC1
80	mol453	-13.11	COc1nc(-c2cccc(-c3cccc(-c4cncnc4Cl)c3Cl)c2Cl)cnc1CNCC[C@@H]1CCCO1
80	mol160	-13.45	COc1nc(-c2cccc(-c3cccc(-c4cnc(C5CC5)c(OC)n4)c3Cl)c2Cl)cnc1CNC[C@H]1CCC(=O)N1
80	mol440	-12.3	COCCCOc1cnc(-c2cccc(-c3cccc(-c4cnc(CNC[C@@H]5CCC(=O)N5)c(OC)n4)c3Cl)c2Cl)cn1
80	mol89	-13.16	COc1nc(-c2cccc(-c3cccc(-c4cnc(CNC[C@@H]5CCC(=O)N5)c(OC)n4)c3Cl)c2Cl)cnc1CC[NH+]1CCC1
80	mol316	-12.89	COc1nc(-c2cccc(-c3cccc(-c4cnn(C)n4)c3Cl)c2Cl)cnc1CC[C@H]1CCCO1
80	mol77	-13.24	COc1nc(-c2cccc(-c3cccc(-c4cnc(CNC[C@@H]5CCC(=O)N5)c(OC)n4)c3Cl)c2Cl)cnc1/C=C/CO
80	mol494	-12.72	COc1ncn(-c2cccc(-c3cccc(-c4cnc(CNC[C@@H]5CCC(=O)N5)c(OC)n4)c3Cl)c2Cl)n1
80	mol292	-13.91	O=C(O)COc1ccc(-c2cccc(-c3cccc(-c4cnc(CNC[C@@H]5CCCC(=O)N5)c(OC[C@H]5CCC(=O)N5)c4Cl)c3Cl)c2Cl)cn1
80	mol362	-12.61	COc1nc(-c2cccc(-c3cccc(-c4cnc(CNC[C@@H]5CCC(=O)N5)c(OC)n4)c3Cl)c2Cl)cnc1CNCC[C@H]1CCCO1
80	mol220	-13.45	COc1nc(-c2cccc(-c3cccc(-c4cnc(CN[C@@H]5CCC(=O)N5)c(OC)n4)c3Cl)c2Cl)cnc1CCC[C@@H]1CCCO1
80	mol359	-13.34	COc1nc(-c2cccc(-c3cccc(-c4cnc(COC[C@H]5CCCO5)c(OC)n4)c3Cl)c2Cl)cnc1CNC[C@H]1CCC(=O)N1
80	mol206	-12.77	COc1nc(-c2cccc(-c3cccc(-c4cnc(CNC[C@H]5CCC(=O)N5)c(OC)n4)c3Cl)c2Cl)cnc1CCCCCn1cnc(C)n1
80	mol439	-12.82	COc1nc(-c2cccc(-c3cccc(-c4cnc(CNC[C@H]5CCC(=O)N5)c(OC)n4)c3Cl)c2Cl)cnc1CCCO
80	mol474	-13.53	COc1nc(-c2cccc(-c3cccc(-c4cnc(CNC[C@H]5CCC(=O)N5)c(OC)n4)c3Cl)c2Cl)cnc1CC[C@H]1CCCO1
80	mol498	-12.62	COc1nc(-c2cccc(-c3cccc(-c4cnc(CNC[C@@H]5CCC(=O)N5)c(OC)n4)c3Cl)c2Cl)cnc1CNCC[C@H]1CCCO1
80	mol394	-12.7	COc1nc(-c2cccc(-c3cccc(-c4cnc(CNC[C@@H]5CCC(=O)N5)c(OC)n4)c3Cl)c2Cl)cnc1CNCC[C@H]1CCCO1
80	mol198	-13.43	COc1nc(-c2cccc(-c3cccc(-c4cnc(C[C@H]5CC[C@H](O)CC5)c(OC)n4)c3Cl)c2Cl)cnc1CNC[C@@H]1CCC(=O)N1
80	mol117	-13.8	COc1nc(-c2cccc(-c3cccc(-c4cnc(C[C@@H]5CCCO5)c(OC)n4)c3Cl)c2Cl)cnc1CNC[C@@H]1CCC(=O)N1
80	mol174	-13.17	COc1nc(-c2cccc(-c3cccc(-c4cnn(C)c4)c3Cl)c2Cl)cnc1CCC[C@H]1CCCCO1
80	mol294	-13.04	COc1nc(-c2cccc(-c3cccc(-n4cnc(CNC[C@@H]5CCC(=O)N(C)C5)c4Cl)c3Cl)c2Cl)cnc1CNCCC1CCC1
80	mol227	-13.69	COc1nc(-c2cccc(-c3cccc(-c4cnn(C)c4Cl)c3Cl)c2Cl)cnc1C[C@H]1CCCO1
80	mol430	-12.99	COc1nc(-c2cccc(-c3cccc(-c4cnc(C[C@H]5CCCN5CCCC5CCC5)c(OC)n4)c3Cl)c2Cl)cnc1CNC[C@H]1CCC(=O)N1
80	mol11	-12.69	COc1nc(-c2cccc(-c3cccc(-c4cnc(CNC[C@@H]5CCC(=O)N5)c(OC)n4)c3Cl)c2Cl)cnc1CCNCC[C@@H]1CCCO1
80	mol309	-12.66	COc1nc(-c2cccc(-c3cccc(-c4cnc(CNC[C@@H]5CCC(=O)N5)c(OC)n4)c3Cl)c2Cl)cnc1CNCC[C@H]1CCCO1
80	mol139	-12.63	COc1nc(-c2cccc(-c3cccc(-c4cnc(CNC[C@@H]5CCC(=O)N5)c(OC)n4)c3Cl)c2Cl)cnc1CNCC[C@H]1CCCO1
80	mol110	-13.53	COc1nc(-c2cccc(-c3cccc(-c4cnc(CNC[C@H]5CCC(=O)N5)c(OC)n4)c3Cl)c2Cl)cnc1CC[C@H]1CCCO1
80	mol135	-12.71	COc1nc(-c2cccc(-c3cccc(-c4cnc(CNC[C@@H]5CCC(=O)N5)c(OC)n4)c3Cl)c2Cl)cnc1CNCC[C@H]1CCCO1
80	mol411	-13.33	COc1nc(-c2cccc(-c3cccc(-c4cncnc4Cl)c3Cl)c2Cl)cnc1CCCC1CCCC1
80	mol182	-13.04	COc1nc(-c2cccc(-c3cccc(-c4cncc(CNC[C@H]5CCC(=O)N5)c4Cl)c3Cl)c2Cl)cnc1CNCC[C@@H]1CCCO1
80	mol9	-13.8	COc1nc(-c2cccc(-c3cccc(-c4cnc(C[C@@H]5CCCO5)c(OC)n4)c3Cl)c2Cl)cnc1CNC[C@@H]1CCC(=O)N1
80	mol133	-13.56	COc1nc(-c2cccc(-c3cccc(-c4cnc(CNC[C@H]5CCC(=O)N5)c(OC)n4)c3Cl)c2Cl)cnc1CC[C@H]1CCCO1
80	mol424	-12.52	COc1nc(-c2cccc(-c3cccc(-c4cnc(CNC[C@@H]5CCC(=O)N5)c(OC)n4)c3Cl)c2Cl)cnc1CNCC[C@H]1CCCO1
80	mol351	-12.85	COc1nc(-c2cccc(-c3cccc(-c4cnc(CNC[C@H]5CCCN5)c(OC)n4)c3Cl)c2Cl)cnc1CNCC[C@@H]1CCCO1
80	mol208	-13.42	COc1nc(-c2cccc(-c3cccc(-c4cnc(CNC[C@@H]5CCC(=O)N5)c(OC)n4)c3Cl)c2Cl)cnc1CCCC1CCCC1
80	mol388	-13.01	COc1nc(-c2cccc(-c3cccc(-c4cccnc4CNCCC(=O)O)c3Cl)c2Cl)cnc1CC1CCCC1
80	mol147	-13.73	COc1nc(-c2cccc(-c3cccc(-c4cnc(CNC[C@@H]5CCC(=O)N5)c(OC)n4)c3Cl)c2Cl)cnc1CCC1CCCCC1
80	mol90	-13.2	COc1nc(-c2cccc(-c3cccc(-c4cnc(CNC[C@H]5CCC(=O)N5)c(OC)n4)c3Cl)c2Cl)cnc1CCC[C@@H]1CCCO1
80	mol150	-13.18	COc1nncc(-c2cccc(-c3cccc(-c4cnc(CNC[C@@H]5CCC(=O)N5)c(OC)n4)c3Cl)c2Cl)n1
80	mol121	-12.74	CCOc1cnc(-c2cccc(-c3cccc(-c4cnc(CNC[C@@H]5CCC(=O)N5)c(OC)n4)c3Cl)c2Cl)cn1
80	mol331	-12.07	COc1nc(-c2cccc(-c3cccc(-c4cnc(COCCCCNCC[C@H]5CCCO5)c(OC)n4)c3Cl)c2Cl)cnc1CNC[C@H]1CCC(=O)N1
80	mol441	-13.53	COc1nc(-c2cccc(-c3cccc(-c4cnc(CNC[C@H]5CCC(=O)N5)c(OC)n4)c3Cl)c2Cl)cnc1CC[C@H]1CCCO1
80	mol363	-13.16	COc1nncc(-c2cccc(-c3cccc(-c4cnc(CNC[C@@H]5CCC(=O)N5)c(OC)n4)c3Cl)c2Cl)n1
80	mol93	-12.46	COc1nc(-c2cccc(-c3cccc(-c4cnc(CNC[C@@H]5CCC(=O)N5)c(OC)n4)c3Cl)c2Cl)cnc1CCCC[C@H]1CCCO1
80	mol376	-13.39	COc1ccc(-c2cccc(-c3cccc(-c4cnc(CNC[C@@H]5CCC(=O)N5)c(OC)n4)c3Cl)c2Cl)cn1
80	mol263	-13.1	COc1nc(-c2cccc(-c3cccc(-c4cncc(CNC[C@H]5CCC(=O)N5)c4Cl)c3Cl)c2Cl)cnc1CCCCO
80	mol113	-12.32	COc1nc(-c2cccc(-c3ccccc3Cl)c2Cl)nnc1-c1ccncn1
80	mol120	-12.55	COc1nc(-c2cccc(-c3cccc(-c4cnc(CNC[C@@H]5CCC(=O)N5)c(OC)n4)c3Cl)c2Cl)cnc1CNCC[C@H]1CCCO1
80	mol389	-12.63	COc1nc(-c2cccc(-c3cccc(-c4cncc(CNC[C@@H]5CCC(=O)N5)c4Cl)c3Cl)c2Cl)cnc1CNCCNCCC1CCC1
80	mol83	-13.45	COc1nc(-c2cccc(-c3cccc(-c4cnc(CNC[C@H]5CCC(=O)N5)c(OC)n4)c3Cl)c2Cl)cnc1CC[C@H]1CCCO1
80	mol184	-12.35	COc1nc(-c2cccc(-c3cccc(-c4cnc(CNC[C@@H]5CCC(=O)N5)c(OC)n4)c3Cl)c2Cl)cnc1CCCC[C@H]1CCCO1
80	mol2	-12.5	COc1nc(-c2cccc(-c3cccc(-c4cnc(CNC[C@@H]5CCC(=O)N5)c(OC)n4)c3Cl)c2Cl)cnc1CNCC[C@H]1CCCO1
80	mol191	-12.91	COc1cnc(-c2cccc(-c3cccc(-c4cnc(CNC[C@@H]5CCC(=O)N5)c(OC)n4)c3Cl)c2Cl)cn1
80	mol466	-13.16	COc1nncc(-c2cccc(-c3cccc(-c4cnc(CNC[C@@H]5CCC(=O)N5)c(OC)n4)c3Cl)c2Cl)n1
80	mol451	-12.5	COc1nc(-c2cccc(-c3cccc(-c4cnn(C)n4)c3Cl)c2Cl)cnc1CNCC[C@@H]1CCCO1
80	mol395	-13.13	COc1nc(-c2cccc(-c3cccc(-c4cnc(CNC[C@H]5CCC(=O)N5)c(OC)n4)c3Cl)c2Cl)cnc1CCC[C@@H]1CCCO1
80	mol262	-13.15	COc1nncc(-c2cccc(-c3cccc(-c4cnc(CNC[C@@H]5CCC(=O)N5)c(OC)n4)c3Cl)c2Cl)n1
80	mol257	-12.55	COc1nc(-c2cccc(-c3cccc(-c4cnc(CNC[C@@H]5CCC(=O)N5)c(OC)n4)c3Cl)c2Cl)cnc1CNCC[C@H]1CCCO1
80	mol420	-13.5	COc1nc(-c2cccc(-c3cccc(-c4cnc(CNC[C@H]5CCC(=O)N5)c(OC)n4)c3Cl)c2Cl)cnc1CC[C@H]1CCCO1
80	mol485	-13.05	COc1nc(-c2cccc(-c3cccc(-c4cnc(CNC[C@H]5CCC(=O)N5)c(OC)n4)c3Cl)c2Cl)cnc1CCC[C@@H]1CCCO1
80	mol142	-13.71	COc1nc(-c2cccc(-c3cccc(-c4cnc(CC5CCCC5)c(OC)n4)c3Cl)c2Cl)cnc1CNC[C@H]1CCC(=O)N1
80	mol125	-13.19	COc1nc(-c2cccc(-c3cccc(-c4cnc(CNC[C@H]5CCC(=O)N5)c(OC)n4)c3Cl)c2Cl)cnc1CCC[C@@H]1CCCO1
80	mol211	-12.58	COc1nc(-c2cccc(-c3cccc(-c4cnc(CNC[C@@H]5CCC(=O)N5)c(OC)n4)c3Cl)c2Cl)cnc1CNCC[C@H]1CCCO1
80	mol4	-12.89	COc1nc(-c2cccc(-c3cccc(-c4cnc(CNC[C@H]5CCC(=O)N5)c(OC)n4)c3Cl)c2Cl)cnc1CCCCCn1cncn1
80	mol109	-13.48	COc1nc(-c2cccc(-c3cccc(-c4cnc(CNC[C@H]5CCC(=O)N5)c(OC)n4)c3Cl)c2Cl)cnc1CC[C@H]1CCCO1
80	mol299	-12.51	COc1nc(-c2cccc(-c3cccc(-c4cnc(CNC[C@@H]5CCC(=O)N5)c(OC)n4)c3Cl)c2Cl)cnc1CCCCCCC1CCCC1
80	mol378	-13.43	COc1nc(-c2cccc(-c3cccc(-c4cnc(CNC[C@H]5CCC(=O)N5)c(OC)n4)c3Cl)c2Cl)cnc1CC[C@H]1CCCO1
80	mol224	-13.49	COc1nc(-c2cccc(-c3cccc(-c4cnc(CNC[C@H]5CCC(=O)N5)c(OC)n4)c3Cl)c2Cl)cnc1CC[C@H]1CCCO1
80	mol161	-12.66	COc1nc(-c2cccc(-c3cccc(-c4cnc(CNC[C@@H]5CCC(=O)N5)c(OC)n4)c3Cl)c2Cl)cnc1CNCC[C@H]1CCCO1
80	mol417	-12.69	COc1nc(-c2cccc(-c3cccc(-c4cnc(CNC[C@@H]5CCC(=O)N5)c(OC)n4)c3Cl)c2Cl)cnc1CNCC[C@H]1CCCO1
80	mol39	-13.14	COc1nncc(-c2cccc(-c3cccc(-c4cnc(CNC[C@@H]5CCC(=O)N5)c(OC)n4)c3Cl)c2Cl)n1
80	mol230	-12.61	COc1nc(-c2cccc(-c3cccc(-c4cnc(CNC[C@@H]5CCC(=O)N5)c(OC)n4)c3Cl)c2Cl)cnc1CNCC[C@H]1CCCO1
80	mol496	-13.14	COc1nc(-c2cccc(-c3cccc(-c4cnc(CN[C@H]5CCC(=O)N5)c(OC)n4)c3Cl)c2Cl)cnc1CNCC[C@H]1CCCO1
80	mol219	-13.33	COc1nc(-c2cccc(-c3cccc(-c4cnc(C[C@H]5CC[C@@H](OC)CC5)c(OC)n4)c3Cl)c2Cl)cnc1CNC[C@@H]1CCC(=O)N1
80	mol311	-13.83	COc1nc(-c2cccc(-c3cccc(-c4cnc(C[C@@H]5CCCO5)c(OC)n4)c3Cl)c2Cl)cnc1CNC[C@@H]1CCC(=O)N1
80	mol280	-12.35	COc1nc(-c2cccc(-c3cccc(-c4cnc(CNC[C@@H]5CCC(=O)N5)c(OC)n4)c3Cl)c2Cl)cnc1CCCC[C@H]1CCCO1
80	mol104	-12.82	COc1nc(-c2cccc(-c3cccc(-c4cnc(CNC[C@H]5CCC(=O)N5)c(OC)n4)c3Cl)c2Cl)cnc1CCCCC[C@H]1CCCO1
80	mol173	-12.61	COc1nc(-c2cccc(-c3cccc(-c4cnc(CNC[C@@H]5CCC(=O)N5)c(OC)n4)c3Cl)c2Cl)cnc1CNCC[C@H]1CCCO1
80	mol154	-12.84	COc1nc(-c2cccc(-c3cccc(-c4cnc(CNC[C@H]5CCC(=O)N5)c(OC)n4)c3Cl)c2Cl)cnc1CCC1CCCC1
80	mol447	-12.73	COc1nc(-c2cccc(-c3cccc(-c4cnc(CNC[C@@H]5CCC(=O)N5)c(OC)n4)c3Cl)c2Cl)cnc1CNCC[C@H]1CCCO1
80	mol413	-12.5	COc1nc(-c2cccc(-c3cccc(-c4cnc(CNC[C@@H]5CCC(=O)N5)c(OC)n4)c3Cl)c2Cl)cnc1CNCC[C@H]1CCCO1
80	mol406	-12.67	CCOc1nc(-c2cccc(-c3cccc(-c4cnc(CNC[C@H]5CCC(=O)N5)c(OC)n4)c3Cl)c2Cl)cnc1CNCC[C@@H]1CCCO1
80	mol269	-12.7	COc1nc(-c2cccc(-c3cccc(-c4cncnc4)c3Cl)c2Cl)cnc1CCC[C@H]1CCCO1
80	mol397	-12.71	COc1nc(-c2cccc(-c3cccc(-c4cnc(CNC[C@@H]5CCC(=O)N5)c(OC)n4)c3Cl)c2Cl)cnc1CNCC[C@H]1CCCO1
80	mol456	-13.17	COc1nc(-c2cccc(-c3cccc(-c4cnc(CNC[C@H]5CCC(=O)N5)c(OC)n4)c3Cl)c2Cl)cnc1CCC[C@@H]1CCCO1
80	mol0	-13.49	COc1nc(-c2cccc(-c3cccc(-c4cnc(CNC[C@H]5CCC(=O)N5)c(OC)n4)c3Cl)c2Cl)cnc1CC[C@H]1CCCO1
80	mol369	-13.58	COc1nc(-c2cccc(-c3cccc(-c4cnc(CNC[C@H]5CCC(=O)N5)c(OC)n4)c3Cl)c2Cl)cnc1CCc1ccccn1
80	mol461	-12.52	COc1nc(-c2cccc(-c3cccc(-c4cnc(CNC[C@@H]5CCC(=O)N5)c(OC)n4)c3Cl)c2Cl)cnc1CNCC[C@H]1CCCO1
80	mol27	-12.62	COc1nc(-c2cccc(-c3cccc(-c4cnc(CNC[C@@H]5CCC(=O)N5)c(OC)n4)c3Cl)c2Cl)cnc1CNCC[C@H]1CCCO1
80	mol31	-13.05	COc1nc(-c2cccc(-c3cccc(-c4cnc(CNC[C@H]5CCC(=O)N5)c(OC)n4)c3Cl)c2Cl)cnc1CCCCC1CCCC1
80	mol3	-13.14	COc1nc(-c2cccc(-c3cccc(-c4cnc(CNC[C@H]5CCC(=O)N5)c(OC)n4)c3Cl)c2Cl)cnc1CCC[C@@H]1CCCO1
80	mol15	-12.38	COc1nc(-c2cccc(-c3cccc(-c4cncnc4)c3Cl)c2Cl)cnc1CNCCCC1CCC1
80	mol446	-13.1	COc1nc(-c2cccc(-c3cccc(-c4cnc(CNC[C@H]5CCC(=O)N5)c(OC)n4)c3Cl)c2Cl)cnc1CCC[C@@H]1CCCO1
80	mol42	-12.66	COc1nc(-c2cccc(-c3cccc(-c4cnc(CNC[C@@H]5CCC(=O)N5)c(OC)n4)c3Cl)c2Cl)cnc1CNCC[C@H]1CCCO1
80	mol356	-13.8	COc1nc(-c2cccc(-c3cccc(-c4cnc(C[C@@H]5CCCO5)c(OC)n4)c3Cl)c2Cl)cnc1CNC[C@@H]1CCC(=O)N1
80	mol392	-13.05	COc1nc(-c2cccc(-c3cccc(-c4cnc(CNC[C@H]5CCC(=O)N5)c(OC)n4)c3Cl)c2Cl)cnc1CCC[C@@H]1CCCO1
80	mol358	-12.43	COc1nc(-c2cccc(-c3cccc(-c4cnc(CNC[C@@H]5CCC(=O)N5)c(OC)n4)c3Cl)c2Cl)cnc1CCCC[C@H]1CCCO1
80	mol181	-13.15	COc1ncnc(-c2cccc(-c3cccc(-c4cnc(CNC[C@H]5CCC(=O)N5)c(OC)n4)c3Cl)c2Cl)n1
80	mol30	-13.52	COc1nc(-c2cccc(-c3cccc(-c4cnc(CNC[C@H]5CCC(=O)N5)c(OC)n4)c3Cl)c2Cl)cnc1CC[C@H]1CCCO1
80	mol399	-13.15	COc1ncn(-c2cccc(-c3cccc(-c4cnc(CN[C@H]5CCC(=O)N5)c(OC)n4)c3Cl)c2Cl)n1
80	mol170	-13.14	COc1nncc(-c2cccc(-c3cccc(-c4cnc(CNC[C@@H]5CCC(=O)N5)c(OC)n4)c3Cl)c2Cl)n1
80	mol221	-12.56	COc1nc(-c2cccc(-c3cccc(-c4cnc(CNC[C@@H]5CCC(=O)N5)c(OC)n4)c3Cl)c2Cl)cnc1CNCC[C@H]1CCCO1
80	mol205	-12.48	COc1nc(-c2cccc(-c3cccc(-c4cnc(CNC[C@@H]5CCC(=O)N5)c(OC)n4)c3Cl)c2Cl)cnc1CCCC[C@H]1CCCO1
80	mol33	-12.23	COc1nc(-c2cccc(-c3cccc(-c4cnn(C)c4)c3Cl)c2Cl)cnc1CCNCC[C@H]1CCCO1
80	mol455	-12.65	COc1nc(-c2cccc(-c3cccc(-c4cnc(CNC[C@@H]5CCC(=O)N5)c(OC)n4)c3Cl)c2Cl)cnc1CNCC[C@H]1CCCO1
80	mol235	-13.07	COc1nc(-c2cccc(-c3cccc(-c4cnc(CNC[C@H]5CCC(=O)N5)c(OC)n4)c3Cl)c2Cl)cnc1CCC[C@@H]1CCCO1
80	mol107	-12.55	COc1nc(-c2cccc(-c3cccc(-c4cnc(CN)cn4)c3Cl)c2Cl)cnc1CNCC[C@H]1CCCO1
80	mol462	-12.67	COc1nc(-c2cccc(-c3cccc(-c4cnc(CNC[C@@H]5CCC(=O)N5)c(OC)n4)c3Cl)c2Cl)cnc1CNCC[C@H]1CCCO1
80	mol103	-12.64	COc1nc(-c2cccc(-c3cccc(-c4cnc(CNC[C@@H]5CCC(=O)N5)c(OC)n4)c3Cl)c2Cl)cnc1CNCC[C@H]1CCCO1
80	mol409	-12.32	COc1nc(-c2cccc(-c3cccc(-c4cnc(CNC[C@H]5CCC(=O)N5)c(OC)n4)c3Cl)c2Cl)cnc1CCCCCNCC[C@H]1CCCO1
80	mol368	-13.15	COc1nc(-c2cccc(-c3cccc(-c4cnc(CNC[C@H]5CCC(=O)N5)c(OC)n4)c3Cl)c2Cl)cnc1CNCCC1CCC1
80	mol328	-13.06	COc1nc(-c2cccc(-c3cccc(-c4cnc(CNC[C@H]5CCC(=O)N5)c(OC)n4)c3Cl)c2Cl)cnc1CCC[C@@H]1CCCO1
80	mol46	-13.6	COc1nc(-c2cccc(-c3cccc(-c4cnc(CNC[C@H]5CCC(=O)N5)c(OC)n4)c3Cl)c2Cl)cnc1CC[C@H]1CCCO1
80	mol131	-13.09	COc1nncc(-c2cccc(-c3cccc(-c4cnc(CNC[C@@H]5CCC(=O)N5)c(OC)n4)c3Cl)c2Cl)n1
80	mol238	-13.48	COc1nc(-c2cccc(-c3cccc(-c4cnc(CNC[C@H]5CCC(=O)N5)c(OC)n4)c3Cl)c2Cl)cnc1CC[C@H]1CCCO1
80	mol483	-13.12	COc1nncc(-c2cccc(-c3cccc(-c4cnc(CNC[C@@H]5CCC(=O)N5)c(OC)n4)c3Cl)c2Cl)n1
80	mol243	-13.78	COc1nc(-c2cccc(-c3cccc(-c4cnc(C[C@@H]5CCCO5)c(OC)n4)c3Cl)c2Cl)cnc1CNC[C@@H]1CCC(=O)N1
80	mol172	-13.28	COc1nc(-c2cccc(-c3cccc(-c4cnc(CNC5CCCC5)c(OC)n4)c3Cl)c2Cl)cnc1CNC[C@H]1CCC(=O)N1
80	mol151	-13.08	COc1nc(-c2cccc(-c3cccc(-c4cnc(CNC[C@H]5CCC(=O)N5)c(OC)n4)c3Cl)c2Cl)cnc1CCC[C@@H]1CCCO1
80	mol484	-13.11	COc1nncc(-c2cccc(-c3cccc(-c4cnc(CNC[C@@H]5CCC(=O)N5)c(OC)n4)c3Cl)c2Cl)n1
80	mol214	-13.01	COc1nc(-c2cccc(-c3cccc(-c4cccc(CN)c4Cl)c3Cl)c2Cl)cnc1CCNCC[C@H]1CCCO1
80	mol431	-13.69	COc1nc(-c2cccc(-c3cccc(-c4cnc(CC5CCCC5)c(OC)n4)c3Cl)c2Cl)cnc1CNC[C@H]1CCC(=O)N1
80	mol137	-13.46	COc1nc(-c2cccc(-c3cccc(-c4cnc(CNC[C@H]5CCC(=O)N5)c(OC)n4)c3Cl)c2Cl)cnc1CC[C@H]1CCCO1
80	mol375	-13.48	COc1nc(-c2cccc(-c3cccc(-c4cnc(CNC[C@H]5CCC(=O)N5)c(OC)n4)c3Cl)c2Cl)cnc1CC[C@H]1CCCO1
80	mol79	-13.09	COc1nncc(-c2cccc(-c3cccc(-c4cnc(CNC[C@@H]5CCC(=O)N5)c(OC)n4)c3Cl)c2Cl)n1
80	mol463	-13.53	COc1nc(-c2cccc(-c3cccc(-c4cnc(CNC[C@H]5CCC(=O)N5)c(OC)n4)c3Cl)c2Cl)cnc1CC[C@H]1CCCO1
80	mol97	-12.65	COc1nc(-c2cccc(-c3cccc(-c4cnc(CNC[C@@H]5CCC(=O)N5)c(OC)n4)c3Cl)c2Cl)cnc1CNCC[C@H]1CCCO1
80	mol71	-13.32	COc1nc(-c2cccc(-c3cccc(-c4cnc(CC5CCC5)c(OC)n4)c3Cl)c2Cl)cnc1CNC[C@@H]1CCC(=O)N1
80	mol98	-13.57	COc1nc(-c2cccc(-c3cccc(-c4cnc(CNC[C@H]5CCC(=O)N5)c(OC)n4)c3Cl)c2Cl)cnc1CC[C@H]1CCCO1
80	mol87	-12.63	COc1nc(-c2cccc(-c3cccc(-c4cnc(CNC[C@@H]5CCC(=O)N5)c(OC)n4)c3Cl)c2Cl)cnc1CNCC[C@H]1CCCO1
80	mol486	-12.68	COc1nc(-c2cccc(-c3cccc(-c4cnc(CNC[C@@H]5CCC(=O)N5)c(OC)n4)c3Cl)c2Cl)cnc1CNCC[C@H]1CCCO1
80	mol23	-12.57	COc1nc(-c2cccc(-c3cccc(-c4cnc(CNC[C@@H]5CCC(=O)N5)c(OC)n4)c3Cl)c2Cl)cnc1CNCC[C@H]1CCCO1
80	mol265	-12.56	COc1nc(-c2cccc(-c3cccc(-c4cnc(CNC[C@@H]5CCC(=O)N5)c(OC)n4)c3Cl)c2Cl)cnc1CNCC[C@H]1CCCO1
80	mol464	-12.59	COc1nc(-c2cccc(-c3cccc(-c4cnc(CNC[C@@H]5CCC(=O)N5)c(OC)n4)c3Cl)c2Cl)cnc1CNCC[C@H]1CCCO1
80	mol58	-13.8	COc1nc(-c2cccc(-c3cccc(-c4cnc(C[C@@H]5CCCO5)c(OC)n4)c3Cl)c2Cl)cnc1CNC[C@@H]1CCC(=O)N1
80	mol248	-13.51	COc1cc(-c2cccc(-c3cccc(-c4cnc(CCC[C@H]5CCCO5)c(OC)n4)c3Cl)c2Cl)cnc1CNC[C@H]1CCC(=O)N1
80	mol202	-13.14	COc1nncc(-c2cccc(-c3cccc(-c4cnc(CNC[C@@H]5CCC(=O)N5)c(OC)n4)c3Cl)c2Cl)n1
80	mol315	-13.15	COc1nc(-c2cccc(-c3cccc(-c4cnc([C@@H]5CCCO5)c(OC)n4)c3Cl)c2Cl)cnc1CNC[C@H]1CCC(=O)N1
80	mol183	-13.15	COc1nncc(-c2cccc(-c3cccc(-c4cnc(CNC[C@@H]5CCC(=O)N5)c(OC)n4)c3Cl)c2Cl)n1
80	mol226	-12.62	COc1nc(-c2cccc(-c3cccc(-c4cnc(CNC[C@@H]5CCC(=O)N5)c(OC)n4)c3Cl)c2Cl)cnc1CNCC[C@H]1CCCO1
80	mol82	-13.1	COc1nc(-c2cccc(-c3cccc(-c4cnc(CNC[C@H]5CCC(=O)N5)c(OC)n4)c3Cl)c2Cl)cnc1CCC[C@@H]1CCCO1
80	mol476	-12.99	COc1nc(-c2cccc(-c3cccc(-c4cnc(CNC[C@H]5CCC(=O)N5)c(OC)n4)c3Cl)c2Cl)cnc1CCC1CCCC1
80	mol454	-12.48	COc1nc(-c2cccc(-c3cccc(-c4cnc(CNC[C@@H]5CCC(=O)N5)c(OC)n4)c3Cl)c2Cl)cnc1CNCC[C@H]1CCCO1
80	mol246	-12.92	COc1nc(-c2cccc(-c3cccc(-c4cnc(CNC[C@H]5CCC(=O)N5)c(OC)n4)c3Cl)c2Cl)cnc1CCCO
80	mol432	-12.96	COc1nc(-c2cccc(-c3cccc(-c4cnc(CNC[C@H]5CCC(=O)N5)c(OC)n4)c3Cl)c2Cl)cnc1CCC1CCCC1
80	mol134	-12.92	COc1nc(-c2cccc(-c3cccc(-c4cnc(CNC[C@@H]5CCC(=O)N5)c(OC)n4)c3Cl)c2Cl)cnc1CNCC[C@@H]1CCOC1
80	mol460	-13.16	COc1nc(-c2cccc(-c3cccc(-c4cnc(CNC[C@H]5CCC(=O)N5)c(OC)n4)c3Cl)c2Cl)cnc1CCC[C@@H]1CCCO1
80	mol343	-12.81	COc1nc(-c2cccc(-c3cccc(-c4cnc(CNC[C@@H]5CCC(=O)N5)c(OC)n4)c3Cl)c2Cl)cnc1CCCCC1CCC1
80	mol364	-13.6	COc1nc(-c2cccc(-c3cccc(-c4cnc(CNC[C@H]5CCCC(=O)N5)c(OC)n4)c3Cl)c2Cl)cnc1CCC[C@@H]1CCCO1
80	mol116	-13.64	COc1nc(-c2cccc(-c3cccc(-c4cnc(CC5CCCC5)c(OC)n4)c3Cl)c2Cl)cnc1CNC[C@H]1CCC(=O)N1
80	mol41	-13.48	COc1nc(-c2cccc(-c3cccc(-c4cnc(CNC[C@@H]5CCC(=O)N5)c(OC)n4)c3Cl)c2Cl)cnc1CNC[C@@H]1CC[C@@H]2CCO[C@H]2C1
80	mol127	-13.22	COc1nc(-c2cccc(-c3cccc(-c4cnc(CNC[C@@H]5CCC(=O)N5)c(OC)n4)c3Cl)c2Cl)cnc1CC[C@@H]1CCCCO1
80	mol277	-12.62	COc1nc(-c2cccc(-c3cccc(-c4cnc(CNC[C@@H]5CCC(=O)N5)c(OC)n4)c3Cl)c2Cl)cnc1CNCC[C@H]1CCCO1
80	mol176	-12.64	COc1nc(-c2cccc(-c3cccc(-c4cnc(CNC[C@@H]5CCC(=O)N5)c(OC)n4)c3Cl)c2Cl)cnc1CNCC[C@H]1CCCO1
80	mol305	-12.61	COc1nc(-c2cccc(-c3cccc(-c4cnc(CNC[C@@H]5CCC(=O)N5)c(OC)n4)c3Cl)c2Cl)cnc1CNCC[C@H]1CCCO1
80	mol279	-13.36	COc1nncc(-c2cccc(-c3cccc(-c4cnc([C@H]5CCC(=O)N5)c(OC)n4)c3Cl)c2Cl)n1
80	mol158	-13.2	COc1nc(-c2cccc(-c3cccc(-c4cnc(CNC[C@H]5CCC(=O)N5)c(OC)n4)c3Cl)c2Cl)cnc1CCCCC1CCCC1
80	mol43	-12.43	COc1nc(-c2cccc(-c3cccc(-c4cnc(CNC[C@@H]5CCC(=O)N5)c(OC)n4)c3Cl)c2Cl)cnc1CNCC[C@H]1CCCO1
80	mol85	-13.17	COc1nncc(-c2cccc(-c3cccc(-c4cnc(CNC[C@@H]5CCC(=O)N5)c(OC)n4)c3Cl)c2Cl)n1
90	mol443	-12.4	COc1ncc(-c2ccc(-c3cccc(-c4cnc(CNC[C@H]5CCC(=O)N5)c(OC)n4)c3Cl)cc2Cl)cn1
90	mol114	-12.69	COc1nc(-c2cccc(-c3cccc(-c4cnc(CNC[C@@H]5CCC(=O)N5)c(OC)n4)c3Cl)c2Cl)cnc1CNCC[C@H]1CCCO1
90	mol422	-13.15	COc1nncc(-c2cccc(-c3cccc(-c4cnc(CNC[C@@H]5CCC(=O)N5)c(OC)n4)c3Cl)c2Cl)n1
90	mol25	-12.61	COc1nc(-c2cccc(-c3cccc(-c4cnc(CNC[C@@H]5CCC(=O)N5)c(OC)n4)c3Cl)c2Cl)cnc1CNCC[C@H]1CCCO1
90	mol210	-12.32	COc1nc(-c2cccc(-c3cccc(-c4cnc(CNC[C@H]5CCC(=O)N5)c(OC)n4)c3Cl)c2Cl)cnc1CCCCCCO
90	mol225	-12.48	COc1nc(-c2cccc(-c3cccc(-c4cnc(CNC[C@H]5CCC(=O)N5)c(OC)n4)c3Cl)c2Cl)cnc1CNCCC[C@H]1CCCO1
90	mol437	-12.29	COc1nc(-c2cccc(-c3cccc(-c4cnc(CNC[C@H]5CCC(=O)N5)c(OC)n4)c3Cl)c2Cl)cnc1CCNCCCCC[C@H]1CCOC1
90	mol75	-13.24	COc1nc(-c2cccc(-c3cccc(-c4cnc(CNC[C@H]5CCC(=O)N5)c(OC)n4)c3Cl)c2Cl)cnc1CNCCC1CCC1
90	mol284	-12.5	COc1nc(-c2cccc(-c3cccc(-c4cnc(CNC[C@@H]5CCC(=O)N5)c(OC)n4)c3Cl)c2Cl)cnc1CNCC[C@H]1CCCO1
90	mol400	-12.66	COc1nc(-c2cccc(-c3cccc(-c4cncnc4)c3Cl)c2Cl)cnc1CNCC[C@H]1CCCO1
90	mol346	-12.5	COc1nc(-c2cccc(-c3cccc(-c4cnc(CNC[C@@H]5CCC(=O)N5)c(OC)n4)c3Cl)c2Cl)cnc1CNCC[C@H]1CCCO1
90	mol391	-12.63	COc1nc(-c2cccc(-c3cccc(-c4cnc(CNC[C@@H]5CCC(=O)N5)c(OC)n4)c3Cl)c2Cl)cnc1CNCC[C@H]1CCCO1
90	mol165	-12.56	COc1nc(-c2cccc(-c3cccc(-c4cnc(CNC[C@@H]5CCC(=O)N5)c(OC)n4)c3Cl)c2Cl)cnc1CNCC[C@H]1CCCO1
90	mol99	-13.11	COc1nncc(-c2cccc(-c3cccc(-c4cnc(CNC[C@@H]5CCC(=O)N5)c(OC)n4)c3Cl)c2Cl)n1
90	mol481	-12.52	COc1nc(-c2cccc(-c3cccc(-c4cnc(CNC[C@@H]5CCC(=O)N5)c(OC)n4)c3Cl)c2Cl)cnc1CNCC[C@H]1CCCO1
90	mol203	-12.54	COc1nc(-c2cccc(-c3cccc(-c4cnc(CNC[C@@H]5CCC(=O)N5)c(OC)n4)c3Cl)c2Cl)cnc1CNCC[C@H]1CCCO1
90	mol401	-12.63	COc1nc(-c2cccc(-c3cccc(-c4cnc(CNC[C@@H]5CCC(=O)N5)c(OC)n4)c3Cl)c2Cl)cnc1CCCCO
90	mol254	-13.88	COc1nc(-c2cccc(-c3cccc(-c4cnc([C@H]5CC[C@H](Oc6ccccn6)CC5)c(OC)n4)c3Cl)c2Cl)cnc1CNC[C@H]1CCC(=O)N1
90	mol84	-12.26	COc1nc(-c2cccc(-c3cccc(-c4cnc(CNCC[C@H]5CCCO5)c(OC)n4)c3Cl)c2Cl)cnc1CNCC[C@@H]1CCC(=O)N1
90	mol6	-12.47	COc1nc(-c2cccc(-c3cccc(-c4cnc(CNC[C@@H]5CCC(=O)N5)c(OC)n4)c3Cl)c2Cl)cnc1CNCC[C@H]1CCCO1
90	mol405	-12.6	COc1nc(-c2cccc(-c3cccc(-c4cnc(CNC[C@@H]5CCC(=O)N5)c(OC)n4)c3Cl)c2Cl)cnc1CNCC[C@H]1CCCO1
90	mol324	-12.58	COc1nc(-c2cccc(-c3cccc(-c4cnc(CNC[C@@H]5CCC(=O)N5)c(OC)n4)c3Cl)c2Cl)cnc1CNCC[C@H]1CCCO1
90	mol141	-12.55	COc1nc(-c2cccc(-c3cccc(-c4cnc(CNC[C@@H]5CCC(=O)N5)c(OC)n4)c3Cl)c2Cl)cnc1CNCC[C@H]1CCCO1
90	mol425	-13.02	COc1nc(-c2cccc(-c3cccc(-c4cnc(CNC[C@H]5CCCO5)c(OC)n4)c3Cl)c2Cl)cnc1CNC[C@H]1CCC(=O)N1
90	mol175	-12.65	COc1nc(-c2cccc(-c3cccc(-c4cnc(CNC[C@H]5CCC(=O)N5)c(OC)n4)c3Cl)c2Cl)cnc1CCCNCC[C@H]1CCCO1
90	mol487	-12.84	COc1nc(-c2cccc(-c3cccc(-c4cnc(COCC[C@@H]5CCCO5)c(OC)n4)c3Cl)c2Cl)cnc1CNC[C@H]1CCC(=O)N1
90	mol428	-12.52	COc1nc(-c2cccc(-c3cccc(-c4cnc(CNC[C@@H]5CCC(=O)N5)c(OC)n4)c3Cl)c2Cl)cnc1CNCC[C@H]1CCCO1
90	mol352	-12.88	COc1nc(-c2cccc(-c3cccc(-c4cnc(COCC[C@@H]5CCO5)c(OC)n4)c3Cl)c2Cl)cnc1CNC[C@H]1CCC(=O)N1
90	mol298	-12.65	COc1nc(-c2cccc(-c3cccc(-c4cnc(CNC[C@@H]5CCC(=O)N5)c(OC)n4)c3Cl)c2Cl)cnc1CNCC[C@H]1CCCO1
90	mol289	-12.96	COc1nc(-c2cccc(-c3cccc(-c4cnc(CNC[C@H]5CCC(=O)N5)c(OC)n4)c3Cl)c2Cl)cnc1CCCOC[C@@H]1CCCO1
90	mol108	-12.65	COc1nc(-c2cccc(-c3cccc(-c4cnc(CNC[C@@H]5CCC(=O)N5)c(OC)n4)c3Cl)c2Cl)cnc1CNCC[C@H]1CCCO1
90	mol477	-12.82	COc1nc(-c2cccc(-c3cccc(-c4cnc(CN5CCC(OCC(=O)O)CC5)c(OC)n4)c3Cl)c2Cl)cnc1CNC[C@@H]1CCC(=O)N1
90	mol92	-12.52	COc1nc(-c2cccc(-c3cccc(-c4cnc(CNC[C@@H]5CCC(=O)N5)c(OC)n4)c3Cl)c2Cl)cnc1CNCC[C@H]1CCCO1
90	mol459	-12.91	COc1nc(-c2cccc(-c3cccc(-c4cnc(CNCC5OCCO5)c(OC[C@@H]5CCC(=O)N5)c4Cl)c3Cl)c2Cl)cnc1CNCC[C@H]1CCCO1
90	mol193	-13.32	COc1ncc(-c2cccc(-c3cccc(-c4cnc(CNC[C@@H]5CCC(=O)N5)c(OC)n4)c3Cl)c2Cl)cn1
90	mol301	-13.0	COc1nc(-c2cccc(-c3cccc(-c4cnc(CNC[C@@H]5CCC(=O)N5)c(OC)n4)c3Cl)c2Cl)cnc1CNC[C@@H]1CCOC1
90	mol347	-12.65	COc1nc(-c2cccc(-c3cccc(-c4cnc(CNC[C@@H]5CCC(=O)N5)c(OC)n4)c3Cl)c2Cl)cnc1CNCC[C@H]1CCCO1
90	mol51	-13.79	COc1nc(-c2cccc(-c3cccc(-c4cnc(C[C@@H]5CCCO5)c(OC)n4)c3Cl)c2Cl)cnc1CNC[C@@H]1CCC(=O)N1
90	mol45	-12.55	COc1nc(-c2cccc(-c3cccc(-c4cnc(CNC[C@@H]5CCC(=O)N5)c(OC)n4)c3Cl)c2Cl)cnc1CNCC[C@H]1CCCO1
90	mol264	-13.78	COc1nc(-c2cccc(-c3cccc(-c4cnc(C[C@@H]5CCCO5)c(OC)n4)c3Cl)c2Cl)cnc1CNC[C@@H]1CCC(=O)N1
90	mol408	-13.08	COc1nc(-c2cccc(-c3cccc(-c4cnc(CNC[C@H]5CCCO5)c(OC)n4)c3Cl)c2Cl)cnc1CNC[C@H]1CCC(=O)N1
90	mol320	-13.06	COc1nc(-c2cccc(-c3cccc(-c4cnc(CNC[C@H]5CCCO5)c(OC)n4)c3Cl)c2Cl)cnc1CNC[C@H]1CCC(=O)N1
90	mol35	-12.16	COc1nc(-c2cccc(-c3cccc(-c4cnc(CNC[C@H]5CCC(=O)N5)c(OC)n4)c3Cl)c2Cl)cnc1CCCCCNCC[C@H]1CCCO1
90	mol192	-12.52	COc1nc(-c2cccc(-c3cccc(-c4cnc(CNC[C@@H]5CCC(=O)N5)c(OC)n4)c3Cl)c2Cl)cnc1CNCC[C@H]1CCCO1
90	mol52	-12.62	COc1nc(-c2cccc(-c3cccc(-c4cnc(CNC[C@@H]5CCC(=O)N5)c(OC)n4)c3Cl)c2Cl)cnc1CNCC[C@H]1CCCO1
90	mol155	-12.99	COc1nc(-c2cccc(-c3cccc(-c4cnc(OC[C@H]5CCC(=O)N5)c(OC)n4)c3Cl)c2Cl)cnc1CNCC[C@@H]1CCCO1
90	mol348	-13.23	COc1ncc(-c2cccc(-c3cccc(-c4cnc(CNC[C@H]5CCC(=O)N5)c(OC)n4)c3Cl)c2Cl)nn1
90	mol81	-12.57	COc1nc(-c2cccc(-c3cccc(-c4cnc(CNC[C@@H]5CCC(=O)N5)c(OC)n4)c3Cl)c2Cl)cnc1CNCC[C@H]1CCCO1
90	mol306	-12.73	COc1nc(-c2cccc(-c3cccc(-c4cnc(CNC[C@@H]5CCC(=O)N5)c(OC)n4)c3Cl)c2Cl)cnc1CNCC[C@H]1CCCO1
90	mol186	-13.08	COc1nc(-c2cccc(-c3cccc(-c4cnc(CNC[C@H]5CCC(=O)N5)c(OC)n4)c3Cl)c2Cl)cnc1CCC[C@@H]1CCCO1
90	mol241	-13.17	COc1nncc(-c2cccc(-c3cccc(-c4cnc(CNC[C@@H]5CCC(=O)N5)c(OC)n4)c3Cl)c2Cl)n1
90	mol390	-12.52	COc1nc(-c2cccc(-c3cccc(-c4cnc(CNC[C@@H]5CCC(=O)N5)c(OC)n4)c3Cl)c2Cl)cnc1CNCC[C@H]1CCCO1
90	mol255	-13.18	COc1nncc(-c2cccc(-c3cccc(-c4cnc(CNC[C@@H]5CCC(=O)N5)c(OC)n4)c3Cl)c2Cl)n1
90	mol106	-12.11	COc1nc(-c2cccc(-c3cccc(-c4cnc(CNC5CC5)c(OC[C@H]5CCC(=O)N5)c4Cl)c3Cl)c2Cl)cnc1CCCNCCCO
90	mol222	-12.57	COc1nc(-c2cccc(-c3cccc(-c4cnc(CNC[C@@H]5CCC(=O)N5)c(OC)n4)c3Cl)c2Cl)cnc1CNCC[C@H]1CCCO1
90	mol21	-12.55	COc1nc(-c2cccc(-c3cccc(-c4cnc(CNC[C@@H]5CCC(=O)N5)c(OC)n4)c3Cl)c2Cl)cnc1CNCC[C@H]1CCCO1
90	mol365	-12.57	COc1nc(-c2cccc(-c3cccc(-c4cnc(CNC[C@@H]5CCC(=O)N5)c(OC)n4)c3Cl)c2Cl)cnc1CNCC[C@H]1CCCO1
90	mol470	-12.64	COc1nc(-c2cccc(-c3cccc(-c4cnc(CNC[C@@H]5CCC(=O)N5)c(OC)n4)c3Cl)c2Cl)cnc1CNCC[C@H]1CCCO1
90	mol492	-12.9	COc1nc(-c2cccc(-c3cccc(-c4cnc(CNC[C@H]5CCC(=O)N5)c(OC)n4)c3Cl)c2Cl)cnc1CNCCC1CCOCC1
90	mol24	-13.16	COc1nc(-c2cccc(-c3cccc(-c4cnc(CNC[C@H]5CCC(=O)N5)c(OC)n4)c3Cl)c2Cl)cnc1CNCCC1CCC1
90	mol379	-12.52	COc1nc(-c2cccc(-c3cccc(-c4cnc(CNC[C@@H]5CCC(=O)N5)c(OC)n4)c3Cl)c2Cl)cnc1CNCC[C@H]1CCCO1
90	mol473	-12.66	COc1nc(-c2cccc(-c3cccc(-c4cnc(CNC[C@@H]5CCC(=O)N5)c(OC)n4)c3Cl)c2Cl)cnc1CNCC[C@H]1CCCO1
90	mol414	-12.72	COc1nc(-c2cccc(-c3cccc(-c4cnc(CNC[C@@H]5CCC(=O)N5)c(OC)n4)c3Cl)c2Cl)cnc1CNCC[C@H]1CCCO1
90	mol149	-12.42	COc1nc(-c2cccc(-c3cccc(-c4cnc(CNC[C@@H]5CCC(=O)N5)c(OC)n4)c3Cl)c2Cl)cnc1CNCC[C@H]1CCCO1
90	mol467	-12.68	COc1nc(-c2cccc(-c3cccc(-c4cnc(CNC[C@@H]5CCC(=O)N5)c(OC)n4)c3Cl)c2Cl)cnc1CNCC[C@H]1CCCO1
90	mol380	-12.53	COc1nc(-c2cccc(-c3cccc(-c4cnc(CNC[C@H]5CCC(=O)N5)c(OC)n4)c3Cl)c2Cl)cnc1CCCNCC[C@H]1CCCO1
90	mol319	-12.74	COc1ncn(-c2cccc(-c3cccc(-c4cnc(CNC[C@@H]5CCC(=O)N5)c(OC)n4)c3Cl)c2Cl)n1
90	mol270	-12.57	COc1nc(-c2cccc(-c3cccc(-c4cnc(CNC[C@@H]5CCC(=O)N5)c(OC)n4)c3Cl)c2Cl)cnc1CNCC[C@H]1CCCO1
90	mol276	-12.6	COc1nc(-c2cccc(-c3cccc(-c4cnc(CNC[C@@H]5CCC(=O)N5)c(OC)n4)c3Cl)c2Cl)cnc1CNCC[C@H]1CCCO1
90	mol112	-12.6	COc1nc(-c2cccc(-c3cccc(-c4cnc(CNC[C@@H]5CCC(=O)N5)c(OC)n4)c3Cl)c2Cl)cnc1CNCC[C@H]1CCCO1
90	mol336	-12.6	COc1nc(-c2cccc(-c3cccc(-c4cnc(CNC[C@@H]5CCC(=O)N5)c(OC)n4)c3Cl)c2Cl)cnc1CNCC[C@H]1CCCO1
90	mol479	-13.46	COc1nc(-c2cccc(-c3cccc(-c4cnc(CNC[C@H]5CCC(=O)N5)c(OC)n4)c3Cl)c2Cl)cnc1CC[C@H]1CCCO1
90	mol163	-12.51	COc1nc(-c2cccc(-c3cccc(-c4cnc(CNC[C@@H]5CCC(=O)N5)c(OC)n4)c3Cl)c2Cl)cnc1CNCC[C@H]1CCCO1
90	mol261	-12.59	COc1nc(-c2cccc(-c3cccc(-c4cnc(CNC[C@@H]5CCC(=O)N5)c(OC)n4)c3Cl)c2Cl)cnc1CNCC[C@H]1CCCO1
90	mol67	-12.82	COc1nc(-c2cccc(-c3cccc(-c4cnc(CNC[C@@H]5CCC(=O)N5)c(OC)n4)c3Cl)c2Cl)cnc1CNCC[C@@H]1CCOC1
90	mol143	-13.81	COc1nc(-c2cccc(-c3cccc(-c4cnc(C[C@@H]5CCCO5)c(OC)n4)c3Cl)c2Cl)cnc1CNC[C@@H]1CCC(=O)N1
90	mol94	-13.14	COc1nc(-c2cccc(-c3cccc(-c4cnc([C@@H]5CCCO5)c(OC)n4)c3Cl)c2Cl)cnc1CNC[C@H]1CCC(=O)N1
90	mol187	-12.94	COc1nc(-c2cccc(-c3cccc(-c4cnc(CNC[C@H]5CCC(=O)N5)c(OC)n4)c3Cl)c2Cl)cnc1CCO
90	mol14	-12.63	COc1nc(-c2cccc(-c3cccc(-c4cnc(CNC[C@@H]5CCC(=O)N5)c(OC)n4)c3Cl)c2Cl)cnc1CNCC[C@H]1CCCO1
90	mol53	-13.29	COc1nc(-c2cccc(-c3cccc(-c4cnc(CNC[C@@H]5CCC(=O)N5)c(OC)n4)c3Cl)c2Cl)cnc1CC[C@H]1CCCOC1
90	mol69	-12.61	COc1nc(-c2cccc(-c3cccc(-c4cnc(CNC[C@@H]5CCC(=O)N5)c(OC)n4)c3Cl)c2Cl)cnc1CCCCO
90	mol179	-12.62	COc1nc(-c2cccc(-c3cccc(-c4cnc(CNC[C@@H]5CCC(=O)N5)c(OC)n4)c3Cl)c2Cl)cnc1CNCC[C@H]1CCCO1
90	mol349	-13.11	COc1nc(-c2cccc(-c3cccc(-c4cnc(C5CCC5)c(OC)n4)c3Cl)c2Cl)cnc1CNC[C@@H]1CCC(=O)N1
90	mol132	-12.23	COc1nc(-c2cccc(-c3cccc(-c4cnc(CNC[C@@H]5CCC(=O)N5)c(OC)n4)c3Cl)c2Cl)cnc1CNCCCn1cncn1
90	mol20	-12.65	COc1nc(-c2cccc(-c3cccc(-c4cnc(CNC[C@@H]5CCC(=O)N5)c(OC)n4)c3Cl)c2Cl)cnc1CNCC[C@H]1CCCO1
90	mol321	-12.96	COc1nc(-c2cccc(-c3cccc(-c4cnc(CN[C@@H]5CCC(=O)N5)c(OC)n4)c3Cl)c2Cl)cnc1CCCCC[C@@H]1CCCO1
90	mol345	-12.72	COc1nc(-c2cccc(-c3cccc(-c4cnc(CNC[C@@H]5CCC(=O)N5)c(OC)n4)c3Cl)c2Cl)cnc1CNCC[C@H]1CCCO1
90	mol313	-12.66	COc1nc(-c2cccc(-c3cccc(-c4cnc(CNC[C@@H]5CCC(=O)N5)c(OC)n4)c3Cl)c2Cl)cnc1CNCC[C@H]1CCCO1
90	mol335	-12.52	COc1nc(-c2cccc(-c3cccc(-c4cnc(CNC[C@H]5CCC(=O)N5)c(OC)n4)c3Cl)c2Cl)cnc1CNCCC[C@H]1CCCO1
90	mol207	-12.63	COc1nc(-c2cccc(-c3cccc(-c4cnc(CNC[C@@H]5CCC(=O)N5)c(OC)n4)c3Cl)c2Cl)cnc1CNCC[C@H]1CCCO1
90	mol427	-12.54	COc1nc(-c2cccc(-c3cccc(-c4cnc(CNC[C@@H]5CCC(=O)N5)c(OC)n4)c3Cl)c2Cl)cnc1CNCC[C@H]1CCCO1
90	mol61	-12.28	COc1nc(-c2cccc(-c3cccc(-c4cnc(CNC[C@@H]5CCC(=O)N5)c(OC)n4)c3Cl)c2Cl)cnc1CCCC[C@H]1CCCO1
90	mol209	-12.57	COc1nc(-c2cccc(-c3cccc(-c4cnc(CNC[C@@H]5CCC(=O)N5)c(OC)n4)c3Cl)c2Cl)cnc1CNCC[C@H]1CCCO1
90	mol281	-12.66	COc1nc(-c2cccc(-c3cccc(-c4cnc(CNC[C@@H]5CCC(=O)N5)c(OC)n4)c3Cl)c2Cl)cnc1CNCC[C@H]1CCCO1
90	mol12	-12.47	COc1nc(-c2cccc(-c3cccc(-c4cnc(CNC[C@@H]5CCC(=O)N5)c(OC)n4)c3Cl)c2Cl)cnc1CNCC[C@H]1CCCO1
90	mol296	-12.54	COc1nc(-c2cccc(-c3cccc(-c4cnc(CNC[C@@H]5CCC(=O)N5)c(OC)n4)c3Cl)c2Cl)cnc1CNCC[C@H]1CCCO1
90	mol128	-13.34	COc1nc(-c2cccc(-c3cccc(-c4cncc(OC[C@H]5CCC(=O)N5)c4Cl)c3Cl)c2Cl)cnc1CNCC1CCC1
90	mol130	-12.61	COc1nc(-c2cccc(-c3cccc(-c4cnc(CNC[C@@H]5CCC(=O)N5)c(OC)n4)c3Cl)c2Cl)cnc1CNCC[C@H]1CCCO1
90	mol126	-12.79	COc1nc(-c2cccc(-c3cccc(-c4cnc(CNC[C@H]5CCC(=O)N5)c(OC)n4)c3Cl)c2Cl)cnc1CNCCC1CCOCC1
90	mol86	-12.61	COc1nc(-c2cccc(-c3cccc(-c4cnc(CNC[C@@H]5CCC(=O)N5)c(OC)n4)c3Cl)c2Cl)cnc1CNCC[C@H]1CCCO1
90	mol387	-12.76	COc1nc(-c2cccc(-c3cccc(-c4cnc(COCCNCCC5CCCC5)c(OC)n4)c3Cl)c2Cl)cnc1CNC[C@@H]1CCC(=O)N1
90	mol383	-12.23	COc1nc(-c2cccc(-c3cccc(-c4cnc(CNC[C@@H]5CCC(=O)N5)c(OC)n4)c3Cl)c2Cl)cnc1CCCNCCCC[C@H]1CCCO1
90	mol377	-12.66	COc1nc(-c2cccc(-c3cccc(-c4cnc(CNC[C@@H]5CCC(=O)N5)c(OC)n4)c3Cl)c2Cl)cnc1CNCC[C@H]1CCCO1
90	mol60	-12.69	COc1nc(-c2cccc(-c3cccc(-c4cnc(CNC[C@@H]5CCC(=O)N5)c(OC)n4)c3Cl)c2Cl)cnc1CNCC[C@H]1CCCO1
90	mol50	-12.47	COc1nc(-c2cccc(-c3cccc(-c4cnc(CNC[C@@H]5CCC(=O)N5)c(OC)n4)c3Cl)c2Cl)cnc1CNCC[C@H]1CCCO1
90	mol240	-12.58	COc1nc(-c2cccc(-c3cccc(-c4cnc(CNC[C@@H]5CCC(=O)N5)c(OC)n4)c3Cl)c2Cl)cnc1CNCC[C@H]1CCCO1
90	mol445	-12.47	COc1nc(-c2cccc(-c3cccc(-c4cnn(C)n4)c3Cl)c2Cl)cnc1CNCC[C@@H]1CCCO1
90	mol327	-12.56	COc1nc(-c2cccc(-c3cccc(-c4cnc(CNC[C@@H]5CCC(=O)N5)c(OC)n4)c3Cl)c2Cl)cnc1CNCC[C@H]1CCCO1
90	mol325	-13.7	COc1nc(-c2cccc(-c3cccc(-c4cnc(CC5CCCC5)c(OC)n4)c3Cl)c2Cl)cnc1CNC[C@H]1CCC(=O)N1
90	mol111	-12.22	COc1nc(-c2cccc(-c3cccc(-c4cnc(CNC[C@@H]5CCC(=O)N5)c(OC)n4)c3Cl)c2Cl)cnc1CNCCCn1cncn1
90	mol189	-12.3	COc1nc(-c2cccc(-c3cccc(-c4cnn(C)n4)c3Cl)c2Cl)cnc1CNCCC1CC1
90	mol59	-12.45	COc1nc(-c2cccc(-c3cccc(-c4cnc(CNC[C@@H]5CCC(=O)N5)c(OC)n4)c3Cl)c2Cl)cnc1CNCC[C@H]1CCCO1
90	mol62	-13.44	COc1nc(-c2cccc(-c3cccc(-c4cnc(CN[C@H]5CCC(=O)N5)c(OC)n4)c3Cl)c2Cl)cnc1CNCC[C@H]1CCCO1
90	mol16	-13.39	COc1nc(-c2cccc(-c3cccc(-c4ccc(OC(C)=O)nc4)c3Cl)c2Cl)cnc1CNC[C@@H]1CCC(=O)N1
90	mol159	-13.43	COc1nc(-c2cccc(-c3cccc(-c4cnc(CNC[C@@H]5CCC(=O)N5)c(OC)n4)c3Cl)c2Cl)cnc1CNCC1CCOCC1
90	mol340	-12.1	COCCOCCOc1nc(-c2cccc(-c3cccc(-c4cnc(CNC[C@H]5CCC(=O)N5)c(OC)n4)c3Cl)c2Cl)cnc1CNCC[C@H]1CCCO1
90	mol300	-12.63	COc1nc(-c2cccc(-c3cccc(-c4cnc(CNC[C@@H]5CCC(=O)N5)c(OC)n4)c3Cl)c2Cl)cnc1CNCC[C@H]1CCCO1
90	mol197	-13.01	COc1nc(-c2cccc(-c3cccc(-c4cnc(CNC[C@H]5CCC(=O)N5)c(OC)n4)c3Cl)c2Cl)cnc1CCO
90	mol168	-12.69	COc1nc(-c2cccc(-c3cccc(-c4cnc(CNC[C@@H]5CCC(=O)N5)c(OC)n4)c3Cl)c2Cl)cnc1CNCC[C@H]1CCCO1
90	mol5	-12.62	COc1nc(-c2cccc(-c3cccc(-c4cnc(CNC[C@@H]5CCC(=O)N5)c(OC)n4)c3Cl)c2Cl)cnc1CNCC[C@H]1CCCO1
90	mol49	-13.16	COc1nc(-c2cccc(-c3cccc(-c4cnc(CNC[C@H]5CCCO5)c(OC)n4)c3Cl)c2Cl)cnc1CNC[C@H]1CCC(=O)N1
90	mol449	-12.51	COc1nc(-c2cccc(-c3cccc(-c4cnc(CNC[C@@H]5CCC(=O)N5)c(OC)n4)c3Cl)c2Cl)cnc1CNCC[C@H]1CCCO1
90	mol283	-12.58	COc1nc(-c2cccc(-c3cccc(-c4cnc(CNC[C@@H]5CCC(=O)N5)c(OC)n4)c3Cl)c2Cl)cnc1CNCC[C@H]1CCCO1
90	mol188	-13.23	COc1nc(-c2cccc(-c3cccc(-c4cnc([C@H]5CC[C@H](C)O5)c(OC)n4)c3Cl)c2Cl)cnc1CNC[C@@H]1CCC(=O)N1
90	mol350	-12.53	COc1nc(-c2cccc(-c3cccc(-c4cnc(CNC[C@@H]5CCC(=O)N5)c(OC)n4)c3Cl)c2Cl)cnc1CNCC[C@H]1CCCO1
90	mol70	-13.13	COc1nc(-c2cccc(-c3cccc(-c4cnc([C@@H]5CCCO5)c(OC)n4)c3Cl)c2Cl)cnc1CNC[C@H]1CCC(=O)N1
90	mol242	-13.07	COc1nc(-c2cccc(-c3cccc(-c4cnc(CNC[C@H]5CCCO5)c(OC)n4)c3Cl)c2Cl)cnc1CNC[C@H]1CCC(=O)N1
90	mol421	-12.65	COc1nc(-c2cccc(-c3cccc(-c4cnc(CNC[C@@H]5CCC(=O)N5)c(OC)n4)c3Cl)c2Cl)cnc1CNCC[C@H]1CCCO1
90	mol102	-12.51	COc1nc(-c2cccc(-c3cccc(-c4cnc(CNC[C@H]5CCC(=O)N5)c(OC)n4)c3Cl)c2Cl)cnc1CCCNCC[C@H]1CCCO1
90	mol297	-12.64	COc1nc(-c2cccc(-c3cccc(-c4cnc(CNC[C@@H]5CCC(=O)N5)c(OC)n4)c3Cl)c2Cl)cnc1CNCC[C@H]1CCCO1
90	mol419	-12.7	COc1nc(-c2cccc(-c3cccc(-c4cncnc4)c3Cl)c2Cl)cnc1CNCC[C@H]1CCCO1
90	mol29	-12.52	COc1nc(-c2cccc(-c3cccc(-c4cnc(CNC[C@@H]5CCC(=O)N5)c(OC)n4)c3Cl)c2Cl)cnc1CNCC[C@H]1CCCO1
90	mol22	-12.46	COc1nc(-c2cccc(-c3cccc(-c4cnc(CNC[C@@H]5CCC(=O)N5)c(OC)n4)c3Cl)c2Cl)cnc1CNCC[C@H]1CCCO1
90	mol194	-12.05	COc1nc(-c2cccc(-c3cccc(-c4cnc(CNC[C@@H]5CCC(=O)N5)c(OC)n4)c3Cl)c2Cl)cnc1CCCCCCCNCC[C@@H]1CCCO1
90	mol438	-12.49	COc1nc(-c2cccc(-c3cccc(-c4cnc(CNC[C@@H]5CCC(=O)N5)c(OC)n4)c3Cl)c2Cl)cnc1CNCC[C@H]1CCCO1
90	mol233	-13.36	COc1nc(-c2cccc(-c3cccc(-c4cnc(CN[C@H]5CCC(=O)N5)c(OC)n4)c3Cl)c2Cl)cnc1CNCC[C@H]1CCCO1
90	mol393	-12.61	COc1nc(-c2cccc(-c3cccc(-c4cnc(CNC[C@@H]5CCC(=O)N5)c(OC)n4)c3Cl)c2Cl)cnc1CNCC[C@H]1CCCO1
90	mol396	-13.21	COc1nc(-c2cccc(-c3cccc(-c4cnc(CNC[C@H]5CCCO5)c(OC)n4)c3Cl)c2Cl)cnc1CNC[C@H]1CCC(=O)N1
90	mol19	-12.96	COc1cnc(-c2cccc(-c3cccc(-c4cnc(CNC[C@@H]5CCC(=O)N5)c(OC)n4)c3Cl)c2Cl)cn1
90	mol478	-13.07	COc1nc(-c2cccc(-c3cccc(-c4cncc(CNC[C@H]5CCC(=O)N5)c4Cl)c3Cl)c2Cl)cnc1CNCC[C@@H]1CCCO1
90	mol318	-12.73	CCOc1nc(-c2cccc(-c3cccc(-c4cnc(CNC[C@H]5CCC(=O)N5)c(OC)n4)c3Cl)c2Cl)cnc1CNCC[C@@H]1CCCO1
90	mol185	-12.6	COc1nc(-c2cccc(-c3cccc(-c4cnc(CNC[C@H]5CCC(=O)N5)c(OC)n4)c3Cl)c2Cl)cnc1CNCC[C@H]1CC[C@@H](OCCO)CC1
90	mol357	-12.59	COc1nc(-c2cccc(-c3cccc(-c4cnc(CNC[C@@H]5CCC(=O)N5)c(OC)n4)c3Cl)c2Cl)cnc1CNCC[C@H]1CCCO1
90	mol250	-12.16	COc1nc(-c2cccc(-c3cccc(-c4cnc(CNC[C@@H]5CCC(=O)N5)c(OC)n4)c3Cl)c2Cl)cnc1CNCCNCC[C@@H]1CCCO1
90	mol253	-12.61	COc1nc(-c2cccc(-c3cccc(-c4cnc(CNC[C@@H]5CCC(=O)N5)c(OC)n4)c3Cl)c2Cl)cnc1CNCC[C@H]1CCCO1
90	mol65	-12.6	COc1nc(-c2cccc(-c3cccc(-c4cnc(CNC[C@@H]5CCC(=O)N5)c(OC)n4)c3Cl)c2Cl)cnc1CNCC[C@H]1CCCO1
90	mol18	-12.73	COc1ncn(-c2cccc(-c3cccc(-c4cnc(CNC[C@@H]5CCC(=O)N5)c(OC)n4)c3Cl)c2Cl)n1
90	mol64	-12.47	COc1nc(-c2cccc(-c3cccc(-c4cnc(CNC[C@H]5CCC(=O)N5)c(OC)n4)c3Cl)c2Cl)cnc1CCCNCC[C@H]1CCCO1
90	mol195	-12.21	COc1nc(-c2cccc(-c3cccc(-c4cnc(CNC[C@H]5CCC(=O)N5)c(OC)n4)c3Cl)c2Cl)cnc1CCCCCNCC[C@H]1CCCO1
90	mol148	-12.55	COc1nc(-c2cccc(-c3cccc(-c4cnc(CNC[C@@H]5CCC(=O)N5)c(OC)n4)c3Cl)c2Cl)cnc1CNCC[C@H]1CCCO1
90	mol115	-12.59	COc1nc(-c2cccc(-c3cccc(-c4cnc(CNC[C@@H]5CCC(=O)N5)c(OC)n4)c3Cl)c2Cl)cnc1CNCC[C@H]1CCCO1
90	mol91	-12.58	COc1nc(-c2cccc(-c3cccc(-c4cnc(CNC[C@@H]5CCC(=O)N5)c(OC)n4)c3Cl)c2Cl)cnc1CNCC[C@H]1CCCO1
90	mol204	-13.4	COc1nc(-c2cccc(-c3cccc(-c4cnc(CN[C@H]5CCC(=O)N5)c(OC)n4)c3Cl)c2Cl)cnc1CNCC[C@H]1CCCO1
90	mol13	-12.68	COc1nc(-c2cccc(-c3cccc(-c4cnc(CNC[C@@H]5CCC(=O)N5)c(OC)n4)c3Cl)c2Cl)cnc1CNCC[C@H]1CCCO1
90	mol249	-12.67	COc1nc(-c2cccc(-c3cccc(-c4cnc(CNC[C@@H]5CCC(=O)N5)c(OC)n4)c3Cl)c2Cl)cnc1CNCC[C@H]1CCCO1
90	mol88	-13.8	COc1nc(-c2cccc(-c3cccc(-c4cnc(C[C@@H]5CCCO5)c(OC)n4)c3Cl)c2Cl)cnc1CNC[C@@H]1CCC(=O)N1
90	mol404	-12.59	COc1nc(-c2cccc(-c3cccc(-c4cnc(CNC[C@@H]5CCC(=O)N5)c(OC)n4)c3Cl)c2Cl)cnc1CNCC[C@H]1CCCO1
90	mol274	-12.59	COc1nc(-c2cccc(-c3cccc(-c4cnc(CNC[C@@H]5CCC(=O)N5)c(OC)n4)c3Cl)c2Cl)cnc1CNCC[C@H]1CCCO1
90	mol426	-12.56	COc1nc(-c2cccc(-c3cccc(-c4cnc(CNC[C@@H]5CCC(=O)N5)c(OC)n4)c3Cl)c2Cl)cnc1CNCC[C@H]1CCCO1
90	mol450	-12.7	COc1nc(-c2cccc(-c3cccc(-c4cnc(CNC[C@@H]5CCC(=O)N5)c(OC)n4)c3Cl)c2Cl)cnc1CNCC[C@H]1CCCO1
90	mol434	-12.48	COc1nc(-c2cccc(-c3cccc(-c4cnc(CNC[C@@H]5CCC(=O)N5)c(OC)n4)c3Cl)c2Cl)cnc1CNCC[C@H]1CCCO1
90	mol96	-13.22	COc1nc(-c2cccc(-c3cccc(-c4cnc(CN[C@H]5CCC(=O)N5)c(OC)n4)c3Cl)c2Cl)cnc1CNCC[C@H]1CCCO1
90	mol452	-12.15	COc1nc(-c2cccc(-c3cccc(-c4cnc(CNC[C@H]5CCC(=O)N5)c(OC)n4)c3Cl)c2Cl)cnc1CCCCCNCC[C@H]1CCCO1
90	mol482	-13.15	COc1nncc(-c2cccc(-c3cccc(-c4cnc(CNC[C@@H]5CCC(=O)N5)c(OC)n4)c3Cl)c2Cl)n1
90	mol268	-12.51	CCOc1nc(-c2cccc(-c3cccc(-c4cnc(CNC[C@H]5CCC(=O)N5)c(OC)n4)c3Cl)c2Cl)cnc1CNCCCO
90	mol8	-13.81	COc1nc(-c2cccc(-c3cccc(-c4cnc(C[C@@H]5CCCO5)c(OC)n4)c3Cl)c2Cl)cnc1CNC[C@@H]1CCC(=O)N1
90	mol323	-13.8	COc1nc(-c2cccc(-c3cccc(-c4cnc(C[C@@H]5CCCO5)c(OC)n4)c3Cl)c2Cl)cnc1CNC[C@@H]1CCC(=O)N1
90	mol260	-12.37	COc1nc(-c2cccc(-c3cccc(-c4cnc(CNC[C@H]5CCC(=O)N5)c(OC)n4)c3Cl)c2Cl)cnc1CCCCCNCC[C@H]1CCCO1
90	mol278	-12.61	COc1nc(-c2cccc(-c3cccc(-c4cnc(CNC[C@@H]5CCC(=O)N5)c(OC)n4)c3Cl)c2Cl)cnc1CNCC[C@H]1CCCO1
90	mol310	-12.39	COc1nc(-c2cccc(-c3cccc(-c4cnc(CNC[C@@H]5CCC(=O)N5)c(OC)n4)c3Cl)c2Cl)cnc1CNCC[C@H]1CCCO1
90	mol410	-12.12	COc1nc(-c2cccc(-c3cccc(-c4cnc(CNC[C@H]5CCC(=O)N5)c(OC)n4)c3Cl)c2Cl)cnc1CCCCCCO
90	mol490	-12.67	COc1nc(-c2cccc(-c3cccc(-c4cnc(CNC[C@@H]5CCC(=O)N5)c(OC)n4)c3Cl)c2Cl)cnc1CNCC[C@H]1CCCO1
90	mol458	-12.69	COc1nc(-c2cccc(-c3cccc(-c4cnc(CNC[C@@H]5CCC(=O)N5)c(OC)n4)c3Cl)c2Cl)cnc1CNCC[C@H]1CCCO1
90	mol157	-12.57	COc1nc(-c2cccc(-c3cccc(-c4cnc(CNC[C@@H]5CCC(=O)N5)c(OC)n4)c3Cl)c2Cl)cnc1CNCC[C@H]1CCCO1
90	mol76	-12.31	COc1nc(-c2cccc(-c3cccc(-c4cncnc4)c3Cl)c2Cl)cnc1CNCCCC1CCCC1
90	mol266	-12.69	COc1nc(-c2cccc(-c3cccc(-c4cnc(CNC[C@@H]5CCC(=O)N5)c(OC)n4)c3Cl)c2Cl)cnc1CNCC[C@H]1CCCO1
90	mol285	-12.62	COc1nc(-c2cccc(-c3cccc(-c4cnc(CNC[C@@H]5CCC(=O)N5)c(OC)n4)c3Cl)c2Cl)cnc1CNCC[C@H]1CCCO1
90	mol78	-12.5	COc1nc(-c2cccc(-c3cccc(-c4cnc(CNC[C@@H]5CCC(=O)N5)c(OC)n4)c3Cl)c2Cl)cnc1CNCC[C@H]1CCCO1
90	mol228	-12.6	COc1nc(-c2cccc(-c3cccc(-c4cnc(CNC[C@@H]5CCC(=O)N5)c(OC)n4)c3Cl)c2Cl)cnc1CNCC[C@H]1CCCO1
90	mol429	-12.61	COc1nc(-c2cccc(-c3cccc(-c4cnc(CNC[C@@H]5CCC(=O)N5)c(OC)n4)c3Cl)c2Cl)cnc1CNCC[C@H]1CCCO1
90	mol307	-12.65	COc1nc(-c2cccc(-c3cccc(-c4cnc(CNC[C@@H]5CCC(=O)N5)c(OC)n4)c3Cl)c2Cl)cnc1CNCC[C@H]1CCCO1
90	mol416	-13.13	COc1nncc(-c2cccc(-c3cccc(-c4cnc(CNC[C@@H]5CCC(=O)N5)c(OC)n4)c3Cl)c2Cl)n1
90	mol373	-12.71	COc1nc(-c2cccc(-c3cccc(-c4cnc(CNC[C@@H]5CCC(=O)N5)c(OC)n4)c3Cl)c2Cl)cnc1CNCC[C@H]1CCCO1
90	mol282	-12.83	COc1nc(-c2cccc(-c3cccc(-c4cnc(CNC[C@H]5CCC(=O)N5)c(OC)n4)c3Cl)c2Cl)cnc1CCCNCC[C@H]1CCCO1
90	mol326	-12.51	COc1nc(-c2cccc(-c3cccc(-c4cnc(CNC[C@@H]5CCC(=O)N5)c(OC)n4)c3Cl)c2Cl)cnc1CNCC[C@H]1CCCO1
90	mol433	-12.75	COc1nc(-c2cccc(-c3cccc(-c4cnc(CNC[C@@H]5CCC(=O)N5)c(OC)n4)c3Cl)c2Cl)cnc1CNCC[C@H]1CCCO1
90	mol317	-13.15	COc1nc(-c2cccc(-c3cccc(-c4cnc(CN[C@@H]5CCC(=O)N5)c(OC)n4)c3Cl)c2Cl)cnc1CNC[C@H]1CCCO1
90	mol215	-12.65	COc1nc(-c2cccc(-c3cccc(-c4cnc(CNC[C@@H]5CCC(=O)N5)c(OC)n4)c3Cl)c2Cl)cnc1CNCC[C@H]1CCCO1
90	mol398	-12.6	COc1nc(-c2cccc(-c3cccc(-c4cnc(CNC[C@@H]5CCC(=O)N5)c(OC)n4)c3Cl)c2Cl)cnc1CNCC[C@H]1CCCO1
90	mol63	-13.13	COc1nc(-c2cccc(-c3cccc(-c4cnc(CNC[C@H]5CCC(=O)N5)c(OC)n4)c3Cl)c2Cl)cnc1CNCCC1CCC1
90	mol26	-13.79	COc1nc(-c2cccc(-c3cccc(-c4cnc(C[C@@H]5CCCO5)c(OC)n4)c3Cl)c2Cl)cnc1CNC[C@@H]1CCC(=O)N1
90	mol34	-12.55	COc1nc(-c2cccc(-c3cccc(-c4cnc(CNC[C@@H]5CCC(=O)N5)c(OC)n4)c3Cl)c2Cl)cnc1CNCC[C@H]1CCCO1
90	mol291	-12.6	COc1nc(-c2cccc(-c3cccc(-c4cnc(CNC[C@@H]5CCC(=O)N5)c(OC)n4)c3Cl)c2Cl)cnc1CNCC[C@H]1CCCO1
90	mol475	-12.53	COc1nc(-c2cccc(-c3cccc(-c4cnc(CNC[C@@H]5CCC(=O)N5)c(OC)n4)c3Cl)c2Cl)cnc1CNCC[C@H]1CCCO1
90	mol493	-13.16	COc1nc(-c2cccc(-c3cccc(-c4cnc(CNC[C@@H]5CCC(=O)N5)c(OC)n4)c3Cl)c2Cl)cnc1CCl
90	mol217	-12.59	COc1nc(-c2cccc(-c3cccc(-c4cnc(CNC[C@@H]5CCC(=O)N5)c(OC)n4)c3Cl)c2Cl)cnc1CNCC[C@H]1CCCO1
90	mol213	-12.22	COc1nc(-c2cccc(-c3cccc(-c4cnc(CNC[C@@H]5CCC(=O)N5)c(OC)n4)c3Cl)c2Cl)cnc1CNCCCO
90	mol330	-12.01	COc1nc(-c2cccc(-c3ccccc3Cl)c2Cl)cnc1CC[N@H+]1CC[C@H](O)C1
90	mol448	-12.79	COc1nc(-c2cccc(-c3cccc(-c4cnc([C@H]5CC[C@H](O)C5)c(OC)n4)c3Cl)c2Cl)cnc1CNC[C@H]1CCCC(=O)N1
90	mol223	-12.46	COc1nc(-c2cccc(-c3cccc(-c4cnc(CNC[C@@H]5CCC(=O)N5)c(OC)n4)c3Cl)c2Cl)cnc1CNCC[C@H]1CCCO1
90	mol287	-12.76	COc1nc(-c2cccc(-c3cccc(-c4cnc(CNC[C@@H]5CCC(=O)N5)c(OC)n4)c3Cl)c2Cl)cnc1CNCC[C@H]1CCCO1
90	mol101	-12.56	COc1nc(-c2cccc(-c3cccc(-c4cnc(CNC[C@@H]5CCC(=O)N5)c(OC)n4)c3Cl)c2Cl)cnc1CNCC[C@H]1CCCO1
90	mol36	-12.57	COc1nc(-c2cccc(-c3cccc(-c4cnc(CNC[C@@H]5CCC(=O)N5)c(OC)n4)c3Cl)c2Cl)cnc1CNCC[C@H]1CCCO1
90	mol144	-12.54	COc1nc(-c2cccc(-c3cccc(-c4cnc(CNC[C@@H]5CCC(=O)N5)c(OC)n4)c3Cl)c2Cl)cnc1CNCC[C@H]1CCCO1
90	mol308	-12.56	COc1nc(-c2cccc(-c3cccc(-c4cn(CCO)c(OC)n4)c3Cl)c2Cl)cnc1CNC[C@H]1CCC(=O)N1
90	mol480	-12.51	COc1nc(-c2cccc(-c3cccc(-c4cnc(CNC[C@@H]5CCC(=O)N5)c(OC)n4)c3Cl)c2Cl)cnc1CNCC[C@H]1CCCO1
90	mol332	-12.65	COc1nc(-c2cccc(-c3cccc(-c4cnc(CNC[C@@H]5CCC(=O)N5)c(OC)n4)c3Cl)c2Cl)cnc1CNCC[C@H]1CCCO1
90	mol56	-12.48	COc1nc(-c2cccc(-c3cccc(-c4cnc(CNC[C@@H]5CCC(=O)N5)c(OC)n4)c3Cl)c2Cl)cnc1CNCC[C@H]1CCCO1
90	mol275	-12.47	COc1nc(-c2cccc(-c3cccc(-c4cnc(CNC[C@@H]5CCC(=O)N5)c(OC)n4)c3Cl)c2Cl)cnc1CNCC[C@H]1CCCO1
90	mol80	-12.56	COc1nc(-c2cccc(-c3cccc(-c4cnc(CNC[C@@H]5CCC(=O)N5)c(OC)n4)c3Cl)c2Cl)cnc1CNCC[C@H]1CCCO1
90	mol167	-12.86	COc1nc(-c2cccc(-c3cccc(-c4cnc(CNC[C@H]5CCC(=O)N5)c(OC)n4)c3Cl)c2Cl)cnc1CCCO
90	mol54	-12.48	COc1nc(-c2cccc(-c3cccc(-c4cnc(CNC[C@@H]5CCC(=O)N5)c(OC)n4)c3Cl)c2Cl)cnc1CNCC[C@H]1CCCO1
90	mol118	-12.61	COc1nc(-c2cccc(-c3cccc(-c4cnc(CNC[C@@H]5CCC(=O)N5)c(OC)n4)c3Cl)c2Cl)cnc1CNCC[C@H]1CCCO1
90	mol333	-13.01	COc1nc(-c2cccc(-c3cccc(-c4cnc(CNC[C@H]5CCCO5)c(OC)n4)c3Cl)c2Cl)cnc1CNC[C@H]1CCC(=O)N1
90	mol247	-12.64	COc1nc(-c2cccc(-c3cccc(-c4cnc(CNC[C@@H]5CCC(=O)N5)c(OC)n4)c3Cl)c2Cl)cnc1CNCC[C@H]1CCCO1
90	mol200	-13.12	COc1nncc(-c2cccc(-c3cccc(-c4cnc(CNC[C@@H]5CCC(=O)N5)c(OC)n4)c3Cl)c2Cl)n1
90	mol138	-12.46	COc1nc(-c2cccc(-c3cccc(-c4cnc(CNC[C@@H]5CCC(=O)N5)c(OC)n4)c3Cl)c2Cl)cnc1CNCCCO
90	mol1	-12.59	COc1nc(-c2cccc(-c3cccc(-c4cnc(CNC[C@@H]5CCC(=O)N5)c(OC)n4)c3Cl)c2Cl)cnc1CNCC[C@H]1CCCO1
90	mol488	-12.6	COc1nc(-c2cccc(-c3cccc(-c4cnc(CNC[C@@H]5CCC(=O)N5)c(OC)n4)c3Cl)c2Cl)cnc1CNCC[C@H]1CCCO1
90	mol334	-13.46	COc1nc(-c2cccc(-c3cccc(-c4cnc(CNC[C@@H]5CCC(=O)N5)c(OC)n4)c3Cl)c2Cl)cnc1CNCC1CCOCC1
90	mol329	-13.67	COc1nc(-c2cccc(-c3cccc(-c4cnc(CC5CCCC5)c(OC)n4)c3Cl)c2Cl)cnc1CNC[C@H]1CCC(=O)N1
90	mol271	-13.08	COc1nc(-c2cccc(-c3cccc(-c4cnc(CNC[C@@H]5CCC(=O)N5)c(OC)n4)c3Cl)c2Cl)cnc1CO
90	mol386	-12.61	COc1nc(-c2cccc(-c3cccc(-c4cnc(CNC[C@@H]5CCC(=O)N5)c(OC)n4)c3Cl)c2Cl)cnc1CNCC[C@H]1CCCO1
90	mol231	-12.5	COc1nc(-c2cccc(-c3cccc(-c4cnn(C)n4)c3Cl)c2Cl)cnc1CNCC[C@@H]1CCCO1
90	mol469	-13.39	COc1nc(-c2cccc(-c3cccc(-c4cnc(CNC[C@@H]5CCC(=O)N5)c(OC)n4)c3Cl)c2Cl)cnc1CNCC1CCOCC1
90	mol258	-12.59	COc1nc(-c2cccc(-c3cccc(-c4cnc(CNC[C@@H]5CCC(=O)N5)c(OC)n4)c3Cl)c2Cl)cnc1CNCC[C@H]1CCCO1
90	mol32	-12.57	COc1nc(-c2cccc(-c3cccc(-c4cnc(CNC[C@@H]5CCC(=O)N5)c(OC)n4)c3Cl)c2Cl)cnc1CNCC[C@H]1CCCO1
90	mol218	-12.59	COc1nc(-c2cccc(-c3cccc(-c4cnc(CNC[C@@H]5CCC(=O)N5)c(OC)n4)c3Cl)c2Cl)cnc1CNCC[C@H]1CCCO1
90	mol370	-12.59	COc1nc(-c2cccc(-c3cccc(-c4cnc(CNC[C@@H]5CCC(=O)N5)c(OC)n4)c3Cl)c2Cl)cnc1CNCC[C@H]1CCCO1
90	mol303	-12.72	COc1nc(-c2cccc(-c3cccc(-c4cnc(CNC[C@@H]5CCC(=O)N5)c(OC)n4)c3Cl)c2Cl)cnc1CNCC[C@H]1CCCO1
90	mol177	-12.94	COc1nc(-c2cccc(-c3cccc(-c4cnc(CNC[C@H]5CCC(=O)N5)c(OC)n4)c3Cl)c2Cl)cnc1CCCO
90	mol499	-13.66	COc1nc(-c2cccc(-c3cccc(-c4cnc(CC5CCCC5)c(OC)n4)c3Cl)c2Cl)cnc1CNC[C@H]1CCC(=O)N1
90	mol212	-12.51	COc1nc(-c2cccc(-c3cccc(-c4cnc(CNC[C@@H]5CCC(=O)N5)c(OC)n4)c3Cl)c2Cl)cnc1CNCC[C@H]1CCCO1
90	mol234	-12.66	COc1nc(-c2cccc(-c3cccc(-c4cnc(CNC[C@@H]5CCC(=O)N5)c(OC)n4)c3Cl)c2Cl)cnc1CNCC[C@H]1CCCO1
90	mol293	-12.61	COc1nc(-c2cccc(-c3cccc(-c4cnc(CNC[C@@H]5CCC(=O)N5)c(OC)n4)c3Cl)c2Cl)cnc1CNCC[C@H]1CCCO1
90	mol145	-12.57	COc1nc(-c2cccc(-c3cccc(-c4cnc(CNC[C@@H]5CCC(=O)N5)c(OC)n4)c3Cl)c2Cl)cnc1CNCC[C@H]1CCCO1
90	mol105	-13.52	COc1nc(-c2cccc(-c3cccc(-c4cnc(C[C@H]5CC[C@H](O)CC5)c(OC)n4)c3Cl)c2Cl)cnc1CNC[C@@H]1CCC(=O)N1
90	mol232	-13.82	COc1nc(-c2cccc(-c3cccc(-c4cnc(C[C@@H]5CCCO5)c(OC)n4)c3Cl)c2Cl)cnc1CNC[C@@H]1CCC(=O)N1
90	mol444	-13.12	COc1nc(-c2cccc(-c3cccc(-c4ncnc(OC)c4CO)c3Cl)c2Cl)cnc1CNC[C@@H]1CCC(=O)N1
90	mol435	-13.81	COc1nc(-c2cccc(-c3cccc(-c4cnc(C[C@@H]5CCCO5)c(OC)n4)c3Cl)c2Cl)cnc1CNC[C@@H]1CCC(=O)N1
90	mol495	-12.72	COc1nc(-c2cccc(-c3cccc(-c4cnc(CNC[C@@H]5CCC(=O)N5)c(OC)n4)c3Cl)c2Cl)cnc1CNCC[C@H]1CCCO1
90	mol57	-12.37	COc1nc(-c2cccc(-c3cccc(-c4cnc(CNCC5OCCO5)c(OC)n4)c3Cl)c2Cl)cnc1CNCC[C@@H]1CCCO1
90	mol366	-12.55	COc1nc(-c2cccc(-c3cccc(-c4cnc(CNC[C@@H]5CCC(=O)N5)c(OC)n4)c3Cl)c2Cl)cnc1CNCC[C@H]1CCCO1
90	mol403	-12.73	COc1nc(-c2cccc(-c3cccc(-c4cnc(CNC[C@@H]5CCC(=O)N5)c(OC)n4)c3Cl)c2Cl)cnc1CNCC[C@H]1CCCO1
90	mol140	-13.36	COc1nc(-c2cccc(-c3cccc(-c4cnc(CN[C@H]5CCC(=O)N5)c(OC)n4)c3Cl)c2Cl)cnc1CNCC[C@H]1CCCO1
90	mol162	-12.93	COc1nc(-c2cccc(-c3cccc(-c4cnc(CNC[C@H]5CCC(=O)N5)c(OC)n4)c3Cl)c2Cl)cnc1CNCCC1CCCC1
90	mol239	-12.95	COc1nc(-c2cccc(-c3cccc(-c4cnc(CNC[C@H]5CCC(=O)N5)c(OC)n4)c3Cl)c2Cl)cnc1CNCCC1CCCC1
90	mol402	-13.11	COc1nc(-c2cccc(-c3cccc(-c4cnc(CNC[C@H]5CCC(=O)N5)c(OC)n4)c3Cl)c2Cl)cnc1CCC[C@@H]1CCCO1
90	mol489	-12.41	COc1nc(-c2cccc(-c3cccc(-c4cnc(CNC[C@@H]5CCC(=O)N5)c(OC)n4)c3Cl)c2Cl)cnc1CNCC[C@H]1CCCO1
90	mol95	-12.78	COc1nc(-c2cccc(-c3cccc(-c4cnc(OCCO)c(OC)n4)c3Cl)c2Cl)cnc1CNC[C@@H]1CCC(=O)N1
90	mol381	-13.95	COc1nc(-c2cccc(-c3cccc(-c4cnc(C[C@H]5CCCNC5)c(OC)n4)c3Cl)c2Cl)cnc1CNC[C@H]1CCC(=O)N1
90	mol164	-12.76	COc1nc(-c2cccc(-c3cccc(-c4cnc(CNC[C@H]5CCC(=O)N5)c(OC)n4)c3Cl)c2Cl)cnc1CCCNCC[C@H]1CCCO1
90	mol457	-13.1	O=C1CC[C@@H](CNCc2ncc(-c3cccc(-c4cccc(-c5cnc([C@H]6CCOC6)cn5)c4Cl)c3Cl)nc2O)N1
90	mol355	-13.81	COc1nc(-c2cccc(-c3cccc(-c4cnc(C[C@@H]5CCCO5)c(OC)n4)c3Cl)c2Cl)cnc1CNC[C@@H]1CCC(=O)N1
90	mol180	-12.52	COc1nc(-c2cccc(-c3cccc(-c4cnc(CNC[C@@H]5CCC(=O)N5)c(OC)n4)c3Cl)c2Cl)cnc1CNCC[C@H]1CCCO1
90	mol171	-12.46	COc1nc(-c2cccc(-c3cccc(-c4cnc(CNC[C@@H]5CCC(=O)N5)c(OC)n4)c3Cl)c2Cl)cnc1CNCC[C@H]1CCCO1
90	mol190	-13.4	COc1nc(-c2cccc(-c3cccc(-c4cnc(CN[C@H]5CCC(=O)N5)c(OC)n4)c3Cl)c2Cl)cnc1CNCC[C@H]1CCCO1
90	mol322	-12.03	COc1nc(-c2cccc(-c3cccc(-c4cnc(CNC[C@H]5CCC(=O)N5)c(OC)n4)c3Cl)c2Cl)cnc1CCCOCCNCCC1CCC1
90	mol259	-12.66	COc1nc(-c2cccc(-c3cccc(-c4cnc(CNC[C@@H]5CCC(=O)N5)c(OC)n4)c3Cl)c2Cl)cnc1CNCC[C@H]1CCCO1
90	mol129	-12.66	COc1nc(-c2cccc(-c3cccc(-c4cnc(CNC[C@@H]5CCC(=O)N5)c(OC)n4)c3Cl)c2Cl)cnc1CNCC[C@H]1CCCO1
90	mol44	-12.7	COc1nc(-c2cccc(-c3cccc(-c4cnc(CNC[C@@H]5CCC(=O)N5)c(OC)n4)c3Cl)c2Cl)cnc1CNCC[C@H]1CCCO1
90	mol372	-12.1	COc1nc(-c2cccc(-c3cccc(-c4cnc(CNC[C@H]5CCC(=O)N5)c(OC)n4)c3Cl)c2Cl)cnc1CCCCCNCC[C@H]1CCCO1
90	mol314	-12.58	COc1nc(-c2cccc(-c3cccc(-c4cnc(CNC[C@@H]5CCC(=O)N5)c(OC)n4)c3Cl)c2Cl)cnc1CNCC[C@H]1CCCO1
90	mol382	-12.63	COc1nc(-c2cccc(-c3cccc(-c4cnc(CNC[C@@H]5CCC(=O)N5)c(OC)n4)c3Cl)c2Cl)cnc1CNCC[C@H]1CCCO1
90	mol453	-12.48	COc1nc(-c2cccc(-c3cccc(-c4cnc(CNC[C@@H]5CCC(=O)N5)c(OC)n4)c3Cl)c2Cl)cnc1CNCC[C@H]1CCCO1
90	mol160	-13.21	COc1nc(-c2cccc(-c3cccc(-c4cnc(CN5CCC(=O)N5)c(OC)n4)c3Cl)c2Cl)cnc1CNCC[C@H]1CCCO1
90	mol440	-12.66	COc1nc(-c2cccc(-c3cccc(-c4cnc(CNC[C@@H]5CCC(=O)N5)c(OC)n4)c3Cl)c2Cl)cnc1CNCC[C@H]1CCCO1
90	mol316	-12.54	COc1nc(-c2cccc(-c3cccc(-c4cnc(CNC[C@@H]5CCC(=O)N5)c(OC)n4)c3Cl)c2Cl)cnc1CNCC[C@H]1CCCO1
90	mol77	-12.55	COc1nc(-c2cccc(-c3cccc(-c4cnc(CNC[C@@H]5CCC(=O)N5)c(OC)n4)c3Cl)c2Cl)cnc1CNCC[C@H]1CCCO1
90	mol494	-12.61	COc1nc(-c2cccc(-c3cccc(-c4cnc(CNC[C@@H]5CCC(=O)N5)c(OC)n4)c3Cl)c2Cl)cnc1CNCC[C@H]1CCCO1
90	mol229	-12.32	COc1nc(-c2cccc(-c3cccc(-c4cnc(CNC[C@@H]5CCC(=O)N5)c(OC)n4)c3Cl)c2Cl)cnc1CNCC[C@H]1CCCO1
90	mol220	-12.63	COc1nc(-c2cccc(-c3cccc(-c4cnc(CNC[C@@H]5CCC(=O)N5)c(OC)n4)c3Cl)c2Cl)cnc1CNCC[C@H]1CCCO1
90	mol359	-13.48	COc1nc(-c2cccc(-c3cccc(-c4cnc(CNC[C@@H]5CCC(=O)N5)c(OC)n4)c3Cl)c2Cl)cnc1CNCC1CCOCC1
90	mol206	-12.67	COc1nc(-c2cccc(-c3cccc(-c4cnc(CNC[C@@H]5CCC(=O)N5)c(OC)n4)c3Cl)c2Cl)cnc1CNCC[C@H]1CCCO1
90	mol439	-12.66	COc1nc(-c2cccc(-c3cccc(-c4cnc(CNC[C@@H]5CCC(=O)N5)c(OC)n4)c3Cl)c2Cl)cnc1CNCC[C@H]1CCCO1
90	mol474	-13.47	COc1nc(-c2cccc(-c3cccc(-c4cnc(CNC[C@H]5CCC(=O)N5)c(OC)n4)c3Cl)c2Cl)cnc1CC[C@H]1CCCO1
90	mol498	-12.58	COc1nc(-c2cccc(-c3cccc(-c4cc(CNC[C@@H]5CCC(=O)N5)c(OC)c(OC)n4)c3Cl)c2Cl)cnc1CNCC[C@H]1CCCO1
90	mol394	-13.78	COc1nc(-c2cccc(-c3cccc(-c4cnc(C[C@@H]5CCCO5)c(OC)n4)c3Cl)c2Cl)cnc1CNC[C@@H]1CCC(=O)N1
90	mol198	-12.68	COc1nc(-c2cccc(-c3cccc(-c4cnc(CNC[C@@H]5CCC(=O)N5)c(OC)n4)c3Cl)c2Cl)cnc1CNCC[C@H]1CCCO1
90	mol117	-12.48	COc1nc(-c2cccc(-c3cccc(-c4cnc(CNC[C@@H]5CCC(=O)N5)c(OC)n4)c3Cl)c2Cl)cnc1CNCC[C@H]1CCCO1
90	mol174	-12.54	COCCOc1nc(-c2cccc(-c3cccc(-c4cnc(CNC[C@@H]5CCC(=O)N5)c(OC)n4)c3Cl)c2Cl)cnc1CNCC[C@H]1CCCO1
90	mol294	-12.7	COc1nc(-c2cccc(-c3cccc(-c4cnc(CNC[C@@H]5CCC(=O)N5)c(OC)n4)c3Cl)c2Cl)cnc1CNCC[C@H]1CCCO1
90	mol430	-12.64	COc1nc(-c2cccc(-c3cccc(-c4cnc(CNC[C@@H]5CCC(=O)N5)c(OC)n4)c3Cl)c2Cl)cnc1CNCC[C@H]1CCCO1
90	mol11	-12.6	COc1nc(-c2cccc(-c3cccc(-c4cnc(CNC[C@@H]5CCC(=O)N5)c(OC)n4)c3Cl)c2Cl)cnc1CNCC[C@H]1CCCO1
90	mol309	-13.12	COc1nncc(-c2cccc(-c3cccc(-c4cnc(CNC[C@@H]5CCC(=O)N5)c(OC)n4)c3Cl)c2Cl)n1
90	mol139	-12.89	COc1cnc(-c2cccc(-c3cccc(-c4cnc(CNC[C@@H]5CCC(=O)N5)c(OC)n4)c3Cl)c2Cl)cn1
90	mol110	-12.89	COc1nc(-c2cccc(-c3cccc(-c4nc(OC)n(C[C@H]5CCOCO5)n4)c3Cl)c2Cl)cnc1CNC[C@H]1CCC(=O)N1
90	mol135	-12.67	COc1nc(-c2cccc(-c3cccc(-c4cnc(CNC[C@@H]5CCC(=O)N5)c(OC)n4)c3Cl)c2Cl)cnc1CNCC[C@H]1CCCO1
90	mol182	-12.57	COc1nc(-c2cccc(-c3cccc(-c4cnc(CNCC5CCOCC5)c(OC)n4)c3Cl)c2Cl)cnc1CCCCO
90	mol9	-13.3	COc1nc(-c2cccc(-c3cccc(-c4cnc(COC[C@H]5CCCO5)c(OC)n4)c3Cl)c2Cl)cnc1CNC[C@H]1CCC(=O)N1
90	mol424	-12.78	COc1nc(-c2cccc(-c3cccc(-c4cnc(CNC[C@@H]5CCC(=O)N5)c(OC)n4)c3Cl)c2Cl)cnc1CNCC[C@H]1CCCO1
90	mol351	-12.54	COc1nc(-c2cccc(-c3cccc(-c4cnc(CNC[C@@H]5CCC(=O)N5)c(OC)n4)c3Cl)c2Cl)cnc1CNCC[C@H]1CCCO1
90	mol147	-13.11	COc1nncc(-c2cccc(-c3cccc(-c4cnc(CNC[C@@H]5CCC(=O)N5)c(OC)n4)c3Cl)c2Cl)n1
90	mol90	-12.65	COc1nc(-c2cccc(-c3cccc(-c4cnc(CNC[C@@H]5CCC(=O)N5)c(OC)n4)c3Cl)c2Cl)cnc1CNCC[C@H]1CCCO1
90	mol150	-12.3	COc1nc(-c2cccc(-c3cccc(-c4cnc(CNC[C@H]5CCCO5)c(OC)n4)c3Cl)c2Cl)cnc1CNCC[C@@H]1CCCO1
90	mol121	-13.27	COc1nc(-c2cccc(-c3cccc(-c4cnc(CNC[C@H]5CCC(=O)N5)c(OC)n4)c3Cl)c2Cl)cnc1CNCCC1CCC1
90	mol331	-12.72	COc1nc(-c2cccc(-c3cccc(-c4cnc(CNC[C@@H]5CCC(=O)N5)c(OC)n4)c3Cl)c2Cl)cnc1CCNCC[C@@H]1CCCO1
90	mol441	-12.82	COc1nc(-c2cccc(-c3cccc(-c4cnc(CNC[C@H]5CCC(=O)N5)c(OC)n4)c3Cl)c2Cl)cnc1CCCO
90	mol363	-12.44	COc1nc(-c2cccc(-c3cccc(-c4cnc(CNC[C@@H]5CCC(=O)N5)c(OC)n4)c3Cl)c2Cl)cnc1CNCC[C@H]1CCCO1
90	mol93	-12.48	COc1nc(-c2cccc(-c3cccc(-c4cnc(CNC[C@@H]5CCC(=O)N5)c(OC)n4)c3Cl)c2Cl)cnc1CNCC[C@H]1CCCO1
90	mol263	-13.3	COc1nc(-c2cccc(-c3cccc(-c4cnc(CNC[C@@H]5CCC(=O)N5)c(OC)n4)c3Cl)c2Cl)cnc1CNCC1CCOCC1
90	mol312	-13.32	COc1ncc(-c2cccc(-c3cccc(-c4cnc(CNC[C@@H]5CCC(=O)N5)c(OC)n4)c3Cl)c2Cl)cn1
90	mol120	-12.65	COc1nc(-c2cccc(-c3cccc(-c4cnc(CNC[C@@H]5CCC(=O)N5)c(OC)n4)c3Cl)c2Cl)cnc1CNCC[C@H]1CCCO1
90	mol389	-12.53	COc1nc(-c2cccc(-c3cccc(-c4cnc(CNC[C@@H]5CCC(=O)N5)c(OC)n4)c3Cl)c2Cl)cnc1CNCC[C@H]1CCCO1
90	mol83	-12.83	COc1nc(-c2cccc(-c3cccc(-c4cnc(CNC[C@@H]5CCC(=O)N5)c(OC)n4)c3Cl)c2Cl)cnc1CCCCC1CCCCC1
90	mol2	-12.65	COc1nc(-c2cccc(-c3cccc(-c4cnc(CNC[C@@H]5CCC(=O)N5)c(OC)n4)c3Cl)c2Cl)cnc1CNCC[C@H]1CCCO1
90	mol354	-12.59	COc1nc(-c2cccc(-c3cccc(-c4cnc(CNC[C@@H]5CCC(=O)N5)c(OC)n4)c3Cl)c2Cl)cnc1CNCC[C@H]1CCCO1
90	mol191	-12.65	COc1nc(-c2cccc(-c3cccc(-c4cnc(CNC[C@@H]5CCC(=O)N5)c(OC)n4)c3Cl)c2Cl)cnc1CNCC[C@H]1CCCO1
90	mol466	-13.05	COc1nc(-c2cccc(-c3cccc(-c4cnc(CNC[C@@H]5CCC(=O)O5)c(OC)n4)c3Cl)c2Cl)cnc1CNCC[C@H]1CCCO1
90	mol395	-12.64	COc1nc(-c2cccc(-c3cccc(-c4cncnc4)c3Cl)c2Cl)cnc1CNCC[C@H]1CCCO1
90	mol211	-12.89	COc1nc(-c2cccc(-c3cccc(-c4cnc(CNC[C@H]5CCC(=O)N5)c(OC)n4)c3Cl)c2Cl)cnc1CCCO
90	mol66	-12.64	COc1nc(-c2cccc(-c3cccc(-c4cnc(CNC[C@@H]5CCC(=O)N5)c(OC)n4)c3Cl)c2Cl)cnc1CNCC[C@H]1CCCO1
90	mol4	-12.51	COc1nc(-c2cccc(-c3cccc(-c4cnc(CNC[C@@H]5CCC(=O)N5)c(OC)n4)c3Cl)c2Cl)cnc1CNCC[C@H]1CCCO1
90	mol109	-12.64	COc1nc(-c2cccc(-c3cccc(-c4cnc(CNC[C@@H]5CCC(=O)N5)c(OC)n4)c3Cl)c2Cl)cnc1CNCC[C@H]1CCCO1
90	mol299	-12.55	COc1nc(-c2cccc(-c3cccc(-c4cnc(CNC[C@@H]5CCC(=O)N5)c(OC)n4)c3Cl)c2Cl)cnc1CNCC[C@H]1CCCO1
90	mol371	-13.19	COc1nncc(-c2cccc(-c3cccc(-c4cnc(CNC[C@@H]5CCC(=O)N5)c(OC)n4)c3Cl)c2Cl)n1
90	mol161	-12.95	COc1nc(-c2cccc(-c3cccc(-c4cnc(CNC[C@H]5CCC(=O)N5)c(OC)n4)c3Cl)c2Cl)cnc1CNCCC1CCCC1
90	mol39	-12.47	COc1nc(-c2cccc(-c3cccc(-c4cnc(CNC[C@@H]5CCC(=O)N5)c(OC)n4)c3Cl)c2Cl)cnc1CNCC[C@H]1CCCO1
90	mol496	-12.62	COc1nc(-c2cccc(-c3cccc(-c4cnc(CNC[C@H]5CCC(=O)N5)c(OC)n4)c3Cl)c2Cl)cnc1CNCCC[C@H]1CCCO1
90	mol219	-12.74	Oc1nc(-c2cccc(-c3cccc(-c4cncnc4)c3Cl)c2Cl)cnc1CNCC[C@H]1CCCO1
90	mol280	-12.58	COc1nc(-c2cccc(-c3cccc(-c4cnc(CNC[C@@H]5CCC(=O)N5)c(OC)n4)c3Cl)c2Cl)cnc1CNCC[C@H]1CCCO1
90	mol104	-13.01	COc1nc(-c2cccc(-c3cccc(-c4cnc(CNC[C@@H]5CCC(=O)N5)c(OC)n4)c3Cl)c2Cl)cnc1CNCC[C@@H]1CCOC1
90	mol173	-13.18	COc1nncc(-c2cccc(-c3cccc(-c4cnc(CNC[C@@H]5CCC(=O)N5)c(OC)n4)c3Cl)c2Cl)n1
90	mol154	-13.04	COc1nc(-c2cccc(-c3cccc(-c4cnc(NCC[C@H]5CCCO5)c(OC)n4)c3Cl)c2Cl)cnc1CNC[C@H]1CCC(=O)N1
90	mol468	-12.63	COc1nc(-c2cccc(-c3cccc(-c4cnc(CNC[C@@H]5CCC(=O)N5)c(OC)n4)c3Cl)c2Cl)cnc1CNCC[C@H]1CCCO1
90	mol413	-13.04	COc1nc(-c2cccc(-c3cccc(-c4cnc(CNC[C@H]5CCC(=O)N5)c(OC)n4)c3Cl)c2Cl)cnc1CNCCC1CCCC1
90	mol269	-12.67	COc1nc(-c2cccc(-c3cccc(-c4cnc(CNC[C@@H]5CCC(=O)N5)c(OC)n4)c3Cl)c2Cl)cnc1CNCC[C@H]1CCCO1
90	mol397	-12.6	COc1nc(-c2cccc(-c3cccc(-c4cnc(CNC[C@@H]5CCC(=O)N5)c(OC)n4)c3Cl)c2Cl)cnc1CNCC[C@H]1CCCO1
90	mol456	-12.61	COc1nc(-c2cccc(-c3cccc(-c4cnc(CNC[C@@H]5CCC(=O)N5)c(OC)n4)c3Cl)c2Cl)cnc1CNCC[C@H]1CCCO1
90	mol0	-12.54	COc1nc(-c2cccc(-c3cccc(-c4cnc(CNC[C@@H]5CCC(=O)N5)c(OC)n4)c3Cl)c2Cl)cnc1CNCC[C@H]1CCCO1
90	mol461	-13.79	COc1nc(-c2cccc(-c3cccc(-c4cnc(C[C@@H]5CCCO5)c(OC)n4)c3Cl)c2Cl)cnc1CNC[C@@H]1CCC(=O)N1
90	mol27	-12.5	COc1nc(-c2cccc(-c3cccc(-c4cnc(CNC[C@@H]5CCC(=O)N5)c(OC)n4)c3Cl)c2Cl)cnc1CNCC[C@H]1CCCO1
90	mol31	-12.66	COc1nc(-c2cccc(-c3cccc(-c4cnc(CNC[C@@H]5CCC(=O)N5)c(OC)n4)c3Cl)c2Cl)cnc1CNCC[C@H]1CCCO1
90	mol15	-12.47	COc1nc(-c2cccc(-c3cccc(-c4cnc(CNC[C@@H]5CCC(=O)N5)c(OC)n4)c3Cl)c2Cl)cnc1CNCC[C@H]1CCCO1
90	mol178	-12.55	COc1nc(-c2cccc(-c3cccc(-c4cnc(CNC[C@@H]5CCC(=O)N5)c(OC)n4)c3Cl)c2Cl)cnc1CCCC[C@H]1CCCO1
90	mol446	-12.73	COc1nc(-c2cccc(-c3cccc(-c4cnc(CNCC[C@H]5CCCO5)c(OC)n4)c3Cl)c2Cl)cnc1CN
90	mol47	-12.95	COc1cnc(-c2cccc(-c3cccc(-c4cnc(CNC[C@@H]5CCC(=O)N5)c(OC)n4)c3Cl)c2Cl)cn1
90	mol42	-13.12	COc1nc(-c2cccc(-c3cccc(-c4cnc(CNC[C@H]5CCC(=O)N5)c(OC)n4)c3Cl)c2Cl)cnc1CCC[C@@H]1CCCO1
90	mol48	-13.27	COc1nc(-c2cccc(-c3cccc(-c4cnc(CNC[C@H]5CCC(=O)N5)c(OC)n4)c3Cl)c2Cl)cnc1CNCCC1CCC1
90	mol356	-13.78	COc1nc(-c2cccc(-c3cccc(-c4cnc(C[C@@H]5CCCO5)c(OC)n4)c3Cl)c2Cl)cnc1CNC[C@@H]1CCC(=O)N1
90	mol119	-12.61	COc1nc(-c2cccc(-c3cccc(-c4cnc(CNC[C@@H]5CCC(=O)N5)c(OC)n4)c3Cl)c2Cl)cnc1CNCC[C@H]1CCCO1
90	mol392	-12.62	COc1nc(-c2cccc(-c3cccc(-c4cnc(CNC[C@@H]5CCC(=O)N5)c(OC)n4)c3Cl)c2Cl)cnc1CNCC[C@H]1CCCO1
90	mol358	-12.64	COc1nc(-c2cccc(-c3cccc(-c4cnc(CNC[C@@H]5CCC(=O)N5)c(OC)n4)c3Cl)c2Cl)cnc1CNCC[C@H]1CCCO1
90	mol181	-12.62	COc1nc(-c2cccc(-c3cccc(-c4cnc(CNC[C@@H]5CCC(=O)N5)c(OC)n4)c3Cl)c2Cl)cnc1CNCC[C@H]1CCCO1
90	mol170	-13.86	COc1nc(-c2cccc(-c3cccc(-c4cncc([C@@H]5CCC(=O)N5)c4Cl)c3Cl)c2Cl)cnc1CNCCC1CCC1
90	mol17	-12.52	COc1nc(-c2cccc(-c3cccc(-c4cnc(CNC[C@H]5CCC(=O)N5)c(OC)n4)c3Cl)c2Cl)cnc1CNCC[C@H]1CC[C@@H](OC)CC1
90	mol221	-12.64	COc1nc(-c2cccc(-c3cccc(-c4cnc(CNC[C@@H]5CCC(=O)N5)c(OC)n4)c3Cl)c2Cl)cnc1CNCC[C@H]1CCCO1
90	mol201	-13.3	COc1nc(-c2cccc(-c3cccc(-c4cnn(CNC[C@H]5CCC(=O)N5)c4Cl)c3Cl)c2Cl)cnc1CNCC[C@@H]1CCCO1
90	mol33	-13.08	COc1nc(-c2cccc(-c3cccc(-c4cnc(CNC[C@H]5CCC(=O)N5)c(OC)n4)c3Cl)c2Cl)cnc1CNCCC1CCC1
90	mol455	-12.72	COc1nc(-c2cccc(-c3cccc(-c4cnc(CNC[C@H]5CCC(=O)N5)c(OC)n4)c3Cl)c2Cl)cnc1CNCCC1CCOCC1
90	mol107	-12.54	COc1nc(-c2cccc(-c3cccc(-c4cnc(CNC[C@@H]5CCC(=O)N5)c(OC)n4)c3Cl)c2Cl)cnc1CNCC[C@H]1CCCO1
90	mol462	-12.65	COc1nc(-c2cccc(-c3cccc(-c4cnc(CNC[C@@H]5CCC(=O)N5)c(OC)n4)c3Cl)c2Cl)cnc1CNCC[C@H]1CCCO1
90	mol103	-12.48	COc1nc(-c2cccc(-c3cccc(-c4cnc(CNC[C@@H]5CCC(=O)N5)c(OC)n4)c3Cl)c2Cl)cnc1CNCC[C@H]1CCCO1
90	mol328	-12.7	COc1nc(-c2cccc(-c3cccc(-c4cnc(CNC[C@@H]5CCC(=O)N5)c(OC)n4)c3Cl)c2Cl)cnc1CNCC[C@H]1CCCO1
90	mol46	-12.19	COc1ncc(-c2cccc(-c3cccc(-c4cncc(CNC[C@H]5CCC(=O)N5)c4Cl)c3Cl)c2Cl)c(-c2ccccc2Cl)n1
90	mol131	-13.55	COc1nc(-c2cccc(-c3cccc(-c4cnc(CNC[C@H]5CCC(=O)N5)c(OC)n4)c3Cl)c2Cl)cnc1CC[C@H]1CCCO1
90	mol238	-13.48	COc1nc(-c2cccc(-c3cccc(-c4cnc(CNC[C@H]5CCC(=O)N5)c(OC)n4)c3Cl)c2Cl)cnc1CC[C@H]1CCCO1
90	mol483	-13.33	Cc1nc(-c2cccc(-c3cccc(-c4cnc(CNC[C@@H]5CCC(=O)N5)c(OCC(=O)O)c4Cl)c3Cl)c2Cl)cnc1CNCC[C@@H]1CCCO1
90	mol472	-12.66	COc1nc(-c2cccc(-c3cccc(-c4cnc(CNC[C@@H]5CCC(=O)N5)c(OC)n4)c3Cl)c2Cl)cnc1CNCC[C@H]1CCCO1
90	mol436	-12.62	COc1nc(-c2cccc(-c3cccc(-c4cnc(CNC[C@@H]5CCC(=O)N5)c(OC)n4)c3Cl)c2Cl)cnc1CNCC[C@H]1CCCO1
90	mol243	-12.66	COc1nc(-c2cccc(-c3cccc(-c4cnc(CNC[C@@H]5CCC(=O)N5)c(OC)n4)c3Cl)c2Cl)cnc1CNCC[C@H]1CCCO1
90	mol172	-12.52	COc1nc(-c2cccc(-c3cccc(-c4cnc(CNC[C@@H]5CCC(=O)N5)c(OC)n4)c3Cl)c2Cl)cnc1CNCC[C@H]1CCCO1
90	mol151	-12.64	COc1nc(-c2cccc(-c3cccc(-c4cnc(OC[C@@H]5CCC(=O)N5)c(OC)n4)c3Cl)c2Cl)cnc1CNCCC1CCC1
90	mol484	-13.13	COc1nncc(-c2cccc(-c3cccc(-c4cnc(CNC[C@@H]5CCC(=O)N5)c(OC)n4)c3Cl)c2Cl)n1
90	mol214	-13.31	COc1ncc(-c2cccc(-c3cccc(-c4cnc(CNC[C@@H]5CCC(=O)N5)c(OC)n4)c3Cl)c2Cl)cn1
90	mol137	-12.59	COc1nc(-c2cccc(-c3cccc(-c4cnc(CNC[C@@H]5CCC(=O)N5)c(OC)n4)c3Cl)c2Cl)cnc1CNCC[C@H]1CCCO1
90	mol74	-12.73	COc1nc(-c2cccc(-c3cccc(-c4cnc(CNC[C@@H]5CCC(=O)N5)c(OC)n4)c3Cl)c2Cl)cnc1CNCC[C@H]1CCCO1
90	mol375	-12.54	COc1nc(-c2cccc(-c3cccc(-c4cnc(CNC[C@@H]5CCC(=O)N5)c(OC)n4)c3Cl)c2Cl)cnc1CNCC[C@H]1CCCO1
90	mol97	-13.46	COc1nc(-c2cccc(-c3cccc(-c4cnc(CN[C@H]5CCC(=O)N5)c(OC)n4)c3Cl)c2Cl)cnc1CNCC[C@H]1CCCO1
90	mol98	-13.21	COc1nc(-c2cccc(-c3cccc(-c4cnc(CN[C@@H]5CCC(=O)N5)c(OC)n4)c3Cl)c2Cl)cnc1CNC[C@H]1CCCO1
90	mol87	-12.56	COc1nc(-c2cccc(-c3cccc(-c4cnc(CNC[C@@H]5CCC(=O)N5)c(OC)n4)c3Cl)c2Cl)cnc1CNCC[C@H]1CCCO1
90	mol486	-13.11	COc1nc(-c2cccc(-c3cccc(-c4cnc(CNC[C@H]5CCC(=O)N5)c(OC)n4)c3Cl)c2Cl)cnc1CNCCC1CCC1
90	mol23	-12.58	COc1nc(-c2cccc(-c3cccc(-c4cnc(CNC[C@H]5CCC(=O)N5)c(OC)n4)c3Cl)c2Cl)cnc1CNCC[C@H]1CC[C@@H](OC)CC1
90	mol265	-12.58	COc1nc(-c2cccc(-c3cccc(-c4cnc(CNC[C@@H]5CCC(=O)N5)c(OC)n4)c3Cl)c2Cl)cnc1CNCC[C@H]1CCCO1
90	mol464	-12.65	COc1nc(-c2cccc(-c3cccc(-c4cnc(CNC[C@@H]5CCC(=O)N5)c(OC)n4)c3Cl)c2Cl)cnc1CNCC[C@H]1CCCO1
90	mol58	-12.63	COc1nc(-c2cccc(-c3cccc(-c4cnc(CNC[C@@H]5CCC(=O)N5)c(OC)n4)c3Cl)c2Cl)cnc1CNCC[C@H]1CCCO1
90	mol248	-12.59	COc1nc(-c2cccc(-c3cccc(-c4cnc(CNC[C@@H]5CCC(=O)N5)c(OC)n4)c3Cl)c2Cl)cnc1CNCC[C@H]1CCCO1
90	mol202	-12.79	COc1nc(-c2cccc(-c3cccc(-c4cnc(CNC[C@H]5CCC(=O)N5)c(OC)n4)c3Cl)c2Cl)cnc1CCCNCC[C@H]1CCCO1
90	mol251	-13.13	COc1nncc(-c2cccc(-c3cccc(-c4cnc(CNC[C@@H]5CCC(=O)N5)c(OC)n4)c3Cl)c2Cl)n1
90	mol183	-13.1	COc1nc(-c2cccc(-c3cccc(-c4cnc(CNC[C@H]5CCC(=O)N5)c(OC)n4)c3Cl)c2Cl)cnc1CCC[C@@H]1CCCO1
90	mol226	-12.8	COc1nc(-c2cccc(-c3cccc(-c4cnc(CNC[C@@H]5CCC(=O)N5)c(OC)n4)c3Cl)c2Cl)cnc1CNCC[C@H]1CCCO1
90	mol82	-13.78	COc1nc(-c2cccc(-c3cccc(-c4cnc(C[C@@H]5CCCO5)c(OC)n4)c3Cl)c2Cl)cnc1CNC[C@@H]1CCC(=O)N1
90	mol476	-12.62	COc1nc(-c2cccc(-c3cccc(-c4cnc(CNC[C@@H]5CCC(=O)N5)c(OC)n4)c3Cl)c2Cl)cnc1CNCC[C@H]1CCCO1
90	mol454	-12.52	COc1nc(-c2cccc(-c3cccc(-c4cnc(CNC[C@@H]5CCC(=O)N5)c(OC)n4)c3Cl)c2Cl)cnc1CNCC[C@H]1CCCO1
90	mol246	-12.64	COc1nc(-c2cccc(-c3cccc(-c4cnc(CNC[C@@H]5CCC(=O)N5)c(OC)n4)c3Cl)c2Cl)cnc1CNCC[C@H]1CCCO1
90	mol432	-12.04	COc1nc(-c2cccc(-c3cccc(-c4cnc(CNC[C@H]5CCC(=O)O5)c(OC)n4)c3Cl)c2Cl)cnc1CCCCCCNCC[C@@H]1CCCO1
90	mol460	-13.29	COc1nc(-c2cccc(-c3cccc(-c4cnc(CN[C@H]5CCC(=O)N5)c(OC)n4)c3Cl)c2Cl)cnc1CNCC[C@H]1CCCO1
90	mol343	-12.94	COc1nc(-c2cccc(-c3cccc(-c4cnc(COC[C@@H]5CCO5)c(OC)n4)c3Cl)c2Cl)cnc1CNC[C@@H]1CCC(=O)N1
90	mol364	-12.62	COc1nc(-c2cccc(-c3cccc(-c4cnc(CNC[C@@H]5CCC(=O)N5)c(OC)n4)c3Cl)c2Cl)cnc1CCCCO
90	mol116	-12.56	COc1nc(-c2cccc(-c3cccc(-c4cnc(CNC[C@@H]5CCC(=O)N5)c(OC)n4)c3Cl)c2Cl)cnc1CNCC[C@H]1CCCO1
90	mol41	-13.08	COc1nc(-c2cccc(-c3cccc(-c4cnc(CNC[C@H]5CCC(=O)N5)c(OC)n4)c3Cl)c2Cl)cnc1CCC[C@@H]1CCCO1
90	mol127	-12.64	COc1nc(-c2cccc(-c3cccc(-c4cnc(CNC[C@@H]5CCC(=O)N5)c(OC)n4)c3Cl)c2Cl)cnc1CNCC[C@H]1CCCO1
90	mol277	-12.57	COc1nc(-c2cccc(-c3cccc(-c4cnc(CNC[C@@H]5CCC(=O)N5)c(OC)n4)c3Cl)c2Cl)cnc1CNCC[C@H]1CCCO1
90	mol176	-12.61	COc1nc(-c2cccc(-c3cccc(-c4cnc(CNC[C@@H]5CCC(=O)N5)c(OC)n4)c3Cl)c2Cl)cnc1CNCC[C@H]1CCCO1
90	mol123	-12.67	COc1nc(-c2cccc(-c3cccc(-c4cnc(CNC[C@@H]5CCC(=O)N5)c(OC)n4)c3Cl)c2Cl)cnc1CNCC[C@H]1CCCO1
90	mol279	-12.62	COc1nc(-c2cccc(-c3cccc(-c4cnc(CNC[C@@H]5CCC(=O)N5)c(OC)n4)c3Cl)c2Cl)cnc1CNCC[C@H]1CCCO1
90	mol497	-12.6	COc1nc(-c2cccc(-c3cccc(-c4cnc(CNC[C@@H]5CCC(=O)N5)c(OC)n4)c3Cl)c2Cl)cnc1CNCC[C@H]1CCCO1
90	mol465	-13.15	COc1ncnc(-c2cccc(-c3cccc(-c4cnc(CNC[C@H]5CCC(=O)N5)c(OC)n4)c3Cl)c2Cl)n1
90	mol43	-13.68	COc1nc(-c2cccc(-c3cccc(-c4cnc(CC5CCCC5)c(OC)n4)c3Cl)c2Cl)cnc1CNC[C@H]1CCC(=O)N1
90	mol124	-12.6	COc1nc(-c2cccc(-c3cccc(-c4cnc(CNC[C@@H]5CCC(=O)N5)c(OC)n4)c3Cl)c2Cl)cnc1CNCC[C@H]1CCCO1
90	mol85	-13.16	COc1nc(-c2cccc(-c3cccc(-c4cnc(CN[C@H]5CCC(=O)N5)c(OC)n4)c3Cl)c2Cl)cnc1CNCC[C@H]1CCCO1
