epoch,mol_id,docking_score,smiles,canonical_smiles,pic50,solubility
70,mol333,-15.2,CCOc1nc(-c2cccc(-c3cccc(-c4cnn(C[C@@H]5CCC(=O)N5)c4Cl)c3Cl)c2Cl)cnc1CCCc1nnc(-c2cccc(-c3cccc(O)c3Cl)c2Cl)o1,CCOc1nc(-c2cccc(-c3cccc(-c4cnn(C[C@@H]5CCC(=O)N5)c4Cl)c3Cl)c2Cl)cnc1CCCc1nnc(-c2cccc(-c3cccc(O)c3Cl)c2Cl)o1,8.298507,-7.183168
100,mol331,-14.66,COc1nc(-c2cccc(-c3cccc(-c4cnc(CNC[C@H]5CCC(=O)N5)c5c(N)ccnc45)c3Cl)c2Cl)cnc1C1CCC1,COc1nc(-c2cccc(-c3cccc(-c4cnc(CNC[C@H]5CCC(=O)N5)c5c(N)ccnc45)c3Cl)c2Cl)cnc1C1CCC1,9.1502695,-6.374316
60,mol289,-14.44,Cc1nc(-c2cccc(-c3cccc(-c4cnc(CNC[C@@H]5CCC(=O)N5)c(OC[C@H]5CCC(=O)N5)c4Cl)c3Cl)c2Cl)cnc1C[C@H]1CCCO1,Cc1nc(-c2cccc(-c3cccc(-c4cnc(CNC[C@@H]5CCC(=O)N5)c(OC[C@H]5CCC(=O)N5)c4Cl)c3Cl)c2Cl)cnc1C[C@H]1CCCO1,8.466567,-6.58819
10,mol410,-14.42,Oc1nc(Oc2cccc(-c3cccc(-c4ccccn4)n3)c2)nc(-c2ccc(-c3ccccc3Cl)cc2Cl)n1,Oc1nc(Oc2cccc(-c3cccc(-c4ccccn4)n3)c2)nc(-c2ccc(-c3ccccc3Cl)cc2Cl)n1,5.9200335,-7.442917
60,mol255,-14.31,COc1nncc(-c2cccc(-c3cccc(-c4cccc(CNC(C)=O)c4)c3Cl)c2Cl)n1,COc1nncc(-c2cccc(-c3cccc(-c4cccc(CNC(C)=O)c4)c3Cl)c2Cl)n1,7.8101983,-6.865216
70,mol293,-14.3,COc1nc(-c2cccc(-c3cccc(-c4cccc(OC[C@@H]5CCC(=O)N5)c4Cl)c3Cl)c2Cl)cnc1CC1CCCCC1,COc1nc(-c2cccc(-c3cccc(-c4cccc(OC[C@@H]5CCC(=O)N5)c4Cl)c3Cl)c2Cl)cnc1CC1CCCCC1,8.855346,-7.268065
20,mol83,-14.26,Oc1cccc(-c2cccc(-c3cccc(-c4cnc(O)c(O)n4)c3Cl)c2Cl)c1,Oc1cccc(-c2cccc(-c3cccc(-c4cnc(O)c(O)n4)c3Cl)c2Cl)c1,7.7748713,-6.422657
40,mol418,-14.24,Cc1nc(-c2cccc(-c3cccc(-c4ccc(CNC[C@H]5CCC(=O)N5)cn4)c3Cl)c2Cl)cnc1O,Cc1nc(-c2cccc(-c3cccc(-c4ccc(CNC[C@H]5CCC(=O)N5)cn4)c3Cl)c2Cl)cnc1O,8.574783,-6.217062
100,mol289,-14.2,O=C(O)COc1cc(-c2cccc(-c3cccc(-c4cnc(CNC[C@H]5CCC(=O)N5)c(O)c4Cl)c3Cl)c2Cl)cnc1CN1CCCC1,O=C(O)COc1cc(-c2cccc(-c3cccc(-c4cnc(CNC[C@H]5CCC(=O)N5)c(O)c4Cl)c3Cl)c2Cl)cnc1CN1CCCC1,8.632991,-6.320891
70,mol278,-14.17,Oc1cccc(-c2cccc(-c3cccc(-c4ccnc(O)n4)c3Cl)c2Cl)c1,Oc1cccc(-c2cccc(-c3cccc(-c4ccnc(O)n4)c3Cl)c2Cl)c1,7.6214185,-6.52862
130,mol379,-14.12,COc1nc(-c2cccc(-c3cccc(-c4cccc(OC[C@@H]5CCC(=O)N5)c4Cl)c3Cl)c2Cl)cnc1CNC[C@@H]1CCCO1,COc1nc(-c2cccc(-c3cccc(-c4cccc(OC[C@@H]5CCC(=O)N5)c4Cl)c3Cl)c2Cl)cnc1CNC[C@@H]1CCCO1,9.25307,-6.9880576
70,mol453,-14.1,COc1nc(-c2cccc(-c3cccc(-c4cccc(CNC[C@H]5CCC(=O)N5)c4Cl)c3Cl)c2Cl)cnc1CC1CCCC1,COc1nc(-c2cccc(-c3cccc(-c4cccc(CNC[C@H]5CCC(=O)N5)c4Cl)c3Cl)c2Cl)cnc1CC1CCCC1,8.988519,-7.051659
20,mol201,-14.07,COc1nc(-c2cccc(-c3cccc(-c4cnc(-n5cnnn5)c(OC)n4)c3Cl)c2Cl)cnc1CNC[C@@H]1CCC(=O)N1,COc1nc(-c2cccc(-c3cccc(-c4cnc(-n5cnnn5)c(OC)n4)c3Cl)c2Cl)cnc1CNC[C@@H]1CCC(=O)N1,9.688895,-4.6318645
60,mol208,-14.05,COc1nc(-c2cccc(-c3cccc(-c4cccc(CNCC5=CCC(=O)N5)c4Cl)c3Cl)c2Cl)cnc1CNCCC1CCCC1,COc1nc(-c2cccc(-c3cccc(-c4cccc(CNCC5=CCC(=O)N5)c4Cl)c3Cl)c2Cl)cnc1CNCCC1CCCC1,9.305002,-7.0241175
80,mol146,-14.05,COc1nc(-c2cccc(-c3cccc(-c4cncc(CNC[C@H]5CCC(=O)N5)c4Cl)c3Cl)c2Cl)cnc1CC[C@H]1CCCCO1,COc1nc(-c2cccc(-c3cccc(-c4cncc(CNC[C@H]5CCC(=O)N5)c4Cl)c3Cl)c2Cl)cnc1CC[C@H]1CCCCO1,9.253744,-6.5222144
10,mol244,-14.03,O=C1CC[C@H](CNCc2ncc(-c3cccc(-c4cccc(-c5cnnc(O)c5)c4Cl)c3Cl)c(Cl)c2OC[C@@H]2CCC(=O)N2)N1,O=C1CC[C@H](CNCc2ncc(-c3cccc(-c4cccc(-c5cnnc(O)c5)c4Cl)c3Cl)c(Cl)c2OC[C@@H]2CCC(=O)N2)N1,8.192945,-6.8501205
120,mol172,-14.03,COc1ncc(-c2cccc(-c3cccc(-c4cnc(CNC[C@H]5CCC(=O)N5)c(O)c4Cl)c3Cl)c2Cl)cn1,COc1ncc(-c2cccc(-c3cccc(-c4cnc(CNC[C@H]5CCC(=O)N5)c(O)c4Cl)c3Cl)c2Cl)cn1,8.182624,-6.5776043
10,mol6,-14.02,OCc1ncc(-c2cccc(-c3cccc(-c4ccnc(Cl)c4O)c3Cl)c2Cl)cc1O,OCc1ncc(-c2cccc(-c3cccc(-c4ccnc(Cl)c4O)c3Cl)c2Cl)cc1O,7.425846,-6.7098913
70,mol109,-14.02,COc1nc(-c2cccc(-c3cccc(-c4cncc(OC[C@H]5CCC(=O)N5)c4Cl)c3Cl)c2Cl)cnc1[C@@H]1CCOC1,COc1nc(-c2cccc(-c3cccc(-c4cncc(OC[C@H]5CCC(=O)N5)c4Cl)c3Cl)c2Cl)cnc1[C@@H]1CCOC1,9.127162,-7.0258327
10,mol472,-14.0,Oc1c(-c2cccc(-c3cccc(-c4cncc(OCC5=CCCC5)c4)c3Cl)c2Cl)ccnc1Cl,Oc1c(-c2cccc(-c3cccc(-c4cncc(OCC5=CCCC5)c4)c3Cl)c2Cl)ccnc1Cl,7.306685,-7.223483
70,mol415,-13.99,O=C(O)COc1c(CNC[C@H]2CCC(=O)N2)ncc(-c2cccc(-c3cccc(-c4cnc(C[C@H]5CCCO5)cn4)c3Cl)c2Cl)c1Cl,O=C(O)COc1c(CNC[C@H]2CCC(=O)N2)ncc(-c2cccc(-c3cccc(-c4cnc(C[C@H]5CCCO5)cn4)c3Cl)c2Cl)c1Cl,8.74034,-6.580305
10,mol120,-13.98,COc1nc(-c2cccc(-c3cccc(-c4cnc(CNC[C@H]5CCC(=O)N5)c(OC)c4Cl)c3Cl)c2Cl)cnc1C[C@@H]1CCCO1,COc1nc(-c2cccc(-c3cccc(-c4cnc(CNC[C@H]5CCC(=O)N5)c(OC)c4Cl)c3Cl)c2Cl)cnc1C[C@@H]1CCCO1,9.124214,-6.5169554
120,mol242,-13.98,COc1nc(-c2cccc(-c3cccc(-c4cnc(CN[C@H]5CCC(=O)N5)c(O)c4Cl)c3Cl)c2Cl)cnc1CNCC[C@@H]1CCCO1,COc1nc(-c2cccc(-c3cccc(-c4cnc(CN[C@H]5CCC(=O)N5)c(O)c4Cl)c3Cl)c2Cl)cnc1CNCC[C@@H]1CCCO1,9.519174,-6.595235
60,mol155,-13.97,COc1nc(-c2cccc(-c3cccc(-c4cccc(CNC[C@H]5CCC(=O)N5)c4Cl)c3Cl)c2Cl)cnc1CN1CCCC1,COc1nc(-c2cccc(-c3cccc(-c4cccc(CNC[C@H]5CCC(=O)N5)c4Cl)c3Cl)c2Cl)cnc1CN1CCCC1,9.316091,-6.7634487
10,mol241,-13.97,COc1nc(-c2cccc(-c3cccc(-c4cnc(-c5cncnc5)c(OC)n4)c3Cl)c2Cl)cnc1CNC[C@H]1CCC(=O)N1,COc1nc(-c2cccc(-c3cccc(-c4cnc(-c5cncnc5)c(OC)n4)c3Cl)c2Cl)cnc1CNC[C@H]1CCC(=O)N1,9.525438,-6.667793
70,mol326,-13.96,COc1nc(-c2cccc(-c3cccc(-c4cncc(CNC[C@H]5CCC(=O)N5)c4Cl)c3Cl)c2Cl)cnc1C1CCC1,COc1nc(-c2cccc(-c3cccc(-c4cncc(CNC[C@H]5CCC(=O)N5)c4Cl)c3Cl)c2Cl)cnc1C1CCC1,9.295408,-6.725891
50,mol77,-13.96,COc1nc(-c2cccc(-c3cccc(-c4cnc(OC5CCN(C(C)=O)CC5)c(OC)n4)c3Cl)c2Cl)cnc1CNC[C@@H]1CCCO1,COc1nc(-c2cccc(-c3cccc(-c4cnc(OC5CCN(C(C)=O)CC5)c(OC)n4)c3Cl)c2Cl)cnc1CNC[C@@H]1CCCO1,9.489214,-5.7244005
30,mol427,-13.96,COc1nc(-c2cccc(-c3cccc(-c4cnc([C@H]5CCCO5)c(O)n4)c3Cl)c2Cl)cnc1CN[C@H]1CCC(=O)N1,COc1nc(-c2cccc(-c3cccc(-c4cnc([C@H]5CCCO5)c(O)n4)c3Cl)c2Cl)cnc1CN[C@H]1CCC(=O)N1,9.38688,-6.9523993
90,mol381,-13.95,COc1nc(-c2cccc(-c3cccc(-c4cnc(C[C@H]5CCCNC5)c(OC)n4)c3Cl)c2Cl)cnc1CNC[C@H]1CCC(=O)N1,COc1nc(-c2cccc(-c3cccc(-c4cnc(C[C@H]5CCCNC5)c(OC)n4)c3Cl)c2Cl)cnc1CNC[C@H]1CCC(=O)N1,9.678572,-6.4509435
20,mol439,-13.93,Oc1cc(-c2cccc(-c3cccc(-c4cnn(C[C@@H]5CCC(O)(O)C5)n4)c3Cl)c2Cl)cnn1,Oc1cc(-c2cccc(-c3cccc(-c4cnn(C[C@@H]5CCC(O)(O)C5)n4)c3Cl)c2Cl)cnn1,8.049299,-5.2354727
70,mol155,-13.93,COc1nc(-c2cccc(-c3cccc(-c4cccc(OC[C@@H]5CCC(=O)N5)c4Cl)c3Cl)c2Cl)cnc1C1CCC1,COc1nc(-c2cccc(-c3cccc(-c4cccc(OC[C@@H]5CCC(=O)N5)c4Cl)c3Cl)c2Cl)cnc1C1CCC1,8.964798,-6.8547077
80,mol292,-13.91,O=C(O)COc1ccc(-c2cccc(-c3cccc(-c4cnc(CNC[C@@H]5CCCC(=O)N5)c(OC[C@H]5CCC(=O)N5)c4Cl)c3Cl)c2Cl)cn1,O=C(O)COc1ccc(-c2cccc(-c3cccc(-c4cnc(CNC[C@@H]5CCCC(=O)N5)c(OC[C@H]5CCC(=O)N5)c4Cl)c3Cl)c2Cl)cn1,8.495273,-6.6816483
20,mol256,-13.9,COc1nc(-c2cccc(-c3cccc(-c4cccc(CN5CCC(=O)NC5)c4)c3Cl)c2Cl)cnc1CNCC[C@@H]1CCCO1,COc1nc(-c2cccc(-c3cccc(-c4cccc(CN5CCC(=O)NC5)c4)c3Cl)c2Cl)cnc1CNCC[C@@H]1CCCO1,9.322864,-6.1863427
120,mol283,-13.89,COc1ncc(-c2cccc(-c3cccc(-c4cccc(CNC[C@@H]5CCC(=O)N5)c4Cl)c3Cl)c2Cl)nn1,COc1ncc(-c2cccc(-c3cccc(-c4cccc(CNC[C@@H]5CCC(=O)N5)c4Cl)c3Cl)c2Cl)nn1,8.5081215,-6.894272
130,mol144,-13.89,COc1nc(-c2cccc(-c3cccc(-c4cnc(CN5CC[C@H](O)C5)c(CNC[C@H]5CCC(=O)N5)c4Cl)c3Cl)c2Cl)cnc1CNCC[C@@H]1CCCO1,COc1nc(-c2cccc(-c3cccc(-c4cnc(CN5CC[C@H](O)C5)c(CNC[C@H]5CCC(=O)N5)c4Cl)c3Cl)c2Cl)cnc1CNCC[C@@H]1CCCO1,9.721123,-6.0239577
110,mol248,-13.89,O=C1CC[C@H](CNCc2ncc(-c3cccc(-c4cccc(-c5ccnc(CN6CCOCC6)c5O)c4Cl)c3Cl)nc2O)N1,O=C1CC[C@H](CNCc2ncc(-c3cccc(-c4cccc(-c5ccnc(CN6CCOCC6)c5O)c4Cl)c3Cl)nc2O)N1,8.991138,-5.183944
80,mol275,-13.88,COc1nc(-c2cccc(-c3cccc(-c4cccc(OC[C@H]5CCOC5)c4Cl)c3Cl)c2Cl)cnc1C[C@@H]1CCCO1,COc1nc(-c2cccc(-c3cccc(-c4cccc(OC[C@H]5CCOC5)c4Cl)c3Cl)c2Cl)cnc1C[C@@H]1CCCO1,8.659024,-6.5217032
90,mol254,-13.88,COc1nc(-c2cccc(-c3cccc(-c4cnc([C@H]5CC[C@H](Oc6ccccn6)CC5)c(OC)n4)c3Cl)c2Cl)cnc1CNC[C@H]1CCC(=O)N1,COc1nc(-c2cccc(-c3cccc(-c4cnc([C@H]5CC[C@H](Oc6ccccn6)CC5)c(OC)n4)c3Cl)c2Cl)cnc1CNC[C@H]1CCC(=O)N1,9.332061,-6.7211814
40,mol485,-13.87,COc1nc(-c2cccc(-c3cccc(-c4cnc(CNC[C@H]5CCC(=O)N5)c(CNC(=O)[C@@H]5CCC(=O)N5)c4)c3Cl)c2Cl)cnc1CNCC[C@@H]1CCCO1,COc1nc(-c2cccc(-c3cccc(-c4cnc(CNC[C@H]5CCC(=O)N5)c(CNC(=O)[C@@H]5CCC(=O)N5)c4)c3Cl)c2Cl)cnc1CNCC[C@@H]1CCCO1,9.762795,-5.9530487
130,mol225,-13.87,COc1ncc(-c2cccc(-c3cccc(-c4cccc(CNC[C@@H]5CCC(=O)N5)c4Cl)c3Cl)c2Cl)cn1,COc1ncc(-c2cccc(-c3cccc(-c4cccc(CNC[C@@H]5CCC(=O)N5)c4Cl)c3Cl)c2Cl)cn1,8.081661,-7.058792
30,mol378,-13.87,COc1nc(-c2cccc(-c3cccc(-c4cnc(CNC(=O)[C@H]5CCC(=O)N5)c(OC)n4)c3Cl)c2Cl)cnc1CNCCC1CCOCC1,COc1nc(-c2cccc(-c3cccc(-c4cnc(CNC(=O)[C@H]5CCC(=O)N5)c(OC)n4)c3Cl)c2Cl)cnc1CNCCC1CCOCC1,10.051682,-6.296386
10,mol453,-13.86,COc1nc(-c2cccc(-c3cccc(-c4cccc(CNC[C@H]5CCC(=O)N5)c4Cl)c3Cl)c2Cl)cnc1CNCC1CCOCC1,COc1nc(-c2cccc(-c3cccc(-c4cccc(CNC[C@H]5CCC(=O)N5)c4Cl)c3Cl)c2Cl)cnc1CNCC1CCOCC1,9.458909,-6.7956495
90,mol170,-13.86,COc1nc(-c2cccc(-c3cccc(-c4cncc([C@@H]5CCC(=O)N5)c4Cl)c3Cl)c2Cl)cnc1CNCCC1CCC1,COc1nc(-c2cccc(-c3cccc(-c4cncc([C@@H]5CCC(=O)N5)c4Cl)c3Cl)c2Cl)cnc1CNCCC1CCC1,9.380776,-6.900915
10,mol168,-13.85,COc1nc(-c2cccc(-c3cccc(-c4cnc(-c5cnn(C)c5)c(OC)n4)c3Cl)c2Cl)cnc1CNC[C@@H]1CCC(=O)N1,COc1nc(-c2cccc(-c3cccc(-c4cnc(-c5cnn(C)c5)c(OC)n4)c3Cl)c2Cl)cnc1CNC[C@@H]1CCC(=O)N1,9.653143,-6.465879
120,mol204,-13.85,COc1nc(-c2cccc(-c3cccc(-c4cnc(CNC[C@H]5CCC(=O)N5)c(O)n4)c3Cl)c2Cl)cnc1CNCC1CCOCC1,COc1nc(-c2cccc(-c3cccc(-c4cnc(CNC[C@H]5CCC(=O)N5)c(O)n4)c3Cl)c2Cl)cnc1CNCC1CCOCC1,9.861232,-6.3111105
70,mol301,-13.85,COc1nc(-c2cccc(-c3cccc(-c4cnc(CC5CCCC5)c(OC)n4)c3Cl)c2Cl)cnc1CN[C@@H]1CCC(=O)N1,COc1nc(-c2cccc(-c3cccc(-c4cnc(CC5CCCC5)c(OC)n4)c3Cl)c2Cl)cnc1CN[C@@H]1CCC(=O)N1,9.082538,-7.3082166
70,mol282,-13.84,COc1nc(-c2cccc(-c3cccc(-c4cnc(C[C@@H]5CCCO5)c(OC)n4)c3Cl)c2Cl)cnc1CNC[C@@H]1CCC(=O)N1,COc1nc(-c2cccc(-c3cccc(-c4cnc(C[C@@H]5CCCO5)c(OC)n4)c3Cl)c2Cl)cnc1CNC[C@@H]1CCC(=O)N1,9.624021,-6.2642117
10,mol451,-13.83,O=C1CC[C@H](COc2c(CNC[C@@H]3CCC(=O)N3)ncc(-c3cccc(-c4cccc(-c5ncnc(O)n5)c4Cl)c3Cl)c2Cl)N1,O=C1CC[C@H](COc2c(CNC[C@@H]3CCC(=O)N3)ncc(-c3cccc(-c4cccc(-c5ncnc(O)n5)c4Cl)c3Cl)c2Cl)N1,8.401985,-6.465852
120,mol423,-13.82,COc1nc(-c2cccc(-c3cccc(-c4cnc(CNC[C@H]5CCC(=O)N5)c(O)c4Cl)c3Cl)c2Cl)cnc1CNCCC1CCOCC1,COc1nc(-c2cccc(-c3cccc(-c4cnc(CNC[C@H]5CCC(=O)N5)c(O)c4Cl)c3Cl)c2Cl)cnc1CNCCC1CCOCC1,9.682939,-6.658752
20,mol416,-13.8,COc1nc(-c2cccc(-c3cccc(-c4cnc(OCC[C@@H]5CCCO5)c(OC)n4)c3Cl)c2Cl)cnc1CN[C@H]1CCCC(=O)N1,COc1nc(-c2cccc(-c3cccc(-c4cnc(OCC[C@@H]5CCCO5)c(OC)n4)c3Cl)c2Cl)cnc1CN[C@H]1CCCC(=O)N1,9.396844,-6.835434
130,mol382,-13.8,COc1nc(-c2cccc(-c3cccc(-c4cnc(CNC[C@H]5CC[C@H](Oc6ncnc(Cl)c6Cl)CC5)c(OC)n4)c3Cl)c2Cl)cnc1CNC[C@H]1CCC(=O)N1,COc1nc(-c2cccc(-c3cccc(-c4cnc(CNC[C@H]5CC[C@H](Oc6ncnc(Cl)c6Cl)CC5)c(OC)n4)c3Cl)c2Cl)cnc1CNC[C@H]1CCC(=O)N1,9.299868,-7.636207
20,mol295,-13.79,COc1nc(-c2cccc(-c3cccc(-c4cnn(C[C@H]5CCC(=O)N5)c4Cl)c3Cl)c2Cl)cnc1CNCC[C@H]1CCCO1,COc1nc(-c2cccc(-c3cccc(-c4cnn(C[C@H]5CCC(=O)N5)c4Cl)c3Cl)c2Cl)cnc1CNCC[C@H]1CCCO1,9.536805,-6.391873
40,mol157,-13.77,COc1nc(-c2cccc(-c3cccc(-c4cnc([C@H]5CC[C@@H](OC)CC5)c(OC)n4)c3Cl)c2Cl)cnc1CNC[C@H]1CCC(=O)N1,COc1nc(-c2cccc(-c3cccc(-c4cnc([C@H]5CC[C@@H](OC)CC5)c(OC)n4)c3Cl)c2Cl)cnc1CNC[C@H]1CCC(=O)N1,9.289945,-6.6640387
70,mol203,-13.77,COc1nc(-c2cccc(-c3cccc(-c4cnc(CNC[C@H]5CCC(=O)N5)c(O)c4Cl)c3Cl)c2Cl)cnc1CC[C@@H]1CCCO1,COc1nc(-c2cccc(-c3cccc(-c4cnc(CNC[C@H]5CCC(=O)N5)c(O)c4Cl)c3Cl)c2Cl)cnc1CC[C@@H]1CCCO1,9.505765,-6.6060886
50,mol223,-13.76,COc1ncnc(-c2cccc(-c3cccc(-c4cccc(CNC[C@H]5CCC(=O)N5)c4Cl)c3Cl)c2Cl)n1,COc1ncnc(-c2cccc(-c3cccc(-c4cccc(CNC[C@H]5CCC(=O)N5)c4Cl)c3Cl)c2Cl)n1,7.9679794,-7.165043
50,mol277,-13.76,COc1nc(-c2cccc(-c3cccc(-c4cnc(CN[C@@H]5CCCO5)c(OC)n4)c3Cl)c2Cl)cnc1CNC[C@@H]1CCC(=O)N1,COc1nc(-c2cccc(-c3cccc(-c4cnc(CN[C@@H]5CCCO5)c(OC)n4)c3Cl)c2Cl)cnc1CNC[C@@H]1CCC(=O)N1,9.67431,-6.2571197
50,mol446,-13.76,OC[C@@H]1C[C@@H](Oc2cccc(-c3cccc(-c4cccc(-c5cccc(O)c5)c4Cl)c3Cl)c2Cl)C[C@@H]1O,OC[C@@H]1C[C@@H](Oc2cccc(-c3cccc(-c4cccc(-c5cccc(O)c5)c4Cl)c3Cl)c2Cl)C[C@@H]1O,7.823566,-6.798955
80,mol298,-13.76,COc1cc(-c2cncc(-c3cccc(-c4cnc(CCC[C@H]5CCCCO5)c(OC)n4)c3Cl)c2Cl)ccc1CNC[C@H]1CCC(=O)N1,COc1cc(-c2cncc(-c3cccc(-c4cnc(CCC[C@H]5CCCCO5)c(OC)n4)c3Cl)c2Cl)ccc1CNC[C@H]1CCC(=O)N1,9.334765,-6.0320525
30,mol433,-13.75,COc1nc(-c2cccc(-c3cccc(-c4cnc(CN[C@H]5CCC(=O)N5)c(OC)n4)c3Cl)c2Cl)cnc1CNC[C@@H]1CC[C@@H](OC)C[C@@H]2[C@@H]1CC[C@H]2O,COc1nc(-c2cccc(-c3cccc(-c4cnc(CN[C@H]5CCC(=O)N5)c(OC)n4)c3Cl)c2Cl)cnc1CNC[C@@H]1CC[C@@H](OC)C[C@@H]2[C@@H]1CC[C@H]2O,9.445049,-6.6536493
60,mol0,-13.74,COc1nc(-c2cccc(-c3cccc(-c4cnc(CN5CCC(=O)N5)c(OC)n4)c3Cl)c2Cl)cnc1CC[C@H]1CCCO1,COc1nc(-c2cccc(-c3cccc(-c4cnc(CN5CCC(=O)N5)c(OC)n4)c3Cl)c2Cl)cnc1CC[C@H]1CCCO1,9.492073,-6.1121154
80,mol147,-13.73,COc1nc(-c2cccc(-c3cccc(-c4cnc(CNC[C@@H]5CCC(=O)N5)c(OC)n4)c3Cl)c2Cl)cnc1CCC1CCCCC1,COc1nc(-c2cccc(-c3cccc(-c4cnc(CNC[C@@H]5CCC(=O)N5)c(OC)n4)c3Cl)c2Cl)cnc1CCC1CCCCC1,9.205804,-7.1182747
110,mol427,-13.73,COc1nc(-c2cccc(-c3cccc(-c4cnc(CNC[C@@H]5CCC(=O)N5)c5c(N)ncnc45)c3Cl)c2Cl)cnc1CNCCC1CCC1,COc1nc(-c2cccc(-c3cccc(-c4cnc(CNC[C@@H]5CCC(=O)N5)c5c(N)ncnc45)c3Cl)c2Cl)cnc1CNCCC1CCC1,9.422678,-6.743273
50,mol314,-13.73,COc1nc(-c2cccc(-c3cccc(-c4cnc(CNC[C@H]5CCC(=O)N5)c(OC)n4)c3Cl)c2Cl)cnc1CC[C@H]1CC[C@@H](Oc2nccc(C(=O)O)n2)CC1,COc1nc(-c2cccc(-c3cccc(-c4cnc(CNC[C@H]5CCC(=O)N5)c(OC)n4)c3Cl)c2Cl)cnc1CC[C@H]1CC[C@@H](Oc2nccc(C(=O)O)n2)CC1,9.736704,-6.3873286
70,mol58,-13.72,COc1nc(-c2cccc(-c3cccc(-c4cnc(CC5CCCC5)c(OC)n4)c3Cl)c2Cl)cnc1CNC[C@H]1CCC(=O)N1,COc1nc(-c2cccc(-c3cccc(-c4cnc(CC5CCCC5)c(OC)n4)c3Cl)c2Cl)cnc1CNC[C@H]1CCC(=O)N1,9.179931,-7.071363
10,mol303,-13.72,COc1nc(-c2cccc(-c3cccc(-c4cccc(CNC[C@H]5CCC(=O)N5C)c4Cl)c3Cl)c2Cl)cnc1NC[C@H]1CCCO1,COc1nc(-c2cccc(-c3cccc(-c4cccc(CNC[C@H]5CCC(=O)N5C)c4Cl)c3Cl)c2Cl)cnc1NC[C@H]1CCCO1,9.008007,-6.494515
50,mol382,-13.72,COc1nc(-c2cccc(-c3cccc(-c4cnc(OCC[C@H]5CCC(=O)N5)c(OC)n4)c3Cl)c2Cl)cnc1C[C@@H]1CCCO1,COc1nc(-c2cccc(-c3cccc(-c4cnc(OCC[C@H]5CCC(=O)N5)c(OC)n4)c3Cl)c2Cl)cnc1C[C@@H]1CCCO1,9.232558,-6.5469046
70,mol295,-13.71,COc1cc(-c2cccc(-c3cccc(-c4cnc(CCCC5CCCC5)c(OC)n4)c3Cl)c2Cl)cnc1CN[C@H]1CCC(=O)N1,COc1cc(-c2cccc(-c3cccc(-c4cnc(CCCC5CCCC5)c(OC)n4)c3Cl)c2Cl)cnc1CN[C@H]1CCC(=O)N1,9.04551,-7.2263975
130,mol357,-13.71,COc1nc(-c2cccc(-c3cccc(-c4cccnc4Cl)c3Cl)c2Cl)cnc1CNCC1CCOCC1,COc1nc(-c2cccc(-c3cccc(-c4cccnc4Cl)c3Cl)c2Cl)cnc1CNCC1CCOCC1,9.288839,-6.8371024
130,mol88,-13.71,COc1nc(-c2cccc(-c3cccc(-c4cnc(CNC[C@@H]5CCC(=O)N5)c(O)c4Cl)c3Cl)c2Cl)cnc1CNC[C@H]1CCCO1,COc1nc(-c2cccc(-c3cccc(-c4cnc(CNC[C@@H]5CCC(=O)N5)c(O)c4Cl)c3Cl)c2Cl)cnc1CNC[C@H]1CCCO1,9.548243,-6.5547333
70,mol487,-13.7,COc1nc(-c2cccc(-c3cccc(-c4cncc(CNC[C@@H]5CCC(=O)N5)c4Cl)c3Cl)c2Cl)cnc1C[C@@H]1CCCCO1,COc1nc(-c2cccc(-c3cccc(-c4cncc(CNC[C@@H]5CCC(=O)N5)c4Cl)c3Cl)c2Cl)cnc1C[C@@H]1CCCCO1,9.228656,-6.3761315
70,mol401,-13.69,COc1nc(-c2cccc(-c3cccc(-c4cccc(OC[C@H]5CCC(=O)N5)c4Cl)c3Cl)c2Cl)cnc1CNCC[C@H]1CCCO1,COc1nc(-c2cccc(-c3cccc(-c4cccc(OC[C@H]5CCC(=O)N5)c4Cl)c3Cl)c2Cl)cnc1CNCC[C@H]1CCCO1,9.377015,-6.626128
80,mol227,-13.69,COc1nc(-c2cccc(-c3cccc(-c4cnn(C)c4Cl)c3Cl)c2Cl)cnc1C[C@H]1CCCO1,COc1nc(-c2cccc(-c3cccc(-c4cnn(C)c4Cl)c3Cl)c2Cl)cnc1C[C@H]1CCCO1,9.02817,-6.5185213
10,mol351,-13.68,O=C1CC[C@H](CNCc2ncc(-c3cccc(-c4cccc(Oc5ncnc(O)n5)c4Cl)c3Cl)c(Cl)c2OC[C@@H]2CCC(=O)O2)N1,O=C1CC[C@H](CNCc2ncc(-c3cccc(-c4cccc(Oc5ncnc(O)n5)c4Cl)c3Cl)c(Cl)c2OC[C@@H]2CCC(=O)O2)N1,8.227937,-6.9041615
10,mol107,-13.67,COc1nc(-c2cccc(-c3cccc(-c4ccnc(CNC[C@H]5CCC(=O)NC5)c4Cl)c3Cl)c2Cl)cnc1CNCC[C@@H]1CCOC1,COc1nc(-c2cccc(-c3cccc(-c4ccnc(CNC[C@H]5CCC(=O)NC5)c4Cl)c3Cl)c2Cl)cnc1CNCC[C@@H]1CCOC1,9.777973,-5.9537487
70,mol330,-13.66,COc1nc(-c2cccc(-c3cccc(-c4cccc(CNC[C@@H]5CCC(=O)N5)c4Cl)c3Cl)c2Cl)cnc1CC[C@@H]1CCCO1,COc1nc(-c2cccc(-c3cccc(-c4cccc(CNC[C@@H]5CCC(=O)N5)c4Cl)c3Cl)c2Cl)cnc1CC[C@@H]1CCCO1,9.379849,-6.6693187
70,mol362,-13.66,COc1nc(-c2cccc(-c3cccc(-c4cnc(CC5CCCCC5)c(OC)n4)c3Cl)c2Cl)cnc1CNC[C@H]1CCC(=O)N1,COc1nc(-c2cccc(-c3cccc(-c4cnc(CC5CCCCC5)c(OC)n4)c3Cl)c2Cl)cnc1CNC[C@H]1CCC(=O)N1,9.068099,-7.119873
100,mol423,-13.66,COc1nc(-c2cccc(-c3cccc(-c4cnc(OCC5CCOCC5)c(OC)n4)c3Cl)c2Cl)cnc1CNC[C@H]1CCC(=O)N1,COc1nc(-c2cccc(-c3cccc(-c4cnc(OCC5CCOCC5)c(OC)n4)c3Cl)c2Cl)cnc1CNC[C@H]1CCC(=O)N1,9.463284,-6.591564
60,mol41,-13.66,COc1nc(-c2cccc(-c3cccc(-c4cccc(OC[C@H]5CCC(=O)N5)c4Cl)c3Cl)c2Cl)cnc1CNCCC1CCCC1,COc1nc(-c2cccc(-c3cccc(-c4cccc(OC[C@H]5CCC(=O)N5)c4Cl)c3Cl)c2Cl)cnc1CNCCC1CCCC1,9.302084,-7.061825
110,mol238,-13.65,COc1n[nH]c(-c2cccc(-c3cccc(-c4cnc(CNC[C@@H]5CCC(=O)N5)c(O)c4Cl)c3Cl)c2Cl)c1Cc1ccccc1,COc1n[nH]c(-c2cccc(-c3cccc(-c4cnc(CNC[C@@H]5CCC(=O)N5)c(O)c4Cl)c3Cl)c2Cl)c1Cc1ccccc1,8.754781,-7.077305
80,mol335,-13.65,COc1nc(-c2cccc(-c3cccc(-c4cnc(CNC[C@H]5CCC(=O)N5)c(OC)n4)c3Cl)c2Cl)cnc1CCC[C@@H]1CCCCO1,COc1nc(-c2cccc(-c3cccc(-c4cnc(CNC[C@H]5CCC(=O)N5)c(OC)n4)c3Cl)c2Cl)cnc1CCC[C@@H]1CCCCO1,9.47434,-6.1241174
100,mol483,-13.64,COc1nc(-c2cccc(-c3cccc(-c4cnc(CNC[C@@H]5CC[C@H]6C[C@@H](OC)C[C@@H]6C5=O)c(OC)n4)c3Cl)c2Cl)cnc1CNC[C@@H]1CCC(=O)N1,COc1nc(-c2cccc(-c3cccc(-c4cnc(CNC[C@@H]5CC[C@H]6C[C@@H](OC)C[C@@H]6C5=O)c(OC)n4)c3Cl)c2Cl)cnc1CNC[C@@H]1CCC(=O)N1,9.16957,-6.533541
10,mol397,-13.64,CCOc1nc(-c2cccc(-c3cccc(-c4cccc(CNC[C@H]5CCC(=O)N5)c4Cl)c3Cl)c2Cl)cnc1CNCC[C@H]1CCCO1,CCOc1nc(-c2cccc(-c3cccc(-c4cccc(CNC[C@H]5CCC(=O)N5)c4Cl)c3Cl)c2Cl)cnc1CNCC[C@H]1CCCO1,9.025786,-6.4336696
110,mol417,-13.64,COc1ncc(-c2cccc(-c3cccc(-c4cnc(CN[C@H]5CCC(=O)N5)c(OC)n4)c3Cl)c2Cl)cn1,COc1ncc(-c2cccc(-c3cccc(-c4cnc(CN[C@H]5CCC(=O)N5)c(OC)n4)c3Cl)c2Cl)cn1,9.587052,-6.5007186
40,mol415,-13.64,COCCOc1nc(-c2cccc(-c3cccc(-c4cccc(CNC[C@H]5CCC(=O)N5)c4Cl)c3Cl)c2Cl)cnc1CNCC[C@@H]1CCCOC1,COCCOc1nc(-c2cccc(-c3cccc(-c4cccc(CNC[C@H]5CCC(=O)N5)c4Cl)c3Cl)c2Cl)cnc1CNCC[C@@H]1CCCOC1,9.043062,-6.14838
20,mol46,-13.63,O=C1CCN(Cc2cncc(-c3cccc(-c4cccc(-c5cnc(O)nc5)c4Cl)c3Cl)c2)N1,O=C1CCN(Cc2cncc(-c3cccc(-c4cccc(-c5cnc(O)nc5)c4Cl)c3Cl)c2)N1,7.4047422,-6.428628
120,mol498,-13.63,Cc1nc(-c2cccc(-c3cccc(-c4cnc(CN[C@H]5CCCO5)c(OC[C@@H]5CCC(=O)N5)c4Cl)c3Cl)c2Cl)cnc1CNC[C@H]1CCCO1,Cc1nc(-c2cccc(-c3cccc(-c4cnc(CN[C@H]5CCCO5)c(OC[C@@H]5CCC(=O)N5)c4Cl)c3Cl)c2Cl)cnc1CNC[C@H]1CCCO1,8.413407,-6.86197
60,mol45,-13.63,COc1nc(-c2cccc(-c3cccc(-c4cccc(CNC[C@H]5CCC(=O)N5)c4Cl)c3Cl)c2Cl)cnc1CNCCC1CCC1,COc1nc(-c2cccc(-c3cccc(-c4cccc(CNC[C@H]5CCC(=O)N5)c4Cl)c3Cl)c2Cl)cnc1CNCCC1CCC1,9.435492,-6.9096284
100,mol434,-13.62,O=C1CC[C@H](CNCc2ncc(-c3cccc(-c4cccc(-c5cn(C[C@H]6CCCO6)cn5)c4Cl)c3Cl)nc2O)N1,O=C1CC[C@H](CNCc2ncc(-c3cccc(-c4cccc(-c5cn(C[C@H]6CCCO6)cn5)c4Cl)c3Cl)nc2O)N1,8.905225,-5.8440733
10,mol203,-13.62,COc1nc(-c2cccc(-c3cccc(-c4cnc(CNCC[C@@H]5CCCO5)c(OC)n4)c3Cl)c2Cl)ccc1CNC[C@H]1CCC(=O)N1,COc1nc(-c2cccc(-c3cccc(-c4cnc(CNCC[C@@H]5CCCO5)c(OC)n4)c3Cl)c2Cl)ccc1CNC[C@H]1CCC(=O)N1,9.786924,-6.251644
30,mol361,-13.62,Clc1c(-c2cnc3c(c2)CNC3)cccc1-c1cccc(-c2cn(CC[C@@H]3CCCO3)cn2)c1Cl,Clc1c(-c2cnc3c(c2)CNC3)cccc1-c1cccc(-c2cn(CC[C@@H]3CCCO3)cn2)c1Cl,7.8480945,-5.941245
120,mol44,-13.6,COc1nc(-c2cccc(-c3cccc(-c4cnc(CN[C@H]5CCC(=O)O5)c(Cl)c4Cl)c3Cl)c2Cl)cnc1CNCC[C@@H]1CCCO1,COc1nc(-c2cccc(-c3cccc(-c4cnc(CN[C@H]5CCC(=O)O5)c(Cl)c4Cl)c3Cl)c2Cl)cnc1CNCC[C@@H]1CCCO1,8.985835,-7.1067696
80,mol46,-13.6,COc1nc(-c2cccc(-c3cccc(-c4cnc(CNC[C@H]5CCC(=O)N5)c(OC)n4)c3Cl)c2Cl)cnc1CC[C@H]1CCCO1,COc1nc(-c2cccc(-c3cccc(-c4cnc(CNC[C@H]5CCC(=O)N5)c(OC)n4)c3Cl)c2Cl)cnc1CC[C@H]1CCCO1,9.581099,-6.4351654
80,mol189,-13.6,COc1nc(-c2cccc(-c3cccc(-c4cnc(CC5CCOCC5)c(OC)n4)c3Cl)c2Cl)cnc1CNC[C@@H]1CCC(=O)N1,COc1nc(-c2cccc(-c3cccc(-c4cnc(CC5CCOCC5)c(OC)n4)c3Cl)c2Cl)cnc1CNC[C@@H]1CCC(=O)N1,9.541893,-6.4632244
80,mol364,-13.6,COc1nc(-c2cccc(-c3cccc(-c4cnc(CNC[C@H]5CCCC(=O)N5)c(OC)n4)c3Cl)c2Cl)cnc1CCC[C@@H]1CCCO1,COc1nc(-c2cccc(-c3cccc(-c4cnc(CNC[C@H]5CCCC(=O)N5)c(OC)n4)c3Cl)c2Cl)cnc1CCC[C@@H]1CCCO1,9.505904,-6.1142845
50,mol295,-13.59,COc1nc(-c2cccc(-c3cccc(-c4cccc(OC[C@@H]5CCC(=O)N5)c4Cl)c3Cl)c2Cl)cnc1CNCCC1CCC1,COc1nc(-c2cccc(-c3cccc(-c4cccc(OC[C@@H]5CCC(=O)N5)c4Cl)c3Cl)c2Cl)cnc1CNCCC1CCC1,9.334487,-7.0650387
60,mol58,-13.59,COc1nc(-c2cccc(-c3cccc(-c4cncc(OC[C@H]5CCC(=O)N5)c4Cl)c3Cl)c2Cl)cnc1CNCCC1CCCCC1,COc1nc(-c2cccc(-c3cccc(-c4cncc(OC[C@H]5CCC(=O)N5)c4Cl)c3Cl)c2Cl)cnc1CNCCC1CCCCC1,9.257153,-7.2042866
130,mol233,-13.59,COc1nc(-c2cccc(-c3cccc(-c4cnc(CN[C@H]5CC(=O)N5)c(OC)n4)c3Cl)c2Cl)cnc1CNCCC1CCOCC1,COc1nc(-c2cccc(-c3cccc(-c4cnc(CN[C@H]5CC(=O)N5)c(OC)n4)c3Cl)c2Cl)cnc1CNCCC1CCOCC1,9.862177,-6.6465173
40,mol150,-13.59,COc1nc(-c2cccc(-c3cccc(-c4cnn(C)c4Cl)c3Cl)c2Cl)cnc1CNC[C@H]1CC[C@@H](OC)CC1,COc1nc(-c2cccc(-c3cccc(-c4cnn(C)c4Cl)c3Cl)c2Cl)cnc1CNC[C@H]1CC[C@@H](OC)CC1,9.339926,-6.605844
130,mol123,-13.58,COc1cc(-c2nccc(-c3cccc(-c4cnc(CNCC[C@@H]5CCCO5)c(OC)n4)c3Cl)c2Cl)ccc1CNC[C@H]1CCC(=O)N1,COc1cc(-c2nccc(-c3cccc(-c4cnc(CNCC[C@@H]5CCCO5)c(OC)n4)c3Cl)c2Cl)ccc1CNC[C@H]1CCC(=O)N1,9.667915,-5.984451
80,mol369,-13.58,COc1nc(-c2cccc(-c3cccc(-c4cnc(CNC[C@H]5CCC(=O)N5)c(OC)n4)c3Cl)c2Cl)cnc1CCc1ccccn1,COc1nc(-c2cccc(-c3cccc(-c4cnc(CNC[C@H]5CCC(=O)N5)c(OC)n4)c3Cl)c2Cl)cnc1CCc1ccccn1,9.310861,-6.696577
40,mol169,-13.58,COc1nc(-c2cccc(-c3cccc(-c4cnc(CN[C@H]5CCC(=O)N5)c(OC)n4)c3Cl)c2Cl)cnc1CNCCC1CCCCC1,COc1nc(-c2cccc(-c3cccc(-c4cnc(CN[C@H]5CCC(=O)N5)c(OC)n4)c3Cl)c2Cl)cnc1CNCCC1CCCCC1,9.359443,-7.0297365
70,mol357,-13.57,COc1nc(-c2cccc(-c3cccc(-c4cnc(Cc5cncn5CC[C@H]5CC[C@@H](O)CC5)c(OC)n4)c3Cl)c2Cl)cnc1CNC[C@H]1CCC(=O)N1,COc1nc(-c2cccc(-c3cccc(-c4cnc(Cc5cncn5CC[C@H]5CC[C@@H](O)CC5)c(OC)n4)c3Cl)c2Cl)cnc1CNC[C@H]1CCC(=O)N1,9.606587,-6.6434197
80,mol209,-13.57,COc1cc(-c2cccc(-c3cccc(-c4cnc([C@@H]5CCCO5)c(OC)n4)c3Cl)c2Cl)cnc1CNC[C@H]1CCC(=O)N1,COc1cc(-c2cccc(-c3cccc(-c4cnc([C@@H]5CCCO5)c(OC)n4)c3Cl)c2Cl)cnc1CNC[C@H]1CCC(=O)N1,9.203479,-7.1656036
70,mol190,-13.57,O=C1CC[C@H](CNCc2ncc(-c3cccc(-c4cccc(-c5cnc(C[C@@H]6CCCO6)cn5)c4Cl)c3Cl)c(Cl)c2OCC2CC2)N1,O=C1CC[C@H](CNCc2ncc(-c3cccc(-c4cccc(-c5cnc(C[C@@H]6CCCO6)cn5)c4Cl)c3Cl)c(Cl)c2OCC2CC2)N1,7.867929,-6.8862047
20,mol391,-13.56,COc1nc(-c2cccc(-c3cccc(-c4cnc(OC[C@H]5CCCO5)c(OC)n4)c3Cl)c2Cl)cnc1CNC[C@@H]1CCC(=O)NC1,COc1nc(-c2cccc(-c3cccc(-c4cnc(OC[C@H]5CCCO5)c(OC)n4)c3Cl)c2Cl)cnc1CNC[C@@H]1CCC(=O)NC1,9.684224,-6.359059
100,mol426,-13.56,COc1nc(-c2cccc(-c3cccc(-c4cnc(CNC[C@H]5CCC(=O)N5)c(OC)n4)c3Cl)c2Cl)cnc1Cl,COc1nc(-c2cccc(-c3cccc(-c4cnc(CNC[C@H]5CCC(=O)N5)c(OC)n4)c3Cl)c2Cl)cnc1Cl,9.612157,-6.6086674
60,mol49,-13.56,COc1nc(-c2cccc(-c3cccc(-c4cccc(CNC[C@H]5CCC(=O)N5)c4Cl)c3Cl)c2Cl)cnc1CCCO,COc1nc(-c2cccc(-c3cccc(-c4cccc(CNC[C@H]5CCC(=O)N5)c4Cl)c3Cl)c2Cl)cnc1CCCO,9.457032,-6.764828
120,mol465,-13.55,COc1nc(-c2cccc(-c3cccc(-c4cnc(CNC[C@@H]5CCC(=O)N5)c(O)c4Cl)c3Cl)c2Cl)cnc1CNCCC1CCCC1,COc1nc(-c2cccc(-c3cccc(-c4cnc(CNC[C@@H]5CCC(=O)N5)c(O)c4Cl)c3Cl)c2Cl)cnc1CNCCC1CCCC1,9.482419,-6.9205713
10,mol78,-13.55,Cc1ncc(-c2cccc(-c3cccc(-c4cnc(CNC[C@@H]5CCC(=O)N5)c(O)n4)c3Cl)c2Cl)cn1,Cc1ncc(-c2cccc(-c3cccc(-c4cnc(CNC[C@@H]5CCC(=O)N5)c(O)n4)c3Cl)c2Cl)cn1,8.632776,-6.1447597
50,mol464,-13.54,COc1nc(-c2cccc(-c3cccc(-c4cnc(CN5CCCC5)c(OC)n4)c3Cl)c2Cl)cnc1CNC[C@@H]1CCC(=O)N1,COc1nc(-c2cccc(-c3cccc(-c4cnc(CN5CCCC5)c(OC)n4)c3Cl)c2Cl)cnc1CNC[C@@H]1CCC(=O)N1,9.619749,-6.2950087
10,mol19,-13.54,OCCn1cnc(-c2cccc(-c3cccc(-c4ncc(CNCC5CCC(O)(O)CC5)c(OCC5CCC5)n4)c3Cl)c2Cl)c1,OCCn1cnc(-c2cccc(-c3cccc(-c4ncc(CNCC5CCC(O)(O)CC5)c(OCC5CCC5)n4)c3Cl)c2Cl)c1,8.706812,-6.3854427
130,mol309,-13.54,COc1nc(-c2cccc(-c3cccc(-c4cnc(CNC[C@@H]5CCC(=O)N5)c(OC)n4)c3Cl)c2Cl)cnc1CNCC1CCOCC1,COc1nc(-c2cccc(-c3cccc(-c4cnc(CNC[C@@H]5CCC(=O)N5)c(OC)n4)c3Cl)c2Cl)cnc1CNCC1CCOCC1,9.840224,-6.4514356
50,mol391,-13.54,COc1nc(-c2cccc(-c3cccc(-c4cnc([C@@H](CO)CC[C@@H]5CCC(=O)N5)c(O)c4Cl)c3Cl)c2Cl)cnc1CNC[C@@H]1CCCO1,COc1nc(-c2cccc(-c3cccc(-c4cnc([C@@H](CO)CC[C@@H]5CCC(=O)N5)c(O)c4Cl)c3Cl)c2Cl)cnc1CNC[C@@H]1CCCO1,9.60497,-6.348067
70,mol123,-13.54,CCOc1nc(-c2ccnc(-c3cccc(-c4cccc(OC[C@@H]5CCC(=O)N5)c4Cl)c3Cl)c2Cl)cnc1CC[C@@H]1CCCO1,CCOc1nc(-c2ccnc(-c3cccc(-c4cccc(OC[C@@H]5CCC(=O)N5)c4Cl)c3Cl)c2Cl)cnc1CC[C@@H]1CCCO1,8.716184,-6.636423
40,mol307,-13.54,COc1nc(-c2cccc(-c3cccc(-c4cccc(OC[C@@H]5CCC(=O)N5)c4)c3Cl)c2Cl)cnc1CNCC[C@H]1CCCO1,COc1nc(-c2cccc(-c3cccc(-c4cccc(OC[C@@H]5CCC(=O)N5)c4)c3Cl)c2Cl)cnc1CNCC[C@H]1CCCO1,9.310117,-6.509144
70,mol220,-13.53,COc1nc(-c2cccc(-c3cccc(-c4cnc(CNC[C@H]5CCC(=O)N5)cn4)c3Cl)c2Cl)cnc1C[C@H]1CCCO1,COc1nc(-c2cccc(-c3cccc(-c4cnc(CNC[C@H]5CCC(=O)N5)cn4)c3Cl)c2Cl)cnc1C[C@H]1CCCO1,9.375754,-6.2913623
120,mol280,-13.52,COc1nc(-c2cccc(-c3cccc(-c4cnc(CNC[C@@H]5CCC(=O)N5)c(O)c4Cl)c3Cl)c2Cl)cnc1OC[C@H]1CCCO1,COc1nc(-c2cccc(-c3cccc(-c4cnc(CNC[C@@H]5CCC(=O)N5)c(O)c4Cl)c3Cl)c2Cl)cnc1OC[C@H]1CCCO1,9.210465,-6.96564
10,mol366,-13.52,COc1nc(-c2cccc(-c3cccc(-c4cnc(CN[C@H]5CCC(=O)O5)c(OC)n4)c3Cl)c2Cl)cnc1CNCC[C@H]1CCCO1,COc1nc(-c2cccc(-c3cccc(-c4cnc(CN[C@H]5CCC(=O)O5)c(OC)n4)c3Cl)c2Cl)cnc1CNCC[C@H]1CCCO1,9.394728,-6.209939
90,mol105,-13.52,COc1nc(-c2cccc(-c3cccc(-c4cnc(C[C@H]5CC[C@H](O)CC5)c(OC)n4)c3Cl)c2Cl)cnc1CNC[C@@H]1CCC(=O)N1,COc1nc(-c2cccc(-c3cccc(-c4cnc(C[C@H]5CC[C@H](O)CC5)c(OC)n4)c3Cl)c2Cl)cnc1CNC[C@@H]1CCC(=O)N1,9.66951,-6.737797
70,mol200,-13.51,COc1nc(-c2cccc(-c3cccc(-c4cccc(OC[C@H]5CCC(=O)N5)c4Cl)c3Cl)c2Cl)cnc1CCC[C@H]1CCCO1,COc1nc(-c2cccc(-c3cccc(-c4cccc(OC[C@H]5CCC(=O)N5)c4Cl)c3Cl)c2Cl)cnc1CCC[C@H]1CCCO1,9.224358,-6.4205885
20,mol147,-13.51,COc1nc(-c2cccc(-c3cccc(-c4cnc(CNC[C@@H]5NC(=O)CO5)c(OC)n4)c3Cl)c2Cl)cnc1CNCC[C@@H]1CCCO1,COc1nc(-c2cccc(-c3cccc(-c4cnc(CNC[C@@H]5NC(=O)CO5)c(OC)n4)c3Cl)c2Cl)cnc1CNCC[C@@H]1CCCO1,9.952179,-6.0571146
120,mol396,-13.51,COc1nc(-c2cccc(-c3cccc(-c4cnc(CNC[C@H]5CCC(=O)O5)c(O)c4)c3Cl)c2Cl)cnc1CNCC[C@@H]1CCCO1,COc1nc(-c2cccc(-c3cccc(-c4cnc(CNC[C@H]5CCC(=O)O5)c(O)c4)c3Cl)c2Cl)cnc1CNCC[C@@H]1CCCO1,9.205147,-6.3955097
130,mol455,-13.51,COc1cc(-c2cccc(-c3cccc(-c4cnc(CNCCC5CCOCC5)c(OC)n4)c3Cl)c2Cl)cnc1CNC[C@H]1CCC(=O)N1,COc1cc(-c2cccc(-c3cccc(-c4cnc(CNCCC5CCOCC5)c(OC)n4)c3Cl)c2Cl)cnc1CNC[C@H]1CCC(=O)N1,9.579305,-6.8205986
30,mol310,-13.51,COc1cc(-c2cccc(-c3cccc(-c4cnc(CNCC5CCOCC5)c(OC)n4)c3Cl)c2Cl)cnc1CNC[C@@H]1CCC(=O)N1,COc1cc(-c2cccc(-c3cccc(-c4cnc(CNCC5CCOCC5)c(OC)n4)c3Cl)c2Cl)cnc1CNC[C@@H]1CCC(=O)N1,9.703394,-6.800574
80,mol248,-13.51,COc1cc(-c2cccc(-c3cccc(-c4cnc(CCC[C@H]5CCCO5)c(OC)n4)c3Cl)c2Cl)cnc1CNC[C@H]1CCC(=O)N1,COc1cc(-c2cccc(-c3cccc(-c4cnc(CCC[C@H]5CCCO5)c(OC)n4)c3Cl)c2Cl)cnc1CNC[C@H]1CCC(=O)N1,9.459798,-6.4983597
40,mol166,-13.5,COc1nc(-c2cccc(-c3cccc(-c4cnc(CC(=O)N5COC(=O)C5)c(OC)n4)c3Cl)c2Cl)cnc1CNCC[C@@H]1CCCO1,COc1nc(-c2cccc(-c3cccc(-c4cnc(CC(=O)N5COC(=O)C5)c(OC)n4)c3Cl)c2Cl)cnc1CNCC[C@@H]1CCCO1,9.16238,-6.314967
70,mol279,-13.5,COc1nc(-c2cccc(-c3cccc(-c4cccnc4Cl)c3Cl)c2Cl)cnc1CC1CCCC1,COc1nc(-c2cccc(-c3cccc(-c4cccnc4Cl)c3Cl)c2Cl)cnc1CC1CCCC1,8.608495,-6.9596715
40,mol188,-13.5,COc1nc(-c2cccc(-c3cccc(-c4cnc(CNCC[C@H]5CCCO5)c(OC)n4)c3Cl)c2Cl)cnc1CC/C=C1/CCC(=O)N1,COc1nc(-c2cccc(-c3cccc(-c4cnc(CNCC[C@H]5CCCO5)c(OC)n4)c3Cl)c2Cl)cnc1CC/C=C1/CCC(=O)N1,9.582977,-6.4418964
130,mol81,-13.5,Cn1cnc(-c2cccc(-c3cccc(-c4cnc(CNC[C@@H]5CCC(=O)N5)c(O)c4Cl)c3Cl)c2Cl)c1,Cn1cnc(-c2cccc(-c3cccc(-c4cnc(CNC[C@@H]5CCC(=O)N5)c(O)c4Cl)c3Cl)c2Cl)c1,8.216134,-6.2356396
50,mol63,-13.5,COc1nc(-c2cccc(-c3cccc(-c4cnc(C[C@@H]5CCCO5)cn4)c3Cl)c2Cl)cnc1CNC[C@@H]1CCC(=O)N1,COc1nc(-c2cccc(-c3cccc(-c4cnc(C[C@@H]5CCCO5)cn4)c3Cl)c2Cl)cnc1CNC[C@@H]1CCC(=O)N1,9.509579,-6.343794
70,mol27,-13.5,COc1nc(-c2cccc(-c3cccc(-c4cnc(CN[C@@H]5CCC(=O)N5)c(OC)n4)c3Cl)c2Cl)cnc1CC[C@@H]1CCCO1,COc1nc(-c2cccc(-c3cccc(-c4cnc(CN[C@@H]5CCC(=O)N5)c(OC)n4)c3Cl)c2Cl)cnc1CC[C@@H]1CCCO1,9.546817,-6.4609723
30,mol31,-13.49,COc1nc(-c2cccc(-c3cccc(-c4cnc(CN5CCOCC5)c(OC)n4)c3Cl)c2Cl)cnc1CNC[C@H]1CCC(=O)N1,COc1nc(-c2cccc(-c3cccc(-c4cnc(CN5CCOCC5)c(OC)n4)c3Cl)c2Cl)cnc1CNC[C@H]1CCC(=O)N1,9.69334,-5.3494954
70,mol383,-13.49,COc1nc(-c2cccc(-c3cccc(-c4cnc([C@H]5CC[C@H](O)CC5)c(OC)n4)c3Cl)c2Cl)cnc1CNC[C@H]1CCC(=O)N1,COc1nc(-c2cccc(-c3cccc(-c4cnc([C@H]5CC[C@H](O)CC5)c(OC)n4)c3Cl)c2Cl)cnc1CNC[C@H]1CCC(=O)N1,9.73035,-6.4874125
30,mol263,-13.49,COc1nc(-c2cccc(-c3cccc(-c4cnc(OC[C@H]5CCCO5)c(OC)n4)c3Cl)c2Cl)cnc1CNC[C@H]1CCC(=O)N(C)C1,COc1nc(-c2cccc(-c3cccc(-c4cnc(OC[C@H]5CCCO5)c(OC)n4)c3Cl)c2Cl)cnc1CNC[C@H]1CCC(=O)N(C)C1,9.525459,-6.4971404
130,mol316,-13.49,COc1nc(-c2cccc(-c3cccc(-c4cnc(CNC[C@@H]5CCC(=O)N5)c(OC)c4Cl)c3Cl)c2Cl)cnc1CNC[C@H]1CCCO1,COc1nc(-c2cccc(-c3cccc(-c4cnc(CNC[C@@H]5CCC(=O)N5)c(OC)c4Cl)c3Cl)c2Cl)cnc1CNC[C@H]1CCCO1,9.39639,-6.6573954
50,mol139,-13.48,COc1nc(-c2cccc(-c3cccc(-c4cnc(CNC[C@H]5CCC(=O)N5)c(OC)n4)c3Cl)c2Cl)cnc1CCc1cnccn1,COc1nc(-c2cccc(-c3cccc(-c4cnc(CNC[C@H]5CCC(=O)N5)c(OC)n4)c3Cl)c2Cl)cnc1CCc1cnccn1,9.645522,-6.630591
110,mol129,-13.48,COc1nc(-c2cccc(-c3cccc(-c4cncc(CNC[C@H]5CCC(=O)N5)c4Cl)c3Cl)c2Cl)cnc1[C@H]1CCCO1,COc1nc(-c2cccc(-c3cccc(-c4cncc(CNC[C@H]5CCC(=O)N5)c4Cl)c3Cl)c2Cl)cnc1[C@H]1CCCO1,9.132201,-6.913283
80,mol41,-13.48,COc1nc(-c2cccc(-c3cccc(-c4cnc(CNC[C@@H]5CCC(=O)N5)c(OC)n4)c3Cl)c2Cl)cnc1CNC[C@@H]1CC[C@@H]2CCO[C@H]2C1,COc1nc(-c2cccc(-c3cccc(-c4cnc(CNC[C@@H]5CCC(=O)N5)c(OC)n4)c3Cl)c2Cl)cnc1CNC[C@@H]1CC[C@@H]2CCO[C@H]2C1,9.411836,-6.6254597
100,mol124,-13.48,Cn1cnc(-c2cccc(-c3cccc(Oc4cccc(CNC[C@H]5CCC(=O)O5)c4Cl)c3Cl)c2Cl)c1,Cn1cnc(-c2cccc(-c3cccc(Oc4cccc(CNC[C@H]5CCC(=O)O5)c4Cl)c3Cl)c2Cl)c1,7.723517,-6.836227
50,mol240,-13.47,COc1nc(-c2cccc(-c3cccc(-c4cnc(CNC[C@@H]5CCC(=O)N5)c(OC)n4)c3Cl)c2Cl)cnc1CCCC1OCCO1,COc1nc(-c2cccc(-c3cccc(-c4cnc(CNC[C@@H]5CCC(=O)N5)c(OC)n4)c3Cl)c2Cl)cnc1CCCC1OCCO1,9.651891,-6.130019
100,mol439,-13.47,COc1nc(-c2cccc(-c3cccc(-c4cnc(CN[C@H]5CCC(=O)N5)c(OC)n4)c3Cl)c2Cl)cnc1CNCC[C@H]1CCCO1,COc1nc(-c2cccc(-c3cccc(-c4cnc(CN[C@H]5CCC(=O)N5)c(OC)n4)c3Cl)c2Cl)cnc1CNCC[C@H]1CCCO1,9.813507,-6.278506
10,mol404,-13.47,COc1nc(-c2cccc(-c3cccc(-c4cccc(CNC[C@H]5CCC(=O)N5)c4Cl)c3Cl)c2Cl)cnc1OCC[C@H]1CCCO1,COc1nc(-c2cccc(-c3cccc(-c4cccc(CNC[C@H]5CCC(=O)N5)c4Cl)c3Cl)c2Cl)cnc1OCC[C@H]1CCCO1,9.256794,-6.9558735
10,mol30,-13.47,OCc1nc(-n2ncc(-c3cccc(-c4ccccc4Cl)c3Cl)c2O)n(Cc2ccnc(-c3cccc(-c4cncnc4Cl)c3Cl)n2)n1,OCc1nc(-n2ncc(-c3cccc(-c4ccccc4Cl)c3Cl)c2O)n(Cc2ccnc(-c3cccc(-c4cncnc4Cl)c3Cl)n2)n1,7.5844293,-6.848411
60,mol294,-13.47,COc1nc(-c2cccc(-c3cccc(-c4cnc(CNC[C@@H]5CCC(=O)N5)c(OC)n4)c3Cl)c2Cl)cnc1CCCC1CCCC1,COc1nc(-c2cccc(-c3cccc(-c4cnc(CNC[C@@H]5CCC(=O)N5)c(OC)n4)c3Cl)c2Cl)cnc1CCCC1CCCC1,9.25492,-6.9113693
60,mol71,-13.46,COc1cc(-c2cccc(-c3cccc(-c4cnc(CNCC[C@H]5CCCO5)c(OC)n4)c3Cl)c2Cl)cnc1C(=O)N1CCC(=O)NC1,COc1cc(-c2cccc(-c3cccc(-c4cnc(CNCC[C@H]5CCCO5)c(OC)n4)c3Cl)c2Cl)cnc1C(=O)N1CCC(=O)NC1,9.700356,-5.8348517
20,mol82,-13.46,Oc1cncc(-c2cccc(-c3cccc(-c4cnc(Cl)c(O)n4)c3Cl)c2Cl)c1,Oc1cncc(-c2cccc(-c3cccc(-c4cnc(Cl)c(O)n4)c3Cl)c2Cl)c1,7.731798,-6.8126125
80,mol256,-13.46,COc1nc(-c2cccc(-c3cccc(-c4cnc([C@@H]5CCOC5)c(OC)n4)c3Cl)c2Cl)cnc1CNC[C@H]1CCC(=O)N1,COc1nc(-c2cccc(-c3cccc(-c4cnc([C@@H]5CCOC5)c(OC)n4)c3Cl)c2Cl)cnc1CNC[C@H]1CCC(=O)N1,9.654689,-6.4443464
40,mol401,-13.46,COc1nc(-c2cccc(-c3cccc(-c4cccc(CNC[C@H]5CCC(=O)N5)c4)c3Cl)c2Cl)cnc1CNCCC1CCCC1,COc1nc(-c2cccc(-c3cccc(-c4cccc(CNC[C@H]5CCC(=O)N5)c4)c3Cl)c2Cl)cnc1CNCCC1CCCC1,9.33884,-6.7686195
80,mol160,-13.45,COc1nc(-c2cccc(-c3cccc(-c4cnc(C5CC5)c(OC)n4)c3Cl)c2Cl)cnc1CNC[C@H]1CCC(=O)N1,COc1nc(-c2cccc(-c3cccc(-c4cnc(C5CC5)c(OC)n4)c3Cl)c2Cl)cnc1CNC[C@H]1CCC(=O)N1,9.640809,-6.5658693
40,mol261,-13.45,COc1ncnc(-c2cccc(-c3cccc(-c4cnc(CN[C@H]5CCC(=O)N5)c(OC)n4)c3Cl)c2Cl)n1,COc1ncnc(-c2cccc(-c3cccc(-c4cnc(CN[C@H]5CCC(=O)N5)c(OC)n4)c3Cl)c2Cl)n1,9.5345,-5.925002
80,mol220,-13.45,COc1nc(-c2cccc(-c3cccc(-c4cnc(CN[C@@H]5CCC(=O)N5)c(OC)n4)c3Cl)c2Cl)cnc1CCC[C@@H]1CCCO1,COc1nc(-c2cccc(-c3cccc(-c4cnc(CN[C@@H]5CCC(=O)N5)c(OC)n4)c3Cl)c2Cl)cnc1CCC[C@@H]1CCCO1,9.415849,-6.339281
20,mol158,-13.45,COc1nc(-c2cccc(-c3cccc(-c4cnn(C[C@@H]5CCC(=O)N5)c4Cl)c3Cl)c2Cl)cnc1CNCCC1CCOCC1,COc1nc(-c2cccc(-c3cccc(-c4cnn(C[C@@H]5CCC(=O)N5)c4Cl)c3Cl)c2Cl)cnc1CNCCC1CCOCC1,9.554978,-6.408946
60,mol182,-13.44,COc1cc(-c2cccc(-c3cccc(-c4cnc(CC[C@@H]5CCCO5)c(OC)n4)c3Cl)c2Cl)cnc1CNC[C@H]1CCC(=O)N1,COc1cc(-c2cccc(-c3cccc(-c4cnc(CC[C@@H]5CCCO5)c(OC)n4)c3Cl)c2Cl)cnc1CNC[C@H]1CCC(=O)N1,9.373076,-6.8641367
60,mol172,-13.44,COc1cc(-c2cccc(-c3cccc(-c4cnc(CCCC5CCCC5)c(OC)n4)c3Cl)c2Cl)cnc1CNC[C@H]1CCC(=O)N1,COc1cc(-c2cccc(-c3cccc(-c4cnc(CCCC5CCCC5)c(OC)n4)c3Cl)c2Cl)cnc1CNC[C@H]1CCC(=O)N1,9.179788,-7.124384
60,mol458,-13.44,COc1nc(-c2cccc(-c3cccc(-c4cncc(CNC[C@H]5CCC(=O)N5)c4Cl)c3Cl)c2Cl)cnc1[C@H]1CC[C@@H](CNCCO)CC1,COc1nc(-c2cccc(-c3cccc(-c4cncc(CNC[C@H]5CCC(=O)N5)c4Cl)c3Cl)c2Cl)cnc1[C@H]1CC[C@@H](CNCCO)CC1,9.55979,-6.5190735
110,mol7,-13.43,COc1nccc(-c2cccc(-c3cccc(-c4cnc(CNC[C@@H]5CCC(=O)N5)c(OC)n4)c3Cl)c2Cl)n1,COc1nccc(-c2cccc(-c3cccc(-c4cnc(CNC[C@@H]5CCC(=O)N5)c(OC)n4)c3Cl)c2Cl)n1,9.734122,-6.295396
120,mol75,-13.43,COc1nc(-c2cccc(-c3cccc(-c4cnc(CNC[C@@H]5CCC(=O)N5)c(O)c4Cl)c3Cl)c2Cl)cnc1CNCC[C@@H]1CCCO1,COc1nc(-c2cccc(-c3cccc(-c4cnc(CNC[C@@H]5CCC(=O)N5)c(O)c4Cl)c3Cl)c2Cl)cnc1CNCC[C@@H]1CCCO1,9.676115,-6.4702544
30,mol77,-13.43,COc1cc(-c2cccc(-c3cccc(-c4cnc(CNCC[C@H]5CCCO5)c(OC)n4)c3Cl)c2Cl)cnc1CNC[C@H]1CCC(=O)N1,COc1cc(-c2cccc(-c3cccc(-c4cnc(CNCC[C@H]5CCCO5)c(OC)n4)c3Cl)c2Cl)cnc1CNC[C@H]1CCC(=O)N1,9.710707,-6.5665298
30,mol192,-13.43,COc1nc(-c2cccc(-c3cccc(-c4cnc([C@@H](CC(=O)O)[C@@H]5CCC(=O)N5)c(OC)n4)c3Cl)c2Cl)cnc1CNCC[C@H]1CCCO1,COc1nc(-c2cccc(-c3cccc(-c4cnc([C@@H](CC(=O)O)[C@@H]5CCC(=O)N5)c(OC)n4)c3Cl)c2Cl)cnc1CNCC[C@H]1CCCO1,9.9902315,-6.009735
100,mol389,-13.43,COc1nc(-c2cccc(-c3cccc(-c4cnc(CN[C@H]5CCC(=O)N5)c(OC)n4)c3Cl)c2Cl)cnc1CNCC1CCCC1,COc1nc(-c2cccc(-c3cccc(-c4cnc(CN[C@H]5CCC(=O)N5)c(OC)n4)c3Cl)c2Cl)cnc1CNCC1CCCC1,9.505097,-6.841463
30,mol266,-13.42,COc1nc(-c2cccc(-c3cccc(-c4cnc(CNC[C@@H]5CCC(=O)N5)c(OC)n4)c3Cl)c2Cl)cnc1CNCC[C@H]1CCCOC1,COc1nc(-c2cccc(-c3cccc(-c4cnc(CNC[C@@H]5CCC(=O)N5)c(OC)n4)c3Cl)c2Cl)cnc1CNCC[C@H]1CCCOC1,9.829264,-5.8214884
120,mol341,-13.42,COc1nc(-c2cccc(-c3cccc(-c4cccc(CNC[C@H]5CCC(=O)N5)c4)c3Cl)c2Cl)cnc1CNCC[C@@H]1CCCO1,COc1nc(-c2cccc(-c3cccc(-c4cccc(CNC[C@H]5CCC(=O)N5)c4)c3Cl)c2Cl)cnc1CNCC[C@@H]1CCCO1,9.544795,-6.330616
70,mol425,-13.42,COc1nc(-c2cccc(-c3cccc(-c4cncc(CNC[C@H]5CCC(=O)N5)c4Cl)c3Cl)c2Cl)cnc1CCC1CCCC1,COc1nc(-c2cccc(-c3cccc(-c4cncc(CNC[C@H]5CCC(=O)N5)c4Cl)c3Cl)c2Cl)cnc1CCC1CCCC1,9.195236,-6.9731708
70,mol188,-13.42,COc1nc(-c2cccc(-c3cccc(-c4cncc(CNC[C@H]5CCC(=O)N5)c4Cl)c3Cl)c2Cl)cnc1CC[C@@H]1CCCO1,COc1nc(-c2cccc(-c3cccc(-c4cncc(CNC[C@H]5CCC(=O)N5)c4Cl)c3Cl)c2Cl)cnc1CC[C@@H]1CCCO1,9.370753,-6.4736323
50,mol300,-13.42,O=C1CC[C@@H](CNCc2ncc(-c3cccc(-c4cccc(-c5cnc(CN6CCCC6)cn5)c4Cl)c3Cl)c(Cl)c2O)N1,O=C1CC[C@@H](CNCc2ncc(-c3cccc(-c4cccc(-c5cnc(CN6CCCC6)cn5)c4Cl)c3Cl)c(Cl)c2O)N1,8.44241,-6.580027
60,mol59,-13.42,COc1cc(-c2cccc(-c3cccc(-c4cnc(CNCCCC5CCCC5)c(OC)n4)c3Cl)c2Cl)cnc1CNC[C@@H]1CCC(=O)N1,COc1cc(-c2cccc(-c3cccc(-c4cnc(CNCCCC5CCCC5)c(OC)n4)c3Cl)c2Cl)cnc1CNC[C@@H]1CCC(=O)N1,9.356537,-7.2489204
60,mol10,-13.42,O=C1CC[C@H](CNCc2cccc(-c3cccc(-c4cccc(-c5cn(CC[C@@H]6CCCO6)cn5)c4Cl)c3Cl)c2)N1,O=C1CC[C@H](CNCc2cccc(-c3cccc(-c4cccc(-c5cn(CC[C@@H]6CCCO6)cn5)c4Cl)c3Cl)c2)N1,8.015696,-6.2800446
70,mol276,-13.41,COc1nc(-c2cccc(-c3cccc(-c4cnc(CC5CCC5)c(OC)n4)c3Cl)c2Cl)cnc1CNC[C@@H]1CCC(=O)N1,COc1nc(-c2cccc(-c3cccc(-c4cnc(CC5CCC5)c(OC)n4)c3Cl)c2Cl)cnc1CNC[C@@H]1CCC(=O)N1,9.248683,-6.9091725
60,mol66,-13.4,COc1nc(-c2cccc(-c3cccc(-c4ccnc(CNC[C@H]5CCC(=O)N5)c4Cl)c3Cl)c2Cl)cnc1CNCC[C@H]1CCCO1,COc1nc(-c2cccc(-c3cccc(-c4ccnc(CNC[C@H]5CCC(=O)N5)c4Cl)c3Cl)c2Cl)cnc1CNCC[C@H]1CCCO1,9.677582,-6.25413
120,mol116,-13.4,CCOc1nccc(-c2cccc(-c3cccc(-c4cnc(CN[C@@H]5CCC(=O)N5)c(OC)n4)c3Cl)c2Cl)n1,CCOc1nccc(-c2cccc(-c3cccc(-c4cnc(CN[C@@H]5CCC(=O)N5)c(OC)n4)c3Cl)c2Cl)n1,9.4742985,-6.489052
40,mol49,-13.4,COc1cc(-c2cccc(-c3cccc(-c4cnc(CNC[C@H]5CCCO5)c(OC)n4)c3Cl)c2Cl)cnc1CNC[C@H]1CCC(=O)N1,COc1cc(-c2cccc(-c3cccc(-c4cnc(CNC[C@H]5CCCO5)c(OC)n4)c3Cl)c2Cl)cnc1CNC[C@H]1CCC(=O)N1,9.694534,-6.642309
10,mol331,-13.39,O=C1CC[C@H](CNCc2ncc(-c3cccc(-c4cccc(-c5cnc(CNCC[C@H]6CCCO6)cn5)c4Cl)c3Cl)nc2O)N1,O=C1CC[C@H](CNCc2ncc(-c3cccc(-c4cccc(-c5cnc(CNCC[C@H]6CCCO6)cn5)c4Cl)c3Cl)nc2O)N1,9.021836,-5.9990115
20,mol402,-13.39,COc1nc(-c2cccc(-c3cccc(-c4cnc(CN5CCC(=O)N5)c(OC)n4)c3Cl)c2Cl)cnc1CNCC[C@H]1CCCO1,COc1nc(-c2cccc(-c3cccc(-c4cnc(CN5CCC(=O)N5)c(OC)n4)c3Cl)c2Cl)cnc1CNCC[C@H]1CCCO1,9.64851,-6.0833387
20,mol260,-13.39,COc1nc(-c2cccc(-c3cccc(-c4cnc(CNCC5CCN(C(C)=O)CC5)c(OC)n4)c3Cl)c2Cl)cnc1CNCC[C@H]1CCCO1,COc1nc(-c2cccc(-c3cccc(-c4cnc(CNCC5CCN(C(C)=O)CC5)c(OC)n4)c3Cl)c2Cl)cnc1CNCC[C@H]1CCCO1,9.662125,-5.6646414
80,mol376,-13.39,COc1ccc(-c2cccc(-c3cccc(-c4cnc(CNC[C@@H]5CCC(=O)N5)c(OC)n4)c3Cl)c2Cl)cn1,COc1ccc(-c2cccc(-c3cccc(-c4cnc(CNC[C@@H]5CCC(=O)N5)c(OC)n4)c3Cl)c2Cl)cn1,9.68182,-6.6247106
90,mol16,-13.39,COc1nc(-c2cccc(-c3cccc(-c4ccc(OC(C)=O)nc4)c3Cl)c2Cl)cnc1CNC[C@@H]1CCC(=O)N1,COc1nc(-c2cccc(-c3cccc(-c4ccc(OC(C)=O)nc4)c3Cl)c2Cl)cnc1CNC[C@@H]1CCC(=O)N1,9.220159,-6.6221375
120,mol17,-13.38,Nc1ncnc(Oc2cccc(-c3cccc(-c4cnc(CNC[C@@H]5CCC(=O)N5)c(O)c4Cl)c3Cl)c2Cl)c1C[C@H]1CCCO1,Nc1ncnc(Oc2cccc(-c3cccc(-c4cnc(CNC[C@@H]5CCC(=O)N5)c(O)c4Cl)c3Cl)c2Cl)c1C[C@H]1CCCO1,8.493634,-6.383319
120,mol76,-13.38,COc1nc(-c2cccc(-c3cccc(-c4cnc(CN[C@H]5CCC(=O)N5)c(O)n4)c3Cl)c2Cl)cnc1CNCC[C@H]1CCCO1,COc1nc(-c2cccc(-c3cccc(-c4cnc(CN[C@H]5CCC(=O)N5)c(O)n4)c3Cl)c2Cl)cnc1CNCC[C@H]1CCCO1,9.780718,-6.1422358
80,mol273,-13.37,COc1nncc(-c2cccc(-c3cccc(-c4cnc(CN[C@@H]5CCC(=O)N5)c(OC)n4)c3Cl)c2Cl)n1,COc1nncc(-c2cccc(-c3cccc(-c4cnc(CN[C@@H]5CCC(=O)N5)c(OC)n4)c3Cl)c2Cl)n1,9.514511,-5.699578
50,mol201,-13.37,COc1nc(-c2cccc(-c3cccc(-c4cnc(CNC[C@H]5CC[C@@H](OC)CC5)c(OC)n4)c3Cl)c2Cl)cnc1CNC[C@H]1CCC(=O)N1,COc1nc(-c2cccc(-c3cccc(-c4cnc(CNC[C@H]5CC[C@@H](OC)CC5)c(OC)n4)c3Cl)c2Cl)cnc1CNC[C@H]1CCC(=O)N1,9.627164,-6.6117253
80,mol416,-13.37,COc1nncc(-c2cccc(-c3cccc(-c4cnc(CNC[C@H]5CCCC(=O)N5)c(OC)n4)c3Cl)c2Cl)n1,COc1nncc(-c2cccc(-c3cccc(-c4cnc(CNC[C@H]5CCCC(=O)N5)c(OC)n4)c3Cl)c2Cl)n1,9.604897,-5.281647
100,mol424,-13.37,COc1nc(-c2cccc(-c3cccc(-c4cnc(COC[C@H]5CCCO5)c(OC)n4)c3Cl)c2Cl)cnc1CNC[C@H]1CCC(=O)N1,COc1nc(-c2cccc(-c3cccc(-c4cnc(COC[C@H]5CCCO5)c(OC)n4)c3Cl)c2Cl)cnc1CNC[C@H]1CCC(=O)N1,9.543612,-6.4489994
10,mol37,-13.37,COc1cc(-c2cccc(-c3cccc(-c4cnc(CNCCC5CCCCC5)c(OC)n4)c3Cl)c2Cl)cnc1CNC[C@@H]1CCC(=O)N1,COc1cc(-c2cccc(-c3cccc(-c4cnc(CNCCC5CCCCC5)c(OC)n4)c3Cl)c2Cl)cnc1CNC[C@@H]1CCC(=O)N1,9.387565,-7.2197146
80,mol279,-13.36,COc1nncc(-c2cccc(-c3cccc(-c4cnc([C@H]5CCC(=O)N5)c(OC)n4)c3Cl)c2Cl)n1,COc1nncc(-c2cccc(-c3cccc(-c4cnc([C@H]5CCC(=O)N5)c(OC)n4)c3Cl)c2Cl)n1,9.2746105,-6.3799725
60,mol422,-13.36,COc1nncc(-c2cccc(-c3cccc(-c4cnc(CNC[C@@H]5CCC(=O)N5)c(OC)c4)c3Cl)c2Cl)n1,COc1nncc(-c2cccc(-c3cccc(-c4cnc(CNC[C@@H]5CCC(=O)N5)c(OC)c4)c3Cl)c2Cl)n1,8.8825655,-6.7061386
10,mol79,-13.36,O=C1CC[C@H](CNCc2cnc(-c3cccc(-c4cccc(-c5cnc(CO)cn5)c4Cl)c3Cl)nc2OCC2CCC2)N1,O=C1CC[C@H](CNCc2cnc(-c3cccc(-c4cccc(-c5cnc(CO)cn5)c4Cl)c3Cl)nc2OCC2CCC2)N1,8.7198515,-6.543188
10,mol208,-13.36,CCOc1nc(-c2cccc(-c3cccc(-c4cnc(CNC[C@@H]5CCC(=O)N(C)C5)c(OC)n4)c3Cl)c2Cl)cnc1CNCC[C@@H]1CCCO1,CCOc1nc(-c2cccc(-c3cccc(-c4cnc(CNC[C@@H]5CCC(=O)N(C)C5)c(OC)n4)c3Cl)c2Cl)cnc1CNCC[C@@H]1CCCO1,9.514925,-6.2469482
30,mol16,-13.36,COc1nc(-c2cccc(-c3cccc(-c4cnc(C[C@@H]5CCC(=O)N5)c(OC)n4)c3Cl)c2Cl)cnc1CNCC[C@@H]1CCCO1,COc1nc(-c2cccc(-c3cccc(-c4cnc(C[C@@H]5CCC(=O)N5)c(OC)n4)c3Cl)c2Cl)cnc1CNCC[C@@H]1CCCO1,9.596142,-6.343529
40,mol159,-13.35,COc1nc(-c2cccc(-c3cccc(-c4cnc(CN[C@H]5CCC(=O)N5)c(OC)n4)c3Cl)c2Cl)cnc1CNCC[C@H]1CCCOC1,COc1nc(-c2cccc(-c3cccc(-c4cnc(CN[C@H]5CCC(=O)N5)c(OC)n4)c3Cl)c2Cl)cnc1CNCC[C@H]1CCCOC1,9.891326,-6.0044136
70,mol391,-13.35,COc1nc(-c2cccc(-c3cccc(-c4cnc(C[C@H]5CC[C@@H](OC)CC5)c(OC)n4)c3Cl)c2Cl)cnc1CNC[C@@H]1CCC(=O)N1,COc1nc(-c2cccc(-c3cccc(-c4cnc(C[C@H]5CC[C@@H](OC)CC5)c(OC)n4)c3Cl)c2Cl)cnc1CNC[C@@H]1CCC(=O)N1,9.305686,-6.784878
10,mol144,-13.34,OCCn1cnc(-c2cccc(-c3cccc(-c4cnc(CN[C@H]5CC[C@@H](O)CC5)c(Cl)n4)c3Cl)c2Cl)c1,OCCn1cnc(-c2cccc(-c3cccc(-c4cnc(CN[C@H]5CC[C@@H](O)CC5)c(Cl)n4)c3Cl)c2Cl)c1,8.857342,-5.8165245
70,mol22,-13.34,COc1nc(-c2cccc(-c3cccc(-c4cnc(C[C@H]5CCC[C@H](OC)C5)c(OC)n4)c3Cl)c2Cl)cnc1CNC[C@H]1CCC(=O)N1,COc1nc(-c2cccc(-c3cccc(-c4cnc(C[C@H]5CCC[C@H](OC)C5)c(OC)n4)c3Cl)c2Cl)cnc1CNC[C@H]1CCC(=O)N1,9.315192,-6.8413033
50,mol246,-13.34,COc1nc(-c2cccc(-c3cccc(-c4cnc(CNCC[C@@H]5CCCO5)c(C)n4)c3Cl)c2Cl)cnc1CNC[C@@H]1CCC(=O)N1,COc1nc(-c2cccc(-c3cccc(-c4cnc(CNCC[C@@H]5CCCO5)c(C)n4)c3Cl)c2Cl)cnc1CNC[C@@H]1CCC(=O)N1,9.748603,-5.983329
90,mol128,-13.34,COc1nc(-c2cccc(-c3cccc(-c4cncc(OC[C@H]5CCC(=O)N5)c4Cl)c3Cl)c2Cl)cnc1CNCC1CCC1,COc1nc(-c2cccc(-c3cccc(-c4cncc(OC[C@H]5CCC(=O)N5)c4Cl)c3Cl)c2Cl)cnc1CNCC1CCC1,9.406575,-7.0697846
80,mol411,-13.33,COc1nc(-c2cccc(-c3cccc(-c4cncnc4Cl)c3Cl)c2Cl)cnc1CCCC1CCCC1,COc1nc(-c2cccc(-c3cccc(-c4cncnc4Cl)c3Cl)c2Cl)cnc1CCCC1CCCC1,8.813824,-6.769576
60,mol233,-13.33,COc1nc(-c2cccc(-c3cccc(-c4cnc(CNC[C@H]5CCC(=O)N5)c(OC)n4)c3Cl)c2Cl)cnc1CCn1cncn1,COc1nc(-c2cccc(-c3cccc(-c4cnc(CNC[C@H]5CCC(=O)N5)c(OC)n4)c3Cl)c2Cl)cnc1CCn1cncn1,9.66069,-5.700406
10,mol140,-13.33,COc1nc(-c2cccc(-c3cccc(-c4cnc(NC[C@@H]5CCCO5)c(OC)n4)c3Cl)c2Cl)cnc1CNC[C@@H]1CCC(=O)N1,COc1nc(-c2cccc(-c3cccc(-c4cnc(NC[C@@H]5CCCO5)c(OC)n4)c3Cl)c2Cl)cnc1CNC[C@@H]1CCC(=O)N1,9.544433,-6.295912
90,mol483,-13.33,Cc1nc(-c2cccc(-c3cccc(-c4cnc(CNC[C@@H]5CCC(=O)N5)c(OCC(=O)O)c4Cl)c3Cl)c2Cl)cnc1CNCC[C@@H]1CCCO1,Cc1nc(-c2cccc(-c3cccc(-c4cnc(CNC[C@@H]5CCC(=O)N5)c(OCC(=O)O)c4Cl)c3Cl)c2Cl)cnc1CNCC[C@@H]1CCCO1,8.877257,-6.397025
120,mol231,-13.33,COc1nc(-c2cccc(-c3cccc(-c4cnc(CNC[C@H]5CCC(=O)N5)c(OC)n4)c3Cl)c2Cl)cnc1CNCCC1OCCO1,COc1nc(-c2cccc(-c3cccc(-c4cnc(CNC[C@H]5CCC(=O)N5)c(OC)n4)c3Cl)c2Cl)cnc1CNCCC1OCCO1,9.835025,-5.9604926
70,mol271,-13.33,Cn1ncc(-c2cccc(-c3cccc(-c4cccnc4Cl)c3Cl)c2Cl)n1,Cn1ncc(-c2cccc(-c3cccc(-c4cccnc4Cl)c3Cl)c2Cl)n1,7.608716,-6.7799644
10,mol204,-13.32,COc1ncc(-c2cccc(-c3cccc(-c4cnc(CNC[C@@H]5CCC(=O)N5)c(OC)n4)c3Cl)c2Cl)cn1,COc1ncc(-c2cccc(-c3cccc(-c4cnc(CNC[C@@H]5CCC(=O)N5)c(OC)n4)c3Cl)c2Cl)cn1,9.728356,-6.2612104
10,mol11,-13.32,COc1nc(CNCC(C)(C)O)nc(-c2cccc(-c3cccc(-c4cnc(CN[C@@H]5CCC(=O)N5)c(OC)n4)c3Cl)c2Cl)n1,COc1nc(CNCC(C)(C)O)nc(-c2cccc(-c3cccc(-c4cnc(CN[C@@H]5CCC(=O)N5)c(OC)n4)c3Cl)c2Cl)n1,9.335874,-5.0602565
10,mol97,-13.32,COc1nc(-c2cccc(-c3cccc(-c4cnc(CNC[C@@H]5CCCO5)c(OC)n4)c3Cl)c2Cl)cnc1CNC[C@H]1CCC(=O)NC1,COc1nc(-c2cccc(-c3cccc(-c4cnc(CNC[C@@H]5CCCO5)c(OC)n4)c3Cl)c2Cl)cnc1CNC[C@H]1CCC(=O)NC1,9.829299,-6.292182
30,mol95,-13.32,COc1nc(-c2cccc(-c3cccc(-c4cnc(OCC[C@H]5CCOC5)c(OC)n4)c3Cl)c2Cl)cnc1CNC[C@H]1CCC(=O)N1,COc1nc(-c2cccc(-c3cccc(-c4cnc(OCC[C@H]5CCOC5)c(OC)n4)c3Cl)c2Cl)cnc1CNC[C@H]1CCC(=O)N1,9.729684,-6.045198
80,mol13,-13.31,COc1nc(-c2cccc(-c3cccc(-c4cnc(C5CCCC5)c(OC)n4)c3Cl)c2Cl)cnc1CNC[C@H]1CCC(=O)N1,COc1nc(-c2cccc(-c3cccc(-c4cnc(C5CCCC5)c(OC)n4)c3Cl)c2Cl)cnc1CNC[C@H]1CCC(=O)N1,9.240064,-6.8345013
20,mol107,-13.31,COc1nc(-c2cccc(-c3cccc(-c4cnc(COC[C@H]5CCOC5)c(OC)n4)c3Cl)c2Cl)cnc1CNC[C@H]1CCC(=O)N1,COc1nc(-c2cccc(-c3cccc(-c4cnc(COC[C@H]5CCOC5)c(OC)n4)c3Cl)c2Cl)cnc1CNC[C@H]1CCC(=O)N1,9.574592,-6.1117444
60,mol177,-13.31,COc1cc(-c2cccc(-c3cccc(-c4cnc(CNCCC5CCC5)c(OC)n4)c3Cl)c2Cl)cnc1CNC[C@H]1CCC(=O)N1,COc1cc(-c2cccc(-c3cccc(-c4cnc(CNCCC5CCC5)c(OC)n4)c3Cl)c2Cl)cnc1CNC[C@H]1CCC(=O)N1,9.533432,-7.08448
100,mol62,-13.31,COc1nc(-c2cccc(-c3cccc(-c4cncc(CNC[C@@H]5CCC(=O)N5)c4Cl)c3Cl)c2Cl)cnc1CNC[C@H]1CCOC1,COc1nc(-c2cccc(-c3cccc(-c4cncc(CNC[C@@H]5CCC(=O)N5)c4Cl)c3Cl)c2Cl)cnc1CNC[C@H]1CCOC1,9.560912,-6.1129365
30,mol448,-13.31,COc1ncc(-c2cccc(-c3cccc(-c4cnn(C)c4Cl)c3Cl)c2Cl)cn1,COc1ncc(-c2cccc(-c3cccc(-c4cnn(C)c4Cl)c3Cl)c2Cl)cn1,7.5937996,-6.9626393
20,mol129,-13.31,O=C1CC[C@H](COc2cc(-c3cccc(-c4cccc(-c5cnc(O)cn5)c4Cl)c3)cnc2CN[C@H]2CC[C@H](O)CC2)N1,O=C1CC[C@H](COc2cc(-c3cccc(-c4cccc(-c5cnc(O)cn5)c4Cl)c3)cnc2CN[C@H]2CC[C@H](O)CC2)N1,8.236079,-6.1104364
90,mol201,-13.3,COc1nc(-c2cccc(-c3cccc(-c4cnn(CNC[C@H]5CCC(=O)N5)c4Cl)c3Cl)c2Cl)cnc1CNCC[C@@H]1CCCO1,COc1nc(-c2cccc(-c3cccc(-c4cnn(CNC[C@H]5CCC(=O)N5)c4Cl)c3Cl)c2Cl)cnc1CNCC[C@@H]1CCCO1,9.69708,-6.251523
30,mol86,-13.3,COc1nc(-c2cccc(-c3cccc(-c4cnc(CNCC[C@@H]5CCCO5)c(OC)n4)c3Cl)c2Cl)ncc1CNC(=O)[C@@H]1CC(=O)N1,COc1nc(-c2cccc(-c3cccc(-c4cnc(CNCC[C@@H]5CCCO5)c(OC)n4)c3Cl)c2Cl)ncc1CNC(=O)[C@@H]1CC(=O)N1,9.893818,-5.107909
30,mol366,-13.3,COc1nc(-c2cccc(-c3cccc(-c4cnc(CN[C@H]5CCC(=O)N5)c(OC)n4)c3Cl)c2Cl)cnc1CNCCC1CCCC1,COc1nc(-c2cccc(-c3cccc(-c4cnc(CN[C@H]5CCC(=O)N5)c(OC)n4)c3Cl)c2Cl)cnc1CNCCC1CCCC1,9.472521,-6.9886594
100,mol200,-13.3,COc1nc(-c2cccc(-c3cccc(-c4cnc(CNCC5(C(=O)NO)CC5)c(OC)n4)c3Cl)c2Cl)cnc1CNCC[C@H]1CCCO1,COc1nc(-c2cccc(-c3cccc(-c4cnc(CNCC5(C(=O)NO)CC5)c(OC)n4)c3Cl)c2Cl)cnc1CNCC[C@H]1CCCO1,9.71109,-6.4239197
120,mol188,-13.3,COc1nc(-c2cccc(-c3cccc(-c4cnc(CNC[C@H]5CCC(=O)N5)c(O)n4)c3Cl)c2Cl)cnc1CNC[C@@H]1CCCO1,COc1nc(-c2cccc(-c3cccc(-c4cnc(CNC[C@H]5CCC(=O)N5)c(O)n4)c3Cl)c2Cl)cnc1CNC[C@@H]1CCCO1,9.770155,-5.980005
70,mol429,-13.29,COc1nc(-c2cccc(-c3cccc(-c4cnc(CNC[C@H]5CCC(=O)N5)c(OC)n4)c3Cl)c2Cl)cnc1CCCCC1CCCC1,COc1nc(-c2cccc(-c3cccc(-c4cnc(CNC[C@H]5CCC(=O)N5)c(OC)n4)c3Cl)c2Cl)cnc1CCCCC1CCCC1,9.272105,-7.1012597
60,mol175,-13.29,COc1nc(-c2cccc(-c3cccc(-c4cnc(CNC[C@H]5CCC(=O)N5)c(OC)n4)c3Cl)c2Cl)cnc1CNCCC1CCC1,COc1nc(-c2cccc(-c3cccc(-c4cnc(CNC[C@H]5CCC(=O)N5)c(OC)n4)c3Cl)c2Cl)cnc1CNCCC1CCC1,9.572389,-6.6969204
80,mol282,-13.29,COc1nc(-c2cccc(-c3cccc(-c4cnc(NC[C@@H]5CCC(=O)N5)c(OC)n4)c3Cl)c2Cl)cnc1CC[C@@H]1CCCO1,COc1nc(-c2cccc(-c3cccc(-c4cnc(NC[C@@H]5CCC(=O)N5)c(OC)n4)c3Cl)c2Cl)cnc1CC[C@@H]1CCCO1,9.214813,-6.2413464
90,mol53,-13.29,COc1nc(-c2cccc(-c3cccc(-c4cnc(CNC[C@@H]5CCC(=O)N5)c(OC)n4)c3Cl)c2Cl)cnc1CC[C@H]1CCCOC1,COc1nc(-c2cccc(-c3cccc(-c4cnc(CNC[C@@H]5CCC(=O)N5)c(OC)n4)c3Cl)c2Cl)cnc1CC[C@H]1CCCOC1,9.510101,-6.2089334
10,mol343,-13.29,O=C1CC[C@H](COc2c(CNC[C@@H]3CCC(=O)N3)ncc(-c3cccc(-c4cccc(-c5cnccn5)c4Cl)c3Cl)c2Cl)N1,O=C1CC[C@H](COc2c(CNC[C@@H]3CCC(=O)N3)ncc(-c3cccc(-c4cccc(-c5cnccn5)c4Cl)c3Cl)c2Cl)N1,8.526265,-6.47471
40,mol250,-13.28,COc1nc(-c2cccc(-c3cccc(-c4cnc(OC[C@H]5CCC(=O)N5)c(Cl)c4)c3Cl)c2Cl)cnc1CNCC[C@H]1CCCO1,COc1nc(-c2cccc(-c3cccc(-c4cnc(OC[C@H]5CCC(=O)N5)c(Cl)c4)c3Cl)c2Cl)cnc1CNCC[C@H]1CCCO1,9.43337,-6.575347
60,mol225,-13.28,COc1nc(-c2cccc(-c3cccc(-c4cnc(CNC[C@@H]5CCC(=O)N5)c(OC)n4)c3Cl)c2Cl)cnc1CCCCn1cnc(C)c1,COc1nc(-c2cccc(-c3cccc(-c4cnc(CNC[C@@H]5CCC(=O)N5)c(OC)n4)c3Cl)c2Cl)cnc1CCCCn1cnc(C)c1,9.383032,-6.4027653
70,mol469,-13.28,COc1nc(-c2cccc(-c3cccc(-c4cnc(NC[C@@H]5CCC(=O)N5)c(OC)n4)c3Cl)c2Cl)cnc1CC[C@H]1CCCCO1,COc1nc(-c2cccc(-c3cccc(-c4cnc(NC[C@@H]5CCC(=O)N5)c(OC)n4)c3Cl)c2Cl)cnc1CC[C@H]1CCCCO1,9.145021,-6.3960786
120,mol272,-13.28,COc1nc(-c2cccc(-c3cccc(-c4cnc(CNCC[C@@H]5CCC(=O)N5)c(O)c4Cl)c3Cl)c2Cl)cnc1CNCC[C@H]1CCCO1,COc1nc(-c2cccc(-c3cccc(-c4cnc(CNCC[C@@H]5CCC(=O)N5)c(O)c4Cl)c3Cl)c2Cl)cnc1CNCC[C@H]1CCCO1,9.687001,-6.232547
120,mol491,-13.28,COc1nc(-c2cccc(-c3cccc(-c4cnc(CN[C@H]5CCC(=O)N5)c(OC)n4)c3Cl)c2Cl)cnc1CNCCC1CCOCC1,COc1nc(-c2cccc(-c3cccc(-c4cnc(CN[C@H]5CCC(=O)N5)c(OC)n4)c3Cl)c2Cl)cnc1CNCCC1CCOCC1,9.938101,-6.5169196
10,mol402,-13.28,COc1nc(-c2cccc(-c3cccc(-c4cnc(CNCC[C@H]5CCCO5)c(OC)n4)c3Cl)c2Cl)ncc1CNC[C@@H]1CCC(=O)N1,COc1nc(-c2cccc(-c3cccc(-c4cnc(CNCC[C@H]5CCCO5)c(OC)n4)c3Cl)c2Cl)ncc1CNC[C@@H]1CCC(=O)N1,9.858735,-6.004205
80,mol172,-13.28,COc1nc(-c2cccc(-c3cccc(-c4cnc(CNC5CCCC5)c(OC)n4)c3Cl)c2Cl)cnc1CNC[C@H]1CCC(=O)N1,COc1nc(-c2cccc(-c3cccc(-c4cnc(CNC5CCCC5)c(OC)n4)c3Cl)c2Cl)cnc1CNC[C@H]1CCC(=O)N1,9.314979,-6.531261
20,mol352,-13.28,COc1nc(-c2cccc(-c3cccc(-c4cncc(CNC[C@@H]5CCC(=O)N5)c4Cl)c3Cl)c2Cl)cnc1OC[C@@H]1CCCO1,COc1nc(-c2cccc(-c3cccc(-c4cncc(CNC[C@@H]5CCC(=O)N5)c4Cl)c3Cl)c2Cl)cnc1OC[C@@H]1CCCO1,9.289021,-6.7883253
20,mol333,-13.27,O=C1CC[C@@H](COc2cc(-c3cccc(-c4cccc(-c5cn(CCCO)cn5)c4Cl)c3Cl)cnc2CNC[C@H]2CC[C@@H](O)C2)N1,O=C1CC[C@@H](COc2cc(-c3cccc(-c4cccc(-c5cn(CCCO)cn5)c4Cl)c3Cl)cnc2CNC[C@H]2CC[C@@H](O)C2)N1,8.530372,-6.205912
10,mol275,-13.27,COc1nc(-c2cccc(-c3cccc(-c4cnc(NC[C@@H]5CCC(=O)N5)c(OC)n4)c3Cl)c2Cl)cnc1CNC[C@@H]1CCOC1,COc1nc(-c2cccc(-c3cccc(-c4cnc(NC[C@@H]5CCC(=O)N5)c(OC)n4)c3Cl)c2Cl)cnc1CNC[C@@H]1CCOC1,9.5055685,-5.7329893
100,mol9,-13.27,COc1nc(-c2cccc(-c3cccc(-c4cncc(CNC[C@H]5CCC(=O)N5)c4Cl)c3Cl)c2Cl)cnc1CNC[C@H]1CCCO1,COc1nc(-c2cccc(-c3cccc(-c4cncc(CNC[C@H]5CCC(=O)N5)c4Cl)c3Cl)c2Cl)cnc1CNC[C@H]1CCCO1,9.446042,-6.6490703
120,mol189,-13.27,COc1nc(-c2cccc(-c3cccc(-c4cnc(CNC[C@H]5CCC(=O)N5)c(O)c4Cl)c3Cl)c2Cl)cnc1CNCCC1CCC1,COc1nc(-c2cccc(-c3cccc(-c4cnc(CNC[C@H]5CCC(=O)N5)c(O)c4Cl)c3Cl)c2Cl)cnc1CNCCC1CCC1,9.515417,-6.868301
10,mol439,-13.27,CCOc1ccc(-c2cccc(-c3cccc(-c4cnc(CNC[C@@H]5CCC(=O)N5)c(OC)n4)c3Cl)c2Cl)cn1,CCOc1ccc(-c2cccc(-c3cccc(-c4cnc(CNC[C@@H]5CCC(=O)N5)c(OC)n4)c3Cl)c2Cl)cn1,9.633412,-6.485749
10,mol311,-13.26,COc1ncnc(-c2cccc(-c3cccc(-c4cnc(CNC[C@@H]5CCC(=O)N(C)C5)c(OC)n4)c3Cl)c2Cl)n1,COc1ncnc(-c2cccc(-c3cccc(-c4cnc(CNC[C@@H]5CCC(=O)N(C)C5)c(OC)n4)c3Cl)c2Cl)n1,9.615085,-6.298512
10,mol250,-13.26,CCOc1nc(-c2cccc(-c3cccc(-c4cnc(CNC[C@H]5CCC(=O)N5)c(OC)c4Cl)c3Cl)c2Cl)cnc1CNCC[C@@H]1CCCO1,CCOc1nc(-c2cccc(-c3cccc(-c4cnc(CNC[C@H]5CCC(=O)N5)c(OC)c4Cl)c3Cl)c2Cl)cnc1CNCC[C@@H]1CCCO1,8.882616,-6.462685
30,mol377,-13.26,COc1nc(-c2cccc(-c3cccc(-c4cnc(CN[C@@H]5CCC(=O)N5)c(OC)n4)c3Cl)c2Cl)cnc1CNC[C@H]1CCCO1,COc1nc(-c2cccc(-c3cccc(-c4cnc(CN[C@@H]5CCC(=O)N5)c(OC)n4)c3Cl)c2Cl)cnc1CNC[C@H]1CCCO1,9.726454,-6.345675
40,mol397,-13.26,COc1nc(-c2cccc(-c3cccc(-c4nnc(CNC(C)=O)c(O[C@H]5CCC(=O)N5)c4Cl)c3Cl)c2Cl)cnc1CNCC[C@H]1CCCO1,COc1nc(-c2cccc(-c3cccc(-c4nnc(CNC(C)=O)c(O[C@H]5CCC(=O)N5)c4Cl)c3Cl)c2Cl)cnc1CNCC[C@H]1CCCO1,9.732814,-6.705124
50,mol234,-13.25,COc1ncc(-c2cccc(-c3cccc(-c4cnc(CNC[C@H]5CCC(=O)N5)c(OC)n4)c3Cl)c2Cl)nn1,COc1ncc(-c2cccc(-c3cccc(-c4cnc(CNC[C@H]5CCC(=O)N5)c(OC)n4)c3Cl)c2Cl)nn1,9.715246,-5.337424
60,mol346,-13.25,COc1cnc(-c2cccc(-c3cccc(-c4cnc(CNC[C@H]5CCC(=O)N5)c(OC)n4)c3Cl)c2Cl)nc1Cl,COc1cnc(-c2cccc(-c3cccc(-c4cnc(CNC[C@H]5CCC(=O)N5)c(OC)n4)c3Cl)c2Cl)nc1Cl,9.516999,-6.6154227
80,mol353,-13.25,O=C1CC[C@@H](CNCc2ncc(-c3cccc(-c4cccc(-c5cn(Cc6nnc(-c7ccccn7)n6CCCO)cn5)c4Cl)c3Cl)c(Cl)c2OC[C@@H]2CCC(=O)N2)N1,O=C1CC[C@@H](CNCc2ncc(-c3cccc(-c4cccc(-c5cn(Cc6nnc(-c7ccccn7)n6CCCO)cn5)c4Cl)c3Cl)c(Cl)c2OC[C@@H]2CCC(=O)N2)N1,8.28678,-6.3921742
20,mol320,-13.25,COc1nc(-c2cccc(-c3cccc(-c4cncc(CNC[C@@H]5CCC(=O)N5)c4Cl)c3Cl)c2Cl)cnc1OCC[C@@H]1CCOC1,COc1nc(-c2cccc(-c3cccc(-c4cncc(CNC[C@@H]5CCC(=O)N5)c4Cl)c3Cl)c2Cl)cnc1OCC[C@@H]1CCOC1,9.382704,-6.4262185
80,mol317,-13.25,COc1nc(-c2cccc(-c3cccc(-c4cncnc4)c3Cl)c2Cl)cnc1/C=C\C[C@H]1CCCO1,COc1nc(-c2cccc(-c3cccc(-c4cncnc4)c3Cl)c2Cl)cnc1/C=C\C[C@H]1CCCO1,8.895061,-7.2021074
120,mol198,-13.25,COc1cnc(-c2cccc(-c3cccc(-c4cnc(CN[C@@H]5CCC(=O)N5)c(OC)n4)c3Cl)c2Cl)cn1,COc1cnc(-c2cccc(-c3cccc(-c4cnc(CN[C@@H]5CCC(=O)N5)c(OC)n4)c3Cl)c2Cl)cn1,9.472688,-6.650405
20,mol463,-13.25,COc1nc(-c2cccc(-c3cccc(-c4cnc(OCC[C@H]5CCOCO5)c(OC)n4)c3Cl)c2Cl)cnc1CNC[C@@H]1CCC(=O)N1,COc1nc(-c2cccc(-c3cccc(-c4cnc(OCC[C@H]5CCOCO5)c(OC)n4)c3Cl)c2Cl)cnc1CNC[C@@H]1CCC(=O)N1,9.631257,-6.5729895
10,mol95,-13.24,COc1nc(-c2cccc(-c3cccc(-c4cnn(C[C@H]5CCCO5)c4OC)c3Cl)c2Cl)cnc1CNC[C@H]1CCC(=O)N1,COc1nc(-c2cccc(-c3cccc(-c4cnn(C[C@H]5CCCO5)c4OC)c3Cl)c2Cl)cnc1CNC[C@H]1CCC(=O)N1,9.647258,-6.311522
40,mol474,-13.24,COc1nc(-c2cccc(-c3cccc(-c4cnc(CNCC[C@@H]5CCCCO5)c(OC)n4)c3Cl)c2Cl)cnc1CCNC[C@@H]1CCC(=O)N1,COc1nc(-c2cccc(-c3cccc(-c4cnc(CNCC[C@@H]5CCCCO5)c(OC)n4)c3Cl)c2Cl)cnc1CCNC[C@@H]1CCC(=O)N1,9.743514,-6.2372403
70,mol341,-13.24,CCOc1nc(-c2cccc(-c3cccc(-c4cnc(CNC[C@@H]5CCC(=O)N5)c(OC)n4)c3Cl)c2Cl)cnc1CC[C@H]1CCCO1,CCOc1nc(-c2cccc(-c3cccc(-c4cnc(CNC[C@@H]5CCC(=O)N5)c(OC)n4)c3Cl)c2Cl)cnc1CC[C@H]1CCCO1,9.535622,-6.553884
10,mol233,-13.24,COc1nc(-c2cccc(-c3cccc(-c4cnc(OC[C@@H]5CCCO5)c(OC)n4)c3Cl)c2Cl)ncc1CNC[C@@H]1CCC(=O)N1,COc1nc(-c2cccc(-c3cccc(-c4cnc(OC[C@@H]5CCCO5)c(OC)n4)c3Cl)c2Cl)ncc1CNC[C@@H]1CCC(=O)N1,9.546069,-6.3457847
20,mol92,-13.24,COc1nc(-c2cccc(-c3cccc(-c4cnc(CNC[C@@H]5CCC(=O)N(C)C5)c(OC)n4)c3Cl)c2Cl)cnc1CCn1cncn1,COc1nc(-c2cccc(-c3cccc(-c4cnc(CNC[C@@H]5CCC(=O)N(C)C5)c(OC)n4)c3Cl)c2Cl)cnc1CCn1cncn1,9.605033,-6.4356666
20,mol159,-13.24,[H][P@TB17](O)(O)(O)OCc1ncc(-c2cccc(-c3cccc(-c4cnc(CNC[C@@H]5CCC(=O)N5)c(OC)n4)c3Cl)c2Cl)nc1OC,[H][P@TB17](O)(O)(O)OCc1ncc(-c2cccc(-c3cccc(-c4cnc(CNC[C@@H]5CCC(=O)N5)c(OC)n4)c3Cl)c2Cl)nc1OC,8.848008,-4.9087443
80,mol77,-13.24,COc1nc(-c2cccc(-c3cccc(-c4cnc(CNC[C@@H]5CCC(=O)N5)c(OC)n4)c3Cl)c2Cl)cnc1/C=C/CO,COc1nc(-c2cccc(-c3cccc(-c4cnc(CNC[C@@H]5CCC(=O)N5)c(OC)n4)c3Cl)c2Cl)cnc1/C=C/CO,9.424616,-6.0854764
100,mol478,-13.24,O=C1CC[C@H](CNCc2ncc(-c3cccc(-c4cccc(-n5cncn5)c4Cl)c3Cl)c(Cl)c2O)N1,O=C1CC[C@H](CNCc2ncc(-c3cccc(-c4cccc(-n5cncn5)c4Cl)c3Cl)c(Cl)c2O)N1,8.059273,-6.0128818
20,mol371,-13.23,COc1ncc(-c2cccc(-c3cccc(-c4cnc(CNC[C@@H]5CCC(=O)N5)c(OC)c4Cl)c3Cl)c2Cl)nn1,COc1ncc(-c2cccc(-c3cccc(-c4cnc(CNC[C@@H]5CCC(=O)N5)c(OC)c4Cl)c3Cl)c2Cl)nn1,8.498961,-6.753061
90,mol188,-13.23,COc1nc(-c2cccc(-c3cccc(-c4cnc([C@H]5CC[C@H](C)O5)c(OC)n4)c3Cl)c2Cl)cnc1CNC[C@@H]1CCC(=O)N1,COc1nc(-c2cccc(-c3cccc(-c4cnc([C@H]5CC[C@H](C)O5)c(OC)n4)c3Cl)c2Cl)cnc1CNC[C@@H]1CCC(=O)N1,9.282611,-6.7722187
120,mol475,-13.23,O=C1CC[C@@H](CNCc2ncc(-c3cccc(-c4cccc(-c5cnc(CNC[C@H]6CCOC6)cn5)c4Cl)c3Cl)c(Cl)c2O)N1,O=C1CC[C@@H](CNCc2ncc(-c3cccc(-c4cccc(-c5cnc(CNC[C@H]6CCOC6)cn5)c4Cl)c3Cl)c(Cl)c2O)N1,8.491966,-6.0417976
40,mol327,-13.23,COc1nc(-c2cccc(-c3cccc(-c4cnc(CN5CC[C@@H](O)C5)c(OC)n4)c3Cl)c2Cl)cnc1CNCC[C@H]1CCCO1,COc1nc(-c2cccc(-c3cccc(-c4cnc(CN5CC[C@@H](O)C5)c(OC)n4)c3Cl)c2Cl)cnc1CNCC[C@H]1CCCO1,9.826551,-5.888489
20,mol488,-13.23,COc1ncnc(-c2ccc(-c3cccc(-c4cccc(CNC[C@@H]5CCC(=O)N5)c4)c3Cl)cn2)n1,COc1ncnc(-c2ccc(-c3cccc(-c4cccc(CNC[C@@H]5CCC(=O)N5)c4)c3Cl)cn2)n1,7.657816,-5.0607824
120,mol82,-13.23,COc1nc(-c2cccc(-c3cccc(-c4cnc(CNC[C@@H]5CCC(=O)N5)c(OC)n4)c3Cl)c2Cl)cnc1CNCCC1CCNCC1,COc1nc(-c2cccc(-c3cccc(-c4cnc(CNC[C@@H]5CCC(=O)N5)c(OC)n4)c3Cl)c2Cl)cnc1CNCCC1CCNCC1,9.930645,-6.3622394
40,mol147,-13.22,COc1nc(-c2cccc(-c3cccc(-c4cnc(CNC[C@H]5C=CC(=O)N5)c(OC)n4)c3Cl)c2Cl)cnc1CNCC[C@H]1CCCO1,COc1nc(-c2cccc(-c3cccc(-c4cnc(CNC[C@H]5C=CC(=O)N5)c(OC)n4)c3Cl)c2Cl)cnc1CNCC[C@H]1CCCO1,9.913906,-6.275308
80,mol127,-13.22,COc1nc(-c2cccc(-c3cccc(-c4cnc(CNC[C@@H]5CCC(=O)N5)c(OC)n4)c3Cl)c2Cl)cnc1CC[C@@H]1CCCCO1,COc1nc(-c2cccc(-c3cccc(-c4cnc(CNC[C@@H]5CCC(=O)N5)c(OC)n4)c3Cl)c2Cl)cnc1CC[C@@H]1CCCCO1,9.501,-6.546872
130,mol159,-13.22,COc1nc(-c2cccc(-c3cccc(-c4cccc(CNC[C@@H]5CCC(=O)N5)c4Cl)c3Cl)c2Cl)cnc1CNCC[C@@H]1CCCO1,COc1nc(-c2cccc(-c3cccc(-c4cccc(CNC[C@@H]5CCC(=O)N5)c4Cl)c3Cl)c2Cl)cnc1CNCC[C@@H]1CCCO1,9.548235,-6.521477
70,mol165,-13.22,CCOc1cncc(-c2cccc(-c3cccc(-c4cncc(OCC5CCNCC5)c4Cl)c3Cl)c2Cl)c1,CCOc1cncc(-c2cccc(-c3cccc(-c4cncc(OCC5CCNCC5)c4Cl)c3Cl)c2Cl)c1,7.657656,-6.6600947
70,mol402,-13.21,COc1nc(-c2cccc(-c3cccc(-c4cccc(CN5CCC(=O)N5)c4Cl)c3Cl)c2Cl)cnc1CCCNCC[C@@H]1CCCO1,COc1nc(-c2cccc(-c3cccc(-c4cccc(CN5CCC(=O)N5)c4Cl)c3Cl)c2Cl)cnc1CCCNCC[C@@H]1CCCO1,9.293402,-6.478238
70,mol139,-13.21,COc1nc(-c2cccc(-c3cccc(-c4cnc(CNC[C@@H]5CCC(=O)N5)c(OC)n4)c3Cl)c2Cl)cnc1CC[C@H]1CC[C@H](O)CC1,COc1nc(-c2cccc(-c3cccc(-c4cnc(CNC[C@@H]5CCC(=O)N5)c(OC)n4)c3Cl)c2Cl)cnc1CC[C@H]1CC[C@H](O)CC1,9.754512,-6.7896304
90,mol396,-13.21,COc1nc(-c2cccc(-c3cccc(-c4cnc(CNC[C@H]5CCCO5)c(OC)n4)c3Cl)c2Cl)cnc1CNC[C@H]1CCC(=O)N1,COc1nc(-c2cccc(-c3cccc(-c4cnc(CNC[C@H]5CCCO5)c(OC)n4)c3Cl)c2Cl)cnc1CNC[C@H]1CCC(=O)N1,9.823525,-6.1430635
30,mol81,-13.21,COc1nc(-c2cccc(-c3cccc(-c4cn(C)cn4)c3Cl)c2Cl)cnc1CNC[C@H]1CCC(=O)N1,COc1nc(-c2cccc(-c3cccc(-c4cn(C)cn4)c3Cl)c2Cl)cnc1CNC[C@H]1CCC(=O)N1,9.492193,-5.881699
80,mol284,-13.21,COc1cncc(-c2cccc(-c3cccc(-c4cnc(CNC[C@@H]5CCC(=O)N5)c(OC)n4)c3Cl)c2Cl)c1,COc1cncc(-c2cccc(-c3cccc(-c4cnc(CNC[C@@H]5CCC(=O)N5)c(OC)n4)c3Cl)c2Cl)c1,9.5454855,-6.608528
10,mol499,-13.21,COc1ncnc(-c2cccc(-c3cccc(-c4ncc(CNC[C@@H]5CCC(=O)N5)c(OC)n4)c3Cl)c2Cl)n1,COc1ncnc(-c2cccc(-c3cccc(-c4ncc(CNC[C@@H]5CCC(=O)N5)c(OC)n4)c3Cl)c2Cl)n1,9.079913,-5.568851
10,mol390,-13.21,COc1nc(-c2cccc(-c3cccc(-c4cnc(CNC[C@]5(C)CNC(=O)C5)c(OC)c4Cl)c3Cl)c2Cl)cnc1CNC[C@H]1CCCO1,COc1nc(-c2cccc(-c3cccc(-c4cnc(CNC[C@]5(C)CNC(=O)C5)c(OC)c4Cl)c3Cl)c2Cl)cnc1CNC[C@H]1CCCO1,9.378654,-6.8154483
10,mol192,-13.2,COc1nc(-c2cccc(-c3cccc(-c4cnc(CNC[C@@H]5CCC(=O)N(C)C5)nc4)c3Cl)c2Cl)cnc1OCC[C@H]1CCCO1,COc1nc(-c2cccc(-c3cccc(-c4cnc(CNC[C@@H]5CCC(=O)N(C)C5)nc4)c3Cl)c2Cl)cnc1OCC[C@H]1CCCO1,9.362563,-6.61115
120,mol455,-13.2,COc1cnc(-c2cccc(-c3cccc(-c4cnc(CNC[C@H]5CCC(=O)N5)c(O)n4)c3Cl)c2Cl)cn1,COc1cnc(-c2cccc(-c3cccc(-c4cnc(CNC[C@H]5CCC(=O)N5)c(O)n4)c3Cl)c2Cl)cn1,8.72196,-5.430226
10,mol236,-13.2,COc1nc(-c2cccc(-c3cccc(-c4cnc(Cl)c(OC[C@H]5CCC(=O)N5)c4Cl)c3Cl)c2Cl)cnc1CNCC[C@H]1CCCO1,COc1nc(-c2cccc(-c3cccc(-c4cnc(Cl)c(OC[C@H]5CCC(=O)N5)c4Cl)c3Cl)c2Cl)cnc1CNCC[C@H]1CCCO1,9.29401,-7.3890147
100,mol186,-13.2,COc1nc(-c2cccc(-c3cccc(-c4cnc(CN[C@H]5CC[C@@H](OC)CC5)c(OC)n4)c3Cl)c2Cl)ncc1CNC[C@@H]1CCC(=O)N1,COc1nc(-c2cccc(-c3cccc(-c4cnc(CN[C@H]5CC[C@@H](OC)CC5)c(OC)n4)c3Cl)c2Cl)ncc1CNC[C@@H]1CCC(=O)N1,9.568103,-6.208847
30,mol119,-13.2,COc1nc(-c2cccc(-c3cccc(-c4cnc(CNC[C@H]5CCC(=O)N(C)C5)c(OC)n4)c3Cl)c2Cl)cnc1CNCC[C@@H]1CCCO1,COc1nc(-c2cccc(-c3cccc(-c4cnc(CNC[C@H]5CCC(=O)N(C)C5)c(OC)n4)c3Cl)c2Cl)cnc1CNCC[C@@H]1CCCO1,9.696057,-6.2013664
130,mol173,-13.2,COc1cc(-c2cccc(-c3cccc(-c4cnc(CNCC[C@@H]5CCCO5)c(OC)n4)c3Cl)c2Cl)cnc1CN[C@@H]1CCC(=O)N1,COc1cc(-c2cccc(-c3cccc(-c4cnc(CNCC[C@@H]5CCCO5)c(OC)n4)c3Cl)c2Cl)cnc1CN[C@@H]1CCC(=O)N1,9.667691,-6.6454835
110,mol177,-13.2,COc1nc(-c2cccc(-c3cccc(-c4ncnc(OC)c4Cl)c3Cl)c2Cl)cnc1CNC[C@H]1CCC(=O)N1,COc1nc(-c2cccc(-c3cccc(-c4ncnc(OC)c4Cl)c3Cl)c2Cl)cnc1CNC[C@H]1CCC(=O)N1,9.65229,-6.6201124
80,mol90,-13.2,COc1nc(-c2cccc(-c3cccc(-c4cnc(CNC[C@H]5CCC(=O)N5)c(OC)n4)c3Cl)c2Cl)cnc1CCC[C@@H]1CCCO1,COc1nc(-c2cccc(-c3cccc(-c4cnc(CNC[C@H]5CCC(=O)N5)c(OC)n4)c3Cl)c2Cl)cnc1CCC[C@@H]1CCCO1,9.593243,-6.062239
10,mol258,-13.2,COc1nc(-c2cccc(-c3cccc(-c4cnc(CNCC[C@@H]5CCCO5)c(OC)n4)c3Cl)c2Cl)ncc1[C@H]1CCC(=O)N1,COc1nc(-c2cccc(-c3cccc(-c4cnc(CNCC[C@@H]5CCCO5)c(OC)n4)c3Cl)c2Cl)ncc1[C@H]1CCC(=O)N1,9.44402,-6.3320837
60,mol425,-13.2,COc1nc(-c2cccc(-c3cccc(-c4nnc(C[C@H]5CCCCO5)c(OC)n4)c3Cl)c2Cl)cnc1CNC[C@@H]1CCC(=O)N1,COc1nc(-c2cccc(-c3cccc(-c4nnc(C[C@H]5CCCCO5)c(OC)n4)c3Cl)c2Cl)cnc1CNC[C@@H]1CCC(=O)N1,9.54453,-6.293041
70,mol32,-13.19,COc1nc(-c2cccc(-c3cccc(-c4cnc(CN[C@@H]5CCC(=O)N5)c(OC)n4)c3Cl)c2Cl)cnc1CCC1CCCC1,COc1nc(-c2cccc(-c3cccc(-c4cnc(CN[C@@H]5CCC(=O)N5)c(OC)n4)c3Cl)c2Cl)cnc1CCC1CCCC1,9.177616,-7.2488575
70,mol236,-13.19,COc1nncc(-c2cccc(-c3cccc(-c4cnc(CNC[C@@H]5CCC(=O)N5)c(OC)n4)c3Cl)c2Cl)n1,COc1nncc(-c2cccc(-c3cccc(-c4cnc(CNC[C@@H]5CCC(=O)N5)c(OC)n4)c3Cl)c2Cl)n1,9.629369,-5.17225
10,mol398,-13.19,COc1nc(-c2cccc(-c3cccc(-c4cccc(CNC[C@@H]5CCC(=O)N5)c4Cl)c3Cl)c2Cl)cnc1NCC[C@H]1CCCO1,COc1nc(-c2cccc(-c3cccc(-c4cccc(CNC[C@@H]5CCC(=O)N5)c4Cl)c3Cl)c2Cl)cnc1NCC[C@H]1CCCO1,9.180638,-6.617063
40,mol42,-13.19,COc1nc(-c2cccc(-c3cccc(-c4cnc(CNC[C@H]5CCC(=O)N5)c(OC)n4)c3Cl)c2Cl)cnc1CNCCC1CCCC1,COc1nc(-c2cccc(-c3cccc(-c4cnc(CNC[C@H]5CCC(=O)N5)c(OC)n4)c3Cl)c2Cl)cnc1CNCCC1CCCC1,9.492819,-6.882051
50,mol393,-13.19,COc1nc(-c2cccc(-c3cccc(-c4cnc(CNC[C@@H]5CCCN(C)C5)c(OC)n4)c3Cl)c2Cl)cnc1CNCCC1CCCC1,COc1nc(-c2cccc(-c3cccc(-c4cnc(CNC[C@@H]5CCCN(C)C5)c(OC)n4)c3Cl)c2Cl)cnc1CNCCC1CCCC1,9.289735,-6.1093206
20,mol319,-13.19,COc1nncc(-c2cccc(-c3cccc(-c4cnc(CN5CCC(=O)N5)c(OC)n4)c3Cl)c2Cl)n1,COc1nncc(-c2cccc(-c3cccc(-c4cnc(CN5CCC(=O)N5)c(OC)n4)c3Cl)c2Cl)n1,9.455664,-5.2054725
20,mol367,-13.18,COc1ncnc(-c2cccc(-c3cccc(-c4cnc(CNC[C@H]5CCC(=O)N5)c(OC)n4)c3Cl)c2Cl)n1,COc1ncnc(-c2cccc(-c3cccc(-c4cnc(CNC[C@H]5CCC(=O)N5)c(OC)n4)c3Cl)c2Cl)n1,9.638686,-5.444205
10,mol377,-13.18,COc1cnc(-c2cccc(-c3cccc(-c4cnc(CNC[C@@H]5CCC(=O)N(C)C5)nc4)c3Cl)c2Cl)cn1,COc1cnc(-c2cccc(-c3cccc(-c4cnc(CNC[C@@H]5CCC(=O)N(C)C5)nc4)c3Cl)c2Cl)cn1,8.680744,-6.3889894
80,mol459,-13.18,COc1nc(-c2cccc(-c3cccc(-c4cnc([C@@H]5CCCO5)c(OC)n4)c3Cl)c2Cl)cnc1CNC[C@H]1CCC(=O)N1,COc1nc(-c2cccc(-c3cccc(-c4cnc([C@@H]5CCCO5)c(OC)n4)c3Cl)c2Cl)cnc1CNC[C@H]1CCC(=O)N1,9.411656,-6.6815596
30,mol355,-13.18,O=C1CC[C@H](CNCc2cnc(-c3cccc(-c4cccc(-c5cnc(O)cn5)c4Cl)c3Cl)nc2OC2COC2)N1,O=C1CC[C@H](CNCc2cnc(-c3cccc(-c4cccc(-c5cnc(O)cn5)c4Cl)c3Cl)nc2OC2COC2)N1,8.864778,-5.0788264
30,mol23,-13.18,COc1nc(-c2cccc(-c3cccc(-c4cnc(CNC[C@@H]5CCC(=O)N5)c(OC)n4)c3Cl)c2Cl)cnc1CNCCn1cnc(C)n1,COc1nc(-c2cccc(-c3cccc(-c4cnc(CNC[C@@H]5CCC(=O)N5)c(OC)n4)c3Cl)c2Cl)cnc1CNCCn1cnc(C)n1,9.76198,-5.3529363
30,mol455,-13.18,COc1nc(-c2cccc(-c3cccc(-c4cnc(NC[C@@H]5CCC(=O)N5)c(OC)n4)c3Cl)c2Cl)cnc1CNCC[C@H]1CCCO1,COc1nc(-c2cccc(-c3cccc(-c4cnc(NC[C@@H]5CCC(=O)N5)c(OC)n4)c3Cl)c2Cl)cnc1CNCC[C@H]1CCCO1,9.587423,-5.9849606
50,mol465,-13.17,COc1nc(-c2cccc(-c3cccc(-c4cnc(COC[C@@H]5CCO5)c(OC)n4)c3Cl)c2Cl)cnc1CNC[C@@H]1CCC(=O)N1,COc1nc(-c2cccc(-c3cccc(-c4cnc(COC[C@@H]5CCO5)c(OC)n4)c3Cl)c2Cl)cnc1CNC[C@@H]1CCC(=O)N1,9.695082,-6.3626165
20,mol338,-13.17,COc1nc(-c2cccc(-c3cccc(-c4cnc(OC[C@H]5CCOC5)c(OC)n4)c3Cl)c2Cl)cnc1CNC[C@H]1CCC(=O)N1,COc1nc(-c2cccc(-c3cccc(-c4cnc(OC[C@H]5CCOC5)c(OC)n4)c3Cl)c2Cl)cnc1CNC[C@H]1CCC(=O)N1,9.531365,-6.1107535
10,mol406,-13.17,COc1nc(-c2cccc(-c3cccc(-c4cccc(CNC[C@@H]5CCC(=O)N5)c4Cl)c3Cl)c2Cl)cnc1OCCCn1cnc(CC(C)C)c1Cl,COc1nc(-c2cccc(-c3cccc(-c4cccc(CNC[C@@H]5CCC(=O)N5)c4Cl)c3Cl)c2Cl)cnc1OCCCn1cnc(CC(C)C)c1Cl,8.923902,-7.180951
80,mol174,-13.17,COc1nc(-c2cccc(-c3cccc(-c4cnn(C)c4)c3Cl)c2Cl)cnc1CCC[C@H]1CCCCO1,COc1nc(-c2cccc(-c3cccc(-c4cnn(C)c4)c3Cl)c2Cl)cnc1CCC[C@H]1CCCCO1,9.096732,-5.8232746
100,mol87,-13.17,COc1nc(-c2cccc(-c3cccc(-c4cnc(OCn5cncn5)c(OC)n4)c3Cl)c2Cl)cnc1CNC[C@@H]1CCC(=O)N1,COc1nc(-c2cccc(-c3cccc(-c4cnc(OCn5cncn5)c(OC)n4)c3Cl)c2Cl)cnc1CNC[C@@H]1CCC(=O)N1,9.583988,-5.379307
60,mol18,-13.16,COc1cnc(-c2cccc(-c3cccc(-c4cnc(CNC[C@@H]5CCC(=O)N5)c(OC)n4)c3Cl)c2Cl)nn1,COc1cnc(-c2cccc(-c3cccc(-c4cnc(CNC[C@@H]5CCC(=O)N5)c(OC)n4)c3Cl)c2Cl)nn1,9.596974,-5.3493958
10,mol354,-13.16,COc1cc(-c2cccc(-c3cccc(-c4cnc(OC[C@H]5CCCO5)c(OC)n4)c3Cl)c2Cl)cnc1CNC[C@@H]1CCC(=O)N1,COc1cc(-c2cccc(-c3cccc(-c4cnc(OC[C@H]5CCCO5)c(OC)n4)c3Cl)c2Cl)cnc1CNC[C@@H]1CCC(=O)N1,9.336018,-6.949848
80,mol89,-13.16,COc1nc(-c2cccc(-c3cccc(-c4cnc(CNC[C@@H]5CCC(=O)N5)c(OC)n4)c3Cl)c2Cl)cnc1CC[NH+]1CCC1,COc1nc(-c2cccc(-c3cccc(-c4cnc(CNC[C@@H]5CCC(=O)N5)c(OC)n4)c3Cl)c2Cl)cnc1CC[NH+]1CCC1,9.722626,-4.455401
40,mol108,-13.16,COc1nc(-c2cccc(-c3cccc(-c4cncc(C(=O)C5CC5)c4)c3Cl)c2Cl)cnc1CNCC[C@@H]1CCCO1,COc1nc(-c2cccc(-c3cccc(-c4cncc(C(=O)C5CC5)c4)c3Cl)c2Cl)cnc1CNCC[C@@H]1CCCO1,9.373366,-6.383754
40,mol334,-13.16,COc1nc(-c2cccc(-c3cccc(-c4cnc(CNC[C@@H]5CCCO5)c(OC)n4)c3Cl)c2Cl)cnc1CNC[C@H]1CCCC(=O)N1,COc1nc(-c2cccc(-c3cccc(-c4cnc(CNC[C@@H]5CCCO5)c(OC)n4)c3Cl)c2Cl)cnc1CNC[C@H]1CCCC(=O)N1,9.743217,-6.2922964
90,mol493,-13.16,COc1nc(-c2cccc(-c3cccc(-c4cnc(CNC[C@@H]5CCC(=O)N5)c(OC)n4)c3Cl)c2Cl)cnc1CCl,COc1nc(-c2cccc(-c3cccc(-c4cnc(CNC[C@@H]5CCC(=O)N5)c(OC)n4)c3Cl)c2Cl)cnc1CCl,9.613815,-6.80582
70,mol84,-13.15,COc1nc(-c2cccc(-c3cccc(-c4cnc(C[C@H]5CCCCO5)c(OC)n4)c3Cl)c2Cl)cnc1CNC[C@H]1CCC(=O)N1,COc1nc(-c2cccc(-c3cccc(-c4cnc(C[C@H]5CCCCO5)c(OC)n4)c3Cl)c2Cl)cnc1CNC[C@H]1CCC(=O)N1,9.399938,-6.347639
20,mol141,-13.15,COc1nc(-c2cccc(-c3cncc(-c4cnc(CNC[C@@H]5CCC(=O)N5)c(OC)n4)c3Cl)c2Cl)cnc1CNCC1CCOCC1,COc1nc(-c2cccc(-c3cncc(-c4cnc(CNC[C@@H]5CCC(=O)N5)c(OC)n4)c3Cl)c2Cl)cnc1CNCC1CCOCC1,9.830401,-6.106675
100,mol303,-13.15,COc1nc(-c2cccc(-c3cccc(-c4cnc(OCC5CCC5)c(OC)n4)c3Cl)c2Cl)cnc1CNC[C@H]1CCC(=O)N1,COc1nc(-c2cccc(-c3cccc(-c4cnc(OCC5CCC5)c(OC)n4)c3Cl)c2Cl)cnc1CNC[C@H]1CCC(=O)N1,9.090101,-6.8698506
80,mol399,-13.15,COc1ncn(-c2cccc(-c3cccc(-c4cnc(CN[C@H]5CCC(=O)N5)c(OC)n4)c3Cl)c2Cl)n1,COc1ncn(-c2cccc(-c3cccc(-c4cnc(CN[C@H]5CCC(=O)N5)c(OC)n4)c3Cl)c2Cl)n1,9.666013,-5.2338133
120,mol181,-13.15,COc1nc(-c2cccc(-c3cccc(-c4cccc(OCCCNC[C@H]5CCCO5)c4Cl)c3Cl)c2Cl)cnc1CNCC[C@@H]1CCCO1,COc1nc(-c2cccc(-c3cccc(-c4cccc(OCCCNC[C@H]5CCCO5)c4Cl)c3Cl)c2Cl)cnc1CNCC[C@@H]1CCCO1,9.263317,-6.382536
70,mol332,-13.14,COc1nc(-c2cccc(-c3cccc(-c4cnc(CNC[C@H]5CCCO5)c(OC)n4)c3Cl)c2Cl)cnc1CC[C@@H]1CCCO1,COc1nc(-c2cccc(-c3cccc(-c4cnc(CNC[C@H]5CCCO5)c(OC)n4)c3Cl)c2Cl)cnc1CC[C@@H]1CCCO1,9.264136,-6.4542513
30,mol41,-13.14,COc1nc(-c2cccc(-c3cccc(-c4cnc(CNC[C@@H]5CCC(=O)N5)c(OC)n4)c3Cl)c2Cl)cnc1CNCC[C@H]1CCCCO1,COc1nc(-c2cccc(-c3cccc(-c4cnc(CNC[C@@H]5CCC(=O)N5)c(OC)n4)c3Cl)c2Cl)cnc1CNCC[C@H]1CCCCO1,9.803687,-6.089933
10,mol76,-13.14,COc1nc(-c2cccc(-c3cccc(-c4cnc(CNC[C@@H]5CCC(=O)N5)c(OC)n4)c3Cl)c2Cl)cnc1CNC[C@@H]1CCOC1,COc1nc(-c2cccc(-c3cccc(-c4cnc(CNC[C@@H]5CCC(=O)N5)c(OC)n4)c3Cl)c2Cl)cnc1CNC[C@@H]1CCOC1,9.780182,-5.7424145
70,mol192,-13.14,COc1nncc(-c2cccc(-c3cccc(-c4cnc(OC[C@H]5CCC(=O)N5)c(OC)n4)c3Cl)c2Cl)n1,COc1nncc(-c2cccc(-c3cccc(-c4cnc(OC[C@H]5CCC(=O)N5)c(OC)n4)c3Cl)c2Cl)n1,9.298934,-6.0830073
10,mol101,-13.14,COc1nc(-c2cccc(-c3cccc(-c4cnc(OC[C@H]5CCCO5)c(OC)n4)c3Cl)c2Cl)cnc1CN[C@@H]1CCCNC1,COc1nc(-c2cccc(-c3cccc(-c4cnc(OC[C@H]5CCCO5)c(OC)n4)c3Cl)c2Cl)cnc1CN[C@@H]1CCCNC1,9.419655,-6.187595
110,mol57,-13.13,COc1nc(-c2cccc(-c3cccc(-c4cnc(OC[C@H]5CCC(=O)N5)c(OC)n4)c3Cl)c2Cl)cnc1CNCC[C@@H]1CCCO1,COc1nc(-c2cccc(-c3cccc(-c4cnc(OC[C@H]5CCC(=O)N5)c(OC)n4)c3Cl)c2Cl)cnc1CNCC[C@@H]1CCCO1,9.466051,-6.2598
40,mol90,-13.13,COc1nc(-c2cccc(-c3cccc(-c4cnc(CNC[C@@H]5CCCC(=O)N5)c(OC)n4)c3Cl)c2Cl)cnc1CNCC[C@@H]1CCCO1,COc1nc(-c2cccc(-c3cccc(-c4cnc(CNC[C@@H]5CCCC(=O)N5)c(OC)n4)c3Cl)c2Cl)cnc1CNCC[C@@H]1CCCO1,9.827438,-6.1218543
20,mol303,-13.13,COc1ncnc(-c2cccc(-c3cccc(-c4cnc(CNCC5CCOCC5)c(OC)n4)c3Cl)c2Cl)n1,COc1ncnc(-c2cccc(-c3cccc(-c4cnc(CNCC5CCOCC5)c(OC)n4)c3Cl)c2Cl)n1,9.602418,-6.752298
120,mol301,-13.13,COc1nc(-c2cccc(-c3cccc(-c4cncnc4Cl)c3Cl)c2Cl)cnc1CNCC[C@@H]1CCCO1,COc1nc(-c2cccc(-c3cccc(-c4cncnc4Cl)c3Cl)c2Cl)cnc1CNCC[C@@H]1CCCO1,9.354502,-6.5277667
20,mol469,-13.13,COc1nc(-c2cccc(-c3cccc(-c4cnc(CNC[C@H]5CCC(=O)NC5)c(OC)n4)c3Cl)c2Cl)cnc1CNCC[C@H]1CCCO1,COc1nc(-c2cccc(-c3cccc(-c4cnc(CNC[C@H]5CCC(=O)NC5)c(OC)n4)c3Cl)c2Cl)cnc1CNCC[C@H]1CCCO1,9.920649,-6.140967
130,mol57,-13.13,COc1nc(-c2cccc(-c3cccc(-c4cncc(CNC[C@H]5CCC(=O)N5)c4Cl)c3Cl)c2Cl)cnc1CNCC[C@@H]1CCCO1,COc1nc(-c2cccc(-c3cccc(-c4cncc(CNC[C@H]5CCC(=O)N5)c4Cl)c3Cl)c2Cl)cnc1CNCC[C@@H]1CCCO1,9.635496,-6.323256
40,mol396,-13.13,OCc1cnc(-c2cccc(-c3ccnc(-c4cccc(CNC5CC5)c4)c3Cl)c2Cl)cn1,OCc1cnc(-c2cccc(-c3ccnc(-c4cccc(CNC5CC5)c4)c3Cl)c2Cl)cn1,7.481141,-6.1433425
40,mol234,-13.13,COc1nc(-c2cccc(-c3cccc(-c4cnc(CNC[C@@H]5CCC(=O)N5)c(OC)n4)c3Cl)c2Cl)cnc1CNCC1CCC1,COc1nc(-c2cccc(-c3cccc(-c4cnc(CNC[C@@H]5CCC(=O)N5)c(OC)n4)c3Cl)c2Cl)cnc1CNCC1CCC1,9.64849,-6.570853
20,mol81,-13.12,CCOc1nc(-c2cccc(-c3cccc(-c4cnc(CNC[C@H]5CCC(=O)N5)c(OC)c4)c3Cl)c2Cl)cnc1CNCC[C@H]1CCCO1,CCOc1nc(-c2cccc(-c3cccc(-c4cnc(CNC[C@H]5CCC(=O)N5)c(OC)c4)c3Cl)c2Cl)cnc1CNCC[C@H]1CCCO1,9.219085,-6.6532035
90,mol444,-13.12,COc1nc(-c2cccc(-c3cccc(-c4ncnc(OC)c4CO)c3Cl)c2Cl)cnc1CNC[C@@H]1CCC(=O)N1,COc1nc(-c2cccc(-c3cccc(-c4ncnc(OC)c4CO)c3Cl)c2Cl)cnc1CNC[C@@H]1CCC(=O)N1,9.639107,-5.278748
40,mol140,-13.12,COc1nc(-c2cccc(-c3cccc(-c4cnc(OC[C@H]5CCC(=O)N5)c(OC)n4)c3Cl)c2Cl)cnc1CNC[C@@H]1CCCO1,COc1nc(-c2cccc(-c3cccc(-c4cnc(OC[C@H]5CCC(=O)N5)c(OC)n4)c3Cl)c2Cl)cnc1CNC[C@@H]1CCCO1,9.436404,-6.5304623
70,mol40,-13.12,COc1nc(-c2cccc(-c3cccc(-c4cccc(CNC[C@@H]5CCC(=O)N5)c4Cl)c3Cl)c2Cl)cnc1CNCCC1CCCC1,COc1nc(-c2cccc(-c3cccc(-c4cccc(CNC[C@@H]5CCC(=O)N5)c4Cl)c3Cl)c2Cl)cnc1CNCCC1CCCC1,9.469783,-6.9343843
70,mol30,-13.12,COc1nc(-c2cccc(-c3cccc(-c4cnc(CNC[C@H]5CCC(=O)N5)c(OC)n4)c3Cl)c2Cl)cnc1CCCCC[C@H]1CCCO1,COc1nc(-c2cccc(-c3cccc(-c4cnc(CNC[C@H]5CCC(=O)N5)c(OC)n4)c3Cl)c2Cl)cnc1CCCCC[C@H]1CCCO1,9.4744625,-6.450864
10,mol471,-13.12,COc1nc(-c2cccc(-c3cccc(-c4cnc(OC[C@@H]5CCOC5)c(OC)n4)c3Cl)c2Cl)cnc1CNC[C@@H]1CCC(=O)NC1,COc1nc(-c2cccc(-c3cccc(-c4cnc(OC[C@@H]5CCOC5)c(OC)n4)c3Cl)c2Cl)cnc1CNC[C@@H]1CCC(=O)NC1,9.493704,-6.152794
100,mol386,-13.12,COc1nc(-c2cccc(-c3cccc(-c4cnc(CNC[C@@H]5CCC(=O)N5)c(OC)n4)c3Cl)c2Cl)cnc1CO,COc1nc(-c2cccc(-c3cccc(-c4cnc(CNC[C@@H]5CCC(=O)N5)c(OC)n4)c3Cl)c2Cl)cnc1CO,9.677156,-5.3842206
70,mol399,-13.12,O=C1CC[C@H](CNCc2ncc(-c3cccc(-c4ccc(-c5cnc(C[C@H]6CCCO6)c(O)n5)c(Cl)c4)c3Cl)cc2O)N1,O=C1CC[C@H](CNCc2ncc(-c3cccc(-c4ccc(-c5cnc(C[C@H]6CCCO6)c(O)n5)c(Cl)c4)c3Cl)cc2O)N1,8.097695,-6.117532
60,mol203,-13.12,COc1nc(-c2cccc(-c3cccc(-c4cnc(OC[C@@H]5CCC(=O)N5)c(OC)n4)c3Cl)c2Cl)cnc1CNCCC1CCCC1,COc1nc(-c2cccc(-c3cccc(-c4cnc(OC[C@@H]5CCC(=O)N5)c(OC)n4)c3Cl)c2Cl)cnc1CNCCC1CCCC1,9.249016,-7.1122513
70,mol410,-13.12,COc1nc(-c2cccc(-c3cccc(-c4cnc(C5CCC5)c(OC)n4)c3Cl)c2Cl)cnc1CNC[C@@H]1CCC(=O)N1,COc1nc(-c2cccc(-c3cccc(-c4cnc(C5CCC5)c(OC)n4)c3Cl)c2Cl)cnc1CNC[C@@H]1CCC(=O)N1,9.335011,-6.736441
30,mol162,-13.12,COc1nc(-c2cccc(-c3ccnc(-c4cnc(CNC(=O)N5CC[C@@H](O)C5)c(OC)c4Cl)c3Cl)c2Cl)cnc1CNCC[C@H]1CCCO1,COc1nc(-c2cccc(-c3ccnc(-c4cnc(CNC(=O)N5CC[C@@H](O)C5)c(OC)c4Cl)c3Cl)c2Cl)cnc1CNCC[C@H]1CCCO1,9.5444145,-6.065867
80,mol488,-13.12,COc1nc(-c2cccc(-c3cccc(-c4cnc(CNC[C@@H]5CCC(=O)N5)c(OC)n4)c3Cl)c2Cl)cnc1CCC1CCC1,COc1nc(-c2cccc(-c3cccc(-c4cnc(CNC[C@@H]5CCC(=O)N5)c(OC)n4)c3Cl)c2Cl)cnc1CCC1CCC1,9.344412,-6.9758086
80,mol167,-13.11,COc1nc(-c2cccc(-c3cccc(-c4cnc(COCC[C@@H]5CCCO5)c(OC)n4)c3Cl)c2Cl)cnc1CNC[C@H]1CCC(=O)N1,COc1nc(-c2cccc(-c3cccc(-c4cnc(COCC[C@@H]5CCCO5)c(OC)n4)c3Cl)c2Cl)cnc1CNC[C@H]1CCC(=O)N1,9.546097,-6.431298
110,mol47,-13.11,COc1nc(-c2cccc(-c3cccc(-c4cnc(=O)c(OC[C@H]5CCC(=O)N5)c(OC)n4)c3Cl)c2Cl)cnc1CNCC[C@H]1CCCO1,COc1nc(-c2cccc(-c3cccc(-c4cnc(=O)c(OC[C@H]5CCC(=O)N5)c(OC)n4)c3Cl)c2Cl)cnc1CNCC[C@H]1CCCO1,9.667485,-6.488287
20,mol458,-13.11,COc1ncnc(-c2cccc(-c3cccc(-c4cnc(CCNC[C@H]5CCC(=O)N5)c(OC)n4)c3Cl)c2Cl)n1,COc1ncnc(-c2cccc(-c3cccc(-c4cnc(CCNC[C@H]5CCC(=O)N5)c(OC)n4)c3Cl)c2Cl)n1,9.672805,-5.4716907
30,mol468,-13.11,COc1nc(-c2cccc(-c3cccc(-c4cnc(NCC[C@H]5CCCO5)c(OC)n4)c3Cl)c2Cl)cnc1CNC[C@H]1CCC(=O)N1,COc1nc(-c2cccc(-c3cccc(-c4cnc(NCC[C@H]5CCCO5)c(OC)n4)c3Cl)c2Cl)cnc1CNC[C@H]1CCC(=O)N1,9.599604,-6.142321
70,mol404,-13.11,COc1nc(-c2cccc(-c3cccc(-c4cnc(C(C)C)c(OC[C@@H]5CCC(=O)N5)c4Cl)c3Cl)c2Cl)cnc1CC[C@@H]1CCCO1,COc1nc(-c2cccc(-c3cccc(-c4cnc(C(C)C)c(OC[C@@H]5CCC(=O)N5)c4Cl)c3Cl)c2Cl)cnc1CC[C@@H]1CCCO1,9.2685175,-6.867485
80,mol283,-13.11,O=C1CC[C@@H](CNCc2ncc(-c3cccc(-c4cccc(-c5cnc([C@H]6CCOC6)cn5)c4Cl)c3Cl)nc2O)N1,O=C1CC[C@@H](CNCc2ncc(-c3cccc(-c4cccc(-c5cnc([C@H]6CCOC6)cn5)c4Cl)c3Cl)nc2O)N1,8.892544,-6.1469045
120,mol85,-13.11,Oc1cc(-c2cccc(-c3cccc(-c4cncnc4)c3Cl)c2Cl)ncc1Cl,Oc1cc(-c2cccc(-c3cccc(-c4cncnc4)c3Cl)c2Cl)ncc1Cl,7.5409594,-6.9827156
110,mol381,-13.11,COc1nc(-c2cccc(-c3cccc(-c4cnc(NC[C@@H]5CCC(=O)N5)c(OC)n4)c3Cl)c2Cl)cnc1CNC[C@H]1CCCO1,COc1nc(-c2cccc(-c3cccc(-c4cnc(NC[C@@H]5CCC(=O)N5)c(OC)n4)c3Cl)c2Cl)cnc1CNC[C@H]1CCCO1,9.5102415,-6.2361217
110,mol81,-13.11,COc1nc(-c2cccc(-c3cccc(-c4cnc(CNC[C@H]5CCOCO5)c(OC)n4)c3Cl)c2Cl)cnc1CNC[C@@H]1CCC(=O)N1,COc1nc(-c2cccc(-c3cccc(-c4cnc(CNC[C@H]5CCOCO5)c(OC)n4)c3Cl)c2Cl)cnc1CNC[C@@H]1CCC(=O)N1,9.7677965,-6.249021
10,mol270,-13.1,COc1nc(-c2cccc(-c3cccc(-c4cnc(N)nc4Cl)c3Cl)c2Cl)cnc1NCC[C@H]1CCCO1,COc1nc(-c2cccc(-c3cccc(-c4cnc(N)nc4Cl)c3Cl)c2Cl)cnc1NCC[C@H]1CCCO1,9.181571,-6.659768
20,mol247,-13.1,COc1nc(-c2cccc(-c3cccc(-c4cnc(OC[C@@H]5CCCO5)c(OC)n4)c3Cl)c2Cl)cnc1CN[C@@H]1CCC(=O)N1,COc1nc(-c2cccc(-c3cccc(-c4cnc(OC[C@@H]5CCCO5)c(OC)n4)c3Cl)c2Cl)cnc1CN[C@@H]1CCC(=O)N1,9.559516,-6.6479554
80,mol263,-13.1,COc1nc(-c2cccc(-c3cccc(-c4cncc(CNC[C@H]5CCC(=O)N5)c4Cl)c3Cl)c2Cl)cnc1CCCCO,COc1nc(-c2cccc(-c3cccc(-c4cncc(CNC[C@H]5CCC(=O)N5)c4Cl)c3Cl)c2Cl)cnc1CCCCO,9.450383,-6.5740423
30,mol130,-13.1,COc1nc(-c2cccc(-c3cccc(-c4cnc([C@@H]5CCC(=O)N5)c(OC)n4)c3Cl)c2Cl)cnc1OC[C@H]1CCCO1,COc1nc(-c2cccc(-c3cccc(-c4cnc([C@@H]5CCC(=O)N5)c(OC)n4)c3Cl)c2Cl)cnc1OC[C@H]1CCCO1,9.25058,-6.804459
70,mol182,-13.1,COc1nc(-c2cccc(-c3ccnc(-c4ccc(CNC[C@@H]5CCC(=O)N5)c(OC)c4Cl)c3Cl)c2Cl)cnc1CCCC1CCCC1,COc1nc(-c2cccc(-c3ccnc(-c4ccc(CNC[C@@H]5CCC(=O)N5)c(OC)c4Cl)c3Cl)c2Cl)cnc1CCCC1CCCC1,9.0969,-6.7828913
10,mol355,-13.1,COc1nc(-c2cccc(-c3cccc(-c4cnc(OCCC[C@@H]5CCCO5)c(OC)n4)c3Cl)c2Cl)cnc1CNC[C@H]1CCC(=O)NC1,COc1nc(-c2cccc(-c3cccc(-c4cnc(OCCC[C@@H]5CCCO5)c(OC)n4)c3Cl)c2Cl)cnc1CNC[C@H]1CCC(=O)NC1,9.581125,-6.4421353
40,mol73,-13.1,COc1nc(-c2cccc(-c3cccc(-c4cnc(CNCC5CCCCC5)nc4)c3Cl)c2Cl)cnc1CNC[C@@H]1CCCO1,COc1nc(-c2cccc(-c3cccc(-c4cnc(CNCC5CCCCC5)nc4)c3Cl)c2Cl)cnc1CNC[C@@H]1CCCO1,9.051031,-6.8150487
30,mol396,-13.09,COc1nc(-c2cccc(-c3cccc(-c4cnc(OCC[C@H]5CCCO5)c(OC)n4)c3Cl)c2Cl)cnc1CNC[C@H]1CCC(=O)N1,COc1nc(-c2cccc(-c3cccc(-c4cnc(OCC[C@H]5CCCO5)c(OC)n4)c3Cl)c2Cl)cnc1CNC[C@H]1CCC(=O)N1,9.5916395,-6.508764
20,mol476,-13.09,CO/C1=N/C(c2ccc(-c3cccc(-c4cnc(CNC[C@@H]5CCC(=O)N5)c(OC)n4)c3Cl)cc2Cl)=N\C2=N/OCCC[C@@H]1CCNC2,CO/C1=N/C(c2ccc(-c3cccc(-c4cnc(CNC[C@@H]5CCC(=O)N5)c(OC)n4)c3Cl)cc2Cl)=N\C2=N/OCCC[C@@H]1CCNC2,9.513039,-5.8272753
70,mol227,-13.09,CCOc1nc(-c2cccc(-c3cccc(-c4cnc(CNC[C@H]5CCC(=O)N5)c(OC)n4)c3Cl)c2Cl)cnc1CNCCC1CCCC1,CCOc1nc(-c2cccc(-c3cccc(-c4cnc(CNC[C@H]5CCC(=O)N5)c(OC)n4)c3Cl)c2Cl)cnc1CNCCC1CCCC1,9.420096,-6.843486
100,mol184,-13.09,COc1nc(-c2cccc(-c3cccc(-c4cnc(CN[C@@H]5CCCO5)c(OC)n4)c3Cl)c2Cl)cnc1CNCC[C@H]1CCCO1,COc1nc(-c2cccc(-c3cccc(-c4cnc(CN[C@@H]5CCCO5)c(OC)n4)c3Cl)c2Cl)cnc1CNCC[C@H]1CCCO1,9.336309,-6.18952
10,mol302,-13.08,O=C1CC[C@@H](CNCc2ncc(-c3cccc(-c4cccc(-c5cn(CCNC[C@@H]6CCOC6)cn5)c4Cl)c3Cl)nc2O)N1,O=C1CC[C@@H](CNCc2ncc(-c3cccc(-c4cccc(-c5cn(CCNC[C@@H]6CCOC6)cn5)c4Cl)c3Cl)nc2O)N1,8.969,-4.171375
60,mol136,-13.08,COc1cc(-c2cccc(-c3cccc(-c4cncc(CNC[C@@H]5CCC(=O)N5)c4Cl)c3Cl)c2Cl)cnc1CNCC[C@@H]1CCCO1,COc1cc(-c2cccc(-c3cccc(-c4cncc(CNC[C@@H]5CCC(=O)N5)c4Cl)c3Cl)c2Cl)cnc1CNCC[C@@H]1CCCO1,8.454403,-6.8314385
50,mol372,-13.08,COc1nc(-c2cccc(-c3cccc(-c4cncc(CNC[C@H]5CCC(=O)N5)c4)c3Cl)c2Cl)cnc1CNCCC1CCCC1,COc1nc(-c2cccc(-c3cccc(-c4cncc(CNC[C@H]5CCC(=O)N5)c4)c3Cl)c2Cl)cnc1CNCCC1CCCC1,9.428321,-6.7425103
60,mol285,-13.08,CCOc1cnc(-c2cccc(-c3cccc(-c4cnc(CNC[C@H]5CCC(=O)N5)c(OC)c4)c3Cl)c2Cl)cn1,CCOc1cnc(-c2cccc(-c3cccc(-c4cnc(CNC[C@H]5CCC(=O)N5)c(OC)c4)c3Cl)c2Cl)cn1,8.645794,-7.0419054
40,mol239,-13.07,COc1nc(-c2cccc(-c3cccc(-c4cnc(CN[C@H]5CCC(=O)N5)c(OC)n4)c3Cl)c2Cl)cnc1CNCCC(C)C,COc1nc(-c2cccc(-c3cccc(-c4cnc(CN[C@H]5CCC(=O)N5)c(OC)n4)c3Cl)c2Cl)cnc1CNCCC(C)C,9.493167,-6.610691
120,mol177,-13.07,COc1nc(-c2cccc(-c3cccc(-c4cnc(CNC5CCC5)c(OC[C@H]5CCC(=O)N5)c4Cl)c3Cl)c2Cl)cnc1CNCC[C@@H]1CCCO1,COc1nc(-c2cccc(-c3cccc(-c4cnc(CNC5CCC5)c(OC[C@H]5CCC(=O)N5)c4Cl)c3Cl)c2Cl)cnc1CNCC[C@@H]1CCCO1,9.121534,-6.7493463
60,mol217,-13.07,COc1nc(-c2cccc(-c3cccc(-c4cnc(CNC[C@H]5CCC(=O)N5)c(OC)n4)c3Cl)c2Cl)cnc1CCCC1CCC1,COc1nc(-c2cccc(-c3cccc(-c4cnc(CNC[C@H]5CCC(=O)N5)c(OC)n4)c3Cl)c2Cl)cnc1CCCC1CCC1,9.256087,-6.872621
30,mol299,-13.07,COc1ncc(-c2cccc(-c3cccc(-c4cnc([C@@H](CC(=O)O)[C@H]5CCC(=O)N5)c(OC)n4)c3Cl)c2Cl)cn1,COc1ncc(-c2cccc(-c3cccc(-c4cnc([C@@H](CC(=O)O)[C@H]5CCC(=O)N5)c(OC)n4)c3Cl)c2Cl)cn1,9.712788,-6.314841
110,mol489,-13.06,COc1nc(-c2cccc(-c3cccc(-c4cnc(CNC[C@H]5CCC(=O)N5)c(OC)n4)c3Cl)c2Cl)cnc1CNCCC1CC1,COc1nc(-c2cccc(-c3cccc(-c4cnc(CNC[C@H]5CCC(=O)N5)c(OC)n4)c3Cl)c2Cl)cnc1CNCCC1CC1,9.746527,-6.496225
50,mol109,-13.06,COc1cnc(-c2cccc(-c3cccc(-c4cnc(CNC[C@@H]5CCC(=O)N5)c(OC)n4)c3Cl)c2Cl)nc1C[C@@H]1CCCO1,COc1cnc(-c2cccc(-c3cccc(-c4cnc(CNC[C@@H]5CCC(=O)N5)c(OC)n4)c3Cl)c2Cl)nc1C[C@@H]1CCCO1,9.537392,-6.195301
50,mol400,-13.06,COc1nc(-c2cccc(-c3cccc(-c4ccnc(CNC[C@@H]5CCCO5)c4Cl)c3Cl)c2Cl)cnc1CNCCC1CCCC1,COc1nc(-c2cccc(-c3cccc(-c4ccnc(CNC[C@@H]5CCCO5)c4Cl)c3Cl)c2Cl)cnc1CNCCC1CCCC1,9.265163,-6.724104
100,mol144,-13.06,COc1nc(-c2cccc(-c3cccc(-c4cnc(CNC[C@H]5CCC5=O)c(OC)n4)c3Cl)c2Cl)cnc1CNCC[C@H]1CCCO1,COc1nc(-c2cccc(-c3cccc(-c4cnc(CNC[C@H]5CCC5=O)c(OC)n4)c3Cl)c2Cl)cnc1CNCC[C@H]1CCCO1,9.5685835,-6.256841
70,mol405,-13.06,COc1nc(-c2cccc(-c3cccc(-c4cnc(CNC[C@H]5CCC(=O)N5)c(OC)n4)c3Cl)c2Cl)cnc1CCOC[C@@H]1CCCO1,COc1nc(-c2cccc(-c3cccc(-c4cnc(CNC[C@H]5CCC(=O)N5)c(OC)n4)c3Cl)c2Cl)cnc1CCOC[C@@H]1CCCO1,9.637245,-6.3192573
20,mol257,-13.06,COc1nc(-c2cccc(-c3cccc(-c4cnc(NC[C@@H]5CCOC5)c(OC)n4)c3Cl)c2Cl)cnc1CNC[C@@H]1CCC(=O)N1,COc1nc(-c2cccc(-c3cccc(-c4cnc(NC[C@@H]5CCOC5)c(OC)n4)c3Cl)c2Cl)cnc1CNC[C@@H]1CCC(=O)N1,9.529875,-5.8606715
30,mol123,-13.05,COc1nc(-c2cccc(-c3cccc(-c4cnc(CNC[C@H]5CC[C@H](OC)CC5)c(OC)n4)c3Cl)c2Cl)cnc1CNC[C@@H]1CCC(=O)O1,COc1nc(-c2cccc(-c3cccc(-c4cnc(CNC[C@H]5CC[C@H](OC)CC5)c(OC)n4)c3Cl)c2Cl)cnc1CNC[C@@H]1CCC(=O)O1,9.161453,-6.8294773
30,mol63,-13.05,COc1nc(-c2cccc(-c3cccc(-c4cnc(CNC[C@H]5CCCO5)c(OC)n4)c3Cl)c2)cnc1CNC[C@H]1CCC(=O)N1,COc1nc(-c2cccc(-c3cccc(-c4cnc(CNC[C@H]5CCCO5)c(OC)n4)c3Cl)c2)cnc1CNC[C@H]1CCC(=O)N1,9.65219,-4.8016677
120,mol1,-13.05,COc1nc(-c2cccc(-c3cccc(-c4cnc(CNC[C@@H]5CCC(=O)N5)c(O)n4)c3Cl)c2Cl)cnc1CNCCC1CCOCC1,COc1nc(-c2cccc(-c3cccc(-c4cnc(CNC[C@@H]5CCC(=O)N5)c(O)n4)c3Cl)c2Cl)cnc1CNCCC1CCOCC1,9.98279,-6.385679
20,mol20,-13.05,COc1nc(-c2nccc(-c3cccc(-c4cnc([C@H]5CCOC5)cn4)c3Cl)c2Cl)cnc1CNC[C@@H]1CCC(=O)N1,COc1nc(-c2nccc(-c3cccc(-c4cnc([C@H]5CCOC5)cn4)c3Cl)c2Cl)cnc1CNC[C@@H]1CCC(=O)N1,9.52861,-5.9209576
30,mol65,-13.05,COc1nc(-c2cccc(-c3cccc(-c4cnc(CNCC[C@@H]5CCCCO5)c(OC)n4)c3Cl)c2Cl)cnc1CC[C@@H]1CCC(=O)N1,COc1nc(-c2cccc(-c3cccc(-c4cnc(CNCC[C@@H]5CCCCO5)c(OC)n4)c3Cl)c2Cl)cnc1CC[C@@H]1CCC(=O)N1,9.565776,-6.293094
30,mol155,-13.05,COc1nc(-c2cccc(-c3cccc(-c4cnc(CNC[C@H]5CCC(=O)N5)cn4)c3Cl)c2Cl)cnc1OC[C@@H]1CCOC1,COc1nc(-c2cccc(-c3cccc(-c4cnc(CNC[C@H]5CCC(=O)N5)cn4)c3Cl)c2Cl)cnc1OC[C@@H]1CCOC1,9.425821,-6.3123317
40,mol371,-13.05,COc1cnc(-c2cccc(-c3cccc(-c4cnc(CNC[C@@H]5CCC(=O)N5)c(OC)n4)c3Cl)c2Cl)nc1,COc1cnc(-c2cccc(-c3cccc(-c4cnc(CNC[C@@H]5CCC(=O)N5)c(OC)n4)c3Cl)c2Cl)nc1,9.54378,-6.2031417
30,mol271,-13.05,COc1nc(-c2cccc(-c3cccc(-c4nc(CNC[C@H]5CCC(=O)N5)c(OC)n4C)c3Cl)c2Cl)cnc1CNCC[C@H]1CCCO1,COc1nc(-c2cccc(-c3cccc(-c4nc(CNC[C@H]5CCC(=O)N5)c(OC)n4C)c3Cl)c2Cl)cnc1CNCC[C@H]1CCCO1,9.930772,-5.755841
10,mol265,-13.05,COc1nc(-c2cccc(-c3cccc(-c4cnc(NCC[C@H]5CCCO5)c(OC)n4)c3Cl)c2Cl)cnc1CN[C@H]1CCC(=O)N1,COc1nc(-c2cccc(-c3cccc(-c4cnc(NCC[C@H]5CCCO5)c(OC)n4)c3Cl)c2Cl)cnc1CN[C@H]1CCC(=O)N1,9.486102,-6.310094
90,mol466,-13.05,COc1nc(-c2cccc(-c3cccc(-c4cnc(CNC[C@@H]5CCC(=O)O5)c(OC)n4)c3Cl)c2Cl)cnc1CNCC[C@H]1CCCO1,COc1nc(-c2cccc(-c3cccc(-c4cnc(CNC[C@@H]5CCC(=O)O5)c(OC)n4)c3Cl)c2Cl)cnc1CNCC[C@H]1CCCO1,9.431698,-6.3951845
70,mol153,-13.05,COc1cnc(-c2cccc(-c3cccc(-c4cnc(CNC[C@@H]5CCC(=O)N5)c(OC)n4)c3Cl)c2Cl)cn1,COc1cnc(-c2cccc(-c3cccc(-c4cnc(CNC[C@@H]5CCC(=O)N5)c(OC)n4)c3Cl)c2Cl)cn1,9.578114,-6.2900505
80,mol294,-13.04,COc1nc(-c2cccc(-c3cccc(-n4cnc(CNC[C@@H]5CCC(=O)N(C)C5)c4Cl)c3Cl)c2Cl)cnc1CNCCC1CCC1,COc1nc(-c2cccc(-c3cccc(-n4cnc(CNC[C@@H]5CCC(=O)N(C)C5)c4Cl)c3Cl)c2Cl)cnc1CNCCC1CCC1,9.545778,-6.6585183
60,mol37,-13.04,Oc1nc(-c2cccc(-c3cccc(-c4cncnc4)c3Cl)c2Cl)cnc1C[C@H]1CCCO1,Oc1nc(-c2cccc(-c3cccc(-c4cncnc4)c3Cl)c2Cl)cnc1C[C@H]1CCCO1,8.054132,-6.302552
130,mol310,-13.04,O=C1CC[C@H](COc2ncc(-c3cccc(-c4cccc(-c5cnc(C[C@H]6CCCO6)cn5)c4Cl)c3Cl)nc2OCC2CC2)N1,O=C1CC[C@H](COc2ncc(-c3cccc(-c4cccc(-c5cnc(C[C@H]6CCCO6)cn5)c4Cl)c3Cl)nc2OCC2CC2)N1,8.499116,-6.8694096
60,mol402,-13.04,COc1nc(-c2cccc(-c3cccc(-c4cnc(C5CC5)c(OC[C@@H]5CCC(=O)N5)c4Cl)c3Cl)c2Cl)cnc1CNCC[C@H]1CCCO1,COc1nc(-c2cccc(-c3cccc(-c4cnc(C5CC5)c(OC[C@@H]5CCC(=O)N5)c4Cl)c3Cl)c2Cl)cnc1CNCC[C@H]1CCCO1,9.463798,-6.6125584
110,mol89,-13.03,COc1nc(-c2cccc(-c3cccc(-c4cnc(NCC[C@H]5CCCO5)c(OC)n4)c3Cl)c2Cl)cnc1CNCC1CCOCC1,COc1nc(-c2cccc(-c3cccc(-c4cnc(NCC[C@H]5CCCO5)c(OC)n4)c3Cl)c2Cl)cnc1CNCC1CCOCC1,9.232478,-6.43037
20,mol456,-13.03,COc1nc(-c2cccc(-c3cccc(-c4cnc(OCCCn5cnnn5)c(OC)n4)c3Cl)c2Cl)cnc1CNC[C@H]1CCC(=O)N1,COc1nc(-c2cccc(-c3cccc(-c4cnc(OCCCn5cnnn5)c(OC)n4)c3Cl)c2Cl)cnc1CNC[C@H]1CCC(=O)N1,9.671031,-5.10584
80,mol57,-13.03,COc1nc(-c2cccc(-c3cccc(-c4cnc(C[C@H]5CCC(=O)N5)c(OC)n4)c3Cl)c2Cl)cnc1CCC[C@@H]1CCCO1,COc1nc(-c2cccc(-c3cccc(-c4cnc(C[C@H]5CCC(=O)N5)c(OC)n4)c3Cl)c2Cl)cnc1CCC[C@@H]1CCCO1,9.288889,-6.2206116
70,mol490,-13.03,COc1nc(-c2cccc(-c3cccc(-c4cn(CC[C@@H]5CCCO5)c(OC)n4)c3Cl)c2Cl)cnc1CNC[C@H]1CCC(=O)N1,COc1nc(-c2cccc(-c3cccc(-c4cn(CC[C@@H]5CCCO5)c(OC)n4)c3Cl)c2Cl)cnc1CNC[C@H]1CCC(=O)N1,9.719483,-5.8194036
30,mol1,-13.02,COc1nc(-c2cccc(-c3cccc(-c4cnc(OCC[C@H]5CCCO5)c(OC)n4)c3Cl)c2Cl)cnc1CN[C@H]1CCC(=O)N1,COc1nc(-c2cccc(-c3cccc(-c4cnc(OCC[C@H]5CCCO5)c(OC)n4)c3Cl)c2Cl)cnc1CN[C@H]1CCC(=O)N1,9.515608,-6.7343817
50,mol126,-13.02,COc1nc(-c2cccc(-c3cccc(-c4cnc(CNC[C@@H]5CCC(=O)N5)c(OC)n4)c3Cl)c2)cnc1CC[C@H]1CCCO1,COc1nc(-c2cccc(-c3cccc(-c4cnc(CNC[C@@H]5CCC(=O)N5)c(OC)n4)c3Cl)c2)cnc1CC[C@H]1CCCO1,9.631202,-6.0756626
70,mol334,-13.02,COc1nc(-c2cccc(-c3cccc(-c4cnc(CNC[C@@H]5CCC(=O)N5)c(OC)n4)c3Cl)c2Cl)cnc1CCCn1cncn1,COc1nc(-c2cccc(-c3cccc(-c4cnc(CNC[C@@H]5CCC(=O)N5)c(OC)n4)c3Cl)c2Cl)cnc1CCCn1cncn1,9.628554,-6.3098164
110,mol368,-13.02,COc1nc(-c2cccc(-c3cccc(-c4cnc(CNC[C@@H]5CCC(=O)N5)c(OC)n4)c3Cl)c2Cl)cnc1CNCC[C@@H]1CCOC1,COc1nc(-c2cccc(-c3cccc(-c4cnc(CNC[C@@H]5CCC(=O)N5)c(OC)n4)c3Cl)c2Cl)cnc1CNCC[C@@H]1CCOC1,9.959048,-5.8793755
100,mol133,-13.02,COc1ncc(-c2cccc(-c3cccc(-c4cnc(OC[C@@H]5CCC(=O)N5)c(OC)n4)c3Cl)c2Cl)cn1,COc1ncc(-c2cccc(-c3cccc(-c4cnc(OC[C@@H]5CCC(=O)N5)c(OC)n4)c3Cl)c2Cl)cn1,9.433871,-6.756089
10,mol151,-13.02,COc1nc(-c2cccc(-c3cccc(-c4cnc(CN5CCC(OC)CC5)c(OC)n4)c3Cl)c2Cl)cnc1CNC[C@H]1CCC(=O)N1,COc1nc(-c2cccc(-c3cccc(-c4cnc(CN5CCC(OC)CC5)c(OC)n4)c3Cl)c2Cl)cnc1CNC[C@H]1CCC(=O)N1,9.58939,-6.149295
10,mol213,-13.02,O[C@H]1CC[C@@H](CNCc2cnc(-c3cccc(-c4cccc(-c5cnccn5)c4Cl)c3Cl)cn2)CC1,O[C@H]1CC[C@@H](CNCc2cnc(-c3cccc(-c4cccc(-c5cnccn5)c4Cl)c3Cl)cn2)CC1,8.275866,-6.085816
130,mol71,-13.02,COc1nc(-c2cccc(-c3cccc(-c4cnc(CNC[C@H]5CCC(=O)N5)c(OC)c4Cl)c3Cl)c2Cl)cnc1CNCCC1CCOCC1,COc1nc(-c2cccc(-c3cccc(-c4cnc(CNC[C@H]5CCC(=O)N5)c(OC)c4Cl)c3Cl)c2Cl)cnc1CNCCC1CCOCC1,9.606697,-6.6221843
10,mol132,-13.02,COc1nc(-c2cccc(-c3cccc(-c4cncc(CNCC5CC5)c4)c3Cl)c2Cl)cnc1CNCC[C@@H]1CCCO1,COc1nc(-c2cccc(-c3cccc(-c4cncc(CNCC5CC5)c4)c3Cl)c2Cl)cnc1CNCC[C@@H]1CCCO1,9.237403,-6.425535
80,mol393,-13.01,COc1nc(-c2cccc(-c3cccc(-c4cnc(CNC[C@H]5CCC(=O)N5)c(OC)n4)c3Cl)c2Cl)cnc1CCC1CCCC1,COc1nc(-c2cccc(-c3cccc(-c4cnc(CNC[C@H]5CCC(=O)N5)c(OC)n4)c3Cl)c2Cl)cnc1CCC1CCCC1,9.248151,-7.0299144
80,mol214,-13.01,COc1nc(-c2cccc(-c3cccc(-c4cccc(CN)c4Cl)c3Cl)c2Cl)cnc1CCNCC[C@H]1CCCO1,COc1nc(-c2cccc(-c3cccc(-c4cccc(CN)c4Cl)c3Cl)c2Cl)cnc1CCNCC[C@H]1CCCO1,9.074959,-6.345964
20,mol300,-13.01,COc1nc(-c2cccc(-c3cccc(-c4cnc(OCCCC5CCOCC5)c(OC)n4)c3Cl)c2Cl)cnc1CNC[C@H]1CCC(=O)N1,COc1nc(-c2cccc(-c3cccc(-c4cnc(OCCCC5CCOCC5)c(OC)n4)c3Cl)c2Cl)cnc1CNC[C@H]1CCC(=O)N1,9.418423,-6.778409
80,mol422,-13.01,COc1nc(-c2cccc(-c3cccc(-c4cnc(CNC[C@@H]5CCC(=O)N5)c(OC)n4)c3Cl)c2Cl)cnc1CCCCCn1cnc(C)c1,COc1nc(-c2cccc(-c3cccc(-c4cnc(CNC[C@@H]5CCC(=O)N5)c(OC)n4)c3Cl)c2Cl)cnc1CCCCCn1cnc(C)c1,9.287102,-6.4477735
90,mol197,-13.01,COc1nc(-c2cccc(-c3cccc(-c4cnc(CNC[C@H]5CCC(=O)N5)c(OC)n4)c3Cl)c2Cl)cnc1CCO,COc1nc(-c2cccc(-c3cccc(-c4cnc(CNC[C@H]5CCC(=O)N5)c(OC)n4)c3Cl)c2Cl)cnc1CCO,9.752292,-5.264793
80,mol388,-13.01,COc1nc(-c2cccc(-c3cccc(-c4cccnc4CNCCC(=O)O)c3Cl)c2Cl)cnc1CC1CCCC1,COc1nc(-c2cccc(-c3cccc(-c4cccnc4CNCCC(=O)O)c3Cl)c2Cl)cnc1CC1CCCC1,9.367732,-6.6534224
60,mol3,-13.0,COc1nc(-c2cccc(-c3cccc(-c4cnc(=O)n(C)c4)c3Cl)c2Cl)cnc1CNCCC1CCC1,COc1nc(-c2cccc(-c3cccc(-c4cnc(=O)n(C)c4)c3Cl)c2Cl)cnc1CNCCC1CCC1,9.274167,-6.6969795
80,mol327,-13.0,COc1nc(-c2cccc(-c3cccc(-c4cncnc4)c3Cl)c2Cl)cnc1CC1CCC1,COc1nc(-c2cccc(-c3cccc(-c4cncnc4)c3Cl)c2Cl)cnc1CC1CCC1,8.799788,-7.0177245
100,mol371,-13.0,COc1nc(-c2cccc(-c3cccc(-c4cncc(CNC[C@@H]5CCC(=O)N5)c4Cl)c3Cl)c2Cl)cnc1OCCN1CCCC1,COc1nc(-c2cccc(-c3cccc(-c4cncc(CNC[C@@H]5CCC(=O)N5)c4Cl)c3Cl)c2Cl)cnc1OCCN1CCCC1,9.324783,-6.527443
80,mol91,-13.0,COc1nc(-c2cccc(-c3cccc(-c4cncnc4)c3Cl)c2Cl)cnc1CCCC1CCCC1,COc1nc(-c2cccc(-c3cccc(-c4cncnc4)c3Cl)c2Cl)cnc1CCCC1CCCC1,8.777228,-6.7349787
20,mol224,-13.0,COc1nc(-c2cccc(-c3cccc(-c4cnc(CN[C@@H]5CCC(=O)N5)c(OC)n4)c3Cl)c2Cl)cnc1CNCCCC1CCOCC1,COc1nc(-c2cccc(-c3cccc(-c4cnc(CN[C@@H]5CCC(=O)N5)c(OC)n4)c3Cl)c2Cl)cnc1CNCCCC1CCOCC1,9.7071295,-6.5957894
40,mol350,-13.0,COc1nc(-c2cccc(-c3cccc(-c4cnn(C[C@H]5CCC(=O)N5)c4)c3Cl)c2Cl)cnc1CNCC[C@@H]1CCCO1,COc1nc(-c2cccc(-c3cccc(-c4cnn(C[C@H]5CCC(=O)N5)c4)c3Cl)c2Cl)cnc1CNCC[C@@H]1CCCO1,9.692343,-6.0565696
10,mol487,-12.99,CO/C1=N/C(c2cccc(-c3ccc(-c4cnc(CNC[C@H]5CCC(=O)N5)c(OC)n4)c(Cl)c3Cl)c2Cl)=N\C2=N\CC[C@H]1CCNC2,CO/C1=N/C(c2cccc(-c3ccc(-c4cnc(CNC[C@H]5CCC(=O)N5)c(OC)n4)c(Cl)c3Cl)c2Cl)=N\C2=N\CC[C@H]1CCNC2,9.502975,-6.246682
10,mol148,-12.99,COc1nc(-c2cccc(-c3cccc(-c4cnc(OC[C@@H]5CCOC5)c(OC)n4)c3Cl)c2Cl)cnc1CN[C@H]1CCC(=O)N1,COc1nc(-c2cccc(-c3cccc(-c4cnc(OC[C@@H]5CCOC5)c(OC)n4)c3Cl)c2Cl)cnc1CN[C@H]1CCC(=O)N1,9.506293,-6.2828546
80,mol430,-12.99,COc1nc(-c2cccc(-c3cccc(-c4cnc(C[C@H]5CCCN5CCCC5CCC5)c(OC)n4)c3Cl)c2Cl)cnc1CNC[C@H]1CCC(=O)N1,COc1nc(-c2cccc(-c3cccc(-c4cnc(C[C@H]5CCCN5CCCC5CCC5)c(OC)n4)c3Cl)c2Cl)cnc1CNC[C@H]1CCC(=O)N1,9.340956,-6.654708
60,mol277,-12.99,COc1nc(-c2cccc(-c3cccc(-c4cnc(CNC[C@H]5CCC(=O)N5)c(OC)n4)c3Cl)c2Cl)cnc1CNCCCC1CCCC1,COc1nc(-c2cccc(-c3cccc(-c4cnc(CNC[C@H]5CCC(=O)N5)c(OC)n4)c3Cl)c2Cl)cnc1CNCCCC1CCCC1,9.372124,-6.8871183
100,mol405,-12.99,Cc1nc(-c2cccc(-c3cccc(-c4cnc(CNC[C@@H]5CCC(=O)N5)c(OCO)c4Cl)c3Cl)c2Cl)cn1CC[C@@H]1CCCO1,Cc1nc(-c2cccc(-c3cccc(-c4cnc(CNC[C@@H]5CCC(=O)N5)c(OCO)c4Cl)c3Cl)c2Cl)cn1CC[C@@H]1CCCO1,8.606774,-6.221066
120,mol436,-12.99,COc1nc(-c2cccc(-c3cccc(-c4cnc(CN[C@@H]5CCC(=O)N5)c(OC)n4)c3Cl)c2Cl)cnc1CNCCC[C@H]1CCCO1,COc1nc(-c2cccc(-c3cccc(-c4cnc(CN[C@@H]5CCC(=O)N5)c(OC)n4)c3Cl)c2Cl)cnc1CNCCC[C@H]1CCCO1,9.796357,-6.2284694
60,mol102,-12.99,COc1nc(-c2cccc(-c3cccc(-c4cnc(CN5CCC(OCCO)CC5)c(OC)n4)c3Cl)c2Cl)cnc1CNC[C@H]1CCC(=O)N1,COc1nc(-c2cccc(-c3cccc(-c4cnc(CN5CCC(OCCO)CC5)c(OC)n4)c3Cl)c2Cl)cnc1CNC[C@H]1CCC(=O)N1,9.840143,-5.641592
50,mol271,-12.99,COCCOc1nc(-c2cccc(-c3cccc(-c4cnc(CNC[C@@H]5CCC(=O)N5)c(OC)n4)c3Cl)c2Cl)cnc1C[C@@H]1CCOC1,COCCOc1nc(-c2cccc(-c3cccc(-c4cnc(CNC[C@@H]5CCC(=O)N5)c(OC)n4)c3Cl)c2Cl)cnc1C[C@@H]1CCOC1,9.604544,-6.1031566
50,mol436,-12.98,COc1ncnc(-c2cccc(-c3cccc(-c4cnc(CNC[C@H]5CCC(=O)N5C)c(OC)n4)c3Cl)c2Cl)n1,COc1ncnc(-c2cccc(-c3cccc(-c4cnc(CNC[C@H]5CCC(=O)N5C)c(OC)n4)c3Cl)c2Cl)n1,9.625535,-5.4561515
40,mol258,-12.98,COc1ncc(-c2cccc(-c3cccc(-c4cnc(CNC[C@H]5CCC(=O)N5)c(OC)n4)c3Cl)c2CCl)cn1,COc1ncc(-c2cccc(-c3cccc(-c4cnc(CNC[C@H]5CCC(=O)N5)c(OC)n4)c3Cl)c2CCl)cn1,9.723099,-6.5054455
60,mol457,-12.98,COc1cc(-c2cccc(-c3cccc(-c4cnc(CNCCC5CCCC5)c(OC)n4)c3Cl)c2Cl)cnc1CNC[C@@H]1CCC(=O)N1,COc1cc(-c2cccc(-c3cccc(-c4cnc(CNCCC5CCCC5)c(OC)n4)c3Cl)c2Cl)cnc1CNC[C@@H]1CCC(=O)N1,9.446801,-7.1854815
70,mol183,-12.98,COc1nc(-c2cccc(-c3cccc(-c4cncnc4)c3Cl)c2Cl)cnc1CCc1cnccn1,COc1nc(-c2cccc(-c3cccc(-c4cncnc4)c3Cl)c2Cl)cnc1CCc1cnccn1,8.730737,-6.688307
20,mol355,-12.98,COc1nc(-c2cccc(-c3cccc(-c4cnc(CO)nc4Cl)c3Cl)c2Cl)cnc1CNCC[C@H]1CCCO1,COc1nc(-c2cccc(-c3cccc(-c4cnc(CO)nc4Cl)c3Cl)c2Cl)cnc1CNCC[C@H]1CCCO1,9.339888,-6.4789486
10,mol305,-12.98,COc1nc(-c2cccc(-c3cccc(-c4cnc(CN[C@@H]5CCC(=O)N5)c(OC)n4)c3Cl)c2Cl)cnc1CNC[C@H]1CCOC1,COc1nc(-c2cccc(-c3cccc(-c4cnc(CN[C@@H]5CCC(=O)N5)c(OC)n4)c3Cl)c2Cl)cnc1CNC[C@H]1CCOC1,9.782527,-5.913267
120,mol429,-12.98,COc1nc(-c2cccc(-c3cccc(-c4cnc(CNC[C@H]5CCC(=O)N5)c(OC)n4)c3Cl)c2Cl)cnc1CNCCC1CCOCC1,COc1nc(-c2cccc(-c3cccc(-c4cnc(CNC[C@H]5CCC(=O)N5)c(OC)n4)c3Cl)c2Cl)cnc1CNCCC1CCOCC1,9.860608,-6.3309727
30,mol183,-12.98,COc1nc(-c2cccc(-c3cccc(-c4cnc(OC[C@@H]5CCOC5)c(OC)n4)c3Cl)c2Cl)cnc1CC[C@H]1CCC(=O)N1,COc1nc(-c2cccc(-c3cccc(-c4cnc(OC[C@@H]5CCOC5)c(OC)n4)c3Cl)c2Cl)cnc1CC[C@H]1CCC(=O)N1,9.281055,-6.306921
20,mol215,-12.97,COc1nc(-c2cccc(-c3cccc(-c4cnc(OCCC[C@H]5CCCO5)c(OC)n4)c3Cl)c2Cl)cnc1CNC[C@H]1CCC(=O)N(C)C1,COc1nc(-c2cccc(-c3cccc(-c4cnc(OCCC[C@H]5CCCO5)c(OC)n4)c3Cl)c2Cl)cnc1CNC[C@H]1CCC(=O)N(C)C1,9.483921,-6.4323864
120,mol468,-12.97,Oc1nc(-c2cccc(-c3cccc(-c4cncnc4)c3Cl)c2Cl)cnc1CN1CCCC1,Oc1nc(-c2cccc(-c3cccc(-c4cncnc4)c3Cl)c2Cl)cnc1CN1CCCC1,8.102543,-6.229041
110,mol342,-12.97,COc1nc(-c2cccc(-c3cccc(-c4cnc(CNCC5(C(=O)O)CCCC5)c(OC)n4)c3Cl)c2Cl)cnc1CNCC[C@@H]1CCCO1,COc1nc(-c2cccc(-c3cccc(-c4cnc(CNCC5(C(=O)O)CCCC5)c(OC)n4)c3Cl)c2Cl)cnc1CNCC[C@@H]1CCCO1,9.919794,-6.384142
70,mol142,-12.97,COc1nc(-c2cccc(-c3cccc(-c4cccc(CNCC5CC5)c4)c3Cl)c2Cl)cnc1CNCC[C@@H]1CCCO1,COc1nc(-c2cccc(-c3cccc(-c4cccc(CNCC5CC5)c4)c3Cl)c2Cl)cnc1CNCC[C@@H]1CCCO1,9.206904,-6.554055
10,mol418,-12.97,COc1nc(-c2cccc(-c3cccc(-c4cnc(NCC[C@H]5CCOC5)c(OC)n4)c3Cl)c2Cl)cnc1CNC[C@H]1CCC(=O)N1,COc1nc(-c2cccc(-c3cccc(-c4cnc(NCC[C@H]5CCOC5)c(OC)n4)c3Cl)c2Cl)cnc1CNC[C@H]1CCC(=O)N1,9.666342,-5.874278
30,mol272,-12.97,COc1nc(-c2cccc(-c3cccc(-c4cnc([C@H]5CCC(=O)N5)c(OC)n4)c3Cl)c2Cl)cnc1CNCC[C@@H]1CCCO1,COc1nc(-c2cccc(-c3cccc(-c4cnc([C@H]5CCC(=O)N5)c(OC)n4)c3Cl)c2Cl)cnc1CNCC[C@@H]1CCCO1,9.429883,-6.3606644
30,mol437,-12.97,COc1nc(-c2cccc(-c3cccc(-c4cnc([C@@H](C)O)c(OC)n4)c3Cl)c2Cl)cnc1CNCC[C@@H]1CCCO1,COc1nc(-c2cccc(-c3cccc(-c4cnc([C@@H](C)O)c(OC)n4)c3Cl)c2Cl)cnc1CNCC[C@@H]1CCCO1,9.599413,-6.434918
10,mol411,-12.96,COc1nc(-c2cccc(-c3cccc(-c4cnc(OCCCCn5cnc(CC(=O)O)c5)c(OC)n4)c3Cl)c2Cl)cnc1CNC[C@@H]1CCC(=O)N1,COc1nc(-c2cccc(-c3cccc(-c4cnc(OCCCCn5cnc(CC(=O)O)c5)c(OC)n4)c3Cl)c2Cl)cnc1CNC[C@@H]1CCC(=O)N1,9.826467,-5.7288237
70,mol461,-12.96,COc1nc(-c2ccccc2Cl)cc(-c2cccc(-c3ccc(-c4cnc(CNC[C@@H]5CCC(=O)N5)c(OC)n4)cc3Cl)c2Cl)n1,COc1nc(-c2ccccc2Cl)cc(-c2cccc(-c3ccc(-c4cnc(CNC[C@@H]5CCC(=O)N5)c(OC)n4)cc3Cl)c2Cl)n1,9.118517,-6.879999
30,mol369,-12.96,COc1cc(-c2cccc(-c3cccc(-c4cnc(OC[C@@H]5CCOC5)c(OC)n4)c3Cl)c2Cl)cnc1CNC[C@@H]1CCC(=O)N1,COc1cc(-c2cccc(-c3cccc(-c4cnc(OC[C@@H]5CCOC5)c(OC)n4)c3Cl)c2Cl)cnc1CNC[C@@H]1CCC(=O)N1,9.29153,-6.4930162
70,mol202,-12.96,COc1nc(-c2cccc(-c3cccc(-c4cnc(CNC[C@H]5CCC(=O)N5)c(OC)n4)c3Cl)c2Cl)cnc1CC[NH+]1CCCC1,COc1nc(-c2cccc(-c3cccc(-c4cnc(CNC[C@H]5CCC(=O)N5)c(OC)n4)c3Cl)c2Cl)cnc1CC[NH+]1CCCC1,9.659044,-4.490335
20,mol426,-12.96,COc1nc(-c2cccc(-c3cccc(-c4cn(C[C@H]5CCC(=O)N5)cn4)c3Cl)c2Cl)cnc1CNCC[C@H]1CCCO1,COc1nc(-c2cccc(-c3cccc(-c4cn(C[C@H]5CCC(=O)N5)cn4)c3Cl)c2Cl)cnc1CNCC[C@H]1CCCO1,9.788734,-5.7013235
80,mol390,-12.96,Oc1ncc(-c2cccc(-c3cccc(-c4cncnc4)c3Cl)c2Cl)nc1O,Oc1ncc(-c2cccc(-c3cccc(-c4cncnc4)c3Cl)c2Cl)nc1O,8.083861,-6.067801
90,mol321,-12.96,COc1nc(-c2cccc(-c3cccc(-c4cnc(CN[C@@H]5CCC(=O)N5)c(OC)n4)c3Cl)c2Cl)cnc1CCCCC[C@@H]1CCCO1,COc1nc(-c2cccc(-c3cccc(-c4cnc(CN[C@@H]5CCC(=O)N5)c(OC)n4)c3Cl)c2Cl)cnc1CCCCC[C@@H]1CCCO1,9.38811,-6.601097
50,mol224,-12.96,COc1nc(-c2cccc(-c3cccc(-c4cnc(CNC[C@H]5CCC(=O)N5)c(OC)n4)c3Cl)c2Cl)cnc1CNC[C@@H](C)C[C@@H]1CCCO1,COc1nc(-c2cccc(-c3cccc(-c4cnc(CNC[C@H]5CCC(=O)N5)c(OC)n4)c3Cl)c2Cl)cnc1CNC[C@@H](C)C[C@@H]1CCCO1,9.520977,-6.4304385
90,mol289,-12.96,COc1nc(-c2cccc(-c3cccc(-c4cnc(CNC[C@H]5CCC(=O)N5)c(OC)n4)c3Cl)c2Cl)cnc1CCCOC[C@@H]1CCCO1,COc1nc(-c2cccc(-c3cccc(-c4cnc(CNC[C@H]5CCC(=O)N5)c(OC)n4)c3Cl)c2Cl)cnc1CCCOC[C@@H]1CCCO1,9.465283,-6.396454
70,mol163,-12.95,COc1nc(-c2cccc(-c3cccc(-c4cnc(CNC[C@H]5CCC(=O)N5)c(OC)n4)c3Cl)c2Cl)cnc1CC[C@@H]1CCOC1,COc1nc(-c2cccc(-c3cccc(-c4cnc(CNC[C@H]5CCC(=O)N5)c(OC)n4)c3Cl)c2Cl)cnc1CC[C@@H]1CCOC1,9.6671095,-6.0004716
10,mol70,-12.95,COc1cc(-c2cccc(-c3cccc(-c4cnc(CNC[C@@H]5COC(=O)C5)c(OC)n4)c3Cl)c2Cl)cc(OC)n1,COc1cc(-c2cccc(-c3cccc(-c4cnc(CNC[C@@H]5COC(=O)C5)c(OC)n4)c3Cl)c2Cl)cc(OC)n1,9.139798,-6.8189516
50,mol252,-12.95,COc1nc(-c2cccc(-c3cccc(-c4cnc(CN5CC[C@H](OC)C5)c(OC)n4)c3Cl)c2Cl)cnc1CNC[C@H]1CCC(=O)N1,COc1nc(-c2cccc(-c3cccc(-c4cnc(CN5CC[C@H](OC)C5)c(OC)n4)c3Cl)c2Cl)cnc1CNC[C@H]1CCC(=O)N1,9.843666,-6.051447
10,mol307,-12.94,COc1nc(-c2cccc(-c3cccc(-c4cnc(CNC[C@@H]5CCC(=O)NC5)nc4)c3Cl)c2Cl)cnc1CNCC[C@@H]1CCCO1,COc1nc(-c2cccc(-c3cccc(-c4cnc(CNC[C@@H]5CCC(=O)NC5)nc4)c3Cl)c2Cl)cnc1CNCC[C@@H]1CCCO1,9.695084,-5.9223638
110,mol96,-12.94,COc1nc(-c2cccc(-c3cccc(-c4cnc(CNC[C@@H]5CCCCN5)c(OC)n4)c3Cl)c2Cl)cnc1CNCC[C@@H]1CCCO1,COc1nc(-c2cccc(-c3cccc(-c4cnc(CNC[C@@H]5CCCCN5)c(OC)n4)c3Cl)c2Cl)cnc1CNCC[C@@H]1CCCO1,9.357957,-6.251825
10,mol77,-12.94,O=C1CC[C@@H](CNCc2ncc(-c3cccc(-c4cccc(-c5cnnc(O)n5)c4Cl)c3)cn2)CN1,O=C1CC[C@@H](CNCc2ncc(-c3cccc(-c4cccc(-c5cnnc(O)n5)c4Cl)c3)cn2)CN1,7.9121203,-4.463567
60,mol179,-12.94,COc1nc(-c2cccc(-c3cccc(-c4cnc(CNC[C@H]5CCC(=O)N5)c(OC)n4)c3Cl)c2Cl)cnc1CCCO,COc1nc(-c2cccc(-c3cccc(-c4cnc(CNC[C@H]5CCC(=O)N5)c(OC)n4)c3Cl)c2Cl)cnc1CCCO,9.754542,-6.218828
60,mol55,-12.93,COc1nc(-c2cccc(-c3cccc(-c4cnc([C@@H](CO)CNC[C@H]5CCC(=O)N5)c(OC)n4)c3Cl)c2Cl)cnc1CNCCC1CCC1,COc1nc(-c2cccc(-c3cccc(-c4cnc([C@@H](CO)CNC[C@H]5CCC(=O)N5)c(OC)n4)c3Cl)c2Cl)cnc1CNCCC1CCC1,9.805545,-6.406647
20,mol193,-12.93,COc1nc(-c2cccc(-c3cccc(-c4cnc(CNC[C@H]5CCC(=O)N5)cn4)c3Cl)c2Cl)cnc1OC[C@@H]1CCCO1,COc1nc(-c2cccc(-c3cccc(-c4cnc(CNC[C@H]5CCC(=O)N5)cn4)c3Cl)c2Cl)cnc1OC[C@@H]1CCCO1,9.477962,-6.5778394
40,mol405,-12.93,COc1nc(-c2cccc(-c3cccc(-c4cnc(CNCCC5CCCC5)c(OC)n4)c3Cl)c2Cl)cnc1CCNC[C@H]1CCC(=O)N1,COc1nc(-c2cccc(-c3cccc(-c4cnc(CNCCC5CCCC5)c(OC)n4)c3Cl)c2Cl)cnc1CCNC[C@H]1CCC(=O)N1,9.414878,-6.8393927
70,mol35,-12.93,COc1nc(-c2cccc(-c3cccc(-c4cnc(CCC5CCCC5)c(C)n4)c3Cl)c2Cl)cnc1CNC[C@@H]1CCC(=O)N1,COc1nc(-c2cccc(-c3cccc(-c4cnc(CCC5CCCC5)c(C)n4)c3Cl)c2Cl)cnc1CNC[C@@H]1CCC(=O)N1,9.267859,-6.946639
120,mol205,-12.92,COc1nc(-c2cccc(-c3cccc(-c4cnc(CNC[C@H]5CCC(=O)N5)c(OC)n4)c3Cl)c2Cl)cnc1CNCC[C@@H]1CCOCO1,COc1nc(-c2cccc(-c3cccc(-c4cnc(CNC[C@H]5CCC(=O)N5)c(OC)n4)c3Cl)c2Cl)cnc1CNCC[C@@H]1CCOCO1,9.8814125,-6.1541
110,mol220,-12.92,COc1nc(-c2cccc(-c3cccc(-c4cncc(CN(C)C)c4)c3Cl)c2Cl)cnc1CNCC1CCOCC1,COc1nc(-c2cccc(-c3cccc(-c4cncc(CN(C)C)c4)c3Cl)c2Cl)cnc1CNCC1CCOCC1,9.25936,-6.4858313
50,mol454,-12.92,COc1nc(-c2cccc(-c3cccc(-c4cnc(CNC[C@H]5CCCN5)c(OC)n4)c3Cl)c2Cl)cnc1CNCC[C@@H]1CCCO1,COc1nc(-c2cccc(-c3cccc(-c4cnc(CNC[C@H]5CCCN5)c(OC)n4)c3Cl)c2Cl)cnc1CNCC[C@@H]1CCCO1,9.518598,-6.038353
70,mol48,-12.92,CCOc1nc(-c2cccc(-c3cccc(-c4cncnc4Cl)c3Cl)c2Cl)cnc1CNCC[C@@H]1CCCO1,CCOc1nc(-c2cccc(-c3cccc(-c4cncnc4Cl)c3Cl)c2Cl)cnc1CNCC[C@@H]1CCCO1,8.867265,-6.4154906
20,mol381,-12.92,O[C@@H]1CCN(c2cc(Nc3nccc(-c4cccc(-c5cnc(OC[C@H]6CCO6)cn5)c4Cl)c3Cl)ccn2)C1,O[C@@H]1CCN(c2cc(Nc3nccc(-c4cccc(-c5cnc(OC[C@H]6CCO6)cn5)c4Cl)c3Cl)ccn2)C1,8.632702,-5.9838634
30,mol120,-12.92,COc1nc(-c2cccc(-c3cccc(-c4cnc(OCCC5CCOCC5)c(OC)n4)c3Cl)c2Cl)cnc1CNC[C@@H]1CCC(=O)N1,COc1nc(-c2cccc(-c3cccc(-c4cnc(OCCC5CCOCC5)c(OC)n4)c3Cl)c2Cl)cnc1CNC[C@@H]1CCC(=O)N1,9.513803,-6.643217
100,mol285,-12.91,COc1nc(-c2cccc(-c3cccc(-c4cnc(OCC[C@@H]5CCO5)c(OC)n4)c3Cl)c2Cl)cnc1CNC[C@@H]1CCC(=O)N1,COc1nc(-c2cccc(-c3cccc(-c4cnc(OCC[C@@H]5CCO5)c(OC)n4)c3Cl)c2Cl)cnc1CNC[C@@H]1CCC(=O)N1,9.67585,-6.610533
30,mol322,-12.91,COc1c(CNCCCCC(=O)O)cc(Oc2cccc(-c3cccc(-c4cccc(-c5cccc(C(=O)O)c5)c4)c3Cl)c2Cl)c(OC)c1OC,COc1c(CNCCCCC(=O)O)cc(Oc2cccc(-c3cccc(-c4cccc(-c5cccc(C(=O)O)c5)c4)c3Cl)c2Cl)c(OC)c1OC,7.140134,-6.4645815
80,mol318,-12.91,COc1nc(-c2cccc(-c3cccc(-c4cnc(CNC[C@@H]5CCCO5)c(OC)n4)c3Cl)c2Cl)cnc1CCC[C@H]1CCCO1,COc1nc(-c2cccc(-c3cccc(-c4cnc(CNC[C@@H]5CCCO5)c(OC)n4)c3Cl)c2Cl)cnc1CCC[C@H]1CCCO1,9.199095,-6.0758414
40,mol295,-12.91,COc1nc(-c2cccc(-c3cccc(-c4cnc(CNCCC5CCCC5)c(OC)n4)c3Cl)c2)cnc1CNC[C@H]1CCC(=O)N1,COc1nc(-c2cccc(-c3cccc(-c4cnc(CNCCC5CCCC5)c(OC)n4)c3Cl)c2)cnc1CNC[C@H]1CCC(=O)N1,9.529958,-6.403207
60,mol144,-12.91,COc1nc(-c2cccc(-c3cccc(-c4cnn(C)c4)c3Cl)c2Cl)cnc1CNC[C@H]1CCCO1,COc1nc(-c2cccc(-c3cccc(-c4cnn(C)c4)c3Cl)c2Cl)cnc1CNC[C@H]1CCCO1,9.325506,-6.121577
10,mol319,-12.91,COc1nc(-c2cccc(-c3cccc(-c4cnc(OCCN[C@H]5CCCO5)c(OC)n4)c3Cl)c2Cl)cnc1CNC[C@@H]1CCC(=O)N1,COc1nc(-c2cccc(-c3cccc(-c4cnc(OCCN[C@H]5CCCO5)c(OC)n4)c3Cl)c2Cl)cnc1CNC[C@@H]1CCC(=O)N1,9.724045,-6.104204
40,mol450,-12.91,COc1nc(-c2cccc(-c3cccc(-c4cnc(CC(C)C)nc4C)c3Cl)c2Cl)cnc1CNCC[C@@H]1CCCO1,COc1nc(-c2cccc(-c3cccc(-c4cnc(CC(C)C)nc4C)c3Cl)c2Cl)cnc1CNCC[C@@H]1CCCO1,8.84368,-6.4189134
90,mol459,-12.91,COc1nc(-c2cccc(-c3cccc(-c4cnc(CNCC5OCCO5)c(OC[C@@H]5CCC(=O)N5)c4Cl)c3Cl)c2Cl)cnc1CNCC[C@H]1CCCO1,COc1nc(-c2cccc(-c3cccc(-c4cnc(CNCC5OCCO5)c(OC[C@@H]5CCC(=O)N5)c4Cl)c3Cl)c2Cl)cnc1CNCC[C@H]1CCCO1,9.279404,-6.4860735
20,mol30,-12.9,CCc1ncn(CCCOc2ncc(-c3cccc(-c4cccc(-c5cnc(CNC[C@H]6CCC(=O)N6)c(OC)n5)c4Cl)c3Cl)nc2OC)n1,CCc1ncn(CCCOc2ncc(-c3cccc(-c4cccc(-c5cnc(CNC[C@H]6CCC(=O)N6)c(OC)n5)c4Cl)c3Cl)nc2OC)n1,9.309619,-6.3562365
10,mol452,-12.9,COc1nc(-c2cccc(-c3cccc(-c4cnc(OCC[C@H]5CCCO5)c(OC)n4)c3Cl)c2Cl)nnc1CN[C@H]1CCC(=O)N(C)C1,COc1nc(-c2cccc(-c3cccc(-c4cnc(OCC[C@H]5CCCO5)c(OC)n4)c3Cl)c2Cl)nnc1CN[C@H]1CCC(=O)N(C)C1,9.496635,-6.315192
70,mol110,-12.9,COc1nc(-c2cccc(-c3cccc(-c4cnc(CNC[C@H]5CCC(=O)N5)c(OC)n4)c3Cl)c2Cl)cnc1CCCNCCC1CCCC1,COc1nc(-c2cccc(-c3cccc(-c4cnc(CNC[C@H]5CCC(=O)N5)c(OC)n4)c3Cl)c2Cl)cnc1CCCNCCC1CCCC1,9.356544,-6.9049277
80,mol199,-12.9,COc1nncc(-c2cccc(-c3cccc(-c4cncnc4Cl)c3Cl)c2Cl)n1,COc1nncc(-c2cccc(-c3cccc(-c4cncnc4Cl)c3Cl)c2Cl)n1,7.955461,-7.005509
100,mol47,-12.9,COc1nc(-c2cccc(-c3cccc(-c4cnc(CNC[C@@H]5CCC(=O)N5)c(C)n4)c3Cl)c2Cl)cnc1CNCC[C@@H]1CCCO1,COc1nc(-c2cccc(-c3cccc(-c4cnc(CNC[C@@H]5CCC(=O)N5)c(C)n4)c3Cl)c2Cl)cnc1CNCC[C@@H]1CCCO1,9.750163,-5.979939
10,mol420,-12.89,COc1nc(-c2cccc(-c3cccc(-c4cnc(OCCCN5CCOCC5)c(OC)n4)c3Cl)c2Cl)cnc1CNC[C@H]1CCC(=O)N1,COc1nc(-c2cccc(-c3cccc(-c4cnc(OCCCN5CCOCC5)c(OC)n4)c3Cl)c2Cl)cnc1CNC[C@H]1CCC(=O)N1,9.734851,-5.815074
30,mol111,-12.89,COc1nc(-c2cccc(-c3cccc(-c4cn(C[C@@H]5CCCO5)c(C)n4)c3Cl)c2Cl)cnc1CNC[C@@H]1CCC(=O)N1,COc1nc(-c2cccc(-c3cccc(-c4cn(C[C@@H]5CCCO5)c(C)n4)c3Cl)c2Cl)cnc1CNC[C@@H]1CCC(=O)N1,9.419733,-5.870131
100,mol489,-12.89,COc1nc(-c2cccc(-c3cccc(-c4cnc(CNC[C@@H]5CCC(=O)N5)c(OC)n4)c3Cl)c2Cl)cnc1CNCCN1CCOCC1,COc1nc(-c2cccc(-c3cccc(-c4cnc(CNC[C@@H]5CCC(=O)N5)c(OC)n4)c3Cl)c2Cl)cnc1CNCCN1CCOCC1,9.872637,-4.570126
80,mol316,-12.89,COc1nc(-c2cccc(-c3cccc(-c4cnn(C)n4)c3Cl)c2Cl)cnc1CC[C@H]1CCCO1,COc1nc(-c2cccc(-c3cccc(-c4cnn(C)n4)c3Cl)c2Cl)cnc1CC[C@H]1CCCO1,9.084962,-6.417038
80,mol4,-12.89,COc1nc(-c2cccc(-c3cccc(-c4cnc(CNC[C@H]5CCC(=O)N5)c(OC)n4)c3Cl)c2Cl)cnc1CCCCCn1cncn1,COc1nc(-c2cccc(-c3cccc(-c4cnc(CNC[C@H]5CCC(=O)N5)c(OC)n4)c3Cl)c2Cl)cnc1CCCCCn1cncn1,9.543455,-6.3084183
70,mol106,-12.89,COc1nc(-c2cccc(-c3cccc(-c4cnc(CNC[C@@H]5CCC(=O)N5)c(OC)n4)c3Cl)c2Cl)cnc1CCCCC[C@H]1CC[C@@H](OC)CC1,COc1nc(-c2cccc(-c3cccc(-c4cnc(CNC[C@@H]5CCC(=O)N5)c(OC)n4)c3Cl)c2Cl)cnc1CCCCC[C@H]1CC[C@@H](OC)CC1,9.166528,-6.904437
90,mol110,-12.89,COc1nc(-c2cccc(-c3cccc(-c4nc(OC)n(C[C@H]5CCOCO5)n4)c3Cl)c2Cl)cnc1CNC[C@H]1CCC(=O)N1,COc1nc(-c2cccc(-c3cccc(-c4nc(OC)n(C[C@H]5CCOCO5)n4)c3Cl)c2Cl)cnc1CNC[C@H]1CCC(=O)N1,9.714256,-5.096039
30,mol115,-12.89,COc1nc(-c2cccc(-c3cccc(-c4cnc(NCC[C@@H]5CCCO5)c(OC)n4)c3Cl)c2Cl)cnc1CCNC[C@@H]1CCC(=O)N1,COc1nc(-c2cccc(-c3cccc(-c4cnc(NCC[C@@H]5CCCO5)c(OC)n4)c3Cl)c2Cl)cnc1CCNC[C@@H]1CCC(=O)N1,9.601387,-6.047849
110,mol488,-12.89,COc1nncc(-c2cccc(-c3cccc(-c4cnc(CNC5CC5)c(OC[C@H]5CCC(=O)O5)n4)c3Cl)c2Cl)n1,COc1nncc(-c2cccc(-c3cccc(-c4cnc(CNC5CC5)c(OC[C@H]5CCC(=O)O5)n4)c3Cl)c2Cl)n1,8.832878,-6.64233
60,mol364,-12.89,COc1nc(-c2cccc(-c3cccc(-c4cncnc4Cl)c3Cl)c2Cl)cnc1CNCc1cncn1CC[C@@H]1CCCO1,COc1nc(-c2cccc(-c3cccc(-c4cncnc4Cl)c3Cl)c2Cl)cnc1CNCc1cncn1CC[C@@H]1CCCO1,9.341337,-6.462311
10,mol2,-12.88,CCOc1nc(-c2cccc(-c3cccc(-c4cnc(CCNC[C@@H]5CCC(=O)N5)c(OC)n4)c3Cl)c2Cl)cnc1CNCC[C@H]1CCCO1,CCOc1nc(-c2cccc(-c3cccc(-c4cnc(CCNC[C@@H]5CCC(=O)N5)c(OC)n4)c3Cl)c2Cl)cnc1CNCC[C@H]1CCCO1,9.669812,-6.2435627
30,mol52,-12.88,O[C@H]1CC[C@@H](NCc2cnc(-c3cccc(-c4cccc(-c5c[nH]cn5)c4Cl)c3Cl)cn2)C1,O[C@H]1CC[C@@H](NCc2cnc(-c3cccc(-c4cccc(-c5c[nH]cn5)c4Cl)c3Cl)cn2)C1,7.9282603,-6.25805
90,mol352,-12.88,COc1nc(-c2cccc(-c3cccc(-c4cnc(COCC[C@@H]5CCO5)c(OC)n4)c3Cl)c2Cl)cnc1CNC[C@H]1CCC(=O)N1,COc1nc(-c2cccc(-c3cccc(-c4cnc(COCC[C@@H]5CCO5)c(OC)n4)c3Cl)c2Cl)cnc1CNC[C@H]1CCC(=O)N1,9.662951,-6.39031
50,mol462,-12.88,O=C1CC[C@H](CNCc2ncc(-c3cccc(-c4ccc(-c5ccnc(O)n5)c(Cl)c4)c3Cl)c(Cl)c2OC[C@H]2CCC(=O)N2)N1,O=C1CC[C@H](CNCc2ncc(-c3cccc(-c4ccc(-c5ccnc(O)n5)c(Cl)c4)c3Cl)c(Cl)c2OC[C@H]2CCC(=O)N2)N1,8.492462,-6.623762
100,mol334,-12.88,COc1nc(-c2cccc(-c3cccc(-c4cncc(CNC[C@H]5CCC(=O)N5)c4Cl)c3Cl)c2Cl)cnc1CNCCC[C@H]1CCCO1,COc1nc(-c2cccc(-c3cccc(-c4cncc(CNC[C@H]5CCC(=O)N5)c4Cl)c3Cl)c2Cl)cnc1CNCCC[C@H]1CCCO1,9.649346,-6.324985
40,mol241,-12.88,CCOc1nc(-c2cccc(-c3cccc(-c4cnc(CNC[C@H]5CCC(=O)N5)c(OC)n4)c3Cl)c2Cl)cnc1CNCC[C@@H]1CCCO1,CCOc1nc(-c2cccc(-c3cccc(-c4cnc(CNC[C@H]5CCC(=O)N5)c(OC)n4)c3Cl)c2Cl)cnc1CNCC[C@@H]1CCCO1,9.724912,-6.1002717
40,mol13,-12.88,COc1nc(-c2cccc(-c3cccc(-c4ccccn4)c3Cl)c2Cl)cnc1CNCC[C@H]1CCCO1,COc1nc(-c2cccc(-c3cccc(-c4ccccn4)c3Cl)c2Cl)cnc1CNCC[C@H]1CCCO1,9.133801,-6.279382
10,mol40,-12.87,O=C1CC[C@H](Cc2cnc(-c3cccc(-c4cccc(C5=CN(CCOCCO)CC(O)=N5)c4Cl)c3Cl)nc2OC[C@@H]2CC[C@@H](O)C2)N1,O=C1CC[C@H](Cc2cnc(-c3cccc(-c4cccc(C5=CN(CCOCCO)CC(O)=N5)c4Cl)c3Cl)nc2OC[C@@H]2CC[C@@H](O)C2)N1,8.498757,-5.535726
80,mol95,-12.87,COc1nc(-c2cccc(-c3cccc(-c4cncc(CNC[C@H]5CCC(=O)N5)c4Cl)c3Cl)c2Cl)cnc1CCNCCC[C@@H]1CCCO1,COc1nc(-c2cccc(-c3cccc(-c4cncc(CNC[C@H]5CCC(=O)N5)c4Cl)c3Cl)c2Cl)cnc1CCNCCC[C@@H]1CCCO1,9.447746,-6.3831162
120,mol241,-12.87,COc1nc(-c2cccc(-c3cccc(-c4cnc(N)cn4)c3Cl)c2Cl)cnc1CNCC[C@H]1CCCO1,COc1nc(-c2cccc(-c3cccc(-c4cnc(N)cn4)c3Cl)c2Cl)cnc1CNCC[C@H]1CCCO1,9.5139,-6.0332236
80,mol386,-12.87,COc1nc(-c2cccc(-c3cccc(-c4cnc(COCCn5cncn5)c(OC)n4)c3Cl)c2Cl)cnc1CNC[C@H]1CCC(=O)N1,COc1nc(-c2cccc(-c3cccc(-c4cnc(COCCn5cncn5)c(OC)n4)c3Cl)c2Cl)cnc1CNC[C@H]1CCC(=O)N1,9.6466875,-5.597832
10,mol117,-12.86,COc1nc(-c2cccc(-c3cccc(-c4cnc(OCCn5cncn5)c(OC)n4)c3Cl)c2Cl)cnc1CNC[C@@H]1CCC(=O)N1,COc1nc(-c2cccc(-c3cccc(-c4cnc(OCCn5cncn5)c(OC)n4)c3Cl)c2Cl)cnc1CNC[C@@H]1CCC(=O)N1,9.639825,-5.218415
50,mol422,-12.86,COc1cnc(-c2cccc(-c3cccc(-c4cnc(CNC[C@H]5CCC(=O)N5)c(OC)n4)c3Cl)c2Cl)nc1CNCC[C@H]1CCCO1,COc1cnc(-c2cccc(-c3cccc(-c4cnc(CNC[C@H]5CCC(=O)N5)c(OC)n4)c3Cl)c2Cl)nc1CNCC[C@H]1CCCO1,9.855423,-6.018296
10,mol273,-12.86,COc1nc(-c2cccc(-c3cccc(-c4cnc(OCCCn5cnc(C)n5)c(OC)n4)c3Cl)c2Cl)cnc1CNC[C@H]1CCC(=O)N1,COc1nc(-c2cccc(-c3cccc(-c4cnc(OCCCn5cnc(C)n5)c(OC)n4)c3Cl)c2Cl)cnc1CNC[C@H]1CCC(=O)N1,9.623633,-6.413919
30,mol159,-12.86,COc1nc(-c2cccc(-c3cccc(-c4cn(CC(=O)NC[C@@H]5CCC(=O)N5)c(=O)[nH]4)c3Cl)c2Cl)cnc1CNCC[C@H]1CCCO1,COc1nc(-c2cccc(-c3cccc(-c4cn(CC(=O)NC[C@@H]5CCC(=O)N5)c(=O)[nH]4)c3Cl)c2Cl)cnc1CNCC[C@H]1CCCO1,9.926904,-4.7580166
100,mol152,-12.86,COc1nc(-c2cccc(-c3cccc(-c4cnn(C)n4)c3Cl)c2Cl)cnc1CNC[C@H]1CCOC1,COc1nc(-c2cccc(-c3cccc(-c4cnn(C)n4)c3Cl)c2Cl)cnc1CNC[C@H]1CCOC1,9.576583,-5.732963
110,mol99,-12.86,COc1nc(-c2cccc(-c3cccc(-c4cnc(CNC[C@@H]5C=CCC5)c(OC)n4)c3Cl)c2Cl)cnc1CNCC[C@H]1CCCO1,COc1nc(-c2cccc(-c3cccc(-c4cnc(CNC[C@@H]5C=CCC5)c(OC)n4)c3Cl)c2Cl)cnc1CNCC[C@H]1CCCO1,9.397608,-6.3074365
30,mol383,-12.85,COc1cc(-c2cccc(-c3cccc(-c4cnc(OCC[C@H]5CCCO5)c(OC)n4)c3Cl)c2Cl)ccc1CNC[C@@H]1CC(=O)O1,COc1cc(-c2cccc(-c3cccc(-c4cnc(OCC[C@H]5CCCO5)c(OC)n4)c3Cl)c2Cl)ccc1CNC[C@@H]1CC(=O)O1,8.906529,-7.2687364
70,mol179,-12.85,COc1nc(-c2cccc(-c3cccc(-c4cncc(C[C@H]5CCC(=O)N5)c4Cl)c3Cl)c2Cl)cnc1CCC(=O)O,COc1nc(-c2cccc(-c3cccc(-c4cncc(C[C@H]5CCC(=O)N5)c4Cl)c3Cl)c2Cl)cnc1CCC(=O)O,9.457872,-6.478222
50,mol459,-12.84,COc1nc(-c2cccc(-c3cccc(-c4cnc(CNC[C@@H]5CCC(=O)N5)c(OC)n4)c3Cl)c2Cl)cnc1CCNCC[C@@H]1CCCO1,COc1nc(-c2cccc(-c3cccc(-c4cnc(CNC[C@@H]5CCC(=O)N5)c(OC)n4)c3Cl)c2Cl)cnc1CCNCC[C@@H]1CCCO1,9.84384,-6.1481833
50,mol129,-12.84,COc1nc(-c2cccc(-c3cccc(-c4cnc(CNC[C@H]5CCCO5)c(OC)n4)c3CO)c2Cl)cnc1CNC[C@@H]1CCC(=O)N1,COc1nc(-c2cccc(-c3cccc(-c4cnc(CNC[C@H]5CCCO5)c(OC)n4)c3CO)c2Cl)cnc1CNC[C@@H]1CCC(=O)N1,9.821343,-4.2003913
120,mol60,-12.84,COc1nc(-c2cccc(-c3cccc(-c4cnc(CNC[C@H]5CCC(=O)N5)cn4)c3Cl)c2Cl)cnc1NCCC1CCOCC1,COc1nc(-c2cccc(-c3cccc(-c4cnc(CNC[C@H]5CCC(=O)N5)cn4)c3Cl)c2Cl)cnc1NCCC1CCOCC1,9.278885,-6.363953
60,mol414,-12.84,COc1nc(-c2cccc(-c3cccc(-c4cnc(CNC[C@H]5CCC(=O)N5)c(OC)n4)c3Cl)c2Cl)cnc1CCNCCCC1CCCC1,COc1nc(-c2cccc(-c3cccc(-c4cnc(CNC[C@H]5CCC(=O)N5)c(OC)n4)c3Cl)c2Cl)cnc1CCNCCCC1CCCC1,9.311695,-6.9600415
70,mol486,-12.84,COCCOc1nc(-c2cccc(-c3cccc(-c4cnc(CNC[C@H]5CCC(=O)N5)c(OC)n4)c3Cl)c2Cl)cnc1C[C@@H]1CCCO1,COCCOc1nc(-c2cccc(-c3cccc(-c4cnc(CNC[C@H]5CCC(=O)N5)c(OC)n4)c3Cl)c2Cl)cnc1C[C@@H]1CCCO1,9.552238,-6.096838
70,mol37,-12.84,COc1nc(-c2cccc(-c3cccc(-c4cnc(CNC[C@@H]5CCC(=O)N5)c(OC)n4)c3Cl)c2Cl)cnc1CCCCC1CCCCC1,COc1nc(-c2cccc(-c3cccc(-c4cnc(CNC[C@@H]5CCC(=O)N5)c(OC)n4)c3Cl)c2Cl)cnc1CCCCC1CCCCC1,9.297675,-7.127369
120,mol489,-12.84,COc1nc(-c2cccc(-c3cccc(-c4cnc(CNC5CCC5)n(C)c4=O)c3Cl)c2Cl)cnc1CNCC[C@H]1CCCO1,COc1nc(-c2cccc(-c3cccc(-c4cnc(CNC5CCC5)n(C)c4=O)c3Cl)c2Cl)cnc1CNCC[C@H]1CCCO1,9.459628,-6.263531
80,mol45,-12.84,COc1nc(-c2cccc(-c3cccc(-c4cnc(CNC[C@@H]5CCC(=O)N5)c(OC)n4)c3Cl)c2Cl)cnc1CNCC[C@H]1CCCO1,COc1nc(-c2cccc(-c3cccc(-c4cnc(CNC[C@@H]5CCC(=O)N5)c(OC)n4)c3Cl)c2Cl)cnc1CNCC[C@H]1CCCO1,9.96816,-6.119374
20,mol302,-12.83,COc1nc(-c2cccc(-c3cccc(-c4cn(CC[C@H]5CCC(=O)N5)cn4)c3Cl)c2Cl)cnc1CNCC[C@H]1CCCO1,COc1nc(-c2cccc(-c3cccc(-c4cn(CC[C@H]5CCC(=O)N5)cn4)c3Cl)c2Cl)cnc1CNCC[C@H]1CCCO1,9.610835,-5.87394
110,mol316,-12.83,COc1nc(-c2cccc(-c3cccc(-c4cnc(CNC[C@@H]5CCC(=O)N5)c(OC)n4)c3Cl)c2Cl)cnc1CNCC[C@@H]1CCO1,COc1nc(-c2cccc(-c3cccc(-c4cnc(CNC[C@@H]5CCC(=O)N5)c(OC)n4)c3Cl)c2Cl)cnc1CNCC[C@@H]1CCO1,9.9730625,-5.970098
90,mol282,-12.83,COc1nc(-c2cccc(-c3cccc(-c4cnc(CNC[C@H]5CCC(=O)N5)c(OC)n4)c3Cl)c2Cl)cnc1CCCNCC[C@H]1CCCO1,COc1nc(-c2cccc(-c3cccc(-c4cnc(CNC[C@H]5CCC(=O)N5)c(OC)n4)c3Cl)c2Cl)cnc1CCCNCC[C@H]1CCCO1,9.734391,-6.1736307
130,mol419,-12.83,COc1cc(-c2cccc(-c3cccc(-c4cnc(CNC[C@@H]5CCC(=O)N5)c(OC)n4)c3Cl)c2Cl)cnc1CNCC[C@H]1CCCO1,COc1cc(-c2cccc(-c3cccc(-c4cnc(CNC[C@@H]5CCC(=O)N5)c(OC)n4)c3Cl)c2Cl)cnc1CNCC[C@H]1CCCO1,9.727841,-6.5560513
20,mol346,-12.83,COc1nc(-c2cccc(-c3cccc(-c4cnc(OCCO)c(OC)n4)c3Cl)c2Cl)cnc1CNC[C@@H]1CCC(=O)N1,COc1nc(-c2cccc(-c3cccc(-c4cnc(OCCO)c(OC)n4)c3Cl)c2Cl)cnc1CNC[C@@H]1CCC(=O)N1,9.716698,-5.0315657
60,mol315,-12.83,CCOc1nc(-c2cccc(-c3cccc(OCCCC(=O)O)c3Cl)c2Cl)cnc1CC/C1=C/C=N\C2=N/OCCC[C@@H]1CCNC2,CCOc1nc(-c2cccc(-c3cccc(OCCCC(=O)O)c3Cl)c2Cl)cnc1CC/C1=C/C=N\C2=N/OCCC[C@@H]1CCNC2,8.956918,-6.0017877
20,mol74,-12.82,COc1cc(-c2cccc(-c3cccc(-c4cnc(CNC[C@H]5CCC(=O)N5)c(OC)n4)c3Cl)c2Cl)cnn1,COc1cc(-c2cccc(-c3cccc(-c4cnc(CNC[C@H]5CCC(=O)N5)c(OC)n4)c3Cl)c2Cl)cnn1,9.606012,-6.257767
30,mol93,-12.82,COc1nc(-c2cccc(-c3cccc(-c4cnc(CNC[C@@H]5CCC(=O)N5)c(OC)n4)c3Cl)c2Cl)cnc1CNCCn1ncnn1,COc1nc(-c2cccc(-c3cccc(-c4cnc(CNC[C@@H]5CCC(=O)N5)c(OC)n4)c3Cl)c2Cl)cnc1CNCCn1ncnn1,9.841015,-4.6639705
90,mol477,-12.82,COc1nc(-c2cccc(-c3cccc(-c4cnc(CN5CCC(OCC(=O)O)CC5)c(OC)n4)c3Cl)c2Cl)cnc1CNC[C@@H]1CCC(=O)N1,COc1nc(-c2cccc(-c3cccc(-c4cnc(CN5CCC(OCC(=O)O)CC5)c(OC)n4)c3Cl)c2Cl)cnc1CNC[C@@H]1CCC(=O)N1,10.037369,-5.5724406
100,mol86,-12.82,COc1nc(-c2cccc(-c3cccc(-c4cnc(CO)nc4C)c3Cl)c2Cl)cnc1CNCC[C@@H]1CCCO1,COc1nc(-c2cccc(-c3cccc(-c4cnc(CO)nc4C)c3Cl)c2Cl)cnc1CNCC[C@@H]1CCCO1,9.375537,-6.0667305
130,mol313,-12.82,COc1nc(-c2cccc(-c3cccc(-c4cnc(CNC(C)=O)c(OC)n4)c3Cl)c2Cl)cnc1CNCC[C@H]1CCCO1,COc1nc(-c2cccc(-c3cccc(-c4cnc(CNC(C)=O)c(OC)n4)c3Cl)c2Cl)cnc1CNCC[C@H]1CCCO1,9.790599,-6.214908
30,mol70,-12.81,COc1nc(-c2cccc(-c3cccc(-c4cnc(CNCC[C@H]5CCCO5)c(OC)n4)c3Cl)c2Cl)cnc1CCNC[C@@H]1CCC(=O)N1,COc1nc(-c2cccc(-c3cccc(-c4cnc(CNCC[C@H]5CCCO5)c(OC)n4)c3Cl)c2Cl)cnc1CCNC[C@@H]1CCC(=O)N1,9.913585,-6.0676847
80,mol343,-12.81,COc1nc(-c2cccc(-c3cccc(-c4cnc(CNC[C@@H]5CCC(=O)N5)c(OC)n4)c3Cl)c2Cl)cnc1CCCCC1CCC1,COc1nc(-c2cccc(-c3cccc(-c4cnc(CNC[C@@H]5CCC(=O)N5)c(OC)n4)c3Cl)c2Cl)cnc1CCCCC1CCC1,9.264931,-7.104913
100,mol1,-12.81,COc1nc(-c2cccc(-c3cccc(-c4cnc(CNC[C@H]5CCC(=O)O5)c(OCC5CC5)n4)c3Cl)c2Cl)cnc1CNCC[C@H]1CCCO1,COc1nc(-c2cccc(-c3cccc(-c4cnc(CNC[C@H]5CCC(=O)O5)c(OCC5CC5)n4)c3Cl)c2Cl)cnc1CNCC[C@H]1CCCO1,8.978254,-6.6710286
110,mol32,-12.81,COc1nc(-c2cccc(-c3cccc(-c4cnc(CNC[C@@H]5CC[C@H](O)C5)c(OC)n4)c3Cl)c2Cl)cnc1CNCC[C@@H]1CCCO1,COc1nc(-c2cccc(-c3cccc(-c4cnc(CNC[C@@H]5CC[C@H](O)C5)c(OC)n4)c3Cl)c2Cl)cnc1CNCC[C@@H]1CCCO1,9.702474,-6.2856445
100,mol262,-12.81,COc1nc(-c2cccc(-c3cccc(-c4cnc(CNC[C@H]5CCC(=O)N5)c5cc(OCCCCC(=O)O)ccc45)c3Cl)c2Cl)cnc1CNCC[C@H]1CCCO1,COc1nc(-c2cccc(-c3cccc(-c4cnc(CNC[C@H]5CCC(=O)N5)c5cc(OCCCCC(=O)O)ccc45)c3Cl)c2Cl)cnc1CNCC[C@H]1CCCO1,9.750357,-6.0174417
20,mol383,-12.8,COc1nc(-c2cccc(-c3cccc(-c4cnc(CNC5CC5)nc4Cl)c3Cl)c2Cl)cnc1CNCC[C@H]1CCCO1,COc1nc(-c2cccc(-c3cccc(-c4cnc(CNC5CC5)nc4Cl)c3Cl)c2Cl)cnc1CNCC[C@H]1CCCO1,9.178161,-6.605443
20,mol477,-12.8,COc1nc(-c2cccc(-c3cccc(-c4cnc([C@@H](CO)CNC[C@H]5CCC(=O)N5)c(OC)n4)c3Cl)c2Cl)cnc1OCC[C@@H]1CCCO1,COc1nc(-c2cccc(-c3cccc(-c4cnc([C@@H](CO)CNC[C@H]5CCC(=O)N5)c(OC)n4)c3Cl)c2Cl)cnc1OCC[C@@H]1CCCO1,9.835111,-6.284386
20,mol280,-12.8,COc1nc(-c2cccc(-c3cccc(-c4cnc(OCCCn5ccnn5)c(OC)n4)c3Cl)c2Cl)cnc1CNC[C@H]1CCC(=O)N1,COc1nc(-c2cccc(-c3cccc(-c4cnc(OCCCn5ccnn5)c(OC)n4)c3Cl)c2Cl)cnc1CNC[C@H]1CCC(=O)N1,9.65836,-5.7455163
70,mol217,-12.8,COCCOc1nc(-c2cccc(-c3cccc(-c4cnc(CNC[C@H]5CCC(=O)N5)c(O)c4)c3Cl)c2Cl)cnc1CCC[C@H]1CCCO1,COCCOc1nc(-c2cccc(-c3cccc(-c4cnc(CNC[C@H]5CCC(=O)N5)c(O)c4)c3Cl)c2Cl)cnc1CCC[C@H]1CCCO1,9.262735,-6.1269817
60,mol257,-12.8,COc1cc(-c2cccc(-c3cccc(-c4cnc(CNCCC5OCCCO5)c(OC)n4)c3Cl)c2Cl)cnc1CNC[C@@H]1CCC(=O)N1,COc1cc(-c2cccc(-c3cccc(-c4cnc(CNCCC5OCCCO5)c(OC)n4)c3Cl)c2Cl)cnc1CNC[C@@H]1CCC(=O)N1,9.802934,-6.698863
100,mol373,-12.8,COc1ncnc(O[C@H]2CC[C@H](CCNCc3ncc(-c4cccc(-c5cccc(-c6cnc(CNC[C@H]7CCC(=O)N7)c(OC)n6)c5Cl)c4Cl)nc3OC)CC2)n1,COc1ncnc(O[C@H]2CC[C@H](CCNCc3ncc(-c4cccc(-c5cccc(-c6cnc(CNC[C@H]7CCC(=O)N7)c(OC)n6)c5Cl)c4Cl)nc3OC)CC2)n1,9.232347,-6.438297
60,mol30,-12.8,COc1cc(-c2cccc(-c3cccc(-c4cnc(CNCC[C@H]5CCCO5)c(OC)n4)c3Cl)c2Cl)cnc1OCCN1CCC(=O)N1,COc1cc(-c2cccc(-c3cccc(-c4cnc(CNCC[C@H]5CCCO5)c(OC)n4)c3Cl)c2Cl)cnc1OCCN1CCC(=O)N1,9.574428,-5.8277726
110,mol137,-12.79,O=C1CC[C@H](CNCc2ncc(-c3cccc(-c4cccc(-c5cncnn5)c4Cl)c3Cl)nc2OC2CC2)N1,O=C1CC[C@H](CNCc2ncc(-c3cccc(-c4cccc(-c5cncnn5)c4Cl)c3Cl)nc2OC2CC2)N1,9.19187,-6.2082343
90,mol448,-12.79,COc1nc(-c2cccc(-c3cccc(-c4cnc([C@H]5CC[C@H](O)C5)c(OC)n4)c3Cl)c2Cl)cnc1CNC[C@H]1CCCC(=O)N1,COc1nc(-c2cccc(-c3cccc(-c4cnc([C@H]5CC[C@H](O)C5)c(OC)n4)c3Cl)c2Cl)cnc1CNC[C@H]1CCCC(=O)N1,9.750004,-6.547018
40,mol52,-12.79,COc1nncc(-c2cccc(-c3cccc(-c4cnc(CNCC[C@H]5CCC(=O)N5)c(OC)n4)c3Cl)c2Cl)n1,COc1nncc(-c2cccc(-c3cccc(-c4cnc(CNCC[C@H]5CCC(=O)N5)c(OC)n4)c3Cl)c2Cl)n1,9.738,-4.8729277
120,mol59,-12.79,COc1nc(-c2cccc(-c3cccc(-c4cnc(CNCC[C@@H]5CCCO5)c(OC)n4)c3Cl)c2Cl)cnc1CO,COc1nc(-c2cccc(-c3cccc(-c4cnc(CNCC[C@@H]5CCCO5)c(OC)n4)c3Cl)c2Cl)cnc1CO,9.697932,-6.2659984
20,mol339,-12.78,CCOc1nc(-c2cccc(-c3cccc(-c4cnc(CNC[C@H]5CCC(=O)N5)c(OC)n4)c3Cl)c2Cl)cnc1OCC1CCOCC1,CCOc1nc(-c2cccc(-c3cccc(-c4cnc(CNC[C@H]5CCC(=O)N5)c(OC)n4)c3Cl)c2Cl)cnc1OCC1CCOCC1,9.206083,-6.7364097
60,mol92,-12.78,COc1nc(-c2cccc(-c3cccc(-c4cnc(CNC5CCC5)c(OC)n4)c3Cl)c2Cl)cnc1CCC1CCCC1,COc1nc(-c2cccc(-c3cccc(-c4cnc(CNC5CCC5)c(OC)n4)c3Cl)c2Cl)cnc1CCC1CCCC1,8.842121,-7.0460134
10,mol24,-12.77,Clc1ncccc1-c1cccc(-c2cccc(-n3nccn3)c2Cl)c1Cl,Clc1ncccc1-c1cccc(-c2cccc(-n3nccn3)c2Cl)c1Cl,7.2803082,-6.344413
80,mol206,-12.77,COc1nc(-c2cccc(-c3cccc(-c4cnc(CNC[C@H]5CCC(=O)N5)c(OC)n4)c3Cl)c2Cl)cnc1CCCCCn1cnc(C)n1,COc1nc(-c2cccc(-c3cccc(-c4cnc(CNC[C@H]5CCC(=O)N5)c(OC)n4)c3Cl)c2Cl)cnc1CCCCCn1cnc(C)n1,9.527274,-6.498962
60,mol333,-12.77,COc1nc(-c2cccc(-c3cccc(-c4cnc(CNC[C@@H]5CCC(=O)N5)c(OC)n4)c3Cl)c2Cl)cnc1CCC(=O)O,COc1nc(-c2cccc(-c3cccc(-c4cnc(CNC[C@@H]5CCC(=O)N5)c(OC)n4)c3Cl)c2Cl)cnc1CCC(=O)O,9.76804,-5.9804816
130,mol4,-12.77,COc1nc(-c2cccc(-c3ccnc(-c4cnc(CNC[C@H]5CCC(=O)N5)c(OC)c4Cl)c3Cl)c2Cl)cnc1CNCC[C@H]1CCCO1,COc1nc(-c2cccc(-c3ccnc(-c4cnc(CNC[C@H]5CCC(=O)N5)c(OC)c4Cl)c3Cl)c2Cl)cnc1CNCC[C@H]1CCCO1,9.466595,-6.222798
30,mol436,-12.77,COc1nc(-c2cccc(-c3cccc(-c4cnc(OC[C@@H]5CCO5)c(OC)n4)c3Cl)c2Cl)cnc1CNC[C@H]1CCC(=O)N1,COc1nc(-c2cccc(-c3cccc(-c4cnc(OC[C@@H]5CCO5)c(OC)n4)c3Cl)c2Cl)cnc1CNC[C@H]1CCC(=O)N1,9.689813,-6.2741175
20,mol405,-12.77,COc1nc(-c2cccc(-c3cccc(-c4cnc(NCCC5CCOCC5)c(OC)n4)c3Cl)c2Cl)cnc1CNC[C@@H]1CCC(=O)N1,COc1nc(-c2cccc(-c3cccc(-c4cnc(NCCC5CCOCC5)c(OC)n4)c3Cl)c2Cl)cnc1CNC[C@@H]1CCC(=O)N1,9.48357,-6.4248004
50,mol368,-12.76,COc1nc(-c2cccc(-c3cccc(-c4cncc(CNC[C@H]5CCC(=O)N5)c4)c3Cl)c2Cl)cnc1CNCC[C@H]1CCCO1,COc1nc(-c2cccc(-c3cccc(-c4cncc(CNC[C@H]5CCC(=O)N5)c4)c3Cl)c2Cl)cnc1CNCC[C@H]1CCCO1,9.677734,-6.164056
100,mol162,-12.76,COc1ncn(-c2cccc(-c3cccc(-c4cnc(CNC[C@@H]5CCC(=O)N5)c(OC)n4)c3Cl)c2Cl)n1,COc1ncn(-c2cccc(-c3cccc(-c4cnc(CNC[C@@H]5CCC(=O)N5)c(OC)n4)c3Cl)c2Cl)n1,9.7258005,-4.510058
100,mol116,-12.76,COc1nc(-c2cccc(-c3cncc(-c4cnc(CNC[C@@H]5CCC(=O)N5)c(OC)n4)c3Cl)c2Cl)cnc1CNCC[C@H]1CCCO1,COc1nc(-c2cccc(-c3cncc(-c4cnc(CNC[C@@H]5CCC(=O)N5)c(OC)n4)c3Cl)c2Cl)cnc1CNCC[C@H]1CCCO1,9.83838,-5.9212623
20,mol209,-12.76,COc1nc(-c2cccc(-c3cccc(-c4cnn(C)c4)c3Cl)c2Cl)cnc1CNCCC1CCOCC1,COc1nc(-c2cccc(-c3cccc(-c4cnn(C)c4)c3Cl)c2Cl)cnc1CNCCC1CCOCC1,9.333034,-6.3506885
70,mol479,-12.76,COc1cnc(-c2cncc(-c3cccc(-c4cnc(CNC[C@@H]5CCC(=O)N5)c(OC)n4)c3Cl)c2Cl)cn1,COc1cnc(-c2cncc(-c3cccc(-c4cnc(CNC[C@@H]5CCC(=O)N5)c(OC)n4)c3Cl)c2Cl)cn1,9.499483,-5.3934107
10,mol237,-12.76,COc1nc(-c2cccc(-c3cccc(-c4cnc(OCCC[C@H]5CCOC5)c(OC)n4)c3Cl)c2Cl)cnc1CNC[C@H]1CCC(=O)N1,COc1nc(-c2cccc(-c3cccc(-c4cnc(OCCC[C@H]5CCOC5)c(OC)n4)c3Cl)c2Cl)cnc1CNC[C@H]1CCC(=O)N1,9.508193,-6.1071496
70,mol104,-12.76,COc1nc(-c2ccc(-c3cccc(-c4cnc(CNC[C@H]5CCC(=O)N5)c(OC)n4)c3Cl)cc2Cl)cnc1C[C@H]1CCCO1,COc1nc(-c2ccc(-c3cccc(-c4cnc(CNC[C@H]5CCC(=O)N5)c(OC)n4)c3Cl)cc2Cl)cnc1C[C@H]1CCCO1,9.502896,-6.1769853
50,mol123,-12.76,Oc1nc(-c2cccc(-c3cccc(-c4cncnc4)c3Cl)c2Cl)cnc1CNCC[C@H]1CCCO1,Oc1nc(-c2cccc(-c3cccc(-c4cncnc4)c3Cl)c2Cl)cnc1CNCC[C@H]1CCCO1,8.509077,-6.119783
70,mol474,-12.76,COc1cc(-c2cccc(-c3cccc(-c4cnc(CCCCC5CCCC5)c(OC)n4)c3Cl)c2Cl)cnc1CNCC1CCCC1,COc1cc(-c2cccc(-c3cccc(-c4cnc(CCCCC5CCCC5)c(OC)n4)c3Cl)c2Cl)cnc1CNCC1CCCC1,9.028703,-7.231259
90,mol387,-12.76,COc1nc(-c2cccc(-c3cccc(-c4cnc(COCCNCCC5CCCC5)c(OC)n4)c3Cl)c2Cl)cnc1CNC[C@@H]1CCC(=O)N1,COc1nc(-c2cccc(-c3cccc(-c4cnc(COCCNCCC5CCCC5)c(OC)n4)c3Cl)c2Cl)cnc1CNC[C@@H]1CCC(=O)N1,9.2456455,-6.6075425
10,mol416,-12.75,COc1nc(-c2cccc(-c3cccc(-c4cnc(OCCC[C@@H]5CCCO5)c(OC)n4)c3Cl)c2Cl)cnc1CNC[C@H]1CCC(=O)N1,COc1nc(-c2cccc(-c3cccc(-c4cnc(OCCC[C@@H]5CCCO5)c(OC)n4)c3Cl)c2Cl)cnc1CNC[C@H]1CCC(=O)N1,9.517523,-6.31542
40,mol177,-12.75,COc1nc(-c2cccc(-c3cccc(-c4cnc(CNC[C@@H]5CCC(=O)N5)c(OC)n4)c3Cl)c2Cl)cnc1CNCCC1CCCCC1,COc1nc(-c2cccc(-c3cccc(-c4cnc(CNC[C@@H]5CCC(=O)N5)c(OC)n4)c3Cl)c2Cl)cnc1CNCCC1CCCCC1,9.380609,-6.906367
30,mol206,-12.75,COc1nc(-c2cccc(-c3cccc(-c4cn(C)c(C[C@H]5CCC(=O)N5)n4)c3Cl)c2Cl)cnc1CNCC[C@@H]1CCCO1,COc1nc(-c2cccc(-c3cccc(-c4cn(C)c(C[C@H]5CCC(=O)N5)n4)c3Cl)c2Cl)cnc1CNCC[C@@H]1CCCO1,9.688703,-5.7140393
20,mol237,-12.75,COc1nc(-c2cccc(-c3cccc(-c4cnc(COC[C@@H]5CCC(=O)N5)c(OC)n4)c3Cl)c2Cl)cnc1CNCC[C@H]1CCCO1,COc1nc(-c2cccc(-c3cccc(-c4cnc(COC[C@@H]5CCC(=O)N5)c(OC)n4)c3Cl)c2Cl)cnc1CNCC[C@H]1CCCO1,9.449891,-6.311438
50,mol381,-12.75,COc1nc(-c2cccc(-c3cccc(-c4cnc(CNC[C@H]5CCC(=O)N5)c(OC)n4)c3Cl)c2Cl)cnc1CNCc1nccn1CCC[C@H]1CCCO1,COc1nc(-c2cccc(-c3cccc(-c4cnc(CNC[C@H]5CCC(=O)N5)c(OC)n4)c3Cl)c2Cl)cnc1CNCc1nccn1CCC[C@H]1CCCO1,9.250699,-6.16582
60,mol326,-12.75,COc1nc(-c2cccc(-c3cccc(-c4cncc(CNC[C@H]5CCC(=O)N5)c4Cl)c3Cl)c2Cl)cnc1CNCCCN1CCCC1,COc1nc(-c2cccc(-c3cccc(-c4cncc(CNC[C@H]5CCC(=O)N5)c4Cl)c3Cl)c2Cl)cnc1CNCCCN1CCCC1,9.410187,-6.2037363
70,mol38,-12.74,COc1nc(-c2cccc(-c3cccc(-c4cnc(CNC[C@H]5CCC(=O)N5)c(O)c4)c3Cl)c2Cl)cnc1CNCCC1CCC1,COc1nc(-c2cccc(-c3cccc(-c4cnc(CNC[C@H]5CCC(=O)N5)c(O)c4)c3Cl)c2Cl)cnc1CNCCC1CCC1,9.564135,-6.725936
20,mol117,-12.74,O=C1CC[C@@H](Oc2cc(-c3cccc(-c4cccc(-c5cn(CCCO)cn5)c4Cl)c3)cnc2CN[C@H]2CC[C@@H](O)C2)N1,O=C1CC[C@@H](Oc2cc(-c3cccc(-c4cccc(-c5cn(CCCO)cn5)c4Cl)c3)cnc2CN[C@H]2CC[C@@H](O)C2)N1,8.347565,-5.8951025
130,mol436,-12.74,COc1nc(-c2cccc(-c3cccc(-c4cnc(CNCC5CCCCC5)c(OC)n4)c3Cl)c2Cl)cnc1CNCC[C@H]1CCCO1,COc1nc(-c2cccc(-c3cccc(-c4cnc(CNCC5CCCCC5)c(OC)n4)c3Cl)c2Cl)cnc1CNCC[C@H]1CCCO1,9.39287,-6.48325
30,mol297,-12.74,CCOc1nc(-c2cccc(-c3cccc(-c4cnc(CNC[C@@H]5CCC(=O)N5)c(OC)n4)c3Cl)c2Cl)cnc1OCCn1cncn1,CCOc1nc(-c2cccc(-c3cccc(-c4cnc(CNC[C@@H]5CCC(=O)N5)c(OC)n4)c3Cl)c2Cl)cnc1OCCn1cncn1,9.611479,-6.185342
40,mol375,-12.74,CCOc1nc(-c2cccc(-c3cccc(-c4cnc(CNC[C@@H]5CCC(=O)N5)c(OC)n4)c3Cl)c2Cl)cnc1CNCCC1CCCCC1,CCOc1nc(-c2cccc(-c3cccc(-c4cnc(CNC[C@@H]5CCC(=O)N5)c(OC)n4)c3Cl)c2Cl)cnc1CNCCC1CCCCC1,9.331466,-6.912629
20,mol341,-12.74,Nc1nc(-c2cccc(-c3cccc(-c4ncc(C[C@H]5CCC(=O)N5)c(OC[C@@H]5CCC(=O)N5)c4Cl)c3Cl)c2Cl)cnc1CNCC[C@H]1CCCO1,Nc1nc(-c2cccc(-c3cccc(-c4ncc(C[C@H]5CCC(=O)N5)c(OC[C@@H]5CCC(=O)N5)c4Cl)c3Cl)c2Cl)cnc1CNCC[C@H]1CCCO1,8.712512,-6.5064387
10,mol205,-12.74,COc1nc(-c2cccc(-c3cccc(-c4cnc(C(C)C)c(OC)n4)c3Cl)c2Cl)cnc1CNCC[C@@H]1CCCO1,COc1nc(-c2cccc(-c3cccc(-c4cnc(C(C)C)c(OC)n4)c3Cl)c2Cl)cnc1CNCC[C@@H]1CCCO1,9.329592,-6.0918975
30,mol376,-12.74,COc1nc(-c2cccc(-c3cccc(-c4cnc(CCCC(=O)O)cn4)c3Cl)c2Cl)cnc1CNCC[C@H]1CCCOC1,COc1nc(-c2cccc(-c3cccc(-c4cnc(CCCC(=O)O)cn4)c3Cl)c2Cl)cnc1CNCC[C@H]1CCCOC1,9.716388,-6.014621
120,mol379,-12.74,COc1nc(-c2cccc(-c3cccc(-c4cncnc4)c3Cl)c2Cl)cnc1CNCCC1CCCC1,COc1nc(-c2cccc(-c3cccc(-c4cncnc4)c3Cl)c2Cl)cnc1CNCCC1CCCC1,9.060683,-6.85514
80,mol121,-12.74,CCOc1cnc(-c2cccc(-c3cccc(-c4cnc(CNC[C@@H]5CCC(=O)N5)c(OC)n4)c3Cl)c2Cl)cn1,CCOc1cnc(-c2cccc(-c3cccc(-c4cnc(CNC[C@@H]5CCC(=O)N5)c(OC)n4)c3Cl)c2Cl)cn1,9.534371,-6.4754686
90,mol446,-12.73,COc1nc(-c2cccc(-c3cccc(-c4cnc(CNCC[C@H]5CCCO5)c(OC)n4)c3Cl)c2Cl)cnc1CN,COc1nc(-c2cccc(-c3cccc(-c4cnc(CNCC[C@H]5CCCO5)c(OC)n4)c3Cl)c2Cl)cnc1CN,9.662073,-5.886443
120,mol460,-12.73,COc1nc(-c2ccc(-c3cccc(-c4cnc(CNC[C@H]5CCC(=O)N5)c(O)n4)c3Cl)cc2Cl)cnc1CNCC[C@H]1CCCO1,COc1nc(-c2ccc(-c3cccc(-c4cnc(CNC[C@H]5CCC(=O)N5)c(O)n4)c3Cl)cc2Cl)cnc1CNCC[C@H]1CCCO1,9.75384,-5.9617066
100,mol38,-12.73,COc1nc(-c2cccc(-c3cccc(-c4cnc(CNCC5CCOCC5)c(OC)n4)c3Cl)c2Cl)cnc1CNCC[C@H]1CCCO1,COc1nc(-c2cccc(-c3cccc(-c4cnc(CNCC5CCOCC5)c(OC)n4)c3Cl)c2Cl)cnc1CNCC[C@H]1CCCO1,9.51947,-6.3753552
70,mol129,-12.73,CCOc1nc(-c2cccc(-c3cccc(-c4cnc(CNC[C@@H]5CCC(=O)N5)c(OC)n4)c3Cl)c2Cl)cnc1CCCCC1CCCC1,CCOc1nc(-c2cccc(-c3cccc(-c4cnc(CNC[C@@H]5CCC(=O)N5)c(OC)n4)c3Cl)c2Cl)cnc1CCCCC1CCCC1,9.377879,-7.119219
120,mol352,-12.72,COc1nc(-c2cccc(-c3cccc(-c4cnc(CNC5CCCC5)c(OC)n4)c3Cl)c2Cl)cnc1CNCC[C@@H]1CCCO1,COc1nc(-c2cccc(-c3cccc(-c4cnc(CNC5CCCC5)c(OC)n4)c3Cl)c2Cl)cnc1CNCC[C@@H]1CCCO1,9.215214,-6.3698916
30,mol462,-12.72,COc1nc(-c2cccc(-c3cccc(-c4cnc(OCC[C@@H]5COCO5)c(OC)n4)c3Cl)c2Cl)cnc1CNC[C@@H]1CCC(=O)N1,COc1nc(-c2cccc(-c3cccc(-c4cnc(OCC[C@@H]5COCO5)c(OC)n4)c3Cl)c2Cl)cnc1CNC[C@@H]1CCC(=O)N1,9.692992,-6.386524
20,mol59,-12.72,COc1nc(-c2cccc(-c3cccc(-c4cnc(OCCC[C@@H]5CCO5)c(OC)n4)c3Cl)c2Cl)cnc1CNC[C@H]1CCC(=O)N1,COc1nc(-c2cccc(-c3cccc(-c4cnc(OCCC[C@@H]5CCO5)c(OC)n4)c3Cl)c2Cl)cnc1CNC[C@H]1CCC(=O)N1,9.576578,-6.175362
30,mol374,-12.72,COc1nc(-c2cccc(-c3cccc(-c4cnc(OC[C@H]5CCOC5)c(OC)n4)c3Cl)c2Cl)cnc1CCNC[C@@H]1CCC(=O)N1,COc1nc(-c2cccc(-c3cccc(-c4cnc(OC[C@H]5CCOC5)c(OC)n4)c3Cl)c2Cl)cnc1CCNC[C@@H]1CCC(=O)N1,9.57435,-6.1133947
70,mol414,-12.72,COc1nc(-c2cccc(-c3cccc(-c4cnn(C)n4)c3Cl)c2Cl)cnc1CCC1CCCC1,COc1nc(-c2cccc(-c3cccc(-c4cnn(C)n4)c3Cl)c2Cl)cnc1CCC1CCCC1,8.904833,-6.8804855
70,mol352,-12.72,COc1nc(-c2cccc(-c3cccc(-c4cnc(CNC[C@@H]5CCC(=O)N5)c(OC)n4)c3Cl)c2Cl)cnc1CCCNCCCCC1CCCC1,COc1nc(-c2cccc(-c3cccc(-c4cnc(CNC[C@@H]5CCC(=O)N5)c(OC)n4)c3Cl)c2Cl)cnc1CCCNCCCCC1CCCC1,9.148681,-6.894463
110,mol196,-12.72,O=C1CC[C@@H](NCc2cnc(-c3cccc(-c4cccc(-c5cn(CCO)cn5)c4Cl)c3Cl)cn2)N1,O=C1CC[C@@H](NCc2cnc(-c3cccc(-c4cccc(-c5cn(CCO)cn5)c4Cl)c3Cl)cn2)N1,8.342126,-4.8716817
50,mol296,-12.71,COc1nc(-c2cccc(-c3cccc(-c4cnc(CNCC[C@@H]5CCCO5)c(OC[C@@]5(O)OCC[C@H]5OC)n4)c3Cl)c2Cl)cnc1CNC[C@@H]1CCC(=O)N1,COc1nc(-c2cccc(-c3cccc(-c4cnc(CNCC[C@@H]5CCCO5)c(OC[C@@]5(O)OCC[C@H]5OC)n4)c3Cl)c2Cl)cnc1CNC[C@@H]1CCC(=O)N1,9.644047,-5.6312475
50,mol383,-12.71,COc1nc(OC)nc(-c2cccc(-c3cccc(-c4cnc(CNC[C@H]5CCC(=O)N5)c(OC)n4)c3Cl)c2Cl)n1,COc1nc(OC)nc(-c2cccc(-c3cccc(-c4cnc(CNC[C@H]5CCC(=O)N5)c(OC)n4)c3Cl)c2Cl)n1,9.591462,-5.530928
10,mol235,-12.71,COc1nc(-c2ccc(-c3cccc(-c4cncc(CNC[C@@H]5CCC(=O)N5)c4Cl)c3Cl)cc2Cl)cnc1CNC[C@H]1CCCO1,COc1nc(-c2ccc(-c3cccc(-c4cncc(CNC[C@@H]5CCC(=O)N5)c4Cl)c3Cl)cc2Cl)cnc1CNC[C@H]1CCCO1,9.177684,-6.44058
10,mol173,-12.71,COc1nc(-c2cccc(-c3cccc(-c4cnc(OCCNCC5CCOCC5)c(OC)n4)c3Cl)c2Cl)cnc1CN[C@H]1CCC(=O)N1,COc1nc(-c2cccc(-c3cccc(-c4cnc(OCCNCC5CCOCC5)c(OC)n4)c3Cl)c2Cl)cnc1CN[C@H]1CCC(=O)N1,9.808218,-6.261251
80,mol269,-12.7,COc1nc(-c2cccc(-c3cccc(-c4cncnc4)c3Cl)c2Cl)cnc1CCC[C@H]1CCCO1,COc1nc(-c2cccc(-c3cccc(-c4cncnc4)c3Cl)c2Cl)cnc1CCC[C@H]1CCCO1,8.985107,-6.2317405
90,mol419,-12.7,COc1nc(-c2cccc(-c3cccc(-c4cncnc4)c3Cl)c2Cl)cnc1CNCC[C@H]1CCCO1,COc1nc(-c2cccc(-c3cccc(-c4cncnc4)c3Cl)c2Cl)cnc1CNCC[C@H]1CCCO1,9.328016,-6.3947687
20,mol486,-12.69,COc1nc(-c2cccc(-c3cccc(-c4cn(C)nc4C)c3Cl)c2Cl)cnc1CNCC[C@H]1CCCO1,COc1nc(-c2cccc(-c3cccc(-c4cn(C)nc4C)c3Cl)c2Cl)cnc1CNCC[C@H]1CCCO1,9.276003,-6.1135564
30,mol275,-12.69,COc1nc(-c2cccc(-c3cccc(-c4cnn(C)c4)c3Cl)c2Cl)cnc1CNCC[C@@H]1CCCO1,COc1nc(-c2cccc(-c3cccc(-c4cnn(C)c4)c3Cl)c2Cl)cnc1CNCC[C@@H]1CCCO1,9.353613,-6.0082755
10,mol55,-12.69,OCCCn1cnc(-c2cccc(-c3cccc(-c4cnc(CN[C@@H]5CC[C@@H](O)C5)cn4)c3Cl)c2Cl)c1,OCCCn1cnc(-c2cccc(-c3cccc(-c4cnc(CN[C@@H]5CC[C@@H](O)C5)cn4)c3Cl)c2Cl)c1,8.327733,-5.8659143
30,mol365,-12.69,COc1nc(-c2cccc(-c3cccc(-c4cnc(CC(=O)O)c(OC)n4)c3Cl)c2Cl)cnc1CNCCCC1CCOCC1,COc1nc(-c2cccc(-c3cccc(-c4cnc(CC(=O)O)c(OC)n4)c3Cl)c2Cl)cnc1CNCCCC1CCOCC1,9.726264,-6.272224
60,mol153,-12.69,COc1nc(-c2cccc(-c3cccc(-c4cnc(C(=O)N5CC[C@H](O)C5)c(OC)c4Cl)c3Cl)c2Cl)cnc1CCCNCC[C@H]1CCCO1,COc1nc(-c2cccc(-c3cccc(-c4cnc(C(=O)N5CC[C@H](O)C5)c(OC)c4Cl)c3Cl)c2Cl)cnc1CCCNCC[C@H]1CCCO1,9.549891,-6.4961824
130,mol265,-12.69,COc1cnc(-c2cccc(-c3cccc(-c4cnc(CNCCCNC[C@@H]5CCC(=O)N5)c(OC)n4)c3Cl)c2Cl)cn1,COc1cnc(-c2cccc(-c3cccc(-c4cnc(CNCCCNC[C@@H]5CCC(=O)N5)c(OC)n4)c3Cl)c2Cl)cn1,9.708722,-5.987609
60,mol300,-12.69,COCCOc1nc(-c2cccc(-c3cccc(-c4cnc(CNC[C@@H]5CCC(=O)N5)c(OC)n4)c3Cl)c2Cl)cnc1CNCC[C@H]1CCCO1,COCCOc1nc(-c2cccc(-c3cccc(-c4cnc(CNC[C@@H]5CCC(=O)N5)c(OC)n4)c3Cl)c2Cl)cnc1CNCC[C@H]1CCCO1,9.769608,-5.9112606
20,mol66,-12.69,COc1nc(-c2cccc(-c3cccc(-c4cnc(CNC[C@H]5CCC(=O)N5)c(OC)n4)c3Cl)c2Cl)cnc1CNCCC[C@H]1CCCO1,COc1nc(-c2cccc(-c3cccc(-c4cnc(CNC[C@H]5CCC(=O)N5)c(OC)n4)c3Cl)c2Cl)cnc1CNCCC[C@H]1CCCO1,9.860905,-6.031625
100,mol209,-12.69,COCCOc1ncnc(-c2cccc(-c3cccc(-c4cnc(CNC[C@H]5CCC(=O)N5)c(OC)n4)c3Cl)c2Cl)c1Cl,COCCOc1ncnc(-c2cccc(-c3cccc(-c4cnc(CNC[C@H]5CCC(=O)N5)c(OC)n4)c3Cl)c2Cl)c1Cl,9.626137,-6.5644307
120,mol28,-12.68,COc1nc(-c2cccc(-c3cccc(-c4cnc(CNC[C@@H]5CCC(=O)N5)c(O)n4)c3Cl)c2Cl)cnc1CNCC[C@@H]1CCOC1,COc1nc(-c2cccc(-c3cccc(-c4cnc(CNC[C@@H]5CCC(=O)N5)c(O)n4)c3Cl)c2Cl)cnc1CNCC[C@@H]1CCOC1,9.977969,-5.7105603
20,mol10,-12.68,COc1nc(-c2cccc(-c3cccc(-c4cnc(OCCCn5cncn5)c(OC)n4)c3Cl)c2Cl)cnc1CNC[C@H]1CCC(=O)N1,COc1nc(-c2cccc(-c3cccc(-c4cnc(OCCCn5cncn5)c(OC)n4)c3Cl)c2Cl)cnc1CNC[C@H]1CCC(=O)N1,9.656607,-6.219161
10,mol155,-12.68,COc1nc(-c2cccc(-c3cccc(-c4cnc(NCCC[C@H]5CCCO5)c(OC)n4)c3Cl)c2Cl)cnc1CNC[C@@H]1CCC(=O)N1,COc1nc(-c2cccc(-c3cccc(-c4cnc(NCCC[C@H]5CCCO5)c(OC)n4)c3Cl)c2Cl)cnc1CNC[C@@H]1CCC(=O)N1,9.561147,-6.2585335
20,mol181,-12.68,COc1nc(-c2cccc(-c3cccc(-c4cnc(NCCC5CCOCC5)c(OC)n4)c3Cl)c2Cl)cnc1CCNC[C@H]1CCC(=O)N1,COc1nc(-c2cccc(-c3cccc(-c4cnc(NCCC5CCOCC5)c(OC)n4)c3Cl)c2Cl)cnc1CCNC[C@H]1CCC(=O)N1,9.483976,-6.4098263
30,mol179,-12.68,COc1nc(-c2cccc(-c3cccc(-c4cn(C[C@@H]5CCC(=O)N5)c(C[C@@H]5CCC(=O)N5)n4)c3Cl)c2Cl)cnc1CNCC[C@H]1CCCO1,COc1nc(-c2cccc(-c3cccc(-c4cn(C[C@@H]5CCC(=O)N5)c(C[C@@H]5CCC(=O)N5)n4)c3Cl)c2Cl)cnc1CNCC[C@H]1CCCO1,9.930338,-5.7875104
60,mol437,-12.67,COc1nc(-c2cccc(-c3cccc(-c4cnc(CNC[C@H]5CCC(=O)N5)c(OC)c4Cl)c3Cl)c2Cl)cnc1CNCCC1CCC1,COc1nc(-c2cccc(-c3cccc(-c4cnc(CNC[C@H]5CCC(=O)N5)c(OC)c4Cl)c3Cl)c2Cl)cnc1CNCCC1CCC1,9.480687,-6.8807545
30,mol381,-12.67,COc1nc(-c2cccc(-c3cccc(-c4cnc(CC(=O)O)cn4)c3Cl)c2Cl)cnc1CNCC[C@H]1CCCO1,COc1nc(-c2cccc(-c3cccc(-c4cnc(CC(=O)O)cn4)c3Cl)c2Cl)cnc1CNCC[C@H]1CCCO1,9.626459,-6.0706363
60,mol131,-12.67,COc1nc(-c2cccc(-c3cccc(-c4cnc(CNC[C@H]5CCC(=O)N5)c(OC)n4)c3Cl)c2Cl)cnc1CNCCCC[C@H]1CCCO1,COc1nc(-c2cccc(-c3cccc(-c4cnc(CNC[C@H]5CCC(=O)N5)c(OC)n4)c3Cl)c2Cl)cnc1CNCCCC[C@H]1CCCO1,9.642779,-6.2576613
110,mol379,-12.67,COc1nc(-c2cccc(-c3cccc(-c4cnc(OCCN5CCCO5)c(OC)n4)c3Cl)c2Cl)cnc1CNC[C@@H]1CCC(=O)N1,COc1nc(-c2cccc(-c3cccc(-c4cnc(OCCN5CCCO5)c(OC)n4)c3Cl)c2Cl)cnc1CNC[C@@H]1CCC(=O)N1,9.643449,-5.922801
40,mol282,-12.67,COc1nc(-c2cccc(-c3cccc(-c4cnc(CNC[C@@H]5CCCO5)c(OC)n4)c3Cl)c2Cl)cnc1CCNC[C@@H]1CCC(=O)N1,COc1nc(-c2cccc(-c3cccc(-c4cnc(CNC[C@@H]5CCCO5)c(OC)n4)c3Cl)c2Cl)cnc1CCNC[C@@H]1CCC(=O)N1,9.838565,-6.0760527
10,mol87,-12.66,COc1nc(-c2cccc(-c3cccc(-c4cnc(OCCC5CC5)c(OC)n4)c3Cl)c2Cl)cnc1CNC[C@H]1CCC(=O)N1,COc1nc(-c2cccc(-c3cccc(-c4cnc(OCCC5CC5)c(OC)n4)c3Cl)c2Cl)cnc1CNC[C@H]1CCC(=O)N1,9.373358,-6.862097
50,mol367,-12.66,COc1nc(-c2cccc(-c3cccc(-c4cnc(C(C)(C)C)nc4)c3Cl)c2Cl)cnc1CNCC[C@H]1CCCO1,COc1nc(-c2cccc(-c3cccc(-c4cnc(C(C)(C)C)nc4)c3Cl)c2Cl)cnc1CNCC[C@H]1CCCO1,9.197717,-6.659214
10,mol221,-12.66,COc1nc(-c2cccc(-c3cccc(-c4cnc(OCCN[C@H]5CCOC5)c(OC)n4)c3Cl)c2Cl)cnc1CNC[C@@H]1CCC(=O)N1,COc1nc(-c2cccc(-c3cccc(-c4cnc(OCCN[C@H]5CCOC5)c(OC)n4)c3Cl)c2Cl)cnc1CNC[C@@H]1CCC(=O)N1,9.778464,-5.248791
30,mol382,-12.66,COc1nc(-c2cccc(-c3cccc(-c4cnc(CNCC[C@H]5CCCO5)c(OC)n4)c3Cl)c2Cl)cnc1CNCC[C@@H]1CCC(=O)N1,COc1nc(-c2cccc(-c3cccc(-c4cnc(CNCC[C@H]5CCCO5)c(OC)n4)c3Cl)c2Cl)cnc1CNCC[C@@H]1CCC(=O)N1,9.851001,-5.7001824
60,mol174,-12.65,C[C@@H]1CC[C@H](O)C[C@H]1n1c(-c2ccc(-c3cccc(-c4cccc(-c5cccc(OCC(=O)O)c5)c4Cl)c3Cl)cc2Cl)cnc1CNCCC1CCCC1,C[C@@H]1CC[C@H](O)C[C@H]1n1c(-c2ccc(-c3cccc(-c4cccc(-c5cccc(OCC(=O)O)c5)c4Cl)c3Cl)cc2Cl)cnc1CNCCC1CCCC1,8.029705,-6.558173
80,mol105,-12.65,CCOc1nc(-c2cccc(-c3cccc(-c4cnc(CNC[C@H]5CCC(=O)N5)c(OC)n4)c3Cl)c2Cl)cnc1CCCCO,CCOc1nc(-c2cccc(-c3cccc(-c4cnc(CNC[C@H]5CCC(=O)N5)c(OC)n4)c3Cl)c2Cl)cnc1CCCCO,9.698,-6.488451
10,mol56,-12.65,COc1nc(-c2cccc(-c3cccc(-c4cnc(CNCC[C@@H]5CCCO5)c(OC)n4)c3Cl)c2)cnc1CNC[C@@H]1CCC(=O)N1,COc1nc(-c2cccc(-c3cccc(-c4cnc(CNCC[C@@H]5CCCO5)c(OC)n4)c3Cl)c2)cnc1CNC[C@@H]1CCC(=O)N1,9.826139,-5.5574155
30,mol177,-12.65,COc1nc(-c2cccc(-c3cccc(-c4cnc(CNC[C@@H]5CCC(=O)N5)cn4)c3Cl)c2Cl)cnc1NCCC[C@H]1CCCO1,COc1nc(-c2cccc(-c3cccc(-c4cnc(CNC[C@@H]5CCC(=O)N5)cn4)c3Cl)c2Cl)cnc1NCCC[C@H]1CCCO1,9.261526,-6.25575
30,mol237,-12.65,COc1nc(-c2ccc(-c3cccc(-c4cnc(CN[C@H]5CCC(=O)N5)c(OC)n4)c3Cl)cc2C(=O)O)cnc1CNCC[C@@H]1CCCO1,COc1nc(-c2ccc(-c3cccc(-c4cnc(CN[C@H]5CCC(=O)N5)c(OC)n4)c3Cl)cc2C(=O)O)cnc1CNCC[C@@H]1CCCO1,9.649756,-4.87966
30,mol204,-12.65,COc1nc(-c2cccc(-c3cccc(-c4cnc(OCCNC[C@H]5CCCO5)c(OC)n4)c3Cl)c2Cl)cnc1CNC[C@@H]1CCC(=O)N1,COc1nc(-c2cccc(-c3cccc(-c4cnc(OCCNC[C@H]5CCCO5)c(OC)n4)c3Cl)c2Cl)cnc1CNC[C@@H]1CCC(=O)N1,9.785613,-5.8283534
10,mol272,-12.64,CO/C1=N/C(c2cccc(-c3cccc(-c4cnc(CNC[C@H]5CCC(=O)N5)c(OC)n4)c3Cl)c2Cl)=N\C2=N/CNCCC[C@H]1CCCCNCCCCO2,CO/C1=N/C(c2cccc(-c3cccc(-c4cnc(CNC[C@H]5CCC(=O)N5)c(OC)n4)c3Cl)c2Cl)=N\C2=N/CNCCC[C@H]1CCCCNCCCCO2,9.251687,-6.316491
30,mol411,-12.64,COc1nc(-c2cccc(-c3cccc(-c4cnn(C)c4)c3Cl)c2Cl)cnc1OC[C@@H]1CCCO1,COc1nc(-c2cccc(-c3cccc(-c4cnn(C)c4)c3Cl)c2Cl)cnc1OC[C@@H]1CCCO1,8.999533,-6.9056554
10,mol413,-12.64,COc1nc(-c2cccc(-c3cccc(-c4cnn(C)c4)c3Cl)c2Cl)cnc1OCCCn1cnc(C)c1,COc1nc(-c2cccc(-c3cccc(-c4cnn(C)c4)c3Cl)c2Cl)cnc1OCCCn1cnc(C)c1,9.153092,-6.55955
130,mol408,-12.64,COc1nc(-c2cccc(-c3cccc(-c4ccnc(CNC[C@@H]5CCC(=O)N5)c4Cl)c3Cl)c2Cl)cnc1CNCCCn1cncn1,COc1nc(-c2cccc(-c3cccc(-c4ccnc(CNC[C@@H]5CCC(=O)N5)c4Cl)c3Cl)c2Cl)cnc1CNCCCn1cncn1,9.633015,-6.149109
90,mol151,-12.64,COc1nc(-c2cccc(-c3cccc(-c4cnc(OC[C@@H]5CCC(=O)N5)c(OC)n4)c3Cl)c2Cl)cnc1CNCCC1CCC1,COc1nc(-c2cccc(-c3cccc(-c4cnc(OC[C@@H]5CCC(=O)N5)c(OC)n4)c3Cl)c2Cl)cnc1CNCCC1CCC1,9.175094,-7.0795336
20,mol241,-12.63,COc1nc(-c2cccc(-c3cncc(-c4cnc(OCCC[C@H]5CCCO5)c(OC)n4)c3Cl)c2Cl)cnc1CNC[C@H]1CCC(=O)N1,COc1nc(-c2cccc(-c3cncc(-c4cnc(OCCC[C@H]5CCCO5)c(OC)n4)c3Cl)c2Cl)cnc1CNC[C@H]1CCC(=O)N1,9.558511,-6.0757065
80,mol389,-12.63,COc1nc(-c2cccc(-c3cccc(-c4cncc(CNC[C@@H]5CCC(=O)N5)c4Cl)c3Cl)c2Cl)cnc1CNCCNCCC1CCC1,COc1nc(-c2cccc(-c3cccc(-c4cncc(CNC[C@@H]5CCC(=O)N5)c4Cl)c3Cl)c2Cl)cnc1CNCCNCCC1CCC1,9.272335,-6.671061
20,mol244,-12.63,COc1nc(OC)nc(-c2cccc(-c3cccc(-c4cnc(CN5CCC(=O)N5)c(OC)n4)c3Cl)c2Cl)n1,COc1nc(OC)nc(-c2cccc(-c3cccc(-c4cnc(CN5CCC(=O)N5)c(OC)n4)c3Cl)c2Cl)n1,9.37033,-5.6271152
130,mol31,-12.63,COc1nc(-c2cccc(-c3cccc(-c4cnc(CNC[C@H]5CCC(=O)N5)c(OC)n4)c3Cl)c2Cl)cnc1CNCC[C@H]1CC[C@@H](OC)CC1,COc1nc(-c2cccc(-c3cccc(-c4cnc(CNC[C@H]5CCC(=O)N5)c(OC)n4)c3Cl)c2Cl)cnc1CNCC[C@H]1CC[C@@H](OC)CC1,9.537559,-6.605865
90,mol401,-12.63,COc1nc(-c2cccc(-c3cccc(-c4cnc(CNC[C@@H]5CCC(=O)N5)c(OC)n4)c3Cl)c2Cl)cnc1CCCCO,COc1nc(-c2cccc(-c3cccc(-c4cnc(CNC[C@@H]5CCC(=O)N5)c(OC)n4)c3Cl)c2Cl)cnc1CCCCO,9.746328,-6.2605
80,mol261,-12.62,COc1nc(-c2cccc(-c3cccc(-c4cnn(C)n4)c3Cl)c2Cl)cnc1CCCCC1CCCC1,COc1nc(-c2cccc(-c3cccc(-c4cnn(C)n4)c3Cl)c2Cl)cnc1CCCCC1CCCC1,8.818821,-6.9556456
10,mol359,-12.62,COc1nc(-c2cccc(-c3cccc(-c4cnc(OCCCCn5cnc(C)c5)c(OC)n4)c3Cl)c2Cl)cnc1CNC[C@H]1CCC(=O)N1,COc1nc(-c2cccc(-c3cccc(-c4cnc(OCCCCn5cnc(C)c5)c(OC)n4)c3Cl)c2Cl)cnc1CNC[C@H]1CCC(=O)N1,9.342811,-6.26054
60,mol281,-12.62,COc1nc(-c2cccc(-c3cccc(-c4cnc(CN5CC[C@H](O)C5)c(OC)c4Cl)c3Cl)c2Cl)cnc1CNCC[C@@H]1CCCO1,COc1nc(-c2cccc(-c3cccc(-c4cnc(CN5CC[C@H](O)C5)c(OC)c4Cl)c3Cl)c2Cl)cnc1CNCC[C@@H]1CCCO1,9.48721,-6.1661234
30,mol85,-12.62,COc1nc(-c2cccc(-c3cccc(-c4cnc(CNC[C@H]5CCCO5)c(OC)n4)c3Cl)c2Cl)cnc1CCCCNC[C@H]1CCC(=O)N1,COc1nc(-c2cccc(-c3cccc(-c4cnc(CNC[C@H]5CCCO5)c(OC)n4)c3Cl)c2Cl)cnc1CCCCNC[C@H]1CCC(=O)N1,9.593672,-6.2888618
70,mol380,-12.62,COc1nc(CNCCc2cccc(-c3cccc(-c4cnc(CNC[C@H]5CCC(=O)N5)c(OC)n4)c3Cl)c2Cl)cnc1CC1CCCC1,COc1nc(CNCCc2cccc(-c3cccc(-c4cnc(CNC[C@H]5CCC(=O)N5)c(OC)n4)c3Cl)c2Cl)cnc1CC1CCCC1,9.247518,-6.793528
20,mol451,-12.62,COc1nc(-c2cccc(-c3cccc(-c4cnc([C@@H](CCCC[C@@H]5CCC(=O)N5)OC)nc4)c3Cl)c2Cl)cnc1COCC[C@H]1CCCO1,COc1nc(-c2cccc(-c3cccc(-c4cnc([C@@H](CCCC[C@@H]5CCC(=O)N5)OC)nc4)c3Cl)c2Cl)cnc1COCC[C@H]1CCCO1,9.409676,-6.4875927
100,mol183,-12.62,COc1ncn(-c2cccc(-c3cccc(-c4cnc(CNC[C@H]5CCC5=O)c(OC)n4)c3Cl)c2Cl)n1,COc1ncn(-c2cccc(-c3cccc(-c4cnc(CNC[C@H]5CCC5=O)c(OC)n4)c3Cl)c2Cl)n1,9.584138,-5.334173
120,mol36,-12.61,COc1nc(-c2cccc(-c3cccc(-c4cnc(CNC5CCC5)c(O)n4)c3Cl)c2Cl)cnc1CNCC[C@H]1CCCO1,COc1nc(-c2cccc(-c3cccc(-c4cnc(CNC5CCC5)c(O)n4)c3Cl)c2Cl)cnc1CNCC[C@H]1CCCO1,9.553609,-6.5108624
130,mol282,-12.61,COc1nc(-c2cccc(-c3cccc(-c4cnc(CNC[C@@H]5CCC(=O)N5)c(OC)c4Cl)c3Cl)c2Cl)cnc1CNCC[C@H]1CCCO1,COc1nc(-c2cccc(-c3cccc(-c4cnc(CNC[C@@H]5CCC(=O)N5)c(OC)c4Cl)c3Cl)c2Cl)cnc1CNCC[C@H]1CCCO1,9.5577135,-6.445283
60,mol287,-12.61,COc1cc(-c2cccc(-c3cccc(-c4cnc(CNCC[C@@H]5CCCO5)c(OC)n4)c3Cl)c2Cl)cnc1CO,COc1cc(-c2cccc(-c3cccc(-c4cnc(CNCC[C@@H]5CCCO5)c(OC)n4)c3Cl)c2Cl)cnc1CO,9.488531,-6.895323
30,mol126,-12.61,COc1nc(-c2cccc(-c3cccc(-c4cnc(C(C)(C)C)c(OC[C@H]5CCC(=O)N5)c4)c3Cl)c2Cl)cnc1CNCC[C@@H]1CCCO1,COc1nc(-c2cccc(-c3cccc(-c4cnc(C(C)(C)C)c(OC[C@H]5CCC(=O)N5)c4)c3Cl)c2Cl)cnc1CNCC[C@@H]1CCCO1,9.432818,-6.6118116
40,mol213,-12.61,COc1cnc(-c2cccc(-c3cccc(-c4cnc(CNC[C@@H]5CCC(=O)N5)c(OC)n4)c3)c2Cl)cn1,COc1cnc(-c2cccc(-c3cccc(-c4cnc(CNC[C@@H]5CCC(=O)N5)c(OC)n4)c3)c2Cl)cn1,9.415341,-5.13867
10,mol295,-12.61,COc1nc(-c2cccc(-c3cccc(-c4cnc(OCCC[NH+]5CCCC5)c(OC)n4)c3Cl)c2Cl)cnc1CNC[C@H]1CCC(=O)N1,COc1nc(-c2cccc(-c3cccc(-c4cnc(OCCC[NH+]5CCCC5)c(OC)n4)c3Cl)c2Cl)cnc1CNC[C@H]1CCC(=O)N1,9.746489,-4.6939945
90,mol185,-12.6,COc1nc(-c2cccc(-c3cccc(-c4cnc(CNC[C@H]5CCC(=O)N5)c(OC)n4)c3Cl)c2Cl)cnc1CNCC[C@H]1CC[C@@H](OCCO)CC1,COc1nc(-c2cccc(-c3cccc(-c4cnc(CNC[C@H]5CCC(=O)N5)c(OC)n4)c3Cl)c2Cl)cnc1CNCC[C@H]1CC[C@@H](OCCO)CC1,9.692046,-5.966126
80,mol148,-12.6,COc1nc(-c2cccc(-c3cccc(-c4cn(CCCC(=O)O)nn4)c3Cl)c2Cl)cnc1CCCC1CCCC1,COc1nc(-c2cccc(-c3cccc(-c4cn(CCCC(=O)O)nn4)c3Cl)c2Cl)cnc1CCCC1CCCC1,9.365938,-6.071603
10,mol376,-12.59,COc1nc(-c2cccc(-c3cccc(-c4cnc(OC[C@@H]5CCCO5)c(OC)n4)c3Cl)c2Cl)cnc1CNC[C@@H]1CCC(=O)N1,COc1nc(-c2cccc(-c3cccc(-c4cnc(OC[C@@H]5CCCO5)c(OC)n4)c3Cl)c2Cl)cnc1CNC[C@@H]1CCC(=O)N1,9.606849,-6.40956
110,mol305,-12.59,COc1nc(-c2cccc(-c3cccc(-c4cnc(CNC[C@@H]5CCC(=O)N5)cn4)c3Cl)c2Cl)cnc1CNCC[C@H]1CCCO1,COc1nc(-c2cccc(-c3cccc(-c4cnc(CNC[C@@H]5CCC(=O)N5)cn4)c3Cl)c2Cl)cnc1CNCC[C@H]1CCCO1,9.696065,-6.102091
70,mol12,-12.59,COc1nncc(-c2cccc(-c3cccc(-c4cnc(CNC[C@]5(CO)CO5)c(OC)n4)c3Cl)c2Cl)n1,COc1nncc(-c2cccc(-c3cccc(-c4cnc(CNC[C@]5(CO)CO5)c(OC)n4)c3Cl)c2Cl)n1,9.537471,-4.85552
120,mol77,-12.59,COc1nc(-c2cccc(-c3cccc(-c4cnc(CN5CCC[C@@H]5CNCC[C@H]5CCCO5)c(OC)n4)c3Cl)c2Cl)cnc1CNC[C@@H]1CCC(=O)N1,COc1nc(-c2cccc(-c3cccc(-c4cnc(CN5CCC[C@@H]5CNCC[C@H]5CCCO5)c(OC)n4)c3Cl)c2Cl)cnc1CNC[C@@H]1CCC(=O)N1,9.461886,-6.0351453
10,mol350,-12.59,COc1nc(-c2cccc(-c3cccc(-c4cnc(CNC5CCOCC5)c(OC)n4)c3Cl)c2Cl)cnc1CNCC[C@@H]1CCCO1,COc1nc(-c2cccc(-c3cccc(-c4cnc(CNC5CCOCC5)c(OC)n4)c3Cl)c2Cl)cnc1CNCC[C@@H]1CCCO1,9.379294,-6.5069284
80,mol159,-12.59,COc1nc(-c2cccc(-c3cccc(-c4cnc(CNC[C@@H]5CCC(=O)N5)c(OC)n4)c3Cl)c2Cl)cnc1CCCCCCC1CCCC1,COc1nc(-c2cccc(-c3cccc(-c4cnc(CNC[C@@H]5CCC(=O)N5)c(OC)n4)c3Cl)c2Cl)cnc1CCCCCCC1CCCC1,9.268503,-7.053286
10,mol348,-12.58,COc1nc(CNCCCO)nc(-c2cccc(-c3cccc(-c4cnc(CNC[C@H]5CCC(=O)N5)c(OC)n4)c3Cl)c2Cl)n1,COc1nc(CNCCCO)nc(-c2cccc(-c3cccc(-c4cnc(CNC[C@H]5CCC(=O)N5)c(OC)n4)c3Cl)c2Cl)n1,9.562541,-4.650268
30,mol233,-12.58,COc1nc(-c2cccc(-c3cccc(-c4cnc([C@H](C)CCNC[C@H]5CCC(=O)N5)c(OC)n4)c3Cl)c2Cl)cnc1CNCC[C@H]1CCCOC1,COc1nc(-c2cccc(-c3cccc(-c4cnc([C@H](C)CCNC[C@H]5CCC(=O)N5)c(OC)n4)c3Cl)c2Cl)cnc1CNCC[C@H]1CCCOC1,9.3049135,-6.111389
20,mol369,-12.58,COc1nc(-c2cccc(-c3cccc(-c4cnc(OCC5CC5)c(OC)n4)c3Cl)c2Cl)cnc1CNC[C@@H]1CCC(=O)N1,COc1nc(-c2cccc(-c3cccc(-c4cnc(OCC5CC5)c(OC)n4)c3Cl)c2Cl)cnc1CNC[C@@H]1CCC(=O)N1,9.38806,-6.7410054
60,mol97,-12.58,COc1nc(-c2cccc(-c3cccc(-c4cnc(CNC[C@@H]5CCC(=O)N5)c(OC)n4)c3Cl)c2Cl)cnc1CNCCn1cncn1,COc1nc(-c2cccc(-c3cccc(-c4cnc(CNC[C@@H]5CCC(=O)N5)c(OC)n4)c3Cl)c2Cl)cnc1CNCCn1cncn1,9.768345,-5.15966
20,mol189,-12.58,COc1nc(-c2cccc(-c3cccc(-c4cnc(OC[C@H]5CCOC5)c(OC)n4)c3Cl)c2)cnc1CNC[C@@H]1CCC(=O)N1,COc1nc(-c2cccc(-c3cccc(-c4cnc(OC[C@H]5CCOC5)c(OC)n4)c3Cl)c2)cnc1CNC[C@@H]1CCC(=O)N1,9.610085,-5.1146584
80,mol381,-12.58,COc1nc(-c2cccc(-c3cccc(-c4cnc(CNC[C@@H]5CCC(=O)N5)c(OC)n4)c3Cl)c2Cl)cnc1CCCC[C@H]1CCCO1,COc1nc(-c2cccc(-c3cccc(-c4cnc(CNC[C@@H]5CCC(=O)N5)c(OC)n4)c3Cl)c2Cl)cnc1CCCC[C@H]1CCCO1,9.511182,-6.3561
20,mol153,-12.58,COc1nc(-c2cccc(-c3cccc(-c4cnc(OCCCNCC[C@@H]5CCCO5)c(OC)n4)c3Cl)c2Cl)cnc1CNC[C@H]1CCC(=O)N1,COc1nc(-c2cccc(-c3cccc(-c4cnc(OCCCNCC[C@@H]5CCCO5)c(OC)n4)c3Cl)c2Cl)cnc1CNC[C@H]1CCC(=O)N1,9.689677,-6.0411553
90,mol498,-12.58,COc1nc(-c2cccc(-c3cccc(-c4cc(CNC[C@@H]5CCC(=O)N5)c(OC)c(OC)n4)c3Cl)c2Cl)cnc1CNCC[C@H]1CCCO1,COc1nc(-c2cccc(-c3cccc(-c4cc(CNC[C@@H]5CCC(=O)N5)c(OC)c(OC)n4)c3Cl)c2Cl)cnc1CNCC[C@H]1CCCO1,9.558974,-6.2264442
100,mol234,-12.58,COc1nc(-c2cccc(-c3cccc(-c4cnc(CNC[C@@H]5CCC(=O)N5)c(OC)n4)c3Cl)c2Cl)cnc1CNCC[C@H]1CC[C@H]1C[C@H]1CCCO1,COc1nc(-c2cccc(-c3cccc(-c4cnc(CNC[C@@H]5CCC(=O)N5)c(OC)n4)c3Cl)c2Cl)cnc1CNCC[C@H]1CC[C@H]1C[C@H]1CCCO1,9.2771225,-6.298194
30,mol307,-12.57,COc1nc(-c2cccc(-c3cccc(-c4cnc(OC[C@H]5CCOC5)c(OC)n4)c3Cl)c2Cl)cnc1CCCNC[C@@H]1CCC(=O)N1,COc1nc(-c2cccc(-c3cccc(-c4cnc(OC[C@H]5CCOC5)c(OC)n4)c3Cl)c2Cl)cnc1CCCNC[C@@H]1CCC(=O)N1,9.457473,-6.048224
90,mol182,-12.57,COc1nc(-c2cccc(-c3cccc(-c4cnc(CNCC5CCOCC5)c(OC)n4)c3Cl)c2Cl)cnc1CCCCO,COc1nc(-c2cccc(-c3cccc(-c4cnc(CNCC5CCOCC5)c(OC)n4)c3Cl)c2Cl)cnc1CCCCO,9.394609,-6.494542
20,mol492,-12.57,COCCOc1nc(-c2cccc(-c3cccc(-c4ncc(CNC[C@H]5CCC(=O)N(C)C5)cn4)c3Cl)c2Cl)ncc1CNCC[C@@H]1CCCO1,COCCOc1nc(-c2cccc(-c3cccc(-c4ncc(CNC[C@H]5CCC(=O)N(C)C5)cn4)c3Cl)c2Cl)ncc1CNCC[C@@H]1CCCO1,8.768031,-5.811424
70,mol360,-12.57,CNc1nc(CNCCCc2cccc(-c3cccc(-c4cccc(CNC[C@H]5CCC(=O)N5)c4Cl)c3Cl)c2Cl)cn1CC[C@@H]1CCCO1,CNc1nc(CNCCCc2cccc(-c3cccc(-c4cccc(CNC[C@H]5CCC(=O)N5)c4Cl)c3Cl)c2Cl)cn1CC[C@@H]1CCCO1,8.13811,-6.1536255
20,mol2,-12.57,COc1nc(-c2cccc(-c3cccc(-c4cnc(OCCOCCn5cncn5)c(OC)n4)c3Cl)c2Cl)cnc1CNC[C@H]1CCC(=O)NC1,COc1nc(-c2cccc(-c3cccc(-c4cnc(OCCOCCn5cncn5)c(OC)n4)c3Cl)c2Cl)cnc1CNC[C@H]1CCC(=O)NC1,9.692249,-5.885503
10,mol169,-12.56,O=C1CC[C@H](CNCc2ccc(-c3cccc(-c4cccc(OCCCNCc5cnc(OCCCn6cncn6)cn5)c4Cl)c3Cl)c(Cl)c2Cl)N1,O=C1CC[C@H](CNCc2ccc(-c3cccc(-c4cccc(OCCCNCc5cnc(OCCCn6cncn6)cn5)c4Cl)c3Cl)c(Cl)c2Cl)N1,8.229587,-7.020285
60,mol265,-12.56,COc1nc(-c2cccc(-c3cccc(-c4cnc(CNC[C@@H]5CCC(=O)N5)c(OC)n4)c3Cl)c2Cl)cnc1CCCCCO,COc1nc(-c2cccc(-c3cccc(-c4cnc(CNC[C@@H]5CCC(=O)N5)c(OC)n4)c3Cl)c2Cl)cnc1CCCCCO,9.694847,-6.50081
10,mol314,-12.56,COc1nc(-c2ccc(-c3cccc(-c4cncc(CNC[C@@H]5CCC(=O)N5)c4Cl)c3Cl)cc2Cl)cnc1CNCC[C@@H]1CCCO1,COc1nc(-c2ccc(-c3cccc(-c4cncc(CNC[C@@H]5CCC(=O)N5)c4Cl)c3Cl)cc2Cl)cnc1CNCC[C@@H]1CCCO1,9.448513,-6.236173
10,mol412,-12.56,COc1nncc(-c2ccc(-c3cccc(-c4cnc(CNC[C@H]5CCC(=O)N5)c(OC)n4)c3Cl)c(Cl)c2Cl)n1,COc1nncc(-c2ccc(-c3cccc(-c4cnc(CNC[C@H]5CCC(=O)N5)c(OC)n4)c3Cl)c(Cl)c2Cl)n1,9.507076,-6.4661183
90,mol308,-12.56,COc1nc(-c2cccc(-c3cccc(-c4cn(CCO)c(OC)n4)c3Cl)c2Cl)cnc1CNC[C@H]1CCC(=O)N1,COc1nc(-c2cccc(-c3cccc(-c4cn(CCO)c(OC)n4)c3Cl)c2Cl)cnc1CNC[C@H]1CCC(=O)N1,9.780318,-4.810196
10,mol34,-12.55,COc1ncc(-c2cccc(-c3cccc(-c4cnc(-c5cnc(CNCCCNC(C)=O)c(OC)n5)c(OC)n4)c3Cl)c2Cl)cn1,COc1ncc(-c2cccc(-c3cccc(-c4cnc(-c5cnc(CNCCCNC(C)=O)c(OC)n5)c(OC)n4)c3Cl)c2Cl)cn1,9.728385,-6.593242
10,mol116,-12.55,CCOc1nc(-c2cccc(-c3cccc(-c4cnn(C[C@@H]5CCC(=O)N5)c4Cl)c3Cl)c2Cl)cnc1CNCC[C@@H]1CCCO1,CCOc1nc(-c2cccc(-c3cccc(-c4cnn(C[C@@H]5CCC(=O)N5)c4Cl)c3Cl)c2Cl)cnc1CNCC[C@@H]1CCCO1,9.08268,-6.4150567
70,mol340,-12.55,COc1nc(-c2cccc(-c3cccc(-c4cnc(CNC[C@@H]5CCC(=O)N5)c(OC)n4)c3Cl)c2Cl)cnc1CCCCCC1CCCC1,COc1nc(-c2cccc(-c3cccc(-c4cnc(CNC[C@@H]5CCC(=O)N5)c(OC)n4)c3Cl)c2Cl)cnc1CCCCCC1CCCC1,9.3270035,-7.095978
10,mol65,-12.55,COc1nc(-c2cccc(-c3cccc(-c4cnc(OCC(C)C)c(OC)n4)c3Cl)c2Cl)cnc1CNC[C@@H]1CCC(=O)N1,COc1nc(-c2cccc(-c3cccc(-c4cnc(OCC(C)C)c(OC)n4)c3Cl)c2Cl)cnc1CNC[C@@H]1CCC(=O)N1,9.413357,-6.541167
80,mol107,-12.55,COc1nc(-c2cccc(-c3cccc(-c4cnc(CN)cn4)c3Cl)c2Cl)cnc1CNCC[C@H]1CCCO1,COc1nc(-c2cccc(-c3cccc(-c4cnc(CN)cn4)c3Cl)c2Cl)cnc1CNCC[C@H]1CCCO1,9.416639,-5.8425035
120,mol218,-12.55,COc1nc(-c2cccc(-c3cccc(-c4cnc(CNC[C@@H]5CCC(=O)N5)c(OC)c4Cl)c3Cl)c2Cl)cnc1CNCCC1CC1,COc1nc(-c2cccc(-c3cccc(-c4cnc(CNC[C@@H]5CCC(=O)N5)c(OC)c4Cl)c3Cl)c2Cl)cnc1CNCCC1CC1,9.57525,-6.8813524
80,mol84,-12.55,COc1nc(-c2cccc(-c3ccccc3Cl)c2Cl)cnc1CCc1ccccn1,COc1nc(-c2cccc(-c3ccccc3Cl)c2Cl)cnc1CCc1ccccn1,8.464163,-6.562206
30,mol48,-12.55,COc1nc(-c2cncc(-c3cccc(-c4cnc(CNC[C@@H]5CC(=O)N(C)C5)c(OC)n4)c3Cl)c2Cl)cnc1CNCC[C@H]1CCCO1,COc1nc(-c2cncc(-c3cccc(-c4cnc(CNC[C@@H]5CC(=O)N(C)C5)c(OC)n4)c3Cl)c2Cl)cnc1CNCC[C@H]1CCCO1,9.875018,-5.836822
30,mol53,-12.55,COc1nc(-c2ccc(-c3cccc(-c4cnc(CNC[C@H]5CCC(=O)N5)c(OC)n4)c3Cl)cc2Cl)cnc1CNCC[C@H]1CCCO1,COc1nc(-c2ccc(-c3cccc(-c4cnc(CNC[C@H]5CCC(=O)N5)c(OC)n4)c3Cl)cc2Cl)cnc1CNCC[C@H]1CCCO1,9.830413,-6.127056
100,mol8,-12.54,COc1nc(-c2cccc(-c3cccc(-c4cncc(CNCC5CCOCC5)c4Cl)c3Cl)c2Cl)cnc1CNCC[C@@H]1CCCO1,COc1nc(-c2cccc(-c3cccc(-c4cncc(CNCC5CCOCC5)c4Cl)c3Cl)c2Cl)cnc1CNCC[C@@H]1CCCO1,9.483475,-6.451092
20,mol436,-12.54,COc1nc(-c2cccc(-c3cccc(-c4cnc(CCNCC[C@@H]5CCCO5)c(C)n4)c3Cl)c2Cl)cnc1CNC[C@@H]1CCC(=O)N1,COc1nc(-c2cccc(-c3cccc(-c4cnc(CCNCC[C@@H]5CCCO5)c(C)n4)c3Cl)c2Cl)cnc1CNC[C@@H]1CCC(=O)N1,9.746418,-5.9982805
120,mol11,-12.54,COc1nc(-c2cccc(-c3cccc(-c4ncnc(OC)c4CNCC[C@@H]4CCCO4)c3Cl)c2Cl)cnc1CNC[C@@H]1CCC(=O)N1,COc1nc(-c2cccc(-c3cccc(-c4ncnc(OC)c4CNCC[C@@H]4CCCO4)c3Cl)c2Cl)cnc1CNC[C@@H]1CCC(=O)N1,9.944843,-6.001884
130,mol48,-12.54,COc1nc(-c2cccc(-c3cccc(-c4cnn(C)n4)c3Cl)c2Cl)cnc1CNCC[C@@H]1CCCO1,COc1nc(-c2cccc(-c3cccc(-c4cnn(C)n4)c3Cl)c2Cl)cnc1CNCC[C@@H]1CCCO1,9.641001,-6.0866327
100,mol497,-12.54,COc1nc(-c2cccc(-c3cccc(-c4cnc(NCC[C@@H]5CCO5)c(OC)n4)c3Cl)c2Cl)cnc1CNC[C@H]1CCC(=O)N1,COc1nc(-c2cccc(-c3cccc(-c4cnc(NCC[C@@H]5CCO5)c(OC)n4)c3Cl)c2Cl)cnc1CNC[C@H]1CCC(=O)N1,9.67229,-6.3135915
20,mol87,-12.54,COc1nc(-c2cccc(-c3cccc(-c4cnc(OCCCn5cnc(CCC(C)(C)O)n5)c(OC)n4)c3Cl)c2Cl)cnc1CNC[C@H]1CCC(=O)N1,COc1nc(-c2cccc(-c3cccc(-c4cnc(OCCCn5cnc(CCC(C)(C)O)n5)c(OC)n4)c3Cl)c2Cl)cnc1CNC[C@H]1CCC(=O)N1,9.34023,-5.969405
60,mol372,-12.54,COc1cc(-c2cccc(-c3cccc(-c4cnc(CNCCC5CCCC5)c(OC)n4)c3Cl)c2Cl)cnc1OCCCNC[C@H]1CCC(=O)N1,COc1cc(-c2cccc(-c3cccc(-c4cnc(CNCCC5CCCC5)c(OC)n4)c3Cl)c2Cl)cnc1OCCCNC[C@H]1CCC(=O)N1,9.237736,-6.5752964
70,mol244,-12.54,COc1nc(-c2cccc(-c3cccc(-c4cnc(CNCC[C@H]5CCCO5)c(OC)c4Cl)c3Cl)c2Cl)cnc1CC1CCCC1,COc1nc(-c2cccc(-c3cccc(-c4cnc(CNCC[C@H]5CCCO5)c(OC)c4Cl)c3Cl)c2Cl)cnc1CC1CCCC1,8.897598,-6.740113
50,mol152,-12.53,COc1nc(-c2cccc(-c3cccc(-c4cnc(CNC[C@@H]5CCCO5)c(OC)n4)c3Cl)c2Cl)cnc1CNCC[C@@H]1CCC(=O)N1,COc1nc(-c2cccc(-c3cccc(-c4cnc(CNC[C@@H]5CCCO5)c(OC)n4)c3Cl)c2Cl)cnc1CNCC[C@@H]1CCC(=O)N1,9.977265,-5.897693
20,mol264,-12.53,COc1nc(CC(C)C)ncc1-c1cccc(-c2cccc(-c3cnc(OCCCN4CCCC4)c(OC)n3)c2Cl)c1Cl,COc1nc(CC(C)C)ncc1-c1cccc(-c2cccc(-c3cnc(OCCCN4CCCC4)c(OC)n3)c2Cl)c1Cl,8.798149,-6.6441865
40,mol321,-12.53,COc1nc(-c2cccc(-c3cccc(-c4cnc(CNC[C@H]5CCC(=O)N5)c(OC)n4)c3Cl)c2Cl)cnc1CCNCCC[C@H]1CCCO1,COc1nc(-c2cccc(-c3cccc(-c4cnc(CNC[C@H]5CCC(=O)N5)c(OC)n4)c3Cl)c2Cl)cnc1CCNCCC[C@H]1CCCO1,9.713073,-6.2724123
20,mol375,-12.52,COc1nc(CCCCO)nc(-c2cccc(-c3cccc(-c4cnc(CNC[C@@H]5CCC(=O)N5)c(OC)n4)c3Cl)c2Cl)n1,COc1nc(CCCCO)nc(-c2cccc(-c3cccc(-c4cnc(CNC[C@@H]5CCC(=O)N5)c(OC)n4)c3Cl)c2Cl)n1,9.491163,-5.3856974
100,mol278,-12.52,COCCn1ncc(-c2cccc(-c3cccc(-c4cnc(CNC[C@@H]5CCC(=O)N5)c(OC)n4)c3Cl)c2Cl)n1,COCCn1ncc(-c2cccc(-c3cccc(-c4cnc(CNC[C@@H]5CCC(=O)N5)c(OC)n4)c3Cl)c2Cl)n1,9.598782,-5.006255
40,mol223,-12.51,COc1nc(-c2cccc(-c3cccc(-c4cnc(CNCC[C@@H]5CCCO5)c(OC)n4)c3Cl)c2Cl)cnc1CNCCC[C@@H]1CCC(=O)N1,COc1nc(-c2cccc(-c3cccc(-c4cnc(CNCC[C@@H]5CCCO5)c(OC)n4)c3Cl)c2Cl)cnc1CNCCC[C@@H]1CCC(=O)N1,9.691013,-6.197978
40,mol262,-12.51,COc1nc(-c2cccc(-c3cccc(-c4cnc(CNC[C@H]5CCC(=O)N5)c(OC)n4)c3Cl)c2Cl)cnc1CCNCCC1CCC1,COc1nc(-c2cccc(-c3cccc(-c4cnc(CNC[C@H]5CCC(=O)N5)c(OC)n4)c3Cl)c2Cl)cnc1CCNCCC1CCC1,9.57093,-6.746197
20,mol95,-12.51,COc1nc(-c2cccc(-c3cccc(-c4cn(C)nn4)c3Cl)c2Cl)cnc1CNCC[C@@H]1CCCO1,COc1nc(-c2cccc(-c3cccc(-c4cn(C)nn4)c3Cl)c2Cl)cnc1CNCC[C@@H]1CCCO1,9.682448,-5.4965897
90,mol268,-12.51,CCOc1nc(-c2cccc(-c3cccc(-c4cnc(CNC[C@H]5CCC(=O)N5)c(OC)n4)c3Cl)c2Cl)cnc1CNCCCO,CCOc1nc(-c2cccc(-c3cccc(-c4cnc(CNC[C@H]5CCC(=O)N5)c(OC)n4)c3Cl)c2Cl)cnc1CNCCCO,9.803103,-5.9824295
40,mol388,-12.5,COc1nc(CNC[C@H]2CCCO2)nc(-c2cccc(-c3cccc(-c4cnc(CNC[C@@H]5CCC(=O)N5)c(OC)n4)c3Cl)c2Cl)n1,COc1nc(CNC[C@H]2CCCO2)nc(-c2cccc(-c3cccc(-c4cnc(CNC[C@@H]5CCC(=O)N5)c(OC)n4)c3Cl)c2Cl)n1,9.475185,-5.163129
110,mol126,-12.5,COc1nc(-c2cccc(-c3cccc(-c4cncc(CNCCO)c4)c3Cl)c2Cl)cnc1CNCC[C@@H]1CCCO1,COc1nc(-c2cccc(-c3cccc(-c4cncc(CNCCO)c4)c3Cl)c2Cl)cnc1CNCC[C@@H]1CCCO1,9.567322,-5.7577753
40,mol210,-12.5,COc1nc(-c2cccc(-c3cccc(OCc4ccnc(CNC[C@@H]5CCC(=O)N5)c4Cl)c3Cl)c2Cl)cnc1CNCC[C@H]1CCCO1,COc1nc(-c2cccc(-c3cccc(OCc4ccnc(CNC[C@@H]5CCC(=O)N5)c4Cl)c3Cl)c2Cl)cnc1CNCC[C@H]1CCCO1,9.681138,-6.398328
100,mol215,-12.5,CCOc1nc(-c2cccc(-c3cccc(-c4cnn(C)n4)c3Cl)c2Cl)cnc1CNCC[C@H]1CCCO1,CCOc1nc(-c2cccc(-c3cccc(-c4cnn(C)n4)c3Cl)c2Cl)cnc1CNCC[C@H]1CCCO1,9.1509075,-6.0448694
110,mol35,-12.5,COc1nc(-c2cccc(-c3cccc(-c4cnc(CNCCC(=O)O)c(CO)c4Cl)c3Cl)c2Cl)cnc1CNCC[C@@H]1CCCO1,COc1nc(-c2cccc(-c3cccc(-c4cnc(CNCCC(=O)O)c(CO)c4Cl)c3Cl)c2Cl)cnc1CNCC[C@@H]1CCCO1,9.776155,-6.234862
80,mol433,-12.5,COc1nncc(-c2cccc(-c3cccc(-c4cnn(C)n4)c3Cl)c2Cl)n1,COc1nncc(-c2cccc(-c3cccc(-c4cnn(C)n4)c3Cl)c2Cl)n1,8.02484,-5.779324
120,mol253,-12.5,COc1nc(-c2cccc(-c3cccc(-c4cnc(CNC[C@H]5CCC(=O)N5)c(O)n4)c3Cl)c2Cl)cnc1CNCCC1CC1,COc1nc(-c2cccc(-c3cccc(-c4cnc(CNC[C@H]5CCC(=O)N5)c(O)n4)c3Cl)c2Cl)cnc1CNCCC1CC1,9.767902,-6.6040545
120,mol255,-12.5,COc1nc(-c2cccc(-c3cccc(-c4cnc(CNC[C@H]5CCC(=O)N5)c(O)c4Cl)c3Cl)c2Cl)cnc1CNCCCOCC[C@@H]1CCCO1,COc1nc(-c2cccc(-c3cccc(-c4cnc(CNC[C@H]5CCC(=O)N5)c(O)c4Cl)c3Cl)c2Cl)cnc1CNCCCOCC[C@@H]1CCCO1,9.485013,-6.5722184
100,mol214,-12.49,COc1nc(-c2cccc(-c3cccc(-c4cnc(CNC5CC5)c(OC[C@@H]5CCC(=O)N5)c4Cl)c3Cl)c2Cl)cnc1CNCC[C@H]1CCCO1,COc1nc(-c2cccc(-c3cccc(-c4cnc(CNC5CC5)c(OC[C@@H]5CCC(=O)N5)c4Cl)c3Cl)c2Cl)cnc1CNCC[C@H]1CCCO1,9.32633,-6.7731447
20,mol491,-12.49,COc1nc(-c2cccc(-c3cccc(-c4cnc(CNCC[C@H]5CCCO5)c(OC)n4)c3Cl)c2)cnc1CN1CCC(=O)N1,COc1nc(-c2cccc(-c3cccc(-c4cnc(CNCC[C@H]5CCCO5)c(OC)n4)c3Cl)c2)cnc1CN1CCC(=O)N1,9.593478,-5.609596
120,mol321,-12.48,COc1nc(-c2cccc(-c3cccc(-c4cnc(CNC[C@H]5CCC(=O)N5)c(OC)n4)c3Cl)c2Cl)cnc1CNCCCOCC[C@H]1CCCO1,COc1nc(-c2cccc(-c3cccc(-c4cnc(CNC[C@H]5CCC(=O)N5)c(OC)n4)c3Cl)c2Cl)cnc1CNCCCOCC[C@H]1CCCO1,9.620657,-6.139589
60,mol460,-12.48,COc1nc(NCc2cccc(-c3cccc(-c4cnc(CNCCC5CCC5)c(OC)n4)c3Cl)c2Cl)ccc1CNC[C@@H]1CCC(=O)N1,COc1nc(NCc2cccc(-c3cccc(-c4cnc(CNCCC5CCC5)c(OC)n4)c3Cl)c2Cl)ccc1CNC[C@@H]1CCC(=O)N1,8.969211,-6.6659017
20,mol232,-12.48,COc1nc(-c2cccc(-c3ccc(-c4cnc([C@H]5CCC(=O)NC5)c(OC)n4)nc3)c2Cl)cnc1CNC[C@@H]1CCC(=O)N1,COc1nc(-c2cccc(-c3ccc(-c4cnc([C@H]5CCC(=O)NC5)c(OC)n4)nc3)c2Cl)cnc1CNC[C@@H]1CCC(=O)N1,9.384122,-4.7832074
70,mol292,-12.47,COc1nc(-c2cccc(-c3cccc(-c4ccccn4)c3Cl)c2Cl)cnc1CCNCC[C@H]1CCCO1,COc1nc(-c2cccc(-c3cccc(-c4ccccn4)c3Cl)c2Cl)cnc1CCNCC[C@H]1CCCO1,9.1099205,-6.322719
40,mol236,-12.47,CCOc1nc(-c2cccc(-c3cccc(-c4cnc(CNC[C@H]5CCC(=O)N5)c(OC)n4)c3Cl)c2Cl)cnc1CCNCC[C@H]1CCCO1,CCOc1nc(-c2cccc(-c3cccc(-c4cnc(CNC[C@H]5CCC(=O)N5)c(OC)n4)c3Cl)c2Cl)cnc1CCNCC[C@H]1CCCO1,9.695731,-6.2216606
20,mol192,-12.47,COc1nc(-c2cccc(-c3cccc(-c4cnc(OCCCO)c(OC)n4)c3Cl)c2Cl)cnc1CNC[C@@H]1CCC(=O)N1,COc1nc(-c2cccc(-c3cccc(-c4cnc(OCCCO)c(OC)n4)c3Cl)c2Cl)cnc1CNC[C@@H]1CCC(=O)N1,9.73002,-5.3202906
130,mol297,-12.47,COc1nc(-c2cccc(-c3cccc(-c4cnc(CNC[C@@H]5CCC(=O)N5)c(OC)n4)c3Cl)c2Cl)cnc1CNCCN1CCCC1,COc1nc(-c2cccc(-c3cccc(-c4cnc(CNC[C@@H]5CCC(=O)N5)c(OC)n4)c3Cl)c2Cl)cnc1CNCCN1CCCC1,9.73023,-5.784198
90,mol138,-12.46,COc1nc(-c2cccc(-c3cccc(-c4cnc(CNC[C@@H]5CCC(=O)N5)c(OC)n4)c3Cl)c2Cl)cnc1CNCCCO,COc1nc(-c2cccc(-c3cccc(-c4cnc(CNC[C@@H]5CCC(=O)N5)c(OC)n4)c3Cl)c2Cl)cnc1CNCCCO,9.865361,-5.049425
120,mol422,-12.46,COc1nc(-c2cccc(-c3cccc(-c4cnc(CN5CCC[C@H]5CNCCC5CC5)c(OC)n4)c3Cl)c2Cl)cnc1CNC[C@@H]1CCC(=O)N1,COc1nc(-c2cccc(-c3cccc(-c4cnc(CN5CCC[C@H]5CNCCC5CC5)c(OC)n4)c3Cl)c2Cl)cnc1CNC[C@@H]1CCC(=O)N1,9.433897,-6.546881
30,mol251,-12.46,COc1nc(-c2cccc(-c3ccc(-c4cnc(CNC[C@H]5CCC(=O)N5)c(OC)n4)c(Cl)c3Cl)c2Cl)cnc1CNc1ncnc(CCCC[C@@H]2CCCO2)n1,COc1nc(-c2cccc(-c3ccc(-c4cnc(CNC[C@H]5CCC(=O)N5)c(OC)n4)c(Cl)c3Cl)c2Cl)cnc1CNc1ncnc(CCCC[C@@H]2CCCO2)n1,8.751195,-6.4338
70,mol408,-12.46,COc1nc(-c2cccc(-c3cccc(-c4cnc(OCC[C@@H]5CCC(=O)N5)c(OC)n4)c3Cl)c2Cl)cnc1CNCC[C@@H]1CCCO1,COc1nc(-c2cccc(-c3cccc(-c4cnc(OCC[C@@H]5CCC(=O)N5)c(OC)n4)c3Cl)c2Cl)cnc1CNCC[C@@H]1CCCO1,9.552985,-6.3501873
70,mol229,-12.45,COc1nc(-c2cccc(-c3cccc(-c4cnc(CNC[C@@H]5CCC(=O)N5)cn4)c3Cl)c2Cl)cnc1CCCCCC1CCCC1,COc1nc(-c2cccc(-c3cccc(-c4cnc(CNC[C@@H]5CCC(=O)N5)cn4)c3Cl)c2Cl)cnc1CCCCCC1CCCC1,9.170221,-7.205421
30,mol319,-12.45,COc1nc(-c2cccc(-c3cccc(-c4cnc(OCCn5cnc(CNCCCO)c5)c(OC)n4)c3Cl)c2Cl)cnc1CNC[C@@H]1CCC(=O)N1,COc1nc(-c2cccc(-c3cccc(-c4cnc(OCCn5cnc(CNCCCO)c5)c(OC)n4)c3Cl)c2Cl)cnc1CNC[C@@H]1CCC(=O)N1,9.594604,-4.8832216
20,mol51,-12.45,COc1nc(-c2cccc(-c3ccc(-c4cnc(OC[C@@H]5CCCO5)c(OC)n4)c(Cl)c3)c2Cl)cnc1CNC[C@@H]1CCC(=O)N1,COc1nc(-c2cccc(-c3ccc(-c4cnc(OC[C@@H]5CCCO5)c(OC)n4)c(Cl)c3)c2Cl)cnc1CNC[C@@H]1CCC(=O)N1,9.523065,-6.4081955
130,mol161,-12.45,COCCOc1nc(-c2cccc(-c3cccc(-c4cnc(CNCC[C@H]5CCC(=O)N5)c(OC)n4)c3Cl)c2Cl)cnc1CNCC[C@H]1CCCO1,COCCOc1nc(-c2cccc(-c3cccc(-c4cnc(CNCC[C@H]5CCC(=O)N5)c(OC)n4)c3Cl)c2Cl)cnc1CNCC[C@H]1CCCO1,9.594241,-5.6211123
130,mol347,-12.44,COCCn1ccc(-c2cccc(-c3cccc(-c4ccccn4)c3Cl)c2Cl)n1,COCCn1ccc(-c2cccc(-c3cccc(-c4ccccn4)c3Cl)c2Cl)n1,7.5491743,-6.0525966
70,mol273,-12.44,COc1nc(-c2ccc(-c3cccc(-c4cnc(CNC[C@@H]5CCC(=O)N5)c(OC)n4)c3Cl)cc2Cl)cnc1CCC[C@H]1CCCO1,COc1nc(-c2ccc(-c3cccc(-c4cnc(CNC[C@@H]5CCC(=O)N5)c(OC)n4)c3Cl)cc2Cl)cnc1CCC[C@H]1CCCO1,9.548659,-6.01503
70,mol23,-12.44,COc1nc(-c2cccc(-c3ccccc3Cl)c2Cl)cnc1CCC1CCCC1,COc1nc(-c2cccc(-c3ccccc3Cl)c2Cl)cnc1CCC1CCCC1,8.734755,-6.8933387
10,mol389,-12.44,COc1nc(-c2cccc(-c3cccc(-c4cnc(CNC[C@H]5CCCO5)c(OC)n4)c3Cl)c2Cl)cnc1CNCC[C@@H]1CCCO1,COc1nc(-c2cccc(-c3cccc(-c4cnc(CNC[C@H]5CCCO5)c(OC)n4)c3Cl)c2Cl)cnc1CNCC[C@@H]1CCCO1,9.328961,-6.2549424
60,mol291,-12.43,COc1nc(-c2cccc(-c3cccc(-c4cnc(CNC[C@H]5CCC(=O)N5)c(OC)n4)c3Cl)c2Cl)cnc1CCCCCC1CCC1,COc1nc(-c2cccc(-c3cccc(-c4cnc(CNC[C@H]5CCC(=O)N5)c(OC)n4)c3Cl)c2Cl)cnc1CCCCCC1CCC1,9.262108,-7.1125517
30,mol451,-12.43,CCOc1nc(-c2cccc(-c3cccc(-c4nc(CC[C@H]5CCC(=O)N5)c(OC)n4C)c3Cl)c2Cl)cnc1CNCC[C@@H]1CCCO1,CCOc1nc(-c2cccc(-c3cccc(-c4nc(CC[C@H]5CCC(=O)N5)c(OC)n4C)c3Cl)c2Cl)cnc1CNCC[C@@H]1CCCO1,9.2821455,-6.0291467
100,mol121,-12.43,COc1nc(-c2cccc(-c3cccc(-c4nc(-c5ccccn5)nc(OC)c4Cl)c3Cl)c2Cl)cnc1CNC[C@H]1CCC(=O)N1,COc1nc(-c2cccc(-c3cccc(-c4nc(-c5ccccn5)nc(OC)c4Cl)c3Cl)c2Cl)cnc1CNC[C@H]1CCC(=O)N1,9.07049,-6.8933477
60,mol210,-12.42,COc1nc(-c2cccc(-c3cccc(-c4cnc(CNC[C@@H]5CCC(=O)N5)c(OC)n4)c3Cl)c2Cl)cnc1CCCCC[C@H]1CCCCO1,COc1nc(-c2cccc(-c3cccc(-c4cnc(CNC[C@@H]5CCC(=O)N5)c(OC)n4)c3Cl)c2Cl)cnc1CCCCC[C@H]1CCCCO1,9.376973,-6.415683
70,mol260,-12.42,COc1nc(-c2cccc(-c3cccc(-c4cnc([C@H]5CC[C@H](Oc6ncccn6)CC5)c(OC)n4)c3Cl)c2Cl)cnc1CNC[C@H]1CCC(=O)N1,COc1nc(-c2cccc(-c3cccc(-c4cnc([C@H]5CC[C@H](Oc6ncccn6)CC5)c(OC)n4)c3Cl)c2Cl)cnc1CNC[C@H]1CCC(=O)N1,9.24615,-6.752453
20,mol50,-12.42,COc1nc(-c2cccc(-c3cccc(-c4cn(Cc5cccc(CNCCC(=O)O)c5)cn4)c3Cl)c2Cl)cnc1CNCC[C@H]1CCCO1,COc1nc(-c2cccc(-c3cccc(-c4cn(Cc5cccc(CNCCC(=O)O)c5)cn4)c3Cl)c2Cl)cnc1CNCC[C@H]1CCCO1,9.937345,-6.0014367
20,mol291,-12.42,COc1ncnc(-c2cccc(-c3cccc(-c4cnc(CNCCCNC[C@H]5CCC(=O)N5)c(OC)n4)c3Cl)c2Cl)n1,COc1ncnc(-c2cccc(-c3cccc(-c4cnc(CNCCCNC[C@H]5CCC(=O)N5)c(OC)n4)c3Cl)c2Cl)n1,9.73995,-5.1931777
20,mol103,-12.41,COc1nc(-c2cccc(Oc3cccc(-c4cnc(NCC[C@H]5CCCO5)c(OC)n4)c3Cl)c2Cl)cnc1CNC[C@H]1CCC(=O)N1,COc1nc(-c2cccc(Oc3cccc(-c4cnc(NCC[C@H]5CCCO5)c(OC)n4)c3Cl)c2Cl)cnc1CNC[C@H]1CCC(=O)N1,9.068582,-6.3140173
50,mol131,-12.41,Oc1nc(-c2cccc(-c3cccc(-c4cncnc4)c3)c2Cl)cnc1CNCC[C@@H]1CCCO1,Oc1nc(-c2cccc(-c3cccc(-c4cncnc4)c3)c2Cl)cnc1CNCC[C@@H]1CCCO1,8.191021,-5.8858495
100,mol56,-12.41,COc1nc(-c2cccc(-c3cccc(-c4cnc(CNC[C@H]5CCC(=O)N5)c(OC)n4)c3Cl)c2Cl)cnc1CNCCNCCC1CCC1,COc1nc(-c2cccc(-c3cccc(-c4cnc(CNC[C@H]5CCC(=O)N5)c(OC)n4)c3Cl)c2Cl)cnc1CNCCNCCC1CCC1,9.749429,-6.2936416
10,mol292,-12.41,COc1nc(-c2cccc(-c3nccc(-c4cnc(CNCC[C@H]5CCCO5)c(OC)n4)c3Cl)c2Cl)cnc1CNC[C@H]1CCC(=O)N1,COc1nc(-c2cccc(-c3nccc(-c4cnc(CNCC[C@H]5CCCO5)c(OC)n4)c3Cl)c2Cl)cnc1CNC[C@H]1CCC(=O)N1,9.75513,-5.836466
60,mol325,-12.41,COc1nc(-c2cccc(-c3cccc(-c4cnc([C@H](C)O)c(OC[C@H]5CCC(=O)N5)c4Cl)c3Cl)c2Cl)cnc1CNCCC1CCC1,COc1nc(-c2cccc(-c3cccc(-c4cnc([C@H](C)O)c(OC[C@H]5CCC(=O)N5)c4Cl)c3Cl)c2Cl)cnc1CNCCC1CCC1,9.544588,-7.191615
90,mol443,-12.4,COc1ncc(-c2ccc(-c3cccc(-c4cnc(CNC[C@H]5CCC(=O)N5)c(OC)n4)c3Cl)cc2Cl)cn1,COc1ncc(-c2ccc(-c3cccc(-c4cnc(CNC[C@H]5CCC(=O)N5)c(OC)n4)c3Cl)cc2Cl)cn1,9.505456,-6.259052
20,mol282,-12.4,COc1nc(-c2cccc(-c3cccc(-c4cn(CCNC[C@@H]5CCC(=O)N5)c(CN)n4)c3Cl)c2Cl)cnc1CNCC[C@H]1CCCO1,COc1nc(-c2cccc(-c3cccc(-c4cn(CCNC[C@@H]5CCC(=O)N5)c(CN)n4)c3Cl)c2Cl)cnc1CNCC[C@H]1CCCO1,10.00797,-4.95467
50,mol332,-12.4,COc1nc(-c2cccc(-c3cccc(-c4cnc(OCCO)c(OC)n4)c3Cl)c2Cl)cnc1CNCC[C@H]1CCCO1,COc1nc(-c2cccc(-c3cccc(-c4cnc(OCCO)c(OC)n4)c3Cl)c2Cl)cnc1CNCC[C@H]1CCCO1,9.61999,-6.1154923
10,mol372,-12.38,COc1nc(-c2cccc(-c3cccc(-c4cnc(CNC[C@H]5CCC(=O)N5)c(OC)n4)c3Cl)c2Cl)cnc1CNCCNC[C@H]1CCCO1,COc1nc(-c2cccc(-c3cccc(-c4cnc(CNC[C@H]5CCC(=O)N5)c(OC)n4)c3Cl)c2Cl)cnc1CNCCNC[C@H]1CCCO1,9.844184,-5.754581
10,mol68,-12.38,COc1nc(-c2cccc(-c3cccc(-c4cnc(OCC(=O)O)c(OC)c4Cl)c3Cl)c2Cl)cnc1CNCC[C@H]1CCCO1,COc1nc(-c2cccc(-c3cccc(-c4cnc(OCC(=O)O)c(OC)c4Cl)c3Cl)c2Cl)cnc1CNCC[C@H]1CCCO1,9.614689,-6.3854628
50,mol33,-12.38,COc1nc(-c2cccc(-c3cccc(-c4cnn(C)n4)c3Cl)c2Cl)cnc1CCNCC[C@@H]1CCCO1,COc1nc(-c2cccc(-c3cccc(-c4cnn(C)n4)c3Cl)c2Cl)cnc1CCNCC[C@@H]1CCCO1,9.540981,-6.0930815
80,mol15,-12.38,COc1nc(-c2cccc(-c3cccc(-c4cncnc4)c3Cl)c2Cl)cnc1CNCCCC1CCC1,COc1nc(-c2cccc(-c3cccc(-c4cncnc4)c3Cl)c2Cl)cnc1CNCCCC1CCC1,9.069434,-6.816505
90,mol57,-12.37,COc1nc(-c2cccc(-c3cccc(-c4cnc(CNCC5OCCO5)c(OC)n4)c3Cl)c2Cl)cnc1CNCC[C@@H]1CCCO1,COc1nc(-c2cccc(-c3cccc(-c4cnc(CNCC5OCCO5)c(OC)n4)c3Cl)c2Cl)cnc1CNCC[C@@H]1CCCO1,9.6248,-6.035937
90,mol260,-12.37,COc1nc(-c2cccc(-c3cccc(-c4cnc(CNC[C@H]5CCC(=O)N5)c(OC)n4)c3Cl)c2Cl)cnc1CCCCCNCC[C@H]1CCCO1,COc1nc(-c2cccc(-c3cccc(-c4cnc(CNC[C@H]5CCC(=O)N5)c(OC)n4)c3Cl)c2Cl)cnc1CCCCCNCC[C@H]1CCCO1,9.263938,-6.42833
60,mol381,-12.37,COc1cc(-c2cccc(-c3cccc(-c4cnc(CN5CCC[C@H]5CNCC[C@@H]5CCCO5)c(OC)n4)c3Cl)c2Cl)cnc1CNC[C@@H]1CCC(=O)N1,COc1cc(-c2cccc(-c3cccc(-c4cnc(CN5CCC[C@H]5CNCC[C@@H]5CCCO5)c(OC)n4)c3Cl)c2Cl)cnc1CNC[C@@H]1CCC(=O)N1,9.32952,-6.50696
100,mol485,-12.36,COc1nc(-c2cccc(-c3cccc(-c4cncc(CNCC[C@H]5CCC(=O)N5)c4Cl)c3Cl)c2Cl)cnc1CNCC[C@@H]1CCCO1,COc1nc(-c2cccc(-c3cccc(-c4cncc(CNCC[C@H]5CCC(=O)N5)c4Cl)c3Cl)c2Cl)cnc1CNCC[C@@H]1CCCO1,9.6743555,-6.1212935
50,mol55,-12.36,COc1nc(-c2cccc(-c3cccc(-c4ncnc(OC)c4CNCCCC4CC4)c3Cl)c2Cl)cnc1CNC[C@@H]1CCC(=O)N1,COc1nc(-c2cccc(-c3cccc(-c4ncnc(OC)c4CNCCCC4CC4)c3Cl)c2Cl)cnc1CNC[C@@H]1CCC(=O)N1,9.604445,-6.6622443
20,mol255,-12.35,COc1nc(-c2cccc(-c3cccc(-c4cnc(OCCCNCC[C@@H]5CCCO5)c(OC)n4)c3Cl)c2Cl)cnc1CN[C@@H]1CCC(=O)N1,COc1nc(-c2cccc(-c3cccc(-c4cnc(OCCCNCC[C@@H]5CCCO5)c(OC)n4)c3Cl)c2Cl)cnc1CN[C@@H]1CCC(=O)N1,9.782177,-6.221732
50,mol430,-12.35,COCCOc1nc(-c2cccc(-c3cccc(-c4cnc(CNC[C@H]5CCC(=O)N5)c(OC)n4)c3Cl)c2Cl)cnc1CC[C@@H]1CCCO1,COCCOc1nc(-c2cccc(-c3cccc(-c4cnc(CNC[C@H]5CCC(=O)N5)c(OC)n4)c3Cl)c2Cl)cnc1CC[C@@H]1CCCO1,9.640815,-6.3100004
60,mol483,-12.35,COc1ccc(-c2cc(-c3cccc(-c4cnc(CNC[C@H]5CCC(=O)N5)c(OC)n4)c3Cl)cnc2Cl)cn1,COc1ccc(-c2cc(-c3cccc(-c4cnc(CNC[C@H]5CCC(=O)N5)c(OC)n4)c3Cl)cnc2Cl)cn1,9.447166,-6.2746115
20,mol205,-12.35,COc1nc(-c2cccc(-c3cccc(-c4cnc(NCCNCCC5CCC5)c(OC)n4)c3Cl)c2Cl)cnc1CNC[C@H]1CCC(=O)N1,COc1nc(-c2cccc(-c3cccc(-c4cnc(NCCNCCC5CCC5)c(OC)n4)c3Cl)c2Cl)cnc1CNC[C@H]1CCC(=O)N1,9.369243,-6.2555547
20,mol279,-12.34,COc1nc(-c2cccc(-c3cccc(-c4cnc(C(C)(C)C)nc4)c3Cl)c2Cl)cnc1N1CCOCC1,COc1nc(-c2cccc(-c3cccc(-c4cnc(C(C)(C)C)nc4)c3Cl)c2Cl)cnc1N1CCOCC1,8.841372,-7.176526
110,mol143,-12.34,COc1nc(-c2cccc(-c3cccc(-c4cnc(CNCC5CC5)c(OC)n4)c3Cl)c2Cl)cnc1CNCC[C@@H]1CCCO1,COc1nc(-c2cccc(-c3cccc(-c4cnc(CNCC5CC5)c(OC)n4)c3Cl)c2Cl)cnc1CNCC[C@@H]1CCCO1,9.448448,-6.432732
70,mol256,-12.34,OC[C@@H]1O[C@H](Oc2ccc(-c3cccc(O)c3)c(O)c2Cl)[C@@H](O)[C@H](O)[C@@H]1O[C@H]1OC[C@@H](O)[C@H](O)[C@@H]1O,OC[C@@H]1O[C@H](Oc2ccc(-c3cccc(O)c3)c(O)c2Cl)[C@@H](O)[C@H](O)[C@@H]1O[C@H]1OC[C@@H](O)[C@H](O)[C@@H]1O,7.290665,-2.267201
10,mol73,-12.34,COc1nc(-c2cccc(-c3cccc(-c4cnc(CNC[C@H]5CCC(=O)N5)c(OC)n4)c3Cl)c2)cnc1CNCC[C@@H]1CCCO1,COc1nc(-c2cccc(-c3cccc(-c4cnc(CNC[C@H]5CCC(=O)N5)c(OC)n4)c3Cl)c2)cnc1CNCC[C@@H]1CCCO1,9.82664,-5.5574155
70,mol413,-12.34,COc1nc(-c2ccc(-c3cccc(-c4cnc(CNC[C@H]5CCC(=O)N5)c(OC)n4)c3Cl)cn2)cnc1CCC[C@H]1CCCO1,COc1nc(-c2ccc(-c3cccc(-c4cnc(CNC[C@H]5CCC(=O)N5)c(OC)n4)c3Cl)cn2)cnc1CCC[C@H]1CCCO1,9.490687,-5.5523467
40,mol441,-12.33,O=C1CC[C@H](CCNCc2ncc(-c3cccc(-c4cccc(-c5cn(CC[C@@H]6CCO6)cn5)c4Cl)c3Cl)cc2OC[C@@H]2CCC(=O)N2)N1,O=C1CC[C@H](CCNCc2ncc(-c3cccc(-c4cccc(-c5cn(CC[C@@H]6CCO6)cn5)c4Cl)c3Cl)cc2OC[C@@H]2CCC(=O)N2)N1,8.620247,-5.7685175
120,mol246,-12.33,COC[C@@H]1CCO[C@@H]1COc1nc(-c2cccc(-c3cccc(-c4cnc(CNC[C@@H]5CCC(=O)N5)c(OC)n4)c3Cl)c2Cl)cnc1CNCC[C@H]1CCCO1,COC[C@@H]1CCO[C@@H]1COc1nc(-c2cccc(-c3cccc(-c4cnc(CNC[C@@H]5CCC(=O)N5)c(OC)n4)c3Cl)c2Cl)cnc1CNCC[C@H]1CCCO1,9.409213,-6.2347913
20,mol99,-12.33,COc1nc(-c2cccc(-c3cccc(-c4cnc(OCCC[C@@H]5CCCO5)c(OC)n4)c3Cl)c2Cl)cnc1CNC1CC1,COc1nc(-c2cccc(-c3cccc(-c4cnc(OCCC[C@@H]5CCCO5)c(OC)n4)c3Cl)c2Cl)cnc1CNC1CC1,9.217946,-6.554809
110,mol418,-12.33,CCOc1nc(-c2cccc(-c3cccc(-c4cnc(CNC[C@@H]5CCC(=O)N5)c(OC)n4)c3Cl)c2Cl)cnc1CNC[C@@H]1CCCO1,CCOc1nc(-c2cccc(-c3cccc(-c4cnc(CNC[C@@H]5CCC(=O)N5)c(OC)n4)c3Cl)c2Cl)cnc1CNC[C@@H]1CCCO1,9.621693,-6.2965074
20,mol248,-12.32,COc1nc(-c2cnc(-c3cccc(-c4cnc(CN[C@H]5CCC(=O)N5)c(OC)n4)c3Cl)cn2)cnc1CNCC[C@@H]1CCCO1,COc1nc(-c2cnc(-c3cccc(-c4cnc(CN[C@H]5CCC(=O)N5)c(OC)n4)c3Cl)cn2)cnc1CNCC[C@@H]1CCCO1,9.439686,-4.7857018
30,mol173,-12.32,COc1nc(-c2cccc(-c3cccc(-c4cnc(COCCOCCn5ccnc5)c(OC)n4)c3Cl)c2Cl)cnc1CNC[C@H]1CCC(=O)N1,COc1nc(-c2cccc(-c3cccc(-c4cnc(COCCOCCn5ccnc5)c(OC)n4)c3Cl)c2Cl)cnc1CNC[C@H]1CCC(=O)N1,9.557793,-6.1042914
80,mol113,-12.32,COc1nc(-c2cccc(-c3ccccc3Cl)c2Cl)nnc1-c1ccncn1,COc1nc(-c2cccc(-c3ccccc3Cl)c2Cl)nnc1-c1ccncn1,8.070706,-6.6402507
20,mol497,-12.32,COc1nc(-c2cccc(-c3cccc(-c4cnc(OCCCNC[C@@H]5CCOC5)c(OC)n4)c3Cl)c2Cl)cnc1CNC[C@@H]1CCC(=O)N1,COc1nc(-c2cccc(-c3cccc(-c4cnc(OCCCNC[C@@H]5CCOC5)c(OC)n4)c3Cl)c2Cl)cnc1CNC[C@@H]1CCC(=O)N1,9.7003,-5.5906153
90,mol210,-12.32,COc1nc(-c2cccc(-c3cccc(-c4cnc(CNC[C@H]5CCC(=O)N5)c(OC)n4)c3Cl)c2Cl)cnc1CCCCCCO,COc1nc(-c2cccc(-c3cccc(-c4cnc(CNC[C@H]5CCC(=O)N5)c(OC)n4)c3Cl)c2Cl)cnc1CCCCCCO,9.605701,-6.6212935
10,mol380,-12.31,COc1nc(-c2cccc(-c3cccc(-c4cnc(OCCCCNCC[C@H]5CCCO5)c(OC)n4)c3Cl)c2Cl)cnc1CNC[C@H]1CCC(=O)N1,COc1nc(-c2cccc(-c3cccc(-c4cnc(OCCCCNCC[C@H]5CCCO5)c(OC)n4)c3Cl)c2Cl)cnc1CNC[C@H]1CCC(=O)N1,9.492969,-6.3054824
20,mol77,-12.31,COc1nc(-c2cccc(-c3cccc(-c4cnc(OCC[C@@H]5CCCO5)c(OC)n4)c3Cl)c2Cl)cnc1CNC1CC1,COc1nc(-c2cccc(-c3cccc(-c4cnc(OCC[C@@H]5CCCO5)c(OC)n4)c3Cl)c2Cl)cnc1CNC1CC1,9.229024,-6.835138
60,mol375,-12.31,COc1nc(-c2cccc(-c3cccc(-c4cncc(OC[C@H]5CCC(=O)N5)c4Cl)c3Cl)c2Cl)cnc1CNCC[C@@H]1CCCO1,COc1nc(-c2cccc(-c3cccc(-c4cncc(OC[C@H]5CCC(=O)N5)c4Cl)c3Cl)c2Cl)cnc1CNCC[C@@H]1CCCO1,9.3455105,-6.648561
40,mol428,-12.31,COc1nc(-c2cccc(-c3cccc(-c4cn(CCCn5cncn5)cn4)c3Cl)c2Cl)cnc1CNC[C@@H]1CCC(=O)N1,COc1nc(-c2cccc(-c3cccc(-c4cn(CCCn5cncn5)cn4)c3Cl)c2Cl)cnc1CNC[C@@H]1CCC(=O)N1,9.719248,-6.026634
90,mol76,-12.31,COc1nc(-c2cccc(-c3cccc(-c4cncnc4)c3Cl)c2Cl)cnc1CNCCCC1CCCC1,COc1nc(-c2cccc(-c3cccc(-c4cncnc4)c3Cl)c2Cl)cnc1CNCCCC1CCCC1,9.074302,-6.8473682
80,mol440,-12.3,COCCCOc1cnc(-c2cccc(-c3cccc(-c4cnc(CNC[C@@H]5CCC(=O)N5)c(OC)n4)c3Cl)c2Cl)cn1,COCCCOc1cnc(-c2cccc(-c3cccc(-c4cnc(CNC[C@@H]5CCC(=O)N5)c(OC)n4)c3Cl)c2Cl)cn1,9.613552,-6.577656
30,mol170,-12.3,COc1nc(-c2cccc(-c3cccc(-c4cnc(CCC(=O)O)cn4)c3Cl)c2Cl)cnc1CNCC[C@@H]1CCCO1,COc1nc(-c2cccc(-c3cccc(-c4cnc(CCC(=O)O)cn4)c3Cl)c2Cl)cnc1CNCC[C@@H]1CCCO1,9.622407,-6.1915865
90,mol189,-12.3,COc1nc(-c2cccc(-c3cccc(-c4cnn(C)n4)c3Cl)c2Cl)cnc1CNCCC1CC1,COc1nc(-c2cccc(-c3cccc(-c4cnn(C)n4)c3Cl)c2Cl)cnc1CNCCC1CC1,9.407617,-6.506607
80,mol281,-12.3,COc1nc(-c2cccc(-c3cccc(-c4cnc(CNC[C@@H]5CCC(=O)N5)c(OC)n4)c3Cl)c2Cl)cnc1CCCNCCCC[C@H]1CCCO1,COc1nc(-c2cccc(-c3cccc(-c4cnc(CNC[C@@H]5CCC(=O)N5)c(OC)n4)c3Cl)c2Cl)cnc1CCCNCCCC[C@H]1CCCO1,9.264255,-6.2414904
10,mol457,-12.29,COc1nc(-c2cccc(-c3cccc(-c4cnc(OCCNCC[C@H]5CCCO5)c(OC)n4)c3Cl)c2Cl)cnc1CNC[C@@H]1CCC(=O)N1,COc1nc(-c2cccc(-c3cccc(-c4cnc(OCCNCC[C@H]5CCCO5)c(OC)n4)c3Cl)c2Cl)cnc1CNC[C@@H]1CCC(=O)N1,9.8767395,-5.9223824
30,mol223,-12.29,COc1nc(-c2cccc(-c3cccc(-c4cn(CCCCC(=O)O)cn4)c3Cl)c2Cl)cnc1OC[C@H]1CCCO1,COc1nc(-c2cccc(-c3cccc(-c4cn(CCCCC(=O)O)cn4)c3Cl)c2Cl)cnc1OC[C@H]1CCCO1,9.548807,-5.967504
10,mol225,-12.29,COc1nc(-c2cccc(-c3cccc(-c4cnc(CNC[C@H]5CC[C@H](OC)CC5)c(OC)n4)c3Cl)c2Cl)cnc1CNCC[C@@H]1CCCO1,COc1nc(-c2cccc(-c3cccc(-c4cnc(CNC[C@H]5CC[C@H](OC)CC5)c(OC)n4)c3Cl)c2Cl)cnc1CNCC[C@@H]1CCCO1,9.370071,-6.24148
90,mol437,-12.29,COc1nc(-c2cccc(-c3cccc(-c4cnc(CNC[C@H]5CCC(=O)N5)c(OC)n4)c3Cl)c2Cl)cnc1CCNCCCCC[C@H]1CCOC1,COc1nc(-c2cccc(-c3cccc(-c4cnc(CNC[C@H]5CCC(=O)N5)c(OC)n4)c3Cl)c2Cl)cnc1CCNCCCCC[C@H]1CCOC1,9.162765,-6.1725464
10,mol259,-12.28,COCCCOc1cc(-c2cccc(-c3cccc(-c4cnc(CNC[C@H]5CCC(=O)N5)c(OC)n4)c3Cl)c2Cl)cnn1,COCCCOc1cc(-c2cccc(-c3cccc(-c4cnc(CNC[C@H]5CCC(=O)N5)c(OC)n4)c3Cl)c2Cl)cnn1,9.487527,-6.6022205
20,mol287,-12.28,COc1nc(-c2ccccn2)nc(-c2cccc(-c3cccc(-c4cccc(CNC[C@H]5CCC(=O)N5)c4Cl)c3Cl)c2Cl)c1Cl,COc1nc(-c2ccccn2)nc(-c2cccc(-c3cccc(-c4cccc(CNC[C@H]5CCC(=O)N5)c4Cl)c3Cl)c2Cl)c1Cl,8.31074,-7.480212
100,mol3,-12.28,COc1nc(-c2cccc(-c3cccc(-c4cnc(CNCC[C@H]5CCCO5)c(OC)n4)c3Cl)c2Cl)cnc1CCC[C@@H]1CCC(=O)N1,COc1nc(-c2cccc(-c3cccc(-c4cnc(CNCC[C@H]5CCCO5)c(OC)n4)c3Cl)c2Cl)cnc1CCC[C@@H]1CCC(=O)N1,9.641012,-6.0967484
10,mol278,-12.28,COc1ncc(-c2cccc(-c3ccc(-c4cnc(CN[C@@H]5CCC(=O)N5)c(OC)n4)c(Cl)c3Cl)c2Cl)cn1,COc1ncc(-c2cccc(-c3ccc(-c4cnc(CN[C@@H]5CCC(=O)N5)c(OC)n4)c(Cl)c3Cl)c2Cl)cn1,9.43708,-6.9084134
50,mol3,-12.28,COc1nc(-c2cccc(-c3ccccc3Cl)c2Cl)cnc1CCc1ccncn1,COc1nc(-c2cccc(-c3ccccc3Cl)c2Cl)cnc1CCc1ccncn1,8.678539,-6.312947
130,mol209,-12.27,COc1nc(-c2cccc(-c3cccc(-c4cnc(CNC[C@@H]5CCC(=O)N5)c(OC)n4)c3Cl)c2Cl)ncc1CNCC[C@H]1CCCO1,COc1nc(-c2cccc(-c3cccc(-c4cnc(CNC[C@@H]5CCC(=O)N5)c(OC)n4)c3Cl)c2Cl)ncc1CNCC[C@H]1CCCO1,9.865243,-6.0159035
10,mol137,-12.27,COc1nc(-c2cccc(-c3cccc(-c4cnc(CNC[C@H]5CCC(=O)N5)c(OC)c4Cl)c3Cl)c2Cl)cnc1OCCCCCn1cnc(CC(C)(C)C)c1,COc1nc(-c2cccc(-c3cccc(-c4cnc(CNC[C@H]5CCC(=O)N5)c(OC)c4Cl)c3Cl)c2Cl)cnc1OCCCCCn1cnc(CC(C)(C)C)c1,8.832272,-6.7351556
80,mol457,-12.27,COc1nc(-c2cccc(-c3cccc(-c4cnc(CNC[C@@H]5CCC(=O)N5)c(OC)n4)c3Cl)c2Cl)cnc1CCCCCCNCC[C@H]1CCCO1,COc1nc(-c2cccc(-c3cccc(-c4cnc(CNC[C@@H]5CCC(=O)N5)c(OC)n4)c3Cl)c2Cl)cnc1CCCCCCNCC[C@H]1CCCO1,9.216595,-6.4567337
20,mol421,-12.27,COc1nc(-c2cccc(-c3cccc(-c4cnc(OCCCNC[C@H]5CCCO5)c(OC)n4)c3Cl)c2Cl)cnc1CNC[C@@H]1CCC(=O)N1,COc1nc(-c2cccc(-c3cccc(-c4cnc(OCCCNC[C@H]5CCCO5)c(OC)n4)c3Cl)c2Cl)cnc1CNC[C@@H]1CCC(=O)N1,9.680879,-6.1458755
20,mol275,-12.27,COc1nc(-c2cccc(-c3cccc(-c4cnc(OCCCCn5cncn5)c(OC)n4)c3Cl)c2Cl)cnc1CNC[C@@H]1CCC(=O)N1,COc1nc(-c2cccc(-c3cccc(-c4cnc(OCCCCn5cncn5)c(OC)n4)c3Cl)c2Cl)cnc1CNC[C@@H]1CCC(=O)N1,9.600566,-6.3590436
120,mol169,-12.26,COc1nc(-c2cccc(-c3cccc(-c4cnc(CN[C@H]5CCC(=O)N5)c(OC)n4)c3Cl)n2)cnc1CNCC[C@@H]1CCCO1,COc1nc(-c2cccc(-c3cccc(-c4cnc(CN[C@H]5CCC(=O)N5)c(OC)n4)c3Cl)n2)cnc1CNCC[C@@H]1CCCO1,9.453383,-5.157944
120,mol153,-12.26,COc1nc(-c2cccc(-c3cccc(-c4cnc(CNC5CCC5)c(OC[C@@H]5CCCO5)n4)c3Cl)c2Cl)cnc1CNCC[C@H]1CCCO1,COc1nc(-c2cccc(-c3cccc(-c4cnc(CNC5CCC5)c(OC[C@@H]5CCCO5)n4)c3Cl)c2Cl)cnc1CNCC[C@H]1CCCO1,9.307899,-6.3478994
10,mol369,-12.26,COc1cc(-c2cccc(-c3cccc(-c4cnc(NCC[C@@H]5CCCO5)c(OC)n4)c3Cl)n2)cnc1CNC[C@@H]1CCC(=O)N1,COc1cc(-c2cccc(-c3cccc(-c4cnc(NCC[C@@H]5CCCO5)c(OC)n4)c3Cl)n2)cnc1CNC[C@@H]1CCC(=O)N1,9.194012,-5.9896417
120,mol363,-12.26,COc1nc(-c2cccc(-c3cccc(-c4cnc(CNC[C@H]5CCC(=O)N5)c(O)n4)c3Cl)c2Cl)cnc1CNCC[C@H]1CCCO1,COc1nc(-c2cccc(-c3cccc(-c4cnc(CNC[C@H]5CCC(=O)N5)c(O)n4)c3Cl)c2Cl)cnc1CNCC[C@H]1CCCO1,9.930557,-6.027213
10,mol44,-12.26,COc1nc(-c2cccc(-c3cccc(-c4cnc(OCCCCNCC[C@@H]5CCCO5)c(OC)n4)c3Cl)c2Cl)cnc1CN[C@@H]1CCCC(=O)N1,COc1nc(-c2cccc(-c3cccc(-c4cnc(OCCCCNCC[C@@H]5CCCO5)c(OC)n4)c3Cl)c2Cl)cnc1CN[C@@H]1CCCC(=O)N1,9.390651,-6.521517
70,mol370,-12.25,COc1nc(-c2cccc(-c3ccccc3Cl)c2Cl)cnc1CC[C@H]1CC[C@@H](OC)CC1,COc1nc(-c2cccc(-c3ccccc3Cl)c2Cl)cnc1CC[C@H]1CC[C@@H](OC)CC1,8.84004,-6.714598
70,mol403,-12.25,COc1nc(-c2cccc(-c3cnc(CC[C@@H]4CCCO4)c(OC)n3)c2Cl)ccc1-c1cnc(CNC[C@@H]2CCC(=O)N2)c(OC)n1,COc1nc(-c2cccc(-c3cnc(CC[C@@H]4CCCO4)c(OC)n3)c2Cl)ccc1-c1cnc(CNC[C@@H]2CCC(=O)N2)c(OC)n1,9.481304,-5.6592636
20,mol91,-12.25,COCCCCOc1ncc(-c2cccc(-c3cccc(-c4cnc(CNC[C@H]5CCC(=O)N5)c(OC)n4)c3Cl)c2Cl)nc1OC,COCCCCOc1ncc(-c2cccc(-c3cccc(-c4cnc(CNC[C@H]5CCC(=O)N5)c(OC)n4)c3Cl)c2Cl)nc1OC,9.512514,-6.4094887
100,mol296,-12.24,COc1nc(-c2cccc(-c3cccc(-c4cnc(CN5CCC[C@H]5CCNC[C@H]5CCCO5)c(OC)n4)c3Cl)c2Cl)cnc1CNC[C@@H]1CCC(=O)N1,COc1nc(-c2cccc(-c3cccc(-c4cnc(CN5CCC[C@H]5CCNC[C@H]5CCCO5)c(OC)n4)c3Cl)c2Cl)cnc1CNC[C@@H]1CCC(=O)N1,9.472628,-6.08347
30,mol479,-12.23,COc1nc(-c2cccc(-c3ccc(-c4cnc(OCC[C@H]5CCCO5)c(OC)n4)c(Cl)c3)c2Cl)cnc1CNC[C@H]1CCC(=O)N1,COc1nc(-c2cccc(-c3ccc(-c4cnc(OCC[C@H]5CCCO5)c(OC)n4)c(Cl)c3)c2Cl)cnc1CNC[C@H]1CCC(=O)N1,9.4869995,-6.4598055
80,mol33,-12.23,COc1nc(-c2cccc(-c3cccc(-c4cnn(C)c4)c3Cl)c2Cl)cnc1CCNCC[C@H]1CCCO1,COc1nc(-c2cccc(-c3cccc(-c4cnn(C)c4)c3Cl)c2Cl)cnc1CCNCC[C@H]1CCCO1,9.337269,-6.0660377
20,mol19,-12.23,COC[C@H]1CCOc2ccc(-c3cccc(-c4ccc(OC[C@@H]5CCC(=O)NC5(C)C)c(OC)n4)c3Cl)cc21,COC[C@H]1CCOc2ccc(-c3cccc(-c4ccc(OC[C@@H]5CCC(=O)NC5(C)C)c(OC)n4)c3Cl)cc21,8.659971,-6.3064523
100,mol332,-12.23,COc1nc(-c2cccc(-c3ccc(-c4ncnc(OC)c4CO)c(Cl)c3)c2Cl)cnc1CNC[C@H]1CCC(=O)N1,COc1nc(-c2cccc(-c3ccc(-c4ncnc(OC)c4CO)c(Cl)c3)c2Cl)cnc1CNC[C@H]1CCC(=O)N1,9.526157,-5.4042087
90,mol132,-12.23,COc1nc(-c2cccc(-c3cccc(-c4cnc(CNC[C@@H]5CCC(=O)N5)c(OC)n4)c3Cl)c2Cl)cnc1CNCCCn1cncn1,COc1nc(-c2cccc(-c3cccc(-c4cnc(CNC[C@@H]5CCC(=O)N5)c(OC)n4)c3Cl)c2Cl)cnc1CNCCCn1cncn1,9.866857,-5.3023667
60,mol365,-12.23,COc1nc(-c2cccc(-c3cccc(-c4cnc(CNC[C@H]5CCC(=O)N5)c(OC)n4)c3Cl)c2Cl)cnc1CCCNCCC1CCC1,COc1nc(-c2cccc(-c3cccc(-c4cnc(CNC[C@H]5CCC(=O)N5)c(OC)n4)c3Cl)c2Cl)cnc1CCCNCCC1CCC1,9.414651,-6.861642
50,mol298,-12.23,COc1c(CNCC[C@H]2CCCO2)ncn1-c1cccc(-c2cccc(C(=O)Nc3cnn(C)c3Cl)c2Cl)c1Cl,COc1c(CNCC[C@H]2CCCO2)ncn1-c1cccc(-c2cccc(C(=O)Nc3cnn(C)c3Cl)c2Cl)c1Cl,7.630086,-6.114782
70,mol234,-12.22,COc1nc(-c2cccc(-c3cccc(-c4cnn(C)c4)n3)c2Cl)cnc1CNC[C@@H]1CCC(=O)N1,COc1nc(-c2cccc(-c3cccc(-c4cnn(C)c4)n3)c2Cl)cnc1CNC[C@@H]1CCC(=O)N1,9.212829,-4.371149
10,mol433,-12.22,COc1nc(COc2cccc(-c3cccc(-c4cnc(CNCC[C@@H]5CCCO5)c(OC)n4)c3Cl)c2Cl)cnc1CNC[C@H]1CCC(=O)N1,COc1nc(COc2cccc(-c3cccc(-c4cnc(CNCC[C@@H]5CCCO5)c(OC)n4)c3Cl)c2Cl)cnc1CNC[C@H]1CCC(=O)N1,9.909358,-6.172643
110,mol404,-12.22,COc1nc(-c2cccc(-c3cccc(-c4cnc(COCCNCC[C@H]5CCCO5)c(OC)n4)c3Cl)c2Cl)cnc1CNC[C@@H]1CCC(=O)N1,COc1nc(-c2cccc(-c3cccc(-c4cnc(COCCNCC[C@H]5CCCO5)c(OC)n4)c3Cl)c2Cl)cnc1CNC[C@@H]1CCC(=O)N1,9.74363,-5.85264
20,mol448,-12.22,COc1nc(-c2cccc(-c3cccc(-c4cnc(OCCCOCC[C@H]5CCOC5)c(OC)n4)c3Cl)c2Cl)cnc1CNC[C@H]1CCC(=O)N1,COc1nc(-c2cccc(-c3cccc(-c4cnc(OCCCOCC[C@H]5CCOC5)c(OC)n4)c3Cl)c2Cl)cnc1CNC[C@H]1CCC(=O)N1,9.400109,-6.058249
20,mol387,-12.21,COc1nc(-c2cccc(-c3cccc(-c4cnn(C)c4Cl)c3Cl)c2Cl)cnc1NCCCNCC[C@@H]1CCCO1,COc1nc(-c2cccc(-c3cccc(-c4cnn(C)c4Cl)c3Cl)c2Cl)cnc1NCCCNCC[C@@H]1CCCO1,9.137897,-6.358909
120,mol425,-12.21,COc1ccc(-c2ccc(-c3cccc(-c4cccc(OC[C@@H]5CCC(=O)N5)c4Cl)c3Cl)cn2)cn1,COc1ccc(-c2ccc(-c3cccc(-c4cccc(OC[C@@H]5CCC(=O)N5)c4Cl)c3Cl)cn2)cn1,7.652833,-6.980133
50,mol185,-12.21,CO/C1=N/C(c2ccc(-c3cccc(-c4cnc(CNC[C@H]5CCC(=O)N5)c(OC)n4)c3Cl)cc2Cl)=N\C2=N\CCC[C@@H]1CCCCCCCNC2,CO/C1=N/C(c2ccc(-c3cccc(-c4cnc(CNC[C@H]5CCC(=O)N5)c(OC)n4)c3Cl)cc2Cl)=N\C2=N\CCC[C@@H]1CCCCCCCNC2,9.075516,-6.516431
30,mol114,-12.21,COc1nc(-c2ccc(-c3cccc(-c4cccc(CNC[C@H]5CCC(=O)N5)c4)c3Cl)cn2)cnc1CNCC[C@@H]1CCCO1,COc1nc(-c2ccc(-c3cccc(-c4cccc(CNC[C@H]5CCC(=O)N5)c4)c3Cl)cn2)cnc1CNCC[C@@H]1CCCO1,9.316324,-5.7880387
10,mol17,-12.2,COc1nc(-c2cccc(-c3cccc(-c4cnc(CNCC[C@@H]5CCCO5)c(C)n4)n3)c2Cl)cnc1CNC[C@H]1CCC(=O)N1,COc1nc(-c2cccc(-c3cccc(-c4cnc(CNCC[C@@H]5CCCO5)c(C)n4)n3)c2Cl)cnc1CNC[C@H]1CCC(=O)N1,9.469945,-4.6916804
60,mol194,-12.2,COc1nc(-c2cccc(-c3cccc(-c4cnc(CNCC[C@@H]5CCC(=O)N5)c(OC)c4Cl)c3Cl)c2Cl)cnc1CNCC[C@@H]1CCCO1,COc1nc(-c2cccc(-c3cccc(-c4cnc(CNCC[C@@H]5CCC(=O)N5)c(OC)c4Cl)c3Cl)c2Cl)cnc1CNCC[C@@H]1CCCO1,9.524347,-6.1788383
20,mol401,-12.2,COc1nc(-c2cccc(-c3cccc(-c4cnc(NCC[C@@H]5CCCO5)c(OC)n4)n3)c2Cl)cnc1CNC[C@H]1CCC(=O)N1,COc1nc(-c2cccc(-c3cccc(-c4cnc(NCC[C@@H]5CCCO5)c(OC)n4)n3)c2Cl)cnc1CNC[C@H]1CCC(=O)N1,9.24392,-4.788954
30,mol112,-12.2,COc1nc(-c2cccc(-c3cccc(-c4cnc(O/C5=C/C=N\C6=C(\C)OCCC[C@@H]5CCNC6)c(OC)n4)c3Cl)c2Cl)cnc1CNC[C@@H]1CCC(=O)N1,COc1nc(-c2cccc(-c3cccc(-c4cnc(O/C5=C/C=N\C6=C(\C)OCCC[C@@H]5CCNC6)c(OC)n4)c3Cl)c2Cl)cnc1CNC[C@@H]1CCC(=O)N1,9.177049,-6.547583
30,mol261,-12.2,COc1nncc(-c2ccc(-c3cccc(-c4cnc(CNC[C@H]5CCC(=O)N5)c(OC)c4)c3Cl)cn2)n1,COc1nncc(-c2ccc(-c3cccc(-c4cnc(CNC[C@H]5CCC(=O)N5)c(OC)c4)c3Cl)cn2)n1,7.851276,-4.995144
10,mol182,-12.19,CO/C1=N/C(c2cccc(-c3cccc(-c4cnc(CNC[C@@H]5CCC(=O)NC5)nc4Cl)c3Cl)c2Cl)=N/C2=N\CCOCC[C@H]1CCNCCCNC2,CO/C1=N/C(c2cccc(-c3cccc(-c4cnc(CNC[C@@H]5CCC(=O)NC5)nc4Cl)c3Cl)c2Cl)=N/C2=N\CCOCC[C@H]1CCNCCCNC2,8.3036995,-6.0161805
20,mol396,-12.19,COc1nc(-c2ccc(-c3cccc(-c4cnc(CNC[C@H]5CCCC(=O)N5)c(OC)n4)c3Cl)cn2)cnc1CNCC[C@@H]1CCCO1,COc1nc(-c2ccc(-c3cccc(-c4cnc(CNC[C@H]5CCCC(=O)N5)c(OC)n4)c3Cl)cn2)cnc1CNCC[C@@H]1CCCO1,9.622787,-4.7563763
90,mol46,-12.19,COc1ncc(-c2cccc(-c3cccc(-c4cncc(CNC[C@H]5CCC(=O)N5)c4Cl)c3Cl)c2Cl)c(-c2ccccc2Cl)n1,COc1ncc(-c2cccc(-c3cccc(-c4cncc(CNC[C@H]5CCC(=O)N5)c4Cl)c3Cl)c2Cl)c(-c2ccccc2Cl)n1,7.799671,-7.5717425
30,mol309,-12.19,CO/C1=N/C(c2ccc(-c3cccc(-c4cnc(CNC[C@H]5CCC(=O)N5)c(OC)n4)c3Cl)cc2Cl)=N\C2=N\CC[C@H]1CCNC2,CO/C1=N/C(c2ccc(-c3cccc(-c4cnc(CNC[C@H]5CCC(=O)N5)c(OC)n4)c3Cl)cc2Cl)=N\C2=N\CC[C@H]1CCNC2,9.4719,-5.0255404
20,mol429,-12.19,COc1nc(-c2ccc(-c3cccc(-c4cnc(CNC[C@H]5CCC(=O)N5)c(OC)n4)c3Cl)cn2)cnc1CNCC1CCOCC1,COc1nc(-c2ccc(-c3cccc(-c4cnc(CNC[C@H]5CCC(=O)N5)c(OC)n4)c3Cl)cn2)cnc1CNCC1CCOCC1,9.531462,-4.841966
60,mol96,-12.19,Cc1ncc(-c2cccc(CO)c2Cl)c(-c2cccc(-c3cccc(-c4cccc(CNC[C@@H]5CCC(=O)N5)c4Cl)c3Cl)c2Cl)n1,Cc1ncc(-c2cccc(CO)c2Cl)c(-c2cccc(-c3cccc(-c4cccc(CNC[C@@H]5CCC(=O)N5)c4Cl)c3Cl)c2Cl)n1,7.9483304,-6.8940434
30,mol142,-12.19,COc1nc(-c2cccc(-c3ccc(-c4cnc(CN[C@@H]5CCC(=O)N5)c(OC)n4)c(OC)c3Cl)c2Cl)cnc1CNCC[C@@H]1CCCO1,COc1nc(-c2cccc(-c3ccc(-c4cnc(CN[C@@H]5CCC(=O)N5)c(OC)n4)c(OC)c3Cl)c2Cl)cnc1CNCC[C@@H]1CCCO1,9.582907,-6.2943816
30,mol493,-12.19,COc1nc(-c2cccc(-c3cccc(-c4cnc(CNC[C@H]5CCC(=O)N5)c(OC)n4)c3Cl)c2Cl)cnc1CNCCOCC[C@@H]1CCCO1,COc1nc(-c2cccc(-c3cccc(-c4cnc(CNC[C@H]5CCC(=O)N5)c(OC)n4)c3Cl)c2Cl)cnc1CNCCOCC[C@@H]1CCCO1,9.745386,-5.952968
60,mol371,-12.19,COc1nc(-c2cccc(-c3cccc(-n4cnc(C)n4)c3Cl)c2Cl)cnc1CNCC[C@@H]1CCCO1,COc1nc(-c2cccc(-c3cccc(-n4cnc(C)n4)c3Cl)c2Cl)cnc1CNCC[C@@H]1CCCO1,9.5591135,-5.964797
120,mol227,-12.19,COc1nc(-c2cccc(-c3cccc(-c4cnc(CNC[C@@H]5CCC(=O)N5)c(OC)n4)c3Cl)c2Cl)cnc1CNCCNCC[C@@H]1CCCO1,COc1nc(-c2cccc(-c3cccc(-c4cnc(CNC[C@@H]5CCC(=O)N5)c(OC)n4)c3Cl)c2Cl)cnc1CNCCNCC[C@@H]1CCCO1,9.822931,-5.768818
20,mol6,-12.18,COc1nc(-c2cccc(-c3cccc(-c4cnc(CNC[C@@H]5CCC(=O)NC5)c(OC)n4)c3Cl)c2Cl)cnc1CNCC[C@@H]1CCCOC1,COc1nc(-c2cccc(-c3cccc(-c4cnc(CNC[C@@H]5CCC(=O)NC5)c(OC)n4)c3Cl)c2Cl)cnc1CNCC[C@@H]1CCCOC1,9.706489,-5.9705935
20,mol8,-12.18,COc1nc(CNCCO)nc(-c2cccc(-c3cccc(-c4cnc(CNC[C@@H]5CCC(=O)N5)c(OC)n4)c3Cl)c2Cl)n1,COc1nc(CNCCO)nc(-c2cccc(-c3cccc(-c4cnc(CNC[C@@H]5CCC(=O)N5)c(OC)n4)c3Cl)c2Cl)n1,9.522517,-4.626898
10,mol291,-12.18,COc1nc(-c2cccc(-c3cnc(CNC[C@@H]4CCCO4)c(OC)n3)c2Cl)ccc1-c1cnc(CNC[C@H]2CCC(=O)N2)c(OC)n1,COc1nc(-c2cccc(-c3cnc(CNC[C@@H]4CCCO4)c(OC)n3)c2Cl)ccc1-c1cnc(CNC[C@H]2CCC(=O)N2)c(OC)n1,9.394611,-4.2980866
20,mol305,-12.18,COc1nc(-c2ccc(-c3cccc(-c4cccc(CNC[C@H]5CCC(=O)N5)c4Cl)c3Cl)cn2)cnc1CNCC[C@H]1CCCO1,COc1nc(-c2ccc(-c3cccc(-c4cccc(CNC[C@H]5CCC(=O)N5)c4Cl)c3Cl)cn2)cnc1CNCC[C@H]1CCCO1,9.427929,-6.124631
20,mol376,-12.17,COc1nc(-c2cnc(CNCCC3CCOCC3)c(OC)n2)ccc1-c1cccc(-c2cnc(CNC[C@H]3CCC(=O)N3)c(OC)n2)c1Cl,COc1nc(-c2cnc(CNCCC3CCOCC3)c(OC)n2)ccc1-c1cccc(-c2cnc(CNC[C@H]3CCC(=O)N3)c(OC)n2)c1Cl,9.743698,-4.8370657
70,mol118,-12.15,CCOCCCc1ncc(-c2cccc(-c3cccc(-c4cnc(CNC[C@@H]5CCC(=O)N5)c(OC)n4)c3Cl)c2Cl)nc1OC,CCOCCCc1ncc(-c2cccc(-c3cccc(-c4cnc(CNC[C@@H]5CCC(=O)N5)c(OC)n4)c3Cl)c2Cl)nc1OC,9.485019,-6.49405
60,mol173,-12.15,COc1nc(-c2cccc(-c3cccc(-c4cnc(CNC[C@@H]5CCC(=O)N5)c(OC)n4)c3Cl)n2)cnc1CC[C@@H]1CCCO1,COc1nc(-c2cccc(-c3cccc(-c4cnc(CNC[C@@H]5CCC(=O)N5)c(OC)n4)c3Cl)n2)cnc1CC[C@@H]1CCCO1,9.387852,-5.934154
50,mol4,-12.15,COc1nc(-c2cccc(-c3cccc(-c4cnc(CNC[C@H]5CCC(=O)N5)c(OC)n4)c3Cl)c2Cl)cnc1CCNCCCC1CCC1,COc1nc(-c2cccc(-c3cccc(-c4cnc(CNC[C@H]5CCC(=O)N5)c(OC)n4)c3Cl)c2Cl)cnc1CCNCCCC1CCC1,9.365878,-6.9248886
40,mol499,-12.14,COc1nncc(-c2ccc(-c3cccc(-c4cnc(CNC[C@@H]5CCC(=O)N5)c(OC)n4)c3Cl)cn2)n1,COc1nncc(-c2ccc(-c3cccc(-c4cnc(CNC[C@@H]5CCC(=O)N5)c(OC)n4)c3Cl)cn2)n1,9.266351,-4.466661
20,mol43,-12.13,COc1cnn(-c2cccc(-c3cccc(-c4cnc(CNC[C@H]5CCC(=O)N5)c(OC)n4)c3Cl)n2)c1,COc1cnn(-c2cccc(-c3cccc(-c4cnc(CNC[C@H]5CCC(=O)N5)c(OC)n4)c3Cl)n2)c1,9.171644,-4.577337
130,mol132,-12.13,Nc1ncnc(OCCOc2cccc(-c3cccc(-c4cncc(CNC[C@H]5CCC(=O)N5)c4Cl)c3Cl)c2Cl)c1CNCC[C@H]1CCCO1,Nc1ncnc(OCCOc2cccc(-c3cccc(-c4cncc(CNC[C@H]5CCC(=O)N5)c4Cl)c3Cl)c2Cl)c1CNCC[C@H]1CCCO1,8.869092,-6.0908203
10,mol212,-12.12,COc1ncn(-c2cccc(-c3cccc(-c4cnc(CNC[C@@H]5CCC(=O)N5)c(OC)n4)c3Cl)n2)n1,COc1ncn(-c2cccc(-c3cccc(-c4cnc(CNC[C@@H]5CCC(=O)N5)c(OC)n4)c3Cl)n2)n1,9.285832,-4.4711523
60,mol308,-12.12,COc1nc(-c2cccc(-c3cccc(-c4cnc(CNC[C@@H]5CCC(=O)N5)c(OC)n4)c3Cl)c2Cl)cnc1CCCCCNCCC1CCCC1,COc1nc(-c2cccc(-c3cccc(-c4cnc(CNC[C@@H]5CCC(=O)N5)c(OC)n4)c3Cl)c2Cl)cnc1CCCCCNCCC1CCCC1,9.1365795,-6.8285036
50,mol380,-12.12,COc1nc(-c2cccc(-c3cccc(OCCCc4cn(C)nn4)c3Cl)c2Cl)cnc1CNCCC1CCCC1,COc1nc(-c2cccc(-c3cccc(OCCCc4cn(C)nn4)c3Cl)c2Cl)cnc1CNCCC1CCCC1,9.183377,-6.4996157
30,mol279,-12.12,COc1nc(-c2cccc(-c3cnc(CNCC[C@H]4CCCO4)c(OC)n3)c2Cl)ccc1-c1cccc(CNC[C@@H]2CCC(=O)N2)c1Cl,COc1nc(-c2cccc(-c3cnc(CNCC[C@H]4CCCO4)c(OC)n3)c2Cl)ccc1-c1cccc(CNC[C@@H]2CCC(=O)N2)c1Cl,9.738212,-6.22694
100,mol445,-12.12,COc1nc(-c2cccc(-c3cccc(-c4cnn(C)n4)c3Cl)c2Cl)cnc1CNCCCO,COc1nc(-c2cccc(-c3cccc(-c4cnn(C)n4)c3Cl)c2Cl)cnc1CNCCCO,9.532885,-4.8092103
70,mol421,-12.11,COc1nc(-c2cccc(-c3cccc(OCCCCCCCc4ccnc(OC[C@H]5CCC(=O)N5)c4Cl)c3Cl)c2Cl)cnc1CC1CCCC1,COc1nc(-c2cccc(-c3cccc(OCCCCCCCc4ccnc(OC[C@H]5CCC(=O)N5)c4Cl)c3Cl)c2Cl)cnc1CC1CCCC1,8.904048,-7.0859847
10,mol276,-12.11,O=C1CC[C@H](CNCc2ncc(-c3nccc(-c4cccc(-c5cn(CCO)cn5)c4Cl)c3Cl)c(Cl)c2OC2CC2)N1,O=C1CC[C@H](CNCc2ncc(-c3nccc(-c4cccc(-c5cn(CCO)cn5)c4Cl)c3Cl)c(Cl)c2OC2CC2)N1,8.668044,-6.2305026
80,mol162,-12.11,COc1nc(-c2cccc(-c3cccc(-c4cnc(CNCC5CCOCC5)c(OC)n4)c3Cl)c2Cl)cnc1CCCCCNCC[C@H]1CCCO1,COc1nc(-c2cccc(-c3cccc(-c4cnc(CNCC5CCOCC5)c(OC)n4)c3Cl)c2Cl)cnc1CCCCCNCC[C@H]1CCCO1,9.308315,-6.364411
90,mol106,-12.11,COc1nc(-c2cccc(-c3cccc(-c4cnc(CNC5CC5)c(OC[C@H]5CCC(=O)N5)c4Cl)c3Cl)c2Cl)cnc1CCCNCCCO,COc1nc(-c2cccc(-c3cccc(-c4cnc(CNC5CC5)c(OC[C@H]5CCC(=O)N5)c4Cl)c3Cl)c2Cl)cnc1CCCNCCCO,9.24121,-6.6798716
10,mol90,-12.1,COc1cc(-c2cccc(-c3cccc(-c4cnc(OCC[C@H]5CCCO5)c(OC)n4)c3Cl)n2)cnc1CNC[C@@H]1CCC(=O)N1,COc1cc(-c2cccc(-c3cccc(-c4cnc(OCC[C@H]5CCCO5)c(OC)n4)c3Cl)n2)cnc1CNC[C@@H]1CCC(=O)N1,9.285586,-6.533442
90,mol340,-12.1,COCCOCCOc1nc(-c2cccc(-c3cccc(-c4cnc(CNC[C@H]5CCC(=O)N5)c(OC)n4)c3Cl)c2Cl)cnc1CNCC[C@H]1CCCO1,COCCOCCOc1nc(-c2cccc(-c3cccc(-c4cnc(CNC[C@H]5CCC(=O)N5)c(OC)n4)c3Cl)c2Cl)cnc1CNCC[C@H]1CCCO1,9.463973,-5.596435
10,mol446,-12.1,COc1nc(-c2cccc(-c3cccc(CNCCCC(=O)O)c3Cl)c2Cl)cnc1OCC1CCOCC1,COc1nc(-c2cccc(-c3cccc(CNCCCC(=O)O)c3Cl)c2Cl)cnc1OCC1CCOCC1,9.530974,-5.841813
100,mol453,-12.09,COc1nc(-c2cccc(-c3cccc(-c4cncnn4)c3Cl)c2Cl)cnc1CNCC[C@H]1CC[C@@H](OCCCO)CC1,COc1nc(-c2cccc(-c3cccc(-c4cncnn4)c3Cl)c2Cl)cnc1CNCC[C@H]1CC[C@@H](OCCCO)CC1,9.421411,-6.559821
40,mol317,-12.09,COc1ncn(-c2cccc(-c3cccc(-c4cncnc4)c3Cl)c2Cl)n1,COc1ncn(-c2cccc(-c3cccc(-c4cncnc4)c3Cl)c2Cl)n1,7.4444647,-5.894824
100,mol418,-12.08,COc1nc(-c2ccc(-c3cccc(Oc4cccc(OC[C@@H]5CCC(=O)N5)c4Cl)c3Cl)cn2)cnc1CNCC[C@H]1CCCO1,COc1nc(-c2ccc(-c3cccc(Oc4cccc(OC[C@@H]5CCC(=O)N5)c4Cl)c3Cl)cn2)cnc1CNCC[C@H]1CCCO1,8.579323,-6.5948415
130,mol367,-12.08,COc1nc(Oc2cccc(-c3cccc(-c4cnc(CNC[C@H]5CCC(=O)N5)c(OC)n4)c3Cl)c2Cl)cnc1CNCC[C@@H]1CCCO1,COc1nc(Oc2cccc(-c3cccc(-c4cnc(CNC[C@H]5CCC(=O)N5)c(OC)n4)c3Cl)c2Cl)cnc1CNCC[C@@H]1CCCO1,9.954569,-6.2330413
30,mol321,-12.07,COc1nc(-c2ccc(-c3cccc(-c4cnc(OCC[C@H]5CCCO5)c(OC)n4)c3Cl)c(Cl)c2)cnc1CNC[C@@H]1CCC(=O)N1,COc1nc(-c2ccc(-c3cccc(-c4cnc(OCC[C@H]5CCCO5)c(OC)n4)c3Cl)c(Cl)c2)cnc1CNC[C@@H]1CCC(=O)N1,9.584422,-6.414239
30,mol367,-12.07,COc1nc(-c2cccc(-c3cccc(-c4cn(CCCCCC(=O)N5CCC(=O)N5)c(OC)n4)c3Cl)c2Cl)cnc1CNCC[C@@H]1CCCO1,COc1nc(-c2cccc(-c3cccc(-c4cn(CCCCCC(=O)N5CCC(=O)N5)c(OC)n4)c3Cl)c2Cl)cnc1CNCC[C@@H]1CCCO1,9.6821785,-6.0777154
20,mol440,-12.07,COc1nc(-c2cccc(-c3ccccc3Cl)c2Cl)cnc1C1CCC1,COc1nc(-c2cccc(-c3ccccc3Cl)c2Cl)cnc1C1CCC1,8.71271,-6.6064353
80,mol331,-12.07,COc1nc(-c2cccc(-c3cccc(-c4cnc(COCCCCNCC[C@H]5CCCO5)c(OC)n4)c3Cl)c2Cl)cnc1CNC[C@H]1CCC(=O)N1,COc1nc(-c2cccc(-c3cccc(-c4cnc(COCCCCNCC[C@H]5CCCO5)c(OC)n4)c3Cl)c2Cl)cnc1CNC[C@H]1CCC(=O)N1,9.277983,-6.361251
10,mol94,-12.06,CO/C1=N/C(c2cccc(-c3cccc(-c4cnc(CNC[C@@H]5CCC(=O)N(C)C5)c(OC)c4Cl)c3Cl)c2Cl)=N\C2=C(/OCCCn3cnc(C)n3)CCOCC[C@H]1CCNC2,CO/C1=N/C(c2cccc(-c3cccc(-c4cnc(CNC[C@@H]5CCC(=O)N(C)C5)c(OC)c4Cl)c3Cl)c2Cl)=N\C2=C(/OCCCn3cnc(C)n3)CCOCC[C@H]1CCNC2,8.045292,-6.4078565
80,mol349,-12.06,COCCCCCn1ccnc1CCCc1ncc(-c2cccc(-c3cccc(-c4cnc(CNC[C@H]5CCC(=O)N5)c(OC)n4)c3Cl)c2Cl)nc1OC,COCCCCCn1ccnc1CCCc1ncc(-c2cccc(-c3cccc(-c4cnc(CNC[C@H]5CCC(=O)N5)c(OC)n4)c3Cl)c2Cl)nc1OC,9.08847,-6.3562083
20,mol152,-12.06,COc1nc(-c2ccc(-c3cccc(-c4cnc(CNC[C@@H]5CCC(=O)N5)c(OC)n4)c3Cl)cn2)cnc1CNCC[C@H]1CC[C@H](O)CC1,COc1nc(-c2ccc(-c3cccc(-c4cnc(CNC[C@@H]5CCC(=O)N5)c(OC)n4)c3Cl)cn2)cnc1CNCC[C@H]1CC[C@H](O)CC1,9.689311,-5.158541
80,mol347,-12.06,COc1nc(-c2cccc(-c3cccc(-c4nc(-c5ccccn5)nc(OC)c4CO)c3Cl)c2Cl)cnc1CNC[C@@H]1CCC(=O)N1,COc1nc(-c2cccc(-c3cccc(-c4nc(-c5ccccn5)nc(OC)c4CO)c3Cl)c2Cl)cnc1CNC[C@@H]1CCC(=O)N1,9.42776,-6.734103
70,mol400,-12.05,COc1nc(-c2ccc(-c3cccc(-c4cnc(CNC[C@H]5CCC(=O)N5)c(OC)n4)c3Cl)cc2Cl)cnc1CNCCC1CCC1,COc1nc(-c2ccc(-c3cccc(-c4cnc(CNC[C@H]5CCC(=O)N5)c(OC)n4)c3Cl)cc2Cl)cnc1CNCCC1CCC1,9.491933,-6.622287
120,mol454,-12.05,NCC[C@H]1CCO[C@@H](OCCCCOc2cccc(-c3cccc(-c4cnc(CNC[C@H]5CCC(=O)N5)c(O)c4Cl)c3Cl)c2Cl)C1,NCC[C@H]1CCO[C@@H](OCCCCOc2cccc(-c3cccc(-c4cnc(CNC[C@H]5CCC(=O)N5)c(O)c4Cl)c3Cl)c2Cl)C1,8.519775,-6.4940014
50,mol236,-12.05,COc1nc(-c2cccc(-c3cccc(-c4nnc(CNCC[C@@H]5CCCO5)c(OC)n4)c3Cl)c2Cl)cnc1CNC[C@@H]1CCC(=O)N1,COc1nc(-c2cccc(-c3cccc(-c4nnc(CNCC[C@@H]5CCCO5)c(OC)n4)c3Cl)c2Cl)cnc1CNC[C@@H]1CCC(=O)N1,9.84812,-6.0214105
90,mol194,-12.05,COc1nc(-c2cccc(-c3cccc(-c4cnc(CNC[C@@H]5CCC(=O)N5)c(OC)n4)c3Cl)c2Cl)cnc1CCCCCCCNCC[C@@H]1CCCO1,COc1nc(-c2cccc(-c3cccc(-c4cnc(CNC[C@@H]5CCC(=O)N5)c(OC)n4)c3Cl)c2Cl)cnc1CCCCCCCNCC[C@@H]1CCCO1,9.154736,-6.4933243
20,mol430,-12.05,COc1nc(-c2cccc(-c3cccc(-c4cnc(CNC5CC5)c(OC)n4)c3Cl)c2Cl)cnc1CNCC[C@H]1CCCO1,COc1nc(-c2cccc(-c3cccc(-c4cnc(CNC5CC5)c(OC)n4)c3Cl)c2Cl)cnc1CNCC[C@H]1CCCO1,9.379735,-6.3716335
40,mol335,-12.05,O=CCCNC(=O)CCNc1ncnc2c1ncn2[C@@H]1CO[C@H](COCCn2cnc(-c3cccc(-c4cccc(-c5cnc(CN[C@@H]6CC[C@@H](O)C6)cn5)c4Cl)c3Cl)c2)O1,O=CCCNC(=O)CCNc1ncnc2c1ncn2[C@@H]1CO[C@H](COCCn2cnc(-c3cccc(-c4cccc(-c5cnc(CN[C@@H]6CC[C@@H](O)C6)cn5)c4Cl)c3Cl)c2)O1,8.639789,-5.570919
90,mol432,-12.04,COc1nc(-c2cccc(-c3cccc(-c4cnc(CNC[C@H]5CCC(=O)O5)c(OC)n4)c3Cl)c2Cl)cnc1CCCCCCNCC[C@@H]1CCCO1,COc1nc(-c2cccc(-c3cccc(-c4cnc(CNC[C@H]5CCC(=O)O5)c(OC)n4)c3Cl)c2Cl)cnc1CCCCCCNCC[C@@H]1CCCO1,8.910128,-6.4990664
10,mol183,-12.04,COc1nc(-c2cccc(-c3cnc(CNCC[C@H]4CCCO4)c(OC)n3)c2Cl)ccc1-c1cnc(CNC[C@@H]2CCN3CCCC[C@H]2C3=O)c(OC)n1,COc1nc(-c2cccc(-c3cnc(CNCC[C@H]4CCCO4)c(OC)n3)c2Cl)ccc1-c1cnc(CNC[C@@H]2CCN3CCCC[C@H]2C3=O)c(OC)n1,9.203875,-5.4612703
80,mol200,-12.04,Cn1ncnc1CN1CCC(=O)c2ccc(-c3ccnc(-c4cccc(CNCC5CC5)c4Cl)c3Cl)cc21,Cn1ncnc1CN1CCC(=O)c2ccc(-c3ccnc(-c4cccc(CNCC5CC5)c4Cl)c3Cl)cc21,7.102329,-6.0834107
30,mol21,-12.04,COc1nc(-c2ccc(-c3cccc(-c4cnc(CNCC[C@@H]5CCCO5)c(OC)n4)c3Cl)c(Cl)c2)cnc1CNC[C@@H]1CCC(=O)N1,COc1nc(-c2ccc(-c3cccc(-c4cnc(CNCC[C@@H]5CCCO5)c(OC)n4)c3Cl)c(Cl)c2)cnc1CNC[C@@H]1CCC(=O)N1,9.936166,-6.138265
20,mol356,-12.04,COc1nc(-c2cccc(-c3cccc(-c4cnc(OCCCC[C@H]5CCCO5)c(OC)n4)c3Cl)c2Cl)cnc1CNC[C@@H]1CCC(=O)N1,COc1nc(-c2cccc(-c3cccc(-c4cnc(OCCCC[C@H]5CCCO5)c(OC)n4)c3Cl)c2Cl)cnc1CNC[C@@H]1CCC(=O)N1,9.523536,-6.418733
40,mol492,-12.04,COc1nc(-c2ccc(-c3cccc(-c4cnc(CNC[C@H]5CCC(=O)N5)c(OC)n4)c3Cl)cc2Cl)cnc1CNCC[C@@H]1CCCCO1,COc1nc(-c2ccc(-c3cccc(-c4cnc(CNC[C@H]5CCC(=O)N5)c(OC)n4)c3Cl)cc2Cl)cnc1CNCC[C@@H]1CCCCO1,9.702892,-6.044684
90,mol322,-12.03,COc1nc(-c2cccc(-c3cccc(-c4cnc(CNC[C@H]5CCC(=O)N5)c(OC)n4)c3Cl)c2Cl)cnc1CCCOCCNCCC1CCC1,COc1nc(-c2cccc(-c3cccc(-c4cnc(CNC[C@H]5CCC(=O)N5)c(OC)n4)c3Cl)c2Cl)cnc1CCCOCCNCCC1CCC1,9.141344,-6.5901766
40,mol340,-12.03,COc1nc(-c2cccc(-c3cccc(C(=O)O)c3Cl)c2Cl)cnc1CNCC[C@@H]1CCCO1,COc1nc(-c2cccc(-c3cccc(C(=O)O)c3Cl)c2Cl)cnc1CNCC[C@@H]1CCCO1,9.412287,-5.592979
110,mol171,-12.03,COc1nc(-c2ccc(-c3cccc(-c4cnc(CN[C@H]5CCC(=O)N5)c(OC)n4)c3Cl)cn2)cnc1CNCC[C@@H]1CCCO1,COc1nc(-c2ccc(-c3cccc(-c4cnc(CN[C@H]5CCC(=O)N5)c(OC)n4)c3Cl)cn2)cnc1CNCC[C@@H]1CCCO1,9.532026,-5.0305395
70,mol140,-12.03,COc1nc(-c2nc(-c3cccc(-c4cccc(CNC[C@@H]5CCC(=O)N5)c4Cl)c3Cl)cnc2N)cnc1CNCC[C@@H]1CCCO1,COc1nc(-c2nc(-c3cccc(-c4cccc(CNC[C@@H]5CCC(=O)N5)c4Cl)c3Cl)cnc2N)cnc1CNCC[C@@H]1CCCO1,9.926159,-5.8529167
20,mol36,-12.02,COc1nc(-c2cccc(-c3cccc(-c4nc(CCNC[C@@H]5CCC(=O)N5)c(OC)n(OC)c4=O)c3Cl)c2Cl)cnc1OCC[C@@H]1CCCO1,COc1nc(-c2cccc(-c3cccc(-c4nc(CCNC[C@@H]5CCC(=O)N5)c(OC)n(OC)c4=O)c3Cl)c2Cl)cnc1OCC[C@@H]1CCCO1,9.6200285,-5.370592
20,mol453,-12.02,COc1nc(-c2ccc(-c3cccc(-c4cnc(OCCC[C@@H]5CCCO5)c(OC)n4)c3Cl)c(Cl)c2)cnc1CNC[C@H]1CCC(=O)N1,COc1nc(-c2ccc(-c3cccc(-c4cnc(OCCC[C@@H]5CCCO5)c(OC)n4)c3Cl)c(Cl)c2)cnc1CNC[C@H]1CCC(=O)N1,9.487837,-6.3104157
30,mol339,-12.02,COc1nc(-c2cccc(-c3ccccc3Cl)c2Cl)cnc1OCC1CCOCC1,COc1nc(-c2cccc(-c3ccccc3Cl)c2Cl)cnc1OCC1CCOCC1,8.98825,-6.791492
60,mol147,-12.02,COc1nc(-c2cccc(-c3cccc(-c4cnc(CNC[C@@H]5CCC(=O)N5)c(OC)c4Cl)c3Cl)n2)cnc1C[C@@H]1CCCO1,COc1nc(-c2cccc(-c3cccc(-c4cnc(CNC[C@@H]5CCC(=O)N5)c(OC)c4Cl)c3Cl)n2)cnc1C[C@@H]1CCCO1,9.30458,-6.160118
20,mol16,-12.02,COc1nc(-c2ccc(-c3cccc(-c4cnc(CNC[C@@H]5CCC(=O)N5)c(OC)n4)c3Cl)cn2)cnc1CNCC[C@H]1CCCO1,COc1nc(-c2ccc(-c3cccc(-c4cnc(CNC[C@@H]5CCC(=O)N5)c(OC)n4)c3Cl)cn2)cnc1CNCC[C@H]1CCCO1,9.605053,-4.8588386
20,mol344,-12.01,COc1ncnc(-c2cccc(-c3ccc(-c4cnc(CNC[C@H]5CCC(=O)N5)c(OC)c4)cn3)c2Cl)n1,COc1ncnc(-c2cccc(-c3ccc(-c4cnc(CNC[C@H]5CCC(=O)N5)c(OC)c4)cn3)c2Cl)n1,8.3039465,-5.432214
70,mol335,-12.01,Cc1nc(-c2cccc(-c3cccc(-c4cnc(CNC[C@@H]5CCC(=O)N5)c(OC[C@H](O)C5CC5)c4Cl)c3Cl)c2Cl)cn1CCCNCCO,Cc1nc(-c2cccc(-c3cccc(-c4cnc(CNC[C@@H]5CCC(=O)N5)c(OC[C@H](O)C5CC5)c4Cl)c3Cl)c2Cl)cn1CCCNCCO,8.554713,-5.7653112
10,mol36,-12.01,COc1cc(-c2cccc(-c3ccc(-c4cnc(CNCC[C@@H]5CCCO5)c(OC)n4)nc3)c2Cl)cnc1CNC[C@@H]1CCC(=O)N1,COc1cc(-c2cccc(-c3ccc(-c4cnc(CNCC[C@@H]5CCCO5)c(OC)n4)nc3)c2Cl)cnc1CNC[C@@H]1CCC(=O)N1,9.40319,-5.764314
90,mol330,-12.01,COc1nc(-c2cccc(-c3ccccc3Cl)c2Cl)cnc1CC[N@H+]1CC[C@H](O)C1,COc1nc(-c2cccc(-c3ccccc3Cl)c2Cl)cnc1CC[N@H+]1CC[C@H](O)C1,9.263986,-3.7240381
