1000	mol443	-12.54	Cc1cccc(C(=O)Nc2ccc(-c3ccc(C(=O)O)c(C(=O)O)c3)cc2)c1
1000	mol442	-12.58	CN(c1ccc(-c2ccccc2)cc1)c1cccc(C(=O)c2nccn2Cc2ccccc2)c1
1000	mol273	-12.36	COc1ccc(-c2ccc3c(NC(=O)c4cccc(C(=O)O)c4)cccc3c2)cc1NC(=O)c1ccccc1
1000	mol477	-13.15	Cn1cc(-c2cc(Nc3ccnc4cc(-c5ccc(O)cc5)ccc34)ccn2)cn1
1000	mol92	-12.25	COc1cccc(-c2ccc(O)c(C(=O)c3ccc(C(=O)O)cc3)c2)c1
1000	mol348	-12.63	CC(=O)Nc1cccc(-c2ccc(C(=O)O)c(Oc3nccc4ccccc34)c2)c1
1000	mol379	-12.27	Cc1cccc(-c2ccc(C(=O)NCc3ccc(C(=O)O)cc3)c3ccccc23)c1
1000	mol270	-12.68	Cc1ccc(NC(=O)c2cccc(C(C)(C)C)c2)cc1Nc1ncnn2cc(-c3ccc(OC(C)C)cn3)cc2c1=O
1000	mol385	-12.44	COc1ccc(-c2ccc(NC(=O)c3cccc4c(O)cccc34)cc2)cc1
1000	mol179	-12.6	Cc1ccc(NC(=O)c2cccc(-c3ccccc3)c2)cc1NC(=O)c1ccc(CN(C)Cc2ccc(C(=O)O)cc2)cc1
1000	mol345	-12.31	CC(=O)Nc1ccc(Oc2ccc(-c3ccc(C(=O)O)c(NC(=O)c4ccccc4)c3)c(O)c2)cc1
1000	mol377	-12.29	Cc1ccccc1Cc1cccc(Nc2nc(Nc3ccccc3)nc(Nc3ccc(N)cc3)n2)c1
1000	mol60	-12.34	Cc1ccc(NC(=O)c2cccc(-c3cccnc3)c2)cc1C(=O)c1ccc(F)cc1
1000	mol168	-12.05	Cc1ccc(OCc2cccc(-c3cccnc3)c2)cc1NC(=O)c1ccccc1C(=O)O
1000	mol185	-12.4	COc1ccc(-c2ccc(N(C)c3cncc(C(=O)Nc4cccc(C(=O)O)c4)n3)cc2)cc1
1000	mol268	-12.34	CN(c1ccc(C(=O)N[C@H](CC[NH+](C)C)C(=O)O)cc1)c1cccc(Nc2nccc(-c3cccnc3Nc3ccccc3)n2)c1
1000	mol8	-13.35	NC(N)c1ccc(Oc2ccc(-c3cccc(NC(=O)c4ccc(-c5cccnc5)cc4)c3)cc2F)cc1
1000	mol282	-12.39	Cc1ccccc1-c1c[nH]c(-c2cccnc2Oc2ccc(NC(=O)Nc3ccccc3)cc2C(=O)O)n1
1000	mol215	-12.08	C#CCNC(=O)c1ccc(Oc2ccc(Oc3ccc(-c4ccccc4)cc3)cc2)cc1
1000	mol398	-12.24	Cc1ccc(-c2nc(C(=O)NCCNC(=O)c3ccc(C)c(C(=O)Nc4ccccc4)c3)c[nH]2)cc1
1000	mol291	-12.14	CC(=O)Nc1cccc(Oc2nc(Nc3ccc(N4CCN(C(C)=O)CC4)cc3)nc3cccnc23)c1
1000	mol200	-12.22	Cc1ccc(B(O)O)cc1C(=O)NCc1nc(Nc2cccc(C(N)N)c2)sc1C(=O)O
1000	mol329	-12.83	CC(=O)Nc1cccc(-c2ccc(NC(=O)c3cc4ccccc4o3)cc2)c1
1000	mol32	-12.42	COc1cccc(-c2ccc(Oc3ccccc3C(=O)Nc3ccc(Oc4ccncc4)cc3)cc2)c1
1000	mol232	-12.63	COc1ccccc1-c1ccc(Oc2ccc(NC(=O)c3cc4ccccc4o3)cc2)cc1
1000	mol361	-12.17	COc1ccc(CC(=O)Nc2cccc(-c3nc4ccccc4[nH]3)c2)cc1
1000	mol129	-12.3	CNc1cccc(-c2ccc(NC(=O)c3cc4ccccc4o3)cc2)c1
1000	mol314	-12.59	CNc1cc(-c2cccc(C(=O)O)c2)cc(-c2ccc3cc(Oc4ccccc4)c(=O)oc3c2)c1
1000	mol206	-12.37	Cc1ccc(C(=O)Nc2ccc(S(O)(O)O)c3ccccc23)cc1C(=O)Nc1ccc(CC(=O)O)cc1
1000	mol11	-12.79	Cn1c(N2CCNC(=O)C2)nc(-c2ccc(NC(=O)c3ccc(-c4ccccc4F)cc3)cc2)cc1=O
1000	mol451	-12.9	CCNc1cc(Nc2c3ccccc3nc3ccccc23)ccc1C(=O)c1ccc(-c2nc3ccccc3[nH]2)cc1
1000	mol485	-12.34	Cc1ccc(C(=O)Nc2ccc3nc(Nc4cccc([N+](=O)[O-])c4)sc3c2)cc1C(=O)O
1000	mol290	-12.66	CC(=O)Nc1cccc(-c2cc3cc(-c4ccccc4)c(=O)ncc3o2)c1
1000	mol413	-12.74	NC(N)c1ccc(CNC(=O)c2ccc(-c3ccnc(Nc4ccnc(Nc5ccccc5)n4)c3)cc2)cc1
1000	mol31	-12.54	COc1ccccc1Nc1cc[nH]c(=O)c1C(=O)Nc1ccc(OCc2cccc(-c3nccnc3C)c2)cc1
1000	mol446	-12.04	CNc1cccc(-c2ccc(Oc3ccc(Oc4ccccc4)cc3)cc2C(=O)O)c1
1000	mol42	-13.13	Cc1c(CCc2ccccc2)ccc(Nc2nccc(-c3cc4ccc(C(N)N)cc4[nH]3)n2)c1F
1000	mol436	-12.24	Nc1ccc(-c2cccc(-c3ccc(OCc4ccccc4)cc3)c2)cc1
1000	mol484	-13.55	Cn1cc(-c2cccc(C(=O)c3ccc4ccccc4c3)c2)c2ccc(-n3cccn3)cc21
1000	mol74	-12.02	NC(N)c1ccc(C2=NC(=O)[C@@H](CC(=O)Nc3ccc(Oc4ccccc4)cc3)C2)cc1
1000	mol82	-12.15	Nc1ccc(CCc2ccc(NC(=O)c3ccc(C(=O)O)cc3)cc2C(=O)O)cc1
1000	mol364	-12.23	CN(C)c1ccc(-c2ccc(Oc3ccc(Oc4ccccc4)cc3)cc2C(=O)O)cc1
1000	mol465	-12.47	CC(C)c1ccc(-c2nccnc2Nc2ccc(-c3ccc4ccccc4n3)cc2)cc1
100	mol346	-12.74	Cc1ccc(C(=O)N2CCN(c3cccc(Cl)c3)CC2)cc1Nc1nccc(Cc2cccc(C(=O)O)c2)n1
100	mol141	-13.01	Cc1cc2c(cc1N1C(=O)c3cccc4cccc(c34)C1=O)C1=CC(Cl)=C/C1=N/CC(C)(C)S2
100	mol92	-12.09	Cc1c(CNc2ccccc2)cnc(Nc2ccc(-c3cncnc3)cc2F)c1-c1ccnc(Nc2ccc(N3CCOCC3)cc2)n1
100	mol264	-13.65	CN1C(=O)[C@H](NC(=O)c2cc(-c3ccc(C(=O)NCc4cccc(C(F)(F)F)c4)cc3)ccc2F)C(=O)N(c2ccccc2)C1=O
100	mol192	-12.46	Cn1nc(-c2ccccc2)cc1NC(=O)Nc1ccc(NC(=O)c2ccc(C(F)(F)F)cc2)cc1
100	mol52	-13.15	CCS(=O)(=O)c1ccc(Nc2nccc(-c3cnc(N)c(-c4ccc(C(=O)Nc5ccccc5C(F)(F)F)cc4)c3)n2)cc1
100	mol255	-12.49	Cc1nc2ccc(CN(Cc3ccccc3)C(=O)c3ccc4cc(F)ccc4c3)cc2n1-c1ccccc1
100	mol379	-12.71	Cc1ccccc1-c1ccc2c(Nc3ccc(C(F)(F)F)cc3)ncnc2c1
100	mol295	-12.31	Cc1cccc(COC(=O)Nc2ccc(Nc3cc(Nc4cccc(C(=O)O)c4)nc4ccccc34)cc2)c1
100	mol335	-12.41	Cc1cc(Nc2nc(N)c(C(=O)NCc3ccc(Cl)c(Cl)c3)s2)ccc1N1C(=O)c2ccccc2C1=O
100	mol427	-12.67	Cc1c(Nc2nc(N[C@@H]3CCCC[C@@H]3[NH3+])ncc2F)ccc(C(=O)Nc2ccc(C(=O)N(C)C)cc2)c1F
100	mol12	-12.71	Cc1cc(NC(=O)c2ccc([C@H]3CC[C@@H](CC(=O)O)C3)cc2Cl)ccc1-n1cnc2ccc(C#N)nc21
100	mol128	-12.37	Cc1cc(C(=O)Nc2cccc(Oc3ccnc(Nc4ccc(NC(=O)C5CCCC5)c(Cl)c4)n3)c2)ccn1
100	mol76	-12.44	FC(F)(F)c1cccc(/N=N/c2c[nH]nc2CNc2ccc(Nc3ccnc4cc(Cl)ccc34)cc2)c1
100	mol266	-12.67	Cc1cc(N2CCC[C@@H](Nc3nccc(-c4cc5ccccc5[nH]4)n3)C2)n2ncnc2n1
100	mol285	-12.61	CNC(=O)Nc1cc(CCc2cccc(Nc3ccnc4cc(Cl)ccc34)c2)ccn1
100	mol282	-12.96	Cc1ccc(NC(=O)c2ccc(C[C@H]3CC[N@H+](Cc4ccccc4)CC3)cc2)cc1Nc1nccc(-c2cccnc2Oc2ccc(C(N)=O)cc2)n1
100	mol40	-12.19	Cc1cn([C@@H]2CCCN(c3ccc4nc(C(=O)O)cc(C5CC5)c4c3)C2)c(=O)[nH]c1=O
100	mol101	-12.02	CN(C(=O)c1c(F)cccc1Cl)c1ccc(-c2ccc(C(=O)O)cc2)s1
100	mol491	-12.65	Cc1ccc(Nc2nccc(Nc3ccc4c(C(F)(F)F)cc(C(F)(F)F)nc4c3)n2)cc1
100	mol329	-12.72	Cc1ccccc1-n1c(Cn2nc(-c3ccc(Oc4ccccc4)cc3)c3c(N)ncnc32)nc2cccc(C)c2c1=O
100	mol234	-12.48	CN(c1ccc(NC(=S)Nc2ccc(N(Cc3ccccc3)C(=O)c3ccccc3)cc2)cc1)c1ccc(C(=O)NCc2cccc(C(=O)O)c2)cc1
100	mol140	-12.91	FC(F)(F)c1ccc2c(Nc3ccc(-c4nc([C@H]5CC[N@@H+](Cc6ccccc6)CC5)[nH]c4-c4ccccc4)cc3)ccnc2c1
100	mol164	-12.71	Cc1cc(NCc2c(F)ccc(F)c2F)c(F)c(F)c1C(=O)Nc1cccc(-c2ncccn2)c1
100	mol322	-12.17	O=C(NC1CC1)c1ccc(-c2ccc(-c3ccccc3)cc2)cc1
100	mol359	-12.32	Cc1ccc(-n2nc(C(C)(C)C)cc2NC(=O)Nc2ccc(Nc3nccc(-c4ccccn4)n3)cc2)cc1
100	mol150	-12.05	Cc1cc(F)cc(Nc2nccc(-c3ccccc3C(F)(F)F)n2)c1
100	mol121	-12.93	CCn1c(-c2cccc(NC(=O)Nc3ccc(Cl)c(C(F)(F)F)c3)c2)cc2c(C)nn(-c3cccc(C(=O)O)c3)c21
100	mol83	-12.16	Cc1nc(Nc2ncc(C(=O)Nc3ccc(Oc4ccccc4)cc3)cc2C(F)(F)F)cn1C
100	mol466	-12.14	Cc1ccc(C(=O)Nc2ccc(CCNc3ncnc4oc(-c5ccccc5)nc34)cc2)cc1
100	mol299	-12.54	Oc1cnc(NCc2cccnc2)nc1-c1ccc(-c2cc(-c3ccccc3)sn2)cc1
100	mol371	-12.34	Cc1cc(N2CC[C@@H](O)C2)ccc1Nc1ncc2cc(C(=O)Nc3ccc(C(=O)N[C@@H](CCO)C(=O)O)cc3)ccc2n1
100	mol33	-12.29	C1=C(c2cccc(-c3ccc(Oc4ncc(-c5cncc(C6CCCC6)n5)[nH]4)cc3)c2)[C@@H]([NH2+]CCCNc2ccnc3ccccc23)CCC1
100	mol328	-12.23	Cc1nc(-c2ccc(C(F)(F)F)cc2)sc1NC(=O)Nc1ccc(S(=O)(=O)Nc2nccs2)cc1
100	mol463	-12.34	Cc1ccc(C(=O)Nc2cccc(C(F)(F)F)c2)cc1NC(=O)c1cnc(-c2cccc(CF)n2)nc1C(N)=O
100	mol134	-12.66	O=C(O)c1ccc(Nc2ccnc3cc(-c4ccc(NC(=O)c5ccccc5)cc4)ccc23)cc1
100	mol497	-12.12	CN(O)C(=O)c1ccc(Nc2ccc(Nc3ccnc4ccc(OC(F)(F)F)cc34)cn2)cc1
10	mol225	-12.29	Cc1cc(OCCCc2ccc3n[nH]cc3c2)ccc1-c1nc2nc(N)nc(Cl)c2[nH]1
10	mol337	-12.44	CCCCNC(=O)Nc1ccc(F)c(C(=O)c2c[nH]c3ncc(-c4ccc(C(F)(F)F)cc4)cc23)c1F
10	mol410	-12.24	C(=C/[C@H]1CCCCN1)/c1nc2cc(OCc3cccc(-c4ccccc4)c3)ccc2o1
10	mol215	-12.66	c1ccc2cc(COc3ccc(Nc4ncnc5ccccc45)cc3)ccc2c1
10	mol200	-13.06	COc1ccc(Nc2cc(Nc3ccc4c(c3)CN(c3ccc(-c5ccccc5)cc3)CC4)ncn2)cc1
10	mol220	-12.18	CC(C)n1nc(C#Cc2cccc(NC(=O)Nc3ccccc3)c2)c2c(N)ncnc21
10	mol198	-12.24	C[C@@H](NC(=O)c1cccc(N2CC[NH+](CC(=O)Nc3cc(C(=O)NO)ccc3Cl)CC2)c1)c1ccc(F)cc1
10	mol139	-12.1	FC(F)(F)c1cccc(NCc2nc(-c3ccc(OCc4cc5ccccc5s4)cc3)c(-c3ccccc3)[nH]2)c1
10	mol208	-12.57	Cc1cc(C)c(-c2[nH]nc3c2CN(c2cc(-c4cccnc4)cnn2)C3)cc1C
10	mol399	-12.84	c1ccc(Nc2nccc(-c3cccc(-c4nc5ccccc5[nH]4)c3)n2)cc1
10	mol172	-12.45	c1cncc(-c2cccc(-c3ccc(-c4nc5ccccc5[nH]4)s3)c2)c1
10	mol87	-12.17	C#Cc1cccc(-c2ccnc3c2cnn3-c2cccc(C(N)=O)c2)c1
110	mol75	-12.9	c1ccc(-c2cccc(-c3ccnc(Nc4ccc(N5CCOCC5)cc4)n3)c2)cc1
110	mol346	-12.95	Cc1cccc(C[N@H+]2CC[C@@H](CNC(=O)c3ccc4cc(C(N)N)ccc4c3)CC2)c1
110	mol367	-12.11	C[C@@H](NC(=O)c1ccc(O[C@H]2O[C@H](CO)[C@@H](O)[C@H](O)[C@@H]2O)cc1)c1ccc(NC(=O)c2ccc(Cl)cc2)cc1
110	mol45	-12.43	CNC(=O)[C@@H](c1ccc([C@H]2CC[C@H](C(F)(F)F)N2)cc1)S(=O)(=O)c1ccc(-c2ccccc2F)cc1
110	mol470	-12.38	O=C(C[N@H+]1CC[N@@H+](Cc2cccc(-c3cn4c(-c5ccccn5)cnc4cn3)c2)CC1)Nc1ccccc1
110	mol149	-12.84	CNC(=O)c1ccc(-c2cccc(C(=O)c3ccc(CCCc4ccccc4)cc3)c2)cc1
110	mol7	-12.71	Cc1ccc(C(=O)Nc2ccc(C[N@H+]3CC[N@H+](C)CC3)c(C(F)(F)F)c2)cc1Nc1ncnn2cc(C(=O)N[C@@H](C)c3ccccc3)cc12
110	mol374	-12.85	Cc1cn(-c2cccc(C(=O)Nc3ccc(C(=O)Nc4cc(F)cc(F)c4)c(C(F)(F)F)c3)c2)cn1
110	mol479	-12.84	Cc1cc(CSc2ncc(C(=O)Nc3ccccc3)c(-c3ccc(C(=O)Nc4cccc(C(F)(F)F)c4)cc3)n2)no1
110	mol163	-12.39	COC(=O)Nc1ccc(NC(=O)c2cccc(C(=O)N/N=C3/C(=O)Nc4ccc(F)cc43)c2)cc1
110	mol128	-12.21	Clc1ccc2c(Nc3ccc(-c4nc(Cc5cccc(Br)c5)[nH]c4-c4ccccc4)cc3)ccnc2c1
110	mol62	-12.08	Cc1cc2c(cc1O)CC[C@H]1[C@H]3CC[C@@H](Nc4cccc(C(=O)O)c4)[C@@]3(C)CC[C@@H]21
110	mol168	-12.09	Cc1ccc(C(=O)Nc2ccc(C[N@H+]3CC[N@@H+](C)CC3)c(C(F)(F)F)c2)cc1C#Cc1cnc(N)c(-c2ccc(N3CC[NH+](C)CC3)cc2)n1
110	mol242	-13.51	CN1C(=O)N(Cc2ccc(Cl)cc2)C(=O)[C@@]12Cc1cc(C#CCc3cccc(F)n3)ccc1S2(=O)=O
110	mol233	-12.08	Cc1cc(NC(=O)c2ccoc2)cc(C(=O)NCc2cccc(C(=O)N[C@H]3CCCC[C@@H]3CCc3ccccc3)c2)c1
110	mol288	-12.63	Cc1cc(NC(=O)c2ccc(C(=O)Nc3ccc4c(c3)OC(F)(F)O4)cc2)ccc1NC(=O)c1ccc(-c2ccccc2)cc1
110	mol360	-12.23	Cc1ccc(NC(=O)c2ccc(-c3ccc(-c4ccccc4Cl)nc3)o2)cc1N1C(=O)CCC1=O
110	mol274	-12.32	Cc1c(Nc2cccc(C(=O)Nc3cccnc3)n2)ccc2c(N3CC[C@H](C(=O)O)C3)nccc12
110	mol452	-12.1	Cc1nc[nH]c1C(=O)Nc1ccc(Nc2nccc(Nc3ccc4ccccc4n3)n2)cc1
110	mol323	-12.42	Cc1cc(CC(=O)N2CCc3[nH]c(-c4ccccc4Cl)cc3N2)ccc1F
110	mol278	-12.7	Cc1ccc(NC(=O)c2cc(Cn3ccc(NC(=O)c4csc5ccccc45)cc3=O)cnc2Cl)cc1
110	mol398	-12.51	Cc1ccc(C(=O)Nc2ccc(C[N@H+]3CC[N@H+](C)CC3)c(C(F)(F)F)c2)cc1C#Cc1ccc2cncc(-c3cnccc3-c3cccnc3)c2n1
110	mol475	-13.51	Cc1cc(-n2ccnc2)cc2[nH]c(-c3ccc(S(=O)(=O)Nc4cccc(C(=O)Nc5cccc(C(F)(F)F)c5)c4)cc3)nc12
110	mol138	-12.29	Cc1cccc(NC(=O)c2ccc(OCc3cc(C(=O)O)ccc3C(=O)O)cc2)c1
110	mol258	-12.15	Cc1ccc(Nc2nnc(-c3ccc(C(=O)N4CCC(Cc5ccccc5)CC4)cc3)s2)cc1
110	mol57	-12.56	Cc1cc(C)c(-c2[nH]c3ncc(-c4cccc(C[N@H+]5CC[N@@H+](C)CC5)c4)cc3c2C)cc1C(=O)N1CCOCC1
110	mol402	-12.17	Cc1ccc(-c2ccc(C(=O)NCc3cccc(Oc4ccccc4)c3)cc2)cc1
110	mol489	-13.34	Cc1cccc(-c2ccnc(Nc3cccc(NC(=O)c4cccc(C(=O)O)c4)c3)c2)c1
110	mol164	-12.23	Cc1cc(NC(=O)c2ccc(C(=O)Nc3ccccc3N)cc2)cc(-c2ccccc2)c1
110	mol394	-12.1	c1ccc(C2CCN(c3cccc(-c4c[nH]nc4-c4cccc(N5CCc6ccccc6C5)c4)c3)CC2)cc1
110	mol139	-13.07	CN1CCN(c2cc3cccnc3cc2CNC(=O)c2ccc(Nc3ncc4cc(Cl)c(-c5ccccc5)nc4n3)cc2)CC1
110	mol109	-12.11	Cc1ccc(CNC(=O)c2ccnc(Nc3cccc(C(=O)NCc4ccccc4)c3)n2)cc1
110	mol161	-13.16	CN(Cc1ccc(-c2cccc(CNC(=O)c3ccc4ccccc4n3)c2)cc1)C(=O)Nc1ccc(N(Cc2ccccc2)C(=O)[C@H]2C[C@H]2c2ccccc2)cc1
110	mol154	-12.96	c1ccc(C[N@H+]2CC[C@@H](NCc3ccc(-c4ccc5n[nH]c(-c6ccccc6)c5c4)cc3)CC2)cc1
110	mol413	-12.28	Cc1nc(COc2ccc(-c3ccc4nc(NC(=O)C5CC5)ccc4c3)cc2Cl)nc(NC2CCOCC2)n1
110	mol446	-14.5	Cc1c(-c2cccc(C(=O)NCc3cccc(S(N)(=O)=O)c3)c2)cccc1-c1ccc2c(N3CCOCC3)ccc(Nc3ccnc(N)n3)c2n1
110	mol328	-12.06	CN1CCN(c2ccc(Nc3nccc(-c4ccccc4C(F)(F)F)n3)cc2)CC1
110	mol431	-12.42	COc1cc(O[C@H]2CC[N@H+](C)CC2)cc(N2Cc3cc(-c4nc(Nc5ccccc5C(F)(F)F)cc(C(N)=O)n4)ccc3NC2=O)c1F
110	mol23	-12.04	Cc1ccc(Oc2cccc(NC(=O)c3ccc(F)cc3)c2)cc1NC(=O)c1ccccc1
110	mol202	-12.28	Cc1ccc(C(=O)Nc2cccc(Nc3ccnc4ccccc34)c2)cc1
110	mol226	-12.73	Cc1nc(-c2ccc(CCNS(=O)(=O)c3cccc4ccccc34)cc2)cc(N2CCS(=O)(=O)CC2)n1
110	mol246	-12.62	Cc1ccc(F)cc1C(=O)Nc1ccc(Cc2nnc(Nc3ccc(Oc4ccccc4)cc3)o2)cc1
110	mol116	-12.08	Nc1nn(-c2ccc(C(=O)Nc3ccccc3C(F)(F)F)cc2)cc1-c1ccn[nH]1
110	mol123	-12.48	Cc1cccc(NC(=O)c2cccc(Nc3ncnc4ccc(Nc5ccc(S(O)(O)O)cc5)cc34)c2)c1
120	mol422	-12.05	Cc1ccc(-c2nc(Nc3cccc(C(=O)Nc4cccc(C(=O)O)c4)c3)nc(N3CCCCC3)n2)cc1
120	mol25	-12.9	Cc1c(C(=O)c2nccn2[C@H]2CC[N@H+](Cc3ccc(C(N)N)cc3)CC2)[nH]c2cccc(Cl)c12
120	mol401	-12.27	CNC(=O)COc1cccc(-c2cccc(Nc3cc(Nc4cc(C(F)(F)F)ccc4Cl)ncn3)c2)c1
120	mol467	-12.47	Cc1cncc(-c2nc(Nc3ccc(C(=O)Nc4cccc(C(F)(F)F)c4)cc3)c3c(N)ncc(C4CC4)c3n2)n1
120	mol270	-12.06	Fc1cccc(-c2cccc(CNc3nc(CN4CCc5ccncc5C4)c(-c4ccccc4)[nH]3)c2)c1
120	mol479	-12.68	Cc1ccc(C(=O)Nc2ccc(Cn3cnc4cc(C(F)(F)F)ccc4c3=O)cc2)cc1
120	mol261	-12.07	Cc1ccc(-c2nc(Nc3ccc(C(=O)NC4CCCCC4)cc3)[nH]c(=O)c2O)cc1
120	mol199	-12.04	Cc1nc(-c2ccccc2)sc1C(=O)Nc1ccc(C(=O)Nc2ccc(N3CC[NH+](C)CC3)cc2)cc1
120	mol132	-12.16	Cc1ccc(NC(=O)c2cccc(CC3CCCCC3)n2)cc1Nc1ncnc2ccccc12
120	mol387	-13.41	Cc1c(C(=O)NC2CCN(c3nccc(Nc4ccc(C(=O)O)cn4)n3)CC2)cncc1-c1nc(Nc2cccc(C(F)(F)F)n2)c2cc[nH]c2n1
120	mol62	-12.22	Cc1ccc(NC(=O)c2ccc(C(N)=O)cc2)cc1Nc1nccc(-c2cccnc2)n1
120	mol304	-12.55	Cc1ccc(C(=O)NC2CC2)cc1-c1ccc2nc(Nc3ccc(N4CCC(S(C)(=O)=O)CC4)cc3)ncc2c1
120	mol242	-12.73	Nc1ccc(S(=O)(=O)Nc2cccc(-c3cccc(NC(=O)c4ccc(F)cc4)c3)c2)cc1
120	mol102	-12.97	Cn1c(Nc2cccc(C(=O)Nc3cccc(CNC(=O)c4cccc(-c5ccccc5CNC(N)N)c4)c3)c2)nnc1-c1cccc(C(F)(F)F)n1
120	mol478	-12.11	FC[C@H]1Cc2ccc(OCc3ccc(-c4cccc(C(F)(F)F)c4)cc3)cc2C[NH2+]1
120	mol152	-12.07	Cc1ccc(Nc2cccc(C(=O)NCc3ccccc3)c2)cc1NC(=O)c1cnccn1
120	mol341	-12.36	Cc1ccc(NC(=O)c2cccc(C(C)(C)C)c2)cc1Nc1nccc(-c2cccnc2)n1
120	mol491	-12.38	Nc1cccc(-c2nc(Nc3cccc(C(=O)Nc4cccc(C(F)(F)F)c4)c3)c3[nH]cnc3n2)c1
120	mol271	-12.36	c1ccc(-c2ccnc(Nc3ccc(-c4cn[nH]c4-c4ccccc4)cc3)n2)cc1
120	mol435	-13.44	Cc1cc(-c2ccc(C(=O)Nc3cc(-c4cccc(C(=O)O)c4)ccc3O)cc2)ccc1O
120	mol190	-12.6	C(=C\c1ccc2ccccc2c1)/c1ccc(Nc2nccc(-c3ccccn3)n2)cc1
120	mol44	-12.2	Cc1cc(Nc2nc(N3CCC(C(=O)Nc4cccc(C(F)(F)F)c4)CC3)nc3c2cnn3-c2ccccc2)no1
120	mol220	-13.36	Nc1ncc(-c2ccc(C(=O)N[C@H]3CC[N@@H+](Cc4ccccc4)CC3)cc2)nc1Nc1ccccc1
120	mol441	-12.02	CN1C(=O)N(c2cccc(Cl)c2)C(=O)[C@]12CC[N@H+](Cc1ccc(-c3cncnc3)cc1)C2
120	mol389	-13.29	Cc1cc(NC(=O)c2cccc(-c3cccnc3)c2)ccc1-n1cnc2ccccc21
120	mol184	-12.22	Cc1ccc([C@@H](O)CNc2ncc(-c3cccc(C(=O)Nc4cccc(C(F)(F)F)c4)c3)cn2)cc1
120	mol496	-12.59	Cc1ccc(C(=O)Nc2ccc(Oc3ccccc3)cc2)cc1NC(=O)c1cccc(N2CC[C@@H](NS(O)(O)O)C2)c1
120	mol369	-13.01	Cc1c(-c2ccc(C[C@H](NC(=O)[C@H]([NH3+])Cc3cccnc3)B(O)O)cc2)cccc1-c1nc2ccccc2[nH]1
120	mol27	-12.67	Nc1nc(-c2ccc(S(=O)(=O)Nc3ccc4ccccc4c3)s2)nn1C(=O)c1ccc(Cl)cc1
120	mol238	-12.68	Cn1cc(-c2ccc(C(F)(F)F)c(NS(=O)(=O)c3ccc(-c4ccccc4)cc3)c2)cn1
120	mol202	-12.05	Cc1ccc(C(=O)Nc2ccc(CNc3cc(Nc4cccc(C(F)(F)F)c4)ncn3)cc2)cc1
120	mol454	-12.32	Cc1ccc(NC(=O)c2cncc(-c3ccccc3C(F)(F)F)c2)cc1
120	mol364	-12.93	Cc1cc(C(=O)N2CCC(c3nc(-c4ccccc4)no3)CC2)ccc1F
120	mol41	-13.34	Cc1ccc(C(=O)NO)cc1NC(=O)c1cc(C(=O)N[C@H]2C=Nc3ccccc3N2)cnc1F
120	mol127	-12.74	Cc1c(/C(O)=C/C#Cc2ccc3ccc(C(N)=O)cc3c2)ccc2[nH]ccc12
130	mol422	-12.18	Cc1ccc(Nc2cccc(C(=O)NCc3ccccc3C(=O)O)c2C(=O)O)cc1F
130	mol203	-12.66	Cc1cc(Nc2nc(Nc3cccc(Br)c3)ncc2F)ccc1-n1cnc2ccccc2c1=O
130	mol428	-14.76	Cc1ccc(NC(=O)c2cccc(C(F)(F)F)c2)cc1-c1cc2cnc(Nc3ccc(-c4cnn(C)c4)c(F)c3)nc2[nH]1
130	mol423	-12.4	Cc1ccc(NC(=O)c2csc(COc3ccccc3)n2)cc1Nc1nccc(-c2cccnc2)n1
130	mol367	-13.0	Cc1ccc(C(=O)Nc2cccc(-c3ccnc(Nc4ccc(C(=O)O)cc4)n3)c2)cc1
130	mol306	-12.52	Cc1nc(Nc2ncc(C(=O)Nc3ccc(Nc4ccnc(Nc5ccccc5)n4)cc3)s2)sc1[C@@H](O)c1ccccc1
130	mol21	-12.4	C[C@@H](Nc1nc(-c2c[nH]c3ncc(Cl)cc23)ncc1F)C(=O)Nc1cccc(S(N)(=O)=O)c1
130	mol365	-12.24	Cc1cccc(Nc2cc(-c3cccc(C(=O)c4ccccc4)c3)nc3nc(N)ccc23)c1
130	mol385	-14.83	Cc1c(C(=O)Nc2ccc3n[nH]cc3c2)ccc(-c2cnc(N)c(C(=O)Nc3ccc(Nc4nccc(-c5ccccc5)n4)cc3C(=O)O)c2)c1F
130	mol69	-12.62	Cc1ccc(NC(=O)c2ccc(C[N@H+]3CC[N@H+](C)CC3)cc2)cc1Nc1nccc(-c2ccccn2)n1
130	mol179	-13.35	Cc1cccc(-c2cccc(Oc3cccc(NC(=O)Nc4cccc(Cn5nccc5C(F)(F)F)c4)c3)c2)c1
130	mol132	-12.18	FC(F)(F)c1cc(-c2ccncc2)ccc1N1CCC(c2nc(-c3cccnc3)n[nH]2)CC1
130	mol267	-12.05	Cc1c(Cl)cccc1NC(=O)CNC(=O)Nc1ccc2ccccc2c1
130	mol189	-12.17	Cc1nc(N2CCC(C(F)(F)F)CC2)cnc1-c1nc(Nc2ccc(C(=O)N[C@@H](C)c3ccccc3)cc2)nc2ccccc12
130	mol59	-12.05	COc1ccc(-c2ccc3c(Nc4cccc(C(=O)O)c4)ccnc3c2)cc1
130	mol49	-12.32	Cc1ccc(C(=O)NCc2ccc(C(=O)NO)cc2)cc1NC(=O)c1cccc(NC(=O)c2ccco2)c1
130	mol70	-12.08	Cc1ccc(Nc2nccc(Nc3ccccc3C(=O)O)n2)cc1C(=O)N1Cc2ccccc2C1
130	mol393	-12.78	CN(C(=O)c1ccc(CNc2ccc(C(=O)NCc3cccc(C#N)c3)cn2)cc1)c1ccc(-c2ccccc2)cc1
130	mol288	-12.39	Cc1cccc(C(=O)Nc2cc(Nc3cccc(C(=O)Nc4ccccc4C(=O)O)n3)ccc2Oc2cccc(C(C)(C)C)c2)c1
130	mol18	-12.24	Cc1ccc(CNC(=O)c2cccc(Cn3cc(Nc4ccnc5cc(Cl)ccc45)cn3)c2)o1
130	mol64	-12.75	Cc1ccccc1C(=O)Nc1cccc(C(=O)Nc2ncc(-c3cccc(C(=O)NCc4ccccc4)c3)s2)c1
130	mol148	-12.09	CCc1[nH]c(CNc2ccc(C(=O)Nc3cc(C[NH+]4CCN(C(C)=O)CC4)ccc3Cl)cn2)nc1C(=O)N1CCN(c2c(Cl)cccc2Cl)CC1
130	mol450	-14.14	Cc1nc2ccccc2n1-c1cccc(-c2cccn(Cc3cccc(-c4cncnc4)c3)c2=O)c1
130	mol310	-12.97	Cc1ccc(C(=O)Nc2ccc(F)c([C@]3(C)[NH+]=C(N)OCC3(F)F)c2)cc1C#Cc1ccc2ccccc2n1
130	mol266	-12.77	CC(=O)Nc1ccc(NC(=O)N2CCN(c3ccc([C@H](N)NC(=O)c4ccc(Cl)s4)cc3)CC2)cc1
130	mol341	-13.86	Cc1cn(-c2cccc([C@@H](O)CCCc3ccccc3)c2)c2cccc(-c3cncc(-c4cccc(C(=O)O)c4)c3)c12
130	mol144	-13.59	Cc1ccc(NC(=O)c2cc(NC(=O)c3cc(NC(=O)c4cc(-c5ccc(S(N)(=O)=O)cc5)ccc4Cl)cnc3Cl)ccc2F)cc1F
130	mol480	-12.73	Cc1cc(Nc2nc(Nc3cccc(NC(=O)Nc4cccc(C(F)(F)F)c4)c3)ncc2F)cc(C)n1
130	mol332	-12.55	Cc1ccc(NC(=O)c2cccc(COc3cc(C(=O)Nc4cccc(C(=O)NCC[NH+]5CCCCC5)c4)ccc3C#N)c2)cc1
130	mol56	-12.55	Cc1ccc(Nc2nccc(-c3cccc(C(=O)Nc4ccc(CNc5ccccc5)cc4)c3OC(F)(F)F)n2)cc1
130	mol54	-12.27	Fc1ccccc1-c1c[nH]c(-c2ccc3ccccc3c2)n1
130	mol232	-12.83	Cc1ccc(C(=O)NC2CC2)cc1-c1ccc2c(Nc3cccc(C(F)(F)F)c3)ncnc2c1
130	mol57	-12.32	CN(CCO)c1cc(-c2cccc(NC(=O)Nc3cccc(C(N)=O)c3)c2)ccn1
130	mol403	-12.63	Cc1ccc(-n2nc(C(C)(C)C)cc2NC(=O)Nc2ccc(-c3cc4ccccc4o3)cc2)cc1
130	mol489	-12.73	Cc1ccc(Oc2ccc(NC(=O)Cc3cccc(C(=O)Nc4cc(CO)ccc4F)c3)cc2F)cc1
130	mol180	-12.06	Cc1c(C(=O)Nc2ccc(Oc3ccnc4cc(Cl)ccc34)cc2)[nH]c(=O)[nH]c1=O
130	mol382	-12.08	Cn1nccc1C(=O)Nc1ccc(CC(=O)N2CCN(c3ccc(C(N)N)cn3)CC2)cc1
130	mol216	-12.99	Nc1cc(-c2cccc(NC(=O)Nc3cccc(C(F)(F)F)c3)c2)ccn1
130	mol174	-12.02	Nc1ncc(-c2ccc(C(=O)Nc3ccc(N4CC[NH+](CCc5ccccc5)CC4)cc3Cl)cc2)c(N)n1
130	mol424	-12.86	Cc1cc(OCc2cccc(C(=O)Nc3cccc(C(F)(F)F)c3)c2)cc(-c2csc(Nc3ccncc3)n2)c1C
130	mol395	-12.54	Cc1cc(NC(=O)Nc2ccc(Oc3ccnc(Nc4cccc(C(=O)NCCN5CCCC5)c4)n3)cc2)ccn1
130	mol371	-12.26	CN(Cc1ccc(C(=O)Nc2ccc3cc[nH]c(=O)c3c2)cc1)C(=O)c1ccc(C#N)cc1
130	mol104	-12.08	Cc1cc(Nc2nccc(Nc3ccc4c(S)nccc4c3)n2)ccc1C(=O)O
130	mol71	-13.05	Cc1ccc(NC(=O)Nc2cccc(-c3cccnc3)c2)cc1C(=O)c1ccccc1
130	mol87	-12.26	Cc1ncc(-c2nc(Nc3ccc(C(=O)N4CCN(c5ncccn5)CC4)cc3)ncc2F)cn1
130	mol265	-12.23	Cc1ccc(-c2ccc3c(c2)CCCN3C(=O)COc2cccc(C(=O)O)c2)s1
130	mol43	-12.02	Cc1cccc(NC(=O)c2ccc(-c3ccccc3C(=O)O)cc2)c1
140	mol442	-12.23	c1ccc(COc2ccc(Nc3nccc(-c4cccc(-c5ccncc5)c4)n3)cc2)cc1
140	mol391	-12.17	Cc1c(CC(N)=O)c2cc(OCc3cccc(C(=O)NCc4cccc(C(=O)O)c4)c3)ccc2n1CC(=O)NCCc1cccc(C(=O)c2ccccc2)c1
140	mol481	-12.1	Cc1ccc(Nc2cccc(C(=O)O)c2)cc1-c1ccc2c(c1)CCC[C@H]2[C@H](NC(=O)c1ccc(C#N)cc1)c1nccs1
140	mol153	-12.13	CN(Cc1ccc(-c2cccc(O)c2)cc1)C(=O)COc1cccc(C(F)(F)F)c1
140	mol477	-12.02	Cc1ccc(CNc2ncnc3c2cnn3-c2cccc(C(N)N)c2)cc1
140	mol379	-12.68	CNc1nccc(C2=CCN(C(=O)c3ccc(Nc4ncnc5ccccc45)cc3Cl)CC2)n1
140	mol132	-13.91	CN1C(=O)[C@@H](c2cccc(-c3cccc(N/C(N)=N/c4ccccc4)c3)c2)[NH2+][C@@H]1C(=O)Nc1cccc(-c2nccs2)c1
140	mol20	-13.94	Cc1ccc(NC(=O)c2cccc(N3CCc4ccc(-c5ccccc5)cc4C3=O)c2)cc1
140	mol130	-12.07	Nc1cc(Nc2cc(N3CCCC3)ncn2)ccc1N1C(=O)c2ccccc2C1=O
140	mol445	-12.44	Cc1ccc2c(Nc3ccc(S(=O)(=O)c4ccccc4)cc3)cc(=O)oc2c1CCCN1C[C@H](O)[C@H](CO)O1
140	mol62	-12.95	Cc1nc(Nc2ncc(C(=O)Nc3ccc(Oc4ccncc4)cc3C(F)(F)F)c(=O)[nH]2)cc(N2CC[C@H](O)C2)n1
140	mol252	-13.59	CNC(=O)Nc1cccc(Nc2nccc(-c3cncc(Oc4ccc(Oc5ccccc5)c(C(F)(F)F)c4)c3)n2)c1
140	mol318	-13.58	Cc1cc(CC(=O)N2CCC(NC(=O)c3ccc4ccccc4n3)CC2)ccc1C(=O)N[C@H]1CC[C@H](c2nnc(-c3ccccc3)o2)CC1
140	mol185	-13.01	Cc1ccc(C(=O)Nc2ccc([C@@H](CO)NC(=O)Cc3cccc(Nc4ccnc(Nc5ccc(C(F)(F)F)cc5)n4)c3)cc2)cc1
140	mol115	-12.79	Clc1ccc2c(Nc3ccc(-c4cc(-c5ccccc5)[nH]c4-c4ccccc4)cc3)ccnc2c1
140	mol426	-12.21	Cc1cc(Oc2ccc(-c3cccc(C#N)c3)cc2F)cc(C(=O)N[C@H]2CC[C@@H](c3ccc(Nc4ccnc(NC5CCCCC5)n4)cc3)CC2)n1
140	mol482	-12.18	c1ccc(Nc2ccnc(Nc3ccc(-c4cn[nH]c4-c4ccccc4)cc3)n2)cc1
140	mol307	-12.72	Nc1ncc(-c2ccc(CCNC(=O)c3ccc(-c4cccc(C(F)(F)F)n4)cc3)cc2F)cn1
140	mol330	-12.21	Cc1cc(-c2ccc(NC(=O)Nc3ccccc3)cc2F)ccc1O
140	mol448	-13.17	Cc1ccc(-c2ccc(Oc3cccc(C(=O)Nc4ncccc4C(N)N)c3)cc2)cc1
140	mol418	-12.87	Nc1ccc(C(=O)O)cc1NC(=O)c1ccc(-c2ccc(C(=O)N[C@@H]3CCOc4ccccc43)cc2)cc1
140	mol80	-12.91	Cc1ccccc1Oc1cccc(-c2cc(NC(=O)c3ccccc3)nnn2)c1
140	mol118	-12.03	Nc1cccc(C(=O)Nc2ncc(Nc3cc(Nc4cccc(C(F)(F)F)c4)ncn3)s2)c1
140	mol247	-12.14	Cc1c(Nc2nccc(Nc3ccc4c(c3)CN(S(=O)(=O)c3cccc(Cl)c3Cl)CC4)n2)cnn1CC(=O)N(CC(=O)N1CCCCC1)Cc1ccccc1
140	mol370	-13.28	C/N=C(/N)c1ccc(-c2ccc(C(=O)Nc3ccc(Oc4ccccc4)cc3)cc2)cc1
140	mol303	-12.68	Cc1ccc(Nc2nccc(-c3c[nH]c4ccccc34)n2)cc1NCCNc1ccnc2cc(C(N)N)ccc12
140	mol177	-12.78	Cc1ccc(C(=O)Nc2ccc(C[N@H+]3CC[N@H+](C)CC3)c(C(F)(F)F)c2)cc1Nc1nccc(-c2cccnc2)n1
140	mol234	-12.43	Cc1ccc(C(=O)Nc2ccc(F)c(C(F)(F)F)c2)cc1Nc1nccc(-c2cccnc2)n1
140	mol145	-12.04	Cc1cc(Nc2cc(-c3ccccc3C(=O)O)ccn2)ccc1C(=O)O
140	mol259	-12.48	Cc1cc(NC(=O)Nc2cccc(C(F)(F)F)c2)cc(-c2ccc(CO)cc2)c1
140	mol160	-13.56	CN(c1cccc(C(=O)Nc2ncc(Cl)cn2)c1)c1ccc(C(=O)NCc2cccc(C(=O)O)c2)c(F)c1F
140	mol216	-12.55	Cc1ccc(C(=O)Nc2ccon2)cc1NC(=O)c1cncc(-c2ccc(C(N)=O)s2)c1
140	mol227	-12.22	CC[C@@H](C)Nc1cc(-c2ccc(C(=O)NCC(=O)Nc3ccc4ncccc4c3)cc2)cc(-c2cccnc2)c1
140	mol139	-12.15	Cc1ccc(NC(=O)Nc2ccc(F)c(C(F)(F)F)c2)cc1Nc1ncnc2ccc(N3CCC[C@@H]([NH3+])C3)nc12
140	mol147	-12.86	COc1ccc(-c2cc(C#N)cc(-c3cccc(C(=O)Nc4cccc(C(=O)NCc5ccccc5)c4)c3)c2)cc1OCc1ncc[nH]1
140	mol90	-12.73	Cc1cc(NC(=O)Nc2cccc(Nc3nccc(-c4cn(Cc5ccc(OCc6ccccc6)cc5)nn4)n3)c2)ccn1
140	mol93	-12.09	Nc1nc(N)c2cc(C(=O)Nc3cccc(O[C@H](Cc4ccccc4)C(=O)O)c3)ccc2n1
140	mol230	-12.82	Cc1ccccc1-c1ccc(Nc2nccc(Nc3ccccc3C(N)=O)n2)cc1
140	mol219	-12.2	c1ccc(Nc2ccnc(Nc3ccc(-c4cn[nH]c4-c4ccccc4)cc3)n2)cc1
140	mol413	-12.74	COc1nc(Nc2ccc(N3CC[NH+](C)CC3)cc2)ncc1C(=O)c1ccc(Nc2ccnc3cc(Cl)ccc23)cc1
140	mol170	-13.05	Cc1ccc(NC(=O)c2ccc(C(=O)NCc3ccccc3)cc2)cc1NC(=O)c1ccc(CNc2ccnc3cc(-c4ccccc4)ccc23)cc1
140	mol462	-12.76	Cc1cc(NCc2ccc(-c3ccccc3)cc2)nc(NCc2cccc(C(=O)Nc3ccccc3)c2)n1
140	mol328	-12.19	C#Cc1cn(-c2ccc(CCc3cc(-c4ccc(F)cc4)nn3-c3ccc(S(N)(=O)=O)cc3)cc2C(F)(F)F)cn1
140	mol436	-12.72	CNC(=O)Nc1ccc(Nc2nccc(-c3c[nH]c4ccccc34)n2)cc1
140	mol23	-13.07	CN(c1ccc(-c2ccccc2)cc1)c1ncc(-c2ccc(C(=O)Nc3cccc(C(=O)O)c3)cc2)cn1
140	mol315	-13.33	Cc1cccc(-c2cc(C(=O)Nc3cccc(C(=O)Nc4ccc(Oc5ccccc5)cc4)c3)ccn2)c1
140	mol183	-12.87	Cc1ccc(C(=O)Nc2ccc(C[N@H+]3CC[N@H+](C)CC3)c(C(F)(F)F)c2)cc1Nc1nccc(-c2cccnc2)n1
140	mol476	-12.8	CN(c1ccc(C(N)=O)cc1)S(=O)(=O)c1ccc(-c2ccc(NS(=O)(=O)c3ccccc3)cc2)cc1
140	mol432	-13.22	CN(Cc1ccc(-c2ccc(C(=O)Nc3ccccc3[C@H](O)[C@H](O)[C@@H](O)CO)cc2)cc1)C(=O)c1ccc(N)cc1
140	mol277	-12.58	OCc1ccccc1Nc1ccnc(Nc2cccc(-c3cnc4ccncc4c3)c2)n1
160	mol302	-12.26	CN(Cc1cnc2nc(Nc3ccc(N4CCOCC4)cc3)ncc2n1)c1cccc(NC(=O)c2cccnc2)c1
160	mol346	-13.22	Cc1ccc(-c2cc(Nc3cccc(C(=O)Nc4cccc(C(=O)N5CCCC5)c4)c3)ncn2)cc1
160	mol481	-12.72	Nc1nc(Nc2cccc(NC(=O)Nc3ccc(C(F)(F)F)cc3)c2)c2c(N)nccc2n1
160	mol55	-12.82	Cc1cncc(-c2cnc(Nc3ccc4c(c3)CCN(c3ncccc3C(F)(F)F)C4)cc2-n2cccn2)n1
160	mol352	-12.34	Cc1ccc(C(=O)Nc2cccc(C(F)(F)F)c2)cc1Nc1ncnn2cc(-c3cnc(C(=O)NCC(F)(F)F)s3)cc12
160	mol298	-12.67	COC(=O)Nc1cccc(C(=O)n2ccc3cc(OCc4cccc(C(=O)O)c4)ccc32)c1
160	mol45	-12.98	NC(N)c1ccccc1-c1cccc(-c2nc3ccccc3c(=O)[nH]2)c1F
160	mol264	-12.52	Cc1ccc(Nc2ncnc(Nc3ccc4c(c3)Cc3ccccc3-4)n2)cc1
160	mol192	-12.06	Nc1ccc(/C=C/c2cc(Nc3cccc(C(=O)O)c3)cc(-c3ccc4ccccc4c3)c2F)c(Cl)c1
160	mol390	-12.46	Cc1ccc(NC(=O)c2cccc(N3CCC(CCO)CC3)n2)cc1Nc1nccc(-c2cccnc2)n1
160	mol222	-12.68	CS(=O)(=O)Nc1cc(NCc2ccc(C(=O)Nc3ccc(-c4ncccn4)cc3)c(N)c2)cc(N2C=CCCC2)c1
160	mol336	-12.34	CNC(=O)c1cc(Oc2ccc(NC(=O)Nc3ccc(Oc4ccncc4)cc3C(F)(F)F)cc2)ccn1
160	mol53	-12.33	Cc1cccc(-c2nc(Nc3cccc(-c4nccnc4C(F)(F)F)c3)c3n2CCCC3)n1
160	mol236	-12.73	Cc1c(-c2n/c(=N/c3ccc(F)c(C(F)(F)F)c3)[nH]c(=O)[nH]2)ccc(C(=O)O)c1O
160	mol179	-12.2	Cc1cn(-c2ccc(Cc3ccc(C(=O)N[C@@H](Cc4ccccc4)[C@@H](O)C[NH+]4CCCCCC4)cc3)cc2)c(=O)[nH]c1=O
160	mol321	-12.63	Cc1ccc(NC(=O)c2ccc(/C=C3\C(=O)Nc4ccc(Cl)cc43)cc2)c(Nc2cccc(C(=O)NCc3c(C)cccc3C)c2)c1
160	mol128	-13.59	Cc1cccc(Nc2nccc(-c3cccc(C(=O)Nc4ccc(Oc5ccccc5)cc4)c3)n2)c1
160	mol126	-12.41	Cc1cccc(Nc2cc(C(=O)NCC[C@H](O)[C@@H](Cc3ccccc3)NC(N)=O)nn2-c2cccc(NC(=O)c3cccc(C(N)=O)c3)c2)c1
160	mol60	-12.53	Cc1c(Nc2nc(N[C@H]3CC[C@H]([NH3+])CC3)ncc2Cl)cccc1N1C(=O)Cc2ccccc2C1=O
160	mol244	-13.4	COc1cc(OCc2ccc(-c3cccc(-c4ccccc4)c3)cc2)ccc1-c1ccc(/C=C\C(=O)NO)cc1
160	mol168	-12.06	c1ccc(Cc2cnc(NCc3ccncc3)nc2Nc2ccc(CCc3ccc(Nc4ncccn4)cc3)cc2)cc1
160	mol49	-13.21	CCNC(=O)Nc1cccc(Nc2ncc(-c3cccc(C(=O)Nc4cccc(C(C)C)c4C)c3)c3ccccc23)n1
160	mol196	-12.26	Cc1cn(-c2nc(Nc3ccc(C(=O)N[C@H](CO)C(=O)O)cc3)ncc2F)cc1C[N@H+]1CC[C@H](O)C1
160	mol102	-12.26	Cc1ccc(C(=O)Nc2ccc(C[N@H+]3CC[N@@H+](C)CC3)c(C(F)(F)F)c2)cc1C#Cc1cnc(Nc2ccc(C3CCCCC3)cn2)nc1
160	mol185	-12.39	Cc1ccc(-c2cccc(C[C@H](NC(=O)c3cccc(NC(=O)c4ccc(C#N)s4)c3)C(=O)O)c2)cc1
160	mol28	-12.55	CN(Cc1cncn1Cc1ccc(Nc2ccnc3cc(Cl)ccc23)cc1)c1ccc(C(=O)N[C@@H](CCC(=O)O)C(=O)O)cc1
160	mol253	-12.56	Nc1ncc(-c2ccc(C(=O)Nc3ccc(-n4cnc(Nc5ccccc5Cl)c4)s3)cc2)nc1NCc1ccccn1
160	mol195	-13.02	Nc1ncc(-c2ccc(C(=O)Nc3ccc(-c4cncc(NC(=O)c5ccccc5)n4)cc3)cc2)cn1
160	mol96	-12.79	Nc1nc(Nc2cccc(NC(=O)Nc3cccc(C(F)(F)F)c3F)c2)cnc1Nc1cccc(C(F)(F)F)c1
160	mol490	-13.98	Cc1cc(F)cc(C(=O)Nc2cc(-c3cccc(C(=O)Nc4ccc(C(=O)O)cc4)c3)on2)c1-c1cccc(C(F)(F)F)c1
160	mol157	-12.92	Cc1ccc(Nc2nccc(-c3c[nH]c4ccccc34)n2)cc1NC(=O)c1ccc(Cl)cc1Cl
160	mol215	-12.71	Cc1cc(C#N)ccc1-c1ccc2c(-c3ccc(S(=O)(=O)N(Cc4ccccc4)Cc4ccccc4)cc3)n[nH]c2c1
160	mol63	-12.39	Cc1c(CNC2CC2)ccc(-c2cccc(C(=O)Nc3cc4c(ccn4C)cn3)c2)c1O
160	mol448	-12.47	Cc1ccc(NC(=O)c2cccc(C(F)(F)F)c2)cc1Nc1nccc(-c2cccnc2)n1
160	mol223	-12.52	COc1cccc(C(=O)c2ccc3c(c2)nc(COc2ccc(C(=O)O)c(C(F)(F)F)c2)n3Cc2ccc(C(=O)c3ccccc3Cl)cc2)c1O
160	mol167	-12.3	COc1ccc(Cn2nnc([C@@H]3C=C(c4ccccc4)NN=C3c3ccccc3)c2N)cc1NCc1cccc(C(N)N)c1
160	mol177	-12.03	Cc1ccc(Nc2nccc(-c3ccc(C(=O)Nc4ccc(C(=O)O)cc4)cc3)n2)cc1C#N
160	mol495	-12.48	Cc1[nH]cc(C(=O)c2cncc(Nc3cccc(C(=O)NCc4ccc(Cl)c(C(F)(F)F)c4)c3)c2)c1N
160	mol57	-12.64	Cc1ccc(C(=O)Nc2ccccc2Sc2ccc(C(=O)NCc3ccc4ccccc4n3)cc2)cc1
160	mol489	-12.02	CN(c1ccc(Nc2nccc(-c3ccccn3)n2)cc1)c1ccc(C(=O)N[C@H](CCC(=O)O)C(=O)O)cc1
160	mol372	-12.41	Cc1cc(Nc2cc(Nc3cnn(Cc4cccc(C(F)(F)F)c4)c3)n(C(N)N)n2)ccn1
160	mol292	-12.78	Cc1cc(Nc2nc(Oc3ccc4c(N/C=C\c5ccccc5)nccc4c3)c3[nH]cnc3n2)ccc1F
160	mol220	-12.23	Cc1nc(Nc2ncc(-c3cccc(C(=O)Nc4cncnc4)c3)[nH]2)cc(N2CC[NH+](CCC(c3ccccc3)c3ccccc3)CC2)n1
160	mol133	-13.72	CNS(=O)(=O)Nc1ccc(F)c(-c2ccc3ncnc(Nc4ccc(NC(=O)Nc5ccc(Nc6ccccc6)cc5)cc4)c3c2)c1
160	mol208	-12.55	Cc1nc(Nc2ncc(C[C@H]([NH3+])Cc3ccc4ccccc4c3)s2)cc(N2CCCCCC2=O)n1
160	mol388	-12.81	Cc1cccc(-n2nc(C(F)(F)F)cc2NC(=O)Nc2cccc(Nc3ccnc4ccccc34)c2)c1
160	mol447	-12.12	Cc1ccc(C(=O)Nc2cccc(C(F)(F)F)c2)cc1-c1ccc2nc(N[C@H]3CC[C@H]([NH3+])CC3)ncc2c1
160	mol413	-12.45	Cc1ccc(NC(=O)c2ccc(C#N)cc2)cc1C(=O)Nc1cccc(Cc2nnc(NC(=O)Cc3ccccc3)s2)c1
160	mol269	-12.94	CN1c2ccc(-c3ccc(C(=O)NS(=O)(=O)Cc4cccc(Cl)c4)cc3)cc2[C@H](Nc2ccc(C(N)N)cc2)CC1(C)C
160	mol456	-12.31	Cc1cccc(C)c1NC(=O)c1cccc(NC(=O)Cc2ccccc2)c1
160	mol461	-13.59	Cc1ccc(NS(=O)(=O)c2cc(F)cc(F)c2)cc1N1Cc2ccc(C3=CCCNC3=O)cc2C1=O
160	mol201	-12.75	Cc1ccc(-c2cccc(Cc3nc(Nc4cccc(C(=O)Nc5ccccn5)c4)c4ccccc4n3)c2)o1
160	mol107	-12.21	Cc1cn([C@@H]2CCC[N@H+](Cc3ccc(-c4ccc(C(=O)O)o4)cc3)C2)c(=O)[nH]c1=O
160	mol131	-12.27	CS(=O)(=O)c1ccc(Nc2nc(Nc3ccc(S(=O)(=O)Nc4ccnc(Nc5ccc(C(F)(F)F)cc5)n4)cc3)ncc2F)cc1
160	mol463	-12.17	Cc1cnccc1NC(=O)c1cccc(Nc2nccc3cc(N(C)C=O)ccc23)c1
160	mol71	-12.24	Cc1cc(NC(=S)NCCNC(=O)c2cc(C(=O)O)ccc2F)cc(C(=O)N2CCC(Cc3ccccc3)CC2)c1
160	mol23	-13.22	Cc1ccc(C(=O)Nc2ccc(C[N@H+]3CC[N@H+](C)CC3)c(C(F)(F)F)c2)cc1C#Cc1cnc2ccc(Nc3ccccc3)nc2c1
160	mol464	-12.19	Cc1ccc(C(=O)Nc2ccc(C[N@H+]3CC[N@@H+](C)CC3)c(C(F)(F)F)c2)cc1C#Cc1cnc(Nc2ccc(C#N)cn2)nc1
160	mol183	-12.5	Cc1ccc(NC(=O)c2ccc(-c3ccccc3)cc2C(=O)O)cc1
160	mol41	-13.22	Cc1ccc(C(=O)Nc2ccc(F)cc2)cc1NC(=O)c1ccc(-c2ccccc2)cc1
160	mol176	-12.28	CNC(=O)Nc1cc2c(-c3cnc(N)c(-c4ccc(C(=O)N5CC[NH+](C)CC5)cc4)c3)cccn2c1
170	mol210	-12.02	Cc1nn(-c2cccc(-c3ccc(C(=O)O)cc3Cl)c2)c2oc(=O)ccc12
170	mol10	-12.63	Cc1cc(NC(=O)c2cnc(NC(=O)c3cccc4c3OCO4)cn2)cc(C(=O)NCc2cccc(C#N)c2)n1
170	mol254	-12.9	Cc1c(C(=O)Nc2cccc(S(=O)(=O)Nc3ccc(C(=O)O)cc3)n2)[nH]c2ccc(NS(=O)(=O)c3cccc(C(F)(F)F)c3)cc12
170	mol428	-12.76	CN(Cc1cnn(-c2ccc(C(=O)NCc3cccc(Oc4ccccc4)c3)cc2)c1)C(=O)c1ccc(-c2ccccc2)cc1
170	mol477	-12.41	Cc1nc2ccccc2n1Cc1ccc(-c2ccc(C(=O)NCc3cccc(C(N)=O)c3)cc2C(=O)O)cc1
170	mol459	-15.03	Cc1cn(-c2ccc(Nc3cc(N)nc4ccc(OCc5ccccc5)cc34)cc2)c2ccc(NC(=O)c3ccc4sc(C(N)N)cc4c3)cc12
170	mol264	-12.26	Cc1cc(NC(=O)c2cccc(-n3cc(NC(=O)Nc4ccccc4Cl)cn3)c2)ccn1
170	mol255	-13.09	CN(c1ccc(NC(=O)Nc2ccc(Cl)c(C(F)(F)F)c2)cc1)c1ccnc(Nc2cccc(C(F)(F)F)c2)n1
170	mol7	-12.41	Cc1ccc(C(=O)Nc2cccc(C(F)(F)F)c2)cc1C#Cc1cnc2ccc(NC[C@H]3CC[C@H](C(=O)O)CC3)nc2c1
170	mol374	-12.68	Cc1ccc(C(=O)Nc2cccc(C(C)(C)C)c2)cc1NC(=O)c1ccc(NCc2ccccc2Cl)cc1
170	mol261	-12.06	Nc1nc(N)c2c(NCc3ccc(-c4ccccc4)cc3)cccc2n1
170	mol69	-13.53	Cc1cc(Nc2cc(NCC[NH+](C)C)ncn2)cc(-c2cccc(Nc3nccc(-c4ccc5ncccc5c4)n3)c2)c1
170	mol427	-12.44	Cc1ccc(-n2nc(C(=O)N3CCC(c4ccc(C(F)(F)F)cc4)CC3)cc2NC(=O)c2ccc3ccccc3n2)cn1
170	mol12	-12.13	NS(=O)(=O)c1ccccc1-c1cnc(Nc2cccc(-c3nncn3Cc3cccc(O)c3)c2)s1
170	mol197	-12.41	Cc1cc(C#N)ccc1-c1ccc(C(=O)Nc2ccc(C(=O)O)cc2)cc1
170	mol419	-12.08	Cc1[nH]c(Nc2ccc(C(=O)NCc3ccc(C(F)(F)F)cc3)nc2)cc1C(=O)Nc1ccc(C(N)N)cc1
170	mol478	-13.09	Nc1cc(C(=O)Nc2cccc(Nc3nccc(-c4ccc(C(=O)O)cc4)n3)c2)ccn1
170	mol253	-12.83	Cc1ccc(Nc2ccc(C(=O)O)c(Nc3cccc(C(=O)Nc4cccc(C(=O)O)c4)c3)n2)cc1
170	mol434	-12.03	Cc1cc(Nc2nc(N[C@H]3CC[C@@H](O)CC3)nc(-c3ccc(C(=O)Nc4ccncc4)cc3)n2)n[nH]1
170	mol410	-12.66	Cc1ccc(NC(=O)c2ccc(Nc3nccc(Cc4cccc(-n5cccn5)c4)n3)cc2)cc1
170	mol458	-12.22	O=C(Nc1ccccc1)c1ccc(NCc2nc(-c3ccccc3Cl)sc2-c2ccccc2)cc1
170	mol373	-12.14	CO[C@H](c1cccc(NC(=O)c2ccc3nc(C)ccc3c2)c1)C1CCN(C(=O)c2cccc(-c3ccc(C(=O)O)cc3)c2)CC1
170	mol493	-13.19	Cc1ccc([C@H](O)c2cccc(C#Cc3cccc(C(=O)Nc4ccc(C(N)N)cc4)c3)c2)cc1
170	mol330	-12.31	Nc1ncc(-c2ccc(C(=O)Nc3ccc(-c4cc(CNCc5ccccc5)n(-c5ccccc5)n4)cc3)cc2)s1
170	mol144	-13.15	Cc1ccc(C(=O)Nc2cc(C(=O)Nc3cc(C(=O)Nc4ccc(C(=O)O)cc4)ccc3N)ccc2N)cc1
170	mol275	-12.11	Cc1cccc(C(=O)Nc2cccc(C(=O)Nc3ccc(S(N)(=O)=O)cc3)c2)c1
170	mol245	-12.38	Cc1cc(CNc2nc(Nc3ccc(C(=O)N[C@@H](CO)C(=O)N4CCC(C(=O)Nc5ccc(C(F)(F)F)cc5)CC4)cc3)ncc2F)no1
170	mol271	-12.03	Cc1ccc(NC(=O)c2ccc(Nc3ncc4c(n3)N(Cc3ccccc3)CC4)cc2)cc1
170	mol218	-12.02	Nc1ccc(C(=O)NCC(=O)NC(=O)Nc2ccc(Oc3ccc4ncccc4c3)cc2)cc1
170	mol177	-12.03	Cc1cccc(Nc2cc(Nc3ccc(C(=O)NCCCNC(=O)c4ccc(C(=O)O)cc4)cc3)ccn2)c1
170	mol499	-12.3	Cc1ccc(C(=O)Nc2ccc(C(=O)Nc3ccc(C(=O)NCc4cccnc4)cc3)cc2)cc1
170	mol212	-13.45	Cc1cc(NC(=O)c2cc(NC(=O)c3cccn(Cc4cc(Cl)ccc4Oc4ccccc4)c3=O)ccn2)n(-c2ccccc2)n1
170	mol129	-12.62	Cc1cc(/C=C/c2cccc(C(=O)O)c2)cc(OCc2ccc(C(=O)/N=N/c3ccccc3C(=O)O)cc2)c1
170	mol453	-14.07	Cc1ccc(C(=O)Nc2cccc(C(F)(F)F)c2)cc1-c1ccc2nc(Nc3ccc4ncccc4c3)ncc2c1
170	mol160	-12.44	Cc1ccc(C(=O)Nc2cc(C(C)(C)C)on2)cc1Nc1ncnn2cc(C(=O)N[C@H](C)C(F)(F)F)cc2c1=O
170	mol498	-12.66	Cc1ccc(NC(=O)c2cccc(Cn3cc(NC(=O)Nc4cccc(C(F)(F)F)c4)cn3)c2)cc1
170	mol430	-12.78	CNC(=O)Nc1ccc2c(Nc3ccnc(-c4cccc(C#N)c4)n3)cccc2c1
170	mol110	-13.08	Nc1cc(Nc2ccc(C(=O)O)c(C(=O)O)c2)ccc1NC(=O)c1ccc(Nc2nccc(Nc3ccccc3)n2)cc1
170	mol182	-13.0	Cc1ccc(C(=O)Nc2ccon2)cc1NC(=O)c1ccnc(Nc2ccc(N3CC[NH+](C)CC3)cc2)c1
170	mol208	-12.5	Nc1ncnc2ccc(-c3cccc(C(=O)Nc4cccc(C(F)(F)F)c4)c3)cc12
170	mol121	-13.04	CN1Cc2cc(C#N)ccc2N(Cc2ccc(-c3ccc(C(=O)Nc4ccc(C(=O)O)cn4)cc3)cc2)C1=O
170	mol376	-12.27	Cc1cc(Nc2nc(CCc3ccncc3)c3nc[nH]c3n2)nc(-c2cccc(C(=O)NCCC(=O)O)c2)n1
170	mol263	-12.94	Cc1cc(NCc2cccc(C(N)=O)c2)cc(Nc2nccc(Nc3ccc4c(Cc5ccccc5)ncnc4c3)n2)c1
170	mol257	-12.69	Cc1ccc(-c2cc(NC(=O)c3cccc(Nc4cccc(C(=O)Nc5ccccc5[NH+](C)C)c4C)c3)n(C)n2)cc1
170	mol66	-12.32	Cc1cc(Nc2cc(Nc3ccc4c(/C=C\c5ccccc5)nccc4c3)ncn2)ccn1
170	mol109	-12.4	COc1ccc(Cn2nnc(-c3cccc(C(=O)Nc4cccc(C(N)=O)c4)c3)n2)cc1
170	mol290	-12.66	Cc1ccc(C(=O)Nc2ccc(C[N@H+]3CC[N@@H+](C)CC3)c(C(F)(F)F)c2)cc1Nc1nccc(-c2ccncc2)n1
170	mol224	-12.04	Cc1nc(Nc2ncc(C(=O)Nc3ccc(Oc4ccccc4)cc3)s2)cc(N2CCN(C(=O)Cc3ccccc3)CC2)n1
170	mol39	-12.39	Cc1ccc(NC(=O)c2ccc(C[N@H+]3CC[N@H+](C)CC3)cc2)cc1Nc1nccc(-c2cccnc2)n1
170	mol104	-12.87	Cc1ccc(C(=O)Nc2ccc(Oc3ccc4ccccc4c3)cc2)cc1
170	mol456	-12.53	Cc1cc(NC(=O)c2cccc(Nc3nccc(-c4ccccc4C(N)=O)n3)c2)ccn1
170	mol369	-13.23	NC(=O)Nc1cccc(CNC(=O)c2ccc(NC(=O)c3ccc(-c4cccc(N)c4)c(Cl)c3)cc2)c1
170	mol461	-13.17	Cc1ccc(C(=O)Nc2ccon2)cc1-c1cc2cnn(-c3cccc(F)c3)c2nn1
170	mol238	-13.0	Cc1nn(-c2cc(Nc3cccc(C(=O)NCc4ccccc4)c3)ncn2)cc1C(=O)Nc1ccc(S(N)(=O)=O)cc1
170	mol486	-13.53	Cc1cc(N2C[C@@H](c3ncc(C#N)cc3Cl)CC2=O)ccc1C(=O)Nc1cc(-c2cccc(C(=O)O)c2)cs1
170	mol58	-13.69	CN(C(=O)c1ccc(NC(=O)c2ccc(Nc3nccc(Nc4cc(C5CC5)[nH]n4)n3)cc2)cc1)c1cccc(C(F)(F)F)c1
170	mol116	-12.44	CN(c1ccc(Nc2cc(Nc3cccc(C(F)(F)F)c3)ncn2)cc1)c1ccc(C(N)=O)cc1
170	mol85	-12.69	Cc1ccc(C(=O)Nc2ccc(CCc3ccc(NC(=O)c4ccc(C(=O)NO)cc4)cc3)cc2)o1
180	mol114	-12.21	Cc1cccc(-c2cccc(C(=O)c3cccc(C(=O)O)c3)c2)c1
180	mol437	-12.03	Nc1cc(Nc2cccc(Nc3ccnc4cc(Cl)ccc34)c2)ccc1C(=O)O
180	mol298	-13.09	Cc1cc(NC(=O)Nc2cccc(Nc3ncnc4ccc(Nc5ccccc5)cc34)c2)ccn1
180	mol153	-13.33	Cc1c(NC(=O)Nc2cccc(Cl)c2Cl)cccc1-c1nc2ccc(C(N)=O)cc2s1
180	mol423	-12.19	Cc1ccc(Oc2ccc(NC(=O)c3cccc(C(F)(F)F)c3)cc2)cc1
180	mol92	-12.52	CNC(=O)c1ccc(Oc2ccc(NC(=O)Nc3cccc(C(=O)NCC(=O)NO)c3)cc2)cc1
180	mol301	-12.03	Cc1cc(Br)c(C(=O)Nc2cccc(C(=O)Nc3ccc(Oc4ccncc4)cc3)c2)o1
180	mol367	-13.09	Cc1ccc(F)cc1NC(=O)c1cc(NC(=O)c2cc(-c3ncccc3Cl)ccc2F)ccc1Cl
180	mol73	-12.13	CN(C(=O)c1cc(Cl)c(N2CC[C@H](Nc3nc(N4CCOCC4)cc(N4CCOCC4)n3)C2)s1)c1cccc(C(F)(F)F)c1
180	mol45	-12.36	Oc1ccc(F)cc1-c1ccc(Nc2nc(Nc3ccc(C(F)(F)F)cc3)n3ncnc3n2)nc1
180	mol492	-12.06	Cc1ccc(C(=O)NC2CC2)cc1Nc1nccc(Nc2cccc(C(=O)Nc3ccccc3)c2)n1
180	mol7	-12.17	Cc1cc(C(=O)Nc2ccc([C@@H]3CNC(=O)c4ccc(N5CCOCC5)cc4N3)cc2)on1
180	mol374	-12.24	CN(CCOc1ccc(-c2ccc(-c3ccc(C(=O)O)cc3Cl)cc2Cl)cc1)C(=O)O
180	mol385	-12.46	CN(Cc1ccc(-c2cccc(NC(=O)c3ccc(C#N)cc3Cl)c2)o1)Cc1cc2ccccc2nc1O
180	mol187	-12.61	Cc1cccc(Nc2nc(-c3cccc(-c4ccccc4F)c3)co2)c1
180	mol349	-12.82	Nc1ncc(-c2ccc(C(=O)Nc3ccc(-c4ccccc4)cn3)cc2)cn1
180	mol61	-13.1	Cc1ccc(-c2ccc(-c3ccc(Nc4ccc(C(=O)Nc5ccc(C(=O)O)cc5)cc4)o3)cc2)o1
180	mol12	-12.28	CNC(=O)Nc1ccc(Oc2ccc(NC(=O)Nc3cccc(C(F)(F)F)c3)cc2)nc1
180	mol296	-12.6	Cc1ccc(O)cc1Nc1ccnc(Nc2cccc(C(=O)Nc3ccc(Cl)c(C(F)(F)F)c3)c2)n1
180	mol407	-12.41	O=C(c1ccccc1)N1CCC(c2ccc(-n3nc(-c4ccccc4)cc3Nc3ccc(F)cc3)cc2)CC1
180	mol169	-13.36	Cc1c(Nc2cccc(C(=O)Nc3ccc(C(=O)O)cn3)n2)ccc2c1ccn2-c1ccnc(N[C@H]2C[C@@H](C(=O)O)C2)n1
180	mol327	-12.7	Cc1cc(NC(=O)c2cc(-c3ccc(C(=O)Nc4cc(C(=O)O)ccn4)cc3)cnc2N)ccn1
180	mol111	-13.4	Cc1cc(N2Cc3cc(C#N)ccc3N(c3cccc(C(N)=O)c3)C2=O)ccc1C(=O)Nc1ccc(N2CCC([NH+]3CCOCC3)CC2)cc1
180	mol5	-12.32	Cc1cc(C(=O)Nc2ccc(Nc3c4c5ccccc5nc-4ccc4ccccc34)cc2)ccc1N1C(=O)CCc2ccccc21
180	mol188	-12.55	Clc1ccc2c(Nc3ccc(-c4c[n+](-c5ccccc5)[nH]c4-c4ccccc4)cc3)ccnc2c1
180	mol304	-12.07	Cc1nc(Nc2ncc(C(=O)Nc3ccc(Oc4ccccc4)cc3)s2)cc(N2CCN(c3ncccn3)CC2)n1
180	mol419	-12.97	Cc1cccc(Nc2nccc(-c3cccc(Nc4cccc(C(=O)O)c4)c3)n2)c1
180	mol29	-12.53	Cc1cc(NC(=O)Nc2cccc(Oc3ccccc3)c2)cc(C2=CC=C[C@H](C)CN2C(=O)[C@H](O)C(C)(C)c2ccccc2)c1
180	mol22	-13.06	Cc1c(C(=O)NCc2cccc(C(=O)Nc3ccc(N4CCCNC4=O)cc3)c2)[nH]c2ccc(Cl)cc12
180	mol396	-12.39	CN(c1ccc(-n2c(=O)oc3cc(S(N)(=O)=O)ccc3c2=O)cc1)S(=O)(=O)c1ccc(OCc2ccccc2)cc1
180	mol249	-12.15	c1cc(Nc2ccc(CCNc3ncnc4ccccc34)cc2)c2cccnc2c1
180	mol404	-13.75	Cc1cnc(NC(=O)Nc2cccc(-c3cccc(C(=O)NCc4cccc(C(=O)Nc5cccc([N+](=O)[O-])c5)c4)c3)c2)cn1
180	mol323	-12.27	Cc1cccc(-c2cc(Nc3ccc(-c4ncc5ccccc5n4)c(CCc4ccccc4)c3)ncn2)c1
180	mol410	-12.89	NC(N)c1ccc2[nH]c(-c3cccc(-c4ccccc4)c3O)cc2c1
180	mol458	-13.26	Cc1cc(NS(=O)(=O)c2cccc(N3CCCCC3=O)c2)ccc1-c1nc(Nc2ccc3nc[nH]c3c2)c2c(C)nnc-2[nH]1
180	mol326	-12.28	Nc1cc(Nc2ccc(C(F)(F)F)cn2)cc(-c2cc(F)c(O)c(C(=O)c3ccncc3F)c2)c1
180	mol433	-12.06	COC(=O)c1c(O)cccc1OCCCCNC(=O)c1ccc(Nc2ncc3ccc(-c4ccccc4)nc3n2)cc1
180	mol34	-12.42	Fc1cnc(NCc2ccccc2)nc1Nc1cccc(-c2ccnc(Nc3ccc(N4CCOCC4)cc3)n2)c1
180	mol213	-12.82	CN(O)C(=O)C[NH2+]Cc1ccc(Nc2nccc(-c3cccc(-c4ccccc4)c3)n2)cc1
180	mol40	-12.36	Nc1cc(Nc2ccc(S(N)(=O)=O)cc2)nn1Cc1ccc(-c2cccc(C(=O)O)c2)cc1
180	mol36	-12.27	CNc1nccc(-c2cccnc2Oc2cc(Cl)cc(Nc3cncc(C(=O)c4ccccc4C(F)(F)F)n3)c2)n1
180	mol332	-12.86	Cc1ccc(-c2ccc(Nc3cccc(C(=O)NCc4ccc(Cl)c(C(=O)N5CCOCC5)c4)c3)o2)cc1
180	mol118	-13.22	Cc1c(F)cccc1-c1ccc2nc(N)c(-c3cc(Nc4cccc(C(=O)O)c4)ccn3)c(N)c2n1
180	mol286	-12.55	CN(c1ccc(C(=O)N[C@@H](CO)C(=O)O)cc1)c1cccc(Nc2nccc(-c3cccnc3Nc3ccccc3)n2)c1
180	mol258	-13.04	CN(c1ccc(NC(=O)Nc2ccc(Oc3ccc(Nc4ncnc5ccccc45)cc3)cc2)cc1)[C@@H](CNC(=O)c1cccc(OC(F)(F)F)c1)C(=O)O
180	mol218	-12.14	Cc1ccc(-c2cc(Nc3ccc(C(=O)N[C@@H](CCC(=O)NO)C(=O)Nc4ccc(C(=O)O)cc4)cc3)[nH]n2)cc1
180	mol293	-12.65	OCc1c(-c2cccc(-c3cccc(Nc4ccccc4)n3)c2)n[nH]c1-c1ccccc1
180	mol57	-13.04	Cc1c(NC(=O)c2ccc(Nc3nccc(-c4ccc5c(c4)[C@H](NC(=O)Nc4cccc(F)c4)[C@@H]4CCCN[C@H]5C4)n3)o2)ccc(C(N)=O)c1Cl
180	mol403	-12.35	Nc1nccc(Nc2cc([C@H]3CC[C@@H](C(=O)Nc4cccc(C(F)(F)F)c4)CC3)ncn2)n1
180	mol140	-12.42	Cc1nc(Nc2ncc(C(=O)Nc3ccc(Nc4ccnc(NC[C@H]5CCCNC5)n4)cc3)s2)cc(N2CCC(Cc3ccccc3)CC2)n1
180	mol95	-12.38	Nc1nccc(-n2cc(-c3ccnc(Nc4ccc(C(=O)Nc5ccc(C(=O)O)cc5)cc4)n3)cn2)n1
180	mol381	-12.07	CNC(=O)c1ccc(Oc2ccc(Nc3cc(-c4cccc(C#N)c4)ncn3)cc2)cc1
180	mol171	-12.54	Nc1nc(Nc2cccc(S(N)(=O)=O)c2)sc1C(=O)c1ccc2ccccc2c1
180	mol322	-12.38	CN(c1ccc(C(=O)NC(=O)c2cccc(C#N)c2)cc1)c1cccc(C(=O)Nc2ccc(F)cc2)c1
180	mol314	-12.5	Nc1ccc(C(=O)Nc2ccc(C(=O)Nc3ccc(F)c(C(F)(F)F)c3)cc2)cc1
180	mol160	-12.83	CN(C(=O)c1ccc(Nc2nccc(-c3cccnc3Nc3ccccc3)n2)cc1)c1ccc(N2CC[C@H](c3ccccc3)C2=O)cc1
180	mol316	-12.75	Nc1ncc(-c2ccc(C[NH+]3CCN(C(=O)c4ccccc4C(F)(F)F)CC3)cc2)cc1OCc1cccc(F)c1
180	mol77	-12.8	CN(Cc1ccc(F)c(F)c1)C(=O)c1ccc(CC(=O)Nc2cccc(Nc3cc(N4CCOCC4)ncn3)c2)cc1
180	mol362	-12.52	Cc1ccc(C(=O)Nc2cc(C(F)(F)F)cc(C(F)(F)F)c2)cc1Nc1nccc(-c2cccnc2)n1
180	mol498	-13.22	CC[C@H]1C[NH2+]C[C@H](O)[C@@H](O)[C@H]1n1cc(-c2ccc(Oc3ccc(NC(=O)Nc4ccc(OC(F)(F)F)cc4)cc3)cc2)nn1
180	mol394	-12.09	Cc1cccc(-n2nc(C(=O)Nc3ccc(Oc4cccc(C(=O)O)c4)cc3C(F)(F)F)cc2-c2cc3ccccc3o2)c1
180	mol135	-13.24	Cc1c(Cc2ccccc2)c(=O)oc2cc(OCc3cccc(C(=O)Nc4cccc(C(=O)O)c4)c3)ccc12
180	mol351	-12.68	CNC(=O)c1cc(Oc2ccc(NC(=O)Nc3ccc(Oc4ccccc4)cc3C(F)(F)F)cc2)ccn1
180	mol441	-12.91	Cc1nn(-c2cccc(-c3cccc(Nc4nccc(Nc5ccccc5)n4)c3)c2)cc1CNc1ccc(Cl)cn1
180	mol113	-12.28	Cc1sc(-c2cccc(-c3cccc4[nH]ccc34)c2)nc1C[N@@H+]1C[C@H](NCc2ccccc2)C(=O)NC1=O
180	mol120	-12.62	Cc1ccc(NC(=O)c2ccc(C(N)=O)cc2)cc1NC(=O)c1ccc(-c2cc(Cl)ccc2Cl)o1
180	mol485	-12.32	Cc1ccc(NC(=O)C[NH+]2CCN(c3ccc(-c4scnc4C(F)(F)F)cc3)CC2)cc1-c1ccc(C(=O)N[C@@H](CO)Cc2ccccc2)cc1
180	mol311	-13.91	Cc1c(NC(=O)c2cc(NC(=O)c3cc(C#N)ccc3N)ccc2F)ccc(F)c1Nc1nccc(-c2cccnc2)n1
180	mol369	-12.55	O=C(NCc1ccccc1)c1cccc(Cc2ccc(NCc3ccc(Cc4ccccc4)cc3)nn2)c1
180	mol46	-13.13	CN(C(=O)c1ccc(-c2ccc(C(=O)Nc3ccc(Oc4ccncc4)cc3)cc2)cc1)C1CCCCC1
180	mol71	-13.42	Nc1ncc(-c2ccc(OCc3cccc4ccccc34)cc2)nc1C(=O)N1CCN(c2ccc(C(=O)O)cn2)CC1
180	mol98	-12.12	[H]/N=N/C(=O)c1cccc(-c2cccc(-c3ccc(=O)n(Cc4ccc(C(=O)O)cc4)n3)c2)c1
180	mol23	-13.08	CN(C)c1cc(Nc2cc(-c3cccc(C(=O)Nc4cccc(C(=O)O)c4)c3)ncc2F)ccc1C(=O)O
180	mol265	-12.94	Nc1nc(-c2ccc(C(=O)/N=N/c3ccc(Cl)cc3)cc2)cc(N2CC[NH+](CCc3ccccc3)CC2)n1
180	mol364	-13.43	O=C(c1ccc(-c2ccc(OCc3nc(-c4ccccc4)c[nH]3)cc2)cc1)N1CCC(c2cccc(F)c2)CC1
180	mol41	-13.06	Nc1ccc2ncnc(NCc3ccc(CNc4ccc(C(=O)Nc5ccc(Cl)cc5N)cc4)cc3)c2c1
180	mol127	-12.72	Cc1cccc(-c2ccc(C(=O)Nc3cccc(-c4ccccc4S(N)(=O)=O)c3)cc2)c1
180	mol305	-12.25	Cc1cc(NC(=O)c2cc(NC(=O)c3cc(-c4ccccc4Cl)ccc3Cl)n[nH]2)on1
180	mol158	-12.41	Cc1ccc(Oc2ccc(NC(=O)c3cccc4ncccc34)cc2)cc1
190	mol443	-12.23	Cc1ccc(NC(=O)c2ccc(C[N@H+]3CC[N@H+](C)CC3)cc2)cc1Nc1nccc(-c2cccnc2)n1
190	mol442	-13.11	Cc1ccc(C(=O)Nc2ccc3nc(N)ccc3c2)cc1Nc1ccnc(Nc2ccc(N3CCOCC3)cc2)n1
190	mol225	-13.16	CNc1nc(C(=O)Nc2ccc(-c3cccc(-c4ncccn4)c3)cc2)cc(N2CCc3cn[nH]c3CC2)n1
190	mol99	-12.7	Cc1cc(Cc2cnc(Nc3cccc(C(=O)NCc4cc(C(N)=O)cc(C(N)N)n4)c3)o2)cc(C(=O)O)c1
190	mol156	-12.44	Cc1ccc(C(=O)Nc2ccc(Oc3ccc(-c4ncc(C(=O)O)o4)cc3)cc2)cc1
190	mol193	-12.59	Cc1ccc(C(=O)Nc2ccc(Oc3ccc(-c4nc5ccccc5c(=O)[nH]4)cc3)cc2)o1
190	mol301	-13.89	Nc1ccc(Nc2nccc(-c3cccc(C(=O)Nc4ccc(Cc5nccc(N)n5)cc4)c3)n2)cc1
190	mol192	-12.58	Cc1cc(CN(NC(=O)c2ccccn2)c2ccc(C(=O)Nc3ccc(-c4nc5ccncc5[nH]4)cc3)cc2)ccc1F
190	mol52	-12.46	c1ccc(CNc2cccc(-c3ccc(NCc4cccc(-c5ccncc5)c4)nc3)c2)cc1
190	mol155	-12.07	Fc1ccccc1-c1nnc([C@H]2CC[C@H](Nc3nccc4cnc(Nc5ccc([C@@H]6CCNC6)cc5)cc34)CC2)s1
190	mol186	-12.15	Cc1ccc(NC(=O)c2cccc(C(=O)O)c2)cc1Nc1ccnc(Nc2ccc(N3CCOCC3)cc2)n1
190	mol255	-12.04	Nc1cc(-c2ccc(F)cc2)cc(-c2ccc(C(=O)N[C@@H](Cc3ccccc3)C(=O)O)cc2)n1
190	mol222	-13.37	Cn1cc(-c2cccc(Nc3nccc(-c4cccc(C(=O)Nc5ccccc5F)c4)n3)c2)cn1
190	mol492	-12.4	Nc1ncc(-c2ccc(Cn3ccnc3-c3ccc(C(=O)NCC(=O)O)cc3)cc2)c(N)n1
190	mol473	-12.69	Cc1ccnc(Cn2cc(-c3cc(-c4cccc(C(=O)Nc5cccc(C(F)(F)F)c5)c4)[nH]n3)cn2)c1
190	mol94	-12.48	Cc1ccc(C(=O)Nc2ccc(CNc3cc(Nc4ccc(C(=O)O)cc4)nc4ccccc34)cc2)cc1
190	mol187	-13.5	Cc1cc(NC(=O)c2cc(NC(=O)c3cccc(NC(=O)c4cccc(C(F)(F)F)c4)c3)ccc2F)n(-c2cccc(C(=O)O)c2)n1
190	mol236	-12.33	Nc1nc(Nc2ccc(S(N)(=O)=O)cc2)sc1C(=O)c1cccc(Oc2ccccc2)c1
190	mol209	-12.74	c1ccc(-c2cccc(-c3cc(-c4ccccc4)ncn3)c2)cc1
190	mol12	-12.3	Cc1ccc(C(=O)Nc2ccc(C(F)(F)F)cc2)cc1-c1ccc2c(c1)CCN[C@@H](C(=O)O)C2
190	mol130	-12.32	Cc1ccc(-c2ccc(Nc3ccc(C(=O)NCc4ccc(B(O)O)cc4)cc3)cc2)cc1
190	mol407	-13.26	Cc1cc(Nc2nc(Nc3ccc(N4CC[NH+](C)CC4)cc3)ncc2F)cc(C(=O)Nc2ccc(C(=O)Nc3ccccc3)cn2)c1
190	mol50	-12.08	CC(=O)Nc1ccc(Nc2ncc(Cl)c(-c3ccc(Nc4ccccc4[N+](=O)[O-])cc3)n2)cc1
190	mol59	-12.17	Cc1ccccc1C(=O)Nc1ccc(Cc2c(O)ccc3ccccc23)cc1
190	mol136	-12.57	Cc1ccc2c(=O)[nH]c(-c3ccc(NC(=O)c4ccc(C#N)cc4)cc3)nc2c1
190	mol16	-12.43	CNC(=O)c1nc(Nc2cc(C)c(C#N)c(N)n2)ccc1Nc1ccc(C(=O)Nc2ccc(C(=O)O)c(N3CC(=O)NC3=O)c2)cc1
190	mol449	-12.34	Nc1cc(C(F)(F)F)c(-c2cc(Nc3ncc(F)c(Nc4ccc(C(=O)N5CCOCC5)cc4)n3)c(F)cc2F)cn1
190	mol194	-12.01	Cc1cc(COc2ccc(C(=O)Nc3ccc(-c4ccccc4S(=O)(=O)N4CCOCC4)cc3)cc2)cc(N2CCCCC2)n1
190	mol396	-12.66	Cc1ccc(CNC(=O)c2ccc(C(=O)Nc3ccc4nc(N)ccc4c3)cc2)cc1
190	mol115	-12.01	Cc1ccc(Nc2cc(-c3ccc(C(=O)N[C@@H](CCC(=O)O)C(=O)O)cc3)cnc2N)cc1
190	mol268	-12.47	O=C(Nc1ccccc1)Nc1ccc(NC(=O)c2cc(-c3cc4ccc(C[NH+]5CC[NH2+]CC5)cc4[nH]3)ccn2)cc1
190	mol310	-13.13	Cc1ccc(C(=O)Nc2cccc(OC(N)=O)c2)cc1NC(=O)c1ccc(Oc2ccc3ccccc3c2)cc1
190	mol458	-12.29	CC(=O)NNc1ccc(Cl)c(-c2nnc(-c3ccc(Oc4cccc(Cl)c4)cc3)o2)c1
190	mol339	-13.72	CN(c1ccc(Cc2cccc(CC(=O)O)c2)cc1)S(=O)(=O)c1ccc(Nc2ccc3c(N)nccc3n2)cc1
190	mol285	-12.9	Cc1ccc2cc(C(=O)Nc3cccc(-c4cccc(C(=O)N5CCC(O)CC5)c4)c3)sc2c1
190	mol78	-12.2	c1cc(CCCCCN2CCCc3ccccc32)cc(-c2ccccc2Oc2c[nH]c3ccccc23)c1
190	mol307	-13.19	Cc1ccc(-c2[nH]c3ncccc3c2CCc2ccc(NC(=O)c3ccc4ccccc4n3)cc2)cc1
190	mol416	-13.35	Cc1cc(NC(=O)NCc2cccc(C(=O)Nc3ccc(C(C)(C)C)cc3)c2)sc1C(=O)Nc1ccc(N2CCOCC2)c(C(F)(F)F)c1
190	mol398	-12.76	Cc1[nH]c(Nc2ncc(-c3cccc(C(=O)Nc4ccc(C(=O)O)cc4)c3)s2)nc1C(=O)O
190	mol101	-12.97	Cc1cc(C)nc(SCC(=O)Nc2ccc(Cc3ccc(NC(=O)c4cccc(C(F)(F)F)c4)cc3)cc2)n1
190	mol275	-12.21	Cc1ccc(S(=O)(=O)Nc2ccc(-c3cccc(-c4ccccc4)c3N)cc2)c(C#N)c1
190	mol333	-12.77	Cc1cc(Nc2cc(N(C)C(=O)Nc3ccc(F)cc3)ccn2)nc(Nc2ccnc(Nc3ccc(F)cc3)n2)c1
190	mol138	-14.2	Cc1cc(CCc2ccc(C(=O)c3ccccc3)cc2)ccc1-c1ccc2c(-c3nc(CCN4CCS(=O)(=O)CC4)cs3)cccc2n1
190	mol386	-12.85	Cc1cc(NCc2cc(-c3cccc(C(F)(F)F)c3)no2)ccc1-c1ccc(C#N)c(C(F)(F)F)c1
190	mol231	-12.15	CN(c1ccc(-c2ccc(N(Cc3cccc(C(=O)O)c3)S(=O)(=O)c3ccc(Oc4ccccc4)cc3)cc2)cc1)S(=O)(=O)c1ccc(N)cc1
190	mol258	-12.47	c1ccc(CNCCc2cccc(-c3ccc(-c4cn[nH]c4-c4ccccc4)cc3)c2)cc1
190	mol303	-13.45	Cc1ccc(C(=O)Nc2cc(F)cc(C(F)(F)F)c2)cc1Nc1nccc(-c2cncc(Nc3ccccc3SCc3ccccc3)c2)n1
190	mol177	-12.28	Cc1ccc(NC(=O)c2cccc(N3CCN(S(=O)(=O)c4ccccc4Cl)CC3)c2)cc1
190	mol381	-12.15	Cc1cc(Nc2nc(N[C@H]3C[C@H]4CC[C@@H](C3)N4)nc3ccccc23)ccc1NS(=O)(=O)Cc1ccc(F)cc1
190	mol322	-12.47	Nc1ncc(-c2ccc(C(=O)Nc3ccc(Oc4ccccc4)cc3)cc2F)cn1
190	mol314	-12.98	Cc1cc(C#N)cc(Nc2ccc(C[C@@H](Nc3ccc(C(=O)N[C@@H](CC(=O)O)C(=O)O)c4ccccc34)C(=O)O)cc2)c1
190	mol316	-12.12	Nc1ccc(-c2ccc(=O)n(Cc3ccc(C(=O)NCc4cccc(Cl)c4)cc3)n2)cc1
190	mol117	-13.15	Cc1ccccc1S(=O)(=O)Nc1ccc(-c2nc(Nc3ccc(C(=O)NCCNC(=O)c4ccc(C(=O)O)cc4)cc3)ncc2F)cc1
190	mol294	-12.22	Cc1ccc(C(=O)Nc2ccc(C[NH+]3CCN(c4ncccn4)CC3)c(C(F)(F)F)c2)cc1C#Cc1ccc(N)nc1
190	mol424	-12.01	Nc1nccc(-c2ccnc(Nc3cccc(C(=O)Nc4cccc(F)c4)c3)n2)n1
190	mol351	-13.2	Cc1ccnc(Nc2ccc(Cl)c(-c3cccc(C(=O)Nc4ncc(C(=O)Nc5ccccc5C)s4)c3)c2)c1
190	mol208	-12.99	CN(C(=O)c1ccc(Nc2ccc3ccccc3n2)cc1)c1ccc(NC(=O)Nc2cccc(OC(F)(F)F)c2)cc1
190	mol388	-13.0	Cc1c(C(=O)Nc2ccc(F)c(C(=O)c3c(N)nn(Cc4cccc(C(F)(F)F)c4)c3C(F)(F)F)c2)cc(N2CC[NH2+]CC2)nc1C(F)F
190	mol90	-12.16	Cc1ccc(C(=O)Nc2cc(C(F)(F)F)cc(C(F)(F)F)c2)cc1-c1ccc2c(c1)CCCN2C=O
190	mol441	-12.19	Cc1cc(Nc2cc(Nc3ccc(C(=O)Nc4ccc(Cl)cn4)cc3)n(-c3ccccc3C#N)n2)n(-c2ccccc2Cl)n1
190	mol312	-12.69	Cc1cccc(-c2nc(Nc3ccc(C(=O)NCc4ccccc4)cc3)ncc2F)c1
190	mol354	-12.81	Cc1c(-c2ncc(-c3cccc(C(=O)Nc4ccc([C@H](O)c5ccccn5)cc4)c3)s2)[nH]c(=O)c2c1[nH]c1ccccc12
190	mol211	-12.4	Cc1cc(NC(=O)c2cccc(-c3cc4c(Nc5ccccc5)ncnc4[nH]3)c2)ccc1C(F)(F)F
190	mol378	-12.35	C[N@H+](CCCc1ccc(-c2ccc(CNC(=O)c3cc4ccccc4o3)cc2)cc1)Cc1ccc(-c2ccc(C#N)cc2)s1
190	mol39	-12.27	CN(c1ccc(NC(=O)c2cccc(C(F)(F)F)c2)cc1)c1cc(NS(=O)(=O)c2ccc(F)c(C3CCCCC3)c2)cnc1Nc1cccc(C(F)(F)F)c1
190	mol230	-12.17	Cc1cc(NC(=O)NCc2ccc(C(F)(F)F)cc2)c(F)cc1NS(=O)(=O)c1ccc(F)c(C(F)(F)F)c1
190	mol358	-12.69	Cc1ccc(-n2nc(C(C)(C)C)cc2NC(=O)Nc2ccc(Oc3ccc(NC(=O)c4cccc(Cl)c4)cc3)cc2)cc1
190	mol17	-12.26	O=C(Cc1c[nH]c2ccccc12)N1C[C@H](O)C[C@H]1c1cnn(Cc2ccccc2)c1
190	mol201	-12.26	c1ccc(CNc2nc(-c3cccc(N4CCOCC4)c3)c(-c3ccc(Nc4ncc5ccccc5n4)cc3)[nH]2)cc1
190	mol409	-12.09	Cc1nc(Nc2ncc(C(=O)Nc3ccc(S(=O)(=O)NC[C@H]4CC[C@H](C(C)(C)O)CC4)cc3)s2)c2cc[nH]c2n1
190	mol328	-12.38	CC#Cc1ccc(-c2cc(NC(=O)Nc3ccc(OC(F)(F)F)cc3)ccn2)cc1
190	mol46	-12.96	Cc1oc(-c2ccccc2)nc1CCOc1ccc(C(=O)Nc2ccc(F)c([C@@]3(C)[NH+]=C(N)OC[C@H]3C(F)(F)F)c2)cc1
190	mol238	-12.58	Nc1cc(-c2ccc3nc(NC(=O)c4ccc(C(F)(F)F)cc4)sc3c2)ccn1
190	mol472	-13.62	Cc1nc(Nc2ncc(C(=O)Nc3ccc(N4CCC(O)CC4)cc3)s2)cc(-c2ccc3[nH]nc(-c4cccc(C(=O)N5Cc6ccccc6C5)c4)c3c2)n1
190	mol243	-12.31	Cn1c(OCc2ccc(Cl)cc2)nc2cc(NC(=O)CCCOc3ccc(-c4ccccc4)cc3Cl)ccc21
190	mol74	-12.09	Cc1cc(N/N=C\c2cc(Cl)ccc2NC(=O)c2ccc(C(=O)NCCN3CCOCC3)cc2)cc(N2CCN(c3ccc(Cl)cc3)CC2)c1
190	mol97	-12.7	Cc1ccc(-c2ccc(NC(=O)c3ccc(C(=O)c4ccccc4C(=O)O)cc3C(=O)O)cc2)cc1
190	mol486	-12.15	CN(Cc1ccc(-c2cccc(NC(=O)c3ccc(C#N)cc3)c2)cc1)C[C@@H](O)COc1ccc(C#Cc2ccc(Nc3ccccn3)cc2)cc1
190	mol432	-12.23	NC(N)=NCCC[C@@H](c1ccc(N)cc1)c1ccc(NC(=O)c2ccc(Cc3ccccc3)cc2)cc1
190	mol134	-12.4	Cc1cccc(-c2nc(Nc3cccc(C(=O)Nc4cccc(C(=O)O)c4)c3)sc2C)c1
190	mol116	-12.81	CN(O)C(=O)CC[C@@H](NC(=O)Nc1ccc(-c2cccc(COc3ccc(NC(=O)Nc4ccccc4)cc3)c2)cc1)C(N)=O
200	mol114	-12.26	Cc1nc(Nc2ncc(C(=O)Nc3c(C)cccc3Cl)s2)cc(N[C@@H]2C[C@H](C(=O)Nc3ccccc3)[C@H](O)[C@H]2O)n1
200	mol210	-13.85	Cc1ccc(NC(=O)c2ccc(C[NH+]3CCN(S(C)(=O)=O)CC3)cc2)cc1Nc1ncnn2cc(C(=O)Nc3cccc(C(N)=O)c3)cc12
200	mol437	-13.38	Cc1ccc(C(=O)Nc2cc(C(F)(F)F)ccn2)cc1-n1cnc(C(=O)Nc2ccc(Oc3ccccc3)cc2)n1
200	mol75	-12.34	Cc1c(CC(=O)O)cccc1-c1ccc(C(=O)Nc2ccc(C(=O)O)cc2)cc1
200	mol391	-12.66	[NH3+]C1CCN(c2cccc(-c3ccnc(Nc4cc(-c5ccccc5)[nH]n4)n3)c2)CC1
200	mol165	-12.24	c1ccc(-c2ccc(CNc3ccc(CNc4cc(-c5ccccc5)n[nH]4)cc3)cc2)cc1
200	mol68	-12.02	Nc1cc(/N=N/c2ccc3c(c2)CCCC3)cc2cc(C(=O)O)oc12
200	mol401	-12.19	Cc1ccc(Oc2cc(Nc3ccc(N[C@H](N)Nc4cccc(C(=O)O)c4)cc3)cc(N3CCCCC3)c2C#N)cc1C(=O)O
200	mol84	-13.61	Cc1cc(N/C=C/c2ccc(Nc3ccc(NC(=O)c4cccc5ccccc45)cc3)cc2)nc(/C=N\C(=O)Cc2ccccc2)n1
200	mol324	-13.03	Cc1cc(=O)oc2cc(S(=O)(=O)Nc3ccc(C(=O)N[C@@H](Cc4ccc(C(=O)O)cc4)C(=O)O)cc3)cc(O)c12
200	mol477	-13.12	CN(c1ccc(C(=O)NS(=O)(=O)c2cc(Cl)cc(Cl)c2)cc1)c1nnc(NC(=O)c2ccccc2F)s1
200	mol192	-13.06	Cc1c(NC(=O)c2cc(C(=O)NCc3cccc(C(=O)Nc4cccc(F)c4)c3)ccc2F)cccc1C(N)=O
200	mol52	-12.43	Nc1cc(-c2ccc(C(=O)N[C@@H](Cc3ccccc3)C(=O)O)cc2)cc(-c2cccc(C(=O)O)c2)c1
200	mol470	-13.73	Cc1ccc(C(=O)Nc2cccc(-c3ccc(NC(=O)c4cccc(C(=O)Nc5ccccc5[N+](=O)[O-])c4)s3)c2)cc1
200	mol270	-12.26	Cc1ccc(-n2nc(C(C)(C)C)cc2NC(=O)Nc2ccc(Oc3ccc(NC(=O)NC(C)(C)CNC(=O)c4ccccc4Cl)cc3)cc2)cc1
200	mol112	-12.3	Cc1cccc(-c2cccc(C(=O)c3cc(C[N@H+]4CC[N@H+](C)CC4)ccc3O)c2)c1
200	mol187	-12.62	O=C(NCc1ccccc1)c1ccc(Nc2ncc3cc(Cc4ccccc4)ccc3n2)cc1
200	mol53	-13.73	Cc1c(Oc2nccc3ccc(C(=O)O)cc23)ccc(C(=O)Nc2cc(C(=O)Nc3ccc(C(=O)Nc4cccc(C(F)(F)F)c4)s3)ccc2F)c1O
200	mol209	-12.61	Cc1cc(NC(=O)c2ccc(Nc3nccc(-c4cc5ccccc5s4)n3)cc2)on1
200	mol281	-12.01	Nc1nnc(-c2ccc3[nH]c(-c4ccc(OCc5ccccc5)cc4)nc3c2)s1
200	mol296	-12.48	Cc1cc(CNC(=O)c2cc(F)c(N3CCN(S(C)(=O)=O)CC3)cc2F)ccc1Nc1nccc(-c2cccnc2)n1
200	mol130	-12.06	c1ccc(-c2cccc(Nc3ncc(-c4ccccc4)[nH]3)c2)cc1
200	mol86	-12.12	Cc1ccc(NC(=O)c2ccc(Cc3nc4ccccc4n3Cc3ccccc3)cc2)cc1NC(=O)c1csc(-c2ccccc2)n1
200	mol337	-12.8	NC(N)c1ccc(-c2ccc(Oc3ccc(Oc4ccccc4)cc3)cc2C(=O)O)cc1
200	mol111	-12.2	CN(c1ccccc1)c1cc(N2CCC(C(=O)Nc3ccc4ccccc4c3)CC2)ccc1[N+](=O)[O-]
200	mol197	-13.64	Cc1ccc(NC(=O)c2ccc(-c3cc(Nc4ccc(C(=O)N5CCOCC5)cc4)ccc3N)cc2)c(C(=O)O)c1
200	mol350	-13.54	Cc1ccc(-c2ccc(C(=O)Nc3ccc(-c4cccc(CNC(=O)c5ccccc5)c4)cc3)o2)cc1
200	mol22	-12.59	Cc1c(NS(=O)(=O)c2ccc3cc(O)ccc3c2)cccc1C(=O)Nc1ccc(F)cc1
200	mol233	-12.54	Cc1ccc(NC(=O)c2ccc(N3CCOCC3)c(C(F)(F)F)c2)cc1Nc1nccc(-c2cccnc2)n1
200	mol396	-12.19	FC(F)(F)c1cccc(Nc2ncc(C(F)(F)F)c(NCc3cccc(C4=CCCCC4)c3)n2)c1
200	mol478	-12.02	Cc1cc(NC(=O)c2cccc(-n3cc(NC(=O)Nc4ccccc4)cn3)c2)ccn1
200	mol250	-12.2	Cc1ncc(-c2cnc(Nc3ccc(C(=O)N[C@@H](CC(=O)N4CCC[C@H]4C(=O)Nc4cccc(Cl)c4)C(=O)Nc4ccccc4)cc3)s2)s1
200	mol18	-12.74	Cc1nc(Nc2nccc(-c3cc(CNC(=O)c4ccc(C(=O)Nc5ccccc5C(F)(F)F)cc4)ccc3Cl)n2)cs1
200	mol64	-12.86	Cc1[nH]c2ccc(-c3ccc(NC(=O)Cc4ccc(CC(=O)NO)cc4)cc3)cc2c1CC(=O)NO
200	mol360	-12.49	CN(c1ccc(-c2ccc(C#C[C@H](O)c3ccc(O)c(C(=O)O)c3)cc2)cc1)c1ccc(C(F)(F)F)cn1
200	mol88	-12.72	Nc1nc(-c2ccc(-c3ccc(C(=O)NCc4ccccc4)cc3)cc2)cc(N2CC[NH+](C[C@@](O)(Cn3cncn3)c3ccc(F)cc3F)CC2)n1
200	mol482	-12.05	Cc1ccc(NC(=O)c2cccc(C(F)(F)F)c2)cc1NC(=O)c1cnc2ccccc2n1
200	mol8	-12.94	Cc1nc(COc2ccc(-c3ccc(CC(C(=O)O)C(=O)O)cc3)cc2F)ccc1-c1ccc(=O)[nH]n1
200	mol278	-14.75	Cc1ccc(NC(=O)c2cccc3ccccc23)cc1NC(=O)c1cccc(-c2nnc(-c3cccc([N+](=O)[O-])c3)o2)c1
200	mol37	-13.34	Cc1cc(C(=O)Nc2ccc(-c3cc4c(N)ccc(C(N)=O)c4[nH]3)cc2)ccc1NS(C)(=O)=O
200	mol76	-12.48	Cc1cc(NC(=O)c2cccc(-n3cccc3)c2)ccc1NC(=O)c1ccc(CCC[NH+]2CCN(c3ccccc3C(F)(F)F)CC2)cc1
200	mol373	-12.63	c1ccc(COc2ccc(-c3cc(CNc4ccc(-c5ccccc5)cn4)c4ccccc4n3)cc2)cc1
200	mol213	-12.76	Cc1cc(NC(=O)Nc2ccc(Oc3ccnc(Nc4ccc(C(=O)Nc5ccccc5C#N)cc4)n3)cc2)on1
200	mol330	-12.24	CN(C)c1ccc(Cc2ccc(NC(=O)c3ccc(Cc4ccc(Cl)c(Cl)c4)o3)cc2)cc1
200	mol287	-12.71	Cc1ccc(NC(=O)c2cccc(Cn3cc(NC(=O)Nc4cccc(N(C)C)c4)c4ccccc4c3=O)c2)cc1
200	mol480	-12.15	Cc1ccc(C(=O)Nc2ccc(CNC3=NC(=O)/C(=C/c4ccc(Cl)cc4)N3)cc2)cc1
200	mol332	-12.41	Cc1ccc(C(=O)Nc2ccc(C(=O)N[C@H]3Cc4ccccc4C=C3c3ncc(C(=O)O)o3)cc2)cc1
200	mol80	-12.03	Nc1ccc(CNS(=O)(=O)c2cc(-c3ccc4ccccc4n3)ccc2F)cn1
200	mol333	-12.13	Nc1nc(-c2cccc(-c3cccc(OCc4ccccc4)c3)n2)cc(N2CC[NH+](CCc3ccccc3)CC2)n1
200	mol72	-12.75	c1ccc(Nc2cccc(-c3ccc(-c4ccc5ccccc5n4)cc3)c2)cc1
200	mol271	-12.26	Nc1ccc(S(=O)(=O)Nc2cccc(-c3ccc(N4CCOCC4)cc3)c2)cc1
200	mol370	-12.35	Cc1cccc(C(=O)Nc2ccc(Nc3nccc(-c4ccccc4O)n3)cc2)c1
200	mol212	-12.34	CCNC(=O)c1cc(-c2cc(F)cc(Nc3nccc(-c4ccc(C(=O)Nc5ccncc5)s4)n3)c2)on1
200	mol232	-12.51	Nc1ncc(-c2ccc(C(=O)Nc3cccc(C(=O)Nc4ccc(C[NH+]5CCCCC5)cc4)c3)cc2)s1
200	mol403	-12.01	Cc1ccc(C(=O)Nc2ccc(Oc3ccc(NC(=O)c4ccc(F)nc4)cc3)cc2F)cn1
200	mol95	-12.02	Nc1cc(Nc2ccc3[nH]ncc3c2)cc(Nc2ccnc3ccccc23)n1
200	mol372	-12.56	Cc1ccc(NC(=O)c2cccc(CC3CCCCC3)n2)cc1Nc1nccc(-c2cccnc2)n1
200	mol316	-12.25	Cc1ccc(NC(=O)c2ccc(-c3nc(C4CCCCC4)c(-c4cccc(C(=O)O)c4)o3)cc2)cc1
200	mol229	-12.23	Cc1c(NC(=O)c2ccc(C#CCC(=O)N3CCCC3)cc2)cccc1-c1nc2c(cc1C(=O)Nc1cccc(C(F)(F)F)c1)[nH]c1ccccc12
200	mol359	-12.12	CN([C@H]1CC[C@H](Nc2nccc(-n3cccn3)n2)CC1)S(=O)(=O)c1ccc(Nc2ccnc(Nc3cccc(C(F)(F)F)c3)n2)cc1
200	mol439	-12.24	Cc1ncc(C[NH+]2CCN(c3ccc(C(=O)NCc4cccc(C(=O)Nc5ccccc5)c4)cc3)CC2)s1
200	mol117	-12.43	c1ccc(-c2cc(-c3ccc(Nc4ccnc5ccccc45)cc3)c(-c3ccccc3)[nH]2)cc1
200	mol120	-12.71	CN(C)c1ccc(-c2cc3cc(-c4ccc(C(=O)O)cc4)ccc3o2)cc1
200	mol389	-12.17	Cc1cc(C(=O)Nc2ccc(S(=O)(=O)Nc3ccc(C(N)N)cc3)cc2)c2ccccc2n1
200	mol184	-12.5	NC(=O)c1ccc(Cn2cnc3ccc(-c4ccccc4)cc3c2=O)cc1
200	mol354	-12.83	Nc1ccc(C(=O)Nc2ccc(-c3ccnc4ccccc34)cc2F)cn1
200	mol451	-13.46	Cc1c(-c2ccc(C(=O)NCc3ccc(-c4ccccc4C(F)(F)F)cc3)cc2)[nH]c(=O)[nH]c1=O
200	mol125	-12.5	Cc1cc(Nc2nc(N[C@H](Cc3ccc(F)cc3)C(=O)Nc3cccc(C(=O)Nc4cccc(C(F)(F)F)c4)c3)c3ccccc3n2)ncc1C(F)(F)F
200	mol211	-12.09	Cc1c(-c2cccc3ccccc23)nc2ccc(NC(=O)CCNC(=O)C(N)N)cc2c1C
200	mol290	-12.66	Cc1ccc(NC(=O)c2cccc(C(F)(F)F)c2)cc1-c1ccc2ncc(-c3ccc(N4CCOCC4)cc3)nc2c1
200	mol371	-12.74	Cc1ccc(NC(=O)c2cccc(N3CCN(C(=O)c4cccc(C(F)(F)F)c4)CC3)c2)cc1
200	mol417	-12.11	Cc1ccc(NC(=O)c2ccc(Nc3cc(NC(=O)c4cccc(C(F)(F)F)c4)cc4ccccc34)cc2)cc1
200	mol219	-12.65	Cc1nc(Nc2cc(Cl)cc(Cl)c2)cc(N2CCC(Oc3ccc(C(O)(O)C(F)(F)F)cc3)CC2)n1
200	mol311	-13.19	Nc1ccc(C(=O)Nc2ccc(Oc3ccc(-c4nc(=O)c5ccccc5[nH]4)cc3)cc2)cc1
200	mol154	-12.28	Cc1nc(-c2ccc(C(F)(F)F)cc2)oc1CC(=O)Nc1cccc(C(=O)OCc2cccc(C(=O)O)c2)c1
200	mol27	-12.82	CNc1cc(Nc2c(F)ccc(CN(C)C(=O)Cc3ccc(NC(=O)c4ccc(Cl)c(F)c4)cc3)c2C(F)(F)F)ccc1C(N)=O
200	mol15	-12.42	Cc1cccc(NC(=O)c2ccc[n+](Cc3cccc(C(=O)Nc4ccc(C[NH+]5CCCCC5)cc4)c3)c2)c1
200	mol221	-12.7	Cc1cc(NC(=O)c2ccccn2)nn1-c1ccc(NC(=O)c2cccc3ccccc23)cc1
200	mol484	-12.95	Cc1c(C(=O)Nc2cccc(Oc3ccc4c(c3)C(F)(F)CN4S(C)(=O)=O)c2F)ccc(C#N)c1Cl
200	mol97	-12.52	Cc1cc(OCc2cccc(-c3ccccc3)c2C(=O)O)cc(N2Cc3ccccc3C2=O)c1
200	mol265	-12.4	Nc1cc(Nc2ccc(S(N)(=O)=O)cc2)cnc1Nc1ccc(C(=O)Nc2ccc(F)cn2)cc1
200	mol464	-12.82	Cc1ccc(Oc2cccc(-n3cc(NC(=O)Nc4cccc(C(F)(F)F)c4)cn3)c2)cc1
200	mol202	-12.6	Cc1ccc(C(=O)Nc2cc(C(F)(F)F)ccc2N2CCC(NC(=O)c3ccc(C#N)cn3)CC2)cc1C(=O)Nc1ccn(Cc2ccccc2)n1
200	mol82	-12.75	Cc1ccc(-c2ccc(C(=O)Nc3ccc(C(=O)Nc4cccc(OC(F)(F)F)c4)cc3)cc2)cc1
200	mol454	-12.72	[H][S@TB7](=O)(S)(Oc1ccc(C(=O)O)cc1)c1ccc2c(C(=O)c3cc(O)c(O)c(O)c3)c(CC)oc2c1
200	mol343	-12.17	Cc1cc(Nc2nc(NCCc3ccccc3)nc(Nc3ccc4n[nH]cc4c3)n2)ccc1OC(=O)Nc1ccc(F)cc1
200	mol364	-12.08	Cc1nc2ccc(F)cc2n1-c1ccnc(Nc2ccc(C(=O)NCc3ccccc3)cn2)n1
200	mol85	-12.23	Cc1cc(=O)oc2ccc(NS(=O)(=O)c3ccc(NC(=O)c4ccccc4)cc3)cc12
20	mol298	-13.45	Cc1ccccc1-c1cccc(C[C@@H]([NH3+])C(=O)Nc2ccc3c(c2)CCC3=O)c1
20	mol242	-12.62	Cc1cc(Oc2ccc(Nc3nc4c(N)nccc4o3)cc2)ccc1N1C(=O)CCc2ccccc21
20	mol101	-12.23	CN(CCOc1ccc(-c2cccc3[nH]ccc23)cc1)C(=O)c1ccccc1
20	mol80	-12.28	Cc1nc2ccccc2n1CCCNC(=O)Nc1cccc(N2Cc3ccccc3C2=O)c1
20	mol105	-12.74	COc1cc(OCc2cccc(-c3cccc(C[C@H](Nc4ccccc4)c4ccccc4)c3)c2)ccc1Oc1ccc(Cl)cc1
20	mol162	-12.08	Nc1ccc(C(=O)Nc2ccc(Oc3ccc(Nc4ncnc5ccsc45)cc3)cc2)cc1
20	mol89	-12.19	c1ccc(Oc2ccc(Nc3ncnc4oc(-c5ccccc5)cc34)cc2)cc1
20	mol430	-12.21	c1ccc(Oc2cccc(Cc3nnc(-c4c[nH]c5ccccc45)o3)c2)cc1
20	mol135	-12.11	c1ccc(Cc2cncc(-c3ccnc(Nc4ccccc4)n3)c2)cc1
20	mol230	-12.5	O=c1[nH]c2c(-c3ccccc3)csc2nc1C1=CC=C/C1=N\CC1=CCc2ccccc21
20	mol42	-12.71	c1ccc(-c2nc(Cc3nc4ccccc4[nH]3)[nH]c2-c2ccc(OCc3ccnc4ccccc34)cc2)cc1
20	mol463	-13.57	Cc1cc(NC(=O)c2cc(NC(=O)c3ccc(C#N)cn3)ccc2Cl)sc1C(=O)Nc1ccc(N2CCCCC2)cc1
210	mol210	-12.36	CN(c1ccc(C(=O)Nc2ccccc2N)cc1)S(=O)(=O)c1ccc(Oc2ccccc2)cc1
210	mol437	-12.56	Cc1cc(-c2cccc(C(=O)O)c2)ccc1NS(=O)(=O)c1ccc(NCCOc2ccc(C(=O)O)c(C(N)=O)c2)cc1
210	mol75	-13.71	Cc1cc(NC(=O)c2cccc(-n3cc(NC(=O)NCc4ccc(Cl)cc4)cn3)c2)cc(N2C[C@H]2C(=O)Nc2ccc3c(c2)CC(=O)N3)c1
210	mol156	-12.74	[NH3+]Cc1cccc(-c2cccc(NCc3cccc(Nc4nc(NCc5ccccc5)c5n[nH]cc5n4)c3)n2)c1
210	mol203	-12.99	Cc1ccc(-c2cc(CCCOc3ccc4c(c3)CC[C@@H]4NC(=O)[C@H]3C=CCC3)c(C(=O)O)o2)cc1N
210	mol401	-14.01	C[C@@H](O)c1cccc(C(=O)N2CCC[C@](C)(c3ccc(OCc4ccnc(-c5nccc6ccccc56)c4)cc3)C2=O)c1
210	mol425	-12.7	Cc1ccc(Oc2cccc(-c3cc(-c4ccc(C(N)N)cc4)[nH]n3)c2)cc1
210	mol352	-12.38	Cc1nc(Nc2ncc(-c3cncc(-c4ccc(C#N)cc4)c3)s2)cc(N2CCOCC2)n1
210	mol384	-12.81	Cc1ccccc1Nc1n[n+]2cc(-c3cccc(C(=O)NCc4cccc(C(=O)Nc5ccccc5)c4)c3)[nH]c2[nH]1
210	mol186	-12.06	COc1ccc(C(=O)Nc2ccc(C(=O)c3ccc(C(=O)Nc4cccc(C(=O)O)c4)s3)cc2)cc1
210	mol241	-12.03	Cc1cc(Nc2nc(OCCc3ccc(C(=O)Nc4ccccc4S(N)(=O)=O)cc3)ncc2Br)n(-c2cccc(C(N)N)c2)n1
210	mol390	-12.72	Cc1ccc(NC(=O)c2cccc(Cc3n[nH]c(=O)c4ccccc34)c2)cc1
210	mol222	-12.39	Cc1cc(Nc2nccc(Nc3cccc(Cl)c3)n2)cc(Nc2nc(N[C@H](C)c3ncc(F)cn3)ncc2F)c1
210	mol492	-12.3	Cc1c(-c2cncc(Nc3ccc(Oc4ncccc4N4CCCC4)cc3)n2)[nH]c(=O)c(N)c1C#N
210	mol24	-12.89	Cc1ccc(Oc2ccc(NC(=O)c3ccc(C(=O)c4ccccc4)cc3)cc2C(=O)O)c(C(N)=O)c1
210	mol379	-12.35	Nc1nc(NCc2cccc(C(=O)Nc3ccccc3)c2)cc(N2CCN(c3ccccc3)CC2)n1
210	mol7	-13.23	COc1cccc(-c2cccc(Nc3cccc(C(=O)Nc4ccc(S(=O)(=O)Nc5nccs5)cc4)n3)c2)c1
210	mol270	-12.54	Nc1ccc(C(=O)Nc2ccc(Oc3ccc(Nc4nccc(-c5ccccc5)n4)cc3)cc2)cc1
210	mol336	-12.13	Cc1cccc(Nc2ccc([N+](=O)[O-])cc2C(=O)NCc2ccc(C(=O)Nc3ccccc3N)cc2)c1
210	mol163	-12.28	Cc1ccc([C@@H](Nc2ccc3c(N)nccc3c2)C(=O)Nc2ccc(Oc3ccc4ccccc4c3)cc2)cc1
210	mol94	-12.16	Cc1cc(NC2CCCCC2)c2cc(C(=O)Nc3ccc(NC(=O)c4ccccc4)cc3)ccc2n1
210	mol14	-12.14	CN(c1ccc(-c2ccc(CN3C=N[C@@H](Cc4ccccc4)[C@@H](O)[C@H]3CCCO)cc2)cc1)S(=O)(=O)c1ccc(N)cc1
210	mol179	-12.14	CC(=O)Nc1nc2ccc(-c3cnc(NC(=O)c4ccc(C(C)(C)C)cc4)cc3Cl)cc2s1
210	mol313	-12.15	Cc1ccc(NC(=O)c2cccc(NC(=O)Nc3cccc(-c4cnc(N)cn4)c3)c2)cc1
210	mol335	-12.97	Nc1ncnc2c1c(Cc1cccc(NC(=O)Nc3cccc(C(F)(F)F)c3)c1)nn2C1CCCC1
210	mol207	-12.39	Cc1ncc(-c2cc(C(=O)Nc3ccc4n[nH]cc4c3)cnc2N)c[n+]1CC(=O)Nc1ccc(C(=O)O)cc1
210	mol12	-13.58	Cc1cccc(NC(=O)Nc2cccc(-c3cnn4ccccc34)c2)c1
210	mol387	-12.66	Cc1ccc(NC(=O)c2cccc(C(=O)O)c2)cc1Nc1ncnn2cc(C(=O)N[C@H](C)c3ccccc3)cc12
210	mol60	-13.14	Cc1cc(C(=O)O)ccc1NC(=O)c1ccc(-c2ccc(NC(=O)Nc3ccccc3)cc2)cc1
210	mol169	-12.61	Cc1ccc(S(=O)(=O)Nc2cccc(-c3cc4ccc(C#N)cc4[nH]3)c2F)cc1
210	mol445	-12.12	Cc1cc(NC(=O)c2cccc(Cn3cc(NC(=O)c4ccc(Oc5ccccc5)cc4)cn3)c2)ccn1
210	mol325	-12.48	Cc1ccc(Nc2cccc(-c3cccc(C(=O)NCc4cccc(C(=O)O)c4)c3)c2)cc1
210	mol59	-12.72	Cc1cncc(-c2cccc(Nc3ccc4nc(Nc5ccccc5F)c(N)nc4n3)c2)c1
210	mol159	-12.28	Cc1ccc(NC(=O)c2ccc(C[N@H+]3CC[N@H+](C)CC3)cc2)cc1Nc1nccc(-c2cccnc2)n1
210	mol22	-13.57	Cc1c(Nc2nccc(Nc3ccc4c(C(=O)Nc5ccccc5)n[nH]c4c3)n2)ccc(N(C)c2ccc(Cl)cn2)c1F
210	mol194	-12.48	Cc1nc(Nc2ncc(C(=O)Nc3ccc(Oc4ccccc4)cc3)s2)cc(N2CCN(S(=O)(=O)c3ccc(Cl)c(Cl)c3)CC2)n1
210	mol438	-12.31	Cc1cccc(C(=O)Nc2cc(/C=C/c3ccc(-c4ccccc4Cl)o3)cc(/C=C3/SC(=O)NC3=O)c2)c1
210	mol88	-13.02	Cc1nc2c(N3CCOCC3)ncc(-c3cccc(C(=O)NCc4cccc(C(F)(F)F)c4)c3)c2[nH]1
210	mol274	-12.06	CN(C(=O)c1ccc(Cl)s1)c1ccc(C(=O)Nc2cnn(Cc3ccc4n[nH]cc4c3)c2)cc1
210	mol450	-12.36	CC(=O)Nc1ccc(S(=O)(=O)Nc2ccc(Oc3ccc4ccccc4c3)cc2C#N)cc1
210	mol278	-12.16	Cc1ccc(-c2cnc(Nc3ccc(C(=O)Nc4ccc(C(=O)O)cc4)cc3)cc2-c2ccc(C(=O)O)cc2)cc1
210	mol157	-12.26	CC(=O)N(Cc1cc([N+](=O)[O-])ccc1F)c1ccc(-c2ccc(C(=O)O)cc2)cc1
210	mol266	-14.1	Cc1ccc(NC(=O)c2ccc(-c3ccc(C(=O)Nc4cccc(C(F)(F)F)c4)cc3)cc2)cc1NC(=O)c1cccc(-c2ccncc2)c1
210	mol78	-12.11	Cc1ccc(NC(=O)c2ccc(Nc3ccnc4ccc(N)cc34)cc2)cc1
210	mol326	-12.66	Cc1nc(Nc2ncc(C(=O)Nc3ccc(Oc4ccccc4)cc3)s2)sc1C(=O)Nc1ccc(Nc2ccnc(Nc3ccccc3)n2)cc1
210	mol415	-13.08	Cc1cc(NC(=O)Nc2ccc(-c3ccc(NC(=O)c4cccc(CO)c4)s3)cc2C(F)(F)F)on1
210	mol215	-12.27	Cc1ccc(C(=O)Nc2ccc(Oc3ccc(N(C(=O)C4CCCC4)[C@@H](Cc4ccccc4)[C@@H](O)C[NH3+])cc3)cc2)cc1
210	mol418	-12.64	Nc1nccc(-c2ccc(-c3ccccc3S(=O)(=O)Nc3ccc(Oc4ncccc4C4CC4)cn3)cc2)n1
210	mol54	-13.53	[H]/N=C(/N)c1cc2cc(-c3ccc(NC(=O)c4ccc(C(N)N)cc4)c(C)c3)ccc2s1
210	mol118	-12.51	O=C(O)c1ccc(Nc2ccnc(NCc3ccc(-c4nccnc4-c4ccccc4)cc3)n2)cc1
210	mol1	-12.17	Cc1cc2cc(NS(=O)(=O)c3ccc4ccccc4c3)ccc2n(C)c1=O
210	mol334	-13.26	Cc1ccc(C(=O)NO)cc1NC(=O)c1ccc(Nc2ccc3c(c2)C(=O)c2ccccc2C3=O)cc1
210	mol303	-13.0	Cc1ccc(Nc2ccc(C(=O)Nc3ccc(C(=O)c4cccc(C(=O)O)c4)cc3)cc2C(=O)O)cc1
210	mol444	-13.18	Cc1cc(Nc2nc(NCc3ccc(NS(O)(O)O)cc3)ncc2F)cc(C(=O)Nc2ccc3c(N)nccc3c2)c1
210	mol366	-12.92	Nc1ccc(C(=O)Nc2ccc(Oc3ccc(NC(=O)Nc4ccc(-c5cccnc5)cc4)cc3)cc2)cc1
210	mol95	-12.19	Cc1ccc(-c2ccc(C(=O)Nc3ccc(Oc4ccccc4)cc3Cl)cc2)o1
210	mol381	-12.63	Nc1ccc(-c2ccc3ccccc3c2)cc1NC(=O)c1ccc(C(=O)Oc2cccc(C(=O)O)c2)o1
210	mol457	-12.26	Nc1cc(-c2cccc(F)c2)cn2nc(Nc3ccc(N4CCCC4)cc3)nc12
210	mol180	-12.27	Nc1ccc(-c2ccccc2)cc1-c1ccc2nc(NCCc3ccccc3)[nH]c2c1
210	mol44	-13.21	Cc1ccc(-c2cc(C(F)(F)F)c(C(=O)Nc3ccc(C(=O)NC[C@@H](Cc4ccccc4)NC(=O)c4ccccc4)cc3)cn2)cc1
210	mol160	-12.34	Cc1cc(NC(=O)c2cccc(C#N)c2)ccc1OC1CCN(c2ccc(OCc3ccccc3)cc2)CC1
210	mol38	-12.84	Nc1cc(Nc2ccc(C(=O)NCc3cccc(Oc4cccc(F)c4)c3)cc2)nc(NC[C@H]([NH3+])Cc2ccccc2)n1
210	mol359	-12.57	CC(C)c1cc(-c2cccc(-c3cccc(C#N)c3)c2)cnc1NCC(=O)N1CCC(NC(=O)c2cccc(F)c2C(F)(F)F)CC1
210	mol474	-12.69	Oc1ccc(CC/C=C\c2ccc(-c3ccccc3/C=C\c3ccc(NCc4ccccc4)cc3)c3ccccc23)cc1
210	mol394	-12.52	Cc1cnc(Nc2ncc(C(=O)Nc3ccc(C(=O)Nc4ccc(C(=O)O)cc4)cc3)s2)cc1Nc1ncnc2[nH]ccc12
210	mol117	-13.29	c1ccc(-c2ccc(CNc3ccc(-c4cccc(-c5ccc(CNC6CC[NH2+]CC6)cc5)c4)cc3)cc2)cc1
210	mol11	-12.76	C[C@@H](c1ccc(C(F)(F)F)cc1)n1nc(Cc2cccc3ccccc23)nc1O
210	mol182	-12.19	Cc1ccc(NC(=O)c2c(F)cccc2OCc2ccccc2)cc1-c1cccc(COc2ccc(C(=O)O)c(C(=O)O)c2)n1
210	mol351	-13.09	CC(=O)Nc1ccc(C(=O)Nc2ccc(Oc3ccc(C(=O)O)cc3)cc2C(=O)O)c(O)c1
210	mol388	-13.33	Cc1cc(C)cc(Nc2nccc(-c3cccc(Nc4cccc(C(=O)O)c4)c3)n2)c1
210	mol150	-12.22	c1ccc(-c2cccc(Nc3cc(-c4ccccc4)n[nH]3)c2)cc1
210	mol331	-12.2	Cc1oc(-c2cccc(Cl)c2)nc1C/C=C/c1ccc(-c2cccc(C(=O)O)c2)cc1
210	mol395	-12.11	Cc1ccnc2ccc(NC(=O)c3ccc4c(N)nccc4c3)cc12
210	mol161	-12.68	Nc1cc(-c2ccc(NC(=O)Nc3cccc(C(=O)Oc4ccccc4)c3)cc2)ccc1C(=O)O
210	mol173	-13.19	Cc1cc(/N=C/c2cc3c([nH]2)CCNC3=O)ccc1NC(=O)c1cccc(C(F)(F)F)c1
210	mol413	-12.9	Cc1ccc2cc(C(=O)Nc3cccc(Oc4cccc([N+](=O)[O-])c4)c3)ccc2c1
210	mol0	-12.57	Cc1ccc(C(=O)Nc2cccc(Oc3ccc(NC(=O)c4ccccc4Cl)cc3)c2)cc1
210	mol27	-12.38	Nc1nc(NCc2cccc(-c3ccc4ccccc4c3)c2)c2nc[nH]c2n1
210	mol30	-12.74	Cc1cc(NC(=O)c2cccc(C#N)c2)ccc1NC(=O)c1ccc(CN(CC2CCCCC2)c2ccc(NC(=O)c3ccc4ccccc4n3)cc2)o1
210	mol205	-12.27	Cc1ccc(NC(=O)c2ccc(N3CCc4[nH]nc(Nc5ccc(F)cc5)c4C3)cc2)cc1
210	mol235	-12.34	Cc1cccc(-n2cc(-c3cc(CNc4ccc(C(=O)O)c(C(F)(F)F)c4)ccc3N)nn2)c1
210	mol462	-12.51	Cc1cc(Nc2ncc(C(=O)c3c(F)cccc3Br)s2)ccc1-c1nc(NC2CC2)cc(N2CCNS(=O)(=O)C2)n1
210	mol131	-12.13	Cc1cc(C)c(S(=O)(=O)Nc2ccc(Oc3ccccc3)cc2C(=O)O)c(C(=O)O)c1
210	mol472	-12.29	O=C(Nc1ccccc1)c1cccc(-c2cc(-c3ccccc3)n[nH]2)c1
210	mol151	-12.73	Cc1ccc(NC(=O)Nc2ccc(Oc3ccc(NC(=O)c4cccc(C(=O)O)c4)cc3)cc2)cc1
210	mol74	-12.03	Cc1ccc(C(=O)NC2CC2)cc1NC(=O)c1ccc(-c2cc(C(N)N)ccc2-c2cnc3ccccc3n2)cc1
210	mol98	-12.12	CN(CCc1c[nH]c2ccccc12)C(=O)Cc1ccc(Nc2nc(Nc3ccc(C(=O)NCCO)cc3)nc3ccsc23)cc1
210	mol23	-12.61	CN(NC(=O)c1ccc(CCNc2ccnc3ccc(N(Cc4ccccc4)C(=O)c4ccccc4)cc23)cc1)C(=O)c1ccc(Oc2ccccc2)cc1
210	mol464	-12.26	CN(Cc1ccc(C(=O)NO)cc1)C(=O)c1ccc(Nc2nccc(Nc3ccccc3)n2)cc1
210	mol58	-12.03	C[C@@H](Nc1nccc(Nc2cccc(OCc3cccc(C(=O)Nc4cccc(C(F)(F)F)c4)c3)c2)n1)C(C)(C)C
210	mol460	-12.52	Cc1ccc(-c2ccc3c(c2)CN(c2cccc(C(=O)O)c2)C3=O)cc1
210	mol176	-12.87	Cc1c(C(=O)Nc2ccc(Oc3ccc4ccccc4n3)cc2)oc2ccc(S(=O)(=O)N(Cc3ccccc3)c3ccccc3)cc12
210	mol85	-12.72	CN(c1ccc(C(=O)NO)cc1)S(=O)(=O)c1ccc(Nc2cccc(Nc3ccc(Cl)cc3)n2)cc1
220	mol284	-13.42	Cc1cc(Nc2ncc(C(=O)Nc3cccc(C(F)(F)F)c3)s2)ccc1-c1nc(Nc2cccc(S(N)(=O)=O)c2)ncc1Br
220	mol400	-12.03	Cc1ccc(-c2csc(NC(=O)c3ccc(-c4ccccc4)cc3)c2C#N)cc1
220	mol428	-12.1	CC(C)[C@H](NS(=O)(=O)c1ccc(-c2ccc(C[C@H](NC(=O)OCc3ccccc3)C(=O)O)cc2)o1)C(=O)O
220	mol423	-13.02	Cc1ccc(C(=O)Nc2ccc(C[N@H+]3CC[N@H+](C)CC3)c(C(F)(F)F)c2)cc1C#Cc1cnc(N)c(C(=O)c2ccccc2)c1
220	mol92	-12.03	Nc1ccc(-c2cccnc2)cc1NC(=O)c1ccc(-c2ccccc2Cl)o1
220	mol301	-12.16	Cc1cc(=O)oc2cc(Oc3ccc(NC(=O)c4ccc(Cl)cc4)cc3)ccc12
220	mol35	-12.01	CN(Cc1ccc(C(=O)O)cc1)C(=O)COc1cccc(-c2cccc(C(O)(c3ccccc3)c3ccccc3)c2)c1
220	mol390	-12.76	Cc1ccc(Oc2ccc(Nc3nc(-c4cccc(-c5ccc(C(F)(F)F)cc5)c4)ccc3C#N)cc2)cc1
220	mol255	-13.32	Cc1ccc(NC(=O)c2cccc(-c3ccc(NC(=O)c4cc(Cl)ccc4-c4[nH]ncc4Sc4ccccc4)cc3)c2)cc1
220	mol365	-13.22	Cc1c(Cl)cccc1-c1cc(NC(=O)c2cccc(Nc3nc4c(F)c(F)ccc4[nH]3)c2)ccn1
220	mol492	-12.64	Nc1nccc(-c2cc(Oc3ccc(NC(=O)Nc4ccc(Cl)cc4)c(Cl)c3)cn2CC(=O)N2CC(c3ccc(F)cc3)C2)n1
220	mol473	-12.08	CC(=O)Nc1cc(NC(=O)c2ccc(C(=O)Nc3cccc(C#N)c3)cc2)ccc1Sc1ccc(Cl)cc1
220	mol276	-12.36	Nc1nc(Nc2cccc(S(N)(=O)=O)c2)sc1C(=O)c1cccc(Oc2ccccc2)c1
220	mol163	-13.32	Cc1cccc(Nc2nccc(-c3cccc(-c4ccccc4)c3N)n2)c1
220	mol94	-13.95	CN(Cc1cnc2nc(N)nc(N)c2n1)c1ccc(NC(=O)c2cccc(-c3cccc(C(=O)O)c3)c2)cc1
220	mol199	-13.54	Cc1noc(C)c1C1CCN(c2ncc(-c3ccc(C(=O)Nc4cccc(C(=O)Nc5ccccc5C#N)c4)cc3F)cn2)CC1
220	mol179	-12.08	Cc1cc(Oc2ccc(-c3ncc(C(=O)Nc4cccc(C(F)(F)F)c4)s3)cc2)ccc1NS(=O)(=O)Cc1ccccc1
220	mol132	-12.29	Cc1ccc(Nc2nccc(Nc3cccc4ccccc34)n2)cc1
220	mol207	-12.44	Cc1ccc(C(=O)Nc2ccon2)cc1NC(=O)c1ccc(-c2ccc(C(=O)O)cc2)o1
220	mol281	-12.13	CC(=O)Nc1cc(-c2ccc(C(=O)c3cccc(-c4cncc(Cl)c4)c3)o2)cnc1N
220	mol407	-12.41	Cc1ccc(C(=O)Nc2ccc(C(=O)Nc3ccc(-c4ccc(C(=O)O)o4)cc3)cc2N)cc1
220	mol169	-12.32	Cc1ccc(Nc2nccc(-c3cccnc3Nc3ccc4[nH]c(=O)c5cc(C(=O)N[C@H](CCC(=O)O)C(=O)O)ccc5c4c3)n2)cc1
220	mol327	-13.17	Cc1cc(NC(=O)Nc2cccc(C(F)(F)F)c2)cc(C2=NO[C@H](c3ccc(-c4cccc(C#N)c4)cc3Cl)C2)c1
220	mol16	-12.88	Cc1c(F)cc(-c2ccc(S(=O)(=O)Nc3ccc(C(=O)O)cn3)cc2)cc1Oc1nc2cc(C(N)=O)ccc2o1
220	mol197	-13.4	Cc1c(C(=O)Nc2cccc(C(=O)Nc3ccc(C(=O)NCc4ccccc4Cl)cc3)c2)oc2cccc(OCc3ccccc3)c12
220	mol5	-12.62	Cc1ccc(NC(=O)c2cccc(NC(=O)c3cccc(C(=O)Nc4ccc(-c5nn[nH]n5)cc4)c3)c2)cc1
220	mol49	-12.53	Cc1cc(-c2ccc(C(=O)Nc3cccc4ccccc34)cc2F)ccc1F
220	mol449	-12.31	Cc1ccc(NC(=O)c2ccc(-c3cccc4c3OCO4)cc2)cc1
220	mol185	-12.65	Cc1ccc(NC(=O)c2ccc(C[N@H+]3CC[N@@H+](C)CC3)cc2)cc1Nc1ncnn2cc(C(=O)Nc3ccccc3)cc12
220	mol288	-12.02	Cc1ccc(C(=O)Nc2ccc(Oc3ccc(NC(=O)c4ccccc4)cc3)cc2)cc1
220	mol253	-12.29	COc1cc(N2CCc3cc(OCCc4ccccc4)ccc3C2=O)ccc1Nc1ncc(Cl)c(Nc2ccccc2S(=O)(=O)C(C)C)n1
220	mol434	-12.33	Cc1cc2c(cc1NC(=O)c1cccc(Nc3nccc(Nc4cc(NC(C)(C)C)ccn4)n3)c1)OCCO2
220	mol96	-12.38	Cc1cc(Nc2cc(Nc3ccn(C)n3)ncn2)ccc1S(=O)(=O)Nc1ccc(Oc2cccc(C(=O)O)c2)nc1
220	mol310	-12.43	O=c1nc(-c2ccccc2)oc2nc(Nc3ccc(N4CCOCC4)cc3)ncc12
220	mol157	-12.3	Cc1cccc(-n2nc(C(C)(C)C)cc2NC(=O)Nc2ccc(OCCOc3ccc4ccncc4c3)cc2)c1
220	mol78	-13.3	Cc1cccc(Nc2nccc(-c3cccc(-c4ccccc4Cl)c3)n2)c1
220	mol228	-12.58	Cc1cnc(Nc2cccc(C(=O)Nc3ccc(C[NH+]4CCOCC4)cc3)c2)cc1Nc1nccc(-c2cccnc2)n1
220	mol415	-13.18	Cc1cc(NC(=O)c2ccc(C#N)cc2)ccc1Nc1nccc(-c2c[nH]c3ncccc23)n1
220	mol398	-12.27	Cc1ccc(NC(=O)c2ccc(C[N@H+]3CC[N@H+](C)CC3)cc2)cc1Nc1nccc(-c2cccnc2)n1
220	mol63	-12.69	Cc1ccc(NC(=O)c2ccc(C[N@H+]3CC[N@@H+](C)CC3)cc2)cc1-c1ccc(NC(=O)Nc2cccc([N+](=O)[O-])c2)cc1
220	mol217	-12.06	CC(=O)Nc1cccc(Nc2nccc(-c3c[nH]c4ccccc34)n2)c1
220	mol101	-12.2	Cc1ccc(Oc2cc(Cl)ccc2-c2nc(-c3ccc(C(=O)NCc4ccccc4)cc3)c(CO)o2)cc1
220	mol308	-12.44	N#Cc1ccc(NC(=O)c2cccc(NC(=O)Nc3ccc(S(=O)(=O)NCc4ccccc4)cc3)c2)c(N)c1N
220	mol275	-12.66	CN(CCOc1ccc(-c2cc(=O)c3cccc(C(=O)O)c3o2)cc1)Cc1ccc(-c2ccccc2)cc1
220	mol333	-12.34	Nc1cc(-c2ccc(C(=O)O)cc2)cn(Cc2ccc(-c3ccccc3)cc2)c1=O
220	mol72	-12.07	Cc1ccc(-c2ccc(S(=O)(=O)NC[C@@H]3O[C@H](n4ccc(=O)[nH]c4=O)CC[C@@H]3O)cc2)cc1
220	mol286	-13.0	Cc1c(-c2ccc(C(=O)NCc3cccc(C(=O)Nc4ccc(C(=O)O)o4)c3)o2)oc2cccc(OC3CC[NH2+]CC3)c12
220	mol303	-12.94	Cc1ccc(C(=O)Nc2cc(C(F)(F)F)ccc2N2CCCCC2)cc1NC(=O)c1cnc(-c2ccccc2Cl)s1
220	mol293	-12.58	Cc1cccc(-n2nc(C(=O)NCc3ccc(S(N)(=O)=O)cc3)cc2-c2ccc(NC(=O)Nc3ccccc3)cc2)c1
220	mol381	-12.3	Cc1ccc(C(=O)Nc2ccc(C[N@H+]3CC[N@@H+](C)CC3)c(C(F)(F)F)c2)cc1C#Cc1ccc2ncccc2c1
220	mol164	-12.89	CN(C(=O)c1ccc(-c2ccccn2)cc1)c1ccc(Nc2ncc3cc(-c4ccccc4)n(C[C@@H](O)c4ccccc4)c3n2)cc1
220	mol457	-12.92	Cc1cc(C[NH3+])cc(C(=O)Nc2nc3ccc(-c4ccccc4)cc3s2)c1
220	mol77	-12.45	[NH3+][C@@H](c1ccc(Cl)cc1)c1ccc(-c2nc(=O)c3ccccc3[nH]2)cc1
220	mol411	-12.55	Cc1cc(Nc2nc(N[C@@H](C)c3ncc(F)cn3)ncc2F)cc(-c2ccc(C(=O)Nc3nn(CC(F)(F)F)cc3-c3cnc(N)cn3)cc2)c1
220	mol133	-12.01	Cc1ccccc1NS(=O)(=O)c1ccc(NC(=O)Nc2ccc3ncccc3c2)cc1
220	mol351	-12.06	Cc1cc(NS(=O)(=O)c2ccc(NC(=O)c3ccc4ccccc4n3)cc2)ccc1O
220	mol184	-12.19	Cc1ccc(NC(=O)c2ccc(Cc3nc4ccccc4o3)cc2)cc1NS(=O)(=O)c1cccc(Cl)c1
220	mol211	-12.52	CN(c1ccc(NC(=O)Nc2ccc(Oc3ccc(Nc4nccc(C(F)(F)F)n4)cc3)cc2)cc1)S(C)(=O)=O
220	mol417	-12.06	O=C(Nc1ccccc1)c1ccc(Nc2nc(Nc3ccc(C(F)(F)F)cc3)nc(Nc3cccc(N4CCOCC4)c3)n2)cc1
220	mol496	-12.52	Nc1cc(C(=O)Nc2ccc(F)c(Nc3ccc4ccccc4n3)c2)cc(N2CCOCC2)c1
220	mol173	-12.94	Nc1ncnc2c1c(Cc1cccc(NC(=O)Nc3cccc(C(F)(F)F)c3)c1)nn2C1CCCC1
220	mol154	-13.4	Cc1cc(C(=O)Nc2ccc(F)c(C(F)(F)F)c2)ccc1Nc1ccnc(-c2cc(C(=O)Nc3cccc(C(F)(F)F)c3)on2)n1
220	mol0	-12.44	Nc1cc(Oc2ccc(N[C@@H](N)NS(=O)(=O)c3ccc(C(=O)O)cc3Cl)cc2C(=O)O)ccc1O
220	mol122	-13.58	Nc1cccc(-c2cccc(-c3ccc(NC(=O)c4cccc(C(F)(F)F)c4)cc3)c2)c1
220	mol87	-12.04	Cc1cc(=O)oc2cc(NC(=O)c3ccc(C(=O)Nc4cc(C(=O)NCc5ccccc5)ccc4F)cc3)c(OCC[NH+](C)C)cc12
220	mol202	-12.27	Cc1ccc(C(=O)Nc2ccc(Oc3cccc(C(=O)O)c3)cc2C(=O)O)cc1
220	mol497	-12.1	Cc1ccc(C(=O)Nc2ccc(C(=O)Nc3cccc(B(O)O)c3)cc2)cc1
220	mol158	-12.24	Cn1c(Nc2cccc(C(F)(F)F)c2)nc2cc(C(=O)Nc3cc(C(=O)N[C@H](CCc4ccccc4)C(=O)O)ccn3)ccc21
230	mol25	-12.82	Cc1nn(-c2cccc(-c3nc4ccccc4c(=O)[nH]3)c2)cc1C[N@H+]1C[C@H](O)[C@@H](O)[C@@H](O)C1
230	mol225	-12.26	Cc1ccc(Oc2ccc(NC(=O)c3cccc(C(=O)N[C@@H](C(=O)O)c4ccccc4)c3)cc2)cc1
230	mol10	-12.13	Cc1ccc(-n2nc(C(=O)OCC(=O)Nc3ccc4ccccc4c3)cc2NC(=O)c2ccc3ccccc3n2)cc1
230	mol302	-12.07	Cc1ccc(Nc2cc(Nc3cccc(C(=O)N[C@@H](Cc4ccc(Cl)cc4)C(=O)O)c3)ncn2)cc1
230	mol346	-12.09	CC(=O)Nc1ccc(-c2ccc(C(=O)O)cc2-c2ccc(-c3cccc4ccccc34)cc2)cc1
230	mol165	-12.79	Cc1cccc(C(=O)Nc2ccc(Oc3ccc4ccccc4n3)cc2)c1
230	mol99	-13.01	Cc1ccc(-c2cccc(C(=O)Nc3cccc(-c4cccc(C(=O)O)c4)c3)c2)cc1
230	mol481	-12.88	Cc1cc(-c2cccnc2)ccc1NC(=O)c1ccc(NC(=O)N2C[C@H](c3ccccc3)[N@H+](C(C)(C)C)C2)cc1
230	mol347	-13.07	Cc1cc(NC(=O)c2ccc(C(F)(F)F)o2)ccc1-n1cc(-c2cnc(Nc3ccc(N4CC[NH+](C)CC4)cn3)s2)cn1
230	mol408	-12.72	Cc1ccc(-c2cc(C(=O)Nc3ccc(Oc4ccnc(Nc5ccccc5)n4)cc3)on2)cc1
230	mol81	-12.48	Cc1cccc(C(=O)Nc2ccc(CCNc3ccnc4cc(NC(=O)c5ccccc5)ccc34)cc2)c1
230	mol106	-12.11	Nc1[nH]c(=O)c2[nH]c(SCC(=O)c3ccc(NC(=O)Nc4ccccc4Cl)cc3)nc2[nH+]1
230	mol473	-12.14	Cc1ccc(-c2cc(Nc3ccc(C(=O)N[C@H](CC(=O)O)C(=O)O)cc3)ccn2)cc1
230	mol414	-13.43	Cc1cccc(-c2cc(C(N)=O)cc(C(=O)Nc3ccc(Nc4nccc(Nc5ccccc5)n4)cc3)c2)c1
230	mol149	-12.93	CC(=O)N[C@H](Cc1cccc(-c2cccc(-c3nc4ccccc4o3)c2)c1)C(=O)N[C@@H]1CC[N@H+](CC(=O)N2CCOCC2)C1
230	mol467	-12.17	C[C@@H](NC(=O)c1ccc(C#N)cc1)c1ccc(Nc2nccc(-c3cccc(Oc4ccccc4)c3)n2)cc1
230	mol319	-13.52	Clc1cccc(Cl)c1-c1ccc2c(Nc3ccc(-c4cn[nH]c4-c4ccccc4)cc3)ccnc2c1
230	mol276	-13.91	FC(F)(F)[C@@H]1CNC(c2ccc(-c3cccc(Nc4nccc(-c5ccccc5)n4)c3)cc2)=N1
230	mol67	-13.7	Cc1cc2cc(NC(=O)c3ccc4c(c3)C(=O)c3ccccc3C4=O)ccc2[nH]c1=O
230	mol385	-13.91	Cc1ccc(NC(=O)c2cc(F)cc(N3CCC(F)(F)CC3)c2)cc1Nc1ncnn2cc(C(=O)c3ccccc3)cc2c1=O
230	mol14	-12.82	N#Cc1ccc(-c2cc(CNc3cccnc3N)nc(-c3cccc(CCc4nc(Nc5cccc(C(=O)NC6CCCC6)c5)sc4C(F)(F)F)c3)c2)cc1
230	mol53	-12.69	Cc1cccc(C(=O)Nc2cccc(-c3nc(Nc4ccc(Oc5ccccc5)cc4)c4ccccc4n3)c2)c1
230	mol236	-12.27	Cc1ccc(NC(=O)c2ccc(C[N@H+]3CC[N@H+](C)CC3)cc2)cc1Nc1nccc(-c2cccnc2)n1
230	mol295	-12.45	Cc1ccc(Nc2ncc(C(=O)Nc3ccc4ncccc4c3)c3ccccc23)cc1
230	mol61	-12.86	Cc1ccc(NC(=O)c2cccc(C(F)(F)F)c2)cc1Nc1ncnc2cnc(Nc3ccc(N4CCN(C(=O)/C=C/c5ccccc5)CC4)cc3)nc12
230	mol325	-12.14	Cc1ccc(NC(=O)c2ccc(-c3nnc(NC(=O)c4ccccc4Cl)s3)cc2)cc1
230	mol159	-12.72	Cc1cccc(C(=O)Nc2ccc(Oc3ccc4ncccc4c3)cc2)c1
230	mol197	-12.96	Cc1nn(C2CCCCCC2)c2cc(N(Cc3cccc(-c4cccnc4)c3)C(=O)c3cccc(C(=O)Nc4cccc(C(F)(F)F)c4)c3)ccc12
230	mol168	-12.02	Nc1ncc(-c2ccc(-c3ccc4ncccc4c3)cc2)c(O[C@H]2C[C@H](O)[C@H](CO)O2)n1
230	mol350	-13.46	Cc1cc(OCc2cccc(-c3cccc(-c4ccncc4)c3)c2)cc(C2=C[C@H](Cc3ccc(F)cc3)CC(=O)N2)n1
230	mol297	-13.66	O=C(NCc1ccc(-c2ccc(-c3nc4cc(Cl)ccc4[nH]3)cc2)cc1)c1ccc(C#Cc2ccc(-c3ccccc3)cc2)s1
230	mol412	-13.54	Cc1ccccc1NC(=O)c1ccc(NC(=O)c2ccc(Nc3nccc(Nc4ccccc4)n3)cc2)cc1
230	mol19	-13.83	Cc1ccc(-c2ocnc2C(=O)Nc2ccc(Nc3ccnc4cc(-c5ccccc5)ccc34)cc2)cc1
230	mol185	-12.59	Cc1cc(NC(=O)c2ccc(COC(=O)c3ccc(N4C(=O)c5ccccc5C4=O)cc3)o2)ccc1F
230	mol253	-12.28	Nc1nc(Nc2cccc3ccccc23)cc(N[C@@H]2CC(F)(F)C[C@@H]2C(=O)Nc2ccc(C(=O)O)cc2)n1
230	mol410	-12.14	Cc1ccc(C(=O)Nc2ccc(C[N@H+]3CC[N@@H+](C)CC3)c(C(F)(F)F)c2)cc1Nc1nccc2ccccc12
230	mol490	-12.23	Cc1ccc(-n2nc(C(=O)Nc3ccc(S(=O)(=O)NCc4ccccc4)cc3)cc2NC(=O)Nc2cccc(F)c2)cc1
230	mol157	-12.08	Nc1nccc(-c2cccc(C(=O)Nc3ccc4ccccc4c3)c2)n1
230	mol285	-12.25	Cc1ccc(C(=O)Nc2cc(C(F)(F)F)ccc2N2CCOCC2)cc1NC(=O)c1cnn(-c2ccccc2Cl)c1
230	mol228	-13.14	Cc1cccc(-c2cc(NC(=O)Nc3ccc(Cl)c(C(F)(F)F)c3)ccc2C)c1
230	mol215	-12.52	Cc1cccc(Nc2nccc(-c3cccc4ccccc34)n2)c1
230	mol213	-12.53	Nc1ccc(-c2ccccc2)cc1-c1nc2ccc(C(=O)NCc3ccc(C(=O)O)c(C(F)(F)F)c3)cc2[nH]1
230	mol330	-12.36	Cc1ccc(NC(=O)c2ccc(C[N@H+]3CC[N@H+](C)CC3)cc2)cc1Nc1nccc(-c2cnc(Nc3ccccc3)s2)n1
230	mol418	-12.45	Cc1ccc(NC(=O)c2ccc(CS(=O)(=O)c3ccccc3C(F)(F)F)o2)cc1NC(=O)c1cccnc1
230	mol341	-12.83	COc1cc(-c2cnc(NC(=O)c3ccc4c(c3)CCNC4=O)s2)ccc1C(=O)N1CCCC1
230	mol491	-12.09	Cc1ccc(N2C[C@@H](C(=O)NCc3ccc(C(N)N)cc3)NC2=O)cc1NC(=O)c1ccccc1C(F)(F)F
230	mol480	-12.86	Cc1ccc(C(=O)Nc2cc(NC(=O)c3ccc(NC(=O)c4ccccc4)s3)cc(C(F)(F)F)c2)cc1
230	mol166	-12.35	Cc1nc(Nc2nccc(-c3c[nH]c4ccccc34)n2)cc(NCc2ccccc2)c1F
230	mol489	-12.2	CN(c1ccc(NC(=O)c2ccccc2)cc1)c1nccc(Nc2nc(N[C@H]3CC[C@H](O)CC3)c3[nH]ccc3n2)n1
230	mol171	-12.69	[H][P@TB2](O)(O)(O)OC(=O)c1ccc(C)c(NC(=O)c2ccc(Nc3ccc4c(c3)Cc3ccccc3-4)cc2)c1
230	mol160	-12.39	Nc1ccc(-c2ccccc2)cc1-c1ccc(Cc2sc(Nc3ccc(C(N)N)cc3)nc2C(F)(F)F)o1
230	mol117	-12.41	c1ccc2c(CCOc3ccc(-c4ccc5n[nH]cc5c4)cc3)c[nH]c2c1
230	mol174	-12.86	Cc1ccc(C(=O)Nc2cc(C(C)(C)C)on2)cc1NC(=O)c1cnc(-c2ccccc2O)cn1
230	mol294	-13.08	Cc1ccc(NC(=O)c2cccc(C(F)(F)F)c2)cc1Nc1ncnn2cc(C(=O)Nc3ccc(N(C)C(=O)Nc4cccc(C(F)(F)F)c4)cc3)cc12
230	mol411	-13.07	Cc1cc(-c2cccc(-c3cccc(NC(=O)Nc4cccc(C(F)(F)F)c4)c3)c2)[nH]n1
230	mol208	-13.04	Cc1ccc(-c2ccc(=O)n(Cc3ccc(-c4cccc(C(=O)O)c4)s3)c2)cc1
230	mol376	-13.48	Cc1ccc(C(=O)Nc2cccc(-c3ccc4nc(NC(=O)Nc5ccccc5)sc4n3)c2)s1
230	mol420	-12.71	Cc1ccc(NC(=O)c2cccc(C(F)(F)F)c2)cc1Nc1ncnn2cc(C(=O)c3cccc(C#N)c3)cc12
230	mol173	-13.06	Cc1ccc(C(=O)Nc2cccc(C(F)(F)F)c2)cc1-c1ccc2cnc(Nc3ccc(N4CCOCC4)cc3)nc2c1
230	mol406	-12.49	Cc1ccc(C(=O)Nc2cccc(C(F)(F)F)c2)cc1NC(=O)c1ccc2ccccc2n1
230	mol456	-12.64	Cc1c(F)cccc1NC(=O)c1ccc(Nc2ncc(F)c(Nc3ccc(Oc4ccccc4)cc3)n2)cc1
230	mol369	-12.11	Cc1ccc2[nH]c(C(=O)N[C@H]3CCCC[C@H]3Cc3ccc(NC(=O)c4ccc(-c5ccccc5C)o4)cc3)nc2n1
230	mol392	-12.06	Cc1nc(Nc2ncc(C(=O)Nc3cccc4ccccc34)s2)cc(N2CC[NH+](CC(=O)Nc3ccccc3C(=O)O)CC2)n1
230	mol170	-12.78	Cc1ccc(C(=O)Nc2ccc(C[N@H+]3CC[N@H+](C)CC3)c(C(F)(F)F)c2)cc1Nc1nccc(-c2cccnc2)n1
230	mol205	-12.45	O=C(O)c1ccc(NC(=O)c2cccc(-c3csc(Nc4ccccc4)n3)c2)c(C[NH+]2CCCC2)c1
230	mol107	-12.07	Cc1ccc(C(=O)Nc2cccc(Cn3cc(C(=O)NCc4cccc(C(=O)O)c4)cn3)c2)cc1
230	mol462	-12.67	COc1cc(-c2ccc(Nc3nccc(-c4cccc(C(=O)Nc5ccc(C(F)(F)F)cc5)c4)n3)cc2)cc(OC)c1OC
230	mol368	-12.18	Cc1ccc(NS(=O)(=O)c2ccc(-c3cccc(C(=O)O)c3)cc2)cc1C
230	mol436	-12.26	Nc1ncnc2c1c(Cc1cccc(Oc3ccccc3)c1)cn2CC(=O)Nc1cccc(C(F)(F)F)c1
230	mol79	-12.37	Cc1cccc2ccc(Oc3ccc(C(=O)NC4CCN(C(=O)c5ccccc5O)CC4)cc3)cc12
230	mol71	-12.3	Cc1ccccc1-c1c[n+](Cc2cccc(C[C@@H](NC(=O)c3ccccc3)C(=O)O)c2)c2ccccc2n1
230	mol202	-12.9	Cc1cc(Nc2cc(C(F)(F)F)ccn2)nc(-c2cc(Oc3cccc(NC(=O)Cc4ccccc4)c3)ccn2)c1
230	mol41	-12.33	Cc1cccc(C(=O)Nc2ccc(Oc3ccc(NC(=O)Nc4ccc(F)cc4)cc3)cc2)c1
230	mol123	-12.15	Cc1ccc(NC(=O)c2cccc(Nc3cccc(C(=O)Nc4nccs4)c3)c2)cc1
230	mol497	-12.45	Cc1cc(Oc2cnc(NC(=O)c3cc(F)cc(C(F)(F)F)c3)s2)cc(-c2cnc3[nH]ccc3n2)n1
240	mol346	-12.27	CC(=O)Nc1ccc2c(Nc3cccc4ccccc34)ncnc2c1
240	mol391	-12.83	Cc1ccc(C(=O)Nc2ccc(Oc3ccc4ccccc4c3)cc2)cc1
240	mol273	-12.96	Cc1ccc(-c2cccc(-c3ccc(C(=O)Nc4cccc(C(=O)O)c4CO)c(C)c3)c2)cc1
240	mol156	-12.8	Cc1ccc(C(=O)Nc2ccc(C[N@H+]3CC[N@H+](C)CC3)c(C(F)(F)F)c2)cc1Nc1nccc(-c2cccnc2)n1
240	mol481	-12.14	Cc1ccc(NC(=O)Nc2ccc(Nc3ncc4cc(C(=O)NCC(=O)N(C)C)sc4n3)cc2)cc1
240	mol84	-12.64	Cc1ccc(C(=O)O)cc1NC(=O)c1cccc(Nc2cc(Nc3ccc(C(=O)O)cc3)ncn2)c1
240	mol6	-12.09	Cc1cc(-c2cccc(NS(=O)(=O)c3ccc(Nc4ccnc(NCC[NH+]5CCCCC5)n4)cc3)c2)on1
240	mol352	-13.23	Cc1c(COc2cccc(-c3cccc4cc[nH]c34)c2)ccc2c(C#N)ccnc12
240	mol367	-12.08	Cc1noc(NS(=O)(=O)c2cccc(-c3cccc(NS(=O)(=O)c4ccccc4)c3)c2)c1C
240	mol255	-12.93	Cc1ccccc1Nc1nccc(-c2cccnc2Oc2ccc(NC(=O)Nc3cccc(C(F)(F)F)c3)cc2)n1
240	mol492	-14.52	Cc1ccc(C(=O)Nc2ccc(F)c(C(F)(F)F)c2)cc1-c1nc2cc(-c3ccc(C(=O)O)cc3)ccc2[nH]1
240	mol7	-12.96	CC(=O)Nc1ccc(NC(=O)c2cccc(Nc3nccc(Nc4cccc(C(=O)Nc5ccccc5)c4)n3)c2)cc1
240	mol380	-12.2	Cc1cc(NC(=O)Nc2ccc(C(=O)Nc3ccccc3)cc2)cc(N2CCCCC2)c1
240	mol385	-12.22	Cc1ccc(Nc2cc(C(=O)O)cc(-c3cccc(-c4ccccc4Sc4ccccc4)c3)n2)cc1
240	mol349	-12.38	[H]/N=C/c1[nH]c(-c2cccc(C(=O)Nc3ccc(SC4CCCC4)cc3)c2)c(C)c1C(=O)Nc1ccc(C#N)cc1
240	mol321	-12.38	CCc1cc(Nc2nccc(Nc3ccc4[nH]ccc4c3)n2)cc(Nc2nccc(-c3ccccn3)n2)c1
240	mol267	-12.21	Cc1cc(Nc2cc(C(F)(F)F)cc(C(F)(F)F)c2)nn1-c1ccc(NC(=O)c2cccnc2)cc1
240	mol387	-12.32	Cc1ccc(-c2ccc(Oc3ccc([C@H]4CC(=O)C(Br)=C(N)C4)cc3)cc2)cc1
240	mol383	-12.17	Cc1ccc(-c2cccc(C(=O)Nc3cccc(C(=O)NCc4ccccc4)c3)c2)cc1
240	mol60	-12.74	Cc1cc(Nc2cccc(C(=O)O)c2)n(-c2ccc(NC(=O)c3ccc(-c4ncccc4Cl)cc3)cc2)n1
240	mol327	-12.16	CS(=O)(=O)Nc1ccc(-c2ccc(NC(=O)Nc3ccccc3C(=O)O)cc2)cc1S(N)(=O)=O
240	mol111	-13.11	Cc1nc(Nc2ccccc2)nc(N[C@@H]2C[C@H]3CC[C@@H](C2)N3S(=O)(=O)c2cccc(NC(=O)Nc3cccc(Cl)c3)c2)n1
240	mol136	-12.85	CN(C)C(=O)C1=C[C@H](c2ccc(OC(F)F)c(F)c2)C[C@H](c2cccc(NS(=O)(=O)c3cccc4ccccc34)c2)C1
240	mol340	-14.02	Cc1cccc(-n2nc(C(=O)N3CCC(c4ccccc4C(F)(F)F)CC3)cc2NC(=O)Nc2ccc(NC(=O)c3cc(F)cc(F)c3)cc2)c1
240	mol300	-12.05	Cc1cc(NS(=O)(=O)c2ccccc2Cl)ccc1NC(=O)c1cccc(Nc2ccccc2)c1
240	mol168	-12.28	Cc1ccc(C(=O)Nc2ccc(Oc3ccc(NC(=O)C4CCCCC4)cc3)cc2)cc1
240	mol49	-12.15	CS(=O)(=O)c1ccccc1-c1ccc(Nc2nccc(Nc3ccc4c(c3)CC(=O)N4)n2)cc1
240	mol29	-12.09	Cc1ccc(S(=O)(=O)NCc2cccc(C(=O)Nc3ccc4ccccc4c3)c2)cc1
240	mol393	-12.43	Cc1ccc(Nc2cc(-c3cccc(C(=O)Nc4cccc(C(=O)O)c4)c3)nn2-c2ccc(F)cc2)cc1-c1ccccc1
240	mol318	-12.6	Cc1cc(-c2cc(-c3ccc(C(=O)O)o3)on2)ccc1NS(=O)(=O)c1ccc(OCc2ccccc2)cc1
240	mol91	-13.45	Cc1ccc(NC(=O)c2ccccn2)cc1NC(=O)c1ccc(-c2ccc(C(=O)c3ccccc3)cc2)cc1
240	mol434	-12.87	Cc1ccccc1-c1cc(C(=O)c2c[nH]c3ncccc23)sc1C(=O)Nc1cncc(C(=O)c2cccc(C(=O)O)c2)c1
240	mol96	-12.17	Cc1c(CNC(=O)c2cc(NC(=O)c3ccc(C(C)(C)C)o3)cn2C)ccc(N2CCc3ccccc3C2)c1F
240	mol452	-12.88	Nc1cccc(C(=O)Nc2cccc(-c3ccnc4c(-c5ccccc5)cncc34)c2)c1
240	mol339	-12.53	Nc1cc(-c2ccc(C(=O)NCc3cccc(C(=O)Nc4cccc(F)c4)c3)cc2)ccn1
240	mol307	-12.7	Cc1ccc(F)cc1-c1ccc(C(=O)Nc2ccc(C[N@H+]3CC[N@H+](C)CC3)cc2)cc1
240	mol416	-13.07	Nc1ccc(-c2ccc(C(=O)Nc3ccc4nc(Nc5ccccc5)oc4c3)cc2)cc1
240	mol373	-12.18	Cc1ncc(COc2ccc(-c3cnc4ccccc4c3)cc2)cc1NC(=O)c1csc(C2CC2)c1
240	mol326	-12.2	Cc1ccc(Nc2nccc(-c3cncc(Cc4ccccc4)c3)n2)cc1
240	mol215	-12.18	c1ccc(-c2cccc(Nc3cc(-c4ccccc4)n[nH]3)c2)cc1
240	mol398	-12.17	Nc1ccc(C(=O)Nc2cc(-c3cccc4ccccc34)n(Cc3cccc(C(=O)Nc4cccc(C(=O)O)c4)c3)n2)cc1
240	mol493	-13.21	CNc1ccc(C(=O)Nc2ccc(NC(=O)c3ccccc3CNc3cc4c(NCc5ccccc5)ncnc4s3)cc2)cc1
240	mol491	-12.12	Cc1cccc(Cl)c1-c1cc(N2CC(O)C2)ccc1Cc1ccc(-c2ccc(NC(=O)Nc3ccccc3)cc2)cc1
240	mol56	-12.62	Cc1ccc(NC(=O)c2ccc(C(C)(C)C)cc2)cc1Nc1ncnn2cc(C(=O)N[C@H](C)c3ccccc3)cc12
240	mol333	-12.23	CC(=O)Nc1cccc(-c2cccc(NC(=O)c3ccc4ccccc4n3)c2)c1
240	mol1	-12.12	Cc1cccc(Nc2nc(-c3cccc(C(=O)Nc4ccc(C(=O)O)cc4)c3)cn(CC(=O)NCc3ccccc3)c2=O)c1
240	mol334	-12.12	Cc1cc(-c2ccc(C(=O)Nc3cc(C(C)(C)CNc4nccc(Nc5cccc(F)c5)n4)ccn3)cc2)on1
240	mol271	-12.53	Cc1cccc(-c2cc(NC(=O)c3ccc(C(=O)Nc4cccc(C(=O)O)c4)s3)ccc2F)c1
240	mol386	-13.22	Cc1ccc(C(=O)Nc2cccc(C(F)(F)F)c2)cc1C(=O)Nc1cccc(-c2nnc(CCc3ccccc3)o2)c1
240	mol231	-12.88	Cc1ccc(NC(=O)c2ccc(NC(=O)c3cccc4ccccc34)cc2)cc1
240	mol303	-12.16	Cc1cccc(Nc2nccc(Nc3ccc4ccccc4c3)n2)c1
240	mol145	-12.58	CC(C)[C@@H](CO)Nc1ccc2c(-c3ccc(NC(=O)c4ccccc4)cc3)cccc2n1
240	mol495	-12.89	Nc1cc(C(=O)N2CC[C@@](F)(c3ccc(Cl)cc3)C2)ccc1Nc1nccc(-c2cccnc2)n1
240	mol190	-12.74	Cc1cnc(Nc2ncc(-c3ccc(C(=O)Nc4cccc(C(F)(F)F)c4)cc3)cc2-c2ccnc(N)n2)s1
240	mol494	-12.4	Cc1ccc(NC(=O)C(F)(F)F)c(NC(=O)c2cccc(CC(=O)Nc3nc4ccc(F)cc4s3)c2)c1
240	mol394	-12.29	Cc1ccc(NC(=O)c2ccc(C[N@H+]3CC[N@H+](C)CC3)cc2)cc1Nc1nccc(-c2cccnc2)n1
240	mol430	-13.09	Cc1cccc(Nc2nccc(-c3ccc4nc(Nc5ccccc5[C@H](C)O)ccc4c3)n2)c1
240	mol110	-13.61	Cc1cc(NC(=O)c2ccc(C(=O)Nc3ccccc3)cc2)ccc1NC(=O)c1ccccc1Sc1ccccc1-c1ccccc1
240	mol9	-12.99	NC(=O)c1ccc(Nc2nccc(-c3cccc(NC(=O)c4ccccc4Cl)c3)n2)cc1
240	mol388	-13.3	Cc1cc(NC(=O)c2ccc(-c3cccc(Nc4ncccn4)c3)cc2)nc(-c2ccc(NC(=O)c3ccc(C(F)(F)F)cc3)cc2)n1
240	mol121	-13.11	Nc1ccc(-c2ccc(C(=O)Nc3ccc4nc(C(=O)O)ccc4c3)cc2)cc1
240	mol93	-12.07	CCc1c(NC(=O)c2cccc(-c3nc4ccccc4s3)c2)sc(/N=N/C(=O)c2ccc(N)cc2)c1F
240	mol376	-13.63	Nc1cc(-c2cccc(C(=O)O)c2)ccc1NC(=O)c1ccc2ncccc2c1
240	mol263	-13.36	Cc1cc(N2CCc3ccc(C(=O)Nc4ccc(NC(=O)c5ccccc5Cl)cc4F)cc3C2)ncn1
240	mol113	-12.08	N#Cc1ccc(N)c(C(=O)Nc2ccc(-c3nc(Nc4ccc(O)cc4)ncc3F)cc2)c1
240	mol120	-12.57	Cc1nc(N)nc(Nc2ccc(O)c(Nc3cccc(C(=O)Nc4ccccc4S(N)(=O)=O)c3)c2)n1
240	mol466	-12.16	Cc1ccc(NC(=O)c2cccc(Cn3cc(NC(=O)c4ccc(C(C)(C)C)o4)c4ccccc43)c2)cc1
240	mol211	-12.51	CC(=O)Nc1cccc(-c2cccc(Nc3nccc(Nc4cccc(O)c4)n3)c2)c1
240	mol378	-12.28	Cc1ccccc1-n1cc(-c2ccc(S(=O)(=O)Nc3cccc(C(=O)O)c3)cc2)cc1C(=O)Nc1ccncc1
240	mol161	-12.2	Cc1c(CC(=O)O)cccc1-c1ccc(OCc2cccc(Oc3ccc(CC(=O)O)cc3)c2)cc1
240	mol39	-12.16	Cc1ccc(NC(=O)c2cccc(-c3nc(NC4CCCCC4)c4cccnc4n3)c2)cc1
240	mol280	-12.67	CC(=O)Nc1cccc(-c2ccc(Nc3nccc(-c4ccccn4)n3)cc2)c1
240	mol154	-12.78	Cc1ccc(NC(=O)c2ccc(C[N@H+]3CC[N@H+](C)CC3)cc2)cc1Nc1nccc(-c2cccnc2Oc2cccnc2)n1
240	mol468	-12.88	CC(=O)Nc1cccc(-c2cccc(-c3ccc(Nc4cccc(C(=O)O)c4)cc3)c2)c1
240	mol413	-13.52	Cc1ccc([C@H](Cn2nc(-c3cccc(P(=O)(O)O)c3)c3ccccc32)NC(=O)c2cccc(NC(=O)Nc3ccccc3C(F)(F)F)c2)cc1
240	mol269	-12.24	Cc1ccc2c(Nc3ccc(NC(=O)c4ccc(C(=O)O)cc4)cc3)cccc2n1
240	mol369	-14.0	O=C(c1ccccc1)N1CCN(c2cccc(Nc3ccc(Nc4ncc5ccc(=O)n(C6CCCCC6)c5n4)cc3)c2)CC1
240	mol3	-12.92	Cc1cc(NC(=O)Nc2cccc(Oc3ncnc4ccc(NC(=O)NCC5CCC5)cc34)c2)[nH]n1
240	mol15	-12.16	Cc1cccc(-n2nc(C(C)(C)C)cc2NC(=O)Nc2ccc(Oc3ccnc4[nH]ccc34)cc2)c1
240	mol178	-12.74	Cc1c(-c2ccc(C(=O)NCc3cccc(C(=O)Nc4ccc(C(=O)O)o4)c3)o2)cnc2[nH]ccc12
240	mol47	-12.32	CC(C)Oc1ccc(-c2[nH]ncc2CNC(=O)c2ccc(/N=c3/ccc4ccccc4[nH]3)cc2)cc1
240	mol356	-12.52	Cc1ccc2cc(NC(=O)c3cnc(N)c(Nc4ccc(F)c(C)c4)c3)ccc2n1
240	mol358	-12.12	Cc1ccc(S(=O)(=O)Nc2cccc(C(=O)Nc3ccc4nc(N)ccc4c3)c2)cc1
240	mol30	-13.37	Cc1cc(NC(=O)c2cccc(NS(=O)(=O)c3ccc(-c4ccc(C(=O)O)cc4)cc3)c2)ccc1NS(C)(=O)=O
240	mol17	-12.19	CCC(=O)Nc1cc(-c2cccc(-c3ccccc3Sc3nc(N)cc(Nc4ccccc4)n3)c2)cc(N2CCCC2=O)c1
240	mol462	-13.12	Cc1cc(=O)oc2cc(NC(=O)c3cccc(CC(=O)Nc4cccc(C(=O)O)c4)c3)ccc12
240	mol103	-12.23	Cc1cnc(-c2cnc3ccc(NC(=O)c4cccc(C(=O)Nc5ccccc5C#N)c4)cc3c2)cc1C#N
240	mol484	-13.58	Cc1c(NC(=O)c2ccc(-c3cc(NC(=O)c4cccc(C(=O)O)c4)cnc3N)cc2)ccc(C(=O)O)c1O
240	mol431	-12.87	Cc1ccc(Oc2cccc(Nc3nccc(-c4cncc(C(=O)c5ccccc5)c4)n3)c2)cc1
240	mol265	-12.16	Cc1nc(NC(=O)c2ccoc2C(=O)Nc2cccc3ccccc23)cc(N2CCC(NC(=O)Cc3ccccc3)CC2)n1
240	mol248	-13.27	Cc1cccc(C(=O)Nc2ccc(C(=O)Nc3cccc4ccccc34)cc2C(=O)O)c1
240	mol226	-13.23	Nc1cc(Nc2ccc(C(=O)O)cc2)ccc1Nc1ccc2ncc(-c3ccc(C(=O)Nc4ccc(C(=O)O)cc4)cc3)nc2c1
240	mol123	-12.58	Cc1ccc(Nc2cc(Nc3cccc(C(=O)Nc4cccc([N+](=O)[O-])c4)c3)ccn2)cc1
240	mol279	-12.1	Cc1ccc(C(=O)Nc2ccc(Oc3ccc(C(=O)N[C@H](CCc4ccccc4)C(=O)O)cc3)cc2)cc1
250	mol25	-12.13	Cc1ccc(C(=O)O)cc1NC(=O)c1cc2c(ccc3ccccc32)o1
250	mol210	-12.94	Cc1cc(C(=O)NC(=O)c2ccc(C(=O)Nc3cccc(C(=O)O)c3)o2)ccc1NC(=O)c1ccccc1
250	mol284	-12.64	Cc1cc(C(=O)N2CCN(c3ccccn3)CC2)ccc1Nc1ccc2c(n1)CCC2
250	mol254	-12.88	Cc1ccc(C(=O)Nc2ccc(CCc3nc4ccccc4[nH]3)cc2)cc1NC(=O)c1ccc(C(=O)O)cc1
250	mol141	-12.31	Cc1ccc(NC(=O)c2cccc(C(=O)NCc3ccc(/C=N\NC(=O)c4cccc(C(=O)O)c4)s3)c2)cc1
250	mol301	-12.52	Cc1cc(OCc2c(Cl)cccc2Cl)ccc1NC(=S)Nc1cccc(Nc2nccc(Nc3ccc4c(c3)CCC(=O)N4)n2)c1
250	mol367	-12.07	Cc1ccc(C(=O)Nc2ccc(C(=O)Nc3ccc(C(=O)O)cc3)cc2)cc1
250	mol155	-13.11	Cc1cccc2cc(C(=O)Nc3ccc(S(=O)(=O)Nc4ccc(C(=O)O)cc4)cc3)c(Nc3ccccc3)nc12
250	mol390	-12.06	Cc1cc(NC(=O)N2CCc3c([nH]c4ccccc34)[C@@H]2[C@@H](O)c2ccc(Cl)c(Cl)c2)ccc1CSc1nc(N)cc(N)n1
250	mol106	-12.41	Cc1ccc(NC(=O)c2cccc(Nc3nccc(-c4ccccc4)n3)c2)cc1
250	mol21	-13.05	Cc1ccc(C(=O)Nc2ccc(C(=O)O)cc2)cc1NC(=O)c1ccc(-c2ccc(C#N)cc2)cc1
250	mol470	-12.63	Cc1ccc(NC(=O)c2ccc(NC(=O)c3cc4ccccc4o3)cc2)cc1
250	mol24	-12.09	Cc1ccc(Nc2c(N)cc(N3CCNC/C3=C\c3ccc(-c4ccc(Cl)c(Cl)c4)cc3)cc2[N+](=O)[O-])cc1
250	mol467	-12.78	Cc1ccc(NS(=O)(=O)c2ccc(-c3ccc(S(=O)(=O)N(C)C)cc3)cc2)cc1NC(=O)c1ccc(NS(=O)(=O)c2cccc(C(=O)O)c2)s1
250	mol479	-13.44	Cc1ccc(C(=O)Nc2ccc(C[NH+]3CC[NH2+]CC3)cc2NC(=O)c2cccc(C(=O)Nc3cc4ccccc4o3)c2)cc1
250	mol163	-12.63	Cc1ccc(-n2nc(C(C)(C)C)cc2NC(=O)Nc2cccc(Nc3ccnc4ccccc34)c2)cc1
250	mol94	-12.74	Cc1ccc(C#N)cc1NC(=O)c1cccc(Oc2ccc(NC(=O)Nc3ccc(C(=O)O)cc3)cc2)c1
250	mol207	-12.13	Cc1ccc(O)c(NC(=O)c2ccc(CNC(=O)c3ccc4ccccc4n3)cc2)c1
250	mol267	-13.16	Cc1cc(NC(=O)Nc2cccc(C(F)(F)F)c2)ccc1-c1nc(Nc2ccc(C(=O)N[C@H]3CC[C@H](CC(=O)O)CC3)cc2)c2ccccc2n1
250	mol407	-13.65	Cc1cc(NC(=O)NCc2cc(Oc3cccc(C(=O)N4CCCN(C(=O)c5ccccc5)CC4)c3)on2)ccc1N1CC[C@H](O)C1
250	mol111	-12.59	c1ccc(-c2[nH]c3ccc(CCN4CCc5ccccc5C4)cc3c2-c2ccc(Nc3ccnc4ccccc34)cc2)cc1
250	mol136	-12.03	Cc1ccc(Nc2cc(Nc3ccc([N+](=O)[O-])cc3)nc(Nc3ccc(C(=O)NCCCNc4ccnc5ncccc45)cc3)n2)cc1
250	mol340	-12.41	CC(=O)Nc1ccc(Oc2ccc(NC(=O)Cc3ccc(Nc4ncc(F)cn4)cc3)cc2C(=O)O)cc1
250	mol283	-13.3	Cc1ccc(Nc2ncnc3ccc(-c4ccccc4)cc23)cc1NS(=O)(=O)c1c[nH]c2cc(N)ccc12
250	mol242	-12.31	Cc1ccc(NC(=O)c2ccc(C(=O)NCc3ccccc3Cl)cc2)cc1NS(=O)(=O)c1ccc2c(c1)CCC2
250	mol393	-12.49	Cc1ccc(NC(=O)Nc2cccc(-c3ncccc3Oc3ccc(NC(=O)c4ccccc4)cc3)c2)cc1
250	mol65	-12.9	CC(=O)Nc1cccc(C#Cc2ccc(NC(=O)Nc3cccc(C[n+]4cccc(C(=O)O)c4)c3)cc2)c1
250	mol64	-12.41	Cc1ccc(-c2cccc(C(=O)NCc3ccc4c(c3)OCO4)c2)cc1
250	mol426	-14.24	Cc1ccc(NC(=O)c2ccc(Cc3cc4ccccc4[nH]3)cc2)cc1Nc1ncnc2sc(Cc3cccc(C(F)(F)F)c3)cc12
250	mol434	-12.2	Cc1ccc(NC(=O)c2ccc(Oc3ccccc3)cc2)cc1NC(=O)c1ccc(C(=O)c2ccccc2)s1
250	mol96	-12.12	Cc1cccc(-c2sc(NC(=O)c3ccc(B(O)O)cc3)cc2C(=O)O)c1
250	mol342	-12.62	CNc1cccc(-c2cccc(-c3ccc(C(=O)Nc4cccc(C(F)F)c4)cc3)c2)c1
250	mol410	-12.19	Cc1cc(Nc2cc(N3CC[NH+](C)CC3)nc(Sc3ccc(NC(=O)c4ccccc4Br)cc3)n2)[nH]n1
250	mol339	-13.78	Cc1ccc(NC(=O)c2ccc(C[N@H+]3CC[C@@H]([NH+](C)C)CC3)cc2)cc1Nc1ncnn2cc(C(=O)Nc3cccc(C(=O)Nc4ccccc4)c3)c(N)c12
250	mol317	-13.88	Cc1cc(NC(=O)Nc2cccc(Nc3ccc4ccccc4n3)c2)ccc1NC(=O)c1sccc1S(=O)(=O)Nc1ccc(OC(F)(F)F)cc1
250	mol448	-12.29	FC(F)(F)c1ccc(Nc2ncc(-c3ccc(Nc4nccc(-c5cccnc5)n4)cc3)[nH]2)cn1
250	mol101	-12.13	Cc1cc(C(=O)Nc2cc(C(F)(F)F)cc(C(F)(F)F)c2)ccc1OCc1cccc(COc2cccnc2)n1
250	mol286	-12.38	Cc1cc(-c2c[nH]c3ncc(-c4ccccc4)cc23)ccc1NC(=O)c1cncn1C
250	mol271	-12.05	Cc1ccc(Nc2cc(Oc3cccc(NC(=O)c4c(F)cccc4F)c3)ncn2)cc1
250	mol386	-13.91	Cc1cccc(-c2cc(Nc3cccc4ncccc34)n(-c3cccc(NC(=O)Nc4cccc(C(=O)Nc5ccccc5F)c4)c3)n2)c1
250	mol469	-12.25	Cc1cccc(-c2cc(C(=O)Nc3ccc(NC(=O)c4ccccc4Cl)cc3)ncn2)c1
250	mol381	-12.2	Cc1cccc(-c2nc(Nc3cccc(C(=O)Nc4ccc(C(=O)O)cc4)c3)sc2C)c1
250	mol180	-13.8	Cc1cc(NC(=O)c2ccc(C(=O)Nc3ccccc3N)cc2)ccc1NC(=O)c1cc(C(=O)Nc2cccc(S(=O)(=O)N(C)C)c2)ccc1F
250	mol171	-14.74	Cc1cc(NC(=O)c2cccc(-n3cc(NC(=O)Nc4cccc(C(F)(F)F)c4)c4ccccc43)c2)cc(Nc2nccc(Nc3ccc4ncccc4c3)n2)c1
250	mol322	-12.34	Cc1ccc(NC(=O)c2cccc(C(=O)O)c2)cc1Nc1nc(-c2ccccc2O)nc2ccccc12
250	mol259	-12.03	Cc1ccc(S(=O)(=O)Nc2cccc(-c3ccc(C(=O)N[C@@H](CCc4ccccc4)C(=O)O)o3)c2)cc1
250	mol453	-12.64	Cc1ccc(C(=O)Nc2ccc(Cc3ccc(CNC(=O)[C@H]4CCCN4C(=O)[C@@H]4CCC[NH2+]4)cc3)cc2)cc1
250	mol440	-12.16	Cc1ccc(-n2nc(C(=O)Nc3ccc(-c4cccc(C(=O)NCCC(=O)O)c4)cc3)cc2NC(=O)c2ccc(NS(=O)(=O)c3cc(Cl)ccc3Cl)cc2)o1
250	mol89	-12.03	Cc1ccc(C(=O)Nc2ccc(C(=O)N[C@H](Cc3nc4ccccc4[nH]3)C(=O)O)cc2)cc1
250	mol220	-12.39	Cc1cccc(Nc2nccc(-c3ccnc(Nc4ccccc4)c3)n2)c1
250	mol38	-12.9	Cc1cc(NC(=O)Nc2cccc(C(F)(F)F)c2)c(NC(=O)Nc2cccc(Nc3ncnc4ccc(N)cc34)c2)cc1CCC(=O)O
250	mol359	-12.07	CN(c1ccc(-c2cccc(CCc3ccc(Cl)cc3)c2)o1)S(=O)(=O)c1ccc(C#N)cc1
250	mol206	-12.9	Cc1ccc(NC(=O)c2ccc(NC(=O)c3cccc4ccccc34)cc2)cc1
250	mol498	-12.16	Cc1cccc(Nc2nccc(-c3ccc(C(=O)Nc4ccc(C(=O)O)cc4)cc3)n2)c1
250	mol110	-12.44	Cc1cc(Nc2nc(N[C@@H](C)c3ccc(F)c(F)c3)ncc2Br)cc(C(=O)Nc2ccc3ncccc3n2)c1
250	mol9	-12.82	Cc1ccc(C(=O)Nc2ccc(Oc3cc(C(=O)Nc4cccc(C(=O)O)c4)ccc3N)cc2)cc1
250	mol388	-13.92	Cc1cc(Oc2cccc(Nc3ccccc3)c2)ccc1-c1ccc2c(c1)C(=O)C(=O)N2
250	mol150	-13.41	Cc1ccc(CNC(=O)c2ccc3nc(Nc4cccc(C(=O)Nc5ccccc5C(F)(F)F)c4)[nH]c3c2)cc1
250	mol121	-12.37	Cc1cc(NC(=O)c2cccc(-n3cc(NC(=O)NCc4ccccc4)cn3)c2)cc(N2CCCCC2)n1
250	mol263	-12.82	Cc1ccc(C(=O)Nc2ccc(Oc3ccc(NC(=O)c4cccc(C(F)(F)F)c4)cc3)cc2)cc1
250	mol395	-12.28	Cc1cc(NC(=O)c2ccc(C(=O)Nc3ccccc3)cc2)ccc1NC(=O)c1ccccc1-n1cccc1
250	mol262	-13.24	Cc1ccccc1C(=O)Nc1ccc(C(=O)N2Cc3cccc(Oc4ccccc4)c3C2)cc1
250	mol66	-12.16	Cc1ncc(-c2cccc(O)c2)cc1NC(=O)c1ccc(Nc2ncccc2-c2ccccn2)cc1
250	mol290	-12.49	Cc1ccc(NC(=O)c2ccc(-c3ccccc3)cc2C(=O)O)cc1
250	mol299	-12.53	Cc1c(CC(=O)O)cccc1-c1nc(Nc2ccc(C(=O)Nc3cccc(C(F)(F)F)c3)cc2)n[nH]1
250	mol417	-13.45	Cc1ccc(NC(=O)Nc2ccc(Oc3ccccc3)cc2C(=O)Nc2ccc(Oc3ccc4ccccc4n3)cc2)cc1
250	mol0	-12.91	CNc1ccc(C#Cc2ccc(C(=O)c3ccc(C)c(Nc4ccnc5ccccc45)c3)cc2)cc1
250	mol369	-12.07	Cc1cc(C(=O)Nc2ccc(C(=O)N[C@@H](Cc3ccccc3)C(=O)O)cc2)ccc1NC(=O)c1ccccc1
250	mol31	-13.77	Nc1cccc(-c2cnc3cccc(NCc4cccc(C(=O)Nc5cccc(NC(=O)Nc6ccccc6)c5)c4)c3n2)c1
250	mol48	-12.05	Cc1ccc(NC(=O)c2ccc(Oc3ccccc3C(=O)NCc3ccccc3)cc2)cc1
250	mol356	-12.03	Cc1ccc(NC(=O)c2ccc(C(=O)Nc3cccc(Oc4ccccc4)c3)o2)cc1
250	mol181	-12.81	Nc1ncc(-c2cnc(NCc3ccc(C(=O)Nc4cccc(C(=O)O)c4)o3)s2)cc1NS(=O)(=O)c1ccc(N2CCNC(=O)C2)cc1
250	mol201	-12.31	Cc1cn(Cc2cccc(C(=O)Nc3cncc(C(=O)Nc4ccc(Oc5ccccc5)cc4)c3)c2)cn1
250	mol462	-12.27	[NH3+]Cc1ccc(-c2ccc(C(=O)Nc3cccc(OCc4cccc(Cl)c4)c3)cc2)cc1
250	mol131	-12.49	CC(C)(C)NC(=O)[C@@H](Cc1ccccc1)NC(=O)[C@@H](Cc1ccccc1)NC(=O)c1ccc(N2Cc3ccccc3C2=O)cc1
250	mol151	-12.04	Nc1nc(Nc2ccc(S(=O)(=O)Nc3ccc(CC(=O)N4CCOCC4)cc3)cc2)sc1C(=O)c1c(F)cccc1F
250	mol431	-12.21	CCc1nc(N)nc(NCc2ccc(NC(=O)c3ccc(Cl)c(Nc4ccnc(NCc5ccccc5)n4)c3)cc2)n1
250	mol343	-12.19	Cc1ccc(C(=O)Nc2ccc(Oc3ccc(C(=O)N4CCCC4)cc3)cc2)cc1
250	mol364	-12.61	c1cc(Nc2ccnc(-c3cccc4ccccc34)n2)cc(NC2CCCCC2)c1
250	mol116	-12.86	Cc1ccc(C(=O)Nc2cc(C(F)(F)F)cc(C(F)(F)F)c2)cc1NC(=O)c1cnc(-c2ccccc2Cl)s1
250	mol41	-12.34	Cc1cc(NC(=O)Nc2ccc(N(Cc3cccnc3)C(=O)c3ccc4ccccc4n3)cc2)ccc1NC(=O)c1ccccc1
250	mol124	-12.73	Cc1cccc(Nc2nccc(Nc3cccc(C(=O)Nc4ccc(C(N)N)cc4)c3)n2)c1
250	mol85	-12.48	Cc1cccc(Nc2c([N+](=O)[O-])c(=O)[nH]c(=O)n2COc2ccc(Cl)c(CNC(=O)c3ccc4cc(C(N)N)ccc4n3)c2)c1
260	mol442	-12.34	Cc1c(Cl)cccc1NC(=O)CNC(=O)c1ccc(NC(=O)c2cccc(C(=O)NCc3ccccc3)c2)s1
260	mol346	-12.61	Cc1c(Cl)nc(Nc2ccc3c(c2)Cc2ccc(C(=O)O)cc2-3)nc1N1CCN(C(=O)c2ccccc2)CC1
260	mol273	-12.27	Cc1ccc(-c2ccc(CNc3ccc4nc(N)nc(N)c4c3)cc2)cc1
260	mol99	-12.05	Cc1cc(CNC(=O)c2cccc(C(=O)Nc3ccc(C(=O)NCc4ccccc4)cc3)c2)on1
260	mol481	-12.66	Cc1cc(NC(=O)c2cccc(N3CCCC3=O)c2)ccc1-c1ccc2c(Nc3ccncc3)nccn12
260	mol203	-12.53	Cc1ccc(NC(=O)c2cccc(-c3nc(Nc4ccc(C(=O)O)cc4)c4ccccc4n3)c2)cc1
260	mol254	-12.32	Cc1ccc(-c2cccc(-c3ccc([C@H]4CCCCC4=O)s3)c2)cc1
260	mol141	-13.88	Cc1cc2cc(-c3ccnc(Nc4ccc(NC(=O)Nc5cccc(C(F)(F)F)c5)cc4)c3)ccc2n1CCc1ccc(CNC(=O)c2cccc(C(=O)O)c2)cc1
260	mol425	-12.01	Cc1ccc(NC(=O)c2ccc(CNC(=O)c3ccc4nc(NC(=O)C5CCCCC5)ccc4n3)s2)cc1
260	mol428	-12.07	Cc1nc(Nc2ncc(C(=O)Nc3cccc4ncccc34)s2)cc(N2CC[NH+](CC(=O)Nc3ccccc3)CC2)n1
260	mol301	-12.54	Cc1ccc(NC(=O)c2cccc(C(F)(F)F)c2)cc1C(=O)Nc1cnc(Nc2ccc(N3CCOCC3)cc2)s1
260	mol408	-12.41	Cc1ccc(C(=O)N[C@@H]2Cc3cc(NC(=O)Nc4cccc(C(F)(F)F)c4)ccc3NC2=O)cc1
260	mol320	-12.18	CCc1nc2cc(C(=O)Nc3ccc4nc(NC(=O)C5CCCCC5)sc4c3)ccc2[nH]c1=O
260	mol35	-12.27	c1ccc2c(Nc3ccc(Nc4ncnc5ccccc45)cc3)cccc2c1
260	mol348	-12.39	Cc1cc(Nc2ncc(C(=O)Nc3cccc(Nc4nccc(-c5ccccn5)n4)c3)cc2C#N)ccc1F
260	mol390	-12.36	CC(=O)Nc1cccc(Nc2ncc(-c3cccc(C(=O)Nc4ccccc4)c3)s2)c1
260	mol470	-12.2	Cc1cnc(Nc2ccc(Nc3ccc4c(n3)NC(=O)[C@H](Cc3ccccc3)CC4)cc2)nc1
260	mol24	-12.39	Cc1ccccc1-c1cccc(C(=O)Nc2ncc(-c3ccccc3)s2)c1
260	mol149	-12.07	Cc1ccc(-n2nc(C(C)(C)C)cc2NC(=O)Nc2cccc(Nc3ncnc4ccccc34)c2)cc1
260	mol276	-13.25	Cc1cc(NC(=O)c2cccc(F)c2)ccc1Nc1nccc(-c2c[nH]c3cnccc23)n1
260	mol374	-12.74	Cc1ccc(NC(=O)c2cccc(C(=O)NO)c2)cc1Nc1nccc(-c2cccnc2)n1
260	mol336	-13.13	Cc1c(Nc2ccc(C(=O)NCc3ccc(C(=O)N[C@H](CCc4ccccc4)C(=O)O)cc3)cc2F)ccc2ccccc12
260	mol338	-13.93	Cc1cc(CNC(=O)c2ccc(C(=O)Nc3ccc4ccccc4n3)cc2)cc(C(=O)N2Cc3ccccc3C[C@@H]2[C@@H](O)c2ccccn2)c1
260	mol179	-12.32	Cc1ccc(C(=O)Nc2ccc(Oc3ccc(NC(=O)c4ccccc4Cl)cc3)cc2)cc1
260	mol20	-12.34	CN(Cc1cccc2ccccc12)c1nccc(Nc2ccc(C(=O)Nc3ccccc3)cc2)n1
260	mol313	-12.48	c1ccc(CCc2ccc(Nc3ccnc(Nc4ccc5c(c4)Cc4ccccc4O5)n3)cc2)cc1
260	mol335	-12.55	Cc1ccc(S(=O)(=O)Nc2ccc(C(=O)NCc3ccc(Nc4nccc(-c5ccccn5)n4)cc3)cc2)cc1
260	mol296	-12.34	CC[C@@H](C)C(=O)Nc1cc(Oc2ccc(NC(=O)Nc3ccc4ccccc4c3)c(F)c2)ccn1
260	mol128	-12.61	Cc1ccc(C(=O)Nc2ccon2)cc1-c1ccc2nc(Nc3ccccc3)ncc2n1
260	mol126	-12.38	Cc1cc(NC(=O)c2ccc(Cc3cc(C(=O)NO)ccc3N)cc2)ccc1C(=O)O
260	mol383	-12.03	Cc1ccc(Nc2nccc(-c3ccc(C(=O)NCCC[N@H+]4CC[N@H+](C)CC4)cc3)n2)c(C)c1
260	mol377	-12.22	Cc1ccc(-c2ccc(Cc3cc4c(NCc5ccccc5)ncnc4[nH]3)cc2)cc1
260	mol189	-12.43	Cc1c(CNc2cccc(C(=O)Nc3cccc(C(=O)O)c3)c2)ccc2nc(NC(=O)Cc3ccccc3)sc12
260	mol5	-12.29	Cc1cc(C(=O)Nc2cccc(-c3cnn(Cc4cc(F)cc(C(F)(F)F)c4)c3)c2)on1
260	mol49	-12.45	Cc1cc(Nc2nccc(Nc3ccc4c(N)nccc4n3)n2)cc(C)c1O
260	mol102	-12.6	Cc1cc(-c2noc(-c3ccc(F)c(Nc4cc(Nc5cccc(C(F)(F)F)c5)c(C#N)cn4)c3C)n2)ccc1Cl
260	mol412	-12.12	Cc1ccccc1S(=O)(=O)Nc1cccc(Nc2nccc(-c3cccc(Cn4ccnc4)c3)n2)c1
260	mol318	-12.33	Cc1cc(Nc2ccccc2S(=O)(=O)Cc2ccc(C(=O)O)o2)ccc1-c1cccc(C[C@@H](C(=O)NO)S(=O)(=O)NC(=O)NCc2ccccc2)c1
260	mol253	-12.23	Cc1ccc(NC(=O)c2ccc(Cc3ccccc3N)cc2)cc1Nc1nc(-c2cccnc2)cs1
260	mol195	-12.14	Cc1cccc(-c2nc(Nc3ccc(C(=O)Nc4cccc(C(=O)O)c4)cc3)sc2CO)c1
260	mol204	-13.91	Cc1ccc(-n2nc(C(=O)NCc3ccccc3)cc2NC(=O)Nc2ccc(NC(=O)c3ccc4ccccc4c3)cc2)cc1
260	mol360	-12.08	c1ccc(Nc2ncnc(-c3cccc(-c4csc(Nc5ccccc5)n4)c3)n2)cc1
260	mol404	-12.57	Nc1cc(-c2ccc(Cl)c(Cl)c2)cn2nc(-c3cccc(OC(F)(F)F)c3)nc12
260	mol450	-13.81	Cc1ccc(NC(=O)c2ccc(C(C)(C)C)cc2)cc1-c1ccc(Nc2nccc(-c3ccccn3)n2)cc1
260	mol482	-12.14	COc1ccc(-c2ccc(Oc3ccc(C(=O)Nc4cccc(C(F)(F)F)c4)cc3)cc2)cc1
260	mol268	-12.46	Cc1ccc(NC(=O)c2cccc(C(F)(F)F)c2)cc1Nc1nccc(-c2cccnc2)n1
260	mol8	-13.32	Nc1ccc(-c2cccc(Nc3cccc4cc(C(=O)O)ccc34)c2)cc1
260	mol278	-12.22	Cc1[nH]c(NC(=O)c2cccc(C(=O)Nc3ccc(Oc4ccncc4)cc3)c2)cc1C(=O)O
260	mol285	-12.87	Cc1ccc(-n2nc(C(C)(C)C)cc2NC(=O)Nc2ccc(Oc3ccc(NC(=O)Nc4cccc(F)c4)cc3)cc2)cc1
260	mol228	-12.87	Nc1ncc(-c2ccc([C@@H]3CCC(=O)NC3)cc2)cc1C(=O)Nc1ccc(NC(=O)c2ccccc2)cc1
260	mol63	-12.58	Cc1ccc(NC(=O)c2cccc(Cn3cc(NC(=O)c4cnc(N)c5ccccc45)cn3)c2)cc1
260	mol223	-12.12	Cc1ncc(-c2cccc(S(=O)(=O)Nc3ccc4c(c3)cc(C(=O)O)n4CC(=O)NCCc3ccccc3)c2)o1
260	mol118	-12.04	Cc1ccc(C(=O)Nc2ccccc2C(=O)Nc2ccc(S(=O)(=O)Nc3nccc(=O)[nH]3)cc2)cc1
260	mol72	-13.78	Cc1c(NS(=O)(=O)c2ccc(Cl)c(C(F)(F)F)c2)cccc1Oc1ccc(NC(=O)Nc2cccc3ccccc23)cc1
260	mol1	-12.55	Cc1cc(Nc2nc(Nc3cccc(C(=O)Nc4cccc(C(F)(F)F)c4)c3)ncc2C(F)(F)F)no1
260	mol231	-12.08	Cc1cccc(-n2nc(C(=O)Nc3cccc(C(=O)Nc4ccccc4Sc4ccccc4)c3)cc2NC(=O)Nc2ccc(Oc3ccccc3)cc2)c1
260	mol258	-12.52	Cc1nc(-c2ccccc2)sc1-c1nc(Nc2ccc(C(=O)NCCc3ccc(C(=O)O)cc3)cc2)c2ccccc2n1
260	mol218	-12.06	Cc1nc(Nc2ncc(C(=O)Nc3ccc(N4CCOCC4)cc3)s2)cc(N2CC[NH+](CC(=O)Nc3ccc(Cl)c(C(F)(F)F)c3)CC2)n1
260	mol303	-12.99	Cc1cc(NC(=O)c2cccc(C(=O)Nc3ccccc3Sc3ccccc3)c2)ccc1NC(=O)c1ccc(F)cc1
260	mol177	-12.41	CCc1ccccc1NC(=O)c1ccc(Nc2nc(NC3CCCCC3)nc3c2oc2ccccc23)cc1
260	mol166	-13.69	Cc1ccc(NC(=O)c2cccc(N3CCC[C@H]([NH3+])C3)c2)cc1Nc1nc(Nc2ccc(Oc3cccc(NC(=O)c4ccccc4)c3)cc2)ncc1C(F)(F)F
260	mol435	-12.63	Nc1ncc(-c2ccc(C(=O)NCCCc3cccc(C(=O)Nc4cccc(C(=O)O)c4)c3)cc2)cn1
260	mol495	-12.7	Cc1ccc(C(=O)Nc2ccc(C(=O)Nc3ccc4ccncc4c3)cc2)cc1
260	mol140	-12.45	OC[C@@H]1N=C(Nc2cccc(CCc3ccc(-c4ccc5[nH]ncc5c4)cc3)n2)[C@@H](O)[C@H]1Cl
260	mol489	-12.69	Cc1cccc(-n2nc(C(=O)Nc3ccc(S(=O)(=O)Nc4ccccc4)cc3)cc2-c2ccc3ccccc3c2)n1
260	mol171	-13.54	Cc1ccc(NC(=O)c2cccc(Nc3nccc(-c4ccc(CNC(=O)Oc5ccccc5)cc4)n3)c2)cc1
260	mol190	-12.55	Nc1nc(Nc2ccc(S(N)(=O)=O)cc2)sc1C(=O)c1cccc(NC(=O)c2cccc(Cl)c2)c1
260	mol361	-12.63	Cc1c(Nc2cccc(C(=O)O)c2)cccc1-c1nc(Nc2ccc(C(N)=O)cc2)sc1-c1nc2cccnc2[nH]1
260	mol372	-12.22	Cc1ccccc1Nc1nc(Nc2ccc(C(=O)NCCCc3ccc(C(=O)O)cc3)cc2)cc(N2CCC(NS(=O)(=O)c3ccccc3)CC2)n1
260	mol359	-13.06	Cc1cnc(Nc2ccc(CNc3ncc(F)c(Nc4ccccc4)n3)cc2)cc1-c1cccc2nc(N)[nH]c12
260	mol216	-12.35	Cc1cc(NC(=O)c2ccccc2)ccc1NC(=O)c1cccc(C(=O)O)c1
260	mol117	-12.64	Cc1ccc(C(=O)Nc2ccc(Oc3ccc(NC(=O)Nc4ccccc4Cl)c(C(F)(F)F)c3)cc2)cc1
260	mol227	-13.19	O=c1ccc(-c2ccc(Oc3ccccc3)cc2)cn1Cc1ccccc1Cc1ccccc1
260	mol110	-12.02	Cc1ccc(NS(=O)(=O)c2ccc(NC(=O)c3ccc4nc(N)sc4c3)cc2)cc1
260	mol135	-12.51	Cc1cc(NC(=O)c2cc3ccccc3o2)ccc1NC(=O)c1ccccc1
260	mol441	-12.79	Cc1ccc(C(=O)Nc2cccc(NC(=O)Nc3ccc(C(=O)O)cc3)c2)cc1
260	mol376	-12.15	Cc1ccc(-n2nc(C(=O)Nc3ccc(OC(F)(F)F)cc3)cc2-c2ccc(NC(=O)Nc3ccc(C(N)N)cc3)cc2)cc1
260	mol263	-12.34	Cc1ccc(-n2nc(C(C)(C)C)cc2NC(=O)Nc2ccc(Nc3ccnc4cc(N)ccc34)cc2)cc1
260	mol312	-12.48	Cc1ccc(NC(=O)c2cccc(C(=O)Nc3cccc(C(=O)Nc4ccccc4)c3)c2)cc1
260	mol113	-12.39	Cc1cc(Nc2nc(-c3ccc(C(=O)Nc4ccc(C(=O)O)cn4)cc3)cc(C(F)(F)F)n2)ccc1F
260	mol120	-12.54	Cc1cccc(-c2nc(C(=O)Nc3ccc(C(=O)Nc4ccc(Cl)cn4)cc3)co2)c1
260	mol191	-12.31	Cc1ccc(NC(=O)c2ccc(NC(=O)c3ccccc3C(F)(F)F)cc2)cc1
260	mol485	-13.09	Cc1ccc(C(=O)Nc2ccc(Oc3ccc(NC(=O)[C@H]4CCCN4C(=O)c4ccccc4)cc3)cc2)cc1
260	mol290	-12.47	Cc1cccc(CCc2cc(Nc3ccnc(Nc4cccc(C(=O)O)c4)n3)ccc2NC(=O)c2ccc(C(F)(F)F)cc2)c1
260	mol311	-13.21	Cc1ccc(S(=O)(=O)Nc2ccc(-c3ccnc4cc(C(N)N)ccc34)cc2)cc1
260	mol104	-12.44	Cc1nc(Nc2ncc(C(=O)Nc3ccc(Oc4ccccc4)cc3)s2)cc(N2CCc3ccccc3C2)n1
260	mol468	-12.53	Cc1ccc(-n2nc(C(=O)NCc3ccccc3)cc2NC(=O)Nc2cccc(Nc3ccnc4ccccc34)c2)cc1
260	mol406	-12.35	Cc1ccccc1NC(=O)c1cnc(Nc2ccc(Nc3ccnc4cc(Cl)ccc34)cc2)s1
260	mol397	-12.6	Cc1ccc(NC(=O)c2cccc(N3CCCCC3)c2)cc1NC(=O)c1cnn(-c2ccccc2)c1
260	mol48	-12.23	Cc1ccc(Nc2nccc(Nc3cccc4ccccc34)n2)cc1
260	mol235	-12.22	c1ccc(Oc2cccc(-c3cccc(-c4cc[nH]n4)c3)c2)cc1
260	mol131	-12.36	Cc1nc2ccc(NCc3cnc(N)c(Cl)c3)cc2n1-c1ccc(NC(=O)c2ccc(OCCF)cc2)cc1
260	mol79	-12.47	Cc1c(F)cccc1Nc1ccc(F)c(Nc2nccc(-c3ccccn3)n2)c1F
260	mol98	-13.73	Cc1c(Cc2cccc(/C=N/O)c2)cccc1Oc1cccc(NC(=O)Nc2cccc(C(=O)O)c2)c1
260	mol248	-13.51	Cc1ccc(O)cc1-c1ccc2c(Nc3cccc(NC(=O)C4CCCCC4)c3)n[nH]c2c1
260	mol476	-12.22	Cc1cc(Nc2cc(Nc3ccc(C(=O)Nc4ccccc4)cc3)ncn2)ccc1N
260	mol246	-13.0	Cc1ccc(C(=O)Nc2cc(C(F)(F)F)cc(C(F)(F)F)c2)cc1Nc1ncnn2cc(-c3ccc(Oc4ccccc4)cc3)cc12
260	mol134	-12.15	CC(=O)Nc1cccc(-c2cccc(-c3cccc(C(=O)O)c3)c2)c1
260	mol343	-12.14	Cc1ccc(C(=O)Nc2ccc(C[N@H+]3CC[N@@H+](C)CC3)c(C(F)(F)F)c2)cc1C#Cc1cnc(-c2ccc(F)cc2)nc1
260	mol116	-12.21	Cc1ccc(-n2nc(C(=O)Nc3ccc(F)cc3C(=O)Nc3cccc(C(F)(F)F)c3)cc2-c2ccc(NC(=O)c3cccc4ccccc34)cc2)cc1
260	mol158	-13.03	Cc1cn2c(-c3cccnc3)cnc2c(Nc2ccc(C(=O)NCc3cccc4ccccc34)cc2)n1
260	mol85	-13.41	Cc1ccc(Oc2ccc(NC(=O)c3ccc(NC(=O)c4cccc(C(=O)Nc5ccccc5)c4)cc3)cc2)cc1
270	mol6	-12.3	Cc1ccc(C(F)(F)F)cc1NC(=O)c1sc(NC(=O)c2c(F)cccc2F)nc1C
270	mol428	-12.14	Cc1ccc(C(=O)Nc2ccc3nc(Cc4ccccc4)oc3c2)cc1
270	mol459	-12.07	Cc1ccc(NC(=O)c2cccc(C(=O)NCc3cccc(C)c3)c2)cc1
270	mol241	-12.19	Cc1cccc(-c2nc(Nc3cccc(C(=O)Nc4ccccc4S(=O)(=O)Nc4ccccc4)c3)cs2)c1
270	mol222	-12.42	Cc1cc(NCc2cccc(-c3ccccc3)c2)ccc1NC(=O)c1ccc(C(F)(F)F)cc1
270	mol149	-12.08	Cc1cccc(Nc2nccc(Nc3ccc4c(Cc5ccccc5)ncnc4c3)n2)c1
270	mol7	-12.46	Cc1nc(Nc2ccc(Nc3ccnc4ccccc34)cc2)cc(N2CCN(c3ccccc3)CC2)n1
270	mol276	-12.2	Cc1ccc(NC(=O)c2ccc(C[N@H+]3CC[N@H+](C)CC3)cc2)cc1Nc1nccc(Nc2ccc(C#N)cc2)n1
270	mol385	-12.86	Cc1ccc(Nc2cccc(C(=O)O)c2)cc1NC(=O)c1ccc(C(=O)NC(c2ccccc2)c2ccccc2)cc1
270	mol267	-12.43	Cc1cccc(-c2nc(NCc3cccc(C(=O)Nc4cccc(C(F)(F)F)c4)c3)sc2-c2nc3ccccc3[nH]2)c1
270	mol383	-12.25	Cc1cc(N)c(N)cc1-c1ccc(C(=O)N2CCN(c3nccc(C(F)(F)F)n3)CC2)cc1
270	mol244	-12.05	Cc1cc(NC(=O)CCN2N=Cc3cc(Cl)ccc3N2)cc(-c2ccccc2)c1
270	mol168	-12.71	Cc1ccc(C(=O)Nc2cccc(C(F)(F)F)c2)cc1Nc1ncnn2cc(C(=O)Nc3ccccc3)cc12
270	mol5	-12.16	Cc1ccc(-c2cnc(NCCc3cccc(C(=O)Nc4cccc(C(F)(F)F)c4)c3)cc2N2CCNC(=O)C2)cc1
270	mol449	-13.38	CC(=O)Nc1ccc(NC(=O)c2ccccc2NC(=O)c2cccc(NC(=O)c3ccc4ccccc4n3)c2)cc1
270	mol304	-12.04	Cc1cccc(-c2ccc(C(=O)Nc3ccc(OCc4ccccc4)c(C#N)c3)cc2)c1
270	mol297	-13.16	Cc1ccc(C(=O)Nc2ccc(C[N@H+]3CC[N@@H+](C)CC3)cc2)cc1-c1nc(Nc2ccc3n[nH]cc3c2)cc(N2CCC([NH+]3CCCCC3)CC2)n1
270	mol412	-12.29	Cc1ccc(NCc2ccc(C(=O)Nc3ccc4ccccc4c3)cc2)cc1
270	mol233	-12.55	Cc1cnc(Nc2ccc(C#N)c(Cl)c2)cc1NC(=O)c1ccc(Cc2c[nH]c3ccccc23)cc1
270	mol393	-12.97	Nc1ccc(-c2cccc(C(=O)Nc3ccc4nc(NC(=O)Cc5ccccc5)sc4c3)c2)cn1
270	mol396	-12.61	Cc1ccc(NC(=O)c2cccc(C(=O)NCc3ccc4ccccc4n3)c2)cc1
270	mol478	-12.62	Cc1cc(C(=O)Nc2ccc(C(=O)Nc3ccc(C(=O)O)cc3)cc2)ccc1N
270	mol250	-12.33	Cc1nc(Nc2ncc(C(=O)Nc3ccc4nc(N)sc4c3)s2)cc(N2CC[NH+](CC(=O)Nc3cccc(S(N)(=O)=O)c3)CC2)n1
270	mol115	-12.8	Cc1nc(Nc2ncc(C(=O)Nc3ccc4c(c3)C[C@H](c3ccccc3)O4)s2)cc(-c2ccccc2Cl)n1
270	mol360	-12.13	Cc1cc([C@@H](Nc2cccc(C(=O)Nc3ccc(C(=O)O)cc3)n2)c2ccc3ccccc3c2)ccc1O
270	mol404	-12.29	Cc1cc(NC(=O)Nc2cccc(C(C)(C)O)c2)cc(-c2ccc3ccccc3c2)c1
270	mol434	-12.53	Cc1ccc(NC(=O)Nc2cccc(-c3nc(NCc4ccccc4)c4ccccc4n3)c2)cc1
270	mol152	-12.14	Cc1[nH]c2ccccc2c1CCNC(=O)c1ccc(NC(=O)c2ccc(B(O)O)cc2)cc1
270	mol429	-12.41	Cc1ccc(-c2cc3c([nH]2)CCN(C2Cc4ccccc4C2)C3=O)cc1
270	mol26	-13.2	Cc1ccc(C(=O)Nc2ccc(C(=O)O)c(O)c2)cc1Nc1ccc2ncc(-c3ccccc3)nc2n1
270	mol491	-12.59	Cc1cccc(-c2cn(-c3cccc(C(=O)Nc4cccc(OC(C)C)c4)c3)nn2)c1
270	mol275	-12.14	Cc1ccc(-c2cc(C(=O)Nc3ccc(-c4ccccc4S(N)(=O)=O)cc3)on2)cc1
270	mol80	-12.13	Cc1ccc(C(=O)Nc2ccc(S(=O)(=O)Nc3ccc(NC(=O)c4cccc(C(=O)O)c4)c4ccccc34)cc2)o1
270	mol329	-12.21	Cc1ccccc1CC(=O)N1CCC([N@H+]2CCc3ccccc3C2)CC1
270	mol32	-12.28	Cc1ccc(NC(=O)c2ccccc2NC(=O)c2cccc(-c3cccc(C(=O)O)c3)c2)cc1
270	mol303	-12.46	Cc1ncc(-c2cn(-c3ccc(C(=O)O)cc3)nn2)cc1-c1ccc(NC(=O)c2ccccc2)cc1
270	mol105	-12.09	Cc1ccc(Cl)cc1NC(=O)Nc1cccc(Nc2nccc(Nc3ccccc3C(=O)O)n2)c1
270	mol495	-12.39	C#Cc1cccc(Nc2cc(-c3cccc(-c4cncc(C(=O)O)c4)c3)nn3cncc23)c1
270	mol57	-12.82	Cc1cc(NC(=O)Nc2ccc(Oc3ccc(NC(=O)c4ccccc4)cc3)cc2)ccc1C(=O)O
270	mol171	-13.11	Cc1cc(NCc2ncc(-c3ccccc3)o2)cnc1Nc1ccc(NC(=O)c2cccc(C(F)(F)F)c2)cc1
270	mol190	-12.33	CN(C(=O)CC[C@@H](C(=O)O)c1ccc(B(O)O)cc1)c1cccc(NC(=O)c2cccc(C(F)(F)F)c2)c1
270	mol44	-12.46	Cc1ccc(Nc2cc(C(=O)Nc3cccc4ccccc34)ncn2)cc1NS(C)(=O)=O
270	mol372	-13.11	Cc1ccc(Cn2cnc3ccc(-c4ccc(C(=O)O)cc4)cc3c2=O)cc1
270	mol382	-12.28	Cc1cccc(-c2cccc(C(=O)c3cccc(-n4cccn4)c3)c2)c1
270	mol77	-13.21	Cc1cccc(Cc2cc(-c3ccc(C(=O)O)cc3)ccc2OC(=O)c2cccc(NC(=O)c3cccc4ccccc34)c2)c1
270	mol110	-12.03	[NH3+]Cc1ccc(-c2cccc3c(Nc4ccc(CO)cc4)cccc23)cc1
270	mol208	-13.4	Cc1ccc(C(=O)Nc2cc(C(=O)Nc3ccc(C(=O)Nc4cccc(C(F)(F)F)c4)cc3)ccc2C(F)(F)F)cc1
270	mol90	-12.11	Cc1ccc(C(=O)Nc2ccc([C@@H](C)Nc3ccnc4ccc(C(N)N)cc34)cc2)cc1
270	mol441	-12.39	Cc1ccc(S(=O)(=O)Nc2ccc(-c3c(Cc4ccccc4Cl)sc4ccccc34)cc2)cc1
270	mol363	-13.37	Cc1cc(CN(N=O)c2ccc(C(=O)NCC(=O)Nc3ccc4c(N)nccc4n3)cc2)ccc1NC(=O)c1ccc(C(N)N)cc1
270	mol113	-13.06	Cc1c(Nc2ccc(C(N)N)cc2F)ccc2nc(Nc3ccc(C(=O)N[C@@H](CCC(=O)O)C(=O)O)cc3)ccc12
270	mol83	-12.06	Cc1ccc(C(=O)Nc2ccc(Cc3cc4ccccc4o3)cc2)cc1
270	mol262	-12.83	Cc1cc(N2CCC(Nc3nccc(-c4ccccc4)n3)CC2)ccc1NC(=O)c1ccc(-n2ccccc2=O)cc1
270	mol125	-13.06	Cc1ccc(NC(=O)Nc2cccc(-c3cnc4ccccc4n3)c2)cc1
270	mol371	-13.4	Cc1c(-c2nc(Nc3cccc(C(=O)Nc4cccnc4)c3)ncc2F)ccc2[nH]ccc12
270	mol224	-12.36	Cc1cc2ccccc2nc1-c1ccc(NC(=O)Nc2ccc(C#N)cc2)cc1
270	mol154	-12.9	Cc1ccc(-c2ccc(C(=O)Nc3ccc(-c4ccccc4)cc3)cc2C(=O)O)cc1
270	mol468	-12.27	Cc1ccc(NC(=O)c2cc(N3CCC[C@@H](C(=O)Nc4ccccc4S(N)(=O)=O)C3)ccc2Cl)cc1
270	mol456	-12.26	Cc1ccc(NC(=O)c2ccc(C[N@H+]3CC[N@@H+](C)CC3)cc2)cc1Nc1ncnn2cc(C(=O)N[C@@H](C)c3ccccc3)cc12
270	mol31	-12.07	Cc1c(-c2ccc(Oc3ccc(F)cc3)cc2)ccc2nc(N)[nH]c(=O)c12
270	mol178	-12.01	Cc1cc(NCc2cc(C(F)(F)F)cc(C(F)(F)F)c2)nn1CC(=O)Nc1ccc(COc2ccccc2)cc1
270	mol446	-12.1	Nc1cccc(-c2ccc(CCCOc3cccc4ccccc34)cc2)c1
270	mol47	-12.63	Cc1ccc(NC(=O)c2cccc(N3CCC(Nc4nccc(-c5ccccc5)n4)CC3)c2)cc1
270	mol42	-13.46	Cc1ccc(NC(=O)c2cccc(CC3CCCCC3)c2)cc1Nc1ncn(-c2ccc(C(=O)Nc3ccccc3)cc2)n1
270	mol33	-13.1	Nc1cc(NC(=O)Nc2ccc(Nc3ccc4nccc(Nc5ccccc5)c4c3)cc2)cc(C(F)(F)F)c1
270	mol409	-12.35	Cc1ccc(C(=O)NC2CC2)cc1NC(=O)c1ccc(C(=O)NCc2ccccc2)c(Nc2ncnc3ccccc23)c1
270	mol483	-12.71	Cc1ccc(C(=O)Nc2ccc(C(=O)Nc3ccc(C(=O)N[C@@H](Cc4ccccc4)C(=O)O)cc3)cc2)c(C)c1
270	mol243	-12.21	Cc1c(NS(=O)(=O)c2ccc(Cl)cc2)cccc1-c1ncc(F)c(-c2ccc(CC(=O)NS(C)(=O)=O)cc2)n1
270	mol484	-12.57	Cc1cc2cc(NC(=O)N[C@H]3CCC(=O)c4ccccc43)ccc2[nH]c1=O
270	mol97	-12.93	Nc1ccc(-c2cccc(-c3ccnc(Nc4cccc(O)c4)n3)c2)cc1
270	mol486	-12.59	Cc1cc(Nc2nc(Cc3cccc(C(=O)Nc4cccc(C(=O)O)c4)c3)c3ccccc3n2)cnc1NS(C)(=O)=O
270	mol265	-14.03	Cc1cc(NC(=O)Nc2ccc(Nc3ccnc(-c4cccc(C(=O)O)c4)n3)cc2)cc(NC(=O)c2ccccc2)c1
270	mol202	-12.87	c1ccc(-c2nccn3c(-c4cccc5ccccc45)cnc23)cc1
270	mol476	-13.08	Cc1[nH]c2ccccc2c1CCNC(=O)c1ccc(Nc2ncc3ccc(-c4ccccc4)nc3n2)cc1
270	mol246	-13.06	CC#Cc1cncc(-c2ccc(C(=O)Nc3ccc(Nc4ccnc(Nc5ccccc5)n4)cc3)cc2C(F)(F)F)c1
270	mol460	-12.61	Cc1cc(Oc2cccc(OCc3nc(-c4ccc(C(=O)O)cc4)ncc3[N+](=O)[O-])c2)ccc1C(F)(F)F
270	mol305	-12.28	Cc1ccc(NC(=O)c2ccc(C[N@H+]3CC[N@H+](C)CC3)cc2)cc1Nc1nccc(-c2cccnc2)n1
280	mol114	-12.44	Cc1ccc(NC(=O)c2ccc(C[N@H+]3CC[N@H+](C)CC3)cc2)cc1Nc1nccc(-c2cccnc2)n1
280	mol442	-12.25	Cc1cc(Nc2cc(NCCC(=O)O)cc(C(F)(F)F)c2)ccc1Nc1ccnc(-c2ccccn2)n1
280	mol225	-12.68	Cc1ccc(C(=O)Nc2ccc(C(N)N)cc2)cc1NS(=O)(=O)c1ccc(/C=C/c2ccccc2)cc1
280	mol254	-12.04	Cc1cc(OCCCc2c(O[C@H]3CC[C@@H]([NH+](C)C)CC3)c3ccccc3n(CC(=O)Nc3cccc(C(F)(F)F)c3)c2=O)ccc1-c1cccc(C(F)(F)F)c1
280	mol141	-13.99	Cc1ccc(C(=O)Nc2ccc(C(N)N)cc2)cc1NC(=O)c1cccc(N2C(=O)c3ccccc3C2=O)c1
280	mol153	-12.82	Cc1cc(Nc2nccc(C3=CCCN3)n2)cc(OCc2cccc(-c3nc4ccccc4[nH]3)c2)c1
280	mol92	-12.26	Cc1ccc(C(=O)NC2CC2)cc1NC(=O)c1cnc(Nc2ccc3ccccc3c2)s1
280	mol367	-12.7	Cc1ccccc1C(=O)Nc1ccc(Cl)c(C(=O)Nc2cccc(C(=O)Nc3ccccn3)c2)c1
280	mol51	-12.26	Cc1ccc(C(=O)Nc2cccc(C(F)(F)F)c2)cc1Nc1cc(-c2cnccn2)ccn1
280	mol52	-12.29	Cc1ccc(Cc2ccccc2C(=O)Nc2ccc(Oc3ccnc4cc(OCCCNC(=O)O)ccc34)cc2)cc1
280	mol155	-12.47	Cc1cc(Cl)cc(Cn2cc(NC(=O)c3n[nH]c4cc(-c5cn[nH]c5)ccc34)cn2)c1
280	mol241	-12.33	Cc1ccc(NC(=O)c2ccc(Oc3ccccc3)cc2)cc1Nc1nccc(-c2cccnc2)n1
280	mol255	-12.77	Cc1cnc(Nc2ccc(C(=O)NCc3ccccc3)cc2)cc1Nc1ccn(Cc2ccc(C(=O)Nc3ccccc3N)cc2)c1
280	mol492	-12.3	Cc1c(NC(=O)c2ccc(C#N)cc2)cccc1-c1nc(Nc2cccc(C(N)=O)c2)c2ccccc2n1
280	mol479	-12.13	Cc1ccccc1C(=O)Nc1cccc(-c2nnc(CCc3ccccc3)o2)c1
280	mol163	-12.06	C[C@H](c1cccc(-c2ccc(NS(=O)(=O)c3cc(F)cc(F)c3)cc2)c1)[NH+]1CCOCC1
280	mol385	-12.04	c1ccc(-c2[nH]ncc2-c2ccc(Nc3cccc4ccccc34)cc2)cc1
280	mol345	-12.44	Cc1cc(F)ccc1Nc1nccc(Nc2cccc3ccccc23)n1
280	mol61	-12.13	Cc1cc(NC(=O)Nc2ccc(C(N)N)cc2)cc(C(=O)Nc2cccc(OC(F)F)c2)c1
280	mol12	-13.08	Cc1ccc(-c2ccc(C(=O)Nc3ccc(C(=O)Nc4ccc(C(=O)O)cc4)cc3)cc2)cc1
280	mol296	-12.13	Cc1ccc(C(=O)Nc2cccc(Nc3ccc4ccccc4n3)c2)cc1
280	mol60	-12.97	Cc1ccccc1-c1cccc(C(=O)Nc2ncc(Cc3ccc(C(=O)Nc4ccccc4)cc3)s2)c1
280	mol197	-12.28	CN(C)c1ccc(C(=O)Nc2cccc(S(=O)(=O)Nc3ccc4ccccc4c3)c2)cc1
280	mol102	-12.82	Cn1cc(-c2cccc(Nc3nccc(-c4c[nH]c5ccccc45)n3)c2)cn1
280	mol419	-12.91	Cc1cccc(-c2cccc(/C=C/c3cccc(/C=C/c4cccc(C(=O)O)c4)c3)c2)c1
280	mol29	-13.16	Cc1cc(NC(=O)c2ccc(-c3ccc4nccn4n3)s2)ccc1NC(=O)c1ccc2ccccc2n1
280	mol318	-12.76	Cc1cccc(NC(=O)Nc2cccc(Cc3cc4c(Nc5ccccc5)n[nH]c4cc3N)c2)c1
280	mol91	-12.48	Cc1cccc(-c2ccnc(Nc3ccc(C(=O)Nc4ccc(C(=O)O)cc4)cc3)n2)c1
280	mol360	-12.26	Cc1cc(C#N)ccc1-c1ccc(Nc2ncc3cc(Nc4ccccc4)ccc3n2)cc1
280	mol249	-12.02	Cc1cc(NC(=O)Nc2cccc(C(=O)O)c2)cc(NC(=O)Nc2nccs2)c1
280	mol342	-12.33	Cc1ccc(C(=O)Nc2ccc(Oc3ccc(NC(=O)c4ccccc4Cl)cc3)cc2)cc1
280	mol37	-12.66	Cc1cc(CNC(=O)c2ccc(C#N)o2)cc(-c2ccc(C(=O)Nc3cccc(C(C)C)c3)cc2)c1
280	mol157	-13.55	Cc1cc(NS(=O)(=O)c2ccc(NC(=O)c3ccc4ccccc4n3)cc2)ccc1-c1ccccc1
280	mol266	-12.58	Cc1ccc(C(=O)Nc2ccc(CCC(=O)Nc3cccc(NC(=O)c4ccccc4)c3)cc2)cc1
280	mol285	-12.8	Nc1cc(Nc2ccc(C(=O)O)cc2)ccc1NC(=O)c1ccc(CCCNc2nc3ccccc3[nH]2)cc1
280	mol152	-12.81	Cc1cnccc1-c1ccc(OCc2ccc(C(=O)NC[C@H]3CCCC[C@H]3OC(=O)c3ccccc3)cc2C(F)(F)F)cc1
280	mol341	-14.64	Cc1ccc(NC(=O)c2ccc(NC(=O)c3ccc4ccccc4c3)cc2)cc1C(=O)N1Cc2ccccc2C1
280	mol308	-12.17	Cc1cc(CC(=O)NO)ccc1NC(=O)Cc1ccc(Oc2ccc(C(=O)O)cc2)cc1
280	mol54	-12.34	Cc1ccc(C(=O)Nc2ccc(-c3ccc4nc(C(=O)O)cn4n3)cc2)cc1
280	mol200	-12.25	Cc1ccc(CNC(=O)c2cccc(Nc3nccc(Nc4cccc(C(F)(F)F)c4)n3)c2)cc1
280	mol245	-13.71	Cc1ccccc1-n1cc(-c2cnc3[nH]ccc3c2)cc1C(=O)Nc1ccc(Nc2ccnc3cc(N)ccc23)cc1
280	mol105	-12.44	Cc1c(F)cc(/C=C\c2cccc(N)c2)cc1NC(=O)c1ccc(C(=O)Nc2ccccc2)cc1
280	mol232	-12.11	Cc1cc(Nc2nc(N)c(C(=O)Nc3cccc(F)c3)s2)cc(Nc2ncnc3nc[nH]c23)c1
280	mol403	-12.14	Cc1cccc(CCc2cc(Nc3ccnc(Nc4ccc([C@@H](N)/N=C\C=N\C(=O)c5ccccc5)cc4)n3)ccc2O)c1
280	mol402	-13.49	Cc1ccc(C(=O)Nc2cccc(C(=O)Nc3cccc(C(F)(F)F)c3)c2)cc1Nc1nccc(-c2ccncc2)n1
280	mol457	-12.77	Cc1ccc(C(=O)Nc2ccc(C[N@H+]3CC[N@H+](C)CC3)c(C(F)(F)F)c2)cc1Nc1nccc(-c2cccnc2)n1
280	mol372	-12.8	Cc1cc(NCc2cccc(Oc3cccc4ccccc34)c2)ccc1NC(=O)c1ccc(C(N)N)cc1
280	mol206	-12.55	Cc1ccc(NC(=O)c2cccc(C(F)(F)F)c2)cc1Nc1ncnc2cc(-c3ccccc3)sc12
280	mol216	-12.1	Cc1cc(NC(=O)c2ccc3c(=O)n4ccccc4nc3c2)ccc1CC(=O)O
280	mol198	-12.28	Cc1cc(-c2ccc(NC(=O)Nc3ccc4cccnc4c3)cc2)ccc1O
280	mol117	-13.12	Cc1ccc(-c2ccc(C[C@H](NC(=O)c3ccc(Nc4ncnc5ccccc45)cc3)C(=O)O)cc2)cc1
280	mol139	-12.17	Cc1nc2ccc(NCc3ccc(C(=O)N[C@@H](CCC(=O)O)C(=O)O)cc3)cc2c(=O)n1-c1ccc(F)cc1
280	mol110	-12.91	Cc1ccc(C(=O)Nc2ccc(C(=O)Nc3ccc(Oc4cccc(C(=O)O)c4)cc3)cc2)cc1
280	mol90	-12.2	Cc1c(C(=O)Nc2cccc(C(F)(F)F)c2)cccc1N1C(=O)CCc2ccccc21
280	mol331	-13.37	Cc1ccc(Nc2cc(C(=O)NCc3ccc(Cl)cc3)ncn2)cc1N(C)c1cccc(C(=O)Nc2ccccc2S(C)(=O)=O)c1
280	mol354	-12.28	NC(=O)c1ccc(Oc2ccc(-c3nnc(-c4ccccc4Cl)[nH]3)cc2)cc1
280	mol257	-12.51	CCC(=O)Nc1cccc(Nc2nccc(Nc3cc4c(cc3Cl)CC(=O)N4CC3CCN(C(=O)C4CC4)CC3)n2)c1
280	mol420	-12.07	Cc1ccc(NC(=O)c2ccc(CNc3ccc4ccccc4c3)cc2)cc1
280	mol485	-12.06	Cc1ccc(C(=O)Nc2ccc(C(=O)Nc3cccc(C(=O)O)c3)cc2)cc1
280	mol125	-14.55	Cc1ccc(C(=O)NC2CC2)cc1-c1ccc2c(Nc3cccc(C(=O)Nc4ccccc4)c3)ncnc2c1
280	mol224	-12.73	Cc1cc(-c2ccc(C(=O)NO)cc2)ccc1-c1ccc(OCc2cccnc2)cc1
280	mol417	-12.2	CC(=O)Nc1ccc(-c2cc(Nc3ccc(C(=O)N[C@@H](CCNC(=O)c4ccccc4F)C(=O)O)cc3)nn2-c2cccc(F)c2)cc1
280	mol154	-13.29	Cc1cc(NC(=O)c2cccc(C#N)c2)cc(-c2ccc(OCc3ccc4ncccc4n3)cc2)c1
280	mol27	-12.12	Cc1c(-c2cccc(C(=O)Nc3ccc(C(=O)O)cc3)c2)cnc2ncc(F)cc12
280	mol31	-12.28	CC(=O)N1CCC(Oc2ccc(F)c(C(=O)Nc3ccc4ccccc4c3)c2)CC1
280	mol178	-12.87	Cc1ccc(NC(=O)c2ccc(C[N@H+]3CC[N@H+](C)CC3)cc2)cc1Nc1nccc(-c2c[nH]c3ccc(C(N)=O)cc23)n1
280	mol446	-13.12	COc1ccc(NC(=O)Nc2cccc(-c3nc4cc(C(N)N)ccc4[nH]3)c2)cc1
280	mol356	-12.22	Cc1ccc(C(=O)Nc2cccc(C(=O)Nc3ccc(CO)cc3)c2)cc1Nc1ncnc2cc(Cc3ccc(NC(=O)Cc4ccccc4)cc3)c(N3CCCC3)cc12
280	mol205	-13.03	[H][P@TB3](O)(O)(OC[C@H]1O[C@H](n2ccc(NC(=O)c3cccc(NC(=O)NCc4ccccc4)c3)n2)[C@@H](O)[C@@H](O)[C@@H]1O)OCC(C)(C)C(=O)NO
280	mol243	-13.64	Cc1c(Cc2cccc(C(=O)O)c2)cccc1-c1ccc(NCc2ccc(C(=O)NO)cc2)cc1
280	mol214	-12.02	Cc1cc(C(=O)Nc2ccc(-c3c[nH]c4ncc(-c5ccccc5)cc34)c(C(F)(F)F)c2)on1
280	mol463	-12.49	Cc1cc(C(=O)Nc2cccc(C(F)(F)F)c2)ccc1Nc1nccc(-c2cccnc2)n1
280	mol97	-12.59	Cc1ccc(S(=O)(=O)Nc2ccc(CCOc3ccc(NC(=O)c4cc(C(=O)NCCC(=O)NO)ccc4Cl)cc3)cc2)cc1
280	mol265	-12.07	Cc1ccc(NC(=O)c2ccc(CNC(=O)c3ccc(N(C)C(=O)Nc4cccc(C(=O)NCC[NH+](C)C)c4)s3)cc2)cc1
280	mol464	-12.03	Cc1ccc(NC(=O)c2cccc(NC(=O)c3cccnc3)cc2=O)cc1
280	mol454	-13.02	c1ccc(Cn2cc(-c3ccc4c(c3)Cc3ccccc3-4)cn2)cc1
280	mol134	-12.41	Cc1cc(Nc2cccc(C(=O)Nc3ccccc3)c2)ccc1Nc1ccc(/C=C\C(=O)O)cn1
280	mol343	-12.16	Cc1ccc(NC(=O)c2cccc(C(F)(F)F)c2)cc1-c1ccc(NCc2cccnc2)cc1
280	mol497	-12.05	Cc1cc(=O)c2ccc(Nc3cccc(NC(=O)COc4ccc(C(=O)O)c(C)c4)c3)cc2o1
290	mol422	-13.1	C/C(=N\OC[C@H]1CCCCN1)c1ccc(NC(=O)Nc2cc(C)cc(C(=O)Nc3cccc(S(N)(=O)=O)c3)c2)cc1
290	mol75	-12.63	Cc1ccc(NC(=O)c2ccc(NC(=O)c3cc4ccccc4o3)cc2)cc1
290	mol203	-12.51	Cc1cnccc1-c1cc(Nc2ncc(F)c(Nc3cccc4c(Cl)cccc34)n2)cc(N2CCCC2=O)c1
290	mol84	-12.23	Cc1ccc(C(=O)Nc2ccc(C(=O)Nc3ccc(C(=O)N[C@@H](CCC(=O)O)C(=O)O)cc3)cc2)cc1
290	mol289	-12.28	Cc1cc(C(=O)Nc2ccc(C(=O)O)c(Oc3cccc4ccccc34)c2)ccc1F
290	mol108	-12.74	Cc1cc(N2CCC(Nc3ncc(Cl)cn3)CC2)ccc1NC(=O)c1ccc(Cc2n[nH]c(=O)c3ccccc23)cc1
290	mol320	-12.76	NC(N)c1ccc2cc(C(=O)Nc3cccc4c(O)cccc34)ccc2c1
290	mol52	-12.13	Cc1nc(CN(C)c2cc(C3=NC(=O)NC(C)(C)C3)ccc2-c2nc(Nc3ccc(C(=O)NCC(F)(F)F)cc3)ncc2F)ncc1F
290	mol306	-12.97	Cc1cc(C(=O)N2CCc3ccc(B(O)O)cc32)ccc1-c1ccc(NC(=O)Cc2cccc(C(=O)O)c2)cc1
290	mol186	-12.25	Cc1cc(C(=O)Nc2ccc(Oc3ccc(NC(=O)C4CC4)cc3)cc2)ccc1OC(C(F)(F)F)C(F)(F)F
290	mol222	-13.45	Cc1ccncc1-c1ccc(-n2c(=O)c3cc(C(=O)NCc4ccccc4Cl)ccc3n(C)c2=O)cc1
290	mol21	-12.03	Cc1cc(N)cc(Nc2cc(Nc3ccc(N4CC[C@@H]([NH+](C)C)C4)cc3)nn3cccc23)c1
290	mol467	-12.88	CC(=O)NC(=O)COc1ccc(Cl)c(NC(=O)Nc2ccc(Nc3ccnc4ccccc34)cc2)c1
290	mol143	-12.42	Cc1cc(Oc2cccc(NC(=O)Cc3ccccc3)c2)cc(N2CCCC2=O)c1
290	mol94	-12.38	Cc1ccccc1-c1ccc(C(=O)Nc2ccc(CC(=O)O)cc2)cc1
290	mol69	-12.68	Cc1cc(-c2cccc(NC(=O)Nc3cccc(Oc4ccccc4)c3)c2)ccn1
290	mol12	-13.75	Cc1cc(Nc2cc(NC(=O)c3ccc(C#N)cc3)nn3cccc23)ccc1NC(=O)c1ccc(N2C(=O)Cc3ccccc32)cc1
290	mol387	-12.61	Cc1ccc(C(=O)Nc2ccc([C@@H](O)c3ccc(F)cc3)cc2C(=O)O)cc1
290	mol169	-12.14	Cc1ccc(C(=O)NCc2ccc(C(=O)Nc3nnc(Cc4ccccc4)o3)cc2)cc1
290	mol59	-12.05	Cc1ccc(-c2nc3ccc(CCCc4ccccc4)cc3o2)cc1N
290	mol16	-12.17	Cc1ccc(NC(=O)c2cccc(Nc3ncc4ccc(=O)[nH]c4n3)c2)cc1
290	mol49	-12.39	Cc1c(-c2cccc3ccccc23)oc(=O)c2cc(O)ccc12
290	mol419	-12.19	Cc1ccc(C(=O)Nc2ccc(CNC(=O)c3cc(=O)c4ccccc4o3)cc2)cc1
290	mol29	-12.13	Cc1ccc(NC(=O)c2cccc(C(=O)Nc3ccc4c(c3)CN(Cc3cccnc3)CC4)c2)cc1
290	mol22	-12.09	Cc1ccc(NC(=O)c2cccc(C(=O)NCc3cccc(C(=O)NCc4ccccc4)c3)c2)cc1
290	mol478	-13.05	Cc1ccc(NC(=O)Nc2ccc(Oc3ccc(-c4nc5ncccc5[nH]4)cc3)cc2)cc1
290	mol185	-13.45	[H]/N=C\c1ccc(-c2ccc(S(=O)(=O)Nc3ccc(NC(=O)c4ccc(-c5cc(C(=O)O)nn5-c5ccc(Cl)cc5)cc4)c(C)c3)cc2)cc1
290	mol65	-12.66	Cc1cc(NS(=O)(=O)c2ccc(Nc3nccc(Nc4ccccc4S(=O)(=O)NC(C)C)n3)cc2)ccc1NC(=O)c1cccc(C(=O)O)c1
290	mol64	-12.04	Cc1cc2c(C3CC3)nc(Nc3cccc(C(=O)Nc4cccc(C(F)(F)F)c4)c3)nc2s1
290	mol13	-13.24	Cc1ccc(C(=O)Nc2ccc(C[NH+]3CCOCC3)cc2F)cc1NC(=O)c1ccc(-c2ccccc2)cc1
290	mol88	-12.42	Cc1cc(-c2cccc(C#N)c2)ccc1C(=O)Nc1ccc(NC(=O)c2ccc(S(N)(=O)=O)cc2)cc1
290	mol434	-12.55	Cc1ccc(Cl)cc1-c1ccc(C(=O)Nc2ccc(C(=O)O)cc2)cc1
290	mol228	-13.16	CCC(=O)Nc1cc(Nc2cc(C(=O)Nc3cc(C(=O)O)ccc3F)ncn2)ccc1Nc1ncc(Cl)c(Nc2ccc3ncccc3c2)n1
290	mol398	-12.21	Cc1ccc(NC(=O)c2ccc([N+](=O)[O-])o2)cc1Nc1nc(Nc2cccc(N3CCOCC3)c2)cs1
290	mol26	-12.87	CC(C)c1cc(-c2nn([C@H]3CC[C@H]([NH3+])CC3)cc2-c2cc(C(=O)N[C@@H](Cc3c[nH]c4ccccc34)C(=O)O)ccc2Cl)[nH]n1
290	mol418	-13.36	Cc1c(-c2ccc(C(N)N)cc2)noc1-c1nc(-c2ccc(C(=O)NCc3ccc(Cl)cc3)cc2)no1
290	mol144	-12.1	Cc1cccc(-n2nc(C(=O)O)cc2-c2cccc(NC(=O)c3ccc4ccccc4n3)c2)c1
290	mol488	-12.01	CC(C)c1cccc(C(=O)NCCc2cccc(NC(=O)c3cc4ccccc4o3)c2)c1
290	mol271	-12.16	Cc1cc(NC(=O)c2ccc3c(c2)CC(=O)N3Cc2ccccc2C(F)(F)F)ccc1F
290	mol218	-12.75	Cc1cnc(Nc2ccc(CC(=O)Nc3ccc4nccnc4c3)cc2)c2ccccc12
290	mol370	-12.11	Cc1ccc(C(=O)Nc2ccc(C(=O)Nc3cccc(C(=O)O)c3)cc2)cc1
290	mol177	-13.92	Cc1c(-c2nc(Nc3cccc(C(=O)Nc4cccc(C(=O)O)c4)c3)cs2)cccc1S(=O)(=O)Nc1ccc2c(/C=C\c3ccccn3)ncnc2c1
290	mol499	-12.04	Cc1ccc(C(=O)Nc2ccc(Oc3ccc(NC(=O)c4ccccc4)cc3)cc2)cc1
290	mol145	-12.3	c1ccc(COc2cccc(Cc3ccc(-c4nc5ccccc5o4)cc3)c2)cc1
290	mol239	-12.52	Cc1cc(CNC(=O)c2cccc(NC(=O)Nc3ccc(C(=O)O)cc3)c2)ccc1O
290	mol402	-12.51	CN1C(=O)NC(=O)N[C@H](c2cccc(-c3ccc(N4CCC(O)CC4)nc3)c2)C1=O
290	mol180	-12.37	CN(C)c1ccc(-c2ccc(Nc3ccc(C(=O)NCCS(=O)(=O)O)c(Cc4ccccc4)c3)cc2)cc1
290	mol453	-13.03	O=C(Nc1cccc(NC(=O)c2cccc(Nc3cc(Nc4ccc(O)cc4)ncn3)c2)c1)c1ccccc1
290	mol160	-12.7	Cc1ccccc1NC(=O)Nc1ccc2c(c1)CC[C@H]2OC(=O)c1ccc([N+](=O)[O-])cc1
290	mol362	-12.73	Cc1ccc(C(=O)Nc2cccc(Nc3cc(=O)[nH]c4cc([N+](=O)[O-])ccc34)c2)cc1
290	mol439	-12.3	Cc1ccc(Nc2ccc(-c3cccc(CNC(=O)c4cccc(OCC(=O)O)c4)c3)cc2)cc1
290	mol216	-12.96	Cc1cc(NS(=O)(=O)c2ccc3nc(N)[nH]c(=O)c3c2)ccc1Nc1ccc2c(c1)CCC2=O
290	mol139	-12.12	Nc1cc(CNc2ccc(C(=O)N[C@H](CCC(=O)O)C(=O)O)cc2)ccc1NCc1ccc(Oc2ccc(/C=C\C(=O)O)cc2)cc1
290	mol424	-12.35	CN(Cc1cnc2nc(Nc3ccc(C(=O)N[C@H](CC(=O)O)C(=O)O)cc3)nnc2n1)c1cccc(C(=O)O)c1
290	mol331	-12.14	Cc1ccc(C(=O)Nc2cccnc2)cc1Cn1cnc2ccc(-c3ccncc3)cc2c1=O
290	mol376	-12.51	Cc1ccc(NC(=O)c2ccnc(Nc3ccc4ccccc4c3)c2)cc1
290	mol263	-13.02	Cc1nc2c(Nc3cccc(C(=O)O)c3)cccn2c1-c1ccc(NC(=O)c2ccc(C(=O)O)cc2)cc1
290	mol113	-12.34	Nc1c(NC(=O)Nc2ccc(C(=O)O)cc2)cc(NCc2ccc(-c3cccc4cccnc34)cc2)cc1[N+](=O)[O-]
290	mol184	-12.88	Cc1cc(C(F)(F)F)nc(Nc2ccc3c(c2)Cc2cnc(Nc4cccc(C(=O)NCCC(=O)O)c4)nc2-3)n1
290	mol125	-14.01	Cc1ccccc1-c1ccc(C(=O)Nc2ccc(-n3ccccc3=O)cc2C(=O)O)cc1
290	mol109	-13.13	Cc1ccc(C(=O)Nc2cccc(C(F)(F)F)c2)cc1NC(=O)c1ccc(Nc2ccc3cc[nH]c3c2)nc1
290	mol39	-12.5	Cc1cccc(CNC(=O)c2ccc(NC(=O)c3ccc(O)c(/C=C/c4cccc(C(=O)O)c4)c3)cc2)c1
290	mol496	-13.45	Cc1ccc(NC(=O)c2cccc(C(F)(F)F)c2)cc1NC(=O)c1cccc(-c2cc(C(=O)O)ccn2)c1
290	mol173	-12.05	FC(F)(F)c1ccc(-c2nccnc2Nc2ccc(Nc3ncnc4ccccc34)cc2)cc1
290	mol269	-12.23	Cc1cc(C(=O)Nc2ccc(C(=O)O)c(Oc3cccc4ccccc34)c2)ccc1O
290	mol456	-12.28	Cc1cc(Cc2cnc(N)c(C(=O)Nc3cccc(C(=O)Nc4cccc(C(F)(F)F)c4)c3)n2)on1
290	mol122	-12.26	Cc1ccc(NC(=O)Nc2cccc(Oc3ccc4ccccc4n3)c2)cc1
290	mol392	-12.18	Cc1ccc(CNC(=O)c2cccc(Cc3nc4ccccc4c(=O)[nH]3)c2)cc1
290	mol30	-12.02	Cc1ccc(NC(=O)c2cccc(NC(=O)c3cccc(C(=O)O)c3)c2)cc1
290	mol33	-13.14	Cc1cc(F)ccc1-c1ccc(Nc2nccc(Nc3ccc4c(N)nccc4c3)n2)cc1
290	mol235	-12.55	Cc1cc(Nc2nc(-c3cccc(C(=O)Nc4cccc(C(=O)NC(C)C)c4)c3)cs2)ccc1F
290	mol107	-12.24	c1ccc(-c2cccc(-c3nc(-c4ccccc4)c[nH]3)c2)cc1
290	mol151	-13.88	Cc1ccccc1-c1cccc(C(=O)Nc2ccc(C3=CCc4c(F)cccc4CC3)cc2)c1
290	mol137	-12.41	COc1ccc([C@@H](NC(=O)c2ccc(C(=O)Nc3cccc4ccccc34)cc2)c2cccc([C@@H](N)NC(C)=O)c2)cc1
290	mol79	-12.45	Cc1cc(C(=O)Nc2cccc(C(F)(F)F)c2)ccc1-c1cccc(C(=O)O)c1
290	mol71	-12.94	Cc1cc(Nc2cc(C(F)(F)F)ccn2)nc(-c2ccc(C(=O)Nc3ccc(CN4CCC(C(=O)O)CC4)cc3)cc2F)c1
290	mol246	-12.33	Cc1ccc(C(=O)NCc2ccc(C(=O)Nc3cc(C#N)ccc3NC(=O)c3ccc4ccccc4n3)cc2)cc1
290	mol460	-12.24	Cc1ccc(Cc2cc(N3CCc4cc(C(=O)NO)ccc43)[nH]n2)cc1
290	mol343	-12.09	COc1cc(OC)cc(Oc2cccc(NS(=O)(=O)c3ccc4ccc(C(=O)O)cc4c3)c2)c1
290	mol364	-12.67	Cc1ccc(-c2ccc3c(=O)n(-c4cccc(NC(=O)c5ccccc5)c4)cnc3c2)cc1
290	mol116	-12.75	Cc1ccc(C(=O)NC2CC2)cc1-c1ccc2nc(Nc3ccc(C(=O)NCc4ccccc4)cc3)sc2c1
290	mol497	-12.96	CNc1cc(-c2ccc3c(c2)CCCN3C(=O)C(=O)Nc2ccc(CC(=O)O)cc2)nc(N)n1
290	mol43	-12.24	CC(=O)Nc1ccc(NC(=O)c2cccc(-n3ccccc3=O)c2C(=O)O)cc1
300	mol443	-12.7	Cc1nc(NC(=O)c2cccc(S(=O)(=O)Nc3cccc(C(=O)O)c3)c2)sc1C(=O)Nc1ccc(Cl)c(Cl)c1
300	mol114	-13.16	CC(=O)Nc1ccc(C(=O)Nc2ccc(-c3ccc(CNC(=O)c4cccc(C(=O)O)c4)s3)cc2)cc1
300	mol75	-12.84	Cc1ccc(C(=O)Nc2ccc(Cc3ccc(NC(=O)c4ccc(C(=O)O)o4)cc3)cc2)cc1
300	mol284	-12.46	Cc1cc(C)cc(Nc2nccc(Nc3ccc4ccccc4c3)n2)c1
300	mol165	-12.51	Cc1cc(Nc2ncc(Cl)c(Nc3ccccc3S(=O)(=O)C(C)C)n2)ccc1N(C)c1cccc(C(=O)NCc2cccc(C(=O)O)c2)c1
300	mol324	-13.11	Cc1cc(N2CCC[C@@H](Cc3cccc(-c4cccc(C(=O)O)c4)c3)C2)nnc1C(=O)Nc1ccc(C(=O)O)c(O)c1
300	mol298	-12.7	O=C(NCc1ccccc1)c1ccc(Nc2cc(-c3cccc4ccccc34)cc3ccccc23)nc1
300	mol289	-13.2	Cc1cc(NC(=O)c2ccc(C(=O)c3cc4ccccc4o3)cc2)ccc1NC(=O)c1ccc(Nc2ncc([C@](O)(CF)C(F)(F)F)s2)cc1
300	mol384	-12.51	Cc1cc(NC(=O)c2ccc(C(=O)c3cccc(C(=O)O)c3)cc2)cc(C(=O)NCc2cccc(C(=O)O)c2)c1
300	mol51	-12.55	Nc1nc(NCCc2ccc(NCc3ccc4n[nH]cc4c3)cc2)sc1[C@H](NCc1ccc(Nc2ccnc3cc(Cl)ccc23)cc1)C(F)(F)F
300	mol348	-13.02	Cc1c(Nc2ccccc2C(=O)O)cccc1-c1nc2ccc(C(=O)c3ccc(F)cc3)cc2s1
300	mol467	-12.44	Cc1c(Nc2ccc(C(N)=O)cn2)ccc(C(=O)Nc2ccc(C(=O)Nc3ccc(C(=O)O)cn3)cc2)c1CC#N
300	mol270	-13.26	Cc1ccccc1-c1ccc(C(=O)Nc2ccc(Cn3cc(C(=O)O)c4ccccc43)cc2)cc1
300	mol112	-12.52	Cc1ccc(C(=O)Nc2ccc(Oc3ccc4ncccc4c3)cc2C(=O)O)cc1
300	mol374	-12.22	c1ccc(-c2ccc(Nc3nccc(-c4cccnc4)n3)cc2)cc1
300	mol67	-12.95	Cc1cc(NC(=O)Nc2ccc(Nc3ccnc4ccccc34)cc2)cc(N2CCOCC2)c1
300	mol385	-12.45	CNC(=O)c1cccc(Nc2ncc(Cl)c(Nc3cccc(C(=O)Nc4cccc(C(F)(F)F)c4)c3)n2)c1
300	mol296	-13.79	Cc1ccc(-c2oc(-c3cccnc3)cc2-c2ccc(NC(=O)Nc3cccc4ccccc34)cc2)cc1
300	mol60	-13.3	C[C@H](Nc1cc(-c2cccc(-c3cnc4ccccc4n3)c2)ccn1)c1cccc(N2CC[C@H](C(=O)O)C2)c1
300	mol240	-12.49	Cc1cc(C(=O)Nc2ccc(Oc3ccc(NC(=O)Nc4cccc(C(F)(F)F)c4)cc3)cc2)on1
300	mol16	-12.86	Cc1cc(Oc2ccc(Nc3nc4ccc(C(C)(C)C)cc4o3)cc2)ccc1NC(=O)c1cccc(C(=O)O)c1
300	mol49	-13.24	Cc1cc(NC(=O)c2ccc(C(=O)Nc3cccc(Oc4ncccn4)c3)cc2)cc(N2CCCCC2=O)c1
300	mol421	-13.17	Cc1ccc(C(=O)Nc2ccc(C(=O)Nc3cccc(C(=O)Nc4nnc[nH]4)c3)cc2)cc1
300	mol102	-12.82	Cc1cccc(Nc2cc(-c3cccc4ccccc34)nc(Nc3ccc(NC(=O)Nc4ccc(C(=O)O)cc4)cc3)n2)c1
300	mol297	-12.95	Cc1cc(Nc2ccc(C(=O)Nc3cc(C(=O)NCCCNC(N)N)ccc3N)cc2)cc(Nc2ccnc3nc[nH]c23)c1
300	mol419	-12.88	Cc1ccc(C(=O)Nc2ccc(C(=O)c3ccc(Nc4ccc(C(=O)O)cn4)cc3F)cc2)cc1
300	mol29	-12.05	Cc1ccc(/N=N\c2ccc(S(=O)(=O)Nc3ncc(Cl)c(Nc4cccc(NC(=O)Nc5ccccc5)c4)n3)cc2)cc1
300	mol22	-12.29	CN(c1ccc(C(=O)Nc2ccc(-c3nc4ccccn4c3N3CCCCC3)cc2)cc1)S(=O)(=O)c1ccc(F)cc1
300	mol233	-12.02	CC(=O)Nc1cccc(-c2ccc(C(=O)O)c(NS(=O)(=O)c3cccc4ccccc34)c2)c1
300	mol318	-14.73	Cc1cc(NC(=O)c2cccc(C(=O)Nc3ccc4c(c3)OCO4)c2)ccc1NC(=O)c1ccc(Nc2ncc(C(F)(F)F)c(N3C[C@H]4CC[C@H](CC4)C3)n2)cc1
300	mol185	-12.69	CN(c1cccc(-c2cccc(C[C@H](NS(=O)(=O)c3cccc(-c4ccccc4Cl)c3)C(=O)O)c2)c1)S(C)(=O)=O
300	mol91	-12.94	Cc1ccc(Nc2ccc(C(=O)Nc3ccc(Oc4ccccc4S(N)(=O)=O)cc3)c(C(=O)O)c2)cc1
300	mol13	-12.05	Cc1cc(NC(=O)CS(=O)(=O)Cc2cccc(NC(=O)c3ccc(CNC(=O)c4cccc(C(F)(F)F)c4)s3)c2)ccn1
300	mol249	-12.06	Cc1ccc(C(=O)Nc2ccc(-c3nc4nc(N)ccn4n3)cc2)cc1
300	mol434	-12.48	Cc1ccc(C(=O)Nc2ccc(C(=O)Nc3cc4ccn(C)c4cc3Cl)cc2)cc1
300	mol96	-12.39	CNC(=O)c1cc(Oc2ccc(NC(=O)Nc3ccc(Oc4ccccc4)cc3)cc2)ccc1C(=O)O
300	mol310	-12.06	Cc1ccc(NC(=O)c2ccc(C(=O)Nc3cc(C)cc(C(=O)O)c3)cc2)cc1
300	mol78	-12.63	CNc1cc(Nc2ccc(C(=O)Nc3ccc(NC(=O)Nc4cccc(C(=O)O)c4)cc3)cc2)ccn1
300	mol63	-12.31	Cc1nc2ccc(C(=O)NCc3ccc(C(=O)Nc4ccc(C(=O)NCc5ccccc5)cc4)cc3)cc2s1
300	mol34	-12.97	Cc1ccc2sc(NC(=O)c3ccc4cc(C(=O)O)ccc4c3)nc2c1
300	mol291	-12.55	Cc1cccc(-c2ccc(C(=O)Nc3ccc4cc(C(=O)O)ccc4n3)s2)c1
300	mol330	-12.1	CC(C)/C(=N\OCc1ccc(-c2ccc(-c3nc4ccccc4[nH]3)cc2)cc1)c1ccccc1
300	mol491	-12.84	Cc1ccc(C(=O)CSc2nc3nc(N)c(C(N)=O)c(Cc4cccc(C(=O)Nc5ccccc5C(F)(F)F)c4)n3n2)cc1
300	mol308	-12.38	Cc1ccc(C(=O)Nc2cccc(C(=O)NCc3ccc(C(=O)NO)cc3)c2)cc1
300	mol80	-12.49	Cc1ccc(C(=O)Nc2ccc(-c3ccnc(Nc4ccc(C(=O)O)cc4)c3)cc2)cc1
300	mol167	-12.23	C[C@H](Nc1nc(Nc2cccc(C(F)(F)F)c2)ccc1F)C(=O)Nc1ccc(N2CCOCC2)cc1
300	mol334	-12.53	Cc1cccc(-c2nc(Nc3cccc(C(=O)NCc4ccccc4)c3)c3ccccc3n2)c1
300	mol231	-12.17	Cc1ccc(-c2nc3c(N)ccc(C(=O)NCc4cccc(C(=O)Nc5ccccc5)c4)c3[nH]2)cc1
300	mol177	-12.2	Cc1ccc2c(CN3CC[C@@H](Nc4cccc(C(=O)O)c4)C3=O)cccc2c1
300	mol140	-12.49	Cc1cc(Nc2nc(C[C@H](O)C(=O)O)c3sccc3n2)ccc1-c1cnc(/C=C/c2ccc(C(=O)Nc3ccc(NC(=O)CC#N)cn3)cc2)o1
300	mol259	-12.06	Nc1nc(Cl)cc(N(Cc2cccc(C(=O)Nc3ccc(C(=O)O)cc3)c2)C2CC2)n1
300	mol44	-12.24	Cc1ccc(-c2ccnc(Nc3ccc(Oc4ccccc4)cc3)n2)cc1
300	mol160	-13.27	Cc1cc(NC(=O)Nc2ccc(Cl)c(C(F)(F)F)c2)cc(N2Cc3ccc(-c4ccccc4Cl)cc3N(C)C2=O)c1
300	mol439	-12.51	Cc1c(CC(=O)N[C@H](COc2ccc(C(=O)O)cc2)C(=O)O)ccc2c1C(=O)N[C@@H](NC(=O)c1ccccc1)C2
300	mol474	-12.29	Cc1c(NS(C)(=O)=O)cc(-c2cccc(NC(=O)c3ccc(/C=C\C(=O)c4ccccc4)cc3)c2)cc1-c1cccc(C(=O)O)c1
300	mol498	-12.44	Cc1ccc(-c2[nH]c3nc(N)[nH]c(=O)c3c2-c2ccc(NC(=O)Cc3ccccc3)cc2)cc1
300	mol216	-13.04	Cc1ccc(Nc2cc(-c3ccc4nc[nH]c4c3)nc(-c3cccc(C(=O)Nc4cccc(C(C)C)c4)c3)n2)c(C)c1
300	mol182	-12.55	Cc1ncc(Cc2cc(C(=O)Nc3ccc(C(=O)O)cc3)ccc2C#N)cc1NC(=O)c1ccc2c(c1)OCO2
300	mol90	-12.49	Cc1ccc(C(=O)Nc2ccc(NC(=O)c3ccc4ccccc4c3)cc2)cc1
300	mol150	-12.34	Cc1ccc(NC(=O)c2ccc(NC(=O)c3cccc(C#N)c3)cc2C(=O)O)cc1
300	mol191	-13.07	Cc1cc(-c2cccc(C(=O)O)c2)ccc1Nc1ccnc2cc(NCC[NH+]3CCOCC3)ccc12
300	mol466	-12.06	CN(c1cc(C(=O)Nc2cccc(C(=O)Nc3ccc(Oc4ccccc4)cc3)c2)ccc1NS(=O)(=O)c1ccc(C(F)(F)F)cc1)[C@@H](C#N)c1ccc(Cl)cc1
300	mol299	-12.14	Cc1ccc(C(=O)Nc2ccc(S(O)(O)O)c3ccccc23)cc1NC(=O)c1ccc(B(O)O)cc1
300	mol173	-12.46	Cc1ccc(C(=O)Nc2ccc(Oc3ccc(NC(=O)Nc4cccc(C(=O)O)c4)cc3)cc2)cc1
300	mol413	-13.48	Cc1cc(Nc2cc(-c3ccc(C(=O)NC[C@H](O)c4ccccc4)cc3)cc(N3CCOCC3)n2)[n+]([O-])nc1-c1ccccc1
300	mol369	-12.25	CN(c1ccc(-c2ccccc2)cc1)S(=O)(=O)c1ccc(NCc2ccncc2)cc1
300	mol122	-13.57	Cc1ccc(NC(=O)c2cccc3ccccc23)cc1NC(=O)c1ccc(NC(=O)c2cccc(C(=O)O)c2)cc1
300	mol178	-12.73	Cc1cccc(-c2ncc(C(=O)Nc3cccc(C(=O)Nc4cccc(C(=O)c5ccccc5)c4)c3)s2)c1
300	mol47	-12.06	Cc1ccc(NC(=O)c2ccc(C(=O)Nc3ccc(C(=O)O)cc3C(=O)O)cc2)cc1
300	mol170	-12.13	Cc1ccc(CO)cc1N1C(=O)c2ccc(Nc3ccc(S(N)(=O)=O)cc3)cc2C1=O
300	mol17	-12.26	Cc1cc(N2CCc3ccc(Oc4cccc(C(=O)NC(C)C)c4)cc3C2=O)ccc1NS(C)(=O)=O
300	mol221	-13.06	Nc1cc(-c2cccc(NCc3ccccc3)c2)ccc1NC(=O)c1ccc(CNC(=O)c2ccc(C(=O)O)cn2)cc1
300	mol201	-12.02	Cc1ccc(C(=O)Nc2ccc(Nc3ccnc4ccc(N)cc34)cc2)cc1
300	mol172	-12.85	Cc1ccc(NC(=O)c2ccc(F)c(C(=O)Nc3ccc(Oc4ncccc4C(F)(F)F)cc3)c2)cc1
300	mol151	-12.64	Cc1ccc(Nc2cc3c(cc2Cc2cccc(C(=O)Nc4cccc(C(F)(F)F)c4)c2)n(C)c(=O)n3C)cc1
300	mol484	-13.27	Cc1ccc(NC(=O)c2cccc(Cc3ccc(NC(=O)c4cccc(C(=O)O)c4)cc3)c2)cc1
300	mol97	-12.11	Cc1ccc(OCC#N)cc1NC(=O)c1ccc(Nc2nccc(Nc3cccc(C(=O)Nc4ccccc4)c3)n2)cc1
300	mol87	-12.35	Cc1ccc(N/C=C2/C(=O)/C(=C\c3ccc(O)c(O)c3)N(O)C2=O)cc1
300	mol486	-13.57	Cc1cc(C(=O)Nc2ccc(Oc3ccc4cc(C(=O)O)ccc4c3)cc2)ccc1O
300	mol248	-13.45	Cc1ccc(-c2ccc(C(=O)Nc3ccc(C(=O)Nc4ccc(-c5n[nH]c(N)n5)cc4)cc3)cc2)cc1
300	mol202	-12.45	Cc1cccc(Nc2cccc(C(=O)Nc3ccc4c(c3)cc(C(N)=O)n4C)c2)c1
300	mol460	-12.4	Cc1ccc(NC(=O)c2cccc(C(=O)NCc3cccc(C(=O)Nc4ccccc4)c3)c2)cc1
300	mol343	-12.66	Cc1ccc(CNC(=O)c2cccc(Cc3ccc4ccccc4c3)c2)cc1
300	mol176	-13.36	Cc1ccc(C(=O)Nc2cccc(C(=O)Nc3ccc(NC(=O)c4cccc(C(N)=O)c4)cc3)c2)cc1
300	mol158	-12.37	Cc1c(Cl)cc(-c2ccc(C(=O)NS(=O)(=O)Cc3ccccc3)cc2)cc1Nc1ccc(C(=O)O)cc1
300	mol124	-13.0	Cc1cc(C(=O)Nc2cc(C(F)(F)F)cc(C(F)(F)F)c2)ccc1Nc1ccc(C(=O)Nc2ccc(C(=O)O)c(CO)c2)cc1
30	mol400	-12.41	O=C(NS(=O)(=O)c1cccs1)c1ccc(-c2ccc3n[nH]c(-c4ccccc4)c3c2)cc1
30	mol6	-12.03	Clc1ccc2c(Nc3ccc(-c4cn[nH]c4-c4ccccn4)cc3)ccnc2c1
30	mol255	-12.62	c1ccc(-c2ccc(-c3cc(-c4ccncc4)ncn3)cc2-c2ccc(CNCc3ccc4ncsc4n3)cc2)cc1
30	mol7	-13.57	Cc1c(Oc2ncnc3sc(-c4ccccc4S(C)(=O)=O)cc23)cccc1-c1nc(C(=O)Nc2ccc(N3CCCCC3)cc2)cs1
30	mol132	-13.18	c1ccc(-c2ccc(Nc3nccc(-c4c[nH]c5ncccc45)n3)cc2)cc1
30	mol130	-12.23	c1ccc(-c2ccnc(-c3ccc(-c4ccccc4)s3)c2)cc1
30	mol407	-13.41	Cc1ccc(C(=O)Nc2cccc(C(F)(F)F)c2)cc1-c1ccc2[nH]cc(CCc3ccc(NC(=O)C4(C(=O)Nc5cccc(F)c5)CC4)cc3)c2c1
30	mol393	-12.09	C[N@H+]1CC[N@@H+](Cc2cc(Oc3cccc(NC(=O)c4ccc(C(=O)O)cc4)c3)ccc2C#N)CC1
30	mol478	-12.4	Cc1ccc(C(=O)NC2CC2)cc1NC(=O)c1cncc(-c2cccc(C(=O)O)c2)c1
30	mol344	-13.73	Cc1ccc(NC(=O)c2cccc(Cn3cc(NC(=O)Nc4ccccc4C(=O)O)c4ccccc43)c2)cc1
30	mol63	-12.27	Cc1ccc(C(=O)Nc2ccc(CNc3nc(Nc4cccc(O)c4)c4ccccc4n3)cc2)cc1
30	mol286	-13.28	Fc1ccc(-c2cc(-c3ccc(-c4nc5ccccc5nc4N4CCOCC4)cc3)cs2)cc1-c1ccccc1
30	mol166	-13.33	c1ccc2[nH]c(-c3ccnc(-c4cncc5ccccc45)c3)cc2c1
30	mol164	-12.14	Clc1ccc2c(Nc3ccc(-c4cn[nH]c4-c4ccccc4)cc3)ccnc2c1
30	mol314	-12.3	c1ccc(-c2ccc([C@H]3C[C@@H]3c3nnc(-c4cccnc4)o3)cc2)cc1
30	mol122	-12.26	Cc1ccc(C(=O)NC2C=C2)cc1NC(=O)c1cnc(-c2ccc(Cl)cc2Cl)cn1
30	mol392	-12.15	C[N@@H+](Cc1ccc(C(=O)O)cc1C(=O)O)c1ccc(-c2ccc(CCc3ccccc3)cc2)cc1
30	mol221	-12.43	COc1cc(N2CCN(C(=O)Cc3ccccc3)CC2)ccc1Nc1nc(NC2CCCCC2)sc1C(=O)Nc1ccc(F)cc1
30	mol107	-12.49	c1ccc(-c2ccc(-c3csc(Nc4ccc(-c5ccccc5)o4)n3)cc2)cc1
30	mol238	-12.03	Cc1cc(Nc2ncc(C(F)(F)F)c(C(F)(F)F)n2)ccc1NC(=O)c1ccc2nc(NC(=O)C3CC3)sc2c1
310	mol225	-12.15	Cc1ccc(O)cc1Nc1ccnc2cc(-c3cccnc3)ccc12
310	mol10	-12.09	Nc1cccc(-c2cnc(N)c([C@H](O)C[NH2+]Cc3cc(-c4ccc(C(F)(F)F)cc4)ccc3F)n2)c1
310	mol400	-12.56	Cc1ccc(C(=O)Nc2cccc(C(=O)Nc3ccc(Oc4ccnc(N)n4)cc3)c2)cc1
310	mol68	-12.06	O=C(c1ccc(NCc2ccccc2)cc1)c1ccc(-c2ccccc2)cc1
310	mol298	-12.18	Cc1cc(Nc2ncnn3cc(-c4cn[nH]c4)cc23)ccc1NC(=O)c1ccc(C(N)=O)cc1
310	mol347	-13.69	CN(Cc1ccc(OC(=O)Nc2cccc(NC(=O)c3ccc(Nc4ccnc5ccccc45)cc3)c2)cc1)C(=O)c1ccc(-c2ccc([N+](=O)[O-])cc2)o1
310	mol73	-13.24	Cc1nc(N)ccc1NC(=O)Nc1ccc(Nc2ccc3ncc(-c4cccc(C(=O)O)c4)nc3c2)cc1
310	mol241	-12.56	Cc1ccc(Nc2cccc(C(=O)O)c2)cc1NC(=O)c1ccc(NC(=O)c2ccsc2)cc1
310	mol414	-12.04	Cc1ccc(NC(=O)Cc2ccc(Nc3ncnc4ccc(N)cc34)cc2)cc1
310	mol374	-12.43	Cc1ccc(NC(=O)c2ccnc(N3CCN(C(=O)c4ccccc4)CC3)c2)cc1C
310	mol237	-14.24	Cc1cc(F)ccc1-c1ccc(C(=O)Nc2ccc(C[N@H+]3CC[C@H](CNC(=O)c4ccc5ccccc5n4)CC3)cc2)cc1
310	mol199	-12.6	Cc1c(NCc2ccc(C(=O)NCc3ccccc3)cc2)cccc1-c1nc2nc(N)ncc2s1
310	mol179	-13.63	Cc1c(-c2cccc(-c3ccc4ccccc4n3)c2)[nH]c2nc(Nc3ccncc3)ncc12
310	mol321	-12.45	Cc1cc(C)c(-c2cccc(Cn3cc(NC(=O)c4cnn([C@H]5CC[N@H+](C)CC5)c4)cn3)c2)cn1
310	mol335	-12.67	Nc1nc2ccc(C(=O)c3ccccc3)cc2n1Cc1cccc2ccccc12
310	mol169	-12.97	Cc1cnc(Nc2ncc(C(=O)Nc3ccc4ccc(C(=O)NCc5ccccn5)cc4c3)s2)cn1
310	mol189	-12.54	Cc1ccc(C(=O)Nc2ccc(OCc3cccc(C(=O)Nc4cccc(C(=O)O)c4)n3)cc2)cc1
310	mol244	-13.07	Cc1cc(NC(=O)c2ccn(-c3ccc(C(=O)O)c(F)c3)n2)cc2cc(N3CCC([NH3+])CC3)ccc12
310	mol350	-12.05	Cc1cc(NCc2ccc(-c3ccccc3Cl)cc2)c(CNC(=O)c2cc(-c3ccc(C#N)cc3)no2)cn1
310	mol70	-13.01	Cc1c(F)cccc1Nc1cc(C(=O)NCc2ccc(NC(=O)CCc3nc(Cc4ccccc4)oc3-c3nc4ccccc4s3)cc2)ccn1
310	mol438	-13.36	Cc1cc(Nc2cc(=O)n(Cc3ccc(-c4ccccc4CNC(=O)c4cccc(C(=O)O)c4)cc3)cc2C(=O)O)ccc1O
310	mol185	-13.49	Cc1ccc(NC(=O)c2cccc(C(=O)Nc3ccc4c(c3)CCC(=O)N4)c2)cc1N(C)c1cccc(C(F)(F)F)c1
310	mol18	-13.3	Cc1cc(COc2ccc(-c3ccc(/C=N\NC(=O)Nc4cccc(C(F)(F)F)c4)cc3)cc2)ccc1F
310	mol64	-12.33	Cc1cc(CNC(=O)c2ccc(CCNC(=O)c3ccc(CC(=O)O)cc3C(=O)O)cc2)cc(C)c1O
310	mol268	-12.07	Cc1ccc(C(=O)Nc2ccc(Oc3ccc(NC(=O)[C@@H]4CCC[NH2+]4)cc3)cc2)cc1
310	mol266	-12.72	Cc1ncc(CNC(=O)c2ccc(Nc3ccnc(Nc4cccc(OC(F)(F)F)c4)n3)cc2)cc1-c1ccc(C[NH3+])cc1
310	mol282	-12.87	Cc1ccc(C(=O)NCc2ccc(F)c(C(F)(F)F)c2)cc1Nc1ncnc2cnc(Nc3ccc(N4CCNCC4)cc3OC(F)(F)F)nc12
310	mol415	-12.24	Cc1cc(OCCCc2c(C(=O)O)[nH]c3cc(-c4ccc(S(C)(=O)=O)cc4)ccc23)ccc1CC[N@@H+](C)CCCNc1ccnc2cc(Br)ccc12
310	mol448	-12.64	Cc1ccc(NC(=O)c2ccc(C(=O)c3ccccc3)cc2C(=O)O)cc1
310	mol36	-12.11	Cc1ccc(C(=O)Nc2ccc(Nc3ncc(C(F)(F)F)c(Nc4ccc(C(=O)O)cc4)n3)cc2)cc1
310	mol247	-12.02	Cc1ccc(C(=O)Nc2ccc(C(=O)Nc3ccc(C(=O)N[C@@H](Cc4ccccc4)C(=O)O)cc3)cc2)cc1
310	mol72	-12.42	Cc1cc(NS(=O)(=O)c2cccc(NC(=O)Nc3ccc4ccccc4c3)c2)no1
310	mol386	-12.04	Cc1ccc(Nc2nc(N)c(C(=O)Nc3ccc4c(c3)nc(Cc3ccccc3)n4Cc3ccccc3)s2)cc1
310	mol177	-12.42	Cc1cncc(-c2cnc(Nc3ccc(NC(=O)Nc4ccc(C(=O)O)cc4)cc3)cc2C(=O)O)c1
310	mol212	-12.56	Cc1cc(Nc2ncc(C(=O)Nc3ccc(Oc4ccccc4)cc3)s2)ccc1OCC(=O)NCC(=O)Nc1cccc(C(=O)O)c1
310	mol105	-12.4	Cc1cccc(C(=O)Nc2ccc(Oc3ccc(C(=O)N[C@@H](CCc4ccccc4)C(=O)O)cc3)cc2)c1
310	mol489	-14.18	Cc1c(C(=O)Nc2ccc(Cl)c(C(=O)Nc3cccc(C(=O)O)c3)c2)cccc1-c1ccc(NCc2ccc(C(=O)NC(C)(C)C)cc2)cc1
310	mol95	-12.81	Cc1cc(Nc2ccc(C(=O)NCc3ccccc3)cc2)cc(Nc2cccc([C@H](O)C(F)(F)F)c2)c1
310	mol206	-12.15	Cc1cc2c(cc1C(=O)Nc1ccc(C(N)N)cc1)N(B(O)O)S(=O)(=O)c1ccc(F)cc1-2
310	mol139	-12.73	Cc1nc(NC(=O)c2cccc(-n3cccn3)c2)sc1-c1ccc(NC(=O)c2cccc(F)c2)cc1
310	mol90	-12.52	Cc1cc(NC(=O)c2ccc(C(=O)NCc3ccccc3)cc2)ccc1Nc1nccc(-c2cccnc2)n1
310	mol331	-12.24	Cn1cc(-c2cccc(C(N)=O)c2)c(-c2ccc(-c3ccc(CNC(=O)c4cnccn4)cc3)cc2)n1
310	mol441	-12.03	Cc1ncc(COc2ccc(C(=O)Nc3cc(C#N)ccc3N3CCCCC3)c(Cl)c2)cc1-c1ccc(NCc2cccnc2)cc1
310	mol2	-12.1	Cc1cc(Nc2cc(Nc3ccc(C(=O)Nc4ccc(C(=O)O)cc4)cc3)ccn2)ccc1F
310	mol466	-12.02	Cc1ccc(C(=O)Nc2ccc(Oc3ccc(NC(=O)c4ccccc4C[NH+]4CCCCC4)cc3)cc2)cc1
310	mol451	-12.62	Cc1ccc(Oc2ccc(NC(=O)/C=C/c3cc(C(=O)NCc4ccccc4)ccc3O)cc2)cc1
310	mol420	-12.26	Cc1cccc2c(=O)[nH]c(-c3cccc(-c4cccc(C(=O)O)c4)c3O)cc12
310	mol485	-13.39	Cc1ccc(NC(=O)c2ccc(-c3ccc(C(=O)Nc4ccc(-c5nnn[nH]5)cc4)cc3)cc2)cc1
310	mol161	-12.34	Cc1cnn(-c2cccc(C(=O)Nc3ccc4nc(NC(=O)C5CC5)ccc4c3)c2)c1
310	mol280	-12.09	Cc1ccc(-c2cc(Nc3ccc(C(=O)NCCNc4ccnc5ccccc45)cc3)on2)cc1
310	mol154	-12.86	Nc1cc(C(=O)Nc2cccc(Oc3ccc(Nc4ncnc5ccccc45)cc3)c2)ccn1
310	mol269	-12.03	Cc1ccc(C(=O)Nc2ccc(-c3ccc4nc(N)sc4n3)cc2)cc1
310	mol0	-12.9	NC(N)c1ccc2[nH]c(-c3cccc(-c4ccccc4)c3O)cc2c1
310	mol178	-12.94	CC(=O)Nc1cccc(-c2cccc(Nc3ncnc(Nc4ccc(Oc5ccccc5)cc4)n3)c2)c1
310	mol446	-12.23	CC#Cc1cccc(Cn2cnc(-c3ccc(NC(=O)c4cccc(C(=O)O)c4)s3)c2)c1
310	mol42	-12.26	Cc1ccc(NC(=O)c2ccc(Nc3ncc(F)c(Nc4ccc(C(=O)O)cc4)n3)cc2C(=O)O)cc1
310	mol356	-13.8	Cc1cc(NC(=O)c2cccc(C(=O)c3cccc(NC(=O)c4cccc(C(F)(F)F)c4)c3)c2)ccc1C(=O)O
310	mol33	-12.9	Cc1nc(Cc2ccc(NC(=O)c3ccc(CC(=O)NS(C)(=O)=O)cc3)cc2)cc(Nc2cccc(C(F)(F)F)n2)n1
310	mol107	-12.42	Cc1ccccc1-n1cc(-c2cnc(N)c(Nc3ccc(C(=O)Nc4ccccc4)cc3)n2)cc1C(=O)Nc1cccc(C(F)(F)F)c1
310	mol151	-12.82	Cc1cc(NC(=O)Nc2cccc(Nc3ccnc4cc(Cl)ccc34)c2)ccn1
310	mol214	-13.25	Cc1c(Nc2nccc(Nc3cc(C4CC4)[nH]n3)n2)ccc(C#N)c1Nc1nccc(-c2cnc3ccccc3c2)n1
310	mol71	-13.54	Cc1ccc(C(=O)Nc2ccc(C(=O)O)c(O)c2)cc1NC(=O)c1ccc(-c2ccc(CNC(N)N)cc2)cc1
310	mol98	-12.59	Cc1ccc(Nc2cc(-c3cccc(-c4ccccc4)c3O)ncn2)cc1
310	mol454	-12.41	Cc1ccc(C(=O)Nc2ccc(Oc3ccc(C(=O)N[C@@H](Cc4ccccc4)C(=O)O)cc3)cc2)cc1
310	mol134	-13.18	Cc1ccc2c(=O)nc(-c3cccc(C(=O)Nc4cccc(C(=O)O)c4)c3)[nH]c2c1
310	mol460	-12.93	Cc1cccc(C(=O)Nc2ccc(Oc3ccc4ccccc4c3)cc2)c1
310	mol277	-12.17	Cc1ccc(C(=O)N[C@@H]2C=NC2=O)cc1Nc1ccn2ncc(-c3cccc(C(=O)Nc4ccc(C(C)C)cc4)c3)c2n1
310	mol305	-12.66	Cc1cc(NC(=O)c2ccc(-c3ccc4n[nH]c(N)c4c3)cc2)cc(NCc2ccc(C#N)cc2)n1
310	mol43	-12.04	Cc1cccc(NC(=O)c2cnc(Nc3cc(N4C[C@@H](c5ccccc5)[C@@H](S(=O)(=O)c5ccccc5)C4)nc(C)n3)s2)c1
310	mol124	-12.06	Cc1cc(NC(=O)Nc2nc(-c3cccc(C(=O)Nc4ccccc4)c3)cs2)ccn1
320	mol156	-12.3	Cc1cc(NC(=O)Nc2ccc(-c3nc4ccc(C(N)N)cc4[nH]3)cc2)ccc1NS(C)(=O)=O
320	mol254	-13.65	Cc1ccc(-c2ccc3c(c2)CCN3C(=O)c2ccnc(-n3ncc4ccccc43)c2)cc1
320	mol405	-13.1	Cc1cc(-c2ccc(NC(=O)c3ccc(-c4cccc(C(=O)O)c4)s3)cc2)ccc1O
320	mol352	-13.82	Cc1cc(NC(=O)Nc2cccc(C(F)(F)F)c2)sc1-c1ccc(/C=C\C(=O)NO)cc1
320	mol367	-12.17	Cc1cc(NC(=O)c2cccc(C(=O)NCc3ccc(Cl)c(C(F)(F)F)c3)c2)[nH]n1
320	mol52	-12.45	Cc1ccc(C(=O)Nc2cc(C(F)(F)F)ccc2N2CCOCC2)cc1NC(=O)c1cnn(-c2ccccc2)c1
320	mol255	-12.41	Cc1cc(Oc2ccc(C(=O)Nc3ccc(Oc4scnc4C(F)(F)F)cc3)cc2C(F)(F)F)cc(C(F)(F)F)c1
320	mol222	-14.52	Cc1ccc(NC(=O)c2ccc(-c3cccc(C(=O)Nc4cc(C(=O)Nc5cccc(C(=O)O)c5)ccc4F)c3)cc2)cc1
320	mol473	-12.28	CC(C)c1ccc(C(=O)Nc2ncc(Cc3ccc(C(=O)O)cc3)cc2C(=O)O)cc1
320	mol467	-13.12	Cc1ccc(NC(=O)c2cccc(NC(=O)c3ccc4cc(C(N)=O)ccc4n3)c2)cc1
320	mol276	-12.17	Cc1ccc(NC(=O)c2ccc(NC(=O)c3cccc(C(N)=O)c3)cc2)cc1
320	mol67	-12.62	Cc1ccc(-c2cc(NC(=O)c3ccccc3C(=O)O)ccc2Nc2nccc(C[NH+]3CCN(c4ccc(Cl)cc4)CC3)n2)cc1
320	mol338	-12.76	Nc1ncc(-c2ccc(C(=O)Nc3nn[nH]n3)cc2)cc1C(=O)Nc1ccc(S(=O)(=O)NC(=O)c2ccccc2)cc1
320	mol143	-12.22	Cc1cc(C(=O)Nc2ccc(C(=O)Nc3ccccc3)cc2C(=O)O)ccc1O
320	mol94	-12.11	Cc1cc(Nc2ncnc(Nc3ccc(C(=O)Nc4ccc(C(=O)O)cc4)cc3)n2)ccc1NS(C)(=O)=O
320	mol187	-12.35	Cc1occ([C@H]2CC=NC2=O)c(=O)c1-c1ccc(C(=O)Nc2ccc(C(=O)O)cc2)cc1
320	mol349	-12.96	Cc1ccc(S(=O)(=O)Nc2ccc(C(=O)c3cccc(C(=O)O)c3)cc2C(=O)O)c(C(=O)O)c1
320	mol295	-12.88	Cc1c(NC(=O)c2ccc(Nc3nccc(-c4ccncc4)n3)cc2)cccc1Nc1ccccc1
320	mol427	-12.27	c1ccc(CNc2ccc(Nc3nccc(-c4c[nH]c5ccccc45)n3)cc2)cc1
320	mol61	-12.05	Cc1cc(Nc2nccc(Nc3cc(C4CCCCC4)ccc3N)n2)ccc1N1CCC(=O)CC1
320	mol60	-12.55	Cc1cc(NS(=O)(=O)c2ccc(NC(=O)c3cc4ccccc4o3)cc2)ccc1-c1ccccc1C(=O)O
320	mol59	-12.1	Nc1nc(NCc2ccncc2)c2cc(-c3ccc(OCc4ccccc4)cc3)[nH]c2n1
320	mol449	-12.68	Cc1ccc(C(=O)Nc2ncc(-c3cccc(-c4ccccc4)c3)o2)cc1
320	mol22	-12.58	COc1cc(Nc2ncnc(-c3cccc(C(=O)Nc4ccccc4C(F)(F)F)c3)n2)cc(OC)c1OC
320	mol194	-12.94	Cc1cc(C(=O)Nc2cc(C(F)(F)F)on2)ccc1-c1ccc2c(Nc3ccc(S(=O)(=O)NC(N)=O)cc3)nccn12
320	mol412	-12.62	Nc1ccc(C(=O)Nc2cccc(Oc3ccc4ccccc4c3)c2)cc1
320	mol233	-12.35	Cc1ccc(Nc2nccc(-c3ccnc(Nc4ccc(C(=O)Nc5ccccc5)cc4)c3)n2)cc1
320	mol19	-12.5	O=C(c1ccc2ccccc2c1)c1cnc(Nc2cccc(C3CC3)c2)s1
320	mol344	-13.42	CCC(=O)Nc1cccc(-c2ccc3c(NCc4cccc(NC(=O)Nc5ccccc5C)c4)ccnc3c2)c1
320	mol274	-13.27	Cc1ncc(CNC(=O)c2ccc(N3CCc4ccc(C(=O)O)cc4C3)cc2)cc1-c1ccc(B(O)O)cc1
320	mol37	-12.22	Cc1cc(C(=O)Nc2cccc(C(F)(F)F)c2)ccc1OCc1nnc(-c2ccc(F)cc2)o1
320	mol152	-12.29	Cc1cc(Nc2cc(N)ncn2)ccc1-c1nc(NCc2ccc(-c3nccn3C)cc2)c2ccccc2n1
320	mol429	-12.39	CN(C(=O)Cc1ccc(OCc2ccccc2)c(F)c1)C(=O)c1c[nH]c2cc(Cl)ccc12
320	mol317	-12.11	Cc1ccc(-c2ccc(Nc3ccc(C(=O)NCc4ccccn4)cc3C(=O)O)cc2)cc1
320	mol215	-12.07	Cc1ccc(NC(=O)c2ccc(Cc3ccccc3)cc2)cc1NC(=O)c1ccc(C(N)=O)cc1
320	mol330	-12.42	Cc1ccc(Nc2cnc(NC(=O)c3cccc(C(=O)Nc4cccc(C(=O)O)c4)c3)s2)cc1
320	mol40	-13.58	Cc1ccc2c(Nc3ccc(NC(=O)c4cccc(C(=O)Nc5ccccc5C(=O)O)c4)cc3)cccc2n1
320	mol36	-12.45	Oc1c(-c2ccccc2)cccc1-c1nnn(-c2ccccc2)n1
320	mol332	-12.5	Cc1cccc(CNC(=O)c2cccc(N3CCc4cc(S(=O)(=O)NC(C)(C)C)ccc4C3)c2)c1
320	mol56	-13.29	Cc1ncc(CNc2cc(Cn3ccc(=O)[nH]c3=O)cc(NC(=O)Nc3cccc4ccccc34)c2)s1
320	mol488	-12.56	Cc1ccccc1S(=O)(=O)Nc1ccc(-c2nnc(-c3ccc4ccccc4c3)o2)cc1
320	mol286	-12.11	Cc1cc(N2CCS(=O)(=O)CC2)ccc1Nc1cc(Nc2ccc(C(=O)NS(=O)(=O)C3CCCC3)cc2)ccn1
320	mol469	-14.92	Cc1nn(-c2cccc(NC(=O)c3cc4ccccc4o3)c2)cc1-c1ccc(Nc2ncc3cc(-c4ccc(C(=O)O)cc4)ccc3n2)cc1
320	mol239	-13.08	Cc1c(CC(=O)O)cccc1-c1ccc(NC(=O)c2cccc(C(=O)NCc3cccc(Cl)c3)c2)cc1
320	mol489	-13.63	Cc1ccc(C(=O)Nc2ccc(C(N)=O)cc2)cc1NS(=O)(=O)c1ccc(Nc2cccc(C(=O)Nc3ccc(C(=O)O)cc3)c2)cc1
320	mol171	-13.57	Cc1ccc(C(=O)NC2C=C2)cc1NC(=O)c1ccc(-c2ccc(C(=O)NCCc3ccc4ccccc4n3)cc2)cc1
320	mol453	-12.65	Nc1c(NC(=O)c2ccc(C(=O)c3ccc(F)cc3)cc2)ccc2c1C(=O)N(Cc1ccc(Cl)cc1)CC2
320	mol160	-12.19	Nc1nc(Nc2ccc(S(N)(=O)=O)cc2)sc1C(=O)Nc1c(F)cccc1C(=O)O
320	mol494	-12.25	Cc1nc(Nc2ncc(C(=O)Nc3ccc(Oc4ccccc4)cc3)s2)cc(N2CC[NH+](CC(=O)Nc3cccc(C(F)(F)F)c3)CC2)n1
320	mol38	-12.2	Cc1cn(-c2cc(Nc3ccc(Oc4ccnc(NC(=O)c5ccccc5)c4)cc3)ncn2)cn1
320	mol206	-12.15	Cc1cc(F)ccc1-c1ccc(C(=O)NCc2ccc(Oc3ccccc3)cc2)cc1
320	mol135	-13.74	Cc1ncc(CN(C)c2ccc(C(=O)Nc3ccc4nc(N)nc(N)c4c3)cc2)cc1-c1ccnc(Nc2ccc(S(C)(=O)=O)cc2)n1
320	mol411	-12.16	Cc1ccc(NC(=O)c2ccc(C(F)(F)F)cc2)cc1Nc1ncnc2cnc(Nc3ccc4c(cnn4Cc4ccccc4)c3)nc12
320	mol424	-12.91	Nc1ncc(-c2ccc(Nc3ccc4ccccc4n3)cc2)c(-c2ccc(NC(=O)Nc3ccccc3)cc2)n1
320	mol376	-12.78	Cc1ccc(Nc2ccc(C(=O)Nc3cccc(C(=O)Nc4cccc(C(N)N)c4)c3)cc2C(=O)O)nc1
320	mol113	-13.08	Cc1ccc(-c2ccc(NC(=O)c3cc4ccccc4oc3=O)cc2)cc1
320	mol354	-12.7	Cc1ccc(C(=O)Nc2ccc(C(=O)Nc3cccc4ccncc34)cc2)cc1
320	mol395	-12.53	Cc1nc(-c2cccc(CCNC(=O)c3cc4cc(C(N)N)ccc4[nH]3)c2)cc(N2CCOCC2)n1
320	mol224	-12.94	Cc1cccc(Cc2cc(NC(=O)c3cccc4ccccc34)ncn2)c1
320	mol311	-12.57	Cc1cc(NC(=O)c2ccc(NC(=O)c3ccc4ccccc4n3)cc2)ccc1O[C@H](C(=O)O)C(F)(F)F
320	mol406	-12.79	Cc1ccc(NC(=O)c2ccc(C(=O)O)o2)cc1NC(=O)c1cc(CNC(=O)Nc2ccccc2)ccc1N
320	mol30	-12.59	Cc1cc(NC(=O)c2ccc(C(=O)Nc3cccc(Nc4ncccc4C(F)(F)F)c3)cc2)ccc1C(=O)O
320	mol238	-12.55	Cc1cc(CNC(=O)c2cc(C(=O)Nc3cccc(Nc4ncnc5c4CCCC5)c3)cs2)ccc1O
320	mol431	-12.95	Cc1c(C(=O)c2ccccc2)oc2cccc(Oc3cccc(NC(=O)c4ccccc4O)c3)c12
320	mol463	-12.61	Cc1ccc(C(=O)Nc2cc(C(F)(F)F)cc(C(F)(F)F)c2)cc1Nc1nccc(-c2cccnc2)n1
320	mol98	-13.22	Cc1ccc(C(=O)Nc2ccc(CC(=O)O)cc2)cc1NC(=O)c1ccc(-c2ccc(C(N)N)cc2)cc1
320	mol58	-13.4	Cc1nc(Nc2ccc(C(=O)O)c(C(=O)O)c2)cc(Nc2ncc(C(=O)Nc3cccc(C(=O)Nc4cccc(C(F)(F)F)c4)c3)s2)n1
320	mol315	-12.56	Cc1cc(NC(=O)c2ccc(C(=O)O)c(C(=O)O)c2)ccc1-c1cccc(C#N)c1
320	mol460	-13.15	Cc1cccc(-c2cc(NCc3cc4cc(C(=O)N5CCC(C(C)(C)O)CC5)ccc4[nH]3)ncc2C(=O)NO)c1
320	mol364	-12.13	Cc1ccc(Nc2ncc(C(=O)Nc3ccc(Nc4ccnc5[nH]ccc45)cc3)s2)cc1
320	mol116	-12.22	Cc1nc(N)ccc1NC(=O)Nc1ccc(Oc2ccnc(Nc3ccc(N4CCOCC4)cc3F)n2)cc1
320	mol277	-12.35	Cc1ccc(C(=O)Nc2ccon2)cc1-n1cnc2ccc(NCc3ccccc3)cc2c1=O
320	mol158	-13.52	Cc1ncc(CNC(=O)c2ccc(-c3ccc(C(=O)NCc4cccc(C(=O)Nc5ccccc5C(F)(F)F)c4)cc3)cc2)cn1
320	mol465	-12.04	Cc1cc(Nc2ncc3ccc(NC4CC[NH2+]CC4)nc3n2)cc(-c2cccc(NC(=O)CC#N)c2)c1
330	mol391	-13.4	Cc1ccc(NC(=O)c2cccc(-c3cccc4ccccc34)c2)cc1
330	mol273	-13.49	Cc1ccc(C(=O)Nc2cc(C(=O)O)cc(C(=O)O)c2)cc1-c1ccc(-c2ccc(C(=O)O)cc2)cc1
330	mol165	-12.26	Cc1ccc(C(=O)Nc2cc3c(-c4ccc5ncccc5c4)c[nH]c3cc2F)cc1
330	mol68	-12.43	Cc1ccc(NC(=O)c2cccc(C(=O)NCc3ccc4c(c3)OCO4)c2)cc1
330	mol84	-13.03	Cc1cccc(C(=O)Nc2ccc(C(=O)Nc3ccc4ccccc4c3)cc2)c1N
330	mol298	-12.46	Cc1ccc(-c2ncc(C(=O)Nc3ccc4c(c3)CC(=O)N4)cn2)cc1
330	mol367	-12.68	CNc1cc(CNc2ccc(NC(=O)NC(=O)Cc3cc(Nc4nccc(Cc5ccccc5)n4)ccc3C(F)(F)F)cc2F)ccn1
330	mol264	-13.4	Cc1ccccc1-c1ccc(Nc2nccc(-c3c[nH]c4ccccc34)n2)cn1
330	mol408	-12.42	Cc1cc(NC(=O)c2ccc(C(=O)Nc3ccc(C(=O)O)cc3C(=O)O)cc2)ccc1O
330	mol348	-12.31	Cc1cc(C/C=C(\C#N)C(=O)NCc2ccc(C(N)N)cc2)cc(OCCCc2c(C(=O)NS(=O)(=O)c3cccc4ccccc34)sc3ccccc23)c1
330	mol470	-13.87	Cc1cccc(-n2cc(-c3ccc(C(=O)Nc4ccc(Oc5ccccc5)cc4)cc3)c3ccccc32)c1
330	mol24	-12.93	Cn1cc(-c2cnc3scc(-c4ccc(Oc5ccccc5)cc4)c3c2)cc1C(=O)Nc1cccc(C(=O)O)c1
330	mol319	-13.38	Nc1ccc(CNC(=O)NCc2ccc(C(=O)NCc3cccc(-c4cccc(C(=O)O)c4)c3)cc2)cc1
330	mol270	-13.14	O=C(O)c1cc(Cc2ccccc2)cnc1Nc1cccc(-c2ccccc2)c1
330	mol237	-12.56	c1ccc(-c2ccc(CN3CCc4ncc(-c5cccc(-c6ccccc6)c5)cc4C3)cc2)cc1
330	mol385	-13.45	COc1ccc(NC(=O)c2cccc(C(=O)NCc3ccccc3)c2)cc1NC(=O)c1ccc(OC/C2=C/C(=O)n3nccc3NC3=N[C@H](C)CC[C@H]32)cc1
330	mol236	-12.71	Nc1ncc(-c2ccc(C(=O)Nc3cc(C(F)(F)F)ccc3Cl)cc2)cc1-c1cc(S(=O)(=O)NC(=O)c2cccc(N3CCOCC3)c2)ccc1Cl
330	mol179	-12.6	Cc1cc(NC(=O)c2ccc(C(=O)Nc3ccc(C(N)N)cc3)cc2)cc(C(=O)O)c1F
330	mol100	-12.25	Cc1c(Cl)cccc1Nc1cccc(-c2nc3cc(C(N)N)ccc3[nH]2)c1
330	mol281	-12.03	Cc1ccc(C(=O)Nc2ccc(C(=O)O)c(Nc3ccnc4cc(Cl)ccc34)c2)cc1
330	mol86	-12.2	Cc1cc(Cl)c(OCc2cc(-c3ccc(C(=O)N[C@H](CCC(=O)O)C(=O)O)cc3)cnc2N)cc1C(F)(F)F
330	mol407	-12.75	Clc1ccc2c(Nc3ccc(-c4nc(-c5ccc(OCc6ccccc6)cc5)[nH]c4-c4ccccc4)cc3)ccnc2c1
330	mol383	-13.33	Cc1c(C(=O)Nc2cccc(Oc3ccc4ccccc4n3)c2)ccc2c1OCOC2
330	mol337	-13.44	CC(=O)Nc1ccc(Oc2ccc(NC(=O)Nc3cccc(Oc4ccnc(NC(=O)c5ccccc5)c4)c3)cc2)cc1
330	mol111	-14.34	Cc1c(-c2ccc(C(=O)NCc3ccc4ccccc4n3)cc2)cccc1-c1nc(-c2cccc(-c3nncn3C(C)(C)C)c2)ns1
330	mol340	-12.18	Cc1cc(-c2ccc(F)cc2)cc(-c2cccc(C(=O)N[C@H](CO)Cc3ccccc3)c2)c1
330	mol5	-12.07	Cc1ccc(C(=O)Nc2ccc(C[N@H+]3CC[N@H+](C)CC3)c(C(F)(F)F)c2)cc1NC(=O)c1cnc2ccccn12
330	mol421	-13.35	Cc1cc(C(=O)Nc2cccc(C(F)(F)F)c2)ccc1-n1cnc(-c2cccc(C(N)=O)c2)c1
330	mol250	-12.21	Cc1ccc(NC(=O)c2ccc(C[N@H+]3CC[N@H+](C)CC3)cc2)cc1Nc1nccc(-c2cccnc2)n1
330	mol13	-12.8	Cc1ccc(C(=O)Nc2ccc(Oc3ccc(NC(=O)/C=C/c4cc(N)ccc4C(=O)O)cc3)cc2)cc1
330	mol426	-12.69	Cc1cc(Nc2nc(Nc3ccc4ccccc4n3)cc(OCc3cccc(C(=O)Nc4ccc(C(=O)O)cc4)c3)n2)ccc1OC(F)F
330	mol482	-12.95	CN(Cc1cc(C(=O)O)n(-c2ccc(C(=O)NS(=O)(=O)c3cccc4ccccc34)cc2)c1)c1ccnc(Nc2cccc(N3CCCC3)c2)n1
330	mol323	-12.5	Cc1ccc(CNC(=O)Nc2ccc(C(=O)N[C@H](C(=O)Nc3cccc(S(=O)(=O)NC(C)C)c3)C(=O)N(C)C)cc2C(=O)O)cc1
330	mol342	-12.13	Cc1c(Oc2ncc(Cl)c(Nc3ccc(Oc4ccccc4)cc3)n2)ccc2ccccc12
330	mol260	-12.22	Cc1ccc(-c2nc(N)c(C(=O)Nc3ccccc3C(F)(F)F)s2)cc1
330	mol458	-12.61	Cc1ccc(NC(=O)c2ccc(C(=O)Nc3cccc(C(=O)c4ccccc4)c3)cc2)cc1
330	mol429	-12.06	Cc1cccc(Nc2ccc(-c3cc(Cc4ccccc4)cc(C(=O)O)c3)cc2C(=O)O)c1
330	mol34	-12.88	Cc1ccc(Oc2ccc(NC(=O)c3ccc4ccccc4c3)cc2-c2ccc(CC(=O)O)cc2)cc1
330	mol291	-13.82	Cc1cc(-c2cccc(C(=O)O)c2)ccc1OCc1cccc(-c2ccc(S(C)(=O)=O)cc2)c1
330	mol418	-13.83	CN(c1ccc(-c2cc3c(Nc4cccc(C(=O)O)c4)ncnc3o2)cc1)S(=O)(=O)c1ccc2ccccc2c1
330	mol341	-12.19	Cc1cc(Nc2ccc(S(N)(=O)=O)cn2)ccc1-c1ccc(N2C(=O)[C@H](C)c3ccccc32)c(C(=O)O)c1
330	mol144	-12.16	Cc1ccc(C(=O)Nc2ccc(Nc3nc(Nc4cccc(O)c4)cc(N(C)S(C)(=O)=O)n3)cc2)cc1
330	mol118	-12.2	Cc1ccc(NC(=O)c2ccc(C[N@H+]3CC[N@H+](C)CC3)cc2)cc1Nc1nccc(-c2cccnc2)n1
330	mol231	-12.79	Cc1ccc(NC(=O)c2ccc(C(=O)O)o2)cc1NC(=O)Nc1cccc(-c2ncn(C)n2)c1
330	mol32	-12.19	Cc1cccc(C(=O)Nc2ccc(-c3cc4nc(C(F)(F)F)ccc4[nH]3)cc2)c1
330	mol234	-12.65	CCc1c(-c2cccc3ccccc23)[nH]c(=O)c2ncc(-c3ccccc3)cc12
330	mol166	-12.02	Cc1ccc(C(=O)COc2ccc(O)c(C(=O)c3ccc(NC(=O)c4ccccc4)cc3)c2)cc1
330	mol403	-12.58	C[C@H](Nc1nccc(-c2cc(NC(=O)N[C@H](C)c3ccc(N)cc3)ccc2Cl)n1)c1cccc(C(=O)NCCC(=O)O)c1
330	mol489	-13.69	Cc1nc(-c2ccc(C(=O)NCc3cccc(-c4cncc(C(F)(F)F)c4)c3)cc2)cc(N2CCN(C(=O)Cc3ccccc3)CC2)n1
330	mol171	-12.44	Cc1cccc(C(=O)O)c1Nc1nc(Nc2cccc(C(=O)Nc3cccc(C(=O)O)c3)c2)cc2ncsc12
330	mol314	-13.22	Cc1cc(Nc2cc(C(F)F)ccn2)ccc1C(=O)Nc1ccc(N2C(=O)CCc3ccc(NS(C)(=O)=O)cc32)cc1
330	mol292	-12.13	COC(=O)Nc1cccc(-c2cccc(NC(=O)c3cccc(C)n3)c2C(=O)O)c1
330	mol38	-12.59	Cc1ccc(-c2cccc(C(=O)Nc3ccc(Oc4ccnc(N)n4)cc3C(=O)O)c2)cc1
330	mol439	-12.6	Cc1cc(NCc2cccc(C(=O)Nc3ccc(C(=O)NO)cc3)c2)ccc1NS(C)(=O)=O
330	mol216	-12.57	Nc1ncc(-c2ccc(C(=O)Nc3ccc(C(=O)NCc4ccccc4)cc3)cc2F)cn1
330	mol110	-12.16	Cc1cn(CNc2cccc(C(=O)Nc3ccc4c(C#N)cccc4c3)c2)c2ccccc12
330	mol388	-12.65	Cc1cc(C(=O)Nc2ccc(C(=O)NO)cc2)ccc1OCc1cccc(NC(=O)c2cccc(C(=O)O)c2)c1
330	mol113	-12.41	Cc1ccc(NC(=O)c2ccc(NC(=O)c3cccc(C)c3C)cc2)cc1
330	mol83	-12.17	Cc1cccc(Nc2nccc(-c3ccc4c(c3)CC[C@@H]4N)n2)c1
330	mol378	-13.25	Cc1cccc(-c2nc(-c3cccc(-c4ccccc4)c3O)c[nH]2)c1
330	mol161	-12.02	CCC(=O)NCCCNc1ncc(-c2ccc(F)c(C(=O)Nc3ccc4ccccc4c3)c2)c(N)n1
330	mol173	-12.34	Cc1ccc(C(=O)Nc2cccc(C(=O)Nc3ccc(C(N)N)cc3)c2)cc1
330	mol397	-12.25	Cc1c(-c2nc(Nc3cccc(OC(=O)NC4CCCCC4)c3)ncc2F)ccc2[nH]ccc12
330	mol15	-12.25	Cc1ccc(-n2nc(C(=O)O)cc2-c2ccc(C(=O)Nc3ccc4n[nH]cc4c3)cc2)cc1
330	mol399	-12.56	Cc1ccc(NC(=O)c2ccccc2CNc2nccc(Nc3ccc4ccccc4n3)n2)cc1
330	mol205	-12.27	Cc1ccc(-c2ccc(C(=O)Nc3ccc4c(c3)OCO4)cc2)cc1
330	mol235	-13.63	CN(c1ccc(-c2cccc(C(=O)O)c2)cc1)S(=O)(=O)c1ccc(N2Cc3ccccc3C2=O)cc1
330	mol107	-12.34	Cc1c(Cc2ccc(NC(=O)/C=C\c3cc(F)cc(F)c3)cc2)cccc1-c1nc(N)nc(N)n1
330	mol103	-12.15	Cc1ccc(NC(=O)c2cccc(OCc3cc(=O)n4ccccc4n3)c2)cc1
330	mol368	-12.02	Cc1cc(C(=O)Nc2ccc(Oc3ccc(NC(=O)C4CC4)cc3)cc2)cc(N2CCCC2=O)c1
330	mol46	-12.02	Cc1cc(/C=C\C#N)cc(C(=O)Nc2cccc(CC(=O)Nc3ccc4nc[nH]c4c3)c2)c1
330	mol472	-12.23	Cc1ccc(C(=O)Nc2cccc(C(=O)Nc3ccc4cnccc4c3)c2)cc1
330	mol214	-12.02	c1ccc(-c2ccc(Nc3ccc(-c4nc5ccccc5[nH]4)cc3)cc2)cc1
330	mol71	-12.54	Cc1ccc(C(=O)Nc2ccc3nc(-c4cccnc4)ccc3c2)cc1
330	mol183	-12.66	Cc1nc2ccc(NC(=O)c3ccc4cc(C(=O)NCCC(=O)Nc5ccccc5)ccc4c3)cc2n1Cc1ccccc1-c1ccccc1
330	mol82	-12.53	Cc1ccc(C(=O)Nc2cccc(C(=O)Nc3cccnc3)c2)cc1C(=O)Nc1ccc(N2CCOCC2)cc1
330	mol343	-13.45	Cc1noc(-c2cccc(C(=O)Nc3ccc4c(c3)CCC4)c2)c1-c1ccc2ccccc2c1
330	mol364	-12.5	Cc1c(NC(=O)c2ccc(C(=O)O)cc2)cccc1-c1ncnc2[nH]ccc12
330	mol127	-12.22	Cc1ccnc(Nc2nccc(-c3ccc4ccccc4c3)n2)c1
330	mol305	-12.28	Cc1ccccc1-c1cc(NC(=O)Nc2ccc(Cl)c(Cl)c2)cc(Nc2ccnc(C(=O)Nc3ccc(C(=O)NO)cc3)n2)c1
330	mol279	-12.06	Cc1ccc(NC(=O)c2ccc(NC(=O)c3ccccc3C(=O)O)cc2)cc1
340	mol114	-13.35	CC(=O)Nc1ccc2c(c1)Cc1c-2n[nH]c1-c1ccc(N/N=C\c2cc(C(F)(F)F)ccc2C(=O)O)cc1
340	mol25	-12.57	Cc1cc(NS(=O)(=O)c2ccc(NC(=O)Nc3ccc4sc(CNC(=O)O)cc4c3)cc2)no1
340	mol346	-12.8	Cc1ccc(C(=O)Nc2ccc(F)c(C(F)(F)F)c2)cc1-c1ccc(N2CCC([NH3+])CC2)cc1
340	mol68	-13.38	Cc1cc(NC(=O)Nc2cccc(C(=O)O)c2)ccc1Nc1ccc2c(c1)CCN2c1ccccc1
340	mol405	-12.58	Cn1cnc(NCc2ccc(C(=O)Nc3cccc(-c4cccc(C(=O)O)c4)c3)cc2)c1
340	mol256	-12.13	Cc1cc(C(=O)Nc2cc(Cl)cc(C(F)(F)F)c2)ccc1-c1cc(N2CCC(O)CC2)nc(N2CCOCC2)n1
340	mol108	-12.26	CNc1cc(-c2c[nH]c3ncc(-c4ccc(C(=O)Nc5ccccc5)cc4)cc23)ccn1
340	mol477	-13.22	Cc1cc(N2CCC(CNC(=O)c3ccc4n[nH]cc4c3)CC2)ncc1-c1cc(NC(=O)c2cncc(C(=O)Nc3ccccc3)c2)ccn1
340	mol459	-12.57	Cc1ccc(C(=O)Nc2ccc(C(=O)c3cccc4ccccc34)cc2)cc1
340	mol193	-13.32	CC(=O)N1CCC[C@@H](n2cc(-c3ccc(C(=O)Nc4ccc(C(=O)O)cc4)cc3)c3ccccc32)C1
340	mol301	-12.3	Cc1cc(Nc2nccc(Nc3ccc4c(N)nccc4c3)n2)ccc1NS(C)(=O)=O
340	mol367	-12.85	Nc1nccc2cc3cccc(C(=O)NCCNC(=O)Nc4ccc(Oc5ccccc5)cc4)c3cc12
340	mol320	-12.07	COc1cc(Nc2nc3ccc(C(=O)Nc4ccc(C(=O)Nc5ccccc5)cc4)cc3s2)ccc1N
340	mol192	-12.32	Cc1cccc(C(=O)Nc2ccc(Oc3ccc(NC(=O)c4cccc(F)c4)cc3)cc2)c1
340	mol492	-12.16	Cc1cccc(-c2nc(-c3ccc(C(=O)Nc4ccc(C(=O)O)cn4)cc3)cn2C)c1
340	mol24	-12.32	Cc1cc(NC(=O)c2ccc(/C=C/C(=O)Nc3ccc(F)c(C(F)(F)F)c3)cc2)ccn1
340	mol379	-12.97	Cc1c(Oc2ccc(C(=O)NCc3cc(OC(F)(F)F)ccc3F)cc2)ccc2c1C(=O)N([C@H]1CCCC[C@@H]1O)C2=O
340	mol7	-12.05	Cc1cc(Nc2ncn(C(C)C)n2)ccc1C(=O)Nc1ccc(C(=O)N[C@H](C)c2ccccc2)cc1
340	mol467	-12.43	O=C(c1ccccc1)c1cccc(Nc2nc(-c3ccccc3)nc3[nH]cnc23)c1
340	mol163	-12.5	Cc1cc(N2CCC[C@H](N)C2=O)ccc1-c1ccc(NC(=O)Nc2ccc(C(=O)NCCO)cc2)cc1
340	mol130	-12.28	Cc1c(C(=O)O)cccc1-c1ccc(Sc2ccc(NC(=O)Nc3cccc(C(=O)O)c3)cc2)cc1
340	mol387	-13.31	Cc1ccc(NC(=O)c2cc3ccc(Nc4ccc(C(=O)N5CCN(C(=O)[C@@H]6CCCNC6)CC5)cn4)cc3n2C)cc1
340	mol377	-13.28	Cc1oc(-c2cccc(Cl)c2)nc1CCNc1ccnc2cc(-c3ccc(NS(=O)(=O)c4cccc(Cl)c4)cc3)ccc12
340	mol327	-12.19	CNc1cc(Nc2ncc(F)c(Nc3ccc4c(c3)c(=O)c(C(=O)O)cn4C)n2)ccc1C(=O)O
340	mol325	-12.9	CC(=O)Nc1ccc(/C=C/C(=O)Nc2ccc(Oc3ccc(NC(=O)c4ccccc4)cc3)cc2C(=O)O)cc1
340	mol111	-12.99	Cc1ccc(B(O)O)cc1-c1ccc(-c2ccc(C(=O)O)cc2C(=O)O)c(C(=O)O)c1
340	mol189	-12.43	Cc1ccc(-c2ccc3c(c2)CC(=O)N3C/C=C/Cc2ccc(/C=C/C(=O)NO)cc2)cc1
340	mol59	-12.55	Cc1ccc(NC(=O)c2cccc(C(=O)O)c2)cc1Nc1nccc(-c2cccnc2)n1
340	mol159	-12.06	Cc1ccc(NC(=O)c2cccc(C(=O)NCc3cccc(C)c3)c2)cc1
340	mol197	-12.11	Cc1c(-c2nnc3ccc(N4CCC(C(=O)O)CC4)cn23)ccc(C(=O)NCc2ccc(-c3ccccn3)cc2)c1Cl
340	mol283	-13.56	Cc1c(CC(=O)O)cccc1-c1ccc2c(-c3cccc(C(=O)NCc4cccc(Cl)c4)c3)n[nH]c2c1
340	mol350	-13.01	FC(F)(F)c1ccc(Nc2nccc(-c3ccccc3)n2)cc1-c1cn(Cc2ccccc2)c2ccccc12
340	mol70	-13.42	Cc1cc(Cc2cc(N)cc(C(=O)Nc3ccc(C(N)N)cc3)c2)cc(C(=O)Nc2ccc3c(c2)CC(=O)N3)c1
340	mol22	-13.38	Cc1cnc(CCn2cc(C(=O)NCc3ccccc3)c3ccccc32)cc1NC(=O)c1ccc(-c2ccccc2)cc1
340	mol19	-12.03	Cc1nc(Nc2ncc(C(=O)Nc3ccc(C(=O)N[C@@H](CO)c4ccccc4)cc3)s2)cc(N2CCOCC2)n1
340	mol478	-12.29	Cc1ccc(C(=O)Nc2ccc(CN(C(=O)C(=O)Nc3ccc4ccccc4c3)c3cccc(-c4ccccc4S(=O)(=O)NC(=O)OCc4ccccc4)c3)cc2)cc1
340	mol318	-14.36	Cc1c(Oc2nc(Nc3ccc(N4CCOCC4)cc3)ncc2S(N)(=O)=O)cccc1-c1nnc(NC(=O)Cc2cccc3ccccc23)o1
340	mol185	-12.18	Cc1ccc(-n2nc(C(=O)Nc3ccc(Oc4ccncc4)cc3)cc2-c2ccc(NC(=O)Nc3cccc(C(=O)O)c3)cc2)cc1
340	mol65	-12.64	Nc1cc(CNc2ccc(C(=O)Nc3cccc(C(=O)O)c3)cc2)cc(NCc2cccc(C(N)N)c2)c1
340	mol148	-12.36	Cc1c(-c2cccc(C(=O)Nc3ccc(N)nc3)c2)cccc1[N@H+]1CC[C@@H](NS(O)(O)O)CC1
340	mol115	-12.55	Cc1ccc(NC(=O)c2ccc(NC(=O)c3cc4ccccc4[nH]3)cc2)cc1
340	mol404	-12.08	Cc1cnc(Nc2ccc(C(=O)Nc3ccc(S(=O)(=O)Nc4ccc(CCNC[C@@H](O)c5ccccc5)cc4)cc3)cc2)s1
340	mol96	-14.0	Cc1cc(-c2cccc(C(=O)Nc3cccnc3)c2)ccc1OCc1nnc(-c2cc(F)cc(Cl)c2)o1
340	mol410	-13.03	Cc1ccc(Oc2ccc(NC(=O)c3ccc4cc(C(N)N)ccc4c3)cc2)cc1
340	mol78	-12.31	Cc1cc(C(=O)Nc2cccc(C(F)(F)F)c2)ccc1OC[C@H](O)C[N@H+]1CCc2cccc3c2[C@H]1C[C@H](N)C3
340	mol152	-12.13	Cc1ccc(NC(=O)c2ccc(CNC(=O)c3ccc4ccccc4n3)cc2)cc1N
340	mol429	-12.67	Cc1ccc2cc(NC(=O)c3ccc(NC(=O)c4ccc(C(=O)O)cc4)cc3)ccc2n1
340	mol475	-12.45	Cc1ccc(-c2ccc(C(=O)Nc3ccc(B(O)O)cc3C(=O)O)cc2)cc1
340	mol213	-12.35	Cc1c(Cc2ccccc2)c(=O)oc2cc(NC(=O)Cc3cccc(OCc4ncc(C(C)(C)C)cc4C[PH](O)(O)O)c3)ccc12
340	mol56	-12.61	Cc1cc(Cl)c(C(=O)Nc2ccc(Nc3nc(Nc4cccc(S(N)(=O)=O)c4)c4cc[nH]c4n3)cc2)cn1
340	mol80	-12.66	Cc1cc(Nc2cc(Oc3ccc4ccccc4c3)ncn2)cc(C(=O)N[C@@H](CC(=O)O)C(=O)O)c1
340	mol247	-12.65	Cc1cc2cc(NC(=S)Nc3ccc(C[C@@H](NC(=O)Nc4cccc(C(N)N)c4)C(=O)O)cc3)ccc2n1C(=O)c1ccc(C(=O)Cc2ccccc2)cc1
340	mol72	-12.12	CNC(=O)c1ccc(Nc2cc(Nc3ccc(C(=O)Nc4cccc(C(F)(F)F)c4)cc3)ccn2)cc1
340	mol499	-13.47	Cc1ccc(Cc2nn(C[C@H](O)C(=O)Nc3cccc(C(=O)O)c3)cc2NC(=O)c2ccc(NC(=O)c3ccc4ccccc4n3)cc2)cc1
340	mol105	-12.28	Cc1cc(Nc2nccc(Nc3ccc4c(c3)cc(C(N)=O)n4C)n2)cc(C)c1O
340	mol444	-12.81	Cc1ccccc1-c1nc(Nc2ccc(C(=O)Nc3cccc(C(F)(F)F)c3)cc2)cc(N2CCN(C(=O)c3ccc(F)cc3F)CC2)n1
340	mol166	-12.14	CN(Cc1cnc2nc(N)nc(N)c2n1)c1ccc(C(=O)Nc2ccc(C(=O)N[C@H](CCC(=O)O)C(=O)O)cc2)cc1
340	mol353	-13.61	Cc1c(-c2ccc(S(=O)(=O)Nc3ccc(CC[NH+]4CCCCC4)cc3)cc2)cccc1-c1nc(-c2ccc(C#N)cc2)cs1
340	mol366	-12.9	Cc1nc(Nc2ccc(C(=O)O)cn2)cc(-c2ccc(C(=O)Nc3ccc(Oc4ccccc4)cc3)cc2)n1
340	mol402	-12.39	Cc1ccc(NC(=O)c2ccc(C[N@H+]3CC[C@@H]([N@H+](C)c4ccccc4)CC3)cc2)cc1Nc1ncnc2cccnc12
340	mol164	-12.04	Cc1ccc(-n2nc(C(=O)Nc3ccc(Oc4ccncc4)cc3)cc2-c2ccc(NC(=O)c3ccc4ccccc4n3)cc2)cc1
340	mol314	-12.29	Cc1cc(NC(=O)c2cc(NC(=O)c3cccc(C4CCCCC4)c3)cc(C(=O)Nc3ccc(C(C)(C)C)cc3)c2)ccn1
340	mol494	-12.19	Cc1cn(-c2cc(NC(=O)c3ccc(Cc4ccc(CNC(=O)[C@H]5CCC[NH2+]5)cc4)cc3)cc(C(F)(F)F)c2)cn1
340	mol206	-12.82	Cc1cc(NC(=O)Nc2cc(C(=O)Nc3ccc(C(=O)O)cc3)ccc2N)cc(C=O)c1O
340	mol198	-12.59	Cc1ccc(C(=O)NCc2cccc(C(=O)Nc3ccc(C(N)N)cc3)c2)cc1
340	mol11	-12.31	Cc1oc(-c2cccc(Cl)c2)nc1CC[C@H]1C=CN(c2cccc(C(N)N)c2)C1=O
340	mol135	-12.24	Cc1nc2ccc(C(=O)Nc3ccc(C(=O)c4cnc5ccccc5c4)cc3)cc2s1
340	mol182	-12.51	Clc1ccc2c(NCc3cccc(-c4cccc(CCc5ccccc5)c4)c3)ccnc2c1
340	mol388	-12.4	Cc1ccc(-c2ccc(O)c(N)c2)cc1NC(=O)c1ccc(-c2ccccc2)cc1
340	mol90	-12.37	Cc1ccc(C(=O)Nc2ccc(C(=O)Nc3ccccc3CNc3ccc4c(c3)CCC4)cc2)cc1
340	mol441	-12.16	Cc1ccc(C(=O)Nc2ccc(CNC(=O)c3ccc4nccc(Nc5cc(C(F)(F)F)ccc5Cl)c4c3)cc2)cc1
340	mol363	-12.03	Cc1ccc(C(=O)Nc2cc(Oc3ccc(NC(=O)Nc4ccccc4)cc3)cc(C(=O)O)c2)cc1
340	mol312	-12.44	Cc1ccc(C(=O)Nc2ccc(CC(=O)O)c3ccccc23)cc1NC(=O)c1ccc(C(F)(F)F)cc1
340	mol113	-12.27	Cc1ccc(NC(=O)c2cccc(Cc3ccc(C(=O)NCC(=O)O)cc3)c2)cc1
340	mol451	-12.89	Cc1cc(N)cc(CC(=O)Nc2nccc(-c3cccc(Cn4cnc(C(N)=O)c4)c3)n2)c1
340	mol4	-12.19	Cc1c(-c2nc(-c3cccc(Cl)c3)no2)ccc2c1CN(C(=O)OCc1ccccc1CC#N)C2
340	mol290	-12.62	Cc1ccc(C(=O)Nc2ccc(C(=O)Nc3cccc(-c4ccncc4)c3)cc2)cc1
340	mol299	-12.06	Cc1cc(NC(=O)c2ccc(C(=O)Nc3ccc(C(=O)O)cc3)cc2)ccc1NC(=O)c1ccc(C(N)N)cc1
340	mol224	-12.94	Cc1ccc(-c2nc(-c3ccc(C(=O)Nc4ccc(C(=O)O)cc4)cc3)cn2CC(=O)Nc2ccc(-c3ccncc3)cc2)cc1
340	mol230	-12.05	CCC(=O)Nc1ccc(C(=O)c2ccc(C(=O)N(C)Cc3ccc(C(=O)O)cc3)cc2)cc1
340	mol154	-12.02	Nc1ccc(Cl)c(C(=O)Nc2ccc(Nc3ccnc4cc(Cl)ccc34)cc2)c1
340	mol269	-12.36	Cc1ccc(S(=O)(=O)c2nc(-c3ccc(C(=O)Nc4ncc(C(=O)NCc5ccccc5)s4)cc3)oc2C)cc1
340	mol456	-12.75	Cc1cc(NCc2ccc(NC(=O)c3cc4ccccc4o3)cc2)ccc1NC(=O)c1ccc(-n2cccn2)cc1
340	mol446	-12.55	Cc1c(Cc2cccc(OCc3ccc4ccccc4n3)c2)ccc(C(=O)O)c1O
340	mol47	-12.48	CC(=O)Nc1ccc(NC(=O)[C@@H](Cc2cccc(C(N)N)c2)NS(=O)(=O)c2cccc(NC(=O)Nc3cccc4ccccc34)c2)cc1
340	mol356	-12.31	Cc1cn(-c2ccc(C(=O)Nc3ccc(C(=O)Nc4cc(C(=O)Nc5ccc(CO)cc5)c[nH]4)cc3)cc2)cn1
340	mol392	-12.73	Cc1cccc(-c2nnc(Nc3cccc(C(=O)Nc4ccc(C(=O)O)cc4)c3)o2)c1
340	mol399	-13.04	Cc1cnc(Nc2ccc(Nc3cccc(C(=O)c4cccc(C(=O)Nc5ccccc5)c4)c3)cc2)cn1
340	mol33	-12.41	Cc1ccc(-c2ncc(C(=O)Nc3ccc4nc(Nc5ccc(C(=O)O)cc5)sc4c3)cn2)cc1
340	mol409	-12.87	Cc1nc(N)c(COc2ccc(C(=O)c3ccccc3C(=O)O)cc2)c(O)c1Cc1ccc(-c2ccccc2)cc1
340	mol368	-12.02	Cc1ccc(-c2c(C[NH3+])cc(NC(=O)c3ccc(C)c(Nc4ncnc5ccc(N)cc45)c3)cc2C(=O)O)cc1
340	mol238	-12.39	NC(=O)c1cc(Nc2ccnc(NC(=O)Cc3ccc(C(N)N)cc3)n2)ccc1Cl
340	mol484	-12.07	Cc1ccnc2ccc(Nc3nccc(-c4ccc(C(=O)O)cc4)n3)cc12
340	mol375	-13.34	Cc1cc(NC(=O)Nc2ccc(C(=O)O)cn2)cc(C(=O)Nc2ccc(Oc3ccc(S(=O)(=O)NC(=O)[C@H]4CCC(=O)N4)cc3Cl)cc2)c1
340	mol79	-12.63	Cc1cc2c(cc1Nc1ccc(C(=O)Nc3ccc(C(=O)O)c(C(=O)O)c3)cc1)C(=O)C[C@H](C(C)(C)S)C2
340	mol97	-12.57	Cc1ccc(-c2ccc3c(c2)CCN(c2ccc4c(c2)CCC(=O)N4)C3=O)cc1
340	mol98	-12.17	Cc1c(Cc2cccc(-c3ccc(C(N)N)cc3)c2)ccc(CCC(=O)O)c1O
340	mol251	-12.25	Cc1cc(Nc2nc(N[C@H](C)c3ncc(F)cn3)cc(N3CCC(C(=O)NCc4cc(F)cc(F)c4)CC3)n2)cc(N2CCCCC2=O)c1
340	mol134	-12.85	Cc1ccc(-c2cc(Nc3cccc(C(=O)Nc4ccccc4C(F)(F)F)c3)ncn2)cn1
340	mol460	-13.26	Cc1cc(Cl)cc(C(=O)Nc2ccc(C(=O)Nc3ccc4nccc(N5CCOCC5)c4c3)cc2)c1
340	mol116	-12.14	Cc1ccc(NC(=O)c2cccc(CC#N)c2)cc1Nc1ncnc2cnc(Nc3cccc(C(=O)Nc4cccc(C(F)(F)F)c4)c3)nc12
340	mol127	-12.93	Cc1cc(Nc2cc(C(F)(F)F)ccn2)nc(-c2cc(C(=O)Nc3ccc4[nH]cc(C=O)c4c3)cnc2N)c1
340	mol176	-12.37	Cc1cc(OCc2nc(-c3ccc(C(c4ccccc4)c4ccccc4)cc3)cs2)cc(N2CCOCC2=O)c1
340	mol158	-12.29	Cc1cc(Nc2ncc(C(=O)c3ccc(C(=O)Nc4ccc(C(=O)O)cc4)cc3)cc2-c2ccc(C(=O)O)cc2)ccc1Cl
350	mol254	-12.48	Cc1ccc(C(=O)Nc2ccc(C(=O)O)c(C(=O)Nc3cccc4ccccc34)c2)cc1
350	mol6	-12.48	Cc1cc(F)c(OCc2cc(-c3ccc(C(=O)N[C@@H](CO)C(=O)O)cc3)ccc2N)c(Br)c1
350	mol175	-12.65	CN1C(=O)N[C@](C(N)=O)(c2cccc(C(=O)NCc3ccc(-c4ccccc4)c(C(F)(F)F)c3)c2)C1=O
350	mol428	-13.85	Cc1nn(-c2cccc(C(=O)Nc3ccc(Nc4cccc(C(=O)O)c4)cc3)c2)c2cc(NCCNC(=O)c3ccc4ccccc4c3)ccc12
350	mol289	-12.62	Cc1cc(NC(=O)c2cccc(COc3ccc(C(=O)c4ccc(F)cc4)cc3)c2)ccc1N1CCC(=O)NC1=O
350	mol108	-12.09	Cc1ccc(C(=O)Nc2ccc(C[NH+]3CCOCC3)cc2)cc1Nc1nccc(-c2ccncc2)n1
350	mol384	-12.17	Clc1ncc(Cn2cc(COc3ccc(-c4cncn4Cc4ccccc4)cc3)cn2)cc1-c1ccccc1
350	mol193	-14.13	Cc1ccc(C(=O)Nc2ccc(CC(=O)NO)c3ccccc23)cc1NC(=O)c1ccc(-c2ccc(F)cc2)cc1
350	mol51	-12.81	c1ccc(-c2cc(NCc3ccc(-c4ccccc4CN4CCOCC4)cc3)ccn2)cc1
350	mol492	-12.22	Cc1ccc(NC(=O)c2ccc(-c3ccc(C(N)N)cc3)cc2)cc1
350	mol345	-12.15	Cc1cccc(-c2nc(Nc3cccc(C(=O)Nc4cccc(C(=O)O)c4)c3)c3ccncc3n2)c1
350	mol126	-12.87	Cc1cc(NC(=O)c2ccc(S(=O)(=O)Nc3ccc4c(c3)CCC4)cc2)cc(N2CCCCC2)c1
350	mol267	-14.7	Cc1cc(C(=O)Nc2ccc(Oc3ccnc4[nH]ccc34)c(F)c2)cc(C(=O)Nc2ccc3c(N)ncc(C(=O)O)c3c2)c1
350	mol387	-12.04	Cc1cccc(-c2cn(-c3ccc(C(=O)c4cccc(C(=O)O)c4)cc3)cc2-c2ccnc(N)c2)c1
350	mol240	-12.33	Cc1ccc(C(=O)Nc2ccc(OC(F)(F)F)cc2)cc1NC(=O)c1cnc(-c2ccccc2F)o1
350	mol59	-12.1	Cc1cc(/C=C\C#N)cc(/C=C/c2cc(NC(=O)c3ccc(C(=O)c4ccccc4)cc3)ccc2C(=O)O)c1
350	mol136	-13.03	Cc1cc(F)cc(Nc2ccc(C(=O)Nc3cccc(-c4ccc(N)cc4)c3)c(C(=O)O)c2)c1
350	mol304	-12.38	Cc1ccc(C(=O)Nc2ccc(C(=O)NCc3cccc(C(=O)O)c3)cc2C(=O)O)cc1
350	mol146	-12.4	Cc1ccc(Oc2ccc(NC(=O)c3ccc4ccccc4c3)cc2C(=O)O)cc1
350	mol412	-13.03	Cc1nc(NC(=O)c2cccc(C(O)(C(F)(F)F)C(F)(F)F)c2)sc1C(=O)Nc1ccc(Nc2nccc(Nc3cc(C4CC4)[nH]n3)n2)cc1
350	mol357	-12.84	Cc1ccc(Cl)cc1NC(=O)c1ccc(NC(=O)Cc2ccc(NC(=O)c3ccc(C#N)cc3)cc2C(=O)O)cc1
350	mol344	-12.6	Cc1ccc(Nc2cccc(NC(=O)c3ccc(C(=O)Nc4cccc(C(=O)O)c4)cc3)c2)cc1
350	mol18	-12.22	CC(=O)Nc1ccc(-c2cc(Nc3ccnc(Nc4ccc5c(c4)OCCO5)n3)c[nH]2)cc1
350	mol148	-12.26	Cc1cc(NC(=O)c2ccc(C(=O)c3cccc(Cl)c3)cc2)cc(C(=O)NCc2ccc(C(C)C)cc2)c1
350	mol13	-13.9	Cc1ccc(C(=O)Nc2ccc(CCO)c(CO)c2)cc1Nc1ncnn2cc(-c3cnc(N)c(NC(=O)/C=C/c4ccccc4)c3)cc12
350	mol426	-12.08	Cc1ccc(Nc2nc(-c3cccc(C(=O)Nc4ccccc4C(=O)O)c3)cs2)cc1
350	mol450	-12.32	Cc1cccc(Cl)c1NS(=O)(=O)c1ccc2nc(-c3cccc(Nc4nc(NC5CCCCC5)nc(NC5CCCCC5)n4)c3C)nc(N)c2c1
350	mol434	-12.38	Cc1c(Cc2ccc(OCCn3ccc(=O)[nH]c3=O)cc2)[nH]c2ccc(-c3ccc(NS(=O)(=O)c4ccsc4)cc3)cc12
350	mol8	-13.69	Nc1nc2c(s1)Cc1ccc(-c3cccc(C(=O)NCc4cccc(C(F)(F)F)c4)c3)cc1N2
350	mol76	-12.02	CN(C(=O)c1cccc(-c2ccsc2)c1)c1ccc(Oc2cccc(C(=O)O)c2)cc1
350	mol78	-12.03	FC(F)[C@H](Nc1ccnc2ccccc12)c1ccc(-c2ccc(NCc3ccccc3)nc2)cc1
350	mol152	-13.75	Cc1cc(NC(=O)c2ccc(C(=O)Nc3ccn[nH]3)cc2)ccc1-c1nccc2ccccc12
350	mol215	-12.02	Cc1ccc(CNC(=O)c2cc(C(=O)NCc3ccc(C(=O)N[C@H](C)c4ccccc4)cc3)cnc2N)cc1
350	mol63	-14.05	Cc1cc(NCc2ccccc2-c2cccc(N)c2)cc(Nc2cc(N)nc(Nc3ccc(C(=O)Nc4ccccc4)cc3)n2)c1
350	mol291	-12.22	CN(C)c1ccc(-c2cccc3c(-c4cccc(Cl)c4)ccnc23)cn1
350	mol287	-12.63	Cc1cnc(Nc2ccc(C(=O)Nc3cc4[nH]nc(Nc5ccc(OCc6cccc(Cl)c6)cc5)c4cn3)cc2)cn1
350	mol101	-13.74	Cc1ccc(N2C(=O)C[C@H](Cc3ccc4ccccc4c3)C2=O)cc1NS(=O)(=O)c1ccc(-c2cccc(C(=O)O)c2)cc1
350	mol480	-12.49	Cc1cccc(CNC(=O)c2ccc(NC(=O)Nc3ccc(NC(=O)c4ccccc4)cc3)cc2)c1
350	mol333	-12.35	Cc1ccc(C(=O)NO)cc1NC(=O)c1ccc(-c2cccc(C(=O)O)c2)o1
350	mol72	-12.22	Cc1ccc(C(=O)Nc2cccc(C(=O)c3cc4ccccc4o3)c2)cc1
350	mol334	-12.37	Cc1cccc(-n2nc(C(=O)Nc3cccc(C(=O)Nc4ccccc4)c3)cc2C(=O)Nc2cccc(C(F)(F)F)c2)c1
350	mol286	-12.3	CC(=O)Nc1ccc2ncc(-c3ccc(NC(=O)Nc4cccc(C(F)(F)F)c4)cc3)nc2c1
350	mol329	-15.69	Cc1ccc(-c2[nH]c3ncc(C(=O)NCc4ccccc4)nc3c2-c2ccc(NC(=O)Nc3ccc4ccc(C(N)N)cc4c3)cc2)cc1
350	mol370	-12.09	Cc1ccc(NC(=O)c2ccc(C(=O)Nc3cccc(C(=O)O)c3)cc2N)cc1
350	mol234	-12.77	Cc1ccc(C(=O)NC2CC2)cc1Nc1ccn(-c2cccc(C(=O)Nc3ccccc3)c2)c1
350	mol403	-12.08	Cc1ccc(NC(=O)c2cccc(C(=O)Nc3ccc4cc(OC5CCCC5)ccc4c3)c2)cc1
350	mol162	-12.16	O=C(Nc1ccccc1)c1ccc(-c2ccc3nc(NC(=S)Nc4ccccc4)sc3c2)cc1
350	mol259	-12.13	Cc1nc2cc(OCCCc3ccc(NC(=O)c4ccccc4C(F)(F)F)cc3)ccc2n1[C@@H](CCc1ccc(F)cc1)C(=O)Nc1ccc(C#N)cn1
350	mol314	-12.92	Cc1ccc(NC(=O)c2ccc(CNC(=O)c3ccc(Oc4ccccc4)cc3)cc2)cc1Nc1nccc(-c2ccn[nH]2)n1
350	mol494	-12.53	Cc1cc(-c2cccc(C(=O)O)c2)ccc1Nc1ccc(C(=O)N[C@@H](CCc2ccccc2)C(=O)O)c(Nc2ccc(I)cc2C#N)c1
350	mol292	-12.08	Cc1cc(Nc2nc(Nc3ccc(C(=O)NO)cn3)cc(OCC(F)(F)F)n2)cc(C(=O)Nc2ccc(CC(=O)O)cc2)c1
350	mol220	-12.6	Cc1cccc(-c2nnc(Nc3cccc(C(=O)Nc4cccc(C(=O)O)c4)c3)o2)c1
350	mol38	-12.35	Cc1cc(NC(=O)c2cccc(Nc3ccc4ccccc4c3)c2)ccn1
350	mol394	-12.13	Cc1ccc(NC(=O)c2ccc(CNC(=O)c3ccc4cccc(C(=O)NCc5ccccc5)c4n3)cc2)cc1
350	mol198	-12.41	Cc1c(NC(=O)Nc2cccc(C(F)(F)F)c2)cccc1-c1nc(NCc2ccccc2)c2ncn(C(C)C)c2n1
350	mol411	-13.34	Cc1cc(-c2nc(-c3cccc(C(=O)Nc4cccc(C(F)(F)F)c4)c3)cs2)ccc1F
350	mol351	-12.92	Cc1ccccc1-c1ccc(C(=O)Nc2ccc(-c3ccc(CNC(=O)[C@H]4CC[C@H](C(=O)O)CC4)cc3)cc2)cc1
350	mol150	-12.44	O=C1Cc2c(ccc3[nH]c(-c4ccc(OCc5ccccc5)cc4)cc23)N1
350	mol363	-12.63	Cc1cc(C(=O)Nc2ccc(C(=O)O)c(Oc3ccc4ccccc4c3)c2)cc(C(=O)O)c1O
350	mol113	-12.49	CCc1cnc(N)c(C(=O)Cc2ccc(Nc3ccnc4cc(NCc5ccccc5)ccc34)cc2)c1
350	mol299	-12.41	Cc1cc(Nc2cc(NC(=O)Nc3ccc(N4CCOCC4)cc3)ccn2)ccc1O
350	mol224	-12.5	Cc1ccc(Cl)cc1C(=O)Nc1cncc(C2CCN(C(=O)OCc3ccc(C(N)N)cc3)CC2)c1
350	mol219	-12.03	Cc1cc(NC(=O)c2cc(C(=O)NCc3ccccc3Cl)ccc2N)ccc1F
350	mol280	-12.31	Cc1cccc(-c2nc(C(=O)NCc3ccc(C(=O)N[C@H](CCC(=O)O)C(=O)O)cc3)cnc2N)c1
350	mol468	-12.04	Cc1ccc(C(=O)Nc2cccc(C(F)(F)F)c2)cc1-c1ccc(-c2nnc(N)o2)cc1
350	mol269	-12.32	Cc1ccc(C(=O)Nc2cccc(C(=O)Nc3ccc(S(=O)(=O)Nc4ncccn4)cc3)c2)cc1
350	mol369	-12.71	Cc1cc(Nc2nccc(Nc3ccc4c(N)nccc4c3)n2)cc(N2CCCC2=O)c1
350	mol17	-12.7	Cc1ccc(C(=O)Nc2cccc(C(=O)O)c2)cc1Nc1ncnn2cc(-c3c(F)cccc3F)cc12
350	mol107	-12.77	Cc1cccc(-c2ncc(NCc3cc(-c4ccccc4)ccc3C(F)(F)F)c(=O)[nH]2)c1
350	mol46	-12.19	Cc1cccc(NC(=O)c2cccc(C(=O)Nc3ccc(-c4cccnn4)cc3)c2)c1
350	mol483	-12.09	CN(CCc1ccc(Cl)cc1)C(=O)[C@H]1C=CN(C(=O)Nc2ccc(Nc3ncnc4nc[nH]c34)cc2)C1
350	mol79	-12.15	Cc1cc(Nc2cc(C(F)(F)F)cc(C(F)(F)F)c2)n2ncc(C(=O)Nc3cccc(C#N)c3)c2n1
350	mol202	-12.86	Cc1cc(Nc2cccc(S(=O)(=O)Nc3ccc(C(=O)NC(C)C)cc3)c2)cc(C(=O)N2CCS(=O)(=O)CC2)c1
350	mol251	-12.45	Cc1ccc(-c2n[nH]c(C(=O)Nc3cc(C(=O)Nc4cc(C(C)(C)C)no4)ccc3Cl)n2)cc1
350	mol454	-13.26	Cc1ccc(C(=O)Nc2ccc([NH+]3CCOCC3)cc2)cc1Nc1ncnn2cc(-c3ccc(N4CCOCC4)cc3)cc12
350	mol277	-12.48	Cc1ccc(NC(=O)c2ccc(Nc3ccnc4cc(C(N)N)ccc34)cc2)cc1
350	mol465	-13.08	CC(=O)Nc1ccc(Nc2nccc(Nc3ccc4c(c3)CCc3nn(Cc5ccccc5)cc3C(=O)N4)n2)cc1
360	mol68	-12.5	Cc1ccc(-c2ccc3ncc(-c4cnc(N)c(C(=O)Nc5cccc(C(F)(F)F)c5)c4)cc3n2)cc1
360	mol254	-12.67	c1ccc(OCc2ccc(Cc3ccc(Nc4ncnc5ccccc45)cc3)cc2)cc1
360	mol84	-12.16	Cc1cc(C(=O)O)cc(-c2cccc(Nc3ccc(C(=O)N[C@H](CCC(=O)O)C(=O)O)cc3)c2)c1
360	mol175	-12.31	Cc1cc(Nc2ncc(C(=O)Nc3ccc(Oc4ccccc4)cc3)s2)ccc1NC(=O)c1cccs1
360	mol55	-12.47	Cc1ccc(C(=O)Nc2cc(C(=O)Nc3ccc(Oc4ccccc4)cc3)ccc2C(=O)O)cc1
360	mol298	-12.61	Cc1ccc(-c2ccc(NC(=O)c3cc(Nc4ccnc5ccccc45)cc(C(=O)NCc4ccccc4)c3)cc2)cc1
360	mol289	-13.01	Cc1cc(NC(=O)Nc2cccc(-c3ccc(NC(=O)c4cccs4)cc3)c2)cc(-c2cccc(C(=O)N[C@@H](CCC(=O)O)C(=O)O)c2)n1
360	mol256	-12.88	Cc1ccc(NC(=O)c2ccc(C[N@H+]3CC[N@@H+](C)CC3)cc2)cc1Nc1ncnn2cc(-c3ccccc3)cc12
360	mol108	-12.56	Cc1ccc(-c2c[nH]c(-c3ccc(NC(=O)c4cccc(C(F)(F)F)c4)cc3)n2)cc1
360	mol264	-12.29	Cc1cccc(-c2nnc(-c3ccc4ccccc4c3)o2)c1
360	mol408	-13.18	Cc1cccc(-n2nc(C(=O)Nc3ccc4c(c3)NC(=O)C4)cc2-c2ccc(NC(=O)Nc3cccc(C(=O)O)c3)cc2)c1
360	mol320	-12.05	c1ccc(-c2ccc(-c3c[nH]c4ncc(-c5ccn[nH]5)cc34)cc2)cc1
360	mol52	-12.26	Cc1cncc(-c2nc(Nc3cccc(C(=O)Nc4cccc(C(N)=O)c4)c3)c3ccccc3n2)c1
360	mol21	-12.7	Cc1cc(Cn2cc(-c3ccc(Oc4ccccc4)cc3)c3ccccc32)cc(C(=O)Nc2ncc(C(=O)Nc3ccccc3)s2)n1
360	mol467	-13.38	Cc1cc(N2CCC(NC(=O)c3cc4ccccc4o3)CC2)ccc1-c1nc(Nc2ccc3c(c2)CC(=O)N3)ccc1F
360	mol374	-12.08	Nc1ncc(-c2ccc(C(=O)Nc3ccc(CC(=O)Nc4nccs4)cc3)cc2F)cn1
360	mol94	-12.01	c1ccc(-c2ccc(Nc3ccnc4cc(OCC5CC5)ccc34)cc2)cc1
360	mol385	-12.91	Cn1c(-c2cccc(NC(=O)Nc3ccc(C(F)(F)F)cc3)c2)cc2sccc21
360	mol14	-12.91	Cc1cc(C(=O)Nc2ccc(Oc3ccc(NC(=O)[C@@H]4CCC(=O)N4C)cc3)cc2)ccc1Cl
360	mol69	-12.85	Cc1cnc(Nc2cccc(C(=O)Nc3ccc(NC(=O)Nc4ccccc4)cc3)c2)c2cn[nH]c12
360	mol295	-13.48	Cc1cc(NC(=O)Nc2ccc(C(=O)Nc3cccc(-c4nc(=O)n(C)c5ccccc45)c3)cc2)ccn1
360	mol313	-12.62	Cc1cc(NC(=O)c2ccc(C(=O)Nc3cc(-c4ccccc4)ccc3N3CCOCC3)cc2)cc(C)c1O
360	mol427	-12.18	Cc1ccc(NC(=O)c2cccc(CC(=O)O)c2)cc1-c1ccc(N2CCC(C(=O)O)CC2)cc1
360	mol12	-12.54	Cc1ccc(C(=O)Nc2cccc(-c3ccc4nc(Nc5ccccc5)sc4n3)c2)cc1
360	mol60	-12.03	Cc1cc(C)nc(Nc2ccc(Cc3ccnc4cc(Cl)ccc34)c(C)c2)c1
360	mol244	-13.35	Cc1cc(OCc2cccc(Nc3ccc4ccccc4n3)c2)cc(-c2ccc3cccnc3c2)n1
360	mol197	-12.15	Cc1nc(Nc2ncc(C(=O)Nc3ccc4ccccc4c3)s2)cc(N2CC[NH+](CC(C)(C)C)CC2)n1
360	mol188	-13.19	CNc1nc(Nc2cc(OCC3CCCCC3)cc(C(=O)Nc3cccc(C(=O)Nc4cccc(NC(=O)Nc5ccccc5)c4)c3)c2)cc(N2CCOCC2)n1
360	mol194	-12.75	Cc1cc(NC(=O)c2ccc(C(=O)NC/C=C\C(=O)NO)cc2)cc(C(=O)NCc2cccc(C(=O)O)c2)c1
360	mol357	-12.24	Cc1ccc(NC(=O)c2ccc(CC(=O)NCc3ccc4ccccc4n3)cc2)cc1
360	mol253	-13.76	Cc1cc(NC(=O)c2ccc(CC(=O)O)cc2)ccc1-c1ccc2[nH]c(-c3cccc(CO)c3)nc2c1
360	mol204	-12.38	CCC(=O)Nc1ccc(CCNC(=O)c2ccc(C(=O)N[C@@H](C[C@H]3CCNC(=O)c4ccc(-n5ccnc5)cc43)C(=O)N3CC[NH+](C)CC3)cc2)cc1
360	mol249	-13.8	Cc1cc(F)ccc1-c1ccc(S(=O)(=O)Nc2ccc(NC(=O)Nc3cccc4ccccc34)cc2)cc1
360	mol404	-12.31	Cc1ccc(NC(=O)c2ccc(C(=O)NCc3ccc(C(=O)NCC[NH+]4CCCCC4)cc3C(=O)O)cc2)cc1
360	mol274	-12.15	CC(=O)Nc1ccc(Oc2nc(OCc3cccc(C(=O)Nc4cccc(C(=O)O)c4)c3)cc3cc(OCCC[NH+]4CCCCC4)ccc23)cc1
360	mol8	-12.32	Cc1cccc(-n2ncc(-c3cccc(C(=O)Nc4cccc(C(=O)O)c4)c3)c2-c2ccc(NC(=O)Nc3ccccc3)cc2)c1
360	mol278	-13.55	Cc1ccc(C(=O)Nc2cccc(C(=O)Nc3cccnc3)c2)cc1Nc1ncnn2cc(-c3cccc(C(=O)NCC(=O)O)n3)cc12
360	mol310	-12.16	[NH3+]Cc1cccc(NC(=O)c2cc(C(=O)NCc3ccccc3Cl)ccc2F)c1
360	mol285	-12.88	Cc1cc(NC(=O)c2ccc(C(=O)Nc3ccc(B(O)O)cc3)cc2)ccc1NC(=O)c1ccc(Cl)cc1
360	mol228	-12.26	Cc1cc(C(=O)N2CCN(c3cnccn3)CC2)ccc1Nc1cccc(C(=O)NCc2ccc(C(=O)N[C@@H](CC(=O)O)C(=O)O)cc2)c1
360	mol429	-12.28	CC(C)(C)c1cc(NC(=O)Nc2ccc(Cl)c(C(=O)Nc3ccc4cccnc4c3)c2)ccn1
360	mol26	-12.66	Cc1ccccc1S(=O)(=O)Nc1ccc(F)c(C(=O)c2c[nH]c3ncc(-c4ccc(N)cc4)cc23)c1
360	mol291	-12.36	Cc1ccccc1C(=O)Nc1ccc2nc(Nc3ccccc3)ncc2c1
360	mol287	-13.4	Cc1cccc(-c2ccc(C(=O)Nc3ccc(-c4cccnc4)cc3C(=O)O)cc2)c1
360	mol480	-13.36	CNC(=O)c1ccc(NC(=O)c2cccc(Oc3ccc4cc(C(N)N)ccc4c3)c2)cc1
360	mol167	-12.29	CC(=O)c1ccc(NC(=O)c2cc(C)c3nc(-c4ccc(Oc5ccc(C)cc5)cc4)ccc3c2)cc1
360	mol247	-12.67	CC(=O)Nc1cccc(Nc2ncnc(Nc3ccc(N4CCC(c5ccccc5)CC4)cc3)n2)c1
360	mol72	-12.43	Cc1cc(Nc2ncc(Cc3ccc(S(N)(=O)=O)cc3)s2)ccc1C(=O)Nc1ccc(Oc2ccncc2)cc1
360	mol286	-12.52	Cc1ccc(C(=O)NCc2ccc(C(=O)NCc3ccccc3CNC(=O)c3cccc(C(=O)Nc4ccc(C(=O)O)cc4)c3)cc2)cc1
360	mol329	-13.02	Nc1ncnc2c1c(Cc1cccc(NC(=O)Nc3cccc(C(F)(F)F)c3)c1)nn2C1CCCC1
360	mol212	-12.16	Cc1ccc(NC(=O)c2ccc(C[N@H+]3CC[N@H+](C)CC3)cc2)cc1Nc1nccc(-c2cccnc2)n1
360	mol234	-12.17	Cc1ccc(C(=O)Nc2ccc(C(=O)NCc3ccc(C(=O)N[C@@H](CC(=O)O)C(=O)O)s3)cc2C(=O)O)cc1
360	mol105	-12.91	Cc1ccc(NC(=O)c2cccc(N3CCCCC3)c2)cc1Nc1nccc(-c2cccnc2)n1
360	mol166	-12.96	CN1Cc2c(CNC(=O)c3ccc4ncccc4c3)csc2C=C1c1ccc(NC(=O)Nc2ccc(Cl)c(C(F)(F)F)c2)cc1
360	mol435	-12.04	CC(C)[C@H](NS(=O)(=O)c1ccc(-c2ccc(Nc3ncc(C(N)=O)c4c3CCCC4)cc2)cc1)C(=O)O
360	mol495	-12.07	Cc1ccccc1-c1cc(Nc2nccc(Nc3ccc4c(c3)cc(C(N)=O)n4C)n2)ccn1
360	mol140	-12.19	Cc1cc(Nc2nc(N[C@H](C)c3ccc(C#N)cc3)cc(C(F)(F)F)n2)cc(C(=O)N2Cc3ccccc3C[C@@H]2CO)c1
360	mol402	-12.42	Cc1ccc(C(=O)Nc2cnn(C3CCCCC3)c2)cc1Nc1nccc(Nc2cccc(C3CC3)n2)n1
360	mol489	-12.23	Cc1ccc(NC(=O)c2cccc(-c3ccc(C(=O)N[C@H](Cc4ccccc4)C(N)=O)cc3)c2)cc1
360	mol457	-12.26	O=C(Nc1ccc(Oc2ccncc2)cc1)c1ccc(N2CCC(c3ccc(F)cc3)CC2)cc1
360	mol372	-12.64	NC(=O)c1ccc(Nc2ncc(-c3cccc(C(=O)Nc4cccc(C(=O)O)c4)c3)s2)cc1
360	mol314	-12.32	Cc1cc(Nc2nccc(Nc3ccc4c(N[C@H]5CC[C@H](O)CC5)cccc4n3)n2)ccc1F
360	mol362	-13.1	Cc1ccc(C(=O)Nc2ccc(C(=O)Nc3ccc(Oc4ccnc5ccccc45)c(NC(=O)Cc4ccccc4)c3)cc2)cc1
360	mol439	-12.39	Cc1cc(-c2ccc(NC(=O)C(C)(C)C)cc2)ccc1-c1ccc2nc(NCc3ccccn3)ncc2n1
360	mol227	-12.22	Cc1cc(Nc2nccc(Nc3ccc(C(=O)Nc4cccc(C(=O)O)c4)cc3)n2)ccc1OC(C)(C)C
360	mol110	-13.09	Cc1cnc(Nc2ccc(NC(=O)Nc3ccc(C(N)N)cc3)cc2)cc1Oc1ccc(NC(=O)c2ccccn2)cc1
360	mol208	-12.8	Cc1ncc(CNC(=O)c2cnc(N)c(-c3ccc(C(=O)NCc4ccccc4)cc3)c2)c(N)n1
360	mol331	-12.14	Cc1cccc(-n2nc(C(=O)NC[C@H]3CC[C@@H](C(=O)Nc4cccc(C(F)(F)F)c4)CC3)cc2NC(=O)NCc2ccc(F)cc2)c1
360	mol376	-12.98	Cc1cc(-c2ccccc2C(F)(F)F)ccc1C1CCN(C(=O)c2ccc(N)c(=O)[nH]2)CC1
360	mol83	-12.49	Cc1ccc(NC(=O)c2cccc(C(=O)NCc3cccc(C(=O)Nc4cc(C)ccn4)c3)c2)cc1
360	mol262	-12.32	O=C(NCc1ccccc1)c1cccc(-c2ncc(-c3ccccc3)cc2NCc2ccccc2)c1
360	mol4	-12.52	Cc1ccc(NC(=O)c2ccc(Cn3cc(NC(=O)c4nn(-c5ccccc5)cc4C(F)(F)F)cn3)cc2)cc1
360	mol109	-12.41	Cc1cccc(C(=O)Nc2ccc(C(=O)Nc3ccc(-c4cc(C(=O)O)cs4)cc3)cc2)c1
360	mol447	-12.73	Nc1nc(Nc2cccc(S(N)(=O)=O)c2)sc1[C@@H](O)c1ccc(-c2ccc(F)cc2)cc1
360	mol406	-13.11	Cc1ccc(NC(=O)c2ccc(NC(=O)c3cc(-c4ccc(F)cc4F)ccc3O)cc2)cc1
360	mol397	-13.11	Cc1cc(Nc2cc(N)nc(Nc3ccc4c(c3)CC(=O)N4)n2)cc(C(=O)Nc2ccc(C(=O)O)c(C(=O)O)c2)c1
360	mol3	-12.71	Cc1ccc(NC(=O)c2cc(NC(=O)c3ccc(N4CCCCC4)cc3)cc(Oc3ccc(C(=O)O)c(N)c3)c2)cc1
360	mol47	-13.01	Nc1ccccc1S(=O)(=O)Nc1ccc(-c2cnc(F)c(Nc3ccc4ccccc4n3)c2)cc1
360	mol356	-12.64	CC(=O)Nc1cccc(Nc2nccc(Nc3cc(-c4cccc(C#N)c4)ccc3C)n2)c1
360	mol119	-12.65	Cc1ccc(C(=O)Nc2ccc(C(=O)c3cccc(C(=O)O)c3)cc2)cc1Nc1ncccc1-c1ccnc2[nH]ccc12
360	mol399	-12.01	Cc1cc(Nc2cccc(NC(=O)CCC(=O)O)c2)ccc1Nc1ccnc(Nc2cc(C3C=C3)[nH]n2)n1
360	mol462	-12.08	Cc1nc(Nc2ncc(C(=O)Nc3ccc(C(=O)N/N=C/c4ccccc4F)cc3)s2)cc(N2CC[NH+](CCO)CC2)n1
360	mol103	-12.08	Cc1ccc(C(=O)Nc2ccc(Nc3ncc(Br)c(Nc4ccc(C(=O)O)cc4)n3)cc2)cc1
360	mol409	-12.69	Cc1ccc(NC(=O)c2ccc(-c3ccc(CC(N)=O)cc3)o2)cc1Nc1nccc(-c2cccnc2)n1
360	mol368	-13.23	Cc1c(-c2nccc3cccc(O)c23)ccc(F)c1NC(=O)c1cncc(C(=O)c2cnc3[nH]ccc3c2)c1
360	mol436	-12.51	Cc1ccc(Cl)cc1-c1cc(Nc2ccnc(Nc3cccc(C(=O)O)c3)n2)ccn1
360	mol172	-12.16	Cc1ncc(C(=O)NCc2ccc(C(=O)N[C@@H](CCC(=O)O)C(=O)O)s2)cc1-c1ccc(/C=C/C(=O)NO)cc1
360	mol484	-12.12	Cc1ccc(NC(=O)c2ccc(C(=O)Nc3ccc(C(N)N)cc3)cc2Oc2cccc(NC(=O)Cc3ccc(C(=O)O)cc3)c2)cc1
360	mol214	-12.51	Cc1ccc(NC(=O)c2ccc(C#N)cc2)cc1NC(=O)c1cnc(-c2ccccc2)cc1N
360	mol97	-12.61	CNC(=O)c1ccc(-c2ccc(-c3cccc(CC(N)N)c3)cc2)cc1
360	mol248	-12.28	Cc1cc(Nc2nccc(Nc3ccc4c(N)nccc4c3)n2)ccc1C(=O)O
360	mol476	-12.79	Cc1ccc(C(=O)Nc2cnn(-c3cccc(-c4cccc(C(=O)O)c4)c3)c2)cc1
360	mol246	-12.02	Cc1ccc(C(=O)NCc2ccc(C(=O)NC(=O)NC(=O)c3ccccc3C(F)(F)F)cc2)cc1
360	mol343	-12.78	Cc1cc(NC(=O)Nc2nnc(-c3ccc4c(c3)OCO4)s2)ccc1-c1ccccc1
360	mol116	-12.65	Cc1cn(-c2ccc(C(=O)Nc3ccc(Oc4cccc(C(=O)O)c4)cc3)cc2)c(=O)[nH]c1=O
360	mol123	-12.59	Cc1sc(-c2ncc(-c3ccc(C(=O)N[C@@H](Cc4ccccc4)C(=O)O)cc3Cl)[nH]2)cc1CSc1nc(N2CCOCC2)cc(N2CCOCC2)n1
360	mol305	-13.74	Cc1cc(-c2ccc3c(c2)NC(=O)CO3)ccc1Nc1cccc(C(=O)N[C@H](Cc2ccccc2)[C@H](O)c2nc3ccccc3[nH]2)c1
370	mol225	-12.17	Cc1ccc(C(=O)NCc2ccc(C(=O)Nc3nc(NC(=O)c4cccc(C(=O)O)c4)cs3)cc2)cc1
370	mol302	-12.29	Cc1c(Nc2ccccn2)ccc2cc(NC(=O)N[C@H](C)c3ccccc3)ccc12
370	mol203	-12.58	Cc1ccc(-c2cccs2)cc1NC(=O)Cn1ccc(NC(=O)c2cccc(NC(=O)c3cc4ccccc4o3)c2)c1
370	mol254	-12.31	Nc1nc(Nc2ccc(C(=O)O)cc2)sc1[C@@H](O)c1ccc(O)c(-c2ccc(O)cc2)c1
370	mol405	-12.39	Nc1cc(C(=O)NCc2cccc(-c3cccc(C(F)(F)F)c3)c2)ccc1F
370	mol141	-12.08	Cc1cccc(C(=O)Nc2ccc(-c3ccc(F)cn3)cc2C(=O)O)c1
370	mol352	-12.53	Cc1cn(-c2ccc(NC(=O)c3ccc(C(=O)N[C@H](Cc4ccccc4)[C@H](O)CNC(=O)c4cccc(C(=O)O)c4)s3)cc2)c(=O)[nH]c1=O
370	mol193	-13.67	Cc1ccc(C(=O)Nc2ccc(C[N@H+]3CC[N@@H+](C)CC3)c(C(F)(F)F)c2)cc1Nc1nccc(-c2cnc3ccccn23)n1
370	mol264	-13.63	Cc1c(F)cccc1CNC(=O)Nc1ccc(-c2nc(Cc3ccc(F)cc3)cnc2-c2ccn(C)c(=O)c2)cc1
370	mol52	-12.03	Cc1ccc(C(=O)Nc2ncc(CCO)s2)cc1NC(=O)c1cccc(N2CCCC2=O)c1
370	mol81	-12.65	Cc1ccc(-c2ccc(NC(=O)c3cc4ccccc4o3)cc2)cc1
370	mol390	-13.0	Cc1cc(Nc2cc(NC(=O)c3ccc(C(=O)Nc4ccc(NC(=O)c5ccccc5)cc4)cc3)ccn2)ccc1C(=O)O
370	mol255	-12.97	Cc1cc(NC(=O)c2ccc(C(=O)Nc3cccc(C(F)(F)F)c3)cc2C(=O)O)ccc1Sc1ccc(F)c(N)c1
370	mol470	-12.25	Cc1cccc(Oc2ccc(NC(=O)c3ccc4ccccc4n3)cc2)c1
370	mol149	-12.39	Cc1ccc(C(=O)NCc2ccnc(C(=O)O)c2)cc1Nc1nccc(-c2cccnc2)n1
370	mol261	-12.65	Cc1ccc(S(=O)(=O)Nc2cccc(-c3nnc(CCc4nc(C(=O)O)cc(-c5ccc(Cl)cc5)n4)s3)c2)cc1
370	mol94	-13.25	NC(N)c1cccc(NC(=O)c2ccc(C(=O)O)cc2Oc2ccc(NC(=O)c3cc4ccccc4o3)cc2)c1
370	mol53	-12.17	Cc1cccc(-n2nc(C(=O)NCc3ccc4ccccc4c3)cc2-c2ccc(-c3nc4cccc(C(=O)O)c4o3)cc2)c1
370	mol295	-13.71	Cc1cc(NC(=O)c2ccc(C(=O)NCc3ccccc3C(=O)NO)cc2)cc2ccccc12
370	mol313	-12.71	Cc1ccc(C(=O)Nc2ccc(C(=O)Nc3ccc(S(N)(=O)=O)cc3)cc2C(=O)O)cc1
370	mol335	-12.76	Cc1cccc(/C=C/C(=O)Nc2ccc([C@H](Cc3nc(-c4ccccc4)[nH]c3C(=O)O)C(=O)O)cc2)c1
370	mol61	-12.15	Cc1nc(Nc2ncc(C(=O)Nc3ccc(C(=O)Nc4ccccc4N)cc3)cc2-c2ccc(C(=O)O)cc2)cc(N2CC[NH+](CCO)CC2)c1F
370	mol86	-13.09	Cc1cc(NC(=O)c2ccc(C(C)(C)C)cc2)ccc1Nc1nccc(-c2cnc3ccccc3n2)n1
370	mol325	-12.16	Cc1ccc(NC(=O)c2ccc(C[NH+]3CCN(c4ccnc5ccccc45)CC3)cc2)cc1
370	mol189	-12.33	Nc1cc(-c2cccc(F)c2)cn(-c2ccc(C(=O)O)c(Oc3ccc4ccccc4c3)c2)c1=O
370	mol59	-12.79	CNC(=O)c1ccc(-c2ccc(-c3cnc4nc(N)nc(NC5CCCCC5)c4n3)cc2)cc1
370	mol16	-12.22	Cc1cccc(Nc2cccc(-c3nc(Nc4ccc(C(=O)O)cc4)cs3)c2)c1
370	mol304	-12.45	Cc1cc(Nc2nc(NCCCc3ccc(NC(=O)C4(C(=O)Nc5ccc(Cl)cc5)CC4)cc3)cc(N3CCCCC3)n2)ccc1-c1ccccc1
370	mol242	-12.72	Cc1ccc(C(=O)Nc2ccc(C(=O)Nc3ccc4ccccc4n3)cc2)cc1
370	mol297	-12.2	Cc1cc(C(=O)Nc2ccc(Oc3ccc4nccnc4c3)cc2C(=O)O)ccc1O
370	mol146	-13.56	Nc1cc(-c2ccc(C(=O)O)cc2)ccc1NC(=O)c1ccc(NC(=O)c2cc(CNC(=O)Cc3ccccc3)cnc2N)cc1
370	mol19	-12.21	Cc1ccc(C(=O)Nc2cccc(CCC(=O)O)c2)cc1-c1ccc(C(=O)N[C@@H](CCC(=O)O)C(=O)O)cc1
370	mol478	-12.77	CNc1cc(Nc2ccc(C(=O)Nc3ccc(Nc4nccc(Nc5ccccc5)n4)cc3)cc2)cc(N2CCCC2=O)c1
370	mol318	-12.77	Cc1ccc(NC(=O)c2ccc(NC(=O)CNC(=O)c3cccc4ccccc34)cc2)cc1
370	mol185	-13.14	Cc1cc(N2CCC(S(=O)(=O)c3ccc(Cl)cc3F)CC2)nc(-c2ccc(NCc3ccc4ccccc4n3)cc2)n1
370	mol250	-12.33	Cc1cc(Nc2cc(Nc3ccnc(NCC[NH+]4CCCCCC4)c3)c3ncccc3n2)ccc1-c1ccc(S(C)(=O)=O)cc1
370	mol13	-12.72	Cc1nc(NCc2cccc3ccccc23)cc(Nc2nccc(Nc3ccc4c(N)nccc4c3)n2)n1
370	mol452	-12.64	Cc1cc(NC(=O)c2ccc(CNC(=O)c3ccc(C(=O)NCc4ccccc4)cc3)cc2)cc(N2CCCC2=O)c1
370	mol8	-12.19	Cc1ccc(-c2nc(COc3ccc(C(=O)NCCCCC(=O)NC(=O)c4cccc(C(F)(F)F)c4)cc3)co2)cc1
370	mol260	-12.49	Cc1ccc(C(=O)Nc2ccc(-c3cc4nc(Cc5ccccc5)[nH]c4cn3)cc2)cc1
370	mol490	-12.86	CC(=O)N1CC[NH+](Cc2ccc(NC(=O)c3cccc(-c4n[nH]c([C@H]5CC[N@@H+](Cc6ccccc6C)C5)n4)c3)cc2)CC1
370	mol285	-12.52	Cc1ccc(C(=O)Nc2ccc(Nc3ccnc4ccccc34)cc2)cc1
370	mol416	-12.69	FC(F)(F)c1cccc(Cn2cc(-c3ccc(-c4ccc5ccccc5n4)cc3)nn2)c1
370	mol282	-14.37	Cc1ccc(NC(=O)c2ccc(C(=O)NC(N)N)cc2)cc1Nc1nccc(-c2ccc(-c3ccccc3)cc2)n1
370	mol317	-12.83	Cc1cc(Nc2nccc(Nc3ccc4c(c3)C(=O)c3ccccc3C4)n2)cc(N)c1Cl
370	mol34	-14.04	Cc1cccc(-c2nc3nc(-c4cccc(C(=O)Nc5cccnc5)c4)cc(N)n3n2)c1
370	mol291	-12.19	Cc1ccc(NC(=O)c2cccc(C#N)c2)cc1Nc1ncnn2cc(C(=O)Nc3ccccc3)cc12
370	mol475	-12.1	Cc1c(CN2CCCC2=O)cccc1-c1nc(Nc2ccc(C(=O)N[C@H]3CC[C@H](O)CC3)cc2)c2ccccc2n1
370	mol213	-12.01	Cc1cccc(-c2nc(Nc3cccc(C(=O)Nc4ccc(C(=O)NC5CC5)cc4)c3)sc2-c2ccc(C(=O)O)cc2)c1
370	mol329	-12.79	Nc1cc(C(=O)Nc2ccc(C(F)(F)F)cc2)ccc1S(=O)(=O)Nc1ccc(-c2cccnc2)cc1
370	mol386	-12.78	Cc1ccc(C(=O)Nc2ccc(Oc3ccc4nc(NC(=O)[C@@H]5C=NC(=O)CC5)sc4c3)cc2)cc1
370	mol370	-12.71	NC(=O)c1cc(F)cc2[nH]c(-c3cc(-c4cccc(C(=O)O)c4Cl)cc(C(=O)O)c3O)nc12
370	mol303	-12.83	CC(=O)Nc1cccc(-c2ncc(-c3cccc(C(=O)NCc4cccc(C(=O)Nc5cccc(C(=O)O)c5)c4)c3)s2)c1
370	mol495	-12.03	Cc1cccc(-n2nc(C(=O)Nc3ccc(-c4cccc(C(=O)O)c4)cc3)cc2NC(=O)Nc2cccnc2)c1
370	mol140	-12.48	Cc1cccc(-n2nc(C(=O)Nc3cc(C(=O)Nc4ccc(Cl)c(C(F)(F)F)c4)ccc3C(C)(C)C)cc2N)c1
370	mol489	-12.89	Cc1ccc(CNc2nnc(-c3ccc(C(=O)N4CCN(c5ccccc5F)CC4)cc3)o2)cc1
370	mol355	-12.12	CC(=O)Nc1ccc([C@H](O)CCNC(=O)c2ccc(NC(=O)c3cccc(C(C)(C)C)c3)cc2C(=O)O)cc1
370	mol44	-12.68	Cn1c(-c2ccc(NC(=O)Nc3ccccc3)cc2)cc(-c2ccc(NC(=O)Nc3cccc(C(F)(F)F)c3)cc2)c1Cc1ccc(-c2ccccc2)cc1
370	mol498	-13.0	Cc1cc(NC(=O)c2ccc(-c3ccc(NC(=O)Nc4ccccc4)cc3)cc2)cc(N2CCCC2=O)c1
370	mol216	-12.13	Cc1ccc(C(=O)Nc2ccc(-c3cc4ccccc4s3)cc2)cc1
370	mol351	-12.33	Cc1cc(N2CCC(CO)(CC#N)CC2)ccc1Nc1nccc(-c2c[nH]c3ncccc23)n1
370	mol363	-12.16	Cc1cccc(-n2nc(C(=O)NCc3cccc(Cl)c3)cc2-c2ccc(NC(=O)c3ccc4ccccc4n3)cc2)c1
370	mol312	-13.09	Cc1ccc(Oc2cc(NC(=O)c3ccc(C)c(Nc4ncnc5ccccc45)c3)cc(N3CCCCC3)c2)cc1
370	mol120	-12.08	Cc1c(Cc2ccccc2)c(=O)oc2cc(OS(=O)(=O)c3ccc(F)cc3)c(O)cc12
370	mol191	-12.29	NC(=O)c1cccc(Nc2nccc(Nc3cc(Nc4nccc(Cc5ccccc5Cl)n4)cc(C4CC4)c3)n2)c1
370	mol466	-12.15	Cc1ccc(S(=O)(=O)Nc2ccc(Cc3cc(=O)oc4ccccc34)cc2)cc1
370	mol451	-12.41	Cc1ccc(C(=O)Nc2ccc(Oc3ccc4nc(NC(=O)C5CCCCC5)sc4n3)cc2)cc1
370	mol485	-12.35	Cc1cc(Oc2cccc(-c3nnnn3C(C)(C)O)c2)cc(Nc2ccnc3[nH]ccc23)c1F
370	mol299	-12.96	CC(=O)Nc1c(C(=O)Nc2ccc(F)c(C(=O)Nc3cccc(Oc4ccccc4)c3)c2)ccc(C(C)(C)O)c1F
370	mol224	-12.9	Cc1cc(C(=O)Nc2ccc(S(=O)(=O)Nc3ccc(C(=O)O)c(CO)c3)cc2)cc(N2CCCC2=O)c1
370	mol39	-12.2	Cc1ccc(C(=O)Nc2ccc(Oc3ccc(NC(=O)c4ccccc4F)cc3)cc2)cc1
370	mol104	-12.8	Cc1[nH]c(C=O)c(CC(=O)Nc2ccc(C(=O)N[C@@H](CCc3ccccc3)C(=O)O)cc2)c1-c1ccc(-c2nn[nH]n2)cc1
370	mol173	-12.35	Cc1ccc(C(=O)Nc2cccc(C(=O)NCc3ccc(C(=O)N[C@@H](C)C(=O)O)cc3)c2)cc1
370	mol31	-13.29	Cc1cc(OCc2cccc(-c3cccc(-c4ncccn4)c3)c2)cc(-c2cccnc2OCCn2ccc3ccccc32)c1
370	mol3	-12.31	CNC(=O)c1ccc(Oc2ccc(NC(=O)Nc3cccc(C(=O)O)c3)cc2)cc1
370	mol30	-12.33	Cc1ccc(NC(=O)CNC(=O)c2ccc(CCC(=O)N[C@@H](C)c3ccc4ccccc4n3)cc2)cc1
370	mol399	-12.02	Cc1ccc(C(=O)N2CC[NH+](C)CC2)cc1Nc1ncnc2ccc(Nc3cccc(C(=O)NCC(=O)O)c3)cc12
370	mol221	-12.36	Cc1cc(CC(=O)N2CCN(c3ccc(C(=O)Nc4ccc(C(=O)O)cc4)cc3)CC2)ccc1F
370	mol107	-12.13	Cc1ccc(S(=O)(=O)N/N=C\c2ccc(-c3cnc(N)cc(=O)c3)cc2)cc1
370	mol462	-13.02	Cc1ccc(C(=O)Nc2ccc(C(=O)O)cc2)cc1NCc1cccc(-c2nnc(CCc3ccccc3)o2)c1
370	mol103	-12.71	Cc1cc(C(=O)Nc2ccc(Oc3ccc4nn(C)cc4c3)cc2)cc(N2CCCC2=O)c1
370	mol328	-12.25	Cc1cc(Nc2ncnc(-c3ccc(CC(=O)NO)cc3)n2)ccc1C(=O)NO
370	mol131	-12.43	CO[C@@H](c1cccc(O)c1)c1cccc(Nc2ccc(Cl)c(C(=O)Nc3cccc(S(N)(=O)=O)c3)c2)c1
370	mol472	-12.32	Cc1ccc(Nc2nccc(-c3cccnc3Nc3cccc(C(=O)Nc4ccc(C(=O)O)cc4)c3)n2)cc1
370	mol243	-12.64	Cc1cc(CCc2ccc(C(=O)c3ccc(C(=O)O)cc3)cc2C(=O)O)ccc1O
370	mol151	-13.16	Cc1cc(Nc2cc(C(F)(F)F)c(-c3cncc(C(=O)c4cccc(C(F)(F)F)c4)c3)cn2)ccn1
370	mol23	-12.58	CCc1ccc(CC(=O)Nc2ccc(Oc3ccc4ccccc4c3)cc2C(=O)O)cc1
370	mol251	-12.03	Cc1nc(-c2ccc(C(=O)NCc3cccc(Oc4ccccc4)c3)cc2)c[nH]1
370	mol226	-12.73	Cc1cccc(CNC(=O)Nc2cccc(Oc3ccc(Nc4nccc(C[C@H]5CCCNC5)n4)cc3)c2)c1
370	mol432	-12.58	Cc1ccc(S(=O)(=O)Nc2ccc(-c3c(Cc4ccccc4)nc4ccccn34)cc2)cc1
370	mol41	-13.16	Cc1ccc(Nc2cnc(-c3ccc(NC(=O)c4cccc(C(F)(F)F)c4)cc3)c3ccccc23)cc1
370	mol497	-12.44	Cc1cccc(-c2ncc(C(=O)Nc3ccc(Oc4ncccc4C(F)(F)F)cc3)o2)c1
370	mol43	-12.65	Cc1cc(COc2ccc(NC(=O)c3ccc4cccnc4c3)cc2C(=O)NO)ccc1F
370	mol85	-12.13	NC(N)c1ccc(NC(=O)c2ccc(CNC(=O)c3ccc(Cc4ccccc4)cc3)cc2)cc1
380	mol68	-12.37	c1ccc(Cc2ccc(CNc3ncc(-c4cccnc4)c4ccccc34)cc2)cc1
380	mol203	-12.55	Cc1ccc(C(=O)Nc2ccc(Oc3ccc(-c4nc(C(N)N)cs4)cc3)cc2)cc1
380	mol6	-12.25	Cc1ccc(NC(=O)c2ccc(C(N)=O)cc2)cc1Nc1nccc(-c2cccnc2)n1
380	mol405	-12.97	Cc1cccc(-c2nnc(-c3ccc4c(c3)cc(C(=O)O)n4Cc3ccc(/C=C\C(=O)c4ccccc4)cc3)o2)c1
380	mol175	-13.35	CN(Cc1ccc(-c2nnc[nH]2)cc1)c1cc(Nc2ccc3nc(N)nc(Nc4cccc(C(=O)O)c4)c3c2)ccn1
380	mol108	-12.52	Cc1[nH]c2ccccc2c1CCNC(=O)c1ccc(-c2ccc(NC(=O)Nc3ccccc3)cc2C(=O)OCc2ccccc2)cc1
380	mol155	-12.25	Cc1cc(-c2cccc(C(=O)Nc3ccc4c(c3)CC[NH2+]C4)c2)sc1C(=O)NCCCNCc1ccccc1
380	mol81	-12.05	Cc1ccc(-c2ccn3c(N[C@H](CO)c4ccccc4)cnc3c2)cc1
380	mol241	-12.66	Cn1c(-c2ccc(C(=O)NCc3ccc(NC(=O)Cc4ccccc4)cc3)cc2)nc2cc(C(=O)O)ccc21
380	mol390	-12.53	Cc1cc(NC(=O)c2cccc(C(=O)NCc3ccc(C(N)N)cc3)c2)cc(-c2cccc(C(=O)O)c2)c1
380	mol106	-14.02	Cc1cc(NC(=O)c2cccc(C(N)=O)c2)ccc1-c1ccc(/C=C\c2ccnc3cc(Br)ccc23)cc1
380	mol21	-12.35	Cc1cc(C(=O)Nc2cccnc2)cc(-c2ccnc(Nc3cccc(Cl)c3)n2)c1
380	mol365	-13.82	Cc1cc(Oc2cccc(-c3cccc(-c4cccc(Cl)c4)c3)c2)cc(C=O)c1O
380	mol24	-12.03	CN(c1ccc(S(=O)(=O)Nc2cccc(C(=O)O)c2)cc1)S(=O)(=O)c1ccc(-c2ccc(F)cc2)cc1
380	mol380	-12.91	Cc1ccc(C(=O)Nc2ccc(C[NH+]3CCOCC3)cc2)cc1Nc1nccc(Nc2ccc(S(=O)(=O)Nc3ccc4c(c3)C(=O)C(=O)N4)cc2)n1
380	mol270	-12.01	Cc1cc(C#N)cc(-c2ccc(C(=O)Nc3cccc(CC(=O)O)c3)cc2)c1
380	mol112	-12.39	Cc1ccc(NC(=O)COc2cccc(NC(=O)c3cccc(COc4ccccc4)c3)c2)cc1
380	mol261	-13.98	Cc1cc(NC(=O)c2ccc(-c3cccc(CNC(=O)c4cccc(C(=O)O)c4)c3)cc2C(=O)O)ccc1O
380	mol179	-13.35	Cc1ccc(CNC(=O)Nc2ccc(C(=O)Nc3cccc(Nc4nccc(Nc5ccc(C(=O)O)cc5)n4)c3)cc2)cc1
380	mol207	-12.78	CN(C(=O)c1ccc(Cl)cc1)c1ccc(Nc2nccc3nc(-c4cccc(Cl)c4)cnc23)cc1
380	mol209	-12.22	Cc1cc(F)ccc1Nc1nccc(Oc2ccc(C(=O)Nc3ccc(S(N)(=O)=O)cc3)cc2)n1
380	mol12	-12.57	Cc1ccc(C(=O)Nc2ccc(Oc3ccc4ccccc4n3)cc2)cc1
380	mol296	-12.2	Cc1cc(NC(=O)Nc2ccc(Oc3ccc(NS(=O)(=O)c4cccc(Cl)c4)cc3)cc2)cc(N2CCCC2)c1
380	mol383	-13.01	Cc1cn(-c2ccc(NC(=O)c3ccc4cccc-4cc3)cc2F)cc1F
380	mol337	-12.05	Cc1cc(C)cc(Nc2nccc(Nc3ccc4ncccc4c3)n2)c1
380	mol240	-12.15	Cc1cc(Nc2ncnn3cc(-c4ccccc4)cc23)cc(-c2ccccc2)c1
380	mol62	-13.15	Cc1cc(NC(=O)c2cccc(C(N)=O)c2)cc(-c2ccc(OCc3cccc(C(=O)O)c3)cc2)c1
380	mol5	-12.23	Cc1cn(-c2cc(NC(=O)c3ccc(C)c(Nc4nccc(-c5ccccn5)n4)c3)c(C(F)(F)F)s2)cn1
380	mol196	-13.53	Cc1ccc(C(=O)Nc2cccc(C(=O)Nc3ccccc3)c2)cc1Nc1ncnc2ccc(Nc3cccc(S(C)(=O)=O)c3)cc12
380	mol233	-12.51	Cc1cc(C)cc(Nc2nccc(Nc3ccc4ccccc4c3)n2)c1
380	mol19	-13.06	Cc1cc(NS(=O)(=O)c2ccc(OCc3cccc(C(=O)O)c3)cc2)ccc1-c1ccc2cc(NC(=O)Cc3ccc(Cl)c(Cl)c3)ccc2n1
380	mol318	-12.34	Cc1ccc(NS(=O)(=O)c2ccc(NC(=O)c3ccc4ncccc4c3)cc2)cc1Nc1ncccn1
380	mol185	-14.42	Cc1cc(-c2cccc(C(=O)O)c2)ccc1Nc1nccc(Cc2cccc(C(=O)Nc3cccc(C(F)(F)F)c3)c2)n1
380	mol357	-12.01	Cc1nc(Nc2ncc(C(=O)Nc3ccc(Oc4ccnc5[nH]ccc45)cc3)s2)cc(N2CCO[C@@H](C(F)(F)F)C2)n1
380	mol65	-12.25	Cc1c(Nc2cccc(C(=O)NCc3nc4ccccc4[nH]3)c2)cccc1C(=O)O
380	mol148	-13.74	CC(=O)N[C@@H]1CNc2ccc(-c3ccc(C(=O)Nc4ccc(Oc5ccccc5)cc4)cc3)cc2C1
380	mol115	-12.26	Cc1occ(-c2ccc(Cl)cc2)c1[C@@H](O)C(=O)Nc1ccc(-c2cnco2)cc1
380	mol157	-12.24	Cc1ccc(NC(=O)c2cccc(-c3c[nH]c4ncccc34)c2)cc1C(F)(F)F
380	mol78	-12.76	Cc1ccc(C(=O)Nc2ccc(Oc3ccc4nc(NC(=O)[C@@H]5CCCN5C(=O)Cc5ccccc5)sc4c3)cc2)cc1
380	mol152	-12.67	Cc1ccc(NC(=O)c2cccc(C(=O)Nc3ccccn3)c2)cc1Nc1ncnc2cccnc12
380	mol317	-12.08	Cc1ccc(C(=O)Nc2ccc(C(=O)NCc3ccco3)cc2)cc1Nc1ncnc2sc(-c3ccccc3)cc12
380	mol415	-13.37	Cc1cc(C(=O)Nc2ccc(C(=O)O)cc2)ccc1Nc1ccc2c(-c3ccc(C(=O)O)cc3)nccc2c1
380	mol34	-12.75	Cc1ccc(C(=O)Nc2ccc(C[N@H+]3CC[N@@H+](C)CC3)c(C(F)(F)F)c2)cc1Nc1ncnc2ccc(Nc3cccc(S(C)(=O)=O)c3)cc12
380	mol217	-13.17	Cc1c(Oc2ncccc2[C@H](O)c2cccc(O)c2)ccc2ccc(Nc3ccncc3)cc12
380	mol341	-12.81	Cc1ccc(-c2cc(C(=O)Nc3cccc(-c4nc5ccccc5[nH]4)c3)cc3ccccc23)cc1
380	mol54	-12.36	Cc1cccc(-n2nc(C(C)(C)C)cc2NC(=O)Nc2cccc(Nc3ncnc4ccc(N)cc34)c2)c1
380	mol247	-12.44	CN(C)c1ccc(-c2cccc(Nc3cccc4ccccc34)c2)cc1
380	mol1	-12.76	Cc1ccc(-c2nc3ccccc3c(=O)n2-c2ccc(CCN[C@H](N)NCc3ccc4ccccc4n3)cc2)cc1
380	mol245	-12.08	Cc1cccc(C(=O)NC(=O)c2cccc(-c3cccc(NC(=O)Cc4ccccc4)c3)c2)c1
380	mol32	-12.01	Cc1cccc(-c2ccc(C(=O)Nc3ccc(Oc4ncccn4)cc3)cc2)c1
380	mol177	-12.23	Cc1ccc(NC(=O)c2ccc(C[N@H+]3CC[N@H+](C)CC3)cc2)cc1Nc1nccc(-c2cccnc2)n1
380	mol232	-12.1	Cc1cc([C@H](Nc2cccc(C(=O)Nc3cccc(S(N)(=O)=O)c3)n2)C(=O)NO)ccc1OCc1ccccc1
380	mol353	-13.23	Cc1ccc(COc2ccc(-c3c[nH]c4ncc(C(=O)Nc5ccccn5)cc34)cc2Cl)cc1
380	mol140	-12.17	Cc1ccc(C(=O)Nc2ncc(-c3ccc(NC(=O)c4ccccc4CO)cc3)s2)cc1
380	mol381	-12.87	CCS(=O)(=O)Nc1ccc(Nc2nccc(Nc3cc(NC(=O)c4cccc(C(=O)Nc5ccccc5)c4)ccc3C)n2)cc1OC
380	mol129	-12.78	c1ccc(-c2cccc(-c3cccc(Nc4nc5ccccc5[nH]4)c3)c2)cc1
380	mol314	-12.69	Cc1ccc(C(=O)Nc2ccc(C(=O)Nc3ccccc3)cc2)cc1NC(=O)c1ccc(Cl)cc1
380	mol394	-12.59	CN(c1cccc(/C(=N/OCc2cc(F)cc(F)c2)c2cc(Nc3ccc(C(=O)Nc4cccc(C(=O)O)c4)cc3)nc(N)n2)c1)S(C)(=O)=O
380	mol117	-12.18	Cc1ccc(NC(=O)c2ccc(C(=O)O)cc2)cc1Nc1ncnn2cc(C(=O)c3ccccc3)cc12
380	mol309	-14.26	CN1C/C(=C/c2ccc(C(=O)Nc3nn4c(=O)cc(-c5ccccc5)nc4s3)cc2)CCC1=O
380	mol90	-12.37	Cc1ccc(C(=O)Nc2cccc(Nc3ccnc4cc(Cl)ccc34)c2)cc1
380	mol113	-12.09	Cc1cccc(-c2ccc(NC(=O)c3cccc(C(=O)O)c3)cc2C(=O)O)c1
380	mol354	-13.02	Cc1cc(C)c(C(N)=O)cc1Nc1nccc(Nc2nccc(Nc3ccc(-c4ccccc4)cc3)n2)n1
380	mol109	-12.71	Cc1cc(/C=C/c2ccc(/N=C/c3ccc(/C=C\C(=O)c4ccccc4)cc3)cc2)ccc1O
380	mol224	-12.61	Cc1cc(Nc2ccc(F)c(C(=O)O)c2)cc(C(=O)Nc2ccc(C(=O)N[C@H](Cc3ccc(O)cc3)[C@H](O)COc3ccccc3)cc2)c1
380	mol230	-13.21	Cc1cc(C(=O)Nc2ccc(Oc3ccc4n[nH]cc4c3)cc2Cl)ccc1OCc1nnc(-c2ccc(C(N)=O)cc2)o1
380	mol269	-12.43	Cc1ncc(-c2nc(Nc3ccc(S(N)(=O)=O)cc3)ncc2F)cc1-c1ccc2[nH]c(CCc3ccccc3)nc2n1
380	mol369	-12.31	Cc1ccccc1-c1cc(Nc2ccnc(Nc3cccc(C(N)N)c3)n2)ccc1O
380	mol122	-12.63	Cc1ccc(C(=O)Nc2ccc(C(=O)Nc3cccc4ncccc34)cc2)cc1
380	mol42	-12.36	Cc1cccc(NC(=O)Nc2ccc(Oc3ccnc4[nH]cc(-c5ccccc5)c34)cc2)c1
380	mol119	-12.59	Cc1cc(Oc2ccc(-c3ccc(C(=O)O)cc3)cc2)ccc1-c1ccc2c(N)nccc2c1
380	mol201	-12.51	Cc1noc(C)c1-c1ccc2c(Nc3ccccc3C(F)(F)F)ncnc2c1
380	mol235	-12.5	Cc1cc(Nc2nn(C(C)(C)C)c(=O)c3cc(-c4ccccc4)ccc23)nc(NS(=O)(=O)c2ccc(C#N)cc2)c1
380	mol103	-12.34	Cc1cccc(NC(=O)c2cccc(C(=O)Nc3ccc(C)c(Nc4ncnc5cnc(Nc6ccccc6)nc45)c3)c2)c1
380	mol131	-12.57	CS(=O)(=O)Nc1ccc(-c2ccc(C(=O)Nc3ccc4ncccc4c3)s2)cc1CNc1cccnc1N
380	mol151	-12.17	Cc1nc(Nc2ncc(C(=O)Nc3cc(C(=O)N[C@@H](Cc4ccccc4)[C@H](O)C[NH2+]C4CCCCC4)ccc3F)s2)cc(N2CCOCC2)n1
380	mol375	-12.25	Cc1cc(C(=O)O)cc(C(=O)Nc2cncc(Oc3cccc(NC(=O)C4CCCCC4)c3)c2)c1
380	mol87	-12.55	Cc1ccc(C(=O)Nc2cccc(C(=O)NCc3ccc4ccccc4n3)c2)cc1
380	mol183	-13.4	Cc1ccc(C(=O)Nc2cccc(-c3cnc(N)c(C(=O)Nc4ccc(C(=O)O)cc4)c3)c2)cc1
380	mol123	-12.37	Cc1ccc(NC(=O)c2cccc(C(C)(C)C)c2)cc1Nc1ncnn2cc(-c3ccccc3)cc12
390	mol443	-13.59	Cc1ccc(CNC(=O)c2ccc3ccccc3n2)cc1Nc1ncnn2cc(-c3ccc(C(=O)O)cc3)cc12
390	mol422	-13.0	Cc1cc(NC(=O)Nc2ccc(Oc3ccc(NC(=O)[C@@H]4CCC=N4)cc3)cc2)c2cccnc2c1
390	mol156	-12.34	Cc1cccc(CNC(=O)c2cccc(C(=O)Nc3ccc(C(=O)O)cc3)c2)c1
390	mol203	-12.17	Cc1ccc(NC(=O)[C@@H](C)Oc2cccc(C(=O)O)c2)cc1Cc1cccc2ccccc12
390	mol254	-12.49	Cc1ccc(-c2nccs2)cc1NC(=O)c1ccc(N2Cc3ccccc3C2=O)cc1
390	mol84	-12.14	Cc1ccc(C(=O)Nc2ccc(CCNC(=O)c3ccc(C(=O)NO)cc3)cc2)cc1
390	mol141	-12.4	Cc1cccc(-c2nnc(-c3cccc4ccccc34)o2)c1
390	mol352	-12.67	Cc1c(NC(=O)c2cc(-c3ccc(F)cc3)cc(-c3ccnc(N)c3)c2)cccc1-c1nc2cc(C(N)=O)ccc2[nH]1
390	mol289	-12.75	Cc1ccc(C(=O)Nc2ccc(C(=O)Nc3cccc(C#N)c3)c3ccccc23)cc1C(=O)O
390	mol367	-12.01	Cc1ccc(S(=O)(=O)Nc2ccc(N(Cc3ccc4ccccc4c3)C(=O)Cc3ccccc3)cc2)cc1
390	mol264	-12.66	Cc1cccc(Nc2nccc(Nc3ccc4c(c3)cc(CCCc3ccccc3)n4C(C)C)n2)c1
390	mol320	-12.62	Nc1c(C(=O)Nc2ccc3ccccc3c2)cnn1-c1cccc(C(=O)O)c1
390	mol192	-12.46	CCC(=O)Nc1ccc(C(=O)Nc2noc3cc(-c4ccccc4)ccc23)cc1
390	mol81	-12.43	Cc1ccc(NC(=O)c2ccc(CNC(=O)Cc3ccc(OCc4ccccc4)cc3)cc2)cc1N1CCc2ccccc2C1
390	mol241	-12.02	Cc1ccc(-c2ncc(C(=O)Nc3ccc4c(c3)c(C3CC3)nn4-c3cccc(Cl)c3)s2)cc1
390	mol222	-13.35	Cc1ccc(NC(=O)c2ccc(C[N@H+]3CC[N@H+](C)CC3)cc2)cc1-c1ccc(OCc2cccc(C(=O)NCc3ccccc3)c2)cc1
390	mol470	-12.23	Cc1ccccc1-c1ccc(C(=O)Nc2cccc(C(=O)O)c2)cc1O
390	mol414	-12.42	Cc1cccc(-c2nn(CC(=O)Nc3cccc(C(=O)Nc4ccc(-c5nn[nH]n5)cc4)c3)cc2-c2ccc(C(=O)O)c(C(=O)O)c2)c1
390	mol149	-13.04	Cc1ccc(NC(=O)c2cccc(-c3cncc4ccccc34)c2)cc1
390	mol374	-12.4	Cc1ccc(C(=O)Nc2ccc(Oc3ccc(NC(=O)[C@@H]4CCC(=O)N4C)cc3)c3ccccc23)cc1
390	mol69	-13.19	NC(N)Nc1cccc(C(=O)Nc2ccc(-c3cccc(NC(=O)c4cccc(C(=O)O)c4)c3)cc2)c1
390	mol349	-12.33	Cc1ccc(-c2nc(C(=O)NCc3cccc4ccccc34)c(C)o2)cc1
390	mol209	-12.38	Cc1ncc(C(=O)Nc2ccc(-c3ccc4n[nH]c(CCNc5ccccn5)c4c3)cc2C(N)=O)nc1N
390	mol281	-12.43	Nc1nc(OCc2cccc3ccccc23)cc(-c2cccc(Cl)c2Cl)n1
390	mol126	-12.63	Cc1ccc(-c2ccc(NC(=O)c3cccc4ccccc34)cc2)cc1
390	mol337	-12.38	Cc1cc(C(=O)NC2CCN(C(=O)c3ccc4c(C)nn(C)c4c3)CC2)ccc1NCc1cc2cccnc2[nH]1
390	mol445	-12.93	Nc1cc(-c2cccc(Nc3nc4ccccc4[nH]3)c2)cc(-c2cccc(C(F)(F)F)c2)c1
390	mol62	-12.42	Cc1nc(Nc2ncc(-c3ccc(C(=O)Nc4cccc(C(=O)O)c4)cc3)s2)cc(N2CCOCC2)n1
390	mol16	-12.76	Cc1ccc(C(=O)Nc2ccc(Cc3ccc4c(c3)OCO4)cc2C(=O)O)cc1
390	mol350	-12.32	Cc1ccc(Nc2nccc(Nc3cccc(C(=O)Nc4cccc(C(=O)O)c4)c3)n2)cc1
390	mol304	-12.05	Cc1cc(-c2ccc(C(=O)N[C@H](Cc3ccccc3)C(=O)N[C@H](Cc3ccc4ccccc4c3)C(=O)Nc3ccccc3)cc2)cc(N2CCCCC2)c1O
390	mol393	-12.35	Cc1ccccc1-c1cccc2cc(NC(=O)N[C@@H](C)c3ccccc3)nnc12
390	mol478	-14.8	Cc1ccc(NC(=O)c2cccc(Nc3ccnc4cc(Cl)ccc34)c2)cc1NC(=O)c1ccc2ccccc2n1
390	mol185	-13.23	Nc1ccc(-c2ccc3[nH]c(-c4ccc(Oc5ccccc5)cc4)cc3c2)cc1
390	mol28	-12.33	Cc1ccc(-c2cccc(C(=O)O)c2)cc1/N=C/c1cccc(Oc2ccccc2)c1
390	mol65	-12.29	Cc1nc(N)c(COc2ccc(-c3ccc(C(=O)N/N=C(\N)[NH+]4CCCC4)cc3)cc2)c(N)n1
390	mol64	-12.01	Cc1ccc(NC(=O)c2ccc(O)c(NC(=O)Nc3ccccc3)c2)cc1
390	mol204	-12.14	Cc1c(CN(C)c2ccc(C(=O)O)cn2)ccc2cc(C(=O)N[C@@H](C)c3cccc(C(=O)NC(C)(C)C)c3)ccc12
390	mol360	-12.43	Cc1ccc(C(=O)Nc2ccc(C[N@H+]3CC[N@H+](C)CC3)c(C(F)(F)F)c2)cc1C#Cc1cnc(Nc2ccc(N3CCOCC3)cc2)n1C
390	mol96	-12.41	Cc1ccc(-c2ccc(Nc3cc(=O)c4ccc(C(=O)O)cc4o3)cc2)cc1
390	mol260	-12.15	Cc1cc(CNC(=O)CNC(=O)c2ccc(C(=O)NCC(=O)N3CCCC3)cc2)cc(C)c1O
390	mol310	-12.49	Cc1ccc(-c2nc(N)c(C(=O)c3ccc(C(=O)N[C@H](C)c4ccccc4)cc3)s2)cc1
390	mol152	-13.7	CC(=O)c1ccc(NC(=O)c2cccc(C(=O)Nc3ccc(Nc4nccc(-c5ccccc5)n4)cc3)c2)cc1
390	mol228	-12.41	CC(=O)Nc1ccc(Oc2ccc(NC(=O)c3cc4ccc(OCc5ccccc5)cc4o3)cc2)cc1
390	mol429	-12.69	Cc1ccc(C(=O)Nc2ccc(-c3c4c(nc5ccccc35)CCC4)cc2)cc1
390	mol416	-12.86	NC(=O)Nc1ccc(Nc2cccc(-c3c(N)ccc4ccccc34)c2)cc1
390	mol215	-12.08	Cc1ccc(NC(=O)c2ccc(C(=O)NCc3cccc(C(F)(F)F)c3)cc2)cc1NS(=O)(=O)c1ccc(N)cc1
390	mol398	-14.18	Cc1cc(Nc2nccc(Nc3ccc4c(c3)C[C@H](c3ccccc3)CC4)n2)cc(C(=O)NCCNc2ccnc3cc(Cl)ccc23)c1Cl
390	mol213	-12.88	Cc1ccc(Nc2nccc(-c3c[nH]c4ccccc34)n2)cc1C(=O)NCCC(=O)N[C@@H]1CCCN(Cc2ccccc2)C1
390	mol418	-12.62	Cc1cccc(Nc2nc3cccc(NC(=O)Nc4cccc(C(=O)O)c4)c3s2)c1
390	mol223	-12.6	NC(N)c1cccc(CN(C(=O)Cc2ccc3ccccc3c2)c2cccc(N[C@H]3CC[C@H](Nc4ncnc5[nH]ccc45)CC3)c2)c1
390	mol101	-12.38	N[C@H]1N[C@@H](c2ccc(-c3ccc(N4CCOCC4)cc3)cc2)CN1C(=S)Nc1ccc(F)cc1
390	mol56	-12.25	Cc1occc1C(=O)Nc1ccc(-c2nnc(Nc3ccc4ccccc4c3)s2)cc1
390	mol333	-12.24	Cc1ccc(Nc2ncc3ccc(-c4cccc(C(=O)O)c4)nc3n2)cc1
390	mol247	-13.14	Cc1ccc(C(=O)NCc2cccnc2)cc1NC(=O)c1ccc(Cl)c(Nc2nccc(-c3cccnc3)n2)c1
390	mol200	-12.71	CN(CCOc1ccc(-c2ccc(NC(=O)c3ccc4ccccc4n3)cc2)cc1)C(=O)NCCO
390	mol488	-12.04	Cc1ccc(F)cc1C(=O)Nc1cnc(Nc2ccc(N3CCNC(=O)C3)cc2)nc1
390	mol334	-12.26	Cc1cccc(-c2ncc(Cl)c(Nc3cccc(C(=O)N4CCCC4)c3)n2)c1
390	mol329	-12.11	Cc1cc(C(=O)Nc2cccc(-c3cccc(C(=O)O)c3)c2)ccc1OC(C(F)(F)F)C(F)(F)F
390	mol386	-12.14	Cc1ccc(NC(=O)c2ccc(-c3cc(=O)n4ccccc4n3)cc2)cc1
390	mol303	-12.78	Cc1cc(Nc2nccc(Nc3cc(C4CCCCC4)cnc3N)n2)cc(C(=O)Nc2cc(C(N)=O)ccc2C#N)c1
390	mol403	-12.37	O=C(Nc1ncccn1)c1cccc(Cc2cc(CNCc3ccccc3)cc(Nc3ccnc4ccccc34)c2)c1
390	mol402	-12.12	Cc1c(Cc2ccccc2)c(=O)oc2cc(OS(=O)(=O)c3ccc(Cl)cc3)ccc12
390	mol171	-12.48	Cc1ccc(/C=C/C(=O)O)cc1-c1ccc2c(Nc3ccccc3)ncnc2c1
390	mol314	-12.7	Cc1ccc(-c2cc(Nc3cccc(C(=O)NCc4cccc(C(=O)O)c4)c3)ccn2)cc1
390	mol382	-12.68	Cc1ccc(NC(=O)c2cccc(C(=O)NCc3ccccc3)c2)cc1NC(=O)c1ccccc1
390	mol440	-12.01	Cc1ccc(Nc2cc(NCc3ccc(C(=O)Nc4ccc(Cl)cc4)cc3)cc(C(=O)O)c2)cc1
390	mol316	-12.18	CN(Cc1ccc(B(O)O)cc1)C(=O)CN1Cc2ccc(-c3nc4ccccc4[nH]3)cc2C1
390	mol110	-12.26	Cc1ccc(NC(=O)c2ccc(C[N@H+]3CC[N@H+](C)CC3)cc2)cc1Nc1nccc(-c2cncnc2)n1
390	mol135	-12.3	Cc1ccc(C(=O)Nc2cc(Oc3ccccc3)cc(Oc3ccc(NC(=O)Nc4cccc(C(=O)O)c4)cc3)c2)cc1
390	mol182	-12.61	Cc1c(Oc2ccccc2Oc2nc(N)cc(Nc3ccc(N4CCOCC4)cc3)n2)ccc2ccccc12
390	mol208	-12.96	Cc1cccc(C(=O)Nc2ccc(C(=O)Nc3cccc(B(O)O)c3)cc2C(=O)O)c1
390	mol150	-12.75	Cc1ccc(C(=O)N2CCN(c3ncccn3)CC2)cc1NC(=O)c1ccc(/C=C/c2ccccn2)cc1F
390	mol331	-12.1	Cc1cc(Nc2nc(NCc3ccccc3)c3c(Cl)cccc3n2)ccc1NC(=O)c1ccc(N(C)C)cc1
390	mol441	-12.37	Cc1cc(NC(=O)c2ccc(C(=O)Nc3ccc(Oc4ccncc4)cc3)cc2CNC(=O)c2cnccn2)ccc1F
390	mol83	-12.48	Cc1ccc(C(=O)Nc2ccc(Oc3ccc4ncccc4c3)cc2)cc1
390	mol354	-12.72	Cc1ccc(NC(=O)c2ccc(C(=O)Nc3cccc(C(=O)O)c3)cc2)cc1Nc1ncccc1-c1ncnn2cccc12
390	mol125	-12.56	[NH3+]Cc1ccc(-c2ccc(/C=C/c3ccc4ncccc4c3)cc2)cc1
390	mol4	-13.22	Cc1ccc(C(=O)Nc2ccc(C(=O)Nc3cccc(-c4nnc(COc5ccccc5)o4)c3)cc2C(=O)O)cc1
390	mol290	-12.7	Cc1ccc(CNC(=O)c2cccc(C(=O)Nc3ccc(C)c(Cc4cnc5nc(N)ncc5c4)c3)c2)cc1
390	mol456	-12.65	Cc1ccc(C(=O)NCc2cccc(C(=O)NCc3ccccc3)c2)cc1Nc1ncnc2ccc(NC(=O)N[C@@H](C)c3ccccc3)cc12
390	mol47	-12.68	COC(=O)c1ccc(-c2cccc(C(=O)NCc3cccc(C(=O)NCc4cccc(C(=O)O)c4)c3)c2)cc1
390	mol399	-12.03	Cc1ccc(C(=O)NCc2cccc(C(=O)Nc3ccc([N+](=O)[O-])cc3)c2)cc1F
390	mol17	-12.38	Cc1cc(Nc2nc(N)nc(Nc3cccc4ccccc34)n2)cc(C(=O)O)c1
390	mol201	-12.75	Cc1cc(NS(=O)(=O)c2ccc(CC(=O)Nc3nc4ccccc4s3)cc2)ccc1NC(=O)c1ccc(C(=O)c2ccccc2)cc1
390	mol107	-12.31	Cc1cc(Nc2nc(Cc3cccc(NC(=O)c4ccccn4)c3)cc(C(=O)Nc3ccc4nsnc4c3)n2)ccc1C(=O)O
390	mol46	-12.71	CC(=O)Nc1ccc(CC(=O)Oc2ccc(-c3ccc4ccc(C(N)N)cc4n3)cc2C(F)(F)F)cc1
390	mol431	-13.24	Cc1nc([C@H]2CCCN(C(=O)c3ccc4[nH]ncc4c3)C2)ccc1N1CC(=O)Nc2ccccc21
390	mol226	-12.58	Cc1ccc(-c2ccc(C(=O)Nc3ccncc3)cc2NC(=O)c2ccc(NS(=O)(=O)c3ccc4ccccc4n3)cc2)cc1
390	mol82	-12.35	Cc1ccc(-c2ncc(C(=O)Nc3cccc(C(=O)NCc4ccccc4Sc4ccccc4C[NH3+])c3)s2)cc1
390	mol454	-12.27	Cc1ccc(NC(=O)c2cccc(C(=O)Nc3ccc(NC(=O)Nc4ccccc4)cc3)c2)cc1
390	mol364	-12.94	Cc1cc(C(=O)Nc2ccc(C(=O)Nc3cccc(C(=O)O)c3)cc2)cc(-c2ccc(C#N)cc2)c1
400	mol210	-12.03	CC(=O)c1ccc(-c2ccc(C[C@H](C(=O)O)c3cc(F)ccc3OCc3ccccc3)cc2)cc1
400	mol75	-12.86	Cc1ccc(C(=O)Nc2ccc(C(=O)NO)cc2F)cc1-c1ccc2nc(NC(=O)C3CC3)sc2c1
400	mol273	-12.98	Cc1ccc(NC(=O)c2ccc(C(=O)Nc3cccc(-c4nnc(-c5ccccc5)o4)c3)o2)cc1
400	mol203	-12.62	Cc1ccc(C(=O)Nc2ccc(Oc3ccc4c(c3)CCC(=O)N4)cc2)cc1
400	mol324	-12.18	Cc1ccccc1-c1ccc(C(=O)Nc2nnc(CCc3ccccc3)s2)cc1
400	mol298	-12.28	Cc1cccc(-c2nccnc2N2CC[C@@H](NC(=O)c3ccc(-c4ccccc4C(=O)O)cc3)C2)c1
400	mol153	-12.51	Cc1ccc(NC(=O)c2cc(CN)c(N)nc2N)cc1Nc1nccc(-c2cccnc2)n1
400	mol289	-12.36	Cc1nc2ccc(NC(=O)CCCc3ccc(S(C)(=O)=O)cc3)cc2nc1-c1ccc2ccccc2c1
400	mol21	-12.78	Cc1ccc(S(=O)(=O)N[C@@H](Cc2ccc(-c3ccc4ccccc4n3)cc2)C(=O)N[C@@H](Cc2ccc(F)cc2)C(=O)NCc2cccc(C(=O)O)c2)cc1
400	mol471	-12.83	Cc1ccc(C(=O)Nc2ccc(C(=O)NCCc3ccc(F)cc3)cc2)cc1NCc1ccc2ccccc2n1
400	mol379	-12.54	CS(=O)(=O)c1sc(-c2ccccc2)cc1-c1ccn2ncc(C(=O)Nc3cnn(Cc4cccc(C(N)=O)c4)c3)c2c1
400	mol7	-12.39	Nc1ccc(-c2ccc(C(=O)Nc3ccc(C(=O)O)c(-c4ccccc4)c3)cc2)cc1
400	mol380	-13.07	Cc1cccc(Nc2nccc(-c3ccnc(Nc4cccc(C(F)(F)F)c4)c3)n2)c1
400	mol276	-13.07	Cc1ccc(C(=O)Nc2ccc(S(O)(O)O)c3ccccc23)cc1NS(=O)(=O)c1ccc(Oc2ccccc2)cc1
400	mol479	-12.77	Cc1cc(C(=O)Nc2ccc(Oc3cnc4ccc(Cl)cc4n3)cc2)ccc1NC(=O)c1ccccc1
400	mol338	-12.38	Nc1ccc(Nc2nccc(Nc3ccc4c(C[NH+]5CCCCC5)cccc4c3)n2)cc1
400	mol345	-12.73	Cc1ccc(C(=O)Nc2ccc(Cc3ccc(Nc4nccc(Nc5ccccn5)n4)cc3)cc2)cc1
400	mol313	-13.54	Cc1ccc(NC(=O)c2cccc(C(O)(F)F)c2)cc1Nc1ncnn2cc(-c3cccc(C(=O)NCCNC(=O)Nc4cccc(C(F)(F)F)c4)c3)cc12
400	mol296	-13.76	Cc1ccc(C(=O)Nc2ccc(-c3cc4ccccc4[nH]c3=O)cc2C(=O)O)cc1
400	mol86	-12.09	CC#Cc1ccc(Nc2nccc(Nc3ccc4ccccc4c3)n2)cc1
400	mol189	-12.06	NC(=O)Nc1cc(-c2ccc(C(=O)Nc3cccc(C(=O)O)c3)cc2)cc(-c2cccc(C(=O)O)c2)c1
400	mol136	-13.61	Nc1ccc(Cc2ccc(C(=O)O)cc2)cc1-c1ccc2[nH]c(-c3ccc(C(=O)N[C@H](CC(=O)O)C(=O)O)cc3)nc2c1
400	mol283	-12.22	NC(=O)Cc1cccc(NC(=O)CCCc2cccc(NC(=O)CCNC(=O)c3ccc4ccccc4n3)c2)c1
400	mol188	-12.01	Cc1ccc(S(=O)(=O)Nc2cccc(-c3cn4nc(C)ccc4n3)c2)cc1
400	mol350	-13.16	Cc1cccc(Oc2ccc(Nc3ncccn3)cc2C(=O)Nc2cccc(NC(=O)Nc3ccc(C#N)cc3)c2)c1
400	mol478	-12.04	Cc1ccc(C(=O)Nc2ccc(Nc3ccnc4cc(Cl)ccc34)cc2)cc1
400	mol204	-12.76	Cc1ccc(C(=O)Nc2cccc(Oc3ccc4ncccc4c3)c2)cc1F
400	mol249	-12.24	Cc1cccc(-c2nc(C(=O)NCc3ccc(C(=O)N[C@H](Cc4ccc(O)cc4)C(=O)O)cc3)co2)c1
400	mol404	-13.18	c1ccc(-c2ccc3c(Nc4cc(-c5ccccc5)n[nH]4)ccnc3c2)cc1
400	mol426	-12.11	CCN(C)C(=O)c1ccc(Nc2ncc3cc(NC(=O)Nc4ccc(Cl)cc4)ccc3n2)cc1
400	mol434	-13.72	Cc1cc(NC(=O)c2cccc(NC(=O)c3ccc4ccccc4n3)c2)cc(N2CCC[C@H](O)C2)c1
400	mol96	-12.09	CC(=O)N[C@H]1CC[C@H](n2cc(-c3ccc(Nc4nccc(-c5cccc(C=O)n5)n4)cc3)cn2)CC1
400	mol228	-12.23	Nc1nc(-c2ccc(C(=O)O)cc2)cc(N2CCN(c3ccc(Br)cc3)CC2)n1
400	mol307	-12.03	Cc1cc(C#N)ccc1Nc1nccc(Nc2cccc(C(=O)NCc3ccccc3)c2)n1
400	mol326	-12.74	Cc1cc(NS(=O)(=O)c2ccc(-c3ccc(NC(=O)c4ccccc4Cl)cc3)cc2)ccc1C(=O)O
400	mol26	-12.67	Cc1ccc(CC(=O)Nc2ccc(C(=O)c3ccc4ccccc4c3O)cc2)cc1
400	mol213	-12.82	Cc1ccc(C(=O)Nc2cccc(C(=O)NCc3cccnc3)c2)cc1Nc1nccc2ccccc12
400	mol330	-12.15	CCc1c(C2CCN(C(=O)Nc3ccc(N4CCN(C(C)=O)CC4)cc3)CC2)sc2ncnn12
400	mol80	-12.76	Cc1cc(NC(=O)c2cccc(C(=O)Nc3cccc([C@H](N)[O-])c3)c2)cc(N2CCC(Sc3nnc4ccccc4c3-c3ccccc3)CC2)c1
400	mol167	-13.22	Nc1cc(Nc2ccc(C(=O)Nc3ncc(C(=O)O)s3)cc2)cc(-c2ccc(C(=O)O)cc2)c1
400	mol329	-12.4	Cc1cc(NC(=O)Nc2ccc(C(=O)Nc3cccc4ccccc34)cc2)cc(C)c1O
400	mol386	-12.2	Cc1ccc(C(=O)Nc2ccc(C(=O)Nc3ccc(C(=O)NC4CCCC4)cc3)cc2)cc1
400	mol32	-12.89	Cc1c(-c2ncc(-c3ccc(-c4ccccc4)cc3)s2)oc2cccc(OCc3cccc(C(=O)O)c3)c12
400	mol499	-12.12	CC(=O)Nc1cccc(-c2c[nH]c(=O)c(C(=O)Nc3cccc(C(N)N)c3)c2)c1
400	mol444	-12.59	Cc1cc(C(=O)Nc2cccc(C(=O)Nc3ccc(C(=O)O)c(O)c3)c2)ccc1N
400	mol495	-12.51	Cc1ccc(NC(=O)c2cccc(C(=O)Nc3cccc4ccccc34)c2)cc1NS(C)(=O)=O
400	mol140	-12.46	Cc1ccc(NC(=O)C(=O)NC2CC2)cc1Nc1ncc2cc(-c3ccc(C(=O)NC(C)(C)C)cc3)cnc2c1Cl
400	mol239	-12.17	Cc1cccc(-c2nc(CC(=O)Nc3ccc(S(=O)(=O)N(C)C)cc3)cnc2N)c1
400	mol489	-12.4	Cc1ccc(NC(=O)c2ccc(N3Cc4ccccc4C3=O)cc2)cc1O
400	mol361	-12.03	COc1ncc(-c2ccc(NC(=O)c3ccc4nc(NC(=O)CCN5CCN(Cc6ccccc6)CC5)sc4n3)cc2)cc1F
400	mol372	-12.98	Cc1ccc(C(=O)Nc2ccc(Oc3ccc(C(=O)O)c(C(=O)O)c3)cc2)cc1Nc1ccnc2cc(Cl)ccc12
400	mol316	-12.49	CCc1cccc(CC)c1NC(=O)N1CCC(Nc2nccc(-c3cccc(C(=O)Nc4cccc(C(=O)O)c4)c3)n2)CC1
400	mol394	-12.05	Cc1ccc(C(=O)Nc2ccc(CCNC(=O)c3ccc4ccccc4n3)cc2)cc1
400	mol135	-13.66	Cc1cc2c(cc1Nc1ccnc(Nc3ccc(C)c(N4CC=C(c5cccc(Cl)c5)C4=O)c3)n1)NC(=O)C2
400	mol411	-12.66	Cn1ccc(-c2ccc(C(=O)Nc3ccc4ccncc4c3)cc2)cc1=O
400	mol182	-13.41	NC(N)c1cccc(NC(=O)Nc2ncc(-c3ccc(C(=O)NCc4cccc(C(F)(F)F)c4)cc3)o2)c1
400	mol424	-12.58	CC(=O)Nc1ccc(-c2ccc(S(N)(=O)=O)cc2)cc1C(=O)Nc1ccc(NCc2ccc3ccccc3n2)cc1
400	mol147	-12.49	Cc1cccc(C(=O)Nc2cccc(C(=O)Nc3cccc(Oc4ccccc4C#N)c3)c2)c1
400	mol93	-13.68	Cc1ccc(C(=O)Nc2ccc(-c3ccc4nc(N)nc(NC5CCCCC5)c4c3)cc2)cc1
400	mol184	-12.09	Cc1ccc(-c2ccc(Nc3ccc(C(=O)NCCC(=O)O)cc3)cc2C(=O)O)cc1
400	mol466	-12.12	Cc1cc(N)c2cc(NC(=O)Nc3ccc4sc(C(=O)O)cc4c3)ccc2n1
400	mol142	-12.59	Cc1ccc(C(=O)Nc2cc(C(F)(F)F)cc(C(F)(F)F)c2)cc1Nc1nccc(-c2cccnc2)n1
400	mol109	-12.48	Cc1ccc(C(=O)NC(=O)Nc2ccc(F)c(C(F)(F)F)c2)cc1Nc1ncnn2cc(C(=O)NC(C)(C)C)cc12
400	mol290	-13.05	Cc1ccc(NC(=O)c2cccc(-c3n[nH]c4cc(NC(=O)NCCc5ccccc5)ccc34)c2)cc1
400	mol378	-12.11	CN(c1ccc(C(=O)N[C@@H](CC(=O)O)C(=O)O)cc1)c1ccc(-c2n[nH]c(=O)c3ccc(NC(=O)c4cccc(C(F)(F)F)c4)cc23)cc1
400	mol417	-13.53	Cc1[nH]c(=O)c(Nc2cccc(C(=O)NCc3ccccc3)c2)c(C)c1Cc1ccc(-c2ccc(C[NH+]3CCCCC3)cc2)cc1
400	mol496	-12.56	NC(=O)c1ccc(F)c2cc(C(=O)Nc3cccc(Oc4ccncc4)c3)ccc12
400	mol219	-12.46	Cc1ccc(NC(=O)c2cccc(C(N)=O)c2)cc1Nc1nccc(-c2cccnc2)n1
400	mol280	-12.76	Cc1ccc(NC(=O)c2cccc(Nc3ccc(C(=O)O)cn3)c2)cc1Nc1ccnc2ccc(C(N)=O)cc12
400	mol104	-12.95	Cc1ccc(NC(=O)Nc2cccc(-c3nncn3Cc3ccc(-c4ccccc4)cc3)c2)cc1
400	mol154	-13.08	Cc1ccc(NC(=O)c2ccc(C(=O)Nc3ccc(C)c(Nc4nnc(NC(=O)c5cccc(C)c5)s4)c3)cc2)cc1
400	mol27	-12.08	CCc1ccc(OCC(=O)Nc2ccc(Oc3ccc(NC(=O)c4ccc(Cl)cc4)cc3)cc2C(=O)O)cc1
400	mol31	-14.18	CC(=O)N1CC[C@@](C)(C(=O)Nc2ccc(F)c(-c3ccc(-c4ccc(NC(=O)c5ccco5)cc4)c(C)c3)c2Cl)C1
400	mol15	-13.14	CC(=O)Nc1ccc(Oc2ccc(NC(=O)Nc3cccc4ccccc34)cc2)cc1
400	mol42	-12.55	NC(=O)c1ccc(N2CCC(c3ncc(-c4cccc(C(=O)NCCO)c4)s3)CC2)cc1C(=O)O
400	mol30	-12.21	Cc1ccc(C(=O)Nc2ccc(CNc3cccc4ccccc34)cc2)cc1
400	mol17	-12.19	NC(=O)c1cccc(Nc2ncc(Cl)c(-c3ccc4ccccc4c3)n2)c1
400	mol131	-12.1	Cc1cccc(-c2nn(CC(=O)Nc3ccc4ccccc4c3)cc2C(=O)O)c1
400	mol137	-12.71	Cc1cc(C(=O)Nc2ccc(Nc3ccnc4ccc(N)cc34)cc2)cc(C(=O)O)c1O
400	mol87	-13.28	Cc1ccc(NC(=O)c2cccc(COc3ccc(C(=O)c4ccc5ccccc5c4)cc3)c2)cc1
400	mol23	-13.22	CC(=O)Nc1ccc(-c2ccc(NC(=O)c3cnc4ccccc4c3)cc2C(F)(F)F)cc1
400	mol265	-13.43	Cc1ccc(C(=O)Nc2ccc(C(=O)NCCc3ccccc3)cc2)cc1NC(=O)c1ccc(-c2ccc(Cl)cc2)cc1
400	mol202	-12.27	Cc1c(Cc2cc(=O)n3cc(-c4cncc(C(=O)O)c4)ccc3n2)ccc2cc(C(=O)O)ccc12
400	mol183	-12.74	Cc1cccc(Nc2cc(C(=O)Nc3ccc(CCNC(=O)c4ccc(NC(=O)Cc5ccccc5)cc4)cc3)cnc2N)c1
400	mol226	-12.15	Cc1ccc(C(=O)Nc2ccc(C(=O)NCc3cccnc3)cc2)cc1Nc1ncnc2ccc(NCc3ccccc3C(F)(F)F)cc12
400	mol364	-13.39	Cc1cc(Nc2cc(C(F)(F)F)cc(C(F)(F)F)c2)cc2nc(Nc3ccc(C(=O)N4CCOCC4)cc3)sc12
400	mol116	-12.43	Cc1cc(C(=O)Nc2cccc(Oc3ccnc4[nH]ccc34)c2)ccc1/C=C/C(=O)O
400	mol123	-12.27	Cc1ccc(C(=O)Nc2cccc(Nc3ccnc4ccccc34)c2)cc1
40	mol400	-12.11	Clc1ccc(Nc2ncnc(N[C@H]3CC[C@H](c4nnn5cnc6[nH]ccc6c45)CC3)n2)cc1
40	mol255	-12.68	Cn1c(Nc2cccc(C(F)(F)F)c2)nc2cc(NC(=O)Nc3ccc(Oc4ccnc(N)n4)cc3)ccc21
40	mol106	-12.05	CNC(=O)c1cccc(Nc2nccc(Nc3ccc4c(c3)CCC(=O)N4C)n2)c1
40	mol385	-12.94	Nc1cccc(CNC(=O)Nc2cccc(-c3cccc4cc[nH]c34)c2)c1
40	mol100	-12.7	c1ccc(Cc2cncc(N3CCN(c4nccc(-c5cccnc5)n4)CC3)c2)cc1
40	mol327	-13.1	C[N@@H+](c1cccc(C(F)(F)F)c1)[C@H]1CC[N@H+](Cc2ccc3nc(-c4ccccc4N)sc3c2)CC1
40	mol340	-12.45	COc1ccc(S(=O)(=O)N2CCCCCCC2)cc1N1Cc2ccc(NC(=O)Nc3ccc(Cl)cc3)cc2C1=O
40	mol195	-12.4	[H][P@TB6](O)(O)(O)OCc1cnc(C)c(O)c1C=NNC(=O)c1cc(O)c(Cc2ccc(Cl)cc2)cc1O
40	mol37	-13.0	c1ccc(-c2ccc(-c3cccc(-c4nc5ccccc5[nH]4)c3)o2)cc1
40	mol416	-13.0	Oc1ccc(OCc2ccccc2)cc1-c1nc2cc(OCc3ccc4ccccc4n3)ccc2[nH]1
40	mol398	-12.39	Cc1nn(-c2ccnc(Nc3ccc4c(c3)cc(C(=O)O)c(=O)n4C)n2)cc1C[N@H+]1C[C@H](O)C1
40	mol488	-12.11	CCc1ccccc1NC(=O)[C@@H](Cc1c[nH]cn1)NC(=O)c1ccc(C(=O)c2cccc(C(=O)N[C@H]3C=NC(C)(C)C3)c2)cc1
40	mol386	-12.13	Nc1ncnc2c1c(Cc1cccc(Nc3nccc(Nc4ccccc4)n3)c1)cn2C[C@H]1CCC[NH2+]1
40	mol32	-12.13	Cc1ccccc1-c1ccc2c(Nc3ccc(C#N)nc3)nccc2c1
40	mol164	-12.66	c1ccc(Oc2ccc(-c3c[nH]c4cc(-c5ccccc5)ncc34)cc2)cc1
40	mol216	-12.98	c1cc(-c2ccc3ncccc3c2)cc(-c2ccnc3[nH]ccc23)c1
40	mol133	-12.06	Cc1nc(Nc2ncc(C(=O)c3c(F)cccc3F)s2)cc(N2CC[NH+](CC(C)(C)c3cc(C[C@@H]4SC(=O)NC4=O)ccc3Cl)CC2)n1
40	mol120	-12.23	c1ccc(CCc2cccc(-c3ccnc(-c4ccccc4)n3)c2)cc1
40	mol83	-12.15	Cc1cccc(Nc2cccc(/C=C/c3ccc(/C=C/C(=O)c4ccc(Br)cc4)cc3)c2)c1
40	mol66	-12.27	Cc1nc(Nc2ncc(C(=O)Nc3cccc4ccccc34)c(N)n2)cc(N2CC[NH+](CCO)CC2)n1
40	mol154	-12.19	Cc1ccc(-c2c[nH]c(-c3cccc(-c4ccccc4)c3O)c2)o1
40	mol269	-12.17	Cc1ccc(Cl)cc1-c1cccc(C(=O)Nc2ncc(Cc3ccccc3)s2)c1
40	mol486	-12.12	Cc1ccc2[nH]c(NC[C@H](CCc3ccccc3)NC(=O)c3ccc4sc(Cc5ccccc5)nc4c3)nc2c1
410	mol442	-13.49	COc1c(NC(=O)c2ccc(C)c(Nc3ncc(-c4ccccc4)c(N)n3)c2)ccc(C(=O)Nc2ccc(C(=O)O)cn2)c1F
410	mol10	-12.84	Cc1ccc(C(=O)Nc2ccc(-c3ccc4c(c3)c3[nH]ncc3c(=O)n4C)cc2)cc1
410	mol254	-12.22	CCN(Cc1ccccc1)C(=O)c1ccc(-c2ccc(CNc3nc4ccccc4n3C(C)=O)cc2)cc1
410	mol55	-13.26	COc1ccc(NC(=O)c2cccc(-c3ncc(C(=O)Nc4ccc(Cl)cc4)c(N)n3)c2)cc1
410	mol347	-12.33	Cc1ccc(NC(=O)Nc2ccc(Oc3ccnc4[nH]ccc34)cc2)cc1NC(=O)c1ccco1
410	mol365	-14.18	CN(C)c1cc(-c2cccc(-c3ccc4ccccc4n3)c2)ccc1N1Cc2ccccc2C1=O
410	mol467	-12.29	Nc1ccc(C(=O)Nc2ccc(Oc3ccc4ccccc4c3)cc2)cc1
410	mol112	-12.87	Cc1ccc(NC(=O)c2cc(Nc3ccc4c(c3)CCC4)ccc2Nc2ccnc(C(=O)Nc3ccc4cccnc4c3)n2)cc1
410	mol67	-13.26	Cc1ccc(C(=O)Nc2ccc(C(=O)Nc3ccc4c(c3)CC(=O)N4)cc2)cc1Nc1ncnn2cc(C(C)(C)C)cc12
410	mol143	-12.95	Cc1cc(C(=O)N2CCN(c3ncc(C(=O)NCc4ccccc4)c4ccccc34)CC2)ccc1NC(=O)c1ccccc1
410	mol385	-12.44	Cc1cccc(Nc2nccc(Nc3ccc4c(=O)[nH]cc(C)c4c3)n2)c1
410	mol69	-12.02	Cc1cc(Nc2cnc(C(=O)Nc3ccc4c(c3)CC(=O)N4)c(C(=O)Nc3cccc(C(=O)O)c3)n2)nc(-c2ccccn2)c1
410	mol295	-13.11	Cc1ccc(Oc2ccc(C(=O)NCc3ccccc3C(=O)O)cc2)cc1-c1cccc(C(=O)O)c1
410	mol313	-12.22	Cn1c(Cc2ccc(C(=O)O)o2)nc2cc(NC(=O)c3ccc4ccccc4c3)ccc21
410	mol12	-13.48	Cc1cnc(Nc2cncc(C(=O)Nc3ccc(C(N)N)cc3)c2)cc1Nc1ccnc2ccc(-c3cn[nH]c3)cc12
410	mol189	-12.23	CCc1ccc(C(=O)Nc2ccc(Oc3ccc4ccccc4c3)cc2Cl)cc1
410	mol449	-12.2	Cc1cc(NS(=O)(=O)c2ccc(NC(=O)c3ccc(C(=O)Nc4ccccc4)cc3)cc2)cc(C(=O)NO)c1
410	mol350	-12.76	CS(=O)(=O)Nc1ccc(-c2cnc3ccc(Nc4ccc(C(=O)N5CCOCC5)cc4)nc3c2)cc1
410	mol194	-13.15	Cc1cccc(Nc2nc(Nc3cccc(C(=O)NCc4ccc(C(=O)O)cc4)c3)cc(Nc3ccc4ccccc4n3)n2)c1
410	mol318	-12.27	O=C(Nc1ccn([C@H]2OCC(F)(F)O2)c1)c1ccc(-c2ccc3cc[nH]c(=O)c3c2)nc1
410	mol13	-12.36	Cc1cccc(-c2nc(N)c(C(=O)NCc3ccc4ccccc4c3)s2)c1
410	mol88	-13.64	Cc1nc(Nc2ccc3ccccc3c2)cc(Nc2ncc(C(=O)Nc3ccc(NC(=O)c4ccccc4)cc3)cn2)n1
410	mol8	-13.36	Cc1cc(NC(=O)Nc2ccc(Oc3ccnc4[nH]ccc34)cc2)ccc1NS(=O)(=O)c1ccc(Cl)cc1F
410	mol458	-12.06	Cc1cc(NC(=O)c2cccc(C(=O)NCc3ccccc3)c2)cc(N2CCc3[nH]cc(C(=O)c4ccccc4)c3C2)c1
410	mol37	-12.77	CNc1cc(Nc2ccc(C(=O)Nc3ccc(-c4cn(C)nc4C)cc3)cc2)ccc1C(=O)O
410	mol282	-13.0	Cc1ccc(NC(=O)N2CCC(c3cc(C(=O)NCc4ccccc4)c4ccccc4n3)CC2)cc1
410	mol433	-13.04	Cc1cc(Nc2cc(NC(=O)c3cccc(C(=O)Nc4cccc(C(F)(F)F)c4)c3)ccn2)ccc1C(=O)O
410	mol418	-12.24	Cc1ccc(C(=O)Nc2cc(C(F)(F)F)ccc2N2CCOCC2)cc1-c1ccc2nc(N)ncc2c1
410	mol40	-13.42	Cc1cc(Nc2nccc(Nc3ccc4c(N)ncnc4c3)n2)ccc1NC(=O)c1ccc(-c2ccccc2)s1
410	mol223	-12.28	Nc1ccc(C2CCN(c3ncnc4c3ccn4Cc3ccccc3)CC2)cc1
410	mol287	-12.14	CNC(=O)Nc1ccc(-c2ccc(Oc3ccc(NC(=O)C4CCCCC4)cc3)cc2)cc1
410	mol101	-12.53	Cc1cccc(-n2nc(C(=O)Nc3ccc(S(N)(=O)=O)cc3)cc2NC(=O)Nc2ccc(CCc3ccccc3)cc2)c1
410	mol491	-12.02	Cc1ccc(NC(=O)c2ccccc2N)cc1-c1ccc(C(N)N)cc1
410	mol333	-13.62	Cc1ccc(NC(=O)c2ccc(C(=O)Nc3cccc(C(=O)N[C@H](C)c4ccccc4)c3)cc2)cc1Nc1ccnc2cc(C(=O)O)ccc12
410	mol247	-12.27	CCNC(=O)Nc1ccc(Nc2ncc3cc(-c4ccc(C(=O)N(C)C)cc4)ccc3n2)cc1
410	mol200	-12.39	Cc1ccc(C(=O)Nc2ccc(C[N@H+]3CC[N@H+](C)CC3)c(C(F)(F)F)c2)cc1Nc1nccc(-c2cccnc2)n1
410	mol1	-13.54	Cc1ccc(F)cc1-c1ccc(C(=O)Nc2ccc(Nc3cccc(C(=O)NCc4ccccc4)n3)cc2)cc1
410	mol469	-12.44	Cc1ccc(C(=O)Nc2ccc(C(=O)Nc3ccc(C(=O)O)cc3)cc2)cc1Nc1ccnc2cc(NCC[NH+]3CCOCC3)ccc12
410	mol234	-12.29	NC(N)c1cccc(CNC(=O)Nc2cccc(Oc3ccnc(NCc4cccc(C(F)(F)F)c4)n3)c2)c1
410	mol166	-12.75	CCC(=O)Nc1cccc(Cl)c1-c1ccc(Oc2ccc(NC(=O)Nc3cc(C(=O)O)cc(C(=O)O)c3)cc2C(=O)O)cc1
410	mol353	-12.59	Cc1cccc(-c2cccc(NC(=O)c3ccc4ccccc4n3)c2)c1
410	mol489	-12.15	Cc1c(N)nc(N2CCN(c3cc(C(=O)Nc4cccc(F)c4)ncn3)CC2)nc1C#N
410	mol171	-12.26	Cc1cc(NC(=O)c2ccc(CCc3nnc(-c4cccc(C(=O)O)c4)o3)cc2)cc(C)c1O
410	mol259	-12.32	COc1ccc(C(=O)Nc2ccc(Nc3cc(C)c(-c4ccc(F)cc4)cn3)cc2)cc1C[NH3+]
410	mol440	-12.62	Cc1ccccc1-c1cc(NC(=O)c2cccc(C(=O)Nc3ccccc3)c2)ncn1
410	mol229	-12.65	Cc1ccc(C(=O)Nc2ccc(C[N@H+]3CC[N@@H+](C)CC3)c(C(F)(F)F)c2)cc1Nc1nccc(-c2ccnc[n+]2CCc2ccccc2)n1
410	mol38	-12.25	Cc1ccc(NC(=O)c2cccc(-n3cccn3)c2)cc1Nc1ncnc2ccccc12
410	mol394	-12.62	CC(=O)CC[C@@H](NC(=O)c1cccc(NC(=O)c2cccc(C(=O)Nc3cccc(S(N)(=O)=O)c3)c2)c1)C(=O)N[C@@H](C)C(=O)O
410	mol294	-12.22	Nc1ccc(C(=O)O)cc1NC(=O)c1ccc(-c2ccc(C(=O)C(F)(F)F)cc2)cc1
410	mol351	-12.26	CC(=O)N(Cc1ccc(C(=O)NO)cc1)Cc1ccc(-c2cccc(CC(C)(C)O)n2)c(C)c1
410	mol147	-12.03	Cc1cccc(C)c1OCC(=O)Nc1cccc(-c2nnc(-c3ccc(C(=O)O)cc3)s2)c1
410	mol121	-12.19	Cc1cccc(Nc2cccc(C(=O)NCc3ccc(C(=O)O)cc3)c2)c1
410	mol389	-12.21	CC(C)NC(=O)c1ccc(NC(=O)c2cc(-c3ccc(O[C@@H](C)S(=O)(=O)c4ccc(N)cc4)cc3)cnc2N)nc1
410	mol451	-12.27	Nc1ccc(C(=O)O)cc1NC(=O)c1ccc(NC(=O)c2cccc(C(=O)O)c2)cc1
410	mol211	-12.33	Cc1ccccc1-c1ccc2cc(NC(=O)[C@H]3C[C@@H]3c3ccccc3)ccc2n1
410	mol378	-12.14	Cc1cc(Cl)ccc1OCc1ccnc(Nc2ccc(O)c(C(=O)Nc3cccc(C(=O)O)c3)c2)n1
410	mol39	-12.35	Nc1ncccc1Oc1ccc(Nc2ccc3ncc(-c4ccccc4)nc3n2)cc1
410	mol230	-13.0	Cc1ccc(Nc2nccc(Nc3ccc4cc(C(N)N)ccc4c3)n2)cc1C
410	mol173	-12.05	CC(=O)Nc1cccc(-c2cc(Nc3ccc4ccccc4c3)n3nccc3n2)c1
410	mol447	-12.55	Cc1cccc(C(=O)Nc2ccc(Nc3nc4ccc(C(N)N)cc4[nH]3)cc2)c1
410	mol468	-12.12	Cc1ccc(C(=O)Nc2cc(C(F)(F)F)ccc2N2Cc3ccc(Cn4ccnc4)cc3C2=O)cc1NC(=O)c1cnn(C)c1
410	mol27	-12.61	Cc1ccc(C(=O)Nc2ccc(C(=O)Nc3nnn[nH]3)cc2)cc1C(=O)Nc1ccc(N2CCOCC2)cc1
410	mol446	-12.68	COc1cc(-c2ccc(Nc3cccc(-c4cc(=O)c5ccccc5o4)c3)cc2)cc(OC)c1OC
410	mol42	-13.36	Cc1nc(N)ccc1-c1ccc(-c2ccc(C(=O)Nc3ccc(C(N)N)cc3)cc2)cc1
410	mol455	-12.24	Nc1ncccc1NCc1cnc(-c2cccc(C(=O)Nc3cccc4ccccc34)c2)o1
410	mol172	-12.31	Cc1ccc(Nc2cccc(C(=O)Nc3cccnc3)c2)cc1NS(=O)(=O)c1ccc(N)cc1
410	mol484	-13.23	CC(=O)Nc1ccc(C(=O)Nc2ccc(Nc3ccnc4cc(-c5ccccc5)ccc34)cc2)cc1
410	mol214	-13.83	Cc1ccc(NC(=O)c2cccc(C(=O)Nc3cccc(C(=O)O)c3)c2)cc1NC(=O)c1cnc2ccccc2n1
410	mol97	-12.21	CC(=O)N[C@@H](Cc1ccc(-c2ccc(C[N@@H+]3CCNC(=O)C3)cn2)cc1)C(=O)N[C@@H]1O[C@H](CO)[C@H](O)[C@@H](O)[C@H]1O
410	mol98	-12.24	Nc1cncc(-c2cccnc2Oc2ccc(Nc3ccc4ccccc4n3)cc2)c1
410	mol486	-13.34	Nc1ccc(-c2ccc(Nc3ccc(C(=O)c4ccccc4)cc3C(=O)O)cc2)cc1
410	mol464	-12.02	Nc1ccc(CC(=O)Nc2ccc(Oc3ccc4ncccc4c3)cc2)cc1
410	mol364	-13.25	Cc1[nH]c(/C=C2\C(=O)Nc3ccccc32)c(C)c1C(=O)Nc1ccc(/C=C/NC(N)N)cc1
410	mol41	-12.13	Cc1ccc(CNC(=O)C[C@H](NC(=O)c2cc(-c3ccc(C(=O)c4ccccc4)cc3)cnc2N)c2ccccc2)cc1
410	mol127	-12.47	Cc1ccc(C(=O)Nc2ccc(-c3cc(Nc4ccc(C(=O)O)cc4)ccc3C(=O)O)cc2)cc1
410	mol277	-12.7	Cc1nc(N)ccc1-c1ccc(Nc2nc(NCc3ccc(Cc4ccccc4)cc3)c3nc[nH]c3n2)cc1
410	mol176	-12.61	Cn1c(Nc2cccc(C(=O)Nc3cccc(C(=O)O)c3)c2)nc2cc(-c3ccccc3)sc2c1=O
420	mol443	-12.2	Nc1ncc(-c2cnc(Nc3ccc(-c4ccccc4C(=O)O)cc3)cc2CO)cc1F
420	mol422	-13.22	CC(=O)Nc1ccc(-c2cnn(-c3cccc(C(=O)Nc4cccc(C(=O)O)c4)c3)c2)cc1
420	mol442	-12.52	Cc1ccc(C(=O)Nc2ccc(C(=O)Nc3ccc4nn(C)cc4c3)cc2)cc1
420	mol210	-12.09	Nc1cc(Cc2cccc(C(=O)Nc3ccc4n[nH]c(C(=O)O)c4c3)c2)ccn1
420	mol346	-12.33	Oc1cc(Cc2ccccc2)ccc1Nc1ccnc(Nc2ccc(N3CCOCC3)cc2)n1
420	mol156	-12.15	Cc1ccc(C(=O)Nc2ccc(Cc3nc(Nc4cccc(C(=O)O)c4)cs3)cc2)cc1
420	mol481	-12.15	Cc1cc(Nc2nccc(Nc3ccc4c(c3)cc(C(=O)O)n4C)n2)ccc1C(F)(F)F
420	mol141	-12.95	Cc1cccc(CNC(=O)Nc2cccc(C(=O)Nc3ccc4ccn(-c5cccc(C(=O)O)c5)c4c3)c2)c1
420	mol55	-12.05	Cc1ccccc1-n1ncc(-c2cccc(NC(=O)c3ccc4ccccc4n3)c2)c1CCc1ccc(F)cc1
420	mol298	-12.62	Cc1oc(-c2ccccc2C(F)(F)F)nc1CCOc1ccc(C(=O)Nc2cccc(C(=O)O)c2)cc1
420	mol153	-13.14	Nc1ccc(-c2ccc(C(=O)Nc3cccc(-c4cccc(S(=O)(=O)O)c4)c3)cc2)cc1
420	mol289	-12.02	Cc1ccccc1-c1ccc(-c2nc(C(=O)O)c(Cc3ccc(-c4ncccn4)cc3)s2)cc1
420	mol423	-12.79	Nc1nccc(Nc2cccc(C(=O)c3cccc(C(=O)Nc4cccc(C(=O)O)c4)c3)c2)n1
420	mol92	-13.17	Cc1ccc(C(=O)Nc2ccc(S(=O)(=O)Nc3ccc(C(=O)O)cc3)cc2)cc1NC(=O)c1cc(F)ccc1Cl
420	mol347	-13.2	Cc1ccc(C(=O)NCC(=O)Nc2cccc(-c3ccc(C(=O)NCc4ccccc4)cc3)c2)cc1
420	mol367	-12.42	Nc1nccc(-c2ccc(C(=O)Nc3ccc4c(c3)CN(Cc3ccc(C(=O)O)s3)C4)cc2)n1
420	mol73	-12.12	CC(=O)Nc1ccc(S(=O)(=O)Nc2ccc(Oc3ccc(NC(=O)c4cccnc4)cc3)cc2)cc1
420	mol45	-12.06	Cc1ccc(NC(=O)c2cccc(C[C@H](NC(=O)CC[NH3+])C(N)=O)c2)cc1Nc1cccc2ccccc12
420	mol264	-12.17	Cc1ccc(C(=O)Nc2ccc(F)c(C(F)(F)F)c2C(=O)O)c(Oc2ccc3c(c2)C(c2cccc(C(=O)O)c2)=C3)c1
420	mol35	-12.88	Cc1cnc(Nc2ccc(C(=O)NCc3ccc(C(N)=O)cc3)cc2)nc1NCc1cccc(CNc2ccnc(Nc3ccccc3)n2)c1
420	mol52	-12.26	Nc1cccc(-c2nc3ccc(CNC(=O)Cc4cccc(C(=O)O)c4)cc3s2)c1
420	mol255	-12.65	Cc1ccc(C(=O)Nc2ccc(C[N@H+]3CC[C@@H]([NH+](C)C)CC3)c(C(F)(F)F)c2)cc1Nc1ncnn2cc(C(=O)N[C@@H](C)c3ccccc3)cc12
420	mol24	-12.07	Cc1ccc(Nc2nccc(Nc3ccc4c(c3)CC(=O)N4)n2)cc1N1CC=C(C(=O)O)CC1
420	mol414	-12.27	Cc1cc(C(=O)Nc2ccc(C(=O)O)cc2)cc(-c2nc(Nc3ccccc3)c3cc(C(N)=O)ccc3n2)c1
420	mol380	-12.5	Cc1cc(NC(=O)Nc2ccc(C(=O)O)cc2)cc(Nc2nc(Nc3ccc4nc(C)ccc4c3)cc(O[C@@H](C)C(F)(F)F)n2)c1
420	mol112	-12.31	Cc1ccc(C(=O)Nc2ccc(Oc3ccccc3)cc2)cc1Nc1nccc(-c2cccnc2)n1
420	mol69	-12.09	Cc1ccc(Nc2nc(-c3cccc(C(=O)Nc4cccc(C(=O)O)c4)c3)cc(N3CCCCC3)n2)cc1
420	mol349	-12.3	Cc1ccc(NC(=O)c2cc(C(=O)NCc3ccccc3)ncn2)cc1-c1ccc(C(=O)N2CCC(O)CC2)s1
420	mol387	-12.18	CC(C)[C@H](NC(=O)c1ccc(CCc2ccc(NC(=O)Cc3ccccc3)cc2)cc1N)[C@H](O)c1nnc2n1CCCC2
420	mol383	-12.01	Nc1ncc(-c2cnn([C@H]3CC[C@@H](C(=O)N[C@@H]4CCOC4)CC3)c2)cc1Nc1nccc2ccc(Oc3ccccc3)cc12
420	mol111	-13.02	Cc1ccc(C(=O)Nc2ccc(C(N)N)cc2)cc1Nc1nccc(-c2cnc3ccccn23)n1
420	mol62	-12.2	Nc1nc(OCc2cccc(NC(=O)Nc3ccc(C(F)(F)F)cc3)c2)cc(N2CCOCC2)n1
420	mol16	-12.69	Cc1ccc(C(=O)Nc2ccc(C(=O)Nc3ccc(C(=O)O)cc3)cc2)cc1NS(=O)(=O)c1cc(F)cc(F)c1
420	mol5	-12.57	Cc1ccc(C(=O)Nc2cccc(S(=O)(=O)NC(=O)c3ccc4ccccc4c3)c2)cc1
420	mol49	-12.35	Cc1cc(Nc2cc(NS(C)(=O)=O)cc(C(=O)Nc3ccc(C(=O)O)cc3)c2)cc(C(=O)Nc2ccc(C(=O)O)c(N)c2)c1
420	mol318	-12.39	CC(C)(O)c1ccc(CC(=O)Nc2ncc(-c3ccc(C(=O)Nc4cccc(C(F)(F)F)c4)cc3)s2)cc1
420	mol185	-12.12	Cc1ccccc1C(=O)Nc1ccc(C(=O)Nc2ncc(-c3ccc(S(C)(=O)=O)cc3)s2)cc1
420	mol268	-12.02	Cc1ccc(-c2ncc(C(=O)Nc3ccc([C@@H](C)NC(=O)c4ccc(-c5ccccc5)s4)cc3)o2)cc1
420	mol278	-12.08	Cc1ccc(C(=O)Nc2ccccc2F)cc1Nc1nccc(-c2cccnc2)n1
420	mol310	-12.24	COc1cccc(Nc2nccc(Nc3cccc(C(=O)Nc4cccc(C(=O)O)c4)c3)n2)c1
420	mol157	-13.64	Nc1ccc(C(=O)Nc2ccc(C(=O)NO)cc2)cc1NC(=O)c1ccc(-c2cccc(C(=O)O)c2)cc1
420	mol152	-12.37	Cc1ccc(Oc2ccc(NC(=O)c3ccc4nc(NC(=O)Cc5ccccc5)sc4c3)cc2)cc1
420	mol215	-12.36	Cc1cc(Nc2cc(NC(=O)c3ccc(C(=O)Nc4ccc(C(=O)O)cc4)cc3)ccn2)nc(N)n1
420	mol63	-12.6	NC(=O)n1cc(NC(=O)N2C[C@H](F)C[C@H]2C(=O)Nc2ccc(Oc3ccc4ccccc4c3)cc2)cn1
420	mol217	-12.04	Cc1nc(Nc2ncc(C(=O)Nc3cccc(C(=O)NCc4ccccc4)c3)s2)cc(N(C)c2cccc(Cl)c2)n1
420	mol330	-12.53	Cc1cc(Nc2nnc(-c3ccnc(NC(=O)[C@H]4CC[N@H+](C)CC4)c3)s2)ccc1NC(=O)Nc1ccc(Cl)cc1
420	mol480	-12.14	CC(=O)Nc1ccc(S(=O)(=O)c2ccc(NC(=O)c3ccc(C(=O)Nc4ccc(Cl)cc4)cc3)cc2C(=O)O)cc1
420	mol56	-12.59	Cc1ccc(N/N=C2\C(=O)Nc3ccc(S(N)(=O)=O)cc32)cc1Nc1nccc(-c2cccnc2)n1
420	mol80	-12.16	Cc1cn(Cc2cccc(Oc3ccccc3)c2)c2ccc(C(=O)O)cc12
420	mol258	-14.07	Cc1ccc(NC(=O)c2ccc(Nc3ncnc4ccc(Nc5ccccc5)cc34)cc2)cc1NC(=O)Nc1ccc(C(=O)O)cc1
420	mol166	-12.64	Cc1ccc(NC(=O)c2cccc(-c3cccnc3)c2)cc1NC(=O)c1ccccc1C(=O)O
420	mol495	-13.05	Cc1ccc(NC(=O)c2ccc(Nc3nccc(-c4ccccn4)n3)cc2)cc1Nc1ncnc2ccccc12
420	mol322	-12.16	CNC(=O)Nc1ccc(Cc2ccc(-c3cccc(C(=O)NCc4ccccc4)c3)cc2)cc1
420	mol129	-12.16	Cc1ccc(-c2cc(C(F)(F)F)cc(C(F)(F)F)c2)cc1NC(=O)c1cnc(NC2CCN(c3ccncc3)CC2)cc1N
420	mol314	-12.14	Cc1cc(F)ccc1Nc1nccc(Nc2cccc3ncccc23)n1
420	mol453	-12.7	Cc1ccc(C(=O)Nc2cccc(C(F)(F)F)c2)cc1-c1ccc2nc(N)ncc2c1
420	mol494	-12.21	Cc1ccc(Nc2ccc(Nc3ncc(F)c(Nc4ccccc4S(=O)(=O)Nc4cccc(C(=O)O)c4)n3)cc2)cc1
420	mol474	-12.05	Cc1ccc(Oc2ccc(NC(=O)c3ccc4ccccc4c3)cc2NC(=O)c2ccc(N=[N+]=[N-])cc2)cc1
420	mol498	-12.28	COc1ccc(-c2ccc(Oc3ccc(-c4nc5ccccc5c(=O)[nH]4)cc3)cc2)cc1
420	mol198	-12.62	Cc1ccc(C(=O)Nc2ccc(Cc3ccc4n[nH]cc4c3)cc2C(=O)O)cc1
420	mol294	-12.67	Nc1ccc(-c2ccc(/C=C/c3cc(=O)c4ccccc4o3)cc2)cc1
420	mol135	-15.45	Cc1ccc(C(=O)Nc2ccc(C(N)N)cc2)cc1Nc1ncnc2cc(-c3cccc(C(=O)Nc4cccc(C(N)=O)c4)c3)ccc12
420	mol147	-12.75	Cc1cc(C(=O)O)cc(C(=O)Nc2ccc(-c3ccc4nn(C)c(C)c4n3)cc2)c1
420	mol331	-12.08	Cc1nc(Nc2ncc(C(=O)Nc3ccc(Oc4ccncc4)cc3)s2)cc(N2CCS(=O)(=O)CC2)n1
420	mol363	-12.3	Cc1ccc(NC(=O)c2cccc(Cc3ccccc3)c2C(=O)O)cc1
420	mol93	-12.37	CN(C)c1cccc(-c2cc(Nc3cccc(C(=O)Nc4ccccc4)c3)ccn2)c1
420	mol312	-12.09	Cc1ccc(Nc2cccc(Nc3ccccc3)c2)cc1Nc1ncccc1-c1ncnc2[nH]ccc12
420	mol354	-12.7	Cc1ccc(Nc2ncc(C(=O)Nc3ccc(C(=O)Nc4nnn[nH]4)cc3)s2)cc1NC(=O)c1cnccn1
420	mol161	-13.24	Cc1cc(NC(=O)c2cccc(C(=O)Nc3ccc(Oc4ccnc5[nH]ccc45)cc3)c2)cc(N2CC[C@@H](C(=O)O)C2)c1
420	mol230	-12.11	Cc1cnc(Nc2cncc(C(=O)c3ccc4ccccc4c3)c2)c(CC(=O)O)c1
420	mol468	-12.78	Cc1ccc(Nc2cccc(-c3ccc(C(=O)NCCC[NH+]4CCCC4)cc3)c2C(=O)O)cc1F
420	mol461	-12.51	N#Cc1ccc(C(=O)c2ccc(N)c(NC(=O)c3ccc(Nc4ccnc5ccccc45)cc3)c2)cc1
420	mol178	-12.8	Cc1nn(C)c2c1C(=O)c1cc(Nc3ccnc(Nc4cccc(F)c4C)n3)ccc1C2
420	mol446	-12.69	[H]/N=C1/[NH2+]c2ccccc2C2=C[C@H](C(=O)Nc3ccc(Oc4ccc(C)cc4)cc3)c3ccccc3C[C@@H]21
420	mol47	-12.65	Cc1cc(/C=C/c2ccc(Oc3ccc(C(=O)N[C@H](C[NH+]4CCCCC4)C(=O)O)cc3)cc2)cc(-c2ccccc2)c1
420	mol119	-12.84	Cc1ccc(C(=O)Nc2cccc(C(=O)O)c2)cc1NC(=O)c1ccc(NC(=O)c2cccnc2)cc1
420	mol205	-14.05	NC(=O)NC(=O)c1cccc(NC(=O)Cc2cccc(NC(=O)Nc3cccc4ccccc34)c2)c1
420	mol33	-12.19	Cc1ccc(C(=O)NCc2cccc(-c3cncc(C(=O)Nc4ccc(C(C)C)cc4)c3)c2)cc1
420	mol235	-12.55	NC(N)c1cccc(CNC(=O)Nc2ccc(Oc3ccc(-c4ccccc4)cc3)cc2)c1
420	mol328	-12.41	CC(=O)Nc1ccc(-c2cnc(N)c(Nc3ccc4ccccc4c3)n2)cc1
420	mol472	-12.22	Cc1cc(Nc2cc(N)cc(Nc3ccc4c(c3)c(C)cn4C)c2)ccc1C(=O)O
420	mol436	-12.49	Nc1ccc(-c2cccc(C(=O)O)c2)cc1Nc1ccnc(Nc2ccc(C(=O)O)cc2)n1
420	mol375	-12.21	NC(=S)Nc1cccc(Nc2nccc(-c3cccc4ccccc34)n2)c1
420	mol79	-13.25	Cc1c(C(=O)O)cccc1-c1ccc2[nH]c(-c3ccc(NC(=O)c4cccc(Cl)c4)cc3)cc2c1
420	mol23	-12.79	CS(=O)(=O)N[C@H]1C[NH2+][C@@H](C(=O)Nc2ccc(Oc3ccnc4cc(-c5ccccc5)ccc34)cc2)C[C@@H]1O
420	mol202	-12.17	Cc1cccc(-c2nc(Nc3cccc(C(=O)Nc4cccc(C(=O)O)c4)c3)sc2C(=O)O)c1
420	mol226	-12.12	Cc1ccc(C(=O)Nc2cccc(Cn3cc(NC(=O)c4cccc(C(F)(F)F)c4)cn3)c2)cc1C#N
420	mol454	-14.42	C[C@H]1CN(c2ncc(-c3ccc(Cl)c(C(=O)Nc4cccc(C(=O)Nc5ccccc5C(F)(F)F)c4)c3)cn2)C[C@H](O)[C@H]1O
420	mol246	-12.24	Cc1ccc(Oc2ccc(NC(=O)c3ccc(C)c(NC(=O)c4ccccc4)c3)cc2)cc1
420	mol134	-12.75	Cc1ncc(C(=O)N/N=C\c2ccc(C(=O)O)cc2)cc1-c1ccc(N2CCC(Nc3ncccc3NC(=O)c3ccccc3)CC2)cc1
430	mol114	-12.11	[H]/N=C(\C)NCCCC[C@@H](NC(=O)c1ccc(OCc2ccc(NC(=O)c3ccc(Br)cc3)cc2)cc1)C(=O)N[C@@H](CO)C(=O)N[C@H](Cc1ccccc1)C(N)=O
430	mol25	-13.2	Cc1ccc(NC(=O)c2ccc(C(=O)NCc3ccccc3)o2)cc1Nc1nccc(-c2cnc3ccc(OC[C@@H]4CC[N@@H+](C)C4)cc3n2)n1
430	mol75	-13.1	Cc1ccc(Nc2ccc(C#N)c(C(=O)Nc3cccc(C(=O)O)c3)c2)cc1N1Cc2ccccc2C1=O
430	mol284	-12.13	CN(C)c1ccc(C(=O)Nc2cccc(Nc3nccc(-c4cccnc4)n3)c2)cc1
430	mol391	-12.32	Cc1nc(Nc2ncc(C(=O)Nc3ccc(NC(=O)c4ccccc4)cc3)s2)cc(N2CC[NH+](CC(=O)NCc3ccccc3)CC2)n1
430	mol165	-14.8	Cc1cc(-c2cccc(C(=O)O)c2)ccc1-c1ccc2c(-c3ccc(F)cc3)nnn2c1
430	mol99	-12.52	Cc1ccc(NC(=O)Nc2ccc(Oc3ccnc4[nH]ccc34)cc2)cc1N
430	mol156	-12.31	CCC(=O)Nc1ccc(C(=O)Nc2ccc(Oc3ccc(Br)cc3)cc2C(=O)O)cc1
430	mol84	-12.58	Cc1ccc(C(=O)Nc2cccc(C(=O)c3ccccc3)c2)cc1NC(=O)c1cccc(C(=O)O)c1
430	mol487	-12.68	Cc1ccc(NC(=O)c2ccc(C(=O)NCc3ccccc3)cc2NC(=O)c2ccc(Nc3nc4ccccc4[nH]3)cc2)cc1Nc1ncccn1
430	mol352	-12.67	Cc1ccc(NC(=O)c2cccc(C(=O)Nc3cccc(C(=O)O)c3)c2)cc1NC(=O)c1ccc(Cl)cc1
430	mol423	-12.61	Cc1ccc(C(=O)Nc2cc(C(=O)O)cc(C(=O)O)c2)cc1NC(=O)c1cnn(-c2nccc(N)n2)c1
430	mol108	-12.41	Cc1ccc(C(=O)NC(=O)c2ccccc2O)cc1NC(=O)c1ccc(C(=O)O)cc1
430	mol301	-12.62	CC[C@H](NC(=O)CCCNc1cc(Oc2cccc(NC(=O)Nc3ccc(C[NH+]4CCCCC4)cc3)c2)cc(C(=O)O)c1)c1ccccc1
430	mol347	-12.04	Cc1ccc(C(=O)Nc2ccc(S(=O)(=O)Nc3nccs3)cc2)cc1Nc1ncnc2ccccc12
430	mol81	-12.6	c1ccc(POc2ccc3c(Nc4ccc(-c5cn[nH]c5-c5ccccc5)cc4)ccnc3c2)cc1
430	mol106	-13.01	Cc1cc(Nc2cccc(-c3cccc(C(=O)O)c3)c2)ccc1-c1nc(N[C@H]2CC[N@H+](Cc3ncc([C@@H](C)O)o3)CC2)ns1
430	mol222	-12.13	Cc1ccc(C(=O)Nc2ccc(Cn3ncc4cc(C(=O)O)ccc43)cc2)cc1NS(=O)(=O)c1ccc(N)cc1
430	mol276	-12.73	Cc1ccc(C(=O)Nc2cccc(C(=O)NCc3ccccc3)c2)cc1NS(=O)(=O)c1ccc(N)cc1
430	mol112	-13.23	Cc1ccc(Nc2nccc(Nc3cccc4ccccc34)n2)cc1-c1nc(NC2CCCCC2)c2nc[nH]c2n1
430	mol94	-12.76	Cc1cc(-c2ccc(NC(=O)Nc3ccccc3)cc2)c(C)cc1C(=O)N[C@H]1CC(C)(C)n2cnnc21
430	mol132	-14.88	Cc1ccc(C(=O)Nc2cccc(-c3nc4cc(C(N)N)ccc4[nH]3)c2)cc1Nc1ccnc(-c2ccc(C(=O)O)cc2)n1
430	mol313	-13.07	Nc1ncc(-c2cnn(C3CCN(c4cccc(C(=O)Nc5ncccn5)c4)CC3)c2)cc1OC(F)F
430	mol12	-12.11	Nc1c(C(=O)Cc2ccccc2)sc2nc(-c3ccc(Cl)cc3)ccc12
430	mol445	-12.78	Cc1cc(Nc2cc(C(F)(F)F)ccn2)nc(-c2ccc(C(=O)Nc3ccc(C(=O)NC(C)C)cc3)cc2)c1
430	mol16	-12.99	Cc1ccc(Nc2nccc(-c3ccc(C(=O)NS(=O)(=O)c4ccccc4)cc3)n2)cc1
430	mol197	-12.85	Cc1cc(Nc2cc(C(F)(F)F)ccc2NC(=O)c2ccc(C(=O)NCCNc3ccnc4ccc(Cl)cc34)cc2)ccn1
430	mol168	-12.36	CN(NC(=O)Nc1cccc(C(F)(F)F)c1)C(=O)NC(=O)c1ccc(-c2ccccc2)cc1
430	mol188	-12.55	Cc1cc(C)cc(Nc2nccc(Nc3ccc4ccccc4c3)n2)c1
430	mol242	-12.21	CC(=O)N(c1ccc(OCc2cc(=O)n3ccccc3n2)cc1)c1ccc(Oc2ccc(NC(N)N)cc2)cc1
430	mol29	-12.71	Cc1ccc(C(=O)Nc2cccc([C@@H](O)c3cccc(C(=O)O)c3)c2)cc1Nc1ncnc2ccc(NC(=O)C3CC3)cc12
430	mol318	-12.41	Cc1cc(S(=O)(=O)Nc2ccc(Oc3nccc4cc(C(=O)O)ccc34)cc2)ccc1NC(=O)c1ccc(C(C)(C)C)cc1
430	mol357	-13.2	c1ccc(Cc2ccccc2Nc2nccc(Nc3cccc4ccccc34)n2)cc1
430	mol253	-12.22	Cc1cccc(-c2cccc(C(=O)c3cccc(C(=O)O)c3)c2)c1
430	mol204	-12.01	Cc1cc(-c2cccc(C(=O)O)c2)c(Oc2cccc(NC(=O)Nc3ccc(Cl)c(C(=O)O)c3)c2)c(N)n1
430	mol404	-12.03	NC(=O)c1cccc(Nc2ncc3ccc(-c4ccccc4)nc3n2)c1
430	mol274	-13.09	Cc1ccc(-c2ccc(C(=O)Nc3cccc(Nc4ncnc5ccccc45)c3)cc2)cc1
430	mol426	-14.19	COc1ccccc1-c1ccc2c(-c3nc4ccc(Cc5cc(F)cc(C(F)(F)F)c5)cc4[nH]3)n[nH]c2c1
430	mol434	-13.17	CN(O)C(=O)C[C@H](Cc1ccc(-c2ccc(CNC(=O)Cc3ccc(O)c(C(=O)O)c3)cc2)cc1)C(=O)NO
430	mol157	-13.56	Nc1cc(C(F)(F)F)c(-c2ccc(NC(=O)C(=O)c3sc4ncccc4c3-c3ccc(Cl)cc3Cl)cc2)cc1NC(=O)c1ccc(C(F)(F)F)cc1
430	mol373	-12.24	Nc1ccc(C(=O)Nc2cccc(Oc3ccc4[nH]c(C(=O)O)cc4c3)c2)cc1
430	mol291	-12.03	Cc1ccc(C(=O)Nc2ncc(Cc3ccc(F)cc3)s2)cc1NC(=O)c1cccc(C(=O)O)c1
430	mol475	-12.58	Cc1ccc(C(=O)Nc2ccc(C3=NC[C@H](C)N3)cc2)cc1Nc1ncnn2cc(C(=O)N[C@H](C)c3ccccc3)cc12
430	mol341	-12.38	NC(=O)c1ccc[n+](Cc2ccc(CCC(=O)/C=C\c3ccc(/N=N/c4cccc(C(=O)O)c4)cc3)cc2)c1
430	mol144	-13.13	C[C@@H](c1ccc(NC(=O)c2cccc(C(C)(C)C)c2)cc1)n1cc(C(=O)NCc2cccc(C(=O)Nc3ccc4nccnc4c3)c2)nn1
430	mol72	-12.02	Nc1nc(Nc2ccc(C(=O)NCc3ccccc3)cc2)c2nc(-c3ccc4n[nH]cc4c3)sc2n1
430	mol303	-12.27	CC(=O)N(c1ccc(NC(=O)c2ccccn2)cc1)c1ccc(Nc2ccnc3cc(N)ccc23)cc1
430	mol293	-13.18	CNS(=O)(=O)c1ccc(NC(=O)c2cccc(-c3cccc4ccccc34)c2)cc1
430	mol105	-12.18	Cc1cc(CNc2ccc3c(c2C(=O)O)-c2cccc(N=C(N)N)c2OC3)ccc1F
430	mol353	-12.45	CC(C)[C@H](NS(=O)(=O)c1ccc(-c2ccc(NC(=O)c3cc4ccccc4o3)cc2)cc1)C(=O)N[C@@H](CO)C(=O)NCc1ccccc1
430	mol489	-12.17	Cc1ccc(CN(Cc2ccc(C(=O)Nc3nc4ccc(C(N)N)cc4[nH]3)cc2)c2ccc(C(=O)O)c(C(=O)O)c2)cc1
430	mol180	-12.09	Cc1c(NS(=O)(=O)c2ccc(F)cc2F)cccc1-c1nc2cc(C(N)=O)ccc2[nH]1
430	mol171	-12.05	Cc1ccc(Nc2cnc(Nc3ccc4ccccc4c3)nc2N)cc1
430	mol322	-12.14	CC(=O)Nc1ccc(Nc2nccc(Nc3ccc4ccccc4c3)n2)cc1
430	mol89	-13.56	Cc1ccc(NC(=O)c2ccc(CNC(=O)c3ccc4nccnc4c3)cc2)cc1Nc1nccc(-c2cccnc2)n1
430	mol206	-13.11	CC(=O)Nc1ccc(-c2ccc(Nc3ncc(F)c(Nc4cccc(C(=O)O)c4)n3)cc2)cc1
430	mol474	-13.35	Cc1ccc(NC(=O)c2ccc(NC(=O)c3ccc4ccccc4n3)cc2)cc1NC(=O)c1cccs1
430	mol394	-14.09	Nc1ncc(-c2ccc(C(=O)Nc3ccc(C(=O)Nc4ccc(C[NH+]5CCOCC5)c(C5CCCCC5)c4)cc3)cc2)c(N[C@@H]2C[C@@H](CO)[C@@H](O)[C@H]2O)n1
430	mol174	-12.5	Cc1cccc(Nc2cc(-c3cccc(NC(=O)c4ccncc4)c3)ncn2)c1
430	mol9	-12.77	Cc1ccc(NC(=O)c2ccc(CC(=O)Nc3ccc(N(C)C)cc3)cc2)cc1NC(=O)c1ccccc1O
430	mol263	-12.06	Cc1ccc(Oc2ccnc(Nc3ccc(CC(=O)Nc4ncccn4)cc3)c2)cc1C(=O)O
430	mol120	-12.57	Cc1ccc(NC(=O)c2ccc(CS(=O)(=O)c3ccc4nc(NC(=O)C5CCCC5)sc4c3)cc2)cc1N
430	mol466	-12.32	CC(=O)N1CCC(Cc2ccc(C(=O)Nc3ccc(C(=O)c4ccccc4)cc3)cc2)CC1
430	mol378	-13.51	Cc1ccc(C(=O)Nc2cc(C(F)(F)F)cc(C(F)(F)F)c2)cc1Nc1nccc(-c2cnc3ccccn23)n1
430	mol224	-12.45	Cc1cn(-c2cc(NC(=O)c3cccc(C(=O)c4ccc(F)cc4)c3)cnc2N)ccc1=O
430	mol161	-12.31	CN(Cc1cnc2nc(N)nc(N)c2n1)c1ccc(C(=O)NC(=O)c2ccc(C(=O)O)cn2)cc1
430	mol496	-12.21	Cc1ccc(NC(=O)c2cccc(C(F)(F)F)c2)cc1-c1ccnc(Nc2ccc(CO)cc2C(F)(F)F)c1
430	mol104	-12.06	Cc1cc(Oc2ccc3cccc(S(O)(O)O)c3c2)ccc1NS(=O)(=O)c1ccc(Cl)cc1
430	mol456	-12.73	Cc1cc(Nc2nccc(Nc3ccc(C(=O)Nc4ccccc4)cc3)n2)cc(C)c1O
430	mol0	-13.52	Cc1cc(C(N)=O)ccc1NC(=O)Nc1ccc(Oc2ccnc(Nc3ccnc4ccccc34)c2)cc1
430	mol31	-14.03	Cc1ccc(NC(=O)c2ccccc2C(F)(F)F)cc1-c1ccc2nc(Nc3cccc(C(=O)NCCc4ccccc4)c3)ncc2c1
430	mol15	-13.2	Cc1cc(NC(=O)c2cccc(C(F)(F)F)c2)cc(C(=O)Nc2cn(Cc3ccc(F)c(C(=O)Nc4cccc(C(=O)O)c4)c3)nn2)c1
430	mol178	-12.12	Cc1cc(NCc2cccc(C(F)(F)F)c2)cc(C(=O)Nc2ccc(C(N)N)cc2)c1
430	mol119	-13.52	Cc1ccc(NC(=O)c2ccc(C(=O)Nc3ccc(C(=O)O)cc3)cc2)cc1Nc1ncnn2cc(C(=O)Nc3ccccc3)cc12
430	mol392	-12.08	Cc1cc(Nc2nccc(Nc3cc(C(=O)Nc4ccccc4)ncc3C#N)n2)cc(C)c1O
430	mol17	-12.31	COc1ccc(Nc2ncc(-c3cccc(-c4ccccc4)c3)c(N)n2)cc1
430	mol221	-12.91	Cc1ccc(Cl)c(-c2ccc(C(=O)Nc3ccc(-c4cccc(NC(=O)c5cccc(C(F)(F)F)c5)c4)cc3)cc2C(=O)O)c1
430	mol33	-12.4	NC(N)c1cccc(Oc2cccc(Nc3ncc(-c4cccc(C(=O)O)c4)s3)c2)c1
430	mol107	-12.49	Cc1ccccc1-c1cccc(Oc2ccc(Nc3cc(NC(C)C)ccn3)cc2)c1
430	mol462	-12.28	Cc1ccc(C(=O)Nc2ccc(C(=O)NO)cn2)cc1Nc1ncnc2ccc(Nc3cccc(Cl)c3)cc12
430	mol409	-12.4	Cc1ccc(C(=O)Nc2cccnc2N)cc1Nc1nccc(-c2cccnc2)n1
430	mol484	-12.13	Cc1ccc(Nc2ncc(C(=O)Nc3ccccc3C(=O)O)c(N)n2)c(C)c1
430	mol137	-13.36	Cc1ccc(NC(=O)c2cccc(C(=O)Nc3ccc4ccccc4c3)c2)cc1Nc1ccnc2ccc(C(N)N)cc12
430	mol98	-13.77	Cc1cc(-c2ccc(CCC(=O)O)cc2)ccc1-c1ccc(Nc2cc(N3CCOCC3)nc(Nc3ccc([N+](=O)[O-])cc3)n2)cc1
430	mol82	-14.08	Cc1ccc(NC(=O)c2ccc(C#N)cc2)cc1Nc1cc(-c2cccc(C(=O)Nc3cccc(C(=O)O)c3)c2)cnn1
430	mol460	-12.08	COc1ccc(C(N)=O)c(NC(=O)c2cccc(S(=O)(=O)Nc3ccc(Oc4ccccc4)cc3)c2)c1
430	mol127	-12.35	Cc1ccc(C(=O)Nc2ccc(CNC(N)N)cc2)cc1Nc1nccc(-c2ccncc2)n1
440	mol422	-13.01	Cc1ccc(C(=O)Nc2ccc(Oc3ccc4ccccc4c3)cc2)cc1Nc1ncnc2ccccc12
440	mol442	-12.73	Cc1cc(NC(=O)Nc2cc(C(F)(F)F)cc(C(F)(F)F)c2)ccc1Nc1nccc(-c2cccnc2)n1
440	mol273	-12.55	NC(N)c1ccc(CNC(=O)[C@@H]2CCCN2C(=O)Cc2cccc(NC(=O)Nc3ccc([N+](=O)[O-])cc3)c2)cc1
440	mol203	-12.28	Cc1ccc(C(=O)Nc2cccc(Cc3ccc4nc(N)ncc4c3)c2)cc1
440	mol84	-12.61	Cc1ccc(NC(=O)Nc2cccc(-c3ncc(C(=O)Nc4ccccc4)s3)c2)cc1Nc1ncccc1-c1cccnc1
440	mol153	-12.39	Cc1cc(N2CC[C@@H](NC(=O)Nc3ccc(S(C)(=O)=O)cc3)C2=O)ccc1C(=O)O
440	mol306	-12.09	Cn1nc(-c2ccc(OCCNC(=O)c3ccc(Cl)cc3)cc2)cc1-c1ccc(C(=O)O)cc1
440	mol106	-12.65	Cc1ccc(C(=O)Nc2ccc(Oc3ccccc3)cc2)cc1NC(=O)c1ccc(C2CCCCC2)cc1
440	mol467	-12.28	Cc1ccc(NC(=O)c2cccc(C(=O)NCc3ccccc3)c2)cc1NC(=O)c1ccc(CNC(=O)c2cccc(F)c2)cc1
440	mol276	-12.84	Cc1cc(C)cc(C(=O)c2ccc(Nc3cccc(Nc4ccnc5ccccc45)c3)cc2)c1
440	mol67	-12.95	Cc1cc(NC(=O)c2ccc(C(=O)Nc3ccc(C(=O)NC(C)C)cc3)cc2)ccc1Nc1nccc(-c2ccncc2)n1
440	mol385	-12.57	Cc1ccc(NC(=O)c2cncc(C(=O)Nc3ccc(C(=O)NCc4ccc(Br)cc4)cc3)c2)cc1-c1ccccc1
440	mol236	-12.35	Nc1nc(NCc2ccc(-c3ccccc3C(=O)O)cc2)sc1C(=O)c1cccc(O)c1
440	mol349	-12.67	Cc1ccc(Nc2nccc(-c3cccnc3)n2)cc1-c1ccc(CNC(=O)c2ccncc2)cc1
440	mol20	-12.81	Cc1ccc(C(=O)N[C@@H]2CC[N@H+](Cc3cc(C(=O)NCc4cccc(C(=O)O)c4)ccc3C(F)(F)F)C2)cc1F
440	mol427	-12.13	Cc1ccc(NC(=O)c2ccc(C[N@H+]3CC[N@@H+](C)CC3)cc2)cc1Nc1nccc2ccccc12
440	mol209	-12.86	Cc1ccc(C(=O)Nc2ccc(C(=O)N[C@@H]3CCCC[C@@H]3NC(=O)c3ccc4oc5ccccc5c4n3)cc2)cc1
440	mol12	-13.0	Cc1ccc(C(=O)Nc2ccc(CNc3ncnc4ccn(C)c34)cc2)cc1-c1ccc(Cn2cnc3ccccc32)cc1
440	mol387	-12.41	Nc1nc(Nc2cccc(Cl)c2)sc1C(=O)c1ccc(-c2ccccc2)cc1
440	mol407	-12.39	Cc1ccc(C(=O)Nc2ccc(Oc3ccc4nc(NC(=O)C5CC5)ccc4c3)cc2)cn1
440	mol383	-12.42	Cc1ccc(CNC(=O)c2ccc(C#N)cc2)cc1Nc1ncnc2ccc(Nc3ccc(NC(=O)C4CCCCC4)cc3)cc12
440	mol169	-12.21	CC(=O)N1CCN(c2ccc(Nc3ncc4ncnc(Nc5cc(NC(=O)c6cccc(C(F)(F)F)c6)ccc5C)c4n3)cc2)CC1
440	mol50	-13.03	Cc1cccc(Nc2nc(Nc3ccc4ccccc4c3)nc(OCc3ccc(C(=O)Nc4cccc(C(=O)O)c4)cc3)n2)c1
440	mol189	-12.54	Cc1ccc(NC(=O)c2cccc(C(=O)O)c2)cc1Nc1ncnc2ccc(Nc3cccc(C(F)(F)F)c3)cc12
440	mol62	-12.49	Cc1ccc(Nc2cc(C(=O)Nc3cccc(-c4ccc(C(=O)O)o4)c3)ccn2)cc1C(=O)O
440	mol16	-12.39	Cc1ccc(NC(=O)c2ccccc2NC(=O)c2cccc(NC(=O)Nc3ccc(Cl)cc3)c2)cc1
440	mol188	-12.5	CC(C)c1ccc(Nc2nc(N)nc(NCc3ccc(C(=O)Nc4ccccc4S(N)(=O)=O)cc3)n2)cc1
440	mol194	-13.55	NC(N)c1ccc(CNC(=O)[C@H]2CNC(=O)C[C@@H]2c2ccc(NC(=O)c3ccc(-c4ccccc4)cc3)cc2)cc1
440	mol250	-12.62	Cc1cccc(-n2nc(C(=O)NCc3cccnc3)cc2NC(=O)Nc2ccc(Oc3ccnc4[nH]ccc34)cc2)c1
440	mol115	-12.02	Cc1ccc(NC(=O)c2ccc(CNC(=O)c3cc4ccccc4o3)cc2)cc1O
440	mol434	-12.53	CNc1nccc(Nc2cc(C(=O)Nc3cc4c(s3)C[C@H](NC(=O)c3ccc(C(F)(F)F)cc3)C4)c3[nH]ncc3n2)n1
440	mol268	-13.13	CCC(=O)Nc1ccc(C(=O)c2c[nH]c3ccc(-c4ccc(CNC(=O)c5ccccn5)cc4)cc23)cc1
440	mol310	-12.89	Cc1cccc(Nc2ccc([N+](=O)[O-])c(Nc3cccc4cc(C(=O)O)ccc34)c2)c1
440	mol410	-13.9	Cc1ccc(NC(=O)c2ccc(C(=O)Nc3cccc(-c4nc5ccccc5[nH]4)c3)o2)cc1Nc1ccnc2ccc(N3CCC(F)(F)CC3)cc12
440	mol458	-14.19	Cc1ccc(C(N)=O)cc1-c1ccc2[nH]c(-c3ccc(C(=O)Nc4ccccc4)cc3)cc2c1
440	mol76	-13.92	Cc1nc(Nc2ccc3ncccc3c2)cc(Nc2ncc(-c3cccc(C(=O)Nc4ccc(C(=O)O)c(C)c4)c3)s2)n1
440	mol307	-13.64	Cc1ccc(NC(=O)C(=O)Nc2ccc3n[nH]cc3c2)cc1Nc1ncnn2cc(-c3ccc(C(N)N)cc3)cc12
440	mol433	-12.08	NC(=O)c1cccc(NC(=O)c2ccc(C(=O)Nc3ccc(F)c(C(=O)O)c3)cc2)c1
440	mol475	-12.84	Nc1cc(NC(=O)c2ccc(C(=O)O)cc2)ccc1Nc1nc(Nc2cccc(S(N)(=O)=O)c2)ncc1C(F)(F)F
440	mol493	-12.25	Cc1cccc(C(=O)c2cc(-c3ccc(S(=O)(=O)NC(C)(C)C)cc3)ccc2O)c1
440	mol217	-12.53	Cc1ccc(Nc2cc(C)c(NC(=O)c3cccc(C(=O)O)c3)c(N)n2)cc1C(=O)O
440	mol213	-12.23	Cc1cc(Nc2ccc(C(=O)O)c(C(F)(F)F)c2)ccc1Nc1nccc(-c2cccnc2)n1
440	mol308	-13.61	Cc1c(-c2ccc(/C=C3/SC(=O)NC3=O)cc2)cccc1[C@H](O)C[C@H](Cc1ccc(NS(C)(=O)=O)cc1)C(=O)O
440	mol54	-12.41	Cc1cccc(-c2nnc(-c3cccc4ccccc34)o2)c1
440	mol245	-12.92	Cc1ccc(NC(=O)c2cccc(C(F)(F)F)c2)cc1-c1ccc2nc(Nc3ccccc3)sc2c1
440	mol386	-12.49	Cc1ccc(Nc2nc(NCCn3cccn3)c3ccccc3n2)cc1C(=O)Nc1ccc(C(=O)NC(C)(C)C)cc1
440	mol403	-12.65	Nc1ccc(C(=O)Nc2cccc(-c3nnc(-c4cc(C(=O)O)ccc4Cl)o3)c2)cc1
440	mol489	-13.34	Cc1cc(Nc2ncc(F)c(Nc3ccc4c(n3)NC(=O)C4)n2)cc(C(=O)NCc2ccc(C(=O)O)cc2)c1
440	mol171	-12.37	Cc1ccc(C(=O)Nc2cccc(Nc3ccnc4cc(Cl)ccc34)c2)cc1
440	mol259	-13.91	Cc1cc(Nc2ccc(C(=O)O)c(C(=O)O)c2)ccc1Nc1ccc2[nH]c(-c3cccc(C(=O)Nc4ccc(C(=O)O)cc4)c3)cc2c1
440	mol314	-12.25	NC(N)c1ccc(OCCCCc2ccc(NC(=O)c3ccc(/C=C\c4ccc(C(=O)O)cc4)cc3C(=O)O)cc2)cc1
440	mol292	-12.08	Cc1cc(NC(=O)c2cccc(C(=O)NCc3cccc(C(=O)O)c3)c2)cc(N2CCCC2=O)c1
440	mol206	-12.83	Cc1cccc(-c2ncc(C(=O)O)cc2-c2ccc(CNC(=O)c3ccc4ccccc4n3)cc2)c1
440	mol198	-12.38	Nc1nccc(Nc2cccc(C(=O)Nc3cccc(C(=O)Nc4ccccc4)c3)c2)n1
440	mol424	-12.22	Cc1ccc(S(=O)(=O)Nc2ccc(-c3ccc(N4CCCC4)cc3)cc2C(=O)O)cc1
440	mol150	-12.27	NC(=O)c1ccncc1-c1cccc(NC(=O)Nc2cn(C(N)=O)c3ccccc23)c1
440	mol441	-12.66	NC(=O)[C@H](CCCNC(=O)c1cccc(-c2ccc(O)cc2)c1)NC(=O)c1ccc(CNS(=O)(=O)c2cccc(NC(=O)c3cccnc3)c2)cc1
440	mol120	-12.04	Cc1cc(C)n(-c2ncc(C(=O)c3cccc(C(=O)NCc4ccc(C(=O)O)cc4)c3)s2)c1
440	mol395	-14.14	Cc1ccc(NC(=O)c2ccc(Nc3nccc(-c4c[nH]c5ncccc45)n3)cc2)cc1Nc1nccc(Cc2cccc(C(=O)O)c2)n1
440	mol299	-12.27	NC(=O)c1ccc(F)cc1Nc1nccc(-c2cccnc2Oc2ccc(C(=O)NCc3ccccc3)cc2F)n1
440	mol224	-12.38	COc1ccc(-c2ccc(N)c(C(=O)NCc3cc4ccccc4oc3=O)c2)cc1
440	mol230	-13.09	COc1ccc(Cn2cc(-c3ccc(C(=O)NS(=O)(=O)Cc4cc(Cl)cc(Cl)c4)cc3)c3cc(Cl)ccc32)cc1B(O)O
440	mol280	-12.68	Cc1ccc(-c2cnc(N)c(NCc3ccc4ccccc4c3)n2)cc1
440	mol0	-13.22	Cc1ccc(C(=O)Nc2cccc(C(=O)NO)c2)cc1Nc1ncnn2cc(-c3c(F)cccc3F)cc12
440	mol47	-12.07	NC(N)c1cccc(NC(=O)Nc2cccc(Oc3ccccc3)c2)c1
440	mol30	-12.63	Cc1ccc(-c2ccc(C(=O)Nc3ccc(-c4cccc(C(=O)O)c4)cc3)s2)cc1
440	mol399	-12.91	Cc1ccc(C(=O)Nc2ccc(C[N@H+]3CC[N@H+](C)CC3)c(C(F)(F)F)c2)cc1Nc1ncnc2ccc(Nc3ccn4c(C(F)(F)F)ccc4n3)cc12
440	mol103	-12.13	N[C@H](CC(=O)Nc1cccc(Oc2ccc(-c3nnn[nH]3)cc2)c1)Cc1c[nH]c2ccccc12
440	mol483	-12.66	Cc1ccc(Nc2nccc(Nc3ccc4[nH]ncc4c3)n2)cc1C(=O)Nc1ccc(C(=O)O)c(F)c1
440	mol97	-12.63	Cc1cccc(Nc2nccc(-c3ccnc(Nc4ccc(C(=O)O)cc4)c3)n2)c1
440	mol58	-14.42	Cc1c(Cc2cccc(C(=O)O)c2)cccc1-c1ccc(C(=O)c2ccc(C(=O)O)cc2C(=O)O)cc1
440	mol315	-13.64	Cc1ccc(NC(=O)c2cccc(C(F)(F)F)c2)cc1Nc1nccc(-c2c[nH]c3ncccc23)n1
440	mol183	-12.48	COc1ccc(C(=O)Nc2ccc(F)c(C(=O)O)c2)cc1-c1ccc2[nH]c(C3CCN(S(C)(=O)=O)CC3)nc2c1
440	mol460	-12.52	Cc1cccc(-c2cnc(N)c(Nc3cccc(-c4ncccn4)c3)n2)c1
440	mol343	-12.67	Cc1ccc(-c2cnc(N)c(C(=O)c3ccc(C(=O)NC(=O)Nc4ccccc4)cc3)n2)s1
440	mol123	-12.29	Nc1cc(Cl)ccc1NC(=O)Nc1ccc(C(=O)N2CCN(c3ccc(OCc4cccc(F)c4)cn3)CC2)cc1
450	mol346	-12.81	NC(N)c1ccc(Oc2ccc(C(=O)c3cc4cc(C[NH+]5CCCCC5)ccc4[nH]3)cc2)cc1
450	mol84	-12.33	Cc1cc(C(=O)NCc2cccc(C(=O)NCc3ccccc3)c2)ccc1CCc1ccc(C(=O)O)cc1
450	mol324	-12.6	Cc1ccc(NC(=O)Nc2ccc(Oc3ccnc4cc(-c5ccc(N)cc5)sc34)cc2)cc1
450	mol425	-12.36	Cc1noc(C)c1-c1ccc2c(ccn2Cc2ccc(NC(=O)c3ccc4ccccc4n3)cc2)c1
450	mol289	-12.29	CC(=O)Nc1ccc(Oc2nc(Oc3cccc(NC(=O)c4cccc(C(=O)Nc5ccccc5)c4)c3)c(C#N)c3ccccc23)cc1
450	mol384	-13.36	Cc1ccc(Nc2nccc(Nc3ccc4c(c3)CCCC4)n2)cc1Nc1ccnc(Nc2ccc(N3CCOCC3)cc2)n1
450	mol459	-12.25	Cc1ccc(Nc2ncnc(Nc3ccc4ccccc4c3)n2)cc1Cl
450	mol193	-12.69	Cc1cc(C(=O)Nc2ccc(Oc3ccc4nc(N)ncc4c3)cc2)cc(N2CCCC2=O)c1
450	mol45	-12.14	Cc1ccc(C(=O)Nc2ccc(Oc3ccc(NC(=O)c4ccco4)cc3)cc2F)cc1
450	mol348	-13.25	Cc1ccc(NC(=O)c2cccc(C(=O)O)c2)cc1Nc1ncnn2cc(-c3ccc(C[NH+]4CCCC4)cc3)cc12
450	mol492	-12.24	Nc1ccc(C(=O)Nc2ccc(Oc3ccc(-c4ncccc4C(F)(F)F)cc3)cc2)cc1
450	mol7	-12.46	Cc1ccc(C(=O)Nn2cnnc2)cc1Nc1ncnn2cc(C(=O)Nc3cc(C(F)(F)F)ccc3F)cc12
450	mol467	-12.26	Cc1ccc(C(=O)O)cc1S(=O)(=O)Nc1ccc(F)c(Oc2cccc(NC(=O)c3ccc(F)cc3CCF)c2)c1
450	mol380	-13.16	Cc1cc(C(=O)Nc2ccc(Oc3ccc4nc(NC(=O)C5CCCCC5)sc4c3)cc2)cc(C)c1O
450	mol336	-12.26	CN(CCOc1ccc(C(=O)N2CCOCC2)cc1)c1cc(Cl)cc(-c2ccc(-c3nccs3)cc2)c1
450	mol14	-12.09	Cc1ccc(C(=O)Nc2cccc(C(=O)NCc3ccc4c(c3)OCO4)c2)cc1
450	mol199	-13.23	Cc1cc(NC(=O)c2ccc(C(=O)Nc3ccccc3N)cc2)ccc1NC(=O)c1ccccc1SCc1ccccc1
450	mol100	-12.38	Cc1ccc(C(=O)Nc2cccc(C(=O)NO)c2)cc1Nc1nccc2ccccc12
450	mol345	-13.15	NC(=O)c1ccc(-c2ccc(C(=O)c3cccc4ccccc34)cc2)cc1
450	mol209	-13.19	Cc1ccc(C(=O)Nc2cccc(C(=O)Nc3ccccc3)c2)cc1Nc1ncnc2ccc(Nc3ccccc3)nc12
450	mol252	-12.78	Cc1ccc(C(=O)Nc2ccc(C(=O)Nc3ccccc3F)cc2)cc1Nc1ncnc2ccccc12
450	mol350	-12.06	Cc1ccc(NC(=O)c2ccc(C[NH+]3CCN(c4ccc(C(=O)O)cn4)CC3)cc2)cc1NC(=O)c1cccc(F)c1
450	mol70	-13.02	CN(O)C(=O)CNc1ccc(-c2ccc(CNC(=O)c3ccc(C(=O)N4CCC(c5cccc(F)c5)CC4)cc3)cc2)cc1
450	mol357	-12.16	CC(=O)Nc1cccc(Nc2nc(Nc3cccc(NC(=O)c4ccc(C(=O)O)cc4)c3)nc3ccsc23)c1
450	mol115	-12.81	Cc1ccc(C(=O)Nc2ccc(C[N@H+]3CC[N@H+](C)CC3)c(C(F)(F)F)c2)cc1Nc1nccc2cc(-c3ccc(O)cc3)sc12
450	mol91	-12.23	NC(N)c1cccc(-c2cnc(NCc3cccc(C(=O)Nc4cccc([N+](=O)[O-])c4)c3)s2)c1
450	mol452	-13.19	Cc1ccc(C(=O)Nc2cccc(C(=O)c3ccc4ccccc4c3)c2)cc1
450	mol410	-12.03	Cc1ccc(Nc2cc(=O)[nH]c(=O)[nH]2)cc1Nc1nccc(-c2cccnc2)n1
450	mol429	-12.62	Nc1nc(Nc2ccc(S(N)(=O)=O)cc2)sc1C(=O)c1c(O)cccc1Cc1ccccc1
450	mol307	-12.63	Cc1ccc(CONC(=O)c2cc(-c3ccc(C(=O)NCc4ccccc4)cc3)ccc2N)cc1
450	mol373	-12.15	Cc1ncn(-c2ccc(C(=O)Nc3cccc(Oc4cccc(C(=O)O)c4)c3)cc2)c1C=O
450	mol213	-12.5	Cc1ccc(C(=O)Nc2cccc(-c3nncn3Cc3ccc(C(=O)NO)cc3)c2)cc1
450	mol80	-12.14	Cc1ccc(-n2nc(C(=O)NCc3ccccc3)cc2NC(=O)c2ccc(C(=O)NC3CCCCC3)cc2)cc1
450	mol245	-13.09	Cc1ccc(-c2nc3ccccc3n2CC(=O)Nc2ccc(Nc3ccnc4cc(Cl)ccc34)cc2)cc1
450	mol177	-12.37	NC(N)c1ccc(CNC(=O)Nc2ccc(Nc3ccc4ccccc4n3)cc2)cc1
450	mol402	-12.99	Cc1ccc(NC(=O)c2cccc(C(=O)Nc3ccc4ccccc4c3)c2)cc1Nc1ncccc1-c1ccncn1
450	mol259	-13.28	Cc1ccc(NC(=O)c2cccc(Nc3ncc(C(F)(F)F)c(=O)n3C)c2)cc1Nc1nccc2ccccc12
450	mol372	-13.13	CC(=O)Nc1cccc(Nc2nc3cccc(Nc4nccc(-c5ccccc5)n4)c3[nH]2)c1
450	mol89	-12.34	COc1cc(Nc2nc(Nc3ccc(C(=O)O)cc3)nc3ccccc23)ccc1Nc1nccc(Nc2ccccc2C(=O)O)n1
450	mol229	-12.48	Cc1cccc(C(=O)Nc2ccc(-c3ccccc3)cc2C(=O)O)c1
450	mol220	-12.21	C/C=C(/c1ccc(OCc2nc3cc(C(N)N)ccc3nc2Nc2ccc(C(=O)O)cc2)cc1)c1cccc(OC2CCCCC2)c1
450	mol38	-12.33	CN(Cc1cccc(C(=O)O)c1)C(=O)c1cccc(O[C@H]2CC(c3ccc(Cl)cc3)=NC2=O)c1
450	mol394	-13.1	Cc1ccc(NC(=O)c2cccc(C(F)(F)F)c2)cc1-c1ccc2nc(Nc3ccc(N4CCOCC4)cc3)ncc2c1
450	mol309	-12.27	Cc1ccc(NC(=O)c2ccccc2C(F)(F)F)cc1Nc1ncnn2cc(-c3ccccc3)cc12
450	mol139	-13.04	CN(C1=CCN(Cc2ccc(-c3ccc(-c4ccccc4)cc3)cc2)C1=O)c1cccc(C(N)=O)c1
450	mol133	-12.75	Cc1ccc(Nc2nccc(-c3ccnc(Nc4ccc(C(=O)O)cc4)c3)n2)cc1C(=O)O
450	mol208	-12.92	Cc1c(Nc2nccc(Nc3ccc4n[nH]cc4c3)n2)ccc(F)c1NC(=O)c1cccc(C(=O)O)c1
450	mol354	-12.26	CN(c1cc(Nc2ccnc(C(=O)c3ccc(C(=O)O)cc3)n2)cc(N2CCC(O)CC2)c1)S(C)(=O)=O
450	mol420	-12.22	Cc1cc(C(=O)N2CC(=O)Nc3ccccc32)ccc1Nc1ccc2c(c1)OCC[N+](C)(C)C2
450	mol66	-12.13	Cc1ccc(NC(=O)c2ccc(C[N@H+]3CC[C@@H](C)CC3)cc2)cc1Nc1ncnc2ccccc12
450	mol4	-12.19	Cc1cccc(COc2ccc(NC(=O)c3cc4cc(Cl)ccc4[nH]3)cc2)c1
450	mol3	-13.78	Cc1ccc(NC(=O)c2cccc(C(=O)Nc3cccc(S(N)(=O)=O)c3)c2)cc1Nc1nccc(-c2cccnc2)n1
450	mol446	-12.83	Cc1ccc(C(=O)NCc2ccc(F)cc2)cc1-n1cnc2ccc(N3CCc4ccccc4C3)cc2c1=O
450	mol47	-12.14	Cc1cc(C(=O)Nc2cccc(Oc3ccc4c(c3)OCO4)c2)cc(C(=O)O)c1O
450	mol358	-12.54	Cc1cn(-c2cc(NC(=O)c3ccc4cc(C(N)N)ccc4c3)cc(C(F)(F)F)c2)cn1
450	mol455	-12.57	Cc1cc(C(=O)NC(=O)NCc2ccccc2)ccc1NC(=O)c1ccc(CCNC(=O)c2ccncc2)cc1
450	mol107	-12.14	Cc1cc(C(=O)Nc2ccc(Oc3ccc4nc(Nc5ccncc5)sc4n3)cc2)cc(C)n1
450	mol79	-12.05	Cc1cccc(C(=O)Nc2ccc(Nc3ccnc4cc(F)ccc34)cc2)c1
450	mol464	-13.96	Cc1cn(-c2ncc(-c3ccc(-c4ccc(C(=O)O)cc4)cc3)s2)cc1Cc1ccc(S(=O)(=O)NC(=O)Nc2ccccc2)cc1
450	mol460	-12.3	CC(=O)Nc1cccc(-c2cnn(-c3ccc(-c4cccc(CO)c4)cc3)c2)c1
450	mol465	-12.82	Cc1ccc(S(=O)(=O)NC(=O)Nc2ccc(Oc3ccc(NC(=O)c4cccc(C(=O)O)c4)cc3)cc2)cc1
450	mol43	-13.0	Cc1cc(OCc2ccc(C(=O)Nc3ccc4nnc(-c5ccccc5)n4n3)cc2)cc(Cl)c1Cl
460	mol437	-12.06	Cc1cc(Oc2ccc(/C=C3\SC(=O)N(Cc4cccc(C(=O)O)c4)C3=O)cc2F)cc(S(=O)(=O)O)c1O
460	mol10	-12.49	Cc1cc(S(=O)(=O)NC(=O)N2CCc3ccccc3C2)ccc1Nc1ccnc(-c2ccncc2)n1
460	mol346	-13.18	Cc1ccc(C(=O)Nc2cccc(C(=O)c3ccc4ccccc4c3)c2)cc1
460	mol68	-12.43	CCC(=O)Nc1ccc(Nc2nccc(-c3ccc4ccccc4n3)n2)cc1
460	mol401	-12.78	Cc1ncc(-c2nc(Nc3cccc(C(=O)NCc4ccccc4Sc4ccccc4)c3)c3ccccc3n2)s1
460	mol264	-12.69	NC(N)Nc1ccc(C(=O)Nc2cccc(Oc3ccc4ccccc4c3)c2)cc1
460	mol408	-12.78	C[N@@H+](Cc1ccc(Nc2nccc(-c3c[nH]c4ccccc34)n2)cc1)Cc1ccc(C(=O)NO)cc1
460	mol52	-12.78	Cc1ccc(C(=O)Nc2ccc(Cc3ccnc(N)c3)cc2)cc1Nc1nccc(-c2ccncc2)n1
460	mol155	-12.78	NC(N)c1cccc(Nc2nccc(Nc3ccc4cc(C(N)N)ccc4c3)n2)c1
460	mol186	-12.67	CC(=O)c1ccc(NC(=O)c2nc(-c3cc(C)cc(Nc4ccc(C(N)N)cc4)c3)cnc2N)cc1
460	mol21	-12.72	COc1cc(Nc2nccc(Nc3cc(C4CCCCC4)cc(N4CCOCC4)n3)n2)cc(NC(=O)c2cccc(C(=O)Nc3ccccn3)c2)c1F
460	mol492	-12.04	Cc1ccc(Nc2nccc(-c3cccnc3)n2)cc1C(=O)NS(=O)(=O)c1cc(F)ccc1F
460	mol24	-13.15	NC(=O)c1cccc(C(=O)Nc2cccc(-c3cncc(-c4cccc(C(=O)O)c4)n3)c2)c1
460	mol471	-12.01	Cc1c(CC(=O)N2CCSc3ccc(C(=O)O)cc32)cccc1-c1ccc(C(=O)O)cc1
460	mol467	-12.29	Cc1cc(Nc2nccc(-c3cn(C)c4ccccc34)n2)cc(C(=O)O)c1O
460	mol276	-12.4	Cc1cc(Nc2nc(N[C@H](C)c3cccc(C(=O)Nc4nnn[nH]4)c3)ncc2C(N)=O)nc2ccccc12
460	mol67	-12.6	Nc1nc(Nc2ccc3ccccc3c2)sc1C(=O)c1cccc(NC(=O)c2ccncc2)c1
460	mol187	-12.94	Cn1cc(-c2ccc(Oc3cccc(OCc4cccc(NC(=O)[C@]5(C)CCS(=O)(=O)C5)c4)c3)cc2C(F)(F)F)cn1
460	mol199	-12.44	CN(C)c1ccc(/C=C2\C(=O)C(=O)Nc3ccc(Nc4ccnc(N5CCC(C(=O)O)CC5)n4)cc32)cc1
460	mol69	-12.61	Cc1cnccc1Nc1cc(-c2cccc(Cc3ccccc3)c2)cnn1
460	mol132	-12.47	Cc1cc(-c2cccc(C(=O)Nc3ccc(-c4ncn[nH]4)cc3)c2)ccc1CC(=O)O
460	mol427	-12.11	COc1cc(N)ccc1-c1cccc(C(=O)Nc2ccc(-c3cccnc3)cc2)c1
460	mol130	-13.13	Nc1ccc(-c2ccc(C(=O)Nc3ccc(Nc4ccnc5cc(Cl)ccc45)cc3)cc2)cc1
460	mol86	-13.53	Cc1ccc(C(=O)Nc2ccc(Cc3ccc4ccc(C(=O)O)cc4c3)cc2C(=O)O)cc1
460	mol272	-12.85	Cc1cc(Nc2ccc(C(=O)c3cccc(C(=O)NCc4ccncc4)c3)cc2C(=O)O)ccc1N1C(=O)CCC1=O
460	mol445	-13.72	Cc1ccc(Nc2nccc(-c3c[nH]c4ccccc34)n2)cc1-c1ccc2cccc(C(=O)O)c2n1
460	mol327	-12.6	Cc1cc(Nc2cc(C(=O)Nc3ccc4c(c3)cc(C(=O)O)n4Cc3ccc(C(=O)O)cc3)ccn2)cc(N)n1
460	mol111	-12.09	CC(C)c1ccc(C(=O)Nc2ccc(Oc3ccnc4[nH]cc(-c5ccnnc5)c34)cc2)cc1
460	mol189	-12.15	Cc1ccc(C(=O)Nc2ccc(Oc3ccc(NC(=O)c4cccnc4)cc3)cc2)cc1
460	mol59	-12.01	Cc1ccc(C(=O)Nc2ccc(C[N@H+]3CC[N@H+](C)CC3)c(C(F)(F)F)c2)cc1Nc1nccc2cccnc12
460	mol340	-12.15	Cc1cc(Cl)c(C(=O)NCc2ccc(S(=O)(=O)c3ccccc3)cc2)cc1NC(=O)c1ccc(Nc2nccc(Nc3ccccc3)n2)cc1
460	mol283	-13.03	Cc1ncc(CO[PH](O)(O)Oc2ccc(C(=O)c3cccc(-c4ccccc4)c3)cc2)c(N)n1
460	mol249	-13.39	Cc1ccc(C(=O)Nc2cccc(C(=O)c3ccccc3C(=O)O)c2)cc1NC(=O)c1ccc(C(N)N)cc1
460	mol452	-12.14	Cc1ccccc1S(=O)(=O)Nc1ccc2cc(-c3ccc(C(=O)O)cc3)ccc2c1
460	mol482	-12.98	COc1cccc(-c2ccc(C(=O)Nc3cc4c(cc3OC)CN(C(=O)CCc3ccc(O)c(OC)c3)C4)cc2)c1
460	mol285	-12.67	Cc1ccc(C(=O)Nc2ccc(Nc3ccnc4cc(NC(=O)C5CCCC5)ccc34)cc2)cc1
460	mol429	-12.23	Cc1ccc(NC(=O)c2cccc(C(=O)NCc3ccccc3)c2)cc1Nc1nccc2ccc(N)cc12
460	mol416	-13.33	Cc1ccc(C(=O)Nc2cccc(C(=O)Nc3ccc(C)c(Nc4nccc(-c5cccnc5)n4)c3)c2)cc1
460	mol326	-12.13	Cc1ccc(NC(=O)c2cccc(Cn3cc(NC(=O)c4cnn(C)c4)cn3)c2)cc1C(=O)O
460	mol317	-12.23	Cc1cccc(Nc2cc(-c3cc4ccc(Cl)cc4oc3=O)ccc2C(=O)O)c1
460	mol213	-12.26	Nc1ncnc2c1c(Cc1cccc(NC(=O)Nc3cccc(C(F)(F)F)c3)c1)nn2C1CCCCC1
460	mol287	-13.67	Cc1ccc(C(=O)Nc2ccc(Oc3ccc(-c4nc(-c5ccccc5)n(-c5ccccc5)n4)cc3)cc2)cc1
460	mol271	-13.54	Cc1cc(-c2cccc(C(=O)Nc3ccc(Oc4ccnc(Nc5ccccc5)n4)cc3)c2)ccn1
460	mol499	-13.39	Cc1nc(Nc2ncc(C(=O)Nc3cccc(C(=O)Nc4ccc(F)c(NC(=O)c5ccccc5)c4)c3)s2)cc(N2CCOCC2)n1
460	mol234	-12.71	COc1ccc(-c2ccc(NC(=O)c3ccc4cc(C(F)(F)F)ccc4n3)cc2)cc1
460	mol145	-12.05	Cc1cc(Nc2nc(Oc3ccc4c(c3)CCC4=O)cn3ccnc23)ccc1C(=O)O
460	mol57	-13.55	Cc1ccccc1C(=O)Nc1cccc(-c2nnc(-c3c[nH]c4ccccc34)o2)c1
460	mol366	-12.24	Cc1ccc(-c2nc(COc3cccc(NC(=O)Nc4cccc(C(F)(F)F)c4)c3)cs2)cc1
460	mol190	-13.09	Cc1c(NCc2ccc(-c3cccc(C(=O)O)c3)cc2)ccc(C(=O)Nc2cc(C(F)(F)F)c(CC[NH+]3CCOCC3)cn2)c1F
460	mol44	-13.13	Cc1ccc(C(=O)Nc2ccc(C(=O)NNC(=O)c3ccc4ccccc4c3)cc2)cc1
460	mol362	-12.84	Cc1cc(Nc2nccc(Nc3ccc4c(ccn4Cc4cccc(F)c4)c3)n2)cc(N2CCCC2=O)c1
460	mol474	-12.22	CN(Cc1ccc(O)cc1)C(=O)c1ccc(Nc2ncc3c(=O)n(-c4ccc(Cl)c(C(F)(F)F)c4)c(=O)n(C)c3n2)cc1
460	mol198	-13.34	Cc1ccccc1[C@@H](NC(=O)c1cccc(Cn2cc(Cc3ccc4ccccc4n3)cn2)c1)C(=O)Nc1cccc(C(=O)O)c1
460	mol430	-13.7	Nc1cccc(-c2n[nH]c(-c3ccnc(Nc4cccc(N5Cc6ccccc6C5)c4)c3)n2)c1
460	mol139	-13.02	Cc1ccc2c(c1)[C@@H](CCNC(=O)c1ccc(C(=O)Nc3cccc(NC(=O)c4ccccc4)c3)cc1)C(=O)N2
460	mol182	-12.09	CC(=O)Nc1ccc(Nc2cc(N3CCc4cccc(C(=O)O)c4C3)ncn2)cc1
460	mol9	-12.08	Cc1cccc(Cc2cc(-c3cccc(C(=O)O)c3)nc(N)n2)c1
460	mol424	-12.37	CN(c1cc(NC(=O)Nc2ccc(Nc3ccnc4ccccc34)cc2)cc(C(C)(C)C)c1)S(C)(=O)=O
460	mol208	-13.04	Cc1cc(Nc2nccc(Nc3ccc(C(=O)Nc4ccc(C(=O)O)cc4)cc3)n2)ccc1NC(=O)c1cccc(C(=O)O)c1
460	mol388	-12.95	Cc1ccc(S(=O)(=O)Nc2ccc3cc(C(N)N)ccc3c2)cc1NC(=O)c1cccc(NC(=O)Nc2ccccc2)c1
460	mol263	-12.76	Cc1ccc(C(=O)Nc2cccc(-c3nnn[nH]3)c2)cc1Nc1ncnc2cnc(Nc3ccc(C(=O)N4CC[C@@](C)([NH3+])C4)cc3)nc12
460	mol312	-12.44	Cc1cn(-c2cc(NC(=O)c3ccc(C)c(Nc4ncnc5ccccc45)c3)cc(C(=O)O)c2)cn1
460	mol113	-12.43	Cc1cccc(CNC(=O)c2cnc3ccc(N4CCCN(C(=O)c5ccccc5)C4=O)cc3c2)c1
460	mol2	-12.3	Cc1ccc(NC(=O)Nc2ccc([C@@](C)(N)CO)cc2)cc1Nc1ncnn2cc(C(=O)NC(C)C)cc12
460	mol125	-12.82	Cc1ccc(F)cc1C(=O)Nc1cccc(Nc2nccc(Nc3cc(C4CCCCC4)cc4n[nH]cc34)n2)c1
460	mol290	-13.16	CC(=O)N[C@@H](Cc1ccc(C(F)(F)F)cc1)[C@@H](O)C[N@H+]1CCc2cc(NC(=O)c3ccc4cccnc4c3)ccc2C1
460	mol447	-12.24	Cc1ccc(CNC(=O)c2cccc(Cc3ccnc(Nc4cc(C)ccn4)c3)c2)cc1
460	mol468	-12.01	Cc1ccc(C(=O)Nc2ncc(Cc3cccc(C(=O)Nc4cc(C)cc(C)n4)c3)s2)cc1
460	mol369	-13.62	CCS(=O)(=O)c1ccc(Nc2ncc(C(=O)Nc3cccc4ccccc34)cc2NC(=O)c2ccc(O)c(NS(=O)(=O)c3ccc(F)cc3)c2)cc1
460	mol446	-12.79	CC(=O)c1ccc(NC(=O)NCc2cccc(-c3ccc(C(=O)NO)cc3)c2)cc1
460	mol42	-12.07	NC(N)c1ccc(CNC(=O)N[C@@H](CO)C(=O)N[C@H](Cc2c[nH]c3ccccc23)C(=O)NCc2ccc(C(=O)N[C@@H](BO)NCc3ccccc3)cc2)cc1
460	mol201	-12.43	Cn1cc(-c2cccc(N3CCc4nc(Nc5ccc(C(F)(F)F)cc5)ncc4C3)c2)cn1
460	mol33	-13.21	Cc1ccc(C(=O)Nc2ccc(B(O)O)c(C(=O)O)c2)cc1Nc1ccnc(Nc2ccc(C(N)N)cc2)n1
460	mol235	-12.26	Cc1ccc(C(=O)Nc2ccc(C[N@H+]3CC[N@H+](C)CC3)c(C(F)(F)F)c2)cc1Nc1ncnn2cc(-c3ccsc3)cc12
460	mol462	-12.7	NC(N)c1ccc(Oc2cccc(Oc3cccc4cc(C(=O)O)ccc34)c2)cc1
460	mol46	-12.85	Cc1cc(NC(=O)Nc2ccc(Cl)cc2)cc(NS(=O)(=O)c2ccc(OCc3ccc4ccccc4n3)cc2)c1
460	mol483	-13.03	Cc1cc(Nc2nccc(Nc3ccc4c(N)ncnc4c3)n2)ccc1NC(=O)c1cccc(C(F)(F)F)c1
460	mol436	-13.32	Cc1ccccc1-c1ccc(C(=O)Nc2cccc(-c3ccc4nnc(C)n4n3)c2)cc1
460	mol172	-13.28	CC(=O)Nc1ccc(-c2ccnc(Nc3cccc(NC(=O)c4cccc([N+](=O)[O-])c4)c3)c2)cc1
460	mol97	-12.45	Cn1c(N)cc(Nc2ccc(C(=O)NCc3ccc(-c4ccccc4)cc3)cc2)cc1=O
460	mol246	-13.99	Cc1cc(NC(=O)c2ccc(N)nc2)cc(-c2cccc(C(=O)c3ccc4nc(NC(=O)C5CC5)cn4n3)c2)c1
460	mol134	-12.34	CC(=O)NCCn1cc(NC(=O)c2n[nH]c3cc(-c4ccc(S(=O)(=O)NC(=O)Nc5ccccc5)cc4)ccc23)cn1
460	mol116	-12.81	CC(C)c1ccc(Nc2nccc(Nc3cc4c(ccc5cc(Cl)ccc54)cn3)n2)cc1
460	mol279	-12.17	Cc1ccc(C(=O)Nc2ccc(F)c(C(=O)O)c2)cc1Nc1nccc(-c2cccnc2)n1
460	mol158	-12.58	CCC(=O)Nc1cccc(COc2ccc(-c3ccc4c(c3)NC(=O)[C@@H]4CC(=O)O)cc2C)c1
470	mol225	-12.2	Cc1cccc(CNC(=O)Nc2nc3nc(Cc4ccc(Cl)cc4)ccc3c(=O)[nH]2)c1
470	mol302	-12.14	CC(=O)Nc1ccc(C(=O)c2ccc(-c3ccc(C(=O)O)cc3C(=O)O)cc2)cc1
470	mol346	-13.28	O=C(O)c1ccc(-c2ccc(C(=O)Nc3ccc4nc(NC(=O)c5ccc(F)cc5)sc4c3)cc2)cc1
470	mol298	-12.88	CCNc1cccc(-c2ccc(Nc3nccc(-c4ccc(C(=O)O)cc4)n3)cc2)c1
470	mol92	-13.58	Cc1ccc(C(=O)Nc2ccon2)cc1NC(=O)c1ccc(-c2cccc(C(=O)O)c2)cc1
470	mol320	-12.27	COc1cc(Nc2cccc(Nc3ccn4nc(C)cc4n3)c2)cc(S(=O)(=O)N[C@H]2CC=C[C@@H](C)C2)c1
470	mol186	-12.47	Cc1ccc(-c2cc3c(NC4CCN(C(=O)c5ccccc5C(F)(F)F)CC4)ncnc3[nH]2)cc1
470	mol365	-12.64	Cc1ccc(C(=O)Nc2cccc(-c3nc4ccccc4[nH]3)c2)cc1NS(=O)(=O)c1ccc(N)cc1
470	mol470	-12.11	Cn1cc(-c2cnn(Cc3ccc(NC(=O)Nc4cccc(C(F)(F)F)c4)cc3)c2)cn1
470	mol471	-12.88	Cc1ccc(C(=O)Nc2ccc(-c3ccc4c(c3)CC(=O)N4S(=O)(=O)c3ccc(Oc4ccccc4)cc3)cc2)cc1
470	mol414	-12.72	CC(C)(O)c1cccc(-c2ccc(C(=O)O)cc2NC(=O)c2ccc(F)c(NC(=O)c3ccc(C#N)cc3)c2)c1
470	mol276	-12.15	CC(=O)Nc1nc2cc(=O)cc(-c3ccc(S(=O)(=O)Nc4cccc(C(=O)O)c4)cc3)cc2s1
470	mol479	-12.3	Cc1cc(NC(=O)c2ccc(CNS(=O)(=O)c3ccc4ccccc4c3)cc2)cc(N(C)S(C)(=O)=O)c1
470	mol143	-13.53	Cc1ccc(NC(=O)c2cccc(C(=O)Nc3ccccc3N)c2)cc1Nc1nccc(-c2cccnc2)n1
470	mol94	-12.21	Cc1cc(CNc2nccc(Nc3cc(C4CCCC4)cnc3N)n2)ccc1OCc1cccc(C(=O)O)c1
470	mol61	-12.75	Cc1cc(Nc2ccc(S(=O)(=O)Nc3ccc(C(N)N)cc3)cc2)nc2ncc(-c3ccccc3)cc12
470	mol281	-12.48	CN(C(=O)c1ccc(Oc2ccccc2)cc1)c1ccc(NC(=O)Cc2cccc(Oc3ccc(NC(=O)[C@@H]4CCCCO4)cc3)c2)cc1
470	mol130	-12.04	Cc1cccc(Nc2nccc(Nc3ccc4c(ccn4Cc4ccccc4)c3)n2)c1
470	mol5	-13.11	Cc1ccc(NC(=O)c2ccc(C(=O)NCc3cccc(C(=O)O)c3)cc2)cc1Nc1nccc(-c2cccnc2)n1
470	mol29	-12.08	CCn1c(=O)c(=O)n(C)c2cc(NC(=O)c3ccc(OCc4ccc(C(=O)O)cc4)cc3)ccc21
470	mol22	-12.4	C[C@@H](NC(=O)Nc1ccc(Oc2ccnc3[nH]c(-c4cccnc4)cc23)cc1)c1ccccc1
470	mol28	-12.48	CCc1ccc(Nc2ncc(C(=O)Nc3ccc4cc(C(N)=O)ccc4c3)cn2)cc1
470	mol91	-13.31	Cc1ccc(NC(=O)Nc2cccc(-c3nnn[nH]3)c2)cc1Nc1nccc(-c2cccnc2)n1
470	mol13	-12.12	Cc1cc(Nc2ccc(C(=O)c3ccc(C(=O)O)cc3)cc2)c2cccc(C(=O)O)c2n1
470	mol410	-12.28	CC(=O)Nc1nc2ccc(-c3nc(N)cc(NCc4cccc(OC(F)(F)F)c4)n3)cc2c(=O)[nH]1
470	mol458	-12.83	Cc1cccc(Nc2cc(Cl)cc(C(=O)Nc3ccc(Nc4nccc(Nc5ccccc5)n4)cc3)c2)c1
470	mol157	-12.07	CCCCc1ccc(-c2ccc(C(=O)Nc3ccc4c(c3)C[C@@H](C)N4C(=O)/C=C\c3ccc(O)cc3)cc2)cc1
470	mol228	-12.77	CN(C)C(=O)c1ccc(-c2c[nH]c3cc(NCc4ccc(Cl)c(Cl)c4)ccc23)cc1
470	mol493	-12.97	COc1ccc(NC(=O)Oc2ccc(-c3cnc(N)c(C(=O)NCC(=O)Nc4ccc(C(=O)O)cc4)c3)cc2)cc1
470	mol287	-12.52	CN(c1ccc(C(=O)NO)cc1)S(=O)(=O)c1cccc(-c2nnc3ccc(Nc4ccccc4)nn23)c1
470	mol491	-12.09	Cc1ccc(NC(=O)Nc2cccc(Nc3ncnc4ccc(N(C)C)cc34)c2)cc1Nc1ncccn1
470	mol480	-12.13	CC(=O)Nc1ccc(C(=O)Nc2cccc(Nc3ncnc4ccccc34)c2)cc1
470	mol56	-12.33	CCN(C)C(=O)c1ccc(Nc2nccc(Nc3cccc4ccccc34)n2)cc1
470	mol275	-12.36	CC(=O)N(Cc1ccc(NC(=O)c2ccc(C(=O)NC(C)(C)c3ccccc3)cc2)cc1)c1ccc(C(=O)c2ccccc2)cc1
470	mol245	-12.37	Cc1ccc(-c2cc(NC(=O)c3cc4ccccc4o3)c(NC(=O)c3ccc4cccnc4c3)cc2C(=O)O)cc1
470	mol212	-12.48	COc1ccc(Oc2cccc(Nc3cc(C(=O)Nc4cccc(C(=O)O)c4)nc4ccccc34)c2)cc1
470	mol145	-12.24	CC(C)(C)c1ccc(-c2ccc(C(=O)Nc3ccc4ccccc4c3)cc2C(=O)O)cc1
470	mol444	-12.63	Cc1ccccc1-c1cccc(C(=O)Nc2ncc(Cc3ccc(C(F)(F)F)cc3)s2)c1
470	mol314	-12.53	Cc1cc(Nc2cc(Oc3ccccc3)nn2C(=O)c2cccc(=O)[nH]2)ccc1OCCCCOc1ccc(/C=C\c2ccc(F)c(N)c2)cc1
470	mol191	-12.46	Cc1ccc(NC(=O)c2cccc(C(F)(F)F)c2)cc1Nc1nccc(-c2cccnc2)n1
470	mol420	-12.45	CC(=O)Nc1cccc(-c2cc(Nc3ccnc4cc(Cl)ccc34)ncn2)c1
470	mol142	-12.06	Cc1ccc(-c2ncc(C(=O)NCc3cccc(C(=O)Nc4ccc(C(=O)O)cc4)c3)c(Nc3ccc(C(N)N)cc3)n2)cc1
470	mol371	-13.17	Cc1ccc(NC(=O)c2ccc(C(=O)Nc3ccccc3C(=O)O)cc2)cc1Nc1ccc(C(=O)O)cc1
470	mol230	-12.23	NC(=O)c1ccc(Nc2nccc(-c3ccnc(Nc4ccc(C(=O)NC5CC5)cc4)c3)n2)cc1
470	mol468	-12.88	Cn1c(C(=O)Nc2cccc(C(=O)c3ccccc3)c2)cc2cnc(Nc3cccc(C(=O)NCC(=O)O)c3)nc21
470	mol406	-12.39	Cc1cccc(-c2nc(Nc3cccc(C(=O)Nc4cccc(C(=O)O)c4)c3)c3nc[nH]c3n2)c1
470	mol31	-12.52	CC(=O)Nc1ccc(Nc2nccc(-c3c[nH]c4ccccc34)n2)cc1
470	mol47	-12.22	Cc1ccc([C@H](C)Nc2nccc(Nc3ccc4c(C#N)cccc4c3)n2)cc1
470	mol392	-12.06	Cc1c(Nc2ccc(C(=O)N(C)C)cc2)cccc1-c1nc2nc(N)nc(OCC(C)(C)O)c2s1
470	mol221	-13.08	Oc1cccc(-c2ccc(Nc3nccc(Nc4cccc(N5CCOCC5)c4)n3)cc2Cl)c1
470	mol235	-12.98	Cc1ccc(Nc2nccc(Nc3ccc4c(c3)C/C(=C\NC(=O)c3ccccc3)[C@@H]4C(=O)O)n2)cc1
470	mol368	-12.35	C[C@H](Oc1cccc(-c2cc(-c3ccc(Cl)cc3)ncn2)c1)C(=O)N(C)c1cccc(Cl)c1
470	mol46	-12.36	C[C@@H](NC(=O)c1cc(Nc2ccnc3cc(Cl)ccc23)cc(C(=O)O)c1)c1cccc(OCc2cccc(Cl)c2)c1
470	mol436	-12.15	Cc1ccc(Nc2nccc(Nc3cccc4ccccc34)n2)cc1
470	mol484	-12.16	CC(C)CC(=O)Nc1cccc(Nc2nccc(-c3cc(CNc4ccc(C(=O)O)cn4)ccc3C(F)(F)F)n2)c1
470	mol74	-12.52	CNC(=O)c1ccc(Nc2nccc(-c3c[nH]c4ccccc34)n2)cc1
470	mol463	-12.44	Cc1ccc(/C=N/NC(=O)c2ccc(N)o2)cc1Nc1ccnc2cc(Nc3ccncc3)ccc12
470	mol87	-12.56	Cc1ccc(NS(=O)(=O)c2ccc(NC(=O)c3ccc4cccc(C(=O)O)c4n3)cc2)cc1NC(=O)c1ccccc1Cl
470	mol315	-12.49	Cc1cccc(Nc2cccc(CCCc3ccc4cc(C(=O)O)ccc4n3)c2)c1
470	mol82	-12.14	Cc1ccc(C(=O)Nc2ccc(C[N@H+]3CC[N@H+](C)CC3)c(C(F)(F)F)c2)cc1Nc1ncnn2cc(C(=O)NC(C)(C)C)cc12
470	mol364	-13.05	Cc1ccc(CC(=O)Nc2cccc(C(=O)Nc3ccc(C)c(Nc4ncccc4-c4ccncn4)c3)c2)cc1
470	mol127	-12.89	CC(=O)Nc1ccc(S(=O)(=O)Nc2cccc(-c3nc(Nc4cccc(C(=O)O)c4)c4ccccc4n3)c2)cc1
470	mol305	-12.14	Cc1ccc(Nc2nccc(-c3cccnc3)n2)cc1Nc1ccn2ncc(-c3cccc(C(=O)NCC(F)(F)F)c3)c2n1
470	mol43	-12.62	NC(=O)c1ccc(-c2ccc(-c3cncc(C(=O)Nc4ccc(-c5cnc(N)nc5N)cc4)c3)cc2)cc1
480	mol302	-12.62	C[C@H](CNc1ccc(Nc2ccnc3cc(C(N)N)ccc23)cc1)NC(=O)[C@H]1CC[C@@H](N2CC[C@H](Cc3ccccc3)CC2=O)CC1
480	mol165	-12.56	Cc1cccc(Nc2nccc(Nc3ccc(Nc4ccnc5ccccc45)cc3)n2)c1
480	mol324	-12.43	Cc1cc(C(=O)Nc2cccc(C(F)(F)F)c2)ccc1Nc1nccc(-c2cccnc2)n1
480	mol425	-13.96	Cc1ccc(NC(=O)c2cccc(C(=O)O)c2)cc1NC(=O)c1cncc(-c2ncc(Cc3ccccc3)s2)c1
480	mol352	-12.03	CC(=O)Nc1ccc(-c2ccc(C(=O)N[C@H](CO)Cc3ccc(O)cc3)cc2)cc1
480	mol423	-12.79	Cc1ccc(C(=O)Nc2ccc(C(=O)Nc3cccc(C(=O)O)c3)cc2)cc1OCc1cccc(Cl)c1
480	mol51	-12.2	CC(=O)N1CCN(C(=O)c2ccc(C[N@@+]3(C)CCN(C(=O)c4ccccc4)C(=O)C3)cc2)CC1
480	mol106	-12.51	O=C(O)c1cccc(Nc2cc(-c3cc(=O)c4ccccc4o3)ccc2O)c1
480	mol365	-12.45	Cc1cccc(-c2ccc(C(=O)Nc3ccc(C(=O)NC(C)(C)C)c(Cl)c3)cc2)c1
480	mol470	-12.15	Cc1cc(CNC(=O)c2ccc3c(c2)CCC(=O)N3C)cc(C(=O)N[C@H](CC(=O)O)C(=O)NCc2ccccc2)c1
480	mol380	-13.46	Cc1ccc(NC(=O)c2cccc(C(N)=O)c2)cc1Nc1ncnn2cc(-c3ccc4c(c3)OCO4)cc12
480	mol296	-13.45	CNC(=O)Nc1ccc(Oc2ccc(NC(=O)Nc3ccc(Oc4ccnc(NC(=O)Cc5ccccc5)n4)c(OC)c3)cc2)cc1
480	mol130	-12.02	Cc1ccc(NC(=O)c2cccc(C(=O)NCc3ccccc3)c2)cc1Nc1ncccc1-c1ccncn1
480	mol267	-12.49	CC(=O)Nc1ncc(C(=O)Nc2ccc(C(=O)Nc3ccc(Oc4ccncc4)cc3)cc2C(=O)O)cc1F
480	mol387	-12.62	Cc1ccc(Oc2ccc(N)cc2)cc1NC(=O)c1ccc(Nc2ccnc3cc(Cl)ccc23)cc1
480	mol337	-12.09	CC(=O)Nc1ccc(-c2ccc(C(=O)Nc3cc4c([nH]3)CCC4)cc2)cc1
480	mol111	-12.25	CC(=O)Nc1cccc(-c2cccc(-c3nc4ccccc4[nH]3)c2)c1
480	mol62	-12.54	NC(N)c1cccc(NC(=O)Nc2ccc(Nc3nccc(Cc4c[nH]c5ccccc45)n3)cc2)c1
480	mol159	-12.24	Cc1ccc(C(=O)Nc2ccc(C[N@H+]3CC[N@H+](C)CC3)c(C(F)(F)F)c2)cc1Nc1ncnn2cc(C(=O)NC(C)(C)C)cc12
480	mol340	-12.49	C/C(=N\Nc1nc(-c2ccc(Cl)cc2)cs1)c1ccc2ccccc2c1
480	mol5	-13.81	CNC(=O)c1cccc(NC(=O)c2cn3ncnc(Nc4cc(C(=O)Nc5ccc(C[NH+]6CCOCC6)cc5)ccc4C)c3c2N)c1
480	mol49	-12.18	Cc1ccc(CC(=O)Nc2cccc(Oc3ccc4nc(NC(=O)C5CC5)cnc4c3)c2)cc1
480	mol297	-12.33	Nc1cccc(C(=O)O)c1NC(=O)c1cccc(-c2ccc(C(=O)O)cc2)c1
480	mol250	-12.78	Cc1c(Nc2cccc(C(=O)O)c2)ccc2ncc(Nc3ccc4cc[nH]c4c3)cc12
480	mol253	-12.49	Cc1ccc(C(=O)Nc2ccc(C[N@H+]3CC[N@H+](C)CC3)cc2)cc1Nc1nccc(-c2cccnc2)n1
480	mol91	-12.72	Cc1cccc(Cc2cc(C3=NS(=O)(=O)c4cc(C(N)N)ccc4N3)ccc2O)c1
480	mol404	-12.42	Cc1ccc(-c2nc(C(=O)Nc3cccc(CC(=O)N4CCCc5ccccc54)c3)cc(C(F)(F)F)n2)cc1
480	mol452	-12.48	Cc1ccc(Nc2ncnc(-c3cccc(C(=O)Nc4ccccc4)c3)n2)cc1N
480	mol285	-12.19	Cc1c(Cc2ccc(C(=O)N[C@@H](CC(=O)O)C(=O)O)cc2)oc2ccc(S(=O)(=O)Nc3ccc(Cl)c(Cl)c3)cc12
480	mol152	-12.68	COc1cc(Nc2cccc(O)c2)ccc1Nc1ncc(F)c(Nc2cccc(C(=O)NCc3ccccc3)c2)n1
480	mol307	-12.71	CN(c1ccc(-c2ccc(C(=O)Nc3ccc4c(c3)CCC4)cc2)cc1)S(=O)(=O)c1ccc(C(=O)O)cc1
480	mol282	-12.56	Cc1ccc(-c2ncc(C(=O)Nc3ccc(-c4ccc(C(=O)O)cc4)cc3)o2)cc1
480	mol215	-12.33	CC(=O)Nc1ccc(CNC(=O)Nc2ccc(Nc3nccc(Nc4ccnc(N)n4)n3)cc2)cc1
480	mol398	-12.62	Cc1cc(Nc2nccc(-c3cccnc3)n2)cc(N2Cc3ccccc3C2=O)c1
480	mol213	-12.78	Cc1cccc(-n2nc(C(=O)Nc3cccc(NS(=O)(=O)c4cccc(F)c4)c3)c3c4cccc(C(=O)O)c4n(C)c3c2=O)c1
480	mol54	-12.34	NS(=O)(=O)c1ccc(NC(=O)c2cccc(Nc3ncnc4cccc(F)c34)c2)cc1
480	mol329	-13.09	Cc1nc(Nc2ncc(-c3cccc(C(=O)Nc4ccccc4S(N)(=O)=O)c3)s2)cc(N2CC[NH+](C)CC2)n1
480	mol32	-13.04	Nc1ccc(C(=O)Nc2cccnc2)cc1NC(=O)c1ccc(-c2ccc(F)cc2)cc1
480	mol218	-12.04	Cc1cccc(-n2nc(C(=O)NCC(=O)N3CCN(c4ccccc4)CC3)cc2NC(=O)Nc2ccc(Cc3nnc(N)[nH]3)cc2)c1
480	mol353	-13.26	[H]/N=C\[C@H]1CCCN(c2cc(F)cc(C(=O)Nc3cc(/N=N/c4cc(C(=O)O)ccc4N)ccc3C)c2)C1=O
480	mol95	-12.34	Cc1ccc(C(=O)Nc2ccc(C(=O)Nc3cccc(C(=O)O)c3)cc2C(=O)O)cc1
480	mol314	-12.1	Cc1cnc(-c2ccc(CNc3ccc(C(N)N)cc3)nc2)cc1Nc1ncccc1-c1ccnc(Nc2cccc(NC3CCCCC3)n2)n1
480	mol440	-12.87	CC(C)(C)c1cc(NC(=O)Nc2cccc(-c3nnc4ccccn34)c2)cc(N2CC[NH+](CC(=O)Nc3cccc(F)c3)CC2)c1
480	mol135	-12.06	Cc1ccc(C(=O)Nc2ccc(Nc3ccnc4cc(Cl)ccc34)cc2)cc1
480	mol424	-12.86	Cc1ccc(C(=O)Nc2ccc(NC(=O)c3ccc(C(=O)O)cc3)cc2)cc1NC(=O)c1ccc(C(=O)O)cc1
480	mol441	-12.8	CCC(=O)Nc1cccc(NC(=O)Cc2cccc(Nc3ncnc4ccc(NC(=O)CCc5ccccc5)cc34)c2)c1
480	mol376	-12.85	Nc1ccc(C(=O)Nc2cccc(-c3cn4ccnc4c(Nc4cccc(C(F)(F)F)c4)n3)c2)cc1
480	mol120	-12.2	Cc1ccc(C(=O)Nc2ccc(Oc3ccc4nc(NC(=O)C5CCCCC5)sc4c3)cc2)cc1
480	mol184	-12.26	CN(Cc1cnc(-c2ccc(C(=O)Nc3ccc(N4CCN(C(=O)Cc5ccccc5)CC4)cc3)cc2)s1)C(=O)c1ccc(Oc2ccccc2)cc1
480	mol451	-12.12	Cc1ccc(C(=O)Nc2ccc(S(=O)(=O)Nc3ccc(CCNC(=O)c4cccc(C(F)(F)F)c4)cc3)cc2)cc1
480	mol395	-12.35	Cc1ccc(C(=O)Nc2ccc(C(F)(F)F)cc2)cc1Nc1ncnn2cc(-c3ccccc3)cc12
480	mol420	-12.04	CN(C)S(=O)(=O)c1ccc(-c2ncc(Cl)c(Nc3ccc(C(=O)N4CCC(C(=O)O)CC4)cc3)n2)cc1
480	mol485	-12.25	NC(=O)c1ccc(Nc2nccc(-c3cnc4ccccc4c3)n2)cc1
480	mol299	-12.58	Cc1cccc(-c2nc(Nc3cccc(C(=O)NCc4ccccc4)c3)c3ccccc3n2)c1
480	mol230	-12.66	CCNc1cc(C(=O)Nc2ccc(-c3ccccn3)cc2C(=O)O)cc(-c2cccc(C(=O)O)c2)c1
480	mol468	-12.36	Cc1ccc(Cl)cc1-c1cc(NC(=O)c2ccc(C(=O)Nc3ccc(C(=O)O)cn3)cc2)ccc1C(=O)NO
480	mol446	-12.32	Cc1ccc(C(=O)Nc2ccc(CNC(N)N)cc2)cc1Nc1ncnc2ccccc12
480	mol358	-12.2	CC(C)c1ccc(Nc2ncnc(-c3ccc(C(=O)Nc4cccc(C(=O)O)c4)cc3)n2)cc1
480	mol181	-12.24	CNC(=O)c1cccc(Nc2nccc(-c3c[nH]c4ccccc34)n2)c1
480	mol214	-13.13	Cc1cccc(C(=O)Nc2ccc(F)c([C@@]3(C)CC(=O)N(c4ccc(C#N)cc4)C3=O)c2)c1
480	mol137	-12.25	C[C@@H](COc1cccc(-c2nnn[nH]2)c1)[C@H]1CC[C@@H](C(=O)Nc2cc(F)ccc2Oc2cc(F)c(F)cc2F)CC1
480	mol183	-12.1	Cc1ccc(-c2ccc(C(=O)Nc3cccc(C(=O)N(C)C)c3)cc2)cc1
480	mol134	-12.68	Cn1c(Nc2ccc(C(=O)Nc3ccncc3)cc2)nc(-c2ccnc(Nc3ccnc(N)n3)c2)cc1=O
480	mol460	-12.17	CC[C@H](c1cccc(O)c1)[N@@H+](C)c1ccc(C(=O)Nc2ccc(NC(=O)Cc3ccc(CCNC(=O)Cc4ccccc4)cc3)cc2)cc1
480	mol41	-12.14	Cc1cc(OCc2ccc(C(=O)Nc3ccc(-c4sc5c(c4C(=O)O)CCCC5)cc3)cc2)cc(C(C)(C)C)c1O
480	mol176	-12.28	Cc1cccc(-n2nc(C(=O)Nc3ccc4nc(O[C@H](C)c5ccccc5)sc4c3)c3ccccc3c2=O)c1
490	mol422	-12.6	CNC(=O)c1ccc(Oc2cccc(-c3cc4cc(Cl)ccc4o3)c2)cc1
490	mol210	-12.28	Cc1cccc(Nc2cc(-c3cccc(C(=O)Nc4nccs4)c3)ncn2)c1
490	mol10	-12.71	COC(=O)Nc1ccc(F)c(C(=O)Nc2ccc(-c3cc4ccc(C(=O)O)cc4[nH]3)cc2)c1
490	mol273	-12.2	Cc1ccc(-c2nccc3ccc(C(=O)Nc4ncc(C(=O)Nc5ccccc5)s4)cc23)cc1
490	mol156	-12.45	CC(=O)Nc1cccc(-c2nnc3ccc(-c4ccc(C(=O)Nc5cccc(C(F)(F)F)c5)cc4)nn23)c1
490	mol84	-12.37	Cc1cc(NC(=O)c2cncc(C(=O)NCc3ccc(C(N)N)cc3)c2)cc(C(F)(F)F)c1
490	mol108	-12.62	Cc1ccc(C(=O)Nc2cccc(Oc3ccc4ccccc4n3)c2)cc1
490	mol193	-12.05	CCc1ccc(NC(=O)c2cccc(C(=O)Nc3nc4ccc(C)cc4s3)c2)cc1Nc1ncccn1
490	mol347	-12.92	Cc1c(C[NH+]2CCN(c3ccc(C(=O)NC(=O)c4ccccc4)cc3)CC2)cccc1Nc1ccccc1C(=O)O
490	mol320	-12.78	Cc1ccc(Nc2ncc(-c3ccccc3)s2)cc1NC(=O)c1cnn(-c2nccc3ccccc23)c1
490	mol35	-12.81	Cc1ccc(C(=O)Nc2cc(C(=O)O)ccc2N)cc1Nc1nccc(-c2cccnc2)n1
490	mol306	-12.3	Cc1ccc(C(=O)Nc2ccc(C(=O)Nc3cccc(C(=O)O)c3)cc2C(=O)O)cc1
490	mol255	-13.71	Cc1ccc(NC(=O)c2cccc(-c3ccccc3C(=O)O)c2)cc1Nc1nccc(-c2cccnc2)n1
490	mol21	-12.22	CCc1nc(N)nc(N)c1-c1ccc(NCCNc2ccnc3cc(C(=O)N(C)C)ccc23)cc1
490	mol467	-12.18	CC(C)c1cc(Oc2c(Cl)cc(NC(=O)Cc3ccc(C(=O)O)cc3)cc2C(=O)O)ccc1F
490	mol374	-12.04	Cc1cccc(-c2nnc(-c3cccc(C(=O)Nc4cccc(S(N)(=O)=O)c4)c3)n2CC(=O)O)c1
490	mol237	-12.11	C=CC(=O)Nc1cccc(Nc2nccc(Nc3ccc(C(=O)Nc4cccc(C(=O)O)c4)cc3)n2)c1
490	mol187	-12.13	CCc1cccc(Cc2ccc3cc(-c4cnc(N)c(Br)c4)ccc3c2)c1
490	mol53	-12.97	Cc1cc(N)c2cc(NC(=O)c3ccc(C(=O)Nc4ccccc4C(=O)O)cc3)ccc2n1
490	mol20	-12.63	CN(c1ccc(C(=O)NO)cc1)S(=O)(=O)c1ccc(Nc2ccnc3ccccc23)cc1
490	mol337	-12.04	O=C(CC(=O)Nc1nc(CC(=O)Nc2ccc(C[NH2+]C(=O)c3cccc(C(F)(F)F)c3)cc2)c(-c2ccc(Cl)cc2)[nH]1)Nc1cccc(O)c1
490	mol327	-12.02	Cc1cccc(Nc2nccc(Nc3ccc4[nH]c(=O)ccc4c3)n2)c1
490	mol59	-12.04	Cc1ccc(C(=O)Nc2ccc(S(=O)(=O)Nc3ncccn3)cc2)cc1Nc1ncnc2ccccc12
490	mol197	-12.11	Cc1cc(OC(F)F)c(NC(=O)c2cccc(C(=O)Nc3ccc(C(N)N)cc3)c2)cc1Nc1ccnc2ccc(C#N)cc12
490	mol196	-12.11	Cc1ccc(Nc2ncnc(Nc3cccc4ccccc34)n2)cc1
490	mol70	-12.05	CCN(C(=O)c1ccc([C@@H](C)Nc2nccc(-c3cc4ccccc4[nH]3)n2)cc1)[C@H]1CCS(=O)(=O)C1
490	mol421	-12.5	Cc1cccc(C(=O)Nc2ccc(-c3c[nH]c4ncc(-c5ccc(S(=O)(=O)N(C)C)cc5)cc34)cc2)c1
490	mol194	-12.53	Cc1ccc(C(=O)Nc2ccc(Oc3ccc(C(=O)NC(C)C)cc3)cc2)cc1Nc1nccc2ccccc12
490	mol19	-13.11	Cc1ccccc1-c1ccc(NC(=O)Nc2cccc(C(=O)c3n[nH]c4ccccc34)c2)cc1
490	mol253	-12.72	Cc1ccc(NC(=O)c2cccc(Nc3ncc4ccc(=O)n(C)c4n3)c2)cc1C(F)(F)F
490	mol91	-12.65	Cc1cccc(-c2nc(O)c(C(=O)Nc3ccc(C(=O)N[C@@H](C)c4ccccc4)cc3)s2)c1
490	mol88	-12.37	CC(=O)Nc1cncc(-c2ccc(C(=O)Nc3ccc(Oc4ccncc4)cc3)cc2)c1
490	mol426	-12.14	CNC(=O)c1ccc(Oc2ccc(NC(=O)Nc3ccc(/C(C)=N/OC)cc3)cc2C(=O)O)cc1
490	mol450	-12.48	Cc1ccc(NC(=O)c2ccc(C[N@H+]3CC[C@H](C)CC3)cc2)cc1Nc1nccc(-c2cccnc2)n1
490	mol8	-12.36	Cc1ccc(CNC(=O)c2ccccc2CNC(=O)c2ccc(C(=O)NC(=O)NCc3ccccc3)cc2)cc1
490	mol78	-12.05	CC(=O)Nc1ccc(Nc2ncc3cc(NC(=O)c4ccccc4)ccc3n2)cc1
490	mol373	-12.42	CN(C)c1ccc(-c2cccc(Nc3ccnc4cc(Cl)ccc34)c2)cc1
490	mol326	-12.07	Cc1ccc(NC(=O)c2ccc(C(=O)Nc3ccccc3N)cc2)cc1Nc1ncccn1
490	mol330	-12.44	Cc1ccc(CNC(=O)c2cccc(Cc3ccc(C(=O)Nc4ccc(B(O)O)cc4)cc3)c2)cc1
490	mol448	-13.02	CNC(=O)Nc1cccc(-c2cccc(Nc3nccc(-c4cccnc4)n3)c2)c1
490	mol491	-12.27	CC(=O)Nc1ccc(Nc2cc3cc(Nc4ccccc4S(=O)(=O)c4ccccc4)ccc3nc2O)cc1
490	mol144	-12.86	C[C@H](Cc1ccc(C(=O)c2ccccc2NC(=O)c2ccc(O)c(N)c2)cc1)NC(=O)[C@H]([NH3+])Cc1cc(F)c(F)cc1F
490	mol275	-13.37	Cc1ccc2c(c1)/C(=C/Cc1ccc(NC(=O)c3cc4ccccc4o3)cc1)[C@]1(C)CCCC(=O)[C@@]1(C)C2=O
490	mol234	-12.75	Cc1ccc(C(=O)Nc2cccc(Oc3ccc4ccccc4c3)c2)cc1C#N
490	mol403	-12.77	Cc1cc(Nc2nccc(Nc3ccc(C(=O)NCCO)cc3)n2)cc2ccccc12
490	mol140	-12.45	Cc1cccc(-n2nc(-c3ccc4ccccc4c3)cc2NC(=O)Nc2ccc(Oc3ccnc4[nH]cc(C#N)c34)cc2)c1
490	mol164	-12.91	CC#CCn1c(CNC(=O)c2cnc3ccccn3c2=O)ccc(N2CCC(C(=O)NCc3ccc(Cl)cc3)CC2)c1=O
490	mol190	-12.6	O=C1CCCN1c1cccc(Nc2nccc(Nc3cccc4ccccc34)n2)c1
490	mol259	-12.65	Cc1ccc(C(=O)Nc2cccc(C(=O)NCc3ccccc3)c2)cc1NC(=O)c1ccccc1F
490	mol129	-13.34	CCN1c2cc(-c3nc4ccccc4[nH]3)ccc2NC(=O)c2cnc(Nc3cccc(CCn4ncc(-c5ccncn5)n4)c3)nc21
490	mol44	-12.81	Cc1ccc(C(=O)Nc2ccc(C[N@H+]3CC[N@H+](C)CC3)c(C(F)(F)F)c2)cc1Nc1ncnc2cnc(Nc3ccc(N4CCOCC4=O)cc3)nc12
490	mol494	-12.2	Cc1ccnc(-c2ccc(Oc3cnc(N4CCC[C@@H](n5cc(C)c(=O)[nH]c5=O)C4)nc3N)cc2)c1
490	mol198	-12.2	Cc1ccc(Nc2cc(-c3ccc4ncccc4c3)cnc2N)cc1
490	mol174	-12.02	Cc1cccc(Nc2cnc(-c3ccc(C(=O)NCc4cccc(C(=O)O)c4)cc3)cn2)c1
490	mol139	-12.07	COc1ccc(Oc2cc(N)c(NC(=O)Nc3ccc(Cl)c(C(F)(F)F)c3)cc2C(=O)O)cc1
490	mol135	-13.43	Cc1ccc(C(=O)Nc2ccc(Oc3ccc(-c4nc(=O)c5ccccc5[nH]4)cc3)cc2)cc1
490	mol93	-12.04	CCCC(=O)Nc1cccc(Oc2nc(Nc3ccnc(NC(=O)c4cccc(C(=O)O)c4)c3)cc(N[C@H]3CC[C@H](O)CC3)n2)c1
490	mol376	-12.18	CCC(=O)Nc1ccc(C(=O)Nc2cccc(-c3ccc(NC(=O)c4ccc(Cl)cc4)cc3)c2)cc1
490	mol312	-12.14	Cc1ccc(Nc2nccc(-c3cccnc3)n2)cc1NC(=O)c1ccccc1OCc1ccccc1
490	mol184	-12.26	Cc1ccc(C(=O)Nc2ccc(CNS(=O)(=O)c3cc(Cl)ccc3-c3nc4nc(N)ccc4[nH]3)cc2)cc1
490	mol2	-12.14	Cc1ccc(Nc2ncnc(-c3ccccc3C(F)(F)F)n2)cc1Cl
490	mol262	-13.1	CNC(=O)n1ccc2cc(Oc3cccc(NC(=O)Nc4ccc(F)c(F)c4)c3)c(N)cc21
490	mol154	-13.15	Cc1ccc(NC(=O)c2cccc(C(=O)NCc3cccnc3)c2)cc1Nc1ncnc2ccccc12
490	mol48	-12.89	Cc1ccc(C(=O)Nc2nnc(-c3ccc4ccccc4c3)o2)cc1F
490	mol356	-13.77	Nc1ncc(-c2cnc(C(=O)NCc3ccccc3)cc2C2CC2)cc1Nc1nccc(-c2cccnc2)n1
490	mol170	-12.37	CC(=O)Nc1ccc(NC(=O)c2cccc(Nc3nccc(Nc4cccc(C(=O)O)c4)n3)c2)cc1
490	mol455	-12.34	Cc1ccc(C(=O)Nc2ccc(C(=O)c3ccccc3)cc2)cc1Nc1ncnc2ccccc12
490	mol235	-12.19	CC(=O)Nc1cccc(-c2ccc(Oc3ccc(Oc4ccncc4)cc3)cc2C(=O)O)c1
490	mol103	-12.31	CN(c1ccc(-c2ccc(C(=O)NS(=O)(=O)c3ccccc3)cc2)cc1)S(=O)(=O)c1ccc(N)cc1
490	mol484	-12.52	Cc1cccc(C(=O)Nc2ccc(-c3c[nH]c4ncc(-c5ccccc5)nc34)cc2)c1
490	mol375	-12.8	Cc1ccc(C(=O)Nc2cccc(C(=O)NCc3ccccc3)c2)cc1NC(=O)c1cccc(O)c1O
490	mol248	-12.02	Cc1ccc(CNc2cc(C#N)cc(C(F)(F)F)c2)cc1Nc1nccc(-c2cccnc2)n1
490	mol460	-12.25	COc1ccc(Nc2ncc(Nc3cccc(C(=O)Nc4cccc(C(=O)O)c4)c3)c(N)n2)cc1
490	mol305	-12.58	Cc1cccc(-c2ncc(-c3ccc(C(=O)Nc4ccc(Oc5ccccc5)cc4)cc3)s2)c1
490	mol497	-12.43	Cc1ccc(NC(=O)c2cccc(Nc3ncnc4cc(N(C)C)ccc34)c2)cc1-n1cncn1
500	mol422	-12.68	Cc1nc(N)nc(N)c1-c1ccc(NC(=O)c2ccc(C(=O)Nc3ccccc3)cc2)cc1
500	mol99	-12.03	Cc1ccc(Nc2ccc(C(=O)NO)cn2)cc1Nc1nccc(-c2cccnc2)n1
500	mol481	-12.27	Nc1ncc(-c2cccc(C(=O)Nc3cccc(C(=O)O)c3)c2)c(C(F)(F)F)n1
500	mol6	-13.0	Cc1ccc(C(=O)Nc2ccc(Oc3ccc(-c4nc5ccccc5[nH]4)cc3)cc2)cc1
500	mol425	-12.87	Cc1nc2ccc(NC(=O)Nc3ccc(C(=O)O)c(O)c3)cc2nc1-c1ccc(OCc2ccccc2)cc1
500	mol487	-12.67	CC(=O)Nc1cccc(-c2ncc(-c3ccc(-c4ccnc(Nc5ccccc5)n4)cc3)s2)c1
500	mol384	-12.85	CC(C)c1ccc(-c2ccc(Nc3nccc(-c4ccccc4)n3)cc2)cc1
500	mol477	-12.63	Cc1ccc2cc(Nc3ccc(C)c(NC(=O)c4cccc(C(F)(F)F)c4)c3)c(O)nc2c1
500	mol459	-12.04	NC(N)c1ccc(O)c(Nc2nccc(Nc3ccc(C(=O)NCc4ccccc4)cc3)n2)c1
500	mol408	-12.71	Cc1cc(C(=O)Nc2ccc(NC(=O)c3ccccc3)cc2)ccc1CCCC1=C2C(=CC(OCC(=O)O)=C2Cl)CCCC1
500	mol192	-12.2	Nc1ccc(-c2ccc(C(=O)NO)cc2O)cc1NC(=O)c1ccc(CNS(=O)(=O)c2ccccc2)cc1
500	mol414	-12.3	CC(=O)Nc1cccc(-c2ccc(NC(=O)c3ccc(C(=O)O)cc3C(=O)O)s2)c1
500	mol149	-13.31	Nc1cc(-c2cccc(F)c2)cn(-c2ccc(-c3ccc4ccccc4c3)cc2)c1=O
500	mol7	-12.18	CC(=O)Nc1ccc(Oc2ccc(S(=O)(=O)Nc3ccc(Nc4nccc(-c5ccccc5)n4)cc3)cc2)cc1
500	mol467	-12.08	Cc1ccc(C(=O)Nc2ccc(C[N@H+]3CC[N@@H+](C)CC3)c(C(F)(F)F)c2)cc1NC(=O)c1cnc(-c2ccccc2)s1
500	mol163	-12.36	CNC(=O)Nc1ccc(Nc2ncc(C(F)(F)F)c(Nc3ccc4ccccc4c3)n2)cc1
500	mol94	-12.45	FC(F)(F)c1cccc(-c2nc(COc3ccc(Nc4ncnc5ccccc45)cc3)c(-c3ccccc3)o2)c1
500	mol385	-12.68	Cc1ccc(C(=O)Nc2ccc(Nc3ccnc4cc(OCc5ccc(Cl)cc5)ccc34)cc2)cc1
500	mol349	-12.94	Cc1cnc(-c2cccc(Nc3nccc(-c4ccc5ncccc5c4)n3)c2)o1
500	mol313	-13.44	Cc1cc(-c2cccc(-c3ccnc(Nc4cccc(C(F)(F)F)c4)c3)c2)ccn1
500	mol335	-12.05	Cc1cncc(-c2cccc(NCCNc3ccnc4cc(C(N)N)ccc34)c2)c1
500	mol387	-12.54	Cc1cccc2c(=O)[nH]c(CCc3ccc(C[C@@H](C(=O)O)N4C(=O)c5ccccc5C4=O)cc3)nc12
500	mol169	-12.84	Cc1ccc(C(=O)Nc2ccc(Oc3ncnc4ccccc34)cc2)cc1C
500	mol240	-12.77	Cc1ccc(NC(=O)Nc2ccc(Oc3ccnc4[nH]ccc34)cc2)cc1-c1ccccc1
500	mol445	-13.76	Cc1cc(-c2cccc(C(=O)O)c2)ccc1Nc1nccc(Cc2n[nH]c3ccccc23)n1
500	mol449	-12.94	Cc1ccc(-c2nc(N)cc(Nc3cccc(C(=O)Nc4ccc(Cl)cc4)c3)n2)cc1
500	mol102	-12.76	CC(=O)Nc1cccc(-c2ccc(Nc3cc(=O)c4ccccc4[nH]3)cc2)c1
500	mol318	-14.07	Cc1cc(Oc2ccc(Nc3nc4ccccc4[nH]3)cc2)ccc1NC(=O)c1ccc(C2CCCCC2)cc1
500	mol357	-12.94	OB(O)c1ccc(Cc2cc(Oc3cccc4ccccc34)ccc2O)cc1
500	mol249	-12.16	CCC(CC)CNc1ncnc2ccc(-c3ccc(C(=O)N[C@H](CCc4ccc(F)cc4)C(=O)O)cc3)cc12
500	mol434	-12.47	Cc1ccc(C(=O)Nc2ccc(F)c(C(=O)Nc3ccc4cnccc4c3)c2)cc1Nc1ncnn2ccc(C(=O)c3ccccc3)c12
500	mol96	-13.34	Cc1ccc(NC(=O)c2ccc(CNC(=O)c3ccc(N4CCOCC4)cc3)cc2)cc1Nc1nccc(-c2cccnc2)n1
500	mol268	-12.27	Cc1ncc(-c2ccnc(Nc3ccc(NC(=O)Nc4cccc(C(F)(F)F)c4)cc3)n2)cn1
500	mol410	-12.19	Cc1cccc(-c2ncc(Cl)c(Nc3ccc(C(=O)N[C@H](C)c4ccccc4)cc3)n2)c1
500	mol433	-12.28	NC(N)c1cccc(COc2ccc(C[C@H](Nc3ccc(C(=O)O)cc3)C(=O)O)cc2C(=O)O)c1
500	mol398	-12.01	Cc1ccc(Nc2cc(C(=O)Nc3ccc4cnn(C)c4c3)cc(C(F)(F)F)c2)cc1C(F)(F)F
500	mol34	-12.16	Cc1nc(Nc2nccc(-c3cccc4[nH]ccc34)n2)sc1C(=O)NC(C)(C)C
500	mol330	-12.23	Cc1cc(Nc2nccc(Nc3ccc4ccccc4c3)n2)ccc1N
500	mol418	-12.99	Cc1ccc(NC(=O)c2ccnc(Nc3ccc(S(N)(=O)=O)cc3)c2)cc1Nc1nccc(-c2cccnc2)n1
500	mol40	-12.43	CN(C)c1cc(Nc2ccnc(-c3ccnc(Nc4ccc(Oc5ccccc5)cc4)n3)n2)ccc1O
500	mol308	-12.13	CNC(=O)Cc1ccc(Nc2nccc(Nc3cccc(C(=O)Nc4ccccc4)c3)n2)cc1
500	mol332	-12.36	CC(=O)Nc1ccc(S(=O)(=O)Nc2cccc(-c3cc4ccccc4o3)c2)cc1
500	mol56	-12.26	Cc1cc(Nc2ccc(C)c(NC(=O)c3ccccc3[N+](=O)[O-])c2)nc(Nc2ccc([N+](=O)[O-])cc2)n1
500	mol54	-13.35	Cc1cccc(Oc2nccc(-c3cccc(-c4ccccc4)c3O)n2)c1
500	mol200	-13.03	NC(N)c1ccc(-c2ccc(C(=O)Nc3cccc(Nc4nccc(-c5ccccc5)n4)c3)s2)cc1
500	mol138	-12.55	Cc1cccc(CNC(=O)Nc2cncc(Nc3ncnc4ccc(Oc5ccccc5)cc34)c2)c1
500	mol72	-12.49	Cc1cnc(Nc2ccc(C#N)cc2)nc1-c1ccc(Nc2ccnc(Nc3ccc(C(=O)NC(C)C)cc3)n2)cc1
500	mol245	-12.41	Nc1nc(Nc2ccc(C(=O)O)cc2)nc(Nc2ccc(C(=O)Nc3ccccc3)cc2)n1
500	mol105	-12.24	NC(N)c1ccc(S(=O)(=O)c2cc3c(Nc4ccc(NC(=O)c5cccc(F)c5)cc4)ncnc3s2)cc1
500	mol259	-12.37	Cc1ccc(C(=O)Nc2cccc(Nc3ccnc4cc(Cl)ccc34)c2)cc1
500	mol160	-12.23	[H][S@TB1](=O)(O)(O)c1ccc(NC(=O)c2ccc(C)c(Nc3ncnc4nc[nH]c34)c2)cc1
500	mol220	-13.19	Cc1ccc(C(=O)Nc2ccc(Nc3nc(Nc4cccc(C(=O)Nc5ccccc5)c4)c4nc[nH]c4n3)cc2)cc1
500	mol38	-13.2	CC(=O)Nc1cnc(Nc2ccc(NC(=O)c3ccc(Cc4ccccc4)cc3)cc2)cc1Nc1ccccc1
500	mol174	-12.97	CC(=O)Nc1ccc(C(=O)Nc2cccc(-c3ccc4cc(C(=O)O)ccc4n3)c2)cc1
500	mol11	-12.11	Cc1ccc(C(=O)Nc2cccc(Nc3ncnc4ccc(-c5ccccc5)cc34)c2)cc1
500	mol424	-12.21	Cc1ccc(Nc2c(F)ccc3cc(Nc4nccc(C(F)(F)F)n4)ccc23)cc1
500	mol147	-13.15	Cc1ccc(NC2=NC(=O)[C@@H](c3cccc(C(=O)Nc4cccc(C(=O)O)c4)c3)S2)cc1Cl
500	mol466	-12.31	CCNc1ccc(C(=O)Nc2cccc(Oc3ccc(NC(=O)c4cccc(C(F)(F)F)c4)cc3)c2)cc1
500	mol451	-12.49	O=C(O)c1ccc(Nc2nccc(Nc3cncc(Nc4nnc(NCc5ccc(Cc6ccccc6)cc5)s4)c3)n2)cc1
500	mol395	-12.32	Cc1ccc(C(=O)Nc2cccc(C(F)(F)F)c2)cc1Nc1ncnn2cc(-c3cncc(C=O)c3)cc12
500	mol4	-12.63	COc1ccc(-c2nccc(Nc3ccc4c(c3)cc(C(N)=O)n4C)c2C)cc1C(F)(F)F
500	mol371	-12.83	Cc1ccc(C(=O)Nc2ccc(Oc3ccc(NC(=O)CNC(=O)OC(C)(C)C)cc3)cc2)cc1Nc1ncnc2ccc(N)cc12
500	mol161	-12.3	CCC(=O)Nc1cccc(NC(=O)Cc2ccc(NC(=O)c3cc4ccccc4o3)cc2)c1
500	mol230	-12.29	Cc1ccc(Oc2nccc(Nc3cc4c(cn3)CC(=O)N4)n2)cc1NC(=O)c1cnc(Br)cc1F
500	mol154	-12.2	Cc1ccc(C(=O)Nc2ccc(Oc3ccc4ncc(Nc5ccccn5)nc4c3)cc2)cc1
500	mol397	-12.32	Cc1ccccc1-c1ccc(C(=O)Nc2ccc(C[NH+]3CCN(C(=O)Cc4ccccc4)CC3)cc2)cc1
500	mol119	-12.27	Cc1ccc(C(=O)Nc2cccc(Cn3nc(NC(=O)Cc4ccc(N)nc4)ccc3=O)c2)cc1
500	mol221	-12.57	Cc1ccc(Nc2ccc(O)c(C(=O)NCc3ccccc3)c2)cc1NC(=O)c1ccc(Cl)cc1
500	mol33	-12.05	Cc1cn(-c2cccc(C(=O)Nc3cn(CC(=O)Nc4ccc(C(N)=O)cc4)nn3)c2)c2cc(-c3ccc(N4CCOCC4)cc3)ccc12
500	mol46	-12.68	Cc1ccccc1-c1cc(Nc2nc(-c3cccc(C(=O)Nc4ccc(C(=O)O)cc4)c3)cn3ccnc23)ccn1
500	mol436	-12.53	Cc1cncc(-c2nc(C(=O)Nc3ccc(C(=O)NC4CCN(c5ncccn5)CC4)cc3)cnc2N)c1
500	mol484	-13.07	Cc1cc(-c2ccccc2)ccc1Nc1ccnc(Nc2ccc(NC(=O)Nc3ccccc3)cc2)n1
500	mol97	-13.69	c1cc(C[n+]2ccc3ccc(-c4ccc5cc[nH]c5c4)cc3n2)cc(-c2ncnc3n[nH]cc23)c1
500	mol87	-12.2	Cc1ccc(C(=O)Nc2ccc(C(N)N)cc2)cc1Nc1ncnn2cc(C(=O)NC(C)C)cc12
500	mol486	-12.93	COc1cc(Nc2ncnc(-c3ccnc(Nc4cccc(C)c4)c3)n2)cc(N2CCCC2=O)c1
500	mol476	-12.42	Cc1ccc(Nc2cnc(Nc3ccc(N)cc3)nc2N)cc1Nc1ncnc2ccccc12
500	mol134	-14.43	Cc1ccc(NC(=O)c2cccc(C(=O)Nc3nc4ccc(-c5ccccc5)cc4[nH]3)c2)cc1N1Cc2ccccc2C1=O
500	mol364	-12.32	Cc1ccc(C(=O)Nc2ccc(C(=O)Nc3cccc(C(=O)O)c3)cc2C(=O)O)cc1
50	mol6	-12.04	Nc1cc(-c2cccc(C(=O)O)c2)ccc1N1CCN(c2ccccc2)CC1
50	mol487	-12.14	Cc1nc2ccccc2n1Cc1nnc(-c2ccc(-c3ccccc3)cc2)o1
50	mol320	-12.6	CCc1ccc(NC(=O)c2ccc(NC(=O)c3ccc(NS(=O)(=O)c4cccc(Cl)c4)cc3)cc2)cc1
50	mol348	-12.11	FC(F)(F)c1cccc(-c2nc(-c3ccc(OCc4ccccc4)cc3)c[nH]2)c1
50	mol186	-13.36	Cc1c[n+]([C@@H]2CO[C@H](n3cc(-c4ccccc4)nn3)[C@H](O)C2)ccc1Nc1ccnc(N2CCOCC2)n1
50	mol60	-13.04	[NH3+]C1(C#Cc2ccc(Nc3nccc(-c4cccc(N5CCc6c(ncnc6[C@@H]6CO6)C5)c4)n3)cc2)CC1
50	mol59	-12.74	Cc1ccccc1Nc1ccc2c(Nc3ccc(C(=O)c4ccccc4)cc3)ncnc2c1
50	mol250	-13.36	c1cc(Cn2ccnc2)cc(-c2cccc(-c3ccc4ccccc4c3)c2)c1
50	mol490	-13.36	Cc1cc(Nc2nc(Nc3cccc(C(=O)NCc4cc(C(C)C)ccc4Cl)c3)c3[nH]ccc3n2)no1
50	mol291	-13.47	c1ccc2c(N3CCN(c4ccc(Nc5nccc(-c6cncnc6)n5)cc4)CC3)ncnc2c1
50	mol223	-12.68	N[C@@H]1N[C@@](c2ccccc2)(c2ccc(-c3ccc(OCc4nccn4Cc4ccccc4)nc3)cc2)CO1
50	mol287	-12.8	CS(=O)(=O)c1cccc(-c2ccc(C(F)(F)F)c(C3=CC[C@H]([NH2+][C@H]4CC[N@@H+](CC(=O)Nc5cccc(C(F)(F)Cl)c5)CC4)CC3)c2)c1
50	mol36	-13.39	Cc1c(-c2nc(-c3cccc(Cl)c3)no2)ccc(F)c1-c1nc2cccnc2[nH]1
50	mol491	-13.06	Cc1ccccc1-c1ccc(C(=O)Nc2ccc(Oc3ccncc3)cc2)cc1
50	mol499	-12.13	Cc1nn(-c2cccc(C(F)(F)F)n2)cc1-c1ccnc(N[C@H]2CC[N@H+](Cc3ccc(S(C)(=O)=O)cc3)CC2)n1
50	mol180	-13.55	Cc1c(F)cccc1Oc1nc(Nc2cccc(-c3nc(NC4CCOCC4)ncc3F)c2)cc(=O)n1C
50	mol259	-12.13	Clc1ccccc1Nc1cccc(Nc2ncnn3cc(-c4csc(C5CC5)n4)cc23)c1
50	mol77	-12.89	Fc1ccc(Nc2cccc3c(-c4cccc(-c5ccccc5)c4)cnn23)cc1
50	mol174	-12.4	Nc1nc(Nc2cccc(S(N)(=O)=O)c2)sc1C(=O)c1cccc2ccccc12
50	mol263	-13.51	Cc1cccc(-c2cc(N3CCc4cc(-c5cnc(N)nc5)ccc43)n[nH]2)c1
50	mol466	-12.45	NC(N)Nc1cccc(Nc2nccc(-c3ccc(-c4nc5ccccc5s4)cc3)n2)c1
50	mol104	-12.21	FC(F)(F)c1cccc(Nc2nccc(Nc3cc(-c4ccccc4)[nH]n3)n2)c1
50	mol455	-12.18	c1ccc(-c2cc3c(Nc4cccc(Cc5ccccn5)c4)ncnc3[nH]2)cc1
50	mol238	-13.0	Cc1nc2cc(NC(=O)c3ccc4c(c3)CN(C(=O)c3cccc(-c5ccccc5)c3)C4)ccc2n1-c1ccccc1
50	mol243	-12.61	Nc1ncnc2ccc(-c3cccc(C(=O)NCCc4ccccc4)c3)cc12
50	mol484	-12.23	Cc1cc(C)cc(Sc2cccc([C@@H](C)Nc3cc4ccccc4cc3C(N)N)c2)c1
510	mol442	-12.79	Cc1ccc(C(=O)N[C@H]2CO[C@@H](CO)[C@H](O)[C@@H]2O)cc1Nc1ccnc2cc(NC(=O)NCc3ccccc3)ccc12
510	mol75	-12.7	Cc1ccc(C(=O)Nc2cccc(-c3nnc(Nc4cccc(C(=O)O)c4)s3)c2)cc1
510	mol165	-12.25	Cc1cc(C#N)cc(-c2cccc(CCC(=O)Nc3cccc(C(=O)O)c3)c2)c1
510	mol203	-12.76	COc1ccc(Nc2ncc(-c3cccc(C(=O)Nc4cccc(NC(=O)Cc5ccccc5)c4)c3)cn2)cc1
510	mol254	-12.3	Cc1ccc(C(=O)Nc2ccc(F)cc2)cc1Nc1ncnn2cc(C(=O)Nc3ccccc3)cc12
510	mol84	-12.54	Cc1cc(C)cc(Nc2nccc(Nc3ccc4ccccc4c3)n2)c1
510	mol6	-12.84	Nc1ccc(-c2cccc(Nc3nccc(-c4ccccc4)n3)c2)cc1
510	mol324	-12.08	CC(=O)Nc1cccc(Nc2nccc(Nc3cccc4ccccc34)n2)c1
510	mol141	-12.05	CCC(=O)Nc1ccc(C(=O)Nc2cccc(-c3c[nH]c4ccccc34)c2)cc1
510	mol477	-12.61	Cc1cccc(NC(=O)c2ccccc2Cc2cccc(NC(=O)c3ccc(C(C)(C)C)cc3)c2)c1
510	mol459	-12.34	Cc1ccc(C2=CC=C3C=c4c(sc5ccccc45)=CC=C3N2)cc1
510	mol301	-12.35	COc1cc(O)cc(Nc2cccc(-c3ccc(-c4ccccc4)cc3)c2)c1
510	mol347	-12.21	CC(=O)Nc1cccc(-c2cnc3[nH]c(-c4ccccc4)cc3c2)c1
510	mol348	-13.38	CNc1cc(Oc2ccc(NC(=O)Nc3ccc(Oc4ncnc(N)c4-c4cccc(C(=O)O)c4)cc3)cc2)ccc1C(=O)O
510	mol306	-12.6	CCc1cccc(-c2nc(C(=O)Nc3ccc(Oc4ccnc(Nc5ccccc5)n4)cc3)cs2)c1
510	mol106	-12.09	Cc1ccc(C(=O)Nc2ccc(-c3ccn[nH]3)cc2)cc1Nc1nccc(-c2cccnc2)n1
510	mol492	-12.3	Cc1ccccc1-c1cc(Nc2ccnc3cc(N)ccc23)ncn1
510	mol473	-13.82	COc1ccc(-c2ccc(C(=O)Nc3ccc(-c4ccc(O[C@H]5CC[C@](C)(O)O[C@H](C(=O)O)C5)cc4)cc3)cc2)cc1
510	mol53	-13.28	Cc1ccc(NC(=O)c2cccc(C(=O)Nc3ccc(Nc4ncnc5ccccc45)cc3)c2)cc1
510	mol69	-12.74	Cc1cc(Nc2nccc(Nc3ccc4oc(-c5ccccc5)cc4c3)n2)ccc1O
510	mol427	-13.92	Cc1ccc(C(=O)Nc2ccc(C(=O)O)cc2)cc1NC(=O)c1cccc(NC(=O)Cc2ccccc2)c1
510	mol281	-12.77	Cn1c(-c2ccc3[nH]ccc3c2)cnc1-c1ccc(Oc2ccccc2)cc1
510	mol407	-12.54	Cc1ccc(NC(=O)c2cccc(CCC(=O)O)c2)cc1Nc1nccc(-c2cccnc2)n1
510	mol50	-12.21	Cc1cccc(Cn2nnc(-c3cnc(N)c(C(=O)Nc4ccccc4)c3)n2)c1
510	mol327	-12.18	Cc1cccc(C#Cc2ccc(Nc3ccnc4cc(Cl)ccc34)cc2)c1
510	mol16	-12.98	Cc1cc(Nc2nc(Nc3ccc(C(=O)O)cc3)nc3ccccc23)ccc1N1Cc2ccccc2C1=O
510	mol300	-12.34	Cc1ccc(Nc2nccc(-c3c[nH]c4ccccc34)n2)cc1NC(=O)c1ccncc1
510	mol188	-12.25	Nc1ccc(C(=O)Nc2ccc(Oc3ccnc4cc(OC[C@](O)(C[PH](O)(O)O)[C@H](N)[NH3+])ccc34)cc2)cc1
510	mol22	-12.28	Cc1ccc(-c2cc(=O)n3cc(Cc4ccc(N)cc4)ccc3n2)cc1
510	mol185	-12.03	CC(=O)Nc1cccc(-c2nc(Nc3cccc(S(=O)(=O)NC4CCCCC4)c3)sc2C(=O)O)c1
510	mol288	-12.69	Cc1ccc(NC(=O)c2cc(C(F)(F)F)cc(C(F)(F)F)c2)cc1Nc1ncnn2cc(NC(=O)c3cccnc3)cc12
510	mol148	-12.15	Cc1ccc(Nc2nccc(Nc3ccc4cnccc4n3)n2)cc1-c1ccn[nH]1
510	mol249	-12.74	Cc1cccc(COc2cnc3ccc(-c4c[nH]c5ccccc45)nc3c2)c1
510	mol342	-12.32	Cc1ccc(Nc2nccc(Nc3cccc4ccccc34)n2)cc1F
510	mol37	-13.82	COc1cc(OCc2ccc(-c3ccc4ccccc4c3)cc2)ccc1CC(=O)N[C@H]1O[C@H](CO)[C@@H](O)[C@H](O)[C@H]1O
510	mol326	-13.14	Cc1cc(Nc2nccc(Nc3ccc4c(/C=C\C#N)cccc4n3)n2)ccc1NC(=O)c1ccc2ccccc2n1
510	mol330	-13.84	Cc1ccc(Nc2ccc3ccccc3n2)cc1Nc1nccc(-c2cnc3ccccc3c2)n1
510	mol40	-12.19	Cc1c(Nc2ccccc2)cccc1C1=NC2=C(CCC2)OC(=O)N1
510	mol275	-12.72	Cc1ccc(CNC(=O)c2cnc(Oc3ccc4cc(C(=O)N[C@H](C)c5ccccc5)ccc4c3)s2)cc1
510	mol167	-13.66	Cc1cccc(-n2ncc(-c3cccc(C(=O)Nc4cccc(C(=O)O)c4)c3)c2N)c1
510	mol54	-12.91	Cc1ccc(NC(=O)c2cccc(Nc3ncnc4ccccc34)c2)cc1Nc1ccnc2ccc(N)cc12
510	mol245	-12.61	Cc1ccc(/N=C/c2ccc(O)c(O)c2)cc1NC(=O)c1ccc(Nc2ccnc3cc(Cl)ccc23)cc1
510	mol334	-12.12	Cc1c(Cc2ccccc2)c(=O)oc2cc(OS(=O)(=O)c3ccc(Cl)cc3)ccc12
510	mol469	-12.05	Cc1ccc(-c2cc(C(=O)O)ccc2C)cc1NS(=O)(=O)c1cccc(NC(=O)c2ccccc2)c1
510	mol32	-12.6	CCc1ccc(NC(=O)c2ccc(Nc3nccc(-c4cc5ccccc5o4)n3)cc2)cc1
510	mol234	-12.75	Cc1cccc(C(=O)Nc2ccc(C(=O)Nc3cccc(C(=O)O)c3)cc2C(=O)O)c1
510	mol105	-12.19	CCc1nc(N)nc(Nc2ccc(C(=O)Nc3ccc4ccccc4c3)cc2)c1C
510	mol402	-12.56	COc1cc(-c2cccnc2)ccc1Nc1nccc(-c2c[nH]c3ncccc23)n1
510	mol457	-12.18	Cc1cccc(Nc2ccnc(Nc3ccc(Cc4ccccc4)cc3)n2)c1
510	mol129	-12.03	Nc1ncccc1Nc1ccnc(Nc2ccc(C(=O)Nc3cccc(C(=O)O)c3)cc2)n1
510	mol44	-12.32	CC(=O)Oc1ccc(Nc2nccc(-c3ccnc(Nc4cccc(C(=O)O)c4)c3)n2)cc1
510	mol314	-12.37	Cc1cccc(-c2nc(CC(=O)Nc3ccc4ccccc4c3)c3ncnn3n2)c1
510	mol77	-12.19	CC(=O)Nc1ccc(CNC(=O)c2cc(Nc3ccnc4ccccc34)cnc2N)cc1
510	mol494	-12.02	Cc1c(-c2cc(N)nc(N)n2)cccc1-c1nc2nc(N)nc(OCCO)c2[nH]1
510	mol292	-12.16	CC(=O)Nc1cccc(Nc2ncc(-c3cccc(C(=O)Nc4cccc(C(C)(C)C)c4)c3)s2)c1
510	mol110	-12.06	Cc1ccc(S(=O)(=O)NC(=O)Nc2cccc(-c3nnc(-c4ccc(Cl)cc4)o3)c2)cc1
510	mol9	-12.01	Cc1occc1C(=O)Nc1ccc(CCc2ccc(NC(=O)c3ccccc3Cl)cc2)cc1
510	mol351	-12.34	CC(=O)Nc1ccc(-c2cnc(N)c(Nc3ccc(C(=O)NC(C)(C)C)cc3)n2)cc1
510	mol331	-14.0	CN(c1ccc(NC(=O)c2cccc(O)c2O)cc1)S(=O)(=O)c1ccc(-c2ccc(C(=O)O)cc2)cc1
510	mol83	-13.29	Cc1cccc(-c2nc(N)nc(-c3cccc(CNc4ccc(C(N)N)cc4)c3)n2)c1
510	mol466	-12.08	Cc1ccc(COc2ccc3cc(S(=O)(=O)Nc4ccc(Oc5ccccc5)cc4)ccc3c2)cc1
510	mol485	-12.62	Cc1nc(N)cc(Nc2cccc(C(=O)Nc3ccc4c[nH]nc4c3)c2)c1Nc1nccc(-c2cccnc2)n1
510	mol224	-12.16	Cc1cccc(-c2nc(Nc3cccc(NC(=O)c4ccccc4)c3)cs2)c1
510	mol369	-12.07	Cc1cccc(-c2ncc(Nc3ccnc4ccccc34)c(N)n2)c1
510	mol358	-12.73	Cc1ccccc1-c1cccc(/C=C\c2cccc(C(=O)NCc3ccncc3)c2)c1
510	mol399	-12.13	Nc1ncc(-c2ccnc(Nc3ccc(Oc4ccccc4)cc3)n2)nc1NCc1cccc(C(=O)O)c1
510	mol201	-12.58	Cc1ccc(C(=O)Nc2cccc(C(=O)OCc3cc(=O)oc4ccccc34)c2)cc1
510	mol172	-12.25	Cc1ncc(Cc2cccc(C(=O)Nc3ccccc3NCc3cccnc3)c2)cc1NC(=O)c1cnccn1
510	mol151	-13.14	CC(=O)Nc1cccc(-c2coc3cc(C(=O)Nc4cccc(C(=O)O)c4)ccc23)c1
510	mol214	-12.04	Cc1ccc(Oc2cccc(-c3nc4ccccc4c(=O)[nH]3)c2)cc1F
510	mol463	-12.79	CCNc1ccc2cc(-c3cc4cc(C(=O)N[C@H](C)[C@H]5CC[C@@H](N)CC5)ccc4[nH]3)ccc2c1
510	mol251	-12.4	Nc1nc(Nc2ccc(C(=O)NCc3ccccc3)cc2)nc(Nc2ccc(C(=O)Nc3ccccc3)cc2)n1
510	mol454	-12.26	CC(=O)Nc1cccc(-c2cnc(C(=O)Nc3ccc4nc(N)ccc4c3)s2)c1
510	mol41	-12.48	Cn1cc(-c2nc3ccccc3nc2Nc2ccc(C(=O)NCc3ccccc3)cc2)cc1C(=O)Nc1cccc(C(=O)O)c1
510	mol124	-12.01	CNC(=O)c1cccc(Nc2nccc(-c3cncn3Cc3cccc(Cl)c3)n2)c1
520	mol422	-12.16	CC(C)Nc1ccccc1-c1cc2ccc(C(=O)Nc3ccc4c(c3)C[N@@H+](C)C4)cc2[nH]c1=O
520	mol225	-13.2	Cn1nc(-c2cnc(N)c(-c3ccc(C(N)=O)cc3)n2)cc1C(=O)Nc1cccc(C(=O)Nc2ccccc2)c1
520	mol75	-12.58	Cc1ccc(NC(=O)c2cccc(Cc3ccccc3)c2)cc1NC(=O)c1cccc(C(F)(F)F)c1
520	mol165	-12.24	Cc1ccc(C(=O)Nc2cccc(C(C)(C)C)c2)cc1Nc1nccc(-c2cccnc2)n1
520	mol156	-12.08	Cc1cc(=O)n2nc(NC(=O)c3ccccc3O)sc2c1Cc1ccc(-c2ccccc2)cc1
520	mol425	-12.41	Cc1cnc(Nc2ccc(NC(=O)Nc3ccc(Oc4ccnc(N)n4)cc3)cc2C(F)(F)F)cn1
520	mol459	-12.45	Nc1nccc(-c2cnc(OCC3CCCCC3)c(-c3ccc(C(=O)NCc4ccccc4Cl)cc3)n2)n1
520	mol73	-12.01	Cc1cc(-c2ccc(CNc3ccnc(Nc4ccc(C(=O)O)cc4)n3)cc2)[nH]n1
520	mol192	-12.82	Cn1cc(C(=O)Nc2ccc(Oc3ccnc4cc(-c5ccccc5)ccc34)cc2)cn1
520	mol81	-12.26	Cc1ccc(O)cc1-c1ccc(NC(=O)c2ccc(C(=O)O)cc2)cc1
520	mol255	-12.41	Cc1cc(Nc2ccc(C(F)(F)F)cc2)cc(C(=O)Nc2ccc(Oc3ccnc4[nH]ccc34)c(C#N)c2)c1
520	mol24	-12.87	Cc1ccc(C(=O)Nc2cccc(C(F)(F)F)c2)cc1Nc1ncnn2cc(-c3ccccc3)cc12
520	mol379	-13.21	Nc1cccc(-c2nnc3n(c2=O)CCc2cc4ccc(C[NH+]5CCCCC5)cc4nc2-3)c1
520	mol414	-12.02	COc1ccc(CC(=O)Nc2ccccc2C(=O)O)cc1Oc1cccc(NC(=O)c2ccccc2)c1
520	mol319	-12.57	CC(=O)Nc1cccc(-c2[nH]nc3cc(-c4ccccc4)ccc23)c1
520	mol336	-12.21	C#Cc1cccc(Nc2nccc(Nc3ccc4cc(C(=O)O)ccc4c3)n2)c1
520	mol163	-12.76	Cc1cccc(-c2nnc(-c3cccc(-c4ccccc4)c3)[nH]2)c1
520	mol261	-12.89	Cc1ccc(Nc2ccc(C(=O)Nc3cccc(C(=O)O)c3)cc2)cc1Nc1ncnc2ccccc12
520	mol385	-12.47	CC(=O)c1ccc(NC(=O)Nc2ccc(Oc3ccnc4[nH]ccc34)c(NC(=O)c3ccc4ccccc4n3)c2)cc1
520	mol53	-14.19	Cc1ccc(NC(=O)c2cccc(NC(=O)c3cc4ccccc4o3)c2)cc1Nc1nccc(-c2ccncc2)n1
520	mol61	-12.02	Nc1ccc(C(=O)Nc2ccc(NC(=O)c3ccc4nncnc4c3)cc2)cc1
520	mol209	-12.47	Cc1cnc(Nc2ncc(-c3cccc(-c4ccccc4Cl)c3)s2)cc1NC(=O)c1ccc(Cl)cc1
520	mol128	-12.17	Cc1ccc(Nc2ncc(C(=O)Nc3cccc(OCC(=O)NCc4ccccc4)c3)s2)cc1NC(=O)c1ccccc1
520	mol126	-12.52	COc1cccc(-c2ccc(Nc3ccc(F)c(C(=O)c4ccccc4)c3)cc2)c1
520	mol169	-12.34	Nc1nc(Nc2ccc(S(N)(=O)=O)cc2)sc1[C@H](O)c1cccc2ccccc12
520	mol59	-12.47	CN(c1ccc(C(=O)Nc2ccc(Oc3ccccc3)cc2)cc1)S(=O)(=O)c1ccc2ccccc2c1
520	mol16	-12.04	Cc1cccc(Nc2cc(N)nc(Nc3cccc4ccccc34)n2)c1
520	mol196	-13.78	Cc1ccc(NC(=O)c2cccc(C(F)(F)F)c2)cc1N1Cc2ccc(-c3ccccc3)cc2C1=O
520	mol350	-12.58	Cc1ccc(C(=O)Nc2cccc(C(=O)OCc3ccc(F)cc3)c2)cc1NC(=O)c1ccc(F)cc1C(F)(F)F
520	mol412	-12.46	Cc1cccc(Nc2ccc(NC(=O)c3ccc(C(=O)NCc4ccc(Cl)cc4)cc3)cc2)c1
520	mol478	-12.27	CC(=O)Nc1ccc(S(=O)(=O)Nc2cccc(-c3nc4ccccc4[nH]3)c2)cc1
520	mol28	-12.63	Cc1cccc(-c2nccc(CNC(=O)c3ccc4ccccc4n3)n2)c1
520	mol344	-12.54	Cc1ccccc1[C@H](NC(=O)c1ccc(C#N)cc1)C(=O)Nc1ccc(C#N)c(Nc2ccnc(Nc3ccc(N)cc3)n2)c1
520	mol115	-12.8	COc1cccc(Nc2ncnc(-c3cccc(C(=O)Nc4cccc(C(=O)O)c4)c3)n2)c1
520	mol268	-12.17	Cc1ccc(C(=O)Nc2ccc(C[N@H+]3CC[N@H+](C)CC3)c(C(F)(F)F)c2)cc1Nc1ncnn2cc(C(=O)NC(C)(C)C)cc12
520	mol76	-12.36	Cc1ccc(-c2ncc(C(=O)Nc3cccc(NC(=O)c4ccccn4)c3)c(N)n2)cc1
520	mol63	-12.94	Cc1c(Nc2ccccc2C(=O)O)cccc1-c1cnc(Nc2ccc(F)c(C(=O)NCC(F)(F)F)c2)[nH]c1=O
520	mol448	-12.07	Cc1cccc(NC(=O)c2cccc(Nc3ccnc4ccccc34)c2)c1
520	mol418	-12.08	Cc1cccc(-c2ncc(Oc3cccc(-c4ccccc4)c3)cn2)c1
520	mol332	-12.74	COc1ccc(NC(=O)c2cccc(C(F)(F)F)c2)cc1C(=O)Nc1cnc(Nc2ccc(C(=O)NC(C)C)cc2)nc1
520	mol1	-13.01	Cc1ccc(NC(=O)Nc2cccc(C(=O)c3ccc4ccccc4c3)c2)cc1
520	mol329	-12.13	CC(=O)Nc1cccc(Oc2ccc(Nc3ncc(C(=O)Nc4ccccc4)cc3N)cc2)c1
520	mol95	-13.01	Cc1ccc(C(=O)O)c(Nc2nccc(-c3cccc(CNc4cccc(OCc5ccccc5)c4)c3)n2)c1
520	mol129	-12.41	Cc1ccc(Nc2nccc(-c3cccnc3)n2)cc1Nc1ncnc2ccc(NC(=O)C3CCCCC3)cc12
520	mol160	-12.5	Cc1ccc(C(=O)Nc2ccc(S(=O)(=O)NCCc3ccccc3)cc2)cc1NC(=O)c1ccccc1
520	mol89	-13.34	Cc1ccc(NC(=O)Cc2ccc(NC(=O)c3ccc4ccccc4n3)cc2)cc1Nc1ncccc1-c1ccncn1
520	mol77	-12.1	Cc1ccc(Nc2nccc(-c3ccc4ncccc4c3)n2)cc1
520	mol229	-12.39	Cc1cccc(C(=O)Nc2ccc(-c3ccc(CO)c(NC(=O)c4ccccc4C(F)(F)F)c3)cc2)c1
520	mol38	-12.93	Cc1nn(Cc2cccc(C(=O)NCc3cccc(-c4ccccc4)c3)c2)c(N)c1Cc1cccc(C(=O)O)c1
520	mol198	-12.27	[H]/N=C(/N)c1ccc2cc(C[n+]3cccc(C(=O)NCc4ccc(C(N)N)cc4)c3)[nH]c2c1
520	mol227	-12.92	Cc1ccc(Nc2nccc(-c3ccnc(Nc4cccc(C(=O)O)c4)c3)n2)cc1F
520	mol309	-12.56	Cc1ccc(C(=O)Nc2ccc(Oc3ccc4ccccc4n3)cc2)cc1
520	mol135	-13.59	Cc1ccc(C(=O)Nc2cccc(C(=O)O)c2)cc1NC(=O)c1cncc(-c2cccc(CNC(=O)Oc3ccccc3)c2)c1
520	mol93	-12.17	Cc1ccc(NC(=O)c2ccc(-n3ccccc3=O)cc2)cc1Nc1ncccn1
520	mol113	-13.91	Cc1cc(Oc2cccc(-c3ccc(F)c(C(=O)O)c3)c2)ccc1-c1ccc2c(NC(=O)c3cccc(C(F)(F)F)c3)nncc2c1
520	mol2	-12.46	Cc1ccc(CC(=O)Nc2nc(-c3ccc(O[PH](O)(O)O)cc3)cs2)cc1
520	mol31	-12.33	O=C(Nc1ccc2nc[nH]c2c1)c1ccc([C@H]2CC[N@@H+](Cc3ccccc3)CC2)cc1
520	mol119	-12.23	COc1ccc(CNC(=O)c2ccc(C)c(Nc3ncnc4ccc(NC(=O)NC(C)C)cc34)c2)cc1
520	mol103	-12.34	Cc1ccc(C(=O)Nc2ccc(F)c(C(F)(F)F)c2)cc1NCc1cncn1Cc1ccc(C(=O)NO)cc1
520	mol243	-12.65	CN(c1ccccc1)c1ccc(-c2ccc(C(=O)Nc3ccccc3)cc2C(=O)O)cc1
520	mol214	-12.45	CC(=O)Nc1ccc(Oc2ccc(NC(=O)c3ccc4ccccc4c3)cc2C(=O)O)cc1
520	mol79	-12.74	Cc1ccc(C(=O)Nc2cccc(C(F)(F)F)c2)cc1-c1ccc2nc(NC3CCOCC3)ncc2c1
520	mol23	-12.26	Cc1cn(-c2cc(NC(=O)c3cccc(-c4cccc(C(=O)O)c4)c3)ccn2)cn1
520	mol464	-12.09	CC(=O)Nc1cccc(C(=O)Nc2cccc(Nc3ncnc4ccc(N)cc34)c2)c1
520	mol226	-12.88	Cc1ccc(Nc2nccc(Nc3ccc4c(c3)C[NH2+]CC4)n2)cc1Nc1nccc(-c2ccncc2)n1
520	mol460	-12.93	CN(c1ccc(C(=O)NCc2ccnc(Nc3ccnc4ccccc34)c2)cc1)S(=O)(=O)c1ccc2ccccc2c1
520	mol277	-12.78	Cc1cccc(-c2nnc(-c3cccc(-c4ccccc4)c3)[nH]2)c1
520	mol123	-12.68	CNC(=O)Nc1ccc(Oc2cccc(Nc3ccc4ncc(C(=O)NC)nc4c3)c2)cc1
530	mol442	-12.12	Cc1ccc(O)cc1Nc1ncnc2cc3c(CCc4ccccc4)cccc3nc12
530	mol225	-12.18	Cc1ccc(NC(=O)c2ccc(C[N@H+]3CC[N@H+](C)CC3)cc2)cc1Nc1nccc(-c2cccnc2)n1
530	mol165	-12.06	Cc1cc(Nc2ccccc2)cc2nc(NC(=O)Nc3ccccc3)sc12
530	mol68	-12.07	CC(=O)Nc1cccc(Oc2nc(Nc3cccc(NC(=O)c4ccccc4)c3)nc(N3CCOCC3)n2)c1
530	mol405	-12.17	Cc1cc(CNC(=O)c2ccccc2Sc2ccc(NC(=O)Nc3ccccc3)cc2)ccc1O
530	mol324	-12.17	Cc1ccc(C(=O)Nc2cccc(-c3ccccn3)c2)cc1Nc1ncnn2cc(C(=O)O)cc12
530	mol264	-12.25	Cc1ccc(C(=O)Nc2ccc(S(=O)(=O)N(C)CCN3CCCCC3)cc2)cc1Nc1ncnn2cc(C(=O)NCc3ccccc3)cc12
530	mol408	-12.12	Clc1ccc2c(Nc3ccc(-c4cn[nH]c4-c4ccccc4)cc3)ccnc2c1
530	mol348	-12.48	Cc1cccc(Nc2ncc(Br)c(Nc3ccc4c(ccn4C(=O)c4ccccc4)c3)n2)c1
530	mol276	-12.25	C[C@@H](Oc1cccc(-c2cccc(NC(=O)Cc3ccccc3)c2)c1)C(=O)O
530	mol112	-14.0	Cc1ccn(-c2ccc3c(c2)CCN(c2nc4cccc(C(=O)O)c4[nH]c2=O)C3=O)c1C
530	mol67	-13.23	Cc1ccc(C(=O)Nc2ccc(Oc3ccc(NC(=O)[C@@H]4CCCN4C(=O)c4ccc(F)cc4)cc3)cc2)cc1
530	mol69	-12.11	Cc1cn(CCOc2cccc(C(=O)NCc3ccccc3)c2)c2ccc(C(=O)N[C@@H](CO)C(=O)O)cc12
530	mol335	-12.06	Cc1ccc(C(=O)Nc2cccc(C(F)(F)F)c2)cc1Nc1ncnn2cc(-c3ccccc3)nc12
530	mol281	-12.05	CC(=O)Nc1cccc(Nc2ncc3cc(-c4ccccc4)c(=O)[nH]c3n2)c1
530	mol272	-12.16	Cc1ccc(NC(=O)c2cccc(C(=O)O)n2)cc1NC(=O)c1csc(-c2ccccc2)c1
530	mol50	-12.2	CNC(=O)Nc1cccc(Oc2ccnc(Nc3ccc(N4CCN(C(C)=O)CC4)cc3C)n2)c1
530	mol327	-12.05	CN(Cc1cnc2nc(N)nc(N)c2n1)c1ccc(C(=O)NC(=O)NCc2ccccc2)cc1
530	mol102	-12.01	Cc1ccc(N[C@H](c2nc3ccccc3o2)c2cccc(C(F)(F)F)c2F)cc1NC(=O)c1ccc(C(=O)O)cc1
530	mol29	-12.34	Cc1ccc(NS(=O)(=O)CCc2ccccc2)cc1NC(=O)c1ccc(NC(=O)c2cccc(C(=O)O)c2)cc1
530	mol65	-13.37	Cc1ccc(NC(=O)c2ccc(CSc3nc4ccccc4c(=O)[nH]c3=O)cc2)cc1Nc1ccnc(Nc2cccc(C(=O)O)n2)n1
530	mol91	-12.44	Cc1ccc(C(=O)Nc2ncc(Cc3cccc4ccccc34)s2)cc1
530	mol434	-12.43	Cc1cc(NC(=O)c2ccc(C#N)cc2)cc(-c2ccc(Oc3ccccc3)cc2)c1N
530	mol452	-12.14	Cc1ccc(C(=O)Nc2ccc(Oc3ccccc3)cc2)cc1NC(=O)c1ccccc1
530	mol310	-12.35	Cc1ccc(C(=O)N2CCC(O)(Cc3ccccn3)CC2)cc1NC(=O)c1cnn(-c2ccccc2)c1
530	mol339	-12.43	Cc1ccc(Nc2nccc(-c3c[nH]c4ccccc34)n2)cc1Nc1ncccc1C(=O)Nc1ccccc1
530	mol152	-13.32	Cc1ccccc1CC(=O)Nc1cccc(-c2nnc3c4ccccc4ccn23)c1
530	mol282	-12.33	Cc1c(Cl)cccc1Nc1ccnc(Nc2ccc(C(=O)Nc3ccccc3)cc2)n1
530	mol326	-13.09	Cc1ccc(C(=O)Nc2ccc(C(N)N)cc2)cc1Nc1ncnc2oc(-c3ccccc3)cc12
530	mol415	-12.75	CC(=O)Nc1ccc(Oc2ccc(NC(=O)Nc3cc4ccc(C(=O)NC(C)C)cc4[nH]3)cc2)cc1
530	mol480	-12.08	CCC(=O)Nc1ccc2ncc(-c3cccc(C(=O)Nc4ccc(C(=O)O)cc4)c3)nc2n1
530	mol329	-12.86	Cc1ccc(C(=O)Nc2cccs2)cc1Nc1ncnn2cc(C(=O)Nc3cccc(C(=O)NCc4ccccc4)c3)cc12
530	mol271	-12.18	Cc1ccc(NC(=O)c2cccc(OCc3cn(Cc4ccccc4)nn3)c2)cc1NC(=O)c1cccc(S(=O)(=O)Nc2ccccc2)c1
530	mol386	-12.1	Cc1ccc(Oc2ccc(NC(=O)c3cc4ccccc4o3)cc2)cc1
530	mol32	-12.55	Cc1ccc(NC(=O)c2cccc(Nc3ncnc4ccc(C#N)cc34)c2)cc1NC(=O)c1ccccc1
530	mol370	-12.18	Cc1ccc(C(=O)Nc2cccc(-c3ccccc3)c2C(=O)O)cc1
530	mol444	-12.36	Cc1ccc(NC(=O)Nc2cncc(C(=O)Nc3ccccc3)c2)cc1Nc1ncccc1-c1ccncn1
530	mol353	-12.87	Cc1ccc(C(=O)Nc2cccc(C(F)(F)F)c2)cc1Nc1ncnn2cc(-c3ccccc3)cc12
530	mol381	-12.42	Cc1cc(OCCCc2cccc(Nc3ccccc3)c2)ccc1NC(=O)c1cccc(C(=O)O)c1
530	mol164	-13.23	Cc1ccc(Nc2nnc(COc3ccccc3C(=O)O)s2)cc1NC(=O)c1ccc(-c2ccccc2)cc1
530	mol361	-12.35	Cc1cc(NC(=O)c2cccc(Oc3ccc(NC(=O)c4ccccc4)cc3)c2)cc(C)c1O
530	mol129	-12.45	Cc1ccc(NC(=O)c2ccc(Oc3ncccn3)cc2)cc1Nc1nccc(-c2cccnc2)n1
530	mol453	-12.58	Cc1cccc(-c2nn(C(=O)c3ccc(OCc4ccccc4)cc3)cc2NC(=O)c2ccc3ncccc3c2)c1
530	mol440	-12.04	Cc1ncc(-c2ncc(C(=O)NCc3cccc(C(=O)Nc4cccc(C(=O)O)c4)c3)s2)cc1NS(C)(=O)=O
530	mol77	-12.26	Cc1ccccc1Nc1ccc(-c2nc3cc(C(=O)O)ccc3[nH]2)cc1
530	mol292	-12.58	CN(NC1c2ccccc2-c2ccccc21)C(=O)c1ccc(Nc2nccc(-n3nc(C(F)(F)F)cc3C(F)(F)F)n2)cc1F
530	mol362	-12.25	Cc1cncc(-c2ccc(C(=O)Nc3ccc(C(=O)NC(C)(C)C)cc3)cc2)c1
530	mol198	-12.59	Cc1ccc(Nc2nccc(-c3ccnc(Nc4ccncc4)c3)n2)cc1NC(=O)c1cccc(C(=O)O)c1
530	mol174	-12.61	CNC(=O)c1cnc(Oc2ccc(C(=O)NCc3ccc(-c4ccccc4C[NH+]4CCCCC4)cc3)cc2)cc1NCc1ccccc1
530	mol90	-12.28	Cc1ccccc1-c1ccc2nc(N)c(NCCC(=O)Nc3cccc(Oc4ccccc4)c3)cc2c1
530	mol113	-12.35	NC(N)c1ccc(CNC(=O)c2ccc(OCc3ccc(CNC(=O)c4cccc(C(F)(F)F)c4)cc3)cc2)cc1
530	mol389	-12.15	CC(=O)Nc1cccc(Nc2nccc(-c3cnc4ccccc4c3)n2)c1
530	mol354	-12.45	Cc1ccc(NC(=O)c2nccn(-c3ccccc3)c2=O)cc1NC(=O)c1ccc(Cl)cc1
530	mol466	-12.73	Cc1ccc(C(=O)Nc2ccc(C(=O)Nc3ccncc3)cc2)cc1Nc1ncnn2cc(C(=O)Nc3ccccc3)nc12
530	mol262	-13.29	CCc1ccc(NC(=O)c2cccc(NC(=O)CNC(=O)c3ccc4ccccc4n3)c2)cc1NC(=O)c1cccc(C(=O)O)c1
530	mol142	-12.59	Cc1cncc(-c2cnc(Nc3ccc(C(=O)NCc4cccc(C(=O)Nc5ccccc5)c4)cc3)s2)c1
530	mol311	-12.76	Cc1ccc(Nc2cc3cccnc3cc2Oc2ccc(Nc3ccnc4cc(Cl)ccc34)cc2)cc1
530	mol468	-13.85	Cc1ccc(C(=O)Nc2ccccc2C(=O)Nc2cccc(C(F)(F)F)c2)cc1NC(=O)c1ccc(-c2ccccc2)cc1
530	mol462	-12.77	Cc1ccc(C(=O)Nc2cccc(C(F)(F)F)c2)cc1-c1ccc2nc(N)ncc2c1
530	mol151	-13.5	Cc1ccc(C(=O)Nc2ccc(F)c(C(F)(F)F)c2)cc1Nc1ncnn2cc(-c3cnc4[nH]ccc4c3)cc12
530	mol87	-12.22	NC(=O)c1ccc(NCc2cccc(C(=O)c3ccccc3)c2)cc1NC(=O)c1cccc(C(=O)O)c1
530	mol486	-12.06	Cc1ccc(C(=O)Nc2ccc(C[N@H+]3CC[N@H+](C)CC3)c(C(F)(F)F)c2)cc1NC(=O)c1cnc2ccccn12
530	mol464	-12.96	Cc1ccc(C(=O)Nc2ccc(Oc3ccnc4cc(-c5ccccc5)ccc34)cc2)cc1
530	mol277	-12.75	Cc1ccc(C(=O)Nc2cccc(C(=O)O)c2)cc1NC(=O)c1ccc(C(=O)c2ccccc2O)cc1
530	mol123	-12.63	Cc1ncc(CNc2ccc(C(=O)NCc3ccc(C(=O)NCc4ccccc4)cc3)c(C(=O)O)c2)cc1N
530	mol124	-12.62	Cn1cc(-c2ccc3cc(NC(=O)c4ccc(Cl)c(C(F)(F)F)c4)ccc3[n+]2C)cn1
540	mol443	-12.48	Cc1ccc(NC(=O)c2cccc3ccccc23)cc1Nc1nccc(NCc2ccccc2)n1
540	mol225	-12.01	Cc1ccc(Nc2nccc(Nc3ccccc3)n2)cc1NC(=O)c1ccccc1F
540	mol437	-12.31	Cc1cn(Cc2cccc(-n3cccn3)c2)c2cc(NC(=O)Nc3ccc(Oc4ccnc(N)n4)cc3)cnc12
540	mol75	-12.24	Cc1ccccc1CNc1cc2c(cc1C)C=C[C@@H](NC(=O)c1ccccc1F)C2
540	mol400	-12.16	CCc1ccc(Nc2nc(Nc3ccccc3)nc(Nc3ccc(Nc4ccnc5ccccc45)cc3)n2)cc1
540	mol302	-12.18	Cc1ccc(Nc2nc(-c3ccccc3)ncc2-c2ccc(NC(=O)c3ccc4ccccc4n3)cc2)cc1
540	mol165	-12.04	Cc1cc(Nc2ccc(S(N)(=O)=O)cc2)c2nc3ccc(OCc4ccccc4)cc3nc2c1
540	mol401	-12.91	Cc1ccc(Nc2nccc(Nc3cc4c(cc3[NH3+])CCC4)n2)cc1NC(=O)c1ccc(C(F)(F)F)cc1
540	mol141	-12.21	CC(C)[C@H](NS(=O)(=O)c1ccc(-c2ccc(NC(=O)c3cc4ccccc4[nH]3)cc2)cc1)C(=O)N[C@H](CO)C(=O)NCCc1ccccc1
540	mol487	-12.12	Cc1ccc(Cc2cccc(-c3ccc(/C=C/C(=O)O)cc3)c2)cc1
540	mol423	-12.61	Cc1cnc(Nc2nnc(-c3ccc4c(c3)CC(=O)N4)s2)cc1NC(=O)c1cccc(C(=O)O)c1
540	mol301	-12.17	Cc1cc(F)ccc1-c1ccc(C(=O)Nc2ccccc2N)cc1F
540	mol35	-12.48	Cc1ccc(Nc2nccc(-c3cnc4ccccc4c3)n2)cc1NC(=O)c1cccnc1
540	mol186	-12.76	Cc1ccc(C(=O)Nc2ccccc2)cc1NC(=O)c1cccc(Cc2ccccc2)c1
540	mol374	-12.68	NC(N)c1cccc(-c2cccc(C(=O)N[C@H]3CCc4ccccc43)c2)c1
540	mol100	-12.26	Cc1ccc(C(=O)Nc2ccc(Oc3ccncc3)cc2)cc1Nc1ccnc(Nc2ccc(N3CCOCC3)cc2)n1
540	mol345	-12.65	Cc1ccc(NC(=O)c2ccc(C[NH+]3CCCCCC3)cc2)cc1Nc1nccc(-c2cccnc2)n1
540	mol267	-12.04	Cc1cccc(Nc2nccc(Nc3ccc4c(c3)CC(=O)N4)n2)c1C
540	mol407	-12.02	Cc1ccc(C(=O)Nc2ccc(Oc3ccc(Oc4ccnc([N+](=O)[O-])c4)cc3)cc2)cc1
540	mol325	-12.29	Cc1ccc(C(=O)Nc2ccc(-c3nc4ccccc4[nH]3)cc2)cc1NC(=O)c1ccc(C(=O)O)cc1
540	mol136	-12.45	CC(=O)Nc1ccc2ncnc(Nc3cc(NC(=O)c4cnc5cccc(Br)c5c4)ccc3C)c2c1
540	mol159	-12.22	Cc1ccc(Nc2nccc(-c3ccnc(N)n3)n2)cc1Nc1ccnc2ccccc12
540	mol421	-13.5	C/C(=N\Nc1ncnc2oc(-c3ccccc3)c(C)c12)c1cccc2ccccc12
540	mol22	-12.07	Cc1ccc(C(=O)Nc2ccc(S(=O)(=O)Nc3ccc(C(=O)O)cc3)cc2)cc1N
540	mol412	-12.54	CN(c1cccc(C(=O)Nc2ccc(OC(F)(F)F)cc2)c1)c1ccc(C(=O)Nc2cccc(S(N)(=O)=O)c2)cn1
540	mol233	-13.38	CNC(=O)c1ccc(Oc2ccc(NC(=O)Nc3cccc4ccccc34)cc2)cc1
540	mol478	-12.05	Cc1cc(C)cc(Nc2nccc(Nc3ccc4cccnc4c3)n2)c1
540	mol185	-12.1	Cc1cc(Cc2cc(=O)n3ccsc3n2)[nH]c1-c1ccc(NC(=O)c2ccccc2Cl)s1
540	mol18	-12.2	Clc1ccc2c(Nc3ccc(-c4cn[nH]c4-c4ccccc4)cc3)ccnc2c1
540	mol195	-13.04	Cc1cc(OCc2ccc(-c3ccc(CNC(=O)C4CCCC4)cc3)cc2)ccc1-c1ccc(C(=O)N[C@@H](CO)C(=O)O)cc1
540	mol450	-12.32	Cc1ccc(C(=O)Nc2ccc(Oc3ccccc3)cc2)cc1Nc1ccnc2ccc(Br)cc12
540	mol278	-13.63	CC(=O)Nc1cccc(-c2cccc(Nc3ccc(-c4ccccc4Cl)cc3)c2)c1
540	mol76	-13.07	CC(=O)Nc1ccc(Nc2nccc(-c3ccc4ccccc4c3)n2)cc1
540	mol266	-12.38	Cc1ccc(-c2c[nH]c(-c3ccc(Oc4ccccc4)cc3)n2)cc1NC(=O)c1cnc(Nc2ccccc2)s1
540	mol429	-12.65	Oc1ccc(Nc2nccc(-c3cccc(Cc4ccccc4)c3)n2)cc1
540	mol475	-12.13	C/C(=N\N=C/c1ccc(O)c(O)c1)c1ccc(Nc2ccnc3cc(Cl)ccc23)cc1
540	mol418	-12.28	Cc1ncc(COc2ccc(C[C@H]3CNC(=O)c4cc(C(N)=O)sc43)cc2)n1Cc1ccc(-c2ccccc2C(F)(F)F)cc1
540	mol101	-12.05	CC(=O)N[C@H](c1ccc(-c2ccc(CN[C@H](O)c3ccc(O)c(C(F)(F)F)c3)cc2)cc1)C(F)(F)F
540	mol480	-12.75	Cc1ccc(Nc2nccc(-c3c[nH]c4ccccc34)n2)cc1Nc1ncccc1C(F)(F)F
540	mol332	-12.29	Cc1ccc(C(=O)Nc2cccc(-c3ccc(NC(=O)c4ccc(C(=O)O)o4)cc3)c2)cc1
540	mol271	-12.32	Cc1ccc(NC(=O)c2cccc(-c3ccccc3)c2)cc1Nc1ncnc2ccc(-c3ccccc3)cc12
540	mol386	-12.07	Cc1cccc(CNC(=O)c2cccc(Cc3cc(=O)n4ccccc4n3)c2)c1
540	mol353	-14.13	CC(=O)Nc1ccc(-c2cccn3c(-c4cccc(NC(=O)Nc5ccccc5)c4)cnc23)cc1
540	mol171	-12.26	Cc1ccccc1C(=O)Nc1cccc(/C=C/c2nnc(-c3cccc(Cl)c3)o2)c1
540	mol44	-13.81	Cc1ccc2cc(NC(=O)Nc3cccc(Nc4ncnc5ccccc45)c3)ccc2n1
540	mol89	-12.25	C[C@@H](NC(=O)c1ccc(-c2ccc3c(=O)[nH+]c(N)[nH]c3n2)cc1)C(=O)Nc1ccccc1
540	mol316	-12.2	Cc1ccc2c(c1)/C(=C/c1cccc(OC(=O)c3ccccc3)c1)C(=O)N2
540	mol494	-12.41	CC(=O)Nc1cccc(CNC(=O)c2cccc(NC(=O)Nc3cccc(C(F)(F)F)c3)c2)c1
540	mol362	-12.75	Cc1ccc(Nc2nccc(Nc3ccc4c(c3)CCC4)n2)cc1Nc1nccc(-c2cccnc2)n1
540	mol359	-12.49	Cc1ccc(C(=O)Nc2ncc(Cl)s2)cc1Nc1ncnn2cc(C(=O)c3ccccc3)cc12
540	mol474	-12.53	Cc1cc(C(=O)N2CCC(Cc3ccccc3)CC2)ccc1NC(=O)c1ccc(C(=O)O)cc1
540	mol93	-12.58	Cc1ccc(C(=O)Nc2ccc(CC(=O)O)c(C(=O)O)c2)cc1Nc1nccc(-c2cccnc2)n1
540	mol466	-12.67	Cc1ccc(Nc2nccc(-c3cnc4ccccc4c3)n2)cc1NC(=O)c1ccc(Cl)cc1
540	mol4	-12.43	CNc1ccc(Nc2cc3c(-c4cccc(NC(=O)c5cccc(S(=O)(=O)Nc6ccccc6)c5)c4)ccnc3[nH]2)cc1
540	mol27	-13.4	Cc1ccc(NC(=O)c2cccc(-c3nc(C)c(Cc4ccccc4)o3)c2)cc1NS(=O)(=O)c1ccc(Oc2ccccc2)cc1
540	mol122	-12.81	Cc1nc(N)nc(N)c1-c1ccc(NCc2ccc(C(=O)NCc3ccc4ccccc4n3)cc2)cc1
540	mol103	-13.09	Cc1ccc(C(=O)Nc2cccc(-c3ccccc3C(=O)O)c2)cc1Nc1nccc(-c2cccnc2)n1
540	mol214	-12.44	Cc1ccc(NC(=O)c2cccc(C(F)(F)F)c2)cc1Nc1nccc(-c2cccnc2)n1
540	mol97	-12.15	Cc1ccccc1C(=O)c1ccc(Nc2ccnc3cc(Cl)ccc23)cc1
540	mol343	-12.28	Cc1ccc(-c2ncc(CNC(=O)c3ccc(C(=O)NC(=O)Nc4ccccc4)cc3)s2)cc1
550	mol10	-12.2	Cc1ccc(C(=O)Nc2cccc(Cc3nc4ccccc4[nH]3)c2)cc1NC(=O)c1ccccn1
550	mol84	-12.32	CCn1cncc1CNc1ccc(Nc2ccnc3cc(-c4ccc(S(=O)(=O)N5CCOCC5)cc4)cnc23)cn1
550	mol6	-12.18	Cc1ccc(Nc2ncnc3nc[nH]c23)cc1NC(=O)c1ccc(Cc2ccccc2)cc1
550	mol352	-12.7	Cc1cc(Nc2cc(N)ncn2)ccc1-c1ccc(OCc2ccc(OCc3ccccc3)cc2)cc1
550	mol256	-12.38	Cc1ccc(Nc2nccc(-c3c[nH]c4ccccc34)n2)cc1NC(=O)c1ccncc1
550	mol301	-12.5	Cc1ccccc1C(=O)Nc1ccc2ncnc(Nc3cccc(C(=O)Nc4ccccc4)c3)c2c1
550	mol51	-12.07	Cc1ccc(C(=O)Nc2ccc(S(=O)(=O)c3ccccc3)cc2)cc1Nc1ncnc2ccccc12
550	mol408	-12.24	Cc1cc(Nc2nccc(Nc3ccc4ccccc4c3)n2)cc(C)c1NC(=O)c1ccc(O)c(CCC(=O)O)c1
550	mol35	-12.88	Cc1cn(-c2ccc(C(=O)NCc3cccc(C(=O)Nc4cccc(Oc5ccccc5)c4)c3)cc2)c(=O)[nH]c1=O
550	mol192	-12.72	Cc1ccc(C(=O)NC(=O)c2cccc(C(=O)Nc3ccc(Cl)cc3)c2)cc1NC(=O)c1cccc(C(=O)O)c1
550	mol81	-12.13	Cc1ccc(Nc2ncnc(Nc3ccccc3)n2)cc1NC(=O)c1ccccc1C(F)(F)F
550	mol492	-12.35	Cc1ccccc1-c1ccc(Nc2nccc(-c3ccncn3)n2)cc1
550	mol471	-13.05	Cc1cc(S(=O)(=O)c2ccc(C#N)cc2)ccc1Nc1nccc(-c2cccc3ccccc23)n1
550	mol149	-13.3	Cc1ccccc1-c1ccccc1C[N@H+]1CC[C@@H](Nc2nccc(-c3cccc4ccccc34)n2)CC1
550	mol112	-12.25	Cc1ccc(C(=O)Nc2cccc(Nc3ccnc4ccccc34)c2)cc1
550	mol14	-12.23	COc1ccc(C(=O)Nc2ccc(Oc3ccc(NC(=O)[C@@H]4CCCN4C(=O)c4ccccc4)cc3)cc2)cc1
550	mol321	-12.09	Cc1cc(Nc2nccc(-c3cccnc3)n2)cc(N2CC[NH+](CC(=O)Nc3ccc(Cl)cc3)CC2)n1
550	mol335	-12.89	Cc1c(Nc2nccc(Nc3cc(N4CCOCC4)ncn3)n2)ccc2c1C(=O)Nc1nc(Cl)ccc1NCCOCCCCOc1ccccc1C(=O)N2
550	mol407	-12.06	Cc1cccc(Nc2nccc(-c3ccnc4nc(N)ncc34)n2)c1
550	mol272	-12.77	Nc1ncc(-c2cnn([C@H]3CC[C@H](O)CC3)c2)cc1NC(=O)Nc1cccc(C(F)(F)F)c1
550	mol169	-12.24	Cc1ccc(Nc2nc(Nc3ccccc3)nc(Nc3ccc4ncccc4c3)n2)cc1NC(=O)c1cccs1
550	mol50	-12.3	Cc1ccc(Nc2nccc(-c3cccnc3)n2)cc1NC(=O)c1cnc2ccccc2n1
550	mol240	-12.16	Cc1ccc(CNC(=O)Nc2cccc(Nc3ncnc4ccccc34)c2)cc1
550	mol325	-12.64	Cc1ccc(Nc2nccc(Nc3ccccc3)n2)cc1Nc1nccc(-c2ccccn2)n1
550	mol197	-12.14	CC(=O)Nc1cccc(-c2cccc(Nc3ccc4ccccc4n3)c2)c1
550	mol168	-12.27	Cc1cccc(-c2nn(-c3ccccc3C(F)(F)F)cc2-c2ccc(NC(=O)Cc3ccccc3)cc2)c1
550	mol242	-12.21	Cc1ccccc1NC(=O)Nc1ccc(Nc2nccc(-c3cccnc3)n2)cc1
550	mol297	-12.38	Cc1ccc(Nc2ncnc3ncncc23)cc1NC(=O)c1ccc(Nc2ccccc2)cc1
550	mol233	-12.15	Cc1ccc(-c2c[nH]c(NCc3ccc(-c4ccccc4)cc3)n2)cc1
550	mol18	-12.18	Clc1ccc2c(Nc3ccc(-c4nc[nH]c4-c4ccccc4)cc3)ccnc2c1
550	mol115	-13.78	CC(=O)Nc1cccc(-c2cccc(Nc3nccc(-c4cccc(C(=O)N5CCN(C(C)=O)CC5)c4)n3)c2)c1
550	mol249	-13.06	Cc1cccc(NC(=O)Nc2cccc(-c3ncnc4ccc(N)cc34)c2)c1
550	mol404	-13.47	Cc1cccc(CNC(=O)c2cccc(Cc3cccc(NC(=O)c4cccc(C(=O)O)c4)c3)c2)c1
550	mol274	-13.51	Cc1ccc(C(=O)Nc2cccc(C(=O)O)c2)cc1NC(=O)c1ccc(-c2ccccc2)cc1
550	mol96	-12.82	Cc1ccc(NC(=O)Cc2ccc(S(=O)(=O)N3CCc4ccccc4C3)cc2)cc1NC(=O)c1ccc(-c2ccccc2)cc1
550	mol278	-12.07	Cc1ccc(C(=O)Nc2cccc(Cc3cccc(C(=O)O)c3)c2)cc1
550	mol310	-12.45	Cc1ccc(NC(=O)COc2ccc(NC(=O)c3ccccc3C(F)(F)F)cc2)cc1Nc1ncnc2cnc(N3CCOCC3)nc12
550	mol157	-12.16	Cc1oc(-c2ccc(N(C)C)cc2F)nc1-c1ccc2[nH]cc(CCc3ccccc3)c2c1
550	mol266	-12.36	Cc1ncc(-c2nc(COc3cccc(NC(=O)Nc4cccc(C(F)(F)F)c4)c3)cs2)cc1O
550	mol78	-12.01	Cc1ccc(C(=O)Nc2ccc(S(O)(O)O)c3ccccc23)cc1NC(=O)c1ccccc1Sc1ccccc1CO
550	mol330	-12.34	Cc1ccc(C(=O)Nc2cncc(C(=O)c3cnc4[nH]cc(C)c4c3)c2)cc1[N+](=O)[O-]
550	mol418	-12.12	Cc1ccc(-c2cc(C(=O)NCc3cccc(Oc4ccccc4)c3)ccn2)cc1
550	mol223	-14.11	Cc1ccc(C(=O)Nc2ccc(S(=O)(=O)Oc3ccc4ccccc4c3)cc2)cc1NC(=O)c1cccc(C(=O)O)c1
550	mol36	-12.03	CN(Cc1ccc(Cl)cc1)C(=O)c1ccc(NC(=O)N2Cc3ccccc3C2)cc1
550	mol491	-12.02	Clc1ccc2c(Nc3ccnc(-c4ccccc4)c3)ccnc2c1
550	mol275	-12.64	Cc1cc(CNc2ccc(CC(=O)O)c(C)c2)cc(N2Cc3cnc(Nc4cccc(C(F)(F)F)c4)cc3C2)c1
550	mol247	-12.91	Cc1cc(NC(=O)c2cccc(-c3ccccc3)c2)cc(N2CCC(c3ccc(F)cc3)CC2)c1
550	mol286	-12.38	Cc1ccc(C(=O)Nc2ccc(CCCNc3ncnc4ccccc34)cc2)cc1Nc1ccnc2ccccc12
550	mol218	-12.61	NC(N)c1ccc(CNc2nccc(-c3cccc4ccccc34)n2)cc1
550	mol212	-12.5	Cc1ccc(C(=O)Nc2ccc(Nc3ccnc4ccccc34)cc2)cc1
550	mol444	-12.3	Cc1ccc(C(=O)Nc2cccc(C(=O)c3ccccc3)c2)cc1NC(=O)c1ccco1
550	mol353	-12.36	Cc1ccc(CNC(=O)c2ccc(COc3cccc4ccccc34)cc2)cc1
550	mol164	-13.63	Cc1ccc(Nc2nccc(-c3c[nH]c4ccccc34)n2)cc1Nc1nccc(Cc2cc(-c3ccccn3)cnc2C)n1
550	mol180	-13.61	Cc1ccc(C(=O)Nc2cccc(Nc3ccnc4cc(Cl)ccc34)c2)cc1Nc1ncccn1
550	mol171	-12.45	Cc1ccc(C(=O)Nc2ccc(Oc3ccccc3)cc2)cc1Nc1nccc2ccccc12
550	mol494	-12.64	Cc1ccc(NC(=O)c2cccc(COc3ccccc3)c2)cc1Nc1nccc(-c2cccnc2)n1
550	mol394	-12.42	CCNC(=O)c1cc(Oc2ccc(NC(=O)Nc3cccc4ccccc34)cc2)ccn1
550	mol198	-13.43	Cc1ccc(C(=O)Nc2ccc(F)c(C(F)(F)F)c2)cc1Nc1nccc(-c2c[nH]c3cc(Cl)ccc23)n1
550	mol309	-12.35	Cc1ccc(Oc2cncnc2Nc2ccc3nc(N)[nH]c(=O)c3c2)cc1NC(=O)c1cnccn1
550	mol208	-12.37	Cc1ccc(Nc2nccc(Nc3ccc4c(c3)OCO4)n2)cc1Nc1ccc2c(c1)/C(=C\Nc1ccc(CC(=O)O)cc1)C(=O)N2
550	mol150	-12.01	Cn1c(-c2cccc(NCc3cccc(Oc4ccccc4)c3)c2)cc2c(=O)[nH]cnc21
550	mol363	-12.03	Cc1cccc(CNC(=O)c2ccc3nc([C@H]4CC[N@@H+](C)CC4)nc(NCc4cccc([N+](=O)[O-])c4)c3c2)c1
550	mol191	-12.07	Cc1ccc(C(=O)Nc2cccc(Cn3ncc(-c4ccc(Cl)cc4)n3)c2)cc1
550	mol262	-12.86	Cc1ccc(Oc2cccc(Nc3ccnc4cc(Cl)ccc34)c2)cc1NC(=O)c1ccc(F)cc1
550	mol142	-12.49	Cc1ccc(NC(=O)c2cccc(C(F)(F)F)c2)cc1Nc1ncnn2cc(C(=O)c3ccccc3)cc12
550	mol109	-12.09	Cc1ccc(NC(=O)c2cccc(Oc3ccccc3)c2)cc1Nc1ncnc2ccccc12
550	mol224	-12.5	NC(N)Nc1cccc(C(=O)Nc2ccc(Nc3ccnc4ccccc34)cc2)c1
550	mol280	-12.7	Cc1cccc(-c2nc(N)nc(-c3cccc4ccccc34)n2)c1
550	mol3	-12.44	Cc1ccc(Nc2nccc(-c3c[nH]c4ccccc34)n2)cc1NC(=O)c1ccccc1
550	mol48	-12.68	CC(=O)Nc1ccc(CNC(=O)c2ccc(Cc3cc4ccc(C(N)N)cc4n3Cc3ccc(C(=O)O)cc3)cc2)cc1
550	mol17	-12.39	Cc1cc(Nc2nccc(-c3cncn3C)n2)cc(-c2ccc(C(=O)O)cc2F)c1
550	mol201	-12.47	Cc1ccc(C(=O)Nc2ccc(C[N@H+]3CC[N@H+](C)CC3)c(C(F)(F)F)c2)cc1Nc1ncnn2cc(C(=O)N(C)C)cc12
550	mol103	-12.4	Cc1ccc(Nc2nccc(-c3c[nH]c4ncccc34)n2)cc1NC(=O)c1cccc(F)c1
550	mol368	-12.02	Cc1ccc(Nc2ncnc(Nc3cccc4ccccc34)n2)cc1O
550	mol74	-12.07	Cc1ccc(C(=O)Nc2ccccc2N)cc1NC(=O)c1ccc(F)cc1
550	mol87	-12.6	CCc1ccc(Nc2nc(N)nc(Cc3cccc(C(=O)NCc4ccc(C)cc4)c3)n2)cc1
550	mol248	-12.37	Cc1ccc(C#N)cc1NC(=O)c1ccc(-c2c[nH]c3ccc(C(N)=O)cc23)cn1
550	mol315	-12.29	Cc1ccc(S(=O)(=O)Nc2cccc(-c3cnc4ccccc4c3)c2)cc1
550	mol183	-12.25	Cc1cccc(-c2nnc(-c3ccc4ccccc4c3)o2)c1
550	mol41	-12.71	Cc1ccc(CNC(=O)c2ccc(Cc3cc4ccccc4o3)cc2)cc1NC(=O)c1cccc(Br)c1
550	mol123	-12.6	Cc1ccc(NC(=O)c2cccc(Cn3nc(C(N)=O)c4cc([N+](=O)[O-])ccc43)c2)cc1Nc1ncnc2nc[nH]c2c1=O
550	mol465	-12.25	Cc1ccc(Nc2nccc(-c3cccnc3)n2)cc1Nc1nccc(-c2cccnc2)n1
550	mol85	-12.4	Cc1ccc(C[NH+]2CCN(c3ccc(C(=O)NCc4ccc(Cl)cc4Cl)cc3)CC2)cc1
560	mol225	-12.22	NC(N)c1ccc(F)c(COc2ccc(CCc3cc4ccc(Cl)cc4[nH]3)cc2)c1
560	mol273	-12.24	CC(=O)Nc1ccc(Oc2ccnc(Nc3cccc(-c4ccccc4)c3)n2)cc1
560	mol165	-12.78	Cc1ccc(C(=O)NCc2cccc(C(=O)Nc3cccc(C(=O)O)c3)c2)cc1C#Cc1cncc(Cl)c1
560	mol401	-12.67	CC(=O)Nc1cccc(S(=O)(=O)N2CCc3cc(C(=O)NCc4ccccc4)ccc32)c1
560	mol256	-12.15	Cc1ccc(Oc2ccc(Nc3ccnc(-c4ccccc4)n3)cc2C(=O)O)c(C(N)=O)c1
560	mol155	-12.45	Cc1ccc(C(=O)Nc2ccc(F)c(C(F)(F)F)c2)cc1Nc1nccc(-c2cccnc2)n1
560	mol81	-12.35	Cc1cc(NCc2cccc(C(=O)NO)c2)ccc1Nc1nccc(-c2cccnc2)n1
560	mol492	-12.21	CCc1cccc(CC)c1NC(=O)Nc1n[nH]c(-c2ccnc(Nc3ccc(C(=O)Nc4ccccc4C)cc3)c2)n1
560	mol380	-13.42	Cc1ccc(NC(=O)c2cccc(Cn3cc(C(=O)O)c4ccccc43)c2)cc1Nc1nccc(-c2cccnc2)n1
560	mol270	-12.63	Cc1cccc(-n2nc(C(=O)Nc3cccc(-c4ccccc4)c3N)cc2-c2ccc(S(=O)(=O)Nc3ccccc3)cc2)c1
560	mol276	-12.65	CC(=O)Nc1ccc(-c2cccc(Nc3cc(Nc4ccccc4F)ncn3)c2)cc1
560	mol385	-12.06	Cc1ccc(C(=O)Nc2ccc(Oc3ccnc4cc(Cl)ccc34)cc2)cc1
560	mol349	-12.4	Cc1cccc(-c2nnc(-c3cccc4ccccc34)o2)c1
560	mol132	-12.1	Cc1ccc(O)c(Cc2ccc(S(=O)(=O)Nc3ccc([PH](O)(O)O)cc3)cc2)c1
560	mol20	-13.56	COc1cc(Nc2nccc(Nc3ccc4ccccc4n3)n2)cc(Cl)c1Oc1ccc(/C=C/c2[nH]nc(-c3ccccc3)c2F)cc1
560	mol321	-12.34	Cc1ccc(C(=O)N(CCc2ccccc2)Cc2cccc3ccccc23)cc1NC(=O)c1cc2cc(Cl)ccc2[nH]1
560	mol345	-12.07	Cc1ccc(Oc2ccc(-c3nc(C(=O)Nc4cccc([N+](=O)[O-])c4)c4ccccc4n3)cc2)cc1
560	mol207	-12.12	Cc1ccc(Nc2nccc(-c3cnn4ccccc34)n2)cc1NC(=O)c1cnccn1
560	mol86	-12.88	Cc1ccc(Nc2nccc(-c3cncc4ccccc34)n2)cc1NC(=O)c1cnccn1
560	mol387	-12.1	Cc1nc(NC(=O)Nc2ccc(OC(F)(F)F)cc2)ccc1-c1nc2cc(C(F)(F)F)ccc2[nH]1
560	mol377	-12.51	Cc1ccc(NC(=O)c2cccc(N3CCOCC3)c2)cc1NC(=O)c1cnn(-c2ccccc2)c1
560	mol445	-12.48	Cc1ccc(Nc2ncc(-c3ccc(C(=O)N[C@@H](C)c4ccccc4)cc3)cn2)cc1NS(=O)(=O)c1ccccc1
560	mol196	-12.5	COc1ccc(Nc2nccc(-c3cccnc3Oc3ccc(NC(=O)Nc4ccccc4CO)cc3)n2)cc1
560	mol194	-13.12	Cc1ccc(C(=O)Nc2cccc(C(F)(F)F)c2)cc1-c1ccc2cc(Oc3ccncc3)ncc2c1
560	mol478	-13.1	Cc1cccc(-c2nnc(NCc3ccccc3)n2Cc2ccc(NC(=O)Nc3cccc4ccccc34)cc2)c1
560	mol28	-12.72	CCc1ccc(-c2cccc(C(=O)NCc3ccc4cccnc4c3)c2)cc1
560	mol357	-12.64	Cc1ccc(-c2ccc(NC(=O)c3ccc(Cc4ccccc4)cc3)cc2)cc1
560	mol250	-12.6	Cc1ccc(NC(=O)c2ccc(NC(=O)c3cc4ccccc4o3)cc2)cc1
560	mol204	-12.43	CN(c1ccc(C(=O)N[C@H](C=O)Cc2ccccc2)cc1)c1cccc(-c2cccc(C(=O)O)c2)c1
560	mol452	-12.72	Cc1ccc(Oc2cccc(-c3ccc(NC(=O)c4ccccn4)cc3)c2C(=O)O)cc1
560	mol342	-14.32	Cc1ccc(C(=O)Nc2cccc(-c3ccc4nc(NC(=O)c5cccc(C(F)(F)F)c5)sc4n3)c2)cc1
560	mol410	-12.6	CN(c1ccc(NC(=O)Cn2c(=O)[nH]c3ncc(-c4ccccc4)cc32)cc1)S(=O)(=O)c1ccc(OCc2ccccc2)cc1
560	mol307	-14.76	Cc1ccc(C(=O)Nc2ccc(-c3ccc4c(c3)CN(C)C(=O)N4)c3ccccc23)cc1N
560	mol416	-12.21	Cc1ccc(Oc2cncc(-c3ccc4ccccc4n3)n2)cc1NS(=O)(=O)c1ccc(N)cc1
560	mol40	-12.4	Cc1cccc(-n2nc(C(=O)Nc3cccc(Oc4ccccc4)c3)cc2NC(=O)Nc2ccc(F)cc2)c1
560	mol275	-12.84	Cc1ccc(NC(=O)c2ccccc2OCc2cccc(C(=O)O)c2)cc1NC(=O)c1ccc2ccccc2c1
560	mol200	-12.71	Cc1ccc(C(=O)Nc2cccc(C(F)(F)F)c2)cc1Nc1ncnn2cc(C(=O)Nc3ccccc3)cc12
560	mol1	-12.1	CNC(=O)c1ccc(Nc2nccc(-c3c[nH]c4ccccc34)n2)cn1
560	mol469	-12.75	Cc1ccc(C(=O)Nc2ccc(Oc3ccnc4[nH]ccc34)cc2)cc1NC(=O)c1cccs1
560	mol212	-12.88	Cc1ccc(C(=O)Nc2cccc(-c3cccnc3)c2)cc1NC(=O)c1ccc(CNC(=O)c2ccncc2)cc1
560	mol403	-13.1	Cc1ccc(C(=O)Nc2ccc(Nc3ncnc4ccccc34)cc2)cc1Nc1ccnc(Nc2cc(NCCNCc3ccccc3)ncn2)n1
560	mol180	-12.32	Cc1ccc(Nc2nccc(-n3nc(C(F)(F)F)cc3C(F)(F)F)n2)cc1Nc1ncnc2ccccc12
560	mol190	-12.45	Cc1ccc(NC(=O)c2cccc(NC(=O)CCc3ccccc3)c2)cc1NC(=O)c1ccc(NC(=O)c2cccs2)cc1
560	mol322	-12.05	Cc1ccc(C(=O)Nc2cccc(C(F)(F)F)c2)cc1Nc1nccc(-c2cncnc2)n1
560	mol38	-12.54	Nc1ncc(-c2cnc3ccccc3c2)cc1-c1nc2ccc(-c3ccccc3)cc2n1-c1cccc(NC(=O)c2ccccc2)c1
560	mol439	-12.6	CN1Cc2cc(C(=O)Nc3ccc(Oc4ccncc4)cc3)ccc2-c2[nH]c(CO)cc21
560	mol474	-13.86	Cc1ccc(Nc2nccc(-c3ccnc(-c4ccccc4Cl)c3N)n2)cc1NC(=O)NC1CCCCC1
560	mol498	-13.51	Cc1ccc(-c2cccc3cc(NS(=O)(=O)c4cccc(Cl)c4)ccc23)cc1NC(=O)c1ccc2ccccc2n1
560	mol394	-12.81	Nc1ncc(-c2cccc(C(=O)O)c2)nc1Nc1ccc(C(=O)c2ccccc2)cn1
560	mol198	-12.65	Cc1ccc(C(=O)Nc2cccc(-c3ncnc4ccccc34)c2)cc1N
560	mol363	-12.39	Cc1ccc(CNC(=O)c2cccc(Nc3ccnc4cc(Cl)ccc34)c2)cc1
560	mol263	-12.13	Cc1ccc(Nc2ncnc(Nc3ccc(Oc4ccccc4)cc3)n2)cc1NC(=O)c1ccccc1
560	mol420	-12.26	CNc1cc(C(=O)Nc2ccccc2)ccc1Oc1ccc(NC(=O)c2ccc([N+](=O)[O-])cc2)cc1
560	mol290	-12.45	NC(N)c1ccc(CCNC(=O)Nc2cccc(Nc3ccnc4ccccc34)c2)cc1
560	mol461	-12.23	Cc1ccc(C(=O)Nc2cccc(-c3cccnc3)c2)cc1Nc1ncnn2cc(C(=O)NC(C)(C)C)cc12
560	mol392	-13.17	[H][S@OH13](=O)(O)(Nc1cc(C(=O)Nc2ccc(Oc3ccnc4cc(Cl)ccc34)cc2)ccc1C)c1ccc(F)cc1F
560	mol399	-12.55	CC(C)(C)c1cccc(C[NH2+][C@H]2CS(=O)(=O)C[C@@H](Cc3cc(F)c(N)c(F)c3)[C@H]2O)c1
560	mol483	-13.66	Cc1cc(NC(=O)c2cccc(-c3cccc4ccccc34)c2)cc(C)c1Oc1ccnc(NCC(C)(C)NC(=O)c2ccncc2)n1
560	mol243	-12.71	CN(C(=O)c1ccc(Nc2ccc3ccccc3n2)cc1)c1ccc(N2CCC(=Cc3ccccc3)CC2)cc1
560	mol486	-12.02	Cc1ncc(COc2ccc(C[C@H](C)Nc3ccnc4ccc(C(N)N)cc34)cc2)cc1NS(=O)(=O)c1cccc(C(=O)c2cccc([N+](=O)[O-])c2)c1
560	mol460	-12.1	CCc1ccc(Nc2nccc(Nc3ccc4c(C)cc(=O)n(C)c4c3)n2)cc1NC(=O)c1ccccc1Cl
560	mol123	-12.04	Cc1ccc(Nc2nccc(Nc3cc(Cc4ccccc4)ncn3)n2)cc1NC(=O)c1cnccn1
560	mol279	-13.0	COc1ccc(C(=O)Nc2ccc(NC(=O)c3ccccc3COc3sc(=S)[nH]c3-c3ccc(F)cc3)cc2)cc1Br
560	mol497	-12.1	Cc1ccc(-c2ncc(C(=O)Nc3ccc(S(=O)(=O)NC(=O)Nc4ccccc4)cc3)o2)cc1
570	mol422	-12.24	CN(Cc1cnc2nc(N)nc(N)c2n1)c1ccc(C(=O)Nc2ccc(NC(=O)OS(C)(=O)=O)cc2)cc1
570	mol210	-12.74	NC(N)c1ccc(NC(=O)Nc2ccc(Nc3ccnc4ccccc34)cc2)cc1
570	mol156	-12.01	Cc1ccccc1-c1ccc(Oc2ccc(NC(=O)c3ccc(C#N)cc3)cc2)cc1
570	mol425	-12.56	Cc1ccc(NC(=O)c2cccc(C(C)(C)N3CC[NH+](C)CC3)c2)cc1Nc1nccc(-c2cccnc2)n1
570	mol428	-12.63	Cc1ccc(OCc2cccc(-c3ccc4cc(C(=O)O)ccc4n3)c2)cc1
570	mol298	-12.53	Cc1ccc(Nc2nccc(-c3c[nH]c4ncccc34)n2)cc1Nc1ccnc2ccccc12
570	mol264	-12.09	Cc1ccc(C(=O)Nc2ccc(Nc3ccnc4cc(Cl)ccc34)cc2)cc1
570	mol241	-13.14	Cc1cc2c(cc1-c1ccc(/C=C/C(=O)O)cc1)[nH]c1cc(C(N)=O)ccc12
570	mol106	-12.99	C[C@@H](NC(=O)c1ccc(Nc2nccc(Nc3cccc4[nH]ccc34)n2)cc1)c1ccccc1
570	mol365	-12.57	Nc1c(-c2ccc(C(=O)O)cc2)cnc2ccc(-c3ccccc3)cc12
570	mol414	-12.26	CNC(=O)Nc1ccc(-c2ccc(CNc3ccnc4cc(Cl)ccc34)cc2)cc1
570	mol94	-13.9	Cc1ccc(Nc2ncc3c(C)nc(-c4ccccc4Cl)n3n2)cc1NC(=O)C(=O)c1ccc(C(=O)O)c(C(=O)O)c1
570	mol349	-12.64	Cc1cn(CCc2ccc(Cl)cc2)c(=O)c2cc(NC(=O)N[C@@H]3CCCC[C@H]3c3ccccc3)ccc12
570	mol335	-13.31	Cc1ccc(C(=O)Nc2ccc(Oc3ccnc4cc(Cl)ccc34)cc2)cc1Nc1ncnc2cc[nH]c12
570	mol207	-12.13	Cc1ccc(C(=O)Nc2ccc(Oc3ccnc(Nc4cccc(OC(F)(F)F)c4)n3)cc2)cc1
570	mol209	-12.97	Cc1ccc(NC(=O)c2cccc(-c3ccccc3Cl)c2C(=O)O)cc1F
570	mol281	-12.2	Cc1ccc(S(=O)(=O)c2ccc(CNS(=O)(=O)c3ccc4ccccc4c3)cc2OB(O)O)cc1
570	mol12	-12.21	Cc1ccc(-c2ccc(NC(=O)c3cccc(C(=O)O)c3)cc2C(=O)O)cc1
570	mol126	-12.12	CC(=O)Nc1ccc(NC(=O)c2cccc(NC(=O)Cc3ccccc3)c2)cc1
570	mol407	-12.22	CNC(=O)c1ccc(-c2ccc(C(=O)Nc3ccc(Oc4ccncc4)cc3)cc2C(=O)O)cc1
570	mol168	-12.1	Cn1cc(-c2ccc(NC(=O)c3ccc4nc(NC(=O)Cc5ccccc5)sc4n3)cc2)cn1
570	mol5	-12.69	Cc1ccc(C(=O)Nc2cccc(-c3nc(Nc4cccc(S(C)(=O)=O)c4)c[nH]3)c2)cc1
570	mol146	-12.48	CN(Cc1cnc2nc(N)nc(N)c2n1)c1ccc(-c2ccc(C(=O)O)cc2)cc1
570	mol233	-12.34	Cc1ccc(Nc2ccc(-c3ccccc3C(=O)O)cn2)cc1Nc1ncccc1-c1ccncn1
570	mol91	-12.92	Cc1ccc(C(=O)Nc2ccc(-c3cccc(C(N)=O)c3)cc2C(=O)O)cc1
570	mol373	-12.2	Cc1c(O)cc(-c2cc(NS(=O)(=O)c3cccc(F)c3)ccn2)cc1Cc1ccccc1
570	mol72	-12.15	Cc1cccc(Cl)c1-c1ccc(Cn2ccc3cc(NC(=O)Cc4ccc(C(N)N)cc4)nc(C(=O)O)c32)cc1
570	mol469	-13.43	Cc1ccc(C(=O)NCc2ccc(C(=O)Nc3ccccc3N)cc2)cc1NC(=O)c1ccc(Cc2ccccc2)cc1
570	mol162	-13.51	Cc1c(NC(=O)c2ccc(C(=O)/N=c3\[nH]c4cccnc4[nH]3)cc2)cccc1-c1nc2cc[nH]cc-2n1
570	mol494	-12.37	Cc1ccc(NC(=O)Nc2cnn(-c3ccccc3)c2C)cc1NC(=O)c1ccc(C(F)(F)F)cc1
570	mol359	-12.9	CNC(=O)c1ccc(Nc2nccc(-c3c[nH]c4ccccc34)n2)cc1Nc1nccc(-c2cccnc2)n1
570	mol198	-12.2	NC(N)c1cccc(CNC(=O)c2ccc(CNC(=O)c3ccc4ccccc4n3)cc2)c1
570	mol174	-12.34	Cc1nc(Nc2ncc(C(=O)Nc3ccc(NC(=O)c4ccccc4)cc3)nc2N)cc(N)c1C#N
570	mol208	-12.3	Cc1ccc(OCc2nc(-c3ccccc3)c(CO[PH](O)(O)O)[nH]2)cc1-c1ccc(C(=O)O)cc1
570	mol150	-12.38	Cc1ccc(C(=O)Nc2ccc(Cl)c(CN3CCCc4ccccc43)c2)cc1Nc1ncccn1
570	mol441	-12.03	Cc1ccc(Nc2ncc(C(=O)O)c(Nc3ccccc3)n2)cc1NC(=O)c1ccccc1
570	mol93	-12.27	Cc1ccc(Nc2nc(N)cc(-c3cccc(C(=O)NCc4ccccc4)c3)n2)cc1Cl
570	mol263	-12.14	CCC(=O)Nc1cccc(-c2nnc(-c3ccc4c(c3)CC(=O)N4C)o2)c1
570	mol312	-12.78	Cc1ccc(C(=O)Nc2cncc(C(=O)Nc3ccccc3C(=O)O)c2)cc1NS(=O)(=O)c1ccc(N)cc1
570	mol191	-13.66	Cc1ccc(C(=O)Nc2ccc(S(O)(O)O)c3ccccc23)cc1NC(=O)c1ccc(Cc2ccc(N)cc2)cc1
570	mol451	-12.38	Cc1ccc(Nc2nccc(-c3c[nH]c4ccccc34)n2)cc1NC(=O)c1ccc(C(F)(F)F)cc1
570	mol262	-12.13	Cc1cc(NC(=O)c2cccc(C(=O)O)c2)cc(S(=O)(=O)N(Cc2ccc(-c3ccccc3)cc2)C(C)C)c1
570	mol378	-12.05	COc1ccc(C(=O)Nc2ccc(Nc3nccc(-c4ccccc4)n3)cc2)cc1
570	mol219	-12.63	Cc1ccc(S(=O)(=O)Nc2cccc(-c3nc4ccccc4[nH]3)c2)cc1Nc1nccc(-c2cccnc2)n1
570	mol406	-12.55	Cc1cccc(Nc2ncc(-c3cccc(C(=O)Nc4cccc(OC(F)(F)F)c4)c3)cn2)c1C
570	mol0	-12.83	[H]/N=C\c1c(-n2cc(C(C)C)cn2)cccc1-n1ncc2cc(C(=O)O)ccc2c1=O
570	mol3	-12.36	Cc1ccc(C(=O)Nc2cccc(Nc3ccnc4cc(Cl)ccc34)c2)cc1
570	mol15	-13.16	Cc1ccc(Nc2nccc(-c3ccc(C(=O)NCCO)cc3)n2)cc1Nc1nccc(-c2c[nH]c3ccccc23)n1
570	mol446	-12.6	Cc1ccc2cccc(Oc3cccc(NC(=O)Cc4ccccc4)c3)c2n1
570	mol356	-12.15	CN(CCc1ccc(Cl)cc1)C(=O)c1ccc(CNc2ccc3ncc(-c4ccc(Cl)cc4)n3n2)cc1
570	mol392	-12.58	Cc1ccc(Oc2nc(Cc3ccc(C(=O)N(C)C)cc3)cs2)cc1-c1ccc(NC(=O)[C@@H](C)O)nc1
570	mol170	-12.08	Cc1cccc(-c2n[nH]cc2-c2ccc(Nc3ccnc(Nc4ccccc4)n3)cc2F)c1
570	mol409	-12.67	Cc1ccc(-c2nccnc2[C@H]2C=CN(C(=O)c3ccc(F)c(NC(=O)c4ccccc4F)c3)C2)cc1
570	mol472	-13.03	Cc1ccc(NC(=O)c2ccc(NC(=O)c3cc4ccccc4o3)cc2)cc1NC(=O)c1ccccc1OCc1ccccc1
570	mol436	-12.85	Cc1ccc(C(=O)Nc2cccc(C(=O)NCc3ccccc3C(=O)O)c2)cc1NC(=O)c1cccc(S(N)(=O)=O)c1
570	mol484	-12.61	CNC(=O)c1ccc(-c2ccc(C(=O)Nc3cccc(Oc4ccccc4)c3)cc2)cc1
570	mol486	-12.45	Cc1cccc(NC(=O)c2ccc(Oc3nc4ccccc4cc3[C@@H](N)NC(=O)c3ccc(F)cc3F)cc2)c1
570	mol265	-12.99	Cn1c2c(c3ccccc31)Cc1ccc(NC(=O)c3ccc(C(F)(F)F)cc3)cc1CC2
570	mol464	-13.2	Cc1ccccc1CC(=O)Nc1cccc(NC(=O)Nc2cccc(Nc3ccccc3)c2)c1
570	mol248	-12.26	Cc1ccccc1-c1cc(Nc2ncnc3cc(Cl)ccc23)ncn1
570	mol202	-12.51	Cc1ccc(Nc2cc(Oc3cccc(NC(=O)c4cccc(C(=O)O)c4)c3)ncn2)cc1
570	mol454	-12.47	Cc1sc(-c2ccc(C(=O)NCc3ccccc3)cc2Cl)cc1NC(=O)Nc1ccc(Cl)c(Cl)c1
570	mol134	-12.14	CCOc1ccc(C(C)=O)cc1-c1ccc(Nc2ccnc3cc(OCC(F)(F)F)ccc23)cc1
570	mol127	-12.09	CC(=O)Nc1cccc(-c2nc3cc(-c4cncc(C#N)c4)ccc3nc2-c2ccc(NC(=O)[C@@H]3CCCc4ccccc43)cc2)c1
570	mol176	-12.45	Cc1ccc(C(=O)Nc2ccc(Oc3ccnc(Nc4cccc(C(=O)O)c4)n3)cc2)cc1
580	mol25	-12.69	Cc1c(Nc2cccc(C(F)(F)F)n2)ccc2ncc(C(=O)Nc3ccc(Oc4ccncc4)cc3)cc12
580	mol391	-12.18	Cc1ccc(CNC(=O)NCc2ccc(C(=O)O)cc2)cc1NC(=O)c1ccccc1-c1ccccc1C(=O)O
580	mol273	-13.74	Cc1ccc(NC(=O)c2cccc(C(=O)O)c2N)cc1Nc1ccnc(-c2c[nH]c3ccccc23)n1
580	mol401	-13.06	Cc1ccc(NC(=O)c2cccc(C(=O)Nc3ccc(C(N)N)cc3)c2)cc1Nc1ncnc2ccc(N)cc12
580	mol324	-12.6	Cc1ccc(C(=O)Nc2cccc(C(C)(C)C)c2O)cc1Nc1ncnn2cc(C(=O)Nc3ccccc3)cc12
580	mol175	-12.17	Cc1ccc(-c2ccc(=O)n(CC(=O)Nc3cccc(C(=O)O)c3)n2)cc1
580	mol55	-12.71	Cc1ccc(Nc2cccc(CNc3cccc(NC(=O)c4ccccc4)c3)c2)c(C(=O)O)c1
580	mol289	-12.46	CCc1ccc(NC(=O)c2cccc(Cc3n[nH]c(=O)c4ccccc34)c2)cc1
580	mol320	-12.09	Cc1ccc(C(=O)Nc2cccc(-c3cnc(N)c(OCC(=O)NCc4ccccc4)c3)c2)cc1
580	mol186	-12.96	CC(=O)Nc1cccc(NC(=O)Nc2cccc(Nc3ncnc4ccccc34)c2)c1
580	mol380	-12.84	Cc1ccc(C(=O)Nc2ccc(S(=O)(=O)N(C)c3ccccc3)cc2)cc1NC(=O)c1ccc(C(=O)O)cc1
580	mol143	-12.83	Cc1ccc(C(=O)Nc2ccc(S(O)(O)O)c3ccccc23)cc1NCc1cccc2ccccc12
580	mol199	-13.64	Cc1ccc(NC(=O)c2cccc(C(F)(F)F)c2)cc1Nc1nccc(-c2c[nH]c3ncccc23)n1
580	mol295	-12.8	CNC(=O)c1cccc(NC(=O)Nc2cccc(-c3cccc(C(=O)O)c3)c2)c1
580	mol267	-12.59	Cc1ccc(Nc2nccc(-c3c[nH]c4ccccc34)n2)c(C)c1
580	mol327	-13.32	C[C@@H](Nc1nccc(-c2cccnc2)n1)c1ccc2c(c1)CCN(C(=O)Cc1ccc(C(F)(F)F)cc1)CC2
580	mol438	-12.44	Cc1ccc(C(=O)Nc2cccc(C(=O)Nc3cccc(Oc4ccnc[n+]4[O-])c3)c2)cc1
580	mol478	-12.81	Cc1ccc(C(=O)Nc2ccc(Oc3ccncc3)cc2)cc1NC(=O)c1cccc(NS(=O)(=O)c2ccccc2)c1
580	mol18	-12.75	CN(Cc1cnc2nc(N)nc(N)c2n1)c1ccc(C(=O)NCc2ccc(NC(=O)Cc3ccccc3)cc2)cc1
580	mol91	-12.1	Nc1ccc(CNC(=O)NCCNC(=O)c2ccc(NC(=O)c3cc4ccccc4o3)cc2)cc1
580	mol96	-13.16	C[C@@H](NC(=O)c1c[nH]c2ncc(NC(=O)c3ccc4nccnc4c3)cc2c1=O)c1cccc2ncccc12
580	mol323	-13.08	Cc1ccc(C(=O)Nc2ccc(Oc3ccnc4[nH]ccc34)cc2)cc1NC(=O)c1cnccn1
580	mol278	-12.35	COc1ccc(Nc2nccc(-c3c[nH]c4ccccc34)n2)cc1NC(=O)c1ccc(N)cc1
580	mol490	-12.19	Cc1cncc(-n2nc(C(=O)O)c3ccc(C(=O)NCc4ccc(/C=N/NC(=O)c5ccccc5)cc4)cc32)c1
580	mol152	-12.9	CCC(=O)Nc1ccc(Oc2nc(Nc3ccc(NC(=O)[C@@H]4CCCN(C(=O)/C=C\c5ccc(F)cc5)CC4)cc3)ncc2Cl)c(F)c1
580	mol307	-12.05	Cc1ncccc1-c1ccc(C(=O)Nc2cccc(-c3ccccc3C[NH+]3CCCCC3)c2)cc1
580	mol282	-13.43	Cc1ccc(NC(=O)c2cccc(-c3ccccc3)c2)cc1Nc1nccc(-c2ccccn2)n1
580	mol415	-12.19	CN(c1ccc(NC(=O)c2ccc(Cl)c(NC(=O)c3ccccc3)c2)cc1)c1ccccn1
580	mol63	-12.36	COc1cccc(Nc2ncc(-c3cccc(C(=O)Nc4ccc(Cc5nc(C)cs5)cc4)c3)[nH]2)c1
580	mol493	-12.05	Cc1ccc(-n2nc(C(=O)NCc3ccccc3)cc2NC(=O)Nc2ccc(Oc3ccccc3)cc2)cc1
580	mol330	-12.5	C[C@@H](Cc1ccc(C(=O)O)cc1)NC(=O)c1ccc(-c2ccc(Cc3cccc(Cl)c3)cc2)cc1
580	mol480	-13.43	CN(c1ccc(NC(=O)c2ccc(F)c(Nc3ccnc4ccc(Cl)cc34)c2)cc1)c1ccc(NC(=O)[C@H]2C[C@@H](O)[C@@H](NCc3ccc(F)cc3)C2)cc1
580	mol275	-12.99	Cc1ccccc1-c1ccc(C(=O)Nc2ccc(Oc3ccccc3)cc2)cc1
580	mol167	-12.39	Cc1ncc(-c2cnn(C3CCN(C(=O)Cc4ccccc4)CC3)c2)c2[nH]ccc12
580	mol333	-12.13	NC(N)c1ccc(NC(=O)c2cccc(Cn3cc(CC(=O)O)c4ccccc43)c2)cc1
580	mol329	-12.34	Cc1ccc(C(=O)Nc2ccc(Oc3ccncc3)cc2)cc1Nc1ncnc2ccc(N3CCCCC3)cc12
580	mol499	-12.55	Cc1ccccc1C(=O)Nc1cccc(OCc2nnc(-c3ccc4c(c3)OCO4)o2)c1
580	mol293	-12.19	Cc1ccc(NC(=O)c2ccccc2OC2CCN(C(=O)CC(c3ccccc3)c3ccccc3)CC2)cc1NC(=O)c1ccccc1C(F)(F)F
580	mol444	-12.18	Cc1ccc(NC(=O)c2ccc(C[N@H+]3CC[N@H+](C)CC3)cc2)cc1Nc1nccc(-c2cccnc2)n1
580	mol57	-12.12	Cc1ccccc1-c1ccc(-c2ncc(CNc3ccc([N+](=O)[O-])cc3)o2)cc1
580	mol322	-12.76	Cc1ccc(-c2cc(=O)n3cc(-c4ccccc4O)ccc3n2)cc1
580	mol129	-12.26	COc1ccc(C(=O)Nc2ccc(Oc3ccc(NC(N)=O)cc3)cc2)cc1NCc1cccc(C(=O)O)c1
580	mol77	-12.75	NC(N)c1ccc(COc2ccc(C(=O)c3cccc(Nc4cccc(C(=O)O)c4)c3)cc2C(=O)O)cc1
580	mol38	-12.03	Cc1ccc(Nc2ccc(-c3ccc(C(=O)O)cc3C(=O)O)cc2F)c(N)n1
580	mol474	-12.69	Cc1ccn(-c2cccc(C(=O)Nc3cccc(-c4ccccc4)c3)c2)c(=O)c1O
580	mol198	-13.02	Cc1ccc(C(=O)Nc2ccc(C(=O)NO)s2)cc1NCc1cccc(-c2cccc(C(=O)O)c2)c1
580	mol430	-13.1	Cc1ccc(C(=O)NC2CC2)cc1-c1ccc2c(Nc3cccc(C(=O)NCC4(C(=O)Nc5ccccc5CNC(=O)OC(C)(C)C)CCC4)c3)n[nH]c2c1
580	mol441	-12.41	Cc1cccc(Oc2ccc(Nc3ccnc(-c4ccccc4)n3)cc2)c1
580	mol389	-12.07	CC(=O)Nc1ccc(Oc2cccc(-c3cnc4cccc(N)c4n3)c2)cc1
580	mol142	-12.07	Cc1ccc(Nc2ncc(C(=O)Nc3ccc(C(=O)N[C@H](C)c4ccccc4)cc3)s2)cc1NC(=O)Cc1ccccc1
580	mol125	-12.09	Cc1cccc(Nc2nccc(-c3c[nH]c4ccccc34)n2)c1C
580	mol371	-12.19	Cc1ccc(C(=O)Nc2cccc(Nc3nccc(-c4ccccn4)n3)c2)cc1
580	mol161	-12.29	Cc1ccc(NC(=O)Nc2ccc(Oc3ccnc(Nc4ccccc4)n3)cc2)cc1Nc1ncccn1
580	mol496	-12.15	Cc1ccc(NC(=O)c2ccc(Cn3cc(C#N)c4ccc(C(=O)O)cc43)cc2)cc1Nc1ncnc2[nH]ccc12
580	mol104	-12.21	Cc1nc(C(=O)NCc2ccccc2Cl)sc1C(=O)Nc1ccc(NC(=O)c2ccccc2)cc1
580	mol173	-12.01	CNC(=O)c1ccnc(C(=O)Nc2ncc(Cc3ccc(NC(=O)c4cccc(C(=O)O)c4)cc3)s2)c1
580	mol31	-12.54	Cc1ccc(C(=O)Nc2ccc(C(=O)NCc3ccc(Cl)cc3)cc2)cc1Nc1ncnc2ccc(N3CCCCC3)nc12
580	mol47	-12.62	Cc1ccc(C(=O)Nc2cc(C(=O)Nc3cc(C(=O)Nc4cccc(C(=O)O)c4)[nH]n3)ccc2Cl)cc1
580	mol201	-12.67	Cc1ccc(C(=O)Nc2cncc(C(=O)Nc3ccc(Cl)nc3)c2)cc1Nc1ncnc2cccnc12
580	mol107	-12.1	Cc1nn(Cc2ccccc2)c(N)c1Cc1ccc(-c2nc3ccccc3c(=O)[nH]2)cc1
580	mol103	-12.11	Cc1cc(Nc2nccc(-c3cnc4ccccc4n3)n2)cc(N2CCCC2=O)c1
580	mol131	-12.4	CN(Cc1cnc2nc(N)nc(N)c2n1)c1ccc(C(=O)N[C@@H](Cc2ccc(O)cc2)C(=O)Nc2cccc(S(N)(=O)=O)c2)cc1
580	mol214	-12.57	Cc1cccc(-c2nnc(-c3ccc(/N=C/c4ccccc4C(F)(F)F)cc3)[nH]2)c1
580	mol58	-14.44	Cc1ccc(NC(=O)c2cccc(Nc3ncnc4ccccc34)c2)cc1NC(=O)c1ccc(-c2ccccc2)cc1
580	mol248	-12.11	Cc1ccc(Oc2cccc(-c3ncc(C(=O)O)c(=O)n3C)c2)cc1NS(=O)(=O)c1ccc(N)cc1
580	mol343	-12.87	Cc1ccc(C(=O)Nc2ccc(-c3cccc(CN)c3)cc2C(=O)O)cc1
580	mol465	-12.48	Cc1ccc(F)cc1NC(=O)c1cccc(NC(=O)Cc2ccccc2)c1
590	mol442	-12.04	Cc1cccc(-n2nc(C(C)(C)C)cc2NC(=O)Nc2ccc(Oc3ccnc4[nH]ccc34)cc2)c1
590	mol284	-12.87	CC(=O)NS(=O)(=O)c1cccc(-c2cccc(CNc3ccnc(Nc4cccc(C(=O)O)c4)n3)c2)c1
590	mol405	-12.19	CNC(=O)c1ccc(Oc2ccc(NC(=O)c3ccccc3C(F)(F)F)cc2)cc1
590	mol141	-12.09	Cc1ccccc1C(=O)Nc1cccc(-c2nnc(NC(=O)c3ccccc3Cl)s2)c1
590	mol459	-12.37	CC(=O)Nc1ccc(NC(=O)c2cccc(Cn3cc(Cc4cccc(OC[C@H]5CCCN(C)C5)c4)cn3)c2)cc1
590	mol347	-12.54	CNC(=O)c1ccc(-c2ccc(Oc3ccc(-c4cnc(C5CCC5)[nH]4)cc3)cc2C(=O)O)cc1
590	mol45	-14.06	Cc1ccc(C(=O)Nc2ccc(Oc3ccnc4cc(-c5ccc(C(=O)O)cc5)ccc34)c(N)c2)cc1
590	mol155	-12.59	Cc1cccc(CNC(=O)c2cc(C(=O)Nc3cccc(NC(=O)Nc4ccccc4)c3)cc(N3CCCCC3)n2)c1
590	mol390	-12.3	Cc1ccc(C(=O)Nc2ccc(C[N@H+]3CC[N@H+](C)CC3)c(C(F)(F)F)c2)cc1Nc1ncnn2cc(C(=O)NC(C)(C)C)cc12
590	mol470	-12.9	Cc1ccc(NC(=O)c2cccc(Cn3cccnc3=O)c2)cc1Nc1nccc(-c2cccnc2)n1
590	mol319	-13.45	Cc1ccc(Oc2cccc(NC(=O)c3ccccc3)c2)cc1NC(=O)c1ccc(-n2ccccc2=O)cc1
590	mol270	-12.77	CNC(=O)c1ccc(-c2ccnc(Nc3ccc(C)c(NC(=O)c4ccccc4C)c3)n2)cc1
590	mol143	-12.03	Cc1ccc(CCC(=O)Nc2ccn(C(=O)c3cccc(C(F)(F)F)c3)n2)cc1
590	mol179	-12.35	Cc1ccc(Nc2ccc3nc(N)cc(N)c3c2)cc1Nc1ncnc2ccccc12
590	mol20	-13.52	Cc1ccccc1NC(=O)c1cccc(NC(=O)Cc2cccc(NC(=O)[C@@H]3CCCN(C(=O)OCc4ccccc4)C3)c2)c1
590	mol345	-12.56	Cc1ccc(Nc2ncnc(Nc3ccc4ccccc4c3)n2)cc1NC(=O)c1ccccc1
590	mol207	-12.42	CC/C=C(/c1ccc(OCc2ccc(C(=O)O)cc2)cc1)c1ccc(C(=O)O)c(Oc2ccc(Cl)c(C(=O)O)c2)c1
590	mol12	-12.92	Cc1ccc(C(=O)Nc2ccc(Nc3ccnc4cc(Cl)ccc34)cc2)cc1Nc1ncccc1-c1ccncn1
590	mol272	-12.32	CNc1ccc(C(=O)O)cc1Nc1ccnc(-c2ccc(C(=O)NS(=O)(=O)c3cccc(C(F)(F)F)c3)cc2)n1
590	mol240	-12.43	Cc1ccc(C(=O)Nc2ccc(Cl)c(C(F)(F)F)c2)cc1NC(=O)c1c[nH]c2ncc(-c3cccc(F)c3)nc12
590	mol189	-12.51	Cc1ccc(NC(=O)c2cccc(Cc3ccc(C(N)N)cc3)c2)cc1Nc1ncccc1-c1ccncc1
590	mol300	-12.07	Cc1cccc(-c2cn(-c3cc(O)cc(C(=O)O)c3Cl)cn2)c1
590	mol5	-12.83	Cc1ccc(C(=O)Nc2cccc(-c3ccn4c(-c5ccccc5)cnc4c3)c2)cc1
590	mol29	-13.42	COc1ccc(NC(=O)c2ccc(NC(=O)c3cc(=O)n4ccccc4n3)cc2)cc1N1CC(=O)Nc2ccccc21
590	mol438	-12.68	Nc1ccc(-c2ccc(Cn3ccc(NC(=O)c4cccc(CCC(=O)O)c4)n3)cc2)cc1
590	mol490	-12.63	c1ccc(Oc2cccc(N3CCN(c4ncnc5ccccc45)CC3)c2)cc1
590	mol266	-12.34	Cc1cn(Cc2cccc(C(=O)Nc3ccc(C(N)N)cc3)c2)c2cccc(N3CC[C@H](CO)C3)c12
590	mol415	-12.81	CN(c1ccc(C(=O)O)cc1)S(=O)(=O)c1ccc(-c2ccc(S(=O)(=O)Nc3ccccn3)cc2)cc1
590	mol56	-12.08	Cc1cc(C(=O)NC#N)ccc1Nc1ncc(Cl)c(-c2c[nH]c3ncccc23)n1
590	mol245	-12.18	CN(C)C(=O)c1ccc(-c2cnc(Nc3ccc(C(=O)N[C@H]4CC[C@H](O)CC4)cc3)s2)cc1
590	mol271	-12.15	Cc1ncccc1NCc1ccc(C(=O)N2CCN(S(=O)(=O)c3ccc(Cl)cc3)CC2)cc1
590	mol386	-12.13	Cc1cccc(C(=O)Nc2cccc(Nc3ncnc4ccccc34)c2)c1
590	mol166	-12.35	Cc1cccc(CNC(=O)c2cccc(Nc3ccnc4ccccc34)c2)c1
590	mol489	-13.28	Cc1ccc(Nc2ccc(NC(=O)c3ccc(C(=O)Nc4ccccc4N)cc3)cc2C(=O)O)cc1CNC(=O)c1cccc(C(=O)O)c1
590	mol381	-12.11	Nc1ncc(-c2cnc(C3CC3)[nH]2)nc1C(=O)Nc1ccc(NC(=O)c2cccc(C(=O)O)c2)cc1
590	mol180	-12.3	CNC(=O)c1ccc(C)c(Nc2ccnc(Nc3cc(C)c(C)c(C)c3)n2)c1
590	mol314	-12.2	Cc1ccc(C(=O)NCCc2ccc(OS(N)(=O)=O)cc2)cc1Nc1ncnc2cnc(Nc3ccc(N4CCS(=O)(=O)CC4)cc3)nc12
590	mol77	-12.84	Cc1cccc(Cc2cc(N3CCC[C@H](Cc4ccccc4)C3)ncn2)c1
590	mol494	-12.01	Cc1ccc(-c2ncc(C(=O)Nc3cccc(CNc4cccc(CO)c4)c3)o2)cc1
590	mol394	-12.57	Cc1cn(Cc2cccc(C(=O)Nc3cccc(C(=O)O)c3)c2)cc1C(=O)c1cccc(O)c1O
590	mol174	-12.2	Cc1ccc(C(=O)Nc2ccc(C[N@H+]3CC[N@@H+](C)CC3)c(C(F)(F)F)c2)cc1NC(=O)c1ccc(N2CC[NH+](C)CC2)cc1
590	mol430	-12.31	Cc1ccc(Cc2cccc(Nc3ccnc4cc(Cl)ccc34)c2)cc1
590	mol110	-12.58	Cc1nc(-c2ccc(Cl)cc2)sc1C(=O)Nc1cccc(S(=O)(=O)Nc2ccnc3cc(Cl)ccc23)c1
590	mol121	-12.3	CS(=O)(=O)NCc1ccc(/C=N\OC(=O)c2ccc(O)c(Nc3cccc4ccccc34)c2)cc1
590	mol363	-12.38	Cc1ccc(Oc2nccc(-c3cccc(CNc4ccncc4)c3)n2)cc1NC(=O)c1ccc(C#N)cc1
590	mol263	-12.38	Cc1ccc(Nc2nccc(-c3cccnc3)n2)cc1NC(=O)c1ccc(Oc2cccnc2)cc1
590	mol395	-12.31	Cc1ccc(Oc2ccc(Nc3ccc4ncccc4c3)cc2C(=O)O)c(Cc2ccc(N)cc2)c1
590	mol257	-12.24	CN(Cc1ccc(Cl)cc1)C(=O)c1ccc(NC(=O)c2ccccc2NC(=O)c2cccc(NC(=O)c3ccc(Cl)cc3)c2)cc1
590	mol378	-12.12	Cc1ccc(Cl)c(Nc2nccc(-c3c[nH]c4ccccc34)n2)c1
590	mol224	-12.94	CC(=O)Nc1cccc(NC(=O)c2cccc(NC(=O)c3ccc4ccccc4n3)c2)c1
590	mol122	-12.63	Cc1ccncc1NC(=O)c1ccc(Nc2ncc3cc(-c4ccc(Cl)cc4)cnc3n2)cc1
590	mol15	-13.24	Cc1ccc(NC(=O)c2ccc(CNC(=O)c3cccc4ccccc34)cc2)cc1NC(=O)c1ccccc1C(=O)O
590	mol178	-12.11	CCc1cccc(CC)c1NC(=O)c1ccc(Oc2ccc(NC(=O)c3cc4ccccc4o3)cc2)cc1
590	mol17	-12.54	Cc1ccc(Nc2nccc(-c3c[nH]c4ccccc34)n2)cc1NC(=O)c1cccnc1
590	mol205	-13.64	Cc1nn(-c2cccc(-c3ccc(C(=O)Nc4cccc(F)c4)cc3)c2)c2cc(N)ccc12
590	mol235	-12.14	CC#Cc1ccc(Cc2cc(-c3ccc(-c4nnc5ccccn45)c(OC)c3)[nH]n2)cc1
590	mol436	-12.26	Cn1cc(-c2ccccc2)cc1NC(=O)c1ccc(-c2ccc(C(=O)O)cn2)s1
590	mol486	-12.17	Cc1ccc(C(=O)Nc2ccc(C(N)N)cc2)cc1Nc1nccc(-c2cccnc2)n1
590	mol58	-12.25	Cc1ccc(C(=O)Nc2ccc(C(=O)NCc3cccnc3)cc2)cc1NC(=O)c1ccccc1C(=O)O
590	mol183	-12.24	COc1cc(OC)c(N2CC[NH+](C)CC2)cc1NC(=O)Nc1cccc(C(=O)N2CCC[C@@H](c3ccccc3)C2)c1
590	mol476	-12.3	CN1C=CN(c2ccc(-c3ccc4ccccc4n3)cc2C(=O)NO)C(=O)c2[nH]ccc21
590	mol246	-13.02	Cc1ccc(NC(=O)c2ccc(C(=O)NCc3ccc(C(F)(F)F)cc3)cc2)cc1Nc1ncnn2cc(-c3ccccc3)cc12
590	mol41	-12.96	Cc1cc(Nc2cc(N)ncn2)ccc1NC(=O)c1ccc(NC(=O)Nc2ccccc2)cc1
600	mol443	-12.14	Cc1ccc(C(=O)Nc2ccc(Oc3ccncc3)cc2)cc1NC(=O)c1ccc(O)cc1O
600	mol225	-12.56	CNC(=O)c1cc(Oc2ccc(N)cc2O)cc(-c2ccc(-c3ccc(S(=O)(=O)NC(=O)CCc4ccccc4)cc3)cc2C(=O)O)c1
600	mol346	-13.04	CC(=O)Nc1ccc(Oc2ccc(NC(=O)Nc3ccc(CNC(=O)/C=C\c4cccc(C(=O)O)c4)cc3)cc2)cc1
600	mol391	-12.55	Cc1cc(C)cc(Nc2nccc(Nc3ccc4ccccc4c3)n2)c1
600	mol165	-13.12	Cc1ccc(C(=O)Nc2ccc(Oc3ccnc4cc(N)ccc34)c3ccccc23)cc1NS(=O)(=O)c1ccc(C(=O)O)cc1
600	mol428	-12.32	Cc1ccc(Oc2ccc(-c3ccccc3CNC(=O)c3ccc4ccccc4n3)cc2)cc1
600	mol384	-12.14	Cc1cccc(C(=O)Nc2cccc(Nc3ncnc4ccccc34)c2)c1
600	mol367	-12.04	CCCc1ccc(Nc2nccc(Cc3ccnc4cc(Cl)ccc34)n2)cc1
600	mol81	-12.3	CCc1ccc(C(C)C)cc1NC(=O)c1ccnc(NC(=O)Cc2ccccc2)c1
600	mol241	-13.34	Cc1ccccc1NC(=O)c1ccnc(-c2ccnc(Nc3cccc(CC(=O)O)c3)n2)c1
600	mol106	-12.36	Cc1ccc(C(=O)Nc2cc(C(F)(F)F)cc(C(F)(F)F)c2)cc1NC(=O)c1cnn(-c2ccccc2)c1
600	mol380	-12.05	Cc1ccc(C(=O)NCc2cn(CCc3ccccc3)nn2)cc1NCc1cccc(OCc2ccccc2)c1
600	mol261	-12.58	Cc1ccc(C(=O)Nc2ccc(C[N@H+]3CC[N@@H+](C)CC3)c(C(F)(F)F)c2)cc1C(=O)Nc1ccc(N2CCOCC2)cc1
600	mol338	-13.13	CC(=O)Nc1ccc(Nc2ncc3cc(-c4ccc(CC(=O)O)cc4C(F)(F)F)ccc3n2)cc1
600	mol187	-12.49	Cc1cccc(-c2nn(-c3cccc(-c4ccccc4)c3)cc2C(=O)N2CCSC(C)(C)C2)c1
600	mol14	-13.45	Cc1ccc(F)cc1C(=O)Nc1ccc(Oc2ccnc(Nc3cccc(-c4ccccc4F)c3)c2)cc1
600	mol100	-12.25	Cc1ccc(C(=O)Nc2ccc(C[N@H+]3CC[N@@H+](C)CC3)c(C(F)(F)F)c2)cc1NC(=O)c1ccc(-c2ccccn2)s1
600	mol295	-12.11	NC(=O)c1ccc(Oc2cccc(Nc3ccnc4ccccc34)c2)cc1
600	mol12	-12.6	Cc1ccc(C(=O)Nc2ccc(-c3cnc(N)c(C(=O)NCc4ccccc4)c3)cc2)cc1
600	mol86	-12.55	Cc1ccc(Nc2nccc(-c3cccnc3N)n2)cc1Nc1ccnc(Nc2ccc(CC(=O)O)cc2)n1
600	mol267	-12.65	Cc1ccccc1-c1cccc(Cn2cc(-c3ccc(C(=O)O)cc3)nn2)c1
600	mol377	-12.11	Cc1ccc(-c2nccn2Cc2ccc(C(=O)c3ccccc3O)cc2)cc1
600	mol169	-12.72	Cc1ccc(C(=O)Nc2cccc(C(=O)O)c2)cc1Nc1ncnn2cc(C(=O)c3ccccc3)cc12
600	mol283	-12.1	Cc1ccc(C(=O)Nc2cccc(Oc3ccnc4ccccc34)c2)cc1
600	mol438	-12.01	Cc1ccc(C(=O)Nc2ccc(Oc3ccnc4[nH]ccc34)cc2)cc1
600	mol19	-12.43	Cc1ccc(NC(=O)c2ccc(C(=O)NCc3ccccc3)cc2)cc1-c1nc2ccncc2[nH]1
600	mol357	-12.36	Cn1cccc1-c1ccc(Oc2ccc(NC(=O)Nc3ccc(Cl)c(C(=O)O)c3)cn2)cc1
600	mol253	-12.47	Cc1ccc(NC(=O)c2cccc(CC(=O)O)c2)cc1Nc1nccc2cc(N3CCOCC3)ccc12
600	mol18	-13.13	Cc1cccc(Cc2n[nH]c(-c3cccc(-c4ccccc4)c3O)c2N)c1
600	mol195	-12.03	CC(=O)c1cccc(NC(=O)c2cccc(Nc3ccnc4ccccc34)c2)c1
600	mol13	-12.49	Cc1ccccc1CC(=O)Nc1ccc(-c2nnc(-c3ccc4ccccc4c3)o2)cc1
600	mol404	-12.22	Cc1ccc(Cl)c(COc2ccc(Nc3cccc4cc(C(=O)O)ccc34)cc2)c1
600	mol8	-12.58	Cc1ccc(C(=O)Nc2ccc(C[N@H+]3CC[N@H+](C)CC3)c(C(F)(F)F)c2)cc1NC(=O)c1ccc(-n2cccn2)cc1F
600	mol307	-12.8	Cc1ccc(C(=O)Nc2ccc(C[N@H+]3CC[N@@H+](C)CC3)c(C(F)(F)F)c2)cc1Nc1ncnn2cc(C(=O)c3ccccc3)c(N)c12
600	mol373	-12.91	Cc1ccc(-c2nc3ccc(C(=O)Nc4ccc(C(=O)N[C@H]5CCC[N@@H+](C)CC5)cc4)cc3[nH]2)cc1
600	mol215	-12.43	CC(=O)Nc1ccc(NC(=O)Nc2cccc(-c3nncn3Cc3ccc(C(=O)O)cc3)c2)cc1
600	mol480	-13.05	Cc1ccc(C(=O)Nc2ccc(C[N@H+]3CC[N@@H+](C)CC3)c(C(F)(F)F)c2)cc1Nc1ncnn2cc(C(=O)NC(=O)c3ccccc3)cc12
600	mol332	-12.53	Cc1ccc(Oc2ccc(N)c(C(=O)NCc3ccccc3)c2)cc1NC(=O)c1cccc(C(=O)O)c1
600	mol329	-14.19	Cc1ccc(C(=O)Nc2ccc(Oc3ccnc4cc(N)ncc34)cc2)cc1NC(=O)c1cccc(Oc2ccccc2)c1
600	mol293	-12.41	Cn1cc(-c2cccnc2)c2cc(-c3ccc4oc(=O)ccc4c3)ccc21
600	mol239	-12.14	Cc1ccc(C(=O)Nc2cccc(C(=O)c3cccc(C(=O)O)c3)c2)cc1
600	mol402	-12.5	Cc1ccc(C(=O)Nc2ccc(-c3ccccc3)cc2C(=O)O)cc1
600	mol457	-12.16	Cc1cn(-c2nc(Nc3ccc(C(=O)O)c(C)c3)ncc2F)cc1C[N@@H+]1CC[C@@H](O)C1
600	mol314	-12.14	Cc1cccc(Cc2cc(-c3ccc(-c4ccccc4S(=O)(=O)C(=O)O)cc3)cnc2N)c1
600	mol160	-12.34	Nc1ccccc1-c1cncc(Nc2cccc(-c3ccccn3)c2)c1
600	mol294	-13.26	Nc1ccc(C(=O)Nc2cccc(-c3c[nH][nH]c3=O)c2)cc1Nc1nccc(-c2ccccn2)n1
600	mol11	-12.18	CC(=O)Nc1cccc(-c2cnc3ccc(-c4cccc(C(=O)Nc5cccc(C(=O)O)c5)c4)nn23)c1
600	mol110	-12.12	Cc1ccc(Nc2nc(OCC3CCCCC3)c3nc[nH]c3n2)cc1NC(=O)c1ccc(Cl)cc1
600	mol208	-12.59	Cc1ccccc1-c1cccc(C(=O)Nc2cccc(Oc3ccccc3)c2)c1
600	mol147	-13.14	Cc1ccc(NC(=O)c2cccc(N3CCOCC3)c2)cc1Nc1ncnn2cc(-c3ccccc3)cc12
600	mol66	-12.44	Cc1ccc(C(=O)Nc2ccc(Oc3ccnc(Nc4cccc(C(=O)O)c4)n3)cc2)cc1
600	mol371	-13.37	Cc1ccc(NC(=O)c2cccc(NC(=O)c3cccc(Cl)c3)c2)cc1Nc1ncnc2ccccc12
600	mol280	-12.63	Cc1ccc(NC(=O)c2cccc(Cn3cc(NC(=O)c4ccccn4)cn3)c2)cc1Nc1ncccn1
600	mol406	-12.29	Cc1ccc(NC(=O)c2ccc(OCc3ccccc3)cc2)cc1Nc1ccnc(NCc2cccc(S(C)(=O)=O)c2)n1
600	mol131	-12.25	Cc1ccc(C(=O)Nc2ccc(S(O)(O)O)c3cc(S(O)(O)O)ccc23)cc1NC(=O)c1ccccc1O
600	mol238	-12.73	Cc1ccc(C(=O)Nc2cccc(C(F)(F)F)c2)cc1Nc1ncnn2cc(C(=O)Nc3ccccc3)cc12
600	mol483	-12.43	CC(=O)Nc1ccc2c(Nc3cccc(NC(=O)c4ccccc4)c3)n[nH]c2c1
600	mol151	-12.49	CC(=O)Nc1ccc(C(=O)Nc2ccc(Oc3ccccc3)cc2C(=O)O)cc1
600	mol431	-12.16	Cc1ccc(C(=O)Nc2ccc(N(C)C)cc2)cc1NC(=O)c1cnc(-c2ccccc2)nc1
600	mol248	-13.11	Cc1c(C(=O)c2ccc(F)cc2)c(=O)oc2cc(O[S@OH26](O)(O)(O)(O)O)cc(O)c12
600	mol134	-12.63	Cc1cc(COc2ccc(-c3nc4ccc(C(N)N)cc4[nH]3)cc2F)ccc1O
600	mol305	-12.18	Cc1ccc(Nc2nccc(Nc3ccc4ccccc4n3)n2)cc1C(=O)O
600	mol158	-12.41	Cc1ccccc1-c1ccc(C(=O)Nc2ncc(Cc3ccccc3)s2)cc1
60	mol348	-12.9	c1ccc(Oc2cccc(-c3cccc(-c4ccccc4)c3)c2)cc1
60	mol237	-12.03	Cc1c(C[NH+]2CCN(C(=O)Cc3cccc(Cc4ccccc4)c3)CC2)sc2ccc(Cl)cc12
60	mol132	-12.23	Nc1nccc(Cc2ccc(CCc3nc(Nc4ccc(C(F)(F)F)cc4)ccc3Cl)cc2)n1
60	mol321	-12.75	Cc1cc(Nc2nc(-c3cccc(C(=O)Nc4ccc(C(=O)O)cc4)c3)c[nH]c2=O)ccc1F
60	mol327	-13.05	Cc1ccccc1Nc1cc(-c2ccc(C(=O)Nc3cc(C(=O)NCCC[NH+]4CCCCC4)ccc3N)cc2)c(C(=O)O)cn1
60	mol185	-13.08	Cc1c(-c2ncc(Cc3ccccc3)s2)ccc(-c2cccc(C(=O)O)c2)c1O
60	mol434	-12.46	Nc1ncc(-c2ccc(-c3ccc([C@H]4C(=O)Nc5c(F)cccc5[C@@H](O)[C@@H]4O)s3)s2)cc1F
60	mol416	-12.32	Cc1cc(N2CCOCC2)ccc1Nc1ccc2[nH]c(-c3[nH]nc4ccccc34)nc2c1
60	mol282	-12.67	Cc1c(-c2nc(O)c(C(=O)c3ccccc3)c(=O)[nH]2)cccc1S(N)(=O)=O
60	mol418	-12.26	Cc1c(NC(=O)c2ccc(-c3cc(C(N)=O)ccc3O)cc2)cccc1S(=O)(=O)Nc1cccc2cnccc12
60	mol333	-12.03	Cc1cc(C(F)(F)F)nc(/N=C/c2ccc(C(=O)Nc3ncc(C(=O)Nc4ccccc4)s3)cc2)n1
60	mol247	-12.02	Clc1ccc2c(NCCc3ccc(Nc4ncnc5ccccc45)cc3)ccnc2c1
60	mol303	-12.6	Cc1c(C(=O)Nc2ccc(Cl)cc2)oc2ccc(-c3noc4cc(O)ccc34)cc12
60	mol294	-13.07	c1ccc(Nc2cc3c(-c4cccc(NCc5cccc6ccccc56)c4)cccc3[nH]2)nc1
60	mol388	-12.2	c1ccc(-c2[nH]ncc2-c2ccc(Nc3ncc4cnc5[nH]ccc5c4n3)cc2)cc1
60	mol83	-12.8	CNC(=O)[C@H](Cc1ccc(OCc2ccccc2)c(C(=O)O)c1)NC(=O)c1ccc(Oc2ccc(NC(=O)c3cc4ccccc4o3)cc2)cc1
60	mol354	-12.22	CC(=O)N(c1ccc(Oc2ccc(N)cn2)cc1)[C@H]1C(=O)Nc2c1cnn2-c1ccccc1F
60	mol257	-12.01	Cc1ccc(C(=O)Nc2ccc(Oc3ccnc4cc(Cl)ccc34)cc2)cc1
60	mol485	-12.59	Cc1nc(-c2ccn3c(-c4cccc(Nc5cccc(C(=O)NCCO)c5)c4)cnc3c2)cs1
60	mol47	-12.57	CN1CC=C(c2cnc(Nc3ccc(C(=O)N(Cc4cccc(F)c4)[C@@H]4CCC(F)(F)C4)c4ccccc34)s2)CC1
60	mol251	-12.16	Cc1nc(Nc2ncc(C(=O)Nc3cccc(Nc4ncccc4C(C)(C)C)c3)s2)cc(N2CCN(C(=O)c3ccc4ccccc4c3)CC2)n1
610	mol487	-12.22	CC(=O)Nc1cccc(Oc2ccnc(Nc3ccc(C(=O)O)c(NC(=O)c4ccccc4)c3)n2)c1
610	mol289	-12.55	Cc1ccc(C(=O)Nc2ccc(C[N@H+]3CC[N@@H+](C)CC3)c(C(F)(F)F)c2)cc1Nc1ncnc2cnc(Nc3cccc(-c4ccccn4)c3)nc12
610	mol264	-12.57	Nc1ccc(-c2n[nH]c(-c3cccc(C(=O)c4ccccc4)c3)n2)cc1
610	mol348	-12.51	Cc1ccc(Nc2ccc(=O)n(CC(=O)Nc3cccc(C(=O)O)c3)n2)cc1NC(=O)c1ccccc1F
610	mol106	-12.25	Cc1ccc(O)cc1NC(=O)c1ccc(CNS(=O)(=O)c2ccc(Oc3ccccc3)cc2)cc1
610	mol365	-12.12	CNC(=O)c1ccc(-c2cccc(C(=O)NCc3ccccc3)c2)c(COc2ncn[nH]2)c1
610	mol470	-12.43	CC(C)c1ccccc1-c1ccc(Nc2nc3ccc(-c4ccccc4)cc3[nH]2)cc1
610	mol319	-12.12	Cc1cccc(C(=O)Nc2ccc(C(=O)NO)cc2)c1Nc1ccnc(Nc2ccc(Cl)cc2)n1
610	mol112	-12.09	Cc1ccc(-c2nc(COc3ccccc3)[nH]c2-c2ccc(NC(=O)c3ccc4ccccc4n3)cc2)cc1
610	mol374	-13.77	Cc1ccc(C(=O)Nc2ccc(Nc3ccnc4cc(Cl)ccc34)cc2)cc1NC(=O)c1ccc(Cl)cc1
610	mol338	-12.91	CCc1[nH]c(C(=O)Nc2cccc3ccccc23)cc1C(=O)Nc1ccc(Cl)c(C(F)(F)F)c1
610	mol143	-13.39	Cc1ccc(C(=O)Nc2ccc(C(=O)NCc3ccccc3)cc2)cc1NC(=O)c1ccc(Cc2ccc(O)c(C(=O)O)c2)cc1
610	mol187	-12.37	Cc1ccc(Oc2ccc(NC(=O)c3ccc4ccccc4c3)cc2C(=O)O)cc1F
610	mol340	-12.69	Cc1ccc(NC(=O)c2cccc(Cc3n[nH]c(=O)c4ccccc34)c2)cc1NC(=O)c1ccc(C#N)cc1
610	mol197	-13.83	Cc1ccc(NC(=O)c2cccc(Cc3ccc(C(=O)O)cc3)c2)cc1NC(=O)c1ccc2ccccc2c1
610	mol168	-12.51	Cc1ccc(NC(=O)c2cccc(CC3CCCCC3)n2)cc1NC(=O)c1cccc(C(=O)O)c1
610	mol419	-12.07	Cc1ccc(C(=O)Nc2ccc(C[N@H+]3CC[N@H+](C)CC3)c(C(F)(F)F)c2)cc1Nc1ncnn2cc(C(=O)NC(C)(C)C)cc12
610	mol393	-12.54	Cc1ccc(NC(=O)c2cccc(Nc3ncnc4nc(Nc5ccccc5)ncc34)c2)cc1
610	mol318	-12.28	[H][P@TB5](O)(O)(O)CCCOc1ccc2c(Nc3cc(NC(=O)c4cccc(CC(=O)O)c4)ccc3C)ccnc2c1
610	mol65	-13.31	Cc1ccc(C(=O)Nc2ccc(S(O)(O)O)cc2)cc1NC(=O)c1ccc(-c2ccc(Cl)cc2)cc1
610	mol91	-12.14	Cc1ccccc1CNC(=O)c1ccnc(NC(=O)Nc2cccc(C(=O)O)c2)c1
610	mol426	-12.08	Cc1ccc(Oc2ccc(C(=O)Nc3ccc(S(=O)(=O)Nc4nccs4)c(C#N)c3)cc2)cc1NS(=O)(=O)c1ccc(O)cc1O
610	mol482	-12.18	Cc1ccc(Nc2nccc(Nc3cccc4ccccc34)n2)cc1
610	mol458	-12.97	Cc1ccc(Oc2ccc(NC(=O)c3ccc(/C=C/c4ccc(C(=O)O)cc4)cc3)cc2S(=O)(=O)[PH](O)(O)O)cc1
610	mol76	-12.06	Cc1ccc(Nc2nccc(Nc3ccc4c(c3)CC(=O)N4)n2)cc1C(=O)O
610	mol307	-12.26	Cc1cccc(-c2nnc(-c3ccc4ccccc4c3)o2)c1
610	mol373	-12.36	CC(C)=CCc1cc(-c2ccc(C(=O)Nc3ccc(C(=O)O)cc3)cc2)ccc1O
610	mol36	-12.64	Cc1ccc(C(=O)Nc2ccc(Oc3ccc(C(N)N)cc3)cc2)cc1NS(=O)(=O)c1ccc(Oc2cccc(F)c2)cc1
610	mol332	-12.27	CC(=O)Nc1ccc(-c2cccc(-c3nnc(Nc4ccccc4)s3)c2)cc1
610	mol1	-12.15	C[C@H](Oc1cc(-c2ccc3cc(OCc4ccccc4)ccc3n2)ccc1C(=O)O)c1cc2ccccc2s1
610	mol271	-12.16	CC(C)(C)c1ccc(CC(=O)Nc2ccc(Nc3ccnc4ccccc34)cc2)cc1
610	mol234	-12.19	Cc1ccc(Nc2nccc(-c3c[nH]c4ccccc34)n2)cc1NC(=O)c1sccc1Br
610	mol162	-13.05	Cc1ccccc1-c1cccc2cc(NC(=O)c3c[nH]c4ccccc34)ccc12
610	mol239	-12.68	Cc1ccc(C(=O)Nc2ccc(Oc3ccncc3)cc2)cc1Nc1ccnc(Nc2cccc(C(=O)O)c2)n1
610	mol457	-12.56	Cc1cncc2cc(C(=O)Nc3cccc(C(=O)c4cccc(O)c4)c3)cnc12
610	mol453	-12.73	Cc1ccc(C(=O)Nc2ccc(Oc3ccnc4cc(-c5ccncc5)ccc34)cc2)cc1
610	mol474	-13.4	Cc1cc(NC(=O)c2ccc(C#N)cc2)cc(C)c1OCc1cccc(-c2ccnc3cc(Cl)ccc23)c1
610	mol174	-12.38	Cc1nc(Nc2ncc(C(=O)Nc3ccc(NC(=O)Nc4ccccc4)cc3)s2)cc(N2CCS(=O)(=O)CC2)n1
610	mol139	-12.03	CC(=O)/C=C\c1cncc(-c2ccc(C(=O)Nc3ccc(Oc4ccccc4)cc3)cc2)c1
610	mol208	-13.1	Cc1nc(COc2ccc3cc(-c4ccc(C(=O)O)cc4)ccc3c2)cc(=O)[nH]1
610	mol150	-13.56	Cc1ccc(C(=O)Nc2ccc(Oc3ncnc4ccccc34)cc2)cc1NC(=O)c1ccc(O)c(C(=O)O)c1
610	mol331	-12.86	CCOc1cc(=O)n(C)cc1-c1ccc(NC(=O)c2ccc(C(=O)Nc3ccc(C(N)N)cc3)cc2F)cc1
610	mol184	-12.53	Cc1ccc(Nc2nc3ccc(C(=O)NCCc4cccc(C(=O)O)c4)cc3n2C(=O)NC(=O)NCc2ccc3ccccc3c2)c(C)c1
610	mol485	-12.25	Cc1cccc(Nc2nccc(-n3cc(Cc4cccc(C(=O)O)c4)nn3)n2)c1
610	mol161	-12.34	Cc1ccc(C(=O)Nc2ccc(Oc3ccnc(Nc4ccc(C(=O)O)cc4)n3)cc2)cc1
610	mol3	-12.56	Cc1ccccc1-c1ccc(C(=O)Nc2ccc(Oc3ccncc3)cc2)cn1
610	mol235	-12.34	CCc1ccc(Nc2nc(-c3cccc(C(=O)NCc4cccc(C(=O)O)c4)c3)nc3ccccc23)cc1
610	mol103	-12.07	Cc1ccc(C(=O)Nc2ccc(C(=O)Nc3cccc(C(=O)O)c3)cc2)cc1
610	mol243	-12.18	Cc1ccc(C(=O)Nc2cccc(C(=O)NCc3ccc(C(=O)O)cc3)c2)cc1
610	mol151	-12.21	Cc1ccc(Oc2ccc(Nc3ncc4c(C)nn(C)c4n3)cc2)cc1NC(=O)c1ccc(C(=O)O)cn1
610	mol214	-12.17	CC(=O)Nc1cnc(Nc2cc(C3=CC(=O)N(c4ccc(Cl)cc4)C3=O)ccc2Cl)cn1
610	mol375	-12.01	Cc1ccc(C(=O)Nc2ccc(C[N@H+]3CC[N@H+](C)CC3)c(C(F)(F)F)c2)cc1Nc1ncnc2cnc(N3CC[C@H](F)C3)nc12
610	mol463	-12.06	Cc1nc(N)cc(Nc2nccc(-c3ccnc(Nc4cccc(OC(F)(F)F)c4)n3)n2)n1
610	mol464	-12.84	Cc1ccc(NC(=O)c2cccc(Oc3ccccc3)c2)cc1NC(=O)c1ccc(-c2ccc(Cl)cc2)cc1
610	mol432	-12.47	O[C@@H](Cc1cccc(F)c1)Cn1ccc(-c2ccc(Oc3ccc(-c4ccccc4)cc3)cc2)n1
610	mol460	-12.17	CNC(=O)O[N@@H+]1CCc2ccc(-c3nccc(Nc4cccc(C(=O)O)c4)n3)cc2C1
620	mol443	-12.46	Cc1ccc(/C=C/c2cccc(C(=O)NC3Cc4ccccc4C3)c2)cc1
620	mol210	-12.9	Cc1ccc(C(=O)Nc2ccc(Cn3nc(-c4ccc(Cl)cc4)cc(O)c3=O)cc2)cc1
620	mol401	-12.98	Cc1ccc(NC(=O)c2cccc(C(F)(F)F)n2)cc1C(=O)Nc1ccc(OCc2ccccc2)c(C(=O)O)c1
620	mol254	-12.16	Cc1cc(Oc2ccc(Nc3ccnc4cc(Cl)ccc34)cc2)ccc1C(=O)O
620	mol324	-12.38	Cc1ccccc1-c1cccc(CC(=O)NCc2ccc(Oc3ccccc3)cc2)c1
620	mol141	-12.44	Cc1ccc(Nc2nccc(-c3c[nH]c4ccccc34)n2)cc1NC(=O)c1cnccn1
620	mol428	-12.18	Cc1ccc(Oc2ccc(C(=O)Nc3ncc[nH]3)cc2)cc1NC(=O)c1ccccc1F
620	mol153	-12.77	Cc1ccccc1-c1cc(=O)n2nc(-c3ccc(Cl)cc3)cc2[nH]1
620	mol347	-12.12	Cc1cccc(C(=O)Nc2cccc(Nc3ncnc4ccccc34)c2)c1
620	mol408	-13.29	Cc1ccc(Nc2ccc(NC(=O)c3cc(Cl)c[nH]3)cc2)cc1NC(=O)c1cccc2ccccc12
620	mol155	-12.49	Cc1ccc(Oc2cccc(NC(=O)c3cccc(C(=O)Nc4ccnc(C)c4)c3)c2)cc1
620	mol348	-12.59	Cc1cccc(NC(=O)c2cccc(NC(=O)c3ccc4cc(C(=O)O)ccc4n3)c2)c1
620	mol81	-12.51	Cc1ccc(C(=O)Nc2ccc(C[N@H+]3CC[N@H+](C)CC3)c(C(F)(F)F)c2)cc1Nc1ncnc2cccc(F)c12
620	mol241	-12.28	Cc1cccc(CCNC(=O)c2ccc(C(=O)Nc3ccc(Oc4ccccc4)cc3)cc2)c1
620	mol255	-12.34	Cc1ccc(CO)cc1Nc1ccc2ncc(-c3ccc(NC(=O)Cc4ccccc4)cc3)nc2n1
620	mol319	-12.19	Cc1ccc(C(=O)Nc2ccc(S(=O)(=O)N3CCOCC3)cc2)cc1Nc1ncnc2ccccc12
620	mol276	-13.35	Cc1ccc(NC(=O)c2cccc(Nc3ncnc4ccccc34)c2)cc1NC(=O)c1cccc(C(=O)O)c1
620	mol336	-12.28	Cc1ccc(C(=O)Nc2cccc(Nc3ccnc4ccccc34)c2)cc1
620	mol163	-12.35	Cc1ccc(Oc2ccc(NC(=O)c3ccc(-c4ccccc4)cc3Cl)cc2C(=O)O)cc1
620	mol338	-12.41	CC(=O)Nc1cccc(Oc2ccnc(Nc3ccc(S(=O)(=O)NC(=O)Nc4ccccc4)cc3)n2)c1
620	mol69	-12.12	Cc1ccc(Nc2nccc(Nc3ccc(C(=O)O)cn3)n2)cc1NC(=O)c1ccc(O)cc1O
620	mol179	-12.22	CCC(=O)Nc1cccc(-c2[nH]nc3cc(-c4cccc(C#N)c4)ccc23)c1
620	mol313	-12.21	O=C(Nc1ccccc1)Nc1ccc(-c2nc(-c3cccc(-c4ccccc4)c3)[nH]c2-c2ccccc2)cc1
620	mol335	-13.73	Cc1ccc(C(=O)Nc2ccc(C[N@H+]3CC[N@@H+](C)CC3)c(C(F)(F)F)c2)cc1NC(=O)c1ccc(-c2ccc(C[NH+]3CCOCC3)cc2)cc1
620	mol281	-12.64	Cn1cc(-c2ccc[nH]c2=O)c2[nH]cc(-c3ccnc(N4CCCc5ccccc54)n3)c21
620	mol197	-12.67	Cc1cccc(-c2ccnc(Nc3ccc(Oc4nccc(Nc5ccccc5)n4)cc3)n2)c1
620	mol350	-12.13	CN(Cc1cnc2ccc(NC(=O)OCc3ccccc3)cn12)C(=O)c1ccc(-c2ccccc2)cc1
620	mol102	-12.34	Cc1ccc(NC(=O)c2cc3ccccc3oc2=O)cc1C(=O)c1ccccc1
620	mol19	-12.56	Cc1cccc(C(=O)Nc2cccc(-c3cncc4ccccc34)c2)c1
620	mol204	-12.12	CC(=O)Nc1cccc(Oc2cccc(Nc3ccnc4cc(Cl)ccc34)c2)c1
620	mol490	-12.67	NC(N)c1cccc(Oc2ccc(NC(=O)c3cc4cc(C(=O)O)ccc4[nH]3)cc2)c1
620	mol458	-12.48	Cc1cccc(-c2cccc(Nc3ccnc4ccccc34)c2)c1
620	mol76	-14.1	CC(=O)Nc1cccc(-c2cccc(Nc3cccc4cc(S(=O)(=O)Nc5ccccc5)ccc34)c2)c1
620	mol317	-12.76	CCc1cccc(Nc2nc(-c3cccc(C(=O)Nc4cccc(C(=O)O)c4)c3)cs2)c1
620	mol223	-12.04	Cc1ccc(C(=O)Nc2ccc(Oc3ccnc4cc(Cl)ccc34)cc2)cc1
620	mol341	-14.11	Cc1ccccc1-c1ccc(C(=O)Nc2ccc(-c3ccccc3S(N)(=O)=O)cc2)cc1
620	mol144	-12.84	CC(=O)Nc1ccc(C(=O)Nc2ccc(Oc3ccncc3)cc2C(=O)O)c(C(=O)O)c1
620	mol480	-12.69	Cc1c(-c2ncc(C(=O)Nc3ccc(C(=O)NCc4ccccc4)cc3)s2)ccc(C(=O)O)c1O
620	mol247	-12.21	Cc1ccc(-c2c[nH]c(=O)c(NCc3cccc4ccccc34)c2)cc1
620	mol72	-12.35	NC(=O)c1ccc(-c2ccc(C(=O)Nc3ccc(B(O)O)cc3)cc2)cc1
620	mol212	-12.19	Cc1cccc(Nc2cc(N)nc(CCC(=O)Nc3ccc(Cc4ccccc4)cc3)n2)c1
620	mol259	-12.14	COc1ccccc1CNC(=O)c1c[nH]c2ccc(NC(=O)c3ccc(-c4ccccc4)cc3)cc12
620	mol129	-12.26	C=CC(=O)Nc1ccc(S(=O)(=O)c2ccc(Nc3ccnc4cc(Oc5ccccc5)ccc34)cc2)cc1
620	mol314	-12.26	Cc1c(-c2cccc3ccccc23)[nH]c(=O)c2cc(Br)ccc12
620	mol316	-12.76	Cc1ccc(NC(=O)c2cccc(C(=O)NCc3ccccc3)c2)cc1Nc1ncnc2ccccc12
620	mol394	-12.04	Cc1ccc(Oc2cccc(Nc3ncc(-c4ccccc4[N+](=O)O)o3)c2)cc1C
620	mol110	-12.59	COc1ccc(N2C(=O)c3ccccc3C2=O)cc1NC(=O)c1cccc(S(=O)(=O)Nc2ccccc2)c1
620	mol182	-12.13	Cc1ccccc1-c1ccc2nc(CCc3ccccc3)[nH]c2c1
620	mol351	-12.1	Cc1ccc(Nc2nccc(-c3c[nH]c4ccccc34)n2)cc1NC(=O)c1cnco1
620	mol376	-12.39	Cc1ccc(C(=O)Nc2ccc(C[N@H+]3CC[N@H+](C)CC3)c(C(F)(F)F)c2)cc1Nc1ncnc2ccccc12
620	mol312	-12.06	Cc1ccc(NC(=O)Nc2ccc(NC(=O)c3ccccc3C(=O)O)cc2)cc1
620	mol83	-12.21	Cc1ccc(-c2ncc(Oc3cccc(-c4ccccc4)c3)cn2)cc1
620	mol290	-12.43	CCc1ccc(Cc2cc(Nc3ccnc4cc(Cl)ccc34)ccc2O)cc1
620	mol280	-12.2	Cc1ccc(C(=O)NCc2ccc(C(=O)NCc3cccnc3)cc2)cc1NC(=O)c1ccccc1
620	mol48	-12.25	Cc1ccc(C(=O)Nc2ccc(NC(=O)c3ccccc3N)cc2C(=O)O)cc1
620	mol17	-12.57	[H][P@TB17](O)(O)(NC(=O)c1ccc(C)c(OCc2cccc(-c3ccccc3)c2)c1)OCc1ccccc1
620	mol221	-12.87	Cc1ccc(NC(=O)c2ccc(C(F)(F)F)cc2)cc1Nc1ncnn2cc(C(=O)Nc3ccccn3)cc12
620	mol201	-12.82	Cc1ccc(NC(=O)c2cccc(C(F)(F)F)c2)cc1NC(=O)c1ccc2nc(-c3ccccc3)oc2c1
620	mol131	-12.42	Cc1ccc(C(=O)NC(=O)c2ccc(C(=O)O)cc2)cc1N(C)S(=O)(=O)c1cc2ccc(O)cc2cc1Cl
620	mol484	-12.8	Cc1ccc(C(=O)Nc2cccc(C(=O)O)c2)cc1NC(=O)c1ccc(Oc2ccccc2)cc1
620	mol476	-12.3	Cc1cccnc1Nc1cccc(Cc2c[nH]c3ncc(-c4ccc(Cl)cc4)cc23)c1
620	mol454	-12.01	Cc1ccc(C(=O)Nc2ccc(S(=O)(=O)Nc3ccccn3)cc2)cc1Nc1ccnc2ccccc12
620	mol246	-12.26	Cc1cccc(-n2nc(C(=O)NCc3ccccc3)cc2NC(=O)Nc2ccc(NC(=O)c3ccc(F)cc3)cc2)c1
620	mol460	-12.94	Cc1ccc(NC(=O)c2cccc(N3CCCCC3)c2)cc1Nc1nccc(-c2cccnc2)n1
620	mol343	-12.87	Cc1cc(Cn2cc(-c3ccc(Oc4ccccc4)nc3)cn2)cc(N2CCC[C@H](C(=O)O)C2=O)c1
620	mol305	-12.25	Cc1cccc(-c2nc(Nc3ccc(C(N)=O)cc3)[nH]c2-c2ccc(NC(=O)c3ccc4ccccc4n3)cc2)c1
630	mol6	-12.68	Cc1ccc(NC(=O)c2cccc(C(O)(C(F)(F)F)C(F)(F)F)c2)cc1Nc1nccc2ccccc12
630	mol175	-12.32	Cc1ccc(Cn2c(=O)ccn(Cc3cccc(-c4ccccc4Cl)c3)c2=O)cc1
630	mol390	-12.59	Cc1ccc(C(=O)Nc2ccc(NC(=O)c3ccc(NC(=O)c4ccccc4C)cc3)cc2)cc1
630	mol492	-13.25	Cc1cnc(-c2cnc3ccccc3c2)cc1C(=O)Nc1ccc2ncnc(Nc3cccc(Cl)c3)c2c1
630	mol132	-12.49	Cc1ccccc1-c1cccc(C(=O)Nc2ccc(-c3ccccn3)cc2)c1
630	mol146	-12.55	Cc1ccc(NC(N)=O)cc1Nc1nccc(-c2cccnc2Oc2ccc(C(=O)Nc3cccc(NC(=O)C[NH+]4CCCCC4)c3)cc2C)n1
630	mol233	-12.08	Cc1ccc(C(=O)Nc2ccc(C[N@H+]3CC[N@H+](C)CC3)c3ccccc23)cc1NC(=O)c1cccc(C(=O)O)c1
630	mol396	-12.05	Cc1ccc(C(=O)Nc2ccc(Oc3ccnc4cc(Cl)ccc34)cc2)cc1
630	mol288	-12.05	Cc1ccc(C(=O)Nc2ccc(Oc3ccnc4cc(Cl)ccc34)cc2)cc1
630	mol64	-12.8	CC(=O)Nc1ccc(Oc2ccc(NC(=O)Cc3ccc4ccccc4c3)cc2C(=O)O)cc1
630	mol91	-12.44	Cc1ccccc1-n1cnc(C(=O)Nc2cccc(Nc3ccnc4ccccc34)c2)c1
630	mol204	-12.92	Nc1ccc(-c2ccc(C(=O)c3ccc4ccccc4c3)cc2C(=O)O)cc1
630	mol249	-12.63	Cc1ccc(/C=N/C(=O)c2cccc(Nc3ncnc4ccccc34)c2)cc1
630	mol278	-13.4	Cc1ccc(NC(=O)c2cccc(Nc3ncnc4ccccc34)c2)cc1NC(=O)c1cccc(C(=O)O)c1
630	mol317	-12.07	Cc1cccc(Nc2cccc(Cc3ccc(C(=O)O)cc3)c2)c1C
630	mol415	-13.07	Cc1ccc2c(Nc3ccc(NC(=O)c4cccc(C(=O)O)c4)cc3C)cc(=O)[nH]c2c1
630	mol34	-12.96	Cc1cccc(-c2cc(NCc3ccc(-c4cccc(C(=O)O)c4)cc3)ccn2)c1
630	mol217	-12.94	Cc1ccc(C(=O)Nc2ccc(Cn3nc(NC(=O)c4ccc(OCc5ccccc5)cc4)ccc3=O)cc2)cc1
630	mol101	-12.37	Cc1cccc(C(=O)Nc2cccc(-c3ccccc3C(=O)O)c2)c1C
630	mol488	-12.17	COc1cccc(-c2ccc(COc3ccc(C(=O)c4cccc(C(=O)O)c4)cc3)cc2C(=O)O)c1
630	mol329	-12.22	Cc1cccc(C(=O)Nc2cnc(Oc3cccc(C(=O)c4cccc(C(=O)O)c4)c3)s2)c1
630	mol386	-12.12	Cc1cccc(C(=O)Nc2cccc(Nc3ccnc4ccccc34)c2)c1
630	mol258	-12.01	COc1ccc(C(C)=O)cc1-c1ccc(NS(=O)(=O)c2ccc(CO)cc2C(=O)O)cc1
630	mol212	-12.07	CNc1ccccc1C(=O)OCc1ccc(-c2ccc(=O)n(Cc3cccc(C(=O)O)c3)n2)cc1
630	mol232	-12.25	COc1ccc(C(=O)Nc2cccc(Nc3ccnc4cc(Cl)ccc34)c2)cc1
630	mol366	-12.67	CCC(=O)Nc1ccc(CNC(=O)Nc2ccc(Oc3ccnc(Nc4ccnc(C(=O)N5CCC(S(C)(=O)=O)CC5)n4)n3)cc2C(=O)O)cc1
630	mol381	-12.49	Nc1ncc(Oc2cccc(F)c2C(=O)Nc2cccc(-c3cccc(C(=O)O)c3)c2)cn1
630	mol457	-12.4	Cc1cc(C(=O)Nc2cccc(Oc3cccc(NC(=O)c4cccc(C(=O)O)c4)c3)c2)ccn1
630	mol190	-12.3	Cc1ccccc1OCC(=O)Nc1ccc2c(c1)CCc1cc(S(N)(=O)=O)sc1-2
630	mol129	-12.47	Cc1ccccc1-c1cc(C(=O)NCc2cccc3ccccc23)ncn1
630	mol229	-12.54	Cn1c(-c2ccc(-c3ccccc3C(=O)NO)cc2)cc2ccccc21
630	mol498	-12.55	Cc1ccc(C(=O)NC(=O)Nc2ccc(Cl)c(C(F)(F)F)c2)cc1Nc1ncnc2ccc(-c3ccccc3)cc12
630	mol110	-12.12	CN(C(=O)c1ccc(C#N)cc1Cl)c1ccc(-c2ccc(CNc3ccnc(Nc4cccc([N+](=O)[O-])c4)n3)cc2)cc1
630	mol90	-12.49	Cc1ccc(NC(=O)c2cccc(-c3ccc(Cl)cc3)c2)cc1NC(=O)c1ccncc1
630	mol376	-12.09	Cc1cccc(C(=O)Nc2ccc(Nc3ccnc4cccnc34)cc2)c1
630	mol184	-13.01	Cc1ccc(C(=O)Nc2ccc(Nc3nccc(-c4cccc(OC(F)(F)F)c4)n3)cc2)cc1
630	mol262	-12.45	Cc1ccc(C(=O)Nc2ccc(Oc3ccnc4ccccc34)cc2)cc1
630	mol280	-12.45	CC(C)c1ccc(Oc2ccc(Nc3ccnc4cc(Cl)ccc34)cc2)c(CC(=O)O)c1
630	mol221	-12.6	c1ccc(CNc2nccc(-c3cccc(-c4c[nH]c5ncccc45)c3)n2)cc1
630	mol172	-12.11	CCNc1ccc(Cc2cnc(Nc3ccc(C(=O)NS(=O)(=O)c4cccc(C(F)(F)F)c4)c(Cl)c3)s2)cc1
630	mol151	-13.1	Cc1ccc(Oc2ccc(NC(=O)c3ccc4ccccc4n3)cc2)cc1NC(=O)c1ccc(C(N)=O)cc1
630	mol214	-12.58	Cc1cccc(C(=O)Nc2ccc(NC(=O)c3ccc(C)cc3C)cc2)c1
630	mol464	-12.12	Cc1ccc(C(=O)Nc2ccc(CNC(=O)c3ccc(-c4ccccc4Cl)o3)cc2)cc1
630	mol251	-12.61	Cc1ccc(CNC(=O)c2ccc3ccccc3n2)cc1NC(=O)c1ccc(C(=O)NC(C)(C)C)cc1
630	mol454	-13.98	Cc1ccccc1-c1cccc(C(=O)Nc2cccc(-c3ccc(CNC(=O)c4cccs4)cc3)c2)c1
630	mol364	-12.84	Cc1ccc(NC(=O)c2ccc(C[NH+]3CCN(S(C)(=O)=O)CC3)cc2)cc1Nc1nccc(-c2cccnc2)n1
630	mol116	-13.29	Cc1ccc(C(=O)Nc2cccc(C(=O)c3cccc4ccccc34)c2)cc1
630	mol123	-12.71	Cc1ccccc1-c1cnc(N)c(Nc2ccnc(Nc3ccc(C(=O)O)cc3)n2)c1
640	mol391	-12.7	Cc1ccc(NC(=O)c2cccc(C(F)(F)F)c2)cc1-c1ccc2c(Nc3ccncn3)ncnc2n1
640	mol141	-12.06	Cc1ccc(C(=O)Nc2ccc(C[N@H+]3CC[N@H+](C)CC3)c(C(F)(F)F)c2)cc1NC(=O)c1cnc2ccccn12
640	mol256	-12.02	CN(Cc1cnc2nc(N)nc(N)c2n1)c1ccc2cc(C(=O)N[C@H](CCC(=O)O)C(=O)O)ccc2c1
640	mol92	-12.89	Cc1ccc(NC(=O)Nc2cccc(-c3cnc(N)c(C(=O)O)c3)c2)cc1
640	mol459	-12.44	Cc1cnc(Nc2ccc(C(=O)Nc3cccc(C(=O)O)c3)c(C#N)c2)c(COc2ccc3c(=O)[nH]c(=S)[nH]c3c2)c1
640	mol73	-12.65	Cc1ccc(Oc2ccc(-c3ccncc3CO)cc2NC(=O)c2ccc(NC(=O)c3cccc(C(F)(F)F)c3)cc2)cc1
640	mol320	-12.24	Cc1ccc(NC(=O)c2cccc(C(F)(F)F)c2)cc1Nc1ccnc(-c2cccnc2)n1
640	mol155	-12.15	CN(C)C(=O)CC[C@@H](NC(=O)Nc1ccc(Cl)cc1)C(=O)Nc1ccc(Nc2ccnc3cc(Cl)ccc23)cc1
640	mol81	-12.89	Cc1ccc(C(=O)Nc2ccc(Oc3ccc(NC(=O)c4cccc(C(F)(F)F)c4)cc3)cc2)cc1
640	mol471	-12.07	Cc1ccc(C(=O)Nc2ccc(Oc3ccnc4cc(C(N)N)ccc34)cc2)cc1
640	mol467	-12.14	Cc1ccc(C(=O)Nc2cccc(C(=O)Nc3ccccc3C(N)=O)c2)cc1
640	mol163	-12.16	Cc1cncc(-c2cc(F)c3cc(C(=O)Nc4ccc(C(=O)O)cc4)ccc3n2)n1
640	mol67	-12.35	Cc1ccc(NC(=O)c2ccc(C(=O)NCc3ccccc3)cc2)cc1Nc1ccnc(Nc2ccc(NC(=O)OC(C)(C)C)cc2)n1
640	mol12	-12.1	Cc1ccc(C(=O)Nc2ccc(Cl)c(C(=O)c3c[nH]c4ccccc34)c2)cc1
640	mol128	-12.07	Cc1ccc(C(=O)Nc2ccc(C[N@H+]3CC[N@H+](C)CC3)c(C(F)(F)F)c2)cc1Nc1ncnc2ccccc12
640	mol136	-12.18	Cc1ccccc1-c1ccc(F)c(C(=O)NCc2cccc(OC(c3ccccc3)c3ccccc3)c2)c1
640	mol340	-12.56	Cc1cccc(COc2ccc(C(=O)Nc3cccc(Oc4ncnc5ccccc45)c3)cc2)c1
640	mol300	-12.47	Cc1cccc(COc2ccc(Nc3ccnc4ccc(-c5ccccc5)cc34)cc2)c1
640	mol233	-12.07	CNC(=O)c1ccc2c(c1)C(=O)c1cc(C)cc(Nc3ccc(OCc4cccc(Cl)c4)cc3)c1C2=O
640	mol19	-13.3	Cc1ccc(Cl)cc1C(=O)Nc1cccc(Nc2ncnc3cc(Nc4ccccc4)ncc23)c1
640	mol282	-12.41	CC(=O)Nc1cccc(C(=O)Nc2cccc(Nc3nccc(-c4ccccn4)n3)c2)c1
640	mol217	-14.08	Cc1cc(NC(=O)c2ccc(C(=O)Nc3ccc(C)c(NC(=O)c4cc(F)cc(Nc5ncnc6nc[nH]c56)c4)c3)cc2)cc(Nc2ncccn2)c1
640	mol40	-13.21	Cc1ccc(C(=O)Nc2ccc(C[N@H+]3CC[N@H+](C)CC3)c(C(F)(F)F)c2)cc1NC(=O)c1ccc(-c2ccc(C(=O)O)cc2)o1
640	mol167	-12.29	Cc1cccc(-c2nnc(-c3ccc4ccccc4c3)o2)c1
640	mol118	-13.32	Cc1ccc(C(=O)Nc2cccc(C(=O)O)c2)cc1NC(=O)c1ccc(-c2ccc(Cl)cc2)cn1
640	mol286	-13.96	Cc1ccc(C(=O)Nc2cccc(C(=O)O)c2)cc1NS(=O)(=O)c1ccc(-c2ccc(C(=O)O)cc2)cc1
640	mol386	-12.3	Cc1ccc(Sc2cccc(NC(=O)c3ccc(COc4ccccc4C(=O)O)cc3)c2)cc1
640	mol231	-12.37	Cc1ccc(NC(=O)c2cccc(C(F)(F)F)c2)cc1Nc1ncnn2cc(C(=O)N(C)C)cc12
640	mol171	-12.3	Cc1ccc(C(=O)Nc2cccc(C(=O)O)c2)cc1NC(=O)c1ccc2ccccc2c1
640	mol229	-12.41	Cc1cccc(COc2ccc(NC(=O)c3cc4cc(C(F)(F)F)ccc4[nH]3)cc2)c1
640	mol292	-12.69	Cc1cc(=O)[nH]c(SCC(=O)Nc2cccc(Cc3cccc(NC(=O)c4cccc([N+](=O)[O-])c4)c3)c2)n1
640	mol359	-12.46	CC(=O)Nc1cccc(NC(=O)c2ccc(-c3cccc(C(=O)NO)c3)cc2)c1
640	mol394	-12.11	Cc1ccc(C(=O)Nc2ccc(-c3cnc4ccccc4n3)cc2)cc1
640	mol309	-12.26	Cc1cccc(C(=O)Nc2ncc(-c3cccc(C(=O)c4ccccc4)c3)s2)c1
640	mol133	-13.07	Cc1ccc(C(=O)Nc2cccc(-c3nncn3[C@H](C)c3cccc(C(F)(F)F)n3)c2)cc1
640	mol312	-12.54	Cc1ccc(Nc2nccc(-c3c[nH]c4ccccc34)n2)cc1NC(=O)c1cccnc1
640	mol262	-12.14	CC(=O)n1cc(NC(=O)Nc2cccc3ccccc23)c2ccccc21
640	mol485	-12.23	CN(Cc1cnc2nc(N)nc(N)c2n1)c1ccc(C(=O)N[C@H](Cc2ccc(O)cc2)C(=O)NCc2ccccc2Cl)cc1
640	mol4	-12.38	NC(N)c1cccc(NC(=O)c2ccc(CC(=O)NO)cc2NC(=O)c2ccc(NC(=O)c3ccc(C(=O)O)cc3)cc2)c1
640	mol230	-12.85	Cc1ccc(C(=O)Nc2ccc(Nc3ccnc4ccc(NC(=O)c5ccccc5)cc34)cc2)cc1
640	mol406	-13.96	Cc1ccc(NC(=O)c2cccc(C(=O)Nc3cccc(C(=O)O)c3)c2)cc1NS(=O)(=O)c1ccc(Oc2ccccc2Cc2ccccc2)cc1
640	mol269	-12.72	Cc1ccc(-c2nccc(C(=O)Nc3cccc(C(=O)Nc4cccc(C(=O)O)c4)c3)n2)cc1
640	mol0	-12.37	Cc1ccc(C(=O)Nc2ccc(F)c(Cn3ncc4cc(C(=O)O)ccc43)c2)cc1
640	mol369	-12.46	Cn1cc(-c2ccc3c(-c4cccc(NC(=O)c5ccccn5)c4)ccnc3c2)cn1
640	mol122	-12.29	Cc1cccc(CNC(=O)c2ccc3ncc(-c4ccc(C(=O)O)cc4)nc3c2)c1
640	mol30	-12.39	Cc1ccc(C(=O)Nc2cc(C(F)(F)F)cc(C(F)(F)F)c2)cc1NC(=O)c1cnn(-c2ccccc2)c1
640	mol170	-12.4	Cc1cccc(C(=O)Nc2ccc(Nc3ccnc4ccccc34)c(C(=O)O)c2)c1
640	mol462	-12.87	CC(=O)Nc1cccc(Nc2nccc(-c3ccnc(Nc4ccnc5[nH]ccc45)c3)n2)c1
640	mol23	-12.26	NC(=O)c1ccc(Nc2nccc(-c3c[nH]c4ccccc34)n2)cc1
640	mol476	-13.01	Cc1ccc(C(=O)Nc2ccc(C[N@H+]3CC[N@@H+](C)CC3)c(C(F)(F)F)c2)cc1NC(=O)c1cnc(Cc2ccccc2)cn1
640	mol116	-12.46	C[C@H](Oc1cc(-c2cnn(C3CCN(C(=O)Cc4cccc(OCc5ccccc5)c4)CC3)c2)cnc1N)c1ccc(Cl)cc1
640	mol127	-12.03	Cc1c(Cc2ccccc2)c(=O)oc2cc(OS(=O)(=O)c3ccc(F)cc3)ccc12
640	mol176	-12.19	Cc1ccccc1S(=O)(=O)Nc1ccc2cc(C(=O)N[C@H](C)c3ccc(C(=O)O)cc3)ccc2c1
640	mol465	-12.11	Cc1ccc(C)c(NC(=O)c2ccc(CNC(=O)c3c4ccccc4nc4ccccc34)cc2)c1
650	mol25	-13.07	CCC(=O)Nc1cccc(-c2ccc(NC(=O)c3ccc4ccccc4n3)cc2)c1
650	mol256	-12.1	Cc1ccc(C(=O)Nc2ccc(NC(=O)c3ccc4ccccc4n3)cc2)cc1
650	mol92	-12.29	Cc1c(NC(=O)c2cccc(-c3ccc(C(=O)O)cc3Cl)c2)ccc(C(=O)O)c1F
650	mol241	-12.47	Cc1ccc(NC(=O)c2cccc(CC(=O)O)c2)cc1Nc1nccc(-c2cccnc2)n1
650	mol414	-12.09	CC(=O)Nc1ccc(NC(=O)c2ccc(C[NH+]3CCN(c4ccccn4)CC3)cc2)cc1
650	mol467	-12.07	Cc1ccc(C(=O)Nc2ccc(NS(=O)(=O)c3ccc4ccccc4c3)cc2)cc1
650	mol112	-12.52	CNC(=O)c1ccc(Nc2nccc(-c3c[nH]c4ccccc34)n2)cc1
650	mol187	-12.58	Cc1ccc(NC(=O)c2ccc(OCc3nc(-c4ccccc4)oc3C)cc2)cc1-c1cccc(C[NH+]2CCCC2)c1
650	mol12	-12.11	COc1ccc(Nc2ncc(OCc3cccc(C(=O)NO)c3)s2)cc1C(=O)Nc1cccc(-c2nnn[nH]2)c1
650	mol130	-12.24	Cc1ccnc(Nc2nccc(-c3ccc4ccccc4c3)n2)c1
650	mol387	-13.17	Cc1ccccc1-c1cccc(C(=O)Nc2ccc(Cc3ccc(NC(=O)c4cccc(C(=O)O)c4)s3)cc2)c1
650	mol407	-12.33	Cc1ccccc1-c1cccc(C(=O)N2CCc3ccccc3C2)c1
650	mol445	-12.63	COc1ccc(NC(=O)Nc2cccc(-c3cnc4cnc(NC5CCS(=O)(=O)CC5)nc4c3)c2)cc1
650	mol136	-12.51	Cc1ccc(C(=O)Nc2ccc(Nc3ccnc4ccccc34)cc2)cc1
650	mol62	-12.53	Cc1ccc(NC(=O)c2cccc(C(F)(F)F)c2)cc1Nc1ncnn2cc(C(=O)Nc3ccccc3)cc12
650	mol159	-12.91	CC(=O)Nc1cccc(NC(=O)c2cccc(NC(=O)c3ccc4cccnc4c3)c2)c1
650	mol252	-12.23	CCc1ccc(NC(=O)c2cccc(CNC(=O)c3ccc4ccccc4n3)c2)cc1
650	mol146	-12.59	C[C@H](Oc1ccc(-c2ccc(C(=O)O)o2)cc1)C(=O)NCc1ccc([C@H](N)NC(=O)c2ccccn2)cc1
650	mol274	-12.14	COc1ccc(C(=O)Nc2ccc(Oc3ccncc3)cc2C(=O)O)cc1-c1ccc(C(F)(F)F)cc1
650	mol452	-12.52	CNC(=O)c1ccc(Nc2nccc(-c3c[nH]c4ccccc34)n2)cc1
650	mol57	-13.91	Cc1ccccc1-c1cccc(C(=O)Nc2ccc(Nc3ccnc4ccc(N)cc34)cc2C(N)=O)c1
650	mol366	-12.05	Cc1ccc(NC(=O)c2cccc(Cn3cnc4ccccc4c3=O)c2)cc1
650	mol239	-12.21	Cc1ccc(CNC(=O)c2cccc(-c3cccc(C(=O)O)c3)c2)cc1
650	mol382	-12.1	CC(=O)N1CCC(Nc2nc(Nc3ccc(C(=O)Nc4ccccc4Cl)cc3)nc3ccccc23)CC1
650	mol394	-12.18	CCC(=O)Nc1cccc(-c2cnc(Nc3cccc(C(=O)NCc4ccc(C(=O)O)cc4)c3)o2)c1
650	mol294	-12.34	Cc1cc(C(=O)Nc2ccc(Oc3ccnc(NC(=O)c4cccc(F)c4)n3)cc2)ccn1
650	mol430	-13.2	CN(c1ccc(NC(=O)c2ccc3ccccc3n2)cc1)c1ccc(N(Cc2cccnc2)C(=O)c2cccc(C(=O)O)c2)cc1
650	mol309	-13.39	Cc1ccc(NC(=O)c2cccc(C(F)(F)F)c2)cc1-c1ncc(-c2ccnc(Nc3cccc(C(=O)NCc4ccccc4)c3)n2)s1
650	mol411	-12.46	Cc1ccc(C(=O)Nc2ccc(Cl)c(C(F)(F)F)c2)cc1NC(=O)c1cnc(-c2ccccc2)s1
650	mol9	-12.27	Cc1ccc(C(=O)Nc2ccc(C(=O)O)cc2)cc1NC(=O)c1ccc(CNC(=O)[C@@H](NC(=O)OCc2ccccc2)c2ccccc2)cc1
650	mol208	-12.31	Cc1ccccc1C(=O)Nc1ccc(C(=O)NCCCNc2ncnc3c2CCCN3C(=O)c2ccc(O)cc2)cc1
650	mol121	-12.09	Cc1cc(Nc2ncc(-c3ccc(C(=O)Nc4cc[nH]n4)cc3)s2)cc(N2CCOCC2)c1
650	mol395	-12.08	O=C(NCc1ccccn1)c1ccc(Nc2ncc(C(=O)c3ccc(C(F)(F)F)cc3)s2)cc1
650	mol4	-12.66	Cn1c(Cc2ccccc2)nnc1-c1ccn(-c2cccc(C(F)(F)F)c2)n1
650	mol299	-12.28	CNC(=O)c1cccc(Nc2nccc(-c3c[nH]c4ccccc34)n2)c1
650	mol371	-13.16	CN(C(=O)c1ccc(Br)cc1)c1cccc(Nc2ncc(-c3cccc(C(=O)Nc4cccc(C(=O)O)c4)c3)s2)c1
650	mol496	-12.33	Cc1ccc(C(=O)Nc2cccc(C(=O)O)c2)cc1Nc1nccc(-c2cccnc2)n1
650	mol79	-12.68	Cc1ccc(NC(=O)c2ccc(Cc3ccccc3)cc2C(=O)O)cc1Cl
650	mol476	-12.72	COc1cccc(-c2ccc(O)c(CNC(=O)Cc3ccc4nc(N)ncc4c3)c2)c1
650	mol277	-12.03	NC(=O)c1ccc(NC(=O)c2cccc(C(=O)NCc3ccccc3)c2)cc1
650	mol124	-12.16	CC(=O)N[C@@H](C)COc1ccc(-c2ccc(NC(=O)c3cc4ccccn4n3)cc2)cc1
660	mol442	-12.69	CNC(=O)c1ccccc1-c1ccc(C(=O)c2cccc(NS(=O)(=O)c3cccc4ccccc34)c2)cc1
660	mol99	-12.09	Cc1cncc(-c2ccnc(NCc3cccc(C(=O)Nc4cccc(C(=O)O)c4)c3)n2)c1
660	mol68	-12.9	CC(=O)Nc1cccc(-c2cnc(Nc3cccc(C(=O)c4ccccc4)c3)nc2N)c1
660	mol192	-13.24	Cc1ccc(NC(=O)c2cccc(C(F)(F)F)c2)cc1NS(=O)(=O)c1ccc(-c2ccc(F)cc2)cc1
660	mol255	-12.39	Cc1ccc(C(=O)Nc2ccc(N3CCC(C(=O)N4CCC(C)CC4)CC3)c(C(F)(F)F)c2)cc1C#N
660	mol106	-13.01	CCC(=O)Nc1ccc(C(=O)Nc2ccc(Oc3ccnc4cc(-c5ccc(F)cc5)ccc34)cc2)cc1
660	mol222	-12.11	CC(=O)Nc1ccc(S(=O)(=O)Nc2ccc(-c3nc4ccc(C(=O)NC(C)C)cc4[nH]3)cc2)cc1
660	mol276	-13.49	Cc1ccc(NC(=O)c2ccc(C#N)cc2)cc1Nc1nccn(-c2cccc(C(=O)Nc3cccc(C(N)=O)c3)c2)c1=O
660	mol336	-12.27	Cc1ccc(Oc2ccc(NC(=O)c3ccc(-c4cccc(Cl)c4)o3)cc2C(=O)O)cc1F
660	mol281	-12.12	Cc1ccccc1CNC(=O)c1ccc(Nc2nccc(Nc3cccc(Cl)c3)n2)cc1
660	mol421	-14.03	Cc1ccc(Oc2nccc(-c3ccc4ccccc4c3)n2)cc1NC(=O)c1cnc2ccccc2n1
660	mol396	-12.58	CN(c1ccc(CN(Cc2cccc(C(=O)O)c2)C(=O)C(F)(F)F)cc1)c1ccccc1Nc1ccnc(Nc2ccc(F)c(S(C)(=O)=O)c2)n1
660	mol96	-12.08	Cc1ccc(C(=O)Nc2ccc(NC(=O)c3ccc4ccccc4n3)cc2)cc1
660	mol490	-12.45	CCc1ccc([C@@H]2CC(=O)c3c(O)cc(O)cc3S2)cc1S(=O)(=O)Nc1ccc(/C2=N/[C@H]3C=C[C@H](CC(C)=C3)C(=O)N2)cc1
660	mol285	-12.32	Cc1ccccc1C(=O)Nc1ccc(N2C(=O)Cc3ccccc32)cc1
660	mol475	-12.54	Cc1ccc(C(=O)Nc2ccc(Nc3ccnc4ccccc34)cc2)cc1
660	mol341	-12.33	Cc1cc(=O)oc2cc(OCC(=O)NCc3ccc(-c4cccc(F)c4)cc3)ccc12
660	mol275	-12.16	Cc1ccc(C(=O)Nc2cccc(Nc3ncnc4cccc(N)c34)c2)cc1
660	mol118	-12.44	Cc1ccc(/C=N\O)cc1C(=O)Nc1ccc(NC(=O)c2ccc(-c3ccccn3)cc2)cc1
660	mol258	-12.61	Cc1ccc(C(=O)Nc2ccc(Oc3ccc(-c4ccccc4)cc3)cc2)cc1
660	mol166	-12.58	Cc1ccc(C(=O)Nc2ccc(-c3c[nH]c4ncc(-c5ccccc5)nc34)cc2)cn1
660	mol489	-13.68	Cc1cc(CNC(=O)c2cccc(C(=O)Nc3ccc(C)c(Nc4nccc(-c5cccnc5)n4)c3)c2)ccc1Cl
660	mol190	-12.92	Cc1ccc(NC(=O)c2cccc(C(=O)NCc3ccccc3)c2)cc1NC(=O)c1cccc([N+](=O)[O-])c1
660	mol453	-12.71	NC(N)c1cccc(CNC(=O)CN2CCC[C@@H](NC(=O)Nc3ccc4ccc(C(=O)O)cc4c3)C2=O)c1
660	mol160	-12.55	COc1ccc(NC(=O)Nc2cccc(-n3cccc3)c2)cc1NC(=O)c1ccc(NC(=O)c2ccc(-c3ccccn3)cc2)cc1
660	mol440	-12.27	CC(=O)Nc1cccc(Cc2cc(NC(=O)c3ccc4nc(N)sc4c3)cc(-c3ccccc3)c2O)c1
660	mol135	-12.12	Cn1cccc1-c1ccc(NC(=O)c2ccc(NC(=O)c3cccnc3)cc2)cc1
660	mol208	-12.2	CCc1cc(C)cc(Nc2nccc(-c3ccc4ccccc4c3)n2)c1
660	mol147	-12.03	Cc1cc(NC(=O)CCC(=O)N2CCN(c3ccc([N+](=O)[O-])cc3)CC2)cc(C)c1O
660	mol441	-12.3	Cc1cc(NC(=O)c2cccc(C(=O)Nc3ccc4c(c3)CC(C)(C)S4)c2)cc(-c2ccccc2)c1
660	mol93	-12.48	Cc1ccc(C(=O)Nc2ccc(Oc3ccnc4ccccc34)cc2)cc1
660	mol395	-13.08	CN(C(=O)c1ccc(OCc2ccccn2)cc1)c1cccc(-c2cc(NC(=O)c3ccc(C#N)c4ccccc34)ccn2)c1
660	mol257	-12.16	Cc1cccc(C)c1OCC(=O)Nc1ccc(N2Cc3ccccc3C2=O)c(F)c1
660	mol420	-12.03	CN(CCOc1ccc([C@@H]2OC(=O)Nc3cc(NC(=O)[C@H]4CCC(=O)N4)ccc3[C@@H]3CC[N@H+]32)cc1)S(=O)(=O)c1ccc(B(O)O)cc1
660	mol485	-12.03	C[C@@H](Sc1nnc(-c2ccc3ccccc3c2)o1)C(=O)Nc1ccc([N+](=O)[O-])cc1
660	mol371	-12.32	CC(=O)Nc1cccc(-c2ccnc(Nc3ccc(C(=O)NCc4ccccc4)cc3)n2)c1
660	mol219	-13.1	CC(=O)NCCc1cccc(CC(=O)Nc2cccc(-c3cnc4ccccc4c3)c2)c1
660	mol178	-12.58	Cc1ccc(C(=O)Nc2ccc(C[N@H+]3CC[N@@H+](C)CC3)c(C(F)(F)F)c2)cc1Nc1nccc2ccccc12
660	mol42	-12.17	Cc1[nH]c(/C=C2\C(=O)Nc3ccc(Cl)cc32)c(C)c1C(=O)c1cccc(OS(=O)(=O)c2ccccc2)c1
660	mol48	-12.24	Cc1ccc(NC(=O)c2ccc(C[N@H+]3CC[N@H+](C)CC3)cc2)cc1-c1ccc2nc(N)nc(N)c2n1
660	mol103	-13.86	C[C@@H](Oc1cc(-c2ccc(S(N)(=O)=O)cc2)ccc1C(=O)O)c1ccc(-c2ccc(NC(=O)[C@H]3CCC[NH2+]C3)cc2)cc1
660	mol432	-12.13	Cc1ccc(C(=O)Nc2ccc(C[N@H+]3CC[N@@H+](C)CC3)cc2)cc1Nc1ncnc2cnc(Nc3ccc(C(=O)N4CCC(N5CCCC5)CC4)cc3)nc12
660	mol364	-13.0	Cc1ccc(C(=O)Nc2ccc(C(=O)O)cc2)cc1NC(=O)c1ccc(-c2ccccc2)cc1
660	mol124	-12.58	Cc1cccc(C(=O)Nc2ccc(Nc3ccnc4ccccc34)cc2)c1
670	mol114	-12.19	CS(=O)(=O)c1cccc(Nc2nccc(Nc3ccccc3C(=O)NCc3ccccc3)n2)c1
670	mol225	-13.42	Cc1ccc(C(=O)Nc2cccc(C(F)(F)F)c2)cc1NC(=O)c1cnc(-c2ccccc2NS(C)(=O)=O)cc1F
670	mol481	-12.04	Cc1cccc(C(=O)Nc2cccc(C(=O)Nc3cccc(C(=O)O)c3)c2)c1
670	mol254	-12.36	CNc1cccc(CCc2cc(Nc3ccnc(Nc4cccc(C(=O)O)c4)n3)cc(NS(=O)(=O)c3cccc(C(=O)O)c3)c2)c1
670	mol289	-12.62	Cc1c(NC(=O)c2cccc(Nc3ncnc4ccc(N5CC[C@H](O)C5)cc34)n2)ccc(C(=O)O)c1F
670	mol408	-12.84	Cc1ccc(C(=O)Nc2cccc(C(F)(F)F)c2)cc1NC(=O)c1cnc(Nc2cccc(-c3ccncc3)c2)cn1
670	mol390	-12.71	CC(=O)Nc1cccc(-c2cccc(Nc3nccc(-c4cccnc4)n3)c2)c1
670	mol112	-12.23	Cc1cc(C(=O)Nc2ccc(-c3ccccc3)cc2N)ccc1O
670	mol261	-12.06	CC(C)n1cc(-c2ccnc(Nc3ccc(Oc4cccc(C(F)(F)F)c4)cc3)n2)cn1
670	mol20	-12.52	COc1ccc(-c2ncc3cc(Oc4ccnc(NC(=O)c5ccccc5)n4)ccc3n2)cc1
670	mol281	-14.17	COc1ccc(C(=O)Nc2ccc(NC(=O)c3ccc4cccnc4c3)c3ccccc23)cc1NC(=O)c1cccc(C(=O)O)c1
670	mol126	-12.77	Cc1ccc(C(=O)Nc2cccc(-c3ccnc4ccccc34)c2)cc1
670	mol377	-12.07	CNC(=O)c1ccc(OCc2cccc(C(=O)Nc3ccccc3C(N)=O)c2)cc1
670	mol159	-12.16	CCC(=O)Nc1cccc(Cn2cc(NC(=O)c3n[nH]c4cc(-c5ccccc5)ccc34)cn2)c1
670	mol29	-13.05	Cc1ccc(NC(=O)c2cccc(NC(=O)c3ccccc3C(=O)O)c2)cc1Nc1ccnc2ccccc12
670	mol146	-12.59	Cc1ccc(C(=O)Nc2ccc(C[N@H+]3CC[N@@H+](C)CC3)c(C(F)(F)F)c2)cc1Nc1nccc2ccccc12
670	mol250	-12.79	Cc1ccc(C(=O)Nc2ccc(Br)cc2)cc1NC(=O)c1cccc(Cn2nc(C(F)(F)F)c3c2CCCC3)c1
670	mol274	-13.34	Cc1cc2cc(NC(=O)c3ccc4cc(C(N)N)ccc4c3)ccc2[nH]c1=O
670	mol482	-13.41	Cc1ncc(Cc2c[nH]c3ncc(-c4ccccc4)cc23)cc1NC(=O)c1ccc(-c2ccccc2Cl)s1
670	mol410	-12.67	Cc1ccc(C(=O)Nc2cc(C(F)(F)F)cc(C(F)(F)F)c2)cc1Nc1ncnn2cc(C(=O)c3ccccc3)cc12
670	mol490	-12.1	CNc1cccc(Oc2ccc(NC(=O)c3cc4cccc(OCc5ccccc5)c4s3)cn2)c1
670	mol266	-12.57	Cc1ccc(NC(=O)c2cccc(C(=O)NCc3ccccc3)c2)cc1NC(=O)c1cnc(Nc2ccccc2)s1
670	mol152	-12.21	Cc1ccc(C(=O)Nc2ccc(B(O)O)cn2)cc1NC(=O)c1ccc(C2CCCCC2)cc1
670	mol307	-12.12	Cc1ccc(-c2cc3c(=O)[nH]cnc3nc2-c2ccc(NC(=O)NCc3ccccn3)cc2)cc1
670	mol26	-13.32	Cc1ccc(Nc2cccc(-c3ccnc4ccccc34)c2)cc1NC(=O)c1ccc(F)cc1Cl
670	mol330	-12.84	Cc1ccc(C(=O)Nc2ccc(Nc3nc4ccccc4[nH]3)cc2)cc1C(F)(F)F
670	mol418	-13.24	Cc1ccc(NC(=O)Nc2ccc(NC(=O)c3cccc([N+](=O)[O-])c3)cc2)cc1NC(=O)c1cccc(C(=O)O)c1
670	mol287	-12.95	Cc1ccc(C(=O)Nc2ccc(C(=O)O)cc2)cc1NC(=O)c1ccc(-c2ccccc2)cc1
670	mol341	-12.08	Cn1c(-c2cccc(C(=O)Nc3cccc(C(=O)O)c3)c2)cc2ccc(C(=O)O)cc21
670	mol101	-12.28	Cc1cccc(-n2nc(C(C)(C)C)cc2NC(=O)Nc2cccc(NC(=O)c3ccccc3O)c2)c1
670	mol36	-12.27	Cc1ccc(C(=O)Nc2ccc(NC(=O)c3ccc4ccccc4c3)cc2)cc1
670	mol54	-13.02	Cc1ccc(NC(=O)c2cccc(C(F)(F)F)c2)cc1-c1ccc2nc(Nc3ccccc3)ncc2c1
670	mol247	-12.39	Cc1cccc(C(=O)Nc2ccc(Oc3ccnc4ccccc34)cc2)c1
670	mol286	-12.55	Cc1cn(CCC[N@H+]2CCN(c3ccc(C(=O)O)c(Cl)c3)C(=O)C2)c(=O)c2cc(Cl)ccc12
670	mol293	-12.3	Clc1ccc2c(Nc3ccc(-c4c[nH]cc4-c4ccccc4)cc3)ccnc2c1
670	mol435	-13.4	Cc1ccc(Cl)cc1NC(=O)c1ccc(-c2ccc(-c3ccccc3)cc2N)cc1
670	mol353	-12.18	CC(=O)Nc1ccc(C(=O)Nc2cccc(Nc3ncnc4ccccc34)c2)cc1
670	mol361	-12.18	Cc1ccc(NC(=O)c2cccc(Nc3ncnc4ccc(OCc5ccccc5)cc34)c2)cc1N
670	mol359	-12.96	Cn1nc(-c2cnc(N)c(-c3cccc(Cc4ncc(-c5ccccc5)[nH]4)c3)n2)cc1C(=O)Nc1ccc(C#N)cc1
670	mol411	-12.64	Cc1cccc(Nc2ncc(C(=O)Nc3cccc(Oc4ccccn4)c3)c3ccccc23)c1
670	mol363	-12.18	CC(=O)Nc1ccc(Oc2ccc(-c3ccc(Nc4nccc(NCc5cccnc5)n4)cc3)cc2C(N)=O)cc1
670	mol83	-12.85	CC(=O)Nc1ccc(-c2cccc(Oc3ccnc4cc(Cl)ccc34)c2)cc1
670	mol354	-12.38	CC(=O)c1cccc(NC(=O)c2ccc(C)c(Nc3ccnc(-c4cccnc4)n3)c2)c1
670	mol496	-12.61	C1=Cc2cc(OCc3ccccc3)ccc2N(c2cccc(-c3nnn[nH]3)c2)C1
670	mol436	-14.19	Cc1ccc(NC(=O)c2cccc(Nc3ncnc4ccc(N)cc34)c2)cc1NC(=O)c1ccc(-c2ccccc2)cc1
670	mol74	-12.45	Cc1ccc(C(=O)Nc2cccc(C(F)(F)F)c2)cc1NC(=O)c1ccc2ccccc2n1
670	mol454	-13.04	Cc1ccc(C(=O)Nc2cccc(-c3ccnc(Nc4ccc(C(=O)O)cc4)n3)c2)cc1
680	mol443	-12.22	CC(=O)Nc1cccc(NC(=O)Cc2cccc(NC(=O)Nc3ccccc3C(=O)O)c2)c1
680	mol165	-12.09	CC(=O)Nc1cccc(-c2cnc(N)c(C(=O)Nc3cccc(C(=O)NCc4ccccc4)c3)n2)c1
680	mol203	-12.51	Cc1ccccc1-c1cccc(NC(=O)c2cccc(NC(=O)CCc3ccc(Cl)c(Cl)c3)c2)c1
680	mol324	-12.41	Cc1ccc(C(=O)Nc2cccc(C(F)(F)F)c2)cc1NC(=O)c1ccc(-c2cn[nH]c2)cc1
680	mol428	-12.17	Cc1cccc(C(=O)Nc2cccc(-c3ccccc3S(N)(=O)=O)c2)c1
680	mol423	-12.38	CC(=O)c1cccc(-c2ccc(NC(=O)Cc3cccc4ccccc34)cc2)c1
680	mol108	-13.33	C[C@@H](c1ccc(C(F)(F)F)cc1)n1nc(-c2ccc(NC(=O)c3ccc4ccccc4n3)cc2)cc1C(=O)NCc1ccccc1
680	mol384	-12.82	Cc1ccc(NC(=O)c2cccc(CC3CCCCC3)n2)cc1Nc1nccc(-c2cccnc2)n1
680	mol186	-12.5	Cc1ccc(C(=O)Nc2ccc(Nc3ccnc4ccccc34)cc2)cc1
680	mol241	-13.23	Cc1ccc(NC(=O)c2ccc(NC(=O)c3ccc(-c4ccccc4)cc3)cc2)cc1NC(=O)c1sccc1C
680	mol255	-13.57	Cc1ccc(-c2ccc(C(=O)Nc3ccc4[nH]c([C@H]5CC[C@@H](O)CC5)nc4c3)cc2)cc1
680	mol471	-12.75	Cc1ccccc1CNC(=O)c1ccc(NC(=O)Nc2cccc3ccccc23)cc1
680	mol319	-12.11	Cc1cncc(-c2nc(Nc3cccc(C(=O)Nc4cccc(C(F)(F)F)c4)c3)c3cccnc3n2)c1
680	mol163	-12.15	CC(=O)N1CCc2[nH]c(-c3ccc(NC(=O)c4cccc(C(=O)O)c4)s3)cc21
680	mol50	-12.05	Cc1ccc(C(=O)Nc2ccc(Nc3ccnc4cc(C(N)=O)ccc34)cc2)cc1
680	mol327	-12.09	Cc1ccc(CNC(=O)Nc2ccc(Cc3cc(=O)n4ccccc4n3)cc2)cc1
680	mol189	-12.09	Cc1ccc(C(=O)Nc2ccc(C[N@H+]3CC[N@@H+](C)CC3)c(C(F)(F)F)c2)cc1C#Cc1cnc(N)c(C(=O)c2cncn2C)c1
680	mol59	-12.1	Cc1ccccc1-c1cc(Nc2ccnc(Nc3ccccc3)n2)ccn1
680	mol283	-12.36	Cc1ccc(C(=O)Nc2cccc(C(F)(F)F)c2)cc1C#Cc1cnc(N)c(-c2ccc3[nH]cnc3c2)n1
680	mol421	-12.31	Cc1ccc(C(=O)Nc2cccc(C(F)(F)F)c2)cc1NC(=O)c1cnc(-c2cccnc2)cn1
680	mol419	-13.76	Cc1ccc(C(=O)Nc2cccc(C(F)(F)F)c2)cc1C(=O)Nc1cnn(Cc2ccc(C(=O)NS(=O)(=O)c3ccc(F)c(C(F)(F)F)c3)cc2)c1
680	mol146	-13.24	Cc1ccc(Oc2ccc(-c3nc4ccccc4n3O)cc2)cc1NC(=O)c1ccc(C(=O)O)cc1
680	mol393	-12.05	Cc1ccccc1-c1nccc(Nc2ccc(C(=O)Nc3ccccc3Cl)cc2)n1
680	mol318	-13.53	Cc1ccc(C(=O)Nc2cccc(-c3ccccc3CO)c2)cc1NC(=O)c1ccc(-c2cccc(C(=O)O)c2C(=O)O)cc1
680	mol28	-12.1	Cc1ccc(CNC(=O)c2ccc3ccc(Oc4ccccc4)nc3c2)cc1
680	mol288	-12.07	CC(=O)Nn1cc(Cc2ccccc2)c(Nc2ccc3[nH]c(-c4ccccc4O)nc3c2)n1
680	mol253	-13.33	Cc1ccc(C(=O)Nc2ccc(C[N@H+]3CC[N@@H+](C)CC3)c(C(F)(F)F)c2)cc1C#Cc1cnc(Nc2cnc3ccccc3n2)cc1F
680	mol91	-12.5	CC(=O)Nc1cccc(-c2ccc3ccc(Oc4cccc(NC(=O)C[NH+]5CCCC5)c4)cc3n2)c1
680	mol450	-12.25	CC(=O)Nc1cccc(NC(=O)c2ccc(-c3c[nH]c4ccccc34)cc2)c1
680	mol96	-12.55	COc1cccc(CNC(=O)c2ccc3ccccc3n2)c1Nc1ncc(Cc2cccc(C(=O)NCc3ccccc3)c2)cn1
680	mol278	-12.51	Cc1cccc(C(=O)Nc2ccc(NC(=O)c3ccc(C(N)=O)cc3)cc2)c1
680	mol490	-12.94	Cc1ccc(C(=O)Nc2ccc(-c3ccnc4ccccc34)cc2)cc1
680	mol458	-12.13	Cc1cccc(NC(=O)c2cccc(-c3nnc(CCc4ccccc4)s3)c2)c1
680	mol76	-12.34	Cc1c(Cl)cccc1NC(=O)Nc1cccc(C(=O)c2sc3ncc(CCO)cc3c2-c2cccc(N)c2)c1
680	mol282	-12.77	CC(=O)Nc1ccc(NC(=O)c2cccc(NC(=O)Nc3cccc(C)c3)n2)cc1C(F)(F)F
680	mol291	-12.48	Cc1c(NC(=O)c2ccc(C(F)(F)F)cc2)ccc(F)c1Cc1ccc(-n2cccn2)cc1
680	mol330	-12.26	CC(C)(C)c1cccc(-c2ccnc(Nc3cccc(C(=O)NCc4ccccc4Cl)c3)n2)c1
680	mol480	-12.26	Cc1ccc(C(=O)Nc2ccc(Cn3nc(NC(=O)c4cccc(CO)c4)ccc3=O)cc2)cc1
680	mol80	-12.91	CCCC(=O)Nc1cccc(-c2ccc(NC(=O)c3cc4cccc(C)c4[nH]3)cc2)c1
680	mol138	-12.52	Cc1ccc(C(=O)Nc2ccc(C#N)c(C(F)(F)F)c2)cc1NC(=O)c1ccc(-c2ccc(C#N)cc2)cc1
680	mol72	-14.36	Cc1ccc(NC(=O)c2ccc(NC(=O)c3ccc(C)c(Oc4ccccc4)c3)cc2)cc1NC(=O)c1cccc(-c2nc3ccccc3nc2N)c1
680	mol190	-12.86	Cc1ccc(Nc2nccc(-c3c[nH]c4ccccc34)n2)cc1NC(=O)c1cccc(C(=O)O)c1
680	mol259	-12.51	Cc1ccc(C(=O)Nc2ccc(C[N@H+]3CC[N@H+](C)CC3)c(C(F)(F)F)c2)cc1Nc1ncnc2ccccc12
680	mol129	-12.11	COc1cc(-c2ccc3nc(NC(=O)c4cccc(C(F)(F)F)c4)ccc3n2)cc(OC)c1OC
680	mol453	-12.33	Cc1ccccc1CNC(=O)[C@H](Cc1ccccc1)NC(=O)c1ccc(CCNS(=O)(=O)c2ccc(Oc3ccccc3)cc2)cc1
680	mol316	-12.94	CC(=O)Nc1cccc(-c2cccc(Nc3cc(-c4ccccc4)ncn3)c2)c1
680	mol77	-12.44	[H]/N=C(/N)c1ccc2[nH]c(-c3cccc(Oc4cccc(C)c4)c3)cc2c1
680	mol227	-12.57	Cc1cccc(Oc2cccc(-c3cnc4ccc(C(N)N)cc4c3)c2)c1
680	mol139	-12.83	Cc1cccc(/C=N/c2ccc3c(/C=C/c4cccc(C(=O)O)c4)c[nH]c3c2)c1
680	mol110	-12.23	CCc1ccc(C(=O)NCc2cccnc2)cc1S(=O)(=O)Nc1cccc(S(=O)(=O)Nc2ccc3ccccc3c2)c1
680	mol9	-12.1	CC(C)c1ccc(NC(=O)c2cccc(Nc3ncnc4ccc(NC(=O)CO)cc34)c2)cc1
680	mol93	-12.56	Cc1ccc(C(=O)Nc2cccc(C(=O)NCc3ccc(-c4ccccc4)cc3)c2)cc1
680	mol354	-12.54	Cc1ccc(C(=O)Nc2ccc(Oc3ccnc4ccccc34)cc2)cc1
680	mol485	-13.5	Cc1cc(Nc2cc(N)ncn2)cc(N2CCC(NC(=O)c3cc4ccccc4o3)CC2)c1
680	mol406	-12.86	Cc1ccccc1-c1cccc(Cc2c[nH]c3ccc(-c4nccs4)cc23)c1
680	mol269	-12.08	Cc1cccc(CNC(=O)c2cc(-c3ccc(C(=O)O)cc3)cnc2N)c1
680	mol42	-12.57	Cc1ccc(NC(=O)c2cccc(C(=O)NCc3ccccc3)c2)cc1C(=O)Nc1ccc(C[NH+]2CCCC2)cc1
680	mol107	-12.76	Cc1ccc(CC(=O)NCc2ccc(C(=O)NO)cc2)cc1-c1ccc(NC(=O)c2ccccn2)cc1
680	mol462	-12.63	Cc1cn(Cc2ccc(C(=O)c3ccccc3Cl)cc2F)c2ccc(C(=O)N[C@H](C)c3cccc(C(=O)c4ccccc4)c3)cc12
680	mol431	-12.6	Cc1ccc(-c2nc(C)c(NC(=O)c3ccc4c(c3)C[C@](O)(C(=O)NO)CC4)s2)cc1
680	mol486	-13.04	COc1cccc(NC(=O)N2CCC(c3ccc4[nH]c(-c5cc(C)c(OC)cc5C)nc4c3)CC2)c1
680	mol226	-12.04	CNC(=O)CNC(=O)c1cnc(Nc2ccc(NC(=O)Nc3ccccc3)cc2)nc1NCc1cccc(Cl)c1
690	mol25	-12.33	Cc1ccc(C(=O)Nc2ccc(Nc3ccnc4cc(Cl)ccc34)cc2)cc1C
690	mol273	-12.52	Cc1ccc(NC(=O)c2cccc3ccccc23)cc1NC(=O)c1cccc(C(=O)NS(=O)(=O)c2ccccc2)c1
690	mol289	-12.53	COc1ccc(NC(=O)Nc2cc(-c3cccc(C(=O)NCc4ccc(C(=O)O)cc4)c3)ccn2)cc1
690	mol92	-14.21	Cc1ccccc1Cc1cccc(NC(=O)Nc2cccc(NC(=O)c3cc4ccccc4o3)c2)c1
690	mol45	-12.47	Cc1ccc(C(=O)Nc2ccc(Oc3ccnc4ccccc34)cc2)cc1
690	mol264	-12.93	Cc1ccc(NC(=O)c2cccc(Cc3ccc(Cl)cc3)c2)cc1NC(=O)c1ccc(C(=O)O)cc1
690	mol192	-12.14	Cc1ccccc1-c1ccc(Oc2cccc(NC(=O)CCNC(N)=O)c2)cc1
690	mol52	-12.41	Cc1cccc(Nc2nc(-c3cccc(S(=O)(=O)Nc4ncccn4)c3)c3ccccc3n2)c1C
690	mol348	-13.12	Cc1c(F)ccc(C(=O)c2ccc(-c3ccccc3CNC(=O)c3ccnc(C(F)(F)F)c3)cc2)c1F
690	mol390	-12.12	Cc1cc(CNC(=O)c2cc(C#N)c3ncc(-c4ccc(C(=O)Nc5ccccc5)cc4Cl)cc3n2)n(C)c1
690	mol276	-12.52	CS(=O)(=O)c1ccc(NC(=O)c2cccc(CNc3ncnc4ccc(Nc5ccncn5)cc34)c2)cc1
690	mol163	-12.89	Cc1ccccc1-c1cccc(COc2ccc(C(=O)c3ccc(F)cc3C(=O)O)cc2)c1
690	mol67	-13.09	Cc1ccccc1NC(=O)c1ccccc1NC(=O)c1ccc(NC(=O)c2ccc(O)c3ncccc23)cc1
690	mol53	-12.18	CC(=O)Nc1cccc(Oc2cccc(Nc3ccnc4ccc(NC(=O)NCCC[NH+]5CCOCC5)cc34)c2)c1
690	mol199	-13.07	Cc1cccc(C(=O)NCc2ccc(C(=O)NC(=O)c3cccc4ccccc34)cc2)c1
690	mol321	-12.55	CC(=O)Nc1cccc(NC(=O)c2cccc(Cc3cc4ccc(C(N)N)cc4[nH]3)c2)c1
690	mol126	-12.89	Cc1ccc(C(=O)Nc2ccc(CNc3ncnc4ccc(N)cc34)cc2C(=O)O)cc1
690	mol267	-12.15	Cc1ccccc1CNC(=O)c1cccc(NC(=O)c2cccc(C(=O)O)c2)c1
690	mol407	-12.03	Cc1ccccc1-c1ncc(-c2ccnc(Nc3cccc(C(=O)NCC[NH+]4CCCC4)c3)n2)s1
690	mol169	-12.12	Cc1ccc(C(=O)Nc2ccc(Cl)c(C(=O)c3c[nH]c4ccccc34)c2)cc1
690	mol50	-12.89	Cc1ccccc1C(=O)Nc1ccc(C(=O)Nc2ccc(Oc3ccncc3)c3ccccc23)cc1
690	mol327	-12.75	Cc1ccc(C(=O)Nc2ccc(Cl)c(C(F)(F)F)c2)cc1-c1ncnc2ccc(NC(=O)c3ccc4ccccc4n3)cc12
690	mol111	-13.03	CC(=O)Nc1cccc(NC(=O)c2cccc(Cn3nc(-c4ccc(Cl)cc4)c4ccccc43)c2)c1
690	mol59	-12.07	NC(N)c1ccc(Oc2ccc3oc(-c4ccccc4O)cc3c2)cc1
690	mol136	-12.15	Cc1ccc(C(=O)Nc2ccc(C(=O)NCc3cccc(C(=O)O)c3)cc2C(=O)NO)cc1
690	mol250	-13.15	CCc1cccc(C)c1NC(=O)Nc1cccc(NC(=O)c2ccc(-c3cccc(C(=O)c4ccccc4)c3)s2)c1
690	mol344	-12.86	Cc1ccccc1-c1ccc(C(=O)Nc2ccc(C(=O)NC(C)(C)C)cc2)cc1
690	mol18	-12.54	Cc1c(NC(=O)c2ccc(C(=O)NCc3ccccc3)s2)cccc1-c1nc(NCc2cccc(C(=O)O)c2)ncc1F
690	mol274	-12.04	Cc1ccc(NC(=O)c2cccc(C(F)(F)F)c2)cc1-c1ccc(NCc2ccc(S(=O)(=O)C3CC3)cc2)cn1
690	mol268	-12.17	CC[C@H](NC(=O)c1c[nH]c2ncc(-c3nnc(-c4cccc(Cl)c4)o3)cc2c1=O)C(=O)N[C@H](C)C(=O)NC(C)(C)C
690	mol342	-12.31	Cc1ccccc1-c1cc(Nc2ccnc3cc(Cl)ccc23)ncn1
690	mol285	-12.49	CC(=O)Nc1ccc2c(c1)CCc1cnc(Nc3ccc(C(=O)NCC[NH+]4CCCC4)cc3)nc1N2
690	mol433	-12.33	Cc1ccc(C(=O)Nc2cccc(C(N)=O)c2)cc1Nc1ncnn2cc(C(=O)c3cccnc3)cc12
690	mol398	-13.23	Cc1ccc(C(=O)NCc2ccc(C(=O)NCc3ccccc3)cc2)cc1Nc1ncnc2ccccc12
690	mol144	-12.28	Cc1ccc(NC(=O)c2cccc(Nc3ncnc4ccc(Oc5ccccc5)cc34)c2)cc1NS(C)(=O)=O
690	mol332	-13.0	CC(=O)Nc1cccc(NC(=O)c2ccc(C[N@H+]3CC[C@H](Cc4c[nH]c5ccc(F)cc45)CC3)cc2)c1
690	mol54	-12.2	Cc1cccc(CC[N@H+]2CC[C@H](NC(=O)c3cc4ccc(C(N)N)cc4[nH]3)CC2)c1
690	mol329	-12.56	Cc1ccc(NC(=O)c2cccc(Nc3nccc(-c4ccccn4)n3)c2)cc1Nc1ncccn1
690	mol303	-12.11	Cc1ccc(C(=O)Nc2ccc(Oc3ccnc4cc(-c5ccccc5)sc34)cc2)cc1
690	mol232	-12.23	CC(=O)c1ccc(-c2cccc(OCc3ccc(/C=C/C(=O)O)cc3)c2)cc1
690	mol57	-13.59	Cc1ccc(C(=O)Nc2cccc(C(F)(F)F)c2)cc1-c1ccc2cnc(Nc3cccc(C(=O)NC(C)C)c3)nc2c1
690	mol382	-12.09	Cc1cccc(Nc2cc(S(=O)(=O)Nc3ccc(NC(=O)c4ccc(Cl)c(Cl)c4)cc3)ncn2)c1C
690	mol160	-13.06	Cc1ccc(NC(=O)c2ccc(Nc3ccnc4ccccc34)cc2)cc1NC(=O)c1ccc(N2CCCC2=O)cc1
690	mol117	-12.54	Cc1ccc(C(=O)Nc2ccc(Nc3ccnc4ccccc34)cc2)cc1
690	mol309	-12.19	CN(c1ccc(NC(=O)c2ccc(Oc3ccncn3)cc2C(=O)O)cc1)S(=O)(=O)c1cccc(C(F)(F)F)c1
690	mol441	-12.44	Cc1cccc(C(=O)Nc2ccc(NC(=O)c3cc4ccccc4o3)cc2)c1
690	mol93	-12.32	COc1ccc(C(=O)Nc2ccc(Oc3ccnc(NC(=O)c4cccc(C(=O)O)c4)n3)cc2)cc1
690	mol299	-12.44	Cc1ccc(NC(=O)c2cccc(C(F)(F)F)c2)cc1Nc1nccc(-c2cccnc2)n1
690	mol371	-13.36	Cc1ccc(C(=O)Nc2ccc(Cn3nc(-c4c[nH]c5ccccc45)ccc3=O)cc2)cc1
690	mol456	-12.66	C(=C/c1cccc(-c2ccccc2)c1)/c1ccc(/C=N\Cc2ccccc2)cc1
690	mol31	-12.67	Cc1ccc(NC(=O)c2cccc(N3CCN(c4ccc(OC(F)(F)F)cc4)CC3)c2)cc1NC(=O)c1cccc(C(F)(F)F)c1
690	mol3	-12.21	COc1ccccc1NC(=O)Nc1ccc(-c2ccc(C(=O)NCc3cccnc3)o2)cc1
690	mol446	-12.09	Cc1ccc(C(=O)Nc2ccc(C[N@H+]3CC[N@H+](C)CC3)c(C(=O)Nc3cccc(C(=O)N4CCCC4)c3)c2)cc1
690	mol47	-12.75	Cc1cccc(NC(=O)c2cccc(C(=O)Nc3ccc(C)c(Nc4ncnc5ccc(CCCNC(=O)c6ccccn6)cc45)c3)c2)c1
690	mol42	-12.74	Cc1ccc(NC(=O)c2ccc(C(=O)c3ccc4c(c3)CC(=O)N4)cc2)cc1NC(=O)c1ccc(C2CC2)cc1
690	mol399	-12.33	Cc1ccc(Oc2ccc3c(c2)OCCN(c2ccccc2C(=O)O)C3=O)cc1C(=O)O
690	mol201	-12.06	Cc1cccc(Oc2cccc(-c3nc4ccc(C(N)N)cc4[nH]3)c2)c1
690	mol33	-12.95	Cc1ccc(COc2ccc(NC(=O)c3ccc(C#N)c4ccccc34)cc2C(=O)O)cc1
690	mol107	-12.67	COc1cccc(Nc2ncnc(-c3cccc(-c4cccc(C(=O)O)c4)c3)n2)c1
690	mol71	-12.32	CCS(=O)(=O)Nc1cccc(Oc2ccc(NC(=O)c3cc4cc(C(N)N)ccc4[nH]3)cc2)c1F
690	mol486	-12.49	NC(N)c1ccc(OCc2cccc(C(=O)Nc3ccc4cccnc4c3)c2)cc1
690	mol246	-12.72	Nc1ccc(-c2cccc(-c3ccc(CN4CCOCC4)cc3)c2)cc1C(=O)NCC(c1ccccc1)c1ccccc1
690	mol432	-12.4	COc1ccc(C(=O)Nc2ccc(Oc3ccc(NC(=O)[C@H]4CCCN4C(=O)c4ccccc4)cc3)cc2)cc1OC
690	mol364	-12.09	NC(N)c1ccccc1NS(=O)(=O)c1ccc(C(=O)Nc2cccc(Nc3ccccc3)c2)cc1
700	mol443	-12.71	Cc1ccc(NC(=O)c2ccc(OCc3ccc4ccccc4n3)cc2)cc1NC(=O)c1ccc(C(=O)O)cc1
700	mol153	-12.86	Cc1ccccc1-c1cccc(C(=O)Nc2cccc(Oc3ccccc3C(N)=O)c2)c1
700	mol289	-12.07	Cc1cccc(-c2n[nH]cc2-c2ccc(NC(=O)NC(=O)c3ccccc3)cc2)c1
700	mol51	-12.15	Cc1cccc(C(=O)NCc2cccc(NC(=O)c3ccc4ccccc4n3)c2)c1
700	mol241	-12.16	Cc1ccc(C(=O)Nc2cccc(Oc3ccnc4ccccc34)c2)cc1
700	mol222	-12.11	Cc1cc(NC(=O)c2ccc(C(=O)c3ccccc3C(=O)O)cc2)ccc1N
700	mol470	-12.58	C[C@@H](Oc1cc(Nc2ccnc3cc(Cl)ccc23)c(F)cc1F)C(=O)Nc1ccc(Oc2ccncc2)cc1
700	mol276	-13.83	CS(=O)(=O)c1cccc(-c2cnc(Nc3cc(-c4ccc(C(=O)N5CCOCC5)cc4)cnc3N)s2)c1
700	mol479	-13.84	CC(=O)Nc1cccc(-c2cccc(NC(=O)c3ccc4ccccc4c3)c2C(=O)O)c1
700	mol143	-12.09	Cc1ccc(C(=O)NCc2cccc(CNC(N)N)c2)cc1NC(=O)c1ccc2ccccc2n1
700	mol14	-13.21	Cc1ccc(C(=O)Nc2ncc(Cc3ccc(Cl)s3)s2)cc1NC(=O)c1ccc(C(=O)c2ccccc2C(=O)O)cc1
700	mol296	-12.1	Cc1cccc(-c2nc3nc(-c4cnccc4Sc4ccccc4)cc(O)n3n2)c1
700	mol128	-12.21	CC(=O)Nc1cccc(-c2ccc(NC(=O)[C@@H]3CCCN(C(=O)c4ccc5ccccc5c4)C3)cc2)c1
700	mol267	-12.06	CC(=O)Nc1cccc(NC(=O)c2cccc(CC3CCCCC3)c2C(=O)O)c1
700	mol272	-12.3	COc1ccc(COc2cnc(NC(=O)c3ccc4oc(=O)ccc4c3)c(C(=O)O)c2)cc1
700	mol383	-12.6	C[C@H]1C[N@H+](Cc2ccc(-c3ccc4c(c3)CC(=O)N4C)cc2)CCN1C(=O)c1ccc(C(F)(F)F)nc1
700	mol377	-13.33	Cc1ccc(C(=O)Nc2ccc(Nc3ncc(-c4ccccc4C(=O)O)cc3NC(=O)c3ccc4ccccc4n3)cc2)cc1
700	mol445	-12.68	Cc1ccc(-c2nccc(COc3cccc(C(=O)NCc4cccc(C(=O)NC5CCOCC5)c4)c3)n2)cc1
700	mol244	-12.23	CC(=O)Nc1ccc2c(Nc3cccc4ccccc34)ncnc2c1
700	mol438	-12.32	CC(=O)Nc1cccc(NC(=O)c2cccc(Cc3cc4ccccc4[nH]3)c2)c1
700	mol18	-14.31	Cc1ccc(NC(=O)c2ccc(C[N@H+]3CC[N@@H+](C)CC3)cc2)cc1Nc1nccc(-c2cccc3ccccc23)n1
700	mol204	-12.71	CC(=O)Nc1cccc(Nc2nccc(-c3ccc4ccccc4c3)n2)c1
700	mol274	-12.02	CN(C)c1ccc(-c2ccc(NC(=O)c3cc4ccccc4o3)cc2)cc1
700	mol426	-12.13	Cc1ccccc1-c1ccc(Nc2ncc(C(=O)Nc3ccc(Oc4ccncc4)cc3)cn2)cc1
700	mol410	-12.06	Cc1cccc(C(=O)NCc2ccc(C(=O)NCc3ccc4ccc(C(N)N)nc4c3)cc2)c1
700	mol76	-12.6	Cc1ccccc1CNC(=O)c1cc[n+](-c2ccc(-c3ccccc3)cc2C(=O)O)cc1
700	mol228	-12.26	COc1cccc(-c2ccc(O)c(Nc3cccc4cnccc34)c2)c1
700	mol341	-12.57	Cc1oc(-c2ccccc2)nc1CCCOc1ccc(C(=O)c2ccc(NS(=O)(=O)c3cccc4ccccc34)cc2)cc1
700	mol488	-12.45	CCc1ccc(C(=O)Nc2ccc(NC(=O)c3ccc4ccccc4c3)cc2C(=O)O)cc1
700	mol334	-12.93	Cc1ccc(C(=O)Nc2ccc(C[N+](C)(C)C)cc2)cc1NC(=O)c1cc(-c2cc(F)ccc2C(=O)O)ccn1
700	mol232	-12.62	CCc1ccc(NS(=O)(=O)c2ccc(NC(=O)c3ccc4ccccc4n3)cc2)cc1NC(=O)c1ccc(Br)o1
700	mol190	-12.28	CNC(=O)[C@@H](C)NC(=O)[C@H](NC(=O)OCc1ccccc1)c1ccc(-c2ccc(O[C@@H](c3ccccc3)[PH](O)(O)O)cc2)cc1
700	mol89	-12.16	Cc1ccc(NC(=O)Nc2ccc(OCc3cccc(C(=O)Nc4ccncc4)c3)cc2)cc1NS(C)(=O)=O
700	mol77	-12.38	CCC(CC)Nc1cccc2cc(-c3cncc(-c4cccc(C(=O)O)c4)c3)ccc12
700	mol494	-12.05	Cc1cccc(C)c1Nc1ccnc(Nc2ccc(NC(=O)Nc3cccc(C(=O)O)c3)cc2)n1
700	mol38	-12.4	Cc1ccc(CNC(=O)c2cccc3ccccc23)cc1NC(=O)c1ccccc1C(=O)O
700	mol359	-12.27	COc1cc(Nc2nccc(Nc3ccnc4cc(Cl)ccc34)n2)ccc1NC(=O)c1ccc(C(N)N)cc1
700	mol439	-12.5	CC(=O)Nc1ccc(OCc2cccc(Cl)c2Cl)cc1NC(=O)c1ccc(F)c(Nc2nccc(-c3cccnc3C(=O)c3ccccc3)n2)c1
700	mol208	-12.66	Cc1ccc(C(=O)Nc2ccc(C(=O)O)c(N)c2C)cc1NC(=O)c1cccc(S(=O)(=O)NCc2ccccc2)c1
700	mol441	-12.72	CC(C)n1cc(-c2cccc(Nc3nccc(-c4ccc(F)cc4)n3)c2)c2cc(C(=O)O)ccc21
700	mol2	-12.17	COc1ccc(S(=O)(=O)Nc2ccc(NC(=O)c3ccc4ccccc4c3)cc2)cc1NC(=O)c1ccccc1C(=O)O
700	mol485	-12.57	Cc1cccc(CC(=O)Nc2ccc(-c3ccccc3CNC(=O)c3cc4ccccc4o3)cc2)c1
700	mol161	-12.82	Cc1cccc(CNC(=O)c2cc3cccc(C)c3n2Cc2ccc(C(=O)Nc3ccc(-c4ccccn4)cc3)cc2)c1
700	mol39	-12.05	CC(=O)Nc1cccc(-c2cc(-c3ccc(C(C)=O)cc3)ccn2)c1
700	mol230	-14.16	Cc1ccc(Nc2ncnc(Nc3ccc4ccccc4c3)n2)cc1NC(=O)c1ccc(NC(=O)c2ccc(/C=C\C(=O)O)cc2)cc1
700	mol456	-12.41	Cc1cccc(C(=O)Nc2ccc(NC(=O)c3cc4ccccc4o3)cc2)c1
700	mol0	-12.94	Cc1cccc(C(=O)Nc2cccc(C(=O)N3CCC(c4cccc(C(=O)O)c4)CC3)c2)c1
700	mol369	-12.47	Cc1ccc(C(=O)Nc2ccc(Oc3ccnc4ccccc34)cc2)cc1
700	mol3	-12.15	CC(=O)N[C@H](Cc1ccc(O)cc1)C(=O)NCCNC(=O)c1ccc(-c2ccc(C(=O)c3ccc(F)cc3C(F)(F)F)cc2)cc1
700	mol399	-13.01	Cc1ccccc1CNC(=O)c1ccc2[nH]c(C(=O)c3cccc(C(=O)c4ccccc4)c3)cc2c1
700	mol107	-13.46	Cc1ccc(C(=O)Nc2ccc(B(O)O)cc2)cc1NC(=O)c1ccc(Nc2ccnc3cc(Cl)ccc23)cc1
700	mol436	-12.46	Cc1cccc(C(=O)Nc2ccc(Oc3ccnc4ccccc34)cc2)c1
700	mol484	-12.6	CN(C(N)=O)c1ccccc1Nc1nc(Nc2cccc(C(=O)N3CCC(C(=O)N4CCOCC4)CC3)c2)nc2[nH]ccc12
700	mol87	-12.23	Cc1ccc(CNC(=O)[C@@H](CCNc2ccc(NC(=O)Nc3ccc(Oc4ccccc4)cc3)nn2)NS(=O)(=O)c2ccc(OCc3ccccc3)cc2)cc1
700	mol464	-12.6	Cc1ccc(C(=O)N2CCC(C)(N3CCc4ccccc4C3)CC2)cc1NC(=O)c1ccc(CNC(=O)c2ccncc2)cc1
700	mol226	-12.58	CC(C)(C)c1ccc(C(=O)Nc2ccc(Cl)c(C(=O)c3ccc4ccccc4c3)c2)cc1
700	mol454	-12.22	Nc1ccc(C(=O)NCc2cccc(C(=O)O)c2)cc1Nc1nccc(-c2cccnc2)n1
700	mol123	-14.23	Cc1ccc(C(=O)Nc2ccc(C[N@H+]3CC[N@@H+](C)CC3)c(C(F)(F)F)c2)cc1NC(=O)c1ccc(-c2ccc3ccccc3n2)cc1
70	mol284	-12.18	Cc1ccc(Cl)cc1-c1cncc(NC(=O)c2cccc(S(=O)(=O)Nc3cccc(F)c3F)c2)c1
70	mol21	-13.34	Cc1ccccc1-c1cccc(Cn2cc(NC(=O)c3n[nH]c4cc(-c5ccccn5)ccc34)nn2)c1
70	mol380	-12.28	COc1ccc(-c2c[nH]c(-c3cccc(-c4cncc(C(F)(F)F)c4)c3)n2)cc1
70	mol112	-12.8	Clc1cccc(-c2cccc(-c3ccnc(Nc4ccnc(Nc5ccncc5)n4)n3)c2)c1
70	mol281	-12.12	Clc1ccc2c(Nc3ccc(-c4cn[nH]c4-c4ccccc4)cc3)ccnc2c1
70	mol337	-12.39	Cc1ccc(S(=O)(=O)NCc2cccc(-c3ccc(-c4ccccc4S(N)(=O)=O)cc3)c2)cc1
70	mol300	-12.33	c1cc(Nc2ccnn2-c2cccc(N3CCOCC3)c2)cc(OCc2cccc(-c3nnn[nH]3)c2)c1
70	mol5	-12.12	c1ccc(Nc2ccc3c(-c4csc(Nc5ccncc5)n4)cccc3n2)cc1
70	mol297	-12.16	Clc1ccc2c(Nc3ccc(-c4cn[nH]c4-c4ccccc4)cc3)ccnc2c1
70	mol28	-12.45	CC[C@@H]1[C@H](N)CN(C(=O)c2cccc(C(N)N)c2)C[C@H]1NC(=O)c1ccc(Nc2ncc(F)c(Nc3ccc(C(F)(F)F)cc3)n2)cc1
70	mol458	-12.32	CC(=O)c1ccc(NC(=O)Nc2ccc(Oc3ccnc(Nc4cccc(C(F)(F)F)c4)n3)cc2)cc1
70	mol78	-12.41	CNC(=O)[C@@H](CC[C@H](O)C(=O)NC)Cc1ccc(OCc2cccc(C(=O)Nc3cccc4ccccc34)c2)cc1
70	mol217	-12.2	Cc1ccc(C(=O)Nc2ccc(S(O)(O)O)c3cc(S(O)(O)O)cc(O)c23)cc1NC(=O)c1ccccc1[N+](=O)[O-]
70	mol118	-12.33	OC[C@@H]1CCC[N@H+](Cc2ccc3[nH]c(Nc4ccc(-c5cn[nH]c5-c5ccccc5)cc4)nc3c2)C1
70	mol72	-12.8	CNc1cc(-c2ccc3c(c2)CC(=O)N3C)ccc1Nc1ccnc(Nc2cccc(O)c2)n1
70	mol334	-12.14	NC(N)c1ccc2nc(-c3cccc(-c4ccccc4)c3O)[nH]c2c1
70	mol303	-12.59	Cc1cc(Nc2cccc(C(F)(F)F)c2)n2nc(Nc3ccc4c(c3)CC[C@H](c3ccccc3)C4)nc2n1
70	mol234	-12.63	Cc1c(Oc2ccc(C(=O)O)cc2)ccc2c1CCN(c1ncc(-c3ccccn3)cc1C(=O)O)C2
70	mol229	-12.13	Clc1ccc2c(Nc3ccc(-c4cn[nH]c4-c4ccccc4)cc3)ccnc2c1
70	mol292	-12.19	c1ccc(-c2cccc(Nc3nccc(-c4ccccn4)n3)c2)cc1
70	mol439	-12.99	CNc1cc(-c2cccnc2Oc2ccc(-c3nc4ccccc4c(=O)[nH]3)cc2)ccn1
70	mol498	-12.84	c1ccc(-c2cccc(-c3cccc(CNc4ccnc5ccccc45)c3)c2)cc1
70	mol182	-12.8	C/C(=N\NC(N)N)c1ccc(Oc2ccc(-c3ncc(-c4ccccc4)o3)cc2F)cc1
70	mol90	-13.04	C[C@H](COC(=O)Nc1cccc2ccccc12)NC(=O)c1ccc(Cl)c(Nc2nccc3ncc(-c4ccccc4S(C)(=O)=O)nc23)c1
70	mol211	-12.2	c1ccc(Nc2ccnc(Nc3ccc(-c4cn[nH]c4-c4ccccc4)cc3)n2)cc1
70	mol161	-13.67	CNC(=O)c1cc(Oc2ccc(NC(=O)Nc3ccc(Nc4ncnc5ccccc45)cc3C(=O)O)cc2)ccc1C(=O)O
70	mol280	-12.34	CC1(C)OB(c2ccc(Nc3ncc(-c4cccc(F)c4)c(=O)[nH]3)cc2)O[C@]1(C)O
70	mol468	-13.2	O[C@H]1C[C@@H](n2cnc3cc(Nc4ccc(/C=C/c5ccc(-c6cn[nH]c6)cc5)cc4)ccc32)C1
70	mol178	-12.32	Cc1ccc(-c2cccc(Cl)c2)cc1Nc1ncnn2cc(C(=O)N[C@@H](CO)c3ccccc3)cc12
70	mol446	-12.23	Cc1cc(N)cc(C(=O)Nc2ccc(Nc3nccc(-c4cccnc4)n3)cc2)c1
70	mol48	-12.92	O=C(O)[C@H](Cc1ccc2nc(OCc3cccc(-c4ccccc4)c3)ccc2c1)c1ccccc1
70	mol356	-12.36	c1ccc(Nc2cccc(-c3cccnc3Oc3ccc(-c4nc5ccccc5s4)cc3)n2)cc1
70	mol483	-12.32	CNC(=O)c1ccc(Oc2ccc(Oc3ccc(-c4nc(CCC5CCCC5)no4)cc3)cc2Cl)cc1
70	mol127	-12.36	c1ccc(Nc2ncnc(-c3cccc(-c4ccccc4)c3)n2)cc1
70	mol85	-13.55	Cc1ccc(-c2cc(N3CCC(c4cc(F)cc(F)c4F)CC3)ccn2)cc1
710	mol273	-12.26	Cn1ccc(Nc2nccc(-c3cccc(C(=O)c4ccccc4CN4CCOCC4)c3)n2)c1
710	mol264	-12.05	Cc1ccc(C(=O)NCc2cccc(C(=O)NCc3ccncn3)c2)cc1NC(=O)c1ccc(C(N)N)cc1
710	mol35	-12.33	Cc1ccc(C(=O)Nc2cccc(C(=O)O)c2)cc1Nc1nccc(-c2cccnc2)n1
710	mol255	-12.03	Cc1cccc(Nc2nc(Nc3ccc4ccccc4n3)nc3[nH]ccc23)c1
710	mol21	-13.23	Cc1ccc(C(=O)Nc2ccc(F)c(S(=O)(=O)N3CCOCC3)c2)cc1Nc1ccnc(C(=O)c2ccc(N)cc2)n1
710	mol237	-12.56	CC(=O)Nc1ccc(NC(=O)NCc2cccc(C(=O)N[C@H]3CC[N@H+](Cc4ccc(C(=O)O)cc4)CC3)c2)cc1
710	mol130	-12.51	CC(C)(C)c1cccc(C(=O)Nc2ccc(C(=O)Nc3ccc4n[nH]cc4c3)cc2)c1
710	mol387	-12.44	Cc1cccc(Nc2ncc(C(=O)Nc3ccc4nc(N)ccc4c3)s2)c1
710	mol337	-12.19	Cc1cccc(Cc2cccc(-c3nc4ccccc4n3C)c2)c1
710	mol327	-13.73	Cc1ccc(C(=O)Nc2ccc(S(=O)(=O)Nc3nccc(Cc4ccc5ccccc5c4)n3)cc2)cc1
710	mol111	-12.32	Cc1ccc(C(=O)Nc2cc(C(=O)O)cc(C(=O)O)c2)cc1NC(=O)c1ccccc1C(=O)O
710	mol62	-12.03	Cc1ccccc1CNc1ccc(C(=O)Nc2ccc(C(=O)O)cc2C(=O)O)c(N)c1
710	mol29	-12.11	CCC(=O)Nc1ccc(C(=O)Nc2ccc(Nc3ccnc4ccccc34)cc2C(=O)O)cc1
710	mol438	-13.44	CC(=O)Nc1ccccc1C(=O)Nc1cccc(Cc2cc(S(=O)(=O)Nc3ccc4ccccc4c3)no2)c1
710	mol19	-13.33	Cc1ccc(Oc2cccc(-c3ccc4cc(C(=O)O)ccc4c3)c2)cc1
710	mol260	-12.01	Cc1ccc(-c2ncc(C(=O)Nc3ccc(CO)cc3)[nH]2)cc1Nc1ncnc2ccccc12
710	mol78	-12.64	Cc1ccc(C(=O)Nc2ccc(S(=O)(=O)Nc3ccccc3C(=O)O)cc2)cc1NC(=O)c1ccccc1NC(=O)c1ccc(O)cc1
710	mol429	-12.86	Cc1ccc(Oc2cccc(NC(=O)c3ccc4ccccc4n3)c2)cc1C(=O)O
710	mol416	-12.88	Cc1cc(NC(=O)c2ccc(C(=O)Nc3cccc(C(=O)O)c3)cc2)cc(C)c1OC[C@@H](O)C[N@H+]1CCc2ccccc2C1
710	mol326	-12.44	C[C@@H](NC(=O)c1ccc(C(=O)N[C@@H](Cc2ccc(F)cc2)C(=O)NO)cc1)[C@H](O)c1cccc(O)c1
710	mol433	-12.09	Cc1ccc(C(=O)Nc2ccc(S(=O)(=O)Nc3nccc(Nc4ccccc4)n3)cc2)cc1
710	mol398	-13.13	CN(c1cccc(-c2ccc(C(=O)O)cc2)c1)S(=O)(=O)c1ccc(-c2ccccc2)cc1
710	mol40	-12.06	Cc1sc(C(=O)N[C@@H](C)c2cccc(OCc3ccccc3)c2)cc1CNS(=O)(=O)c1ccc2ccccc2c1
710	mol491	-12.12	CC(=O)Nc1cccc(-c2cccc(Nc3ccc4c(c3)c(C)cn4C)c2)c1
710	mol54	-12.26	Cc1ccccc1S(=O)(=O)Nc1ccc(C(=O)c2ccc3ncccc3c2)cc1F
710	mol118	-13.45	Cc1cccc(Nc2nc(-c3cccc4ccccc34)cc(=O)[nH]2)c1C
710	mol72	-12.98	CN(Cc1cccc2cnccc12)C(=O)c1ccc(C(=O)c2ccc3ccccc3c2)cc1
710	mol1	-13.16	Cc1ccc(C(=O)Nc2ccc(-c3cccc4c(Cc5ccccc5)c[nH]c34)cc2)cc1
710	mol329	-13.06	Cc1ccc(C(=O)Nc2cccc(C(N)=O)c2)cc1NC(=O)c1ccc(-c2ccc(C(=O)O)cc2)s1
710	mol177	-12.95	CN(C)C(=O)c1cccc(Nc2ncnc(-c3cccnc3Nc3cccc(C(=O)Nc4cccc(C(=O)Nc5ccccc5)c4)c3)n2)c1
710	mol234	-12.22	CNC(=O)c1ccc(Nc2ncc(-c3ccnc(-c4ccccc4Cl)n3)cn2)cc1
710	mol444	-12.21	CCC(=O)Nc1ccccc1NC(=O)c1ccc(NC(=O)c2ccc(C(=O)NCc3ccccc3)cc2)cc1
710	mol495	-12.74	Oc1ccc(Nc2ncnc3cccnc23)cc1Cc1ccc(-c2ccccc2)cc1
710	mol457	-12.31	Cc1ccc(C(=O)Nc2ccc(Nc3nc4ccccc4[nH]3)cc2)cc1C
710	mol359	-12.81	Cc1ccc(C(=O)Nc2ccc(Nc3ncnc4ccc(NC(=O)c5ccccc5)cc34)cc2)cc1
710	mol394	-12.35	CCNC(=O)c1ccc(NC(=O)Nc2cccc(Oc3ccnc4[nH]ccc34)c2)cc1
710	mol430	-12.11	Cc1ccc(CNC(=O)c2cc3cc(Nc4ncnc5ccccc45)ccc3n2C(C)C)cc1
710	mol139	-12.35	Cc1ccccc1-c1cccc(CC(=O)Nc2nc3ccccc3o2)c1
710	mol133	-12.54	Cc1ccc(C(=O)Nc2cccc(-c3ccc4nc3SC(Nc3ccccc3)=N4)c2)cc1
710	mol376	-12.5	Cc1ccc(C(=O)Nc2cccc(C(F)(F)F)c2)cc1NC(=O)c1cnn(-c2ccccc2)c1N
710	mol389	-12.29	Cc1ccc(-c2cc3cnc(Nc4ccc(NC(=O)C5CCCC5)cc4)nc3[nH]2)cc1
710	mol83	-12.58	Cc1ccc(C(=O)Nc2ccc(C[N@H+]3CC[N@@H+](C)CC3)c(C(F)(F)F)c2)cc1C#Cc1ccc(C(=O)NCc2ccccn2)cc1
710	mol451	-13.08	Cc1ccc(C(=O)Nc2ccc(NC(=O)c3ccc4ccccc4c3)cc2C(=O)O)cc1
710	mol257	-12.14	Cc1cccc(C(=O)Nc2cccc(Nc3ncnc4ccccc34)c2)c1
710	mol66	-12.86	Cc1ccccc1CC(=O)Nc1cccc(C(=O)NCc2cccc(OCc3ccc4ncccc4c3)c2)c1
710	mol299	-12.44	Cc1cc(C)cc(NC(=O)c2ccc(CCC(=O)Nc3cccc(C(=O)NCc4ccccc4Cl)c3)cc2)c1
710	mol280	-12.16	Cc1cccc(C(=O)Nc2ccc(Nc3ncnc4ccc(N)cc34)cc2)c1
710	mol446	-12.55	Cc1ccc(NC(=O)c2ccc(Cn3ccnc(Nc4cccc(C(=O)O)c4)c3=O)cc2)cc1Cl
710	mol42	-12.8	Cc1cccc(-c2nccnc2Oc2ccc(NC(=O)Nc3cccc(C(=O)O)c3)c(C(=O)O)c2)c1
710	mol399	-12.67	Cc1cccc(C(=O)Nc2ccc(CNS(=O)(=O)c3ccc4oc(=O)cc(C)c4c3)cc2)c1
710	mol462	-12.43	Cc1cc(C)c(S(=O)(=O)Nc2cccc(Nc3ccnc4ccccc34)c2)c(C)c1
710	mol483	-12.14	Cc1ccc(C(=O)Nc2ccc(C[N@H+]3CC[N@@H+](C)CC3)c(C(F)(F)F)c2)cc1Nc1ncnc2ccc(NCc3ccccc3)cc12
710	mol214	-12.52	Cc1ccc(C(=O)Nc2ccc(Oc3ccnc4ccccc34)cc2)cc1
710	mol226	-12.37	Cc1ccc(C(=O)Nc2ccc(C[N@H+]3CC[N@@H+](C)CC3)c3ccccc23)cc1C(=O)Nc1ccc(C(=O)O)cn1
710	mol460	-12.64	Cc1c(F)cccc1C(=O)Nc1ccc(C(=O)c2c[nH]c3ncc(-c4ccccc4)cc23)cc1
720	mol400	-12.23	Cc1ccc(NC(=O)c2ccc(C(=O)NCc3cccnc3)cc2)cc1Nc1ncnn2cc(C(=O)c3ccccc3)cc12
720	mol156	-12.25	CNC(=O)c1cccc(Nc2nccc(-c3c[nH]c4ccccc34)n2)c1
720	mol254	-12.04	Cc1cccc(C(=O)Nc2ccc(C[N@H+]3CC[N@H+](C)CC3)c(C(=O)Nc3ccc(C(N)N)cc3)c2)c1
720	mol175	-12.53	Cc1ccc(C(=O)Nc2ccc(-c3ccc(NC(=O)c4ccccc4C(=O)O)o3)cc2)cc1
720	mol55	-12.53	Cc1ccc(C(=O)Nc2ccc(Oc3ccnc4ccccc34)cc2)cc1
720	mol193	-12.24	Cc1ccc(NC(=O)c2cccc(NC(=O)Cc3ccccc3)c2)cc1NC(=O)Cc1ccccc1
720	mol301	-12.19	Cc1ccc(C(=O)Nc2ccc(C(=O)c3ccc4c(c3)N(C)c3ccccc3N4C)cc2)cc1
720	mol492	-12.62	C/C(=N\NC(=O)c1cccc(C(N)=O)c1)c1ccc(NC(=O)c2ccc(CNC(=O)c3cc4ccccc4o3)cc2)cc1
720	mol414	-12.89	Cc1ccc(C(=O)Nc2ccc(-c3nc4cc(C(N)N)ccc4[nH]3)cc2)cc1
720	mol427	-12.37	Cc1ccccc1CNC(=O)c1cc(NC(=O)c2ccc(-c3ccncc3)cc2)ccn1
720	mol126	-12.32	Cc1ccccc1CNC(=O)c1[nH]c2cc(Cl)c(Cl)cc2c1-c1ccc(Nc2ccnc3cc(Cl)ccc23)cc1
720	mol267	-12.01	Cc1ccc(S(=O)(=O)NC(=O)Nc2cccc(/C=C/c3ccccc3C(=O)O)c2)cc1
720	mol272	-12.95	Cc1ccc(Nc2ncnc(-c3cccc(C(=O)Nc4ccncn4)c3)n2)cc1C
720	mol325	-12.18	Cc1ccccc1CNC(=O)c1cccc(NC(=O)c2cccc(C(=O)O)c2)c1
720	mol136	-12.2	Cc1cc(C(=O)NCc2ccc(S(=O)(=O)NCCOc3ccc4ccccc4n3)cc2)cc(C)c1O
720	mol16	-12.25	Cc1cc(Nc2nccc(-c3ccnc(-c4cn[nH]c4)c3)n2)cc(C)c1C
720	mol252	-12.25	Cc1ccc(C(=O)Nc2ccc(F)c(Cn3ncc4cc(C)c(C)nc43)c2)cc1
720	mol196	-13.34	Cc1ccc(C(=O)N2CC[C@H](NC(=O)c3ccc4ccccc4n3)C2)cc1CC(=O)NO
720	mol304	-13.42	Cc1ccc(C(=O)Nc2ccc(S(O)(O)O)c3ccccc23)cc1NC(=O)c1ccc(C(=O)c2ccccc2)cc1
720	mol28	-12.29	Cc1ccccc1-c1cc(Nc2ccnc3cc(Cl)ccc23)ncn1
720	mol115	-12.67	Cc1cc(Cl)c(OCC(=O)Nc2ccc(NC(=O)c3cccc4cc(Cl)ccc34)cc2)cc1C(=O)O
720	mol278	-12.34	Cc1ccc(NC(=O)c2cccc(C(F)(F)F)c2)cc1C(=O)Nc1cccc(C(=O)O)c1
720	mol310	-12.23	Cc1ccccc1Cc1cccc(NC(=O)CCC(=O)Nc2nc3ccccc3o2)c1
720	mol339	-12.44	CC(=O)Nc1ccc(NS(=O)(=O)c2cccc(-c3ccc(NC(=O)[C@H]4CC[C@H](C(=O)O)CC4)cc3)c2)cc1
720	mol78	-12.27	Cc1cccc(C(=O)Nc2ccc(S(=O)(=O)Nc3nc4ccc(C(=O)O)cc4[nH]3)cc2)c1
720	mol480	-12.33	Cc1cccc(-c2n[nH]cc2-c2ccnc(Nc3ccc4ccccc4c3)n2)c1
720	mol386	-12.57	[H][P@TB7](O)(O)(O)OCc1cnc(C)c(O)c1C/N=[SH]/[C@@H](Cc1c[nH]c2ccccc12)c1ccc(O)c(NS(=O)(=O)c2ccc3ccccc3c2)c1
720	mol231	-13.62	Cc1ncccc1C(=O)Nc1cccc(C(=O)c2ccc(NC(=O)c3cccc4ccccc34)cc2)c1
720	mol303	-12.33	Cc1ccccc1-c1cccc(C(=O)Nc2ccc(C(=O)OC3CCCCC3)cc2)c1
720	mol232	-12.09	CNC(=O)c1ccc(Nc2nc3ccc(-c4ccccc4)cc3[nH]2)cc1
720	mol353	-12.81	Cc1ccc(C(=O)Nc2ccc(C[N@H+]3CC[N@@H+](C)CC3)c(C(F)(F)F)c2)cc1C#Cc1cnc(N)c(C(=O)c2cccnn2)c1
720	mol57	-12.66	Cc1ccc(C(=O)Nc2ccc(Oc3ccnc4cc(-c5ccc(N)cc5)ccc34)cc2)cc1
720	mol366	-12.45	Cc1ccc(NC(=O)c2cccc(C(F)(F)F)c2)cc1Nc1ncnn2cc(C(=O)c3c[nH]cn3)cc12
720	mol403	-12.86	CC(=O)Nc1ccc(NC(=O)c2ccc(NC(=O)c3sc4ccccc4c3O)cc2)cc1C(=O)O
720	mol314	-12.64	Cc1cccc(-n2cc(-c3cccc4cc(C(=O)O)ccc34)nn2)c1
720	mol229	-12.09	CNc1cccc(C(=O)Nc2cccc(Cc3n[nH]c(=O)c4ccccc34)c2)c1
720	mol294	-12.43	Cc1ccc(OCCn2cc(-c3ccc4cc(C(=O)O)ccc4c3)cn2)cc1
720	mol11	-12.25	Cc1cccc(C(=O)Nc2ccc(NC(=O)c3cc4ccccc4o3)cc2)c1
720	mol133	-12.35	Cc1cccc(/C=N\c2ncc(Cc3ccc(C(=O)NCc4ccccc4)cc3)s2)c1
720	mol263	-12.44	Cc1ccc(-n2nc(C(C)(C)C)cc2NC(=O)Nc2cccc(Oc3ccnc4ccccc34)c2)cc1
720	mol354	-12.19	COc1cccc(CC(=O)Nc2cccc(Nc3ncnc4ccc(OCC(=O)O)cc34)c2)c1
720	mol290	-12.56	CCCc1cncc(-c2ccc(C(=O)NCc3cccc(C(=O)Nc4ccc(C(=O)O)cc4)c3)cc2)c1
720	mol219	-12.34	CC(=O)Nc1cccc(NC(=O)c2ccc(CNC(=O)c3cc4ccccc4o3)cc2)c1
720	mol468	-12.03	Cc1ccc(C(=O)Nc2ccc(Oc3ccnc4ccccc34)c(C(F)(F)F)c2)cc1
720	mol269	-12.57	Cc1ccc(C(=O)NO)cc1NC(=O)c1ccc(Nc2nccc(Nc3ccccc3C(=O)O)n2)cc1
720	mol456	-12.21	C[N@H+]1CC[C@H](C(=O)NCc2cccc(NC(=O)c3ccc4ccc(Cl)cc4n3)c2)CC1
720	mol27	-12.14	Cc1ccc(C(=O)NC2CC2)cc1NC(=O)c1ccc(C(=O)c2ccc(F)cc2)cc1
720	mol170	-12.67	Cc1ccccc1-c1n[nH]c(Nc2cc(C(=O)Nc3cccc(C(=O)O)c3)ccn2)n1
720	mol235	-12.2	Cc1ccc(CNC(=O)Nc2cccc(C(=O)NCc3ccnc4ccccc34)c2)cc1
720	mol103	-13.23	CC(C)c1ccccc1NC(=O)c1ccnc(NC(=O)Cc2ccc(-c3ccncc3)cc2)c1
720	mol328	-12.18	Cc1ccc(C(=O)Nc2ccc(F)c(C(=O)O)c2)cc1NC(=O)c1ccc(O)cc1Cl
720	mol431	-12.14	Cc1cccc(Nc2nc(N3CCC(NC(=O)c4ccc5nc(C)ccc5c4)CC3)nc3cc(Cl)ccc23)c1
720	mol82	-12.51	CCc1cccc(NC(=O)CCc2nc(-c3cccc4ccccc34)no2)c1
720	mol158	-12.67	Cc1ccc(C(=O)Nc2ccc(C[N@H+]3CC[N@H+](C)CC3)c(C(F)(F)F)c2)cc1C#Cc1cnc(C(=O)c2c[nH]c3ncccc23)cn1
730	mol10	-12.33	Cc1ccc(C(=O)Nc2cc(C(F)(F)F)cc(C(F)(F)F)c2)cc1NC(=O)c1cnc2ccccc2n1
730	mol284	-13.04	CC(=O)Nc1cccc(-c2cccc(NC(=O)c3ccc4cc(C(N)N)ccc4c3)c2)c1
730	mol302	-12.08	NC(N)c1ccc(Oc2cccc(NC(=O)c3cc4ccccc4o3)c2)cc1
730	mol156	-13.25	Cc1ccc(C(=O)Nc2ccc(NC(=O)c3cccc(C(=O)NCc4ccccc4)c3)cc2)cc1
730	mol153	-12.2	CC(=O)c1ccccc1NC(=O)c1ccc(CNC(=O)c2cccc3ccccc23)cc1
730	mol51	-12.15	COc1ccc(CNC(=O)c2ccc(COc3ccccc3Cl)o2)cc1N1CCN(S(=O)(=O)c2ccc3ccccc3c2)CC1
730	mol35	-12.64	Cc1cccc(C(=O)Nc2ccc(Oc3ccnc4cc(-c5ccncc5)ccc34)cc2)c1
730	mol467	-12.08	Cc1cccc(Oc2cccc(NC(=O)c3cc4ccccc4o3)c2)c1
730	mol374	-12.14	Cc1ccc(C(=O)Nc2ccc(Oc3ccnc4cc(N)ccc34)c(C(F)(F)F)c2)cc1
730	mol143	-12.2	Cc1ccc(NC(=O)c2cccc(C#N)c2)cc1NC(=O)c1cnc(-c2cccc(C#N)c2)cn1
730	mol349	-13.25	Cc1ccc(CNc2nc3ccccc3[nH]2)cc1NC(=O)c1ccc(-c2ccccc2)cc1
730	mol207	-12.34	Cc1ccc(Cl)c(C(=O)Nc2ccc(Nc3ccnc4ccccc34)cc2)c1
730	mol189	-13.27	Cc1ccc(NC(=O)c2cccc(C(F)(F)F)c2)cc1-c1ccc2nc(N3CCC(C(=O)O)CC3)ncc2c1
730	mol49	-12.46	Cc1ccc(NC(=O)c2cccc(C(=O)Nc3cccc(S(=O)(=O)N4CCCCC4)c3)c2)cc1NS(=O)(=O)c1ccc(N)cc1
730	mol318	-13.62	CC(C)c1c(-c2ccc(-c3ccccc3)cn2)ncn1Cc1ccc(NC(=O)c2ccc(F)c(F)c2N)cc1
730	mol253	-12.11	CC(=O)Nc1cccc(-c2cccc(-c3cccnc3Cl)c2N)c1
730	mol13	-12.43	CN(C)C(=O)c1ccc(Nc2nccc(-c3c[nH]c4ccccc34)n2)cc1
730	mol285	-12.17	Cc1c(CC(=O)O)ccc(NC(=O)c2cccc(NC(=O)Nc3ccccc3Cl)c2)c1Cl
730	mol415	-12.06	Cc1ccc(C(=O)Nc2ccc(C[N@H+]3CC[N@H+](C)CC3)c(C(F)(F)F)c2)cc1C#Cc1cnc2nc[nH]c2c1
730	mol34	-12.06	Cc1ccc(C(=O)Nc2ccc(Nc3ccnc4cc(C(=O)O)ccc34)cc2)cc1
730	mol80	-12.9	CNC(=O)c1ccc(C(=O)c2ccc(NC(=O)c3ccc4ccccc4c3)cc2C(=O)O)cc1
730	mol247	-12.45	Cc1ccccc1-c1nc(Nc2cccc(C(=O)NCc3ccccc3)c2)c2ccccc2n1
730	mol32	-12.06	Cc1cccc(-n2nc(C(C)(C)C)cc2NC(=O)Nc2cccc(Oc3ccnc4ccccc34)c2)c1
730	mol212	-13.32	Cc1cccc(NC(=O)Nc2cccc(Oc3ccnc4cc(Cl)ccc34)c2)c1
730	mol166	-12.44	Cc1cccc(C(=O)Nc2ccc(Oc3ccnc4cc(C(N)N)ccc34)cc2)c1
730	mol366	-12.36	Cc1ccc(C(=O)Nc2ccc(Oc3ccncc3)cc2)cc1C#Cc1ccc2ccccc2n1
730	mol457	-12.02	Cc1ccc(C(=O)Nc2ccc(Oc3ccnc4cc(Cl)ccc34)cc2)cc1
730	mol355	-12.05	NC(=O)c1ccc(C(=O)Nc2ccc(Oc3ccnc4cc(Cl)ccc34)cc2)cc1
730	mol180	-13.22	Cc1cc(C(=O)Nc2ccc(Oc3ccnc4cc(C#N)ccc34)cc2)ccc1N1CC=C(c2ccccc2)CC1=O
730	mol190	-12.06	Cc1ccc(C(=O)Nc2ccc(Oc3ccnc4cc(Cl)ccc34)cc2)cc1
730	mol292	-12.06	Cc1cccc(NC(=O)c2ccc(C/C=C/c3cccc(C(=O)O)c3)o2)c1
730	mol359	-12.15	Cc1ccc(C(=O)Nc2ccc(Oc3ccccc3)cc2)cc1NC(=O)c1ccccc1F
730	mol498	-12.87	Cc1ccc(Oc2cccc(C(=O)NCc3cccnc3)c2)cc1NC(=O)c1ccc(Cl)cc1Cl
730	mol411	-12.79	Cc1ccc(NC(=O)c2ccnc(N3CCOCC3)c2)cc1Nc1nccc(-c2cccnc2)n1
730	mol208	-12.79	Cc1ccc(C(=O)Nc2ccc(C[N@H+]3CC[N@@H+](C)CC3)c(C(F)(F)F)c2)cc1C#Cc1ccc(C(=O)Nc2cccc(Cl)c2C(F)(F)F)nc1
730	mol263	-12.2	Cc1ccccc1C(=O)Nc1ccc2[nH]c(-c3ccccc3)nc2c1
730	mol451	-12.67	Cc1ccc(C(=O)Nc2ccc(C[N@H+]3CC[N@@H+](C)CC3)c(C(F)(F)F)c2)cc1C(=O)Nc1ccc(N2CCOCC2)cc1
730	mol161	-12.53	Cc1cccc(-n2nc(C(C)(C)C)cc2NC(=O)Nc2ccc(Nc3ccnc4ccccc34)cc2)c1
730	mol104	-12.3	Cc1ccc(C(=O)COc2ccc(C(=O)c3ccc4ccccc4c3)cc2)cc1
730	mol461	-12.05	COc1ccccc1NC(=O)Nc1ccc(CC(=O)Nc2cccc(NC(=O)c3ccco3)c2)cc1
730	mol446	-12.77	COc1cc(OCc2ccccc2)cc(C(=O)Nc2ccc(NC(=O)c3ccc4ccccc4c3)cc2)c1
730	mol170	-12.27	Cc1ccc(Cc2cc3c(Nc4cccc(C(F)(F)F)c4)ncnc3[nH]2)cc1
730	mol221	-12.84	Cc1ccc(C(=O)Nc2nccc3ccccc23)cc1NC(=O)c1ccccc1C(=O)O
730	mol462	-13.7	CNC(=O)[C@@H](Cc1ccc(O[PH](O)(O)O)cc1)NC(=O)c1ccc(C(=O)c2cccc(NCc3ccccc3C(F)(F)F)c2)cc1
730	mol436	-12.32	Cc1ccc(NC(=O)Nc2ccc(Oc3ccnc4ccccc34)cc2)cc1
730	mol243	-12.25	Cc1ccc(C(=O)Nc2ccc(S(=O)(=O)NCc3ccc4ncccc4c3)cc2)cc1
730	mol98	-12.23	Cc1ccccc1-n1ncc(-c2ccc(C(=O)NCc3ccccc3)cc2)c1N
730	mol23	-12.84	Cc1cc(Nc2cc(C(F)(F)F)ccn2)nc(-c2ccc(C(=O)Nc3cccc(C(=O)O)c3)cc2C(=O)O)c1
730	mol464	-12.03	Cc1ccc(C(=O)NCCC(=O)N2CC(=O)Nc3ccccc32)cc1C(F)(F)F
730	mol432	-13.18	Cc1cccc(-n2nc(-c3ccccc3Cc3ccccn3)cc2NC(=O)Nc2ccc(S(=O)(=O)Nc3ccccn3)cc2)c1
740	mol367	-12.49	Cc1ccc2cc(NC(=O)NCc3cccc4cc(C(=O)NC(C)(C)C)ccc34)ccc2n1
740	mol379	-12.12	CNC(=O)c1ccc(Nc2ncc(Cl)c(-c3c[nH]c4ccccc34)n2)c(Cl)c1
740	mol479	-12.93	Cc1ccc(C(=O)Nc2ccc(Oc3ccncc3)cc2)cc1C(=O)Nc1ccnc(Nc2ccccn2)n1
740	mol325	-13.83	Cc1ccc(C(=O)Nc2cccc(C(F)(F)F)c2)cc1C(=O)Nc1cc(Cc2cccc(NC(=O)C[NH+]3CCOCC3)c2)cnc1N
740	mol350	-12.02	C[NH+](C)CCOc1ccc(C(=O)Nc2ccc(C(=O)c3cccc(C(=O)O)c3)cc2C(=O)O)cc1
740	mol22	-13.3	Cc1ccc(C(=O)Nc2ccc(S(=O)(=O)NCCO)cc2)cc1-c1ccc2c(Cc3ccccc3)nncc2c1
740	mol412	-12.37	Cc1ccc(C(=O)NCc2cccc(Nc3ccnc4ccccc34)c2)cc1
740	mol19	-13.87	Cc1ccc(Nc2cnc3ccccc3n2)cc1NC(=O)c1ccc(-c2ccccc2C(=O)O)cc1
740	mol195	-12.35	Cc1ccc(Cn2nc(-c3ccc(C(=O)Nc4cccc(C(=O)O)c4)cc3)cc2NC(N)=O)cc1
740	mol360	-12.32	Cc1ccc(CNC(=O)c2cnc3ncc(-c4ccccc4)cn3c2=O)cc1F
740	mol274	-12.31	Cc1ccc(C(=O)Nc2ccc(C[N@H+]3CC[N@H+](C)CC3)c(C(F)(F)F)c2)cc1NC(=O)c1ccn2ccccc12
740	mol278	-12.66	Cc1ccc(C(=O)Nc2cccc(NC(=O)c3ccc(-c4ccccc4)cc3)c2)cc1
740	mol458	-12.53	CN(C)c1ccc(Nc2nccc(Nc3cccc4cc(C(N)N)ccc34)n2)cc1
740	mol341	-13.09	Cc1ccc(C(=O)Nc2ccc(C[N@H+]3CC[N@@H+](C)CC3)c(C(F)(F)F)c2)cc1C#Cc1cnc(C(=O)c2cccc(C(=O)Nc3ccccc3)c2)cn1
740	mol491	-13.14	Cc1ccc(C(=O)Nc2ccc(C[N@H+]3CC[N@H+](C)CC3)c(C(F)(F)F)c2)cc1C#Cc1ccc2c(c1)CCN(c1ncccn1)CCC2=O
740	mol144	-12.79	Cc1ccc(C(=O)Nc2ccc(-c3ccc4c(c3)CC(=O)N4)cc2)cc1
740	mol234	-12.62	Cc1ccc(Nc2ccc3cc[nH]c3c2)cc1NC(=O)c1ccc(NCc2ccccn2)cc1
740	mol402	-13.45	Cc1ccc(NC(=O)c2ccc(-c3c[nH]c4ccccc34)cc2)cc1-c1cccc2nc(NC(=O)C3CC3)sc12
740	mol129	-12.07	CNC(=O)c1ccc(C2CCN(c3nc4ccc(OCc5ccccc5)cc4n3C)CC2)cc1
740	mol372	-12.19	CN(Cc1cnc2nc(N)nc(N)c2n1)c1ccc(C(=O)N[C@H](Cc2ccc(F)cc2)C(=O)NCc2ccccc2Cl)cc1
740	mol229	-12.5	Cc1cccc(Nc2nccc(-c3nccc4ccccc34)n2)c1C
740	mol294	-12.4	Cc1ccccc1-c1cccc(COc2ccc(C(=O)O)cc2C(=O)O)c1
740	mol430	-12.74	CCN(CC)C(=O)c1cccc(C(=O)Nc2ccc(Oc3ccc(-c4nc(C)c5ccccc5n4)cc3)cc2)c1
740	mol150	-12.04	Cc1ccccc1Cc1ccc(NC(=O)c2cccc(C(=O)O)c2)cc1
740	mol376	-12.07	Cc1nc(Nc2ncc(C(=O)Nc3ccc(NC(=O)c4ccccc4)cc3)s2)cc(N2CCOCC2)n1
740	mol262	-12.13	Cc1ccc(C(=O)Nc2ccc(NC(=O)c3ccc4c(=O)[nH]c5ccccc5c(=O)c4c3)cc2)cc1
740	mol257	-12.8	CN(c1ccc(S(=O)(=O)c2ccc(NC(=O)c3cc4ccccc4oc3=O)cc2)cc1)S(=O)(=O)c1ccc2ccccc2c1
740	mol290	-12.1	Cc1ncc(COc2ccc3cc(Cc4nc5ccccc5[nH]c4=O)[nH]c3c2)cc1O
740	mol224	-13.14	CC(=O)CNc1ccc(NC(=O)c2ccc(NC(=O)c3ccc4ccccc4c3)cc2)cc1C(=O)c1ccc(C(=O)c2ccccc2)cc1
740	mol219	-12.63	CC(=O)Nc1cccc(-c2ccc(-c3ccc4c(c3)CCC(=O)N4C)cn2)c1
740	mol269	-12.01	CNC(=O)c1ccc(Nc2ncnc3c2cnn3-c2cccc(C(=O)O)c2)c(N)c1
740	mol369	-12.13	CC(=O)Nc1ccc(S(=O)(=O)c2ccc(Nc3cccc(C(=O)O)c3C)cc2C(=O)O)cc1
740	mol409	-12.16	Cc1ccc(Nc2nccc(-c3c[nH]c4ccccc34)n2)cc1F
740	mol98	-12.69	Cc1cccc(C(=O)Nc2ccc(C(=O)c3cccc(C(=O)O)c3)cc2C(=O)O)c1
740	mol486	-12.84	Cc1cc(C)c2cc(Nc3nc(=O)c4ccccc4[nH]3)ccc2c1
740	mol265	-12.78	Cc1ccc(C(=O)Nc2ccc(-c3ccc4ccccc4n3)cc2)cc1
740	mol248	-12.86	Cc1cccc(CNC(=O)c2ccc(C(=O)Nc3cccc(-c4ccccn4)c3)c3ccccc23)c1
740	mol134	-12.33	CCNC(=O)CCn1cccc(-c2ccc(OCc3cc([C@@H]4COC(=O)N4)nc4cccc(F)c34)cc2)c1=O
740	mol364	-12.25	Cc1ccc(C(=O)Nc2ccc(S(=O)(=O)Nc3ccc4nnc(N)nc4c3)cc2)cc1
740	mol158	-12.64	Cc1cccc(C(=O)Nc2ccc(NC(=O)c3ccc4[nH]ncc4c3)cc2)c1
750	mol273	-12.52	Cc1ccc(C(=O)Nc2ccc(C[N@H+]3CC[N@H+](CCc4ccccc4)CC3)cc2)cc1Nc1ncnn2cc(C(=O)O)cc12
750	mol55	-12.45	CC(=O)Nc1cccc(Nc2nccc(-c3ccnc(Nc4ccccc4)c3)n2)c1
750	mol428	-12.35	CCCNc1cc(-c2cccnc2Oc2ccc(NC(=O)Nc3ccc4c(C)cc(=O)oc4c3)cc2C(=O)O)ccn1
750	mol320	-12.17	Cc1ccc(Oc2cccc(NC(=O)c3cccc(C(=O)O)c3)n2)cc1C(=O)O
750	mol390	-12.22	Cc1ccc(CO)cc1Nc1nccc(-c2cnc3ccccc3c2)n1
750	mol149	-12.63	Cc1cc(Nc2nc(Cc3cccc(C(=O)NCCc4ccccc4)c3)nc3ccccc23)nc(N)n1
750	mol380	-12.21	OC(Cc1cccc(-c2ccc3oc(CCNc4ccnc5ccccc45)cc3c2)c1)(C(F)(F)F)C(F)(F)F
750	mol270	-12.39	Cc1ccc(C(=O)Nc2ccc([C@@H]3CCCN3C(=O)c3ccc4ccccc4n3)cc2)cc1
750	mol112	-12.1	Cc1cccc(Oc2ccnc(Nc3ccc(C(=O)NC[C@H]4CC[N@@H+](C)CC4)cc3)n2)c1
750	mol237	-12.17	O[C@](F)(Cc1cccc(-c2ccc(F)cc2)c1)c1cccc(NCc2cccnc2)c1
750	mol143	-12.23	Cc1ccc(C(=O)Nc2cc(NC(=O)c3ccc(NC(=O)c4cccc(Cl)c4)cc3)ccn2)cc1
750	mol383	-12.31	Cc1ccc(C(=O)Nc2ccc(Oc3ncnc4[nH]ccc34)cc2)cc1NC(=O)Cc1ccccc1
750	mol327	-13.13	CNc1ccccc1-c1ccc(F)c2c1cnn2-c1ccnc(Nc2ccc(C(=O)NC(C)(C)C)cc2)n1
750	mol62	-12.06	Cc1ccc(C(=O)Nc2ccc(Oc3ccnc4ccc(Cl)cc34)cc2)cc1
750	mol244	-12.17	CC(=O)Nc1cccc(-c2cccc(NC(=O)c3cccc(C(=O)O)c3)c2)c1
750	mol283	-12.35	Cc1ccc(NC(=O)c2cccc(C(F)(F)F)c2)cc1-c1ccc(-c2nccnc2N)cc1
750	mol396	-12.74	CC(=O)Nc1cccc(-c2ccc(NC(=O)c3ccc(C)cc3NC(=O)c3cc4ccccc4o3)cc2)c1
750	mol344	-12.94	Cc1ccc(C(=O)Nc2ccon2)cc1NC(=O)c1ccc(NC(=O)c2cccc(C(=O)O)c2)cc1
750	mol323	-13.32	Cc1cccc(NC(=O)Nc2cccc(Oc3ccnc4cc(Cl)ccc34)c2)c1
750	mol310	-12.37	Cc1ccc(C(=O)Nc2cccc(Nc3ccnc4cc(Cl)ccc34)c2)cc1
750	mol317	-12.36	Cc1ncc(COc2ccc3nccnc3c2)cc1NS(=O)(=O)c1ccc(NC(=O)c2ccco2)cc1
750	mol415	-12.43	Cc1ccc(C(=O)Nc2ccc(C[N@H+]3CC[N@@H+](C)CC3)c(C(F)(F)F)c2)cc1OCC(=O)Nc1cccc(C(=O)O)c1
750	mol213	-12.04	Cc1ccc(C(=O)Nc2ccc(S(O)(O)O)c3ccccc23)cc1NC(=O)c1ccccc1O
750	mol287	-12.04	Cc1ccc(C(=O)c2ccc(Oc3ccccc3)cc2)cc1NC(=O)c1ccccc1F
750	mol167	-12.3	CNC(=O)c1ccc(Cl)c(Nc2nccc(-c3cccnc3Oc3ccc(NC(=O)Nc4ccccc4)cc3)n2)c1
750	mol200	-12.84	Cc1ccc(C(=O)Nc2ccc(C(=O)NS(=O)(=O)c3ccc4c(C(=O)O)c[nH]c4c3)cc2)c(C)c1
750	mol329	-12.31	Cc1ccc(C(=O)NCc2cccc(Oc3ccnc4ccccc34)c2)cc1
750	mol499	-12.95	Nc1ccc(C(=O)Nc2ccc(F)cc2)cc1NC(=O)c1ccc(-c2ccccc2)cc1
750	mol57	-12.51	CC(=O)N[C@@H](Cc1cccc(C(F)(F)[PH](O)(O)O)c1)C(=O)NCc1ccc(-c2ccccc2)cc1
750	mol140	-12.08	O=C(/C=C/c1ccc(O)c(O)c1)O[C@H](C(=O)O)c1cccc(Oc2ccccc2)c1
750	mol160	-12.54	Cc1ccc(C(=O)NCc2ccc(C(N)N)cc2)cc1NC(=O)c1ccc(C(=O)Nc2ccccc2)cc1
750	mol316	-12.2	Cc1cc([N+](=O)[O-])ccc1NC(=O)c1cccc(NC(=O)c2ccccc2F)c1
750	mol77	-12.01	C[C@H](OC(=O)Nc1ccccc1C(=O)O)c1cccc(-c2ccnc3cc(Cl)ccc23)c1
750	mol292	-13.76	Cc1ccc(C(=O)Nc2ccc(Oc3ncnc4ccccc34)cc2)cc1NC(=O)c1cccnc1
750	mol359	-12.51	Cc1cccc(COc2ccc(C(=O)Nc3cccc(C(=O)NCc4ccccc4)c3Cl)cc2)c1
750	mol394	-12.24	Cc1ccc(C(=O)Nc2ccc(S(O)(O)N[N+](=O)[O-])cc2)cc1Nc1ncnc2ccccc12
750	mol411	-12.21	CC(=O)Nc1cccc(-c2ccc(CNC(=O)c3ccc4cc(C(N)N)ccc4c3)cc2)c1
750	mol133	-12.15	Cc1cccc(C(=O)Nc2ccc(C[C@H](NC(=O)c3cccc(C(F)(F)F)c3)C(=O)O)cc2)c1
750	mol312	-12.2	Cc1ccc(C(=O)Nc2ccc(Oc3ncnc4ccccc34)cc2)cc1
750	mol257	-12.19	Cc1ccc(Oc2ncccc2-c2nc3cc(NS(=O)(=O)c4cccc(C(=O)O)c4)ccc3[nH]2)cc1
750	mol290	-12.18	Cc1cccc(-c2nc(N)nc(Nc3ccc4ccccc4n3)n2)c1
750	mol224	-12.13	CC(=O)Nc1cccc(Oc2nc(Nc3ccc(Oc4ccccc4)cc3)nc3nc(N)nc(N)c23)c1
750	mol417	-12.08	Cc1ccc(CC(=O)Nc2ccc(NC(=O)c3ccc4ccccc4n3)cc2)cc1
750	mol219	-12.01	CCC(=O)Nc1ccc(C(=O)Nc2ccc(Nc3nc4ccccc4c(=O)[nH]3)cc2)cc1
750	mol311	-12.11	CC(=O)Nc1ccc(Oc2ccnc(Nc3cccc(NC(=O)Nc4ccc(Cl)cc4)c3)n2)cc1
750	mol280	-12.42	CNC(=O)c1ccc(Oc2ccccc2OCc2ccc(-c3ccccc3)cc2)cc1
750	mol269	-13.47	Cc1ccccc1-c1ccc(-c2nc(N)nc(Nc3ccc(Oc4ccccc4)cc3)n2)cc1
750	mol397	-12.04	Cc1ccc(O)cc1NC(=O)c1ccc(NC(=O)c2ccc(C(F)(F)F)cc2)cc1
750	mol461	-12.9	Cc1ccc(C(=O)NC2CC2)cc1-c1ccc(NC(=O)c2cccnc2C(F)(F)F)cn1
750	mol47	-12.21	CC(=O)Nc1cccc(-c2csc(Nc3cccc4ccccc34)n2)c1
750	mol17	-12.34	Cc1c(NC(=O)c2ccsc2)cccc1-c1nc(Nc2ccc(C(=O)NO)cc2)cs1
750	mol235	-12.78	Cc1cccc(-c2cc(NC(=O)c3cccc(Cc4ccccn4)c3O)ncn2)c1
750	mol74	-13.04	CNC(=O)c1ccc(Nc2nccc(-c3c[nH]c4ccccc34)n2)c(C)c1
750	mol87	-12.26	Cc1ccc(Oc2cccc(Nc3ccnc4cc(Cl)ccc34)c2)cc1NC(=O)c1ccncc1
760	mol284	-13.03	Cc1ccc(C(=O)Nc2ccc(S(O)(O)O)c3ccccc23)cc1NS(=O)(=O)c1ccc(Oc2ccccc2)cc1
760	mol273	-12.2	Cc1cc(Nc2cccc(/C=C3/S/C(=N\c4cccc(C(=O)O)c4)NC3=O)c2)cc(C)c1O
760	mol481	-12.1	Cc1ccc(C(=O)Nc2cccc(C(F)(F)F)c2)cc1C(=O)Nc1ccc2n[nH]c(-c3ccncc3)c2c1
760	mol203	-12.44	Cc1ccc(Cl)cc1NC(=O)Nc1cccc(-c2cnc3ccccc3n2)c1
760	mol141	-12.08	Cc1ccc(CNC(=O)c2cccc(NC(=O)c3ccc4ccccc4n3)c2)cc1
760	mol35	-12.47	[H]/N=C1\N(C)CC(c2cccc(Nc3nccc(-c4cccnc4)n3)c2)=C2CCCN21
760	mol155	-12.39	Cc1cccc(Nc2cnc(-c3cccc(C(=O)Nc4ccccc4)c3)s2)c1
760	mol186	-13.15	Cc1c(NC(=O)c2ccc(C(=O)c3cccc(Oc4ccccc4)c3)cc2)ccc2ccccc12
760	mol492	-12.13	Cc1cncc(-c2ccc(C(=O)Nc3ccc(Cn4cnc(C(F)(F)F)c4)cc3)cc2)c1
760	mol261	-12.05	Cc1ccccc1CNC(=O)c1cccc(CC(=O)N2CCN(c3cccc(C(F)(F)F)n3)CC2)c1
760	mol69	-13.81	Cc1ccc(NC(=O)c2cccc(C(=O)Nc3ccc(NC(=O)c4ccccc4Cl)cc3)c2)cc1NC(=O)c1cccs1
760	mol321	-13.2	Cc1ccccc1-c1ccc(C(=O)Nc2ccc(NC(=O)c3ccc4ccccc4c3)cc2)cc1
760	mol383	-12.07	Cc1ccc(NC(=O)c2cc3ccccc3o2)cc1NC(=O)c1cccc(C(=O)O)c1
760	mol189	-12.02	CN(c1ccc(C(=O)O)cc1)S(=O)(=O)c1ccc(NC(=O)c2ccccc2C(=O)O)cc1
760	mol412	-12.38	Cc1ccc(C(=O)Nc2ccc(S(N)(=O)=O)cc2)cc1Nc1nccc2ccc(Oc3ccccc3)nc12
760	mol253	-12.37	Cc1ccc(C(=O)Nc2cccc(CCCC(=O)O)c2)cc1NS(=O)(=O)c1ccc2ccccc2c1
760	mol115	-13.34	Cc1cccc(Cc2n[nH]c(-c3cccc(C(=O)Nc4cccc(C(=O)O)c4)c3)c2N)c1
760	mol249	-12.32	[H][P@TB8](O)(O)(O)Nc1cc(C(=O)Nc2ccc(Oc3ccnc4[nH]ccc34)cc2)ccc1C
760	mol323	-12.36	CN(CCc1ccccc1)C(=O)c1ccc(NC(=O)c2cc(NC(=O)c3cccc(C(F)(F)F)c3)ccn2)cc1
760	mol398	-12.77	Cc1ccccc1C(=O)Nc1cccc(-c2nccc3cccnc23)c1
760	mol291	-12.14	Cc1ccc(C(=O)Nc2ccc(C(F)(F)F)cc2)cc1NC(=O)c1cnn(-c2ccccc2)c1N
760	mol475	-12.95	COc1cc(OCc2ccc(-c3cc4ccccc4o3)cc2)cc(-c2ccc(S(=O)(=O)Nc3cccc(Oc4ncncn4)c3)cc2)c1
760	mol493	-12.18	Cc1ccc(-c2c[nH]c(=O)c(Cc3ccc4ccccc4n3)n2)cc1
760	mol217	-12.18	CC(=O)Nc1cccc(-c2ccnc3cc(-c4ccccc4)ccc23)c1
760	mol40	-13.06	Cc1cc(C)cc(Nc2nccc(-c3ccnc(Nc4cccc(C(=O)O)c4)c3)n2)c1
760	mol332	-12.31	Cc1ccc(C(=O)Nc2cccc(C(F)(F)F)c2)cc1Nc1nccc(-c2cccnc2)n1
760	mol118	-13.32	Cc1cccc(-c2nc(Nc3cccc(C(=O)NCc4cc(-c5ccccc5)nn4-c4ccccn4)c3)ns2)c1
760	mol247	-12.16	Cc1cccc(Nc2ccc(C(F)(F)F)c(C(=O)c3c[nH]c4ccccc34)c2)c1
760	mol200	-12.85	COc1cccc(-c2nc(C(=O)Nc3cccc(OCc4ccccc4)c3)c(-c3nc4ccccc4[nH]3)s2)c1
760	mol469	-12.96	Cc1ccc(Oc2cccc(NC(=O)c3ccc(C)c(Nc4ccnc(Nc5ccccc5)n4)c3)c2)c(C)c1
760	mol32	-12.14	Cc1cccc(Nc2ncc(C(=O)Nc3ccc4ccccc4n3)s2)c1
760	mol370	-12.37	Cc1ccc(C(=O)Nc2ccc(/N=c3\sc4ccccc4n3C)cc2)cc1
760	mol366	-12.05	Cc1ccccc1Cc1ccccc1OCc1cccc2ccccc12
760	mol164	-13.26	Cc1ccc(NC(=O)c2cccc(C(F)(F)F)c2)cc1-c1ccc2c(-c3ccccc3)nncc2c1
760	mol355	-12.06	Cc1ccc(C(=O)Nc2cccc(C(F)(F)F)c2)cc1C(=O)NCc1ccnc(Nc2ccnn2C)n1
760	mol382	-12.33	Cc1ccc(C(=O)Nc2ccc(F)c(C(=O)Nc3ccccc3)c2)cc1NC(=O)c1cccc(C#N)c1
760	mol150	-12.07	Cc1ccc(C(=O)Nc2ccc(C[N@H+]3CC[N@H+](C)CC3)c(C(F)(F)F)c2)cc1NC(=O)c1cnc2ccccn12
760	mol354	-12.85	Cc1ccc(C(=O)Nc2ccc(F)c(C(F)(F)F)c2)cc1Oc1ccnc(Nc2ccc(C(=O)O)cc2)n1
760	mol66	-13.72	Cc1ccc(NC(=O)c2cccc(-n3cccn3)c2)cc1NC(=O)c1ccc(-c2ccccc2)cc1
760	mol4	-12.12	Cc1nc(N)c2nc(-c3cc(C(=O)Nc4cccc(C(F)(F)F)c4)ccc3C)ccc2n1
760	mol219	-12.26	CC(=O)Nc1ccc(C(=O)Nc2cccc(-c3ccccc3C(=O)O)c2)cc1
760	mol447	-13.04	Cc1c(C(=O)Cc2cccc(Cl)c2)nn(-c2ccc(Cl)cc2)c1NC(=O)c1ccc(Nc2ccnc3cc(Cl)ccc23)cc1
760	mol0	-12.8	COc1ccc(C(=O)Nc2cccc(C(N)=O)c2)cc1-c1cc(N)c(Cl)c(CC(=O)NCc2ccc(Cl)c(Cl)c2)n1
760	mol27	-12.11	Cc1ccc(C(=O)NCc2cccc(C(=O)NCc3ccccc3)c2)cc1C
760	mol122	-12.16	COc1cccc(Oc2cc(NC(=O)c3ccc4ccccc4c3)ncn2)c1
760	mol119	-12.44	Cc1ccc(C(=O)c2cccc(Oc3ccnc4ccccc34)c2)cc1
760	mol399	-13.09	Cc1ccc(-c2nc3ccccc3c(=O)n2Oc2ccc(NC(=O)NCc3ccc4ccccc4n3)cc2)cc1
760	mol463	-12.35	Cc1cccc(C(=O)Nc2ccc(Oc3ccnc4ccccc34)cc2)c1
760	mol248	-12.86	Cc1ccccc1C(=O)Nc1ccc(C(=O)c2ccc3ccccc3c2)cc1
760	mol116	-12.68	Cc1ccc(C(=O)Nc2cccc(C(F)(F)F)c2)cc1-c1ccc2nc(NC3CC3)ncc2c1
760	mol123	-12.47	Cc1cccc([C@@H](Nc2ccc(Cc3ccc4nc(C(=O)O)ccc4c3)cc2)c2ccccc2)c1
770	mol443	-12.45	Cc1ccc(C(=O)Nc2cccc(C(F)(F)F)c2)cc1NC(=O)c1ccc(C(=O)O)c(NC(=O)c2cccc(C(=O)O)c2)c1
770	mol437	-12.88	Cc1ccc(-c2ncc(-c3ccnc(NC(=O)c4cccc(C(=O)NCCO)c4)c3)[nH]2)cc1
770	mol75	-12.11	Cc1ccc(C(=O)Nc2ccc(S(O)(O)O)c3ccccc23)cc1NC(=O)c1ccc(C(N)N)cc1
770	mol346	-12.02	NC(N)c1ccc(CNC(=O)Cc2ccc(CCc3csc(NC(=O)c4ccccc4)n3)cc2)cc1
770	mol203	-12.18	CC(=O)Nc1cccc(-c2cccc(-c3cccc(C(=O)NCc4ccccc4O)c3)c2)c1
770	mol401	-12.36	Cc1ccc(-c2ccc(OCc3cc(=O)oc4ccccc34)cc2)cc1
770	mol405	-12.07	Cc1cc(Oc2cccc(OC[C@H](O)CNC(=O)OCc3ccccc3)c2)cc(N2C(=O)Nc3ccccc3S2(=O)=O)c1
770	mol324	-12.05	CC(=O)Nc1cccc(-c2ccc(=O)n(Cc3ccc4ccccc4n3)n2)c1
770	mol459	-12.27	CC(C)c1cc(C(=O)NCc2cccc(C(=O)Nc3cccc(C(N)N)c3)c2)ccc1O
770	mol51	-12.64	CNC(=O)c1ccc(Nc2nccc(-c3c[nH]c4ccccc34)n2)cc1Cl
770	mol100	-12.3	Nc1nc2cc(S(=O)(=O)Nc3cccc(C(=O)c4ccccc4)c3)ccc2n1Cc1ccccc1
770	mol427	-12.51	Cc1cc(C)cc(Nc2nccc(-c3ccnc(Nc4ccccc4)c3)n2)c1
770	mol209	-12.45	Cc1cccc(C(=O)Nc2ccc(NC(=O)c3ccc(C(N)=O)cc3)cc2)c1
770	mol60	-12.06	Cc1cccc(-n2nc(C(=O)Nc3ccc4nc(C)c(OCc5ccccc5)cc4c3)c(C(N)=O)c2C(=O)O)c1
770	mol449	-12.28	Cc1ccc(C(=O)Nc2cccc(C(F)(F)F)c2)cc1C(=O)Nc1ccc(S(=O)(=O)Cc2ccccc2)cc1
770	mol421	-12.32	Cc1ccc(-c2ccc(C(=O)Nc3ccccc3C(=O)O)cc2)cc1
770	mol102	-13.12	Cc1cccc(CNC(=O)c2cc(Cc3ccc4cc(Cl)ccc4c3)cnc2N)c1
770	mol194	-12.22	Cc1cccc(-c2nc([C@@H](CCc3ccccc3)NC(=O)C3CCCCC3)cn2-c2ccc(NC(=O)N[C@@H](C)c3ccccc3)cc2)c1
770	mol434	-12.19	Cc1ccc(Oc2ccc(NC(=O)c3ccco3)cc2F)cc1NC(=O)c1ccccc1C(=O)O
770	mol268	-12.1	CN(C1=CC(=O)c2ccccc2C1=O)c1cccc(C(=O)c2cccc(Cl)c2)c1
770	mol152	-12.35	CCS(=O)(=O)c1ccc(CC(=O)Nc2ccc(NC(=O)c3ccc4ccccc4n3)cc2)cc1
770	mol416	-12.85	Cc1ccc(NC(=O)c2ccc(NC(=O)c3cc4ccccc4o3)cc2)cc1C(=O)NCC[C@H]1CCCCN1C(=O)CCNC(=O)c1ccncc1
770	mol448	-12.24	CN(c1ccc(F)c(NC(=O)c2ccc(C(N)N)cc2C#N)c1)S(=O)(=O)c1ccc(-n2cccc2)cc1
770	mol341	-12.46	Cc1ccc(CNC(=O)c2cccc(C(=O)Nc3ccccc3C(=O)O)c2)cc1
770	mol286	-12.84	Cc1ccc(C(=O)N2CCC(Nc3ncnc4ccccc34)CC2)cc1C(F)(F)F
770	mol258	-12.27	Cc1ccc(C(=O)c2ccc3ccccc3c2O)cc1NC(=O)c1ccccc1C(=O)O
770	mol234	-12.88	Cc1ccc(NC(=O)c2cccc(C(F)(F)F)c2)cc1Nc1ncnn(-c2cccc(C(=O)O)c2)c1=O
770	mol435	-12.37	Cc1ccc(C(=O)Nc2ccc(S(O)(O)O)c3cc(S(O)(O)O)ccc23)cc1S(=O)(=O)Nc1ccccc1F
770	mol162	-13.14	Cc1ccc(C(=O)Nc2ccc(F)c(C(F)(F)F)c2)cc1-c1cccc(-c2cnc3[nH]ncc3c2)c1
770	mol110	-12.48	Cc1ccc(C(=O)Nc2ccc3nc(-c4cccc(O)c4)[nH]c3c2)cc1
770	mol331	-12.23	Cc1cc(CC(=O)O)ccc1NC(=O)c1ccc(C)c(-c2cccc(C(=O)O)c2)c1
770	mol420	-12.87	COc1cccc(CNC(=O)c2ccc(-c3cccc(C(=O)NCc4cccc(C(=O)O)c4)c3)cc2C(=O)O)c1
770	mol417	-13.11	Cc1ccc(NC(=O)c2cccc(C(=O)NCc3ccccc3C(F)(F)F)c2)cc1Nc1ncccn1
770	mol119	-12.12	CC(=O)Nc1ccc(Nc2nc(Nc3ccc(Cc4ccccc4)cc3)nc(Nc3ccc4ccccc4c3)n2)cc1
770	mol79	-12.73	Cc1ccc(C(=O)NC2CC2)cc1NC(=O)c1cccc(CNC(=O)c2cccc(O)c2O)c1
770	mol486	-12.17	Cc1ccc(CNC(=O)c2cnc(Nc3ccc(C(N)=O)cc3)nc2N)cc1
770	mol248	-12.06	Cc1ccc(C(=O)Nc2ccc(Oc3ccnc4cc(Cl)ccc34)cc2)cc1
770	mol251	-13.02	Cc1ccc(C(=O)NCc2ccc(S(N)(=O)=O)s2)cc1NC(=O)c1ccc(Nc2ccnc3cc(Cl)ccc23)cc1
770	mol183	-12.65	Cc1c(C#N)cccc1C(=O)Nc1ccc(C(=O)N2CCC3(CCc4ccccc43)CC2)cc1
770	mol476	-12.18	Cc1cccc(C(=O)Nc2ccc(CNc3ccnc4ccccc34)cc2)c1
770	mol454	-12.89	Cc1ccc(C(=O)Nc2cccc(C(F)(F)F)c2)cc1-c1ccc2c(-c3ccncc3)nccn12
770	mol343	-13.08	CNC(=O)Nc1ccc(Cl)c(-c2ccc3nc(-c4ccc5ncccc5c4)ccc3n2)c1
780	mol442	-12.24	CC(=O)Nc1cccc(-c2ccnc(Nc3ccc4ccccc4c3)n2)c1
780	mol346	-12.35	Cc1ccc(C(=O)Nc2ccc(Oc3ccnc4ccc(NC(=O)c5ccccc5)cc34)cc2)cc1
780	mol6	-14.02	Cc1n[nH]c2ccc(-c3ccnc(-c4cccc(C(=O)Nc5cccc(C(F)(F)F)c5)c4)c3)cc12
780	mol55	-12.65	CN(c1ccc(C(=O)NCc2ccccc2)cc1)c1cccc(Nc2cccc(C(=O)O)c2)c1
780	mol256	-12.27	Cc1ccc(C(=O)Nc2ccc(Oc3ccnc4cc(N)ccc34)c(C(F)(F)F)c2)cc1F
780	mol222	-12.1	Cc1ccc(C(=O)Nc2cccc(Cc3n[nH]c4ccccc34)c2)cc1
780	mol270	-12.04	CCc1ccc(Nc2nc(-c3cccc(C(=O)Nc4cccc(C(=O)NCCO)c4)c3)nc3ccccc23)cc1
780	mol374	-12.49	Cc1ccc(Nc2ncc(-c3ccccc3)cn2)cc1C(=O)Nc1cccc(C(=O)O)c1
780	mol199	-12.14	CC(=O)Nc1ccc(Nc2cc(Nc3ccc4ccccc4c3)ncn2)cc1
780	mol349	-13.1	Cn1c(-c2ccc(NC(=O)Nc3ccccc3)cc2)cc2nc(-c3ccccc3)ccc21
780	mol207	-13.54	Cc1cccc(Oc2cccc(-c3cccc(C(=O)n4ncc(C)cc4=O)c3C)c2)c1
780	mol209	-12.29	Cc1ccc(NC(=O)c2ccccc2C#N)cc1NC(=O)c1ccc2ccccc2c1O
780	mol130	-12.13	COc1ccc2cc([C@H](C)Nc3ncc(Cc4cccc(OC(F)(F)F)c4)cn3)ccc2c1
780	mol86	-12.15	CC(C)(C)NC(=O)COc1ccc(C(=O)Nc2cccc(NC(=O)Cc3ccc(Cl)c(Cl)c3)c2)cc1
780	mol240	-12.51	Cc1ccc(C(=O)Nc2ccc(Oc3ccnc4ccccc34)cc2)cc1OC(C)(C)C
780	mol189	-12.17	Cc1c(Cl)cccc1NC(=O)c1cc(C)c2nn(-c3cccc(S(C)(=O)=O)c3)cc2c1
780	mol196	-12.19	COc1ccc(C(=O)Nc2ccc(S(=O)(=O)Nc3ccc4c(c3)C[NH2+]CC4)cc2)cc1C(=O)O
780	mol283	-12.28	CNC(=O)COc1ccc(-c2ccc(-c3ccc4ccccc4n3)cc2)cc1
780	mol28	-13.27	Cc1cc(Nc2cc(C(=O)O)ccn2)ccc1C(=O)Nc1ccc(N(Cc2cccc(C(=O)O)c2)C(=O)c2ccncc2)cc1
780	mol482	-13.53	Cc1ccc(C(=O)Nc2ccc(-c3ccc4c(n3)[nH]c(=O)c3ccccc34)cc2)cc1
780	mol410	-12.79	Cc1ccccc1CC(=O)Nc1ccc(C(=O)c2ccc3c(c2)CC(=O)N3)cc1
780	mol78	-12.11	CCc1nc(C(=O)Nc2cccc(Oc3ccccc3)c2)cn1CCc1cccc2ccccc12
780	mol228	-12.71	Cc1cc(-c2cccc(C(=O)N3CCOCC3)c2)cn(Cc2cc(Cl)cc(C(=O)N3CCOCC3)c2)c1=O
780	mol373	-12.31	COc1ccnc(C(=O)Nc2ccc(S(=O)(=O)Nc3ccc4ccccc4c3)cc2)c1
780	mol217	-12.06	Cc1ccc(Oc2cccc(Oc3cccc4ccccc34)c2)cc1C(=O)O
780	mol247	-12.16	COc1ccc(CNC(=O)c2cccc(C(=O)Nc3ccccc3C(=O)O)c2)cc1
780	mol32	-12.31	C[C@@H](Oc1ccc(-c2cccc(C(=O)O)c2)cc1)C(=O)NCc1ccc(C(N)N)cc1
780	mol495	-12.23	Cc1ccc(C(=O)Nc2ccc(S(N)(=O)=O)cc2)cc1S(=O)(=O)Nc1ccc(C(=O)O)cc1
780	mol57	-12.51	Cn1cccc1C(=O)Nc1cccc(C2=NO[C@@H](c3ccc(N4CCOCC4)cc3)C2)c1
780	mol403	-12.38	CC(=O)c1ccc(-c2cccc(C(=O)c3ccc4c(c3)CCO4)c2)cc1
780	mol180	-12.01	Cc1ccc(NC(=O)c2cccc(C(F)(F)F)c2)cc1-c1ccc2nc(N)nc(N)c2n1
780	mol171	-12.55	COc1ccc(Oc2ccc3c(-c4ccc5ccccc5c4)cc(=O)oc3c2)cc1
780	mol129	-12.15	Cc1ccccc1-c1cccc(C(=O)Nc2ccc(C(=O)O)cc2)c1
780	mol351	-13.9	Cc1ccc(C(=O)Nc2ccc3nc(N)[nH]c(=O)c3c2)cc1C#Cc1cccc(-c2cnc3ccccc3n2)c1
780	mol485	-12.64	Cc1ccc(C(=O)Nc2ccc(C(N)=O)cc2)cc1NC(=O)c1cccc(-c2ccc(Cl)cc2)c1
780	mol299	-13.27	Cc1cccc(-c2c[nH]nc2C(=O)Nc2ccc(CCNC(=O)c3cc4ccccc4[nH]3)cc2)c1
780	mol371	-12.53	Cc1ccc(C(=O)Nc2ccc(C[N+](C)(C)C)cc2)cc1Nc1ncnn2cc(C(=O)c3ccccc3)c(C)c12
780	mol456	-12.12	Cc1cc(C)c(C(=O)Nc2ccc(Oc3ccncc3)cc2)cc1CNC(=O)c1ccn(C)c(=O)c1
780	mol358	-12.03	COc1cccc(C(=O)Nc2ccc(NC(=O)c3ccc(NC(=O)c4ccncc4)cc3)cc2C(=O)O)c1
780	mol364	-12.5	Cc1ccc(S(=O)(=O)Nc2ccc(NC(=O)c3ccc4ccccc4c3)cc2C(=O)O)cc1
780	mol127	-12.06	CNc1ccccc1C(=O)Nc1ccc(-c2cc(=O)c3ccc(O)cc3o2)cc1
780	mol497	-12.63	CCc1cc(C(=O)Nc2ccc(Oc3ccncc3)cc2CNC(=O)c2cccc(C(=O)Nc3ccccc3C(=O)O)c2)on1
780	mol158	-12.08	Cc1ccc(C(=O)Nc2ccc(S(N)(=O)=O)cc2)cc1Nc1ncnn2ccc(C(=O)O)c12
790	mol442	-12.48	Cc1ccc(C(=O)Nc2cccc(B(O)O)c2)cc1Nc1nccc2ccccc12
790	mol284	-12.38	Cc1ccc(S(=O)(=O)Nc2cccc(Oc3cccc(-c4ccncc4C(F)(F)F)c3)c2)cc1
790	mol352	-12.41	Cc1ccc(C(=O)Nc2cccc(C(F)(F)F)c2)cc1C(=O)Nc1ccc(N2CCOCC2)cc1
790	mol92	-12.27	Cc1ccc(C(=O)Nc2ccc(S(O)(O)O)c3ccccc23)cc1NC(=O)c1ccccc1O
790	mol367	-12.25	CS(=O)(=O)c1cccc(C(=O)Nc2cccc(Nc3ccnc4ccccc34)c2)c1
790	mol45	-12.47	CC(C)(C)N1Cc2ccc(Oc3cccc(C(=O)NCc4cccc(C(F)(F)F)c4)c3)cc2NC1=O
790	mol81	-14.11	Cc1ccc(NC(=O)c2cccc(C(F)(F)F)c2)cc1-c1ccc2nc(Nc3ccc4nc(N)[nH]c4c3)[nH]c2c1
790	mol390	-12.56	Cc1cc(C)cc(Nc2nccc(-c3ccnc(Nc4ccccc4)c3)n2)c1
790	mol470	-12.49	Cc1ccc(C(=O)Nc2ccc(S(=O)(=O)Nc3ccc4ccccc4n3)cc2)cc1
790	mol261	-12.6	COc1ccccc1Nc1ccc(C(=O)Nc2ccc(NC(=O)c3ccc4ccccc4n3)cc2)cc1
790	mol94	-13.5	Cc1ccccc1-c1nc(Nc2nccc(C(=O)Nc3ccc(C(=O)O)cc3)n2)c2ccccc2n1
790	mol321	-12.03	Cc1ccc(C(=O)NCc2ccc(C(=O)NCCNC(=O)c3cc4ccccc4o3)cc2)cc1
790	mol387	-12.87	CC(=O)Nc1cccc(-c2cccc(-c3nc4cc(C(N)N)ccc4[nH]3)c2)c1
790	mol169	-12.56	Cc1ccc(C(=O)Nc2ccc(CC(=O)O)cc2)cc1NC(=O)c1ccc(Cc2ccccc2)cc1
790	mol189	-12.56	Cc1ccc(C(=O)Nc2ccc(S(O)(O)O)c3ccccc23)cc1NC(=O)c1ccccc1C(=O)O
790	mol304	-12.36	Cc1ccc(C(=O)Nc2cccc(C(N)=O)c2)cc1C#Cc1cnc(N)c(C(=O)c2ccn(C)n2)n1
790	mol242	-12.28	CNC(=O)c1cccc(Nc2nccc(-c3c[nH]c4ccccc34)n2)c1
790	mol22	-12.07	Cn1cc(-c2ccc(CNS(=O)(=O)c3ccc4ccccc4c3)cc2CO)nn1
790	mol146	-13.44	Cc1ccccc1C(=O)Nc1cccc(C(=O)Nc2cccc(NC(=O)c3ccc4ccccc4n3)c2)c1
790	mol233	-12.04	CCc1ccc(Cc2cccc(C(=O)NCc3ccccc3C(C)(C)O)c2)cc1
790	mol148	-13.7	Cc1ccc(C(=O)Nc2cc[nH]n2)cc1C(=O)Nc1ccc(-c2ccnc3[nH]ccc23)cc1
790	mol204	-13.16	Cc1ccc(Nc2cccc(-c3ccc4c(ccc5ncn(C)c54)c3)c2)c(C)n1
790	mol360	-13.11	CN(COc1ccc(C(=O)c2ccc(O)cc2)cc1)C(=O)Nc1cccc2ccccc12
790	mol78	-12.64	Cc1ccc(C(=O)Nc2cccc(C(F)(F)F)c2)cc1C(=O)Nc1ccc(S(=O)(=O)Nc2ccccn2)cc1F
790	mol228	-12.29	CC#Cc1cc(F)cc(-c2ccc(C(=O)Nc3ccc4c(c3)OCO4)cc2)c1
790	mol433	-13.05	Cc1cccc(CO)c1Nc1nccc(-c2ccc(CNC(=O)c3ccc4ccccc4n3)cc2)n1
790	mol291	-12.26	Cc1ccc(C(=O)Nc2cccc(C(=O)O)c2)cc1NC(=O)c1ccccc1C(=O)O
790	mol217	-12.21	Cc1ccc(C(=O)Nc2cccc(C(=O)c3ccc(C(=O)O)cc3)c2)cc1
790	mol330	-12.05	Cc1ccc(C(=O)Nc2ccc(S(N)(=O)=O)cc2)cc1C(=O)Nc1cc(S(=O)(=O)c2ccccc2)ccc1S(N)(=O)=O
790	mol234	-12.08	O=C(Nc1cccc(C(F)(F)F)c1)c1ccc(Cc2nc(Oc3ccccc3)nc3nc[nH]c23)cc1
790	mol105	-12.3	Cc1cccc(CO)c1NC(=O)c1cccc(CCc2cccc(NC(=O)c3ccccc3NC(N)N)c2)c1
790	mol489	-12.44	Cc1cc(Oc2ccc(NC(=O)c3ccc4cc(Cl)ccc4n3)cc2)cc(-c2c(Cl)cccc2Cl)c1
790	mol382	-12.68	CC(=O)Nc1cccc(-c2cccc(NC(=O)c3ccc4ccccc4c3)c2)c1
790	mol229	-12.08	COc1ccccc1Nc1ccc(C(=O)N[C@@H]2C[NH2+]C[C@H]2C(=O)Nc2cccc(Cl)c2C)cc1
790	mol220	-12.98	Cc1ccc(C(=O)Nc2cccc(C(N)=O)c2)cc1NC(=O)c1ccc(-c2cccnc2)cc1
790	mol394	-12.65	Cc1ccc(C(=O)Nc2ccc(C[N@H+]3CC[N@@H+](C)CC3)c(C(F)(F)F)c2)cc1C(=O)Nc1ccc(N2CCOCC2)cc1
790	mol294	-12.21	CNC(=O)c1ccc(-c2cccc(C(=O)Nc3nnc(-c4ccnn4C)o3)c2)cc1
790	mol9	-12.5	COc1cccc(-c2cc(NC(=O)c3ccc4ccccc4c3)ncn2)c1
790	mol121	-12.51	Cc1ccc(C(=O)Nc2ccc(Nc3ccnc4ccccc34)cc2)cc1
790	mol378	-12.79	Cc1ccc(C(=O)Nc2cccc(C(=O)NCc3ccc4c(c3)OCO4)c2)c(C)c1
790	mol496	-12.58	Cc1ccc(C(=O)Nc2ccc(S(O)(O)O)c3ccccc23)cc1NC(=O)c1ccccc1C(=O)O
790	mol397	-13.25	CC(=O)Nc1cccc(-c2c[nH]c(=O)c(Cc3cccc(-c4ccccc4)c3)c2)c1
790	mol178	-13.63	CC(=O)Nc1cccc(-c2ccc(C(=O)Nc3ccc4ccccc4c3)cc2)c1
790	mol221	-12.24	Cn1cc(C(=O)NCc2ccccc2)cc1-c1ccnc(Nc2ccc(C(=O)c3ccccc3)cc2)n1
790	mol409	-12.17	C=CC(=O)Nc1cccc(Oc2ccnc(Nc3ccc(N4CC[NH+](C)CC4)cc3C(F)(F)F)n2)c1
790	mol484	-12.2	Cc1ccc(NC(=O)c2cccc(C(=O)NCCc3ccncc3)c2)cc1NC(=O)c1ccncc1
790	mol486	-12.02	CCNC(=O)c1cccc(Nc2nccc(-c3c[nH]c4ccccc34)n2)c1
790	mol432	-12.2	Cc1ccc(-c2ccn(CC(=O)Nc3ccc4ccccc4c3)n2)cc1
790	mol176	-12.08	Cc1ccc2cc(C(=O)Nc3cccc(Oc4ccccc4)c3)ccc2n1
790	mol124	-12.54	Cc1ccc(C(=O)Nc2ccc(Oc3ccnc4ccccc34)cc2)cc1
800	mol25	-12.52	Cc1ccccc1C(=O)Nc1cccc(C(=O)NCc2cccc(NC(=O)c3ccccc3)c2)c1
800	mol302	-12.06	Cc1ccc(C(=O)Nc2ccc(F)c(C(F)(F)F)c2)cc1C#Cc1cnc(N)c(-c2cccc(Cl)c2)n1
800	mol367	-12.07	C/C=C(/NC(C)=O)C(=O)Nc1cccc(Nc2nccc(Nc3cccc(C(=O)NC(C)C)c3)n2)c1
800	mol35	-13.14	Cc1ccc(-c2ccc(C(=O)O)cc2)cc1Nc1nccc(-c2cccnc2)n1
800	mol192	-12.02	CC(=O)Nc1ccccc1C(=O)Nc1cccc(-c2nnc(-c3ccncc3)o2)c1
800	mol24	-12.62	Cc1ccc(Oc2cccc(NC(=O)c3ccc4ccccc4c3O)c2)cc1
800	mol338	-12.31	Nc1nccc(-c2ccnc(Nc3cccc(C(=O)Nc4cccc(C(=O)O)c4)c3)n2)n1
800	mol94	-12.73	Cc1ccc(C(=O)Nc2cccc(Nc3nccc(-c4ccccc4)n3)c2)cc1
800	mol236	-12.22	Cc1ccc(S(=O)(=O)Nc2cccc(-c3ccc4c(c3)COC4)c2)cc1
800	mol207	-12.5	Cc1cc(C)cc(Nc2nc(N)nc(Nc3ccc(C(=O)NCc4ccccc4)cc3)n2)c1
800	mol209	-13.02	Cc1cc(Oc2cccc(NC(=O)c3cc4ccccc4o3)c2)cc(N2CCCC2=O)c1
800	mol130	-14.05	Cc1ccc(C(=O)Nc2cccc(C(F)(F)F)c2)cc1-c1ccc2cc(NC(=O)Nc3ccccc3)nnc2c1
800	mol272	-13.21	C#Cc1cccc([C@@H](O)c2cccn(Cc3ccc(-c4ccccc4)cc3)c2=O)c1
800	mol50	-13.1	Cc1c(N)cccc1-c1ccc(C(=O)Nc2ccc(C(=O)O)cc2C(=O)O)cc1
800	mol59	-12.81	Cc1ccc(/C=N/NC(=O)c2ccc(-c3cccc4ccccc34)cc2)o1
800	mol300	-12.63	COc1ccc(Cc2cc(NC(=O)c3cccc4ccccc34)ncn2)cc1
800	mol350	-12.35	Cc1ccc(C(=O)Nc2cccc(-c3ccc4ccccc4n3)c2)cc1
800	mol318	-12.84	Cc1ccc(-c2ncc(C(=O)Nc3ccc(C[NH+]4CCOCC4)c(C(F)(F)F)c3)c3ccccc23)cc1
800	mol288	-12.87	Cc1cc(Oc2ccc(-c3ccc4nc(NC(=O)Nc5ccccc5)sc4n3)cc2)cc(C)n1
800	mol482	-12.25	CC(=O)Nc1ccc(Oc2ncnc(Nc3cccc(C(=O)Nc4cccc(C(=O)O)c4)c3)n2)cc1
800	mol37	-12.7	Cc1cc(NC(=O)c2cccc(NC(=O)c3ccc4ncccc4c3)c2)cc(N2CCCCC2)c1
800	mol217	-12.2	Cc1ccccc1-c1cccc(CC(=O)NCc2cccc(C(=O)O)c2)c1
800	mol101	-13.03	Cc1ccc(C(=O)Nc2cccc(C(N)=O)c2)cc1NC(=O)c1ccc(-c2ccncc2)cc1
800	mol480	-12.09	Cc1ccc(Oc2ccc(NC(=O)c3cc4ccccc4o3)cc2)cc1
800	mol72	-12.01	COc1cccc([C@H](C)Nc2nccc(-c3ccc4ccccc4c3)n2)c1
800	mol245	-12.26	Cc1ccc(Nc2cccc(C(=O)NO)c2)cc1NC(=O)c1ccc(C(N)N)cc1
800	mol177	-13.2	COc1cc(NC(=O)Nc2cccc(Cl)c2Cl)ccc1Nc1nccc(-c2c[nH]c3ccccc23)n1
800	mol105	-12.59	Cc1ccc(Cl)cc1C(=O)Nc1cccc(Oc2ccnc(-c3cccnc3)n2)c1
800	mol259	-13.62	Cc1ccccc1C(=O)Nc1cccc(C(=O)Nc2cccc(NC(=O)c3cc4ccccc4o3)c2)c1
800	mol77	-12.99	COc1cc(NC(=O)c2cccc(OCc3ccc4ccccc4n3)c2)ccc1NC(=O)c1ccc(NC(=O)c2ccccc2C(=O)O)cc1
800	mol494	-12.03	Cc1cccc(C(=O)Nc2cccc(-c3nc(CCc4ccccc4)cn3C)c2)c1
800	mol359	-12.43	CCc1ccc(-c2ccc(NCc3ccc(-c4ccc(C(=O)O)cc4)cc3)s2)cc1
800	mol441	-12.11	CC(=O)N(CC(=O)O)c1ccc(-c2nnc(-c3ccc4ccccc4c3)o2)cc1
800	mol263	-13.25	CN(Cc1cccc(CCc2ccccc2)c1)C(=O)c1ccc(C(=O)c2cc(O[C@@H](C(=O)O)C(F)(F)F)ccc2NC(=O)c2ccccc2)cc1
800	mol389	-12.56	CNC(=O)c1ccc(Nc2ccc(C(=O)O)c(NC(=O)c3cccc([C@@H]([NH3+])Cc4ccccc4)c3)n2)cc1
800	mol496	-12.9	CN(C)c1ccc(-c2ccnc(Nc3cccc(-c4ccccc4)c3)c2)cc1
800	mol181	-12.12	Cc1ccc(C(=O)Nc2cccc(C(=O)NCc3ccc4c(c3)OCO4)c2)cc1
800	mol221	-12.89	COc1ccc(Oc2ncccc2C(=O)Nc2cccc(NS(=O)(=O)c3ccc4ccccc4c3)c2)cc1
800	mol368	-12.17	Cc1ccc(C(=O)Nc2cccc(C(=O)O)c2C)cc1Cc1cccc2ccccc12
800	mol202	-12.83	Cc1ccc(C(=O)Nc2cccc(C(N)=O)c2)cc1Nc1ncnn2cc(C(=O)Nc3cccc([N+](=O)[O-])c3)cc12
800	mol343	-12.12	CCc1cccc(C(=O)Nc2cnc3ccc(Nc4ccncn4)cc3c2)c1
800	mol127	-12.83	Cc1ccccc1-c1ccc(Oc2nccc(Oc3ccc(C(=O)NCCc4ccccc4)cc3)n2)cc1
80	mol52	-12.63	Cc1cc(CSc2nc(-c3ccc(C(=O)NCc4ccccc4)c(F)c3)c3c(n2)N(C)C(=O)NC3)cc(F)c1F
80	mol222	-12.57	Cc1ccc(NC(=O)Cn2cnc3ccc(-c4ccccc4)cc3c2=O)cc1
80	mol21	-13.36	O=C(NCc1ccc(-c2cc(-c3ccc4nc(CCc5ccccc5)oc4c3)nn2-c2ccccc2)cc1)c1cccc2ccccc12
80	mol270	-12.16	Cc1nc2ccc(NC(=O)c3ccc(Nc4nccc(-c5cccnc5)n4)cc3Cl)cc2s1
80	mol237	-12.52	Cc1ncc(COC(=O)c2ccc(NC(=O)c3cccc(C(F)(F)F)c3)cc2)nc1N[C@@H]1CC2(CCCCC2)c2ncc(C(F)(F)F)cc21
80	mol62	-12.85	Cc1cccc(CNC(=O)c2nc3nc(N)c([C@H](C(=O)Nc4cccc(C(=O)O)c4)c4ccc(Cl)cc4)cc3[nH]2)c1
80	mol5	-12.34	Cc1ccc(C(=O)Nc2ccon2)cc1NC(=O)c1cnc(-c2ccccc2Cl)s1
80	mol49	-13.8	Cc1ncc(C(=O)Nc2cccc(Oc3ccc(Cl)cc3)c2)cc1NC(=O)c1ccc(-c2ccccc2)cc1
80	mol196	-12.12	Cc1ccc(-c2c(C(F)(F)F)oc3cc(NC(=O)c4ccccc4Cl)ccc23)cc1
80	mol449	-12.18	CCOC(=O)c1cc2cc(-c3ccc(C(=O)Nc4ccc(C(=O)O)cc4)cc3)ccc2o1
80	mol22	-12.03	Nc1cc(Nc2ccc(C(=O)O)c(C(=O)O)c2)cc(-c2cccc(C(=O)O)c2)c1
80	mol250	-13.36	Cc1cc(C(F)(F)F)c(-c2cc(Cl)c(S(=O)(=O)Nc3ccc(C(=O)NCCC(c4ccccc4)c4ccccc4)cc3)c(F)c2F)[nH]1
80	mol148	-12.42	Cc1cc(NC(=O)c2cc(NC(=O)c3ccc(F)cc3)ccc2Cl)cn1-c1ccc(C(N)=O)cc1
80	mol434	-12.39	Nc1cc(C(F)(F)F)c(-c2cccc(NS(=O)(=O)c3ccc(NCc4cccnc4)cc3)c2)cn1
80	mol452	-12.81	Nc1ncc(-c2ccc(C(F)(F)F)cc2)nc1C(=O)Nc1ccc2[nH]c(-c3ccccc3)nc2c1
80	mol76	-12.74	Cc1ccc(OCCC[NH+]2CCN(c3cccc(C(=O)NCc4ccc5\c6c(=O)n(C)\c(c5c4)=N/C=C\C=6C(F)(F)F)c3)CC2)cc1
80	mol78	-12.77	Cc1ccc(NC(=O)c2ccc(NC(=O)c3cccc(-c4ccccc4[N+](=O)[O-])c3)cc2)cc1
80	mol429	-12.68	Cc1ccc(C(=O)Nc2cc(C(F)(F)F)cc(C(F)(F)F)c2)cc1S(=O)(=O)Nc1ccc2c(c1)CCC2
80	mol101	-12.46	Cc1cc(NC(=O)Nc2ncc(Cc3ccccc3)s2)cc(N2C[C@@H]3CC[C@@H]([NH2+]Cc4cccc(C#N)c4)C[C@@H]3C2=O)c1
80	mol480	-13.31	Cc1c(Nc2cccc(C(=O)O)c2F)ccc(-c2cnc3[nH]cc(C(=O)Nc4cccc(C(F)(F)F)c4)c3n2)c1F
80	mol332	-12.17	CN(Cc1cnc2[nH]c(CCc3ccccc3)nn12)C(=O)c1ccc(Nc2ccccc2)cc1
80	mol292	-12.03	C[C@@H](C(=O)N1CCC(c2ccc(C#Cc3cccc(C(=O)O)c3)cc2)CC1)c1cccc(Oc2ccccc2)c1
80	mol498	-12.71	C[C@@H](c1ccccc1)n1nc(-c2ccnc(Nc3cccc4ccccc34)n2)c2ccccc21
80	mol309	-13.09	CN(C)C(=O)c1ccc(Nc2cncc(-c3cccc(Nc4ncnc5ccccc45)c3)n2)c(F)c1
80	mol113	-12.09	c1ccc(Cc2cccc(-c3ccc(-c4ccccc4)cc3)c2)cc1
80	mol66	-12.75	Cc1ccc(NC(=O)Nc2cccc(-c3cnc(Nc4cccc(N(c5ccccn5)C(C)C)c4)nc3)c2)nc1
80	mol299	-12.04	Nc1c(C(=O)Nc2ccc(S(=O)(=O)c3ccccc3)cc2)sc2nc(-c3ccc(Cl)cc3)ccc12
80	mol311	-12.84	Cc1ncc(-c2ccc(C(=O)NCc3cccc(C(N)=O)c3)cc2)cc1-c1ccc(S(=O)(=O)c2ccccc2)cc1
80	mol280	-12.04	Brc1ccc2c(Nc3ccc(-c4cn[nH]c4-c4ccccc4)cc3)ccnc2c1
80	mol235	-12.27	Cc1ccc(NC(=O)c2cccc(-c3ccccc3)c2)cc1Nc1ncnc2ccc(NCCCNc3ccnc4cc(Cl)ccc34)cc12
80	mol243	-12.96	Cc1ccc(C(=O)Nc2ccc(S(O)(O)O)c3ccccc23)cc1NC(=O)c1ccc2ccccc2n1
80	mol214	-12.26	[H][S@TB7](=O)(O)(CO)NC(=O)C(C)(C)NC(=O)c1ccc2c(c1)N=C(c1cccc(NC(=O)c3ccccc3)c1)[NH2+]2
80	mol79	-12.21	c1ccc(Cc2cccc(-c3ccc4ccccc4n3)c2)cc1
80	mol226	-12.59	Cc1cn(-c2ccc(NC(=O)Nc3ccc(Cl)c(C(F)(F)F)c3)cc2)cc1C(=O)Nc1cc([C@@H](O)C#N)cc([C@H]2CC[N@@H+](C(C)(C)C)CC2)c1
80	mol124	-12.48	c1ccc(Nc2ccnc(Nc3ccc(-c4nc(-c5ccncc5)[nH]c4-c4ccccc4)cc3)n2)cc1
810	mol156	-12.68	Cc1ccc(Nc2nc(N3CCC(C(=O)Nc4cccc(OC(F)(F)F)c4)CC3)nc3ccccc23)cc1
810	mol51	-12.9	Cc1cc(C)cc(C(=O)Nc2ccc(-c3ccc4nc(NC(=O)C5CC5)ccc4n3)cc2)c1
810	mol73	-12.79	CC(C)n1cc(-c2cccc(CNC(=O)c3ccc4ccccc4c3)c2)c2cc(N)ncc21
810	mol320	-14.04	CC(C)CN(Cc1ccc(-c2ccc(NC(=O)c3ccc4ccccc4n3)cc2)cc1)C(=O)[C@@H]1C[C@](O)(c2ccccc2)CN1C(=O)Nc1cccc(Cl)c1
810	mol365	-12.48	Cc1ccc(C(=O)Nc2cccc(C(F)(F)F)c2)cc1-c1ccc2c(c1)CN(C)C(=O)N2
810	mol492	-12.88	CC(=O)Nc1ccc(-c2ccc(NC(=O)c3ccc4ccccc4n3)cc2)cc1
810	mol467	-12.27	Cc1cc(Nc2cccc(-c3ccc4ccccc4n3)c2)cc(N2CCCCC2)c1
810	mol374	-12.12	Cc1ccc(Cl)c(Nc2nccc(-c3c[nH]c4ccccc34)n2)c1
810	mol336	-12.32	COc1cccc(-c2cccc(C(=O)NCc3ccc4ccccc4n3)c2)c1
810	mol237	-12.19	Cc1ccc(C(=O)Nc2cccc(C(=O)NCc3ccc(C(=O)O)cc3)c2)cc1
810	mol20	-12.36	Cc1cccc(C(=O)Nc2cccc(C(=O)Nc3ccc4nc(C)ccc4c3)c2)c1
810	mol50	-12.6	Nc1ccc(Cc2ccc(Oc3ccc(O[PH](O)(O)O)c(C(=O)O)c3)cc2)cc1C(=O)c1ccccc1
810	mol189	-12.04	Cc1cccc(C(=O)Nc2cccc(C(=O)NCc3ccc4c(c3)OCO4)c2)c1
810	mol62	-12.75	CN(Cc1ccccc1)C(=O)Cc1ccc(C(=O)c2ccc(-c3nc4ccc(Cl)cc4[nH]3)cc2)cc1
810	mol449	-12.38	Cc1ccccc1-c1cccc(CC(=O)Nc2cccc(C(=O)O)c2)c1
810	mol297	-12.46	C[C@@H](Nc1ccc(-c2ccc(OC3CCCCC3)cc2)cc1)C(=O)Nc1ccc(C[NH+]2CCCC2)cc1C(F)(F)F
810	mol438	-13.05	Cc1cc(C)cc(Nc2nccc(-c3ccnc(Nc4cccc(C(=O)O)c4)c3)n2)c1
810	mol412	-12.65	Cc1ccc(/N=N/c2ccc(S(=O)(=O)Nc3cccc4ccccc34)cc2)cc1Nc1ccc(C(=O)O)cc1
810	mol28	-12.33	Cc1cccc(-c2nc(Nc3cccc(C(=O)NCc4ccccc4)c3)ncc2F)c1
810	mol249	-12.02	COc1ccc(CC(=O)N(C)c2ccc(Oc3ccnc4ccccc34)cc2)cc1
810	mol434	-13.79	Cc1ccc(C(=O)Nc2ccon2)cc1-c1ccc2nc(NC(=O)c3cccnc3N)sc2c1
810	mol285	-12.27	CC(C)(C)c1cc(NC(=O)Nc2cccc(C(=O)Nc3ccc4ccccc4n3)c2)cc(N2CCOCC2)c1
810	mol373	-12.15	CC(=O)Nc1cccc(NC(=O)c2cccc(C(=O)Nc3cc4ccccc4o3)c2)c1
810	mol415	-12.19	CCNc1ccccc1C(=O)Nc1cccc(S(=O)(=O)Nc2ccc(Nc3nccc(-c4cccnc4)n3)cc2)c1
810	mol63	-12.18	Cc1ccc(C(=O)NC2CC2)cc1NC(=O)c1cccc(C(=O)Nc2cccc(C(=O)O)c2C)c1
810	mol34	-12.3	CN(c1ccc(C(=O)NCc2cccc(C(=O)O)c2)cc1)S(=O)(=O)c1ccc2ccccc2c1
810	mol213	-12.82	Cc1ccc(C(=O)NCc2ccccc2Cl)cc1-c1ccc(C(=O)NCc2cccc(C(N)=O)c2)cc1
810	mol287	-12.43	Cc1ccc(C(=O)Nc2ccc(CN3CCC(NC(=O)c4cccc(C(F)(F)F)c4)CC3)cc2)cc1
810	mol200	-12.59	CC(=O)Nc1ccc(Nc2ncc3ccc(-c4ccccc4Cl)nc3n2)cc1
810	mol231	-12.74	CC(=O)c1cccc(C(=O)Nc2cccc(-c3cccc4cccnc34)c2)c1
810	mol32	-12.63	Cc1ccc(NC(=O)c2cccc(C(=O)Nc3ccccc3)c2)cc1NC(=O)c1ccc(C(C)(C)C)cc1
810	mol234	-12.68	Cc1ccc(Nc2ccc(C(=O)c3ccc4ncccc4c3)cc2)cc1NC(=O)c1ccc(C(C)(C)C)cc1
810	mol353	-13.14	Cc1ccccc1-c1ccc(C(=O)Nc2cccc(-c3ccccc3NC(=O)c3cccnc3)c2)cc1
810	mol57	-12.21	CCNc1cc(C(=O)Nc2cccc(C(=O)c3cc(=O)n4ccccc4n3)c2)cc(N2CCCCC2)n1
810	mol140	-12.46	C[C@@H](NC(=O)Nc1ccc(OC(F)(F)F)cc1)c1ccc(C(=O)NS(=O)(=O)c2cccc(C(=O)O)c2)cc1
810	mol171	-12.61	CCC(=O)Nc1ccc(-c2ccc3c(Nc4cccc(OCc5ccccc5)c4)nccc3n2)cc1
810	mol382	-12.28	Cc1cccc(-c2ncc(CNC(=O)c3ccc4ccccc4c3)nc2Cc2ccccc2)c1
810	mol227	-12.62	Cc1ccc(CNC(=O)c2cccc(Cn3ccc(NC(=O)Nc4cccc(C(=O)O)c4)nc3=O)c2)cc1
810	mol11	-12.6	Cc1cccc(-n2nc(-c3ccc(NC(=O)Nc4cccc(C(=O)O)c4)s3)cc2NC(=O)Nc2cccc(C(N)=O)c2)c1
810	mol135	-12.25	CC(=O)Nc1cccc(-c2cccc(-c3nc4ccccc4[nH]3)c2)c1
810	mol150	-13.68	Cc1ccc(C(=O)Nc2ccc(S(O)(O)O)c3cc(O)ccc23)cc1C(=O)Nc1ccc(Nc2ccnc3cc[nH]c23)cc1
810	mol312	-12.13	CCNC(=O)c1ccc(-c2ccc(C(=O)NO)cc2C(=O)Nc2cccc(S(=O)(=O)Nc3ccccc3)c2)cc1
810	mol83	-13.09	CC(=O)Nc1cccc(-c2c[nH]c(=O)c(C(=O)c3ccc4ccccc4c3)c2)c1
810	mol466	-13.39	CCc1ccc(C(C)=O)cc1-c1ccnc(NCc2cccc(-c3ccc4c(c3)OCO4)c2)c1
810	mol224	-12.44	Cc1cc(F)ccc1-c1ccc(C(=O)Nc2ccnc(C(=O)c3ccccc3)c2)cc1
810	mol173	-12.37	Cc1ccc(C(=O)Nc2ccc(S(=O)(=O)Nc3ccc4oc(CC(=O)O)cc4c3)cc2)cc1
810	mol447	-12.02	Cc1ccc(NC(=O)c2cccc(C(F)(F)F)c2)cc1NC(=O)c1cnn(-c2ccccc2)c1
810	mol468	-12.73	CC(=O)Nc1cccc(C(C)C)c1NC(=O)c1ccc(Nc2ccnc3cc(NC(=O)Nc4ccccc4)ccc23)cc1
810	mol178	-12.05	Cc1ccc(C(=O)Nc2cccc(C(F)(F)F)c2)cc1C#Cc1ccc2nc(NC3CC3)ncc2c1
810	mol181	-12.14	CC(=O)NCCc1ccccc1-c1ccc(Nc2ncc(-c3cccc(C(=O)NCCS(C)(=O)=O)c3)c3ccncc23)cc1
810	mol107	-12.16	Cc1ccc(C(=O)Nc2ccc([C@@H](C)Nc3ncnc4ccc(-c5ccccc5)cc34)cc2)cc1
810	mol486	-12.13	Cc1cccc(-c2ccnc(Nc3ccc(Oc4ccccc4)cc3)n2)c1
810	mol226	-12.66	Cc1ccc(C(=O)Nc2ccn(C(C)C)n2)cc1COc1ccc(C(=O)c2cccc(C(=O)O)c2)cc1
810	mol476	-12.19	CC(=O)Nc1cccc(Oc2cccc(Nc3ccc(C(=O)O)cc3C(=O)O)c2)c1
810	mol432	-12.7	COc1cccc(C(=O)Nc2ccc(C(=O)c3ccccc3NC(=O)c3ccc4ccccc4c3)cc2)c1
810	mol134	-12.18	Cc1c(Nc2cccc(C(=O)O)c2)ccc2c1ccn2CC(=O)Nc1ccc(C(N)N)cc1
810	mol497	-12.91	COc1ccc(CNC(=O)c2ccc3ccccc3n2)cc1Nc1nccc(-c2c[nH]c3ccccc23)n1
820	mol437	-12.34	Cc1ccccc1CNC(=O)c1ccc(NC(=O)c2cc(Nc3ccnc(C(F)(F)F)n3)c3ccccc3n2)cc1
820	mol346	-12.44	COc1ccc(CNC(=O)c2ccccc2NC(=O)Nc2ccccc2C(=O)O)cc1OCCc1ccc(OCc2ccccc2)cc1
820	mol481	-12.28	COc1ccc(Cn2nc(-c3ccc(Oc4ccccc4)cc3)cc2NC(=O)NCc2ccc(C(N)N)cc2)cc1
820	mol254	-12.76	C[N@@H+](CCc1ccccc1NC(=O)c1ccc(C[NH+]2CCCC2)cc1)Cc1cccc(/C=C/c2ccc(C(=O)O)cc2)c1
820	mol301	-12.11	C=C(c1ccc(C(=O)NCc2cccc(C(=O)O)c2)cc1)c1ccc(C(C)C)cc1
820	mol367	-12.56	Cc1ccc(C(=O)Nc2ccc(C[N@H+]3CC[N@@H+](CCO)CC3)cc2)cc1C(=O)Nc1cccc(C(=O)c2ccccc2)c1
820	mol45	-12.22	Cc1ccc(C(=O)Nc2ccc(-c3cc4ccccc4o3)cc2)cc1
820	mol264	-12.58	CN(c1ccc(C(=O)N[C@H](CCc2ccccc2)C(=O)O)cc1)c1ccc(F)c(C(=O)Nc2cccc(C3CC[NH2+]CC3)c2)c1
820	mol192	-12.9	Cc1ccc(C(=O)Nc2cc(C(F)(F)F)cc(C(F)(F)F)c2)cc1C(=O)Nc1ccc(Oc2ccnc3[nH]ccc23)cc1
820	mol255	-13.7	Cc1ccc(C(=O)c2ccc3c(c2)Cc2c-3n[nH]c2-c2ccc(NCc3cccc(Cl)c3)cc2)cc1
820	mol414	-13.14	Cc1ccc(C(=O)Nc2ccc(F)c(C(F)(F)F)c2)cc1C(=O)Nc1cnc(Nc2ccc(NC(=O)Nc3ccc(Cl)c(F)c3)cn2)nc1
820	mol467	-12.18	Cc1ccccc1-c1cccc(C(=O)c2cccc(C(=O)O)c2)c1
820	mol270	-12.39	Cc1ccc(-c2cc(C(=O)Nc3ccc4nn(CC(=O)NCc5ccccc5)cc4c3)ccn2)cc1
820	mol261	-12.42	Cc1ccc(O)c(CNc2ccc(C(=O)Nc3cccc(C(N)N)c3)cc2C(=O)O)c1
820	mol385	-12.52	CCN(CCc1ccccc1)C(=O)c1ccc(C(=O)N2CCC(Nc3ncnc4ccccc34)CC2)cc1
820	mol14	-12.29	CC(=O)Nc1cccc(Nc2nc(Nc3cccc(C(=O)NCc4ccccc4)c3)nc3ccccc23)c1
820	mol295	-12.1	Cc1cccc(Cc2nc(-c3cccc4ccccc34)no2)c1
820	mol267	-12.5	CNc1ccccc1C(=O)Nc1ccc(NC(=O)c2ccc(/C=C\c3cccc4ccccc34)cc2)cc1
820	mol445	-12.68	C[C@@H](Cc1ccccc1)Nc1ccc(C(=O)c2cccc(NC(=O)c3ccc4ccccc4c3)c2)cn1
820	mol300	-12.82	C[C@@H](Nc1ccc(C(=O)O)c(C(=O)O)c1)c1cccc(C(=O)Nc2cccc(C(=O)c3ccccc3)c2)c1
820	mol283	-12.61	Cc1ccc(C(=O)Nc2ccc(C(N)N)cc2)cc1-c1ccc(C(=O)N[C@H]2C[NH2+]C[C@@H]2O)cc1
820	mol304	-12.06	Cc1cccc(-c2cn(CC(=O)Nc3cccc(-c4ccccc4)c3)nn2)c1
820	mol242	-12.26	CNc1ccc(NC(=O)Nc2cccc(CCc3ccccc3)c2)cc1C(=O)N[C@H]1[C@@H]2C[C@H]3C[C@@H](C2)C[C@@H]1C3
820	mol253	-12.52	Cc1ccc(CNC(=O)Nc2cccc(C(=O)Nc3ccc4ccccc4c3)c2)cc1
820	mol490	-12.92	Cc1cccc(C(=O)Nc2cccc(C(=O)n3ccc(NC(=O)c4ccccc4Cl)c3)c2)c1
820	mol76	-12.07	COc1ccc(-c2cccnc2Oc2ccc(NC(=O)c3cc4ccccc4o3)cc2)cc1
820	mol307	-12.65	CN(c1ccc(C(=O)NCc2cccnc2)cc1)S(=O)(=O)c1ccc(NC(=O)c2ccc3cccnc3c2)cc1
820	mol282	-12.31	Cc1ccc(-n2nc3ccccc3n2)cc1C(=O)Nc1ccc(OCc2ccccc2)cn1
820	mol493	-13.06	Cc1ccc(C(=O)NC(=O)Nc2cccc(C(F)(F)F)c2)cc1C#Cc1cnc(Nc2ccc(Oc3ccccc3)cc2)nc1
820	mol213	-13.11	Cn1cc(-c2ccc(Cc3ccccc3C(=O)NCc3ccc4ccccc4c3)cc2C(=O)O)cn1
820	mol330	-12.17	CNC(=O)c1ccc(NCc2ccc(C(=O)Nc3ccc4ccccc4c3)cc2)cc1
820	mol144	-12.59	Cc1ccc(-c2nccc(C(=O)Nc3cccc(C(=O)Nc4ccc(C(C)C)cc4)c3)n2)cc1
820	mol480	-12.05	Cc1ccc(CNC(=O)Nc2ccc(Nc3ccnc4cc(OCc5ccccc5)ccc34)cc2)cc1
820	mol56	-12.92	C[C@H](Nc1cccc(C(=O)O)c1)c1ccc(NC(=O)c2cccc3ccccc23)cc1
820	mol245	-12.16	Cc1ccc(-n2nc(C(C)(C)C)cc2NC(=O)Nc2ccc(Nc3ccnc4ccccc34)cc2)cc1
820	mol386	-13.33	CC(=O)Nc1ccc(C(=O)c2ccc(C(=O)c3ccc4ccccc4c3)cc2)cc1
820	mol177	-12.61	Cc1cccc(-n2nc(-c3ccc(C(=O)NCc4ccccc4)cc3)cc2NC(=O)Nc2cccc3ccccc23)c1
820	mol232	-13.56	CNC(=O)c1cc(Oc2ccc(NC(=O)Nc3ccc(Oc4ccncc4)cc3)cc2F)ccc1CCc1nc(-c2cccc(Cl)c2)oc1-c1cccc(-c2ncnn2C)c1
820	mol366	-12.18	CCC(=O)Nc1ccccc1Nc1nc(Nc2ccc(NC(=O)c3ccc(C(=O)O)cc3)cc2)c2n[nH]c(-c3ccccc3)c2n1
820	mol162	-12.82	Cc1ccc(-n2nc(C(C)(C)C)cc2NC(=O)Nc2cccc(Nc3ncnc4ccccc34)c2)cc1
820	mol361	-12.73	Cc1ccc(O)c(-c2cc(C(=O)O)ccc2C(=O)Nc2ccc(Oc3ccncc3)c3c2CC=C3)c1
820	mol382	-12.27	Cc1cccc(Oc2nccc([C@@H]3CCN(C(=O)Cc4cccc(C(F)(F)F)c4)C3)n2)c1
820	mol394	-14.53	Cc1ccc(C(=O)Nc2ccc(NC(=O)c3ccc4ccccc4c3)cc2)cc1NC(=O)c1ccccc1C(=O)O
820	mol227	-12.7	COc1cccc(C(=O)Nc2ccc(-c3ccc4nc(N)ccc4c3)cc2)c1
820	mol11	-13.1	Cc1cc(C)cc(C(=O)NCc2ccc(-c3cnc(N)c(C(=O)Nc4cccc(NC(N)=O)c4)c3)cc2)c1
820	mol182	-12.38	CCC(=O)Nc1cccc(Nc2ncc3cc(-c4cccc(OCCc5ccccc5)c4)ccc3n2)c1
820	mol208	-12.15	Cc1cccc(-n2nc(C(C)(C)C)cc2NC(=O)Nc2ccc(-c3ccc4[nH]ncc4n3)cc2)c1
820	mol376	-12.65	CCc1c(C(=O)Nc2ccc(-c3ccc4ccccc4n3)cc2)[nH]c(=O)n1-c1ccc(OCc2ccncc2)cc1
820	mol113	-12.21	CCc1nc(N)ncc1-c1ccc(-c2ccc(C(=O)NCc3ccccc3)cc2C(=O)O)cc1
820	mol4	-12.53	Cn1cc(-c2cccc(C(=O)Nc3cccc(-c4ccccc4Sc4ccccc4)c3)c2)cn1
820	mol109	-12.25	Cc1ccc(C(=O)Nc2ccc(S(O)(O)C(F)(F)F)cc2)cc1NC(=O)Nc1ccc(N2CCOCC2)cc1
820	mol290	-12.74	Cc1ccc(Cl)cc1C(=O)Nc1cccc(C(=O)NCc2ccc(-c3ccccn3)cc2)c1
820	mol417	-12.23	Cc1ccc(C)c(-c2cc(C(=O)NCc3cccc(C(=O)Nc4cccc(C(=O)O)c4)c3)ncn2)c1
820	mol39	-12.78	Cc1ccc(C(=O)Nc2ccc(Oc3ccnc4ccccc34)cc2)cc1O
820	mol496	-12.48	COc1ccc(-c2ccc(NC(=O)c3ccc4ccccc4n3)cc2)cc1
820	mol47	-12.09	Cc1ccccc1CNC(=O)c1ccc(CNc2ccc([N+](=O)O)cc2C(=O)NCc2ccccc2)cc1
820	mol356	-12.56	CN(c1ccnc(Nc2ccc(C(=O)NS(N)(=O)=O)cc2)n1)c1ccc(NC(=O)c2ccccc2)cc1F
820	mol33	-12.11	Cc1ccc(C(=O)Nc2ccc3c(c2)NC(=O)[C@@H](CCCNC(=O)c2cccc(C(F)(F)F)c2)C=C3)cc1
820	mol107	-12.41	Cc1ccc(-c2nc(N)nc(Nc3ccc(Oc4ccccc4)cc3)n2)cc1
820	mol368	-12.04	CCOc1ccc(C(C)=O)cc1-c1ccnc(Nc2ccc(C(=O)NCc3ccccc3)cc2C(=O)O)n1
820	mol463	-12.06	CC(C)C(=O)Nc1cccc(Nc2nccc(-c3c[nH]c4ccccc34)n2)c1
820	mol98	-12.35	Cc1ccc(C(=O)Nc2cc3[nH]c(-c4cc(Cl)ccc4Cl)nc3cn2)cc1
820	mol265	-12.03	CC(C)[C@H](NS(=O)(=O)c1ccc(-c2ccc(CSc3nc4ccccc4c(=O)[nH]3)cc2)cc1)C(=O)NO
820	mol464	-13.16	Cc1ccc(CNC(=O)Nc2cccc(-c3cccc4cccnc34)c2)cc1
820	mol58	-12.26	Cc1cccc2c(COc3ccc(/C=C4\CC(=O)NC4=O)cc3)coc12
820	mol246	-12.11	Cc1ccc(C(=O)Nc2cncc(C(=O)c3c[nH]c4ccccc34)c2)cc1
820	mol432	-13.41	Cc1cccc(CC(=O)Nc2cccc(-c3ccc4ncccc4c3)c2)c1
820	mol343	-12.02	O=C(O)c1cccc(CN2Cc3ccc(-c4cn(-c5ccccc5)nn4)cc3C2)c1
820	mol279	-13.07	COc1ccccc1Nc1ccc(NC(=O)c2ccc(C(=O)Nc3cccc(Oc4ncnc5ccccc45)c3)cc2)cn1
820	mol124	-12.54	Cc1cccc(-c2cccc(NCc3ccc(C(=O)N[C@@H](CC4CCCCC4)C(=O)NO)cc3)c2)c1
830	mol437	-12.01	Cc1ccc(Oc2cccc(Nc3ccnc4cc(Cl)ccc34)c2)cc1
830	mol273	-12.63	Nc1cccc(C(=O)Nc2ccc(-c3ccc4nc(NC(=O)Cc5ccccc5)sc4n3)cc2)c1
830	mol156	-13.17	Cc1ccc(Cl)cc1C(=O)OCc1cccc(C(=O)Nc2cccc(NC(=O)c3ccc4ccccc4n3)c2)c1
830	mol68	-13.67	Cc1ccc(NC(=O)c2cccc(C(=O)Nc3ccc4c(c3)cc(-c3ccccc3)n4C)c2)cc1C
830	mol203	-12.26	Cc1noc(C)c1-c1cccc(CNC(=O)c2ccc(NC(=O)c3cc4ccccc4o3)cc2)c1
830	mol254	-12.65	Cc1cccc(-n2nc(C(C)(C)C)cc2NC(=O)Nc2cc(C(=O)Nc3cccc(C(=O)c4ccccc4)c3)ccc2C(=O)O)c1
830	mol367	-13.21	CC(=O)Nc1cccc(-c2ccc(C(=O)NCc3cccc(C(=O)c4ccccc4)c3)cc2)c1
830	mol73	-12.43	Cc1ccc(NS(=O)(=O)c2ccc(C(N)=O)cc2)cc1C(=O)Nc1cccc(S(=O)(=O)NC2CCCCC2)c1
830	mol155	-12.14	CC(=O)Nc1cccc(Nc2nccc(-c3cnc(Nc4ccccc4Cl)s3)n2)c1
830	mol390	-12.18	CCC(=O)Nc1ccc(-c2ccnc(Nc3cccc(C(=O)NCc4ccc(Cl)c(Cl)c4)c3)n2)cc1
830	mol255	-13.42	Cc1ccccc1Nc1ccc(-c2cccc(C(=O)c3cccc(C(=O)O)c3)c2)cn1
830	mol24	-12.47	Cc1c(C(=O)c2ccccc2)cccc1-n1ccc(CCc2ccccc2)c1
830	mol380	-12.06	CN(Cc1ccc(NC(=O)c2ccccc2)cc1)C(=O)Nc1cccc(-c2nnn[nH]2)c1
830	mol345	-13.1	Cc1cccc(C(=O)Nc2ccc(C(=O)Nc3cccc(S(N)(=O)=O)c3)c3ccccc23)c1
830	mol281	-12.3	Cc1cc(C(=O)N[C@@H](Cc2ccc(NC(=O)c3ccc(C(=O)NCCC(=O)O)cc3)cc2)C(=O)N[C@@H](C)c2ccc(C(=O)O)cc2)ccc1O
830	mol407	-13.8	Cc1cc(COc2ccc(NC(=O)c3ccc4[nH]ncc4c3)cc2CN2CCC(Cc3ccccc3)CC2)ccc1-c1cccc(/C=C/c2cccc(C(=O)O)c2)c1
830	mol445	-12.88	COc1ccc(NC(=O)Cc2ccc(OCc3ccc4c(/C=C/c5ccccc5)ncnc4c3)cc2)c(NCc2cccc3ccccc23)c1
830	mol70	-13.25	Cc1cc(Nc2nc(OCC3CCCCC3)c3nc[nH]c3n2)ccc1-c1ccc(NC(=O)c2ccccc2)cc1
830	mol29	-12.19	C#Cc1cccc(C(=O)Nc2ccc(Nc3ccnc4cc(C(N)N)ccc34)cc2)c1
830	mol18	-12.66	COCc1ccc(-c2cc(NC(=O)c3cccc(C(=O)Nc4cccc(C(=O)O)c4)c3)[nH]n2)cc1
830	mol404	-12.38	Cc1ccc(C(=O)Nc2ccc(C(=O)O)c(C(=O)O)c2)cc1NC(=O)c1ccccc1C(=O)O
830	mol323	-13.28	Cc1ccc(C(=O)Nc2ccc(C(N)N)cc2)cc1NC(=O)c1ccc(-c2ccccc2)cc1
830	mol373	-12.22	NC(=O)c1ccc(NC(=O)Cc2ccc(NC(=O)c3cc4ccccc4o3)cc2)cc1
830	mol433	-12.03	Cc1ccc(C(=O)Nc2ccc(S(O)(O)O)c3ccccc23)cc1NC(=O)c1ccc(OCC(=O)O)cc1
830	mol247	-12.35	C[C@@H](COC(=O)c1cccc(C(N)N)c1)NC(=O)c1ccc(C#Cc2cccc(C(=O)Nc3cccc(C(=O)O)c3)c2)cc1
830	mol488	-12.88	NC(=O)c1ccc(NC(=O)Cc2ccc(NC(=O)c3ccc4cc(Cl)ccc4c3)cc2)cc1
830	mol162	-12.28	Cc1cccc(Oc2ccc(NC(=O)c3ccc4c(c3)CC(=O)N4C)cc2)c1
830	mol453	-12.58	COc1cccc(NC(=O)Nc2cccc(-c3cnc4ccccc4n3)c2)c1
830	mol229	-12.47	CC(=O)Nc1ccc(C(=O)NCc2cccc(C(=O)Nc3ccccc3C(=O)O)c2)cc1
830	mol474	-12.51	Cc1cc(C)cc(Nc2nccc(-c3ccnc(Nc4ccccc4)c3)n2)c1
830	mol498	-12.94	Cc1ccccc1-c1ccc(C(=O)Nc2ccc(C(=O)NO)cc2)cc1
830	mol174	-12.58	Cc1ccc(C(=O)Nc2cccc(C(=O)Nc3cccc(C(=O)c4ccccc4)c3)c2)cc1
830	mol11	-12.37	C[N@H+](Cc1ccc(C(=O)NCc2ccccc2)cc1)Cc1ccc(-c2ccccc2C(=O)O)cc1
830	mol150	-12.53	CC(=O)Nc1ccc(-c2cccc(Nc3cccc(C(=O)NCc4ccccc4)c3)c2)cc1
830	mol2	-12.14	Cc1ccc(-c2nccnc2NCc2ccc(NC(=O)c3cc4ccccc4o3)cc2)cc1
830	mol395	-13.11	CC(=O)Nc1ccc(NC(=O)c2cccc(NC(=O)c3ccc4ccccc4c3)c2)cc1
830	mol125	-12.23	Cc1ccc(C(=O)Nc2ccc(Oc3ccncc3)cc2C(=O)O)c(C(=O)O)c1
830	mol311	-12.38	Cc1ccc(S(=O)(=O)Nc2ccc(Nc3ccnc4cc(-c5ccccc5)ccc34)cc2)cc1
830	mol468	-13.32	Cc1ccc(NC(=O)c2cccc(Cc3cc4ccc(C(=O)O)cc4o3)c2)cc1C(=O)Nc1ccc(C(=O)O)cc1
830	mol269	-12.08	COc1ccc(C(=O)Nc2ccnc(Nc3cc4[nH]c(=O)[nH]c4cc3Cl)c2)cc1OCc1ccccc1
830	mol392	-12.46	c1ccc(-c2ccc(OCC3CCCCC3)cc2NCc2ccc(CNCc3ccc4ccccc4c3)cc2)cc1
830	mol30	-12.19	CC(=O)Nc1cccc(-c2cc(C(=O)O)cc(-c3ccc4ccccc4n3)c2)c1
830	mol205	-12.6	Cc1ccc(C(=O)Nc2ccc(S(O)(O)O)c3ccccc23)cc1NC(=O)c1cncc(-c2ccccn2)c1
830	mol235	-12.46	CC(C)c1ccc(-c2ocnc2C(=O)Nc2ccc(Oc3ccnc4ccccc34)cc2)cc1
830	mol409	-12.16	COc1ccc(Nc2ncccc2-c2nc3cc(NS(=O)(=O)c4cccc(C(=O)NCCC[NH+](C)C)c4)ccc3[nH]2)cc1
830	mol472	-12.47	Cc1ccc(C(=O)Nc2ccc(Oc3ccnc4ccccc34)cc2)cc1
830	mol214	-12.15	Cc1cc(NC(=O)Nc2ccc(S(N)(=O)=O)cc2)cc(NC(=O)Nc2ccccc2NC(=O)c2ccc(CNC(N)N)cc2)c1
830	mol315	-12.64	Cc1cccc(-n2nc(C(C)(C)C)cc2NC(=O)Nc2cccc(Nc3ccnc4ccccc34)c2)c1
830	mol82	-13.83	Cc1ccc(NC(=O)c2cccc(C(F)(F)F)c2)cc1-c1ccc(C(=O)Nc2ccccc2C(=O)O)cc1
830	mol476	-12.72	Cc1ccccc1NC(=O)c1cccc(C(=O)Nc2ccc(-c3ccccc3)cc2)c1
830	mol460	-12.08	CCC(=O)Nc1cccc(NC(=O)c2ccc(Nc3ccnc4cc(Cl)ccc34)cc2)c1
830	mol305	-12.64	CC(=O)Nc1cccc(-c2ccc(C(=O)Nc3ccccc3C(=O)O)cc2)c1
840	mol114	-12.28	COc1cccc(-c2ccc(NC(=O)c3ccc4ccccc4n3)cc2C(=O)O)c1
840	mol481	-12.77	C[C@@H](c1ccc(NS(O)(O)O)cc1)[NH+]1CCN(C(=O)c2ccc3ccccc3c2)CC1
840	mol193	-12.49	[H]/N=C(/OC)c1ccc(Nc2nccc(-c3c[nH]c4ccccc34)n2)c(C)c1
840	mol264	-12.28	Cc1ccc(C(=O)Nc2cccc(Cc3cc4ccccc4nc3N)c2)cc1
840	mol241	-12.26	CC(=O)Nc1ccc(Cl)c(C(=O)Nc2ccc(CCNC(=O)c3ccc4ccccc4n3)cc2)c1
840	mol67	-12.72	Cc1cc(C)c(CNc2ccc(C(=O)c3ccc4c(c3)CC(=O)N4)cc2)c(C)c1
840	mol14	-12.81	Cc1cc(CNc2ccc(C(=O)c3ccc(-c4ccccc4)cc3)cc2)cc(N)c1O
840	mol61	-12.46	Cc1ccc(Cl)cc1-c1ccc(C(=O)N[C@H]2CC[N@H+](Cc3ccc(F)cc3)C2)cc1
840	mol128	-12.63	CCOc1cc(NC(=O)Nc2cccc(C(N)N)c2)cc(Nc2nccc(-c3c[nH]c4ccccc34)n2)c1
840	mol377	-12.69	Cc1ccc(-c2ccc(NC(=O)c3cc4ccccc4o3)cc2)cc1
840	mol445	-12.02	CC(=O)N[C@H](C)CNc1ccc2ncnc(Nc3cc(C(=O)Nc4cccc(Oc5ccccc5)c4)ccc3C)c2c1
840	mol189	-12.22	COc1ccc(NC(=O)c2ccc(C(F)(F)F)cc2)cc1-c1ccc2c(-c3ccncc3)cccc2c1
840	mol252	-12.09	Cc1cccc(-n2c(-c3ccc(C(=O)NCc4ccccc4Cl)cc3)nc3cccc(Cl)c32)c1
840	mol29	-12.59	CC(=O)Nc1cccc(-c2ccc(C(=O)Nc3ccc4n[nH]cc4c3)cc2)c1
840	mol412	-13.49	Cn1cccc1C(=O)c1ccc(NC(=O)c2ccccc2Oc2ccc(-c3cccc4ccccc34)cc2)cc1
840	mol250	-13.19	Cc1ccc(C(=O)NCc2ccccc2OCc2cccc(C(=O)NCc3ccccc3)c2)cc1C(=O)NCCc1c[nH]c2ccccc12
840	mol18	-12.16	Cc1ccc(C(=O)Nc2cnc(C#N)c(Nc3cccc(C(=O)Nc4cccc(C(F)(F)F)c4)c3)n2)cc1
840	mol360	-12.15	Cc1c(C(=O)O)cccc1-c1nc(-c2cccc(-c3ccccc3)c2)cs1
840	mol452	-12.39	Cc1ccccc1Nc1cccc(C(=O)c2sc(NC(=O)c3ccccc3Cl)nc2C)c1
840	mol482	-12.13	CC(=O)CNC(=O)NCc1ccc(CC(=O)Nc2ncc([C@H]3CC[C@H](O)CC3)cc2C(=O)O)cc1
840	mol310	-12.37	Cc1ccc(Br)cc1-c1cc(Nc2ccnc(Nc3ccc(C(=O)N4CCOCC4)cc3)n2)ccn1
840	mol490	-12.97	CCc1ccc(-c2ccc(NC(=O)c3cc4ccccc4nc3N)cc2)cc1
840	mol458	-12.42	CC(=O)Nc1cccc(-c2ccc(S(=O)(=O)Nc3ccc(Oc4ccncc4)cc3)cc2)c1
840	mol76	-12.22	CS(=O)(=O)Nc1ccc(NC(=O)c2ccc(C(=O)c3ccccc3)cc2)cc1Nc1ccc(Nc2ccnc3cc(N)ccc23)c(-c2ccccc2)c1
840	mol339	-12.41	Cc1cccc(-c2cccc(-c3ncc(C(=O)Nc4ccccc4C)[nH]3)c2)c1
840	mol373	-12.03	Cc1cccc(C)c1NC(=O)c1cccc(NC(=O)Cc2ccccc2)c1
840	mol213	-12.22	CCn1cc(-c2ccc(C(=O)Nc3cccc(-c4ccccc4C(N)N)c3)cc2)cn1
840	mol333	-12.57	Cc1ccc(C(=O)Nc2cccc(F)c2)cc1-c1ccc2nc(N)nc(N)c2n1
840	mol200	-13.98	Cc1ccccc1-c1ccc(C(=O)c2cccc(NC(=O)c3cc4ccccc4o3)c2)cc1
840	mol258	-12.92	CN(CC(=O)NCc1ccc(NC(=O)c2ccc(Cl)c(C(=O)O)c2)cc1)C(=O)c1cccc(C(=O)N[C@H](Cc2c[nH]c3ccccc23)C(=O)O)c1
840	mol457	-12.86	Cc1ccc(C(=O)NCc2ccc(C(=O)O)cc2)cc1-c1nc2ccc(C(=O)N3CCCCC3)cc2[nH]1
840	mol190	-12.55	CN(C)c1ccc(-c2ncc(-c3ccccc3)[nH]2)cc1-c1ccc(NC(=O)c2ccccc2Br)cc1
840	mol453	-12.33	Cc1ccc(C(=O)Nc2cccc(C(=O)NCCc3ccc4c(c3)NC(=O)CO4)c2)cc1
840	mol216	-12.55	Cc1cc(Nc2cccc(C(=O)NC3CCCCC3)c2)nc(C2CCN(C(=O)CCc3ccccc3)CC2)n1
840	mol394	-13.29	CC#Cc1ccc(NC(=O)Nc2cccc(-c3cnc4[nH]ccc4c3)c2)cc1
840	mol9	-12.62	CN(Cc1ccc(Oc2ccc(C(=O)O)cc2)cc1)C(=O)c1ccc(NC(=O)c2ccc(Oc3ccccc3)cc2)cc1
840	mol262	-12.14	C[C@@H](Oc1cc(-c2cnn(Cc3cccc(C(=O)N4CCOCC4)c3)c2)ccn1)c1ccccc1
840	mol257	-12.11	CCC(=O)Nc1cccc(Cc2cccc(Nc3ccnc4ccc(S(N)(=O)=O)cc34)c2)c1
840	mol125	-12.69	Cc1cc(C(=O)Nc2cccc(Oc3ccnc4cc(C(N)N)ccc34)c2)ccn1
840	mol211	-12.43	Cc1ccc(NC(=O)Nc2cccc(-c3ccc4nncn4n3)c2)cn1
840	mol224	-12.05	CCc1ccc(C(=O)Nc2cccc(C(=O)c3cccc(C(=O)O)c3)c2)cc1
840	mol417	-13.45	Cc1ccc(-c2nccc(-c3cccc(C(=O)Nc4cccc(C(N)=O)c4)c3)n2)cc1
840	mol456	-12.46	Cc1cccc(-n2nc(C(=O)O)c3cc(C(=O)OCC4CCN(c5ccccc5)CC4)ccc32)c1
840	mol15	-12.02	CCC(=O)Nc1ccc(Nc2cc(N)nc3cc(-c4ccccc4)ccc23)cc1
840	mol119	-12.45	Cc1ccc(C(=O)Nc2ccc(S(O)(O)O)cc2C(=O)O)cc1C(=O)c1ccccc1
840	mol170	-12.36	Cc1ccc(C[N@H+]2CC[C@H](NC(=O)c3ccc4cc(Cl)ccc4c3)C2)cc1
840	mol103	-12.28	CN(c1ccccc1)c1ccc(C(=O)Nc2cccc(C(=O)c3c[nH]c4ccccc34)c2)cc1
840	mol368	-12.27	NC(=O)c1ccc(Nc2nccc(-c3c[nH]c4ccccc34)n2)cc1
840	mol483	-12.37	C[C@@H](Oc1cc(C(=O)N[C@@H](Cc2ccccc2)c2ccc(O)c(C(C)(C)C)c2)ccc1C(=O)O)c1ccc(OCc2ccccc2)cc1
840	mol472	-12.29	Cc1cccc(C(=O)Nc2cccc(Nc3nccc(-c4ccccn4)n3)c2)c1
840	mol58	-12.37	Cc1c(-c2ccc(C(=O)NCc3ccccc3)cc2)oc2ccc(Oc3ccccc3)cc12
840	mol248	-12.22	Cc1ccccc1-c1ccc(-c2c[nH]c3nc(N)c(C(=O)NCc4ccccc4)cc23)cc1
840	mol251	-12.05	COc1cc(Nc2nccc(-c3c[nH]c4ccccc34)n2)cc(C(=O)O)c1Oc1cccc(CC(=O)O)c1
850	mol114	-12.32	CN(C)C(=O)c1ccc(Nc2nc(Nc3cccc(C(=O)Nc4ccccc4)c3)nc3ccccc23)cc1
850	mol225	-12.4	CNC(=O)c1cccc(Nc2nccc(-c3cc4ccccc4oc3=O)n2)c1
850	mol400	-12.59	CN(Cc1cncc(-c2ccccc2)n1)C(=O)c1ccc(-c2cccnc2)cc1
850	mol346	-12.16	Cc1ccccc1CNC(=O)c1cc(NC(=O)c2ccc3ccccc3n2)cn1C
850	mol254	-12.15	COc1ccc(-c2cccc(C(=O)Cc3cccc4ccccc34)c2)cc1
850	mol298	-13.11	Cc1ccc(C(=O)Nc2ccc(S(=O)(=O)c3ccc4ccccc4c3)cc2)cc1NC(=O)c1cccc(OCc2ccccc2)c1
850	mol153	-13.09	Cc1ccc(C(=O)Nc2ccc(C(=O)O)cc2)cc1-c1ccc(C(=O)c2cccc(Cl)c2)cc1
850	mol384	-12.25	COc1ccc(-c2ncc(C(=O)O)c(=O)[nH]2)cc1-c1ccc(C(=O)N[C@@H](C)c2cccc(C(=O)O)c2)cc1
850	mol477	-12.24	Cc1ccc(C(=O)Nc2ccc(S(O)(O)O)c3cc(S(O)(O)O)ccc23)cc1NC(=O)c1ccc(O)cc1
850	mol347	-12.81	Cc1cccc(C(=O)Nc2cccc(C(=O)Nc3cccc(Oc4ccnc(Nc5ccccc5)n4)c3)c2)c1
850	mol51	-12.28	Cc1cccc(Oc2ccc(NC(=O)c3ccc4ccccc4n3)cc2)c1
850	mol45	-12.08	Cc1ccc(C(=O)Nc2ccc(-c3cc4n(n3)CCN(c3cccc(C(N)=O)c3)C4)cc2)cc1
850	mol255	-12.2	CC(C)(C)c1ccc(CC(=O)Nc2ccc(Oc3ccc4ccc(C(=O)O)cc4c3)cc2)cc1
850	mol21	-12.25	Cc1ccc(C(=O)Nc2ccc(Oc3ccncc3)cc2C(=O)O)cc1NC(=O)c1ccc(-n2cccc2)cc1
850	mol470	-12.66	Cc1cccc(CNC(=O)Nc2ccc(Oc3ccnc(Nc4cccc(C(=O)NCC5CCCCC5)c4)n3)cc2)c1
850	mol379	-12.6	COc1ccc(-c2cccc(C(=O)O)c2)cc1-c1ccc(C(=O)NCc2ccc(F)c(C)c2)cc1
850	mol467	-12.92	Cc1ccc(Nc2cccc3c(-c4ccc(Cl)cc4)cccc23)cc1NC(=O)c1ccccc1
850	mol236	-12.37	Cc1cc(F)ccc1-c1cccc(C(=O)Nc2ccc(C(=O)O)cc2)c1
850	mol100	-12.26	Cc1ccc(C(=O)Nc2ccc(C[N@H+]3CC[N@@H+](C)CC3)c(C(F)(F)F)c2)cc1C#Cc1cnc(C(=O)c2cccc(Cl)c2)nc1
850	mol313	-12.31	Cc1ccc(C(=O)Nc2cccc(C(=O)O)c2)cc1NC(=O)c1ccc2ccccc2c1
850	mol267	-12.11	COc1ccc(Nc2nc(Nc3ccc(Oc4ccccc4)cc3)nc(Nc3cccc(C(=O)NCc4ccccc4)c3)n2)cc1Cl
850	mol111	-13.54	Cc1ccc(NC(=O)c2cccc(N)c2)cc1Nc1nc(-c2cccc(-c3ccccc3)c2)cc(=O)[nH]1
850	mol62	-12.61	CN(Cc1cnc(CNC(=O)c2cc3ccccc3o2)s1)C(=O)c1ccc(CNC(=O)c2cccc3ccccc23)cc1
850	mol252	-12.04	Cc1ccc(NC(=O)Nc2ccc(C(C)(C)C)cc2)cc1Nc1ccnc(-c2cccnc2)n1
850	mol168	-12.42	Cc1ccc(CO)cc1NC(=O)c1ccc(CNC(=O)c2ccc(C(=O)NCc3ccccc3)cc2)cc1
850	mol350	-12.03	COc1cccc(-c2cccc(C(=O)Nc3ccc4ccccc4c3)c2)c1
850	mol412	-12.27	Cc1ccc(C(=O)Nc2ccc(-c3cc4ccccc4o3)cn2)cc1
850	mol19	-12.56	Cc1ccc(Oc2ccc(NC(=O)c3cccc(C(=O)NCc4cccc(C(=O)O)c4)c3)cc2C(=O)O)c(Cl)c1
850	mol148	-12.22	COc1cc(Nc2nccc(Nc3cccc(C(=O)NCc4cccc(-c5ccccc5)c4)c3)n2)cc(OC)c1
850	mol274	-12.17	COc1cccc(CNC(=O)c2ccc(C(=O)Nc3cccc(Oc4ncnc5ccccc45)c3)cc2C(F)(F)F)c1
850	mol452	-12.24	CSc1ccc(-c2ccc(S(=O)(=O)NCc3cccc(-c4ccccc4)c3)cc2)cc1
850	mol157	-12.5	COc1cccc(-c2cccc(COc3ccc(NC(=O)Nc4cccc(OCC(=O)O)c4)cc3C(=O)O)c2)c1
850	mol339	-12.05	Cc1ccc(C(=O)Nc2ccc(Oc3ccnc4cc(C(N)N)ccc34)cc2)cc1
850	mol78	-12.28	Cc1ccc(-c2ncc(-c3ccccc3O)[nH]2)cc1C(=O)NCC(=O)N1CCCCC1
850	mol152	-12.31	Cc1ccc(C(=O)Nc2ccc(Oc3ccncc3)cc2)cc1Nc1ccnc(Nc2ccc(C(=O)O)cc2)n1
850	mol448	-12.83	Cc1cccc(Nc2nccc(-c3ccnc(Nc4cccc(C(=O)O)c4)c3)n2)c1
850	mol491	-12.05	Cc1c(NS(=O)(=O)c2ccc(NC(=O)c3cccc(C(=O)O)c3)cc2)cccc1C1CC1
850	mol245	-12.51	Cc1ccc(C(=O)Nc2ccc(Oc3ccc(N[C@@H](N)NC(=O)c4ccccc4Cl)cc3)cc2)cc1
850	mol329	-13.67	Cc1ccccc1CNC(=O)c1ccc2cc(Oc3ccc(NC(=O)c4cccc(C(=O)O)c4)cc3)ccc2n1
850	mol469	-12.51	[H]/N=C1\S[C@@H](NC(=O)c2ccc(-c3cccc(C(=O)NCc4ccccc4)c3)s2)C(=O)N(C)C1=O
850	mol32	-12.21	CNc1cccc(-c2ccc(C(=O)Nc3cccc(-c4nc5ccccc5[nH]4)c3)cc2)c1
850	mol177	-12.37	Cc1c(Cc2ccccc2)c(=O)[nH]c(=O)n1-c1ccc(S(=O)(=O)NC(=O)c2ccccc2)cc1
850	mol166	-13.52	Cc1ccc(-c2cc(NCc3ccc(-c4ccccc4)cc3)c3cn[nH]c3n2)cc1
850	mol366	-12.85	Cc1ccc(C(=O)Nc2ccc(S(O)(O)O)c3ccccc23)cc1NC(=O)c1ccc(NCc2ccccc2)cc1
850	mol140	-13.46	Cc1ccc(C(=O)Nc2cccc(C(N)=O)c2)cc1NC(=O)c1ccc(-c2ccccc2)cc1
850	mol171	-12.34	CNS(=O)(=O)c1cccc(NC(=O)Nc2cccc(NC(=O)c3ccccc3NC(C)C)c2)c1
850	mol394	-13.06	NC(N)c1cccc(-c2cccc(CNC(=O)c3ccc4ccccc4n3)c2)c1
850	mol139	-12.28	Cc1ccccc1C(=O)Nc1ccc(-c2ccc(CNC(=O)c3cc4ccccc4o3)s2)cc1
850	mol120	-12.51	CNc1cccc(C(=O)Nc2cccc(-c3ccnc(Nc4ccc(OCc5ccccc5)cc4)c3)c2)c1
850	mol496	-12.33	Cc1cccc(-c2nc(Nc3ccc(C(=O)c4ccccc4)cc3)ncc2Cl)c1
850	mol154	-12.71	Cc1ccc(-n2nc(C(=O)Nc3cccc(C(=O)Nc4cccc(Oc5ccccc5)c4)c3)cc2NC(=O)Nc2ccc(Oc3ccncc3)cc2)cc1
850	mol468	-12.16	CNC(=O)c1ccc(Oc2ccc(Nc3nccc4ccccc34)cc2)cc1
850	mol369	-13.31	C[C@H](Nc1nc(-c2ccc(-c3ccccc3)cc2)cs1)c1ccc(C(=O)c2ccc(O)c(O)c2)cc1
850	mol446	-12.61	CC(=O)Nc1ccc(Oc2ccc(Oc3ccc4c(=O)cc(-c5ccccc5)oc4c3)cc2)cc1
850	mol170	-12.37	Cc1ccc(Nc2nccc(Nc3ccc4ccccc4c3)n2)cc1C
850	mol33	-13.4	CCNC(=O)c1cc(Nc2nccc3cc(NC(=O)c4cccc(C(=O)Nc5cc(C)ccc5C)c4)ccc23)sc1C
850	mol107	-12.88	Cc1ccc(C(=O)Nc2ccc3c(c2)CN(c2nc(-c4ccccc4)cs2)CC3)cc1
850	mol103	-12.39	CN(O)c1cccc(/C=N/NC(=O)c2ccc(Cc3cccc4cc[nH]c34)cc2)c1
850	mol172	-12.13	COC(=O)[C@@H](Cc1ccc(C(=C(C)C)c2cc(Cl)cc(NC(=O)c3ccc4ccccc4c3)c2)cc1)NC(=O)c1ccc(NC(=O)c2cccc(C(=O)O)c2)s1
850	mol97	-13.71	Cc1ccccc1-c1cccc(Nc2nccc(Nc3ccccc3C(=O)Nc3cccc(S(C)(=O)=O)c3)n2)c1
850	mol226	-12.13	COc1ccc(-c2cc(C(=O)Nc3cccc(-c4cc5ccccc5o4)c3)[nH]n2)cc1
860	mol284	-12.55	Cc1ccc(C(=O)Nc2ccc(S(N)(=O)=O)cc2)cc1-c1ccc2nc(N)ncc2c1
860	mol156	-12.47	CNC(=O)Nc1cccc(-c2ccnc(Nc3ccc(Oc4ccccc4)cc3)n2)c1
860	mol84	-12.2	Cc1cc(C(=O)Nc2cccc(Oc3ccccc3)c2)ccc1NC(=O)c1ccoc1
860	mol298	-12.23	CNC(=O)c1cccc(Nc2nccc(-c3c[nH]c4ccccc34)n2)c1
860	mol477	-12.02	COc1ccc(S(=O)(=O)Nc2ccc(-c3cccc(C(=O)O)c3)cc2C(=O)O)cc1
860	mol51	-12.02	Cc1ccc(NC(=O)c2cccc(-c3nc(C(N)N)cnc3N)c2)cc1Nc1ncccn1
860	mol21	-12.59	C[C@@H]1CC(=O)Nc2ccc(-c3ccc(NC(=O)c4cccc(C(=O)O)c4)s3)cc21
860	mol471	-12.23	COc1ccccc1-c1cccc(Nc2nc(OCCCc3ccccc3)nc(Sc3cccc(C(=O)NCc4cc(C)nc(Nc5ccccc5)n4)c3)n2)c1
860	mol374	-13.14	Cc1ccc(C(=O)Nc2ccc(-c3cccc(C(=O)NCc4ccccc4)c3)cc2)cc1C
860	mol199	-12.02	CN(Cc1ccc(Oc2cccc(C(=O)O)c2)cc1)C(=O)c1cccc(C(=O)N[C@@H](C(=O)O)c2ccccc2)c1
860	mol61	-13.08	Cc1cccc(-c2ncc(-c3cccc(C(=O)Nc4cccc(C(F)(F)F)c4)c3)[nH]2)c1
860	mol407	-12.22	CNC(=O)c1ccc(-c2cccc(C(=O)NCCNc3ccnc4ccccc34)c2)cc1
860	mol337	-12.79	Cn1c(=O)c(-c2ccc(NC(=O)c3ccc(C(=O)c4ccccc4)cc3)cc2)nc2c(c1=O)C(=O)CC(C)(C)C2
860	mol169	-13.39	Cc1cccc(Oc2nccc(-c3cccc(-c4ccccc4)c3)n2)c1C
860	mol240	-12.92	Cc1cc(C)c(Nc2ncc(-c3cccc(C(=O)Nc4ccccc4C(=O)O)c3)s2)cc1C
860	mol327	-12.5	Cc1cc(OCc2ccc(-c3nc4ccccc4c(=O)[nH]3)cc2)cc(C)c1Cl
860	mol111	-12.14	Cc1cccc(C(=O)Nc2cccc(Nc3ncnc4ccccc34)c2)c1
860	mol49	-12.18	CC(=O)Nc1ccc(S(=O)(=O)Nc2ccc(Oc3ccc4ccccc4c3)cc2)cc1
860	mol283	-12.99	Cc1cccc(-c2ccc(C(=O)Nc3cccc(-c4nc5ccccc5[nH]4)c3)cc2)c1
860	mol233	-12.07	COc1cccc(C(=O)Nc2cccc(Nc3ccnc4cc(Cl)ccc34)c2)c1
860	mol19	-12.05	Cc1ccc(C(=O)Nc2ccc(Oc3ccnc4cc(Cl)ccc34)cc2)cc1
860	mol18	-12.29	Cc1ccc(S(=O)(=O)Cc2cccc(-c3ccc(C(=O)O)cc3)c2)cc1
860	mol64	-12.01	CCC(=O)Nc1cccc(-c2ccc(C(=O)N[C@H](CO)CCc3ccc(C(=O)O)cc3)cc2)c1
860	mol204	-12.33	Cc1ccc(C(=O)Nc2cc(C(=O)O)cc(C(C)(C)C)c2)cc1Nc1ccnc(-c2cccnc2)n1
860	mol96	-12.02	CN(C)c1ccc(-c2ccc(Oc3ccc(-c4nc5ccccc5n4C(C)(C)C)cc3)cc2)cc1
860	mol452	-12.12	Cc1ccc(C(=O)Nc2ccc(O)cc2)cc1NC(=O)c1ccccc1C(=O)O
860	mol152	-12.41	Cc1cccc(Oc2ccc(-c3ccc(NC(=O)Nc4cccc(S(=O)(=O)NCc5ccccc5)c4)cc3)cc2)c1
860	mol63	-13.56	C[C@@H](Oc1ccc(-c2ccc(C(=O)O)cc2)cc1)c1cccc(OCc2cccc(NC(=O)c3cccc4ccccc34)c2)c1
860	mol34	-12.16	Cc1ccccc1-c1cccc(CNC(=O)c2ccc(C(N)N)cc2)c1
860	mol217	-12.39	Cc1ccc(NC(=O)c2cccc(Nc3nccc(-c4ccccc4Oc4ccccc4)n3)c2)cc1
860	mol330	-12.44	CN(C)C(=O)c1ccc(Oc2ccc(Oc3ccc4ccccc4n3)cc2)cc1
860	mol418	-12.18	Cc1ccc(C(=O)Nc2ccc(Oc3ccccc3)cc2)cc1Nc1ccnc(Nc2ccccc2)n1
860	mol144	-12.61	Cc1ccccc1C(=O)Nc1ccccc1C(=O)Nc1ccc(C(=O)c2cccc(C(=O)O)c2)cc1
860	mol56	-14.15	Cc1ccc(Nc2cccc(-c3ccc(-c4ccnc(Nc5ccccc5)n4)c(C)c3)n2)cc1C
860	mol80	-12.07	Cc1ccc(/C=N/NC(=O)c2cccc(C(F)(F)F)c2)cc1Cn1cnc2c(Nc3ccccc3)ncnc21
860	mol118	-12.78	Cc1ccc(C(=O)Nc2cccc(C(=O)O)c2)cc1Nc1ncnn2cc(-c3ccccc3)cc12
860	mol72	-12.72	Cc1ccc(/C=N/S(=O)(=O)c2ccccc2)cc1NC(=O)CCC(=O)Nc1cccc(-c2nnc3n2CCCCC3)c1
860	mol334	-12.45	Cc1ccc(C(=O)Nc2ccc(C(=O)NCCNC(=O)c3ccc4c(Cl)cccc4c3)cc2)cc1
860	mol386	-12.57	Cc1cc(-c2cccnc2)nn1-c1cccc(NC(=O)c2cccc(Oc3ccccn3)c2)c1
860	mol231	-12.86	CC(C)n1ccnc1-c1ccc2c(c1)CC[C@H]2[N@@H+](C)C(=O)c1ccc(NC(=O)c2ccc(C(=O)O)cc2)cc1
860	mol303	-12.42	Cc1ccc(Nc2nccc(-c3c[nH]c4ccccc34)n2)cc1NC(=O)c1ccc(C#N)cc1
860	mol212	-12.1	Cc1ccc(C(=O)Nc2cccc(Oc3ccnc4ccccc34)c2)cc1
860	mol381	-12.92	COc1cc(NC(=O)c2cccc(-c3ccc(Oc4ccccc4)cc3)c2)cc(Nc2nccc(Nc3ccccc3C(N)=O)n2)c1
860	mol190	-12.3	O=c1cc(CCc2cccc(-c3ccccc3)c2)c2ccccc2o1
860	mol314	-12.66	Cn1cc(-c2cccc(C(=O)O)c2)cc1-c1ccc(N[C@H](c2ccc(Cl)c(Cc3ccccc3)c2)S(=O)(=O)NC(=O)c2cccc3ccccc23)cc1
860	mol160	-12.08	Cc1cccc(CNC(=O)c2ccc(C(=O)Nc3ccc(Oc4ccncc4)cc3)cc2)c1
860	mol229	-12.06	CNC(=O)c1ccc(Nc2ncc(Cl)c(-c3c[nH]c4ccccc34)n2)cc1
860	mol38	-12.31	COc1ccc(Nc2nccc(-c3cccc(C(=O)Nc4ccccc4)c3)n2)cc1
860	mol439	-12.51	Cc1ccc(NC(=O)Nc2ccc(Oc3ccncc3)cc2)cc1Nc1ccnc2ccc(-c3ccccc3)cc12
860	mol394	-12.54	Cc1ccc(C(=O)Nc2ccc(Oc3ccc4ncc(-c5ccccc5)nc4c3)cc2)cc1
860	mol294	-12.24	COc1ccc(C(=O)NCc2ccc(C(=O)Nc3ccc(C(=O)c4ccccc4)cc3)cc2)cc1
860	mol430	-12.1	Cc1ccc(-c2ccc(Nc3ccc(Oc4ccccc4)cc3)cc2C(=O)O)cc1
860	mol11	-12.42	Cn1nc(-c2ccc3cc(Oc4ccccc4)ccc3c2)cc1NC(=O)Nc1ccccc1
860	mol135	-12.45	Cc1ccc(O)c(/C=N/NC(=O)c2ccc(Cc3cc4ncccc4c(C(=O)O)n3)cc2)c1
860	mol376	-12.73	Cc1cccc(Cc2cc(O)cc(O)c2Cc2cc(O)c(C(=O)c3ccccc3)c(O)c2)c1
860	mol451	-12.71	Cc1ccc(C(=O)Nc2cccc(CC(=O)O)c2)cc1-c1ccc(Nc2cc(N)ncn2)cc1
860	mol211	-12.13	CC(=O)Nc1cccc(-c2cccc(C(=O)NCc3ccc4c(c3)OCO4)c2)c1
860	mol299	-12.86	COc1ccccc1Nc1ncc(-c2ccc(C(=O)Nc3ccccc3NC(=O)c3ccc4ccccc4n3)cc2)o1
860	mol230	-12.06	C/C(=N\NC(=O)Nc1ccc([N+](=O)[O-])cc1)c1cccc(C(=O)Nc2cccc(C(=O)C(C)(C)C)c2)c1
860	mol456	-12.09	NC(N)c1cccc(CNC(=O)Nc2ccc(-c3ccccc3)cc2)c1
860	mol392	-12.84	Cc1cc(Br)ccc1NC(=O)c1ccnc(NC(=O)Cc2ccc(C(=O)O)cc2)c1
860	mol358	-12.13	Cc1cccc(C(=O)Nc2cccc(Nc3ccnc4ccccc34)c2)c1
860	mol131	-12.94	Cc1cccc(C(=O)Nc2ccc(Oc3ccc4ccccc4c3)cc2)c1
860	mol463	-12.23	Cn1cc(Nc2ncc(-c3ccnc(Nc4cccc(C(=O)N5CCOCC5)c4)n3)cn2)cn1
860	mol497	-12.92	Cc1ccc(C(=O)Nc2ccc([C@@H](C)Nc3ccc(-c4nc5ccccc5[nH]4)cc3O)cc2)cc1
860	mol124	-12.82	CC(=O)Nc1cccc(-c2ccc(NC(=O)c3cc4ccccc4o3)cc2)c1
870	mol10	-12.99	Cc1ccccc1-c1ccc(C(=O)Nc2ccc(Oc3ccncc3)cc2)cc1
870	mol165	-12.95	Cc1ccc(C(=O)Nc2ccc(S(O)(O)O)c3ccccc23)cc1Nc1nccc(-c2cccnc2)n1
870	mol156	-12.91	Cc1ccc(C(=O)Nc2ccc(C[N@H+]3CC[N@H+](C)CC3)c3ccccc23)cc1NC(=O)c1ccc(OCc2ccccc2)cc1
870	mol68	-12.07	CC(=O)c1cccc(NC(=O)c2cc(-c3cc(Cl)ccc3C)n(-c3ccc(Cc4cccc(C(=O)O)c4)cc3)n2)c1
870	mol487	-12.54	Cc1cccc(CNC(=O)c2ccc(CNC(=O)c3ccc4ccccc4n3)cc2)c1NC(=O)c1ccc(F)cc1
870	mol423	-12.08	Cc1cccc(C(=O)Nc2cccc(Nc3ncc4ccccc4n3)c2)c1
870	mol193	-12.35	COc1cc(C(=O)Nc2ccc(Oc3ccnc(Nc4ccc(C(C)(C)O)c5ccccc45)n3)cc2)cc(OC)c1OC
870	mol347	-12.45	CC(=O)Nc1ccc(Oc2cccc(-c3ccc(C(=O)NCc4ccc(Cl)cc4)c([N+](=O)[O-])c3)c2)cc1
870	mol408	-13.0	COc1cccc(Oc2cccc(-c3cccc(C(=O)c4ccc(O)c(C)c4)c3)c2)c1
870	mol81	-12.1	COc1cc(O[C@H]2CC[N@@H+](C)CC2)ccc1Nc1nccc(-c2cccnc2Oc2ccc(C(=O)Nc3ccccc3Cl)cc2C(F)(F)F)n1
870	mol241	-12.85	Cc1ccc(C(=O)Nc2ccc(-c3cc4ccccc4oc3=O)cc2)cc1
870	mol255	-13.42	Cc1cc(C)cc(Nc2nccc(-c3ccnc(-c4ccc(C(=O)O)cc4)c3)n2)c1
870	mol106	-12.68	CN(c1ccc(-c2cccc(C(=O)O)c2)cc1)S(=O)(=O)c1cccc(NC(=O)c2cccs2)c1
870	mol319	-12.48	C#CCN(Cc1ccc(-c2cccc(C(=O)O)c2)cc1)c1ccc(-c2cc(N[C@H]3CC[C@H]([NH+](C)C)CC3)c3ccccc3n2)cc1
870	mol112	-12.02	CN(c1ccc(Oc2ccc(C(=O)O)c(C(=O)O)c2)cc1)S(=O)(=O)c1ccc(O[C@@H](c2ccccc2)C(F)(F)F)cc1
870	mol261	-12.95	Cc1ccc(CNC(=O)c2cccc(C(=O)Nc3cccc(CNC(=O)c4cccc(C(F)(F)F)c4)c3)c2)cc1
870	mol349	-12.85	NC(=O)c1cc(NCc2cccc(-c3cccc(CNC[C@H](O)c4ccccc4)c3)c2)cc(NS(=O)(=O)c2cccc(N)c2)c1
870	mol377	-12.16	C[C@@H](NC(=O)c1cc(COC(=O)Cc2ccccc2)cc(NC(=O)c2cccnc2)c1)[C@H](O)c1cccc(C(=O)O)c1
870	mol327	-12.94	Cc1ccc(NC(=O)c2ccc(-c3ccccc3)cc2)cc1Nc1nccc(-c2cccnc2)n1
870	mol111	-12.34	Cc1ccc(NC(=O)c2ccco2)cc1NC(=O)c1cccc(S(=O)(=O)NCc2ccccc2)c1
870	mol283	-13.3	Cc1cc(NC(=O)Nc2cccc(C(N)=O)c2)ccc1Nc1ncnc2ccc(-c3ccncc3)cc12
870	mol297	-13.48	Cc1ccc(-c2ccc3cc(O)ccc3c2)cc1-c1ccc(-c2ccc(C(=O)O)cc2)cc1
870	mol18	-12.48	CC(C)(C)c1ccc(Oc2ccc(NC(=O)c3ccc(C(=O)c4ccccc4C(=O)O)cc3)cc2)cc1
870	mol360	-12.02	Cc1ccc(C(=O)Nc2ccc(C(=O)O)cc2)cc1NC(=O)c1ccc(Nc2c3ccccc3nc3ccccc23)cc1
870	mol434	-13.76	Cc1ccc(-c2nc3cc(Cl)ccc3[nH]2)cc1NC(=O)c1ccc(-c2ccc(C(=O)O)cc2C(=O)O)cc1
870	mol8	-12.25	CC(C)C(=O)Nc1ccc(-c2ccc(NC(=O)c3ccc4[nH]ccc4c3)cc2C(=O)O)cc1
870	mol266	-12.75	Cc1ccc(C(=O)Nc2ccc(Oc3ccnc4cc(Nc5ccncc5)ccc34)cc2)c(C)c1
870	mol152	-12.33	Cc1ccccc1-c1cccc(NC(=O)c2ccnc(Nc3ccccc3)c2)c1
870	mol56	-13.01	Cc1ccc(Oc2ccc(NC(=O)c3ccc4cc(C(N)N)ccc4c3)cc2)cc1
870	mol200	-12.12	COc1cccc([C@H](C)Nc2nc3cc(-c4ccc(C(=O)N[C@H]5CC[N@H+](C)CC5)nc4)ccc3nc2N)c1
870	mol303	-13.11	CN(Cc1cc(Cl)cc(Cl)c1)C(=O)c1cccc(Nc2nccc(-c3c[nH]c4ccccc34)n2)c1
870	mol499	-12.21	Cc1ccc2c(c1)nc(CCc1cccc(CC(C)(C)CNC(=O)c3cccc4cccnc34)c1)n2C/C=C\CNS(C)(=O)=O
870	mol293	-12.17	Cc1ccc(C(=O)Nc2ccc(NC(=O)c3cc4ccccc4o3)cc2)cc1
870	mol435	-13.18	CC(=O)Nc1ccc(NC(=O)Cc2ccc(Oc3ccc(Nc4nccc(-c5ccccc5)n4)cc3)cc2)cc1
870	mol495	-12.01	Cc1ccc(C(=O)Nc2ccc(NC(=O)c3ccc(C)c(NC(=O)c4ccccc4OCc4ccccc4)c3)cc2)o1
870	mol402	-12.87	CCc1cccc(-c2cc(Oc3ccc(-c4nc(-c5ccc(O)cc5)no4)cc3)ccn2)c1
870	mol44	-12.36	Cc1ccc(C(=O)Nc2cccc(Nc3ccnc4cc(Cl)ccc34)c2)cc1
870	mol494	-12.89	Cc1cc(C)c(CNc2ccc(C(C)(C)C)cc2NC(=O)c2ccc(C(=O)c3cccc4ccccc34)cc2)c(C)c1
870	mol359	-12.52	Cc1cccc(-c2nc(Nc3cccc(C(=O)NCc4ccccc4)c3)c3ccccc3n2)c1
870	mol227	-12.72	COC(=O)Nc1ccc(Oc2ccc(NC(=O)c3ccc(C)c(Cc4cccc(C)c4C)c3)cc2)cc1
870	mol139	-12.69	CC[C@H](C)[C@H](NS(=O)(=O)Cc1ccc(-c2ccc(NC(=O)c3cc4ccccc4o3)cc2)cc1)C(=O)NO
870	mol133	-12.21	Cc1ccc(NCc2ccc(-c3ccc4ccccc4n3)s2)cc1NC(=O)c1ccccc1
870	mol263	-12.01	COc1ccc(C#N)cc1-c1ccc(Nc2cc(-c3ccccc3)ncn2)cc1
870	mol389	-12.09	Cc1ccc(C(=O)Nc2ccc(-c3ccccc3)cc2)cc1Nc1ncccn1
870	mol142	-12.96	Cn1cc(-c2cccc(Nc3ccnc4cc(-c5ccccc5)cnc34)c2)cn1
870	mol290	-12.04	COc1cccc(-c2cccc([C@H](O)c3ccc4ncccc4c3)c2)c1
870	mol280	-12.36	Cc1ccc(CNC(=O)c2cccc(C(=O)Nc3cccc(C(=O)c4ccccc4)c3)c2)cc1
870	mol104	-12.16	Cc1cc(C(=O)Nc2cccc(C(=O)c3ccccc3)c2)ccc1CCC(=O)O
870	mol397	-12.02	Cc1ncc(Cc2ccc(NC(=O)Nc3ccc(C(=O)N[C@H](C)c4ccccc4)cc3)cc2)cn1
870	mol461	-12.32	Cc1ccccc1-c1ccc(-c2ccccc2)c(Oc2ccc(-c3cccc(C(N)N)c3)cc2)c1
870	mol446	-13.38	COc1ccccc1Nc1cc[nH]c(=O)c1C(=O)Nc1ccc(Oc2ccnc(Nc3cccc(-c4ccncc4)c3)n2)cc1
870	mol368	-12.35	CCC(=O)Nc1ccc(-c2ccc(NC(=O)c3ccccc3C(=O)O)cc2C(=O)O)cc1
870	mol375	-12.85	COc1cccc(-c2ccc(C(=O)Nc3ccc4ccccc4c3)cc2)c1
870	mol315	-12.77	COc1ccc(Nc2cc(-c3cccc(-c4ccccc4Cl)c3)ncn2)cc1Cl
870	mol183	-12.44	COc1cc(OCc2ccc(-c3ccc(C(=O)O)cc3)cc2)ccc1C(=O)c1ccc(O)cc1
870	mol432	-12.39	Cc1cc(=O)c2cc(Oc3cccc(C(=O)NCc4ccccc4C(=O)O)c3)ccc2[nH]1
870	mol364	-12.39	COc1ccc(Cc2ccc(OCc3cccc(C(=O)O)c3)cc2)cc1NS(=O)(=O)c1ccc(-c2ccc(C(=O)O)cc2)cc1
870	mol127	-12.76	Cc1ccc(C(=O)Nc2ccc(S(O)(O)O)c3ccccc23)cc1NC(=O)c1ccc(CNS(=O)(=O)c2ccc(C(=O)O)cc2N)cc1
870	mol124	-12.54	Cc1ccc(C(=O)Nc2ccc(-c3ccccc3)cc2)cc1NC(=O)c1ccccc1C(=O)O
870	mol85	-12.2	CCc1[nH]cnc1C(=O)Nc1cccc(NC(=O)c2cccc(C(=O)Nc3ccc4c(c3)CC(C)(C)O4)c2)c1
880	mol225	-14.51	Cc1ccc(C(=O)Nc2ccc(S(O)(O)O)c3ccc(C(=O)O)cc23)cc1NC(=O)c1ccc(-c2ccccc2)cc1
880	mol10	-12.14	Cc1nc2ccc(-c3cccc(C(=O)O)c3)cc2c(=O)n1Cc1ccc(-c2ccccc2-c2nn[nH]n2)cc1
880	mol75	-12.86	c1ccc(-c2ccc(CNc3cc(-c4ccccc4)nc4[nH]ccc34)cc2)cc1
880	mol346	-12.17	CC(=O)c1cccc(NC(=O)c2cccc(-c3cnc4[nH]c(-c5ccc(Oc6ccccc6)cc5)c(NC(C)C)c4n3)c2)c1
880	mol165	-12.05	CC(C)CN(Cc1ccc(-c2ccc(C(=O)O)cc2)cc1)C(=O)Nc1ccc(OCc2cccc(C[C@H]3CC[N@@H+](C)CC3)c2)cc1
880	mol99	-12.44	C[NH+](C)CC[C@@H](Cc1ccc(C(=O)c2c[nH]c3ccccc23)cc1)c1cccc(NS(=O)(=O)c2ccc(O)cc2)c1
880	mol141	-13.38	COc1ccccc1-c1cccc(Cn2cc(-c3cccc(-c4cccc(C(N)N)c4)c3)nn2)c1
880	mol423	-12.16	CNC(=O)c1cc(Oc2ccc(-c3cc4cc(C(N)N)ccc4[nH]c3=O)cc2)cnc1N
880	mol301	-12.78	Cc1ccc(C(=O)Nc2ccc(Oc3ccnc4cc(Nc5ccncc5)ccc34)cc2)cc1
880	mol45	-12.02	COc1cccc(Nc2ncc(-c3ccc(C(=O)Nc4cccc(O)c4)cc3)cn2)c1
880	mol306	-12.09	Cc1ccc(C(=O)Nc2ccc(Oc3cccnc3)cc2)cc1Nc1nccc2ccccc12
880	mol365	-12.54	CNC(=O)c1ccc(Oc2ccc(NC(=O)c3ccc(Cl)c(Nc4nccc(-c5cccnc5)n4)c3)cc2)cc1
880	mol473	-12.2	C/C(=N/Nc1ccc(-c2ccc(C(=O)O)cc2C(=O)O)cc1)c1cccc(C(=O)O)c1
880	mol7	-12.98	Cc1cccc(C(=O)Nc2ccc(NC(=O)c3ccc(C)c(NC(=O)c4ccc(C(C)(C)C)cc4)c3)cc2)c1
880	mol380	-12.84	Cc1c(-c2ccc(C(=O)O)cc2)ccc(-c2ccc(N)c(C(=O)O)c2)c1O
880	mol270	-12.97	Cc1ccc(C(=O)Nc2cccc(Nc3nc(Nc4cccc(O)c4)nc4ccccc34)c2)cc1
880	mol163	-12.38	Cc1cccc(Oc2ccc(NC(=O)c3cccc(Oc4ccccc4)c3)cc2NC(=O)c2ccco2)c1
880	mol236	-12.44	COc1cccc([C@@H](C)Nc2cc(-c3cccc(C(=O)Nc4cccc(C(=O)O)c4)c3)nnn2)c1
880	mol209	-12.03	CS(=O)(=O)c1cccc(-c2ccc(C[N@H+]3CC[C@H](c4ccc(C(=O)O)cc4)CC3)cc2)c1
880	mol281	-12.39	Cc1ccc(C(=O)Nc2ccc(C(=O)O)cc2)cc1NC(=O)c1cccc(-c2ccncc2)c1
880	mol128	-12.25	Cc1cccc(NC(=O)Nc2ccc(Nc3ccnc4ccccc34)cc2)c1
880	mol272	-12.94	Cc1ccc(Oc2cccc(C(=O)Nc3ccccc3)c2)cc1NC(=O)c1cccc(C(F)(F)F)c1
880	mol325	-13.13	CN(CCc1ccc(-c2ccccc2)cc1)S(=O)(=O)c1ccc2cc(Nc3ccnc4[nH]ccc34)ccc2c1
880	mol159	-12.1	CC(C)c1ccc(-c2cc(COc3ccc(-c4ccccn4)cc3)ccn2)cc1
880	mol197	-12.29	COc1cc(-c2ccc(C(N)=O)cc2)ccc1NC(=O)c1ccc(C(N)N)cc1
880	mol188	-12.09	COc1ccc(-c2ccc(NC(=O)c3ccc4c(c3)CN(C(=O)c3cccc([N+](=O)[O-])c3)C4=O)cc2)cc1
880	mol350	-13.31	Cc1ccc(Nc2cc(-c3cccc(-c4ccccc4)c3O)ncn2)cc1C(=O)O
880	mol185	-12.36	Cc1ccc(-c2c[nH]c(-c3ccc(Oc4ncccc4C[NH+]4CCCCC4)cc3)n2)cc1
880	mol253	-12.13	CC(=O)Nc1cccc(-c2ccc(-c3ccc(OCc4ccccc4)c(O[C@H]4O[C@@H](C)[C@H](O)[C@@H](O)[C@H]4O)c3)cc2)c1
880	mol274	-12.28	CS(=O)(=O)c1cccc(Nc2nccc(-c3cccnc3Nc3ccc(NC(=O)c4cccc(C(=O)O)c4)cc3)n2)c1
880	mol482	-13.81	CC(=O)Nc1cccc(-c2ccc(NC(=O)c3ccc4ccccc4c3)cc2)c1
880	mol8	-12.56	COc1cccc(C(=O)Nc2cccc(C(=O)c3ccc4ccccc4n3)c2)c1F
880	mol339	-12.12	Cc1c(Oc2ccc(O)c(C(=O)O)c2)ccc2c(=O)[nH]c(-c3ccccc3)nc12
880	mol152	-12.35	C[C@@H](NS(=O)(=O)c1cccc(-c2ccc(C(=O)O)o2)c1)c1ccc(-c2ccc(Oc3ccccc3)cc2)cc1
880	mol429	-12.04	Cc1ccc(NC(=O)c2ccc(F)c(Nc3ncc(-c4cccnc4)c(-c4ccc(C(=O)O)cc4)n3)c2)cc1C
880	mol307	-12.12	Cc1ccc(-c2cc(C(=O)Nc3ccc(Oc4ncccc4C(F)(F)F)cc3)ccn2)cc1
880	mol275	-12.68	CNC(=O)Nc1cccc(-c2ccc(-c3nc4cc(C(N)N)ccc4o3)cc2)c1
880	mol80	-12.16	Cc1ccc(CNC(=O)c2ccc(CNS(=O)(=O)c3ccc4nc(N)ccc4c3)cc2)cc1
880	mol329	-12.93	CNc1ccccc1-c1cccc(Nc2ccnc3cc(Nc4cccc(C(=O)/C=C/c5ccccc5)c4)c4n[nH]cc4c23)c1
880	mol239	-12.88	Cc1ccc(-c2ccc(CNC(=O)Nc3ccc4ccccc4c3)cc2)cc1
880	mol402	-13.84	Cc1ccc(CNC(=O)c2ccc(Cc3ccccc3NC(=O)c3ccc4c(C)cc(=O)oc4c3)cc2)cc1
880	mol361	-12.3	Cc1ccc(C(=O)Nc2ccc(C(=O)O)cc2)cc1NC(=O)c1ccc(Oc2ccccc2)cc1
880	mol160	-12.16	COc1cc(F)cc(-c2ccc(Oc3ccc(C(=O)O)c(C(=O)O)c3)cc2C(=O)O)c1C
880	mol316	-12.7	CC(=O)Nc1cccc(-c2cccc(Nc3ccc(NC(=O)c4ccccc4)cc3)c2)c1
880	mol117	-12.09	Cc1ccc(C(=O)Nc2ccc(C(=O)c3ccccc3)cc2)cc1OCc1cccc(C(=O)O)c1
880	mol139	-12.77	CC(=O)Nc1cccc(-c2ccc(NC(=O)c3cc4ccccc4o3)cc2)c1
880	mol9	-12.61	Cc1ccc(-c2nc(CSc3ccc(NC(=O)[C@H]4CCCN4C(=O)Cc4ccccc4)cc3)co2)cc1
880	mol133	-12.46	CC(C)c1ccc(-n2cc(-c3ccc4cc(C(=O)N[C@@H](CCC(=O)O)C(=O)O)oc4c3)nn2)cc1
880	mol441	-12.33	Cc1ccc(C(=O)NC(=O)Nc2cccc(C(=O)c3ccccc3)c2)cc1
880	mol371	-12.24	Cc1c(C(=O)NCc2cccc(C(=O)O)n2)cccc1-c1nc2cc(Cl)c(Cl)cc2[nH]1
880	mol269	-12.91	COC(=O)c1ccc(-c2ccc(Oc3ccc(Cl)c(C(=O)Nc4cccc(C(=O)O)c4)c3)cc2)cc1
880	mol42	-12.28	Cn1cc(-c2cccc(/C=C3/N=C(c4c[nH]c5ccccc45)NC3=O)c2)cn1
880	mol358	-12.82	Cc1ccc(-n2nc(C(C)(C)C)cc2NC(=O)Nc2cccc(Nc3ncnc4ccccc34)c2)cc1
880	mol399	-12.17	C[C@@H]1C(=O)NCCN1C(=O)[C@@H]1CCC[N@H+]([C@@H](C)Oc2ccc(-c3cc(-c4ccccc4)ncn3)cc2)C1
880	mol170	-12.16	COc1ccc(-c2ccc(OC[C@@H](Oc3ccc([C@H](C)NC(=O)c4cccc(C(F)(F)F)c4)cc3)C(=O)O)cc2)cc1
880	mol71	-12.76	Cc1ccc(C(=O)Nc2ccon2)cc1-c1nc2nc(N)nc(OC[C@H]3CC[C@@H](C(=O)NCc4ccccc4)CC3)c2[nH]1
880	mol246	-12.55	Cc1cc(C)cc(Nc2nccc(-c3ccnc(Oc4ccccc4)c3)n2)c1
880	mol343	-12.63	Cc1cccc(-n2nc(C(C)(C)C)cc2NC(=O)Nc2cccc(Nc3ccnc4ccccc34)c2)c1
880	mol364	-12.77	Cc1ccc(C(=O)Nc2cccc(-c3ccnc4ccccc34)c2)cc1
880	mol497	-12.44	COC(=O)CC/C(C)=N/NC(=O)Nc1ccc(Oc2ncnc3oc(-c4ccccc4C(F)(F)F)cc23)cc1F
880	mol43	-12.71	CCCc1ccc(-c2ccc(C(=O)Nc3ccc4ccccc4c3)cc2)cc1
890	mol99	-12.03	Cc1cccc(-c2cc(NC(=O)c3ccc(C(N)N)cc3)ncn2)c1
890	mol481	-13.13	CN(c1ccc(NC(=O)c2cccc(C(N)=O)c2)cc1)S(=O)(=O)c1ccc(-c2ccc(C(=O)O)cc2)cc1
890	mol6	-12.06	COC(=O)c1ccc(NC(=O)c2ccc(NC(=O)c3cc4ccc(OC(C)C)cc4o3)cc2)cc1
890	mol298	-12.2	Cc1ccc(C(=O)Nc2cccc(CCO)c2)cc1NC(=O)c1cccc(C(=O)Nc2ccc(C(=O)O)cc2)c1
890	mol108	-13.92	CN(C(=O)Nc1ccc(F)cc1F)c1ccc(NC(=O)c2cccc(Oc3ccc(Cl)c(NC(=O)c4cccc(C(F)(F)F)c4)c3)c2)cc1
890	mol45	-12.17	CNC(=O)c1ccc(Nc2ncc(Oc3ccc(-c4cncc(C(=O)O)c4)cc3)cn2)cc1
890	mol81	-12.63	Cc1ccc(C(=O)Nc2ccc(Nc3ccnc4cc(NC(=O)C5CC5)ccc34)c(C)c2)cc1
890	mol149	-12.52	CN(c1ccnc(Nc2ccc(C(=O)NCc3ccncc3)cc2)n1)c1ccncc1Oc1ccc(-c2cccnc2)cc1
890	mol276	-12.17	CC(=O)Nc1ccc(NC(=O)c2cccc(-c3c[nH]c4ncccc34)c2)cc1
890	mol336	-12.67	Cc1cccc(CNC(=O)Nc2ccc(Oc3ccnc4cc(-c5ccncc5)ccc34)cc2)c1
890	mol385	-13.07	Cc1ccc(-c2ccc(C(=O)c3cccc4ccccc34)cc2)cc1
890	mol61	-12.22	Cc1ccc(-n2nc(C(C)(C)C)cc2NC(=O)NCc2ccccc2)cc1NC(=O)c1ccc(-c2cccc(C(=O)O)c2)s1
890	mol12	-12.59	O=C(O)c1cccc(-c2ccc(COc3ccc(-c4ccc(S)cc4)cc3)o2)c1
890	mol272	-12.23	CN(C(=O)c1ccc(-c2cnc(C(=O)OC3CCCCC3)o2)cc1)C1CCN(C(=O)CS(=O)(=O)c2ccc3ccccc3c2)CC1
890	mol50	-12.6	Cc1ccc(Nc2ccc(C(=O)NCCc3ccc([N+](=O)[O-])cc3)cc2)cc1NC(=O)c1ccc2c[nH]nc2c1
890	mol168	-13.07	Cc1ccc(-c2ncc(C(=O)Nc3ccc4ccncc4c3)c3ccccc23)cc1
890	mol297	-12.55	Cc1ccc(C(=O)Nc2ccc(Cl)c(C(N)=O)c2)cc1Nc1nccc(-c2cccnc2)n1
890	mol478	-12.62	Cc1ccc(C(=O)NCCOc2ccc(C(=O)O)cc2)cc1NC(=O)c1ccc(-c2ccccc2)cc1
890	mol250	-12.02	NC(=O)c1ccc(NC(=O)c2ccc(C(=O)N[C@@H](CCc3ccccc3)[C@H](O)C[NH+]3CCN(c4ccncc4)CC3)cc2)cc1
890	mol65	-12.87	C[C@H](O)[C@@H](NC(=O)c1ccc(-c2ccc(NC(=O)/C=C/c3ccc(C(N)N)cc3)o2)cc1)C(=O)NO
890	mol115	-12.62	C[C@H](Oc1ccc(-c2cc(=O)n3ccccc3n2)cc1)C(=O)Nc1ccc(C(N)N)cc1
890	mol450	-12.07	Cc1ccc(-c2nc(C(=O)Nc3ccc(NC(=O)[C@H]4CCCN4C(=O)c4ccccc4)cc3)co2)cc1
890	mol323	-12.56	COc1ccc(-n2nnc(-c3ccc(-c4ccc(C(=O)O)cc4)cc3)n2)cc1-c1ccc(C(=O)O)cc1
890	mol448	-13.73	CNC(=O)c1ccc(Oc2cccc(-c3ccc4c(c3)CC/C4=N/OCc3ccc(C)c(C)c3)c2)cc1
890	mol308	-12.34	Cc1cccc(-c2ccc(C(=O)N[C@H](C(=O)O)c3cccc4ccccc34)cc2)c1
890	mol138	-12.7	CC(=O)Nc1ccc(Oc2ccc(NC(=O)c3cc4ccc(C(N)N)cc4[nH]3)cc2)cc1
890	mol469	-12.38	Cc1cc(COc2ccc(NC(=O)c3ccc(C#N)cn3)cc2C)cc(C(=O)Nc2ccc3n[nH]cc3c2)c1
890	mol32	-12.23	CC(=O)Nc1cccc(-c2ccc(=O)n(CCNC(=O)Nc3ccc(Oc4ccccc4)cc3)n2)c1
890	mol162	-12.28	CC(C)(OCc1cc(-c2cccc(-n3cc(C(=O)O)cn3)c2)ccn1)C(=O)Nc1ccc(OC(F)(F)F)cc1
890	mol129	-12.67	Cc1ccc(-n2nc(C(C)(C)C)cc2NC(=O)Nc2ccc(Oc3ccnc(Nc4ccc(C(=O)O)cc4)n3)cc2)cc1
890	mol362	-14.59	Cc1c(Cn2cncc2-c2ccc(C(=O)NCc3ccccc3)cc2)[nH]c2ncc(-c3ccc(N4CCOCC4)cc3)cc12
890	mol227	-12.39	Cc1ccc(C(=O)Nc2ccc(-c3cccc(C(N)N)c3)cc2)cc1
890	mol424	-12.02	Cc1cccc(-n2nc(-c3ccc(O)c(C(=O)Nc4cccc(C(=O)O)c4)c3)cc2NC(=O)Nc2cccc(C(F)(F)F)c2)c1
890	mol351	-12.23	Cc1cc(C)c(F)c(Nc2cc(Nc3cccc(-c4ccccc4S(C)(=O)=O)c3)ncn2)c1
890	mol150	-12.32	Cc1c(Cc2ccccc2)c(=O)oc2cc(OS(=O)(=O)c3ccc(C(=O)O)cc3)ccc12
890	mol263	-13.41	Cc1cccc(C(=O)Nc2cccc(C(=O)c3ccc4ccccc4c3)c2)c1
890	mol120	-12.03	Cc1cc(C)c(Nc2nccc(-c3c[nH]c4ncccc34)n2)c(C)c1
890	mol191	-12.32	NC(N)c1ccc(-c2c[nH]c(C(=O)c3cccc4ccccc34)n2)cc1
890	mol109	-12.04	COc1cccc(-c2ccc(Oc3ccc(-c4ccccc4)cc3)cc2C(=O)O)c1
890	mol290	-12.61	COc1cc(-c2ccc(OCc3cccc(-c4cccnc4)c3)cc2)cc(OC)c1OCc1cc(-c2ccc(NS(C)(=O)=O)cc2)ccc1C(=O)O
890	mol378	-12.04	Cc1ccc(C(=O)Nc2cc(C(N)=O)cc(C(F)(F)F)c2)cc1NC(=O)c1cnccc1C(F)(F)F
890	mol224	-12.77	C[C@H](Nc1cc(-c2c[nH]c3ncc(-c4cccc(C(=O)O)c4)cc23)ncn1)C(=O)Nc1ccc(C#N)c(C(F)(F)F)c1
890	mol219	-12.63	Cc1ccc(-c2ccc(C(=O)Nc3ccc(Oc4ccncc4)cc3)cc2)cc1
890	mol311	-12.27	COc1cccc(-c2cccc(C(=O)c3ccc(-n4cccc4)cc3)c2)c1
890	mol280	-12.11	Cc1ncc(-c2ccnc(Nc3ccc(S(C)(=O)=O)cc3)n2)nc1NC(=O)c1ccc(-c2ccccc2)cc1
890	mol104	-12.39	C[C@H](COc1ccc(-c2ccoc2)cc1)NC(=O)c1cncc(-c2ccc(C(=O)Nc3cccnc3)cc2)c1
890	mol447	-12.47	Cc1ccc(Oc2ccc(-c3ccc(CNC(=O)[C@H]4CCCNC4=O)s3)cc2)cc1
890	mol397	-12.44	CCC(=O)Nc1ccc(Oc2nc(Nc3ccc(NC(=O)c4cccc(C(F)(F)F)c4)cc3)nc3[nH]ccc23)cc1
890	mol122	-12.37	CC(C)(O)c1cccc(Nc2cc(-c3cccc(C(=O)NCc4ccc(F)cc4)c3)ncn2)c1
890	mol3	-12.99	Cc1cc(NC(=O)c2cccc(C(F)(F)F)c2)ccc1Nc1ccnc(Nc2ccc(C(=O)Nc3ccccc3)cc2)n1
890	mol446	-12.18	COc1ccc(-c2cccc(-c3cc(=O)c4cccc(O)c4o3)c2)cc1
890	mol221	-12.64	Cc1cc(OCc2cccc(-c3ccc4ccccc4n3)c2)cc(C)c1O
890	mol131	-12.19	Cc1ccc(Oc2ccc(NC(=O)c3cccc(-c4cccc([N+](=O)[O-])c4)c3)cc2C(=O)O)c(C)c1
890	mol483	-12.48	Cc1ncccc1NS(=O)(=O)c1ccc(NCc2ccc(C(=O)Nc3ccc4ccccc4c3)cc2)cc1
890	mol151	-12.49	Cc1cccc(CNC(=O)c2ccc(Oc3ccc(NC(=O)c4ccc(O)cc4)cc3)cc2)c1
890	mol79	-12.29	CC(=O)Nc1cccc(-c2cc3cnc(Nc4cccc(C(=O)NCC[NH+]5CCCCC5)c4)nc3n(C)c2=O)c1
890	mol97	-12.5	COc1cc(-c2cccc(C(=O)c3ccc4ccccc4c3)c2)cc(OC)c1O/N=C(/C)c1ccnc2ccccc12
890	mol82	-12.63	CN(C)S(=O)(=O)Nc1ccc(-c2ccc(NC(=O)c3cc4ccccc4o3)cc2)cc1
890	mol343	-12.08	Cc1cccc(C(=O)c2cccc(-c3cc(N)cc(CCO)c3)c2)c1
890	mol277	-12.05	CN(Cc1cnc2cc(Oc3ccccc3)ccc2n1)C(=O)c1cccc(OCc2ccccc2)c1
890	mol176	-12.13	Nc1cc(C(F)(F)F)c(-c2cc(-c3ccc(-c4ccccc4)nc3)ncn2)cc1F
900	mol346	-12.3	COc1cc(-c2ccc3nccc(-c4cccc(Oc5ccccc5)c4)c3c2)cc(OC)c1OCCCNc1ccnc2cc(Cl)ccc12
900	mol203	-12.22	Cc1ccc(C(=O)Nc2ccc(-c3cc4cc[nH]c(=O)c4[nH]3)cc2)cc1
900	mol175	-12.7	COc1ccccc1-c1ccc(C(=O)NCCc2ccc3ccccc3c2)cc1
900	mol428	-13.35	Cc1cc(Oc2cccc(-c3ccc4ccccc4n3)c2)cc(-c2cccnc2)c1
900	mol193	-12.25	Cc1ccc(-c2cc(C(=O)Nc3cccc(-c4ccncc4)c3)ccn2)cc1
900	mol45	-12.18	Cc1ccccc1-c1ccc(C(=O)Nc2cccc(C(=O)c3ccccc3)c2)cc1
900	mol320	-12.51	CNC(=O)c1cccc(Nc2ncnc(Nc3cccc(-c4ccccc4)c3)n2)c1
900	mol106	-12.19	Cc1ccc(-c2cc3cc(Nc4ccncc4)ccc3n(CC(=O)c3ccccc3)c2=O)cc1
900	mol24	-12.4	CO[C@@H](c1cccc(Oc2cccc(C#N)c2)c1C)n1cc(-c2cnc(N)c(OCC3CCCCC3)n2)cn1
900	mol471	-13.61	Cc1ccc(C(=O)Nc2ccc(C(N)N)cc2)cc1Nc1ncnn2cc(-c3ccc4ncccc4c3)cc12
900	mol319	-12.33	Cc1cc(NCc2ncccn2)cc(Nc2nc(N[C@H](C)c3ccc(-c4cncnc4)cc3)ncc2F)c1
900	mol479	-12.3	Cc1ccc(C(=O)Nc2cccc(C(F)(F)F)c2)cc1Cc1cc(C(=O)N[C@@H](C)c2cccc(C(N)=O)c2)on1
900	mol385	-12.15	CCNC(=O)c1ccc(Oc2ccc(-c3cc4cc(C(N)N)ccc4[nH]3)cc2)cc1
900	mol53	-12.85	C[C@H](Oc1cc(F)cc(-c2ccc(C(=O)O)cc2)c1)C(=O)Nc1ccc(OCc2ccccc2)cc1
900	mol296	-12.41	CN(c1ccc([C@@H](O)c2cccnc2)cc1)S(=O)(=O)c1cccc(-c2nnc(-c3ccc(Cl)cc3)o2)c1
900	mol407	-12.86	COc1ccc(-c2nc(-c3ccc(Oc4ccccc4)cc3C(F)(F)F)no2)cc1F
900	mol272	-12.21	Cc1ccc(NS(=O)(=O)c2ccc(Oc3ccccc3)cc2)cc1NC(=O)c1cccc(-c2ccncc2)c1
900	mol383	-12.61	Cc1ccc(NC(=O)c2ccc(NC(=O)c3cc4ccccc4o3)cc2)cc1
900	mol197	-12.28	Cc1ccc(C(=O)Nc2ccc(NC(=O)c3ccc4ccccc4c3)cc2)cc1
900	mol196	-12.49	Cc1ccc(C(=O)N2CCC(Nc3nccc(Cc4ccccc4)n3)CC2)cc1
900	mol449	-12.62	CN(NC(=O)c1ccc(Oc2cccc3ccccc23)cc1)C(=O)c1cccc(C(N)N)c1
900	mol304	-13.05	Cc1c(Oc2ccc(C(=O)NO)cc2)cccc1-c1ccc(NC(=O)Cc2ccccc2)cc1
900	mol419	-12.96	Cc1cc(NC(=O)c2ccc(Nc3ccc4ncc(-c5ccccc5)nc4n3)cc2)no1
900	mol146	-12.22	CC(C)(C)c1ccc(/C=N\NC(=O)c2ccc(Nc3ccnc4cc(Cl)ccc34)cc2)cc1
900	mol393	-12.17	CCC(=O)Nc1ccc(-c2ccc(Nc3ccnc4cc(N)ccc34)cc2)cc1
900	mol478	-12.13	CC(=O)c1ccc(Oc2ccc(NC(=O)c3cc4cc(Cl)ccc4[nH]3)cc2)cc1
900	mol318	-12.82	COc1ccc(S(=O)(=O)Nc2ccc(-c3ccc(NC(=O)c4cccc(OC(F)(F)F)c4)cc3)cc2)cc1
900	mol253	-12.2	CC(=O)Nc1cccc(-c2cccc(Nc3cccc([C@H](O)C(=O)O)c3)c2)c1
900	mol404	-12.75	Cc1ccc(Oc2cccc(Oc3cccc([C@H](C)NC(=O)c4ccc(O)c(O)c4)c3)c2)cc1Cl
900	mol323	-12.22	C#Cc1cccc(CCc2cccc(NC(=O)c3ccc4cc(OCC5CCCCC5)ccc4n3)c2)c1
900	mol342	-13.18	Cc1ccc(C(=O)Nc2cccc(-c3ccc(-c4nc5cc(C(N)N)ccc5[nH]4)cc3)c2)cc1
900	mol418	-12.74	Cc1cccc(-n2cc(-c3cccc(C(=O)Nc4ccccc4)c3)nn2)c1
900	mol287	-12.23	COc1cc(CC(=O)Nc2ccc([C@@H](C)Nc3nccc(Nc4ccccc4)n3)cc2)cc(N2CCS(=O)(=O)CC2)c1
900	mol36	-12.35	CN(C(=O)c1ccc(Cc2ccccc2)cc1C(F)(F)F)c1ccc(OCc2cccc(C(=O)O)c2)cc1
900	mol491	-12.63	CC(=O)Nc1ccc([N+](=O)[O-])cc1S(=O)(=O)Nc1ccc(Cc2ccc(Nc3ccnc4cc(I)ccc34)cc2)cc1
900	mol144	-14.92	Cc1ccc(C(=O)Nc2cc(C(C)(C)C)on2)cc1-c1ccc(Nc2nccc(-c3ccc(Cn4ccnc4)cc3)n2)c(Cl)c1
900	mol308	-12.31	CN(c1ccc(C(=O)NO)cc1)S(=O)(=O)c1ccc(-c2cccc(C(=O)O)c2)cc1
900	mol56	-13.58	Cc1ccc(NC(=O)c2cccc(-c3nccnc3N)c2)cc1NC(=O)c1ccc(Oc2ccccc2)cc1
900	mol54	-12.23	C[C@@H](Oc1cc(-c2cnn(C3CCN(C(=O)Cn4cc(-c5ccccc5)nn4)CC3)c2)ccn1)c1ccccc1
900	mol138	-12.22	CCS(=O)(=O)c1ccc(Cc2cccc(Oc3cccc(OCc4cccc(C(=O)O)c4)c3)c2)cc1
900	mol1	-12.29	Cc1cc(Nc2cc(NC(=O)c3cccc(C(C)(C)C)c3)ncn2)cc(C)c1O
900	mol239	-13.37	CN(Cc1ccc(NC(=O)c2ccc(Oc3ccc4ccccc4n3)cc2)cc1)C(=O)c1ccc(-c2ccc(C(=O)O)cc2)cc1
900	mol457	-12.18	CN(Cc1cnc2nc(N)nc(N)c2n1)c1ccc(C(=O)N[C@H]2CCc3ccccc3C2)cc1
900	mol190	-14.47	CN(Cc1ccc2c(c1)C(=O)N[C@@H](NC(=O)c1cccc(-c3ccccc3)c1)C2)C(=O)c1ccc(C(F)(F)[PH](O)(O)O)cc1
900	mol322	-12.42	CC(C)c1ccc(C(=O)Nc2ccc(Nc3ccnc4ccc(C(N)N)cc34)cc2)cc1
900	mol453	-12.2	Cc1ccc(C(=O)Nc2ccc(Oc3ccnc4cc(C(N)N)cnc34)cc2)cc1
900	mol206	-12.46	Cc1ccc(NC(=O)c2cccc(C(N)=O)c2)cc1Nc1nccc(-c2cccnc2)n1
900	mol430	-12.01	Cc1ccc(CNC(=O)c2ccc(C(=O)O[C@H]3CC[C@@H]([NH2+]Cc4cccc(C(=O)O)c4)CC3)cc2)cc1
900	mol441	-12.5	CNC(=O)c1ccc(Oc2cccc3cc(Oc4ccccc4)ccc23)cc1
900	mol363	-12.09	Cc1ccc(-c2nc(-c3ccc4ccc(C(N)N)cc4c3)c(C)o2)cc1
900	mol389	-13.91	CN(c1ccc(C(=O)NO)cc1)S(=O)(=O)c1ccc(-c2ccc(CNC(=O)c3cc4ccccc4o3)cc2)cc1
900	mol142	-13.21	CC1CCN(c2cc(O[C@H](C)C(N)=O)cc(-c3ccc(Cn4cc(NC(=O)Nc5ccccc5)nn4)cc3)c2)CC1
900	mol109	-13.0	CN(c1ccc(-c2ccccc2)cc1)c1nccc(-c2c[nH]c3cnccc23)n1
900	mol299	-12.04	Cc1ccc(C(=O)Nc2ccc(Nc3ccc4ncccc4n3)cc2)cc1
900	mol371	-13.76	[H][P@TB6](O)(O)(O)C(F)(F)c1ccc(C(=O)N(C)C2CCN(Cc3cccc(Nc4nccc(-c5ccccc5)n4)c3)CC2)cc1
900	mol417	-12.23	Cc1ccc(C(=O)Nc2ccc(Oc3ccnc(Nc4ccc(Oc5ccccc5)cc4)n3)cc2)cc1
900	mol230	-12.18	COc1ccc(C(=O)Nc2ccc(Oc3ccc(-c4ncccn4)cc3)cc2)cc1F
900	mol219	-12.15	Cc1ccc(C(=O)Nc2ccc(Oc3ccncc3)cc2)cc1OCc1cccc(-c2ccncc2)c1
900	mol280	-12.32	Cc1cc(Oc2ccc(-c3ccc(F)cc3)nn2)ccc1C(=O)Nc1ccc2c(ccn2C(=O)c2ccc(C(C)(C)C)cc2)c1
900	mol154	-12.98	COc1cccc(-c2ccc3c(c2)C[C@@H](CNC(=O)c2ccc(Oc4ccccc4)cc2)C3=O)c1
900	mol397	-12.16	Cc1ccc(-c2cc(O)c(Cc3ccc(C(=O)O)cc3)cc2C(=O)O)cc1
900	mol356	-12.39	CN(Cc1ccccc1)C(=O)c1ccc(Oc2ccc(NC(=O)c3cc4ccccc4o3)cc2)cc1
900	mol17	-12.64	C[C@@H](c1ccccc1)[N@H+]1CC[C@H](C(=O)Nc2ccc(-c3ccc(CN(C)C(=O)c4ccc(-c5nncn5C)cc4)cc3)cc2)CC1
900	mol455	-12.83	Cn1cc(-c2cccc(Oc3ccccc3)c2)c2sc(NC(=O)Nc3ccc(Oc4ccncc4)cc3)cc21
900	mol107	-12.22	Cc1ccc(C(=O)NCc2cccc(-c3cccc(C(=O)O)c3)c2)cc1
900	mol103	-13.09	Cc1cccc(-c2cc(Nc3cccc(C(=O)Nc4cccc(C(=O)O)c4)c3)ncn2)c1
900	mol328	-12.4	COc1cccc(-n2nc(C(=O)NCc3cccc(F)c3)cc2NC(=O)Nc2ccc(Nc3ccnc4cc[nH]c34)cc2)c1
900	mol87	-12.31	CC(=O)Nc1cccc(-c2cnc(Nc3ccc(C(=O)N4CCOCC4)cc3)nc2N)c1
900	mol486	-12.36	COc1ccc(Nc2nccc(-c3c[nH]c4ccccc34)n2)cc1NC(=O)c1ccc(C)c(C)c1
900	mol183	-13.57	Cc1cc(NC(=O)c2cccc(NC(=O)c3ccc4cc(C(N)N)ccc4c3)c2)cc(N2CCOCC2)c1
900	mol460	-12.14	Cc1ccc(-n2nc(C(C)(C)C)cc2NC(=O)Nc2ccc(Nc3ccnc4ccccc34)cc2)cc1
900	mol41	-12.31	Cn1cc(-c2cccc(C(=O)Nc3ccc4[nH]ccc4c3)c2)c2cncnc21
900	mol123	-12.35	COc1ccc(-c2ccc(S(=O)(=O)C[C@@H](O)C(=O)N(C)C3Cc4ccccc4C3)cc2)cc1
900	mol497	-12.97	CN(Cc1ccc(NC(=O)c2cc3ccccc3o2)cc1)C(=O)c1ccc(-c2cnc(N)c(C(=O)c3ccccc3)c2)o1
90	mol442	-12.99	Cc1cccc(NS(=O)(=O)c2cc(C(=O)Nc3ccc(Nc4ccnc5[nH]ccc45)cc3)ccc2Cl)c1
90	mol225	-13.43	NC(N)c1ccc(Oc2ccc(NC(=O)c3cccc(NC(=O)c4cccc(C(=O)Nc5ccccc5)c4)c3)cc2)cc1
90	mol75	-12.44	Cc1ccc(C(=O)Nc2cc(C(F)(F)F)cc(C(F)(F)F)c2)cc1NC(=O)c1cnc(Nc2cccc(C3CC3)c2)nc1
90	mol302	-12.24	Cc1ccc(NC(=O)c2ccc(C(=O)NCc3ccccc3)o2)cc1Nc1ncnc2cnc(NCCc3cccc[n+]3[O-])nc12
90	mol346	-13.37	CCC(=O)N1CCC[C@@H](n2nc(-c3ccc(Nc4nccc(-c5cccc(Oc6ccccc6)c5)n4)cc3)c3[nH]c(-c4ccccc4)nc32)C1
90	mol165	-12.37	c1ccc(-c2ccnc(Nc3cccc(N4CCc5ccccc5C4)c3)n2)nc1
90	mol84	-12.21	CN(c1cccc(F)c1)c1ncccc1Nc1nccc(Nc2cccc3c2C(=O)NC3)n1
90	mol175	-13.49	Cc1cccc(CNc2ncc(C(=O)c3ccc(C(=O)Nc4cccc(NC(=O)Nc5ccccc5)c4)cc3)c(=O)[nH]2)c1
90	mol423	-12.45	Cc1cc(Nc2nccc(C(F)(F)F)n2)cc(N2Cc3ccc(-c4ccncc4)cc3C2=O)c1
90	mol477	-13.14	Cc1c(NC(=O)c2cc(NC(=O)c3ccc4ccccc4n3)ccc2F)cccc1-c1nc(Nc2ccc(F)c(F)c2)nn1CC(F)(F)F
90	mol45	-12.48	CN(CCCn1c(-c2ccc(Cl)c(Cl)c2)nc2ccccc2c1=O)Cc1ccc2c(c1)C(=O)N(c1cccc(C(=O)O)c1)CCC2
90	mol264	-13.33	O=C(NCc1ccc(CCc2nnc(-c3cccc4ccccc34)o2)cc1)c1ccccc1O
90	mol192	-12.33	Cc1ccc(NC(=O)c2cccc(-n3cc(CO)nn3)c2)cc1Nc1ncnc2cncnc12
90	mol348	-14.51	Cc1cc(C(=O)Nc2cccc(C(F)(F)F)c2)ccc1NC(=O)c1cnc2ccc(N3CCC(=O)NC3=O)cc2c1
90	mol187	-13.24	Nc1ncc(-c2ccc(C(=O)Nc3ccccc3N3CCc4[nH]ncc4C3)cc2)nc1Nc1ccc(OCc2ccccc2)cc1
90	mol14	-12.86	Cc1cc(NS(=O)(=O)c2cccc(F)c2)ccc1Nc1ccc2ncc(-c3ccccc3)nc2n1
90	mol207	-12.84	Cc1cccc(-c2ccc(C[C@@H](Nc3cccc4ccccc34)C(=O)O)cc2)c1
90	mol240	-12.06	Cc1ccc(C(=O)Nc2ccc(CNC(N)N)cc2)cc1NC(=O)c1cc(F)c(-n2cccn2)cc1F
90	mol300	-13.18	COc1cc(CN[C@H](C)c2cccc(C(N)=O)c2)ccc1Nc1ncc2c(n1)N(C)c1ccccc1C(=O)N2C
90	mol22	-12.18	Cc1cn(-c2cccc(C(=O)c3cccc(NC(=O)c4ccccc4Cl)c3)c2)cn1
90	mol195	-12.59	CNC(=O)c1ccc(C(=O)Nc2cc3cnc(-c4cncc(Cl)c4)cc3n(C)c2=O)cc1
90	mol13	-12.69	c1ccc(-c2nnc(CCc3ccc(Nc4cccc5ccccc45)cc3)o2)cc1
90	mol88	-12.08	Cc1nc2ccccc2c(-c2nc3cc(C(=O)N[C@H](CO)c4ccccc4F)ccc3[nH]2)c1F
90	mol8	-12.57	Cc1ccc(C(=O)Nc2ccc(C[N@H+]3CC[N@H+](C)CC3)c(C(F)(F)F)c2)cc1Nc1ncnc2ccccc12
90	mol339	-12.24	Cc1c(CNC(=O)c2cc(NC(=O)Cc3ccc(C(N)N)cc3)cnc2N)ccc2c1C(=O)N[C@H]2N
90	mol429	-12.76	Cc1ccncc1-c1cc(F)c2c(c1)CCC[C@H]2[NH2+]C[C@H](O)Cn1c(-c2ccc(Cl)cc2)nc2ccccc21
90	mol144	-12.3	CN(Cc1cnc2nc(N)nc(N)c2n1)c1ccc(C(=O)N[C@H](Cc2ccc(F)cc2)c2nc(-c3cccc(Cl)c3)co2)cc1
90	mol308	-12.29	Cc1ccc2c3c1O[C@@H](Cc1ccccc1)C[C@H]3N=C2c1ccc(N(Cc2ccccc2)C(=O)c2ccc(C(=O)O)cc2)cc1
90	mol54	-12.61	Nc1c(-c2ccccc2)c2ccccc2n1CCNC(=O)c1ccc(N2CCc3ccccc3C2)cc1
90	mol469	-12.43	Cc1ccc(S(=O)(=O)Nc2ccc(-c3ccc(C(=O)O)cc3)cc2C(=O)O)cc1
90	mol303	-13.1	COc1cc(C#N)ccc1Sc1ccc(-c2ccc(OCc3ccc(C(=O)Nc4ccncc4)cc3)o2)cc1C(=O)Nc1cc(C(=O)O)ccc1F
90	mol316	-12.24	Cc1noc(C)c1-c1cc(Nc2cc(C#N)cc([C@@]3(C)[NH2+]CC[C@H]3C(=O)Nc3cccc(C(F)(F)F)c3)c2)ccn1
90	mol292	-12.82	Cc1ccc(C(=O)Nc2cc(C(F)(F)F)ccc2N2CCC[C@@H](N)C2)cc1NC(=O)c1cnc2ccccn12
90	mol216	-13.2	CNC(=O)[C@@H]1CCc2cc(Nc3ncnc(Nc4cccc(C(=O)Nc5ccc(C(=O)Nc6ccccc6C(N)=O)cc5)c4)n3)ccc2N1
90	mol147	-12.31	Cc1cn(-c2cccc(C(=O)Nc3ccc(S(=O)(=O)Nc4cccc(CCOc5ccccc5)c4)cc3)c2)cn1
90	mol441	-12.05	c1ccc(-c2cc(Nc3nc4c(s3)C[C@H](c3ccccc3)CC4)[n+]3[nH]cnc3n2)cc1
90	mol191	-12.72	CN(c1ccc2cc[nH]c2c1)c1cc(Nc2cc(NC(=O)c3cc[nH]n3)c3ccccc3n2)ncn1
90	mol290	-12.06	Cc1ccc(C(=O)Nc2ccc(C[N@H+]3CC[C@@H]([N@H+]4CC(F)(F)C[C@@H]4C(=O)NCc4ccccc4)CC3)cc2)cc1
90	mol39	-12.38	CNC(=O)/C=C\c1cnc(-c2ccccc2Oc2ccc(NC(=O)Nc3cc(C(F)(F)F)ccc3F)cc2)[nH]1
90	mol170	-12.05	Oc1c(-c2ccccc2)cccc1-c1cc2ccccc2[nH]1
90	mol455	-12.36	NC(N)c1ccc2nc(-c3cccc(C(=O)Nc4ccccc4F)c3)oc2c1
90	mol103	-13.26	Cc1cn(-c2cccc(Nc3nc4c(N)nccc4[nH]3)c2)cc1C(=O)Nc1ccc(N2CCOCC2)cc1
90	mol328	-12.16	Cc1cccc(-n2nc(C(C)(C)C)cc2NC(=O)Nc2cccc(S(=O)(=O)N(C)c3ccc(Cl)cc3)c2)c1
90	mol464	-13.64	CNc1cc(CN(Cc2ccc(-c3ccc(C(N)N)cc3)cc2)c2ccc(C(=O)NCc3cccc(C(=O)NCc4cccc(C(=O)NO)c4)c3)cc2)ccn1
910	mol25	-12.16	Cc1cccc(CNC(=O)Nc2ccc(Oc3ccnc(Nc4ccnc(OCC5CCCCC5)n4)c3)cc2)c1
910	mol165	-12.33	COC(=O)Nc1cccc(-c2ncc(-c3ccc(Oc4ccccc4)cc3)c(=O)[nH]2)c1
910	mol6	-13.15	C[C@@H](Nc1ccc(C(=O)c2c(-c3ccccc3)[nH]c3ccc(O)cc23)cc1)c1cccc(OCc2cccc(C(=O)O)c2)c1
910	mol425	-12.58	CN(c1ccc([C@@H](O)c2cccc(C(=O)O)c2)cc1)S(=O)(=O)c1ccc(Oc2ccccc2)cc1
910	mol352	-12.22	Cc1c(Oc2ccccc2OCCn2ccc(=O)n(CC(=O)O)c2=O)ccc(C(=O)NC[C@H](O)[C@H](O)C(=O)NCc2ccc(Oc3ccccc3)cc2)c1O
910	mol459	-12.66	CNc1ccc(Oc2ccc(C(=O)c3ccc4ccccc4c3)cc2)cc1C(=O)O
910	mol241	-12.27	C[C@H](c1ccc(O)cc1)n1cc(NC(=O)c2cc(NC(=O)c3ccc(O[C@H]4CC[N@@H+](C)CC4)cc3)cnc2Cl)cn1
910	mol471	-12.71	Cc1ccc(C(=O)Nc2ccc(Oc3nccc(-c4cccc(C(N)=O)c4)n3)cc2)cc1
910	mol149	-12.05	Cc1ccc(S(=O)(=O)NCc2ccc(C(=O)N[C@@H]3CCCc4ccccc43)cc2)cc1
910	mol467	-12.26	Cc1cccc(-c2cc(C(=O)Nc3ccc(Oc4ccncc4)cc3)cc3ncccc23)c1
910	mol276	-12.73	CNC(=O)c1cccc(NC(=O)c2cccc(Cc3n[nH]c(-c4ccccc4)c3C)c2)c1
910	mol237	-12.71	Cc1ccc(Oc2ccc(NC(=O)c3ccc4ccccc4c3)cc2)cc1
910	mol187	-12.11	COc1ccc2cc(-c3c[nH]c4ncc(-c5cncc(C(N)N)c5)cc34)ccc2c1
910	mol69	-13.31	COc1ccc(-c2ccc(NC(=O)c3ccc4ccccc4c3)cc2)cc1NC(=O)c1ccc(Cl)cc1
910	mol100	-12.88	COc1ccc(C(=O)Nc2cccc(F)c2)cc1NC(=O)c1ccc(-c2ccc(C(=O)O)cc2)cc1
910	mol132	-12.52	COc1ccc(-c2cc(C(=O)Nc3ccc(C)c(C(=O)Nc4cccc(C(=O)O)c4)c3)[nH]n2)cc1
910	mol295	-12.3	Cc1ccc(S(=O)(=O)Nc2ccc(Oc3ccccc3-c3nc4ccccc4[nH]3)cc2)cc1
910	mol345	-12.04	Cc1ccc(-c2nc(N)c(C(=O)Nc3ccc(Oc4ccncc4)cc3)s2)cc1
910	mol281	-12.5	Cc1cccc(-c2nn(-c3cccc(C(=O)NCc4ccccc4)c3)c3c2CN(C(=O)c2ccccc2)CC3)c1
910	mol337	-12.11	CC(=O)n1c(-c2ccc(Oc3ccc(C(N)N)cc3)cc2)cc2ccccc21
910	mol60	-12.38	CC(=O)Nc1ccc(Oc2cc(NC(=O)c3ccc(C)c(NC(=O)c4cccc(C(=O)O)c4)c3)ccn2)cc1
910	mol136	-12.59	Cc1ccc(NC(=O)c2ccc(C(N)N)cc2)cc1Nc1nccc(-c2cccnc2)n1
910	mol300	-12.05	COCCc1cccc(-c2ccnc(Nc3ccc(C(=O)N4CCC(C(=O)O)CC4)cc3)n2)c1
910	mol297	-12.53	CS(=O)(=O)c1ccc(-c2nc(-c3ccc(C(=O)Nc4cccc(C(=O)O)c4)cc3)cs2)cc1
910	mol22	-12.4	COc1ccc(C(=O)Nc2ccc(-c3ccc(=O)n(CC(=O)NCc4ccc(NC(=O)c5ccccc5)cc4)n3)cc2)cc1
910	mol194	-12.78	Cc1ccc(-c2ccc(C(=O)c3ccc(OCc4ccccc4)cc3)cc2C(=O)O)cc1
910	mol396	-12.52	Cc1cc(C(=O)Nc2ccc(C(N)N)cc2)c2ccc(OCc3ccc4ccccc4c3)cc2n1
910	mol19	-12.42	Cc1ccc(NC(=O)c2ccc(C(=O)NCc3c[nH]c4ccccc34)cc2)cc1NC(=O)Cc1ccc(Cl)cc1
910	mol288	-12.15	NC(N)c1ccc(C(=O)Nc2ccc(CNc3ccnc4cc(Cl)ccc34)cc2)cc1
910	mol88	-12.29	COc1ccc(-c2ccc(C(=O)Nc3ccc(Oc4ccncc4)cc3)cc2)cc1
910	mol450	-12.21	CCc1ccc(NC(=O)c2ccc(NC(=O)c3cc4ccccc4o3)cc2)cc1
910	mol37	-13.05	COc1ccc(C(=O)Nc2ccc(C(=O)c3ccc4ccccc4c3)cc2)cc1NC(=O)c1ccc(C(=O)O)cc1
910	mol339	-12.18	COc1ccc(-c2ccc(OCc3ccc(-c4cc(C(=O)O)ccn4)cc3)cc2)cc1
910	mol448	-12.5	CN(c1ccc(C(=O)NO)cc1)S(=O)(=O)c1ccc(-c2ccc(OC(F)(F)F)cc2)cc1
910	mol418	-12.23	Cc1cc(C)c(Nc2ncc(Cl)c(-c3c[nH]c4ccccc34)n2)c(C)c1
910	mol223	-12.02	c1ccc(-c2cc(NCc3cccc4ccccc34)c3nc[nH]c3n2)cc1
910	mol287	-12.18	Cc1ccc(NC(=O)c2cccc(-n3cc(-c4ccncc4)cn3)c2)cc1C
910	mol480	-12.7	CN(O)C(=O)COc1ccc(-c2ccc(Oc3ccc(-c4nc5ccccc5c(=O)[nH]4)cc3)cc2)cc1
910	mol80	-12.88	C[C@H](Nc1nc2ccc(C(=O)Nc3ccc(-c4nc5ccccc5n4C)cc3)cc2s1)c1ccccc1
910	mol138	-12.57	Cc1ccc(C(=O)NCc2ccc(NC(=O)Nc3ccccc3)cc2)cc1NC(=O)c1cccc(O)c1
910	mol329	-13.7	Cc1ccc(NC(=O)c2cccc(C(F)(F)F)c2)cc1NC(=O)c1ccc(Nc2ccnc3ccc(-c4ccncc4)cc23)cc1
910	mol386	-12.08	COc1cccc(COc2ccc(NC(=O)[C@@H]3CC(F)(F)CCN3c3ccnc(Nc4cccc(C(=O)Nc5ccccc5)c4)n3)cc2)c1
910	mol293	-12.2	Cc1cc(C[NH3+])ccc1NC(=O)Nc1ccc(CNc2nc(Nc3ccc(C(=O)NCC#N)cc3)nc(Nc3cccc(C#N)c3)n2)cc1
910	mol57	-12.88	Cc1ccc(Oc2ccc(NC(=O)c3ccc(C#N)cc3)cc2)cc1NC(=O)c1ccc(-c2cccc(C(=O)O)c2)cc1
910	mol162	-12.53	Cc1cc(CC(=O)N[C@@H]2CCC[NH2+]C[C@H]2O)cc(-c2ccc(C(=O)c3ccccc3)cc2)c1
910	mol164	-12.95	Cc1ccc(C(=O)NCc2cccc(-c3ccc(C(=O)N[C@H](C)c4ccccc4)cc3)c2)cc1
910	mol171	-12.1	COc1cccc(NC(=O)Nc2ccc(Oc3ccnc4[nH]ccc34)c(N)c2)c1
910	mol440	-12.18	NC(=O)c1ccc(Cc2ccc(C(=O)CCc3ccc(C(=O)O)cc3)cc2)cc1
910	mol89	-12.29	Cn1c(NC(=O)c2cccc(-c3ccc(C(=O)NCc4ccccc4)cc3)c2)cc2nc[nH]c21
910	mol359	-12.06	CNC(=O)c1cccc(Nc2nccc(-c3c[nH]c4cc(Cl)ccc34)n2)c1
910	mol439	-13.63	Cc1ccc(C(=O)Nc2ccc(Oc3ccnc4cc(-c5ccccc5)ccc34)c(C(F)(F)F)c2)cc1
910	mol294	-12.91	Cc1ccc(C(=O)Nc2ccc(-c3cc(C(=O)Nc4ccc(Oc5ccncc5)cc4)ccc3Cl)cc2)cc1
910	mol430	-13.55	Cc1ccc(-n2nc(C(=O)NCc3ccc(NC(=O)c4cccc(C(F)(F)F)c4)cc3)cc2NC(=O)Nc2cccc(Oc3ncnn4cc(C(N)N)cc34)c2)cc1
910	mol11	-12.74	Cc1ccc(NC(=O)c2cccc(N3CC[NH+](C)CC3)c2)cc1-c1ccc(NC(=O)Cc2cc(F)cc(Cl)c2)cc1
910	mol139	-12.57	CN(C(=O)c1ccc(NS(=O)(=O)c2cccc(C(F)(F)F)c2)cc1)c1cccc(Nc2nccc(-c3c[nH]c4ccccc34)n2)c1
910	mol388	-13.03	Cc1cc(Oc2ccc(Nc3ccnc4cc(Cl)ccc34)cc2)cc(-c2cccc(C(=O)O)c2)n1
910	mol121	-12.25	C[C@@H](Nc1cccc(-c2nc3cc(C(N)=O)ccc3o2)c1F)c1ccccc1
910	mol389	-12.29	CC(=O)Nc1ccc(NC(=O)c2cccc(C(F)(F)F)c2)cc1Nc1ncc(-c2ccnc(Nc3cccc(C(=O)NC(C)C)c3)n2)c(C(C)C)n1
910	mol230	-12.16	COc1ccc(-c2cc(C(=O)Nc3cccc(-c4cccc(C(=O)O)n4)c3)on2)cc1
910	mol311	-12.33	Cc1ccc(C(=O)Nc2ccc(C#N)cc2)cc1NC(=O)c1ccc(Cc2ccc(CO)cc2)s1
910	mol456	-12.26	CN(Cc1cccc(-c2ccc(C(=O)O)cc2)c1)C(=O)C(=O)Nc1ccc(OC(F)F)cc1
910	mol178	-12.31	CC(=O)Nc1ccc(Oc2ccc(NC(=O)c3cc4ccccc4o3)cc2)cc1
910	mol48	-12.3	Cc1cc(C(=O)Nc2cccc(Oc3ccc4ncc(C(=O)NCCN)cc4n3)c2)ccn1
910	mol392	-12.83	Cc1cc(C)cc(C(=O)Nc2ncc(-c3cccc(C(=O)c4cccc(C(=O)O)c4)c3)s2)c1
910	mol30	-12.26	Nc1ccc(-c2ccc(C(=O)Nc3ccccc3C(=O)O)cc2)cc1
910	mol33	-12.4	C[C@H](Oc1ccc(-c2ccnc(NC(=O)Cc3ccc(C(N)N)cc3)n2)cc1)c1ccccc1
910	mol462	-12.2	Cc1ncc(-c2cccc(C(=O)Nc3ccc(OCc4ccccc4)cc3)c2)c(N)n1
910	mol46	-12.8	Cc1ccc(C(=O)Nc2ccc(-c3cc(=O)c4ccccc4o3)cc2)cc1
910	mol472	-12.11	Cc1ccc(NC(=O)c2ccccc2NCc2ccc(-c3ccccc3)cc2)cc1
910	mol243	-12.88	C/C(=C/CNc1ccc(C(=O)O)cc1)NC(=O)c1ccc(-c2ccc(C(=O)Nc3ccc(F)cn3)cc2)cc1
910	mol484	-12.4	COc1ncc(-c2cc(-c3cc(C(=O)Nc4ccc(OC(F)(F)F)cc4)ccn3)ncn2)cc1C(=O)Nc1ccc(C#N)cn1
910	mol134	-12.13	CC(=O)Nc1cccc(-c2ccc(Oc3ccc(NC(=O)c4ccncc4)cc3)cc2)c1
910	mol41	-12.4	Cc1cccc(-c2cc(C(=O)NCc3ccc4c(c3)OCO4)cnc2N)c1
910	mol127	-12.84	Cc1oc2ccc(O)cc2c(=O)c1Cc1ccc(Oc2ccc(Nc3cccc(C(=O)O)c3)cc2)cc1
920	mol400	-13.9	Cc1ccc(C(=O)Nc2ccc(CC(=O)NO)cc2)cc1-c1ccc2[nH]c(-c3ccc(NC(=O)c4ccccc4)cc3)nc2c1
920	mol481	-12.5	Cc1ccc(C(=O)Nc2ccc(S(O)(O)O)c3cc(C(=O)NCc4ccccc4)ccc23)cc1
920	mol108	-12.42	CNC(=O)c1ccc(-c2ccc(Cn3cc(OCc4ccccc4Cl)cn3)cc2)cc1
920	mol92	-12.66	Cc1ccc(-c2c(-c3ccc(C(=O)NS(=O)(=O)c4ccc5ccccc5c4)cc3)noc2-c2ccccc2)cc1
920	mol348	-12.15	NC(=O)c1ccc(Nc2nc(Nc3ccc(C(=O)c4ccccc4)cc3)ncc2C(=O)c2ccc(N)cc2)cc1
920	mol241	-12.25	Cc1ccccc1C(=O)Nc1ccc(C(=O)Nc2cccc(Oc3ccncc3)c2)cc1
920	mol149	-12.41	Cc1ccc(C(=O)Nc2ccc(-c3ccc4cc(C(=O)NCCO)ccc4n3)cc2)cc1
920	mol143	-12.02	COc1ccc(NC(=O)c2ccc(-c3cc4cc([N+](=O)[O-])ccc4[nH]3)cc2)cc1
920	mol53	-12.69	CC(=O)NCC(=O)Nc1ccc(Oc2nccc(Nc3cccc(C(=O)Nc4cccc(C(=O)N(C)C)c4)c3)n2)cc1
920	mol236	-12.31	CC(=O)Nc1ccc(NC(=O)c2cccc(-c3cccc(SCc4ccccc4)c3)c2)cc1
920	mol199	-12.68	C[C@@H](NC(=O)OCc1ccccc1)c1cccc(-c2cccc(CNC(=O)c3cc4ccncc4s3)c2)c1
920	mol207	-12.11	Cn1cc(-c2cc(C(=O)Nc3cc4ccccc4cc3C(=O)O)[nH]n2)cn1
920	mol128	-12.35	Cc1ccc(C(=O)Nc2ccc(C(=O)Nc3ccccc3)c3ccccc23)cc1
920	mol50	-12.02	OC[C@@H]1O[C@H](Oc2cccc(-c3ccc(NCc4ccccc4)cc3)c2)[C@@H](O)[C@@H](O)[C@@H]1O
920	mol62	-13.48	COc1cc(Nc2nccc(-c3c[nH]c4ccccc34)n2)ccc1Nc1nccc(-c2c[nH]c3ccccc23)n1
920	mol244	-13.51	CC(=O)Nc1cccc(-c2cc(-c3ccc(NC(=O)c4ccc(C(=O)O)cc4)cc3)cnc2N)c1
920	mol5	-12.11	CN(c1ccc(NC(=O)c2cccc(C(=O)c3ccccc3)c2)cc1)S(=O)(=O)c1ccc(C(=O)O)cc1
920	mol196	-12.9	CCC(=O)N1c2ccccc2Cc2c(-c3ccc(C(=O)Nc4ccc(C(=O)O)cc4)cc3)cccc21
920	mol188	-12.63	NC(=O)c1ccc(-c2ccc(Nc3ccnc4cc(Cl)ccc34)cc2)cc1
920	mol304	-12.53	Cc1ccc(C(=O)Nc2ccc(Oc3ccccc3NC(=O)c3ccc4ccccc4n3)cc2)cc1
920	mol438	-13.47	Cc1nc(NC(=O)c2ccccc2Sc2ccc(NC(=O)Nc3ccc4nc(O)ccc4c3)cc2)cc(N2CC[NH+](CCc3ccccc3)CC2)n1
920	mol412	-12.2	Cc1ccc(-c2cc(C(=O)Nc3ccc4ccccc4c3)[nH]n2)cc1
920	mol233	-12.29	COc1ccc(-c2nc3ccc(C(=O)c4c(Cl)cccc4Cl)cc3o2)cc1NC(=O)c1ccc(Oc2ccccc2)cc1
920	mol148	-12.27	COc1cc(O[C@H]2CC[N@H+](C)CC2)ccc1Nc1ncc(Cl)c(Nc2cccc(C(=O)Nc3ccccc3)c2)n1
920	mol323	-12.39	COc1ccc(-c2ccc(NC(=O)c3ccc4cccnc4c3)cc2)cc1
920	mol278	-12.13	COc1ccc(Nc2nccc(-c3ccnc(Nc4cccc(C(=O)O)c4)c3)n2)cc1
920	mol458	-13.48	C[C@@H](Oc1ccc(-c2nn(C)c3ccccc23)cc1)C(=O)Nc1ccc(-c2nn(C)nc2-c2ccccc2)cc1
920	mol78	-12.25	Cc1ccc(S(=O)(=O)Nc2cccc(-c3cccc(C(=O)c4ccc(Cl)cc4)c3)c2)cc1
920	mol433	-12.34	CC(=O)Nc1cccc(-c2cc(Nc3cccc(C(=O)NCc4ccncc4)c3)ncn2)c1
920	mol215	-12.75	CC(C)Nc1ccccc1C(=O)c1ccc(NC(=O)c2ccc(CC3CCCCC3)cc2)cc1F
920	mol475	-12.11	Cc1ccc(Oc2ccnc(Nc3ccc(C(=O)NCCCNC(=O)Nc4ccc(C(N)N)cc4)cc3)c2)cc1
920	mol330	-12.14	Cc1ccc(Oc2cccc(C(=O)Nc3cccnc3)c2)cc1NC(=O)c1ccccc1
920	mol418	-13.92	Cc1ccccc1-c1ccc(C(=O)Nc2cccc(C(=O)c3ccc4ccccc4c3)c2)cc1
920	mol138	-12.31	Cc1ccc(C(=O)Nc2ccc(Cc3ccccc3C(=O)O)cc2)cc1
920	mol329	-12.05	NC(N)c1cccc(-n2nc(C(=O)NCc3ccc4nc(Nc5ccc(F)cc5)sc4c3)cc2NC(=O)Nc2ccc(N3CCOCC3)c3ccccc23)c1
920	mol32	-12.21	Cc1cccc(-c2nc(Nc3cccc(C(=O)NCC(=O)NCCOc4cccc([N+](=O)[O-])c4)c3)ncc2Cl)c1
920	mol177	-13.56	CN(c1ccc(C(=O)NO)cc1)S(=O)(=O)c1ccc(-c2ccc(COc3ccc(N4CCOCC4)cc3)cc2)cc1
920	mol212	-12.45	Cc1ccccc1-n1cc(-c2ccc3c(c2)CCNC3=O)cn1
920	mol145	-12.2	Cc1ccc(NC(=O)c2cccc(Nc3ccc4c(c3)CC(C)(C)O4)c2)cc1
920	mol232	-12.1	CN(Cc1cnc(-c2ccc(CNC(=O)c3cc4ccccc4o3)cc2)s1)C(=O)c1ccc(-c2ccccn2)s1
920	mol166	-12.59	Cc1ccc(Nc2ncnc(Oc3cccc(-c4cccc(C(N)=O)c4)c3)n2)cc1
920	mol495	-12.56	CN(Cc1ccc(-c2ccc(CNc3ccnc(Nc4ccccc4)n3)cc2)cc1)C(=O)c1ccc(-c2cccc(C(=O)O)c2)s1
920	mol353	-12.48	CN(O)C(=O)[C@H](CC(=O)O)NC(=O)C[C@H](Cc1ccc(-c2ccccc2)cc1)NC(=O)c1cccc(NC(=O)c2cccc3ccccc23)c1
920	mol403	-12.07	COC(=O)Nc1cccc(Oc2nc(Oc3ccc(NC(=O)Cc4ccccc4)cc3)nc3[nH]ccc23)c1
920	mol381	-13.0	CC(C)(O)c1cccc(-c2ccc(-c3cc4ccc(C(N)N)cc4[nH]3)cc2)c1
920	mol180	-12.4	Cn1c(CNc2ccc(C(=O)O)cc2)cc(=O)n(Cc2ccc(-c3ccccc3)cc2)c1=O
920	mol117	-12.63	NC(=O)n1c(-c2ccc(Oc3ccc(C(N)N)cc3)cc2)cc2ccccc21
920	mol430	-12.37	Cc1ccc(-c2cccc(-c3ccc(C(=O)Oc4ccc(O)cc4)cc3)c2)cc1
920	mol9	-12.24	CN(c1ccc(-c2ccc(CC(=O)O)cc2C(=O)O)cc1)S(=O)(=O)c1ccc(C(=O)O)cc1
920	mol331	-12.31	COc1ncc(-c2ccnc(Nc3ccc(C(=O)N4CCC(NCc5ccccc5)CC4)cc3)n2)cn1
920	mol363	-12.78	Cc1c(NC(=O)c2ccc(C(=O)Nc3ccc(Oc4ccncc4)cc3)cc2)ccc(C(=O)NCc2ccc(C(=O)O)cc2)c1O
920	mol120	-12.69	CN(c1ccc(Oc2ccccc2)cc1)c1cccc(-c2nc3ccccc3n2Cc2ccccc2)c1
920	mol125	-12.79	Cc1ccc(C(=O)Nc2ccc(-c3ccc(Cn4cc(C(=O)O)nn4)cc3)cc2)cc1
920	mol219	-12.24	Cc1ccc(C(=O)Nc2ccc(-c3cc4ccccc4o3)cc2)cc1
920	mol104	-13.58	Cc1ccc(Oc2cccc(-c3ccc(-c4cccc(C(=O)N5CCC(CN)CC5)c4)cc3)c2)cc1
920	mol0	-12.93	Cn1ccc2cc(-c3cc(-c4ccc(Oc5ccccc5)cc4)nc(N)n3)ccc21
920	mol31	-12.75	CNC(=O)c1ccc(Oc2ccc(-c3cc(NC(=O)c4ccc(C(N)N)cc4)ncn3)cc2)cc1
920	mol446	-13.11	Cc1ccc(-n2nc(C(=O)c3ccccc3)cc2NC(=O)Nc2ccc(NC(=O)c3ccc(Cl)cc3)cc2)cc1
920	mol47	-12.45	Cc1cccc(-c2ccc(NC(=O)c3ccc4c(c3)OCO4)cc2)c1
920	mol392	-12.05	C[C@H](Nc1ccc(Oc2ccc(C(N)N)cc2)cc1)c1ccc(CC(=O)NO)cc1
920	mol399	-12.34	CNC(=O)c1ccc(Oc2ccc(-c3cc(-c4ccc(F)cc4)ncn3)cc2)cc1
920	mol221	-12.28	COc1cc(-c2cc(=O)c3ccccc3o2)ccc1NC(=O)c1ccccc1O
920	mol484	-12.07	CC(C)C(=O)Nc1cccc(Nc2nccc(-c3c[nH]c4ccccc34)n2)c1
920	mol431	-12.48	Cc1ccc(NC(=O)COc2ccc(C(N)N)cc2)cc1NC(=O)c1ccc(-c2ccccc2)cc1
920	mol463	-12.11	CN1C(=O)[C@H](c2ccnc(NC(=O)c3ccc4ccccc4n3)c2)COc2cc(N)ccc21
920	mol265	-13.04	COc1cc(OC)c(NC(=O)c2cccc(Oc3nccc4cccnc34)c2)cc1NC(=O)c1ccc(NC(=O)c2ccc3ccccc3n2)cc1
930	mol443	-12.89	NC(N)N1CCN(C(=O)c2ccc(C#Cc3ccc(-c4ccccc4)cc3)cc2)CC1
930	mol210	-12.39	Cc1cccc(C(=O)Nc2ccc(-c3ccc(C(=O)NC(C)(C)C)cc3)c(C)c2)c1
930	mol302	-13.28	C[C@@H](Oc1cccc(-c2nnc(-c3ccc4ncccc4c3)o2)c1)C(=O)NCc1ccc(-c2ccccc2)cc1
930	mol45	-12.48	COc1ccc(Nc2cnc(NC(=O)c3cc(C)cc(C)c3)cn2)cc1NC(=O)c1ccc(-c2ccccc2)cc1
930	mol320	-13.35	Cc1ccc(C(=O)Nc2ccc(NC(=O)c3cc4ccccc4o3)cc2)cc1-c1ccc(-c2ccccc2)cc1
930	mol155	-12.16	Cc1cccnc1-c1ccc(-c2cc(-c3ccc(F)cc3)ncn2)cc1
930	mol81	-12.65	COC(=O)Nc1ccc(-c2ccn(-c3cccc(-c4cccc(C(=O)O)c4)c3)n2)c(Cl)c1
930	mol390	-12.38	COc1cc(NC(=O)c2cccc(NC(=O)c3cccc(C)c3)c2)cc(-c2cc3nccc(Nc4cccc(C(=O)NCCC[NH+]5CCCCC5)c4)c3s2)c1
930	mol255	-12.93	COc1cccc(-c2ccc(NC(=O)c3ccc4c(C(=O)c5ccccc5)n[nH]c4c3)cc2)c1
930	mol365	-12.53	COc1ccc(-c2ccc(NC(=O)c3ccc4c(c3)CC[C@@H]4[C@H](C)C(=O)O)cc2)cc1
930	mol467	-12.93	COc1cc(-c2ccc(NC(=O)Nc3cccnc3)cc2)ccc1NC(=O)Nc1cccc(NC(=O)c2ccco2)c1
930	mol163	-12.05	CN(C)c1ccc(-c2ccc(Oc3ncc(-c4ccc(C(=O)NCc5ccccc5)cc4)c(N)n3)cc2)cc1
930	mol187	-12.85	COc1ccc(-c2ccc(C(=O)Nc3cc4cc(C)ccc4nc3O)cc2)cc1
930	mol179	-12.34	Cc1ccccc1-c1ccc(Nc2nc(N)nc(OCc3ccccc3)n2)cc1
930	mol321	-12.19	COc1ccc(O)cc1Nc1ccnc(-c2ccnc(Nc3cccc(C(N)N)c3)n2)n1
930	mol61	-13.17	CC(C)c1cccc(-c2cc(NC(=O)c3ccc4ccccc4c3)ncn2)c1
930	mol327	-12.25	C[C@@H](NC(=O)c1ccc(-c2ccncc2)cc1)c1cccc(-c2ccccc2)c1
930	mol111	-12.13	CC(=O)Nc1ccc(C(=O)Nc2ccc(C(=O)N[C@H](C)c3ccccc3)cc2)cc1
930	mol300	-12.51	Cc1ccc(C(=O)Nc2ccc(Oc3ccc(NC(=O)c4cccnc4)cc3)cc2)c(C)c1
930	mol360	-12.29	COc1ccc(CNC(=O)c2cccc(N3CCC4(CC3)OCCO4)c2)cc1NC(=O)c1ccccc1C(F)(F)F
930	mol426	-12.5	COc1ncc(-c2ccc3nc(NC(=O)c4ccc(Oc5ccccc5)cc4)ccc3c2)cc1C#N
930	mol434	-12.3	COc1cc(Nc2cc(Nc3cc[nH]n3)nn2-c2ccc(NC(=O)c3cc4ccccc4[nH]3)cc2)cc(N2CCS(=O)(=O)CC2)n1
930	mol26	-12.25	Cc1cc(Oc2ccc(-c3ncc4ccccc4n3)cc2)cc(-c2cc(C(=O)O)ccn2)c1
930	mol448	-12.43	COc1cccc(NC(=O)Nc2cc(C)ccc2C(=O)Nc2cccc(Nc3ncnc4ccccc34)c2)c1
930	mol101	-13.33	Cn1nc(-c2ccccc2)cc1-c1cccc(NC(=O)c2ccc3ccccc3c2)c1
930	mol247	-12.77	NS(=O)(=O)c1ccc(Nc2ncc(-c3cccc(C(=O)Nc4cccc(C(=O)O)c4)c3)s2)cc1
930	mol1	-12.49	CCc1ccc(-c2ccc(NC(=O)c3cc4ccccc4o3)cc2)cc1
930	mol245	-12.84	NS(=O)(=O)c1ccc(C(=O)Nc2ccc(-c3cccc4ccccc34)cc2)cc1
930	mol334	-12.34	Cc1cccc(CNC(=O)c2cc(-c3ccc(C(=O)N(C)C)cc3)cnc2N)c1
930	mol386	-12.12	Cc1ccc(C(=O)Nc2ccc(C(=O)N[C@@H](C)c3cccc(Oc4ccccc4)c3)cc2)cc1
930	mol258	-12.2	CNC(=O)CCc1cccc(-c2ccnc(Nc3cccc(OCc4ccccc4)c3)n2)c1
930	mol177	-12.57	CC(=O)Nc1ccc(-c2ccc(C(=O)Nc3cccc(S(=O)(=O)NCCc4ccccc4)c3)cc2)cc1
930	mol499	-12.12	Cc1cccc(-c2nc(-c3ccc4cc(C(=O)O)ccc4n3)c3cc(Cl)ccc3n2)c1
930	mol366	-12.69	CNc1cc(-c2cccnc2Oc2ccc(NC(=O)Nc3ccc(C(C)C)c(C(=O)O)c3)cc2)ccn1
930	mol355	-12.67	CN(c1ccc(NC(=O)c2cccc(Cn3cc(C#N)cn3)c2)cc1)S(=O)(=O)c1ccc(-c2ccccn2)cc1
930	mol180	-12.34	C#Cc1ccc(Nc2cc(-c3cccc(C(=O)Nc4cc(C)cc(C)n4)c3)ccn2)cc1
930	mol322	-12.01	Cc1cccc(-c2cc(Nc3cccc(C(=O)NCc4ccncc4)c3)ncn2)c1
930	mol453	-12.41	Cc1cccc(-c2nc(CNC(=O)c3ccc4c(c3)CC[C@@H](C)N4C(=O)Cc3ccc(C(N)N)cc3)cs2)c1
930	mol216	-12.16	Cc1ccc(C(=O)Nc2ccc(-c3ccc(NC(=O)c4ccc(Cl)cc4)s3)cc2)cc1
930	mol227	-12.12	CN(C(=O)Cc1ccc(-c2ccc(CNC(=O)c3cc4ccccc4[nH]3)s2)cc1)C1CCS(=O)(=O)CC1
930	mol430	-12.49	Cc1ccc(C(=O)Nc2cccc(-c3cc(N[C@@H](C)c4cccc(C(F)(F)F)c4)ncn3)c2)cc1
930	mol139	-12.25	Cc1c(NC(=O)c2cccc(C(C)(C)C)c2)ccc(-c2ncnc(Nc3ccccc3)n2)c1F
930	mol90	-12.08	COc1ccc(-c2ccc3c(c2)CC(=O)N3CCc2ccc(NC(=O)CCO)cc2)cc1
930	mol120	-12.03	CCNC(=O)c1ccc(Oc2ccc(NC(=O)Nc3ccc(C(N)N)cc3)cc2)cc1
930	mol142	-12.54	C[C@@H](NC(=O)c1cccc(C(=O)O)c1)c1cccc(NC(=O)c2ccc(C(N)N)cc2)c1
930	mol4	-12.03	CCc1cc(OC(C)C)cc(-c2nc(Nc3cccc(-c4cccc(C#N)c4)c3)c3ccccc3n2)c1
930	mol299	-12.93	Cc1cccc(Oc2ccc(-c3cccc(CC(=O)O)c3)cc2NC(=O)Nc2ccc(NC(=O)c3ccc(F)cc3)cc2)c1
930	mol39	-12.22	Cc1c(CNc2ccc(C(=O)O)cn2)ccc2ccc(-c3ccccc3)cc12
930	mol230	-12.01	C#Cc1cccc(-n2nnc(-c3cccc(C(=O)NCc4cccnc4)c3)c2N)c1
930	mol397	-12.38	Cc1ccc(C(=O)Nc2cccc(-c3ccc4nc(C)cc(N)c4n3)c2)cc1
930	mol17	-13.61	Cc1ccccc1NC(=O)Nc1cccc(Oc2cccc(-c3cc4cnn(C5CCCC5)c4nc3N)c2)c1
930	mol205	-12.83	COc1ccc(-c2ccc(NC(=O)c3ccc4c(C5CCCCC5)n[nH]c4c3)cc2)cc1OC
930	mol201	-12.6	COc1cc(NC(=O)c2cccc(C(F)(F)F)c2)ccc1C(=O)Nc1ccc(N2CC[NH+](C)CC2)cc1
930	mol409	-13.06	Cc1c(C(=O)Nc2ccc(Oc3ccncc3)cc2)oc2ccc(-c3ccc(S(=O)(=O)NC(=O)Cc4ccccc4)cc3)cc12
930	mol131	-12.16	Cc1cccc(Cc2cc(Oc3cccc(-c4ccccc4)c3)[nH]n2)c1
930	mol483	-12.83	Cc1ccc(NC(=O)c2ccccc2NCc2ccc(C(=O)Nc3ccc4ccccc4c3)cc2)cc1
930	mol74	-12.76	CC(=O)N[C@H](N)c1ccc(NC(=O)c2cccc(-c3ccc(Oc4cc(C)c(Cl)c(C)c4)nc3)c2)cc1
930	mol375	-12.13	Cc1cc(Nc2cc(NC(=O)c3ccc(C(=O)c4ccccc4)nc3)ccn2)ccc1C(=O)O
930	mol265	-13.21	CC(=O)Nc1cccc(-c2cccc(C(=O)Nc3cccc(-c4cccc(CO)c4)c3)c2)c1
930	mol58	-12.35	CN(Cc1ccc(OCc2ccccc2)cc1)C(=O)c1ccc(C(=O)Nc2cc(/N=C\c3ccccc3)ncn2)cc1
930	mol127	-12.58	COc1ccc(Oc2ccccc2NC(=O)Nc2cccc(Oc3ccnc4nc(N)ccc34)c2)cc1
940	mol422	-12.01	Cc1cccc(CNC(=O)Nc2ccc(Oc3ccnc4[nH]ccc34)cc2)c1
940	mol25	-13.51	CC(=O)Nc1cccc(C(=O)Nc2ccc(-c3ccc4ncnc(Nc5ccccc5)c4c3)cc2)c1
940	mol225	-13.25	CC(=O)Nc1cccc(-c2ccc(NC(=O)c3cc4ccc(Oc5ccccc5)cc4[nH]3)cc2)c1
940	mol254	-12.64	CCOc1ccc(C(=O)Nc2ccc(Nc3cc(Nc4cccc(C(=O)NS(=O)(=O)c5ccccc5)c4)ncn3)cc2)cc1
940	mol6	-12.11	COc1ccc(C(=O)Nc2ccc(Oc3ccc(Nc4nccc(C)n4)cc3)cc2)cc1S(N)(=O)=O
940	mol428	-12.15	COc1ccc(-c2cccc(C(=O)O)c2)cc1-c1ccc(C(=O)c2cc(F)cc(F)c2)cn1
940	mol289	-13.03	NC(=O)c1ccc(Oc2ccc(-c3cccc(CNc4cc5cc(C(N)N)ccc5[nH]4)c3)cc2)cc1
940	mol384	-12.06	CNC(=O)c1cccc(-c2ccc(C(=O)Nc3ccc(Oc4ccncc4)cc3)cc2C(=O)O)c1
940	mol92	-12.87	Cc1cccc(-n2nc(-c3ccccc3)cc2NC(=O)Nc2cccc([C@@H](C)Nc3nc4ccccc4[nH]3)c2)c1
940	mol459	-12.69	CCC(=O)Nc1cccc(-c2ccc(NC(=O)c3cc4ccccc4o3)cc2)c1
940	mol347	-12.86	C[C@H](Oc1ccc(-c2cnc3cnc(Nc4cccc(C(=O)NCc5ccccc5)c4)cc3n2)cc1)C(=O)NO
940	mol51	-12.31	COc1ccc(C(=O)Nc2ccc(NC(=O)c3ccc4ccccc4c3)cc2)cc1
940	mol319	-13.57	Cc1ccc(NC(=O)Nc2cccc(-c3ccc4[nH]ncc4c3)c2)cc1
940	mol61	-13.03	CN(c1ccc(-c2ncc(C(=O)O)o2)cc1)S(=O)(=O)c1ccc(-c2ccccc2)cc1
940	mol169	-12.29	CNC(=O)c1ccc(Nc2ncc(-c3cccc(CC(=O)N4CCOCC4)c3)s2)cc1
940	mol59	-12.14	CC(=O)Nc1cccc(-c2ccc(C(=O)N[C@H]3CC[N@@H+](CCc4ccccc4)CC3)cc2)c1
940	mol252	-12.54	C[C@H](Cc1cccc([C@H](NC(=O)C(F)(F)F)C(N)=O)c1)Cn1cc(-c2ccc(F)c(-c3ccccc3)c2)nn1
940	mol283	-12.07	CN(C)c1ccc(Nc2nccc(-c3ccc4ccccc4c3)n2)cc1
940	mol188	-12.82	Cc1cc(NC(=O)c2cccc(-n3cc(NC(=O)Nc4cccc(C(F)(F)F)c4)cn3)c2)ccn1
940	mol350	-12.85	Cc1ccc(-n2ncc(-c3ccc(NC(=O)[C@H]4CCc5ccccc5C4)cc3)n2)cc1
940	mol421	-12.17	CNC(=O)c1cnc(-c2cccc(C(=O)Nc3ccccc3)c2)cc1NC(=O)Nc1ccc(Nc2cccc(OC(F)(F)F)c2)nc1
940	mol318	-12.17	C[C@@H](c1ccccc1)n1cc(-c2ccc(Oc3ccc(OC(F)(F)F)cc3)cc2)c2cc(-c3cncc(Cl)c3)ccc21
940	mol91	-13.11	Cc1ccc(-n2nc(C(C)(C)C)cc2NC(=O)Nc2cccc(-c3ccnc(Nc4ccc(C(=O)O)cc4)c3)c2)cc1
940	mol434	-12.21	COc1ccc(C(=O)Nc2ccc(-c3ccc(C(=O)NC(C)C)cc3)cc2)cc1C(F)(F)F
940	mol410	-12.56	CN(O)C(=O)c1ccc(Oc2ccc(Oc3cccc(C(=O)Nc4cccc(O)c4)c3)cc2)cc1
940	mol285	-12.71	CNC(=O)c1ccc(Nc2cc3nc(-c4cccc(C(=O)NCCN=C(N)N)c4)[nH]c3cn2)cc1
940	mol78	-12.16	COc1ccc(-c2ccc(OCc3ccc(-c4cc(C(=O)O)ccn4)cc3)cc2)cc1
940	mol373	-12.61	Cc1cccc(-n2nc(C(C)(C)C)cc2NC(=O)Nc2cccc(Nc3ccnc4ccccc34)c2)c1
940	mol215	-12.29	CN(c1ccc(NC(=O)c2ccc(C(C)(C)C)cc2)cc1)S(=O)(=O)c1ccc(Oc2ccccc2)cc1
940	mol398	-12.43	Cc1cccc(C[N@H+]2CC[C@@H](NC(=O)c3ccc4[nH]nc(-c5ccccc5)c4c3)C2)c1
940	mol26	-12.13	Cc1cc(C)c(-c2nc3ccccc3c(=O)[nH]2)cc1C(=O)Nc1ccc(CC(=O)O)cc1
940	mol34	-12.65	Cn1c(Cn2cc(-c3ccc4nc(NC(=O)Cc5ccccc5)[nH]c4c3)nn2)nc2cc(Cl)ccc21
940	mol213	-12.6	CN(c1ccc(-c2ccc(C(=O)NO)cc2)cc1)S(=O)(=O)c1ccc(OCc2ccccc2)cc1
940	mol118	-12.46	Cc1cccc(CNC(=O)Nc2ccc(Nc3ccnc4cc(-c5ccc(Cl)cc5)sc34)cc2)c1
940	mol245	-12.51	CC(=O)Nc1cccc(-c2cccc(Nc3ccnc4ccccc34)c2)c1
940	mol386	-13.41	C[C@H](Oc1cc(-c2cnc(N)c(OC(F)F)c2)cnc1N)c1cc(F)cc(-c2ccc(C(=O)O)cc2)c1
940	mol370	-14.12	CC(=O)Nc1cccc(-c2n[nH]c3cc(-c4cccc(C(=O)Nc5ccnnc5)c4)ccc23)c1
940	mol303	-12.15	COc1cccc(NC(=O)Nc2ccc(-c3cc4ccccc4nc3N)cc2)c1
940	mol444	-12.36	Cc1ccc(NC(=O)c2ccc(-c3ccccc3)cc2)cc1NC(=O)c1cnn(-c2ccccc2)c1N
940	mol495	-12.26	Cc1ccc(-n2nc([C@H](N)Cc3cccc(C(=O)NCc4ccccc4)c3)cc2NC(=O)Nc2ccccc2)cc1
940	mol366	-12.25	CCC(=O)Nc1cccc(-c2cc(Nc3ccnn3-c3cccc(C(=O)c4ccccc4)c3)ncn2)c1
940	mol164	-12.64	Cc1cccc(-n2nc(C(C)(C)C)cc2NC(=O)Nc2cccc(Nc3ncnc4ccccc34)c2)c1
940	mol457	-13.11	C[C@@H](c1ccc(Oc2ccccc2)cc1)n1cc(-c2ccc(Oc3ncc(F)c(NC(=O)[C@H]4CC[N@H+](C)CC4)n3)cc2)cn1
940	mol355	-12.32	COc1ccc(Oc2cc(-c3cncc(-c4ccccc4)c3)cc(C(=O)O)n2)cc1Cl
940	mol206	-12.82	CC(=O)Nc1cccc(-c2ccc(NC(=O)c3cc4ccccc4o3)cc2)c1
940	mol174	-12.65	COC(=O)Nc1cccc(-c2ccc3c(NCc4ccc(C(=O)O)cc4)cc(=O)[nH]c3n2)c1
940	mol424	-12.85	C[C@@H](Oc1ccc(-c2ccc(C(=O)NO)nc2)cc1)C(=O)NCc1ccc(S(N)(=O)=O)cc1
940	mol208	-13.14	CS(=O)(=O)c1cccc(-c2ccc(C[C@@H](NC(=O)c3ccc4ccccc4c3)C(=O)O)cc2)c1
940	mol363	-12.63	Cc1ccc(NC(=O)Nc2ccc(Oc3ccnc(Nc4cccc(C(=O)NC5CCCC5)c4)c3)cc2)cc1
940	mol2	-12.31	Cc1ccccc1C(=O)Nc1cccc(C(=O)Nc2ccc(C(=O)NC3CCCCC3)cc2)c1
940	mol125	-12.61	Cc1cccc(CNC(=O)c2ccc(Oc3ccc(-c4ccc(C(=O)N5CCOCC5)cc4)cc3)cn2)c1
940	mol161	-12.01	COc1ccc(F)cc1NC(=O)Nc1ccc(C(=O)Nc2ncc(-c3ccccc3)s2)cc1
940	mol154	-12.05	COc1ccc(-c2ccc(=O)n(Cc3ccc(-c4ccccc4)cc3)n2)cc1
940	mol456	-12.5	Cc1nc(S(=O)(=O)Nc2ccc(-c3ccccc3)cc2)cn1Cc1ccc(-c2sccc2S(=O)(=O)NC(=O)c2cccc(NC(=O)Nc3ccccc3)c2)cc1
940	mol0	-12.14	CNc1cccc(-c2ccc(C[C@H](NC(=O)c3cccc(C(C)(C)C)c3)C(=O)O)cc2)c1
940	mol369	-12.77	NS(=O)(=O)c1ccc(NC(=O)c2ccc(Oc3ccc(Nc4ncnc5ccccc45)cc3)cc2)cc1
940	mol107	-12.57	Cc1ccc(C(=O)Nc2ccc(S(O)(O)O)c3ccccc23)cc1NC(=O)c1ccccc1C(=O)O
940	mol368	-12.01	COc1ccc(Cn2nc(-c3ccc4cc(Oc5ccccc5)ccc4c3)cc2C(N)=O)cc1
940	mol436	-12.42	Cc1ccc(-c2cccc(C(=O)c3ccc([N+](=O)[O-])cc3)c2CO)cc1
940	mol98	-12.47	COc1ccccc1NC(=O)Nc1cccc(-c2nnc(-c3ccc4[nH]ncc4c3)o2)c1
940	mol248	-12.1	C=CCNc1cc(-c2cccc(NC(=O)Nc3ccc(C(C)C)cc3)c2)ccn1
940	mol246	-12.1	Cc1ccc(C(=O)Nc2ccc(C(=O)O)cc2)cc1Nc1nccc(-c2cccnc2)n1
940	mol460	-13.42	Cc1cccc(C(=O)Nc2ccc(Nc3ccnc4cc(-c5ccccc5)ccc34)cc2)c1
940	mol116	-12.82	CN(c1cccc(-c2ccc(C(=O)O)cc2)c1)S(=O)(=O)c1ccc(-c2cncnc2)cc1
950	mol442	-12.06	Cc1ccc(NC(=O)c2ccc(-c3ccc(C(=O)O)cc3)o2)cc1NC(=O)c1ccc(Cl)cc1
950	mol302	-13.09	CN(Cc1ccc(C(=O)O)cc1)Cc1cccc(/C=C2\C(=O)Nc3ccc(S(N)(=O)=O)cc3C2=O)c1
950	mol428	-12.44	CNc1ccccc1NC(=O)Nc1cccc(S(=O)(=O)Nc2ccc([C@@H](O)c3ccccc3)cc2)c1
950	mol289	-12.04	Cc1cn(CCNC(=O)Nc2cccc(-c3cncc(C(=O)c4ccccc4)c3)c2)cn1
950	mol193	-12.97	Cc1ccccc1-c1ccc(C(=O)Nc2ccc(Oc3ccncc3)cc2)cc1
950	mol264	-12.25	CNC(=O)c1cccc(Nc2nccc(-c3c[nH]c4ccccc34)n2)c1
950	mol320	-12.68	C[C@@H](NS(=O)(=O)CC(F)(F)F)c1cccc(-c2ccc(NC(=O)c3cc4ccccc4o3)cc2)c1
950	mol186	-12.32	Nc1ccc(-c2cccc(COc3ccc(-c4ccccc4)cc3)c2)cn1
950	mol365	-12.03	Cc1cc(C(=O)Nc2cncc(C(=O)c3cccnc3)c2)cc(-c2ccc(F)cc2)c1
950	mol24	-13.12	Cc1cc(-c2cccc(C(=O)O)c2)ccc1Nc1nccc(-c2cccnc2)n1
950	mol112	-12.24	CNC(=O)Nc1cccc(Oc2nccc(Oc3cccc(NC(=O)c4ccccc4OC)c3)n2)c1
950	mol385	-12.61	COc1ccc(Oc2ccc(-c3ccc(-c4ncc(CCC(=O)O)nc4C(F)(F)F)cc3)cn2)c2[nH]ccc12
950	mol69	-14.18	CN(Cc1cccc(-c2ccc(C(N)N)cc2)c1)S(=O)(=O)c1ccc(-c2ccc(Oc3ccc4ccccc4n3)cc2)cc1
950	mol321	-12.36	C[C@@H](c1ccc(Cl)cc1)c1cc(C(=O)Nc2cccc(C(=O)NC(C)(C)C)c2)ccc1O
950	mol207	-12.15	Cc1ccccc1-c1cccc(CSc2cccc(NC(=O)c3cccnc3)c2)c1
950	mol427	-12.11	Cc1ccc(-c2cc(=O)n(-c3ccc(C(=O)NCc4ccccc4)cc3)s2)cc1
950	mol60	-12.4	CN(C(=O)c1ccc(Nc2ncc(-c3ccc(F)c(CO)c3)cc2N)cc1)[C@H](CO)c1cccc(C(F)(F)F)c1
950	mol240	-12.85	O[C@@H]1CO[C@H](Oc2ccc(-c3ccc4nc(-c5ccccc5)ccc4c3)cc2)C1
950	mol445	-12.24	Cc1ccccc1-c1ccc(C(=O)n2nnc3ccccc32)cc1
950	mol136	-12.8	Cc1cc(N)c2cc(Oc3ccc(NC(=O)c4cccc(N)c4)cc3)ccc2n1
950	mol252	-12.16	CCc1ccc(Nc2ncnc(-c3cccc(NC(=O)c4ccccc4)c3)n2)cc1
950	mol300	-12.09	Cn1cc(-c2ccc(C#N)cc2)cc1C(=O)Nc1ccn(-c2ccccc2)n1
950	mol196	-12.8	CC(=O)Nc1cccc(-c2ccc(NC(=O)c3cc4ccccc4o3)cc2)c1
950	mol242	-12.38	CS(=O)(=O)Nc1ccccc1-c1ccc(NC(=O)c2ccc(C(=O)c3ccccc3)cc2)cc1
950	mol421	-12.21	COc1ccc(Nc2nccc(-c3ccnc(Nc4cccc(C(N)=O)c4)c3)n2)cc1Cl
950	mol102	-12.5	CC(=O)Nc1cccc(Nc2nc(Nc3ccc(NC(=O)c4ccccc4)cc3)nc3ccccc23)c1
950	mol185	-12.73	COC(=O)Nc1ccc(NC(=O)Nc2ccc(Oc3ccc(-c4nccc(C)n4)cc3)cc2)cc1
950	mol253	-12.27	Cc1ccc(-c2ccc(Oc3ncc(C(=O)Nc4cccc(C(=O)O)c4)s3)cc2)cc1
950	mol64	-12.26	CCN(C(=O)c1ccc(OCc2ccc(C(=O)O)cc2)cc1)c1cccc(-c2ccc(C(=O)O)cc2)c1
950	mol249	-12.73	COc1ccc(-c2ccc(Oc3cccc(-c4cccc(C(=O)O)c4)c3)cc2)cc1
950	mol274	-12.77	COc1cccc(CNC(=O)c2ccc(-c3cnccc3COc3ccc(C)c(C(N)=O)c3)c3ccccc23)c1
950	mol434	-13.87	Cc1ccc(Oc2ccc(-c3ccc(O)c(F)c3)cc2)cc1NC(=O)c1cccc2ccccc12
950	mol410	-12.02	Cc1ccccc1-n1c(-c2ncc(C(=O)Nc3cccc(Oc4ccccc4)c3)s2)nc2ccccc21
950	mol228	-12.85	CN(c1cccc(CNC(=O)c2ccc(C#N)cc2)c1)c1ccc2c(c1)CCC[C@H]2CSc1ccc(NC(=O)Cc2c[nH]c3ccccc23)cc1
950	mol307	-12.87	CS(=O)(=O)c1ccc(-c2cc(-c3cccc(-c4ccccc4)c3)ncn2)cc1
950	mol34	-12.21	Cc1ccc(C[C@H](Cc2cccc(C(=O)Nc3ccc4ccccc4c3)c2)C(=O)O)cc1
950	mol144	-13.0	c1ccc(Cc2ccc(-c3cccc(-c4ccc5ccccc5n4)c3)cc2)nc1
950	mol332	-12.76	Cc1c(Cl)cccc1NC(=O)Nc1ccc(Oc2ccnc(Nc3ccc(Cc4cccnc4)cc3)c2)cc1
950	mol286	-13.6	[H][P@TB3](O)(O)(O[PH](O)(O)O)O[PH](O)(O)[C@](O)(Cc1cccc(-c2cccc(-c3ccccn3)c2)c1)[PH](O)(O)O
950	mol177	-12.25	COc1cccc(-c2cccc(C(=O)Nc3cccc(-c4ccccc4)c3)c2)c1
950	mol457	-12.65	CC(=O)Nc1cccc(-c2cc(-c3cccc(-c4ccccc4)c3O)ncn2)c1
950	mol361	-13.55	Cc1cccc(NC(=O)Nc2cccc(Nc3ccnc4ccccc34)c2)c1F
950	mol314	-12.21	Cc1ccc(C(=O)Nc2ccc(Nc3ccnc4cc(NC(=O)C5CC5)ccc34)cc2)cc1
950	mol382	-12.34	Cc1cc(NC(=O)CCc2nc(-c3cccc(C(=O)NCc4ccccc4CO)c3)nc3ccccc23)ccn1
950	mol38	-14.56	CCc1cc([C@@H](O)c2ccc(O)cc2)cc(N2CCC[C@H](CNC(=O)c3ccc4nc(C)cc(C)c4c3)C2=O)c1
950	mol498	-12.03	C[NH+]1CCN(c2ccc(-c3ccnc(Nc4ccc(OCc5ccccc5)cc4)n3)cc2)CC1
950	mol394	-12.04	COc1ccccc1N1CCN(S(=O)(=O)c2cccc(Nc3nc4ccc(C(C)C)cc4n3Cc3ccccc3)c2)CC1
950	mol198	-12.11	COc1cccc(OCc2cccc(C(=O)Nc3ccc(Oc4ncccc4C(F)(F)F)cc3)c2)c1
950	mol227	-12.31	Cc1ccccc1NC(=O)c1cccc(CNS(=O)(=O)c2cccc(C(=O)NCc3ccncc3)c2)c1
950	mol90	-12.81	Cc1ccc(C(=O)Nc2ccc(-c3ccc4ccccc4n3)cc2)cc1
950	mol441	-12.64	COc1ccc(-c2ccc(NCc3cccc(C(=O)Nc4cccc(C(=O)O)c4)c3)cc2)cc1
950	mol262	-13.07	CNC(=O)c1ccc(Oc2cccc(-c3ccc(-c4ccc(C(=O)O)cn4)cc3C)c2)cc1
950	mol299	-12.2	CC[N@H+]1CC[C@@H](c2cc(Nc3ncnc4ccc(-c5cccnc5)cc34)ccc2C)CC1
950	mol280	-12.19	Cc1cccc(Cc2cc(=O)c3ccc(OCc4ccccc4)cc3o2)c1
950	mol3	-12.7	COc1ccc(C(=O)Nc2ccc(-c3ccc4cc(C(=O)O)ccc4n3)cc2)cc1OC
950	mol178	-12.86	CNC(=O)c1ccc(Nc2ncc(-c3cccc(C(=O)Nc4cccc(C(=O)O)c4)c3)s2)cc1
950	mol201	-12.49	Cc1cccc(-c2nc(Nc3cccc(C(=O)c4ccccc4)c3)ncc2O)c1
950	mol436	-12.1	Cc1cc(C)cc(Nc2cccc(-c3nc4cc(C(N)N)ccc4[nH]3)c2)c1
950	mol463	-12.88	CC(=O)Nc1cccc(-c2ccc(NC(=O)c3cc4ccccc4o3)cc2)c1
950	mol23	-12.06	Cn1cc(-c2ccccc2)c(-c2ccc(Oc3ccc(Oc4ccccc4)cc3)cc2)n1
950	mol277	-12.8	COc1cccc(-c2cccc(-c3cccc(OCc4cccc(C(=O)O)c4)c3)c2)c1
950	mol465	-13.14	CNC(=O)c1cccc(Cn2cc(-c3cc(NC(=O)c4cccc(C(F)(F)F)c4)cc(C(F)(F)F)c3)nn2)c1
960	mol442	-12.04	Cc1nc(C)c(-c2ccc(C(=O)Nc3ccc(Oc4ncccc4C)cc3)cc2)s1
960	mol284	-12.1	CCC(=O)Nc1cccc(-c2cccc(-c3cccc(C(=O)O)c3)c2)c1
960	mol81	-12.17	CNc1cccc(-c2cc3cc(Nc4ccnc(C5CCCC5)n4)ccc3[nH]2)c1
960	mol470	-12.64	Cc1cccc(-c2nc(Nc3cccc(C(=O)NCc4ccccc4)c3)c3ccccc3n2)c1
960	mol467	-12.57	CNC(=O)c1ccc(Oc2ccc(-c3ccc4cc(C(N)N)ccc4c3)cc2)cc1
960	mol319	-12.03	Cc1cc(Nc2cnc(NCCCc3ccc(Cl)c(Cl)c3)nc2)cc(-c2cnc3[nH]ccc3n2)n1
960	mol67	-12.94	Cc1cccc(-n2nc(C(=O)O)cc2NC(=O)Nc2ccc(Sc3cccc(-c4nn[nH]c4-c4ccccc4)c3)cc2)c1
960	mol199	-12.34	COc1cc(-c2ccccc2)ccc1-c1ccc(O)c(-c2cccc(C(=O)O)c2)c1
960	mol69	-12.47	NC(=O)c1cccc(-c2ccc(C(=O)Nc3ccccc3C(=O)O)cc2)c1
960	mol349	-13.0	COc1cccc(Nc2cccc(-c3cccc(C(=O)c4ccccc4)c3)c2)c1
960	mol207	-12.84	CN(Cc1ccc(-c2ccc(C(=O)O)cc2)cc1)S(=O)(=O)c1ccc(Nc2cc(Nc3cccc(OC(F)(F)F)c3)ncn2)cc1
960	mol427	-12.31	Cc1ccc(-c2nc(N)nc(Nc3ccc(Oc4ccccc4)cc3)n2)cc1
960	mol61	-12.64	CN(Cc1cnc2nc(N)nc(N)c2c1)c1ccc(C(=O)Nc2ccc(NC(=O)c3ccccc3)cc2)cc1
960	mol281	-12.21	Cc1ccc(-c2ccc(CNC(=O)c3ccc(C)c(Oc4ccnc(Nc5ccccc5)c4)c3)cc2)cc1
960	mol102	-12.58	Cc1ccc(-n2nc(C(=O)NCCc3ccccc3)cc2NC(=O)N2Cc3ccc(-c4ncccc4C(F)(F)F)cc3C2)cc1
960	mol419	-12.11	Cc1cccc(-c2ncc(C(=O)Nc3cccc(-c4cccnc4)c3)[nH]2)c1
960	mol396	-12.5	COc1ccc(Oc2ccc(-c3cnn4cc(C(=O)NCc5ccccc5)cnc34)cc2)cc1
960	mol318	-13.07	Cc1ccc(-c2ncc(-c3cccc(C(=O)Nc4cccc(O)c4)c3)[nH]2)cc1
960	mol195	-12.54	Cc1noc(C)c1-c1ccc(C(=O)Nc2cccc(Nc3ncnc4ccccc34)c2)cc1
960	mol360	-12.36	Cc1ccccc1-c1ccc(C[C@H](C)Nc2ccnc(Nc3cccc(C(=O)NCC[NH+]4CCCC4)c3)n2)cc1
960	mol274	-12.02	Cc1cccc(Oc2ccc(NC(=O)c3cccc(C(=O)O)c3)cc2Cl)c1
960	mol482	-12.68	CN(c1ccc2c(c1)CCC[C@H]2CCc1nc(-c2cccc(C(=O)O)c2)oc1CCc1ccccc1)c1ncccc1Cc1ccccc1
960	mol268	-12.19	COc1ccccc1NC(=O)Nc1cccc(-c2nnc(-c3ccc4c(c3)OCO4)o2)c1
960	mol323	-12.8	Cc1c(NC(=O)c2cccc(-n3cccn3)c2)cccc1-c1nc(Nc2ccc(C(=O)NCCNC(N)N)cc2)ncc1F
960	mol416	-12.06	Cc1ccc(F)c(CNC(=O)c2ccc3nc(-c4ccccc4)oc3c2)c1
960	mol213	-12.48	Cc1cc(Nc2cc(N)ncn2)ccc1C(=O)Nc1ccc(-c2ncc(C(=O)O)s2)cc1
960	mol144	-12.02	CCC(=O)Nc1cccc(S(=O)(=O)Nc2cccc(-c3nnc(-c4cccc(C(F)(F)F)c4)o3)c2)c1
960	mol56	-13.03	Cc1ccc(NC(=O)c2ccccc2NC(=O)c2cccc(-c3ccccc3)c2)cc1Cc1nccc2cccnc12
960	mol333	-12.46	NC(=O)n1ccc2cc(N3CCOCC3)c(NC(=O)c3ccc4cc(Oc5ccccc5)ccc4c3)cc21
960	mol247	-12.31	COc1ccc(-c2ccccc2)cc1S(=O)(=O)Nc1ccc(C(=O)/C=C/c2cccc(C(=O)O)c2)cc1
960	mol200	-13.25	Cc1cc(Oc2ccc(-c3ccc(OCc4ccccc4)cc3)cc2C(=O)O)ccc1-c1ccc(C(=O)c2cccc(C(=O)O)c2)cc1
960	mol245	-12.26	CNC(=O)c1cccc(C)c1Nc1ncc(Oc2ccc(C(=O)NCc3cccnc3)cc2C(C)C)cn1
960	mol271	-12.13	COc1cccc(-c2nc(-c3cccc(Cl)c3)c(-c3ccc(C(=O)NCCc4ccccc4)cc3)o2)c1
960	mol177	-12.28	COc1cccc(Nc2ncnc(-c3cccc(-c4ccccc4)c3)n2)c1
960	mol435	-12.3	Cc1ccc(C[NH+]2CCN(c3ccc(C(=O)Nc4cccc(Oc5ccccc5)c4)cc3)CC2)cc1
960	mol190	-12.03	Cc1cccc(CNc2cccc(-c3cccc(CNC(=O)CCCc4ccccc4)c3)c2)c1
960	mol44	-12.65	Cc1cccc(-n2nc(C(=O)O)cc2NC(=O)c2cccc(Nc3ccnc4ccccc34)c2)c1
960	mol174	-12.46	Cc1cccc(-c2ncc(NCc3cc4nc(O)ccc4[nH]3)c3ccccc23)c1
960	mol11	-13.65	Cc1ccc(C(=O)Nc2cccc(C(F)(F)F)c2)cc1-c1ccc2c(-c3ccccc3)nncc2c1
960	mol93	-12.74	Cc1ccccc1-c1ccc(-n2cc(-c3ccc(C(=O)N[C@@H](C)C(=O)O)cc3)nn2)cc1
960	mol83	-12.07	Cc1ccc(-n2nc(C(C)(C)C)cc2NC(=O)Nc2cccc(Cc3n[nH]c(=O)c4ccccc34)c2)cc1
960	mol178	-12.2	COc1cc(-c2cccc(N)c2)c2ncc(-c3cccc(C(=O)N[C@@H](C)c4ccccc4)c3)cc2c1
960	mol119	-12.27	Cc1ccc(CNC(=O)c2cccc(Cn3cc(C(N)N)c4ccccc43)c2)cc1
960	mol221	-12.21	CNC(=O)c1ccc(C#Cc2ccc(OCc3ccc(C(=O)NCc4ccccc4)cc3)cn2)cc1
960	mol305	-12.16	CCc1cc(-c2cc(-c3cccc(CC(=O)O)c3)ccn2)cc(C)c1OCc1cccc(CO)c1
960	mol279	-12.15	Cc1cccc(/C=N/[NH+]2CCN(c3ccc(O)c(C(=O)Nc4cccc(Cl)c4)c3)CC2)c1O
970	mol210	-13.18	Cc1ccc(C(=O)O)c(NC(=O)c2cccc(-c3cccc(C(=O)NCc4ccccc4)c3)c2)c1
970	mol324	-12.44	Cc1ccc(C(=O)Nc2ccc(Oc3ccc(C(=O)N[C@@H](C)c4ccccc4)cc3)cc2)cc1
970	mol289	-12.52	CC(=O)Nc1cccc(-c2ccc(C(=O)c3cccc(NS(=O)(=O)c4cccc(C(=O)O)c4)c3)cc2)c1
970	mol423	-12.2	Cc1cccc(CNc2ccc(C(=O)Nc3ccc4ncccc4c3)nn2)c1
970	mol108	-12.02	CCCc1cccc(OCc2cccc(-c3ccc4cccnc4c3)c2)c1
970	mol477	-12.04	Cc1cccc(CNC(=O)c2cc(C(=O)Nc3cccc(C(=O)NCc4ccccc4)c3)ccn2)c1
970	mol92	-12.04	Cc1ccc(Oc2ccc(-c3cc(-c4ccc(O)cc4)ncn3)cc2)cc1
970	mol367	-12.08	CC(=O)Nc1cccc(-c2ccc(Oc3ccc(-c4nc(C(C)C)cn4Cc4ccccc4)cc3)cc2)c1
970	mol45	-14.13	CC(=O)Nc1cnc(Nc2ccc(NC(=O)c3cccc4c(-c5ccc(C(=O)O)cc5)cccc34)cc2)s1
970	mol338	-12.67	Cc1ccccc1-c1cccc(C(=O)Nc2cccc(Oc3ccccc3)c2)c1
970	mol179	-12.51	Cc1cccc(CCC(=O)Nc2ccc(-c3ccc(C(=O)O)cc3)cc2)c1
970	mol313	-12.42	Cc1ccccc1-c1cccc(Cn2nc(C(=O)O)cc2-c2cccc(NC(=O)c3ccc4ccccc4n3)c2)c1
970	mol189	-12.21	Cc1cc(-c2ccc(S(=O)(=O)c3ccccc3)cc2)cc(C)c1OCc1cccc(C(=O)O)c1
970	mol159	-12.59	NC(N)c1cccc(-c2ccc(C#Cc3ccc([C@H](CCC(=O)O)C(=O)O)cc3)cc2)c1
970	mol168	-12.33	NC(=O)c1ccccc1Nc1ccc(NC(=O)c2ccc(C(=O)Nc3cccc(OC(F)(F)F)c3)cc2)cc1
970	mol449	-12.86	COc1cccc(-c2ccc(Oc3ccc(-c4cncc(-c5ccccc5)n4)cc3)cc2)c1
970	mol283	-12.11	COc1ccc(Nc2cc(-c3cccc(C(=O)c4ccccc4)c3)ncn2)cc1
970	mol419	-12.29	Cc1cccc(CNc2ccc(C(=O)c3ccccc3NC(=O)c3cccc4ccccc34)cc2)c1
970	mol146	-12.25	Cc1cccc(N2C(=O)c3c4sc5c3/C2=N\N=N/N4CCCC5)c1
970	mol412	-12.96	Oc1ccc(-c2ccc(O)c(Cc3ccc(-c4ccccc4)cc3)c2)cc1
970	mol357	-12.58	Cc1ccc(C(N)=O)cc1-c1ccc(C(=O)c2cc3ccccc3o2)cc1
970	mol115	-12.47	Cc1cccc(-n2nc(-c3ccc(Oc4ccccc4N)cc3)cc2NC(=O)Nc2ccc(C[NH+]3CCOCC3)cc2)c1
970	mol204	-12.13	COc1ncc(-c2ccc(C(=O)NCc3ccncc3)cc2)cc1Nc1ccnc(-c2cccnc2)n1
970	mol404	-12.8	Cc1cccc(CNc2ccc(C(=O)Nc3cc4ccccc4cc3C(=O)O)cc2)c1
970	mol268	-12.74	Cc1ccc(NC(=O)c2cccc(-c3ccccc3)c2)cc1NC(=O)c1ccc(F)cc1
970	mol278	-12.52	Cc1ccc(-c2ccc(S(=O)(=O)Nc3cccc(Oc4ccccc4)c3)cc2)cc1
970	mol317	-12.31	CC(=O)Nc1cccc(Oc2cc(Nc3cccc(-c4ccccc4)c3)ccn2)c1
970	mol63	-12.21	Cc1ccc(C(=O)c2cccc(OCc3nc(=O)c4ccccc4[nH]3)c2)cc1
970	mol475	-12.75	CC(C)c1ccc(C(=O)Nc2cccc(Oc3ccc(NC(=O)c4cccc(C(=O)O)c4)cc3)c2)cc1
970	mol217	-12.91	Cc1cccc(-n2nc(C(=O)Nc3cccc(OC(=O)Nc4ccccc4)c3)c3ccccc32)c1
970	mol341	-12.01	Cc1ccc(C(=O)Nc2cccc(-c3ccc(N(C)c4ccccc4)cc3)c2)cc1
970	mol118	-12.29	Cc1ccc(C(=O)Nc2ccc(Nc3nc(-c4ccc(C(C)(C)C)cc4)c4ccccc4n3)cc2)cc1
970	mol334	-12.46	CNC(=O)/C=C\c1cccc(Oc2ccc(-c3ccc4ccncc4c3)cc2)c1
970	mol271	-12.3	Cc1cccc(-c2nc(Nc3ccc(C(=O)N4CCOCC4)cc3)ncc2F)c1
970	mol469	-13.32	Cc1ccc(C(=O)Nc2ccc(Cl)c(C(F)(F)F)c2)cc1-c1ccc(Cc2ccc(F)c(C(F)(F)[NH+](C)C)c2)nc1
970	mol177	-13.9	Cc1cc(C(=O)c2cccc(O)c2)ccc1-c1ccc2c(-c3ccc(OCc4ccncc4)cc3)ccnc2c1
970	mol105	-13.16	CNC(=O)c1ccc(-c2cccc(C(=O)Nc3cccc(-c4ccccc4)c3)c2)cc1
970	mol353	-12.09	COc1ccccc1COc1cncc(-c2ccnc(Nc3ccc(-c4ccncc4)cc3)n2)c1
970	mol489	-12.43	Cc1cccc(CNc2cc(Nc3cccc(-c4nc5ccccc5[nH]4)c3)ccn2)c1
970	mol95	-12.97	Cc1ccc(C(=O)Nc2ccc(Oc3ccc(-c4nc5ccccc5[nH]4)cc3)cc2)cc1
970	mol361	-12.5	Cc1ccc(C(=O)Nc2ccc(Oc3ccc4ncccc4c3)cc2)cc1
970	mol129	-12.27	CC(C)Cc1ccc(-c2c(COc3ccc(C(=O)c4ccc(O)cc4)nc3)[nH]c3ncc(-c4cccc(O)c4)cc23)cc1
970	mol494	-13.09	COc1cccc(-c2ccc(NC(=O)c3ccc4cc(C[NH+]5CCOCC5)ccc4n3)cc2)c1
970	mol174	-12.69	Cc1ccc(-c2ccc(NC(=O)c3cccc(Cc4ccccc4)c3)cc2)cc1
970	mol411	-12.34	CN(C)c1ccc(-c2ccc(Nc3cccc4ccccc34)cc2)cc1
970	mol424	-13.65	NC(=O)c1cccc(C(=O)Nc2cccc(-c3cccc(-c4ccccc4)c3)c2)c1
970	mol142	-12.41	COc1ccc(-c2ccc(O)c(O)c2)cc1NS(=O)(=O)c1ccc(-c2ccc(C(=O)O)cc2)cc1
970	mol66	-12.17	Cc1ccccc1-c1cc(Oc2cccnc2)ccc1C(=O)Nc1ccc(C(=O)c2ccccc2)cc1
970	mol161	-12.04	Cc1cccc(Oc2nc(Nc3ccc([SH](N)(=O)Cc4ccccc4)cc3)nc3[nH]cnc23)c1
970	mol496	-12.25	Cc1cccc(C(=O)Nc2cccc(-c3cccc(OCc4ccccc4)c3)c2)c1
970	mol3	-13.14	COc1cccc(Nc2cccc(-c3cccc(C(=O)Nc4cccc(C(=O)O)c4)c3)c2)c1
970	mol356	-12.92	Cn1cc(-c2ccc(Cn3ccc(Nc4cc(-c5ccccc5Cl)ccn4)nc3=O)cc2)cn1
970	mol201	-12.54	CC(=O)Nc1cccc(-c2cccc(Nc3ccnc4ccccc34)c2)c1
970	mol431	-12.07	COc1cccc(-c2cccc(-c3ccnc(N[C@H](C)c4ccccc4)c3)c2)c1
970	mol137	-12.02	COc1ccc(Nc2ncc(-c3cccc(C(=O)Nc4cccc(C(=O)O)c4)c3)s2)cc1
970	mol486	-12.1	Cc1ccccc1-c1ccc(-c2ncc(-c3ccc(C(=O)N(C)C)cc3)[nH]2)cc1
970	mol460	-12.41	COc1cccc(-c2cccc(CCc3nc(Nc4ccccc4C)[nH]c(=O)c3F)c2)c1
980	mol443	-12.62	Cc1ccc(NS(=O)(=O)c2ccc(-c3ccc(C(=O)O)cc3)cc2)cc1C
980	mol442	-12.32	Cc1ccc(C(=O)Nc2cccc(C(F)(F)F)c2)cc1C#Cc1ccc(-c2cnc(N)nc2)cc1
980	mol225	-13.13	Cc1ccc(Nc2ccc(NC(=O)c3ccc(C(=O)NCc4ccccc4)cc3)cc2)cc1Nc1ncccc1-c1ccncn1
980	mol10	-12.55	COc1ccc(CC(=O)Nc2cccc(-c3cnc4ccccc4c3)c2)cc1OC
980	mol156	-12.65	Cc1ccc(-n2nc(C(C)(C)C)cc2NC(=O)Nc2cccc(C(=O)c3c[nH]c4ccccc34)c2)cc1
980	mol84	-12.19	Cc1ccc(C(=O)Nc2ccc(Oc3ccnc(NC(=O)c4ccccc4)c3)cc2)cc1
980	mol6	-12.46	Cc1ccccc1-c1cccc(C(=O)O)c1NS(=O)(=O)c1ccc(-c2cccc(CNC(=O)c3cccc(C#N)c3)c2)cc1
980	mol153	-12.86	Cc1cn(Cc2cccc(F)c2)c2cc(NC(=O)c3ccc(-c4cccc(C(N)=O)c4)s3)ccc12
980	mol301	-13.84	Cn1c(-c2ccc(C(=O)Nc3ccc4nc(NC(=O)C5CC5)ccc4c3)cc2)cc2cc(OCc3ccccc3)ccc21
980	mol186	-13.89	COc1cccc(-c2ccc(-c3ccc(-c4nc5cc(C(N)N)ccc5[nH]4)cc3)cc2)c1
980	mol69	-12.46	CS(=O)(=O)c1cccc(-c2c[nH]c([C@H](O)c3ccc(Cl)c(C(=O)Nc4ccccc4)c3)n2)c1
980	mol132	-12.52	Cc1ccc(CO)cc1NC(=O)c1ccc(-c2cccc(C(=O)O)c2)cc1
980	mol345	-12.17	COc1ccccc1-c1cc(Nc2cccc(C(=O)Nc3ncc(C(=O)NCCO)cc3F)c2)ncn1
980	mol313	-12.91	Cc1ccc(Oc2ccc(NC(=O)c3cccc4ccccc34)cc2)cc1
980	mol60	-13.44	Cc1ccc(C(=O)Nc2cccc(C(C)C)c2)cc1NC(=O)c1ccc(-c2ccccc2)cc1
980	mol159	-12.19	COc1cc(-c2nccc(-c3cccc(C(=O)Nc4ccc(OC(F)F)cc4)c3)n2)ccc1OCc1cccnc1
980	mol5	-12.66	Cc1nc(Nc2cccc(CC(=O)O)n2)cc(Nc2ncc(-c3cccc(C(=O)NCc4ccccc4)c3)s2)n1
980	mol188	-12.48	C[C@H](NC(=O)c1ccc(NC(=O)c2ccc(C(=O)c3ccccc3)cc2)cc1)C(=O)NO
980	mol393	-12.36	Cc1ccc(C(=O)Nc2cccc(C(N)=O)c2)cc1Nc1nccc(-c2cccnc2)n1
980	mol250	-12.23	COc1ccc(-c2ccc(S(=O)(=O)C[C@@H](C)NC(=O)c3ccc4ccccc4c3)cc2)cc1
980	mol64	-12.62	Cc1cccc(-n2nc(C(=O)NCc3ccccc3)cc2NC(=O)Nc2ccc(S(=O)(=O)Nc3ccccc3)cc2)c1
980	mol13	-12.68	Cc1ccc(C(=O)Nc2ccc(Oc3ccccc3)cc2)cc1Nc1ccnc(Nc2cccc(C(=O)O)c2)n1
980	mol339	-12.58	COc1cccc(CC(=O)Nc2cccc(-c3ccc4nc(NC(=O)C5CCOCC5)sc4n3)c2)c1
980	mol282	-12.18	Cc1ccc(-n2nc(C(=O)NCc3cccc(C(F)(F)F)c3)cc2NC(=O)Nc2ccc(-c3ccncc3)cc2)cc1
980	mol398	-12.57	CC(=O)Nc1cccc(-c2ccnc(Nc3ccc(Oc4ncccc4Cl)c(C(=O)Nc4ccccc4)c3)n2)c1
980	mol330	-12.13	[H]/N=C\c1ccc(Oc2ccc(Oc3ccc(NC(=O)c4cccc(C(=O)O)c4)cc3)cc2)cc1
980	mol40	-13.4	Cc1ccc(C(=O)NC2CC2)cc1-c1ccc(-c2cnc(Nc3ccc(Oc4ccccc4)cc3)nc2)cc1
980	mol138	-12.62	Cc1cccc(-n2nc(-c3cccc(C(=O)Nc4cccc(OC(F)(F)F)c4)c3)cc2NC(=O)Nc2cccc(S(N)(=O)=O)c2)c1
980	mol303	-12.57	Cc1ccc(Nc2cccc(C(=O)O)c2)cc1-c1ccc(-c2ccc(C(=O)O)cc2)cc1
980	mol293	-12.05	Cc1ccc(C(=O)Nc2ccc(NC(=O)c3ccc(C(N)N)cc3)cc2)cc1
980	mol444	-12.17	Cc1cccc(Cn2nc(-c3ccc(Oc4ccccc4)cc3)cc2NC(=O)Nc2cccc(C(N)N)c2)c1
980	mol353	-12.63	Cc1cccc(-n2nc(C(C)(C)C)cc2NC(=O)Nc2cccc(Nc3ccnc4ccccc34)c2)c1
980	mol381	-12.08	COc1ccc(-c2cccnc2)cc1NC(=O)c1ccc(-c2cccc([C@H](N)C[NH+]3CCCCC3)c2)cc1
980	mol292	-12.37	COC(=O)c1ccc(-c2ccccc2OCc2cccc(C(=O)Nc3ccc4ncccc4c3)c2)cc1
980	mol117	-12.26	C#Cc1cc(Oc2ccc(Oc3cccc(-c4cc5ccccc5nc4N)c3)cc2)ccc1C(=O)O
980	mol174	-14.03	Cc1cccc(-c2cccc(-c3cccc(NC(=O)c4cccc(C(=O)O)c4)c3)c2)c1
980	mol227	-12.39	Cn1cccc1C(=O)Nc1cccc(-c2cnc(Nc3ccc(Oc4ccccc4)cc3)nc2)c1
980	mol11	-12.79	COc1ccc(-c2ccc(C(=O)Nc3cccc(Oc4cccc(C(=O)O)c4)c3)cc2)cc1
980	mol90	-12.08	Cc1cccc(-c2nc(CNC(=O)c3ccc4ccccc4c3)co2)c1
980	mol363	-13.42	Cc1ccc(NC(=O)c2ccc(Nc3nccc(-c4c[nH]c5ccccc45)n3)cc2)cc1C(=O)O
980	mol257	-12.64	Cc1ccccc1-c1ccc(C(=O)Nc2cccc(-c3ccccc3)c2)[nH]1
980	mol161	-12.41	CC(=O)Nc1cccc(-c2cccc(C(=O)Nc3ccc(Oc4ccncc4)cc3)c2)c1
980	mol219	-13.07	Cc1ccc(C(=O)Nc2ccc(-c3c[nH]c4ncc(-c5ccccc5)cc34)cc2)cc1
980	mol456	-12.51	Cc1cccc(CCNC(=O)c2ccc(-c3cc(N)ccc3Cl)cc2)c1
980	mol27	-12.88	CC(=O)Nc1cccc(-c2ccc(Oc3ccc(Oc4ccccc4)c(C(=O)O)c3)cc2)c1
980	mol356	-12.48	Cc1cccc(CNc2ccc(Cc3cc(=O)c4c(O)cccc4[nH]3)c3ccccc23)c1
980	mol392	-12.03	Cc1cccc(-n2cc(-c3cccc(Oc4ccccc4)c3)nn2)c1
980	mol103	-12.53	Cc1cccc(-c2c[nH]c(Cc3cccc(-c4ccccc4)c3)n2)c1
980	mol172	-12.03	COc1cccc(-c2ccc3c(c2)CC#CCN/C3=N\Cc2cccc([C@H](O)c3ccccc3)c2)c1
980	mol74	-12.09	Cc1c(-c2ccc(O)cc2)cc(-c2cccc(C(=O)NCc3ccc(S(C)(=O)=O)cc3)c2)n1C
980	mol87	-12.97	CN(c1cccc(-c2ccc(C(=O)O)cc2)c1)S(=O)(=O)c1ccc(-c2ccccc2)cc1
980	mol226	-12.08	CC(=O)Nc1cccc(-c2cccc(-c3cc(-c4ccc(C(=O)O)cc4)ccc3O)c2)c1
990	mol400	-12.53	NC(=O)Nc1cccc(-c2ccnc(Nc3ccc4ccccc4c3)n2)c1
990	mol99	-12.76	COc1cccc(-c2ccc(C(=O)Nc3ccc(-c4ccccc4S(N)(=O)=O)cc3)cc2)c1
990	mol156	-12.07	COc1ccc(Nc2ncc(-c3cccc(C(=O)Nc4cccc(C(=O)O)c4)c3)s2)cc1
990	mol6	-12.64	C[C@H](NS(C)(=O)=O)c1cccc(Oc2cccc(-c3ccc(-c4ccccc4)cc3)c2)c1
990	mol347	-13.23	Cc1cn(Cc2cccc(C(=O)Nc3ccccc3)c2)c2cc(NC(=O)c3ccccn3)ccc12
990	mol408	-13.05	Cc1ccc(-n2ncc(-c3ccnc(Nc4cccc(C(=O)N5CCOCC5)c4)n3)n2)cc1
990	mol186	-12.25	COc1ccccc1Nc1cc[nH]c(=O)c1C(=O)Nc1ccc(OCc2cccc(C(=O)NCc3ccc(C(=O)O)cc3)c2)cc1
990	mol24	-13.67	Cc1ccc(C(=O)Nc2cccc(-c3ccc(NC(=O)c4cccc(C(N)N)c4)cc3)c2)cc1C
990	mol149	-12.54	Cc1ccccc1CNC(=O)c1ccnc(-c2cccc(C(=O)Nc3cccc(C(=O)O)c3)c2)c1
990	mol14	-12.25	CCC(=O)Nc1ccccc1-c1ccc(C(=O)c2ccc(-c3ccccc3)cc2)cc1
990	mol53	-12.2	COc1cccc(/C=N/NC(=O)c2ccc(-c3cccc([C@@H](O)NC(C)(C)C)c3)cc2)c1
990	mol128	-12.52	COc1cccc(-c2ccc(Oc3nccc(-c4cccc(OCC5CCCCC5)c4)n3)cc2)c1
990	mol267	-12.15	Nc1nc2ccc(NC(=O)c3nc(Nc4ccc(C(N)N)cc4)ncc3F)cc2[nH]1
990	mol337	-12.79	Cn1cc(Cc2cc(Oc3cccc(NC(=O)c4cccc(C(=O)O)c4)c3)[nH]c2-c2ccccc2)cn1
990	mol159	-12.41	COC(=O)c1ccc(-c2cccc(CNC(=O)c3ccc4nc(NC(=O)C5CC5)ccc4n3)c2)cc1
990	mol300	-12.25	COc1ccccc1-c1ccc(C(=O)Nc2cccc(-c3ccc4nncn4n3)c2)cc1
990	mol197	-12.28	Cc1ccc(-c2nc(COc3ccc(-c4cccc(C(=O)O)c4)cc3)cs2)cc1
990	mol168	-12.41	COc1cccc(-c2nc3ccccc3c(-c3ccccc3)c2C[NH2+]CC(=O)Nc2cccc(-c3cccc(C(=O)O)c3)c2)c1
990	mol49	-13.13	Cc1cccc(-c2cc(Nc3cncc4ccc(Oc5ccccc5)cc34)ncn2)c1
990	mol449	-12.02	Cc1c(C)n(Cc2cccc(OCc3ccccc3)c2)c2ccc(Oc3ccccc3)cc12
990	mol350	-12.23	Cc1ccc(C(=O)Nc2cccc(-c3ccc(Oc4ccccc4)cc3)c2)cc1
990	mol419	-12.31	Cc1cc(C)nc(C(=O)Nc2ccccc2Oc2ccc(NC(=O)c3ccc(C)c(C(=O)O)c3)c3ccccc23)c1
990	mol288	-12.61	Cn1cc(-c2cccc(C(=O)O)c2)cc1-c1ccc(-c2cnc3ccccn23)cc1
990	mol115	-13.14	Nc1cccc(-c2cccc(-c3cccc(Oc4ccccc4)c3)c2)c1
990	mol373	-12.14	c1ccc(-c2cccc(Oc3cccc([C@H](Nc4ccc(OCC5CCCCC5)cc4)c4ccccc4)c3)c2)cc1
990	mol326	-12.6	CCc1ccccc1NC(=O)c1ccc(-c2ccc(NC(=O)c3cc4ccccc4o3)cc2)cc1
990	mol415	-13.04	Cc1ccc(-n2cc(-c3cccc(-c4ccccc4)c3O)nn2)cc1N
990	mol63	-12.06	CC(=O)Nc1ccc(-c2cncc(-c3cccc(C(=O)NCCNC(N)N)c3)c2)cc1
990	mol144	-12.02	CO[C@H](C(=O)Nc1cccc(NC(=O)c2ccncc2)c1)[C@@H](O)c1cccc2ccccc12
990	mol56	-12.93	CNC(=O)c1cccc(Oc2cccc(Nc3nccc(-c4cccc(C(=O)O)c4)n3)c2)c1
990	mol54	-12.94	Cc1ccc(C(=O)NCc2ccco2)cc1NC(=O)c1cccc(-c2nnc(-c3ccc(S(N)(=O)=O)cc3)s2)c1
990	mol329	-12.33	COc1ccc(-c2ocnc2C(=O)Nc2ccc(C(=O)c3c[nH]c4ccccc34)cc2)cc1
990	mol469	-13.36	COc1ccccc1-c1cccc(C(=O)Nc2cccc(NS(=O)(=O)c3ccc4ccccc4c3)c2)c1
990	mol293	-12.04	C[C@@H](Oc1cccc(-c2nnc(-c3ccc(O)c(C(C)(C)C)c3)[nH]2)c1)C(=O)Nc1ccc(C(N)N)cc1
990	mol145	-12.38	CC(=O)Nc1cccc(-c2ccc(NC(=O)c3cccc(C(N)=O)c3)cc2)c1
990	mol140	-12.88	Cc1cccc(-c2nc(C(=O)Nc3ccc(S(=O)(=O)NCCc4ccccc4)cc3)c3ccccc3n2)c1
990	mol162	-13.39	CC(=O)Nc1cccc(-c2ccc(NC(=O)c3ccc4ccccc4n3)cc2)c1
990	mol239	-12.81	Cc1ccccc1-c1ccc(C(=O)Nc2c(O)cccc2C(=O)O)cc1
990	mol402	-12.3	COc1ccccc1NC(=O)Nc1cccc(-c2cnc(Nc3ccc(C(N)N)cc3)nc2)c1
990	mol381	-12.85	C[C@H](Nc1ccc(C(=O)O)c(Oc2cccc(-c3cccc4ccccc34)c2)n1)c1ccccc1
990	mol216	-13.01	Cc1ccc(Nc2cccc(C(=O)O)c2)cc1NC(=O)c1ccc(C(=O)c2ccccc2)cc1
990	mol263	-12.84	Cc1cccc(-c2nnc(-c3cccc(-c4ccccc4)c3)o2)c1
990	mol299	-12.57	Cc1ccc(-c2ccc(C(=O)O)c(NC(=O)c3cccc(-c4ccccc4)c3)c2)cc1
990	mol154	-12.25	Cc1ccccc1-c1ccc(Oc2cccc(NC(=O)c3cc4ccccc4o3)c2)cc1C(=O)O
990	mol413	-12.1	CC(=O)Nc1ccc(Oc2cccc(-n3cc(-c4cccc(C(=O)O)c4)nn3)c2)cc1
990	mol30	-12.59	Cc1cccc(-c2cccc(NC(=O)c3ccc4ccccc4n3)c2)c1
990	mol375	-12.28	Cc1ncc(-c2ccnc(Nc3cccc(-c4ccccc4)c3)n2)cn1
990	mol265	-12.36	CNC(=O)Nc1cccc(-c2ccnc(Nc3ccc(Oc4ccccc4)cc3)n2)c1
990	mol364	-12.18	COc1ccc(-c2cccc(C(=O)c3cccc(OCc4ccccc4)c3)c2)cc1
990	mol176	-12.03	COc1ccc(-c2nc(O)c(Cc3ccc(C(=O)c4cccc(Oc5ccccc5)c4)cc3)c(=O)[nH]2)cc1
