epoch,mol_id,docking_score,smiles,canonical_smiles,pic50,solubility
350,mol329,-15.69,Cc1ccc(-c2[nH]c3ncc(C(=O)NCc4ccccc4)nc3c2-c2ccc(NC(=O)Nc3ccc4ccc(C(N)N)cc4c3)cc2)cc1,Cc1ccc(-c2[nH]c3ncc(C(=O)NCc4ccccc4)nc3c2-c2ccc(NC(=O)Nc3ccc4ccc(C(N)N)cc4c3)cc2)cc1,6.8530936,-6.4423985
420,mol135,-15.45,Cc1ccc(C(=O)Nc2ccc(C(N)N)cc2)cc1Nc1ncnc2cc(-c3cccc(C(=O)Nc4cccc(C(N)=O)c4)c3)ccc12,Cc1ccc(C(=O)Nc2ccc(C(N)N)cc2)cc1Nc1ncnc2cc(-c3cccc(C(=O)Nc4cccc(C(N)=O)c4)c3)ccc12,6.552132,-6.440493
170,mol459,-15.03,Cc1cn(-c2ccc(Nc3cc(N)nc4ccc(OCc5ccccc5)cc34)cc2)c2ccc(NC(=O)c3ccc4sc(C(N)N)cc4c3)cc12,Cc1cn(-c2ccc(Nc3cc(N)nc4ccc(OCc5ccccc5)cc34)cc2)c2ccc(NC(=O)c3ccc4sc(C(N)N)cc4c3)cc12,6.0106387,-6.589155
900,mol144,-14.92,Cc1ccc(C(=O)Nc2cc(C(C)(C)C)on2)cc1-c1ccc(Nc2nccc(-c3ccc(Cn4ccnc4)cc3)n2)c(Cl)c1,Cc1ccc(C(=O)Nc2cc(C(C)(C)C)on2)cc1-c1ccc(Nc2nccc(-c3ccc(Cn4ccnc4)cc3)n2)c(Cl)c1,6.75045,-6.63922
320,mol469,-14.92,Cc1nn(-c2cccc(NC(=O)c3cc4ccccc4o3)c2)cc1-c1ccc(Nc2ncc3cc(-c4ccc(C(=O)O)cc4)ccc3n2)cc1,Cc1nn(-c2cccc(NC(=O)c3cc4ccccc4o3)c2)cc1-c1ccc(Nc2ncc3cc(-c4ccc(C(=O)O)cc4)ccc3n2)cc1,6.5176654,-5.809355
430,mol132,-14.88,Cc1ccc(C(=O)Nc2cccc(-c3nc4cc(C(N)N)ccc4[nH]3)c2)cc1Nc1ccnc(-c2ccc(C(=O)O)cc2)n1,Cc1ccc(C(=O)Nc2cccc(-c3nc4cc(C(N)N)ccc4[nH]3)c2)cc1Nc1ccnc(-c2ccc(C(=O)O)cc2)n1,6.852131,-6.036899
130,mol385,-14.83,Cc1c(C(=O)Nc2ccc3n[nH]cc3c2)ccc(-c2cnc(N)c(C(=O)Nc3ccc(Nc4nccc(-c5ccccc5)n4)cc3C(=O)O)c2)c1F,Cc1c(C(=O)Nc2ccc3n[nH]cc3c2)ccc(-c2cnc(N)c(C(=O)Nc3ccc(Nc4nccc(-c5ccccc5)n4)cc3C(=O)O)c2)c1F,6.8382173,-5.990065
390,mol478,-14.8,Cc1ccc(NC(=O)c2cccc(Nc3ccnc4cc(Cl)ccc34)c2)cc1NC(=O)c1ccc2ccccc2n1,Cc1ccc(NC(=O)c2cccc(Nc3ccnc4cc(Cl)ccc34)c2)cc1NC(=O)c1ccc2ccccc2n1,6.472063,-6.5345526
430,mol165,-14.8,Cc1cc(-c2cccc(C(=O)O)c2)ccc1-c1ccc2c(-c3ccc(F)cc3)nnn2c1,Cc1cc(-c2cccc(C(=O)O)c2)ccc1-c1ccc2c(-c3ccc(F)cc3)nnn2c1,6.1201596,-5.8762393
130,mol428,-14.76,Cc1ccc(NC(=O)c2cccc(C(F)(F)F)c2)cc1-c1cc2cnc(Nc3ccc(-c4cnn(C)c4)c(F)c3)nc2[nH]1,Cc1ccc(NC(=O)c2cccc(C(F)(F)F)c2)cc1-c1cc2cnc(Nc3ccc(-c4cnn(C)c4)c(F)c3)nc2[nH]1,6.5367165,-6.7452865
560,mol307,-14.76,Cc1ccc(C(=O)Nc2ccc(-c3ccc4c(c3)CN(C)C(=O)N4)c3ccccc23)cc1N,Cc1ccc(C(=O)Nc2ccc(-c3ccc4c(c3)CN(C)C(=O)N4)c3ccccc23)cc1N,6.166876,-6.364409
200,mol278,-14.75,Cc1ccc(NC(=O)c2cccc3ccccc23)cc1NC(=O)c1cccc(-c2nnc(-c3cccc([N+](=O)[O-])c3)o2)c1,Cc1ccc(NC(=O)c2cccc3ccccc23)cc1NC(=O)c1cccc(-c2nnc(-c3cccc([N+](=O)[O-])c3)o2)c1,6.411637,-6.3466554
250,mol171,-14.74,Cc1cc(NC(=O)c2cccc(-n3cc(NC(=O)Nc4cccc(C(F)(F)F)c4)c4ccccc43)c2)cc(Nc2nccc(Nc3ccc4ncccc4c3)n2)c1,Cc1cc(NC(=O)c2cccc(-n3cc(NC(=O)Nc4cccc(C(F)(F)F)c4)c4ccccc43)c2)cc(Nc2nccc(Nc3ccc4ncccc4c3)n2)c1,6.616044,-5.6826277
300,mol318,-14.73,Cc1cc(NC(=O)c2cccc(C(=O)Nc3ccc4c(c3)OCO4)c2)ccc1NC(=O)c1ccc(Nc2ncc(C(F)(F)F)c(N3C[C@H]4CC[C@H](CC4)C3)n2)cc1,Cc1cc(NC(=O)c2cccc(C(=O)Nc3ccc4c(c3)OCO4)c2)ccc1NC(=O)c1ccc(Nc2ncc(C(F)(F)F)c(N3C[C@H]4CC[C@H](CC4)C3)n2)cc1,6.917369,-6.204112
350,mol267,-14.7,Cc1cc(C(=O)Nc2ccc(Oc3ccnc4[nH]ccc34)c(F)c2)cc(C(=O)Nc2ccc3c(N)ncc(C(=O)O)c3c2)c1,Cc1cc(C(=O)Nc2ccc(Oc3ccnc4[nH]ccc34)c(F)c2)cc(C(=O)Nc2ccc3c(N)ncc(C(=O)O)c3c2)c1,7.044312,-6.43796
280,mol341,-14.64,Cc1ccc(NC(=O)c2ccc(NC(=O)c3ccc4ccccc4c3)cc2)cc1C(=O)N1Cc2ccccc2C1,Cc1ccc(NC(=O)c2ccc(NC(=O)c3ccc4ccccc4c3)cc2)cc1C(=O)N1Cc2ccccc2C1,6.1737294,-6.5112696
890,mol362,-14.59,Cc1c(Cn2cncc2-c2ccc(C(=O)NCc3ccccc3)cc2)[nH]c2ncc(-c3ccc(N4CCOCC4)cc3)cc12,Cc1c(Cn2cncc2-c2ccc(C(=O)NCc3ccccc3)cc2)[nH]c2ncc(-c3ccc(N4CCOCC4)cc3)cc12,6.1471486,-6.6190205
950,mol38,-14.56,CCc1cc([C@@H](O)c2ccc(O)cc2)cc(N2CCC[C@H](CNC(=O)c3ccc4nc(C)cc(C)c4c3)C2=O)c1,CCc1cc([C@@H](O)c2ccc(O)cc2)cc(N2CCC[C@H](CNC(=O)c3ccc4nc(C)cc(C)c4c3)C2=O)c1,6.9878335,-5.473016
280,mol125,-14.55,Cc1ccc(C(=O)NC2CC2)cc1-c1ccc2c(Nc3cccc(C(=O)Nc4ccccc4)c3)ncnc2c1,Cc1ccc(C(=O)NC2CC2)cc1-c1ccc2c(Nc3cccc(C(=O)Nc4ccccc4)c3)ncnc2c1,6.463873,-6.3987384
820,mol394,-14.53,Cc1ccc(C(=O)Nc2ccc(NC(=O)c3ccc4ccccc4c3)cc2)cc1NC(=O)c1ccccc1C(=O)O,Cc1ccc(C(=O)Nc2ccc(NC(=O)c3ccc4ccccc4c3)cc2)cc1NC(=O)c1ccccc1C(=O)O,6.427326,-6.2148404
320,mol222,-14.52,Cc1ccc(NC(=O)c2ccc(-c3cccc(C(=O)Nc4cc(C(=O)Nc5cccc(C(=O)O)c5)ccc4F)c3)cc2)cc1,Cc1ccc(NC(=O)c2ccc(-c3cccc(C(=O)Nc4cc(C(=O)Nc5cccc(C(=O)O)c5)ccc4F)c3)cc2)cc1,6.473926,-6.3382916
240,mol492,-14.52,Cc1ccc(C(=O)Nc2ccc(F)c(C(F)(F)F)c2)cc1-c1nc2cc(-c3ccc(C(=O)O)cc3)ccc2[nH]1,Cc1ccc(C(=O)Nc2ccc(F)c(C(F)(F)F)c2)cc1-c1nc2cc(-c3ccc(C(=O)O)cc3)ccc2[nH]1,6.4009047,-6.4860377
880,mol225,-14.51,Cc1ccc(C(=O)Nc2ccc(S(O)(O)O)c3ccc(C(=O)O)cc23)cc1NC(=O)c1ccc(-c2ccccc2)cc1,Cc1ccc(C(=O)Nc2ccc(S(O)(O)O)c3ccc(C(=O)O)cc23)cc1NC(=O)c1ccc(-c2ccccc2)cc1,6.467455,-6.086501
90,mol348,-14.51,Cc1cc(C(=O)Nc2cccc(C(F)(F)F)c2)ccc1NC(=O)c1cnc2ccc(N3CCC(=O)NC3=O)cc2c1,Cc1cc(C(=O)Nc2cccc(C(F)(F)F)c2)ccc1NC(=O)c1cnc2ccc(N3CCC(=O)NC3=O)cc2c1,6.745034,-6.7083497
110,mol446,-14.5,Cc1c(-c2cccc(C(=O)NCc3cccc(S(N)(=O)=O)c3)c2)cccc1-c1ccc2c(N3CCOCC3)ccc(Nc3ccnc(N)n3)c2n1,Cc1c(-c2cccc(C(=O)NCc3cccc(S(N)(=O)=O)c3)c2)cccc1-c1ccc2c(N3CCOCC3)ccc(Nc3ccnc(N)n3)c2n1,6.9326754,-5.412142
900,mol190,-14.47,CN(Cc1ccc2c(c1)C(=O)N[C@@H](NC(=O)c1cccc(-c3ccccc3)c1)C2)C(=O)c1ccc(C(F)(F)[PH](O)(O)O)cc1,CN(Cc1ccc2c(c1)C(=O)N[C@@H](NC(=O)c1cccc(-c3ccccc3)c1)C2)C(=O)c1ccc(C(F)(F)[PH](O)(O)O)cc1,6.521169,-4.841951
580,mol58,-14.44,Cc1ccc(NC(=O)c2cccc(Nc3ncnc4ccccc34)c2)cc1NC(=O)c1ccc(-c2ccccc2)cc1,Cc1ccc(NC(=O)c2cccc(Nc3ncnc4ccccc34)c2)cc1NC(=O)c1ccc(-c2ccccc2)cc1,6.291111,-6.6353645
500,mol134,-14.43,Cc1ccc(NC(=O)c2cccc(C(=O)Nc3nc4ccc(-c5ccccc5)cc4[nH]3)c2)cc1N1Cc2ccccc2C1=O,Cc1ccc(NC(=O)c2cccc(C(=O)Nc3nc4ccc(-c5ccccc5)cc4[nH]3)c2)cc1N1Cc2ccccc2C1=O,5.739786,-7.208948
380,mol185,-14.42,Cc1cc(-c2cccc(C(=O)O)c2)ccc1Nc1nccc(Cc2cccc(C(=O)Nc3cccc(C(F)(F)F)c3)c2)n1,Cc1cc(-c2cccc(C(=O)O)c2)ccc1Nc1nccc(Cc2cccc(C(=O)Nc3cccc(C(F)(F)F)c3)c2)n1,6.6802483,-6.1876135
420,mol454,-14.42,C[C@H]1CN(c2ncc(-c3ccc(Cl)c(C(=O)Nc4cccc(C(=O)Nc5ccccc5C(F)(F)F)c4)c3)cn2)C[C@H](O)[C@H]1O,C[C@H]1CN(c2ncc(-c3ccc(Cl)c(C(=O)Nc4cccc(C(=O)Nc5ccccc5C(F)(F)F)c4)c3)cn2)C[C@H](O)[C@H]1O,7.124218,-6.4301558
440,mol58,-14.42,Cc1c(Cc2cccc(C(=O)O)c2)cccc1-c1ccc(C(=O)c2ccc(C(=O)O)cc2C(=O)O)cc1,Cc1c(Cc2cccc(C(=O)O)c2)cccc1-c1ccc(C(=O)c2ccc(C(=O)O)cc2C(=O)O)cc1,6.8353896,-5.456822
370,mol282,-14.37,Cc1ccc(NC(=O)c2ccc(C(=O)NC(N)N)cc2)cc1Nc1nccc(-c2ccc(-c3ccccc3)cc2)n1,Cc1ccc(NC(=O)c2ccc(C(=O)NC(N)N)cc2)cc1Nc1nccc(-c2ccc(-c3ccccc3)cc2)n1,6.476396,-6.8780465
680,mol72,-14.36,Cc1ccc(NC(=O)c2ccc(NC(=O)c3ccc(C)c(Oc4ccccc4)c3)cc2)cc1NC(=O)c1cccc(-c2nc3ccccc3nc2N)c1,Cc1ccc(NC(=O)c2ccc(NC(=O)c3ccc(C)c(Oc4ccccc4)c3)cc2)cc1NC(=O)c1cccc(-c2nc3ccccc3nc2N)c1,6.3473926,-6.9849896
340,mol318,-14.36,Cc1c(Oc2nc(Nc3ccc(N4CCOCC4)cc3)ncc2S(N)(=O)=O)cccc1-c1nnc(NC(=O)Cc2cccc3ccccc23)o1,Cc1c(Oc2nc(Nc3ccc(N4CCOCC4)cc3)ncc2S(N)(=O)=O)cccc1-c1nnc(NC(=O)Cc2cccc3ccccc23)o1,6.645354,-6.620186
330,mol111,-14.34,Cc1c(-c2ccc(C(=O)NCc3ccc4ccccc4n3)cc2)cccc1-c1nc(-c2cccc(-c3nncn3C(C)(C)C)c2)ns1,Cc1c(-c2ccc(C(=O)NCc3ccc4ccccc4n3)cc2)cccc1-c1nc(-c2cccc(-c3nncn3C(C)(C)C)c2)ns1,6.27566,-5.956532
560,mol342,-14.32,Cc1ccc(C(=O)Nc2cccc(-c3ccc4nc(NC(=O)c5cccc(C(F)(F)F)c5)sc4n3)c2)cc1,Cc1ccc(C(=O)Nc2cccc(-c3ccc4nc(NC(=O)c5cccc(C(F)(F)F)c5)sc4n3)c2)cc1,6.258004,-7.535842
700,mol18,-14.31,Cc1ccc(NC(=O)c2ccc(C[N@H+]3CC[N@@H+](C)CC3)cc2)cc1Nc1nccc(-c2cccc3ccccc23)n1,Cc1ccc(NC(=O)c2ccc(C[N@H+]3CC[N@@H+](C)CC3)cc2)cc1Nc1nccc(-c2cccc3ccccc23)n1,6.510799,-4.013307
380,mol309,-14.26,CN1C/C(=C/c2ccc(C(=O)Nc3nn4c(=O)cc(-c5ccccc5)nc4s3)cc2)CCC1=O,CN1C/C(=C/c2ccc(C(=O)Nc3nn4c(=O)cc(-c5ccccc5)nc4s3)cc2)CCC1=O,6.383336,-5.6075935
310,mol237,-14.24,Cc1cc(F)ccc1-c1ccc(C(=O)Nc2ccc(C[N@H+]3CC[C@H](CNC(=O)c4ccc5ccccc5n4)CC3)cc2)cc1,Cc1cc(F)ccc1-c1ccc(C(=O)Nc2ccc(C[N@H+]3CC[C@H](CNC(=O)c4ccc5ccccc5n4)CC3)cc2)cc1,6.238065,-5.396517
250,mol426,-14.24,Cc1ccc(NC(=O)c2ccc(Cc3cc4ccccc4[nH]3)cc2)cc1Nc1ncnc2sc(Cc3cccc(C(F)(F)F)c3)cc12,Cc1ccc(NC(=O)c2ccc(Cc3cc4ccccc4[nH]3)cc2)cc1Nc1ncnc2sc(Cc3cccc(C(F)(F)F)c3)cc12,6.087654,-6.4794054
700,mol123,-14.23,Cc1ccc(C(=O)Nc2ccc(C[N@H+]3CC[N@@H+](C)CC3)c(C(F)(F)F)c2)cc1NC(=O)c1ccc(-c2ccc3ccccc3n2)cc1,Cc1ccc(C(=O)Nc2ccc(C[N@H+]3CC[N@@H+](C)CC3)c(C(F)(F)F)c2)cc1NC(=O)c1ccc(-c2ccc3ccccc3n2)cc1,6.02006,-4.7617025
690,mol92,-14.21,Cc1ccccc1Cc1cccc(NC(=O)Nc2cccc(NC(=O)c3cc4ccccc4o3)c2)c1,Cc1ccccc1Cc1cccc(NC(=O)Nc2cccc(NC(=O)c3cc4ccccc4o3)c2)c1,6.204371,-6.7527013
190,mol138,-14.2,Cc1cc(CCc2ccc(C(=O)c3ccccc3)cc2)ccc1-c1ccc2c(-c3nc(CCN4CCS(=O)(=O)CC4)cs3)cccc2n1,Cc1cc(CCc2ccc(C(=O)c3ccccc3)cc2)ccc1-c1ccc2c(-c3nc(CCN4CCS(=O)(=O)CC4)cs3)cccc2n1,6.254297,-5.7501636
600,mol329,-14.19,Cc1ccc(C(=O)Nc2ccc(Oc3ccnc4cc(N)ncc34)cc2)cc1NC(=O)c1cccc(Oc2ccccc2)c1,Cc1ccc(C(=O)Nc2ccc(Oc3ccnc4cc(N)ncc34)cc2)cc1NC(=O)c1cccc(Oc2ccccc2)c1,6.5961785,-6.833447
520,mol53,-14.19,Cc1ccc(NC(=O)c2cccc(NC(=O)c3cc4ccccc4o3)c2)cc1Nc1nccc(-c2ccncc2)n1,Cc1ccc(NC(=O)c2cccc(NC(=O)c3cc4ccccc4o3)c2)cc1Nc1nccc(-c2ccncc2)n1,6.402665,-6.530106
440,mol458,-14.19,Cc1ccc(C(N)=O)cc1-c1ccc2[nH]c(-c3ccc(C(=O)Nc4ccccc4)cc3)cc2c1,Cc1ccc(C(N)=O)cc1-c1ccc2[nH]c(-c3ccc(C(=O)Nc4ccccc4)cc3)cc2c1,5.7439847,-6.546152
430,mol426,-14.19,COc1ccccc1-c1ccc2c(-c3nc4ccc(Cc5cc(F)cc(C(F)(F)F)c5)cc4[nH]3)n[nH]c2c1,COc1ccccc1-c1ccc2c(-c3nc4ccc(Cc5cc(F)cc(C(F)(F)F)c5)cc4[nH]3)n[nH]c2c1,6.4468226,-7.0372243
670,mol436,-14.19,Cc1ccc(NC(=O)c2cccc(Nc3ncnc4ccc(N)cc34)c2)cc1NC(=O)c1ccc(-c2ccccc2)cc1,Cc1ccc(NC(=O)c2cccc(Nc3ncnc4ccc(N)cc34)c2)cc1NC(=O)c1ccc(-c2ccccc2)cc1,6.3532667,-6.5163517
400,mol31,-14.18,CC(=O)N1CC[C@@](C)(C(=O)Nc2ccc(F)c(-c3ccc(-c4ccc(NC(=O)c5ccco5)cc4)c(C)c3)c2Cl)C1,CC(=O)N1CC[C@@](C)(C(=O)Nc2ccc(F)c(-c3ccc(-c4ccc(NC(=O)c5ccco5)cc4)c(C)c3)c2Cl)C1,6.9268146,-6.3898387
390,mol398,-14.18,Cc1cc(Nc2nccc(Nc3ccc4c(c3)C[C@H](c3ccccc3)CC4)n2)cc(C(=O)NCCNc2ccnc3cc(Cl)ccc23)c1Cl,Cc1cc(Nc2nccc(Nc3ccc4c(c3)C[C@H](c3ccccc3)CC4)n2)cc(C(=O)NCCNc2ccnc3cc(Cl)ccc23)c1Cl,6.323619,-5.985333
950,mol69,-14.18,CN(Cc1cccc(-c2ccc(C(N)N)cc2)c1)S(=O)(=O)c1ccc(-c2ccc(Oc3ccc4ccccc4n3)cc2)cc1,CN(Cc1cccc(-c2ccc(C(N)N)cc2)c1)S(=O)(=O)c1ccc(-c2ccc(Oc3ccc4ccccc4n3)cc2)cc1,6.300568,-6.812275
310,mol489,-14.18,Cc1c(C(=O)Nc2ccc(Cl)c(C(=O)Nc3cccc(C(=O)O)c3)c2)cccc1-c1ccc(NCc2ccc(C(=O)NC(C)(C)C)cc2)cc1,Cc1c(C(=O)Nc2ccc(Cl)c(C(=O)Nc3cccc(C(=O)O)c3)c2)cccc1-c1ccc(NCc2ccc(C(=O)NC(C)(C)C)cc2)cc1,6.5926037,-6.039742
410,mol365,-14.18,CN(C)c1cc(-c2cccc(-c3ccc4ccccc4n3)c2)ccc1N1Cc2ccccc2C1=O,CN(C)c1cc(-c2cccc(-c3ccc4ccccc4n3)c2)ccc1N1Cc2ccccc2C1=O,5.4650006,-6.630502
670,mol281,-14.17,COc1ccc(C(=O)Nc2ccc(NC(=O)c3ccc4cccnc4c3)c3ccccc23)cc1NC(=O)c1cccc(C(=O)O)c1,COc1ccc(C(=O)Nc2ccc(NC(=O)c3ccc4cccnc4c3)c3ccccc23)cc1NC(=O)c1cccc(C(=O)O)c1,6.4352026,-6.3866367
700,mol230,-14.16,Cc1ccc(Nc2ncnc(Nc3ccc4ccccc4c3)n2)cc1NC(=O)c1ccc(NC(=O)c2ccc(/C=C\C(=O)O)cc2)cc1,Cc1ccc(Nc2ncnc(Nc3ccc4ccccc4c3)n2)cc1NC(=O)c1ccc(NC(=O)c2ccc(/C=C\C(=O)O)cc2)cc1,6.72874,-6.0503917
860,mol56,-14.15,Cc1ccc(Nc2cccc(-c3ccc(-c4ccnc(Nc5ccccc5)n4)c(C)c3)n2)cc1C,Cc1ccc(Nc2cccc(-c3ccc(-c4ccnc(Nc5ccccc5)n4)c(C)c3)n2)cc1C,5.907952,-6.7415547
440,mol395,-14.14,Cc1ccc(NC(=O)c2ccc(Nc3nccc(-c4c[nH]c5ncccc45)n3)cc2)cc1Nc1nccc(Cc2cccc(C(=O)O)c2)n1,Cc1ccc(NC(=O)c2ccc(Nc3nccc(-c4c[nH]c5ncccc45)n3)cc2)cc1Nc1nccc(Cc2cccc(C(=O)O)c2)n1,6.9803743,-6.0557446
130,mol450,-14.14,Cc1nc2ccccc2n1-c1cccc(-c2cccn(Cc3cccc(-c4cncnc4)c3)c2=O)c1,Cc1nc2ccccc2n1-c1cccc(-c2cccn(Cc3cccc(-c4cncnc4)c3)c2=O)c1,6.054329,-6.468752
350,mol193,-14.13,Cc1ccc(C(=O)Nc2ccc(CC(=O)NO)c3ccccc23)cc1NC(=O)c1ccc(-c2ccc(F)cc2)cc1,Cc1ccc(C(=O)Nc2ccc(CC(=O)NO)c3ccccc23)cc1NC(=O)c1ccc(-c2ccc(F)cc2)cc1,6.664029,-6.931734
540,mol353,-14.13,CC(=O)Nc1ccc(-c2cccn3c(-c4cccc(NC(=O)Nc5ccccc5)c4)cnc23)cc1,CC(=O)Nc1ccc(-c2cccn3c(-c4cccc(NC(=O)Nc5ccccc5)c4)cnc23)cc1,5.920707,-6.3345165
970,mol45,-14.13,CC(=O)Nc1cnc(Nc2ccc(NC(=O)c3cccc4c(-c5ccc(C(=O)O)cc5)cccc34)cc2)s1,CC(=O)Nc1cnc(Nc2ccc(NC(=O)c3cccc4c(-c5ccc(C(=O)O)cc5)cccc34)cc2)s1,6.2867584,-6.2553353
940,mol370,-14.12,CC(=O)Nc1cccc(-c2n[nH]c3cc(-c4cccc(C(=O)Nc5ccnnc5)c4)ccc23)c1,CC(=O)Nc1cccc(-c2n[nH]c3cc(-c4cccc(C(=O)Nc5ccnnc5)c4)ccc23)c1,6.1371083,-6.4673476
620,mol341,-14.11,Cc1ccccc1-c1ccc(C(=O)Nc2ccc(-c3ccccc3S(N)(=O)=O)cc2)cc1,Cc1ccccc1-c1ccc(C(=O)Nc2ccc(-c3ccccc3S(N)(=O)=O)cc2)cc1,6.096635,-6.443184
790,mol81,-14.11,Cc1ccc(NC(=O)c2cccc(C(F)(F)F)c2)cc1-c1ccc2nc(Nc3ccc4nc(N)[nH]c4c3)[nH]c2c1,Cc1ccc(NC(=O)c2cccc(C(F)(F)F)c2)cc1-c1ccc2nc(Nc3ccc4nc(N)[nH]c4c3)[nH]c2c1,6.324624,-6.9265857
550,mol223,-14.11,Cc1ccc(C(=O)Nc2ccc(S(=O)(=O)Oc3ccc4ccccc4c3)cc2)cc1NC(=O)c1cccc(C(=O)O)c1,Cc1ccc(C(=O)Nc2ccc(S(=O)(=O)Oc3ccc4ccccc4c3)cc2)cc1NC(=O)c1cccc(C(=O)O)c1,6.4709225,-5.7329273
210,mol266,-14.1,Cc1ccc(NC(=O)c2ccc(-c3ccc(C(=O)Nc4cccc(C(F)(F)F)c4)cc3)cc2)cc1NC(=O)c1cccc(-c2ccncc2)c1,Cc1ccc(NC(=O)c2ccc(-c3ccc(C(=O)Nc4cccc(C(F)(F)F)c4)cc3)cc2)cc1NC(=O)c1cccc(-c2ccncc2)c1,6.13905,-6.9584136
620,mol76,-14.1,CC(=O)Nc1cccc(-c2cccc(Nc3cccc4cc(S(=O)(=O)Nc5ccccc5)ccc34)c2)c1,CC(=O)Nc1cccc(-c2cccc(Nc3cccc4cc(S(=O)(=O)Nc5ccccc5)ccc34)c2)c1,6.1413164,-5.8508406
430,mol394,-14.09,Nc1ncc(-c2ccc(C(=O)Nc3ccc(C(=O)Nc4ccc(C[NH+]5CCOCC5)c(C5CCCCC5)c4)cc3)cc2)c(N[C@@H]2C[C@@H](CO)[C@@H](O)[C@H]2O)n1,Nc1ncc(-c2ccc(C(=O)Nc3ccc(C(=O)Nc4ccc(C[NH+]5CCOCC5)c(C5CCCCC5)c4)cc3)cc2)c(N[C@@H]2C[C@@H](CO)[C@@H](O)[C@H]2O)n1,7.786342,-3.7433045
640,mol217,-14.08,Cc1cc(NC(=O)c2ccc(C(=O)Nc3ccc(C)c(NC(=O)c4cc(F)cc(Nc5ncnc6nc[nH]c56)c4)c3)cc2)cc(Nc2ncccn2)c1,Cc1cc(NC(=O)c2ccc(C(=O)Nc3ccc(C)c(NC(=O)c4cc(F)cc(Nc5ncnc6nc[nH]c56)c4)c3)cc2)cc(Nc2ncccn2)c1,6.5998755,-6.7637506
430,mol82,-14.08,Cc1ccc(NC(=O)c2ccc(C#N)cc2)cc1Nc1cc(-c2cccc(C(=O)Nc3cccc(C(=O)O)c3)c2)cnn1,Cc1ccc(NC(=O)c2ccc(C#N)cc2)cc1Nc1cc(-c2cccc(C(=O)Nc3cccc(C(=O)O)c3)c2)cnn1,6.789949,-6.6091576
500,mol318,-14.07,Cc1cc(Oc2ccc(Nc3nc4ccccc4[nH]3)cc2)ccc1NC(=O)c1ccc(C2CCCCC2)cc1,Cc1cc(Oc2ccc(Nc3nc4ccccc4[nH]3)cc2)ccc1NC(=O)c1ccc(C2CCCCC2)cc1,5.9522376,-7.598301
170,mol453,-14.07,Cc1ccc(C(=O)Nc2cccc(C(F)(F)F)c2)cc1-c1ccc2nc(Nc3ccc4ncccc4c3)ncc2c1,Cc1ccc(C(=O)Nc2cccc(C(F)(F)F)c2)cc1-c1ccc2nc(Nc3ccc4ncccc4c3)ncc2c1,5.950572,-6.301489
420,mol258,-14.07,Cc1ccc(NC(=O)c2ccc(Nc3ncnc4ccc(Nc5ccccc5)cc34)cc2)cc1NC(=O)Nc1ccc(C(=O)O)cc1,Cc1ccc(NC(=O)c2ccc(Nc3ncnc4ccc(Nc5ccccc5)cc34)cc2)cc1NC(=O)Nc1ccc(C(=O)O)cc1,6.672414,-6.161385
590,mol45,-14.06,Cc1ccc(C(=O)Nc2ccc(Oc3ccnc4cc(-c5ccc(C(=O)O)cc5)ccc34)c(N)c2)cc1,Cc1ccc(C(=O)Nc2ccc(Oc3ccnc4cc(-c5ccc(C(=O)O)cc5)ccc34)c(N)c2)cc1,6.209012,-6.6097007
350,mol63,-14.05,Cc1cc(NCc2ccccc2-c2cccc(N)c2)cc(Nc2cc(N)nc(Nc3ccc(C(=O)Nc4ccccc4)cc3)n2)c1,Cc1cc(NCc2ccccc2-c2cccc(N)c2)cc(Nc2cc(N)nc(Nc3ccc(C(=O)Nc4ccccc4)cc3)n2)c1,6.0637045,-6.511524
800,mol130,-14.05,Cc1ccc(C(=O)Nc2cccc(C(F)(F)F)c2)cc1-c1ccc2cc(NC(=O)Nc3ccccc3)nnc2c1,Cc1ccc(C(=O)Nc2cccc(C(F)(F)F)c2)cc1-c1ccc2cc(NC(=O)Nc3ccccc3)nnc2c1,5.786505,-7.3854036
420,mol205,-14.05,NC(=O)NC(=O)c1cccc(NC(=O)Cc2cccc(NC(=O)Nc3cccc4ccccc34)c2)c1,NC(=O)NC(=O)c1cccc(NC(=O)Cc2cccc(NC(=O)Nc3cccc4ccccc34)c2)c1,6.0370812,-7.1239448
370,mol34,-14.04,Cc1cccc(-c2nc3nc(-c4cccc(C(=O)Nc5cccnc5)c4)cc(N)n3n2)c1,Cc1cccc(-c2nc3nc(-c4cccc(C(=O)Nc5cccnc5)c4)cc(N)n3n2)c1,6.3304267,-5.229524
810,mol320,-14.04,CC(C)CN(Cc1ccc(-c2ccc(NC(=O)c3ccc4ccccc4n3)cc2)cc1)C(=O)[C@@H]1C[C@](O)(c2ccccc2)CN1C(=O)Nc1cccc(Cl)c1,CC(C)CN(Cc1ccc(-c2ccc(NC(=O)c3ccc4ccccc4n3)cc2)cc1)C(=O)[C@@H]1C[C@](O)(c2ccccc2)CN1C(=O)Nc1cccc(Cl)c1,6.7331567,-5.8799634
660,mol421,-14.03,Cc1ccc(Oc2nccc(-c3ccc4ccccc4c3)n2)cc1NC(=O)c1cnc2ccccc2n1,Cc1ccc(Oc2nccc(-c3ccc4ccccc4c3)n2)cc1NC(=O)c1cnc2ccccc2n1,6.043702,-7.2933483
980,mol174,-14.03,Cc1cccc(-c2cccc(-c3cccc(NC(=O)c4cccc(C(=O)O)c4)c3)c2)c1,Cc1cccc(-c2cccc(-c3cccc(NC(=O)c4cccc(C(=O)O)c4)c3)c2)c1,6.191301,-6.204019
270,mol265,-14.03,Cc1cc(NC(=O)Nc2ccc(Nc3ccnc(-c4cccc(C(=O)O)c4)n3)cc2)cc(NC(=O)c2ccccc2)c1,Cc1cc(NC(=O)Nc2ccc(Nc3ccnc(-c4cccc(C(=O)O)c4)n3)cc2)cc(NC(=O)c2ccccc2)c1,6.390567,-6.206393
430,mol31,-14.03,Cc1ccc(NC(=O)c2ccccc2C(F)(F)F)cc1-c1ccc2nc(Nc3cccc(C(=O)NCCc4ccccc4)c3)ncc2c1,Cc1ccc(NC(=O)c2ccccc2C(F)(F)F)cc1-c1ccc2nc(Nc3cccc(C(=O)NCCc4ccccc4)c3)ncc2c1,6.101353,-6.7849736
240,mol340,-14.02,Cc1cccc(-n2nc(C(=O)N3CCC(c4ccccc4C(F)(F)F)CC3)cc2NC(=O)Nc2ccc(NC(=O)c3cc(F)cc(F)c3)cc2)c1,Cc1cccc(-n2nc(C(=O)N3CCC(c4ccccc4C(F)(F)F)CC3)cc2NC(=O)Nc2ccc(NC(=O)c3cc(F)cc(F)c3)cc2)c1,6.7606235,-6.6858497
780,mol6,-14.02,Cc1n[nH]c2ccc(-c3ccnc(-c4cccc(C(=O)Nc5cccc(C(F)(F)F)c5)c4)c3)cc12,Cc1n[nH]c2ccc(-c3ccnc(-c4cccc(C(=O)Nc5cccc(C(F)(F)F)c5)c4)c3)cc12,6.1109314,-6.8533216
380,mol106,-14.02,Cc1cc(NC(=O)c2cccc(C(N)=O)c2)ccc1-c1ccc(/C=C\c2ccnc3cc(Br)ccc23)cc1,Cc1cc(NC(=O)c2cccc(C(N)=O)c2)ccc1-c1ccc(/C=C\c2ccnc3cc(Br)ccc23)cc1,5.626106,-6.647099
210,mol401,-14.01,C[C@@H](O)c1cccc(C(=O)N2CCC[C@](C)(c3ccc(OCc4ccnc(-c5nccc6ccccc56)c4)cc3)C2=O)c1,C[C@@H](O)c1cccc(C(=O)N2CCC[C@](C)(c3ccc(OCc4ccnc(-c5nccc6ccccc56)c4)cc3)C2=O)c1,6.5319834,-6.199549
290,mol125,-14.01,Cc1ccccc1-c1ccc(C(=O)Nc2ccc(-n3ccccc3=O)cc2C(=O)O)cc1,Cc1ccccc1-c1ccc(C(=O)Nc2ccc(-n3ccccc3=O)cc2C(=O)O)cc1,6.202605,-5.963551
510,mol331,-14.0,CN(c1ccc(NC(=O)c2cccc(O)c2O)cc1)S(=O)(=O)c1ccc(-c2ccc(C(=O)O)cc2)cc1,CN(c1ccc(NC(=O)c2cccc(O)c2O)cc1)S(=O)(=O)c1ccc(-c2ccc(C(=O)O)cc2)cc1,6.3634853,-5.872225
530,mol112,-14.0,Cc1ccn(-c2ccc3c(c2)CCN(c2nc4cccc(C(=O)O)c4[nH]c2=O)C3=O)c1C,Cc1ccn(-c2ccc3c(c2)CCN(c2nc4cccc(C(=O)O)c4[nH]c2=O)C3=O)c1C,6.273272,-5.1523414
340,mol96,-14.0,Cc1cc(-c2cccc(C(=O)Nc3cccnc3)c2)ccc1OCc1nnc(-c2cc(F)cc(Cl)c2)o1,Cc1cc(-c2cccc(C(=O)Nc3cccnc3)c2)ccc1OCc1nnc(-c2cc(F)cc(Cl)c2)o1,6.2783012,-7.0080314
240,mol369,-14.0,O=C(c1ccccc1)N1CCN(c2cccc(Nc3ccc(Nc4ncc5ccc(=O)n(C6CCCCC6)c5n4)cc3)c2)CC1,O=C(c1ccccc1)N1CCN(c2cccc(Nc3ccc(Nc4ncc5ccc(=O)n(C6CCCCC6)c5n4)cc3)c2)CC1,6.77772,-5.9488177
460,mol246,-13.99,Cc1cc(NC(=O)c2ccc(N)nc2)cc(-c2cccc(C(=O)c3ccc4nc(NC(=O)C5CC5)cn4n3)c2)c1,Cc1cc(NC(=O)c2ccc(N)nc2)cc(-c2cccc(C(=O)c3ccc4nc(NC(=O)C5CC5)cn4n3)c2)c1,6.921832,-6.2629857
280,mol141,-13.99,Cc1ccc(C(=O)Nc2ccc(C(N)N)cc2)cc1NC(=O)c1cccc(N2C(=O)c3ccccc3C2=O)c1,Cc1ccc(C(=O)Nc2ccc(C(N)N)cc2)cc1NC(=O)c1cccc(N2C(=O)c3ccccc3C2=O)c1,6.3723702,-6.281606
840,mol200,-13.98,Cc1ccccc1-c1ccc(C(=O)c2cccc(NC(=O)c3cc4ccccc4o3)c2)cc1,Cc1ccccc1-c1ccc(C(=O)c2cccc(NC(=O)c3cc4ccccc4o3)c2)cc1,5.9838543,-6.949796
160,mol490,-13.98,Cc1cc(F)cc(C(=O)Nc2cc(-c3cccc(C(=O)Nc4ccc(C(=O)O)cc4)c3)on2)c1-c1cccc(C(F)(F)F)c1,Cc1cc(F)cc(C(=O)Nc2cc(-c3cccc(C(=O)Nc4ccc(C(=O)O)cc4)c3)on2)c1-c1cccc(C(F)(F)F)c1,6.7859964,-6.2591786
630,mol454,-13.98,Cc1ccccc1-c1cccc(C(=O)Nc2cccc(-c3ccc(CNC(=O)c4cccs4)cc3)c2)c1,Cc1ccccc1-c1cccc(C(=O)Nc2cccc(-c3ccc(CNC(=O)c4cccs4)cc3)c2)c1,5.9568624,-6.899817
380,mol261,-13.98,Cc1cc(NC(=O)c2ccc(-c3cccc(CNC(=O)c4cccc(C(=O)O)c4)c3)cc2C(=O)O)ccc1O,Cc1cc(NC(=O)c2ccc(-c3cccc(CNC(=O)c4cccc(C(=O)O)c4)c3)cc2C(=O)O)ccc1O,6.5934286,-5.382067
640,mol406,-13.96,Cc1ccc(NC(=O)c2cccc(C(=O)Nc3cccc(C(=O)O)c3)c2)cc1NS(=O)(=O)c1ccc(Oc2ccccc2Cc2ccccc2)cc1,Cc1ccc(NC(=O)c2cccc(C(=O)Nc3cccc(C(=O)O)c3)c2)cc1NS(=O)(=O)c1ccc(Oc2ccccc2Cc2ccccc2)cc1,6.676295,-6.2502775
450,mol464,-13.96,Cc1cn(-c2ncc(-c3ccc(-c4ccc(C(=O)O)cc4)cc3)s2)cc1Cc1ccc(S(=O)(=O)NC(=O)Nc2ccccc2)cc1,Cc1cn(-c2ncc(-c3ccc(-c4ccc(C(=O)O)cc4)cc3)s2)cc1Cc1ccc(S(=O)(=O)NC(=O)Nc2ccccc2)cc1,6.40792,-6.4973874
480,mol425,-13.96,Cc1ccc(NC(=O)c2cccc(C(=O)O)c2)cc1NC(=O)c1cncc(-c2ncc(Cc3ccccc3)s2)c1,Cc1ccc(NC(=O)c2cccc(C(=O)O)c2)cc1NC(=O)c1cncc(-c2ncc(Cc3ccccc3)s2)c1,6.7679267,-6.1698346
640,mol286,-13.96,Cc1ccc(C(=O)Nc2cccc(C(=O)O)c2)cc1NS(=O)(=O)c1ccc(-c2ccc(C(=O)O)cc2)cc1,Cc1ccc(C(=O)Nc2cccc(C(=O)O)c2)cc1NS(=O)(=O)c1ccc(-c2ccc(C(=O)O)cc2)cc1,6.9364133,-5.4483004
220,mol94,-13.95,CN(Cc1cnc2nc(N)nc(N)c2n1)c1ccc(NC(=O)c2cccc(-c3cccc(C(=O)O)c3)c2)cc1,CN(Cc1cnc2nc(N)nc(N)c2n1)c1ccc(NC(=O)c2cccc(-c3cccc(C(=O)O)c3)c2)cc1,6.5667615,-4.913139
140,mol20,-13.94,Cc1ccc(NC(=O)c2cccc(N3CCc4ccc(-c5ccccc5)cc4C3=O)c2)cc1,Cc1ccc(NC(=O)c2cccc(N3CCc4ccc(-c5ccccc5)cc4C3=O)c2)cc1,5.3092003,-6.2836304
260,mol338,-13.93,Cc1cc(CNC(=O)c2ccc(C(=O)Nc3ccc4ccccc4n3)cc2)cc(C(=O)N2Cc3ccccc3C[C@@H]2[C@@H](O)c2ccccn2)c1,Cc1cc(CNC(=O)c2ccc(C(=O)Nc3ccc4ccccc4n3)cc2)cc(C(=O)N2Cc3ccccc3C[C@@H]2[C@@H](O)c2ccccn2)c1,6.4802537,-6.367509
250,mol388,-13.92,Cc1cc(Oc2cccc(Nc3ccccc3)c2)ccc1-c1ccc2c(c1)C(=O)C(=O)N2,Cc1cc(Oc2cccc(Nc3ccccc3)c2)ccc1-c1ccc2c(c1)C(=O)C(=O)N2,5.987943,-7.523227
890,mol108,-13.92,CN(C(=O)Nc1ccc(F)cc1F)c1ccc(NC(=O)c2cccc(Oc3ccc(Cl)c(NC(=O)c4cccc(C(F)(F)F)c4)c3)c2)cc1,CN(C(=O)Nc1ccc(F)cc1F)c1ccc(NC(=O)c2cccc(Oc3ccc(Cl)c(NC(=O)c4cccc(C(F)(F)F)c4)c3)c2)cc1,6.569129,-7.0513983
440,mol76,-13.92,Cc1nc(Nc2ccc3ncccc3c2)cc(Nc2ncc(-c3cccc(C(=O)Nc4ccc(C(=O)O)c(C)c4)c3)s2)n1,Cc1nc(Nc2ccc3ncccc3c2)cc(Nc2ncc(-c3cccc(C(=O)Nc4ccc(C(=O)O)c(C)c4)c3)s2)n1,6.8999853,-5.701069
290,mol177,-13.92,Cc1c(-c2nc(Nc3cccc(C(=O)Nc4cccc(C(=O)O)c4)c3)cs2)cccc1S(=O)(=O)Nc1ccc2c(/C=C\c3ccccn3)ncnc2c1,Cc1c(-c2nc(Nc3cccc(C(=O)Nc4cccc(C(=O)O)c4)c3)cs2)cccc1S(=O)(=O)Nc1ccc2c(/C=C\c3ccccn3)ncnc2c1,6.6058154,-5.9204445
920,mol418,-13.92,Cc1ccccc1-c1ccc(C(=O)Nc2cccc(C(=O)c3ccc4ccccc4c3)c2)cc1,Cc1ccccc1-c1ccc(C(=O)Nc2cccc(C(=O)c3ccc4ccccc4c3)c2)cc1,5.926703,-6.990924
510,mol427,-13.92,Cc1ccc(C(=O)Nc2ccc(C(=O)O)cc2)cc1NC(=O)c1cccc(NC(=O)Cc2ccccc2)c1,Cc1ccc(C(=O)Nc2ccc(C(=O)O)cc2)cc1NC(=O)c1cccc(NC(=O)Cc2ccccc2)c1,6.459224,-6.248547
650,mol57,-13.91,Cc1ccccc1-c1cccc(C(=O)Nc2ccc(Nc3ccnc4ccc(N)cc34)cc2C(N)=O)c1,Cc1ccccc1-c1cccc(C(=O)Nc2ccc(Nc3ccnc4ccc(N)cc34)cc2C(N)=O)c1,6.0675206,-6.529997
230,mol276,-13.91,FC(F)(F)[C@@H]1CNC(c2ccc(-c3cccc(Nc4nccc(-c5ccccc5)n4)c3)cc2)=N1,FC(F)(F)[C@@H]1CNC(c2ccc(-c3cccc(Nc4nccc(-c5ccccc5)n4)c3)cc2)=N1,5.99763,-6.2231603
180,mol311,-13.91,Cc1c(NC(=O)c2cc(NC(=O)c3cc(C#N)ccc3N)ccc2F)ccc(F)c1Nc1nccc(-c2cccnc2)n1,Cc1c(NC(=O)c2cc(NC(=O)c3cc(C#N)ccc3N)ccc2F)ccc(F)c1Nc1nccc(-c2cccnc2)n1,6.52888,-6.878866
900,mol389,-13.91,CN(c1ccc(C(=O)NO)cc1)S(=O)(=O)c1ccc(-c2ccc(CNC(=O)c3cc4ccccc4o3)cc2)cc1,CN(c1ccc(C(=O)NO)cc1)S(=O)(=O)c1ccc(-c2ccc(CNC(=O)c3cc4ccccc4o3)cc2)cc1,6.625522,-6.1794047
140,mol132,-13.91,CN1C(=O)[C@@H](c2cccc(-c3cccc(N/C(N)=N/c4ccccc4)c3)c2)[NH2+][C@@H]1C(=O)Nc1cccc(-c2nccs2)c1,CN1C(=O)[C@@H](c2cccc(-c3cccc(N/C(N)=N/c4ccccc4)c3)c2)[NH2+][C@@H]1C(=O)Nc1cccc(-c2nccs2)c1,6.453147,-5.648878
260,mol204,-13.91,Cc1ccc(-n2nc(C(=O)NCc3ccccc3)cc2NC(=O)Nc2ccc(NC(=O)c3ccc4ccccc4c3)cc2)cc1,Cc1ccc(-n2nc(C(=O)NCc3ccccc3)cc2NC(=O)Nc2ccc(NC(=O)c3ccc4ccccc4c3)cc2)cc1,6.588949,-7.0618773
230,mol385,-13.91,Cc1ccc(NC(=O)c2cc(F)cc(N3CCC(F)(F)CC3)c2)cc1Nc1ncnn2cc(C(=O)c3ccccc3)cc2c1=O,Cc1ccc(NC(=O)c2cc(F)cc(N3CCC(F)(F)CC3)c2)cc1Nc1ncnn2cc(C(=O)c3ccccc3)cc2c1=O,6.5287094,-6.2658505
440,mol259,-13.91,Cc1cc(Nc2ccc(C(=O)O)c(C(=O)O)c2)ccc1Nc1ccc2[nH]c(-c3cccc(C(=O)Nc4ccc(C(=O)O)cc4)c3)cc2c1,Cc1cc(Nc2ccc(C(=O)O)c(C(=O)O)c2)ccc1Nc1ccc2[nH]c(-c3cccc(C(=O)Nc4ccc(C(=O)O)cc4)c3)cc2c1,6.8248167,-5.575387
250,mol386,-13.91,Cc1cccc(-c2cc(Nc3cccc4ncccc34)n(-c3cccc(NC(=O)Nc4cccc(C(=O)Nc5ccccc5F)c4)c3)n2)c1,Cc1cccc(-c2cc(Nc3cccc4ncccc34)n(-c3cccc(NC(=O)Nc4cccc(C(=O)Nc5ccccc5F)c4)c3)n2)c1,6.187175,-6.900071
520,mol113,-13.91,Cc1cc(Oc2cccc(-c3ccc(F)c(C(=O)O)c3)c2)ccc1-c1ccc2c(NC(=O)c3cccc(C(F)(F)F)c3)nncc2c1,Cc1cc(Oc2cccc(-c3ccc(F)c(C(=O)O)c3)c2)ccc1-c1ccc2c(NC(=O)c3cccc(C(F)(F)F)c3)nncc2c1,6.40611,-7.053228
570,mol94,-13.9,Cc1ccc(Nc2ncc3c(C)nc(-c4ccccc4Cl)n3n2)cc1NC(=O)C(=O)c1ccc(C(=O)O)c(C(=O)O)c1,Cc1ccc(Nc2ncc3c(C)nc(-c4ccccc4Cl)n3n2)cc1NC(=O)C(=O)c1ccc(C(=O)O)c(C(=O)O)c1,7.485499,-5.3501425
350,mol13,-13.9,Cc1ccc(C(=O)Nc2ccc(CCO)c(CO)c2)cc1Nc1ncnn2cc(-c3cnc(N)c(NC(=O)/C=C/c4ccccc4)c3)cc12,Cc1ccc(C(=O)Nc2ccc(CCO)c(CO)c2)cc1Nc1ncnn2cc(-c3cnc(N)c(NC(=O)/C=C/c4ccccc4)c3)cc12,6.9724555,-6.2570944
440,mol410,-13.9,Cc1ccc(NC(=O)c2ccc(C(=O)Nc3cccc(-c4nc5ccccc5[nH]4)c3)o2)cc1Nc1ccnc2ccc(N3CCC(F)(F)CC3)cc12,Cc1ccc(NC(=O)c2ccc(C(=O)Nc3cccc(-c4nc5ccccc5[nH]4)c3)o2)cc1Nc1ccnc2ccc(N3CCC(F)(F)CC3)cc12,6.4383254,-5.9542003
920,mol400,-13.9,Cc1ccc(C(=O)Nc2ccc(CC(=O)NO)cc2)cc1-c1ccc2[nH]c(-c3ccc(NC(=O)c4ccccc4)cc3)nc2c1,Cc1ccc(C(=O)Nc2ccc(CC(=O)NO)cc2)cc1-c1ccc2[nH]c(-c3ccc(NC(=O)c4ccccc4)cc3)nc2c1,6.7722287,-6.536263
970,mol177,-13.9,Cc1cc(C(=O)c2cccc(O)c2)ccc1-c1ccc2c(-c3ccc(OCc4ccncc4)cc3)ccnc2c1,Cc1cc(C(=O)c2cccc(O)c2)ccc1-c1ccc2c(-c3ccc(OCc4ccncc4)cc3)ccnc2c1,5.7921805,-6.6290784
780,mol351,-13.9,Cc1ccc(C(=O)Nc2ccc3nc(N)[nH]c(=O)c3c2)cc1C#Cc1cccc(-c2cnc3ccccc3n2)c1,Cc1ccc(C(=O)Nc2ccc3nc(N)[nH]c(=O)c3c2)cc1C#Cc1cccc(-c2cnc3ccccc3n2)c1,6.3643045,-7.233461
980,mol186,-13.89,COc1cccc(-c2ccc(-c3ccc(-c4nc5cc(C(N)N)ccc5[nH]4)cc3)cc2)c1,COc1cccc(-c2ccc(-c3ccc(-c4nc5cc(C(N)N)ccc5[nH]4)cc3)cc2)c1,5.854371,-6.7704964
190,mol301,-13.89,Nc1ccc(Nc2nccc(-c3cccc(C(=O)Nc4ccc(Cc5nccc(N)n5)cc4)c3)n2)cc1,Nc1ccc(Nc2nccc(-c3cccc(C(=O)Nc4ccc(Cc5nccc(N)n5)cc4)c3)n2)cc1,6.162055,-5.2833633
250,mol317,-13.88,Cc1cc(NC(=O)Nc2cccc(Nc3ccc4ccccc4n3)c2)ccc1NC(=O)c1sccc1S(=O)(=O)Nc1ccc(OC(F)(F)F)cc1,Cc1cc(NC(=O)Nc2cccc(Nc3ccc4ccccc4n3)c2)ccc1NC(=O)c1sccc1S(=O)(=O)Nc1ccc(OC(F)(F)F)cc1,6.4212637,-6.463543
260,mol141,-13.88,Cc1cc2cc(-c3ccnc(Nc4ccc(NC(=O)Nc5cccc(C(F)(F)F)c5)cc4)c3)ccc2n1CCc1ccc(CNC(=O)c2cccc(C(=O)O)c2)cc1,Cc1cc2cc(-c3ccnc(Nc4ccc(NC(=O)Nc5cccc(C(F)(F)F)c5)cc4)c3)ccc2n1CCc1ccc(CNC(=O)c2cccc(C(=O)O)c2)cc1,6.7191305,-5.51169
290,mol151,-13.88,Cc1ccccc1-c1cccc(C(=O)Nc2ccc(C3=CCc4c(F)cccc4CC3)cc2)c1,Cc1ccccc1-c1cccc(C(=O)Nc2ccc(C3=CCc4c(F)cccc4CC3)cc2)c1,5.6300006,-7.0193353
330,mol470,-13.87,Cc1cccc(-n2cc(-c3ccc(C(=O)Nc4ccc(Oc5ccccc5)cc4)cc3)c3ccccc32)c1,Cc1cccc(-n2cc(-c3ccc(C(=O)Nc4ccc(Oc5ccccc5)cc4)cc3)c3ccccc32)c1,5.5339227,-7.162763
950,mol434,-13.87,Cc1ccc(Oc2ccc(-c3ccc(O)c(F)c3)cc2)cc1NC(=O)c1cccc2ccccc12,Cc1ccc(Oc2ccc(-c3ccc(O)c(F)c3)cc2)cc1NC(=O)c1cccc2ccccc12,6.0331492,-7.5376816
740,mol19,-13.87,Cc1ccc(Nc2cnc3ccccc3n2)cc1NC(=O)c1ccc(-c2ccccc2C(=O)O)cc1,Cc1ccc(Nc2cnc3ccccc3n2)cc1NC(=O)c1ccc(-c2ccccc2C(=O)O)cc1,6.284944,-6.268906
660,mol103,-13.86,C[C@@H](Oc1cc(-c2ccc(S(N)(=O)=O)cc2)ccc1C(=O)O)c1ccc(-c2ccc(NC(=O)[C@H]3CCC[NH2+]C3)cc2)cc1,C[C@@H](Oc1cc(-c2ccc(S(N)(=O)=O)cc2)ccc1C(=O)O)c1ccc(-c2ccc(NC(=O)[C@H]3CCC[NH2+]C3)cc2)cc1,6.50697,-5.088083
130,mol341,-13.86,Cc1cn(-c2cccc([C@@H](O)CCCc3ccccc3)c2)c2cccc(-c3cncc(-c4cccc(C(=O)O)c4)c3)c12,Cc1cn(-c2cccc([C@@H](O)CCCc3ccccc3)c2)c2cccc(-c3cncc(-c4cccc(C(=O)O)c4)c3)c12,6.4419756,-5.558043
560,mol474,-13.86,Cc1ccc(Nc2nccc(-c3ccnc(-c4ccccc4Cl)c3N)n2)cc1NC(=O)NC1CCCCC1,Cc1ccc(Nc2nccc(-c3ccnc(-c4ccccc4Cl)c3N)n2)cc1NC(=O)NC1CCCCC1,7.069684,-6.131084
530,mol468,-13.85,Cc1ccc(C(=O)Nc2ccccc2C(=O)Nc2cccc(C(F)(F)F)c2)cc1NC(=O)c1ccc(-c2ccccc2)cc1,Cc1ccc(C(=O)Nc2ccccc2C(=O)Nc2cccc(C(F)(F)F)c2)cc1NC(=O)c1ccc(-c2ccccc2)cc1,6.0641546,-7.272052
200,mol210,-13.85,Cc1ccc(NC(=O)c2ccc(C[NH+]3CCN(S(C)(=O)=O)CC3)cc2)cc1Nc1ncnn2cc(C(=O)Nc3cccc(C(N)=O)c3)cc12,Cc1ccc(NC(=O)c2ccc(C[NH+]3CCN(S(C)(=O)=O)CC3)cc2)cc1Nc1ncnn2cc(C(=O)Nc3cccc(C(N)=O)c3)cc12,7.192705,-3.7760532
350,mol428,-13.85,Cc1nn(-c2cccc(C(=O)Nc3ccc(Nc4cccc(C(=O)O)c4)cc3)c2)c2cc(NCCNC(=O)c3ccc4ccccc4c3)ccc12,Cc1nn(-c2cccc(C(=O)Nc3ccc(Nc4cccc(C(=O)O)c4)cc3)c2)c2cc(NCCNC(=O)c3ccc4ccccc4c3)ccc12,6.725865,-5.6496925
700,mol479,-13.84,CC(=O)Nc1cccc(-c2cccc(NC(=O)c3ccc4ccccc4c3)c2C(=O)O)c1,CC(=O)Nc1cccc(-c2cccc(NC(=O)c3ccc4ccccc4c3)c2C(=O)O)c1,6.4803195,-6.1208205
510,mol330,-13.84,Cc1ccc(Nc2ccc3ccccc3n2)cc1Nc1nccc(-c2cnc3ccccc3c2)n1,Cc1ccc(Nc2ccc3ccccc3n2)cc1Nc1nccc(-c2cnc3ccccc3c2)n1,6.3084674,-6.3848553
980,mol301,-13.84,Cn1c(-c2ccc(C(=O)Nc3ccc4nc(NC(=O)C5CC5)ccc4c3)cc2)cc2cc(OCc3ccccc3)ccc21,Cn1c(-c2ccc(C(=O)Nc3ccc4nc(NC(=O)C5CC5)ccc4c3)cc2)cc2cc(OCc3ccccc3)ccc21,6.114166,-6.6308484
880,mol402,-13.84,Cc1ccc(CNC(=O)c2ccc(Cc3ccccc3NC(=O)c3ccc4c(C)cc(=O)oc4c3)cc2)cc1,Cc1ccc(CNC(=O)c2ccc(Cc3ccccc3NC(=O)c3ccc4c(C)cc(=O)oc4c3)cc2)cc1,6.1558623,-6.919199
700,mol276,-13.83,CS(=O)(=O)c1cccc(-c2cnc(Nc3cc(-c4ccc(C(=O)N5CCOCC5)cc4)cnc3N)s2)c1,CS(=O)(=O)c1cccc(-c2cnc(Nc3cc(-c4ccc(C(=O)N5CCOCC5)cc4)cnc3N)s2)c1,6.992203,-4.15895
230,mol19,-13.83,Cc1ccc(-c2ocnc2C(=O)Nc2ccc(Nc3ccnc4cc(-c5ccccc5)ccc34)cc2)cc1,Cc1ccc(-c2ocnc2C(=O)Nc2ccc(Nc3ccnc4cc(-c5ccccc5)ccc34)cc2)cc1,5.5238996,-7.0166097
740,mol325,-13.83,Cc1ccc(C(=O)Nc2cccc(C(F)(F)F)c2)cc1C(=O)Nc1cc(Cc2cccc(NC(=O)C[NH+]3CCOCC3)c2)cnc1N,Cc1ccc(C(=O)Nc2cccc(C(F)(F)F)c2)cc1C(=O)Nc1cc(Cc2cccc(NC(=O)C[NH+]3CCOCC3)c2)cnc1N,7.26988,-4.7746987
610,mol197,-13.83,Cc1ccc(NC(=O)c2cccc(Cc3ccc(C(=O)O)cc3)c2)cc1NC(=O)c1ccc2ccccc2c1,Cc1ccc(NC(=O)c2cccc(Cc3ccc(C(=O)O)cc3)c2)cc1NC(=O)c1ccc2ccccc2c1,6.4313364,-6.419865
410,mol214,-13.83,Cc1ccc(NC(=O)c2cccc(C(=O)Nc3cccc(C(=O)O)c3)c2)cc1NC(=O)c1cnc2ccccc2n1,Cc1ccc(NC(=O)c2cccc(C(=O)Nc3cccc(C(=O)O)c3)c2)cc1NC(=O)c1cnc2ccccc2n1,6.6074505,-6.122156
830,mol82,-13.83,Cc1ccc(NC(=O)c2cccc(C(F)(F)F)c2)cc1-c1ccc(C(=O)Nc2ccccc2C(=O)O)cc1,Cc1ccc(NC(=O)c2cccc(C(F)(F)F)c2)cc1-c1ccc(C(=O)Nc2ccccc2C(=O)O)cc1,6.3050456,-6.6083803
330,mol418,-13.83,CN(c1ccc(-c2cc3c(Nc4cccc(C(=O)O)c4)ncnc3o2)cc1)S(=O)(=O)c1ccc2ccccc2c1,CN(c1ccc(-c2cc3c(Nc4cccc(C(=O)O)c4)ncnc3o2)cc1)S(=O)(=O)c1ccc2ccccc2c1,6.4530616,-5.780179
320,mol352,-13.82,Cc1cc(NC(=O)Nc2cccc(C(F)(F)F)c2)sc1-c1ccc(/C=C\C(=O)NO)cc1,Cc1cc(NC(=O)Nc2cccc(C(F)(F)F)c2)sc1-c1ccc(/C=C\C(=O)NO)cc1,5.9811935,-6.7669625
510,mol37,-13.82,COc1cc(OCc2ccc(-c3ccc4ccccc4c3)cc2)ccc1CC(=O)N[C@H]1O[C@H](CO)[C@@H](O)[C@H](O)[C@H]1O,COc1cc(OCc2ccc(-c3ccc4ccccc4c3)cc2)ccc1CC(=O)N[C@H]1O[C@H](CO)[C@@H](O)[C@H](O)[C@H]1O,6.759823,-4.3023024
510,mol473,-13.82,COc1ccc(-c2ccc(C(=O)Nc3ccc(-c4ccc(O[C@H]5CC[C@](C)(O)O[C@H](C(=O)O)C5)cc4)cc3)cc2)cc1,COc1ccc(-c2ccc(C(=O)Nc3ccc(-c4ccc(O[C@H]5CC[C@](C)(O)O[C@H](C(=O)O)C5)cc4)cc3)cc2)cc1,6.012662,-6.6062613
330,mol291,-13.82,Cc1cc(-c2cccc(C(=O)O)c2)ccc1OCc1cccc(-c2ccc(S(C)(=O)=O)cc2)c1,Cc1cc(-c2cccc(C(=O)O)c2)ccc1OCc1cccc(-c2ccc(S(C)(=O)=O)cc2)c1,6.3119836,-6.037903
380,mol365,-13.82,Cc1cc(Oc2cccc(-c3cccc(-c4cccc(Cl)c4)c3)c2)cc(C=O)c1O,Cc1cc(Oc2cccc(-c3cccc(-c4cccc(Cl)c4)c3)c2)cc(C=O)c1O,6.206806,-7.449619
880,mol482,-13.81,CC(=O)Nc1cccc(-c2ccc(NC(=O)c3ccc4ccccc4c3)cc2)c1,CC(=O)Nc1cccc(-c2ccc(NC(=O)c3ccc4ccccc4c3)cc2)c1,5.803464,-6.4993005
260,mol450,-13.81,Cc1ccc(NC(=O)c2ccc(C(C)(C)C)cc2)cc1-c1ccc(Nc2nccc(-c3ccccn3)n2)cc1,Cc1ccc(NC(=O)c2ccc(C(C)(C)C)cc2)cc1-c1ccc(Nc2nccc(-c3ccccn3)n2)cc1,5.910713,-6.418613
480,mol5,-13.81,CNC(=O)c1cccc(NC(=O)c2cn3ncnc(Nc4cc(C(=O)Nc5ccc(C[NH+]6CCOCC6)cc5)ccc4C)c3c2N)c1,CNC(=O)c1cccc(NC(=O)c2cn3ncnc(Nc4cc(C(=O)Nc5ccc(C[NH+]6CCOCC6)cc5)ccc4C)c3c2N)c1,7.105069,-3.6293197
760,mol69,-13.81,Cc1ccc(NC(=O)c2cccc(C(=O)Nc3ccc(NC(=O)c4ccccc4Cl)cc3)c2)cc1NC(=O)c1cccs1,Cc1ccc(NC(=O)c2cccc(C(=O)Nc3ccc(NC(=O)c4ccccc4Cl)cc3)c2)cc1NC(=O)c1cccs1,6.5603533,-7.0835967
540,mol44,-13.81,Cc1ccc2cc(NC(=O)Nc3cccc(Nc4ncnc5ccccc45)c3)ccc2n1,Cc1ccc2cc(NC(=O)Nc3cccc(Nc4ncnc5ccccc45)c3)ccc2n1,6.301955,-5.8486505
360,mol249,-13.8,Cc1cc(F)ccc1-c1ccc(S(=O)(=O)Nc2ccc(NC(=O)Nc3cccc4ccccc34)cc2)cc1,Cc1cc(F)ccc1-c1ccc(S(=O)(=O)Nc2ccc(NC(=O)Nc3cccc4ccccc34)cc2)cc1,6.1090817,-6.762774
80,mol49,-13.8,Cc1ncc(C(=O)Nc2cccc(Oc3ccc(Cl)cc3)c2)cc1NC(=O)c1ccc(-c2ccccc2)cc1,Cc1ncc(C(=O)Nc2cccc(Oc3ccc(Cl)cc3)c2)cc1NC(=O)c1ccc(-c2ccccc2)cc1,5.9858747,-7.3628874
830,mol407,-13.8,Cc1cc(COc2ccc(NC(=O)c3ccc4[nH]ncc4c3)cc2CN2CCC(Cc3ccccc3)CC2)ccc1-c1cccc(/C=C/c2cccc(C(=O)O)c2)c1,Cc1cc(COc2ccc(NC(=O)c3ccc4[nH]ncc4c3)cc2CN2CCC(Cc3ccccc3)CC2)ccc1-c1cccc(/C=C/c2cccc(C(=O)O)c2)c1,6.1576986,-6.3791165
250,mol180,-13.8,Cc1cc(NC(=O)c2ccc(C(=O)Nc3ccccc3N)cc2)ccc1NC(=O)c1cc(C(=O)Nc2cccc(S(=O)(=O)N(C)C)c2)ccc1F,Cc1cc(NC(=O)c2ccc(C(=O)Nc3ccccc3N)cc2)ccc1NC(=O)c1cc(C(=O)Nc2cccc(S(=O)(=O)N(C)C)c2)ccc1F,6.7037373,-6.49478
310,mol356,-13.8,Cc1cc(NC(=O)c2cccc(C(=O)c3cccc(NC(=O)c4cccc(C(F)(F)F)c4)c3)c2)ccc1C(=O)O,Cc1cc(NC(=O)c2cccc(C(=O)c3cccc(NC(=O)c4cccc(C(F)(F)F)c4)c3)c2)ccc1C(=O)O,6.525501,-6.0212994
810,mol434,-13.79,Cc1ccc(C(=O)Nc2ccon2)cc1-c1ccc2nc(NC(=O)c3cccnc3N)sc2c1,Cc1ccc(C(=O)Nc2ccon2)cc1-c1ccc2nc(NC(=O)c3cccnc3N)sc2c1,6.7635307,-6.487284
300,mol296,-13.79,Cc1ccc(-c2oc(-c3cccnc3)cc2-c2ccc(NC(=O)Nc3cccc4ccccc34)cc2)cc1,Cc1ccc(-c2oc(-c3cccnc3)cc2-c2ccc(NC(=O)Nc3cccc4ccccc34)cc2)cc1,5.4670415,-6.9585094
260,mol72,-13.78,Cc1c(NS(=O)(=O)c2ccc(Cl)c(C(F)(F)F)c2)cccc1Oc1ccc(NC(=O)Nc2cccc3ccccc23)cc1,Cc1c(NS(=O)(=O)c2ccc(Cl)c(C(F)(F)F)c2)cccc1Oc1ccc(NC(=O)Nc2cccc3ccccc23)cc1,6.202439,-7.0321035
450,mol3,-13.78,Cc1ccc(NC(=O)c2cccc(C(=O)Nc3cccc(S(N)(=O)=O)c3)c2)cc1Nc1nccc(-c2cccnc2)n1,Cc1ccc(NC(=O)c2cccc(C(=O)Nc3cccc(S(N)(=O)=O)c3)c2)cc1Nc1nccc(-c2cccnc2)n1,6.811998,-5.927864
520,mol196,-13.78,Cc1ccc(NC(=O)c2cccc(C(F)(F)F)c2)cc1N1Cc2ccc(-c3ccccc3)cc2C1=O,Cc1ccc(NC(=O)c2cccc(C(F)(F)F)c2)cc1N1Cc2ccc(-c3ccccc3)cc2C1=O,5.7097135,-7.057417
250,mol339,-13.78,Cc1ccc(NC(=O)c2ccc(C[N@H+]3CC[C@@H]([NH+](C)C)CC3)cc2)cc1Nc1ncnn2cc(C(=O)Nc3cccc(C(=O)Nc4ccccc4)c3)c(N)c12,Cc1ccc(NC(=O)c2ccc(C[N@H+]3CC[C@@H]([NH+](C)C)CC3)cc2)cc1Nc1ncnn2cc(C(=O)Nc3cccc(C(=O)Nc4ccccc4)c3)c(N)c12,6.7480974,-4.453227
550,mol115,-13.78,CC(=O)Nc1cccc(-c2cccc(Nc3nccc(-c4cccc(C(=O)N5CCN(C(C)=O)CC5)c4)n3)c2)c1,CC(=O)Nc1cccc(-c2cccc(Nc3nccc(-c4cccc(C(=O)N5CCN(C(C)=O)CC5)c4)n3)c2)c1,7.1300273,-4.8683558
490,mol356,-13.77,Nc1ncc(-c2cnc(C(=O)NCc3ccccc3)cc2C2CC2)cc1Nc1nccc(-c2cccnc2)n1,Nc1ncc(-c2cnc(C(=O)NCc3ccccc3)cc2C2CC2)cc1Nc1nccc(-c2cccnc2)n1,6.7631216,-5.8944516
610,mol374,-13.77,Cc1ccc(C(=O)Nc2ccc(Nc3ccnc4cc(Cl)ccc34)cc2)cc1NC(=O)c1ccc(Cl)cc1,Cc1ccc(C(=O)Nc2ccc(Nc3ccnc4cc(Cl)ccc34)cc2)cc1NC(=O)c1ccc(Cl)cc1,6.550021,-6.9116764
250,mol31,-13.77,Nc1cccc(-c2cnc3cccc(NCc4cccc(C(=O)Nc5cccc(NC(=O)Nc6ccccc6)c5)c4)c3n2)c1,Nc1cccc(-c2cnc3cccc(NCc4cccc(C(=O)Nc5cccc(NC(=O)Nc6ccccc6)c5)c4)c3n2)c1,6.4041996,-6.445831
430,mol98,-13.77,Cc1cc(-c2ccc(CCC(=O)O)cc2)ccc1-c1ccc(Nc2cc(N3CCOCC3)nc(Nc3ccc([N+](=O)[O-])cc3)n2)cc1,Cc1cc(-c2ccc(CCC(=O)O)cc2)ccc1-c1ccc(Nc2cc(N3CCOCC3)nc(Nc3ccc([N+](=O)[O-])cc3)n2)cc1,6.617623,-6.204434
750,mol292,-13.76,Cc1ccc(C(=O)Nc2ccc(Oc3ncnc4ccccc34)cc2)cc1NC(=O)c1cccnc1,Cc1ccc(C(=O)Nc2ccc(Oc3ncnc4ccccc34)cc2)cc1NC(=O)c1cccnc1,6.467057,-6.842563
360,mol253,-13.76,Cc1cc(NC(=O)c2ccc(CC(=O)O)cc2)ccc1-c1ccc2[nH]c(-c3cccc(CO)c3)nc2c1,Cc1cc(NC(=O)c2ccc(CC(=O)O)cc2)ccc1-c1ccc2[nH]c(-c3cccc(CO)c3)nc2c1,6.558362,-6.348606
500,mol445,-13.76,Cc1cc(-c2cccc(C(=O)O)c2)ccc1Nc1nccc(Cc2n[nH]c3ccccc23)n1,Cc1cc(-c2cccc(C(=O)O)c2)ccc1Nc1nccc(Cc2n[nH]c3ccccc23)n1,6.550519,-5.472002
400,mol296,-13.76,Cc1ccc(C(=O)Nc2ccc(-c3cc4ccccc4[nH]c3=O)cc2C(=O)O)cc1,Cc1ccc(C(=O)Nc2ccc(-c3cc4ccccc4[nH]c3=O)cc2C(=O)O)cc1,6.123031,-6.156626
870,mol434,-13.76,Cc1ccc(-c2nc3cc(Cl)ccc3[nH]2)cc1NC(=O)c1ccc(-c2ccc(C(=O)O)cc2C(=O)O)cc1,Cc1ccc(-c2nc3cc(Cl)ccc3[nH]2)cc1NC(=O)c1ccc(-c2ccc(C(=O)O)cc2C(=O)O)cc1,6.5878468,-6.2133603
900,mol371,-13.76,[H][P@TB6](O)(O)(O)C(F)(F)c1ccc(C(=O)N(C)C2CCN(Cc3cccc(Nc4nccc(-c5ccccc5)n4)c3)CC2)cc1,[H][P@TB6](O)(O)(O)C(F)(F)c1ccc(C(=O)N(C)C2CCN(Cc3cccc(Nc4nccc(-c5ccccc5)n4)c3)CC2)cc1,6.611634,-5.312509
680,mol419,-13.76,Cc1ccc(C(=O)Nc2cccc(C(F)(F)F)c2)cc1C(=O)Nc1cnn(Cc2ccc(C(=O)NS(=O)(=O)c3ccc(F)c(C(F)(F)F)c3)cc2)c1,Cc1ccc(C(=O)Nc2cccc(C(F)(F)F)c2)cc1C(=O)Nc1cnn(Cc2ccc(C(=O)NS(=O)(=O)c3ccc(F)c(C(F)(F)F)c3)cc2)c1,6.7872787,-5.9420395
180,mol404,-13.75,Cc1cnc(NC(=O)Nc2cccc(-c3cccc(C(=O)NCc4cccc(C(=O)Nc5cccc([N+](=O)[O-])c5)c4)c3)c2)cn1,Cc1cnc(NC(=O)Nc2cccc(-c3cccc(C(=O)NCc4cccc(C(=O)Nc5cccc([N+](=O)[O-])c5)c4)c3)c2)cn1,6.906543,-6.9859
290,mol12,-13.75,Cc1cc(Nc2cc(NC(=O)c3ccc(C#N)cc3)nn3cccc23)ccc1NC(=O)c1ccc(N2C(=O)Cc3ccccc32)cc1,Cc1cc(Nc2cc(NC(=O)c3ccc(C#N)cc3)nn3cccc23)ccc1NC(=O)c1ccc(N2C(=O)Cc3ccccc32)cc1,6.828555,-7.0577583
350,mol152,-13.75,Cc1cc(NC(=O)c2ccc(C(=O)Nc3ccn[nH]3)cc2)ccc1-c1nccc2ccccc12,Cc1cc(NC(=O)c2ccc(C(=O)Nc3ccn[nH]3)cc2)ccc1-c1nccc2ccccc12,6.399254,-6.526922
580,mol273,-13.74,Cc1ccc(NC(=O)c2cccc(C(=O)O)c2N)cc1Nc1ccnc(-c2c[nH]c3ccccc23)n1,Cc1ccc(NC(=O)c2cccc(C(=O)O)c2N)cc1Nc1ccnc(-c2c[nH]c3ccccc23)n1,6.551408,-5.797452
350,mol101,-13.74,Cc1ccc(N2C(=O)C[C@H](Cc3ccc4ccccc4c3)C2=O)cc1NS(=O)(=O)c1ccc(-c2cccc(C(=O)O)c2)cc1,Cc1ccc(N2C(=O)C[C@H](Cc3ccc4ccccc4c3)C2=O)cc1NS(=O)(=O)c1ccc(-c2cccc(C(=O)O)c2)cc1,5.617797,-6.2742333
320,mol135,-13.74,Cc1ncc(CN(C)c2ccc(C(=O)Nc3ccc4nc(N)nc(N)c4c3)cc2)cc1-c1ccnc(Nc2ccc(S(C)(=O)=O)cc2)n1,Cc1ncc(CN(C)c2ccc(C(=O)Nc3ccc4nc(N)nc(N)c4c3)cc2)cc1-c1ccnc(Nc2ccc(S(C)(=O)=O)cc2)n1,6.871705,-5.8720145
380,mol148,-13.74,CC(=O)N[C@@H]1CNc2ccc(-c3ccc(C(=O)Nc4ccc(Oc5ccccc5)cc4)cc3)cc2C1,CC(=O)N[C@@H]1CNc2ccc(-c3ccc(C(=O)Nc4ccc(Oc5ccccc5)cc4)cc3)cc2C1,6.017599,-6.620819
360,mol305,-13.74,Cc1cc(-c2ccc3c(c2)NC(=O)CO3)ccc1Nc1cccc(C(=O)N[C@H](Cc2ccccc2)[C@H](O)c2nc3ccccc3[nH]2)c1,Cc1cc(-c2ccc3c(c2)NC(=O)CO3)ccc1Nc1cccc(C(=O)N[C@H](Cc2ccccc2)[C@H](O)c2nc3ccccc3[nH]2)c1,6.568203,-6.7106433
890,mol448,-13.73,CNC(=O)c1ccc(Oc2cccc(-c3ccc4c(c3)CC/C4=N/OCc3ccc(C)c(C)c3)c2)cc1,CNC(=O)c1ccc(Oc2cccc(-c3ccc4c(c3)CC/C4=N/OCc3ccc(C)c(C)c3)c2)cc1,6.1115804,-7.154086
30,mol344,-13.73,Cc1ccc(NC(=O)c2cccc(Cn3cc(NC(=O)Nc4ccccc4C(=O)O)c4ccccc43)c2)cc1,Cc1ccc(NC(=O)c2cccc(Cn3cc(NC(=O)Nc4ccccc4C(=O)O)c4ccccc43)c2)cc1,6.1303334,-6.2818317
200,mol53,-13.73,Cc1c(Oc2nccc3ccc(C(=O)O)cc23)ccc(C(=O)Nc2cc(C(=O)Nc3ccc(C(=O)Nc4cccc(C(F)(F)F)c4)s3)ccc2F)c1O,Cc1c(Oc2nccc3ccc(C(=O)O)cc23)ccc(C(=O)Nc2cc(C(=O)Nc3ccc(C(=O)Nc4cccc(C(F)(F)F)c4)s3)ccc2F)c1O,6.8919363,-6.6425605
260,mol98,-13.73,Cc1c(Cc2cccc(/C=N/O)c2)cccc1Oc1cccc(NC(=O)Nc2cccc(C(=O)O)c2)c1,Cc1c(Cc2cccc(/C=N/O)c2)cccc1Oc1cccc(NC(=O)Nc2cccc(C(=O)O)c2)c1,6.4313354,-6.7522993
710,mol327,-13.73,Cc1ccc(C(=O)Nc2ccc(S(=O)(=O)Nc3nccc(Cc4ccc5ccccc5c4)n3)cc2)cc1,Cc1ccc(C(=O)Nc2ccc(S(=O)(=O)Nc3nccc(Cc4ccc5ccccc5c4)n3)cc2)cc1,6.0654883,-6.632374
200,mol470,-13.73,Cc1ccc(C(=O)Nc2cccc(-c3ccc(NC(=O)c4cccc(C(=O)Nc5ccccc5[N+](=O)[O-])c4)s3)c2)cc1,Cc1ccc(C(=O)Nc2cccc(-c3ccc(NC(=O)c4cccc(C(=O)Nc5ccccc5[N+](=O)[O-])c4)s3)c2)cc1,6.4576564,-7.0162344
620,mol335,-13.73,Cc1ccc(C(=O)Nc2ccc(C[N@H+]3CC[N@@H+](C)CC3)c(C(F)(F)F)c2)cc1NC(=O)c1ccc(-c2ccc(C[NH+]3CCOCC3)cc2)cc1,Cc1ccc(C(=O)Nc2ccc(C[N@H+]3CC[N@@H+](C)CC3)c(C(F)(F)F)c2)cc1NC(=O)c1ccc(-c2ccc(C[NH+]3CCOCC3)cc2)cc1,6.568316,-2.9709747
190,mol339,-13.72,CN(c1ccc(Cc2cccc(CC(=O)O)c2)cc1)S(=O)(=O)c1ccc(Nc2ccc3c(N)nccc3n2)cc1,CN(c1ccc(Cc2cccc(CC(=O)O)c2)cc1)S(=O)(=O)c1ccc(Nc2ccc3c(N)nccc3n2)cc1,6.619665,-5.6756186
760,mol66,-13.72,Cc1ccc(NC(=O)c2cccc(-n3cccn3)c2)cc1NC(=O)c1ccc(-c2ccccc2)cc1,Cc1ccc(NC(=O)c2cccc(-n3cccn3)c2)cc1NC(=O)c1ccc(-c2ccccc2)cc1,5.8760576,-6.379937
160,mol133,-13.72,CNS(=O)(=O)Nc1ccc(F)c(-c2ccc3ncnc(Nc4ccc(NC(=O)Nc5ccc(Nc6ccccc6)cc5)cc4)c3c2)c1,CNS(=O)(=O)Nc1ccc(F)c(-c2ccc3ncnc(Nc4ccc(NC(=O)Nc5ccc(Nc6ccccc6)cc5)cc4)c3c2)c1,6.5161376,-6.485287
460,mol445,-13.72,Cc1ccc(Nc2nccc(-c3c[nH]c4ccccc34)n2)cc1-c1ccc2cccc(C(=O)O)c2n1,Cc1ccc(Nc2nccc(-c3c[nH]c4ccccc34)n2)cc1-c1ccc2cccc(C(=O)O)c2n1,6.527557,-6.0591865
400,mol434,-13.72,Cc1cc(NC(=O)c2cccc(NC(=O)c3ccc4ccccc4n3)c2)cc(N2CCC[C@H](O)C2)c1,Cc1cc(NC(=O)c2cccc(NC(=O)c3ccc4ccccc4n3)c2)cc(N2CCC[C@H](O)C2)c1,6.5513697,-5.9173207
850,mol97,-13.71,Cc1ccccc1-c1cccc(Nc2nccc(Nc3ccccc3C(=O)Nc3cccc(S(C)(=O)=O)c3)n2)c1,Cc1ccccc1-c1cccc(Nc2nccc(Nc3ccccc3C(=O)Nc3cccc(S(C)(=O)=O)c3)n2)c1,6.1013494,-6.876019
280,mol245,-13.71,Cc1ccccc1-n1cc(-c2cnc3[nH]ccc3c2)cc1C(=O)Nc1ccc(Nc2ccnc3cc(N)ccc23)cc1,Cc1ccccc1-n1cc(-c2cnc3[nH]ccc3c2)cc1C(=O)Nc1ccc(Nc2ccnc3cc(N)ccc23)cc1,6.3171735,-6.0477505
210,mol75,-13.71,Cc1cc(NC(=O)c2cccc(-n3cc(NC(=O)NCc4ccc(Cl)cc4)cn3)c2)cc(N2C[C@H]2C(=O)Nc2ccc3c(c2)CC(=O)N3)c1,Cc1cc(NC(=O)c2cccc(-n3cc(NC(=O)NCc4ccc(Cl)cc4)cn3)c2)cc(N2C[C@H]2C(=O)Nc2ccc3c(c2)CC(=O)N3)c1,6.881801,-6.3987565
370,mol295,-13.71,Cc1cc(NC(=O)c2ccc(C(=O)NCc3ccccc3C(=O)NO)cc2)cc2ccccc12,Cc1cc(NC(=O)c2ccc(C(=O)NCc3ccccc3C(=O)NO)cc2)cc2ccccc12,6.493387,-5.819784
490,mol255,-13.71,Cc1ccc(NC(=O)c2cccc(-c3ccccc3C(=O)O)c2)cc1Nc1nccc(-c2cccnc2)n1,Cc1ccc(NC(=O)c2cccc(-c3ccccc3C(=O)O)c2)cc1Nc1nccc(-c2cccnc2)n1,6.619125,-5.97379
820,mol255,-13.7,Cc1ccc(C(=O)c2ccc3c(c2)Cc2c-3n[nH]c2-c2ccc(NCc3cccc(Cl)c3)cc2)cc1,Cc1ccc(C(=O)c2ccc3c(c2)Cc2c-3n[nH]c2-c2ccc(NCc3cccc(Cl)c3)cc2)cc1,5.53553,-6.3114986
790,mol148,-13.7,Cc1ccc(C(=O)Nc2cc[nH]n2)cc1C(=O)Nc1ccc(-c2ccnc3[nH]ccc23)cc1,Cc1ccc(C(=O)Nc2cc[nH]n2)cc1C(=O)Nc1ccc(-c2ccnc3[nH]ccc23)cc1,6.5440416,-6.540192
390,mol152,-13.7,CC(=O)c1ccc(NC(=O)c2cccc(C(=O)Nc3ccc(Nc4nccc(-c5ccccc5)n4)cc3)c2)cc1,CC(=O)c1ccc(NC(=O)c2cccc(C(=O)Nc3ccc(Nc4nccc(-c5ccccc5)n4)cc3)c2)cc1,6.2586384,-6.22245
730,mol462,-13.7,CNC(=O)[C@@H](Cc1ccc(O[PH](O)(O)O)cc1)NC(=O)c1ccc(C(=O)c2cccc(NCc3ccccc3C(F)(F)F)c2)cc1,CNC(=O)[C@@H](Cc1ccc(O[PH](O)(O)O)cc1)NC(=O)c1ccc(C(=O)c2cccc(NCc3ccccc3C(F)(F)F)c2)cc1,6.541544,-5.295978
230,mol67,-13.7,Cc1cc2cc(NC(=O)c3ccc4c(c3)C(=O)c3ccccc3C4=O)ccc2[nH]c1=O,Cc1cc2cc(NC(=O)c3ccc4c(c3)C(=O)c3ccccc3C4=O)ccc2[nH]c1=O,5.976883,-5.996171
910,mol329,-13.7,Cc1ccc(NC(=O)c2cccc(C(F)(F)F)c2)cc1NC(=O)c1ccc(Nc2ccnc3ccc(-c4ccncc4)cc23)cc1,Cc1ccc(NC(=O)c2cccc(C(F)(F)F)c2)cc1NC(=O)c1ccc(Nc2ccnc3ccc(-c4ccncc4)cc23)cc1,6.132129,-6.783076
460,mol430,-13.7,Nc1cccc(-c2n[nH]c(-c3ccnc(Nc4cccc(N5Cc6ccccc6C5)c4)c3)n2)c1,Nc1cccc(-c2n[nH]c(-c3ccnc(Nc4cccc(N5Cc6ccccc6C5)c4)c3)n2)c1,6.134628,-5.8730435
170,mol58,-13.69,CN(C(=O)c1ccc(NC(=O)c2ccc(Nc3nccc(Nc4cc(C5CC5)[nH]n4)n3)cc2)cc1)c1cccc(C(F)(F)F)c1,CN(C(=O)c1ccc(NC(=O)c2ccc(Nc3nccc(Nc4cc(C5CC5)[nH]n4)n3)cc2)cc1)c1cccc(C(F)(F)F)c1,6.7586436,-6.4867773
260,mol166,-13.69,Cc1ccc(NC(=O)c2cccc(N3CCC[C@H]([NH3+])C3)c2)cc1Nc1nc(Nc2ccc(Oc3cccc(NC(=O)c4ccccc4)c3)cc2)ncc1C(F)(F)F,Cc1ccc(NC(=O)c2cccc(N3CCC[C@H]([NH3+])C3)c2)cc1Nc1nc(Nc2ccc(Oc3cccc(NC(=O)c4ccccc4)c3)cc2)ncc1C(F)(F)F,6.7946105,-6.5894356
310,mol347,-13.69,CN(Cc1ccc(OC(=O)Nc2cccc(NC(=O)c3ccc(Nc4ccnc5ccccc45)cc3)c2)cc1)C(=O)c1ccc(-c2ccc([N+](=O)[O-])cc2)o1,CN(Cc1ccc(OC(=O)Nc2cccc(NC(=O)c3ccc(Nc4ccnc5ccccc45)cc3)c2)cc1)C(=O)c1ccc(-c2ccc([N+](=O)[O-])cc2)o1,6.528487,-6.656432
500,mol97,-13.69,c1cc(C[n+]2ccc3ccc(-c4ccc5cc[nH]c5c4)cc3n2)cc(-c2ncnc3n[nH]cc23)c1,c1cc(C[n+]2ccc3ccc(-c4ccc5cc[nH]c5c4)cc3n2)cc(-c2ncnc3n[nH]cc23)c1,5.9927135,-5.7358623
330,mol489,-13.69,Cc1nc(-c2ccc(C(=O)NCc3cccc(-c4cncc(C(F)(F)F)c4)c3)cc2)cc(N2CCN(C(=O)Cc3ccccc3)CC2)n1,Cc1nc(-c2ccc(C(=O)NCc3cccc(-c4cncc(C(F)(F)F)c4)c3)cc2)cc(N2CCN(C(=O)Cc3ccccc3)CC2)n1,6.3688874,-6.4800262
350,mol8,-13.69,Nc1nc2c(s1)Cc1ccc(-c3cccc(C(=O)NCc4cccc(C(F)(F)F)c4)c3)cc1N2,Nc1nc2c(s1)Cc1ccc(-c3cccc(C(=O)NCc4cccc(C(F)(F)F)c4)c3)cc1N2,6.5067964,-6.4257846
660,mol489,-13.68,Cc1cc(CNC(=O)c2cccc(C(=O)Nc3ccc(C)c(Nc4nccc(-c5cccnc5)n4)c3)c2)ccc1Cl,Cc1cc(CNC(=O)c2cccc(C(=O)Nc3ccc(C)c(Nc4nccc(-c5cccnc5)n4)c3)c2)ccc1Cl,6.897444,-6.451474
810,mol150,-13.68,Cc1ccc(C(=O)Nc2ccc(S(O)(O)O)c3cc(O)ccc23)cc1C(=O)Nc1ccc(Nc2ccnc3cc[nH]c23)cc1,Cc1ccc(C(=O)Nc2ccc(S(O)(O)O)c3cc(O)ccc23)cc1C(=O)Nc1ccc(Nc2ccnc3cc[nH]c23)cc1,6.3989263,-6.2985263
400,mol93,-13.68,Cc1ccc(C(=O)Nc2ccc(-c3ccc4nc(N)nc(NC5CCCCC5)c4c3)cc2)cc1,Cc1ccc(C(=O)Nc2ccc(-c3ccc4nc(N)nc(NC5CCCCC5)c4c3)cc2)cc1,6.071032,-6.437747
70,mol161,-13.67,CNC(=O)c1cc(Oc2ccc(NC(=O)Nc3ccc(Nc4ncnc5ccccc45)cc3C(=O)O)cc2)ccc1C(=O)O,CNC(=O)c1cc(Oc2ccc(NC(=O)Nc3ccc(Nc4ncnc5ccccc45)cc3C(=O)O)cc2)ccc1C(=O)O,6.7580967,-5.900806
830,mol68,-13.67,Cc1ccc(NC(=O)c2cccc(C(=O)Nc3ccc4c(c3)cc(-c3ccccc3)n4C)c2)cc1C,Cc1ccc(NC(=O)c2cccc(C(=O)Nc3ccc4c(c3)cc(-c3ccccc3)n4C)c2)cc1C,6.2130504,-6.115667
990,mol24,-13.67,Cc1ccc(C(=O)Nc2cccc(-c3ccc(NC(=O)c4cccc(C(N)N)c4)cc3)c2)cc1C,Cc1ccc(C(=O)Nc2cccc(-c3ccc(NC(=O)c4cccc(C(N)N)c4)cc3)c2)cc1C,6.2794843,-6.1839876
850,mol329,-13.67,Cc1ccccc1CNC(=O)c1ccc2cc(Oc3ccc(NC(=O)c4cccc(C(=O)O)c4)cc3)ccc2n1,Cc1ccccc1CNC(=O)c1ccc2cc(Oc3ccc(NC(=O)c4cccc(C(=O)O)c4)cc3)ccc2n1,6.394958,-6.306796
460,mol287,-13.67,Cc1ccc(C(=O)Nc2ccc(Oc3ccc(-c4nc(-c5ccccc5)n(-c5ccccc5)n4)cc3)cc2)cc1,Cc1ccc(C(=O)Nc2ccc(Oc3ccc(-c4nc(-c5ccccc5)n(-c5ccccc5)n4)cc3)cc2)cc1,5.633194,-7.41633
370,mol193,-13.67,Cc1ccc(C(=O)Nc2ccc(C[N@H+]3CC[N@@H+](C)CC3)c(C(F)(F)F)c2)cc1Nc1nccc(-c2cnc3ccccn23)n1,Cc1ccc(C(=O)Nc2ccc(C[N@H+]3CC[N@@H+](C)CC3)c(C(F)(F)F)c2)cc1Nc1nccc(-c2cnc3ccccn23)n1,7.034401,-3.4048164
570,mol191,-13.66,Cc1ccc(C(=O)Nc2ccc(S(O)(O)O)c3ccccc23)cc1NC(=O)c1ccc(Cc2ccc(N)cc2)cc1,Cc1ccc(C(=O)Nc2ccc(S(O)(O)O)c3ccccc23)cc1NC(=O)c1ccc(Cc2ccc(N)cc2)cc1,6.348835,-6.2983413
230,mol297,-13.66,O=C(NCc1ccc(-c2ccc(-c3nc4cc(Cl)ccc4[nH]3)cc2)cc1)c1ccc(C#Cc2ccc(-c3ccccc3)cc2)s1,O=C(NCc1ccc(-c2ccc(-c3nc4cc(Cl)ccc4[nH]3)cc2)cc1)c1ccc(C#Cc2ccc(-c3ccccc3)cc2)s1,6.0213237,-6.685908
510,mol167,-13.66,Cc1cccc(-n2ncc(-c3cccc(C(=O)Nc4cccc(C(=O)O)c4)c3)c2N)c1,Cc1cccc(-n2ncc(-c3cccc(C(=O)Nc4cccc(C(=O)O)c4)c3)c2N)c1,6.577539,-5.1328316
400,mol135,-13.66,Cc1cc2c(cc1Nc1ccnc(Nc3ccc(C)c(N4CC=C(c5cccc(Cl)c5)C4=O)c3)n1)NC(=O)C2,Cc1cc2c(cc1Nc1ccnc(Nc3ccc(C)c(N4CC=C(c5cccc(Cl)c5)C4=O)c3)n1)NC(=O)C2,6.8346896,-6.048672
560,mol483,-13.66,Cc1cc(NC(=O)c2cccc(-c3cccc4ccccc34)c2)cc(C)c1Oc1ccnc(NCC(C)(C)NC(=O)c2ccncc2)n1,Cc1cc(NC(=O)c2cccc(-c3cccc4ccccc34)c2)cc(C)c1Oc1ccnc(NCC(C)(C)NC(=O)c2ccncc2)n1,6.743932,-6.7091913
960,mol11,-13.65,Cc1ccc(C(=O)Nc2cccc(C(F)(F)F)c2)cc1-c1ccc2c(-c3ccccc3)nncc2c1,Cc1ccc(C(=O)Nc2cccc(C(F)(F)F)c2)cc1-c1ccc2c(-c3ccccc3)nncc2c1,5.801212,-7.10202
100,mol264,-13.65,CN1C(=O)[C@H](NC(=O)c2cc(-c3ccc(C(=O)NCc4cccc(C(F)(F)F)c4)cc3)ccc2F)C(=O)N(c2ccccc2)C1=O,CN1C(=O)[C@H](NC(=O)c2cc(-c3ccc(C(=O)NCc4cccc(C(F)(F)F)c4)cc3)ccc2F)C(=O)N(c2ccccc2)C1=O,6.5369368,-6.958475
250,mol407,-13.65,Cc1cc(NC(=O)NCc2cc(Oc3cccc(C(=O)N4CCCN(C(=O)c5ccccc5)CC4)c3)on2)ccc1N1CC[C@H](O)C1,Cc1cc(NC(=O)NCc2cc(Oc3cccc(C(=O)N4CCCN(C(=O)c5ccccc5)CC4)c3)on2)ccc1N1CC[C@H](O)C1,7.376349,-5.4490004
320,mol254,-13.65,Cc1ccc(-c2ccc3c(c2)CCN3C(=O)c2ccnc(-n3ncc4ccccc43)c2)cc1,Cc1ccc(-c2ccc3c(c2)CCN3C(=O)c2ccnc(-n3ncc4ccccc43)c2)cc1,5.9930477,-6.039853
970,mol424,-13.65,NC(=O)c1cccc(C(=O)Nc2cccc(-c3cccc(-c4ccccc4)c3)c2)c1,NC(=O)c1cccc(C(=O)Nc2cccc(-c3cccc(-c4ccccc4)c3)c2)c1,5.7887015,-6.5713015
420,mol157,-13.64,Nc1ccc(C(=O)Nc2ccc(C(=O)NO)cc2)cc1NC(=O)c1ccc(-c2cccc(C(=O)O)c2)cc1,Nc1ccc(C(=O)Nc2ccc(C(=O)NO)cc2)cc1NC(=O)c1ccc(-c2cccc(C(=O)O)c2)cc1,6.726256,-6.0069156
200,mol197,-13.64,Cc1ccc(NC(=O)c2ccc(-c3cc(Nc4ccc(C(=O)N5CCOCC5)cc4)ccc3N)cc2)c(C(=O)O)c1,Cc1ccc(NC(=O)c2ccc(-c3cc(Nc4ccc(C(=O)N5CCOCC5)cc4)ccc3N)cc2)c(C(=O)O)c1,6.988391,-5.6913066
280,mol243,-13.64,Cc1c(Cc2cccc(C(=O)O)c2)cccc1-c1ccc(NCc2ccc(C(=O)NO)cc2)cc1,Cc1c(Cc2cccc(C(=O)O)c2)cccc1-c1ccc(NCc2ccc(C(=O)NO)cc2)cc1,6.0227003,-5.705383
440,mol315,-13.64,Cc1ccc(NC(=O)c2cccc(C(F)(F)F)c2)cc1Nc1nccc(-c2c[nH]c3ncccc23)n1,Cc1ccc(NC(=O)c2cccc(C(F)(F)F)c2)cc1Nc1nccc(-c2c[nH]c3ncccc23)n1,6.3946652,-6.4407897
410,mol88,-13.64,Cc1nc(Nc2ccc3ccccc3c2)cc(Nc2ncc(C(=O)Nc3ccc(NC(=O)c4ccccc4)cc3)cn2)n1,Cc1nc(Nc2ccc3ccccc3c2)cc(Nc2ncc(C(=O)Nc3ccc(NC(=O)c4ccccc4)cc3)cn2)n1,6.8639164,-6.4163227
90,mol464,-13.64,CNc1cc(CN(Cc2ccc(-c3ccc(C(N)N)cc3)cc2)c2ccc(C(=O)NCc3cccc(C(=O)NCc4cccc(C(=O)NO)c4)c3)cc2)ccn1,CNc1cc(CN(Cc2ccc(-c3ccc(C(N)N)cc3)cc2)c2ccc(C(=O)NCc3cccc(C(=O)NCc4cccc(C(=O)NO)c4)c3)cc2)ccn1,7.079008,-6.1583877
590,mol205,-13.64,Cc1nn(-c2cccc(-c3ccc(C(=O)Nc4cccc(F)c4)cc3)c2)c2cc(N)ccc12,Cc1nn(-c2cccc(-c3ccc(C(=O)Nc4cccc(F)c4)cc3)c2)c2cc(N)ccc12,6.661468,-6.599927
440,mol307,-13.64,Cc1ccc(NC(=O)C(=O)Nc2ccc3n[nH]cc3c2)cc1Nc1ncnn2cc(-c3ccc(C(N)N)cc3)cc12,Cc1ccc(NC(=O)C(=O)Nc2ccc3n[nH]cc3c2)cc1Nc1ncnn2cc(-c3ccc(C(N)N)cc3)cc12,7.166143,-5.0472608
910,mol439,-13.63,Cc1ccc(C(=O)Nc2ccc(Oc3ccnc4cc(-c5ccccc5)ccc34)c(C(F)(F)F)c2)cc1,Cc1ccc(C(=O)Nc2ccc(Oc3ccnc4cc(-c5ccccc5)ccc34)c(C(F)(F)F)c2)cc1,5.831349,-7.2580285
540,mol278,-13.63,CC(=O)Nc1cccc(-c2cccc(Nc3ccc(-c4ccccc4Cl)cc3)c2)c1,CC(=O)Nc1cccc(-c2cccc(Nc3ccc(-c4ccccc4Cl)cc3)c2)c1,5.5013266,-6.823368
310,mol179,-13.63,Cc1c(-c2cccc(-c3ccc4ccccc4n3)c2)[nH]c2nc(Nc3ccncc3)ncc12,Cc1c(-c2cccc(-c3ccc4ccccc4n3)c2)[nH]c2nc(Nc3ccncc3)ncc12,6.3826375,-6.338984
370,mol264,-13.63,Cc1c(F)cccc1CNC(=O)Nc1ccc(-c2nc(Cc3ccc(F)cc3)cnc2-c2ccn(C)c(=O)c2)cc1,Cc1c(F)cccc1CNC(=O)Nc1ccc(-c2nc(Cc3ccc(F)cc3)cnc2-c2ccn(C)c(=O)c2)cc1,6.71301,-6.474267
240,mol376,-13.63,Nc1cc(-c2cccc(C(=O)O)c2)ccc1NC(=O)c1ccc2ncccc2c1,Nc1cc(-c2cccc(C(=O)O)c2)ccc1NC(=O)c1ccc2ncccc2c1,6.498995,-5.1555715
320,mol489,-13.63,Cc1ccc(C(=O)Nc2ccc(C(N)=O)cc2)cc1NS(=O)(=O)c1ccc(Nc2cccc(C(=O)Nc3ccc(C(=O)O)cc3)c2)cc1,Cc1ccc(C(=O)Nc2ccc(C(N)=O)cc2)cc1NS(=O)(=O)c1ccc(Nc2cccc(C(=O)Nc3ccc(C(=O)O)cc3)c2)cc1,6.6350436,-5.4193797
550,mol164,-13.63,Cc1ccc(Nc2nccc(-c3c[nH]c4ccccc34)n2)cc1Nc1nccc(Cc2cc(-c3ccccn3)cnc2C)n1,Cc1ccc(Nc2nccc(-c3c[nH]c4ccccc34)n2)cc1Nc1nccc(Cc2cc(-c3ccccn3)cnc2C)n1,6.7445893,-6.215389
790,mol178,-13.63,CC(=O)Nc1cccc(-c2ccc(C(=O)Nc3ccc4ccccc4c3)cc2)c1,CC(=O)Nc1cccc(-c2ccc(C(=O)Nc3ccc4ccccc4c3)cc2)c1,5.880338,-6.158835
330,mol235,-13.63,CN(c1ccc(-c2cccc(C(=O)O)c2)cc1)S(=O)(=O)c1ccc(N2Cc3ccccc3C2=O)cc1,CN(c1ccc(-c2cccc(C(=O)O)c2)cc1)S(=O)(=O)c1ccc(N2Cc3ccccc3C2=O)cc1,6.0311847,-5.8758626
460,mol369,-13.62,CCS(=O)(=O)c1ccc(Nc2ncc(C(=O)Nc3cccc4ccccc34)cc2NC(=O)c2ccc(O)c(NS(=O)(=O)c3ccc(F)cc3)c2)cc1,CCS(=O)(=O)c1ccc(Nc2ncc(C(=O)Nc3cccc4ccccc34)cc2NC(=O)c2ccc(O)c(NS(=O)(=O)c3ccc(F)cc3)c2)cc1,6.4061375,-6.166597
800,mol259,-13.62,Cc1ccccc1C(=O)Nc1cccc(C(=O)Nc2cccc(NC(=O)c3cc4ccccc4o3)c2)c1,Cc1ccccc1C(=O)Nc1cccc(C(=O)Nc2cccc(NC(=O)c3cc4ccccc4o3)c2)c1,6.172201,-6.7182097
190,mol472,-13.62,Cc1nc(Nc2ncc(C(=O)Nc3ccc(N4CCC(O)CC4)cc3)s2)cc(-c2ccc3[nH]nc(-c4cccc(C(=O)N5Cc6ccccc6C5)c4)c3c2)n1,Cc1nc(Nc2ncc(C(=O)Nc3ccc(N4CCC(O)CC4)cc3)s2)cc(-c2ccc3[nH]nc(-c4cccc(C(=O)N5Cc6ccccc6C5)c4)c3c2)n1,6.8375664,-5.7178044
720,mol231,-13.62,Cc1ncccc1C(=O)Nc1cccc(C(=O)c2ccc(NC(=O)c3cccc4ccccc34)cc2)c1,Cc1ncccc1C(=O)Nc1cccc(C(=O)c2ccc(NC(=O)c3cccc4ccccc34)cc2)c1,6.0467052,-6.504384
410,mol333,-13.62,Cc1ccc(NC(=O)c2ccc(C(=O)Nc3cccc(C(=O)N[C@H](C)c4ccccc4)c3)cc2)cc1Nc1ccnc2cc(C(=O)O)ccc12,Cc1ccc(NC(=O)c2ccc(C(=O)Nc3cccc(C(=O)N[C@H](C)c4ccccc4)c3)cc2)cc1Nc1ccnc2cc(C(=O)O)ccc12,6.6499586,-5.76562
730,mol318,-13.62,CC(C)c1c(-c2ccc(-c3ccccc3)cn2)ncn1Cc1ccc(NC(=O)c2ccc(F)c(F)c2N)cc1,CC(C)c1c(-c2ccc(-c3ccccc3)cn2)ncn1Cc1ccc(NC(=O)c2ccc(F)c(F)c2N)cc1,6.2600007,-6.7660766
400,mol136,-13.61,Nc1ccc(Cc2ccc(C(=O)O)cc2)cc1-c1ccc2[nH]c(-c3ccc(C(=O)N[C@H](CC(=O)O)C(=O)O)cc3)nc2c1,Nc1ccc(Cc2ccc(C(=O)O)cc2)cc1-c1ccc2[nH]c(-c3ccc(C(=O)N[C@H](CC(=O)O)C(=O)O)cc3)nc2c1,7.162019,-5.3966513
930,mol17,-13.61,Cc1ccccc1NC(=O)Nc1cccc(Oc2cccc(-c3cc4cnn(C5CCCC5)c4nc3N)c2)c1,Cc1ccccc1NC(=O)Nc1cccc(Oc2cccc(-c3cc4cnn(C5CCCC5)c4nc3N)c2)c1,6.771623,-6.9436064
240,mol110,-13.61,Cc1cc(NC(=O)c2ccc(C(=O)Nc3ccccc3)cc2)ccc1NC(=O)c1ccccc1Sc1ccccc1-c1ccccc1,Cc1cc(NC(=O)c2ccc(C(=O)Nc3ccccc3)cc2)ccc1NC(=O)c1ccccc1Sc1ccccc1-c1ccccc1,6.3608894,-6.6721706
550,mol180,-13.61,Cc1ccc(C(=O)Nc2cccc(Nc3ccnc4cc(Cl)ccc34)c2)cc1Nc1ncccn1,Cc1ccc(C(=O)Nc2cccc(Nc3ccnc4cc(Cl)ccc34)c2)cc1Nc1ncccn1,6.446482,-6.6793823
200,mol84,-13.61,Cc1cc(N/C=C/c2ccc(Nc3ccc(NC(=O)c4cccc5ccccc45)cc3)cc2)nc(/C=N\C(=O)Cc2ccccc2)n1,Cc1cc(N/C=C/c2ccc(Nc3ccc(NC(=O)c4cccc5ccccc45)cc3)cc2)nc(/C=N\C(=O)Cc2ccccc2)n1,6.3115044,-6.2628455
340,mol353,-13.61,Cc1c(-c2ccc(S(=O)(=O)Nc3ccc(CC[NH+]4CCCCC4)cc3)cc2)cccc1-c1nc(-c2ccc(C#N)cc2)cs1,Cc1c(-c2ccc(S(=O)(=O)Nc3ccc(CC[NH+]4CCCCC4)cc3)cc2)cccc1-c1nc(-c2ccc(C#N)cc2)cs1,6.162842,-5.96352
440,mol308,-13.61,Cc1c(-c2ccc(/C=C3/SC(=O)NC3=O)cc2)cccc1[C@H](O)C[C@H](Cc1ccc(NS(C)(=O)=O)cc1)C(=O)O,Cc1c(-c2ccc(/C=C3/SC(=O)NC3=O)cc2)cccc1[C@H](O)C[C@H](Cc1ccc(NS(C)(=O)=O)cc1)C(=O)O,6.860166,-5.619049
900,mol471,-13.61,Cc1ccc(C(=O)Nc2ccc(C(N)N)cc2)cc1Nc1ncnn2cc(-c3ccc4ncccc4c3)cc12,Cc1ccc(C(=O)Nc2ccc(C(N)N)cc2)cc1Nc1ncnn2cc(-c3ccc4ncccc4c3)cc12,6.2830343,-5.929212
950,mol286,-13.6,[H][P@TB3](O)(O)(O[PH](O)(O)O)O[PH](O)(O)[C@](O)(Cc1cccc(-c2cccc(-c3ccccn3)c2)c1)[PH](O)(O)O,[H][P@TB3](O)(O)(O[PH](O)(O)O)O[PH](O)(O)[C@](O)(Cc1cccc(-c2cccc(-c3ccccn3)c2)c1)[PH](O)(O)O,6.2351875,-2.5335827
160,mol128,-13.59,Cc1cccc(Nc2nccc(-c3cccc(C(=O)Nc4ccc(Oc5ccccc5)cc4)c3)n2)c1,Cc1cccc(Nc2nccc(-c3cccc(C(=O)Nc4ccc(Oc5ccccc5)cc4)c3)n2)c1,5.9696655,-7.091735
160,mol461,-13.59,Cc1ccc(NS(=O)(=O)c2cc(F)cc(F)c2)cc1N1Cc2ccc(C3=CCCNC3=O)cc2C1=O,Cc1ccc(NS(=O)(=O)c2cc(F)cc(F)c2)cc1N1Cc2ccc(C3=CCCNC3=O)cc2C1=O,6.5519733,-5.1736693
690,mol57,-13.59,Cc1ccc(C(=O)Nc2cccc(C(F)(F)F)c2)cc1-c1ccc2cnc(Nc3cccc(C(=O)NC(C)C)c3)nc2c1,Cc1ccc(C(=O)Nc2cccc(C(F)(F)F)c2)cc1-c1ccc2cnc(Nc3cccc(C(=O)NC(C)C)c3)nc2c1,6.542064,-6.5202985
140,mol252,-13.59,CNC(=O)Nc1cccc(Nc2nccc(-c3cncc(Oc4ccc(Oc5ccccc5)c(C(F)(F)F)c4)c3)n2)c1,CNC(=O)Nc1cccc(Nc2nccc(-c3cncc(Oc4ccc(Oc5ccccc5)c(C(F)(F)F)c4)c3)n2)c1,6.443198,-7.061377
130,mol144,-13.59,Cc1ccc(NC(=O)c2cc(NC(=O)c3cc(NC(=O)c4cc(-c5ccc(S(N)(=O)=O)cc5)ccc4Cl)cnc3Cl)ccc2F)cc1F,Cc1ccc(NC(=O)c2cc(NC(=O)c3cc(NC(=O)c4cc(-c5ccc(S(N)(=O)=O)cc5)ccc4Cl)cnc3Cl)ccc2F)cc1F,7.075369,-7.150546
520,mol135,-13.59,Cc1ccc(C(=O)Nc2cccc(C(=O)O)c2)cc1NC(=O)c1cncc(-c2cccc(CNC(=O)Oc3ccccc3)c2)c1,Cc1ccc(C(=O)Nc2cccc(C(=O)O)c2)cc1NC(=O)c1cncc(-c2cccc(CNC(=O)Oc3ccccc3)c2)c1,7.1921015,-6.430729
390,mol443,-13.59,Cc1ccc(CNC(=O)c2ccc3ccccc3n2)cc1Nc1ncnn2cc(-c3ccc(C(=O)O)cc3)cc12,Cc1ccc(CNC(=O)c2ccc3ccccc3n2)cc1Nc1ncnn2cc(-c3ccc(C(=O)O)cc3)cc12,6.2686634,-5.824626
240,mol484,-13.58,Cc1c(NC(=O)c2ccc(-c3cc(NC(=O)c4cccc(C(=O)O)c4)cnc3N)cc2)ccc(C(=O)O)c1O,Cc1c(NC(=O)c2ccc(-c3cc(NC(=O)c4cccc(C(=O)O)c4)cnc3N)cc2)ccc(C(=O)O)c1O,6.946203,-5.536004
220,mol122,-13.58,Nc1cccc(-c2cccc(-c3ccc(NC(=O)c4cccc(C(F)(F)F)c4)cc3)c2)c1,Nc1cccc(-c2cccc(-c3ccc(NC(=O)c4cccc(C(F)(F)F)c4)cc3)c2)c1,6.0119267,-7.0316925
900,mol56,-13.58,Cc1ccc(NC(=O)c2cccc(-c3nccnc3N)c2)cc1NC(=O)c1ccc(Oc2ccccc2)cc1,Cc1ccc(NC(=O)c2cccc(-c3nccnc3N)c2)cc1NC(=O)c1ccc(Oc2ccccc2)cc1,6.3097157,-6.7428775
140,mol318,-13.58,Cc1cc(CC(=O)N2CCC(NC(=O)c3ccc4ccccc4n3)CC2)ccc1C(=O)N[C@H]1CC[C@H](c2nnc(-c3ccccc3)o2)CC1,Cc1cc(CC(=O)N2CCC(NC(=O)c3ccc4ccccc4n3)CC2)ccc1C(=O)N[C@H]1CC[C@H](c2nnc(-c3ccccc3)o2)CC1,7.0752077,-5.1434298
470,mol92,-13.58,Cc1ccc(C(=O)Nc2ccon2)cc1NC(=O)c1ccc(-c2cccc(C(=O)O)c2)cc1,Cc1ccc(C(=O)Nc2ccon2)cc1NC(=O)c1ccc(-c2cccc(C(=O)O)c2)cc1,6.718785,-6.1152296
320,mol40,-13.58,Cc1ccc2c(Nc3ccc(NC(=O)c4cccc(C(=O)Nc5ccccc5C(=O)O)c4)cc3)cccc2n1,Cc1ccc2c(Nc3ccc(NC(=O)c4cccc(C(=O)Nc5ccccc5C(=O)O)c4)cc3)cccc2n1,6.117275,-6.093797
920,mol104,-13.58,Cc1ccc(Oc2cccc(-c3ccc(-c4cccc(C(=O)N5CCC(CN)CC5)c4)cc3)c2)cc1,Cc1ccc(Oc2cccc(-c3ccc(-c4cccc(C(=O)N5CCC(CN)CC5)c4)cc3)c2)cc1,6.127861,-6.2602735
210,mol12,-13.58,Cc1cccc(NC(=O)Nc2cccc(-c3cnn4ccccc34)c2)c1,Cc1cccc(NC(=O)Nc2cccc(-c3cnn4ccccc34)c2)c1,6.554361,-5.684177
900,mol183,-13.57,Cc1cc(NC(=O)c2cccc(NC(=O)c3ccc4cc(C(N)N)ccc4c3)c2)cc(N2CCOCC2)c1,Cc1cc(NC(=O)c2cccc(NC(=O)c3ccc4cc(C(N)N)ccc4c3)c2)cc(N2CCOCC2)c1,6.866753,-4.944114
940,mol319,-13.57,Cc1ccc(NC(=O)Nc2cccc(-c3ccc4[nH]ncc4c3)c2)cc1,Cc1ccc(NC(=O)Nc2cccc(-c3ccc4[nH]ncc4c3)c2)cc1,5.9690657,-6.2955713
210,mol22,-13.57,Cc1c(Nc2nccc(Nc3ccc4c(C(=O)Nc5ccccc5)n[nH]c4c3)n2)ccc(N(C)c2ccc(Cl)cn2)c1F,Cc1c(Nc2nccc(Nc3ccc4c(C(=O)Nc5ccccc5)n[nH]c4c3)n2)ccc(N(C)c2ccc(Cl)cn2)c1F,6.812593,-6.7636857
320,mol171,-13.57,Cc1ccc(C(=O)NC2C=C2)cc1NC(=O)c1ccc(-c2ccc(C(=O)NCCc3ccc4ccccc4n3)cc2)cc1,Cc1ccc(C(=O)NC2C=C2)cc1NC(=O)c1ccc(-c2ccc(C(=O)NCCc3ccc4ccccc4n3)cc2)cc1,6.1068254,-6.274257
20,mol463,-13.57,Cc1cc(NC(=O)c2cc(NC(=O)c3ccc(C#N)cn3)ccc2Cl)sc1C(=O)Nc1ccc(N2CCCCC2)cc1,Cc1cc(NC(=O)c2cc(NC(=O)c3ccc(C#N)cn3)ccc2Cl)sc1C(=O)Nc1ccc(N2CCCCC2)cc1,7.3337564,-6.914729
30,mol7,-13.57,Cc1c(Oc2ncnc3sc(-c4ccccc4S(C)(=O)=O)cc23)cccc1-c1nc(C(=O)Nc2ccc(N3CCCCC3)cc2)cs1,Cc1c(Oc2ncnc3sc(-c4ccccc4S(C)(=O)=O)cc23)cccc1-c1nc(C(=O)Nc2ccc(N3CCCCC3)cc2)cs1,7.288681,-6.4301305
300,mol486,-13.57,Cc1cc(C(=O)Nc2ccc(Oc3ccc4cc(C(=O)O)ccc4c3)cc2)ccc1O,Cc1cc(C(=O)Nc2ccc(Oc3ccc4cc(C(=O)O)ccc4c3)cc2)ccc1O,6.5545115,-6.226125
300,mol122,-13.57,Cc1ccc(NC(=O)c2cccc3ccccc23)cc1NC(=O)c1ccc(NC(=O)c2cccc(C(=O)O)c2)cc1,Cc1ccc(NC(=O)c2cccc3ccccc23)cc1NC(=O)c1ccc(NC(=O)c2cccc(C(=O)O)c2)cc1,6.4032516,-6.035206
680,mol255,-13.57,Cc1ccc(-c2ccc(C(=O)Nc3ccc4[nH]c([C@H]5CC[C@@H](O)CC5)nc4c3)cc2)cc1,Cc1ccc(-c2ccc(C(=O)Nc3ccc4[nH]c([C@H]5CC[C@@H](O)CC5)nc4c3)cc2)cc1,5.9989004,-6.5195107
370,mol146,-13.56,Nc1cc(-c2ccc(C(=O)O)cc2)ccc1NC(=O)c1ccc(NC(=O)c2cc(CNC(=O)Cc3ccccc3)cnc2N)cc1,Nc1cc(-c2ccc(C(=O)O)cc2)ccc1NC(=O)c1ccc(NC(=O)c2cc(CNC(=O)Cc3ccccc3)cnc2N)cc1,6.9376287,-5.6098604
430,mol157,-13.56,Nc1cc(C(F)(F)F)c(-c2ccc(NC(=O)C(=O)c3sc4ncccc4c3-c3ccc(Cl)cc3Cl)cc2)cc1NC(=O)c1ccc(C(F)(F)F)cc1,Nc1cc(C(F)(F)F)c(-c2ccc(NC(=O)C(=O)c3sc4ncccc4c3-c3ccc(Cl)cc3Cl)cc2)cc1NC(=O)c1ccc(C(F)(F)F)cc1,6.5956297,-7.17783
920,mol177,-13.56,CN(c1ccc(C(=O)NO)cc1)S(=O)(=O)c1ccc(-c2ccc(COc3ccc(N4CCOCC4)cc3)cc2)cc1,CN(c1ccc(C(=O)NO)cc1)S(=O)(=O)c1ccc(-c2ccc(COc3ccc(N4CCOCC4)cc3)cc2)cc1,6.320352,-5.434398
610,mol150,-13.56,Cc1ccc(C(=O)Nc2ccc(Oc3ncnc4ccccc34)cc2)cc1NC(=O)c1ccc(O)c(C(=O)O)c1,Cc1ccc(C(=O)Nc2ccc(Oc3ncnc4ccccc34)cc2)cc1NC(=O)c1ccc(O)c(C(=O)O)c1,6.54665,-6.4970803
820,mol232,-13.56,CNC(=O)c1cc(Oc2ccc(NC(=O)Nc3ccc(Oc4ccncc4)cc3)cc2F)ccc1CCc1nc(-c2cccc(Cl)c2)oc1-c1cccc(-c2ncnn2C)c1,CNC(=O)c1cc(Oc2ccc(NC(=O)Nc3ccc(Oc4ccncc4)cc3)cc2F)ccc1CCc1nc(-c2cccc(Cl)c2)oc1-c1cccc(-c2ncnn2C)c1,6.5133314,-6.680259
430,mol89,-13.56,Cc1ccc(NC(=O)c2ccc(CNC(=O)c3ccc4nccnc4c3)cc2)cc1Nc1nccc(-c2cccnc2)n1,Cc1ccc(NC(=O)c2ccc(CNC(=O)c3ccc4nccnc4c3)cc2)cc1Nc1nccc(-c2cccnc2)n1,7.0315056,-6.227004
560,mol20,-13.56,COc1cc(Nc2nccc(Nc3ccc4ccccc4n3)n2)cc(Cl)c1Oc1ccc(/C=C/c2[nH]nc(-c3ccccc3)c2F)cc1,COc1cc(Nc2nccc(Nc3ccc4ccccc4n3)n2)cc(Cl)c1Oc1ccc(/C=C/c2[nH]nc(-c3ccccc3)c2F)cc1,6.085587,-7.3895707
860,mol63,-13.56,C[C@@H](Oc1ccc(-c2ccc(C(=O)O)cc2)cc1)c1cccc(OCc2cccc(NC(=O)c3cccc4ccccc34)c2)c1,C[C@@H](Oc1ccc(-c2ccc(C(=O)O)cc2)cc1)c1cccc(OCc2cccc(NC(=O)c3cccc4ccccc34)c2)c1,6.100679,-6.3978443
140,mol160,-13.56,CN(c1cccc(C(=O)Nc2ncc(Cl)cn2)c1)c1ccc(C(=O)NCc2cccc(C(=O)O)c2)c(F)c1F,CN(c1cccc(C(=O)Nc2ncc(Cl)cn2)c1)c1ccc(C(=O)NCc2cccc(C(=O)O)c2)c(F)c1F,6.6983438,-5.804842
340,mol283,-13.56,Cc1c(CC(=O)O)cccc1-c1ccc2c(-c3cccc(C(=O)NCc4cccc(Cl)c4)c3)n[nH]c2c1,Cc1c(CC(=O)O)cccc1-c1ccc2c(-c3cccc(C(=O)NCc4cccc(Cl)c4)c3)n[nH]c2c1,6.3844867,-6.101438
360,mol278,-13.55,Cc1ccc(C(=O)Nc2cccc(C(=O)Nc3cccnc3)c2)cc1Nc1ncnn2cc(-c3cccc(C(=O)NCC(=O)O)n3)cc12,Cc1ccc(C(=O)Nc2cccc(C(=O)Nc3cccnc3)c2)cc1Nc1ncnn2cc(-c3cccc(C(=O)NCC(=O)O)n3)cc12,6.9718823,-5.6675887
1000,mol484,-13.55,Cn1cc(-c2cccc(C(=O)c3ccc4ccccc4c3)c2)c2ccc(-n3cccn3)cc21,Cn1cc(-c2cccc(C(=O)c3ccc4ccccc4c3)c2)c2ccc(-n3cccn3)cc21,5.688247,-6.550094
910,mol430,-13.55,Cc1ccc(-n2nc(C(=O)NCc3ccc(NC(=O)c4cccc(C(F)(F)F)c4)cc3)cc2NC(=O)Nc2cccc(Oc3ncnn4cc(C(N)N)cc34)c2)cc1,Cc1ccc(-n2nc(C(=O)NCc3ccc(NC(=O)c4cccc(C(F)(F)F)c4)cc3)cc2NC(=O)Nc2cccc(Oc3ncnn4cc(C(N)N)cc34)c2)cc1,6.8687305,-6.70061
460,mol57,-13.55,Cc1ccccc1C(=O)Nc1cccc(-c2nnc(-c3c[nH]c4ccccc34)o2)c1,Cc1ccccc1C(=O)Nc1cccc(-c2nnc(-c3c[nH]c4ccccc34)o2)c1,6.016799,-6.4075356
440,mol194,-13.55,NC(N)c1ccc(CNC(=O)[C@H]2CNC(=O)C[C@@H]2c2ccc(NC(=O)c3ccc(-c4ccccc4)cc3)cc2)cc1,NC(N)c1ccc(CNC(=O)[C@H]2CNC(=O)C[C@@H]2c2ccc(NC(=O)c3ccc(-c4ccccc4)cc3)cc2)cc1,6.1607504,-4.684715
950,mol361,-13.55,Cc1cccc(NC(=O)Nc2cccc(Nc3ccnc4ccccc34)c2)c1F,Cc1cccc(NC(=O)Nc2cccc(Nc3ccnc4ccccc34)c2)c1F,6.7554064,-6.454852
50,mol180,-13.55,Cc1c(F)cccc1Oc1nc(Nc2cccc(-c3nc(NC4CCOCC4)ncc3F)c2)cc(=O)n1C,Cc1c(F)cccc1Oc1nc(Nc2cccc(-c3nc(NC4CCOCC4)ncc3F)c2)cc(=O)n1C,7.3051085,-6.482848
280,mol157,-13.55,Cc1cc(NS(=O)(=O)c2ccc(NC(=O)c3ccc4ccccc4n3)cc2)ccc1-c1ccccc1,Cc1cc(NS(=O)(=O)c2ccc(NC(=O)c3ccc4ccccc4n3)cc2)ccc1-c1ccccc1,6.111224,-6.4355817
70,mol85,-13.55,Cc1ccc(-c2cc(N3CCC(c4cc(F)cc(F)c4F)CC3)ccn2)cc1,Cc1ccc(-c2cc(N3CCC(c4cc(F)cc(F)c4F)CC3)ccn2)cc1,6.6255846,-5.7349296
310,mol71,-13.54,Cc1ccc(C(=O)Nc2ccc(C(=O)O)c(O)c2)cc1NC(=O)c1ccc(-c2ccc(CNC(N)N)cc2)cc1,Cc1ccc(C(=O)Nc2ccc(C(=O)O)c(O)c2)cc1NC(=O)c1ccc(-c2ccc(CNC(N)N)cc2)cc1,6.5611296,-5.6852508
260,mol171,-13.54,Cc1ccc(NC(=O)c2cccc(Nc3nccc(-c4ccc(CNC(=O)Oc5ccccc5)cc4)n3)c2)cc1,Cc1ccc(NC(=O)c2cccc(Nc3nccc(-c4ccc(CNC(=O)Oc5ccccc5)cc4)n3)c2)cc1,6.498847,-6.893032
200,mol350,-13.54,Cc1ccc(-c2ccc(C(=O)Nc3ccc(-c4cccc(CNC(=O)c5ccccc5)c4)cc3)o2)cc1,Cc1ccc(-c2ccc(C(=O)Nc3ccc(-c4cccc(CNC(=O)c5ccccc5)c4)cc3)o2)cc1,5.621531,-6.8044105
220,mol199,-13.54,Cc1noc(C)c1C1CCN(c2ncc(-c3ccc(C(=O)Nc4cccc(C(=O)Nc5ccccc5C#N)c4)cc3F)cn2)CC1,Cc1noc(C)c1C1CCN(c2ncc(-c3ccc(C(=O)Nc4cccc(C(=O)Nc5ccccc5C#N)c4)cc3F)cn2)CC1,6.8381557,-6.6927238
780,mol207,-13.54,Cc1cccc(Oc2cccc(-c3cccc(C(=O)n4ncc(C)cc4=O)c3C)c2)c1,Cc1cccc(Oc2cccc(-c3cccc(C(=O)n4ncc(C)cc4=O)c3C)c2)c1,6.7407656,-6.8528247
400,mol313,-13.54,Cc1ccc(NC(=O)c2cccc(C(O)(F)F)c2)cc1Nc1ncnn2cc(-c3cccc(C(=O)NCCNC(=O)Nc4cccc(C(F)(F)F)c4)c3)cc12,Cc1ccc(NC(=O)c2cccc(C(O)(F)F)c2)cc1Nc1ncnn2cc(-c3cccc(C(=O)NCCNC(=O)Nc4cccc(C(F)(F)F)c4)c3)cc12,6.9164095,-6.322067
460,mol271,-13.54,Cc1cc(-c2cccc(C(=O)Nc3ccc(Oc4ccnc(Nc5ccccc5)n4)cc3)c2)ccn1,Cc1cc(-c2cccc(C(=O)Nc3ccc(Oc4ccnc(Nc5ccccc5)n4)cc3)c2)ccn1,5.916816,-6.717366
850,mol111,-13.54,Cc1ccc(NC(=O)c2cccc(N)c2)cc1Nc1nc(-c2cccc(-c3ccccc3)c2)cc(=O)[nH]1,Cc1ccc(NC(=O)c2cccc(N)c2)cc1Nc1nc(-c2cccc(-c3ccccc3)c2)cc(=O)[nH]1,6.2046084,-6.9834056
410,mol1,-13.54,Cc1ccc(F)cc1-c1ccc(C(=O)Nc2ccc(Nc3cccc(C(=O)NCc4ccccc4)n3)cc2)cc1,Cc1ccc(F)cc1-c1ccc(C(=O)Nc2ccc(Nc3cccc(C(=O)NCc4ccccc4)n3)cc2)cc1,6.171228,-6.8317986
230,mol412,-13.54,Cc1ccccc1NC(=O)c1ccc(NC(=O)c2ccc(Nc3nccc(Nc4ccccc4)n3)cc2)cc1,Cc1ccccc1NC(=O)c1ccc(NC(=O)c2ccc(Nc3nccc(Nc4ccccc4)n3)cc2)cc1,6.3970647,-6.4956446
780,mol482,-13.53,Cc1ccc(C(=O)Nc2ccc(-c3ccc4c(n3)[nH]c(=O)c3ccccc34)cc2)cc1,Cc1ccc(C(=O)Nc2ccc(-c3ccc4c(n3)[nH]c(=O)c3ccccc34)cc2)cc1,5.694818,-7.069703
460,mol86,-13.53,Cc1ccc(C(=O)Nc2ccc(Cc3ccc4ccc(C(=O)O)cc4c3)cc2C(=O)O)cc1,Cc1ccc(C(=O)Nc2ccc(Cc3ccc4ccc(C(=O)O)cc4c3)cc2C(=O)O)cc1,6.4359055,-5.8744144
470,mol143,-13.53,Cc1ccc(NC(=O)c2cccc(C(=O)Nc3ccccc3N)c2)cc1Nc1nccc(-c2cccnc2)n1,Cc1ccc(NC(=O)c2cccc(C(=O)Nc3ccccc3N)c2)cc1Nc1nccc(-c2cccnc2)n1,6.5183024,-6.5547338
680,mol318,-13.53,Cc1ccc(C(=O)Nc2cccc(-c3ccccc3CO)c2)cc1NC(=O)c1ccc(-c2cccc(C(=O)O)c2C(=O)O)cc1,Cc1ccc(C(=O)Nc2cccc(-c3ccccc3CO)c2)cc1NC(=O)c1ccc(-c2cccc(C(=O)O)c2C(=O)O)cc1,6.9977283,-6.014519
170,mol486,-13.53,Cc1cc(N2C[C@@H](c3ncc(C#N)cc3Cl)CC2=O)ccc1C(=O)Nc1cc(-c2cccc(C(=O)O)c2)cs1,Cc1cc(N2C[C@@H](c3ncc(C#N)cc3Cl)CC2=O)ccc1C(=O)Nc1cc(-c2cccc(C(=O)O)c2)cs1,7.4744473,-6.0851192
380,mol196,-13.53,Cc1ccc(C(=O)Nc2cccc(C(=O)Nc3ccccc3)c2)cc1Nc1ncnc2ccc(Nc3cccc(S(C)(=O)=O)c3)cc12,Cc1ccc(C(=O)Nc2cccc(C(=O)Nc3ccccc3)c2)cc1Nc1ncnc2ccc(Nc3cccc(S(C)(=O)=O)c3)cc12,6.622336,-6.532435
210,mol54,-13.53,[H]/N=C(/N)c1cc2cc(-c3ccc(NC(=O)c4ccc(C(N)N)cc4)c(C)c3)ccc2s1,[H]/N=C(/N)c1cc2cc(-c3ccc(NC(=O)c4ccc(C(N)N)cc4)c(C)c3)ccc2s1,6.1361623,-5.2227473
170,mol69,-13.53,Cc1cc(Nc2cc(NCC[NH+](C)C)ncn2)cc(-c2cccc(Nc3nccc(-c4ccc5ncccc5c4)n3)c2)c1,Cc1cc(Nc2cc(NCC[NH+](C)C)ncn2)cc(-c2cccc(Nc3nccc(-c4ccc5ncccc5c4)n3)c2)c1,6.308649,-5.498775
400,mol417,-13.53,Cc1[nH]c(=O)c(Nc2cccc(C(=O)NCc3ccccc3)c2)c(C)c1Cc1ccc(-c2ccc(C[NH+]3CCCCC3)cc2)cc1,Cc1[nH]c(=O)c(Nc2cccc(C(=O)NCc3ccccc3)c2)c(C)c1Cc1ccc(-c2ccc(C[NH+]3CCCCC3)cc2)cc1,6.397182,-6.6981225
320,mol158,-13.52,Cc1ncc(CNC(=O)c2ccc(-c3ccc(C(=O)NCc4cccc(C(=O)Nc5ccccc5C(F)(F)F)c4)cc3)cc2)cn1,Cc1ncc(CNC(=O)c2ccc(-c3ccc(C(=O)NCc4cccc(C(=O)Nc5ccccc5C(F)(F)F)c4)cc3)cc2)cn1,6.4621415,-6.800174
430,mol0,-13.52,Cc1cc(C(N)=O)ccc1NC(=O)Nc1ccc(Oc2ccnc(Nc3ccnc4ccccc34)c2)cc1,Cc1cc(C(N)=O)ccc1NC(=O)Nc1ccc(Oc2ccnc(Nc3ccnc4ccccc34)c2)cc1,6.30168,-6.815568
850,mol166,-13.52,Cc1ccc(-c2cc(NCc3ccc(-c4ccccc4)cc3)c3cn[nH]c3n2)cc1,Cc1ccc(-c2cc(NCc3ccc(-c4ccccc4)cc3)c3cn[nH]c3n2)cc1,5.783891,-6.5695786
230,mol319,-13.52,Clc1cccc(Cl)c1-c1ccc2c(Nc3ccc(-c4cn[nH]c4-c4ccccc4)cc3)ccnc2c1,Clc1cccc(Cl)c1-c1ccc2c(Nc3ccc(-c4cn[nH]c4-c4ccccc4)cc3)ccnc2c1,5.902074,-6.5499973
430,mol119,-13.52,Cc1ccc(NC(=O)c2ccc(C(=O)Nc3ccc(C(=O)O)cc3)cc2)cc1Nc1ncnn2cc(C(=O)Nc3ccccc3)cc12,Cc1ccc(NC(=O)c2ccc(C(=O)Nc3ccc(C(=O)O)cc3)cc2)cc1Nc1ncnn2cc(C(=O)Nc3ccccc3)cc12,6.635683,-6.1725106
590,mol20,-13.52,Cc1ccccc1NC(=O)c1cccc(NC(=O)Cc2cccc(NC(=O)[C@@H]3CCCN(C(=O)OCc4ccccc4)C3)c2)c1,Cc1ccccc1NC(=O)c1cccc(NC(=O)Cc2cccc(NC(=O)[C@@H]3CCCN(C(=O)OCc4ccccc4)C3)c2)c1,6.820872,-7.1102386
240,mol413,-13.52,Cc1ccc([C@H](Cn2nc(-c3cccc(P(=O)(O)O)c3)c3ccccc32)NC(=O)c2cccc(NC(=O)Nc3ccccc3C(F)(F)F)c2)cc1,Cc1ccc([C@H](Cn2nc(-c3cccc(P(=O)(O)O)c3)c3ccccc32)NC(=O)c2cccc(NC(=O)Nc3ccccc3C(F)(F)F)c2)cc1,6.2733564,-5.1389737
110,mol242,-13.51,CN1C(=O)N(Cc2ccc(Cl)cc2)C(=O)[C@@]12Cc1cc(C#CCc3cccc(F)n3)ccc1S2(=O)=O,CN1C(=O)N(Cc2ccc(Cl)cc2)C(=O)[C@@]12Cc1cc(C#CCc3cccc(F)n3)ccc1S2(=O)=O,6.889431,-5.429498
50,mol263,-13.51,Cc1cccc(-c2cc(N3CCc4cc(-c5cnc(N)nc5)ccc43)n[nH]2)c1,Cc1cccc(-c2cc(N3CCc4cc(-c5cnc(N)nc5)ccc43)n[nH]2)c1,6.5465055,-4.269452
570,mol162,-13.51,Cc1c(NC(=O)c2ccc(C(=O)/N=c3\[nH]c4cccnc4[nH]3)cc2)cccc1-c1nc2cc[nH]cc-2n1,Cc1c(NC(=O)c2ccc(C(=O)/N=c3\[nH]c4cccnc4[nH]3)cc2)cccc1-c1nc2cc[nH]cc-2n1,6.6988325,-6.6301103
560,mol498,-13.51,Cc1ccc(-c2cccc3cc(NS(=O)(=O)c4cccc(Cl)c4)ccc23)cc1NC(=O)c1ccc2ccccc2n1,Cc1ccc(-c2cccc3cc(NS(=O)(=O)c4cccc(Cl)c4)ccc23)cc1NC(=O)c1ccc2ccccc2n1,6.0087433,-6.248494
430,mol378,-13.51,Cc1ccc(C(=O)Nc2cc(C(F)(F)F)cc(C(F)(F)F)c2)cc1Nc1nccc(-c2cnc3ccccn23)n1,Cc1ccc(C(=O)Nc2cc(C(F)(F)F)cc(C(F)(F)F)c2)cc1Nc1nccc(-c2cnc3ccccn23)n1,6.5744367,-6.6591086
260,mol248,-13.51,Cc1ccc(O)cc1-c1ccc2c(Nc3cccc(NC(=O)C4CCCCC4)c3)n[nH]c2c1,Cc1ccc(O)cc1-c1ccc2c(Nc3cccc(NC(=O)C4CCCCC4)c3)n[nH]c2c1,6.3292513,-6.440242
110,mol475,-13.51,Cc1cc(-n2ccnc2)cc2[nH]c(-c3ccc(S(=O)(=O)Nc4cccc(C(=O)Nc5cccc(C(F)(F)F)c5)c4)cc3)nc12,Cc1cc(-n2ccnc2)cc2[nH]c(-c3ccc(S(=O)(=O)Nc4cccc(C(=O)Nc5cccc(C(F)(F)F)c5)c4)cc3)nc12,6.8183374,-6.0302043
940,mol25,-13.51,CC(=O)Nc1cccc(C(=O)Nc2ccc(-c3ccc4ncnc(Nc5ccccc5)c4c3)cc2)c1,CC(=O)Nc1cccc(C(=O)Nc2ccc(-c3ccc4ncnc(Nc5ccccc5)c4c3)cc2)c1,6.0446787,-6.4916534
550,mol274,-13.51,Cc1ccc(C(=O)Nc2cccc(C(=O)O)c2)cc1NC(=O)c1ccc(-c2ccccc2)cc1,Cc1ccc(C(=O)Nc2cccc(C(=O)O)c2)cc1NC(=O)c1ccc(-c2ccccc2)cc1,6.44919,-5.9917917
920,mol244,-13.51,CC(=O)Nc1cccc(-c2cc(-c3ccc(NC(=O)c4ccc(C(=O)O)cc4)cc3)cnc2N)c1,CC(=O)Nc1cccc(-c2cc(-c3ccc(NC(=O)c4ccc(C(=O)O)cc4)cc3)cnc2N)c1,6.5000076,-5.7041287
540,mol421,-13.5,C/C(=N\Nc1ncnc2oc(-c3ccccc3)c(C)c12)c1cccc2ccccc12,C/C(=N\Nc1ncnc2oc(-c3ccccc3)c(C)c12)c1cccc2ccccc12,6.225077,-7.1124554
680,mol485,-13.5,Cc1cc(Nc2cc(N)ncn2)cc(N2CCC(NC(=O)c3cc4ccccc4o3)CC2)c1,Cc1cc(Nc2cc(N)ncn2)cc(N2CCC(NC(=O)c3cc4ccccc4o3)CC2)c1,6.858241,-4.271447
530,mol151,-13.5,Cc1ccc(C(=O)Nc2ccc(F)c(C(F)(F)F)c2)cc1Nc1ncnn2cc(-c3cnc4[nH]ccc4c3)cc12,Cc1ccc(C(=O)Nc2ccc(F)c(C(F)(F)F)c2)cc1Nc1ncnn2cc(-c3cnc4[nH]ccc4c3)cc12,6.233969,-6.5715537
790,mol94,-13.5,Cc1ccccc1-c1nc(Nc2nccc(C(=O)Nc3ccc(C(=O)O)cc3)n2)c2ccccc2n1,Cc1ccccc1-c1nc(Nc2nccc(C(=O)Nc3ccc(C(=O)O)cc3)n2)c2ccccc2n1,6.6002073,-5.693003
190,mol187,-13.5,Cc1cc(NC(=O)c2cc(NC(=O)c3cccc(NC(=O)c4cccc(C(F)(F)F)c4)c3)ccc2F)n(-c2cccc(C(=O)O)c2)n1,Cc1cc(NC(=O)c2cc(NC(=O)c3cccc(NC(=O)c4cccc(C(F)(F)F)c4)c3)ccc2F)n(-c2cccc(C(=O)O)c2)n1,6.8164253,-6.2482076
330,mol273,-13.49,Cc1ccc(C(=O)Nc2cc(C(=O)O)cc(C(=O)O)c2)cc1-c1ccc(-c2ccc(C(=O)O)cc2)cc1,Cc1ccc(C(=O)Nc2cc(C(=O)O)cc(C(=O)O)c2)cc1-c1ccc(-c2ccc(C(=O)O)cc2)cc1,6.8732057,-5.7590203
660,mol276,-13.49,Cc1ccc(NC(=O)c2ccc(C#N)cc2)cc1Nc1nccn(-c2cccc(C(=O)Nc3cccc(C(N)=O)c3)c2)c1=O,Cc1ccc(NC(=O)c2ccc(C#N)cc2)cc1Nc1nccn(-c2cccc(C(=O)Nc3cccc(C(N)=O)c3)c2)c1=O,6.8748803,-6.54625
840,mol412,-13.49,Cn1cccc1C(=O)c1ccc(NC(=O)c2ccccc2Oc2ccc(-c3cccc4ccccc34)cc2)cc1,Cn1cccc1C(=O)c1ccc(NC(=O)c2ccccc2Oc2ccc(-c3cccc4ccccc34)cc2)cc1,5.831547,-7.4465394
90,mol175,-13.49,Cc1cccc(CNc2ncc(C(=O)c3ccc(C(=O)Nc4cccc(NC(=O)Nc5ccccc5)c4)cc3)c(=O)[nH]2)c1,Cc1cccc(CNc2ncc(C(=O)c3ccc(C(=O)Nc4cccc(NC(=O)Nc5ccccc5)c4)cc3)c(=O)[nH]2)c1,6.527663,-7.124918
280,mol402,-13.49,Cc1ccc(C(=O)Nc2cccc(C(=O)Nc3cccc(C(F)(F)F)c3)c2)cc1Nc1nccc(-c2ccncc2)n1,Cc1ccc(C(=O)Nc2cccc(C(=O)Nc3cccc(C(F)(F)F)c3)c2)cc1Nc1nccc(-c2ccncc2)n1,6.454362,-6.7717476
410,mol442,-13.49,COc1c(NC(=O)c2ccc(C)c(Nc3ncc(-c4ccccc4)c(N)n3)c2)ccc(C(=O)Nc2ccc(C(=O)O)cn2)c1F,COc1c(NC(=O)c2ccc(C)c(Nc3ncc(-c4ccccc4)c(N)n3)c2)ccc(C(=O)Nc2ccc(C(=O)O)cn2)c1F,6.4815693,-6.370249
310,mol185,-13.49,Cc1ccc(NC(=O)c2cccc(C(=O)Nc3ccc4c(c3)CCC(=O)N4)c2)cc1N(C)c1cccc(C(F)(F)F)c1,Cc1ccc(NC(=O)c2cccc(C(=O)Nc3ccc4c(c3)CCC(=O)N4)c2)cc1N(C)c1cccc(C(F)(F)F)c1,6.5358152,-6.635863
870,mol297,-13.48,Cc1ccc(-c2ccc3cc(O)ccc3c2)cc1-c1ccc(-c2ccc(C(=O)O)cc2)cc1,Cc1ccc(-c2ccc3cc(O)ccc3c2)cc1-c1ccc(-c2ccc(C(=O)O)cc2)cc1,6.3265443,-6.6623316
300,mol413,-13.48,Cc1cc(Nc2cc(-c3ccc(C(=O)NC[C@H](O)c4ccccc4)cc3)cc(N3CCOCC3)n2)[n+]([O-])nc1-c1ccccc1,Cc1cc(Nc2cc(-c3ccc(C(=O)NC[C@H](O)c4ccccc4)cc3)cc(N3CCOCC3)n2)[n+]([O-])nc1-c1ccccc1,6.6050396,-4.400845
410,mol12,-13.48,Cc1cnc(Nc2cncc(C(=O)Nc3ccc(C(N)N)cc3)c2)cc1Nc1ccnc2ccc(-c3cn[nH]c3)cc12,Cc1cnc(Nc2cncc(C(=O)Nc3ccc(C(N)N)cc3)c2)cc1Nc1ccnc2ccc(-c3cn[nH]c3)cc12,7.1581826,-6.2760215
920,mol458,-13.48,C[C@@H](Oc1ccc(-c2nn(C)c3ccccc23)cc1)C(=O)Nc1ccc(-c2nn(C)nc2-c2ccccc2)cc1,C[C@@H](Oc1ccc(-c2nn(C)c3ccccc23)cc1)C(=O)Nc1ccc(-c2nn(C)nc2-c2ccccc2)cc1,6.195741,-6.835902
230,mol376,-13.48,Cc1ccc(C(=O)Nc2cccc(-c3ccc4nc(NC(=O)Nc5ccccc5)sc4n3)c2)s1,Cc1ccc(C(=O)Nc2cccc(-c3ccc4nc(NC(=O)Nc5ccccc5)sc4n3)c2)s1,6.8943005,-7.356662
360,mol295,-13.48,Cc1cc(NC(=O)Nc2ccc(C(=O)Nc3cccc(-c4nc(=O)n(C)c5ccccc45)c3)cc2)ccn1,Cc1cc(NC(=O)Nc2ccc(C(=O)Nc3cccc(-c4nc(=O)n(C)c5ccccc45)c3)cc2)ccn1,6.603389,-6.460371
920,mol62,-13.48,COc1cc(Nc2nccc(-c3c[nH]c4ccccc34)n2)ccc1Nc1nccc(-c2c[nH]c3ccccc23)n1,COc1cc(Nc2nccc(-c3c[nH]c4ccccc34)n2)ccc1Nc1nccc(-c2c[nH]c3ccccc23)n1,6.2866683,-6.9556146
920,mol438,-13.47,Cc1nc(NC(=O)c2ccccc2Sc2ccc(NC(=O)Nc3ccc4nc(O)ccc4c3)cc2)cc(N2CC[NH+](CCc3ccccc3)CC2)n1,Cc1nc(NC(=O)c2ccccc2Sc2ccc(NC(=O)Nc3ccc4nc(O)ccc4c3)cc2)cc(N2CC[NH+](CCc3ccccc3)CC2)n1,6.5955796,-5.5683117
340,mol499,-13.47,Cc1ccc(Cc2nn(C[C@H](O)C(=O)Nc3cccc(C(=O)O)c3)cc2NC(=O)c2ccc(NC(=O)c3ccc4ccccc4n3)cc2)cc1,Cc1ccc(Cc2nn(C[C@H](O)C(=O)Nc3cccc(C(=O)O)c3)cc2NC(=O)c2ccc(NC(=O)c3ccc4ccccc4n3)cc2)cc1,6.677779,-5.5228
750,mol269,-13.47,Cc1ccccc1-c1ccc(-c2nc(N)nc(Nc3ccc(Oc4ccccc4)cc3)n2)cc1,Cc1ccccc1-c1ccc(-c2nc(N)nc(Nc3ccc(Oc4ccccc4)cc3)n2)cc1,5.8183875,-7.4066024
50,mol291,-13.47,c1ccc2c(N3CCN(c4ccc(Nc5nccc(-c6cncnc6)n5)cc4)CC3)ncnc2c1,c1ccc2c(N3CCN(c4ccc(Nc5nccc(-c6cncnc6)n5)cc4)CC3)ncnc2c1,6.7105575,-4.6035886
550,mol404,-13.47,Cc1cccc(CNC(=O)c2cccc(Cc3cccc(NC(=O)c4cccc(C(=O)O)c4)c3)c2)c1,Cc1cccc(CNC(=O)c2cccc(Cc3cccc(NC(=O)c4cccc(C(=O)O)c4)c3)c2)c1,6.151978,-5.973597
850,mol140,-13.46,Cc1ccc(C(=O)Nc2cccc(C(N)=O)c2)cc1NC(=O)c1ccc(-c2ccccc2)cc1,Cc1ccc(C(=O)Nc2cccc(C(N)=O)c2)cc1NC(=O)c1ccc(-c2ccccc2)cc1,6.0572824,-6.4530582
270,mol42,-13.46,Cc1ccc(NC(=O)c2cccc(CC3CCCCC3)c2)cc1Nc1ncn(-c2ccc(C(=O)Nc3ccccc3)cc2)n1,Cc1ccc(NC(=O)c2cccc(CC3CCCCC3)c2)cc1Nc1ncn(-c2ccc(C(=O)Nc3ccccc3)cc2)n1,6.0707135,-6.952688
200,mol451,-13.46,Cc1c(-c2ccc(C(=O)NCc3ccc(-c4ccccc4C(F)(F)F)cc3)cc2)[nH]c(=O)[nH]c1=O,Cc1c(-c2ccc(C(=O)NCc3ccc(-c4ccccc4C(F)(F)F)cc3)cc2)[nH]c(=O)[nH]c1=O,6.470884,-7.0099373
700,mol107,-13.46,Cc1ccc(C(=O)Nc2ccc(B(O)O)cc2)cc1NC(=O)c1ccc(Nc2ccnc3cc(Cl)ccc23)cc1,Cc1ccc(C(=O)Nc2ccc(B(O)O)cc2)cc1NC(=O)c1ccc(Nc2ccnc3cc(Cl)ccc23)cc1,6.598599,-6.361469
230,mol350,-13.46,Cc1cc(OCc2cccc(-c3cccc(-c4ccncc4)c3)c2)cc(C2=C[C@H](Cc3ccc(F)cc3)CC(=O)N2)n1,Cc1cc(OCc2cccc(-c3cccc(-c4ccncc4)c3)c2)cc(C2=C[C@H](Cc3ccc(F)cc3)CC(=O)N2)n1,5.645087,-7.065774
480,mol380,-13.46,Cc1ccc(NC(=O)c2cccc(C(N)=O)c2)cc1Nc1ncnn2cc(-c3ccc4c(c3)OCO4)cc12,Cc1ccc(NC(=O)c2cccc(C(N)=O)c2)cc1Nc1ncnn2cc(-c3ccc4c(c3)OCO4)cc12,6.2415586,-6.086581
300,mol248,-13.45,Cc1ccc(-c2ccc(C(=O)Nc3ccc(C(=O)Nc4ccc(-c5n[nH]c(N)n5)cc4)cc3)cc2)cc1,Cc1ccc(-c2ccc(C(=O)Nc3ccc(C(=O)Nc4ccc(-c5n[nH]c(N)n5)cc4)cc3)cc2)cc1,6.29829,-6.8111897
20,mol298,-13.45,Cc1ccccc1-c1cccc(C[C@@H]([NH3+])C(=O)Nc2ccc3c(c2)CCC3=O)c1,Cc1ccccc1-c1cccc(C[C@@H]([NH3+])C(=O)Nc2ccc3c(c2)CCC3=O)c1,6.2782617,-3.809629
170,mol212,-13.45,Cc1cc(NC(=O)c2cc(NC(=O)c3cccn(Cc4cc(Cl)ccc4Oc4ccccc4)c3=O)ccn2)n(-c2ccccc2)n1,Cc1cc(NC(=O)c2cc(NC(=O)c3cccn(Cc4cc(Cl)ccc4Oc4ccccc4)c3=O)ccn2)n(-c2ccccc2)n1,6.694199,-7.5744686
240,mol91,-13.45,Cc1ccc(NC(=O)c2ccccn2)cc1NC(=O)c1ccc(-c2ccc(C(=O)c3ccccc3)cc2)cc1,Cc1ccc(NC(=O)c2ccccn2)cc1NC(=O)c1ccc(-c2ccc(C(=O)c3ccccc3)cc2)cc1,6.327972,-6.722182
330,mol385,-13.45,COc1ccc(NC(=O)c2cccc(C(=O)NCc3ccccc3)c2)cc1NC(=O)c1ccc(OC/C2=C/C(=O)n3nccc3NC3=N[C@H](C)CC[C@H]32)cc1,COc1ccc(NC(=O)c2cccc(C(=O)NCc3ccccc3)c2)cc1NC(=O)c1ccc(OC/C2=C/C(=O)n3nccc3NC3=N[C@H](C)CC[C@H]32)cc1,6.56644,-6.893775
710,mol118,-13.45,Cc1cccc(Nc2nc(-c3cccc4ccccc34)cc(=O)[nH]2)c1C,Cc1cccc(Nc2nc(-c3cccc4ccccc34)cc(=O)[nH]2)c1C,6.271964,-6.7536016
290,mol222,-13.45,Cc1ccncc1-c1ccc(-n2c(=O)c3cc(C(=O)NCc4ccccc4Cl)ccc3n(C)c2=O)cc1,Cc1ccncc1-c1ccc(-n2c(=O)c3cc(C(=O)NCc4ccccc4Cl)ccc3n(C)c2=O)cc1,6.489825,-6.4325814
290,mol496,-13.45,Cc1ccc(NC(=O)c2cccc(C(F)(F)F)c2)cc1NC(=O)c1cccc(-c2cc(C(=O)O)ccn2)c1,Cc1ccc(NC(=O)c2cccc(C(F)(F)F)c2)cc1NC(=O)c1cccc(-c2cc(C(=O)O)ccn2)c1,6.564558,-6.138084
740,mol402,-13.45,Cc1ccc(NC(=O)c2ccc(-c3c[nH]c4ccccc34)cc2)cc1-c1cccc2nc(NC(=O)C3CC3)sc12,Cc1ccc(NC(=O)c2ccc(-c3c[nH]c4ccccc34)cc2)cc1-c1cccc2nc(NC(=O)C3CC3)sc12,5.957314,-6.7931037
600,mol14,-13.45,Cc1ccc(F)cc1C(=O)Nc1ccc(Oc2ccnc(Nc3cccc(-c4ccccc4F)c3)c2)cc1,Cc1ccc(F)cc1C(=O)Nc1ccc(Oc2ccnc(Nc3cccc(-c4ccccc4F)c3)c2)cc1,5.9370446,-7.2658706
250,mol417,-13.45,Cc1ccc(NC(=O)Nc2ccc(Oc3ccccc3)cc2C(=O)Nc2ccc(Oc3ccc4ccccc4n3)cc2)cc1,Cc1ccc(NC(=O)Nc2ccc(Oc3ccccc3)cc2C(=O)Nc2ccc(Oc3ccc4ccccc4n3)cc2)cc1,5.979853,-7.6000943
480,mol296,-13.45,CNC(=O)Nc1ccc(Oc2ccc(NC(=O)Nc3ccc(Oc4ccnc(NC(=O)Cc5ccccc5)n4)c(OC)c3)cc2)cc1,CNC(=O)Nc1ccc(Oc2ccc(NC(=O)Nc3ccc(Oc4ccnc(NC(=O)Cc5ccccc5)n4)c(OC)c3)cc2)cc1,6.3340387,-7.3177876
290,mol185,-13.45,[H]/N=C\c1ccc(-c2ccc(S(=O)(=O)Nc3ccc(NC(=O)c4ccc(-c5cc(C(=O)O)nn5-c5ccc(Cl)cc5)cc4)c(C)c3)cc2)cc1,[H]/N=C\c1ccc(-c2ccc(S(=O)(=O)Nc3ccc(NC(=O)c4ccc(-c5cc(C(=O)O)nn5-c5ccc(Cl)cc5)cc4)c(C)c3)cc2)cc1,6.5372305,-6.5475593
840,mol417,-13.45,Cc1ccc(-c2nccc(-c3cccc(C(=O)Nc4cccc(C(N)=O)c4)c3)n2)cc1,Cc1ccc(-c2nccc(-c3cccc(C(=O)Nc4cccc(C(N)=O)c4)c3)n2)cc1,6.0834417,-5.836224
590,mol319,-13.45,Cc1ccc(Oc2cccc(NC(=O)c3ccccc3)c2)cc1NC(=O)c1ccc(-n2ccccc2=O)cc1,Cc1ccc(Oc2cccc(NC(=O)c3ccccc3)c2)cc1NC(=O)c1ccc(-n2ccccc2=O)cc1,6.2899337,-6.9483376
190,mol303,-13.45,Cc1ccc(C(=O)Nc2cc(F)cc(C(F)(F)F)c2)cc1Nc1nccc(-c2cncc(Nc3ccccc3SCc3ccccc3)c2)n1,Cc1ccc(C(=O)Nc2cc(F)cc(C(F)(F)F)c2)cc1Nc1nccc(-c2cncc(Nc3ccccc3SCc3ccccc3)c2)n1,6.383175,-6.971056
330,mol343,-13.45,Cc1noc(-c2cccc(C(=O)Nc3ccc4c(c3)CCC4)c2)c1-c1ccc2ccccc2c1,Cc1noc(-c2cccc(C(=O)Nc3ccc4c(c3)CCC4)c2)c1-c1ccc2ccccc2c1,5.561057,-6.4403777
980,mol60,-13.44,Cc1ccc(C(=O)Nc2cccc(C(C)C)c2)cc1NC(=O)c1ccc(-c2ccccc2)cc1,Cc1ccc(C(=O)Nc2cccc(C(C)C)c2)cc1NC(=O)c1ccc(-c2ccccc2)cc1,6.026217,-6.5973864
790,mol146,-13.44,Cc1ccccc1C(=O)Nc1cccc(C(=O)Nc2cccc(NC(=O)c3ccc4ccccc4n3)c2)c1,Cc1ccccc1C(=O)Nc1cccc(C(=O)Nc2cccc(NC(=O)c3ccc4ccccc4n3)c2)c1,6.3177204,-6.5295725
710,mol438,-13.44,CC(=O)Nc1ccccc1C(=O)Nc1cccc(Cc2cc(S(=O)(=O)Nc3ccc4ccccc4c3)no2)c1,CC(=O)Nc1ccccc1C(=O)Nc1cccc(Cc2cc(S(=O)(=O)Nc3ccc4ccccc4c3)no2)c1,6.2077265,-6.084329
500,mol313,-13.44,Cc1cc(-c2cccc(-c3ccnc(Nc4cccc(C(F)(F)F)c4)c3)c2)ccn1,Cc1cc(-c2cccc(-c3ccnc(Nc4cccc(C(F)(F)F)c4)c3)c2)ccn1,6.345877,-6.688409
250,mol479,-13.44,Cc1ccc(C(=O)Nc2ccc(C[NH+]3CC[NH2+]CC3)cc2NC(=O)c2cccc(C(=O)Nc3cc4ccccc4o3)c2)cc1,Cc1ccc(C(=O)Nc2ccc(C[NH+]3CC[NH2+]CC3)cc2NC(=O)c2cccc(C(=O)Nc3cc4ccccc4o3)c2)cc1,6.3240957,-4.9106646
330,mol337,-13.44,CC(=O)Nc1ccc(Oc2ccc(NC(=O)Nc3cccc(Oc4ccnc(NC(=O)c5ccccc5)c4)c3)cc2)cc1,CC(=O)Nc1ccc(Oc2ccc(NC(=O)Nc3cccc(Oc4ccnc(NC(=O)c5ccccc5)c4)c3)cc2)cc1,6.3292584,-7.0038824
120,mol435,-13.44,Cc1cc(-c2ccc(C(=O)Nc3cc(-c4cccc(C(=O)O)c4)ccc3O)cc2)ccc1O,Cc1cc(-c2ccc(C(=O)Nc3cc(-c4cccc(C(=O)O)c4)ccc3O)cc2)ccc1O,6.487166,-6.041249
90,mol225,-13.43,NC(N)c1ccc(Oc2ccc(NC(=O)c3cccc(NC(=O)c4cccc(C(=O)Nc5ccccc5)c4)c3)cc2)cc1,NC(N)c1ccc(Oc2ccc(NC(=O)c3cccc(NC(=O)c4cccc(C(=O)Nc5ccccc5)c4)c3)cc2)cc1,6.2406344,-6.542969
180,mol364,-13.43,O=C(c1ccc(-c2ccc(OCc3nc(-c4ccccc4)c[nH]3)cc2)cc1)N1CCC(c2cccc(F)c2)CC1,O=C(c1ccc(-c2ccc(OCc3nc(-c4ccccc4)c[nH]3)cc2)cc1)N1CCC(c2cccc(F)c2)CC1,6.064844,-6.675358
230,mol414,-13.43,Cc1cccc(-c2cc(C(N)=O)cc(C(=O)Nc3ccc(Nc4nccc(Nc5ccccc5)n4)cc3)c2)c1,Cc1cccc(-c2cc(C(N)=O)cc(C(=O)Nc3ccc(Nc4nccc(Nc5ccccc5)n4)cc3)c2)c1,5.8120947,-6.5283637
580,mol480,-13.43,CN(c1ccc(NC(=O)c2ccc(F)c(Nc3ccnc4ccc(Cl)cc34)c2)cc1)c1ccc(NC(=O)[C@H]2C[C@@H](O)[C@@H](NCc3ccc(F)cc3)C2)cc1,CN(c1ccc(NC(=O)c2ccc(F)c(Nc3ccnc4ccc(Cl)cc34)c2)cc1)c1ccc(NC(=O)[C@H]2C[C@@H](O)[C@@H](NCc3ccc(F)cc3)C2)cc1,7.247215,-6.2679677
570,mol469,-13.43,Cc1ccc(C(=O)NCc2ccc(C(=O)Nc3ccccc3N)cc2)cc1NC(=O)c1ccc(Cc2ccccc2)cc1,Cc1ccc(C(=O)NCc2ccc(C(=O)Nc3ccccc3N)cc2)cc1NC(=O)c1ccc(Cc2ccccc2)cc1,6.4274316,-6.9005303
580,mol282,-13.43,Cc1ccc(NC(=O)c2cccc(-c3ccccc3)c2)cc1Nc1nccc(-c2ccccn2)n1,Cc1ccc(NC(=O)c2cccc(-c3ccccc3)c2)cc1Nc1nccc(-c2ccccn2)n1,5.846449,-6.5150347
400,mol265,-13.43,Cc1ccc(C(=O)Nc2ccc(C(=O)NCCc3ccccc3)cc2)cc1NC(=O)c1ccc(-c2ccc(Cl)cc2)cc1,Cc1ccc(C(=O)Nc2ccc(C(=O)NCCc3ccccc3)cc2)cc1NC(=O)c1ccc(-c2ccc(Cl)cc2)cc1,6.244111,-6.6088924
550,mol198,-13.43,Cc1ccc(C(=O)Nc2ccc(F)c(C(F)(F)F)c2)cc1Nc1nccc(-c2c[nH]c3cc(Cl)ccc23)n1,Cc1ccc(C(=O)Nc2ccc(F)c(C(F)(F)F)c2)cc1Nc1nccc(-c2c[nH]c3cc(Cl)ccc23)n1,6.532841,-6.68721
490,mol135,-13.43,Cc1ccc(C(=O)Nc2ccc(Oc3ccc(-c4nc(=O)c5ccccc5[nH]4)cc3)cc2)cc1,Cc1ccc(C(=O)Nc2ccc(Oc3ccc(-c4nc(=O)c5ccccc5[nH]4)cc3)cc2)cc1,6.013736,-7.3642435
410,mol40,-13.42,Cc1cc(Nc2nccc(Nc3ccc4c(N)ncnc4c3)n2)ccc1NC(=O)c1ccc(-c2ccccc2)s1,Cc1cc(Nc2nccc(Nc3ccc4c(N)ncnc4c3)n2)ccc1NC(=O)c1ccc(-c2ccccc2)s1,6.401008,-6.4642663
830,mol255,-13.42,Cc1ccccc1Nc1ccc(-c2cccc(C(=O)c3cccc(C(=O)O)c3)c2)cn1,Cc1ccccc1Nc1ccc(-c2cccc(C(=O)c3cccc(C(=O)O)c3)c2)cn1,6.3159785,-5.9221945
340,mol70,-13.42,Cc1cc(Cc2cc(N)cc(C(=O)Nc3ccc(C(N)N)cc3)c2)cc(C(=O)Nc2ccc3c(c2)CC(=O)N3)c1,Cc1cc(Cc2cc(N)cc(C(=O)Nc3ccc(C(N)N)cc3)c2)cc(C(=O)Nc2ccc3c(c2)CC(=O)N3)c1,6.7713976,-5.5446343
220,mol284,-13.42,Cc1cc(Nc2ncc(C(=O)Nc3cccc(C(F)(F)F)c3)s2)ccc1-c1nc(Nc2cccc(S(N)(=O)=O)c2)ncc1Br,Cc1cc(Nc2ncc(C(=O)Nc3cccc(C(F)(F)F)c3)s2)ccc1-c1nc(Nc2cccc(S(N)(=O)=O)c2)ncc1Br,6.753983,-6.549487
320,mol344,-13.42,CCC(=O)Nc1cccc(-c2ccc3c(NCc4cccc(NC(=O)Nc5ccccc5C)c4)ccnc3c2)c1,CCC(=O)Nc1cccc(-c2ccc3c(NCc4cccc(NC(=O)Nc5ccccc5C)c4)ccnc3c2)c1,5.8142014,-6.3323216
980,mol363,-13.42,Cc1ccc(NC(=O)c2ccc(Nc3nccc(-c4c[nH]c5ccccc45)n3)cc2)cc1C(=O)O,Cc1ccc(NC(=O)c2ccc(Nc3nccc(-c4c[nH]c5ccccc45)n3)cc2)cc1C(=O)O,6.3933067,-5.770025
560,mol380,-13.42,Cc1ccc(NC(=O)c2cccc(Cn3cc(C(=O)O)c4ccccc43)c2)cc1Nc1nccc(-c2cccnc2)n1,Cc1ccc(NC(=O)c2cccc(Cn3cc(C(=O)O)c4ccccc43)c2)cc1Nc1nccc(-c2cccnc2)n1,6.571897,-6.173988
870,mol255,-13.42,Cc1cc(C)cc(Nc2nccc(-c3ccnc(-c4ccc(C(=O)O)cc4)c3)n2)c1,Cc1cc(C)cc(Nc2nccc(-c3ccnc(-c4ccc(C(=O)O)cc4)c3)n2)c1,6.630543,-5.462728
670,mol225,-13.42,Cc1ccc(C(=O)Nc2cccc(C(F)(F)F)c2)cc1NC(=O)c1cnc(-c2ccccc2NS(C)(=O)=O)cc1F,Cc1ccc(C(=O)Nc2cccc(C(F)(F)F)c2)cc1NC(=O)c1cnc(-c2ccccc2NS(C)(=O)=O)cc1F,6.606732,-6.6192966
590,mol29,-13.42,COc1ccc(NC(=O)c2ccc(NC(=O)c3cc(=O)n4ccccc4n3)cc2)cc1N1CC(=O)Nc2ccccc21,COc1ccc(NC(=O)c2ccc(NC(=O)c3cc(=O)n4ccccc4n3)cc2)cc1N1CC(=O)Nc2ccccc21,6.365558,-6.309861
940,mol460,-13.42,Cc1cccc(C(=O)Nc2ccc(Nc3ccnc4cc(-c5ccccc5)ccc34)cc2)c1,Cc1cccc(C(=O)Nc2ccc(Nc3ccnc4cc(-c5ccccc5)ccc34)cc2)c1,5.55858,-6.4448357
180,mol71,-13.42,Nc1ncc(-c2ccc(OCc3cccc4ccccc34)cc2)nc1C(=O)N1CCN(c2ccc(C(=O)O)cn2)CC1,Nc1ncc(-c2ccc(OCc3cccc4ccccc34)cc2)nc1C(=O)N1CCN(c2ccc(C(=O)O)cn2)CC1,6.819833,-5.4269676
720,mol304,-13.42,Cc1ccc(C(=O)Nc2ccc(S(O)(O)O)c3ccccc23)cc1NC(=O)c1ccc(C(=O)c2ccccc2)cc1,Cc1ccc(C(=O)Nc2ccc(S(O)(O)O)c3ccccc23)cc1NC(=O)c1ccc(C(=O)c2ccccc2)cc1,6.4280143,-6.13063
670,mol482,-13.41,Cc1ncc(Cc2c[nH]c3ncc(-c4ccccc4)cc23)cc1NC(=O)c1ccc(-c2ccccc2Cl)s1,Cc1ncc(Cc2c[nH]c3ncc(-c4ccccc4)cc23)cc1NC(=O)c1ccc(-c2ccccc2Cl)s1,6.295075,-6.263527
260,mol85,-13.41,Cc1ccc(Oc2ccc(NC(=O)c3ccc(NC(=O)c4cccc(C(=O)Nc5ccccc5)c4)cc3)cc2)cc1,Cc1ccc(Oc2ccc(NC(=O)c3ccc(NC(=O)c4cccc(C(=O)Nc5ccccc5)c4)cc3)cc2)cc1,5.9686794,-6.95016
400,mol182,-13.41,NC(N)c1cccc(NC(=O)Nc2ncc(-c3ccc(C(=O)NCc4cccc(C(F)(F)F)c4)cc3)o2)c1,NC(N)c1cccc(NC(=O)Nc2ncc(-c3ccc(C(=O)NCc4cccc(C(F)(F)F)c4)cc3)o2)c1,6.448563,-6.451869
820,mol432,-13.41,Cc1cccc(CC(=O)Nc2cccc(-c3ccc4ncccc4c3)c2)c1,Cc1cccc(CC(=O)Nc2cccc(-c3ccc4ncccc4c3)c2)c1,5.7030554,-6.2341056
30,mol407,-13.41,Cc1ccc(C(=O)Nc2cccc(C(F)(F)F)c2)cc1-c1ccc2[nH]cc(CCc3ccc(NC(=O)C4(C(=O)Nc5cccc(F)c5)CC4)cc3)c2c1,Cc1ccc(C(=O)Nc2cccc(C(F)(F)F)c2)cc1-c1ccc2[nH]cc(CCc3ccc(NC(=O)C4(C(=O)Nc5cccc(F)c5)CC4)cc3)c2c1,6.3346148,-7.528434
890,mol263,-13.41,Cc1cccc(C(=O)Nc2cccc(C(=O)c3ccc4ccccc4c3)c2)c1,Cc1cccc(C(=O)Nc2cccc(C(=O)c3ccc4ccccc4c3)c2)c1,5.9962893,-6.673735
940,mol386,-13.41,C[C@H](Oc1cc(-c2cnc(N)c(OC(F)F)c2)cnc1N)c1cc(F)cc(-c2ccc(C(=O)O)cc2)c1,C[C@H](Oc1cc(-c2cnc(N)c(OC(F)F)c2)cnc1N)c1cc(F)cc(-c2ccc(C(=O)O)cc2)c1,6.5583434,-6.5161853
120,mol387,-13.41,Cc1c(C(=O)NC2CCN(c3nccc(Nc4ccc(C(=O)O)cn4)n3)CC2)cncc1-c1nc(Nc2cccc(C(F)(F)F)n2)c2cc[nH]c2n1,Cc1c(C(=O)NC2CCN(c3nccc(Nc4ccc(C(=O)O)cn4)n3)CC2)cncc1-c1nc(Nc2cccc(C(F)(F)F)n2)c2cc[nH]c2n1,7.4331965,-5.653923
250,mol150,-13.41,Cc1ccc(CNC(=O)c2ccc3nc(Nc4cccc(C(=O)Nc5ccccc5C(F)(F)F)c4)[nH]c3c2)cc1,Cc1ccc(CNC(=O)c2ccc3nc(Nc4cccc(C(=O)Nc5ccccc5C(F)(F)F)c4)[nH]c3c2)cc1,6.0639563,-7.1428223
220,mol197,-13.4,Cc1c(C(=O)Nc2cccc(C(=O)Nc3ccc(C(=O)NCc4ccccc4Cl)cc3)c2)oc2cccc(OCc3ccccc3)c12,Cc1c(C(=O)Nc2cccc(C(=O)Nc3ccc(C(=O)NCc4ccccc4Cl)cc3)c2)oc2cccc(OCc3ccccc3)c12,6.4448695,-7.098728
540,mol27,-13.4,Cc1ccc(NC(=O)c2cccc(-c3nc(C)c(Cc4ccccc4)o3)c2)cc1NS(=O)(=O)c1ccc(Oc2ccccc2)cc1,Cc1ccc(NC(=O)c2cccc(-c3nc(C)c(Cc4ccccc4)o3)c2)cc1NS(=O)(=O)c1ccc(Oc2ccccc2)cc1,6.155378,-6.744069
980,mol40,-13.4,Cc1ccc(C(=O)NC2CC2)cc1-c1ccc(-c2cnc(Nc3ccc(Oc4ccccc4)cc3)nc2)cc1,Cc1ccc(C(=O)NC2CC2)cc1-c1ccc(-c2cnc(Nc3ccc(Oc4ccccc4)cc3)nc2)cc1,6.1624026,-6.992215
320,mol58,-13.4,Cc1nc(Nc2ccc(C(=O)O)c(C(=O)O)c2)cc(Nc2ncc(C(=O)Nc3cccc(C(=O)Nc4cccc(C(F)(F)F)c4)c3)s2)n1,Cc1nc(Nc2ccc(C(=O)O)c(C(=O)O)c2)cc(Nc2ncc(C(=O)Nc3cccc(C(=O)Nc4cccc(C(F)(F)F)c4)c3)s2)n1,6.9358544,-5.664718
850,mol33,-13.4,CCNC(=O)c1cc(Nc2nccc3cc(NC(=O)c4cccc(C(=O)Nc5cc(C)ccc5C)c4)ccc23)sc1C,CCNC(=O)c1cc(Nc2nccc3cc(NC(=O)c4cccc(C(=O)Nc5cc(C)ccc5C)c4)ccc23)sc1C,6.9007835,-6.1936607
360,mol287,-13.4,Cc1cccc(-c2ccc(C(=O)Nc3ccc(-c4cccnc4)cc3C(=O)O)cc2)c1,Cc1cccc(-c2ccc(C(=O)Nc3ccc(-c4cccnc4)cc3C(=O)O)cc2)c1,5.9347515,-6.0943117
220,mol154,-13.4,Cc1cc(C(=O)Nc2ccc(F)c(C(F)(F)F)c2)ccc1Nc1ccnc(-c2cc(C(=O)Nc3cccc(C(F)(F)F)c3)on2)n1,Cc1cc(C(=O)Nc2ccc(F)c(C(F)(F)F)c2)ccc1Nc1ccnc(-c2cc(C(=O)Nc3cccc(C(F)(F)F)c3)on2)n1,6.715914,-6.6232457
160,mol244,-13.4,COc1cc(OCc2ccc(-c3cccc(-c4ccccc4)c3)cc2)ccc1-c1ccc(/C=C\C(=O)NO)cc1,COc1cc(OCc2ccc(-c3cccc(-c4ccccc4)c3)cc2)ccc1-c1ccc(/C=C\C(=O)NO)cc1,5.697781,-7.6123686
330,mol264,-13.4,Cc1ccccc1-c1ccc(Nc2nccc(-c3c[nH]c4ccccc34)n2)cn1,Cc1ccccc1-c1ccc(Nc2nccc(-c3c[nH]c4ccccc34)n2)cn1,6.4406037,-6.096655
270,mol371,-13.4,Cc1c(-c2nc(Nc3cccc(C(=O)Nc4cccnc4)c3)ncc2F)ccc2[nH]ccc12,Cc1c(-c2nc(Nc3cccc(C(=O)Nc4cccnc4)c3)ncc2F)ccc2[nH]ccc12,6.4438744,-6.3065877
610,mol474,-13.4,Cc1cc(NC(=O)c2ccc(C#N)cc2)cc(C)c1OCc1cccc(-c2ccnc3cc(Cl)ccc23)c1,Cc1cc(NC(=O)c2ccc(C#N)cc2)cc(C)c1OCc1cccc(-c2ccnc3cc(Cl)ccc23)c1,6.318307,-7.32356
330,mol391,-13.4,Cc1ccc(NC(=O)c2cccc(-c3cccc4ccccc34)c2)cc1,Cc1ccc(NC(=O)c2cccc(-c3cccc4ccccc34)c2)cc1,5.84178,-6.821507
380,mol183,-13.4,Cc1ccc(C(=O)Nc2cccc(-c3cnc(N)c(C(=O)Nc4ccc(C(=O)O)cc4)c3)c2)cc1,Cc1ccc(C(=O)Nc2cccc(-c3cnc(N)c(C(=O)Nc4ccc(C(=O)O)cc4)c3)c2)cc1,6.4268584,-6.0607023
180,mol111,-13.4,Cc1cc(N2Cc3cc(C#N)ccc3N(c3cccc(C(N)=O)c3)C2=O)ccc1C(=O)Nc1ccc(N2CCC([NH+]3CCOCC3)CC2)cc1,Cc1cc(N2Cc3cc(C#N)ccc3N(c3cccc(C(N)=O)c3)C2=O)ccc1C(=O)Nc1ccc(N2CCC([NH+]3CCOCC3)CC2)cc1,6.8789697,-5.384755
630,mol278,-13.4,Cc1ccc(NC(=O)c2cccc(Nc3ncnc4ccccc34)c2)cc1NC(=O)c1cccc(C(=O)O)c1,Cc1ccc(NC(=O)c2cccc(Nc3ncnc4ccccc34)c2)cc1NC(=O)c1cccc(C(=O)O)c1,6.480042,-5.6467967
270,mol208,-13.4,Cc1ccc(C(=O)Nc2cc(C(=O)Nc3ccc(C(=O)Nc4cccc(C(F)(F)F)c4)cc3)ccc2C(F)(F)F)cc1,Cc1ccc(C(=O)Nc2cc(C(=O)Nc3ccc(C(=O)Nc4cccc(C(F)(F)F)c4)cc3)ccc2C(F)(F)F)cc1,6.0538435,-6.9682574
670,mol435,-13.4,Cc1ccc(Cl)cc1NC(=O)c1ccc(-c2ccc(-c3ccccc3)cc2N)cc1,Cc1ccc(Cl)cc1NC(=O)c1ccc(-c2ccc(-c3ccccc3)cc2N)cc1,6.0634627,-7.0984707
400,mol364,-13.39,Cc1cc(Nc2cc(C(F)(F)F)cc(C(F)(F)F)c2)cc2nc(Nc3ccc(C(=O)N4CCOCC4)cc3)sc12,Cc1cc(Nc2cc(C(F)(F)F)cc(C(F)(F)F)c2)cc2nc(Nc3ccc(C(=O)N4CCOCC4)cc3)sc12,6.856875,-6.381128
460,mol499,-13.39,Cc1nc(Nc2ncc(C(=O)Nc3cccc(C(=O)Nc4ccc(F)c(NC(=O)c5ccccc5)c4)c3)s2)cc(N2CCOCC2)n1,Cc1nc(Nc2ncc(C(=O)Nc3cccc(C(=O)Nc4ccc(F)c(NC(=O)c5ccccc5)c4)c3)s2)cc(N2CCOCC2)n1,6.974552,-6.411134
990,mol162,-13.39,CC(=O)Nc1cccc(-c2ccc(NC(=O)c3ccc4ccccc4n3)cc2)c1,CC(=O)Nc1cccc(-c2ccc(NC(=O)c3ccc4ccccc4n3)cc2)c1,6.0227504,-5.9835773
650,mol309,-13.39,Cc1ccc(NC(=O)c2cccc(C(F)(F)F)c2)cc1-c1ncc(-c2ccnc(Nc3cccc(C(=O)NCc4ccccc4)c3)n2)s1,Cc1ccc(NC(=O)c2cccc(C(F)(F)F)c2)cc1-c1ncc(-c2ccnc(Nc3cccc(C(=O)NCc4ccccc4)c3)n2)s1,6.259806,-6.245626
810,mol466,-13.39,CCc1ccc(C(C)=O)cc1-c1ccnc(NCc2cccc(-c3ccc4c(c3)OCO4)c2)c1,CCc1ccc(C(C)=O)cc1-c1ccnc(NCc2cccc(-c3ccc4c(c3)OCO4)c2)c1,5.7862477,-6.458424
50,mol36,-13.39,Cc1c(-c2nc(-c3cccc(Cl)c3)no2)ccc(F)c1-c1nc2cccnc2[nH]1,Cc1c(-c2nc(-c3cccc(Cl)c3)no2)ccc(F)c1-c1nc2cccnc2[nH]1,6.254687,-6.809372
310,mol485,-13.39,Cc1ccc(NC(=O)c2ccc(-c3ccc(C(=O)Nc4ccc(-c5nnn[nH]5)cc4)cc3)cc2)cc1,Cc1ccc(NC(=O)c2ccc(-c3ccc(C(=O)Nc4ccc(-c5nnn[nH]5)cc4)cc3)cc2)cc1,6.16003,-6.8282337
610,mol143,-13.39,Cc1ccc(C(=O)Nc2ccc(C(=O)NCc3ccccc3)cc2)cc1NC(=O)c1ccc(Cc2ccc(O)c(C(=O)O)c2)cc1,Cc1ccc(C(=O)Nc2ccc(C(=O)NCc3ccccc3)cc2)cc1NC(=O)c1ccc(Cc2ccc(O)c(C(=O)O)c2)cc1,6.3858895,-6.389107
460,mol249,-13.39,Cc1ccc(C(=O)Nc2cccc(C(=O)c3ccccc3C(=O)O)c2)cc1NC(=O)c1ccc(C(N)N)cc1,Cc1ccc(C(=O)Nc2cccc(C(=O)c3ccccc3C(=O)O)c2)cc1NC(=O)c1ccc(C(N)N)cc1,6.7257833,-5.2921042
860,mol169,-13.39,Cc1cccc(Oc2nccc(-c3cccc(-c4ccccc4)c3)n2)c1C,Cc1cccc(Oc2nccc(-c3cccc(-c4ccccc4)c3)n2)c1C,6.5145416,-7.037645
330,mol319,-13.38,Nc1ccc(CNC(=O)NCc2ccc(C(=O)NCc3cccc(-c4cccc(C(=O)O)c4)c3)cc2)cc1,Nc1ccc(CNC(=O)NCc2ccc(C(=O)NCc3cccc(-c4cccc(C(=O)O)c4)c3)cc2)cc1,6.5347652,-4.8982563
340,mol22,-13.38,Cc1cnc(CCn2cc(C(=O)NCc3ccccc3)c3ccccc32)cc1NC(=O)c1ccc(-c2ccccc2)cc1,Cc1cnc(CCn2cc(C(=O)NCc3ccccc3)c3ccccc32)cc1NC(=O)c1ccc(-c2ccccc2)cc1,5.956077,-6.6473656
340,mol68,-13.38,Cc1cc(NC(=O)Nc2cccc(C(=O)O)c2)ccc1Nc1ccc2c(c1)CCN2c1ccccc1,Cc1cc(NC(=O)Nc2cccc(C(=O)O)c2)ccc1Nc1ccc2c(c1)CCN2c1ccccc1,6.223973,-5.4448905
200,mol437,-13.38,Cc1ccc(C(=O)Nc2cc(C(F)(F)F)ccn2)cc1-n1cnc(C(=O)Nc2ccc(Oc3ccccc3)cc2)n1,Cc1ccc(C(=O)Nc2cc(C(F)(F)F)ccn2)cc1-n1cnc(C(=O)Nc2ccc(Oc3ccccc3)cc2)n1,6.2982464,-7.063973
510,mol348,-13.38,CNc1cc(Oc2ccc(NC(=O)Nc3ccc(Oc4ncnc(N)c4-c4cccc(C(=O)O)c4)cc3)cc2)ccc1C(=O)O,CNc1cc(Oc2ccc(NC(=O)Nc3ccc(Oc4ncnc(N)c4-c4cccc(C(=O)O)c4)cc3)cc2)ccc1C(=O)O,6.731719,-6.22818
360,mol467,-13.38,Cc1cc(N2CCC(NC(=O)c3cc4ccccc4o3)CC2)ccc1-c1nc(Nc2ccc3c(c2)CC(=O)N3)ccc1F,Cc1cc(N2CCC(NC(=O)c3cc4ccccc4o3)CC2)ccc1-c1nc(Nc2ccc3c(c2)CC(=O)N3)ccc1F,6.799011,-6.208707
880,mol141,-13.38,COc1ccccc1-c1cccc(Cn2cc(-c3cccc(-c4cccc(C(N)N)c4)c3)nn2)c1,COc1ccccc1-c1cccc(Cn2cc(-c3cccc(-c4cccc(C(N)N)c4)c3)nn2)c1,5.7098703,-5.4796033
870,mol446,-13.38,COc1ccccc1Nc1cc[nH]c(=O)c1C(=O)Nc1ccc(Oc2ccnc(Nc3cccc(-c4ccncc4)c3)n2)cc1,COc1ccccc1Nc1cc[nH]c(=O)c1C(=O)Nc1ccc(Oc2ccnc(Nc3cccc(-c4ccncc4)c3)n2)cc1,6.584095,-6.950964
540,mol233,-13.38,CNC(=O)c1ccc(Oc2ccc(NC(=O)Nc3cccc4ccccc34)cc2)cc1,CNC(=O)c1ccc(Oc2ccc(NC(=O)Nc3cccc4ccccc34)cc2)cc1,6.06035,-6.5498433
270,mol449,-13.38,CC(=O)Nc1ccc(NC(=O)c2ccccc2NC(=O)c2cccc(NC(=O)c3ccc4ccccc4n3)c2)cc1,CC(=O)Nc1ccc(NC(=O)c2ccccc2NC(=O)c2cccc(NC(=O)c3ccc4ccccc4n3)c2)cc1,6.2590723,-6.698779
280,mol331,-13.37,Cc1ccc(Nc2cc(C(=O)NCc3ccc(Cl)cc3)ncn2)cc1N(C)c1cccc(C(=O)Nc2ccccc2S(C)(=O)=O)c1,Cc1ccc(Nc2cc(C(=O)NCc3ccc(Cl)cc3)ncn2)cc1N(C)c1cccc(C(=O)Nc2ccccc2S(C)(=O)=O)c1,6.4676046,-6.4560995
900,mol239,-13.37,CN(Cc1ccc(NC(=O)c2ccc(Oc3ccc4ccccc4n3)cc2)cc1)C(=O)c1ccc(-c2ccc(C(=O)O)cc2)cc1,CN(Cc1ccc(NC(=O)c2ccc(Oc3ccc4ccccc4n3)cc2)cc1)C(=O)c1ccc(-c2ccc(C(=O)O)cc2)cc1,6.372417,-6.219222
90,mol346,-13.37,CCC(=O)N1CCC[C@@H](n2nc(-c3ccc(Nc4nccc(-c5cccc(Oc6ccccc6)c5)n4)cc3)c3[nH]c(-c4ccccc4)nc32)C1,CCC(=O)N1CCC[C@@H](n2nc(-c3ccc(Nc4nccc(-c5cccc(Oc6ccccc6)c5)n4)cc3)c3[nH]c(-c4ccccc4)nc32)C1,6.6810646,-6.304313
530,mol65,-13.37,Cc1ccc(NC(=O)c2ccc(CSc3nc4ccccc4c(=O)[nH]c3=O)cc2)cc1Nc1ccnc(Nc2cccc(C(=O)O)n2)n1,Cc1ccc(NC(=O)c2ccc(CSc3nc4ccccc4c(=O)[nH]c3=O)cc2)cc1Nc1ccnc(Nc2cccc(C(=O)O)n2)n1,6.8207765,-6.506989
270,mol363,-13.37,Cc1cc(CN(N=O)c2ccc(C(=O)NCC(=O)Nc3ccc4c(N)nccc4n3)cc2)ccc1NC(=O)c1ccc(C(N)N)cc1,Cc1cc(CN(N=O)c2ccc(C(=O)NCC(=O)Nc3ccc4c(N)nccc4n3)cc2)ccc1NC(=O)c1ccc(C(N)N)cc1,7.1106205,-5.387284
600,mol371,-13.37,Cc1ccc(NC(=O)c2cccc(NC(=O)c3cccc(Cl)c3)c2)cc1Nc1ncnc2ccccc12,Cc1ccc(NC(=O)c2cccc(NC(=O)c3cccc(Cl)c3)c2)cc1Nc1ncnc2ccccc12,6.3077717,-6.7393456
190,mol222,-13.37,Cn1cc(-c2cccc(Nc3nccc(-c4cccc(C(=O)Nc5ccccc5F)c4)n3)c2)cn1,Cn1cc(-c2cccc(Nc3nccc(-c4cccc(C(=O)Nc5ccccc5F)c4)n3)c2)cn1,6.090516,-6.467018
490,mol275,-13.37,Cc1ccc2c(c1)/C(=C/Cc1ccc(NC(=O)c3cc4ccccc4o3)cc1)[C@]1(C)CCCC(=O)[C@@]1(C)C2=O,Cc1ccc2c(c1)/C(=C/Cc1ccc(NC(=O)c3cc4ccccc4o3)cc1)[C@]1(C)CCCC(=O)[C@@]1(C)C2=O,6.504719,-6.8268223
240,mol30,-13.37,Cc1cc(NC(=O)c2cccc(NS(=O)(=O)c3ccc(-c4ccc(C(=O)O)cc4)cc3)c2)ccc1NS(C)(=O)=O,Cc1cc(NC(=O)c2cccc(NS(=O)(=O)c3ccc(-c4ccc(C(=O)O)cc4)cc3)c2)ccc1NS(C)(=O)=O,6.9111023,-5.5523305
380,mol415,-13.37,Cc1cc(C(=O)Nc2ccc(C(=O)O)cc2)ccc1Nc1ccc2c(-c3ccc(C(=O)O)cc3)nccc2c1,Cc1cc(C(=O)Nc2ccc(C(=O)O)cc2)ccc1Nc1ccc2c(-c3ccc(C(=O)O)cc3)nccc2c1,6.5698514,-5.4739757
690,mol371,-13.36,Cc1ccc(C(=O)Nc2ccc(Cn3nc(-c4c[nH]c5ccccc45)ccc3=O)cc2)cc1,Cc1ccc(C(=O)Nc2ccc(Cn3nc(-c4c[nH]c5ccccc45)ccc3=O)cc2)cc1,5.506762,-6.3320575
50,mol250,-13.36,c1cc(Cn2ccnc2)cc(-c2cccc(-c3ccc4ccccc4c3)c2)c1,c1cc(Cn2ccnc2)cc(-c2cccc(-c3ccc4ccccc4c3)c2)c1,5.9248357,-7.0283117
80,mol21,-13.36,O=C(NCc1ccc(-c2cc(-c3ccc4nc(CCc5ccccc5)oc4c3)nn2-c2ccccc2)cc1)c1cccc2ccccc12,O=C(NCc1ccc(-c2cc(-c3ccc4nc(CCc5ccccc5)oc4c3)nn2-c2ccccc2)cc1)c1cccc2ccccc12,5.840726,-6.410234
50,mol186,-13.36,Cc1c[n+]([C@@H]2CO[C@H](n3cc(-c4ccccc4)nn3)[C@H](O)C2)ccc1Nc1ccnc(N2CCOCC2)n1,Cc1c[n+]([C@@H]2CO[C@H](n3cc(-c4ccccc4)nn3)[C@H](O)C2)ccc1Nc1ccnc(N2CCOCC2)n1,7.143137,-3.2172406
80,mol250,-13.36,Cc1cc(C(F)(F)F)c(-c2cc(Cl)c(S(=O)(=O)Nc3ccc(C(=O)NCCC(c4ccccc4)c4ccccc4)cc3)c(F)c2F)[nH]1,Cc1cc(C(F)(F)F)c(-c2cc(Cl)c(S(=O)(=O)Nc3ccc(C(=O)NCCC(c4ccccc4)c4ccccc4)cc3)c(F)c2F)[nH]1,6.664308,-5.576037
50,mol490,-13.36,Cc1cc(Nc2nc(Nc3cccc(C(=O)NCc4cc(C(C)C)ccc4Cl)c3)c3[nH]ccc3n2)no1,Cc1cc(Nc2nc(Nc3cccc(C(=O)NCc4cc(C(C)C)ccc4Cl)c3)c3[nH]ccc3n2)no1,6.7115083,-6.0428066
290,mol418,-13.36,Cc1c(-c2ccc(C(N)N)cc2)noc1-c1nc(-c2ccc(C(=O)NCc3ccc(Cl)cc3)cc2)no1,Cc1c(-c2ccc(C(N)N)cc2)noc1-c1nc(-c2ccc(C(=O)NCc3ccc(Cl)cc3)cc2)no1,6.371044,-6.358127
240,mol263,-13.36,Cc1cc(N2CCc3ccc(C(=O)Nc4ccc(NC(=O)c5ccccc5Cl)cc4F)cc3C2)ncn1,Cc1cc(N2CCc3ccc(C(=O)Nc4ccc(NC(=O)c5ccccc5Cl)cc4F)cc3C2)ncn1,6.3923974,-6.4264193
410,mol8,-13.36,Cc1cc(NC(=O)Nc2ccc(Oc3ccnc4[nH]ccc34)cc2)ccc1NS(=O)(=O)c1ccc(Cl)cc1F,Cc1cc(NC(=O)Nc2ccc(Oc3ccnc4[nH]ccc34)cc2)ccc1NS(=O)(=O)c1ccc(Cl)cc1F,6.8209515,-6.862649
410,mol42,-13.36,Cc1nc(N)ccc1-c1ccc(-c2ccc(C(=O)Nc3ccc(C(N)N)cc3)cc2)cc1,Cc1nc(N)ccc1-c1ccc(-c2ccc(C(=O)Nc3ccc(C(N)N)cc3)cc2)cc1,5.883097,-5.602014
450,mol384,-13.36,Cc1ccc(Nc2nccc(Nc3ccc4c(c3)CCCC4)n2)cc1Nc1ccnc(Nc2ccc(N3CCOCC3)cc2)n1,Cc1ccc(Nc2nccc(Nc3ccc4c(c3)CCCC4)n2)cc1Nc1ccnc(Nc2ccc(N3CCOCC3)cc2)n1,6.9637833,-6.3080115
430,mol137,-13.36,Cc1ccc(NC(=O)c2cccc(C(=O)Nc3ccc4ccccc4c3)c2)cc1Nc1ccnc2ccc(C(N)N)cc12,Cc1ccc(NC(=O)c2cccc(C(=O)Nc3ccc4ccccc4c3)c2)cc1Nc1ccnc2ccc(C(N)N)cc12,6.434863,-6.060262
300,mol176,-13.36,Cc1ccc(C(=O)Nc2cccc(C(=O)Nc3ccc(NC(=O)c4cccc(C(N)=O)c4)cc3)c2)cc1,Cc1ccc(C(=O)Nc2cccc(C(=O)Nc3ccc(NC(=O)c4cccc(C(N)=O)c4)cc3)c2)cc1,6.014313,-6.5130033
990,mol469,-13.36,COc1ccccc1-c1cccc(C(=O)Nc2cccc(NS(=O)(=O)c3ccc4ccccc4c3)c2)c1,COc1ccccc1-c1cccc(C(=O)Nc2cccc(NS(=O)(=O)c3ccc4ccccc4c3)c2)c1,6.030583,-6.430472
120,mol220,-13.36,Nc1ncc(-c2ccc(C(=O)N[C@H]3CC[N@@H+](Cc4ccccc4)CC3)cc2)nc1Nc1ccccc1,Nc1ncc(-c2ccc(C(=O)N[C@H]3CC[N@@H+](Cc4ccccc4)CC3)cc2)nc1Nc1ccccc1,6.4400916,-3.6091938
180,mol169,-13.36,Cc1c(Nc2cccc(C(=O)Nc3ccc(C(=O)O)cn3)n2)ccc2c1ccn2-c1ccnc(N[C@H]2C[C@@H](C(=O)O)C2)n1,Cc1c(Nc2cccc(C(=O)Nc3ccc(C(=O)O)cn3)n2)ccc2c1ccn2-c1ccnc(N[C@H]2C[C@@H](C(=O)O)C2)n1,7.870973,-5.289707
360,mol480,-13.36,CNC(=O)c1ccc(NC(=O)c2cccc(Oc3ccc4cc(C(N)N)ccc4c3)c2)cc1,CNC(=O)c1ccc(NC(=O)c2cccc(Oc3ccc4cc(C(N)N)ccc4c3)c2)cc1,6.1739583,-5.607164
310,mol438,-13.36,Cc1cc(Nc2cc(=O)n(Cc3ccc(-c4ccccc4CNC(=O)c4cccc(C(=O)O)c4)cc3)cc2C(=O)O)ccc1O,Cc1cc(Nc2cc(=O)n(Cc3ccc(-c4ccccc4CNC(=O)c4cccc(C(=O)O)c4)cc3)cc2C(=O)O)ccc1O,6.254236,-5.762812
360,mol244,-13.35,Cc1cc(OCc2cccc(Nc3ccc4ccccc4n3)c2)cc(-c2ccc3cccnc3c2)n1,Cc1cc(OCc2cccc(Nc3ccc4ccccc4n3)c2)cc(-c2ccc3cccnc3c2)n1,5.510512,-6.9297934
380,mol175,-13.35,CN(Cc1ccc(-c2nnc[nH]2)cc1)c1cc(Nc2ccc3nc(N)nc(Nc4cccc(C(=O)O)c4)c3c2)ccn1,CN(Cc1ccc(-c2nnc[nH]2)cc1)c1cc(Nc2ccc3nc(N)nc(Nc4cccc(C(=O)O)c4)c3c2)ccn1,6.5467806,-5.256811
900,mol428,-13.35,Cc1cc(Oc2cccc(-c3ccc4ccccc4n3)c2)cc(-c2cccnc2)c1,Cc1cc(Oc2cccc(-c3ccc4ccccc4n3)c2)cc(-c2cccnc2)c1,5.825238,-7.116311
380,mol179,-13.35,Cc1ccc(CNC(=O)Nc2ccc(C(=O)Nc3cccc(Nc4nccc(Nc5ccc(C(=O)O)cc5)n4)c3)cc2)cc1,Cc1ccc(CNC(=O)Nc2ccc(C(=O)Nc3cccc(Nc4nccc(Nc5ccc(C(=O)O)cc5)n4)c3)cc2)cc1,6.7237444,-5.8704367
130,mol179,-13.35,Cc1cccc(-c2cccc(Oc3cccc(NC(=O)Nc4cccc(Cn5nccc5C(F)(F)F)c4)c3)c2)c1,Cc1cccc(-c2cccc(Oc3cccc(NC(=O)Nc4cccc(Cn5nccc5C(F)(F)F)c4)c3)c2)c1,5.908492,-7.4766593
390,mol222,-13.35,Cc1ccc(NC(=O)c2ccc(C[N@H+]3CC[N@H+](C)CC3)cc2)cc1-c1ccc(OCc2cccc(C(=O)NCc3ccccc3)c2)cc1,Cc1ccc(NC(=O)c2ccc(C[N@H+]3CC[N@H+](C)CC3)cc2)cc1-c1ccc(OCc2cccc(C(=O)NCc3ccccc3)c2)cc1,6.021853,-4.935586
1000,mol8,-13.35,NC(N)c1ccc(Oc2ccc(-c3cccc(NC(=O)c4ccc(-c5cccnc5)cc4)c3)cc2F)cc1,NC(N)c1ccc(Oc2ccc(-c3cccc(NC(=O)c4ccc(-c5cccnc5)cc4)c3)cc2F)cc1,5.938521,-6.8301644
500,mol54,-13.35,Cc1cccc(Oc2nccc(-c3cccc(-c4ccccc4)c3O)n2)c1,Cc1cccc(Oc2nccc(-c3cccc(-c4ccccc4)c3O)n2)c1,6.2771387,-6.274031
340,mol114,-13.35,CC(=O)Nc1ccc2c(c1)Cc1c-2n[nH]c1-c1ccc(N/N=C\c2cc(C(F)(F)F)ccc2C(=O)O)cc1,CC(=O)Nc1ccc2c(c1)Cc1c-2n[nH]c1-c1ccc(N/N=C\c2cc(C(F)(F)F)ccc2C(=O)O)cc1,5.8619213,-6.0166283
930,mol320,-13.35,Cc1ccc(C(=O)Nc2ccc(NC(=O)c3cc4ccccc4o3)cc2)cc1-c1ccc(-c2ccccc2)cc1,Cc1ccc(C(=O)Nc2ccc(NC(=O)c3cc4ccccc4o3)cc2)cc1-c1ccc(-c2ccccc2)cc1,6.171015,-6.893353
330,mol421,-13.35,Cc1cc(C(=O)Nc2cccc(C(F)(F)F)c2)ccc1-n1cnc(-c2cccc(C(N)=O)c2)c1,Cc1cc(C(=O)Nc2cccc(C(F)(F)F)c2)ccc1-n1cnc(-c2cccc(C(N)=O)c2)c1,6.1878843,-6.4980645
430,mol474,-13.35,Cc1ccc(NC(=O)c2ccc(NC(=O)c3ccc4ccccc4n3)cc2)cc1NC(=O)c1cccs1,Cc1ccc(NC(=O)c2ccc(NC(=O)c3ccc4ccccc4n3)cc2)cc1NC(=O)c1cccs1,6.2002687,-6.516607
190,mol416,-13.35,Cc1cc(NC(=O)NCc2cccc(C(=O)Nc3ccc(C(C)(C)C)cc3)c2)sc1C(=O)Nc1ccc(N2CCOCC2)c(C(F)(F)F)c1,Cc1cc(NC(=O)NCc2cccc(C(=O)Nc3ccc(C(C)(C)C)cc3)c2)sc1C(=O)Nc1ccc(N2CCOCC2)c(C(F)(F)F)c1,6.98233,-6.3247175
350,mol411,-13.34,Cc1cc(-c2nc(-c3cccc(C(=O)Nc4cccc(C(F)(F)F)c4)c3)cs2)ccc1F,Cc1cc(-c2nc(-c3cccc(C(=O)Nc4cccc(C(F)(F)F)c4)c3)cs2)ccc1F,6.495045,-6.891167
460,mol198,-13.34,Cc1ccccc1[C@@H](NC(=O)c1cccc(Cn2cc(Cc3ccc4ccccc4n3)cn2)c1)C(=O)Nc1cccc(C(=O)O)c1,Cc1ccccc1[C@@H](NC(=O)c1cccc(Cn2cc(Cc3ccc4ccccc4n3)cn2)c1)C(=O)Nc1cccc(C(=O)O)c1,6.6966624,-5.908019
720,mol196,-13.34,Cc1ccc(C(=O)N2CC[C@H](NC(=O)c3ccc4ccccc4n3)C2)cc1CC(=O)NO,Cc1ccc(C(=O)N2CC[C@H](NC(=O)c3ccc4ccccc4n3)C2)cc1CC(=O)NO,7.127348,-3.6912742
670,mol274,-13.34,Cc1cc2cc(NC(=O)c3ccc4cc(C(N)N)ccc4c3)ccc2[nH]c1=O,Cc1cc2cc(NC(=O)c3ccc4cc(C(N)N)ccc4c3)ccc2[nH]c1=O,6.5857506,-4.7526774
200,mol37,-13.34,Cc1cc(C(=O)Nc2ccc(-c3cc4c(N)ccc(C(N)=O)c4[nH]3)cc2)ccc1NS(C)(=O)=O,Cc1cc(C(=O)Nc2ccc(-c3cc4c(N)ccc(C(N)=O)c4[nH]3)cc2)ccc1NS(C)(=O)=O,6.641274,-5.982339
520,mol89,-13.34,Cc1ccc(NC(=O)Cc2ccc(NC(=O)c3ccc4ccccc4n3)cc2)cc1Nc1ncccc1-c1ccncn1,Cc1ccc(NC(=O)Cc2ccc(NC(=O)c3ccc4ccccc4n3)cc2)cc1Nc1ncccc1-c1ccncn1,6.622846,-6.601424
500,mol96,-13.34,Cc1ccc(NC(=O)c2ccc(CNC(=O)c3ccc(N4CCOCC4)cc3)cc2)cc1Nc1nccc(-c2cccnc2)n1,Cc1ccc(NC(=O)c2ccc(CNC(=O)c3ccc(N4CCOCC4)cc3)cc2)cc1Nc1nccc(-c2cccnc2)n1,6.995196,-6.1639576
340,mol375,-13.34,Cc1cc(NC(=O)Nc2ccc(C(=O)O)cn2)cc(C(=O)Nc2ccc(Oc3ccc(S(=O)(=O)NC(=O)[C@H]4CCC(=O)N4)cc3Cl)cc2)c1,Cc1cc(NC(=O)Nc2ccc(C(=O)O)cn2)cc(C(=O)Nc2ccc(Oc3ccc(S(=O)(=O)NC(=O)[C@H]4CCC(=O)N4)cc3Cl)cc2)c1,7.5808587,-5.9246345
70,mol21,-13.34,Cc1ccccc1-c1cccc(Cn2cc(NC(=O)c3n[nH]c4cc(-c5ccccn5)ccc34)nn2)c1,Cc1ccccc1-c1cccc(Cn2cc(NC(=O)c3n[nH]c4cc(-c5ccccn5)ccc34)nn2)c1,5.143733,-6.51153
760,mol115,-13.34,Cc1cccc(Cc2n[nH]c(-c3cccc(C(=O)Nc4cccc(C(=O)O)c4)c3)c2N)c1,Cc1cccc(Cc2n[nH]c(-c3cccc(C(=O)Nc4cccc(C(=O)O)c4)c3)c2N)c1,6.495115,-4.813281
600,mol241,-13.34,Cc1ccccc1NC(=O)c1ccnc(-c2ccnc(Nc3cccc(CC(=O)O)c3)n2)c1,Cc1ccccc1NC(=O)c1ccnc(-c2ccnc(Nc3cccc(CC(=O)O)c3)n2)c1,6.7160063,-5.6622705
120,mol41,-13.34,Cc1ccc(C(=O)NO)cc1NC(=O)c1cc(C(=O)N[C@H]2C=Nc3ccccc3N2)cnc1F,Cc1ccc(C(=O)NO)cc1NC(=O)c1cc(C(=O)N[C@H]2C=Nc3ccccc3N2)cnc1F,6.7596264,-5.8606935
110,mol489,-13.34,Cc1cccc(-c2ccnc(Nc3cccc(NC(=O)c4cccc(C(=O)O)c4)c3)c2)c1,Cc1cccc(-c2ccnc(Nc3cccc(NC(=O)c4cccc(C(=O)O)c4)c3)c2)c1,6.1812468,-5.874835
490,mol129,-13.34,CCN1c2cc(-c3nc4ccccc4[nH]3)ccc2NC(=O)c2cnc(Nc3cccc(CCn4ncc(-c5ccncn5)n4)c3)nc21,CCN1c2cc(-c3nc4ccccc4[nH]3)ccc2NC(=O)c2cnc(Nc3cccc(CCn4ncc(-c5ccncn5)n4)c3)nc21,6.8942075,-6.538883
440,mol489,-13.34,Cc1cc(Nc2ncc(F)c(Nc3ccc4c(n3)NC(=O)C4)n2)cc(C(=O)NCc2ccc(C(=O)O)cc2)c1,Cc1cc(Nc2ncc(F)c(Nc3ccc4c(n3)NC(=O)C4)n2)cc(C(=O)NCc2ccc(C(=O)O)cc2)c1,6.966687,-5.3455396
410,mol486,-13.34,Nc1ccc(-c2ccc(Nc3ccc(C(=O)c4ccccc4)cc3C(=O)O)cc2)cc1,Nc1ccc(-c2ccc(Nc3ccc(C(=O)c4ccccc4)cc3C(=O)O)cc2)cc1,6.2799454,-6.281608
210,mol388,-13.33,Cc1cc(C)cc(Nc2nccc(-c3cccc(Nc4cccc(C(=O)O)c4)c3)n2)c1,Cc1cc(C)cc(Nc2nccc(-c3cccc(Nc4cccc(C(=O)O)c4)c3)n2)c1,6.7862706,-5.961705
330,mol383,-13.33,Cc1c(C(=O)Nc2cccc(Oc3ccc4ccccc4n3)c2)ccc2c1OCOC2,Cc1c(C(=O)Nc2cccc(Oc3ccc4ccccc4n3)c2)ccc2c1OCOC2,6.5226803,-6.8284097
140,mol315,-13.33,Cc1cccc(-c2cc(C(=O)Nc3cccc(C(=O)Nc4ccc(Oc5ccccc5)cc4)c3)ccn2)c1,Cc1cccc(-c2cc(C(=O)Nc3cccc(C(=O)Nc4ccc(Oc5ccccc5)cc4)c3)ccn2)c1,6.021571,-7.032264
710,mol19,-13.33,Cc1ccc(Oc2cccc(-c3ccc4cc(C(=O)O)ccc4c3)c2)cc1,Cc1ccc(Oc2cccc(-c3ccc4cc(C(=O)O)ccc4c3)c2)cc1,6.5465264,-6.5550723
820,mol386,-13.33,CC(=O)Nc1ccc(C(=O)c2ccc(C(=O)c3ccc4ccccc4c3)cc2)cc1,CC(=O)Nc1ccc(C(=O)c2ccc(C(=O)c3ccc4ccccc4c3)cc2)cc1,6.043282,-6.4013743
180,mol153,-13.33,Cc1c(NC(=O)Nc2cccc(Cl)c2Cl)cccc1-c1nc2ccc(C(N)=O)cc2s1,Cc1c(NC(=O)Nc2cccc(Cl)c2Cl)cccc1-c1nc2ccc(C(N)=O)cc2s1,6.6106505,-6.8570557
30,mol166,-13.33,c1ccc2[nH]c(-c3ccnc(-c4cncc5ccccc45)c3)cc2c1,c1ccc2[nH]c(-c3ccnc(-c4cncc5ccccc45)c3)cc2c1,6.1739335,-6.06232
680,mol253,-13.33,Cc1ccc(C(=O)Nc2ccc(C[N@H+]3CC[N@@H+](C)CC3)c(C(F)(F)F)c2)cc1C#Cc1cnc(Nc2cnc3ccccc3n2)cc1F,Cc1ccc(C(=O)Nc2ccc(C[N@H+]3CC[N@@H+](C)CC3)c(C(F)(F)F)c2)cc1C#Cc1cnc(Nc2cnc3ccccc3n2)cc1F,6.77526,-4.352524
700,mol377,-13.33,Cc1ccc(C(=O)Nc2ccc(Nc3ncc(-c4ccccc4C(=O)O)cc3NC(=O)c3ccc4ccccc4n3)cc2)cc1,Cc1ccc(C(=O)Nc2ccc(Nc3ncc(-c4ccccc4C(=O)O)cc3NC(=O)c3ccc4ccccc4n3)cc2)cc1,6.645981,-6.1278453
930,mol101,-13.33,Cn1nc(-c2ccccc2)cc1-c1cccc(NC(=O)c2ccc3ccccc3c2)c1,Cn1nc(-c2ccccc2)cc1-c1cccc(NC(=O)c2ccc3ccccc3c2)c1,5.715073,-6.55841
680,mol108,-13.33,C[C@@H](c1ccc(C(F)(F)F)cc1)n1nc(-c2ccc(NC(=O)c3ccc4ccccc4n3)cc2)cc1C(=O)NCc1ccccc1,C[C@@H](c1ccc(C(F)(F)F)cc1)n1nc(-c2ccc(NC(=O)c3ccc4ccccc4n3)cc2)cc1C(=O)NCc1ccccc1,6.2852087,-6.487554
460,mol416,-13.33,Cc1ccc(C(=O)Nc2cccc(C(=O)Nc3ccc(C)c(Nc4nccc(-c5cccnc5)n4)c3)c2)cc1,Cc1ccc(C(=O)Nc2cccc(C(=O)Nc3ccc(C)c(Nc4nccc(-c5cccnc5)n4)c3)c2)cc1,6.481952,-6.4663734
90,mol264,-13.33,O=C(NCc1ccc(CCc2nnc(-c3cccc4ccccc34)o2)cc1)c1ccccc1O,O=C(NCc1ccc(CCc2nnc(-c3cccc4ccccc34)o2)cc1)c1ccccc1O,5.788909,-6.8283134
260,mol8,-13.32,Nc1ccc(-c2cccc(Nc3cccc4cc(C(=O)O)ccc34)c2)cc1,Nc1ccc(-c2cccc(Nc3cccc4cc(C(=O)O)ccc34)c2)cc1,6.3143554,-5.7087765
220,mol163,-13.32,Cc1cccc(Nc2nccc(-c3cccc(-c4ccccc4)c3N)n2)c1,Cc1cccc(Nc2nccc(-c3cccc(-c4ccccc4)c3N)n2)c1,6.2324314,-6.2176137
640,mol118,-13.32,Cc1ccc(C(=O)Nc2cccc(C(=O)O)c2)cc1NC(=O)c1ccc(-c2ccc(Cl)cc2)cn1,Cc1ccc(C(=O)Nc2cccc(C(=O)O)c2)cc1NC(=O)c1ccc(-c2ccc(Cl)cc2)cn1,6.641385,-6.013499
750,mol323,-13.32,Cc1cccc(NC(=O)Nc2cccc(Oc3ccnc4cc(Cl)ccc34)c2)c1,Cc1cccc(NC(=O)Nc2cccc(Oc3ccnc4cc(Cl)ccc34)c2)c1,6.4211264,-7.059583
970,mol469,-13.32,Cc1ccc(C(=O)Nc2ccc(Cl)c(C(F)(F)F)c2)cc1-c1ccc(Cc2ccc(F)c(C(F)(F)[NH+](C)C)c2)nc1,Cc1ccc(C(=O)Nc2ccc(Cl)c(C(F)(F)F)c2)cc1-c1ccc(Cc2ccc(F)c(C(F)(F)[NH+](C)C)c2)nc1,6.9953613,-6.650434
530,mol152,-13.32,Cc1ccccc1CC(=O)Nc1cccc(-c2nnc3c4ccccc4ccn23)c1,Cc1ccccc1CC(=O)Nc1cccc(-c2nnc3c4ccccc4ccn23)c1,5.799435,-6.129898
830,mol468,-13.32,Cc1ccc(NC(=O)c2cccc(Cc3cc4ccc(C(=O)O)cc4o3)c2)cc1C(=O)Nc1ccc(C(=O)O)cc1,Cc1ccc(NC(=O)c2cccc(Cc3cc4ccc(C(=O)O)cc4o3)c2)cc1C(=O)Nc1ccc(C(=O)O)cc1,6.813809,-5.7371755
220,mol255,-13.32,Cc1ccc(NC(=O)c2cccc(-c3ccc(NC(=O)c4cc(Cl)ccc4-c4[nH]ncc4Sc4ccccc4)cc3)c2)cc1,Cc1ccc(NC(=O)c2cccc(-c3ccc(NC(=O)c4cc(Cl)ccc4-c4[nH]ncc4Sc4ccccc4)cc3)c2)cc1,6.3816185,-7.121332
460,mol436,-13.32,Cc1ccccc1-c1ccc(C(=O)Nc2cccc(-c3ccc4nnc(C)n4n3)c2)cc1,Cc1ccccc1-c1ccc(C(=O)Nc2cccc(-c3ccc4nnc(C)n4n3)c2)cc1,5.7169847,-6.554409
340,mol193,-13.32,CC(=O)N1CCC[C@@H](n2cc(-c3ccc(C(=O)Nc4ccc(C(=O)O)cc4)cc3)c3ccccc32)C1,CC(=O)N1CCC[C@@H](n2cc(-c3ccc(C(=O)Nc4ccc(C(=O)O)cc4)cc3)c3ccccc32)C1,6.4459367,-4.971606
760,mol118,-13.32,Cc1cccc(-c2nc(Nc3cccc(C(=O)NCc4cc(-c5ccccc5)nn4-c4ccccn4)c3)ns2)c1,Cc1cccc(-c2nc(Nc3cccc(C(=O)NCc4cc(-c5ccccc5)nn4-c4ccccn4)c3)ns2)c1,6.224761,-6.7153625
670,mol26,-13.32,Cc1ccc(Nc2cccc(-c3ccnc4ccccc34)c2)cc1NC(=O)c1ccc(F)cc1Cl,Cc1ccc(Nc2cccc(-c3ccnc4ccccc34)c2)cc1NC(=O)c1ccc(F)cc1Cl,5.813775,-6.8220882
580,mol327,-13.32,C[C@@H](Nc1nccc(-c2cccnc2)n1)c1ccc2c(c1)CCN(C(=O)Cc1ccc(C(F)(F)F)cc1)CC2,C[C@@H](Nc1nccc(-c2cccnc2)n1)c1ccc2c(c1)CCN(C(=O)Cc1ccc(C(F)(F)F)cc1)CC2,6.9362984,-5.3895745
500,mol149,-13.31,Nc1cc(-c2cccc(F)c2)cn(-c2ccc(-c3ccc4ccccc4c3)cc2)c1=O,Nc1cc(-c2cccc(F)c2)cn(-c2ccc(-c3ccc4ccccc4c3)cc2)c1=O,5.852911,-7.2128725
880,mol350,-13.31,Cc1ccc(Nc2cc(-c3cccc(-c4ccccc4)c3O)ncn2)cc1C(=O)O,Cc1ccc(Nc2cc(-c3cccc(-c4ccccc4)c3O)ncn2)cc1C(=O)O,6.422089,-6.053892
470,mol91,-13.31,Cc1ccc(NC(=O)Nc2cccc(-c3nnn[nH]3)c2)cc1Nc1nccc(-c2cccnc2)n1,Cc1ccc(NC(=O)Nc2cccc(-c3nnn[nH]3)c2)cc1Nc1nccc(-c2cccnc2)n1,6.3672786,-5.6150365
610,mol65,-13.31,Cc1ccc(C(=O)Nc2ccc(S(O)(O)O)cc2)cc1NC(=O)c1ccc(-c2ccc(Cl)cc2)cc1,Cc1ccc(C(=O)Nc2ccc(S(O)(O)O)cc2)cc1NC(=O)c1ccc(-c2ccc(Cl)cc2)cc1,6.2148676,-6.586358
340,mol387,-13.31,Cc1ccc(NC(=O)c2cc3ccc(Nc4ccc(C(=O)N5CCN(C(=O)[C@@H]6CCCNC6)CC5)cn4)cc3n2C)cc1,Cc1ccc(NC(=O)c2cc3ccc(Nc4ccc(C(=O)N5CCN(C(=O)[C@@H]6CCCNC6)CC5)cn4)cc3n2C)cc1,7.9577417,-4.695751
850,mol369,-13.31,C[C@H](Nc1nc(-c2ccc(-c3ccccc3)cc2)cs1)c1ccc(C(=O)c2ccc(O)c(O)c2)cc1,C[C@H](Nc1nc(-c2ccc(-c3ccccc3)cc2)cs1)c1ccc(C(=O)c2ccc(O)c(O)c2)cc1,5.7346067,-6.5667076
80,mol480,-13.31,Cc1c(Nc2cccc(C(=O)O)c2F)ccc(-c2cnc3[nH]cc(C(=O)Nc4cccc(C(F)(F)F)c4)c3n2)c1F,Cc1c(Nc2cccc(C(=O)O)c2F)ccc(-c2cnc3[nH]cc(C(=O)Nc4cccc(C(F)(F)F)c4)c3n2)c1F,6.7246194,-6.4436927
570,mol335,-13.31,Cc1ccc(C(=O)Nc2ccc(Oc3ccnc4cc(Cl)ccc34)cc2)cc1Nc1ncnc2cc[nH]c12,Cc1ccc(C(=O)Nc2ccc(Oc3ccnc4cc(Cl)ccc34)cc2)cc1Nc1ncnc2cc[nH]c12,6.4071307,-6.8315454
910,mol69,-13.31,COc1ccc(-c2ccc(NC(=O)c3ccc4ccccc4c3)cc2)cc1NC(=O)c1ccc(Cl)cc1,COc1ccc(-c2ccc(NC(=O)c3ccc4ccccc4c3)cc2)cc1NC(=O)c1ccc(Cl)cc1,5.6252003,-7.5189314
870,mol283,-13.3,Cc1cc(NC(=O)Nc2cccc(C(N)=O)c2)ccc1Nc1ncnc2ccc(-c3ccncc3)cc12,Cc1cc(NC(=O)Nc2cccc(C(N)=O)c2)ccc1Nc1ncnc2ccc(-c3ccncc3)cc12,6.3257008,-6.2130256
740,mol22,-13.3,Cc1ccc(C(=O)Nc2ccc(S(=O)(=O)NCCO)cc2)cc1-c1ccc2c(Cc3ccccc3)nncc2c1,Cc1ccc(C(=O)Nc2ccc(S(=O)(=O)NCCO)cc2)cc1-c1ccc2c(Cc3ccccc3)nncc2c1,6.381273,-5.4352446
300,mol60,-13.3,C[C@H](Nc1cc(-c2cccc(-c3cnc4ccccc4n3)c2)ccn1)c1cccc(N2CC[C@H](C(=O)O)C2)c1,C[C@H](Nc1cc(-c2cccc(-c3cnc4ccccc4n3)c2)ccn1)c1cccc(N2CC[C@H](C(=O)O)C2)c1,6.3641076,-5.4473476
310,mol18,-13.3,Cc1cc(COc2ccc(-c3ccc(/C=N\NC(=O)Nc4cccc(C(F)(F)F)c4)cc3)cc2)ccc1F,Cc1cc(COc2ccc(-c3ccc(/C=N\NC(=O)Nc4cccc(C(F)(F)F)c4)cc3)cc2)ccc1F,6.143888,-8.013885
640,mol19,-13.3,Cc1ccc(Cl)cc1C(=O)Nc1cccc(Nc2ncnc3cc(Nc4ccccc4)ncc23)c1,Cc1ccc(Cl)cc1C(=O)Nc1cccc(Nc2ncnc3cc(Nc4ccccc4)ncc23)c1,6.342589,-6.674389
250,mol283,-13.3,Cc1ccc(Nc2ncnc3ccc(-c4ccccc4)cc23)cc1NS(=O)(=O)c1c[nH]c2cc(N)ccc12,Cc1ccc(Nc2ncnc3ccc(-c4ccccc4)cc23)cc1NS(=O)(=O)c1c[nH]c2cc(N)ccc12,6.229896,-6.3869953
550,mol149,-13.3,Cc1ccccc1-c1ccccc1C[N@H+]1CC[C@@H](Nc2nccc(-c3cccc4ccccc34)n2)CC1,Cc1ccccc1-c1ccccc1C[N@H+]1CC[C@@H](Nc2nccc(-c3cccc4ccccc34)n2)CC1,6.18615,-5.881526
240,mol388,-13.3,Cc1cc(NC(=O)c2ccc(-c3cccc(Nc4ncccn4)c3)cc2)nc(-c2ccc(NC(=O)c3ccc(C(F)(F)F)cc3)cc2)n1,Cc1cc(NC(=O)c2ccc(-c3cccc(Nc4ncccn4)c3)cc2)nc(-c2ccc(NC(=O)c3ccc(C(F)(F)F)cc3)cc2)n1,6.255921,-6.557502
220,mol78,-13.3,Cc1cccc(Nc2nccc(-c3cccc(-c4ccccc4Cl)c3)n2)c1,Cc1cccc(Nc2nccc(-c3cccc(-c4ccccc4Cl)c3)n2)c1,5.981675,-6.9021473
630,mol116,-13.29,Cc1ccc(C(=O)Nc2cccc(C(=O)c3cccc4ccccc34)c2)cc1,Cc1ccc(C(=O)Nc2cccc(C(=O)c3cccc4ccccc34)c2)cc1,6.1368747,-6.6869173
620,mol408,-13.29,Cc1ccc(Nc2ccc(NC(=O)c3cc(Cl)c[nH]3)cc2)cc1NC(=O)c1cccc2ccccc12,Cc1ccc(Nc2ccc(NC(=O)c3cc(Cl)c[nH]3)cc2)cc1NC(=O)c1cccc2ccccc12,6.48151,-6.787282
120,mol389,-13.29,Cc1cc(NC(=O)c2cccc(-c3cccnc3)c2)ccc1-n1cnc2ccccc21,Cc1cc(NC(=O)c2cccc(-c3cccnc3)c2)ccc1-n1cnc2ccccc21,6.067479,-5.967525
210,mol117,-13.29,c1ccc(-c2ccc(CNc3ccc(-c4cccc(-c5ccc(CNC6CC[NH2+]CC6)cc5)c4)cc3)cc2)cc1,c1ccc(-c2ccc(CNc3ccc(-c4cccc(-c5ccc(CNC6CC[NH2+]CC6)cc5)c4)cc3)cc2)cc1,6.0047703,-6.5486627
510,mol83,-13.29,Cc1cccc(-c2nc(N)nc(-c3cccc(CNc4ccc(C(N)N)cc4)c3)n2)c1,Cc1cccc(-c2nc(N)nc(-c3cccc(CNc4ccc(C(N)N)cc4)c3)n2)c1,5.781038,-4.816014
840,mol394,-13.29,CC#Cc1ccc(NC(=O)Nc2cccc(-c3cnc4[nH]ccc4c3)c2)cc1,CC#Cc1ccc(NC(=O)Nc2cccc(-c3cnc4[nH]ccc4c3)c2)cc1,6.598798,-6.1343307
370,mol31,-13.29,Cc1cc(OCc2cccc(-c3cccc(-c4ncccn4)c3)c2)cc(-c2cccnc2OCCn2ccc3ccccc32)c1,Cc1cc(OCc2cccc(-c3cccc(-c4ncccn4)c3)c2)cc(-c2cccnc2OCCn2ccc3ccccc32)c1,5.798211,-6.576445
280,mol154,-13.29,Cc1cc(NC(=O)c2cccc(C#N)c2)cc(-c2ccc(OCc3ccc4ncccc4n3)cc2)c1,Cc1cc(NC(=O)c2cccc(C#N)c2)cc(-c2ccc(OCc3ccc4ncccc4n3)cc2)c1,6.0955186,-6.979316
320,mol56,-13.29,Cc1ncc(CNc2cc(Cn3ccc(=O)[nH]c3=O)cc(NC(=O)Nc3cccc4ccccc34)c2)s1,Cc1ncc(CNc2cc(Cn3ccc(=O)[nH]c3=O)cc(NC(=O)Nc3cccc4ccccc34)c2)s1,6.754271,-6.318214
530,mol262,-13.29,CCc1ccc(NC(=O)c2cccc(NC(=O)CNC(=O)c3ccc4ccccc4n3)c2)cc1NC(=O)c1cccc(C(=O)O)c1,CCc1ccc(NC(=O)c2cccc(NC(=O)CNC(=O)c3ccc4ccccc4n3)c2)cc1NC(=O)c1cccc(C(=O)O)c1,6.4718714,-5.580783
460,mol172,-13.28,CC(=O)Nc1ccc(-c2ccnc(Nc3cccc(NC(=O)c4cccc([N+](=O)[O-])c4)c3)c2)cc1,CC(=O)Nc1ccc(-c2ccnc(Nc3cccc(NC(=O)c4cccc([N+](=O)[O-])c4)c3)c2)cc1,6.1699624,-6.334593
400,mol87,-13.28,Cc1ccc(NC(=O)c2cccc(COc3ccc(C(=O)c4ccc5ccccc5c4)cc3)c2)cc1,Cc1ccc(NC(=O)c2cccc(COc3ccc(C(=O)c4ccc5ccccc5c4)cc3)c2)cc1,5.6749034,-7.259942
340,mol377,-13.28,Cc1oc(-c2cccc(Cl)c2)nc1CCNc1ccnc2cc(-c3ccc(NS(=O)(=O)c4cccc(Cl)c4)cc3)ccc12,Cc1oc(-c2cccc(Cl)c2)nc1CCNc1ccnc2cc(-c3ccc(NS(=O)(=O)c4cccc(Cl)c4)cc3)ccc12,5.971724,-6.3089204
590,mol489,-13.28,Cc1ccc(Nc2ccc(NC(=O)c3ccc(C(=O)Nc4ccccc4N)cc3)cc2C(=O)O)cc1CNC(=O)c1cccc(C(=O)O)c1,Cc1ccc(Nc2ccc(NC(=O)c3ccc(C(=O)Nc4ccccc4N)cc3)cc2C(=O)O)cc1CNC(=O)c1cccc(C(=O)O)c1,6.750896,-5.8611927
450,mol259,-13.28,Cc1ccc(NC(=O)c2cccc(Nc3ncc(C(F)(F)F)c(=O)n3C)c2)cc1Nc1nccc2ccccc12,Cc1ccc(NC(=O)c2cccc(Nc3ncc(C(F)(F)F)c(=O)n3C)c2)cc1Nc1nccc2ccccc12,6.5835414,-6.655171
510,mol53,-13.28,Cc1ccc(NC(=O)c2cccc(C(=O)Nc3ccc(Nc4ncnc5ccccc45)cc3)c2)cc1,Cc1ccc(NC(=O)c2cccc(C(=O)Nc3ccc(Nc4ncnc5ccccc45)cc3)c2)cc1,6.1825013,-6.5371017
30,mol286,-13.28,Fc1ccc(-c2cc(-c3ccc(-c4nc5ccccc5nc4N4CCOCC4)cc3)cs2)cc1-c1ccccc1,Fc1ccc(-c2cc(-c3ccc(-c4nc5ccccc5nc4N4CCOCC4)cc3)cs2)cc1-c1ccccc1,5.6391115,-6.2524643
830,mol323,-13.28,Cc1ccc(C(=O)Nc2ccc(C(N)N)cc2)cc1NC(=O)c1ccc(-c2ccccc2)cc1,Cc1ccc(C(=O)Nc2ccc(C(N)N)cc2)cc1NC(=O)c1ccc(-c2ccccc2)cc1,6.1303735,-6.4215875
470,mol346,-13.28,O=C(O)c1ccc(-c2ccc(C(=O)Nc3ccc4nc(NC(=O)c5ccc(F)cc5)sc4c3)cc2)cc1,O=C(O)c1ccc(-c2ccc(C(=O)Nc3ccc4nc(NC(=O)c5ccc(F)cc5)sc4c3)cc2)cc1,6.621154,-6.805892
930,mol302,-13.28,C[C@@H](Oc1cccc(-c2nnc(-c3ccc4ncccc4c3)o2)c1)C(=O)NCc1ccc(-c2ccccc2)cc1,C[C@@H](Oc1cccc(-c2nnc(-c3ccc4ncccc4c3)o2)c1)C(=O)NCc1ccc(-c2ccccc2)cc1,5.9406424,-6.7978635
140,mol370,-13.28,C/N=C(/N)c1ccc(-c2ccc(C(=O)Nc3ccc(Oc4ccccc4)cc3)cc2)cc1,C/N=C(/N)c1ccc(-c2ccc(C(=O)Nc3ccc(Oc4ccccc4)cc3)cc2)cc1,5.789509,-7.0038137
320,mol274,-13.27,Cc1ncc(CNC(=O)c2ccc(N3CCc4ccc(C(=O)O)cc4C3)cc2)cc1-c1ccc(B(O)O)cc1,Cc1ncc(CNC(=O)c2ccc(N3CCc4ccc(C(=O)O)cc4C3)cc2)cc1-c1ccc(B(O)O)cc1,6.7696776,-4.0219226
780,mol28,-13.27,Cc1cc(Nc2cc(C(=O)O)ccn2)ccc1C(=O)Nc1ccc(N(Cc2cccc(C(=O)O)c2)C(=O)c2ccncc2)cc1,Cc1cc(Nc2cc(C(=O)O)ccn2)ccc1C(=O)Nc1ccc(N(Cc2cccc(C(=O)O)c2)C(=O)c2ccncc2)cc1,7.202161,-5.103856
300,mol160,-13.27,Cc1cc(NC(=O)Nc2ccc(Cl)c(C(F)(F)F)c2)cc(N2Cc3ccc(-c4ccccc4Cl)cc3N(C)C2=O)c1,Cc1cc(NC(=O)Nc2ccc(Cl)c(C(F)(F)F)c2)cc(N2Cc3ccc(-c4ccccc4Cl)cc3N(C)C2=O)c1,5.66535,-7.0575757
240,mol248,-13.27,Cc1cccc(C(=O)Nc2ccc(C(=O)Nc3cccc4ccccc34)cc2C(=O)O)c1,Cc1cccc(C(=O)Nc2ccc(C(=O)Nc3cccc4ccccc34)cc2C(=O)O)c1,6.3325276,-5.815424
780,mol299,-13.27,Cc1cccc(-c2c[nH]nc2C(=O)Nc2ccc(CCNC(=O)c3cc4ccccc4[nH]3)cc2)c1,Cc1cccc(-c2c[nH]nc2C(=O)Nc2ccc(CCNC(=O)c3cc4ccccc4[nH]3)cc2)c1,6.1793456,-6.421931
730,mol189,-13.27,Cc1ccc(NC(=O)c2cccc(C(F)(F)F)c2)cc1-c1ccc2nc(N3CCC(C(=O)O)CC3)ncc2c1,Cc1ccc(NC(=O)c2cccc(C(F)(F)F)c2)cc1-c1ccc2nc(N3CCC(C(=O)O)CC3)ncc2c1,6.9176707,-5.8688073
300,mol484,-13.27,Cc1ccc(NC(=O)c2cccc(Cc3ccc(NC(=O)c4cccc(C(=O)O)c4)cc3)c2)cc1,Cc1ccc(NC(=O)c2cccc(Cc3ccc(NC(=O)c4cccc(C(=O)O)c4)cc3)c2)cc1,6.091261,-6.190545
300,mol270,-13.26,Cc1ccccc1-c1ccc(C(=O)Nc2ccc(Cn3cc(C(=O)O)c4ccccc43)cc2)cc1,Cc1ccccc1-c1ccc(C(=O)Nc2ccc(Cn3cc(C(=O)O)c4ccccc43)cc2)cc1,5.7558975,-6.368873
480,mol353,-13.26,[H]/N=C\[C@H]1CCCN(c2cc(F)cc(C(=O)Nc3cc(/N=N/c4cc(C(=O)O)ccc4N)ccc3C)c2)C1=O,[H]/N=C\[C@H]1CCCN(c2cc(F)cc(C(=O)Nc3cc(/N=N/c4cc(C(=O)O)ccc4N)ccc3C)c2)C1=O,6.793576,-5.694269
190,mol407,-13.26,Cc1cc(Nc2nc(Nc3ccc(N4CC[NH+](C)CC4)cc3)ncc2F)cc(C(=O)Nc2ccc(C(=O)Nc3ccccc3)cn2)c1,Cc1cc(Nc2nc(Nc3ccc(N4CC[NH+](C)CC4)cc3)ncc2F)cc(C(=O)Nc2ccc(C(=O)Nc3ccccc3)cn2)c1,6.7809815,-5.176323
760,mol164,-13.26,Cc1ccc(NC(=O)c2cccc(C(F)(F)F)c2)cc1-c1ccc2c(-c3ccccc3)nncc2c1,Cc1ccc(NC(=O)c2cccc(C(F)(F)F)c2)cc1-c1ccc2c(-c3ccccc3)nncc2c1,5.705946,-6.9316688
350,mol454,-13.26,Cc1ccc(C(=O)Nc2ccc([NH+]3CCOCC3)cc2)cc1Nc1ncnn2cc(-c3ccc(N4CCOCC4)cc3)cc12,Cc1ccc(C(=O)Nc2ccc([NH+]3CCOCC3)cc2)cc1Nc1ncnn2cc(-c3ccc(N4CCOCC4)cc3)cc12,6.7553587,-4.4167275
210,mol334,-13.26,Cc1ccc(C(=O)NO)cc1NC(=O)c1ccc(Nc2ccc3c(c2)C(=O)c2ccccc2C3=O)cc1,Cc1ccc(C(=O)NO)cc1NC(=O)c1ccc(Nc2ccc3c(c2)C(=O)c2ccccc2C3=O)cc1,6.7535357,-6.4569073
410,mol55,-13.26,COc1ccc(NC(=O)c2cccc(-c3ncc(C(=O)Nc4ccc(Cl)cc4)c(N)n3)c2)cc1,COc1ccc(NC(=O)c2cccc(-c3ncc(C(=O)Nc4ccc(Cl)cc4)c(N)n3)c2)cc1,6.000023,-6.903963
180,mol458,-13.26,Cc1cc(NS(=O)(=O)c2cccc(N3CCCCC3=O)c2)ccc1-c1nc(Nc2ccc3nc[nH]c3c2)c2c(C)nnc-2[nH]1,Cc1cc(NS(=O)(=O)c2cccc(N3CCCCC3=O)c2)ccc1-c1nc(Nc2ccc3nc[nH]c3c2)c2c(C)nnc-2[nH]1,6.798613,-5.1721406
600,mol294,-13.26,Nc1ccc(C(=O)Nc2cccc(-c3c[nH][nH]c3=O)c2)cc1Nc1nccc(-c2ccccn2)n1,Nc1ccc(C(=O)Nc2cccc(-c3c[nH][nH]c3=O)c2)cc1Nc1nccc(-c2ccccn2)n1,6.4844,-6.7327623
410,mol67,-13.26,Cc1ccc(C(=O)Nc2ccc(C(=O)Nc3ccc4c(c3)CC(=O)N4)cc2)cc1Nc1ncnn2cc(C(C)(C)C)cc12,Cc1ccc(C(=O)Nc2ccc(C(=O)Nc3ccc4c(c3)CC(=O)N4)cc2)cc1Nc1ncnn2cc(C(C)(C)C)cc12,7.022053,-6.614804
340,mol460,-13.26,Cc1cc(Cl)cc(C(=O)Nc2ccc(C(=O)Nc3ccc4nccc(N5CCOCC5)c4c3)cc2)c1,Cc1cc(Cl)cc(C(=O)Nc2ccc(C(=O)Nc3ccc4nccc(N5CCOCC5)c4c3)cc2)c1,6.413056,-6.4695616
90,mol103,-13.26,Cc1cn(-c2cccc(Nc3nc4c(N)nccc4[nH]3)c2)cc1C(=O)Nc1ccc(N2CCOCC2)cc1,Cc1cn(-c2cccc(Nc3nc4c(N)nccc4[nH]3)c2)cc1C(=O)Nc1ccc(N2CCOCC2)cc1,6.667055,-5.126704
370,mol94,-13.25,NC(N)c1cccc(NC(=O)c2ccc(C(=O)O)cc2Oc2ccc(NC(=O)c3cc4ccccc4o3)cc2)c1,NC(N)c1cccc(NC(=O)c2ccc(C(=O)O)cc2Oc2ccc(NC(=O)c3cc4ccccc4o3)cc2)c1,6.550725,-6.0932293
730,mol156,-13.25,Cc1ccc(C(=O)Nc2ccc(NC(=O)c3cccc(C(=O)NCc4ccccc4)c3)cc2)cc1,Cc1ccc(C(=O)Nc2ccc(NC(=O)c3cccc(C(=O)NCc4ccccc4)c3)cc2)cc1,5.789179,-6.3784695
730,mol349,-13.25,Cc1ccc(CNc2nc3ccccc3[nH]2)cc1NC(=O)c1ccc(-c2ccccc2)cc1,Cc1ccc(CNc2nc3ccccc3[nH]2)cc1NC(=O)c1ccc(-c2ccccc2)cc1,5.452507,-7.0151415
630,mol492,-13.25,Cc1cnc(-c2cnc3ccccc3c2)cc1C(=O)Nc1ccc2ncnc(Nc3cccc(Cl)c3)c2c1,Cc1cnc(-c2cnc3ccccc3c2)cc1C(=O)Nc1ccc2ncnc(Nc3cccc(Cl)c3)c2c1,6.2298555,-6.372176
830,mol70,-13.25,Cc1cc(Nc2nc(OCC3CCCCC3)c3nc[nH]c3n2)ccc1-c1ccc(NC(=O)c2ccccc2)cc1,Cc1cc(Nc2nc(OCC3CCCCC3)c3nc[nH]c3n2)ccc1-c1ccc(NC(=O)c2ccccc2)cc1,6.683517,-7.475069
960,mol200,-13.25,Cc1cc(Oc2ccc(-c3ccc(OCc4ccccc4)cc3)cc2C(=O)O)ccc1-c1ccc(C(=O)c2cccc(C(=O)O)c2)cc1,Cc1cc(Oc2ccc(-c3ccc(OCc4ccccc4)cc3)cc2C(=O)O)ccc1-c1ccc(C(=O)c2cccc(C(=O)O)c2)cc1,6.833885,-6.5665355
420,mol79,-13.25,Cc1c(C(=O)O)cccc1-c1ccc2[nH]c(-c3ccc(NC(=O)c4cccc(Cl)c4)cc3)cc2c1,Cc1c(C(=O)O)cccc1-c1ccc2[nH]c(-c3ccc(NC(=O)c4cccc(Cl)c4)cc3)cc2c1,6.142107,-6.07645
330,mol378,-13.25,Cc1cccc(-c2nc(-c3cccc(-c4ccccc4)c3O)c[nH]2)c1,Cc1cccc(-c2nc(-c3cccc(-c4ccccc4)c3O)c[nH]2)c1,5.8878036,-6.2295513
450,mol348,-13.25,Cc1ccc(NC(=O)c2cccc(C(=O)O)c2)cc1Nc1ncnn2cc(-c3ccc(C[NH+]4CCCC4)cc3)cc12,Cc1ccc(NC(=O)c2cccc(C(=O)O)c2)cc1Nc1ncnn2cc(-c3ccc(C[NH+]4CCCC4)cc3)cc12,6.631916,-4.5529838
260,mol276,-13.25,Cc1cc(NC(=O)c2cccc(F)c2)ccc1Nc1nccc(-c2c[nH]c3cnccc23)n1,Cc1cc(NC(=O)c2cccc(F)c2)ccc1Nc1nccc(-c2c[nH]c3cnccc23)n1,6.4509926,-6.2283635
790,mol397,-13.25,CC(=O)Nc1cccc(-c2c[nH]c(=O)c(Cc3cccc(-c4ccccc4)c3)c2)c1,CC(=O)Nc1cccc(-c2c[nH]c(=O)c(Cc3cccc(-c4ccccc4)c3)c2)c1,6.0632577,-6.4175105
310,mol214,-13.25,Cc1c(Nc2nccc(Nc3cc(C4CC4)[nH]n3)n2)ccc(C#N)c1Nc1nccc(-c2cnc3ccccc3c2)n1,Cc1c(Nc2nccc(Nc3cc(C4CC4)[nH]n3)n2)ccc(C#N)c1Nc1nccc(-c2cnc3ccccc3c2)n1,7.1898713,-6.745857
410,mol364,-13.25,Cc1[nH]c(/C=C2\C(=O)Nc3ccccc32)c(C)c1C(=O)Nc1ccc(/C=C/NC(N)N)cc1,Cc1[nH]c(/C=C2\C(=O)Nc3ccccc32)c(C)c1C(=O)Nc1ccc(/C=C/NC(N)N)cc1,6.599093,-5.893624
940,mol225,-13.25,CC(=O)Nc1cccc(-c2ccc(NC(=O)c3cc4ccc(Oc5ccccc5)cc4[nH]3)cc2)c1,CC(=O)Nc1cccc(-c2ccc(NC(=O)c3cc4ccc(Oc5ccccc5)cc4[nH]3)cc2)c1,5.828469,-7.016871
800,mol263,-13.25,CN(Cc1cccc(CCc2ccccc2)c1)C(=O)c1ccc(C(=O)c2cc(O[C@@H](C(=O)O)C(F)(F)F)ccc2NC(=O)c2ccccc2)cc1,CN(Cc1cccc(CCc2ccccc2)c1)C(=O)c1ccc(C(=O)c2cc(O[C@@H](C(=O)O)C(F)(F)F)ccc2NC(=O)c2ccccc2)cc1,6.6194987,-6.308552
250,mol262,-13.24,Cc1ccccc1C(=O)Nc1ccc(C(=O)N2Cc3cccc(Oc4ccccc4)c3C2)cc1,Cc1ccccc1C(=O)Nc1ccc(C(=O)N2Cc3cccc(Oc4ccccc4)c3C2)cc1,5.881165,-6.8061504
590,mol15,-13.24,Cc1ccc(NC(=O)c2ccc(CNC(=O)c3cccc4ccccc34)cc2)cc1NC(=O)c1ccccc1C(=O)O,Cc1ccc(NC(=O)c2ccc(CNC(=O)c3cccc4ccccc34)cc2)cc1NC(=O)c1ccccc1C(=O)O,6.56117,-5.99267
290,mol13,-13.24,Cc1ccc(C(=O)Nc2ccc(C[NH+]3CCOCC3)cc2F)cc1NC(=O)c1ccc(-c2ccccc2)cc1,Cc1ccc(C(=O)Nc2ccc(C[NH+]3CCOCC3)cc2F)cc1NC(=O)c1ccc(-c2ccccc2)cc1,6.368045,-5.641327
390,mol431,-13.24,Cc1nc([C@H]2CCCN(C(=O)c3ccc4[nH]ncc4c3)C2)ccc1N1CC(=O)Nc2ccccc21,Cc1nc([C@H]2CCCN(C(=O)c3ccc4[nH]ncc4c3)C2)ccc1N1CC(=O)Nc2ccccc21,7.0993705,-4.6893444
680,mol146,-13.24,Cc1ccc(Oc2ccc(-c3nc4ccccc4n3O)cc2)cc1NC(=O)c1ccc(C(=O)O)cc1,Cc1ccc(Oc2ccc(-c3nc4ccccc4n3O)cc2)cc1NC(=O)c1ccc(C(=O)O)cc1,6.6842904,-6.3330956
90,mol187,-13.24,Nc1ncc(-c2ccc(C(=O)Nc3ccccc3N3CCc4[nH]ncc4C3)cc2)nc1Nc1ccc(OCc2ccccc2)cc1,Nc1ncc(-c2ccc(C(=O)Nc3ccccc3N3CCc4[nH]ncc4C3)cc2)nc1Nc1ccc(OCc2ccccc2)cc1,6.2813416,-6.7674546
660,mol192,-13.24,Cc1ccc(NC(=O)c2cccc(C(F)(F)F)c2)cc1NS(=O)(=O)c1ccc(-c2ccc(F)cc2)cc1,Cc1ccc(NC(=O)c2cccc(C(F)(F)F)c2)cc1NS(=O)(=O)c1ccc(-c2ccc(F)cc2)cc1,6.273038,-6.8455367
310,mol73,-13.24,Cc1nc(N)ccc1NC(=O)Nc1ccc(Nc2ccc3ncc(-c4cccc(C(=O)O)c4)nc3c2)cc1,Cc1nc(N)ccc1NC(=O)Nc1ccc(Nc2ccc3ncc(-c4cccc(C(=O)O)c4)nc3c2)cc1,6.5886703,-5.769562
670,mol418,-13.24,Cc1ccc(NC(=O)Nc2ccc(NC(=O)c3cccc([N+](=O)[O-])c3)cc2)cc1NC(=O)c1cccc(C(=O)O)c1,Cc1ccc(NC(=O)Nc2ccc(NC(=O)c3cccc([N+](=O)[O-])c3)cc2)cc1NC(=O)c1cccc(C(=O)O)c1,6.9057417,-5.671529
420,mol161,-13.24,Cc1cc(NC(=O)c2cccc(C(=O)Nc3ccc(Oc4ccnc5[nH]ccc45)cc3)c2)cc(N2CC[C@@H](C(=O)O)C2)c1,Cc1cc(NC(=O)c2cccc(C(=O)Nc3ccc(Oc4ccnc5[nH]ccc45)cc3)c2)cc(N2CC[C@@H](C(=O)O)C2)c1,6.892338,-6.42558
300,mol49,-13.24,Cc1cc(NC(=O)c2ccc(C(=O)Nc3cccc(Oc4ncccn4)c3)cc2)cc(N2CCCCC2=O)c1,Cc1cc(NC(=O)c2ccc(C(=O)Nc3cccc(Oc4ncccn4)c3)cc2)cc(N2CCCCC2=O)c1,6.3559003,-6.4643545
180,mol135,-13.24,Cc1c(Cc2ccccc2)c(=O)oc2cc(OCc3cccc(C(=O)Nc4cccc(C(=O)O)c4)c3)ccc12,Cc1c(Cc2ccccc2)c(=O)oc2cc(OCc3cccc(C(=O)Nc4cccc(C(=O)O)c4)c3)ccc12,6.35613,-6.7542467
170,mol369,-13.23,NC(=O)Nc1cccc(CNC(=O)c2ccc(NC(=O)c3ccc(-c4cccc(N)c4)c(Cl)c3)cc2)c1,NC(=O)Nc1cccc(CNC(=O)c2ccc(NC(=O)c3ccc(-c4cccc(N)c4)c(Cl)c3)cc2)c1,5.566835,-6.724617
240,mol226,-13.23,Nc1cc(Nc2ccc(C(=O)O)cc2)ccc1Nc1ccc2ncc(-c3ccc(C(=O)Nc4ccc(C(=O)O)cc4)cc3)nc2c1,Nc1cc(Nc2ccc(C(=O)O)cc2)ccc1Nc1ccc2ncc(-c3ccc(C(=O)Nc4ccc(C(=O)O)cc4)cc3)nc2c1,6.6212068,-5.7767425
210,mol7,-13.23,COc1cccc(-c2cccc(Nc3cccc(C(=O)Nc4ccc(S(=O)(=O)Nc5nccs5)cc4)n3)c2)c1,COc1cccc(-c2cccc(Nc3cccc(C(=O)Nc4ccc(S(=O)(=O)Nc5nccs5)cc4)n3)c2)c1,6.0912952,-6.8857813
450,mol199,-13.23,Cc1cc(NC(=O)c2ccc(C(=O)Nc3ccccc3N)cc2)ccc1NC(=O)c1ccccc1SCc1ccccc1,Cc1cc(NC(=O)c2ccc(C(=O)Nc3ccccc3N)cc2)ccc1NC(=O)c1ccccc1SCc1ccccc1,6.30955,-7.0937543
690,mol398,-13.23,Cc1ccc(C(=O)NCc2ccc(C(=O)NCc3ccccc3)cc2)cc1Nc1ncnc2ccccc12,Cc1ccc(C(=O)NCc2ccc(C(=O)NCc3ccccc3)cc2)cc1Nc1ncnc2ccccc12,6.3671374,-6.324975
680,mol241,-13.23,Cc1ccc(NC(=O)c2ccc(NC(=O)c3ccc(-c4ccccc4)cc3)cc2)cc1NC(=O)c1sccc1C,Cc1ccc(NC(=O)c2ccc(NC(=O)c3ccc(-c4ccccc4)cc3)cc2)cc1NC(=O)c1sccc1C,6.3749456,-6.611495
390,mol185,-13.23,Nc1ccc(-c2ccc3[nH]c(-c4ccc(Oc5ccccc5)cc4)cc3c2)cc1,Nc1ccc(-c2ccc3[nH]c(-c4ccc(Oc5ccccc5)cc4)cc3c2)cc1,5.970341,-6.9198723
240,mol352,-13.23,Cc1c(COc2cccc(-c3cccc4cc[nH]c34)c2)ccc2c(C#N)ccnc12,Cc1c(COc2cccc(-c3cccc4cc[nH]c34)c2)ccc2c(C#N)ccnc12,6.534171,-7.2081337
360,mol368,-13.23,Cc1c(-c2nccc3cccc(O)c23)ccc(F)c1NC(=O)c1cncc(C(=O)c2cnc3[nH]ccc3c2)c1,Cc1c(-c2nccc3cccc(O)c23)ccc(F)c1NC(=O)c1cncc(C(=O)c2cnc3[nH]ccc3c2)c1,6.5464997,-6.6322417
990,mol347,-13.23,Cc1cn(Cc2cccc(C(=O)Nc3ccccc3)c2)c2cc(NC(=O)c3ccccn3)ccc12,Cc1cn(Cc2cccc(C(=O)Nc3ccccc3)c2)c2cc(NC(=O)c3ccccn3)ccc12,6.0971065,-6.28992
710,mol21,-13.23,Cc1ccc(C(=O)Nc2ccc(F)c(S(=O)(=O)N3CCOCC3)c2)cc1Nc1ccnc(C(=O)c2ccc(N)cc2)n1,Cc1ccc(C(=O)Nc2ccc(F)c(S(=O)(=O)N3CCOCC3)c2)cc1Nc1ccnc(C(=O)c2ccc(N)cc2)n1,6.9230456,-5.023913
430,mol112,-13.23,Cc1ccc(Nc2nccc(Nc3cccc4ccccc34)n2)cc1-c1nc(NC2CCCCC2)c2nc[nH]c2n1,Cc1ccc(Nc2nccc(Nc3cccc4ccccc34)n2)cc1-c1nc(NC2CCCCC2)c2nc[nH]c2n1,7.047029,-6.636796
530,mol164,-13.23,Cc1ccc(Nc2nnc(COc3ccccc3C(=O)O)s2)cc1NC(=O)c1ccc(-c2ccccc2)cc1,Cc1ccc(Nc2nnc(COc3ccccc3C(=O)O)s2)cc1NC(=O)c1ccc(-c2ccccc2)cc1,5.791856,-6.7159953
380,mol353,-13.23,Cc1ccc(COc2ccc(-c3c[nH]c4ncc(C(=O)Nc5ccccn5)cc34)cc2Cl)cc1,Cc1ccc(COc2ccc(-c3c[nH]c4ncc(C(=O)Nc5ccccn5)cc34)cc2Cl)cc1,6.25681,-7.352902
410,mol484,-13.23,CC(=O)Nc1ccc(C(=O)Nc2ccc(Nc3ccnc4cc(-c5ccccc5)ccc34)cc2)cc1,CC(=O)Nc1ccc(C(=O)Nc2ccc(Nc3ccnc4cc(-c5ccccc5)ccc34)cc2)cc1,5.897901,-6.5468297
720,mol103,-13.23,CC(C)c1ccccc1NC(=O)c1ccnc(NC(=O)Cc2ccc(-c3ccncc3)cc2)c1,CC(C)c1ccccc1NC(=O)c1ccnc(NC(=O)Cc2ccc(-c3ccncc3)cc2)c1,5.9104743,-6.6135583
530,mol67,-13.23,Cc1ccc(C(=O)Nc2ccc(Oc3ccc(NC(=O)[C@@H]4CCCN4C(=O)c4ccc(F)cc4)cc3)cc2)cc1,Cc1ccc(C(=O)Nc2ccc(Oc3ccc(NC(=O)[C@@H]4CCCN4C(=O)c4ccc(F)cc4)cc3)cc2)cc1,6.2804055,-6.620386
340,mol477,-13.22,Cc1cc(N2CCC(CNC(=O)c3ccc4n[nH]cc4c3)CC2)ncc1-c1cc(NC(=O)c2cncc(C(=O)Nc3ccccc3)c2)ccn1,Cc1cc(N2CCC(CNC(=O)c3ccc4n[nH]cc4c3)CC2)ncc1-c1cc(NC(=O)c2cncc(C(=O)Nc3ccccc3)c2)ccn1,7.570079,-6.1004663
390,mol4,-13.22,Cc1ccc(C(=O)Nc2ccc(C(=O)Nc3cccc(-c4nnc(COc5ccccc5)o4)c3)cc2C(=O)O)cc1,Cc1ccc(C(=O)Nc2ccc(C(=O)Nc3cccc(-c4nnc(COc5ccccc5)o4)c3)cc2C(=O)O)cc1,6.216655,-6.2712297
180,mol498,-13.22,CC[C@H]1C[NH2+]C[C@H](O)[C@@H](O)[C@H]1n1cc(-c2ccc(Oc3ccc(NC(=O)Nc4ccc(OC(F)(F)F)cc4)cc3)cc2)nn1,CC[C@H]1C[NH2+]C[C@H](O)[C@@H](O)[C@H]1n1cc(-c2ccc(Oc3ccc(NC(=O)Nc4ccc(OC(F)(F)F)cc4)cc3)cc2)nn1,6.5912943,-4.5662675
180,mol118,-13.22,Cc1c(F)cccc1-c1ccc2nc(N)c(-c3cc(Nc4cccc(C(=O)O)c4)ccn3)c(N)c2n1,Cc1c(F)cccc1-c1ccc2nc(N)c(-c3cc(Nc4cccc(C(=O)O)c4)ccn3)c(N)c2n1,6.904902,-5.9168043
320,mol98,-13.22,Cc1ccc(C(=O)Nc2ccc(CC(=O)O)cc2)cc1NC(=O)c1ccc(-c2ccc(C(N)N)cc2)cc1,Cc1ccc(C(=O)Nc2ccc(CC(=O)O)cc2)cc1NC(=O)c1ccc(-c2ccc(C(N)N)cc2)cc1,6.3972545,-5.7634134
220,mol365,-13.22,Cc1c(Cl)cccc1-c1cc(NC(=O)c2cccc(Nc3nc4c(F)c(F)ccc4[nH]3)c2)ccn1,Cc1c(Cl)cccc1-c1cc(NC(=O)c2cccc(Nc3nc4c(F)c(F)ccc4[nH]3)c2)ccn1,6.4310293,-6.8619967
330,mol314,-13.22,Cc1cc(Nc2cc(C(F)F)ccn2)ccc1C(=O)Nc1ccc(N2C(=O)CCc3ccc(NS(C)(=O)=O)cc32)cc1,Cc1cc(Nc2cc(C(F)F)ccn2)ccc1C(=O)Nc1ccc(N2C(=O)CCc3ccc(NS(C)(=O)=O)cc32)cc1,6.4422045,-5.999174
160,mol41,-13.22,Cc1ccc(C(=O)Nc2ccc(F)cc2)cc1NC(=O)c1ccc(-c2ccccc2)cc1,Cc1ccc(C(=O)Nc2ccc(F)cc2)cc1NC(=O)c1ccc(-c2ccccc2)cc1,6.196744,-7.087909
160,mol23,-13.22,Cc1ccc(C(=O)Nc2ccc(C[N@H+]3CC[N@H+](C)CC3)c(C(F)(F)F)c2)cc1C#Cc1cnc2ccc(Nc3ccccc3)nc2c1,Cc1ccc(C(=O)Nc2ccc(C[N@H+]3CC[N@H+](C)CC3)c(C(F)(F)F)c2)cc1C#Cc1cnc2ccc(Nc3ccccc3)nc2c1,6.3218613,-4.2323227
400,mol167,-13.22,Nc1cc(Nc2ccc(C(=O)Nc3ncc(C(=O)O)s3)cc2)cc(-c2ccc(C(=O)O)cc2)c1,Nc1cc(Nc2ccc(C(=O)Nc3ncc(C(=O)O)s3)cc2)cc(-c2ccc(C(=O)O)cc2)c1,6.5096235,-5.6439795
400,mol23,-13.22,CC(=O)Nc1ccc(-c2ccc(NC(=O)c3cnc4ccccc4c3)cc2C(F)(F)F)cc1,CC(=O)Nc1ccc(-c2ccc(NC(=O)c3cnc4ccccc4c3)cc2C(F)(F)F)cc1,6.1897388,-6.9015603
730,mol180,-13.22,Cc1cc(C(=O)Nc2ccc(Oc3ccnc4cc(C#N)ccc34)cc2)ccc1N1CC=C(c2ccccc2)CC1=O,Cc1cc(C(=O)Nc2ccc(Oc3ccnc4cc(C#N)ccc34)cc2)ccc1N1CC=C(c2ccccc2)CC1=O,6.389696,-7.075614
440,mol0,-13.22,Cc1ccc(C(=O)Nc2cccc(C(=O)NO)c2)cc1Nc1ncnn2cc(-c3c(F)cccc3F)cc12,Cc1ccc(C(=O)Nc2cccc(C(=O)NO)c2)cc1Nc1ncnn2cc(-c3c(F)cccc3F)cc12,6.726565,-6.536403
420,mol422,-13.22,CC(=O)Nc1ccc(-c2cnn(-c3cccc(C(=O)Nc4cccc(C(=O)O)c4)c3)c2)cc1,CC(=O)Nc1ccc(-c2cnn(-c3cccc(C(=O)Nc4cccc(C(=O)O)c4)c3)c2)cc1,6.2068887,-5.627366
140,mol432,-13.22,CN(Cc1ccc(-c2ccc(C(=O)Nc3ccccc3[C@H](O)[C@H](O)[C@@H](O)CO)cc2)cc1)C(=O)c1ccc(N)cc1,CN(Cc1ccc(-c2ccc(C(=O)Nc3ccccc3[C@H](O)[C@H](O)[C@@H](O)CO)cc2)cc1)C(=O)c1ccc(N)cc1,6.7906065,-4.188007
160,mol346,-13.22,Cc1ccc(-c2cc(Nc3cccc(C(=O)Nc4cccc(C(=O)N5CCCC5)c4)c3)ncn2)cc1,Cc1ccc(-c2cc(Nc3cccc(C(=O)Nc4cccc(C(=O)N5CCCC5)c4)c3)ncn2)cc1,6.334772,-5.8341737
240,mol386,-13.22,Cc1ccc(C(=O)Nc2cccc(C(F)(F)F)c2)cc1C(=O)Nc1cccc(-c2nnc(CCc3ccccc3)o2)c1,Cc1ccc(C(=O)Nc2cccc(C(F)(F)F)c2)cc1C(=O)Nc1cccc(-c2nnc(CCc3ccccc3)o2)c1,6.3877707,-6.6379323
210,mol44,-13.21,Cc1ccc(-c2cc(C(F)(F)F)c(C(=O)Nc3ccc(C(=O)NC[C@@H](Cc4ccccc4)NC(=O)c4ccccc4)cc3)cn2)cc1,Cc1ccc(-c2cc(C(F)(F)F)c(C(=O)Nc3ccc(C(=O)NC[C@@H](Cc4ccccc4)NC(=O)c4ccccc4)cc3)cn2)cc1,6.0039434,-6.702835
800,mol272,-13.21,C#Cc1cccc([C@@H](O)c2cccn(Cc3ccc(-c4ccccc4)cc3)c2=O)c1,C#Cc1cccc([C@@H](O)c2cccn(Cc3ccc(-c4ccccc4)cc3)c2=O)c1,6.1272182,-5.758836
640,mol40,-13.21,Cc1ccc(C(=O)Nc2ccc(C[N@H+]3CC[N@H+](C)CC3)c(C(F)(F)F)c2)cc1NC(=O)c1ccc(-c2ccc(C(=O)O)cc2)o1,Cc1ccc(C(=O)Nc2ccc(C[N@H+]3CC[N@H+](C)CC3)c(C(F)(F)F)c2)cc1NC(=O)c1ccc(-c2ccc(C(=O)O)cc2)o1,7.35774,-4.291986
900,mol142,-13.21,CC1CCN(c2cc(O[C@H](C)C(N)=O)cc(-c3ccc(Cn4cc(NC(=O)Nc5ccccc5)nn4)cc3)c2)CC1,CC1CCN(c2cc(O[C@H](C)C(N)=O)cc(-c3ccc(Cn4cc(NC(=O)Nc5ccccc5)nn4)cc3)c2)CC1,6.0502315,-6.280418
700,mol14,-13.21,Cc1ccc(C(=O)Nc2ncc(Cc3ccc(Cl)s3)s2)cc1NC(=O)c1ccc(C(=O)c2ccccc2C(=O)O)cc1,Cc1ccc(C(=O)Nc2ncc(Cc3ccc(Cl)s3)s2)cc1NC(=O)c1ccc(C(=O)c2ccccc2C(=O)O)cc1,7.2631183,-6.5943437
160,mol49,-13.21,CCNC(=O)Nc1cccc(Nc2ncc(-c3cccc(C(=O)Nc4cccc(C(C)C)c4C)c3)c3ccccc23)n1,CCNC(=O)Nc1cccc(Nc2ncc(-c3cccc(C(=O)Nc4cccc(C(C)C)c4C)c3)c3ccccc23)n1,6.816848,-6.761463
260,mol311,-13.21,Cc1ccc(S(=O)(=O)Nc2ccc(-c3ccnc4cc(C(N)N)ccc34)cc2)cc1,Cc1ccc(S(=O)(=O)Nc2ccc(-c3ccnc4cc(C(N)N)ccc34)cc2)cc1,6.271511,-5.067595
930,mol265,-13.21,CC(=O)Nc1cccc(-c2cccc(C(=O)Nc3cccc(-c4cccc(CO)c4)c3)c2)c1,CC(=O)Nc1cccc(-c2cccc(C(=O)Nc3cccc(-c4cccc(CO)c4)c3)c2)c1,6.2010927,-6.4677176
520,mol379,-13.21,Nc1cccc(-c2nnc3n(c2=O)CCc2cc4ccc(C[NH+]5CCCCC5)cc4nc2-3)c1,Nc1cccc(-c2nnc3n(c2=O)CCc2cc4ccc(C[NH+]5CCCCC5)cc4nc2-3)c1,6.570286,-3.8036454
380,mol230,-13.21,Cc1cc(C(=O)Nc2ccc(Oc3ccc4n[nH]cc4c3)cc2Cl)ccc1OCc1nnc(-c2ccc(C(N)=O)cc2)o1,Cc1cc(C(=O)Nc2ccc(Oc3ccc4n[nH]cc4c3)cc2Cl)ccc1OCc1nnc(-c2ccc(C(N)=O)cc2)o1,6.446104,-6.957018
270,mol77,-13.21,Cc1cccc(Cc2cc(-c3ccc(C(=O)O)cc3)ccc2OC(=O)c2cccc(NC(=O)c3cccc4ccccc34)c2)c1,Cc1cccc(Cc2cc(-c3ccc(C(=O)O)cc3)ccc2OC(=O)c2cccc(NC(=O)c3cccc4ccccc34)c2)c1,6.3507915,-6.518007
830,mol367,-13.21,CC(=O)Nc1cccc(-c2ccc(C(=O)NCc3cccc(C(=O)c4ccccc4)c3)cc2)c1,CC(=O)Nc1cccc(-c2ccc(C(=O)NCc3cccc(C(=O)c4ccccc4)c3)cc2)c1,5.8941565,-6.2248936
460,mol33,-13.21,Cc1ccc(C(=O)Nc2ccc(B(O)O)c(C(=O)O)c2)cc1Nc1ccnc(Nc2ccc(C(N)N)cc2)n1,Cc1ccc(C(=O)Nc2ccc(B(O)O)c(C(=O)O)c2)cc1Nc1ccnc(Nc2ccc(C(N)N)cc2)n1,6.6066146,-3.2983038
240,mol493,-13.21,CNc1ccc(C(=O)Nc2ccc(NC(=O)c3ccccc3CNc3cc4c(NCc5ccccc5)ncnc4s3)cc2)cc1,CNc1ccc(C(=O)Nc2ccc(NC(=O)c3ccccc3CNc3cc4c(NCc5ccccc5)ncnc4s3)cc2)cc1,6.2599993,-6.4558034
90,mol216,-13.2,CNC(=O)[C@@H]1CCc2cc(Nc3ncnc(Nc4cccc(C(=O)Nc5ccc(C(=O)Nc6ccccc6C(N)=O)cc5)c4)n3)ccc2N1,CNC(=O)[C@@H]1CCc2cc(Nc3ncnc(Nc4cccc(C(=O)Nc5ccc(C(=O)Nc6ccccc6C(N)=O)cc5)c4)n3)ccc2N1,6.783964,-5.6294303
70,mol468,-13.2,O[C@H]1C[C@@H](n2cnc3cc(Nc4ccc(/C=C/c5ccc(-c6cn[nH]c6)cc5)cc4)ccc32)C1,O[C@H]1C[C@@H](n2cnc3cc(Nc4ccc(/C=C/c5ccc(-c6cn[nH]c6)cc5)cc4)ccc32)C1,6.1040387,-6.2727375
650,mol430,-13.2,CN(c1ccc(NC(=O)c2ccc3ccccc3n2)cc1)c1ccc(N(Cc2cccnc2)C(=O)c2cccc(C(=O)O)c2)cc1,CN(c1ccc(NC(=O)c2ccc3ccccc3n2)cc1)c1ccc(N(Cc2cccnc2)C(=O)c2cccc(C(=O)O)c2)cc1,6.6254215,-5.7605934
430,mol357,-13.2,c1ccc(Cc2ccccc2Nc2nccc(Nc3cccc4ccccc34)n2)cc1,c1ccc(Cc2ccccc2Nc2nccc(Nc3cccc4ccccc34)n2)cc1,6.104413,-6.774679
300,mol289,-13.2,Cc1cc(NC(=O)c2ccc(C(=O)c3cc4ccccc4o3)cc2)ccc1NC(=O)c1ccc(Nc2ncc([C@](O)(CF)C(F)(F)F)s2)cc1,Cc1cc(NC(=O)c2ccc(C(=O)c3cc4ccccc4o3)cc2)ccc1NC(=O)c1ccc(Nc2ncc([C@](O)(CF)C(F)(F)F)s2)cc1,6.5488296,-6.521436
270,mol26,-13.2,Cc1ccc(C(=O)Nc2ccc(C(=O)O)c(O)c2)cc1Nc1ccc2ncc(-c3ccccc3)nc2n1,Cc1ccc(C(=O)Nc2ccc(C(=O)O)c(O)c2)cc1Nc1ccc2ncc(-c3ccccc3)nc2n1,6.4363823,-6.870856
500,mol38,-13.2,CC(=O)Nc1cnc(Nc2ccc(NC(=O)c3ccc(Cc4ccccc4)cc3)cc2)cc1Nc1ccccc1,CC(=O)Nc1cnc(Nc2ccc(NC(=O)c3ccc(Cc4ccccc4)cc3)cc2)cc1Nc1ccccc1,5.956398,-6.9742055
430,mol15,-13.2,Cc1cc(NC(=O)c2cccc(C(F)(F)F)c2)cc(C(=O)Nc2cn(Cc3ccc(F)c(C(=O)Nc4cccc(C(=O)O)c4)c3)nn2)c1,Cc1cc(NC(=O)c2cccc(C(F)(F)F)c2)cc(C(=O)Nc2cn(Cc3ccc(F)c(C(=O)Nc4cccc(C(=O)O)c4)c3)nn2)c1,6.2118487,-5.984655
800,mol177,-13.2,COc1cc(NC(=O)Nc2cccc(Cl)c2Cl)ccc1Nc1nccc(-c2c[nH]c3ccccc23)n1,COc1cc(NC(=O)Nc2cccc(Cl)c2Cl)ccc1Nc1nccc(-c2c[nH]c3ccccc23)n1,6.5412593,-7.0041842
430,mol25,-13.2,Cc1ccc(NC(=O)c2ccc(C(=O)NCc3ccccc3)o2)cc1Nc1nccc(-c2cnc3ccc(OC[C@@H]4CC[N@@H+](C)C4)cc3n2)n1,Cc1ccc(NC(=O)c2ccc(C(=O)NCc3ccccc3)o2)cc1Nc1nccc(-c2cnc3ccc(OC[C@@H]4CC[N@@H+](C)C4)cc3n2)n1,7.028181,-6.3103013
190,mol351,-13.2,Cc1ccnc(Nc2ccc(Cl)c(-c3cccc(C(=O)Nc4ncc(C(=O)Nc5ccccc5C)s4)c3)c2)c1,Cc1ccnc(Nc2ccc(Cl)c(-c3cccc(C(=O)Nc4ncc(C(=O)Nc5ccccc5C)s4)c3)c2)c1,6.8260174,-6.82551
520,mol225,-13.2,Cn1nc(-c2cnc(N)c(-c3ccc(C(N)=O)cc3)n2)cc1C(=O)Nc1cccc(C(=O)Nc2ccccc2)c1,Cn1nc(-c2cnc(N)c(-c3ccc(C(N)=O)cc3)n2)cc1C(=O)Nc1cccc(C(=O)Nc2ccccc2)c1,6.5323925,-6.3531938
570,mol464,-13.2,Cc1ccccc1CC(=O)Nc1cccc(NC(=O)Nc2cccc(Nc3ccccc3)c2)c1,Cc1ccccc1CC(=O)Nc1cccc(NC(=O)Nc2cccc(Nc3ccccc3)c2)c1,6.2056627,-6.7875805
420,mol347,-13.2,Cc1ccc(C(=O)NCC(=O)Nc2cccc(-c3ccc(C(=O)NCc4ccccc4)cc3)c2)cc1,Cc1ccc(C(=O)NCC(=O)Nc2cccc(-c3ccc(C(=O)NCc4ccccc4)cc3)c2)cc1,5.84458,-6.299407
760,mol321,-13.2,Cc1ccccc1-c1ccc(C(=O)Nc2ccc(NC(=O)c3ccc4ccccc4c3)cc2)cc1,Cc1ccccc1-c1ccc(C(=O)Nc2ccc(NC(=O)c3ccc4ccccc4c3)cc2)cc1,6.163512,-7.058203
450,mol452,-13.19,Cc1ccc(C(=O)Nc2cccc(C(=O)c3ccc4ccccc4c3)c2)cc1,Cc1ccc(C(=O)Nc2cccc(C(=O)c3ccc4ccccc4c3)c2)cc1,6.0769467,-6.736966
500,mol220,-13.19,Cc1ccc(C(=O)Nc2ccc(Nc3nc(Nc4cccc(C(=O)Nc5ccccc5)c4)c4nc[nH]c4n3)cc2)cc1,Cc1ccc(C(=O)Nc2ccc(Nc3nc(Nc4cccc(C(=O)Nc5ccccc5)c4)c4nc[nH]c4n3)cc2)cc1,6.6091986,-6.855789
200,mol311,-13.19,Nc1ccc(C(=O)Nc2ccc(Oc3ccc(-c4nc(=O)c5ccccc5[nH]4)cc3)cc2)cc1,Nc1ccc(C(=O)Nc2ccc(Oc3ccc(-c4nc(=O)c5ccccc5[nH]4)cc3)cc2)cc1,6.106874,-7.155417
190,mol307,-13.19,Cc1ccc(-c2[nH]c3ncccc3c2CCc2ccc(NC(=O)c3ccc4ccccc4n3)cc2)cc1,Cc1ccc(-c2[nH]c3ncccc3c2CCc2ccc(NC(=O)c3ccc4ccccc4n3)cc2)cc1,5.52597,-7.004468
360,mol188,-13.19,CNc1nc(Nc2cc(OCC3CCCCC3)cc(C(=O)Nc3cccc(C(=O)Nc4cccc(NC(=O)Nc5ccccc5)c4)c3)c2)cc(N2CCOCC2)n1,CNc1nc(Nc2cc(OCC3CCCCC3)cc(C(=O)Nc3cccc(C(=O)Nc4cccc(NC(=O)Nc5ccccc5)c4)c3)c2)cc(N2CCOCC2)n1,6.734754,-7.0929766
260,mol227,-13.19,O=c1ccc(-c2ccc(Oc3ccccc3)cc2)cn1Cc1ccccc1Cc1ccccc1,O=c1ccc(-c2ccc(Oc3ccccc3)cc2)cn1Cc1ccccc1Cc1ccccc1,5.6812444,-6.9150205
450,mol209,-13.19,Cc1ccc(C(=O)Nc2cccc(C(=O)Nc3ccccc3)c2)cc1Nc1ncnc2ccc(Nc3ccccc3)nc12,Cc1ccc(C(=O)Nc2cccc(C(=O)Nc3ccccc3)c2)cc1Nc1ncnc2ccc(Nc3ccccc3)nc12,6.776197,-6.719778
210,mol173,-13.19,Cc1cc(/N=C/c2cc3c([nH]2)CCNC3=O)ccc1NC(=O)c1cccc(C(F)(F)F)c1,Cc1cc(/N=C/c2cc3c([nH]2)CCNC3=O)ccc1NC(=O)c1cccc(C(F)(F)F)c1,6.2744975,-5.5367436
840,mol250,-13.19,Cc1ccc(C(=O)NCc2ccccc2OCc2cccc(C(=O)NCc3ccccc3)c2)cc1C(=O)NCCc1c[nH]c2ccccc12,Cc1ccc(C(=O)NCc2ccccc2OCc2cccc(C(=O)NCc3ccccc3)c2)cc1C(=O)NCCc1c[nH]c2ccccc12,6.351165,-6.8098917
390,mol69,-13.19,NC(N)Nc1cccc(C(=O)Nc2ccc(-c3cccc(NC(=O)c4cccc(C(=O)O)c4)c3)cc2)c1,NC(N)Nc1cccc(C(=O)Nc2ccc(-c3cccc(NC(=O)c4cccc(C(=O)O)c4)c3)cc2)c1,6.333504,-5.466268
170,mol493,-13.19,Cc1ccc([C@H](O)c2cccc(C#Cc3cccc(C(=O)Nc4ccc(C(N)N)cc4)c3)c2)cc1,Cc1ccc([C@H](O)c2cccc(C#Cc3cccc(C(=O)Nc4ccc(C(N)N)cc4)c3)c2)cc1,6.086383,-5.3927646
430,mol293,-13.18,CNS(=O)(=O)c1ccc(NC(=O)c2cccc(-c3cccc4ccccc34)c2)cc1,CNS(=O)(=O)c1ccc(NC(=O)c2cccc(-c3cccc4ccccc34)c2)cc1,6.002199,-5.8689914
730,mol432,-13.18,Cc1cccc(-n2nc(-c3ccccc3Cc3ccccn3)cc2NC(=O)Nc2ccc(S(=O)(=O)Nc3ccccn3)cc2)c1,Cc1cccc(-n2nc(-c3ccccc3Cc3ccccn3)cc2NC(=O)Nc2ccc(S(=O)(=O)Nc3ccccn3)cc2)c1,6.4022074,-6.8447003
210,mol444,-13.18,Cc1cc(Nc2nc(NCc3ccc(NS(O)(O)O)cc3)ncc2F)cc(C(=O)Nc2ccc3c(N)nccc3c2)c1,Cc1cc(Nc2nc(NCc3ccc(NS(O)(O)O)cc3)ncc2F)cc(C(=O)Nc2ccc3c(N)nccc3c2)c1,6.4339,-5.5635076
310,mol134,-13.18,Cc1ccc2c(=O)nc(-c3cccc(C(=O)Nc4cccc(C(=O)O)c4)c3)[nH]c2c1,Cc1ccc2c(=O)nc(-c3cccc(C(=O)Nc4cccc(C(=O)O)c4)c3)[nH]c2c1,6.474175,-6.0517025
90,mol300,-13.18,COc1cc(CN[C@H](C)c2cccc(C(N)=O)c2)ccc1Nc1ncc2c(n1)N(C)c1ccccc1C(=O)N2C,COc1cc(CN[C@H](C)c2cccc(C(N)=O)c2)ccc1Nc1ncc2c(n1)N(C)c1ccccc1C(=O)N2C,6.7189655,-4.8903904
220,mol415,-13.18,Cc1cc(NC(=O)c2ccc(C#N)cc2)ccc1Nc1nccc(-c2c[nH]c3ncccc23)n1,Cc1cc(NC(=O)c2ccc(C#N)cc2)ccc1Nc1nccc(-c2c[nH]c3ncccc23)n1,6.6215467,-6.5390306
870,mol435,-13.18,CC(=O)Nc1ccc(NC(=O)Cc2ccc(Oc3ccc(Nc4nccc(-c5ccccc5)n4)cc3)cc2)cc1,CC(=O)Nc1ccc(NC(=O)Cc2ccc(Oc3ccc(Nc4nccc(-c5ccccc5)n4)cc3)cc2)cc1,6.1007385,-7.2711306
400,mol404,-13.18,c1ccc(-c2ccc3c(Nc4cc(-c5ccccc5)n[nH]4)ccnc3c2)cc1,c1ccc(-c2ccc3c(Nc4cc(-c5ccccc5)n[nH]4)ccnc3c2)cc1,5.780818,-6.369663
900,mol342,-13.18,Cc1ccc(C(=O)Nc2cccc(-c3ccc(-c4nc5cc(C(N)N)ccc5[nH]4)cc3)c2)cc1,Cc1ccc(C(=O)Nc2cccc(-c3ccc(-c4nc5cc(C(N)N)ccc5[nH]4)cc3)c2)cc1,5.788542,-6.581595
360,mol408,-13.18,Cc1cccc(-n2nc(C(=O)Nc3ccc4c(c3)NC(=O)C4)cc2-c2ccc(NC(=O)Nc3cccc(C(=O)O)c3)cc2)c1,Cc1cccc(-n2nc(C(=O)Nc3ccc4c(c3)NC(=O)C4)cc2-c2ccc(NC(=O)Nc3cccc(C(=O)O)c3)cc2)c1,6.429812,-6.3368077
970,mol210,-13.18,Cc1ccc(C(=O)O)c(NC(=O)c2cccc(-c3cccc(C(=O)NCc4ccccc4)c3)c2)c1,Cc1ccc(C(=O)O)c(NC(=O)c2cccc(-c3cccc(C(=O)NCc4ccccc4)c3)c2)c1,6.2269287,-6.171422
30,mol132,-13.18,c1ccc(-c2ccc(Nc3nccc(-c4c[nH]c5ncccc45)n3)cc2)cc1,c1ccc(-c2ccc(Nc3nccc(-c4c[nH]c5ncccc45)n3)cc2)cc1,5.986917,-5.988302
830,mol156,-13.17,Cc1ccc(Cl)cc1C(=O)OCc1cccc(C(=O)Nc2cccc(NC(=O)c3ccc4ccccc4n3)c2)c1,Cc1ccc(Cl)cc1C(=O)OCc1cccc(C(=O)Nc2cccc(NC(=O)c3ccc4ccccc4n3)c2)c1,6.5621037,-7.048409
220,mol327,-13.17,Cc1cc(NC(=O)Nc2cccc(C(F)(F)F)c2)cc(C2=NO[C@H](c3ccc(-c4cccc(C#N)c4)cc3Cl)C2)c1,Cc1cc(NC(=O)Nc2cccc(C(F)(F)F)c2)cc(C2=NO[C@H](c3ccc(-c4cccc(C#N)c4)cc3Cl)C2)c1,6.8015313,-7.679889
300,mol421,-13.17,Cc1ccc(C(=O)Nc2ccc(C(=O)Nc3cccc(C(=O)Nc4nnc[nH]4)c3)cc2)cc1,Cc1ccc(C(=O)Nc2ccc(C(=O)Nc3cccc(C(=O)Nc4nnc[nH]4)c3)cc2)cc1,6.0481935,-6.938287
380,mol217,-13.17,Cc1c(Oc2ncccc2[C@H](O)c2cccc(O)c2)ccc2ccc(Nc3ccncc3)cc12,Cc1c(Oc2ncccc2[C@H](O)c2cccc(O)c2)ccc2ccc(Nc3ccncc3)cc12,6.2843924,-6.6624804
420,mol92,-13.17,Cc1ccc(C(=O)Nc2ccc(S(=O)(=O)Nc3ccc(C(=O)O)cc3)cc2)cc1NC(=O)c1cc(F)ccc1Cl,Cc1ccc(C(=O)Nc2ccc(S(=O)(=O)Nc3ccc(C(=O)O)cc3)cc2)cc1NC(=O)c1cc(F)ccc1Cl,6.884232,-5.7375393
560,mol392,-13.17,[H][S@OH13](=O)(O)(Nc1cc(C(=O)Nc2ccc(Oc3ccnc4cc(Cl)ccc34)cc2)ccc1C)c1ccc(F)cc1F,[H][S@OH13](=O)(O)(Nc1cc(C(=O)Nc2ccc(Oc3ccnc4cc(Cl)ccc34)cc2)ccc1C)c1ccc(F)cc1F,6.5203047,-6.5403724
930,mol61,-13.17,CC(C)c1cccc(-c2cc(NC(=O)c3ccc4ccccc4c3)ncn2)c1,CC(C)c1cccc(-c2cc(NC(=O)c3ccc4ccccc4c3)ncn2)c1,6.3580003,-6.4878497
470,mol371,-13.17,Cc1ccc(NC(=O)c2ccc(C(=O)Nc3ccccc3C(=O)O)cc2)cc1Nc1ccc(C(=O)O)cc1,Cc1ccc(NC(=O)c2ccc(C(=O)Nc3ccccc3C(=O)O)cc2)cc1Nc1ccc(C(=O)O)cc1,6.87373,-5.742443
140,mol448,-13.17,Cc1ccc(-c2ccc(Oc3cccc(C(=O)Nc4ncccc4C(N)N)c3)cc2)cc1,Cc1ccc(-c2ccc(Oc3cccc(C(=O)Nc4ncccc4C(N)N)c3)cc2)cc1,5.819174,-6.9073386
430,mol434,-13.17,CN(O)C(=O)C[C@H](Cc1ccc(-c2ccc(CNC(=O)Cc3ccc(O)c(C(=O)O)c3)cc2)cc1)C(=O)NO,CN(O)C(=O)C[C@H](Cc1ccc(-c2ccc(CNC(=O)Cc3ccc(O)c(C(=O)O)c3)cc2)cc1)C(=O)NO,6.6416698,-3.7812235
650,mol387,-13.17,Cc1ccccc1-c1cccc(C(=O)Nc2ccc(Cc3ccc(NC(=O)c4cccc(C(=O)O)c4)s3)cc2)c1,Cc1ccccc1-c1cccc(C(=O)Nc2ccc(Cc3ccc(NC(=O)c4cccc(C(=O)O)c4)s3)cc2)c1,6.326481,-6.261944
170,mol461,-13.17,Cc1ccc(C(=O)Nc2ccon2)cc1-c1cc2cnn(-c3cccc(F)c3)c2nn1,Cc1ccc(C(=O)Nc2ccon2)cc1-c1cc2cnn(-c3cccc(F)c3)c2nn1,6.4865623,-5.7242966
250,mol267,-13.16,Cc1cc(NC(=O)Nc2cccc(C(F)(F)F)c2)ccc1-c1nc(Nc2ccc(C(=O)N[C@H]3CC[C@H](CC(=O)O)CC3)cc2)c2ccccc2n1,Cc1cc(NC(=O)Nc2cccc(C(F)(F)F)c2)ccc1-c1nc(Nc2ccc(C(=O)N[C@H]3CC[C@H](CC(=O)O)CC3)cc2)c2ccccc2n1,7.0550194,-5.857125
370,mol41,-13.16,Cc1ccc(Nc2cnc(-c3ccc(NC(=O)c4cccc(C(F)(F)F)c4)cc3)c3ccccc23)cc1,Cc1ccc(Nc2cnc(-c3ccc(NC(=O)c4cccc(C(F)(F)F)c4)cc3)c3ccccc23)cc1,5.5552635,-6.996316
650,mol371,-13.16,CN(C(=O)c1ccc(Br)cc1)c1cccc(Nc2ncc(-c3cccc(C(=O)Nc4cccc(C(=O)O)c4)c3)s2)c1,CN(C(=O)c1ccc(Br)cc1)c1cccc(Nc2ncc(-c3cccc(C(=O)Nc4cccc(C(=O)O)c4)c3)s2)c1,6.4557705,-5.972893
820,mol464,-13.16,Cc1ccc(CNC(=O)Nc2cccc(-c3cccc4cccnc34)c2)cc1,Cc1ccc(CNC(=O)Nc2cccc(-c3cccc4cccnc34)c2)cc1,6.349339,-6.132324
460,mol290,-13.16,CC(=O)N[C@@H](Cc1ccc(C(F)(F)F)cc1)[C@@H](O)C[N@H+]1CCc2cc(NC(=O)c3ccc4cccnc4c3)ccc2C1,CC(=O)N[C@@H](Cc1ccc(C(F)(F)F)cc1)[C@@H](O)C[N@H+]1CCc2cc(NC(=O)c3ccc4cccnc4c3)ccc2C1,7.007226,-3.4674244
370,mol151,-13.16,Cc1cc(Nc2cc(C(F)(F)F)c(-c3cncc(C(=O)c4cccc(C(F)(F)F)c4)c3)cn2)ccn1,Cc1cc(Nc2cc(C(F)(F)F)c(-c3cncc(C(=O)c4cccc(C(F)(F)F)c4)c3)cn2)ccn1,6.3263025,-6.5060773
270,mol297,-13.16,Cc1ccc(C(=O)Nc2ccc(C[N@H+]3CC[N@@H+](C)CC3)cc2)cc1-c1nc(Nc2ccc3n[nH]cc3c2)cc(N2CCC([NH+]3CCCCC3)CC2)n1,Cc1ccc(C(=O)Nc2ccc(C[N@H+]3CC[N@@H+](C)CC3)cc2)cc1-c1nc(Nc2ccc3n[nH]cc3c2)cc(N2CCC([NH+]3CCCCC3)CC2)n1,7.251479,-3.2623625
450,mol380,-13.16,Cc1cc(C(=O)Nc2ccc(Oc3ccc4nc(NC(=O)C5CCCCC5)sc4c3)cc2)cc(C)c1O,Cc1cc(C(=O)Nc2ccc(Oc3ccc4nc(NC(=O)C5CCCCC5)sc4c3)cc2)cc(C)c1O,6.9355927,-7.1237392
970,mol105,-13.16,CNC(=O)c1ccc(-c2cccc(C(=O)Nc3cccc(-c4ccccc4)c3)c2)cc1,CNC(=O)c1ccc(-c2cccc(C(=O)Nc3cccc(-c4ccccc4)c3)c2)cc1,5.809962,-6.49619
190,mol225,-13.16,CNc1nc(C(=O)Nc2ccc(-c3cccc(-c4ncccn4)c3)cc2)cc(N2CCc3cn[nH]c3CC2)n1,CNc1nc(C(=O)Nc2ccc(-c3cccc(-c4ncccn4)c3)cc2)cc(N2CCc3cn[nH]c3CC2)n1,6.8023424,-5.329329
400,mol350,-13.16,Cc1cccc(Oc2ccc(Nc3ncccn3)cc2C(=O)Nc2cccc(NC(=O)Nc3ccc(C#N)cc3)c2)c1,Cc1cccc(Oc2ccc(Nc3ncccn3)cc2C(=O)Nc2cccc(NC(=O)Nc3ccc(C#N)cc3)c2)c1,6.315106,-7.4532533
290,mol228,-13.16,CCC(=O)Nc1cc(Nc2cc(C(=O)Nc3cc(C(=O)O)ccc3F)ncn2)ccc1Nc1ncc(Cl)c(Nc2ccc3ncccc3c2)n1,CCC(=O)Nc1cc(Nc2cc(C(=O)Nc3cc(C(=O)O)ccc3F)ncn2)ccc1Nc1ncc(Cl)c(Nc2ccc3ncccc3c2)n1,7.0763955,-5.6482835
570,mol15,-13.16,Cc1ccc(Nc2nccc(-c3ccc(C(=O)NCCO)cc3)n2)cc1Nc1nccc(-c2c[nH]c3ccccc23)n1,Cc1ccc(Nc2nccc(-c3ccc(C(=O)NCCO)cc3)n2)cc1Nc1nccc(-c2c[nH]c3ccccc23)n1,6.900076,-6.246338
110,mol161,-13.16,CN(Cc1ccc(-c2cccc(CNC(=O)c3ccc4ccccc4n3)c2)cc1)C(=O)Nc1ccc(N(Cc2ccccc2)C(=O)[C@H]2C[C@H]2c2ccccc2)cc1,CN(Cc1ccc(-c2cccc(CNC(=O)c3ccc4ccccc4n3)c2)cc1)C(=O)Nc1ccc(N(Cc2ccccc2)C(=O)[C@H]2C[C@H]2c2ccccc2)cc1,6.3771963,-5.951396
300,mol114,-13.16,CC(=O)Nc1ccc(C(=O)Nc2ccc(-c3ccc(CNC(=O)c4cccc(C(=O)O)c4)s3)cc2)cc1,CC(=O)Nc1ccc(C(=O)Nc2ccc(-c3ccc(CNC(=O)c4cccc(C(=O)O)c4)s3)cc2)cc1,6.3319745,-5.8496194
710,mol1,-13.16,Cc1ccc(C(=O)Nc2ccc(-c3cccc4c(Cc5ccccc5)c[nH]c34)cc2)cc1,Cc1ccc(C(=O)Nc2ccc(-c3cccc4c(Cc5ccccc5)c[nH]c34)cc2)cc1,5.6730313,-6.8360276
280,mol29,-13.16,Cc1cc(NC(=O)c2ccc(-c3ccc4nccn4n3)s2)ccc1NC(=O)c1ccc2ccccc2n1,Cc1cc(NC(=O)c2ccc(-c3ccc4nccn4n3)s2)ccc1NC(=O)c1ccc2ccccc2n1,6.6880326,-6.307746
580,mol96,-13.16,C[C@@H](NC(=O)c1c[nH]c2ncc(NC(=O)c3ccc4nccnc4c3)cc2c1=O)c1cccc2ncccc12,C[C@@H](NC(=O)c1c[nH]c2ncc(NC(=O)c3ccc4nccnc4c3)cc2c1=O)c1cccc2ncccc12,6.6221886,-6.5361342
790,mol204,-13.16,Cc1ccc(Nc2cccc(-c3ccc4c(ccc5ncn(C)c54)c3)c2)c(C)n1,Cc1ccc(Nc2cccc(-c3ccc4c(ccc5ncn(C)c54)c3)c2)c(C)n1,6.1231265,-5.776184
170,mol144,-13.15,Cc1ccc(C(=O)Nc2cc(C(=O)Nc3cc(C(=O)Nc4ccc(C(=O)O)cc4)ccc3N)ccc2N)cc1,Cc1ccc(C(=O)Nc2cc(C(=O)Nc3cc(C(=O)Nc4ccc(C(=O)O)cc4)ccc3N)ccc2N)cc1,6.670354,-5.8030176
380,mol62,-13.15,Cc1cc(NC(=O)c2cccc(C(N)=O)c2)cc(-c2ccc(OCc3cccc(C(=O)O)c3)cc2)c1,Cc1cc(NC(=O)c2cccc(C(N)=O)c2)cc(-c2ccc(OCc3cccc(C(=O)O)c3)cc2)c1,5.8290176,-6.281089
760,mol186,-13.15,Cc1c(NC(=O)c2ccc(C(=O)c3cccc(Oc4ccccc4)c3)cc2)ccc2ccccc12,Cc1c(NC(=O)c2ccc(C(=O)c3cccc(Oc4ccccc4)c3)cc2)ccc2ccccc12,5.9111814,-6.979308
490,mol154,-13.15,Cc1ccc(NC(=O)c2cccc(C(=O)NCc3cccnc3)c2)cc1Nc1ncnc2ccccc12,Cc1ccc(NC(=O)c2cccc(C(=O)NCc3cccnc3)c2)cc1Nc1ncnc2ccccc12,6.3679137,-6.0566826
190,mol117,-13.15,Cc1ccccc1S(=O)(=O)Nc1ccc(-c2nc(Nc3ccc(C(=O)NCCNC(=O)c4ccc(C(=O)O)cc4)cc3)ncc2F)cc1,Cc1ccccc1S(=O)(=O)Nc1ccc(-c2nc(Nc3ccc(C(=O)NCCNC(=O)c4ccc(C(=O)O)cc4)cc3)ncc2F)cc1,6.800839,-5.2836046
690,mol250,-13.15,CCc1cccc(C)c1NC(=O)Nc1cccc(NC(=O)c2ccc(-c3cccc(C(=O)c4ccccc4)c3)s2)c1,CCc1cccc(C)c1NC(=O)Nc1cccc(NC(=O)c2ccc(-c3cccc(C(=O)c4ccccc4)c3)s2)c1,6.325825,-6.5431895
450,mol345,-13.15,NC(=O)c1ccc(-c2ccc(C(=O)c3cccc4ccccc34)cc2)cc1,NC(=O)c1ccc(-c2ccc(C(=O)c3cccc4ccccc34)cc2)cc1,5.98667,-6.2069144
1000,mol477,-13.15,Cn1cc(-c2cc(Nc3ccnc4cc(-c5ccc(O)cc5)ccc34)ccn2)cn1,Cn1cc(-c2cc(Nc3ccnc4cc(-c5ccc(O)cc5)ccc34)ccn2)cn1,5.9453387,-5.3493714
410,mol194,-13.15,Cc1cccc(Nc2nc(Nc3cccc(C(=O)NCc4ccc(C(=O)O)cc4)c3)cc(Nc3ccc4ccccc4n3)n2)c1,Cc1cccc(Nc2nc(Nc3cccc(C(=O)NCc4ccc(C(=O)O)cc4)c3)cc(Nc3ccc4ccccc4n3)n2)c1,6.7292314,-6.1288853
500,mol147,-13.15,Cc1ccc(NC2=NC(=O)[C@@H](c3cccc(C(=O)Nc4cccc(C(=O)O)c4)c3)S2)cc1Cl,Cc1ccc(NC2=NC(=O)[C@@H](c3cccc(C(=O)Nc4cccc(C(=O)O)c4)c3)S2)cc1Cl,6.6470246,-5.8485513
910,mol6,-13.15,C[C@@H](Nc1ccc(C(=O)c2c(-c3ccccc3)[nH]c3ccc(O)cc23)cc1)c1cccc(OCc2cccc(C(=O)O)c2)c1,C[C@@H](Nc1ccc(C(=O)c2c(-c3ccccc3)[nH]c3ccc(O)cc23)cc1)c1cccc(OCc2cccc(C(=O)O)c2)c1,6.109479,-5.9652295
100,mol52,-13.15,CCS(=O)(=O)c1ccc(Nc2nccc(-c3cnc(N)c(-c4ccc(C(=O)Nc5ccccc5C(F)(F)F)cc4)c3)n2)cc1,CCS(=O)(=O)c1ccc(Nc2nccc(-c3cnc(N)c(-c4ccc(C(=O)Nc5ccccc5C(F)(F)F)cc4)c3)n2)cc1,6.524353,-6.019964
320,mol460,-13.15,Cc1cccc(-c2cc(NCc3cc4cc(C(=O)N5CCC(C(C)(C)O)CC5)ccc4[nH]3)ncc2C(=O)NO)c1,Cc1cccc(-c2cc(NCc3cc4cc(C(=O)N5CCC(C(C)(C)O)CC5)ccc4[nH]3)ncc2C(=O)NO)c1,7.2222576,-5.6192274
460,mol24,-13.15,NC(=O)c1cccc(C(=O)Nc2cccc(-c3cncc(-c4cccc(C(=O)O)c4)n3)c2)c1,NC(=O)c1cccc(C(=O)Nc2cccc(-c3cncc(-c4cccc(C(=O)O)c4)n3)c2)c1,6.1164327,-5.4392977
390,mol247,-13.14,Cc1ccc(C(=O)NCc2cccnc2)cc1NC(=O)c1ccc(Cl)c(Nc2nccc(-c3cccnc3)n2)c1,Cc1ccc(C(=O)NCc2cccnc2)cc1NC(=O)c1ccc(Cl)c(Nc2nccc(-c3cccnc3)n2)c1,6.8835316,-6.4145656
370,mol185,-13.14,Cc1cc(N2CCC(S(=O)(=O)c3ccc(Cl)cc3F)CC2)nc(-c2ccc(NCc3ccc4ccccc4n3)cc2)n1,Cc1cc(N2CCC(S(=O)(=O)c3ccc(Cl)cc3F)CC2)nc(-c2ccc(NCc3ccc4ccccc4n3)cc2)n1,6.158892,-5.997143
820,mol414,-13.14,Cc1ccc(C(=O)Nc2ccc(F)c(C(F)(F)F)c2)cc1C(=O)Nc1cnc(Nc2ccc(NC(=O)Nc3ccc(Cl)c(F)c3)cn2)nc1,Cc1ccc(C(=O)Nc2ccc(F)c(C(F)(F)F)c2)cc1C(=O)Nc1cnc(Nc2ccc(NC(=O)Nc3ccc(Cl)c(F)c3)cn2)nc1,7.3111567,-6.9279437
810,mol353,-13.14,Cc1ccccc1-c1ccc(C(=O)Nc2cccc(-c3ccccc3NC(=O)c3cccnc3)c2)cc1,Cc1ccccc1-c1ccc(C(=O)Nc2cccc(-c3ccccc3NC(=O)c3cccnc3)c2)cc1,6.0158195,-6.9130306
990,mol115,-13.14,Nc1cccc(-c2cccc(-c3cccc(Oc4ccccc4)c3)c2)c1,Nc1cccc(-c2cccc(-c3cccc(Oc4ccccc4)c3)c2)c1,6.0300894,-6.5791526
400,mol15,-13.14,CC(=O)Nc1ccc(Oc2ccc(NC(=O)Nc3cccc4ccccc34)cc2)cc1,CC(=O)Nc1ccc(Oc2ccc(NC(=O)Nc3cccc4ccccc34)cc2)cc1,6.179158,-6.81859
230,mol228,-13.14,Cc1cccc(-c2cc(NC(=O)Nc3ccc(Cl)c(C(F)(F)F)c3)ccc2C)c1,Cc1cccc(-c2cc(NC(=O)Nc3ccc(Cl)c(C(F)(F)F)c3)ccc2C)c1,6.5829873,-7.171012
740,mol491,-13.14,Cc1ccc(C(=O)Nc2ccc(C[N@H+]3CC[N@H+](C)CC3)c(C(F)(F)F)c2)cc1C#Cc1ccc2c(c1)CCN(c1ncccn1)CCC2=O,Cc1ccc(C(=O)Nc2ccc(C[N@H+]3CC[N@H+](C)CC3)c(C(F)(F)F)c2)cc1C#Cc1ccc2c(c1)CCN(c1ncccn1)CCC2=O,7.0291243,-4.49502
290,mol33,-13.14,Cc1cc(F)ccc1-c1ccc(Nc2nccc(Nc3ccc4c(N)nccc4c3)n2)cc1,Cc1cc(F)ccc1-c1ccc(Nc2nccc(Nc3ccc4c(N)nccc4c3)n2)cc1,6.250892,-6.231413
570,mol241,-13.14,Cc1cc2c(cc1-c1ccc(/C=C/C(=O)O)cc1)[nH]c1cc(C(N)=O)ccc12,Cc1cc2c(cc1-c1ccc(/C=C/C(=O)O)cc1)[nH]c1cc(C(N)=O)ccc12,6.2291517,-5.2338266
510,mol151,-13.14,CC(=O)Nc1cccc(-c2coc3cc(C(=O)Nc4cccc(C(=O)O)c4)ccc23)c1,CC(=O)Nc1cccc(-c2coc3cc(C(=O)Nc4cccc(C(=O)O)c4)ccc23)c1,6.653613,-5.9660983
970,mol3,-13.14,COc1cccc(Nc2cccc(-c3cccc(C(=O)Nc4cccc(C(=O)O)c4)c3)c2)c1,COc1cccc(Nc2cccc(-c3cccc(C(=O)Nc4cccc(C(=O)O)c4)c3)c2)c1,6.0459194,-6.550339
510,mol326,-13.14,Cc1cc(Nc2nccc(Nc3ccc4c(/C=C\C#N)cccc4n3)n2)ccc1NC(=O)c1ccc2ccccc2n1,Cc1cc(Nc2nccc(Nc3ccc4c(/C=C\C#N)cccc4n3)n2)ccc1NC(=O)c1ccc2ccccc2n1,6.508328,-6.757408
740,mol224,-13.14,CC(=O)CNc1ccc(NC(=O)c2ccc(NC(=O)c3ccc4ccccc4c3)cc2)cc1C(=O)c1ccc(C(=O)c2ccccc2)cc1,CC(=O)CNc1ccc(NC(=O)c2ccc(NC(=O)c3ccc4ccccc4c3)cc2)cc1C(=O)c1ccc(C(=O)c2ccccc2)cc1,6.40571,-6.5433903
330,mol270,-13.14,O=C(O)c1cc(Cc2ccccc2)cnc1Nc1cccc(-c2ccccc2)c1,O=C(O)c1cc(Cc2ccccc2)cnc1Nc1cccc(-c2ccccc2)c1,6.512692,-6.006374
90,mol477,-13.14,Cc1c(NC(=O)c2cc(NC(=O)c3ccc4ccccc4n3)ccc2F)cccc1-c1nc(Nc2ccc(F)c(F)c2)nn1CC(F)(F)F,Cc1c(NC(=O)c2cc(NC(=O)c3ccc4ccccc4n3)ccc2F)cccc1-c1nc(Nc2ccc(F)c(F)c2)nn1CC(F)(F)F,6.479505,-6.7373385
210,mol60,-13.14,Cc1cc(C(=O)O)ccc1NC(=O)c1ccc(-c2ccc(NC(=O)Nc3ccccc3)cc2)cc1,Cc1cc(C(=O)O)ccc1NC(=O)c1ccc(-c2ccc(NC(=O)Nc3ccccc3)cc2)cc1,6.388545,-6.122656
860,mol374,-13.14,Cc1ccc(C(=O)Nc2ccc(-c3cccc(C(=O)NCc4ccccc4)c3)cc2)cc1C,Cc1ccc(C(=O)Nc2ccc(-c3cccc(C(=O)NCc4ccccc4)c3)cc2)cc1C,5.990598,-6.5604568
770,mol162,-13.14,Cc1ccc(C(=O)Nc2ccc(F)c(C(F)(F)F)c2)cc1-c1cccc(-c2cnc3[nH]ncc3c2)c1,Cc1ccc(C(=O)Nc2ccc(F)c(C(F)(F)F)c2)cc1-c1cccc(-c2cnc3[nH]ncc3c2)c1,6.3638015,-6.9106956
420,mol153,-13.14,Nc1ccc(-c2ccc(C(=O)Nc3cccc(-c4cccc(S(=O)(=O)O)c4)c3)cc2)cc1,Nc1ccc(-c2ccc(C(=O)Nc3cccc(-c4cccc(S(=O)(=O)O)c4)c3)cc2)cc1,5.7779045,-5.5666604
940,mol208,-13.14,CS(=O)(=O)c1cccc(-c2ccc(C[C@@H](NC(=O)c3ccc4ccccc4c3)C(=O)O)cc2)c1,CS(=O)(=O)c1cccc(-c2ccc(C[C@@H](NC(=O)c3ccc4ccccc4c3)C(=O)O)cc2)c1,6.3636904,-5.0124326
600,mol147,-13.14,Cc1ccc(NC(=O)c2cccc(N3CCOCC3)c2)cc1Nc1ncnn2cc(-c3ccccc3)cc12,Cc1ccc(NC(=O)c2cccc(N3CCOCC3)c2)cc1Nc1ncnn2cc(-c3ccccc3)cc12,6.0549564,-6.263796
800,mol35,-13.14,Cc1ccc(-c2ccc(C(=O)O)cc2)cc1Nc1nccc(-c2cccnc2)n1,Cc1ccc(-c2ccc(C(=O)O)cc2)cc1Nc1nccc(-c2cccnc2)n1,6.67501,-5.293563
950,mol465,-13.14,CNC(=O)c1cccc(Cn2cc(-c3cc(NC(=O)c4cccc(C(F)(F)F)c4)cc(C(F)(F)F)c3)nn2)c1,CNC(=O)c1cccc(Cn2cc(-c3cc(NC(=O)c4cccc(C(F)(F)F)c4)cc(C(F)(F)F)c3)nn2)c1,6.006896,-5.719054
980,mol225,-13.13,Cc1ccc(Nc2ccc(NC(=O)c3ccc(C(=O)NCc4ccccc4)cc3)cc2)cc1Nc1ncccc1-c1ccncn1,Cc1ccc(Nc2ccc(NC(=O)c3ccc(C(=O)NCc4ccccc4)cc3)cc2)cc1Nc1ncccc1-c1ccncn1,6.7551427,-6.28415
440,mol268,-13.13,CCC(=O)Nc1ccc(C(=O)c2c[nH]c3ccc(-c4ccc(CNC(=O)c5ccccn5)cc4)cc23)cc1,CCC(=O)Nc1ccc(C(=O)c2c[nH]c3ccc(-c4ccc(CNC(=O)c5ccccn5)cc4)cc23)cc1,5.857783,-6.434945
890,mol481,-13.13,CN(c1ccc(NC(=O)c2cccc(C(N)=O)c2)cc1)S(=O)(=O)c1ccc(-c2ccc(C(=O)O)cc2)cc1,CN(c1ccc(NC(=O)c2cccc(C(N)=O)c2)cc1)S(=O)(=O)c1ccc(-c2ccc(C(=O)O)cc2)cc1,6.2096176,-5.585333
750,mol327,-13.13,CNc1ccccc1-c1ccc(F)c2c1cnn2-c1ccnc(Nc2ccc(C(=O)NC(C)(C)C)cc2)n1,CNc1ccccc1-c1ccc(F)c2c1cnn2-c1ccnc(Nc2ccc(C(=O)NC(C)(C)C)cc2)n1,6.572747,-6.3510246
1000,mol42,-13.13,Cc1c(CCc2ccccc2)ccc(Nc2nccc(-c3cc4ccc(C(N)N)cc4[nH]3)n2)c1F,Cc1c(CCc2ccccc2)ccc(Nc2nccc(-c3cc4ccc(C(N)N)cc4[nH]3)n2)c1F,6.9457884,-6.4902177
430,mol144,-13.13,C[C@@H](c1ccc(NC(=O)c2cccc(C(C)(C)C)c2)cc1)n1cc(C(=O)NCc2cccc(C(=O)Nc3ccc4nccnc4c3)c2)nn1,C[C@@H](c1ccc(NC(=O)c2cccc(C(C)(C)C)c2)cc1)n1cc(C(=O)NCc2cccc(C(=O)Nc3ccc4nccnc4c3)c2)nn1,6.5119634,-6.5286818
260,mol336,-13.13,Cc1c(Nc2ccc(C(=O)NCc3ccc(C(=O)N[C@H](CCc4ccccc4)C(=O)O)cc3)cc2F)ccc2ccccc12,Cc1c(Nc2ccc(C(=O)NCc3ccc(C(=O)N[C@H](CCc4ccccc4)C(=O)O)cc3)cc2F)ccc2ccccc12,6.69203,-6.336723
600,mol18,-13.13,Cc1cccc(Cc2n[nH]c(-c3cccc(-c4ccccc4)c3O)c2N)c1,Cc1cccc(Cc2n[nH]c(-c3cccc(-c4ccccc4)c3O)c2N)c1,5.9487987,-5.778873
600,mol338,-13.13,CC(=O)Nc1ccc(Nc2ncc3cc(-c4ccc(CC(=O)O)cc4C(F)(F)F)ccc3n2)cc1,CC(=O)Nc1ccc(Nc2ncc3cc(-c4ccc(CC(=O)O)cc4C(F)(F)F)ccc3n2)cc1,6.477171,-6.2142367
480,mol214,-13.13,Cc1cccc(C(=O)Nc2ccc(F)c([C@@]3(C)CC(=O)N(c4ccc(C#N)cc4)C3=O)c2)c1,Cc1cccc(C(=O)Nc2ccc(F)c([C@@]3(C)CC(=O)N(c4ccc(C#N)cc4)C3=O)c2)c1,6.582849,-6.1613374
190,mol310,-13.13,Cc1ccc(C(=O)Nc2cccc(OC(N)=O)c2)cc1NC(=O)c1ccc(Oc2ccc3ccccc3c2)cc1,Cc1ccc(C(=O)Nc2cccc(OC(N)=O)c2)cc1NC(=O)c1ccc(Oc2ccc3ccccc3c2)cc1,6.196059,-7.113393
710,mol398,-13.13,CN(c1cccc(-c2ccc(C(=O)O)cc2)c1)S(=O)(=O)c1ccc(-c2ccccc2)cc1,CN(c1cccc(-c2ccc(C(=O)O)cc2)c1)S(=O)(=O)c1ccc(-c2ccccc2)cc1,6.2208614,-6.234134
990,mol49,-13.13,Cc1cccc(-c2cc(Nc3cncc4ccc(Oc5ccccc5)cc34)ncn2)c1,Cc1cccc(-c2cc(Nc3cncc4ccc(Oc5ccccc5)cc34)ncn2)c1,6.0306153,-6.933359
460,mol44,-13.13,Cc1ccc(C(=O)Nc2ccc(C(=O)NNC(=O)c3ccc4ccccc4c3)cc2)cc1,Cc1ccc(C(=O)Nc2ccc(C(=O)NNC(=O)c3ccc4ccccc4c3)cc2)cc1,5.787181,-6.789966
880,mol325,-13.13,CN(CCc1ccc(-c2ccccc2)cc1)S(=O)(=O)c1ccc2cc(Nc3ccnc4[nH]ccc34)ccc2c1,CN(CCc1ccc(-c2ccccc2)cc1)S(=O)(=O)c1ccc2cc(Nc3ccnc4[nH]ccc34)ccc2c1,6.3760824,-5.7582865
290,mol109,-13.13,Cc1ccc(C(=O)Nc2cccc(C(F)(F)F)c2)cc1NC(=O)c1ccc(Nc2ccc3cc[nH]c3c2)nc1,Cc1ccc(C(=O)Nc2cccc(C(F)(F)F)c2)cc1NC(=O)c1ccc(Nc2ccc3cc[nH]c3c2)nc1,6.3225546,-6.823898
460,mol130,-13.13,Nc1ccc(-c2ccc(C(=O)Nc3ccc(Nc4ccnc5cc(Cl)ccc45)cc3)cc2)cc1,Nc1ccc(-c2ccc(C(=O)Nc3ccc(Nc4ccnc5cc(Cl)ccc45)cc3)cc2)cc1,5.903449,-6.580355
180,mol46,-13.13,CN(C(=O)c1ccc(-c2ccc(C(=O)Nc3ccc(Oc4ccncc4)cc3)cc2)cc1)C1CCCCC1,CN(C(=O)c1ccc(-c2ccc(C(=O)Nc3ccc(Oc4ccncc4)cc3)cc2)cc1)C1CCCCC1,5.9821286,-6.819392
450,mol372,-13.13,CC(=O)Nc1cccc(Nc2nc3cccc(Nc4nccc(-c5ccccc5)n4)c3[nH]2)c1,CC(=O)Nc1cccc(Nc2nc3cccc(Nc4nccc(-c5ccccc5)n4)c3[nH]2)c1,6.283137,-6.9126496
560,mol194,-13.12,Cc1ccc(C(=O)Nc2cccc(C(F)(F)F)c2)cc1-c1ccc2cc(Oc3ccncc3)ncc2c1,Cc1ccc(C(=O)Nc2cccc(C(F)(F)F)c2)cc1-c1ccc2cc(Oc3ccncc3)ncc2c1,6.3882246,-7.030672
690,mol348,-13.12,Cc1c(F)ccc(C(=O)c2ccc(-c3ccccc3CNC(=O)c3ccnc(C(F)(F)F)c3)cc2)c1F,Cc1c(F)ccc(C(=O)c2ccc(-c3ccccc3CNC(=O)c3ccnc(C(F)(F)F)c3)cc2)c1F,6.4396224,-7.112047
600,mol165,-13.12,Cc1ccc(C(=O)Nc2ccc(Oc3ccnc4cc(N)ccc34)c3ccccc23)cc1NS(=O)(=O)c1ccc(C(=O)O)cc1,Cc1ccc(C(=O)Nc2ccc(Oc3ccnc4cc(N)ccc34)c3ccccc23)cc1NS(=O)(=O)c1ccc(C(=O)O)cc1,6.833106,-6.1376867
280,mol446,-13.12,COc1ccc(NC(=O)Nc2cccc(-c3nc4cc(C(N)N)ccc4[nH]3)c2)cc1,COc1ccc(NC(=O)Nc2cccc(-c3nc4cc(C(N)N)ccc4[nH]3)c2)cc1,6.2002635,-5.1843133
950,mol24,-13.12,Cc1cc(-c2cccc(C(=O)O)c2)ccc1Nc1nccc(-c2cccnc2)n1,Cc1cc(-c2cccc(C(=O)O)c2)ccc1Nc1nccc(-c2cccnc2)n1,6.6488476,-5.034103
200,mol477,-13.12,CN(c1ccc(C(=O)NS(=O)(=O)c2cc(Cl)cc(Cl)c2)cc1)c1nnc(NC(=O)c2ccccc2F)s1,CN(c1ccc(C(=O)NS(=O)(=O)c2cc(Cl)cc(Cl)c2)cc1)c1nnc(NC(=O)c2ccccc2F)s1,6.373066,-7.1330748
240,mol462,-13.12,Cc1cc(=O)oc2cc(NC(=O)c3cccc(CC(=O)Nc4cccc(C(=O)O)c4)c3)ccc12,Cc1cc(=O)oc2cc(NC(=O)c3cccc(CC(=O)Nc4cccc(C(=O)O)c4)c3)ccc12,6.594417,-6.2011375
320,mol467,-13.12,Cc1ccc(NC(=O)c2cccc(NC(=O)c3ccc4cc(C(N)=O)ccc4n3)c2)cc1,Cc1ccc(NC(=O)c2cccc(NC(=O)c3ccc4cc(C(N)=O)ccc4n3)c2)cc1,6.1735106,-5.8528724
770,mol102,-13.12,Cc1cccc(CNC(=O)c2cc(Cc3ccc4cc(Cl)ccc4c3)cnc2N)c1,Cc1cccc(CNC(=O)c2cc(Cc3ccc4cc(Cl)ccc4c3)cnc2N)c1,6.1965504,-6.5151725
280,mol117,-13.12,Cc1ccc(-c2ccc(C[C@H](NC(=O)c3ccc(Nc4ncnc5ccccc45)cc3)C(=O)O)cc2)cc1,Cc1ccc(-c2ccc(C[C@H](NC(=O)c3ccc(Nc4ncnc5ccccc45)cc3)C(=O)O)cc2)cc1,5.99963,-6.2599916
600,mol248,-13.11,Cc1c(C(=O)c2ccc(F)cc2)c(=O)oc2cc(O[S@OH26](O)(O)(O)(O)O)cc(O)c12,Cc1c(C(=O)c2ccc(F)cc2)c(=O)oc2cc(O[S@OH26](O)(O)(O)(O)O)cc(O)c12,6.792277,-4.969667
240,mol121,-13.11,Nc1ccc(-c2ccc(C(=O)Nc3ccc4nc(C(=O)O)ccc4c3)cc2)cc1,Nc1ccc(-c2ccc(C(=O)Nc3ccc4nc(C(=O)O)ccc4c3)cc2)cc1,6.4445662,-4.9269757
490,mol19,-13.11,Cc1ccccc1-c1ccc(NC(=O)Nc2cccc(C(=O)c3n[nH]c4ccccc34)c2)cc1,Cc1ccccc1-c1ccc(NC(=O)Nc2cccc(C(=O)c3n[nH]c4ccccc34)c2)cc1,6.0791826,-7.121493
820,mol213,-13.11,Cn1cc(-c2ccc(Cc3ccccc3C(=O)NCc3ccc4ccccc4c3)cc2C(=O)O)cn1,Cn1cc(-c2ccc(Cc3ccccc3C(=O)NCc3ccc4ccccc4c3)cc2C(=O)O)cn1,6.098387,-5.811101
920,mol446,-13.11,Cc1ccc(-n2nc(C(=O)c3ccccc3)cc2NC(=O)Nc2ccc(NC(=O)c3ccc(Cl)cc3)cc2)cc1,Cc1ccc(-n2nc(C(=O)c3ccccc3)cc2NC(=O)Nc2ccc(NC(=O)c3ccc(Cl)cc3)cc2)cc1,6.3585086,-7.305699
410,mol295,-13.11,Cc1ccc(Oc2ccc(C(=O)NCc3ccccc3C(=O)O)cc2)cc1-c1cccc(C(=O)O)c1,Cc1ccc(Oc2ccc(C(=O)NCc3ccccc3C(=O)O)cc2)cc1-c1cccc(C(=O)O)c1,6.8956614,-5.8654957
850,mol298,-13.11,Cc1ccc(C(=O)Nc2ccc(S(=O)(=O)c3ccc4ccccc4c3)cc2)cc1NC(=O)c1cccc(OCc2ccccc2)c1,Cc1ccc(C(=O)Nc2ccc(S(=O)(=O)c3ccc4ccccc4c3)cc2)cc1NC(=O)c1cccc(OCc2ccccc2)c1,6.1101394,-6.476596
870,mol303,-13.11,CN(Cc1cc(Cl)cc(Cl)c1)C(=O)c1cccc(Nc2nccc(-c3c[nH]c4ccccc34)n2)c1,CN(Cc1cc(Cl)cc(Cl)c1)C(=O)c1cccc(Nc2nccc(-c3c[nH]c4ccccc34)n2)c1,6.527989,-6.3993554
240,mol111,-13.11,Cc1nc(Nc2ccccc2)nc(N[C@@H]2C[C@H]3CC[C@@H](C2)N3S(=O)(=O)c2cccc(NC(=O)Nc3cccc(Cl)c3)c2)n1,Cc1nc(Nc2ccccc2)nc(N[C@@H]2C[C@H]3CC[C@@H](C2)N3S(=O)(=O)c2cccc(NC(=O)Nc3cccc(Cl)c3)c2)n1,7.185674,-5.8672686
300,mol324,-13.11,Cc1cc(N2CCC[C@@H](Cc3cccc(-c4cccc(C(=O)O)c4)c3)C2)nnc1C(=O)Nc1ccc(C(=O)O)c(O)c1,Cc1cc(N2CCC[C@@H](Cc3cccc(-c4cccc(C(=O)O)c4)c3)C2)nnc1C(=O)Nc1ccc(C(=O)O)c(O)c1,6.495929,-5.8399
270,mol171,-13.11,Cc1cc(NCc2ncc(-c3ccccc3)o2)cnc1Nc1ccc(NC(=O)c2cccc(C(F)(F)F)c2)cc1,Cc1cc(NCc2ncc(-c3ccccc3)o2)cnc1Nc1ccc(NC(=O)c2cccc(C(F)(F)F)c2)cc1,6.007468,-6.6261845
770,mol417,-13.11,Cc1ccc(NC(=O)c2cccc(C(=O)NCc3ccccc3C(F)(F)F)c2)cc1Nc1ncccn1,Cc1ccc(NC(=O)c2cccc(C(=O)NCc3ccccc3C(F)(F)F)c2)cc1Nc1ncccn1,6.202149,-6.2336645
250,mol155,-13.11,Cc1cccc2cc(C(=O)Nc3ccc(S(=O)(=O)Nc4ccc(C(=O)O)cc4)cc3)c(Nc3ccccc3)nc12,Cc1cccc2cc(C(=O)Nc3ccc(S(=O)(=O)Nc4ccc(C(=O)O)cc4)cc3)c(Nc3ccccc3)nc12,6.756288,-5.9505982
940,mol457,-13.11,C[C@@H](c1ccc(Oc2ccccc2)cc1)n1cc(-c2ccc(Oc3ncc(F)c(NC(=O)[C@H]4CC[N@H+](C)CC4)n3)cc2)cn1,C[C@@H](c1ccc(Oc2ccccc2)cc1)n1cc(-c2ccc(Oc3ncc(F)c(NC(=O)[C@H]4CC[N@H+](C)CC4)n3)cc2)cn1,6.555585,-6.4894304
360,mol397,-13.11,Cc1cc(Nc2cc(N)nc(Nc3ccc4c(c3)CC(=O)N4)n2)cc(C(=O)Nc2ccc(C(=O)O)c(C(=O)O)c2)c1,Cc1cc(Nc2cc(N)nc(Nc3ccc4c(c3)CC(=O)N4)n2)cc(C(=O)Nc2ccc(C(=O)O)c(C(=O)O)c2)c1,6.5759397,-4.934902
360,mol406,-13.11,Cc1ccc(NC(=O)c2ccc(NC(=O)c3cc(-c4ccc(F)cc4F)ccc3O)cc2)cc1,Cc1ccc(NC(=O)c2ccc(NC(=O)c3cc(-c4ccc(F)cc4F)ccc3O)cc2)cc1,5.7048807,-7.103617
270,mol372,-13.11,Cc1ccc(Cn2cnc3ccc(-c4ccc(C(=O)O)cc4)cc3c2=O)cc1,Cc1ccc(Cn2cnc3ccc(-c4ccc(C(=O)O)cc4)cc3c2=O)cc1,6.3698435,-5.117125
470,mol5,-13.11,Cc1ccc(NC(=O)c2ccc(C(=O)NCc3cccc(C(=O)O)c3)cc2)cc1Nc1nccc(-c2cccnc2)n1,Cc1ccc(NC(=O)c2ccc(C(=O)NCc3cccc(C(=O)O)c3)cc2)cc1Nc1nccc(-c2cccnc2)n1,6.781673,-5.8052225
940,mol91,-13.11,Cc1ccc(-n2nc(C(C)(C)C)cc2NC(=O)Nc2cccc(-c3ccnc(Nc4ccc(C(=O)O)cc4)c3)c2)cc1,Cc1ccc(-n2nc(C(C)(C)C)cc2NC(=O)Nc2cccc(-c3ccnc(Nc4ccc(C(=O)O)cc4)c3)c2)cc1,6.499687,-6.6318707
190,mol442,-13.11,Cc1ccc(C(=O)Nc2ccc3nc(N)ccc3c2)cc1Nc1ccnc(Nc2ccc(N3CCOCC3)cc2)n1,Cc1ccc(C(=O)Nc2ccc3nc(N)ccc3c2)cc1Nc1ccnc(Nc2ccc(N3CCOCC3)cc2)n1,6.897474,-5.89114
830,mol395,-13.11,CC(=O)Nc1ccc(NC(=O)c2cccc(NC(=O)c3ccc4ccccc4c3)c2)cc1,CC(=O)Nc1ccc(NC(=O)c2cccc(NC(=O)c3ccc4ccccc4c3)c2)cc1,6.2159786,-6.6765676
430,mol206,-13.11,CC(=O)Nc1ccc(-c2ccc(Nc3ncc(F)c(Nc4cccc(C(=O)O)c4)n3)cc2)cc1,CC(=O)Nc1ccc(-c2ccc(Nc3ncc(F)c(Nc4cccc(C(=O)O)c4)n3)cc2)cc1,6.141173,-6.107719
790,mol360,-13.11,CN(COc1ccc(C(=O)c2ccc(O)cc2)cc1)C(=O)Nc1cccc2ccccc12,CN(COc1ccc(C(=O)c2ccc(O)cc2)cc1)C(=O)Nc1cccc2ccccc12,6.0093365,-6.1558743
780,mol349,-13.1,Cn1c(-c2ccc(NC(=O)Nc3ccccc3)cc2)cc2nc(-c3ccccc3)ccc21,Cn1c(-c2ccc(NC(=O)Nc3ccccc3)cc2)cc2nc(-c3ccccc3)ccc21,6.0297832,-6.6057343
610,mol208,-13.1,Cc1nc(COc2ccc3cc(-c4ccc(C(=O)O)cc4)ccc3c2)cc(=O)[nH]1,Cc1nc(COc2ccc3cc(-c4ccc(C(=O)O)cc4)ccc3c2)cc(=O)[nH]1,6.6738353,-5.4735975
800,mol50,-13.1,Cc1c(N)cccc1-c1ccc(C(=O)Nc2ccc(C(=O)O)cc2C(=O)O)cc1,Cc1c(N)cccc1-c1ccc(C(=O)Nc2ccc(C(=O)O)cc2C(=O)O)cc1,6.692809,-5.280204
320,mol405,-13.1,Cc1cc(-c2ccc(NC(=O)c3ccc(-c4cccc(C(=O)O)c4)s3)cc2)ccc1O,Cc1cc(-c2ccc(NC(=O)c3ccc(-c4cccc(C(=O)O)c4)s3)cc2)ccc1O,6.229452,-6.173995
630,mol151,-13.1,Cc1ccc(Oc2ccc(NC(=O)c3ccc4ccccc4n3)cc2)cc1NC(=O)c1ccc(C(N)=O)cc1,Cc1ccc(Oc2ccc(NC(=O)c3ccc4ccccc4n3)cc2)cc1NC(=O)c1ccc(C(N)=O)cc1,6.2278266,-6.5654244
830,mol345,-13.1,Cc1cccc(C(=O)Nc2ccc(C(=O)Nc3cccc(S(N)(=O)=O)c3)c3ccccc23)c1,Cc1cccc(C(=O)Nc2ccc(C(=O)Nc3cccc(S(N)(=O)=O)c3)c3ccccc23)c1,6.339288,-5.915464
40,mol327,-13.1,C[N@@H+](c1cccc(C(F)(F)F)c1)[C@H]1CC[N@H+](Cc2ccc3nc(-c4ccccc4N)sc3c2)CC1,C[N@@H+](c1cccc(C(F)(F)F)c1)[C@H]1CC[N@H+](Cc2ccc3nc(-c4ccccc4N)sc3c2)CC1,6.952174,-3.5106542
560,mol478,-13.1,Cc1cccc(-c2nnc(NCc3ccccc3)n2Cc2ccc(NC(=O)Nc3cccc4ccccc34)cc2)c1,Cc1cccc(-c2nnc(NCc3ccccc3)n2Cc2ccc(NC(=O)Nc3cccc4ccccc34)cc2)c1,5.5663,-6.843306
450,mol394,-13.1,Cc1ccc(NC(=O)c2cccc(C(F)(F)F)c2)cc1-c1ccc2nc(Nc3ccc(N4CCOCC4)cc3)ncc2c1,Cc1ccc(NC(=O)c2cccc(C(F)(F)F)c2)cc1-c1ccc2nc(Nc3ccc(N4CCOCC4)cc3)ncc2c1,6.19591,-6.5142736
360,mol362,-13.1,Cc1ccc(C(=O)Nc2ccc(C(=O)Nc3ccc(Oc4ccnc5ccccc45)c(NC(=O)Cc4ccccc4)c3)cc2)cc1,Cc1ccc(C(=O)Nc2ccc(C(=O)Nc3ccc(Oc4ccnc5ccccc45)c(NC(=O)Cc4ccccc4)c3)cc2)cc1,6.263893,-7.4435325
90,mol303,-13.1,COc1cc(C#N)ccc1Sc1ccc(-c2ccc(OCc3ccc(C(=O)Nc4ccncc4)cc3)o2)cc1C(=O)Nc1cc(C(=O)O)ccc1F,COc1cc(C#N)ccc1Sc1ccc(-c2ccc(OCc3ccc(C(=O)Nc4ccncc4)cc3)o2)cc1C(=O)Nc1cc(C(=O)O)ccc1F,6.5526943,-7.0832725
270,mol33,-13.1,Nc1cc(NC(=O)Nc2ccc(Nc3ccc4nccc(Nc5ccccc5)c4c3)cc2)cc(C(F)(F)F)c1,Nc1cc(NC(=O)Nc2ccc(Nc3ccc4nccc(Nc5ccccc5)c4c3)cc2)cc(C(F)(F)F)c1,6.006932,-6.400161
820,mol11,-13.1,Cc1cc(C)cc(C(=O)NCc2ccc(-c3cnc(N)c(C(=O)Nc4cccc(NC(N)=O)c4)c3)cc2)c1,Cc1cc(C)cc(C(=O)NCc2ccc(-c3cnc(N)c(C(=O)Nc4cccc(NC(N)=O)c4)c3)cc2)c1,6.5049467,-6.249402
290,mol422,-13.1,C/C(=N\OC[C@H]1CCCCN1)c1ccc(NC(=O)Nc2cc(C)cc(C(=O)Nc3cccc(S(N)(=O)=O)c3)c2)cc1,C/C(=N\OC[C@H]1CCCCN1)c1ccc(NC(=O)Nc2cc(C)cc(C(=O)Nc3cccc(S(N)(=O)=O)c3)c2)cc1,7.085867,-5.4011273
580,mol430,-13.1,Cc1ccc(C(=O)NC2CC2)cc1-c1ccc2c(Nc3cccc(C(=O)NCC4(C(=O)Nc5ccccc5CNC(=O)OC(C)(C)C)CCC4)c3)n[nH]c2c1,Cc1ccc(C(=O)NC2CC2)cc1-c1ccc2c(Nc3cccc(C(=O)NCC4(C(=O)Nc5ccccc5CNC(=O)OC(C)(C)C)CCC4)c3)n[nH]c2c1,6.9826574,-6.9227667
430,mol75,-13.1,Cc1ccc(Nc2ccc(C#N)c(C(=O)Nc3cccc(C(=O)O)c3)c2)cc1N1Cc2ccccc2C1=O,Cc1ccc(Nc2ccc(C#N)c(C(=O)Nc3cccc(C(=O)O)c3)c2)cc1N1Cc2ccccc2C1=O,6.247938,-6.3405557
560,mol403,-13.1,Cc1ccc(C(=O)Nc2ccc(Nc3ncnc4ccccc34)cc2)cc1Nc1ccnc(Nc2cc(NCCNCc3ccccc3)ncn2)n1,Cc1ccc(C(=O)Nc2ccc(Nc3ncnc4ccccc34)cc2)cc1Nc1ccnc(Nc2cc(NCCNCc3ccccc3)ncn2)n1,6.586872,-5.930804
660,mol219,-13.1,CC(=O)NCCc1cccc(CC(=O)Nc2cccc(-c3cnc4ccccc4c3)c2)c1,CC(=O)NCCc1cccc(CC(=O)Nc2cccc(-c3cnc4ccccc4c3)c2)c1,5.8598986,-5.534177
490,mol262,-13.1,CNC(=O)n1ccc2cc(Oc3cccc(NC(=O)Nc4ccc(F)c(F)c4)c3)c(N)cc21,CNC(=O)n1ccc2cc(Oc3cccc(NC(=O)Nc4ccc(F)c(F)c4)c3)c(N)cc21,6.4421167,-6.690734
180,mol61,-13.1,Cc1ccc(-c2ccc(-c3ccc(Nc4ccc(C(=O)Nc5ccc(C(=O)O)cc5)cc4)o3)cc2)o1,Cc1ccc(-c2ccc(-c3ccc(Nc4ccc(C(=O)Nc5ccc(C(=O)O)cc5)cc4)o3)cc2)o1,6.0405445,-6.154944
760,mol399,-13.09,Cc1ccc(-c2nc3ccccc3c(=O)n2Oc2ccc(NC(=O)NCc3ccc4ccccc4n3)cc2)cc1,Cc1ccc(-c2nc3ccccc3c(=O)n2Oc2ccc(NC(=O)NCc3ccc4ccccc4n3)cc2)cc1,6.0592446,-6.521111
540,mol103,-13.09,Cc1ccc(C(=O)Nc2cccc(-c3ccccc3C(=O)O)c2)cc1Nc1nccc(-c2cccnc2)n1,Cc1ccc(C(=O)Nc2cccc(-c3ccccc3C(=O)O)c2)cc1Nc1nccc(-c2cccnc2)n1,6.7186446,-6.0379896
80,mol309,-13.09,CN(C)C(=O)c1ccc(Nc2cncc(-c3cccc(Nc4ncnc5ccccc45)c3)n2)c(F)c1,CN(C)C(=O)c1ccc(Nc2cncc(-c3cccc(Nc4ncnc5ccccc45)c3)n2)c(F)c1,6.4049625,-6.3362894
530,mol326,-13.09,Cc1ccc(C(=O)Nc2ccc(C(N)N)cc2)cc1Nc1ncnc2oc(-c3ccccc3)cc12,Cc1ccc(C(=O)Nc2ccc(C(N)N)cc2)cc1Nc1ncnc2oc(-c3ccccc3)cc12,6.2519164,-6.6362305
360,mol110,-13.09,Cc1cnc(Nc2ccc(NC(=O)Nc3ccc(C(N)N)cc3)cc2)cc1Oc1ccc(NC(=O)c2ccccn2)cc1,Cc1cnc(Nc2ccc(NC(=O)Nc3ccc(C(N)N)cc3)cc2)cc1Oc1ccc(NC(=O)c2ccccn2)cc1,6.8485026,-6.6936917
370,mol86,-13.09,Cc1cc(NC(=O)c2ccc(C(C)(C)C)cc2)ccc1Nc1nccc(-c2cnc3ccccc3n2)n1,Cc1cc(NC(=O)c2ccc(C(C)(C)C)cc2)ccc1Nc1nccc(-c2cnc3ccccc3n2)n1,6.7168202,-6.581076
740,mol341,-13.09,Cc1ccc(C(=O)Nc2ccc(C[N@H+]3CC[N@@H+](C)CC3)c(C(F)(F)F)c2)cc1C#Cc1cnc(C(=O)c2cccc(C(=O)Nc3ccccc3)c2)cn1,Cc1ccc(C(=O)Nc2ccc(C[N@H+]3CC[N@@H+](C)CC3)c(C(F)(F)F)c2)cc1C#Cc1cnc(C(=O)c2cccc(C(=O)Nc3ccccc3)c2)cn1,6.419354,-4.726113
810,mol83,-13.09,CC(=O)Nc1cccc(-c2c[nH]c(=O)c(C(=O)c3ccc4ccccc4c3)c2)c1,CC(=O)Nc1cccc(-c2c[nH]c(=O)c(C(=O)c3ccc4ccccc4c3)c2)c1,6.2041287,-6.3050857
260,mol485,-13.09,Cc1ccc(C(=O)Nc2ccc(Oc3ccc(NC(=O)[C@H]4CCCN4C(=O)c4ccccc4)cc3)cc2)cc1,Cc1ccc(C(=O)Nc2ccc(Oc3ccc(NC(=O)[C@H]4CCCN4C(=O)c4ccccc4)cc3)cc2)cc1,6.289627,-6.465322
690,mol67,-13.09,Cc1ccccc1NC(=O)c1ccccc1NC(=O)c1ccc(NC(=O)c2ccc(O)c3ncccc23)cc1,Cc1ccccc1NC(=O)c1ccccc1NC(=O)c1ccc(NC(=O)c2ccc(O)c3ncccc23)cc1,6.223548,-6.6944847
240,mol430,-13.09,Cc1cccc(Nc2nccc(-c3ccc4nc(Nc5ccccc5[C@H](C)O)ccc4c3)n2)c1,Cc1cccc(Nc2nccc(-c3ccc4nc(Nc5ccccc5[C@H](C)O)ccc4c3)n2)c1,6.1957364,-6.87184
370,mol312,-13.09,Cc1ccc(Oc2cc(NC(=O)c3ccc(C)c(Nc4ncnc5ccccc45)c3)cc(N3CCCCC3)c2)cc1,Cc1ccc(Oc2cc(NC(=O)c3ccc(C)c(Nc4ncnc5ccccc45)c3)cc(N3CCCCC3)c2)cc1,6.1082172,-7.089937
180,mol367,-13.09,Cc1ccc(F)cc1NC(=O)c1cc(NC(=O)c2cc(-c3ncccc3Cl)ccc2F)ccc1Cl,Cc1ccc(F)cc1NC(=O)c1cc(NC(=O)c2cc(-c3ncccc3Cl)ccc2F)ccc1Cl,6.3614545,-7.0517626
210,mol351,-13.09,CC(=O)Nc1ccc(C(=O)Nc2ccc(Oc3ccc(C(=O)O)cc3)cc2C(=O)O)c(O)c1,CC(=O)Nc1ccc(C(=O)Nc2ccc(Oc3ccc(C(=O)O)cc3)cc2C(=O)O)c(O)c1,6.5461707,-5.707284
970,mol494,-13.09,COc1cccc(-c2ccc(NC(=O)c3ccc4cc(C[NH+]5CCOCC5)ccc4n3)cc2)c1,COc1cccc(-c2ccc(NC(=O)c3ccc4cc(C[NH+]5CCOCC5)ccc4n3)cc2)c1,6.0852094,-4.2304225
180,mol298,-13.09,Cc1cc(NC(=O)Nc2cccc(Nc3ncnc4ccc(Nc5ccccc5)cc34)c2)ccn1,Cc1cc(NC(=O)Nc2cccc(Nc3ncnc4ccc(Nc5ccccc5)cc34)c2)ccn1,6.1866674,-6.399766
460,mol190,-13.09,Cc1c(NCc2ccc(-c3cccc(C(=O)O)c3)cc2)ccc(C(=O)Nc2cc(C(F)(F)F)c(CC[NH+]3CCOCC3)cn2)c1F,Cc1c(NCc2ccc(-c3cccc(C(=O)O)c3)cc2)ccc(C(=O)Nc2cc(C(F)(F)F)c(CC[NH+]3CCOCC3)cn2)c1F,6.9977517,-5.394598
480,mol329,-13.09,Cc1nc(Nc2ncc(-c3cccc(C(=O)Nc4ccccc4S(N)(=O)=O)c3)s2)cc(N2CC[NH+](C)CC2)n1,Cc1nc(Nc2ncc(-c3cccc(C(=O)Nc4ccccc4S(N)(=O)=O)c3)s2)cc(N2CC[NH+](C)CC2)n1,7.4161825,-3.6105664
850,mol153,-13.09,Cc1ccc(C(=O)Nc2ccc(C(=O)O)cc2)cc1-c1ccc(C(=O)c2cccc(Cl)c2)cc1,Cc1ccc(C(=O)Nc2ccc(C(=O)O)cc2)cc1-c1ccc(C(=O)c2cccc(Cl)c2)cc1,6.412316,-6.1696687
900,mol103,-13.09,Cc1cccc(-c2cc(Nc3cccc(C(=O)Nc4cccc(C(=O)O)c4)c3)ncn2)c1,Cc1cccc(-c2cc(Nc3cccc(C(=O)Nc4cccc(C(=O)O)c4)c3)ncn2)c1,6.4991617,-5.668043
430,mol274,-13.09,Cc1ccc(-c2ccc(C(=O)Nc3cccc(Nc4ncnc5ccccc45)c3)cc2)cc1,Cc1ccc(-c2ccc(C(=O)Nc3cccc(Nc4ncnc5ccccc45)c3)cc2)cc1,5.843945,-7.058904
440,mol230,-13.09,COc1ccc(Cn2cc(-c3ccc(C(=O)NS(=O)(=O)Cc4cc(Cl)cc(Cl)c4)cc3)c3cc(Cl)ccc32)cc1B(O)O,COc1ccc(Cn2cc(-c3ccc(C(=O)NS(=O)(=O)Cc4cc(Cl)cc(Cl)c4)cc3)c3cc(Cl)ccc32)cc1B(O)O,6.51836,-6.3280916
170,mol255,-13.09,CN(c1ccc(NC(=O)Nc2ccc(Cl)c(C(F)(F)F)c2)cc1)c1ccnc(Nc2cccc(C(F)(F)F)c2)n1,CN(c1ccc(NC(=O)Nc2ccc(Cl)c(C(F)(F)F)c2)cc1)c1ccnc(Nc2cccc(C(F)(F)F)c2)n1,6.6455035,-6.7792935
170,mol478,-13.09,Nc1cc(C(=O)Nc2cccc(Nc3nccc(-c4ccc(C(=O)O)cc4)n3)c2)ccn1,Nc1cc(C(=O)Nc2cccc(Nc3nccc(-c4ccc(C(=O)O)cc4)n3)c2)ccn1,6.5268326,-5.47538
950,mol302,-13.09,CN(Cc1ccc(C(=O)O)cc1)Cc1cccc(/C=C2\C(=O)Nc3ccc(S(N)(=O)=O)cc3C2=O)c1,CN(Cc1ccc(C(=O)O)cc1)Cc1cccc(/C=C2\C(=O)Nc3ccc(S(N)(=O)=O)cc3C2=O)c1,6.7983794,-5.4792156
450,mol245,-13.09,Cc1ccc(-c2nc3ccccc3n2CC(=O)Nc2ccc(Nc3ccnc4cc(Cl)ccc34)cc2)cc1,Cc1ccc(-c2nc3ccccc3n2CC(=O)Nc2ccc(Nc3ccnc4cc(Cl)ccc34)cc2)cc1,5.942054,-6.2558284
280,mol12,-13.08,Cc1ccc(-c2ccc(C(=O)Nc3ccc(C(=O)Nc4ccc(C(=O)O)cc4)cc3)cc2)cc1,Cc1ccc(-c2ccc(C(=O)Nc3ccc(C(=O)Nc4ccc(C(=O)O)cc4)cc3)cc2)cc1,6.384763,-6.06646
320,mol113,-13.08,Cc1ccc(-c2ccc(NC(=O)c3cc4ccccc4oc3=O)cc2)cc1,Cc1ccc(-c2ccc(NC(=O)c3cc4ccccc4oc3=O)cc2)cc1,6.1207733,-6.8255143
270,mol476,-13.08,Cc1[nH]c2ccccc2c1CCNC(=O)c1ccc(Nc2ncc3ccc(-c4ccccc4)nc3n2)cc1,Cc1[nH]c2ccccc2c1CCNC(=O)c1ccc(Nc2ncc3ccc(-c4ccccc4)nc3n2)cc1,6.0710387,-6.394974
350,mol465,-13.08,CC(=O)Nc1ccc(Nc2nccc(Nc3ccc4c(c3)CCc3nn(Cc5ccccc5)cc3C(=O)N4)n2)cc1,CC(=O)Nc1ccc(Nc2nccc(Nc3ccc4c(c3)CCc3nn(Cc5ccccc5)cc3C(=O)N4)n2)cc1,6.669437,-6.2841043
400,mol154,-13.08,Cc1ccc(NC(=O)c2ccc(C(=O)Nc3ccc(C)c(Nc4nnc(NC(=O)c5cccc(C)c5)s4)c3)cc2)cc1,Cc1ccc(NC(=O)c2ccc(C(=O)Nc3ccc(C)c(Nc4nnc(NC(=O)c5cccc(C)c5)s4)c3)cc2)cc1,6.326306,-7.1354637
320,mol239,-13.08,Cc1c(CC(=O)O)cccc1-c1ccc(NC(=O)c2cccc(C(=O)NCc3cccc(Cl)c3)c2)cc1,Cc1c(CC(=O)O)cccc1-c1ccc(NC(=O)c2cccc(C(=O)NCc3cccc(Cl)c3)c2)cc1,6.0824647,-5.9666595
710,mol451,-13.08,Cc1ccc(C(=O)Nc2ccc(NC(=O)c3ccc4ccccc4c3)cc2C(=O)O)cc1,Cc1ccc(C(=O)Nc2ccc(NC(=O)c3ccc4ccccc4c3)cc2C(=O)O)cc1,6.203571,-6.203501
170,mol110,-13.08,Nc1cc(Nc2ccc(C(=O)O)c(C(=O)O)c2)ccc1NC(=O)c1ccc(Nc2nccc(Nc3ccccc3)n2)cc1,Nc1cc(Nc2ccc(C(=O)O)c(C(=O)O)c2)ccc1NC(=O)c1ccc(Nc2nccc(Nc3ccccc3)n2)cc1,6.5725007,-5.4471545
210,mol415,-13.08,Cc1cc(NC(=O)Nc2ccc(-c3ccc(NC(=O)c4cccc(CO)c4)s3)cc2C(F)(F)F)on1,Cc1cc(NC(=O)Nc2ccc(-c3ccc(NC(=O)c4cccc(CO)c4)s3)cc2C(F)(F)F)on1,6.479607,-7.1032243
660,mol395,-13.08,CN(C(=O)c1ccc(OCc2ccccn2)cc1)c1cccc(-c2cc(NC(=O)c3ccc(C#N)c4ccccc34)ccn2)c1,CN(C(=O)c1ccc(OCc2ccccn2)cc1)c1cccc(-c2cc(NC(=O)c3ccc(C#N)c4ccccc34)ccn2)c1,6.545383,-7.0462394
470,mol221,-13.08,Oc1cccc(-c2ccc(Nc3nccc(Nc4cccc(N5CCOCC5)c4)n3)cc2Cl)c1,Oc1cccc(-c2ccc(Nc3nccc(Nc4cccc(N5CCOCC5)c4)n3)cc2Cl)c1,5.745239,-5.9224124
180,mol23,-13.08,CN(C)c1cc(Nc2cc(-c3cccc(C(=O)Nc4cccc(C(=O)O)c4)c3)ncc2F)ccc1C(=O)O,CN(C)c1cc(Nc2cc(-c3cccc(C(=O)Nc4cccc(C(=O)O)c4)c3)ncc2F)ccc1C(=O)O,6.435754,-5.5984015
60,mol185,-13.08,Cc1c(-c2ncc(Cc3ccccc3)s2)ccc(-c2cccc(C(=O)O)c2)c1O,Cc1c(-c2ncc(Cc3ccccc3)s2)ccc(-c2cccc(C(=O)O)c2)c1O,6.4955907,-5.7146897
230,mol294,-13.08,Cc1ccc(NC(=O)c2cccc(C(F)(F)F)c2)cc1Nc1ncnn2cc(C(=O)Nc3ccc(N(C)C(=O)Nc4cccc(C(F)(F)F)c4)cc3)cc12,Cc1ccc(NC(=O)c2cccc(C(F)(F)F)c2)cc1Nc1ncnn2cc(C(=O)Nc3ccc(N(C)C(=O)Nc4cccc(C(F)(F)F)c4)cc3)cc12,7.0773664,-6.685945
860,mol61,-13.08,Cc1cccc(-c2ncc(-c3cccc(C(=O)Nc4cccc(C(F)(F)F)c4)c3)[nH]2)c1,Cc1cccc(-c2ncc(-c3cccc(C(=O)Nc4cccc(C(F)(F)F)c4)c3)[nH]2)c1,6.471687,-6.881273
580,mol323,-13.08,Cc1ccc(C(=O)Nc2ccc(Oc3ccnc4[nH]ccc34)cc2)cc1NC(=O)c1cnccn1,Cc1ccc(C(=O)Nc2ccc(Oc3ccnc4[nH]ccc34)cc2)cc1NC(=O)c1cnccn1,6.8981705,-6.567991
770,mol343,-13.08,CNC(=O)Nc1ccc(Cl)c(-c2ccc3nc(-c4ccc5ncccc5c4)ccc3n2)c1,CNC(=O)Nc1ccc(Cl)c(-c2ccc3nc(-c4ccc5ncccc5c4)ccc3n2)c1,6.234185,-6.5356054
240,mol416,-13.07,Nc1ccc(-c2ccc(C(=O)Nc3ccc4nc(Nc5ccccc5)oc4c3)cc2)cc1,Nc1ccc(-c2ccc(C(=O)Nc3ccc4nc(Nc5ccccc5)oc4c3)cc2)cc1,5.9361672,-7.008202
230,mol411,-13.07,Cc1cc(-c2cccc(-c3cccc(NC(=O)Nc4cccc(C(F)(F)F)c4)c3)c2)[nH]n1,Cc1cc(-c2cccc(-c3cccc(NC(=O)Nc4cccc(C(F)(F)F)c4)c3)c2)[nH]n1,6.18031,-7.1631293
400,mol380,-13.07,Cc1cccc(Nc2nccc(-c3ccnc(Nc4cccc(C(F)(F)F)c4)c3)n2)c1,Cc1cccc(Nc2nccc(-c3ccnc(Nc4cccc(C(F)(F)F)c4)c3)n2)c1,6.506342,-6.6381674
820,mol279,-13.07,COc1ccccc1Nc1ccc(NC(=O)c2ccc(C(=O)Nc3cccc(Oc4ncnc5ccccc45)c3)cc2)cn1,COc1ccccc1Nc1ccc(NC(=O)c2ccc(C(=O)Nc3cccc(Oc4ncnc5ccccc45)c3)cc2)cn1,6.536406,-7.4269023
400,mol276,-13.07,Cc1ccc(C(=O)Nc2ccc(S(O)(O)O)c3ccccc23)cc1NS(=O)(=O)c1ccc(Oc2ccccc2)cc1,Cc1ccc(C(=O)Nc2ccc(S(O)(O)O)c3ccccc23)cc1NS(=O)(=O)c1ccc(Oc2ccccc2)cc1,6.4764585,-6.3849134
230,mol347,-13.07,Cc1cc(NC(=O)c2ccc(C(F)(F)F)o2)ccc1-n1cc(-c2cnc(Nc3ccc(N4CC[NH+](C)CC4)cn3)s2)cn1,Cc1cc(NC(=O)c2ccc(C(F)(F)F)o2)ccc1-n1cc(-c2cnc(Nc3ccc(N4CC[NH+](C)CC4)cn3)s2)cn1,6.748152,-5.130899
430,mol313,-13.07,Nc1ncc(-c2cnn(C3CCN(c4cccc(C(=O)Nc5ncccn5)c4)CC3)c2)cc1OC(F)F,Nc1ncc(-c2cnn(C3CCN(c4cccc(C(=O)Nc5ncccn5)c4)CC3)c2)cc1OC(F)F,6.503367,-5.0171146
500,mol484,-13.07,Cc1cc(-c2ccccc2)ccc1Nc1ccnc(Nc2ccc(NC(=O)Nc3ccccc3)cc2)n1,Cc1cc(-c2ccccc2)ccc1Nc1ccnc(Nc2ccc(NC(=O)Nc3ccccc3)cc2)n1,6.24263,-6.655874
630,mol415,-13.07,Cc1ccc2c(Nc3ccc(NC(=O)c4cccc(C(=O)O)c4)cc3C)cc(=O)[nH]c2c1,Cc1ccc2c(Nc3ccc(NC(=O)c4cccc(C(=O)O)c4)cc3C)cc(=O)[nH]c2c1,6.4629946,-6.25593
960,mol318,-13.07,Cc1ccc(-c2ncc(-c3cccc(C(=O)Nc4cccc(O)c4)c3)[nH]2)cc1,Cc1ccc(-c2ncc(-c3cccc(C(=O)Nc4cccc(O)c4)c3)[nH]2)cc1,5.833793,-6.3605475
60,mol294,-13.07,c1ccc(Nc2cc3c(-c4cccc(NCc5cccc6ccccc56)c4)cccc3[nH]2)nc1,c1ccc(Nc2cc3c(-c4cccc(NCc5cccc6ccccc56)c4)cccc3[nH]2)nc1,5.8264294,-6.636651
140,mol23,-13.07,CN(c1ccc(-c2ccccc2)cc1)c1ncc(-c2ccc(C(=O)Nc3cccc(C(=O)O)c3)cc2)cn1,CN(c1ccc(-c2ccccc2)cc1)c1ncc(-c2ccc(C(=O)Nc3cccc(C(=O)O)c3)cc2)cn1,6.336052,-6.059995
650,mol25,-13.07,CCC(=O)Nc1cccc(-c2ccc(NC(=O)c3ccc4ccccc4n3)cc2)c1,CCC(=O)Nc1cccc(-c2ccc(NC(=O)c3ccc4ccccc4n3)cc2)c1,6.049644,-6.239445
300,mol191,-13.07,Cc1cc(-c2cccc(C(=O)O)c2)ccc1Nc1ccnc2cc(NCC[NH+]3CCOCC3)ccc12,Cc1cc(-c2cccc(C(=O)O)c2)ccc1Nc1ccnc2cc(NCC[NH+]3CCOCC3)ccc12,6.4409485,-3.6201773
890,mol385,-13.07,Cc1ccc(-c2ccc(C(=O)c3cccc4ccccc34)cc2)cc1,Cc1ccc(-c2ccc(C(=O)c3cccc4ccccc34)cc2)cc1,5.8812547,-7.0523562
950,mol262,-13.07,CNC(=O)c1ccc(Oc2cccc(-c3ccc(-c4ccc(C(=O)O)cn4)cc3C)c2)cc1,CNC(=O)c1ccc(Oc2cccc(-c3ccc(-c4ccc(C(=O)O)cn4)cc3C)c2)cc1,6.8038225,-6.3454533
540,mol76,-13.07,CC(=O)Nc1ccc(Nc2nccc(-c3ccc4ccccc4c3)n2)cc1,CC(=O)Nc1ccc(Nc2nccc(-c3ccc4ccccc4c3)n2)cc1,6.4949255,-6.0693684
690,mol199,-13.07,Cc1cccc(C(=O)NCc2ccc(C(=O)NC(=O)c3cccc4ccccc34)cc2)c1,Cc1cccc(C(=O)NCc2ccc(C(=O)NC(=O)c3cccc4ccccc34)cc2)c1,5.9105177,-6.320486
890,mol168,-13.07,Cc1ccc(-c2ncc(C(=O)Nc3ccc4ccncc4c3)c3ccccc23)cc1,Cc1ccc(-c2ncc(C(=O)Nc3ccc4ccncc4c3)c3ccccc23)cc1,5.7297993,-6.3645735
980,mol219,-13.07,Cc1ccc(C(=O)Nc2ccc(-c3c[nH]c4ncc(-c5ccccc5)cc34)cc2)cc1,Cc1ccc(C(=O)Nc2ccc(-c3c[nH]c4ncc(-c5ccccc5)cc34)cc2)cc1,5.7799354,-6.6048174
310,mol244,-13.07,Cc1cc(NC(=O)c2ccn(-c3ccc(C(=O)O)c(F)c3)n2)cc2cc(N3CCC([NH3+])CC3)ccc12,Cc1cc(NC(=O)c2ccn(-c3ccc(C(=O)O)c(F)c3)n2)cc2cc(N3CCC([NH3+])CC3)ccc12,6.846325,-4.3628993
640,mol133,-13.07,Cc1ccc(C(=O)Nc2cccc(-c3nncn3[C@H](C)c3cccc(C(F)(F)F)n3)c2)cc1,Cc1ccc(C(=O)Nc2cccc(-c3nncn3[C@H](C)c3cccc(C(F)(F)F)n3)c2)cc1,6.036344,-6.52945
110,mol139,-13.07,CN1CCN(c2cc3cccnc3cc2CNC(=O)c2ccc(Nc3ncc4cc(Cl)c(-c5ccccc5)nc4n3)cc2)CC1,CN1CCN(c2cc3cccnc3cc2CNC(=O)c2ccc(Nc3ncc4cc(Cl)c(-c5ccccc5)nc4n3)cc2)CC1,6.6171765,-6.1371145
180,mol22,-13.06,Cc1c(C(=O)NCc2cccc(C(=O)Nc3ccc(N4CCCNC4=O)cc3)c2)[nH]c2ccc(Cl)cc12,Cc1c(C(=O)NCc2cccc(C(=O)Nc3ccc(N4CCCNC4=O)cc3)c2)[nH]c2ccc(Cl)cc12,6.692595,-6.2326193
270,mol246,-13.06,CC#Cc1cncc(-c2ccc(C(=O)Nc3ccc(Nc4ccnc(Nc5ccccc5)n4)cc3)cc2C(F)(F)F)c1,CC#Cc1cncc(-c2ccc(C(=O)Nc3ccc(Nc4ccnc(Nc5ccccc5)n4)cc3)cc2C(F)(F)F)c1,6.1211267,-6.8866253
760,mol40,-13.06,Cc1cc(C)cc(Nc2nccc(-c3ccnc(Nc4cccc(C(=O)O)c4)c3)n2)c1,Cc1cc(C)cc(Nc2nccc(-c3ccnc(Nc4cccc(C(=O)O)c4)c3)n2)c1,6.7310414,-5.654524
260,mol359,-13.06,Cc1cnc(Nc2ccc(CNc3ncc(F)c(Nc4ccccc4)n3)cc2)cc1-c1cccc2nc(N)[nH]c12,Cc1cnc(Nc2ccc(CNc3ncc(F)c(Nc4ccccc4)n3)cc2)cc1-c1cccc2nc(N)[nH]c12,5.9441614,-6.8683777
270,mol113,-13.06,Cc1c(Nc2ccc(C(N)N)cc2F)ccc2nc(Nc3ccc(C(=O)N[C@@H](CCC(=O)O)C(=O)O)cc3)ccc12,Cc1c(Nc2ccc(C(N)N)cc2F)ccc2nc(Nc3ccc(C(=O)N[C@@H](CCC(=O)O)C(=O)O)cc3)ccc12,7.1308804,-4.7287116
300,mol221,-13.06,Nc1cc(-c2cccc(NCc3ccccc3)c2)ccc1NC(=O)c1ccc(CNC(=O)c2ccc(C(=O)O)cn2)cc1,Nc1cc(-c2cccc(NCc3ccccc3)c2)ccc1NC(=O)c1ccc(CNC(=O)c2ccc(C(=O)O)cn2)cc1,6.8429713,-5.617317
10,mol200,-13.06,COc1ccc(Nc2cc(Nc3ccc4c(c3)CN(c3ccc(-c5ccccc5)cc3)CC4)ncn2)cc1,COc1ccc(Nc2cc(Nc3ccc4c(c3)CN(c3ccc(-c5ccccc5)cc3)CC4)ncn2)cc1,5.3591404,-6.6213126
850,mol394,-13.06,NC(N)c1cccc(-c2cccc(CNC(=O)c3ccc4ccccc4n3)c2)c1,NC(N)c1cccc(-c2cccc(CNC(=O)c3ccc4ccccc4n3)c2)c1,6.2103915,-4.3373847
690,mol160,-13.06,Cc1ccc(NC(=O)c2ccc(Nc3ccnc4ccccc34)cc2)cc1NC(=O)c1ccc(N2CCCC2=O)cc1,Cc1ccc(NC(=O)c2ccc(Nc3ccnc4ccccc34)cc2)cc1NC(=O)c1ccc(N2CCCC2=O)cc1,6.381448,-6.3504996
180,mol41,-13.06,Nc1ccc2ncnc(NCc3ccc(CNc4ccc(C(=O)Nc5ccc(Cl)cc5N)cc4)cc3)c2c1,Nc1ccc2ncnc(NCc3ccc(CNc4ccc(C(=O)Nc5ccc(Cl)cc5N)cc4)cc3)c2c1,6.037554,-6.272117
380,mol19,-13.06,Cc1cc(NS(=O)(=O)c2ccc(OCc3cccc(C(=O)O)c3)cc2)ccc1-c1ccc2cc(NC(=O)Cc3ccc(Cl)c(Cl)c3)ccc2n1,Cc1cc(NS(=O)(=O)c2ccc(OCc3cccc(C(=O)O)c3)cc2)ccc1-c1ccc2cc(NC(=O)Cc3ccc(Cl)c(Cl)c3)ccc2n1,6.4929433,-6.2715364
50,mol491,-13.06,Cc1ccccc1-c1ccc(C(=O)Nc2ccc(Oc3ccncc3)cc2)cc1,Cc1ccccc1-c1ccc(C(=O)Nc2ccc(Oc3ccncc3)cc2)cc1,6.0221944,-6.9381113
270,mol125,-13.06,Cc1ccc(NC(=O)Nc2cccc(-c3cnc4ccccc4n3)c2)cc1,Cc1ccc(NC(=O)Nc2cccc(-c3cnc4ccccc4n3)c2)cc1,6.302161,-6.009548
200,mol192,-13.06,Cc1c(NC(=O)c2cc(C(=O)NCc3cccc(C(=O)Nc4cccc(F)c4)c3)ccc2F)cccc1C(N)=O,Cc1c(NC(=O)c2cc(C(=O)NCc3cccc(C(=O)Nc4cccc(F)c4)c3)ccc2F)cccc1C(N)=O,6.221439,-6.455235
930,mol409,-13.06,Cc1c(C(=O)Nc2ccc(Oc3ccncc3)cc2)oc2ccc(-c3ccc(S(=O)(=O)NC(=O)Cc4ccccc4)cc3)cc12,Cc1c(C(=O)Nc2ccc(Oc3ccncc3)cc2)oc2ccc(-c3ccc(S(=O)(=O)NC(=O)Cc4ccccc4)cc3)cc12,6.2076163,-7.3317547
230,mol173,-13.06,Cc1ccc(C(=O)Nc2cccc(C(F)(F)F)c2)cc1-c1ccc2cnc(Nc3ccc(N4CCOCC4)cc3)nc2c1,Cc1ccc(C(=O)Nc2cccc(C(F)(F)F)c2)cc1-c1ccc2cnc(Nc3ccc(N4CCOCC4)cc3)nc2c1,6.2777886,-6.5532355
710,mol329,-13.06,Cc1ccc(C(=O)Nc2cccc(C(N)=O)c2)cc1NC(=O)c1ccc(-c2ccc(C(=O)O)cc2)s1,Cc1ccc(C(=O)Nc2cccc(C(N)=O)c2)cc1NC(=O)c1ccc(-c2ccc(C(=O)O)cc2)s1,6.5659685,-5.9715962
820,mol493,-13.06,Cc1ccc(C(=O)NC(=O)Nc2cccc(C(F)(F)F)c2)cc1C#Cc1cnc(Nc2ccc(Oc3ccccc3)cc2)nc1,Cc1ccc(C(=O)NC(=O)Nc2cccc(C(F)(F)F)c2)cc1C#Cc1cnc(Nc2ccc(Oc3ccccc3)cc2)nc1,6.465733,-7.970104
580,mol401,-13.06,Cc1ccc(NC(=O)c2cccc(C(=O)Nc3ccc(C(N)N)cc3)c2)cc1Nc1ncnc2ccc(N)cc12,Cc1ccc(NC(=O)c2cccc(C(=O)Nc3ccc(C(N)N)cc3)c2)cc1Nc1ncnc2ccc(N)cc12,6.538849,-5.5270867
550,mol249,-13.06,Cc1cccc(NC(=O)Nc2cccc(-c3ncnc4ccc(N)cc34)c2)c1,Cc1cccc(NC(=O)Nc2cccc(-c3ncnc4ccc(N)cc34)c2)c1,6.57198,-5.8037915
550,mol471,-13.05,Cc1cc(S(=O)(=O)c2ccc(C#N)cc2)ccc1Nc1nccc(-c2cccc3ccccc23)n1,Cc1cc(S(=O)(=O)c2ccc(C#N)cc2)ccc1Nc1nccc(-c2cccc3ccccc23)n1,6.609039,-6.978688
140,mol170,-13.05,Cc1ccc(NC(=O)c2ccc(C(=O)NCc3ccccc3)cc2)cc1NC(=O)c1ccc(CNc2ccnc3cc(-c4ccccc4)ccc23)cc1,Cc1ccc(NC(=O)c2ccc(C(=O)NCc3ccccc3)cc2)cc1NC(=O)c1ccc(CNc2ccnc3cc(-c4ccccc4)ccc23)cc1,6.3049884,-6.4709554
900,mol304,-13.05,Cc1c(Oc2ccc(C(=O)NO)cc2)cccc1-c1ccc(NC(=O)Cc2ccccc2)cc1,Cc1c(Oc2ccc(C(=O)NO)cc2)cccc1-c1ccc(NC(=O)Cc2ccccc2)cc1,6.1387854,-6.911314
290,mol478,-13.05,Cc1ccc(NC(=O)Nc2ccc(Oc3ccc(-c4nc5ncccc5[nH]4)cc3)cc2)cc1,Cc1ccc(NC(=O)Nc2ccc(Oc3ccc(-c4nc5ncccc5[nH]4)cc3)cc2)cc1,6.0545387,-7.0628295
790,mol433,-13.05,Cc1cccc(CO)c1Nc1nccc(-c2ccc(CNC(=O)c3ccc4ccccc4n3)cc2)n1,Cc1cccc(CO)c1Nc1nccc(-c2ccc(CNC(=O)c3ccc4ccccc4n3)cc2)n1,6.1456747,-6.6687164
400,mol290,-13.05,Cc1ccc(NC(=O)c2cccc(-c3n[nH]c4cc(NC(=O)NCCc5ccccc5)ccc34)c2)cc1,Cc1ccc(NC(=O)c2cccc(-c3n[nH]c4cc(NC(=O)NCCc5ccccc5)ccc34)c2)cc1,5.8712015,-6.3873687
610,mol162,-13.05,Cc1ccccc1-c1cccc2cc(NC(=O)c3c[nH]c4ccccc34)ccc12,Cc1ccccc1-c1cccc2cc(NC(=O)c3c[nH]c4ccccc34)ccc12,5.783088,-6.9979925
130,mol71,-13.05,Cc1ccc(NC(=O)Nc2cccc(-c3cccnc3)c2)cc1C(=O)c1ccccc1,Cc1ccc(NC(=O)Nc2cccc(-c3cccnc3)c2)cc1C(=O)c1ccccc1,6.213921,-6.3369403
420,mol495,-13.05,Cc1ccc(NC(=O)c2ccc(Nc3nccc(-c4ccccn4)n3)cc2)cc1Nc1ncnc2ccccc12,Cc1ccc(NC(=O)c2ccc(Nc3nccc(-c4ccccn4)n3)cc2)cc1Nc1ncnc2ccccc12,6.1840363,-6.4138207
600,mol480,-13.05,Cc1ccc(C(=O)Nc2ccc(C[N@H+]3CC[N@@H+](C)CC3)c(C(F)(F)F)c2)cc1Nc1ncnn2cc(C(=O)NC(=O)c3ccccc3)cc12,Cc1ccc(C(=O)Nc2ccc(C[N@H+]3CC[N@@H+](C)CC3)c(C(F)(F)F)c2)cc1Nc1ncnn2cc(C(=O)NC(=O)c3ccccc3)cc12,6.7807984,-3.9227457
60,mol327,-13.05,Cc1ccccc1Nc1cc(-c2ccc(C(=O)Nc3cc(C(=O)NCCC[NH+]4CCCCC4)ccc3N)cc2)c(C(=O)O)cn1,Cc1ccccc1Nc1cc(-c2ccc(C(=O)Nc3cc(C(=O)NCCC[NH+]4CCCCC4)ccc3N)cc2)c(C(=O)O)cn1,7.4236183,-5.1376176
670,mol29,-13.05,Cc1ccc(NC(=O)c2cccc(NC(=O)c3ccccc3C(=O)O)c2)cc1Nc1ccnc2ccccc12,Cc1ccc(NC(=O)c2cccc(NC(=O)c3ccccc3C(=O)O)c2)cc1Nc1ccnc2ccccc12,6.398459,-5.8035884
250,mol21,-13.05,Cc1ccc(C(=O)Nc2ccc(C(=O)O)cc2)cc1NC(=O)c1ccc(-c2ccc(C#N)cc2)cc1,Cc1ccc(C(=O)Nc2ccc(C(=O)O)cc2)cc1NC(=O)c1ccc(-c2ccc(C#N)cc2)cc1,6.564787,-6.4937754
990,mol408,-13.05,Cc1ccc(-n2ncc(-c3ccnc(Nc4cccc(C(=O)N5CCOCC5)c4)n3)n2)cc1,Cc1ccc(-n2ncc(-c3ccnc(Nc4cccc(C(=O)N5CCOCC5)c4)n3)n2)cc1,6.696957,-4.0334806
470,mol364,-13.05,Cc1ccc(CC(=O)Nc2cccc(C(=O)Nc3ccc(C)c(Nc4ncccc4-c4ccncn4)c3)c2)cc1,Cc1ccc(CC(=O)Nc2cccc(C(=O)Nc3ccc(C)c(Nc4ncccc4-c4ccncn4)c3)c2)cc1,6.215577,-6.640675
910,mol37,-13.05,COc1ccc(C(=O)Nc2ccc(C(=O)c3ccc4ccccc4c3)cc2)cc1NC(=O)c1ccc(C(=O)O)cc1,COc1ccc(C(=O)Nc2ccc(C(=O)c3ccc4ccccc4c3)cc2)cc1NC(=O)c1ccc(C(=O)O)cc1,6.2910504,-6.471256
410,mol433,-13.04,Cc1cc(Nc2cc(NC(=O)c3cccc(C(=O)Nc4cccc(C(F)(F)F)c4)c3)ccn2)ccc1C(=O)O,Cc1cc(Nc2cc(NC(=O)c3cccc(C(=O)Nc4cccc(C(F)(F)F)c4)c3)ccn2)ccc1C(=O)O,6.4358926,-5.7588043
730,mol284,-13.04,CC(=O)Nc1cccc(-c2cccc(NC(=O)c3ccc4cc(C(N)N)ccc4c3)c2)c1,CC(=O)Nc1cccc(-c2cccc(NC(=O)c3ccc4cc(C(N)N)ccc4c3)c2)c1,6.2586427,-5.868701
460,mol208,-13.04,Cc1cc(Nc2nccc(Nc3ccc(C(=O)Nc4ccc(C(=O)O)cc4)cc3)n2)ccc1NC(=O)c1cccc(C(=O)O)c1,Cc1cc(Nc2nccc(Nc3ccc(C(=O)Nc4ccc(C(=O)O)cc4)cc3)n2)ccc1NC(=O)c1cccc(C(=O)O)c1,6.9065886,-5.4544005
920,mol265,-13.04,COc1cc(OC)c(NC(=O)c2cccc(Oc3nccc4cccnc34)c2)cc1NC(=O)c1ccc(NC(=O)c2ccc3ccccc3n2)cc1,COc1cc(OC)c(NC(=O)c2cccc(Oc3nccc4cccnc34)c2)cc1NC(=O)c1ccc(NC(=O)c2ccc3ccccc3n2)cc1,6.5138583,-6.8234644
680,mol486,-13.04,COc1cccc(NC(=O)N2CCC(c3ccc4[nH]c(-c5cc(C)c(OC)cc5C)nc4c3)CC2)c1,COc1cccc(NC(=O)N2CCC(c3ccc4[nH]c(-c5cc(C)c(OC)cc5C)nc4c3)CC2)c1,6.586781,-6.1402707
300,mol216,-13.04,Cc1ccc(Nc2cc(-c3ccc4nc[nH]c4c3)nc(-c3cccc(C(=O)Nc4cccc(C(C)C)c4)c3)n2)c(C)c1,Cc1ccc(Nc2cc(-c3ccc4nc[nH]c4c3)nc(-c3cccc(C(=O)Nc4cccc(C(C)C)c4)c3)n2)c(C)c1,6.3052855,-6.4066534
670,mol454,-13.04,Cc1ccc(C(=O)Nc2cccc(-c3ccnc(Nc4ccc(C(=O)O)cc4)n3)c2)cc1,Cc1ccc(C(=O)Nc2cccc(-c3ccnc(Nc4ccc(C(=O)O)cc4)n3)c2)cc1,6.261995,-5.85756
170,mol121,-13.04,CN1Cc2cc(C#N)ccc2N(Cc2ccc(-c3ccc(C(=O)Nc4ccc(C(=O)O)cn4)cc3)cc2)C1=O,CN1Cc2cc(C#N)ccc2N(Cc2ccc(-c3ccc(C(=O)Nc4ccc(C(=O)O)cn4)cc3)cc2)C1=O,6.580259,-6.5550795
480,mol32,-13.04,Nc1ccc(C(=O)Nc2cccnc2)cc1NC(=O)c1ccc(-c2ccc(F)cc2)cc1,Nc1ccc(C(=O)Nc2cccnc2)cc1NC(=O)c1ccc(-c2ccc(F)cc2)cc1,6.1663036,-6.7586017
70,mol90,-13.04,C[C@H](COC(=O)Nc1cccc2ccccc12)NC(=O)c1ccc(Cl)c(Nc2nccc3ncc(-c4ccccc4S(C)(=O)=O)nc23)c1,C[C@H](COC(=O)Nc1cccc2ccccc12)NC(=O)c1ccc(Cl)c(Nc2nccc3ncc(-c4ccccc4S(C)(=O)=O)nc23)c1,6.9264073,-6.381388
50,mol60,-13.04,[NH3+]C1(C#Cc2ccc(Nc3nccc(-c4cccc(N5CCc6c(ncnc6[C@@H]6CO6)C5)c4)n3)cc2)CC1,[NH3+]C1(C#Cc2ccc(Nc3nccc(-c4cccc(N5CCc6c(ncnc6[C@@H]6CO6)C5)c4)n3)cc2)CC1,7.0390935,-3.7321117
180,mol57,-13.04,Cc1c(NC(=O)c2ccc(Nc3nccc(-c4ccc5c(c4)[C@H](NC(=O)Nc4cccc(F)c4)[C@@H]4CCCN[C@H]5C4)n3)o2)ccc(C(N)=O)c1Cl,Cc1c(NC(=O)c2ccc(Nc3nccc(-c4ccc5c(c4)[C@H](NC(=O)Nc4cccc(F)c4)[C@@H]4CCCN[C@H]5C4)n3)o2)ccc(C(N)=O)c1Cl,7.302546,-6.5311813
180,mol258,-13.04,CN(c1ccc(NC(=O)Nc2ccc(Oc3ccc(Nc4ncnc5ccccc45)cc3)cc2)cc1)[C@@H](CNC(=O)c1cccc(OC(F)(F)F)c1)C(=O)O,CN(c1ccc(NC(=O)Nc2ccc(Oc3ccc(Nc4ncnc5ccccc45)cc3)cc2)cc1)[C@@H](CNC(=O)c1cccc(OC(F)(F)F)c1)C(=O)O,6.480735,-5.6363993
750,mol74,-13.04,CNC(=O)c1ccc(Nc2nccc(-c3c[nH]c4ccccc34)n2)c(C)c1,CNC(=O)c1ccc(Nc2nccc(-c3c[nH]c4ccccc34)n2)c(C)c1,6.7968946,-4.7132773
340,mol399,-13.04,Cc1cnc(Nc2ccc(Nc3cccc(C(=O)c4cccc(C(=O)Nc5ccccc5)c4)c3)cc2)cn1,Cc1cnc(Nc2ccc(Nc3cccc(C(=O)c4cccc(C(=O)Nc5ccccc5)c4)c3)cc2)cn1,5.860456,-6.47515
760,mol447,-13.04,Cc1c(C(=O)Cc2cccc(Cl)c2)nn(-c2ccc(Cl)cc2)c1NC(=O)c1ccc(Nc2ccnc3cc(Cl)ccc23)cc1,Cc1c(C(=O)Cc2cccc(Cl)c2)nn(-c2ccc(Cl)cc2)c1NC(=O)c1ccc(Nc2ccnc3cc(Cl)ccc23)cc1,6.497262,-7.253948
540,mol195,-13.04,Cc1cc(OCc2ccc(-c3ccc(CNC(=O)C4CCCC4)cc3)cc2)ccc1-c1ccc(C(=O)N[C@@H](CO)C(=O)O)cc1,Cc1cc(OCc2ccc(-c3ccc(CNC(=O)C4CCCC4)cc3)cc2)ccc1-c1ccc(C(=O)N[C@@H](CO)C(=O)O)cc1,6.8758693,-6.6734643
600,mol346,-13.04,CC(=O)Nc1ccc(Oc2ccc(NC(=O)Nc3ccc(CNC(=O)/C=C\c4cccc(C(=O)O)c4)cc3)cc2)cc1,CC(=O)Nc1ccc(Oc2ccc(NC(=O)Nc3ccc(CNC(=O)/C=C\c4cccc(C(=O)O)c4)cc3)cc2)cc1,6.5479846,-6.1442823
450,mol139,-13.04,CN(C1=CCN(Cc2ccc(-c3ccc(-c4ccccc4)cc3)cc2)C1=O)c1cccc(C(N)=O)c1,CN(C1=CCN(Cc2ccc(-c3ccc(-c4ccccc4)cc3)cc2)C1=O)c1cccc(C(N)=O)c1,5.286821,-5.9490047
230,mol208,-13.04,Cc1ccc(-c2ccc(=O)n(Cc3ccc(-c4cccc(C(=O)O)c4)s3)c2)cc1,Cc1ccc(-c2ccc(=O)n(Cc3ccc(-c4cccc(C(=O)O)c4)s3)c2)cc1,5.9575973,-5.696548
990,mol415,-13.04,Cc1ccc(-n2cc(-c3cccc(-c4ccccc4)c3O)nn2)cc1N,Cc1ccc(-n2cc(-c3cccc(-c4ccccc4)c3O)nn2)cc1N,5.6915374,-4.941256
390,mol149,-13.04,Cc1ccc(NC(=O)c2cccc(-c3cncc4ccccc34)c2)cc1,Cc1ccc(NC(=O)c2cccc(-c3cncc4ccccc34)c2)cc1,6.0361147,-6.0788717
910,mol388,-13.03,Cc1cc(Oc2ccc(Nc3ccnc4cc(Cl)ccc34)cc2)cc(-c2cccc(C(=O)O)c2)n1,Cc1cc(Oc2ccc(Nc3ccnc4cc(Cl)ccc34)cc2)cc(-c2cccc(C(=O)O)c2)n1,6.4858017,-6.422881
570,mol472,-13.03,Cc1ccc(NC(=O)c2ccc(NC(=O)c3cc4ccccc4o3)cc2)cc1NC(=O)c1ccccc1OCc1ccccc1,Cc1ccc(NC(=O)c2ccc(NC(=O)c3cc4ccccc4o3)cc2)cc1NC(=O)c1ccccc1OCc1ccccc1,6.4012523,-7.30486
500,mol200,-13.03,NC(N)c1ccc(-c2ccc(C(=O)Nc3cccc(Nc4nccc(-c5ccccc5)n4)c3)s2)cc1,NC(N)c1ccc(-c2ccc(C(=O)Nc3cccc(Nc4nccc(-c5ccccc5)n4)c3)s2)cc1,6.0161314,-6.3027177
940,mol289,-13.03,NC(=O)c1ccc(Oc2ccc(-c3cccc(CNc4cc5cc(C(N)N)ccc5[nH]4)c3)cc2)cc1,NC(=O)c1ccc(Oc2ccc(-c3cccc(CNc4cc5cc(C(N)N)ccc5[nH]4)c3)cc2)cc1,5.691156,-6.23357
440,mol50,-13.03,Cc1cccc(Nc2nc(Nc3ccc4ccccc4c3)nc(OCc3ccc(C(=O)Nc4cccc(C(=O)O)c4)cc3)n2)c1,Cc1cccc(Nc2nc(Nc3ccc4ccccc4c3)nc(OCc3ccc(C(=O)Nc4cccc(C(=O)O)c4)cc3)n2)c1,6.595879,-6.4683456
960,mol56,-13.03,Cc1ccc(NC(=O)c2ccccc2NC(=O)c2cccc(-c3ccccc3)c2)cc1Cc1nccc2cccnc12,Cc1ccc(NC(=O)c2ccccc2NC(=O)c2cccc(-c3ccccc3)c2)cc1Cc1nccc2cccnc12,6.15573,-6.579859
290,mol453,-13.03,O=C(Nc1cccc(NC(=O)c2cccc(Nc3cc(Nc4ccc(O)cc4)ncn3)c2)c1)c1ccccc1,O=C(Nc1cccc(NC(=O)c2cccc(Nc3cc(Nc4ccc(O)cc4)ncn3)c2)c1)c1ccccc1,6.213486,-6.1682544
350,mol412,-13.03,Cc1nc(NC(=O)c2cccc(C(O)(C(F)(F)F)C(F)(F)F)c2)sc1C(=O)Nc1ccc(Nc2nccc(Nc3cc(C4CC4)[nH]n3)n2)cc1,Cc1nc(NC(=O)c2cccc(C(O)(C(F)(F)F)C(F)(F)F)c2)sc1C(=O)Nc1ccc(Nc2nccc(Nc3cc(C4CC4)[nH]n3)n2)cc1,7.4295683,-6.5974364
200,mol324,-13.03,Cc1cc(=O)oc2cc(S(=O)(=O)Nc3ccc(C(=O)N[C@@H](Cc4ccc(C(=O)O)cc4)C(=O)O)cc3)cc(O)c12,Cc1cc(=O)oc2cc(S(=O)(=O)Nc3ccc(C(=O)N[C@@H](Cc4ccc(C(=O)O)cc4)C(=O)O)cc3)cc(O)c12,7.10754,-3.8856423
690,mol111,-13.03,CC(=O)Nc1cccc(NC(=O)c2cccc(Cn3nc(-c4ccc(Cl)cc4)c4ccccc43)c2)c1,CC(=O)Nc1cccc(NC(=O)c2cccc(Cn3nc(-c4ccc(Cl)cc4)c4ccccc43)c2)c1,6.0659566,-6.5907774
260,mol158,-13.03,Cc1cn2c(-c3cccnc3)cnc2c(Nc2ccc(C(=O)NCc3cccc4ccccc34)cc2)n1,Cc1cn2c(-c3cccnc3)cnc2c(Nc2ccc(C(=O)NCc3cccc4ccccc34)cc2)n1,5.881683,-6.047542
350,mol136,-13.03,Cc1cc(F)cc(Nc2ccc(C(=O)Nc3cccc(-c4ccc(N)cc4)c3)c(C(=O)O)c2)c1,Cc1cc(F)cc(Nc2ccc(C(=O)Nc3cccc(-c4ccc(N)cc4)c3)c(C(=O)O)c2)c1,6.446475,-6.1308336
460,mol283,-13.03,Cc1ncc(CO[PH](O)(O)Oc2ccc(C(=O)c3cccc(-c4ccccc4)c3)cc2)c(N)n1,Cc1ncc(CO[PH](O)(O)Oc2ccc(C(=O)c3cccc(-c4ccccc4)c3)cc2)c(N)n1,6.3163595,-6.4285097
330,mol84,-13.03,Cc1cccc(C(=O)Nc2ccc(C(=O)Nc3ccc4ccccc4c3)cc2)c1N,Cc1cccc(C(=O)Nc2ccc(C(=O)Nc3ccc4ccccc4c3)cc2)c1N,6.2981477,-6.4575405
280,mol205,-13.03,[H][P@TB3](O)(O)(OC[C@H]1O[C@H](n2ccc(NC(=O)c3cccc(NC(=O)NCc4ccccc4)c3)n2)[C@@H](O)[C@@H](O)[C@@H]1O)OCC(C)(C)C(=O)NO,[H][P@TB3](O)(O)(OC[C@H]1O[C@H](n2ccc(NC(=O)c3cccc(NC(=O)NCc4ccccc4)c3)n2)[C@@H](O)[C@@H](O)[C@@H]1O)OCC(C)(C)C(=O)NO,6.408825,-2.9417381
940,mol61,-13.03,CN(c1ccc(-c2ncc(C(=O)O)o2)cc1)S(=O)(=O)c1ccc(-c2ccccc2)cc1,CN(c1ccc(-c2ncc(C(=O)O)o2)cc1)S(=O)(=O)c1ccc(-c2ccccc2)cc1,6.1613784,-5.577178
800,mol101,-13.03,Cc1ccc(C(=O)Nc2cccc(C(N)=O)c2)cc1NC(=O)c1ccc(-c2ccncc2)cc1,Cc1ccc(C(=O)Nc2cccc(C(N)=O)c2)cc1NC(=O)c1ccc(-c2ccncc2)cc1,6.2483616,-6.157777
460,mol483,-13.03,Cc1cc(Nc2nccc(Nc3ccc4c(N)ncnc4c3)n2)ccc1NC(=O)c1cccc(C(F)(F)F)c1,Cc1cc(Nc2nccc(Nc3ccc4c(N)ncnc4c3)n2)ccc1NC(=O)c1cccc(C(F)(F)F)c1,6.2722087,-6.3849277
340,mol410,-13.03,Cc1ccc(Oc2ccc(NC(=O)c3ccc4cc(C(N)N)ccc4c3)cc2)cc1,Cc1ccc(Oc2ccc(NC(=O)c3ccc4cc(C(N)N)ccc4c3)cc2)cc1,6.1141243,-6.666307
450,mol70,-13.02,CN(O)C(=O)CNc1ccc(-c2ccc(CNC(=O)c3ccc(C(=O)N4CCC(c5cccc(F)c5)CC4)cc3)cc2)cc1,CN(O)C(=O)CNc1ccc(-c2ccc(CNC(=O)c3ccc(C(=O)N4CCC(c5cccc(F)c5)CC4)cc3)cc2)cc1,6.3382907,-6.1954727
370,mol462,-13.02,Cc1ccc(C(=O)Nc2ccc(C(=O)O)cc2)cc1NCc1cccc(-c2nnc(CCc3ccccc3)o2)c1,Cc1ccc(C(=O)Nc2ccc(C(=O)O)cc2)cc1NCc1cccc(-c2nnc(CCc3ccccc3)o2)c1,5.9116325,-5.9453588
490,mol448,-13.02,CNC(=O)Nc1cccc(-c2cccc(Nc3nccc(-c4cccnc4)n3)c2)c1,CNC(=O)Nc1cccc(-c2cccc(Nc3nccc(-c4cccnc4)n3)c2)c1,6.4486933,-5.120828
590,mol246,-13.02,Cc1ccc(NC(=O)c2ccc(C(=O)NCc3ccc(C(F)(F)F)cc3)cc2)cc1Nc1ncnn2cc(-c3ccccc3)cc12,Cc1ccc(NC(=O)c2ccc(C(=O)NCc3ccc(C(F)(F)F)cc3)cc2)cc1Nc1ncnn2cc(-c3ccccc3)cc12,5.998849,-6.639821
580,mol198,-13.02,Cc1ccc(C(=O)Nc2ccc(C(=O)NO)s2)cc1NCc1cccc(-c2cccc(C(=O)O)c2)c1,Cc1ccc(C(=O)Nc2ccc(C(=O)NO)s2)cc1NCc1cccc(-c2cccc(C(=O)O)c2)c1,6.4195504,-5.962148
360,mol329,-13.02,Nc1ncnc2c1c(Cc1cccc(NC(=O)Nc3cccc(C(F)(F)F)c3)c1)nn2C1CCCC1,Nc1ncnc2c1c(Cc1cccc(NC(=O)Nc3cccc(C(F)(F)F)c3)c1)nn2C1CCCC1,7.4409957,-6.028837
290,mol263,-13.02,Cc1nc2c(Nc3cccc(C(=O)O)c3)cccn2c1-c1ccc(NC(=O)c2ccc(C(=O)O)cc2)cc1,Cc1nc2c(Nc3cccc(C(=O)O)c3)cccn2c1-c1ccc(NC(=O)c2ccc(C(=O)O)cc2)cc1,6.5768194,-5.608331
280,mol454,-13.02,c1ccc(Cn2cc(-c3ccc4c(c3)Cc3ccccc3-4)cn2)cc1,c1ccc(Cn2cc(-c3ccc4c(c3)Cc3ccccc3-4)cn2)cc1,5.869518,-6.263009
800,mol209,-13.02,Cc1cc(Oc2cccc(NC(=O)c3cc4ccccc4o3)c2)cc(N2CCCC2=O)c1,Cc1cc(Oc2cccc(NC(=O)c3cc4ccccc4o3)c2)cc(N2CCCC2=O)c1,6.2546577,-6.088423
770,mol251,-13.02,Cc1ccc(C(=O)NCc2ccc(S(N)(=O)=O)s2)cc1NC(=O)c1ccc(Nc2ccnc3cc(Cl)ccc23)cc1,Cc1ccc(C(=O)NCc2ccc(S(N)(=O)=O)s2)cc1NC(=O)c1ccc(Nc2ccnc3cc(Cl)ccc23)cc1,6.848062,-6.0771384
670,mol54,-13.02,Cc1ccc(NC(=O)c2cccc(C(F)(F)F)c2)cc1-c1ccc2nc(Nc3ccccc3)ncc2c1,Cc1ccc(NC(=O)c2cccc(C(F)(F)F)c2)cc1-c1ccc2nc(Nc3ccccc3)ncc2c1,5.949591,-6.952679
210,mol88,-13.02,Cc1nc2c(N3CCOCC3)ncc(-c3cccc(C(=O)NCc4cccc(C(F)(F)F)c4)c3)c2[nH]1,Cc1nc2c(N3CCOCC3)ncc(-c3cccc(C(=O)NCc4cccc(C(F)(F)F)c4)c3)c2[nH]1,7.163089,-5.2197156
460,mol139,-13.02,Cc1ccc2c(c1)[C@@H](CCNC(=O)c1ccc(C(=O)Nc3cccc(NC(=O)c4ccccc4)c3)cc1)C(=O)N2,Cc1ccc2c(c1)[C@@H](CCNC(=O)c1ccc(C(=O)Nc3cccc(NC(=O)c4ccccc4)c3)cc1)C(=O)N2,6.3256235,-6.454433
300,mol348,-13.02,Cc1c(Nc2ccccc2C(=O)O)cccc1-c1nc2ccc(C(=O)c3ccc(F)cc3)cc2s1,Cc1c(Nc2ccccc2C(=O)O)cccc1-c1nc2ccc(C(=O)c3ccc(F)cc3)cc2s1,6.422529,-6.360375
380,mol354,-13.02,Cc1cc(C)c(C(N)=O)cc1Nc1nccc(Nc2nccc(Nc3ccc(-c4ccccc4)cc3)n2)n1,Cc1cc(C)c(C(N)=O)cc1Nc1nccc(Nc2nccc(Nc3ccc(-c4ccccc4)cc3)n2)n1,6.8160386,-6.7083263
220,mol423,-13.02,Cc1ccc(C(=O)Nc2ccc(C[N@H+]3CC[N@H+](C)CC3)c(C(F)(F)F)c2)cc1C#Cc1cnc(N)c(C(=O)c2ccccc2)c1,Cc1ccc(C(=O)Nc2ccc(C[N@H+]3CC[N@H+](C)CC3)c(C(F)(F)F)c2)cc1C#Cc1cnc(N)c(C(=O)c2ccccc2)c1,6.8727593,-4.308492
160,mol195,-13.02,Nc1ncc(-c2ccc(C(=O)Nc3ccc(-c4cncc(NC(=O)c5ccccc5)n4)cc3)cc2)cn1,Nc1ncc(-c2ccc(C(=O)Nc3ccc(-c4cncc(NC(=O)c5ccccc5)n4)cc3)cc2)cn1,6.1850457,-6.273836
420,mol111,-13.02,Cc1ccc(C(=O)Nc2ccc(C(N)N)cc2)cc1Nc1nccc(-c2cnc3ccccn23)n1,Cc1ccc(C(=O)Nc2ccc(C(N)N)cc2)cc1Nc1nccc(-c2cnc3ccccn23)n1,6.660033,-5.0696616
440,mol422,-13.01,Cc1ccc(C(=O)Nc2ccc(Oc3ccc4ccccc4c3)cc2)cc1Nc1ncnc2ccccc12,Cc1ccc(C(=O)Nc2ccc(Oc3ccc4ccccc4c3)cc2)cc1Nc1ncnc2ccccc12,5.8517632,-7.2716174
100,mol141,-13.01,Cc1cc2c(cc1N1C(=O)c3cccc4cccc(c34)C1=O)C1=CC(Cl)=C/C1=N/CC(C)(C)S2,Cc1cc2c(cc1N1C(=O)c3cccc4cccc(c34)C1=O)C1=CC(Cl)=C/C1=N/CC(C)(C)S2,6.831125,-7.3885183
430,mol106,-13.01,Cc1cc(Nc2cccc(-c3cccc(C(=O)O)c3)c2)ccc1-c1nc(N[C@H]2CC[N@H+](Cc3ncc([C@@H](C)O)o3)CC2)ns1,Cc1cc(Nc2cccc(-c3cccc(C(=O)O)c3)c2)ccc1-c1nc(N[C@H]2CC[N@H+](Cc3ncc([C@@H](C)O)o3)CC2)ns1,7.2802315,-5.2957106
360,mol289,-13.01,Cc1cc(NC(=O)Nc2cccc(-c3ccc(NC(=O)c4cccs4)cc3)c2)cc(-c2cccc(C(=O)N[C@@H](CCC(=O)O)C(=O)O)c2)n1,Cc1cc(NC(=O)Nc2cccc(-c3ccc(NC(=O)c4cccs4)cc3)c2)cc(-c2cccc(C(=O)N[C@@H](CCC(=O)O)C(=O)O)c2)n1,7.2020946,-6.027014
230,mol99,-13.01,Cc1ccc(-c2cccc(C(=O)Nc3cccc(-c4cccc(C(=O)O)c4)c3)c2)cc1,Cc1ccc(-c2cccc(C(=O)Nc3cccc(-c4cccc(C(=O)O)c4)c3)c2)cc1,6.1860304,-6.253424
340,mol350,-13.01,FC(F)(F)c1ccc(Nc2nccc(-c3ccccc3)n2)cc1-c1cn(Cc2ccccc2)c2ccccc12,FC(F)(F)c1ccc(Nc2nccc(-c3ccccc3)n2)cc1-c1cn(Cc2ccccc2)c2ccccc12,5.9118648,-6.6217
520,mol95,-13.01,Cc1ccc(C(=O)O)c(Nc2nccc(-c3cccc(CNc4cccc(OCc5ccccc5)c4)c3)n2)c1,Cc1ccc(C(=O)O)c(Nc2nccc(-c3cccc(CNc4cccc(OCc5ccccc5)c4)c3)n2)c1,5.8790336,-6.6805563
120,mol369,-13.01,Cc1c(-c2ccc(C[C@H](NC(=O)[C@H]([NH3+])Cc3cccnc3)B(O)O)cc2)cccc1-c1nc2ccccc2[nH]1,Cc1c(-c2ccc(C[C@H](NC(=O)[C@H]([NH3+])Cc3cccnc3)B(O)O)cc2)cccc1-c1nc2ccccc2[nH]1,6.350725,-3.1516373
140,mol185,-13.01,Cc1ccc(C(=O)Nc2ccc([C@@H](CO)NC(=O)Cc3cccc(Nc4ccnc(Nc5ccc(C(F)(F)F)cc5)n4)c3)cc2)cc1,Cc1ccc(C(=O)Nc2ccc([C@@H](CO)NC(=O)Cc3cccc(Nc4ccnc(Nc5ccc(C(F)(F)F)cc5)n4)c3)cc2)cc1,6.322699,-6.4922657
380,mol383,-13.01,Cc1cn(-c2ccc(NC(=O)c3ccc4cccc-4cc3)cc2F)cc1F,Cc1cn(-c2ccc(NC(=O)c3ccc4cccc-4cc3)cc2F)cc1F,6.3589597,-6.407249
640,mol476,-13.01,Cc1ccc(C(=O)Nc2ccc(C[N@H+]3CC[N@@H+](C)CC3)c(C(F)(F)F)c2)cc1NC(=O)c1cnc(Cc2ccccc2)cn1,Cc1ccc(C(=O)Nc2ccc(C[N@H+]3CC[N@@H+](C)CC3)c(C(F)(F)F)c2)cc1NC(=O)c1cnc(Cc2ccccc2)cn1,6.9446588,-4.2945104
310,mol70,-13.01,Cc1c(F)cccc1Nc1cc(C(=O)NCc2ccc(NC(=O)CCc3nc(Cc4ccccc4)oc3-c3nc4ccccc4s3)cc2)ccn1,Cc1c(F)cccc1Nc1cc(C(=O)NCc2ccc(NC(=O)CCc3nc(Cc4ccccc4)oc3-c3nc4ccccc4s3)cc2)ccn1,6.4894867,-6.0591526
990,mol216,-13.01,Cc1ccc(Nc2cccc(C(=O)O)c2)cc1NC(=O)c1ccc(C(=O)c2ccccc2)cc1,Cc1ccc(Nc2cccc(C(=O)O)c2)cc1NC(=O)c1ccc(C(=O)c2ccccc2)cc1,6.4123077,-5.800714
660,mol106,-13.01,CCC(=O)Nc1ccc(C(=O)Nc2ccc(Oc3ccnc4cc(-c5ccc(F)cc5)ccc34)cc2)cc1,CCC(=O)Nc1ccc(C(=O)Nc2ccc(Oc3ccnc4cc(-c5ccc(F)cc5)ccc34)cc2)cc1,5.8639264,-7.009577
520,mol1,-13.01,Cc1ccc(NC(=O)Nc2cccc(C(=O)c3ccc4ccccc4c3)c2)cc1,Cc1ccc(NC(=O)Nc2cccc(C(=O)c3ccc4ccccc4c3)c2)cc1,6.0915627,-6.6762004
360,mol47,-13.01,Nc1ccccc1S(=O)(=O)Nc1ccc(-c2cnc(F)c(Nc3ccc4ccccc4n3)c2)cc1,Nc1ccccc1S(=O)(=O)Nc1ccc(-c2cnc(F)c(Nc3ccc4ccccc4n3)c2)cc1,5.9695783,-6.8624496
630,mol184,-13.01,Cc1ccc(C(=O)Nc2ccc(Nc3nccc(-c4cccc(OC(F)(F)F)c4)n3)cc2)cc1,Cc1ccc(C(=O)Nc2ccc(Nc3nccc(-c4cccc(OC(F)(F)F)c4)n3)cc2)cc1,6.0038786,-7.000145
700,mol399,-13.01,Cc1ccccc1CNC(=O)c1ccc2[nH]c(C(=O)c3cccc(C(=O)c4ccccc4)c3)cc2c1,Cc1ccccc1CNC(=O)c1ccc2[nH]c(C(=O)c3cccc(C(=O)c4ccccc4)c3)cc2c1,5.9285893,-6.308398
900,mol109,-13.0,CN(c1ccc(-c2ccccc2)cc1)c1nccc(-c2c[nH]c3cnccc23)n1,CN(c1ccc(-c2ccccc2)cc1)c1nccc(-c2c[nH]c3cnccc23)n1,6.185706,-6.031487
210,mol303,-13.0,Cc1ccc(Nc2ccc(C(=O)Nc3ccc(C(=O)c4cccc(C(=O)O)c4)cc3)cc2C(=O)O)cc1,Cc1ccc(Nc2ccc(C(=O)Nc3ccc(C(=O)c4cccc(C(=O)O)c4)cc3)cc2C(=O)O)cc1,6.3886023,-5.775627
500,mol6,-13.0,Cc1ccc(C(=O)Nc2ccc(Oc3ccc(-c4nc5ccccc5[nH]4)cc3)cc2)cc1,Cc1ccc(C(=O)Nc2ccc(Oc3ccc(-c4nc5ccccc5[nH]4)cc3)cc2)cc1,5.6940217,-7.4319286
390,mol422,-13.0,Cc1cc(NC(=O)Nc2ccc(Oc3ccc(NC(=O)[C@@H]4CCC=N4)cc3)cc2)c2cccnc2c1,Cc1cc(NC(=O)Nc2ccc(Oc3ccc(NC(=O)[C@@H]4CCC=N4)cc3)cc2)c2cccnc2c1,6.2732377,-6.5379224
960,mol349,-13.0,COc1cccc(Nc2cccc(-c3cccc(C(=O)c4ccccc4)c3)c2)c1,COc1cccc(Nc2cccc(-c3cccc(C(=O)c4ccccc4)c3)c2)c1,5.8411174,-6.98698
370,mol498,-13.0,Cc1cc(NC(=O)c2ccc(-c3ccc(NC(=O)Nc4ccccc4)cc3)cc2)cc(N2CCCC2=O)c1,Cc1cc(NC(=O)c2ccc(-c3ccc(NC(=O)Nc4ccccc4)cc3)cc2)cc(N2CCCC2=O)c1,5.6672454,-6.2732754
170,mol238,-13.0,Cc1nn(-c2cc(Nc3cccc(C(=O)NCc4ccccc4)c3)ncn2)cc1C(=O)Nc1ccc(S(N)(=O)=O)cc1,Cc1nn(-c2cc(Nc3cccc(C(=O)NCc4ccccc4)c3)ncn2)cc1C(=O)Nc1ccc(S(N)(=O)=O)cc1,6.6535697,-5.5651717
410,mol230,-13.0,Cc1ccc(Nc2nccc(Nc3ccc4cc(C(N)N)ccc4c3)n2)cc1C,Cc1ccc(Nc2nccc(Nc3ccc4cc(C(N)N)ccc4c3)n2)cc1C,6.6942883,-5.0699096
170,mol182,-13.0,Cc1ccc(C(=O)Nc2ccon2)cc1NC(=O)c1ccnc(Nc2ccc(N3CC[NH+](C)CC3)cc2)c1,Cc1ccc(C(=O)Nc2ccon2)cc1NC(=O)c1ccnc(Nc2ccc(N3CC[NH+](C)CC3)cc2)c1,6.813121,-4.6818304
450,mol43,-13.0,Cc1cc(OCc2ccc(C(=O)Nc3ccc4nnc(-c5ccccc5)n4n3)cc2)cc(Cl)c1Cl,Cc1cc(OCc2ccc(C(=O)Nc3ccc4nnc(-c5ccccc5)n4n3)cc2)cc(Cl)c1Cl,6.263022,-7.4726024
660,mol364,-13.0,Cc1ccc(C(=O)Nc2ccc(C(=O)O)cc2)cc1NC(=O)c1ccc(-c2ccccc2)cc1,Cc1ccc(C(=O)Nc2ccc(C(=O)O)cc2)cc1NC(=O)c1ccc(-c2ccccc2)cc1,6.3662844,-6.088178
370,mol390,-13.0,Cc1cc(Nc2cc(NC(=O)c3ccc(C(=O)Nc4ccc(NC(=O)c5ccccc5)cc4)cc3)ccn2)ccc1C(=O)O,Cc1cc(Nc2cc(NC(=O)c3ccc(C(=O)Nc4ccc(NC(=O)c5ccccc5)cc4)cc3)ccn2)ccc1C(=O)O,6.7682943,-5.798256
50,mol238,-13.0,Cc1nc2cc(NC(=O)c3ccc4c(c3)CN(C(=O)c3cccc(-c5ccccc5)c3)C4)ccc2n1-c1ccccc1,Cc1nc2cc(NC(=O)c3ccc4c(c3)CN(C(=O)c3cccc(-c5ccccc5)c3)C4)ccc2n1-c1ccccc1,5.991232,-6.299601
300,mol124,-13.0,Cc1cc(C(=O)Nc2cc(C(F)(F)F)cc(C(F)(F)F)c2)ccc1Nc1ccc(C(=O)Nc2ccc(C(=O)O)c(CO)c2)cc1,Cc1cc(C(=O)Nc2cc(C(F)(F)F)cc(C(F)(F)F)c2)ccc1Nc1ccc(C(=O)Nc2ccc(C(=O)O)c(CO)c2)cc1,6.8528013,-6.2612205
920,mol381,-13.0,CC(C)(O)c1cccc(-c2ccc(-c3cc4ccc(C(N)N)cc4[nH]3)cc2)c1,CC(C)(O)c1cccc(-c2ccc(-c3cc4ccc(C(N)N)cc4[nH]3)cc2)c1,6.6491833,-5.313349
950,mol144,-13.0,c1ccc(Cc2ccc(-c3cccc(-c4ccc5ccccc5n4)c3)cc2)nc1,c1ccc(Cc2ccc(-c3cccc(-c4ccc5ccccc5n4)c3)cc2)nc1,5.759963,-6.663001
440,mol12,-13.0,Cc1ccc(C(=O)Nc2ccc(CNc3ncnc4ccn(C)c34)cc2)cc1-c1ccc(Cn2cnc3ccccc32)cc1,Cc1ccc(C(=O)Nc2ccc(CNc3ncnc4ccn(C)c34)cc2)cc1-c1ccc(Cn2cnc3ccccc32)cc1,6.059161,-6.2316647
410,mol282,-13.0,Cc1ccc(NC(=O)N2CCC(c3cc(C(=O)NCc4ccccc4)c4ccccc4n3)CC2)cc1,Cc1ccc(NC(=O)N2CCC(c3cc(C(=O)NCc4ccccc4)c4ccccc4n3)CC2)cc1,6.2364,-5.85393
220,mol286,-13.0,Cc1c(-c2ccc(C(=O)NCc3cccc(C(=O)Nc4ccc(C(=O)O)o4)c3)o2)oc2cccc(OC3CC[NH2+]CC3)c12,Cc1c(-c2ccc(C(=O)NCc3cccc(C(=O)Nc4ccc(C(=O)O)o4)c3)o2)oc2cccc(OC3CC[NH2+]CC3)c12,7.291181,-5.7649517
560,mol279,-13.0,COc1ccc(C(=O)Nc2ccc(NC(=O)c3ccccc3COc3sc(=S)[nH]c3-c3ccc(F)cc3)cc2)cc1Br,COc1ccc(C(=O)Nc2ccc(NC(=O)c3ccccc3COc3sc(=S)[nH]c3-c3ccc(F)cc3)cc2)cc1Br,6.4163113,-7.668793
870,mol408,-13.0,COc1cccc(Oc2cccc(-c3cccc(C(=O)c4ccc(O)c(C)c4)c3)c2)c1,COc1cccc(Oc2cccc(-c3cccc(C(=O)c4ccc(O)c(C)c4)c3)c2)c1,6.1865525,-7.1887145
40,mol37,-13.0,c1ccc(-c2ccc(-c3cccc(-c4nc5ccccc5[nH]4)c3)o2)cc1,c1ccc(-c2ccc(-c3cccc(-c4nc5ccccc5[nH]4)c3)o2)cc1,5.578791,-6.825843
690,mol332,-13.0,CC(=O)Nc1cccc(NC(=O)c2ccc(C[N@H+]3CC[C@H](Cc4c[nH]c5ccc(F)cc45)CC3)cc2)c1,CC(=O)Nc1cccc(NC(=O)c2ccc(C[N@H+]3CC[C@H](Cc4c[nH]c5ccc(F)cc45)CC3)cc2)c1,6.7592134,-4.814457
190,mol388,-13.0,Cc1c(C(=O)Nc2ccc(F)c(C(=O)c3c(N)nn(Cc4cccc(C(F)(F)F)c4)c3C(F)(F)F)c2)cc(N2CC[NH2+]CC2)nc1C(F)F,Cc1c(C(=O)Nc2ccc(F)c(C(=O)c3c(N)nn(Cc4cccc(C(F)(F)F)c4)c3C(F)(F)F)c2)cc(N2CC[NH2+]CC2)nc1C(F)F,7.421001,-5.918993
40,mol416,-13.0,Oc1ccc(OCc2ccccc2)cc1-c1nc2cc(OCc3ccc4ccccc4n3)ccc2[nH]1,Oc1ccc(OCc2ccccc2)cc1-c1nc2cc(OCc3ccc4ccccc4n3)ccc2[nH]1,6.1693544,-6.8311157
260,mol246,-13.0,Cc1ccc(C(=O)Nc2cc(C(F)(F)F)cc(C(F)(F)F)c2)cc1Nc1ncnn2cc(-c3ccc(Oc4ccccc4)cc3)cc12,Cc1ccc(C(=O)Nc2cc(C(F)(F)F)cc(C(F)(F)F)c2)cc1Nc1ncnn2cc(-c3ccc(Oc4ccccc4)cc3)cc12,6.39129,-7.444652
240,mol9,-12.99,NC(=O)c1ccc(Nc2nccc(-c3cccc(NC(=O)c4ccccc4Cl)c3)n2)cc1,NC(=O)c1ccc(Nc2nccc(-c3cccc(NC(=O)c4ccccc4Cl)c3)n2)cc1,6.160299,-6.6306033
340,mol111,-12.99,Cc1ccc(B(O)O)cc1-c1ccc(-c2ccc(C(=O)O)cc2C(=O)O)c(C(=O)O)c1,Cc1ccc(B(O)O)cc1-c1ccc(-c2ccc(C(=O)O)cc2C(=O)O)c(C(=O)O)c1,6.832267,-3.6085434
70,mol439,-12.99,CNc1cc(-c2cccnc2Oc2ccc(-c3nc4ccccc4c(=O)[nH]3)cc2)ccn1,CNc1cc(-c2cccnc2Oc2ccc(-c3nc4ccccc4c(=O)[nH]3)cc2)ccn1,6.234911,-6.654296
190,mol208,-12.99,CN(C(=O)c1ccc(Nc2ccc3ccccc3n2)cc1)c1ccc(NC(=O)Nc2cccc(OC(F)(F)F)c2)cc1,CN(C(=O)c1ccc(Nc2ccc3ccccc3n2)cc1)c1ccc(NC(=O)Nc2cccc(OC(F)(F)F)c2)cc1,6.0336823,-6.703783
130,mol216,-12.99,Nc1cc(-c2cccc(NC(=O)Nc3cccc(C(F)(F)F)c3)c2)ccn1,Nc1cc(-c2cccc(NC(=O)Nc3cccc(C(F)(F)F)c3)c2)ccn1,6.54324,-5.819929
860,mol283,-12.99,Cc1cccc(-c2ccc(C(=O)Nc3cccc(-c4nc5ccccc5[nH]4)c3)cc2)c1,Cc1cccc(-c2ccc(C(=O)Nc3cccc(-c4nc5ccccc5[nH]4)c3)cc2)c1,5.6334352,-7.03068
260,mol303,-12.99,Cc1cc(NC(=O)c2cccc(C(=O)Nc3ccccc3Sc3ccccc3)c2)ccc1NC(=O)c1ccc(F)cc1,Cc1cc(NC(=O)c2cccc(C(=O)Nc3ccccc3Sc3ccccc3)c2)ccc1NC(=O)c1ccc(F)cc1,6.1970735,-6.787036
500,mol418,-12.99,Cc1ccc(NC(=O)c2ccnc(Nc3ccc(S(N)(=O)=O)cc3)c2)cc1Nc1nccc(-c2cccnc2)n1,Cc1ccc(NC(=O)c2ccnc(Nc3ccc(S(N)(=O)=O)cc3)c2)cc1Nc1nccc(-c2cccnc2)n1,6.89122,-5.4138656
570,mol106,-12.99,C[C@@H](NC(=O)c1ccc(Nc2nccc(Nc3cccc4[nH]ccc34)n2)cc1)c1ccccc1,C[C@@H](NC(=O)c1ccc(Nc2nccc(Nc3cccc4[nH]ccc34)n2)cc1)c1ccccc1,6.115393,-5.832524
800,mol77,-12.99,COc1cc(NC(=O)c2cccc(OCc3ccc4ccccc4n3)c2)ccc1NC(=O)c1ccc(NC(=O)c2ccccc2C(=O)O)cc1,COc1cc(NC(=O)c2cccc(OCc3ccc4ccccc4n3)c2)ccc1NC(=O)c1ccc(NC(=O)c2ccccc2C(=O)O)cc1,6.513614,-6.483172
430,mol16,-12.99,Cc1ccc(Nc2nccc(-c3ccc(C(=O)NS(=O)(=O)c4ccccc4)cc3)n2)cc1,Cc1ccc(Nc2nccc(-c3ccc(C(=O)NS(=O)(=O)c4ccccc4)cc3)n2)cc1,5.760029,-5.9448895
450,mol402,-12.99,Cc1ccc(NC(=O)c2cccc(C(=O)Nc3ccc4ccccc4c3)c2)cc1Nc1ncccc1-c1ccncn1,Cc1ccc(NC(=O)c2cccc(C(=O)Nc3ccc4ccccc4c3)c2)cc1Nc1ncccc1-c1ccncn1,6.5154486,-6.134973
570,mol265,-12.99,Cn1c2c(c3ccccc31)Cc1ccc(NC(=O)c3ccc(C(F)(F)F)cc3)cc1CC2,Cn1c2c(c3ccccc31)Cc1ccc(NC(=O)c3ccc(C(F)(F)F)cc3)cc1CC2,6.69928,-6.1017175
90,mol442,-12.99,Cc1cccc(NS(=O)(=O)c2cc(C(=O)Nc3ccc(Nc4ccnc5[nH]ccc45)cc3)ccc2Cl)c1,Cc1cccc(NS(=O)(=O)c2cc(C(=O)Nc3ccc(Nc4ccnc5[nH]ccc45)cc3)ccc2Cl)c1,6.66241,-5.599613
580,mol275,-12.99,Cc1ccccc1-c1ccc(C(=O)Nc2ccc(Oc3ccccc3)cc2)cc1,Cc1ccccc1-c1ccc(C(=O)Nc2ccc(Oc3ccccc3)cc2)cc1,5.978639,-7.1222105
210,mol203,-12.99,Cc1ccc(-c2cc(CCCOc3ccc4c(c3)CC[C@@H]4NC(=O)[C@H]3C=CCC3)c(C(=O)O)o2)cc1N,Cc1ccc(-c2cc(CCCOc3ccc4c(c3)CC[C@@H]4NC(=O)[C@H]3C=CCC3)c(C(=O)O)o2)cc1N,7.238418,-5.651951
890,mol3,-12.99,Cc1cc(NC(=O)c2cccc(C(F)(F)F)c2)ccc1Nc1ccnc(Nc2ccc(C(=O)Nc3ccccc3)cc2)n1,Cc1cc(NC(=O)c2cccc(C(F)(F)F)c2)ccc1Nc1ccnc(Nc2ccc(C(=O)Nc3ccccc3)cc2)n1,6.2412615,-6.6397405
710,mol72,-12.98,CN(Cc1cccc2cnccc12)C(=O)c1ccc(C(=O)c2ccc3ccccc3c2)cc1,CN(Cc1cccc2cnccc12)C(=O)c1ccc(C(=O)c2ccc3ccccc3c2)cc1,5.96229,-6.053735
190,mol314,-12.98,Cc1cc(C#N)cc(Nc2ccc(C[C@@H](Nc3ccc(C(=O)N[C@@H](CC(=O)O)C(=O)O)c4ccccc34)C(=O)O)cc2)c1,Cc1cc(C#N)cc(Nc2ccc(C[C@@H](Nc3ccc(C(=O)N[C@@H](CC(=O)O)C(=O)O)c4ccccc34)C(=O)O)cc2)c1,7.2258916,-5.526227
880,mol7,-12.98,Cc1cccc(C(=O)Nc2ccc(NC(=O)c3ccc(C)c(NC(=O)c4ccc(C(C)(C)C)cc4)c3)cc2)c1,Cc1cccc(C(=O)Nc2ccc(NC(=O)c3ccc(C)c(NC(=O)c4ccc(C(C)(C)C)cc4)c3)cc2)c1,6.381387,-6.81894
400,mol372,-12.98,Cc1ccc(C(=O)Nc2ccc(Oc3ccc(C(=O)O)c(C(=O)O)c3)cc2)cc1Nc1ccnc2cc(Cl)ccc12,Cc1ccc(C(=O)Nc2ccc(Oc3ccc(C(=O)O)c(C(=O)O)c3)cc2)cc1Nc1ccnc2cc(Cl)ccc12,6.9212127,-6.073959
40,mol216,-12.98,c1cc(-c2ccc3ncccc3c2)cc(-c2ccnc3[nH]ccc23)c1,c1cc(-c2ccc3ncccc3c2)cc(-c2ccnc3[nH]ccc23)c1,6.0125256,-5.920799
160,mol45,-12.98,NC(N)c1ccccc1-c1cccc(-c2nc3ccccc3c(=O)[nH]2)c1F,NC(N)c1ccccc1-c1cccc(-c2nc3ccccc3c(=O)[nH]2)c1F,6.299207,-5.070103
620,mol401,-12.98,Cc1ccc(NC(=O)c2cccc(C(F)(F)F)n2)cc1C(=O)Nc1ccc(OCc2ccccc2)c(C(=O)O)c1,Cc1ccc(NC(=O)c2cccc(C(F)(F)F)n2)cc1C(=O)Nc1ccc(OCc2ccccc2)c(C(=O)O)c1,6.3968883,-6.2927914
900,mol154,-12.98,COc1cccc(-c2ccc3c(c2)C[C@@H](CNC(=O)c2ccc(Oc4ccccc4)cc2)C3=O)c1,COc1cccc(-c2ccc3c(c2)C[C@@H](CNC(=O)c2ccc(Oc4ccccc4)cc2)C3=O)c1,5.735533,-6.8125515
460,mol482,-12.98,COc1cccc(-c2ccc(C(=O)Nc3cc4c(cc3OC)CN(C(=O)CCc3ccc(O)c(OC)c3)C4)cc2)c1,COc1cccc(-c2ccc(C(=O)Nc3cc4c(cc3OC)CN(C(=O)CCc3ccc(O)c(OC)c3)C4)cc2)c1,6.3063536,-6.2783847
470,mol235,-12.98,Cc1ccc(Nc2nccc(Nc3ccc4c(c3)C/C(=C\NC(=O)c3ccccc3)[C@@H]4C(=O)O)n2)cc1,Cc1ccc(Nc2nccc(Nc3ccc4c(c3)C/C(=C\NC(=O)c3ccccc3)[C@@H]4C(=O)O)n2)cc1,6.248407,-5.5784364
360,mol376,-12.98,Cc1cc(-c2ccccc2C(F)(F)F)ccc1C1CCN(C(=O)c2ccc(N)c(=O)[nH]2)CC1,Cc1cc(-c2ccccc2C(F)(F)F)ccc1C1CCN(C(=O)c2ccc(N)c(=O)[nH]2)CC1,6.627719,-5.5943403
400,mol273,-12.98,Cc1ccc(NC(=O)c2ccc(C(=O)Nc3cccc(-c4nnc(-c5ccccc5)o4)c3)o2)cc1,Cc1ccc(NC(=O)c2ccc(C(=O)Nc3cccc(-c4nnc(-c5ccccc5)o4)c3)o2)cc1,5.9782076,-6.514465
790,mol220,-12.98,Cc1ccc(C(=O)Nc2cccc(C(N)=O)c2)cc1NC(=O)c1ccc(-c2cccnc2)cc1,Cc1ccc(C(=O)Nc2cccc(C(N)=O)c2)cc1NC(=O)c1ccc(-c2cccnc2)cc1,6.354707,-6.0803127
510,mol16,-12.98,Cc1cc(Nc2nc(Nc3ccc(C(=O)O)cc3)nc3ccccc23)ccc1N1Cc2ccccc2C1=O,Cc1cc(Nc2nc(Nc3ccc(C(=O)O)cc3)nc3ccccc23)ccc1N1Cc2ccccc2C1=O,6.131992,-6.086142
500,mol174,-12.97,CC(=O)Nc1ccc(C(=O)Nc2cccc(-c3ccc4cc(C(=O)O)ccc4n3)c2)cc1,CC(=O)Nc1ccc(C(=O)Nc2cccc(-c3ccc4cc(C(=O)O)ccc4n3)c2)cc1,6.2842884,-5.7683964
490,mol53,-12.97,Cc1cc(N)c2cc(NC(=O)c3ccc(C(=O)Nc4ccccc4C(=O)O)cc3)ccc2n1,Cc1cc(N)c2cc(NC(=O)c3ccc(C(=O)Nc4ccccc4C(=O)O)cc3)ccc2n1,6.436986,-5.8356504
180,mol419,-12.97,Cc1cccc(Nc2nccc(-c3cccc(Nc4cccc(C(=O)O)c4)c3)n2)c1,Cc1cccc(Nc2nccc(-c3cccc(Nc4cccc(C(=O)O)c4)c3)n2)c1,6.6345153,-5.724258
470,mol493,-12.97,COc1ccc(NC(=O)Oc2ccc(-c3cnc(N)c(C(=O)NCC(=O)Nc4ccc(C(=O)O)cc4)c3)cc2)cc1,COc1ccc(NC(=O)Oc2ccc(-c3cnc(N)c(C(=O)NCC(=O)Nc4ccc(C(=O)O)cc4)c3)cc2)cc1,6.6158895,-5.876372
290,mol306,-12.97,Cc1cc(C(=O)N2CCc3ccc(B(O)O)cc32)ccc1-c1ccc(NC(=O)Cc2cccc(C(=O)O)c2)cc1,Cc1cc(C(=O)N2CCc3ccc(B(O)O)cc32)ccc1-c1ccc(NC(=O)Cc2cccc(C(=O)O)c2)cc1,6.590404,-5.1031423
380,mol405,-12.97,Cc1cccc(-c2nnc(-c3ccc4c(c3)cc(C(=O)O)n4Cc3ccc(/C=C\C(=O)c4ccccc4)cc3)o2)c1,Cc1cccc(-c2nnc(-c3ccc4c(c3)cc(C(=O)O)n4Cc3ccc(/C=C\C(=O)c4ccccc4)cc3)o2)c1,6.1458335,-6.3870387
300,mol34,-12.97,Cc1ccc2sc(NC(=O)c3ccc4cc(C(=O)O)ccc4c3)nc2c1,Cc1ccc2sc(NC(=O)c3ccc4cc(C(=O)O)ccc4c3)nc2c1,6.2321715,-5.742323
370,mol255,-12.97,Cc1cc(NC(=O)c2ccc(C(=O)Nc3cccc(C(F)(F)F)c3)cc2C(=O)O)ccc1Sc1ccc(F)c(N)c1,Cc1cc(NC(=O)c2ccc(C(=O)Nc3cccc(C(F)(F)F)c3)cc2C(=O)O)ccc1Sc1ccc(F)c(N)c1,6.7249994,-6.3329506
900,mol497,-12.97,CN(Cc1ccc(NC(=O)c2cc3ccccc3o2)cc1)C(=O)c1ccc(-c2cnc(N)c(C(=O)c3ccccc3)c2)o1,CN(Cc1ccc(NC(=O)c2cc3ccccc3o2)cc1)C(=O)c1ccc(-c2cnc(N)c(C(=O)c3ccccc3)c2)o1,6.510808,-6.2683125
130,mol310,-12.97,Cc1ccc(C(=O)Nc2ccc(F)c([C@]3(C)[NH+]=C(N)OCC3(F)F)c2)cc1C#Cc1ccc2ccccc2n1,Cc1ccc(C(=O)Nc2ccc(F)c([C@]3(C)[NH+]=C(N)OCC3(F)F)c2)cc1C#Cc1ccc2ccccc2n1,6.5932446,-6.0233436
840,mol490,-12.97,CCc1ccc(-c2ccc(NC(=O)c3cc4ccccc4nc3N)cc2)cc1,CCc1ccc(-c2ccc(NC(=O)c3cc4ccccc4nc3N)cc2)cc1,6.0319247,-6.5770183
280,mol60,-12.97,Cc1ccccc1-c1cccc(C(=O)Nc2ncc(Cc3ccc(C(=O)Nc4ccccc4)cc3)s2)c1,Cc1ccccc1-c1cccc(C(=O)Nc2ncc(Cc3ccc(C(=O)Nc4ccccc4)cc3)s2)c1,6.3492184,-7.089349
190,mol101,-12.97,Cc1cc(C)nc(SCC(=O)Nc2ccc(Cc3ccc(NC(=O)c4cccc(C(F)(F)F)c4)cc3)cc2)n1,Cc1cc(C)nc(SCC(=O)Nc2ccc(Cc3ccc(NC(=O)c4cccc(C(F)(F)F)c4)cc3)cc2)n1,6.5783577,-6.8642673
610,mol458,-12.97,Cc1ccc(Oc2ccc(NC(=O)c3ccc(/C=C/c4ccc(C(=O)O)cc4)cc3)cc2S(=O)(=O)[PH](O)(O)O)cc1,Cc1ccc(Oc2ccc(NC(=O)c3ccc(/C=C/c4ccc(C(=O)O)cc4)cc3)cc2S(=O)(=O)[PH](O)(O)O)cc1,6.408765,-5.5742702
570,mol209,-12.97,Cc1ccc(NC(=O)c2cccc(-c3ccccc3Cl)c2C(=O)O)cc1F,Cc1ccc(NC(=O)c2cccc(-c3ccccc3Cl)c2C(=O)O)cc1F,6.9889293,-5.364942
880,mol270,-12.97,Cc1ccc(C(=O)Nc2cccc(Nc3nc(Nc4cccc(O)c4)nc4ccccc34)c2)cc1,Cc1ccc(C(=O)Nc2cccc(Nc3nc(Nc4cccc(O)c4)nc4ccccc34)c2)cc1,5.976446,-6.6461277
340,mol379,-12.97,Cc1c(Oc2ccc(C(=O)NCc3cc(OC(F)(F)F)ccc3F)cc2)ccc2c1C(=O)N([C@H]1CCCC[C@@H]1O)C2=O,Cc1c(Oc2ccc(C(=O)NCc3cc(OC(F)(F)F)ccc3F)cc2)ccc2c1C(=O)N([C@H]1CCCC[C@@H]1O)C2=O,7.153112,-6.5176044
310,mol169,-12.97,Cc1cnc(Nc2ncc(C(=O)Nc3ccc4ccc(C(=O)NCc5ccccn5)cc4c3)s2)cn1,Cc1cnc(Nc2ncc(C(=O)Nc3ccc4ccc(C(=O)NCc5ccccn5)cc4c3)s2)cn1,6.5625324,-5.7109118
120,mol102,-12.97,Cn1c(Nc2cccc(C(=O)Nc3cccc(CNC(=O)c4cccc(-c5ccccc5CNC(N)N)c4)c3)c2)nnc1-c1cccc(C(F)(F)F)n1,Cn1c(Nc2cccc(C(=O)Nc3cccc(CNC(=O)c4cccc(-c5ccccc5CNC(N)N)c4)c3)c2)nnc1-c1cccc(C(F)(F)F)n1,6.802229,-5.9956856
270,mol393,-12.97,Nc1ccc(-c2cccc(C(=O)Nc3ccc4nc(NC(=O)Cc5ccccc5)sc4c3)c2)cn1,Nc1ccc(-c2cccc(C(=O)Nc3ccc4nc(NC(=O)Cc5ccccc5)sc4c3)c2)cn1,6.100974,-6.8928366
590,mol41,-12.96,Cc1cc(Nc2cc(N)ncn2)ccc1NC(=O)c1ccc(NC(=O)Nc2ccccc2)cc1,Cc1cc(Nc2cc(N)ncn2)ccc1NC(=O)c1ccc(NC(=O)Nc2ccccc2)cc1,6.596171,-6.345456
290,mol216,-12.96,Cc1cc(NS(=O)(=O)c2ccc3nc(N)[nH]c(=O)c3c2)ccc1Nc1ccc2c(c1)CCC2=O,Cc1cc(NS(=O)(=O)c2ccc3nc(N)[nH]c(=O)c3c2)ccc1Nc1ccc2c(c1)CCC2=O,6.8373814,-5.153022
190,mol46,-12.96,Cc1oc(-c2ccccc2)nc1CCOc1ccc(C(=O)Nc2ccc(F)c([C@@]3(C)[NH+]=C(N)OC[C@H]3C(F)(F)F)c2)cc1,Cc1oc(-c2ccccc2)nc1CCOc1ccc(C(=O)Nc2ccc(F)c([C@@]3(C)[NH+]=C(N)OC[C@H]3C(F)(F)F)c2)cc1,6.874098,-5.5532293
580,mol186,-12.96,CC(=O)Nc1cccc(NC(=O)Nc2cccc(Nc3ncnc4ccccc34)c2)c1,CC(=O)Nc1cccc(NC(=O)Nc2cccc(Nc3ncnc4ccccc34)c2)c1,6.6523547,-6.2596035
230,mol197,-12.96,Cc1nn(C2CCCCCC2)c2cc(N(Cc3cccc(-c4cccnc4)c3)C(=O)c3cccc(C(=O)Nc4cccc(C(F)(F)F)c4)c3)ccc12,Cc1nn(C2CCCCCC2)c2cc(N(Cc3cccc(-c4cccnc4)c3)C(=O)c3cccc(C(=O)Nc4cccc(C(F)(F)F)c4)c3)ccc12,6.2996974,-6.2847805
240,mol7,-12.96,CC(=O)Nc1ccc(NC(=O)c2cccc(Nc3nccc(Nc4cccc(C(=O)Nc5ccccc5)c4)n3)c2)cc1,CC(=O)Nc1ccc(NC(=O)c2cccc(Nc3nccc(Nc4cccc(C(=O)Nc5ccccc5)c4)n3)c2)cc1,6.65279,-6.385774
240,mol273,-12.96,Cc1ccc(-c2cccc(-c3ccc(C(=O)Nc4cccc(C(=O)O)c4CO)c(C)c3)c2)cc1,Cc1ccc(-c2cccc(-c3ccc(C(=O)Nc4cccc(C(=O)O)c4CO)c(C)c3)c2)cc1,6.2496495,-6.341117
100,mol282,-12.96,Cc1ccc(NC(=O)c2ccc(C[C@H]3CC[N@H+](Cc4ccccc4)CC3)cc2)cc1Nc1nccc(-c2cccnc2Oc2ccc(C(N)=O)cc2)n1,Cc1ccc(NC(=O)c2ccc(C[C@H]3CC[N@H+](Cc4ccccc4)CC3)cc2)cc1Nc1nccc(-c2cccnc2Oc2ccc(C(N)=O)cc2)n1,6.7856336,-6.04131
290,mol497,-12.96,CNc1cc(-c2ccc3c(c2)CCCN3C(=O)C(=O)Nc2ccc(CC(=O)O)cc2)nc(N)n1,CNc1cc(-c2ccc3c(c2)CCCN3C(=O)C(=O)Nc2ccc(CC(=O)O)cc2)nc(N)n1,6.8561034,-3.756385
760,mol469,-12.96,Cc1ccc(Oc2cccc(NC(=O)c3ccc(C)c(Nc4ccnc(Nc5ccccc5)n4)c3)c2)c(C)c1,Cc1ccc(Oc2cccc(NC(=O)c3ccc(C)c(Nc4ccnc(Nc5ccccc5)n4)c3)c2)c(C)c1,6.0785093,-7.3544793
870,mol142,-12.96,Cn1cc(-c2cccc(Nc3ccnc4cc(-c5ccccc5)cnc34)c2)cn1,Cn1cc(-c2cccc(Nc3ccnc4cc(-c5ccccc5)cnc34)c2)cn1,6.338546,-5.8413286
390,mol208,-12.96,Cc1cccc(C(=O)Nc2ccc(C(=O)Nc3cccc(B(O)O)c3)cc2C(=O)O)c1,Cc1cccc(C(=O)Nc2ccc(C(=O)Nc3cccc(B(O)O)c3)cc2C(=O)O)c1,6.5956283,-3.9859397
900,mol419,-12.96,Cc1cc(NC(=O)c2ccc(Nc3ccc4ncc(-c5ccccc5)nc4n3)cc2)no1,Cc1cc(NC(=O)c2ccc(Nc3ccc4ncc(-c5ccccc5)nc4n3)cc2)no1,6.380828,-6.882126
80,mol243,-12.96,Cc1ccc(C(=O)Nc2ccc(S(O)(O)O)c3ccccc23)cc1NC(=O)c1ccc2ccccc2n1,Cc1ccc(C(=O)Nc2ccc(S(O)(O)O)c3ccccc23)cc1NC(=O)c1ccc2ccccc2n1,6.331846,-6.2705336
970,mol412,-12.96,Oc1ccc(-c2ccc(O)c(Cc3ccc(-c4ccccc4)cc3)c2)cc1,Oc1ccc(-c2ccc(O)c(Cc3ccc(-c4ccccc4)cc3)c2)cc1,6.0745616,-5.810144
530,mol464,-12.96,Cc1ccc(C(=O)Nc2ccc(Oc3ccnc4cc(-c5ccccc5)ccc34)cc2)cc1,Cc1ccc(C(=O)Nc2ccc(Oc3ccnc4cc(-c5ccccc5)ccc34)cc2)cc1,5.582037,-7.364318
320,mol349,-12.96,Cc1ccc(S(=O)(=O)Nc2ccc(C(=O)c3cccc(C(=O)O)c3)cc2C(=O)O)c(C(=O)O)c1,Cc1ccc(S(=O)(=O)Nc2ccc(C(=O)c3cccc(C(=O)O)c3)cc2C(=O)O)c(C(=O)O)c1,6.9388013,-4.1469626
670,mol359,-12.96,Cn1nc(-c2cnc(N)c(-c3cccc(Cc4ncc(-c5ccccc5)[nH]4)c3)n2)cc1C(=O)Nc1ccc(C#N)cc1,Cn1nc(-c2cnc(N)c(-c3cccc(Cc4ncc(-c5ccccc5)[nH]4)c3)n2)cc1C(=O)Nc1ccc(C#N)cc1,6.7593465,-6.7367144
110,mol154,-12.96,c1ccc(C[N@H+]2CC[C@@H](NCc3ccc(-c4ccc5n[nH]c(-c6ccccc6)c5c4)cc3)CC2)cc1,c1ccc(C[N@H+]2CC[C@@H](NCc3ccc(-c4ccc5n[nH]c(-c6ccccc6)c5c4)cc3)CC2)cc1,6.0916443,-5.7165737
360,mol166,-12.96,CN1Cc2c(CNC(=O)c3ccc4ncccc4c3)csc2C=C1c1ccc(NC(=O)Nc2ccc(Cl)c(C(F)(F)F)c2)cc1,CN1Cc2c(CNC(=O)c3ccc4ncccc4c3)csc2C=C1c1ccc(NC(=O)Nc2ccc(Cl)c(C(F)(F)F)c2)cc1,6.878881,-6.44529
630,mol34,-12.96,Cc1cccc(-c2cc(NCc3ccc(-c4cccc(C(=O)O)c4)cc3)ccn2)c1,Cc1cccc(-c2cc(NCc3ccc(-c4cccc(C(=O)O)c4)cc3)ccn2)c1,5.994281,-5.6187243
370,mol299,-12.96,CC(=O)Nc1c(C(=O)Nc2ccc(F)c(C(=O)Nc3cccc(Oc4ccccc4)c3)c2)ccc(C(C)(C)O)c1F,CC(=O)Nc1c(C(=O)Nc2ccc(F)c(C(=O)Nc3cccc(Oc4ccccc4)c3)c2)ccc(C(C)(C)O)c1F,6.9717736,-6.828208
110,mol346,-12.95,Cc1cccc(C[N@H+]2CC[C@@H](CNC(=O)c3ccc4cc(C(N)N)ccc4c3)CC2)c1,Cc1cccc(C[N@H+]2CC[C@@H](CNC(=O)c3ccc4cc(C(N)N)ccc4c3)CC2)c1,6.6977415,-2.6456094
690,mol33,-12.95,Cc1ccc(COc2ccc(NC(=O)c3ccc(C#N)c4ccccc34)cc2C(=O)O)cc1,Cc1ccc(COc2ccc(NC(=O)c3ccc(C#N)c4ccccc34)cc2C(=O)O)cc1,6.414977,-6.623338
420,mol141,-12.95,Cc1cccc(CNC(=O)Nc2cccc(C(=O)Nc3ccc4ccn(-c5cccc(C(=O)O)c5)c4c3)c2)c1,Cc1cccc(CNC(=O)Nc2cccc(C(=O)Nc3ccc4ccn(-c5cccc(C(=O)O)c5)c4c3)c2)c1,6.313568,-5.962551
200,mol484,-12.95,Cc1c(C(=O)Nc2cccc(Oc3ccc4c(c3)C(F)(F)CN4S(C)(=O)=O)c2F)ccc(C#N)c1Cl,Cc1c(C(=O)Nc2cccc(Oc3ccc4c(c3)C(F)(F)CN4S(C)(=O)=O)c2F)ccc(C#N)c1Cl,7.0984173,-6.7134285
870,mol165,-12.95,Cc1ccc(C(=O)Nc2ccc(S(O)(O)O)c3ccccc23)cc1Nc1nccc(-c2cccnc2)n1,Cc1ccc(C(=O)Nc2ccc(S(O)(O)O)c3ccccc23)cc1Nc1nccc(-c2cccnc2)n1,6.766533,-6.023448
460,mol388,-12.95,Cc1ccc(S(=O)(=O)Nc2ccc3cc(C(N)N)ccc3c2)cc1NC(=O)c1cccc(NC(=O)Nc2ccccc2)c1,Cc1ccc(S(=O)(=O)Nc2ccc3cc(C(N)N)ccc3c2)cc1NC(=O)c1cccc(NC(=O)Nc2ccccc2)c1,6.4623814,-5.9333687
870,mol261,-12.95,Cc1ccc(CNC(=O)c2cccc(C(=O)Nc3cccc(CNC(=O)c4cccc(C(F)(F)F)c4)c3)c2)cc1,Cc1ccc(CNC(=O)c2cccc(C(=O)Nc3cccc(CNC(=O)c4cccc(C(F)(F)F)c4)c3)c2)cc1,6.088086,-6.907968
400,mol104,-12.95,Cc1ccc(NC(=O)Nc2cccc(-c3nncn3Cc3ccc(-c4ccccc4)cc3)c2)cc1,Cc1ccc(NC(=O)Nc2cccc(-c3nncn3Cc3ccc(-c4ccccc4)cc3)c2)cc1,5.620618,-6.6607785
760,mol475,-12.95,COc1cc(OCc2ccc(-c3cc4ccccc4o3)cc2)cc(-c2ccc(S(=O)(=O)Nc3cccc(Oc4ncncn4)c3)cc2)c1,COc1cc(OCc2ccc(-c3cc4ccccc4o3)cc2)cc(-c2ccc(S(=O)(=O)Nc3cccc(Oc4ncncn4)c3)cc2)c1,6.04681,-7.37546
300,mol67,-12.95,Cc1cc(NC(=O)Nc2ccc(Nc3ccnc4ccccc34)cc2)cc(N2CCOCC2)c1,Cc1cc(NC(=O)Nc2ccc(Nc3ccnc4ccccc34)cc2)cc(N2CCOCC2)c1,6.21304,-5.9841638
720,mol272,-12.95,Cc1ccc(Nc2ncnc(-c3cccc(C(=O)Nc4ccncn4)c3)n2)cc1C,Cc1ccc(Nc2ncnc(-c3cccc(C(=O)Nc4ccncn4)c3)n2)cc1C,6.8419514,-5.497768
330,mol482,-12.95,CN(Cc1cc(C(=O)O)n(-c2ccc(C(=O)NS(=O)(=O)c3cccc4ccccc34)cc2)c1)c1ccnc(Nc2cccc(N3CCCC3)c2)n1,CN(Cc1cc(C(=O)O)n(-c2ccc(C(=O)NS(=O)(=O)c3cccc4ccccc34)cc2)c1)c1ccnc(Nc2cccc(N3CCCC3)c2)n1,6.856546,-5.5655117
410,mol143,-12.95,Cc1cc(C(=O)N2CCN(c3ncc(C(=O)NCc4ccccc4)c4ccccc34)CC2)ccc1NC(=O)c1ccccc1,Cc1cc(C(=O)N2CCN(c3ncc(C(=O)NCc4ccccc4)c4ccccc34)CC2)ccc1NC(=O)c1ccccc1,6.5894346,-6.286586
750,mol499,-12.95,Nc1ccc(C(=O)Nc2ccc(F)cc2)cc1NC(=O)c1ccc(-c2ccccc2)cc1,Nc1ccc(C(=O)Nc2ccc(F)cc2)cc1NC(=O)c1ccc(-c2ccccc2)cc1,5.9554043,-7.1465573
710,mol177,-12.95,CN(C)C(=O)c1cccc(Nc2ncnc(-c3cccnc3Nc3cccc(C(=O)Nc4cccc(C(=O)Nc5ccccc5)c4)c3)n2)c1,CN(C)C(=O)c1cccc(Nc2ncnc(-c3cccnc3Nc3cccc(C(=O)Nc4cccc(C(=O)Nc5ccccc5)c4)c3)n2)c1,6.812667,-6.5085216
440,mol67,-12.95,Cc1cc(NC(=O)c2ccc(C(=O)Nc3ccc(C(=O)NC(C)C)cc3)cc2)ccc1Nc1nccc(-c2ccncc2)n1,Cc1cc(NC(=O)c2ccc(C(=O)Nc3ccc(C(=O)NC(C)C)cc3)cc2)ccc1Nc1nccc(-c2ccncc2)n1,6.88095,-6.449719
320,mol431,-12.95,Cc1c(C(=O)c2ccccc2)oc2cccc(Oc3cccc(NC(=O)c4ccccc4O)c3)c12,Cc1c(C(=O)c2ccccc2)oc2cccc(Oc3cccc(NC(=O)c4ccccc4O)c3)c12,5.9303236,-7.0928144
140,mol62,-12.95,Cc1nc(Nc2ncc(C(=O)Nc3ccc(Oc4ccncc4)cc3C(F)(F)F)c(=O)[nH]2)cc(N2CC[C@H](O)C2)n1,Cc1nc(Nc2ncc(C(=O)Nc3ccc(Oc4ccncc4)cc3C(F)(F)F)c(=O)[nH]2)cc(N2CC[C@H](O)C2)n1,6.896614,-5.8305492
910,mol164,-12.95,Cc1ccc(C(=O)NCc2cccc(-c3ccc(C(=O)N[C@H](C)c4ccccc4)cc3)c2)cc1,Cc1ccc(C(=O)NCc2cccc(-c3ccc(C(=O)N[C@H](C)c4ccccc4)cc3)c2)cc1,5.78522,-6.2355275
300,mol297,-12.95,Cc1cc(Nc2ccc(C(=O)Nc3cc(C(=O)NCCCNC(N)N)ccc3N)cc2)cc(Nc2ccnc3nc[nH]c23)c1,Cc1cc(Nc2ccc(C(=O)Nc3cc(C(=O)NCCCNC(N)N)ccc3N)cc2)cc(Nc2ccnc3nc[nH]c23)c1,7.262962,-5.009344
200,mol8,-12.94,Cc1nc(COc2ccc(-c3ccc(CC(C(=O)O)C(=O)O)cc3)cc2F)ccc1-c1ccc(=O)[nH]n1,Cc1nc(COc2ccc(-c3ccc(CC(C(=O)O)C(=O)O)cc3)cc2F)ccc1-c1ccc(=O)[nH]n1,6.9502554,-5.642536
870,mol327,-12.94,Cc1ccc(NC(=O)c2ccc(-c3ccccc3)cc2)cc1Nc1nccc(-c2cccnc2)n1,Cc1ccc(NC(=O)c2ccc(-c3ccccc3)cc2)cc1Nc1nccc(-c2cccnc2)n1,5.930223,-6.431238
310,mol178,-12.94,CC(=O)Nc1cccc(-c2cccc(Nc3ncnc(Nc4ccc(Oc5ccccc5)cc4)n3)c2)c1,CC(=O)Nc1cccc(-c2cccc(Nc3ncnc(Nc4ccc(Oc5ccccc5)cc4)n3)c2)c1,6.0881763,-7.2868896
590,mol224,-12.94,CC(=O)Nc1cccc(NC(=O)c2cccc(NC(=O)c3ccc4ccccc4n3)c2)c1,CC(=O)Nc1cccc(NC(=O)c2cccc(NC(=O)c3ccc4ccccc4n3)c2)c1,6.428965,-6.242963
340,mol224,-12.94,Cc1ccc(-c2nc(-c3ccc(C(=O)Nc4ccc(C(=O)O)cc4)cc3)cn2CC(=O)Nc2ccc(-c3ccncc3)cc2)cc1,Cc1ccc(-c2nc(-c3ccc(C(=O)Nc4ccc(C(=O)O)cc4)cc3)cn2CC(=O)Nc2ccc(-c3ccncc3)cc2)cc1,6.462651,-5.8094883
320,mol194,-12.94,Cc1cc(C(=O)Nc2cc(C(F)(F)F)on2)ccc1-c1ccc2c(Nc3ccc(S(=O)(=O)NC(N)=O)cc3)nccn12,Cc1cc(C(=O)Nc2cc(C(F)(F)F)on2)ccc1-c1ccc2c(Nc3ccc(S(=O)(=O)NC(N)=O)cc3)nccn12,6.680838,-6.44315
880,mol272,-12.94,Cc1ccc(Oc2cccc(C(=O)Nc3ccccc3)c2)cc1NC(=O)c1cccc(C(F)(F)F)c1,Cc1ccc(Oc2cccc(C(=O)Nc3ccccc3)c2)cc1NC(=O)c1cccc(C(F)(F)F)c1,6.270396,-7.306778
250,mol210,-12.94,Cc1cc(C(=O)NC(=O)c2ccc(C(=O)Nc3cccc(C(=O)O)c3)o2)ccc1NC(=O)c1ccccc1,Cc1cc(C(=O)NC(=O)c2ccc(C(=O)Nc3cccc(C(=O)O)c3)o2)ccc1NC(=O)c1ccccc1,6.932869,-6.1169868
390,mol364,-12.94,Cc1cc(C(=O)Nc2ccc(C(=O)Nc3cccc(C(=O)O)c3)cc2)cc(-c2ccc(C#N)cc2)c1,Cc1cc(C(=O)Nc2ccc(C(=O)Nc3cccc(C(=O)O)c3)cc2)cc(-c2ccc(C#N)cc2)c1,6.3287435,-6.4013076
990,mol54,-12.94,Cc1ccc(C(=O)NCc2ccco2)cc1NC(=O)c1cccc(-c2nnc(-c3ccc(S(N)(=O)=O)cc3)s2)c1,Cc1ccc(C(=O)NCc2ccco2)cc1NC(=O)c1cccc(-c2nnc(-c3ccc(S(N)(=O)=O)cc3)s2)c1,6.7209735,-5.6612473
500,mol357,-12.94,OB(O)c1ccc(Cc2cc(Oc3cccc4ccccc34)ccc2O)cc1,OB(O)c1ccc(Cc2cc(Oc3cccc4ccccc34)ccc2O)cc1,6.403975,-4.6448073
700,mol0,-12.94,Cc1cccc(C(=O)Nc2cccc(C(=O)N3CCC(c4cccc(C(=O)O)c4)CC3)c2)c1,Cc1cccc(C(=O)Nc2cccc(C(=O)N3CCC(c4cccc(C(=O)O)c4)CC3)c2)c1,6.432489,-5.2096095
520,mol63,-12.94,Cc1c(Nc2ccccc2C(=O)O)cccc1-c1cnc(Nc2ccc(F)c(C(=O)NCC(F)(F)F)c2)[nH]c1=O,Cc1c(Nc2ccccc2C(=O)O)cccc1-c1cnc(Nc2ccc(F)c(C(=O)NCC(F)(F)F)c2)[nH]c1=O,6.5917854,-6.751325
500,mol449,-12.94,Cc1ccc(-c2nc(N)cc(Nc3cccc(C(=O)Nc4ccc(Cl)cc4)c3)n2)cc1,Cc1ccc(-c2nc(N)cc(Nc3cccc(C(=O)Nc4ccc(Cl)cc4)c3)n2)cc1,6.1364117,-6.610461
460,mol187,-12.94,Cn1cc(-c2ccc(Oc3cccc(OCc4cccc(NC(=O)[C@]5(C)CCS(=O)(=O)C5)c4)c3)cc2C(F)(F)F)cn1,Cn1cc(-c2ccc(Oc3cccc(OCc4cccc(NC(=O)[C@]5(C)CCS(=O)(=O)C5)c4)c3)cc2C(F)(F)F)cn1,6.790088,-6.3797092
170,mol263,-12.94,Cc1cc(NCc2cccc(C(N)=O)c2)cc(Nc2nccc(Nc3ccc4c(Cc5ccccc5)ncnc4c3)n2)c1,Cc1cc(NCc2cccc(C(N)=O)c2)cc(Nc2nccc(Nc3ccc4c(Cc5ccccc5)ncnc4c3)n2)c1,6.030319,-5.9683585
750,mol344,-12.94,Cc1ccc(C(=O)Nc2ccon2)cc1NC(=O)c1ccc(NC(=O)c2cccc(C(=O)O)c2)cc1,Cc1ccc(C(=O)Nc2ccon2)cc1NC(=O)c1ccc(NC(=O)c2cccc(C(=O)O)c2)cc1,6.6285324,-5.7665143
180,mol265,-12.94,Nc1nc(-c2ccc(C(=O)/N=N/c3ccc(Cl)cc3)cc2)cc(N2CC[NH+](CCc3ccccc3)CC2)n1,Nc1nc(-c2ccc(C(=O)/N=N/c3ccc(Cl)cc3)cc2)cc(N2CC[NH+](CCc3ccccc3)CC2)n1,6.5493975,-5.138762
630,mol217,-12.94,Cc1ccc(C(=O)Nc2ccc(Cn3nc(NC(=O)c4ccc(OCc5ccccc5)cc4)ccc3=O)cc2)cc1,Cc1ccc(C(=O)Nc2ccc(Cn3nc(NC(=O)c4ccc(OCc5ccccc5)cc4)ccc3=O)cc2)cc1,5.995952,-6.971419
680,mol490,-12.94,Cc1ccc(C(=O)Nc2ccc(-c3ccnc4ccccc34)cc2)cc1,Cc1ccc(C(=O)Nc2ccc(-c3ccnc4ccccc34)cc2)cc1,5.797044,-6.191149
160,mol269,-12.94,CN1c2ccc(-c3ccc(C(=O)NS(=O)(=O)Cc4cccc(Cl)c4)cc3)cc2[C@H](Nc2ccc(C(N)N)cc2)CC1(C)C,CN1c2ccc(-c3ccc(C(=O)NS(=O)(=O)Cc4cccc(Cl)c4)cc3)cc2[C@H](Nc2ccc(C(N)N)cc2)CC1(C)C,6.4518943,-6.2834396
960,mol67,-12.94,Cc1cccc(-n2nc(C(=O)O)cc2NC(=O)Nc2ccc(Sc3cccc(-c4nn[nH]c4-c4ccccc4)c3)cc2)c1,Cc1cccc(-n2nc(C(=O)O)cc2NC(=O)Nc2ccc(Sc3cccc(-c4nn[nH]c4-c4ccccc4)c3)cc2)c1,6.2678366,-6.6578665
500,mol349,-12.94,Cc1cnc(-c2cccc(Nc3nccc(-c4ccc5ncccc5c4)n3)c2)o1,Cc1cnc(-c2cccc(Nc3nccc(-c4ccc5ncccc5c4)n3)c2)o1,6.1573515,-6.0683947
680,mol316,-12.94,CC(=O)Nc1cccc(-c2cccc(Nc3cc(-c4ccccc4)ncn3)c2)c1,CC(=O)Nc1cccc(-c2cccc(Nc3cc(-c4ccccc4)ncn3)c2)c1,6.2553997,-6.3065286
300,mol91,-12.94,Cc1ccc(Nc2ccc(C(=O)Nc3ccc(Oc4ccccc4S(N)(=O)=O)cc3)c(C(=O)O)c2)cc1,Cc1ccc(Nc2ccc(C(=O)Nc3ccc(Oc4ccccc4S(N)(=O)=O)cc3)c(C(=O)O)c2)cc1,6.5114045,-6.178761
220,mol303,-12.94,Cc1ccc(C(=O)Nc2cc(C(F)(F)F)ccc2N2CCCCC2)cc1NC(=O)c1cnc(-c2ccccc2Cl)s1,Cc1ccc(C(=O)Nc2cc(C(F)(F)F)ccc2N2CCCCC2)cc1NC(=O)c1cnc(-c2ccccc2Cl)s1,6.949413,-6.6422
290,mol71,-12.94,Cc1cc(Nc2cc(C(F)(F)F)ccn2)nc(-c2ccc(C(=O)Nc3ccc(CN4CCC(C(=O)O)CC4)cc3)cc2F)c1,Cc1cc(Nc2cc(C(F)(F)F)ccn2)nc(-c2ccc(C(=O)Nc3ccc(CN4CCC(C(=O)O)CC4)cc3)cc2F)c1,7.1762714,-6.0985613
860,mol131,-12.94,Cc1cccc(C(=O)Nc2ccc(Oc3ccc4ccccc4c3)cc2)c1,Cc1cccc(C(=O)Nc2ccc(Oc3ccc4ccccc4c3)cc2)c1,5.8486934,-6.806824
830,mol498,-12.94,Cc1ccccc1-c1ccc(C(=O)Nc2ccc(C(=O)NO)cc2)cc1,Cc1ccccc1-c1ccc(C(=O)Nc2ccc(C(=O)NO)cc2)cc1,6.485224,-5.323088
620,mol460,-12.94,Cc1ccc(NC(=O)c2cccc(N3CCCCC3)c2)cc1Nc1nccc(-c2cccnc2)n1,Cc1ccc(NC(=O)c2cccc(N3CCCCC3)c2)cc1Nc1nccc(-c2cccnc2)n1,6.5307813,-5.6923685
320,mol224,-12.94,Cc1cccc(Cc2cc(NC(=O)c3cccc4ccccc34)ncn2)c1,Cc1cccc(Cc2cc(NC(=O)c3cccc4ccccc34)ncn2)c1,6.35569,-5.623474
40,mol385,-12.94,Nc1cccc(CNC(=O)Nc2cccc(-c3cccc4cc[nH]c34)c2)c1,Nc1cccc(CNC(=O)Nc2cccc(-c3cccc4cc[nH]c34)c2)c1,6.4625497,-5.171835
240,mol255,-12.93,Cc1ccccc1Nc1nccc(-c2cccnc2Oc2ccc(NC(=O)Nc3cccc(C(F)(F)F)c3)cc2)n1,Cc1ccccc1Nc1nccc(-c2cccnc2Oc2ccc(NC(=O)Nc3cccc(C(F)(F)F)c3)cc2)n1,6.3912296,-7.145826
880,mol329,-12.93,CNc1ccccc1-c1cccc(Nc2ccnc3cc(Nc4cccc(C(=O)/C=C/c5ccccc5)c4)c4n[nH]cc4c23)c1,CNc1ccccc1-c1cccc(Nc2ccnc3cc(Nc4cccc(C(=O)/C=C/c5ccccc5)c4)c4n[nH]cc4c23)c1,6.056292,-6.395291
340,mol127,-12.93,Cc1cc(Nc2cc(C(F)(F)F)ccn2)nc(-c2cc(C(=O)Nc3ccc4[nH]cc(C=O)c4c3)cnc2N)c1,Cc1cc(Nc2cc(C(F)(F)F)ccn2)nc(-c2cc(C(=O)Nc3ccc4[nH]cc(C=O)c4c3)cnc2N)c1,6.251331,-6.369256
990,mol56,-12.93,CNC(=O)c1cccc(Oc2cccc(Nc3nccc(-c4cccc(C(=O)O)c4)n3)c2)c1,CNC(=O)c1cccc(Oc2cccc(Nc3nccc(-c4cccc(C(=O)O)c4)n3)c2)c1,6.509334,-5.9820194
520,mol38,-12.93,Cc1nn(Cc2cccc(C(=O)NCc3cccc(-c4ccccc4)c3)c2)c(N)c1Cc1cccc(C(=O)O)c1,Cc1nn(Cc2cccc(C(=O)NCc3cccc(-c4ccccc4)c3)c2)c(N)c1Cc1cccc(C(=O)O)c1,6.3829265,-5.9456263
930,mol467,-12.93,COc1cc(-c2ccc(NC(=O)Nc3cccnc3)cc2)ccc1NC(=O)Nc1cccc(NC(=O)c2ccco2)c1,COc1cc(-c2ccc(NC(=O)Nc3cccnc3)cc2)ccc1NC(=O)Nc1cccc(NC(=O)c2ccco2)c1,6.3315268,-7.188574
520,mol460,-12.93,CN(c1ccc(C(=O)NCc2ccnc(Nc3ccnc4ccccc34)c2)cc1)S(=O)(=O)c1ccc2ccccc2c1,CN(c1ccc(C(=O)NCc2ccnc(Nc3ccnc4ccccc34)c2)cc1)S(=O)(=O)c1ccc2ccccc2c1,6.302899,-5.816343
330,mol24,-12.93,Cn1cc(-c2cnc3scc(-c4ccc(Oc5ccccc5)cc4)c3c2)cc1C(=O)Nc1cccc(C(=O)O)c1,Cn1cc(-c2cnc3scc(-c4ccc(Oc5ccccc5)cc4)c3c2)cc1C(=O)Nc1cccc(C(=O)O)c1,6.2012243,-6.4509616
270,mol97,-12.93,Nc1ccc(-c2cccc(-c3ccnc(Nc4cccc(O)c4)n3)c2)cc1,Nc1ccc(-c2cccc(-c3ccnc(Nc4cccc(O)c4)n3)c2)cc1,6.20573,-5.844078
930,mol255,-12.93,COc1cccc(-c2ccc(NC(=O)c3ccc4c(C(=O)c5ccccc5)n[nH]c4c3)cc2)c1,COc1cccc(-c2ccc(NC(=O)c3ccc4c(C(=O)c5ccccc5)n[nH]c4c3)cc2)c1,5.518906,-7.3793254
930,mol299,-12.93,Cc1cccc(Oc2ccc(-c3cccc(CC(=O)O)c3)cc2NC(=O)Nc2ccc(NC(=O)c3ccc(F)cc3)cc2)c1,Cc1cccc(Oc2ccc(-c3cccc(CC(=O)O)c3)cc2NC(=O)Nc2ccc(NC(=O)c3ccc(F)cc3)cc2)c1,6.368201,-6.9353704
500,mol486,-12.93,COc1cc(Nc2ncnc(-c3ccnc(Nc4cccc(C)c4)c3)n2)cc(N2CCCC2=O)c1,COc1cc(Nc2ncnc(-c3ccnc(Nc4cccc(C)c4)c3)n2)cc(N2CCCC2=O)c1,6.267218,-6.050214
700,mol334,-12.93,Cc1ccc(C(=O)Nc2ccc(C[N+](C)(C)C)cc2)cc1NC(=O)c1cc(-c2cc(F)ccc2C(=O)O)ccn1,Cc1ccc(C(=O)Nc2ccc(C[N+](C)(C)C)cc2)cc1NC(=O)c1cc(-c2cc(F)ccc2C(=O)O)ccn1,7.0493646,-5.692907
120,mol364,-12.93,Cc1cc(C(=O)N2CCC(c3nc(-c4ccccc4)no3)CC2)ccc1F,Cc1cc(C(=O)N2CCC(c3nc(-c4ccccc4)no3)CC2)ccc1F,6.809595,-4.0436697
230,mol149,-12.93,CC(=O)N[C@H](Cc1cccc(-c2cccc(-c3nc4ccccc4o3)c2)c1)C(=O)N[C@@H]1CC[N@H+](CC(=O)N2CCOCC2)C1,CC(=O)N[C@H](Cc1cccc(-c2cccc(-c3nc4ccccc4o3)c2)c1)C(=O)N[C@@H]1CC[N@H+](CC(=O)N2CCOCC2)C1,7.297666,-2.8935504
920,mol0,-12.93,Cn1ccc2cc(-c3cc(-c4ccc(Oc5ccccc5)cc4)nc(N)n3)ccc21,Cn1ccc2cc(-c3cc(-c4ccc(Oc5ccccc5)cc4)nc(N)n3)ccc21,5.9668164,-6.1791515
100,mol121,-12.93,CCn1c(-c2cccc(NC(=O)Nc3ccc(Cl)c(C(F)(F)F)c3)c2)cc2c(C)nn(-c3cccc(C(=O)O)c3)c21,CCn1c(-c2cccc(NC(=O)Nc3ccc(Cl)c(C(F)(F)F)c3)c2)cc2c(C)nn(-c3cccc(C(=O)O)c3)c21,6.9620605,-6.226018
390,mol445,-12.93,Nc1cc(-c2cccc(Nc3nc4ccccc4[nH]3)c2)cc(-c2cccc(C(F)(F)F)c2)c1,Nc1cc(-c2cccc(Nc3nc4ccccc4[nH]3)c2)cc(-c2cccc(C(F)(F)F)c2)c1,6.1899376,-6.9397984
740,mol479,-12.93,Cc1ccc(C(=O)Nc2ccc(Oc3ccncc3)cc2)cc1C(=O)Nc1ccnc(Nc2ccccn2)n1,Cc1ccc(C(=O)Nc2ccc(Oc3ccncc3)cc2)cc1C(=O)Nc1ccnc(Nc2ccccn2)n1,6.6145344,-6.6209946
690,mol264,-12.93,Cc1ccc(NC(=O)c2cccc(Cc3ccc(Cl)cc3)c2)cc1NC(=O)c1ccc(C(=O)O)cc1,Cc1ccc(NC(=O)c2cccc(Cc3ccc(Cl)cc3)c2)cc1NC(=O)c1ccc(C(=O)O)cc1,6.3288193,-6.2387867
240,mol3,-12.92,Cc1cc(NC(=O)Nc2cccc(Oc3ncnc4ccc(NC(=O)NCC5CCC5)cc34)c2)[nH]n1,Cc1cc(NC(=O)Nc2cccc(Oc3ncnc4ccc(NC(=O)NCC5CCC5)cc34)c2)[nH]n1,7.3182774,-6.820149
970,mol356,-12.92,Cn1cc(-c2ccc(Cn3ccc(Nc4cc(-c5ccccc5Cl)ccn4)nc3=O)cc2)cn1,Cn1cc(-c2ccc(Cn3ccc(Nc4cc(-c5ccccc5Cl)ccn4)nc3=O)cc2)cn1,5.920003,-6.4355173
350,mol314,-12.92,Cc1ccc(NC(=O)c2ccc(CNC(=O)c3ccc(Oc4ccccc4)cc3)cc2)cc1Nc1nccc(-c2ccn[nH]2)n1,Cc1ccc(NC(=O)c2ccc(CNC(=O)c3ccc(Oc4ccccc4)cc3)cc2)cc1Nc1nccc(-c2ccn[nH]2)n1,6.7945466,-6.8326797
490,mol347,-12.92,Cc1c(C[NH+]2CCN(c3ccc(C(=O)NC(=O)c4ccccc4)cc3)CC2)cccc1Nc1ccccc1C(=O)O,Cc1c(C[NH+]2CCN(c3ccc(C(=O)NC(=O)c4ccccc4)cc3)CC2)cccc1Nc1ccccc1C(=O)O,6.3271165,-4.9386964
860,mol497,-12.92,Cc1ccc(C(=O)Nc2ccc([C@@H](C)Nc3ccc(-c4nc5ccccc5[nH]4)cc3O)cc2)cc1,Cc1ccc(C(=O)Nc2ccc([C@@H](C)Nc3ccc(-c4nc5ccccc5[nH]4)cc3O)cc2)cc1,5.8610415,-6.43671
450,mol208,-12.92,Cc1c(Nc2nccc(Nc3ccc4n[nH]cc4c3)n2)ccc(F)c1NC(=O)c1cccc(C(=O)O)c1,Cc1c(Nc2nccc(Nc3ccc4n[nH]cc4c3)n2)ccc(F)c1NC(=O)c1cccc(C(=O)O)c1,6.425253,-5.5404277
660,mol190,-12.92,Cc1ccc(NC(=O)c2cccc(C(=O)NCc3ccccc3)c2)cc1NC(=O)c1cccc([N+](=O)[O-])c1,Cc1ccc(NC(=O)c2cccc(C(=O)NCc3ccccc3)c2)cc1NC(=O)c1cccc([N+](=O)[O-])c1,6.2303514,-6.353903
840,mol258,-12.92,CN(CC(=O)NCc1ccc(NC(=O)c2ccc(Cl)c(C(=O)O)c2)cc1)C(=O)c1cccc(C(=O)N[C@H](Cc2c[nH]c3ccccc23)C(=O)O)c1,CN(CC(=O)NCc1ccc(NC(=O)c2ccc(Cl)c(C(=O)O)c2)cc1)C(=O)c1cccc(C(=O)N[C@H](Cc2c[nH]c3ccccc23)C(=O)O)c1,6.9337187,-4.16949
440,mol245,-12.92,Cc1ccc(NC(=O)c2cccc(C(F)(F)F)c2)cc1-c1ccc2nc(Nc3ccccc3)sc2c1,Cc1ccc(NC(=O)c2cccc(C(F)(F)F)c2)cc1-c1ccc2nc(Nc3ccccc3)sc2c1,5.8197308,-6.935088
820,mol490,-12.92,Cc1cccc(C(=O)Nc2cccc(C(=O)n3ccc(NC(=O)c4ccccc4Cl)c3)c2)c1,Cc1cccc(C(=O)Nc2cccc(C(=O)n3ccc(NC(=O)c4ccccc4Cl)c3)c2)c1,5.754224,-6.621783
590,mol12,-12.92,Cc1ccc(C(=O)Nc2ccc(Nc3ccnc4cc(Cl)ccc34)cc2)cc1Nc1ncccc1-c1ccncn1,Cc1ccc(C(=O)Nc2ccc(Nc3ccnc4cc(Cl)ccc34)cc2)cc1Nc1ncccc1-c1ccncn1,6.3284063,-6.4175534
630,mol204,-12.92,Nc1ccc(-c2ccc(C(=O)c3ccc4ccccc4c3)cc2C(=O)O)cc1,Nc1ccc(-c2ccc(C(=O)c3ccc4ccccc4c3)cc2C(=O)O)cc1,6.2878113,-5.4703827
820,mol56,-12.92,C[C@H](Nc1cccc(C(=O)O)c1)c1ccc(NC(=O)c2cccc3ccccc23)cc1,C[C@H](Nc1cccc(C(=O)O)c1)c1ccc(NC(=O)c2cccc3ccccc23)cc1,6.2720766,-5.405584
860,mol381,-12.92,COc1cc(NC(=O)c2cccc(-c3ccc(Oc4ccccc4)cc3)c2)cc(Nc2nccc(Nc3ccccc3C(N)=O)n2)c1,COc1cc(NC(=O)c2cccc(-c3ccc(Oc4ccccc4)cc3)c2)cc(Nc2nccc(Nc3ccccc3C(N)=O)n2)c1,5.9717813,-7.3649373
160,mol157,-12.92,Cc1ccc(Nc2nccc(-c3c[nH]c4ccccc34)n2)cc1NC(=O)c1ccc(Cl)cc1Cl,Cc1ccc(Nc2nccc(-c3c[nH]c4ccccc34)n2)cc1NC(=O)c1ccc(Cl)cc1Cl,6.5622153,-6.687326
70,mol48,-12.92,O=C(O)[C@H](Cc1ccc2nc(OCc3cccc(-c4ccccc4)c3)ccc2c1)c1ccccc1,O=C(O)[C@H](Cc1ccc2nc(OCc3cccc(-c4ccccc4)c3)ccc2c1)c1ccccc1,6.1261296,-6.222813
210,mol366,-12.92,Nc1ccc(C(=O)Nc2ccc(Oc3ccc(NC(=O)Nc4ccc(-c5cccnc5)cc4)cc3)cc2)cc1,Nc1ccc(C(=O)Nc2ccc(Oc3ccc(NC(=O)Nc4ccc(-c5cccnc5)cc4)cc3)cc2)cc1,6.2627034,-6.7330666
350,mol351,-12.92,Cc1ccccc1-c1ccc(C(=O)Nc2ccc(-c3ccc(CNC(=O)[C@H]4CC[C@H](C(=O)O)CC4)cc3)cc2)cc1,Cc1ccccc1-c1ccc(C(=O)Nc2ccc(-c3ccc(CNC(=O)[C@H]4CC[C@H](C(=O)O)CC4)cc3)cc2)cc1,6.6705966,-6.25794
520,mol227,-12.92,Cc1ccc(Nc2nccc(-c3ccnc(Nc4cccc(C(=O)O)c4)c3)n2)cc1F,Cc1ccc(Nc2nccc(-c3ccnc(Nc4cccc(C(=O)O)c4)c3)n2)cc1F,6.631719,-5.7446737
220,mol457,-12.92,Cc1cc(C[NH3+])cc(C(=O)Nc2nc3ccc(-c4ccccc4)cc3s2)c1,Cc1cc(C[NH3+])cc(C(=O)Nc2nc3ccc(-c4ccccc4)cc3s2)c1,6.4166675,-5.2033954
570,mol91,-12.92,Cc1ccc(C(=O)Nc2ccc(-c3cccc(C(N)=O)c3)cc2C(=O)O)cc1,Cc1ccc(C(=O)Nc2ccc(-c3cccc(C(N)=O)c3)cc2C(=O)O)cc1,6.4277644,-5.3426514
860,mol240,-12.92,Cc1cc(C)c(Nc2ncc(-c3cccc(C(=O)Nc4ccccc4C(=O)O)c3)s2)cc1C,Cc1cc(C)c(Nc2ncc(-c3cccc(C(=O)Nc4ccccc4C(=O)O)c3)s2)cc1C,6.725881,-6.390004
850,mol467,-12.92,Cc1ccc(Nc2cccc3c(-c4ccc(Cl)cc4)cccc23)cc1NC(=O)c1ccccc1,Cc1ccc(Nc2cccc3c(-c4ccc(Cl)cc4)cccc23)cc1NC(=O)c1ccccc1,5.7170796,-6.9109535
550,mol247,-12.91,Cc1cc(NC(=O)c2cccc(-c3ccccc3)c2)cc(N2CCC(c3ccc(F)cc3)CC2)c1,Cc1cc(NC(=O)c2cccc(-c3ccccc3)c2)cc(N2CCC(c3ccc(F)cc3)CC2)c1,5.6285386,-6.594662
280,mol110,-12.91,Cc1ccc(C(=O)Nc2ccc(C(=O)Nc3ccc(Oc4cccc(C(=O)O)c4)cc3)cc2)cc1,Cc1ccc(C(=O)Nc2ccc(C(=O)Nc3ccc(Oc4cccc(C(=O)O)c4)cc3)cc2)cc1,6.458123,-6.2605085
880,mol269,-12.91,COC(=O)c1ccc(-c2ccc(Oc3ccc(Cl)c(C(=O)Nc4cccc(C(=O)O)c4)c3)cc2)cc1,COC(=O)c1ccc(-c2ccc(Oc3ccc(Cl)c(C(=O)Nc4cccc(C(=O)O)c4)c3)cc2)cc1,6.325267,-6.9666986
910,mol294,-12.91,Cc1ccc(C(=O)Nc2ccc(-c3cc(C(=O)Nc4ccc(Oc5ccncc5)cc4)ccc3Cl)cc2)cc1,Cc1ccc(C(=O)Nc2ccc(-c3cc(C(=O)Nc4ccc(Oc5ccncc5)cc4)ccc3Cl)cc2)cc1,5.929078,-7.1181006
650,mol159,-12.91,CC(=O)Nc1cccc(NC(=O)c2cccc(NC(=O)c3ccc4cccnc4c3)c2)c1,CC(=O)Nc1cccc(NC(=O)c2cccc(NC(=O)c3ccc4cccnc4c3)c2)c1,6.3659453,-6.1660943
810,mol497,-12.91,COc1ccc(CNC(=O)c2ccc3ccccc3n2)cc1Nc1nccc(-c2c[nH]c3ccccc23)n1,COc1ccc(CNC(=O)c2ccc3ccccc3n2)cc1Nc1nccc(-c2c[nH]c3ccccc23)n1,6.0503626,-6.4497385
140,mol80,-12.91,Cc1ccccc1Oc1cccc(-c2cc(NC(=O)c3ccccc3)nnn2)c1,Cc1ccccc1Oc1cccc(-c2cc(NC(=O)c3ccccc3)nnn2)c1,6.2010503,-6.552448
610,mol338,-12.91,CCc1[nH]c(C(=O)Nc2cccc3ccccc23)cc1C(=O)Nc1ccc(Cl)c(C(F)(F)F)c1,CCc1[nH]c(C(=O)Nc2cccc3ccccc23)cc1C(=O)Nc1ccc(Cl)c(C(F)(F)F)c1,6.313344,-7.109337
280,mol419,-12.91,Cc1cccc(-c2cccc(/C=C/c3cccc(/C=C/c4cccc(C(=O)O)c4)c3)c2)c1,Cc1cccc(-c2cccc(/C=C/c3cccc(/C=C/c4cccc(C(=O)O)c4)c3)c2)c1,6.4200573,-6.5517116
180,mol441,-12.91,Cc1nn(-c2cccc(-c3cccc(Nc4nccc(Nc5ccccc5)n4)c3)c2)cc1CNc1ccc(Cl)cn1,Cc1nn(-c2cccc(-c3cccc(Nc4nccc(Nc5ccccc5)n4)c3)c2)cc1CNc1ccc(Cl)cn1,5.9276986,-6.277313
360,mol14,-12.91,Cc1cc(C(=O)Nc2ccc(Oc3ccc(NC(=O)[C@@H]4CCC(=O)N4C)cc3)cc2)ccc1Cl,Cc1cc(C(=O)Nc2ccc(Oc3ccc(NC(=O)[C@@H]4CCC(=O)N4C)cc3)cc2)ccc1Cl,6.363273,-6.42168
360,mol385,-12.91,Cn1c(-c2cccc(NC(=O)Nc3ccc(C(F)(F)F)cc3)c2)cc2sccc21,Cn1c(-c2cccc(NC(=O)Nc3ccc(C(F)(F)F)cc3)c2)cc2sccc21,6.524762,-6.7201796
970,mol217,-12.91,Cc1cccc(-n2nc(C(=O)Nc3cccc(OC(=O)Nc4ccccc4)c3)c3ccccc32)c1,Cc1cccc(-n2nc(C(=O)Nc3cccc(OC(=O)Nc4ccccc4)c3)c3ccccc32)c1,6.4855123,-6.9388194
540,mol401,-12.91,Cc1ccc(Nc2nccc(Nc3cc4c(cc3[NH3+])CCC4)n2)cc1NC(=O)c1ccc(C(F)(F)F)cc1,Cc1ccc(Nc2nccc(Nc3cc4c(cc3[NH3+])CCC4)n2)cc1NC(=O)c1ccc(C(F)(F)F)cc1,6.396048,-5.9173307
380,mol380,-12.91,Cc1ccc(C(=O)Nc2ccc(C[NH+]3CCOCC3)cc2)cc1Nc1nccc(Nc2ccc(S(=O)(=O)Nc3ccc4c(c3)C(=O)C(=O)N4)cc2)n1,Cc1ccc(C(=O)Nc2ccc(C[NH+]3CCOCC3)cc2)cc1Nc1nccc(Nc2ccc(S(=O)(=O)Nc3ccc4c(c3)C(=O)C(=O)N4)cc2)n1,6.8075895,-5.00508
680,mol80,-12.91,CCCC(=O)Nc1cccc(-c2ccc(NC(=O)c3cc4cccc(C)c4[nH]3)cc2)c1,CCCC(=O)Nc1cccc(-c2ccc(NC(=O)c3cc4cccc(C)c4[nH]3)cc2)c1,6.0189996,-6.5163507
870,mol156,-12.91,Cc1ccc(C(=O)Nc2ccc(C[N@H+]3CC[N@H+](C)CC3)c3ccccc23)cc1NC(=O)c1ccc(OCc2ccccc2)cc1,Cc1ccc(C(=O)Nc2ccc(C[N@H+]3CC[N@H+](C)CC3)c3ccccc23)cc1NC(=O)c1ccc(OCc2ccccc2)cc1,6.2860565,-4.7274213
600,mol373,-12.91,Cc1ccc(-c2nc3ccc(C(=O)Nc4ccc(C(=O)N[C@H]5CCC[N@@H+](C)CC5)cc4)cc3[nH]2)cc1,Cc1ccc(-c2nc3ccc(C(=O)Nc4ccc(C(=O)N[C@H]5CCC[N@@H+](C)CC5)cc4)cc3[nH]2)cc1,6.6084456,-4.7568345
100,mol140,-12.91,FC(F)(F)c1ccc2c(Nc3ccc(-c4nc([C@H]5CC[N@@H+](Cc6ccccc6)CC5)[nH]c4-c4ccccc4)cc3)ccnc2c1,FC(F)(F)c1ccc2c(Nc3ccc(-c4nc([C@H]5CC[N@@H+](Cc6ccccc6)CC5)[nH]c4-c4ccccc4)cc3)ccnc2c1,5.952104,-6.1990457
510,mol54,-12.91,Cc1ccc(NC(=O)c2cccc(Nc3ncnc4ccccc34)c2)cc1Nc1ccnc2ccc(N)cc12,Cc1ccc(NC(=O)c2cccc(Nc3ncnc4ccccc34)c2)cc1Nc1ccnc2ccc(N)cc12,6.1688204,-6.142167
320,mol424,-12.91,Nc1ncc(-c2ccc(Nc3ccc4ccccc4n3)cc2)c(-c2ccc(NC(=O)Nc3ccccc3)cc2)n1,Nc1ncc(-c2ccc(Nc3ccc4ccccc4n3)cc2)c(-c2ccc(NC(=O)Nc3ccccc3)cc2)n1,6.044276,-6.492371
430,mol221,-12.91,Cc1ccc(Cl)c(-c2ccc(C(=O)Nc3ccc(-c4cccc(NC(=O)c5cccc(C(F)(F)F)c5)c4)cc3)cc2C(=O)O)c1,Cc1ccc(Cl)c(-c2ccc(C(=O)Nc3ccc(-c4cccc(NC(=O)c5cccc(C(F)(F)F)c5)c4)cc3)cc2C(=O)O)c1,6.531994,-6.3943048
250,mol0,-12.91,CNc1ccc(C#Cc2ccc(C(=O)c3ccc(C)c(Nc4ccnc5ccccc45)c3)cc2)cc1,CNc1ccc(C#Cc2ccc(C(=O)c3ccc(C)c(Nc4ccnc5ccccc45)c3)cc2)cc1,6.1602383,-6.283752
980,mol313,-12.91,Cc1ccc(Oc2ccc(NC(=O)c3cccc4ccccc34)cc2)cc1,Cc1ccc(Oc2ccc(NC(=O)c3cccc4ccccc34)cc2)cc1,6.0912304,-6.8660054
440,mol399,-12.91,Cc1ccc(C(=O)Nc2ccc(C[N@H+]3CC[N@H+](C)CC3)c(C(F)(F)F)c2)cc1Nc1ncnc2ccc(Nc3ccn4c(C(F)(F)F)ccc4n3)cc12,Cc1ccc(C(=O)Nc2ccc(C[N@H+]3CC[N@H+](C)CC3)c(C(F)(F)F)c2)cc1Nc1ncnc2ccc(Nc3ccn4c(C(F)(F)F)ccc4n3)cc12,7.0751166,-5.330892
490,mol164,-12.91,CC#CCn1c(CNC(=O)c2cnc3ccccn3c2=O)ccc(N2CCC(C(=O)NCc3ccc(Cl)cc3)CC2)c1=O,CC#CCn1c(CNC(=O)c2cnc3ccccn3c2=O)ccc(N2CCC(C(=O)NCc3ccc(Cl)cc3)CC2)c1=O,7.6091847,-5.230163
920,mol196,-12.9,CCC(=O)N1c2ccccc2Cc2c(-c3ccc(C(=O)Nc4ccc(C(=O)O)cc4)cc3)cccc21,CCC(=O)N1c2ccccc2Cc2c(-c3ccc(C(=O)Nc4ccc(C(=O)O)cc4)cc3)cccc21,6.1321344,-6.0249023
660,mol68,-12.9,CC(=O)Nc1cccc(-c2cnc(Nc3cccc(C(=O)c4ccccc4)c3)nc2N)c1,CC(=O)Nc1cccc(-c2cnc(Nc3cccc(C(=O)c4ccccc4)c3)nc2N)c1,6.425439,-5.532998
170,mol254,-12.9,Cc1c(C(=O)Nc2cccc(S(=O)(=O)Nc3ccc(C(=O)O)cc3)n2)[nH]c2ccc(NS(=O)(=O)c3cccc(C(F)(F)F)c3)cc12,Cc1c(C(=O)Nc2cccc(S(=O)(=O)Nc3ccc(C(=O)O)cc3)n2)[nH]c2ccc(NS(=O)(=O)c3cccc(C(F)(F)F)c3)cc12,6.8319206,-5.411017
620,mol210,-12.9,Cc1ccc(C(=O)Nc2ccc(Cn3nc(-c4ccc(Cl)cc4)cc(O)c3=O)cc2)cc1,Cc1ccc(C(=O)Nc2ccc(Cn3nc(-c4ccc(Cl)cc4)cc(O)c3=O)cc2)cc1,5.898143,-6.399435
310,mol0,-12.9,NC(N)c1ccc2[nH]c(-c3cccc(-c4ccccc4)c3O)cc2c1,NC(N)c1ccc2[nH]c(-c3cccc(-c4ccccc4)c3O)cc2c1,6.1316957,-4.7444043
190,mol285,-12.9,Cc1ccc2cc(C(=O)Nc3cccc(-c4cccc(C(=O)N5CCC(O)CC5)c4)c3)sc2c1,Cc1ccc2cc(C(=O)Nc3cccc(-c4cccc(C(=O)N5CCC(O)CC5)c4)c3)sc2c1,6.478914,-5.9213204
310,mol33,-12.9,Cc1nc(Cc2ccc(NC(=O)c3ccc(CC(=O)NS(C)(=O)=O)cc3)cc2)cc(Nc2cccc(C(F)(F)F)n2)n1,Cc1nc(Cc2ccc(NC(=O)c3ccc(CC(=O)NS(C)(=O)=O)cc3)cc2)cc(Nc2cccc(C(F)(F)F)n2)n1,6.75648,-5.806235
270,mol154,-12.9,Cc1ccc(-c2ccc(C(=O)Nc3ccc(-c4ccccc4)cc3)cc2C(=O)O)cc1,Cc1ccc(-c2ccc(C(=O)Nc3ccc(-c4ccccc4)cc3)cc2C(=O)O)cc1,6.1097207,-6.3188777
340,mol325,-12.9,CC(=O)Nc1ccc(/C=C/C(=O)Nc2ccc(Oc3ccc(NC(=O)c4ccccc4)cc3)cc2C(=O)O)cc1,CC(=O)Nc1ccc(/C=C/C(=O)Nc2ccc(Oc3ccc(NC(=O)c4ccccc4)cc3)cc2C(=O)O)cc1,6.3810644,-6.501281
210,mol413,-12.9,Cc1ccc2cc(C(=O)Nc3cccc(Oc4cccc([N+](=O)[O-])c4)c3)ccc2c1,Cc1ccc2cc(C(=O)Nc3cccc(Oc4cccc([N+](=O)[O-])c4)c3)ccc2c1,6.2075953,-7.3752575
800,mol496,-12.9,CN(C)c1ccc(-c2ccnc(Nc3cccc(-c4ccccc4)c3)c2)cc1,CN(C)c1ccc(-c2ccnc(Nc3cccc(-c4ccccc4)c3)c2)cc1,6.146921,-6.4243903
730,mol80,-12.9,CNC(=O)c1ccc(C(=O)c2ccc(NC(=O)c3ccc4ccccc4c3)cc2C(=O)O)cc1,CNC(=O)c1ccc(C(=O)c2ccc(NC(=O)c3ccc4ccccc4c3)cc2C(=O)O)cc1,6.5329394,-5.5027647
1000,mol451,-12.9,CCNc1cc(Nc2c3ccccc3nc3ccccc23)ccc1C(=O)c1ccc(-c2nc3ccccc3[nH]2)cc1,CCNc1cc(Nc2c3ccccc3nc3ccccc23)ccc1C(=O)c1ccc(-c2nc3ccccc3[nH]2)cc1,5.8662367,-5.6770735
370,mol224,-12.9,Cc1cc(C(=O)Nc2ccc(S(=O)(=O)Nc3ccc(C(=O)O)c(CO)c3)cc2)cc(N2CCCC2=O)c1,Cc1cc(C(=O)Nc2ccc(S(=O)(=O)Nc3ccc(C(=O)O)c(CO)c3)cc2)cc(N2CCCC2=O)c1,6.5523276,-4.516269
250,mol65,-12.9,CC(=O)Nc1cccc(C#Cc2ccc(NC(=O)Nc3cccc(C[n+]4cccc(C(=O)O)c4)c3)cc2)c1,CC(=O)Nc1cccc(C#Cc2ccc(NC(=O)Nc3cccc(C[n+]4cccc(C(=O)O)c4)c3)cc2)c1,6.326547,-5.5646324
120,mol25,-12.9,Cc1c(C(=O)c2nccn2[C@H]2CC[N@H+](Cc3ccc(C(N)N)cc3)CC2)[nH]c2cccc(Cl)c12,Cc1c(C(=O)c2nccn2[C@H]2CC[N@H+](Cc3ccc(C(N)N)cc3)CC2)[nH]c2cccc(Cl)c12,7.0652294,-2.943273
110,mol75,-12.9,c1ccc(-c2cccc(-c3ccnc(Nc4ccc(N5CCOCC5)cc4)n3)c2)cc1,c1ccc(-c2cccc(-c3ccnc(Nc4ccc(N5CCOCC5)cc4)n3)c2)cc1,6.060179,-6.553224
250,mol38,-12.9,Cc1cc(NC(=O)Nc2cccc(C(F)(F)F)c2)c(NC(=O)Nc2cccc(Nc3ncnc4ccc(N)cc34)c2)cc1CCC(=O)O,Cc1cc(NC(=O)Nc2cccc(C(F)(F)F)c2)c(NC(=O)Nc2cccc(Nc3ncnc4ccc(N)cc34)c2)cc1CCC(=O)O,7.210293,-5.8528967
250,mol206,-12.9,Cc1ccc(NC(=O)c2ccc(NC(=O)c3cccc4ccccc34)cc2)cc1,Cc1ccc(NC(=O)c2ccc(NC(=O)c3cccc4ccccc34)cc2)cc1,6.197411,-6.6823635
810,mol51,-12.9,Cc1cc(C)cc(C(=O)Nc2ccc(-c3ccc4nc(NC(=O)C5CC5)ccc4n3)cc2)c1,Cc1cc(C)cc(C(=O)Nc2ccc(-c3ccc4nc(NC(=O)C5CC5)ccc4n3)cc2)c1,6.2806387,-6.548801
750,mol461,-12.9,Cc1ccc(C(=O)NC2CC2)cc1-c1ccc(NC(=O)c2cccnc2C(F)(F)F)cn1,Cc1ccc(C(=O)NC2CC2)cc1-c1ccc(NC(=O)c2cccnc2C(F)(F)F)cn1,6.5173454,-5.6168356
340,mol366,-12.9,Cc1nc(Nc2ccc(C(=O)O)cn2)cc(-c2ccc(C(=O)Nc3ccc(Oc4ccccc4)cc3)cc2)n1,Cc1nc(Nc2ccc(C(=O)O)cn2)cc(-c2ccc(C(=O)Nc3ccc(Oc4ccccc4)cc3)cc2)n1,6.4383645,-6.72494
580,mol152,-12.9,CCC(=O)Nc1ccc(Oc2nc(Nc3ccc(NC(=O)[C@@H]4CCCN(C(=O)/C=C\c5ccc(F)cc5)CC4)cc3)ncc2Cl)c(F)c1,CCC(=O)Nc1ccc(Oc2nc(Nc3ccc(NC(=O)[C@@H]4CCCN(C(=O)/C=C\c5ccc(F)cc5)CC4)cc3)ncc2Cl)c(F)c1,7.1532755,-6.62601
590,mol470,-12.9,Cc1ccc(NC(=O)c2cccc(Cn3cccnc3=O)c2)cc1Nc1nccc(-c2cccnc2)n1,Cc1ccc(NC(=O)c2cccc(Cn3cccnc3=O)c2)cc1Nc1nccc(-c2cccnc2)n1,6.3747725,-5.3793
570,mol359,-12.9,CNC(=O)c1ccc(Nc2nccc(-c3c[nH]c4ccccc34)n2)cc1Nc1nccc(-c2cccnc2)n1,CNC(=O)c1ccc(Nc2nccc(-c3c[nH]c4ccccc34)n2)cc1Nc1nccc(-c2cccnc2)n1,6.6627517,-6.7072697
820,mol192,-12.9,Cc1ccc(C(=O)Nc2cc(C(F)(F)F)cc(C(F)(F)F)c2)cc1C(=O)Nc1ccc(Oc2ccnc3[nH]ccc23)cc1,Cc1ccc(C(=O)Nc2cc(C(F)(F)F)cc(C(F)(F)F)c2)cc1C(=O)Nc1ccc(Oc2ccnc3[nH]ccc23)cc1,6.6698275,-7.216759
60,mol348,-12.9,c1ccc(Oc2cccc(-c3cccc(-c4ccccc4)c3)c2)cc1,c1ccc(Oc2cccc(-c3cccc(-c4ccccc4)c3)c2)cc1,6.3151536,-7.4434147
230,mol202,-12.9,Cc1cc(Nc2cc(C(F)(F)F)ccn2)nc(-c2cc(Oc3cccc(NC(=O)Cc4ccccc4)c3)ccn2)c1,Cc1cc(Nc2cc(C(F)(F)F)ccn2)nc(-c2cc(Oc3cccc(NC(=O)Cc4ccccc4)c3)ccn2)c1,6.1013885,-7.1696496
870,mol494,-12.89,Cc1cc(C)c(CNc2ccc(C(C)(C)C)cc2NC(=O)c2ccc(C(=O)c3cccc4ccccc34)cc2)c(C)c1,Cc1cc(C)c(CNc2ccc(C(C)(C)C)cc2NC(=O)c2ccc(C(=O)c3cccc4ccccc34)cc2)c(C)c1,6.1844363,-7.0042257
690,mol163,-12.89,Cc1ccccc1-c1cccc(COc2ccc(C(=O)c3ccc(F)cc3C(=O)O)cc2)c1,Cc1ccccc1-c1cccc(COc2ccc(C(=O)c3ccc(F)cc3C(=O)O)cc2)c1,6.261004,-6.5644903
210,mol24,-12.89,Cc1ccc(Oc2ccc(NC(=O)c3ccc(C(=O)c4ccccc4)cc3)cc2C(=O)O)c(C(N)=O)c1,Cc1ccc(Oc2ccc(NC(=O)c3ccc(C(=O)c4ccccc4)cc3)cc2C(=O)O)c(C(N)=O)c1,6.070662,-6.2368083
400,mol32,-12.89,Cc1c(-c2ncc(-c3ccc(-c4ccccc4)cc3)s2)oc2cccc(OCc3cccc(C(=O)O)c3)c12,Cc1c(-c2ncc(-c3ccc(-c4ccccc4)cc3)s2)oc2cccc(OCc3cccc(C(=O)O)c3)c12,6.3403664,-6.80949
440,mol310,-12.89,Cc1cccc(Nc2ccc([N+](=O)[O-])c(Nc3cccc4cc(C(=O)O)ccc34)c2)c1,Cc1cccc(Nc2ccc([N+](=O)[O-])c(Nc3cccc4cc(C(=O)O)ccc34)c2)c1,6.637354,-6.331286
640,mol92,-12.89,Cc1ccc(NC(=O)Nc2cccc(-c3cnc(N)c(C(=O)O)c3)c2)cc1,Cc1ccc(NC(=O)Nc2cccc(-c3cnc(N)c(C(=O)O)c3)c2)cc1,6.532931,-4.9827266
240,mol495,-12.89,Nc1cc(C(=O)N2CC[C@@](F)(c3ccc(Cl)cc3)C2)ccc1Nc1nccc(-c2cccnc2)n1,Nc1cc(C(=O)N2CC[C@@](F)(c3ccc(Cl)cc3)C2)ccc1Nc1nccc(-c2cccnc2)n1,6.4681897,-5.519339
370,mol489,-12.89,Cc1ccc(CNc2nnc(-c3ccc(C(=O)N4CCN(c5ccccc5F)CC4)cc3)o2)cc1,Cc1ccc(CNc2nnc(-c3ccc(C(=O)N4CCN(c5ccccc5F)CC4)cc3)o2)cc1,5.703289,-4.892862
220,mol164,-12.89,CN(C(=O)c1ccc(-c2ccccn2)cc1)c1ccc(Nc2ncc3cc(-c4ccccc4)n(C[C@@H](O)c4ccccc4)c3n2)cc1,CN(C(=O)c1ccc(-c2ccccn2)cc1)c1ccc(Nc2ncc3cc(-c4ccccc4)n(C[C@@H](O)c4ccccc4)c3n2)cc1,6.29547,-5.5938754
800,mol221,-12.89,COc1ccc(Oc2ncccc2C(=O)Nc2cccc(NS(=O)(=O)c3ccc4ccccc4c3)c2)cc1,COc1ccc(Oc2ncccc2C(=O)Nc2cccc(NS(=O)(=O)c3ccc4ccccc4c3)c2)cc1,6.004043,-6.6964474
640,mol81,-12.89,Cc1ccc(C(=O)Nc2ccc(Oc3ccc(NC(=O)c4cccc(C(F)(F)F)c4)cc3)cc2)cc1,Cc1ccc(C(=O)Nc2ccc(Oc3ccc(NC(=O)c4cccc(C(F)(F)F)c4)cc3)cc2)cc1,6.1377606,-7.2285695
50,mol77,-12.89,Fc1ccc(Nc2cccc3c(-c4cccc(-c5ccccc5)c4)cnn23)cc1,Fc1ccc(Nc2cccc3c(-c4cccc(-c5ccccc5)c4)cnn23)cc1,6.233288,-6.983909
340,mol451,-12.89,Cc1cc(N)cc(CC(=O)Nc2nccc(-c3cccc(Cn4cnc(C(N)=O)c4)c3)n2)c1,Cc1cc(N)cc(CC(=O)Nc2nccc(-c3cccc(Cn4cnc(C(N)=O)c4)c3)n2)c1,6.532867,-4.3854866
490,mol48,-12.89,Cc1ccc(C(=O)Nc2nnc(-c3ccc4ccccc4c3)o2)cc1F,Cc1ccc(C(=O)Nc2nnc(-c3ccc4ccccc4c3)o2)cc1F,5.890842,-5.8640957
690,mol50,-12.89,Cc1ccccc1C(=O)Nc1ccc(C(=O)Nc2ccc(Oc3ccncc3)c3ccccc23)cc1,Cc1ccccc1C(=O)Nc1ccc(C(=O)Nc2ccc(Oc3ccncc3)c3ccccc23)cc1,6.052344,-7.053749
470,mol127,-12.89,CC(=O)Nc1ccc(S(=O)(=O)Nc2cccc(-c3nc(Nc4cccc(C(=O)O)c4)c4ccccc4n3)c2)cc1,CC(=O)Nc1ccc(S(=O)(=O)Nc2cccc(-c3nc(Nc4cccc(C(=O)O)c4)c4ccccc4n3)c2)cc1,6.492003,-5.3853726
720,mol414,-12.89,Cc1ccc(C(=O)Nc2ccc(-c3nc4cc(C(N)N)ccc4[nH]3)cc2)cc1,Cc1ccc(C(=O)Nc2ccc(-c3nc4cc(C(N)N)ccc4[nH]3)cc2)cc1,6.2529063,-5.319027
690,mol126,-12.89,Cc1ccc(C(=O)Nc2ccc(CNc3ncnc4ccc(N)cc34)cc2C(=O)O)cc1,Cc1ccc(C(=O)Nc2ccc(CNc3ncnc4ccc(N)cc34)cc2C(=O)O)cc1,6.291252,-5.662709
520,mol261,-12.89,Cc1ccc(Nc2ccc(C(=O)Nc3cccc(C(=O)O)c3)cc2)cc1Nc1ncnc2ccccc12,Cc1ccc(Nc2ccc(C(=O)Nc3cccc(C(=O)O)c3)cc2)cc1Nc1ncnc2ccccc12,6.456189,-5.8237953
930,mol443,-12.89,NC(N)N1CCN(C(=O)c2ccc(C#Cc3ccc(-c4ccccc4)cc3)cc2)CC1,NC(N)N1CCN(C(=O)c2ccc(C#Cc3ccc(-c4ccccc4)cc3)cc2)CC1,6.2556524,-3.3741338
550,mol335,-12.89,Cc1c(Nc2nccc(Nc3cc(N4CCOCC4)ncn3)n2)ccc2c1C(=O)Nc1nc(Cl)ccc1NCCOCCCCOc1ccccc1C(=O)N2,Cc1c(Nc2nccc(Nc3cc(N4CCOCC4)ncn3)n2)ccc2c1C(=O)Nc1nc(Cl)ccc1NCCOCCCCOc1ccccc1C(=O)N2,7.275498,-6.424214
770,mol454,-12.89,Cc1ccc(C(=O)Nc2cccc(C(F)(F)F)c2)cc1-c1ccc2c(-c3ccncc3)nccn12,Cc1ccc(C(=O)Nc2cccc(C(F)(F)F)c2)cc1-c1ccc2c(-c3ccncc3)nccn12,6.13347,-6.373847
230,mol481,-12.88,Cc1cc(-c2cccnc2)ccc1NC(=O)c1ccc(NC(=O)N2C[C@H](c3ccccc3)[N@H+](C(C)(C)C)C2)cc1,Cc1cc(-c2cccnc2)ccc1NC(=O)c1ccc(NC(=O)N2C[C@H](c3ccccc3)[N@H+](C(C)(C)C)C2)cc1,6.376495,-6.053116
770,mol437,-12.88,Cc1ccc(-c2ncc(-c3ccnc(NC(=O)c4cccc(C(=O)NCCO)c4)c3)[nH]2)cc1,Cc1ccc(-c2ncc(-c3ccnc(NC(=O)c4cccc(C(=O)NCCO)c4)c3)[nH]2)cc1,6.3658032,-5.5345054
250,mol254,-12.88,Cc1ccc(C(=O)Nc2ccc(CCc3nc4ccccc4[nH]3)cc2)cc1NC(=O)c1ccc(C(=O)O)cc1,Cc1ccc(C(=O)Nc2ccc(CCc3nc4ccccc4[nH]3)cc2)cc1NC(=O)c1ccc(C(=O)O)cc1,6.4139504,-6.2018747
300,mol419,-12.88,Cc1ccc(C(=O)Nc2ccc(C(=O)c3ccc(Nc4ccc(C(=O)O)cn4)cc3F)cc2)cc1,Cc1ccc(C(=O)Nc2ccc(C(=O)c3ccc(Nc4ccc(C(=O)O)cn4)cc3F)cc2)cc1,6.2253795,-6.2868443
360,mol256,-12.88,Cc1ccc(NC(=O)c2ccc(C[N@H+]3CC[N@@H+](C)CC3)cc2)cc1Nc1ncnn2cc(-c3ccccc3)cc12,Cc1ccc(NC(=O)c2ccc(C[N@H+]3CC[N@@H+](C)CC3)cc2)cc1Nc1ncnn2cc(-c3ccccc3)cc12,6.516232,-3.1743631
830,mol445,-12.88,COc1ccc(NC(=O)Cc2ccc(OCc3ccc4c(/C=C/c5ccccc5)ncnc4c3)cc2)c(NCc2cccc3ccccc23)c1,COc1ccc(NC(=O)Cc2ccc(OCc3ccc4c(/C=C/c5ccccc5)ncnc4c3)cc2)c(NCc2cccc3ccccc23)c1,5.748223,-7.3371425
390,mol213,-12.88,Cc1ccc(Nc2nccc(-c3c[nH]c4ccccc34)n2)cc1C(=O)NCCC(=O)N[C@@H]1CCCN(Cc2ccccc2)C1,Cc1ccc(Nc2nccc(-c3c[nH]c4ccccc34)n2)cc1C(=O)NCCC(=O)N[C@@H]1CCCN(Cc2ccccc2)C1,6.7704525,-6.040414
950,mol463,-12.88,CC(=O)Nc1cccc(-c2ccc(NC(=O)c3cc4ccccc4o3)cc2)c1,CC(=O)Nc1cccc(-c2ccc(NC(=O)c3cc4ccccc4o3)cc2)c1,6.0221844,-6.1525283
470,mol298,-12.88,CCNc1cccc(-c2ccc(Nc3nccc(-c4ccc(C(=O)O)cc4)n3)cc2)c1,CCNc1cccc(-c2ccc(Nc3nccc(-c4ccc(C(=O)O)cc4)n3)cc2)c1,6.125249,-6.0813932
830,mol488,-12.88,NC(=O)c1ccc(NC(=O)Cc2ccc(NC(=O)c3ccc4cc(Cl)ccc4c3)cc2)cc1,NC(=O)c1ccc(NC(=O)Cc2ccc(NC(=O)c3ccc4cc(Cl)ccc4c3)cc2)cc1,5.923044,-6.9201064
220,mol16,-12.88,Cc1c(F)cc(-c2ccc(S(=O)(=O)Nc3ccc(C(=O)O)cn3)cc2)cc1Oc1nc2cc(C(N)=O)ccc2o1,Cc1c(F)cc(-c2ccc(S(=O)(=O)Nc3ccc(C(=O)O)cn3)cc2)cc1Oc1nc2cc(C(N)=O)ccc2o1,7.065576,-5.9122744
470,mol468,-12.88,Cn1c(C(=O)Nc2cccc(C(=O)c3ccccc3)c2)cc2cnc(Nc3cccc(C(=O)NCC(=O)O)c3)nc21,Cn1c(C(=O)Nc2cccc(C(=O)c3ccccc3)c2)cc2cnc(Nc3cccc(C(=O)NCC(=O)O)c3)nc21,6.8158092,-4.996453
360,mol285,-12.88,Cc1cc(NC(=O)c2ccc(C(=O)Nc3ccc(B(O)O)cc3)cc2)ccc1NC(=O)c1ccc(Cl)cc1,Cc1cc(NC(=O)c2ccc(C(=O)Nc3ccc(B(O)O)cc3)cc2)ccc1NC(=O)c1ccc(Cl)cc1,6.510107,-5.980689
770,mol234,-12.88,Cc1ccc(NC(=O)c2cccc(C(F)(F)F)c2)cc1Nc1ncnn(-c2cccc(C(=O)O)c2)c1=O,Cc1ccc(NC(=O)c2cccc(C(F)(F)F)c2)cc1Nc1ncnn(-c2cccc(C(=O)O)c2)c1=O,6.414372,-5.763009
420,mol35,-12.88,Cc1cnc(Nc2ccc(C(=O)NCc3ccc(C(N)=O)cc3)cc2)nc1NCc1cccc(CNc2ccnc(Nc3ccccc3)n2)c1,Cc1cnc(Nc2ccc(C(=O)NCc3ccc(C(N)=O)cc3)cc2)nc1NCc1cccc(CNc2ccnc(Nc3ccccc3)n2)c1,6.7376375,-6.367913
470,mol471,-12.88,Cc1ccc(C(=O)Nc2ccc(-c3ccc4c(c3)CC(=O)N4S(=O)(=O)c3ccc(Oc4ccccc4)cc3)cc2)cc1,Cc1ccc(C(=O)Nc2ccc(-c3ccc4c(c3)CC(=O)N4S(=O)(=O)c3ccc(Oc4ccccc4)cc3)cc2)cc1,6.053945,-7.0112143
330,mol34,-12.88,Cc1ccc(Oc2ccc(NC(=O)c3ccc4ccccc4c3)cc2-c2ccc(CC(=O)O)cc2)cc1,Cc1ccc(Oc2ccc(NC(=O)c3ccc4ccccc4c3)cc2-c2ccc(CC(=O)O)cc2)cc1,6.103615,-6.759381
290,mol184,-12.88,Cc1cc(C(F)(F)F)nc(Nc2ccc3c(c2)Cc2cnc(Nc4cccc(C(=O)NCCC(=O)O)c4)nc2-3)n1,Cc1cc(C(F)(F)F)nc(Nc2ccc3c(c2)Cc2cnc(Nc4cccc(C(=O)NCCC(=O)O)c4)nc2-3)n1,6.737091,-5.7730513
850,mol107,-12.88,Cc1ccc(C(=O)Nc2ccc3c(c2)CN(c2nc(-c4ccccc4)cs2)CC3)cc1,Cc1ccc(C(=O)Nc2ccc3c(c2)CN(c2nc(-c4ccccc4)cs2)CC3)cc1,5.9735923,-5.805255
320,mol295,-12.88,Cc1c(NC(=O)c2ccc(Nc3nccc(-c4ccncc4)n3)cc2)cccc1Nc1ccccc1,Cc1c(NC(=O)c2ccc(Nc3nccc(-c4ccncc4)n3)cc2)cccc1Nc1ccccc1,5.8927317,-6.3945565
910,mol243,-12.88,C/C(=C/CNc1ccc(C(=O)O)cc1)NC(=O)c1ccc(-c2ccc(C(=O)Nc3ccc(F)cn3)cc2)cc1,C/C(=C/CNc1ccc(C(=O)O)cc1)NC(=O)c1ccc(-c2ccc(C(=O)Nc3ccc(F)cn3)cc2)cc1,6.202083,-6.1656256
910,mol100,-12.88,COc1ccc(C(=O)Nc2cccc(F)c2)cc1NC(=O)c1ccc(-c2ccc(C(=O)O)cc2)cc1,COc1ccc(C(=O)Nc2cccc(F)c2)cc1NC(=O)c1ccc(-c2ccc(C(=O)O)cc2)cc1,6.498809,-6.508478
290,mol467,-12.88,CC(=O)NC(=O)COc1ccc(Cl)c(NC(=O)Nc2ccc(Nc3ccnc4ccccc34)cc2)c1,CC(=O)NC(=O)COc1ccc(Cl)c(NC(=O)Nc2ccc(Nc3ccnc4ccccc34)cc2)c1,6.355801,-6.671085
560,mol86,-12.88,Cc1ccc(Nc2nccc(-c3cncc4ccccc34)n2)cc1NC(=O)c1cnccn1,Cc1ccc(Nc2nccc(-c3cncc4ccccc34)n2)cc1NC(=O)c1cnccn1,6.646626,-5.821884
980,mol27,-12.88,CC(=O)Nc1cccc(-c2ccc(Oc3ccc(Oc4ccccc4)c(C(=O)O)c3)cc2)c1,CC(=O)Nc1cccc(-c2ccc(Oc3ccc(Oc4ccccc4)c(C(=O)O)c3)cc2)c1,6.4990125,-6.687223
520,mol226,-12.88,Cc1ccc(Nc2nccc(Nc3ccc4c(c3)C[NH2+]CC4)n2)cc1Nc1nccc(-c2ccncc2)n1,Cc1ccc(Nc2nccc(Nc3ccc4c(c3)C[NH2+]CC4)n2)cc1Nc1nccc(-c2ccncc2)n1,6.607937,-4.1590667
910,mol57,-12.88,Cc1ccc(Oc2ccc(NC(=O)c3ccc(C#N)cc3)cc2)cc1NC(=O)c1ccc(-c2cccc(C(=O)O)c2)cc1,Cc1ccc(Oc2ccc(NC(=O)c3ccc(C#N)cc3)cc2)cc1NC(=O)c1ccc(-c2cccc(C(=O)O)c2)cc1,6.8564105,-6.945398
240,mol468,-12.88,CC(=O)Nc1cccc(-c2cccc(-c3ccc(Nc4cccc(C(=O)O)c4)cc3)c2)c1,CC(=O)Nc1cccc(-c2cccc(-c3ccc(Nc4cccc(C(=O)O)c4)cc3)c2)c1,6.0709968,-6.041174
710,mol416,-12.88,Cc1cc(NC(=O)c2ccc(C(=O)Nc3cccc(C(=O)O)c3)cc2)cc(C)c1OC[C@@H](O)C[N@H+]1CCc2ccccc2C1,Cc1cc(NC(=O)c2ccc(C(=O)Nc3cccc(C(=O)O)c3)cc2)cc(C)c1OC[C@@H](O)C[N@H+]1CCc2ccccc2C1,7.398273,-4.4438553
240,mol452,-12.88,Nc1cccc(C(=O)Nc2cccc(-c3ccnc4c(-c5ccccc5)cncc34)c2)c1,Nc1cccc(C(=O)Nc2cccc(-c3ccnc4c(-c5ccccc5)cncc34)c2)c1,6.179816,-6.253081
550,mol35,-12.88,Cc1cn(-c2ccc(C(=O)NCc3cccc(C(=O)Nc4cccc(Oc5ccccc5)c4)c3)cc2)c(=O)[nH]c1=O,Cc1cn(-c2ccc(C(=O)NCc3cccc(C(=O)Nc4cccc(Oc5ccccc5)c4)c3)cc2)c(=O)[nH]c1=O,6.316212,-6.9426622
560,mol212,-12.88,Cc1ccc(C(=O)Nc2cccc(-c3cccnc3)c2)cc1NC(=O)c1ccc(CNC(=O)c2ccncc2)cc1,Cc1ccc(C(=O)Nc2cccc(-c3cccnc3)c2)cc1NC(=O)c1ccc(CNC(=O)c2ccncc2)cc1,6.3367333,-6.5135064
990,mol140,-12.88,Cc1cccc(-c2nc(C(=O)Nc3ccc(S(=O)(=O)NCCc4ccccc4)cc3)c3ccccc3n2)c1,Cc1cccc(-c2nc(C(=O)Nc3ccc(S(=O)(=O)NCCc4ccccc4)cc3)c3ccccc3n2)c1,5.928497,-6.2930455
810,mol492,-12.88,CC(=O)Nc1ccc(-c2ccc(NC(=O)c3ccc4ccccc4n3)cc2)cc1,CC(=O)Nc1ccc(-c2ccc(NC(=O)c3ccc4ccccc4n3)cc2)cc1,6.0664873,-6.0221877
880,mol239,-12.88,Cc1ccc(-c2ccc(CNC(=O)Nc3ccc4ccccc4c3)cc2)cc1,Cc1ccc(-c2ccc(CNC(=O)Nc3ccc4ccccc4c3)cc2)cc1,6.05147,-6.478643
910,mol80,-12.88,C[C@H](Nc1nc2ccc(C(=O)Nc3ccc(-c4nc5ccccc5n4C)cc3)cc2s1)c1ccccc1,C[C@H](Nc1nc2ccc(C(=O)Nc3ccc(-c4nc5ccccc5n4C)cc3)cc2s1)c1ccccc1,6.2879148,-5.93541
140,mol418,-12.87,Nc1ccc(C(=O)O)cc1NC(=O)c1ccc(-c2ccc(C(=O)N[C@@H]3CCOc4ccccc43)cc2)cc1,Nc1ccc(C(=O)O)cc1NC(=O)c1ccc(-c2ccc(C(=O)N[C@@H]3CCOc4ccccc43)cc2)cc1,6.390677,-6.3024344
240,mol434,-12.87,Cc1ccccc1-c1cc(C(=O)c2c[nH]c3ncccc23)sc1C(=O)Nc1cncc(C(=O)c2cccc(C(=O)O)c2)c1,Cc1ccccc1-c1cc(C(=O)c2c[nH]c3ncccc23)sc1C(=O)Nc1cncc(C(=O)c2cccc(C(=O)O)c2)c1,6.7903085,-5.924518
290,mol26,-12.87,CC(C)c1cc(-c2nn([C@H]3CC[C@H]([NH3+])CC3)cc2-c2cc(C(=O)N[C@@H](Cc3c[nH]c4ccccc34)C(=O)O)ccc2Cl)[nH]n1,CC(C)c1cc(-c2nn([C@H]3CC[C@H]([NH3+])CC3)cc2-c2cc(C(=O)N[C@@H](Cc3c[nH]c4ccccc34)C(=O)O)ccc2Cl)[nH]n1,7.37261,-5.461388
790,mol387,-12.87,CC(=O)Nc1cccc(-c2cccc(-c3nc4cc(C(N)N)ccc4[nH]3)c2)c1,CC(=O)Nc1cccc(-c2cccc(-c3nc4cc(C(N)N)ccc4[nH]3)c2)c1,6.567446,-5.0056596
620,mol343,-12.87,Cc1cc(Cn2cc(-c3ccc(Oc4ccccc4)nc3)cn2)cc(N2CCC[C@H](C(=O)O)C2=O)c1,Cc1cc(Cn2cc(-c3ccc(Oc4ccccc4)nc3)cn2)cc(N2CCC[C@H](C(=O)O)C2=O)c1,6.3572454,-6.0402164
260,mol285,-12.87,Cc1ccc(-n2nc(C(C)(C)C)cc2NC(=O)Nc2ccc(Oc3ccc(NC(=O)Nc4cccc(F)c4)cc3)cc2)cc1,Cc1ccc(-n2nc(C(C)(C)C)cc2NC(=O)Nc2ccc(Oc3ccc(NC(=O)Nc4cccc(F)c4)cc3)cc2)cc1,6.2285175,-7.4112606
310,mol282,-12.87,Cc1ccc(C(=O)NCc2ccc(F)c(C(F)(F)F)c2)cc1Nc1ncnc2cnc(Nc3ccc(N4CCNCC4)cc3OC(F)(F)F)nc12,Cc1ccc(C(=O)NCc2ccc(F)c(C(F)(F)F)c2)cc1Nc1ncnc2cnc(Nc3ccc(N4CCNCC4)cc3OC(F)(F)F)nc12,7.521431,-6.2233357
210,mol176,-12.87,Cc1c(C(=O)Nc2ccc(Oc3ccc4ccccc4n3)cc2)oc2ccc(S(=O)(=O)N(Cc3ccccc3)c3ccccc3)cc12,Cc1c(C(=O)Nc2ccc(Oc3ccc4ccccc4n3)cc2)oc2ccc(S(=O)(=O)N(Cc3ccccc3)c3ccccc3)cc12,6.1918535,-6.954786
280,mol178,-12.87,Cc1ccc(NC(=O)c2ccc(C[N@H+]3CC[N@H+](C)CC3)cc2)cc1Nc1nccc(-c2c[nH]c3ccc(C(N)=O)cc23)n1,Cc1ccc(NC(=O)c2ccc(C[N@H+]3CC[N@H+](C)CC3)cc2)cc1Nc1nccc(-c2c[nH]c3ccc(C(N)=O)cc23)n1,7.110163,-3.1561697
410,mol112,-12.87,Cc1ccc(NC(=O)c2cc(Nc3ccc4c(c3)CCC4)ccc2Nc2ccnc(C(=O)Nc3ccc4cccnc4c3)n2)cc1,Cc1ccc(NC(=O)c2cc(Nc3ccc4c(c3)CCC4)ccc2Nc2ccnc(C(=O)Nc3ccc4cccnc4c3)n2)cc1,6.5059114,-6.3793106
770,mol420,-12.87,COc1cccc(CNC(=O)c2ccc(-c3cccc(C(=O)NCc4cccc(C(=O)O)c4)c3)cc2C(=O)O)c1,COc1cccc(CNC(=O)c2ccc(-c3cccc(C(=O)NCc4cccc(C(=O)O)c4)c3)cc2C(=O)O)c1,6.5306015,-5.259767
480,mol440,-12.87,CC(C)(C)c1cc(NC(=O)Nc2cccc(-c3nnc4ccccn34)c2)cc(N2CC[NH+](CC(=O)Nc3cccc(F)c3)CC2)c1,CC(C)(C)c1cc(NC(=O)Nc2cccc(-c3nnc4ccccn34)c2)cc(N2CC[NH+](CC(=O)Nc3cccc(F)c3)CC2)c1,6.676005,-5.8839407
170,mol104,-12.87,Cc1ccc(C(=O)Nc2ccc(Oc3ccc4ccccc4c3)cc2)cc1,Cc1ccc(C(=O)Nc2ccc(Oc3ccc4ccccc4c3)cc2)cc1,5.8403,-7.03741
500,mol425,-12.87,Cc1nc2ccc(NC(=O)Nc3ccc(C(=O)O)c(O)c3)cc2nc1-c1ccc(OCc2ccccc2)cc1,Cc1nc2ccc(NC(=O)Nc3ccc(C(=O)O)c(O)c3)cc2nc1-c1ccc(OCc2ccccc2)cc1,6.1290984,-6.926538
260,mol228,-12.87,Nc1ncc(-c2ccc([C@@H]3CCC(=O)NC3)cc2)cc1C(=O)Nc1ccc(NC(=O)c2ccccc2)cc1,Nc1ncc(-c2ccc([C@@H]3CCC(=O)NC3)cc2)cc1C(=O)Nc1ccc(NC(=O)c2ccccc2)cc1,6.2018466,-5.977781
270,mol202,-12.87,c1ccc(-c2nccn3c(-c4cccc5ccccc45)cnc23)cc1,c1ccc(-c2nccn3c(-c4cccc5ccccc45)cnc23)cc1,6.018474,-5.8708835
240,mol431,-12.87,Cc1ccc(Oc2cccc(Nc3nccc(-c4cncc(C(=O)c5ccccc5)c4)n3)c2)cc1,Cc1ccc(Oc2cccc(Nc3nccc(-c4cncc(C(=O)c5ccccc5)c4)n3)c2)cc1,5.9365377,-7.109849
950,mol307,-12.87,CS(=O)(=O)c1ccc(-c2cc(-c3cccc(-c4ccccc4)c3)ncn2)cc1,CS(=O)(=O)c1ccc(-c2cc(-c3cccc(-c4ccccc4)c3)ncn2)cc1,5.932384,-6.4045258
890,mol65,-12.87,C[C@H](O)[C@@H](NC(=O)c1ccc(-c2ccc(NC(=O)/C=C/c3ccc(C(N)N)cc3)o2)cc1)C(=O)NO,C[C@H](O)[C@@H](NC(=O)c1ccc(-c2ccc(NC(=O)/C=C/c3ccc(C(N)N)cc3)o2)cc1)C(=O)NO,6.67138,-3.6206515
590,mol284,-12.87,CC(=O)NS(=O)(=O)c1cccc(-c2cccc(CNc3ccnc(Nc4cccc(C(=O)O)c4)n3)c2)c1,CC(=O)NS(=O)(=O)c1cccc(-c2cccc(CNc3ccnc(Nc4cccc(C(=O)O)c4)n3)c2)c1,6.4562607,-4.7482677
520,mol24,-12.87,Cc1ccc(C(=O)Nc2cccc(C(F)(F)F)c2)cc1Nc1ncnn2cc(-c3ccccc3)cc12,Cc1ccc(C(=O)Nc2cccc(C(F)(F)F)c2)cc1Nc1ncnn2cc(-c3ccccc3)cc12,6.181086,-7.0761194
580,mol343,-12.87,Cc1ccc(C(=O)Nc2ccc(-c3cccc(CN)c3)cc2C(=O)O)cc1,Cc1ccc(C(=O)Nc2ccc(-c3cccc(CN)c3)cc2C(=O)O)cc1,6.622227,-4.449738
940,mol92,-12.87,Cc1cccc(-n2nc(-c3ccccc3)cc2NC(=O)Nc2cccc([C@@H](C)Nc3nc4ccccc4[nH]3)c2)c1,Cc1cccc(-n2nc(-c3ccccc3)cc2NC(=O)Nc2cccc([C@@H](C)Nc3nc4ccccc4[nH]3)c2)c1,6.096533,-6.9180207
800,mol288,-12.87,Cc1cc(Oc2ccc(-c3ccc4nc(NC(=O)Nc5ccccc5)sc4n3)cc2)cc(C)n1,Cc1cc(Oc2ccc(-c3ccc4nc(NC(=O)Nc5ccccc5)sc4n3)cc2)cc(C)n1,6.512046,-7.4695725
140,mol183,-12.87,Cc1ccc(C(=O)Nc2ccc(C[N@H+]3CC[N@H+](C)CC3)c(C(F)(F)F)c2)cc1Nc1nccc(-c2cccnc2)n1,Cc1ccc(C(=O)Nc2ccc(C[N@H+]3CC[N@H+](C)CC3)c(C(F)(F)F)c2)cc1Nc1nccc(-c2cccnc2)n1,6.9945602,-3.6113894
340,mol409,-12.87,Cc1nc(N)c(COc2ccc(C(=O)c3ccccc3C(=O)O)cc2)c(O)c1Cc1ccc(-c2ccccc2)cc1,Cc1nc(N)c(COc2ccc(C(=O)c3ccccc3C(=O)O)cc2)c(O)c1Cc1ccc(-c2ccccc2)cc1,6.2954755,-6.974605
640,mol462,-12.87,CC(=O)Nc1cccc(Nc2nccc(-c3ccnc(Nc4ccnc5[nH]ccc45)c3)n2)c1,CC(=O)Nc1cccc(Nc2nccc(-c3ccnc(Nc4ccnc5[nH]ccc45)c3)n2)c1,6.6578064,-6.045226
350,mol126,-12.87,Cc1cc(NC(=O)c2ccc(S(=O)(=O)Nc3ccc4c(c3)CCC4)cc2)cc(N2CCCCC2)c1,Cc1cc(NC(=O)c2ccc(S(=O)(=O)Nc3ccc4c(c3)CCC4)cc2)cc(N2CCCCC2)c1,6.482752,-5.7009816
870,mol402,-12.87,CCc1cccc(-c2cc(Oc3ccc(-c4nc(-c5ccc(O)cc5)no4)cc3)ccn2)c1,CCc1cccc(-c2cc(Oc3ccc(-c4nc(-c5ccc(O)cc5)no4)cc3)ccn2)c1,6.053862,-6.4759445
380,mol381,-12.87,CCS(=O)(=O)Nc1ccc(Nc2nccc(Nc3cc(NC(=O)c4cccc(C(=O)Nc5ccccc5)c4)ccc3C)n2)cc1OC,CCS(=O)(=O)Nc1ccc(Nc2nccc(Nc3cc(NC(=O)c4cccc(C(=O)Nc5ccccc5)c4)ccc3C)n2)cc1OC,6.6218486,-6.322386
620,mol221,-12.87,Cc1ccc(NC(=O)c2ccc(C(F)(F)F)cc2)cc1Nc1ncnn2cc(C(=O)Nc3ccccn3)cc12,Cc1ccc(NC(=O)c2ccc(C(F)(F)F)cc2)cc1Nc1ncnn2cc(C(=O)Nc3ccccn3)cc12,6.1807947,-6.6366587
730,mol498,-12.87,Cc1ccc(Oc2cccc(C(=O)NCc3cccnc3)c2)cc1NC(=O)c1ccc(Cl)cc1Cl,Cc1ccc(Oc2cccc(C(=O)NCc3cccnc3)c2)cc1NC(=O)c1ccc(Cl)cc1Cl,6.2496924,-6.9214234
310,mol154,-12.86,Nc1cc(C(=O)Nc2cccc(Oc3ccc(Nc4ncnc5ccccc45)cc3)c2)ccn1,Nc1cc(C(=O)Nc2cccc(Oc3ccc(Nc4ncnc5ccccc45)cc3)c2)ccn1,6.0635695,-6.7921195
480,mol424,-12.86,Cc1ccc(C(=O)Nc2ccc(NC(=O)c3ccc(C(=O)O)cc3)cc2)cc1NC(=O)c1ccc(C(=O)O)cc1,Cc1ccc(C(=O)Nc2ccc(NC(=O)c3ccc(C(=O)O)cc3)cc2)cc1NC(=O)c1ccc(C(=O)O)cc1,7.0510473,-5.469512
680,mol190,-12.86,Cc1ccc(Nc2nccc(-c3c[nH]c4ccccc34)n2)cc1NC(=O)c1cccc(C(=O)O)c1,Cc1ccc(Nc2nccc(-c3c[nH]c4ccccc34)n2)cc1NC(=O)c1cccc(C(=O)O)c1,6.322064,-5.616504
550,mol262,-12.86,Cc1ccc(Oc2cccc(Nc3ccnc4cc(Cl)ccc34)c2)cc1NC(=O)c1ccc(F)cc1,Cc1ccc(Oc2cccc(Nc3ccnc4cc(Cl)ccc34)c2)cc1NC(=O)c1ccc(F)cc1,5.9754114,-7.193687
250,mol116,-12.86,Cc1ccc(C(=O)Nc2cc(C(F)(F)F)cc(C(F)(F)F)c2)cc1NC(=O)c1cnc(-c2ccccc2Cl)s1,Cc1ccc(C(=O)Nc2cc(C(F)(F)F)cc(C(F)(F)F)c2)cc1NC(=O)c1cnc(-c2ccccc2Cl)s1,6.9670196,-7.1131144
970,mol449,-12.86,COc1cccc(-c2ccc(Oc3ccc(-c4cncc(-c5ccccc5)n4)cc3)cc2)c1,COc1cccc(-c2ccc(Oc3ccc(-c4cncc(-c5ccccc5)n4)cc3)cc2)c1,5.9064775,-7.2828455
490,mol144,-12.86,C[C@H](Cc1ccc(C(=O)c2ccccc2NC(=O)c2ccc(O)c(N)c2)cc1)NC(=O)[C@H]([NH3+])Cc1cc(F)c(F)cc1F,C[C@H](Cc1ccc(C(=O)c2ccccc2NC(=O)c2ccc(O)c(N)c2)cc1)NC(=O)[C@H]([NH3+])Cc1cc(F)c(F)cc1F,6.726942,-5.0764756
400,mol75,-12.86,Cc1ccc(C(=O)Nc2ccc(C(=O)NO)cc2F)cc1-c1ccc2nc(NC(=O)C3CC3)sc2c1,Cc1ccc(C(=O)Nc2ccc(C(=O)NO)cc2F)cc1-c1ccc2nc(NC(=O)C3CC3)sc2c1,6.971448,-7.031459
230,mol480,-12.86,Cc1ccc(C(=O)Nc2cc(NC(=O)c3ccc(NC(=O)c4ccccc4)s3)cc(C(F)(F)F)c2)cc1,Cc1ccc(C(=O)Nc2cc(NC(=O)c3ccc(NC(=O)c4ccccc4)s3)cc(C(F)(F)F)c2)cc1,5.923897,-6.975304
370,mol490,-12.86,CC(=O)N1CC[NH+](Cc2ccc(NC(=O)c3cccc(-c4n[nH]c([C@H]5CC[N@@H+](Cc6ccccc6C)C5)n4)c3)cc2)CC1,CC(=O)N1CC[NH+](Cc2ccc(NC(=O)c3cccc(-c4n[nH]c([C@H]5CC[N@@H+](Cc6ccccc6C)C5)n4)c3)cc2)CC1,6.724376,-2.3562002
840,mol457,-12.86,Cc1ccc(C(=O)NCc2ccc(C(=O)O)cc2)cc1-c1nc2ccc(C(=O)N3CCCCC3)cc2[nH]1,Cc1ccc(C(=O)NCc2ccc(C(=O)O)cc2)cc1-c1nc2ccc(C(=O)N3CCCCC3)cc2[nH]1,6.9461083,-5.216685
230,mol174,-12.86,Cc1ccc(C(=O)Nc2cc(C(C)(C)C)on2)cc1NC(=O)c1cnc(-c2ccccc2O)cn1,Cc1ccc(C(=O)Nc2cc(C(C)(C)C)on2)cc1NC(=O)c1cnc(-c2ccccc2O)cn1,6.5909095,-6.5922093
440,mol209,-12.86,Cc1ccc(C(=O)Nc2ccc(C(=O)N[C@@H]3CCCC[C@@H]3NC(=O)c3ccc4oc5ccccc5c4n3)cc2)cc1,Cc1ccc(C(=O)Nc2ccc(C(=O)N[C@@H]3CCCC[C@@H]3NC(=O)c3ccc4oc5ccccc5c4n3)cc2)cc1,6.682537,-6.56294
90,mol14,-12.86,Cc1cc(NS(=O)(=O)c2cccc(F)c2)ccc1Nc1ccc2ncc(-c3ccccc3)nc2n1,Cc1cc(NS(=O)(=O)c2cccc(F)c2)ccc1Nc1ccc2ncc(-c3ccccc3)nc2n1,6.5302615,-6.9604077
980,mol153,-12.86,Cc1cn(Cc2cccc(F)c2)c2cc(NC(=O)c3ccc(-c4cccc(C(N)=O)c4)s3)ccc12,Cc1cn(Cc2cccc(F)c2)c2cc(NC(=O)c3ccc(-c4cccc(C(N)=O)c4)s3)ccc12,6.4044037,-6.472496
230,mol61,-12.86,Cc1ccc(NC(=O)c2cccc(C(F)(F)F)c2)cc1Nc1ncnc2cnc(Nc3ccc(N4CCN(C(=O)/C=C/c5ccccc5)CC4)cc3)nc12,Cc1ccc(NC(=O)c2cccc(C(F)(F)F)c2)cc1Nc1ncnc2cnc(Nc3ccc(N4CCN(C(=O)/C=C/c5ccccc5)CC4)cc3)nc12,6.4415483,-6.6163516
200,mol64,-12.86,Cc1[nH]c2ccc(-c3ccc(NC(=O)Cc4ccc(CC(=O)NO)cc4)cc3)cc2c1CC(=O)NO,Cc1[nH]c2ccc(-c3ccc(NC(=O)Cc4ccc(CC(=O)NO)cc4)cc3)cc2c1CC(=O)NO,6.5747676,-5.7532444
700,mol153,-12.86,Cc1ccccc1-c1cccc(C(=O)Nc2cccc(Oc3ccccc3C(N)=O)c2)c1,Cc1ccccc1-c1cccc(C(=O)Nc2cccc(Oc3ccccc3C(N)=O)c2)c1,6.0406213,-7.035033
690,mol344,-12.86,Cc1ccccc1-c1ccc(C(=O)Nc2ccc(C(=O)NC(C)(C)C)cc2)cc1,Cc1ccccc1-c1ccc(C(=O)Nc2ccc(C(=O)NC(C)(C)C)cc2)cc1,6.5052867,-6.2410793
740,mol248,-12.86,Cc1cccc(CNC(=O)c2ccc(C(=O)Nc3cccc(-c4ccccn4)c3)c3ccccc23)c1,Cc1cccc(CNC(=O)c2ccc(C(=O)Nc3cccc(-c4ccccn4)c3)c3ccccc23)c1,5.5927963,-6.503061
860,mol299,-12.86,COc1ccccc1Nc1ncc(-c2ccc(C(=O)Nc3ccccc3NC(=O)c3ccc4ccccc4n3)cc2)o1,COc1ccccc1Nc1ncc(-c2ccc(C(=O)Nc3ccccc3NC(=O)c3ccc4ccccc4n3)cc2)o1,6.0234857,-7.2430134
270,mol385,-12.86,Cc1ccc(Nc2cccc(C(=O)O)c2)cc1NC(=O)c1ccc(C(=O)NC(c2ccccc2)c2ccccc2)cc1,Cc1ccc(Nc2cccc(C(=O)O)c2)cc1NC(=O)c1ccc(C(=O)NC(c2ccccc2)c2ccccc2)cc1,6.54343,-5.692331
950,mol178,-12.86,CNC(=O)c1ccc(Nc2ncc(-c3cccc(C(=O)Nc4cccc(C(=O)O)c4)c3)s2)cc1,CNC(=O)c1ccc(Nc2ncc(-c3cccc(C(=O)Nc4cccc(C(=O)O)c4)c3)s2)cc1,6.3917136,-6.0167418
300,mol16,-12.86,Cc1cc(Oc2ccc(Nc3nc4ccc(C(C)(C)C)cc4o3)cc2)ccc1NC(=O)c1cccc(C(=O)O)c1,Cc1cc(Oc2ccc(Nc3nc4ccc(C(C)(C)C)cc4o3)cc2)ccc1NC(=O)c1cccc(C(=O)O)c1,6.8173265,-6.4952927
140,mol147,-12.86,COc1ccc(-c2cc(C#N)cc(-c3cccc(C(=O)Nc4cccc(C(=O)NCc5ccccc5)c4)c3)c2)cc1OCc1ncc[nH]1,COc1ccc(-c2cc(C#N)cc(-c3cccc(C(=O)Nc4cccc(C(=O)NCc5ccccc5)c4)c3)c2)cc1OCc1ncc[nH]1,6.2082214,-7.2724943
610,mol331,-12.86,CCOc1cc(=O)n(C)cc1-c1ccc(NC(=O)c2ccc(C(=O)Nc3ccc(C(N)N)cc3)cc2F)cc1,CCOc1cc(=O)n(C)cc1-c1ccc(NC(=O)c2ccc(C(=O)Nc3ccc(C(N)N)cc3)cc2F)cc1,6.0661483,-6.042151
940,mol347,-12.86,C[C@H](Oc1ccc(-c2cnc3cnc(Nc4cccc(C(=O)NCc5ccccc5)c4)cc3n2)cc1)C(=O)NO,C[C@H](Oc1ccc(-c2cnc3cnc(Nc4cccc(C(=O)NCc5ccccc5)c4)cc3n2)cc1)C(=O)NO,6.520495,-6.218494
530,mol329,-12.86,Cc1ccc(C(=O)Nc2cccs2)cc1Nc1ncnn2cc(C(=O)Nc3cccc(C(=O)NCc4ccccc4)c3)cc12,Cc1ccc(C(=O)Nc2cccs2)cc1Nc1ncnn2cc(C(=O)Nc3cccc(C(=O)NCc4ccccc4)c3)cc12,6.608247,-6.752057
720,mol403,-12.86,CC(=O)Nc1ccc(NC(=O)c2ccc(NC(=O)c3sc4ccccc4c3O)cc2)cc1C(=O)O,CC(=O)Nc1ccc(NC(=O)c2ccc(NC(=O)c3sc4ccccc4c3O)cc2)cc1C(=O)O,6.3938837,-5.8746653
710,mol66,-12.86,Cc1ccccc1CC(=O)Nc1cccc(C(=O)NCc2cccc(OCc3ccc4ncccc4c3)c2)c1,Cc1ccccc1CC(=O)Nc1cccc(C(=O)NCc2cccc(OCc3ccc4ncccc4c3)c2)c1,5.6480193,-6.7363667
880,mol75,-12.86,c1ccc(-c2ccc(CNc3cc(-c4ccccc4)nc4[nH]ccc34)cc2)cc1,c1ccc(-c2ccc(CNc3cc(-c4ccccc4)nc4[nH]ccc34)cc2)cc1,5.77779,-6.5423
710,mol429,-12.86,Cc1ccc(Oc2cccc(NC(=O)c3ccc4ccccc4n3)c2)cc1C(=O)O,Cc1ccc(Oc2cccc(NC(=O)c3ccc4ccccc4n3)c2)cc1C(=O)O,6.6195574,-6.036289
130,mol424,-12.86,Cc1cc(OCc2cccc(C(=O)Nc3cccc(C(F)(F)F)c3)c2)cc(-c2csc(Nc3ccncc3)n2)c1C,Cc1cc(OCc2cccc(C(=O)Nc3cccc(C(F)(F)F)c3)c2)cc(-c2csc(Nc3ccncc3)n2)c1C,6.3862634,-6.865198
900,mol407,-12.86,COc1ccc(-c2nc(-c3ccc(Oc4ccccc4)cc3C(F)(F)F)no2)cc1F,COc1ccc(-c2nc(-c3ccc(Oc4ccccc4)cc3C(F)(F)F)no2)cc1F,6.38371,-7.03001
860,mol231,-12.86,CC(C)n1ccnc1-c1ccc2c(c1)CC[C@H]2[N@@H+](C)C(=O)c1ccc(NC(=O)c2ccc(C(=O)O)cc2)cc1,CC(C)n1ccnc1-c1ccc2c(c1)CC[C@H]2[N@@H+](C)C(=O)c1ccc(NC(=O)c2ccc(C(=O)O)cc2)cc1,6.776752,-4.7193294
180,mol332,-12.86,Cc1ccc(-c2ccc(Nc3cccc(C(=O)NCc4ccc(Cl)c(C(=O)N5CCOCC5)c4)c3)o2)cc1,Cc1ccc(-c2ccc(Nc3cccc(C(=O)NCc4ccc(Cl)c(C(=O)N5CCOCC5)c4)c3)o2)cc1,6.5547833,-6.160966
680,mol406,-12.86,Cc1ccccc1-c1cccc(Cc2c[nH]c3ccc(-c4nccs4)cc23)c1,Cc1ccccc1-c1cccc(Cc2c[nH]c3ccc(-c4nccs4)cc23)c1,6.3132653,-6.693781
390,mol416,-12.86,NC(=O)Nc1ccc(Nc2cccc(-c3c(N)ccc4ccccc34)c2)cc1,NC(=O)Nc1ccc(Nc2cccc(-c3c(N)ccc4ccccc34)c2)cc1,6.0549893,-6.10587
350,mol202,-12.86,Cc1cc(Nc2cccc(S(=O)(=O)Nc3ccc(C(=O)NC(C)C)cc3)c2)cc(C(=O)N2CCS(=O)(=O)CC2)c1,Cc1cc(Nc2cccc(S(=O)(=O)Nc3ccc(C(=O)NC(C)C)cc3)c2)cc(C(=O)N2CCS(=O)(=O)CC2)c1,6.6590085,-4.422148
760,mol248,-12.86,Cc1ccccc1C(=O)Nc1ccc(C(=O)c2ccc3ccccc3c2)cc1,Cc1ccccc1C(=O)Nc1ccc(C(=O)c2ccc3ccccc3c2)cc1,6.2056975,-6.6454453
760,mol354,-12.85,Cc1ccc(C(=O)Nc2ccc(F)c(C(F)(F)F)c2)cc1Oc1ccnc(Nc2ccc(C(=O)O)cc2)n1,Cc1ccc(C(=O)Nc2ccc(F)c(C(F)(F)F)c2)cc1Oc1ccnc(Nc2ccc(C(=O)O)cc2)n1,6.3856115,-6.466426
430,mol197,-12.85,Cc1cc(Nc2cc(C(F)(F)F)ccc2NC(=O)c2ccc(C(=O)NCCNc3ccnc4ccc(Cl)cc34)cc2)ccn1,Cc1cc(Nc2cc(C(F)(F)F)ccc2NC(=O)c2ccc(C(=O)NCCNc3ccnc4ccc(Cl)cc34)cc2)ccn1,6.513586,-6.2582474
460,mol272,-12.85,Cc1cc(Nc2ccc(C(=O)c3cccc(C(=O)NCc4ccncc4)c3)cc2C(=O)O)ccc1N1C(=O)CCC1=O,Cc1cc(Nc2ccc(C(=O)c3cccc(C(=O)NCc4ccncc4)c3)cc2C(=O)O)ccc1N1C(=O)CCC1=O,6.79065,-5.85975
950,mol228,-12.85,CN(c1cccc(CNC(=O)c2ccc(C#N)cc2)c1)c1ccc2c(c1)CCC[C@H]2CSc1ccc(NC(=O)Cc2c[nH]c3ccccc23)cc1,CN(c1cccc(CNC(=O)c2ccc(C#N)cc2)c1)c1ccc2c(c1)CCC[C@H]2CSc1ccc(NC(=O)Cc2c[nH]c3ccccc23)cc1,6.283963,-6.6825767
640,mol230,-12.85,Cc1ccc(C(=O)Nc2ccc(Nc3ccnc4ccc(NC(=O)c5ccccc5)cc34)cc2)cc1,Cc1ccc(C(=O)Nc2ccc(Nc3ccnc4ccc(NC(=O)c5ccccc5)cc34)cc2)cc1,6.098308,-6.5230517
300,mol172,-12.85,Cc1ccc(NC(=O)c2ccc(F)c(C(=O)Nc3ccc(Oc4ncccc4C(F)(F)F)cc3)c2)cc1,Cc1ccc(NC(=O)c2ccc(F)c(C(=O)Nc3ccc(Oc4ncccc4C(F)(F)F)cc3)c2)cc1,6.061713,-7.2515726
770,mol416,-12.85,Cc1ccc(NC(=O)c2ccc(NC(=O)c3cc4ccccc4o3)cc2)cc1C(=O)NCC[C@H]1CCCCN1C(=O)CCNC(=O)c1ccncc1,Cc1ccc(NC(=O)c2ccc(NC(=O)c3cc4ccccc4o3)cc2)cc1C(=O)NCC[C@H]1CCCCN1C(=O)CCNC(=O)c1ccncc1,7.4096317,-6.0942144
460,mol46,-12.85,Cc1cc(NC(=O)Nc2ccc(Cl)cc2)cc(NS(=O)(=O)c2ccc(OCc3ccc4ccccc4n3)cc2)c1,Cc1cc(NC(=O)Nc2ccc(Cl)cc2)cc(NS(=O)(=O)c2ccc(OCc3ccc4ccccc4n3)cc2)c1,6.290292,-6.88837
850,mol366,-12.85,Cc1ccc(C(=O)Nc2ccc(S(O)(O)O)c3ccccc23)cc1NC(=O)c1ccc(NCc2ccccc2)cc1,Cc1ccc(C(=O)Nc2ccc(S(O)(O)O)c3ccccc23)cc1NC(=O)c1ccc(NCc2ccccc2)cc1,6.112442,-5.94917
340,mol134,-12.85,Cc1ccc(-c2cc(Nc3cccc(C(=O)Nc4ccccc4C(F)(F)F)c3)ncn2)cn1,Cc1ccc(-c2cc(Nc3cccc(C(=O)Nc4ccccc4C(F)(F)F)c3)ncn2)cn1,6.2561893,-6.4190836
870,mol241,-12.85,Cc1ccc(C(=O)Nc2ccc(-c3cc4ccccc4oc3=O)cc2)cc1,Cc1ccc(C(=O)Nc2ccc(-c3cc4ccccc4oc3=O)cc2)cc1,6.142785,-6.556897
760,mol200,-12.85,COc1cccc(-c2nc(C(=O)Nc3cccc(OCc4ccccc4)c3)c(-c3nc4ccccc4[nH]3)s2)c1,COc1cccc(-c2nc(C(=O)Nc3cccc(OCc4ccccc4)c3)c(-c3nc4ccccc4[nH]3)s2)c1,5.910037,-7.4550753
870,mol349,-12.85,NC(=O)c1cc(NCc2cccc(-c3cccc(CNC[C@H](O)c4ccccc4)c3)c2)cc(NS(=O)(=O)c2cccc(N)c2)c1,NC(=O)c1cc(NCc2cccc(-c3cccc(CNC[C@H](O)c4ccccc4)c3)c2)cc(NS(=O)(=O)c2cccc(N)c2)c1,6.1967134,-5.034626
950,mol240,-12.85,O[C@@H]1CO[C@H](Oc2ccc(-c3ccc4nc(-c5ccccc5)ccc4c3)cc2)C1,O[C@@H]1CO[C@H](Oc2ccc(-c3ccc4nc(-c5ccccc5)ccc4c3)cc2)C1,6.183716,-6.48635
870,mol375,-12.85,COc1cccc(-c2ccc(C(=O)Nc3ccc4ccccc4c3)cc2)c1,COc1cccc(-c2ccc(C(=O)Nc3ccc4ccccc4c3)cc2)c1,5.5175486,-6.5432425
570,mol436,-12.85,Cc1ccc(C(=O)Nc2cccc(C(=O)NCc3ccccc3C(=O)O)c2)cc1NC(=O)c1cccc(S(N)(=O)=O)c1,Cc1ccc(C(=O)Nc2cccc(C(=O)NCc3ccccc3C(=O)O)c2)cc1NC(=O)c1cccc(S(N)(=O)=O)c1,6.7616405,-4.9659486
240,mol136,-12.85,CN(C)C(=O)C1=C[C@H](c2ccc(OC(F)F)c(F)c2)C[C@H](c2cccc(NS(=O)(=O)c3cccc4ccccc34)c2)C1,CN(C)C(=O)C1=C[C@H](c2ccc(OC(F)F)c(F)c2)C[C@H](c2cccc(NS(=O)(=O)c3cccc4ccccc34)c2)C1,6.6742907,-6.8688865
360,mol69,-12.85,Cc1cnc(Nc2cccc(C(=O)Nc3ccc(NC(=O)Nc4ccccc4)cc3)c2)c2cn[nH]c12,Cc1cnc(Nc2cccc(C(=O)Nc3ccc(NC(=O)Nc4ccccc4)cc3)c2)c2cn[nH]c12,6.5522094,-6.4761453
940,mol424,-12.85,C[C@@H](Oc1ccc(-c2ccc(C(=O)NO)nc2)cc1)C(=O)NCc1ccc(S(N)(=O)=O)cc1,C[C@@H](Oc1ccc(-c2ccc(C(=O)NO)nc2)cc1)C(=O)NCc1ccc(S(N)(=O)=O)cc1,6.736637,-4.230289
110,mol374,-12.85,Cc1cn(-c2cccc(C(=O)Nc3ccc(C(=O)Nc4cc(F)cc(F)c4)c(C(F)(F)F)c3)c2)cn1,Cc1cn(-c2cccc(C(=O)Nc3ccc(C(=O)Nc4cc(F)cc(F)c4)c(C(F)(F)F)c3)c2)cn1,6.2268066,-6.257464
670,mol83,-12.85,CC(=O)Nc1ccc(-c2cccc(Oc3ccnc4cc(Cl)ccc34)c2)cc1,CC(=O)Nc1ccc(-c2cccc(Oc3ccnc4cc(Cl)ccc34)c2)cc1,6.1805115,-7.023714
190,mol386,-12.85,Cc1cc(NCc2cc(-c3cccc(C(F)(F)F)c3)no2)ccc1-c1ccc(C#N)c(C(F)(F)F)c1,Cc1cc(NCc2cc(-c3cccc(C(F)(F)F)c3)no2)ccc1-c1ccc(C#N)c(C(F)(F)F)c1,6.534052,-7.0795827
990,mol381,-12.85,C[C@H](Nc1ccc(C(=O)O)c(Oc2cccc(-c3cccc4ccccc34)c2)n1)c1ccccc1,C[C@H](Nc1ccc(C(=O)O)c(Oc2cccc(-c3cccc4ccccc34)c2)n1)c1ccccc1,6.263156,-6.1707125
480,mol376,-12.85,Nc1ccc(C(=O)Nc2cccc(-c3cn4ccnc4c(Nc4cccc(C(F)(F)F)c4)n3)c2)cc1,Nc1ccc(C(=O)Nc2cccc(-c3cn4ccnc4c(Nc4cccc(C(F)(F)F)c4)n3)c2)cc1,6.114921,-6.8236055
80,mol62,-12.85,Cc1cccc(CNC(=O)c2nc3nc(N)c([C@H](C(=O)Nc4cccc(C(=O)O)c4)c4ccc(Cl)cc4)cc3[nH]2)c1,Cc1cccc(CNC(=O)c2nc3nc(N)c([C@H](C(=O)Nc4cccc(C(=O)O)c4)c4ccc(Cl)cc4)cc3[nH]2)c1,7.062014,-5.6338696
900,mol53,-12.85,C[C@H](Oc1cc(F)cc(-c2ccc(C(=O)O)cc2)c1)C(=O)Nc1ccc(OCc2ccccc2)cc1,C[C@H](Oc1cc(F)cc(-c2ccc(C(=O)O)cc2)c1)C(=O)Nc1ccc(OCc2ccccc2)cc1,6.26731,-6.8726954
500,mol384,-12.85,CC(C)c1ccc(-c2ccc(Nc3nccc(-c4ccccc4)n3)cc2)cc1,CC(C)c1ccc(-c2ccc(Nc3nccc(-c4ccccc4)n3)cc2)cc1,6.084386,-6.8186307
930,mol187,-12.85,COc1ccc(-c2ccc(C(=O)Nc3cc4cc(C)ccc4nc3O)cc2)cc1,COc1ccc(-c2ccc(C(=O)Nc3cc4cc(C)ccc4nc3O)cc2)cc1,5.813215,-6.8526177
940,mol350,-12.85,Cc1ccc(-n2ncc(-c3ccc(NC(=O)[C@H]4CCc5ccccc5C4)cc3)n2)cc1,Cc1ccc(-n2ncc(-c3ccc(NC(=O)[C@H]4CCc5ccccc5C4)cc3)n2)cc1,6.145536,-5.9121656
340,mol367,-12.85,Nc1nccc2cc3cccc(C(=O)NCCNC(=O)Nc4ccc(Oc5ccccc5)cc4)c3cc12,Nc1nccc2cc3cccc(C(=O)NCCNC(=O)Nc4ccc(Oc5ccccc5)cc4)c3cc12,6.278077,-6.146185
560,mol275,-12.84,Cc1ccc(NC(=O)c2ccccc2OCc2cccc(C(=O)O)c2)cc1NC(=O)c1ccc2ccccc2c1,Cc1ccc(NC(=O)c2ccccc2OCc2cccc(C(=O)O)c2)cc1NC(=O)c1ccc2ccccc2c1,6.4802284,-6.8128567
70,mol498,-12.84,c1ccc(-c2cccc(-c3cccc(CNc4ccnc5ccccc45)c3)c2)cc1,c1ccc(-c2cccc(-c3cccc(CNc4ccnc5ccccc45)c3)c2)cc1,5.769742,-6.460682
510,mol6,-12.84,Nc1ccc(-c2cccc(Nc3nccc(-c4ccccc4)n3)c2)cc1,Nc1ccc(-c2cccc(Nc3nccc(-c4ccccc4)n3)c2)cc1,5.9616337,-5.87106
610,mol464,-12.84,Cc1ccc(NC(=O)c2cccc(Oc3ccccc3)c2)cc1NC(=O)c1ccc(-c2ccc(Cl)cc2)cc1,Cc1ccc(NC(=O)c2cccc(Oc3ccccc3)c2)cc1NC(=O)c1ccc(-c2ccc(Cl)cc2)cc1,6.015317,-7.3382173
440,mol475,-12.84,Nc1cc(NC(=O)c2ccc(C(=O)O)cc2)ccc1Nc1nc(Nc2cccc(S(N)(=O)=O)c2)ncc1C(F)(F)F,Nc1cc(NC(=O)c2ccc(C(=O)O)cc2)ccc1Nc1nc(Nc2cccc(S(N)(=O)=O)c2)ncc1C(F)(F)F,6.831969,-4.830066
770,mol286,-12.84,Cc1ccc(C(=O)N2CCC(Nc3ncnc4ccccc34)CC2)cc1C(F)(F)F,Cc1ccc(C(=O)N2CCC(Nc3ncnc4ccccc34)CC2)cc1C(F)(F)F,6.9400554,-4.7447686
990,mol263,-12.84,Cc1cccc(-c2nnc(-c3cccc(-c4ccccc4)c3)o2)c1,Cc1cccc(-c2nnc(-c3cccc(-c4ccccc4)c3)o2)c1,5.9678936,-6.3445964
670,mol408,-12.84,Cc1ccc(C(=O)Nc2cccc(C(F)(F)F)c2)cc1NC(=O)c1cnc(Nc2cccc(-c3ccncc3)c2)cn1,Cc1ccc(C(=O)Nc2cccc(C(F)(F)F)c2)cc1NC(=O)c1cnc(Nc2cccc(-c3ccncc3)c2)cn1,6.4170976,-6.867216
500,mol169,-12.84,Cc1ccc(C(=O)Nc2ccc(Oc3ncnc4ccccc34)cc2)cc1C,Cc1ccc(C(=O)Nc2ccc(Oc3ncnc4ccccc34)cc2)cc1C,6.855834,-6.6842985
590,mol77,-12.84,Cc1cccc(Cc2cc(N3CCC[C@H](Cc4ccccc4)C3)ncn2)c1,Cc1cccc(Cc2cc(N3CCC[C@H](Cc4ccccc4)C3)ncn2)c1,6.2935767,-5.278938
80,mol311,-12.84,Cc1ncc(-c2ccc(C(=O)NCc3cccc(C(N)=O)c3)cc2)cc1-c1ccc(S(=O)(=O)c2ccccc2)cc1,Cc1ncc(-c2ccc(C(=O)NCc3cccc(C(N)=O)c3)cc2)cc1-c1ccc(S(=O)(=O)c2ccccc2)cc1,5.998114,-6.0760717
910,mol127,-12.84,Cc1oc2ccc(O)cc2c(=O)c1Cc1ccc(Oc2ccc(Nc3cccc(C(=O)O)c3)cc2)cc1,Cc1oc2ccc(O)cc2c(=O)c1Cc1ccc(Oc2ccc(Nc3cccc(C(=O)O)c3)cc2)cc1,6.3521876,-6.561263
880,mol380,-12.84,Cc1c(-c2ccc(C(=O)O)cc2)ccc(-c2ccc(N)c(C(=O)O)c2)c1O,Cc1c(-c2ccc(C(=O)O)cc2)ccc(-c2ccc(N)c(C(=O)O)c2)c1O,6.4500165,-4.6122656
420,mol119,-12.84,Cc1ccc(C(=O)Nc2cccc(C(=O)O)c2)cc1NC(=O)c1ccc(NC(=O)c2cccnc2)cc1,Cc1ccc(C(=O)Nc2cccc(C(=O)O)c2)cc1NC(=O)c1ccc(NC(=O)c2cccnc2)cc1,6.5585556,-6.0097623
300,mol491,-12.84,Cc1ccc(C(=O)CSc2nc3nc(N)c(C(N)=O)c(Cc4cccc(C(=O)Nc5ccccc5C(F)(F)F)c4)n3n2)cc1,Cc1ccc(C(=O)CSc2nc3nc(N)c(C(N)=O)c(Cc4cccc(C(=O)Nc5ccccc5C(F)(F)F)c4)n3n2)cc1,6.551916,-6.2267547
90,mol207,-12.84,Cc1cccc(-c2ccc(C[C@@H](Nc3cccc4ccccc34)C(=O)O)cc2)c1,Cc1cccc(-c2ccc(C[C@@H](Nc3cccc4ccccc34)C(=O)O)cc2)c1,6.2099123,-5.7268453
300,mol75,-12.84,Cc1ccc(C(=O)Nc2ccc(Cc3ccc(NC(=O)c4ccc(C(=O)O)o4)cc3)cc2)cc1,Cc1ccc(C(=O)Nc2ccc(Cc3ccc(NC(=O)c4ccc(C(=O)O)o4)cc3)cc2)cc1,6.372334,-6.271414
110,mol479,-12.84,Cc1cc(CSc2ncc(C(=O)Nc3ccccc3)c(-c3ccc(C(=O)Nc4cccc(C(F)(F)F)c4)cc3)n2)no1,Cc1cc(CSc2ncc(C(=O)Nc3ccccc3)c(-c3ccc(C(=O)Nc4cccc(C(F)(F)F)c4)cc3)n2)no1,6.5492997,-6.6942887
580,mol380,-12.84,Cc1ccc(C(=O)Nc2ccc(S(=O)(=O)N(C)c3ccccc3)cc2)cc1NC(=O)c1ccc(C(=O)O)cc1,Cc1ccc(C(=O)Nc2ccc(S(=O)(=O)N(C)c3ccccc3)cc2)cc1NC(=O)c1ccc(C(=O)O)cc1,6.6770687,-5.643751
440,mol276,-12.84,Cc1cc(C)cc(C(=O)c2ccc(Nc3cccc(Nc4ccnc5ccccc45)c3)cc2)c1,Cc1cc(C)cc(C(=O)c2ccc(Nc3cccc(Nc4ccnc5ccccc45)c3)cc2)c1,5.9846153,-6.478783
110,mol149,-12.84,CNC(=O)c1ccc(-c2cccc(C(=O)c3ccc(CCCc4ccccc4)cc3)c2)cc1,CNC(=O)c1ccc(-c2cccc(C(=O)c3ccc(CCCc4ccccc4)cc3)c2)cc1,5.9822693,-6.8412085
410,mol10,-12.84,Cc1ccc(C(=O)Nc2ccc(-c3ccc4c(c3)c3[nH]ncc3c(=O)n4C)cc2)cc1,Cc1ccc(C(=O)Nc2ccc(-c3ccc4c(c3)c3[nH]ncc3c(=O)n4C)cc2)cc1,5.91397,-6.5244575
750,mol200,-12.84,Cc1ccc(C(=O)Nc2ccc(C(=O)NS(=O)(=O)c3ccc4c(C(=O)O)c[nH]c4c3)cc2)c(C)c1,Cc1ccc(C(=O)Nc2ccc(C(=O)NS(=O)(=O)c3ccc4c(C(=O)O)c[nH]c4c3)cc2)c(C)c1,6.7742014,-5.804765
10,mol399,-12.84,c1ccc(Nc2nccc(-c3cccc(-c4nc5ccccc5[nH]4)c3)n2)cc1,c1ccc(Nc2nccc(-c3cccc(-c4nc5ccccc5[nH]4)c3)n2)cc1,6.067558,-6.656644
960,mol207,-12.84,CN(Cc1ccc(-c2ccc(C(=O)O)cc2)cc1)S(=O)(=O)c1ccc(Nc2cc(Nc3cccc(OC(F)(F)F)c3)ncn2)cc1,CN(Cc1ccc(-c2ccc(C(=O)O)cc2)cc1)S(=O)(=O)c1ccc(Nc2cc(Nc3cccc(OC(F)(F)F)c3)ncn2)cc1,6.7198114,-6.169195
210,mol38,-12.84,Nc1cc(Nc2ccc(C(=O)NCc3cccc(Oc4cccc(F)c4)c3)cc2)nc(NC[C@H]([NH3+])Cc2ccccc2)n1,Nc1cc(Nc2ccc(C(=O)NCc3cccc(Oc4cccc(F)c4)c3)cc2)nc(NC[C@H]([NH3+])Cc2ccccc2)n1,6.0315776,-6.1001773
740,mol486,-12.84,Cc1cc(C)c2cc(Nc3nc(=O)c4ccccc4[nH]3)ccc2c1,Cc1cc(C)c2cc(Nc3nc(=O)c4ccccc4[nH]3)ccc2c1,6.571679,-5.881392
630,mol364,-12.84,Cc1ccc(NC(=O)c2ccc(C[NH+]3CCN(S(C)(=O)=O)CC3)cc2)cc1Nc1nccc(-c2cccnc2)n1,Cc1ccc(NC(=O)c2ccc(C[NH+]3CCN(S(C)(=O)=O)CC3)cc2)cc1Nc1nccc(-c2cccnc2)n1,7.2085714,-3.5229106
800,mol318,-12.84,Cc1ccc(-c2ncc(C(=O)Nc3ccc(C[NH+]4CCOCC4)c(C(F)(F)F)c3)c3ccccc23)cc1,Cc1ccc(-c2ncc(C(=O)Nc3ccc(C[NH+]4CCOCC4)c(C(F)(F)F)c3)c3ccccc23)cc1,6.555848,-6.0321846
860,mol392,-12.84,Cc1cc(Br)ccc1NC(=O)c1ccnc(NC(=O)Cc2ccc(C(=O)O)cc2)c1,Cc1cc(Br)ccc1NC(=O)c1ccnc(NC(=O)Cc2ccc(C(=O)O)cc2)c1,6.8275166,-5.666895
930,mol245,-12.84,NS(=O)(=O)c1ccc(C(=O)Nc2ccc(-c3cccc4ccccc34)cc2)cc1,NS(=O)(=O)c1ccc(C(=O)Nc2ccc(-c3cccc4ccccc34)cc2)cc1,6.046023,-5.5636163
620,mol144,-12.84,CC(=O)Nc1ccc(C(=O)Nc2ccc(Oc3ccncc3)cc2C(=O)O)c(C(=O)O)c1,CC(=O)Nc1ccc(C(=O)Nc2ccc(Oc3ccncc3)cc2C(=O)O)c(C(=O)O)c1,6.7800493,-5.1665306
350,mol357,-12.84,Cc1ccc(Cl)cc1NC(=O)c1ccc(NC(=O)Cc2ccc(NC(=O)c3ccc(C#N)cc3)cc2C(=O)O)cc1,Cc1ccc(Cl)cc1NC(=O)c1ccc(NC(=O)Cc2ccc(NC(=O)c3ccc(C#N)cc3)cc2C(=O)O)cc1,6.9797263,-6.7399793
670,mol330,-12.84,Cc1ccc(C(=O)Nc2ccc(Nc3nc4ccccc4[nH]3)cc2)cc1C(F)(F)F,Cc1ccc(C(=O)Nc2ccc(Nc3nc4ccccc4[nH]3)cc2)cc1C(F)(F)F,6.3237886,-7.0328174
460,mol362,-12.84,Cc1cc(Nc2nccc(Nc3ccc4c(ccn4Cc4cccc(F)c4)c3)n2)cc(N2CCCC2=O)c1,Cc1cc(Nc2nccc(Nc3ccc4c(ccn4Cc4cccc(F)c4)c3)n2)cc(N2CCCC2=O)c1,6.348081,-5.630201
730,mol221,-12.84,Cc1ccc(C(=O)Nc2nccc3ccccc23)cc1NC(=O)c1ccccc1C(=O)O,Cc1ccc(C(=O)Nc2nccc3ccccc23)cc1NC(=O)c1ccccc1C(=O)O,6.676158,-5.6476226
730,mol23,-12.84,Cc1cc(Nc2cc(C(F)(F)F)ccn2)nc(-c2ccc(C(=O)Nc3cccc(C(=O)O)c3)cc2C(=O)O)c1,Cc1cc(Nc2cc(C(F)(F)F)ccn2)nc(-c2ccc(C(=O)Nc3cccc(C(=O)O)c3)cc2C(=O)O)c1,6.5777884,-5.7610755
370,mol317,-12.83,Cc1cc(Nc2nccc(Nc3ccc4c(c3)C(=O)c3ccccc3C4)n2)cc(N)c1Cl,Cc1cc(Nc2nccc(Nc3ccc4c(c3)C(=O)c3ccccc3C4)n2)cc(N)c1Cl,6.139671,-6.20635
130,mol232,-12.83,Cc1ccc(C(=O)NC2CC2)cc1-c1ccc2c(Nc3cccc(C(F)(F)F)c3)ncnc2c1,Cc1ccc(C(=O)NC2CC2)cc1-c1ccc2c(Nc3cccc(C(F)(F)F)c3)ncnc2c1,6.481351,-6.6278033
450,mol446,-12.83,Cc1ccc(C(=O)NCc2ccc(F)cc2)cc1-n1cnc2ccc(N3CCc4ccccc4C3)cc2c1=O,Cc1ccc(C(=O)NCc2ccc(F)cc2)cc1-n1cnc2ccc(N3CCc4ccccc4C3)cc2c1=O,6.24307,-6.4462495
570,mol0,-12.83,[H]/N=C\c1c(-n2cc(C(C)C)cn2)cccc1-n1ncc2cc(C(=O)O)ccc2c1=O,[H]/N=C\c1c(-n2cc(C(C)C)cn2)cccc1-n1ncc2cc(C(=O)O)ccc2c1=O,6.434563,-4.543149
930,mol205,-12.83,COc1ccc(-c2ccc(NC(=O)c3ccc4c(C5CCCCC5)n[nH]c4c3)cc2)cc1OC,COc1ccc(-c2ccc(NC(=O)c3ccc4c(C5CCCCC5)n[nH]c4c3)cc2)cc1OC,5.870516,-7.259143
800,mol202,-12.83,Cc1ccc(C(=O)Nc2cccc(C(N)=O)c2)cc1Nc1ncnn2cc(C(=O)Nc3cccc([N+](=O)[O-])c3)cc12,Cc1ccc(C(=O)Nc2cccc(C(N)=O)c2)cc1Nc1ncnn2cc(C(=O)Nc3cccc([N+](=O)[O-])c3)cc12,6.7386093,-7.0956664
930,mol483,-12.83,Cc1ccc(NC(=O)c2ccccc2NCc2ccc(C(=O)Nc3ccc4ccccc4c3)cc2)cc1,Cc1ccc(NC(=O)c2ccccc2NCc2ccc(C(=O)Nc3ccc4ccccc4c3)cc2)cc1,5.65563,-6.6761994
580,mol143,-12.83,Cc1ccc(C(=O)Nc2ccc(S(O)(O)O)c3ccccc23)cc1NCc1cccc2ccccc12,Cc1ccc(C(=O)Nc2ccc(S(O)(O)O)c3ccccc23)cc1NCc1cccc2ccccc12,5.8632374,-6.344598
850,mol448,-12.83,Cc1cccc(Nc2nccc(-c3ccnc(Nc4cccc(C(=O)O)c4)c3)n2)c1,Cc1cccc(Nc2nccc(-c3ccnc(Nc4cccc(C(=O)O)c4)c3)n2)c1,6.591796,-5.337158
680,mol139,-12.83,Cc1cccc(/C=N/c2ccc3c(/C=C/c4cccc(C(=O)O)c4)c[nH]c3c2)c1,Cc1cccc(/C=N/c2ccc3c(/C=C/c4cccc(C(=O)O)c4)c[nH]c3c2)c1,6.421618,-5.734863
440,mol206,-12.83,Cc1cccc(-c2ncc(C(=O)O)cc2-c2ccc(CNC(=O)c3ccc4ccccc4n3)cc2)c1,Cc1cccc(-c2ncc(C(=O)O)cc2-c2ccc(CNC(=O)c3ccc4ccccc4n3)cc2)c1,6.130941,-6.0463367
370,mol303,-12.83,CC(=O)Nc1cccc(-c2ncc(-c3cccc(C(=O)NCc4cccc(C(=O)Nc5cccc(C(=O)O)c5)c4)c3)s2)c1,CC(=O)Nc1cccc(-c2ncc(-c3cccc(C(=O)NCc4cccc(C(=O)Nc5cccc(C(=O)O)c5)c4)c3)s2)c1,6.800971,-5.8459964
910,mol392,-12.83,Cc1cc(C)cc(C(=O)Nc2ncc(-c3cccc(C(=O)c4cccc(C(=O)O)c4)c3)s2)c1,Cc1cc(C)cc(C(=O)Nc2ncc(-c3cccc(C(=O)c4cccc(C(=O)O)c4)c3)s2)c1,6.258766,-6.1985326
800,mol127,-12.83,Cc1ccccc1-c1ccc(Oc2nccc(Oc3ccc(C(=O)NCCc4ccccc4)cc3)n2)cc1,Cc1ccccc1-c1ccc(Oc2nccc(Oc3ccc(C(=O)NCCc4ccccc4)cc3)n2)cc1,6.2305794,-7.1339493
200,mol354,-12.83,Nc1ccc(C(=O)Nc2ccc(-c3ccnc4ccccc34)cc2F)cn1,Nc1ccc(C(=O)Nc2ccc(-c3ccnc4ccccc34)cc2F)cn1,6.6206217,-5.3045187
180,mol160,-12.83,CN(C(=O)c1ccc(Nc2nccc(-c3cccnc3Nc3ccccc3)n2)cc1)c1ccc(N2CC[C@H](c3ccccc3)C2=O)cc1,CN(C(=O)c1ccc(Nc2nccc(-c3cccnc3Nc3ccccc3)n2)cc1)c1ccc(N2CC[C@H](c3ccccc3)C2=O)cc1,6.4368095,-6.201474
170,mol253,-12.83,Cc1ccc(Nc2ccc(C(=O)O)c(Nc3cccc(C(=O)Nc4cccc(C(=O)O)c4)c3)n2)cc1,Cc1ccc(Nc2ccc(C(=O)O)c(Nc3cccc(C(=O)Nc4cccc(C(=O)O)c4)c3)n2)cc1,6.407471,-5.7849884
470,mol458,-12.83,Cc1cccc(Nc2cc(Cl)cc(C(=O)Nc3ccc(Nc4nccc(Nc5ccccc5)n4)cc3)c2)c1,Cc1cccc(Nc2cc(Cl)cc(C(=O)Nc3ccc(Nc4nccc(Nc5ccccc5)n4)cc3)c2)c1,5.9523873,-6.4957547
230,mol341,-12.83,COc1cc(-c2cnc(NC(=O)c3ccc4c(c3)CCNC4=O)s2)ccc1C(=O)N1CCCC1,COc1cc(-c2cnc(NC(=O)c3ccc4c(c3)CCNC4=O)s2)ccc1C(=O)N1CCCC1,6.888665,-5.240442
590,mol5,-12.83,Cc1ccc(C(=O)Nc2cccc(-c3ccn4c(-c5ccccc5)cnc4c3)c2)cc1,Cc1ccc(C(=O)Nc2cccc(-c3ccn4c(-c5ccccc5)cnc4c3)c2)cc1,5.7830915,-6.654076
900,mol455,-12.83,Cn1cc(-c2cccc(Oc3ccccc3)c2)c2sc(NC(=O)Nc3ccc(Oc4ccncc4)cc3)cc21,Cn1cc(-c2cccc(Oc3ccccc3)c2)c2sc(NC(=O)Nc3ccc(Oc4ccncc4)cc3)cc21,6.1103067,-7.000772
500,mol371,-12.83,Cc1ccc(C(=O)Nc2ccc(Oc3ccc(NC(=O)CNC(=O)OC(C)(C)C)cc3)cc2)cc1Nc1ncnc2ccc(N)cc12,Cc1ccc(C(=O)Nc2ccc(Oc3ccc(NC(=O)CNC(=O)OC(C)(C)C)cc3)cc2)cc1Nc1ncnc2ccc(N)cc12,6.860027,-6.7377777
400,mol471,-12.83,Cc1ccc(C(=O)Nc2ccc(C(=O)NCCc3ccc(F)cc3)cc2)cc1NCc1ccc2ccccc2n1,Cc1ccc(C(=O)Nc2ccc(C(=O)NCCc3ccc(F)cc3)cc2)cc1NCc1ccc2ccccc2n1,6.100108,-6.4544973
270,mol262,-12.83,Cc1cc(N2CCC(Nc3nccc(-c4ccccc4)n3)CC2)ccc1NC(=O)c1ccc(-n2ccccc2=O)cc1,Cc1cc(N2CCC(Nc3nccc(-c4ccccc4)n3)CC2)ccc1NC(=O)c1ccc(-n2ccccc2=O)cc1,6.588598,-6.1790323
160,mol55,-12.82,Cc1cncc(-c2cnc(Nc3ccc4c(c3)CCN(c3ncccc3C(F)(F)F)C4)cc2-n2cccn2)n1,Cc1cncc(-c2cnc(Nc3ccc4c(c3)CCN(c3ncccc3C(F)(F)F)C4)cc2-n2cccn2)n1,6.4075127,-5.7464914
450,mol465,-12.82,Cc1ccc(S(=O)(=O)NC(=O)Nc2ccc(Oc3ccc(NC(=O)c4cccc(C(=O)O)c4)cc3)cc2)cc1,Cc1ccc(S(=O)(=O)NC(=O)Nc2ccc(Oc3ccc(NC(=O)c4cccc(C(=O)O)c4)cc3)cc2)cc1,6.622189,-6.433855
310,mol151,-12.82,Cc1cc(NC(=O)Nc2cccc(Nc3ccnc4cc(Cl)ccc34)c2)ccn1,Cc1cc(NC(=O)Nc2cccc(Nc3ccnc4cc(Cl)ccc34)c2)ccn1,6.390353,-6.181737
520,mol192,-12.82,Cn1cc(C(=O)Nc2ccc(Oc3ccnc4cc(-c5ccccc5)ccc34)cc2)cn1,Cn1cc(C(=O)Nc2ccc(Oc3ccnc4cc(-c5ccccc5)ccc34)cc2)cn1,5.8231645,-6.71617
550,mol96,-12.82,Cc1ccc(NC(=O)Cc2ccc(S(=O)(=O)N3CCc4ccccc4C3)cc2)cc1NC(=O)c1ccc(-c2ccccc2)cc1,Cc1ccc(NC(=O)Cc2ccc(S(=O)(=O)N3CCc4ccccc4C3)cc2)cc1NC(=O)c1ccc(-c2ccccc2)cc1,6.2759895,-6.5160794
340,mol206,-12.82,Cc1cc(NC(=O)Nc2cc(C(=O)Nc3ccc(C(=O)O)cc3)ccc2N)cc(C=O)c1O,Cc1cc(NC(=O)Nc2cc(C(=O)Nc3ccc(C(=O)O)cc3)ccc2N)cc(C=O)c1O,6.621558,-5.977738
140,mol230,-12.82,Cc1ccccc1-c1ccc(Nc2nccc(Nc3ccccc3C(N)=O)n2)cc1,Cc1ccccc1-c1ccc(Nc2nccc(Nc3ccccc3C(N)=O)n2)cc1,6.245548,-6.6060524
940,mol116,-12.82,CN(c1cccc(-c2ccc(C(=O)O)cc2)c1)S(=O)(=O)c1ccc(-c2cncnc2)cc1,CN(c1cccc(-c2ccc(C(=O)O)cc2)c1)S(=O)(=O)c1ccc(-c2cncnc2)cc1,6.2840014,-5.3298845
940,mol188,-12.82,Cc1cc(NC(=O)c2cccc(-n3cc(NC(=O)Nc4cccc(C(F)(F)F)c4)cn3)c2)ccn1,Cc1cc(NC(=O)c2cccc(-n3cc(NC(=O)Nc4cccc(C(F)(F)F)c4)cn3)c2)ccn1,6.2382097,-6.435761
620,mol201,-12.82,Cc1ccc(NC(=O)c2cccc(C(F)(F)F)c2)cc1NC(=O)c1ccc2nc(-c3ccccc3)oc2c1,Cc1ccc(NC(=O)c2cccc(C(F)(F)F)c2)cc1NC(=O)c1ccc2nc(-c3ccccc3)oc2c1,6.2933164,-6.900243
200,mol27,-12.82,CNc1cc(Nc2c(F)ccc(CN(C)C(=O)Cc3ccc(NC(=O)c4ccc(Cl)c(F)c4)cc3)c2C(F)(F)F)ccc1C(N)=O,CNc1cc(Nc2c(F)ccc(CN(C)C(=O)Cc3ccc(NC(=O)c4ccc(Cl)c(F)c4)cc3)c2C(F)(F)F)ccc1C(N)=O,6.2325425,-6.3394995
900,mol318,-12.82,COc1ccc(S(=O)(=O)Nc2ccc(-c3ccc(NC(=O)c4cccc(OC(F)(F)F)c4)cc3)cc2)cc1,COc1ccc(S(=O)(=O)Nc2ccc(-c3ccc(NC(=O)c4cccc(OC(F)(F)F)c4)cc3)cc2)cc1,6.0079193,-6.6194353
400,mol213,-12.82,Cc1ccc(C(=O)Nc2cccc(C(=O)NCc3cccnc3)c2)cc1Nc1nccc2ccccc12,Cc1ccc(C(=O)Nc2cccc(C(=O)NCc3cccnc3)c2)cc1Nc1nccc2ccccc12,6.4527483,-6.2012877
680,mol384,-12.82,Cc1ccc(NC(=O)c2cccc(CC3CCCCC3)n2)cc1Nc1nccc(-c2cccnc2)n1,Cc1ccc(NC(=O)c2cccc(CC3CCCCC3)n2)cc1Nc1nccc(-c2cccnc2)n1,6.742162,-6.1912704
700,mol161,-12.82,Cc1cccc(CNC(=O)c2cc3cccc(C)c3n2Cc2ccc(C(=O)Nc3ccc(-c4ccccn4)cc3)cc2)c1,Cc1cccc(CNC(=O)c2cc3cccc(C)c3n2Cc2ccc(C(=O)Nc3ccc(-c4ccccn4)cc3)cc2)c1,5.6533356,-6.3729897
880,mol358,-12.82,Cc1ccc(-n2nc(C(C)(C)C)cc2NC(=O)Nc2cccc(Nc3ncnc4ccccc34)c2)cc1,Cc1ccc(-n2nc(C(C)(C)C)cc2NC(=O)Nc2cccc(Nc3ncnc4ccccc34)c2)cc1,6.530322,-7.18034
460,mol125,-12.82,Cc1ccc(F)cc1C(=O)Nc1cccc(Nc2nccc(Nc3cc(C4CCCCC4)cc4n[nH]cc34)n2)c1,Cc1ccc(F)cc1C(=O)Nc1cccc(Nc2nccc(Nc3cc(C4CCCCC4)cc4n[nH]cc34)n2)c1,7.1477256,-6.62848
280,mol102,-12.82,Cn1cc(-c2cccc(Nc3nccc(-c4c[nH]c5ccccc45)n3)c2)cn1,Cn1cc(-c2cccc(Nc3nccc(-c4c[nH]c5ccccc45)n3)c2)cn1,6.263848,-5.203333
280,mol153,-12.82,Cc1cc(Nc2nccc(C3=CCCN3)n2)cc(OCc2cccc(-c3nc4ccccc4[nH]3)c2)c1,Cc1cc(Nc2nccc(C3=CCCN3)n2)cc(OCc2cccc(-c3nc4ccccc4[nH]3)c2)c1,6.450479,-6.550661
180,mol213,-12.82,CN(O)C(=O)C[NH2+]Cc1ccc(Nc2nccc(-c3cccc(-c4ccccc4)c3)n2)cc1,CN(O)C(=O)C[NH2+]Cc1ccc(Nc2nccc(-c3cccc(-c4ccccc4)c3)n2)cc1,6.3473277,-4.043135
90,mol292,-12.82,Cc1ccc(C(=O)Nc2cc(C(F)(F)F)ccc2N2CCC[C@@H](N)C2)cc1NC(=O)c1cnc2ccccn12,Cc1ccc(C(=O)Nc2cc(C(F)(F)F)ccc2N2CCC[C@@H](N)C2)cc1NC(=O)c1cnc2ccccn12,7.094782,-5.9844103
200,mol464,-12.82,Cc1ccc(Oc2cccc(-n3cc(NC(=O)Nc4cccc(C(F)(F)F)c4)cn3)c2)cc1,Cc1ccc(Oc2cccc(-n3cc(NC(=O)Nc4cccc(C(F)(F)F)c4)cn3)c2)cc1,6.3696427,-7.2891517
270,mol57,-12.82,Cc1cc(NC(=O)Nc2ccc(Oc3ccc(NC(=O)c4ccccc4)cc3)cc2)ccc1C(=O)O,Cc1cc(NC(=O)Nc2ccc(Oc3ccc(NC(=O)c4ccccc4)cc3)cc2)ccc1C(=O)O,6.435868,-6.38831
180,mol349,-12.82,Nc1ncc(-c2ccc(C(=O)Nc3ccc(-c4ccccc4)cn3)cc2)cn1,Nc1ncc(-c2ccc(C(=O)Nc3ccc(-c4ccccc4)cn3)cc2)cn1,6.378651,-5.342446
250,mol9,-12.82,Cc1ccc(C(=O)Nc2ccc(Oc3cc(C(=O)Nc4cccc(C(=O)O)c4)ccc3N)cc2)cc1,Cc1ccc(C(=O)Nc2ccc(Oc3cc(C(=O)Nc4cccc(C(=O)O)c4)ccc3N)cc2)cc1,6.189505,-6.222842
300,mol102,-12.82,Cc1cccc(Nc2cc(-c3cccc4ccccc34)nc(Nc3ccc(NC(=O)Nc4ccc(C(=O)O)cc4)cc3)n2)c1,Cc1cccc(Nc2cc(-c3cccc4ccccc34)nc(Nc3ccc(NC(=O)Nc4ccc(C(=O)O)cc4)cc3)n2)c1,6.56767,-6.2039824
230,mol25,-12.82,Cc1nn(-c2cccc(-c3nc4ccccc4c(=O)[nH]3)c2)cc1C[N@H+]1C[C@H](O)[C@@H](O)[C@@H](O)C1,Cc1nn(-c2cccc(-c3nc4ccccc4c(=O)[nH]3)c2)cc1C[N@H+]1C[C@H](O)[C@@H](O)[C@@H](O)C1,6.8602843,-2.810679
820,mol300,-12.82,C[C@@H](Nc1ccc(C(=O)O)c(C(=O)O)c1)c1cccc(C(=O)Nc2cccc(C(=O)c3ccccc3)c2)c1,C[C@@H](Nc1ccc(C(=O)O)c(C(=O)O)c1)c1cccc(C(=O)Nc2cccc(C(=O)c3ccccc3)c2)c1,6.409746,-5.114094
230,mol14,-12.82,N#Cc1ccc(-c2cc(CNc3cccnc3N)nc(-c3cccc(CCc4nc(Nc5cccc(C(=O)NC6CCCC6)c5)sc4C(F)(F)F)c3)c2)cc1,N#Cc1ccc(-c2cc(CNc3cccnc3N)nc(-c3cccc(CCc4nc(Nc5cccc(C(=O)NC6CCCC6)c5)sc4C(F)(F)F)c3)c2)cc1,6.5612965,-6.876017
810,mol213,-12.82,Cc1ccc(C(=O)NCc2ccccc2Cl)cc1-c1ccc(C(=O)NCc2cccc(C(N)=O)c2)cc1,Cc1ccc(C(=O)NCc2ccccc2Cl)cc1-c1ccc(C(=O)NCc2cccc(C(N)=O)c2)cc1,6.070484,-6.1424017
840,mol14,-12.81,Cc1cc(CNc2ccc(C(=O)c3ccc(-c4ccccc4)cc3)cc2)cc(N)c1O,Cc1cc(CNc2ccc(C(=O)c3ccc(-c4ccccc4)cc3)cc2)cc(N)c1O,5.710635,-6.3055267
80,mol452,-12.81,Nc1ncc(-c2ccc(C(F)(F)F)cc2)nc1C(=O)Nc1ccc2[nH]c(-c3ccccc3)nc2c1,Nc1ncc(-c2ccc(C(F)(F)F)cc2)nc1C(=O)Nc1ccc2[nH]c(-c3ccccc3)nc2c1,6.1981225,-6.8861647
720,mol353,-12.81,Cc1ccc(C(=O)Nc2ccc(C[N@H+]3CC[N@@H+](C)CC3)c(C(F)(F)F)c2)cc1C#Cc1cnc(N)c(C(=O)c2cccnn2)c1,Cc1ccc(C(=O)Nc2ccc(C[N@H+]3CC[N@@H+](C)CC3)c(C(F)(F)F)c2)cc1C#Cc1cnc(N)c(C(=O)c2cccnn2)c1,6.933017,-3.4450886
800,mol59,-12.81,Cc1ccc(/C=N/NC(=O)c2ccc(-c3cccc4ccccc34)cc2)o1,Cc1ccc(/C=N/NC(=O)c2ccc(-c3cccc4ccccc34)cc2)o1,5.992631,-7.0315228
540,mol122,-12.81,Cc1nc(N)nc(N)c1-c1ccc(NCc2ccc(C(=O)NCc3ccc4ccccc4n3)cc2)cc1,Cc1nc(N)nc(N)c1-c1ccc(NCc2ccc(C(=O)NCc3ccc4ccccc4n3)cc2)cc1,5.6210346,-4.9146256
340,mol444,-12.81,Cc1ccccc1-c1nc(Nc2ccc(C(=O)Nc3cccc(C(F)(F)F)c3)cc2)cc(N2CCN(C(=O)c3ccc(F)cc3F)CC2)n1,Cc1ccccc1-c1nc(Nc2ccc(C(=O)Nc3cccc(C(F)(F)F)c3)cc2)cc(N2CCN(C(=O)c3ccc(F)cc3F)CC2)n1,6.7486663,-6.6200876
310,mol95,-12.81,Cc1cc(Nc2ccc(C(=O)NCc3ccccc3)cc2)cc(Nc2cccc([C@H](O)C(F)(F)F)c2)c1,Cc1cc(Nc2ccc(C(=O)NCc3ccccc3)cc2)cc(Nc2cccc([C@H](O)C(F)(F)F)c2)c1,5.995485,-6.249983
450,mol346,-12.81,NC(N)c1ccc(Oc2ccc(C(=O)c3cc4cc(C[NH+]5CCCCC5)ccc4[nH]3)cc2)cc1,NC(N)c1ccc(Oc2ccc(C(=O)c3cc4cc(C[NH+]5CCCCC5)ccc4[nH]3)cc2)cc1,6.4885287,-4.099855
280,mol152,-12.81,Cc1cnccc1-c1ccc(OCc2ccc(C(=O)NC[C@H]3CCCC[C@H]3OC(=O)c3ccccc3)cc2C(F)(F)F)cc1,Cc1cnccc1-c1ccc(OCc2ccc(C(=O)NC[C@H]3CCCC[C@H]3OC(=O)c3ccccc3)cc2C(F)(F)F)cc1,6.4006824,-7.158665
490,mol35,-12.81,Cc1ccc(C(=O)Nc2cc(C(=O)O)ccc2N)cc1Nc1nccc(-c2cccnc2)n1,Cc1ccc(C(=O)Nc2cc(C(=O)O)ccc2N)cc1Nc1nccc(-c2cccnc2)n1,6.8368244,-5.6264114
990,mol239,-12.81,Cc1ccccc1-c1ccc(C(=O)Nc2c(O)cccc2C(=O)O)cc1,Cc1ccccc1-c1ccc(C(=O)Nc2c(O)cccc2C(=O)O)cc1,6.2984304,-4.7227793
190,mol116,-12.81,CN(O)C(=O)CC[C@@H](NC(=O)Nc1ccc(-c2cccc(COc3ccc(NC(=O)Nc4ccccc4)cc3)c2)cc1)C(N)=O,CN(O)C(=O)CC[C@@H](NC(=O)Nc1ccc(-c2cccc(COc3ccc(NC(=O)Nc4ccccc4)cc3)c2)cc1)C(N)=O,6.438563,-6.405445
190,mol354,-12.81,Cc1c(-c2ncc(-c3cccc(C(=O)Nc4ccc([C@H](O)c5ccccn5)cc4)c3)s2)[nH]c(=O)c2c1[nH]c1ccccc12,Cc1c(-c2ncc(-c3cccc(C(=O)Nc4ccc([C@H](O)c5ccccn5)cc4)c3)s2)[nH]c(=O)c2c1[nH]c1ccccc12,6.5088162,-6.699005
160,mol388,-12.81,Cc1cccc(-n2nc(C(F)(F)F)cc2NC(=O)Nc2cccc(Nc3ccnc4ccccc34)c2)c1,Cc1cccc(-n2nc(C(F)(F)F)cc2NC(=O)Nc2cccc(Nc3ccnc4ccccc34)c2)c1,6.259127,-6.993016
710,mol359,-12.81,Cc1ccc(C(=O)Nc2ccc(Nc3ncnc4ccc(NC(=O)c5ccccc5)cc34)cc2)cc1,Cc1ccc(C(=O)Nc2ccc(Nc3ncnc4ccc(NC(=O)c5ccccc5)cc34)cc2)cc1,6.2228208,-6.485047
590,mol415,-12.81,CN(c1ccc(C(=O)O)cc1)S(=O)(=O)c1ccc(-c2ccc(S(=O)(=O)Nc3ccccn3)cc2)cc1,CN(c1ccc(C(=O)O)cc1)S(=O)(=O)c1ccc(-c2ccc(S(=O)(=O)Nc3ccccn3)cc2)cc1,6.758707,-5.474637
380,mol341,-12.81,Cc1ccc(-c2cc(C(=O)Nc3cccc(-c4nc5ccccc5[nH]4)c3)cc3ccccc23)cc1,Cc1ccc(-c2cc(C(=O)Nc3cccc(-c4nc5ccccc5[nH]4)c3)cc3ccccc23)cc1,5.5439577,-6.992129
350,mol51,-12.81,c1ccc(-c2cc(NCc3ccc(-c4ccccc4CN4CCOCC4)cc3)ccn2)cc1,c1ccc(-c2cc(NCc3ccc(-c4ccccc4CN4CCOCC4)cc3)ccn2)cc1,5.6146274,-5.5905666
250,mol181,-12.81,Nc1ncc(-c2cnc(NCc3ccc(C(=O)Nc4cccc(C(=O)O)c4)o3)s2)cc1NS(=O)(=O)c1ccc(N2CCNC(=O)C2)cc1,Nc1ncc(-c2cnc(NCc3ccc(C(=O)Nc4cccc(C(=O)O)c4)o3)s2)cc1NS(=O)(=O)c1ccc(N2CCNC(=O)C2)cc1,7.406897,-4.7296176
950,mol90,-12.81,Cc1ccc(C(=O)Nc2ccc(-c3ccc4ccccc4n3)cc2)cc1,Cc1ccc(C(=O)Nc2ccc(-c3ccc4ccccc4n3)cc2)cc1,5.557737,-6.302232
210,mol384,-12.81,Cc1ccccc1Nc1n[n+]2cc(-c3cccc(C(=O)NCc4cccc(C(=O)Nc5ccccc5)c4)c3)[nH]c2[nH]1,Cc1ccccc1Nc1n[n+]2cc(-c3cccc(C(=O)NCc4cccc(C(=O)Nc5ccccc5)c4)c3)[nH]c2[nH]1,6.551791,-6.6854734
460,mol116,-12.81,CC(C)c1ccc(Nc2nccc(Nc3cc4c(ccc5cc(Cl)ccc54)cn3)n2)cc1,CC(C)c1ccc(Nc2nccc(Nc3cc4c(ccc5cc(Cl)ccc54)cn3)n2)cc1,6.5187654,-6.573184
450,mol115,-12.81,Cc1ccc(C(=O)Nc2ccc(C[N@H+]3CC[N@H+](C)CC3)c(C(F)(F)F)c2)cc1Nc1nccc2cc(-c3ccc(O)cc3)sc12,Cc1ccc(C(=O)Nc2ccc(C[N@H+]3CC[N@H+](C)CC3)c(C(F)(F)F)c2)cc1Nc1nccc2cc(-c3ccc(O)cc3)sc12,6.8290787,-5.1049914
580,mol478,-12.81,Cc1ccc(C(=O)Nc2ccc(Oc3ccncc3)cc2)cc1NC(=O)c1cccc(NS(=O)(=O)c2ccccc2)c1,Cc1ccc(C(=O)Nc2ccc(Oc3ccncc3)cc2)cc1NC(=O)c1cccc(NS(=O)(=O)c2ccccc2)c1,6.188851,-6.796697
560,mol394,-12.81,Nc1ncc(-c2cccc(C(=O)O)c2)nc1Nc1ccc(C(=O)c2ccccc2)cn1,Nc1ncc(-c2cccc(C(=O)O)c2)nc1Nc1ccc(C(=O)c2ccccc2)cn1,6.8974175,-5.60306
490,mol44,-12.81,Cc1ccc(C(=O)Nc2ccc(C[N@H+]3CC[N@H+](C)CC3)c(C(F)(F)F)c2)cc1Nc1ncnc2cnc(Nc3ccc(N4CCOCC4=O)cc3)nc12,Cc1ccc(C(=O)Nc2ccc(C[N@H+]3CC[N@H+](C)CC3)c(C(F)(F)F)c2)cc1Nc1ncnc2cnc(Nc3ccc(N4CCOCC4=O)cc3)nc12,7.549185,-3.6713521
850,mol347,-12.81,Cc1cccc(C(=O)Nc2cccc(C(=O)Nc3cccc(Oc4ccnc(Nc5ccccc5)n4)c3)c2)c1,Cc1cccc(C(=O)Nc2cccc(C(=O)Nc3cccc(Oc4ccnc(Nc5ccccc5)n4)c3)c2)c1,6.0512853,-6.8919773
440,mol20,-12.81,Cc1ccc(C(=O)N[C@@H]2CC[N@H+](Cc3cc(C(=O)NCc4cccc(C(=O)O)c4)ccc3C(F)(F)F)C2)cc1F,Cc1ccc(C(=O)N[C@@H]2CC[N@H+](Cc3cc(C(=O)NCc4cccc(C(=O)O)c4)ccc3C(F)(F)F)C2)cc1F,7.432824,-3.864239
630,mol64,-12.8,CC(=O)Nc1ccc(Oc2ccc(NC(=O)Cc3ccc4ccccc4c3)cc2C(=O)O)cc1,CC(=O)Nc1ccc(Oc2ccc(NC(=O)Cc3ccc4ccccc4c3)cc2C(=O)O)cc1,6.43604,-6.840641
420,mol178,-12.8,Cc1nn(C)c2c1C(=O)c1cc(Nc3ccnc(Nc4cccc(F)c4C)n3)ccc1C2,Cc1nn(C)c2c1C(=O)c1cc(Nc3ccnc(Nc4cccc(F)c4C)n3)ccc1C2,6.5797133,-4.7089653
340,mol346,-12.8,Cc1ccc(C(=O)Nc2ccc(F)c(C(F)(F)F)c2)cc1-c1ccc(N2CCC([NH3+])CC2)cc1,Cc1ccc(C(=O)Nc2ccc(F)c(C(F)(F)F)c2)cc1-c1ccc(N2CCC([NH3+])CC2)cc1,6.542412,-5.5278635
140,mol476,-12.8,CN(c1ccc(C(N)=O)cc1)S(=O)(=O)c1ccc(-c2ccc(NS(=O)(=O)c3ccccc3)cc2)cc1,CN(c1ccc(C(N)=O)cc1)S(=O)(=O)c1ccc(-c2ccc(NS(=O)(=O)c3ccccc3)cc2)cc1,5.937009,-5.3785005
200,mol337,-12.8,NC(N)c1ccc(-c2ccc(Oc3ccc(Oc4ccccc4)cc3)cc2C(=O)O)cc1,NC(N)c1ccc(-c2ccc(Oc3ccc(Oc4ccccc4)cc3)cc2C(=O)O)cc1,6.4772983,-6.108035
970,mol404,-12.8,Cc1cccc(CNc2ccc(C(=O)Nc3cc4ccccc4cc3C(=O)O)cc2)c1,Cc1cccc(CNc2ccc(C(=O)Nc3cc4ccccc4cc3C(=O)O)cc2)c1,5.8559103,-6.1396894
480,mol441,-12.8,CCC(=O)Nc1cccc(NC(=O)Cc2cccc(Nc3ncnc4ccc(NC(=O)CCc5ccccc5)cc34)c2)c1,CCC(=O)Nc1cccc(NC(=O)Cc2cccc(Nc3ncnc4ccc(NC(=O)CCc5ccccc5)cc34)c2)c1,6.566438,-6.894046
330,mol13,-12.8,Cc1ccc(C(=O)Nc2ccc(Oc3ccc(NC(=O)/C=C/c4cc(N)ccc4C(=O)O)cc3)cc2)cc1,Cc1ccc(C(=O)Nc2ccc(Oc3ccc(NC(=O)/C=C/c4cc(N)ccc4C(=O)O)cc3)cc2)cc1,6.3130865,-6.0935745
620,mol484,-12.8,Cc1ccc(C(=O)Nc2cccc(C(=O)O)c2)cc1NC(=O)c1ccc(Oc2ccccc2)cc1,Cc1ccc(C(=O)Nc2cccc(C(=O)O)c2)cc1NC(=O)c1ccc(Oc2ccccc2)cc1,6.5156837,-6.2356567
520,mol115,-12.8,COc1cccc(Nc2ncnc(-c3cccc(C(=O)Nc4cccc(C(=O)O)c4)c3)n2)c1,COc1cccc(Nc2ncnc(-c3cccc(C(=O)Nc4cccc(C(=O)O)c4)c3)n2)c1,6.290454,-6.21007
760,mol0,-12.8,COc1ccc(C(=O)Nc2cccc(C(N)=O)c2)cc1-c1cc(N)c(Cl)c(CC(=O)NCc2ccc(Cl)c(Cl)c2)n1,COc1ccc(C(=O)Nc2cccc(C(N)=O)c2)cc1-c1cc(N)c(Cl)c(CC(=O)NCc2ccc(Cl)c(Cl)c2)n1,6.8799996,-6.7360306
60,mol83,-12.8,CNC(=O)[C@H](Cc1ccc(OCc2ccccc2)c(C(=O)O)c1)NC(=O)c1ccc(Oc2ccc(NC(=O)c3cc4ccccc4o3)cc2)cc1,CNC(=O)[C@H](Cc1ccc(OCc2ccccc2)c(C(=O)O)c1)NC(=O)c1ccc(Oc2ccc(NC(=O)c3cc4ccccc4o3)cc2)cc1,6.7654433,-6.609247
370,mol104,-12.8,Cc1[nH]c(C=O)c(CC(=O)Nc2ccc(C(=O)N[C@@H](CCc3ccccc3)C(=O)O)cc2)c1-c1ccc(-c2nn[nH]n2)cc1,Cc1[nH]c(C=O)c(CC(=O)Nc2ccc(C(=O)N[C@@H](CCc3ccccc3)C(=O)O)cc2)c1-c1ccc(-c2nn[nH]n2)cc1,6.6622033,-5.386831
360,mol208,-12.8,Cc1ncc(CNC(=O)c2cnc(N)c(-c3ccc(C(=O)NCc4ccccc4)cc3)c2)c(N)n1,Cc1ncc(CNC(=O)c2cnc(N)c(-c3ccc(C(=O)NCc4ccccc4)cc3)c2)c(N)n1,6.7127175,-4.7638955
270,mol115,-12.8,Cc1nc(Nc2ncc(C(=O)Nc3ccc4c(c3)C[C@H](c3ccccc3)O4)s2)cc(-c2ccccc2Cl)n1,Cc1nc(Nc2ncc(C(=O)Nc3ccc4c(c3)C[C@H](c3ccccc3)O4)s2)cc(-c2ccccc2Cl)n1,6.6064,-7.4868445
950,mol277,-12.8,COc1cccc(-c2cccc(-c3cccc(OCc4cccc(C(=O)O)c4)c3)c2)c1,COc1cccc(-c2cccc(-c3cccc(OCc4cccc(C(=O)O)c4)c3)c2)c1,6.0959516,-6.7118316
740,mol257,-12.8,CN(c1ccc(S(=O)(=O)c2ccc(NC(=O)c3cc4ccccc4oc3=O)cc2)cc1)S(=O)(=O)c1ccc2ccccc2c1,CN(c1ccc(S(=O)(=O)c2ccc(NC(=O)c3cc4ccccc4oc3=O)cc2)cc1)S(=O)(=O)c1ccc2ccccc2c1,6.4359355,-6.069383
600,mol307,-12.8,Cc1ccc(C(=O)Nc2ccc(C[N@H+]3CC[N@@H+](C)CC3)c(C(F)(F)F)c2)cc1Nc1ncnn2cc(C(=O)c3ccccc3)c(N)c12,Cc1ccc(C(=O)Nc2ccc(C[N@H+]3CC[N@@H+](C)CC3)c(C(F)(F)F)c2)cc1Nc1ncnn2cc(C(=O)c3ccccc3)c(N)c12,6.746631,-4.110767
70,mol112,-12.8,Clc1cccc(-c2cccc(-c3ccnc(Nc4ccnc(Nc5ccncc5)n4)n3)c2)c1,Clc1cccc(-c2cccc(-c3ccnc(Nc4ccnc(Nc5ccncc5)n4)n3)c2)c1,6.273845,-6.607238
960,mol323,-12.8,Cc1c(NC(=O)c2cccc(-n3cccn3)c2)cccc1-c1nc(Nc2ccc(C(=O)NCCNC(N)N)cc2)ncc1F,Cc1c(NC(=O)c2cccc(-n3cccn3)c2)cccc1-c1nc(Nc2ccc(C(=O)NCCNC(N)N)cc2)ncc1F,7.333445,-4.2252164
490,mol375,-12.8,Cc1ccc(C(=O)Nc2cccc(C(=O)NCc3ccccc3)c2)cc1NC(=O)c1cccc(O)c1O,Cc1ccc(C(=O)Nc2cccc(C(=O)NCc3ccccc3)c2)cc1NC(=O)c1cccc(O)c1O,6.135822,-6.490891
580,mol295,-12.8,CNC(=O)c1cccc(NC(=O)Nc2cccc(-c3cccc(C(=O)O)c3)c2)c1,CNC(=O)c1cccc(NC(=O)Nc2cccc(-c3cccc(C(=O)O)c3)c2)c1,6.761563,-4.925801
280,mol285,-12.8,Nc1cc(Nc2ccc(C(=O)O)cc2)ccc1NC(=O)c1ccc(CCCNc2nc3ccccc3[nH]2)cc1,Nc1cc(Nc2ccc(C(=O)O)cc2)ccc1NC(=O)c1ccc(CCCNc2nc3ccccc3[nH]2)cc1,6.1773357,-5.8482018
280,mol372,-12.8,Cc1cc(NCc2cccc(Oc3cccc4ccccc34)c2)ccc1NC(=O)c1ccc(C(N)N)cc1,Cc1cc(NCc2cccc(Oc3cccc4ccccc34)c2)ccc1NC(=O)c1ccc(C(N)N)cc1,5.703609,-6.3660536
70,mol182,-12.8,C/C(=N\NC(N)N)c1ccc(Oc2ccc(-c3ncc(-c4ccccc4)o3)cc2F)cc1,C/C(=N\NC(N)N)c1ccc(Oc2ccc(-c3ncc(-c4ccccc4)o3)cc2F)cc1,6.444593,-6.135085
70,mol72,-12.8,CNc1cc(-c2ccc3c(c2)CC(=O)N3C)ccc1Nc1ccnc(Nc2cccc(O)c2)n1,CNc1cc(-c2ccc3c(c2)CC(=O)N3C)ccc1Nc1ccnc(Nc2cccc(O)c2)n1,6.0010304,-6.1465745
710,mol42,-12.8,Cc1cccc(-c2nccnc2Oc2ccc(NC(=O)Nc3cccc(C(=O)O)c3)c(C(=O)O)c2)c1,Cc1cccc(-c2nccnc2Oc2ccc(NC(=O)Nc3cccc(C(=O)O)c3)c(C(=O)O)c2)c1,6.852191,-5.878651
950,mol136,-12.8,Cc1cc(N)c2cc(Oc3ccc(NC(=O)c4cccc(N)c4)cc3)ccc2n1,Cc1cc(N)c2cc(Oc3ccc(NC(=O)c4cccc(N)c4)cc3)ccc2n1,6.364155,-5.5593557
50,mol287,-12.8,CS(=O)(=O)c1cccc(-c2ccc(C(F)(F)F)c(C3=CC[C@H]([NH2+][C@H]4CC[N@@H+](CC(=O)Nc5cccc(C(F)(F)Cl)c5)CC4)CC3)c2)c1,CS(=O)(=O)c1cccc(-c2ccc(C(F)(F)F)c(C3=CC[C@H]([NH2+][C@H]4CC[N@@H+](CC(=O)Nc5cccc(C(F)(F)Cl)c5)CC4)CC3)c2)c1,7.032209,-5.17319
180,mol77,-12.8,CN(Cc1ccc(F)c(F)c1)C(=O)c1ccc(CC(=O)Nc2cccc(Nc3cc(N4CCOCC4)ncn3)c2)cc1,CN(Cc1ccc(F)c(F)c1)C(=O)c1ccc(CC(=O)Nc2cccc(Nc3cc(N4CCOCC4)ncn3)c2)cc1,6.8537846,-6.0448823
910,mol46,-12.8,Cc1ccc(C(=O)Nc2ccc(-c3cc(=O)c4ccccc4o3)cc2)cc1,Cc1ccc(C(=O)Nc2ccc(-c3cc(=O)c4ccccc4o3)cc2)cc1,6.1878767,-6.3016796
510,mol442,-12.79,Cc1ccc(C(=O)N[C@H]2CO[C@@H](CO)[C@H](O)[C@@H]2O)cc1Nc1ccnc2cc(NC(=O)NCc3ccccc3)ccc12,Cc1ccc(C(=O)N[C@H]2CO[C@@H](CO)[C@H](O)[C@@H]2O)cc1Nc1ccnc2cc(NC(=O)NCc3ccccc3)ccc12,7.632685,-4.224155
860,mol337,-12.79,Cn1c(=O)c(-c2ccc(NC(=O)c3ccc(C(=O)c4ccccc4)cc3)cc2)nc2c(c1=O)C(=O)CC(C)(C)C2,Cn1c(=O)c(-c2ccc(NC(=O)c3ccc(C(=O)c4ccccc4)cc3)cc2)nc2c(c1=O)C(=O)CC(C)(C)C2,6.793996,-6.0838747
980,mol11,-12.79,COc1ccc(-c2ccc(C(=O)Nc3cccc(Oc4cccc(C(=O)O)c4)c3)cc2)cc1,COc1ccc(-c2ccc(C(=O)Nc3cccc(Oc4cccc(C(=O)O)c4)c3)cc2)cc1,5.9006834,-6.82532
510,mol463,-12.79,CCNc1ccc2cc(-c3cc4cc(C(=O)N[C@H](C)[C@H]5CC[C@@H](N)CC5)ccc4[nH]3)ccc2c1,CCNc1ccc2cc(-c3cc4cc(C(=O)N[C@H](C)[C@H]5CC[C@@H](N)CC5)ccc4[nH]3)ccc2c1,6.5244417,-5.4932775
1000,mol11,-12.79,Cn1c(N2CCNC(=O)C2)nc(-c2ccc(NC(=O)c3ccc(-c4ccccc4F)cc3)cc2)cc1=O,Cn1c(N2CCNC(=O)C2)nc(-c2ccc(NC(=O)c3ccc(-c4ccccc4F)cc3)cc2)cc1=O,6.1209497,-5.801312
260,mol441,-12.79,Cc1ccc(C(=O)Nc2cccc(NC(=O)Nc3ccc(C(=O)O)cc3)c2)cc1,Cc1ccc(C(=O)Nc2cccc(NC(=O)Nc3ccc(C(=O)O)cc3)c2)cc1,6.5378118,-5.368673
330,mol231,-12.79,Cc1ccc(NC(=O)c2ccc(C(=O)O)o2)cc1NC(=O)Nc1cccc(-c2ncn(C)n2)c1,Cc1ccc(NC(=O)c2ccc(C(=O)O)o2)cc1NC(=O)Nc1cccc(-c2ncn(C)n2)c1,6.822448,-5.466715
360,mol476,-12.79,Cc1ccc(C(=O)Nc2cnn(-c3cccc(-c4cccc(C(=O)O)c4)c3)c2)cc1,Cc1ccc(C(=O)Nc2cnn(-c3cccc(-c4cccc(C(=O)O)c4)c3)c2)cc1,6.2242537,-5.4668827
670,mol250,-12.79,Cc1ccc(C(=O)Nc2ccc(Br)cc2)cc1NC(=O)c1cccc(Cn2nc(C(F)(F)F)c3c2CCCC3)c1,Cc1ccc(C(=O)Nc2ccc(Br)cc2)cc1NC(=O)c1cccc(Cn2nc(C(F)(F)F)c3c2CCCC3)c1,6.677684,-6.555287
230,mol165,-12.79,Cc1cccc(C(=O)Nc2ccc(Oc3ccc4ccccc4n3)cc2)c1,Cc1cccc(C(=O)Nc2ccc(Oc3ccc4ccccc4n3)cc2)c1,6.058202,-6.3422546
810,mol73,-12.79,CC(C)n1cc(-c2cccc(CNC(=O)c3ccc4ccccc4c3)c2)c2cc(N)ncc21,CC(C)n1cc(-c2cccc(CNC(=O)c3ccc4ccccc4c3)c2)c2cc(N)ncc21,6.205366,-5.9785376
420,mol23,-12.79,CS(=O)(=O)N[C@H]1C[NH2+][C@@H](C(=O)Nc2ccc(Oc3ccnc4cc(-c5ccccc5)ccc34)cc2)C[C@@H]1O,CS(=O)(=O)N[C@H]1C[NH2+][C@@H](C(=O)Nc2ccc(Oc3ccnc4cc(-c5ccccc5)ccc34)cc2)C[C@@H]1O,6.6079564,-3.8375955
370,mol59,-12.79,CNC(=O)c1ccc(-c2ccc(-c3cnc4nc(N)nc(NC5CCCCC5)c4n3)cc2)cc1,CNC(=O)c1ccc(-c2ccc(-c3cnc4nc(N)nc(NC5CCCCC5)c4n3)cc2)cc1,7.0716305,-5.6692066
730,mol208,-12.79,Cc1ccc(C(=O)Nc2ccc(C[N@H+]3CC[N@@H+](C)CC3)c(C(F)(F)F)c2)cc1C#Cc1ccc(C(=O)Nc2cccc(Cl)c2C(F)(F)F)nc1,Cc1ccc(C(=O)Nc2ccc(C[N@H+]3CC[N@@H+](C)CC3)c(C(F)(F)F)c2)cc1C#Cc1ccc(C(=O)Nc2cccc(Cl)c2C(F)(F)F)nc1,6.5456214,-5.8724127
920,mol125,-12.79,Cc1ccc(C(=O)Nc2ccc(-c3ccc(Cn4cc(C(=O)O)nn4)cc3)cc2)cc1,Cc1ccc(C(=O)Nc2ccc(-c3ccc(Cn4cc(C(=O)O)nn4)cc3)cc2)cc1,5.4815025,-5.3004985
990,mol337,-12.79,Cn1cc(Cc2cc(Oc3cccc(NC(=O)c4cccc(C(=O)O)c4)c3)[nH]c2-c2ccccc2)cn1,Cn1cc(Cc2cc(Oc3cccc(NC(=O)c4cccc(C(=O)O)c4)c3)[nH]c2-c2ccccc2)cn1,6.1019273,-6.2078333
730,mol411,-12.79,Cc1ccc(NC(=O)c2ccnc(N3CCOCC3)c2)cc1Nc1nccc(-c2cccnc2)n1,Cc1ccc(NC(=O)c2ccnc(N3CCOCC3)c2)cc1Nc1nccc(-c2cccnc2)n1,6.9493885,-4.770744
740,mol144,-12.79,Cc1ccc(C(=O)Nc2ccc(-c3ccc4c(c3)CC(=O)N4)cc2)cc1,Cc1ccc(C(=O)Nc2ccc(-c3ccc4c(c3)CC(=O)N4)cc2)cc1,5.7564054,-5.619051
780,mol410,-12.79,Cc1ccccc1CC(=O)Nc1ccc(C(=O)c2ccc3c(c2)CC(=O)N3)cc1,Cc1ccccc1CC(=O)Nc1ccc(C(=O)c2ccc3c(c2)CC(=O)N3)cc1,6.2520843,-5.623338
140,mol115,-12.79,Clc1ccc2c(Nc3ccc(-c4cc(-c5ccccc5)[nH]c4-c4ccccc4)cc3)ccnc2c1,Clc1ccc2c(Nc3ccc(-c4cc(-c5ccccc5)[nH]c4-c4ccccc4)cc3)ccnc2c1,5.6903462,-6.583083
790,mol378,-12.79,Cc1ccc(C(=O)Nc2cccc(C(=O)NCc3ccc4c(c3)OCO4)c2)c(C)c1,Cc1ccc(C(=O)Nc2cccc(C(=O)NCc3ccc4c(c3)OCO4)c2)c(C)c1,6.543134,-5.377669
420,mol423,-12.79,Nc1nccc(Nc2cccc(C(=O)c3cccc(C(=O)Nc4cccc(C(=O)O)c4)c3)c2)n1,Nc1nccc(Nc2cccc(C(=O)c3cccc(C(=O)Nc4cccc(C(=O)O)c4)c3)c2)n1,6.443604,-5.311999
160,mol96,-12.79,Nc1nc(Nc2cccc(NC(=O)Nc3cccc(C(F)(F)F)c3F)c2)cnc1Nc1cccc(C(F)(F)F)c1,Nc1nc(Nc2cccc(NC(=O)Nc3cccc(C(F)(F)F)c3F)c2)cnc1Nc1cccc(C(F)(F)F)c1,6.5764213,-7.2166424
460,mol446,-12.79,CC(=O)c1ccc(NC(=O)NCc2cccc(-c3ccc(C(=O)NO)cc3)c2)cc1,CC(=O)c1ccc(NC(=O)NCc2cccc(-c3ccc(C(=O)NO)cc3)c2)cc1,6.570351,-5.4157724
320,mol406,-12.79,Cc1ccc(NC(=O)c2ccc(C(=O)O)o2)cc1NC(=O)c1cc(CNC(=O)Nc2ccccc2)ccc1N,Cc1ccc(NC(=O)c2ccc(C(=O)O)o2)cc1NC(=O)c1cc(CNC(=O)Nc2ccccc2)ccc1N,6.681056,-5.2998667
370,mol329,-12.79,Nc1cc(C(=O)Nc2ccc(C(F)(F)F)cc2)ccc1S(=O)(=O)Nc1ccc(-c2cccnc2)cc1,Nc1cc(C(=O)Nc2ccc(C(F)(F)F)cc2)ccc1S(=O)(=O)Nc1ccc(-c2cccnc2)cc1,5.9885736,-6.498786
480,mol423,-12.79,Cc1ccc(C(=O)Nc2ccc(C(=O)Nc3cccc(C(=O)O)c3)cc2)cc1OCc1cccc(Cl)c1,Cc1ccc(C(=O)Nc2ccc(C(=O)Nc3cccc(C(=O)O)c3)cc2)cc1OCc1cccc(Cl)c1,6.300355,-6.3755746
130,mol393,-12.78,CN(C(=O)c1ccc(CNc2ccc(C(=O)NCc3cccc(C#N)c3)cn2)cc1)c1ccc(-c2ccccc2)cc1,CN(C(=O)c1ccc(CNc2ccc(C(=O)NCc3cccc(C#N)c3)cn2)cc1)c1ccc(-c2ccccc2)cc1,6.04054,-6.845788
430,mol445,-12.78,Cc1cc(Nc2cc(C(F)(F)F)ccn2)nc(-c2ccc(C(=O)Nc3ccc(C(=O)NC(C)C)cc3)cc2)c1,Cc1cc(Nc2cc(C(F)(F)F)ccn2)nc(-c2ccc(C(=O)Nc3ccc(C(=O)NC(C)C)cc3)cc2)c1,6.2322607,-6.725161
370,mol386,-12.78,Cc1ccc(C(=O)Nc2ccc(Oc3ccc4nc(NC(=O)[C@@H]5C=NC(=O)CC5)sc4c3)cc2)cc1,Cc1ccc(C(=O)Nc2ccc(Oc3ccc4nc(NC(=O)[C@@H]5C=NC(=O)CC5)sc4c3)cc2)cc1,6.656753,-7.1073203
570,mol312,-12.78,Cc1ccc(C(=O)Nc2cncc(C(=O)Nc3ccccc3C(=O)O)c2)cc1NS(=O)(=O)c1ccc(N)cc1,Cc1ccc(C(=O)Nc2cncc(C(=O)Nc3ccccc3C(=O)O)c2)cc1NS(=O)(=O)c1ccc(N)cc1,6.9027724,-5.799813
490,mol320,-12.78,Cc1ccc(Nc2ncc(-c3ccccc3)s2)cc1NC(=O)c1cnn(-c2nccc3ccccc23)c1,Cc1ccc(Nc2ncc(-c3ccccc3)s2)cc1NC(=O)c1cnn(-c2nccc3ccccc23)c1,6.0332522,-6.6569567
480,mol250,-12.78,Cc1c(Nc2cccc(C(=O)O)c2)ccc2ncc(Nc3ccc4cc[nH]c4c3)cc12,Cc1c(Nc2cccc(C(=O)O)c2)ccc2ncc(Nc3ccc4cc[nH]c4c3)cc12,6.4374003,-5.8504705
920,mol363,-12.78,Cc1c(NC(=O)c2ccc(C(=O)Nc3ccc(Oc4ccncc4)cc3)cc2)ccc(C(=O)NCc2ccc(C(=O)O)cc2)c1O,Cc1c(NC(=O)c2ccc(C(=O)Nc3ccc(Oc4ccncc4)cc3)cc2)ccc(C(=O)NCc2ccc(C(=O)O)cc2)c1O,6.7088375,-6.2494826
400,mol21,-12.78,Cc1ccc(S(=O)(=O)N[C@@H](Cc2ccc(-c3ccc4ccccc4n3)cc2)C(=O)N[C@@H](Cc2ccc(F)cc2)C(=O)NCc2cccc(C(=O)O)c2)cc1,Cc1ccc(S(=O)(=O)N[C@@H](Cc2ccc(-c3ccc4ccccc4n3)cc2)C(=O)N[C@@H](Cc2ccc(F)cc2)C(=O)NCc2cccc(C(=O)O)c2)cc1,6.7380986,-5.4153886
750,mol235,-12.78,Cc1cccc(-c2cc(NC(=O)c3cccc(Cc4ccccn4)c3O)ncn2)c1,Cc1cccc(-c2cc(NC(=O)c3cccc(Cc4ccccn4)c3O)ncn2)c1,6.067348,-5.3395514
320,mol376,-12.78,Cc1ccc(Nc2ccc(C(=O)Nc3cccc(C(=O)Nc4cccc(C(N)N)c4)c3)cc2C(=O)O)nc1,Cc1ccc(Nc2ccc(C(=O)Nc3cccc(C(=O)Nc4cccc(C(N)N)c4)c3)cc2C(=O)O)nc1,6.7858057,-5.875244
460,mol401,-12.78,Cc1ncc(-c2nc(Nc3cccc(C(=O)NCc4ccccc4Sc4ccccc4)c3)c3ccccc3n2)s1,Cc1ncc(-c2nc(Nc3cccc(C(=O)NCc4ccccc4Sc4ccccc4)c3)c3ccccc3n2)s1,6.0926814,-6.40412
380,mol129,-12.78,c1ccc(-c2cccc(-c3cccc(Nc4nc5ccccc5[nH]4)c3)c2)cc1,c1ccc(-c2cccc(-c3cccc(Nc4nc5ccccc5[nH]4)c3)c2)cc1,5.994215,-7.194842
420,mol468,-12.78,Cc1ccc(Nc2cccc(-c3ccc(C(=O)NCCC[NH+]4CCCC4)cc3)c2C(=O)O)cc1F,Cc1ccc(Nc2cccc(-c3ccc(C(=O)NCCC[NH+]4CCCC4)cc3)c2C(=O)O)cc1F,6.727009,-4.1190786
860,mol118,-12.78,Cc1ccc(C(=O)Nc2cccc(C(=O)O)c2)cc1Nc1ncnn2cc(-c3ccccc3)cc12,Cc1ccc(C(=O)Nc2cccc(C(=O)O)c2)cc1Nc1ncnn2cc(-c3ccccc3)cc12,6.3225803,-5.8526773
360,mol343,-12.78,Cc1cc(NC(=O)Nc2nnc(-c3ccc4c(c3)OCO4)s2)ccc1-c1ccccc1,Cc1cc(NC(=O)Nc2nnc(-c3ccc4c(c3)OCO4)s2)ccc1-c1ccccc1,6.0702915,-6.9971194
820,mol39,-12.78,Cc1ccc(C(=O)Nc2ccc(Oc3ccnc4ccccc34)cc2)cc1O,Cc1ccc(C(=O)Nc2ccc(Oc3ccnc4ccccc34)cc2)cc1O,6.2515817,-6.206662
240,mol154,-12.78,Cc1ccc(NC(=O)c2ccc(C[N@H+]3CC[N@H+](C)CC3)cc2)cc1Nc1nccc(-c2cccnc2Oc2cccnc2)n1,Cc1ccc(NC(=O)c2ccc(C[N@H+]3CC[N@H+](C)CC3)cc2)cc1Nc1nccc(-c2cccnc2Oc2cccnc2)n1,7.339985,-4.1990776
450,mol252,-12.78,Cc1ccc(C(=O)Nc2ccc(C(=O)Nc3ccccc3F)cc2)cc1Nc1ncnc2ccccc12,Cc1ccc(C(=O)Nc2ccc(C(=O)Nc3ccccc3F)cc2)cc1Nc1ncnc2ccccc12,6.3264837,-6.8141546
460,mol52,-12.78,Cc1ccc(C(=O)Nc2ccc(Cc3ccnc(N)c3)cc2)cc1Nc1nccc(-c2ccncc2)n1,Cc1ccc(C(=O)Nc2ccc(Cc3ccnc(N)c3)cc2)cc1Nc1nccc(-c2ccncc2)n1,6.3994665,-6.2241945
390,mol303,-12.78,Cc1cc(Nc2nccc(Nc3cc(C4CCCCC4)cnc3N)n2)cc(C(=O)Nc2cc(C(N)=O)ccc2C#N)c1,Cc1cc(Nc2nccc(Nc3cc(C4CCCCC4)cnc3N)n2)cc(C(=O)Nc2cc(C(N)=O)ccc2C#N)c1,7.4529285,-6.870642
460,mol408,-12.78,C[N@@H+](Cc1ccc(Nc2nccc(-c3c[nH]c4ccccc34)n2)cc1)Cc1ccc(C(=O)NO)cc1,C[N@@H+](Cc1ccc(Nc2nccc(-c3c[nH]c4ccccc34)n2)cc1)Cc1ccc(C(=O)NO)cc1,6.426324,-4.212054
460,mol155,-12.78,NC(N)c1cccc(Nc2nccc(Nc3ccc4cc(C(N)N)ccc4c3)n2)c1,NC(N)c1cccc(Nc2nccc(Nc3ccc4cc(C(N)N)ccc4c3)n2)c1,6.4900184,-3.6886394
880,mol301,-12.78,Cc1ccc(C(=O)Nc2ccc(Oc3ccnc4cc(Nc5ccncc5)ccc34)cc2)cc1,Cc1ccc(C(=O)Nc2ccc(Oc3ccnc4cc(Nc5ccncc5)ccc34)cc2)cc1,5.8067193,-6.8863897
480,mol213,-12.78,Cc1cccc(-n2nc(C(=O)Nc3cccc(NS(=O)(=O)c4cccc(F)c4)c3)c3c4cccc(C(=O)O)c4n(C)c3c2=O)c1,Cc1cccc(-n2nc(C(=O)Nc3cccc(NS(=O)(=O)c4cccc(F)c4)c3)c3c4cccc(C(=O)O)c4n(C)c3c2=O)c1,6.708398,-5.8657904
910,mol194,-12.78,Cc1ccc(-c2ccc(C(=O)c3ccc(OCc4ccccc4)cc3)cc2C(=O)O)cc1,Cc1ccc(-c2ccc(C(=O)c3ccc(OCc4ccccc4)cc3)cc2C(=O)O)cc1,6.16517,-6.7587442
380,mol207,-12.78,CN(C(=O)c1ccc(Cl)cc1)c1ccc(Nc2nccc3nc(-c4cccc(Cl)c4)cnc23)cc1,CN(C(=O)c1ccc(Cl)cc1)c1ccc(Nc2nccc3nc(-c4cccc(Cl)c4)cnc23)cc1,6.512392,-6.570539
520,mol277,-12.78,Cc1cccc(-c2nnc(-c3cccc(-c4ccccc4)c3)[nH]2)c1,Cc1cccc(-c2nnc(-c3cccc(-c4ccccc4)c3)[nH]2)c1,6.060533,-6.284061
160,mol292,-12.78,Cc1cc(Nc2nc(Oc3ccc4c(N/C=C\c5ccccc5)nccc4c3)c3[nH]cnc3n2)ccc1F,Cc1cc(Nc2nc(Oc3ccc4c(N/C=C\c5ccccc5)nccc4c3)c3[nH]cnc3n2)ccc1F,6.325662,-7.4347305
250,mol467,-12.78,Cc1ccc(NS(=O)(=O)c2ccc(-c3ccc(S(=O)(=O)N(C)C)cc3)cc2)cc1NC(=O)c1ccc(NS(=O)(=O)c2cccc(C(=O)O)c2)s1,Cc1ccc(NS(=O)(=O)c2ccc(-c3ccc(S(=O)(=O)N(C)C)cc3)cc2)cc1NC(=O)c1ccc(NS(=O)(=O)c2cccc(C(=O)O)c2)s1,6.693813,-5.362991
560,mol165,-12.78,Cc1ccc(C(=O)NCc2cccc(C(=O)Nc3cccc(C(=O)O)c3)c2)cc1C#Cc1cncc(Cl)c1,Cc1ccc(C(=O)NCc2cccc(C(=O)Nc3cccc(C(=O)O)c3)c2)cc1C#Cc1cncc(Cl)c1,6.633604,-5.9354777
170,mol430,-12.78,CNC(=O)Nc1ccc2c(Nc3ccnc(-c4cccc(C#N)c4)n3)cccc2c1,CNC(=O)Nc1ccc2c(Nc3ccnc(-c4cccc(C#N)c4)n3)cccc2c1,6.494233,-5.789921
620,mol153,-12.77,Cc1ccccc1-c1cc(=O)n2nc(-c3ccc(Cl)cc3)cc2[nH]1,Cc1ccccc1-c1cc(=O)n2nc(-c3ccc(Cl)cc3)cc2[nH]1,5.9011693,-5.391708
510,mol281,-12.77,Cn1c(-c2ccc3[nH]ccc3c2)cnc1-c1ccc(Oc2ccccc2)cc1,Cn1c(-c2ccc3[nH]ccc3c2)cnc1-c1ccc(Oc2ccccc2)cc1,5.8238726,-6.1158633
490,mol403,-12.77,Cc1cc(Nc2nccc(Nc3ccc(C(=O)NCCO)cc3)n2)cc2ccccc12,Cc1cc(Nc2nccc(Nc3ccc(C(=O)NCCO)cc3)n2)cc2ccccc12,6.6430736,-4.5444
730,mol446,-12.77,COc1cc(OCc2ccccc2)cc(C(=O)Nc2ccc(NC(=O)c3ccc4ccccc4c3)cc2)c1,COc1cc(OCc2ccccc2)cc(C(=O)Nc2ccc(NC(=O)c3ccc4ccccc4c3)cc2)c1,5.7770653,-7.2928095
430,mol9,-12.77,Cc1ccc(NC(=O)c2ccc(CC(=O)Nc3ccc(N(C)C)cc3)cc2)cc1NC(=O)c1ccccc1O,Cc1ccc(NC(=O)c2ccc(CC(=O)Nc3ccc(N(C)C)cc3)cc2)cc1NC(=O)c1ccccc1O,6.110804,-6.908268
590,mol270,-12.77,CNC(=O)c1ccc(-c2ccnc(Nc3ccc(C)c(NC(=O)c4ccccc4C)c3)n2)cc1,CNC(=O)c1ccc(-c2ccnc(Nc3ccc(C)c(NC(=O)c4ccccc4C)c3)n2)cc1,6.609704,-6.296233
670,mol126,-12.77,Cc1ccc(C(=O)Nc2cccc(-c3ccnc4ccccc34)c2)cc1,Cc1ccc(C(=O)Nc2cccc(-c3ccnc4ccccc34)c2)cc1,5.9639225,-6.176081
550,mol272,-12.77,Nc1ncc(-c2cnn([C@H]3CC[C@H](O)CC3)c2)cc1NC(=O)Nc1cccc(C(F)(F)F)c1,Nc1ncc(-c2cnn([C@H]3CC[C@H](O)CC3)c2)cc1NC(=O)Nc1cccc(C(F)(F)F)c1,6.346958,-5.392613
500,mol240,-12.77,Cc1ccc(NC(=O)Nc2ccc(Oc3ccnc4[nH]ccc34)cc2)cc1-c1ccccc1,Cc1ccc(NC(=O)Nc2ccc(Oc3ccnc4[nH]ccc34)cc2)cc1-c1ccccc1,6.221666,-7.1352973
410,mol37,-12.77,CNc1cc(Nc2ccc(C(=O)Nc3ccc(-c4cn(C)nc4C)cc3)cc2)ccc1C(=O)O,CNc1cc(Nc2ccc(C(=O)Nc3ccc(-c4cn(C)nc4C)cc3)cc2)ccc1C(=O)O,5.9846425,-5.939238
930,mol247,-12.77,NS(=O)(=O)c1ccc(Nc2ncc(-c3cccc(C(=O)Nc4cccc(C(=O)O)c4)c3)s2)cc1,NS(=O)(=O)c1ccc(Nc2ncc(-c3cccc(C(=O)Nc4cccc(C(=O)O)c4)c3)s2)cc1,6.3963,-5.26527
470,mol228,-12.77,CN(C)C(=O)c1ccc(-c2c[nH]c3cc(NCc4ccc(Cl)c(Cl)c4)ccc23)cc1,CN(C)C(=O)c1ccc(-c2c[nH]c3cc(NCc4ccc(Cl)c(Cl)c4)ccc23)cc1,6.148718,-6.372049
840,mol481,-12.77,C[C@@H](c1ccc(NS(O)(O)O)cc1)[NH+]1CCN(C(=O)c2ccc3ccccc3c2)CC1,C[C@@H](c1ccc(NS(O)(O)O)cc1)[NH+]1CCN(C(=O)c2ccc3ccccc3c2)CC1,6.570137,-3.762573
80,mol78,-12.77,Cc1ccc(NC(=O)c2ccc(NC(=O)c3cccc(-c4ccccc4[N+](=O)[O-])c3)cc2)cc1,Cc1ccc(NC(=O)c2ccc(NC(=O)c3cccc(-c4ccccc4[N+](=O)[O-])c3)cc2)cc1,6.4392576,-6.8758674
190,mol333,-12.77,Cc1cc(Nc2cc(N(C)C(=O)Nc3ccc(F)cc3)ccn2)nc(Nc2ccnc(Nc3ccc(F)cc3)n2)c1,Cc1cc(Nc2cc(N(C)C(=O)Nc3ccc(F)cc3)ccn2)nc(Nc2ccnc(Nc3ccc(F)cc3)n2)c1,6.619568,-6.534622
680,mol282,-12.77,CC(=O)Nc1ccc(NC(=O)c2cccc(NC(=O)Nc3cccc(C)c3)n2)cc1C(F)(F)F,CC(=O)Nc1ccc(NC(=O)c2cccc(NC(=O)Nc3cccc(C)c3)n2)cc1C(F)(F)F,6.279505,-6.7655506
940,mol369,-12.77,NS(=O)(=O)c1ccc(NC(=O)c2ccc(Oc3ccc(Nc4ncnc5ccccc45)cc3)cc2)cc1,NS(=O)(=O)c1ccc(NC(=O)c2ccc(Oc3ccc(Nc4ncnc5ccccc45)cc3)cc2)cc1,6.3355618,-6.445676
350,mol107,-12.77,Cc1cccc(-c2ncc(NCc3cc(-c4ccccc4)ccc3C(F)(F)F)c(=O)[nH]2)c1,Cc1cccc(-c2ncc(NCc3cc(-c4ccccc4)ccc3C(F)(F)F)c(=O)[nH]2)c1,5.9248786,-7.0769887
870,mol315,-12.77,COc1ccc(Nc2cc(-c3cccc(-c4ccccc4Cl)c3)ncn2)cc1Cl,COc1ccc(Nc2cc(-c3cccc(-c4ccccc4Cl)c3)ncn2)cc1Cl,5.976972,-7.1154666
280,mol255,-12.77,Cc1cnc(Nc2ccc(C(=O)NCc3ccccc3)cc2)cc1Nc1ccn(Cc2ccc(C(=O)Nc3ccccc3N)cc2)c1,Cc1cnc(Nc2ccc(C(=O)NCc3ccccc3)cc2)cc1Nc1ccn(Cc2ccc(C(=O)Nc3ccccc3N)cc2)c1,6.5274878,-6.547669
760,mol398,-12.77,Cc1ccccc1C(=O)Nc1cccc(-c2nccc3cccnc23)c1,Cc1ccccc1C(=O)Nc1cccc(-c2nccc3cccnc23)c1,6.290771,-5.2954564
370,mol318,-12.77,Cc1ccc(NC(=O)c2ccc(NC(=O)CNC(=O)c3cccc4ccccc34)cc2)cc1,Cc1ccc(NC(=O)c2ccc(NC(=O)CNC(=O)c3cccc4ccccc34)cc2)cc1,5.9956775,-5.961337
530,mol462,-12.77,Cc1ccc(C(=O)Nc2cccc(C(F)(F)F)c2)cc1-c1ccc2nc(N)ncc2c1,Cc1ccc(C(=O)Nc2cccc(C(F)(F)F)c2)cc1-c1ccc2nc(N)ncc2c1,6.3348393,-6.5774894
400,mol479,-12.77,Cc1cc(C(=O)Nc2ccc(Oc3cnc4ccc(Cl)cc4n3)cc2)ccc1NC(=O)c1ccccc1,Cc1cc(C(=O)Nc2ccc(Oc3cnc4ccc(Cl)cc4n3)cc2)ccc1NC(=O)c1ccccc1,6.2191358,-7.052831
950,mol274,-12.77,COc1cccc(CNC(=O)c2ccc(-c3cnccc3COc3ccc(C)c(C(N)=O)c3)c3ccccc23)c1,COc1cccc(CNC(=O)c2ccc(-c3cnccc3COc3ccc(C)c(C(N)=O)c3)c3ccccc23)c1,5.6438813,-6.6187887
890,mol224,-12.77,C[C@H](Nc1cc(-c2c[nH]c3ncc(-c4cccc(C(=O)O)c4)cc23)ncn1)C(=O)Nc1ccc(C#N)c(C(F)(F)F)c1,C[C@H](Nc1cc(-c2c[nH]c3ncc(-c4cccc(C(=O)O)c4)cc23)ncn1)C(=O)Nc1ccc(C#N)c(C(F)(F)F)c1,6.692739,-6.234195
370,mol478,-12.77,CNc1cc(Nc2ccc(C(=O)Nc3ccc(Nc4nccc(Nc5ccccc5)n4)cc3)cc2)cc(N2CCCC2=O)c1,CNc1cc(Nc2ccc(C(=O)Nc3ccc(Nc4nccc(Nc5ccccc5)n4)cc3)cc2)cc(N2CCCC2=O)c1,6.559664,-5.9807467
130,mol266,-12.77,CC(=O)Nc1ccc(NC(=O)N2CCN(c3ccc([C@H](N)NC(=O)c4ccc(Cl)s4)cc3)CC2)cc1,CC(=O)Nc1ccc(NC(=O)N2CCN(c3ccc([C@H](N)NC(=O)c4ccc(Cl)s4)cc3)CC2)cc1,7.091355,-5.077393
350,mol234,-12.77,Cc1ccc(C(=O)NC2CC2)cc1Nc1ccn(-c2cccc(C(=O)Nc3ccccc3)c2)c1,Cc1ccc(C(=O)NC2CC2)cc1Nc1ccn(-c2cccc(C(=O)Nc3ccccc3)c2)c1,5.977914,-6.0293665
170,mol428,-12.76,CN(Cc1cnn(-c2ccc(C(=O)NCc3cccc(Oc4ccccc4)c3)cc2)c1)C(=O)c1ccc(-c2ccccc2)cc1,CN(Cc1cnn(-c2ccc(C(=O)NCc3cccc(Oc4ccccc4)c3)cc2)c1)C(=O)c1ccc(-c2ccccc2)cc1,6.151684,-6.6386747
870,mol127,-12.76,Cc1ccc(C(=O)Nc2ccc(S(O)(O)O)c3ccccc23)cc1NC(=O)c1ccc(CNS(=O)(=O)c2ccc(C(=O)O)cc2N)cc1,Cc1ccc(C(=O)Nc2ccc(S(O)(O)O)c3ccccc23)cc1NC(=O)c1ccc(CNS(=O)(=O)c2ccc(C(=O)O)cc2N)cc1,6.9544816,-5.097806
400,mol280,-12.76,Cc1ccc(NC(=O)c2cccc(Nc3ccc(C(=O)O)cn3)c2)cc1Nc1ccnc2ccc(C(N)=O)cc12,Cc1ccc(NC(=O)c2cccc(Nc3ccc(C(=O)O)cn3)c2)cc1Nc1ccnc2ccc(C(N)=O)cc12,6.6340895,-6.0320215
430,mol94,-12.76,Cc1cc(-c2ccc(NC(=O)Nc3ccccc3)cc2)c(C)cc1C(=O)N[C@H]1CC(C)(C)n2cnnc21,Cc1cc(-c2ccc(NC(=O)Nc3ccccc3)cc2)c(C)cc1C(=O)N[C@H]1CC(C)(C)n2cnnc21,6.4919786,-6.3217115
880,mol71,-12.76,Cc1ccc(C(=O)Nc2ccon2)cc1-c1nc2nc(N)nc(OC[C@H]3CC[C@@H](C(=O)NCc4ccccc4)CC3)c2[nH]1,Cc1ccc(C(=O)Nc2ccon2)cc1-c1nc2nc(N)nc(OC[C@H]3CC[C@@H](C(=O)NCc4ccccc4)CC3)c2[nH]1,7.7307086,-6.300427
280,mol318,-12.76,Cc1cccc(NC(=O)Nc2cccc(Cc3cc4c(Nc5ccccc5)n[nH]c4cc3N)c2)c1,Cc1cccc(NC(=O)Nc2cccc(Cc3cc4c(Nc5ccccc5)n[nH]c4cc3N)c2)c1,6.148348,-6.254704
500,mol102,-12.76,CC(=O)Nc1cccc(-c2ccc(Nc3cc(=O)c4ccccc4[nH]3)cc2)c1,CC(=O)Nc1cccc(-c2ccc(Nc3cc(=O)c4ccccc4[nH]3)cc2)c1,6.07998,-6.4910045
990,mol99,-12.76,COc1cccc(-c2ccc(C(=O)Nc3ccc(-c4ccccc4S(N)(=O)=O)cc3)cc2)c1,COc1cccc(-c2ccc(C(=O)Nc3ccc(-c4ccccc4S(N)(=O)=O)cc3)cc2)c1,5.716513,-6.671091
380,mol1,-12.76,Cc1ccc(-c2nc3ccccc3c(=O)n2-c2ccc(CCN[C@H](N)NCc3ccc4ccccc4n3)cc2)cc1,Cc1ccc(-c2nc3ccccc3c(=O)n2-c2ccc(CCN[C@H](N)NCc3ccc4ccccc4n3)cc2)cc1,6.070472,-6.368777
90,mol429,-12.76,Cc1ccncc1-c1cc(F)c2c(c1)CCC[C@H]2[NH2+]C[C@H](O)Cn1c(-c2ccc(Cl)cc2)nc2ccccc21,Cc1ccncc1-c1cc(F)c2c(c1)CCC[C@H]2[NH2+]C[C@H](O)Cn1c(-c2ccc(Cl)cc2)nc2ccccc21,7.0203576,-5.224797
200,mol213,-12.76,Cc1cc(NC(=O)Nc2ccc(Oc3ccnc(Nc4ccc(C(=O)Nc5ccccc5C#N)cc4)n3)cc2)on1,Cc1cc(NC(=O)Nc2ccc(Oc3ccnc(Nc4ccc(C(=O)Nc5ccccc5C#N)cc4)n3)cc2)on1,6.4498873,-7.260691
540,mol186,-12.76,Cc1ccc(C(=O)Nc2ccccc2)cc1NC(=O)c1cccc(Cc2ccccc2)c1,Cc1ccc(C(=O)Nc2ccccc2)cc1NC(=O)c1cccc(Cc2ccccc2)c1,6.139355,-6.9970675
530,mol311,-12.76,Cc1ccc(Nc2cc3cccnc3cc2Oc2ccc(Nc3ccnc4cc(Cl)ccc34)cc2)cc1,Cc1ccc(Nc2cc3cccnc3cc2Oc2ccc(Nc3ccnc4cc(Cl)ccc34)cc2)cc1,5.674931,-6.7938924
510,mol203,-12.76,COc1ccc(Nc2ncc(-c3cccc(C(=O)Nc4cccc(NC(=O)Cc5ccccc5)c4)c3)cn2)cc1,COc1ccc(Nc2ncc(-c3cccc(C(=O)Nc4cccc(NC(=O)Cc5ccccc5)c4)c3)cn2)cc1,5.75807,-7.197943
930,mol74,-12.76,CC(=O)N[C@H](N)c1ccc(NC(=O)c2cccc(-c3ccc(Oc4cc(C)c(Cl)c(C)c4)nc3)c2)cc1,CC(=O)N[C@H](N)c1ccc(NC(=O)c2cccc(-c3ccc(Oc4cc(C)c(Cl)c(C)c4)nc3)c2)cc1,6.6847415,-6.681007
620,mol316,-12.76,Cc1ccc(NC(=O)c2cccc(C(=O)NCc3ccccc3)c2)cc1Nc1ncnc2ccccc12,Cc1ccc(NC(=O)c2cccc(C(=O)NCc3ccccc3)c2)cc1Nc1ncnc2ccccc12,6.1890216,-6.258497
620,mol317,-12.76,CCc1cccc(Nc2nc(-c3cccc(C(=O)Nc4cccc(C(=O)O)c4)c3)cs2)c1,CCc1cccc(Nc2nc(-c3cccc(C(=O)Nc4cccc(C(=O)O)c4)c3)cs2)c1,6.2934117,-6.1280494
220,mol390,-12.76,Cc1ccc(Oc2ccc(Nc3nc(-c4cccc(-c5ccc(C(F)(F)F)cc5)c4)ccc3C#N)cc2)cc1,Cc1ccc(Oc2ccc(Nc3nc(-c4cccc(-c5ccc(C(F)(F)F)cc5)c4)ccc3C#N)cc2)cc1,6.131495,-8.044023
190,mol398,-12.76,Cc1[nH]c(Nc2ncc(-c3cccc(C(=O)Nc4ccc(C(=O)O)cc4)c3)s2)nc1C(=O)O,Cc1[nH]c(Nc2ncc(-c3cccc(C(=O)Nc4ccc(C(=O)O)cc4)c3)s2)nc1C(=O)O,6.755773,-5.87324
400,mol80,-12.76,Cc1cc(NC(=O)c2cccc(C(=O)Nc3cccc([C@H](N)[O-])c3)c2)cc(N2CCC(Sc3nnc4ccccc4c3-c3ccccc3)CC2)c1,Cc1cc(NC(=O)c2cccc(C(=O)Nc3cccc([C@H](N)[O-])c3)c2)cc(N2CCC(Sc3nnc4ccccc4c3-c3ccccc3)CC2)c1,5.97714,-5.412449
140,mol462,-12.76,Cc1cc(NCc2ccc(-c3ccccc3)cc2)nc(NCc2cccc(C(=O)Nc3ccccc3)c2)n1,Cc1cc(NCc2ccc(-c3ccccc3)cc2)nc(NCc2cccc(C(=O)Nc3ccccc3)c2)n1,5.689443,-6.4027343
580,mol322,-12.76,Cc1ccc(-c2cc(=O)n3cc(-c4ccccc4O)ccc3n2)cc1,Cc1ccc(-c2cc(=O)n3cc(-c4ccccc4O)ccc3n2)cc1,5.930328,-5.21861
390,mol16,-12.76,Cc1ccc(C(=O)Nc2ccc(Cc3ccc4c(c3)OCO4)cc2C(=O)O)cc1,Cc1ccc(C(=O)Nc2ccc(Cc3ccc4c(c3)OCO4)cc2C(=O)O)cc1,6.657692,-5.64349
210,mol11,-12.76,C[C@@H](c1ccc(C(F)(F)F)cc1)n1nc(Cc2cccc3ccccc23)nc1O,C[C@@H](c1ccc(C(F)(F)F)cc1)n1nc(Cc2cccc3ccccc23)nc1O,6.9282207,-6.2246585
410,mol350,-12.76,CS(=O)(=O)Nc1ccc(-c2cnc3ccc(Nc4ccc(C(=O)N5CCOCC5)cc4)nc3c2)cc1,CS(=O)(=O)Nc1ccc(-c2cnc3ccc(Nc4ccc(C(=O)N5CCOCC5)cc4)nc3c2)cc1,6.970079,-4.4701314
380,mol78,-12.76,Cc1ccc(C(=O)Nc2ccc(Oc3ccc4nc(NC(=O)[C@@H]5CCCN5C(=O)Cc5ccccc5)sc4c3)cc2)cc1,Cc1ccc(C(=O)Nc2ccc(Oc3ccc4nc(NC(=O)[C@@H]5CCCN5C(=O)Cc5ccccc5)sc4c3)cc2)cc1,6.4643455,-6.788869
680,mol107,-12.76,Cc1ccc(CC(=O)NCc2ccc(C(=O)NO)cc2)cc1-c1ccc(NC(=O)c2ccccn2)cc1,Cc1ccc(CC(=O)NCc2ccc(C(=O)NO)cc2)cc1-c1ccc(NC(=O)c2ccccn2)cc1,6.307353,-5.587436
370,mol335,-12.76,Cc1cccc(/C=C/C(=O)Nc2ccc([C@H](Cc3nc(-c4ccccc4)[nH]c3C(=O)O)C(=O)O)cc2)c1,Cc1cccc(/C=C/C(=O)Nc2ccc([C@H](Cc3nc(-c4ccccc4)[nH]c3C(=O)O)C(=O)O)cc2)c1,6.420334,-5.7342525
400,mol204,-12.76,Cc1ccc(C(=O)Nc2cccc(Oc3ccc4ncccc4c3)c2)cc1F,Cc1ccc(C(=O)Nc2cccc(Oc3ccc4ncccc4c3)c2)cc1F,6.5387654,-6.715399
820,mol254,-12.76,C[N@@H+](CCc1ccccc1NC(=O)c1ccc(C[NH+]2CCCC2)cc1)Cc1cccc(/C=C/c2ccc(C(=O)O)cc2)c1,C[N@@H+](CCc1ccccc1NC(=O)c1ccc(C[NH+]2CCCC2)cc1)Cc1cccc(/C=C/c2ccc(C(=O)O)cc2)c1,6.2434053,-3.5903244
320,mol338,-12.76,Nc1ncc(-c2ccc(C(=O)Nc3nn[nH]n3)cc2)cc1C(=O)Nc1ccc(S(=O)(=O)NC(=O)c2ccccc2)cc1,Nc1ncc(-c2ccc(C(=O)Nc3nn[nH]n3)cc2)cc1C(=O)Nc1ccc(S(=O)(=O)NC(=O)c2ccccc2)cc1,6.445641,-4.186251
460,mol263,-12.76,Cc1ccc(C(=O)Nc2cccc(-c3nnn[nH]3)c2)cc1Nc1ncnc2cnc(Nc3ccc(C(=O)N4CC[C@@](C)([NH3+])C4)cc3)nc12,Cc1ccc(C(=O)Nc2cccc(-c3nnn[nH]3)c2)cc1Nc1ncnc2cnc(Nc3ccc(C(=O)N4CC[C@@](C)([NH3+])C4)cc3)nc12,7.055139,-4.297116
290,mol320,-12.76,NC(N)c1ccc2cc(C(=O)Nc3cccc4c(O)cccc34)ccc2c1,NC(N)c1ccc2cc(C(=O)Nc3cccc4c(O)cccc34)ccc2c1,6.0029864,-4.9931636
950,mol332,-12.76,Cc1c(Cl)cccc1NC(=O)Nc1ccc(Oc2ccnc(Nc3ccc(Cc4cccnc4)cc3)c2)cc1,Cc1c(Cl)cccc1NC(=O)Nc1ccc(Oc2ccnc(Nc3ccc(Cc4cccnc4)cc3)c2)cc1,5.953771,-7.1351995
360,mol194,-12.75,Cc1cc(NC(=O)c2ccc(C(=O)NC/C=C\C(=O)NO)cc2)cc(C(=O)NCc2cccc(C(=O)O)c2)c1,Cc1cc(NC(=O)c2ccc(C(=O)NC/C=C\C(=O)NO)cc2)cc(C(=O)NCc2cccc(C(=O)O)c2)c1,6.7803936,-3.873782
970,mol475,-12.75,CC(C)c1ccc(C(=O)Nc2cccc(Oc3ccc(NC(=O)c4cccc(C(=O)O)c4)cc3)c2)cc1,CC(C)c1ccc(C(=O)Nc2cccc(Oc3ccc(NC(=O)c4cccc(C(=O)O)c4)cc3)c2)cc1,6.340551,-6.3735266
410,mol166,-12.75,CCC(=O)Nc1cccc(Cl)c1-c1ccc(Oc2ccc(NC(=O)Nc3cc(C(=O)O)cc(C(=O)O)c3)cc2C(=O)O)cc1,CCC(=O)Nc1cccc(Cl)c1-c1ccc(Oc2ccc(NC(=O)Nc3cc(C(=O)O)cc(C(=O)O)c3)cc2C(=O)O)cc1,6.895698,-6.246051
130,mol64,-12.75,Cc1ccccc1C(=O)Nc1cccc(C(=O)Nc2ncc(-c3cccc(C(=O)NCc4ccccc4)c3)s2)c1,Cc1ccccc1C(=O)Nc1cccc(C(=O)Nc2ncc(-c3cccc(C(=O)NCc4ccccc4)c3)s2)c1,6.4629173,-6.84521
490,mol234,-12.75,Cc1ccc(C(=O)Nc2cccc(Oc3ccc4ccccc4c3)c2)cc1C#N,Cc1ccc(C(=O)Nc2cccc(Oc3ccc4ccccc4c3)c2)cc1C#N,6.433755,-7.360347
470,mol61,-12.75,Cc1cc(Nc2ccc(S(=O)(=O)Nc3ccc(C(N)N)cc3)cc2)nc2ncc(-c3ccccc3)cc12,Cc1cc(Nc2ccc(S(=O)(=O)Nc3ccc(C(N)N)cc3)cc2)nc2ncc(-c3ccccc3)cc12,6.3486013,-6.0493755
540,mol480,-12.75,Cc1ccc(Nc2nccc(-c3c[nH]c4ccccc34)n2)cc1Nc1ncccc1C(F)(F)F,Cc1ccc(Nc2nccc(-c3c[nH]c4ccccc34)n2)cc1Nc1ncccc1C(F)(F)F,6.370878,-6.5333385
390,mol150,-12.75,Cc1ccc(C(=O)N2CCN(c3ncccn3)CC2)cc1NC(=O)c1ccc(/C=C/c2ccccn2)cc1F,Cc1ccc(C(=O)N2CCN(c3ncccn3)CC2)cc1NC(=O)c1ccc(/C=C/c2ccccn2)cc1F,6.264483,-5.3229
580,mol18,-12.75,CN(Cc1cnc2nc(N)nc(N)c2n1)c1ccc(C(=O)NCc2ccc(NC(=O)Cc3ccccc3)cc2)cc1,CN(Cc1cnc2nc(N)nc(N)c2n1)c1ccc(C(=O)NCc2ccc(NC(=O)Cc3ccccc3)cc2)cc1,6.7971525,-4.762514
870,mol266,-12.75,Cc1ccc(C(=O)Nc2ccc(Oc3ccnc4cc(Nc5ccncc5)ccc34)cc2)c(C)c1,Cc1ccc(C(=O)Nc2ccc(Oc3ccnc4cc(Nc5ccncc5)ccc34)cc2)c(C)c1,6.1939683,-6.8477964
450,mol133,-12.75,Cc1ccc(Nc2nccc(-c3ccnc(Nc4ccc(C(=O)O)cc4)c3)n2)cc1C(=O)O,Cc1ccc(Nc2nccc(-c3ccnc(Nc4ccc(C(=O)O)cc4)c3)n2)cc1C(=O)O,6.747854,-5.208271
580,mol77,-12.75,NC(N)c1ccc(COc2ccc(C(=O)c3cccc(Nc4cccc(C(=O)O)c4)c3)cc2C(=O)O)cc1,NC(N)c1ccc(COc2ccc(C(=O)c3cccc(Nc4cccc(C(=O)O)c4)c3)cc2C(=O)O)cc1,6.6576934,-5.0109525
340,mol456,-12.75,Cc1cc(NCc2ccc(NC(=O)c3cc4ccccc4o3)cc2)ccc1NC(=O)c1ccc(-n2cccn2)cc1,Cc1cc(NCc2ccc(NC(=O)c3cc4ccccc4o3)cc2)ccc1NC(=O)c1ccc(-n2cccn2)cc1,6.338254,-6.087048
390,mol201,-12.75,Cc1cc(NS(=O)(=O)c2ccc(CC(=O)Nc3nc4ccccc4s3)cc2)ccc1NC(=O)c1ccc(C(=O)c2ccccc2)cc1,Cc1cc(NS(=O)(=O)c2ccc(CC(=O)Nc3nc4ccccc4s3)cc2)ccc1NC(=O)c1ccc(C(=O)c2ccccc2)cc1,6.4780717,-6.84441
420,mol147,-12.75,Cc1cc(C(=O)O)cc(C(=O)Nc2ccc(-c3ccc4nn(C)c(C)c4n3)cc2)c1,Cc1cc(C(=O)O)cc(C(=O)Nc2ccc(-c3ccc4nn(C)c(C)c4n3)cc2)c1,6.526119,-5.042348
920,mol215,-12.75,CC(C)Nc1ccccc1C(=O)c1ccc(NC(=O)c2ccc(CC3CCCCC3)cc2)cc1F,CC(C)Nc1ccccc1C(=O)c1ccc(NC(=O)c2ccc(CC3CCCCC3)cc2)cc1F,6.6191735,-7.339821
200,mol82,-12.75,Cc1ccc(-c2ccc(C(=O)Nc3ccc(C(=O)Nc4cccc(OC(F)(F)F)c4)cc3)cc2)cc1,Cc1ccc(-c2ccc(C(=O)Nc3ccc(C(=O)Nc4cccc(OC(F)(F)F)c4)cc3)cc2)cc1,5.6293774,-7.3963737
530,mol415,-12.75,CC(=O)Nc1ccc(Oc2ccc(NC(=O)Nc3cc4ccc(C(=O)NC(C)C)cc4[nH]3)cc2)cc1,CC(=O)Nc1ccc(Oc2ccc(NC(=O)Nc3cc4ccc(C(=O)NC(C)C)cc4[nH]3)cc2)cc1,6.3942018,-6.7045503
380,mol34,-12.75,Cc1ccc(C(=O)Nc2ccc(C[N@H+]3CC[N@@H+](C)CC3)c(C(F)(F)F)c2)cc1Nc1ncnc2ccc(Nc3cccc(S(C)(=O)=O)c3)cc12,Cc1ccc(C(=O)Nc2ccc(C[N@H+]3CC[N@@H+](C)CC3)c(C(F)(F)F)c2)cc1Nc1ncnc2ccc(Nc3cccc(S(C)(=O)=O)c3)cc12,6.619613,-3.8339381
530,mol277,-12.75,Cc1ccc(C(=O)Nc2cccc(C(=O)O)c2)cc1NC(=O)c1ccc(C(=O)c2ccccc2O)cc1,Cc1ccc(C(=O)Nc2cccc(C(=O)O)c2)cc1NC(=O)c1ccc(C(=O)c2ccccc2O)cc1,6.5773582,-5.8940277
560,mol469,-12.75,Cc1ccc(C(=O)Nc2ccc(Oc3ccnc4[nH]ccc34)cc2)cc1NC(=O)c1cccs1,Cc1ccc(C(=O)Nc2ccc(Oc3ccnc4[nH]ccc34)cc2)cc1NC(=O)c1cccs1,6.4679127,-7.0236993
540,mol362,-12.75,Cc1ccc(Nc2nccc(Nc3ccc4c(c3)CCC4)n2)cc1Nc1nccc(-c2cccnc2)n1,Cc1ccc(Nc2nccc(Nc3ccc4c(c3)CCC4)n2)cc1Nc1nccc(-c2cccnc2)n1,6.6035023,-5.776638
810,mol62,-12.75,CN(Cc1ccccc1)C(=O)Cc1ccc(C(=O)c2ccc(-c3nc4ccc(Cl)cc4[nH]3)cc2)cc1,CN(Cc1ccccc1)C(=O)Cc1ccc(C(=O)c2ccc(-c3nc4ccc(Cl)cc4[nH]3)cc2)cc1,5.8476977,-6.5348215
180,mol316,-12.75,Nc1ncc(-c2ccc(C[NH+]3CCN(C(=O)c4ccccc4C(F)(F)F)CC3)cc2)cc1OCc1cccc(F)c1,Nc1ncc(-c2ccc(C[NH+]3CCN(C(=O)c4ccccc4C(F)(F)F)CC3)cc2)cc1OCc1cccc(F)c1,7.100505,-4.753275
330,mol407,-12.75,Clc1ccc2c(Nc3ccc(-c4nc(-c5ccc(OCc6ccccc6)cc5)[nH]c4-c4ccccc4)cc3)ccnc2c1,Clc1ccc2c(Nc3ccc(-c4nc(-c5ccc(OCc6ccccc6)cc5)[nH]c4-c4ccccc4)cc3)ccnc2c1,5.680109,-6.7678323
690,mol327,-12.75,Cc1ccc(C(=O)Nc2ccc(Cl)c(C(F)(F)F)c2)cc1-c1ncnc2ccc(NC(=O)c3ccc4ccccc4n3)cc12,Cc1ccc(C(=O)Nc2ccc(Cl)c(C(F)(F)F)c2)cc1-c1ncnc2ccc(NC(=O)c3ccc4ccccc4n3)cc12,6.504109,-6.729184
290,mol116,-12.75,Cc1ccc(C(=O)NC2CC2)cc1-c1ccc2nc(Nc3ccc(C(=O)NCc4ccccc4)cc3)sc2c1,Cc1ccc(C(=O)NC2CC2)cc1-c1ccc2nc(Nc3ccc(C(=O)NCc4ccccc4)cc3)sc2c1,6.2072678,-6.1407676
420,mol134,-12.75,Cc1ncc(C(=O)N/N=C\c2ccc(C(=O)O)cc2)cc1-c1ccc(N2CCC(Nc3ncccc3NC(=O)c3ccccc3)CC2)cc1,Cc1ncc(C(=O)N/N=C\c2ccc(C(=O)O)cc2)cc1-c1ccc(N2CCC(Nc3ncccc3NC(=O)c3ccccc3)CC2)cc1,7.1071787,-6.193424
680,mol471,-12.75,Cc1ccccc1CNC(=O)c1ccc(NC(=O)Nc2cccc3ccccc23)cc1,Cc1ccccc1CNC(=O)c1ccc(NC(=O)Nc2cccc3ccccc23)cc1,6.1419554,-6.3195486
60,mol321,-12.75,Cc1cc(Nc2nc(-c3cccc(C(=O)Nc4ccc(C(=O)O)cc4)c3)c[nH]c2=O)ccc1F,Cc1cc(Nc2nc(-c3cccc(C(=O)Nc4ccc(C(=O)O)cc4)c3)c[nH]c2=O)ccc1F,6.8420544,-5.803175
900,mol404,-12.75,Cc1ccc(Oc2cccc(Oc3cccc([C@H](C)NC(=O)c4ccc(O)c(O)c4)c3)c2)cc1Cl,Cc1ccc(Oc2cccc(Oc3cccc([C@H](C)NC(=O)c4ccc(O)c(O)c4)c3)c2)cc1Cl,6.4526935,-6.749423
390,mol289,-12.75,Cc1ccc(C(=O)Nc2ccc(C(=O)Nc3cccc(C#N)c3)c3ccccc23)cc1C(=O)O,Cc1ccc(C(=O)Nc2ccc(C(=O)Nc3cccc(C#N)c3)c3ccccc23)cc1C(=O)O,6.76326,-6.0613422
160,mol201,-12.75,Cc1ccc(-c2cccc(Cc3nc(Nc4cccc(C(=O)Nc5ccccn5)c4)c4ccccc4n3)c2)o1,Cc1ccc(-c2cccc(Cc3nc(Nc4cccc(C(=O)Nc5ccccn5)c4)c4ccccc4n3)c2)o1,5.718193,-6.762921
920,mol31,-12.75,CNC(=O)c1ccc(Oc2ccc(-c3cc(NC(=O)c4ccc(C(N)N)cc4)ncn3)cc2)cc1,CNC(=O)c1ccc(Oc2ccc(-c3cc(NC(=O)c4ccc(C(N)N)cc4)ncn3)cc2)cc1,6.3079567,-5.8828235
200,mol72,-12.75,c1ccc(Nc2cccc(-c3ccc(-c4ccc5ccccc5n4)cc3)c2)cc1,c1ccc(Nc2cccc(-c3ccc(-c4ccc5ccccc5n4)cc3)c2)cc1,5.9011316,-6.9171524
510,mol234,-12.75,Cc1cccc(C(=O)Nc2ccc(C(=O)Nc3cccc(C(=O)O)c3)cc2C(=O)O)c1,Cc1cccc(C(=O)Nc2ccc(C(=O)Nc3cccc(C(=O)O)c3)cc2C(=O)O)c1,6.649772,-5.4944286
690,mol47,-12.75,Cc1cccc(NC(=O)c2cccc(C(=O)Nc3ccc(C)c(Nc4ncnc5ccc(CCCNC(=O)c6ccccn6)cc45)c3)c2)c1,Cc1cccc(NC(=O)c2cccc(C(=O)Nc3ccc(C)c(Nc4ncnc5ccc(CCCNC(=O)c6ccccn6)cc45)c3)c2)c1,6.685988,-6.5710597
80,mol66,-12.75,Cc1ccc(NC(=O)Nc2cccc(-c3cnc(Nc4cccc(N(c5ccccn5)C(C)C)c4)nc3)c2)nc1,Cc1ccc(NC(=O)Nc2cccc(-c3cnc(Nc4cccc(N(c5ccccn5)C(C)C)c4)nc3)c2)nc1,6.7288337,-6.7228622
290,mol218,-12.75,Cc1cnc(Nc2ccc(CC(=O)Nc3ccc4nccnc4c3)cc2)c2ccccc12,Cc1cnc(Nc2ccc(CC(=O)Nc3ccc4nccnc4c3)cc2)c2ccccc12,6.3501425,-6.148439
290,mol108,-12.74,Cc1cc(N2CCC(Nc3ncc(Cl)cn3)CC2)ccc1NC(=O)c1ccc(Cc2n[nH]c(=O)c3ccccc23)cc1,Cc1cc(N2CCC(Nc3ncc(Cl)cn3)CC2)ccc1NC(=O)c1ccc(Cc2n[nH]c(=O)c3ccccc23)cc1,7.2881317,-6.0247307
250,mol94,-12.74,Cc1ccc(C#N)cc1NC(=O)c1cccc(Oc2ccc(NC(=O)Nc3ccc(C(=O)O)cc3)cc2)c1,Cc1ccc(C#N)cc1NC(=O)c1cccc(Oc2ccc(NC(=O)Nc3ccc(C(=O)O)cc3)cc2)c1,6.619135,-6.7855706
400,mol326,-12.74,Cc1cc(NS(=O)(=O)c2ccc(-c3ccc(NC(=O)c4ccccc4Cl)cc3)cc2)ccc1C(=O)O,Cc1cc(NS(=O)(=O)c2ccc(-c3ccc(NC(=O)c4ccccc4Cl)cc3)cc2)ccc1C(=O)O,6.4878488,-6.220494
20,mol105,-12.74,COc1cc(OCc2cccc(-c3cccc(C[C@H](Nc4ccccc4)c4ccccc4)c3)c2)ccc1Oc1ccc(Cl)cc1,COc1cc(OCc2cccc(-c3cccc(C[C@H](Nc4ccccc4)c4ccccc4)c3)c2)ccc1Oc1ccc(Cl)cc1,5.3932285,-7.249171
510,mol249,-12.74,Cc1cccc(COc2cnc3ccc(-c4c[nH]c5ccccc45)nc3c2)c1,Cc1cccc(COc2cnc3ccc(-c4c[nH]c5ccccc45)nc3c2)c1,6.2939715,-6.4603314
240,mol178,-12.74,Cc1c(-c2ccc(C(=O)NCc3cccc(C(=O)Nc4ccc(C(=O)O)o4)c3)o2)cnc2[nH]ccc12,Cc1c(-c2ccc(C(=O)NCc3cccc(C(=O)Nc4ccc(C(=O)O)o4)c3)o2)cnc2[nH]ccc12,6.978785,-5.5233893
210,mol156,-12.74,[NH3+]Cc1cccc(-c2cccc(NCc3cccc(Nc4nc(NCc5ccccc5)c5n[nH]cc5n4)c3)n2)c1,[NH3+]Cc1cccc(-c2cccc(NCc3cccc(Nc4nc(NCc5ccccc5)c5n[nH]cc5n4)c3)n2)c1,5.836503,-6.3419833
400,mol183,-12.74,Cc1cccc(Nc2cc(C(=O)Nc3ccc(CCNC(=O)c4ccc(NC(=O)Cc5ccccc5)cc4)cc3)cnc2N)c1,Cc1cccc(Nc2cc(C(=O)Nc3ccc(CCNC(=O)c4ccc(NC(=O)Cc5ccccc5)cc4)cc3)cnc2N)c1,6.737537,-6.997766
520,mol332,-12.74,COc1ccc(NC(=O)c2cccc(C(F)(F)F)c2)cc1C(=O)Nc1cnc(Nc2ccc(C(=O)NC(C)C)cc2)nc1,COc1ccc(NC(=O)c2cccc(C(F)(F)F)c2)cc1C(=O)Nc1cnc(Nc2ccc(C(=O)NC(C)C)cc2)nc1,6.738013,-6.5776634
690,mol42,-12.74,Cc1ccc(NC(=O)c2ccc(C(=O)c3ccc4c(c3)CC(=O)N4)cc2)cc1NC(=O)c1ccc(C2CC2)cc1,Cc1ccc(NC(=O)c2ccc(C(=O)c3ccc4c(c3)CC(=O)N4)cc2)cc1NC(=O)c1ccc(C2CC2)cc1,6.631557,-6.7568145
960,mol93,-12.74,Cc1ccccc1-c1ccc(-n2cc(-c3ccc(C(=O)N[C@@H](C)C(=O)O)cc3)nn2)cc1,Cc1ccccc1-c1ccc(-n2cc(-c3ccc(C(=O)N[C@@H](C)C(=O)O)cc3)nn2)cc1,5.974392,-4.8528123
120,mol127,-12.74,Cc1c(/C(O)=C/C#Cc2ccc3ccc(C(N)=O)cc3c2)ccc2[nH]ccc12,Cc1c(/C(O)=C/C#Cc2ccc3ccc(C(N)=O)cc3c2)ccc2[nH]ccc12,6.2225595,-5.0798564
750,mol396,-12.74,CC(=O)Nc1cccc(-c2ccc(NC(=O)c3ccc(C)cc3NC(=O)c3cc4ccccc4o3)cc2)c1,CC(=O)Nc1cccc(-c2ccc(NC(=O)c3ccc(C)cc3NC(=O)c3cc4ccccc4o3)cc2)c1,5.8726044,-6.8925343
240,mol190,-12.74,Cc1cnc(Nc2ncc(-c3ccc(C(=O)Nc4cccc(C(F)(F)F)c4)cc3)cc2-c2ccnc(N)n2)s1,Cc1cnc(Nc2ncc(-c3ccc(C(=O)Nc4cccc(C(F)(F)F)c4)cc3)cc2-c2ccnc(N)n2)s1,6.662808,-6.537544
210,mol30,-12.74,Cc1cc(NC(=O)c2cccc(C#N)c2)ccc1NC(=O)c1ccc(CN(CC2CCCCC2)c2ccc(NC(=O)c3ccc4ccccc4n3)cc2)o1,Cc1cc(NC(=O)c2cccc(C#N)c2)ccc1NC(=O)c1ccc(CN(CC2CCCCC2)c2ccc(NC(=O)c3ccc4ccccc4n3)cc2)o1,7.028798,-6.9675913
510,mol69,-12.74,Cc1cc(Nc2nccc(Nc3ccc4oc(-c5ccccc5)cc4c3)n2)ccc1O,Cc1cc(Nc2nccc(Nc3ccc4oc(-c5ccccc5)cc4c3)n2)ccc1O,6.207399,-6.3456535
80,mol76,-12.74,Cc1ccc(OCCC[NH+]2CCN(c3cccc(C(=O)NCc4ccc5\c6c(=O)n(C)\c(c5c4)=N/C=C\C=6C(F)(F)F)c3)CC2)cc1,Cc1ccc(OCCC[NH+]2CCN(c3cccc(C(=O)NCc4ccc5\c6c(=O)n(C)\c(c5c4)=N/C=C\C=6C(F)(F)F)c3)CC2)cc1,6.948259,-4.3808184
710,mol495,-12.74,Oc1ccc(Nc2ncnc3cccnc23)cc1Cc1ccc(-c2ccccc2)cc1,Oc1ccc(Nc2ncnc3cccnc23)cc1Cc1ccc(-c2ccccc2)cc1,5.925804,-6.40268
520,mol79,-12.74,Cc1ccc(C(=O)Nc2cccc(C(F)(F)F)c2)cc1-c1ccc2nc(NC3CCOCC3)ncc2c1,Cc1ccc(C(=O)Nc2cccc(C(F)(F)F)c2)cc1-c1ccc2nc(NC3CCOCC3)ncc2c1,6.7921934,-6.8586955
740,mol430,-12.74,CCN(CC)C(=O)c1cccc(C(=O)Nc2ccc(Oc3ccc(-c4nc(C)c5ccccc5n4)cc3)cc2)c1,CCN(CC)C(=O)c1cccc(C(=O)Nc2ccc(Oc3ccc(-c4nc(C)c5ccccc5n4)cc3)cc2)c1,5.9955826,-5.6415505
240,mol60,-12.74,Cc1cc(Nc2cccc(C(=O)O)c2)n(-c2ccc(NC(=O)c3ccc(-c4ncccc4Cl)cc3)cc2)n1,Cc1cc(Nc2cccc(C(=O)O)c2)n(-c2ccc(NC(=O)c3ccc(-c4ncccc4Cl)cc3)cc2)n1,6.3399096,-6.161918
190,mol209,-12.74,c1ccc(-c2cccc(-c3cc(-c4ccccc4)ncn3)c2)cc1,c1ccc(-c2cccc(-c3cc(-c4ccccc4)ncn3)c2)cc1,6.081366,-6.5792933
900,mol418,-12.74,Cc1cccc(-n2cc(-c3cccc(C(=O)Nc4ccccc4)c3)nn2)c1,Cc1cccc(-n2cc(-c3cccc(C(=O)Nc4ccccc4)c3)nn2)c1,5.924336,-5.056807
260,mol374,-12.74,Cc1ccc(NC(=O)c2cccc(C(=O)NO)c2)cc1Nc1nccc(-c2cccnc2)n1,Cc1ccc(NC(=O)c2cccc(C(=O)NO)c2)cc1Nc1nccc(-c2cccnc2)n1,6.742874,-5.952859
970,mol268,-12.74,Cc1ccc(NC(=O)c2cccc(-c3ccccc3)c2)cc1NC(=O)c1ccc(F)cc1,Cc1ccc(NC(=O)c2cccc(-c3ccccc3)c2)cc1NC(=O)c1ccc(F)cc1,6.2228055,-6.993967
100,mol346,-12.74,Cc1ccc(C(=O)N2CCN(c3cccc(Cl)c3)CC2)cc1Nc1nccc(Cc2cccc(C(=O)O)c2)n1,Cc1ccc(C(=O)N2CCN(c3cccc(Cl)c3)CC2)cc1Nc1nccc(Cc2cccc(C(=O)O)c2)n1,7.213605,-5.4589343
910,mol11,-12.74,Cc1ccc(NC(=O)c2cccc(N3CC[NH+](C)CC3)c2)cc1-c1ccc(NC(=O)Cc2cc(F)cc(Cl)c2)cc1,Cc1ccc(NC(=O)c2cccc(N3CC[NH+](C)CC3)c2)cc1-c1ccc(NC(=O)Cc2cc(F)cc(Cl)c2)cc1,6.6483507,-6.6370234
810,mol231,-12.74,CC(=O)c1cccc(C(=O)Nc2cccc(-c3cccc4cccnc34)c2)c1,CC(=O)c1cccc(C(=O)Nc2cccc(-c3cccc4cccnc34)c2)c1,6.106719,-5.9238124
570,mol210,-12.74,NC(N)c1ccc(NC(=O)Nc2ccc(Nc3ccnc4ccccc34)cc2)cc1,NC(N)c1ccc(NC(=O)Nc2ccc(Nc3ccnc4ccccc34)cc2)cc1,6.215908,-5.302621
50,mol59,-12.74,Cc1ccccc1Nc1ccc2c(Nc3ccc(C(=O)c4ccccc4)cc3)ncnc2c1,Cc1ccccc1Nc1ccc2c(Nc3ccc(C(=O)c4ccccc4)cc3)ncnc2c1,6.090901,-6.4752164
200,mol18,-12.74,Cc1nc(Nc2nccc(-c3cc(CNC(=O)c4ccc(C(=O)Nc5ccccc5C(F)(F)F)cc4)ccc3Cl)n2)cs1,Cc1nc(Nc2nccc(-c3cc(CNC(=O)c4ccc(C(=O)Nc5ccccc5C(F)(F)F)cc4)ccc3Cl)n2)cs1,7.040931,-6.4700584
140,mol413,-12.74,COc1nc(Nc2ccc(N3CC[NH+](C)CC3)cc2)ncc1C(=O)c1ccc(Nc2ccnc3cc(Cl)ccc23)cc1,COc1nc(Nc2ccc(N3CC[NH+](C)CC3)cc2)ncc1C(=O)c1ccc(Nc2ccnc3cc(Cl)ccc23)cc1,6.922856,-5.398197
1000,mol413,-12.74,NC(N)c1ccc(CNC(=O)c2ccc(-c3ccnc(Nc4ccnc(Nc5ccccc5)n4)c3)cc2)cc1,NC(N)c1ccc(CNC(=O)c2ccc(-c3ccnc(Nc4ccnc(Nc5ccccc5)n4)c3)cc2)cc1,6.2010636,-5.7764864
200,mol371,-12.74,Cc1ccc(NC(=O)c2cccc(N3CCN(C(=O)c4cccc(C(F)(F)F)c4)CC3)c2)cc1,Cc1ccc(NC(=O)c2cccc(N3CCN(C(=O)c4cccc(C(F)(F)F)c4)CC3)c2)cc1,6.157218,-5.6668806
820,mol290,-12.74,Cc1ccc(Cl)cc1C(=O)Nc1cccc(C(=O)NCc2ccc(-c3ccccn3)cc2)c1,Cc1ccc(Cl)cc1C(=O)Nc1cccc(C(=O)NCc2ccc(-c3ccccn3)cc2)c1,5.6845083,-6.5052023
530,mol466,-12.73,Cc1ccc(C(=O)Nc2ccc(C(=O)Nc3ccncc3)cc2)cc1Nc1ncnn2cc(C(=O)Nc3ccccc3)nc12,Cc1ccc(C(=O)Nc2ccc(C(=O)Nc3ccncc3)cc2)cc1Nc1ncnn2cc(C(=O)Nc3ccccc3)nc12,6.8079953,-6.6726875
130,mol480,-12.73,Cc1cc(Nc2nc(Nc3cccc(NC(=O)Nc4cccc(C(F)(F)F)c4)c3)ncc2F)cc(C)n1,Cc1cc(Nc2nc(Nc3cccc(NC(=O)Nc4cccc(C(F)(F)F)c4)c3)ncc2F)cc(C)n1,6.553223,-6.806221
440,mol442,-12.73,Cc1cc(NC(=O)Nc2cc(C(F)(F)F)cc(C(F)(F)F)c2)ccc1Nc1nccc(-c2cccnc2)n1,Cc1cc(NC(=O)Nc2cc(C(F)(F)F)cc(C(F)(F)F)c2)ccc1Nc1nccc(-c2cccnc2)n1,6.445167,-6.7206764
370,mol226,-12.73,Cc1cccc(CNC(=O)Nc2cccc(Oc3ccc(Nc4nccc(C[C@H]5CCCNC5)n4)cc3)c2)c1,Cc1cccc(CNC(=O)Nc2cccc(Oc3ccc(Nc4nccc(C[C@H]5CCCNC5)n4)cc3)c2)c1,6.9369044,-6.72853
910,mol276,-12.73,CNC(=O)c1cccc(NC(=O)c2cccc(Cc3n[nH]c(-c4ccccc4)c3C)c2)c1,CNC(=O)c1cccc(NC(=O)c2cccc(Cc3n[nH]c(-c4ccccc4)c3C)c2)c1,6.0893664,-5.549521
290,mol362,-12.73,Cc1ccc(C(=O)Nc2cccc(Nc3cc(=O)[nH]c4cc([N+](=O)[O-])ccc34)c2)cc1,Cc1ccc(C(=O)Nc2cccc(Nc3cc(=O)[nH]c4cc([N+](=O)[O-])ccc34)c2)cc1,6.3251023,-7.0365753
510,mol358,-12.73,Cc1ccccc1-c1cccc(/C=C\c2cccc(C(=O)NCc3ccncc3)c2)c1,Cc1ccccc1-c1cccc(/C=C\c2cccc(C(=O)NCc3ccncc3)c2)c1,5.913058,-6.486021
140,mol90,-12.73,Cc1cc(NC(=O)Nc2cccc(Nc3nccc(-c4cn(Cc5ccc(OCc6ccccc6)cc5)nn4)n3)c2)ccn1,Cc1cc(NC(=O)Nc2cccc(Nc3nccc(-c4cn(Cc5ccc(OCc6ccccc6)cc5)nn4)n3)c2)ccn1,5.9629397,-6.468298
160,mol236,-12.73,Cc1c(-c2n/c(=N/c3ccc(F)c(C(F)(F)F)c3)[nH]c(=O)[nH]2)ccc(C(=O)O)c1O,Cc1c(-c2n/c(=N/c3ccc(F)c(C(F)(F)F)c3)[nH]c(=O)[nH]2)ccc(C(=O)O)c1O,6.6329393,-4.8664694
770,mol79,-12.73,Cc1ccc(C(=O)NC2CC2)cc1NC(=O)c1cccc(CNC(=O)c2cccc(O)c2O)c1,Cc1ccc(C(=O)NC2CC2)cc1NC(=O)c1cccc(CNC(=O)c2cccc(O)c2O)c1,6.335348,-5.6601143
210,mol151,-12.73,Cc1ccc(NC(=O)Nc2ccc(Oc3ccc(NC(=O)c4cccc(C(=O)O)c4)cc3)cc2)cc1,Cc1ccc(NC(=O)Nc2ccc(Oc3ccc(NC(=O)c4cccc(C(=O)O)c4)cc3)cc2)cc1,6.2823734,-6.520596
250,mol124,-12.73,Cc1cccc(Nc2nccc(Nc3cccc(C(=O)Nc4ccc(C(N)N)cc4)c3)n2)c1,Cc1cccc(Nc2nccc(Nc3cccc(C(=O)Nc4ccc(C(N)N)cc4)c3)n2)c1,6.1749372,-5.405873
810,mol468,-12.73,CC(=O)Nc1cccc(C(C)C)c1NC(=O)c1ccc(Nc2ccnc3cc(NC(=O)Nc4ccccc4)ccc23)cc1,CC(=O)Nc1cccc(C(C)C)c1NC(=O)c1ccc(Nc2ccnc3cc(NC(=O)Nc4ccccc4)ccc23)cc1,6.4649377,-6.6012793
800,mol94,-12.73,Cc1ccc(C(=O)Nc2cccc(Nc3nccc(-c4ccccc4)n3)c2)cc1,Cc1ccc(C(=O)Nc2cccc(Nc3nccc(-c4ccccc4)n3)c2)cc1,6.0892863,-6.38383
110,mol226,-12.73,Cc1nc(-c2ccc(CCNS(=O)(=O)c3cccc4ccccc34)cc2)cc(N2CCS(=O)(=O)CC2)n1,Cc1nc(-c2ccc(CCNS(=O)(=O)c3cccc4ccccc34)cc2)cc(N2CCS(=O)(=O)CC2)n1,6.8199544,-4.4397902
360,mol447,-12.73,Nc1nc(Nc2cccc(S(N)(=O)=O)c2)sc1[C@@H](O)c1ccc(-c2ccc(F)cc2)cc1,Nc1nc(Nc2cccc(S(N)(=O)=O)c2)sc1[C@@H](O)c1ccc(-c2ccc(F)cc2)cc1,6.607269,-5.2213154
860,mol376,-12.73,Cc1cccc(Cc2cc(O)cc(O)c2Cc2cc(O)c(C(=O)c3ccccc3)c(O)c2)c1,Cc1cccc(Cc2cc(O)cc(O)c2Cc2cc(O)c(C(=O)c3ccccc3)c(O)c2)c1,6.43268,-6.070647
130,mol489,-12.73,Cc1ccc(Oc2ccc(NC(=O)Cc3cccc(C(=O)Nc4cc(CO)ccc4F)c3)cc2F)cc1,Cc1ccc(Oc2ccc(NC(=O)Cc3cccc(C(=O)Nc4cc(CO)ccc4F)c3)cc2F)cc1,6.4828553,-7.5393033
300,mol178,-12.73,Cc1cccc(-c2ncc(C(=O)Nc3cccc(C(=O)Nc4cccc(C(=O)c5ccccc5)c4)c3)s2)c1,Cc1cccc(-c2ncc(C(=O)Nc3cccc(C(=O)Nc4cccc(C(=O)c5ccccc5)c4)c3)s2)c1,6.348859,-6.7607894
340,mol392,-12.73,Cc1cccc(-c2nnc(Nc3cccc(C(=O)Nc4ccc(C(=O)O)cc4)c3)o2)c1,Cc1cccc(-c2nnc(Nc3cccc(C(=O)Nc4ccc(C(=O)O)cc4)c3)o2)c1,6.0397115,-5.402608
280,mol224,-12.73,Cc1cc(-c2ccc(C(=O)NO)cc2)ccc1-c1ccc(OCc2cccnc2)cc1,Cc1cc(-c2ccc(C(=O)NO)cc2)ccc1-c1ccc(OCc2cccnc2)cc1,6.2585044,-6.846427
820,mol361,-12.73,Cc1ccc(O)c(-c2cc(C(=O)O)ccc2C(=O)Nc2ccc(Oc3ccncc3)c3c2CC=C3)c1,Cc1ccc(O)c(-c2cc(C(=O)O)ccc2C(=O)Nc2ccc(Oc3ccncc3)c3c2CC=C3)c1,6.4562755,-6.374231
610,mol453,-12.73,Cc1ccc(C(=O)Nc2ccc(Oc3ccnc4cc(-c5ccncc5)ccc34)cc2)cc1,Cc1ccc(C(=O)Nc2ccc(Oc3ccnc4cc(-c5ccncc5)ccc34)cc2)cc1,5.6394954,-7.137533
120,mol242,-12.73,Nc1ccc(S(=O)(=O)Nc2cccc(-c3cccc(NC(=O)c4ccc(F)cc4)c3)c2)cc1,Nc1ccc(S(=O)(=O)Nc2cccc(-c3cccc(NC(=O)c4ccc(F)cc4)c3)c2)cc1,6.4848905,-6.4926915
950,mol249,-12.73,COc1ccc(-c2ccc(Oc3cccc(-c4cccc(C(=O)O)c4)c3)cc2)cc1,COc1ccc(-c2ccc(Oc3cccc(-c4cccc(C(=O)O)c4)c3)cc2)cc1,5.998064,-6.6504498
600,mol238,-12.73,Cc1ccc(C(=O)Nc2cccc(C(F)(F)F)c2)cc1Nc1ncnn2cc(C(=O)Nc3ccccc3)cc12,Cc1ccc(C(=O)Nc2cccc(C(F)(F)F)c2)cc1Nc1ncnn2cc(C(=O)Nc3ccccc3)cc12,6.1981206,-6.9349275
400,mol345,-12.73,Cc1ccc(C(=O)Nc2ccc(Cc3ccc(Nc4nccc(Nc5ccccn5)n4)cc3)cc2)cc1,Cc1ccc(C(=O)Nc2ccc(Cc3ccc(Nc4nccc(Nc5ccccn5)n4)cc3)cc2)cc1,5.8825293,-6.8299236
430,mol456,-12.73,Cc1cc(Nc2nccc(Nc3ccc(C(=O)Nc4ccccc4)cc3)n2)cc(C)c1O,Cc1cc(Nc2nccc(Nc3ccc(C(=O)Nc4ccccc4)cc3)n2)cc(C)c1O,6.26382,-6.07307
430,mol276,-12.73,Cc1ccc(C(=O)Nc2cccc(C(=O)NCc3ccccc3)c2)cc1NS(=O)(=O)c1ccc(N)cc1,Cc1ccc(C(=O)Nc2cccc(C(=O)NCc3ccccc3)c2)cc1NS(=O)(=O)c1ccc(N)cc1,6.221453,-5.575264
950,mol185,-12.73,COC(=O)Nc1ccc(NC(=O)Nc2ccc(Oc3ccc(-c4nccc(C)n4)cc3)cc2)cc1,COC(=O)Nc1ccc(NC(=O)Nc2ccc(Oc3ccc(-c4nccc(C)n4)cc3)cc2)cc1,6.62793,-7.0393877
310,mol139,-12.73,Cc1nc(NC(=O)c2cccc(-n3cccn3)c2)sc1-c1ccc(NC(=O)c2cccc(F)c2)cc1,Cc1nc(NC(=O)c2cccc(-n3cccn3)c2)sc1-c1ccc(NC(=O)c2cccc(F)c2)cc1,6.263412,-6.4008937
230,mol408,-12.72,Cc1ccc(-c2cc(C(=O)Nc3ccc(Oc4ccnc(Nc5ccccc5)n4)cc3)on2)cc1,Cc1ccc(-c2cc(C(=O)Nc3ccc(Oc4ccnc(Nc5ccccc5)n4)cc3)on2)cc1,5.966878,-7.1769385
560,mol452,-12.72,Cc1ccc(Oc2cccc(-c3ccc(NC(=O)c4ccccn4)cc3)c2C(=O)O)cc1,Cc1ccc(Oc2cccc(-c3ccc(NC(=O)c4ccccn4)cc3)c2C(=O)O)cc1,6.392197,-6.3289843
180,mol127,-12.72,Cc1cccc(-c2ccc(C(=O)Nc3cccc(-c4ccccc4S(N)(=O)=O)c3)cc2)c1,Cc1cccc(-c2ccc(C(=O)Nc3cccc(-c4ccccc4S(N)(=O)=O)c3)cc2)c1,6.012322,-6.5130076
370,mol242,-12.72,Cc1ccc(C(=O)Nc2ccc(C(=O)Nc3ccc4ccccc4n3)cc2)cc1,Cc1ccc(C(=O)Nc2ccc(C(=O)Nc3ccc4ccccc4n3)cc2)cc1,6.200306,-6.454723
370,mol13,-12.72,Cc1nc(NCc2cccc3ccccc23)cc(Nc2nccc(Nc3ccc4c(N)nccc4c3)n2)n1,Cc1nc(NCc2cccc3ccccc23)cc(Nc2nccc(Nc3ccc4c(N)nccc4c3)n2)n1,5.9001274,-5.9054227
390,mol354,-12.72,Cc1ccc(NC(=O)c2ccc(C(=O)Nc3cccc(C(=O)O)c3)cc2)cc1Nc1ncccc1-c1ncnn2cccc12,Cc1ccc(NC(=O)c2ccc(C(=O)Nc3cccc(C(=O)O)c3)cc2)cc1Nc1ncccc1-c1ncnn2cccc12,6.890866,-5.943566
550,mol192,-12.72,Cc1ccc(C(=O)NC(=O)c2cccc(C(=O)Nc3ccc(Cl)cc3)c2)cc1NC(=O)c1cccc(C(=O)O)c1,Cc1ccc(C(=O)NC(=O)c2cccc(C(=O)Nc3ccc(Cl)cc3)c2)cc1NC(=O)c1cccc(C(=O)O)c1,6.681504,-5.98726
650,mol476,-12.72,COc1cccc(-c2ccc(O)c(CNC(=O)Cc3ccc4nc(N)ncc4c3)c2)c1,COc1cccc(-c2ccc(O)c(CNC(=O)Cc3ccc4nc(N)ncc4c3)c2)c1,6.194944,-4.716212
470,mol414,-12.72,CC(C)(O)c1cccc(-c2ccc(C(=O)O)cc2NC(=O)c2ccc(F)c(NC(=O)c3ccc(C#N)cc3)c2)c1,CC(C)(O)c1cccc(-c2ccc(C(=O)O)cc2NC(=O)c2ccc(F)c(NC(=O)c3ccc(C#N)cc3)c2)c1,7.332453,-6.549465
200,mol454,-12.72,[H][S@TB7](=O)(S)(Oc1ccc(C(=O)O)cc1)c1ccc2c(C(=O)c3cc(O)c(O)c(O)c3)c(CC)oc2c1,[H][S@TB7](=O)(S)(Oc1ccc(C(=O)O)cc1)c1ccc2c(C(=O)c3cc(O)c(O)c(O)c3)c(CC)oc2c1,6.6638227,-4.987244
870,mol227,-12.72,COC(=O)Nc1ccc(Oc2ccc(NC(=O)c3ccc(C)c(Cc4cccc(C)c4C)c3)cc2)cc1,COC(=O)Nc1ccc(Oc2ccc(NC(=O)c3ccc(C)c(Cc4cccc(C)c4C)c3)cc2)cc1,6.5802193,-7.140488
560,mol28,-12.72,CCc1ccc(-c2cccc(C(=O)NCc3ccc4cccnc4c3)c2)cc1,CCc1ccc(-c2cccc(C(=O)NCc3ccc4cccnc4c3)c2)cc1,5.95673,-6.0201845
210,mol85,-12.72,CN(c1ccc(C(=O)NO)cc1)S(=O)(=O)c1ccc(Nc2cccc(Nc3ccc(Cl)cc3)n2)cc1,CN(c1ccc(C(=O)NO)cc1)S(=O)(=O)c1ccc(Nc2cccc(Nc3ccc(Cl)cc3)n2)cc1,6.569413,-6.240624
200,mol88,-12.72,Nc1nc(-c2ccc(-c3ccc(C(=O)NCc4ccccc4)cc3)cc2)cc(N2CC[NH+](C[C@@](O)(Cn3cncn3)c3ccc(F)cc3F)CC2)n1,Nc1nc(-c2ccc(-c3ccc(C(=O)NCc4ccccc4)cc3)cc2)cc(N2CC[NH+](C[C@@](O)(Cn3cncn3)c3ccc(F)cc3F)CC2)n1,6.8214693,-4.297574
640,mol269,-12.72,Cc1ccc(-c2nccc(C(=O)Nc3cccc(C(=O)Nc4cccc(C(=O)O)c4)c3)n2)cc1,Cc1ccc(-c2nccc(C(=O)Nc3cccc(C(=O)Nc4cccc(C(=O)O)c4)c3)n2)cc1,6.389298,-5.583919
460,mol21,-12.72,COc1cc(Nc2nccc(Nc3cc(C4CCCCC4)cc(N4CCOCC4)n3)n2)cc(NC(=O)c2cccc(C(=O)Nc3ccccn3)c2)c1F,COc1cc(Nc2nccc(Nc3cc(C4CCCCC4)cc(N4CCOCC4)n3)n2)cc(NC(=O)c2cccc(C(=O)Nc3ccccn3)c2)c1F,7.474181,-6.6296315
600,mol169,-12.72,Cc1ccc(C(=O)Nc2cccc(C(=O)O)c2)cc1Nc1ncnn2cc(C(=O)c3ccccc3)cc12,Cc1ccc(C(=O)Nc2cccc(C(=O)O)c2)cc1Nc1ncnn2cc(C(=O)c3ccccc3)cc12,6.4821186,-5.902851
830,mol476,-12.72,Cc1ccccc1NC(=O)c1cccc(C(=O)Nc2ccc(-c3ccccc3)cc2)c1,Cc1ccccc1NC(=O)c1cccc(C(=O)Nc2ccc(-c3ccccc3)cc2)c1,6.0494795,-6.7899427
100,mol329,-12.72,Cc1ccccc1-n1c(Cn2nc(-c3ccc(Oc4ccccc4)cc3)c3c(N)ncnc32)nc2cccc(C)c2c1=O,Cc1ccccc1-n1c(Cn2nc(-c3ccc(Oc4ccccc4)cc3)c3c(N)ncnc32)nc2cccc(C)c2c1=O,6.342909,-7.0498185
490,mol253,-12.72,Cc1ccc(NC(=O)c2cccc(Nc3ncc4ccc(=O)n(C)c4n3)c2)cc1C(F)(F)F,Cc1ccc(NC(=O)c2cccc(Nc3ncc4ccc(=O)n(C)c4n3)c2)cc1C(F)(F)F,6.3466697,-5.768564
160,mol481,-12.72,Nc1nc(Nc2cccc(NC(=O)Nc3ccc(C(F)(F)F)cc3)c2)c2c(N)nccc2n1,Nc1nc(Nc2cccc(NC(=O)Nc3ccc(C(F)(F)F)cc3)c2)c2c(N)nccc2n1,6.315379,-5.7808537
210,mol390,-12.72,Cc1ccc(NC(=O)c2cccc(Cc3n[nH]c(=O)c4ccccc34)c2)cc1,Cc1ccc(NC(=O)c2cccc(Cc3n[nH]c(=O)c4ccccc34)c2)cc1,6.1832223,-4.9233356
840,mol67,-12.72,Cc1cc(C)c(CNc2ccc(C(=O)c3ccc4c(c3)CC(=O)N4)cc2)c(C)c1,Cc1cc(C)c(CNc2ccc(C(=O)c3ccc4c(c3)CC(=O)N4)cc2)c(C)c1,6.2273235,-5.8361344
480,mol91,-12.72,Cc1cccc(Cc2cc(C3=NS(=O)(=O)c4cc(C(N)N)ccc4N3)ccc2O)c1,Cc1cccc(Cc2cc(C3=NS(=O)(=O)c4cc(C(N)N)ccc4N3)ccc2O)c1,6.510784,-4.3288674
310,mol266,-12.72,Cc1ncc(CNC(=O)c2ccc(Nc3ccnc(Nc4cccc(OC(F)(F)F)c4)n3)cc2)cc1-c1ccc(C[NH3+])cc1,Cc1ncc(CNC(=O)c2ccc(Nc3ccnc(Nc4cccc(OC(F)(F)F)c4)n3)cc2)cc1-c1ccc(C[NH3+])cc1,6.578149,-6.1549654
230,mol159,-12.72,Cc1cccc(C(=O)Nc2ccc(Oc3ccc4ncccc4c3)cc2)c1,Cc1cccc(C(=O)Nc2ccc(Oc3ccc4ncccc4c3)cc2)c1,6.065398,-6.114002
690,mol246,-12.72,Nc1ccc(-c2cccc(-c3ccc(CN4CCOCC4)cc3)c2)cc1C(=O)NCC(c1ccccc1)c1ccccc1,Nc1ccc(-c2cccc(-c3ccc(CN4CCOCC4)cc3)c2)cc1C(=O)NCC(c1ccccc1)c1ccccc1,6.0169396,-6.0891933
140,mol307,-12.72,Nc1ncc(-c2ccc(CCNC(=O)c3ccc(-c4cccc(C(F)(F)F)n4)cc3)cc2F)cn1,Nc1ncc(-c2ccc(CCNC(=O)c3ccc(-c4cccc(C(F)(F)F)n4)cc3)cc2F)cn1,6.139374,-5.9995656
210,mol59,-12.72,Cc1cncc(-c2cccc(Nc3ccc4nc(Nc5ccccc5F)c(N)nc4n3)c2)c1,Cc1cncc(-c2cccc(Nc3ccc4nc(Nc5ccccc5F)c(N)nc4n3)c2)c1,6.4079714,-6.413039
140,mol436,-12.72,CNC(=O)Nc1ccc(Nc2nccc(-c3c[nH]c4ccccc34)n2)cc1,CNC(=O)Nc1ccc(Nc2nccc(-c3c[nH]c4ccccc34)n2)cc1,6.5743375,-4.763035
700,mol441,-12.72,CC(C)n1cc(-c2cccc(Nc3nccc(-c4ccc(F)cc4)n3)c2)c2cc(C(=O)O)ccc21,CC(C)n1cc(-c2cccc(Nc3nccc(-c4ccc(F)cc4)n3)c2)c2cc(C(=O)O)ccc21,6.372885,-6.36066
860,mol72,-12.72,Cc1ccc(/C=N/S(=O)(=O)c2ccccc2)cc1NC(=O)CCC(=O)Nc1cccc(-c2nnc3n2CCCCC3)c1,Cc1ccc(/C=N/S(=O)(=O)c2ccccc2)cc1NC(=O)CCC(=O)Nc1cccc(-c2nnc3n2CCCCC3)c1,5.8925176,-5.8251324
90,mol191,-12.72,CN(c1ccc2cc[nH]c2c1)c1cc(Nc2cc(NC(=O)c3cc[nH]n3)c3ccccc3n2)ncn1,CN(c1ccc2cc[nH]c2c1)c1cc(Nc2cc(NC(=O)c3cc[nH]n3)c3ccccc3n2)ncn1,6.937839,-6.274702
510,mol275,-12.72,Cc1ccc(CNC(=O)c2cnc(Oc3ccc4cc(C(=O)N[C@H](C)c5ccccc5)ccc4c3)s2)cc1,Cc1ccc(CNC(=O)c2cnc(Oc3ccc4cc(C(=O)N[C@H](C)c5ccccc5)ccc4c3)s2)cc1,6.2743993,-6.7881336
460,mol234,-12.71,COc1ccc(-c2ccc(NC(=O)c3ccc4cc(C(F)(F)F)ccc4n3)cc2)cc1,COc1ccc(-c2ccc(NC(=O)c3ccc4cc(C(F)(F)F)ccc4n3)cc2)cc1,5.895251,-6.834454
200,mol120,-12.71,CN(C)c1ccc(-c2cc3cc(-c4ccc(C(=O)O)cc4)ccc3o2)cc1,CN(C)c1ccc(-c2cc3cc(-c4ccc(C(=O)O)cc4)ccc3o2)cc1,6.2999816,-5.8180056
910,mol471,-12.71,Cc1ccc(C(=O)Nc2ccc(Oc3nccc(-c4cccc(C(N)=O)c4)n3)cc2)cc1,Cc1ccc(C(=O)Nc2ccc(Oc3nccc(-c4cccc(C(N)=O)c4)n3)cc2)cc1,6.07571,-6.1265297
700,mol204,-12.71,CC(=O)Nc1cccc(Nc2nccc(-c3ccc4ccccc4c3)n2)c1,CC(=O)Nc1cccc(Nc2nccc(-c3ccc4ccccc4c3)n2)c1,6.529936,-6.1279173
430,mol29,-12.71,Cc1ccc(C(=O)Nc2cccc([C@@H](O)c3cccc(C(=O)O)c3)c2)cc1Nc1ncnc2ccc(NC(=O)C3CC3)cc12,Cc1ccc(C(=O)Nc2cccc([C@@H](O)c3cccc(C(=O)O)c3)c2)cc1Nc1ncnc2ccc(NC(=O)C3CC3)cc12,7.0168657,-5.842698
360,mol3,-12.71,Cc1ccc(NC(=O)c2cc(NC(=O)c3ccc(N4CCCCC4)cc3)cc(Oc3ccc(C(=O)O)c(N)c3)c2)cc1,Cc1ccc(NC(=O)c2cc(NC(=O)c3ccc(N4CCCCC4)cc3)cc(Oc3ccc(C(=O)O)c(N)c3)c2)cc1,6.8274136,-6.6400833
630,mol123,-12.71,Cc1ccccc1-c1cnc(N)c(Nc2ccnc(Nc3ccc(C(=O)O)cc3)n2)c1,Cc1ccccc1-c1cnc(N)c(Nc2ccnc(Nc3ccc(C(=O)O)cc3)n2)c1,6.7298284,-5.6095743
910,mol237,-12.71,Cc1ccc(Oc2ccc(NC(=O)c3ccc4ccccc4c3)cc2)cc1,Cc1ccc(Oc2ccc(NC(=O)c3ccc4ccccc4c3)cc2)cc1,5.9724317,-7.0163054
550,mol41,-12.71,Cc1ccc(CNC(=O)c2ccc(Cc3cc4ccccc4o3)cc2)cc1NC(=O)c1cccc(Br)c1,Cc1ccc(CNC(=O)c2ccc(Cc3cc4ccccc4o3)cc2)cc1NC(=O)c1cccc(Br)c1,6.0563006,-6.233242
780,mol228,-12.71,Cc1cc(-c2cccc(C(=O)N3CCOCC3)c2)cn(Cc2cc(Cl)cc(C(=O)N3CCOCC3)c2)c1=O,Cc1cc(-c2cccc(C(=O)N3CCOCC3)c2)cn(Cc2cc(Cl)cc(C(=O)N3CCOCC3)c2)c1=O,6.9279065,-4.171143
200,mol287,-12.71,Cc1ccc(NC(=O)c2cccc(Cn3cc(NC(=O)Nc4cccc(N(C)C)c4)c4ccccc4c3=O)c2)cc1,Cc1ccc(NC(=O)c2cccc(Cn3cc(NC(=O)Nc4cccc(N(C)C)c4)c4ccccc4c3=O)c2)cc1,6.014036,-6.707662
370,mol370,-12.71,NC(=O)c1cc(F)cc2[nH]c(-c3cc(-c4cccc(C(=O)O)c4Cl)cc(C(=O)O)c3O)nc12,NC(=O)c1cc(F)cc2[nH]c(-c3cc(-c4cccc(C(=O)O)c4Cl)cc(C(=O)O)c3O)nc12,6.531484,-5.543163
380,mol109,-12.71,Cc1cc(/C=C/c2ccc(/N=C/c3ccc(/C=C\C(=O)c4ccccc4)cc3)cc2)ccc1O,Cc1cc(/C=C/c2ccc(/N=C/c3ccc(/C=C\C(=O)c4ccccc4)cc3)cc2)ccc1O,5.869909,-6.727964
100,mol164,-12.71,Cc1cc(NCc2c(F)ccc(F)c2F)c(F)c(F)c1C(=O)Nc1cccc(-c2ncccn2)c1,Cc1cc(NCc2c(F)ccc(F)c2F)c(F)c(F)c1C(=O)Nc1cccc(-c2ncccn2)c1,6.264899,-6.6882563
110,mol7,-12.71,Cc1ccc(C(=O)Nc2ccc(C[N@H+]3CC[N@H+](C)CC3)c(C(F)(F)F)c2)cc1Nc1ncnn2cc(C(=O)N[C@@H](C)c3ccccc3)cc12,Cc1ccc(C(=O)Nc2ccc(C[N@H+]3CC[N@H+](C)CC3)c(C(F)(F)F)c2)cc1Nc1ncnn2cc(C(=O)N[C@@H](C)c3ccccc3)cc12,6.9630065,-3.9037082
160,mol215,-12.71,Cc1cc(C#N)ccc1-c1ccc2c(-c3ccc(S(=O)(=O)N(Cc4ccccc4)Cc4ccccc4)cc3)n[nH]c2c1,Cc1cc(C#N)ccc1-c1ccc2c(-c3ccc(S(=O)(=O)N(Cc4ccccc4)Cc4ccccc4)cc3)n[nH]c2c1,6.2149067,-7.0208755
660,mol453,-12.71,NC(N)c1cccc(CNC(=O)CN2CCC[C@@H](NC(=O)Nc3ccc4ccc(C(=O)O)cc4c3)C2=O)c1,NC(N)c1cccc(CNC(=O)CN2CCC[C@@H](NC(=O)Nc3ccc4ccc(C(=O)O)cc4c3)C2=O)c1,6.9310164,-2.7650013
400,mol137,-12.71,Cc1cc(C(=O)Nc2ccc(Nc3ccnc4ccc(N)cc34)cc2)cc(C(=O)O)c1O,Cc1cc(C(=O)Nc2ccc(Nc3ccnc4ccc(N)cc34)cc2)cc(C(=O)O)c1O,6.3862534,-5.3240237
480,mol307,-12.71,CN(c1ccc(-c2ccc(C(=O)Nc3ccc4c(c3)CCC4)cc2)cc1)S(=O)(=O)c1ccc(C(=O)O)cc1,CN(c1ccc(-c2ccc(C(=O)Nc3ccc4c(c3)CCC4)cc2)cc1)S(=O)(=O)c1ccc(C(=O)O)cc1,6.426655,-5.869912
390,mol200,-12.71,CN(CCOc1ccc(-c2ccc(NC(=O)c3ccc4ccccc4n3)cc2)cc1)C(=O)NCCO,CN(CCOc1ccc(-c2ccc(NC(=O)c3ccc4ccccc4n3)cc2)cc1)C(=O)NCCO,6.2066336,-4.7266603
330,mol236,-12.71,Nc1ncc(-c2ccc(C(=O)Nc3cc(C(F)(F)F)ccc3Cl)cc2)cc1-c1cc(S(=O)(=O)NC(=O)c2cccc(N3CCOCC3)c2)ccc1Cl,Nc1ncc(-c2ccc(C(=O)Nc3cc(C(F)(F)F)ccc3Cl)cc2)cc1-c1cc(S(=O)(=O)NC(=O)c2cccc(N3CCOCC3)c2)ccc1Cl,6.8243546,-6.2589765
490,mol10,-12.71,COC(=O)Nc1ccc(F)c(C(=O)Nc2ccc(-c3cc4ccc(C(=O)O)cc4[nH]3)cc2)c1,COC(=O)Nc1ccc(F)c(C(=O)Nc2ccc(-c3cc4ccc(C(=O)O)cc4[nH]3)cc2)c1,6.653769,-6.205823
940,mol285,-12.71,CNC(=O)c1ccc(Nc2cc3nc(-c4cccc(C(=O)NCCN=C(N)N)c4)[nH]c3cn2)cc1,CNC(=O)c1ccc(Nc2cc3nc(-c4cccc(C(=O)NCCN=C(N)N)c4)[nH]c3cn2)cc1,6.8004208,-3.3866284
350,mol369,-12.71,Cc1cc(Nc2nccc(Nc3ccc4c(N)nccc4c3)n2)cc(N2CCCC2=O)c1,Cc1cc(Nc2nccc(Nc3ccc4c(N)nccc4c3)n2)cc(N2CCCC2=O)c1,6.3036,-4.3224063
100,mol379,-12.71,Cc1ccccc1-c1ccc2c(Nc3ccc(C(F)(F)F)cc3)ncnc2c1,Cc1ccccc1-c1ccc2c(Nc3ccc(C(F)(F)F)cc3)ncnc2c1,6.4833684,-6.5826716
20,mol42,-12.71,c1ccc(-c2nc(Cc3nc4ccccc4[nH]3)[nH]c2-c2ccc(OCc3ccnc4ccccc34)cc2)cc1,c1ccc(-c2nc(Cc3nc4ccccc4[nH]3)[nH]c2-c2ccc(OCc3ccnc4ccccc34)cc2)cc1,5.6917048,-6.8599815
80,mol498,-12.71,C[C@@H](c1ccccc1)n1nc(-c2ccnc(Nc3cccc4ccccc34)n2)c2ccccc21,C[C@@H](c1ccccc1)n1nc(-c2ccnc(Nc3cccc4ccccc34)n2)c2ccccc21,6.2843723,-6.2302237
100,mol12,-12.71,Cc1cc(NC(=O)c2ccc([C@H]3CC[C@@H](CC(=O)O)C3)cc2Cl)ccc1-n1cnc2ccc(C#N)nc21,Cc1cc(NC(=O)c2ccc([C@H]3CC[C@@H](CC(=O)O)C3)cc2Cl)ccc1-n1cnc2ccc(C#N)nc21,7.541378,-6.352578
560,mol243,-12.71,CN(C(=O)c1ccc(Nc2ccc3ccccc3n2)cc1)c1ccc(N2CCC(=Cc3ccccc3)CC2)cc1,CN(C(=O)c1ccc(Nc2ccc3ccccc3n2)cc1)c1ccc(N2CCC(=Cc3ccccc3)CC2)cc1,5.842931,-6.447709
230,mol420,-12.71,Cc1ccc(NC(=O)c2cccc(C(F)(F)F)c2)cc1Nc1ncnn2cc(C(=O)c3cccc(C#N)c3)cc12,Cc1ccc(NC(=O)c2cccc(C(F)(F)F)c2)cc1Nc1ncnn2cc(C(=O)c3cccc(C#N)c3)cc12,6.2924657,-6.888366
880,mol43,-12.71,CCCc1ccc(-c2ccc(C(=O)Nc3ccc4ccccc4c3)cc2)cc1,CCCc1ccc(-c2ccc(C(=O)Nc3ccc4ccccc4c3)cc2)cc1,5.8655972,-6.862914
850,mol154,-12.71,Cc1ccc(-n2nc(C(=O)Nc3cccc(C(=O)Nc4cccc(Oc5ccccc5)c4)c3)cc2NC(=O)Nc2ccc(Oc3ccncc3)cc2)cc1,Cc1ccc(-n2nc(C(=O)Nc3cccc(C(=O)Nc4cccc(Oc5ccccc5)c4)c3)cc2NC(=O)Nc2ccc(Oc3ccncc3)cc2)cc1,6.6061554,-7.225059
370,mol313,-12.71,Cc1ccc(C(=O)Nc2ccc(C(=O)Nc3ccc(S(N)(=O)=O)cc3)cc2C(=O)O)cc1,Cc1ccc(C(=O)Nc2ccc(C(=O)Nc3ccc(S(N)(=O)=O)cc3)cc2C(=O)O)cc1,6.434217,-5.115337
500,mol408,-12.71,Cc1cc(C(=O)Nc2ccc(NC(=O)c3ccccc3)cc2)ccc1CCCC1=C2C(=CC(OCC(=O)O)=C2Cl)CCCC1,Cc1cc(C(=O)Nc2ccc(NC(=O)c3ccccc3)cc2)ccc1CCCC1=C2C(=CC(OCC(=O)O)=C2Cl)CCCC1,7.0973783,-6.710929
370,mol103,-12.71,Cc1cc(C(=O)Nc2ccc(Oc3ccc4nn(C)cc4c3)cc2)cc(N2CCCC2=O)c1,Cc1cc(C(=O)Nc2ccc(Oc3ccc4nn(C)cc4c3)cc2)cc(N2CCCC2=O)c1,6.056346,-5.881256
700,mol443,-12.71,Cc1ccc(NC(=O)c2ccc(OCc3ccc4ccccc4n3)cc2)cc1NC(=O)c1ccc(C(=O)O)cc1,Cc1ccc(NC(=O)c2ccc(OCc3ccc4ccccc4n3)cc2)cc1NC(=O)c1ccc(C(=O)O)cc1,6.551041,-6.3193846
390,mol46,-12.71,CC(=O)Nc1ccc(CC(=O)Oc2ccc(-c3ccc4ccc(C(N)N)cc4n3)cc2C(F)(F)F)cc1,CC(=O)Nc1ccc(CC(=O)Oc2ccc(-c3ccc4ccc(C(N)N)cc4n3)cc2C(F)(F)F)cc1,6.2556124,-6.6007595
270,mol483,-12.71,Cc1ccc(C(=O)Nc2ccc(C(=O)Nc3ccc(C(=O)N[C@@H](Cc4ccccc4)C(=O)O)cc3)cc2)c(C)c1,Cc1ccc(C(=O)Nc2ccc(C(=O)Nc3ccc(C(=O)N[C@@H](Cc4ccccc4)C(=O)O)cc3)cc2)c(C)c1,6.47853,-5.960891
860,mol451,-12.71,Cc1ccc(C(=O)Nc2cccc(CC(=O)O)c2)cc1-c1ccc(Nc2cc(N)ncn2)cc1,Cc1ccc(C(=O)Nc2cccc(CC(=O)O)c2)cc1-c1ccc(Nc2cc(N)ncn2)cc1,6.5543103,-5.8477244
670,mol390,-12.71,CC(=O)Nc1cccc(-c2cccc(Nc3nccc(-c4cccnc4)n3)c2)c1,CC(=O)Nc1cccc(-c2cccc(Nc3nccc(-c4cccnc4)n3)c2)c1,6.4734383,-5.457297
580,mol55,-12.71,Cc1ccc(Nc2cccc(CNc3cccc(NC(=O)c4ccccc4)c3)c2)c(C(=O)O)c1,Cc1ccc(Nc2cccc(CNc3cccc(NC(=O)c4ccccc4)c3)c2)c(C(=O)O)c1,5.9214535,-6.290859
810,mol432,-12.7,COc1cccc(C(=O)Nc2ccc(C(=O)c3ccccc3NC(=O)c3ccc4ccccc4c3)cc2)c1,COc1cccc(C(=O)Nc2ccc(C(=O)c3ccccc3NC(=O)c3ccc4ccccc4c3)cc2)c1,5.876344,-7.227362
410,mol277,-12.7,Cc1nc(N)ccc1-c1ccc(Nc2nc(NCc3ccc(Cc4ccccc4)cc3)c3nc[nH]c3n2)cc1,Cc1nc(N)ccc1-c1ccc(Nc2nc(NCc3ccc(Cc4ccccc4)cc3)c3nc[nH]c3n2)cc1,5.8184524,-6.672719
240,mol307,-12.7,Cc1ccc(F)cc1-c1ccc(C(=O)Nc2ccc(C[N@H+]3CC[N@H+](C)CC3)cc2)cc1,Cc1ccc(F)cc1-c1ccc(C(=O)Nc2ccc(C[N@H+]3CC[N@H+](C)CC3)cc2)cc1,6.470305,-3.238513
820,mol227,-12.7,COc1cccc(C(=O)Nc2ccc(-c3ccc4nc(N)ccc4c3)cc2)c1,COc1cccc(C(=O)Nc2ccc(-c3ccc4nc(N)ccc4c3)cc2)c1,6.124001,-5.6688466
910,mol480,-12.7,CN(O)C(=O)COc1ccc(-c2ccc(Oc3ccc(-c4nc5ccccc5c(=O)[nH]4)cc3)cc2)cc1,CN(O)C(=O)COc1ccc(-c2ccc(Oc3ccc(-c4nc5ccccc5c(=O)[nH]4)cc3)cc2)cc1,6.283888,-6.8714576
550,mol280,-12.7,Cc1cccc(-c2nc(N)nc(-c3cccc4ccccc34)n2)c1,Cc1cccc(-c2nc(N)nc(-c3cccc4ccccc34)n2)c1,6.050238,-5.1047463
550,mol352,-12.7,Cc1cc(Nc2cc(N)ncn2)ccc1-c1ccc(OCc2ccc(OCc3ccccc3)cc2)cc1,Cc1cc(Nc2cc(N)ncn2)ccc1-c1ccc(OCc2ccc(OCc3ccccc3)cc2)cc1,5.992467,-7.2888274
800,mol37,-12.7,Cc1cc(NC(=O)c2cccc(NC(=O)c3ccc4ncccc4c3)c2)cc(N2CCCCC2)c1,Cc1cc(NC(=O)c2cccc(NC(=O)c3ccc4ncccc4c3)c2)cc(N2CCCCC2)c1,6.1685967,-6.0965695
210,mol425,-12.7,Cc1ccc(Oc2cccc(-c3cc(-c4ccc(C(N)N)cc4)[nH]n3)c2)cc1,Cc1ccc(Oc2cccc(-c3cc(-c4ccc(C(N)N)cc4)[nH]n3)c2)cc1,6.0129037,-5.865868
390,mol290,-12.7,Cc1ccc(CNC(=O)c2cccc(C(=O)Nc3ccc(C)c(Cc4cnc5nc(N)ncc5c4)c3)c2)cc1,Cc1ccc(CNC(=O)c2cccc(C(=O)Nc3ccc(C)c(Cc4cnc5nc(N)ncc5c4)c3)c2)cc1,6.7850804,-6.01417
640,mol391,-12.7,Cc1ccc(NC(=O)c2cccc(C(F)(F)F)c2)cc1-c1ccc2c(Nc3ccncn3)ncnc2n1,Cc1ccc(NC(=O)c2cccc(C(F)(F)F)c2)cc1-c1ccc2c(Nc3ccncn3)ncnc2n1,6.423386,-6.2027693
460,mol462,-12.7,NC(N)c1ccc(Oc2cccc(Oc3cccc4cc(C(=O)O)ccc34)c2)cc1,NC(N)c1ccc(Oc2cccc(Oc3cccc4cc(C(=O)O)ccc34)c2)cc1,6.8235893,-5.8333707
280,mol367,-12.7,Cc1ccccc1C(=O)Nc1ccc(Cl)c(C(=O)Nc2cccc(C(=O)Nc3ccccn3)c2)c1,Cc1ccccc1C(=O)Nc1ccc(Cl)c(C(=O)Nc2cccc(C(=O)Nc3ccccn3)c2)c1,6.047969,-6.83032
390,mol314,-12.7,Cc1ccc(-c2cc(Nc3cccc(C(=O)NCc4cccc(C(=O)O)c4)c3)ccn2)cc1,Cc1ccc(-c2cc(Nc3cccc(C(=O)NCc4cccc(C(=O)O)c4)c3)ccn2)cc1,6.026266,-5.873939
40,mol100,-12.7,c1ccc(Cc2cncc(N3CCN(c4nccc(-c5cccnc5)n4)CC3)c2)cc1,c1ccc(Cc2cncc(N3CCN(c4nccc(-c5cccnc5)n4)CC3)c2)cc1,6.4271455,-4.0405307
950,mol3,-12.7,COc1ccc(C(=O)Nc2ccc(-c3ccc4cc(C(=O)O)ccc4n3)cc2)cc1OC,COc1ccc(C(=O)Nc2ccc(-c3ccc4cc(C(=O)O)ccc4n3)cc2)cc1OC,5.784849,-6.24954
420,mol354,-12.7,Cc1ccc(Nc2ncc(C(=O)Nc3ccc(C(=O)Nc4nnn[nH]4)cc3)s2)cc1NC(=O)c1cnccn1,Cc1ccc(Nc2ncc(C(=O)Nc3ccc(C(=O)Nc4nnn[nH]4)cc3)s2)cc1NC(=O)c1cnccn1,6.595786,-5.609493
180,mol327,-12.7,Cc1cc(NC(=O)c2cc(-c3ccc(C(=O)Nc4cc(C(=O)O)ccn4)cc3)cnc2N)ccn1,Cc1cc(NC(=O)c2cc(-c3ccc(C(=O)Nc4cc(C(=O)O)ccn4)cc3)cnc2N)ccn1,6.8088236,-5.662409
880,mol316,-12.7,CC(=O)Nc1cccc(-c2cccc(Nc3ccc(NC(=O)c4ccccc4)cc3)c2)c1,CC(=O)Nc1cccc(-c2cccc(Nc3ccc(NC(=O)c4ccccc4)cc3)c2)c1,5.880466,-6.5482144
190,mol97,-12.7,Cc1ccc(-c2ccc(NC(=O)c3ccc(C(=O)c4ccccc4C(=O)O)cc3C(=O)O)cc2)cc1,Cc1ccc(-c2ccc(NC(=O)c3ccc(C(=O)c4ccccc4C(=O)O)cc3C(=O)O)cc2)cc1,6.2597513,-5.891543
290,mol160,-12.7,Cc1ccccc1NC(=O)Nc1ccc2c(c1)CC[C@H]2OC(=O)c1ccc([N+](=O)[O-])cc1,Cc1ccccc1NC(=O)Nc1ccc2c(c1)CC[C@H]2OC(=O)c1ccc([N+](=O)[O-])cc1,6.2941947,-6.7728
260,mol495,-12.7,Cc1ccc(C(=O)Nc2ccc(C(=O)Nc3ccc4ccncc4c3)cc2)cc1,Cc1ccc(C(=O)Nc2ccc(C(=O)Nc3ccc4ccncc4c3)cc2)cc1,6.351182,-5.8034954
350,mol17,-12.7,Cc1ccc(C(=O)Nc2cccc(C(=O)O)c2)cc1Nc1ncnn2cc(-c3c(F)cccc3F)cc12,Cc1ccc(C(=O)Nc2cccc(C(=O)O)c2)cc1Nc1ncnn2cc(-c3c(F)cccc3F)cc12,6.7107825,-6.0362067
890,mol138,-12.7,CC(=O)Nc1ccc(Oc2ccc(NC(=O)c3cc4ccc(C(N)N)cc4[nH]3)cc2)cc1,CC(=O)Nc1ccc(Oc2ccc(NC(=O)c3cc4ccc(C(N)N)cc4[nH]3)cc2)cc1,6.2653,-5.7236075
200,mol221,-12.7,Cc1cc(NC(=O)c2ccccn2)nn1-c1ccc(NC(=O)c2cccc3ccccc23)cc1,Cc1cc(NC(=O)c2ccccn2)nn1-c1ccc(NC(=O)c2cccc3ccccc23)cc1,6.131812,-6.6055927
320,mol354,-12.7,Cc1ccc(C(=O)Nc2ccc(C(=O)Nc3cccc4ccncc34)cc2)cc1,Cc1ccc(C(=O)Nc2ccc(C(=O)Nc3cccc4ccncc34)cc2)cc1,6.2938385,-6.0744586
190,mol99,-12.7,Cc1cc(Cc2cnc(Nc3cccc(C(=O)NCc4cc(C(N)=O)cc(C(N)N)n4)c3)o2)cc(C(=O)O)c1,Cc1cc(Cc2cnc(Nc3cccc(C(=O)NCc4cc(C(N)=O)cc(C(N)N)n4)c3)o2)cc(C(=O)O)c1,6.923118,-3.197417
110,mol278,-12.7,Cc1ccc(NC(=O)c2cc(Cn3ccc(NC(=O)c4csc5ccccc45)cc3=O)cnc2Cl)cc1,Cc1ccc(NC(=O)c2cc(Cn3ccc(NC(=O)c4csc5ccccc45)cc3=O)cnc2Cl)cc1,6.701863,-6.620327
300,mol298,-12.7,O=C(NCc1ccccc1)c1ccc(Nc2cc(-c3cccc4ccccc34)cc3ccccc23)nc1,O=C(NCc1ccccc1)c1ccc(Nc2cc(-c3cccc4ccccc34)cc3ccccc23)nc1,6.158881,-7.32712
300,mol443,-12.7,Cc1nc(NC(=O)c2cccc(S(=O)(=O)Nc3cccc(C(=O)O)c3)c2)sc1C(=O)Nc1ccc(Cl)c(Cl)c1,Cc1nc(NC(=O)c2cccc(S(=O)(=O)Nc3cccc(C(=O)O)c3)c2)sc1C(=O)Nc1ccc(Cl)c(Cl)c1,6.8751316,-5.9702663
360,mol21,-12.7,Cc1cc(Cn2cc(-c3ccc(Oc4ccccc4)cc3)c3ccccc32)cc(C(=O)Nc2ncc(C(=O)Nc3ccccc3)s2)n1,Cc1cc(Cn2cc(-c3ccc(Oc4ccccc4)cc3)c3ccccc32)cc(C(=O)Nc2ncc(C(=O)Nc3ccccc3)s2)n1,6.4737678,-6.943844
510,mol75,-12.7,Cc1ccc(C(=O)Nc2cccc(-c3nnc(Nc4cccc(C(=O)O)c4)s3)c2)cc1,Cc1ccc(C(=O)Nc2cccc(-c3nnc(Nc4cccc(C(=O)O)c4)s3)c2)cc1,5.9049563,-5.585105
900,mol175,-12.7,COc1ccccc1-c1ccc(C(=O)NCCc2ccc3ccccc3c2)cc1,COc1ccccc1-c1ccc(C(=O)NCCc2ccc3ccccc3c2)cc1,5.8329606,-6.5257697
380,mol314,-12.69,Cc1ccc(C(=O)Nc2ccc(C(=O)Nc3ccccc3)cc2)cc1NC(=O)c1ccc(Cl)cc1,Cc1ccc(C(=O)Nc2ccc(C(=O)Nc3ccccc3)cc2)cc1NC(=O)c1ccc(Cl)cc1,6.190481,-6.781497
870,mol139,-12.69,CC[C@H](C)[C@H](NS(=O)(=O)Cc1ccc(-c2ccc(NC(=O)c3cc4ccccc4o3)cc2)cc1)C(=O)NO,CC[C@H](C)[C@H](NS(=O)(=O)Cc1ccc(-c2ccc(NC(=O)c3cc4ccccc4o3)cc2)cc1)C(=O)NO,6.8090653,-5.976593
190,mol473,-12.69,Cc1ccnc(Cn2cc(-c3cc(-c4cccc(C(=O)Nc5cccc(C(F)(F)F)c5)c4)[nH]n3)cn2)c1,Cc1ccnc(Cn2cc(-c3cc(-c4cccc(C(=O)Nc5cccc(C(F)(F)F)c5)c4)[nH]n3)cn2)c1,6.367114,-6.416448
170,mol85,-12.69,Cc1ccc(C(=O)Nc2ccc(CCc3ccc(NC(=O)c4ccc(C(=O)NO)cc4)cc3)cc2)o1,Cc1ccc(C(=O)Nc2ccc(CCc3ccc(NC(=O)c4ccc(C(=O)NO)cc4)cc3)cc2)o1,6.4547253,-6.7567163
390,mol429,-12.69,Cc1ccc(C(=O)Nc2ccc(-c3c4c(nc5ccccc35)CCC4)cc2)cc1,Cc1ccc(C(=O)Nc2ccc(-c3c4c(nc5ccccc35)CCC4)cc2)cc1,6.0170836,-6.9545293
660,mol442,-12.69,CNC(=O)c1ccccc1-c1ccc(C(=O)c2cccc(NS(=O)(=O)c3cccc4ccccc34)c2)cc1,CNC(=O)c1ccccc1-c1ccc(C(=O)c2cccc(NS(=O)(=O)c3cccc4ccccc34)c2)cc1,6.336849,-6.559198
330,mol426,-12.69,Cc1cc(Nc2nc(Nc3ccc4ccccc4n3)cc(OCc3cccc(C(=O)Nc4ccc(C(=O)O)cc4)c3)n2)ccc1OC(F)F,Cc1cc(Nc2nc(Nc3ccc4ccccc4n3)cc(OCc3cccc(C(=O)Nc4ccc(C(=O)O)cc4)c3)n2)ccc1OC(F)F,6.443637,-6.775617
370,mol416,-12.69,FC(F)(F)c1cccc(Cn2cc(-c3ccc(-c4ccc5ccccc5n4)cc3)nn2)c1,FC(F)(F)c1cccc(Cn2cc(-c3ccc(-c4ccc5ccccc5n4)cc3)nn2)c1,5.635313,-6.0971546
230,mol171,-12.69,[H][P@TB2](O)(O)(O)OC(=O)c1ccc(C)c(NC(=O)c2ccc(Nc3ccc4c(c3)Cc3ccccc3-4)cc2)c1,[H][P@TB2](O)(O)(O)OC(=O)c1ccc(C)c(NC(=O)c2ccc(Nc3ccc4c(c3)Cc3ccccc3-4)cc2)c1,6.4090714,-6.567576
610,mol340,-12.69,Cc1ccc(NC(=O)c2cccc(Cc3n[nH]c(=O)c4ccccc34)c2)cc1NC(=O)c1ccc(C#N)cc1,Cc1ccc(NC(=O)c2cccc(Cc3n[nH]c(=O)c4ccccc34)c2)cc1NC(=O)c1ccc(C#N)cc1,6.5911484,-6.7121983
420,mol446,-12.69,[H]/N=C1/[NH2+]c2ccccc2C2=C[C@H](C(=O)Nc3ccc(Oc4ccc(C)cc4)cc3)c3ccccc3C[C@@H]21,[H]/N=C1/[NH2+]c2ccccc2C2=C[C@H](C(=O)Nc3ccc(Oc4ccc(C)cc4)cc3)c3ccccc3C[C@@H]21,6.009266,-6.745198
940,mol459,-12.69,CCC(=O)Nc1cccc(-c2ccc(NC(=O)c3cc4ccccc4o3)cc2)c1,CCC(=O)Nc1cccc(-c2ccc(NC(=O)c3cc4ccccc4o3)cc2)c1,6.093369,-6.2984695
170,mol257,-12.69,Cc1ccc(-c2cc(NC(=O)c3cccc(Nc4cccc(C(=O)Nc5ccccc5[NH+](C)C)c4C)c3)n(C)n2)cc1,Cc1ccc(-c2cc(NC(=O)c3cccc(Nc4cccc(C(=O)Nc5ccccc5[NH+](C)C)c4C)c3)n(C)n2)cc1,6.1194715,-6.501385
190,mol358,-12.69,Cc1ccc(-n2nc(C(C)(C)C)cc2NC(=O)Nc2ccc(Oc3ccc(NC(=O)c4cccc(Cl)c4)cc3)cc2)cc1,Cc1ccc(-n2nc(C(C)(C)C)cc2NC(=O)Nc2ccc(Oc3ccc(NC(=O)c4cccc(Cl)c4)cc3)cc2)cc1,6.354962,-7.402589
930,mol366,-12.69,CNc1cc(-c2cccnc2Oc2ccc(NC(=O)Nc3ccc(C(C)C)c(C(=O)O)c3)cc2)ccn1,CNc1cc(-c2cccnc2Oc2ccc(NC(=O)Nc3ccc(C(C)C)c(C(=O)O)c3)cc2)ccn1,6.8858285,-5.9372573
460,mol264,-12.69,NC(N)Nc1ccc(C(=O)Nc2cccc(Oc3ccc4ccccc4c3)c2)cc1,NC(N)Nc1ccc(C(=O)Nc2cccc(Oc3ccc4ccccc4c3)c2)cc1,6.1161585,-6.37677
190,mol312,-12.69,Cc1cccc(-c2nc(Nc3ccc(C(=O)NCc4ccccc4)cc3)ncc2F)c1,Cc1cccc(-c2nc(Nc3ccc(C(=O)NCc4ccccc4)cc3)ncc2F)c1,6.4027267,-6.433626
620,mol480,-12.69,Cc1c(-c2ncc(C(=O)Nc3ccc(C(=O)NCc4ccccc4)cc3)s2)ccc(C(=O)O)c1O,Cc1c(-c2ncc(C(=O)Nc3ccc(C(=O)NCc4ccccc4)cc3)s2)ccc(C(=O)O)c1O,6.402458,-5.898615
90,mol13,-12.69,c1ccc(-c2nnc(CCc3ccc(Nc4cccc5ccccc45)cc3)o2)cc1,c1ccc(-c2nnc(CCc3ccc(Nc4cccc5ccccc45)cc3)o2)cc1,5.779462,-6.5846143
920,mol120,-12.69,CN(c1ccc(Oc2ccccc2)cc1)c1cccc(-c2nc3ccccc3n2Cc2ccccc2)c1,CN(c1ccc(Oc2ccccc2)cc1)c1cccc(-c2nc3ccccc3n2Cc2ccccc2)c1,5.919817,-7.008323
220,mol63,-12.69,Cc1ccc(NC(=O)c2ccc(C[N@H+]3CC[N@@H+](C)CC3)cc2)cc1-c1ccc(NC(=O)Nc2cccc([N+](=O)[O-])c2)cc1,Cc1ccc(NC(=O)c2ccc(C[N@H+]3CC[N@@H+](C)CC3)cc2)cc1-c1ccc(NC(=O)Nc2cccc([N+](=O)[O-])c2)cc1,6.860489,-4.917684
300,mol185,-12.69,CN(c1cccc(-c2cccc(C[C@H](NS(=O)(=O)c3cccc(-c4ccccc4Cl)c3)C(=O)O)c2)c1)S(C)(=O)=O,CN(c1cccc(-c2cccc(C[C@H](NS(=O)(=O)c3cccc(-c4ccccc4Cl)c3)C(=O)O)c2)c1)S(C)(=O)=O,5.6561246,-5.5401855
230,mol53,-12.69,Cc1cccc(C(=O)Nc2cccc(-c3nc(Nc4ccc(Oc5ccccc5)cc4)c4ccccc4n3)c2)c1,Cc1cccc(C(=O)Nc2cccc(-c3nc(Nc4ccc(Oc5ccccc5)cc4)c4ccccc4n3)c2)c1,5.758605,-6.907828
260,mol489,-12.69,Cc1cccc(-n2nc(C(=O)Nc3ccc(S(=O)(=O)Nc4ccccc4)cc3)cc2-c2ccc3ccccc3c2)n1,Cc1cccc(-n2nc(C(=O)Nc3ccc(S(=O)(=O)Nc4ccccc4)cc3)cc2-c2ccc3ccccc3c2)n1,6.202931,-6.9905634
450,mol193,-12.69,Cc1cc(C(=O)Nc2ccc(Oc3ccc4nc(N)ncc4c3)cc2)cc(N2CCCC2=O)c1,Cc1cc(C(=O)Nc2ccc(Oc3ccc4nc(N)ncc4c3)cc2)cc(N2CCCC2=O)c1,6.409567,-5.327988
920,mol53,-12.69,CC(=O)NCC(=O)Nc1ccc(Oc2nccc(Nc3cccc(C(=O)Nc4cccc(C(=O)N(C)C)c4)c3)n2)cc1,CC(=O)NCC(=O)Nc1ccc(Oc2nccc(Nc3cccc(C(=O)Nc4cccc(C(=O)N(C)C)c4)c3)n2)cc1,6.746154,-5.5816746
580,mol474,-12.69,Cc1ccn(-c2cccc(C(=O)Nc3cccc(-c4ccccc4)c3)c2)c(=O)c1O,Cc1ccn(-c2cccc(C(=O)Nc3cccc(-c4ccccc4)c3)c2)c(=O)c1O,6.191131,-5.7490416
740,mol98,-12.69,Cc1cccc(C(=O)Nc2ccc(C(=O)c3cccc(C(=O)O)c3)cc2C(=O)O)c1,Cc1cccc(C(=O)Nc2ccc(C(=O)c3cccc(C(=O)O)c3)cc2C(=O)O)c1,6.476672,-5.2435913
210,mol474,-12.69,Oc1ccc(CC/C=C\c2ccc(-c3ccccc3/C=C\c3ccc(NCc4ccccc4)cc3)c3ccccc23)cc1,Oc1ccc(CC/C=C\c2ccc(-c3ccccc3/C=C\c3ccc(NCc4ccccc4)cc3)c3ccccc23)cc1,5.83583,-6.4514747
580,mol25,-12.69,Cc1c(Nc2cccc(C(F)(F)F)n2)ccc2ncc(C(=O)Nc3ccc(Oc4ccncc4)cc3)cc12,Cc1c(Nc2cccc(C(F)(F)F)n2)ccc2ncc(C(=O)Nc3ccc(Oc4ccncc4)cc3)cc12,6.061576,-7.2031965
510,mol288,-12.69,Cc1ccc(NC(=O)c2cc(C(F)(F)F)cc(C(F)(F)F)c2)cc1Nc1ncnn2cc(NC(=O)c3cccnc3)cc12,Cc1ccc(NC(=O)c2cc(C(F)(F)F)cc(C(F)(F)F)c2)cc1Nc1ncnn2cc(NC(=O)c3cccnc3)cc12,6.5556335,-6.7270966
840,mol125,-12.69,Cc1cc(C(=O)Nc2cccc(Oc3ccnc4cc(C(N)N)ccc34)c2)ccn1,Cc1cc(C(=O)Nc2cccc(Oc3ccnc4cc(C(N)N)ccc34)c2)ccn1,6.524391,-5.1342134
420,mol16,-12.69,Cc1ccc(C(=O)Nc2ccc(C(=O)Nc3ccc(C(=O)O)cc3)cc2)cc1NS(=O)(=O)c1cc(F)cc(F)c1,Cc1ccc(C(=O)Nc2ccc(C(=O)Nc3ccc(C(=O)O)cc3)cc2)cc1NS(=O)(=O)c1cc(F)cc(F)c1,6.8193026,-5.5346165
640,mol292,-12.69,Cc1cc(=O)[nH]c(SCC(=O)Nc2cccc(Cc3cccc(NC(=O)c4cccc([N+](=O)[O-])c4)c3)c2)n1,Cc1cc(=O)[nH]c(SCC(=O)Nc2cccc(Cc3cccc(NC(=O)c4cccc([N+](=O)[O-])c4)c3)c2)n1,6.737437,-6.796338
570,mol5,-12.69,Cc1ccc(C(=O)Nc2cccc(-c3nc(Nc4cccc(S(C)(=O)=O)c4)c[nH]3)c2)cc1,Cc1ccc(C(=O)Nc2cccc(-c3nc(Nc4cccc(S(C)(=O)=O)c4)c[nH]3)c2)cc1,6.476432,-5.9716663
360,mol409,-12.69,Cc1ccc(NC(=O)c2ccc(-c3ccc(CC(N)=O)cc3)o2)cc1Nc1nccc(-c2cccnc2)n1,Cc1ccc(NC(=O)c2ccc(-c3ccc(CC(N)=O)cc3)o2)cc1Nc1nccc(-c2cccnc2)n1,6.404946,-6.0853977
970,mol174,-12.69,Cc1ccc(-c2ccc(NC(=O)c3cccc(Cc4ccccc4)c3)cc2)cc1,Cc1ccc(-c2ccc(NC(=O)c3cccc(Cc4ccccc4)c3)cc2)cc1,5.821605,-7.1175556
840,mol377,-12.69,Cc1ccc(-c2ccc(NC(=O)c3cc4ccccc4o3)cc2)cc1,Cc1ccc(-c2ccc(NC(=O)c3cc4ccccc4o3)cc2)cc1,5.960596,-6.50345
980,mol13,-12.68,Cc1ccc(C(=O)Nc2ccc(Oc3ccccc3)cc2)cc1Nc1ccnc(Nc2cccc(C(=O)O)c2)n1,Cc1ccc(C(=O)Nc2ccc(Oc3ccccc3)cc2)cc1Nc1ccnc(Nc2cccc(C(=O)O)c2)n1,6.355577,-6.3773265
180,mol351,-12.68,CNC(=O)c1cc(Oc2ccc(NC(=O)Nc3ccc(Oc4ccccc4)cc3C(F)(F)F)cc2)ccn1,CNC(=O)c1cc(Oc2ccc(NC(=O)Nc3ccc(Oc4ccccc4)cc3C(F)(F)F)cc2)ccn1,6.240788,-7.0549073
50,mol223,-12.68,N[C@@H]1N[C@@](c2ccccc2)(c2ccc(-c3ccc(OCc4nccn4Cc4ccccc4)nc3)cc2)CO1,N[C@@H]1N[C@@](c2ccccc2)(c2ccc(-c3ccc(OCc4nccn4Cc4ccccc4)nc3)cc2)CO1,6.090238,-5.058123
920,mol199,-12.68,C[C@@H](NC(=O)OCc1ccccc1)c1cccc(-c2cccc(CNC(=O)c3cc4ccncc4s3)c2)c1,C[C@@H](NC(=O)OCc1ccccc1)c1cccc(-c2cccc(CNC(=O)c3cc4ccncc4s3)c2)c1,6.6047606,-6.3820887
370,mol44,-12.68,Cn1c(-c2ccc(NC(=O)Nc3ccccc3)cc2)cc(-c2ccc(NC(=O)Nc3cccc(C(F)(F)F)c3)cc2)c1Cc1ccc(-c2ccccc2)cc1,Cn1c(-c2ccc(NC(=O)Nc3ccccc3)cc2)cc(-c2ccc(NC(=O)Nc3cccc(C(F)(F)F)c3)cc2)c1Cc1ccc(-c2ccccc2)cc1,6.349008,-6.9065266
410,mol446,-12.68,COc1cc(-c2ccc(Nc3cccc(-c4cc(=O)c5ccccc5o4)c3)cc2)cc(OC)c1OC,COc1cc(-c2ccc(Nc3cccc(-c4cc(=O)c5ccccc5o4)c3)cc2)cc(OC)c1OC,5.225173,-7.222931
480,mol134,-12.68,Cn1c(Nc2ccc(C(=O)Nc3ccncc3)cc2)nc(-c2ccnc(Nc3ccnc(N)n3)c2)cc1=O,Cn1c(Nc2ccc(C(=O)Nc3ccncc3)cc2)nc(-c2ccnc(Nc3ccnc(N)n3)c2)cc1=O,6.6127577,-5.579427
790,mol382,-12.68,CC(=O)Nc1cccc(-c2cccc(NC(=O)c3ccc4ccccc4c3)c2)c1,CC(=O)Nc1cccc(-c2cccc(NC(=O)c3ccc4ccccc4c3)c2)c1,6.1050406,-6.5185275
160,mol222,-12.68,CS(=O)(=O)Nc1cc(NCc2ccc(C(=O)Nc3ccc(-c4ncccn4)cc3)c(N)c2)cc(N2C=CCCC2)c1,CS(=O)(=O)Nc1cc(NCc2ccc(C(=O)Nc3ccc(-c4ncccn4)cc3)c(N)c2)cc(N2C=CCCC2)c1,6.2683973,-5.699441
440,mol280,-12.68,Cc1ccc(-c2cnc(N)c(NCc3ccc4ccccc4c3)n2)cc1,Cc1ccc(-c2cnc(N)c(NCc3ccc4ccccc4c3)n2)cc1,6.30636,-5.3556027
760,mol116,-12.68,Cc1ccc(C(=O)Nc2cccc(C(F)(F)F)c2)cc1-c1ccc2nc(NC3CC3)ncc2c1,Cc1ccc(C(=O)Nc2cccc(C(F)(F)F)c2)cc1-c1ccc2nc(NC3CC3)ncc2c1,6.5489817,-6.706277
210,mol161,-12.68,Nc1cc(-c2ccc(NC(=O)Nc3cccc(C(=O)Oc4ccccc4)c3)cc2)ccc1C(=O)O,Nc1cc(-c2ccc(NC(=O)Nc3cccc(C(=O)Oc4ccccc4)c3)cc2)ccc1C(=O)O,6.271833,-6.5253115
390,mol47,-12.68,COC(=O)c1ccc(-c2cccc(C(=O)NCc3cccc(C(=O)NCc4cccc(C(=O)O)c4)c3)c2)cc1,COC(=O)c1ccc(-c2cccc(C(=O)NCc3cccc(C(=O)NCc4cccc(C(=O)O)c4)c3)c2)cc1,6.6831303,-5.4553113
330,mol367,-12.68,CNc1cc(CNc2ccc(NC(=O)NC(=O)Cc3cc(Nc4nccc(Cc5ccccc5)n4)ccc3C(F)(F)F)cc2F)ccn1,CNc1cc(CNc2ccc(NC(=O)NC(=O)Cc3cc(Nc4nccc(Cc5ccccc5)n4)ccc3C(F)(F)F)cc2F)ccn1,6.683831,-6.6236796
810,mol234,-12.68,Cc1ccc(Nc2ccc(C(=O)c3ccc4ncccc4c3)cc2)cc1NC(=O)c1ccc(C(C)(C)C)cc1,Cc1ccc(Nc2ccc(C(=O)c3ccc4ncccc4c3)cc2)cc1NC(=O)c1ccc(C(C)(C)C)cc1,6.040354,-6.521611
1000,mol270,-12.68,Cc1ccc(NC(=O)c2cccc(C(C)(C)C)c2)cc1Nc1ncnn2cc(-c3ccc(OC(C)C)cn3)cc2c1=O,Cc1ccc(NC(=O)c2cccc(C(C)(C)C)c2)cc1Nc1ncnn2cc(-c3ccc(OC(C)C)cn3)cc2c1=O,7.1054544,-7.126619
630,mol6,-12.68,Cc1ccc(NC(=O)c2cccc(C(O)(C(F)(F)F)C(F)(F)F)c2)cc1Nc1nccc2ccccc12,Cc1ccc(NC(=O)c2cccc(C(O)(C(F)(F)F)C(F)(F)F)c2)cc1Nc1nccc2ccccc12,6.653605,-6.5310264
430,mol487,-12.68,Cc1ccc(NC(=O)c2ccc(C(=O)NCc3ccccc3)cc2NC(=O)c2ccc(Nc3nc4ccccc4[nH]3)cc2)cc1Nc1ncccn1,Cc1ccc(NC(=O)c2ccc(C(=O)NCc3ccccc3)cc2NC(=O)c2ccc(Nc3nc4ccccc4[nH]3)cc2)cc1Nc1ncccn1,6.766895,-7.1982393
820,mol445,-12.68,C[C@@H](Cc1ccccc1)Nc1ccc(C(=O)c2cccc(NC(=O)c3ccc4ccccc4c3)c2)cn1,C[C@@H](Cc1ccccc1)Nc1ccc(C(=O)c2cccc(NC(=O)c3ccc4ccccc4c3)c2)cn1,6.1992764,-6.6061735
40,mol255,-12.68,Cn1c(Nc2cccc(C(F)(F)F)c2)nc2cc(NC(=O)Nc3ccc(Oc4ccnc(N)n4)cc3)ccc21,Cn1c(Nc2cccc(C(F)(F)F)c2)nc2cc(NC(=O)Nc3ccc(Oc4ccnc(N)n4)cc3)ccc21,6.609179,-6.631019
550,mol48,-12.68,CC(=O)Nc1ccc(CNC(=O)c2ccc(Cc3cc4ccc(C(N)N)cc4n3Cc3ccc(C(=O)O)cc3)cc2)cc1,CC(=O)Nc1ccc(CNC(=O)c2ccc(Cc3cc4ccc(C(N)N)cc4n3Cc3ccc(C(=O)O)cc3)cc2)cc1,6.6605687,-4.7759376
870,mol106,-12.68,CN(c1ccc(-c2cccc(C(=O)O)c2)cc1)S(=O)(=O)c1cccc(NC(=O)c2cccs2)c1,CN(c1ccc(-c2cccc(C(=O)O)c2)cc1)S(=O)(=O)c1cccc(NC(=O)c2cccs2)c1,6.5369487,-5.8720717
590,mol438,-12.68,Nc1ccc(-c2ccc(Cn3ccc(NC(=O)c4cccc(CCC(=O)O)c4)n3)cc2)cc1,Nc1ccc(-c2ccc(Cn3ccc(NC(=O)c4cccc(CCC(=O)O)c4)n3)cc2)cc1,6.4871063,-5.059436
120,mol238,-12.68,Cn1cc(-c2ccc(C(F)(F)F)c(NS(=O)(=O)c3ccc(-c4ccccc4)cc3)c2)cn1,Cn1cc(-c2ccc(C(F)(F)F)c(NS(=O)(=O)c3ccc(-c4ccccc4)cc3)c2)cn1,6.214419,-6.579614
320,mol449,-12.68,Cc1ccc(C(=O)Nc2ncc(-c3cccc(-c4ccccc4)c3)o2)cc1,Cc1ccc(C(=O)Nc2ncc(-c3cccc(-c4ccccc4)c3)o2)cc1,5.8671327,-6.8548026
280,mol225,-12.68,Cc1ccc(C(=O)Nc2ccc(C(N)N)cc2)cc1NS(=O)(=O)c1ccc(/C=C/c2ccccc2)cc1,Cc1ccc(C(=O)Nc2ccc(C(N)N)cc2)cc1NS(=O)(=O)c1ccc(/C=C/c2ccccc2)cc1,6.245535,-6.2211185
950,mol320,-12.68,C[C@@H](NS(=O)(=O)CC(F)(F)F)c1cccc(-c2ccc(NC(=O)c3cc4ccccc4o3)cc2)c1,C[C@@H](NS(=O)(=O)CC(F)(F)F)c1cccc(-c2ccc(NC(=O)c3cc4ccccc4o3)cc2)c1,6.7294965,-5.7352176
390,mol382,-12.68,Cc1ccc(NC(=O)c2cccc(C(=O)NCc3ccccc3)c2)cc1NC(=O)c1ccccc1,Cc1ccc(NC(=O)c2cccc(C(=O)NCc3ccccc3)c2)cc1NC(=O)c1ccccc1,5.956661,-6.306357
480,mol152,-12.68,COc1cc(Nc2cccc(O)c2)ccc1Nc1ncc(F)c(Nc2cccc(C(=O)NCc3ccccc3)c2)n1,COc1cc(Nc2cccc(O)c2)ccc1Nc1ncc(F)c(Nc2cccc(C(=O)NCc3ccccc3)c2)n1,6.024549,-6.596307
170,mol374,-12.68,Cc1ccc(C(=O)Nc2cccc(C(C)(C)C)c2)cc1NC(=O)c1ccc(NCc2ccccc2Cl)cc1,Cc1ccc(C(=O)Nc2cccc(C(C)(C)C)c2)cc1NC(=O)c1ccc(NCc2ccccc2Cl)cc1,6.232587,-6.8015265
540,mol374,-12.68,NC(N)c1cccc(-c2cccc(C(=O)N[C@H]3CCc4ccccc43)c2)c1,NC(N)c1cccc(-c2cccc(C(=O)N[C@H]3CCc4ccccc43)c2)c1,6.412385,-4.27827
520,mol123,-12.68,CNC(=O)Nc1ccc(Oc2cccc(Nc3ccc4ncc(C(=O)NC)nc4c3)c2)cc1,CNC(=O)Nc1ccc(Oc2cccc(Nc3ccc4ncc(C(=O)NC)nc4c3)c2)cc1,6.350582,-6.4605083
700,mol445,-12.68,Cc1ccc(-c2nccc(COc3cccc(C(=O)NCc4cccc(C(=O)NC5CCOCC5)c4)c3)n2)cc1,Cc1ccc(-c2nccc(COc3cccc(C(=O)NCc4cccc(C(=O)NC5CCOCC5)c4)c3)n2)cc1,6.823477,-6.619926
880,mol275,-12.68,CNC(=O)Nc1cccc(-c2ccc(-c3nc4cc(C(N)N)ccc4o3)cc2)c1,CNC(=O)Nc1cccc(-c2ccc(-c3nc4cc(C(N)N)ccc4o3)cc2)c1,6.563785,-5.0814986
80,mol429,-12.68,Cc1ccc(C(=O)Nc2cc(C(F)(F)F)cc(C(F)(F)F)c2)cc1S(=O)(=O)Nc1ccc2c(c1)CCC2,Cc1ccc(C(=O)Nc2cc(C(F)(F)F)cc(C(F)(F)F)c2)cc1S(=O)(=O)Nc1ccc2c(c1)CCC2,6.9096546,-6.4456906
810,mol156,-12.68,Cc1ccc(Nc2nc(N3CCC(C(=O)Nc4cccc(OC(F)(F)F)c4)CC3)nc3ccccc23)cc1,Cc1ccc(Nc2nc(N3CCC(C(=O)Nc4cccc(OC(F)(F)F)c4)CC3)nc3ccccc23)cc1,6.4364686,-6.503177
500,mol46,-12.68,Cc1ccccc1-c1cc(Nc2nc(-c3cccc(C(=O)Nc4ccc(C(=O)O)cc4)c3)cn3ccnc23)ccn1,Cc1ccccc1-c1cc(Nc2nc(-c3cccc(C(=O)Nc4ccc(C(=O)O)cc4)c3)cn3ccnc23)ccn1,6.3801336,-6.5180306
650,mol79,-12.68,Cc1ccc(NC(=O)c2ccc(Cc3ccccc3)cc2C(=O)O)cc1Cl,Cc1ccc(NC(=O)c2ccc(Cc3ccccc3)cc2C(=O)O)cc1Cl,6.672955,-5.130765
140,mol379,-12.68,CNc1nccc(C2=CCN(C(=O)c3ccc(Nc4ncnc5ccccc45)cc3Cl)CC2)n1,CNc1nccc(C2=CCN(C(=O)c3ccc(Nc4ncnc5ccccc45)cc3Cl)CC2)n1,7.0246167,-4.5787783
500,mol385,-12.68,Cc1ccc(C(=O)Nc2ccc(Nc3ccnc4cc(OCc5ccc(Cl)cc5)ccc34)cc2)cc1,Cc1ccc(C(=O)Nc2ccc(Nc3ccnc4cc(OCc5ccc(Cl)cc5)ccc34)cc2)cc1,5.601721,-7.24732
290,mol69,-12.68,Cc1cc(-c2cccc(NC(=O)Nc3cccc(Oc4ccccc4)c3)c2)ccn1,Cc1cc(-c2cccc(NC(=O)Nc3cccc(Oc4ccccc4)c3)c2)ccn1,6.0583105,-6.9945197
610,mol239,-12.68,Cc1ccc(C(=O)Nc2ccc(Oc3ccncc3)cc2)cc1Nc1ccnc(Nc2cccc(C(=O)O)c2)n1,Cc1ccc(C(=O)Nc2ccc(Oc3ccncc3)cc2)cc1Nc1ccnc(Nc2cccc(C(=O)O)c2)n1,6.4959,-6.2923446
140,mol303,-12.68,Cc1ccc(Nc2nccc(-c3c[nH]c4ccccc34)n2)cc1NCCNc1ccnc2cc(C(N)N)ccc12,Cc1ccc(Nc2nccc(-c3c[nH]c4ccccc34)n2)cc1NCCNc1ccnc2cc(C(N)N)ccc12,6.6448574,-5.3625584
960,mol482,-12.68,CN(c1ccc2c(c1)CCC[C@H]2CCc1nc(-c2cccc(C(=O)O)c2)oc1CCc1ccccc1)c1ncccc1Cc1ccccc1,CN(c1ccc2c(c1)CCC[C@H]2CCc1nc(-c2cccc(C(=O)O)c2)oc1CCc1ccccc1)c1ncccc1Cc1ccccc1,6.1566114,-6.0792594
120,mol479,-12.68,Cc1ccc(C(=O)Nc2ccc(Cn3cnc4cc(C(F)(F)F)ccc4c3=O)cc2)cc1,Cc1ccc(C(=O)Nc2ccc(Cn3cnc4cc(C(F)(F)F)ccc4c3=O)cc2)cc1,6.190515,-6.3740144
500,mol422,-12.68,Cc1nc(N)nc(N)c1-c1ccc(NC(=O)c2ccc(C(=O)Nc3ccccc3)cc2)cc1,Cc1nc(N)nc(N)c1-c1ccc(NC(=O)c2ccc(C(=O)Nc3ccccc3)cc2)cc1,6.1992745,-5.6226335
430,mol352,-12.67,Cc1ccc(NC(=O)c2cccc(C(=O)Nc3cccc(C(=O)O)c3)c2)cc1NC(=O)c1ccc(Cl)cc1,Cc1ccc(NC(=O)c2cccc(C(=O)Nc3cccc(C(=O)O)c3)c2)cc1NC(=O)c1ccc(Cl)cc1,6.4552627,-6.049417
440,mol349,-12.67,Cc1ccc(Nc2nccc(-c3cccnc3)n2)cc1-c1ccc(CNC(=O)c2ccncc2)cc1,Cc1ccc(Nc2nccc(-c3cccnc3)n2)cc1-c1ccc(CNC(=O)c2ccncc2)cc1,6.2355285,-6.0264053
420,mol294,-12.67,Nc1ccc(-c2ccc(/C=C/c3cc(=O)c4ccccc4o3)cc2)cc1,Nc1ccc(-c2ccc(/C=C/c3cc(=O)c4ccccc4o3)cc2)cc1,6.062583,-6.1088104
390,mol352,-12.67,Cc1c(NC(=O)c2cc(-c3ccc(F)cc3)cc(-c3ccnc(N)c3)c2)cccc1-c1nc2cc(C(N)=O)ccc2[nH]1,Cc1c(NC(=O)c2cc(-c3ccc(F)cc3)cc(-c3ccnc(N)c3)c2)cccc1-c1nc2cc(C(N)=O)ccc2[nH]1,6.573156,-6.703902
460,mol186,-12.67,CC(=O)c1ccc(NC(=O)c2nc(-c3cc(C)cc(Nc4ccc(C(N)N)cc4)c3)cnc2N)cc1,CC(=O)c1ccc(NC(=O)c2nc(-c3cc(C)cc(Nc4ccc(C(N)N)cc4)c3)cnc2N)cc1,6.774166,-5.8604074
540,mol466,-12.67,Cc1ccc(Nc2nccc(-c3cnc4ccccc4c3)n2)cc1NC(=O)c1ccc(Cl)cc1,Cc1ccc(Nc2nccc(-c3cnc4ccccc4c3)n2)cc1NC(=O)c1ccc(Cl)cc1,6.255708,-6.5982566
440,mol343,-12.67,Cc1ccc(-c2cnc(N)c(C(=O)c3ccc(C(=O)NC(=O)Nc4ccccc4)cc3)n2)s1,Cc1ccc(-c2cnc(N)c(C(=O)c3ccc(C(=O)NC(=O)Nc4ccccc4)cc3)n2)s1,6.574036,-6.7585363
380,mol152,-12.67,Cc1ccc(NC(=O)c2cccc(C(=O)Nc3ccccn3)c2)cc1Nc1ncnc2cccnc12,Cc1ccc(NC(=O)c2cccc(C(=O)Nc3ccccn3)c2)cc1Nc1ncnc2cccnc12,6.508198,-6.4716997
460,mol285,-12.67,Cc1ccc(C(=O)Nc2ccc(Nc3ccnc4cc(NC(=O)C5CCCC5)ccc34)cc2)cc1,Cc1ccc(C(=O)Nc2ccc(Nc3ccnc4cc(NC(=O)C5CCCC5)ccc34)cc2)cc1,6.2543173,-6.191183
400,mol26,-12.67,Cc1ccc(CC(=O)Nc2ccc(C(=O)c3ccc4ccccc4c3O)cc2)cc1,Cc1ccc(CC(=O)Nc2ccc(C(=O)c3ccc4ccccc4c3O)cc2)cc1,5.549395,-6.652826
500,mol487,-12.67,CC(=O)Nc1cccc(-c2ncc(-c3ccc(-c4ccnc(Nc5ccccc5)n4)cc3)s2)c1,CC(=O)Nc1cccc(-c2ncc(-c3ccc(-c4ccnc(Nc5ccccc5)n4)cc3)s2)c1,5.9973493,-6.2150764
620,mol490,-12.67,NC(N)c1cccc(Oc2ccc(NC(=O)c3cc4cc(C(=O)O)ccc4[nH]3)cc2)c1,NC(N)c1cccc(Oc2ccc(NC(=O)c3cc4cc(C(=O)O)ccc4[nH]3)cc2)c1,6.3992934,-5.1869655
720,mol170,-12.67,Cc1ccccc1-c1n[nH]c(Nc2cc(C(=O)Nc3cccc(C(=O)O)c3)ccn2)n1,Cc1ccccc1-c1n[nH]c(Nc2cc(C(=O)Nc3cccc(C(=O)O)c3)ccn2)n1,6.7787557,-5.648885
60,mol282,-12.67,Cc1c(-c2nc(O)c(C(=O)c3ccccc3)c(=O)[nH]2)cccc1S(N)(=O)=O,Cc1c(-c2nc(O)c(C(=O)c3ccccc3)c(=O)[nH]2)cccc1S(N)(=O)=O,6.3863215,-3.4306784
720,mol158,-12.67,Cc1ccc(C(=O)Nc2ccc(C[N@H+]3CC[N@H+](C)CC3)c(C(F)(F)F)c2)cc1C#Cc1cnc(C(=O)c2c[nH]c3ncccc23)cn1,Cc1ccc(C(=O)Nc2ccc(C[N@H+]3CC[N@H+](C)CC3)c(C(F)(F)F)c2)cc1C#Cc1cnc(C(=O)c2c[nH]c3ncccc23)cn1,7.0570207,-3.4882612
360,mol254,-12.67,c1ccc(OCc2ccc(Cc3ccc(Nc4ncnc5ccccc45)cc3)cc2)cc1,c1ccc(OCc2ccc(Cc3ccc(Nc4ncnc5ccccc45)cc3)cc2)cc1,5.937707,-7.378406
730,mol451,-12.67,Cc1ccc(C(=O)Nc2ccc(C[N@H+]3CC[N@@H+](C)CC3)c(C(F)(F)F)c2)cc1C(=O)Nc1ccc(N2CCOCC2)cc1,Cc1ccc(C(=O)Nc2ccc(C[N@H+]3CC[N@@H+](C)CC3)c(C(F)(F)F)c2)cc1C(=O)Nc1ccc(N2CCOCC2)cc1,6.903111,-3.4418714
340,mol429,-12.67,Cc1ccc2cc(NC(=O)c3ccc(NC(=O)c4ccc(C(=O)O)cc4)cc3)ccc2n1,Cc1ccc2cc(NC(=O)c3ccc(NC(=O)c4ccc(C(=O)O)cc4)cc3)ccc2n1,6.380994,-5.4067407
240,mol280,-12.67,CC(=O)Nc1cccc(-c2ccc(Nc3nccc(-c4ccccn4)n3)cc2)c1,CC(=O)Nc1cccc(-c2ccc(Nc3nccc(-c4ccccn4)n3)cc2)c1,6.1804667,-5.4438457
360,mol247,-12.67,CC(=O)Nc1cccc(Nc2ncnc(Nc3ccc(N4CCC(c5ccccc5)CC4)cc3)n2)c1,CC(=O)Nc1cccc(Nc2ncnc(Nc3ccc(N4CCC(c5ccccc5)CC4)cc3)n2)c1,6.1547427,-6.262899
230,mol462,-12.67,COc1cc(-c2ccc(Nc3nccc(-c4cccc(C(=O)Nc5ccc(C(F)(F)F)cc5)c4)n3)cc2)cc(OC)c1OC,COc1cc(-c2ccc(Nc3nccc(-c4cccc(C(=O)Nc5ccc(C(F)(F)F)cc5)c4)n3)cc2)cc(OC)c1OC,5.510187,-7.059173
160,mol298,-12.67,COC(=O)Nc1cccc(C(=O)n2ccc3cc(OCc4cccc(C(=O)O)c4)ccc32)c1,COC(=O)Nc1cccc(C(=O)n2ccc3cc(OCc4cccc(C(=O)O)c4)ccc32)c1,6.931456,-6.141344
930,mol355,-12.67,CN(c1ccc(NC(=O)c2cccc(Cn3cc(C#N)cn3)c2)cc1)S(=O)(=O)c1ccc(-c2ccccn2)cc1,CN(c1ccc(NC(=O)c2cccc(Cn3cc(C#N)cn3)c2)cc1)S(=O)(=O)c1ccc(-c2ccccn2)cc1,6.3146305,-6.252534
630,mol366,-12.67,CCC(=O)Nc1ccc(CNC(=O)Nc2ccc(Oc3ccnc(Nc4ccnc(C(=O)N5CCC(S(C)(=O)=O)CC5)n4)n3)cc2C(=O)O)cc1,CCC(=O)Nc1ccc(CNC(=O)Nc2ccc(Oc3ccnc(Nc4ccnc(C(=O)N5CCC(S(C)(=O)=O)CC5)n4)n3)cc2C(=O)O)cc1,7.425871,-4.38568
580,mol201,-12.67,Cc1ccc(C(=O)Nc2cncc(C(=O)Nc3ccc(Cl)nc3)c2)cc1Nc1ncnc2cccnc12,Cc1ccc(C(=O)Nc2cncc(C(=O)Nc3ccc(Cl)nc3)c2)cc1Nc1ncnc2cccnc12,7.1696978,-6.6744676
890,mol336,-12.67,Cc1cccc(CNC(=O)Nc2ccc(Oc3ccnc4cc(-c5ccncc5)ccc34)cc2)c1,Cc1cccc(CNC(=O)Nc2ccc(Oc3ccnc4cc(-c5ccncc5)ccc34)cc2)c1,5.919591,-6.7387285
570,mol409,-12.67,Cc1ccc(-c2nccnc2[C@H]2C=CN(C(=O)c3ccc(F)c(NC(=O)c4ccccc4F)c3)C2)cc1,Cc1ccc(-c2nccnc2[C@H]2C=CN(C(=O)c3ccc(F)c(NC(=O)c4ccccc4F)c3)C2)cc1,5.6658607,-6.434972
720,mol115,-12.67,Cc1cc(Cl)c(OCC(=O)Nc2ccc(NC(=O)c3cccc4cc(Cl)ccc34)cc2)cc1C(=O)O,Cc1cc(Cl)c(OCC(=O)Nc2ccc(NC(=O)c3cccc4cc(Cl)ccc34)cc2)cc1C(=O)O,6.825097,-5.625529
710,mol399,-12.67,Cc1cccc(C(=O)Nc2ccc(CNS(=O)(=O)c3ccc4oc(=O)cc(C)c4c3)cc2)c1,Cc1cccc(C(=O)Nc2ccc(CNS(=O)(=O)c3ccc4oc(=O)cc(C)c4c3)cc2)c1,6.568732,-5.798766
120,mol27,-12.67,Nc1nc(-c2ccc(S(=O)(=O)Nc3ccc4ccccc4c3)s2)nn1C(=O)c1ccc(Cl)cc1,Nc1nc(-c2ccc(S(=O)(=O)Nc3ccc4ccccc4c3)s2)nn1C(=O)c1ccc(Cl)cc1,6.685111,-6.3104587
890,mol129,-12.67,Cc1ccc(-n2nc(C(C)(C)C)cc2NC(=O)Nc2ccc(Oc3ccnc(Nc4ccc(C(=O)O)cc4)n3)cc2)cc1,Cc1ccc(-n2nc(C(C)(C)C)cc2NC(=O)Nc2ccc(Oc3ccnc(Nc4ccc(C(=O)O)cc4)n3)cc2)cc1,6.740679,-6.9083323
970,mol338,-12.67,Cc1ccccc1-c1cccc(C(=O)Nc2cccc(Oc3ccccc3)c2)c1,Cc1ccccc1-c1cccc(C(=O)Nc2cccc(Oc3ccccc3)c2)c1,6.0944815,-7.13585
560,mol401,-12.67,CC(=O)Nc1cccc(S(=O)(=O)N2CCc3cc(C(=O)NCc4ccccc4)ccc32)c1,CC(=O)Nc1cccc(S(=O)(=O)N2CCc3cc(C(=O)NCc4ccccc4)ccc32)c1,6.3736753,-4.482447
100,mol427,-12.67,Cc1c(Nc2nc(N[C@@H]3CCCC[C@@H]3[NH3+])ncc2F)ccc(C(=O)Nc2ccc(C(=O)N(C)C)cc2)c1F,Cc1c(Nc2nc(N[C@@H]3CCCC[C@@H]3[NH3+])ncc2F)ccc(C(=O)Nc2ccc(C(=O)N(C)C)cc2)c1F,6.939083,-4.782244
310,mol335,-12.67,Nc1nc2ccc(C(=O)c3ccccc3)cc2n1Cc1cccc2ccccc12,Nc1nc2ccc(C(=O)c3ccccc3)cc2n1Cc1cccc2ccccc12,6.048276,-6.098686
290,mol364,-12.67,Cc1ccc(-c2ccc3c(=O)n(-c4cccc(NC(=O)c5ccccc5)c4)cnc3c2)cc1,Cc1ccc(-c2ccc3c(=O)n(-c4cccc(NC(=O)c5ccccc5)c4)cnc3c2)cc1,5.480093,-6.951963
100,mol266,-12.67,Cc1cc(N2CCC[C@@H](Nc3nccc(-c4cc5ccccc5[nH]4)n3)C2)n2ncnc2n1,Cc1cc(N2CCC[C@@H](Nc3nccc(-c4cc5ccccc5[nH]4)n3)C2)n2ncnc2n1,6.9466786,-4.228488
690,mol31,-12.67,Cc1ccc(NC(=O)c2cccc(N3CCN(c4ccc(OC(F)(F)F)cc4)CC3)c2)cc1NC(=O)c1cccc(C(F)(F)F)c1,Cc1ccc(NC(=O)c2cccc(N3CCN(c4ccc(OC(F)(F)F)cc4)CC3)c2)cc1NC(=O)c1cccc(C(F)(F)F)c1,6.3953924,-6.6932454
670,mol410,-12.67,Cc1ccc(C(=O)Nc2cc(C(F)(F)F)cc(C(F)(F)F)c2)cc1Nc1ncnn2cc(C(=O)c3ccccc3)cc12,Cc1ccc(C(=O)Nc2cc(C(F)(F)F)cc(C(F)(F)F)c2)cc1Nc1ncnn2cc(C(=O)c3ccccc3)cc12,6.5259395,-7.1057477
690,mol107,-12.67,COc1cccc(Nc2ncnc(-c3cccc(-c4cccc(C(=O)O)c4)c3)n2)c1,COc1cccc(Nc2ncnc(-c3cccc(-c4cccc(C(=O)O)c4)c3)n2)c1,6.2938724,-5.772762
620,mol197,-12.67,Cc1cccc(-c2ccnc(Nc3ccc(Oc4nccc(Nc5ccccc5)n4)cc3)n2)c1,Cc1cccc(-c2ccnc(Nc3ccc(Oc4nccc(Nc5ccccc5)n4)cc3)n2)c1,6.0570054,-7.148058
210,mol387,-12.66,Cc1ccc(NC(=O)c2cccc(C(=O)O)c2)cc1Nc1ncnn2cc(C(=O)N[C@H](C)c3ccccc3)cc12,Cc1ccc(NC(=O)c2cccc(C(=O)O)c2)cc1Nc1ncnn2cc(C(=O)N[C@H](C)c3ccccc3)cc12,6.3176575,-5.6632423
650,mol4,-12.66,Cn1c(Cc2ccccc2)nnc1-c1ccn(-c2cccc(C(F)(F)F)c2)n1,Cn1c(Cc2ccccc2)nnc1-c1ccn(-c2cccc(C(F)(F)F)c2)n1,6.416151,-4.6586905
850,mol470,-12.66,Cc1cccc(CNC(=O)Nc2ccc(Oc3ccnc(Nc4cccc(C(=O)NCC5CCCCC5)c4)n3)cc2)c1,Cc1cccc(CNC(=O)Nc2ccc(Oc3ccnc(Nc4cccc(C(=O)NCC5CCCCC5)c4)n3)cc2)c1,6.8586483,-6.9765573
220,mol275,-12.66,CN(CCOc1ccc(-c2cc(=O)c3cccc(C(=O)O)c3o2)cc1)Cc1ccc(-c2ccccc2)cc1,CN(CCOc1ccc(-c2cc(=O)c3cccc(C(=O)O)c3o2)cc1)Cc1ccc(-c2ccccc2)cc1,6.1366224,-6.7979517
200,mol290,-12.66,Cc1ccc(NC(=O)c2cccc(C(F)(F)F)c2)cc1-c1ccc2ncc(-c3ccc(N4CCOCC4)cc3)nc2c1,Cc1ccc(NC(=O)c2cccc(C(F)(F)F)c2)cc1-c1ccc2ncc(-c3ccc(N4CCOCC4)cc3)nc2c1,6.1105204,-6.4374986
310,mol305,-12.66,Cc1cc(NC(=O)c2ccc(-c3ccc4n[nH]c(N)c4c3)cc2)cc(NCc2ccc(C#N)cc2)n1,Cc1cc(NC(=O)c2ccc(-c3ccc4n[nH]c(N)c4c3)cc2)cc(NCc2ccc(C#N)cc2)n1,6.173217,-6.8596964
200,mol391,-12.66,[NH3+]C1CCN(c2cccc(-c3ccnc(Nc4cc(-c5ccccc5)[nH]n4)n3)c2)CC1,[NH3+]C1CCN(c2cccc(-c3ccnc(Nc4cc(-c5ccccc5)[nH]n4)n3)c2)CC1,6.597752,-3.6198142
830,mol18,-12.66,COCc1ccc(-c2cc(NC(=O)c3cccc(C(=O)Nc4cccc(C(=O)O)c4)c3)[nH]n2)cc1,COCc1ccc(-c2cc(NC(=O)c3cccc(C(=O)Nc4cccc(C(=O)O)c4)c3)[nH]n2)cc1,6.551083,-6.1499043
860,mol314,-12.66,Cn1cc(-c2cccc(C(=O)O)c2)cc1-c1ccc(N[C@H](c2ccc(Cl)c(Cc3ccccc3)c2)S(=O)(=O)NC(=O)c2cccc3ccccc23)cc1,Cn1cc(-c2cccc(C(=O)O)c2)cc1-c1ccc(N[C@H](c2ccc(Cl)c(Cc3ccccc3)c2)S(=O)(=O)NC(=O)c2cccc3ccccc23)cc1,6.182454,-6.0708866
210,mol326,-12.66,Cc1nc(Nc2ncc(C(=O)Nc3ccc(Oc4ccccc4)cc3)s2)sc1C(=O)Nc1ccc(Nc2ccnc(Nc3ccccc3)n2)cc1,Cc1nc(Nc2ncc(C(=O)Nc3ccc(Oc4ccccc4)cc3)s2)sc1C(=O)Nc1ccc(Nc2ccnc(Nc3ccccc3)n2)cc1,6.59975,-6.808146
390,mol264,-12.66,Cc1cccc(Nc2nccc(Nc3ccc4c(c3)cc(CCCc3ccccc3)n4C(C)C)n2)c1,Cc1cccc(Nc2nccc(Nc3ccc4c(c3)cc(CCCc3ccccc3)n4C(C)C)n2)c1,6.327796,-5.9686437
810,mol226,-12.66,Cc1ccc(C(=O)Nc2ccn(C(C)C)n2)cc1COc1ccc(C(=O)c2cccc(C(=O)O)c2)cc1,Cc1ccc(C(=O)Nc2ccn(C(C)C)n2)cc1COc1ccc(C(=O)c2cccc(C(=O)O)c2)cc1,6.4273973,-6.243479
260,mol481,-12.66,Cc1cc(NC(=O)c2cccc(N3CCCC3=O)c2)ccc1-c1ccc2c(Nc3ccncc3)nccn12,Cc1cc(NC(=O)c2cccc(N3CCCC3=O)c2)ccc1-c1ccc2c(Nc3ccncc3)nccn12,6.399565,-5.6903424
340,mol80,-12.66,Cc1cc(Nc2cc(Oc3ccc4ccccc4c3)ncn2)cc(C(=O)N[C@@H](CC(=O)O)C(=O)O)c1,Cc1cc(Nc2cc(Oc3ccc4ccccc4c3)ncn2)cc(C(=O)N[C@@H](CC(=O)O)C(=O)O)c1,6.9993067,-5.7837977
690,mol456,-12.66,C(=C/c1cccc(-c2ccccc2)c1)/c1ccc(/C=N\Cc2ccccc2)cc1,C(=C/c1cccc(-c2ccccc2)c1)/c1ccc(/C=N\Cc2ccccc2)cc1,6.357704,-7.203518
40,mol164,-12.66,c1ccc(Oc2ccc(-c3c[nH]c4cc(-c5ccccc5)ncc34)cc2)cc1,c1ccc(Oc2ccc(-c3c[nH]c4cc(-c5ccccc5)ncc34)cc2)cc1,6.0069714,-6.8936324
740,mol278,-12.66,Cc1ccc(C(=O)Nc2cccc(NC(=O)c3ccc(-c4ccccc4)cc3)c2)cc1,Cc1ccc(C(=O)Nc2cccc(NC(=O)c3ccc(-c4ccccc4)cc3)c2)cc1,6.1105523,-7.098904
330,mol183,-12.66,Cc1nc2ccc(NC(=O)c3ccc4cc(C(=O)NCCC(=O)Nc5ccccc5)ccc4c3)cc2n1Cc1ccccc1-c1ccccc1,Cc1nc2ccc(NC(=O)c3ccc4cc(C(=O)NCCC(=O)Nc5ccccc5)ccc4c3)cc2n1Cc1ccccc1-c1ccccc1,6.5540524,-6.8510246
290,mol65,-12.66,Cc1cc(NS(=O)(=O)c2ccc(Nc3nccc(Nc4ccccc4S(=O)(=O)NC(C)C)n3)cc2)ccc1NC(=O)c1cccc(C(=O)O)c1,Cc1cc(NS(=O)(=O)c2ccc(Nc3nccc(Nc4ccccc4S(=O)(=O)NC(C)C)n3)cc2)ccc1NC(=O)c1cccc(C(=O)O)c1,6.8145304,-5.342697
720,mol57,-12.66,Cc1ccc(C(=O)Nc2ccc(Oc3ccnc4cc(-c5ccc(N)cc5)ccc34)cc2)cc1,Cc1ccc(C(=O)Nc2ccc(Oc3ccnc4cc(-c5ccc(N)cc5)ccc34)cc2)cc1,5.942481,-7.161318
700,mol208,-12.66,Cc1ccc(C(=O)Nc2ccc(C(=O)O)c(N)c2C)cc1NC(=O)c1cccc(S(=O)(=O)NCc2ccccc2)c1,Cc1ccc(C(=O)Nc2ccc(C(=O)O)c(N)c2C)cc1NC(=O)c1cccc(S(=O)(=O)NCc2ccccc2)c1,6.7886715,-5.506768
400,mol411,-12.66,Cn1ccc(-c2ccc(C(=O)Nc3ccc4ccncc4c3)cc2)cc1=O,Cn1ccc(-c2ccc(C(=O)Nc3ccc4ccncc4c3)cc2)cc1=O,6.1091657,-4.8600564
280,mol37,-12.66,Cc1cc(CNC(=O)c2ccc(C#N)o2)cc(-c2ccc(C(=O)Nc3cccc(C(C)C)c3)cc2)c1,Cc1cc(CNC(=O)c2ccc(C#N)o2)cc(-c2ccc(C(=O)Nc3cccc(C(C)C)c3)cc2)c1,6.465822,-6.884094
300,mol343,-12.66,Cc1ccc(CNC(=O)c2cccc(Cc3ccc4ccccc4c3)c2)cc1,Cc1ccc(CNC(=O)c2cccc(Cc3ccc4ccccc4c3)c2)cc1,6.078598,-6.7962627
480,mol230,-12.66,CCNc1cc(C(=O)Nc2ccc(-c3ccccn3)cc2C(=O)O)cc(-c2cccc(C(=O)O)c2)c1,CCNc1cc(C(=O)Nc2ccc(-c3ccccn3)cc2C(=O)O)cc(-c2cccc(C(=O)O)c2)c1,6.0200605,-5.6507487
440,mol441,-12.66,NC(=O)[C@H](CCCNC(=O)c1cccc(-c2ccc(O)cc2)c1)NC(=O)c1ccc(CNS(=O)(=O)c2cccc(NC(=O)c3cccnc3)c2)cc1,NC(=O)[C@H](CCCNC(=O)c1cccc(-c2ccc(O)cc2)c1)NC(=O)c1ccc(CNS(=O)(=O)c2cccc(NC(=O)c3cccnc3)c2)cc1,6.4464216,-4.7965035
190,mol396,-12.66,Cc1ccc(CNC(=O)c2ccc(C(=O)Nc3ccc4nc(N)ccc4c3)cc2)cc1,Cc1ccc(CNC(=O)c2ccc(C(=O)Nc3ccc4nc(N)ccc4c3)cc2)cc1,6.235899,-5.312341
980,mol5,-12.66,Cc1nc(Nc2cccc(CC(=O)O)n2)cc(Nc2ncc(-c3cccc(C(=O)NCc4ccccc4)c3)s2)n1,Cc1nc(Nc2cccc(CC(=O)O)n2)cc(Nc2ncc(-c3cccc(C(=O)NCc4ccccc4)c3)s2)n1,7.030418,-5.740374
130,mol203,-12.66,Cc1cc(Nc2nc(Nc3cccc(Br)c3)ncc2F)ccc1-n1cnc2ccccc2c1=O,Cc1cc(Nc2nc(Nc3cccc(Br)c3)ncc2F)ccc1-n1cnc2ccccc2c1=O,6.390967,-6.620208
170,mol410,-12.66,Cc1ccc(NC(=O)c2ccc(Nc3nccc(Cc4cccc(-n5cccn5)c4)n3)cc2)cc1,Cc1ccc(NC(=O)c2ccc(Nc3nccc(Cc4cccc(-n5cccn5)c4)n3)cc2)cc1,5.9176283,-5.901445
380,mol241,-12.66,Cn1c(-c2ccc(C(=O)NCc3ccc(NC(=O)Cc4ccccc4)cc3)cc2)nc2cc(C(=O)O)ccc21,Cn1c(-c2ccc(C(=O)NCc3ccc(NC(=O)Cc4ccccc4)cc3)cc2)nc2cc(C(=O)O)ccc21,6.230868,-5.6635494
440,mol483,-12.66,Cc1ccc(Nc2nccc(Nc3ccc4[nH]ncc4c3)n2)cc1C(=O)Nc1ccc(C(=O)O)c(F)c1,Cc1ccc(Nc2nccc(Nc3ccc4[nH]ncc4c3)n2)cc1C(=O)Nc1ccc(C(=O)O)c(F)c1,6.673399,-5.589341
920,mol92,-12.66,Cc1ccc(-c2c(-c3ccc(C(=O)NS(=O)(=O)c4ccc5ccccc5c4)cc3)noc2-c2ccccc2)cc1,Cc1ccc(-c2c(-c3ccc(C(=O)NS(=O)(=O)c4ccc5ccccc5c4)cc3)noc2-c2ccccc2)cc1,5.7732515,-6.8649917
1000,mol290,-12.66,CC(=O)Nc1cccc(-c2cc3cc(-c4ccccc4)c(=O)ncc3o2)c1,CC(=O)Nc1cccc(-c2cc3cc(-c4ccccc4)c(=O)ncc3o2)c1,6.377877,-5.685218
360,mol26,-12.66,Cc1ccccc1S(=O)(=O)Nc1ccc(F)c(C(=O)c2c[nH]c3ncc(-c4ccc(N)cc4)cc23)c1,Cc1ccccc1S(=O)(=O)Nc1ccc(F)c(C(=O)c2c[nH]c3ncc(-c4ccc(N)cc4)cc23)c1,6.6231885,-6.315433
170,mol290,-12.66,Cc1ccc(C(=O)Nc2ccc(C[N@H+]3CC[N@@H+](C)CC3)c(C(F)(F)F)c2)cc1Nc1nccc(-c2ccncc2)n1,Cc1ccc(C(=O)Nc2ccc(C[N@H+]3CC[N@@H+](C)CC3)c(C(F)(F)F)c2)cc1Nc1nccc(-c2ccncc2)n1,6.977409,-3.6641064
910,mol459,-12.66,CNc1ccc(Oc2ccc(C(=O)c3ccc4ccccc4c3)cc2)cc1C(=O)O,CNc1ccc(Oc2ccc(C(=O)c3ccc4ccccc4c3)cc2)cc1C(=O)O,6.4069314,-6.0784807
100,mol134,-12.66,O=C(O)c1ccc(Nc2ccnc3cc(-c4ccc(NC(=O)c5ccccc5)cc4)ccc23)cc1,O=C(O)c1ccc(Nc2ccnc3cc(-c4ccc(NC(=O)c5ccccc5)cc4)ccc23)cc1,5.899231,-6.073494
10,mol215,-12.66,c1ccc2cc(COc3ccc(Nc4ncnc5ccccc45)cc3)ccc2c1,c1ccc2cc(COc3ccc(Nc4ncnc5ccccc45)cc3)ccc2c1,6.0107193,-6.9479513
170,mol498,-12.66,Cc1ccc(NC(=O)c2cccc(Cn3cc(NC(=O)Nc4cccc(C(F)(F)F)c4)cn3)c2)cc1,Cc1ccc(NC(=O)c2cccc(Cn3cc(NC(=O)Nc4cccc(C(F)(F)F)c4)cn3)c2)cc1,5.9251523,-6.6358943
340,mol247,-12.65,Cc1cc2cc(NC(=S)Nc3ccc(C[C@@H](NC(=O)Nc4cccc(C(N)N)c4)C(=O)O)cc3)ccc2n1C(=O)c1ccc(C(=O)Cc2ccccc2)cc1,Cc1cc2cc(NC(=S)Nc3ccc(C[C@@H](NC(=O)Nc4cccc(C(N)N)c4)C(=O)O)cc3)ccc2n1C(=O)c1ccc(C(=O)Cc2ccccc2)cc1,7.174751,-5.232829
780,mol55,-12.65,CN(c1ccc(C(=O)NCc2ccccc2)cc1)c1cccc(Nc2cccc(C(=O)O)c2)c1,CN(c1ccc(C(=O)NCc2ccccc2)cc1)c1cccc(Nc2cccc(C(=O)O)c2)c1,6.158415,-5.4097576
770,mol183,-12.65,Cc1c(C#N)cccc1C(=O)Nc1ccc(C(=O)N2CCC3(CCc4ccccc43)CC2)cc1,Cc1c(C#N)cccc1C(=O)Nc1ccc(C(=O)N2CCC3(CCc4ccccc43)CC2)cc1,6.393305,-6.053626
940,mol34,-12.65,Cn1c(Cn2cc(-c3ccc4nc(NC(=O)Cc5ccccc5)[nH]c4c3)nn2)nc2cc(Cl)ccc21,Cn1c(Cn2cc(-c3ccc4nc(NC(=O)Cc5ccccc5)[nH]c4c3)nn2)nc2cc(Cl)ccc21,6.0840535,-5.8401794
490,mol259,-12.65,Cc1ccc(C(=O)Nc2cccc(C(=O)NCc3ccccc3)c2)cc1NC(=O)c1ccccc1F,Cc1ccc(C(=O)Nc2cccc(C(=O)NCc3ccccc3)c2)cc1NC(=O)c1ccccc1F,5.9580445,-6.452573
560,mol276,-12.65,CC(=O)Nc1ccc(-c2cccc(Nc3cc(Nc4ccccc4F)ncn3)c2)cc1,CC(=O)Nc1ccc(-c2cccc(Nc3cc(Nc4ccccc4F)ncn3)c2)cc1,6.183548,-6.7231693
520,mol243,-12.65,CN(c1ccccc1)c1ccc(-c2ccc(C(=O)Nc3ccccc3)cc2C(=O)O)cc1,CN(c1ccccc1)c1ccc(-c2ccc(C(=O)Nc3ccccc3)cc2C(=O)O)cc1,6.10752,-5.9021316
940,mol174,-12.65,COC(=O)Nc1cccc(-c2ccc3c(NCc4ccc(C(=O)O)cc4)cc(=O)[nH]c3n2)c1,COC(=O)Nc1cccc(-c2ccc3c(NCc4ccc(C(=O)O)cc4)cc(=O)[nH]c3n2)c1,6.739511,-6.055775
600,mol267,-12.65,Cc1ccccc1-c1cccc(Cn2cc(-c3ccc(C(=O)O)cc3)nn2)c1,Cc1ccccc1-c1cccc(Cn2cc(-c3ccc(C(=O)O)cc3)nn2)c1,6.0090914,-4.669582
360,mol116,-12.65,Cc1cn(-c2ccc(C(=O)Nc3ccc(Oc4cccc(C(=O)O)c4)cc3)cc2)c(=O)[nH]c1=O,Cc1cn(-c2ccc(C(=O)Nc3ccc(Oc4cccc(C(=O)O)c4)cc3)cc2)c(=O)[nH]c1=O,6.5304074,-6.3572326
560,mol198,-12.65,Cc1ccc(C(=O)Nc2cccc(-c3ncnc4ccccc34)c2)cc1N,Cc1ccc(C(=O)Nc2cccc(-c3ncnc4ccccc34)c2)cc1N,6.650129,-5.125329
370,mol43,-12.65,Cc1cc(COc2ccc(NC(=O)c3ccc4cccnc4c3)cc2C(=O)NO)ccc1F,Cc1cc(COc2ccc(NC(=O)c3ccc4cccnc4c3)cc2C(=O)NO)ccc1F,6.4610987,-6.7463408
980,mol156,-12.65,Cc1ccc(-n2nc(C(C)(C)C)cc2NC(=O)Nc2cccc(C(=O)c3c[nH]c4ccccc34)c2)cc1,Cc1ccc(-n2nc(C(C)(C)C)cc2NC(=O)Nc2cccc(C(=O)c3c[nH]c4ccccc34)c2)cc1,6.559164,-6.6571035
950,mol457,-12.65,CC(=O)Nc1cccc(-c2cc(-c3cccc(-c4ccccc4)c3O)ncn2)c1,CC(=O)Nc1cccc(-c2cc(-c3cccc(-c4ccccc4)c3O)ncn2)c1,6.1691475,-6.2348256
540,mol429,-12.65,Oc1ccc(Nc2nccc(-c3cccc(Cc4ccccc4)c3)n2)cc1,Oc1ccc(Nc2nccc(-c3cccc(Cc4ccccc4)c3)n2)cc1,5.984973,-5.8177004
440,mol106,-12.65,Cc1ccc(C(=O)Nc2ccc(Oc3ccccc3)cc2)cc1NC(=O)c1ccc(C2CCCCC2)cc1,Cc1ccc(C(=O)Nc2ccc(Oc3ccccc3)cc2)cc1NC(=O)c1ccc(C2CCCCC2)cc1,6.160275,-7.463505
100,mol491,-12.65,Cc1ccc(Nc2nccc(Nc3ccc4c(C(F)(F)F)cc(C(F)(F)F)nc4c3)n2)cc1,Cc1ccc(Nc2nccc(Nc3ccc4c(C(F)(F)F)cc(C(F)(F)F)nc4c3)n2)cc1,6.3992023,-6.8469496
370,mol261,-12.65,Cc1ccc(S(=O)(=O)Nc2cccc(-c3nnc(CCc4nc(C(=O)O)cc(-c5ccc(Cl)cc5)n4)s3)c2)cc1,Cc1ccc(S(=O)(=O)Nc2cccc(-c3nnc(CCc4nc(C(=O)O)cc(-c5ccc(Cl)cc5)n4)s3)c2)cc1,6.624492,-5.604187
490,mol91,-12.65,Cc1cccc(-c2nc(O)c(C(=O)Nc3ccc(C(=O)N[C@@H](C)c4ccccc4)cc3)s2)c1,Cc1cccc(-c2nc(O)c(C(=O)Nc3ccc(C(=O)N[C@@H](C)c4ccccc4)cc3)s2)c1,5.8468347,-6.143145
420,mol47,-12.65,Cc1cc(/C=C/c2ccc(Oc3ccc(C(=O)N[C@H](C[NH+]4CCCCC4)C(=O)O)cc3)cc2)cc(-c2ccccc2)c1,Cc1cc(/C=C/c2ccc(Oc3ccc(C(=O)N[C@H](C[NH+]4CCCCC4)C(=O)O)cc3)cc2)cc(-c2ccccc2)c1,6.561819,-6.4938884
440,mol403,-12.65,Nc1ccc(C(=O)Nc2cccc(-c3nnc(-c4cc(C(=O)O)ccc4Cl)o3)c2)cc1,Nc1ccc(C(=O)Nc2cccc(-c3nnc(-c4cc(C(=O)O)ccc4Cl)o3)c2)cc1,6.2578526,-5.3251514
200,mol219,-12.65,Cc1nc(Nc2cc(Cl)cc(Cl)c2)cc(N2CCC(Oc3ccc(C(O)(O)C(F)(F)F)cc3)CC2)n1,Cc1nc(Nc2cc(Cl)cc(Cl)c2)cc(N2CCC(Oc3ccc(C(O)(O)C(F)(F)F)cc3)CC2)n1,7.287401,-6.107985
180,mol293,-12.65,OCc1c(-c2cccc(-c3cccc(Nc4ccccc4)n3)c2)n[nH]c1-c1ccccc1,OCc1c(-c2cccc(-c3cccc(Nc4ccccc4)n3)c2)n[nH]c1-c1ccccc1,6.089097,-6.60816
330,mol234,-12.65,CCc1c(-c2cccc3ccccc23)[nH]c(=O)c2ncc(-c3ccccc3)cc12,CCc1c(-c2cccc3ccccc23)[nH]c(=O)c2ncc(-c3ccccc3)cc12,6.382037,-6.924976
320,mol453,-12.65,Nc1c(NC(=O)c2ccc(C(=O)c3ccc(F)cc3)cc2)ccc2c1C(=O)N(Cc1ccc(Cl)cc1)CC2,Nc1c(NC(=O)c2ccc(C(=O)c3ccc(F)cc3)cc2)ccc2c1C(=O)N(Cc1ccc(Cl)cc1)CC2,6.2854543,-5.9358554
640,mol73,-12.65,Cc1ccc(Oc2ccc(-c3ccncc3CO)cc2NC(=O)c2ccc(NC(=O)c3cccc(C(F)(F)F)c3)cc2)cc1,Cc1ccc(Oc2ccc(-c3ccncc3CO)cc2NC(=O)c2ccc(NC(=O)c3cccc(C(F)(F)F)c3)cc2)cc1,6.445454,-6.9846234
220,mol185,-12.65,Cc1ccc(NC(=O)c2ccc(C[N@H+]3CC[N@@H+](C)CC3)cc2)cc1Nc1ncnn2cc(C(=O)Nc3ccccc3)cc12,Cc1ccc(NC(=O)c2ccc(C[N@H+]3CC[N@@H+](C)CC3)cc2)cc1Nc1ncnn2cc(C(=O)Nc3ccccc3)cc12,7.0170712,-3.4808922
420,mol255,-12.65,Cc1ccc(C(=O)Nc2ccc(C[N@H+]3CC[C@@H]([NH+](C)C)CC3)c(C(F)(F)F)c2)cc1Nc1ncnn2cc(C(=O)N[C@@H](C)c3ccccc3)cc12,Cc1ccc(C(=O)Nc2ccc(C[N@H+]3CC[C@@H]([NH+](C)C)CC3)c(C(F)(F)F)c2)cc1Nc1ncnn2cc(C(=O)N[C@@H](C)c3ccccc3)cc12,7.060398,-3.9693367
930,mol81,-12.65,COC(=O)Nc1ccc(-c2ccn(-c3cccc(-c4cccc(C(=O)O)c4)c3)n2)c(Cl)c1,COC(=O)Nc1ccc(-c2ccn(-c3cccc(-c4cccc(C(=O)O)c4)c3)n2)c(Cl)c1,6.870314,-5.799708
390,mol456,-12.65,Cc1ccc(C(=O)NCc2cccc(C(=O)NCc3ccccc3)c2)cc1Nc1ncnc2ccc(NC(=O)N[C@@H](C)c3ccccc3)cc12,Cc1ccc(C(=O)NCc2cccc(C(=O)NCc3ccccc3)c2)cc1Nc1ncnc2ccc(NC(=O)N[C@@H](C)c3ccccc3)cc12,6.789527,-6.2876825
350,mol175,-12.65,CN1C(=O)N[C@](C(N)=O)(c2cccc(C(=O)NCc3ccc(-c4ccccc4)c(C(F)(F)F)c3)c2)C1=O,CN1C(=O)N[C@](C(N)=O)(c2cccc(C(=O)NCc3ccc(-c4ccccc4)c(C(F)(F)F)c3)c2)C1=O,6.153697,-5.6840506
820,mol376,-12.65,CCc1c(C(=O)Nc2ccc(-c3ccc4ccccc4n3)cc2)[nH]c(=O)n1-c1ccc(OCc2ccncc2)cc1,CCc1c(C(=O)Nc2ccc(-c3ccc4ccccc4n3)cc2)[nH]c(=O)n1-c1ccc(OCc2ccncc2)cc1,6.0093665,-7.063234
820,mol307,-12.65,CN(c1ccc(C(=O)NCc2cccnc2)cc1)S(=O)(=O)c1ccc(NC(=O)c2ccc3cccnc3c2)cc1,CN(c1ccc(C(=O)NCc2cccnc2)cc1)S(=O)(=O)c1ccc(NC(=O)c2ccc3cccnc3c2)cc1,6.60264,-5.726986
540,mol345,-12.65,Cc1ccc(NC(=O)c2ccc(C[NH+]3CCCCCC3)cc2)cc1Nc1nccc(-c2cccnc2)n1,Cc1ccc(NC(=O)c2ccc(C[NH+]3CCCCCC3)cc2)cc1Nc1nccc(-c2cccnc2)n1,7.007598,-4.6999
810,mol412,-12.65,Cc1ccc(/N=N/c2ccc(S(=O)(=O)Nc3cccc4ccccc34)cc2)cc1Nc1ccc(C(=O)O)cc1,Cc1ccc(/N=N/c2ccc(S(=O)(=O)Nc3cccc4ccccc34)cc2)cc1Nc1ccc(C(=O)O)cc1,6.3664336,-6.200401
410,mol229,-12.65,Cc1ccc(C(=O)Nc2ccc(C[N@H+]3CC[N@@H+](C)CC3)c(C(F)(F)F)c2)cc1Nc1nccc(-c2ccnc[n+]2CCc2ccccc2)n1,Cc1ccc(C(=O)Nc2ccc(C[N@H+]3CC[N@@H+](C)CC3)c(C(F)(F)F)c2)cc1Nc1nccc(-c2ccnc[n+]2CCc2ccccc2)n1,6.8013988,-3.413868
960,mol44,-12.65,Cc1cccc(-n2nc(C(=O)O)cc2NC(=O)c2cccc(Nc3ccnc4ccccc34)c2)c1,Cc1cccc(-n2nc(C(=O)O)cc2NC(=O)c2cccc(Nc3ccnc4ccccc34)c2)c1,6.1690354,-5.8687043
330,mol388,-12.65,Cc1cc(C(=O)Nc2ccc(C(=O)NO)cc2)ccc1OCc1cccc(NC(=O)c2cccc(C(=O)O)c2)c1,Cc1cc(C(=O)Nc2ccc(C(=O)NO)cc2)ccc1OCc1cccc(NC(=O)c2cccc(C(=O)O)c2)c1,6.524623,-6.244157
830,mol254,-12.65,Cc1cccc(-n2nc(C(C)(C)C)cc2NC(=O)Nc2cc(C(=O)Nc3cccc(C(=O)c4ccccc4)c3)ccc2C(=O)O)c1,Cc1cccc(-n2nc(C(C)(C)C)cc2NC(=O)Nc2cc(C(=O)Nc3cccc(C(=O)c4ccccc4)c3)ccc2C(=O)O)c1,6.8278255,-6.5897875
360,mol119,-12.65,Cc1ccc(C(=O)Nc2ccc(C(=O)c3cccc(C(=O)O)c3)cc2)cc1Nc1ncccc1-c1ccnc2[nH]ccc12,Cc1ccc(C(=O)Nc2ccc(C(=O)c3cccc(C(=O)O)c3)cc2)cc1Nc1ncccc1-c1ccnc2[nH]ccc12,6.766944,-6.0973015
980,mol257,-12.64,Cc1ccccc1-c1ccc(C(=O)Nc2cccc(-c3ccccc3)c2)[nH]1,Cc1ccccc1-c1ccc(C(=O)Nc2cccc(-c3ccccc3)c2)[nH]1,5.9790254,-6.4843163
310,mol448,-12.64,Cc1ccc(NC(=O)c2ccc(C(=O)c3ccccc3)cc2C(=O)O)cc1,Cc1ccc(NC(=O)c2ccc(C(=O)c3ccccc3)cc2C(=O)O)cc1,6.3445683,-4.393998
990,mol6,-12.64,C[C@H](NS(C)(=O)=O)c1cccc(Oc2cccc(-c3ccc(-c4ccccc4)cc3)c2)c1,C[C@H](NS(C)(=O)=O)c1cccc(Oc2cccc(-c3ccc(-c4ccccc4)cc3)c2)c1,6.2819424,-6.6592345
670,mol411,-12.64,Cc1cccc(Nc2ncc(C(=O)Nc3cccc(Oc4ccccn4)c3)c3ccccc23)c1,Cc1cccc(Nc2ncc(C(=O)Nc3cccc(Oc4ccccn4)c3)c3ccccc23)c1,6.051083,-6.7387676
710,mol78,-12.64,Cc1ccc(C(=O)Nc2ccc(S(=O)(=O)Nc3ccccc3C(=O)O)cc2)cc1NC(=O)c1ccccc1NC(=O)c1ccc(O)cc1,Cc1ccc(C(=O)Nc2ccc(S(=O)(=O)Nc3ccccc3C(=O)O)cc2)cc1NC(=O)c1ccccc1NC(=O)c1ccc(O)cc1,6.461451,-5.3996787
300,mol151,-12.64,Cc1ccc(Nc2cc3c(cc2Cc2cccc(C(=O)Nc4cccc(C(F)(F)F)c4)c2)n(C)c(=O)n3C)cc1,Cc1ccc(Nc2cc3c(cc2Cc2cccc(C(=O)Nc4cccc(C(F)(F)F)c4)c2)n(C)c(=O)n3C)cc1,5.96812,-6.59291
770,mol51,-12.64,CNC(=O)c1ccc(Nc2nccc(-c3c[nH]c4ccccc34)n2)cc1Cl,CNC(=O)c1ccc(Nc2nccc(-c3c[nH]c4ccccc34)n2)cc1Cl,6.5788193,-4.79511
960,mol61,-12.64,CN(Cc1cnc2nc(N)nc(N)c2c1)c1ccc(C(=O)Nc2ccc(NC(=O)c3ccccc3)cc2)cc1,CN(Cc1cnc2nc(N)nc(N)c2c1)c1ccc(C(=O)Nc2ccc(NC(=O)c3ccccc3)cc2)cc1,6.488928,-5.313955
900,mol17,-12.64,C[C@@H](c1ccccc1)[N@H+]1CC[C@H](C(=O)Nc2ccc(-c3ccc(CN(C)C(=O)c4ccc(-c5nncn5C)cc4)cc3)cc2)CC1,C[C@@H](c1ccccc1)[N@H+]1CC[C@H](C(=O)Nc2ccc(-c3ccc(CN(C)C(=O)c4ccc(-c5nncn5C)cc4)cc3)cc2)CC1,6.2202115,-5.4098682
420,mol166,-12.64,Cc1ccc(NC(=O)c2cccc(-c3cccnc3)c2)cc1NC(=O)c1ccccc1C(=O)O,Cc1ccc(NC(=O)c2cccc(-c3cccnc3)c2)cc1NC(=O)c1ccccc1C(=O)O,6.4183707,-5.781893
210,mol418,-12.64,Nc1nccc(-c2ccc(-c3ccccc3S(=O)(=O)Nc3ccc(Oc4ncccc4C4CC4)cn3)cc2)n1,Nc1nccc(-c2ccc(-c3ccccc3S(=O)(=O)Nc3ccc(Oc4ncccc4C4CC4)cn3)cc2)n1,6.7692394,-6.69544
470,mol365,-12.64,Cc1ccc(C(=O)Nc2cccc(-c3nc4ccccc4[nH]3)c2)cc1NS(=O)(=O)c1ccc(N)cc1,Cc1ccc(C(=O)Nc2cccc(-c3nc4ccccc4[nH]3)c2)cc1NS(=O)(=O)c1ccc(N)cc1,6.559344,-6.464635
220,mol492,-12.64,Nc1nccc(-c2cc(Oc3ccc(NC(=O)Nc4ccc(Cl)cc4)c(Cl)c3)cn2CC(=O)N2CC(c3ccc(F)cc3)C2)n1,Nc1nccc(-c2cc(Oc3ccc(NC(=O)Nc4ccc(Cl)cc4)c(Cl)c3)cn2CC(=O)N2CC(c3ccc(F)cc3)C2)n1,6.74781,-7.1342106
830,mol315,-12.64,Cc1cccc(-n2nc(C(C)(C)C)cc2NC(=O)Nc2cccc(Nc3ccnc4ccccc34)c2)c1,Cc1cccc(-n2nc(C(C)(C)C)cc2NC(=O)Nc2cccc(Nc3ccnc4ccccc34)c2)c1,6.2491903,-6.7896857
160,mol57,-12.64,Cc1ccc(C(=O)Nc2ccccc2Sc2ccc(C(=O)NCc3ccc4ccccc4n3)cc2)cc1,Cc1ccc(C(=O)Nc2ccccc2Sc2ccc(C(=O)NCc3ccc4ccccc4n3)cc2)cc1,5.7645288,-6.507302
230,mol456,-12.64,Cc1c(F)cccc1NC(=O)c1ccc(Nc2ncc(F)c(Nc3ccc(Oc4ccccc4)cc3)n2)cc1,Cc1c(F)cccc1NC(=O)c1ccc(Nc2ncc(F)c(Nc3ccc(Oc4ccccc4)cc3)n2)cc1,6.052186,-7.099457
240,mol84,-12.64,Cc1ccc(C(=O)O)cc1NC(=O)c1cccc(Nc2cc(Nc3ccc(C(=O)O)cc3)ncn2)c1,Cc1ccc(C(=O)O)cc1NC(=O)c1cccc(Nc2cc(Nc3ccc(C(=O)O)cc3)ncn2)c1,6.6172776,-5.2992954
940,mol254,-12.64,CCOc1ccc(C(=O)Nc2ccc(Nc3cc(Nc4cccc(C(=O)NS(=O)(=O)c5ccccc5)c4)ncn3)cc2)cc1,CCOc1ccc(C(=O)Nc2ccc(Nc3cc(Nc4cccc(C(=O)NS(=O)(=O)c5ccccc5)c4)ncn3)cc2)cc1,6.1496043,-6.3473372
250,mol284,-12.64,Cc1cc(C(=O)N2CCN(c3ccccn3)CC2)ccc1Nc1ccc2c(n1)CCC2,Cc1cc(C(=O)N2CCN(c3ccccn3)CC2)ccc1Nc1ccc2c(n1)CCC2,6.4496765,-4.5620856
250,mol453,-12.64,Cc1ccc(C(=O)Nc2ccc(Cc3ccc(CNC(=O)[C@H]4CCCN4C(=O)[C@@H]4CCC[NH2+]4)cc3)cc2)cc1,Cc1ccc(C(=O)Nc2ccc(Cc3ccc(CNC(=O)[C@H]4CCCN4C(=O)[C@@H]4CCC[NH2+]4)cc3)cc2)cc1,6.672943,-4.0065913
790,mol78,-12.64,Cc1ccc(C(=O)Nc2cccc(C(F)(F)F)c2)cc1C(=O)Nc1ccc(S(=O)(=O)Nc2ccccn2)cc1F,Cc1ccc(C(=O)Nc2cccc(C(F)(F)F)c2)cc1C(=O)Nc1ccc(S(=O)(=O)Nc2ccccn2)cc1F,6.295372,-6.5451226
780,mol485,-12.64,Cc1ccc(C(=O)Nc2ccc(C(N)=O)cc2)cc1NC(=O)c1cccc(-c2ccc(Cl)cc2)c1,Cc1ccc(C(=O)Nc2ccc(C(N)=O)cc2)cc1NC(=O)c1cccc(-c2ccc(Cl)cc2)c1,5.9302397,-6.6483617
940,mol164,-12.64,Cc1cccc(-n2nc(C(C)(C)C)cc2NC(=O)Nc2cccc(Nc3ncnc4ccccc34)c2)c1,Cc1cccc(-n2nc(C(C)(C)C)cc2NC(=O)Nc2cccc(Nc3ncnc4ccccc34)c2)c1,6.530729,-7.119217
890,mol221,-12.64,Cc1cc(OCc2cccc(-c3ccc4ccccc4n3)c2)cc(C)c1O,Cc1cc(OCc2cccc(-c3ccc4ccccc4n3)c2)cc(C)c1O,6.393418,-6.3610888
550,mol325,-12.64,Cc1ccc(Nc2nccc(Nc3ccccc3)n2)cc1Nc1nccc(-c2ccccn2)n1,Cc1ccc(Nc2nccc(Nc3ccccc3)n2)cc1Nc1nccc(-c2ccccn2)n1,6.3700194,-6.2108116
260,mol117,-12.64,Cc1ccc(C(=O)Nc2ccc(Oc3ccc(NC(=O)Nc4ccccc4Cl)c(C(F)(F)F)c3)cc2)cc1,Cc1ccc(C(=O)Nc2ccc(Oc3ccc(NC(=O)Nc4ccccc4Cl)c(C(F)(F)F)c3)cc2)cc1,6.048623,-7.629311
740,mol158,-12.64,Cc1cccc(C(=O)Nc2ccc(NC(=O)c3ccc4[nH]ncc4c3)cc2)c1,Cc1cccc(C(=O)Nc2ccc(NC(=O)c3ccc4[nH]ncc4c3)cc2)c1,6.2520733,-5.9122443
730,mol35,-12.64,Cc1cccc(C(=O)Nc2ccc(Oc3ccnc4cc(-c5ccncc5)ccc34)cc2)c1,Cc1cccc(C(=O)Nc2ccc(Oc3ccnc4cc(-c5ccncc5)ccc34)cc2)c1,5.6392436,-6.9091077
950,mol441,-12.64,COc1ccc(-c2ccc(NCc3cccc(C(=O)Nc4cccc(C(=O)O)c4)c3)cc2)cc1,COc1ccc(-c2ccc(NCc3cccc(C(=O)Nc4cccc(C(=O)O)c4)c3)cc2)cc1,5.3834677,-6.1999826
960,mol470,-12.64,Cc1cccc(-c2nc(Nc3cccc(C(=O)NCc4ccccc4)c3)c3ccccc3n2)c1,Cc1cccc(-c2nc(Nc3cccc(C(=O)NCc4ccccc4)c3)c3ccccc3n2)c1,5.9518704,-6.317066
720,mol314,-12.64,Cc1cccc(-n2cc(-c3cccc4cc(C(=O)O)ccc34)nn2)c1,Cc1cccc(-n2cc(-c3cccc4cc(C(=O)O)ccc34)nn2)c1,5.9374313,-4.369273
710,mol460,-12.64,Cc1c(F)cccc1C(=O)Nc1ccc(C(=O)c2c[nH]c3ncc(-c4ccccc4)cc23)cc1,Cc1c(F)cccc1C(=O)Nc1ccc(C(=O)c2c[nH]c3ncc(-c4ccccc4)cc23)cc1,6.2975373,-6.7801523
830,mol305,-12.64,CC(=O)Nc1cccc(-c2ccc(C(=O)Nc3ccccc3C(=O)O)cc2)c1,CC(=O)Nc1cccc(-c2ccc(C(=O)Nc3ccccc3C(=O)O)cc2)c1,6.434131,-5.2935047
550,mol275,-12.64,Cc1cc(CNc2ccc(CC(=O)O)c(C)c2)cc(N2Cc3cnc(Nc4cccc(C(F)(F)F)c4)cc3C2)c1,Cc1cc(CNc2ccc(CC(=O)O)c(C)c2)cc(N2Cc3cnc(Nc4cccc(C(F)(F)F)c4)cc3C2)c1,6.440858,-5.787771
560,mol357,-12.64,Cc1ccc(-c2ccc(NC(=O)c3ccc(Cc4ccccc4)cc3)cc2)cc1,Cc1ccc(-c2ccc(NC(=O)c3ccc(Cc4ccccc4)cc3)cc2)cc1,5.8537555,-7.2271843
370,mol243,-12.64,Cc1cc(CCc2ccc(C(=O)c3ccc(C(=O)O)cc3)cc2C(=O)O)ccc1O,Cc1cc(CCc2ccc(C(=O)c3ccc(C(=O)O)cc3)cc2C(=O)O)ccc1O,6.813898,-4.5164123
360,mol356,-12.64,CC(=O)Nc1cccc(Nc2nccc(Nc3cc(-c4cccc(C#N)c4)ccc3C)n2)c1,CC(=O)Nc1cccc(Nc2nccc(Nc3cc(-c4cccc(C#N)c4)ccc3C)n2)c1,6.4605637,-7.198841
340,mol65,-12.64,Nc1cc(CNc2ccc(C(=O)Nc3cccc(C(=O)O)c3)cc2)cc(NCc2cccc(C(N)N)c2)c1,Nc1cc(CNc2ccc(C(=O)Nc3cccc(C(=O)O)c3)cc2)cc(NCc2cccc(C(N)N)c2)c1,6.1746025,-4.1172504
620,mol281,-12.64,Cn1cc(-c2ccc[nH]c2=O)c2[nH]cc(-c3ccnc(N4CCCc5ccccc54)n3)c21,Cn1cc(-c2ccc[nH]c2=O)c2[nH]cc(-c3ccnc(N4CCCc5ccccc54)n3)c21,6.4343953,-4.499386
360,mol372,-12.64,NC(=O)c1ccc(Nc2ncc(-c3cccc(C(=O)Nc4cccc(C(=O)O)c4)c3)s2)cc1,NC(=O)c1ccc(Nc2ncc(-c3cccc(C(=O)Nc4cccc(C(=O)O)c4)c3)s2)cc1,6.2632723,-5.847216
370,mol452,-12.64,Cc1cc(NC(=O)c2ccc(CNC(=O)c3ccc(C(=O)NCc4ccccc4)cc3)cc2)cc(N2CCCC2=O)c1,Cc1cc(NC(=O)c2ccc(CNC(=O)c3ccc(C(=O)NCc4ccccc4)cc3)cc2)cc(N2CCCC2=O)c1,6.0508237,-6.1585283
550,mol494,-12.64,Cc1ccc(NC(=O)c2cccc(COc3ccccc3)c2)cc1Nc1nccc(-c2cccnc2)n1,Cc1ccc(NC(=O)c2cccc(COc3ccccc3)c2)cc1Nc1nccc(-c2cccnc2)n1,6.174036,-6.739464
610,mol36,-12.64,Cc1ccc(C(=O)Nc2ccc(Oc3ccc(C(N)N)cc3)cc2)cc1NS(=O)(=O)c1ccc(Oc2cccc(F)c2)cc1,Cc1ccc(C(=O)Nc2ccc(Oc3ccc(C(N)N)cc3)cc2)cc1NS(=O)(=O)c1ccc(Oc2cccc(F)c2)cc1,6.72018,-6.664894
570,mol349,-12.64,Cc1cn(CCc2ccc(Cl)cc2)c(=O)c2cc(NC(=O)N[C@@H]3CCCC[C@H]3c3ccccc3)ccc12,Cc1cn(CCc2ccc(Cl)cc2)c(=O)c2cc(NC(=O)N[C@@H]3CCCC[C@H]3c3ccccc3)ccc12,6.6192846,-6.3120174
570,mol219,-12.63,Cc1ccc(S(=O)(=O)Nc2cccc(-c3nc4ccccc4[nH]3)c2)cc1Nc1nccc(-c2cccnc2)n1,Cc1ccc(S(=O)(=O)Nc2cccc(-c3nc4ccccc4[nH]3)c2)cc1Nc1nccc(-c2cccnc2)n1,6.633201,-6.2601185
170,mol10,-12.63,Cc1cc(NC(=O)c2cnc(NC(=O)c3cccc4c3OCO4)cn2)cc(C(=O)NCc2cccc(C#N)c2)n1,Cc1cc(NC(=O)c2cnc(NC(=O)c3cccc4c3OCO4)cn2)cc(C(=O)NCc2cccc(C#N)c2)n1,6.946112,-5.417766
920,mol117,-12.63,NC(=O)n1c(-c2ccc(Oc3ccc(C(N)N)cc3)cc2)cc2ccccc21,NC(=O)n1c(-c2ccc(Oc3ccc(C(N)N)cc3)cc2)cc2ccccc21,6.296045,-4.87408
70,mol234,-12.63,Cc1c(Oc2ccc(C(=O)O)cc2)ccc2c1CCN(c1ncc(-c3ccccn3)cc1C(=O)O)C2,Cc1c(Oc2ccc(C(=O)O)cc2)ccc2c1CCN(c1ncc(-c3ccccn3)cc1C(=O)O)C2,6.6839056,-5.7829156
530,mol123,-12.63,Cc1ncc(CNc2ccc(C(=O)NCc3ccc(C(=O)NCc4ccccc4)cc3)c(C(=O)O)c2)cc1N,Cc1ncc(CNc2ccc(C(=O)NCc3ccc(C(=O)NCc4ccccc4)cc3)c(C(=O)O)c2)cc1N,6.4626584,-4.7627964
520,mol28,-12.63,Cc1cccc(-c2nccc(CNC(=O)c3ccc4ccccc4n3)n2)c1,Cc1cccc(-c2nccc(CNC(=O)c3ccc4ccccc4n3)n2)c1,6.5227046,-4.381593
810,mol32,-12.63,Cc1ccc(NC(=O)c2cccc(C(=O)Nc3ccccc3)c2)cc1NC(=O)c1ccc(C(C)(C)C)cc1,Cc1ccc(NC(=O)c2cccc(C(=O)Nc3ccccc3)c2)cc1NC(=O)c1ccc(C(C)(C)C)cc1,6.400649,-6.7923894
390,mol126,-12.63,Cc1ccc(-c2ccc(NC(=O)c3cccc4ccccc34)cc2)cc1,Cc1ccc(-c2ccc(NC(=O)c3cccc4ccccc34)cc2)cc1,5.840666,-6.8941345
590,mol122,-12.63,Cc1ccncc1NC(=O)c1ccc(Nc2ncc3cc(-c4ccc(Cl)cc4)cnc3n2)cc1,Cc1ccncc1NC(=O)c1ccc(Nc2ncc3cc(-c4ccc(Cl)cc4)cnc3n2)cc1,6.3127685,-6.622892
920,mol188,-12.63,NC(=O)c1ccc(-c2ccc(Nc3ccnc4cc(Cl)ccc34)cc2)cc1,NC(=O)c1ccc(-c2ccc(Nc3ccnc4cc(Cl)ccc34)cc2)cc1,6.0000477,-6.2721143
290,mol75,-12.63,Cc1ccc(NC(=O)c2ccc(NC(=O)c3cc4ccccc4o3)cc2)cc1,Cc1ccc(NC(=O)c2ccc(NC(=O)c3cc4ccccc4o3)cc2)cc1,6.2806797,-6.445998
340,mol79,-12.63,Cc1cc2c(cc1Nc1ccc(C(=O)Nc3ccc(C(=O)O)c(C(=O)O)c3)cc1)C(=O)C[C@H](C(C)(C)S)C2,Cc1cc2c(cc1Nc1ccc(C(=O)Nc3ccc(C(=O)O)c(C(=O)O)c3)cc1)C(=O)C[C@H](C(C)(C)S)C2,7.256398,-5.863275
650,mol445,-12.63,COc1ccc(NC(=O)Nc2cccc(-c3cnc4cnc(NC5CCS(=O)(=O)CC5)nc4c3)c2)cc1,COc1ccc(NC(=O)Nc2cccc(-c3cnc4cnc(NC5CCS(=O)(=O)CC5)nc4c3)c2)cc1,6.8581433,-5.2204647
680,mol462,-12.63,Cc1cn(Cc2ccc(C(=O)c3ccccc3Cl)cc2F)c2ccc(C(=O)N[C@H](C)c3cccc(C(=O)c4ccccc4)c3)cc12,Cc1cn(Cc2ccc(C(=O)c3ccccc3Cl)cc2F)c2ccc(C(=O)N[C@H](C)c3cccc(C(=O)c4ccccc4)c3)cc12,6.079322,-6.3712835
350,mol287,-12.63,Cc1cnc(Nc2ccc(C(=O)Nc3cc4[nH]nc(Nc5ccc(OCc6cccc(Cl)c6)cc5)c4cn3)cc2)cn1,Cc1cnc(Nc2ccc(C(=O)Nc3cc4[nH]nc(Nc5ccc(OCc6cccc(Cl)c6)cc5)c4cn3)cc2)cn1,6.7021008,-7.2295556
470,mol444,-12.63,Cc1ccccc1-c1cccc(C(=O)Nc2ncc(Cc3ccc(C(F)(F)F)cc3)s2)c1,Cc1ccccc1-c1cccc(C(=O)Nc2ncc(Cc3ccc(C(F)(F)F)cc3)s2)c1,6.5697765,-7.221305
200,mol373,-12.63,c1ccc(COc2ccc(-c3cc(CNc4ccc(-c5ccccc5)cn4)c4ccccc4n3)cc2)cc1,c1ccc(COc2ccc(-c3cc(CNc4ccc(-c5ccccc5)cn4)c4ccccc4n3)cc2)cc1,5.2882023,-7.1354575
300,mol78,-12.63,CNc1cc(Nc2ccc(C(=O)Nc3ccc(NC(=O)Nc4cccc(C(=O)O)c4)cc3)cc2)ccn1,CNc1cc(Nc2ccc(C(=O)Nc3ccc(NC(=O)Nc4cccc(C(=O)O)c4)cc3)cc2)ccn1,6.444327,-5.6267095
500,mol4,-12.63,COc1ccc(-c2nccc(Nc3ccc4c(c3)cc(C(N)=O)n4C)c2C)cc1C(F)(F)F,COc1ccc(-c2nccc(Nc3ccc4c(c3)cc(C(N)=O)n4C)c2C)cc1C(F)(F)F,6.3693156,-5.9229608
840,mol128,-12.63,CCOc1cc(NC(=O)Nc2cccc(C(N)N)c2)cc(Nc2nccc(-c3c[nH]c4ccccc34)n2)c1,CCOc1cc(NC(=O)Nc2cccc(C(N)N)c2)cc(Nc2nccc(-c3c[nH]c4ccccc34)n2)c1,6.5689206,-6.2603025
350,mol363,-12.63,Cc1cc(C(=O)Nc2ccc(C(=O)O)c(Oc3ccc4ccccc4c3)c2)cc(C(=O)O)c1O,Cc1cc(C(=O)Nc2ccc(C(=O)O)c(Oc3ccc4ccccc4c3)c2)cc(C(=O)O)c1O,6.5231056,-5.9291067
890,mol219,-12.63,Cc1ccc(-c2ccc(C(=O)Nc3ccc(Oc4ccncc4)cc3)cc2)cc1,Cc1ccc(-c2ccc(C(=O)Nc3ccc(Oc4ccncc4)cc3)cc2)cc1,5.8610835,-7.124897
590,mol490,-12.63,c1ccc(Oc2cccc(N3CCN(c4ncnc5ccccc45)CC3)c2)cc1,c1ccc(Oc2cccc(N3CCN(c4ncnc5ccccc45)CC3)c2)cc1,6.2501082,-5.240265
890,mol82,-12.63,CN(C)S(=O)(=O)Nc1ccc(-c2ccc(NC(=O)c3cc4ccccc4o3)cc2)cc1,CN(C)S(=O)(=O)Nc1ccc(-c2ccc(NC(=O)c3cc4ccccc4o3)cc2)cc1,6.1805167,-5.8003874
830,mol273,-12.63,Nc1cccc(C(=O)Nc2ccc(-c3ccc4nc(NC(=O)Cc5ccccc5)sc4n3)cc2)c1,Nc1cccc(C(=O)Nc2ccc(-c3ccc4nc(NC(=O)Cc5ccccc5)sc4n3)cc2)c1,6.119371,-7.1849704
900,mol491,-12.63,CC(=O)Nc1ccc([N+](=O)[O-])cc1S(=O)(=O)Nc1ccc(Cc2ccc(Nc3ccnc4cc(I)ccc34)cc2)cc1,CC(=O)Nc1ccc([N+](=O)[O-])cc1S(=O)(=O)Nc1ccc(Cc2ccc(Nc3ccnc4cc(I)ccc34)cc2)cc1,6.362774,-6.712488
890,mol81,-12.63,Cc1ccc(C(=O)Nc2ccc(Nc3ccnc4cc(NC(=O)C5CC5)ccc34)c(C)c2)cc1,Cc1ccc(C(=O)Nc2ccc(Nc3ccnc4cc(NC(=O)C5CC5)ccc34)c(C)c2)cc1,6.3520427,-6.2045155
160,mol321,-12.63,Cc1ccc(NC(=O)c2ccc(/C=C3\C(=O)Nc4ccc(Cl)cc43)cc2)c(Nc2cccc(C(=O)NCc3c(C)cccc3C)c2)c1,Cc1ccc(NC(=O)c2ccc(/C=C3\C(=O)Nc4ccc(Cl)cc43)cc2)c(Nc2cccc(C(=O)NCc3c(C)cccc3C)c2)c1,6.312639,-7.2715282
210,mol381,-12.63,Nc1ccc(-c2ccc3ccccc3c2)cc1NC(=O)c1ccc(C(=O)Oc2cccc(C(=O)O)c2)o1,Nc1ccc(-c2ccc3ccccc3c2)cc1NC(=O)c1ccc(C(=O)Oc2cccc(C(=O)O)c2)o1,6.396802,-6.693666
80,mol52,-12.63,Cc1cc(CSc2nc(-c3ccc(C(=O)NCc4ccccc4)c(F)c3)c3c(n2)N(C)C(=O)NC3)cc(F)c1F,Cc1cc(CSc2nc(-c3ccc(C(=O)NCc4ccccc4)c(F)c3)c3c(n2)N(C)C(=O)NC3)cc(F)c1F,6.5972476,-6.4968204
380,mol122,-12.63,Cc1ccc(C(=O)Nc2ccc(C(=O)Nc3cccc4ncccc34)cc2)cc1,Cc1ccc(C(=O)Nc2ccc(C(=O)Nc3cccc4ncccc34)cc2)cc1,6.046037,-6.0815287
570,mol428,-12.63,Cc1ccc(OCc2cccc(-c3ccc4cc(C(=O)O)ccc4n3)c2)cc1,Cc1ccc(OCc2cccc(-c3ccc4cc(C(=O)O)ccc4n3)c2)cc1,6.507125,-6.2666535
260,mol361,-12.63,Cc1c(Nc2cccc(C(=O)O)c2)cccc1-c1nc(Nc2ccc(C(N)=O)cc2)sc1-c1nc2cccnc2[nH]1,Cc1c(Nc2cccc(C(=O)O)c2)cccc1-c1nc(Nc2ccc(C(N)=O)cc2)sc1-c1nc2cccnc2[nH]1,6.7784343,-6.123756
600,mol280,-12.63,Cc1ccc(NC(=O)c2cccc(Cn3cc(NC(=O)c4ccccn4)cn3)c2)cc1Nc1ncccn1,Cc1ccc(NC(=O)c2cccc(Cn3cc(NC(=O)c4ccccn4)cn3)c2)cc1Nc1ncccn1,6.6774964,-5.5602946
750,mol149,-12.63,Cc1cc(Nc2nc(Cc3cccc(C(=O)NCCc4ccccc4)c3)nc3ccccc23)nc(N)n1,Cc1cc(Nc2nc(Cc3cccc(C(=O)NCCc4ccccc4)c3)nc3ccccc23)nc(N)n1,6.8051534,-4.6230793
500,mol477,-12.63,Cc1ccc2cc(Nc3ccc(C)c(NC(=O)c4cccc(C(F)(F)F)c4)c3)c(O)nc2c1,Cc1ccc2cc(Nc3ccc(C)c(NC(=O)c4cccc(C(F)(F)F)c4)c3)c(O)nc2c1,6.345756,-6.9294477
560,mol270,-12.63,Cc1cccc(-n2nc(C(=O)Nc3cccc(-c4ccccc4)c3N)cc2-c2ccc(S(=O)(=O)Nc3ccccc3)cc2)c1,Cc1cccc(-n2nc(C(=O)Nc3cccc(-c4ccccc4)c3N)cc2-c2ccc(S(=O)(=O)Nc3ccccc3)cc2)c1,6.240407,-6.9309483
630,mol249,-12.63,Cc1ccc(/C=N/C(=O)c2cccc(Nc3ncnc4ccccc34)c2)cc1,Cc1ccc(/C=N/C(=O)c2cccc(Nc3ncnc4ccccc34)c2)cc1,6.5915995,-5.952981
440,mol97,-12.63,Cc1cccc(Nc2nccc(-c3ccnc(Nc4ccc(C(=O)O)cc4)c3)n2)c1,Cc1cccc(Nc2nccc(-c3ccnc(Nc4ccc(C(=O)O)cc4)c3)n2)c1,6.435586,-5.4707894
1000,mol232,-12.63,COc1ccccc1-c1ccc(Oc2ccc(NC(=O)c3cc4ccccc4o3)cc2)cc1,COc1ccccc1-c1ccc(Oc2ccc(NC(=O)c3cc4ccccc4o3)cc2)cc1,5.8190603,-7.2484245
600,mol134,-12.63,Cc1cc(COc2ccc(-c3nc4ccc(C(N)N)cc4[nH]3)cc2F)ccc1O,Cc1cc(COc2ccc(-c3nc4ccc(C(N)N)cc4[nH]3)cc2F)ccc1O,6.742399,-5.057638
740,mol219,-12.63,CC(=O)Nc1cccc(-c2ccc(-c3ccc4c(c3)CCC(=O)N4C)cn2)c1,CC(=O)Nc1cccc(-c2ccc(-c3ccc4c(c3)CCC(=O)N4C)cn2)c1,6.3877378,-4.568123
440,mol30,-12.63,Cc1ccc(-c2ccc(C(=O)Nc3ccc(-c4cccc(C(=O)O)c4)cc3)s2)cc1,Cc1ccc(-c2ccc(C(=O)Nc3ccc(-c4cccc(C(=O)O)c4)cc3)s2)cc1,6.000874,-6.330571
1000,mol348,-12.63,CC(=O)Nc1cccc(-c2ccc(C(=O)O)c(Oc3nccc4ccccc34)c2)c1,CC(=O)Nc1cccc(-c2ccc(C(=O)O)c(Oc3nccc4ccccc34)c2)c1,6.5925417,-5.6033883
270,mol47,-12.63,Cc1ccc(NC(=O)c2cccc(N3CCC(Nc4nccc(-c5ccccc5)n4)CC3)c2)cc1,Cc1ccc(NC(=O)c2cccc(N3CCC(Nc4nccc(-c5ccccc5)n4)CC3)c2)cc1,5.960301,-5.88296
110,mol288,-12.63,Cc1cc(NC(=O)c2ccc(C(=O)Nc3ccc4c(c3)OC(F)(F)O4)cc2)ccc1NC(=O)c1ccc(-c2ccccc2)cc1,Cc1cc(NC(=O)c2ccc(C(=O)Nc3ccc4c(c3)OC(F)(F)O4)cc2)ccc1NC(=O)c1ccc(-c2ccccc2)cc1,6.042774,-6.989255
260,mol435,-12.63,Nc1ncc(-c2ccc(C(=O)NCCCc3cccc(C(=O)Nc4cccc(C(=O)O)c4)c3)cc2)cn1,Nc1ncc(-c2ccc(C(=O)NCCCc3cccc(C(=O)Nc4cccc(C(=O)O)c4)c3)cc2)cn1,6.753346,-4.6717486
780,mol497,-12.63,CCc1cc(C(=O)Nc2ccc(Oc3ccncc3)cc2CNC(=O)c2cccc(C(=O)Nc3ccccc3C(=O)O)c2)on1,CCc1cc(C(=O)Nc2ccc(Oc3ccncc3)cc2CNC(=O)c2cccc(C(=O)Nc3ccccc3C(=O)O)c2)on1,6.655347,-6.022631
940,mol363,-12.63,Cc1ccc(NC(=O)Nc2ccc(Oc3ccnc(Nc4cccc(C(=O)NC5CCCC5)c4)c3)cc2)cc1,Cc1ccc(NC(=O)Nc2ccc(Oc3ccnc(Nc4cccc(C(=O)NC5CCCC5)c4)c3)cc2)cc1,6.2346587,-6.9496193
450,mol307,-12.63,Cc1ccc(CONC(=O)c2cc(-c3ccc(C(=O)NCc4ccccc4)cc3)ccc2N)cc1,Cc1ccc(CONC(=O)c2cc(-c3ccc(C(=O)NCc4ccccc4)cc3)ccc2N)cc1,5.927672,-6.45321
490,mol20,-12.63,CN(c1ccc(C(=O)NO)cc1)S(=O)(=O)c1ccc(Nc2ccnc3ccccc23)cc1,CN(c1ccc(C(=O)NO)cc1)S(=O)(=O)c1ccc(Nc2ccnc3ccccc23)cc1,6.508406,-5.5177193
130,mol403,-12.63,Cc1ccc(-n2nc(C(C)(C)C)cc2NC(=O)Nc2ccc(-c3cc4ccccc4o3)cc2)cc1,Cc1ccc(-n2nc(C(C)(C)C)cc2NC(=O)Nc2ccc(-c3cc4ccccc4o3)cc2)cc1,6.0679083,-7.085772
250,mol163,-12.63,Cc1ccc(-n2nc(C(C)(C)C)cc2NC(=O)Nc2cccc(Nc3ccnc4ccccc34)c2)cc1,Cc1ccc(-n2nc(C(C)(C)C)cc2NC(=O)Nc2cccc(Nc3ccnc4ccccc34)c2)cc1,6.163689,-6.859398
800,mol300,-12.63,COc1ccc(Cc2cc(NC(=O)c3cccc4ccccc34)ncn2)cc1,COc1ccc(Cc2cc(NC(=O)c3cccc4ccccc34)ncn2)cc1,6.0660267,-5.6210303
480,mol398,-12.62,Cc1cc(Nc2nccc(-c3cccnc3)n2)cc(N2Cc3ccccc3C2=O)c1,Cc1cc(Nc2nccc(-c3cccnc3)n2)cc(N2Cc3ccccc3C2=O)c1,5.909619,-4.9502954
840,mol9,-12.62,CN(Cc1ccc(Oc2ccc(C(=O)O)cc2)cc1)C(=O)c1ccc(NC(=O)c2ccc(Oc3ccccc3)cc2)cc1,CN(Cc1ccc(Oc2ccc(C(=O)O)cc2)cc1)C(=O)c1ccc(NC(=O)c2ccc(Oc3ccccc3)cc2)cc1,6.4434037,-6.2168217
740,mol234,-12.62,Cc1ccc(Nc2ccc3cc[nH]c3c2)cc1NC(=O)c1ccc(NCc2ccccn2)cc1,Cc1ccc(Nc2ccc3cc[nH]c3c2)cc1NC(=O)c1ccc(NCc2ccccn2)cc1,5.9204326,-6.0075655
340,mol290,-12.62,Cc1ccc(C(=O)Nc2ccc(C(=O)Nc3cccc(-c4ccncc4)c3)cc2)cc1,Cc1ccc(C(=O)Nc2ccc(C(=O)Nc3cccc(-c4ccncc4)c3)cc2)cc1,6.066512,-6.461604
490,mol108,-12.62,Cc1ccc(C(=O)Nc2cccc(Oc3ccc4ccccc4n3)c2)cc1,Cc1ccc(C(=O)Nc2cccc(Oc3ccc4ccccc4n3)c2)cc1,6.074275,-6.711593
220,mol5,-12.62,Cc1ccc(NC(=O)c2cccc(NC(=O)c3cccc(C(=O)Nc4ccc(-c5nn[nH]n5)cc4)c3)c2)cc1,Cc1ccc(NC(=O)c2cccc(NC(=O)c3cccc(C(=O)Nc4ccc(-c5nn[nH]n5)cc4)c3)c2)cc1,5.973168,-6.460803
410,mol394,-12.62,CC(=O)CC[C@@H](NC(=O)c1cccc(NC(=O)c2cccc(C(=O)Nc3cccc(S(N)(=O)=O)c3)c2)c1)C(=O)N[C@@H](C)C(=O)O,CC(=O)CC[C@@H](NC(=O)c1cccc(NC(=O)c2cccc(C(=O)Nc3cccc(S(N)(=O)=O)c3)c2)c1)C(=O)N[C@@H](C)C(=O)O,7.3330255,-3.332242
250,mol342,-12.62,CNc1cccc(-c2cccc(-c3ccc(C(=O)Nc4cccc(C(F)F)c4)cc3)c2)c1,CNc1cccc(-c2cccc(-c3ccc(C(=O)Nc4cccc(C(F)F)c4)cc3)c2)c1,5.761094,-6.6513653
470,mol43,-12.62,NC(=O)c1ccc(-c2ccc(-c3cncc(C(=O)Nc4ccc(-c5cnc(N)nc5N)cc4)c3)cc2)cc1,NC(=O)c1ccc(-c2ccc(-c3cncc(C(=O)Nc4ccc(-c5cnc(N)nc5N)cc4)c3)cc2)cc1,6.0141306,-6.1979256
480,mol302,-12.62,C[C@H](CNc1ccc(Nc2ccnc3cc(C(N)N)ccc23)cc1)NC(=O)[C@H]1CC[C@@H](N2CC[C@H](Cc3ccccc3)CC2=O)CC1,C[C@H](CNc1ccc(Nc2ccnc3cc(C(N)N)ccc23)cc1)NC(=O)[C@H]1CC[C@@H](N2CC[C@H](Cc3ccccc3)CC2=O)CC1,7.18782,-5.240214
350,mol289,-12.62,Cc1cc(NC(=O)c2cccc(COc3ccc(C(=O)c4ccc(F)cc4)cc3)c2)ccc1N1CCC(=O)NC1=O,Cc1cc(NC(=O)c2cccc(COc3ccc(C(=O)c4ccc(F)cc4)cc3)c2)ccc1N1CCC(=O)NC1=O,6.469871,-7.0741086
420,mol298,-12.62,Cc1oc(-c2ccccc2C(F)(F)F)nc1CCOc1ccc(C(=O)Nc2cccc(C(=O)O)c2)cc1,Cc1oc(-c2ccccc2C(F)(F)F)nc1CCOc1ccc(C(=O)Nc2cccc(C(=O)O)c2)cc1,6.7817025,-6.464126
480,mol387,-12.62,Cc1ccc(Oc2ccc(N)cc2)cc1NC(=O)c1ccc(Nc2ccnc3cc(Cl)ccc23)cc1,Cc1ccc(Oc2ccc(N)cc2)cc1NC(=O)c1ccc(Nc2ccnc3cc(Cl)ccc23)cc1,5.9406443,-6.8908052
240,mol56,-12.62,Cc1ccc(NC(=O)c2ccc(C(C)(C)C)cc2)cc1Nc1ncnn2cc(C(=O)N[C@H](C)c3ccccc3)cc12,Cc1ccc(NC(=O)c2ccc(C(C)(C)C)cc2)cc1Nc1ncnn2cc(C(=O)N[C@H](C)c3ccccc3)cc12,6.638065,-6.71859
800,mol24,-12.62,Cc1ccc(Oc2cccc(NC(=O)c3ccc4ccccc4c3O)c2)cc1,Cc1ccc(Oc2cccc(NC(=O)c3ccc4ccccc4c3O)c2)cc1,5.7359347,-6.721802
810,mol227,-12.62,Cc1ccc(CNC(=O)c2cccc(Cn3ccc(NC(=O)Nc4cccc(C(=O)O)c4)nc3=O)c2)cc1,Cc1ccc(CNC(=O)c2cccc(Cn3ccc(NC(=O)Nc4cccc(C(=O)O)c4)nc3=O)c2)cc1,6.4480753,-5.5101786
700,mol232,-12.62,CCc1ccc(NS(=O)(=O)c2ccc(NC(=O)c3ccc4ccccc4n3)cc2)cc1NC(=O)c1ccc(Br)o1,CCc1ccc(NS(=O)(=O)c2ccc(NC(=O)c3ccc4ccccc4n3)cc2)cc1NC(=O)c1ccc(Br)o1,6.3613153,-6.1096244
720,mol492,-12.62,C/C(=N\NC(=O)c1cccc(C(N)=O)c1)c1ccc(NC(=O)c2ccc(CNC(=O)c3cc4ccccc4o3)cc2)cc1,C/C(=N\NC(=O)c1cccc(C(N)=O)c1)c1ccc(NC(=O)c2ccc(CNC(=O)c3cc4ccccc4o3)cc2)cc1,6.357425,-6.543855
390,mol320,-12.62,Nc1c(C(=O)Nc2ccc3ccccc3c2)cnn1-c1cccc(C(=O)O)c1,Nc1c(C(=O)Nc2ccc3ccccc3c2)cnn1-c1cccc(C(=O)O)c1,6.4823627,-4.6291003
410,mol440,-12.62,Cc1ccccc1-c1cc(NC(=O)c2cccc(C(=O)Nc3ccccc3)c2)ncn1,Cc1ccccc1-c1cc(NC(=O)c2cccc(C(=O)Nc3ccccc3)c2)ncn1,6.3063307,-6.698663
200,mol187,-12.62,O=C(NCc1ccccc1)c1ccc(Nc2ncc3cc(Cc4ccccc4)ccc3n2)cc1,O=C(NCc1ccccc1)c1ccc(Nc2ncc3cc(Cc4ccccc4)ccc3n2)cc1,6.063611,-6.6863146
530,mol124,-12.62,Cn1cc(-c2ccc3cc(NC(=O)c4ccc(Cl)c(C(F)(F)F)c4)ccc3[n+]2C)cn1,Cn1cc(-c2ccc3cc(NC(=O)c4ccc(Cl)c(C(F)(F)F)c4)ccc3[n+]2C)cn1,6.187575,-5.70108
180,mol120,-12.62,Cc1ccc(NC(=O)c2ccc(C(N)=O)cc2)cc1NC(=O)c1ccc(-c2cc(Cl)ccc2Cl)o1,Cc1ccc(NC(=O)c2ccc(C(N)=O)cc2)cc1NC(=O)c1ccc(-c2cc(Cl)ccc2Cl)o1,6.384481,-6.941548
580,mol47,-12.62,Cc1ccc(C(=O)Nc2cc(C(=O)Nc3cc(C(=O)Nc4cccc(C(=O)O)c4)[nH]n3)ccc2Cl)cc1,Cc1ccc(C(=O)Nc2cc(C(=O)Nc3cc(C(=O)Nc4cccc(C(=O)O)c4)[nH]n3)ccc2Cl)cc1,6.406439,-6.193622
170,mol129,-12.62,Cc1cc(/C=C/c2cccc(C(=O)O)c2)cc(OCc2ccc(C(=O)/N=N/c3ccccc3C(=O)O)cc2)c1,Cc1cc(/C=C/c2cccc(C(=O)O)c2)cc(OCc2ccc(C(=O)/N=N/c3ccccc3C(=O)O)cc2)c1,6.363536,-6.61791
360,mol313,-12.62,Cc1cc(NC(=O)c2ccc(C(=O)Nc3cc(-c4ccccc4)ccc3N3CCOCC3)cc2)cc(C)c1O,Cc1cc(NC(=O)c2ccc(C(=O)Nc3cc(-c4ccccc4)ccc3N3CCOCC3)cc2)cc(C)c1O,6.557555,-6.1778154
310,mol451,-12.62,Cc1ccc(Oc2ccc(NC(=O)/C=C/c3cc(C(=O)NCc4ccccc4)ccc3O)cc2)cc1,Cc1ccc(Oc2ccc(NC(=O)/C=C/c3cc(C(=O)NCc4ccccc4)ccc3O)cc2)cc1,5.850041,-6.6800904
320,mol67,-12.62,Cc1ccc(-c2cc(NC(=O)c3ccccc3C(=O)O)ccc2Nc2nccc(C[NH+]3CCN(c4ccc(Cl)cc4)CC3)n2)cc1,Cc1ccc(-c2cc(NC(=O)c3ccccc3C(=O)O)ccc2Nc2nccc(C[NH+]3CCN(c4ccc(Cl)cc4)CC3)n2)cc1,6.233503,-5.570139
130,mol69,-12.62,Cc1ccc(NC(=O)c2ccc(C[N@H+]3CC[N@H+](C)CC3)cc2)cc1Nc1nccc(-c2ccccn2)n1,Cc1ccc(NC(=O)c2ccc(C[N@H+]3CC[N@H+](C)CC3)cc2)cc1Nc1nccc(-c2ccccn2)n1,6.7957215,-2.8654087
430,mol301,-12.62,CC[C@H](NC(=O)CCCNc1cc(Oc2cccc(NC(=O)Nc3ccc(C[NH+]4CCCCC4)cc3)c2)cc(C(=O)O)c1)c1ccccc1,CC[C@H](NC(=O)CCCNc1cc(Oc2cccc(NC(=O)Nc3ccc(C[NH+]4CCCCC4)cc3)c2)cc(C(=O)O)c1)c1ccccc1,6.5236187,-5.6132565
110,mol246,-12.62,Cc1ccc(F)cc1C(=O)Nc1ccc(Cc2nnc(Nc3ccc(Oc4ccccc4)cc3)o2)cc1,Cc1ccc(F)cc1C(=O)Nc1ccc(Cc2nnc(Nc3ccc(Oc4ccccc4)cc3)o2)cc1,5.8899984,-7.2159557
450,mol429,-12.62,Nc1nc(Nc2ccc(S(N)(=O)=O)cc2)sc1C(=O)c1c(O)cccc1Cc1ccccc1,Nc1nc(Nc2ccc(S(N)(=O)=O)cc2)sc1C(=O)c1c(O)cccc1Cc1ccccc1,6.199099,-5.4487495
980,mol443,-12.62,Cc1ccc(NS(=O)(=O)c2ccc(-c3ccc(C(=O)O)cc3)cc2)cc1C,Cc1ccc(NS(=O)(=O)c2ccc(-c3ccc(C(=O)O)cc3)cc2)cc1C,6.7445626,-4.917966
980,mol64,-12.62,Cc1cccc(-n2nc(C(=O)NCc3ccccc3)cc2NC(=O)Nc2ccc(S(=O)(=O)Nc3ccccc3)cc2)c1,Cc1cccc(-n2nc(C(=O)NCc3ccccc3)cc2NC(=O)Nc2ccc(S(=O)(=O)Nc3ccccc3)cc2)c1,6.4312243,-6.7439456
440,mol250,-12.62,Cc1cccc(-n2nc(C(=O)NCc3cccnc3)cc2NC(=O)Nc2ccc(Oc3ccnc4[nH]ccc34)cc2)c1,Cc1cccc(-n2nc(C(=O)NCc3cccnc3)cc2NC(=O)Nc2ccc(Oc3ccnc4[nH]ccc34)cc2)c1,6.7882075,-6.6968594
980,mol138,-12.62,Cc1cccc(-n2nc(-c3cccc(C(=O)Nc4cccc(OC(F)(F)F)c4)c3)cc2NC(=O)Nc2cccc(S(N)(=O)=O)c2)c1,Cc1cccc(-n2nc(-c3cccc(C(=O)Nc4cccc(OC(F)(F)F)c4)c3)cc2NC(=O)Nc2cccc(S(N)(=O)=O)c2)c1,6.435915,-6.8484573
390,mol418,-12.62,Cc1cccc(Nc2nc3cccc(NC(=O)Nc4cccc(C(=O)O)c4)c3s2)c1,Cc1cccc(Nc2nc3cccc(NC(=O)Nc4cccc(C(=O)O)c4)c3s2)c1,6.450121,-6.0206084
510,mol485,-12.62,Cc1nc(N)cc(Nc2cccc(C(=O)Nc3ccc4c[nH]nc4c3)c2)c1Nc1nccc(-c2cccnc2)n1,Cc1nc(N)cc(Nc2cccc(C(=O)Nc3ccc4c[nH]nc4c3)c2)c1Nc1nccc(-c2cccnc2)n1,6.582405,-5.911668
320,mol412,-12.62,Nc1ccc(C(=O)Nc2cccc(Oc3ccc4ccccc4c3)c2)cc1,Nc1ccc(C(=O)Nc2cccc(Oc3ccc4ccccc4c3)c2)cc1,6.172411,-6.7530637
400,mol203,-12.62,Cc1ccc(C(=O)Nc2ccc(Oc3ccc4c(c3)CCC(=O)N4)cc2)cc1,Cc1ccc(C(=O)Nc2ccc(Oc3ccc4c(c3)CCC(=O)N4)cc2)cc1,6.2163806,-6.2344255
270,mol478,-12.62,Cc1cc(C(=O)Nc2ccc(C(=O)Nc3ccc(C(=O)O)cc3)cc2)ccc1N,Cc1cc(C(=O)Nc2ccc(C(=O)Nc3ccc(C(=O)O)cc3)cc2)ccc1N,6.757359,-5.3119526
890,mol478,-12.62,Cc1ccc(C(=O)NCCOc2ccc(C(=O)O)cc2)cc1NC(=O)c1ccc(-c2ccccc2)cc1,Cc1ccc(C(=O)NCCOc2ccc(C(=O)O)cc2)cc1NC(=O)c1ccc(-c2ccccc2)cc1,6.4254165,-6.1901994
890,mol115,-12.62,C[C@H](Oc1ccc(-c2cc(=O)n3ccccc3n2)cc1)C(=O)Nc1ccc(C(N)N)cc1,C[C@H](Oc1ccc(-c2cc(=O)n3ccccc3n2)cc1)C(=O)Nc1ccc(C(N)N)cc1,6.0994887,-4.6897373
420,mol198,-12.62,Cc1ccc(C(=O)Nc2ccc(Cc3ccc4n[nH]cc4c3)cc2C(=O)O)cc1,Cc1ccc(C(=O)Nc2ccc(Cc3ccc4n[nH]cc4c3)cc2C(=O)O)cc1,6.1960115,-5.7391195
30,mol255,-12.62,c1ccc(-c2ccc(-c3cc(-c4ccncc4)ncn3)cc2-c2ccc(CNCc3ccc4ncsc4n3)cc2)cc1,c1ccc(-c2ccc(-c3cc(-c4ccncc4)ncn3)cc2-c2ccc(CNCc3ccc4ncsc4n3)cc2)cc1,6.1473594,-6.41936
20,mol242,-12.62,Cc1cc(Oc2ccc(Nc3nc4c(N)nccc4o3)cc2)ccc1N1C(=O)CCc2ccccc21,Cc1cc(Oc2ccc(Nc3nc4c(N)nccc4o3)cc2)ccc1N1C(=O)CCc2ccccc21,6.41794,-6.5913787
670,mol289,-12.62,Cc1c(NC(=O)c2cccc(Nc3ncnc4ccc(N5CC[C@H](O)C5)cc34)n2)ccc(C(=O)O)c1F,Cc1c(NC(=O)c2cccc(Nc3ncnc4ccc(N5CC[C@H](O)C5)cc34)n2)ccc(C(=O)O)c1F,6.9742384,-5.0912037
900,mol449,-12.62,CN(NC(=O)c1ccc(Oc2cccc3ccccc23)cc1)C(=O)c1cccc(C(N)N)c1,CN(NC(=O)c1ccc(Oc2cccc3ccccc23)cc1)C(=O)c1cccc(C(N)N)c1,6.148566,-5.4864497
850,mol62,-12.61,CN(Cc1cnc(CNC(=O)c2cc3ccccc3o2)s1)C(=O)c1ccc(CNC(=O)c2cccc3ccccc23)cc1,CN(Cc1cnc(CNC(=O)c2cc3ccccc3o2)s1)C(=O)c1ccc(CNC(=O)c2cccc3ccccc23)cc1,6.464498,-6.1048203
100,mol285,-12.61,CNC(=O)Nc1cc(CCc2cccc(Nc3ccnc4cc(Cl)ccc34)c2)ccn1,CNC(=O)Nc1cc(CCc2cccc(Nc3ccnc4cc(Cl)ccc34)c2)ccn1,6.5353594,-6.47123
860,mol144,-12.61,Cc1ccccc1C(=O)Nc1ccccc1C(=O)Nc1ccc(C(=O)c2cccc(C(=O)O)c2)cc1,Cc1ccccc1C(=O)Nc1ccccc1C(=O)Nc1ccc(C(=O)c2cccc(C(=O)O)c2)cc1,6.37626,-6.14253
210,mol169,-12.61,Cc1ccc(S(=O)(=O)Nc2cccc(-c3cc4ccc(C#N)cc4[nH]3)c2F)cc1,Cc1ccc(S(=O)(=O)Nc2cccc(-c3cc4ccc(C#N)cc4[nH]3)c2F)cc1,6.4295244,-6.6464286
990,mol288,-12.61,Cn1cc(-c2cccc(C(=O)O)c2)cc1-c1ccc(-c2cnc3ccccn23)cc1,Cn1cc(-c2cccc(C(=O)O)c2)cc1-c1ccc(-c2cnc3ccccn23)cc1,5.8512745,-5.492776
260,mol128,-12.61,Cc1ccc(C(=O)Nc2ccon2)cc1-c1ccc2nc(Nc3ccccc3)ncc2n1,Cc1ccc(C(=O)Nc2ccon2)cc1-c1ccc2nc(Nc3ccccc3)ncc2n1,6.669954,-6.5783873
340,mol56,-12.61,Cc1cc(Cl)c(C(=O)Nc2ccc(Nc3nc(Nc4cccc(S(N)(=O)=O)c4)c4cc[nH]c4n3)cc2)cn1,Cc1cc(Cl)c(C(=O)Nc2ccc(Nc3nc(Nc4cccc(S(N)(=O)=O)c4)c4cc[nH]c4n3)cc2)cn1,6.837566,-5.8011165
360,mol97,-12.61,CNC(=O)c1ccc(-c2ccc(-c3cccc(CC(N)N)c3)cc2)cc1,CNC(=O)c1ccc(-c2ccc(-c3cccc(CC(N)N)c3)cc2)cc1,6.4183455,-3.7627532
850,mol446,-12.61,CC(=O)Nc1ccc(Oc2ccc(Oc3ccc4c(=O)cc(-c5ccccc5)oc4c3)cc2)cc1,CC(=O)Nc1ccc(Oc2ccc(Oc3ccc4c(=O)cc(-c5ccccc5)oc4c3)cc2)cc1,6.0222616,-7.1291885
260,mol346,-12.61,Cc1c(Cl)nc(Nc2ccc3c(c2)Cc2ccc(C(=O)O)cc2-3)nc1N1CCN(C(=O)c2ccccc2)CC1,Cc1c(Cl)nc(Nc2ccc3c(c2)Cc2ccc(C(=O)O)cc2-3)nc1N1CCN(C(=O)c2ccccc2)CC1,6.973805,-5.4716053
550,mol218,-12.61,NC(N)c1ccc(CNc2nccc(-c3cccc4ccccc34)n2)cc1,NC(N)c1ccc(CNc2nccc(-c3cccc4ccccc34)n2)cc1,6.2267127,-4.383697
250,mol364,-12.61,c1cc(Nc2ccnc(-c3cccc4ccccc34)n2)cc(NC2CCCCC2)c1,c1cc(Nc2ccnc(-c3cccc4ccccc34)n2)cc(NC2CCCCC2)c1,6.4693003,-6.489893
380,mol224,-12.61,Cc1cc(Nc2ccc(F)c(C(=O)O)c2)cc(C(=O)Nc2ccc(C(=O)N[C@H](Cc3ccc(O)cc3)[C@H](O)COc3ccccc3)cc2)c1,Cc1cc(Nc2ccc(F)c(C(=O)O)c2)cc(C(=O)Nc2ccc(C(=O)N[C@H](Cc3ccc(O)cc3)[C@H](O)COc3ccccc3)cc2)c1,6.63115,-5.989531
210,mol23,-12.61,CN(NC(=O)c1ccc(CCNc2ccnc3ccc(N(Cc4ccccc4)C(=O)c4ccccc4)cc23)cc1)C(=O)c1ccc(Oc2ccccc2)cc1,CN(NC(=O)c1ccc(CCNc2ccnc3ccc(N(Cc4ccccc4)C(=O)c4ccccc4)cc23)cc1)C(=O)c1ccc(Oc2ccccc2)cc1,6.1139946,-6.3664036
440,mol84,-12.61,Cc1ccc(NC(=O)Nc2cccc(-c3ncc(C(=O)Nc4ccccc4)s3)c2)cc1Nc1ncccc1-c1cccnc1,Cc1ccc(NC(=O)Nc2cccc(-c3ncc(C(=O)Nc4ccccc4)s3)c2)cc1Nc1ncccc1-c1cccnc1,6.5333943,-6.6858215
820,mol177,-12.61,Cc1cccc(-n2nc(-c3ccc(C(=O)NCc4ccccc4)cc3)cc2NC(=O)Nc2cccc3ccccc23)c1,Cc1cccc(-n2nc(-c3ccc(C(=O)NCc4ccccc4)cc3)cc2NC(=O)Nc2cccc3ccccc23)c1,6.042581,-7.0948334
200,mol209,-12.61,Cc1cc(NC(=O)c2ccc(Nc3nccc(-c4cc5ccccc5s4)n3)cc2)on1,Cc1cc(NC(=O)c2ccc(Nc3nccc(-c4cc5ccccc5s4)n3)cc2)on1,6.213138,-6.6204643
410,mol176,-12.61,Cn1c(Nc2cccc(C(=O)Nc3cccc(C(=O)O)c3)c2)nc2cc(-c3ccccc3)sc2c1=O,Cn1c(Nc2cccc(C(=O)Nc3cccc(C(=O)O)c3)c2)nc2cc(-c3ccccc3)sc2c1=O,6.4436474,-6.187323
430,mol423,-12.61,Cc1ccc(C(=O)Nc2cc(C(=O)O)cc(C(=O)O)c2)cc1NC(=O)c1cnn(-c2nccc(N)n2)c1,Cc1ccc(C(=O)Nc2cc(C(=O)O)cc(C(=O)O)c2)cc1NC(=O)c1cnn(-c2nccc(N)n2)c1,6.7132263,-4.0265827
820,mol283,-12.61,Cc1ccc(C(=O)Nc2ccc(C(N)N)cc2)cc1-c1ccc(C(=O)N[C@H]2C[NH2+]C[C@@H]2O)cc1,Cc1ccc(C(=O)Nc2ccc(C(N)N)cc2)cc1-c1ccc(C(=O)N[C@H]2C[NH2+]C[C@@H]2O)cc1,6.8689613,-3.0100865
410,mol27,-12.61,Cc1ccc(C(=O)Nc2ccc(C(=O)Nc3nnn[nH]3)cc2)cc1C(=O)Nc1ccc(N2CCOCC2)cc1,Cc1ccc(C(=O)Nc2ccc(C(=O)Nc3nnn[nH]3)cc2)cc1C(=O)Nc1ccc(N2CCOCC2)cc1,6.564773,-5.6349287
90,mol54,-12.61,Nc1c(-c2ccccc2)c2ccccc2n1CCNC(=O)c1ccc(N2CCc3ccccc3C2)cc1,Nc1c(-c2ccccc2)c2ccccc2n1CCNC(=O)c1ccc(N2CCc3ccccc3C2)cc1,5.9145594,-6.138858
810,mol171,-12.61,CCC(=O)Nc1ccc(-c2ccc3c(Nc4cccc(OCc5ccccc5)c4)nccc3n2)cc1,CCC(=O)Nc1ccc(-c2ccc3c(Nc4cccc(OCc5ccccc5)c4)nccc3n2)cc1,5.779576,-6.825589
880,mol9,-12.61,Cc1ccc(-c2nc(CSc3ccc(NC(=O)[C@H]4CCCN4C(=O)Cc4ccccc4)cc3)co2)cc1,Cc1ccc(-c2nc(CSc3ccc(NC(=O)[C@H]4CCCN4C(=O)Cc4ccccc4)cc3)co2)cc1,6.13734,-6.264103
180,mol187,-12.61,Cc1cccc(Nc2nc(-c3cccc(-c4ccccc4F)c3)co2)c1,Cc1cccc(Nc2nc(-c3cccc(-c4ccccc4F)c3)co2)c1,6.2167544,-6.933927
890,mol290,-12.61,COc1cc(-c2ccc(OCc3cccc(-c4cccnc4)c3)cc2)cc(OC)c1OCc1cc(-c2ccc(NS(C)(=O)=O)cc2)ccc1C(=O)O,COc1cc(-c2ccc(OCc3cccc(-c4cccnc4)c3)cc2)cc(OC)c1OCc1cc(-c2ccc(NS(C)(=O)=O)cc2)ccc1C(=O)O,6.290803,-6.9537473
570,mol484,-12.61,CNC(=O)c1ccc(-c2ccc(C(=O)Nc3cccc(Oc4ccccc4)c3)cc2)cc1,CNC(=O)c1ccc(-c2ccc(C(=O)Nc3cccc(Oc4ccccc4)c3)cc2)cc1,6.0163417,-7.129251
540,mol423,-12.61,Cc1cnc(Nc2nnc(-c3ccc4c(c3)CC(=O)N4)s2)cc1NC(=O)c1cccc(C(=O)O)c1,Cc1cnc(Nc2nnc(-c3ccc4c(c3)CC(=O)N4)s2)cc1NC(=O)c1cccc(C(=O)O)c1,6.3847156,-5.057681
940,mol125,-12.61,Cc1cccc(CNC(=O)c2ccc(Oc3ccc(-c4ccc(C(=O)N5CCOCC5)cc4)cc3)cn2)c1,Cc1cccc(CNC(=O)c2ccc(Oc3ccc(-c4ccc(C(=O)N5CCOCC5)cc4)cc3)cn2)c1,6.26704,-6.2561073
950,mol385,-12.61,COc1ccc(Oc2ccc(-c3ccc(-c4ncc(CCC(=O)O)nc4C(F)(F)F)cc3)cn2)c2[nH]ccc12,COc1ccc(Oc2ccc(-c3ccc(-c4ncc(CCC(=O)O)nc4C(F)(F)F)cc3)cn2)c2[nH]ccc12,6.7405224,-6.546702
360,mol298,-12.61,Cc1ccc(-c2ccc(NC(=O)c3cc(Nc4ccnc5ccccc45)cc(C(=O)NCc4ccccc4)c3)cc2)cc1,Cc1ccc(-c2ccc(NC(=O)c3cc(Nc4ccnc5ccccc45)cc(C(=O)NCc4ccccc4)c3)cc2)cc1,5.9265785,-6.6394324
460,mol69,-12.61,Cc1cnccc1Nc1cc(-c2cccc(Cc3ccccc3)c2)cnn1,Cc1cnccc1Nc1cc(-c2cccc(Cc3ccccc3)c2)cnn1,6.4469247,-5.852984
530,mol174,-12.61,CNC(=O)c1cnc(Oc2ccc(C(=O)NCc3ccc(-c4ccccc4C[NH+]4CCCCC4)cc3)cc2)cc1NCc1ccccc1,CNC(=O)c1cnc(Oc2ccc(C(=O)NCc3ccc(-c4ccccc4C[NH+]4CCCCC4)cc3)cc2)cc1NCc1ccccc1,6.3057795,-6.088493
330,mol458,-12.61,Cc1ccc(NC(=O)c2ccc(C(=O)Nc3cccc(C(=O)c4ccccc4)c3)cc2)cc1,Cc1ccc(NC(=O)c2ccc(C(=O)Nc3cccc(C(=O)c4ccccc4)c3)cc2)cc1,6.0506005,-6.592508
50,mol243,-12.61,Nc1ncnc2ccc(-c3cccc(C(=O)NCCc4ccccc4)c3)cc12,Nc1ncnc2ccc(-c3cccc(C(=O)NCCc4ccccc4)c3)cc12,6.23449,-4.1191754
510,mol245,-12.61,Cc1ccc(/N=C/c2ccc(O)c(O)c2)cc1NC(=O)c1ccc(Nc2ccnc3cc(Cl)ccc23)cc1,Cc1ccc(/N=C/c2ccc(O)c(O)c2)cc1NC(=O)c1ccc(Nc2ccnc3cc(Cl)ccc23)cc1,5.970321,-6.8329244
270,mol396,-12.61,Cc1ccc(NC(=O)c2cccc(C(=O)NCc3ccc4ccccc4n3)c2)cc1,Cc1ccc(NC(=O)c2cccc(C(=O)NCc3ccc4ccccc4n3)c2)cc1,5.7088847,-5.593458
270,mol460,-12.61,Cc1cc(Oc2cccc(OCc3nc(-c4ccc(C(=O)O)cc4)ncc3[N+](=O)[O-])c2)ccc1C(F)(F)F,Cc1cc(Oc2cccc(OCc3nc(-c4ccc(C(=O)O)cc4)ncc3[N+](=O)[O-])c2)ccc1C(F)(F)F,6.888676,-6.292215
660,mol258,-12.61,Cc1ccc(C(=O)Nc2ccc(Oc3ccc(-c4ccccc4)cc3)cc2)cc1,Cc1ccc(C(=O)Nc2ccc(Oc3ccc(-c4ccccc4)cc3)cc2)cc1,5.8752456,-7.2647686
390,mol182,-12.61,Cc1c(Oc2ccccc2Oc2nc(N)cc(Nc3ccc(N4CCOCC4)cc3)n2)ccc2ccccc12,Cc1c(Oc2ccccc2Oc2nc(N)cc(Nc3ccc(N4CCOCC4)cc3)n2)ccc2ccccc12,5.968538,-7.0169444
320,mol463,-12.61,Cc1ccc(C(=O)Nc2cc(C(F)(F)F)cc(C(F)(F)F)c2)cc1Nc1nccc(-c2cccnc2)n1,Cc1ccc(C(=O)Nc2cc(C(F)(F)F)cc(C(F)(F)F)c2)cc1Nc1nccc(-c2cccnc2)n1,6.397273,-6.8542275
510,mol477,-12.61,Cc1cccc(NC(=O)c2ccccc2Cc2cccc(NC(=O)c3ccc(C(C)(C)C)cc3)c2)c1,Cc1cccc(NC(=O)c2ccccc2Cc2cccc(NC(=O)c3ccc(C(C)(C)C)cc3)c2)c1,6.1704426,-7.2652235
670,mol496,-12.61,C1=Cc2cc(OCc3ccccc3)ccc2N(c2cccc(-c3nnn[nH]3)c2)C1,C1=Cc2cc(OCc3ccccc3)ccc2N(c2cccc(-c3nnn[nH]3)c2)C1,6.2601185,-5.0002046
290,mol387,-12.61,Cc1ccc(C(=O)Nc2ccc([C@@H](O)c3ccc(F)cc3)cc2C(=O)O)cc1,Cc1ccc(C(=O)Nc2ccc([C@@H](O)c3ccc(F)cc3)cc2C(=O)O)cc1,7.118717,-4.7845902
630,mol251,-12.61,Cc1ccc(CNC(=O)c2ccc3ccccc3n2)cc1NC(=O)c1ccc(C(=O)NC(C)(C)C)cc1,Cc1ccc(CNC(=O)c2ccc3ccccc3n2)cc1NC(=O)c1ccc(C(=O)NC(C)(C)C)cc1,6.742884,-6.2685723
810,mol11,-12.6,Cc1cccc(-n2nc(-c3ccc(NC(=O)Nc4cccc(C(=O)O)c4)s3)cc2NC(=O)Nc2cccc(C(N)=O)c2)c1,Cc1cccc(-n2nc(-c3ccc(NC(=O)Nc4cccc(C(=O)O)c4)s3)cc2NC(=O)Nc2cccc(C(N)=O)c2)c1,6.618417,-6.4404945
600,mol12,-12.6,Cc1ccc(C(=O)Nc2ccc(-c3cnc(N)c(C(=O)NCc4ccccc4)c3)cc2)cc1,Cc1ccc(C(=O)Nc2ccc(-c3cnc(N)c(C(=O)NCc4ccccc4)c3)cc2)cc1,5.9433193,-6.509917
240,mol318,-12.6,Cc1cc(-c2cc(-c3ccc(C(=O)O)o3)on2)ccc1NS(=O)(=O)c1ccc(OCc2ccccc2)cc1,Cc1cc(-c2cc(-c3ccc(C(=O)O)o3)on2)ccc1NS(=O)(=O)c1ccc(OCc2ccccc2)cc1,6.5690913,-6.419167
180,mol296,-12.6,Cc1ccc(O)cc1Nc1ccnc(Nc2cccc(C(=O)Nc3ccc(Cl)c(C(F)(F)F)c3)c2)n1,Cc1ccc(O)cc1Nc1ccnc(Nc2cccc(C(=O)Nc3ccc(Cl)c(C(F)(F)F)c3)c2)n1,6.1909823,-6.790027
570,mol446,-12.6,Cc1ccc2cccc(Oc3cccc(NC(=O)Cc4ccccc4)c3)c2n1,Cc1ccc2cccc(Oc3cccc(NC(=O)Cc4ccccc4)c3)c2n1,6.3309736,-6.9183435
940,mol213,-12.6,CN(c1ccc(-c2ccc(C(=O)NO)cc2)cc1)S(=O)(=O)c1ccc(OCc2ccccc2)cc1,CN(c1ccc(-c2ccc(C(=O)NO)cc2)cc1)S(=O)(=O)c1ccc(OCc2ccccc2)cc1,6.0856414,-6.6082897
810,mol50,-12.6,Nc1ccc(Cc2ccc(Oc3ccc(O[PH](O)(O)O)c(C(=O)O)c3)cc2)cc1C(=O)c1ccccc1,Nc1ccc(Cc2ccc(Oc3ccc(O[PH](O)(O)O)c(C(=O)O)c3)cc2)cc1C(=O)c1ccccc1,6.4841123,-6.003347
350,mol220,-12.6,Cc1cccc(-c2nnc(Nc3cccc(C(=O)Nc4cccc(C(=O)O)c4)c3)o2)c1,Cc1cccc(-c2nnc(Nc3cccc(C(=O)Nc4cccc(C(=O)O)c4)c3)o2)c1,6.142649,-5.322849
490,mol422,-12.6,CNC(=O)c1ccc(Oc2cccc(-c3cc4cc(Cl)ccc4o3)c2)cc1,CNC(=O)c1ccc(Oc2cccc(-c3cc4cc(Cl)ccc4o3)c2)cc1,6.7529545,-6.8006787
200,mol202,-12.6,Cc1ccc(C(=O)Nc2cc(C(F)(F)F)ccc2N2CCC(NC(=O)c3ccc(C#N)cn3)CC2)cc1C(=O)Nc1ccn(Cc2ccccc2)n1,Cc1ccc(C(=O)Nc2cc(C(F)(F)F)ccc2N2CCC(NC(=O)c3ccc(C#N)cn3)CC2)cc1C(=O)Nc1ccn(Cc2ccccc2)n1,7.0016966,-6.693537
460,mol327,-12.6,Cc1cc(Nc2cc(C(=O)Nc3ccc4c(c3)cc(C(=O)O)n4Cc3ccc(C(=O)O)cc3)ccn2)cc(N)n1,Cc1cc(Nc2cc(C(=O)Nc3ccc4c(c3)cc(C(=O)O)n4Cc3ccc(C(=O)O)cc3)ccn2)cc(N)n1,7.032372,-5.167508
580,mol324,-12.6,Cc1ccc(C(=O)Nc2cccc(C(C)(C)C)c2O)cc1Nc1ncnn2cc(C(=O)Nc3ccccc3)cc12,Cc1ccc(C(=O)Nc2cccc(C(C)(C)C)c2O)cc1Nc1ncnn2cc(C(=O)Nc3ccccc3)cc12,6.8351445,-6.9757037
700,mol484,-12.6,CN(C(N)=O)c1ccccc1Nc1nc(Nc2cccc(C(=O)N3CCC(C(=O)N4CCOCC4)CC3)c2)nc2[nH]ccc12,CN(C(N)=O)c1ccccc1Nc1nc(Nc2cccc(C(=O)N3CCC(C(=O)N4CCOCC4)CC3)c2)nc2[nH]ccc12,7.8246293,-4.5348825
420,mol63,-12.6,NC(=O)n1cc(NC(=O)N2C[C@H](F)C[C@H]2C(=O)Nc2ccc(Oc3ccc4ccccc4c3)cc2)cn1,NC(=O)n1cc(NC(=O)N2C[C@H](F)C[C@H]2C(=O)Nc2ccc(Oc3ccc4ccccc4c3)cc2)cn1,6.3319507,-5.8287563
450,mol324,-12.6,Cc1ccc(NC(=O)Nc2ccc(Oc3ccnc4cc(-c5ccc(N)cc5)sc34)cc2)cc1,Cc1ccc(NC(=O)Nc2ccc(Oc3ccnc4cc(-c5ccc(N)cc5)sc34)cc2)cc1,5.8250685,-6.9331746
560,mol410,-12.6,CN(c1ccc(NC(=O)Cn2c(=O)[nH]c3ncc(-c4ccccc4)cc32)cc1)S(=O)(=O)c1ccc(OCc2ccccc2)cc1,CN(c1ccc(NC(=O)Cn2c(=O)[nH]c3ncc(-c4ccccc4)cc32)cc1)S(=O)(=O)c1ccc(OCc2ccccc2)cc1,6.3262305,-6.8150573
430,mol81,-12.6,c1ccc(POc2ccc3c(Nc4ccc(-c5cn[nH]c5-c5ccccc5)cc4)ccnc3c2)cc1,c1ccc(POc2ccc3c(Nc4ccc(-c5cn[nH]c5-c5ccccc5)cc4)ccnc3c2)cc1,5.7373886,-7.13906
560,mol439,-12.6,CN1Cc2cc(C(=O)Nc3ccc(Oc4ccncc4)cc3)ccc2-c2[nH]c(CO)cc21,CN1Cc2cc(C(=O)Nc3ccc(Oc4ccncc4)cc3)ccc2-c2[nH]c(CO)cc21,6.114225,-5.160849
120,mol190,-12.6,C(=C\c1ccc2ccccc2c1)/c1ccc(Nc2nccc(-c3ccccn3)n2)cc1,C(=C\c1ccc2ccccc2c1)/c1ccc(Nc2nccc(-c3ccccn3)n2)cc1,5.753986,-6.7333503
700,mol464,-12.6,Cc1ccc(C(=O)N2CCC(C)(N3CCc4ccccc4C3)CC2)cc1NC(=O)c1ccc(CNC(=O)c2ccncc2)cc1,Cc1ccc(C(=O)N2CCC(C)(N3CCc4ccccc4C3)CC2)cc1NC(=O)c1ccc(CNC(=O)c2ccncc2)cc1,6.7557807,-6.0527744
630,mol221,-12.6,c1ccc(CNc2nccc(-c3cccc(-c4c[nH]c5ncccc45)c3)n2)cc1,c1ccc(CNc2nccc(-c3cccc(-c4c[nH]c5ncccc45)c3)n2)cc1,6.024413,-5.7194376
310,mol199,-12.6,Cc1c(NCc2ccc(C(=O)NCc3ccccc3)cc2)cccc1-c1nc2nc(N)ncc2s1,Cc1c(NCc2ccc(C(=O)NCc3ccccc3)cc2)cccc1-c1nc2nc(N)ncc2s1,6.121071,-6.0860033
680,mol431,-12.6,Cc1ccc(-c2nc(C)c(NC(=O)c3ccc4c(c3)C[C@](O)(C(=O)NO)CC4)s2)cc1,Cc1ccc(-c2nc(C)c(NC(=O)c3ccc4c(c3)C[C@](O)(C(=O)NO)CC4)s2)cc1,6.9217486,-5.0171413
490,mol190,-12.6,O=C1CCCN1c1cccc(Nc2nccc(Nc3cccc4ccccc34)n2)c1,O=C1CCCN1c1cccc(Nc2nccc(Nc3cccc4ccccc34)n2)c1,6.26814,-5.438823
510,mol306,-12.6,CCc1cccc(-c2nc(C(=O)Nc3ccc(Oc4ccnc(Nc5ccccc5)n4)cc3)cs2)c1,CCc1cccc(-c2nc(C(=O)Nc3ccc(Oc4ccnc(Nc5ccccc5)n4)cc3)cs2)c1,6.0872436,-7.0692577
60,mol303,-12.6,Cc1c(C(=O)Nc2ccc(Cl)cc2)oc2ccc(-c3noc4cc(O)ccc34)cc12,Cc1c(C(=O)Nc2ccc(Cl)cc2)oc2ccc(-c3noc4cc(O)ccc34)cc12,5.9253297,-6.971651
990,mol326,-12.6,CCc1ccccc1NC(=O)c1ccc(-c2ccc(NC(=O)c3cc4ccccc4o3)cc2)cc1,CCc1ccccc1NC(=O)c1ccc(-c2ccc(NC(=O)c3cc4ccccc4o3)cc2)cc1,5.8192444,-6.816746
790,mol261,-12.6,COc1ccccc1Nc1ccc(C(=O)Nc2ccc(NC(=O)c3ccc4ccccc4n3)cc2)cc1,COc1ccccc1Nc1ccc(C(=O)Nc2ccc(NC(=O)c3ccc4ccccc4n3)cc2)cc1,6.143494,-6.8005724
550,mol87,-12.6,CCc1ccc(Nc2nc(N)nc(Cc3cccc(C(=O)NCc4ccc(C)cc4)c3)n2)cc1,CCc1ccc(Nc2nc(N)nc(Cc3cccc(C(=O)NCc4ccc(C)cc4)c3)n2)cc1,5.9682097,-5.3092546
1000,mol179,-12.6,Cc1ccc(NC(=O)c2cccc(-c3ccccc3)c2)cc1NC(=O)c1ccc(CN(C)Cc2ccc(C(=O)O)cc2)cc1,Cc1ccc(NC(=O)c2cccc(-c3ccccc3)c2)cc1NC(=O)c1ccc(CN(C)Cc2ccc(C(=O)O)cc2)cc1,6.6603427,-6.291975
260,mol102,-12.6,Cc1cc(-c2noc(-c3ccc(F)c(Nc4cc(Nc5cccc(C(F)(F)F)c5)c(C#N)cn4)c3C)n2)ccc1Cl,Cc1cc(-c2noc(-c3ccc(F)c(Nc4cc(Nc5cccc(C(F)(F)F)c5)c(C#N)cn4)c3C)n2)ccc1Cl,6.658395,-7.3459535
830,mol205,-12.6,Cc1ccc(C(=O)Nc2ccc(S(O)(O)O)c3ccccc23)cc1NC(=O)c1cncc(-c2ccccn2)c1,Cc1ccc(C(=O)Nc2ccc(S(O)(O)O)c3ccccc23)cc1NC(=O)c1cncc(-c2ccccn2)c1,6.535028,-6.4530835
700,mol383,-12.6,C[C@H]1C[N@H+](Cc2ccc(-c3ccc4c(c3)CC(=O)N4C)cc2)CCN1C(=O)c1ccc(C(F)(F)F)nc1,C[C@H]1C[N@H+](Cc2ccc(-c3ccc4c(c3)CC(=O)N4C)cc2)CCN1C(=O)c1ccc(C(F)(F)F)nc1,6.944454,-4.4359756
700,mol76,-12.6,Cc1ccccc1CNC(=O)c1cc[n+](-c2ccc(-c3ccccc3)cc2C(=O)O)cc1,Cc1ccccc1CNC(=O)c1cc[n+](-c2ccc(-c3ccccc3)cc2C(=O)O)cc1,6.2786174,-5.2465496
550,mol123,-12.6,Cc1ccc(NC(=O)c2cccc(Cn3nc(C(N)=O)c4cc([N+](=O)[O-])ccc43)c2)cc1Nc1ncnc2nc[nH]c2c1=O,Cc1ccc(NC(=O)c2cccc(Cn3nc(C(N)=O)c4cc([N+](=O)[O-])ccc43)c2)cc1Nc1ncnc2nc[nH]c2c1=O,6.929561,-5.9841027
350,mol344,-12.6,Cc1ccc(Nc2cccc(NC(=O)c3ccc(C(=O)Nc4cccc(C(=O)O)c4)cc3)c2)cc1,Cc1ccc(Nc2cccc(NC(=O)c3ccc(C(=O)Nc4cccc(C(=O)O)c4)cc3)c2)cc1,6.289926,-5.8350806
330,mol439,-12.6,Cc1cc(NCc2cccc(C(=O)Nc3ccc(C(=O)NO)cc3)c2)ccc1NS(C)(=O)=O,Cc1cc(NCc2cccc(C(=O)Nc3ccc(C(=O)NO)cc3)c2)ccc1NS(C)(=O)=O,6.4398036,-5.030542
390,mol223,-12.6,NC(N)c1cccc(CN(C(=O)Cc2ccc3ccccc3c2)c2cccc(N[C@H]3CC[C@H](Nc4ncnc5[nH]ccc45)CC3)c2)c1,NC(N)c1cccc(CN(C(=O)Cc2ccc3ccccc3c2)c2cccc(N[C@H]3CC[C@H](Nc4ncnc5[nH]ccc45)CC3)c2)c1,6.8487,-5.770657
260,mol397,-12.6,Cc1ccc(NC(=O)c2cccc(N3CCCCC3)c2)cc1NC(=O)c1cnn(-c2ccccc2)c1,Cc1ccc(NC(=O)c2cccc(N3CCCCC3)c2)cc1NC(=O)c1cnn(-c2ccccc2)c1,6.197817,-6.220788
850,mol379,-12.6,COc1ccc(-c2cccc(C(=O)O)c2)cc1-c1ccc(C(=O)NCc2ccc(F)c(C)c2)cc1,COc1ccc(-c2cccc(C(=O)O)c2)cc1-c1ccc(C(=O)NCc2ccc(F)c(C)c2)cc1,6.3439665,-6.401708
510,mol32,-12.6,CCc1ccc(NC(=O)c2ccc(Nc3nccc(-c4cc5ccccc5o4)n3)cc2)cc1,CCc1ccc(NC(=O)c2ccc(Nc3nccc(-c4cc5ccccc5o4)n3)cc2)cc1,6.114043,-6.684444
50,mol320,-12.6,CCc1ccc(NC(=O)c2ccc(NC(=O)c3ccc(NS(=O)(=O)c4cccc(Cl)c4)cc3)cc2)cc1,CCc1ccc(NC(=O)c2ccc(NC(=O)c3ccc(NS(=O)(=O)c4cccc(Cl)c4)cc3)cc2)cc1,6.119776,-6.4615016
460,mol67,-12.6,Nc1nc(Nc2ccc3ccccc3c2)sc1C(=O)c1cccc(NC(=O)c2ccncc2)c1,Nc1nc(Nc2ccc3ccccc3c2)sc1C(=O)c1cccc(NC(=O)c2ccncc2)c1,5.6767664,-6.3151674
890,mol50,-12.6,Cc1ccc(Nc2ccc(C(=O)NCCc3ccc([N+](=O)[O-])cc3)cc2)cc1NC(=O)c1ccc2c[nH]nc2c1,Cc1ccc(Nc2ccc(C(=O)NCCc3ccc([N+](=O)[O-])cc3)cc2)cc1NC(=O)c1ccc2c[nH]nc2c1,6.4221005,-6.325195
930,mol201,-12.6,COc1cc(NC(=O)c2cccc(C(F)(F)F)c2)ccc1C(=O)Nc1ccc(N2CC[NH+](C)CC2)cc1,COc1cc(NC(=O)c2cccc(C(F)(F)F)c2)ccc1C(=O)Nc1ccc(N2CC[NH+](C)CC2)cc1,6.1650004,-4.7315907
330,mol179,-12.6,Cc1cc(NC(=O)c2ccc(C(=O)Nc3ccc(C(N)N)cc3)cc2)cc(C(=O)O)c1F,Cc1cc(NC(=O)c2ccc(C(=O)Nc3ccc(C(N)N)cc3)cc2)cc(C(=O)O)c1F,6.857375,-4.685018
420,mol56,-12.59,Cc1ccc(N/N=C2\C(=O)Nc3ccc(S(N)(=O)=O)cc32)cc1Nc1nccc(-c2cccnc2)n1,Cc1ccc(N/N=C2\C(=O)Nc3ccc(S(N)(=O)=O)cc32)cc1Nc1nccc(-c2cccnc2)n1,6.9684324,-6.2225366
850,mol400,-12.59,CN(Cc1cncc(-c2ccccc2)n1)C(=O)c1ccc(-c2cccnc2)cc1,CN(Cc1cncc(-c2ccccc2)n1)C(=O)c1ccc(-c2cccnc2)cc1,5.9647326,-4.404585
590,mol155,-12.59,Cc1cccc(CNC(=O)c2cc(C(=O)Nc3cccc(NC(=O)Nc4ccccc4)c3)cc(N3CCCCC3)n2)c1,Cc1cccc(CNC(=O)c2cc(C(=O)Nc3cccc(NC(=O)Nc4ccccc4)c3)cc(N3CCCCC3)n2)c1,6.646325,-6.3764234
910,mol136,-12.59,Cc1ccc(NC(=O)c2ccc(C(N)N)cc2)cc1Nc1nccc(-c2cccnc2)n1,Cc1ccc(NC(=O)c2ccc(C(N)N)cc2)cc1Nc1nccc(-c2cccnc2)n1,6.597321,-4.8883085
400,mol444,-12.59,Cc1cc(C(=O)Nc2cccc(C(=O)Nc3ccc(C(=O)O)c(O)c3)c2)ccc1N,Cc1cc(C(=O)Nc2cccc(C(=O)Nc3ccc(C(=O)O)c(O)c3)c2)ccc1N,6.5434976,-5.6855636
120,mol496,-12.59,Cc1ccc(C(=O)Nc2ccc(Oc3ccccc3)cc2)cc1NC(=O)c1cccc(N2CC[C@@H](NS(O)(O)O)C2)c1,Cc1ccc(C(=O)Nc2ccc(Oc3ccccc3)cc2)cc1NC(=O)c1cccc(N2CC[C@@H](NS(O)(O)O)C2)c1,6.52365,-6.1916904
820,mol144,-12.59,Cc1ccc(-c2nccc(C(=O)Nc3cccc(C(=O)Nc4ccc(C(C)C)cc4)c3)n2)cc1,Cc1ccc(-c2nccc(C(=O)Nc3cccc(C(=O)Nc4ccc(C(C)C)cc4)c3)n2)cc1,6.249963,-6.4433026
920,mol166,-12.59,Cc1ccc(Nc2ncnc(Oc3cccc(-c4cccc(C(N)=O)c4)c3)n2)cc1,Cc1ccc(Nc2ncnc(Oc3cccc(-c4cccc(C(N)=O)c4)c3)n2)cc1,6.3100386,-6.0762053
530,mol198,-12.59,Cc1ccc(Nc2nccc(-c3ccnc(Nc4ccncc4)c3)n2)cc1NC(=O)c1cccc(C(=O)O)c1,Cc1ccc(Nc2nccc(-c3ccnc(Nc4ccncc4)c3)n2)cc1NC(=O)c1cccc(C(=O)O)c1,6.4421835,-5.628992
230,mol185,-12.59,Cc1cc(NC(=O)c2ccc(COC(=O)c3ccc(N4C(=O)c5ccccc5C4=O)cc3)o2)ccc1F,Cc1cc(NC(=O)c2ccc(COC(=O)c3ccc(N4C(=O)c5ccccc5C4=O)cc3)o2)ccc1F,6.3251524,-6.698602
330,mol38,-12.59,Cc1ccc(-c2cccc(C(=O)Nc3ccc(Oc4ccnc(N)n4)cc3C(=O)O)c2)cc1,Cc1ccc(-c2cccc(C(=O)Nc3ccc(Oc4ccnc(N)n4)cc3C(=O)O)c2)cc1,6.353866,-5.9892583
310,mol98,-12.59,Cc1ccc(Nc2cc(-c3cccc(-c4ccccc4)c3O)ncn2)cc1,Cc1ccc(Nc2cc(-c3cccc(-c4ccccc4)c3O)ncn2)cc1,6.167219,-6.4528494
280,mol97,-12.59,Cc1ccc(S(=O)(=O)Nc2ccc(CCOc3ccc(NC(=O)c4cc(C(=O)NCCC(=O)NO)ccc4Cl)cc3)cc2)cc1,Cc1ccc(S(=O)(=O)Nc2ccc(CCOc3ccc(NC(=O)c4cc(C(=O)NCCC(=O)NO)ccc4Cl)cc3)cc2)cc1,6.5695214,-6.9770503
860,mol21,-12.59,C[C@@H]1CC(=O)Nc2ccc(-c3ccc(NC(=O)c4cccc(C(=O)O)c4)s3)cc21,C[C@@H]1CC(=O)Nc2ccc(-c3ccc(NC(=O)c4cccc(C(=O)O)c4)s3)cc21,6.343485,-5.626944
70,mol303,-12.59,Cc1cc(Nc2cccc(C(F)(F)F)c2)n2nc(Nc3ccc4c(c3)CC[C@H](c3ccccc3)C4)nc2n1,Cc1cc(Nc2cccc(C(F)(F)F)c2)n2nc(Nc3ccc4c(c3)CC[C@H](c3ccccc3)C4)nc2n1,6.6439705,-6.936693
890,mol12,-12.59,O=C(O)c1cccc(-c2ccc(COc3ccc(-c4ccc(S)cc4)cc3)o2)c1,O=C(O)c1cccc(-c2ccc(COc3ccc(-c4ccc(S)cc4)cc3)o2)c1,6.423565,-6.347536
810,mol200,-12.59,CC(=O)Nc1ccc(Nc2ncc3ccc(-c4ccccc4Cl)nc3n2)cc1,CC(=O)Nc1ccc(Nc2ncc3ccc(-c4ccccc4Cl)nc3n2)cc1,6.633793,-5.956597
340,mol198,-12.59,Cc1ccc(C(=O)NCc2cccc(C(=O)Nc3ccc(C(N)N)cc3)c2)cc1,Cc1ccc(C(=O)NCc2cccc(C(=O)Nc3ccc(C(N)N)cc3)c2)cc1,6.312864,-4.2073016
270,mol486,-12.59,Cc1cc(Nc2nc(Cc3cccc(C(=O)Nc4cccc(C(=O)O)c4)c3)c3ccccc3n2)cnc1NS(C)(=O)=O,Cc1cc(Nc2nc(Cc3cccc(C(=O)Nc4cccc(C(=O)O)c4)c3)c3ccccc3n2)cnc1NS(C)(=O)=O,6.93293,-5.438028
200,mol22,-12.59,Cc1c(NS(=O)(=O)c2ccc3cc(O)ccc3c2)cccc1C(=O)Nc1ccc(F)cc1,Cc1c(NS(=O)(=O)c2ccc3cc(O)ccc3c2)cccc1C(=O)Nc1ccc(F)cc1,6.3624563,-5.9106054
670,mol146,-12.59,Cc1ccc(C(=O)Nc2ccc(C[N@H+]3CC[N@@H+](C)CC3)c(C(F)(F)F)c2)cc1Nc1nccc2ccccc12,Cc1ccc(C(=O)Nc2ccc(C[N@H+]3CC[N@@H+](C)CC3)c(C(F)(F)F)c2)cc1Nc1nccc2ccccc12,6.9709435,-3.7821095
620,mol348,-12.59,Cc1cccc(NC(=O)c2cccc(NC(=O)c3ccc4cc(C(=O)O)ccc4n3)c2)c1,Cc1cccc(NC(=O)c2cccc(NC(=O)c3ccc4cc(C(=O)O)ccc4n3)c2)c1,6.509303,-5.6010375
60,mol485,-12.59,Cc1nc(-c2ccn3c(-c4cccc(Nc5cccc(C(=O)NCCO)c5)c4)cnc3c2)cs1,Cc1nc(-c2ccn3c(-c4cccc(Nc5cccc(C(=O)NCCO)c5)c4)cnc3c2)cs1,6.6428857,-5.306322
380,mol119,-12.59,Cc1cc(Oc2ccc(-c3ccc(C(=O)O)cc3)cc2)ccc1-c1ccc2c(N)nccc2c1,Cc1cc(Oc2ccc(-c3ccc(C(=O)O)cc3)cc2)ccc1-c1ccc2c(N)nccc2c1,6.2685614,-6.827972
1000,mol314,-12.59,CNc1cc(-c2cccc(C(=O)O)c2)cc(-c2ccc3cc(Oc4ccccc4)c(=O)oc3c2)c1,CNc1cc(-c2cccc(C(=O)O)c2)cc(-c2ccc3cc(Oc4ccccc4)c(=O)oc3c2)c1,6.2666683,-6.2881665
630,mol390,-12.59,Cc1ccc(C(=O)Nc2ccc(NC(=O)c3ccc(NC(=O)c4ccccc4C)cc3)cc2)cc1,Cc1ccc(C(=O)Nc2ccc(NC(=O)c3ccc(NC(=O)c4ccccc4C)cc3)cc2)cc1,6.3051124,-6.676414
620,mol110,-12.59,COc1ccc(N2C(=O)c3ccccc3C2=O)cc1NC(=O)c1cccc(S(=O)(=O)Nc2ccccc2)c1,COc1ccc(N2C(=O)c3ccccc3C2=O)cc1NC(=O)c1cccc(S(=O)(=O)Nc2ccccc2)c1,6.3598413,-6.7534814
990,mol30,-12.59,Cc1cccc(-c2cccc(NC(=O)c3ccc4ccccc4n3)c2)c1,Cc1cccc(-c2cccc(NC(=O)c3ccc4ccccc4n3)c2)c1,6.017634,-6.194847
270,mol491,-12.59,Cc1cccc(-c2cn(-c3cccc(C(=O)Nc4cccc(OC(C)C)c4)c3)nn2)c1,Cc1cccc(-c2cn(-c3cccc(C(=O)Nc4cccc(OC(C)C)c4)c3)nn2)c1,5.999324,-6.3013215
580,mol267,-12.59,Cc1ccc(Nc2nccc(-c3c[nH]c4ccccc34)n2)c(C)c1,Cc1ccc(Nc2nccc(-c3c[nH]c4ccccc34)n2)c(C)c1,6.491176,-5.6677265
360,mol123,-12.59,Cc1sc(-c2ncc(-c3ccc(C(=O)N[C@@H](Cc4ccccc4)C(=O)O)cc3Cl)[nH]2)cc1CSc1nc(N2CCOCC2)cc(N2CCOCC2)n1,Cc1sc(-c2ncc(-c3ccc(C(=O)N[C@@H](Cc4ccccc4)C(=O)O)cc3Cl)[nH]2)cc1CSc1nc(N2CCOCC2)cc(N2CCOCC2)n1,8.112714,-5.977864
650,mol146,-12.59,C[C@H](Oc1ccc(-c2ccc(C(=O)O)o2)cc1)C(=O)NCc1ccc([C@H](N)NC(=O)c2ccccn2)cc1,C[C@H](Oc1ccc(-c2ccc(C(=O)O)o2)cc1)C(=O)NCc1ccc([C@H](N)NC(=O)c2ccccn2)cc1,6.842273,-5.3388457
250,mol111,-12.59,c1ccc(-c2[nH]c3ccc(CCN4CCc5ccccc5C4)cc3c2-c2ccc(Nc3ccnc4ccccc34)cc2)cc1,c1ccc(-c2[nH]c3ccc(CCN4CCc5ccccc5C4)cc3c2-c2ccc(Nc3ccnc4ccccc34)cc2)cc1,6.040988,-6.413389
530,mol142,-12.59,Cc1cncc(-c2cnc(Nc3ccc(C(=O)NCc4cccc(C(=O)Nc5ccccc5)c4)cc3)s2)c1,Cc1cncc(-c2cnc(Nc3ccc(C(=O)NCc4cccc(C(=O)Nc5ccccc5)c4)cc3)s2)c1,6.1405625,-6.4928875
80,mol226,-12.59,Cc1cn(-c2ccc(NC(=O)Nc3ccc(Cl)c(C(F)(F)F)c3)cc2)cc1C(=O)Nc1cc([C@@H](O)C#N)cc([C@H]2CC[N@@H+](C(C)(C)C)CC2)c1,Cc1cn(-c2ccc(NC(=O)Nc3ccc(Cl)c(C(F)(F)F)c3)cc2)cc1C(=O)Nc1cc([C@@H](O)C#N)cc([C@H]2CC[N@@H+](C(C)(C)C)CC2)c1,7.316049,-6.004484
840,mol29,-12.59,CC(=O)Nc1cccc(-c2ccc(C(=O)Nc3ccc4n[nH]cc4c3)cc2)c1,CC(=O)Nc1cccc(-c2ccc(C(=O)Nc3ccc4n[nH]cc4c3)cc2)c1,6.1450624,-5.4742675
320,mol30,-12.59,Cc1cc(NC(=O)c2ccc(C(=O)Nc3cccc(Nc4ncccc4C(F)(F)F)c3)cc2)ccc1C(=O)O,Cc1cc(NC(=O)c2ccc(C(=O)Nc3cccc(Nc4ncccc4C(F)(F)F)c3)cc2)ccc1C(=O)O,6.516946,-5.8515697
190,mol193,-12.59,Cc1ccc(C(=O)Nc2ccc(Oc3ccc(-c4nc5ccccc5c(=O)[nH]4)cc3)cc2)o1,Cc1ccc(C(=O)Nc2ccc(Oc3ccc(-c4nc5ccccc5c(=O)[nH]4)cc3)cc2)o1,6.0461745,-7.3430333
970,mol159,-12.59,NC(N)c1cccc(-c2ccc(C#Cc3ccc([C@H](CCC(=O)O)C(=O)O)cc3)cc2)c1,NC(N)c1cccc(-c2ccc(C#Cc3ccc([C@H](CCC(=O)O)C(=O)O)cc3)cc2)c1,6.8626595,-4.4191303
90,mol195,-12.59,CNC(=O)c1ccc(C(=O)Nc2cc3cnc(-c4cncc(Cl)c4)cc3n(C)c2=O)cc1,CNC(=O)c1ccc(C(=O)Nc2cc3cnc(-c4cncc(Cl)c4)cc3n(C)c2=O)cc1,6.773541,-5.5020137
800,mol105,-12.59,Cc1ccc(Cl)cc1C(=O)Nc1cccc(Oc2ccnc(-c3cccnc3)n2)c1,Cc1ccc(Cl)cc1C(=O)Nc1cccc(Oc2ccnc(-c3cccnc3)n2)c1,6.477021,-6.465586
380,mol394,-12.59,CN(c1cccc(/C(=N/OCc2cc(F)cc(F)c2)c2cc(Nc3ccc(C(=O)Nc4cccc(C(=O)O)c4)cc3)nc(N)n2)c1)S(C)(=O)=O,CN(c1cccc(/C(=N/OCc2cc(F)cc(F)c2)c2cc(Nc3ccc(C(=O)Nc4cccc(C(=O)O)c4)cc3)nc(N)n2)c1)S(C)(=O)=O,6.3593397,-5.5896187
390,mol226,-12.58,Cc1ccc(-c2ccc(C(=O)Nc3ccncc3)cc2NC(=O)c2ccc(NS(=O)(=O)c3ccc4ccccc4n3)cc2)cc1,Cc1ccc(-c2ccc(C(=O)Nc3ccncc3)cc2NC(=O)c2ccc(NS(=O)(=O)c3ccc4ccccc4n3)cc2)cc1,6.1447544,-6.622795
190,mol192,-12.58,Cc1cc(CN(NC(=O)c2ccccn2)c2ccc(C(=O)Nc3ccc(-c4nc5ccncc5[nH]4)cc3)cc2)ccc1F,Cc1cc(CN(NC(=O)c2ccccn2)c2ccc(C(=O)Nc3ccc(-c4nc5ccncc5[nH]4)cc3)cc2)ccc1F,6.717828,-6.547352
660,mol124,-12.58,Cc1cccc(C(=O)Nc2ccc(Nc3ccnc4ccccc34)cc2)c1,Cc1cccc(C(=O)Nc2ccc(Nc3ccnc4ccccc34)cc2)c1,6.2207294,-6.0072536
430,mol84,-12.58,Cc1ccc(C(=O)Nc2cccc(C(=O)c3ccccc3)c2)cc1NC(=O)c1cccc(C(=O)O)c1,Cc1ccc(C(=O)Nc2cccc(C(=O)c3ccccc3)c2)cc1NC(=O)c1cccc(C(=O)O)c1,6.5333705,-5.9066668
430,mol475,-12.58,Cc1ccc(C(=O)Nc2ccc(C3=NC[C@H](C)N3)cc2)cc1Nc1ncnn2cc(C(=O)N[C@H](C)c3ccccc3)cc12,Cc1ccc(C(=O)Nc2ccc(C3=NC[C@H](C)N3)cc2)cc1Nc1ncnn2cc(C(=O)N[C@H](C)c3ccccc3)cc12,7.000934,-5.8889375
570,mol392,-12.58,Cc1ccc(Oc2nc(Cc3ccc(C(=O)N(C)C)cc3)cs2)cc1-c1ccc(NC(=O)[C@@H](C)O)nc1,Cc1ccc(Oc2nc(Cc3ccc(C(=O)N(C)C)cc3)cs2)cc1-c1ccc(NC(=O)[C@@H](C)O)nc1,7.139459,-5.9943075
190,mol238,-12.58,Nc1cc(-c2ccc3nc(NC(=O)c4ccc(C(F)(F)F)cc4)sc3c2)ccn1,Nc1cc(-c2ccc3nc(NC(=O)c4ccc(C(F)(F)F)cc4)sc3c2)ccn1,6.5409517,-6.647654
660,mol166,-12.58,Cc1ccc(C(=O)Nc2ccc(-c3c[nH]c4ncc(-c5ccccc5)nc34)cc2)cn1,Cc1ccc(C(=O)Nc2ccc(-c3c[nH]c4ncc(-c5ccccc5)nc34)cc2)cn1,6.1899247,-6.2709074
700,mol470,-12.58,C[C@@H](Oc1cc(Nc2ccnc3cc(Cl)ccc23)c(F)cc1F)C(=O)Nc1ccc(Oc2ccncc2)cc1,C[C@@H](Oc1cc(Nc2ccnc3cc(Cl)ccc23)c(F)cc1F)C(=O)Nc1ccc(Oc2ccncc2)cc1,6.296914,-7.2738814
520,mol350,-12.58,Cc1ccc(C(=O)Nc2cccc(C(=O)OCc3ccc(F)cc3)c2)cc1NC(=O)c1ccc(F)cc1C(F)(F)F,Cc1ccc(C(=O)Nc2cccc(C(=O)OCc3ccc(F)cc3)c2)cc1NC(=O)c1ccc(F)cc1C(F)(F)F,6.644578,-7.3278475
910,mol425,-12.58,CN(c1ccc([C@@H](O)c2cccc(C(=O)O)c2)cc1)S(=O)(=O)c1ccc(Oc2ccccc2)cc1,CN(c1ccc([C@@H](O)c2cccc(C(=O)O)c2)cc1)S(=O)(=O)c1ccc(Oc2ccccc2)cc1,6.607834,-5.451917
460,mol158,-12.58,CCC(=O)Nc1cccc(COc2ccc(-c3ccc4c(c3)NC(=O)[C@@H]4CC(=O)O)cc2C)c1,CCC(=O)Nc1cccc(COc2ccc(-c3ccc4c(c3)NC(=O)[C@@H]4CC(=O)O)cc2C)c1,6.7909837,-6.024033
660,mol396,-12.58,CN(c1ccc(CN(Cc2cccc(C(=O)O)c2)C(=O)C(F)(F)F)cc1)c1ccccc1Nc1ccnc(Nc2ccc(F)c(S(C)(=O)=O)c2)n1,CN(c1ccc(CN(Cc2cccc(C(=O)O)c2)C(=O)C(F)(F)F)cc1)c1ccccc1Nc1ccnc(Nc2ccc(F)c(S(C)(=O)=O)c2)n1,6.728134,-5.4794617
490,mol305,-12.58,Cc1cccc(-c2ncc(-c3ccc(C(=O)Nc4ccc(Oc5ccccc5)cc4)cc3)s2)c1,Cc1cccc(-c2ncc(-c3ccc(C(=O)Nc4ccc(Oc5ccccc5)cc4)cc3)s2)c1,5.6913266,-7.008788
530,mol292,-12.58,CN(NC1c2ccccc2-c2ccccc21)C(=O)c1ccc(Nc2nccc(-n3nc(C(F)(F)F)cc3C(F)(F)F)n2)cc1F,CN(NC1c2ccccc2-c2ccccc21)C(=O)c1ccc(Nc2nccc(-n3nc(C(F)(F)F)cc3C(F)(F)F)n2)cc1F,6.2435656,-6.8476753
320,mol22,-12.58,COc1cc(Nc2ncnc(-c3cccc(C(=O)Nc4ccccc4C(F)(F)F)c3)n2)cc(OC)c1OC,COc1cc(Nc2ncnc(-c3cccc(C(=O)Nc4ccccc4C(F)(F)F)c3)n2)cc(OC)c1OC,5.8709087,-6.765653
630,mol214,-12.58,Cc1cccc(C(=O)Nc2ccc(NC(=O)c3ccc(C)cc3C)cc2)c1,Cc1cccc(C(=O)Nc2ccc(NC(=O)c3ccc(C)cc3C)cc2)c1,6.7646065,-6.1493144
960,mol102,-12.58,Cc1ccc(-n2nc(C(=O)NCCc3ccccc3)cc2NC(=O)N2Cc3ccc(-c4ncccc4C(F)(F)F)cc3C2)cc1,Cc1ccc(-n2nc(C(=O)NCCc3ccccc3)cc2NC(=O)N2Cc3ccc(-c4ncccc4C(F)(F)F)cc3C2)cc1,6.0877814,-6.864292
370,mol23,-12.58,CCc1ccc(CC(=O)Nc2ccc(Oc3ccc4ccccc4c3)cc2C(=O)O)cc1,CCc1ccc(CC(=O)Nc2ccc(Oc3ccc4ccccc4c3)cc2C(=O)O)cc1,6.2692633,-6.8794446
240,mol145,-12.58,CC(C)[C@@H](CO)Nc1ccc2c(-c3ccc(NC(=O)c4ccccc4)cc3)cccc2n1,CC(C)[C@@H](CO)Nc1ccc2c(-c3ccc(NC(=O)c4ccccc4)cc3)cccc2n1,6.1207,-6.160244
340,mol405,-12.58,Cn1cnc(NCc2ccc(C(=O)Nc3cccc(-c4cccc(C(=O)O)c4)c3)cc2)c1,Cn1cnc(NCc2ccc(C(=O)Nc3cccc(-c4cccc(C(=O)O)c4)c3)cc2)c1,5.7173085,-5.063728
280,mol266,-12.58,Cc1ccc(C(=O)Nc2ccc(CCC(=O)Nc3cccc(NC(=O)c4ccccc4)c3)cc2)cc1,Cc1ccc(C(=O)Nc2ccc(CCC(=O)Nc3cccc(NC(=O)c4ccccc4)c3)cc2)cc1,5.9367757,-6.7608786
240,mol123,-12.58,Cc1ccc(Nc2cc(Nc3cccc(C(=O)Nc4cccc([N+](=O)[O-])c4)c3)ccn2)cc1,Cc1ccc(Nc2cc(Nc3cccc(C(=O)Nc4cccc([N+](=O)[O-])c4)c3)ccn2)cc1,6.110149,-6.532324
970,mol357,-12.58,Cc1ccc(C(N)=O)cc1-c1ccc(C(=O)c2cc3ccccc3o2)cc1,Cc1ccc(C(N)=O)cc1-c1ccc(C(=O)c2cc3ccccc3o2)cc1,6.243512,-5.6575584
710,mol83,-12.58,Cc1ccc(C(=O)Nc2ccc(C[N@H+]3CC[N@@H+](C)CC3)c(C(F)(F)F)c2)cc1C#Cc1ccc(C(=O)NCc2ccccn2)cc1,Cc1ccc(C(=O)Nc2ccc(C[N@H+]3CC[N@@H+](C)CC3)c(C(F)(F)F)c2)cc1C#Cc1ccc(C(=O)NCc2ccccn2)cc1,6.8502936,-4.0653453
790,mol496,-12.58,Cc1ccc(C(=O)Nc2ccc(S(O)(O)O)c3ccccc23)cc1NC(=O)c1ccccc1C(=O)O,Cc1ccc(C(=O)Nc2ccc(S(O)(O)O)c3ccccc23)cc1NC(=O)c1ccccc1C(=O)O,6.835792,-5.4864063
540,mol93,-12.58,Cc1ccc(C(=O)Nc2ccc(CC(=O)O)c(C(=O)O)c2)cc1Nc1nccc(-c2cccnc2)n1,Cc1ccc(C(=O)Nc2ccc(CC(=O)O)c(C(=O)O)c2)cc1Nc1nccc(-c2cccnc2)n1,6.809963,-5.3686647
980,mol339,-12.58,COc1cccc(CC(=O)Nc2cccc(-c3ccc4nc(NC(=O)C5CCOCC5)sc4n3)c2)c1,COc1cccc(CC(=O)Nc2cccc(-c3ccc4nc(NC(=O)C5CCOCC5)sc4n3)c2)c1,7.1219397,-6.999257
370,mol203,-12.58,Cc1ccc(-c2cccs2)cc1NC(=O)Cn1ccc(NC(=O)c2cccc(NC(=O)c3cc4ccccc4o3)c2)c1,Cc1ccc(-c2cccs2)cc1NC(=O)Cn1ccc(NC(=O)c2cccc(NC(=O)c3cc4ccccc4o3)c2)c1,5.9139132,-6.4822855
600,mol8,-12.58,Cc1ccc(C(=O)Nc2ccc(C[N@H+]3CC[N@H+](C)CC3)c(C(F)(F)F)c2)cc1NC(=O)c1ccc(-n2cccn2)cc1F,Cc1ccc(C(=O)Nc2ccc(C[N@H+]3CC[N@H+](C)CC3)c(C(F)(F)F)c2)cc1NC(=O)c1ccc(-n2cccn2)cc1F,6.9230204,-3.4392467
260,mol63,-12.58,Cc1ccc(NC(=O)c2cccc(Cn3cc(NC(=O)c4cnc(N)c5ccccc45)cn3)c2)cc1,Cc1ccc(NC(=O)c2cccc(Cn3cc(NC(=O)c4cnc(N)c5ccccc45)cn3)c2)cc1,6.022248,-6.0689363
510,mol201,-12.58,Cc1ccc(C(=O)Nc2cccc(C(=O)OCc3cc(=O)oc4ccccc34)c2)cc1,Cc1ccc(C(=O)Nc2cccc(C(=O)OCc3cc(=O)oc4ccccc34)c2)cc1,6.436975,-6.8343782
1000,mol442,-12.58,CN(c1ccc(-c2ccccc2)cc1)c1cccc(C(=O)c2nccn2Cc2ccccc2)c1,CN(c1ccc(-c2ccccc2)cc1)c1cccc(C(=O)c2nccn2Cc2ccccc2)c1,5.86003,-6.3709025
370,mol432,-12.58,Cc1ccc(S(=O)(=O)Nc2ccc(-c3c(Cc4ccccc4)nc4ccccn34)cc2)cc1,Cc1ccc(S(=O)(=O)Nc2ccc(-c3c(Cc4ccccc4)nc4ccccn34)cc2)cc1,5.65062,-6.091378
330,mol403,-12.58,C[C@H](Nc1nccc(-c2cc(NC(=O)N[C@H](C)c3ccc(N)cc3)ccc2Cl)n1)c1cccc(C(=O)NCCC(=O)O)c1,C[C@H](Nc1nccc(-c2cc(NC(=O)N[C@H](C)c3ccc(N)cc3)ccc2Cl)n1)c1cccc(C(=O)NCCC(=O)O)c1,7.3189573,-5.543843
590,mol110,-12.58,Cc1nc(-c2ccc(Cl)cc2)sc1C(=O)Nc1cccc(S(=O)(=O)Nc2ccnc3cc(Cl)ccc23)c1,Cc1nc(-c2ccc(Cl)cc2)sc1C(=O)Nc1cccc(S(=O)(=O)Nc2ccnc3cc(Cl)ccc23)c1,6.713612,-6.5360656
830,mol453,-12.58,COc1cccc(NC(=O)Nc2cccc(-c3cnc4ccccc4n3)c2)c1,COc1cccc(NC(=O)Nc2cccc(-c3cnc4ccccc4n3)c2)c1,6.289423,-6.433834
530,mol453,-12.58,Cc1cccc(-c2nn(C(=O)c3ccc(OCc4ccccc4)cc3)cc2NC(=O)c2ccc3ncccc3c2)c1,Cc1cccc(-c2nn(C(=O)c3ccc(OCc4ccccc4)cc3)cc2NC(=O)c2ccc3ncccc3c2)c1,5.685074,-6.988592
700,mol226,-12.58,CC(C)(C)c1ccc(C(=O)Nc2ccc(Cl)c(C(=O)c3ccc4ccccc4c3)c2)cc1,CC(C)(C)c1ccc(C(=O)Nc2ccc(Cl)c(C(=O)c3ccc4ccccc4c3)c2)cc1,6.121081,-7.2143507
140,mol277,-12.58,OCc1ccccc1Nc1ccnc(Nc2cccc(-c3cnc4ccncc4c3)c2)n1,OCc1ccccc1Nc1ccnc(Nc2cccc(-c3cnc4ccncc4c3)c2)n1,6.161804,-6.061863
220,mol293,-12.58,Cc1cccc(-n2nc(C(=O)NCc3ccc(S(N)(=O)=O)cc3)cc2-c2ccc(NC(=O)Nc3ccccc3)cc2)c1,Cc1cccc(-n2nc(C(=O)NCc3ccc(S(N)(=O)=O)cc3)cc2-c2ccc(NC(=O)Nc3ccccc3)cc2)c1,6.4314704,-6.667005
830,mol174,-12.58,Cc1ccc(C(=O)Nc2cccc(C(=O)Nc3cccc(C(=O)c4ccccc4)c3)c2)cc1,Cc1ccc(C(=O)Nc2cccc(C(=O)Nc3cccc(C(=O)c4ccccc4)c3)c2)cc1,6.1029005,-6.6885853
650,mol187,-12.58,Cc1ccc(NC(=O)c2ccc(OCc3nc(-c4ccccc4)oc3C)cc2)cc1-c1cccc(C[NH+]2CCCC2)c1,Cc1ccc(NC(=O)c2ccc(OCc3nc(-c4ccccc4)oc3C)cc2)cc1-c1cccc(C[NH+]2CCCC2)c1,6.100997,-6.578656
930,mol127,-12.58,COc1ccc(Oc2ccccc2NC(=O)Nc2cccc(Oc3ccnc4nc(N)ccc34)c2)cc1,COc1ccc(Oc2ccccc2NC(=O)Nc2cccc(Oc3ccnc4nc(N)ccc34)c2)cc1,5.8880634,-7.3021245
520,mol75,-12.58,Cc1ccc(NC(=O)c2cccc(Cc3ccccc3)c2)cc1NC(=O)c1cccc(C(F)(F)F)c1,Cc1ccc(NC(=O)c2cccc(Cc3ccccc3)c2)cc1NC(=O)c1cccc(C(F)(F)F)c1,5.8969936,-7.2299304
400,mol424,-12.58,CC(=O)Nc1ccc(-c2ccc(S(N)(=O)=O)cc2)cc1C(=O)Nc1ccc(NCc2ccc3ccccc3n2)cc1,CC(=O)Nc1ccc(-c2ccc(S(N)(=O)=O)cc2)cc1C(=O)Nc1ccc(NCc2ccc3ccccc3n2)cc1,6.240251,-6.312539
820,mol264,-12.58,CN(c1ccc(C(=O)N[C@H](CCc2ccccc2)C(=O)O)cc1)c1ccc(F)c(C(=O)Nc2cccc(C3CC[NH2+]CC3)c2)c1,CN(c1ccc(C(=O)N[C@H](CCc2ccccc2)C(=O)O)cc1)c1ccc(F)c(C(=O)Nc2cccc(C3CC[NH2+]CC3)c2)c1,6.7707977,-5.974002
220,mol228,-12.58,Cc1cnc(Nc2cccc(C(=O)Nc3ccc(C[NH+]4CCOCC4)cc3)c2)cc1Nc1nccc(-c2cccnc2)n1,Cc1cnc(Nc2cccc(C(=O)Nc3ccc(C[NH+]4CCOCC4)cc3)c2)cc1Nc1nccc(-c2cccnc2)n1,7.0043497,-4.6291895
930,mol177,-12.57,CC(=O)Nc1ccc(-c2ccc(C(=O)Nc3cccc(S(=O)(=O)NCCc4ccccc4)c3)cc2)cc1,CC(=O)Nc1ccc(-c2ccc(C(=O)Nc3cccc(S(=O)(=O)NCCc4ccccc4)c3)cc2)cc1,5.9860935,-6.6273303
570,mol365,-12.57,Nc1c(-c2ccc(C(=O)O)cc2)cnc2ccc(-c3ccccc3)cc12,Nc1c(-c2ccc(C(=O)O)cc2)cnc2ccc(-c3ccccc3)cc12,6.2048607,-5.218162
990,mol299,-12.57,Cc1ccc(-c2ccc(C(=O)O)c(NC(=O)c3cccc(-c4ccccc4)c3)c2)cc1,Cc1ccc(-c2ccc(C(=O)O)c(NC(=O)c3cccc(-c4ccccc4)c3)c2)cc1,6.042301,-6.6943007
380,mol12,-12.57,Cc1ccc(C(=O)Nc2ccc(Oc3ccc4ccccc4n3)cc2)cc1,Cc1ccc(C(=O)Nc2ccc(Oc3ccc4ccccc4n3)cc2)cc1,6.0476084,-6.5330763
670,mol266,-12.57,Cc1ccc(NC(=O)c2cccc(C(=O)NCc3ccccc3)c2)cc1NC(=O)c1cnc(Nc2ccccc2)s1,Cc1ccc(NC(=O)c2cccc(C(=O)NCc3ccccc3)c2)cc1NC(=O)c1cnc(Nc2ccccc2)s1,6.232129,-6.8301573
980,mol398,-12.57,CC(=O)Nc1cccc(-c2ccnc(Nc3ccc(Oc4ncccc4Cl)c(C(=O)Nc4ccccc4)c3)n2)c1,CC(=O)Nc1cccc(-c2ccnc(Nc3ccc(Oc4ncccc4Cl)c(C(=O)Nc4ccccc4)c3)n2)c1,6.2545853,-7.01674
620,mol17,-12.57,[H][P@TB17](O)(O)(NC(=O)c1ccc(C)c(OCc2cccc(-c3ccccc3)c2)c1)OCc1ccccc1,[H][P@TB17](O)(O)(NC(=O)c1ccc(C)c(OCc2cccc(-c3ccccc3)c2)c1)OCc1ccccc1,6.307431,-6.5684237
980,mol303,-12.57,Cc1ccc(Nc2cccc(C(=O)O)c2)cc1-c1ccc(-c2ccc(C(=O)O)cc2)cc1,Cc1ccc(Nc2cccc(C(=O)O)c2)cc1-c1ccc(-c2ccc(C(=O)O)cc2)cc1,6.5057864,-5.9339657
320,mol311,-12.57,Cc1cc(NC(=O)c2ccc(NC(=O)c3ccc4ccccc4n3)cc2)ccc1O[C@H](C(=O)O)C(F)(F)F,Cc1cc(NC(=O)c2ccc(NC(=O)c3ccc4ccccc4n3)cc2)ccc1O[C@H](C(=O)O)C(F)(F)F,5.976969,-5.9022765
10,mol208,-12.57,Cc1cc(C)c(-c2[nH]nc3c2CN(c2cc(-c4cccnc4)cnn2)C3)cc1C,Cc1cc(C)c(-c2[nH]nc3c2CN(c2cc(-c4cccnc4)cnn2)C3)cc1C,6.1628375,-4.1631465
330,mol216,-12.57,Nc1ncc(-c2ccc(C(=O)Nc3ccc(C(=O)NCc4ccccc4)cc3)cc2F)cn1,Nc1ncc(-c2ccc(C(=O)Nc3ccc(C(=O)NCc4ccccc4)cc3)cc2F)cn1,6.0379496,-5.359895
430,mol120,-12.57,Cc1ccc(NC(=O)c2ccc(CS(=O)(=O)c3ccc4nc(NC(=O)C5CCCC5)sc4c3)cc2)cc1N,Cc1ccc(NC(=O)c2ccc(CS(=O)(=O)c3ccc4nc(NC(=O)C5CCCC5)sc4c3)cc2)cc1N,7.038722,-6.450646
450,mol455,-12.57,Cc1cc(C(=O)NC(=O)NCc2ccccc2)ccc1NC(=O)c1ccc(CCNC(=O)c2ccncc2)cc1,Cc1cc(C(=O)NC(=O)NCc2ccccc2)ccc1NC(=O)c1ccc(CCNC(=O)c2ccncc2)cc1,6.375593,-6.298448
910,mol139,-12.57,CN(C(=O)c1ccc(NS(=O)(=O)c2cccc(C(F)(F)F)c2)cc1)c1cccc(Nc2nccc(-c3c[nH]c4ccccc34)n2)c1,CN(C(=O)c1ccc(NS(=O)(=O)c2cccc(C(F)(F)F)c2)cc1)c1cccc(Nc2nccc(-c3c[nH]c4ccccc34)n2)c1,6.2289643,-6.071545
440,mol385,-12.57,Cc1ccc(NC(=O)c2cncc(C(=O)Nc3ccc(C(=O)NCc4ccc(Br)cc4)cc3)c2)cc1-c1ccccc1,Cc1ccc(NC(=O)c2cncc(C(=O)Nc3ccc(C(=O)NCc4ccc(Br)cc4)cc3)c2)cc1-c1ccccc1,6.2768183,-6.942194
520,mol319,-12.57,CC(=O)Nc1cccc(-c2[nH]nc3cc(-c4ccccc4)ccc23)c1,CC(=O)Nc1cccc(-c2[nH]nc3cc(-c4ccccc4)ccc23)c1,5.947001,-5.9402204
910,mol138,-12.57,Cc1ccc(C(=O)NCc2ccc(NC(=O)Nc3ccccc3)cc2)cc1NC(=O)c1cccc(O)c1,Cc1ccc(C(=O)NCc2ccc(NC(=O)Nc3ccccc3)cc2)cc1NC(=O)c1cccc(O)c1,6.1157765,-6.1296897
960,mol467,-12.57,CNC(=O)c1ccc(Oc2ccc(-c3ccc4cc(C(N)N)ccc4c3)cc2)cc1,CNC(=O)c1ccc(Oc2ccc(-c3ccc4cc(C(N)N)ccc4c3)cc2)cc1,6.174923,-5.922775
190,mol136,-12.57,Cc1ccc2c(=O)[nH]c(-c3ccc(NC(=O)c4ccc(C#N)cc4)cc3)nc2c1,Cc1ccc2c(=O)[nH]c(-c3ccc(NC(=O)c4ccc(C#N)cc4)cc3)nc2c1,6.49801,-6.6351023
90,mol8,-12.57,Cc1ccc(C(=O)Nc2ccc(C[N@H+]3CC[N@H+](C)CC3)c(C(F)(F)F)c2)cc1Nc1ncnc2ccccc12,Cc1ccc(C(=O)Nc2ccc(C[N@H+]3CC[N@H+](C)CC3)c(C(F)(F)F)c2)cc1Nc1ncnc2ccccc12,6.9149623,-3.6941547
680,mol227,-12.57,Cc1cccc(Oc2cccc(-c3cnc4ccc(C(N)N)cc4c3)c2)c1,Cc1cccc(Oc2cccc(-c3cnc4ccc(C(N)N)cc4c3)c2)c1,6.2796655,-5.845474
590,mol394,-12.57,Cc1cn(Cc2cccc(C(=O)Nc3cccc(C(=O)O)c3)c2)cc1C(=O)c1cccc(O)c1O,Cc1cn(Cc2cccc(C(=O)Nc3cccc(C(=O)O)c3)c2)cc1C(=O)c1cccc(O)c1O,6.2385097,-5.806924
210,mol0,-12.57,Cc1ccc(C(=O)Nc2cccc(Oc3ccc(NC(=O)c4ccccc4Cl)cc3)c2)cc1,Cc1ccc(C(=O)Nc2cccc(Oc3ccc(NC(=O)c4ccccc4Cl)cc3)c2)cc1,5.733845,-7.515816
610,mol264,-12.57,Nc1ccc(-c2n[nH]c(-c3cccc(C(=O)c4ccccc4)c3)n2)cc1,Nc1ccc(-c2n[nH]c(-c3cccc(C(=O)c4ccccc4)c3)n2)cc1,6.032833,-4.734321
210,mol359,-12.57,CC(C)c1cc(-c2cccc(-c3cccc(C#N)c3)c2)cnc1NCC(=O)N1CCC(NC(=O)c2cccc(F)c2C(F)(F)F)CC1,CC(C)c1cc(-c2cccc(-c3cccc(C#N)c3)c2)cnc1NCC(=O)N1CCC(NC(=O)c2cccc(F)c2C(F)(F)F)CC1,6.504603,-6.5183554
840,mol333,-12.57,Cc1ccc(C(=O)Nc2cccc(F)c2)cc1-c1ccc2nc(N)nc(N)c2n1,Cc1ccc(C(=O)Nc2cccc(F)c2)cc1-c1ccc2nc(N)nc(N)c2n1,6.7703342,-5.41192
580,mol214,-12.57,Cc1cccc(-c2nnc(-c3ccc(/N=C/c4ccccc4C(F)(F)F)cc3)[nH]2)c1,Cc1cccc(-c2nnc(-c3ccc(/N=C/c4ccccc4C(F)(F)F)cc3)[nH]2)c1,6.2587886,-6.8991675
270,mol484,-12.57,Cc1cc2cc(NC(=O)N[C@H]3CCC(=O)c4ccccc43)ccc2[nH]c1=O,Cc1cc2cc(NC(=O)N[C@H]3CCC(=O)c4ccccc43)ccc2[nH]c1=O,6.6515384,-5.2529
60,mol47,-12.57,CN1CC=C(c2cnc(Nc3ccc(C(=O)N(Cc4cccc(F)c4)[C@@H]4CCC(F)(F)C4)c4ccccc34)s2)CC1,CN1CC=C(c2cnc(Nc3ccc(C(=O)N(Cc4cccc(F)c4)[C@@H]4CCC(F)(F)C4)c4ccccc34)s2)CC1,6.958168,-6.1614223
720,mol386,-12.57,[H][P@TB7](O)(O)(O)OCc1cnc(C)c(O)c1C/N=[SH]/[C@@H](Cc1c[nH]c2ccccc12)c1ccc(O)c(NS(=O)(=O)c2ccc3ccccc3c2)c1,[H][P@TB7](O)(O)(O)OCc1cnc(C)c(O)c1C/N=[SH]/[C@@H](Cc1c[nH]c2ccccc12)c1ccc(O)c(NS(=O)(=O)c2ccc3ccccc3c2)c1,6.803247,-5.0540004
860,mol386,-12.57,Cc1cc(-c2cccnc2)nn1-c1cccc(NC(=O)c2cccc(Oc3ccccn3)c2)c1,Cc1cc(-c2cccnc2)nn1-c1cccc(NC(=O)c2cccc(Oc3ccccn3)c2)c1,6.048111,-6.0699224
340,mol459,-12.57,Cc1ccc(C(=O)Nc2ccc(C(=O)c3cccc4ccccc34)cc2)cc1,Cc1ccc(C(=O)Nc2ccc(C(=O)c3cccc4ccccc34)cc2)cc1,6.1885667,-6.690374
680,mol42,-12.57,Cc1ccc(NC(=O)c2cccc(C(=O)NCc3ccccc3)c2)cc1C(=O)Nc1ccc(C[NH+]2CCCC2)cc1,Cc1ccc(NC(=O)c2cccc(C(=O)NCc3ccccc3)c2)cc1C(=O)Nc1ccc(C[NH+]2CCCC2)cc1,6.1576896,-5.1513357
260,mol404,-12.57,Nc1cc(-c2ccc(Cl)c(Cl)c2)cn2nc(-c3cccc(OC(F)(F)F)c3)nc12,Nc1cc(-c2ccc(Cl)c(Cl)c2)cn2nc(-c3cccc(OC(F)(F)F)c3)nc12,6.339487,-6.4947877
420,mol5,-12.57,Cc1ccc(C(=O)Nc2cccc(S(=O)(=O)NC(=O)c3ccc4ccccc4c3)c2)cc1,Cc1ccc(C(=O)Nc2cccc(S(=O)(=O)NC(=O)c3ccc4ccccc4c3)c2)cc1,5.7129264,-6.419147
240,mol120,-12.57,Cc1nc(N)nc(Nc2ccc(O)c(Nc3cccc(C(=O)Nc4ccccc4S(N)(=O)=O)c3)c2)n1,Cc1nc(N)nc(Nc2ccc(O)c(Nc3cccc(C(=O)Nc4ccccc4S(N)(=O)=O)c3)c2)n1,6.209287,-4.879946
700,mol341,-12.57,Cc1oc(-c2ccccc2)nc1CCCOc1ccc(C(=O)c2ccc(NS(=O)(=O)c3cccc4ccccc34)cc2)cc1,Cc1oc(-c2ccccc2)nc1CCCOc1ccc(C(=O)c2ccc(NS(=O)(=O)c3cccc4ccccc34)cc2)cc1,5.830816,-6.586619
80,mol222,-12.57,Cc1ccc(NC(=O)Cn2cnc3ccc(-c4ccccc4)cc3c2=O)cc1,Cc1ccc(NC(=O)Cn2cnc3ccc(-c4ccccc4)cc3c2=O)cc1,6.002938,-5.1291246
380,mol131,-12.57,CS(=O)(=O)Nc1ccc(-c2ccc(C(=O)Nc3ccc4ncccc4c3)s2)cc1CNc1cccnc1N,CS(=O)(=O)Nc1ccc(-c2ccc(C(=O)Nc3ccc4ncccc4c3)s2)cc1CNc1cccnc1N,6.5376086,-5.3772783
500,mol221,-12.57,Cc1ccc(Nc2ccc(O)c(C(=O)NCc3ccccc3)c2)cc1NC(=O)c1ccc(Cl)cc1,Cc1ccc(Nc2ccc(O)c(C(=O)NCc3ccccc3)c2)cc1NC(=O)c1ccc(Cl)cc1,5.9966555,-6.79895
700,mol485,-12.57,Cc1cccc(CC(=O)Nc2ccc(-c3ccccc3CNC(=O)c3cc4ccccc4o3)cc2)c1,Cc1cccc(CC(=O)Nc2ccc(-c3ccccc3CNC(=O)c3cc4ccccc4o3)cc2)c1,5.592246,-6.881831
720,mol269,-12.57,Cc1ccc(C(=O)NO)cc1NC(=O)c1ccc(Nc2nccc(Nc3ccccc3C(=O)O)n2)cc1,Cc1ccc(C(=O)NO)cc1NC(=O)c1ccc(Nc2nccc(Nc3ccccc3C(=O)O)n2)cc1,6.679144,-6.0202575
340,mol97,-12.57,Cc1ccc(-c2ccc3c(c2)CCN(c2ccc4c(c2)CCC(=O)N4)C3=O)cc1,Cc1ccc(-c2ccc3c(c2)CCN(c2ccc4c(c2)CCC(=O)N4)C3=O)cc1,5.7124634,-5.1715703
340,mol25,-12.57,Cc1cc(NS(=O)(=O)c2ccc(NC(=O)Nc3ccc4sc(CNC(=O)O)cc4c3)cc2)no1,Cc1cc(NS(=O)(=O)c2ccc(NC(=O)Nc3ccc4sc(CNC(=O)O)cc4c3)cc2)no1,6.9057403,-5.111071
920,mol495,-12.56,CN(Cc1ccc(-c2ccc(CNc3ccnc(Nc4ccccc4)n3)cc2)cc1)C(=O)c1ccc(-c2cccc(C(=O)O)c2)s1,CN(Cc1ccc(-c2ccc(CNc3ccnc(Nc4ccccc4)n3)cc2)cc1)C(=O)c1ccc(-c2cccc(C(=O)O)c2)s1,6.4175544,-5.978745
480,mol282,-12.56,Cc1ccc(-c2ncc(C(=O)Nc3ccc(-c4ccc(C(=O)O)cc4)cc3)o2)cc1,Cc1ccc(-c2ncc(C(=O)Nc3ccc(-c4ccc(C(=O)O)cc4)cc3)o2)cc1,6.1464467,-6.2750254
640,mol340,-12.56,Cc1cccc(COc2ccc(C(=O)Nc3cccc(Oc4ncnc5ccccc45)c3)cc2)c1,Cc1cccc(COc2ccc(C(=O)Nc3cccc(Oc4ncnc5ccccc45)c3)cc2)c1,5.8069296,-7.6057353
310,mol212,-12.56,Cc1cc(Nc2ncc(C(=O)Nc3ccc(Oc4ccccc4)cc3)s2)ccc1OCC(=O)NCC(=O)Nc1cccc(C(=O)O)c1,Cc1cc(Nc2ncc(C(=O)Nc3ccc(Oc4ccccc4)cc3)s2)ccc1OCC(=O)NCC(=O)Nc1cccc(C(=O)O)c1,6.69959,-6.135416
620,mol19,-12.56,Cc1cccc(C(=O)Nc2cccc(-c3cncc4ccccc34)c2)c1,Cc1cccc(C(=O)Nc2cccc(-c3cncc4ccccc34)c2)c1,6.097076,-5.863209
470,mol87,-12.56,Cc1ccc(NS(=O)(=O)c2ccc(NC(=O)c3ccc4cccc(C(=O)O)c4n3)cc2)cc1NC(=O)c1ccccc1Cl,Cc1ccc(NS(=O)(=O)c2ccc(NC(=O)c3ccc4cccc(C(=O)O)c4n3)cc2)cc1NC(=O)c1ccccc1Cl,6.7371025,-5.851799
710,mol237,-12.56,CC(=O)Nc1ccc(NC(=O)NCc2cccc(C(=O)N[C@H]3CC[N@H+](Cc4ccc(C(=O)O)cc4)CC3)c2)cc1,CC(=O)Nc1ccc(NC(=O)NCc2cccc(C(=O)N[C@H]3CC[N@H+](Cc4ccc(C(=O)O)cc4)CC3)c2)cc1,7.2826962,-3.1791086
160,mol253,-12.56,Nc1ncc(-c2ccc(C(=O)Nc3ccc(-n4cnc(Nc5ccccc5Cl)c4)s3)cc2)nc1NCc1ccccn1,Nc1ncc(-c2ccc(C(=O)Nc3ccc(-n4cnc(Nc5ccccc5Cl)c4)s3)cc2)nc1NCc1ccccn1,6.849555,-6.647025
110,mol57,-12.56,Cc1cc(C)c(-c2[nH]c3ncc(-c4cccc(C[N@H+]5CC[N@@H+](C)CC5)c4)cc3c2C)cc1C(=O)N1CCOCC1,Cc1cc(C)c(-c2[nH]c3ncc(-c4cccc(C[N@H+]5CC[N@@H+](C)CC5)c4)cc3c2C)cc1C(=O)N1CCOCC1,7.3859854,-3.1061802
400,mol496,-12.56,NC(=O)c1ccc(F)c2cc(C(=O)Nc3cccc(Oc4ccncc4)c3)ccc12,NC(=O)c1ccc(F)c2cc(C(=O)Nc3cccc(Oc4ccncc4)c3)ccc12,6.109313,-6.171466
800,mol389,-12.56,CNC(=O)c1ccc(Nc2ccc(C(=O)O)c(NC(=O)c3cccc([C@@H]([NH3+])Cc4ccccc4)c3)n2)cc1,CNC(=O)c1ccc(Nc2ccc(C(=O)O)c(NC(=O)c3cccc([C@@H]([NH3+])Cc4ccccc4)c3)n2)cc1,6.5256453,-4.5128393
570,mol425,-12.56,Cc1ccc(NC(=O)c2cccc(C(C)(C)N3CC[NH+](C)CC3)c2)cc1Nc1nccc(-c2cccnc2)n1,Cc1ccc(NC(=O)c2cccc(C(C)(C)N3CC[NH+](C)CC3)c2)cc1Nc1nccc(-c2cccnc2)n1,7.3514476,-3.8286042
320,mol488,-12.56,Cc1ccccc1S(=O)(=O)Nc1ccc(-c2nnc(-c3ccc4ccccc4c3)o2)cc1,Cc1ccccc1S(=O)(=O)Nc1ccc(-c2nnc(-c3ccc4ccccc4c3)o2)cc1,5.82386,-6.41186
390,mol125,-12.56,[NH3+]Cc1ccc(-c2ccc(/C=C/c3ccc4ncccc4c3)cc2)cc1,[NH3+]Cc1ccc(-c2ccc(/C=C/c3ccc4ncccc4c3)cc2)cc1,5.887108,-5.621558
940,mol410,-12.56,CN(O)C(=O)c1ccc(Oc2ccc(Oc3cccc(C(=O)Nc4cccc(O)c4)c3)cc2)cc1,CN(O)C(=O)c1ccc(Oc2ccc(Oc3cccc(C(=O)Nc4cccc(O)c4)c3)cc2)cc1,6.21703,-6.3571873
600,mol225,-12.56,CNC(=O)c1cc(Oc2ccc(N)cc2O)cc(-c2ccc(-c3ccc(S(=O)(=O)NC(=O)CCc4ccccc4)cc3)cc2C(=O)O)c1,CNC(=O)c1cc(Oc2ccc(N)cc2O)cc(-c2ccc(-c3ccc(S(=O)(=O)NC(=O)CCc4ccccc4)cc3)cc2C(=O)O)c1,6.668323,-5.979472
480,mol165,-12.56,Cc1cccc(Nc2nccc(Nc3ccc(Nc4ccnc5ccccc45)cc3)n2)c1,Cc1cccc(Nc2nccc(Nc3ccc(Nc4ccnc5ccccc45)cc3)n2)c1,6.020592,-6.138063
590,mol345,-12.56,Cc1ccc(Nc2ncnc(Nc3ccc4ccccc4c3)n2)cc1NC(=O)c1ccccc1,Cc1ccc(Nc2ncnc(Nc3ccc4ccccc4c3)n2)cc1NC(=O)c1ccccc1,6.2277412,-6.426433
820,mol356,-12.56,CN(c1ccnc(Nc2ccc(C(=O)NS(N)(=O)=O)cc2)n1)c1ccc(NC(=O)c2ccccc2)cc1F,CN(c1ccnc(Nc2ccc(C(=O)NS(N)(=O)=O)cc2)n1)c1ccc(NC(=O)c2ccccc2)cc1F,6.39635,-5.566851
820,mol367,-12.56,Cc1ccc(C(=O)Nc2ccc(C[N@H+]3CC[N@@H+](CCO)CC3)cc2)cc1C(=O)Nc1cccc(C(=O)c2ccccc2)c1,Cc1ccc(C(=O)Nc2ccc(C[N@H+]3CC[N@@H+](CCO)CC3)cc2)cc1C(=O)Nc1cccc(C(=O)c2ccccc2)c1,6.8498354,-2.5384548
690,mol329,-12.56,Cc1ccc(NC(=O)c2cccc(Nc3nccc(-c4ccccn4)n3)c2)cc1Nc1ncccn1,Cc1ccc(NC(=O)c2cccc(Nc3nccc(-c4ccccn4)n3)c2)cc1Nc1ncccn1,6.390014,-6.3568773
890,mol323,-12.56,COc1ccc(-n2nnc(-c3ccc(-c4ccc(C(=O)O)cc4)cc3)n2)cc1-c1ccc(C(=O)O)cc1,COc1ccc(-n2nnc(-c3ccc(-c4ccc(C(=O)O)cc4)cc3)n2)cc1-c1ccc(C(=O)O)cc1,6.3725877,-6.026517
720,mol290,-12.56,CCCc1cncc(-c2ccc(C(=O)NCc3cccc(C(=O)Nc4ccc(C(=O)O)cc4)c3)cc2)c1,CCCc1cncc(-c2ccc(C(=O)NCc3cccc(C(=O)Nc4ccc(C(=O)O)cc4)c3)cc2)c1,6.241716,-5.751157
310,mol400,-12.56,Cc1ccc(C(=O)Nc2cccc(C(=O)Nc3ccc(Oc4ccnc(N)n4)cc3)c2)cc1,Cc1ccc(C(=O)Nc2cccc(C(=O)Nc3ccc(Oc4ccnc(N)n4)cc3)c2)cc1,6.1547813,-6.3114085
330,mol237,-12.56,c1ccc(-c2ccc(CN3CCc4ncc(-c5cccc(-c6ccccc6)c5)cc4C3)cc2)cc1,c1ccc(-c2ccc(CN3CCc4ncc(-c5cccc(-c6ccccc6)c5)cc4C3)cc2)cc1,5.943496,-6.2867975
680,mol93,-12.56,Cc1ccc(C(=O)Nc2cccc(C(=O)NCc3ccc(-c4ccccc4)cc3)c2)cc1,Cc1ccc(C(=O)Nc2cccc(C(=O)NCc3ccc(-c4ccccc4)cc3)c2)cc1,5.815051,-6.801967
610,mol3,-12.56,Cc1ccccc1-c1ccc(C(=O)Nc2ccc(Oc3ccncc3)cc2)cn1,Cc1ccccc1-c1ccc(C(=O)Nc2ccc(Oc3ccncc3)cc2)cn1,6.461298,-6.546862
210,mol437,-12.56,Cc1cc(-c2cccc(C(=O)O)c2)ccc1NS(=O)(=O)c1ccc(NCCOc2ccc(C(=O)O)c(C(N)=O)c2)cc1,Cc1cc(-c2cccc(C(=O)O)c2)ccc1NS(=O)(=O)c1ccc(NCCOc2ccc(C(=O)O)c(C(N)=O)c2)cc1,6.2511454,-4.82063
310,mol241,-12.56,Cc1ccc(Nc2cccc(C(=O)O)c2)cc1NC(=O)c1ccc(NC(=O)c2ccsc2)cc1,Cc1ccc(Nc2cccc(C(=O)O)c2)cc1NC(=O)c1ccc(NC(=O)c2ccsc2)cc1,6.4474072,-5.922277
510,mol402,-12.56,COc1cc(-c2cccnc2)ccc1Nc1nccc(-c2c[nH]c3ncccc23)n1,COc1cc(-c2cccnc2)ccc1Nc1nccc(-c2c[nH]c3ncccc23)n1,6.334101,-5.821892
880,mol8,-12.56,COc1cccc(C(=O)Nc2cccc(C(=O)c3ccc4ccccc4n3)c2)c1F,COc1cccc(C(=O)Nc2cccc(C(=O)c3ccc4ccccc4n3)c2)c1F,6.2888336,-6.5231867
360,mol108,-12.56,Cc1ccc(-c2c[nH]c(-c3ccc(NC(=O)c4cccc(C(F)(F)F)c4)cc3)n2)cc1,Cc1ccc(-c2c[nH]c(-c3ccc(NC(=O)c4cccc(C(F)(F)F)c4)cc3)n2)cc1,6.1028886,-6.5963807
610,mol457,-12.56,Cc1cncc2cc(C(=O)Nc3cccc(C(=O)c4cccc(O)c4)c3)cnc12,Cc1cncc2cc(C(=O)Nc3cccc(C(=O)c4cccc(O)c4)c3)cnc12,7.0087605,-5.7293715
330,mol399,-12.56,Cc1ccc(NC(=O)c2ccccc2CNc2nccc(Nc3ccc4ccccc4n3)n2)cc1,Cc1ccc(NC(=O)c2ccccc2CNc2nccc(Nc3ccc4ccccc4n3)n2)cc1,5.723173,-6.3883834
790,mol390,-12.56,Cc1cc(C)cc(Nc2nccc(-c3ccnc(Nc4ccccc4)c3)n2)c1,Cc1cc(C)cc(Nc2nccc(-c3ccnc(Nc4ccccc4)c3)n2)c1,6.7192006,-5.988827
790,mol169,-12.56,Cc1ccc(C(=O)Nc2ccc(CC(=O)O)cc2)cc1NC(=O)c1ccc(Cc2ccccc2)cc1,Cc1ccc(C(=O)Nc2ccc(CC(=O)O)cc2)cc1NC(=O)c1ccc(Cc2ccccc2)cc1,6.335906,-6.481326
850,mol19,-12.56,Cc1ccc(Oc2ccc(NC(=O)c3cccc(C(=O)NCc4cccc(C(=O)O)c4)c3)cc2C(=O)O)c(Cl)c1,Cc1ccc(Oc2ccc(NC(=O)c3cccc(C(=O)NCc4cccc(C(=O)O)c4)c3)cc2C(=O)O)c(Cl)c1,6.628595,-5.8399143
320,mol315,-12.56,Cc1cc(NC(=O)c2ccc(C(=O)O)c(C(=O)O)c2)ccc1-c1cccc(C#N)c1,Cc1cc(NC(=O)c2ccc(C(=O)O)c(C(=O)O)c2)ccc1-c1cccc(C#N)c1,7.0189576,-5.2296724
340,mol115,-12.55,Cc1ccc(NC(=O)c2ccc(NC(=O)c3cc4ccccc4[nH]3)cc2)cc1,Cc1ccc(NC(=O)c2ccc(NC(=O)c3cc4ccccc4[nH]3)cc2)cc1,6.246448,-6.5433664
380,mol87,-12.55,Cc1ccc(C(=O)Nc2cccc(C(=O)NCc3ccc4ccccc4n3)c2)cc1,Cc1ccc(C(=O)Nc2cccc(C(=O)NCc3ccc4ccccc4n3)c2)cc1,5.880355,-5.606839
500,mol138,-12.55,Cc1cccc(CNC(=O)Nc2cncc(Nc3ncnc4ccc(Oc5ccccc5)cc34)c2)c1,Cc1cccc(CNC(=O)Nc2cncc(Nc3ncnc4ccc(Oc5ccccc5)cc34)c2)c1,6.23685,-6.773457
440,mol273,-12.55,NC(N)c1ccc(CNC(=O)[C@@H]2CCCN2C(=O)Cc2cccc(NC(=O)Nc3ccc([N+](=O)[O-])cc3)c2)cc1,NC(N)c1ccc(CNC(=O)[C@@H]2CCCN2C(=O)Cc2cccc(NC(=O)Nc3ccc([N+](=O)[O-])cc3)c2)cc1,6.9873333,-4.325502
340,mol446,-12.55,Cc1c(Cc2cccc(OCc3ccc4ccccc4n3)c2)ccc(C(=O)O)c1O,Cc1c(Cc2cccc(OCc3ccc4ccccc4n3)c2)ccc(C(=O)O)c1O,6.6508,-5.6493697
120,mol304,-12.55,Cc1ccc(C(=O)NC2CC2)cc1-c1ccc2nc(Nc3ccc(N4CCC(S(C)(=O)=O)CC4)cc3)ncc2c1,Cc1ccc(C(=O)NC2CC2)cc1-c1ccc2nc(Nc3ccc(N4CCC(S(C)(=O)=O)CC4)cc3)ncc2c1,6.998382,-5.5474396
280,mol206,-12.55,Cc1ccc(NC(=O)c2cccc(C(F)(F)F)c2)cc1Nc1ncnc2cc(-c3ccccc3)sc12,Cc1ccc(NC(=O)c2cccc(C(F)(F)F)c2)cc1Nc1ncnc2cc(-c3ccccc3)sc12,6.2050967,-6.8750796
410,mol447,-12.55,Cc1cccc(C(=O)Nc2ccc(Nc3nc4ccc(C(N)N)cc4[nH]3)cc2)c1,Cc1cccc(C(=O)Nc2ccc(Nc3nc4ccc(C(N)N)cc4[nH]3)cc2)c1,6.445667,-5.4266376
400,mol42,-12.55,NC(=O)c1ccc(N2CCC(c3ncc(-c4cccc(C(=O)NCCO)c4)s3)CC2)cc1C(=O)O,NC(=O)c1ccc(N2CCC(c3ncc(-c4cccc(C(=O)NCCO)c4)s3)CC2)cc1C(=O)O,6.8873377,-3.4731843
630,mol498,-12.55,Cc1ccc(C(=O)NC(=O)Nc2ccc(Cl)c(C(F)(F)F)c2)cc1Nc1ncnc2ccc(-c3ccccc3)cc12,Cc1ccc(C(=O)NC(=O)Nc2ccc(Cl)c(C(F)(F)F)c2)cc1Nc1ncnc2ccc(-c3ccccc3)cc12,6.4022427,-7.731994
600,mol86,-12.55,Cc1ccc(Nc2nccc(-c3cccnc3N)n2)cc1Nc1ccnc(Nc2ccc(CC(=O)O)cc2)n1,Cc1ccc(Nc2nccc(-c3cccnc3N)n2)cc1Nc1ccnc(Nc2ccc(CC(=O)O)cc2)n1,6.8003407,-5.5442843
260,mol190,-12.55,Nc1nc(Nc2ccc(S(N)(=O)=O)cc2)sc1C(=O)c1cccc(NC(=O)c2cccc(Cl)c2)c1,Nc1nc(Nc2ccc(S(N)(=O)=O)cc2)sc1C(=O)c1cccc(NC(=O)c2cccc(Cl)c2)c1,6.2280793,-6.040095
630,mol146,-12.55,Cc1ccc(NC(N)=O)cc1Nc1nccc(-c2cccnc2Oc2ccc(C(=O)Nc3cccc(NC(=O)C[NH+]4CCCCC4)c3)cc2C)n1,Cc1ccc(NC(N)=O)cc1Nc1nccc(-c2cccnc2Oc2ccc(C(=O)Nc3cccc(NC(=O)C[NH+]4CCCCC4)c3)cc2C)n1,7.246437,-6.199917
260,mol1,-12.55,Cc1cc(Nc2nc(Nc3cccc(C(=O)Nc4cccc(C(F)(F)F)c4)c3)ncc2C(F)(F)F)no1,Cc1cc(Nc2nc(Nc3cccc(C(=O)Nc4cccc(C(F)(F)F)c4)c3)ncc2C(F)(F)F)no1,6.6566796,-6.3842335
260,mol335,-12.55,Cc1ccc(S(=O)(=O)Nc2ccc(C(=O)NCc3ccc(Nc4nccc(-c5ccccn5)n4)cc3)cc2)cc1,Cc1ccc(S(=O)(=O)Nc2ccc(C(=O)NCc3ccc(Nc4nccc(-c5ccccn5)n4)cc3)cc2)cc1,6.2725663,-6.088208
780,mol171,-12.55,COc1ccc(Oc2ccc3c(-c4ccc5ccccc5c4)cc(=O)oc3c2)cc1,COc1ccc(Oc2ccc3c(-c4ccc5ccccc5c4)cc(=O)oc3c2)cc1,5.809836,-7.506928
320,mol238,-12.55,Cc1cc(CNC(=O)c2cc(C(=O)Nc3cccc(Nc4ncnc5c4CCCC5)c3)cs2)ccc1O,Cc1cc(CNC(=O)c2cc(C(=O)Nc3cccc(Nc4ncnc5c4CCCC5)c3)cs2)ccc1O,7.135717,-6.554365
600,mol391,-12.55,Cc1cc(C)cc(Nc2nccc(Nc3ccc4ccccc4c3)n2)c1,Cc1cc(C)cc(Nc2nccc(Nc3ccc4ccccc4c3)n2)c1,6.654031,-6.049552
610,mol289,-12.55,Cc1ccc(C(=O)Nc2ccc(C[N@H+]3CC[N@@H+](C)CC3)c(C(F)(F)F)c2)cc1Nc1ncnc2cnc(Nc3cccc(-c4ccccn4)c3)nc12,Cc1ccc(C(=O)Nc2ccc(C[N@H+]3CC[N@@H+](C)CC3)c(C(F)(F)F)c2)cc1Nc1ncnc2cnc(Nc3cccc(-c4ccccn4)c3)nc12,6.783158,-4.388529
710,mol446,-12.55,Cc1ccc(NC(=O)c2ccc(Cn3ccnc(Nc4cccc(C(=O)O)c4)c3=O)cc2)cc1Cl,Cc1ccc(NC(=O)c2ccc(Cn3ccnc(Nc4cccc(C(=O)O)c4)c3=O)cc2)cc1Cl,6.655884,-5.5115323
980,mol10,-12.55,COc1ccc(CC(=O)Nc2cccc(-c3cnc4ccccc4c3)c2)cc1OC,COc1ccc(CC(=O)Nc2cccc(-c3cnc4ccccc4c3)c2)cc1OC,5.7884245,-6.914121
340,mol59,-12.55,Cc1ccc(NC(=O)c2cccc(C(=O)O)c2)cc1Nc1nccc(-c2cccnc2)n1,Cc1ccc(NC(=O)c2cccc(C(=O)O)c2)cc1Nc1nccc(-c2cccnc2)n1,6.5458193,-5.327171
890,mol297,-12.55,Cc1ccc(C(=O)Nc2ccc(Cl)c(C(N)=O)c2)cc1Nc1nccc(-c2cccnc2)n1,Cc1ccc(C(=O)Nc2ccc(Cl)c(C(N)=O)c2)cc1Nc1nccc(-c2cccnc2)n1,6.561284,-5.90255
270,mol233,-12.55,Cc1cnc(Nc2ccc(C#N)c(Cl)c2)cc1NC(=O)c1ccc(Cc2c[nH]c3ccccc23)cc1,Cc1cnc(Nc2ccc(C#N)c(Cl)c2)cc1NC(=O)c1ccc(Cc2c[nH]c3ccccc23)cc1,6.5983734,-6.5083175
320,mol60,-12.55,Cc1cc(NS(=O)(=O)c2ccc(NC(=O)c3cc4ccccc4o3)cc2)ccc1-c1ccccc1C(=O)O,Cc1cc(NS(=O)(=O)c2ccc(NC(=O)c3cc4ccccc4o3)cc2)ccc1-c1ccccc1C(=O)O,6.522765,-5.823506
860,mol284,-12.55,Cc1ccc(C(=O)Nc2ccc(S(N)(=O)=O)cc2)cc1-c1ccc2nc(N)ncc2c1,Cc1ccc(C(=O)Nc2ccc(S(N)(=O)=O)cc2)cc1-c1ccc2nc(N)ncc2c1,6.692309,-4.643241
290,mol235,-12.55,Cc1cc(Nc2nc(-c3cccc(C(=O)Nc4cccc(C(=O)NC(C)C)c4)c3)cs2)ccc1F,Cc1cc(Nc2nc(-c3cccc(C(=O)Nc4cccc(C(=O)NC(C)C)c4)c3)cs2)ccc1F,6.3041644,-6.3969398
300,mol51,-12.55,Nc1nc(NCCc2ccc(NCc3ccc4n[nH]cc4c3)cc2)sc1[C@H](NCc1ccc(Nc2ccnc3cc(Cl)ccc23)cc1)C(F)(F)F,Nc1nc(NCCc2ccc(NCc3ccc4n[nH]cc4c3)cc2)sc1[C@H](NCc1ccc(Nc2ccnc3cc(Cl)ccc23)cc1)C(F)(F)F,6.5870233,-5.971522
180,mol286,-12.55,CN(c1ccc(C(=O)N[C@@H](CO)C(=O)O)cc1)c1cccc(Nc2nccc(-c3cccnc3Nc3ccccc3)n2)c1,CN(c1ccc(C(=O)N[C@@H](CO)C(=O)O)cc1)c1cccc(Nc2nccc(-c3cccnc3Nc3ccccc3)n2)c1,6.871166,-5.4643836
570,mol406,-12.55,Cc1cccc(Nc2ncc(-c3cccc(C(=O)Nc4cccc(OC(F)(F)F)c4)c3)cn2)c1C,Cc1cccc(Nc2ncc(-c3cccc(C(=O)Nc4cccc(OC(F)(F)F)c4)c3)cn2)c1C,6.4578595,-7.0823607
530,mol32,-12.55,Cc1ccc(NC(=O)c2cccc(Nc3ncnc4ccc(C#N)cc34)c2)cc1NC(=O)c1ccccc1,Cc1ccc(NC(=O)c2cccc(Nc3ncnc4ccc(C#N)cc34)c2)cc1NC(=O)c1ccccc1,6.454689,-6.854427
840,mol216,-12.55,Cc1cc(Nc2cccc(C(=O)NC3CCCCC3)c2)nc(C2CCN(C(=O)CCc3ccccc3)CC2)n1,Cc1cc(Nc2cccc(C(=O)NC3CCCCC3)c2)nc(C2CCN(C(=O)CCc3ccccc3)CC2)n1,7.072303,-5.656998
840,mol190,-12.55,CN(C)c1ccc(-c2ncc(-c3ccccc3)[nH]2)cc1-c1ccc(NC(=O)c2ccccc2Br)cc1,CN(C)c1ccc(-c2ncc(-c3ccccc3)[nH]2)cc1-c1ccc(NC(=O)c2ccccc2Br)cc1,6.0448084,-6.4936314
160,mol208,-12.55,Cc1nc(Nc2ncc(C[C@H]([NH3+])Cc3ccc4ccccc4c3)s2)cc(N2CCCCCC2=O)n1,Cc1nc(Nc2ncc(C[C@H]([NH3+])Cc3ccc4ccccc4c3)s2)cc(N2CCCCCC2=O)n1,6.9660387,-4.3526406
180,mol369,-12.55,O=C(NCc1ccccc1)c1cccc(Cc2ccc(NCc3ccc(Cc4ccccc4)cc3)nn2)c1,O=C(NCc1ccccc1)c1cccc(Cc2ccc(NCc3ccc(Cc4ccccc4)cc3)nn2)c1,5.4617996,-6.490116
160,mol28,-12.55,CN(Cc1cncn1Cc1ccc(Nc2ccnc3cc(Cl)ccc23)cc1)c1ccc(C(=O)N[C@@H](CCC(=O)O)C(=O)O)cc1,CN(Cc1cncn1Cc1ccc(Nc2ccnc3cc(Cl)ccc23)cc1)c1ccc(C(=O)N[C@@H](CCC(=O)O)C(=O)O)cc1,7.301439,-5.6357813
660,mol160,-12.55,COc1ccc(NC(=O)Nc2cccc(-n3cccc3)c2)cc1NC(=O)c1ccc(NC(=O)c2ccc(-c3ccccn3)cc2)cc1,COc1ccc(NC(=O)Nc2cccc(-n3cccc3)c2)cc1NC(=O)c1ccc(NC(=O)c2ccc(-c3ccccn3)cc2)cc1,6.407166,-6.84653
690,mol321,-12.55,CC(=O)Nc1cccc(NC(=O)c2cccc(Cc3cc4ccc(C(N)N)cc4[nH]3)c2)c1,CC(=O)Nc1cccc(NC(=O)c2cccc(Cc3cc4ccc(C(N)N)cc4[nH]3)c2)c1,6.5103927,-4.8311157
580,mol499,-12.55,Cc1ccccc1C(=O)Nc1cccc(OCc2nnc(-c3ccc4c(c3)OCO4)o2)c1,Cc1ccccc1C(=O)Nc1cccc(OCc2nnc(-c3ccc4c(c3)OCO4)o2)c1,6.203234,-5.8985744
290,mol434,-12.55,Cc1ccc(Cl)cc1-c1ccc(C(=O)Nc2ccc(C(=O)O)cc2)cc1,Cc1ccc(Cl)cc1-c1ccc(C(=O)Nc2ccc(C(=O)O)cc2)cc1,6.6068473,-5.332778
380,mol203,-12.55,Cc1ccc(C(=O)Nc2ccc(Oc3ccc(-c4nc(C(N)N)cs4)cc3)cc2)cc1,Cc1ccc(C(=O)Nc2ccc(Oc3ccc(-c4nc(C(N)N)cs4)cc3)cc2)cc1,6.1351905,-6.316384
560,mol399,-12.55,CC(C)(C)c1cccc(C[NH2+][C@H]2CS(=O)(=O)C[C@@H](Cc3cc(F)c(N)c(F)c3)[C@H]2O)c1,CC(C)(C)c1cccc(C[NH2+][C@H]2CS(=O)(=O)C[C@@H](Cc3cc(F)c(N)c(F)c3)[C@H]2O)c1,7.350369,-2.4725955
420,mol235,-12.55,NC(N)c1cccc(CNC(=O)Nc2ccc(Oc3ccc(-c4ccccc4)cc3)cc2)c1,NC(N)c1cccc(CNC(=O)Nc2ccc(Oc3ccc(-c4ccccc4)cc3)cc2)c1,6.1164155,-6.126001
130,mol332,-12.55,Cc1ccc(NC(=O)c2cccc(COc3cc(C(=O)Nc4cccc(C(=O)NCC[NH+]5CCCCC5)c4)ccc3C#N)c2)cc1,Cc1ccc(NC(=O)c2cccc(COc3cc(C(=O)Nc4cccc(C(=O)NCC[NH+]5CCCCC5)c4)ccc3C#N)c2)cc1,6.6529255,-6.048082
300,mol182,-12.55,Cc1ncc(Cc2cc(C(=O)Nc3ccc(C(=O)O)cc3)ccc2C#N)cc1NC(=O)c1ccc2c(c1)OCO2,Cc1ncc(Cc2cc(C(=O)Nc3ccc(C(=O)O)cc3)ccc2C#N)cc1NC(=O)c1ccc2c(c1)OCO2,6.920157,-6.4067254
130,mol56,-12.55,Cc1ccc(Nc2nccc(-c3cccc(C(=O)Nc4ccc(CNc5ccccc5)cc4)c3OC(F)(F)F)n2)cc1,Cc1ccc(Nc2nccc(-c3cccc(C(=O)Nc4ccc(CNc5ccccc5)cc4)c3OC(F)(F)F)n2)cc1,5.5918603,-6.803538
680,mol96,-12.55,COc1cccc(CNC(=O)c2ccc3ccccc3n2)c1Nc1ncc(Cc2cccc(C(=O)NCc3ccccc3)c2)cn1,COc1cccc(CNC(=O)c2ccc3ccccc3n2)c1Nc1ncc(Cc2cccc(C(=O)NCc3ccccc3)c2)cn1,6.572585,-6.547888
220,mol411,-12.55,Cc1cc(Nc2nc(N[C@@H](C)c3ncc(F)cn3)ncc2F)cc(-c2ccc(C(=O)Nc3nn(CC(F)(F)F)cc3-c3cnc(N)cn3)cc2)c1,Cc1cc(Nc2nc(N[C@@H](C)c3ncc(F)cn3)ncc2F)cc(-c2ccc(C(=O)Nc3nn(CC(F)(F)F)cc3-c3cnc(N)cn3)cc2)c1,7.024475,-6.4524655
880,mol246,-12.55,Cc1cc(C)cc(Nc2nccc(-c3ccnc(Oc4ccccc4)c3)n2)c1,Cc1cc(C)cc(Nc2nccc(-c3ccnc(Oc4ccccc4)c3)n2)c1,6.763349,-6.3769326
180,mol188,-12.55,Clc1ccc2c(Nc3ccc(-c4c[n+](-c5ccccc5)[nH]c4-c4ccccc4)cc3)ccnc2c1,Clc1ccc2c(Nc3ccc(-c4c[n+](-c5ccccc5)[nH]c4-c4ccccc4)cc3)ccnc2c1,5.6363645,-6.4912534
300,mol291,-12.55,Cc1cccc(-c2ccc(C(=O)Nc3ccc4cc(C(=O)O)ccc4n3)s2)c1,Cc1cccc(-c2ccc(C(=O)Nc3ccc4cc(C(=O)O)ccc4n3)s2)c1,6.3994923,-5.9576807
140,mol216,-12.55,Cc1ccc(C(=O)Nc2ccon2)cc1NC(=O)c1cncc(-c2ccc(C(N)=O)s2)c1,Cc1ccc(C(=O)Nc2ccon2)cc1NC(=O)c1cncc(-c2ccc(C(N)=O)s2)c1,6.659105,-6.1725364
670,mol286,-12.55,Cc1cn(CCC[N@H+]2CCN(c3ccc(C(=O)O)c(Cl)c3)C(=O)C2)c(=O)c2cc(Cl)ccc12,Cc1cn(CCC[N@H+]2CCN(c3ccc(C(=O)O)c(Cl)c3)C(=O)C2)c(=O)c2cc(Cl)ccc12,7.43983,-3.558126
860,mol394,-12.54,Cc1ccc(C(=O)Nc2ccc(Oc3ccc4ncc(-c5ccccc5)nc4c3)cc2)cc1,Cc1ccc(C(=O)Nc2ccc(Oc3ccc4ncc(-c5ccccc5)nc4c3)cc2)cc1,5.733668,-7.2760677
870,mol487,-12.54,Cc1cccc(CNC(=O)c2ccc(CNC(=O)c3ccc4ccccc4n3)cc2)c1NC(=O)c1ccc(F)cc1,Cc1cccc(CNC(=O)c2ccc(CNC(=O)c3ccc4ccccc4n3)cc2)c1NC(=O)c1ccc(F)cc1,6.409909,-6.338635
680,mol354,-12.54,Cc1ccc(C(=O)Nc2ccc(Oc3ccnc4ccccc34)cc2)cc1,Cc1ccc(C(=O)Nc2ccc(Oc3ccnc4ccccc34)cc2)cc1,6.3371787,-6.4969907
750,mol160,-12.54,Cc1ccc(C(=O)NCc2ccc(C(N)N)cc2)cc1NC(=O)c1ccc(C(=O)Nc2ccccc2)cc1,Cc1ccc(C(=O)NCc2ccc(C(N)N)cc2)cc1NC(=O)c1ccc(C(=O)Nc2ccccc2)cc1,6.226847,-5.42435
500,mol387,-12.54,Cc1cccc2c(=O)[nH]c(CCc3ccc(C[C@@H](C(=O)O)N4C(=O)c5ccccc5C4=O)cc3)nc12,Cc1cccc2c(=O)[nH]c(CCc3ccc(C[C@@H](C(=O)O)N4C(=O)c5ccccc5C4=O)cc3)nc12,6.4235287,-5.4339514
880,mol365,-12.54,CNC(=O)c1ccc(Oc2ccc(NC(=O)c3ccc(Cl)c(Nc4nccc(-c5cccnc5)n4)c3)cc2)cc1,CNC(=O)c1ccc(Oc2ccc(NC(=O)c3ccc(Cl)c(Nc4nccc(-c5cccnc5)n4)c3)cc2)cc1,6.491113,-6.826678
990,mol149,-12.54,Cc1ccccc1CNC(=O)c1ccnc(-c2cccc(C(=O)Nc3cccc(C(=O)O)c3)c2)c1,Cc1ccccc1CNC(=O)c1ccnc(-c2cccc(C(=O)Nc3cccc(C(=O)O)c3)c2)c1,6.4422736,-5.820671
870,mol124,-12.54,Cc1ccc(C(=O)Nc2ccc(-c3ccccc3)cc2)cc1NC(=O)c1ccccc1C(=O)O,Cc1ccc(C(=O)Nc2ccc(-c3ccccc3)cc2)cc1NC(=O)c1ccccc1C(=O)O,6.3720255,-6.0007634
690,mol18,-12.54,Cc1c(NC(=O)c2ccc(C(=O)NCc3ccccc3)s2)cccc1-c1nc(NCc2cccc(C(=O)O)c2)ncc1F,Cc1c(NC(=O)c2ccc(C(=O)NCc3ccccc3)s2)cccc1-c1nc(NCc2cccc(C(=O)O)c2)ncc1F,6.6660094,-6.094924
510,mol407,-12.54,Cc1ccc(NC(=O)c2cccc(CCC(=O)O)c2)cc1Nc1nccc(-c2cccnc2)n1,Cc1ccc(NC(=O)c2cccc(CCC(=O)O)c2)cc1Nc1nccc(-c2cccnc2)n1,6.667196,-5.6540985
560,mol38,-12.54,Nc1ncc(-c2cnc3ccccc3c2)cc1-c1nc2ccc(-c3ccccc3)cc2n1-c1cccc(NC(=O)c2ccccc2)c1,Nc1ncc(-c2cnc3ccccc3c2)cc1-c1nc2ccc(-c3ccccc3)cc2n1-c1cccc(NC(=O)c2ccccc2)c1,6.3420258,-6.3273273
590,mol17,-12.54,Cc1ccc(Nc2nccc(-c3c[nH]c4ccccc34)n2)cc1NC(=O)c1cccnc1,Cc1ccc(Nc2nccc(-c3c[nH]c4ccccc34)n2)cc1NC(=O)c1cccnc1,6.408359,-6.21869
540,mol412,-12.54,CN(c1cccc(C(=O)Nc2ccc(OC(F)(F)F)cc2)c1)c1ccc(C(=O)Nc2cccc(S(N)(=O)=O)c2)cn1,CN(c1cccc(C(=O)Nc2ccc(OC(F)(F)F)cc2)c1)c1ccc(C(=O)Nc2cccc(S(N)(=O)=O)c2)cn1,6.563836,-6.417449
820,mol124,-12.54,Cc1cccc(-c2cccc(NCc3ccc(C(=O)N[C@@H](CC4CCCCC4)C(=O)NO)cc3)c2)c1,Cc1cccc(-c2cccc(NCc3ccc(C(=O)N[C@@H](CC4CCCCC4)C(=O)NO)cc3)c2)c1,6.7424536,-7.145479
940,mol252,-12.54,C[C@H](Cc1cccc([C@H](NC(=O)C(F)(F)F)C(N)=O)c1)Cn1cc(-c2ccc(F)c(-c3ccccc3)c2)nn1,C[C@H](Cc1cccc([C@H](NC(=O)C(F)(F)F)C(N)=O)c1)Cn1cc(-c2ccc(F)c(-c3ccccc3)c2)nn1,5.870014,-5.0574627
960,mol195,-12.54,Cc1noc(C)c1-c1ccc(C(=O)Nc2cccc(Nc3ncnc4ccccc34)c2)cc1,Cc1noc(C)c1-c1ccc(C(=O)Nc2cccc(Nc3ncnc4ccccc34)c2)cc1,6.2649083,-6.5905886
580,mol31,-12.54,Cc1ccc(C(=O)Nc2ccc(C(=O)NCc3ccc(Cl)cc3)cc2)cc1Nc1ncnc2ccc(N3CCCCC3)nc12,Cc1ccc(C(=O)Nc2ccc(C(=O)NCc3ccc(Cl)cc3)cc2)cc1Nc1ncnc2ccc(N3CCCCC3)nc12,7.1330295,-6.6061897
480,mol62,-12.54,NC(N)c1cccc(NC(=O)Nc2ccc(Nc3nccc(Cc4c[nH]c5ccccc45)n3)cc2)c1,NC(N)c1cccc(NC(=O)Nc2ccc(Nc3nccc(Cc4c[nH]c5ccccc45)n3)cc2)c1,6.4105673,-5.6182747
930,mol142,-12.54,C[C@@H](NC(=O)c1cccc(C(=O)O)c1)c1cccc(NC(=O)c2ccc(C(N)N)cc2)c1,C[C@@H](NC(=O)c1cccc(C(=O)O)c1)c1cccc(NC(=O)c2ccc(C(N)N)cc2)c1,6.4804564,-4.117079
630,mol229,-12.54,Cn1c(-c2ccc(-c3ccccc3C(=O)NO)cc2)cc2ccccc21,Cn1c(-c2ccc(-c3ccccc3C(=O)NO)cc2)cc2ccccc21,6.440327,-5.390686
590,mol347,-12.54,CNC(=O)c1ccc(-c2ccc(Oc3ccc(-c4cnc(C5CCC5)[nH]4)cc3)cc2C(=O)O)cc1,CNC(=O)c1ccc(-c2ccc(Oc3ccc(-c4cnc(C5CCC5)[nH]4)cc3)cc2C(=O)O)cc1,6.8749714,-6.4870963
710,mol133,-12.54,Cc1ccc(C(=O)Nc2cccc(-c3ccc4nc3SC(Nc3ccccc3)=N4)c2)cc1,Cc1ccc(C(=O)Nc2cccc(-c3ccc4nc3SC(Nc3ccccc3)=N4)c2)cc1,5.8416014,-6.755397
970,mol201,-12.54,CC(=O)Nc1cccc(-c2cccc(Nc3ccnc4ccccc34)c2)c1,CC(=O)Nc1cccc(-c2cccc(Nc3ccnc4ccccc34)c2)c1,6.1952066,-6.1238384
520,mol344,-12.54,Cc1ccccc1[C@H](NC(=O)c1ccc(C#N)cc1)C(=O)Nc1ccc(C#N)c(Nc2ccnc(Nc3ccc(N)cc3)n2)c1,Cc1ccccc1[C@H](NC(=O)c1ccc(C#N)cc1)C(=O)Nc1ccc(C#N)c(Nc2ccnc(Nc3ccc(N)cc3)n2)c1,6.8159695,-6.980803
690,mol117,-12.54,Cc1ccc(C(=O)Nc2ccc(Nc3ccnc4ccccc34)cc2)cc1,Cc1ccc(C(=O)Nc2ccc(Nc3ccnc4ccccc34)cc2)cc1,6.2393813,-6.2027426
610,mol393,-12.54,Cc1ccc(NC(=O)c2cccc(Nc3ncnc4nc(Nc5ccccc5)ncc34)c2)cc1,Cc1ccc(NC(=O)c2cccc(Nc3ncnc4nc(Nc5ccccc5)ncc34)c2)cc1,6.276104,-6.6970096
450,mol358,-12.54,Cc1cn(-c2cc(NC(=O)c3ccc4cc(C(N)N)ccc4c3)cc(C(F)(F)F)c2)cn1,Cc1cn(-c2cc(NC(=O)c3ccc4cc(C(N)N)ccc4c3)cc(C(F)(F)F)c2)cn1,6.6353908,-5.614605
1000,mol443,-12.54,Cc1cccc(C(=O)Nc2ccc(-c3ccc(C(=O)O)c(C(=O)O)c3)cc2)c1,Cc1cccc(C(=O)Nc2ccc(-c3ccc(C(=O)O)c(C(=O)O)c3)cc2)c1,6.562011,-4.539562
180,mol171,-12.54,Nc1nc(Nc2cccc(S(N)(=O)=O)c2)sc1C(=O)c1ccc2ccccc2c1,Nc1nc(Nc2cccc(S(N)(=O)=O)c2)sc1C(=O)c1ccc2ccccc2c1,6.2241826,-5.520937
260,mol301,-12.54,Cc1ccc(NC(=O)c2cccc(C(F)(F)F)c2)cc1C(=O)Nc1cnc(Nc2ccc(N3CCOCC3)cc2)s1,Cc1ccc(NC(=O)c2cccc(C(F)(F)F)c2)cc1C(=O)Nc1cnc(Nc2ccc(N3CCOCC3)cc2)s1,6.4694486,-6.4746842
210,mol270,-12.54,Nc1ccc(C(=O)Nc2ccc(Oc3ccc(Nc4nccc(-c5ccccc5)n4)cc3)cc2)cc1,Nc1ccc(C(=O)Nc2ccc(Oc3ccc(Nc4nccc(-c5ccccc5)n4)cc3)cc2)cc1,6.149208,-6.7562165
360,mol12,-12.54,Cc1ccc(C(=O)Nc2cccc(-c3ccc4nc(Nc5ccccc5)sc4n3)c2)cc1,Cc1ccc(C(=O)Nc2cccc(-c3ccc4nc(Nc5ccccc5)sc4n3)c2)cc1,5.9485683,-7.0012846
310,mol189,-12.54,Cc1ccc(C(=O)Nc2ccc(OCc3cccc(C(=O)Nc4cccc(C(=O)O)c4)n3)cc2)cc1,Cc1ccc(C(=O)Nc2ccc(OCc3cccc(C(=O)Nc4cccc(C(=O)O)c4)n3)cc2)cc1,6.44761,-6.1677213
260,mol120,-12.54,Cc1cccc(-c2nc(C(=O)Nc3ccc(C(=O)Nc4ccc(Cl)cn4)cc3)co2)c1,Cc1cccc(-c2nc(C(=O)Nc3ccc(C(=O)Nc4ccc(Cl)cn4)cc3)co2)c1,6.374771,-6.8135824
1000,mol31,-12.54,COc1ccccc1Nc1cc[nH]c(=O)c1C(=O)Nc1ccc(OCc2cccc(-c3nccnc3C)c2)cc1,COc1ccccc1Nc1cc[nH]c(=O)c1C(=O)Nc1ccc(OCc2cccc(-c3nccnc3C)c2)cc1,6.545004,-6.924595
100,mol299,-12.54,Oc1cnc(NCc2cccnc2)nc1-c1ccc(-c2cc(-c3ccccc3)sn2)cc1,Oc1cnc(NCc2cccnc2)nc1-c1ccc(-c2cc(-c3ccccc3)sn2)cc1,5.5945463,-6.373661
130,mol395,-12.54,Cc1cc(NC(=O)Nc2ccc(Oc3ccnc(Nc4cccc(C(=O)NCCN5CCCC5)c4)n3)cc2)ccn1,Cc1cc(NC(=O)Nc2ccc(Oc3ccnc(Nc4cccc(C(=O)NCCN5CCCC5)c4)n3)cc2)ccn1,7.098992,-6.2199044
330,mol71,-12.54,Cc1ccc(C(=O)Nc2ccc3nc(-c4cccnc4)ccc3c2)cc1,Cc1ccc(C(=O)Nc2ccc3nc(-c4cccnc4)ccc3c2)cc1,6.0420237,-5.4094024
440,mol189,-12.54,Cc1ccc(NC(=O)c2cccc(C(=O)O)c2)cc1Nc1ncnc2ccc(Nc3cccc(C(F)(F)F)c3)cc12,Cc1ccc(NC(=O)c2cccc(C(=O)O)c2)cc1Nc1ncnc2ccc(Nc3cccc(C(F)(F)F)c3)cc12,6.3350854,-6.1389203
200,mol233,-12.54,Cc1ccc(NC(=O)c2ccc(N3CCOCC3)c(C(F)(F)F)c2)cc1Nc1nccc(-c2cccnc2)n1,Cc1ccc(NC(=O)c2ccc(N3CCOCC3)c(C(F)(F)F)c2)cc1Nc1nccc(-c2cccnc2)n1,6.5573363,-6.1527615
400,mol379,-12.54,CS(=O)(=O)c1sc(-c2ccccc2)cc1-c1ccn2ncc(C(=O)Nc3cnn(Cc4cccc(C(N)=O)c4)c3)c2c1,CS(=O)(=O)c1sc(-c2ccccc2)cc1-c1ccn2ncc(C(=O)Nc3cnn(Cc4cccc(C(N)=O)c4)c3)c2c1,7.0233054,-5.799687
930,mol365,-12.53,COc1ccc(-c2ccc(NC(=O)c3ccc4c(c3)CC[C@@H]4[C@H](C)C(=O)O)cc2)cc1,COc1ccc(-c2ccc(NC(=O)c3ccc4c(c3)CC[C@@H]4[C@H](C)C(=O)O)cc2)cc1,5.9208302,-5.887948
330,mol82,-12.53,Cc1ccc(C(=O)Nc2cccc(C(=O)Nc3cccnc3)c2)cc1C(=O)Nc1ccc(N2CCOCC2)cc1,Cc1ccc(C(=O)Nc2cccc(C(=O)Nc3cccnc3)c2)cc1C(=O)Nc1ccc(N2CCOCC2)cc1,6.483941,-6.229595
260,mol203,-12.53,Cc1ccc(NC(=O)c2cccc(-c3nc(Nc4ccc(C(=O)O)cc4)c4ccccc4n3)c2)cc1,Cc1ccc(NC(=O)c2cccc(-c3nc(Nc4ccc(C(=O)O)cc4)c4ccccc4n3)c2)cc1,6.108539,-5.8182483
180,mol29,-12.53,Cc1cc(NC(=O)Nc2cccc(Oc3ccccc3)c2)cc(C2=CC=C[C@H](C)CN2C(=O)[C@H](O)C(C)(C)c2ccccc2)c1,Cc1cc(NC(=O)Nc2cccc(Oc3ccccc3)c2)cc(C2=CC=C[C@H](C)CN2C(=O)[C@H](O)C(C)(C)c2ccccc2)c1,6.5371013,-7.3821454
320,mol395,-12.53,Cc1nc(-c2cccc(CCNC(=O)c3cc4cc(C(N)N)ccc4[nH]3)c2)cc(N2CCOCC2)n1,Cc1nc(-c2cccc(CCNC(=O)c3cc4cc(C(N)N)ccc4[nH]3)c2)cc(N2CCOCC2)n1,6.985705,-3.3913696
420,mol330,-12.53,Cc1cc(Nc2nnc(-c3ccnc(NC(=O)[C@H]4CC[N@H+](C)CC4)c3)s2)ccc1NC(=O)Nc1ccc(Cl)cc1,Cc1cc(Nc2nnc(-c3ccnc(NC(=O)[C@H]4CC[N@H+](C)CC4)c3)s2)ccc1NC(=O)Nc1ccc(Cl)cc1,7.260898,-5.546477
780,mol371,-12.53,Cc1ccc(C(=O)Nc2ccc(C[N+](C)(C)C)cc2)cc1Nc1ncnn2cc(C(=O)c3ccccc3)c(C)c12,Cc1ccc(C(=O)Nc2ccc(C[N+](C)(C)C)cc2)cc1Nc1ncnn2cc(C(=O)c3ccccc3)c(C)c12,6.733773,-6.2396865
270,mol434,-12.53,Cc1ccc(NC(=O)Nc2cccc(-c3nc(NCc4ccccc4)c4ccccc4n3)c2)cc1,Cc1ccc(NC(=O)Nc2cccc(-c3nc(NCc4ccccc4)c4ccccc4n3)c2)cc1,5.6031013,-6.469583
820,mol4,-12.53,Cn1cc(-c2cccc(C(=O)Nc3cccc(-c4ccccc4Sc4ccccc4)c3)c2)cn1,Cn1cc(-c2cccc(C(=O)Nc3cccc(-c4ccccc4Sc4ccccc4)c3)c2)cn1,5.5572,-6.241538
490,mol194,-12.53,Cc1ccc(C(=O)Nc2ccc(Oc3ccc(C(=O)NC(C)C)cc3)cc2)cc1Nc1nccc2ccccc12,Cc1ccc(C(=O)Nc2ccc(Oc3ccc(C(=O)NC(C)C)cc3)cc2)cc1Nc1nccc2ccccc12,6.5827527,-6.6182957
610,mol184,-12.53,Cc1ccc(Nc2nc3ccc(C(=O)NCCc4cccc(C(=O)O)c4)cc3n2C(=O)NC(=O)NCc2ccc3ccccc3c2)c(C)c1,Cc1ccc(Nc2nc3ccc(C(=O)NCCc4cccc(C(=O)O)c4)cc3n2C(=O)NC(=O)NCc2ccc3ccccc3c2)c(C)c1,6.7527776,-6.3196664
650,mol62,-12.53,Cc1ccc(NC(=O)c2cccc(C(F)(F)F)c2)cc1Nc1ncnn2cc(C(=O)Nc3ccccc3)cc12,Cc1ccc(NC(=O)c2cccc(C(F)(F)F)c2)cc1Nc1ncnn2cc(C(=O)Nc3ccccc3)cc12,6.153531,-6.8244567
920,mol304,-12.53,Cc1ccc(C(=O)Nc2ccc(Oc3ccccc3NC(=O)c3ccc4ccccc4n3)cc2)cc1,Cc1ccc(C(=O)Nc2ccc(Oc3ccccc3NC(=O)c3ccc4ccccc4n3)cc2)cc1,5.9374933,-7.030496
410,mol101,-12.53,Cc1cccc(-n2nc(C(=O)Nc3ccc(S(N)(=O)=O)cc3)cc2NC(=O)Nc2ccc(CCc3ccccc3)cc2)c1,Cc1cccc(-n2nc(C(=O)Nc3ccc(S(N)(=O)=O)cc3)cc2NC(=O)Nc2ccc(CCc3ccccc3)cc2)c1,6.460327,-6.8182797
570,mol298,-12.53,Cc1ccc(Nc2nccc(-c3c[nH]c4ncccc34)n2)cc1Nc1ccnc2ccccc12,Cc1ccc(Nc2nccc(-c3c[nH]c4ncccc34)n2)cc1Nc1ccnc2ccccc12,6.5142536,-5.9181867
690,mol289,-12.53,COc1ccc(NC(=O)Nc2cc(-c3cccc(C(=O)NCc4ccc(C(=O)O)cc4)c3)ccn2)cc1,COc1ccc(NC(=O)Nc2cc(-c3cccc(C(=O)NCc4ccc(C(=O)O)cc4)c3)ccn2)cc1,6.1193094,-6.2126546
980,mol103,-12.53,Cc1cccc(-c2c[nH]c(Cc3cccc(-c4ccccc4)c3)n2)c1,Cc1cccc(-c2c[nH]c(Cc3cccc(-c4ccccc4)c3)n2)c1,5.8956575,-6.134664
350,mol494,-12.53,Cc1cc(-c2cccc(C(=O)O)c2)ccc1Nc1ccc(C(=O)N[C@@H](CCc2ccccc2)C(=O)O)c(Nc2ccc(I)cc2C#N)c1,Cc1cc(-c2cccc(C(=O)O)c2)ccc1Nc1ccc(C(=O)N[C@@H](CCc2ccccc2)C(=O)O)c(Nc2ccc(I)cc2C#N)c1,6.976191,-6.7785983
990,mol400,-12.53,NC(=O)Nc1cccc(-c2ccnc(Nc3ccc4ccccc4c3)n2)c1,NC(=O)Nc1cccc(-c2ccnc(Nc3ccc4ccccc4c3)n2)c1,6.3811336,-5.163497
740,mol458,-12.53,CN(C)c1ccc(Nc2nccc(Nc3cccc4cc(C(N)N)ccc34)n2)cc1,CN(C)c1ccc(Nc2nccc(Nc3cccc4cc(C(N)N)ccc34)n2)cc1,6.5307255,-4.4488363
220,mol49,-12.53,Cc1cc(-c2ccc(C(=O)Nc3cccc4ccccc34)cc2F)ccc1F,Cc1cc(-c2ccc(C(=O)Nc3cccc4ccccc34)cc2F)ccc1F,6.2943764,-7.003076
830,mol150,-12.53,CC(=O)Nc1ccc(-c2cccc(Nc3cccc(C(=O)NCc4ccccc4)c3)c2)cc1,CC(=O)Nc1ccc(-c2cccc(Nc3cccc(C(=O)NCc4ccccc4)c3)c2)cc1,5.722792,-6.263304
230,mol213,-12.53,Nc1ccc(-c2ccccc2)cc1-c1nc2ccc(C(=O)NCc3ccc(C(=O)O)c(C(F)(F)F)c3)cc2[nH]1,Nc1ccc(-c2ccccc2)cc1-c1nc2ccc(C(=O)NCc3ccc(C(=O)O)c(C(F)(F)F)c3)cc2[nH]1,6.512528,-6.1842637
370,mol352,-12.53,Cc1cn(-c2ccc(NC(=O)c3ccc(C(=O)N[C@H](Cc4ccccc4)[C@H](O)CNC(=O)c4cccc(C(=O)O)c4)s3)cc2)c(=O)[nH]c1=O,Cc1cn(-c2ccc(NC(=O)c3ccc(C(=O)N[C@H](Cc4ccccc4)[C@H](O)CNC(=O)c4cccc(C(=O)O)c4)s3)cc2)c(=O)[nH]c1=O,7.1255436,-4.441687
470,mol314,-12.53,Cc1cc(Nc2cc(Oc3ccccc3)nn2C(=O)c2cccc(=O)[nH]2)ccc1OCCCCOc1ccc(/C=C\c2ccc(F)c(N)c2)cc1,Cc1cc(Nc2cc(Oc3ccccc3)nn2C(=O)c2cccc(=O)[nH]2)ccc1OCCCCOc1ccc(/C=C\c2ccc(F)c(N)c2)cc1,6.2466545,-7.5335383
500,mol436,-12.53,Cc1cncc(-c2nc(C(=O)Nc3ccc(C(=O)NC4CCN(c5ncccn5)CC4)cc3)cnc2N)c1,Cc1cncc(-c2nc(C(=O)Nc3ccc(C(=O)NC4CCN(c5ncccn5)CC4)cc3)cnc2N)c1,7.18126,-4.637091
160,mol60,-12.53,Cc1c(Nc2nc(N[C@H]3CC[C@H]([NH3+])CC3)ncc2Cl)cccc1N1C(=O)Cc2ccccc2C1=O,Cc1c(Nc2nc(N[C@H]3CC[C@H]([NH3+])CC3)ncc2Cl)cccc1N1C(=O)Cc2ccccc2C1=O,7.3909254,-5.31586
720,mol175,-12.53,Cc1ccc(C(=O)Nc2ccc(-c3ccc(NC(=O)c4ccccc4C(=O)O)o3)cc2)cc1,Cc1ccc(C(=O)Nc2ccc(-c3ccc(NC(=O)c4ccccc4C(=O)O)o3)cc2)cc1,5.929067,-6.0428863
260,mol468,-12.53,Cc1ccc(-n2nc(C(=O)NCc3ccccc3)cc2NC(=O)Nc2cccc(Nc3ccnc4ccccc34)c2)cc1,Cc1ccc(-n2nc(C(=O)NCc3ccccc3)cc2NC(=O)Nc2cccc(Nc3ccnc4ccccc34)c2)cc1,6.27855,-6.9080997
910,mol297,-12.53,CS(=O)(=O)c1ccc(-c2nc(-c3ccc(C(=O)Nc4cccc(C(=O)O)c4)cc3)cs2)cc1,CS(=O)(=O)c1ccc(-c2nc(-c3ccc(C(=O)Nc4cccc(C(=O)O)c4)cc3)cs2)cc1,6.5140586,-5.5231643
600,mol332,-12.53,Cc1ccc(Oc2ccc(N)c(C(=O)NCc3ccccc3)c2)cc1NC(=O)c1cccc(C(=O)O)c1,Cc1ccc(Oc2ccc(N)c(C(=O)NCc3ccccc3)c2)cc1NC(=O)c1cccc(C(=O)O)c1,6.456434,-5.8828974
730,mol161,-12.53,Cc1cccc(-n2nc(C(C)(C)C)cc2NC(=O)Nc2ccc(Nc3ccnc4ccccc34)cc2)c1,Cc1cccc(-n2nc(C(C)(C)C)cc2NC(=O)Nc2ccc(Nc3ccnc4ccccc34)cc2)c1,6.2365923,-6.74648
170,mol456,-12.53,Cc1cc(NC(=O)c2cccc(Nc3nccc(-c4ccccc4C(N)=O)n3)c2)ccn1,Cc1cc(NC(=O)c2cccc(Nc3nccc(-c4ccccc4C(N)=O)n3)c2)ccn1,6.484076,-5.4679146
240,mol271,-12.53,Cc1cccc(-c2cc(NC(=O)c3ccc(C(=O)Nc4cccc(C(=O)O)c4)s3)ccc2F)c1,Cc1cccc(-c2cc(NC(=O)c3ccc(C(=O)Nc4cccc(C(=O)O)c4)s3)ccc2F)c1,6.5625453,-6.336341
250,mol299,-12.53,Cc1c(CC(=O)O)cccc1-c1nc(Nc2ccc(C(=O)Nc3cccc(C(F)(F)F)c3)cc2)n[nH]1,Cc1c(CC(=O)O)cccc1-c1nc(Nc2ccc(C(=O)Nc3cccc(C(F)(F)F)c3)cc2)n[nH]1,6.3419294,-6.5933657
380,mol390,-12.53,Cc1cc(NC(=O)c2cccc(C(=O)NCc3ccc(C(N)N)cc3)c2)cc(-c2cccc(C(=O)O)c2)c1,Cc1cc(NC(=O)c2cccc(C(=O)NCc3ccc(C(N)N)cc3)c2)cc(-c2cccc(C(=O)O)c2)c1,6.24851,-4.95111
540,mol474,-12.53,Cc1cc(C(=O)N2CCC(Cc3ccccc3)CC2)ccc1NC(=O)c1ccc(C(=O)O)cc1,Cc1cc(C(=O)N2CCC(Cc3ccccc3)CC2)ccc1NC(=O)c1ccc(C(=O)O)cc1,6.947963,-5.158536
440,mol217,-12.53,Cc1ccc(Nc2cc(C)c(NC(=O)c3cccc(C(=O)O)c3)c(N)n2)cc1C(=O)O,Cc1ccc(Nc2cc(C)c(NC(=O)c3cccc(C(=O)O)c3)c(N)n2)cc1C(=O)O,6.9314475,-4.7848268
440,mol434,-12.53,CNc1nccc(Nc2cc(C(=O)Nc3cc4c(s3)C[C@H](NC(=O)c3ccc(C(F)(F)F)cc3)C4)c3[nH]ncc3n2)n1,CNc1nccc(Nc2cc(C(=O)Nc3cc4c(s3)C[C@H](NC(=O)c3ccc(C(F)(F)F)cc3)C4)c3[nH]ncc3n2)n1,7.2767243,-5.8314314
240,mol339,-12.53,Nc1cc(-c2ccc(C(=O)NCc3cccc(C(=O)Nc4cccc(F)c4)c3)cc2)ccn1,Nc1cc(-c2ccc(C(=O)NCc3cccc(C(=O)Nc4cccc(F)c4)c3)cc2)ccn1,6.22993,-5.8316035
910,mol162,-12.53,Cc1cc(CC(=O)N[C@@H]2CCC[NH2+]C[C@H]2O)cc(-c2ccc(C(=O)c3ccccc3)cc2)c1,Cc1cc(CC(=O)N[C@@H]2CCC[NH2+]C[C@H]2O)cc(-c2ccc(C(=O)c3ccccc3)cc2)c1,6.602971,-3.259886
520,mol126,-12.52,COc1cccc(-c2ccc(Nc3ccc(F)c(C(=O)c4ccccc4)c3)cc2)c1,COc1cccc(-c2ccc(Nc3ccc(F)c(C(=O)c4ccccc4)c3)cc2)c1,5.5210953,-7.364733
160,mol264,-12.52,Cc1ccc(Nc2ncnc(Nc3ccc4c(c3)Cc3ccccc3-4)n2)cc1,Cc1ccc(Nc2ncnc(Nc3ccc4c(c3)Cc3ccccc3-4)n2)cc1,6.260534,-6.468435
800,mol25,-12.52,Cc1ccccc1C(=O)Nc1cccc(C(=O)NCc2cccc(NC(=O)c3ccccc3)c2)c1,Cc1ccccc1C(=O)Nc1cccc(C(=O)NCc2cccc(NC(=O)c3ccccc3)c2)c1,6.0791435,-6.27809
360,mol286,-12.52,Cc1ccc(C(=O)NCc2ccc(C(=O)NCc3ccccc3CNC(=O)c3cccc(C(=O)Nc4ccc(C(=O)O)cc4)c3)cc2)cc1,Cc1ccc(C(=O)NCc2ccc(C(=O)NCc3ccccc3CNC(=O)c3cccc(C(=O)Nc4ccc(C(=O)O)cc4)c3)cc2)cc1,6.5802054,-5.9178147
250,mol301,-12.52,Cc1cc(OCc2c(Cl)cccc2Cl)ccc1NC(=S)Nc1cccc(Nc2nccc(Nc3ccc4c(c3)CCC(=O)N4)n2)c1,Cc1cc(OCc2c(Cl)cccc2Cl)ccc1NC(=S)Nc1cccc(Nc2nccc(Nc3ccc4c(c3)CCC(=O)N4)n2)c1,6.46879,-7.0265274
990,mol128,-12.52,COc1cccc(-c2ccc(Oc3nccc(-c4cccc(OCC5CCCCC5)c4)n3)cc2)c1,COc1cccc(-c2ccc(Oc3nccc(-c4cccc(OCC5CCCCC5)c4)n3)cc2)c1,5.7256875,-7.7161427
220,mol496,-12.52,Nc1cc(C(=O)Nc2ccc(F)c(Nc3ccc4ccccc4n3)c2)cc(N2CCOCC2)c1,Nc1cc(C(=O)Nc2ccc(F)c(Nc3ccc4ccccc4n3)c2)cc(N2CCOCC2)c1,6.3826423,-5.542311
470,mol74,-12.52,CNC(=O)c1ccc(Nc2nccc(-c3c[nH]c4ccccc34)n2)cc1,CNC(=O)c1ccc(Nc2nccc(-c3c[nH]c4ccccc34)n2)cc1,6.4491463,-4.5724125
200,mol97,-12.52,Cc1cc(OCc2cccc(-c3ccccc3)c2C(=O)O)cc(N2Cc3ccccc3C2=O)c1,Cc1cc(OCc2cccc(-c3ccccc3)c2C(=O)O)cc(N2Cc3ccccc3C2=O)c1,5.7856708,-6.7423687
470,mol31,-12.52,CC(=O)Nc1ccc(Nc2nccc(-c3c[nH]c4ccccc34)n2)cc1,CC(=O)Nc1ccc(Nc2nccc(-c3c[nH]c4ccccc34)n2)cc1,6.4843826,-4.7900043
220,mol211,-12.52,CN(c1ccc(NC(=O)Nc2ccc(Oc3ccc(Nc4nccc(C(F)(F)F)n4)cc3)cc2)cc1)S(C)(=O)=O,CN(c1ccc(NC(=O)Nc2ccc(Oc3ccc(Nc4nccc(C(F)(F)F)n4)cc3)cc2)cc1)S(C)(=O)=O,6.7465587,-6.512833
470,mol287,-12.52,CN(c1ccc(C(=O)NO)cc1)S(=O)(=O)c1cccc(-c2nnc3ccc(Nc4ccccc4)nn23)c1,CN(c1ccc(C(=O)NO)cc1)S(=O)(=O)c1cccc(-c2nnc3ccc(Nc4ccccc4)nn23)c1,6.6103806,-5.0239677
430,mol99,-12.52,Cc1ccc(NC(=O)Nc2ccc(Oc3ccnc4[nH]ccc34)cc2)cc1N,Cc1ccc(NC(=O)Nc2ccc(Oc3ccnc4[nH]ccc34)cc2)cc1N,6.9267225,-6.221232
230,mol215,-12.52,Cc1cccc(Nc2nccc(-c3cccc4ccccc34)n2)c1,Cc1cccc(Nc2nccc(-c3cccc4ccccc34)n2)c1,6.2372274,-6.09967
750,mol273,-12.52,Cc1ccc(C(=O)Nc2ccc(C[N@H+]3CC[N@H+](CCc4ccccc4)CC3)cc2)cc1Nc1ncnn2cc(C(=O)O)cc12,Cc1ccc(C(=O)Nc2ccc(C[N@H+]3CC[N@H+](CCc4ccccc4)CC3)cc2)cc1Nc1ncnn2cc(C(=O)O)cc12,6.862846,-3.064101
160,mol223,-12.52,COc1cccc(C(=O)c2ccc3c(c2)nc(COc2ccc(C(=O)O)c(C(F)(F)F)c2)n3Cc2ccc(C(=O)c3ccccc3Cl)cc2)c1O,COc1cccc(C(=O)c2ccc3c(c2)nc(COc2ccc(C(=O)O)c(C(F)(F)F)c2)n3Cc2ccc(C(=O)c3ccccc3Cl)cc2)c1O,6.565967,-6.2410445
240,mol356,-12.52,Cc1ccc2cc(NC(=O)c3cnc(N)c(Nc4ccc(F)c(C)c4)c3)ccc2n1,Cc1ccc2cc(NC(=O)c3cnc(N)c(Nc4ccc(F)c(C)c4)c3)ccc2n1,6.776261,-6.1650305
890,mol149,-12.52,CN(c1ccnc(Nc2ccc(C(=O)NCc3ccncc3)cc2)n1)c1ccncc1Oc1ccc(-c2cccnc2)cc1,CN(c1ccnc(Nc2ccc(C(=O)NCc3ccncc3)cc2)n1)c1ccncc1Oc1ccc(-c2cccnc2)cc1,6.760966,-6.4571133
290,mol239,-12.52,Cc1cc(CNC(=O)c2cccc(NC(=O)Nc3ccc(C(=O)O)cc3)c2)ccc1O,Cc1cc(CNC(=O)c2cccc(NC(=O)Nc3ccc(C(=O)O)cc3)c2)ccc1O,6.5992393,-5.061142
310,mol90,-12.52,Cc1cc(NC(=O)c2ccc(C(=O)NCc3ccccc3)cc2)ccc1Nc1nccc(-c2cccnc2)n1,Cc1cc(NC(=O)c2ccc(C(=O)NCc3ccccc3)cc2)ccc1Nc1nccc(-c2cccnc2)n1,6.3719726,-6.1116915
210,mol460,-12.52,Cc1ccc(-c2ccc3c(c2)CN(c2cccc(C(=O)O)c2)C3=O)cc1,Cc1ccc(-c2ccc3c(c2)CN(c2cccc(C(=O)O)c2)C3=O)cc1,5.6768093,-5.0012894
380,mol108,-12.52,Cc1[nH]c2ccccc2c1CCNC(=O)c1ccc(-c2ccc(NC(=O)Nc3ccccc3)cc2C(=O)OCc2ccccc2)cc1,Cc1[nH]c2ccccc2c1CCNC(=O)c1ccc(-c2ccc(NC(=O)Nc3ccccc3)cc2C(=O)OCc2ccccc2)cc1,6.2483826,-6.7676797
360,mol4,-12.52,Cc1ccc(NC(=O)c2ccc(Cn3cc(NC(=O)c4nn(-c5ccccc5)cc4C(F)(F)F)cn3)cc2)cc1,Cc1ccc(NC(=O)c2ccc(Cn3cc(NC(=O)c4nn(-c5ccccc5)cc4C(F)(F)F)cn3)cc2)cc1,5.975168,-6.4361978
970,mol278,-12.52,Cc1ccc(-c2ccc(S(=O)(=O)Nc3cccc(Oc4ccccc4)c3)cc2)cc1,Cc1ccc(-c2ccc(S(=O)(=O)Nc3cccc(Oc4ccccc4)c3)cc2)cc1,6.096242,-7.3506966
980,mol132,-12.52,Cc1ccc(CO)cc1NC(=O)c1ccc(-c2cccc(C(=O)O)c2)cc1,Cc1ccc(CO)cc1NC(=O)c1ccc(-c2cccc(C(=O)O)c2)cc1,6.9077044,-4.637115
420,mol442,-12.52,Cc1ccc(C(=O)Nc2ccc(C(=O)Nc3ccc4nn(C)cc4c3)cc2)cc1,Cc1ccc(C(=O)Nc2ccc(C(=O)Nc3ccc4nn(C)cc4c3)cc2)cc1,6.2357016,-5.36325
820,mol385,-12.52,CCN(CCc1ccccc1)C(=O)c1ccc(C(=O)N2CCC(Nc3ncnc4ccccc34)CC2)cc1,CCN(CCc1ccccc1)C(=O)c1ccc(C(=O)N2CCC(Nc3ncnc4ccccc34)CC2)cc1,6.7499247,-5.3145156
670,mol20,-12.52,COc1ccc(-c2ncc3cc(Oc4ccnc(NC(=O)c5ccccc5)n4)ccc3n2)cc1,COc1ccc(-c2ncc3cc(Oc4ccnc(NC(=O)c5ccccc5)n4)ccc3n2)cc1,5.7725444,-6.6039443
820,mol253,-12.52,Cc1ccc(CNC(=O)Nc2cccc(C(=O)Nc3ccc4ccccc4c3)c2)cc1,Cc1ccc(CNC(=O)Nc2cccc(C(=O)Nc3ccc4ccccc4c3)c2)cc1,6.0326376,-6.1744757
440,mol460,-12.52,Cc1cccc(-c2cnc(N)c(Nc3cccc(-c4ncccn4)c3)n2)c1,Cc1cccc(-c2cnc(N)c(Nc3cccc(-c4ncccn4)c3)n2)c1,6.504954,-4.587742
910,mol132,-12.52,COc1ccc(-c2cc(C(=O)Nc3ccc(C)c(C(=O)Nc4cccc(C(=O)O)c4)c3)[nH]n2)cc1,COc1ccc(-c2cc(C(=O)Nc3ccc(C)c(C(=O)Nc4cccc(C(=O)O)c4)c3)[nH]n2)cc1,6.2020698,-6.4764028
300,mol112,-12.52,Cc1ccc(C(=O)Nc2ccc(Oc3ccc4ncccc4c3)cc2C(=O)O)cc1,Cc1ccc(C(=O)Nc2ccc(Oc3ccc4ncccc4c3)cc2C(=O)O)cc1,6.289205,-6.170101
970,mol289,-12.52,CC(=O)Nc1cccc(-c2ccc(C(=O)c3cccc(NS(=O)(=O)c4cccc(C(=O)O)c4)c3)cc2)c1,CC(=O)Nc1cccc(-c2ccc(C(=O)c3cccc(NS(=O)(=O)c4cccc(C(=O)O)c4)c3)cc2)c1,6.3781314,-5.6801677
680,mol138,-12.52,Cc1ccc(C(=O)Nc2ccc(C#N)c(C(F)(F)F)c2)cc1NC(=O)c1ccc(-c2ccc(C#N)cc2)cc1,Cc1ccc(C(=O)Nc2ccc(C#N)c(C(F)(F)F)c2)cc1NC(=O)c1ccc(-c2ccc(C#N)cc2)cc1,6.5806003,-7.45602
910,mol396,-12.52,Cc1cc(C(=O)Nc2ccc(C(N)N)cc2)c2ccc(OCc3ccc4ccccc4c3)cc2n1,Cc1cc(C(=O)Nc2ccc(C(N)N)cc2)c2ccc(OCc3ccc4ccccc4c3)cc2n1,5.771699,-6.8049045
260,mol258,-12.52,Cc1nc(-c2ccccc2)sc1-c1nc(Nc2ccc(C(=O)NCCc3ccc(C(=O)O)cc3)cc2)c2ccccc2n1,Cc1nc(-c2ccccc2)sc1-c1nc(Nc2ccc(C(=O)NCCc3ccc(C(=O)O)cc3)cc2)c2ccccc2n1,6.4198475,-5.7444444
210,mol394,-12.52,Cc1cnc(Nc2ncc(C(=O)Nc3ccc(C(=O)Nc4ccc(C(=O)O)cc4)cc3)s2)cc1Nc1ncnc2[nH]ccc12,Cc1cnc(Nc2ncc(C(=O)Nc3ccc(C(=O)Nc4ccc(C(=O)O)cc4)cc3)s2)cc1Nc1ncnc2[nH]ccc12,7.3536434,-5.9583464
180,mol92,-12.52,CNC(=O)c1ccc(Oc2ccc(NC(=O)Nc3cccc(C(=O)NCC(=O)NO)c3)cc2)cc1,CNC(=O)c1ccc(Oc2ccc(NC(=O)Nc3cccc(C(=O)NCC(=O)NO)c3)cc2)cc1,6.5367265,-4.8991175
690,mol276,-12.52,CS(=O)(=O)c1ccc(NC(=O)c2cccc(CNc3ncnc4ccc(Nc5ccncn5)cc34)c2)cc1,CS(=O)(=O)c1ccc(NC(=O)c2cccc(CNc3ncnc4ccc(Nc5ccncn5)cc34)c2)cc1,6.4831653,-4.8383775
80,mol237,-12.52,Cc1ncc(COC(=O)c2ccc(NC(=O)c3cccc(C(F)(F)F)c3)cc2)nc1N[C@@H]1CC2(CCCCC2)c2ncc(C(F)(F)F)cc21,Cc1ncc(COC(=O)c2ccc(NC(=O)c3cccc(C(F)(F)F)c3)cc2)nc1N[C@@H]1CC2(CCCCC2)c2ncc(C(F)(F)F)cc21,7.2088184,-7.0061617
690,mol273,-12.52,Cc1ccc(NC(=O)c2cccc3ccccc23)cc1NC(=O)c1cccc(C(=O)NS(=O)(=O)c2ccccc2)c1,Cc1ccc(NC(=O)c2cccc3ccccc23)cc1NC(=O)c1cccc(C(=O)NS(=O)(=O)c2ccccc2)c1,6.26959,-6.3670273
130,mol306,-12.52,Cc1nc(Nc2ncc(C(=O)Nc3ccc(Nc4ccnc(Nc5ccccc5)n4)cc3)s2)sc1[C@@H](O)c1ccccc1,Cc1nc(Nc2ncc(C(=O)Nc3ccc(Nc4ccnc(Nc5ccccc5)n4)cc3)s2)sc1[C@@H](O)c1ccccc1,6.6674914,-6.5870047
490,mol484,-12.52,Cc1cccc(C(=O)Nc2ccc(-c3c[nH]c4ncc(-c5ccccc5)nc34)cc2)c1,Cc1cccc(C(=O)Nc2ccc(-c3c[nH]c4ncc(-c5ccccc5)nc34)cc2)c1,6.0681586,-6.125866
590,mol189,-12.51,Cc1ccc(NC(=O)c2cccc(Cc3ccc(C(N)N)cc3)c2)cc1Nc1ncccc1-c1ccncc1,Cc1ccc(NC(=O)c2cccc(Cc3ccc(C(N)N)cc3)c2)cc1Nc1ncccc1-c1ccncc1,5.989653,-6.034163
680,mol203,-12.51,Cc1ccccc1-c1cccc(NC(=O)c2cccc(NC(=O)CCc3ccc(Cl)c(Cl)c3)c2)c1,Cc1ccccc1-c1cccc(NC(=O)c2cccc(NC(=O)CCc3ccc(Cl)c(Cl)c3)c2)c1,6.233979,-6.970596
850,mol245,-12.51,Cc1ccc(C(=O)Nc2ccc(Oc3ccc(N[C@@H](N)NC(=O)c4ccccc4Cl)cc3)cc2)cc1,Cc1ccc(C(=O)Nc2ccc(Oc3ccc(N[C@@H](N)NC(=O)c4ccccc4Cl)cc3)cc2)cc1,5.895665,-7.056908
570,mol202,-12.51,Cc1ccc(Nc2cc(Oc3cccc(NC(=O)c4cccc(C(=O)O)c4)c3)ncn2)cc1,Cc1ccc(Nc2cc(Oc3cccc(NC(=O)c4cccc(C(=O)O)c4)c3)ncn2)cc1,6.1683145,-6.277947
780,mol57,-12.51,Cn1cccc1C(=O)Nc1cccc(C2=NO[C@@H](c3ccc(N4CCOCC4)cc3)C2)c1,Cn1cccc1C(=O)Nc1cccc(C2=NO[C@@H](c3ccc(N4CCOCC4)cc3)C2)c1,6.7896667,-4.598102
360,mol436,-12.51,Cc1ccc(Cl)cc1-c1cc(Nc2ccnc(Nc3cccc(C(=O)O)c3)n2)ccn1,Cc1ccc(Cl)cc1-c1cc(Nc2ccnc(Nc3cccc(C(=O)O)c3)n2)ccn1,6.705448,-5.732742
860,mol439,-12.51,Cc1ccc(NC(=O)Nc2ccc(Oc3ccncc3)cc2)cc1Nc1ccnc2ccc(-c3ccccc3)cc12,Cc1ccc(NC(=O)Nc2ccc(Oc3ccncc3)cc2)cc1Nc1ccnc2ccc(-c3ccccc3)cc12,6.1367803,-7.0048804
420,mol461,-12.51,N#Cc1ccc(C(=O)c2ccc(N)c(NC(=O)c3ccc(Nc4ccnc5ccccc45)cc3)c2)cc1,N#Cc1ccc(C(=O)c2ccc(N)c(NC(=O)c3ccc(Nc4ccnc5ccccc45)cc3)c2)cc1,6.086477,-6.8804626
380,mol201,-12.51,Cc1noc(C)c1-c1ccc2c(Nc3ccccc3C(F)(F)F)ncnc2c1,Cc1noc(C)c1-c1ccc2c(Nc3ccccc3C(F)(F)F)ncnc2c1,6.7428646,-6.312673
400,mol153,-12.51,Cc1ccc(NC(=O)c2cc(CN)c(N)nc2N)cc1Nc1nccc(-c2cccnc2)n1,Cc1ccc(NC(=O)c2cc(CN)c(N)nc2N)cc1Nc1nccc(-c2cccnc2)n1,6.6975603,-4.1715717
360,mol214,-12.51,Cc1ccc(NC(=O)c2ccc(C#N)cc2)cc1NC(=O)c1cnc(-c2ccccc2)cc1N,Cc1ccc(NC(=O)c2ccc(C#N)cc2)cc1NC(=O)c1cnc(-c2ccccc2)cc1N,6.624475,-7.078501
560,mol377,-12.51,Cc1ccc(NC(=O)c2cccc(N3CCOCC3)c2)cc1NC(=O)c1cnn(-c2ccccc2)c1,Cc1ccc(NC(=O)c2cccc(N3CCOCC3)c2)cc1NC(=O)c1cnn(-c2ccccc2)c1,6.397963,-5.277986
210,mol118,-12.51,O=C(O)c1ccc(Nc2ccnc(NCc3ccc(-c4nccnc4-c4ccccc4)cc3)n2)cc1,O=C(O)c1ccc(Nc2ccnc(NCc3ccc(-c4nccnc4-c4ccccc4)cc3)n2)cc1,6.0930815,-5.5007887
610,mol168,-12.51,Cc1ccc(NC(=O)c2cccc(CC3CCCCC3)n2)cc1NC(=O)c1cccc(C(=O)O)c1,Cc1ccc(NC(=O)c2cccc(CC3CCCCC3)n2)cc1NC(=O)c1cccc(C(=O)O)c1,6.851505,-5.881355
300,mol439,-12.51,Cc1c(CC(=O)N[C@H](COc2ccc(C(=O)O)cc2)C(=O)O)ccc2c1C(=O)N[C@@H](NC(=O)c1ccccc1)C2,Cc1c(CC(=O)N[C@H](COc2ccc(C(=O)O)cc2)C(=O)O)ccc2c1C(=O)N[C@@H](NC(=O)c1ccccc1)C2,7.142971,-3.8749194
610,mol348,-12.51,Cc1ccc(Nc2ccc(=O)n(CC(=O)Nc3cccc(C(=O)O)c3)n2)cc1NC(=O)c1ccccc1F,Cc1ccc(Nc2ccc(=O)n(CC(=O)Nc3cccc(C(=O)O)c3)n2)cc1NC(=O)c1ccccc1F,6.713134,-5.242929
290,mol203,-12.51,Cc1cnccc1-c1cc(Nc2ncc(F)c(Nc3cccc4c(Cl)cccc34)n2)cc(N2CCCC2=O)c1,Cc1cnccc1-c1cc(Nc2ncc(F)c(Nc3cccc4c(Cl)cccc34)n2)cc(N2CCCC2=O)c1,6.9390736,-6.084219
400,mol495,-12.51,Cc1ccc(NC(=O)c2cccc(C(=O)Nc3cccc4ccccc34)c2)cc1NS(C)(=O)=O,Cc1ccc(NC(=O)c2cccc(C(=O)Nc3cccc4ccccc34)c2)cc1NS(C)(=O)=O,6.3601317,-6.3286734
340,mol182,-12.51,Clc1ccc2c(NCc3cccc(-c4cccc(CCc5ccccc5)c4)c3)ccnc2c1,Clc1ccc2c(NCc3cccc(-c4cccc(CCc5ccccc5)c4)c3)ccnc2c1,5.6251373,-6.5475254
720,mol82,-12.51,CCc1cccc(NC(=O)CCc2nc(-c3cccc4ccccc34)no2)c1,CCc1cccc(NC(=O)CCc2nc(-c3cccc4ccccc34)no2)c1,6.245835,-6.4973054
680,mol278,-12.51,Cc1cccc(C(=O)Nc2ccc(NC(=O)c3ccc(C(N)=O)cc3)cc2)c1,Cc1cccc(C(=O)Nc2ccc(NC(=O)c3ccc(C(N)=O)cc3)cc2)c1,6.3782706,-5.509618
480,mol106,-12.51,O=C(O)c1cccc(Nc2cc(-c3cc(=O)c4ccccc4o3)ccc2O)c1,O=C(O)c1cccc(Nc2cc(-c3cc(=O)c4ccccc4o3)ccc2O)c1,6.4927807,-5.373343
930,mol300,-12.51,Cc1ccc(C(=O)Nc2ccc(Oc3ccc(NC(=O)c4cccnc4)cc3)cc2)c(C)c1,Cc1ccc(C(=O)Nc2ccc(Oc3ccc(NC(=O)c4cccnc4)cc3)cc2)c(C)c1,6.2984843,-6.6941223
290,mol376,-12.51,Cc1ccc(NC(=O)c2ccnc(Nc3ccc4ccccc4c3)c2)cc1,Cc1ccc(NC(=O)c2ccnc(Nc3ccc4ccccc4c3)c2)cc1,6.159097,-6.17005
290,mol402,-12.51,CN1C(=O)NC(=O)N[C@H](c2cccc(-c3ccc(N4CCC(O)CC4)nc3)c2)C1=O,CN1C(=O)NC(=O)N[C@H](c2cccc(-c3ccc(N4CCC(O)CC4)nc3)c2)C1=O,6.5632153,-3.8334455
300,mol165,-12.51,Cc1cc(Nc2ncc(Cl)c(Nc3ccccc3S(=O)(=O)C(C)C)n2)ccc1N(C)c1cccc(C(=O)NCc2cccc(C(=O)O)c2)c1,Cc1cc(Nc2ncc(Cl)c(Nc3ccccc3S(=O)(=O)C(C)C)n2)ccc1N(C)c1cccc(C(=O)NCc2cccc(C(=O)O)c2)c1,6.7240367,-5.76133
710,mol130,-12.51,CC(C)(C)c1cccc(C(=O)Nc2ccc(C(=O)Nc3ccc4n[nH]cc4c3)cc2)c1,CC(C)(C)c1cccc(C(=O)Nc2ccc(C(=O)Nc3ccc4n[nH]cc4c3)cc2)c1,6.443476,-6.260444
780,mol240,-12.51,Cc1ccc(C(=O)Nc2ccc(Oc3ccnc4ccccc34)cc2)cc1OC(C)(C)C,Cc1ccc(C(=O)Nc2ccc(Oc3ccnc4ccccc34)cc2)cc1OC(C)(C)C,6.37538,-7.095573
210,mol462,-12.51,Cc1cc(Nc2ncc(C(=O)c3c(F)cccc3Br)s2)ccc1-c1nc(NC2CC2)cc(N2CCNS(=O)(=O)C2)n1,Cc1cc(Nc2ncc(C(=O)c3c(F)cccc3Br)s2)ccc1-c1nc(NC2CC2)cc(N2CCNS(=O)(=O)C2)n1,7.3971725,-5.641553
900,mol320,-12.51,CNC(=O)c1cccc(Nc2ncnc(Nc3cccc(-c4ccccc4)c3)n2)c1,CNC(=O)c1cccc(Nc2ncnc(Nc3cccc(-c4ccccc4)c3)n2)c1,6.4834237,-5.5436697
200,mol232,-12.51,Nc1ncc(-c2ccc(C(=O)Nc3cccc(C(=O)Nc4ccc(C[NH+]5CCCCC5)cc4)c3)cc2)s1,Nc1ncc(-c2ccc(C(=O)Nc3cccc(C(=O)Nc4ccc(C[NH+]5CCCCC5)cc4)c3)cc2)s1,6.855899,-4.885419
620,mol81,-12.51,Cc1ccc(C(=O)Nc2ccc(C[N@H+]3CC[N@H+](C)CC3)c(C(F)(F)F)c2)cc1Nc1ncnc2cccc(F)c12,Cc1ccc(C(=O)Nc2ccc(C[N@H+]3CC[N@H+](C)CC3)c(C(F)(F)F)c2)cc1Nc1ncnc2cccc(F)c12,6.833812,-3.7211018
850,mol120,-12.51,CNc1cccc(C(=O)Nc2cccc(-c3ccnc(Nc4ccc(OCc5ccccc5)cc4)c3)c2)c1,CNc1cccc(C(=O)Nc2cccc(-c3ccnc(Nc4ccc(OCc5ccccc5)cc4)c3)c2)c1,5.7751846,-6.7092233
750,mol359,-12.51,Cc1cccc(COc2ccc(C(=O)Nc3cccc(C(=O)NCc4ccccc4)c3Cl)cc2)c1,Cc1cccc(COc2ccc(C(=O)Nc3cccc(C(=O)NCc4ccccc4)c3Cl)cc2)c1,5.6904483,-6.9038434
110,mol398,-12.51,Cc1ccc(C(=O)Nc2ccc(C[N@H+]3CC[N@H+](C)CC3)c(C(F)(F)F)c2)cc1C#Cc1ccc2cncc(-c3cnccc3-c3cccnc3)c2n1,Cc1ccc(C(=O)Nc2ccc(C[N@H+]3CC[N@H+](C)CC3)c(C(F)(F)F)c2)cc1C#Cc1ccc2cncc(-c3cnccc3-c3cccnc3)c2n1,7.2019973,-4.814551
970,mol179,-12.51,Cc1cccc(CCC(=O)Nc2ccc(-c3ccc(C(=O)O)cc3)cc2)c1,Cc1cccc(CCC(=O)Nc2ccc(-c3ccc(C(=O)O)cc3)cc2)c1,6.380769,-5.447559
280,mol257,-12.51,CCC(=O)Nc1cccc(Nc2nccc(Nc3cc4c(cc3Cl)CC(=O)N4CC3CCN(C(=O)C4CC4)CC3)n2)c1,CCC(=O)Nc1cccc(Nc2nccc(Nc3cc4c(cc3Cl)CC(=O)N4CC3CCN(C(=O)C4CC4)CC3)n2)c1,7.555584,-6.09605
240,mol211,-12.51,CC(=O)Nc1cccc(-c2cccc(Nc3nccc(Nc4cccc(O)c4)n3)c2)c1,CC(=O)Nc1cccc(-c2cccc(Nc3nccc(Nc4cccc(O)c4)n3)c2)c1,6.1184764,-6.284964
300,mol384,-12.51,Cc1cc(NC(=O)c2ccc(C(=O)c3cccc(C(=O)O)c3)cc2)cc(C(=O)NCc2cccc(C(=O)O)c2)c1,Cc1cc(NC(=O)c2ccc(C(=O)c3cccc(C(=O)O)c3)cc2)cc(C(=O)NCc2cccc(C(=O)O)c2)c1,6.7655444,-4.9231944
260,mol135,-12.51,Cc1cc(NC(=O)c2cc3ccccc3o2)ccc1NC(=O)c1ccccc1,Cc1cc(NC(=O)c2cc3ccccc3o2)ccc1NC(=O)c1ccccc1,6.4838867,-6.2300158
850,mol469,-12.51,[H]/N=C1\S[C@@H](NC(=O)c2ccc(-c3cccc(C(=O)NCc4ccccc4)c3)s2)C(=O)N(C)C1=O,[H]/N=C1\S[C@@H](NC(=O)c2ccc(-c3cccc(C(=O)NCc4ccccc4)c3)s2)C(=O)N(C)C1=O,6.678733,-4.903579
980,mol456,-12.51,Cc1cccc(CCNC(=O)c2ccc(-c3cc(N)ccc3Cl)cc2)c1,Cc1cccc(CCNC(=O)c2ccc(-c3cc(N)ccc3Cl)cc2)c1,6.4240713,-5.359823
750,mol57,-12.51,CC(=O)N[C@@H](Cc1cccc(C(F)(F)[PH](O)(O)O)c1)C(=O)NCc1ccc(-c2ccccc2)cc1,CC(=O)N[C@@H](Cc1cccc(C(F)(F)[PH](O)(O)O)c1)C(=O)NCc1ccc(-c2ccccc2)cc1,6.8146844,-4.0327873
20,mol230,-12.5,O=c1[nH]c2c(-c3ccccc3)csc2nc1C1=CC=C/C1=N\CC1=CCc2ccccc21,O=c1[nH]c2c(-c3ccccc3)csc2nc1C1=CC=C/C1=N\CC1=CCc2ccccc21,6.2063665,-6.376269
600,mol402,-12.5,Cc1ccc(C(=O)Nc2ccc(-c3ccccc3)cc2C(=O)O)cc1,Cc1ccc(C(=O)Nc2ccc(-c3ccccc3)cc2C(=O)O)cc1,6.271886,-5.1412354
320,mol19,-12.5,O=C(c1ccc2ccccc2c1)c1cnc(Nc2cccc(C3CC3)c2)s1,O=C(c1ccc2ccccc2c1)c1cnc(Nc2cccc(C3CC3)c2)s1,6.386833,-6.8361893
910,mol281,-12.5,Cc1cccc(-c2nn(-c3cccc(C(=O)NCc4ccccc4)c3)c3c2CN(C(=O)c2ccccc2)CC3)c1,Cc1cccc(-c2nn(-c3cccc(C(=O)NCc4ccccc4)c3)c3c2CN(C(=O)c2ccccc2)CC3)c1,6.024858,-5.793131
320,mol332,-12.5,Cc1cccc(CNC(=O)c2cccc(N3CCc4cc(S(=O)(=O)NC(C)(C)C)ccc4C3)c2)c1,Cc1cccc(CNC(=O)c2cccc(N3CCc4cc(S(=O)(=O)NC(C)(C)C)ccc4C3)c2)c1,6.5293884,-4.5615377
710,mol376,-12.5,Cc1ccc(C(=O)Nc2cccc(C(F)(F)F)c2)cc1NC(=O)c1cnn(-c2ccccc2)c1N,Cc1ccc(C(=O)Nc2cccc(C(F)(F)F)c2)cc1NC(=O)c1cnn(-c2ccccc2)c1N,6.33599,-6.59613
910,mol448,-12.5,CN(c1ccc(C(=O)NO)cc1)S(=O)(=O)c1ccc(-c2ccc(OC(F)(F)F)cc2)cc1,CN(c1ccc(C(=O)NO)cc1)S(=O)(=O)c1ccc(-c2ccc(OC(F)(F)F)cc2)cc1,6.7499104,-5.5558267
780,mol364,-12.5,Cc1ccc(S(=O)(=O)Nc2ccc(NC(=O)c3ccc4ccccc4c3)cc2C(=O)O)cc1,Cc1ccc(S(=O)(=O)Nc2ccc(NC(=O)c3ccc4ccccc4c3)cc2C(=O)O)cc1,6.208497,-5.9264326
790,mol9,-12.5,COc1cccc(-c2cc(NC(=O)c3ccc4ccccc4c3)ncn2)c1,COc1cccc(-c2cc(NC(=O)c3ccc4ccccc4c3)ncn2)c1,6.1178493,-6.2819967
550,mol224,-12.5,NC(N)Nc1cccc(C(=O)Nc2ccc(Nc3ccnc4ccccc34)cc2)c1,NC(N)Nc1cccc(C(=O)Nc2ccc(Nc3ccnc4ccccc34)cc2)c1,6.4371495,-5.233433
550,mol301,-12.5,Cc1ccccc1C(=O)Nc1ccc2ncnc(Nc3cccc(C(=O)Nc4ccccc4)c3)c2c1,Cc1ccccc1C(=O)Nc1ccc2ncnc(Nc3cccc(C(=O)Nc4ccccc4)c3)c2c1,6.2774577,-6.354535
850,mol157,-12.5,COc1cccc(-c2cccc(COc3ccc(NC(=O)Nc4cccc(OCC(=O)O)c4)cc3C(=O)O)c2)c1,COc1cccc(-c2cccc(COc3ccc(NC(=O)Nc4cccc(OCC(=O)O)c4)cc3C(=O)O)c2)c1,6.3087964,-6.787814
950,mol102,-12.5,CC(=O)Nc1cccc(Nc2nc(Nc3ccc(NC(=O)c4ccccc4)cc3)nc3ccccc23)c1,CC(=O)Nc1cccc(Nc2nc(Nc3ccc(NC(=O)c4ccccc4)cc3)nc3ccccc23)c1,6.2238846,-6.342931
440,mol188,-12.5,CC(C)c1ccc(Nc2nc(N)nc(NCc3ccc(C(=O)Nc4ccccc4S(N)(=O)=O)cc3)n2)cc1,CC(C)c1ccc(Nc2nc(N)nc(NCc3ccc(C(=O)Nc4ccccc4S(N)(=O)=O)cc3)n2)cc1,6.2873735,-5.3075266
200,mol184,-12.5,NC(=O)c1ccc(Cn2cnc3ccc(-c4ccccc4)cc3c2=O)cc1,NC(=O)c1ccc(Cn2cnc3ccc(-c4ccccc4)cc3c2=O)cc1,6.055727,-4.6240277
160,mol183,-12.5,Cc1ccc(NC(=O)c2ccc(-c3ccccc3)cc2C(=O)O)cc1,Cc1ccc(NC(=O)c2ccc(-c3ccccc3)cc2C(=O)O)cc1,6.3556747,-4.7745714
200,mol125,-12.5,Cc1cc(Nc2nc(N[C@H](Cc3ccc(F)cc3)C(=O)Nc3cccc(C(=O)Nc4cccc(C(F)(F)F)c4)c3)c3ccccc3n2)ncc1C(F)(F)F,Cc1cc(Nc2nc(N[C@H](Cc3ccc(F)cc3)C(=O)Nc3cccc(C(=O)Nc4cccc(C(F)(F)F)c4)c3)c3ccccc3n2)ncc1C(F)(F)F,6.898895,-6.8082857
420,mol380,-12.5,Cc1cc(NC(=O)Nc2ccc(C(=O)O)cc2)cc(Nc2nc(Nc3ccc4nc(C)ccc4c3)cc(O[C@@H](C)C(F)(F)F)n2)c1,Cc1cc(NC(=O)Nc2ccc(C(=O)O)cc2)cc(Nc2nc(Nc3ccc4nc(C)ccc4c3)cc(O[C@@H](C)C(F)(F)F)n2)c1,7.041306,-6.312672
700,mol439,-12.5,CC(=O)Nc1ccc(OCc2cccc(Cl)c2Cl)cc1NC(=O)c1ccc(F)c(Nc2nccc(-c3cccnc3C(=O)c3ccccc3)n2)c1,CC(=O)Nc1ccc(OCc2cccc(Cl)c2Cl)cc1NC(=O)c1ccc(F)c(Nc2nccc(-c3cccnc3C(=O)c3ccccc3)n2)c1,6.4542456,-7.326733
430,mol174,-12.5,Cc1cccc(Nc2cc(-c3cccc(NC(=O)c4ccncc4)c3)ncn2)c1,Cc1cccc(Nc2cc(-c3cccc(NC(=O)c4ccncc4)c3)ncn2)c1,6.471605,-5.6909513
970,mol361,-12.5,Cc1ccc(C(=O)Nc2ccc(Oc3ccc4ncccc4c3)cc2)cc1,Cc1ccc(C(=O)Nc2ccc(Oc3ccc4ncccc4c3)cc2)cc1,6.0825734,-6.36386
960,mol396,-12.5,COc1ccc(Oc2ccc(-c3cnn4cc(C(=O)NCc5ccccc5)cnc34)cc2)cc1,COc1ccc(Oc2ccc(-c3cnn4cc(C(=O)NCc5ccccc5)cnc34)cc2)cc1,5.757908,-6.6850343
680,mol91,-12.5,CC(=O)Nc1cccc(-c2ccc3ccc(Oc4cccc(NC(=O)C[NH+]5CCCC5)c4)cc3n2)c1,CC(=O)Nc1cccc(-c2ccc3ccc(Oc4cccc(NC(=O)C[NH+]5CCCC5)c4)cc3n2)c1,6.672752,-4.9352655
820,mol267,-12.5,CNc1ccccc1C(=O)Nc1ccc(NC(=O)c2ccc(/C=C\c3cccc4ccccc34)cc2)cc1,CNc1ccccc1C(=O)Nc1ccc(NC(=O)c2ccc(/C=C\c3cccc4ccccc34)cc2)cc1,5.8821526,-7.1100106
360,mol68,-12.5,Cc1ccc(-c2ccc3ncc(-c4cnc(N)c(C(=O)Nc5cccc(C(F)(F)F)c5)c4)cc3n2)cc1,Cc1ccc(-c2ccc3ncc(-c4cnc(N)c(C(=O)Nc5cccc(C(F)(F)F)c5)c4)cc3n2)cc1,6.197941,-6.850529
290,mol39,-12.5,Cc1cccc(CNC(=O)c2ccc(NC(=O)c3ccc(O)c(/C=C/c4cccc(C(=O)O)c4)c3)cc2)c1,Cc1cccc(CNC(=O)c2ccc(NC(=O)c3ccc(O)c(/C=C/c4cccc(C(=O)O)c4)c3)cc2)c1,6.102673,-5.870067
900,mol441,-12.5,CNC(=O)c1ccc(Oc2cccc3cc(Oc4ccccc4)ccc23)cc1,CNC(=O)c1ccc(Oc2cccc3cc(Oc4ccccc4)ccc23)cc1,6.4129353,-6.6649804
340,mol163,-12.5,Cc1cc(N2CCC[C@H](N)C2=O)ccc1-c1ccc(NC(=O)Nc2ccc(C(=O)NCCO)cc2)cc1,Cc1cc(N2CCC[C@H](N)C2=O)ccc1-c1ccc(NC(=O)Nc2ccc(C(=O)NCCO)cc2)cc1,7.009973,-4.86208
520,mol160,-12.5,Cc1ccc(C(=O)Nc2ccc(S(=O)(=O)NCCc3ccccc3)cc2)cc1NC(=O)c1ccccc1,Cc1ccc(C(=O)Nc2ccc(S(=O)(=O)NCCc3ccccc3)cc2)cc1NC(=O)c1ccccc1,6.167017,-6.520342
940,mol456,-12.5,Cc1nc(S(=O)(=O)Nc2ccc(-c3ccccc3)cc2)cn1Cc1ccc(-c2sccc2S(=O)(=O)NC(=O)c2cccc(NC(=O)Nc3ccccc3)c2)cc1,Cc1nc(S(=O)(=O)Nc2ccc(-c3ccccc3)cc2)cn1Cc1ccc(-c2sccc2S(=O)(=O)NC(=O)c2cccc(NC(=O)Nc3ccccc3)c2)cc1,6.4445686,-6.5012913
380,mol235,-12.5,Cc1cc(Nc2nn(C(C)(C)C)c(=O)c3cc(-c4ccccc4)ccc23)nc(NS(=O)(=O)c2ccc(C#N)cc2)c1,Cc1cc(Nc2nn(C(C)(C)C)c(=O)c3cc(-c4ccccc4)ccc23)nc(NS(=O)(=O)c2ccc(C#N)cc2)c1,6.9107065,-6.906144
490,mol421,-12.5,Cc1cccc(C(=O)Nc2ccc(-c3c[nH]c4ncc(-c5ccc(S(=O)(=O)N(C)C)cc5)cc34)cc2)c1,Cc1cccc(C(=O)Nc2ccc(-c3c[nH]c4ncc(-c5ccc(S(=O)(=O)N(C)C)cc5)cc34)cc2)c1,6.177535,-6.3629937
890,mol97,-12.5,COc1cc(-c2cccc(C(=O)c3ccc4ccccc4c3)c2)cc(OC)c1O/N=C(/C)c1ccnc2ccccc12,COc1cc(-c2cccc(C(=O)c3ccc4ccccc4c3)c2)cc(OC)c1O/N=C(/C)c1ccnc2ccccc12,5.837809,-6.9641123
180,mol314,-12.5,Nc1ccc(C(=O)Nc2ccc(C(=O)Nc3ccc(F)c(C(F)(F)F)c3)cc2)cc1,Nc1ccc(C(=O)Nc2ccc(C(=O)Nc3ccc(F)c(C(F)(F)F)c3)cc2)cc1,6.588279,-6.376321
450,mol213,-12.5,Cc1ccc(C(=O)Nc2cccc(-c3nncn3Cc3ccc(C(=O)NO)cc3)c2)cc1,Cc1ccc(C(=O)Nc2cccc(-c3nncn3Cc3ccc(C(=O)NO)cc3)c2)cc1,6.063879,-5.6095533
580,mol330,-12.5,C[C@@H](Cc1ccc(C(=O)O)cc1)NC(=O)c1ccc(-c2ccc(Cc3cccc(Cl)c3)cc2)cc1,C[C@@H](Cc1ccc(C(=O)O)cc1)NC(=O)c1ccc(-c2ccc(Cc3cccc(Cl)c3)cc2)cc1,6.198251,-6.365282
920,mol481,-12.5,Cc1ccc(C(=O)Nc2ccc(S(O)(O)O)c3cc(C(=O)NCc4ccccc4)ccc23)cc1,Cc1ccc(C(=O)Nc2ccc(S(O)(O)O)c3cc(C(=O)NCc4ccccc4)ccc23)cc1,5.6692195,-5.8583803
330,mol364,-12.5,Cc1c(NC(=O)c2ccc(C(=O)O)cc2)cccc1-c1ncnc2[nH]ccc12,Cc1c(NC(=O)c2ccc(C(=O)O)cc2)cccc1-c1ncnc2[nH]ccc12,6.580933,-4.722343
930,mol426,-12.5,COc1ncc(-c2ccc3nc(NC(=O)c4ccc(Oc5ccccc5)cc4)ccc3c2)cc1C#N,COc1ncc(-c2ccc3nc(NC(=O)c4ccc(Oc5ccccc5)cc4)ccc3c2)cc1C#N,6.2143526,-7.689167
740,mol229,-12.5,Cc1cccc(Nc2nccc(-c3nccc4ccccc34)n2)c1C,Cc1cccc(Nc2nccc(-c3nccc4ccccc34)n2)c1C,6.5438466,-5.3001637
560,mol196,-12.5,COc1ccc(Nc2nccc(-c3cccnc3Oc3ccc(NC(=O)Nc4ccccc4CO)cc3)n2)cc1,COc1ccc(Nc2nccc(-c3cccnc3Oc3ccc(NC(=O)Nc4ccccc4CO)cc3)n2)cc1,5.9940176,-6.8530865
860,mol327,-12.5,Cc1cc(OCc2ccc(-c3nc4ccccc4c(=O)[nH]3)cc2)cc(C)c1Cl,Cc1cc(OCc2ccc(-c3nc4ccccc4c(=O)[nH]3)cc2)cc(C)c1Cl,6.570203,-7.1801643
350,mol224,-12.5,Cc1ccc(Cl)cc1C(=O)Nc1cncc(C2CCN(C(=O)OCc3ccc(C(N)N)cc3)CC2)c1,Cc1ccc(Cl)cc1C(=O)Nc1cncc(C2CCN(C(=O)OCc3ccc(C(N)N)cc3)CC2)c1,7.036044,-4.777368
800,mol207,-12.5,Cc1cc(C)cc(Nc2nc(N)nc(Nc3ccc(C(=O)NCc4ccccc4)cc3)n2)c1,Cc1cc(C)cc(Nc2nc(N)nc(Nc3ccc(C(=O)NCc4ccccc4)cc3)n2)c1,6.2032223,-5.7214904
170,mol208,-12.5,Nc1ncnc2ccc(-c3cccc(C(=O)Nc4cccc(C(F)(F)F)c4)c3)cc12,Nc1ncnc2ccc(-c3cccc(C(=O)Nc4cccc(C(F)(F)F)c4)c3)cc12,6.548717,-6.4803095
330,mol323,-12.5,Cc1ccc(CNC(=O)Nc2ccc(C(=O)N[C@H](C(=O)Nc3cccc(S(=O)(=O)NC(C)C)c3)C(=O)N(C)C)cc2C(=O)O)cc1,Cc1ccc(CNC(=O)Nc2ccc(C(=O)N[C@H](C(=O)Nc3cccc(S(=O)(=O)NC(C)C)c3)C(=O)N(C)C)cc2C(=O)O)cc1,7.1004434,-3.519886
480,mol253,-12.49,Cc1ccc(C(=O)Nc2ccc(C[N@H+]3CC[N@H+](C)CC3)cc2)cc1Nc1nccc(-c2cccnc2)n1,Cc1ccc(C(=O)Nc2ccc(C[N@H+]3CC[N@H+](C)CC3)cc2)cc1Nc1nccc(-c2cccnc2)n1,6.983304,-2.8966568
390,mol254,-12.49,Cc1ccc(-c2nccs2)cc1NC(=O)c1ccc(N2Cc3ccccc3C2=O)cc1,Cc1ccc(-c2nccs2)cc1NC(=O)c1ccc(N2Cc3ccccc3C2=O)cc1,5.804948,-6.301889
300,mol80,-12.49,Cc1ccc(C(=O)Nc2ccc(-c3ccnc(Nc4ccc(C(=O)O)cc4)c3)cc2)cc1,Cc1ccc(C(=O)Nc2ccc(-c3ccnc(Nc4ccc(C(=O)O)cc4)c3)cc2)cc1,6.1871867,-6.0517354
840,mol193,-12.49,[H]/N=C(/OC)c1ccc(Nc2nccc(-c3c[nH]c4ccccc34)n2)c(C)c1,[H]/N=C(/OC)c1ccc(Nc2nccc(-c3c[nH]c4ccccc34)n2)c(C)c1,6.5454392,-5.2052445
300,mol90,-12.49,Cc1ccc(C(=O)Nc2ccc(NC(=O)c3ccc4ccccc4c3)cc2)cc1,Cc1ccc(C(=O)Nc2ccc(NC(=O)c3ccc4ccccc4c3)cc2)cc1,6.20762,-6.78605
300,mol140,-12.49,Cc1cc(Nc2nc(C[C@H](O)C(=O)O)c3sccc3n2)ccc1-c1cnc(/C=C/c2ccc(C(=O)Nc3ccc(NC(=O)CC#N)cn3)cc2)o1,Cc1cc(Nc2nc(C[C@H](O)C(=O)O)c3sccc3n2)ccc1-c1cnc(/C=C/c2ccc(C(=O)Nc3ccc(NC(=O)CC#N)cn3)cc2)o1,7.3781,-6.168737
890,mol151,-12.49,Cc1cccc(CNC(=O)c2ccc(Oc3ccc(NC(=O)c4ccc(O)cc4)cc3)cc2)c1,Cc1cccc(CNC(=O)c2ccc(Oc3ccc(NC(=O)c4ccc(O)cc4)cc3)cc2)c1,5.917852,-6.2302294
300,mol240,-12.49,Cc1cc(C(=O)Nc2ccc(Oc3ccc(NC(=O)Nc4cccc(C(F)(F)F)c4)cc3)cc2)on1,Cc1cc(C(=O)Nc2ccc(Oc3ccc(NC(=O)Nc4cccc(C(F)(F)F)c4)cc3)cc2)on1,6.349831,-7.0801187
690,mol285,-12.49,CC(=O)Nc1ccc2c(c1)CCc1cnc(Nc3ccc(C(=O)NCC[NH+]4CCCC4)cc3)nc1N2,CC(=O)Nc1ccc2c(c1)CCc1cnc(Nc3ccc(C(=O)NCC[NH+]4CCCC4)cc3)nc1N2,6.9393744,-3.2779849
740,mol367,-12.49,Cc1ccc2cc(NC(=O)NCc3cccc4cc(C(=O)NC(C)(C)C)ccc34)ccc2n1,Cc1ccc2cc(NC(=O)NCc3cccc4cc(C(=O)NC(C)(C)C)ccc34)ccc2n1,6.4992056,-5.828852
690,mol486,-12.49,NC(N)c1ccc(OCc2cccc(C(=O)Nc3ccc4cccnc4c3)c2)cc1,NC(N)c1ccc(OCc2cccc(C(=O)Nc3ccc4cccnc4c3)c2)cc1,6.1633286,-4.982149
540,mol359,-12.49,Cc1ccc(C(=O)Nc2ncc(Cl)s2)cc1Nc1ncnn2cc(C(=O)c3ccccc3)cc12,Cc1ccc(C(=O)Nc2ncc(Cl)s2)cc1Nc1ncnn2cc(C(=O)c3ccccc3)cc12,6.6134467,-6.612552
480,mol267,-12.49,CC(=O)Nc1ncc(C(=O)Nc2ccc(C(=O)Nc3ccc(Oc4ccncc4)cc3)cc2C(=O)O)cc1F,CC(=O)Nc1ncc(C(=O)Nc2ccc(C(=O)Nc3ccc(Oc4ccncc4)cc3)cc2C(=O)O)cc1F,6.8212543,-6.136184
30,mol107,-12.49,c1ccc(-c2ccc(-c3csc(Nc4ccc(-c5ccccc5)o4)n3)cc2)cc1,c1ccc(-c2ccc(-c3csc(Nc4ccc(-c5ccccc5)o4)n3)cc2)cc1,5.7481446,-7.107253
900,mol196,-12.49,Cc1ccc(C(=O)N2CCC(Nc3nccc(Cc4ccccc4)n3)CC2)cc1,Cc1ccc(C(=O)N2CCC(Nc3nccc(Cc4ccccc4)n3)CC2)cc1,6.3799725,-3.8772304
500,mol451,-12.49,O=C(O)c1ccc(Nc2nccc(Nc3cncc(Nc4nnc(NCc5ccc(Cc6ccccc6)cc5)s4)c3)n2)cc1,O=C(O)c1ccc(Nc2nccc(Nc3cncc(Nc4nnc(NCc5ccc(Cc6ccccc6)cc5)s4)c3)n2)cc1,6.323082,-6.4379697
390,mol310,-12.49,Cc1ccc(-c2nc(N)c(C(=O)c3ccc(C(=O)N[C@H](C)c4ccccc4)cc3)s2)cc1,Cc1ccc(-c2nc(N)c(C(=O)c3ccc(C(=O)N[C@H](C)c4ccccc4)cc3)s2)cc1,5.9017167,-6.0344677
400,mol316,-12.49,CCc1cccc(CC)c1NC(=O)N1CCC(Nc2nccc(-c3cccc(C(=O)Nc4cccc(C(=O)O)c4)c3)n2)CC1,CCc1cccc(CC)c1NC(=O)N1CCC(Nc2nccc(-c3cccc(C(=O)Nc4cccc(C(=O)O)c4)c3)n2)CC1,7.2071366,-5.7937083
480,mol340,-12.49,C/C(=N\Nc1nc(-c2ccc(Cl)cc2)cs1)c1ccc2ccccc2c1,C/C(=N\Nc1nc(-c2ccc(Cl)cc2)cs1)c1ccc2ccccc2c1,6.1503024,-7.050533
250,mol393,-12.49,Cc1ccc(NC(=O)Nc2cccc(-c3ncccc3Oc3ccc(NC(=O)c4ccccc4)cc3)c2)cc1,Cc1ccc(NC(=O)Nc2cccc(-c3ncccc3Oc3ccc(NC(=O)c4ccccc4)cc3)c2)cc1,5.82641,-6.770183
950,mol201,-12.49,Cc1cccc(-c2nc(Nc3cccc(C(=O)c4ccccc4)c3)ncc2O)c1,Cc1cccc(-c2nc(Nc3cccc(C(=O)c4ccccc4)c3)ncc2O)c1,6.2288427,-6.1487455
500,mol72,-12.49,Cc1cnc(Nc2ccc(C#N)cc2)nc1-c1ccc(Nc2ccnc(Nc3ccc(C(=O)NC(C)C)cc3)n2)cc1,Cc1cnc(Nc2ccc(C#N)cc2)nc1-c1ccc(Nc2ccnc(Nc3ccc(C(=O)NC(C)C)cc3)n2)cc1,6.250024,-6.7589326
930,mol430,-12.49,Cc1ccc(C(=O)Nc2cccc(-c3cc(N[C@@H](C)c4cccc(C(F)(F)F)c4)ncn3)c2)cc1,Cc1ccc(C(=O)Nc2cccc(-c3cc(N[C@@H](C)c4cccc(C(F)(F)F)c4)ncn3)c2)cc1,6.2789783,-6.768665
400,mol147,-12.49,Cc1cccc(C(=O)Nc2cccc(C(=O)Nc3cccc(Oc4ccccc4C#N)c3)c2)c1,Cc1cccc(C(=O)Nc2cccc(C(=O)Nc3cccc(Oc4ccccc4C#N)c3)c2)c1,6.417787,-7.367497
930,mol1,-12.49,CCc1ccc(-c2ccc(NC(=O)c3cc4ccccc4o3)cc2)cc1,CCc1ccc(-c2ccc(NC(=O)c3cc4ccccc4o3)cc2)cc1,5.9648933,-6.6003327
420,mol436,-12.49,Nc1ccc(-c2cccc(C(=O)O)c2)cc1Nc1ccnc(Nc2ccc(C(=O)O)cc2)n1,Nc1ccc(-c2cccc(C(=O)O)c2)cc1Nc1ccnc(Nc2ccc(C(=O)O)cc2)n1,6.550644,-5.472051
600,mol187,-12.49,Cc1cccc(-c2nn(-c3cccc(-c4ccccc4)c3)cc2C(=O)N2CCSC(C)(C)C2)c1,Cc1cccc(-c2nn(-c3cccc(-c4ccccc4)c3)cc2C(=O)N2CCSC(C)(C)C2)c1,6.1358795,-6.7356763
440,mol386,-12.49,Cc1ccc(Nc2nc(NCCn3cccn3)c3ccccc3n2)cc1C(=O)Nc1ccc(C(=O)NC(C)(C)C)cc1,Cc1ccc(Nc2nc(NCCn3cccn3)c3ccccc3n2)cc1C(=O)Nc1ccc(C(=O)NC(C)(C)C)cc1,7.144423,-5.942978
780,mol374,-12.49,Cc1ccc(Nc2ncc(-c3ccccc3)cn2)cc1C(=O)Nc1cccc(C(=O)O)c1,Cc1ccc(Nc2ncc(-c3ccccc3)cn2)cc1C(=O)Nc1cccc(C(=O)O)c1,6.5360394,-5.692669
630,mol381,-12.49,Nc1ncc(Oc2cccc(F)c2C(=O)Nc2cccc(-c3cccc(C(=O)O)c3)c2)cn1,Nc1ncc(Oc2cccc(F)c2C(=O)Nc2cccc(-c3cccc(C(=O)O)c3)c2)cn1,6.673754,-6.2677674
200,mol360,-12.49,CN(c1ccc(-c2ccc(C#C[C@H](O)c3ccc(O)c(C(=O)O)c3)cc2)cc1)c1ccc(C(F)(F)F)cn1,CN(c1ccc(-c2ccc(C#C[C@H](O)c3ccc(O)c(C(=O)O)c3)cc2)cc1)c1ccc(C(F)(F)F)cn1,6.37269,-6.19535
440,mol62,-12.49,Cc1ccc(Nc2cc(C(=O)Nc3cccc(-c4ccc(C(=O)O)o4)c3)ccn2)cc1C(=O)O,Cc1ccc(Nc2cc(C(=O)Nc3cccc(-c4ccc(C(=O)O)o4)c3)ccn2)cc1C(=O)O,6.629976,-5.458654
460,mol10,-12.49,Cc1cc(S(=O)(=O)NC(=O)N2CCc3ccccc3C2)ccc1Nc1ccnc(-c2ccncc2)n1,Cc1cc(S(=O)(=O)NC(=O)N2CCc3ccccc3C2)ccc1Nc1ccnc(-c2ccncc2)n1,6.935148,-4.875102
370,mol260,-12.49,Cc1ccc(C(=O)Nc2ccc(-c3cc4nc(Cc5ccccc5)[nH]c4cn3)cc2)cc1,Cc1ccc(C(=O)Nc2ccc(-c3cc4nc(Cc5ccccc5)[nH]c4cn3)cc2)cc1,5.6667933,-6.3931627
600,mol13,-12.49,Cc1ccccc1CC(=O)Nc1ccc(-c2nnc(-c3ccc4ccccc4c3)o2)cc1,Cc1ccccc1CC(=O)Nc1ccc(-c2nnc(-c3ccc4ccccc4c3)o2)cc1,5.537821,-6.808274
280,mol463,-12.49,Cc1cc(C(=O)Nc2cccc(C(F)(F)F)c2)ccc1Nc1nccc(-c2cccnc2)n1,Cc1cc(C(=O)Nc2cccc(C(F)(F)F)c2)ccc1Nc1nccc(-c2cccnc2)n1,6.3124104,-6.4735913
350,mol480,-12.49,Cc1cccc(CNC(=O)c2ccc(NC(=O)Nc3ccc(NC(=O)c4ccccc4)cc3)cc2)c1,Cc1cccc(CNC(=O)c2ccc(NC(=O)Nc3ccc(NC(=O)c4ccccc4)cc3)cc2)c1,6.1796308,-6.2494717
350,mol113,-12.49,CCc1cnc(N)c(C(=O)Cc2ccc(Nc3ccnc4cc(NCc5ccccc5)ccc34)cc2)c1,CCc1cnc(N)c(C(=O)Cc2ccc(Nc3ccnc4cc(NCc5ccccc5)ccc34)cc2)c1,5.7469473,-6.2437377
550,mol142,-12.49,Cc1ccc(NC(=O)c2cccc(C(F)(F)F)c2)cc1Nc1ncnn2cc(C(=O)c3ccccc3)cc12,Cc1ccc(NC(=O)c2cccc(C(F)(F)F)c2)cc1Nc1ncnn2cc(C(=O)c3ccccc3)cc12,5.9934363,-6.7753544
430,mol107,-12.49,Cc1ccccc1-c1cccc(Oc2ccc(Nc3cc(NC(C)C)ccn3)cc2)c1,Cc1ccccc1-c1cccc(Oc2ccc(Nc3cc(NC(C)C)ccn3)cc2)c1,6.0757737,-6.936619
100,mol255,-12.49,Cc1nc2ccc(CN(Cc3ccccc3)C(=O)c3ccc4cc(F)ccc4c3)cc2n1-c1ccccc1,Cc1nc2ccc(CN(Cc3ccccc3)C(=O)c3ccc4cc(F)ccc4c3)cc2n1-c1ccccc1,5.965547,-6.3687463
470,mol315,-12.49,Cc1cccc(Nc2cccc(CCCc3ccc4cc(C(=O)O)ccc4n3)c2)c1,Cc1cccc(Nc2cccc(CCCc3ccc4cc(C(=O)O)ccc4n3)c2)c1,6.597027,-5.952066
600,mol151,-12.49,CC(=O)Nc1ccc(C(=O)Nc2ccc(Oc3ccccc3)cc2C(=O)O)cc1,CC(=O)Nc1ccc(C(=O)Nc2ccc(Oc3ccccc3)cc2C(=O)O)cc1,6.6349697,-5.5299
790,mol470,-12.49,Cc1ccc(C(=O)Nc2ccc(S(=O)(=O)Nc3ccc4ccccc4n3)cc2)cc1,Cc1ccc(C(=O)Nc2ccc(S(=O)(=O)Nc3ccc4ccccc4n3)cc2)cc1,6.039403,-5.986236
360,mol83,-12.49,Cc1ccc(NC(=O)c2cccc(C(=O)NCc3cccc(C(=O)Nc4cc(C)ccn4)c3)c2)cc1,Cc1ccc(NC(=O)c2cccc(C(=O)NCc3cccc(C(=O)Nc4cc(C)ccn4)c3)c2)cc1,6.0146704,-6.534313
620,mol155,-12.49,Cc1ccc(Oc2cccc(NC(=O)c3cccc(C(=O)Nc4ccnc(C)c4)c3)c2)cc1,Cc1ccc(Oc2cccc(NC(=O)c3cccc(C(=O)Nc4ccnc(C)c4)c3)c2)cc1,6.1230693,-6.7934046
250,mol131,-12.49,CC(C)(C)NC(=O)[C@@H](Cc1ccccc1)NC(=O)[C@@H](Cc1ccccc1)NC(=O)c1ccc(N2Cc3ccccc3C2=O)cc1,CC(C)(C)NC(=O)[C@@H](Cc1ccccc1)NC(=O)[C@@H](Cc1ccccc1)NC(=O)c1ccc(N2Cc3ccccc3C2=O)cc1,6.434187,-6.4242435
630,mol90,-12.49,Cc1ccc(NC(=O)c2cccc(-c3ccc(Cl)cc3)c2)cc1NC(=O)c1ccncc1,Cc1ccc(NC(=O)c2cccc(-c3ccc(Cl)cc3)c2)cc1NC(=O)c1ccncc1,6.0510073,-6.6632023
230,mol406,-12.49,Cc1ccc(C(=O)Nc2cccc(C(F)(F)F)c2)cc1NC(=O)c1ccc2ccccc2n1,Cc1ccc(C(=O)Nc2cccc(C(F)(F)F)c2)cc1NC(=O)c1ccc2ccccc2n1,6.4539247,-6.7418957
630,mol132,-12.49,Cc1ccccc1-c1cccc(C(=O)Nc2ccc(-c3ccccn3)cc2)c1,Cc1ccccc1-c1cccc(C(=O)Nc2ccc(-c3ccccn3)cc2)c1,5.756536,-6.261536
350,mol277,-12.48,Cc1ccc(NC(=O)c2ccc(Nc3ccnc4cc(C(N)N)ccc34)cc2)cc1,Cc1ccc(NC(=O)c2ccc(Nc3ccnc4cc(C(N)N)ccc34)cc2)cc1,6.2429137,-5.4333963
680,mol291,-12.48,Cc1c(NC(=O)c2ccc(C(F)(F)F)cc2)ccc(F)c1Cc1ccc(-n2cccn2)cc1,Cc1c(NC(=O)c2ccc(C(F)(F)F)cc2)ccc(F)c1Cc1ccc(-n2cccn2)cc1,6.5952506,-6.5666785
440,mol183,-12.48,COc1ccc(C(=O)Nc2ccc(F)c(C(=O)O)c2)cc1-c1ccc2[nH]c(C3CCN(S(C)(=O)=O)CC3)nc2c1,COc1ccc(C(=O)Nc2ccc(F)c(C(=O)O)c2)cc1-c1ccc2[nH]c(C3CCN(S(C)(=O)=O)CC3)nc2c1,7.143979,-5.1863446
100,mol234,-12.48,CN(c1ccc(NC(=S)Nc2ccc(N(Cc3ccccc3)C(=O)c3ccccc3)cc2)cc1)c1ccc(C(=O)NCc2cccc(C(=O)O)c2)cc1,CN(c1ccc(NC(=S)Nc2ccc(N(Cc3ccccc3)C(=O)c3ccccc3)cc2)cc1)c1ccc(C(=O)NCc2cccc(C(=O)O)c2)cc1,6.7328215,-5.816052
920,mol353,-12.48,CN(O)C(=O)[C@H](CC(=O)O)NC(=O)C[C@H](Cc1ccc(-c2ccccc2)cc1)NC(=O)c1cccc(NC(=O)c2cccc3ccccc23)c1,CN(O)C(=O)[C@H](CC(=O)O)NC(=O)C[C@H](Cc1ccc(-c2ccccc2)cc1)NC(=O)c1cccc(NC(=O)c2cccc3ccccc23)c1,6.6375303,-5.66435
210,mol325,-12.48,Cc1ccc(Nc2cccc(-c3cccc(C(=O)NCc4cccc(C(=O)O)c4)c3)c2)cc1,Cc1ccc(Nc2cccc(-c3cccc(C(=O)NCc4cccc(C(=O)O)c4)c3)c2)cc1,6.078805,-5.8921213
960,mol213,-12.48,Cc1cc(Nc2cc(N)ncn2)ccc1C(=O)Nc1ccc(-c2ncc(C(=O)O)s2)cc1,Cc1cc(Nc2cc(N)ncn2)ccc1C(=O)Nc1ccc(-c2ncc(C(=O)O)s2)cc1,6.775586,-5.3448386
920,mol431,-12.48,Cc1ccc(NC(=O)COc2ccc(C(N)N)cc2)cc1NC(=O)c1ccc(-c2ccccc2)cc1,Cc1ccc(NC(=O)COc2ccc(C(N)N)cc2)cc1NC(=O)c1ccc(-c2ccccc2)cc1,6.1976233,-5.8373566
250,mol85,-12.48,Cc1cccc(Nc2c([N+](=O)[O-])c(=O)[nH]c(=O)n2COc2ccc(Cl)c(CNC(=O)c3ccc4cc(C(N)N)ccc4n3)c2)c1,Cc1cccc(Nc2c([N+](=O)[O-])c(=O)[nH]c(=O)n2COc2ccc(Cl)c(CNC(=O)c3ccc4cc(C(N)N)ccc4n3)c2)c1,7.58472,-6.29072
490,mol450,-12.48,Cc1ccc(NC(=O)c2ccc(C[N@H+]3CC[C@H](C)CC3)cc2)cc1Nc1nccc(-c2cccnc2)n1,Cc1ccc(NC(=O)c2ccc(C[N@H+]3CC[C@H](C)CC3)cc2)cc1Nc1nccc(-c2cccnc2)n1,7.07061,-4.579595
90,mol45,-12.48,CN(CCCn1c(-c2ccc(Cl)c(Cl)c2)nc2ccccc2c1=O)Cc1ccc2c(c1)C(=O)N(c1cccc(C(=O)O)c1)CCC2,CN(CCCn1c(-c2ccc(Cl)c(Cl)c2)nc2ccccc2c1=O)Cc1ccc2c(c1)C(=O)N(c1cccc(C(=O)O)c1)CCC2,6.654149,-6.1395884
570,mol146,-12.48,CN(Cc1cnc2nc(N)nc(N)c2n1)c1ccc(-c2ccc(C(=O)O)cc2)cc1,CN(Cc1cnc2nc(N)nc(N)c2n1)c1ccc(-c2ccc(C(=O)O)cc2)cc1,6.7435865,-4.0926733
510,mol41,-12.48,Cn1cc(-c2nc3ccccc3nc2Nc2ccc(C(=O)NCc3ccccc3)cc2)cc1C(=O)Nc1cccc(C(=O)O)c1,Cn1cc(-c2nc3ccccc3nc2Nc2ccc(C(=O)NCc3ccccc3)cc2)cc1C(=O)Nc1cccc(C(=O)O)c1,6.4240327,-5.7793727
530,mol348,-12.48,Cc1cccc(Nc2ncc(Br)c(Nc3ccc4c(ccn4C(=O)c4ccccc4)c3)n2)c1,Cc1cccc(Nc2ncc(Br)c(Nc3ccc4c(ccn4C(=O)c4ccccc4)c3)n2)c1,6.205901,-6.0001593
160,mol495,-12.48,Cc1[nH]cc(C(=O)c2cncc(Nc3cccc(C(=O)NCc4ccc(Cl)c(C(F)(F)F)c4)c3)c2)c1N,Cc1[nH]cc(C(=O)c2cncc(Nc3cccc(C(=O)NCc4ccc(Cl)c(C(F)(F)F)c4)c3)c2)c1N,6.540552,-6.429454
820,mol496,-12.48,COc1ccc(-c2ccc(NC(=O)c3ccc4ccccc4n3)cc2)cc1,COc1ccc(-c2ccc(NC(=O)c3ccc4ccccc4n3)cc2)cc1,5.5413127,-6.3657713
870,mol18,-12.48,CC(C)(C)c1ccc(Oc2ccc(NC(=O)c3ccc(C(=O)c4ccccc4C(=O)O)cc3)cc2)cc1,CC(C)(C)c1ccc(Oc2ccc(NC(=O)c3ccc(C(=O)c4ccccc4C(=O)O)cc3)cc2)cc1,6.593352,-6.5000305
870,mol319,-12.48,C#CCN(Cc1ccc(-c2cccc(C(=O)O)c2)cc1)c1ccc(-c2cc(N[C@H]3CC[C@H]([NH+](C)C)CC3)c3ccccc3n2)cc1,C#CCN(Cc1ccc(-c2cccc(C(=O)O)c2)cc1)c1ccc(-c2cc(N[C@H]3CC[C@H]([NH+](C)C)CC3)c3ccccc3n2)cc1,6.4180455,-5.821009
620,mol458,-12.48,Cc1cccc(-c2cccc(Nc3ccnc4ccccc34)c2)c1,Cc1cccc(-c2cccc(Nc3ccnc4ccccc34)c2)c1,6.083174,-6.178078
980,mol356,-12.48,Cc1cccc(CNc2ccc(Cc3cc(=O)c4c(O)cccc4[nH]3)c3ccccc23)c1,Cc1cccc(CNc2ccc(Cc3cc(=O)c4c(O)cccc4[nH]3)c3ccccc23)c1,5.4343405,-6.8188734
560,mol445,-12.48,Cc1ccc(Nc2ncc(-c3ccc(C(=O)N[C@@H](C)c4ccccc4)cc3)cn2)cc1NS(=O)(=O)c1ccccc1,Cc1ccc(Nc2ncc(-c3ccc(C(=O)N[C@@H](C)c4ccccc4)cc3)cn2)cc1NS(=O)(=O)c1ccccc1,6.3114023,-6.2495003
980,mol188,-12.48,C[C@H](NC(=O)c1ccc(NC(=O)c2ccc(C(=O)c3ccccc3)cc2)cc1)C(=O)NO,C[C@H](NC(=O)c1ccc(NC(=O)c2ccc(C(=O)c3ccccc3)cc2)cc1)C(=O)NO,6.4751053,-5.322469
930,mol45,-12.48,COc1ccc(Nc2cnc(NC(=O)c3cc(C)cc(C)c3)cn2)cc1NC(=O)c1ccc(-c2ccccc2)cc1,COc1ccc(Nc2cnc(NC(=O)c3cc(C)cc(C)c3)cn2)cc1NC(=O)c1ccc(-c2ccccc2)cc1,6.222791,-7.4473257
280,mol91,-12.48,Cc1cccc(-c2ccnc(Nc3ccc(C(=O)Nc4ccc(C(=O)O)cc4)cc3)n2)c1,Cc1cccc(-c2ccnc(Nc3ccc(C(=O)Nc4ccc(C(=O)O)cc4)cc3)n2)c1,6.366515,-5.784964
810,mol365,-12.48,Cc1ccc(C(=O)Nc2cccc(C(F)(F)F)c2)cc1-c1ccc2c(c1)CN(C)C(=O)N2,Cc1ccc(C(=O)Nc2cccc(C(F)(F)F)c2)cc1-c1ccc2c(c1)CN(C)C(=O)N2,6.2757,-6.2254076
890,mol483,-12.48,Cc1ncccc1NS(=O)(=O)c1ccc(NCc2ccc(C(=O)Nc3ccc4ccccc4c3)cc2)cc1,Cc1ncccc1NS(=O)(=O)c1ccc(NCc2ccc(C(=O)Nc3ccc4ccccc4c3)cc2)cc1,5.842259,-5.7625947
350,mol254,-12.48,Cc1ccc(C(=O)Nc2ccc(C(=O)O)c(C(=O)Nc3cccc4ccccc34)c2)cc1,Cc1ccc(C(=O)Nc2ccc(C(=O)O)c(C(=O)Nc3cccc4ccccc34)c2)cc1,6.199117,-5.6955175
340,mol47,-12.48,CC(=O)Nc1ccc(NC(=O)[C@@H](Cc2cccc(C(N)N)c2)NS(=O)(=O)c2cccc(NC(=O)Nc3cccc4ccccc34)c2)cc1,CC(=O)Nc1ccc(NC(=O)[C@@H](Cc2cccc(C(N)N)c2)NS(=O)(=O)c2cccc(NC(=O)Nc3cccc4ccccc34)c2)cc1,6.8232064,-5.7907414
350,mol6,-12.48,Cc1cc(F)c(OCc2cc(-c3ccc(C(=O)N[C@@H](CO)C(=O)O)cc3)ccc2N)c(Br)c1,Cc1cc(F)c(OCc2cc(-c3ccc(C(=O)N[C@@H](CO)C(=O)O)cc3)ccc2N)c(Br)c1,7.1231556,-5.7388554
370,mol140,-12.48,Cc1cccc(-n2nc(C(=O)Nc3cc(C(=O)Nc4ccc(Cl)c(C(F)(F)F)c4)ccc3C(C)(C)C)cc2N)c1,Cc1cccc(-n2nc(C(=O)Nc3cc(C(=O)Nc4ccc(Cl)c(C(F)(F)F)c4)ccc3C(C)(C)C)cc2N)c1,6.6827936,-7.1855297
300,mol434,-12.48,Cc1ccc(C(=O)Nc2ccc(C(=O)Nc3cc4ccn(C)c4cc3Cl)cc2)cc1,Cc1ccc(C(=O)Nc2ccc(C(=O)Nc3cc4ccn(C)c4cc3Cl)cc2)cc1,6.2593384,-6.3470287
450,mol229,-12.48,Cc1cccc(C(=O)Nc2ccc(-c3ccccc3)cc2C(=O)O)c1,Cc1cccc(C(=O)Nc2ccc(-c3ccccc3)cc2C(=O)O)c1,6.308321,-4.9939747
580,mol465,-12.48,Cc1ccc(F)cc1NC(=O)c1cccc(NC(=O)Cc2ccccc2)c1,Cc1ccc(F)cc1NC(=O)c1cccc(NC(=O)Cc2ccccc2)c1,6.6286473,-5.721909
260,mol313,-12.48,c1ccc(CCc2ccc(Nc3ccnc(Nc4ccc5c(c4)Cc4ccccc4O5)n3)cc2)cc1,c1ccc(CCc2ccc(Nc3ccnc(Nc4ccc5c(c4)Cc4ccccc4O5)n3)cc2)cc1,5.948581,-7.1262136
770,mol110,-12.48,Cc1ccc(C(=O)Nc2ccc3nc(-c4cccc(O)c4)[nH]c3c2)cc1,Cc1ccc(C(=O)Nc2ccc3nc(-c4cccc(O)c4)[nH]c3c2)cc1,5.906575,-5.404164
470,mol212,-12.48,COc1ccc(Oc2cccc(Nc3cc(C(=O)Nc4cccc(C(=O)O)c4)nc4ccccc34)c2)cc1,COc1ccc(Oc2cccc(Nc3cc(C(=O)Nc4cccc(C(=O)O)c4)nc4ccccc34)c2)cc1,5.7378693,-6.509288
470,mol281,-12.48,CN(C(=O)c1ccc(Oc2ccccc2)cc1)c1ccc(NC(=O)Cc2cccc(Oc3ccc(NC(=O)[C@@H]4CCCCO4)cc3)c2)cc1,CN(C(=O)c1ccc(Oc2ccccc2)cc1)c1ccc(NC(=O)Cc2cccc(Oc3ccc(NC(=O)[C@@H]4CCCCO4)cc3)c2)cc1,6.4609594,-7.1155796
140,mol259,-12.48,Cc1cc(NC(=O)Nc2cccc(C(F)(F)F)c2)cc(-c2ccc(CO)cc2)c1,Cc1cc(NC(=O)Nc2cccc(C(F)(F)F)c2)cc(-c2ccc(CO)cc2)c1,6.5258594,-6.409003
790,mol442,-12.48,Cc1ccc(C(=O)Nc2cccc(B(O)O)c2)cc1Nc1nccc2ccccc12,Cc1ccc(C(=O)Nc2cccc(B(O)O)c2)cc1Nc1nccc2ccccc12,6.608204,-4.3564696
200,mol76,-12.48,Cc1cc(NC(=O)c2cccc(-n3cccc3)c2)ccc1NC(=O)c1ccc(CCC[NH+]2CCN(c3ccccc3C(F)(F)F)CC2)cc1,Cc1cc(NC(=O)c2cccc(-n3cccc3)c2)ccc1NC(=O)c1ccc(CCC[NH+]2CCN(c3ccccc3C(F)(F)F)CC2)cc1,6.3284245,-5.8403835
190,mol94,-12.48,Cc1ccc(C(=O)Nc2ccc(CNc3cc(Nc4ccc(C(=O)O)cc4)nc4ccccc34)cc2)cc1,Cc1ccc(C(=O)Nc2ccc(CNc3cc(Nc4ccc(C(=O)O)cc4)nc4ccccc34)cc2)cc1,5.9507065,-5.884865
390,mol171,-12.48,Cc1ccc(/C=C/C(=O)O)cc1-c1ccc2c(Nc3ccccc3)ncnc2c1,Cc1ccc(/C=C/C(=O)O)cc1-c1ccc2c(Nc3ccccc3)ncnc2c1,6.6468725,-5.5446243
540,mol443,-12.48,Cc1ccc(NC(=O)c2cccc3ccccc23)cc1Nc1nccc(NCc2ccccc2)n1,Cc1ccc(NC(=O)c2cccc3ccccc23)cc1Nc1nccc(NCc2ccccc2)n1,5.8798285,-6.4214306
110,mol123,-12.48,Cc1cccc(NC(=O)c2cccc(Nc3ncnc4ccc(Nc5ccc(S(O)(O)O)cc5)cc34)c2)c1,Cc1cccc(NC(=O)c2cccc(Nc3ncnc4ccc(Nc5ccc(S(O)(O)O)cc5)cc34)c2)c1,6.0351005,-6.164681
230,mol81,-12.48,Cc1cccc(C(=O)Nc2ccc(CCNc3ccnc4cc(NC(=O)c5ccccc5)ccc34)cc2)c1,Cc1cccc(C(=O)Nc2ccc(CCNc3ccnc4cc(NC(=O)c5ccccc5)ccc34)cc2)c1,5.7554135,-6.202777
80,mol124,-12.48,c1ccc(Nc2ccnc(Nc3ccc(-c4nc(-c5ccncc5)[nH]c4-c4ccccc4)cc3)n2)cc1,c1ccc(Nc2ccnc(Nc3ccc(-c4nc(-c5ccncc5)[nH]c4-c4ccccc4)cc3)n2)cc1,5.92083,-6.7494564
200,mol296,-12.48,Cc1cc(CNC(=O)c2cc(F)c(N3CCN(S(C)(=O)=O)CC3)cc2F)ccc1Nc1nccc(-c2cccnc2)n1,Cc1cc(CNC(=O)c2cc(F)c(N3CCN(S(C)(=O)=O)CC3)cc2F)ccc1Nc1nccc(-c2cccnc2)n1,7.1191125,-4.2126226
540,mol35,-12.48,Cc1ccc(Nc2nccc(-c3cnc4ccccc4c3)n2)cc1NC(=O)c1cccnc1,Cc1ccc(Nc2nccc(-c3cnc4ccccc4c3)n2)cc1NC(=O)c1cccnc1,6.1825495,-6.2327476
260,mol312,-12.48,Cc1ccc(NC(=O)c2cccc(C(=O)Nc3cccc(C(=O)Nc4ccccc4)c3)c2)cc1,Cc1ccc(NC(=O)c2cccc(C(=O)Nc3cccc(C(=O)Nc4ccccc4)c3)c2)cc1,6.0086594,-6.572803
210,mol194,-12.48,Cc1nc(Nc2ncc(C(=O)Nc3ccc(Oc4ccccc4)cc3)s2)cc(N2CCN(S(=O)(=O)c3ccc(Cl)c(Cl)c3)CC2)n1,Cc1nc(Nc2ncc(C(=O)Nc3ccc(Oc4ccccc4)cc3)s2)cc(N2CCN(S(=O)(=O)c3ccc(Cl)c(Cl)c3)CC2)n1,6.8327394,-6.604744
400,mol109,-12.48,Cc1ccc(C(=O)NC(=O)Nc2ccc(F)c(C(F)(F)F)c2)cc1Nc1ncnn2cc(C(=O)NC(C)(C)C)cc12,Cc1ccc(C(=O)NC(=O)Nc2ccc(F)c(C(F)(F)F)c2)cc1Nc1ncnn2cc(C(=O)NC(C)(C)C)cc12,6.987414,-6.7420774
480,mol452,-12.48,Cc1ccc(Nc2ncnc(-c3cccc(C(=O)Nc4ccccc4)c3)n2)cc1N,Cc1ccc(Nc2ncnc(-c3cccc(C(=O)Nc4ccccc4)c3)n2)cc1N,6.6593533,-5.4714584
470,mol28,-12.48,CCc1ccc(Nc2ncc(C(=O)Nc3ccc4cc(C(N)=O)ccc4c3)cn2)cc1,CCc1ccc(Nc2ncc(C(=O)Nc3ccc4cc(C(N)=O)ccc4c3)cn2)cc1,6.4171557,-6.1299963
520,mol209,-12.47,Cc1cnc(Nc2ncc(-c3cccc(-c4ccccc4Cl)c3)s2)cc1NC(=O)c1ccc(Cl)cc1,Cc1cnc(Nc2ncc(-c3cccc(-c4ccccc4Cl)c3)s2)cc1NC(=O)c1ccc(Cl)cc1,6.3704743,-6.93117
520,mol59,-12.47,CN(c1ccc(C(=O)Nc2ccc(Oc3ccccc3)cc2)cc1)S(=O)(=O)c1ccc2ccccc2c1,CN(c1ccc(C(=O)Nc2ccc(Oc3ccccc3)cc2)cc1)S(=O)(=O)c1ccc2ccccc2c1,6.116846,-6.5242224
520,mol385,-12.47,CC(=O)c1ccc(NC(=O)Nc2ccc(Oc3ccnc4[nH]ccc34)c(NC(=O)c3ccc4ccccc4n3)c2)cc1,CC(=O)c1ccc(NC(=O)Nc2ccc(Oc3ccnc4[nH]ccc34)c(NC(=O)c3ccc4ccccc4n3)c2)cc1,6.4932837,-6.709276
890,mol447,-12.47,Cc1ccc(Oc2ccc(-c3ccc(CNC(=O)[C@H]4CCCNC4=O)s3)cc2)cc1,Cc1ccc(Oc2ccc(-c3ccc(CNC(=O)[C@H]4CCCNC4=O)s3)cc2)cc1,6.6056237,-5.551597
190,mol258,-12.47,c1ccc(CNCCc2cccc(-c3ccc(-c4cn[nH]c4-c4ccccc4)cc3)c2)cc1,c1ccc(CNCCc2cccc(-c3ccc(-c4cn[nH]c4-c4ccccc4)cc3)c2)cc1,6.0464272,-6.677416
460,mol132,-12.47,Cc1cc(-c2cccc(C(=O)Nc3ccc(-c4ncn[nH]4)cc3)c2)ccc1CC(=O)O,Cc1cc(-c2cccc(C(=O)Nc3ccc(-c4ncn[nH]4)cc3)c2)ccc1CC(=O)O,6.44013,-5.2733235
830,mol229,-12.47,CC(=O)Nc1ccc(C(=O)NCc2cccc(C(=O)Nc3ccccc3C(=O)O)c2)cc1,CC(=O)Nc1ccc(C(=O)NCc2cccc(C(=O)Nc3ccccc3C(=O)O)c2)cc1,6.4824257,-5.3330894
360,mol55,-12.47,Cc1ccc(C(=O)Nc2cc(C(=O)Nc3ccc(Oc4ccccc4)cc3)ccc2C(=O)O)cc1,Cc1ccc(C(=O)Nc2cc(C(=O)Nc3ccc(Oc4ccccc4)cc3)ccc2C(=O)O)cc1,6.221976,-6.499245
570,mol454,-12.47,Cc1sc(-c2ccc(C(=O)NCc3ccccc3)cc2Cl)cc1NC(=O)Nc1ccc(Cl)c(Cl)c1,Cc1sc(-c2ccc(C(=O)NCc3ccccc3)cc2Cl)cc1NC(=O)Nc1ccc(Cl)c(Cl)c1,6.6829133,-6.981377
190,mol322,-12.47,Nc1ncc(-c2ccc(C(=O)Nc3ccc(Oc4ccccc4)cc3)cc2F)cn1,Nc1ncc(-c2ccc(C(=O)Nc3ccc(Oc4ccccc4)cc3)cc2F)cn1,6.2313766,-6.3284507
960,mol69,-12.47,NC(=O)c1cccc(-c2ccc(C(=O)Nc3ccccc3C(=O)O)cc2)c1,NC(=O)c1cccc(-c2ccc(C(=O)Nc3ccccc3C(=O)O)cc2)c1,6.385743,-5.137314
610,mol432,-12.47,O[C@@H](Cc1cccc(F)c1)Cn1ccc(-c2ccc(Oc3ccc(-c4ccccc4)cc3)cc2)n1,O[C@@H](Cc1cccc(F)c1)Cn1ccc(-c2ccc(Oc3ccc(-c4ccccc4)cc3)cc2)n1,6.0134535,-6.878772
500,mol434,-12.47,Cc1ccc(C(=O)Nc2ccc(F)c(C(=O)Nc3ccc4cnccc4c3)c2)cc1Nc1ncnn2ccc(C(=O)c3ccccc3)c12,Cc1ccc(C(=O)Nc2ccc(F)c(C(=O)Nc3ccc4cnccc4c3)c2)cc1Nc1ncnn2ccc(C(=O)c3ccccc3)c12,6.6193748,-6.3746457
760,mol35,-12.47,[H]/N=C1\N(C)CC(c2cccc(Nc3nccc(-c4cccnc4)n3)c2)=C2CCCN21,[H]/N=C1\N(C)CC(c2cccc(Nc3nccc(-c4cccnc4)n3)c2)=C2CCCN21,6.655316,-3.5203962
830,mol24,-12.47,Cc1c(C(=O)c2ccccc2)cccc1-n1ccc(CCc2ccccc2)c1,Cc1c(C(=O)c2ccccc2)cccc1-n1ccc(CCc2ccccc2)c1,5.7554975,-6.599782
970,mol115,-12.47,Cc1cccc(-n2nc(-c3ccc(Oc4ccccc4N)cc3)cc2NC(=O)Nc2ccc(C[NH+]3CCOCC3)cc2)c1,Cc1cccc(-n2nc(-c3ccc(Oc4ccccc4N)cc3)cc2NC(=O)Nc2ccc(C[NH+]3CCOCC3)cc2)c1,6.4512687,-6.78548
860,mol156,-12.47,CNC(=O)Nc1cccc(-c2ccnc(Nc3ccc(Oc4ccccc4)cc3)n2)c1,CNC(=O)Nc1cccc(-c2ccnc(Nc3ccc(Oc4ccccc4)cc3)n2)c1,6.257515,-6.590625
260,mol290,-12.47,Cc1cccc(CCc2cc(Nc3ccnc(Nc4cccc(C(=O)O)c4)n3)ccc2NC(=O)c2ccc(C(F)(F)F)cc2)c1,Cc1cccc(CCc2cc(Nc3ccnc(Nc4cccc(C(=O)O)c4)n3)ccc2NC(=O)c2ccc(C(F)(F)F)cc2)c1,6.524037,-6.1757574
790,mol45,-12.47,CC(C)(C)N1Cc2ccc(Oc3cccc(C(=O)NCc4cccc(C(F)(F)F)c4)c3)cc2NC1=O,CC(C)(C)N1Cc2ccc(Oc3cccc(C(=O)NCc4cccc(C(F)(F)F)c4)c3)cc2NC1=O,6.861289,-6.5879407
630,mol129,-12.47,Cc1ccccc1-c1cc(C(=O)NCc2cccc3ccccc23)ncn1,Cc1ccccc1-c1cc(C(=O)NCc2cccc3ccccc23)ncn1,6.4627504,-5.205913
640,mol300,-12.47,Cc1cccc(COc2ccc(Nc3ccnc4ccc(-c5ccccc5)cc34)cc2)c1,Cc1cccc(COc2ccc(Nc3ccnc4ccc(-c5ccccc5)cc34)cc2)c1,5.4586267,-7.205953
410,mol127,-12.47,Cc1ccc(C(=O)Nc2ccc(-c3cc(Nc4ccc(C(=O)O)cc4)ccc3C(=O)O)cc2)cc1,Cc1ccc(C(=O)Nc2ccc(-c3cc(Nc4ccc(C(=O)O)cc4)ccc3C(=O)O)cc2)cc1,6.4221363,-5.839328
600,mol253,-12.47,Cc1ccc(NC(=O)c2cccc(CC(=O)O)c2)cc1Nc1nccc2cc(N3CCOCC3)ccc12,Cc1ccc(NC(=O)c2cccc(CC(=O)O)c2)cc1Nc1nccc2cc(N3CCOCC3)ccc12,6.912881,-5.423749
550,mol201,-12.47,Cc1ccc(C(=O)Nc2ccc(C[N@H+]3CC[N@H+](C)CC3)c(C(F)(F)F)c2)cc1Nc1ncnn2cc(C(=O)N(C)C)cc12,Cc1ccc(C(=O)Nc2ccc(C[N@H+]3CC[N@H+](C)CC3)c(C(F)(F)F)c2)cc1Nc1ncnn2cc(C(=O)N(C)C)cc12,7.1839604,-3.4460769
160,mol448,-12.47,Cc1ccc(NC(=O)c2cccc(C(F)(F)F)c2)cc1Nc1nccc(-c2cccnc2)n1,Cc1ccc(NC(=O)c2cccc(C(F)(F)F)c2)cc1Nc1nccc(-c2cccnc2)n1,6.2535686,-6.3377166
470,mol186,-12.47,Cc1ccc(-c2cc3c(NC4CCN(C(=O)c5ccccc5C(F)(F)F)CC4)ncnc3[nH]2)cc1,Cc1ccc(-c2cc3c(NC4CCN(C(=O)c5ccccc5C(F)(F)F)CC4)ncnc3[nH]2)cc1,6.7144165,-5.7433124
260,mol79,-12.47,Cc1c(F)cccc1Nc1ccc(F)c(Nc2nccc(-c3ccccn3)n2)c1F,Cc1c(F)cccc1Nc1ccc(F)c(Nc2nccc(-c3ccccn3)n2)c1F,6.565132,-6.185195
650,mol241,-12.47,Cc1ccc(NC(=O)c2cccc(CC(=O)O)c2)cc1Nc1nccc(-c2cccnc2)n1,Cc1ccc(NC(=O)c2cccc(CC(=O)O)c2)cc1Nc1nccc(-c2cccnc2)n1,6.607049,-5.48994
760,mol123,-12.47,Cc1cccc([C@@H](Nc2ccc(Cc3ccc4nc(C(=O)O)ccc4c3)cc2)c2ccccc2)c1,Cc1cccc([C@@H](Nc2ccc(Cc3ccc4nc(C(=O)O)ccc4c3)cc2)c2ccccc2)c1,6.0990763,-5.7998
280,mol155,-12.47,Cc1cc(Cl)cc(Cn2cc(NC(=O)c3n[nH]c4cc(-c5cn[nH]c5)ccc34)cn2)c1,Cc1cc(Cl)cc(Cn2cc(NC(=O)c3n[nH]c4cc(-c5cn[nH]c5)ccc34)cn2)c1,6.468156,-6.0605288
940,mol98,-12.47,COc1ccccc1NC(=O)Nc1cccc(-c2nnc(-c3ccc4[nH]ncc4c3)o2)c1,COc1ccccc1NC(=O)Nc1cccc(-c2nnc(-c3ccc4[nH]ncc4c3)o2)c1,6.0216165,-6.5254927
190,mol268,-12.47,O=C(Nc1ccccc1)Nc1ccc(NC(=O)c2cc(-c3cc4ccc(C[NH+]5CC[NH2+]CC5)cc4[nH]3)ccn2)cc1,O=C(Nc1ccccc1)Nc1ccc(NC(=O)c2cc(-c3cc4ccc(C[NH+]5CC[NH2+]CC5)cc4[nH]3)ccn2)cc1,6.841939,-4.2761555
120,mol467,-12.47,Cc1cncc(-c2nc(Nc3ccc(C(=O)Nc4cccc(C(F)(F)F)c4)cc3)c3c(N)ncc(C4CC4)c3n2)n1,Cc1cncc(-c2nc(Nc3ccc(C(=O)Nc4cccc(C(F)(F)F)c4)cc3)c3c(N)ncc(C4CC4)c3n2)n1,7.106227,-6.5991626
1000,mol465,-12.47,CC(C)c1ccc(-c2nccnc2Nc2ccc(-c3ccc4ccccc4n3)cc2)cc1,CC(C)c1ccc(-c2nccnc2Nc2ccc(-c3ccc4ccccc4n3)cc2)cc1,5.9208965,-6.280586
810,mol140,-12.46,C[C@@H](NC(=O)Nc1ccc(OC(F)(F)F)cc1)c1ccc(C(=O)NS(=O)(=O)c2cccc(C(=O)O)c2)cc1,C[C@@H](NC(=O)Nc1ccc(OC(F)(F)F)cc1)c1ccc(C(=O)NS(=O)(=O)c2cccc(C(=O)O)c2)cc1,6.8886557,-5.602692
830,mol235,-12.46,CC(C)c1ccc(-c2ocnc2C(=O)Nc2ccc(Oc3ccnc4ccccc34)cc2)cc1,CC(C)c1ccc(-c2ocnc2C(=O)Nc2ccc(Oc3ccnc4ccccc34)cc2)cc1,6.0851464,-7.0849075
640,mol359,-12.46,CC(=O)Nc1cccc(NC(=O)c2ccc(-c3cccc(C(=O)NO)c3)cc2)c1,CC(=O)Nc1cccc(NC(=O)c2ccc(-c3cccc(C(=O)NO)c3)cc2)c1,6.822767,-6.111588
270,mol44,-12.46,Cc1ccc(Nc2cc(C(=O)Nc3cccc4ccccc34)ncn2)cc1NS(C)(=O)=O,Cc1ccc(Nc2cc(C(=O)Nc3cccc4ccccc34)ncn2)cc1NS(C)(=O)=O,6.471165,-5.7845993
100,mol192,-12.46,Cn1nc(-c2ccccc2)cc1NC(=O)Nc1ccc(NC(=O)c2ccc(C(F)(F)F)cc2)cc1,Cn1nc(-c2ccccc2)cc1NC(=O)Nc1ccc(NC(=O)c2ccc(C(F)(F)F)cc2)cc1,6.1795707,-6.905245
770,mol341,-12.46,Cc1ccc(CNC(=O)c2cccc(C(=O)Nc3ccccc3C(=O)O)c2)cc1,Cc1ccc(CNC(=O)c2cccc(C(=O)Nc3ccccc3C(=O)O)c2)cc1,6.2266335,-5.1636114
80,mol101,-12.46,Cc1cc(NC(=O)Nc2ncc(Cc3ccccc3)s2)cc(N2C[C@@H]3CC[C@@H]([NH2+]Cc4cccc(C#N)c4)C[C@@H]3C2=O)c1,Cc1cc(NC(=O)Nc2ncc(Cc3ccccc3)s2)cc(N2C[C@@H]3CC[C@@H]([NH2+]Cc4cccc(C#N)c4)C[C@@H]3C2=O)c1,6.970435,-6.813548
970,mol334,-12.46,CNC(=O)/C=C\c1cccc(Oc2ccc(-c3ccc4ccncc4c3)cc2)c1,CNC(=O)/C=C\c1cccc(Oc2ccc(-c3ccc4ccncc4c3)cc2)c1,6.060476,-6.622933
620,mol443,-12.46,Cc1ccc(/C=C/c2cccc(C(=O)NC3Cc4ccccc4C3)c2)cc1,Cc1ccc(/C=C/c2cccc(C(=O)NC3Cc4ccccc4C3)c2)cc1,6.202222,-5.9662776
190,mol52,-12.46,c1ccc(CNc2cccc(-c3ccc(NCc4cccc(-c5ccncc5)c4)nc3)c2)cc1,c1ccc(CNc2cccc(-c3ccc(NCc4cccc(-c5ccncc5)c4)nc3)c2)cc1,5.7333755,-6.0666804
390,mol192,-12.46,CCC(=O)Nc1ccc(C(=O)Nc2noc3cc(-c4ccccc4)ccc23)cc1,CCC(=O)Nc1ccc(C(=O)Nc2noc3cc(-c4ccccc4)ccc23)cc1,5.9463716,-6.542161
880,mol133,-12.46,CC(C)c1ccc(-n2cc(-c3ccc4cc(C(=O)N[C@@H](CCC(=O)O)C(=O)O)oc4c3)nn2)cc1,CC(C)c1ccc(-n2cc(-c3ccc4cc(C(=O)N[C@@H](CCC(=O)O)C(=O)O)oc4c3)nn2)cc1,6.5794096,-4.7157288
960,mol174,-12.46,Cc1cccc(-c2ncc(NCc3cc4nc(O)ccc4[nH]3)c3ccccc23)c1,Cc1cccc(-c2ncc(NCc3cc4nc(O)ccc4[nH]3)c3ccccc23)c1,6.084275,-5.8408117
160,mol390,-12.46,Cc1ccc(NC(=O)c2cccc(N3CCC(CCO)CC3)n2)cc1Nc1nccc(-c2cccnc2)n1,Cc1ccc(NC(=O)c2cccc(N3CCC(CCO)CC3)n2)cc1Nc1nccc(-c2cccnc2)n1,7.470216,-5.47315
980,mol6,-12.46,Cc1ccccc1-c1cccc(C(=O)O)c1NS(=O)(=O)c1ccc(-c2cccc(CNC(=O)c3cccc(C#N)c3)c2)cc1,Cc1ccccc1-c1cccc(C(=O)O)c1NS(=O)(=O)c1ccc(-c2cccc(CNC(=O)c3cccc(C#N)c3)c2)cc1,6.5267262,-6.628795
180,mol385,-12.46,CN(Cc1ccc(-c2cccc(NC(=O)c3ccc(C#N)cc3Cl)c2)o1)Cc1cc2ccccc2nc1O,CN(Cc1ccc(-c2cccc(NC(=O)c3ccc(C#N)cc3Cl)c2)o1)Cc1cc2ccccc2nc1O,6.262611,-6.769404
300,mol173,-12.46,Cc1ccc(C(=O)Nc2ccc(Oc3ccc(NC(=O)Nc4cccc(C(=O)O)c4)cc3)cc2)cc1,Cc1ccc(C(=O)Nc2ccc(Oc3ccc(NC(=O)Nc4cccc(C(=O)O)c4)cc3)cc2)cc1,6.3253098,-6.487789
980,mol69,-12.46,CS(=O)(=O)c1cccc(-c2c[nH]c([C@H](O)c3ccc(Cl)c(C(=O)Nc4ccccc4)c3)n2)c1,CS(=O)(=O)c1cccc(-c2c[nH]c([C@H](O)c3ccc(Cl)c(C(=O)Nc4ccccc4)c3)n2)c1,6.8083377,-5.222191
330,mol298,-12.46,Cc1ccc(-c2ncc(C(=O)Nc3ccc4c(c3)CC(=O)N4)cn2)cc1,Cc1ccc(-c2ncc(C(=O)Nc3ccc4c(c3)CC(=O)N4)cn2)cc1,6.1918273,-5.061397
840,mol456,-12.46,Cc1cccc(-n2nc(C(=O)O)c3cc(C(=O)OCC4CCN(c5ccccc5)CC4)ccc32)c1,Cc1cccc(-n2nc(C(=O)O)c3cc(C(=O)OCC4CCN(c5ccccc5)CC4)ccc32)c1,6.6458135,-6.0115685
650,mol411,-12.46,Cc1ccc(C(=O)Nc2ccc(Cl)c(C(F)(F)F)c2)cc1NC(=O)c1cnc(-c2ccccc2)s1,Cc1ccc(C(=O)Nc2ccc(Cl)c(C(F)(F)F)c2)cc1NC(=O)c1cnc(-c2ccccc2)s1,6.5435524,-7.3071904
700,mol436,-12.46,Cc1cccc(C(=O)Nc2ccc(Oc3ccnc4ccccc34)cc2)c1,Cc1cccc(C(=O)Nc2ccc(Oc3ccnc4ccccc34)cc2)c1,6.3499064,-6.269105
830,mol392,-12.46,c1ccc(-c2ccc(OCC3CCCCC3)cc2NCc2ccc(CNCc3ccc4ccccc4c3)cc2)cc1,c1ccc(-c2ccc(OCC3CCCCC3)cc2NCc2ccc(CNCc3ccc4ccccc4c3)cc2)cc1,5.435983,-7.2035713
940,mol118,-12.46,Cc1cccc(CNC(=O)Nc2ccc(Nc3ccnc4cc(-c5ccc(Cl)cc5)sc34)cc2)c1,Cc1cccc(CNC(=O)Nc2ccc(Nc3ccnc4cc(-c5ccc(Cl)cc5)sc34)cc2)c1,5.8837733,-6.563092
810,mol297,-12.46,C[C@@H](Nc1ccc(-c2ccc(OC3CCCCC3)cc2)cc1)C(=O)Nc1ccc(C[NH+]2CCCC2)cc1C(F)(F)F,C[C@@H](Nc1ccc(-c2ccc(OC3CCCCC3)cc2)cc1)C(=O)Nc1ccc(C[NH+]2CCCC2)cc1C(F)(F)F,6.651444,-6.6428447
270,mol7,-12.46,Cc1nc(Nc2ccc(Nc3ccnc4ccccc34)cc2)cc(N2CCN(c3ccccc3)CC2)n1,Cc1nc(Nc2ccc(Nc3ccnc4ccccc34)cc2)cc(N2CCN(c3ccccc3)CC2)n1,5.8204083,-6.038622
730,mol49,-12.46,Cc1ccc(NC(=O)c2cccc(C(=O)Nc3cccc(S(=O)(=O)N4CCCCC4)c3)c2)cc1NS(=O)(=O)c1ccc(N)cc1,Cc1ccc(NC(=O)c2cccc(C(=O)Nc3cccc(S(=O)(=O)N4CCCCC4)c3)c2)cc1NS(=O)(=O)c1ccc(N)cc1,6.602011,-5.5199966
960,mol333,-12.46,NC(=O)n1ccc2cc(N3CCOCC3)c(NC(=O)c3ccc4cc(Oc5ccccc5)ccc4c3)cc21,NC(=O)n1ccc2cc(N3CCOCC3)c(NC(=O)c3ccc4cc(Oc5ccccc5)ccc4c3)cc21,6.1015368,-6.6722927
450,mol7,-12.46,Cc1ccc(C(=O)Nn2cnnc2)cc1Nc1ncnn2cc(C(=O)Nc3cc(C(F)(F)F)ccc3F)cc12,Cc1ccc(C(=O)Nn2cnnc2)cc1Nc1ncnn2cc(C(=O)Nc3cc(C(F)(F)F)ccc3F)cc12,6.522703,-6.2730103
840,mol61,-12.46,Cc1ccc(Cl)cc1-c1ccc(C(=O)N[C@H]2CC[N@H+](Cc3ccc(F)cc3)C2)cc1,Cc1ccc(Cl)cc1-c1ccc(C(=O)N[C@H]2CC[N@H+](Cc3ccc(F)cc3)C2)cc1,6.35052,-4.2251134
900,mol206,-12.46,Cc1ccc(NC(=O)c2cccc(C(N)=O)c2)cc1Nc1nccc(-c2cccnc2)n1,Cc1ccc(NC(=O)c2cccc(C(N)=O)c2)cc1Nc1nccc(-c2cccnc2)n1,6.4905653,-5.4513516
270,mol303,-12.46,Cc1ncc(-c2cn(-c3ccc(C(=O)O)cc3)nn2)cc1-c1ccc(NC(=O)c2ccccc2)cc1,Cc1ncc(-c2cn(-c3ccc(C(=O)O)cc3)nn2)cc1-c1ccc(NC(=O)c2ccccc2)cc1,5.933751,-5.6167674
400,mol140,-12.46,Cc1ccc(NC(=O)C(=O)NC2CC2)cc1Nc1ncc2cc(-c3ccc(C(=O)NC(C)(C)C)cc3)cnc2c1Cl,Cc1ccc(NC(=O)C(=O)NC2CC2)cc1Nc1ncc2cc(-c3ccc(C(=O)NC(C)(C)C)cc3)cnc2c1Cl,7.8601084,-6.6066465
520,mol2,-12.46,Cc1ccc(CC(=O)Nc2nc(-c3ccc(O[PH](O)(O)O)cc3)cs2)cc1,Cc1ccc(CC(=O)Nc2nc(-c3ccc(O[PH](O)(O)O)cc3)cs2)cc1,6.2279253,-5.1903515
580,mol289,-12.46,CCc1ccc(NC(=O)c2cccc(Cc3n[nH]c(=O)c4ccccc34)c2)cc1,CCc1ccc(NC(=O)c2cccc(Cc3n[nH]c(=O)c4ccccc34)c2)cc1,6.3169365,-5.0801125
640,mol116,-12.46,C[C@H](Oc1cc(-c2cnn(C3CCN(C(=O)Cc4cccc(OCc5ccccc5)c4)CC3)c2)cnc1N)c1ccc(Cl)cc1,C[C@H](Oc1cc(-c2cnn(C3CCN(C(=O)Cc4cccc(OCc5ccccc5)c4)CC3)c2)cnc1N)c1ccc(Cl)cc1,6.323766,-6.5128508
640,mol369,-12.46,Cn1cc(-c2ccc3c(-c4cccc(NC(=O)c5ccccn5)c4)ccnc3c2)cn1,Cn1cc(-c2ccc3c(-c4cccc(NC(=O)c5ccccn5)c4)ccnc3c2)cn1,5.9895415,-5.94232
60,mol434,-12.46,Nc1ncc(-c2ccc(-c3ccc([C@H]4C(=O)Nc5c(F)cccc5[C@@H](O)[C@@H]4O)s3)s2)cc1F,Nc1ncc(-c2ccc(-c3ccc([C@H]4C(=O)Nc5c(F)cccc5[C@@H](O)[C@@H]4O)s3)s2)cc1F,7.240627,-5.434407
520,mol412,-12.46,Cc1cccc(Nc2ccc(NC(=O)c3ccc(C(=O)NCc4ccc(Cl)cc4)cc3)cc2)c1,Cc1cccc(Nc2ccc(NC(=O)c3ccc(C(=O)NCc4ccc(Cl)cc4)cc3)cc2)c1,5.9735475,-6.686584
260,mol49,-12.45,Cc1cc(Nc2nccc(Nc3ccc4c(N)nccc4n3)n2)cc(C)c1O,Cc1cc(Nc2nccc(Nc3ccc4c(N)nccc4n3)n2)cc(C)c1O,6.5404277,-4.502834
770,mol443,-12.45,Cc1ccc(C(=O)Nc2cccc(C(F)(F)F)c2)cc1NC(=O)c1ccc(C(=O)O)c(NC(=O)c2cccc(C(=O)O)c2)c1,Cc1ccc(C(=O)Nc2cccc(C(F)(F)F)c2)cc1NC(=O)c1ccc(C(=O)O)c(NC(=O)c2cccc(C(=O)O)c2)c1,6.728953,-5.876367
870,mol347,-12.45,CC(=O)Nc1ccc(Oc2cccc(-c3ccc(C(=O)NCc4ccc(Cl)cc4)c([N+](=O)[O-])c3)c2)cc1,CC(=O)Nc1ccc(Oc2cccc(-c3ccc(C(=O)NCc4ccc(Cl)cc4)c([N+](=O)[O-])c3)c2)cc1,6.517872,-7.208144
320,mol36,-12.45,Oc1c(-c2ccccc2)cccc1-c1nnn(-c2ccccc2)n1,Oc1c(-c2ccccc2)cccc1-c1nnn(-c2ccccc2)n1,6.0480814,-4.9736934
630,mol280,-12.45,CC(C)c1ccc(Oc2ccc(Nc3ccnc4cc(Cl)ccc34)cc2)c(CC(=O)O)c1,CC(C)c1ccc(Oc2ccc(Nc3ccnc4cc(Cl)ccc34)cc2)c(CC(=O)O)c1,6.6150584,-6.649357
550,mol310,-12.45,Cc1ccc(NC(=O)COc2ccc(NC(=O)c3ccccc3C(F)(F)F)cc2)cc1Nc1ncnc2cnc(N3CCOCC3)nc12,Cc1ccc(NC(=O)COc2ccc(NC(=O)c3ccccc3C(F)(F)F)cc2)cc1Nc1ncnc2cnc(N3CCOCC3)nc12,7.135224,-5.6211395
320,mol52,-12.45,Cc1ccc(C(=O)Nc2cc(C(F)(F)F)ccc2N2CCOCC2)cc1NC(=O)c1cnn(-c2ccccc2)c1,Cc1ccc(C(=O)Nc2cc(C(F)(F)F)ccc2N2CCOCC2)cc1NC(=O)c1cnn(-c2ccccc2)c1,6.4692683,-6.476008
550,mol171,-12.45,Cc1ccc(C(=O)Nc2ccc(Oc3ccccc3)cc2)cc1Nc1nccc2ccccc12,Cc1ccc(C(=O)Nc2ccc(Oc3ccccc3)cc2)cc1Nc1nccc2ccccc12,6.0381174,-7.144343
370,mol304,-12.45,Cc1cc(Nc2nc(NCCCc3ccc(NC(=O)C4(C(=O)Nc5ccc(Cl)cc5)CC4)cc3)cc(N3CCCCC3)n2)ccc1-c1ccccc1,Cc1cc(Nc2nc(NCCCc3ccc(NC(=O)C4(C(=O)Nc5ccc(Cl)cc5)CC4)cc3)cc(N3CCCCC3)n2)ccc1-c1ccccc1,6.4695706,-6.7888994
540,mol136,-12.45,CC(=O)Nc1ccc2ncnc(Nc3cc(NC(=O)c4cnc5cccc(Br)c5c4)ccc3C)c2c1,CC(=O)Nc1ccc2ncnc(Nc3cc(NC(=O)c4cnc5cccc(Br)c5c4)ccc3C)c2c1,6.6164618,-6.821816
750,mol55,-12.45,CC(=O)Nc1cccc(Nc2nccc(-c3ccnc(Nc4ccccc4)c3)n2)c1,CC(=O)Nc1cccc(Nc2nccc(-c3ccnc(Nc4ccccc4)c3)n2)c1,6.5753303,-5.7610235
530,mol354,-12.45,Cc1ccc(NC(=O)c2nccn(-c3ccccc3)c2=O)cc1NC(=O)c1ccc(Cl)cc1,Cc1ccc(NC(=O)c2nccn(-c3ccccc3)c2=O)cc1NC(=O)c1ccc(Cl)cc1,6.3962317,-6.399559
530,mol129,-12.45,Cc1ccc(NC(=O)c2ccc(Oc3ncccn3)cc2)cc1Nc1nccc(-c2cccnc2)n1,Cc1ccc(NC(=O)c2ccc(Oc3ncccn3)cc2)cc1Nc1nccc(-c2cccnc2)n1,6.5166187,-6.558878
560,mol155,-12.45,Cc1ccc(C(=O)Nc2ccc(F)c(C(F)(F)F)c2)cc1Nc1nccc(-c2cccnc2)n1,Cc1ccc(C(=O)Nc2ccc(F)c(C(F)(F)F)c2)cc1Nc1nccc(-c2cccnc2)n1,6.2770314,-6.394795
90,mol423,-12.45,Cc1cc(Nc2nccc(C(F)(F)F)n2)cc(N2Cc3ccc(-c4ccncc4)cc3C2=O)c1,Cc1cc(Nc2nccc(C(F)(F)F)n2)cc(N2Cc3ccc(-c4ccncc4)cc3C2=O)c1,6.005604,-6.3101544
520,mol214,-12.45,CC(=O)Nc1ccc(Oc2ccc(NC(=O)c3ccc4ccccc4c3)cc2C(=O)O)cc1,CC(=O)Nc1ccc(Oc2ccc(NC(=O)c3ccc4ccccc4c3)cc2C(=O)O)cc1,6.4522033,-6.32675
560,mol190,-12.45,Cc1ccc(NC(=O)c2cccc(NC(=O)CCc3ccccc3)c2)cc1NC(=O)c1ccc(NC(=O)c2cccs2)cc1,Cc1ccc(NC(=O)c2cccc(NC(=O)CCc3ccccc3)c2)cc1NC(=O)c1ccc(NC(=O)c2cccs2)cc1,6.56848,-6.873526
660,mol490,-12.45,CCc1ccc([C@@H]2CC(=O)c3c(O)cc(O)cc3S2)cc1S(=O)(=O)Nc1ccc(/C2=N/[C@H]3C=C[C@H](CC(C)=C3)C(=O)N2)cc1,CCc1ccc([C@@H]2CC(=O)c3c(O)cc(O)cc3S2)cc1S(=O)(=O)Nc1ccc(/C2=N/[C@H]3C=C[C@H](CC(C)=C3)C(=O)N2)cc1,6.8412123,-6.4959564
860,mol135,-12.45,Cc1ccc(O)c(/C=N/NC(=O)c2ccc(Cc3cc4ncccc4c(C(=O)O)n3)cc2)c1,Cc1ccc(O)c(/C=N/NC(=O)c2ccc(Cc3cc4ncccc4c(C(=O)O)n3)cc2)c1,6.422409,-5.6299133
560,mol290,-12.45,NC(N)c1ccc(CCNC(=O)Nc2cccc(Nc3ccnc4ccccc34)c2)cc1,NC(N)c1ccc(CCNC(=O)Nc2cccc(Nc3ccnc4ccccc34)c2)cc1,6.4699545,-4.3448634
160,mol413,-12.45,Cc1ccc(NC(=O)c2ccc(C#N)cc2)cc1C(=O)Nc1cccc(Cc2nnc(NC(=O)Cc3ccccc3)s2)c1,Cc1ccc(NC(=O)c2ccc(C#N)cc2)cc1C(=O)Nc1cccc(Cc2nnc(NC(=O)Cc3ccccc3)s2)c1,6.428378,-7.6386523
310,mol321,-12.45,Cc1cc(C)c(-c2cccc(Cn3cc(NC(=O)c4cnn([C@H]5CC[N@H+](C)CC5)c4)cn3)c2)cn1,Cc1cc(C)c(-c2cccc(Cn3cc(NC(=O)c4cnn([C@H]5CC[N@H+](C)CC5)c4)cn3)c2)cn1,6.9488626,-4.1992016
860,mol334,-12.45,Cc1ccc(C(=O)Nc2ccc(C(=O)NCCNC(=O)c3ccc4c(Cl)cccc4c3)cc2)cc1,Cc1ccc(C(=O)Nc2ccc(C(=O)NCCNC(=O)c3ccc4c(Cl)cccc4c3)cc2)cc1,5.992935,-6.173875
920,mol47,-12.45,Cc1cccc(-c2ccc(NC(=O)c3ccc4c(c3)OCO4)cc2)c1,Cc1cccc(-c2ccc(NC(=O)c3ccc4c(c3)OCO4)cc2)c1,5.996745,-5.9418693
520,mol459,-12.45,Nc1nccc(-c2cnc(OCC3CCCCC3)c(-c3ccc(C(=O)NCc4ccccc4Cl)cc3)n2)n1,Nc1nccc(-c2cnc(OCC3CCCCC3)c(-c3ccc(C(=O)NCc4ccccc4Cl)cc3)n2)n1,7.18679,-6.803894
260,mol140,-12.45,OC[C@@H]1N=C(Nc2cccc(CCc3ccc(-c4ccc5[nH]ncc5c4)cc3)n2)[C@@H](O)[C@H]1Cl,OC[C@@H]1N=C(Nc2cccc(CCc3ccc(-c4ccc5[nH]ncc5c4)cc3)n2)[C@@H](O)[C@H]1Cl,6.806912,-4.8129888
570,mol486,-12.45,Cc1cccc(NC(=O)c2ccc(Oc3nc4ccccc4cc3[C@@H](N)NC(=O)c3ccc(F)cc3F)cc2)c1,Cc1cccc(NC(=O)c2ccc(Oc3nc4ccccc4cc3[C@@H](N)NC(=O)c3ccc(F)cc3F)cc2)c1,6.5126624,-7.060825
350,mol251,-12.45,Cc1ccc(-c2n[nH]c(C(=O)Nc3cc(C(=O)Nc4cc(C(C)(C)C)no4)ccc3Cl)n2)cc1,Cc1ccc(-c2n[nH]c(C(=O)Nc3cc(C(=O)Nc4cc(C(C)(C)C)no4)ccc3Cl)n2)cc1,6.577188,-7.2236276
570,mol176,-12.45,Cc1ccc(C(=O)Nc2ccc(Oc3ccnc(Nc4cccc(C(=O)O)c4)n3)cc2)cc1,Cc1ccc(C(=O)Nc2ccc(Oc3ccnc(Nc4cccc(C(=O)O)c4)n3)cc2)cc1,6.2397523,-6.1685314
300,mol202,-12.45,Cc1cccc(Nc2cccc(C(=O)Nc3ccc4c(c3)cc(C(N)=O)n4C)c2)c1,Cc1cccc(Nc2cccc(C(=O)Nc3ccc4c(c3)cc(C(N)=O)n4C)c2)c1,6.340861,-5.2609725
920,mol212,-12.45,Cc1ccccc1-n1cc(-c2ccc3c(c2)CCNC3=O)cn1,Cc1ccccc1-n1cc(-c2ccc3c(c2)CCNC3=O)cn1,5.962451,-3.5121353
50,mol466,-12.45,NC(N)Nc1cccc(Nc2nccc(-c3ccc(-c4nc5ccccc5s4)cc3)n2)c1,NC(N)Nc1cccc(Nc2nccc(-c3ccc(-c4nc5ccccc5s4)cc3)n2)c1,6.012027,-5.5990777
840,mol119,-12.45,Cc1ccc(C(=O)Nc2ccc(S(O)(O)O)cc2C(=O)O)cc1C(=O)c1ccccc1,Cc1ccc(C(=O)Nc2ccc(S(O)(O)O)cc2C(=O)O)cc1C(=O)c1ccccc1,6.576307,-5.5047736
340,mol475,-12.45,Cc1ccc(-c2ccc(C(=O)Nc3ccc(B(O)O)cc3C(=O)O)cc2)cc1,Cc1ccc(-c2ccc(C(=O)Nc3ccc(B(O)O)cc3C(=O)O)cc2)cc1,6.370517,-3.9541025
40,mol340,-12.45,COc1ccc(S(=O)(=O)N2CCCCCCC2)cc1N1Cc2ccc(NC(=O)Nc3ccc(Cl)cc3)cc2C1=O,COc1ccc(S(=O)(=O)N2CCCCCCC2)cc1N1Cc2ccc(NC(=O)Nc3ccc(Cl)cc3)cc2C1=O,6.9068723,-6.277492
290,mol79,-12.45,Cc1cc(C(=O)Nc2cccc(C(F)(F)F)c2)ccc1-c1cccc(C(=O)O)c1,Cc1cc(C(=O)Nc2cccc(C(F)(F)F)c2)ccc1-c1cccc(C(=O)O)c1,7.0862436,-5.728488
460,mol97,-12.45,Cn1c(N)cc(Nc2ccc(C(=O)NCc3ccc(-c4ccccc4)cc3)cc2)cc1=O,Cn1c(N)cc(Nc2ccc(C(=O)NCc3ccc(-c4ccccc4)cc3)cc2)cc1=O,5.86665,-5.205961
700,mol488,-12.45,CCc1ccc(C(=O)Nc2ccc(NC(=O)c3ccc4ccccc4c3)cc2C(=O)O)cc1,CCc1ccc(C(=O)Nc2ccc(NC(=O)c3ccc4ccccc4c3)cc2C(=O)O)cc1,6.2214813,-6.3190002
230,mol497,-12.45,Cc1cc(Oc2cnc(NC(=O)c3cc(F)cc(C(F)(F)F)c3)s2)cc(-c2cnc3[nH]ccc3n2)n1,Cc1cc(Oc2cnc(NC(=O)c3cc(F)cc(C(F)(F)F)c3)s2)cc(-c2cnc3[nH]ccc3n2)n1,6.553438,-6.586879
490,mol140,-12.45,Cc1cccc(-n2nc(-c3ccc4ccccc4c3)cc2NC(=O)Nc2ccc(Oc3ccnc4[nH]cc(C#N)c34)cc2)c1,Cc1cccc(-n2nc(-c3ccc4ccccc4c3)cc2NC(=O)Nc2ccc(Oc3ccnc4[nH]cc(C#N)c34)cc2)c1,6.4012394,-7.863627
430,mol224,-12.45,Cc1cn(-c2cc(NC(=O)c3cccc(C(=O)c4ccc(F)cc4)c3)cnc2N)ccc1=O,Cc1cn(-c2cc(NC(=O)c3cccc(C(=O)c4ccc(F)cc4)c3)cnc2N)ccc1=O,6.659299,-5.918307
70,mol28,-12.45,CC[C@@H]1[C@H](N)CN(C(=O)c2cccc(C(N)N)c2)C[C@H]1NC(=O)c1ccc(Nc2ncc(F)c(Nc3ccc(C(F)(F)F)cc3)n2)cc1,CC[C@@H]1[C@H](N)CN(C(=O)c2cccc(C(N)N)c2)C[C@H]1NC(=O)c1ccc(Nc2ncc(F)c(Nc3ccc(C(F)(F)F)cc3)n2)cc1,7.5049257,-4.3940663
10,mol172,-12.45,c1cncc(-c2cccc(-c3ccc(-c4nc5ccccc5[nH]4)s3)c2)c1,c1cncc(-c2cccc(-c3ccc(-c4nc5ccccc5[nH]4)s3)c2)c1,5.934951,-6.3949623
500,mol94,-12.45,FC(F)(F)c1cccc(-c2nc(COc3ccc(Nc4ncnc5ccccc45)cc3)c(-c3ccccc3)o2)c1,FC(F)(F)c1cccc(-c2nc(COc3ccc(Nc4ncnc5ccccc45)cc3)c(-c3ccccc3)o2)c1,5.9270897,-7.0893483
230,mol295,-12.45,Cc1ccc(Nc2ncc(C(=O)Nc3ccc4ncccc4c3)c3ccccc23)cc1,Cc1ccc(Nc2ncc(C(=O)Nc3ccc4ncccc4c3)c3ccccc23)cc1,5.882664,-6.201326
300,mol385,-12.45,CNC(=O)c1cccc(Nc2ncc(Cl)c(Nc3cccc(C(=O)Nc4cccc(C(F)(F)F)c4)c3)n2)c1,CNC(=O)c1cccc(Nc2ncc(Cl)c(Nc3cccc(C(=O)Nc4cccc(C(F)(F)F)c4)c3)n2)c1,6.488301,-6.6264853
430,mol353,-12.45,CC(C)[C@H](NS(=O)(=O)c1ccc(-c2ccc(NC(=O)c3cc4ccccc4o3)cc2)cc1)C(=O)N[C@@H](CO)C(=O)NCc1ccccc1,CC(C)[C@H](NS(=O)(=O)c1ccc(-c2ccc(NC(=O)c3cc4ccccc4o3)cc2)cc1)C(=O)N[C@@H](CO)C(=O)NCc1ccccc1,6.693631,-5.320185
730,mol247,-12.45,Cc1ccccc1-c1nc(Nc2cccc(C(=O)NCc3ccccc3)c2)c2ccccc2n1,Cc1ccccc1-c1nc(Nc2cccc(C(=O)NCc3ccccc3)c2)c2ccccc2n1,6.1255918,-6.3138356
720,mol366,-12.45,Cc1ccc(NC(=O)c2cccc(C(F)(F)F)c2)cc1Nc1ncnn2cc(C(=O)c3c[nH]cn3)cc12,Cc1ccc(NC(=O)c2cccc(C(F)(F)F)c2)cc1Nc1ncnn2cc(C(=O)c3c[nH]cn3)cc12,6.1524267,-6.382163
220,mol77,-12.45,[NH3+][C@@H](c1ccc(Cl)cc1)c1ccc(-c2nc(=O)c3ccccc3[nH]2)cc1,[NH3+][C@@H](c1ccc(Cl)cc1)c1ccc(-c2nc(=O)c3ccccc3[nH]2)cc1,5.8909063,-5.306955
490,mol156,-12.45,CC(=O)Nc1cccc(-c2nnc3ccc(-c4ccc(C(=O)Nc5cccc(C(F)(F)F)c5)cc4)nn23)c1,CC(=O)Nc1cccc(-c2nnc3ccc(-c4ccc(C(=O)Nc5cccc(C(F)(F)F)c5)cc4)nn23)c1,6.092616,-6.6614895
480,mol365,-12.45,Cc1cccc(-c2ccc(C(=O)Nc3ccc(C(=O)NC(C)(C)C)c(Cl)c3)cc2)c1,Cc1cccc(-c2ccc(C(=O)Nc3ccc(C(=O)NC(C)(C)C)c(Cl)c3)cc2)c1,6.2373967,-6.670711
230,mol418,-12.45,Cc1ccc(NC(=O)c2ccc(CS(=O)(=O)c3ccccc3C(F)(F)F)o2)cc1NC(=O)c1cccnc1,Cc1ccc(NC(=O)c2ccc(CS(=O)(=O)c3ccccc3C(F)(F)F)o2)cc1NC(=O)c1cccnc1,6.70594,-6.316161
470,mol420,-12.45,CC(=O)Nc1cccc(-c2cc(Nc3ccnc4cc(Cl)ccc34)ncn2)c1,CC(=O)Nc1cccc(-c2cc(Nc3ccnc4cc(Cl)ccc34)ncn2)c1,6.5983973,-5.739148
230,mol205,-12.45,O=C(O)c1ccc(NC(=O)c2cccc(-c3csc(Nc4ccccc4)n3)c2)c(C[NH+]2CCCC2)c1,O=C(O)c1ccc(NC(=O)c2cccc(-c3csc(Nc4ccccc4)n3)c2)c(C[NH+]2CCCC2)c1,6.6050925,-4.4426417
550,mol3,-12.44,Cc1ccc(Nc2nccc(-c3c[nH]c4ccccc34)n2)cc1NC(=O)c1ccccc1,Cc1ccc(Nc2nccc(-c3c[nH]c4ccccc34)n2)cc1NC(=O)c1ccccc1,6.217086,-6.145053
580,mol438,-12.44,Cc1ccc(C(=O)Nc2cccc(C(=O)Nc3cccc(Oc4ccnc[n+]4[O-])c3)c2)cc1,Cc1ccc(C(=O)Nc2cccc(C(=O)Nc3cccc(Oc4ccnc[n+]4[O-])c3)c2)cc1,5.996178,-5.3854356
220,mol0,-12.44,Nc1cc(Oc2ccc(N[C@@H](N)NS(=O)(=O)c3ccc(C(=O)O)cc3Cl)cc2C(=O)O)ccc1O,Nc1cc(Oc2ccc(N[C@@H](N)NS(=O)(=O)c3ccc(C(=O)O)cc3Cl)cc2C(=O)O)ccc1O,6.5478516,-3.8925633
810,mol224,-12.44,Cc1cc(F)ccc1-c1ccc(C(=O)Nc2ccnc(C(=O)c3ccccc3)c2)cc1,Cc1cc(F)ccc1-c1ccc(C(=O)Nc2ccnc(C(=O)c3ccccc3)c2)cc1,6.2478356,-6.594049
170,mol427,-12.44,Cc1ccc(-n2nc(C(=O)N3CCC(c4ccc(C(F)(F)F)cc4)CC3)cc2NC(=O)c2ccc3ccccc3n2)cn1,Cc1ccc(-n2nc(C(=O)N3CCC(c4ccc(C(F)(F)F)cc4)CC3)cc2NC(=O)c2ccc3ccccc3n2)cn1,6.9378633,-6.308885
90,mol75,-12.44,Cc1ccc(C(=O)Nc2cc(C(F)(F)F)cc(C(F)(F)F)c2)cc1NC(=O)c1cnc(Nc2cccc(C3CC3)c2)nc1,Cc1ccc(C(=O)Nc2cc(C(F)(F)F)cc(C(F)(F)F)c2)cc1NC(=O)c1cnc(Nc2cccc(C3CC3)c2)nc1,6.9007683,-7.327192
720,mol339,-12.44,CC(=O)Nc1ccc(NS(=O)(=O)c2cccc(-c3ccc(NC(=O)[C@H]4CC[C@H](C(=O)O)CC4)cc3)c2)cc1,CC(=O)Nc1ccc(NS(=O)(=O)c2cccc(-c3ccc(NC(=O)[C@H]4CC[C@H](C(=O)O)CC4)cc3)c2)cc1,7.0381446,-5.8286476
720,mol263,-12.44,Cc1ccc(-n2nc(C(C)(C)C)cc2NC(=O)Nc2cccc(Oc3ccnc4ccccc34)c2)cc1,Cc1ccc(-n2nc(C(C)(C)C)cc2NC(=O)Nc2cccc(Oc3ccnc4ccccc34)c2)cc1,6.189649,-7.207363
140,mol445,-12.44,Cc1ccc2c(Nc3ccc(S(=O)(=O)c4ccccc4)cc3)cc(=O)oc2c1CCCN1C[C@H](O)[C@H](CO)O1,Cc1ccc2c(Nc3ccc(S(=O)(=O)c4ccccc4)cc3)cc(=O)oc2c1CCCN1C[C@H](O)[C@H](CO)O1,6.8019457,-4.5406017
790,mol489,-12.44,Cc1cc(Oc2ccc(NC(=O)c3ccc4cc(Cl)ccc4n3)cc2)cc(-c2c(Cl)cccc2Cl)c1,Cc1cc(Oc2ccc(NC(=O)c3ccc4cc(Cl)ccc4n3)cc2)cc(-c2c(Cl)cccc2Cl)c1,6.0030284,-7.3636
880,mol99,-12.44,C[NH+](C)CC[C@@H](Cc1ccc(C(=O)c2c[nH]c3ccccc23)cc1)c1cccc(NS(=O)(=O)c2ccc(O)cc2)c1,C[NH+](C)CC[C@@H](Cc1ccc(C(=O)c2c[nH]c3ccccc23)cc1)c1cccc(NS(=O)(=O)c2ccc(O)cc2)c1,5.992953,-4.129887
710,mol326,-12.44,C[C@@H](NC(=O)c1ccc(C(=O)N[C@@H](Cc2ccc(F)cc2)C(=O)NO)cc1)[C@H](O)c1cccc(O)c1,C[C@@H](NC(=O)c1ccc(C(=O)N[C@@H](Cc2ccc(F)cc2)C(=O)NO)cc1)[C@H](O)c1cccc(O)c1,6.7174854,-4.389082
970,mol324,-12.44,Cc1ccc(C(=O)Nc2ccc(Oc3ccc(C(=O)N[C@@H](C)c4ccccc4)cc3)cc2)cc1,Cc1ccc(C(=O)Nc2ccc(Oc3ccc(C(=O)N[C@@H](C)c4ccccc4)cc3)cc2)cc1,5.810789,-6.717851
880,mol497,-12.44,COC(=O)CC/C(C)=N/NC(=O)Nc1ccc(Oc2ncnc3oc(-c4ccccc4C(F)(F)F)cc23)cc1F,COC(=O)CC/C(C)=N/NC(=O)Nc1ccc(Oc2ncnc3oc(-c4ccccc4C(F)(F)F)cc23)cc1F,6.4779415,-7.1782613
100,mol76,-12.44,FC(F)(F)c1cccc(/N=N/c2c[nH]nc2CNc2ccc(Nc3ccnc4cc(Cl)ccc34)cc2)c1,FC(F)(F)c1cccc(/N=N/c2c[nH]nc2CNc2ccc(Nc3ccnc4cc(Cl)ccc34)cc2)c1,6.1597543,-6.3506813
220,mol207,-12.44,Cc1ccc(C(=O)Nc2ccon2)cc1NC(=O)c1ccc(-c2ccc(C(=O)O)cc2)o1,Cc1ccc(C(=O)Nc2ccon2)cc1NC(=O)c1ccc(-c2ccc(C(=O)O)cc2)o1,6.8166666,-6.1551905
410,mol385,-12.44,Cc1cccc(Nc2nccc(Nc3ccc4c(=O)[nH]cc(C)c4c3)n2)c1,Cc1cccc(Nc2nccc(Nc3ccc4c(=O)[nH]cc(C)c4c3)n2)c1,7.0517015,-5.278691
350,mol150,-12.44,O=C1Cc2c(ccc3[nH]c(-c4ccc(OCc5ccccc5)cc4)cc23)N1,O=C1Cc2c(ccc3[nH]c(-c4ccc(OCc5ccccc5)cc4)cc23)N1,5.830684,-6.2880225
220,mol308,-12.44,N#Cc1ccc(NC(=O)c2cccc(NC(=O)Nc3ccc(S(=O)(=O)NCc4ccccc4)cc3)c2)c(N)c1N,N#Cc1ccc(NC(=O)c2cccc(NC(=O)Nc3ccc(S(=O)(=O)NCc4ccccc4)cc3)c2)c(N)c1N,6.5223856,-5.7470827
280,mol114,-12.44,Cc1ccc(NC(=O)c2ccc(C[N@H+]3CC[N@H+](C)CC3)cc2)cc1Nc1nccc(-c2cccnc2)n1,Cc1ccc(NC(=O)c2ccc(C[N@H+]3CC[N@H+](C)CC3)cc2)cc1Nc1nccc(-c2cccnc2)n1,6.9812202,-2.8664286
820,mol346,-12.44,COc1ccc(CNC(=O)c2ccccc2NC(=O)Nc2ccccc2C(=O)O)cc1OCCc1ccc(OCc2ccccc2)cc1,COc1ccc(CNC(=O)c2ccccc2NC(=O)Nc2ccccc2C(=O)O)cc1OCCc1ccc(OCc2ccccc2)cc1,6.309806,-7.100988
860,mol330,-12.44,CN(C)C(=O)c1ccc(Oc2ccc(Oc3ccc4ccccc4n3)cc2)cc1,CN(C)C(=O)c1ccc(Oc2ccc(Oc3ccc4ccccc4n3)cc2)cc1,6.45112,-6.430402
410,mol469,-12.44,Cc1ccc(C(=O)Nc2ccc(C(=O)Nc3ccc(C(=O)O)cc3)cc2)cc1Nc1ccnc2cc(NCC[NH+]3CCOCC3)ccc12,Cc1ccc(C(=O)Nc2ccc(C(=O)Nc3ccc(C(=O)O)cc3)cc2)cc1Nc1ccnc2cc(NCC[NH+]3CCOCC3)ccc12,6.733634,-5.0473375
330,mol171,-12.44,Cc1cccc(C(=O)O)c1Nc1nc(Nc2cccc(C(=O)Nc3cccc(C(=O)O)c3)c2)cc2ncsc12,Cc1cccc(C(=O)O)c1Nc1nc(Nc2cccc(C(=O)Nc3cccc(C(=O)O)c3)c2)cc2ncsc12,6.8099113,-5.7756963
660,mol118,-12.44,Cc1ccc(/C=N\O)cc1C(=O)Nc1ccc(NC(=O)c2ccc(-c3ccccn3)cc2)cc1,Cc1ccc(/C=N\O)cc1C(=O)Nc1ccc(NC(=O)c2ccc(-c3ccccn3)cc2)cc1,6.0160375,-6.4215465
950,mol428,-12.44,CNc1ccccc1NC(=O)Nc1cccc(S(=O)(=O)Nc2ccc([C@@H](O)c3ccccc3)cc2)c1,CNc1ccccc1NC(=O)Nc1cccc(S(=O)(=O)Nc2ccc([C@@H](O)c3ccccc3)cc2)c1,6.1575694,-5.6667767
460,mol199,-12.44,CN(C)c1ccc(/C=C2\C(=O)C(=O)Nc3ccc(Nc4ccnc(N5CCC(C(=O)O)CC5)n4)cc32)cc1,CN(C)c1ccc(/C=C2\C(=O)C(=O)Nc3ccc(Nc4ccnc(N5CCC(C(=O)O)CC5)n4)cc32)cc1,7.107794,-4.8373075
880,mol236,-12.44,COc1cccc([C@@H](C)Nc2cc(-c3cccc(C(=O)Nc4cccc(C(=O)O)c4)c3)nnn2)c1,COc1cccc([C@@H](C)Nc2cc(-c3cccc(C(=O)Nc4cccc(C(=O)O)c4)c3)nnn2)c1,6.200383,-5.2662754
730,mol166,-12.44,Cc1cccc(C(=O)Nc2ccc(Oc3ccnc4cc(C(N)N)ccc34)cc2)c1,Cc1cccc(C(=O)Nc2ccc(Oc3ccnc4cc(C(N)N)ccc34)cc2)c1,6.324618,-5.761882
460,mol312,-12.44,Cc1cn(-c2cc(NC(=O)c3ccc(C)c(Nc4ncnc5ccccc45)c3)cc(C(=O)O)c2)cn1,Cc1cn(-c2cc(NC(=O)c3ccc(C)c(Nc4ncnc5ccccc45)c3)cc(C(=O)O)c2)cn1,6.7621374,-5.513064
530,mol91,-12.44,Cc1ccc(C(=O)Nc2ncc(Cc3cccc4ccccc34)s2)cc1,Cc1ccc(C(=O)Nc2ncc(Cc3cccc4ccccc34)s2)cc1,6.4569783,-6.649081
490,mol330,-12.44,Cc1ccc(CNC(=O)c2cccc(Cc3ccc(C(=O)Nc4ccc(B(O)O)cc4)cc3)c2)cc1,Cc1ccc(CNC(=O)c2cccc(Cc3ccc(C(=O)Nc4ccc(B(O)O)cc4)cc3)c2)cc1,6.0425935,-5.060515
760,mol203,-12.44,Cc1ccc(Cl)cc1NC(=O)Nc1cccc(-c2cnc3ccccc3n2)c1,Cc1ccc(Cl)cc1NC(=O)Nc1cccc(-c2cnc3ccccc3n2)c1,6.495459,-6.347468
620,mol141,-12.44,Cc1ccc(Nc2nccc(-c3c[nH]c4ccccc34)n2)cc1NC(=O)c1cnccn1,Cc1ccc(Nc2nccc(-c3c[nH]c4ccccc34)n2)cc1NC(=O)c1cnccn1,6.6146774,-5.771455
710,mol387,-12.44,Cc1cccc(Nc2ncc(C(=O)Nc3ccc4nc(N)ccc4c3)s2)c1,Cc1cccc(Nc2ncc(C(=O)Nc3ccc4nc(N)ccc4c3)s2)c1,6.410012,-5.2572346
170,mol160,-12.44,Cc1ccc(C(=O)Nc2cc(C(C)(C)C)on2)cc1Nc1ncnn2cc(C(=O)N[C@H](C)C(F)(F)F)cc2c1=O,Cc1ccc(C(=O)Nc2cc(C(C)(C)C)on2)cc1Nc1ncnn2cc(C(=O)N[C@H](C)C(F)(F)F)cc2c1=O,6.8408384,-5.974282
630,mol91,-12.44,Cc1ccccc1-n1cnc(C(=O)Nc2cccc(Nc3ccnc4ccccc34)c2)c1,Cc1ccccc1-n1cnc(C(=O)Nc2cccc(Nc3ccnc4ccccc34)c2)c1,5.9940076,-6.6737194
280,mol105,-12.44,Cc1c(F)cc(/C=C\c2cccc(N)c2)cc1NC(=O)c1ccc(C(=O)Nc2ccccc2)cc1,Cc1c(F)cc(/C=C\c2cccc(N)c2)cc1NC(=O)c1ccc(C(=O)Nc2ccccc2)cc1,6.1319084,-6.6706243
380,mol247,-12.44,CN(C)c1ccc(-c2cccc(Nc3cccc4ccccc34)c2)cc1,CN(C)c1ccc(-c2cccc(Nc3cccc4ccccc34)c2)cc1,6.056227,-6.5731854
300,mol467,-12.44,Cc1c(Nc2ccc(C(N)=O)cn2)ccc(C(=O)Nc2ccc(C(=O)Nc3ccc(C(=O)O)cn3)cc2)c1CC#N,Cc1c(Nc2ccc(C(N)=O)cn2)ccc(C(=O)Nc2ccc(C(=O)Nc3ccc(C(=O)O)cn3)cc2)c1CC#N,6.672137,-5.6893063
690,mol441,-12.44,Cc1cccc(C(=O)Nc2ccc(NC(=O)c3cc4ccccc4o3)cc2)c1,Cc1cccc(C(=O)Nc2ccc(NC(=O)c3cc4ccccc4o3)cc2)c1,6.3037305,-6.2450123
1000,mol385,-12.44,COc1ccc(-c2ccc(NC(=O)c3cccc4c(O)cccc34)cc2)cc1,COc1ccc(-c2ccc(NC(=O)c3cccc4c(O)cccc34)cc2)cc1,5.6283174,-6.6150346
680,mol77,-12.44,[H]/N=C(/N)c1ccc2[nH]c(-c3cccc(Oc4cccc(C)c4)c3)cc2c1,[H]/N=C(/N)c1ccc2[nH]c(-c3cccc(Oc4cccc(C)c4)c3)cc2c1,6.2112975,-5.9252143
370,mol497,-12.44,Cc1cccc(-c2ncc(C(=O)Nc3ccc(Oc4ncccc4C(F)(F)F)cc3)o2)c1,Cc1cccc(-c2ncc(C(=O)Nc3ccc(Oc4ncccc4C(F)(F)F)cc3)o2)c1,6.506799,-7.016049
870,mol183,-12.44,COc1cc(OCc2ccc(-c3ccc(C(=O)O)cc3)cc2)ccc1C(=O)c1ccc(O)cc1,COc1cc(OCc2ccc(-c3ccc(C(=O)O)cc3)cc2)ccc1C(=O)c1ccc(O)cc1,6.3801136,-6.455154
250,mol110,-12.44,Cc1cc(Nc2nc(N[C@@H](C)c3ccc(F)c(F)c3)ncc2Br)cc(C(=O)Nc2ccc3ncccc3n2)c1,Cc1cc(Nc2nc(N[C@@H](C)c3ccc(F)c(F)c3)ncc2Br)cc(C(=O)Nc2ccc3ncccc3n2)c1,6.6676545,-6.4466157
300,mol498,-12.44,Cc1ccc(-c2[nH]c3nc(N)[nH]c(=O)c3c2-c2ccc(NC(=O)Cc3ccccc3)cc2)cc1,Cc1ccc(-c2[nH]c3nc(N)[nH]c(=O)c3c2-c2ccc(NC(=O)Cc3ccccc3)cc2)cc1,5.9914055,-6.901592
170,mol116,-12.44,CN(c1ccc(Nc2cc(Nc3cccc(C(F)(F)F)c3)ncn2)cc1)c1ccc(C(N)=O)cc1,CN(c1ccc(Nc2cc(Nc3cccc(C(F)(F)F)c3)ncn2)cc1)c1ccc(C(N)=O)cc1,6.00734,-6.322636
710,mol299,-12.44,Cc1cc(C)cc(NC(=O)c2ccc(CCC(=O)Nc3cccc(C(=O)NCc4ccccc4Cl)c3)cc2)c1,Cc1cc(C)cc(NC(=O)c2ccc(CCC(=O)Nc3cccc(C(=O)NCc4ccccc4Cl)c3)cc2)c1,6.362826,-6.478624
340,mol312,-12.44,Cc1ccc(C(=O)Nc2ccc(CC(=O)O)c3ccccc23)cc1NC(=O)c1ccc(C(F)(F)F)cc1,Cc1ccc(C(=O)Nc2ccc(CC(=O)O)c3ccccc23)cc1NC(=O)c1ccc(C(F)(F)F)cc1,6.817013,-6.198178
640,mol459,-12.44,Cc1cnc(Nc2ccc(C(=O)Nc3cccc(C(=O)O)c3)c(C#N)c2)c(COc2ccc3c(=O)[nH]c(=S)[nH]c3c2)c1,Cc1cnc(Nc2ccc(C(=O)Nc3cccc(C(=O)O)c3)c(C#N)c2)c(COc2ccc3c(=O)[nH]c(=S)[nH]c3c2)c1,7.0488243,-7.066434
470,mol463,-12.44,Cc1ccc(/C=N/NC(=O)c2ccc(N)o2)cc1Nc1ccnc2cc(Nc3ccncc3)ccc12,Cc1ccc(/C=N/NC(=O)c2ccc(N)o2)cc1Nc1ccnc2cc(Nc3ccncc3)ccc12,6.3483343,-6.266578
760,mol119,-12.44,Cc1ccc(C(=O)c2cccc(Oc3ccnc4ccccc34)c2)cc1,Cc1ccc(C(=O)c2cccc(Oc3ccnc4ccccc34)c2)cc1,6.2971077,-6.803362
260,mol104,-12.44,Cc1nc(Nc2ncc(C(=O)Nc3ccc(Oc4ccccc4)cc3)s2)cc(N2CCc3ccccc3C2)n1,Cc1nc(Nc2ncc(C(=O)Nc3ccc(Oc4ccccc4)cc3)s2)cc(N2CCc3ccccc3C2)n1,6.226649,-7.0092115
10,mol337,-12.44,CCCCNC(=O)Nc1ccc(F)c(C(=O)c2c[nH]c3ncc(-c4ccc(C(F)(F)F)cc4)cc23)c1F,CCCCNC(=O)Nc1ccc(F)c(C(=O)c2c[nH]c3ncc(-c4ccc(C(F)(F)F)cc4)cc23)c1F,6.5495763,-6.5217147
890,mol397,-12.44,CCC(=O)Nc1ccc(Oc2nc(Nc3ccc(NC(=O)c4cccc(C(F)(F)F)c4)cc3)nc3[nH]ccc23)cc1,CCC(=O)Nc1ccc(Oc2nc(Nc3ccc(NC(=O)c4cccc(C(F)(F)F)c4)cc3)nc3[nH]ccc23)cc1,6.5514693,-6.9625096
280,mol345,-12.44,Cc1cc(F)ccc1Nc1nccc(Nc2cccc3ccccc23)n1,Cc1cc(F)ccc1Nc1nccc(Nc2cccc3ccccc23)n1,6.6171517,-6.353005
190,mol156,-12.44,Cc1ccc(C(=O)Nc2ccc(Oc3ccc(-c4ncc(C(=O)O)o4)cc3)cc2)cc1,Cc1ccc(C(=O)Nc2ccc(Oc3ccc(-c4ncc(C(=O)O)o4)cc3)cc2)cc1,6.5116644,-6.473902
370,mol131,-12.43,CO[C@@H](c1cccc(O)c1)c1cccc(Nc2ccc(Cl)c(C(=O)Nc3cccc(S(N)(=O)=O)c3)c2)c1,CO[C@@H](c1cccc(O)c1)c1cccc(Nc2ccc(Cl)c(C(=O)Nc3cccc(S(N)(=O)=O)c3)c2)c1,6.08532,-6.352769
530,mol339,-12.43,Cc1ccc(Nc2nccc(-c3c[nH]c4ccccc34)n2)cc1Nc1ncccc1C(=O)Nc1ccccc1,Cc1ccc(Nc2nccc(-c3c[nH]c4ccccc34)n2)cc1Nc1ncccc1C(=O)Nc1ccccc1,6.051865,-6.6054993
560,mol204,-12.43,CN(c1ccc(C(=O)N[C@H](C=O)Cc2ccccc2)cc1)c1cccc(-c2cccc(C(=O)O)c2)c1,CN(c1ccc(C(=O)N[C@H](C=O)Cc2ccccc2)cc1)c1cccc(-c2cccc(C(=O)O)c2)c1,6.324544,-5.7817774
400,mol116,-12.43,Cc1cc(C(=O)Nc2cccc(Oc3ccnc4[nH]ccc34)c2)ccc1/C=C/C(=O)O,Cc1cc(C(=O)Nc2cccc(Oc3ccnc4[nH]ccc34)c2)ccc1/C=C/C(=O)O,6.9014025,-6.115293
220,mol310,-12.43,O=c1nc(-c2ccccc2)oc2nc(Nc3ccc(N4CCOCC4)cc3)ncc12,O=c1nc(-c2ccccc2)oc2nc(Nc3ccc(N4CCOCC4)cc3)ncc12,6.211135,-5.247227
390,mol81,-12.43,Cc1ccc(NC(=O)c2ccc(CNC(=O)Cc3ccc(OCc4ccccc4)cc3)cc2)cc1N1CCc2ccccc2C1,Cc1ccc(NC(=O)c2ccc(CNC(=O)Cc3ccc(OCc4ccccc4)cc3)cc2)cc1N1CCc2ccccc2C1,5.768813,-6.7291374
360,mol72,-12.43,Cc1cc(Nc2ncc(Cc3ccc(S(N)(=O)=O)cc3)s2)ccc1C(=O)Nc1ccc(Oc2ccncc2)cc1,Cc1cc(Nc2ncc(Cc3ccc(S(N)(=O)=O)cc3)s2)ccc1C(=O)Nc1ccc(Oc2ccncc2)cc1,6.4952054,-6.3712897
720,mol294,-12.43,Cc1ccc(OCCn2cc(-c3ccc4cc(C(=O)O)ccc4c3)cn2)cc1,Cc1ccc(OCCn2cc(-c3ccc4cc(C(=O)O)ccc4c3)cn2)cc1,6.7206345,-5.6267114
800,mol359,-12.43,CCc1ccc(-c2ccc(NCc3ccc(-c4ccc(C(=O)O)cc4)cc3)s2)cc1,CCc1ccc(-c2ccc(NCc3ccc(-c4ccc(C(=O)O)cc4)cc3)s2)cc1,6.1531005,-6.7573624
620,mol290,-12.43,CCc1ccc(Cc2cc(Nc3ccnc4cc(Cl)ccc34)ccc2O)cc1,CCc1ccc(Cc2cc(Nc3ccnc4cc(Cl)ccc34)ccc2O)cc1,6.3322773,-6.2659354
340,mol189,-12.43,Cc1ccc(-c2ccc3c(c2)CC(=O)N3C/C=C/Cc2ccc(/C=C/C(=O)NO)cc2)cc1,Cc1ccc(-c2ccc3c(c2)CC(=O)N3C/C=C/Cc2ccc(/C=C/C(=O)NO)cc2)cc1,5.32671,-6.2987247
390,mol360,-12.43,Cc1ccc(C(=O)Nc2ccc(C[N@H+]3CC[N@H+](C)CC3)c(C(F)(F)F)c2)cc1C#Cc1cnc(Nc2ccc(N3CCOCC3)cc2)n1C,Cc1ccc(C(=O)Nc2ccc(C[N@H+]3CC[N@H+](C)CC3)c(C(F)(F)F)c2)cc1C#Cc1cnc(Nc2ccc(N3CCOCC3)cc2)n1C,7.1241903,-3.6760845
110,mol45,-12.43,CNC(=O)[C@@H](c1ccc([C@H]2CC[C@H](C(F)(F)F)N2)cc1)S(=O)(=O)c1ccc(-c2ccccc2F)cc1,CNC(=O)[C@@H](c1ccc([C@H]2CC[C@H](C(F)(F)F)N2)cc1)S(=O)(=O)c1ccc(-c2ccccc2F)cc1,6.8342805,-6.218712
460,mol201,-12.43,Cn1cc(-c2cccc(N3CCc4nc(Nc5ccc(C(F)(F)F)cc5)ncc4C3)c2)cn1,Cn1cc(-c2cccc(N3CCc4nc(Nc5ccc(C(F)(F)F)cc5)ncc4C3)c2)cn1,6.4529915,-5.9529314
600,mol215,-12.43,CC(=O)Nc1ccc(NC(=O)Nc2cccc(-c3nncn3Cc3ccc(C(=O)O)cc3)c2)cc1,CC(=O)Nc1ccc(NC(=O)Nc2cccc(-c3nncn3Cc3ccc(C(=O)O)cc3)c2)cc1,6.234153,-5.379126
460,mol68,-12.43,CCC(=O)Nc1ccc(Nc2nccc(-c3ccc4ccccc4n3)n2)cc1,CCC(=O)Nc1ccc(Nc2nccc(-c3ccc4ccccc4n3)n2)cc1,6.6423182,-5.1686363
600,mol19,-12.43,Cc1ccc(NC(=O)c2ccc(C(=O)NCc3ccccc3)cc2)cc1-c1nc2ccncc2[nH]1,Cc1ccc(NC(=O)c2ccc(C(=O)NCc3ccccc3)cc2)cc1-c1nc2ccncc2[nH]1,6.1442337,-6.465438
260,mol189,-12.43,Cc1c(CNc2cccc(C(=O)Nc3cccc(C(=O)O)c3)c2)ccc2nc(NC(=O)Cc3ccccc3)sc12,Cc1c(CNc2cccc(C(=O)Nc3cccc(C(=O)O)c3)c2)ccc2nc(NC(=O)Cc3ccccc3)sc12,6.4083424,-6.564243
380,mol269,-12.43,Cc1ncc(-c2nc(Nc3ccc(S(N)(=O)=O)cc3)ncc2F)cc1-c1ccc2[nH]c(CCc3ccccc3)nc2n1,Cc1ncc(-c2nc(Nc3ccc(S(N)(=O)=O)cc3)ncc2F)cc1-c1ccc2[nH]c(CCc3ccccc3)nc2n1,6.9735355,-6.428575
330,mol68,-12.43,Cc1ccc(NC(=O)c2cccc(C(=O)NCc3ccc4c(c3)OCO4)c2)cc1,Cc1ccc(NC(=O)c2cccc(C(=O)NCc3ccc4c(c3)OCO4)c2)cc1,5.9987817,-5.1914086
540,mol4,-12.43,CNc1ccc(Nc2cc3c(-c4cccc(NC(=O)c5cccc(S(=O)(=O)Nc6ccccc6)c5)c4)ccnc3[nH]2)cc1,CNc1ccc(Nc2cc3c(-c4cccc(NC(=O)c5cccc(S(=O)(=O)Nc6ccccc6)c5)c4)ccnc3[nH]2)cc1,6.34321,-6.231008
190,mol16,-12.43,CNC(=O)c1nc(Nc2cc(C)c(C#N)c(N)n2)ccc1Nc1ccc(C(=O)Nc2ccc(C(=O)O)c(N3CC(=O)NC3=O)c2)cc1,CNC(=O)c1nc(Nc2cc(C)c(C#N)c(N)n2)ccc1Nc1ccc(C(=O)Nc2ccc(C(=O)O)c(N3CC(=O)NC3=O)c2)cc1,7.321585,-5.0982246
530,mol434,-12.43,Cc1cc(NC(=O)c2ccc(C#N)cc2)cc(-c2ccc(Oc3ccccc3)cc2)c1N,Cc1cc(NC(=O)c2ccc(C#N)cc2)cc(-c2ccc(Oc3ccccc3)cc2)c1N,6.62889,-7.410054
600,mol483,-12.43,CC(=O)Nc1ccc2c(Nc3cccc(NC(=O)c4ccccc4)c3)n[nH]c2c1,CC(=O)Nc1ccc2c(Nc3cccc(NC(=O)c4ccccc4)c3)n[nH]c2c1,6.3820453,-5.6739326
310,mol374,-12.43,Cc1ccc(NC(=O)c2ccnc(N3CCN(C(=O)c4ccccc4)CC3)c2)cc1C,Cc1ccc(NC(=O)c2ccnc(N3CCN(C(=O)c4ccccc4)CC3)c2)cc1C,6.767315,-4.4361105
710,mol462,-12.43,Cc1cc(C)c(S(=O)(=O)Nc2cccc(Nc3ccnc4ccccc34)c2)c(C)c1,Cc1cc(C)c(S(=O)(=O)Nc2cccc(Nc3ccnc4ccccc34)c2)c(C)c1,6.603341,-6.350091
90,mol469,-12.43,Cc1ccc(S(=O)(=O)Nc2ccc(-c3ccc(C(=O)O)cc3)cc2C(=O)O)cc1,Cc1ccc(S(=O)(=O)Nc2ccc(-c3ccc(C(=O)O)cc3)cc2C(=O)O)cc1,6.484896,-4.746015
730,mol13,-12.43,CN(C)C(=O)c1ccc(Nc2nccc(-c3c[nH]c4ccccc34)n2)cc1,CN(C)C(=O)c1ccc(Nc2nccc(-c3c[nH]c4ccccc34)n2)cc1,6.5898075,-4.2621183
460,mol113,-12.43,Cc1cccc(CNC(=O)c2cnc3ccc(N4CCCN(C(=O)c5ccccc5)C4=O)cc3c2)c1,Cc1cccc(CNC(=O)c2cnc3ccc(N4CCCN(C(=O)c5ccccc5)C4=O)cc3c2)c1,6.2019477,-6.237898
390,mol281,-12.43,Nc1nc(OCc2cccc3ccccc23)cc(-c2cccc(Cl)c2Cl)n1,Nc1nc(OCc2cccc3ccccc23)cc(-c2cccc(Cl)c2Cl)n1,6.823172,-7.130835
500,mol40,-12.43,CN(C)c1cc(Nc2ccnc(-c3ccnc(Nc4ccc(Oc5ccccc5)cc4)n3)n2)ccc1O,CN(C)c1cc(Nc2ccnc(-c3ccnc(Nc4ccc(Oc5ccccc5)cc4)n3)n2)ccc1O,6.013492,-6.3793454
840,mol211,-12.43,Cc1ccc(NC(=O)Nc2cccc(-c3ccc4nncn4n3)c2)cn1,Cc1ccc(NC(=O)Nc2cccc(-c3ccc4nncn4n3)c2)cn1,6.085279,-4.472561
590,mol240,-12.43,Cc1ccc(C(=O)Nc2ccc(Cl)c(C(F)(F)F)c2)cc1NC(=O)c1c[nH]c2ncc(-c3cccc(F)c3)nc12,Cc1ccc(C(=O)Nc2ccc(Cl)c(C(F)(F)F)c2)cc1NC(=O)c1c[nH]c2ncc(-c3cccc(F)c3)nc12,6.8265567,-6.9888754
240,mol393,-12.43,Cc1ccc(Nc2cc(-c3cccc(C(=O)Nc4cccc(C(=O)O)c4)c3)nn2-c2ccc(F)cc2)cc1-c1ccccc1,Cc1ccc(Nc2cc(-c3cccc(C(=O)Nc4cccc(C(=O)O)c4)c3)nn2-c2ccc(F)cc2)cc1-c1ccccc1,6.3145533,-6.5469074
750,mol415,-12.43,Cc1ccc(C(=O)Nc2ccc(C[N@H+]3CC[N@@H+](C)CC3)c(C(F)(F)F)c2)cc1OCC(=O)Nc1cccc(C(=O)O)c1,Cc1ccc(C(=O)Nc2ccc(C[N@H+]3CC[N@@H+](C)CC3)c(C(F)(F)F)c2)cc1OCC(=O)Nc1cccc(C(=O)O)c1,7.0913663,-3.15266
610,mol470,-12.43,CC(C)c1ccccc1-c1ccc(Nc2nc3ccc(-c4ccccc4)cc3[nH]2)cc1,CC(C)c1ccccc1-c1ccc(Nc2nc3ccc(-c4ccccc4)cc3[nH]2)cc1,5.7500806,-7.1920514
830,mol73,-12.43,Cc1ccc(NS(=O)(=O)c2ccc(C(N)=O)cc2)cc1C(=O)Nc1cccc(S(=O)(=O)NC2CCCCC2)c1,Cc1ccc(NS(=O)(=O)c2ccc(C(N)=O)cc2)cc1C(=O)Nc1cccc(S(=O)(=O)NC2CCCCC2)c1,6.7515087,-5.1211286
970,mol489,-12.43,Cc1cccc(CNc2cc(Nc3cccc(-c4nc5ccccc5[nH]4)c3)ccn2)c1,Cc1cccc(CNc2cc(Nc3cccc(-c4nc5ccccc5[nH]4)c3)ccn2)c1,5.674006,-6.1479206
200,mol117,-12.43,c1ccc(-c2cc(-c3ccc(Nc4ccnc5ccccc45)cc3)c(-c3ccccc3)[nH]2)cc1,c1ccc(-c2cc(-c3ccc(Nc4ccnc5ccccc45)cc3)c(-c3ccccc3)[nH]2)cc1,5.6769075,-6.6479707
200,mol52,-12.43,Nc1cc(-c2ccc(C(=O)N[C@@H](Cc3ccccc3)C(=O)O)cc2)cc(-c2cccc(C(=O)O)c2)c1,Nc1cc(-c2ccc(C(=O)N[C@@H](Cc3ccccc3)C(=O)O)cc2)cc(-c2cccc(C(=O)O)c2)c1,6.4642363,-5.152465
810,mol287,-12.43,Cc1ccc(C(=O)Nc2ccc(CN3CCC(NC(=O)c4cccc(C(F)(F)F)c4)CC3)cc2)cc1,Cc1ccc(C(=O)Nc2ccc(CN3CCC(NC(=O)c4cccc(C(F)(F)F)c4)CC3)cc2)cc1,6.0831985,-5.8647437
940,mol398,-12.43,Cc1cccc(C[N@H+]2CC[C@@H](NC(=O)c3ccc4[nH]nc(-c5ccccc5)c4c3)C2)c1,Cc1cccc(C[N@H+]2CC[C@@H](NC(=O)c3ccc4[nH]nc(-c5ccccc5)c4c3)C2)c1,6.267094,-3.6780174
930,mol448,-12.43,COc1cccc(NC(=O)Nc2cc(C)ccc2C(=O)Nc2cccc(Nc3ncnc4ccccc34)c2)c1,COc1cccc(NC(=O)Nc2cc(C)ccc2C(=O)Nc2cccc(Nc3ncnc4ccccc34)c2)c1,6.022487,-7.135966
340,mol467,-12.43,O=C(c1ccccc1)c1cccc(Nc2nc(-c3ccccc3)nc3[nH]cnc23)c1,O=C(c1ccccc1)c1cccc(Nc2nc(-c3ccccc3)nc3[nH]cnc23)c1,6.131501,-6.396529
490,mol497,-12.43,Cc1ccc(NC(=O)c2cccc(Nc3ncnc4cc(N(C)C)ccc34)c2)cc1-n1cncn1,Cc1ccc(NC(=O)c2cccc(Nc3ncnc4cc(N(C)C)ccc34)c2)cc1-n1cncn1,6.6196856,-5.143455
270,mol267,-12.43,Cc1cccc(-c2nc(NCc3cccc(C(=O)Nc4cccc(C(F)(F)F)c4)c3)sc2-c2nc3ccccc3[nH]2)c1,Cc1cccc(-c2nc(NCc3cccc(C(=O)Nc4cccc(C(F)(F)F)c4)c3)sc2-c2nc3ccccc3[nH]2)c1,5.92601,-6.780544
30,mol221,-12.43,COc1cc(N2CCN(C(=O)Cc3ccccc3)CC2)ccc1Nc1nc(NC2CCCCC2)sc1C(=O)Nc1ccc(F)cc1,COc1cc(N2CCN(C(=O)Cc3ccccc3)CC2)ccc1Nc1nc(NC2CCCCC2)sc1C(=O)Nc1ccc(F)cc1,6.811081,-6.4935536
620,mol131,-12.42,Cc1ccc(C(=O)NC(=O)c2ccc(C(=O)O)cc2)cc1N(C)S(=O)(=O)c1cc2ccc(O)cc2cc1Cl,Cc1ccc(C(=O)NC(=O)c2ccc(C(=O)O)cc2)cc1N(C)S(=O)(=O)c1cc2ccc(O)cc2cc1Cl,6.8924685,-5.89964
360,mol402,-12.42,Cc1ccc(C(=O)Nc2cnn(C3CCCCC3)c2)cc1Nc1nccc(Nc2cccc(C3CC3)n2)n1,Cc1ccc(C(=O)Nc2cnn(C3CCCCC3)c2)cc1Nc1nccc(Nc2cccc(C3CC3)n2)n1,7.2632275,-6.163681
550,mol394,-12.42,CCNC(=O)c1cc(Oc2ccc(NC(=O)Nc3cccc4ccccc34)cc2)ccn1,CCNC(=O)c1cc(Oc2ccc(NC(=O)Nc3cccc4ccccc34)cc2)ccn1,6.256007,-6.710681
390,mol414,-12.42,Cc1cccc(-c2nn(CC(=O)Nc3cccc(C(=O)Nc4ccc(-c5nn[nH]n5)cc4)c3)cc2-c2ccc(C(=O)O)c(C(=O)O)c2)c1,Cc1cccc(-c2nn(CC(=O)Nc3cccc(C(=O)Nc4ccc(-c5nn[nH]n5)cc4)c3)cc2-c2ccc(C(=O)O)c(C(=O)O)c2)c1,6.4160786,-5.4776144
310,mol107,-12.42,Cc1ccccc1-n1cc(-c2cnc(N)c(Nc3ccc(C(=O)Nc4ccccc4)cc3)n2)cc1C(=O)Nc1cccc(C(F)(F)F)c1,Cc1ccccc1-n1cc(-c2cnc(N)c(Nc3ccc(C(=O)Nc4ccccc4)cc3)n2)cc1C(=O)Nc1cccc(C(F)(F)F)c1,6.367061,-6.6648808
200,mol15,-12.42,Cc1cccc(NC(=O)c2ccc[n+](Cc3cccc(C(=O)Nc4ccc(C[NH+]5CCCCC5)cc4)c3)c2)c1,Cc1cccc(NC(=O)c2ccc[n+](Cc3cccc(C(=O)Nc4ccc(C[NH+]5CCCCC5)cc4)c3)c2)c1,6.2349906,-5.067284
310,mol72,-12.42,Cc1cc(NS(=O)(=O)c2cccc(NC(=O)Nc3ccc4ccccc4c3)c2)no1,Cc1cc(NS(=O)(=O)c2cccc(NC(=O)Nc3ccc4ccccc4c3)c2)no1,6.2719316,-5.4275026
820,mol261,-12.42,Cc1ccc(O)c(CNc2ccc(C(=O)Nc3cccc(C(N)N)c3)cc2C(=O)O)c1,Cc1ccc(O)c(CNc2ccc(C(=O)Nc3cccc(C(N)N)c3)cc2C(=O)O)c1,6.2164035,-4.123115
310,mol177,-12.42,Cc1cncc(-c2cnc(Nc3ccc(NC(=O)Nc4ccc(C(=O)O)cc4)cc3)cc2C(=O)O)c1,Cc1cncc(-c2cnc(Nc3ccc(NC(=O)Nc4ccc(C(=O)O)cc4)cc3)cc2C(=O)O)c1,6.7428026,-5.426738
80,mol148,-12.42,Cc1cc(NC(=O)c2cc(NC(=O)c3ccc(F)cc3)ccc2Cl)cn1-c1ccc(C(N)=O)cc1,Cc1cc(NC(=O)c2cc(NC(=O)c3ccc(F)cc3)ccc2Cl)cn1-c1ccc(C(N)=O)cc1,5.911368,-6.647268
330,mol408,-12.42,Cc1cc(NC(=O)c2ccc(C(=O)Nc3ccc(C(=O)O)cc3C(=O)O)cc2)ccc1O,Cc1cc(NC(=O)c2ccc(C(=O)Nc3ccc(C(=O)O)cc3C(=O)O)cc2)ccc1O,6.6835384,-5.550916
180,mol34,-12.42,Fc1cnc(NCc2ccccc2)nc1Nc1cccc(-c2ccnc(Nc3ccc(N4CCOCC4)cc3)n2)c1,Fc1cnc(NCc2ccccc2)nc1Nc1cccc(-c2ccnc(Nc3ccc(N4CCOCC4)cc3)n2)c1,6.065748,-6.3971496
940,mol436,-12.42,Cc1ccc(-c2cccc(C(=O)c3ccc([N+](=O)[O-])cc3)c2CO)cc1,Cc1ccc(-c2cccc(C(=O)c3ccc([N+](=O)[O-])cc3)c2CO)cc1,6.487411,-5.3357353
920,mol108,-12.42,CNC(=O)c1ccc(-c2ccc(Cn3cc(OCc4ccccc4Cl)cn3)cc2)cc1,CNC(=O)c1ccc(-c2ccc(Cn3cc(OCc4ccccc4Cl)cn3)cc2)cc1,6.284467,-6.650294
590,mol207,-12.42,CC/C=C(/c1ccc(OCc2ccc(C(=O)O)cc2)cc1)c1ccc(C(=O)O)c(Oc2ccc(Cl)c(C(=O)O)c2)c1,CC/C=C(/c1ccc(OCc2ccc(C(=O)O)cc2)cc1)c1ccc(C(=O)O)c(Oc2ccc(Cl)c(C(=O)O)c2)c1,6.641109,-6.769892
750,mol280,-12.42,CNC(=O)c1ccc(Oc2ccccc2OCc2ccc(-c3ccccc3)cc2)cc1,CNC(=O)c1ccc(Oc2ccccc2OCc2ccc(-c3ccccc3)cc2)cc1,6.2561345,-7.4102974
910,mol19,-12.42,Cc1ccc(NC(=O)c2ccc(C(=O)NCc3c[nH]c4ccccc34)cc2)cc1NC(=O)Cc1ccc(Cl)cc1,Cc1ccc(NC(=O)c2ccc(C(=O)NCc3c[nH]c4ccccc34)cc2)cc1NC(=O)Cc1ccc(Cl)cc1,6.3719387,-6.922518
180,mol140,-12.42,Cc1nc(Nc2ncc(C(=O)Nc3ccc(Nc4ccnc(NC[C@H]5CCCNC5)n4)cc3)s2)cc(N2CCC(Cc3ccccc3)CC2)n1,Cc1nc(Nc2ncc(C(=O)Nc3ccc(Nc4ccnc(NC[C@H]5CCCNC5)n4)cc3)s2)cc(N2CCC(Cc3ccccc3)CC2)n1,7.3704753,-5.771317
860,mol11,-12.42,Cn1nc(-c2ccc3cc(Oc4ccccc4)ccc3c2)cc1NC(=O)Nc1ccccc1,Cn1nc(-c2ccc3cc(Oc4ccccc4)ccc3c2)cc1NC(=O)Nc1ccccc1,5.7863445,-7.185274
290,mol88,-12.42,Cc1cc(-c2cccc(C#N)c2)ccc1C(=O)Nc1ccc(NC(=O)c2ccc(S(N)(=O)=O)cc2)cc1,Cc1cc(-c2cccc(C#N)c2)ccc1C(=O)Nc1ccc(NC(=O)c2ccc(S(N)(=O)=O)cc2)cc1,6.673106,-6.6267304
110,mol431,-12.42,COc1cc(O[C@H]2CC[N@H+](C)CC2)cc(N2Cc3cc(-c4nc(Nc5ccccc5C(F)(F)F)cc(C(N)=O)n4)ccc3NC2=O)c1F,COc1cc(O[C@H]2CC[N@H+](C)CC2)cc(N2Cc3cc(-c4nc(Nc5ccccc5C(F)(F)F)cc(C(N)=O)n4)ccc3NC2=O)c1F,7.085905,-5.892493
480,mol404,-12.42,Cc1ccc(-c2nc(C(=O)Nc3cccc(CC(=O)N4CCCc5ccccc54)c3)cc(C(F)(F)F)n2)cc1,Cc1ccc(-c2nc(C(=O)Nc3cccc(CC(=O)N4CCCc5ccccc54)c3)cc(C(F)(F)F)n2)cc1,6.228453,-6.767454
530,mol381,-12.42,Cc1cc(OCCCc2cccc(Nc3ccccc3)c2)ccc1NC(=O)c1cccc(C(=O)O)c1,Cc1cc(OCCCc2cccc(Nc3ccccc3)c2)ccc1NC(=O)c1cccc(C(=O)O)c1,6.287879,-6.617538
840,mol458,-12.42,CC(=O)Nc1cccc(-c2ccc(S(=O)(=O)Nc3ccc(Oc4ccncc4)cc3)cc2)c1,CC(=O)Nc1cccc(-c2ccc(S(=O)(=O)Nc3ccc(Oc4ccncc4)cc3)cc2)c1,6.238204,-6.5145564
420,mol367,-12.42,Nc1nccc(-c2ccc(C(=O)Nc3ccc4c(c3)CN(Cc3ccc(C(=O)O)s3)C4)cc2)n1,Nc1nccc(-c2ccc(C(=O)Nc3ccc4c(c3)CN(Cc3ccc(C(=O)O)s3)C4)cc2)n1,6.621658,-4.8132124
440,mol383,-12.42,Cc1ccc(CNC(=O)c2ccc(C#N)cc2)cc1Nc1ncnc2ccc(Nc3ccc(NC(=O)C4CCCCC4)cc3)cc12,Cc1ccc(CNC(=O)c2ccc(C#N)cc2)cc1Nc1ncnc2ccc(Nc3ccc(NC(=O)C4CCCCC4)cc3)cc12,6.7008405,-6.7690353
1000,mol32,-12.42,COc1cccc(-c2ccc(Oc3ccccc3C(=O)Nc3ccc(Oc4ccncc4)cc3)cc2)c1,COc1cccc(-c2ccc(Oc3ccccc3C(=O)Nc3ccc(Oc4ccncc4)cc3)cc2)c1,5.4882417,-7.638447
970,mol313,-12.42,Cc1ccccc1-c1cccc(Cn2nc(C(=O)O)cc2-c2cccc(NC(=O)c3ccc4ccccc4n3)c2)c1,Cc1ccccc1-c1cccc(Cn2nc(C(=O)O)cc2-c2cccc(NC(=O)c3ccc4ccccc4n3)c2)c1,6.183687,-6.2899904
850,mol168,-12.42,Cc1ccc(CO)cc1NC(=O)c1ccc(CNC(=O)c2ccc(C(=O)NCc3ccccc3)cc2)cc1,Cc1ccc(CO)cc1NC(=O)c1ccc(CNC(=O)c2ccc(C(=O)NCc3ccccc3)cc2)cc1,6.41518,-5.4382706
320,mol330,-12.42,Cc1ccc(Nc2cnc(NC(=O)c3cccc(C(=O)Nc4cccc(C(=O)O)c4)c3)s2)cc1,Cc1ccc(Nc2cnc(NC(=O)c3cccc(C(=O)Nc4cccc(C(=O)O)c4)c3)s2)cc1,6.1779466,-6.208932
110,mol323,-12.42,Cc1cc(CC(=O)N2CCc3[nH]c(-c4ccccc4Cl)cc3N2)ccc1F,Cc1cc(CC(=O)N2CCc3[nH]c(-c4ccccc4Cl)cc3N2)ccc1F,6.4985623,-5.2420764
490,mol373,-12.42,CN(C)c1ccc(-c2cccc(Nc3ccnc4cc(Cl)ccc34)c2)cc1,CN(C)c1ccc(-c2cccc(Nc3ccnc4cc(Cl)ccc34)c2)cc1,6.4154015,-6.165899
270,mol222,-12.42,Cc1cc(NCc2cccc(-c3ccccc3)c2)ccc1NC(=O)c1ccc(C(F)(F)F)cc1,Cc1cc(NCc2cccc(-c3ccccc3)c2)ccc1NC(=O)c1ccc(C(F)(F)F)cc1,5.575459,-6.865002
900,mol322,-12.42,CC(C)c1ccc(C(=O)Nc2ccc(Nc3ccnc4ccc(C(N)N)cc34)cc2)cc1,CC(C)c1ccc(C(=O)Nc2ccc(Nc3ccnc4ccc(C(N)N)cc34)cc2)cc1,6.380841,-5.9811077
290,mol143,-12.42,Cc1cc(Oc2cccc(NC(=O)Cc3ccccc3)c2)cc(N2CCCC2=O)c1,Cc1cc(Oc2cccc(NC(=O)Cc3ccccc3)c2)cc(N2CCCC2=O)c1,6.1698117,-6.132132
860,mol303,-12.42,Cc1ccc(Nc2nccc(-c3c[nH]c4ccccc34)n2)cc1NC(=O)c1ccc(C#N)cc1,Cc1ccc(Nc2nccc(-c3c[nH]c4ccccc34)n2)cc1NC(=O)c1ccc(C#N)cc1,6.581773,-6.662396
500,mol476,-12.42,Cc1ccc(Nc2cnc(Nc3ccc(N)cc3)nc2N)cc1Nc1ncnc2ccccc12,Cc1ccc(Nc2cnc(Nc3ccc(N)cc3)nc2N)cc1Nc1ncnc2ccccc12,6.680546,-5.93768
390,mol62,-12.42,Cc1nc(Nc2ncc(-c3ccc(C(=O)Nc4cccc(C(=O)O)c4)cc3)s2)cc(N2CCOCC2)n1,Cc1nc(Nc2ncc(-c3ccc(C(=O)Nc4cccc(C(=O)O)c4)cc3)s2)cc(N2CCOCC2)n1,7.1543365,-4.9484434
370,mol451,-12.41,Cc1ccc(C(=O)Nc2ccc(Oc3ccc4nc(NC(=O)C5CCCCC5)sc4n3)cc2)cc1,Cc1ccc(C(=O)Nc2ccc(Oc3ccc4nc(NC(=O)C5CCCCC5)sc4n3)cc2)cc1,6.8732176,-7.471134
100,mol335,-12.41,Cc1cc(Nc2nc(N)c(C(=O)NCc3ccc(Cl)c(Cl)c3)s2)ccc1N1C(=O)c2ccccc2C1=O,Cc1cc(Nc2nc(N)c(C(=O)NCc3ccc(Cl)c(Cl)c3)s2)ccc1N1C(=O)c2ccccc2C1=O,6.3609014,-6.751883
280,mol134,-12.41,Cc1cc(Nc2cccc(C(=O)Nc3ccccc3)c2)ccc1Nc1ccc(/C=C\C(=O)O)cn1,Cc1cc(Nc2cccc(C(=O)Nc3ccccc3)c2)ccc1Nc1ccc(/C=C\C(=O)O)cn1,6.3235445,-6.022518
360,mol109,-12.41,Cc1cccc(C(=O)Nc2ccc(C(=O)Nc3ccc(-c4cc(C(=O)O)cs4)cc3)cc2)c1,Cc1cccc(C(=O)Nc2ccc(C(=O)Nc3ccc(-c4cc(C(=O)O)cs4)cc3)cc2)c1,6.280789,-5.781269
540,mol494,-12.41,CC(=O)Nc1cccc(CNC(=O)c2cccc(NC(=O)Nc3cccc(C(F)(F)F)c3)c2)c1,CC(=O)Nc1cccc(CNC(=O)c2cccc(NC(=O)Nc3cccc(C(F)(F)F)c3)c2)c1,6.426526,-6.4408555
640,mol229,-12.41,Cc1cccc(COc2ccc(NC(=O)c3cc4cc(C(F)(F)F)ccc4[nH]3)cc2)c1,Cc1cccc(COc2ccc(NC(=O)c3cc4cc(C(F)(F)F)ccc4[nH]3)cc2)c1,6.444738,-6.9668856
420,mol328,-12.41,CC(=O)Nc1ccc(-c2cnc(N)c(Nc3ccc4ccccc4c3)n2)cc1,CC(=O)Nc1ccc(-c2cnc(N)c(Nc3ccc4ccccc4c3)n2)cc1,6.6196465,-5.227525
930,mol453,-12.41,Cc1cccc(-c2nc(CNC(=O)c3ccc4c(c3)CC[C@@H](C)N4C(=O)Cc3ccc(C(N)N)cc3)cs2)c1,Cc1cccc(-c2nc(CNC(=O)c3ccc4c(c3)CC[C@@H](C)N4C(=O)Cc3ccc(C(N)N)cc3)cs2)c1,6.7784157,-5.354741
970,mol142,-12.41,COc1ccc(-c2ccc(O)c(O)c2)cc1NS(=O)(=O)c1ccc(-c2ccc(C(=O)O)cc2)cc1,COc1ccc(-c2ccc(O)c(O)c2)cc1NS(=O)(=O)c1ccc(-c2ccc(C(=O)O)cc2)cc1,6.5278354,-6.2974005
640,mol282,-12.41,CC(=O)Nc1cccc(C(=O)Nc2cccc(Nc3nccc(-c4ccccn4)n3)c2)c1,CC(=O)Nc1cccc(C(=O)Nc2cccc(Nc3nccc(-c4ccccn4)n3)c2)c1,6.241251,-5.7332964
250,mol64,-12.41,Cc1ccc(-c2cccc(C(=O)NCc3ccc4c(c3)OCO4)c2)cc1,Cc1ccc(-c2cccc(C(=O)NCc3ccc4c(c3)OCO4)c2)cc1,6.074287,-5.427854
230,mol117,-12.41,c1ccc2c(CCOc3ccc(-c4ccc5n[nH]cc5c4)cc3)c[nH]c2c1,c1ccc2c(CCOc3ccc(-c4ccc5n[nH]cc5c4)cc3)c[nH]c2c1,5.865942,-6.9751782
160,mol126,-12.41,Cc1cccc(Nc2cc(C(=O)NCC[C@H](O)[C@@H](Cc3ccccc3)NC(N)=O)nn2-c2cccc(NC(=O)c3cccc(C(N)=O)c3)c2)c1,Cc1cccc(Nc2cc(C(=O)NCC[C@H](O)[C@@H](Cc3ccccc3)NC(N)=O)nn2-c2cccc(NC(=O)c3cccc(C(N)=O)c3)c2)c1,7.037731,-4.920238
200,mol332,-12.41,Cc1ccc(C(=O)Nc2ccc(C(=O)N[C@H]3Cc4ccccc4C=C3c3ncc(C(=O)O)o3)cc2)cc1,Cc1ccc(C(=O)Nc2ccc(C(=O)N[C@H]3Cc4ccccc4C=C3c3ncc(C(=O)O)o3)cc2)cc1,6.3858266,-6.1896105
250,mol340,-12.41,CC(=O)Nc1ccc(Oc2ccc(NC(=O)Cc3ccc(Nc4ncc(F)cn4)cc3)cc2C(=O)O)cc1,CC(=O)Nc1ccc(Oc2ccc(NC(=O)Cc3ccc(Nc4ncc(F)cn4)cc3)cc2C(=O)O)cc1,6.4087224,-6.8895726
160,mol372,-12.41,Cc1cc(Nc2cc(Nc3cnn(Cc4cccc(C(F)(F)F)c4)c3)n(C(N)N)n2)ccn1,Cc1cc(Nc2cc(Nc3cnn(Cc4cccc(C(F)(F)F)c4)c3)n(C(N)N)n2)ccn1,6.4438148,-4.9120045
180,mol158,-12.41,Cc1ccc(Oc2ccc(NC(=O)c3cccc4ncccc34)cc2)cc1,Cc1ccc(Oc2ccc(NC(=O)c3cccc4ncccc34)cc2)cc1,6.155817,-6.2702107
790,mol352,-12.41,Cc1ccc(C(=O)Nc2cccc(C(F)(F)F)c2)cc1C(=O)Nc1ccc(N2CCOCC2)cc1,Cc1ccc(C(=O)Nc2cccc(C(F)(F)F)c2)cc1C(=O)Nc1ccc(N2CCOCC2)cc1,6.4834805,-6.19593
310,mol454,-12.41,Cc1ccc(C(=O)Nc2ccc(Oc3ccc(C(=O)N[C@@H](Cc4ccccc4)C(=O)O)cc3)cc2)cc1,Cc1ccc(C(=O)Nc2ccc(Oc3ccc(C(=O)N[C@@H](Cc4ccccc4)C(=O)O)cc3)cc2)cc1,6.252919,-6.455599
320,mol255,-12.41,Cc1cc(Oc2ccc(C(=O)Nc3ccc(Oc4scnc4C(F)(F)F)cc3)cc2C(F)(F)F)cc(C(F)(F)F)c1,Cc1cc(Oc2ccc(C(=O)Nc3ccc(Oc4scnc4C(F)(F)F)cc3)cc2C(F)(F)F)cc(C(F)(F)F)c1,6.677486,-7.532963
970,mol460,-12.41,COc1cccc(-c2cccc(CCc3nc(Nc4ccccc4C)[nH]c(=O)c3F)c2)c1,COc1cccc(-c2cccc(CCc3nc(Nc4ccccc4C)[nH]c(=O)c3F)c2)c1,6.2681704,-7.0772066
900,mol296,-12.41,CN(c1ccc([C@@H](O)c2cccnc2)cc1)S(=O)(=O)c1cccc(-c2nnc(-c3ccc(Cl)cc3)o2)c1,CN(c1ccc([C@@H](O)c2cccnc2)cc1)S(=O)(=O)c1cccc(-c2nnc(-c3ccc(Cl)cc3)o2)c1,6.4037337,-5.484743
170,mol197,-12.41,Cc1cc(C#N)ccc1-c1ccc(C(=O)Nc2ccc(C(=O)O)cc2)cc1,Cc1cc(C#N)ccc1-c1ccc(C(=O)Nc2ccc(C(=O)O)cc2)cc1,6.7542915,-5.145798
990,mol168,-12.41,COc1cccc(-c2nc3ccccc3c(-c3ccccc3)c2C[NH2+]CC(=O)Nc2cccc(-c3cccc(C(=O)O)c3)c2)c1,COc1cccc(-c2nc3ccccc3c(-c3ccccc3)c2C[NH2+]CC(=O)Nc2cccc(-c3cccc(C(=O)O)c3)c2)c1,6.136272,-5.873393
520,mol255,-12.41,Cc1cc(Nc2ccc(C(F)(F)F)cc2)cc(C(=O)Nc2ccc(Oc3ccnc4[nH]ccc34)c(C#N)c2)c1,Cc1cc(Nc2ccc(C(F)(F)F)cc2)cc(C(=O)Nc2ccc(Oc3ccnc4[nH]ccc34)c(C#N)c2)c1,6.4571495,-7.2498307
260,mol408,-12.41,Cc1ccc(C(=O)N[C@@H]2Cc3cc(NC(=O)Nc4cccc(C(F)(F)F)c4)ccc3NC2=O)cc1,Cc1ccc(C(=O)N[C@@H]2Cc3cc(NC(=O)Nc4cccc(C(F)(F)F)c4)ccc3NC2=O)cc1,6.3820906,-6.3818727
270,mol429,-12.41,Cc1ccc(-c2cc3c([nH]2)CCN(C2Cc4ccccc4C2)C3=O)cc1,Cc1ccc(-c2cc3c([nH]2)CCN(C2Cc4ccccc4C2)C3=O)cc1,5.8255224,-4.602907
520,mol425,-12.41,Cc1cnc(Nc2ccc(NC(=O)Nc3ccc(Oc4ccnc(N)n4)cc3)cc2C(F)(F)F)cn1,Cc1cnc(Nc2ccc(NC(=O)Nc3ccc(Oc4ccnc(N)n4)cc3)cc2C(F)(F)F)cn1,6.306985,-6.8921213
170,mol7,-12.41,Cc1ccc(C(=O)Nc2cccc(C(F)(F)F)c2)cc1C#Cc1cnc2ccc(NC[C@H]3CC[C@H](C(=O)O)CC3)nc2c1,Cc1ccc(C(=O)Nc2cccc(C(F)(F)F)c2)cc1C#Cc1cnc2ccc(NC[C@H]3CC[C@H](C(=O)O)CC3)nc2c1,7.1247845,-6.5516205
260,mol177,-12.41,CCc1ccccc1NC(=O)c1ccc(Nc2nc(NC3CCCCC3)nc3c2oc2ccccc23)cc1,CCc1ccccc1NC(=O)c1ccc(Nc2nc(NC3CCCCC3)nc3c2oc2ccccc23)cc1,6.7189817,-6.4977546
920,mol149,-12.41,Cc1ccc(C(=O)Nc2ccc(-c3ccc4cc(C(=O)NCCO)ccc4n3)cc2)cc1,Cc1ccc(C(=O)Nc2ccc(-c3ccc4cc(C(=O)NCCO)ccc4n3)cc2)cc1,6.101849,-5.262307
440,mol387,-12.41,Nc1nc(Nc2cccc(Cl)c2)sc1C(=O)c1ccc(-c2ccccc2)cc1,Nc1nc(Nc2cccc(Cl)c2)sc1C(=O)c1ccc(-c2ccccc2)cc1,6.1392207,-6.7573476
390,mol96,-12.41,Cc1ccc(-c2ccc(Nc3cc(=O)c4ccc(C(=O)O)cc4o3)cc2)cc1,Cc1ccc(-c2ccc(Nc3cc(=O)c4ccc(C(=O)O)cc4o3)cc2)cc1,6.1080055,-6.157352
290,mol137,-12.41,COc1ccc([C@@H](NC(=O)c2ccc(C(=O)Nc3cccc4ccccc34)cc2)c2cccc([C@@H](N)NC(C)=O)c2)cc1,COc1ccc([C@@H](NC(=O)c2ccc(C(=O)Nc3cccc4ccccc34)cc2)c2cccc([C@@H](N)NC(C)=O)c2)cc1,6.0855756,-6.2435627
840,mol339,-12.41,Cc1cccc(-c2cccc(-c3ncc(C(=O)Nc4ccccc4C)[nH]3)c2)c1,Cc1cccc(-c2cccc(-c3ncc(C(=O)Nc4ccccc4C)[nH]3)c2)c1,6.564565,-7.178489
340,mol33,-12.41,Cc1ccc(-c2ncc(C(=O)Nc3ccc4nc(Nc5ccc(C(=O)O)cc5)sc4c3)cn2)cc1,Cc1ccc(-c2ncc(C(=O)Nc3ccc4nc(Nc5ccc(C(=O)O)cc5)sc4c3)cn2)cc1,6.3207965,-6.314202
390,mol228,-12.41,CC(=O)Nc1ccc(Oc2ccc(NC(=O)c3cc4ccc(OCc5ccccc5)cc4o3)cc2)cc1,CC(=O)Nc1ccc(Oc2ccc(NC(=O)c3cc4ccc(OCc5ccccc5)cc4o3)cc2)cc1,5.8809586,-7.077291
350,mol198,-12.41,Cc1c(NC(=O)Nc2cccc(C(F)(F)F)c2)cccc1-c1nc(NCc2ccccc2)c2ncn(C(C)C)c2n1,Cc1c(NC(=O)Nc2cccc(C(F)(F)F)c2)cccc1-c1nc(NCc2ccccc2)c2ncn(C(C)C)c2n1,6.597968,-6.573002
180,mol407,-12.41,O=C(c1ccccc1)N1CCC(c2ccc(-n3nc(-c4ccccc4)cc3Nc3ccc(F)cc3)cc2)CC1,O=C(c1ccccc1)N1CCC(c2ccc(-n3nc(-c4ccccc4)cc3Nc3ccc(F)cc3)cc2)CC1,5.9336863,-6.552146
220,mol407,-12.41,Cc1ccc(C(=O)Nc2ccc(C(=O)Nc3ccc(-c4ccc(C(=O)O)o4)cc3)cc2N)cc1,Cc1ccc(C(=O)Nc2ccc(C(=O)Nc3ccc(-c4ccc(C(=O)O)o4)cc3)cc2N)cc1,6.3335366,-6.03274
350,mol299,-12.41,Cc1cc(Nc2cc(NC(=O)Nc3ccc(N4CCOCC4)cc3)ccn2)ccc1O,Cc1cc(Nc2cc(NC(=O)Nc3ccc(N4CCOCC4)cc3)ccn2)ccc1O,6.5761023,-4.595165
680,mol324,-12.41,Cc1ccc(C(=O)Nc2cccc(C(F)(F)F)c2)cc1NC(=O)c1ccc(-c2cn[nH]c2)cc1,Cc1ccc(C(=O)Nc2cccc(C(F)(F)F)c2)cc1NC(=O)c1ccc(-c2cn[nH]c2)cc1,6.245076,-6.9777617
170,mol477,-12.41,Cc1nc2ccccc2n1Cc1ccc(-c2ccc(C(=O)NCc3cccc(C(N)=O)c3)cc2C(=O)O)cc1,Cc1nc2ccccc2n1Cc1ccc(-c2ccc(C(=O)NCc3cccc(C(N)=O)c3)cc2C(=O)O)cc1,6.0371623,-5.2458596
690,mol52,-12.41,Cc1cccc(Nc2nc(-c3cccc(S(=O)(=O)Nc4ncccn4)c3)c3ccccc3n2)c1C,Cc1cccc(Nc2nc(-c3cccc(S(=O)(=O)Nc4ncccn4)c3)c3ccccc3n2)c1C,6.7554035,-6.3466144
980,mol161,-12.41,CC(=O)Nc1cccc(-c2cccc(C(=O)Nc3ccc(Oc4ccncc4)cc3)c2)c1,CC(=O)Nc1cccc(-c2cccc(C(=O)Nc3ccc(Oc4ccncc4)cc3)c2)c1,5.987506,-6.548004
70,mol78,-12.41,CNC(=O)[C@@H](CC[C@H](O)C(=O)NC)Cc1ccc(OCc2cccc(C(=O)Nc3cccc4ccccc34)c2)cc1,CNC(=O)[C@@H](CC[C@H](O)C(=O)NC)Cc1ccc(OCc2cccc(C(=O)Nc3cccc4ccccc34)c2)cc1,6.566563,-5.7072315
500,mol245,-12.41,Nc1nc(Nc2ccc(C(=O)O)cc2)nc(Nc2ccc(C(=O)Nc3ccccc3)cc2)n1,Nc1nc(Nc2ccc(C(=O)O)cc2)nc(Nc2ccc(C(=O)Nc3ccccc3)cc2)n1,6.348693,-5.7692537
600,mol293,-12.41,Cn1cc(-c2cccnc2)c2cc(-c3ccc4oc(=O)ccc4c3)ccc21,Cn1cc(-c2cccnc2)c2cc(-c3ccc4oc(=O)ccc4c3)ccc21,6.1187077,-6.2857895
430,mol108,-12.41,Cc1ccc(C(=O)NC(=O)c2ccccc2O)cc1NC(=O)c1ccc(C(=O)O)cc1,Cc1ccc(C(=O)NC(=O)c2ccccc2O)cc1NC(=O)c1ccc(C(=O)O)cc1,6.5720205,-5.601018
430,mol318,-12.41,Cc1cc(S(=O)(=O)Nc2ccc(Oc3nccc4cc(C(=O)O)ccc34)cc2)ccc1NC(=O)c1ccc(C(C)(C)C)cc1,Cc1cc(S(=O)(=O)Nc2ccc(Oc3nccc4cc(C(=O)O)ccc34)cc2)ccc1NC(=O)c1ccc(C(C)(C)C)cc1,6.925951,-6.261976
520,mol129,-12.41,Cc1ccc(Nc2nccc(-c3cccnc3)n2)cc1Nc1ncnc2ccc(NC(=O)C3CCCCC3)cc12,Cc1ccc(Nc2nccc(-c3cccnc3)n2)cc1Nc1ncnc2ccc(NC(=O)C3CCCCC3)cc12,7.110611,-6.133694
30,mol400,-12.41,O=C(NS(=O)(=O)c1cccs1)c1ccc(-c2ccc3n[nH]c(-c4ccccc4)c3c2)cc1,O=C(NS(=O)(=O)c1cccs1)c1ccc(-c2ccc3n[nH]c(-c4ccccc4)c3c2)cc1,6.0384636,-6.7777224
440,mol54,-12.41,Cc1cccc(-c2nnc(-c3cccc4ccccc34)o2)c1,Cc1cccc(-c2nnc(-c3cccc4ccccc34)o2)c1,6.3884616,-6.0158153
860,mol152,-12.41,Cc1cccc(Oc2ccc(-c3ccc(NC(=O)Nc4cccc(S(=O)(=O)NCc5ccccc5)c4)cc3)cc2)c1,Cc1cccc(Oc2ccc(-c3ccc(NC(=O)Nc4cccc(S(=O)(=O)NCc5ccccc5)c4)cc3)cc2)c1,5.9089265,-7.171348
580,mol441,-12.41,Cc1cccc(Oc2ccc(Nc3ccnc(-c4ccccc4)n3)cc2)c1,Cc1cccc(Oc2ccc(Nc3ccnc(-c4ccccc4)n3)cc2)c1,5.928557,-6.497088
600,mol158,-12.41,Cc1ccccc1-c1ccc(C(=O)Nc2ncc(Cc3ccccc3)s2)cc1,Cc1ccccc1-c1ccc(C(=O)Nc2ncc(Cc3ccccc3)s2)cc1,6.248654,-6.757951
820,mol107,-12.41,Cc1ccc(-c2nc(N)nc(Nc3ccc(Oc4ccccc4)cc3)n2)cc1,Cc1ccc(-c2nc(N)nc(Nc3ccc(Oc4ccccc4)cc3)n2)cc1,5.948846,-6.531947
250,mol106,-12.41,Cc1ccc(NC(=O)c2cccc(Nc3nccc(-c4ccccc4)n3)c2)cc1,Cc1ccc(NC(=O)c2cccc(Nc3nccc(-c4ccccc4)n3)c2)cc1,5.9218235,-6.1762557
990,mol159,-12.41,COC(=O)c1ccc(-c2cccc(CNC(=O)c3ccc4nc(NC(=O)C5CC5)ccc4n3)c2)cc1,COC(=O)c1ccc(-c2cccc(CNC(=O)c3ccc4nc(NC(=O)C5CC5)ccc4n3)c2)cc1,6.370047,-6.117847
330,mol113,-12.41,Cc1ccc(NC(=O)c2ccc(NC(=O)c3cccc(C)c3C)cc2)cc1,Cc1ccc(NC(=O)c2ccc(NC(=O)c3cccc(C)c3C)cc2)cc1,6.7613344,-6.157146
620,mol338,-12.41,CC(=O)Nc1cccc(Oc2ccnc(Nc3ccc(S(=O)(=O)NC(=O)Nc4ccccc4)cc3)n2)c1,CC(=O)Nc1cccc(Oc2ccnc(Nc3ccc(S(=O)(=O)NC(=O)Nc4ccccc4)cc3)n2)c1,6.3225455,-6.195662
350,mol146,-12.4,Cc1ccc(Oc2ccc(NC(=O)c3ccc4ccccc4c3)cc2C(=O)O)cc1,Cc1ccc(Oc2ccc(NC(=O)c3ccc4ccccc4c3)cc2C(=O)O)cc1,6.3873553,-6.201234
430,mol33,-12.4,NC(N)c1cccc(Oc2cccc(Nc3ncc(-c4cccc(C(=O)O)c4)s3)c2)c1,NC(N)c1cccc(Oc2cccc(Nc3ncc(-c4cccc(C(=O)O)c4)s3)c2)c1,6.4879484,-5.8298793
580,mol131,-12.4,CN(Cc1cnc2nc(N)nc(N)c2n1)c1ccc(C(=O)N[C@@H](Cc2ccc(O)cc2)C(=O)Nc2cccc(S(N)(=O)=O)c2)cc1,CN(Cc1cnc2nc(N)nc(N)c2n1)c1ccc(C(=O)N[C@@H](Cc2ccc(O)cc2)C(=O)Nc2cccc(S(N)(=O)=O)c2)cc1,6.969265,-3.4817102
300,mol460,-12.4,Cc1ccc(NC(=O)c2cccc(C(=O)NCc3cccc(C(=O)Nc4ccccc4)c3)c2)cc1,Cc1ccc(NC(=O)c2cccc(C(=O)NCc3cccc(C(=O)Nc4ccccc4)c3)c2)cc1,5.7671375,-6.290038
640,mol170,-12.4,Cc1cccc(C(=O)Nc2ccc(Nc3ccnc4ccccc34)c(C(=O)O)c2)c1,Cc1cccc(C(=O)Nc2ccc(Nc3ccnc4ccccc34)c(C(=O)O)c2)c1,6.4419184,-5.6408787
630,mol457,-12.4,Cc1cc(C(=O)Nc2cccc(Oc3cccc(NC(=O)c4cccc(C(=O)O)c4)c3)c2)ccn1,Cc1cc(C(=O)Nc2cccc(Oc3cccc(NC(=O)c4cccc(C(=O)O)c4)c3)c2)ccn1,6.3813305,-6.0776606
910,mol41,-12.4,Cc1cccc(-c2cc(C(=O)NCc3ccc4c(c3)OCO4)cnc2N)c1,Cc1cccc(-c2cc(C(=O)NCc3ccc4c(c3)OCO4)cnc2N)c1,6.5558763,-4.582598
910,mol484,-12.4,COc1ncc(-c2cc(-c3cc(C(=O)Nc4ccc(OC(F)(F)F)cc4)ccn3)ncn2)cc1C(=O)Nc1ccc(C#N)cn1,COc1ncc(-c2cc(-c3cc(C(=O)Nc4ccc(OC(F)(F)F)cc4)ccn3)ncn2)cc1C(=O)Nc1ccc(C#N)cn1,6.729861,-7.1258802
550,mol103,-12.4,Cc1ccc(Nc2nccc(-c3c[nH]c4ncccc34)n2)cc1NC(=O)c1cccc(F)c1,Cc1ccc(Nc2nccc(-c3c[nH]c4ncccc34)n2)cc1NC(=O)c1cccc(F)c1,6.4526005,-6.2159896
700,mol38,-12.4,Cc1ccc(CNC(=O)c2cccc3ccccc23)cc1NC(=O)c1ccccc1C(=O)O,Cc1ccc(CNC(=O)c2cccc3ccccc23)cc1NC(=O)c1ccccc1C(=O)O,6.464319,-5.585395
1000,mol185,-12.4,COc1ccc(-c2ccc(N(C)c3cncc(C(=O)Nc4cccc(C(=O)O)c4)n3)cc2)cc1,COc1ccc(-c2ccc(N(C)c3cncc(C(=O)Nc4cccc(C(=O)O)c4)n3)cc2)cc1,5.9757447,-6.301651
910,mol33,-12.4,C[C@H](Oc1ccc(-c2ccnc(NC(=O)Cc3ccc(C(N)N)cc3)n2)cc1)c1ccccc1,C[C@H](Oc1ccc(-c2ccnc(NC(=O)Cc3ccc(C(N)N)cc3)n2)cc1)c1ccccc1,5.9222302,-5.5037966
50,mol174,-12.4,Nc1nc(Nc2cccc(S(N)(=O)=O)c2)sc1C(=O)c1cccc2ccccc12,Nc1nc(Nc2cccc(S(N)(=O)=O)c2)sc1C(=O)c1cccc2ccccc12,6.241986,-5.3413205
170,mol109,-12.4,COc1ccc(Cn2nnc(-c3cccc(C(=O)Nc4cccc(C(N)=O)c4)c3)n2)cc1,COc1ccc(Cn2nnc(-c3cccc(C(=O)Nc4cccc(C(N)=O)c4)c3)n2)cc1,5.671914,-4.2979727
240,mol494,-12.4,Cc1ccc(NC(=O)C(F)(F)F)c(NC(=O)c2cccc(CC(=O)Nc3nc4ccc(F)cc4s3)c2)c1,Cc1ccc(NC(=O)C(F)(F)F)c(NC(=O)c2cccc(CC(=O)Nc3nc4ccc(F)cc4s3)c2)c1,6.8157716,-6.833598
200,mol265,-12.4,Nc1cc(Nc2ccc(S(N)(=O)=O)cc2)cnc1Nc1ccc(C(=O)Nc2ccc(F)cn2)cc1,Nc1cc(Nc2ccc(S(N)(=O)=O)cc2)cnc1Nc1ccc(C(=O)Nc2ccc(F)cn2)cc1,6.3447423,-5.4978156
40,mol195,-12.4,[H][P@TB6](O)(O)(O)OCc1cnc(C)c(O)c1C=NNC(=O)c1cc(O)c(Cc2ccc(Cl)cc2)cc1O,[H][P@TB6](O)(O)(O)OCc1cnc(C)c(O)c1C=NNC(=O)c1cc(O)c(Cc2ccc(Cl)cc2)cc1O,6.476986,-4.2342677
400,mol329,-12.4,Cc1cc(NC(=O)Nc2ccc(C(=O)Nc3cccc4ccccc34)cc2)cc(C)c1O,Cc1cc(NC(=O)Nc2ccc(C(=O)Nc3cccc4ccccc34)cc2)cc(C)c1O,6.4381027,-6.292987
910,mol22,-12.4,COc1ccc(C(=O)Nc2ccc(-c3ccc(=O)n(CC(=O)NCc4ccc(NC(=O)c5ccccc5)cc4)n3)cc2)cc1,COc1ccc(C(=O)Nc2ccc(-c3ccc(=O)n(CC(=O)NCc4ccc(NC(=O)c5ccccc5)cc4)n3)cc2)cc1,6.2248254,-6.0473895
340,mol388,-12.4,Cc1ccc(-c2ccc(O)c(N)c2)cc1NC(=O)c1ccc(-c2ccccc2)cc1,Cc1ccc(-c2ccc(O)c(N)c2)cc1NC(=O)c1ccc(-c2ccccc2)cc1,6.0528555,-6.5520945
900,mol328,-12.4,COc1cccc(-n2nc(C(=O)NCc3cccc(F)c3)cc2NC(=O)Nc2ccc(Nc3ccnc4cc[nH]c34)cc2)c1,COc1cccc(-n2nc(C(=O)NCc3cccc(F)c3)cc2NC(=O)Nc2ccc(Nc3ccnc4cc[nH]c34)cc2)c1,6.3585773,-6.9271364
400,mol489,-12.4,Cc1ccc(NC(=O)c2ccc(N3Cc4ccccc4C3=O)cc2)cc1O,Cc1ccc(NC(=O)c2ccc(N3Cc4ccccc4C3=O)cc2)cc1O,5.828541,-5.3856244
190,mol211,-12.4,Cc1cc(NC(=O)c2cccc(-c3cc4c(Nc5ccccc5)ncnc4[nH]3)c2)ccc1C(F)(F)F,Cc1cc(NC(=O)c2cccc(-c3cc4c(Nc5ccccc5)ncnc4[nH]3)c2)ccc1C(F)(F)F,6.340467,-6.8478804
430,mol409,-12.4,Cc1ccc(C(=O)Nc2cccnc2N)cc1Nc1nccc(-c2cccnc2)n1,Cc1ccc(C(=O)Nc2cccnc2N)cc1Nc1nccc(-c2cccnc2)n1,6.641925,-4.790919
190,mol492,-12.4,Nc1ncc(-c2ccc(Cn3ccnc3-c3ccc(C(=O)NCC(=O)O)cc3)cc2)c(N)n1,Nc1ncc(-c2ccc(Cn3ccnc3-c3ccc(C(=O)NCC(=O)O)cc3)cc2)c(N)n1,6.70191,-3.160087
190,mol134,-12.4,Cc1cccc(-c2nc(Nc3cccc(C(=O)Nc4cccc(C(=O)O)c4)c3)sc2C)c1,Cc1cccc(-c2nc(Nc3cccc(C(=O)Nc4cccc(C(=O)O)c4)c3)sc2C)c1,6.4136543,-6.045139
130,mol21,-12.4,C[C@@H](Nc1nc(-c2c[nH]c3ncc(Cl)cc23)ncc1F)C(=O)Nc1cccc(S(N)(=O)=O)c1,C[C@@H](Nc1nc(-c2c[nH]c3ncc(Cl)cc23)ncc1F)C(=O)Nc1cccc(S(N)(=O)=O)c1,6.664065,-4.449631
390,mol374,-12.4,Cc1ccc(C(=O)Nc2ccc(Oc3ccc(NC(=O)[C@@H]4CCC(=O)N4C)cc3)c3ccccc23)cc1,Cc1ccc(C(=O)Nc2ccc(Oc3ccc(NC(=O)[C@@H]4CCC(=O)N4C)cc3)c3ccccc23)cc1,6.0933504,-6.791481
690,mol432,-12.4,COc1ccc(C(=O)Nc2ccc(Oc3ccc(NC(=O)[C@H]4CCCN4C(=O)c4ccccc4)cc3)cc2)cc1OC,COc1ccc(C(=O)Nc2ccc(Oc3ccc(NC(=O)[C@H]4CCCN4C(=O)c4ccccc4)cc3)cc2)cc1OC,5.9216814,-6.352841
510,mol251,-12.4,Nc1nc(Nc2ccc(C(=O)NCc3ccccc3)cc2)nc(Nc2ccc(C(=O)Nc3ccccc3)cc2)n1,Nc1nc(Nc2ccc(C(=O)NCc3ccccc3)cc2)nc(Nc2ccc(C(=O)Nc3ccccc3)cc2)n1,6.4075246,-6.4087653
460,mol276,-12.4,Cc1cc(Nc2nc(N[C@H](C)c3cccc(C(=O)Nc4nnn[nH]4)c3)ncc2C(N)=O)nc2ccccc12,Cc1cc(Nc2nc(N[C@H](C)c3cccc(C(=O)Nc4nnn[nH]4)c3)ncc2C(N)=O)nc2ccccc12,6.893235,-4.808486
740,mol294,-12.4,Cc1ccccc1-c1cccc(COc2ccc(C(=O)O)cc2C(=O)O)c1,Cc1ccccc1-c1cccc(COc2ccc(C(=O)O)cc2C(=O)O)c1,7.0346622,-4.5143833
30,mol478,-12.4,Cc1ccc(C(=O)NC2CC2)cc1NC(=O)c1cncc(-c2cccc(C(=O)O)c2)c1,Cc1ccc(C(=O)NC2CC2)cc1NC(=O)c1cncc(-c2cccc(C(=O)O)c2)c1,6.762222,-5.3909416
920,mol180,-12.4,Cn1c(CNc2ccc(C(=O)O)cc2)cc(=O)n(Cc2ccc(-c3ccccc3)cc2)c1=O,Cn1c(CNc2ccc(C(=O)O)cc2)cc(=O)n(Cc2ccc(-c3ccccc3)cc2)c1=O,5.850575,-5.169178
550,mol85,-12.4,Cc1ccc(C[NH+]2CCN(c3ccc(C(=O)NCc4ccc(Cl)cc4Cl)cc3)CC2)cc1,Cc1ccc(C[NH+]2CCN(c3ccc(C(=O)NCc4ccc(Cl)cc4Cl)cc3)CC2)cc1,6.477439,-4.1083837
130,mol423,-12.4,Cc1ccc(NC(=O)c2csc(COc3ccccc3)n2)cc1Nc1nccc(-c2cccnc2)n1,Cc1ccc(NC(=O)c2csc(COc3ccccc3)n2)cc1Nc1nccc(-c2cccnc2)n1,6.399635,-6.4484076
900,mol24,-12.4,CO[C@@H](c1cccc(Oc2cccc(C#N)c2)c1C)n1cc(-c2cnc(N)c(OCC3CCCCC3)n2)cn1,CO[C@@H](c1cccc(Oc2cccc(C#N)c2)c1C)n1cc(-c2cnc(N)c(OCC3CCCCC3)n2)cn1,7.351026,-7.0503416
470,mol22,-12.4,C[C@@H](NC(=O)Nc1ccc(Oc2ccnc3[nH]c(-c4cccnc4)cc23)cc1)c1ccccc1,C[C@@H](NC(=O)Nc1ccc(Oc2ccnc3[nH]c(-c4cccnc4)cc23)cc1)c1ccccc1,6.325685,-6.4808145
850,mol225,-12.4,CNC(=O)c1cccc(Nc2nccc(-c3cc4ccccc4oc3=O)n2)c1,CNC(=O)c1cccc(Nc2nccc(-c3cc4ccccc4oc3=O)n2)c1,6.7257414,-5.599858
950,mol60,-12.4,CN(C(=O)c1ccc(Nc2ncc(-c3ccc(F)c(CO)c3)cc2N)cc1)[C@H](CO)c1cccc(C(F)(F)F)c1,CN(C(=O)c1ccc(Nc2ncc(-c3ccc(F)c(CO)c3)cc2N)cc1)[C@H](CO)c1cccc(C(F)(F)F)c1,6.481664,-5.498863
310,mol105,-12.4,Cc1cccc(C(=O)Nc2ccc(Oc3ccc(C(=O)N[C@@H](CCc4ccccc4)C(=O)O)cc3)cc2)c1,Cc1cccc(C(=O)Nc2ccc(Oc3ccc(C(=O)N[C@@H](CCc4ccccc4)C(=O)O)cc3)cc2)c1,6.3260393,-6.40424
560,mol40,-12.4,Cc1cccc(-n2nc(C(=O)Nc3cccc(Oc4ccccc4)c3)cc2NC(=O)Nc2ccc(F)cc2)c1,Cc1cccc(-n2nc(C(=O)Nc3cccc(Oc4ccccc4)c3)cc2NC(=O)Nc2ccc(F)cc2)c1,5.9677835,-7.361641
860,mol217,-12.39,Cc1ccc(NC(=O)c2cccc(Nc3nccc(-c4ccccc4Oc4ccccc4)n3)c2)cc1,Cc1ccc(NC(=O)c2cccc(Nc3nccc(-c4ccccc4Oc4ccccc4)n3)c2)cc1,5.909349,-7.147188
70,mol337,-12.39,Cc1ccc(S(=O)(=O)NCc2cccc(-c3ccc(-c4ccccc4S(N)(=O)=O)cc3)c2)cc1,Cc1ccc(S(=O)(=O)NCc2cccc(-c3ccc(-c4ccccc4S(N)(=O)=O)cc3)c2)cc1,6.263971,-5.5624375
870,mol432,-12.39,Cc1cc(=O)c2cc(Oc3cccc(C(=O)NCc4ccccc4C(=O)O)c3)ccc2[nH]1,Cc1cc(=O)c2cc(Oc3cccc(C(=O)NCc4ccccc4C(=O)O)c3)ccc2[nH]1,6.594899,-5.861804
160,mol63,-12.39,Cc1c(CNC2CC2)ccc(-c2cccc(C(=O)Nc3cc4c(ccn4C)cn3)c2)c1O,Cc1c(CNC2CC2)ccc(-c2cccc(C(=O)Nc3cc4c(ccn4C)cn3)c2)c1O,6.3151674,-4.842907
440,mol16,-12.39,Cc1ccc(NC(=O)c2ccccc2NC(=O)c2cccc(NC(=O)Nc3ccc(Cl)cc3)c2)cc1,Cc1ccc(NC(=O)c2ccccc2NC(=O)c2cccc(NC(=O)Nc3ccc(Cl)cc3)c2)cc1,5.9254127,-7.2827325
880,mol281,-12.39,Cc1ccc(C(=O)Nc2ccc(C(=O)O)cc2)cc1NC(=O)c1cccc(-c2ccncc2)c1,Cc1ccc(C(=O)Nc2ccc(C(=O)O)cc2)cc1NC(=O)c1cccc(-c2ccncc2)c1,6.440348,-5.8296657
340,mol402,-12.39,Cc1ccc(NC(=O)c2ccc(C[N@H+]3CC[C@@H]([N@H+](C)c4ccccc4)CC3)cc2)cc1Nc1ncnc2cccnc12,Cc1ccc(NC(=O)c2ccc(C[N@H+]3CC[C@@H]([N@H+](C)c4ccccc4)CC3)cc2)cc1Nc1ncnc2cccnc12,6.5667644,-4.225275
360,mol439,-12.39,Cc1cc(-c2ccc(NC(=O)C(C)(C)C)cc2)ccc1-c1ccc2nc(NCc3ccccn3)ncc2n1,Cc1cc(-c2ccc(NC(=O)C(C)(C)C)cc2)ccc1-c1ccc2nc(NCc3ccccn3)ncc2n1,6.755883,-6.548963
930,mol210,-12.39,Cc1cccc(C(=O)Nc2ccc(-c3ccc(C(=O)NC(C)(C)C)cc3)c(C)c2)c1,Cc1cccc(C(=O)Nc2ccc(-c3ccc(C(=O)NC(C)(C)C)cc3)c(C)c2)c1,6.320697,-6.309125
980,mol227,-12.39,Cn1cccc1C(=O)Nc1cccc(-c2cnc(Nc3ccc(Oc4ccccc4)cc3)nc2)c1,Cn1cccc1C(=O)Nc1cccc(-c2cnc(Nc3ccc(Oc4ccccc4)cc3)nc2)c1,6.1789165,-6.791157
260,mol348,-12.39,Cc1cc(Nc2ncc(C(=O)Nc3cccc(Nc4nccc(-c5ccccn5)n4)c3)cc2C#N)ccc1F,Cc1cc(Nc2ncc(C(=O)Nc3cccc(Nc4nccc(-c5ccccn5)n4)c3)cc2C#N)ccc1F,6.257522,-6.739404
870,mol364,-12.39,COc1ccc(Cc2ccc(OCc3cccc(C(=O)O)c3)cc2)cc1NS(=O)(=O)c1ccc(-c2ccc(C(=O)O)cc2)cc1,COc1ccc(Cc2ccc(OCc3cccc(C(=O)O)c3)cc2)cc1NS(=O)(=O)c1ccc(-c2ccc(C(=O)O)cc2)cc1,6.5588336,-6.502303
440,mol407,-12.39,Cc1ccc(C(=O)Nc2ccc(Oc3ccc4nc(NC(=O)C5CC5)ccc4c3)cc2)cn1,Cc1ccc(C(=O)Nc2ccc(Oc3ccc4nc(NC(=O)C5CC5)ccc4c3)cc2)cn1,6.338492,-6.6681776
160,mol185,-12.39,Cc1ccc(-c2cccc(C[C@H](NC(=O)c3cccc(NC(=O)c4ccc(C#N)s4)c3)C(=O)O)c2)cc1,Cc1ccc(-c2cccc(C[C@H](NC(=O)c3cccc(NC(=O)c4ccc(C#N)s4)c3)C(=O)O)c2)cc1,6.468394,-6.479549
1000,mol282,-12.39,Cc1ccccc1-c1c[nH]c(-c2cccnc2Oc2ccc(NC(=O)Nc3ccccc3)cc2C(=O)O)n1,Cc1ccccc1-c1c[nH]c(-c2cccnc2Oc2ccc(NC(=O)Nc3ccccc3)cc2C(=O)O)n1,6.4841647,-6.5767956
550,mol17,-12.39,Cc1cc(Nc2nccc(-c3cncn3C)n2)cc(-c2ccc(C(=O)O)cc2F)c1,Cc1cc(Nc2nccc(-c3cncn3C)n2)cc(-c2ccc(C(=O)O)cc2F)c1,6.486455,-4.866591
370,mol149,-12.39,Cc1ccc(C(=O)NCc2ccnc(C(=O)O)c2)cc1Nc1nccc(-c2cccnc2)n1,Cc1ccc(C(=O)NCc2ccnc(C(=O)O)c2)cc1Nc1nccc(-c2cccnc2)n1,6.858801,-4.974108
230,mol160,-12.39,Nc1ccc(-c2ccccc2)cc1-c1ccc(Cc2sc(Nc3ccc(C(N)N)cc3)nc2C(F)(F)F)o1,Nc1ccc(-c2ccccc2)cc1-c1ccc(Cc2sc(Nc3ccc(C(N)N)cc3)nc2C(F)(F)F)o1,6.2637844,-6.9703593
180,mol396,-12.39,CN(c1ccc(-n2c(=O)oc3cc(S(N)(=O)=O)ccc3c2=O)cc1)S(=O)(=O)c1ccc(OCc2ccccc2)cc1,CN(c1ccc(-n2c(=O)oc3cc(S(N)(=O)=O)ccc3c2=O)cc1)S(=O)(=O)c1ccc(OCc2ccccc2)cc1,6.8177533,-5.2309637
920,mol323,-12.39,COc1ccc(-c2ccc(NC(=O)c3ccc4cccnc4c3)cc2)cc1,COc1ccc(-c2ccc(NC(=O)c3ccc4cccnc4c3)cc2)cc1,5.4189262,-6.324405
260,mol113,-12.39,Cc1cc(Nc2nc(-c3ccc(C(=O)Nc4ccc(C(=O)O)cn4)cc3)cc(C(F)(F)F)n2)ccc1F,Cc1cc(Nc2nc(-c3ccc(C(=O)Nc4ccc(C(=O)O)cn4)cc3)cc(C(F)(F)F)n2)ccc1F,6.4822507,-6.336635
270,mol441,-12.39,Cc1ccc(S(=O)(=O)Nc2ccc(-c3c(Cc4ccccc4Cl)sc4ccccc34)cc2)cc1,Cc1ccc(S(=O)(=O)Nc2ccc(-c3c(Cc4ccccc4Cl)sc4ccccc34)cc2)cc1,5.872559,-6.7557983
580,mol167,-12.39,Cc1ncc(-c2cnn(C3CCN(C(=O)Cc4ccccc4)CC3)c2)c2[nH]ccc12,Cc1ncc(-c2cnn(C3CCN(C(=O)Cc4ccccc4)CC3)c2)c2[nH]ccc12,6.4749484,-3.5873444
760,mol155,-12.39,Cc1cccc(Nc2cnc(-c3cccc(C(=O)Nc4ccccc4)c3)s2)c1,Cc1cccc(Nc2cnc(-c3cccc(C(=O)Nc4ccccc4)c3)s2)c1,6.375283,-6.260497
440,mol153,-12.39,Cc1cc(N2CC[C@@H](NC(=O)Nc3ccc(S(C)(=O)=O)cc3)C2=O)ccc1C(=O)O,Cc1cc(N2CC[C@@H](NC(=O)Nc3ccc(S(C)(=O)=O)cc3)C2=O)ccc1C(=O)O,6.9567585,-3.5489228
260,mol24,-12.39,Cc1ccccc1-c1cccc(C(=O)Nc2ncc(-c3ccccc3)s2)c1,Cc1ccccc1-c1cccc(C(=O)Nc2ncc(-c3ccccc3)s2)c1,6.26126,-6.7397456
340,mol238,-12.39,NC(=O)c1cc(Nc2ccnc(NC(=O)Cc3ccc(C(N)N)cc3)n2)ccc1Cl,NC(=O)c1cc(Nc2ccnc(NC(=O)Cc3ccc(C(N)N)cc3)n2)ccc1Cl,6.523563,-4.080894
850,mol103,-12.39,CN(O)c1cccc(/C=N/NC(=O)c2ccc(Cc3cccc4cc[nH]c34)cc2)c1,CN(O)c1cccc(/C=N/NC(=O)c2ccc(Cc3cccc4cc[nH]c34)cc2)c1,6.2631717,-5.4562387
370,mol405,-12.39,Nc1cc(C(=O)NCc2cccc(-c3cccc(C(F)(F)F)c3)c2)ccc1F,Nc1cc(C(=O)NCc2cccc(-c3cccc(C(F)(F)F)c3)c2)ccc1F,6.7859454,-6.291709
420,mol318,-12.39,CC(C)(O)c1ccc(CC(=O)Nc2ncc(-c3ccc(C(=O)Nc4cccc(C(F)(F)F)c4)cc3)s2)cc1,CC(C)(O)c1ccc(CC(=O)Nc2ncc(-c3ccc(C(=O)Nc4cccc(C(F)(F)F)c4)cc3)s2)cc1,6.6301455,-7.0175157
320,mol429,-12.39,CN(C(=O)Cc1ccc(OCc2ccccc2)c(F)c1)C(=O)c1c[nH]c2cc(Cl)ccc12,CN(C(=O)Cc1ccc(OCc2ccccc2)c(F)c1)C(=O)c1c[nH]c2cc(Cl)ccc12,6.1272635,-6.8384748
560,mol363,-12.39,Cc1ccc(CNC(=O)c2cccc(Nc3ccnc4cc(Cl)ccc34)c2)cc1,Cc1ccc(CNC(=O)c2cccc(Nc3ccnc4cc(Cl)ccc34)c2)cc1,6.411432,-6.209247
470,mol406,-12.39,Cc1cccc(-c2nc(Nc3cccc(C(=O)Nc4cccc(C(=O)O)c4)c3)c3nc[nH]c3n2)c1,Cc1cccc(-c2nc(Nc3cccc(C(=O)Nc4cccc(C(=O)O)c4)c3)c3nc[nH]c3n2)c1,6.4676695,-5.9853554
130,mol288,-12.39,Cc1cccc(C(=O)Nc2cc(Nc3cccc(C(=O)Nc4ccccc4C(=O)O)n3)ccc2Oc2cccc(C(C)(C)C)c2)c1,Cc1cccc(C(=O)Nc2cc(Nc3cccc(C(=O)Nc4ccccc4C(=O)O)n3)ccc2Oc2cccc(C(C)(C)C)c2)c1,6.716079,-6.8041406
270,mol495,-12.39,C#Cc1cccc(Nc2cc(-c3cccc(-c4cncc(C(=O)O)c4)c3)nn3cncc23)c1,C#Cc1cccc(Nc2cc(-c3cccc(-c4cncc(C(=O)O)c4)c3)nn3cncc23)c1,6.3567133,-6.056447
400,mol7,-12.39,Nc1ccc(-c2ccc(C(=O)Nc3ccc(C(=O)O)c(-c4ccccc4)c3)cc2)cc1,Nc1ccc(-c2ccc(C(=O)Nc3ccc(C(=O)O)c(-c4ccccc4)c3)cc2)cc1,6.1772494,-5.9863067
890,mol227,-12.39,Cc1ccc(C(=O)Nc2ccc(-c3cccc(C(N)N)c3)cc2)cc1,Cc1ccc(C(=O)Nc2ccc(-c3cccc(C(N)N)c3)cc2)cc1,6.2051406,-4.538667
640,mol30,-12.39,Cc1ccc(C(=O)Nc2cc(C(F)(F)F)cc(C(F)(F)F)c2)cc1NC(=O)c1cnn(-c2ccccc2)c1,Cc1ccc(C(=O)Nc2cc(C(F)(F)F)cc(C(F)(F)F)c2)cc1NC(=O)c1cnn(-c2ccccc2)c1,6.216783,-7.1723223
40,mol398,-12.39,Cc1nn(-c2ccnc(Nc3ccc4c(c3)cc(C(=O)O)c(=O)n4C)n2)cc1C[N@H+]1C[C@H](O)C1,Cc1nn(-c2ccnc(Nc3ccc4c(c3)cc(C(=O)O)c(=O)n4C)n2)cc1C[N@H+]1C[C@H](O)C1,6.768183,-3.0085957
250,mol220,-12.39,Cc1cccc(Nc2nccc(-c3ccnc(Nc4ccccc4)c3)n2)c1,Cc1cccc(Nc2nccc(-c3ccnc(Nc4ccccc4)c3)n2)c1,6.4924707,-5.840411
300,mol96,-12.39,CNC(=O)c1cc(Oc2ccc(NC(=O)Nc3ccc(Oc4ccccc4)cc3)cc2)ccc1C(=O)O,CNC(=O)c1cc(Oc2ccc(NC(=O)Nc3ccc(Oc4ccccc4)cc3)cc2)ccc1C(=O)O,6.2890987,-6.300645
380,mol112,-12.39,Cc1ccc(NC(=O)COc2cccc(NC(=O)c3cccc(COc4ccccc4)c3)c2)cc1,Cc1ccc(NC(=O)COc2cccc(NC(=O)c3cccc(COc4ccccc4)c3)c2)cc1,5.757795,-6.471707
660,mol255,-12.39,Cc1ccc(C(=O)Nc2ccc(N3CCC(C(=O)N4CCC(C)CC4)CC3)c(C(F)(F)F)c2)cc1C#N,Cc1ccc(C(=O)Nc2ccc(N3CCC(C(=O)N4CCC(C)CC4)CC3)c(C(F)(F)F)c2)cc1C#N,7.023969,-6.201558
290,mol49,-12.39,Cc1c(-c2cccc3ccccc23)oc(=O)c2cc(O)ccc12,Cc1c(-c2cccc3ccccc23)oc(=O)c2cc(O)ccc12,6.611177,-5.0535946
110,mol163,-12.39,COC(=O)Nc1ccc(NC(=O)c2cccc(C(=O)N/N=C3/C(=O)Nc4ccc(F)cc43)c2)cc1,COC(=O)Nc1ccc(NC(=O)c2cccc(C(=O)N/N=C3/C(=O)Nc4ccc(F)cc43)c2)cc1,6.503133,-7.0532584
210,mol222,-12.39,Cc1cc(Nc2nccc(Nc3cccc(Cl)c3)n2)cc(Nc2nc(N[C@H](C)c3ncc(F)cn3)ncc2F)c1,Cc1cc(Nc2nccc(Nc3cccc(Cl)c3)n2)cc(Nc2nc(N[C@H](C)c3ncc(F)cn3)ncc2F)c1,6.684593,-6.70591
840,mol452,-12.39,Cc1ccccc1Nc1cccc(C(=O)c2sc(NC(=O)c3ccccc3Cl)nc2C)c1,Cc1ccccc1Nc1cccc(C(=O)c2sc(NC(=O)c3ccccc3Cl)nc2C)c1,6.2633185,-7.1205063
210,mol207,-12.39,Cc1ncc(-c2cc(C(=O)Nc3ccc4n[nH]cc4c3)cnc2N)c[n+]1CC(=O)Nc1ccc(C(=O)O)cc1,Cc1ncc(-c2cc(C(=O)Nc3ccc4n[nH]cc4c3)cnc2N)c[n+]1CC(=O)Nc1ccc(C(=O)O)cc1,6.9703827,-4.755909
520,mol229,-12.39,Cc1cccc(C(=O)Nc2ccc(-c3ccc(CO)c(NC(=O)c4ccccc4C(F)(F)F)c3)cc2)c1,Cc1cccc(C(=O)Nc2ccc(-c3ccc(CO)c(NC(=O)c4ccccc4C(F)(F)F)c3)cc2)c1,6.215506,-7.09022
80,mol434,-12.39,Nc1cc(C(F)(F)F)c(-c2cccc(NS(=O)(=O)c3ccc(NCc4cccnc4)cc3)c2)cn1,Nc1cc(C(F)(F)F)c(-c2cccc(NS(=O)(=O)c3ccc(NCc4cccnc4)cc3)c2)cn1,5.7845592,-5.533522
890,mol104,-12.39,C[C@H](COc1ccc(-c2ccoc2)cc1)NC(=O)c1cncc(-c2ccc(C(=O)Nc3cccnc3)cc2)c1,C[C@H](COc1ccc(-c2ccoc2)cc1)NC(=O)c1cncc(-c2ccc(C(=O)Nc3cccnc3)cc2)c1,6.351123,-6.423095
750,mol270,-12.39,Cc1ccc(C(=O)Nc2ccc([C@@H]3CCCN3C(=O)c3ccc4ccccc4n3)cc2)cc1,Cc1ccc(C(=O)Nc2ccc([C@@H]3CCCN3C(=O)c3ccc4ccccc4n3)cc2)cc1,5.886132,-5.60251
900,mol356,-12.39,CN(Cc1ccccc1)C(=O)c1ccc(Oc2ccc(NC(=O)c3cc4ccccc4o3)cc2)cc1,CN(Cc1ccccc1)C(=O)c1ccc(Oc2ccc(NC(=O)c3cc4ccccc4o3)cc2)cc1,5.9994636,-6.622507
820,mol270,-12.39,Cc1ccc(-c2cc(C(=O)Nc3ccc4nn(CC(=O)NCc5ccccc5)cc4c3)ccn2)cc1,Cc1ccc(-c2cc(C(=O)Nc3ccc4nn(CC(=O)NCc5ccccc5)cc4c3)ccn2)cc1,5.6059327,-5.772606
90,mol39,-12.38,CNC(=O)/C=C\c1cnc(-c2ccccc2Oc2ccc(NC(=O)Nc3cc(C(F)(F)F)ccc3F)cc2)[nH]1,CNC(=O)/C=C\c1cnc(-c2ccccc2Oc2ccc(NC(=O)Nc3cc(C(F)(F)F)ccc3F)cc2)[nH]1,6.384958,-7.2676005
890,mol469,-12.38,Cc1cc(COc2ccc(NC(=O)c3ccc(C#N)cn3)cc2C)cc(C(=O)Nc2ccc3n[nH]cc3c2)c1,Cc1cc(COc2ccc(NC(=O)c3ccc(C#N)cn3)cc2C)cc(C(=O)Nc2ccc3n[nH]cc3c2)c1,6.83711,-6.7298307
350,mol434,-12.38,Cc1c(Cc2ccc(OCCn3ccc(=O)[nH]c3=O)cc2)[nH]c2ccc(-c3ccc(NS(=O)(=O)c4ccsc4)cc3)cc12,Cc1c(Cc2ccc(OCCn3ccc(=O)[nH]c3=O)cc2)[nH]c2ccc(-c3ccc(NS(=O)(=O)c4ccsc4)cc3)cc12,6.3246784,-6.9229183
170,mol245,-12.38,Cc1cc(CNc2nc(Nc3ccc(C(=O)N[C@@H](CO)C(=O)N4CCC(C(=O)Nc5ccc(C(F)(F)F)cc5)CC4)cc3)ncc2F)no1,Cc1cc(CNc2nc(Nc3ccc(C(=O)N[C@@H](CO)C(=O)N4CCC(C(=O)Nc5ccc(C(F)(F)F)cc5)CC4)cc3)ncc2F)no1,7.328956,-5.214542
390,mol337,-12.38,Cc1cc(C(=O)NC2CCN(C(=O)c3ccc4c(C)nn(C)c4c3)CC2)ccc1NCc1cc2cccnc2[nH]1,Cc1cc(C(=O)NC2CCN(C(=O)c3ccc4c(C)nn(C)c4c3)CC2)ccc1NCc1cc2cccnc2[nH]1,7.4809065,-4.5787864
550,mol286,-12.38,Cc1ccc(C(=O)Nc2ccc(CCCNc3ncnc4ccccc34)cc2)cc1Nc1ccnc2ccccc12,Cc1ccc(C(=O)Nc2ccc(CCCNc3ncnc4ccccc34)cc2)cc1Nc1ccnc2ccccc12,6.096616,-6.1563606
390,mol101,-12.38,N[C@H]1N[C@@H](c2ccc(-c3ccc(N4CCOCC4)cc3)cc2)CN1C(=S)Nc1ccc(F)cc1,N[C@H]1N[C@@H](c2ccc(-c3ccc(N4CCOCC4)cc3)cc2)CN1C(=S)Nc1ccc(F)cc1,6.3059244,-4.2482724
590,mol263,-12.38,Cc1ccc(Nc2nccc(-c3cccnc3)n2)cc1NC(=O)c1ccc(Oc2cccnc2)cc1,Cc1ccc(Nc2nccc(-c3cccnc3)n2)cc1NC(=O)c1ccc(Oc2cccnc2)cc1,6.3463826,-6.5277457
590,mol363,-12.38,Cc1ccc(Oc2nccc(-c3cccc(CNc4ccncc4)c3)n2)cc1NC(=O)c1ccc(C#N)cc1,Cc1ccc(Oc2nccc(-c3cccc(CNc4ccncc4)c3)n2)cc1NC(=O)c1ccc(C#N)cc1,6.2810335,-7.1550307
670,mol354,-12.38,CC(=O)c1cccc(NC(=O)c2ccc(C)c(Nc3ccnc(-c4cccnc4)n3)c2)c1,CC(=O)c1cccc(NC(=O)c2ccc(C)c(Nc3ccnc(-c4cccnc4)n3)c2)c1,6.6282167,-5.8407903
190,mol328,-12.38,CC#Cc1ccc(-c2cc(NC(=O)Nc3ccc(OC(F)(F)F)cc3)ccn2)cc1,CC#Cc1ccc(-c2cc(NC(=O)Nc3ccc(OC(F)(F)F)cc3)ccn2)cc1,6.48434,-6.7667923
790,mol284,-12.38,Cc1ccc(S(=O)(=O)Nc2cccc(Oc3cccc(-c4ccncc4C(F)(F)F)c3)c2)cc1,Cc1ccc(S(=O)(=O)Nc2cccc(Oc3cccc(-c4ccncc4C(F)(F)F)c3)c2)cc1,6.5526686,-6.8839946
610,mol174,-12.38,Cc1nc(Nc2ncc(C(=O)Nc3ccc(NC(=O)Nc4ccccc4)cc3)s2)cc(N2CCS(=O)(=O)CC2)n1,Cc1nc(Nc2ncc(C(=O)Nc3ccc(NC(=O)Nc4ccccc4)cc3)s2)cc(N2CCS(=O)(=O)CC2)n1,7.200532,-5.1545587
240,mol349,-12.38,[H]/N=C/c1[nH]c(-c2cccc(C(=O)Nc3ccc(SC4CCCC4)cc3)c2)c(C)c1C(=O)Nc1ccc(C#N)cc1,[H]/N=C/c1[nH]c(-c2cccc(C(=O)Nc3ccc(SC4CCCC4)cc3)c2)c(C)c1C(=O)Nc1ccc(C#N)cc1,6.8342853,-7.240436
620,mol324,-12.38,Cc1ccccc1-c1cccc(CC(=O)NCc2ccc(Oc3ccccc3)cc2)c1,Cc1ccccc1-c1cccc(CC(=O)NCc2ccc(Oc3ccccc3)cc2)c1,6.067936,-6.785117
760,mol412,-12.38,Cc1ccc(C(=O)Nc2ccc(S(N)(=O)=O)cc2)cc1Nc1nccc2ccc(Oc3ccccc3)nc12,Cc1ccc(C(=O)Nc2ccc(S(N)(=O)=O)cc2)cc1Nc1nccc2ccc(Oc3ccccc3)nc12,6.51771,-6.576609
830,mol311,-12.38,Cc1ccc(S(=O)(=O)Nc2ccc(Nc3ccnc4cc(-c5ccccc5)ccc34)cc2)cc1,Cc1ccc(S(=O)(=O)Nc2ccc(Nc3ccnc4cc(-c5ccccc5)ccc34)cc2)cc1,5.7077446,-6.6932507
950,mol242,-12.38,CS(=O)(=O)Nc1ccccc1-c1ccc(NC(=O)c2ccc(C(=O)c3ccccc3)cc2)cc1,CS(=O)(=O)Nc1ccccc1-c1ccc(NC(=O)c2ccc(C(=O)c3ccccc3)cc2)cc1,5.9630895,-6.6400948
120,mol491,-12.38,Nc1cccc(-c2nc(Nc3cccc(C(=O)Nc4cccc(C(F)(F)F)c4)c3)c3[nH]cnc3n2)c1,Nc1cccc(-c2nc(Nc3cccc(C(=O)Nc4cccc(C(F)(F)F)c4)c3)c3[nH]cnc3n2)c1,6.287666,-6.3757024
990,mol145,-12.38,CC(=O)Nc1cccc(-c2ccc(NC(=O)c3cccc(C(N)=O)c3)cc2)c1,CC(=O)Nc1cccc(-c2ccc(NC(=O)c3cccc(C(N)=O)c3)cc2)c1,6.0037766,-5.2893353
260,mol126,-12.38,Cc1cc(NC(=O)c2ccc(Cc3cc(C(=O)NO)ccc3N)cc2)ccc1C(=O)O,Cc1cc(NC(=O)c2ccc(Cc3cc(C(=O)NO)ccc3N)cc2)ccc1C(=O)O,6.824843,-5.0560374
210,mol27,-12.38,Nc1nc(NCc2cccc(-c3ccc4ccccc4c3)c2)c2nc[nH]c2n1,Nc1nc(NCc2cccc(-c3ccc4ccccc4c3)c2)c2nc[nH]c2n1,6.2039833,-5.5471487
820,mol182,-12.38,CCC(=O)Nc1cccc(Nc2ncc3cc(-c4cccc(OCCc5ccccc5)c4)ccc3n2)c1,CCC(=O)Nc1cccc(Nc2ncc3cc(-c4cccc(OCCc5ccccc5)c4)ccc3n2)c1,5.9457107,-7.320956
390,mol17,-12.38,Cc1cc(Nc2nc(N)nc(Nc3cccc4ccccc34)n2)cc(C(=O)O)c1,Cc1cc(Nc2nc(N)nc(Nc3cccc4ccccc34)n2)cc(C(=O)O)c1,6.491822,-4.9614587
390,mol209,-12.38,Cc1ncc(C(=O)Nc2ccc(-c3ccc4n[nH]c(CCNc5ccccn5)c4c3)cc2C(N)=O)nc1N,Cc1ncc(C(=O)Nc2ccc(-c3ccc4n[nH]c(CCNc5ccccn5)c4c3)cc2C(N)=O)nc1N,7.208729,-5.2790766
830,mol404,-12.38,Cc1ccc(C(=O)Nc2ccc(C(=O)O)c(C(=O)O)c2)cc1NC(=O)c1ccccc1C(=O)O,Cc1ccc(C(=O)Nc2ccc(C(=O)O)c(C(=O)O)c2)cc1NC(=O)c1ccccc1C(=O)O,6.954823,-5.1793904
250,mol286,-12.38,Cc1cc(-c2c[nH]c3ncc(-c4ccccc4)cc23)ccc1NC(=O)c1cncn1C,Cc1cc(-c2c[nH]c3ncc(-c4ccccc4)cc23)ccc1NC(=O)c1cncn1C,6.255376,-6.1000853
780,mol403,-12.38,CC(=O)c1ccc(-c2cccc(C(=O)c3ccc4c(c3)CCO4)c2)cc1,CC(=O)c1ccc(-c2cccc(C(=O)c3ccc4c(c3)CCO4)c2)cc1,5.9729443,-5.4741697
350,mol304,-12.38,Cc1ccc(C(=O)Nc2ccc(C(=O)NCc3cccc(C(=O)O)c3)cc2C(=O)O)cc1,Cc1ccc(C(=O)Nc2ccc(C(=O)NCc3cccc(C(=O)O)c3)cc2C(=O)O)cc1,6.575241,-5.2129693
220,mol96,-12.38,Cc1cc(Nc2cc(Nc3ccn(C)n3)ncn2)ccc1S(=O)(=O)Nc1ccc(Oc2cccc(C(=O)O)c2)nc1,Cc1cc(Nc2cc(Nc3ccn(C)n3)ncn2)ccc1S(=O)(=O)Nc1ccc(Oc2cccc(C(=O)O)c2)nc1,6.718232,-5.274966
540,mol266,-12.38,Cc1ccc(-c2c[nH]c(-c3ccc(Oc4ccccc4)cc3)n2)cc1NC(=O)c1cnc(Nc2ccccc2)s1,Cc1ccc(-c2c[nH]c(-c3ccc(Oc4ccccc4)cc3)n2)cc1NC(=O)c1cnc(Nc2ccccc2)s1,6.0641932,-7.3082867
570,mol150,-12.38,Cc1ccc(C(=O)Nc2ccc(Cl)c(CN3CCCc4ccccc43)c2)cc1Nc1ncccn1,Cc1ccc(C(=O)Nc2ccc(Cl)c(CN3CCCc4ccccc43)c2)cc1Nc1ncccn1,6.263329,-6.2481666
550,mol256,-12.38,Cc1ccc(Nc2nccc(-c3c[nH]c4ccccc34)n2)cc1NC(=O)c1ccncc1,Cc1ccc(Nc2nccc(-c3c[nH]c4ccccc34)n2)cc1NC(=O)c1ccncc1,6.3684273,-6.2018023
570,mol451,-12.38,Cc1ccc(Nc2nccc(-c3c[nH]c4ccccc34)n2)cc1NC(=O)c1ccc(C(F)(F)F)cc1,Cc1ccc(Nc2nccc(-c3c[nH]c4ccccc34)n2)cc1NC(=O)c1ccc(C(F)(F)F)cc1,6.252553,-6.593319
210,mol352,-12.38,Cc1nc(Nc2ncc(-c3cncc(-c4ccc(C#N)cc4)c3)s2)cc(N2CCOCC2)n1,Cc1nc(Nc2ncc(-c3cncc(-c4ccc(C#N)cc4)c3)s2)cc(N2CCOCC2)n1,7.0118947,-4.952223
360,mol204,-12.38,CCC(=O)Nc1ccc(CCNC(=O)c2ccc(C(=O)N[C@@H](C[C@H]3CCNC(=O)c4ccc(-n5ccnc5)cc43)C(=O)N3CC[NH+](C)CC3)cc2)cc1,CCC(=O)Nc1ccc(CCNC(=O)c2ccc(C(=O)N[C@@H](C[C@H]3CCNC(=O)c4ccc(-n5ccnc5)cc43)C(=O)N3CC[NH+](C)CC3)cc2)cc1,7.1805925,-3.4735942
180,mol322,-12.38,CN(c1ccc(C(=O)NC(=O)c2cccc(C#N)c2)cc1)c1cccc(C(=O)Nc2ccc(F)cc2)c1,CN(c1ccc(C(=O)NC(=O)c2cccc(C#N)c2)cc1)c1cccc(C(=O)Nc2ccc(F)cc2)c1,5.9845853,-7.114171
430,mol341,-12.38,NC(=O)c1ccc[n+](Cc2ccc(CCC(=O)/C=C\c3ccc(/N=N/c4cccc(C(=O)O)c4)cc3)cc2)c1,NC(=O)c1ccc[n+](Cc2ccc(CCC(=O)/C=C\c3ccc(/N=N/c4cccc(C(=O)O)c4)cc3)cc2)c1,6.224719,-6.3081136
440,mol224,-12.38,COc1ccc(-c2ccc(N)c(C(=O)NCc3cc4ccccc4oc3=O)c2)cc1,COc1ccc(-c2ccc(N)c(C(=O)NCc3cc4ccccc4oc3=O)c2)cc1,6.19033,-5.66155
810,mol449,-12.38,Cc1ccccc1-c1cccc(CC(=O)Nc2cccc(C(=O)O)c2)c1,Cc1ccccc1-c1cccc(CC(=O)Nc2cccc(C(=O)O)c2)c1,6.594802,-4.937679
290,mol94,-12.38,Cc1ccccc1-c1ccc(C(=O)Nc2ccc(CC(=O)O)cc2)cc1,Cc1ccccc1-c1ccc(C(=O)Nc2ccc(CC(=O)O)cc2)cc1,6.459069,-4.948264
180,mol95,-12.38,Nc1nccc(-n2cc(-c3ccnc(Nc4ccc(C(=O)Nc5ccc(C(=O)O)cc5)cc4)n3)cn2)n1,Nc1nccc(-n2cc(-c3ccnc(Nc4ccc(C(=O)Nc5ccc(C(=O)O)cc5)cc4)n3)cn2)n1,6.572155,-5.184866
930,mol397,-12.38,Cc1ccc(C(=O)Nc2cccc(-c3ccc4nc(C)cc(N)c4n3)c2)cc1,Cc1ccc(C(=O)Nc2cccc(-c3ccc4nc(C)cc(N)c4n3)c2)cc1,6.787589,-5.2881556
300,mol308,-12.38,Cc1ccc(C(=O)Nc2cccc(C(=O)NCc3ccc(C(=O)NO)cc3)c2)cc1,Cc1ccc(C(=O)Nc2cccc(C(=O)NCc3ccc(C(=O)NO)cc3)c2)cc1,6.4717183,-5.1745934
700,mol77,-12.38,CCC(CC)Nc1cccc2cc(-c3cncc(-c4cccc(C(=O)O)c4)c3)ccc12,CCC(CC)Nc1cccc2cc(-c3cncc(-c4cccc(C(=O)O)c4)c3)ccc12,6.6043973,-5.885991
680,mol423,-12.38,CC(=O)c1cccc(-c2ccc(NC(=O)Cc3cccc4ccccc34)cc2)c1,CC(=O)c1cccc(-c2ccc(NC(=O)Cc3cccc4ccccc34)cc2)c1,5.80841,-6.483058
550,mol297,-12.38,Cc1ccc(Nc2ncnc3ncncc23)cc1NC(=O)c1ccc(Nc2ccccc2)cc1,Cc1ccc(Nc2ncnc3ncncc23)cc1NC(=O)c1ccc(Nc2ccccc2)cc1,6.5251355,-6.4535904
640,mol4,-12.38,NC(N)c1cccc(NC(=O)c2ccc(CC(=O)NO)cc2NC(=O)c2ccc(NC(=O)c3ccc(C(=O)O)cc3)cc2)c1,NC(N)c1cccc(NC(=O)c2ccc(CC(=O)NO)cc2NC(=O)c2ccc(NC(=O)c3ccc(C(=O)O)cc3)cc2)c1,7.009776,-4.500689
110,mol470,-12.38,O=C(C[N@H+]1CC[N@@H+](Cc2cccc(-c3cn4c(-c5ccccn5)cnc4cn3)c2)CC1)Nc1ccccc1,O=C(C[N@H+]1CC[N@@H+](Cc2cccc(-c3cn4c(-c5ccccn5)cnc4cn3)c2)CC1)Nc1ccccc1,6.260993,-2.3410544
910,mol60,-12.38,CC(=O)Nc1ccc(Oc2cc(NC(=O)c3ccc(C)c(NC(=O)c4cccc(C(=O)O)c4)c3)ccn2)cc1,CC(=O)Nc1ccc(Oc2cc(NC(=O)c3ccc(C)c(NC(=O)c4cccc(C(=O)O)c4)c3)ccn2)cc1,6.6491246,-6.2111397
240,mol321,-12.38,CCc1cc(Nc2nccc(Nc3ccc4[nH]ccc4c3)n2)cc(Nc2nccc(-c3ccccn3)n2)c1,CCc1cc(Nc2nccc(Nc3ccc4[nH]ccc4c3)n2)cc(Nc2nccc(-c3ccccn3)n2)c1,6.3803205,-5.8526087
880,mol163,-12.38,Cc1cccc(Oc2ccc(NC(=O)c3cccc(Oc4ccccc4)c3)cc2NC(=O)c2ccco2)c1,Cc1cccc(Oc2ccc(NC(=O)c3cccc(Oc4ccccc4)c3)cc2NC(=O)c2ccco2)c1,5.973258,-7.477417
440,mol198,-12.38,Nc1nccc(Nc2cccc(C(=O)Nc3cccc(C(=O)Nc4ccccc4)c3)c2)n1,Nc1nccc(Nc2cccc(C(=O)Nc3cccc(C(=O)Nc4ccccc4)c3)c2)n1,6.274827,-5.706543
930,mol390,-12.38,COc1cc(NC(=O)c2cccc(NC(=O)c3cccc(C)c3)c2)cc(-c2cc3nccc(Nc4cccc(C(=O)NCCC[NH+]5CCCCC5)c4)c3s2)c1,COc1cc(NC(=O)c2cccc(NC(=O)c3cccc(C)c3)c2)cc(-c2cc3nccc(Nc4cccc(C(=O)NCCC[NH+]5CCCCC5)c4)c3s2)c1,6.4884114,-6.3328733
400,mol338,-12.38,Nc1ccc(Nc2nccc(Nc3ccc4c(C[NH+]5CCCCC5)cccc4c3)n2)cc1,Nc1ccc(Nc2nccc(Nc3ccc4c(C[NH+]5CCCCC5)cccc4c3)n2)cc1,6.31636,-3.8253374
450,mol100,-12.38,Cc1ccc(C(=O)Nc2cccc(C(=O)NO)c2)cc1Nc1nccc2ccccc12,Cc1ccc(C(=O)Nc2cccc(C(=O)NO)c2)cc1Nc1nccc2ccccc12,6.726607,-5.943112
770,mol435,-12.37,Cc1ccc(C(=O)Nc2ccc(S(O)(O)O)c3cc(S(O)(O)O)ccc23)cc1S(=O)(=O)Nc1ccccc1F,Cc1ccc(C(=O)Nc2ccc(S(O)(O)O)c3cc(S(O)(O)O)ccc23)cc1S(=O)(=O)Nc1ccccc1F,6.833498,-5.7201076
1000,mol206,-12.37,Cc1ccc(C(=O)Nc2ccc(S(O)(O)O)c3ccccc23)cc1C(=O)Nc1ccc(CC(=O)O)cc1,Cc1ccc(C(=O)Nc2ccc(S(O)(O)O)c3ccccc23)cc1C(=O)Nc1ccc(CC(=O)O)cc1,6.7018733,-5.5570025
850,mol177,-12.37,Cc1c(Cc2ccccc2)c(=O)[nH]c(=O)n1-c1ccc(S(=O)(=O)NC(=O)c2ccccc2)cc1,Cc1c(Cc2ccccc2)c(=O)[nH]c(=O)n1-c1ccc(S(=O)(=O)NC(=O)c2ccccc2)cc1,6.2983694,-4.784645
380,mol123,-12.37,Cc1ccc(NC(=O)c2cccc(C(C)(C)C)c2)cc1Nc1ncnn2cc(-c3ccccc3)cc12,Cc1ccc(NC(=O)c2cccc(C(C)(C)C)c2)cc1Nc1ncnn2cc(-c3ccccc3)cc12,6.379502,-6.6804695
570,mol494,-12.37,Cc1ccc(NC(=O)Nc2cnn(-c3ccccc3)c2C)cc1NC(=O)c1ccc(C(F)(F)F)cc1,Cc1ccc(NC(=O)Nc2cnn(-c3ccccc3)c2C)cc1NC(=O)c1ccc(C(F)(F)F)cc1,6.447347,-6.569034
390,mol403,-12.37,O=C(Nc1ncccn1)c1cccc(Cc2cc(CNCc3ccccc3)cc(Nc3ccnc4ccccc34)c2)c1,O=C(Nc1ncccn1)c1cccc(Cc2cc(CNCc3ccccc3)cc(Nc3ccnc4ccccc34)c2)c1,6.361519,-6.719071
840,mol58,-12.37,Cc1c(-c2ccc(C(=O)NCc3ccccc3)cc2)oc2ccc(Oc3ccccc3)cc12,Cc1c(-c2ccc(C(=O)NCc3ccccc3)cc2)oc2ccc(Oc3ccccc3)cc12,5.839505,-7.1467934
510,mol314,-12.37,Cc1cccc(-c2nc(CC(=O)Nc3ccc4ccccc4c3)c3ncnn3n2)c1,Cc1cccc(-c2nc(CC(=O)Nc3ccc4ccccc4c3)c3ncnn3n2)c1,6.0379868,-5.467477
840,mol483,-12.37,C[C@@H](Oc1cc(C(=O)N[C@@H](Cc2ccccc2)c2ccc(O)c(C(C)(C)C)c2)ccc1C(=O)O)c1ccc(OCc2ccccc2)cc1,C[C@@H](Oc1cc(C(=O)N[C@@H](Cc2ccccc2)c2ccc(O)c(C(C)(C)C)c2)ccc1C(=O)O)c1ccc(OCc2ccccc2)cc1,6.1261597,-6.817703
490,mol84,-12.37,Cc1cc(NC(=O)c2cncc(C(=O)NCc3ccc(C(N)N)cc3)c2)cc(C(F)(F)F)c1,Cc1cc(NC(=O)c2cncc(C(=O)NCc3ccc(C(N)N)cc3)c2)cc(C(F)(F)F)c1,6.471356,-5.3559537
740,mol412,-12.37,Cc1ccc(C(=O)NCc2cccc(Nc3ccnc4ccccc34)c2)cc1,Cc1ccc(C(=O)NCc2cccc(Nc3ccnc4ccccc34)c2)cc1,6.1810403,-6.198777
290,mol180,-12.37,CN(C)c1ccc(-c2ccc(Nc3ccc(C(=O)NCCS(=O)(=O)O)c(Cc4ccccc4)c3)cc2)cc1,CN(C)c1ccc(-c2ccc(Nc3ccc(C(=O)NCCS(=O)(=O)O)c(Cc4ccccc4)c3)cc2)cc1,5.636176,-5.6518626
810,mol173,-12.37,Cc1ccc(C(=O)Nc2ccc(S(=O)(=O)Nc3ccc4oc(CC(=O)O)cc4c3)cc2)cc1,Cc1ccc(C(=O)Nc2ccc(S(=O)(=O)Nc3ccc4oc(CC(=O)O)cc4c3)cc2)cc1,6.668296,-5.056398
980,mol292,-12.37,COC(=O)c1ccc(-c2ccccc2OCc2cccc(C(=O)Nc3ccc4ncccc4c3)c2)cc1,COC(=O)c1ccc(-c2ccccc2OCc2cccc(C(=O)Nc3ccc4ncccc4c3)c2)cc1,5.5994163,-6.528819
420,mol93,-12.37,CN(C)c1cccc(-c2cc(Nc3cccc(C(=O)Nc4ccccc4)c3)ccn2)c1,CN(C)c1cccc(-c2cc(Nc3cccc(C(=O)Nc4ccccc4)c3)ccn2)c1,6.176605,-6.0623655
920,mol430,-12.37,Cc1ccc(-c2cccc(-c3ccc(C(=O)Oc4ccc(O)cc4)cc3)c2)cc1,Cc1ccc(-c2cccc(-c3ccc(C(=O)Oc4ccc(O)cc4)cc3)c2)cc1,6.1682234,-7.0839796
380,mol90,-12.37,Cc1ccc(C(=O)Nc2cccc(Nc3ccnc4cc(Cl)ccc34)c2)cc1,Cc1ccc(C(=O)Nc2cccc(Nc3ccnc4cc(Cl)ccc34)c2)cc1,6.365897,-6.4717083
460,mol424,-12.37,CN(c1cc(NC(=O)Nc2ccc(Nc3ccnc4ccccc34)cc2)cc(C(C)(C)C)c1)S(C)(=O)=O,CN(c1cc(NC(=O)Nc2ccc(Nc3ccnc4ccccc34)cc2)cc(C(C)(C)C)c1)S(C)(=O)=O,6.699608,-6.326144
490,mol88,-12.37,CC(=O)Nc1cncc(-c2ccc(C(=O)Nc3ccc(Oc4ccncc4)cc3)cc2)c1,CC(=O)Nc1cncc(-c2ccc(C(=O)Nc3ccc(Oc4ccncc4)cc3)cc2)c1,6.195824,-6.4764132
350,mol334,-12.37,Cc1cccc(-n2nc(C(=O)Nc3cccc(C(=O)Nc4ccccc4)c3)cc2C(=O)Nc2cccc(C(F)(F)F)c2)c1,Cc1cccc(-n2nc(C(=O)Nc3cccc(C(=O)Nc4ccccc4)c3)cc2C(=O)Nc2cccc(C(F)(F)F)c2)c1,6.3728495,-6.8842964
100,mol128,-12.37,Cc1cc(C(=O)Nc2cccc(Oc3ccnc(Nc4ccc(NC(=O)C5CCCC5)c(Cl)c4)n3)c2)ccn1,Cc1cc(C(=O)Nc2cccc(Oc3ccnc(Nc4ccc(NC(=O)C5CCCC5)c(Cl)c4)n3)c2)ccn1,7.074847,-6.546083
720,mol427,-12.37,Cc1ccccc1CNC(=O)c1cc(NC(=O)c2ccc(-c3ccncc3)cc2)ccn1,Cc1ccccc1CNC(=O)c1cc(NC(=O)c2ccc(-c3ccncc3)cc2)ccn1,6.302,-5.847011
850,mol236,-12.37,Cc1cc(F)ccc1-c1cccc(C(=O)Nc2ccc(C(=O)O)cc2)c1,Cc1cc(F)ccc1-c1cccc(C(=O)Nc2ccc(C(=O)O)cc2)c1,6.981579,-4.8496175
470,mol245,-12.37,Cc1ccc(-c2cc(NC(=O)c3cc4ccccc4o3)c(NC(=O)c3ccc4cccnc4c3)cc2C(=O)O)cc1,Cc1ccc(-c2cc(NC(=O)c3cc4ccccc4o3)c(NC(=O)c3ccc4cccnc4c3)cc2C(=O)O)cc1,6.498718,-6.1596227
300,mol158,-12.37,Cc1c(Cl)cc(-c2ccc(C(=O)NS(=O)(=O)Cc3ccccc3)cc2)cc1Nc1ccc(C(=O)O)cc1,Cc1c(Cl)cc(-c2ccc(C(=O)NS(=O)(=O)Cc3ccccc3)cc2)cc1Nc1ccc(C(=O)O)cc1,6.422839,-6.2890215
640,mol231,-12.37,Cc1ccc(NC(=O)c2cccc(C(F)(F)F)c2)cc1Nc1ncnn2cc(C(=O)N(C)C)cc12,Cc1ccc(NC(=O)c2cccc(C(F)(F)F)c2)cc1Nc1ncnn2cc(C(=O)N(C)C)cc12,6.379115,-5.929923
640,mol0,-12.37,Cc1ccc(C(=O)Nc2ccc(F)c(Cn3ncc4cc(C(=O)O)ccc43)c2)cc1,Cc1ccc(C(=O)Nc2ccc(F)c(Cn3ncc4cc(C(=O)O)ccc43)c2)cc1,6.6594944,-5.2493076
760,mol370,-12.37,Cc1ccc(C(=O)Nc2ccc(/N=c3\sc4ccccc4n3C)cc2)cc1,Cc1ccc(C(=O)Nc2ccc(/N=c3\sc4ccccc4n3C)cc2)cc1,6.508783,-6.522165
250,mol121,-12.37,Cc1cc(NC(=O)c2cccc(-n3cc(NC(=O)NCc4ccccc4)cn3)c2)cc(N2CCCCC2)n1,Cc1cc(NC(=O)c2cccc(-n3cc(NC(=O)NCc4ccccc4)cn3)c2)cc(N2CCCCC2)n1,6.8249984,-5.563589
230,mol79,-12.37,Cc1cccc2ccc(Oc3ccc(C(=O)NC4CCN(C(=O)c5ccccc5O)CC4)cc3)cc12,Cc1cccc2ccc(Oc3ccc(C(=O)NC4CCN(C(=O)c5ccccc5O)CC4)cc3)cc12,6.503658,-6.6738753
710,mol226,-12.37,Cc1ccc(C(=O)Nc2ccc(C[N@H+]3CC[N@@H+](C)CC3)c3ccccc23)cc1C(=O)Nc1ccc(C(=O)O)cn1,Cc1ccc(C(=O)Nc2ccc(C[N@H+]3CC[N@@H+](C)CC3)c3ccccc23)cc1C(=O)Nc1ccc(C(=O)O)cn1,7.309664,-3.1626568
610,mol187,-12.37,Cc1ccc(Oc2ccc(NC(=O)c3ccc4ccccc4c3)cc2C(=O)O)cc1F,Cc1ccc(Oc2ccc(NC(=O)c3ccc4ccccc4c3)cc2C(=O)O)cc1F,6.7970963,-6.349959
850,mol170,-12.37,Cc1ccc(Nc2nccc(Nc3ccc4ccccc4c3)n2)cc1C,Cc1ccc(Nc2nccc(Nc3ccc4ccccc4c3)n2)cc1C,6.794019,-6.0610137
550,mol208,-12.37,Cc1ccc(Nc2nccc(Nc3ccc4c(c3)OCO4)n2)cc1Nc1ccc2c(c1)/C(=C\Nc1ccc(CC(=O)O)cc1)C(=O)N2,Cc1ccc(Nc2nccc(Nc3ccc4c(c3)OCO4)n2)cc1Nc1ccc2c(c1)/C(=C\Nc1ccc(CC(=O)O)cc1)C(=O)N2,6.793722,-6.5933623
340,mol176,-12.37,Cc1cc(OCc2nc(-c3ccc(C(c4ccccc4)c4ccccc4)cc3)cs2)cc(N2CCOCC2=O)c1,Cc1cc(OCc2nc(-c3ccc(C(c4ccccc4)c4ccccc4)cc3)cs2)cc(N2CCOCC2=O)c1,5.6614594,-6.5187225
890,mol122,-12.37,CC(C)(O)c1cccc(Nc2cc(-c3cccc(C(=O)NCc4ccc(F)cc4)c3)ncn2)c1,CC(C)(O)c1cccc(Nc2cc(-c3cccc(C(=O)NCc4ccc(F)cc4)c3)ncn2)c1,6.5729437,-6.196813
840,mol310,-12.37,Cc1ccc(Br)cc1-c1cc(Nc2ccnc(Nc3ccc(C(=O)N4CCOCC4)cc3)n2)ccn1,Cc1ccc(Br)cc1-c1cc(Nc2ccnc(Nc3ccc(C(=O)N4CCOCC4)cc3)n2)ccn1,6.73487,-5.768522
380,mol68,-12.37,c1ccc(Cc2ccc(CNc3ncc(-c4cccnc4)c4ccccc34)cc2)cc1,c1ccc(Cc2ccc(CNc3ncc(-c4cccnc4)c4ccccc34)cc2)cc1,5.805397,-6.4475007
760,mol253,-12.37,Cc1ccc(C(=O)Nc2cccc(CCCC(=O)O)c2)cc1NS(=O)(=O)c1ccc2ccccc2c1,Cc1ccc(C(=O)Nc2cccc(CCCC(=O)O)c2)cc1NS(=O)(=O)c1ccc2ccccc2c1,6.6377416,-5.5813565
340,mol90,-12.37,Cc1ccc(C(=O)Nc2ccc(C(=O)Nc3ccccc3CNc3ccc4c(c3)CCC4)cc2)cc1,Cc1ccc(C(=O)Nc2ccc(C(=O)Nc3ccccc3CNc3ccc4c(c3)CCC4)cc2)cc1,5.6909914,-6.2617197
390,mol441,-12.37,Cc1cc(NC(=O)c2ccc(C(=O)Nc3ccc(Oc4ccncc4)cc3)cc2CNC(=O)c2cnccn2)ccc1F,Cc1cc(NC(=O)c2ccc(C(=O)Nc3ccc(Oc4ccncc4)cc3)cc2CNC(=O)c2cnccn2)ccc1F,6.6951647,-6.6825466
830,mol11,-12.37,C[N@H+](Cc1ccc(C(=O)NCc2ccccc2)cc1)Cc1ccc(-c2ccccc2C(=O)O)cc1,C[N@H+](Cc1ccc(C(=O)NCc2ccccc2)cc1)Cc1ccc(-c2ccccc2C(=O)O)cc1,6.158945,-4.357315
90,mol165,-12.37,c1ccc(-c2ccnc(Nc3cccc(N4CCc5ccccc5C4)c3)n2)nc1,c1ccc(-c2ccnc(Nc3cccc(N4CCc5ccccc5C4)c3)n2)nc1,6.2120533,-5.1078196
550,mol248,-12.37,Cc1ccc(C#N)cc1NC(=O)c1ccc(-c2c[nH]c3ccc(C(N)=O)cc23)cn1,Cc1ccc(C#N)cc1NC(=O)c1ccc(-c2c[nH]c3ccc(C(N)=O)cc23)cn1,6.8634977,-5.874725
590,mol459,-12.37,CC(=O)Nc1ccc(NC(=O)c2cccc(Cn3cc(Cc4cccc(OC[C@H]5CCCN(C)C5)c4)cn3)c2)cc1,CC(=O)Nc1ccc(NC(=O)c2cccc(Cn3cc(Cc4cccc(OC[C@H]5CCCN(C)C5)c4)cn3)c2)cc1,6.5557346,-6.0005007
420,mol152,-12.37,Cc1ccc(Oc2ccc(NC(=O)c3ccc4nc(NC(=O)Cc5ccccc5)sc4c3)cc2)cc1,Cc1ccc(Oc2ccc(NC(=O)c3ccc4nc(NC(=O)Cc5ccccc5)sc4c3)cc2)cc1,5.996116,-7.6518383
630,mol101,-12.37,Cc1cccc(C(=O)Nc2cccc(-c3ccccc3C(=O)O)c2)c1C,Cc1cccc(C(=O)Nc2cccc(-c3ccccc3C(=O)O)c2)c1C,6.8253484,-5.099981
490,mol170,-12.37,CC(=O)Nc1ccc(NC(=O)c2cccc(Nc3nccc(Nc4cccc(C(=O)O)c4)n3)c2)cc1,CC(=O)Nc1ccc(NC(=O)c2cccc(Nc3nccc(Nc4cccc(C(=O)O)c4)n3)c2)cc1,6.4519835,-5.5439196
450,mol177,-12.37,NC(N)c1ccc(CNC(=O)Nc2ccc(Nc3ccc4ccccc4n3)cc2)cc1,NC(N)c1ccc(CNC(=O)Nc2ccc(Nc3ccc4ccccc4n3)cc2)cc1,6.243265,-4.636332
810,mol20,-12.36,Cc1cccc(C(=O)Nc2cccc(C(=O)Nc3ccc4nc(C)ccc4c3)c2)c1,Cc1cccc(C(=O)Nc2cccc(C(=O)Nc3ccc4nc(C)ccc4c3)c2)c1,6.2910357,-5.9695983
90,mol455,-12.36,NC(N)c1ccc2nc(-c3cccc(C(=O)Nc4ccccc4F)c3)oc2c1,NC(N)c1ccc2nc(-c3cccc(C(=O)Nc4ccccc4F)c3)oc2c1,6.641958,-5.3703685
600,mol357,-12.36,Cn1cccc1-c1ccc(Oc2ccc(NC(=O)Nc3ccc(Cl)c(C(=O)O)c3)cn2)cc1,Cn1cccc1-c1ccc(Oc2ccc(NC(=O)Nc3ccc(Cl)c(C(=O)O)c3)cn2)cc1,6.572111,-6.0920596
680,mol283,-12.36,Cc1ccc(C(=O)Nc2cccc(C(F)(F)F)c2)cc1C#Cc1cnc(N)c(-c2ccc3[nH]cnc3c2)n1,Cc1ccc(C(=O)Nc2cccc(C(F)(F)F)c2)cc1C#Cc1cnc(N)c(-c2ccc3[nH]cnc3c2)n1,6.6356173,-6.834423
1000,mol273,-12.36,COc1ccc(-c2ccc3c(NC(=O)c4cccc(C(=O)O)c4)cccc3c2)cc1NC(=O)c1ccccc1,COc1ccc(-c2ccc3c(NC(=O)c4cccc(C(=O)O)c4)cccc3c2)cc1NC(=O)c1ccccc1,6.1131377,-6.5406294
180,mol40,-12.36,Nc1cc(Nc2ccc(S(N)(=O)=O)cc2)nn1Cc1ccc(-c2cccc(C(=O)O)c2)cc1,Nc1cc(Nc2ccc(S(N)(=O)=O)cc2)nn1Cc1ccc(-c2cccc(C(=O)O)c2)cc1,6.6283875,-4.0503707
450,mol425,-12.36,Cc1noc(C)c1-c1ccc2c(ccn2Cc2ccc(NC(=O)c3ccc4ccccc4n3)cc2)c1,Cc1noc(C)c1-c1ccc2c(ccn2Cc2ccc(NC(=O)c3ccc4ccccc4n3)cc2)c1,5.6379476,-6.1553645
340,mol148,-12.36,Cc1c(-c2cccc(C(=O)Nc3ccc(N)nc3)c2)cccc1[N@H+]1CC[C@@H](NS(O)(O)O)CC1,Cc1c(-c2cccc(C(=O)Nc3ccc(N)nc3)c2)cccc1[N@H+]1CC[C@@H](NS(O)(O)O)CC1,7.020024,-3.2014291
500,mol332,-12.36,CC(=O)Nc1ccc(S(=O)(=O)Nc2cccc(-c3cc4ccccc4o3)c2)cc1,CC(=O)Nc1ccc(S(=O)(=O)Nc2cccc(-c3cc4ccccc4o3)c2)cc1,6.565005,-6.0399575
210,mol450,-12.36,CC(=O)Nc1ccc(S(=O)(=O)Nc2ccc(Oc3ccc4ccccc4c3)cc2C#N)cc1,CC(=O)Nc1ccc(S(=O)(=O)Nc2ccc(Oc3ccc4ccccc4c3)cc2C#N)cc1,6.3789115,-6.832325
70,mol127,-12.36,c1ccc(Nc2ncnc(-c3cccc(-c4ccccc4)c3)n2)cc1,c1ccc(Nc2ncnc(-c3cccc(-c4ccccc4)c3)n2)cc1,6.124738,-5.920935
70,mol356,-12.36,c1ccc(Nc2cccc(-c3cccnc3Oc3ccc(-c4nc5ccccc5s4)cc3)n2)cc1,c1ccc(Nc2cccc(-c3cccnc3Oc3ccc(-c4nc5ccccc5s4)cc3)n2)cc1,5.6389194,-6.8794107
490,mol8,-12.36,Cc1ccc(CNC(=O)c2ccccc2CNC(=O)c2ccc(C(=O)NC(=O)NCc3ccccc3)cc2)cc1,Cc1ccc(CNC(=O)c2ccccc2CNC(=O)c2ccc(C(=O)NC(=O)NCc3ccccc3)cc2)cc1,6.076157,-6.608927
580,mol63,-12.36,COc1cccc(Nc2ncc(-c3cccc(C(=O)Nc4ccc(Cc5nc(C)cs5)cc4)c3)[nH]2)c1,COc1cccc(Nc2ncc(-c3cccc(C(=O)Nc4ccc(Cc5nc(C)cs5)cc4)c3)[nH]2)c1,5.9613137,-6.7548375
670,mol254,-12.36,CNc1cccc(CCc2cc(Nc3ccnc(Nc4cccc(C(=O)O)c4)n3)cc(NS(=O)(=O)c3cccc(C(=O)O)c3)c2)c1,CNc1cccc(CCc2cc(Nc3ccnc(Nc4cccc(C(=O)O)c4)n3)cc(NS(=O)(=O)c3cccc(C(=O)O)c3)c2)c1,6.855712,-5.295221
120,mol271,-12.36,c1ccc(-c2ccnc(Nc3ccc(-c4cn[nH]c4-c4ccccc4)cc3)n2)cc1,c1ccc(-c2ccnc(Nc3ccc(-c4cn[nH]c4-c4ccccc4)cc3)n2)cc1,6.045393,-6.425739
260,mol390,-12.36,CC(=O)Nc1cccc(Nc2ncc(-c3cccc(C(=O)Nc4ccccc4)c3)s2)c1,CC(=O)Nc1cccc(Nc2ncc(-c3cccc(C(=O)Nc4ccccc4)c3)s2)c1,6.2272644,-6.5765243
610,mol373,-12.36,CC(C)=CCc1cc(-c2ccc(C(=O)Nc3ccc(C(=O)O)cc3)cc2)ccc1O,CC(C)=CCc1cc(-c2ccc(C(=O)Nc3ccc(C(=O)O)cc3)cc2)ccc1O,6.3163786,-5.885579
760,mol323,-12.36,CN(CCc1ccccc1)C(=O)c1ccc(NC(=O)c2cc(NC(=O)c3cccc(C(F)(F)F)c3)ccn2)cc1,CN(CCc1ccccc1)C(=O)c1ccc(NC(=O)c2cc(NC(=O)c3cccc(C(F)(F)F)c3)ccn2)cc1,6.2759953,-6.1602173
220,mol276,-12.36,Nc1nc(Nc2cccc(S(N)(=O)=O)c2)sc1C(=O)c1cccc(Oc2ccccc2)c1,Nc1nc(Nc2cccc(S(N)(=O)=O)c2)sc1C(=O)c1cccc(Oc2ccccc2)c1,6.0051208,-5.9419966
410,mol13,-12.36,Cc1cccc(-c2nc(N)c(C(=O)NCc3ccc4ccccc4c3)s2)c1,Cc1cccc(-c2nc(N)c(C(=O)NCc3ccc4ccccc4c3)s2)c1,6.000198,-5.551728
840,mol170,-12.36,Cc1ccc(C[N@H+]2CC[C@H](NC(=O)c3ccc4cc(Cl)ccc4c3)C2)cc1,Cc1ccc(C[N@H+]2CC[C@H](NC(=O)c3ccc4cc(Cl)ccc4c3)C2)cc1,6.3464565,-4.07343
210,mol210,-12.36,CN(c1ccc(C(=O)Nc2ccccc2N)cc1)S(=O)(=O)c1ccc(Oc2ccccc2)cc1,CN(c1ccc(C(=O)Nc2ccccc2N)cc1)S(=O)(=O)c1ccc(Oc2ccccc2)cc1,6.1873407,-6.9197726
770,mol401,-12.36,Cc1ccc(-c2ccc(OCc3cc(=O)oc4ccccc34)cc2)cc1,Cc1ccc(-c2ccc(OCc3cc(=O)oc4ccccc34)cc2)cc1,6.1735835,-7.319786
730,mol366,-12.36,Cc1ccc(C(=O)Nc2ccc(Oc3ccncc3)cc2)cc1C#Cc1ccc2ccccc2n1,Cc1ccc(C(=O)Nc2ccc(Oc3ccncc3)cc2)cc1C#Cc1ccc2ccccc2n1,6.05097,-7.2310495
400,mol289,-12.36,Cc1nc2ccc(NC(=O)CCCc3ccc(S(C)(=O)=O)cc3)cc2nc1-c1ccc2ccccc2c1,Cc1nc2ccc(NC(=O)CCCc3ccc(S(C)(=O)=O)cc3)cc2nc1-c1ccc2ccccc2c1,6.0466638,-6.2901053
340,mol269,-12.36,Cc1ccc(S(=O)(=O)c2nc(-c3ccc(C(=O)Nc4ncc(C(=O)NCc5ccccc5)s4)cc3)oc2C)cc1,Cc1ccc(S(=O)(=O)c2nc(-c3ccc(C(=O)Nc4ncc(C(=O)NCc5ccccc5)s4)cc3)oc2C)cc1,6.415115,-6.7137885
120,mol341,-12.36,Cc1ccc(NC(=O)c2cccc(C(C)(C)C)c2)cc1Nc1nccc(-c2cccnc2)n1,Cc1ccc(NC(=O)c2cccc(C(C)(C)C)c2)cc1Nc1nccc(-c2cccnc2)n1,6.418299,-6.137553
500,mol163,-12.36,CNC(=O)Nc1ccc(Nc2ncc(C(F)(F)F)c(Nc3ccc4ccccc4c3)n2)cc1,CNC(=O)Nc1ccc(Nc2ncc(C(F)(F)F)c(Nc3ccc4ccccc4c3)n2)cc1,6.474828,-6.0572066
180,mol45,-12.36,Oc1ccc(F)cc1-c1ccc(Nc2nc(Nc3ccc(C(F)(F)F)cc3)n3ncnc3n2)nc1,Oc1ccc(F)cc1-c1ccc(Nc2nc(Nc3ccc(C(F)(F)F)cc3)n3ncnc3n2)nc1,5.9477024,-6.649513
950,mol321,-12.36,C[C@@H](c1ccc(Cl)cc1)c1cc(C(=O)Nc2cccc(C(=O)NC(C)(C)C)c2)ccc1O,C[C@@H](c1ccc(Cl)cc1)c1cc(C(=O)Nc2cccc(C(=O)NC(C)(C)C)c2)ccc1O,6.380953,-5.946995
430,mol168,-12.36,CN(NC(=O)Nc1cccc(C(F)(F)F)c1)C(=O)NC(=O)c1ccc(-c2ccccc2)cc1,CN(NC(=O)Nc1cccc(C(F)(F)F)c1)C(=O)NC(=O)c1ccc(-c2ccccc2)cc1,6.2673745,-6.9582977
520,mol76,-12.36,Cc1ccc(-c2ncc(C(=O)Nc3cccc(NC(=O)c4ccccn4)c3)c(N)n2)cc1,Cc1ccc(-c2ncc(C(=O)Nc3cccc(NC(=O)c4ccccn4)c3)c(N)n2)cc1,6.291921,-6.1689453
470,mol275,-12.36,CC(=O)N(Cc1ccc(NC(=O)c2ccc(C(=O)NC(C)(C)c3ccccc3)cc2)cc1)c1ccc(C(=O)c2ccccc2)cc1,CC(=O)N(Cc1ccc(NC(=O)c2ccc(C(=O)NC(C)(C)c3ccccc3)cc2)cc1)c1ccc(C(=O)c2ccccc2)cc1,6.420353,-6.6030297
470,mol46,-12.36,C[C@@H](NC(=O)c1cc(Nc2ccnc3cc(Cl)ccc23)cc(C(=O)O)c1)c1cccc(OCc2cccc(Cl)c2)c1,C[C@@H](NC(=O)c1cc(Nc2ccnc3cc(Cl)ccc23)cc(C(=O)O)c1)c1cccc(OCc2cccc(Cl)c2)c1,6.3337183,-6.3100157
260,mol131,-12.36,Cc1nc2ccc(NCc3cnc(N)c(Cl)c3)cc2n1-c1ccc(NC(=O)c2ccc(OCCF)cc2)cc1,Cc1nc2ccc(NCc3cnc(N)c(Cl)c3)cc2n1-c1ccc(NC(=O)c2ccc(OCCF)cc2)cc1,6.441875,-6.509826
960,mol360,-12.36,Cc1ccccc1-c1ccc(C[C@H](C)Nc2ccnc(Nc3cccc(C(=O)NCC[NH+]4CCCC4)c3)n2)cc1,Cc1ccccc1-c1ccc(C[C@H](C)Nc2ccnc(Nc3cccc(C(=O)NCC[NH+]4CCCC4)c3)n2)cc1,6.6953797,-4.125681
980,mol393,-12.36,Cc1ccc(C(=O)Nc2cccc(C(N)=O)c2)cc1Nc1nccc(-c2cccnc2)n1,Cc1ccc(C(=O)Nc2cccc(C(N)=O)c2)cc1Nc1nccc(-c2cccnc2)n1,6.7739277,-5.477738
230,mol330,-12.36,Cc1ccc(NC(=O)c2ccc(C[N@H+]3CC[N@H+](C)CC3)cc2)cc1Nc1nccc(-c2cnc(Nc3ccccc3)s2)n1,Cc1ccc(NC(=O)c2ccc(C[N@H+]3CC[N@H+](C)CC3)cc2)cc1Nc1nccc(-c2cnc(Nc3ccccc3)s2)n1,6.6658716,-3.9771264
480,mol468,-12.36,Cc1ccc(Cl)cc1-c1cc(NC(=O)c2ccc(C(=O)Nc3ccc(C(=O)O)cn3)cc2)ccc1C(=O)NO,Cc1ccc(Cl)cc1-c1cc(NC(=O)c2ccc(C(=O)Nc3ccc(C(=O)O)cn3)cc2)ccc1C(=O)NO,6.8726435,-6.1742177
550,mol266,-12.36,Cc1ncc(-c2nc(COc3cccc(NC(=O)Nc4cccc(C(F)(F)F)c4)c3)cs2)cc1O,Cc1ncc(-c2nc(COc3cccc(NC(=O)Nc4cccc(C(F)(F)F)c4)c3)cs2)cc1O,6.259388,-6.7956657
530,mol444,-12.36,Cc1ccc(NC(=O)Nc2cncc(C(=O)Nc3ccccc3)c2)cc1Nc1ncccc1-c1ccncn1,Cc1ccc(NC(=O)Nc2cncc(C(=O)Nc3ccccc3)c2)cc1Nc1ncccc1-c1ccncn1,6.700897,-6.5116067
900,mol486,-12.36,COc1ccc(Nc2nccc(-c3c[nH]c4ccccc34)n2)cc1NC(=O)c1ccc(C)c(C)c1,COc1ccc(Nc2nccc(-c3c[nH]c4ccccc34)n2)cc1NC(=O)c1ccc(C)c(C)c1,6.5825167,-6.6451116
380,mol42,-12.36,Cc1cccc(NC(=O)Nc2ccc(Oc3ccnc4[nH]cc(-c5ccccc5)c34)cc2)c1,Cc1cccc(NC(=O)Nc2ccc(Oc3ccnc4[nH]cc(-c5ccccc5)c34)cc2)c1,5.9752665,-7.1794143
880,mol185,-12.36,Cc1ccc(-c2c[nH]c(-c3ccc(Oc4ncccc4C[NH+]4CCCCC4)cc3)n2)cc1,Cc1ccc(-c2c[nH]c(-c3ccc(Oc4ncccc4C[NH+]4CCCCC4)cc3)n2)cc1,6.4490333,-5.8525424
750,mol317,-12.36,Cc1ncc(COc2ccc3nccnc3c2)cc1NS(=O)(=O)c1ccc(NC(=O)c2ccco2)cc1,Cc1ncc(COc2ccc3nccnc3c2)cc1NS(=O)(=O)c1ccc(NC(=O)c2ccco2)cc1,6.6922855,-6.613232
790,mol304,-12.36,Cc1ccc(C(=O)Nc2cccc(C(N)=O)c2)cc1C#Cc1cnc(N)c(C(=O)c2ccn(C)n2)n1,Cc1ccc(C(=O)Nc2cccc(C(N)=O)c2)cc1C#Cc1cnc(N)c(C(=O)c2ccn(C)n2)n1,6.8913493,-3.8960588
270,mol224,-12.36,Cc1cc2ccccc2nc1-c1ccc(NC(=O)Nc2ccc(C#N)cc2)cc1,Cc1cc2ccccc2nc1-c1ccc(NC(=O)Nc2ccc(C#N)cc2)cc1,6.4895453,-6.8817396
550,mol353,-12.36,Cc1ccc(CNC(=O)c2ccc(COc3cccc4ccccc34)cc2)cc1,Cc1ccc(CNC(=O)c2ccc(COc3cccc4ccccc34)cc2)cc1,6.140206,-6.848167
940,mol444,-12.36,Cc1ccc(NC(=O)c2ccc(-c3ccccc3)cc2)cc1NC(=O)c1cnn(-c2ccccc2)c1N,Cc1ccc(NC(=O)c2ccc(-c3ccccc3)cc2)cc1NC(=O)c1cnn(-c2ccccc2)c1N,6.1171656,-6.649435
420,mol215,-12.36,Cc1cc(Nc2cc(NC(=O)c3ccc(C(=O)Nc4ccc(C(=O)O)cc4)cc3)ccn2)nc(N)n1,Cc1cc(Nc2cc(NC(=O)c3ccc(C(=O)Nc4ccc(C(=O)O)cc4)cc3)ccn2)nc(N)n1,6.7849207,-4.8677945
870,mol280,-12.36,Cc1ccc(CNC(=O)c2cccc(C(=O)Nc3cccc(C(=O)c4ccccc4)c3)c2)cc1,Cc1ccc(CNC(=O)c2cccc(C(=O)Nc3cccc(C(=O)c4ccccc4)c3)c2)cc1,5.7189517,-6.362435
370,mol221,-12.36,Cc1cc(CC(=O)N2CCN(c3ccc(C(=O)Nc4ccc(C(=O)O)cc4)cc3)CC2)ccc1F,Cc1cc(CC(=O)N2CCN(c3ccc(C(=O)Nc4ccc(C(=O)O)cc4)cc3)CC2)ccc1F,6.5791926,-4.6136484
380,mol54,-12.36,Cc1cccc(-n2nc(C(C)(C)C)cc2NC(=O)Nc2cccc(Nc3ncnc4ccc(N)cc34)c2)c1,Cc1cccc(-n2nc(C(C)(C)C)cc2NC(=O)Nc2cccc(Nc3ncnc4ccc(N)cc34)c2)c1,6.9713054,-6.69859
360,mol291,-12.36,Cc1ccccc1C(=O)Nc1ccc2nc(Nc3ccccc3)ncc2c1,Cc1ccccc1C(=O)Nc1ccc2nc(Nc3ccccc3)ncc2c1,6.845043,-5.529734
800,mol350,-12.35,Cc1ccc(C(=O)Nc2cccc(-c3ccc4ccccc4n3)c2)cc1,Cc1ccc(C(=O)Nc2cccc(-c3ccc4ccccc4n3)c2)cc1,5.733502,-6.238651
420,mol49,-12.35,Cc1cc(Nc2cc(NS(C)(=O)=O)cc(C(=O)Nc3ccc(C(=O)O)cc3)c2)cc(C(=O)Nc2ccc(C(=O)O)c(N)c2)c1,Cc1cc(Nc2cc(NS(C)(=O)=O)cc(C(=O)Nc3ccc(C(=O)O)cc3)c2)cc(C(=O)Nc2ccc(C(=O)O)c(N)c2)c1,7.083249,-5.0687017
590,mol166,-12.35,Cc1cccc(CNC(=O)c2cccc(Nc3ccnc4ccccc34)c2)c1,Cc1cccc(CNC(=O)c2cccc(Nc3ccnc4ccccc34)c2)c1,6.335312,-5.89109
530,mol310,-12.35,Cc1ccc(C(=O)N2CCC(O)(Cc3ccccn3)CC2)cc1NC(=O)c1cnn(-c2ccccc2)c1,Cc1ccc(C(=O)N2CCC(O)(Cc3ccccn3)CC2)cc1NC(=O)c1cnn(-c2ccccc2)c1,7.0850725,-4.6935782
740,mol195,-12.35,Cc1ccc(Cn2nc(-c3ccc(C(=O)Nc4cccc(C(=O)O)c4)cc3)cc2NC(N)=O)cc1,Cc1ccc(Cn2nc(-c3ccc(C(=O)Nc4cccc(C(=O)O)c4)cc3)cc2NC(N)=O)cc1,6.2234616,-5.8090477
230,mol166,-12.35,Cc1nc(Nc2nccc(-c3c[nH]c4ccccc34)n2)cc(NCc2ccccc2)c1F,Cc1nc(Nc2nccc(-c3c[nH]c4ccccc34)n2)cc(NCc2ccccc2)c1F,6.240189,-5.9211097
390,mol393,-12.35,Cc1ccccc1-c1cccc2cc(NC(=O)N[C@@H](C)c3ccccc3)nnc12,Cc1ccccc1-c1cccc2cc(NC(=O)N[C@@H](C)c3ccccc3)nnc12,6.300758,-6.428386
550,mol309,-12.35,Cc1ccc(Oc2cncnc2Nc2ccc3nc(N)[nH]c(=O)c3c2)cc1NC(=O)c1cnccn1,Cc1ccc(Oc2cncnc2Nc2ccc3nc(N)[nH]c(=O)c3c2)cc1NC(=O)c1cnccn1,7.1576304,-5.7706428
340,mol213,-12.35,Cc1c(Cc2ccccc2)c(=O)oc2cc(NC(=O)Cc3cccc(OCc4ncc(C(C)(C)C)cc4C[PH](O)(O)O)c3)ccc12,Cc1c(Cc2ccccc2)c(=O)oc2cc(NC(=O)Cc3cccc(OCc4ncc(C(C)(C)C)cc4C[PH](O)(O)O)c3)ccc12,6.7619286,-6.6948123
350,mol38,-12.35,Cc1cc(NC(=O)c2cccc(Nc3ccc4ccccc4c3)c2)ccn1,Cc1cc(NC(=O)c2cccc(Nc3ccc4ccccc4c3)c2)ccn1,6.236769,-5.8861346
530,mol113,-12.35,NC(N)c1ccc(CNC(=O)c2ccc(OCc3ccc(CNC(=O)c4cccc(C(F)(F)F)c4)cc3)cc2)cc1,NC(N)c1ccc(CNC(=O)c2ccc(OCc3ccc(CNC(=O)c4cccc(C(F)(F)F)c4)cc3)cc2)cc1,6.4520583,-6.3266306
830,mol247,-12.35,C[C@@H](COC(=O)c1cccc(C(N)N)c1)NC(=O)c1ccc(C#Cc2cccc(C(=O)Nc3cccc(C(=O)O)c3)c2)cc1,C[C@@H](COC(=O)c1cccc(C(N)N)c1)NC(=O)c1ccc(C#Cc2cccc(C(=O)Nc3cccc(C(=O)O)c3)c2)cc1,7.0542564,-4.8844037
770,mol152,-12.35,CCS(=O)(=O)c1ccc(CC(=O)Nc2ccc(NC(=O)c3ccc4ccccc4n3)cc2)cc1,CCS(=O)(=O)c1ccc(CC(=O)Nc2ccc(NC(=O)c3ccc4ccccc4n3)cc2)cc1,6.424765,-5.7457995
260,mol406,-12.35,Cc1ccccc1NC(=O)c1cnc(Nc2ccc(Nc3ccnc4cc(Cl)ccc34)cc2)s1,Cc1ccccc1NC(=O)c1cnc(Nc2ccc(Nc3ccnc4cc(Cl)ccc34)cc2)s1,6.126027,-6.935351
210,mol379,-12.35,Nc1nc(NCc2cccc(C(=O)Nc3ccccc3)c2)cc(N2CCN(c3ccccc3)CC2)n1,Nc1nc(NCc2cccc(C(=O)Nc3ccccc3)c2)cc(N2CCN(c3ccccc3)CC2)n1,5.540218,-4.5664024
300,mol87,-12.35,Cc1ccc(N/C=C2/C(=O)/C(=C\c3ccc(O)c(O)c3)N(O)C2=O)cc1,Cc1ccc(N/C=C2/C(=O)/C(=C\c3ccc(O)c(O)c3)N(O)C2=O)cc1,6.169572,-4.7518015
560,mol81,-12.35,Cc1cc(NCc2cccc(C(=O)NO)c2)ccc1Nc1nccc(-c2cccnc2)n1,Cc1cc(NCc2cccc(C(=O)NO)c2)ccc1Nc1nccc(-c2cccnc2)n1,6.448604,-5.0278897
480,mol395,-12.35,Cc1ccc(C(=O)Nc2ccc(C(F)(F)F)cc2)cc1Nc1ncnn2cc(-c3ccccc3)cc12,Cc1ccc(C(=O)Nc2ccc(C(F)(F)F)cc2)cc1Nc1ncnn2cc(-c3ccccc3)cc12,6.204858,-7.031347
350,mol333,-12.35,Cc1ccc(C(=O)NO)cc1NC(=O)c1ccc(-c2cccc(C(=O)O)c2)o1,Cc1ccc(C(=O)NO)cc1NC(=O)c1ccc(-c2cccc(C(=O)O)c2)o1,7.0797553,-4.9725385
390,mol82,-12.35,Cc1ccc(-c2ncc(C(=O)Nc3cccc(C(=O)NCc4ccccc4Sc4ccccc4C[NH3+])c3)s2)cc1,Cc1ccc(-c2ncc(C(=O)Nc3cccc(C(=O)NCc4ccccc4Sc4ccccc4C[NH3+])c3)s2)cc1,6.237116,-6.5634003
530,mol361,-12.35,Cc1cc(NC(=O)c2cccc(Oc3ccc(NC(=O)c4ccccc4)cc3)c2)cc(C)c1O,Cc1cc(NC(=O)c2cccc(Oc3ccc(NC(=O)c4ccccc4)cc3)c2)cc(C)c1O,6.3119106,-6.542385
410,mol39,-12.35,Nc1ncccc1Oc1ccc(Nc2ccc3ncc(-c4ccccc4)nc3n2)cc1,Nc1ncccc1Oc1ccc(Nc2ccc3ncc(-c4ccccc4)nc3n2)cc1,6.128043,-6.8700123
320,mol277,-12.35,Cc1ccc(C(=O)Nc2ccon2)cc1-n1cnc2ccc(NCc3ccccc3)cc2c1=O,Cc1ccc(C(=O)Nc2ccon2)cc1-n1cnc2ccc(NCc3ccccc3)cc2c1=O,5.9690657,-5.9479547
590,mol179,-12.35,Cc1ccc(Nc2ccc3nc(N)cc(N)c3c2)cc1Nc1ncnc2ccccc12,Cc1ccc(Nc2ccc3nc(N)cc(N)c3c2)cc1Nc1ncnc2ccccc12,6.3919578,-5.539505
430,mol127,-12.35,Cc1ccc(C(=O)Nc2ccc(CNC(N)N)cc2)cc1Nc1nccc(-c2ccncc2)n1,Cc1ccc(C(=O)Nc2ccc(CNC(N)N)cc2)cc1Nc1nccc(-c2ccncc2)n1,6.7882724,-4.296283
270,mol409,-12.35,Cc1ccc(C(=O)NC2CC2)cc1NC(=O)c1ccc(C(=O)NCc2ccccc2)c(Nc2ncnc3ccccc23)c1,Cc1ccc(C(=O)NC2CC2)cc1NC(=O)c1ccc(C(=O)NCc2ccccc2)c(Nc2ncnc3ccccc23)c1,6.6279902,-6.5977726
880,mol152,-12.35,C[C@@H](NS(=O)(=O)c1cccc(-c2ccc(C(=O)O)o2)c1)c1ccc(-c2ccc(Oc3ccccc3)cc2)cc1,C[C@@H](NS(=O)(=O)c1cccc(-c2ccc(C(=O)O)o2)c1)c1ccc(-c2ccc(Oc3ccccc3)cc2)cc1,6.3417435,-6.5527954
580,mol278,-12.35,COc1ccc(Nc2nccc(-c3c[nH]c4ccccc34)n2)cc1NC(=O)c1ccc(N)cc1,COc1ccc(Nc2nccc(-c3c[nH]c4ccccc34)n2)cc1NC(=O)c1ccc(N)cc1,6.370778,-6.3577294
720,mol133,-12.35,Cc1cccc(/C=N\c2ncc(Cc3ccc(C(=O)NCc4ccccc4)cc3)s2)c1,Cc1cccc(/C=N\c2ncc(Cc3ccc(C(=O)NCc4ccccc4)cc3)s2)c1,6.17895,-6.2621202
510,mol301,-12.35,COc1cc(O)cc(Nc2cccc(-c3ccc(-c4ccccc4)cc3)c2)c1,COc1cc(O)cc(Nc2cccc(-c3ccc(-c4ccccc4)cc3)c2)c1,5.7559843,-6.761584
440,mol236,-12.35,Nc1nc(NCc2ccc(-c3ccccc3C(=O)O)cc2)sc1C(=O)c1cccc(O)c1,Nc1nc(NCc2ccc(-c3ccccc3C(=O)O)cc2)sc1C(=O)c1cccc(O)c1,5.953354,-5.065878
200,mol370,-12.35,Cc1cccc(C(=O)Nc2ccc(Nc3nccc(-c4ccccc4O)n3)cc2)c1,Cc1cccc(C(=O)Nc2ccc(Nc3nccc(-c4ccccc4O)n3)cc2)c1,6.1487355,-6.1698017
900,mol123,-12.35,COc1ccc(-c2ccc(S(=O)(=O)C[C@@H](O)C(=O)N(C)C3Cc4ccccc4C3)cc2)cc1,COc1ccc(-c2ccc(S(=O)(=O)C[C@@H](O)C(=O)N(C)C3Cc4ccccc4C3)cc2)cc1,6.5731177,-4.3227315
710,mol394,-12.35,CCNC(=O)c1ccc(NC(=O)Nc2cccc(Oc3ccnc4[nH]ccc34)c2)cc1,CCNC(=O)c1ccc(NC(=O)Nc2cccc(Oc3ccnc4[nH]ccc34)c2)cc1,6.4754677,-6.082066
190,mol378,-12.35,C[N@H+](CCCc1ccc(-c2ccc(CNC(=O)c3cc4ccccc4o3)cc2)cc1)Cc1ccc(-c2ccc(C#N)cc2)s1,C[N@H+](CCCc1ccc(-c2ccc(CNC(=O)c3cc4ccccc4o3)cc2)cc1)Cc1ccc(-c2ccc(C#N)cc2)s1,6.3397346,-6.4828186
550,mol492,-12.35,Cc1ccccc1-c1ccc(Nc2nccc(-c3ccncn3)n2)cc1,Cc1ccccc1-c1ccc(Nc2nccc(-c3ccncn3)n2)cc1,6.4166956,-4.938489
320,mol233,-12.35,Cc1ccc(Nc2nccc(-c3ccnc(Nc4ccc(C(=O)Nc5ccccc5)cc4)c3)n2)cc1,Cc1ccc(Nc2nccc(-c3ccnc(Nc4ccc(C(=O)Nc5ccccc5)cc4)c3)n2)cc1,5.950535,-6.517801
870,mol368,-12.35,CCC(=O)Nc1ccc(-c2ccc(NC(=O)c3ccccc3C(=O)O)cc2C(=O)O)cc1,CCC(=O)Nc1ccc(-c2ccc(NC(=O)c3ccccc3C(=O)O)cc2C(=O)O)cc1,6.5240335,-4.910454
870,mol193,-12.35,COc1cc(C(=O)Nc2ccc(Oc3ccnc(Nc4ccc(C(C)(C)O)c5ccccc45)n3)cc2)cc(OC)c1OC,COc1cc(C(=O)Nc2ccc(Oc3ccnc(Nc4ccc(C(C)(C)O)c5ccccc45)n3)cc2)cc(OC)c1OC,5.9967113,-7.2728357
820,mol98,-12.35,Cc1ccc(C(=O)Nc2cc3[nH]c(-c4cc(Cl)ccc4Cl)nc3cn2)cc1,Cc1ccc(C(=O)Nc2cc3[nH]c(-c4cc(Cl)ccc4Cl)nc3cn2)cc1,6.324809,-6.724992
320,mol187,-12.35,Cc1occ([C@H]2CC=NC2=O)c(=O)c1-c1ccc(C(=O)Nc2ccc(C(=O)O)cc2)cc1,Cc1occ([C@H]2CC=NC2=O)c(=O)c1-c1ccc(C(=O)Nc2ccc(C(=O)O)cc2)cc1,6.5705953,-5.4942255
930,mol58,-12.35,CN(Cc1ccc(OCc2ccccc2)cc1)C(=O)c1ccc(C(=O)Nc2cc(/N=C\c3ccccc3)ncn2)cc1,CN(Cc1ccc(OCc2ccccc2)cc1)C(=O)c1ccc(C(=O)Nc2cc(/N=C\c3ccccc3)ncn2)cc1,6.3559184,-7.147135
640,mol67,-12.35,Cc1ccc(NC(=O)c2ccc(C(=O)NCc3ccccc3)cc2)cc1Nc1ccnc(Nc2ccc(NC(=O)OC(C)(C)C)cc2)n1,Cc1ccc(NC(=O)c2ccc(C(=O)NCc3ccccc3)cc2)cc1Nc1ccnc(Nc2ccc(NC(=O)OC(C)(C)C)cc2)n1,6.834593,-6.63948
370,mol173,-12.35,Cc1ccc(C(=O)Nc2cccc(C(=O)NCc3ccc(C(=O)N[C@@H](C)C(=O)O)cc3)c2)cc1,Cc1ccc(C(=O)Nc2cccc(C(=O)NCc3ccc(C(=O)N[C@@H](C)C(=O)O)cc3)c2)cc1,6.409128,-4.5769978
750,mol283,-12.35,Cc1ccc(NC(=O)c2cccc(C(F)(F)F)c2)cc1-c1ccc(-c2nccnc2N)cc1,Cc1ccc(NC(=O)c2cccc(C(F)(F)F)c2)cc1-c1ccc(-c2nccnc2N)cc1,6.4057035,-6.396512
180,mol403,-12.35,Nc1nccc(Nc2cc([C@H]3CC[C@@H](C(=O)Nc4cccc(C(F)(F)F)c4)CC3)ncn2)n1,Nc1nccc(Nc2cc([C@H]3CC[C@@H](C(=O)Nc4cccc(C(F)(F)F)c4)CC3)ncn2)n1,6.6753516,-5.502258
620,mol72,-12.35,NC(=O)c1ccc(-c2ccc(C(=O)Nc3ccc(B(O)O)cc3)cc2)cc1,NC(=O)c1ccc(-c2ccc(C(=O)Nc3ccc(B(O)O)cc3)cc2)cc1,6.32751,-3.6323154
370,mol485,-12.35,Cc1cc(Oc2cccc(-c3nnnn3C(C)(C)O)c2)cc(Nc2ccnc3[nH]ccc23)c1F,Cc1cc(Oc2cccc(-c3nnnn3C(C)(C)O)c2)cc(Nc2ccnc3[nH]ccc23)c1F,6.773131,-6.3762245
260,mol216,-12.35,Cc1cc(NC(=O)c2ccccc2)ccc1NC(=O)c1cccc(C(=O)O)c1,Cc1cc(NC(=O)c2ccccc2)ccc1NC(=O)c1cccc(C(=O)O)c1,6.5891433,-4.968411
920,mol128,-12.35,Cc1ccc(C(=O)Nc2ccc(C(=O)Nc3ccccc3)c3ccccc23)cc1,Cc1ccc(C(=O)Nc2ccc(C(=O)Nc3ccccc3)c3ccccc23)cc1,6.168138,-6.607031
290,mol424,-12.35,CN(Cc1cnc2nc(Nc3ccc(C(=O)N[C@H](CC(=O)O)C(=O)O)cc3)nnc2n1)c1cccc(C(=O)O)c1,CN(Cc1cnc2nc(Nc3ccc(C(=O)N[C@H](CC(=O)O)C(=O)O)cc3)nnc2n1)c1cccc(C(=O)O)c1,6.5949054,-3.461943
900,mol36,-12.35,CN(C(=O)c1ccc(Cc2ccccc2)cc1C(F)(F)F)c1ccc(OCc2cccc(C(=O)O)c2)cc1,CN(C(=O)c1ccc(Cc2ccccc2)cc1C(F)(F)F)c1ccc(OCc2cccc(C(=O)O)c2)cc1,6.2527514,-6.4265027
710,mol139,-12.35,Cc1ccccc1-c1cccc(CC(=O)Nc2nc3ccccc3o2)c1,Cc1ccccc1-c1cccc(CC(=O)Nc2nc3ccccc3o2)c1,6.202139,-6.518574
470,mol368,-12.35,C[C@H](Oc1cccc(-c2cc(-c3ccc(Cl)cc3)ncn2)c1)C(=O)N(C)c1cccc(Cl)c1,C[C@H](Oc1cccc(-c2cc(-c3ccc(Cl)cc3)ncn2)c1)C(=O)N(C)c1cccc(Cl)c1,6.232107,-7.316671
780,mol346,-12.35,Cc1ccc(C(=O)Nc2ccc(Oc3ccnc4ccc(NC(=O)c5ccccc5)cc34)cc2)cc1,Cc1ccc(C(=O)Nc2ccc(Oc3ccnc4ccc(NC(=O)c5ccccc5)cc34)cc2)cc1,6.0061007,-7.1452436
750,mol428,-12.35,CCCNc1cc(-c2cccnc2Oc2ccc(NC(=O)Nc3ccc4c(C)cc(=O)oc4c3)cc2C(=O)O)ccn1,CCCNc1cc(-c2cccnc2Oc2ccc(NC(=O)Nc3ccc4c(C)cc(=O)oc4c3)cc2C(=O)O)ccn1,6.5276823,-6.6180553
380,mol21,-12.35,Cc1cc(C(=O)Nc2cccnc2)cc(-c2ccnc(Nc3cccc(Cl)c3)n2)c1,Cc1cc(C(=O)Nc2cccnc2)cc(-c2ccnc(Nc3cccc(Cl)c3)n2)c1,6.334398,-6.099134
620,mol163,-12.35,Cc1ccc(Oc2ccc(NC(=O)c3ccc(-c4ccccc4)cc3Cl)cc2C(=O)O)cc1,Cc1ccc(Oc2ccc(NC(=O)c3ccc(-c4ccccc4)cc3Cl)cc2C(=O)O)cc1,6.216748,-6.917291
480,mol54,-12.34,NS(=O)(=O)c1ccc(NC(=O)c2cccc(Nc3ncnc4cccc(F)c34)c2)cc1,NS(=O)(=O)c1ccc(NC(=O)c2cccc(Nc3ncnc4cccc(F)c34)c2)cc1,6.4503155,-4.854781
600,mol160,-12.34,Nc1ccccc1-c1cncc(Nc2cccc(-c3ccccn3)c2)c1,Nc1ccccc1-c1cncc(Nc2cccc(-c3ccccn3)c2)c1,6.08672,-5.498826
550,mol330,-12.34,Cc1ccc(C(=O)Nc2cncc(C(=O)c3cnc4[nH]cc(C)c4c3)c2)cc1[N+](=O)[O-],Cc1ccc(C(=O)Nc2cncc(C(=O)c3cnc4[nH]cc(C)c4c3)c2)cc1[N+](=O)[O-],7.263335,-6.8488116
160,mol352,-12.34,Cc1ccc(C(=O)Nc2cccc(C(F)(F)F)c2)cc1Nc1ncnn2cc(-c3cnc(C(=O)NCC(F)(F)F)s3)cc12,Cc1ccc(C(=O)Nc2cccc(C(F)(F)F)c2)cc1Nc1ncnn2cc(-c3cnc(C(=O)NCC(F)(F)F)s3)cc12,6.888818,-6.7061787
480,mol95,-12.34,Cc1ccc(C(=O)Nc2ccc(C(=O)Nc3cccc(C(=O)O)c3)cc2C(=O)O)cc1,Cc1ccc(C(=O)Nc2ccc(C(=O)Nc3cccc(C(=O)O)c3)cc2C(=O)O)cc1,6.68685,-5.5449896
490,mol455,-12.34,Cc1ccc(C(=O)Nc2ccc(C(=O)c3ccccc3)cc2)cc1Nc1ncnc2ccccc12,Cc1ccc(C(=O)Nc2ccc(C(=O)c3ccccc3)cc2)cc1Nc1ncnc2ccccc12,6.235084,-6.5588036
260,mol296,-12.34,CC[C@@H](C)C(=O)Nc1cc(Oc2ccc(NC(=O)Nc3ccc4ccccc4c3)c(F)c2)ccn1,CC[C@@H](C)C(=O)Nc1cc(Oc2ccc(NC(=O)Nc3ccc4ccccc4c3)c(F)c2)ccn1,6.1470084,-6.7649364
730,mol207,-12.34,Cc1ccc(Cl)c(C(=O)Nc2ccc(Nc3ccnc4ccccc34)cc2)c1,Cc1ccc(Cl)c(C(=O)Nc2ccc(Nc3ccnc4ccccc34)cc2)c1,6.247251,-6.7116513
210,mol160,-12.34,Cc1cc(NC(=O)c2cccc(C#N)c2)ccc1OC1CCN(c2ccc(OCc3ccccc3)cc2)CC1,Cc1cc(NC(=O)c2cccc(C#N)c2)ccc1OC1CCN(c2ccc(OCc3ccccc3)cc2)CC1,6.302209,-7.2511635
250,mol41,-12.34,Cc1cc(NC(=O)Nc2ccc(N(Cc3cccnc3)C(=O)c3ccc4ccccc4n3)cc2)ccc1NC(=O)c1ccccc1,Cc1cc(NC(=O)Nc2ccc(N(Cc3cccnc3)C(=O)c3ccc4ccccc4n3)cc2)ccc1NC(=O)c1ccccc1,6.412533,-6.449585
300,mol150,-12.34,Cc1ccc(NC(=O)c2ccc(NC(=O)c3cccc(C#N)c3)cc2C(=O)O)cc1,Cc1ccc(NC(=O)c2ccc(NC(=O)c3cccc(C#N)c3)cc2C(=O)O)cc1,6.494087,-5.6898246
930,mol180,-12.34,C#Cc1ccc(Nc2cc(-c3cccc(C(=O)Nc4cc(C)cc(C)n4)c3)ccn2)cc1,C#Cc1ccc(Nc2cc(-c3cccc(C(=O)Nc4cc(C)cc(C)n4)c3)ccn2)cc1,6.4603257,-6.482764
250,mol322,-12.34,Cc1ccc(NC(=O)c2cccc(C(=O)O)c2)cc1Nc1nc(-c2ccccc2O)nc2ccccc12,Cc1ccc(NC(=O)c2cccc(C(=O)O)c2)cc1Nc1nc(-c2ccccc2O)nc2ccccc12,6.106172,-6.2457514
590,mol266,-12.34,Cc1cn(Cc2cccc(C(=O)Nc3ccc(C(N)N)cc3)c2)c2cccc(N3CC[C@H](CO)C3)c12,Cc1cn(Cc2cccc(C(=O)Nc3ccc(C(N)N)cc3)c2)c2cccc(N3CC[C@H](CO)C3)c12,7.157528,-3.9257312
380,mol318,-12.34,Cc1ccc(NS(=O)(=O)c2ccc(NC(=O)c3ccc4ncccc4c3)cc2)cc1Nc1ncccn1,Cc1ccc(NS(=O)(=O)c2ccc(NC(=O)c3ccc4ncccc4c3)cc2)cc1Nc1ncccn1,6.5565457,-6.2031164
680,mol76,-12.34,Cc1c(Cl)cccc1NC(=O)Nc1cccc(C(=O)c2sc3ncc(CCO)cc3c2-c2cccc(N)c2)c1,Cc1c(Cl)cccc1NC(=O)Nc1cccc(C(=O)c2sc3ncc(CCO)cc3c2-c2cccc(N)c2)c1,7.0611396,-6.5677648
450,mol89,-12.34,COc1cc(Nc2nc(Nc3ccc(C(=O)O)cc3)nc3ccccc23)ccc1Nc1nccc(Nc2ccccc2C(=O)O)n1,COc1cc(Nc2nc(Nc3ccc(C(=O)O)cc3)nc3ccccc23)ccc1Nc1nccc(Nc2ccccc2C(=O)O)n1,6.63401,-6.376566
1000,mol60,-12.34,Cc1ccc(NC(=O)c2cccc(-c3cccnc3)c2)cc1C(=O)c1ccc(F)cc1,Cc1ccc(NC(=O)c2cccc(-c3cccnc3)c2)cc1C(=O)c1ccc(F)cc1,6.3882165,-6.4123087
160,mol336,-12.34,CNC(=O)c1cc(Oc2ccc(NC(=O)Nc3ccc(Oc4ccncc4)cc3C(F)(F)F)cc2)ccn1,CNC(=O)c1cc(Oc2ccc(NC(=O)Nc3ccc(Oc4ccncc4)cc3C(F)(F)F)cc2)ccn1,6.473202,-6.937679
930,mol334,-12.34,Cc1cccc(CNC(=O)c2cc(-c3ccc(C(=O)N(C)C)cc3)cnc2N)c1,Cc1cccc(CNC(=O)c2cc(-c3ccc(C(=O)N(C)C)cc3)cnc2N)c1,6.3771954,-4.2825418
1000,mol268,-12.34,CN(c1ccc(C(=O)N[C@H](CC[NH+](C)C)C(=O)O)cc1)c1cccc(Nc2nccc(-c3cccnc3Nc3ccccc3)n2)c1,CN(c1ccc(C(=O)N[C@H](CC[NH+](C)C)C(=O)O)cc1)c1cccc(Nc2nccc(-c3cccnc3Nc3ccccc3)n2)c1,6.9484587,-4.470746
970,mol411,-12.34,CN(C)c1ccc(-c2ccc(Nc3cccc4ccccc34)cc2)cc1,CN(C)c1ccc(-c2ccc(Nc3cccc4ccccc34)cc2)cc1,6.0624766,-6.599793
950,mol382,-12.34,Cc1cc(NC(=O)CCc2nc(-c3cccc(C(=O)NCc4ccccc4CO)c3)nc3ccccc23)ccn1,Cc1cc(NC(=O)CCc2nc(-c3cccc(C(=O)NCc4ccccc4CO)c3)nc3ccccc23)ccn1,6.219823,-5.589024
510,mol459,-12.34,Cc1ccc(C2=CC=C3C=c4c(sc5ccccc45)=CC=C3N2)cc1,Cc1ccc(C2=CC=C3C=c4c(sc5ccccc45)=CC=C3N2)cc1,5.73486,-5.340793
100,mol371,-12.34,Cc1cc(N2CC[C@@H](O)C2)ccc1Nc1ncc2cc(C(=O)Nc3ccc(C(=O)N[C@@H](CCO)C(=O)O)cc3)ccc2n1,Cc1cc(N2CC[C@@H](O)C2)ccc1Nc1ncc2cc(C(=O)Nc3ccc(C(=O)N[C@@H](CCO)C(=O)O)cc3)ccc2n1,7.7110934,-4.8981624
960,mol199,-12.34,COc1cc(-c2ccccc2)ccc1-c1ccc(O)c(-c2cccc(C(=O)O)c2)c1,COc1cc(-c2ccccc2)ccc1-c1ccc(O)c(-c2cccc(C(=O)O)c2)c1,6.475441,-6.149008
720,mol219,-12.34,CC(=O)Nc1cccc(NC(=O)c2ccc(CNC(=O)c3cc4ccccc4o3)cc2)c1,CC(=O)Nc1cccc(NC(=O)c2ccc(CNC(=O)c3cc4ccccc4o3)cc2)c1,6.339361,-5.951594
100,mol463,-12.34,Cc1ccc(C(=O)Nc2cccc(C(F)(F)F)c2)cc1NC(=O)c1cnc(-c2cccc(CF)n2)nc1C(N)=O,Cc1ccc(C(=O)Nc2cccc(C(F)(F)F)c2)cc1NC(=O)c1cnc(-c2cccc(CF)n2)nc1C(N)=O,6.1793184,-6.391224
220,mol333,-12.34,Nc1cc(-c2ccc(C(=O)O)cc2)cn(Cc2ccc(-c3ccccc3)cc2)c1=O,Nc1cc(-c2ccc(C(=O)O)cc2)cn(Cc2ccc(-c3ccccc3)cc2)c1=O,5.90266,-4.8385415
70,mol280,-12.34,CC1(C)OB(c2ccc(Nc3ncc(-c4cccc(F)c4)c(=O)[nH]3)cc2)O[C@]1(C)O,CC1(C)OB(c2ccc(Nc3ncc(-c4cccc(F)c4)c(=O)[nH]3)cc2)O[C@]1(C)O,6.8062162,-4.3646355
570,mol174,-12.34,Cc1nc(Nc2ncc(C(=O)Nc3ccc(NC(=O)c4ccccc4)cc3)nc2N)cc(N)c1C#N,Cc1nc(Nc2ncc(C(=O)Nc3ccc(NC(=O)c4ccccc4)cc3)nc2N)cc(N)c1C#N,6.6819563,-6.0163045
260,mol442,-12.34,Cc1c(Cl)cccc1NC(=O)CNC(=O)c1ccc(NC(=O)c2cccc(C(=O)NCc3ccccc3)c2)s1,Cc1c(Cl)cccc1NC(=O)CNC(=O)c1ccc(NC(=O)c2cccc(C(=O)NCc3ccccc3)c2)s1,6.5387993,-6.4282384
200,mol75,-12.34,Cc1c(CC(=O)O)cccc1-c1ccc(C(=O)Nc2ccc(C(=O)O)cc2)cc1,Cc1c(CC(=O)O)cccc1-c1ccc(C(=O)Nc2ccc(C(=O)O)cc2)cc1,6.5859804,-4.970594
620,mol102,-12.34,Cc1ccc(NC(=O)c2cc3ccccc3oc2=O)cc1C(=O)c1ccccc1,Cc1ccc(NC(=O)c2cc3ccccc3oc2=O)cc1C(=O)c1ccccc1,6.467912,-6.474932
750,mol17,-12.34,Cc1c(NC(=O)c2ccsc2)cccc1-c1nc(Nc2ccc(C(=O)NO)cc2)cs1,Cc1c(NC(=O)c2ccsc2)cccc1-c1nc(Nc2ccc(C(=O)NO)cc2)cs1,6.597343,-6.2567286
330,mol173,-12.34,Cc1ccc(C(=O)Nc2cccc(C(=O)Nc3ccc(C(N)N)cc3)c2)cc1,Cc1ccc(C(=O)Nc2cccc(C(=O)Nc3ccc(C(N)N)cc3)c2)cc1,6.456189,-4.9602284
510,mol351,-12.34,CC(=O)Nc1ccc(-c2cnc(N)c(Nc3ccc(C(=O)NC(C)(C)C)cc3)n2)cc1,CC(=O)Nc1ccc(-c2cnc(N)c(Nc3ccc(C(=O)NC(C)(C)C)cc3)n2)cc1,6.859302,-5.270926
520,mol103,-12.34,Cc1ccc(C(=O)Nc2ccc(F)c(C(F)(F)F)c2)cc1NCc1cncn1Cc1ccc(C(=O)NO)cc1,Cc1ccc(C(=O)Nc2ccc(F)c(C(F)(F)F)c2)cc1NCc1cncn1Cc1ccc(C(=O)NO)cc1,6.356084,-5.896419
260,mol263,-12.34,Cc1ccc(-n2nc(C(C)(C)C)cc2NC(=O)Nc2ccc(Nc3ccnc4cc(N)ccc34)cc2)cc1,Cc1ccc(-n2nc(C(C)(C)C)cc2NC(=O)Nc2ccc(Nc3ccnc4cc(N)ccc34)cc2)cc1,6.6336923,-6.6695027
850,mol171,-12.34,CNS(=O)(=O)c1cccc(NC(=O)Nc2cccc(NC(=O)c3ccccc3NC(C)C)c2)c1,CNS(=O)(=O)c1cccc(NC(=O)Nc2cccc(NC(=O)c3ccccc3NC(C)C)c2)c1,6.592039,-5.8933797
930,mol179,-12.34,Cc1ccccc1-c1ccc(Nc2nc(N)nc(OCc3ccccc3)n2)cc1,Cc1ccccc1-c1ccc(Nc2nc(N)nc(OCc3ccccc3)n2)cc1,5.9579124,-6.001496
530,mol29,-12.34,Cc1ccc(NS(=O)(=O)CCc2ccccc2)cc1NC(=O)c1ccc(NC(=O)c2cccc(C(=O)O)c2)cc1,Cc1ccc(NS(=O)(=O)CCc2ccccc2)cc1NC(=O)c1ccc(NC(=O)c2cccc(C(=O)O)c2)cc1,6.434026,-5.753154
650,mol294,-12.34,Cc1cc(C(=O)Nc2ccc(Oc3ccnc(NC(=O)c4cccc(F)c4)n3)cc2)ccn1,Cc1cc(C(=O)Nc2ccc(Oc3ccnc(NC(=O)c4cccc(F)c4)n3)cc2)ccn1,6.4780536,-6.1072454
380,mol103,-12.34,Cc1cccc(NC(=O)c2cccc(C(=O)Nc3ccc(C)c(Nc4ncnc5cnc(Nc6ccccc6)nc45)c3)c2)c1,Cc1cccc(NC(=O)c2cccc(C(=O)Nc3ccc(C)c(Nc4ncnc5cnc(Nc6ccccc6)nc45)c3)c2)c1,6.83167,-6.7510347
620,mol255,-12.34,Cc1ccc(CO)cc1Nc1ccc2ncc(-c3ccc(NC(=O)Cc4ccccc4)cc3)nc2n1,Cc1ccc(CO)cc1Nc1ccc2ncc(-c3ccc(NC(=O)Cc4ccccc4)cc3)nc2n1,6.405729,-7.1751623
200,mol212,-12.34,CCNC(=O)c1cc(-c2cc(F)cc(Nc3nccc(-c4ccc(C(=O)Nc5ccncc5)s4)n3)c2)on1,CCNC(=O)c1cc(-c2cc(F)cc(Nc3nccc(-c4ccc(C(=O)Nc5ccncc5)s4)n3)c2)on1,6.6600685,-6.3802114
190,mol449,-12.34,Nc1cc(C(F)(F)F)c(-c2cc(Nc3ncc(F)c(Nc4ccc(C(=O)N5CCOCC5)cc4)n3)c(F)cc2F)cn1,Nc1cc(C(F)(F)F)c(-c2cc(Nc3ncc(F)c(Nc4ccc(C(=O)N5CCOCC5)cc4)n3)c(F)cc2F)cn1,6.8331046,-5.793967
870,mol111,-12.34,Cc1ccc(NC(=O)c2ccco2)cc1NC(=O)c1cccc(S(=O)(=O)NCc2ccccc2)c1,Cc1ccc(NC(=O)c2ccco2)cc1NC(=O)c1cccc(S(=O)(=O)NCc2ccccc2)c1,6.28091,-6.260839
330,mol107,-12.34,Cc1c(Cc2ccc(NC(=O)/C=C\c3cc(F)cc(F)c3)cc2)cccc1-c1nc(N)nc(N)n1,Cc1c(Cc2ccc(NC(=O)/C=C\c3cc(F)cc(F)c3)cc2)cccc1-c1nc(N)nc(N)n1,6.2061586,-6.150456
520,mol169,-12.34,Nc1nc(Nc2ccc(S(N)(=O)=O)cc2)sc1[C@H](O)c1cccc2ccccc12,Nc1nc(Nc2ccc(S(N)(=O)=O)cc2)sc1[C@H](O)c1cccc2ccccc12,6.576499,-4.58576
820,mol437,-12.34,Cc1ccccc1CNC(=O)c1ccc(NC(=O)c2cc(Nc3ccnc(C(F)(F)F)n3)c3ccccc3n2)cc1,Cc1ccccc1CNC(=O)c1ccc(NC(=O)c2cc(Nc3ccnc(C(F)(F)F)n3)c3ccccc3n2)cc1,6.1838417,-6.336935
210,mol235,-12.34,Cc1cccc(-n2cc(-c3cc(CNc4ccc(C(=O)O)c(C(F)(F)F)c4)ccc3N)nn2)c1,Cc1cccc(-n2cc(-c3cc(CNc4ccc(C(=O)O)c(C(F)(F)F)c4)ccc3N)nn2)c1,5.859053,-5.0454183
920,mol433,-12.34,CC(=O)Nc1cccc(-c2cc(Nc3cccc(C(=O)NCc4ccncc4)c3)ncn2)c1,CC(=O)Nc1cccc(-c2cc(Nc3cccc(C(=O)NCc4ccncc4)c3)ncn2)c1,6.3946557,-5.165314
280,mol54,-12.34,Cc1ccc(C(=O)Nc2ccc(-c3ccc4nc(C(=O)O)cn4n3)cc2)cc1,Cc1ccc(C(=O)Nc2ccc(-c3ccc4nc(C(=O)O)cn4n3)cc2)cc1,5.8306584,-5.4478254
610,mol161,-12.34,Cc1ccc(C(=O)Nc2ccc(Oc3ccnc(Nc4ccc(C(=O)O)cc4)n3)cc2)cc1,Cc1ccc(C(=O)Nc2ccc(Oc3ccnc(Nc4ccc(C(=O)O)cc4)n3)cc2)cc1,6.2762957,-6.274329
610,mol235,-12.34,CCc1ccc(Nc2nc(-c3cccc(C(=O)NCc4cccc(C(=O)O)c4)c3)nc3ccccc23)cc1,CCc1ccc(Nc2nc(-c3cccc(C(=O)NCc4cccc(C(=O)O)c4)c3)nc3ccccc23)cc1,6.2226663,-5.819106
260,mol20,-12.34,CN(Cc1cccc2ccccc12)c1nccc(Nc2ccc(C(=O)Nc3ccccc3)cc2)n1,CN(Cc1cccc2ccccc12)c1nccc(Nc2ccc(C(=O)Nc3ccccc3)cc2)n1,6.088843,-6.3537464
1000,mol485,-12.34,Cc1ccc(C(=O)Nc2ccc3nc(Nc4cccc([N+](=O)[O-])c4)sc3c2)cc1C(=O)O,Cc1ccc(C(=O)Nc2ccc3nc(Nc4cccc([N+](=O)[O-])c4)sc3c2)cc1C(=O)O,6.638139,-6.100509
390,mol156,-12.34,Cc1cccc(CNC(=O)c2cccc(C(=O)Nc3ccc(C(=O)O)cc3)c2)c1,Cc1cccc(CNC(=O)c2cccc(C(=O)Nc3ccc(C(=O)O)cc3)c2)c1,6.385857,-4.7192006
920,mol399,-12.34,CNC(=O)c1ccc(Oc2ccc(-c3cc(-c4ccc(F)cc4)ncn3)cc2)cc1,CNC(=O)c1ccc(Oc2ccc(-c3cc(-c4ccc(F)cc4)ncn3)cc2)cc1,6.235536,-6.6728463
310,mol161,-12.34,Cc1cnn(-c2cccc(C(=O)Nc3ccc4nc(NC(=O)C5CC5)ccc4c3)c2)c1,Cc1cnn(-c2cccc(C(=O)Nc3ccc4nc(NC(=O)C5CC5)ccc4c3)c2)c1,6.4037123,-5.3613343
560,mol321,-12.34,Cc1ccc(C(=O)N(CCc2ccccc2)Cc2cccc3ccccc23)cc1NC(=O)c1cc2cc(Cl)ccc2[nH]1,Cc1ccc(C(=O)N(CCc2ccccc2)Cc2cccc3ccccc23)cc1NC(=O)c1cc2cc(Cl)ccc2[nH]1,6.049715,-6.3839455
580,mol329,-12.34,Cc1ccc(C(=O)Nc2ccc(Oc3ccncc3)cc2)cc1Nc1ncnc2ccc(N3CCCCC3)cc12,Cc1ccc(C(=O)Nc2ccc(Oc3ccncc3)cc2)cc1Nc1ncnc2ccc(N3CCCCC3)cc12,6.4532685,-6.908876
80,mol5,-12.34,Cc1ccc(C(=O)Nc2ccon2)cc1NC(=O)c1cnc(-c2ccccc2Cl)s1,Cc1ccc(C(=O)Nc2ccon2)cc1NC(=O)c1cnc(-c2ccccc2Cl)s1,6.7542033,-6.274772
720,mol278,-12.34,Cc1ccc(NC(=O)c2cccc(C(F)(F)F)c2)cc1C(=O)Nc1cccc(C(=O)O)c1,Cc1ccc(NC(=O)c2cccc(C(F)(F)F)c2)cc1C(=O)Nc1cccc(C(=O)O)c1,6.519521,-5.8420825
460,mol134,-12.34,CC(=O)NCCn1cc(NC(=O)c2n[nH]c3cc(-c4ccc(S(=O)(=O)NC(=O)Nc5ccccc5)cc4)ccc23)cn1,CC(=O)NCCn1cc(NC(=O)c2n[nH]c3cc(-c4ccc(S(=O)(=O)NC(=O)Nc5ccccc5)cc4)ccc23)cn1,6.856144,-5.5744267
290,mol113,-12.34,Nc1c(NC(=O)Nc2ccc(C(=O)O)cc2)cc(NCc2ccc(-c3cccc4cccnc34)cc2)cc1[N+](=O)[O-],Nc1c(NC(=O)Nc2ccc(C(=O)O)cc2)cc(NCc2ccc(-c3cccc4cccnc34)cc2)cc1[N+](=O)[O-],6.3000402,-5.8761835
890,mol308,-12.34,Cc1cccc(-c2ccc(C(=O)N[C@H](C(=O)O)c3cccc4ccccc34)cc2)c1,Cc1cccc(-c2ccc(C(=O)N[C@H](C(=O)O)c3cccc4ccccc34)cc2)c1,6.29219,-5.905816
570,mol233,-12.34,Cc1ccc(Nc2ccc(-c3ccccc3C(=O)O)cn2)cc1Nc1ncccc1-c1ccncn1,Cc1ccc(Nc2ccc(-c3ccccc3C(=O)O)cn2)cc1Nc1ncccc1-c1ccncn1,6.5193114,-5.8841963
660,mol341,-12.33,Cc1cc(=O)oc2cc(OCC(=O)NCc3ccc(-c4cccc(F)c4)cc3)ccc12,Cc1cc(=O)oc2cc(OCC(=O)NCc3ccc(-c4cccc(F)c4)cc3)ccc12,6.720399,-5.812542
260,mol318,-12.33,Cc1cc(Nc2ccccc2S(=O)(=O)Cc2ccc(C(=O)O)o2)ccc1-c1cccc(C[C@@H](C(=O)NO)S(=O)(=O)NC(=O)NCc2ccccc2)c1,Cc1cc(Nc2ccccc2S(=O)(=O)Cc2ccc(C(=O)O)o2)ccc1-c1cccc(C[C@@H](C(=O)NO)S(=O)(=O)NC(=O)NCc2ccccc2)c1,6.805761,-5.503971
70,mol118,-12.33,OC[C@@H]1CCC[N@H+](Cc2ccc3[nH]c(Nc4ccc(-c5cn[nH]c5-c5ccccc5)cc4)nc3c2)C1,OC[C@@H]1CCC[N@H+](Cc2ccc3[nH]c(Nc4ccc(-c5cn[nH]c5-c5ccccc5)cc4)nc3c2)C1,6.701584,-4.5030437
690,mol433,-12.33,Cc1ccc(C(=O)Nc2cccc(C(N)=O)c2)cc1Nc1ncnn2cc(C(=O)c3cccnc3)cc12,Cc1ccc(C(=O)Nc2cccc(C(N)=O)c2)cc1Nc1ncnn2cc(C(=O)c3cccnc3)cc12,6.6606627,-6.1530495
370,mol30,-12.33,Cc1ccc(NC(=O)CNC(=O)c2ccc(CCC(=O)N[C@@H](C)c3ccc4ccccc4n3)cc2)cc1,Cc1ccc(NC(=O)CNC(=O)c2ccc(CCC(=O)N[C@@H](C)c3ccc4ccccc4n3)cc2)cc1,5.9982553,-5.7501254
720,mol480,-12.33,Cc1cccc(-c2n[nH]cc2-c2ccnc(Nc3ccc4ccccc4c3)n2)c1,Cc1cccc(-c2n[nH]cc2-c2ccnc(Nc3ccc4ccccc4c3)n2)c1,6.281999,-6.1163654
270,mol190,-12.33,CN(C(=O)CC[C@@H](C(=O)O)c1ccc(B(O)O)cc1)c1cccc(NC(=O)c2cccc(C(F)(F)F)c2)c1,CN(C(=O)CC[C@@H](C(=O)O)c1ccc(B(O)O)cc1)c1cccc(NC(=O)c2cccc(C(F)(F)F)c2)c1,6.934836,-4.2733684
420,mol346,-12.33,Oc1cc(Cc2ccccc2)ccc1Nc1ccnc(Nc2ccc(N3CCOCC3)cc2)n1,Oc1cc(Cc2ccccc2)ccc1Nc1ccnc(Nc2ccc(N3CCOCC3)cc2)n1,6.5614448,-6.300776
280,mol241,-12.33,Cc1ccc(NC(=O)c2ccc(Oc3ccccc3)cc2)cc1Nc1nccc(-c2cccnc2)n1,Cc1ccc(NC(=O)c2ccc(Oc3ccccc3)cc2)cc1Nc1nccc(-c2cccnc2)n1,6.271294,-6.7723866
730,mol10,-12.33,Cc1ccc(C(=O)Nc2cc(C(F)(F)F)cc(C(F)(F)F)c2)cc1NC(=O)c1cnc2ccccc2n1,Cc1ccc(C(=O)Nc2cc(C(F)(F)F)cc(C(F)(F)F)c2)cc1NC(=O)c1cnc2ccccc2n1,6.5308557,-7.13476
680,mol453,-12.33,Cc1ccccc1CNC(=O)[C@H](Cc1ccccc1)NC(=O)c1ccc(CCNS(=O)(=O)c2ccc(Oc3ccccc3)cc2)cc1,Cc1ccccc1CNC(=O)[C@H](Cc1ccccc1)NC(=O)c1ccc(CCNS(=O)(=O)c2ccc(Oc3ccccc3)cc2)cc1,6.486309,-6.8741508
720,mol303,-12.33,Cc1ccccc1-c1cccc(C(=O)Nc2ccc(C(=O)OC3CCCCC3)cc2)c1,Cc1ccccc1-c1cccc(C(=O)Nc2ccc(C(=O)OC3CCCCC3)cc2)c1,6.482795,-6.8158636
270,mol250,-12.33,Cc1nc(Nc2ncc(C(=O)Nc3ccc4nc(N)sc4c3)s2)cc(N2CC[NH+](CC(=O)Nc3cccc(S(N)(=O)=O)c3)CC2)n1,Cc1nc(Nc2ncc(C(=O)Nc3ccc4nc(N)sc4c3)s2)cc(N2CC[NH+](CC(=O)Nc3cccc(S(N)(=O)=O)c3)CC2)n1,7.6452303,-3.0813868
520,mol31,-12.33,O=C(Nc1ccc2nc[nH]c2c1)c1ccc([C@H]2CC[N@@H+](Cc3ccccc3)CC2)cc1,O=C(Nc1ccc2nc[nH]c2c1)c1ccc([C@H]2CC[N@@H+](Cc3ccccc3)CC2)cc1,6.315647,-3.9790344
480,mol297,-12.33,Nc1cccc(C(=O)O)c1NC(=O)c1cccc(-c2ccc(C(=O)O)cc2)c1,Nc1cccc(C(=O)O)c1NC(=O)c1cccc(-c2ccc(C(=O)O)cc2)c1,6.640108,-5.2934747
370,mol351,-12.33,Cc1cc(N2CCC(CO)(CC#N)CC2)ccc1Nc1nccc(-c2c[nH]c3ncccc23)n1,Cc1cc(N2CCC(CO)(CC#N)CC2)ccc1Nc1nccc(-c2c[nH]c3ncccc23)n1,7.209274,-4.475094
390,mol349,-12.33,Cc1ccc(-c2nc(C(=O)NCc3cccc4ccccc34)c(C)o2)cc1,Cc1ccc(-c2nc(C(=O)NCc3cccc4ccccc34)c(C)o2)cc1,6.4441776,-6.484514
760,mol382,-12.33,Cc1ccc(C(=O)Nc2ccc(F)c(C(=O)Nc3ccccc3)c2)cc1NC(=O)c1cccc(C#N)c1,Cc1ccc(C(=O)Nc2ccc(F)c(C(=O)Nc3ccccc3)c2)cc1NC(=O)c1cccc(C#N)c1,6.197652,-6.9769583
220,mol434,-12.33,Cc1cc2c(cc1NC(=O)c1cccc(Nc3nccc(Nc4cc(NC(C)(C)C)ccn4)n3)c1)OCCO2,Cc1cc2c(cc1NC(=O)c1cccc(Nc3nccc(Nc4cc(NC(C)(C)C)ccn4)n3)c1)OCCO2,7.347894,-6.061274
160,mol53,-12.33,Cc1cccc(-c2nc(Nc3cccc(-c4nccnc4C(F)(F)F)c3)c3n2CCCC3)n1,Cc1cccc(-c2nc(Nc3cccc(-c4nccnc4C(F)(F)F)c3)c3n2CCCC3)n1,6.541756,-5.527314
450,mol84,-12.33,Cc1cc(C(=O)NCc2cccc(C(=O)NCc3ccccc3)c2)ccc1CCc1ccc(C(=O)O)cc1,Cc1cc(C(=O)NCc2cccc(C(=O)NCc3ccccc3)c2)ccc1CCc1ccc(C(=O)O)cc1,6.609075,-5.7967553
310,mol64,-12.33,Cc1cc(CNC(=O)c2ccc(CCNC(=O)c3ccc(CC(=O)O)cc3C(=O)O)cc2)cc(C)c1O,Cc1cc(CNC(=O)c2ccc(CCNC(=O)c3ccc(CC(=O)O)cc3C(=O)O)cc2)cc(C)c1O,6.849036,-4.1740317
480,mol215,-12.33,CC(=O)Nc1ccc(CNC(=O)Nc2ccc(Nc3nccc(Nc4ccnc(N)n4)n3)cc2)cc1,CC(=O)Nc1ccc(CNC(=O)Nc2ccc(Nc3nccc(Nc4ccnc(N)n4)n3)cc2)cc1,6.8099484,-5.198559
880,mol441,-12.33,Cc1ccc(C(=O)NC(=O)Nc2cccc(C(=O)c3ccccc3)c2)cc1,Cc1ccc(C(=O)NC(=O)Nc2cccc(C(=O)c3ccccc3)c2)cc1,6.3688483,-6.0421643
850,mol496,-12.33,Cc1cccc(-c2nc(Nc3ccc(C(=O)c4ccccc4)cc3)ncc2Cl)c1,Cc1cccc(-c2nc(Nc3ccc(C(=O)c4ccccc4)cc3)ncc2Cl)c1,6.3422923,-6.7293396
690,mol25,-12.33,Cc1ccc(C(=O)Nc2ccc(Nc3ccnc4cc(Cl)ccc34)cc2)cc1C,Cc1ccc(C(=O)Nc2ccc(Nc3ccnc4cc(Cl)ccc34)cc2)cc1C,6.5040984,-6.5418577
870,mol152,-12.33,Cc1ccccc1-c1cccc(NC(=O)c2ccnc(Nc3ccccc3)c2)c1,Cc1ccccc1-c1cccc(NC(=O)c2ccnc(Nc3ccccc3)c2)c1,6.2124734,-6.4997697
990,mol329,-12.33,COc1ccc(-c2ocnc2C(=O)Nc2ccc(C(=O)c3c[nH]c4ccccc34)cc2)cc1,COc1ccc(-c2ocnc2C(=O)Nc2ccc(C(=O)c3c[nH]c4ccccc34)cc2)cc1,5.523193,-6.7051373
370,mol189,-12.33,Nc1cc(-c2cccc(F)c2)cn(-c2ccc(C(=O)O)c(Oc3ccc4ccccc4c3)c2)c1=O,Nc1cc(-c2cccc(F)c2)cn(-c2ccc(C(=O)O)c(Oc3ccc4ccccc4c3)c2)c1=O,6.3788385,-6.500298
350,mol240,-12.33,Cc1ccc(C(=O)Nc2ccc(OC(F)(F)F)cc2)cc1NC(=O)c1cnc(-c2ccccc2F)o1,Cc1ccc(C(=O)Nc2ccc(OC(F)(F)F)cc2)cc1NC(=O)c1cnc(-c2ccccc2F)o1,6.3326297,-7.494702
690,mol399,-12.33,Cc1ccc(Oc2ccc3c(c2)OCCN(c2ccccc2C(=O)O)C3=O)cc1C(=O)O,Cc1ccc(Oc2ccc3c(c2)OCCN(c2ccccc2C(=O)O)C3=O)cc1C(=O)O,6.6543255,-5.1287994
710,mol35,-12.33,Cc1ccc(C(=O)Nc2cccc(C(=O)O)c2)cc1Nc1nccc(-c2cccnc2)n1,Cc1ccc(C(=O)Nc2cccc(C(=O)O)c2)cc1Nc1nccc(-c2cccnc2)n1,6.7538967,-5.348912
740,mol134,-12.33,CCNC(=O)CCn1cccc(-c2ccc(OCc3cc([C@@H]4COC(=O)N4)nc4cccc(F)c34)cc2)c1=O,CCNC(=O)CCn1cccc(-c2ccc(OCc3cc([C@@H]4COC(=O)N4)nc4cccc(F)c34)cc2)c1=O,6.87321,-5.3522677
840,mol453,-12.33,Cc1ccc(C(=O)Nc2cccc(C(=O)NCCc3ccc4c(c3)NC(=O)CO4)c2)cc1,Cc1ccc(C(=O)Nc2cccc(C(=O)NCCc3ccc4c(c3)NC(=O)CO4)c2)cc1,6.093971,-5.293722
90,mol192,-12.33,Cc1ccc(NC(=O)c2cccc(-n3cc(CO)nn3)c2)cc1Nc1ncnc2cncnc12,Cc1ccc(NC(=O)c2cccc(-n3cc(CO)nn3)c2)cc1Nc1ncnc2cncnc12,6.4649487,-4.579117
410,mol211,-12.33,Cc1ccccc1-c1ccc2cc(NC(=O)[C@H]3C[C@@H]3c3ccccc3)ccc2n1,Cc1ccccc1-c1ccc2cc(NC(=O)[C@H]3C[C@@H]3c3ccccc3)ccc2n1,6.052828,-6.4168477
910,mol165,-12.33,COC(=O)Nc1cccc(-c2ncc(-c3ccc(Oc4ccccc4)cc3)c(=O)[nH]2)c1,COC(=O)Nc1cccc(-c2ncc(-c3ccc(Oc4ccccc4)cc3)c(=O)[nH]2)c1,6.857478,-7.2221813
290,mol246,-12.33,Cc1ccc(C(=O)NCc2ccc(C(=O)Nc3cc(C#N)ccc3NC(=O)c3ccc4ccccc4n3)cc2)cc1,Cc1ccc(C(=O)NCc2ccc(C(=O)Nc3cc(C#N)ccc3NC(=O)c3ccc4ccccc4n3)cc2)cc1,6.260905,-6.7775497
410,mol347,-12.33,Cc1ccc(NC(=O)Nc2ccc(Oc3ccnc4[nH]ccc34)cc2)cc1NC(=O)c1ccco1,Cc1ccc(NC(=O)Nc2ccc(Oc3ccnc4[nH]ccc34)cc2)cc1NC(=O)c1ccco1,6.574524,-7.069709
190,mol236,-12.33,Nc1nc(Nc2ccc(S(N)(=O)=O)cc2)sc1C(=O)c1cccc(Oc2ccccc2)c1,Nc1nc(Nc2ccc(S(N)(=O)=O)cc2)sc1C(=O)c1cccc(Oc2ccccc2)c1,6.0124393,-5.7885513
530,mol282,-12.33,Cc1c(Cl)cccc1Nc1ccnc(Nc2ccc(C(=O)Nc3ccccc3)cc2)n1,Cc1c(Cl)cccc1Nc1ccnc(Nc2ccc(C(=O)Nc3ccccc3)cc2)n1,6.1932077,-6.752393
280,mol342,-12.33,Cc1ccc(C(=O)Nc2ccc(Oc3ccc(NC(=O)c4ccccc4Cl)cc3)cc2)cc1,Cc1ccc(C(=O)Nc2ccc(Oc3ccc(NC(=O)c4ccccc4Cl)cc3)cc2)cc1,5.840834,-7.3237257
810,mol28,-12.33,Cc1cccc(-c2nc(Nc3cccc(C(=O)NCc4ccccc4)c3)ncc2F)c1,Cc1cccc(-c2nc(Nc3cccc(C(=O)NCc4ccccc4)c3)ncc2F)c1,6.4132705,-6.2764373
910,mol311,-12.33,Cc1ccc(C(=O)Nc2ccc(C#N)cc2)cc1NC(=O)c1ccc(Cc2ccc(CO)cc2)s1,Cc1ccc(C(=O)Nc2ccc(C#N)cc2)cc1NC(=O)c1ccc(Cc2ccc(CO)cc2)s1,6.413871,-6.9274225
650,mol407,-12.33,Cc1ccccc1-c1cccc(C(=O)N2CCc3ccccc3C2)c1,Cc1ccccc1-c1cccc(C(=O)N2CCc3ccccc3C2)c1,5.927379,-5.2516
970,mol168,-12.33,NC(=O)c1ccccc1Nc1ccc(NC(=O)c2ccc(C(=O)Nc3cccc(OC(F)(F)F)c3)cc2)cc1,NC(=O)c1ccccc1Nc1ccc(NC(=O)c2ccc(C(=O)Nc3cccc(OC(F)(F)F)c3)cc2)cc1,5.6474705,-6.7358313
230,mol41,-12.33,Cc1cccc(C(=O)Nc2ccc(Oc3ccc(NC(=O)Nc4ccc(F)cc4)cc3)cc2)c1,Cc1cccc(C(=O)Nc2ccc(Oc3ccc(NC(=O)Nc4ccc(F)cc4)cc3)cc2)c1,6.0270643,-7.0816026
470,mol56,-12.33,CCN(C)C(=O)c1ccc(Nc2nccc(Nc3cccc4ccccc34)n2)cc1,CCN(C)C(=O)c1ccc(Nc2nccc(Nc3cccc4ccccc34)n2)cc1,6.4986005,-5.6365094
900,mol319,-12.33,Cc1cc(NCc2ncccn2)cc(Nc2nc(N[C@H](C)c3ccc(-c4cncnc4)cc3)ncc2F)c1,Cc1cc(NCc2ncccn2)cc(Nc2nc(N[C@H](C)c3ccc(-c4cncnc4)cc3)ncc2F)c1,6.116314,-5.9142056
370,mol250,-12.33,Cc1cc(Nc2cc(Nc3ccnc(NCC[NH+]4CCCCCC4)c3)c3ncccc3n2)ccc1-c1ccc(S(C)(=O)=O)cc1,Cc1cc(Nc2cc(Nc3ccnc(NCC[NH+]4CCCCCC4)c3)c3ncccc3n2)ccc1-c1ccc(S(C)(=O)=O)cc1,6.742334,-4.935141
390,mol28,-12.33,Cc1ccc(-c2cccc(C(=O)O)c2)cc1/N=C/c1cccc(Oc2ccccc2)c1,Cc1ccc(-c2cccc(C(=O)O)c2)cc1/N=C/c1cccc(Oc2ccccc2)c1,6.25865,-6.6974483
860,mol204,-12.33,Cc1ccc(C(=O)Nc2cc(C(=O)O)cc(C(C)(C)C)c2)cc1Nc1ccnc(-c2cccnc2)n1,Cc1ccc(C(=O)Nc2cc(C(=O)O)cc(C(C)(C)C)c2)cc1Nc1ccnc(-c2cccnc2)n1,7.067121,-5.8717575
450,mol38,-12.33,CN(Cc1cccc(C(=O)O)c1)C(=O)c1cccc(O[C@H]2CC(c3ccc(Cl)cc3)=NC2=O)c1,CN(Cc1cccc(C(=O)O)c1)C(=O)c1cccc(O[C@H]2CC(c3ccc(Cl)cc3)=NC2=O)c1,6.420454,-4.82896
70,mol300,-12.33,c1cc(Nc2ccnn2-c2cccc(N3CCOCC3)c2)cc(OCc2cccc(-c3nnn[nH]3)c2)c1,c1cc(Nc2ccnn2-c2cccc(N3CCOCC3)c2)cc(OCc2cccc(-c3nnn[nH]3)c2)c1,6.109125,-5.052889
870,mol461,-12.32,Cc1ccccc1-c1ccc(-c2ccccc2)c(Oc2ccc(-c3cccc(C(N)N)c3)cc2)c1,Cc1ccccc1-c1ccc(-c2ccccc2)c(Oc2ccc(-c3cccc(C(N)N)c3)cc2)c1,5.984525,-6.8750963
70,mol178,-12.32,Cc1ccc(-c2cccc(Cl)c2)cc1Nc1ncnn2cc(C(=O)N[C@@H](CO)c3ccccc3)cc12,Cc1ccc(-c2cccc(Cl)c2)cc1Nc1ncnn2cc(C(=O)N[C@@H](CO)c3ccccc3)cc12,6.2647386,-6.2294636
760,mol249,-12.32,[H][P@TB8](O)(O)(O)Nc1cc(C(=O)Nc2ccc(Oc3ccnc4[nH]ccc34)cc2)ccc1C,[H][P@TB8](O)(O)(O)Nc1cc(C(=O)Nc2ccc(Oc3ccnc4[nH]ccc34)cc2)ccc1C,6.4900804,-5.946065
660,mol285,-12.32,Cc1ccccc1C(=O)Nc1ccc(N2C(=O)Cc3ccccc32)cc1,Cc1ccccc1C(=O)Nc1ccc(N2C(=O)Cc3ccccc32)cc1,6.1696463,-5.3293757
720,mol126,-12.32,Cc1ccccc1CNC(=O)c1[nH]c2cc(Cl)c(Cl)cc2c1-c1ccc(Nc2ccnc3cc(Cl)ccc23)cc1,Cc1ccccc1CNC(=O)c1[nH]c2cc(Cl)c(Cl)cc2c1-c1ccc(Nc2ccnc3cc(Cl)ccc23)cc1,6.1871486,-6.8920846
700,mol438,-12.32,CC(=O)Nc1cccc(NC(=O)c2cccc(Cc3cc4ccccc4[nH]3)c2)c1,CC(=O)Nc1cccc(NC(=O)c2cccc(Cc3cc4ccccc4[nH]3)c2)c1,6.3012652,-6.1574526
690,mol93,-12.32,COc1ccc(C(=O)Nc2ccc(Oc3ccnc(NC(=O)c4cccc(C(=O)O)c4)n3)cc2)cc1,COc1ccc(C(=O)Nc2ccc(Oc3ccnc(NC(=O)c4cccc(C(=O)O)c4)n3)cc2)cc1,6.064406,-6.230165
690,mol71,-12.32,CCS(=O)(=O)Nc1cccc(Oc2ccc(NC(=O)c3cc4cc(C(N)N)ccc4[nH]3)cc2)c1F,CCS(=O)(=O)Nc1cccc(Oc2ccc(NC(=O)c3cc4cc(C(N)N)ccc4[nH]3)cc2)c1F,6.8692536,-5.702496
340,mol24,-12.32,Cc1cc(NC(=O)c2ccc(/C=C/C(=O)Nc3ccc(F)c(C(F)(F)F)c3)cc2)ccn1,Cc1cc(NC(=O)c2ccc(/C=C/C(=O)Nc3ccc(F)c(C(F)(F)F)c3)cc2)ccn1,6.237952,-6.405755
340,mol192,-12.32,Cc1cccc(C(=O)Nc2ccc(Oc3ccc(NC(=O)c4cccc(F)c4)cc3)cc2)c1,Cc1cccc(C(=O)Nc2ccc(Oc3ccc(NC(=O)c4cccc(F)c4)cc3)cc2)c1,6.0643096,-7.0158777
60,mol416,-12.32,Cc1cc(N2CCOCC2)ccc1Nc1ccc2[nH]c(-c3[nH]nc4ccccc34)nc2c1,Cc1cc(N2CCOCC2)ccc1Nc1ccc2[nH]c(-c3[nH]nc4ccccc34)nc2c1,6.1057286,-5.725606
70,mol458,-12.32,CC(=O)c1ccc(NC(=O)Nc2ccc(Oc3ccnc(Nc4cccc(C(F)(F)F)c4)n3)cc2)cc1,CC(=O)c1ccc(NC(=O)Nc2ccc(Oc3ccnc(Nc4cccc(C(F)(F)F)c4)n3)cc2)cc1,6.363159,-6.968161
890,mol150,-12.32,Cc1c(Cc2ccccc2)c(=O)oc2cc(OS(=O)(=O)c3ccc(C(=O)O)cc3)ccc12,Cc1c(Cc2ccccc2)c(=O)oc2cc(OS(=O)(=O)c3ccc(C(=O)O)cc3)ccc12,6.7766576,-5.061794
660,mol371,-12.32,CC(=O)Nc1cccc(-c2ccnc(Nc3ccc(C(=O)NCc4ccccc4)cc3)n2)c1,CC(=O)Nc1cccc(-c2ccnc(Nc3ccc(C(=O)NCc4ccccc4)cc3)n2)c1,6.0612288,-5.6690407
70,mol483,-12.32,CNC(=O)c1ccc(Oc2ccc(Oc3ccc(-c4nc(CCC5CCCC5)no4)cc3)cc2Cl)cc1,CNC(=O)c1ccc(Oc2ccc(Oc3ccc(-c4nc(CCC5CCCC5)no4)cc3)cc2Cl)cc1,6.9370074,-7.196653
730,mol436,-12.32,Cc1ccc(NC(=O)Nc2ccc(Oc3ccnc4ccccc34)cc2)cc1,Cc1ccc(NC(=O)Nc2ccc(Oc3ccnc4ccccc34)cc2)cc1,6.3916993,-6.634639
180,mol5,-12.32,Cc1cc(C(=O)Nc2ccc(Nc3c4c5ccccc5nc-4ccc4ccccc34)cc2)ccc1N1C(=O)CCc2ccccc21,Cc1cc(C(=O)Nc2ccc(Nc3c4c5ccccc5nc-4ccc4ccccc34)cc2)ccc1N1C(=O)CCc2ccccc21,5.934908,-6.3936243
900,mol280,-12.32,Cc1cc(Oc2ccc(-c3ccc(F)cc3)nn2)ccc1C(=O)Nc1ccc2c(ccn2C(=O)c2ccc(C(C)(C)C)cc2)c1,Cc1cc(Oc2ccc(-c3ccc(F)cc3)nn2)ccc1C(=O)Nc1ccc2c(ccn2C(=O)c2ccc(C(C)(C)C)cc2)c1,6.419865,-6.556768
180,mol485,-12.32,Cc1ccc(NC(=O)C[NH+]2CCN(c3ccc(-c4scnc4C(F)(F)F)cc3)CC2)cc1-c1ccc(C(=O)N[C@@H](CO)Cc2ccccc2)cc1,Cc1ccc(NC(=O)C[NH+]2CCN(c3ccc(-c4scnc4C(F)(F)F)cc3)CC2)cc1-c1ccc(C(=O)N[C@@H](CO)Cc2ccccc2)cc1,6.6115327,-5.9187574
710,mol111,-12.32,Cc1ccc(C(=O)Nc2cc(C(=O)O)cc(C(=O)O)c2)cc1NC(=O)c1ccccc1C(=O)O,Cc1ccc(C(=O)Nc2cc(C(=O)O)cc(C(=O)O)c2)cc1NC(=O)c1ccccc1C(=O)O,6.9181175,-5.189138
890,mol191,-12.32,NC(N)c1ccc(-c2c[nH]c(C(=O)c3cccc4ccccc34)n2)cc1,NC(N)c1ccc(-c2c[nH]c(C(=O)c3cccc4ccccc34)n2)cc1,6.2361126,-4.0311174
190,mol130,-12.32,Cc1ccc(-c2ccc(Nc3ccc(C(=O)NCc4ccc(B(O)O)cc4)cc3)cc2)cc1,Cc1ccc(-c2ccc(Nc3ccc(C(=O)NCc4ccc(B(O)O)cc4)cc3)cc2)cc1,6.11863,-5.1377635
740,mol360,-12.32,Cc1ccc(CNC(=O)c2cnc3ncc(-c4ccccc4)cn3c2=O)cc1F,Cc1ccc(CNC(=O)c2cnc3ncc(-c4ccccc4)cn3c2=O)cc1F,6.41741,-5.0275006
630,mol175,-12.32,Cc1ccc(Cn2c(=O)ccn(Cc3cccc(-c4ccccc4Cl)c3)c2=O)cc1,Cc1ccc(Cn2c(=O)ccn(Cc3cccc(-c4ccccc4Cl)c3)c2=O)cc1,5.850131,-6.0977697
360,mol8,-12.32,Cc1cccc(-n2ncc(-c3cccc(C(=O)Nc4cccc(C(=O)O)c4)c3)c2-c2ccc(NC(=O)Nc3ccccc3)cc2)c1,Cc1cccc(-n2ncc(-c3cccc(C(=O)Nc4cccc(C(=O)O)c4)c3)c2-c2ccc(NC(=O)Nc3ccccc3)cc2)c1,6.620252,-6.129867
950,mol186,-12.32,Nc1ccc(-c2cccc(COc3ccc(-c4ccccc4)cc3)c2)cn1,Nc1ccc(-c2cccc(COc3ccc(-c4ccccc4)cc3)c2)cn1,5.853782,-6.66933
220,mol169,-12.32,Cc1ccc(Nc2nccc(-c3cccnc3Nc3ccc4[nH]c(=O)c5cc(C(=O)N[C@H](CCC(=O)O)C(=O)O)ccc5c4c3)n2)cc1,Cc1ccc(Nc2nccc(-c3cccnc3Nc3ccc4[nH]c(=O)c5cc(C(=O)N[C@H](CCC(=O)O)C(=O)O)ccc5c4c3)n2)cc1,7.259222,-6.305527
510,mol342,-12.32,Cc1ccc(Nc2nccc(Nc3cccc4ccccc34)n2)cc1F,Cc1ccc(Nc2nccc(Nc3cccc4ccccc34)n2)cc1F,6.645073,-6.577929
980,mol442,-12.32,Cc1ccc(C(=O)Nc2cccc(C(F)(F)F)c2)cc1C#Cc1ccc(-c2cnc(N)nc2)cc1,Cc1ccc(C(=O)Nc2cccc(C(F)(F)F)c2)cc1C#Cc1ccc(-c2cnc(N)nc2)cc1,6.3516145,-6.834854
120,mol454,-12.32,Cc1ccc(NC(=O)c2cncc(-c3ccccc3C(F)(F)F)c2)cc1,Cc1ccc(NC(=O)c2cncc(-c3ccccc3C(F)(F)F)c2)cc1,6.389664,-6.058319
350,mol450,-12.32,Cc1cccc(Cl)c1NS(=O)(=O)c1ccc2nc(-c3cccc(Nc4nc(NC5CCCCC5)nc(NC5CCCCC5)n4)c3C)nc(N)c2c1,Cc1cccc(Cl)c1NS(=O)(=O)c1ccc2nc(-c3cccc(Nc4nc(NC5CCCCC5)nc(NC5CCCCC5)n4)c3C)nc(N)c2c1,7.6862803,-6.238318
100,mol359,-12.32,Cc1ccc(-n2nc(C(C)(C)C)cc2NC(=O)Nc2ccc(Nc3nccc(-c4ccccn4)n3)cc2)cc1,Cc1ccc(-n2nc(C(C)(C)C)cc2NC(=O)Nc2ccc(Nc3nccc(-c4ccccn4)n3)cc2)cc1,6.4349723,-6.7977414
240,mol387,-12.32,Cc1ccc(-c2ccc(Oc3ccc([C@H]4CC(=O)C(Br)=C(N)C4)cc3)cc2)cc1,Cc1ccc(-c2ccc(Oc3ccc([C@H]4CC(=O)C(Br)=C(N)C4)cc3)cc2)cc1,6.183486,-7.4956684
370,mol472,-12.32,Cc1ccc(Nc2nccc(-c3cccnc3Nc3cccc(C(=O)Nc4ccc(C(=O)O)cc4)c3)n2)cc1,Cc1ccc(Nc2nccc(-c3cccnc3Nc3cccc(C(=O)Nc4ccc(C(=O)O)cc4)c3)n2)cc1,6.3187776,-5.8609185
540,mol271,-12.32,Cc1ccc(NC(=O)c2cccc(-c3ccccc3)c2)cc1Nc1ncnc2ccc(-c3ccccc3)cc12,Cc1ccc(NC(=O)c2cccc(-c3ccccc3)c2)cc1Nc1ncnc2ccc(-c3ccccc3)cc12,5.960829,-6.9680324
240,mol47,-12.32,CC(C)Oc1ccc(-c2[nH]ncc2CNC(=O)c2ccc(/N=c3/ccc4ccccc4[nH]3)cc2)cc1,CC(C)Oc1ccc(-c2[nH]ncc2CNC(=O)c2ccc(/N=c3/ccc4ccccc4[nH]3)cc2)cc1,6.0117807,-6.6749253
500,mol395,-12.32,Cc1ccc(C(=O)Nc2cccc(C(F)(F)F)c2)cc1Nc1ncnn2cc(-c3cncc(C=O)c3)cc12,Cc1ccc(C(=O)Nc2cccc(C(F)(F)F)c2)cc1Nc1ncnn2cc(-c3cncc(C=O)c3)cc12,6.063074,-6.458563
940,mol355,-12.32,COc1ccc(Oc2cc(-c3cncc(-c4ccccc4)c3)cc(C(=O)O)n2)cc1Cl,COc1ccc(Oc2cc(-c3cncc(-c4ccccc4)c3)cc(C(=O)O)n2)cc1Cl,6.4228387,-6.2809825
810,mol336,-12.32,COc1cccc(-c2cccc(C(=O)NCc3ccc4ccccc4n3)c2)c1,COc1cccc(-c2cccc(C(=O)NCc3ccc4ccccc4n3)c2)c1,5.994062,-5.809959
480,mol446,-12.32,Cc1ccc(C(=O)Nc2ccc(CNC(N)N)cc2)cc1Nc1ncnc2ccccc12,Cc1ccc(C(=O)Nc2ccc(CNC(N)N)cc2)cc1Nc1ncnc2ccccc12,6.772163,-4.294703
550,mol84,-12.32,CCn1cncc1CNc1ccc(Nc2ccnc3cc(-c4ccc(S(=O)(=O)N5CCOCC5)cc4)cnc23)cn1,CCn1cncc1CNc1ccc(Nc2ccnc3cc(-c4ccc(S(=O)(=O)N5CCOCC5)cc4)cnc23)cn1,6.964158,-4.100233
430,mol466,-12.32,CC(=O)N1CCC(Cc2ccc(C(=O)Nc3ccc(C(=O)c4ccccc4)cc3)cc2)CC1,CC(=O)N1CCC(Cc2ccc(C(=O)Nc3ccc(C(=O)c4ccccc4)cc3)cc2)CC1,6.340791,-4.507705
170,mol66,-12.32,Cc1cc(Nc2cc(Nc3ccc4c(/C=C\c5ccccc5)nccc4c3)ncn2)ccn1,Cc1cc(Nc2cc(Nc3ccc4c(/C=C\c5ccccc5)nccc4c3)ncn2)ccn1,6.049776,-5.753561
600,mol428,-12.32,Cc1ccc(Oc2ccc(-c3ccccc3CNC(=O)c3ccc4ccccc4n3)cc2)cc1,Cc1ccc(Oc2ccc(-c3ccccc3CNC(=O)c3ccc4ccccc4n3)cc2)cc1,5.7501655,-7.1185775
510,mol44,-12.32,CC(=O)Oc1ccc(Nc2nccc(-c3ccnc(Nc4cccc(C(=O)O)c4)c3)n2)cc1,CC(=O)Oc1ccc(Nc2nccc(-c3ccnc(Nc4cccc(C(=O)O)c4)c3)n2)cc1,6.467864,-5.6515512
130,mol49,-12.32,Cc1ccc(C(=O)NCc2ccc(C(=O)NO)cc2)cc1NC(=O)c1cccc(NC(=O)c2ccco2)c1,Cc1ccc(C(=O)NCc2ccc(C(=O)NO)cc2)cc1NC(=O)c1cccc(NC(=O)c2ccco2)c1,6.8059483,-6.120511
390,mol350,-12.32,Cc1ccc(Nc2nccc(Nc3cccc(C(=O)Nc4cccc(C(=O)O)c4)c3)n2)cc1,Cc1ccc(Nc2nccc(Nc3cccc(C(=O)Nc4cccc(C(=O)O)c4)c3)n2)cc1,6.2240124,-5.6532183
770,mol421,-12.32,Cc1ccc(-c2ccc(C(=O)Nc3ccccc3C(=O)O)cc2)cc1,Cc1ccc(-c2ccc(C(=O)Nc3ccccc3C(=O)O)cc2)cc1,6.266182,-5.1824937
500,mol397,-12.32,Cc1ccccc1-c1ccc(C(=O)Nc2ccc(C[NH+]3CCN(C(=O)Cc4ccccc4)CC3)cc2)cc1,Cc1ccccc1-c1ccc(C(=O)Nc2ccc(C[NH+]3CCN(C(=O)Cc4ccccc4)CC3)cc2)cc1,5.8371377,-5.0362473
130,mol57,-12.32,CN(CCO)c1cc(-c2cccc(NC(=O)Nc3cccc(C(N)=O)c3)c2)ccn1,CN(CCO)c1cc(-c2cccc(NC(=O)Nc3cccc(C(N)=O)c3)c2)ccn1,6.7667937,-3.625719
360,mol314,-12.32,Cc1cc(Nc2nccc(Nc3ccc4c(N[C@H]5CC[C@H](O)CC5)cccc4n3)n2)ccc1F,Cc1cc(Nc2nccc(Nc3ccc4c(N[C@H]5CC[C@H](O)CC5)cccc4n3)n2)ccc1F,6.839797,-6.1130624
850,mol114,-12.32,CN(C)C(=O)c1ccc(Nc2nc(Nc3cccc(C(=O)Nc4ccccc4)c3)nc3ccccc23)cc1,CN(C)C(=O)c1ccc(Nc2nc(Nc3cccc(C(=O)Nc4ccccc4)c3)nc3ccccc23)cc1,6.2068934,-6.1551485
110,mol274,-12.32,Cc1c(Nc2cccc(C(=O)Nc3cccnc3)n2)ccc2c(N3CC[C@H](C(=O)O)C3)nccc12,Cc1c(Nc2cccc(C(=O)Nc3cccnc3)n2)ccc2c(N3CC[C@H](C(=O)O)C3)nccc12,7.195605,-5.1303535
430,mol391,-12.32,Cc1nc(Nc2ncc(C(=O)Nc3ccc(NC(=O)c4ccccc4)cc3)s2)cc(N2CC[NH+](CC(=O)NCc3ccccc3)CC2)n1,Cc1nc(Nc2ncc(C(=O)Nc3ccc(NC(=O)c4ccccc4)cc3)s2)cc(N2CC[NH+](CC(=O)NCc3ccccc3)CC2)n1,6.8769474,-4.5966334
360,mol262,-12.32,O=C(NCc1ccccc1)c1cccc(-c2ncc(-c3ccccc3)cc2NCc2ccccc2)c1,O=C(NCc1ccccc1)c1cccc(-c2ncc(-c3ccccc3)cc2NCc2ccccc2)c1,5.6707554,-6.543144
410,mol259,-12.32,COc1ccc(C(=O)Nc2ccc(Nc3cc(C)c(-c4ccc(F)cc4)cn3)cc2)cc1C[NH3+],COc1ccc(C(=O)Nc2ccc(Nc3cc(C)c(-c4ccc(F)cc4)cn3)cc2)cc1C[NH3+],6.510515,-6.374135
590,mol272,-12.32,CNc1ccc(C(=O)O)cc1Nc1ccnc(-c2ccc(C(=O)NS(=O)(=O)c3cccc(C(F)(F)F)c3)cc2)n1,CNc1ccc(C(=O)O)cc1Nc1ccnc(-c2ccc(C(=O)NS(=O)(=O)c3cccc(C(F)(F)F)c3)cc2)n1,6.6344466,-5.6304097
540,mol450,-12.32,Cc1ccc(C(=O)Nc2ccc(Oc3ccccc3)cc2)cc1Nc1ccnc2ccc(Br)cc12,Cc1ccc(C(=O)Nc2ccc(Oc3ccccc3)cc2)cc1Nc1ccnc2ccc(Br)cc12,6.035287,-6.9643035
350,mol269,-12.32,Cc1ccc(C(=O)Nc2cccc(C(=O)Nc3ccc(S(=O)(=O)Nc4ncccn4)cc3)c2)cc1,Cc1ccc(C(=O)Nc2cccc(C(=O)Nc3ccc(S(=O)(=O)Nc4ncccn4)cc3)c2)cc1,5.9427433,-6.346108
560,mol180,-12.32,Cc1ccc(Nc2nccc(-n3nc(C(F)(F)F)cc3C(F)(F)F)n2)cc1Nc1ncnc2ccccc12,Cc1ccc(Nc2nccc(-n3nc(C(F)(F)F)cc3C(F)(F)F)n2)cc1Nc1ncnc2ccccc12,6.41371,-6.714839
260,mol254,-12.32,Cc1ccc(-c2cccc(-c3ccc([C@H]4CCCCC4=O)s3)c2)cc1,Cc1ccc(-c2cccc(-c3ccc([C@H]4CCCCC4=O)s3)c2)cc1,6.053092,-7.0113974
170,mol330,-12.31,Nc1ncc(-c2ccc(C(=O)Nc3ccc(-c4cc(CNCc5ccccc5)n(-c5ccccc5)n4)cc3)cc2)s1,Nc1ncc(-c2ccc(C(=O)Nc3ccc(-c4cc(CNCc5ccccc5)n(-c5ccccc5)n4)cc3)cc2)s1,6.3551087,-6.533966
100,mol295,-12.31,Cc1cccc(COC(=O)Nc2ccc(Nc3cc(Nc4cccc(C(=O)O)c4)nc4ccccc34)cc2)c1,Cc1cccc(COC(=O)Nc2ccc(Nc3cc(Nc4cccc(C(=O)O)c4)nc4ccccc34)cc2)c1,6.437529,-6.5077877
990,mol419,-12.31,Cc1cc(C)nc(C(=O)Nc2ccccc2Oc2ccc(NC(=O)c3ccc(C)c(C(=O)O)c3)c3ccccc23)c1,Cc1cc(C)nc(C(=O)Nc2ccccc2Oc2ccc(NC(=O)c3ccc(C)c(C(=O)O)c3)c3ccccc23)c1,6.702616,-6.3008924
750,mol383,-12.31,Cc1ccc(C(=O)Nc2ccc(Oc3ncnc4[nH]ccc34)cc2)cc1NC(=O)Cc1ccccc1,Cc1ccc(C(=O)Nc2ccc(Oc3ncnc4[nH]ccc34)cc2)cc1NC(=O)Cc1ccccc1,6.5292783,-7.3217177
920,mol236,-12.31,CC(=O)Nc1ccc(NC(=O)c2cccc(-c3cccc(SCc4ccccc4)c3)c2)cc1,CC(=O)Nc1ccc(NC(=O)c2cccc(-c3cccc(SCc4ccccc4)c3)c2)cc1,5.937721,-6.8787937
430,mol161,-12.31,CN(Cc1cnc2nc(N)nc(N)c2n1)c1ccc(C(=O)NC(=O)c2ccc(C(=O)O)cn2)cc1,CN(Cc1cnc2nc(N)nc(N)c2n1)c1ccc(C(=O)NC(=O)c2ccc(C(=O)O)cn2)cc1,6.826902,-3.4125073
350,mol280,-12.31,Cc1cccc(-c2nc(C(=O)NCc3ccc(C(=O)N[C@H](CCC(=O)O)C(=O)O)cc3)cnc2N)c1,Cc1cccc(-c2nc(C(=O)NCc3ccc(C(=O)N[C@H](CCC(=O)O)C(=O)O)cc3)cnc2N)c1,7.1015334,-3.5809236
780,mol373,-12.31,COc1ccnc(C(=O)Nc2ccc(S(=O)(=O)Nc3ccc4ccccc4c3)cc2)c1,COc1ccnc(C(=O)Nc2ccc(S(=O)(=O)Nc3ccc4ccccc4c3)cc2)c1,6.2040496,-5.809961
430,mol156,-12.31,CCC(=O)Nc1ccc(C(=O)Nc2ccc(Oc3ccc(Br)cc3)cc2C(=O)O)cc1,CCC(=O)Nc1ccc(C(=O)Nc2ccc(Oc3ccc(Br)cc3)cc2C(=O)O)cc1,6.514713,-6.0475245
540,mol437,-12.31,Cc1cn(Cc2cccc(-n3cccn3)c2)c2cc(NC(=O)Nc3ccc(Oc4ccnc(N)n4)cc3)cnc12,Cc1cn(Cc2cccc(-n3cccn3)c2)c2cc(NC(=O)Nc3ccc(Oc4ccnc(N)n4)cc3)cnc12,6.8612747,-6.289934
210,mol438,-12.31,Cc1cccc(C(=O)Nc2cc(/C=C/c3ccc(-c4ccccc4Cl)o3)cc(/C=C3/SC(=O)NC3=O)c2)c1,Cc1cccc(C(=O)Nc2cc(/C=C/c3ccc(-c4ccccc4Cl)o3)cc(/C=C3/SC(=O)NC3=O)c2)c1,6.3349996,-7.486318
970,mol317,-12.31,CC(=O)Nc1cccc(Oc2cc(Nc3cccc(-c4ccccc4)c3)ccn2)c1,CC(=O)Nc1cccc(Oc2cc(Nc3cccc(-c4ccccc4)c3)ccn2)c1,6.197357,-6.880117
800,mol338,-12.31,Nc1nccc(-c2ccnc(Nc3cccc(C(=O)Nc4cccc(C(=O)O)c4)c3)n2)n1,Nc1nccc(-c2ccnc(Nc3cccc(C(=O)Nc4cccc(C(=O)O)c4)c3)n2)n1,6.7456985,-4.448927
920,mol331,-12.31,COc1ncc(-c2ccnc(Nc3ccc(C(=O)N4CCC(NCc5ccccc5)CC4)cc3)n2)cn1,COc1ncc(-c2ccnc(Nc3ccc(C(=O)N4CCC(NCc5ccccc5)CC4)cc3)n2)cn1,7.078012,-4.633983
690,mol342,-12.31,Cc1ccccc1-c1cc(Nc2ccnc3cc(Cl)ccc23)ncn1,Cc1ccccc1-c1cc(Nc2ccnc3cc(Cl)ccc23)ncn1,6.2946486,-5.6913857
940,mol51,-12.31,COc1ccc(C(=O)Nc2ccc(NC(=O)c3ccc4ccccc4c3)cc2)cc1,COc1ccc(C(=O)Nc2ccc(NC(=O)c3ccc4ccccc4c3)cc2)cc1,5.7363744,-6.855079
860,mol38,-12.31,COc1ccc(Nc2nccc(-c3cccc(C(=O)Nc4ccccc4)c3)n2)cc1,COc1ccc(Nc2nccc(-c3cccc(C(=O)Nc4ccccc4)c3)n2)cc1,5.738992,-6.3743653
190,mol243,-12.31,Cn1c(OCc2ccc(Cl)cc2)nc2cc(NC(=O)CCCOc3ccc(-c4ccccc4)cc3Cl)ccc21,Cn1c(OCc2ccc(Cl)cc2)nc2cc(NC(=O)CCCOc3ccc(-c4ccccc4)cc3Cl)ccc21,6.0266514,-7.0370445
90,mol147,-12.31,Cc1cn(-c2cccc(C(=O)Nc3ccc(S(=O)(=O)Nc4cccc(CCOc5ccccc5)c4)cc3)c2)cn1,Cc1cn(-c2cccc(C(=O)Nc3ccc(S(=O)(=O)Nc4cccc(CCOc5ccccc5)c4)cc3)c2)cn1,5.990002,-6.4159408
900,mol308,-12.31,CN(c1ccc(C(=O)NO)cc1)S(=O)(=O)c1ccc(-c2cccc(C(=O)O)c2)cc1,CN(c1ccc(C(=O)NO)cc1)S(=O)(=O)c1ccc(-c2cccc(C(=O)O)c2)cc1,6.8406463,-4.8117633
250,mol242,-12.31,Cc1ccc(NC(=O)c2ccc(C(=O)NCc3ccccc3Cl)cc2)cc1NS(=O)(=O)c1ccc2c(c1)CCC2,Cc1ccc(NC(=O)c2ccc(C(=O)NCc3ccccc3Cl)cc2)cc1NS(=O)(=O)c1ccc2c(c1)CCC2,6.5387397,-6.019896
650,mol208,-12.31,Cc1ccccc1C(=O)Nc1ccc(C(=O)NCCCNc2ncnc3c2CCCN3C(=O)c2ccc(O)cc2)cc1,Cc1ccccc1C(=O)Nc1ccc(C(=O)NCCCNc2ncnc3c2CCCN3C(=O)c2ccc(O)cc2)cc1,6.755453,-5.4625635
920,mol138,-12.31,Cc1ccc(C(=O)Nc2ccc(Cc3ccccc3C(=O)O)cc2)cc1,Cc1ccc(C(=O)Nc2ccc(Cc3ccccc3C(=O)O)cc2)cc1,6.4790893,-4.650993
160,mol456,-12.31,Cc1cccc(C)c1NC(=O)c1cccc(NC(=O)Cc2ccccc2)c1,Cc1cccc(C)c1NC(=O)c1cccc(NC(=O)Cc2ccccc2)c1,6.732666,-5.6304
940,mol2,-12.31,Cc1ccccc1C(=O)Nc1cccc(C(=O)Nc2ccc(C(=O)NC3CCCCC3)cc2)c1,Cc1ccccc1C(=O)Nc1cccc(C(=O)Nc2ccc(C(=O)NC3CCCCC3)cc2)c1,6.3366785,-6.2886662
380,mol369,-12.31,Cc1ccccc1-c1cc(Nc2ccnc(Nc3cccc(C(N)N)c3)n2)ccc1O,Cc1ccccc1-c1cc(Nc2ccnc(Nc3cccc(C(N)N)c3)n2)ccc1O,6.4117303,-5.1579065
360,mol175,-12.31,Cc1cc(Nc2ncc(C(=O)Nc3ccc(Oc4ccccc4)cc3)s2)ccc1NC(=O)c1cccs1,Cc1cc(Nc2ncc(C(=O)Nc3ccc(Oc4ccccc4)cc3)s2)ccc1NC(=O)c1cccs1,6.303606,-7.4817023
490,mol103,-12.31,CN(c1ccc(-c2ccc(C(=O)NS(=O)(=O)c3ccccc3)cc2)cc1)S(=O)(=O)c1ccc(N)cc1,CN(c1ccc(-c2ccc(C(=O)NS(=O)(=O)c3ccccc3)cc2)cc1)S(=O)(=O)c1ccc(N)cc1,6.2800426,-5.3309555
430,mol17,-12.31,COc1ccc(Nc2ncc(-c3cccc(-c4ccccc4)c3)c(N)n2)cc1,COc1ccc(Nc2ncc(-c3cccc(-c4ccccc4)c3)c(N)n2)cc1,5.713303,-6.3785186
330,mol348,-12.31,Cc1cc(C/C=C(\C#N)C(=O)NCc2ccc(C(N)N)cc2)cc(OCCCc2c(C(=O)NS(=O)(=O)c3cccc4ccccc34)sc3ccccc23)c1,Cc1cc(C/C=C(\C#N)C(=O)NCc2ccc(C(N)N)cc2)cc(OCCCc2c(C(=O)NS(=O)(=O)c3cccc4ccccc34)sc3ccccc23)c1,6.6204185,-6.549054
750,mol329,-12.31,Cc1ccc(C(=O)NCc2cccc(Oc3ccnc4ccccc34)c2)cc1,Cc1ccc(C(=O)NCc2cccc(Oc3ccnc4ccccc34)c2)cc1,6.399429,-6.4573884
1000,mol345,-12.31,CC(=O)Nc1ccc(Oc2ccc(-c3ccc(C(=O)O)c(NC(=O)c4ccccc4)c3)c(O)c2)cc1,CC(=O)Nc1ccc(Oc2ccc(-c3ccc(C(=O)O)c(NC(=O)c4ccccc4)c3)c(O)c2)cc1,6.061166,-6.5924683
680,mol421,-12.31,Cc1ccc(C(=O)Nc2cccc(C(F)(F)F)c2)cc1NC(=O)c1cnc(-c2cccnc2)cn1,Cc1ccc(C(=O)Nc2cccc(C(F)(F)F)c2)cc1NC(=O)c1cnc(-c2cccnc2)cn1,6.5089436,-6.5899124
900,mol87,-12.31,CC(=O)Nc1cccc(-c2cnc(Nc3ccc(C(=O)N4CCOCC4)cc3)nc2N)c1,CC(=O)Nc1cccc(-c2cnc(Nc3ccc(C(=O)N4CCOCC4)cc3)nc2N)c1,6.8148446,-4.1010213
410,mol172,-12.31,Cc1ccc(Nc2cccc(C(=O)Nc3cccnc3)c2)cc1NS(=O)(=O)c1ccc(N)cc1,Cc1ccc(Nc2cccc(C(=O)Nc3cccnc3)c2)cc1NS(=O)(=O)c1ccc(N)cc1,6.303754,-5.773324
820,mol282,-12.31,Cc1ccc(-n2nc3ccccc3n2)cc1C(=O)Nc1ccc(OCc2ccccc2)cn1,Cc1ccc(-n2nc3ccccc3n2)cc1C(=O)Nc1ccc(OCc2ccccc2)cn1,6.0404744,-7.1361637
850,mol152,-12.31,Cc1ccc(C(=O)Nc2ccc(Oc3ccncc3)cc2)cc1Nc1ccnc(Nc2ccc(C(=O)O)cc2)n1,Cc1ccc(C(=O)Nc2ccc(Oc3ccncc3)cc2)cc1Nc1ccnc(Nc2ccc(C(=O)O)cc2)n1,6.50009,-6.3777275
420,mol112,-12.31,Cc1ccc(C(=O)Nc2ccc(Oc3ccccc3)cc2)cc1Nc1nccc(-c2cccnc2)n1,Cc1ccc(C(=O)Nc2ccc(Oc3ccccc3)cc2)cc1Nc1nccc(-c2cccnc2)n1,6.2730894,-6.794155
260,mol191,-12.31,Cc1ccc(NC(=O)c2ccc(NC(=O)c3ccccc3C(F)(F)F)cc2)cc1,Cc1ccc(NC(=O)c2ccc(NC(=O)c3ccccc3C(F)(F)F)cc2)cc1,6.469917,-6.453609
390,mol107,-12.31,Cc1cc(Nc2nc(Cc3cccc(NC(=O)c4ccccn4)c3)cc(C(=O)Nc3ccc4nsnc4c3)n2)ccc1C(=O)O,Cc1cc(Nc2nc(Cc3cccc(NC(=O)c4ccccn4)c3)cc(C(=O)Nc3ccc4nsnc4c3)n2)ccc1C(=O)O,6.8339577,-6.172977
340,mol11,-12.31,Cc1oc(-c2cccc(Cl)c2)nc1CC[C@H]1C=CN(c2cccc(C(N)N)c2)C1=O,Cc1oc(-c2cccc(Cl)c2)nc1CC[C@H]1C=CN(c2cccc(C(N)N)c2)C1=O,7.0098104,-4.642709
950,mol227,-12.31,Cc1ccccc1NC(=O)c1cccc(CNS(=O)(=O)c2cccc(C(=O)NCc3ccncc3)c2)c1,Cc1ccccc1NC(=O)c1cccc(CNS(=O)(=O)c2cccc(C(=O)NCc3ccncc3)c2)c1,6.460929,-5.1863165
900,mol41,-12.31,Cn1cc(-c2cccc(C(=O)Nc3ccc4[nH]ccc4c3)c2)c2cncnc21,Cn1cc(-c2cccc(C(=O)Nc3ccc4[nH]ccc4c3)c2)c2cncnc21,6.163347,-4.573445
220,mol449,-12.31,Cc1ccc(NC(=O)c2ccc(-c3cccc4c3OCO4)cc2)cc1,Cc1ccc(NC(=O)c2ccc(-c3cccc4c3OCO4)cc2)cc1,5.9628696,-5.7843585
340,mol78,-12.31,Cc1cc(C(=O)Nc2cccc(C(F)(F)F)c2)ccc1OC[C@H](O)C[N@H+]1CCc2cccc3c2[C@H]1C[C@H](N)C3,Cc1cc(C(=O)Nc2cccc(C(F)(F)F)c2)ccc1OC[C@H](O)C[N@H+]1CCc2cccc3c2[C@H]1C[C@H](N)C3,7.381133,-3.9506626
250,mol201,-12.31,Cc1cn(Cc2cccc(C(=O)Nc3cncc(C(=O)Nc4ccc(Oc5ccccc5)cc4)c3)c2)cn1,Cc1cn(Cc2cccc(C(=O)Nc3cncc(C(=O)Nc4ccc(Oc5ccccc5)cc4)c3)c2)cn1,6.042121,-6.5629964
370,mol254,-12.31,Nc1nc(Nc2ccc(C(=O)O)cc2)sc1[C@@H](O)c1ccc(O)c(-c2ccc(O)cc2)c1,Nc1nc(Nc2ccc(C(=O)O)cc2)sc1[C@@H](O)c1ccc(O)c(-c2ccc(O)cc2)c1,6.3080764,-4.9826274
340,mol356,-12.31,Cc1cn(-c2ccc(C(=O)Nc3ccc(C(=O)Nc4cc(C(=O)Nc5ccc(CO)cc5)c[nH]4)cc3)cc2)cn1,Cc1cn(-c2ccc(C(=O)Nc3ccc(C(=O)Nc4cc(C(=O)Nc5ccc(CO)cc5)c[nH]4)cc3)cc2)cn1,6.4163594,-6.103925
360,mol404,-12.31,Cc1ccc(NC(=O)c2ccc(C(=O)NCc3ccc(C(=O)NCC[NH+]4CCCCC4)cc3C(=O)O)cc2)cc1,Cc1ccc(NC(=O)c2ccc(C(=O)NCc3ccc(C(=O)NCC[NH+]4CCCCC4)cc3C(=O)O)cc2)cc1,6.8587494,-3.2869442
910,mol178,-12.31,CC(=O)Nc1ccc(Oc2ccc(NC(=O)c3cc4ccccc4o3)cc2)cc1,CC(=O)Nc1ccc(Oc2ccc(NC(=O)c3cc4ccccc4o3)cc2)cc1,6.3906426,-6.5369964
250,mol141,-12.31,Cc1ccc(NC(=O)c2cccc(C(=O)NCc3ccc(/C=N\NC(=O)c4cccc(C(=O)O)c4)s3)c2)cc1,Cc1ccc(NC(=O)c2cccc(C(=O)NCc3ccc(/C=N\NC(=O)c4cccc(C(=O)O)c4)s3)c2)cc1,6.4407473,-5.7628155
760,mol332,-12.31,Cc1ccc(C(=O)Nc2cccc(C(F)(F)F)c2)cc1Nc1nccc(-c2cccnc2)n1,Cc1ccc(C(=O)Nc2cccc(C(F)(F)F)c2)cc1Nc1nccc(-c2cccnc2)n1,6.2990665,-6.4901867
740,mol274,-12.31,Cc1ccc(C(=O)Nc2ccc(C[N@H+]3CC[N@H+](C)CC3)c(C(F)(F)F)c2)cc1NC(=O)c1ccn2ccccc12,Cc1ccc(C(=O)Nc2ccc(C[N@H+]3CC[N@H+](C)CC3)c(C(F)(F)F)c2)cc1NC(=O)c1ccn2ccccc12,6.977055,-3.5624077
370,mol3,-12.31,CNC(=O)c1ccc(Oc2ccc(NC(=O)Nc3cccc(C(=O)O)c3)cc2)cc1,CNC(=O)c1ccc(Oc2ccc(NC(=O)Nc3cccc(C(=O)O)c3)cc2)cc1,6.635833,-5.3021317
780,mol32,-12.31,C[C@@H](Oc1ccc(-c2cccc(C(=O)O)c2)cc1)C(=O)NCc1ccc(C(N)N)cc1,C[C@@H](Oc1ccc(-c2cccc(C(=O)O)c2)cc1)C(=O)NCc1ccc(C(N)N)cc1,6.709579,-3.8619843
300,mol63,-12.31,Cc1nc2ccc(C(=O)NCc3ccc(C(=O)Nc4ccc(C(=O)NCc5ccccc5)cc4)cc3)cc2s1,Cc1nc2ccc(C(=O)NCc3ccc(C(=O)Nc4ccc(C(=O)NCc5ccccc5)cc4)cc3)cc2s1,6.162109,-6.2209973
850,mol313,-12.31,Cc1ccc(C(=O)Nc2cccc(C(=O)O)c2)cc1NC(=O)c1ccc2ccccc2c1,Cc1ccc(C(=O)Nc2cccc(C(=O)O)c2)cc1NC(=O)c1ccc2ccccc2c1,6.6471715,-5.7978415
960,mol247,-12.31,COc1ccc(-c2ccccc2)cc1S(=O)(=O)Nc1ccc(C(=O)/C=C/c2cccc(C(=O)O)c2)cc1,COc1ccc(-c2ccccc2)cc1S(=O)(=O)Nc1ccc(C(=O)/C=C/c2cccc(C(=O)O)c2)cc1,5.9056716,-6.6892424
590,mol395,-12.31,Cc1ccc(Oc2ccc(Nc3ccc4ncccc4c3)cc2C(=O)O)c(Cc2ccc(N)cc2)c1,Cc1ccc(Oc2ccc(Nc3ccc4ncccc4c3)cc2C(=O)O)c(Cc2ccc(N)cc2)c1,6.2477517,-5.946233
710,mol457,-12.31,Cc1ccc(C(=O)Nc2ccc(Nc3nc4ccccc4[nH]3)cc2)cc1C,Cc1ccc(C(=O)Nc2ccc(Nc3nc4ccccc4[nH]3)cc2)cc1C,6.428657,-6.6960926
500,mol466,-12.31,CCNc1ccc(C(=O)Nc2cccc(Oc3ccc(NC(=O)c4cccc(C(F)(F)F)c4)cc3)c2)cc1,CCNc1ccc(C(=O)Nc2cccc(Oc3ccc(NC(=O)c4cccc(C(F)(F)F)c4)cc3)c2)cc1,5.7620196,-6.9085073
590,mol430,-12.31,Cc1ccc(Cc2cccc(Nc3ccnc4cc(Cl)ccc34)c2)cc1,Cc1ccc(Cc2cccc(Nc3ccnc4cc(Cl)ccc34)c2)cc1,6.2243924,-6.8088317
90,mol144,-12.3,CN(Cc1cnc2nc(N)nc(N)c2n1)c1ccc(C(=O)N[C@H](Cc2ccc(F)cc2)c2nc(-c3cccc(Cl)c3)co2)cc1,CN(Cc1cnc2nc(N)nc(N)c2n1)c1ccc(C(=O)N[C@H](Cc2ccc(F)cc2)c2nc(-c3cccc(Cl)c3)co2)cc1,6.759943,-6.4994526
700,mol272,-12.3,COc1ccc(COc2cnc(NC(=O)c3ccc4oc(=O)ccc4c3)c(C(=O)O)c2)cc1,COc1ccc(COc2cnc(NC(=O)c3ccc4oc(=O)ccc4c3)c(C(=O)O)c2)cc1,6.262258,-6.1840096
290,mol439,-12.3,Cc1ccc(Nc2ccc(-c3cccc(CNC(=O)c4cccc(OCC(=O)O)c4)c3)cc2)cc1,Cc1ccc(Nc2ccc(-c3cccc(CNC(=O)c4cccc(OCC(=O)O)c4)c3)cc2)cc1,6.163867,-6.290571
230,mol71,-12.3,Cc1ccccc1-c1c[n+](Cc2cccc(C[C@@H](NC(=O)c3ccccc3)C(=O)O)c2)c2ccccc2n1,Cc1ccccc1-c1c[n+](Cc2cccc(C[C@@H](NC(=O)c3ccccc3)C(=O)O)c2)c2ccccc2n1,6.031746,-5.3999376
630,mol190,-12.3,Cc1ccccc1OCC(=O)Nc1ccc2c(c1)CCc1cc(S(N)(=O)=O)sc1-2,Cc1ccccc1OCC(=O)Nc1ccc2c(c1)CCc1cc(S(N)(=O)=O)sc1-2,7.0388784,-4.172002
620,mol476,-12.3,Cc1cccnc1Nc1cccc(Cc2c[nH]c3ncc(-c4ccc(Cl)cc4)cc23)c1,Cc1cccnc1Nc1cccc(Cc2c[nH]c3ncc(-c4ccc(Cl)cc4)cc23)c1,6.2198524,-6.308411
550,mol444,-12.3,Cc1ccc(C(=O)Nc2cccc(C(=O)c3ccccc3)c2)cc1NC(=O)c1ccco1,Cc1ccc(C(=O)Nc2cccc(C(=O)c3ccccc3)c2)cc1NC(=O)c1ccco1,6.312496,-6.848013
790,mol105,-12.3,Cc1cccc(CO)c1NC(=O)c1cccc(CCc2cccc(NC(=O)c3ccccc3NC(N)N)c2)c1,Cc1cccc(CO)c1NC(=O)c1cccc(CCc2cccc(NC(=O)c3ccccc3NC(N)N)c2)c1,6.4652777,-6.430802
640,mol386,-12.3,Cc1ccc(Sc2cccc(NC(=O)c3ccc(COc4ccccc4C(=O)O)cc3)c2)cc1,Cc1ccc(Sc2cccc(NC(=O)c3ccc(COc4ccccc4C(=O)O)cc3)c2)cc1,6.1033645,-6.692449
970,mol271,-12.3,Cc1cccc(-c2nc(Nc3ccc(C(=O)N4CCOCC4)cc3)ncc2F)c1,Cc1cccc(-c2nc(Nc3ccc(C(=O)N4CCOCC4)cc3)ncc2F)c1,6.8340425,-4.3532996
320,mol156,-12.3,Cc1cc(NC(=O)Nc2ccc(-c3nc4ccc(C(N)N)cc4[nH]3)cc2)ccc1NS(C)(=O)=O,Cc1cc(NC(=O)Nc2ccc(-c3nc4ccc(C(N)N)cc4[nH]3)cc2)ccc1NS(C)(=O)=O,7.095904,-5.196462
160,mol167,-12.3,COc1ccc(Cn2nnc([C@@H]3C=C(c4ccccc4)NN=C3c3ccccc3)c2N)cc1NCc1cccc(C(N)N)c1,COc1ccc(Cn2nnc([C@@H]3C=C(c4ccccc4)NN=C3c3ccccc3)c2N)cc1NCc1cccc(C(N)N)c1,5.9403124,-4.4471827
290,mol145,-12.3,c1ccc(COc2cccc(Cc3ccc(-c4nc5ccccc5o4)cc3)c2)cc1,c1ccc(COc2cccc(Cc3ccc(-c4nc5ccccc5o4)cc3)c2)cc1,5.8119287,-7.6181097
460,mol2,-12.3,Cc1ccc(NC(=O)Nc2ccc([C@@](C)(N)CO)cc2)cc1Nc1ncnn2cc(C(=O)NC(C)C)cc12,Cc1ccc(NC(=O)Nc2ccc([C@@](C)(N)CO)cc2)cc1Nc1ncnn2cc(C(=O)NC(C)C)cc12,7.2108965,-5.102937
420,mol363,-12.3,Cc1ccc(NC(=O)c2cccc(Cc3ccccc3)c2C(=O)O)cc1,Cc1ccc(NC(=O)c2cccc(Cc3ccccc3)c2C(=O)O)cc1,6.514291,-4.522695
420,mol349,-12.3,Cc1ccc(NC(=O)c2cc(C(=O)NCc3ccccc3)ncn2)cc1-c1ccc(C(=O)N2CCC(O)CC2)s1,Cc1ccc(NC(=O)c2cc(C(=O)NCc3ccccc3)ncn2)cc1-c1ccc(C(=O)N2CCC(O)CC2)s1,7.175241,-5.1204405
750,mol167,-12.3,CNC(=O)c1ccc(Cl)c(Nc2nccc(-c3cccnc3Oc3ccc(NC(=O)Nc4ccccc4)cc3)n2)c1,CNC(=O)c1ccc(Cl)c(Nc2nccc(-c3cccnc3Oc3ccc(NC(=O)Nc4ccccc4)cc3)n2)c1,6.58128,-7.1332254
470,mol479,-12.3,Cc1cc(NC(=O)c2ccc(CNS(=O)(=O)c3ccc4ccccc4c3)cc2)cc(N(C)S(C)(=O)=O)c1,Cc1cc(NC(=O)c2ccc(CNS(=O)(=O)c3ccc4ccccc4c3)cc2)cc(N(C)S(C)(=O)=O)c1,6.653326,-5.123407
200,mol112,-12.3,Cc1cccc(-c2cccc(C(=O)c3cc(C[N@H+]4CC[N@H+](C)CC4)ccc3O)c2)c1,Cc1cccc(-c2cccc(C(=O)c3cc(C[N@H+]4CC[N@H+](C)CC4)ccc3O)c2)c1,6.3320975,-3.0282083
930,mol434,-12.3,COc1cc(Nc2cc(Nc3cc[nH]n3)nn2-c2ccc(NC(=O)c3cc4ccccc4[nH]3)cc2)cc(N2CCS(=O)(=O)CC2)n1,COc1cc(Nc2cc(Nc3cc[nH]n3)nn2-c2ccc(NC(=O)c3cc4ccccc4[nH]3)cc2)cc(N2CCS(=O)(=O)CC2)n1,6.920983,-5.370323
860,mol190,-12.3,O=c1cc(CCc2cccc(-c3ccccc3)c2)c2ccccc2o1,O=c1cc(CCc2cccc(-c3ccccc3)c2)c2ccccc2o1,6.167386,-6.576345
880,mol361,-12.3,Cc1ccc(C(=O)Nc2ccc(C(=O)O)cc2)cc1NC(=O)c1ccc(Oc2ccccc2)cc1,Cc1ccc(C(=O)Nc2ccc(C(=O)O)cc2)cc1NC(=O)c1ccc(Oc2ccccc2)cc1,6.5103993,-6.302944
550,mol50,-12.3,Cc1ccc(Nc2nccc(-c3cccnc3)n2)cc1NC(=O)c1cnc2ccccc2n1,Cc1ccc(Nc2nccc(-c3cccnc3)n2)cc1NC(=O)c1cnc2ccccc2n1,6.449311,-6.157459
910,mol48,-12.3,Cc1cc(C(=O)Nc2cccc(Oc3ccc4ncc(C(=O)NCCN)cc4n3)c2)ccn1,Cc1cc(C(=O)Nc2cccc(Oc3ccc4ncc(C(=O)NCCN)cc4n3)c2)ccn1,6.807583,-4.8621144
170,mol499,-12.3,Cc1ccc(C(=O)Nc2ccc(C(=O)Nc3ccc(C(=O)NCc4cccnc4)cc3)cc2)cc1,Cc1ccc(C(=O)Nc2ccc(C(=O)Nc3ccc(C(=O)NCc4cccnc4)cc3)cc2)cc1,6.158141,-6.3275585
270,mol6,-12.3,Cc1ccc(C(F)(F)F)cc1NC(=O)c1sc(NC(=O)c2c(F)cccc2F)nc1C,Cc1ccc(C(F)(F)F)cc1NC(=O)c1sc(NC(=O)c2c(F)cccc2F)nc1C,6.591791,-6.8295646
770,mol100,-12.3,Nc1nc2cc(S(=O)(=O)Nc3cccc(C(=O)c4ccccc4)c3)ccc2n1Cc1ccccc1,Nc1nc2cc(S(=O)(=O)Nc3cccc(C(=O)c4ccccc4)c3)ccc2n1Cc1ccccc1,6.441947,-5.5327377
660,mol441,-12.3,Cc1cc(NC(=O)c2cccc(C(=O)Nc3ccc4c(c3)CC(C)(C)S4)c2)cc(-c2ccccc2)c1,Cc1cc(NC(=O)c2cccc(C(=O)Nc3ccc4c(c3)CC(C)(C)S4)c2)cc(-c2ccccc2)c1,5.946813,-7.0345187
570,mol208,-12.3,Cc1ccc(OCc2nc(-c3ccccc3)c(CO[PH](O)(O)O)[nH]2)cc1-c1ccc(C(=O)O)cc1,Cc1ccc(OCc2nc(-c3ccccc3)c(CO[PH](O)(O)O)[nH]2)cc1-c1ccc(C(=O)O)cc1,6.7220483,-6.1445823
590,mol180,-12.3,CNC(=O)c1ccc(C)c(Nc2ccnc(Nc3cc(C)c(C)c(C)c3)n2)c1,CNC(=O)c1ccc(C)c(Nc2ccnc(Nc3cc(C)c(C)c(C)c3)n2)c1,7.2530866,-5.149771
340,mol301,-12.3,Cc1cc(Nc2nccc(Nc3ccc4c(N)nccc4c3)n2)ccc1NS(C)(=O)=O,Cc1cc(Nc2nccc(Nc3ccc4c(N)nccc4c3)n2)ccc1NS(C)(=O)=O,6.5562196,-4.8758564
900,mol479,-12.3,Cc1ccc(C(=O)Nc2cccc(C(F)(F)F)c2)cc1Cc1cc(C(=O)N[C@@H](C)c2cccc(C(N)=O)c2)on1,Cc1ccc(C(=O)Nc2cccc(C(F)(F)F)c2)cc1Cc1cc(C(=O)N[C@@H](C)c2cccc(C(N)=O)c2)on1,6.4714055,-6.2259035
30,mol314,-12.3,c1ccc(-c2ccc([C@H]3C[C@@H]3c3nnc(-c4cccnc4)o3)cc2)cc1,c1ccc(-c2ccc([C@H]3C[C@@H]3c3nnc(-c4cccnc4)o3)cc2)cc1,5.9022827,-5.9494286
590,mol121,-12.3,CS(=O)(=O)NCc1ccc(/C=N\OC(=O)c2ccc(O)c(Nc3cccc4ccccc34)c2)cc1,CS(=O)(=O)NCc1ccc(/C=N\OC(=O)c2ccc(O)c(Nc3cccc4ccccc34)c2)cc1,6.049685,-5.8258276
910,mol295,-12.3,Cc1ccc(S(=O)(=O)Nc2ccc(Oc3ccccc3-c3nc4ccccc4[nH]3)cc2)cc1,Cc1ccc(S(=O)(=O)Nc2ccc(Oc3ccccc3-c3nc4ccccc4[nH]3)cc2)cc1,5.9205937,-7.209213
990,mol402,-12.3,COc1ccccc1NC(=O)Nc1cccc(-c2cnc(Nc3ccc(C(N)N)cc3)nc2)c1,COc1ccccc1NC(=O)Nc1cccc(-c2cnc(Nc3ccc(C(N)N)cc3)nc2)c1,6.210111,-5.820802
500,mol161,-12.3,CCC(=O)Nc1cccc(NC(=O)Cc2ccc(NC(=O)c3cc4ccccc4o3)cc2)c1,CCC(=O)Nc1cccc(NC(=O)Cc2ccc(NC(=O)c3cc4ccccc4o3)cc2)c1,6.10317,-6.8449397
590,mol476,-12.3,CN1C=CN(c2ccc(-c3ccc4ccccc4n3)cc2C(=O)NO)C(=O)c2[nH]ccc21,CN1C=CN(c2ccc(-c3ccc4ccccc4n3)cc2C(=O)NO)C(=O)c2[nH]ccc21,6.3872404,-6.662826
280,mol492,-12.3,Cc1c(NC(=O)c2ccc(C#N)cc2)cccc1-c1nc(Nc2cccc(C(N)=O)c2)c2ccccc2n1,Cc1c(NC(=O)c2ccc(C#N)cc2)cccc1-c1nc(Nc2cccc(C(N)=O)c2)c2ccccc2n1,6.33368,-6.542099
600,mol81,-12.3,CCc1ccc(C(C)C)cc1NC(=O)c1ccnc(NC(=O)Cc2ccccc2)c1,CCc1ccc(C(C)C)cc1NC(=O)c1ccnc(NC(=O)Cc2ccccc2)c1,6.4655514,-6.2953577
730,mol104,-12.3,Cc1ccc(C(=O)COc2ccc(C(=O)c3ccc4ccccc4c3)cc2)cc1,Cc1ccc(C(=O)COc2ccc(C(=O)c3ccc4ccccc4c3)cc2)cc1,6.1576777,-7.08787
390,mol135,-12.3,Cc1ccc(C(=O)Nc2cc(Oc3ccccc3)cc(Oc3ccc(NC(=O)Nc4cccc(C(=O)O)c4)cc3)c2)cc1,Cc1ccc(C(=O)Nc2cc(Oc3ccccc3)cc(Oc3ccc(NC(=O)Nc4cccc(C(=O)O)c4)cc3)c2)cc1,6.3774753,-6.792447
210,mol492,-12.3,Cc1c(-c2cncc(Nc3ccc(Oc4ncccc4N4CCCC4)cc3)n2)[nH]c(=O)c(N)c1C#N,Cc1c(-c2cncc(Nc3ccc(Oc4ncccc4N4CCCC4)cc3)n2)[nH]c(=O)c(N)c1C#N,7.101457,-5.510407
900,mol346,-12.3,COc1cc(-c2ccc3nccc(-c4cccc(Oc5ccccc5)c4)c3c2)cc(OC)c1OCCCNc1ccnc2cc(Cl)ccc12,COc1cc(-c2ccc3nccc(-c4cccc(Oc5ccccc5)c4)c3c2)cc(OC)c1OCCCNc1ccnc2cc(Cl)ccc12,5.5940647,-6.390943
510,mol492,-12.3,Cc1ccccc1-c1cc(Nc2ccnc3cc(N)ccc23)ncn1,Cc1ccccc1-c1cc(Nc2ccnc3cc(N)ccc23)ncn1,6.4714437,-4.4055324
670,mol293,-12.3,Clc1ccc2c(Nc3ccc(-c4c[nH]cc4-c4ccccc4)cc3)ccnc2c1,Clc1ccc2c(Nc3ccc(-c4c[nH]cc4-c4ccccc4)cc3)ccnc2c1,5.761834,-6.4184823
510,mol254,-12.3,Cc1ccc(C(=O)Nc2ccc(F)cc2)cc1Nc1ncnn2cc(C(=O)Nc3ccccc3)cc12,Cc1ccc(C(=O)Nc2ccc(F)cc2)cc1Nc1ncnn2cc(C(=O)Nc3ccccc3)cc12,6.3511996,-6.8249373
830,mol281,-12.3,Cc1cc(C(=O)N[C@@H](Cc2ccc(NC(=O)c3ccc(C(=O)NCCC(=O)O)cc3)cc2)C(=O)N[C@@H](C)c2ccc(C(=O)O)cc2)ccc1O,Cc1cc(C(=O)N[C@@H](Cc2ccc(NC(=O)c3ccc(C(=O)NCCC(=O)O)cc3)cc2)C(=O)N[C@@H](C)c2ccc(C(=O)O)cc2)ccc1O,7.0328846,-4.8968773
590,mol390,-12.3,Cc1ccc(C(=O)Nc2ccc(C[N@H+]3CC[N@H+](C)CC3)c(C(F)(F)F)c2)cc1Nc1ncnn2cc(C(=O)NC(C)(C)C)cc12,Cc1ccc(C(=O)Nc2ccc(C[N@H+]3CC[N@H+](C)CC3)c(C(F)(F)F)c2)cc1Nc1ncnn2cc(C(=O)NC(C)(C)C)cc12,7.2884736,-3.7405665
220,mol381,-12.3,Cc1ccc(C(=O)Nc2ccc(C[N@H+]3CC[N@@H+](C)CC3)c(C(F)(F)F)c2)cc1C#Cc1ccc2ncccc2c1,Cc1ccc(C(=O)Nc2ccc(C[N@H+]3CC[N@@H+](C)CC3)c(C(F)(F)F)c2)cc1C#Cc1ccc2ncccc2c1,6.7348375,-3.7246215
190,mol12,-12.3,Cc1ccc(C(=O)Nc2ccc(C(F)(F)F)cc2)cc1-c1ccc2c(c1)CCN[C@@H](C(=O)O)C2,Cc1ccc(C(=O)Nc2ccc(C(F)(F)F)cc2)cc1-c1ccc2c(c1)CCN[C@@H](C(=O)O)C2,6.873362,-5.339388
960,mol435,-12.3,Cc1ccc(C[NH+]2CCN(c3ccc(C(=O)Nc4cccc(Oc5ccccc5)c4)cc3)CC2)cc1,Cc1ccc(C[NH+]2CCN(c3ccc(C(=O)Nc4cccc(Oc5ccccc5)c4)cc3)CC2)cc1,5.837835,-6.4441094
500,mol414,-12.3,CC(=O)Nc1cccc(-c2ccc(NC(=O)c3ccc(C(=O)O)cc3C(=O)O)s2)c1,CC(=O)Nc1cccc(-c2ccc(NC(=O)c3ccc(C(=O)O)cc3C(=O)O)s2)c1,6.758838,-5.0437326
810,mol34,-12.3,CN(c1ccc(C(=O)NCc2cccc(C(=O)O)c2)cc1)S(=O)(=O)c1ccc2ccccc2c1,CN(c1ccc(C(=O)NCc2cccc(C(=O)O)c2)cc1)S(=O)(=O)c1ccc2ccccc2c1,6.502606,-4.333168
450,mol460,-12.3,CC(=O)Nc1cccc(-c2cnn(-c3ccc(-c4cccc(CO)c4)cc3)c2)c1,CC(=O)Nc1cccc(-c2cnn(-c3ccc(-c4cccc(CO)c4)cc3)c2)c1,6.2718554,-5.1756034
220,mol157,-12.3,Cc1cccc(-n2nc(C(C)(C)C)cc2NC(=O)Nc2ccc(OCCOc3ccc4ccncc4c3)cc2)c1,Cc1cccc(-n2nc(C(C)(C)C)cc2NC(=O)Nc2ccc(OCCOc3ccc4ccncc4c3)cc2)c1,6.391424,-7.2386713
350,mol286,-12.3,CC(=O)Nc1ccc2ncc(-c3ccc(NC(=O)Nc4cccc(C(F)(F)F)c4)cc3)nc2c1,CC(=O)Nc1ccc2ncc(-c3ccc(NC(=O)Nc4cccc(C(F)(F)F)c4)cc3)nc2c1,6.0927224,-6.5491695
1000,mol129,-12.3,CNc1cccc(-c2ccc(NC(=O)c3cc4ccccc4o3)cc2)c1,CNc1cccc(-c2ccc(NC(=O)c3cc4ccccc4o3)cc2)c1,5.9392257,-5.8993526
650,mol92,-12.29,Cc1c(NC(=O)c2cccc(-c3ccc(C(=O)O)cc3Cl)c2)ccc(C(=O)O)c1F,Cc1c(NC(=O)c2cccc(-c3ccc(C(=O)O)cc3Cl)c2)ccc(C(=O)O)c1F,6.045594,-5.205733
970,mol118,-12.29,Cc1ccc(C(=O)Nc2ccc(Nc3nc(-c4ccc(C(C)(C)C)cc4)c4ccccc4n3)cc2)cc1,Cc1ccc(C(=O)Nc2ccc(Nc3nc(-c4ccc(C(C)(C)C)cc4)c4ccccc4n3)cc2)cc1,6.153621,-6.6749463
820,mol14,-12.29,CC(=O)Nc1cccc(Nc2nc(Nc3cccc(C(=O)NCc4ccccc4)c3)nc3ccccc23)c1,CC(=O)Nc1cccc(Nc2nc(Nc3cccc(C(=O)NCc4ccccc4)c3)nc3ccccc23)c1,6.196602,-6.1279383
370,mol191,-12.29,NC(=O)c1cccc(Nc2nccc(Nc3cc(Nc4nccc(Cc5ccccc5Cl)n4)cc(C4CC4)c3)n2)c1,NC(=O)c1cccc(Nc2nccc(Nc3cc(Nc4nccc(Cc5ccccc5Cl)n4)cc(C4CC4)c3)n2)c1,6.637079,-6.5243716
940,mol169,-12.29,CNC(=O)c1ccc(Nc2ncc(-c3cccc(CC(=O)N4CCOCC4)c3)s2)cc1,CNC(=O)c1ccc(Nc2ncc(-c3cccc(CC(=O)N4CCOCC4)c3)s2)cc1,6.598858,-4.0329685
190,mol458,-12.29,CC(=O)NNc1ccc(Cl)c(-c2nnc(-c3ccc(Oc4cccc(Cl)c4)cc3)o2)c1,CC(=O)NNc1ccc(Cl)c(-c2nnc(-c3ccc(Oc4cccc(Cl)c4)cc3)o2)c1,6.387731,-6.9562526
970,mol419,-12.29,Cc1cccc(CNc2ccc(C(=O)c3ccccc3NC(=O)c3cccc4ccccc34)cc2)c1,Cc1cccc(CNc2ccc(C(=O)c3ccccc3NC(=O)c3cccc4ccccc34)cc2)c1,5.5964375,-6.881298
890,mol79,-12.29,CC(=O)Nc1cccc(-c2cc3cnc(Nc4cccc(C(=O)NCC[NH+]5CCCCC5)c4)nc3n(C)c2=O)c1,CC(=O)Nc1cccc(-c2cc3cnc(Nc4cccc(C(=O)NCC[NH+]5CCCCC5)c4)nc3n(C)c2=O)c1,7.617739,-3.5961747
300,mol474,-12.29,Cc1c(NS(C)(=O)=O)cc(-c2cccc(NC(=O)c3ccc(/C=C\C(=O)c4ccccc4)cc3)c2)cc1-c1cccc(C(=O)O)c1,Cc1c(NS(C)(=O)=O)cc(-c2cccc(NC(=O)c3ccc(/C=C\C(=O)c4ccccc4)cc3)c2)cc1-c1cccc(C(=O)O)c1,6.604574,-6.344864
10,mol225,-12.29,Cc1cc(OCCCc2ccc3n[nH]cc3c2)ccc1-c1nc2nc(N)nc(Cl)c2[nH]1,Cc1cc(OCCCc2ccc3n[nH]cc3c2)ccc1-c1nc2nc(N)nc(Cl)c2[nH]1,6.6964254,-6.158873
270,mol412,-12.29,Cc1ccc(NCc2ccc(C(=O)Nc3ccc4ccccc4c3)cc2)cc1,Cc1ccc(NCc2ccc(C(=O)Nc3ccc4ccccc4c3)cc2)cc1,5.8090134,-6.208055
320,mol152,-12.29,Cc1cc(Nc2cc(N)ncn2)ccc1-c1nc(NCc2ccc(-c3nccn3C)cc2)c2ccccc2n1,Cc1cc(Nc2cc(N)ncn2)ccc1-c1nc(NCc2ccc(-c3nccn3C)cc2)c2ccccc2n1,6.120223,-5.868043
410,mol234,-12.29,NC(N)c1cccc(CNC(=O)Nc2cccc(Oc3ccnc(NCc4cccc(C(F)(F)F)c4)n3)c2)c1,NC(N)c1cccc(CNC(=O)Nc2cccc(Oc3ccnc(NCc4cccc(C(F)(F)F)c4)n3)c2)c1,6.2354712,-6.305431
540,mol325,-12.29,Cc1ccc(C(=O)Nc2ccc(-c3nc4ccccc4[nH]3)cc2)cc1NC(=O)c1ccc(C(=O)O)cc1,Cc1ccc(C(=O)Nc2ccc(-c3nc4ccccc4[nH]3)cc2)cc1NC(=O)c1ccc(C(=O)O)cc1,6.339293,-6.1883197
500,mol230,-12.29,Cc1ccc(Oc2nccc(Nc3cc4c(cn3)CC(=O)N4)n2)cc1NC(=O)c1cnc(Br)cc1F,Cc1ccc(Oc2nccc(Nc3cc4c(cn3)CC(=O)N4)n2)cc1NC(=O)c1cnc(Br)cc1F,6.6313343,-6.1518006
900,mol1,-12.29,Cc1cc(Nc2cc(NC(=O)c3cccc(C(C)(C)C)c3)ncn2)cc(C)c1O,Cc1cc(Nc2cc(NC(=O)c3cccc(C(C)(C)C)c3)ncn2)cc(C)c1O,6.8964806,-6.009225
540,mol332,-12.29,Cc1ccc(C(=O)Nc2cccc(-c3ccc(NC(=O)c4ccc(C(=O)O)o4)cc3)c2)cc1,Cc1ccc(C(=O)Nc2cccc(-c3ccc(NC(=O)c4ccc(C(=O)O)o4)cc3)c2)cc1,6.341715,-6.09126
250,mol448,-12.29,FC(F)(F)c1ccc(Nc2ncc(-c3ccc(Nc4nccc(-c5cccnc5)n4)cc3)[nH]2)cn1,FC(F)(F)c1ccc(Nc2ncc(-c3ccc(Nc4nccc(-c5cccnc5)n4)cc3)[nH]2)cn1,6.2572346,-6.379115
790,mol228,-12.29,CC#Cc1cc(F)cc(-c2ccc(C(=O)Nc3ccc4c(c3)OCO4)cc2)c1,CC#Cc1cc(F)cc(-c2ccc(C(=O)Nc3ccc4c(c3)OCO4)cc2)c1,6.5037165,-6.802316
270,mol404,-12.29,Cc1cc(NC(=O)Nc2cccc(C(C)(C)O)c2)cc(-c2ccc3ccccc3c2)c1,Cc1cc(NC(=O)Nc2cccc(C(C)(C)O)c2)cc(-c2ccc3ccccc3c2)c1,6.4120736,-7.002085
410,mol467,-12.29,Nc1ccc(C(=O)Nc2ccc(Oc3ccc4ccccc4c3)cc2)cc1,Nc1ccc(C(=O)Nc2ccc(Oc3ccc4ccccc4c3)cc2)cc1,6.0779195,-6.50885
110,mol138,-12.29,Cc1cccc(NC(=O)c2ccc(OCc3cc(C(=O)O)ccc3C(=O)O)cc2)c1,Cc1cccc(NC(=O)c2ccc(OCc3cc(C(=O)O)ccc3C(=O)O)cc2)c1,6.5737834,-5.230946
220,mol132,-12.29,Cc1ccc(Nc2nccc(Nc3cccc4ccccc34)n2)cc1,Cc1ccc(Nc2nccc(Nc3cccc4ccccc34)n2)cc1,6.2205644,-6.3602877
840,mol472,-12.29,Cc1cccc(C(=O)Nc2cccc(Nc3nccc(-c4ccccn4)n3)c2)c1,Cc1cccc(C(=O)Nc2cccc(Nc3nccc(-c4ccccn4)n3)c2)c1,6.250943,-5.5764885
910,mol88,-12.29,COc1ccc(-c2ccc(C(=O)Nc3ccc(Oc4ccncc4)cc3)cc2)cc1,COc1ccc(-c2ccc(C(=O)Nc3ccc(Oc4ccncc4)cc3)cc2)cc1,5.6120744,-6.9961524
390,mol65,-12.29,Cc1nc(N)c(COc2ccc(-c3ccc(C(=O)N/N=C(\N)[NH+]4CCCC4)cc3)cc2)c(N)n1,Cc1nc(N)c(COc2ccc(-c3ccc(C(=O)N/N=C(\N)[NH+]4CCCC4)cc3)cc2)c(N)n1,6.9267087,-3.4261255
640,mol167,-12.29,Cc1cccc(-c2nnc(-c3ccc4ccccc4c3)o2)c1,Cc1cccc(-c2nnc(-c3ccc4ccccc4c3)o2)c1,6.297832,-6.2364125
300,mol22,-12.29,CN(c1ccc(C(=O)Nc2ccc(-c3nc4ccccn4c3N3CCCCC3)cc2)cc1)S(=O)(=O)c1ccc(F)cc1,CN(c1ccc(C(=O)Nc2ccc(-c3nc4ccccn4c3N3CCCCC3)cc2)cc1)S(=O)(=O)c1ccc(F)cc1,6.39685,-6.0097723
940,mol215,-12.29,CN(c1ccc(NC(=O)c2ccc(C(C)(C)C)cc2)cc1)S(=O)(=O)c1ccc(Oc2ccccc2)cc1,CN(c1ccc(NC(=O)c2ccc(C(C)(C)C)cc2)cc1)S(=O)(=O)c1ccc(Oc2ccccc2)cc1,6.2531176,-6.8443713
640,mol122,-12.29,Cc1cccc(CNC(=O)c2ccc3ncc(-c4ccc(C(=O)O)cc4)nc3c2)c1,Cc1cccc(CNC(=O)c2ccc3ncc(-c4ccc(C(=O)O)cc4)nc3c2)c1,6.299573,-4.7789593
220,mol253,-12.29,COc1cc(N2CCc3cc(OCCc4ccccc4)ccc3C2=O)ccc1Nc1ncc(Cl)c(Nc2ccccc2S(=O)(=O)C(C)C)n1,COc1cc(N2CCc3cc(OCCc4ccccc4)ccc3C2=O)ccc1Nc1ncc(Cl)c(Nc2ccccc2S(=O)(=O)C(C)C)n1,6.1046147,-6.444571
340,mol478,-12.29,Cc1ccc(C(=O)Nc2ccc(CN(C(=O)C(=O)Nc3ccc4ccccc4c3)c3cccc(-c4ccccc4S(=O)(=O)NC(=O)OCc4ccccc4)c3)cc2)cc1,Cc1ccc(C(=O)Nc2ccc(CN(C(=O)C(=O)Nc3ccc4ccccc4c3)c3cccc(-c4ccccc4S(=O)(=O)NC(=O)OCc4ccccc4)c3)cc2)cc1,6.702067,-6.261324
260,mol5,-12.29,Cc1cc(C(=O)Nc2cccc(-c3cnn(Cc4cc(F)cc(C(F)(F)F)c4)c3)c2)on1,Cc1cc(C(=O)Nc2cccc(-c3cnn(Cc4cc(F)cc(C(F)(F)F)c4)c3)c2)on1,6.4097056,-6.3932176
340,mol314,-12.29,Cc1cc(NC(=O)c2cc(NC(=O)c3cccc(C4CCCCC4)c3)cc(C(=O)Nc3ccc(C(C)(C)C)cc3)c2)ccn1,Cc1cc(NC(=O)c2cc(NC(=O)c3cccc(C4CCCCC4)c3)cc(C(=O)Nc3ccc(C(C)(C)C)cc3)c2)ccn1,6.676946,-6.9862123
360,mol167,-12.29,CC(=O)c1ccc(NC(=O)c2cc(C)c3nc(-c4ccc(Oc5ccc(C)cc5)cc4)ccc3c2)cc1,CC(=O)c1ccc(NC(=O)c2cc(C)c3nc(-c4ccc(Oc5ccc(C)cc5)cc4)ccc3c2)cc1,6.2363205,-6.71281
90,mol308,-12.29,Cc1ccc2c3c1O[C@@H](Cc1ccccc1)C[C@H]3N=C2c1ccc(N(Cc2ccccc2)C(=O)c2ccc(C(=O)O)cc2)cc1,Cc1ccc2c3c1O[C@@H](Cc1ccccc1)C[C@H]3N=C2c1ccc(N(Cc2ccccc2)C(=O)c2ccc(C(=O)O)cc2)cc1,5.7438912,-6.1035976
1000,mol377,-12.29,Cc1ccccc1Cc1cccc(Nc2nc(Nc3ccccc3)nc(Nc3ccc(N)cc3)n2)c1,Cc1ccccc1Cc1cccc(Nc2nc(Nc3ccccc3)nc(Nc3ccc(N)cc3)n2)c1,6.1217513,-6.804158
860,mol18,-12.29,Cc1ccc(S(=O)(=O)Cc2cccc(-c3ccc(C(=O)O)cc3)c2)cc1,Cc1ccc(S(=O)(=O)Cc2cccc(-c3ccc(C(=O)O)cc3)c2)cc1,6.485008,-4.7521014
370,mol302,-12.29,Cc1c(Nc2ccccn2)ccc2cc(NC(=O)N[C@H](C)c3ccccc3)ccc12,Cc1c(Nc2ccccn2)ccc2cc(NC(=O)N[C@H](C)c3ccccc3)ccc12,6.306193,-5.9394374
910,mol389,-12.29,CC(=O)Nc1ccc(NC(=O)c2cccc(C(F)(F)F)c2)cc1Nc1ncc(-c2ccnc(Nc3cccc(C(=O)NC(C)C)c3)n2)c(C(C)C)n1,CC(=O)Nc1ccc(NC(=O)c2cccc(C(F)(F)F)c2)cc1Nc1ncc(-c2ccnc(Nc3cccc(C(=O)NC(C)C)c3)n2)c(C(C)C)n1,7.353687,-6.65652
930,mol360,-12.29,COc1ccc(CNC(=O)c2cccc(N3CCC4(CC3)OCCO4)c2)cc1NC(=O)c1ccccc1C(F)(F)F,COc1ccc(CNC(=O)c2cccc(N3CCC4(CC3)OCCO4)c2)cc1NC(=O)c1ccccc1C(F)(F)F,7.148061,-5.7218256
280,mol52,-12.29,Cc1ccc(Cc2ccccc2C(=O)Nc2ccc(Oc3ccnc4cc(OCCCNC(=O)O)ccc34)cc2)cc1,Cc1ccc(Cc2ccccc2C(=O)Nc2ccc(Oc3ccnc4cc(OCCCNC(=O)O)ccc34)cc2)cc1,5.9648576,-6.7904058
710,mol389,-12.29,Cc1ccc(-c2cc3cnc(Nc4ccc(NC(=O)C5CCCC5)cc4)nc3[nH]2)cc1,Cc1ccc(-c2cc3cnc(Nc4ccc(NC(=O)C5CCCC5)cc4)nc3[nH]2)cc1,6.461541,-6.304552
210,mol472,-12.29,O=C(Nc1ccccc1)c1cccc(-c2cc(-c3ccccc3)n[nH]2)c1,O=C(Nc1ccccc1)c1cccc(-c2cc(-c3ccccc3)n[nH]2)c1,5.81256,-5.8754535
460,mol467,-12.29,Cc1cc(Nc2nccc(-c3cn(C)c4ccccc34)n2)cc(C(=O)O)c1O,Cc1cc(Nc2nccc(-c3cn(C)c4ccccc34)n2)cc(C(=O)O)c1O,6.619882,-4.374701
440,mol123,-12.29,Nc1cc(Cl)ccc1NC(=O)Nc1ccc(C(=O)N2CCN(c3ccc(OCc4cccc(F)c4)cn3)CC2)cc1,Nc1cc(Cl)ccc1NC(=O)Nc1ccc(C(=O)N2CCN(c3ccc(OCc4cccc(F)c4)cn3)CC2)cc1,6.6871996,-6.5828013
600,mol406,-12.29,Cc1ccc(NC(=O)c2ccc(OCc3ccccc3)cc2)cc1Nc1ccnc(NCc2cccc(S(C)(=O)=O)c2)n1,Cc1ccc(NC(=O)c2ccc(OCc3ccccc3)cc2)cc1Nc1ccnc(NCc2cccc(S(C)(=O)=O)c2)n1,5.836338,-6.5661926
880,mol197,-12.29,COc1cc(-c2ccc(C(N)=O)cc2)ccc1NC(=O)c1ccc(C(N)N)cc1,COc1cc(-c2ccc(C(N)=O)cc2)ccc1NC(=O)c1ccc(C(N)N)cc1,6.304616,-4.392341
450,mol289,-12.29,CC(=O)Nc1ccc(Oc2nc(Oc3cccc(NC(=O)c4cccc(C(=O)Nc5ccccc5)c4)c3)c(C#N)c3ccccc23)cc1,CC(=O)Nc1ccc(Oc2nc(Oc3cccc(NC(=O)c4cccc(C(=O)Nc5ccccc5)c4)c3)c(C#N)c3ccccc23)cc1,6.7228065,-7.7338357
580,mol161,-12.29,Cc1ccc(NC(=O)Nc2ccc(Oc3ccnc(Nc4ccccc4)n3)cc2)cc1Nc1ncccn1,Cc1ccc(NC(=O)Nc2ccc(Oc3ccnc(Nc4ccccc4)n3)cc2)cc1Nc1ncccn1,6.513366,-6.9624796
100,mol33,-12.29,C1=C(c2cccc(-c3ccc(Oc4ncc(-c5cncc(C6CCCC6)n5)[nH]4)cc3)c2)[C@@H]([NH2+]CCCNc2ccnc3ccccc23)CCC1,C1=C(c2cccc(-c3ccc(Oc4ncc(-c5cncc(C6CCCC6)n5)[nH]4)cc3)c2)[C@@H]([NH2+]CCCNc2ccnc3ccccc23)CCC1,6.4838715,-5.5996966
340,mol158,-12.29,Cc1cc(Nc2ncc(C(=O)c3ccc(C(=O)Nc4ccc(C(=O)O)cc4)cc3)cc2-c2ccc(C(=O)O)cc2)ccc1Cl,Cc1cc(Nc2ncc(C(=O)c3ccc(C(=O)Nc4ccc(C(=O)O)cc4)cc3)cc2-c2ccc(C(=O)O)cc2)ccc1Cl,7.178741,-6.0595717
910,mol89,-12.29,Cn1c(NC(=O)c2cccc(-c3ccc(C(=O)NCc4ccccc4)cc3)c2)cc2nc[nH]c21,Cn1c(NC(=O)c2cccc(-c3ccc(C(=O)NCc4ccccc4)cc3)c2)cc2nc[nH]c21,5.817774,-5.8341923
780,mol209,-12.29,Cc1ccc(NC(=O)c2ccccc2C#N)cc1NC(=O)c1ccc2ccccc2c1O,Cc1ccc(NC(=O)c2ccccc2C#N)cc1NC(=O)c1ccc2ccccc2c1O,5.98684,-7.428225
550,mol315,-12.29,Cc1ccc(S(=O)(=O)Nc2cccc(-c3cnc4ccccc4c3)c2)cc1,Cc1ccc(S(=O)(=O)Nc2cccc(-c3cnc4ccccc4c3)c2)cc1,5.9808125,-5.8791223
920,mol233,-12.29,COc1ccc(-c2nc3ccc(C(=O)c4c(Cl)cccc4Cl)cc3o2)cc1NC(=O)c1ccc(Oc2ccccc2)cc1,COc1ccc(-c2nc3ccc(C(=O)c4c(Cl)cccc4Cl)cc3o2)cc1NC(=O)c1ccc(Oc2ccccc2)cc1,5.9336047,-7.5848556
530,mol90,-12.28,Cc1ccccc1-c1ccc2nc(N)c(NCCC(=O)Nc3cccc(Oc4ccccc4)c3)cc2c1,Cc1ccccc1-c1ccc2nc(N)c(NCCC(=O)Nc3cccc(Oc4ccccc4)c3)cc2c1,5.659313,-6.790017
440,mol467,-12.28,Cc1ccc(NC(=O)c2cccc(C(=O)NCc3ccccc3)c2)cc1NC(=O)c1ccc(CNC(=O)c2cccc(F)c2)cc1,Cc1ccc(NC(=O)c2cccc(C(=O)NCc3ccccc3)c2)cc1NC(=O)c1ccc(CNC(=O)c2cccc(F)c2)cc1,6.456506,-6.665103
160,mol176,-12.28,CNC(=O)Nc1cc2c(-c3cnc(N)c(-c4ccc(C(=O)N5CC[NH+](C)CC5)cc4)c3)cccn2c1,CNC(=O)Nc1cc2c(-c3cnc(N)c(-c4ccc(C(=O)N5CC[NH+](C)CC5)cc4)c3)cccn2c1,6.8887725,-3.3227544
990,mol197,-12.28,Cc1ccc(-c2nc(COc3ccc(-c4cccc(C(=O)O)c4)cc3)cs2)cc1,Cc1ccc(-c2nc(COc3ccc(-c4cccc(C(=O)O)c4)cc3)cs2)cc1,6.693887,-6.1321735
840,mol264,-12.28,Cc1ccc(C(=O)Nc2cccc(Cc3cc4ccccc4nc3N)c2)cc1,Cc1ccc(C(=O)Nc2cccc(Cc3cc4ccccc4nc3N)c2)cc1,6.29859,-6.13002
340,mol130,-12.28,Cc1c(C(=O)O)cccc1-c1ccc(Sc2ccc(NC(=O)Nc3cccc(C(=O)O)c3)cc2)cc1,Cc1c(C(=O)O)cccc1-c1ccc(Sc2ccc(NC(=O)Nc3cccc(C(=O)O)c3)cc2)cc1,6.4350204,-5.7444572
510,mol22,-12.28,Cc1ccc(-c2cc(=O)n3cc(Cc4ccc(N)cc4)ccc3n2)cc1,Cc1ccc(-c2cc(=O)n3cc(Cc4ccc(N)cc4)ccc3n2)cc1,5.9507713,-5.175374
690,mol144,-12.28,Cc1ccc(NC(=O)c2cccc(Nc3ncnc4ccc(Oc5ccccc5)cc34)c2)cc1NS(C)(=O)=O,Cc1ccc(NC(=O)c2cccc(Nc3ncnc4ccc(Oc5ccccc5)cc34)c2)cc1NS(C)(=O)=O,6.315332,-6.5656633
440,mol203,-12.28,Cc1ccc(C(=O)Nc2cccc(Cc3ccc4nc(N)ncc4c3)c2)cc1,Cc1ccc(C(=O)Nc2cccc(Cc3ccc4nc(N)ncc4c3)c2)cc1,6.5117784,-5.4083004
20,mol80,-12.28,Cc1nc2ccccc2n1CCCNC(=O)Nc1cccc(N2Cc3ccccc3C2=O)c1,Cc1nc2ccccc2n1CCCNC(=O)Nc1cccc(N2Cc3ccccc3C2=O)c1,6.234239,-5.312687
180,mol326,-12.28,Nc1cc(Nc2ccc(C(F)(F)F)cn2)cc(-c2cc(F)c(O)c(C(=O)c3ccncc3F)c2)c1,Nc1cc(Nc2ccc(C(F)(F)F)cn2)cc(-c2cc(F)c(O)c(C(=O)c3ccncc3F)c2)c1,6.071652,-6.5738783
810,mol382,-12.28,Cc1cccc(-c2ncc(CNC(=O)c3ccc4ccccc4c3)nc2Cc2ccccc2)c1,Cc1cccc(-c2ncc(CNC(=O)c3ccc4ccccc4c3)nc2Cc2ccccc2)c1,5.779639,-6.450389
650,mol299,-12.28,CNC(=O)c1cccc(Nc2nccc(-c3c[nH]c4ccccc34)n2)c1,CNC(=O)c1cccc(Nc2nccc(-c3c[nH]c4ccccc34)n2)c1,6.512386,-4.3316646
270,mol382,-12.28,Cc1cccc(-c2cccc(C(=O)c3cccc(-n4cccn4)c3)c2)c1,Cc1cccc(-c2cccc(C(=O)c3cccc(-n4cccn4)c3)c2)c1,5.987781,-5.8873816
610,mol318,-12.28,[H][P@TB5](O)(O)(O)CCCOc1ccc2c(Nc3cc(NC(=O)c4cccc(CC(=O)O)c4)ccc3C)ccnc2c1,[H][P@TB5](O)(O)(O)CCCOc1ccc2c(Nc3cc(NC(=O)c4cccc(CC(=O)O)c4)ccc3C)ccnc2c1,6.9306636,-5.8217506
330,mol305,-12.28,Cc1ccccc1-c1cc(NC(=O)Nc2ccc(Cl)c(Cl)c2)cc(Nc2ccnc(C(=O)Nc3ccc(C(=O)NO)cc3)n2)c1,Cc1ccccc1-c1cc(NC(=O)Nc2ccc(Cl)c(Cl)c2)cc(Nc2ccnc(C(=O)Nc3ccc(C(=O)NO)cc3)n2)c1,6.8065166,-6.8179717
190,mol177,-12.28,Cc1ccc(NC(=O)c2cccc(N3CCN(S(=O)(=O)c4ccccc4Cl)CC3)c2)cc1,Cc1ccc(NC(=O)c2cccc(N3CCN(S(=O)(=O)c4ccccc4Cl)CC3)c2)cc1,6.6375566,-3.7027986
430,mol462,-12.28,Cc1ccc(C(=O)Nc2ccc(C(=O)NO)cn2)cc1Nc1ncnc2ccc(Nc3cccc(Cl)c3)cc12,Cc1ccc(C(=O)Nc2ccc(C(=O)NO)cn2)cc1Nc1ncnc2ccc(Nc3cccc(Cl)c3)cc12,6.806336,-6.4822598
830,mol162,-12.28,Cc1cccc(Oc2ccc(NC(=O)c3ccc4c(c3)CC(=O)N4C)cc2)c1,Cc1cccc(Oc2ccc(NC(=O)c3ccc4c(c3)CC(=O)N4C)cc2)c1,6.1795707,-5.466743
620,mol336,-12.28,Cc1ccc(C(=O)Nc2cccc(Nc3ccnc4ccccc34)c2)cc1,Cc1ccc(C(=O)Nc2cccc(Nc3ccnc4ccccc34)c2)cc1,6.292256,-6.323839
180,mol12,-12.28,CNC(=O)Nc1ccc(Oc2ccc(NC(=O)Nc3cccc(C(F)(F)F)c3)cc2)nc1,CNC(=O)Nc1ccc(Oc2ccc(NC(=O)Nc3cccc(C(F)(F)F)c3)cc2)nc1,6.467035,-6.2685204
280,mol197,-12.28,CN(C)c1ccc(C(=O)Nc2cccc(S(=O)(=O)Nc3ccc4ccccc4c3)c2)cc1,CN(C)c1ccc(C(=O)Nc2cccc(S(=O)(=O)Nc3ccc4ccccc4c3)c2)cc1,6.086574,-5.7230954
850,mol139,-12.28,Cc1ccccc1C(=O)Nc1ccc(-c2ccc(CNC(=O)c3cc4ccccc4o3)s2)cc1,Cc1ccccc1C(=O)Nc1ccc(-c2ccc(CNC(=O)c3cc4ccccc4o3)s2)cc1,5.837176,-6.6304126
890,mol162,-12.28,CC(C)(OCc1cc(-c2cccc(-n3cc(C(=O)O)cn3)c2)ccn1)C(=O)Nc1ccc(OC(F)(F)F)cc1,CC(C)(OCc1cc(-c2cccc(-n3cc(C(=O)O)cn3)c2)ccn1)C(=O)Nc1ccc(OC(F)(F)F)cc1,6.508293,-6.1474843
410,mol223,-12.28,Nc1ccc(C2CCN(c3ncnc4c3ccn4Cc3ccccc3)CC2)cc1,Nc1ccc(C2CCN(c3ncnc4c3ccn4Cc3ccccc3)CC2)cc1,6.5787864,-4.1266403
620,mol241,-12.28,Cc1cccc(CCNC(=O)c2ccc(C(=O)Nc3ccc(Oc4ccccc4)cc3)cc2)c1,Cc1cccc(CCNC(=O)c2ccc(C(=O)Nc3ccc(Oc4ccccc4)cc3)cc2)c1,5.7290454,-6.5506496
280,mol354,-12.28,NC(=O)c1ccc(Oc2ccc(-c3nnc(-c4ccccc4Cl)[nH]3)cc2)cc1,NC(=O)c1ccc(Oc2ccc(-c3nnc(-c4ccccc4Cl)[nH]3)cc2)cc1,6.104875,-5.606829
110,mol413,-12.28,Cc1nc(COc2ccc(-c3ccc4nc(NC(=O)C5CC5)ccc4c3)cc2Cl)nc(NC2CCOCC2)n1,Cc1nc(COc2ccc(-c3ccc4nc(NC(=O)C5CC5)ccc4c3)cc2Cl)nc(NC2CCOCC2)n1,7.552208,-7.0114923
290,mol456,-12.28,Cc1cc(Cc2cnc(N)c(C(=O)Nc3cccc(C(=O)Nc4cccc(C(F)(F)F)c4)c3)n2)on1,Cc1cc(Cc2cnc(N)c(C(=O)Nc3cccc(C(=O)Nc4cccc(C(F)(F)F)c4)c3)n2)on1,6.629993,-5.9602304
280,mol198,-12.28,Cc1cc(-c2ccc(NC(=O)Nc3ccc4cccnc4c3)cc2)ccc1O,Cc1cc(-c2ccc(NC(=O)Nc3ccc4cccnc4c3)cc2)ccc1O,6.169833,-5.9515305
850,mol51,-12.28,Cc1cccc(Oc2ccc(NC(=O)c3ccc4ccccc4n3)cc2)c1,Cc1cccc(Oc2ccc(NC(=O)c3ccc4ccccc4n3)cc2)c1,6.2257543,-6.319437
210,mol163,-12.28,Cc1ccc([C@@H](Nc2ccc3c(N)nccc3c2)C(=O)Nc2ccc(Oc3ccc4ccccc4c3)cc2)cc1,Cc1ccc([C@@H](Nc2ccc3c(N)nccc3c2)C(=O)Nc2ccc(Oc3ccc4ccccc4c3)cc2)cc1,6.190642,-6.7064047
820,mol481,-12.28,COc1ccc(Cn2nc(-c3ccc(Oc4ccccc4)cc3)cc2NC(=O)NCc2ccc(C(N)N)cc2)cc1,COc1ccc(Cn2nc(-c3ccc(Oc4ccccc4)cc3)cc2NC(=O)NCc2ccc(C(N)N)cc2)cc1,5.896466,-6.489138
270,mol32,-12.28,Cc1ccc(NC(=O)c2ccccc2NC(=O)c2cccc(-c3cccc(C(=O)O)c3)c2)cc1,Cc1ccc(NC(=O)c2ccccc2NC(=O)c2cccc(-c3cccc(C(=O)O)c3)c2)cc1,6.3449106,-6.2768703
290,mol289,-12.28,Cc1cc(C(=O)Nc2ccc(C(=O)O)c(Oc3cccc4ccccc34)c2)ccc1F,Cc1cc(C(=O)Nc2ccc(C(=O)O)c(Oc3cccc4ccccc34)c2)ccc1F,6.769404,-6.3079557
360,mol248,-12.28,Cc1cc(Nc2nccc(Nc3ccc4c(N)nccc4c3)n2)ccc1C(=O)O,Cc1cc(Nc2nccc(Nc3ccc4c(N)nccc4c3)n2)ccc1C(=O)O,6.623018,-4.6799498
470,mol410,-12.28,CC(=O)Nc1nc2ccc(-c3nc(N)cc(NCc4cccc(OC(F)(F)F)c4)n3)cc2c(=O)[nH]1,CC(=O)Nc1nc2ccc(-c3nc(N)cc(NCc4cccc(OC(F)(F)F)c4)n3)cc2c(=O)[nH]1,6.0531096,-6.089525
540,mol343,-12.28,Cc1ccc(-c2ncc(CNC(=O)c3ccc(C(=O)NC(=O)Nc4ccccc4)cc3)s2)cc1,Cc1ccc(-c2ncc(CNC(=O)c3ccc(C(=O)NC(=O)Nc4ccccc4)cc3)s2)cc1,6.189543,-7.0459995
180,mol113,-12.28,Cc1sc(-c2cccc(-c3cccc4[nH]ccc34)c2)nc1C[N@@H+]1C[C@H](NCc2ccccc2)C(=O)NC1=O,Cc1sc(-c2cccc(-c3cccc4[nH]ccc34)c2)nc1C[N@@H+]1C[C@H](NCc2ccccc2)C(=O)NC1=O,6.564102,-4.8222017
770,mol449,-12.28,Cc1ccc(C(=O)Nc2cccc(C(F)(F)F)c2)cc1C(=O)Nc1ccc(S(=O)(=O)Cc2ccccc2)cc1,Cc1ccc(C(=O)Nc2cccc(C(F)(F)F)c2)cc1C(=O)Nc1ccc(S(=O)(=O)Cc2ccccc2)cc1,6.628191,-6.609634
850,mol78,-12.28,Cc1ccc(-c2ncc(-c3ccccc3O)[nH]2)cc1C(=O)NCC(=O)N1CCCCC1,Cc1ccc(-c2ncc(-c3ccccc3O)[nH]2)cc1C(=O)NCC(=O)N1CCCCC1,6.6322865,-4.712194
700,mol190,-12.28,CNC(=O)[C@@H](C)NC(=O)[C@H](NC(=O)OCc1ccccc1)c1ccc(-c2ccc(O[C@@H](c3ccccc3)[PH](O)(O)O)cc2)cc1,CNC(=O)[C@@H](C)NC(=O)[C@H](NC(=O)OCc1ccccc1)c1ccc(-c2ccc(O[C@@H](c3ccccc3)[PH](O)(O)O)cc2)cc1,7.006471,-5.380993
880,mol42,-12.28,Cn1cc(-c2cccc(/C=C3/N=C(c4c[nH]c5ccccc45)NC3=O)c2)cn1,Cn1cc(-c2cccc(/C=C3/N=C(c4c[nH]c5ccccc45)NC3=O)c2)cn1,6.0139236,-5.6556964
340,mol105,-12.28,Cc1cc(Nc2nccc(Nc3ccc4c(c3)cc(C(N)=O)n4C)n2)cc(C)c1O,Cc1cc(Nc2nccc(Nc3ccc4c(c3)cc(C(N)=O)n4C)n2)cc(C)c1O,6.7527685,-4.630646
840,mol103,-12.28,CN(c1ccccc1)c1ccc(C(=O)Nc2cccc(C(=O)c3c[nH]c4ccccc34)c2)cc1,CN(c1ccccc1)c1ccc(C(=O)Nc2cccc(C(=O)c3c[nH]c4ccccc34)c2)cc1,5.949229,-6.609592
400,mol298,-12.28,Cc1cccc(-c2nccnc2N2CC[C@@H](NC(=O)c3ccc(-c4ccccc4C(=O)O)cc3)C2)c1,Cc1cccc(-c2nccnc2N2CC[C@@H](NC(=O)c3ccc(-c4ccccc4C(=O)O)cc3)C2)c1,6.507688,-5.090199
990,mol375,-12.28,Cc1ncc(-c2ccnc(Nc3cccc(-c4ccccc4)c3)n2)cn1,Cc1ncc(-c2ccnc(Nc3cccc(-c4ccccc4)c3)n2)cn1,6.446805,-4.9574957
960,mol177,-12.28,COc1cccc(Nc2ncnc(-c3cccc(-c4ccccc4)c3)n2)c1,COc1cccc(Nc2ncnc(-c3cccc(-c4ccccc4)c3)n2)c1,6.007563,-6.5816107
240,mol378,-12.28,Cc1ccccc1-n1cc(-c2ccc(S(=O)(=O)Nc3cccc(C(=O)O)c3)cc2)cc1C(=O)Nc1ccncc1,Cc1ccccc1-n1cc(-c2ccc(S(=O)(=O)Nc3cccc(C(=O)O)c3)cc2)cc1C(=O)Nc1ccncc1,6.485201,-5.6606145
70,mol380,-12.28,COc1ccc(-c2c[nH]c(-c3cccc(-c4cncc(C(F)(F)F)c4)c3)n2)cc1,COc1ccc(-c2c[nH]c(-c3cccc(-c4cncc(C(F)(F)F)c4)c3)n2)cc1,6.1276956,-6.318643
420,mol498,-12.28,COc1ccc(-c2ccc(Oc3ccc(-c4nc5ccccc5c(=O)[nH]4)cc3)cc2)cc1,COc1ccc(-c2ccc(Oc3ccc(-c4nc5ccccc5c(=O)[nH]4)cc3)cc2)cc1,5.850995,-7.5091105
490,mol210,-12.28,Cc1cccc(Nc2cc(-c3cccc(C(=O)Nc4nccs4)c3)ncn2)c1,Cc1cccc(Nc2cc(-c3cccc(C(=O)Nc4nccs4)c3)ncn2)c1,6.4836335,-5.9726534
780,mol283,-12.28,CNC(=O)COc1ccc(-c2ccc(-c3ccc4ccccc4n3)cc2)cc1,CNC(=O)COc1ccc(-c2ccc(-c3ccc4ccccc4n3)cc2)cc1,6.0631437,-5.31498
500,mol433,-12.28,NC(N)c1cccc(COc2ccc(C[C@H](Nc3ccc(C(=O)O)cc3)C(=O)O)cc2C(=O)O)c1,NC(N)c1cccc(COc2ccc(C[C@H](Nc3ccc(C(=O)O)cc3)C(=O)O)cc2C(=O)O)c1,6.983417,-3.0052023
480,mol176,-12.28,Cc1cccc(-n2nc(C(=O)Nc3ccc4nc(O[C@H](C)c5ccccc5)sc4c3)c3ccccc3c2=O)c1,Cc1cccc(-n2nc(C(=O)Nc3ccc4nc(O[C@H](C)c5ccccc5)sc4c3)c3ccccc3c2=O)c1,5.98924,-6.418542
280,mol31,-12.28,CC(=O)N1CCC(Oc2ccc(F)c(C(=O)Nc3ccc4ccccc4c3)c2)CC1,CC(=O)N1CCC(Oc2ccc(F)c(C(=O)Nc3ccc4ccccc4c3)c2)CC1,6.5940604,-3.6553686
540,mol418,-12.28,Cc1ncc(COc2ccc(C[C@H]3CNC(=O)c4cc(C(N)=O)sc43)cc2)n1Cc1ccc(-c2ccccc2C(F)(F)F)cc1,Cc1ncc(COc2ccc(C[C@H]3CNC(=O)c4cc(C(N)=O)sc43)cc2)n1Cc1ccc(-c2ccccc2C(F)(F)F)cc1,6.942603,-6.644536
840,mol114,-12.28,COc1cccc(-c2ccc(NC(=O)c3ccc4ccccc4n3)cc2C(=O)O)c1,COc1cccc(-c2ccc(NC(=O)c3ccc4ccccc4n3)cc2C(=O)O)c1,6.17125,-5.9121175
230,mol253,-12.28,Nc1nc(Nc2cccc3ccccc23)cc(N[C@@H]2CC(F)(F)C[C@@H]2C(=O)Nc2ccc(C(=O)O)cc2)n1,Nc1nc(Nc2cccc3ccccc23)cc(N[C@@H]2CC(F)(F)C[C@@H]2C(=O)Nc2ccc(C(=O)O)cc2)n1,6.8209114,-5.6833854
360,mol429,-12.28,CC(C)(C)c1cc(NC(=O)Nc2ccc(Cl)c(C(=O)Nc3ccc4cccnc4c3)c2)ccn1,CC(C)(C)c1cc(NC(=O)Nc2ccc(Cl)c(C(=O)Nc3ccc4cccnc4c3)c2)ccn1,6.380947,-6.5566177
920,mol221,-12.28,COc1cc(-c2cc(=O)c3ccccc3o2)ccc1NC(=O)c1ccccc1O,COc1cc(-c2cc(=O)c3ccccc3o2)ccc1NC(=O)c1ccccc1O,6.3730783,-6.2075543
670,mol101,-12.28,Cc1cccc(-n2nc(C(C)(C)C)cc2NC(=O)Nc2cccc(NC(=O)c3ccccc3O)c2)c1,Cc1cccc(-n2nc(C(C)(C)C)cc2NC(=O)Nc2cccc(NC(=O)c3ccccc3O)c2)c1,6.309958,-7.248545
200,mol154,-12.28,Cc1nc(-c2ccc(C(F)(F)F)cc2)oc1CC(=O)Nc1cccc(C(=O)OCc2cccc(C(=O)O)c2)c1,Cc1nc(-c2ccc(C(F)(F)F)cc2)oc1CC(=O)Nc1cccc(C(=O)OCc2cccc(C(=O)O)c2)c1,6.797977,-6.7087283
250,mol395,-12.28,Cc1cc(NC(=O)c2ccc(C(=O)Nc3ccccc3)cc2)ccc1NC(=O)c1ccccc1-n1cccc1,Cc1cc(NC(=O)c2ccc(C(=O)Nc3ccccc3)cc2)ccc1NC(=O)c1ccccc1-n1cccc1,6.2440324,-6.6688585
320,mol473,-12.28,CC(C)c1ccc(C(=O)Nc2ncc(Cc3ccc(C(=O)O)cc3)cc2C(=O)O)cc1,CC(C)c1ccc(C(=O)Nc2ncc(Cc3ccc(C(=O)O)cc3)cc2C(=O)O)cc1,6.8917027,-5.058517
880,mol274,-12.28,CS(=O)(=O)c1cccc(Nc2nccc(-c3cccnc3Nc3ccc(NC(=O)c4cccc(C(=O)O)c4)cc3)n2)c1,CS(=O)(=O)c1cccc(Nc2nccc(-c3cccnc3Nc3ccc(NC(=O)c4cccc(C(=O)O)c4)cc3)n2)c1,6.377659,-5.508624
240,mol168,-12.28,Cc1ccc(C(=O)Nc2ccc(Oc3ccc(NC(=O)C4CCCCC4)cc3)cc2)cc1,Cc1ccc(C(=O)Nc2ccc(Oc3ccc(NC(=O)C4CCCCC4)cc3)cc2)cc1,6.305468,-7.050811
610,mol332,-12.27,CC(=O)Nc1ccc(-c2cccc(-c3nnc(Nc4ccccc4)s3)c2)cc1,CC(=O)Nc1ccc(-c2cccc(-c3nnc(Nc4ccccc4)s3)c2)cc1,5.854289,-6.131774
500,mol268,-12.27,Cc1ncc(-c2ccnc(Nc3ccc(NC(=O)Nc4cccc(C(F)(F)F)c4)cc3)n2)cn1,Cc1ncc(-c2ccnc(Nc3ccc(NC(=O)Nc4cccc(C(F)(F)F)c4)cc3)n2)cn1,6.4010463,-6.4624686
400,mol202,-12.27,Cc1c(Cc2cc(=O)n3cc(-c4cncc(C(=O)O)c4)ccc3n2)ccc2cc(C(=O)O)ccc12,Cc1c(Cc2cc(=O)n3cc(-c4cncc(C(=O)O)c4)ccc3n2)ccc2cc(C(=O)O)ccc12,6.281283,-5.2074056
660,mol440,-12.27,CC(=O)Nc1cccc(Cc2cc(NC(=O)c3ccc4nc(N)sc4c3)cc(-c3ccccc3)c2O)c1,CC(=O)Nc1cccc(Cc2cc(NC(=O)c3ccc4nc(N)sc4c3)cc(-c3ccccc3)c2O)c1,6.309704,-6.2941456
450,mol309,-12.27,Cc1ccc(NC(=O)c2ccccc2C(F)(F)F)cc1Nc1ncnn2cc(-c3ccccc3)cc12,Cc1ccc(NC(=O)c2ccccc2C(F)(F)F)cc1Nc1ncnn2cc(-c3ccccc3)cc12,6.1600637,-7.080497
190,mol39,-12.27,CN(c1ccc(NC(=O)c2cccc(C(F)(F)F)c2)cc1)c1cc(NS(=O)(=O)c2ccc(F)c(C3CCCCC3)c2)cnc1Nc1cccc(C(F)(F)F)c1,CN(c1ccc(NC(=O)c2cccc(C(F)(F)F)c2)cc1)c1cc(NS(=O)(=O)c2ccc(F)c(C3CCCCC3)c2)cnc1Nc1cccc(C(F)(F)F)c1,6.710123,-6.2778697
770,mol459,-12.27,CC(C)c1cc(C(=O)NCc2cccc(C(=O)Nc3cccc(C(N)N)c3)c2)ccc1O,CC(C)c1cc(C(=O)NCc2cccc(C(=O)Nc3cccc(C(N)N)c3)c2)ccc1O,6.416072,-4.126183
250,mol462,-12.27,[NH3+]Cc1ccc(-c2ccc(C(=O)Nc3cccc(OCc4cccc(Cl)c4)c3)cc2)cc1,[NH3+]Cc1ccc(-c2ccc(C(=O)Nc3cccc(OCc4cccc(Cl)c4)c3)cc2)cc1,5.7514677,-7.137979
910,mol241,-12.27,C[C@H](c1ccc(O)cc1)n1cc(NC(=O)c2cc(NC(=O)c3ccc(O[C@H]4CC[N@@H+](C)CC4)cc3)cnc2Cl)cn1,C[C@H](c1ccc(O)cc1)n1cc(NC(=O)c2cc(NC(=O)c3ccc(O[C@H]4CC[N@@H+](C)CC4)cc3)cnc2Cl)cn1,7.4129443,-4.5728817
440,mol299,-12.27,NC(=O)c1ccc(F)cc1Nc1nccc(-c2cccnc2Oc2ccc(C(=O)NCc3ccccc3)cc2F)n1,NC(=O)c1ccc(F)cc1Nc1nccc(-c2cccnc2Oc2ccc(C(=O)NCc3ccccc3)cc2F)n1,6.4630666,-6.485498
80,mol235,-12.27,Cc1ccc(NC(=O)c2cccc(-c3ccccc3)c2)cc1Nc1ncnc2ccc(NCCCNc3ccnc4cc(Cl)ccc34)cc12,Cc1ccc(NC(=O)c2cccc(-c3ccccc3)c2)cc1Nc1ncnc2ccc(NCCCNc3ccnc4cc(Cl)ccc34)cc12,6.231366,-6.3484054
120,mol401,-12.27,CNC(=O)COc1cccc(-c2cccc(Nc3cc(Nc4cc(C(F)(F)F)ccc4Cl)ncn3)c2)c1,CNC(=O)COc1cccc(-c2cccc(Nc3cc(Nc4cc(C(F)(F)F)ccc4Cl)ncn3)c2)c1,6.379417,-6.7212324
1000,mol379,-12.27,Cc1cccc(-c2ccc(C(=O)NCc3ccc(C(=O)O)cc3)c3ccccc23)c1,Cc1cccc(-c2ccc(C(=O)NCc3ccc(C(=O)O)cc3)c3ccccc23)c1,6.427295,-5.943082
390,mol454,-12.27,Cc1ccc(NC(=O)c2cccc(C(=O)Nc3ccc(NC(=O)Nc4ccccc4)cc3)c2)cc1,Cc1ccc(NC(=O)c2cccc(C(=O)Nc3ccc(NC(=O)Nc4ccccc4)cc3)c2)cc1,6.3048625,-6.6649117
730,mol170,-12.27,Cc1ccc(Cc2cc3c(Nc4cccc(C(F)(F)F)c4)ncnc3[nH]2)cc1,Cc1ccc(Cc2cc3c(Nc4cccc(C(F)(F)F)c4)ncnc3[nH]2)cc1,6.679478,-6.32461
210,mol180,-12.27,Nc1ccc(-c2ccccc2)cc1-c1ccc2nc(NCCc3ccccc3)[nH]c2c1,Nc1ccc(-c2ccccc2)cc1-c1ccc2nc(NCCc3ccccc3)[nH]c2c1,5.439959,-6.598836
500,mol119,-12.27,Cc1ccc(C(=O)Nc2cccc(Cn3nc(NC(=O)Cc4ccc(N)nc4)ccc3=O)c2)cc1,Cc1ccc(C(=O)Nc2cccc(Cn3nc(NC(=O)Cc4ccc(N)nc4)ccc3=O)c2)cc1,6.441945,-5.571468
340,mol113,-12.27,Cc1ccc(NC(=O)c2cccc(Cc3ccc(C(=O)NCC(=O)O)cc3)c2)cc1,Cc1ccc(NC(=O)c2cccc(Cc3ccc(C(=O)NCC(=O)O)cc3)c2)cc1,6.4117193,-5.3132014
520,mol478,-12.27,CC(=O)Nc1ccc(S(=O)(=O)Nc2cccc(-c3nc4ccccc4[nH]3)c2)cc1,CC(=O)Nc1ccc(S(=O)(=O)Nc2cccc(-c3nc4ccccc4[nH]3)c2)cc1,6.436638,-5.4646645
170,mol376,-12.27,Cc1cc(Nc2nc(CCc3ccncc3)c3nc[nH]c3n2)nc(-c2cccc(C(=O)NCCC(=O)O)c2)n1,Cc1cc(Nc2nc(CCc3ccncc3)c3nc[nH]c3n2)nc(-c2cccc(C(=O)NCCC(=O)O)c2)n1,7.099422,-4.3652415
30,mol63,-12.27,Cc1ccc(C(=O)Nc2ccc(CNc3nc(Nc4cccc(O)c4)c4ccccc4n3)cc2)cc1,Cc1ccc(C(=O)Nc2ccc(CNc3nc(Nc4cccc(O)c4)c4ccccc4n3)cc2)cc1,5.6049843,-6.5566916
890,mol311,-12.27,COc1cccc(-c2cccc(C(=O)c3ccc(-n4cccc4)cc3)c2)c1,COc1cccc(-c2cccc(C(=O)c3ccc(-n4cccc4)cc3)c2)c1,5.923998,-6.5076976
950,mol253,-12.27,Cc1ccc(-c2ccc(Oc3ncc(C(=O)Nc4cccc(C(=O)O)c4)s3)cc2)cc1,Cc1ccc(-c2ccc(Oc3ncc(C(=O)Nc4cccc(C(=O)O)c4)s3)cc2)cc1,6.519661,-6.708276
810,mol467,-12.27,Cc1cc(Nc2cccc(-c3ccc4ccccc4n3)c2)cc(N2CCCCC2)c1,Cc1cc(Nc2cccc(-c3ccc4ccccc4n3)c2)cc(N2CCCCC2)c1,6.06535,-6.1922107
220,mol202,-12.27,Cc1ccc(C(=O)Nc2ccc(Oc3cccc(C(=O)O)c3)cc2C(=O)O)cc1,Cc1ccc(C(=O)Nc2ccc(Oc3cccc(C(=O)O)c3)cc2C(=O)O)cc1,6.6619577,-5.226145
210,mol215,-12.27,Cc1ccc(C(=O)Nc2ccc(Oc3ccc(N(C(=O)C4CCCC4)[C@@H](Cc4ccccc4)[C@@H](O)C[NH3+])cc3)cc2)cc1,Cc1ccc(C(=O)Nc2ccc(Oc3ccc(N(C(=O)C4CCCC4)[C@@H](Cc4ccccc4)[C@@H](O)C[NH3+])cc3)cc2)cc1,6.617371,-6.2404733
130,mol54,-12.27,Fc1ccccc1-c1c[nH]c(-c2ccc3ccccc3c2)n1,Fc1ccccc1-c1c[nH]c(-c2ccc3ccccc3c2)n1,6.326723,-6.108031
420,mol414,-12.27,Cc1cc(C(=O)Nc2ccc(C(=O)O)cc2)cc(-c2nc(Nc3ccccc3)c3cc(C(N)=O)ccc3n2)c1,Cc1cc(C(=O)Nc2ccc(C(=O)O)cc2)cc(-c2nc(Nc3ccccc3)c3cc(C(N)=O)ccc3n2)c1,6.1536756,-5.775668
260,mol273,-12.27,Cc1ccc(-c2ccc(CNc3ccc4nc(N)nc(N)c4c3)cc2)cc1,Cc1ccc(-c2ccc(CNc3ccc4nc(N)nc(N)c4c3)cc2)cc1,5.8025846,-5.121833
970,mol129,-12.27,CC(C)Cc1ccc(-c2c(COc3ccc(C(=O)c4ccc(O)cc4)nc3)[nH]c3ncc(-c4cccc(O)c4)cc23)cc1,CC(C)Cc1ccc(-c2c(COc3ccc(C(=O)c4ccc(O)cc4)nc3)[nH]c3ncc(-c4cccc(O)c4)cc23)cc1,6.2602487,-6.5830994
320,mol427,-12.27,c1ccc(CNc2ccc(Nc3nccc(-c4c[nH]c5ccccc45)n3)cc2)cc1,c1ccc(CNc2ccc(Nc3nccc(-c4c[nH]c5ccccc45)n3)cc2)cc1,5.979262,-5.9061522
410,mol318,-12.27,O=C(Nc1ccn([C@H]2OCC(F)(F)O2)c1)c1ccc(-c2ccc3cc[nH]c(=O)c3c2)nc1,O=C(Nc1ccn([C@H]2OCC(F)(F)O2)c1)c1ccc(-c2ccc3cc[nH]c(=O)c3c2)nc1,6.6009493,-5.7114315
490,mol491,-12.27,CC(=O)Nc1ccc(Nc2cc3cc(Nc4ccccc4S(=O)(=O)c4ccccc4)ccc3nc2O)cc1,CC(=O)Nc1ccc(Nc2cc3cc(Nc4ccccc4S(=O)(=O)c4ccccc4)ccc3nc2O)cc1,6.2552934,-6.331528
820,mol382,-12.27,Cc1cccc(Oc2nccc([C@@H]3CCN(C(=O)Cc4cccc(C(F)(F)F)c4)C3)n2)c1,Cc1cccc(Oc2nccc([C@@H]3CCN(C(=O)Cc4cccc(C(F)(F)F)c4)C3)n2)c1,6.745624,-5.6918516
260,mol35,-12.27,c1ccc2c(Nc3ccc(Nc4ncnc5ccccc45)cc3)cccc2c1,c1ccc2c(Nc3ccc(Nc4ncnc5ccccc45)cc3)cccc2c1,6.2181783,-6.545202
410,mol247,-12.27,CCNC(=O)Nc1ccc(Nc2ncc3cc(-c4ccc(C(=O)N(C)C)cc4)ccc3n2)cc1,CCNC(=O)Nc1ccc(Nc2ncc3cc(-c4ccc(C(=O)N(C)C)cc4)ccc3n2)cc1,6.468293,-6.0932417
410,mol451,-12.27,Nc1ccc(C(=O)O)cc1NC(=O)c1ccc(NC(=O)c2cccc(C(=O)O)c2)cc1,Nc1ccc(C(=O)O)cc1NC(=O)c1ccc(NC(=O)c2cccc(C(=O)O)c2)cc1,6.828217,-4.5900493
780,mol256,-12.27,Cc1ccc(C(=O)Nc2ccc(Oc3ccnc4cc(N)ccc34)c(C(F)(F)F)c2)cc1F,Cc1ccc(C(=O)Nc2ccc(Oc3ccnc4cc(N)ccc34)c(C(F)(F)F)c2)cc1F,6.852884,-7.013074
210,mol205,-12.27,Cc1ccc(NC(=O)c2ccc(N3CCc4[nH]nc(Nc5ccc(F)cc5)c4C3)cc2)cc1,Cc1ccc(NC(=O)c2ccc(N3CCc4[nH]nc(Nc5ccc(F)cc5)c4C3)cc2)cc1,6.007067,-6.239861
570,mol93,-12.27,Cc1ccc(Nc2nc(N)cc(-c3cccc(C(=O)NCc4ccccc4)c3)n2)cc1Cl,Cc1ccc(Nc2nc(N)cc(-c3cccc(C(=O)NCc4ccccc4)c3)n2)cc1Cl,6.478323,-5.7186084
270,mol468,-12.27,Cc1ccc(NC(=O)c2cc(N3CCC[C@@H](C(=O)Nc4ccccc4S(N)(=O)=O)C3)ccc2Cl)cc1,Cc1ccc(NC(=O)c2cc(N3CCC[C@@H](C(=O)Nc4ccccc4S(N)(=O)=O)C3)ccc2Cl)cc1,6.818566,-5.619508
160,mol131,-12.27,CS(=O)(=O)c1ccc(Nc2nc(Nc3ccc(S(=O)(=O)Nc4ccnc(Nc5ccc(C(F)(F)F)cc5)n4)cc3)ncc2F)cc1,CS(=O)(=O)c1ccc(Nc2nc(Nc3ccc(S(=O)(=O)Nc4ccnc(Nc5ccc(C(F)(F)F)cc5)n4)cc3)ncc2F)cc1,6.8575926,-5.806329
180,mol36,-12.27,CNc1nccc(-c2cccnc2Oc2cc(Cl)cc(Nc3cncc(C(=O)c4ccccc4C(F)(F)F)n3)c2)n1,CNc1nccc(-c2cccnc2Oc2cc(Cl)cc(Nc3cncc(C(=O)c4ccccc4C(F)(F)F)n3)c2)n1,6.542729,-6.689834
240,mol346,-12.27,CC(=O)Nc1ccc2c(Nc3cccc4ccccc34)ncnc2c1,CC(=O)Nc1ccc2c(Nc3cccc4ccccc34)ncnc2c1,6.446818,-4.863813
470,mol320,-12.27,COc1cc(Nc2cccc(Nc3ccn4nc(C)cc4n3)c2)cc(S(=O)(=O)N[C@H]2CC=C[C@@H](C)C2)c1,COc1cc(Nc2cccc(Nc3ccn4nc(C)cc4n3)c2)cc(S(=O)(=O)N[C@H]2CC=C[C@@H](C)C2)c1,7.020072,-6.31948
650,mol9,-12.27,Cc1ccc(C(=O)Nc2ccc(C(=O)O)cc2)cc1NC(=O)c1ccc(CNC(=O)[C@@H](NC(=O)OCc2ccccc2)c2ccccc2)cc1,Cc1ccc(C(=O)Nc2ccc(C(=O)O)cc2)cc1NC(=O)c1ccc(CNC(=O)[C@@H](NC(=O)OCc2ccccc2)c2ccccc2)cc1,7.3824034,-6.306337
700,mol359,-12.27,COc1cc(Nc2nccc(Nc3ccnc4cc(Cl)ccc34)n2)ccc1NC(=O)c1ccc(C(N)N)cc1,COc1cc(Nc2nccc(Nc3ccnc4cc(Cl)ccc34)n2)ccc1NC(=O)c1ccc(C(N)N)cc1,6.2968082,-6.4604206
440,mol150,-12.27,NC(=O)c1ccncc1-c1cccc(NC(=O)Nc2cn(C(N)=O)c3ccccc23)c1,NC(=O)c1ccncc1-c1cccc(NC(=O)Nc2cn(C(N)=O)c3ccccc23)c1,6.65957,-5.0737624
660,mol336,-12.27,Cc1ccc(Oc2ccc(NC(=O)c3ccc(-c4cccc(Cl)c4)o3)cc2C(=O)O)cc1F,Cc1ccc(Oc2ccc(NC(=O)c3ccc(-c4cccc(Cl)c4)o3)cc2C(=O)O)cc1F,6.716246,-6.7937994
550,mol168,-12.27,Cc1cccc(-c2nn(-c3ccccc3C(F)(F)F)cc2-c2ccc(NC(=O)Cc3ccccc3)cc2)c1,Cc1cccc(-c2nn(-c3ccccc3C(F)(F)F)cc2-c2ccc(NC(=O)Cc3ccccc3)cc2)c1,5.5762243,-7.14792
720,mol78,-12.27,Cc1cccc(C(=O)Nc2ccc(S(=O)(=O)Nc3nc4ccc(C(=O)O)cc4[nH]3)cc2)c1,Cc1cccc(C(=O)Nc2ccc(S(=O)(=O)Nc3nc4ccc(C(=O)O)cc4[nH]3)cc2)c1,6.406635,-6.225478
180,mol323,-12.27,Cc1cccc(-c2cc(Nc3ccc(-c4ncc5ccccc5n4)c(CCc4ccccc4)c3)ncn2)c1,Cc1cccc(-c2cc(Nc3ccc(-c4ncc5ccccc5n4)c(CCc4ccccc4)c3)ncn2)c1,5.948481,-6.8617215
840,mol368,-12.27,NC(=O)c1ccc(Nc2nccc(-c3c[nH]c4ccccc34)n2)cc1,NC(=O)c1ccc(Nc2nccc(-c3c[nH]c4ccccc34)n2)cc1,6.3145494,-4.2459106
770,mol258,-12.27,Cc1ccc(C(=O)c2ccc3ccccc3c2O)cc1NC(=O)c1ccccc1C(=O)O,Cc1ccc(C(=O)c2ccc3ccccc3c2O)cc1NC(=O)c1ccccc1C(=O)O,6.1753216,-5.6234813
810,mol285,-12.27,CC(C)(C)c1cc(NC(=O)Nc2cccc(C(=O)Nc3ccc4ccccc4n3)c2)cc(N2CCOCC2)c1,CC(C)(C)c1cc(NC(=O)Nc2cccc(C(=O)Nc3ccc4ccccc4n3)c2)cc(N2CCOCC2)c1,6.8510804,-6.632868
960,mol119,-12.27,Cc1ccc(CNC(=O)c2cccc(Cn3cc(C(N)N)c4ccccc43)c2)cc1,Cc1ccc(CNC(=O)c2cccc(Cn3cc(C(N)N)c4ccccc43)c2)cc1,6.337128,-4.08774
500,mol481,-12.27,Nc1ncc(-c2cccc(C(=O)Nc3cccc(C(=O)O)c3)c2)c(C(F)(F)F)n1,Nc1ncc(-c2cccc(C(=O)Nc3cccc(C(=O)O)c3)c2)c(C(F)(F)F)n1,6.7182665,-4.6269684
40,mol66,-12.27,Cc1nc(Nc2ncc(C(=O)Nc3cccc4ccccc34)c(N)n2)cc(N2CC[NH+](CCO)CC2)n1,Cc1nc(Nc2ncc(C(=O)Nc3cccc4ccccc34)c(N)n2)cc(N2CC[NH+](CCO)CC2)n1,7.188367,-2.9641242
790,mol92,-12.27,Cc1ccc(C(=O)Nc2ccc(S(O)(O)O)c3ccccc23)cc1NC(=O)c1ccccc1O,Cc1ccc(C(=O)Nc2ccc(S(O)(O)O)c3ccccc23)cc1NC(=O)c1ccccc1O,6.193788,-6.458166
920,mol148,-12.27,COc1cc(O[C@H]2CC[N@H+](C)CC2)ccc1Nc1ncc(Cl)c(Nc2cccc(C(=O)Nc3ccccc3)c2)n1,COc1cc(O[C@H]2CC[N@H+](C)CC2)ccc1Nc1ncc(Cl)c(Nc2cccc(C(=O)Nc3ccccc3)c2)n1,7.032029,-6.1570983
430,mol303,-12.27,CC(=O)N(c1ccc(NC(=O)c2ccccn2)cc1)c1ccc(Nc2ccnc3cc(N)ccc23)cc1,CC(=O)N(c1ccc(NC(=O)c2ccccn2)cc1)c1ccc(Nc2ccnc3cc(N)ccc23)cc1,6.098429,-6.1403666
850,mol412,-12.27,Cc1ccc(C(=O)Nc2ccc(-c3cc4ccccc4o3)cn2)cc1,Cc1ccc(C(=O)Nc2ccc(-c3cc4ccccc4o3)cn2)cc1,6.1543975,-6.3247313
520,mol198,-12.27,[H]/N=C(/N)c1ccc2cc(C[n+]3cccc(C(=O)NCc4ccc(C(N)N)cc4)c3)[nH]c2c1,[H]/N=C(/N)c1ccc2cc(C[n+]3cccc(C(=O)NCc4ccc(C(N)N)cc4)c3)[nH]c2c1,6.4439363,-2.4361594
330,mol205,-12.27,Cc1ccc(-c2ccc(C(=O)Nc3ccc4c(c3)OCO4)cc2)cc1,Cc1ccc(-c2ccc(C(=O)Nc3ccc4c(c3)OCO4)cc2)cc1,5.9837046,-6.066754
280,mol51,-12.26,Cc1ccc(C(=O)Nc2cccc(C(F)(F)F)c2)cc1Nc1cc(-c2cnccn2)ccn1,Cc1ccc(C(=O)Nc2cccc(C(F)(F)F)c2)cc1Nc1cc(-c2cnccn2)ccn1,6.483295,-6.307089
280,mol92,-12.26,Cc1ccc(C(=O)NC2CC2)cc1NC(=O)c1cnc(Nc2ccc3ccccc3c2)s1,Cc1ccc(C(=O)NC2CC2)cc1NC(=O)c1cnc(Nc2ccc3ccccc3c2)s1,6.273263,-6.2995334
700,mol228,-12.26,COc1cccc(-c2ccc(O)c(Nc3cccc4cnccc34)c2)c1,COc1cccc(-c2ccc(O)c(Nc3cccc4cnccc34)c2)c1,5.7547903,-6.3167443
420,mol52,-12.26,Nc1cccc(-c2nc3ccc(CNC(=O)Cc4cccc(C(=O)O)c4)cc3s2)c1,Nc1cccc(-c2nc3ccc(CNC(=O)Cc4cccc(C(=O)O)c4)cc3s2)c1,6.5037827,-3.6681528
460,mol235,-12.26,Cc1ccc(C(=O)Nc2ccc(C[N@H+]3CC[N@H+](C)CC3)c(C(F)(F)F)c2)cc1Nc1ncnn2cc(-c3ccsc3)cc12,Cc1ccc(C(=O)Nc2ccc(C[N@H+]3CC[N@H+](C)CC3)c(C(F)(F)F)c2)cc1Nc1ncnn2cc(-c3ccsc3)cc12,6.972647,-4.147961
480,mol184,-12.26,CN(Cc1cnc(-c2ccc(C(=O)Nc3ccc(N4CCN(C(=O)Cc5ccccc5)CC4)cc3)cc2)s1)C(=O)c1ccc(Oc2ccccc2)cc1,CN(Cc1cnc(-c2ccc(C(=O)Nc3ccc(N4CCN(C(=O)Cc5ccccc5)CC4)cc3)cc2)s1)C(=O)c1ccc(Oc2ccccc2)cc1,6.63662,-6.440418
200,mol270,-12.26,Cc1ccc(-n2nc(C(C)(C)C)cc2NC(=O)Nc2ccc(Oc3ccc(NC(=O)NC(C)(C)CNC(=O)c4ccccc4Cl)cc3)cc2)cc1,Cc1ccc(-n2nc(C(C)(C)C)cc2NC(=O)Nc2ccc(Oc3ccc(NC(=O)NC(C)(C)CNC(=O)c4ccccc4Cl)cc3)cc2)cc1,6.5596957,-7.1275086
80,mol214,-12.26,[H][S@TB7](=O)(O)(CO)NC(=O)C(C)(C)NC(=O)c1ccc2c(c1)N=C(c1cccc(NC(=O)c3ccccc3)c1)[NH2+]2,[H][S@TB7](=O)(O)(CO)NC(=O)C(C)(C)NC(=O)c1ccc2c(c1)N=C(c1cccc(NC(=O)c3ccccc3)c1)[NH2+]2,6.8141723,-3.2877843
820,mol242,-12.26,CNc1ccc(NC(=O)Nc2cccc(CCc3ccccc3)c2)cc1C(=O)N[C@H]1[C@@H]2C[C@H]3C[C@@H](C2)C[C@@H]1C3,CNc1ccc(NC(=O)Nc2cccc(CCc3ccccc3)c2)cc1C(=O)N[C@H]1[C@@H]2C[C@H]3C[C@@H](C2)C[C@@H]1C3,6.101054,-6.7959976
980,mol117,-12.26,C#Cc1cc(Oc2ccc(Oc3cccc(-c4cc5ccccc5nc4N)c3)cc2)ccc1C(=O)O,C#Cc1cc(Oc2ccc(Oc3cccc(-c4cc5ccccc5nc4N)c3)cc2)ccc1C(=O)O,6.3436246,-6.825168
230,mol436,-12.26,Nc1ncnc2c1c(Cc1cccc(Oc3ccccc3)c1)cn2CC(=O)Nc1cccc(C(F)(F)F)c1,Nc1ncnc2c1c(Cc1cccc(Oc3ccccc3)c1)cn2CC(=O)Nc1cccc(C(F)(F)F)c1,6.2273674,-6.4754276
200,mol271,-12.26,Nc1ccc(S(=O)(=O)Nc2cccc(-c3ccc(N4CCOCC4)cc3)c2)cc1,Nc1ccc(S(=O)(=O)Nc2cccc(-c3ccc(N4CCOCC4)cc3)c2)cc1,6.382347,-4.4946327
410,mol171,-12.26,Cc1cc(NC(=O)c2ccc(CCc3nnc(-c4cccc(C(=O)O)c4)o3)cc2)cc(C)c1O,Cc1cc(NC(=O)c2ccc(CCc3nnc(-c4cccc(C(=O)O)c4)o3)cc2)cc(C)c1O,6.4238577,-5.1663117
450,mol354,-12.26,CN(c1cc(Nc2ccnc(C(=O)c3ccc(C(=O)O)cc3)n2)cc(N2CCC(O)CC2)c1)S(C)(=O)=O,CN(c1cc(Nc2ccnc(C(=O)c3ccc(C(=O)O)cc3)n2)cc(N2CCC(O)CC2)c1)S(C)(=O)=O,7.271837,-3.9259057
830,mol203,-12.26,Cc1noc(C)c1-c1cccc(CNC(=O)c2ccc(NC(=O)c3cc4ccccc4o3)cc2)c1,Cc1noc(C)c1-c1cccc(CNC(=O)c2ccc(NC(=O)c3cc4ccccc4o3)cc2)c1,6.42781,-6.2862678
190,mol17,-12.26,O=C(Cc1c[nH]c2ccccc12)N1C[C@H](O)C[C@H]1c1cnn(Cc2ccccc2)c1,O=C(Cc1c[nH]c2ccccc12)N1C[C@H](O)C[C@H]1c1cnn(Cc2ccccc2)c1,6.593496,-3.861354
280,mol360,-12.26,Cc1cc(C#N)ccc1-c1ccc(Nc2ncc3cc(Nc4ccccc4)ccc3n2)cc1,Cc1cc(C#N)ccc1-c1ccc(Nc2ncc3cc(Nc4ccccc4)ccc3n2)cc1,6.3459554,-6.5761733
710,mol273,-12.26,Cn1ccc(Nc2nccc(-c3cccc(C(=O)c4ccccc4CN4CCOCC4)c3)n2)c1,Cn1ccc(Nc2nccc(-c3cccc(C(=O)c4ccccc4CN4CCOCC4)c3)n2)c1,6.5158553,-3.6916614
680,mol480,-12.26,Cc1ccc(C(=O)Nc2ccc(Cn3nc(NC(=O)c4cccc(CO)c4)ccc3=O)cc2)cc1,Cc1ccc(C(=O)Nc2ccc(Cn3nc(NC(=O)c4cccc(CO)c4)ccc3=O)cc2)cc1,6.119232,-5.7981386
680,mol330,-12.26,CC(C)(C)c1cccc(-c2ccnc(Nc3cccc(C(=O)NCc4ccccc4Cl)c3)n2)c1,CC(C)(C)c1cccc(-c2ccnc(Nc3cccc(C(=O)NCc4ccccc4Cl)c3)n2)c1,6.5365853,-6.573936
710,mol54,-12.26,Cc1ccccc1S(=O)(=O)Nc1ccc(C(=O)c2ccc3ncccc3c2)cc1F,Cc1ccccc1S(=O)(=O)Nc1ccc(C(=O)c2ccc3ncccc3c2)cc1F,6.3421855,-5.8681726
190,mol201,-12.26,c1ccc(CNc2nc(-c3cccc(N4CCOCC4)c3)c(-c3ccc(Nc4ncc5ccccc5n4)cc3)[nH]2)cc1,c1ccc(CNc2nc(-c3cccc(N4CCOCC4)c3)c(-c3ccc(Nc4ncc5ccccc5n4)cc3)[nH]2)cc1,5.8526783,-6.767561
410,mol351,-12.26,CC(=O)N(Cc1ccc(C(=O)NO)cc1)Cc1ccc(-c2cccc(CC(C)(C)O)n2)c(C)c1,CC(=O)N(Cc1ccc(C(=O)NO)cc1)Cc1ccc(-c2cccc(CC(C)(C)O)n2)c(C)c1,7.075764,-4.31887
500,mol56,-12.26,Cc1cc(Nc2ccc(C)c(NC(=O)c3ccccc3[N+](=O)[O-])c2)nc(Nc2ccc([N+](=O)[O-])cc2)n1,Cc1cc(Nc2ccc(C)c(NC(=O)c3ccccc3[N+](=O)[O-])c2)nc(Nc2ccc([N+](=O)[O-])cc2)n1,6.783434,-6.5616016
820,mol58,-12.26,Cc1cccc2c(COc3ccc(/C=C4\CC(=O)NC4=O)cc3)coc12,Cc1cccc2c(COc3ccc(/C=C4\CC(=O)NC4=O)cc3)coc12,6.248447,-5.4475636
290,mol122,-12.26,Cc1ccc(NC(=O)Nc2cccc(Oc3ccc4ccccc4n3)c2)cc1,Cc1ccc(NC(=O)Nc2cccc(Oc3ccc4ccccc4n3)c2)cc1,6.177746,-6.8107705
460,mol213,-12.26,Nc1ncnc2c1c(Cc1cccc(NC(=O)Nc3cccc(C(F)(F)F)c3)c1)nn2C1CCCCC1,Nc1ncnc2c1c(Cc1cccc(NC(=O)Nc3cccc(C(F)(F)F)c3)c1)nn2C1CCCCC1,7.4572496,-6.237613
840,mol241,-12.26,CC(=O)Nc1ccc(Cl)c(C(=O)Nc2ccc(CCNC(=O)c3ccc4ccccc4n3)cc2)c1,CC(=O)Nc1ccc(Cl)c(C(=O)Nc2ccc(CCNC(=O)c3ccc4ccccc4n3)cc2)c1,6.1644254,-6.3138022
200,mol114,-12.26,Cc1nc(Nc2ncc(C(=O)Nc3c(C)cccc3Cl)s2)cc(N[C@@H]2C[C@H](C(=O)Nc3ccccc3)[C@H](O)[C@H]2O)n1,Cc1nc(Nc2ncc(C(=O)Nc3c(C)cccc3Cl)s2)cc(N[C@@H]2C[C@H](C(=O)Nc3ccccc3)[C@H](O)[C@H]2O)n1,7.951584,-5.477515
960,mol245,-12.26,CNC(=O)c1cccc(C)c1Nc1ncc(Oc2ccc(C(=O)NCc3cccnc3)cc2C(C)C)cn1,CNC(=O)c1cccc(C)c1Nc1ncc(Oc2ccc(C(=O)NCc3cccnc3)cc2C(C)C)cn1,6.9789095,-6.4585724
270,mol456,-12.26,Cc1ccc(NC(=O)c2ccc(C[N@H+]3CC[N@@H+](C)CC3)cc2)cc1Nc1ncnn2cc(C(=O)N[C@@H](C)c3ccccc3)cc12,Cc1ccc(NC(=O)c2ccc(C[N@H+]3CC[N@@H+](C)CC3)cc2)cc1Nc1ncnn2cc(C(=O)N[C@@H](C)c3ccccc3)cc12,6.942852,-3.0782716
450,mol336,-12.26,CN(CCOc1ccc(C(=O)N2CCOCC2)cc1)c1cc(Cl)cc(-c2ccc(-c3nccs3)cc2)c1,CN(CCOc1ccc(C(=O)N2CCOCC2)cc1)c1cc(Cl)cc(-c2ccc(-c3nccs3)cc2)c1,6.670126,-6.8021984
450,mol467,-12.26,Cc1ccc(C(=O)O)cc1S(=O)(=O)Nc1ccc(F)c(Oc2cccc(NC(=O)c3ccc(F)cc3CCF)c2)c1,Cc1ccc(C(=O)O)cc1S(=O)(=O)Nc1ccc(F)c(Oc2cccc(NC(=O)c3ccc(F)cc3CCF)c2)c1,6.9716372,-5.894734
490,mol184,-12.26,Cc1ccc(C(=O)Nc2ccc(CNS(=O)(=O)c3cc(Cl)ccc3-c3nc4nc(N)ccc4[nH]3)cc2)cc1,Cc1ccc(C(=O)Nc2ccc(CNS(=O)(=O)c3cc(Cl)ccc3-c3nc4nc(N)ccc4[nH]3)cc2)cc1,6.669368,-6.281703
510,mol454,-12.26,CC(=O)Nc1cccc(-c2cnc(C(=O)Nc3ccc4nc(N)ccc4c3)s2)c1,CC(=O)Nc1cccc(-c2cnc(C(=O)Nc3ccc4nc(N)ccc4c3)s2)c1,6.592285,-4.9998417
230,mol225,-12.26,Cc1ccc(Oc2ccc(NC(=O)c3cccc(C(=O)N[C@@H](C(=O)O)c4ccccc4)c3)cc2)cc1,Cc1ccc(Oc2ccc(NC(=O)c3cccc(C(=O)N[C@@H](C(=O)O)c4ccccc4)c3)cc2)cc1,6.30581,-5.9455595
800,mol245,-12.26,Cc1ccc(Nc2cccc(C(=O)NO)c2)cc1NC(=O)c1ccc(C(N)N)cc1,Cc1ccc(Nc2cccc(C(=O)NO)c2)cc1NC(=O)c1ccc(C(N)N)cc1,6.823888,-4.4296336
520,mol81,-12.26,Cc1ccc(O)cc1-c1ccc(NC(=O)c2ccc(C(=O)O)cc2)cc1,Cc1ccc(O)cc1-c1ccc(NC(=O)c2ccc(C(=O)O)cc2)cc1,6.3867936,-4.6476417
620,mol314,-12.26,Cc1c(-c2cccc3ccccc23)[nH]c(=O)c2cc(Br)ccc12,Cc1c(-c2cccc3ccccc23)[nH]c(=O)c2cc(Br)ccc12,6.016303,-6.9958186
640,mol309,-12.26,Cc1cccc(C(=O)Nc2ncc(-c3cccc(C(=O)c4ccccc4)c3)s2)c1,Cc1cccc(C(=O)Nc2ncc(-c3cccc(C(=O)c4ccccc4)c3)s2)c1,6.1340513,-6.6712146
570,mol414,-12.26,CNC(=O)Nc1ccc(-c2ccc(CNc3ccnc4cc(Cl)ccc34)cc2)cc1,CNC(=O)Nc1ccc(-c2ccc(CNc3ccnc4cc(Cl)ccc34)cc2)cc1,6.0601034,-6.2265964
340,mol108,-12.26,CNc1cc(-c2c[nH]c3ncc(-c4ccc(C(=O)Nc5ccccc5)cc4)cc23)ccn1,CNc1cc(-c2c[nH]c3ncc(-c4ccc(C(=O)Nc5ccccc5)cc4)cc23)ccn1,6.3637886,-6.3138404
570,mol248,-12.26,Cc1ccccc1-c1cc(Nc2ncnc3cc(Cl)ccc23)ncn1,Cc1ccccc1-c1cc(Nc2ncnc3cc(Cl)ccc23)ncn1,6.918712,-5.0988245
580,mol129,-12.26,COc1ccc(C(=O)Nc2ccc(Oc3ccc(NC(N)=O)cc3)cc2)cc1NCc1cccc(C(=O)O)c1,COc1ccc(C(=O)Nc2ccc(Oc3ccc(NC(N)=O)cc3)cc2)cc1NCc1cccc(C(=O)O)c1,5.8418984,-6.3070555
520,mol23,-12.26,Cc1cn(-c2cc(NC(=O)c3cccc(-c4cccc(C(=O)O)c4)c3)ccn2)cn1,Cc1cn(-c2cc(NC(=O)c3cccc(-c4cccc(C(=O)O)c4)c3)ccn2)cn1,6.4511724,-4.81371
540,mol100,-12.26,Cc1ccc(C(=O)Nc2ccc(Oc3ccncc3)cc2)cc1Nc1ccnc(Nc2ccc(N3CCOCC3)cc2)n1,Cc1ccc(C(=O)Nc2ccc(Oc3ccncc3)cc2)cc1Nc1ccnc(Nc2ccc(N3CCOCC3)cc2)n1,6.5208626,-6.981135
130,mol371,-12.26,CN(Cc1ccc(C(=O)Nc2ccc3cc[nH]c(=O)c3c2)cc1)C(=O)c1ccc(C#N)cc1,CN(Cc1ccc(C(=O)Nc2ccc3cc[nH]c(=O)c3c2)cc1)C(=O)c1ccc(C#N)cc1,6.1682177,-5.3574886
210,mol457,-12.26,Nc1cc(-c2cccc(F)c2)cn2nc(Nc3ccc(N4CCCC4)cc3)nc12,Nc1cc(-c2cccc(F)c2)cn2nc(Nc3ccc(N4CCCC4)cc3)nc12,6.412595,-4.4665813
130,mol87,-12.26,Cc1ncc(-c2nc(Nc3ccc(C(=O)N4CCN(c5ncccn5)CC4)cc3)ncc2F)cn1,Cc1ncc(-c2nc(Nc3ccc(C(=O)N4CCN(c5ncccn5)CC4)cc3)ncc2F)cn1,6.9178953,-4.4704776
60,mol418,-12.26,Cc1c(NC(=O)c2ccc(-c3cc(C(N)=O)ccc3O)cc2)cccc1S(=O)(=O)Nc1cccc2cnccc12,Cc1c(NC(=O)c2ccc(-c3cc(C(N)=O)ccc3O)cc2)cccc1S(=O)(=O)Nc1cccc2cnccc12,6.4732604,-6.2929263
750,mol87,-12.26,Cc1ccc(Oc2cccc(Nc3ccnc4cc(Cl)ccc34)c2)cc1NC(=O)c1ccncc1,Cc1ccc(Oc2cccc(Nc3ccnc4cc(Cl)ccc34)c2)cc1NC(=O)c1ccncc1,6.0992694,-7.04436
560,mol420,-12.26,CNc1cc(C(=O)Nc2ccccc2)ccc1Oc1ccc(NC(=O)c2ccc([N+](=O)[O-])cc2)cc1,CNc1cc(C(=O)Nc2ccccc2)ccc1Oc1ccc(NC(=O)c2ccc([N+](=O)[O-])cc2)cc1,5.8820186,-6.72932
330,mol165,-12.26,Cc1ccc(C(=O)Nc2cc3c(-c4ccc5ncccc5c4)c[nH]c3cc2F)cc1,Cc1ccc(C(=O)Nc2cc3c(-c4ccc5ncccc5c4)c[nH]c3cc2F)cc1,5.8641133,-6.413459
910,mol30,-12.26,Nc1ccc(-c2ccc(C(=O)Nc3ccccc3C(=O)O)cc2)cc1,Nc1ccc(-c2ccc(C(=O)Nc3ccccc3C(=O)O)cc2)cc1,6.463795,-4.8919125
590,mol436,-12.26,Cn1cc(-c2ccccc2)cc1NC(=O)c1ccc(-c2ccc(C(=O)O)cn2)s1,Cn1cc(-c2ccccc2)cc1NC(=O)c1ccc(-c2ccc(C(=O)O)cn2)s1,6.3101635,-5.4245315
940,mol495,-12.26,Cc1ccc(-n2nc([C@H](N)Cc3cccc(C(=O)NCc4ccccc4)c3)cc2NC(=O)Nc2ccccc2)cc1,Cc1ccc(-n2nc([C@H](N)Cc3cccc(C(=O)NCc4ccccc4)c3)cc2NC(=O)Nc2ccccc2)cc1,6.3694606,-6.395407
310,mol42,-12.26,Cc1ccc(NC(=O)c2ccc(Nc3ncc(F)c(Nc4ccc(C(=O)O)cc4)n3)cc2C(=O)O)cc1,Cc1ccc(NC(=O)c2ccc(Nc3ncc(F)c(Nc4ccc(C(=O)O)cc4)n3)cc2C(=O)O)cc1,6.4960794,-5.743963
170,mol264,-12.26,Cc1cc(NC(=O)c2cccc(-n3cc(NC(=O)Nc4ccccc4Cl)cn3)c2)ccn1,Cc1cc(NC(=O)c2cccc(-n3cc(NC(=O)Nc4ccccc4Cl)cn3)c2)ccn1,6.482851,-6.1501503
380,mol115,-12.26,Cc1occ(-c2ccc(Cl)cc2)c1[C@@H](O)C(=O)Nc1ccc(-c2cnco2)cc1,Cc1occ(-c2ccc(Cl)cc2)c1[C@@H](O)C(=O)Nc1ccc(-c2cnco2)cc1,6.5307975,-6.4342313
620,mol246,-12.26,Cc1cccc(-n2nc(C(=O)NCc3ccccc3)cc2NC(=O)Nc2ccc(NC(=O)c3ccc(F)cc3)cc2)c1,Cc1cccc(-n2nc(C(=O)NCc3ccccc3)cc2NC(=O)Nc2ccc(NC(=O)c3ccc(F)cc3)cc2)c1,6.312387,-6.9310894
360,mol457,-12.26,O=C(Nc1ccc(Oc2ccncc2)cc1)c1ccc(N2CCC(c3ccc(F)cc3)CC2)cc1,O=C(Nc1ccc(Oc2ccncc2)cc1)c1ccc(N2CCC(c3ccc(F)cc3)CC2)cc1,5.924577,-6.7910266
310,mol420,-12.26,Cc1cccc2c(=O)[nH]c(-c3cccc(-c4cccc(C(=O)O)c4)c3O)cc12,Cc1cccc2c(=O)[nH]c(-c3cccc(-c4cccc(C(=O)O)c4)c3O)cc12,6.4659133,-5.276505
910,mol467,-12.26,Cc1cccc(-c2cc(C(=O)Nc3ccc(Oc4ccncc4)cc3)cc3ncccc23)c1,Cc1cccc(-c2cc(C(=O)Nc3ccc(Oc4ccncc4)cc3)cc3ncccc23)c1,5.630348,-6.9892683
910,mol456,-12.26,CN(Cc1cccc(-c2ccc(C(=O)O)cc2)c1)C(=O)C(=O)Nc1ccc(OC(F)F)cc1,CN(Cc1cccc(-c2ccc(C(=O)O)cc2)c1)C(=O)C(=O)Nc1ccc(OC(F)F)cc1,6.549738,-5.2760086
790,mol291,-12.26,Cc1ccc(C(=O)Nc2cccc(C(=O)O)c2)cc1NC(=O)c1ccccc1C(=O)O,Cc1ccc(C(=O)Nc2cccc(C(=O)O)c2)cc1NC(=O)c1ccccc1C(=O)O,7.0029187,-5.037009
620,mol129,-12.26,C=CC(=O)Nc1ccc(S(=O)(=O)c2ccc(Nc3ccnc4cc(Oc5ccccc5)ccc34)cc2)cc1,C=CC(=O)Nc1ccc(S(=O)(=O)c2ccc(Nc3ccnc4cc(Oc5ccccc5)ccc34)cc2)cc1,6.2153654,-6.946776
530,mol77,-12.26,Cc1ccccc1Nc1ccc(-c2nc3cc(C(=O)O)ccc3[nH]2)cc1,Cc1ccccc1Nc1ccc(-c2nc3cc(C(=O)O)ccc3[nH]2)cc1,6.211307,-5.4631295
540,mol171,-12.26,Cc1ccccc1C(=O)Nc1cccc(/C=C/c2nnc(-c3cccc(Cl)c3)o2)c1,Cc1ccccc1C(=O)Nc1cccc(/C=C/c2nnc(-c3cccc(Cl)c3)o2)c1,6.2146177,-6.605111
210,mol157,-12.26,CC(=O)N(Cc1cc([N+](=O)[O-])ccc1F)c1ccc(-c2ccc(C(=O)O)cc2)cc1,CC(=O)N(Cc1cc([N+](=O)[O-])ccc1F)c1ccc(-c2ccc(C(=O)O)cc2)cc1,6.3681383,-5.4426684
350,mol148,-12.26,Cc1cc(NC(=O)c2ccc(C(=O)c3cccc(Cl)c3)cc2)cc(C(=O)NCc2ccc(C(C)C)cc2)c1,Cc1cc(NC(=O)c2ccc(C(=O)c3cccc(Cl)c3)cc2)cc(C(=O)NCc2ccc(C(C)C)cc2)c1,6.1541314,-6.5562882
360,mol52,-12.26,Cc1cncc(-c2nc(Nc3cccc(C(=O)Nc4cccc(C(N)=O)c4)c3)c3ccccc3n2)c1,Cc1cncc(-c2nc(Nc3cccc(C(=O)Nc4cccc(C(N)=O)c4)c3)c3ccccc3n2)c1,6.250552,-5.8492684
210,mol464,-12.26,CN(Cc1ccc(C(=O)NO)cc1)C(=O)c1ccc(Nc2nccc(Nc3ccccc3)n2)cc1,CN(Cc1ccc(C(=O)NO)cc1)C(=O)c1ccc(Nc2nccc(Nc3ccccc3)n2)cc1,6.5221744,-5.522814
300,mol17,-12.26,Cc1cc(N2CCc3ccc(Oc4cccc(C(=O)NC(C)C)c4)cc3C2=O)ccc1NS(C)(=O)=O,Cc1cc(N2CCc3ccc(Oc4cccc(C(=O)NC(C)C)c4)cc3C2=O)ccc1NS(C)(=O)=O,6.8395934,-5.1521606
160,mol196,-12.26,Cc1cn(-c2nc(Nc3ccc(C(=O)N[C@H](CO)C(=O)O)cc3)ncc2F)cc1C[N@H+]1CC[C@H](O)C1,Cc1cn(-c2nc(Nc3ccc(C(=O)N[C@H](CO)C(=O)O)cc3)ncc2F)cc1C[N@H+]1CC[C@H](O)C1,7.121925,-2.8994627
30,mol122,-12.26,Cc1ccc(C(=O)NC2C=C2)cc1NC(=O)c1cnc(-c2ccc(Cl)cc2Cl)cn1,Cc1ccc(C(=O)NC2C=C2)cc1NC(=O)c1cnc(-c2ccc(Cl)cc2Cl)cn1,6.6999993,-6.044855
360,mol228,-12.26,Cc1cc(C(=O)N2CCN(c3cnccn3)CC2)ccc1Nc1cccc(C(=O)NCc2ccc(C(=O)N[C@@H](CC(=O)O)C(=O)O)cc2)c1,Cc1cc(C(=O)N2CCN(c3cnccn3)CC2)ccc1Nc1cccc(C(=O)NCc2ccc(C(=O)N[C@@H](CC(=O)O)C(=O)O)cc2)c1,7.589874,-4.677939
950,mol64,-12.26,CCN(C(=O)c1ccc(OCc2ccc(C(=O)O)cc2)cc1)c1cccc(-c2ccc(C(=O)O)cc2)c1,CCN(C(=O)c1ccc(OCc2ccc(C(=O)O)cc2)cc1)c1cccc(-c2ccc(C(=O)O)cc2)c1,6.400041,-5.9848886
160,mol302,-12.26,CN(Cc1cnc2nc(Nc3ccc(N4CCOCC4)cc3)ncc2n1)c1cccc(NC(=O)c2cccnc2)c1,CN(Cc1cnc2nc(Nc3ccc(N4CCOCC4)cc3)ncc2n1)c1cccc(NC(=O)c2cccnc2)c1,7.21131,-5.0677376
850,mol100,-12.26,Cc1ccc(C(=O)Nc2ccc(C[N@H+]3CC[N@@H+](C)CC3)c(C(F)(F)F)c2)cc1C#Cc1cnc(C(=O)c2cccc(Cl)c2)nc1,Cc1ccc(C(=O)Nc2ccc(C[N@H+]3CC[N@@H+](C)CC3)c(C(F)(F)F)c2)cc1C#Cc1cnc(C(=O)c2cccc(Cl)c2)nc1,7.0224133,-4.114661
390,mol334,-12.26,Cc1cccc(-c2ncc(Cl)c(Nc3cccc(C(=O)N4CCCC4)c3)n2)c1,Cc1cccc(-c2ncc(Cl)c(Nc3cccc(C(=O)N4CCCC4)c3)n2)c1,6.6850004,-5.1768117
160,mol102,-12.26,Cc1ccc(C(=O)Nc2ccc(C[N@H+]3CC[N@@H+](C)CC3)c(C(F)(F)F)c2)cc1C#Cc1cnc(Nc2ccc(C3CCCCC3)cn2)nc1,Cc1ccc(C(=O)Nc2ccc(C[N@H+]3CC[N@@H+](C)CC3)c(C(F)(F)F)c2)cc1C#Cc1cnc(Nc2ccc(C3CCCCC3)cn2)nc1,7.3575587,-4.691192
390,mol110,-12.26,Cc1ccc(NC(=O)c2ccc(C[N@H+]3CC[N@H+](C)CC3)cc2)cc1Nc1nccc(-c2cncnc2)n1,Cc1ccc(NC(=O)c2ccc(C[N@H+]3CC[N@H+](C)CC3)cc2)cc1Nc1nccc(-c2cncnc2)n1,7.3171163,-2.7647402
760,mol219,-12.26,CC(=O)Nc1ccc(C(=O)Nc2cccc(-c3ccccc3C(=O)O)c2)cc1,CC(=O)Nc1ccc(C(=O)Nc2cccc(-c3ccccc3C(=O)O)c2)cc1,6.5833755,-4.8349266
280,mol200,-12.25,Cc1ccc(CNC(=O)c2cccc(Nc3nccc(Nc4cccc(C(F)(F)F)c4)n3)c2)cc1,Cc1ccc(CNC(=O)c2cccc(Nc3nccc(Nc4cccc(C(F)(F)F)c4)n3)c2)cc1,6.1267056,-6.7424192
610,mol485,-12.25,Cc1cccc(Nc2nccc(-n3cc(Cc4cccc(C(=O)O)c4)nn3)n2)c1,Cc1cccc(Nc2nccc(-n3cc(Cc4cccc(C(=O)O)c4)nn3)n2)c1,6.4553056,-4.1226735
250,mol469,-12.25,Cc1cccc(-c2cc(C(=O)Nc3ccc(NC(=O)c4ccccc4Cl)cc3)ncn2)c1,Cc1cccc(-c2cc(C(=O)Nc3ccc(NC(=O)c4ccccc4Cl)cc3)ncn2)c1,6.2726774,-6.836812
320,mol494,-12.25,Cc1nc(Nc2ncc(C(=O)Nc3ccc(Oc4ccccc4)cc3)s2)cc(N2CC[NH+](CC(=O)Nc3cccc(C(F)(F)F)c3)CC2)n1,Cc1nc(Nc2ncc(C(=O)Nc3ccc(Oc4ccccc4)cc3)s2)cc(N2CC[NH+](CC(=O)Nc3cccc(C(F)(F)F)c3)CC2)n1,6.809156,-6.4412208
920,mol78,-12.25,Cc1ccc(S(=O)(=O)Nc2cccc(-c3cccc(C(=O)c4ccc(Cl)cc4)c3)c2)cc1,Cc1ccc(S(=O)(=O)Nc2cccc(-c3cccc(C(=O)c4ccc(Cl)cc4)c3)c2)cc1,6.1224937,-6.8225055
380,mol65,-12.25,Cc1c(Nc2cccc(C(=O)NCc3nc4ccccc4[nH]3)c2)cccc1C(=O)O,Cc1c(Nc2cccc(C(=O)NCc3nc4ccccc4[nH]3)c2)cccc1C(=O)O,6.568006,-5.036447
970,mol146,-12.25,Cc1cccc(N2C(=O)c3c4sc5c3/C2=N\N=N/N4CCCC5)c1,Cc1cccc(N2C(=O)c3c4sc5c3/C2=N\N=N/N4CCCC5)c1,6.1525664,-4.1458664
620,mol305,-12.25,Cc1cccc(-c2nc(Nc3ccc(C(N)=O)cc3)[nH]c2-c2ccc(NC(=O)c3ccc4ccccc4n3)cc2)c1,Cc1cccc(-c2nc(Nc3ccc(C(N)=O)cc3)[nH]c2-c2ccc(NC(=O)c3ccc4ccccc4n3)cc2)c1,6.095304,-6.88112
330,mol15,-12.25,Cc1ccc(-n2nc(C(=O)O)cc2-c2ccc(C(=O)Nc3ccc4n[nH]cc4c3)cc2)cc1,Cc1ccc(-n2nc(C(=O)O)cc2-c2ccc(C(=O)Nc3ccc4n[nH]cc4c3)cc2)cc1,6.0309553,-5.8995004
180,mol305,-12.25,Cc1cc(NC(=O)c2cc(NC(=O)c3cc(-c4ccccc4Cl)ccc3Cl)n[nH]2)on1,Cc1cc(NC(=O)c2cc(NC(=O)c3cc(-c4ccccc4Cl)ccc3Cl)n[nH]2)on1,6.165372,-7.244071
530,mol362,-12.25,Cc1cncc(-c2ccc(C(=O)Nc3ccc(C(=O)NC(C)(C)C)cc3)cc2)c1,Cc1cncc(-c2ccc(C(=O)Nc3ccc(C(=O)NC(C)(C)C)cc3)cc2)c1,6.5993104,-5.7797065
340,mol251,-12.25,Cc1cc(Nc2nc(N[C@H](C)c3ncc(F)cn3)cc(N3CCC(C(=O)NCc4cc(F)cc(F)c4)CC3)n2)cc(N2CCCCC2=O)c1,Cc1cc(Nc2nc(N[C@H](C)c3ncc(F)cn3)cc(N3CCC(C(=O)NCc4cc(F)cc(F)c4)CC3)n2)cc(N2CCCCC2=O)c1,7.7464023,-5.9110785
850,mol384,-12.25,COc1ccc(-c2ncc(C(=O)O)c(=O)[nH]2)cc1-c1ccc(C(=O)N[C@@H](C)c2cccc(C(=O)O)c2)cc1,COc1ccc(-c2ncc(C(=O)O)c(=O)[nH]2)cc1-c1ccc(C(=O)N[C@@H](C)c2cccc(C(=O)O)c2)cc1,6.917842,-5.484872
920,mol241,-12.25,Cc1ccccc1C(=O)Nc1ccc(C(=O)Nc2cccc(Oc3ccncc3)c2)cc1,Cc1ccccc1C(=O)Nc1ccc(C(=O)Nc2cccc(Oc3ccncc3)c2)cc1,6.193087,-6.654393
630,mol232,-12.25,COc1ccc(C(=O)Nc2cccc(Nc3ccnc4cc(Cl)ccc34)c2)cc1,COc1ccc(C(=O)Nc2cccc(Nc3ccnc4cc(Cl)ccc34)c2)cc1,6.0635724,-6.5288877
870,mol8,-12.25,CC(C)C(=O)Nc1ccc(-c2ccc(NC(=O)c3ccc4[nH]ccc4c3)cc2C(=O)O)cc1,CC(C)C(=O)Nc1ccc(-c2ccc(NC(=O)c3ccc4[nH]ccc4c3)cc2C(=O)O)cc1,6.2152843,-5.7716937
480,mol485,-12.25,NC(=O)c1ccc(Nc2nccc(-c3cnc4ccccc4c3)n2)cc1,NC(=O)c1ccc(Nc2nccc(-c3cnc4ccccc4c3)n2)cc1,6.4007835,-4.3736463
480,mol137,-12.25,C[C@@H](COc1cccc(-c2nnn[nH]2)c1)[C@H]1CC[C@@H](C(=O)Nc2cc(F)ccc2Oc2cc(F)c(F)cc2F)CC1,C[C@@H](COc1cccc(-c2nnn[nH]2)c1)[C@H]1CC[C@@H](C(=O)Nc2cc(F)ccc2Oc2cc(F)c(F)cc2F)CC1,6.7143645,-7.2561946
370,mol328,-12.25,Cc1cc(Nc2ncnc(-c3ccc(CC(=O)NO)cc3)n2)ccc1C(=O)NO,Cc1cc(Nc2ncnc(-c3ccc(CC(=O)NO)cc3)n2)ccc1C(=O)NO,7.0966377,-3.8933306
380,mol6,-12.25,Cc1ccc(NC(=O)c2ccc(C(N)=O)cc2)cc1Nc1nccc(-c2cccnc2)n1,Cc1ccc(NC(=O)c2ccc(C(N)=O)cc2)cc1Nc1nccc(-c2cccnc2)n1,6.6458664,-5.4558434
930,mol26,-12.25,Cc1cc(Oc2ccc(-c3ncc4ccccc4n3)cc2)cc(-c2cc(C(=O)O)ccn2)c1,Cc1cc(Oc2ccc(-c3ncc4ccccc4n3)cc2)cc(-c2cc(C(=O)O)ccn2)c1,6.315156,-6.3689146
290,mol186,-12.25,Cc1cc(C(=O)Nc2ccc(Oc3ccc(NC(=O)C4CC4)cc3)cc2)ccc1OC(C(F)(F)F)C(F)(F)F,Cc1cc(C(=O)Nc2ccc(Oc3ccc(NC(=O)C4CC4)cc3)cc2)ccc1OC(C(F)(F)F)C(F)(F)F,6.637594,-7.0509186
930,mol327,-12.25,C[C@@H](NC(=O)c1ccc(-c2ccncc2)cc1)c1cccc(-c2ccccc2)c1,C[C@@H](NC(=O)c1ccc(-c2ccncc2)cc1)c1cccc(-c2ccccc2)c1,5.913655,-5.909113
330,mol397,-12.25,Cc1c(-c2nc(Nc3cccc(OC(=O)NC4CCCCC4)c3)ncc2F)ccc2[nH]ccc12,Cc1c(-c2nc(Nc3cccc(OC(=O)NC4CCCCC4)c3)ncc2F)ccc2[nH]ccc12,7.267289,-6.598472
380,mol155,-12.25,Cc1cc(-c2cccc(C(=O)Nc3ccc4c(c3)CC[NH2+]C4)c2)sc1C(=O)NCCCNCc1ccccc1,Cc1cc(-c2cccc(C(=O)Nc3ccc4c(c3)CC[NH2+]C4)c2)sc1C(=O)NCCCNCc1ccccc1,6.40719,-4.3088503
200,mol316,-12.25,Cc1ccc(NC(=O)c2ccc(-c3nc(C4CCCCC4)c(-c4cccc(C(=O)O)c4)o3)cc2)cc1,Cc1ccc(NC(=O)c2ccc(-c3nc(C4CCCCC4)c(-c4cccc(C(=O)O)c4)o3)cc2)cc1,6.4633365,-6.323793
990,mol300,-12.25,COc1ccccc1-c1ccc(C(=O)Nc2cccc(-c3ccc4nncn4n3)c2)cc1,COc1ccccc1-c1ccc(C(=O)Nc2cccc(-c3ccc4nncn4n3)c2)cc1,5.576307,-6.490737
850,mol21,-12.25,Cc1ccc(C(=O)Nc2ccc(Oc3ccncc3)cc2C(=O)O)cc1NC(=O)c1ccc(-n2cccc2)cc1,Cc1ccc(C(=O)Nc2ccc(Oc3ccncc3)cc2C(=O)O)cc1NC(=O)c1ccc(-n2cccc2)cc1,6.7060285,-6.3003035
550,mol465,-12.25,Cc1ccc(Nc2nccc(-c3cccnc3)n2)cc1Nc1nccc(-c2cccnc2)n1,Cc1ccc(Nc2nccc(-c3cccnc3)n2)cc1Nc1nccc(-c2cccnc2)n1,6.6587615,-5.938396
410,mol38,-12.25,Cc1ccc(NC(=O)c2cccc(-n3cccn3)c2)cc1Nc1ncnc2ccccc12,Cc1ccc(NC(=O)c2cccc(-n3cccn3)c2)cc1Nc1ncnc2ccccc12,6.3446107,-5.6829042
970,mol496,-12.25,Cc1cccc(C(=O)Nc2cccc(-c3cccc(OCc4ccccc4)c3)c2)c1,Cc1cccc(C(=O)Nc2cccc(-c3cccc(OCc4ccccc4)c3)c2)c1,5.7739286,-6.9553766
540,mol89,-12.25,C[C@@H](NC(=O)c1ccc(-c2ccc3c(=O)[nH+]c(N)[nH]c3n2)cc1)C(=O)Nc1ccccc1,C[C@@H](NC(=O)c1ccc(-c2ccc3c(=O)[nH+]c(N)[nH]c3n2)cc1)C(=O)Nc1ccccc1,6.451526,-4.6971855
480,mol111,-12.25,CC(=O)Nc1cccc(-c2cccc(-c3nc4ccccc4[nH]3)c2)c1,CC(=O)Nc1cccc(-c2cccc(-c3nc4ccccc4[nH]3)c2)c1,6.030424,-6.2168217
720,mol16,-12.25,Cc1cc(Nc2nccc(-c3ccnc(-c4cn[nH]c4)c3)n2)cc(C)c1C,Cc1cc(Nc2nccc(-c3ccnc(-c4cn[nH]c4)c3)n2)cc(C)c1C,6.6013756,-4.7509947
610,mol106,-12.25,Cc1ccc(O)cc1NC(=O)c1ccc(CNS(=O)(=O)c2ccc(Oc3ccccc3)cc2)cc1,Cc1ccc(O)cc1NC(=O)c1ccc(CNS(=O)(=O)c2ccc(Oc3ccccc3)cc2)cc1,6.126144,-6.644843
600,mol131,-12.25,Cc1ccc(C(=O)Nc2ccc(S(O)(O)O)c3cc(S(O)(O)O)ccc23)cc1NC(=O)c1ccccc1O,Cc1ccc(C(=O)Nc2ccc(S(O)(O)O)c3cc(S(O)(O)O)ccc23)cc1NC(=O)c1ccccc1O,6.437746,-6.3939977
510,mol172,-12.25,Cc1ncc(Cc2cccc(C(=O)Nc3ccccc3NCc3cccnc3)c2)cc1NC(=O)c1cnccn1,Cc1ncc(Cc2cccc(C(=O)Nc3ccccc3NCc3cccnc3)c2)cc1NC(=O)c1cnccn1,6.5754437,-6.192365
1000,mol92,-12.25,COc1cccc(-c2ccc(O)c(C(=O)c3ccc(C(=O)O)cc3)c2)c1,COc1cccc(-c2ccc(O)c(C(=O)c3ccc(C(=O)O)cc3)c2)c1,6.374194,-5.2369175
440,mol493,-12.25,Cc1cccc(C(=O)c2cc(-c3ccc(S(=O)(=O)NC(C)(C)C)cc3)ccc2O)c1,Cc1cccc(C(=O)c2cc(-c3ccc(S(=O)(=O)NC(C)(C)C)cc3)ccc2O)c1,6.38041,-5.8772964
680,mol450,-12.25,CC(=O)Nc1cccc(NC(=O)c2ccc(-c3c[nH]c4ccccc34)cc2)c1,CC(=O)Nc1cccc(NC(=O)c2ccc(-c3c[nH]c4ccccc34)cc2)c1,6.213909,-6.3908877
390,mol56,-12.25,Cc1occc1C(=O)Nc1ccc(-c2nnc(Nc3ccc4ccccc4c3)s2)cc1,Cc1occc1C(=O)Nc1ccc(-c2nnc(Nc3ccc4ccccc4c3)s2)cc1,5.8091254,-6.5859084
990,mol154,-12.25,Cc1ccccc1-c1ccc(Oc2cccc(NC(=O)c3cc4ccccc4o3)c2)cc1C(=O)O,Cc1ccccc1-c1ccc(Oc2cccc(NC(=O)c3cc4ccccc4o3)c2)cc1C(=O)O,6.524045,-6.523943
270,mol383,-12.25,Cc1cc(N)c(N)cc1-c1ccc(C(=O)N2CCN(c3nccc(C(F)(F)F)n3)CC2)cc1,Cc1cc(N)c(N)cc1-c1ccc(C(=O)N2CCN(c3nccc(C(F)(F)F)n3)CC2)cc1,6.9063973,-4.44281
440,mol314,-12.25,NC(N)c1ccc(OCCCCc2ccc(NC(=O)c3ccc(/C=C\c4ccc(C(=O)O)cc4)cc3C(=O)O)cc2)cc1,NC(N)c1ccc(OCCCCc2ccc(NC(=O)c3ccc(/C=C\c4ccc(C(=O)O)cc4)cc3C(=O)O)cc2)cc1,6.637185,-6.0694838
950,mol177,-12.25,COc1cccc(-c2cccc(C(=O)Nc3cccc(-c4ccccc4)c3)c2)c1,COc1cccc(-c2cccc(C(=O)Nc3cccc(-c4ccccc4)c3)c2)c1,5.7645392,-6.8831778
510,mol188,-12.25,Nc1ccc(C(=O)Nc2ccc(Oc3ccnc4cc(OC[C@](O)(C[PH](O)(O)O)[C@H](N)[NH3+])ccc34)cc2)cc1,Nc1ccc(C(=O)Nc2ccc(Oc3ccnc4cc(OC[C@](O)(C[PH](O)(O)O)[C@H](N)[NH3+])ccc34)cc2)cc1,6.903741,-3.6503065
900,mol193,-12.25,Cc1ccc(-c2cc(C(=O)Nc3cccc(-c4ccncc4)c3)ccn2)cc1,Cc1ccc(-c2cc(C(=O)Nc3cccc(-c4ccncc4)c3)ccn2)cc1,5.979862,-5.82819
300,mol369,-12.25,CN(c1ccc(-c2ccccc2)cc1)S(=O)(=O)c1ccc(NCc2ccncc2)cc1,CN(c1ccc(-c2ccccc2)cc1)S(=O)(=O)c1ccc(NCc2ccncc2)cc1,5.806658,-6.0715756
730,mol243,-12.25,Cc1ccc(C(=O)Nc2ccc(S(=O)(=O)NCc3ccc4ncccc4c3)cc2)cc1,Cc1ccc(C(=O)Nc2ccc(S(=O)(=O)NCc3ccc4ncccc4c3)cc2)cc1,5.8800936,-5.452991
510,mol165,-12.25,Cc1cc(C#N)cc(-c2cccc(CCC(=O)Nc3cccc(C(=O)O)c3)c2)c1,Cc1cc(C#N)cc(-c2cccc(CCC(=O)Nc3cccc(C(=O)O)c3)c2)c1,6.8271174,-5.5576816
880,mol128,-12.25,Cc1cccc(NC(=O)Nc2ccc(Nc3ccnc4ccccc34)cc2)c1,Cc1cccc(NC(=O)Nc2ccc(Nc3ccnc4ccccc34)cc2)c1,6.2413626,-6.0667806
280,mol442,-12.25,Cc1cc(Nc2cc(NCCC(=O)O)cc(C(F)(F)F)c2)ccc1Nc1ccnc(-c2ccccn2)n1,Cc1cc(Nc2cc(NCCC(=O)O)cc(C(F)(F)F)c2)ccc1Nc1ccnc(-c2ccccn2)n1,5.9904532,-5.7906876
380,mol375,-12.25,Cc1cc(C(=O)O)cc(C(=O)Nc2cncc(Oc3cccc(NC(=O)C4CCCCC4)c3)c2)c1,Cc1cc(C(=O)O)cc(C(=O)Nc2cncc(Oc3cccc(NC(=O)C4CCCCC4)c3)c2)c1,6.812484,-6.416618
600,mol100,-12.25,Cc1ccc(C(=O)Nc2ccc(C[N@H+]3CC[N@@H+](C)CC3)c(C(F)(F)F)c2)cc1NC(=O)c1ccc(-c2ccccn2)s1,Cc1ccc(C(=O)Nc2ccc(C[N@H+]3CC[N@@H+](C)CC3)c(C(F)(F)F)c2)cc1NC(=O)c1ccc(-c2ccccn2)s1,6.6840715,-4.376431
990,mol186,-12.25,COc1ccccc1Nc1cc[nH]c(=O)c1C(=O)Nc1ccc(OCc2cccc(C(=O)NCc3ccc(C(=O)O)cc3)c2)cc1,COc1ccccc1Nc1cc[nH]c(=O)c1C(=O)Nc1ccc(OCc2cccc(C(=O)NCc3ccc(C(=O)O)cc3)c2)cc1,6.615327,-6.455432
620,mol48,-12.25,Cc1ccc(C(=O)Nc2ccc(NC(=O)c3ccccc3N)cc2C(=O)O)cc1,Cc1ccc(C(=O)Nc2ccc(NC(=O)c3ccccc3N)cc2C(=O)O)cc1,6.465139,-6.0057554
740,mol364,-12.25,Cc1ccc(C(=O)Nc2ccc(S(=O)(=O)Nc3ccc4nnc(N)nc4c3)cc2)cc1,Cc1ccc(C(=O)Nc2ccc(S(=O)(=O)Nc3ccc4nnc(N)nc4c3)cc2)cc1,6.1441946,-4.7641263
230,mol285,-12.25,Cc1ccc(C(=O)Nc2cc(C(F)(F)F)ccc2N2CCOCC2)cc1NC(=O)c1cnn(-c2ccccc2Cl)c1,Cc1ccc(C(=O)Nc2cc(C(F)(F)F)ccc2N2CCOCC2)cc1NC(=O)c1cnn(-c2ccccc2Cl)c1,6.9667206,-6.5969253
820,mol109,-12.25,Cc1ccc(C(=O)Nc2ccc(S(O)(O)C(F)(F)F)cc2)cc1NC(=O)Nc1ccc(N2CCOCC2)cc1,Cc1ccc(C(=O)Nc2ccc(S(O)(O)C(F)(F)F)cc2)cc1NC(=O)Nc1ccc(N2CCOCC2)cc1,6.785155,-5.8496103
720,mol252,-12.25,Cc1ccc(C(=O)Nc2ccc(F)c(Cn3ncc4cc(C)c(C)nc43)c2)cc1,Cc1ccc(C(=O)Nc2ccc(F)c(Cn3ncc4cc(C)c(C)nc43)c2)cc1,6.6340246,-5.225089
930,mol139,-12.25,Cc1c(NC(=O)c2cccc(C(C)(C)C)c2)ccc(-c2ncnc(Nc3ccccc3)n2)c1F,Cc1c(NC(=O)c2cccc(C(C)(C)C)c2)ccc(-c2ncnc(Nc3ccccc3)n2)c1F,6.351295,-6.736936
990,mol14,-12.25,CCC(=O)Nc1ccccc1-c1ccc(C(=O)c2ccc(-c3ccccc3)cc2)cc1,CCC(=O)Nc1ccccc1-c1ccc(C(=O)c2ccc(-c3ccccc3)cc2)cc1,5.9526114,-7.0153155
910,mol121,-12.25,C[C@@H](Nc1cccc(-c2nc3cc(C(N)=O)ccc3o2)c1F)c1ccccc1,C[C@@H](Nc1cccc(-c2nc3cc(C(N)=O)ccc3o2)c1F)c1ccccc1,6.5979285,-5.665999
330,mol100,-12.25,Cc1c(Cl)cccc1Nc1cccc(-c2nc3cc(C(N)N)ccc3[nH]2)c1,Cc1c(Cl)cccc1Nc1cccc(-c2nc3cc(C(N)N)ccc3[nH]2)c1,6.373032,-5.908446
940,mol366,-12.25,CCC(=O)Nc1cccc(-c2cc(Nc3ccnn3-c3cccc(C(=O)c4ccccc4)c3)ncn2)c1,CCC(=O)Nc1cccc(-c2cc(Nc3ccnn3-c3cccc(C(=O)c4ccccc4)c3)ncn2)c1,6.1072307,-6.011833
590,mol58,-12.25,Cc1ccc(C(=O)Nc2ccc(C(=O)NCc3cccnc3)cc2)cc1NC(=O)c1ccccc1C(=O)O,Cc1ccc(C(=O)Nc2ccc(C(=O)NCc3cccnc3)cc2)cc1NC(=O)c1ccccc1C(=O)O,6.544467,-5.425969
790,mol367,-12.25,CS(=O)(=O)c1cccc(C(=O)Nc2cccc(Nc3ccnc4ccccc34)c2)c1,CS(=O)(=O)c1cccc(C(=O)Nc2cccc(Nc3ccnc4ccccc34)c2)c1,6.1449633,-5.1622496
450,mol459,-12.25,Cc1ccc(Nc2ncnc(Nc3ccc4ccccc4c3)n2)cc1Cl,Cc1ccc(Nc2ncnc(Nc3ccc4ccccc4c3)n2)cc1Cl,6.5664196,-5.941338
530,mol276,-12.25,C[C@@H](Oc1cccc(-c2cccc(NC(=O)Cc3ccccc3)c2)c1)C(=O)O,C[C@@H](Oc1cccc(-c2cccc(NC(=O)Cc3ccccc3)c2)c1)C(=O)O,6.937535,-4.930525
530,mol264,-12.25,Cc1ccc(C(=O)Nc2ccc(S(=O)(=O)N(C)CCN3CCCCC3)cc2)cc1Nc1ncnn2cc(C(=O)NCc3ccccc3)cc12,Cc1ccc(C(=O)Nc2ccc(S(=O)(=O)N(C)CCN3CCCCC3)cc2)cc1Nc1ncnn2cc(C(=O)NCc3ccccc3)cc12,7.233344,-5.9146914
800,mol482,-12.25,CC(=O)Nc1ccc(Oc2ncnc(Nc3cccc(C(=O)Nc4cccc(C(=O)O)c4)c3)n2)cc1,CC(=O)Nc1ccc(Oc2ncnc(Nc3cccc(C(=O)Nc4cccc(C(=O)O)c4)c3)n2)cc1,6.554687,-6.08539
490,mol460,-12.25,COc1ccc(Nc2ncc(Nc3cccc(C(=O)Nc4cccc(C(=O)O)c4)c3)c(N)n2)cc1,COc1ccc(Nc2ncc(Nc3cccc(C(=O)Nc4cccc(C(=O)O)c4)c3)c(N)n2)cc1,6.017876,-5.883267
360,mol357,-12.24,Cc1ccc(NC(=O)c2ccc(CC(=O)NCc3ccc4ccccc4n3)cc2)cc1,Cc1ccc(NC(=O)c2ccc(CC(=O)NCc3ccc4ccccc4n3)cc2)cc1,5.8094535,-5.689152
460,mol447,-12.24,Cc1ccc(CNC(=O)c2cccc(Cc3ccnc(Nc4cc(C)ccn4)c3)c2)cc1,Cc1ccc(CNC(=O)c2cccc(Cc3ccnc(Nc4cc(C)ccn4)c3)c2)cc1,6.384151,-6.2277346
90,mol302,-12.24,Cc1ccc(NC(=O)c2ccc(C(=O)NCc3ccccc3)o2)cc1Nc1ncnc2cnc(NCCc3cccc[n+]3[O-])nc12,Cc1ccc(NC(=O)c2ccc(C(=O)NCc3ccccc3)o2)cc1Nc1ncnc2cnc(NCCc3cccc[n+]3[O-])nc12,6.8917427,-4.406809
750,mol394,-12.24,Cc1ccc(C(=O)Nc2ccc(S(O)(O)N[N+](=O)[O-])cc2)cc1Nc1ncnc2ccccc12,Cc1ccc(C(=O)Nc2ccc(S(O)(O)N[N+](=O)[O-])cc2)cc1Nc1ncnc2ccccc12,6.773743,-6.5579967
90,mol316,-12.24,Cc1noc(C)c1-c1cc(Nc2cc(C#N)cc([C@@]3(C)[NH2+]CC[C@H]3C(=O)Nc3cccc(C(F)(F)F)c3)c2)ccn1,Cc1noc(C)c1-c1cc(Nc2cc(C#N)cc([C@@]3(C)[NH2+]CC[C@H]3C(=O)Nc3cccc(C(F)(F)F)c3)c2)ccn1,7.126018,-6.3977594
780,mol442,-12.24,CC(=O)Nc1cccc(-c2ccnc(Nc3ccc4ccccc4c3)n2)c1,CC(=O)Nc1cccc(-c2ccnc(Nc3ccc4ccccc4c3)n2)c1,6.474015,-5.6235156
420,mol246,-12.24,Cc1ccc(Oc2ccc(NC(=O)c3ccc(C)c(NC(=O)c4ccccc4)c3)cc2)cc1,Cc1ccc(Oc2ccc(NC(=O)c3ccc(C)c(NC(=O)c4ccccc4)c3)cc2)cc1,6.0828323,-7.232666
920,mol9,-12.24,CN(c1ccc(-c2ccc(CC(=O)O)cc2C(=O)O)cc1)S(=O)(=O)c1ccc(C(=O)O)cc1,CN(c1ccc(-c2ccc(CC(=O)O)cc2C(=O)O)cc1)S(=O)(=O)c1ccc(C(=O)O)cc1,6.9805436,-4.133259
420,mol310,-12.24,COc1cccc(Nc2nccc(Nc3cccc(C(=O)Nc4cccc(C(=O)O)c4)c3)n2)c1,COc1cccc(Nc2nccc(Nc3cccc(C(=O)Nc4cccc(C(=O)O)c4)c3)n2)c1,6.132197,-6.1769013
470,mol145,-12.24,CC(C)(C)c1ccc(-c2ccc(C(=O)Nc3ccc4ccccc4c3)cc2C(=O)O)cc1,CC(C)(C)c1ccc(-c2ccc(C(=O)Nc3ccc4ccccc4c3)cc2C(=O)O)cc1,6.33348,-6.23264
850,mol452,-12.24,CSc1ccc(-c2ccc(S(=O)(=O)NCc3cccc(-c4ccccc4)c3)cc2)cc1,CSc1ccc(-c2ccc(S(=O)(=O)NCc3cccc(-c4ccccc4)c3)cc2)cc1,6.0714035,-7.037192
460,mol366,-12.24,Cc1ccc(-c2nc(COc3cccc(NC(=O)Nc4cccc(C(F)(F)F)c4)c3)cs2)cc1,Cc1ccc(-c2nc(COc3cccc(NC(=O)Nc4cccc(C(F)(F)F)c4)c3)cs2)cc1,6.22235,-7.381371
920,mol219,-12.24,Cc1ccc(C(=O)Nc2ccc(-c3cc4ccccc4o3)cc2)cc1,Cc1ccc(C(=O)Nc2ccc(-c3cc4ccccc4o3)cc2)cc1,6.0342755,-6.328598
90,mol339,-12.24,Cc1c(CNC(=O)c2cc(NC(=O)Cc3ccc(C(N)N)cc3)cnc2N)ccc2c1C(=O)N[C@H]2N,Cc1c(CNC(=O)c2cc(NC(=O)Cc3ccc(C(N)N)cc3)cnc2N)ccc2c1C(=O)N[C@H]2N,6.876496,-3.5879107
570,mol422,-12.24,CN(Cc1cnc2nc(N)nc(N)c2n1)c1ccc(C(=O)Nc2ccc(NC(=O)OS(C)(=O)=O)cc2)cc1,CN(Cc1cnc2nc(N)nc(N)c2n1)c1ccc(C(=O)Nc2ccc(NC(=O)OS(C)(=O)=O)cc2)cc1,6.664425,-4.09776
160,mol71,-12.24,Cc1cc(NC(=S)NCCNC(=O)c2cc(C(=O)O)ccc2F)cc(C(=O)N2CCC(Cc3ccccc3)CC2)c1,Cc1cc(NC(=S)NCCNC(=O)c2cc(C(=O)O)ccc2F)cc(C(=O)N2CCC(Cc3ccccc3)CC2)c1,7.1967287,-5.078734
430,mol373,-12.24,Nc1ccc(C(=O)Nc2cccc(Oc3ccc4[nH]c(C(=O)O)cc4c3)c2)cc1,Nc1ccc(C(=O)Nc2cccc(Oc3ccc4[nH]c(C(=O)O)cc4c3)c2)cc1,6.5555053,-5.8262653
200,mol330,-12.24,CN(C)c1ccc(Cc2ccc(NC(=O)c3ccc(Cc4ccc(Cl)c(Cl)c4)o3)cc2)cc1,CN(C)c1ccc(Cc2ccc(NC(=O)c3ccc(Cc4ccc(Cl)c(Cl)c4)o3)cc2)cc1,6.2533035,-6.851985
560,mol273,-12.24,CC(=O)Nc1ccc(Oc2ccnc(Nc3cccc(-c4ccccc4)c3)n2)cc1,CC(=O)Nc1ccc(Oc2ccnc(Nc3cccc(-c4ccccc4)c3)n2)cc1,6.1679506,-6.569869
540,mol75,-12.24,Cc1ccccc1CNc1cc2c(cc1C)C=C[C@@H](NC(=O)c1ccccc1F)C2,Cc1ccccc1CNc1cc2c(cc1C)C=C[C@@H](NC(=O)c1ccccc1F)C2,6.35261,-6.020418
770,mol448,-12.24,CN(c1ccc(F)c(NC(=O)c2ccc(C(N)N)cc2C#N)c1)S(=O)(=O)c1ccc(-n2cccc2)cc1,CN(c1ccc(F)c(NC(=O)c2ccc(C(N)N)cc2C#N)c1)S(=O)(=O)c1ccc(-n2cccc2)cc1,7.085662,-5.827681
590,mol257,-12.24,CN(Cc1ccc(Cl)cc1)C(=O)c1ccc(NC(=O)c2ccccc2NC(=O)c2cccc(NC(=O)c3ccc(Cl)cc3)c2)cc1,CN(Cc1ccc(Cl)cc1)C(=O)c1ccc(NC(=O)c2ccccc2NC(=O)c2cccc(NC(=O)c3ccc(Cl)cc3)c2)cc1,6.368399,-6.790755
880,mol371,-12.24,Cc1c(C(=O)NCc2cccc(C(=O)O)n2)cccc1-c1nc2cc(Cl)c(Cl)cc2[nH]1,Cc1c(C(=O)NCc2cccc(C(=O)O)n2)cccc1-c1nc2cc(Cl)c(Cl)cc2[nH]1,7.0254517,-5.469604
290,mol43,-12.24,CC(=O)Nc1ccc(NC(=O)c2cccc(-n3ccccc3=O)c2C(=O)O)cc1,CC(=O)Nc1ccc(NC(=O)c2cccc(-n3ccccc3=O)c2C(=O)O)cc1,6.53182,-3.980844
310,mol331,-12.24,Cn1cc(-c2cccc(C(N)=O)c2)c(-c2ccc(-c3ccc(CNC(=O)c4cnccn4)cc3)cc2)n1,Cn1cc(-c2cccc(C(N)=O)c2)c(-c2ccc(-c3ccc(CNC(=O)c4cnccn4)cc3)cc2)n1,5.924889,-5.763941
220,mol158,-12.24,Cn1c(Nc2cccc(C(F)(F)F)c2)nc2cc(C(=O)Nc3cc(C(=O)N[C@H](CCc4ccccc4)C(=O)O)ccn3)ccc21,Cn1c(Nc2cccc(C(F)(F)F)c2)nc2cc(C(=O)Nc3cc(C(=O)N[C@H](CCc4ccccc4)C(=O)O)ccn3)ccc21,6.897257,-5.9930544
590,mol183,-12.24,COc1cc(OC)c(N2CC[NH+](C)CC2)cc1NC(=O)Nc1cccc(C(=O)N2CCC[C@@H](c3ccccc3)C2)c1,COc1cc(OC)c(N2CC[NH+](C)CC2)cc1NC(=O)Nc1cccc(C(=O)N2CCC[C@@H](c3ccccc3)C2)c1,7.148707,-4.311057
450,mol492,-12.24,Nc1ccc(C(=O)Nc2ccc(Oc3ccc(-c4ncccc4C(F)(F)F)cc3)cc2)cc1,Nc1ccc(C(=O)Nc2ccc(Oc3ccc(-c4ncccc4C(F)(F)F)cc3)cc2)cc1,6.169554,-6.754778
860,mol294,-12.24,COc1ccc(C(=O)NCc2ccc(C(=O)Nc3ccc(C(=O)c4ccccc4)cc3)cc2)cc1,COc1ccc(C(=O)NCc2ccc(C(=O)Nc3ccc(C(=O)c4ccccc4)cc3)cc2)cc1,5.6299014,-6.3845205
310,mol415,-12.24,Cc1cc(OCCCc2c(C(=O)O)[nH]c3cc(-c4ccc(S(C)(=O)=O)cc4)ccc23)ccc1CC[N@@H+](C)CCCNc1ccnc2cc(Br)ccc12,Cc1cc(OCCCc2c(C(=O)O)[nH]c3cc(-c4ccc(S(C)(=O)=O)cc4)ccc23)ccc1CC[N@@H+](C)CCCNc1ccnc2cc(Br)ccc12,6.23013,-4.9664717
340,mol135,-12.24,Cc1nc2ccc(C(=O)Nc3ccc(C(=O)c4cnc5ccccc5c4)cc3)cc2s1,Cc1nc2ccc(C(=O)Nc3ccc(C(=O)c4cnc5ccccc5c4)cc3)cc2s1,6.089581,-6.5839777
130,mol18,-12.24,Cc1ccc(CNC(=O)c2cccc(Cn3cc(Nc4ccnc5cc(Cl)ccc45)cn3)c2)o1,Cc1ccc(CNC(=O)c2cccc(Cn3cc(Nc4ccnc5cc(Cl)ccc45)cn3)c2)o1,6.3504977,-5.723643
950,mol112,-12.24,CNC(=O)Nc1cccc(Oc2nccc(Oc3cccc(NC(=O)c4ccccc4OC)c3)n2)c1,CNC(=O)Nc1cccc(Oc2nccc(Oc3cccc(NC(=O)c4ccccc4OC)c3)n2)c1,6.3738217,-7.101516
520,mol165,-12.24,Cc1ccc(C(=O)Nc2cccc(C(C)(C)C)c2)cc1Nc1nccc(-c2cccnc2)n1,Cc1ccc(C(=O)Nc2cccc(C(C)(C)C)c2)cc1Nc1nccc(-c2cccnc2)n1,6.5277033,-6.244013
950,mol445,-12.24,Cc1ccccc1-c1ccc(C(=O)n2nnc3ccccc32)cc1,Cc1ccccc1-c1ccc(C(=O)n2nnc3ccccc32)cc1,6.325171,-5.946102
660,mol48,-12.24,Cc1ccc(NC(=O)c2ccc(C[N@H+]3CC[N@H+](C)CC3)cc2)cc1-c1ccc2nc(N)nc(N)c2n1,Cc1ccc(NC(=O)c2ccc(C[N@H+]3CC[N@H+](C)CC3)cc2)cc1-c1ccc2nc(N)nc(N)c2n1,7.221973,-2.8127782
130,mol365,-12.24,Cc1cccc(Nc2cc(-c3cccc(C(=O)c4ccccc4)c3)nc3nc(N)ccc23)c1,Cc1cccc(Nc2cc(-c3cccc(C(=O)c4ccccc4)c3)nc3nc(N)ccc23)c1,6.029842,-6.570925
500,mol105,-12.24,NC(N)c1ccc(S(=O)(=O)c2cc3c(Nc4ccc(NC(=O)c5cccc(F)c5)cc4)ncnc3s2)cc1,NC(N)c1ccc(S(=O)(=O)c2cc3c(Nc4ccc(NC(=O)c5cccc(F)c5)cc4)ncnc3s2)cc1,6.7050734,-5.625472
390,mol333,-12.24,Cc1ccc(Nc2ncc3ccc(-c4cccc(C(=O)O)c4)nc3n2)cc1,Cc1ccc(Nc2ncc3ccc(-c4cccc(C(=O)O)c4)nc3n2)cc1,6.6021795,-4.765359
240,mol269,-12.24,Cc1ccc2c(Nc3ccc(NC(=O)c4ccc(C(=O)O)cc4)cc3)cccc2n1,Cc1ccc2c(Nc3ccc(NC(=O)c4ccc(C(=O)O)cc4)cc3)cccc2n1,6.3216076,-5.5925117
300,mol44,-12.24,Cc1ccc(-c2ccnc(Nc3ccc(Oc4ccccc4)cc3)n2)cc1,Cc1ccc(-c2ccnc(Nc3ccc(Oc4ccccc4)cc3)n2)cc1,5.8983946,-6.801511
720,mol193,-12.24,Cc1ccc(NC(=O)c2cccc(NC(=O)Cc3ccccc3)c2)cc1NC(=O)Cc1ccccc1,Cc1ccc(NC(=O)c2cccc(NC(=O)Cc3ccccc3)c2)cc1NC(=O)Cc1ccccc1,6.134596,-6.8500295
200,mol439,-12.24,Cc1ncc(C[NH+]2CCN(c3ccc(C(=O)NCc4cccc(C(=O)Nc5ccccc5)c4)cc3)CC2)s1,Cc1ncc(C[NH+]2CCN(c3ccc(C(=O)NCc4cccc(C(=O)Nc5ccccc5)c4)cc3)CC2)s1,6.878732,-4.5165987
410,mol418,-12.24,Cc1ccc(C(=O)Nc2cc(C(F)(F)F)ccc2N2CCOCC2)cc1-c1ccc2nc(N)ncc2c1,Cc1ccc(C(=O)Nc2cc(C(F)(F)F)ccc2N2CCOCC2)cc1-c1ccc2nc(N)ncc2c1,6.822556,-6.1305537
290,mol460,-12.24,Cc1ccc(Cc2cc(N3CCc4cc(C(=O)NO)ccc43)[nH]n2)cc1,Cc1ccc(Cc2cc(N3CCc4cc(C(=O)NO)ccc43)[nH]n2)cc1,6.3124824,-3.872068
1000,mol436,-12.24,Nc1ccc(-c2cccc(-c3ccc(OCc4ccccc4)cc3)c2)cc1,Nc1ccc(-c2cccc(-c3ccc(OCc4ccccc4)cc3)c2)cc1,5.825641,-7.034914
550,mol408,-12.24,Cc1cc(Nc2nccc(Nc3ccc4ccccc4c3)n2)cc(C)c1NC(=O)c1ccc(O)c(CCC(=O)O)c1,Cc1cc(Nc2nccc(Nc3ccc4ccccc4c3)n2)cc(C)c1NC(=O)c1ccc(O)c(CCC(=O)O)c1,6.8164287,-5.875995
640,mol320,-12.24,Cc1ccc(NC(=O)c2cccc(C(F)(F)F)c2)cc1Nc1ccnc(-c2cccnc2)n1,Cc1ccc(NC(=O)c2cccc(C(F)(F)F)c2)cc1Nc1ccnc(-c2cccnc2)n1,6.339573,-6.302038
410,mol98,-12.24,Nc1cncc(-c2cccnc2Oc2ccc(Nc3ccc4ccccc4n3)cc2)c1,Nc1cncc(-c2cccnc2Oc2ccc(Nc3ccc4ccccc4n3)cc2)c1,6.352039,-6.069782
10,mol410,-12.24,C(=C/[C@H]1CCCCN1)/c1nc2cc(OCc3cccc(-c4ccccc4)c3)ccc2o1,C(=C/[C@H]1CCCCN1)/c1nc2cc(OCc3cccc(-c4ccccc4)c3)ccc2o1,6.3463454,-6.958729
1000,mol398,-12.24,Cc1ccc(-c2nc(C(=O)NCCNC(=O)c3ccc(C)c(C(=O)Nc4ccccc4)c3)c[nH]2)cc1,Cc1ccc(-c2nc(C(=O)NCCNC(=O)c3ccc(C)c(C(=O)Nc4ccccc4)c3)c[nH]2)cc1,6.204681,-5.464766
10,mol198,-12.24,C[C@@H](NC(=O)c1cccc(N2CC[NH+](CC(=O)Nc3cc(C(=O)NO)ccc3Cl)CC2)c1)c1ccc(F)cc1,C[C@@H](NC(=O)c1cccc(N2CC[NH+](CC(=O)Nc3cc(C(=O)NO)ccc3Cl)CC2)c1)c1ccc(F)cc1,7.1838093,-3.7136185
400,mol249,-12.24,Cc1cccc(-c2nc(C(=O)NCc3ccc(C(=O)N[C@H](Cc4ccc(O)cc4)C(=O)O)cc3)co2)c1,Cc1cccc(-c2nc(C(=O)NCc3ccc(C(=O)N[C@H](Cc4ccc(O)cc4)C(=O)O)cc3)co2)c1,6.407147,-5.0483875
200,mol165,-12.24,c1ccc(-c2ccc(CNc3ccc(CNc4cc(-c5ccccc5)n[nH]4)cc3)cc2)cc1,c1ccc(-c2ccc(CNc3ccc(CNc4cc(-c5ccccc5)n[nH]4)cc3)cc2)cc1,5.7243123,-6.41153
850,mol477,-12.24,Cc1ccc(C(=O)Nc2ccc(S(O)(O)O)c3cc(S(O)(O)O)ccc23)cc1NC(=O)c1ccc(O)cc1,Cc1ccc(C(=O)Nc2ccc(S(O)(O)O)c3cc(S(O)(O)O)ccc23)cc1NC(=O)c1ccc(O)cc1,6.7430406,-5.9583764
790,mol221,-12.24,Cn1cc(C(=O)NCc2ccccc2)cc1-c1ccnc(Nc2ccc(C(=O)c3ccccc3)cc2)n1,Cn1cc(C(=O)NCc2ccccc2)cc1-c1ccnc(Nc2ccc(C(=O)c3ccccc3)cc2)n1,5.792686,-6.040455
650,mol130,-12.24,Cc1ccnc(Nc2nccc(-c3ccc4ccccc4c3)n2)c1,Cc1ccnc(Nc2nccc(-c3ccc4ccccc4c3)n2)c1,6.263522,-5.0357485
380,mol157,-12.24,Cc1ccc(NC(=O)c2cccc(-c3c[nH]c4ncccc34)c2)cc1C(F)(F)F,Cc1ccc(NC(=O)c2cccc(-c3c[nH]c4ncccc34)c2)cc1C(F)(F)F,6.2995644,-6.313531
180,mol374,-12.24,CN(CCOc1ccc(-c2ccc(-c3ccc(C(=O)O)cc3Cl)cc2Cl)cc1)C(=O)O,CN(CCOc1ccc(-c2ccc(-c3ccc(C(=O)O)cc3Cl)cc2Cl)cc1)C(=O)O,6.223612,-5.926135
290,mol107,-12.24,c1ccc(-c2cccc(-c3nc(-c4ccccc4)c[nH]3)c2)cc1,c1ccc(-c2cccc(-c3nc(-c4ccccc4)c[nH]3)c2)cc1,5.966532,-6.216508
550,mol169,-12.24,Cc1ccc(Nc2nc(Nc3ccccc3)nc(Nc3ccc4ncccc4c3)n2)cc1NC(=O)c1cccs1,Cc1ccc(Nc2nc(Nc3ccccc3)nc(Nc3ccc4ncccc4c3)n2)cc1NC(=O)c1cccs1,6.4395795,-6.5346045
410,mol455,-12.24,Nc1ncccc1NCc1cnc(-c2cccc(C(=O)Nc3cccc4ccccc34)c2)o1,Nc1ncccc1NCc1cnc(-c2cccc(C(=O)Nc3cccc4ccccc34)c2)o1,5.968064,-6.1344666
720,mol400,-12.23,Cc1ccc(NC(=O)c2ccc(C(=O)NCc3cccnc3)cc2)cc1Nc1ncnn2cc(C(=O)c3ccccc3)cc12,Cc1ccc(NC(=O)c2ccc(C(=O)NCc3cccnc3)cc2)cc1Nc1ncnn2cc(C(=O)c3ccccc3)cc12,6.7526407,-6.4621625
440,mol213,-12.23,Cc1cc(Nc2ccc(C(=O)O)c(C(F)(F)F)c2)ccc1Nc1nccc(-c2cccnc2)n1,Cc1cc(Nc2ccc(C(=O)O)c(C(F)(F)F)c2)ccc1Nc1nccc(-c2cccnc2)n1,6.51241,-6.0221186
770,mol331,-12.23,Cc1cc(CC(=O)O)ccc1NC(=O)c1ccc(C)c(-c2cccc(C(=O)O)c2)c1,Cc1cc(CC(=O)O)ccc1NC(=O)c1ccc(C)c(-c2cccc(C(=O)O)c2)c1,7.1295443,-5.1621666
990,mol350,-12.23,Cc1ccc(C(=O)Nc2cccc(-c3ccc(Oc4ccccc4)cc3)c2)cc1,Cc1ccc(C(=O)Nc2cccc(-c3ccc(Oc4ccccc4)cc3)c2)cc1,5.942024,-7.2615633
450,mol91,-12.23,NC(N)c1cccc(-c2cnc(NCc3cccc(C(=O)Nc4cccc([N+](=O)[O-])c4)c3)s2)c1,NC(N)c1cccc(-c2cnc(NCc3cccc(C(=O)Nc4cccc([N+](=O)[O-])c4)c3)s2)c1,6.4567785,-5.973451
860,mol471,-12.23,COc1ccccc1-c1cccc(Nc2nc(OCCCc3ccccc3)nc(Sc3cccc(C(=O)NCc4cc(C)nc(Nc5ccccc5)n4)c3)n2)c1,COc1ccccc1-c1cccc(Nc2nc(OCCCc3ccccc3)nc(Sc3cccc(C(=O)NCc4cc(C)nc(Nc5ccccc5)n4)c3)n2)c1,6.6252356,-6.879231
720,mol310,-12.23,Cc1ccccc1Cc1cccc(NC(=O)CCC(=O)Nc2nc3ccccc3o2)c1,Cc1ccccc1Cc1cccc(NC(=O)CCC(=O)Nc2nc3ccccc3o2)c1,6.2259097,-6.73175
330,mol472,-12.23,Cc1ccc(C(=O)Nc2cccc(C(=O)Nc3ccc4cnccc4c3)c2)cc1,Cc1ccc(C(=O)Nc2cccc(C(=O)Nc3ccc4cnccc4c3)c2)cc1,6.318926,-5.704805
60,mol132,-12.23,Nc1nccc(Cc2ccc(CCc3nc(Nc4ccc(C(F)(F)F)cc4)ccc3Cl)cc2)n1,Nc1nccc(Cc2ccc(CCc3nc(Nc4ccc(C(F)(F)F)cc4)ccc3Cl)cc2)n1,6.4152794,-6.849697
200,mol229,-12.23,Cc1c(NC(=O)c2ccc(C#CCC(=O)N3CCCC3)cc2)cccc1-c1nc2c(cc1C(=O)Nc1cccc(C(F)(F)F)c1)[nH]c1ccccc12,Cc1c(NC(=O)c2ccc(C#CCC(=O)N3CCCC3)cc2)cccc1-c1nc2c(cc1C(=O)Nc1cccc(C(F)(F)F)c1)[nH]c1ccccc12,6.755249,-6.739032
910,mol418,-12.23,Cc1cc(C)c(Nc2ncc(Cl)c(-c3c[nH]c4ccccc34)n2)c(C)c1,Cc1cc(C)c(Nc2ncc(Cl)c(-c3c[nH]c4ccccc34)n2)c(C)c1,6.726631,-6.3243566
70,mol446,-12.23,Cc1cc(N)cc(C(=O)Nc2ccc(Nc3nccc(-c4cccnc4)n3)cc2)c1,Cc1cc(N)cc(C(=O)Nc2ccc(Nc3nccc(-c4cccnc4)n3)cc2)c1,6.479849,-5.0843053
260,mol253,-12.23,Cc1ccc(NC(=O)c2ccc(Cc3ccccc3N)cc2)cc1Nc1nc(-c2cccnc2)cs1,Cc1ccc(NC(=O)c2ccc(Cc3ccccc3N)cc2)cc1Nc1nc(-c2cccnc2)cs1,6.3394094,-6.343752
460,mol317,-12.23,Cc1cccc(Nc2cc(-c3cc4ccc(Cl)cc4oc3=O)ccc2C(=O)O)c1,Cc1cccc(Nc2cc(-c3cc4ccc(Cl)cc4oc3=O)ccc2C(=O)O)c1,6.6788945,-6.7975593
110,mol360,-12.23,Cc1ccc(NC(=O)c2ccc(-c3ccc(-c4ccccc4Cl)nc3)o2)cc1N1C(=O)CCC1=O,Cc1ccc(NC(=O)c2ccc(-c3ccc(-c4ccccc4Cl)nc3)o2)cc1N1C(=O)CCC1=O,6.5611825,-7.1804976
460,mol429,-12.23,Cc1ccc(NC(=O)c2cccc(C(=O)NCc3ccccc3)c2)cc1Nc1nccc2ccc(N)cc12,Cc1ccc(NC(=O)c2cccc(C(=O)NCc3ccccc3)c2)cc1Nc1nccc2ccc(N)cc12,6.246812,-5.993396
650,mol252,-12.23,CCc1ccc(NC(=O)c2cccc(CNC(=O)c3ccc4ccccc4n3)c2)cc1,CCc1ccc(NC(=O)c2cccc(CNC(=O)c3ccc4ccccc4n3)c2)cc1,5.9966345,-6.110986
410,mol189,-12.23,CCc1ccc(C(=O)Nc2ccc(Oc3ccc4ccccc4c3)cc2Cl)cc1,CCc1ccc(C(=O)Nc2ccc(Oc3ccc4ccccc4c3)cc2Cl)cc1,6.0223017,-7.3772593
900,mol54,-12.23,C[C@@H](Oc1cc(-c2cnn(C3CCN(C(=O)Cn4cc(-c5ccccc5)nn4)CC3)c2)ccn1)c1ccccc1,C[C@@H](Oc1cc(-c2cnn(C3CCN(C(=O)Cn4cc(-c5ccccc5)nn4)CC3)c2)ccn1)c1ccccc1,6.5958343,-5.204198
140,mol442,-12.23,c1ccc(COc2ccc(Nc3nccc(-c4cccc(-c5ccncc5)c4)n3)cc2)cc1,c1ccc(COc2ccc(Nc3nccc(-c4cccc(-c5ccncc5)c4)n3)cc2)cc1,5.835441,-7.0269113
130,mol265,-12.23,Cc1ccc(-c2ccc3c(c2)CCCN3C(=O)COc2cccc(C(=O)O)c2)s1,Cc1ccc(-c2ccc3c(c2)CCCN3C(=O)COc2cccc(C(=O)O)c2)s1,6.757292,-5.169329
890,mol32,-12.23,CC(=O)Nc1cccc(-c2ccc(=O)n(CCNC(=O)Nc3ccc(Oc4ccccc4)cc3)n2)c1,CC(=O)Nc1cccc(-c2ccc(=O)n(CCNC(=O)Nc3ccc(Oc4ccccc4)cc3)n2)c1,6.3355727,-5.6765165
40,mol120,-12.23,c1ccc(CCc2cccc(-c3ccnc(-c4ccccc4)n3)c2)cc1,c1ccc(CCc2cccc(-c3ccnc(-c4ccccc4)n3)c2)cc1,5.978863,-6.564983
900,mol287,-12.23,COc1cc(CC(=O)Nc2ccc([C@@H](C)Nc3nccc(Nc4ccccc4)n3)cc2)cc(N2CCS(=O)(=O)CC2)c1,COc1cc(CC(=O)Nc2ccc([C@@H](C)Nc3nccc(Nc4ccccc4)n3)cc2)cc(N2CCS(=O)(=O)CC2)c1,6.7353153,-5.780427
520,mol119,-12.23,COc1ccc(CNC(=O)c2ccc(C)c(Nc3ncnc4ccc(NC(=O)NC(C)C)cc34)c2)cc1,COc1ccc(CNC(=O)c2ccc(C)c(Nc3ncnc4ccc(NC(=O)NC(C)C)cc34)c2)cc1,6.420449,-6.4050946
290,mol269,-12.23,Cc1cc(C(=O)Nc2ccc(C(=O)O)c(Oc3cccc4ccccc34)c2)ccc1O,Cc1cc(C(=O)Nc2ccc(C(=O)O)c(Oc3cccc4ccccc34)c2)ccc1O,6.5141993,-6.2751384
680,mol110,-12.23,CCc1ccc(C(=O)NCc2cccnc2)cc1S(=O)(=O)Nc1cccc(S(=O)(=O)Nc2ccc3ccccc3c2)c1,CCc1ccc(C(=O)NCc2cccnc2)cc1S(=O)(=O)Nc1cccc(S(=O)(=O)Nc2ccc3ccccc3c2)c1,6.0268207,-5.24018
390,mol470,-12.23,Cc1ccccc1-c1ccc(C(=O)Nc2cccc(C(=O)O)c2)cc1O,Cc1ccccc1-c1ccc(C(=O)Nc2cccc(C(=O)O)c2)cc1O,6.564037,-4.325309
110,mol164,-12.23,Cc1cc(NC(=O)c2ccc(C(=O)Nc3ccccc3N)cc2)cc(-c2ccccc2)c1,Cc1cc(NC(=O)c2ccc(C(=O)Nc3ccccc3N)cc2)cc(-c2ccccc2)c1,6.095494,-7.0782437
860,mol463,-12.23,Cn1cc(Nc2ncc(-c3ccnc(Nc4cccc(C(=O)N5CCOCC5)c4)n3)cn2)cn1,Cn1cc(Nc2ncc(-c3ccnc(Nc4cccc(C(=O)N5CCOCC5)c4)n3)cn2)cn1,6.767948,-3.7601476
500,mol330,-12.23,Cc1cc(Nc2nccc(Nc3ccc4ccccc4c3)n2)ccc1N,Cc1cc(Nc2nccc(Nc3ccc4ccccc4c3)n2)ccc1N,6.345092,-5.5342007
240,mol103,-12.23,Cc1cnc(-c2cnc3ccc(NC(=O)c4cccc(C(=O)Nc5ccccc5C#N)c4)cc3c2)cc1C#N,Cc1cnc(-c2cnc3ccc(NC(=O)c4cccc(C(=O)Nc5ccccc5C#N)c4)cc3c2)cc1C#N,6.631963,-6.260776
500,mol160,-12.23,[H][S@TB1](=O)(O)(O)c1ccc(NC(=O)c2ccc(C)c(Nc3ncnc4nc[nH]c34)c2)cc1,[H][S@TB1](=O)(O)(O)c1ccc(NC(=O)c2ccc(C)c(Nc3ncnc4nc[nH]c34)c2)cc1,6.4890547,-4.2692556
670,mol112,-12.23,Cc1cc(C(=O)Nc2ccc(-c3ccccc3)cc2N)ccc1O,Cc1cc(C(=O)Nc2ccc(-c3ccccc3)cc2N)ccc1O,6.81279,-4.627839
300,mol167,-12.23,C[C@H](Nc1nc(Nc2cccc(C(F)(F)F)c2)ccc1F)C(=O)Nc1ccc(N2CCOCC2)cc1,C[C@H](Nc1nc(Nc2cccc(C(F)(F)F)c2)ccc1F)C(=O)Nc1ccc(N2CCOCC2)cc1,6.731237,-6.0556293
240,mol333,-12.23,CC(=O)Nc1cccc(-c2cccc(NC(=O)c3ccc4ccccc4n3)c2)c1,CC(=O)Nc1cccc(-c2cccc(NC(=O)c3ccc4ccccc4n3)c2)c1,6.2850275,-6.0312037
30,mol130,-12.23,c1ccc(-c2ccnc(-c3ccc(-c4ccccc4)s3)c2)cc1,c1ccc(-c2ccnc(-c3ccc(-c4ccccc4)s3)c2)cc1,6.228372,-6.481548
730,mol98,-12.23,Cc1ccccc1-n1ncc(-c2ccc(C(=O)NCc3ccccc3)cc2)c1N,Cc1ccccc1-n1ncc(-c2ccc(C(=O)NCc3ccccc3)cc2)c1N,6.3118987,-4.87899
400,mol228,-12.23,Nc1nc(-c2ccc(C(=O)O)cc2)cc(N2CCN(c3ccc(Br)cc3)CC2)n1,Nc1nc(-c2ccc(C(=O)O)cc2)cc(N2CCN(c3ccc(Br)cc3)CC2)n1,6.462228,-4.2808957
50,mol484,-12.23,Cc1cc(C)cc(Sc2cccc([C@@H](C)Nc3cc4ccccc4cc3C(N)N)c2)c1,Cc1cc(C)cc(Sc2cccc([C@@H](C)Nc3cc4ccccc4cc3C(N)N)c2)c1,6.1124835,-6.549266
890,mol351,-12.23,Cc1cc(C)c(F)c(Nc2cc(Nc3cccc(-c4ccccc4S(C)(=O)=O)c3)ncn2)c1,Cc1cc(C)c(F)c(Nc2cc(Nc3cccc(-c4ccccc4S(C)(=O)=O)c3)ncn2)c1,6.8017406,-6.534222
310,mol446,-12.23,CC#Cc1cccc(Cn2cnc(-c3ccc(NC(=O)c4cccc(C(=O)O)c4)s3)c2)c1,CC#Cc1cccc(Cn2cnc(-c3ccc(NC(=O)c4cccc(C(=O)O)c4)s3)c2)c1,6.1533566,-5.6110883
190,mol432,-12.23,NC(N)=NCCC[C@@H](c1ccc(N)cc1)c1ccc(NC(=O)c2ccc(Cc3ccccc3)cc2)cc1,NC(N)=NCCC[C@@H](c1ccc(N)cc1)c1ccc(NC(=O)c2ccc(Cc3ccccc3)cc2)cc1,5.8844414,-5.755451
380,mol5,-12.23,Cc1cn(-c2cc(NC(=O)c3ccc(C)c(Nc4nccc(-c5ccccn5)n4)c3)c(C(F)(F)F)s2)cn1,Cc1cn(-c2cc(NC(=O)c3ccc(C)c(Nc4nccc(-c5ccccn5)n4)c3)c(C(F)(F)F)s2)cn1,6.138012,-6.3288145
100,mol328,-12.23,Cc1nc(-c2ccc(C(F)(F)F)cc2)sc1NC(=O)Nc1ccc(S(=O)(=O)Nc2nccs2)cc1,Cc1nc(-c2ccc(C(F)(F)F)cc2)sc1NC(=O)Nc1ccc(S(=O)(=O)Nc2nccs2)cc1,6.870567,-6.3315153
470,mol230,-12.23,NC(=O)c1ccc(Nc2nccc(-c3ccnc(Nc4ccc(C(=O)NC5CC5)cc4)c3)n2)cc1,NC(=O)c1ccc(Nc2nccc(-c3ccnc(Nc4ccc(C(=O)NC5CC5)cc4)c3)n2)cc1,6.470592,-5.173152
780,mol495,-12.23,Cc1ccc(C(=O)Nc2ccc(S(N)(=O)=O)cc2)cc1S(=O)(=O)Nc1ccc(C(=O)O)cc1,Cc1ccc(C(=O)Nc2ccc(S(N)(=O)=O)cc2)cc1S(=O)(=O)Nc1ccc(C(=O)O)cc1,7.0546293,-3.5699613
980,mol250,-12.23,COc1ccc(-c2ccc(S(=O)(=O)C[C@@H](C)NC(=O)c3ccc4ccccc4c3)cc2)cc1,COc1ccc(-c2ccc(S(=O)(=O)C[C@@H](C)NC(=O)c3ccc4ccccc4c3)cc2)cc1,5.7867985,-6.2239623
290,mol84,-12.23,Cc1ccc(C(=O)Nc2ccc(C(=O)Nc3ccc(C(=O)N[C@@H](CCC(=O)O)C(=O)O)cc3)cc2)cc1,Cc1ccc(C(=O)Nc2ccc(C(=O)Nc3ccc(C(=O)N[C@@H](CCC(=O)O)C(=O)O)cc3)cc2)cc1,7.077545,-4.9396625
230,mol490,-12.23,Cc1ccc(-n2nc(C(=O)Nc3ccc(S(=O)(=O)NCc4ccccc4)cc3)cc2NC(=O)Nc2cccc(F)c2)cc1,Cc1ccc(-n2nc(C(=O)Nc3ccc(S(=O)(=O)NCc4ccccc4)cc3)cc2NC(=O)Nc2cccc(F)c2)cc1,6.4382997,-6.9795523
700,mol87,-12.23,Cc1ccc(CNC(=O)[C@@H](CCNc2ccc(NC(=O)Nc3ccc(Oc4ccccc4)cc3)nn2)NS(=O)(=O)c2ccc(OCc3ccccc3)cc2)cc1,Cc1ccc(CNC(=O)[C@@H](CCNc2ccc(NC(=O)Nc3ccc(Oc4ccccc4)cc3)nn2)NS(=O)(=O)c2ccc(OCc3ccccc3)cc2)cc1,6.1642423,-6.7141604
360,mol489,-12.23,Cc1ccc(NC(=O)c2cccc(-c3ccc(C(=O)N[C@H](Cc4ccccc4)C(N)=O)cc3)c2)cc1,Cc1ccc(NC(=O)c2cccc(-c3ccc(C(=O)N[C@H](Cc4ccccc4)C(N)=O)cc3)c2)cc1,5.641569,-6.2672267
560,mol461,-12.23,Cc1ccc(C(=O)Nc2cccc(-c3cccnc3)c2)cc1Nc1ncnn2cc(C(=O)NC(C)(C)C)cc12,Cc1ccc(C(=O)Nc2cccc(-c3cccnc3)c2)cc1Nc1ncnn2cc(C(=O)NC(C)(C)C)cc12,7.136821,-6.4804235
160,mol220,-12.23,Cc1nc(Nc2ncc(-c3cccc(C(=O)Nc4cncnc4)c3)[nH]2)cc(N2CC[NH+](CCC(c3ccccc3)c3ccccc3)CC2)n1,Cc1nc(Nc2ncc(-c3cccc(C(=O)Nc4cncnc4)c3)[nH]2)cc(N2CC[NH+](CCC(c3ccccc3)c3ccccc3)CC2)n1,6.800906,-5.292329
830,mol125,-12.23,Cc1ccc(C(=O)Nc2ccc(Oc3ccncc3)cc2C(=O)O)c(C(=O)O)c1,Cc1ccc(C(=O)Nc2ccc(Oc3ccncc3)cc2C(=O)O)c(C(=O)O)c1,6.691959,-5.2382474
1000,mol364,-12.23,CN(C)c1ccc(-c2ccc(Oc3ccc(Oc4ccccc4)cc3)cc2C(=O)O)cc1,CN(C)c1ccc(-c2ccc(Oc3ccc(Oc4ccccc4)cc3)cc2C(=O)O)cc1,6.393691,-6.538089
820,mol417,-12.23,Cc1ccc(C)c(-c2cc(C(=O)NCc3cccc(C(=O)Nc4cccc(C(=O)O)c4)c3)ncn2)c1,Cc1ccc(C)c(-c2cc(C(=O)NCc3cccc(C(=O)Nc4cccc(C(=O)O)c4)c3)ncn2)c1,6.736771,-5.4853525
200,mol85,-12.23,Cc1cc(=O)oc2ccc(NS(=O)(=O)c3ccc(NC(=O)c4ccccc4)cc3)cc12,Cc1cc(=O)oc2ccc(NS(=O)(=O)c3ccc(NC(=O)c4ccccc4)cc3)cc12,6.4265413,-5.66185
550,mol14,-12.23,COc1ccc(C(=O)Nc2ccc(Oc3ccc(NC(=O)[C@@H]4CCCN4C(=O)c4ccccc4)cc3)cc2)cc1,COc1ccc(C(=O)Nc2ccc(Oc3ccc(NC(=O)[C@@H]4CCCN4C(=O)c4ccccc4)cc3)cc2)cc1,5.9246125,-6.284008
750,mol143,-12.23,Cc1ccc(C(=O)Nc2cc(NC(=O)c3ccc(NC(=O)c4cccc(Cl)c4)cc3)ccn2)cc1,Cc1ccc(C(=O)Nc2cc(NC(=O)c3ccc(NC(=O)c4cccc(Cl)c4)cc3)ccn2)cc1,6.029824,-6.7872486
890,mol272,-12.23,CN(C(=O)c1ccc(-c2cnc(C(=O)OC3CCCCC3)o2)cc1)C1CCN(C(=O)CS(=O)(=O)c2ccc3ccccc3c2)CC1,CN(C(=O)c1ccc(-c2cnc(C(=O)OC3CCCCC3)o2)cc1)C1CCN(C(=O)CS(=O)(=O)c2ccc3ccccc3c2)CC1,7.303116,-5.3434415
690,mol232,-12.23,CC(=O)c1ccc(-c2cccc(OCc3ccc(/C=C/C(=O)O)cc3)c2)cc1,CC(=O)c1ccc(-c2cccc(OCc3ccc(/C=C/C(=O)O)cc3)c2)cc1,6.79431,-5.652192
900,mol417,-12.23,Cc1ccc(C(=O)Nc2ccc(Oc3ccnc(Nc4ccc(Oc5ccccc5)cc4)n3)cc2)cc1,Cc1ccc(C(=O)Nc2ccc(Oc3ccnc(Nc4ccc(Oc5ccccc5)cc4)n3)cc2)cc1,5.881998,-7.3695073
20,mol101,-12.23,CN(CCOc1ccc(-c2cccc3[nH]ccc23)cc1)C(=O)c1ccccc1,CN(CCOc1ccc(-c2cccc3[nH]ccc23)cc1)C(=O)c1ccccc1,6.345237,-5.9693937
640,mol485,-12.23,CN(Cc1cnc2nc(N)nc(N)c2n1)c1ccc(C(=O)N[C@H](Cc2ccc(O)cc2)C(=O)NCc2ccccc2Cl)cc1,CN(Cc1cnc2nc(N)nc(N)c2n1)c1ccc(C(=O)N[C@H](Cc2ccc(O)cc2)C(=O)NCc2ccccc2Cl)cc1,7.040686,-4.1904902
770,mol194,-12.22,Cc1cccc(-c2nc([C@@H](CCc3ccccc3)NC(=O)C3CCCCC3)cn2-c2ccc(NC(=O)N[C@@H](C)c3ccccc3)cc2)c1,Cc1cccc(-c2nc([C@@H](CCc3ccccc3)NC(=O)C3CCCCC3)cn2-c2ccc(NC(=O)N[C@@H](C)c3ccccc3)cc2)c1,6.136802,-6.2649612
840,mol213,-12.22,CCn1cc(-c2ccc(C(=O)Nc3cccc(-c4ccccc4C(N)N)c3)cc2)cn1,CCn1cc(-c2ccc(C(=O)Nc3cccc(-c4ccccc4C(N)N)c3)cc2)cn1,6.140129,-5.268955
260,mol372,-12.22,Cc1ccccc1Nc1nc(Nc2ccc(C(=O)NCCCc3ccc(C(=O)O)cc3)cc2)cc(N2CCC(NS(=O)(=O)c3ccccc3)CC2)n1,Cc1ccccc1Nc1nc(Nc2ccc(C(=O)NCCCc3ccc(C(=O)O)cc3)cc2)cc(N2CCC(NS(=O)(=O)c3ccccc3)CC2)n1,6.5245953,-5.6596093
840,mol248,-12.22,Cc1ccccc1-c1ccc(-c2c[nH]c3nc(N)c(C(=O)NCc4ccccc4)cc23)cc1,Cc1ccccc1-c1ccc(-c2c[nH]c3nc(N)c(C(=O)NCc4ccccc4)cc23)cc1,5.9181123,-6.68339
800,mol236,-12.22,Cc1ccc(S(=O)(=O)Nc2cccc(-c3ccc4c(c3)COC4)c2)cc1,Cc1ccc(S(=O)(=O)Nc2cccc(-c3ccc4c(c3)COC4)c2)cc1,6.1707215,-5.4555902
830,mol373,-12.22,NC(=O)c1ccc(NC(=O)Cc2ccc(NC(=O)c3cc4ccccc4o3)cc2)cc1,NC(=O)c1ccc(NC(=O)Cc2ccc(NC(=O)c3cc4ccccc4o3)cc2)cc1,6.1021137,-5.9988966
750,mol390,-12.22,Cc1ccc(CO)cc1Nc1nccc(-c2cnc3ccccc3c2)n1,Cc1ccc(CO)cc1Nc1nccc(-c2cnc3ccccc3c2)n1,6.8935776,-4.401417
240,mol385,-12.22,Cc1ccc(Nc2cc(C(=O)O)cc(-c3cccc(-c4ccccc4Sc4ccccc4)c3)n2)cc1,Cc1ccc(Nc2cc(C(=O)O)cc(-c3cccc(-c4ccccc4Sc4ccccc4)c3)n2)cc1,6.2537265,-6.414635
260,mol278,-12.22,Cc1[nH]c(NC(=O)c2cccc(C(=O)Nc3ccc(Oc4ccncc4)cc3)c2)cc1C(=O)O,Cc1[nH]c(NC(=O)c2cccc(C(=O)Nc3ccc(Oc4ccncc4)cc3)c2)cc1C(=O)O,6.470245,-6.2894855
260,mol235,-12.22,c1ccc(Oc2cccc(-c3cccc(-c4cc[nH]n4)c3)c2)cc1,c1ccc(Oc2cccc(-c3cccc(-c4cc[nH]n4)c3)c2)cc1,6.1131487,-6.3865666
860,mol407,-12.22,CNC(=O)c1ccc(-c2cccc(C(=O)NCCNc3ccnc4ccccc34)c2)cc1,CNC(=O)c1ccc(-c2cccc(C(=O)NCCNc3ccnc4ccccc34)c2)cc1,5.9050126,-4.5764036
850,mol148,-12.22,COc1cc(Nc2nccc(Nc3cccc(C(=O)NCc4cccc(-c5ccccc5)c4)c3)n2)cc(OC)c1,COc1cc(Nc2nccc(Nc3cccc(C(=O)NCc4cccc(-c5ccccc5)c4)c3)n2)cc(OC)c1,5.8111386,-6.8760877
260,mol377,-12.22,Cc1ccc(-c2ccc(Cc3cc4c(NCc5ccccc5)ncnc4[nH]3)cc2)cc1,Cc1ccc(-c2ccc(Cc3cc4c(NCc5ccccc5)ncnc4[nH]3)cc2)cc1,5.6946797,-6.651274
260,mol476,-12.22,Cc1cc(Nc2cc(Nc3ccc(C(=O)Nc4ccccc4)cc3)ncn2)ccc1N,Cc1cc(Nc2cc(Nc3ccc(C(=O)Nc4ccccc4)cc3)ncn2)ccc1N,6.5020275,-6.274299
210,mol150,-12.22,c1ccc(-c2cccc(Nc3cc(-c4ccccc4)n[nH]3)c2)cc1,c1ccc(-c2cccc(Nc3cc(-c4ccccc4)n[nH]3)c2)cc1,6.019422,-5.7575397
840,mol189,-12.22,COc1ccc(NC(=O)c2ccc(C(F)(F)F)cc2)cc1-c1ccc2c(-c3ccncc3)cccc2c1,COc1ccc(NC(=O)c2ccc(C(F)(F)F)cc2)cc1-c1ccc2c(-c3ccncc3)cccc2c1,5.675391,-6.7460475
840,mol76,-12.22,CS(=O)(=O)Nc1ccc(NC(=O)c2ccc(C(=O)c3ccccc3)cc2)cc1Nc1ccc(Nc2ccnc3cc(N)ccc23)c(-c2ccccc2)c1,CS(=O)(=O)Nc1ccc(NC(=O)c2ccc(C(=O)c3ccccc3)cc2)cc1Nc1ccc(Nc2ccnc3cc(N)ccc23)c(-c2ccccc2)c1,6.462456,-6.278285
440,mol424,-12.22,Cc1ccc(S(=O)(=O)Nc2ccc(-c3ccc(N4CCCC4)cc3)cc2C(=O)O)cc1,Cc1ccc(S(=O)(=O)Nc2ccc(-c3ccc(N4CCCC4)cc3)cc2C(=O)O)cc1,6.2371883,-5.1103945
370,mol16,-12.22,Cc1cccc(Nc2cccc(-c3nc(Nc4ccc(C(=O)O)cc4)cs3)c2)c1,Cc1cccc(Nc2cccc(-c3nc(Nc4ccc(C(=O)O)cc4)cs3)c2)c1,6.583773,-5.892024
470,mol47,-12.22,Cc1ccc([C@H](C)Nc2nccc(Nc3ccc4c(C#N)cccc4c3)n2)cc1,Cc1ccc([C@H](C)Nc2nccc(Nc3ccc4c(C#N)cccc4c3)n2)cc1,6.623887,-6.1235666
620,mol179,-12.22,CCC(=O)Nc1cccc(-c2[nH]nc3cc(-c4cccc(C#N)c4)ccc23)c1,CCC(=O)Nc1cccc(-c2[nH]nc3cc(-c4cccc(C#N)c4)ccc23)c1,6.048938,-6.3230085
400,mol283,-12.22,NC(=O)Cc1cccc(NC(=O)CCCc2cccc(NC(=O)CCNC(=O)c3ccc4ccccc4n3)c2)c1,NC(=O)Cc1cccc(NC(=O)CCCc2cccc(NC(=O)CCNC(=O)c3ccc4ccccc4n3)c2)c1,6.493503,-5.4883766
350,mol18,-12.22,CC(=O)Nc1ccc(-c2cc(Nc3ccnc(Nc4ccc5c(c4)OCCO5)n3)c[nH]2)cc1,CC(=O)Nc1ccc(-c2cc(Nc3ccnc(Nc4ccc5c(c4)OCCO5)n3)c[nH]2)cc1,6.551797,-5.6939178
540,mol159,-12.22,Cc1ccc(Nc2nccc(-c3ccnc(N)n3)n2)cc1Nc1ccnc2ccccc12,Cc1ccc(Nc2nccc(-c3ccnc(N)n3)n2)cc1Nc1ccnc2ccccc12,6.5668054,-5.889732
610,mol487,-12.22,CC(=O)Nc1cccc(Oc2ccnc(Nc3ccc(C(=O)O)c(NC(=O)c4ccccc4)c3)n2)c1,CC(=O)Nc1cccc(Oc2ccnc(Nc3ccc(C(=O)O)c(NC(=O)c4ccccc4)c3)n2)c1,6.4741125,-6.125759
600,mol404,-12.22,Cc1ccc(Cl)c(COc2ccc(Nc3cccc4cc(C(=O)O)ccc34)cc2)c1,Cc1ccc(Cl)c(COc2ccc(Nc3cccc4cc(C(=O)O)ccc34)cc2)c1,6.669856,-6.769056
910,mol352,-12.22,Cc1c(Oc2ccccc2OCCn2ccc(=O)n(CC(=O)O)c2=O)ccc(C(=O)NC[C@H](O)[C@H](O)C(=O)NCc2ccc(Oc3ccccc3)cc2)c1O,Cc1c(Oc2ccccc2OCCn2ccc(=O)n(CC(=O)O)c2=O)ccc(C(=O)NC[C@H](O)[C@H](O)C(=O)NCc2ccc(Oc3ccccc3)cc2)c1O,6.662397,-3.8121362
320,mol116,-12.22,Cc1nc(N)ccc1NC(=O)Nc1ccc(Oc2ccnc(Nc3ccc(N4CCOCC4)cc3F)n2)cc1,Cc1nc(N)ccc1NC(=O)Nc1ccc(Oc2ccnc(Nc3ccc(N4CCOCC4)cc3F)n2)cc1,6.7942376,-6.454522
930,mol39,-12.22,Cc1c(CNc2ccc(C(=O)O)cn2)ccc2ccc(-c3ccccc3)cc12,Cc1c(CNc2ccc(C(=O)O)cn2)ccc2ccc(-c3ccccc3)cc12,6.4678116,-6.1746345
560,mol225,-12.22,NC(N)c1ccc(F)c(COc2ccc(CCc3cc4ccc(Cl)cc4[nH]3)cc2)c1,NC(N)c1ccc(F)c(COc2ccc(CCc3cc4ccc(Cl)cc4[nH]3)cc2)c1,6.355164,-6.6787114
350,mol72,-12.22,Cc1ccc(C(=O)Nc2cccc(C(=O)c3cc4ccccc4o3)c2)cc1,Cc1ccc(C(=O)Nc2cccc(C(=O)c3cc4ccccc4o3)c2)cc1,6.157757,-6.4026413
140,mol227,-12.22,CC[C@@H](C)Nc1cc(-c2ccc(C(=O)NCC(=O)Nc3ccc4ncccc4c3)cc2)cc(-c2cccnc2)c1,CC[C@@H](C)Nc1cc(-c2ccc(C(=O)NCC(=O)Nc3ccc4ncccc4c3)cc2)cc(-c2cccnc2)c1,6.3156796,-5.4006376
410,mol294,-12.22,Nc1ccc(C(=O)O)cc1NC(=O)c1ccc(-c2ccc(C(=O)C(F)(F)F)cc2)cc1,Nc1ccc(C(=O)O)cc1NC(=O)c1ccc(-c2ccc(C(=O)C(F)(F)F)cc2)cc1,6.671765,-6.131062
330,mol260,-12.22,Cc1ccc(-c2nc(N)c(C(=O)Nc3ccccc3C(F)(F)F)s2)cc1,Cc1ccc(-c2nc(N)c(C(=O)Nc3ccccc3C(F)(F)F)s2)cc1,6.2341323,-5.826607
490,mol21,-12.22,CCc1nc(N)nc(N)c1-c1ccc(NCCNc2ccnc3cc(C(=O)N(C)C)ccc23)cc1,CCc1nc(N)nc(N)c1-c1ccc(NCCNc2ccnc3cc(C(=O)N(C)C)ccc23)cc1,6.459749,-3.6680858
890,mol61,-12.22,Cc1ccc(-n2nc(C(C)(C)C)cc2NC(=O)NCc2ccccc2)cc1NC(=O)c1ccc(-c2cccc(C(=O)O)c2)s1,Cc1ccc(-n2nc(C(C)(C)C)cc2NC(=O)NCc2ccccc2)cc1NC(=O)c1ccc(-c2cccc(C(=O)O)c2)s1,6.853619,-6.4394894
900,mol203,-12.22,Cc1ccc(C(=O)Nc2ccc(-c3cc4cc[nH]c(=O)c4[nH]3)cc2)cc1,Cc1ccc(C(=O)Nc2ccc(-c3cc4cc[nH]c(=O)c4[nH]3)cc2)cc1,6.1169977,-5.6870685
190,mol294,-12.22,Cc1ccc(C(=O)Nc2ccc(C[NH+]3CCN(c4ncccn4)CC3)c(C(F)(F)F)c2)cc1C#Cc1ccc(N)nc1,Cc1ccc(C(=O)Nc2ccc(C[NH+]3CCN(c4ncccn4)CC3)c(C(F)(F)F)c2)cc1C#Cc1ccc(N)nc1,6.9830346,-4.161743
170,mol458,-12.22,O=C(Nc1ccccc1)c1ccc(NCc2nc(-c3ccccc3Cl)sc2-c2ccccc2)cc1,O=C(Nc1ccccc1)c1ccc(NCc2nc(-c3ccccc3Cl)sc2-c2ccccc2)cc1,5.7533774,-6.1391635
680,mol443,-12.22,CC(=O)Nc1cccc(NC(=O)Cc2cccc(NC(=O)Nc3ccccc3C(=O)O)c2)c1,CC(=O)Nc1cccc(NC(=O)Cc2cccc(NC(=O)Nc3ccccc3C(=O)O)c2)c1,6.495627,-5.9232283
320,mol143,-12.22,Cc1cc(C(=O)Nc2ccc(C(=O)Nc3ccccc3)cc2C(=O)O)ccc1O,Cc1cc(C(=O)Nc2ccc(C(=O)Nc3ccccc3)cc2C(=O)O)ccc1O,6.6499367,-5.5751343
410,mol313,-12.22,Cn1c(Cc2ccc(C(=O)O)o2)nc2cc(NC(=O)c3ccc4ccccc4c3)ccc21,Cn1c(Cc2ccc(C(=O)O)o2)nc2cc(NC(=O)c3ccc4ccccc4c3)ccc21,6.5650434,-5.312947
300,mol374,-12.22,c1ccc(-c2ccc(Nc3nccc(-c4cccnc4)n3)cc2)cc1,c1ccc(-c2ccc(Nc3nccc(-c4cccnc4)n3)cc2)cc1,6.124438,-5.2375803
350,mol291,-12.22,CN(C)c1ccc(-c2cccc3c(-c4cccc(Cl)c4)ccnc23)cn1,CN(C)c1ccc(-c2cccc3c(-c4cccc(Cl)c4)ccnc23)cn1,6.1720896,-6.1366024
630,mol329,-12.22,Cc1cccc(C(=O)Nc2cnc(Oc3cccc(C(=O)c4cccc(C(=O)O)c4)c3)s2)c1,Cc1cccc(C(=O)Nc2cnc(Oc3cccc(C(=O)c4cccc(C(=O)O)c4)c3)s2)c1,6.2657094,-6.728347
410,mol254,-12.22,CCN(Cc1ccccc1)C(=O)c1ccc(-c2ccc(CNc3nc4ccccc4n3C(C)=O)cc2)cc1,CCN(Cc1ccccc1)C(=O)c1ccc(-c2ccc(CNc3nc4ccccc4n3C(C)=O)cc2)cc1,5.5419106,-5.9250717
710,mol234,-12.22,CNC(=O)c1ccc(Nc2ncc(-c3ccnc(-c4ccccc4Cl)n3)cn2)cc1,CNC(=O)c1ccc(Nc2ncc(-c3ccnc(-c4ccccc4Cl)n3)cn2)cc1,6.5884347,-5.3924193
450,mol420,-12.22,Cc1cc(C(=O)N2CC(=O)Nc3ccccc32)ccc1Nc1ccc2c(c1)OCC[N+](C)(C)C2,Cc1cc(C(=O)N2CC(=O)Nc3ccccc32)ccc1Nc1ccc2c(c1)OCC[N+](C)(C)C2,6.2904058,-4.9991407
900,mol138,-12.22,CCS(=O)(=O)c1ccc(Cc2cccc(Oc3cccc(OCc4cccc(C(=O)O)c4)c3)c2)cc1,CCS(=O)(=O)c1ccc(Cc2cccc(Oc3cccc(OCc4cccc(C(=O)O)c4)c3)c2)cc1,6.1680813,-6.5147552
900,mol107,-12.22,Cc1ccc(C(=O)NCc2cccc(-c3cccc(C(=O)O)c3)c2)cc1,Cc1ccc(C(=O)NCc2cccc(-c3cccc(C(=O)O)c3)c2)cc1,6.6833925,-4.223048
430,mol253,-12.22,Cc1cccc(-c2cccc(C(=O)c3cccc(C(=O)O)c3)c2)c1,Cc1cccc(-c2cccc(C(=O)c3cccc(C(=O)O)c3)c2)c1,6.6013193,-4.41785
900,mol146,-12.22,CC(C)(C)c1ccc(/C=N\NC(=O)c2ccc(Nc3ccnc4cc(Cl)ccc34)cc2)cc1,CC(C)(C)c1ccc(/C=N\NC(=O)c2ccc(Nc3ccnc4cc(Cl)ccc34)cc2)cc1,6.2025013,-7.0037904
380,mol209,-12.22,Cc1cc(F)ccc1Nc1nccc(Oc2ccc(C(=O)Nc3ccc(S(N)(=O)=O)cc3)cc2)n1,Cc1cc(F)ccc1Nc1nccc(Oc2ccc(C(=O)Nc3ccc(S(N)(=O)=O)cc3)cc2)n1,6.4167867,-6.038941
320,mol37,-12.22,Cc1cc(C(=O)Nc2cccc(C(F)(F)F)c2)ccc1OCc1nnc(-c2ccc(F)cc2)o1,Cc1cc(C(=O)Nc2cccc(C(F)(F)F)c2)ccc1OCc1nnc(-c2ccc(F)cc2)o1,6.458234,-6.8056474
360,mol227,-12.22,Cc1cc(Nc2nccc(Nc3ccc(C(=O)Nc4cccc(C(=O)O)c4)cc3)n2)ccc1OC(C)(C)C,Cc1cc(Nc2nccc(Nc3ccc(C(=O)Nc4cccc(C(=O)O)c4)cc3)n2)ccc1OC(C)(C)C,6.9115324,-6.038643
120,mol184,-12.22,Cc1ccc([C@@H](O)CNc2ncc(-c3cccc(C(=O)Nc4cccc(C(F)(F)F)c4)c3)cn2)cc1,Cc1ccc([C@@H](O)CNc2ncc(-c3cccc(C(=O)Nc4cccc(C(F)(F)F)c4)c3)cn2)cc1,6.1200533,-6.259773
900,mol323,-12.22,C#Cc1cccc(CCc2cccc(NC(=O)c3ccc4cc(OCC5CCCCC5)ccc4n3)c2)c1,C#Cc1cccc(CCc2cccc(NC(=O)c3ccc4cc(OCC5CCCCC5)ccc4n3)c2)c1,6.069837,-7.7590647
1000,mol200,-12.22,Cc1ccc(B(O)O)cc1C(=O)NCc1nc(Nc2cccc(C(N)N)c2)sc1C(=O)O,Cc1ccc(B(O)O)cc1C(=O)NCc1nc(Nc2cccc(C(N)N)c2)sc1C(=O)O,6.74798,-2.7876463
460,mol474,-12.22,CN(Cc1ccc(O)cc1)C(=O)c1ccc(Nc2ncc3c(=O)n(-c4ccc(Cl)c(C(F)(F)F)c4)c(=O)n(C)c3n2)cc1,CN(Cc1ccc(O)cc1)C(=O)c1ccc(Nc2ncc3c(=O)n(-c4ccc(Cl)c(C(F)(F)F)c4)c(=O)n(C)c3n2)cc1,6.8695574,-5.6066513
60,mol354,-12.22,CC(=O)N(c1ccc(Oc2ccc(N)cn2)cc1)[C@H]1C(=O)Nc2c1cnn2-c1ccccc1F,CC(=O)N(c1ccc(Oc2ccc(N)cn2)cc1)[C@H]1C(=O)Nc2c1cnn2-c1ccccc1F,6.3452973,-5.810258
700,mol454,-12.22,Nc1ccc(C(=O)NCc2cccc(C(=O)O)c2)cc1Nc1nccc(-c2cccnc2)n1,Nc1ccc(C(=O)NCc2cccc(C(=O)O)c2)cc1Nc1nccc(-c2cccnc2)n1,6.611224,-4.643364
350,mol492,-12.22,Cc1ccc(NC(=O)c2ccc(-c3ccc(C(N)N)cc3)cc2)cc1,Cc1ccc(NC(=O)c2ccc(-c3ccc(C(N)N)cc3)cc2)cc1,6.127544,-4.6644893
530,mol87,-12.22,NC(=O)c1ccc(NCc2cccc(C(=O)c3ccccc3)c2)cc1NC(=O)c1cccc(C(=O)O)c1,NC(=O)c1ccc(NCc2cccc(C(=O)c3ccccc3)c2)cc1NC(=O)c1cccc(C(=O)O)c1,5.7688503,-5.4071026
570,mol407,-12.22,CNC(=O)c1ccc(-c2ccc(C(=O)Nc3ccc(Oc4ccncc4)cc3)cc2C(=O)O)cc1,CNC(=O)c1ccc(-c2ccc(C(=O)Nc3ccc(Oc4ccncc4)cc3)cc2C(=O)O)cc1,6.3071218,-6.336371
280,mol356,-12.22,Cc1ccc(C(=O)Nc2cccc(C(=O)Nc3ccc(CO)cc3)c2)cc1Nc1ncnc2cc(Cc3ccc(NC(=O)Cc4ccccc4)cc3)c(N3CCCC3)cc12,Cc1ccc(C(=O)Nc2cccc(C(=O)Nc3ccc(CO)cc3)c2)cc1Nc1ncnc2cc(Cc3ccc(NC(=O)Cc4ccccc4)cc3)c(N3CCCC3)cc12,6.534056,-6.9558535
420,mol472,-12.22,Cc1cc(Nc2cc(N)cc(Nc3ccc4c(c3)c(C)cn4C)c2)ccc1C(=O)O,Cc1cc(Nc2cc(N)cc(Nc3ccc4c(c3)c(C)cn4C)c2)ccc1C(=O)O,6.8145413,-5.435156
670,mol152,-12.21,Cc1ccc(C(=O)Nc2ccc(B(O)O)cn2)cc1NC(=O)c1ccc(C2CCCCC2)cc1,Cc1ccc(C(=O)Nc2ccc(B(O)O)cn2)cc1NC(=O)c1ccc(C2CCCCC2)cc1,6.829758,-5.6834517
140,mol426,-12.21,Cc1cc(Oc2ccc(-c3cccc(C#N)c3)cc2F)cc(C(=O)N[C@H]2CC[C@@H](c3ccc(Nc4ccnc(NC5CCCCC5)n4)cc3)CC2)n1,Cc1cc(Oc2ccc(-c3cccc(C#N)c3)cc2F)cc(C(=O)N[C@H]2CC[C@@H](c3ccc(Nc4ccnc(NC5CCCCC5)n4)cc3)CC2)n1,6.9717035,-6.7966123
810,mol57,-12.21,CCNc1cc(C(=O)Nc2cccc(C(=O)c3cc(=O)n4ccccc4n3)c2)cc(N2CCCCC2)n1,CCNc1cc(C(=O)Nc2cccc(C(=O)c3cc(=O)n4ccccc4n3)c2)cc(N2CCCCC2)n1,6.7275968,-5.3248763
790,mol217,-12.21,Cc1ccc(C(=O)Nc2cccc(C(=O)c3ccc(C(=O)O)cc3)c2)cc1,Cc1ccc(C(=O)Nc2cccc(C(=O)c3ccc(C(=O)O)cc3)c2)cc1,6.5840435,-4.628152
620,mol83,-12.21,Cc1ccc(-c2ncc(Oc3cccc(-c4ccccc4)c3)cn2)cc1,Cc1ccc(-c2ncc(Oc3cccc(-c4ccccc4)c3)cn2)cc1,5.951366,-6.9393735
960,mol221,-12.21,CNC(=O)c1ccc(C#Cc2ccc(OCc3ccc(C(=O)NCc4ccccc4)cc3)cn2)cc1,CNC(=O)c1ccc(C#Cc2ccc(OCc3ccc(C(=O)NCc4ccccc4)cc3)cn2)cc1,6.2296042,-5.674993
950,mol421,-12.21,COc1ccc(Nc2nccc(-c3ccnc(Nc4cccc(C(N)=O)c4)c3)n2)cc1Cl,COc1ccc(Nc2nccc(-c3ccnc(Nc4cccc(C(N)=O)c4)c3)n2)cc1Cl,6.3837533,-5.8274236
520,mol336,-12.21,C#Cc1cccc(Nc2nccc(Nc3ccc4cc(C(=O)O)ccc4c3)n2)c1,C#Cc1cccc(Nc2nccc(Nc3ccc4cc(C(=O)O)ccc4c3)n2)c1,6.570531,-5.197646
910,mol450,-12.21,CCc1ccc(NC(=O)c2ccc(NC(=O)c3cc4ccccc4o3)cc2)cc1,CCc1ccc(NC(=O)c2ccc(NC(=O)c3cc4ccccc4o3)cc2)cc1,6.317383,-6.595118
750,mol380,-12.21,OC(Cc1cccc(-c2ccc3oc(CCNc4ccnc5ccccc45)cc3c2)c1)(C(F)(F)F)C(F)(F)F,OC(Cc1cccc(-c2ccc3oc(CCNc4ccnc5ccccc45)cc3c2)c1)(C(F)(F)F)C(F)(F)F,6.2011037,-6.108371
90,mol84,-12.21,CN(c1cccc(F)c1)c1ncccc1Nc1nccc(Nc2cccc3c2C(=O)NC3)n1,CN(c1cccc(F)c1)c1ncccc1Nc1nccc(Nc2cccc3c2C(=O)NC3)n1,6.2865057,-5.6455183
500,mol424,-12.21,Cc1ccc(Nc2c(F)ccc3cc(Nc4nccc(C(F)(F)F)n4)ccc23)cc1,Cc1ccc(Nc2c(F)ccc3cc(Nc4nccc(C(F)(F)F)n4)ccc23)cc1,6.658711,-6.682878
650,mol239,-12.21,Cc1ccc(CNC(=O)c2cccc(-c3cccc(C(=O)O)c3)c2)cc1,Cc1ccc(CNC(=O)c2cccc(-c3cccc(C(=O)O)c3)c2)cc1,6.721392,-4.2351093
960,mol281,-12.21,Cc1ccc(-c2ccc(CNC(=O)c3ccc(C)c(Oc4ccnc(Nc5ccccc5)c4)c3)cc2)cc1,Cc1ccc(-c2ccc(CNC(=O)c3ccc(C)c(Oc4ccnc(Nc5ccccc5)c4)c3)cc2)cc1,5.9883914,-7.2356358
950,mol34,-12.21,Cc1ccc(C[C@H](Cc2cccc(C(=O)Nc3ccc4ccccc4c3)c2)C(=O)O)cc1,Cc1ccc(C[C@H](Cc2cccc(C(=O)Nc3ccc4ccccc4c3)c2)C(=O)O)cc1,6.2238603,-6.1727514
900,mol272,-12.21,Cc1ccc(NS(=O)(=O)c2ccc(Oc3ccccc3)cc2)cc1NC(=O)c1cccc(-c2ccncc2)c1,Cc1ccc(NS(=O)(=O)c2ccc(Oc3ccccc3)cc2)cc1NC(=O)c1cccc(-c2ccncc2)c1,6.2341976,-7.030519
80,mol79,-12.21,c1ccc(Cc2cccc(-c3ccc4ccccc4n3)c2)cc1,c1ccc(Cc2cccc(-c3ccc4ccccc4n3)c2)cc1,5.864796,-6.545885
790,mol294,-12.21,CNC(=O)c1ccc(-c2cccc(C(=O)Nc3nnc(-c4ccnn4C)o3)c2)cc1,CNC(=O)c1ccc(-c2cccc(C(=O)Nc3nnc(-c4ccnn4C)o3)c2)cc1,6.1805987,-5.0932837
540,mol141,-12.21,CC(C)[C@H](NS(=O)(=O)c1ccc(-c2ccc(NC(=O)c3cc4ccccc4[nH]3)cc2)cc1)C(=O)N[C@H](CO)C(=O)NCCc1ccccc1,CC(C)[C@H](NS(=O)(=O)c1ccc(-c2ccc(NC(=O)c3cc4ccccc4[nH]3)cc2)cc1)C(=O)N[C@H](CO)C(=O)NCCc1ccccc1,6.57415,-5.3198977
510,mol50,-12.21,Cc1cccc(Cn2nnc(-c3cnc(N)c(C(=O)Nc4ccccc4)c3)n2)c1,Cc1cccc(Cn2nnc(-c3cnc(N)c(C(=O)Nc4ccccc4)c3)n2)c1,6.2719607,-4.5066476
240,mol267,-12.21,Cc1cc(Nc2cc(C(F)(F)F)cc(C(F)(F)F)c2)nn1-c1ccc(NC(=O)c2cccnc2)cc1,Cc1cc(Nc2cc(C(F)(F)F)cc(C(F)(F)F)c2)nn1-c1ccc(NC(=O)c2cccnc2)cc1,6.261596,-6.6593757
190,mol275,-12.21,Cc1ccc(S(=O)(=O)Nc2ccc(-c3cccc(-c4ccccc4)c3N)cc2)c(C#N)c1,Cc1ccc(S(=O)(=O)Nc2ccc(-c3cccc(-c4ccccc4)c3N)cc2)c(C#N)c1,6.087543,-6.952766
140,mol330,-12.21,Cc1cc(-c2ccc(NC(=O)Nc3ccccc3)cc2F)ccc1O,Cc1cc(-c2ccc(NC(=O)Nc3ccccc3)cc2F)ccc1O,6.6779313,-5.6280274
260,mol116,-12.21,Cc1ccc(-n2nc(C(=O)Nc3ccc(F)cc3C(=O)Nc3cccc(C(F)(F)F)c3)cc2-c2ccc(NC(=O)c3cccc4ccccc34)cc2)cc1,Cc1ccc(-n2nc(C(=O)Nc3ccc(F)cc3C(=O)Nc3cccc(C(F)(F)F)c3)cc2-c2ccc(NC(=O)c3cccc4ccccc34)cc2)cc1,6.4293785,-7.127746
510,mol347,-12.21,CC(=O)Nc1cccc(-c2cnc3[nH]c(-c4ccccc4)cc3c2)c1,CC(=O)Nc1cccc(-c2cnc3[nH]c(-c4ccccc4)cc3c2)c1,6.3136153,-5.5820174
950,mol314,-12.21,Cc1ccc(C(=O)Nc2ccc(Nc3ccnc4cc(NC(=O)C5CC5)ccc34)cc2)cc1,Cc1ccc(C(=O)Nc2ccc(Nc3ccnc4cc(NC(=O)C5CC5)ccc34)cc2)cc1,6.171368,-6.2457833
400,mol30,-12.21,Cc1ccc(C(=O)Nc2ccc(CNc3cccc4ccccc34)cc2)cc1,Cc1ccc(C(=O)Nc2ccc(CNc3cccc4ccccc34)cc2)cc1,5.8265724,-6.456533
50,mol104,-12.21,FC(F)(F)c1cccc(Nc2nccc(Nc3cc(-c4ccccc4)[nH]n3)n2)c1,FC(F)(F)c1cccc(Nc2nccc(Nc3cc(-c4ccccc4)[nH]n3)n2)c1,6.2753367,-6.3079605
940,mol434,-12.21,COc1ccc(C(=O)Nc2ccc(-c3ccc(C(=O)NC(C)C)cc3)cc2)cc1C(F)(F)F,COc1ccc(C(=O)Nc2ccc(-c3ccc(C(=O)NC(C)C)cc3)cc2)cc1C(F)(F)F,6.184571,-6.5568833
750,mol411,-12.21,CC(=O)Nc1cccc(-c2ccc(CNC(=O)c3ccc4cc(C(N)N)ccc4c3)cc2)c1,CC(=O)Nc1cccc(-c2ccc(CNC(=O)c3ccc4cc(C(N)N)ccc4c3)cc2)c1,6.0445313,-5.326213
750,mol47,-12.21,CC(=O)Nc1cccc(-c2csc(Nc3cccc4ccccc34)n2)c1,CC(=O)Nc1cccc(-c2csc(Nc3cccc4ccccc34)n2)c1,6.486922,-6.2642345
620,mol313,-12.21,O=C(Nc1ccccc1)Nc1ccc(-c2nc(-c3cccc(-c4ccccc4)c3)[nH]c2-c2ccccc2)cc1,O=C(Nc1ccccc1)Nc1ccc(-c2nc(-c3cccc(-c4ccccc4)c3)[nH]c2-c2ccccc2)cc1,5.895524,-6.797196
870,mol499,-12.21,Cc1ccc2c(c1)nc(CCc1cccc(CC(C)(C)CNC(=O)c3cccc4cccnc34)c1)n2C/C=C\CNS(C)(=O)=O,Cc1ccc2c(c1)nc(CCc1cccc(CC(C)(C)CNC(=O)c3cccc4cccnc34)c1)n2C/C=C\CNS(C)(=O)=O,6.786624,-5.5270805
700,mol128,-12.21,CC(=O)Nc1cccc(-c2ccc(NC(=O)[C@@H]3CCCN(C(=O)c4ccc5ccccc5c4)C3)cc2)c1,CC(=O)Nc1cccc(-c2ccc(NC(=O)[C@@H]3CCCN(C(=O)c4ccc5ccccc5c4)C3)cc2)c1,6.0647373,-6.42355
370,mol19,-12.21,Cc1ccc(C(=O)Nc2cccc(CCC(=O)O)c2)cc1-c1ccc(C(=O)N[C@@H](CCC(=O)O)C(=O)O)cc1,Cc1ccc(C(=O)Nc2cccc(CCC(=O)O)c2)cc1-c1ccc(C(=O)N[C@@H](CCC(=O)O)C(=O)O)cc1,7.282748,-5.310646
430,mol496,-12.21,Cc1ccc(NC(=O)c2cccc(C(F)(F)F)c2)cc1-c1ccnc(Nc2ccc(CO)cc2C(F)(F)F)c1,Cc1ccc(NC(=O)c2cccc(C(F)(F)F)c2)cc1-c1ccnc(Nc2ccc(CO)cc2C(F)(F)F)c1,6.744571,-6.9553823
850,mol32,-12.21,CNc1cccc(-c2ccc(C(=O)Nc3cccc(-c4nc5ccccc5[nH]4)c3)cc2)c1,CNc1cccc(-c2ccc(C(=O)Nc3cccc(-c4nc5ccccc5[nH]4)c3)cc2)c1,5.789987,-6.6507072
290,mol398,-12.21,Cc1ccc(NC(=O)c2ccc([N+](=O)[O-])o2)cc1Nc1nc(Nc2cccc(N3CCOCC3)c2)cs1,Cc1ccc(NC(=O)c2ccc([N+](=O)[O-])o2)cc1Nc1nc(Nc2cccc(N3CCOCC3)c2)cs1,6.8264346,-5.9478416
720,mol456,-12.21,C[N@H+]1CC[C@H](C(=O)NCc2cccc(NC(=O)c3ccc4ccc(Cl)cc4n3)c2)CC1,C[N@H+]1CC[C@H](C(=O)NCc2cccc(NC(=O)c3ccc4ccc(Cl)cc4n3)c2)CC1,6.9113965,-3.3342896
250,mol431,-12.21,CCc1nc(N)nc(NCc2ccc(NC(=O)c3ccc(Cl)c(Nc4ccnc(NCc5ccccc5)n4)c3)cc2)n1,CCc1nc(N)nc(NCc2ccc(NC(=O)c3ccc(Cl)c(Nc4ccnc(NCc5ccccc5)n4)c3)cc2)n1,6.5871897,-6.5307965
560,mol492,-12.21,CCc1cccc(CC)c1NC(=O)Nc1n[nH]c(-c2ccnc(Nc3ccc(C(=O)Nc4ccccc4C)cc3)c2)n1,CCc1cccc(CC)c1NC(=O)Nc1n[nH]c(-c2ccnc(Nc3ccc(C(=O)Nc4ccccc4C)cc3)c2)n1,6.9053454,-6.9413776
820,mol113,-12.21,CCc1nc(N)ncc1-c1ccc(-c2ccc(C(=O)NCc3ccccc3)cc2C(=O)O)cc1,CCc1nc(N)ncc1-c1ccc(-c2ccc(C(=O)NCc3ccccc3)cc2C(=O)O)cc1,6.415507,-4.6109734
420,mol494,-12.21,Cc1ccc(Nc2ccc(Nc3ncc(F)c(Nc4ccccc4S(=O)(=O)Nc4cccc(C(=O)O)c4)n3)cc2)cc1,Cc1ccc(Nc2ccc(Nc3ncc(F)c(Nc4ccccc4S(=O)(=O)Nc4cccc(C(=O)O)c4)n3)cc2)cc1,6.552438,-6.3317266
420,mol375,-12.21,NC(=S)Nc1cccc(Nc2nccc(-c3cccc4ccccc34)n2)c1,NC(=S)Nc1cccc(Nc2nccc(-c3cccc4ccccc34)n2)c1,6.361275,-5.621819
610,mol151,-12.21,Cc1ccc(Oc2ccc(Nc3ncc4c(C)nn(C)c4n3)cc2)cc1NC(=O)c1ccc(C(=O)O)cn1,Cc1ccc(Oc2ccc(Nc3ncc4c(C)nn(C)c4n3)cc2)cc1NC(=O)c1ccc(C(=O)O)cn1,7.2099276,-5.929725
560,mol416,-12.21,Cc1ccc(Oc2cncc(-c3ccc4ccccc4n3)n2)cc1NS(=O)(=O)c1ccc(N)cc1,Cc1ccc(Oc2cncc(-c3ccc4ccccc4n3)n2)cc1NS(=O)(=O)c1ccc(N)cc1,6.770028,-6.747742
470,mol94,-12.21,Cc1cc(CNc2nccc(Nc3cc(C4CCCC4)cnc3N)n2)ccc1OCc1cccc(C(=O)O)c1,Cc1cc(CNc2nccc(Nc3cc(C4CCCC4)cnc3N)n2)ccc1OCc1cccc(C(=O)O)c1,7.240529,-6.219167
430,mol242,-12.21,CC(=O)N(c1ccc(OCc2cc(=O)n3ccccc3n2)cc1)c1ccc(Oc2ccc(NC(N)N)cc2)cc1,CC(=O)N(c1ccc(OCc2cc(=O)n3ccccc3n2)cc1)c1ccc(Oc2ccc(NC(N)N)cc2)cc1,6.376391,-6.0640697
410,mol97,-12.21,CC(=O)N[C@@H](Cc1ccc(-c2ccc(C[N@@H+]3CCNC(=O)C3)cn2)cc1)C(=O)N[C@@H]1O[C@H](CO)[C@H](O)[C@@H](O)[C@H]1O,CC(=O)N[C@@H](Cc1ccc(-c2ccc(C[N@@H+]3CCNC(=O)C3)cn2)cc1)C(=O)N[C@@H]1O[C@H](CO)[C@H](O)[C@@H](O)[C@H]1O,7.597329,-1.4947226
870,mol133,-12.21,Cc1ccc(NCc2ccc(-c3ccc4ccccc4n3)s2)cc1NC(=O)c1ccccc1,Cc1ccc(NCc2ccc(-c3ccc4ccccc4n3)s2)cc1NC(=O)c1ccccc1,5.6877275,-6.463619
710,mol444,-12.21,CCC(=O)Nc1ccccc1NC(=O)c1ccc(NC(=O)c2ccc(C(=O)NCc3ccccc3)cc2)cc1,CCC(=O)Nc1ccccc1NC(=O)c1ccc(NC(=O)c2ccc(C(=O)NCc3ccccc3)cc2)cc1,6.149608,-6.5162225
160,mol107,-12.21,Cc1cn([C@@H]2CCC[N@H+](Cc3ccc(-c4ccc(C(=O)O)o4)cc3)C2)c(=O)[nH]c1=O,Cc1cn([C@@H]2CCC[N@H+](Cc3ccc(-c4ccc(C(=O)O)o4)cc3)C2)c(=O)[nH]c1=O,6.540655,-3.020826
110,mol128,-12.21,Clc1ccc2c(Nc3ccc(-c4nc(Cc5cccc(Br)c5)[nH]c4-c4ccccc4)cc3)ccnc2c1,Clc1ccc2c(Nc3ccc(-c4nc(Cc5cccc(Br)c5)[nH]c4-c4ccccc4)cc3)ccnc2c1,5.976455,-6.569817
920,mol32,-12.21,Cc1cccc(-c2nc(Nc3cccc(C(=O)NCC(=O)NCCOc4cccc([N+](=O)[O-])c4)c3)ncc2Cl)c1,Cc1cccc(-c2nc(Nc3cccc(C(=O)NCC(=O)NCCOc4cccc([N+](=O)[O-])c4)c3)ncc2Cl)c1,6.7835665,-6.4746575
440,mol169,-12.21,CC(=O)N1CCN(c2ccc(Nc3ncc4ncnc(Nc5cc(NC(=O)c6cccc(C(F)(F)F)c6)ccc5C)c4n3)cc2)CC1,CC(=O)N1CCN(c2ccc(Nc3ncc4ncnc(Nc5cc(NC(=O)c6cccc(C(F)(F)F)c6)ccc5C)c4n3)cc2)CC1,7.1387396,-5.4861093
970,mol63,-12.21,Cc1ccc(C(=O)c2cccc(OCc3nc(=O)c4ccccc4[nH]3)c2)cc1,Cc1ccc(C(=O)c2cccc(OCc3nc(=O)c4ccccc4[nH]3)c2)cc1,6.417161,-5.814656
580,mol104,-12.21,Cc1nc(C(=O)NCc2ccccc2Cl)sc1C(=O)Nc1ccc(NC(=O)c2ccccc2)cc1,Cc1nc(C(=O)NCc2ccccc2Cl)sc1C(=O)Nc1ccc(NC(=O)c2ccccc2)cc1,6.1626997,-6.4336295
620,mol247,-12.21,Cc1ccc(-c2c[nH]c(=O)c(NCc3cccc4ccccc34)c2)cc1,Cc1ccc(-c2c[nH]c(=O)c(NCc3cccc4ccccc34)c2)cc1,6.177145,-6.3579984
690,mol3,-12.21,COc1ccccc1NC(=O)Nc1ccc(-c2ccc(C(=O)NCc3cccnc3)o2)cc1,COc1ccccc1NC(=O)Nc1ccc(-c2ccc(C(=O)NCc3cccnc3)o2)cc1,6.029452,-6.4336777
270,mol243,-12.21,Cc1c(NS(=O)(=O)c2ccc(Cl)cc2)cccc1-c1ncc(F)c(-c2ccc(CC(=O)NS(C)(=O)=O)cc2)n1,Cc1c(NS(=O)(=O)c2ccc(Cl)cc2)cccc1-c1ncc(F)c(-c2ccc(CC(=O)NS(C)(=O)=O)cc2)n1,6.9254174,-5.6175303
570,mol12,-12.21,Cc1ccc(-c2ccc(NC(=O)c3cccc(C(=O)O)c3)cc2C(=O)O)cc1,Cc1ccc(-c2ccc(NC(=O)c3cccc(C(=O)O)c3)cc2C(=O)O)cc1,6.2052846,-4.5379267
270,mol329,-12.21,Cc1ccccc1CC(=O)N1CCC([N@H+]2CCc3ccccc3C2)CC1,Cc1ccccc1CC(=O)N1CCC([N@H+]2CCc3ccccc3C2)CC1,6.4416585,-2.2368083
550,mol242,-12.21,Cc1ccccc1NC(=O)Nc1ccc(Nc2nccc(-c3cccnc3)n2)cc1,Cc1ccccc1NC(=O)Nc1ccc(Nc2nccc(-c3cccnc3)n2)cc1,6.600038,-5.7397203
450,mol220,-12.21,C/C=C(/c1ccc(OCc2nc3cc(C(N)N)ccc3nc2Nc2ccc(C(=O)O)cc2)cc1)c1cccc(OC2CCCCC2)c1,C/C=C(/c1ccc(OCc2nc3cc(C(N)N)ccc3nc2Nc2ccc(C(=O)O)cc2)cc1)c1cccc(OC2CCCCC2)c1,6.6046042,-6.568033
410,mol389,-12.21,CC(C)NC(=O)c1ccc(NC(=O)c2cc(-c3ccc(O[C@@H](C)S(=O)(=O)c4ccc(N)cc4)cc3)cnc2N)nc1,CC(C)NC(=O)c1ccc(NC(=O)c2cc(-c3ccc(O[C@@H](C)S(=O)(=O)c4ccc(N)cc4)cc3)cnc2N)nc1,7.2391977,-5.7301226
970,mol189,-12.21,Cc1cc(-c2ccc(S(=O)(=O)c3ccccc3)cc2)cc(C)c1OCc1cccc(C(=O)O)c1,Cc1cc(-c2ccc(S(=O)(=O)c3ccccc3)cc2)cc(C)c1OCc1cccc(C(=O)O)c1,6.514256,-6.1258464
20,mol430,-12.21,c1ccc(Oc2cccc(Cc3nnc(-c4c[nH]c5ccccc45)o3)c2)cc1,c1ccc(Oc2cccc(Cc3nnc(-c4c[nH]c5ccccc45)o3)c2)cc1,5.8363566,-6.726115
570,mol281,-12.2,Cc1ccc(S(=O)(=O)c2ccc(CNS(=O)(=O)c3ccc4ccccc4c3)cc2OB(O)O)cc1,Cc1ccc(S(=O)(=O)c2ccc(CNS(=O)(=O)c3ccc4ccccc4c3)cc2OB(O)O)cc1,6.3774905,-3.6719842
380,mol296,-12.2,Cc1cc(NC(=O)Nc2ccc(Oc3ccc(NS(=O)(=O)c4cccc(Cl)c4)cc3)cc2)cc(N2CCCC2)c1,Cc1cc(NC(=O)Nc2ccc(Oc3ccc(NS(=O)(=O)c4cccc(Cl)c4)cc3)cc2)cc(N2CCCC2)c1,6.1172667,-6.528618
790,mol484,-12.2,Cc1ccc(NC(=O)c2cccc(C(=O)NCCc3ccncc3)c2)cc1NC(=O)c1ccncc1,Cc1ccc(NC(=O)c2cccc(C(=O)NCCc3ccncc3)c2)cc1NC(=O)c1ccncc1,6.2933583,-5.5734224
570,mol373,-12.2,Cc1c(O)cc(-c2cc(NS(=O)(=O)c3cccc(F)c3)ccn2)cc1Cc1ccccc1,Cc1c(O)cc(-c2cc(NS(=O)(=O)c3cccc(F)c3)ccn2)cc1Cc1ccccc1,6.204602,-5.990286
250,mol381,-12.2,Cc1cccc(-c2nc(Nc3cccc(C(=O)Nc4ccc(C(=O)O)cc4)c3)sc2C)c1,Cc1cccc(-c2nc(Nc3cccc(C(=O)Nc4ccc(C(=O)O)cc4)c3)sc2C)c1,6.2758927,-6.046245
790,mol432,-12.2,Cc1ccc(-c2ccn(CC(=O)Nc3ccc4ccccc4c3)n2)cc1,Cc1ccc(-c2ccn(CC(=O)Nc3ccc4ccccc4c3)n2)cc1,5.9195213,-5.1870866
570,mol198,-12.2,NC(N)c1cccc(CNC(=O)c2ccc(CNC(=O)c3ccc4ccccc4n3)cc2)c1,NC(N)c1cccc(CNC(=O)c2ccc(CNC(=O)c3ccc4ccccc4n3)cc2)c1,6.258578,-3.7726865
320,mol38,-12.2,Cc1cn(-c2cc(Nc3ccc(Oc4ccnc(NC(=O)c5ccccc5)c4)cc3)ncn2)cn1,Cc1cn(-c2cc(Nc3ccc(Oc4ccnc(NC(=O)c5ccccc5)c4)cc3)ncn2)cn1,6.159654,-6.5798373
760,mol273,-12.2,Cc1cc(Nc2cccc(/C=C3/S/C(=N\c4cccc(C(=O)O)c4)NC3=O)c2)cc(C)c1O,Cc1cc(Nc2cccc(/C=C3/S/C(=N\c4cccc(C(=O)O)c4)NC3=O)c2)cc(C)c1O,6.416162,-6.2976418
850,mol255,-12.2,CC(C)(C)c1ccc(CC(=O)Nc2ccc(Oc3ccc4ccc(C(=O)O)cc4c3)cc2)cc1,CC(C)(C)c1ccc(CC(=O)Nc2ccc(Oc3ccc4ccc(C(=O)O)cc4c3)cc2)cc1,6.3684363,-6.9467616
370,mol297,-12.2,Cc1cc(C(=O)Nc2ccc(Oc3ccc4nccnc4c3)cc2C(=O)O)ccc1O,Cc1cc(C(=O)Nc2ccc(Oc3ccc4nccnc4c3)cc2C(=O)O)ccc1O,6.5350904,-6.001289
920,mol145,-12.2,Cc1ccc(NC(=O)c2cccc(Nc3ccc4c(c3)CC(C)(C)O4)c2)cc1,Cc1ccc(NC(=O)c2cccc(Nc3ccc4c(c3)CC(C)(C)O4)c2)cc1,6.220299,-6.289385
330,mol86,-12.2,Cc1cc(Cl)c(OCc2cc(-c3ccc(C(=O)N[C@H](CCC(=O)O)C(=O)O)cc3)cnc2N)cc1C(F)(F)F,Cc1cc(Cl)c(OCc2cc(-c3ccc(C(=O)N[C@H](CCC(=O)O)C(=O)O)cc3)cnc2N)cc1C(F)(F)F,7.101567,-6.1482744
160,mol179,-12.2,Cc1cn(-c2ccc(Cc3ccc(C(=O)N[C@@H](Cc4ccccc4)[C@@H](O)C[NH+]4CCCCCC4)cc3)cc2)c(=O)[nH]c1=O,Cc1cn(-c2ccc(Cc3ccc(C(=O)N[C@@H](Cc4ccccc4)[C@@H](O)C[NH+]4CCCCCC4)cc3)cc2)c(=O)[nH]c1=O,6.8123207,-3.8267202
620,mol280,-12.2,Cc1ccc(C(=O)NCc2ccc(C(=O)NCc3cccnc3)cc2)cc1NC(=O)c1ccccc1,Cc1ccc(C(=O)NCc2ccc(C(=O)NCc3cccnc3)cc2)cc1NC(=O)c1ccccc1,6.108822,-5.7494073
550,mol10,-12.2,Cc1ccc(C(=O)Nc2cccc(Cc3nc4ccccc4[nH]3)c2)cc1NC(=O)c1ccccn1,Cc1ccc(C(=O)Nc2cccc(Cc3nc4ccccc4[nH]3)c2)cc1NC(=O)c1ccccn1,6.1808963,-6.6630983
750,mol316,-12.2,Cc1cc([N+](=O)[O-])ccc1NC(=O)c1cccc(NC(=O)c2ccccc2F)c1,Cc1cc([N+](=O)[O-])ccc1NC(=O)c1cccc(NC(=O)c2ccccc2F)c1,6.6867595,-6.4658804
540,mol316,-12.2,Cc1ccc2c(c1)/C(=C/c1cccc(OC(=O)c3ccccc3)c1)C(=O)N2,Cc1ccc2c(c1)/C(=C/c1cccc(OC(=O)c3ccccc3)c1)C(=O)N2,6.224934,-6.4198694
750,mol312,-12.2,Cc1ccc(C(=O)Nc2ccc(Oc3ncnc4ccccc34)cc2)cc1,Cc1ccc(C(=O)Nc2ccc(Oc3ncnc4ccccc34)cc2)cc1,6.4693685,-6.5375767
540,mol18,-12.2,Clc1ccc2c(Nc3ccc(-c4cn[nH]c4-c4ccccc4)cc3)ccnc2c1,Clc1ccc2c(Nc3ccc(-c4cn[nH]c4-c4ccccc4)cc3)ccnc2c1,5.804588,-6.496155
140,mol219,-12.2,c1ccc(Nc2ccnc(Nc3ccc(-c4cn[nH]c4-c4ccccc4)cc3)n2)cc1,c1ccc(Nc2ccnc(Nc3ccc(-c4cn[nH]c4-c4ccccc4)cc3)n2)cc1,6.0009103,-6.59364
930,mol258,-12.2,CNC(=O)CCc1cccc(-c2ccnc(Nc3cccc(OCc4ccccc4)c3)n2)c1,CNC(=O)CCc1cccc(-c2ccnc(Nc3cccc(OCc4ccccc4)c3)n2)c1,6.1195393,-6.6323147
370,mol39,-12.2,Cc1ccc(C(=O)Nc2ccc(Oc3ccc(NC(=O)c4ccccc4F)cc3)cc2)cc1,Cc1ccc(C(=O)Nc2ccc(Oc3ccc(NC(=O)c4ccccc4F)cc3)cc2)cc1,6.0198007,-7.199661
240,mol161,-12.2,Cc1c(CC(=O)O)cccc1-c1ccc(OCc2cccc(Oc3ccc(CC(=O)O)cc3)c2)cc1,Cc1c(CC(=O)O)cccc1-c1ccc(OCc2cccc(Oc3ccc(CC(=O)O)cc3)c2)cc1,6.7082086,-6.575168
250,mol434,-12.2,Cc1ccc(NC(=O)c2ccc(Oc3ccccc3)cc2)cc1NC(=O)c1ccc(C(=O)c2ccccc2)s1,Cc1ccc(NC(=O)c2ccc(Oc3ccccc3)cc2)cc1NC(=O)c1ccc(C(=O)c2ccccc2)s1,6.3599186,-7.088227
490,mol273,-12.2,Cc1ccc(-c2nccc3ccc(C(=O)Nc4ncc(C(=O)Nc5ccccc5)s4)cc23)cc1,Cc1ccc(-c2nccc3ccc(C(=O)Nc4ncc(C(=O)Nc5ccccc5)s4)cc23)cc1,5.953923,-7.054007
480,mol358,-12.2,CC(C)c1ccc(Nc2ncnc(-c3ccc(C(=O)Nc4cccc(C(=O)O)c4)cc3)n2)cc1,CC(C)c1ccc(Nc2ncnc(-c3ccc(C(=O)Nc4cccc(C(=O)O)c4)cc3)n2)cc1,6.4746046,-5.784009
890,mol298,-12.2,Cc1ccc(C(=O)Nc2cccc(CCO)c2)cc1NC(=O)c1cccc(C(=O)Nc2ccc(C(=O)O)cc2)c1,Cc1ccc(C(=O)Nc2cccc(CCO)c2)cc1NC(=O)c1cccc(C(=O)Nc2ccc(C(=O)O)cc2)c1,6.585713,-5.977198
480,mol120,-12.2,Cc1ccc(C(=O)Nc2ccc(Oc3ccc4nc(NC(=O)C5CCCCC5)sc4c3)cc2)cc1,Cc1ccc(C(=O)Nc2ccc(Oc3ccc4nc(NC(=O)C5CCCCC5)sc4c3)cc2)cc1,6.5881944,-7.3209033
730,mol143,-12.2,Cc1ccc(NC(=O)c2cccc(C#N)c2)cc1NC(=O)c1cnc(-c2cccc(C#N)c2)cn1,Cc1ccc(NC(=O)c2cccc(C#N)c2)cc1NC(=O)c1cnc(-c2cccc(C#N)c2)cn1,6.8126745,-6.814473
420,mol443,-12.2,Nc1ncc(-c2cnc(Nc3ccc(-c4ccccc4C(=O)O)cc3)cc2CO)cc1F,Nc1ncc(-c2cnc(Nc3ccc(-c4ccccc4C(=O)O)cc3)cc2CO)cc1F,6.367037,-5.165426
730,mol153,-12.2,CC(=O)c1ccccc1NC(=O)c1ccc(CNC(=O)c2cccc3ccccc23)cc1,CC(=O)c1ccccc1NC(=O)c1ccc(CNC(=O)c2cccc3ccccc23)cc1,6.006885,-6.4704857
480,mol51,-12.2,CC(=O)N1CCN(C(=O)c2ccc(C[N@@+]3(C)CCN(C(=O)c4ccccc4)C(=O)C3)cc2)CC1,CC(=O)N1CCN(C(=O)c2ccc(C[N@@+]3(C)CCN(C(=O)c4ccccc4)C(=O)C3)cc2)CC1,5.8926606,-2.867957
200,mol111,-12.2,CN(c1ccccc1)c1cc(N2CCC(C(=O)Nc3ccc4ccccc4c3)CC2)ccc1[N+](=O)[O-],CN(c1ccccc1)c1cc(N2CCC(C(=O)Nc3ccc4ccccc4c3)CC2)ccc1[N+](=O)[O-],6.261403,-5.827654
230,mol489,-12.2,CN(c1ccc(NC(=O)c2ccccc2)cc1)c1nccc(Nc2nc(N[C@H]3CC[C@H](O)CC3)c3[nH]ccc3n2)n1,CN(c1ccc(NC(=O)c2ccccc2)cc1)c1nccc(Nc2nc(N[C@H]3CC[C@H](O)CC3)c3[nH]ccc3n2)n1,7.3222857,-5.853977
420,mol62,-12.2,Nc1nc(OCc2cccc(NC(=O)Nc3ccc(C(F)(F)F)cc3)c2)cc(N2CCOCC2)n1,Nc1nc(OCc2cccc(NC(=O)Nc3ccc(C(F)(F)F)cc3)c2)cc(N2CCOCC2)n1,6.765296,-5.639523
720,mol235,-12.2,Cc1ccc(CNC(=O)Nc2cccc(C(=O)NCc3ccnc4ccccc34)c2)cc1,Cc1ccc(CNC(=O)Nc2cccc(C(=O)NCc3ccnc4ccccc34)c2)cc1,6.201279,-5.828619
220,mol101,-12.2,Cc1ccc(Oc2cc(Cl)ccc2-c2nc(-c3ccc(C(=O)NCc4ccccc4)cc3)c(CO)o2)cc1,Cc1ccc(Oc2cc(Cl)ccc2-c2nc(-c3ccc(C(=O)NCc4ccccc4)cc3)c(CO)o2)cc1,6.510218,-7.227212
910,mol293,-12.2,Cc1cc(C[NH3+])ccc1NC(=O)Nc1ccc(CNc2nc(Nc3ccc(C(=O)NCC#N)cc3)nc(Nc3cccc(C#N)c3)n2)cc1,Cc1cc(C[NH3+])ccc1NC(=O)Nc1ccc(CNc2nc(Nc3ccc(C(=O)NCC#N)cc3)nc(Nc3cccc(C#N)c3)n2)cc1,6.711283,-6.036944
210,mol331,-12.2,Cc1oc(-c2cccc(Cl)c2)nc1C/C=C/c1ccc(-c2cccc(C(=O)O)c2)cc1,Cc1oc(-c2cccc(Cl)c2)nc1C/C=C/c1ccc(-c2cccc(C(=O)O)c2)cc1,6.3654933,-6.5307393
470,mol225,-12.2,Cc1cccc(CNC(=O)Nc2nc3nc(Cc4ccc(Cl)cc4)ccc3c(=O)[nH]2)c1,Cc1cccc(CNC(=O)Nc2nc3nc(Cc4ccc(Cl)cc4)ccc3c(=O)[nH]2)c1,6.146489,-6.222403
70,mol217,-12.2,Cc1ccc(C(=O)Nc2ccc(S(O)(O)O)c3cc(S(O)(O)O)cc(O)c23)cc1NC(=O)c1ccccc1[N+](=O)[O-],Cc1ccc(C(=O)Nc2ccc(S(O)(O)O)c3cc(S(O)(O)O)cc(O)c23)cc1NC(=O)c1ccccc1[N+](=O)[O-],6.8517866,-5.8133492
280,mol417,-12.2,CC(=O)Nc1ccc(-c2cc(Nc3ccc(C(=O)N[C@@H](CCNC(=O)c4ccccc4F)C(=O)O)cc3)nn2-c2cccc(F)c2)cc1,CC(=O)Nc1ccc(-c2cc(Nc3ccc(C(=O)N[C@@H](CCNC(=O)c4ccccc4F)C(=O)O)cc3)nn2-c2cccc(F)c2)cc1,6.7696743,-6.102639
280,mol90,-12.2,Cc1c(C(=O)Nc2cccc(C(F)(F)F)c2)cccc1N1C(=O)CCc2ccccc21,Cc1c(C(=O)Nc2cccc(C(F)(F)F)c2)cccc1N1C(=O)CCc2ccccc21,6.33885,-6.5619287
990,mol53,-12.2,COc1cccc(/C=N/NC(=O)c2ccc(-c3cccc([C@@H](O)NC(C)(C)C)c3)cc2)c1,COc1cccc(/C=N/NC(=O)c2ccc(-c3cccc([C@@H](O)NC(C)(C)C)c3)cc2)c1,6.240257,-5.848391
880,mol473,-12.2,C/C(=N/Nc1ccc(-c2ccc(C(=O)O)cc2C(=O)O)cc1)c1cccc(C(=O)O)c1,C/C(=N/Nc1ccc(-c2ccc(C(=O)O)cc2C(=O)O)cc1)c1cccc(C(=O)O)c1,6.604548,-5.022974
910,mol462,-12.2,Cc1ncc(-c2cccc(C(=O)Nc3ccc(OCc4ccccc4)cc3)c2)c(N)n1,Cc1ncc(-c2cccc(C(=O)Nc3ccc(OCc4ccccc4)cc3)c2)c(N)n1,6.411264,-6.24291
870,mol85,-12.2,CCc1[nH]cnc1C(=O)Nc1cccc(NC(=O)c2cccc(C(=O)Nc3ccc4c(c3)CC(C)(C)O4)c2)c1,CCc1[nH]cnc1C(=O)Nc1cccc(NC(=O)c2cccc(C(=O)Nc3ccc4c(c3)CC(C)(C)O4)c2)c1,6.7196045,-6.6102176
720,mol136,-12.2,Cc1cc(C(=O)NCc2ccc(S(=O)(=O)NCCOc3ccc4ccccc4n3)cc2)cc(C)c1O,Cc1cc(C(=O)NCc2ccc(S(=O)(=O)NCCOc3ccc4ccccc4n3)cc2)cc(C)c1O,6.7237964,-4.639083
590,mol314,-12.2,Cc1ccc(C(=O)NCCc2ccc(OS(N)(=O)=O)cc2)cc1Nc1ncnc2cnc(Nc3ccc(N4CCS(=O)(=O)CC4)cc3)nc12,Cc1ccc(C(=O)NCCc2ccc(OS(N)(=O)=O)cc2)cc1Nc1ncnc2cnc(Nc3ccc(N4CCS(=O)(=O)CC4)cc3)nc12,7.144023,-4.296798
200,mol250,-12.2,Cc1ncc(-c2cnc(Nc3ccc(C(=O)N[C@@H](CC(=O)N4CCC[C@H]4C(=O)Nc4cccc(Cl)c4)C(=O)Nc4ccccc4)cc3)s2)s1,Cc1ncc(-c2cnc(Nc3ccc(C(=O)N[C@@H](CC(=O)N4CCC[C@H]4C(=O)Nc4cccc(Cl)c4)C(=O)Nc4ccccc4)cc3)s2)s1,6.413095,-6.6160064
240,mol380,-12.2,Cc1cc(NC(=O)Nc2ccc(C(=O)Nc3ccccc3)cc2)cc(N2CCCCC2)c1,Cc1cc(NC(=O)Nc2ccc(C(=O)Nc3ccccc3)cc2)cc(N2CCCCC2)c1,5.972404,-5.944199
690,mol54,-12.2,Cc1cccc(CC[N@H+]2CC[C@H](NC(=O)c3cc4ccc(C(N)N)cc4[nH]3)CC2)c1,Cc1cccc(CC[N@H+]2CC[C@H](NC(=O)c3cc4ccc(C(N)N)cc4[nH]3)CC2)c1,6.755967,-2.5454106
490,mol494,-12.2,Cc1ccnc(-c2ccc(Oc3cnc(N4CCC[C@@H](n5cc(C)c(=O)[nH]c5=O)C4)nc3N)cc2)c1,Cc1ccnc(-c2ccc(Oc3cnc(N4CCC[C@@H](n5cc(C)c(=O)[nH]c5=O)C4)nc3N)cc2)c1,7.3848066,-5.2189336
530,mol50,-12.2,CNC(=O)Nc1cccc(Oc2ccnc(Nc3ccc(N4CCN(C(C)=O)CC4)cc3C)n2)c1,CNC(=O)Nc1cccc(Oc2ccnc(Nc3ccc(N4CCN(C(C)=O)CC4)cc3C)n2)c1,7.0046763,-4.181331
800,mol217,-12.2,Cc1ccccc1-c1cccc(CC(=O)NCc2cccc(C(=O)O)c2)c1,Cc1ccccc1-c1cccc(CC(=O)NCc2cccc(C(=O)O)c2)c1,6.766996,-3.874488
900,mol453,-12.2,Cc1ccc(C(=O)Nc2ccc(Oc3ccnc4cc(C(N)N)cnc34)cc2)cc1,Cc1ccc(C(=O)Nc2ccc(Oc3ccnc4cc(C(N)N)cnc34)cc2)cc1,6.667527,-5.7324657
260,mol470,-12.2,Cc1cnc(Nc2ccc(Nc3ccc4c(n3)NC(=O)[C@H](Cc3ccccc3)CC4)cc2)nc1,Cc1cnc(Nc2ccc(Nc3ccc4c(n3)NC(=O)[C@H](Cc3ccccc3)CC4)cc2)nc1,6.446025,-6.6920533
60,mol388,-12.2,c1ccc(-c2[nH]ncc2-c2ccc(Nc3ncc4cnc5[nH]ccc5c4n3)cc2)cc1,c1ccc(-c2[nH]ncc2-c2ccc(Nc3ncc4cnc5[nH]ccc5c4n3)cc2)cc1,6.4846554,-6.0227265
900,mol253,-12.2,CC(=O)Nc1cccc(-c2cccc(Nc3cccc([C@H](O)C(=O)O)c3)c2)c1,CC(=O)Nc1cccc(-c2cccc(Nc3cccc([C@H](O)C(=O)O)c3)c2)c1,6.960057,-3.8983598
590,mol174,-12.2,Cc1ccc(C(=O)Nc2ccc(C[N@H+]3CC[N@@H+](C)CC3)c(C(F)(F)F)c2)cc1NC(=O)c1ccc(N2CC[NH+](C)CC2)cc1,Cc1ccc(C(=O)Nc2ccc(C[N@H+]3CC[N@@H+](C)CC3)c(C(F)(F)F)c2)cc1NC(=O)c1ccc(N2CC[NH+](C)CC2)cc1,6.679298,-2.902411
120,mol44,-12.2,Cc1cc(Nc2nc(N3CCC(C(=O)Nc4cccc(C(F)(F)F)c4)CC3)nc3c2cnn3-c2ccccc2)no1,Cc1cc(Nc2nc(N3CCC(C(=O)Nc4cccc(C(F)(F)F)c4)CC3)nc3c2cnn3-c2ccccc2)no1,7.1543045,-5.8455687
190,mol78,-12.2,c1cc(CCCCCN2CCCc3ccccc32)cc(-c2ccccc2Oc2c[nH]c3ccccc23)c1,c1cc(CCCCCN2CCCc3ccccc32)cc(-c2ccccc2Oc2c[nH]c3ccccc23)c1,5.846493,-6.4504743
950,mol299,-12.2,CC[N@H+]1CC[C@@H](c2cc(Nc3ncnc4ccc(-c5cccnc5)cc34)ccc2C)CC1,CC[N@H+]1CC[C@@H](c2cc(Nc3ncnc4ccc(-c5cccnc5)cc34)ccc2C)CC1,6.571908,-3.8042827
660,mol208,-12.2,CCc1cc(C)cc(Nc2nccc(-c3ccc4ccccc4c3)n2)c1,CCc1cc(C)cc(Nc2nccc(-c3ccc4ccccc4c3)n2)c1,6.3179493,-6.771833
410,mol449,-12.2,Cc1cc(NS(=O)(=O)c2ccc(NC(=O)c3ccc(C(=O)Nc4ccccc4)cc3)cc2)cc(C(=O)NO)c1,Cc1cc(NS(=O)(=O)c2ccc(NC(=O)c3ccc(C(=O)Nc4ccccc4)cc3)cc2)cc(C(=O)NO)c1,6.7968864,-5.997064
500,mol154,-12.2,Cc1ccc(C(=O)Nc2ccc(Oc3ccc4ncc(Nc5ccccn5)nc4c3)cc2)cc1,Cc1ccc(C(=O)Nc2ccc(Oc3ccc4ncc(Nc5ccccn5)nc4c3)cc2)cc1,6.0649567,-7.1556535
400,mol386,-12.2,Cc1ccc(C(=O)Nc2ccc(C(=O)Nc3ccc(C(=O)NC4CCCC4)cc3)cc2)cc1,Cc1ccc(C(=O)Nc2ccc(C(=O)Nc3ccc(C(=O)NC4CCCC4)cc3)cc2)cc1,6.360826,-6.1539617
270,mol276,-12.2,Cc1ccc(NC(=O)c2ccc(C[N@H+]3CC[N@H+](C)CC3)cc2)cc1Nc1nccc(Nc2ccc(C#N)cc2)n1,Cc1ccc(NC(=O)c2ccc(C[N@H+]3CC[N@H+](C)CC3)cc2)cc1Nc1nccc(Nc2ccc(C#N)cc2)n1,6.9673066,-3.3785057
490,mol198,-12.2,Cc1ccc(Nc2cc(-c3ccc4ncccc4c3)cnc2N)cc1,Cc1ccc(Nc2cc(-c3ccc4ncccc4c3)cnc2N)cc1,6.0849004,-5.497565
970,mol423,-12.2,Cc1cccc(CNc2ccc(C(=O)Nc3ccc4ncccc4c3)nn2)c1,Cc1cccc(CNc2ccc(C(=O)Nc3ccc4ncccc4c3)nn2)c1,6.042723,-4.995197
730,mol263,-12.2,Cc1ccccc1C(=O)Nc1ccc2[nH]c(-c3ccccc3)nc2c1,Cc1ccccc1C(=O)Nc1ccc2[nH]c(-c3ccccc3)nc2c1,6.010201,-5.5281253
300,mol177,-12.2,Cc1ccc2c(CN3CC[C@@H](Nc4cccc(C(=O)O)c4)C3=O)cccc2c1,Cc1ccc2c(CN3CC[C@@H](Nc4cccc(C(=O)O)c4)C3=O)cccc2c1,6.3348317,-3.7555137
860,mol84,-12.2,Cc1cc(C(=O)Nc2cccc(Oc3ccccc3)c2)ccc1NC(=O)c1ccoc1,Cc1cc(C(=O)Nc2cccc(Oc3ccccc3)c2)ccc1NC(=O)c1ccoc1,6.4211783,-7.086643
500,mol87,-12.2,Cc1ccc(C(=O)Nc2ccc(C(N)N)cc2)cc1Nc1ncnn2cc(C(=O)NC(C)C)cc12,Cc1ccc(C(=O)Nc2ccc(C(N)N)cc2)cc1Nc1ncnn2cc(C(=O)NC(C)C)cc12,6.9234095,-4.7677274
500,mol192,-12.2,Nc1ccc(-c2ccc(C(=O)NO)cc2O)cc1NC(=O)c1ccc(CNS(=O)(=O)c2ccccc2)cc1,Nc1ccc(-c2ccc(C(=O)NO)cc2O)cc1NC(=O)c1ccc(CNS(=O)(=O)c2ccccc2)cc1,6.668166,-5.3375363
240,mol326,-12.2,Cc1ccc(Nc2nccc(-c3cncc(Cc4ccccc4)c3)n2)cc1,Cc1ccc(Nc2nccc(-c3cncc(Cc4ccccc4)c3)n2)cc1,6.375326,-5.8366575
920,mol412,-12.2,Cc1ccc(-c2cc(C(=O)Nc3ccc4ccccc4c3)[nH]n2)cc1,Cc1ccc(-c2cc(C(=O)Nc3ccc4ccccc4c3)[nH]n2)cc1,5.9262953,-5.8208656
960,mol178,-12.2,COc1cc(-c2cccc(N)c2)c2ncc(-c3cccc(C(=O)N[C@@H](C)c4ccccc4)c3)cc2c1,COc1cc(-c2cccc(N)c2)c2ncc(-c3cccc(C(=O)N[C@@H](C)c4ccccc4)c3)cc2c1,6.174925,-6.212909
160,mol464,-12.19,Cc1ccc(C(=O)Nc2ccc(C[N@H+]3CC[N@@H+](C)CC3)c(C(F)(F)F)c2)cc1C#Cc1cnc(Nc2ccc(C#N)cn2)nc1,Cc1ccc(C(=O)Nc2ccc(C[N@H+]3CC[N@@H+](C)CC3)c(C(F)(F)F)c2)cc1C#Cc1cnc(Nc2ccc(C#N)cn2)nc1,7.311431,-3.827287
590,mol405,-12.19,CNC(=O)c1ccc(Oc2ccc(NC(=O)c3ccccc3C(F)(F)F)cc2)cc1,CNC(=O)c1ccc(Oc2ccc(NC(=O)c3ccccc3C(F)(F)F)cc2)cc1,6.7303805,-6.214758
350,mol46,-12.19,Cc1cccc(NC(=O)c2cccc(C(=O)Nc3ccc(-c4cccnn4)cc3)c2)c1,Cc1cccc(NC(=O)c2cccc(C(=O)Nc3ccc(-c4cccnn4)cc3)c2)c1,5.6958675,-6.402943
580,mol415,-12.19,CN(c1ccc(NC(=O)c2ccc(Cl)c(NC(=O)c3ccccc3)c2)cc1)c1ccccn1,CN(c1ccc(NC(=O)c2ccc(Cl)c(NC(=O)c3ccccc3)c2)cc1)c1ccccn1,5.921629,-6.5841975
580,mol293,-12.19,Cc1ccc(NC(=O)c2ccccc2OC2CCN(C(=O)CC(c3ccccc3)c3ccccc3)CC2)cc1NC(=O)c1ccccc1C(F)(F)F,Cc1ccc(NC(=O)c2ccccc2OC2CCN(C(=O)CC(c3ccccc3)c3ccccc3)CC2)cc1NC(=O)c1ccccc1C(F)(F)F,6.2817507,-6.3777204
770,mol434,-12.19,Cc1ccc(Oc2ccc(NC(=O)c3ccco3)cc2F)cc1NC(=O)c1ccccc1C(=O)O,Cc1ccc(Oc2ccc(NC(=O)c3ccco3)cc2F)cc1NC(=O)c1ccccc1C(=O)O,6.6823797,-6.5450587
580,mol490,-12.19,Cc1cncc(-n2nc(C(=O)O)c3ccc(C(=O)NCc4ccc(/C=N/NC(=O)c5ccccc5)cc4)cc32)c1,Cc1cncc(-n2nc(C(=O)O)c3ccc(C(=O)NCc4ccc(/C=N/NC(=O)c5ccccc5)cc4)cc32)c1,6.574867,-5.8115554
580,mol371,-12.19,Cc1ccc(C(=O)Nc2cccc(Nc3nccc(-c4ccccn4)n3)c2)cc1,Cc1ccc(C(=O)Nc2cccc(Nc3nccc(-c4ccccn4)n3)c2)cc1,6.295384,-5.636163
780,mol196,-12.19,COc1ccc(C(=O)Nc2ccc(S(=O)(=O)Nc3ccc4c(c3)C[NH2+]CC4)cc2)cc1C(=O)O,COc1ccc(C(=O)Nc2ccc(S(=O)(=O)Nc3ccc4c(c3)C[NH2+]CC4)cc2)cc1C(=O)O,6.7453947,-3.7019246
360,mol140,-12.19,Cc1cc(Nc2nc(N[C@H](C)c3ccc(C#N)cc3)cc(C(F)(F)F)n2)cc(C(=O)N2Cc3ccccc3C[C@@H]2CO)c1,Cc1cc(Nc2nc(N[C@H](C)c3ccc(C#N)cc3)cc(C(F)(F)F)n2)cc(C(=O)N2Cc3ccccc3C[C@@H]2CO)c1,7.0133247,-6.3392706
830,mol29,-12.19,C#Cc1cccc(C(=O)Nc2ccc(Nc3ccnc4cc(C(N)N)ccc34)cc2)c1,C#Cc1cccc(C(=O)Nc2ccc(Nc3ccnc4cc(C(N)N)ccc34)cc2)c1,6.339674,-5.03647
450,mol4,-12.19,Cc1cccc(COc2ccc(NC(=O)c3cc4cc(Cl)ccc4[nH]3)cc2)c1,Cc1cccc(COc2ccc(NC(=O)c3cc4cc(Cl)ccc4[nH]3)cc2)c1,6.2087975,-6.903596
220,mol184,-12.19,Cc1ccc(NC(=O)c2ccc(Cc3nc4ccccc4o3)cc2)cc1NS(=O)(=O)c1cccc(Cl)c1,Cc1ccc(NC(=O)c2ccc(Cc3nc4ccccc4o3)cc2)cc1NS(=O)(=O)c1cccc(Cl)c1,6.1117697,-6.530512
420,mol33,-12.19,Cc1ccc(C(=O)NCc2cccc(-c3cncc(C(=O)Nc4ccc(C(C)C)cc4)c3)c2)cc1,Cc1ccc(C(=O)NCc2cccc(-c3cncc(C(=O)Nc4ccc(C(C)C)cc4)c3)c2)cc1,5.720047,-6.693696
100,mol40,-12.19,Cc1cn([C@@H]2CCCN(c3ccc4nc(C(=O)O)cc(C5CC5)c4c3)C2)c(=O)[nH]c1=O,Cc1cn([C@@H]2CCCN(c3ccc4nc(C(=O)O)cc(C5CC5)c4c3)C2)c(=O)[nH]c1=O,6.6218553,-4.857859
980,mol159,-12.19,COc1cc(-c2nccc(-c3cccc(C(=O)Nc4ccc(OC(F)F)cc4)c3)n2)ccc1OCc1cccnc1,COc1cc(-c2nccc(-c3cccc(C(=O)Nc4ccc(OC(F)F)cc4)c3)n2)ccc1OCc1cccnc1,6.063511,-7.0398555
830,mol30,-12.19,CC(=O)Nc1cccc(-c2cc(C(=O)O)cc(-c3ccc4ccccc4n3)c2)c1,CC(=O)Nc1cccc(-c2cc(C(=O)O)cc(-c3ccc4ccccc4n3)c2)c1,6.3280163,-5.4130683
980,mol84,-12.19,Cc1ccc(C(=O)Nc2ccc(Oc3ccnc(NC(=O)c4ccccc4)c3)cc2)cc1,Cc1ccc(C(=O)Nc2ccc(Oc3ccnc(NC(=O)c4ccccc4)c3)cc2)cc1,5.9457083,-6.7732954
480,mol285,-12.19,Cc1c(Cc2ccc(C(=O)N[C@@H](CC(=O)O)C(=O)O)cc2)oc2ccc(S(=O)(=O)Nc3ccc(Cl)c(Cl)c3)cc12,Cc1c(Cc2ccc(C(=O)N[C@@H](CC(=O)O)C(=O)O)cc2)oc2ccc(S(=O)(=O)Nc3ccc(Cl)c(Cl)c3)cc12,7.3675013,-5.7689943
410,mol121,-12.19,Cc1cccc(Nc2cccc(C(=O)NCc3ccc(C(=O)O)cc3)c2)c1,Cc1cccc(Nc2cccc(C(=O)NCc3ccc(C(=O)O)cc3)c2)c1,6.565243,-4.41015
810,mol476,-12.19,CC(=O)Nc1cccc(Oc2cccc(Nc3ccc(C(=O)O)cc3C(=O)O)c2)c1,CC(=O)Nc1cccc(Oc2cccc(Nc3ccc(C(=O)O)cc3C(=O)O)c2)c1,6.741639,-5.3770723
490,mol235,-12.19,CC(=O)Nc1cccc(-c2ccc(Oc3ccc(Oc4ccncc4)cc3)cc2C(=O)O)c1,CC(=O)Nc1cccc(-c2ccc(Oc3ccc(Oc4ccncc4)cc3)cc2C(=O)O)c1,6.558329,-6.1525187
40,mol154,-12.19,Cc1ccc(-c2c[nH]c(-c3cccc(-c4ccccc4)c3O)c2)o1,Cc1ccc(-c2c[nH]c(-c3cccc(-c4ccccc4)c3O)c2)o1,5.903883,-6.0515203
810,mol415,-12.19,CCNc1ccccc1C(=O)Nc1cccc(S(=O)(=O)Nc2ccc(Nc3nccc(-c4cccnc4)n3)cc2)c1,CCNc1ccccc1C(=O)Nc1cccc(S(=O)(=O)Nc2ccc(Nc3nccc(-c4cccnc4)n3)cc2)c1,6.4665456,-6.007091
400,mol17,-12.19,NC(=O)c1cccc(Nc2ncc(Cl)c(-c3ccc4ccccc4c3)n2)c1,NC(=O)c1cccc(Nc2ncc(Cl)c(-c3ccc4ccccc4c3)n2)c1,6.450659,-5.8348465
500,mol410,-12.19,Cc1cccc(-c2ncc(Cl)c(Nc3ccc(C(=O)N[C@H](C)c4ccccc4)cc3)n2)c1,Cc1cccc(-c2ncc(Cl)c(Nc3ccc(C(=O)N[C@H](C)c4ccccc4)cc3)n2)c1,6.189797,-6.384852
810,mol237,-12.19,Cc1ccc(C(=O)Nc2cccc(C(=O)NCc3ccc(C(=O)O)cc3)c2)cc1,Cc1ccc(C(=O)Nc2cccc(C(=O)NCc3ccc(C(=O)O)cc3)c2)cc1,6.5010724,-4.752189
960,mol268,-12.19,COc1ccccc1NC(=O)Nc1cccc(-c2nnc(-c3ccc4c(c3)OCO4)o2)c1,COc1ccccc1NC(=O)Nc1cccc(-c2nnc(-c3ccc4c(c3)OCO4)o2)c1,6.2238894,-6.2177405
950,mol280,-12.19,Cc1cccc(Cc2cc(=O)c3ccc(OCc4ccccc4)cc3o2)c1,Cc1cccc(Cc2cc(=O)c3ccc(OCc4ccccc4)cc3o2)c1,6.1350007,-6.383309
510,mol40,-12.19,Cc1c(Nc2ccccc2)cccc1C1=NC2=C(CCC2)OC(=O)N1,Cc1c(Nc2ccccc2)cccc1C1=NC2=C(CCC2)OC(=O)N1,6.3963737,-5.167165
510,mol105,-12.19,CCc1nc(N)nc(Nc2ccc(C(=O)Nc3ccc4ccccc4c3)cc2)c1C,CCc1nc(N)nc(Nc2ccc(C(=O)Nc3ccc4ccccc4c3)cc2)c1C,6.285681,-5.700559
240,mol17,-12.19,CCC(=O)Nc1cc(-c2cccc(-c3ccccc3Sc3nc(N)cc(Nc4ccccc4)n3)c2)cc(N2CCCC2=O)c1,CCC(=O)Nc1cc(-c2cccc(-c3ccccc3Sc3nc(N)cc(Nc4ccccc4)n3)c2)cc(N2CCCC2=O)c1,6.3594685,-5.8075194
510,mol77,-12.19,CC(=O)Nc1ccc(CNC(=O)c2cc(Nc3ccnc4ccccc34)cnc2N)cc1,CC(=O)Nc1ccc(CNC(=O)c2cc(Nc3ccnc4ccccc34)cnc2N)cc1,6.5167904,-5.6767416
250,mol410,-12.19,Cc1cc(Nc2cc(N3CC[NH+](C)CC3)nc(Sc3ccc(NC(=O)c4ccccc4Br)cc3)n2)[nH]n1,Cc1cc(Nc2cc(N3CC[NH+](C)CC3)nc(Sc3ccc(NC(=O)c4ccccc4Br)cc3)n2)[nH]n1,7.0161157,-4.4195533
140,mol328,-12.19,C#Cc1cn(-c2ccc(CCc3cc(-c4ccc(F)cc4)nn3-c3ccc(S(N)(=O)=O)cc3)cc2C(F)(F)F)cn1,C#Cc1cn(-c2ccc(CCc3cc(-c4ccc(F)cc4)nn3-c3ccc(S(N)(=O)=O)cc3)cc2C(F)(F)F)cn1,6.7399793,-6.166606
370,mol291,-12.19,Cc1ccc(NC(=O)c2cccc(C#N)c2)cc1Nc1ncnn2cc(C(=O)Nc3ccccc3)cc12,Cc1ccc(NC(=O)c2cccc(C#N)c2)cc1Nc1ncnn2cc(C(=O)Nc3ccccc3)cc12,6.54494,-6.881659
370,mol8,-12.19,Cc1ccc(-c2nc(COc3ccc(C(=O)NCCCCC(=O)NC(=O)c4cccc(C(F)(F)F)c4)cc3)co2)cc1,Cc1ccc(-c2nc(COc3ccc(C(=O)NCCCCC(=O)NC(=O)c4cccc(C(F)(F)F)c4)cc3)co2)cc1,6.846007,-6.8789244
250,mol343,-12.19,Cc1ccc(C(=O)Nc2ccc(Oc3ccc(C(=O)N4CCCC4)cc3)cc2)cc1,Cc1ccc(C(=O)Nc2ccc(Oc3ccc(C(=O)N4CCCC4)cc3)cc2)cc1,6.175997,-5.8766117
930,mol321,-12.19,COc1ccc(O)cc1Nc1ccnc(-c2ccnc(Nc3cccc(C(N)N)c3)n2)n1,COc1ccc(O)cc1Nc1ccnc(-c2ccnc(Nc3cccc(C(N)N)c3)n2)n1,6.718195,-4.625518
720,mol301,-12.19,Cc1ccc(C(=O)Nc2ccc(C(=O)c3ccc4c(c3)N(C)c3ccccc3N4C)cc2)cc1,Cc1ccc(C(=O)Nc2ccc(C(=O)c3ccc4c(c3)N(C)c3ccccc3N4C)cc2)cc1,6.012617,-6.495636
210,mol182,-12.19,Cc1ccc(NC(=O)c2c(F)cccc2OCc2ccccc2)cc1-c1cccc(COc2ccc(C(=O)O)c(C(=O)O)c2)n1,Cc1ccc(NC(=O)c2c(F)cccc2OCc2ccccc2)cc1-c1cccc(COc2ccc(C(=O)O)c(C(=O)O)c2)n1,6.531349,-6.45002
610,mol234,-12.19,Cc1ccc(Nc2nccc(-c3c[nH]c4ccccc34)n2)cc1NC(=O)c1sccc1Br,Cc1ccc(Nc2nccc(-c3c[nH]c4ccccc34)n2)cc1NC(=O)c1sccc1Br,6.323732,-6.401907
620,mol212,-12.19,Cc1cccc(Nc2cc(N)nc(CCC(=O)Nc3ccc(Cc4ccccc4)cc3)n2)c1,Cc1cccc(Nc2cc(N)nc(CCC(=O)Nc3ccc(Cc4ccccc4)cc3)n2)c1,6.0755343,-6.532739
340,mol327,-12.19,CNc1cc(Nc2ncc(F)c(Nc3ccc4c(c3)c(=O)c(C(=O)O)cn4C)n2)ccc1C(=O)O,CNc1cc(Nc2ncc(F)c(Nc3ccc4c(c3)c(=O)c(C(=O)O)cn4C)n2)ccc1C(=O)O,6.4154444,-5.1206007
740,mol372,-12.19,CN(Cc1cnc2nc(N)nc(N)c2n1)c1ccc(C(=O)N[C@H](Cc2ccc(F)cc2)C(=O)NCc2ccccc2Cl)cc1,CN(Cc1cnc2nc(N)nc(N)c2n1)c1ccc(C(=O)N[C@H](Cc2ccc(F)cc2)C(=O)NCc2ccccc2Cl)cc1,7.13947,-5.0275354
290,mol419,-12.19,Cc1ccc(C(=O)Nc2ccc(CNC(=O)c3cc(=O)c4ccccc4o3)cc2)cc1,Cc1ccc(C(=O)Nc2ccc(CNC(=O)c3cc(=O)c4ccccc4o3)cc2)cc1,6.06762,-6.149765
320,mol160,-12.19,Nc1nc(Nc2ccc(S(N)(=O)=O)cc2)sc1C(=O)Nc1c(F)cccc1C(=O)O,Nc1nc(Nc2ccc(S(N)(=O)=O)cc2)sc1C(=O)Nc1c(F)cccc1C(=O)O,6.352434,-3.6910212
270,mol241,-12.19,Cc1cccc(-c2nc(Nc3cccc(C(=O)Nc4ccccc4S(=O)(=O)Nc4ccccc4)c3)cs2)c1,Cc1cccc(-c2nc(Nc3cccc(C(=O)Nc4ccccc4S(=O)(=O)Nc4ccccc4)c3)cs2)c1,6.2110915,-6.6692533
330,mol341,-12.19,Cc1cc(Nc2ccc(S(N)(=O)=O)cn2)ccc1-c1ccc(N2C(=O)[C@H](C)c3ccccc32)c(C(=O)O)c1,Cc1cc(Nc2ccc(S(N)(=O)=O)cn2)ccc1-c1ccc(N2C(=O)[C@H](C)c3ccccc32)c(C(=O)O)c1,6.80653,-6.1739726
690,mol309,-12.19,CN(c1ccc(NC(=O)c2ccc(Oc3ccncn3)cc2C(=O)O)cc1)S(=O)(=O)c1cccc(C(F)(F)F)c1,CN(c1ccc(NC(=O)c2ccc(Oc3ccncn3)cc2C(=O)O)cc1)S(=O)(=O)c1cccc(C(F)(F)F)c1,6.621769,-5.5533133
70,mol292,-12.19,c1ccc(-c2cccc(Nc3nccc(-c4ccccn4)n3)c2)cc1,c1ccc(-c2cccc(Nc3nccc(-c4ccccn4)n3)c2)cc1,5.944006,-5.358872
200,mol396,-12.19,FC(F)(F)c1cccc(Nc2ncc(C(F)(F)F)c(NCc3cccc(C4=CCCCC4)c3)n2)c1,FC(F)(F)c1cccc(Nc2ncc(C(F)(F)F)c(NCc3cccc(C4=CCCCC4)c3)n2)c1,6.2370377,-6.720031
330,mol32,-12.19,Cc1cccc(C(=O)Nc2ccc(-c3cc4nc(C(F)(F)F)ccc4[nH]3)cc2)c1,Cc1cccc(C(=O)Nc2ccc(-c3cc4nc(C(F)(F)F)ccc4[nH]3)cc2)c1,6.436272,-6.4060707
620,mol319,-12.19,Cc1ccc(C(=O)Nc2ccc(S(=O)(=O)N3CCOCC3)cc2)cc1Nc1ncnc2ccccc12,Cc1ccc(C(=O)Nc2ccc(S(=O)(=O)N3CCOCC3)cc2)cc1Nc1ncnc2ccccc12,7.0799456,-4.5987
720,mol354,-12.19,COc1cccc(CC(=O)Nc2cccc(Nc3ncnc4ccc(OCC(=O)O)cc34)c2)c1,COc1cccc(CC(=O)Nc2cccc(Nc3ncnc4ccc(OCC(=O)O)cc34)c2)c1,6.2733006,-5.8280697
890,mol131,-12.19,Cc1ccc(Oc2ccc(NC(=O)c3cccc(-c4cccc([N+](=O)[O-])c4)c3)cc2C(=O)O)c(C)c1,Cc1ccc(Oc2ccc(NC(=O)c3cccc(-c4cccc([N+](=O)[O-])c4)c3)cc2C(=O)O)c(C)c1,6.675984,-6.534624
180,mol423,-12.19,Cc1ccc(Oc2ccc(NC(=O)c3cccc(C(F)(F)F)c3)cc2)cc1,Cc1ccc(Oc2ccc(NC(=O)c3cccc(C(F)(F)F)c3)cc2)cc1,6.9205728,-6.4210405
640,mol176,-12.19,Cc1ccccc1S(=O)(=O)Nc1ccc2cc(C(=O)N[C@H](C)c3ccc(C(=O)O)cc3)ccc2c1,Cc1ccccc1S(=O)(=O)Nc1ccc2cc(C(=O)N[C@H](C)c3ccc(C(=O)O)cc3)ccc2c1,6.505886,-5.220482
340,mol494,-12.19,Cc1cn(-c2cc(NC(=O)c3ccc(Cc4ccc(CNC(=O)[C@H]5CCC[NH2+]5)cc4)cc3)cc(C(F)(F)F)c2)cn1,Cc1cn(-c2cc(NC(=O)c3ccc(Cc4ccc(CNC(=O)[C@H]5CCC[NH2+]5)cc4)cc3)cc(C(F)(F)F)c2)cn1,6.9152045,-4.858834
710,mol337,-12.19,Cc1cccc(Cc2cccc(-c3nc4ccccc4n3C)c2)c1,Cc1cccc(Cc2cccc(-c3nc4ccccc4n3C)c2)c1,6.037193,-6.2880354
900,mol106,-12.19,Cc1ccc(-c2cc3cc(Nc4ccncc4)ccc3n(CC(=O)c3ccccc3)c2=O)cc1,Cc1ccc(-c2cc3cc(Nc4ccncc4)ccc3n(CC(=O)c3ccccc3)c2=O)cc1,5.768293,-6.1921563
200,mol401,-12.19,Cc1ccc(Oc2cc(Nc3ccc(N[C@H](N)Nc4cccc(C(=O)O)c4)cc3)cc(N3CCCCC3)c2C#N)cc1C(=O)O,Cc1ccc(Oc2cc(Nc3ccc(N[C@H](N)Nc4cccc(C(=O)O)c4)cc3)cc(N3CCCCC3)c2C#N)cc1C(=O)O,7.083244,-6.2240243
190,mol441,-12.19,Cc1cc(Nc2cc(Nc3ccc(C(=O)Nc4ccc(Cl)cn4)cc3)n(-c3ccccc3C#N)n2)n(-c2ccccc2Cl)n1,Cc1cc(Nc2cc(Nc3ccc(C(=O)Nc4ccc(Cl)cn4)cc3)n(-c3ccccc3C#N)n2)n(-c2ccccc2Cl)n1,6.5514293,-7.8034883
750,mol257,-12.19,Cc1ccc(Oc2ncccc2-c2nc3cc(NS(=O)(=O)c4cccc(C(=O)O)c4)ccc3[nH]2)cc1,Cc1ccc(Oc2ncccc2-c2nc3cc(NS(=O)(=O)c4cccc(C(=O)O)c4)ccc3[nH]2)cc1,6.3933682,-5.874332
340,mol4,-12.19,Cc1c(-c2nc(-c3cccc(Cl)c3)no2)ccc2c1CN(C(=O)OCc1ccccc1CC#N)C2,Cc1c(-c2nc(-c3cccc(Cl)c3)no2)ccc2c1CN(C(=O)OCc1ccccc1CC#N)C2,6.23986,-6.443963
20,mol89,-12.19,c1ccc(Oc2ccc(Nc3ncnc4oc(-c5ccccc5)cc34)cc2)cc1,c1ccc(Oc2ccc(Nc3ncnc4oc(-c5ccccc5)cc34)cc2)cc1,5.9619,-7.3613715
670,mol114,-12.19,CS(=O)(=O)c1cccc(Nc2nccc(Nc3ccccc3C(=O)NCc3ccccc3)n2)c1,CS(=O)(=O)c1cccc(Nc2nccc(Nc3ccccc3C(=O)NCc3ccccc3)n2)c1,6.207068,-5.210672
210,mol95,-12.19,Cc1ccc(-c2ccc(C(=O)Nc3ccc(Oc4ccccc4)cc3Cl)cc2)o1,Cc1ccc(-c2ccc(C(=O)Nc3ccc(Oc4ccccc4)cc3Cl)cc2)o1,5.9563837,-7.397506
670,mol353,-12.18,CC(=O)Nc1ccc(C(=O)Nc2cccc(Nc3ncnc4ccccc34)c2)cc1,CC(=O)Nc1ccc(C(=O)Nc2cccc(Nc3ncnc4ccccc34)c2)cc1,6.5066247,-5.788704
670,mol361,-12.18,Cc1ccc(NC(=O)c2cccc(Nc3ncnc4ccc(OCc5ccccc5)cc34)c2)cc1N,Cc1ccc(NC(=O)c2cccc(Nc3ncnc4ccc(OCc5ccccc5)cc34)c2)cc1N,6.05032,-6.647938
500,mol7,-12.18,CC(=O)Nc1ccc(Oc2ccc(S(=O)(=O)Nc3ccc(Nc4nccc(-c5ccccc5)n4)cc3)cc2)cc1,CC(=O)Nc1ccc(Oc2ccc(S(=O)(=O)Nc3ccc(Nc4nccc(-c5ccccc5)n4)cc3)cc2)cc1,6.423932,-6.6656365
770,mol203,-12.18,CC(=O)Nc1cccc(-c2cccc(-c3cccc(C(=O)NCc4ccccc4O)c3)c2)c1,CC(=O)Nc1cccc(-c2cccc(-c3cccc(C(=O)NCc4ccccc4O)c3)c2)c1,5.6977215,-6.2909007
810,mol63,-12.18,Cc1ccc(C(=O)NC2CC2)cc1NC(=O)c1cccc(C(=O)Nc2cccc(C(=O)O)c2C)c1,Cc1ccc(C(=O)NC2CC2)cc1NC(=O)c1cccc(C(=O)Nc2cccc(C(=O)O)c2C)c1,6.544866,-5.582192
240,mol373,-12.18,Cc1ncc(COc2ccc(-c3cnc4ccccc4c3)cc2)cc1NC(=O)c1csc(C2CC2)c1,Cc1ncc(COc2ccc(-c3cnc4ccccc4c3)cc2)cc1NC(=O)c1csc(C2CC2)c1,6.365264,-6.9341063
990,mol364,-12.18,COc1ccc(-c2cccc(C(=O)c3cccc(OCc4ccccc4)c3)c2)cc1,COc1ccc(-c2cccc(C(=O)c3cccc(OCc4ccccc4)c3)c2)cc1,5.7213264,-7.4942245
860,mol418,-12.18,Cc1ccc(C(=O)Nc2ccc(Oc3ccccc3)cc2)cc1Nc1ccnc(Nc2ccccc2)n1,Cc1ccc(C(=O)Nc2ccc(Oc3ccccc3)cc2)cc1Nc1ccnc(Nc2ccccc2)n1,5.9359365,-7.1639237
890,mol446,-12.18,COc1ccc(-c2cccc(-c3cc(=O)c4cccc(O)c4o3)c2)cc1,COc1ccc(-c2cccc(-c3cc(=O)c4cccc(O)c4o3)c2)cc1,5.8524103,-6.499986
620,mol428,-12.18,Cc1ccc(Oc2ccc(C(=O)Nc3ncc[nH]3)cc2)cc1NC(=O)c1ccccc1F,Cc1ccc(Oc2ccc(C(=O)Nc3ncc[nH]3)cc2)cc1NC(=O)c1ccccc1F,6.5124283,-7.0137925
490,mol376,-12.18,CCC(=O)Nc1ccc(C(=O)Nc2cccc(-c3ccc(NC(=O)c4ccc(Cl)cc4)cc3)c2)cc1,CCC(=O)Nc1ccc(C(=O)Nc2cccc(-c3ccc(NC(=O)c4ccc(Cl)cc4)cc3)c2)cc1,5.9577403,-6.689645
690,mol53,-12.18,CC(=O)Nc1cccc(Oc2cccc(Nc3ccnc4ccc(NC(=O)NCCC[NH+]5CCOCC5)cc34)c2)c1,CC(=O)Nc1cccc(Oc2cccc(Nc3ccnc4ccc(NC(=O)NCCC[NH+]5CCOCC5)cc34)c2)c1,7.1081457,-4.618556
290,mol392,-12.18,Cc1ccc(CNC(=O)c2cccc(Cc3nc4ccccc4c(=O)[nH]3)c2)cc1,Cc1ccc(CNC(=O)c2cccc(Cc3nc4ccccc4c(=O)[nH]3)c2)cc1,6.109464,-5.3116593
550,mol18,-12.18,Clc1ccc2c(Nc3ccc(-c4nc[nH]c4-c4ccccc4)cc3)ccnc2c1,Clc1ccc2c(Nc3ccc(-c4nc[nH]c4-c4ccccc4)cc3)ccnc2c1,5.660711,-6.42814
670,mol363,-12.18,CC(=O)Nc1ccc(Oc2ccc(-c3ccc(Nc4nccc(NCc5cccnc5)n4)cc3)cc2C(N)=O)cc1,CC(=O)Nc1ccc(Oc2ccc(-c3ccc(Nc4nccc(NCc5cccnc5)n4)cc3)cc2C(N)=O)cc1,6.1131325,-6.4555655
90,mol22,-12.18,Cc1cn(-c2cccc(C(=O)c3cccc(NC(=O)c4ccccc4Cl)c3)c2)cn1,Cc1cn(-c2cccc(C(=O)c3cccc(NC(=O)c4ccccc4Cl)c3)c2)cn1,6.0345697,-6.094884
900,mol45,-12.18,Cc1ccccc1-c1ccc(C(=O)Nc2cccc(C(=O)c3ccccc3)c2)cc1,Cc1ccccc1-c1ccc(C(=O)Nc2cccc(C(=O)c3ccccc3)c2)cc1,6.0550337,-6.899307
530,mol271,-12.18,Cc1ccc(NC(=O)c2cccc(OCc3cn(Cc4ccccc4)nn3)c2)cc1NC(=O)c1cccc(S(=O)(=O)Nc2ccccc2)c1,Cc1ccc(NC(=O)c2cccc(OCc3cn(Cc4ccccc4)nn3)c2)cc1NC(=O)c1cccc(S(=O)(=O)Nc2ccccc2)c1,6.0316567,-6.55248
530,mol370,-12.18,Cc1ccc(C(=O)Nc2cccc(-c3ccccc3)c2C(=O)O)cc1,Cc1ccc(C(=O)Nc2cccc(-c3ccccc3)c2C(=O)O)cc1,6.4693413,-4.9169765
900,mol230,-12.18,COc1ccc(C(=O)Nc2ccc(Oc3ccc(-c4ncccn4)cc3)cc2)cc1F,COc1ccc(C(=O)Nc2ccc(Oc3ccc(-c4ncccn4)cc3)cc2)cc1F,6.0390744,-6.7669816
130,mol132,-12.18,FC(F)(F)c1cc(-c2ccncc2)ccc1N1CCC(c2nc(-c3cccnc3)n[nH]2)CC1,FC(F)(F)c1cc(-c2ccncc2)ccc1N1CCC(c2nc(-c3cccnc3)n[nH]2)CC1,6.531207,-5.7938156
640,mol136,-12.18,Cc1ccccc1-c1ccc(F)c(C(=O)NCc2cccc(OC(c3ccccc3)c3ccccc3)c2)c1,Cc1ccccc1-c1ccc(F)c(C(=O)NCc2cccc(OC(c3ccccc3)c3ccccc3)c2)c1,5.8146377,-6.67216
900,mol457,-12.18,CN(Cc1cnc2nc(N)nc(N)c2n1)c1ccc(C(=O)N[C@H]2CCc3ccccc3C2)cc1,CN(Cc1cnc2nc(N)nc(N)c2n1)c1ccc(C(=O)N[C@H]2CCc3ccccc3C2)cc1,7.0530214,-3.8052192
650,mol394,-12.18,CCC(=O)Nc1cccc(-c2cnc(Nc3cccc(C(=O)NCc4ccc(C(=O)O)cc4)c3)o2)c1,CCC(=O)Nc1cccc(-c2cnc(Nc3cccc(C(=O)NCc4ccc(C(=O)O)cc4)c3)o2)c1,6.696202,-5.751601
510,mol457,-12.18,Cc1cccc(Nc2ccnc(Nc3ccc(Cc4ccccc4)cc3)n2)c1,Cc1cccc(Nc2ccnc(Nc3ccc(Cc4ccccc4)cc3)n2)c1,6.0996966,-6.484989
130,mol422,-12.18,Cc1ccc(Nc2cccc(C(=O)NCc3ccccc3C(=O)O)c2C(=O)O)cc1F,Cc1ccc(Nc2cccc(C(=O)NCc3ccccc3C(=O)O)c2C(=O)O)cc1F,6.9628277,-5.106142
80,mol449,-12.18,CCOC(=O)c1cc2cc(-c3ccc(C(=O)Nc4ccc(C(=O)O)cc4)cc3)ccc2o1,CCOC(=O)c1cc2cc(-c3ccc(C(=O)Nc4ccc(C(=O)O)cc4)cc3)ccc2o1,6.336134,-6.059613
390,mol316,-12.18,CN(Cc1ccc(B(O)O)cc1)C(=O)CN1Cc2ccc(-c3nc4ccccc4[nH]3)cc2C1,CN(Cc1ccc(B(O)O)cc1)C(=O)CN1Cc2ccc(-c3nc4ccccc4[nH]3)cc2C1,6.3414073,-3.2083576
510,mol327,-12.18,Cc1cccc(C#Cc2ccc(Nc3ccnc4cc(Cl)ccc34)cc2)c1,Cc1cccc(C#Cc2ccc(Nc3ccnc4cc(Cl)ccc34)cc2)c1,6.119925,-6.3936143
540,mol302,-12.18,Cc1ccc(Nc2nc(-c3ccccc3)ncc2-c2ccc(NC(=O)c3ccc4ccccc4n3)cc2)cc1,Cc1ccc(Nc2nc(-c3ccccc3)ncc2-c2ccc(NC(=O)c3ccc4ccccc4n3)cc2)cc1,5.9557486,-6.793688
400,mol324,-12.18,Cc1ccccc1-c1ccc(C(=O)Nc2nnc(CCc3ccccc3)s2)cc1,Cc1ccccc1-c1ccc(C(=O)Nc2nnc(CCc3ccccc3)s2)cc1,5.7847652,-6.8226275
50,mol455,-12.18,c1ccc(-c2cc3c(Nc4cccc(Cc5ccccn5)c4)ncnc3[nH]2)cc1,c1ccc(-c2cc3c(Nc4cccc(Cc5ccccn5)c4)ncnc3[nH]2)cc1,6.166741,-5.8232546
310,mol298,-12.18,Cc1cc(Nc2ncnn3cc(-c4cn[nH]c4)cc23)ccc1NC(=O)c1ccc(C(N)=O)cc1,Cc1cc(Nc2ncnn3cc(-c4cn[nH]c4)cc23)ccc1NC(=O)c1ccc(C(N)=O)cc1,6.6761274,-5.274156
330,mol340,-12.18,Cc1cc(-c2ccc(F)cc2)cc(-c2cccc(C(=O)N[C@H](CO)Cc3ccccc3)c2)c1,Cc1cc(-c2ccc(F)cc2)cc(-c2cccc(C(=O)N[C@H](CO)Cc3ccccc3)c2)c1,6.0827365,-6.431219
750,mol290,-12.18,Cc1cccc(-c2nc(N)nc(Nc3ccc4ccccc4n3)n2)c1,Cc1cccc(-c2nc(N)nc(Nc3ccc4ccccc4n3)n2)c1,6.383948,-4.974058
550,mol6,-12.18,Cc1ccc(Nc2ncnc3nc[nH]c23)cc1NC(=O)c1ccc(Cc2ccccc2)cc1,Cc1ccc(Nc2ncnc3nc[nH]c23)cc1NC(=O)c1ccc(Cc2ccccc2)cc1,6.3270864,-6.7098413
490,mol467,-12.18,CC(C)c1cc(Oc2c(Cl)cc(NC(=O)Cc3ccc(C(=O)O)cc3)cc2C(=O)O)ccc1F,CC(C)c1cc(Oc2c(Cl)cc(NC(=O)Cc3ccc(C(=O)O)cc3)cc2C(=O)O)ccc1F,7.0129967,-6.274089
380,mol117,-12.18,Cc1ccc(NC(=O)c2ccc(C(=O)O)cc2)cc1Nc1ncnn2cc(C(=O)c3ccccc3)cc12,Cc1ccc(NC(=O)c2ccc(C(=O)O)cc2)cc1Nc1ncnn2cc(C(=O)c3ccccc3)cc12,6.497586,-5.9654155
810,mol134,-12.18,Cc1c(Nc2cccc(C(=O)O)c2)ccc2c1ccn2CC(=O)Nc1ccc(C(N)N)cc1,Cc1c(Nc2cccc(C(=O)O)c2)ccc2c1ccn2CC(=O)Nc1ccc(C(N)N)cc1,6.66083,-4.05628
340,mol185,-12.18,Cc1ccc(-n2nc(C(=O)Nc3ccc(Oc4ccncc4)cc3)cc2-c2ccc(NC(=O)Nc3cccc(C(=O)O)c3)cc2)cc1,Cc1ccc(-n2nc(C(=O)Nc3ccc(Oc4ccncc4)cc3)cc2-c2ccc(NC(=O)Nc3cccc(C(=O)O)c3)cc2)cc1,6.609901,-6.648124
360,mol427,-12.18,Cc1ccc(NC(=O)c2cccc(CC(=O)O)c2)cc1-c1ccc(N2CCC(C(=O)O)CC2)cc1,Cc1ccc(NC(=O)c2cccc(CC(=O)O)c2)cc1-c1ccc(N2CCC(C(=O)O)CC2)cc1,6.925146,-5.5965037
760,mol217,-12.18,CC(=O)Nc1cccc(-c2ccnc3cc(-c4ccccc4)ccc23)c1,CC(=O)Nc1cccc(-c2ccnc3cc(-c4ccccc4)ccc23)c1,5.8452897,-6.163361
430,mol105,-12.18,Cc1cc(CNc2ccc3c(c2C(=O)O)-c2cccc(N=C(N)N)c2OC3)ccc1F,Cc1cc(CNc2ccc3c(c2C(=O)O)-c2cccc(N=C(N)N)c2OC3)ccc1F,6.742899,-5.215395
910,mol287,-12.18,Cc1ccc(NC(=O)c2cccc(-n3cc(-c4ccncc4)cn3)c2)cc1C,Cc1ccc(NC(=O)c2cccc(-n3cc(-c4ccncc4)cn3)c2)cc1C,6.404579,-5.198077
720,mol328,-12.18,Cc1ccc(C(=O)Nc2ccc(F)c(C(=O)O)c2)cc1NC(=O)c1ccc(O)cc1Cl,Cc1ccc(C(=O)Nc2ccc(F)c(C(=O)O)c2)cc1NC(=O)c1ccc(O)cc1Cl,6.617198,-5.805501
580,mol391,-12.18,Cc1ccc(CNC(=O)NCc2ccc(C(=O)O)cc2)cc1NC(=O)c1ccccc1-c1ccccc1C(=O)O,Cc1ccc(CNC(=O)NCc2ccc(C(=O)O)cc2)cc1NC(=O)c1ccccc1-c1ccccc1C(=O)O,7.0637755,-5.556262
260,mol320,-12.18,CCc1nc2cc(C(=O)Nc3ccc4nc(NC(=O)C5CCCCC5)sc4c3)ccc2[nH]c1=O,CCc1nc2cc(C(=O)Nc3ccc4nc(NC(=O)C5CCCCC5)sc4c3)ccc2[nH]c1=O,7.3035765,-6.7021565
770,mol476,-12.18,Cc1cccc(C(=O)Nc2ccc(CNc3ccnc4ccccc34)cc2)c1,Cc1cccc(C(=O)Nc2ccc(CNc3ccnc4ccccc34)cc2)c1,6.110593,-5.9812965
910,mol339,-12.18,COc1ccc(-c2ccc(OCc3ccc(-c4cc(C(=O)O)ccn4)cc3)cc2)cc1,COc1ccc(-c2ccc(OCc3ccc(-c4cc(C(=O)O)ccn4)cc3)cc2)cc1,5.833525,-6.46629
820,mol366,-12.18,CCC(=O)Nc1ccccc1Nc1nc(Nc2ccc(NC(=O)c3ccc(C(=O)O)cc3)cc2)c2n[nH]c(-c3ccccc3)c2n1,CCC(=O)Nc1ccccc1Nc1nc(Nc2ccc(NC(=O)c3ccc(C(=O)O)cc3)cc2)c2n[nH]c(-c3ccccc3)c2n1,6.7372503,-6.2933736
600,mol11,-12.18,CC(=O)Nc1cccc(-c2cnc3ccc(-c4cccc(C(=O)Nc5cccc(C(=O)O)c5)c4)nn23)c1,CC(=O)Nc1cccc(-c2cnc3ccc(-c4cccc(C(=O)Nc5cccc(C(=O)O)c5)c4)nn23)c1,6.5063977,-5.7304883
980,mol282,-12.18,Cc1ccc(-n2nc(C(=O)NCc3cccc(C(F)(F)F)c3)cc2NC(=O)Nc2ccc(-c3ccncc3)cc2)cc1,Cc1ccc(-n2nc(C(=O)NCc3cccc(C(F)(F)F)c3)cc2NC(=O)Nc2ccc(-c3ccncc3)cc2)cc1,5.9336,-7.1149306
70,mol284,-12.18,Cc1ccc(Cl)cc1-c1cncc(NC(=O)c2cccc(S(=O)(=O)Nc3cccc(F)c3F)c2)c1,Cc1ccc(Cl)cc1-c1cncc(NC(=O)c2cccc(S(=O)(=O)Nc3cccc(F)c3F)c2)c1,6.513266,-6.6082935
600,mol305,-12.18,Cc1ccc(Nc2nccc(Nc3ccc4ccccc4n3)n2)cc1C(=O)O,Cc1ccc(Nc2nccc(Nc3ccc4ccccc4n3)n2)cc1C(=O)O,6.8183393,-4.820567
420,mol387,-12.18,CC(C)[C@H](NC(=O)c1ccc(CCc2ccc(NC(=O)Cc3ccccc3)cc2)cc1N)[C@H](O)c1nnc2n1CCCC2,CC(C)[C@H](NC(=O)c1ccc(CCc2ccc(NC(=O)Cc3ccccc3)cc2)cc1N)[C@H](O)c1nnc2n1CCCC2,6.874862,-4.9881415
760,mol493,-12.18,Cc1ccc(-c2c[nH]c(=O)c(Cc3ccc4ccccc4n3)n2)cc1,Cc1ccc(-c2c[nH]c(=O)c(Cc3ccc4ccccc4n3)n2)cc1,6.2944,-4.537377
230,mol368,-12.18,Cc1ccc(NS(=O)(=O)c2ccc(-c3cccc(C(=O)O)c3)cc2)cc1C,Cc1ccc(NS(=O)(=O)c2ccc(-c3cccc(C(=O)O)c3)cc2)cc1C,6.706005,-4.7816734
480,mol49,-12.18,Cc1ccc(CC(=O)Nc2cccc(Oc3ccc4nc(NC(=O)C5CC5)cnc4c3)c2)cc1,Cc1ccc(CC(=O)Nc2cccc(Oc3ccc4nc(NC(=O)C5CC5)cnc4c3)c2)cc1,6.3290477,-6.992389
720,mol325,-12.18,Cc1ccccc1CNC(=O)c1cccc(NC(=O)c2cccc(C(=O)O)c2)c1,Cc1ccccc1CNC(=O)c1cccc(NC(=O)c2cccc(C(=O)O)c2)c1,6.6748347,-4.8270383
830,mol390,-12.18,CCC(=O)Nc1ccc(-c2ccnc(Nc3cccc(C(=O)NCc4ccc(Cl)c(Cl)c4)c3)n2)cc1,CCC(=O)Nc1ccc(-c2ccnc(Nc3cccc(C(=O)NCc4ccc(Cl)c(Cl)c4)c3)n2)cc1,6.4556217,-6.4431777
820,mol467,-12.18,Cc1ccccc1-c1cccc(C(=O)c2cccc(C(=O)O)c2)c1,Cc1ccccc1-c1cccc(C(=O)c2cccc(C(=O)O)c2)c1,6.7192945,-4.3729715
10,mol220,-12.18,CC(C)n1nc(C#Cc2cccc(NC(=O)Nc3ccccc3)c2)c2c(N)ncnc21,CC(C)n1nc(C#Cc2cccc(NC(=O)Nc3ccccc3)c2)c2c(N)ncnc21,6.7576766,-5.035771
860,mol49,-12.18,CC(=O)Nc1ccc(S(=O)(=O)Nc2ccc(Oc3ccc4ccccc4c3)cc2)cc1,CC(=O)Nc1ccc(S(=O)(=O)Nc2ccc(Oc3ccc4ccccc4c3)cc2)cc1,6.2803955,-6.498056
910,mol440,-12.18,NC(=O)c1ccc(Cc2ccc(C(=O)CCc3ccc(C(=O)O)cc3)cc2)cc1,NC(=O)c1ccc(Cc2ccc(C(=O)CCc3ccc(C(=O)O)cc3)cc2)cc1,6.3012104,-4.7367063
590,mol245,-12.18,CN(C)C(=O)c1ccc(-c2cnc(Nc3ccc(C(=O)N[C@H]4CC[C@H](O)CC4)cc3)s2)cc1,CN(C)C(=O)c1ccc(-c2cnc(Nc3ccc(C(=O)N[C@H]4CC[C@H](O)CC4)cc3)s2)cc1,6.68003,-4.3302155
280,mol308,-12.17,Cc1cc(CC(=O)NO)ccc1NC(=O)Cc1ccc(Oc2ccc(C(=O)O)cc2)cc1,Cc1cc(CC(=O)NO)ccc1NC(=O)Cc1ccc(Oc2ccc(C(=O)O)cc2)cc1,6.8060145,-5.855844
530,mol324,-12.17,Cc1ccc(C(=O)Nc2cccc(-c3ccccn3)c2)cc1Nc1ncnn2cc(C(=O)O)cc12,Cc1ccc(C(=O)Nc2cccc(-c3ccccn3)c2)cc1Nc1ncnn2cc(C(=O)O)cc12,6.439638,-5.896106
530,mol405,-12.17,Cc1cc(CNC(=O)c2ccccc2Sc2ccc(NC(=O)Nc3ccccc3)cc2)ccc1O,Cc1cc(CNC(=O)c2ccccc2Sc2ccc(NC(=O)Nc3ccccc3)cc2)ccc1O,6.014955,-6.370245
900,mol393,-12.17,CCC(=O)Nc1ccc(-c2ccc(Nc3ccnc4cc(N)ccc34)cc2)cc1,CCC(=O)Nc1ccc(-c2ccc(Nc3ccnc4cc(N)ccc34)cc2)cc1,6.3174076,-5.7929068
880,mol346,-12.17,CC(=O)c1cccc(NC(=O)c2cccc(-c3cnc4[nH]c(-c5ccc(Oc6ccccc6)cc5)c(NC(C)C)c4n3)c2)c1,CC(=O)c1cccc(NC(=O)c2cccc(-c3cnc4[nH]c(-c5ccc(Oc6ccccc6)cc5)c(NC(C)C)c4n3)c2)c1,6.718703,-6.6332483
420,mol202,-12.17,Cc1cccc(-c2nc(Nc3cccc(C(=O)Nc4cccc(C(=O)O)c4)c3)sc2C(=O)O)c1,Cc1cccc(-c2nc(Nc3cccc(C(=O)Nc4cccc(C(=O)O)c4)c3)sc2C(=O)O)c1,6.2581773,-5.9104958
280,mol139,-12.17,Cc1nc2ccc(NCc3ccc(C(=O)N[C@@H](CCC(=O)O)C(=O)O)cc3)cc2c(=O)n1-c1ccc(F)cc1,Cc1nc2ccc(NCc3ccc(C(=O)N[C@@H](CCC(=O)O)C(=O)O)cc3)cc2c(=O)n1-c1ccc(F)cc1,6.4956393,-5.1126103
520,mol93,-12.17,Cc1ccc(NC(=O)c2ccc(-n3ccccc3=O)cc2)cc1Nc1ncccn1,Cc1ccc(NC(=O)c2ccc(-n3ccccc3=O)cc2)cc1Nc1ncccn1,6.5097427,-5.3856964
390,mol203,-12.17,Cc1ccc(NC(=O)[C@@H](C)Oc2cccc(C(=O)O)c2)cc1Cc1cccc2ccccc12,Cc1ccc(NC(=O)[C@@H](C)Oc2cccc(C(=O)O)c2)cc1Cc1cccc2ccccc12,6.563111,-6.237354
1000,mol361,-12.17,COc1ccc(CC(=O)Nc2cccc(-c3nc4ccccc4[nH]3)c2)cc1,COc1ccc(CC(=O)Nc2cccc(-c3nc4ccccc4[nH]3)c2)cc1,6.0852485,-5.9476533
520,mol128,-12.17,Cc1ccc(Nc2ncc(C(=O)Nc3cccc(OCC(=O)NCc4ccccc4)c3)s2)cc1NC(=O)c1ccccc1,Cc1ccc(Nc2ncc(C(=O)Nc3cccc(OCC(=O)NCc4ccccc4)c3)s2)cc1NC(=O)c1ccccc1,6.4008985,-6.200879
310,mol277,-12.17,Cc1ccc(C(=O)N[C@@H]2C=NC2=O)cc1Nc1ccn2ncc(-c3cccc(C(=O)Nc4ccc(C(C)C)cc4)c3)c2n1,Cc1ccc(C(=O)N[C@@H]2C=NC2=O)cc1Nc1ccn2ncc(-c3cccc(C(=O)Nc4ccc(C(C)C)cc4)c3)c2n1,6.9542527,-6.7137156
800,mol368,-12.17,Cc1ccc(C(=O)Nc2cccc(C(=O)O)c2C)cc1Cc1cccc2ccccc12,Cc1ccc(C(=O)Nc2cccc(C(=O)O)c2C)cc1Cc1cccc2ccccc12,6.6993937,-5.940854
130,mol189,-12.17,Cc1nc(N2CCC(C(F)(F)F)CC2)cnc1-c1nc(Nc2ccc(C(=O)N[C@@H](C)c3ccccc3)cc2)nc2ccccc12,Cc1nc(N2CCC(C(F)(F)F)CC2)cnc1-c1nc(Nc2ccc(C(=O)N[C@@H](C)c3ccccc3)cc2)nc2ccccc12,6.7114096,-6.0734253
430,mol489,-12.17,Cc1ccc(CN(Cc2ccc(C(=O)Nc3nc4ccc(C(N)N)cc4[nH]3)cc2)c2ccc(C(=O)O)c(C(=O)O)c2)cc1,Cc1ccc(CN(Cc2ccc(C(=O)Nc3nc4ccc(C(N)N)cc4[nH]3)cc2)c2ccc(C(=O)O)c(C(=O)O)c2)cc1,7.0117636,-5.618983
230,mol467,-12.17,C[C@@H](NC(=O)c1ccc(C#N)cc1)c1ccc(Nc2nccc(-c3cccc(Oc4ccccc4)c3)n2)cc1,C[C@@H](NC(=O)c1ccc(C#N)cc1)c1ccc(Nc2nccc(-c3cccc(Oc4ccccc4)c3)n2)cc1,6.228155,-7.183243
380,mol151,-12.17,Cc1nc(Nc2ncc(C(=O)Nc3cc(C(=O)N[C@@H](Cc4ccccc4)[C@H](O)C[NH2+]C4CCCCC4)ccc3F)s2)cc(N2CCOCC2)n1,Cc1nc(Nc2ncc(C(=O)Nc3cc(C(=O)N[C@@H](Cc4ccccc4)[C@H](O)C[NH2+]C4CCCCC4)ccc3F)s2)cc(N2CCOCC2)n1,7.845109,-4.4234896
980,mol444,-12.17,Cc1cccc(Cn2nc(-c3ccc(Oc4ccccc4)cc3)cc2NC(=O)Nc2cccc(C(N)N)c2)c1,Cc1cccc(Cn2nc(-c3ccc(Oc4ccccc4)cc3)cc2NC(=O)Nc2cccc(C(N)N)c2)c1,6.155507,-6.623999
400,mol239,-12.17,Cc1cccc(-c2nc(CC(=O)Nc3ccc(S(=O)(=O)N(C)C)cc3)cnc2N)c1,Cc1cccc(-c2nc(CC(=O)Nc3ccc(S(=O)(=O)N(C)C)cc3)cnc2N)c1,6.6175795,-4.1423593
460,mol279,-12.17,Cc1ccc(C(=O)Nc2ccc(F)c(C(=O)O)c2)cc1Nc1nccc(-c2cccnc2)n1,Cc1ccc(C(=O)Nc2ccc(F)c(C(=O)O)c2)cc1Nc1nccc(-c2cccnc2)n1,6.7771816,-5.6258335
690,mol268,-12.17,CC[C@H](NC(=O)c1c[nH]c2ncc(-c3nnc(-c4cccc(Cl)c4)o3)cc2c1=O)C(=O)N[C@H](C)C(=O)NC(C)(C)C,CC[C@H](NC(=O)c1c[nH]c2ncc(-c3nnc(-c4cccc(Cl)c4)o3)cc2c1=O)C(=O)N[C@H](C)C(=O)NC(C)(C)C,7.086322,-5.422976
730,mol285,-12.17,Cc1c(CC(=O)O)ccc(NC(=O)c2cccc(NC(=O)Nc3ccccc3Cl)c2)c1Cl,Cc1c(CC(=O)O)ccc(NC(=O)c2cccc(NC(=O)Nc3ccccc3Cl)c2)c1Cl,6.750204,-6.2751927
890,mol276,-12.17,CC(=O)Nc1ccc(NC(=O)c2cccc(-c3c[nH]c4ncccc34)c2)cc1,CC(=O)Nc1ccc(NC(=O)c2cccc(-c3c[nH]c4ncccc34)c2)cc1,6.448942,-5.301081
480,mol460,-12.17,CC[C@H](c1cccc(O)c1)[N@@H+](C)c1ccc(C(=O)Nc2ccc(NC(=O)Cc3ccc(CCNC(=O)Cc4ccccc4)cc3)cc2)cc1,CC[C@H](c1cccc(O)c1)[N@@H+](C)c1ccc(C(=O)Nc2ccc(NC(=O)Cc3ccc(CCNC(=O)Cc4ccccc4)cc3)cc2)cc1,6.3405232,-6.1126423
750,mol320,-12.17,Cc1ccc(Oc2cccc(NC(=O)c3cccc(C(=O)O)c3)n2)cc1C(=O)O,Cc1ccc(Oc2cccc(NC(=O)c3cccc(C(=O)O)c3)n2)cc1C(=O)O,6.5887356,-4.919572
10,mol87,-12.17,C#Cc1cccc(-c2ccnc3c2cnn3-c2cccc(C(N)=O)c2)c1,C#Cc1cccc(-c2ccnc3c2cnn3-c2cccc(C(N)=O)c2)c1,6.547654,-3.769888
890,mol45,-12.17,CNC(=O)c1ccc(Nc2ncc(Oc3ccc(-c4cncc(C(=O)O)c4)cc3)cn2)cc1,CNC(=O)c1ccc(Nc2ncc(Oc3ccc(-c4cncc(C(=O)O)c4)cc3)cn2)cc1,6.516361,-6.141658
300,mol231,-12.17,Cc1ccc(-c2nc3c(N)ccc(C(=O)NCc4cccc(C(=O)Nc5ccccc5)c4)c3[nH]2)cc1,Cc1ccc(-c2nc3c(N)ccc(C(=O)NCc4cccc(C(=O)Nc5ccccc5)c4)c3[nH]2)cc1,6.1749344,-6.492689
40,mol269,-12.17,Cc1ccc(Cl)cc1-c1cccc(C(=O)Nc2ncc(Cc3ccccc3)s2)c1,Cc1ccc(Cl)cc1-c1cccc(C(=O)Nc2ncc(Cc3ccccc3)s2)c1,6.47402,-7.0036297
240,mol383,-12.17,Cc1ccc(-c2cccc(C(=O)Nc3cccc(C(=O)NCc4ccccc4)c3)c2)cc1,Cc1ccc(-c2cccc(C(=O)Nc3cccc(C(=O)NCc4ccccc4)c3)c2)cc1,5.7906933,-6.6785045
680,mol428,-12.17,Cc1cccc(C(=O)Nc2cccc(-c3ccccc3S(N)(=O)=O)c2)c1,Cc1cccc(C(=O)Nc2cccc(-c3ccccc3S(N)(=O)=O)c2)c1,6.557329,-4.7368937
970,mol66,-12.17,Cc1ccccc1-c1cc(Oc2cccnc2)ccc1C(=O)Nc1ccc(C(=O)c2ccccc2)cc1,Cc1ccccc1-c1cc(Oc2cccnc2)ccc1C(=O)Nc1ccc(C(=O)c2ccccc2)cc1,6.322335,-7.082031
80,mol332,-12.17,CN(Cc1cnc2[nH]c(CCc3ccccc3)nn12)C(=O)c1ccc(Nc2ccccc2)cc1,CN(Cc1cnc2[nH]c(CCc3ccccc3)nn12)C(=O)c1ccc(Nc2ccccc2)cc1,6.121158,-6.5166354
200,mol343,-12.17,Cc1cc(Nc2nc(NCCc3ccccc3)nc(Nc3ccc4n[nH]cc4c3)n2)ccc1OC(=O)Nc1ccc(F)cc1,Cc1cc(Nc2nc(NCCc3ccccc3)nc(Nc3ccc4n[nH]cc4c3)n2)ccc1OC(=O)Nc1ccc(F)cc1,6.659598,-6.700418
880,mol399,-12.17,C[C@@H]1C(=O)NCCN1C(=O)[C@@H]1CCC[N@H+]([C@@H](C)Oc2ccc(-c3cc(-c4ccccc4)ncn3)cc2)C1,C[C@@H]1C(=O)NCCN1C(=O)[C@@H]1CCC[N@H+]([C@@H](C)Oc2ccc(-c3cc(-c4ccccc4)ncn3)cc2)C1,7.1051545,-3.216678
820,mol330,-12.17,CNC(=O)c1ccc(NCc2ccc(C(=O)Nc3ccc4ccccc4c3)cc2)cc1,CNC(=O)c1ccc(NCc2ccc(C(=O)Nc3ccc4ccccc4c3)cc2)cc1,5.8566713,-5.8265285
240,mol96,-12.17,Cc1c(CNC(=O)c2cc(NC(=O)c3ccc(C(C)(C)C)o3)cn2C)ccc(N2CCc3ccccc3C2)c1F,Cc1c(CNC(=O)c2cc(NC(=O)c3ccc(C(C)(C)C)o3)cn2C)ccc(N2CCc3ccccc3C2)c1F,6.4981194,-6.0424643
110,mol402,-12.17,Cc1ccc(-c2ccc(C(=O)NCc3cccc(Oc4ccccc4)c3)cc2)cc1,Cc1ccc(-c2ccc(C(=O)NCc3cccc(Oc4ccccc4)c3)cc2)cc1,5.923297,-7.08142
980,mol345,-12.17,COc1ccccc1-c1cc(Nc2cccc(C(=O)Nc3ncc(C(=O)NCCO)cc3F)c2)ncn1,COc1ccccc1-c1cc(Nc2cccc(C(=O)Nc3ncc(C(=O)NCCO)cc3F)c2)ncn1,6.7302785,-5.4115953
870,mol293,-12.17,Cc1ccc(C(=O)Nc2ccc(NC(=O)c3cc4ccccc4o3)cc2)cc1,Cc1ccc(C(=O)Nc2ccc(NC(=O)c3cc4ccccc4o3)cc2)cc1,6.308358,-6.462912
290,mol16,-12.17,Cc1ccc(NC(=O)c2cccc(Nc3ncc4ccc(=O)[nH]c4n3)c2)cc1,Cc1ccc(NC(=O)c2cccc(Nc3ncc4ccc(=O)[nH]c4n3)c2)cc1,6.3013477,-5.984448
240,mol398,-12.17,Nc1ccc(C(=O)Nc2cc(-c3cccc4ccccc34)n(Cc3cccc(C(=O)Nc4cccc(C(=O)O)c4)c3)n2)cc1,Nc1ccc(C(=O)Nc2cc(-c3cccc4ccccc34)n(Cc3cccc(C(=O)Nc4cccc(C(=O)O)c4)c3)n2)cc1,6.922728,-5.956176
660,mol42,-12.17,Cc1[nH]c(/C=C2\C(=O)Nc3ccc(Cl)cc32)c(C)c1C(=O)c1cccc(OS(=O)(=O)c2ccccc2)c1,Cc1[nH]c(/C=C2\C(=O)Nc3ccc(Cl)cc32)c(C)c1C(=O)c1cccc(OS(=O)(=O)c2ccccc2)c1,6.444862,-6.7609806
960,mol81,-12.17,CNc1cccc(-c2cc3cc(Nc4ccnc(C5CCCC5)n4)ccc3[nH]2)c1,CNc1cccc(-c2cc3cc(Nc4ccnc(C5CCCC5)n4)ccc3[nH]2)c1,6.697713,-5.6883745
100,mol322,-12.17,O=C(NC1CC1)c1ccc(-c2ccc(-c3ccccc3)cc2)cc1,O=C(NC1CC1)c1ccc(-c2ccc(-c3ccccc3)cc2)cc1,6.132429,-5.9899154
700,mol2,-12.17,COc1ccc(S(=O)(=O)Nc2ccc(NC(=O)c3ccc4ccccc4c3)cc2)cc1NC(=O)c1ccccc1C(=O)O,COc1ccc(S(=O)(=O)Nc2ccc(NC(=O)c3ccc4ccccc4c3)cc2)cc1NC(=O)c1ccccc1C(=O)O,6.468323,-5.989186
420,mol264,-12.17,Cc1ccc(C(=O)Nc2ccc(F)c(C(F)(F)F)c2C(=O)O)c(Oc2ccc3c(c2)C(c2cccc(C(=O)O)c2)=C3)c1,Cc1ccc(C(=O)Nc2ccc(F)c(C(F)(F)F)c2C(=O)O)c(Oc2ccc3c(c2)C(c2cccc(C(=O)O)c2)=C3)c1,6.550412,-6.1996007
190,mol230,-12.17,Cc1cc(NC(=O)NCc2ccc(C(F)(F)F)cc2)c(F)cc1NS(=O)(=O)c1ccc(F)c(C(F)(F)F)c1,Cc1cc(NC(=O)NCc2ccc(C(F)(F)F)cc2)c(F)cc1NS(=O)(=O)c1ccc(F)c(C(F)(F)F)c1,6.9368086,-5.971349
190,mol59,-12.17,Cc1ccccc1C(=O)Nc1ccc(Cc2c(O)ccc3ccccc23)cc1,Cc1ccccc1C(=O)Nc1ccc(Cc2c(O)ccc3ccccc23)cc1,5.913994,-6.13256
370,mol53,-12.17,Cc1cccc(-n2nc(C(=O)NCc3ccc4ccccc4c3)cc2-c2ccc(-c3nc4cccc(C(=O)O)c4o3)cc2)c1,Cc1cccc(-n2nc(C(=O)NCc3ccc4ccccc4c3)cc2-c2ccc(-c3nc4cccc(C(=O)O)c4o3)cc2)c1,6.3938136,-6.7601686
940,mol318,-12.17,C[C@@H](c1ccccc1)n1cc(-c2ccc(Oc3ccc(OC(F)(F)F)cc3)cc2)c2cc(-c3cncc(Cl)c3)ccc21,C[C@@H](c1ccccc1)n1cc(-c2ccc(Oc3ccc(OC(F)(F)F)cc3)cc2)c2cc(-c3cncc(Cl)c3)ccc21,5.98076,-6.954529
940,mol421,-12.17,CNC(=O)c1cnc(-c2cccc(C(=O)Nc3ccccc3)c2)cc1NC(=O)Nc1ccc(Nc2cccc(OC(F)(F)F)c2)nc1,CNC(=O)c1cnc(-c2cccc(C(=O)Nc3ccccc3)c2)cc1NC(=O)Nc1ccc(Nc2cccc(OC(F)(F)F)c2)nc1,6.7042074,-6.994367
630,mol488,-12.17,COc1cccc(-c2ccc(COc3ccc(C(=O)c4cccc(C(=O)O)c4)cc3)cc2C(=O)O)c1,COc1cccc(-c2ccc(COc3ccc(C(=O)c4cccc(C(=O)O)c4)cc3)cc2C(=O)O)c1,6.322176,-6.254858
540,mol301,-12.17,Cc1cc(F)ccc1-c1ccc(C(=O)Nc2ccccc2N)cc1F,Cc1cc(F)ccc1-c1ccc(C(=O)Nc2ccccc2N)cc1F,7.040032,-5.633465
850,mol274,-12.17,COc1cccc(CNC(=O)c2ccc(C(=O)Nc3cccc(Oc4ncnc5ccccc45)c3)cc2C(F)(F)F)c1,COc1cccc(CNC(=O)c2ccc(C(=O)Nc3cccc(Oc4ncnc5ccccc45)c3)cc2C(F)(F)F)c1,6.3795695,-7.179284
330,mol83,-12.17,Cc1cccc(Nc2nccc(-c3ccc4c(c3)CC[C@@H]4N)n2)c1,Cc1cccc(Nc2nccc(-c3ccc4c(c3)CC[C@@H]4N)n2)c1,6.145363,-4.087216
610,mol460,-12.17,CNC(=O)O[N@@H+]1CCc2ccc(-c3nccc(Nc4cccc(C(=O)O)c4)n3)cc2C1,CNC(=O)O[N@@H+]1CCc2ccc(-c3nccc(Nc4cccc(C(=O)O)c4)n3)cc2C1,7.2896013,-3.2288117
610,mol214,-12.17,CC(=O)Nc1cnc(Nc2cc(C3=CC(=O)N(c4ccc(Cl)cc4)C3=O)ccc2Cl)cn1,CC(=O)Nc1cnc(Nc2cc(C3=CC(=O)N(c4ccc(Cl)cc4)C3=O)ccc2Cl)cn1,6.615911,-6.680497
370,mol225,-12.17,Cc1ccc(C(=O)NCc2ccc(C(=O)Nc3nc(NC(=O)c4cccc(C(=O)O)c4)cs3)cc2)cc1,Cc1ccc(C(=O)NCc2ccc(C(=O)Nc3nc(NC(=O)c4cccc(C(=O)O)c4)cs3)cc2)cc1,6.3479714,-5.695421
360,mol234,-12.17,Cc1ccc(C(=O)Nc2ccc(C(=O)NCc3ccc(C(=O)N[C@@H](CC(=O)O)C(=O)O)s3)cc2C(=O)O)cc1,Cc1ccc(C(=O)Nc2ccc(C(=O)NCc3ccc(C(=O)N[C@@H](CC(=O)O)C(=O)O)s3)cc2C(=O)O)cc1,7.003681,-3.9005632
780,mol189,-12.17,Cc1c(Cl)cccc1NC(=O)c1cc(C)c2nn(-c3cccc(S(C)(=O)=O)c3)cc2c1,Cc1c(Cl)cccc1NC(=O)c1cc(C)c2nn(-c3cccc(S(C)(=O)=O)c3)cc2c1,6.719049,-6.1947722
180,mol7,-12.17,Cc1cc(C(=O)Nc2ccc([C@@H]3CNC(=O)c4ccc(N5CCOCC5)cc4N3)cc2)on1,Cc1cc(C(=O)Nc2ccc([C@@H]3CNC(=O)c4ccc(N5CCOCC5)cc4N3)cc2)on1,6.75079,-4.79255
160,mol463,-12.17,Cc1cnccc1NC(=O)c1cccc(Nc2nccc3cc(N(C)C=O)ccc23)c1,Cc1cnccc1NC(=O)c1cccc(Nc2nccc3cc(N(C)C=O)ccc23)c1,6.7759995,-5.2826967
580,mol175,-12.17,Cc1ccc(-c2ccc(=O)n(CC(=O)Nc3cccc(C(=O)O)c3)n2)cc1,Cc1ccc(-c2ccc(=O)n(CC(=O)Nc3cccc(C(=O)O)c3)n2)cc1,6.224298,-3.606972
770,mol486,-12.17,Cc1ccc(CNC(=O)c2cnc(Nc3ccc(C(N)=O)cc3)nc2N)cc1,Cc1ccc(CNC(=O)c2cnc(Nc3ccc(C(N)=O)cc3)nc2N)cc1,6.552295,-3.797038
210,mol1,-12.17,Cc1cc2cc(NS(=O)(=O)c3ccc4ccccc4c3)ccc2n(C)c1=O,Cc1cc2cc(NS(=O)(=O)c3ccc4ccccc4c3)ccc2n(C)c1=O,6.6602535,-4.836379
350,mol384,-12.17,Clc1ncc(Cn2cc(COc3ccc(-c4cncn4Cc4ccccc4)cc3)cn2)cc1-c1ccccc1,Clc1ncc(Cn2cc(COc3ccc(-c4cncn4Cc4ccccc4)cc3)cn2)cc1-c1ccccc1,5.8030987,-6.616842
340,mol98,-12.17,Cc1c(Cc2cccc(-c3ccc(C(N)N)cc3)c2)ccc(CCC(=O)O)c1O,Cc1c(Cc2cccc(-c3ccc(C(N)N)cc3)c2)ccc(CCC(=O)O)c1O,6.6400685,-4.228832
590,mol486,-12.17,Cc1ccc(C(=O)Nc2ccc(C(N)N)cc2)cc1Nc1nccc(-c2cccnc2)n1,Cc1ccc(C(=O)Nc2ccc(C(N)N)cc2)cc1Nc1nccc(-c2cccnc2)n1,6.603614,-4.9284005
750,mol244,-12.17,CC(=O)Nc1cccc(-c2cccc(NC(=O)c3cccc(C(=O)O)c3)c2)c1,CC(=O)Nc1cccc(-c2cccc(NC(=O)c3cccc(C(=O)O)c3)c2)c1,6.590294,-4.840245
790,mol409,-12.17,C=CC(=O)Nc1cccc(Oc2ccnc(Nc3ccc(N4CC[NH+](C)CC4)cc3C(F)(F)F)n2)c1,C=CC(=O)Nc1cccc(Oc2ccnc(Nc3ccc(N4CC[NH+](C)CC4)cc3C(F)(F)F)n2)c1,6.7493243,-4.818817
200,mol389,-12.17,Cc1cc(C(=O)Nc2ccc(S(=O)(=O)Nc3ccc(C(N)N)cc3)cc2)c2ccccc2n1,Cc1cc(C(=O)Nc2ccc(S(=O)(=O)Nc3ccc(C(N)N)cc3)cc2)c2ccccc2n1,6.5125194,-4.8334203
320,mol367,-12.17,Cc1cc(NC(=O)c2cccc(C(=O)NCc3ccc(Cl)c(C(F)(F)F)c3)c2)[nH]n1,Cc1cc(NC(=O)c2cccc(C(=O)NCc3ccc(Cl)c(C(F)(F)F)c3)c2)[nH]n1,6.4937263,-6.0030956
750,mol237,-12.17,O[C@](F)(Cc1cccc(-c2ccc(F)cc2)c1)c1cccc(NCc2cccnc2)c1,O[C@](F)(Cc1cccc(-c2ccc(F)cc2)c1)c1cccc(NCc2cccnc2)c1,6.1626186,-6.3703046
380,mol140,-12.17,Cc1ccc(C(=O)Nc2ncc(-c3ccc(NC(=O)c4ccccc4CO)cc3)s2)cc1,Cc1ccc(C(=O)Nc2ncc(-c3ccc(NC(=O)c4ccccc4CO)cc3)s2)cc1,5.989619,-6.6884813
140,mol391,-12.17,Cc1c(CC(N)=O)c2cc(OCc3cccc(C(=O)NCc4cccc(C(=O)O)c4)c3)ccc2n1CC(=O)NCCc1cccc(C(=O)c2ccccc2)c1,Cc1c(CC(N)=O)c2cc(OCc3cccc(C(=O)NCc4cccc(C(=O)O)c4)c3)ccc2n1CC(=O)NCCc1cccc(C(=O)c2ccccc2)c1,6.6752443,-6.1141734
320,mol276,-12.17,Cc1ccc(NC(=O)c2ccc(NC(=O)c3cccc(C(N)=O)c3)cc2)cc1,Cc1ccc(NC(=O)c2ccc(NC(=O)c3cccc(C(N)=O)c3)cc2)cc1,6.103348,-5.529399
240,mol265,-12.16,Cc1nc(NC(=O)c2ccoc2C(=O)Nc2cccc3ccccc23)cc(N2CCC(NC(=O)Cc3ccccc3)CC2)n1,Cc1nc(NC(=O)c2ccoc2C(=O)Nc2cccc3ccccc23)cc(N2CCC(NC(=O)Cc3ccccc3)CC2)n1,6.871756,-6.624511
190,mol90,-12.16,Cc1ccc(C(=O)Nc2cc(C(F)(F)F)cc(C(F)(F)F)c2)cc1-c1ccc2c(c1)CCCN2C=O,Cc1ccc(C(=O)Nc2cc(C(F)(F)F)cc(C(F)(F)F)c2)cc1-c1ccc2c(c1)CCCN2C=O,6.748716,-6.801652
700,mol89,-12.16,Cc1ccc(NC(=O)Nc2ccc(OCc3cccc(C(=O)Nc4ccncc4)c3)cc2)cc1NS(C)(=O)=O,Cc1ccc(NC(=O)Nc2ccc(OCc3cccc(C(=O)Nc4ccncc4)c3)cc2)cc1NS(C)(=O)=O,6.362224,-6.5574827
370,mol325,-12.16,Cc1ccc(NC(=O)c2ccc(C[NH+]3CCN(c4ccnc5ccccc45)CC3)cc2)cc1,Cc1ccc(NC(=O)c2ccc(C[NH+]3CCN(c4ccnc5ccccc45)CC3)cc2)cc1,6.056441,-4.157999
960,mol305,-12.16,CCc1cc(-c2cc(-c3cccc(CC(=O)O)c3)ccn2)cc(C)c1OCc1cccc(CO)c1,CCc1cc(-c2cc(-c3cccc(CC(=O)O)c3)ccn2)cc(C)c1OCc1cccc(CO)c1,6.926815,-6.021555
240,mol327,-12.16,CS(=O)(=O)Nc1ccc(-c2ccc(NC(=O)Nc3ccccc3C(=O)O)cc2)cc1S(N)(=O)=O,CS(=O)(=O)Nc1ccc(-c2ccc(NC(=O)Nc3ccccc3C(=O)O)cc2)cc1S(N)(=O)=O,6.8648553,-4.3565497
880,mol160,-12.16,COc1cc(F)cc(-c2ccc(Oc3ccc(C(=O)O)c(C(=O)O)c3)cc2C(=O)O)c1C,COc1cc(F)cc(-c2ccc(Oc3ccc(C(=O)O)c(C(=O)O)c3)cc2C(=O)O)c1C,6.9618173,-5.4417696
330,mol110,-12.16,Cc1cn(CNc2cccc(C(=O)Nc3ccc4c(C#N)cccc4c3)c2)c2ccccc12,Cc1cn(CNc2cccc(C(=O)Nc3ccc4c(C#N)cccc4c3)c2)c2ccccc12,6.0086274,-6.4826727
550,mol157,-12.16,Cc1oc(-c2ccc(N(C)C)cc2F)nc1-c1ccc2[nH]cc(CCc3ccccc3)c2c1,Cc1oc(-c2ccc(N(C)C)cc2F)nc1-c1ccc2[nH]cc(CCc3ccccc3)c2c1,6.4487615,-6.815783
930,mol216,-12.16,Cc1ccc(C(=O)Nc2ccc(-c3ccc(NC(=O)c4ccc(Cl)cc4)s3)cc2)cc1,Cc1ccc(C(=O)Nc2ccc(-c3ccc(NC(=O)c4ccc(Cl)cc4)s3)cc2)cc1,5.938346,-7.336797
420,mol80,-12.16,Cc1cn(Cc2cccc(Oc3ccccc3)c2)c2ccc(C(=O)O)cc12,Cc1cn(Cc2cccc(Oc3ccccc3)c2)c2ccc(C(=O)O)cc12,6.8132067,-5.8337803
330,mol144,-12.16,Cc1ccc(C(=O)Nc2ccc(Nc3nc(Nc4cccc(O)c4)cc(N(C)S(C)(=O)=O)n3)cc2)cc1,Cc1ccc(C(=O)Nc2ccc(Nc3nc(Nc4cccc(O)c4)cc(N(C)S(C)(=O)=O)n3)cc2)cc1,6.337195,-5.76546
350,mol162,-12.16,O=C(Nc1ccccc1)c1ccc(-c2ccc3nc(NC(=S)Nc4ccccc4)sc3c2)cc1,O=C(Nc1ccccc1)c1ccc(-c2ccc3nc(NC(=S)Nc4ccccc4)sc3c2)cc1,6.2348266,-7.264819
550,mol240,-12.16,Cc1ccc(CNC(=O)Nc2cccc(Nc3ncnc4ccccc34)c2)cc1,Cc1ccc(CNC(=O)Nc2cccc(Nc3ncnc4ccccc34)c2)cc1,6.6108165,-6.1111984
210,mol278,-12.16,Cc1ccc(-c2cnc(Nc3ccc(C(=O)Nc4ccc(C(=O)O)cc4)cc3)cc2-c2ccc(C(=O)O)cc2)cc1,Cc1ccc(-c2cnc(Nc3ccc(C(=O)Nc4ccc(C(=O)O)cc4)cc3)cc2-c2ccc(C(=O)O)cc2)cc1,6.659802,-6.311074
880,mol170,-12.16,COc1ccc(-c2ccc(OC[C@@H](Oc3ccc([C@H](C)NC(=O)c4cccc(C(F)(F)F)c4)cc3)C(=O)O)cc2)cc1,COc1ccc(-c2ccc(OC[C@@H](Oc3ccc([C@H](C)NC(=O)c4cccc(C(F)(F)F)c4)cc3)C(=O)O)cc2)cc1,6.1183534,-6.310869
930,mol131,-12.16,Cc1cccc(Cc2cc(Oc3cccc(-c4ccccc4)c3)[nH]n2)c1,Cc1cccc(Cc2cc(Oc3cccc(-c4ccccc4)c3)[nH]n2)c1,6.245565,-6.639852
420,mol322,-12.16,CNC(=O)Nc1ccc(Cc2ccc(-c3cccc(C(=O)NCc4ccccc4)c3)cc2)cc1,CNC(=O)Nc1ccc(Cc2ccc(-c3cccc(C(=O)NCc4ccccc4)c3)cc2)cc1,5.829069,-6.3304214
420,mol129,-12.16,Cc1ccc(-c2cc(C(F)(F)F)cc(C(F)(F)F)c2)cc1NC(=O)c1cnc(NC2CCN(c3ccncc3)CC2)cc1N,Cc1ccc(-c2cc(C(F)(F)F)cc(C(F)(F)F)c2)cc1NC(=O)c1cnc(NC2CCN(c3ccncc3)CC2)cc1N,6.955909,-6.665819
760,mol247,-12.16,Cc1cccc(Nc2ccc(C(F)(F)F)c(C(=O)c3c[nH]c4ccccc34)c2)c1,Cc1cccc(Nc2ccc(C(F)(F)F)c(C(=O)c3c[nH]c4ccccc34)c2)c1,6.4241037,-6.678496
60,mol251,-12.16,Cc1nc(Nc2ncc(C(=O)Nc3cccc(Nc4ncccc4C(C)(C)C)c3)s2)cc(N2CCN(C(=O)c3ccc4ccccc4c3)CC2)n1,Cc1nc(Nc2ncc(C(=O)Nc3cccc(Nc4ncccc4C(C)(C)C)c3)s2)cc(N2CCN(C(=O)c3ccc4ccccc4c3)CC2)n1,7.0109763,-6.3919435
520,mol422,-12.16,CC(C)Nc1ccccc1-c1cc2ccc(C(=O)Nc3ccc4c(c3)C[N@@H+](C)C4)cc2[nH]c1=O,CC(C)Nc1ccccc1-c1cc2ccc(C(=O)Nc3ccc4c(c3)C[N@@H+](C)C4)cc2[nH]c1=O,6.3541985,-4.773914
620,mol254,-12.16,Cc1cc(Oc2ccc(Nc3ccnc4cc(Cl)ccc34)cc2)ccc1C(=O)O,Cc1cc(Oc2ccc(Nc3ccnc4cc(Cl)ccc34)cc2)ccc1C(=O)O,6.7377844,-6.2271123
470,mol484,-12.16,CC(C)CC(=O)Nc1cccc(Nc2nccc(-c3cc(CNc4ccc(C(=O)O)cn4)ccc3C(F)(F)F)n2)c1,CC(C)CC(=O)Nc1cccc(Nc2nccc(-c3cc(CNc4ccc(C(=O)O)cn4)ccc3C(F)(F)F)n2)c1,6.9028277,-5.99195
610,mol271,-12.16,CC(C)(C)c1ccc(CC(=O)Nc2ccc(Nc3ccnc4ccccc34)cc2)cc1,CC(C)(C)c1ccc(CC(=O)Nc2ccc(Nc3ccnc4ccccc34)cc2)cc1,6.1022377,-6.9006224
700,mol241,-12.16,Cc1ccc(C(=O)Nc2cccc(Oc3ccnc4ccccc34)c2)cc1,Cc1ccc(C(=O)Nc2cccc(Oc3ccnc4ccccc34)c2)cc1,6.476766,-6.5177913
910,mol25,-12.16,Cc1cccc(CNC(=O)Nc2ccc(Oc3ccnc(Nc4ccnc(OCC5CCCCC5)n4)c3)cc2)c1,Cc1cccc(CNC(=O)Nc2ccc(Oc3ccnc(Nc4ccnc(OCC5CCCCC5)n4)c3)cc2)c1,6.7280846,-7.142188
290,mol271,-12.16,Cc1cc(NC(=O)c2ccc3c(c2)CC(=O)N3Cc2ccccc2C(F)(F)F)ccc1F,Cc1cc(NC(=O)c2ccc3c(c2)CC(=O)N3Cc2ccccc2C(F)(F)F)ccc1F,6.5401974,-6.5866733
830,mol409,-12.16,COc1ccc(Nc2ncccc2-c2nc3cc(NS(=O)(=O)c4cccc(C(=O)NCCC[NH+](C)C)c4)ccc3[nH]2)cc1,COc1ccc(Nc2ncccc2-c2nc3cc(NS(=O)(=O)c4cccc(C(=O)NCCC[NH+](C)C)c4)ccc3[nH]2)cc1,6.3769846,-4.2206216
360,mol310,-12.16,[NH3+]Cc1cccc(NC(=O)c2cc(C(=O)NCc3ccccc3Cl)ccc2F)c1,[NH3+]Cc1cccc(NC(=O)c2cc(C(=O)NCc3ccccc3Cl)ccc2F)c1,6.5088615,-4.7975807
90,mol328,-12.16,Cc1cccc(-n2nc(C(C)(C)C)cc2NC(=O)Nc2cccc(S(=O)(=O)N(C)c3ccc(Cl)cc3)c2)c1,Cc1cccc(-n2nc(C(C)(C)C)cc2NC(=O)Nc2cccc(S(=O)(=O)N(C)c3ccc(Cl)cc3)c2)c1,6.707818,-7.017706
930,mol155,-12.16,Cc1cccnc1-c1ccc(-c2cc(-c3ccc(F)cc3)ncn2)cc1,Cc1cccnc1-c1ccc(-c2cc(-c3ccc(F)cc3)ncn2)cc1,5.9912467,-5.909205
780,mol247,-12.16,COc1ccc(CNC(=O)c2cccc(C(=O)Nc3ccccc3C(=O)O)c2)cc1,COc1ccc(CNC(=O)c2cccc(C(=O)Nc3ccccc3C(=O)O)c2)cc1,6.1026554,-5.337803
360,mol172,-12.16,Cc1ncc(C(=O)NCc2ccc(C(=O)N[C@@H](CCC(=O)O)C(=O)O)s2)cc1-c1ccc(/C=C/C(=O)NO)cc1,Cc1ncc(C(=O)NCc2ccc(C(=O)N[C@@H](CCC(=O)O)C(=O)O)s2)cc1-c1ccc(/C=C/C(=O)NO)cc1,7.1420503,-4.2198043
850,mol346,-12.16,Cc1ccccc1CNC(=O)c1cc(NC(=O)c2ccc3ccccc3n2)cn1C,Cc1ccccc1CNC(=O)c1cc(NC(=O)c2ccc3ccccc3n2)cn1C,6.3230333,-4.8814144
640,mol163,-12.16,Cc1cncc(-c2cc(F)c3cc(C(=O)Nc4ccc(C(=O)O)cc4)ccc3n2)n1,Cc1cncc(-c2cc(F)c3cc(C(=O)Nc4ccc(C(=O)O)cc4)ccc3n2)n1,6.6123037,-5.1340537
100,mol83,-12.16,Cc1nc(Nc2ncc(C(=O)Nc3ccc(Oc4ccccc4)cc3)cc2C(F)(F)F)cn1C,Cc1nc(Nc2ncc(C(=O)Nc3ccc(Oc4ccccc4)cc3)cc2C(F)(F)F)cn1C,6.700221,-6.493717
810,mol107,-12.16,Cc1ccc(C(=O)Nc2ccc([C@@H](C)Nc3ncnc4ccc(-c5ccccc5)cc34)cc2)cc1,Cc1ccc(C(=O)Nc2ccc([C@@H](C)Nc3ncnc4ccc(-c5ccccc5)cc34)cc2)cc1,5.9432573,-6.680941
820,mol245,-12.16,Cc1ccc(-n2nc(C(C)(C)C)cc2NC(=O)Nc2ccc(Nc3ccnc4ccccc34)cc2)cc1,Cc1ccc(-n2nc(C(C)(C)C)cc2NC(=O)Nc2ccc(Nc3ccnc4ccccc34)cc2)cc1,6.158647,-6.8214645
870,mol377,-12.16,C[C@@H](NC(=O)c1cc(COC(=O)Cc2ccccc2)cc(NC(=O)c2cccnc2)c1)[C@H](O)c1cccc(C(=O)O)c1,C[C@@H](NC(=O)c1cc(COC(=O)Cc2ccccc2)cc(NC(=O)c2cccnc2)c1)[C@H](O)c1cccc(C(=O)O)c1,6.859847,-5.30794
360,mol84,-12.16,Cc1cc(C(=O)O)cc(-c2cccc(Nc3ccc(C(=O)N[C@H](CCC(=O)O)C(=O)O)cc3)c2)c1,Cc1cc(C(=O)O)cc(-c2cccc(Nc3ccc(C(=O)N[C@H](CCC(=O)O)C(=O)O)cc3)c2)c1,6.8631477,-4.916866
340,mol492,-12.16,Cc1cccc(-c2nc(-c3ccc(C(=O)Nc4ccc(C(=O)O)cn4)cc3)cn2C)c1,Cc1cccc(-c2nc(-c3ccc(C(=O)Nc4ccc(C(=O)O)cn4)cc3)cn2C)c1,6.1032887,-5.4453483
270,mol5,-12.16,Cc1ccc(-c2cnc(NCCc3cccc(C(=O)Nc4cccc(C(F)(F)F)c4)c3)cc2N2CCNC(=O)C2)cc1,Cc1ccc(-c2cnc(NCCc3cccc(C(=O)Nc4cccc(C(F)(F)F)c4)c3)cc2N2CCNC(=O)C2)cc1,6.1806655,-6.2392497
860,mol34,-12.16,Cc1ccccc1-c1cccc(CNC(=O)c2ccc(C(N)N)cc2)c1,Cc1ccccc1-c1cccc(CNC(=O)c2ccc(C(N)N)cc2)c1,6.5867114,-4.1731167
500,mol249,-12.16,CCC(CC)CNc1ncnc2ccc(-c3ccc(C(=O)N[C@H](CCc4ccc(F)cc4)C(=O)O)cc3)cc12,CCC(CC)CNc1ncnc2ccc(-c3ccc(C(=O)N[C@H](CCc4ccc(F)cc4)C(=O)O)cc3)cc12,6.5342674,-6.420744
370,mol363,-12.16,Cc1cccc(-n2nc(C(=O)NCc3cccc(Cl)c3)cc2-c2ccc(NC(=O)c3ccc4ccccc4n3)cc2)c1,Cc1cccc(-n2nc(C(=O)NCc3cccc(Cl)c3)cc2-c2ccc(NC(=O)c3ccc4ccccc4n3)cc2)c1,6.251911,-6.9393997
250,mol66,-12.16,Cc1ncc(-c2cccc(O)c2)cc1NC(=O)c1ccc(Nc2ncccc2-c2ccccn2)cc1,Cc1ncc(-c2cccc(O)c2)cc1NC(=O)c1ccc(Nc2ncccc2-c2ccccn2)cc1,5.9174476,-6.095383
850,mol468,-12.16,CNC(=O)c1ccc(Oc2ccc(Nc3nccc4ccccc34)cc2)cc1,CNC(=O)c1ccc(Oc2ccc(Nc3nccc4ccccc34)cc2)cc1,6.545681,-6.1228185
760,mol122,-12.16,COc1cccc(Oc2cc(NC(=O)c3ccc4ccccc4c3)ncn2)c1,COc1cccc(Oc2cc(NC(=O)c3ccc4ccccc4c3)ncn2)c1,6.2178936,-6.4487467
600,mol431,-12.16,Cc1ccc(C(=O)Nc2ccc(N(C)C)cc2)cc1NC(=O)c1cnc(-c2ccccc2)nc1,Cc1ccc(C(=O)Nc2ccc(N(C)C)cc2)cc1NC(=O)c1cnc(-c2ccccc2)nc1,6.564562,-6.5031157
240,mol466,-12.16,Cc1ccc(NC(=O)c2cccc(Cn3cc(NC(=O)c4ccc(C(C)(C)C)o4)c4ccccc43)c2)cc1,Cc1ccc(NC(=O)c2cccc(Cn3cc(NC(=O)c4ccc(C(C)(C)C)o4)c4ccccc43)c2)cc1,6.0085416,-6.708076
340,mol441,-12.16,Cc1ccc(C(=O)Nc2ccc(CNC(=O)c3ccc4nccc(Nc5cc(C(F)(F)F)ccc5Cl)c4c3)cc2)cc1,Cc1ccc(C(=O)Nc2ccc(CNC(=O)c3ccc4nccc(Nc5cc(C(F)(F)F)ccc5Cl)c4c3)cc2)cc1,6.256038,-7.0588374
880,mol423,-12.16,CNC(=O)c1cc(Oc2ccc(-c3cc4cc(C(N)N)ccc4[nH]c3=O)cc2)cnc1N,CNC(=O)c1cc(Oc2ccc(-c3cc4cc(C(N)N)ccc4[nH]c3=O)cc2)cnc1N,6.5299544,-4.6656218
660,mol275,-12.16,Cc1ccc(C(=O)Nc2cccc(Nc3ncnc4cccc(N)c34)c2)cc1,Cc1ccc(C(=O)Nc2cccc(Nc3ncnc4cccc(N)c34)c2)cc1,6.5269837,-5.6020484
240,mol39,-12.16,Cc1ccc(NC(=O)c2cccc(-c3nc(NC4CCCCC4)c4cccnc4n3)c2)cc1,Cc1ccc(NC(=O)c2cccc(-c3nc(NC4CCCCC4)c4cccnc4n3)c2)cc1,6.1641536,-5.836932
540,mol400,-12.16,CCc1ccc(Nc2nc(Nc3ccccc3)nc(Nc3ccc(Nc4ccnc5ccccc45)cc3)n2)cc1,CCc1ccc(Nc2nc(Nc3ccccc3)nc(Nc3ccc(Nc4ccnc5ccccc45)cc3)n2)cc1,6.0637245,-6.553268
250,mol440,-12.16,Cc1ccc(-n2nc(C(=O)Nc3ccc(-c4cccc(C(=O)NCCC(=O)O)c4)cc3)cc2NC(=O)c2ccc(NS(=O)(=O)c3cc(Cl)ccc3Cl)cc2)o1,Cc1ccc(-n2nc(C(=O)Nc3ccc(-c4cccc(C(=O)NCCC(=O)O)c4)cc3)cc2NC(=O)c2ccc(NS(=O)(=O)c3cc(Cl)ccc3Cl)cc2)o1,7.0528913,-5.6032715
650,mol124,-12.16,CC(=O)N[C@@H](C)COc1ccc(-c2ccc(NC(=O)c3cc4ccccn4n3)cc2)cc1,CC(=O)N[C@@H](C)COc1ccc(-c2ccc(NC(=O)c3cc4ccccn4n3)cc2)cc1,6.3587213,-5.522374
510,mol224,-12.16,Cc1cccc(-c2nc(Nc3cccc(NC(=O)c4ccccc4)c3)cs2)c1,Cc1cccc(-c2nc(Nc3cccc(NC(=O)c4ccccc4)c3)cs2)c1,6.242373,-6.290383
240,mol15,-12.16,Cc1cccc(-n2nc(C(C)(C)C)cc2NC(=O)Nc2ccc(Oc3ccnc4[nH]ccc34)cc2)c1,Cc1cccc(-n2nc(C(C)(C)C)cc2NC(=O)Nc2ccc(Oc3ccnc4[nH]ccc34)cc2)c1,6.910955,-7.0520196
740,mol409,-12.16,Cc1ccc(Nc2nccc(-c3c[nH]c4ccccc34)n2)cc1F,Cc1ccc(Nc2nccc(-c3c[nH]c4ccccc34)n2)cc1F,6.817644,-5.534259
450,mol357,-12.16,CC(=O)Nc1cccc(Nc2nc(Nc3cccc(NC(=O)c4ccc(C(=O)O)cc4)c3)nc3ccsc23)c1,CC(=O)Nc1cccc(Nc2nc(Nc3cccc(NC(=O)c4ccc(C(=O)O)cc4)c3)nc3ccsc23)c1,6.62063,-5.9040766
80,mol270,-12.16,Cc1nc2ccc(NC(=O)c3ccc(Nc4nccc(-c5cccnc5)n4)cc3Cl)cc2s1,Cc1nc2ccc(NC(=O)c3ccc(Nc4nccc(-c5cccnc5)n4)cc3Cl)cc2s1,6.696129,-6.092336
910,mol230,-12.16,COc1ccc(-c2cc(C(=O)Nc3cccc(-c4cccc(C(=O)O)n4)c3)on2)cc1,COc1ccc(-c2cc(C(=O)Nc3cccc(-c4cccc(C(=O)O)n4)c3)on2)cc1,5.975702,-5.83488
530,mol272,-12.16,Cc1ccc(NC(=O)c2cccc(C(=O)O)n2)cc1NC(=O)c1csc(-c2ccccc2)c1,Cc1ccc(NC(=O)c2cccc(C(=O)O)n2)cc1NC(=O)c1csc(-c2ccccc2)c1,6.629318,-5.7726974
710,mol280,-12.16,Cc1cccc(C(=O)Nc2ccc(Nc3ncnc4ccc(N)cc34)cc2)c1,Cc1cccc(C(=O)Nc2ccc(Nc3ncnc4ccc(N)cc34)cc2)c1,6.550377,-5.1966763
900,mol397,-12.16,Cc1ccc(-c2cc(O)c(Cc3ccc(C(=O)O)cc3)cc2C(=O)O)cc1,Cc1ccc(-c2cc(O)c(Cc3ccc(C(=O)O)cc3)cc2C(=O)O)cc1,6.598218,-4.0464234
510,mol292,-12.16,CC(=O)Nc1cccc(Nc2ncc(-c3cccc(C(=O)Nc4cccc(C(C)(C)C)c4)c3)s2)c1,CC(=O)Nc1cccc(Nc2ncc(-c3cccc(C(=O)Nc4cccc(C(C)(C)C)c4)c3)s2)c1,6.548915,-6.8577046
950,mol252,-12.16,CCc1ccc(Nc2ncnc(-c3cccc(NC(=O)c4ccccc4)c3)n2)cc1,CCc1ccc(Nc2ncnc(-c3cccc(NC(=O)c4ccccc4)c3)n2)cc1,6.329395,-6.3015757
210,mol94,-12.16,Cc1cc(NC2CCCCC2)c2cc(C(=O)Nc3ccc(NC(=O)c4ccccc4)cc3)ccc2n1,Cc1cc(NC2CCCCC2)c2cc(C(=O)Nc3ccc(NC(=O)c4ccccc4)cc3)ccc2n1,6.5432806,-6.544029
220,mol301,-12.16,Cc1cc(=O)oc2cc(Oc3ccc(NC(=O)c4ccc(Cl)cc4)cc3)ccc12,Cc1cc(=O)oc2cc(Oc3ccc(NC(=O)c4ccc(Cl)cc4)cc3)ccc12,6.5173926,-6.9051065
120,mol132,-12.16,Cc1ccc(NC(=O)c2cccc(CC3CCCCC3)n2)cc1Nc1ncnc2ccccc12,Cc1ccc(NC(=O)c2cccc(CC3CCCCC3)n2)cc1Nc1ncnc2ccccc12,6.755121,-6.6355615
880,mol80,-12.16,Cc1ccc(CNC(=O)c2ccc(CNS(=O)(=O)c3ccc4nc(N)ccc4c3)cc2)cc1,Cc1ccc(CNC(=O)c2ccc(CNS(=O)(=O)c3ccc4nc(N)ccc4c3)cc2)cc1,6.464135,-4.6544256
670,mol159,-12.16,CCC(=O)Nc1cccc(Cn2cc(NC(=O)c3n[nH]c4cc(-c5ccccc5)ccc34)cn2)c1,CCC(=O)Nc1cccc(Cn2cc(NC(=O)c3n[nH]c4cc(-c5ccccc5)ccc34)cn2)c1,6.1843534,-6.6097875
280,mol343,-12.16,Cc1ccc(NC(=O)c2cccc(C(F)(F)F)c2)cc1-c1ccc(NCc2cccnc2)cc1,Cc1ccc(NC(=O)c2cccc(C(F)(F)F)c2)cc1-c1ccc(NCc2cccnc2)cc1,5.7303863,-6.5029006
500,mol34,-12.16,Cc1nc(Nc2nccc(-c3cccc4[nH]ccc34)n2)sc1C(=O)NC(C)(C)C,Cc1nc(Nc2nccc(-c3cccc4[nH]ccc34)n2)sc1C(=O)NC(C)(C)C,6.742654,-5.3126345
840,mol18,-12.16,Cc1ccc(C(=O)Nc2cnc(C#N)c(Nc3cccc(C(=O)Nc4cccc(C(F)(F)F)c4)c3)n2)cc1,Cc1ccc(C(=O)Nc2cnc(C#N)c(Nc3cccc(C(=O)Nc4cccc(C(F)(F)F)c4)c3)n2)cc1,6.210544,-6.910234
320,mol411,-12.16,Cc1ccc(NC(=O)c2ccc(C(F)(F)F)cc2)cc1Nc1ncnc2cnc(Nc3ccc4c(cnn4Cc4ccccc4)c3)nc12,Cc1ccc(NC(=O)c2ccc(C(F)(F)F)cc2)cc1Nc1ncnc2cnc(Nc3ccc4c(cnn4Cc4ccccc4)c3)nc12,6.7753778,-6.1621656
250,mol498,-12.16,Cc1cccc(Nc2nccc(-c3ccc(C(=O)Nc4ccc(C(=O)O)cc4)cc3)n2)c1,Cc1cccc(Nc2nccc(-c3ccc(C(=O)Nc4ccc(C(=O)O)cc4)cc3)n2)c1,6.28063,-5.766499
660,mol257,-12.16,Cc1cccc(C)c1OCC(=O)Nc1ccc(N2Cc3ccccc3C2=O)c(F)c1,Cc1cccc(C)c1OCC(=O)Nc1ccc(N2Cc3ccccc3C2=O)c(F)c1,6.321099,-5.760416
600,mol457,-12.16,Cc1cn(-c2nc(Nc3ccc(C(=O)O)c(C)c3)ncc2F)cc1C[N@@H+]1CC[C@@H](O)C1,Cc1cn(-c2nc(Nc3ccc(C(=O)O)c(C)c3)ncc2F)cc1C[N@@H+]1CC[C@@H](O)C1,6.761038,-3.1845236
240,mol303,-12.16,Cc1cccc(Nc2nccc(Nc3ccc4ccccc4c3)n2)c1,Cc1cccc(Nc2nccc(Nc3ccc4ccccc4c3)n2)c1,6.3260465,-5.986609
870,mol104,-12.16,Cc1cc(C(=O)Nc2cccc(C(=O)c3ccccc3)c2)ccc1CCC(=O)O,Cc1cc(C(=O)Nc2cccc(C(=O)c3ccccc3)c2)ccc1CCC(=O)O,6.8782334,-5.024142
460,mol189,-12.15,Cc1ccc(C(=O)Nc2ccc(Oc3ccc(NC(=O)c4cccnc4)cc3)cc2)cc1,Cc1ccc(C(=O)Nc2ccc(Oc3ccc(NC(=O)c4cccnc4)cc3)cc2)cc1,6.152971,-6.676132
610,mol1,-12.15,C[C@H](Oc1cc(-c2ccc3cc(OCc4ccccc4)ccc3n2)ccc1C(=O)O)c1cc2ccccc2s1,C[C@H](Oc1cc(-c2ccc3cc(OCc4ccccc4)ccc3n2)ccc1C(=O)O)c1cc2ccccc2s1,5.80687,-6.5333476
380,mol240,-12.15,Cc1cc(Nc2ncnn3cc(-c4ccccc4)cc23)cc(-c2ccccc2)c1,Cc1cc(Nc2ncnn3cc(-c4ccccc4)cc23)cc(-c2ccccc2)c1,6.186307,-6.5365562
470,mol276,-12.15,CC(=O)Nc1nc2cc(=O)cc(-c3ccc(S(=O)(=O)Nc4cccc(C(=O)O)c4)cc3)cc2s1,CC(=O)Nc1nc2cc(=O)cc(-c3ccc(S(=O)(=O)Nc4cccc(C(=O)O)c4)cc3)cc2s1,6.9699435,-6.044746
830,mol214,-12.15,Cc1cc(NC(=O)Nc2ccc(S(N)(=O)=O)cc2)cc(NC(=O)Nc2ccccc2NC(=O)c2ccc(CNC(N)N)cc2)c1,Cc1cc(NC(=O)Nc2ccc(S(N)(=O)=O)cc2)cc(NC(=O)Nc2ccccc2NC(=O)c2ccc(CNC(N)N)cc2)c1,6.7925863,-4.961528
920,mol348,-12.15,NC(=O)c1ccc(Nc2nc(Nc3ccc(C(=O)c4ccccc4)cc3)ncc2C(=O)c2ccc(N)cc2)cc1,NC(=O)c1ccc(Nc2nc(Nc3ccc(C(=O)c4ccccc4)cc3)ncc2C(=O)c2ccc(N)cc2)cc1,6.210866,-6.37833
990,mol267,-12.15,Nc1nc2ccc(NC(=O)c3nc(Nc4ccc(C(N)N)cc4)ncc3F)cc2[nH]1,Nc1nc2ccc(NC(=O)c3nc(Nc4ccc(C(N)N)cc4)ncc3F)cc2[nH]1,6.698671,-4.210713
530,mol389,-12.15,CC(=O)Nc1cccc(Nc2nccc(-c3cnc4ccccc4c3)n2)c1,CC(=O)Nc1cccc(Nc2nccc(-c3cnc4ccccc4c3)n2)c1,6.710842,-4.744292
570,mol72,-12.15,Cc1cccc(Cl)c1-c1ccc(Cn2ccc3cc(NC(=O)Cc4ccc(C(N)N)cc4)nc(C(=O)O)c32)cc1,Cc1cccc(Cl)c1-c1ccc(Cn2ccc3cc(NC(=O)Cc4ccc(C(N)N)cc4)nc(C(=O)O)c32)cc1,6.858776,-6.3244457
910,mol288,-12.15,NC(N)c1ccc(C(=O)Nc2ccc(CNc3ccnc4cc(Cl)ccc34)cc2)cc1,NC(N)c1ccc(C(=O)Nc2ccc(CNc3ccnc4cc(Cl)ccc34)cc2)cc1,6.122427,-5.1225834
200,mol480,-12.15,Cc1ccc(C(=O)Nc2ccc(CNC3=NC(=O)/C(=C/c4ccc(Cl)cc4)N3)cc2)cc1,Cc1ccc(C(=O)Nc2ccc(CNC3=NC(=O)/C(=C/c4ccc(Cl)cc4)N3)cc2)cc1,5.6849413,-6.3118243
700,mol3,-12.15,CC(=O)N[C@H](Cc1ccc(O)cc1)C(=O)NCCNC(=O)c1ccc(-c2ccc(C(=O)c3ccc(F)cc3C(F)(F)F)cc2)cc1,CC(=O)N[C@H](Cc1ccc(O)cc1)C(=O)NCCNC(=O)c1ccc(-c2ccc(C(=O)c3ccc(F)cc3C(F)(F)F)cc2)cc1,6.596874,-6.097
350,mol79,-12.15,Cc1cc(Nc2cc(C(F)(F)F)cc(C(F)(F)F)c2)n2ncc(C(=O)Nc3cccc(C#N)c3)c2n1,Cc1cc(Nc2cc(C(F)(F)F)cc(C(F)(F)F)c2)n2ncc(C(=O)Nc3cccc(C#N)c3)c2n1,6.7602396,-7.0708303
1000,mol82,-12.15,Nc1ccc(CCc2ccc(NC(=O)c3ccc(C(=O)O)cc3)cc2C(=O)O)cc1,Nc1ccc(CCc2ccc(NC(=O)c3ccc(C(=O)O)cc3)cc2C(=O)O)cc1,6.6393867,-4.7896457
350,mol345,-12.15,Cc1cccc(-c2nc(Nc3cccc(C(=O)Nc4cccc(C(=O)O)c4)c3)c3ccncc3n2)c1,Cc1cccc(-c2nc(Nc3cccc(C(=O)Nc4cccc(C(=O)O)c4)c3)c3ccncc3n2)c1,6.425473,-5.778325
360,mol197,-12.15,Cc1nc(Nc2ncc(C(=O)Nc3ccc4ccccc4c3)s2)cc(N2CC[NH+](CC(C)(C)C)CC2)n1,Cc1nc(Nc2ncc(C(=O)Nc3ccc4ccccc4c3)s2)cc(N2CC[NH+](CC(C)(C)C)CC2)n1,7.300339,-4.5629373
460,mol340,-12.15,Cc1cc(Cl)c(C(=O)NCc2ccc(S(=O)(=O)c3ccccc3)cc2)cc1NC(=O)c1ccc(Nc2nccc(Nc3ccccc3)n2)cc1,Cc1cc(Cl)c(C(=O)NCc2ccc(S(=O)(=O)c3ccccc3)cc2)cc1NC(=O)c1ccc(Nc2nccc(Nc3ccccc3)n2)cc1,7.011492,-6.217871
570,mol356,-12.15,CN(CCc1ccc(Cl)cc1)C(=O)c1ccc(CNc2ccc3ncc(-c4ccc(Cl)cc4)n3n2)cc1,CN(CCc1ccc(Cl)cc1)C(=O)c1ccc(CNc2ccc3ncc(-c4ccc(Cl)cc4)n3n2)cc1,5.945602,-6.2119727
820,mol208,-12.15,Cc1cccc(-n2nc(C(C)(C)C)cc2NC(=O)Nc2ccc(-c3ccc4[nH]ncc4n3)cc2)c1,Cc1cccc(-n2nc(C(C)(C)C)cc2NC(=O)Nc2ccc(-c3ccc4[nH]ncc4n3)cc2)c1,6.543493,-7.0821886
590,mol271,-12.15,Cc1ncccc1NCc1ccc(C(=O)N2CCN(S(=O)(=O)c3ccc(Cl)cc3)CC2)cc1,Cc1ncccc1NCc1ccc(C(=O)N2CCN(S(=O)(=O)c3ccc(Cl)cc3)CC2)cc1,6.6540284,-3.8279035
580,mol496,-12.15,Cc1ccc(NC(=O)c2ccc(Cn3cc(C#N)c4ccc(C(=O)O)cc43)cc2)cc1Nc1ncnc2[nH]ccc12,Cc1ccc(NC(=O)c2ccc(Cn3cc(C#N)c4ccc(C(=O)O)cc43)cc2)cc1Nc1ncnc2[nH]ccc12,7.0106444,-6.0288935
450,mol373,-12.15,Cc1ncn(-c2ccc(C(=O)Nc3cccc(Oc4cccc(C(=O)O)c4)c3)cc2)c1C=O,Cc1ncn(-c2ccc(C(=O)Nc3cccc(Oc4cccc(C(=O)O)c4)c3)cc2)c1C=O,6.70806,-6.0341606
480,mol470,-12.15,Cc1cc(CNC(=O)c2ccc3c(c2)CCC(=O)N3C)cc(C(=O)N[C@H](CC(=O)O)C(=O)NCc2ccccc2)c1,Cc1cc(CNC(=O)c2ccc3c(c2)CCC(=O)N3C)cc(C(=O)N[C@H](CC(=O)O)C(=O)NCc2ccccc2)c1,7.156444,-4.275769
850,mol254,-12.15,COc1ccc(-c2cccc(C(=O)Cc3cccc4ccccc34)c2)cc1,COc1ccc(-c2cccc(C(=O)Cc3cccc4ccccc34)c2)cc1,5.4716964,-7.005156
420,mol481,-12.15,Cc1cc(Nc2nccc(Nc3ccc4c(c3)cc(C(=O)O)n4C)n2)ccc1C(F)(F)F,Cc1cc(Nc2nccc(Nc3ccc4c(c3)cc(C(=O)O)n4C)n2)ccc1C(F)(F)F,6.9055715,-5.5346813
810,mol373,-12.15,CC(=O)Nc1cccc(NC(=O)c2cccc(C(=O)Nc3cc4ccccc4o3)c2)c1,CC(=O)Nc1cccc(NC(=O)c2cccc(C(=O)Nc3cc4ccccc4o3)c2)c1,6.1686163,-6.6203613
400,mol226,-12.15,Cc1ccc(C(=O)Nc2ccc(C(=O)NCc3cccnc3)cc2)cc1Nc1ncnc2ccc(NCc3ccccc3C(F)(F)F)cc12,Cc1ccc(C(=O)Nc2ccc(C(=O)NCc3cccnc3)cc2)cc1Nc1ncnc2ccc(NCc3ccccc3C(F)(F)F)cc12,6.2237263,-6.4006705
370,mol466,-12.15,Cc1ccc(S(=O)(=O)Nc2ccc(Cc3cc(=O)oc4ccccc34)cc2)cc1,Cc1ccc(S(=O)(=O)Nc2ccc(Cc3cc(=O)oc4ccccc34)cc2)cc1,6.5411754,-5.8072896
780,mol86,-12.15,CC(C)(C)NC(=O)COc1ccc(C(=O)Nc2cccc(NC(=O)Cc3ccc(Cl)c(Cl)c3)c2)cc1,CC(C)(C)NC(=O)COc1ccc(C(=O)Nc2cccc(NC(=O)Cc3ccc(Cl)c(Cl)c3)c2)cc1,7.01088,-6.4900804
750,mol133,-12.15,Cc1cccc(C(=O)Nc2ccc(C[C@H](NC(=O)c3cccc(C(F)(F)F)c3)C(=O)O)cc2)c1,Cc1cccc(C(=O)Nc2ccc(C[C@H](NC(=O)c3cccc(C(F)(F)F)c3)C(=O)O)cc2)c1,6.726527,-5.378762
190,mol381,-12.15,Cc1cc(Nc2nc(N[C@H]3C[C@H]4CC[C@@H](C3)N4)nc3ccccc23)ccc1NS(=O)(=O)Cc1ccc(F)cc1,Cc1cc(Nc2nc(N[C@H]3C[C@H]4CC[C@@H](C3)N4)nc3ccccc23)ccc1NS(=O)(=O)Cc1ccc(F)cc1,7.0975423,-5.705693
30,mol392,-12.15,C[N@@H+](Cc1ccc(C(=O)O)cc1C(=O)O)c1ccc(-c2ccc(CCc3ccccc3)cc2)cc1,C[N@@H+](Cc1ccc(C(=O)O)cc1C(=O)O)c1ccc(-c2ccc(CCc3ccccc3)cc2)cc1,6.24881,-5.351069
940,mol428,-12.15,COc1ccc(-c2cccc(C(=O)O)c2)cc1-c1ccc(C(=O)c2cc(F)cc(F)c2)cn1,COc1ccc(-c2cccc(C(=O)O)c2)cc1-c1ccc(C(=O)c2cc(F)cc(F)c2)cn1,6.455232,-6.351395
840,mol360,-12.15,Cc1c(C(=O)O)cccc1-c1nc(-c2cccc(-c3ccccc3)c2)cs1,Cc1c(C(=O)O)cccc1-c1nc(-c2cccc(-c3ccccc3)c2)cs1,6.469518,-5.9601264
900,mol385,-12.15,CCNC(=O)c1ccc(Oc2ccc(-c3cc4cc(C(N)N)ccc4[nH]3)cc2)cc1,CCNC(=O)c1ccc(Oc2ccc(-c3cc4cc(C(N)N)ccc4[nH]3)cc2)cc1,6.6481457,-5.192385
550,mol233,-12.15,Cc1ccc(-c2c[nH]c(NCc3ccc(-c4ccccc4)cc3)n2)cc1,Cc1ccc(-c2c[nH]c(NCc3ccc(-c4ccccc4)cc3)n2)cc1,5.6700172,-6.2237835
260,mol376,-12.15,Cc1ccc(-n2nc(C(=O)Nc3ccc(OC(F)(F)F)cc3)cc2-c2ccc(NC(=O)Nc3ccc(C(N)N)cc3)cc2)cc1,Cc1ccc(-n2nc(C(=O)Nc3ccc(OC(F)(F)F)cc3)cc2-c2ccc(NC(=O)Nc3ccc(C(N)N)cc3)cc2)cc1,6.3284183,-7.201976
190,mol231,-12.15,CN(c1ccc(-c2ccc(N(Cc3cccc(C(=O)O)c3)S(=O)(=O)c3ccc(Oc4ccccc4)cc3)cc2)cc1)S(=O)(=O)c1ccc(N)cc1,CN(c1ccc(-c2ccc(N(Cc3cccc(C(=O)O)c3)S(=O)(=O)c3ccc(Oc4ccccc4)cc3)cc2)cc1)S(=O)(=O)c1ccc(N)cc1,6.9539633,-6.036863
400,mol330,-12.15,CCc1c(C2CCN(C(=O)Nc3ccc(N4CCN(C(C)=O)CC4)cc3)CC2)sc2ncnn12,CCc1c(C2CCN(C(=O)Nc3ccc(N4CCN(C(C)=O)CC4)cc3)CC2)sc2ncnn12,7.118866,-2.797185
140,mol139,-12.15,Cc1ccc(NC(=O)Nc2ccc(F)c(C(F)(F)F)c2)cc1Nc1ncnc2ccc(N3CCC[C@@H]([NH3+])C3)nc12,Cc1ccc(NC(=O)Nc2ccc(F)c(C(F)(F)F)c2)cc1Nc1ncnc2ccc(N3CCC[C@@H]([NH3+])C3)nc12,7.131664,-5.931792
320,mol206,-12.15,Cc1cc(F)ccc1-c1ccc(C(=O)NCc2ccc(Oc3ccccc3)cc2)cc1,Cc1cc(F)ccc1-c1ccc(C(=O)NCc2ccc(Oc3ccccc3)cc2)cc1,6.132011,-7.0845146
210,mol313,-12.15,Cc1ccc(NC(=O)c2cccc(NC(=O)Nc3cccc(-c4cnc(N)cn4)c3)c2)cc1,Cc1ccc(NC(=O)c2cccc(NC(=O)Nc3cccc(-c4cnc(N)cn4)c3)c2)cc1,6.332722,-6.234453
260,mol134,-12.15,CC(=O)Nc1cccc(-c2cccc(-c3cccc(C(=O)O)c3)c2)c1,CC(=O)Nc1cccc(-c2cccc(-c3cccc(C(=O)O)c3)c2)c1,6.7515836,-4.4830737
510,mol148,-12.15,Cc1ccc(Nc2nccc(Nc3ccc4cnccc4n3)n2)cc1-c1ccn[nH]1,Cc1ccc(Nc2nccc(Nc3ccc4cnccc4n3)n2)cc1-c1ccn[nH]1,6.6006107,-5.016594
310,mol206,-12.15,Cc1cc2c(cc1C(=O)Nc1ccc(C(N)N)cc1)N(B(O)O)S(=O)(=O)c1ccc(F)cc1-2,Cc1cc2c(cc1C(=O)Nc1ccc(C(N)N)cc1)N(B(O)O)S(=O)(=O)c1ccc(F)cc1-2,6.880555,-3.3164713
640,mol155,-12.15,CN(C)C(=O)CC[C@@H](NC(=O)Nc1ccc(Cl)cc1)C(=O)Nc1ccc(Nc2ccnc3cc(Cl)ccc23)cc1,CN(C)C(=O)CC[C@@H](NC(=O)Nc1ccc(Cl)cc1)C(=O)Nc1ccc(Nc2ccnc3cc(Cl)ccc23)cc1,6.9626584,-6.498945
390,mol260,-12.15,Cc1cc(CNC(=O)CNC(=O)c2ccc(C(=O)NCC(=O)N3CCCC3)cc2)cc(C)c1O,Cc1cc(CNC(=O)CNC(=O)c2ccc(C(=O)NCC(=O)N3CCCC3)cc2)cc(C)c1O,6.7020397,-3.1544068
310,mol225,-12.15,Cc1ccc(O)cc1Nc1ccnc2cc(-c3cccnc3)ccc12,Cc1ccc(O)cc1Nc1ccnc2cc(-c3cccnc3)ccc12,6.0734167,-5.4408536
110,mol258,-12.15,Cc1ccc(Nc2nnc(-c3ccc(C(=O)N4CCC(Cc5ccccc5)CC4)cc3)s2)cc1,Cc1ccc(Nc2nnc(-c3ccc(C(=O)N4CCC(Cc5ccccc5)CC4)cc3)s2)cc1,6.0722384,-6.154653
540,mol97,-12.15,Cc1ccccc1C(=O)c1ccc(Nc2ccnc3cc(Cl)ccc23)cc1,Cc1ccccc1C(=O)c1ccc(Nc2ccnc3cc(Cl)ccc23)cc1,6.4227095,-6.272572
240,mol49,-12.15,CS(=O)(=O)c1ccccc1-c1ccc(Nc2nccc(Nc3ccc4c(c3)CC(=O)N4)n2)cc1,CS(=O)(=O)c1ccccc1-c1ccc(Nc2nccc(Nc3ccc4c(c3)CC(=O)N4)n2)cc1,6.503555,-5.3330817
420,mol156,-12.15,Cc1ccc(C(=O)Nc2ccc(Cc3nc(Nc4cccc(C(=O)O)c4)cs3)cc2)cc1,Cc1ccc(C(=O)Nc2ccc(Cc3nc(Nc4cccc(C(=O)O)c4)cs3)cc2)cc1,6.1655045,-5.7238674
730,mol51,-12.15,COc1ccc(CNC(=O)c2ccc(COc3ccccc3Cl)o2)cc1N1CCN(S(=O)(=O)c2ccc3ccccc3c2)CC1,COc1ccc(CNC(=O)c2ccc(COc3ccccc3Cl)o2)cc1N1CCN(S(=O)(=O)c2ccc3ccccc3c2)CC1,6.2973843,-5.524385
360,mol274,-12.15,CC(=O)Nc1ccc(Oc2nc(OCc3cccc(C(=O)Nc4cccc(C(=O)O)c4)c3)cc3cc(OCCC[NH+]4CCCCC4)ccc23)cc1,CC(=O)Nc1ccc(Oc2nc(OCc3cccc(C(=O)Nc4cccc(C(=O)O)c4)c3)cc3cc(OCCC[NH+]4CCCCC4)ccc23)cc1,7.026711,-6.128013
700,mol51,-12.15,Cc1cccc(C(=O)NCc2cccc(NC(=O)c3ccc4ccccc4n3)c2)c1,Cc1cccc(C(=O)NCc2cccc(NC(=O)c3ccc4ccccc4n3)c2)c1,6.025487,-5.6322665
230,mol123,-12.15,Cc1ccc(NC(=O)c2cccc(Nc3cccc(C(=O)Nc4nccs4)c3)c2)cc1,Cc1ccc(NC(=O)c2cccc(Nc3cccc(C(=O)Nc4nccs4)c3)c2)cc1,6.110947,-6.606278
40,mol83,-12.15,Cc1cccc(Nc2cccc(/C=C/c3ccc(/C=C/C(=O)c4ccc(Br)cc4)cc3)c2)c1,Cc1cccc(Nc2cccc(/C=C/c3ccc(/C=C/C(=O)c4ccc(Br)cc4)cc3)c2)c1,5.871996,-7.0293174
330,mol103,-12.15,Cc1ccc(NC(=O)c2cccc(OCc3cc(=O)n4ccccc4n3)c2)cc1,Cc1ccc(NC(=O)c2cccc(OCc3cc(=O)n4ccccc4n3)c2)cc1,6.160064,-5.3278575
180,mol249,-12.15,c1cc(Nc2ccc(CCNc3ncnc4ccccc34)cc2)c2cccnc2c1,c1cc(Nc2ccc(CCNc3ncnc4ccccc34)cc2)c2cccnc2c1,5.8075805,-5.65221
690,mol136,-12.15,Cc1ccc(C(=O)Nc2ccc(C(=O)NCc3cccc(C(=O)O)c3)cc2C(=O)NO)cc1,Cc1ccc(C(=O)Nc2ccc(C(=O)NCc3cccc(C(=O)O)c3)cc2C(=O)NO)cc1,6.479898,-5.273947
780,mol129,-12.15,Cc1ccccc1-c1cccc(C(=O)Nc2ccc(C(=O)O)cc2)c1,Cc1ccccc1-c1cccc(C(=O)Nc2ccc(C(=O)O)cc2)c1,6.704411,-4.6372766
190,mol486,-12.15,CN(Cc1ccc(-c2cccc(NC(=O)c3ccc(C#N)cc3)c2)cc1)C[C@@H](O)COc1ccc(C#Cc2ccc(Nc3ccccn3)cc2)cc1,CN(Cc1ccc(-c2cccc(NC(=O)c3ccc(C#N)cc3)c2)cc1)C[C@@H](O)COc1ccc(C#Cc2ccc(Nc3ccccn3)cc2)cc1,6.503395,-6.612469
410,mol489,-12.15,Cc1c(N)nc(N2CCN(c3cc(C(=O)Nc4cccc(F)c4)ncn3)CC2)nc1C#N,Cc1c(N)nc(N2CCN(c3cc(C(=O)Nc4cccc(F)c4)ncn3)CC2)nc1C#N,6.845834,-4.365033
680,mol163,-12.15,CC(=O)N1CCc2[nH]c(-c3ccc(NC(=O)c4cccc(C(=O)O)c4)s3)cc21,CC(=O)N1CCc2[nH]c(-c3ccc(NC(=O)c4cccc(C(=O)O)c4)s3)cc21,6.4039035,-4.0486784
190,mol186,-12.15,Cc1ccc(NC(=O)c2cccc(C(=O)O)c2)cc1Nc1ccnc(Nc2ccc(N3CCOCC3)cc2)n1,Cc1ccc(NC(=O)c2cccc(C(=O)O)c2)cc1Nc1ccnc(Nc2ccc(N3CCOCC3)cc2)n1,6.6325116,-5.576767
950,mol207,-12.15,Cc1ccccc1-c1cccc(CSc2cccc(NC(=O)c3cccnc3)c2)c1,Cc1ccccc1-c1cccc(CSc2cccc(NC(=O)c3cccnc3)c2)c1,6.0899267,-6.8272896
370,mol61,-12.15,Cc1nc(Nc2ncc(C(=O)Nc3ccc(C(=O)Nc4ccccc4N)cc3)cc2-c2ccc(C(=O)O)cc2)cc(N2CC[NH+](CCO)CC2)c1F,Cc1nc(Nc2ncc(C(=O)Nc3ccc(C(=O)Nc4ccccc4N)cc3)cc2-c2ccc(C(=O)O)cc2)cc(N2CC[NH+](CCO)CC2)c1F,7.0028486,-4.8934827
960,mol279,-12.15,Cc1cccc(/C=N/[NH+]2CCN(c3ccc(O)c(C(=O)Nc4cccc(Cl)c4)c3)CC2)c1O,Cc1cccc(/C=N/[NH+]2CCN(c3ccc(O)c(C(=O)Nc4cccc(Cl)c4)c3)CC2)c1O,6.578635,-5.0475464
900,mol219,-12.15,Cc1ccc(C(=O)Nc2ccc(Oc3ccncc3)cc2)cc1OCc1cccc(-c2ccncc2)c1,Cc1ccc(C(=O)Nc2ccc(Oc3ccncc3)cc2)cc1OCc1cccc(-c2ccncc2)c1,5.797742,-7.199591
560,mol256,-12.15,Cc1ccc(Oc2ccc(Nc3ccnc(-c4ccccc4)n3)cc2C(=O)O)c(C(N)=O)c1,Cc1ccc(Oc2ccc(Nc3ccnc(-c4ccccc4)n3)cc2C(=O)O)c(C(N)=O)c1,6.1691513,-6.086064
730,mol359,-12.15,Cc1ccc(C(=O)Nc2ccc(Oc3ccccc3)cc2)cc1NC(=O)c1ccccc1F,Cc1ccc(C(=O)Nc2ccc(Oc3ccccc3)cc2)cc1NC(=O)c1ccccc1F,5.9624357,-7.2929173
940,mol303,-12.15,COc1cccc(NC(=O)Nc2ccc(-c3cc4ccccc4nc3N)cc2)c1,COc1cccc(NC(=O)Nc2ccc(-c3cc4ccccc4nc3N)cc2)c1,6.1838093,-6.9175944
100,mol466,-12.14,Cc1ccc(C(=O)Nc2ccc(CCNc3ncnc4oc(-c5ccccc5)nc34)cc2)cc1,Cc1ccc(C(=O)Nc2ccc(CCNc3ncnc4oc(-c5ccccc5)nc34)cc2)cc1,5.720691,-6.666943
180,mol218,-12.14,Cc1ccc(-c2cc(Nc3ccc(C(=O)N[C@@H](CCC(=O)NO)C(=O)Nc4ccc(C(=O)O)cc4)cc3)[nH]n2)cc1,Cc1ccc(-c2cc(Nc3ccc(C(=O)N[C@@H](CCC(=O)NO)C(=O)Nc4ccc(C(=O)O)cc4)cc3)[nH]n2)cc1,6.828146,-5.8215895
860,mol111,-12.14,Cc1cccc(C(=O)Nc2cccc(Nc3ncnc4ccccc34)c2)c1,Cc1cccc(C(=O)Nc2cccc(Nc3ncnc4ccccc34)c2)c1,6.4619317,-5.827014
840,mol262,-12.14,C[C@@H](Oc1cc(-c2cnn(Cc3cccc(C(=O)N4CCOCC4)c3)c2)ccn1)c1ccccc1,C[C@@H](Oc1cc(-c2cnn(Cc3cccc(C(=O)N4CCOCC4)c3)c2)ccn1)c1ccccc1,6.5769978,-4.606245
940,mol0,-12.14,CNc1cccc(-c2ccc(C[C@H](NC(=O)c3cccc(C(C)(C)C)c3)C(=O)O)cc2)c1,CNc1cccc(-c2ccc(C[C@H](NC(=O)c3cccc(C(C)(C)C)c3)C(=O)O)cc2)c1,6.317374,-5.4392385
880,mol10,-12.14,Cc1nc2ccc(-c3cccc(C(=O)O)c3)cc2c(=O)n1Cc1ccc(-c2ccccc2-c2nn[nH]n2)cc1,Cc1nc2ccc(-c3cccc(C(=O)O)c3)cc2c(=O)n1Cc1ccc(-c2ccccc2-c2nn[nH]n2)cc1,5.863731,-6.39051
1000,mol291,-12.14,CC(=O)Nc1cccc(Oc2nc(Nc3ccc(N4CCN(C(C)=O)CC4)cc3)nc3cccnc23)c1,CC(=O)Nc1cccc(Oc2nc(Nc3ccc(N4CCN(C(C)=O)CC4)cc3)nc3cccnc23)c1,7.044938,-4.510636
830,mol2,-12.14,Cc1ccc(-c2nccnc2NCc2ccc(NC(=O)c3cc4ccccc4o3)cc2)cc1,Cc1ccc(-c2nccnc2NCc2ccc(NC(=O)c3cc4ccccc4o3)cc2)cc1,5.9157166,-6.1973615
210,mol179,-12.14,CC(=O)Nc1nc2ccc(-c3cnc(NC(=O)c4ccc(C(C)(C)C)cc4)cc3Cl)cc2s1,CC(=O)Nc1nc2ccc(-c3cnc(NC(=O)c4ccc(C(C)(C)C)cc4)cc3Cl)cc2s1,7.2174897,-7.1150923
140,mol247,-12.14,Cc1c(Nc2nccc(Nc3ccc4c(c3)CN(S(=O)(=O)c3cccc(Cl)c3Cl)CC4)n2)cnn1CC(=O)N(CC(=O)N1CCCCC1)Cc1ccccc1,Cc1c(Nc2nccc(Nc3ccc4c(c3)CN(S(=O)(=O)c3cccc(Cl)c3Cl)CC4)n2)cnn1CC(=O)N(CC(=O)N1CCCCC1)Cc1ccccc1,7.456448,-5.496312
920,mol330,-12.14,Cc1ccc(Oc2cccc(C(=O)Nc3cccnc3)c2)cc1NC(=O)c1ccccc1,Cc1ccc(Oc2cccc(C(=O)Nc3cccnc3)c2)cc1NC(=O)c1ccccc1,6.2621136,-6.7189364
940,mol59,-12.14,CC(=O)Nc1cccc(-c2ccc(C(=O)N[C@H]3CC[N@@H+](CCc4ccccc4)CC3)cc2)c1,CC(=O)Nc1cccc(-c2ccc(C(=O)N[C@H]3CC[N@@H+](CCc4ccccc4)CC3)cc2)c1,6.1385436,-3.599395
210,mol14,-12.14,CN(c1ccc(-c2ccc(CN3C=N[C@@H](Cc4ccccc4)[C@@H](O)[C@H]3CCCO)cc2)cc1)S(=O)(=O)c1ccc(N)cc1,CN(c1ccc(-c2ccc(CN3C=N[C@@H](Cc4ccccc4)[C@@H](O)[C@H]3CCCO)cc2)cc1)S(=O)(=O)c1ccc(N)cc1,7.109075,-4.8637567
990,mol373,-12.14,c1ccc(-c2cccc(Oc3cccc([C@H](Nc4ccc(OCC5CCCCC5)cc4)c4ccccc4)c3)c2)cc1,c1ccc(-c2cccc(Oc3cccc([C@H](Nc4ccc(OCC5CCCCC5)cc4)c4ccccc4)c3)c2)cc1,5.529261,-7.2532907
170,mol373,-12.14,CO[C@H](c1cccc(NC(=O)c2ccc3nc(C)ccc3c2)c1)C1CCN(C(=O)c2cccc(-c3ccc(C(=O)O)cc3)c2)CC1,CO[C@H](c1cccc(NC(=O)c2ccc3nc(C)ccc3c2)c1)C1CCN(C(=O)c2cccc(-c3ccc(C(=O)O)cc3)c2)CC1,6.63561,-5.7078114
70,mol334,-12.14,NC(N)c1ccc2nc(-c3cccc(-c4ccccc4)c3O)[nH]c2c1,NC(N)c1ccc2nc(-c3cccc(-c4ccccc4)c3O)[nH]c2c1,6.1119246,-4.722517
610,mol91,-12.14,Cc1ccccc1CNC(=O)c1ccnc(NC(=O)Nc2cccc(C(=O)O)c2)c1,Cc1ccccc1CNC(=O)c1ccnc(NC(=O)Nc2cccc(C(=O)O)c2)c1,6.830762,-5.4802375
450,mol47,-12.14,Cc1cc(C(=O)Nc2cccc(Oc3ccc4c(c3)OCO4)c2)cc(C(=O)O)c1O,Cc1cc(C(=O)Nc2cccc(Oc3ccc4c(c3)OCO4)c2)cc(C(=O)O)c1O,6.689371,-5.683523
600,mol239,-12.14,Cc1ccc(C(=O)Nc2cccc(C(=O)c3cccc(C(=O)O)c3)c2)cc1,Cc1ccc(C(=O)Nc2cccc(C(=O)c3cccc(C(=O)O)c3)c2)cc1,6.3911676,-4.622665
640,mol262,-12.14,CC(=O)n1cc(NC(=O)Nc2cccc3ccccc23)c2ccccc21,CC(=O)n1cc(NC(=O)Nc2cccc3ccccc23)c2ccccc21,6.1926823,-5.016969
280,mol403,-12.14,Cc1cccc(CCc2cc(Nc3ccnc(Nc4ccc([C@@H](N)/N=C\C=N\C(=O)c5ccccc5)cc4)n3)ccc2O)c1,Cc1cccc(CCc2cc(Nc3ccnc(Nc4ccc([C@@H](N)/N=C\C=N\C(=O)c5ccccc5)cc4)n3)ccc2O)c1,6.337282,-5.9416637
600,mol314,-12.14,Cc1cccc(Cc2cc(-c3ccc(-c4ccccc4S(=O)(=O)C(=O)O)cc3)cnc2N)c1,Cc1cccc(Cc2cc(-c3ccc(-c4ccccc4S(=O)(=O)C(=O)O)cc3)cnc2N)c1,6.45548,-5.851904
490,mol426,-12.14,CNC(=O)c1ccc(Oc2ccc(NC(=O)Nc3ccc(/C(C)=N/OC)cc3)cc2C(=O)O)cc1,CNC(=O)c1ccc(Oc2ccc(NC(=O)Nc3ccc(/C(C)=N/OC)cc3)cc2C(=O)O)cc1,6.7058396,-6.051368
780,mol199,-12.14,CC(=O)Nc1ccc(Nc2cc(Nc3ccc4ccccc4c3)ncn2)cc1,CC(=O)Nc1ccc(Nc2cc(Nc3ccc4ccccc4c3)ncn2)cc1,6.5827518,-5.7216735
340,mol166,-12.14,CN(Cc1cnc2nc(N)nc(N)c2n1)c1ccc(C(=O)Nc2ccc(C(=O)N[C@H](CCC(=O)O)C(=O)O)cc2)cc1,CN(Cc1cnc2nc(N)nc(N)c2n1)c1ccc(C(=O)Nc2ccc(C(=O)N[C@H](CCC(=O)O)C(=O)O)cc2)cc1,7.0562043,-3.7007596
690,mol192,-12.14,Cc1ccccc1-c1ccc(Oc2cccc(NC(=O)CCNC(N)=O)c2)cc1,Cc1ccccc1-c1ccc(Oc2cccc(NC(=O)CCNC(N)=O)c2)cc1,6.397176,-5.4750953
390,mol84,-12.14,Cc1ccc(C(=O)Nc2ccc(CCNC(=O)c3ccc(C(=O)NO)cc3)cc2)cc1,Cc1ccc(C(=O)Nc2ccc(CCNC(=O)c3ccc(C(=O)NO)cc3)cc2)cc1,6.1971045,-5.140545
460,mol452,-12.14,Cc1ccccc1S(=O)(=O)Nc1ccc2cc(-c3ccc(C(=O)O)cc3)ccc2c1,Cc1ccccc1S(=O)(=O)Nc1ccc2cc(-c3ccc(C(=O)O)cc3)ccc2c1,6.4310303,-5.7097416
570,mol134,-12.14,CCOc1ccc(C(C)=O)cc1-c1ccc(Nc2ccnc3cc(OCC(F)(F)F)ccc23)cc1,CCOc1ccc(C(C)=O)cc1-c1ccc(Nc2ccnc3cc(OCC(F)(F)F)ccc23)cc1,6.189352,-6.8200316
450,mol80,-12.14,Cc1ccc(-n2nc(C(=O)NCc3ccccc3)cc2NC(=O)c2ccc(C(=O)NC3CCCCC3)cc2)cc1,Cc1ccc(-n2nc(C(=O)NCc3ccccc3)cc2NC(=O)c2ccc(C(=O)NC3CCCCC3)cc2)cc1,6.466921,-6.558939
640,mol467,-12.14,Cc1ccc(C(=O)Nc2cccc(C(=O)Nc3ccccc3C(N)=O)c2)cc1,Cc1ccc(C(=O)Nc2cccc(C(=O)Nc3ccccc3C(N)=O)c2)cc1,6.115885,-5.9915514
420,mol314,-12.14,Cc1cc(F)ccc1Nc1nccc(Nc2cccc3ncccc23)n1,Cc1cc(F)ccc1Nc1nccc(Nc2cccc3ncccc23)n1,6.4892735,-5.421072
260,mol343,-12.14,Cc1ccc(C(=O)Nc2ccc(C[N@H+]3CC[N@@H+](C)CC3)c(C(F)(F)F)c2)cc1C#Cc1cnc(-c2ccc(F)cc2)nc1,Cc1ccc(C(=O)Nc2ccc(C[N@H+]3CC[N@@H+](C)CC3)c(C(F)(F)F)c2)cc1C#Cc1cnc(-c2ccc(F)cc2)nc1,7.0100513,-3.7477908
270,mol428,-12.14,Cc1ccc(C(=O)Nc2ccc3nc(Cc4ccccc4)oc3c2)cc1,Cc1ccc(C(=O)Nc2ccc3nc(Cc4ccccc4)oc3c2)cc1,6.155729,-6.4443417
810,mol181,-12.14,CC(=O)NCCc1ccccc1-c1ccc(Nc2ncc(-c3cccc(C(=O)NCCS(C)(=O)=O)c3)c3ccncc23)cc1,CC(=O)NCCc1ccccc1-c1ccc(Nc2ncc(-c3cccc(C(=O)NCCS(C)(=O)=O)c3)c3ccncc23)cc1,6.782347,-5.5945864
650,mol274,-12.14,COc1ccc(C(=O)Nc2ccc(Oc3ccncc3)cc2C(=O)O)cc1-c1ccc(C(F)(F)F)cc1,COc1ccc(C(=O)Nc2ccc(Oc3ccncc3)cc2C(=O)O)cc1-c1ccc(C(F)(F)F)cc1,6.5375814,-6.6348844
270,mol275,-12.14,Cc1ccc(-c2cc(C(=O)Nc3ccc(-c4ccccc4S(N)(=O)=O)cc3)on2)cc1,Cc1ccc(-c2cc(C(=O)Nc3ccc(-c4ccccc4S(N)(=O)=O)cc3)on2)cc1,6.210491,-5.833501
720,mol431,-12.14,Cc1cccc(Nc2nc(N3CCC(NC(=O)c4ccc5nc(C)ccc5c4)CC3)nc3cc(Cl)ccc23)c1,Cc1cccc(Nc2nc(N3CCC(NC(=O)c4ccc5nc(C)ccc5c4)CC3)nc3cc(Cl)ccc23)c1,6.844305,-5.893856
720,mol27,-12.14,Cc1ccc(C(=O)NC2CC2)cc1NC(=O)c1ccc(C(=O)c2ccc(F)cc2)cc1,Cc1ccc(C(=O)NC2CC2)cc1NC(=O)c1ccc(C(=O)c2ccc(F)cc2)cc1,6.5884547,-5.6868877
410,mol378,-12.14,Cc1cc(Cl)ccc1OCc1ccnc(Nc2ccc(O)c(C(=O)Nc3cccc(C(=O)O)c3)c2)n1,Cc1cc(Cl)ccc1OCc1ccnc(Nc2ccc(O)c(C(=O)Nc3cccc(C(=O)O)c3)c2)n1,6.4156804,-6.452617
340,mol116,-12.14,Cc1ccc(NC(=O)c2cccc(CC#N)c2)cc1Nc1ncnc2cnc(Nc3cccc(C(=O)Nc4cccc(C(F)(F)F)c4)c3)nc12,Cc1ccc(NC(=O)c2cccc(CC#N)c2)cc1Nc1ncnc2cnc(Nc3cccc(C(=O)Nc4cccc(C(F)(F)F)c4)c3)nc12,6.707811,-6.536941
530,mol452,-12.14,Cc1ccc(C(=O)Nc2ccc(Oc3ccccc3)cc2)cc1NC(=O)c1ccccc1,Cc1ccc(C(=O)Nc2ccc(Oc3ccccc3)cc2)cc1NC(=O)c1ccccc1,6.0665236,-7.1061196
730,mol374,-12.14,Cc1ccc(C(=O)Nc2ccc(Oc3ccnc4cc(N)ccc34)c(C(F)(F)F)c2)cc1,Cc1ccc(C(=O)Nc2ccc(Oc3ccnc4cc(N)ccc34)c(C(F)(F)F)c2)cc1,6.592453,-6.81903
590,mol235,-12.14,CC#Cc1ccc(Cc2cc(-c3ccc(-c4nnc5ccccn45)c(OC)c3)[nH]n2)cc1,CC#Cc1ccc(Cc2cc(-c3ccc(-c4nnc5ccccn45)c(OC)c3)[nH]n2)cc1,5.938157,-5.396912
270,mol152,-12.14,Cc1[nH]c2ccccc2c1CCNC(=O)c1ccc(NC(=O)c2ccc(B(O)O)cc2)cc1,Cc1[nH]c2ccccc2c1CCNC(=O)c1ccc(NC(=O)c2ccc(B(O)O)cc2)cc1,6.2987666,-4.2823944
430,mol322,-12.14,CC(=O)Nc1ccc(Nc2nccc(Nc3ccc4ccccc4c3)n2)cc1,CC(=O)Nc1ccc(Nc2nccc(Nc3ccc4ccccc4c3)n2)cc1,6.525402,-5.6614695
50,mol487,-12.14,Cc1nc2ccccc2n1Cc1nnc(-c2ccc(-c3ccccc3)cc2)o1,Cc1nc2ccccc2n1Cc1nnc(-c2ccc(-c3ccccc3)cc2)o1,5.8678355,-6.357862
300,mol299,-12.14,Cc1ccc(C(=O)Nc2ccc(S(O)(O)O)c3ccccc23)cc1NC(=O)c1ccc(B(O)O)cc1,Cc1ccc(C(=O)Nc2ccc(S(O)(O)O)c3ccccc23)cc1NC(=O)c1ccc(B(O)O)cc1,6.723547,-5.459859
480,mol41,-12.14,Cc1cc(OCc2ccc(C(=O)Nc3ccc(-c4sc5c(c4C(=O)O)CCCC5)cc3)cc2)cc(C(C)(C)C)c1O,Cc1cc(OCc2ccc(C(=O)Nc3ccc(-c4sc5c(c4C(=O)O)CCCC5)cc3)cc2)cc(C(C)(C)C)c1O,6.611786,-6.730573
710,mol483,-12.14,Cc1ccc(C(=O)Nc2ccc(C[N@H+]3CC[N@@H+](C)CC3)c(C(F)(F)F)c2)cc1Nc1ncnc2ccc(NCc3ccccc3)cc12,Cc1ccc(C(=O)Nc2ccc(C[N@H+]3CC[N@@H+](C)CC3)c(C(F)(F)F)c2)cc1Nc1ncnc2ccc(NCc3ccccc3)cc12,6.1468434,-4.3701468
450,mol107,-12.14,Cc1cc(C(=O)Nc2ccc(Oc3ccc4nc(Nc5ccncc5)sc4n3)cc2)cc(C)n1,Cc1cc(C(=O)Nc2ccc(Oc3ccc4nc(Nc5ccncc5)sc4n3)cc2)cc(C)n1,6.58469,-6.2659426
600,mol443,-12.14,Cc1ccc(C(=O)Nc2ccc(Oc3ccncc3)cc2)cc1NC(=O)c1ccc(O)cc1O,Cc1ccc(C(=O)Nc2ccc(Oc3ccncc3)cc2)cc1NC(=O)c1ccc(O)cc1O,6.1624465,-6.5676713
470,mol302,-12.14,CC(=O)Nc1ccc(C(=O)c2ccc(-c3ccc(C(=O)O)cc3C(=O)O)cc2)cc1,CC(=O)Nc1ccc(C(=O)c2ccc(-c3ccc(C(=O)O)cc3C(=O)O)cc2)cc1,6.495426,-4.6170187
390,mol386,-12.14,Cc1ccc(NC(=O)c2ccc(-c3cc(=O)n4ccccc4n3)cc2)cc1,Cc1ccc(NC(=O)c2ccc(-c3cc(=O)n4ccccc4n3)cc2)cc1,6.0097427,-5.573667
550,mol197,-12.14,CC(=O)Nc1cccc(-c2cccc(Nc3ccc4ccccc4n3)c2)c1,CC(=O)Nc1cccc(-c2cccc(Nc3ccc4ccccc4n3)c2)c1,6.2073855,-6.232318
490,mol312,-12.14,Cc1ccc(Nc2nccc(-c3cccnc3)n2)cc1NC(=O)c1ccccc1OCc1ccccc1,Cc1ccc(Nc2nccc(-c3cccnc3)n2)cc1NC(=O)c1ccccc1OCc1ccccc1,6.1123295,-7.0051827
570,mol263,-12.14,CCC(=O)Nc1cccc(-c2nnc(-c3ccc4c(c3)CC(=O)N4C)o2)c1,CCC(=O)Nc1cccc(-c2nnc(-c3ccc4c(c3)CC(=O)N4C)o2)c1,6.12877,-4.12887
230,mol325,-12.14,Cc1ccc(NC(=O)c2ccc(-c3nnc(NC(=O)c4ccccc4Cl)s3)cc2)cc1,Cc1ccc(NC(=O)c2ccc(-c3nnc(NC(=O)c4ccccc4Cl)s3)cc2)cc1,6.0051756,-7.0034504
760,mol291,-12.14,Cc1ccc(C(=O)Nc2ccc(C(F)(F)F)cc2)cc1NC(=O)c1cnn(-c2ccccc2)c1N,Cc1ccc(C(=O)Nc2ccc(C(F)(F)F)cc2)cc1NC(=O)c1cnn(-c2ccccc2)c1N,6.193091,-6.617476
290,mol331,-12.14,Cc1ccc(C(=O)Nc2cccnc2)cc1Cn1cnc2ccc(-c3ccncc3)cc2c1=O,Cc1ccc(C(=O)Nc2cccnc2)cc1Cn1cnc2ccc(-c3ccncc3)cc2c1=O,6.1543083,-6.1334157
360,mol331,-12.14,Cc1cccc(-n2nc(C(=O)NC[C@H]3CC[C@@H](C(=O)Nc4cccc(C(F)(F)F)c4)CC3)cc2NC(=O)NCc2ccc(F)cc2)c1,Cc1cccc(-n2nc(C(=O)NC[C@H]3CC[C@@H](C(=O)Nc4cccc(C(F)(F)F)c4)CC3)cc2NC(=O)NCc2ccc(F)cc2)c1,7.1356215,-6.8233776
290,mol169,-12.14,Cc1ccc(C(=O)NCc2ccc(C(=O)Nc3nnc(Cc4ccccc4)o3)cc2)cc1,Cc1ccc(C(=O)NCc2ccc(C(=O)Nc3nnc(Cc4ccccc4)o3)cc2)cc1,5.8162255,-5.6776347
230,mol473,-12.14,Cc1ccc(-c2cc(Nc3ccc(C(=O)N[C@H](CC(=O)O)C(=O)O)cc3)ccn2)cc1,Cc1ccc(-c2cc(Nc3ccc(C(=O)N[C@H](CC(=O)O)C(=O)O)cc3)ccn2)cc1,6.7062554,-4.998509
490,mol2,-12.14,Cc1ccc(Nc2ncnc(-c3ccccc3C(F)(F)F)n2)cc1Cl,Cc1ccc(Nc2ncnc(-c3ccccc3C(F)(F)F)n2)cc1Cl,6.724465,-5.7493525
390,mol204,-12.14,Cc1c(CN(C)c2ccc(C(=O)O)cn2)ccc2cc(C(=O)N[C@@H](C)c3cccc(C(=O)NC(C)(C)C)c3)ccc12,Cc1c(CN(C)c2ccc(C(=O)O)cn2)ccc2cc(C(=O)N[C@@H](C)c3cccc(C(=O)NC(C)(C)C)c3)ccc12,7.285724,-5.4887943
760,mol32,-12.14,Cc1cccc(Nc2ncc(C(=O)Nc3ccc4ccccc4n3)s2)c1,Cc1cccc(Nc2ncc(C(=O)Nc3ccc4ccccc4n3)s2)c1,6.493711,-6.099824
260,mol482,-12.14,COc1ccc(-c2ccc(Oc3ccc(C(=O)Nc4cccc(C(F)(F)F)c4)cc3)cc2)cc1,COc1ccc(-c2ccc(Oc3ccc(C(=O)Nc4cccc(C(F)(F)F)c4)cc3)cc2)cc1,5.777194,-7.316864
410,mol287,-12.14,CNC(=O)Nc1ccc(-c2ccc(Oc3ccc(NC(=O)C4CCCCC4)cc3)cc2)cc1,CNC(=O)Nc1ccc(-c2ccc(Oc3ccc(NC(=O)C4CCCCC4)cc3)cc2)cc1,6.187195,-6.7438383
240,mol481,-12.14,Cc1ccc(NC(=O)Nc2ccc(Nc3ncc4cc(C(=O)NCC(=O)N(C)C)sc4n3)cc2)cc1,Cc1ccc(NC(=O)Nc2ccc(Nc3ncc4cc(C(=O)NCC(=O)N(C)C)sc4n3)cc2)cc1,6.516236,-5.232917
420,mol480,-12.14,CC(=O)Nc1ccc(S(=O)(=O)c2ccc(NC(=O)c3ccc(C(=O)Nc4ccc(Cl)cc4)cc3)cc2C(=O)O)cc1,CC(=O)Nc1ccc(S(=O)(=O)c2ccc(NC(=O)c3ccc(C(=O)Nc4ccc(Cl)cc4)cc3)cc2C(=O)O)cc1,7.1332407,-5.6279497
830,mol155,-12.14,CC(=O)Nc1cccc(Nc2nccc(-c3cnc(Nc4ccccc4Cl)s3)n2)c1,CC(=O)Nc1cccc(Nc2nccc(-c3cnc(Nc4ccccc4Cl)s3)n2)c1,6.6471047,-6.41869
450,mol45,-12.14,Cc1ccc(C(=O)Nc2ccc(Oc3ccc(NC(=O)c4ccco4)cc3)cc2F)cc1,Cc1ccc(C(=O)Nc2ccc(Oc3ccc(NC(=O)c4ccco4)cc3)cc2F)cc1,6.048322,-7.2091594
260,mol195,-12.14,Cc1cccc(-c2nc(Nc3ccc(C(=O)Nc4cccc(C(=O)O)c4)cc3)sc2CO)c1,Cc1cccc(-c2nc(Nc3ccc(C(=O)Nc4cccc(C(=O)O)c4)cc3)sc2CO)c1,6.116978,-6.1059566
620,mol259,-12.14,COc1ccccc1CNC(=O)c1c[nH]c2ccc(NC(=O)c3ccc(-c4ccccc4)cc3)cc12,COc1ccccc1CNC(=O)c1c[nH]c2ccc(NC(=O)c3ccc(-c4ccccc4)cc3)cc12,5.6143384,-6.736964
470,mol305,-12.14,Cc1ccc(Nc2nccc(-c3cccnc3)n2)cc1Nc1ccn2ncc(-c3cccc(C(=O)NCC(F)(F)F)c3)c2n1,Cc1ccc(Nc2nccc(-c3cccnc3)n2)cc1Nc1ccn2ncc(-c3cccc(C(=O)NCC(F)(F)F)c3)c2n1,6.813679,-6.5582166
620,mol182,-12.13,Cc1ccccc1-c1ccc2nc(CCc3ccccc3)[nH]c2c1,Cc1ccccc1-c1ccc2nc(CCc3ccccc3)[nH]c2c1,5.7631955,-6.3152056
330,mol342,-12.13,Cc1c(Oc2ncc(Cl)c(Nc3ccc(Oc4ccccc4)cc3)n2)ccc2ccccc12,Cc1c(Oc2ncc(Cl)c(Nc3ccc(Oc4ccccc4)cc3)n2)ccc2ccccc12,5.8669453,-7.6756682
460,mol326,-12.13,Cc1ccc(NC(=O)c2cccc(Cn3cc(NC(=O)c4cnn(C)c4)cn3)c2)cc1C(=O)O,Cc1ccc(NC(=O)c2cccc(Cn3cc(NC(=O)c4cnn(C)c4)cn3)c2)cc1C(=O)O,6.668591,-4.8504443
430,mol222,-12.13,Cc1ccc(C(=O)Nc2ccc(Cn3ncc4cc(C(=O)O)ccc43)cc2)cc1NS(=O)(=O)c1ccc(N)cc1,Cc1ccc(C(=O)Nc2ccc(Cn3ncc4cc(C(=O)O)ccc43)cc2)cc1NS(=O)(=O)c1ccc(N)cc1,7.003308,-5.714746
330,mol292,-12.13,COC(=O)Nc1cccc(-c2cccc(NC(=O)c3cccc(C)n3)c2C(=O)O)c1,COC(=O)Nc1cccc(-c2cccc(NC(=O)c3cccc(C)n3)c2C(=O)O)c1,7.132862,-5.353538
620,mol350,-12.13,CN(Cc1cnc2ccc(NC(=O)OCc3ccccc3)cn12)C(=O)c1ccc(-c2ccccc2)cc1,CN(Cc1cnc2ccc(NC(=O)OCc3ccccc3)cn12)C(=O)c1ccc(-c2ccccc2)cc1,6.349646,-6.60574
510,mol399,-12.13,Nc1ncc(-c2ccnc(Nc3ccc(Oc4ccccc4)cc3)n2)nc1NCc1cccc(C(=O)O)c1,Nc1ncc(-c2ccnc(Nc3ccc(Oc4ccccc4)cc3)n2)nc1NCc1cccc(C(=O)O)c1,6.282662,-6.09995
320,mol364,-12.13,Cc1ccc(Nc2ncc(C(=O)Nc3ccc(Nc4ccnc5[nH]ccc45)cc3)s2)cc1,Cc1ccc(Nc2ncc(C(=O)Nc3ccc(Nc4ccnc5[nH]ccc45)cc3)s2)cc1,6.0851784,-6.701313
430,mol284,-12.13,CN(C)c1ccc(C(=O)Nc2cccc(Nc3nccc(-c4cccnc4)n3)c2)cc1,CN(C)c1ccc(C(=O)Nc2cccc(Nc3nccc(-c4cccnc4)n3)c2)cc1,6.4991508,-5.2002525
40,mol386,-12.13,Nc1ncnc2c1c(Cc1cccc(Nc3nccc(Nc4ccccc4)n3)c1)cn2C[C@H]1CCC[NH2+]1,Nc1ncnc2c1c(Cc1cccc(Nc3nccc(Nc4ccccc4)n3)c1)cn2C[C@H]1CCC[NH2+]1,6.859707,-3.6876643
900,mol478,-12.13,CC(=O)c1ccc(Oc2ccc(NC(=O)c3cc4cc(Cl)ccc4[nH]3)cc2)cc1,CC(=O)c1ccc(Oc2ccc(NC(=O)c3cc4cc(Cl)ccc4[nH]3)cc2)cc1,6.331145,-6.5812488
270,mol360,-12.13,Cc1cc([C@@H](Nc2cccc(C(=O)Nc3ccc(C(=O)O)cc3)n2)c2ccc3ccccc3c2)ccc1O,Cc1cc([C@@H](Nc2cccc(C(=O)Nc3ccc(C(=O)O)cc3)n2)c2ccc3ccccc3c2)ccc1O,6.323563,-5.9995713
270,mol80,-12.13,Cc1ccc(C(=O)Nc2ccc(S(=O)(=O)Nc3ccc(NC(=O)c4cccc(C(=O)O)c4)c4ccccc34)cc2)o1,Cc1ccc(C(=O)Nc2ccc(S(=O)(=O)Nc3ccc(NC(=O)c4cccc(C(=O)O)c4)c4ccccc34)cc2)o1,6.626685,-5.7594404
850,mol172,-12.13,COC(=O)[C@@H](Cc1ccc(C(=C(C)C)c2cc(Cl)cc(NC(=O)c3ccc4ccccc4c3)c2)cc1)NC(=O)c1ccc(NC(=O)c2cccc(C(=O)O)c2)s1,COC(=O)[C@@H](Cc1ccc(C(=C(C)C)c2cc(Cl)cc(NC(=O)c3ccc4ccccc4c3)c2)cc1)NC(=O)c1ccc(NC(=O)c2cccc(C(=O)O)c2)s1,6.7939515,-6.4583216
740,mol262,-12.13,Cc1ccc(C(=O)Nc2ccc(NC(=O)c3ccc4c(=O)[nH]c5ccccc5c(=O)c4c3)cc2)cc1,Cc1ccc(C(=O)Nc2ccc(NC(=O)c3ccc4c(=O)[nH]c5ccccc5c(=O)c4c3)cc2)cc1,6.165819,-7.383902
850,mol226,-12.13,COc1ccc(-c2cc(C(=O)Nc3cccc(-c4cc5ccccc5o4)c3)[nH]n2)cc1,COc1ccc(-c2cc(C(=O)Nc3cccc(-c4cc5ccccc5o4)c3)[nH]n2)cc1,5.7352495,-7.052802
520,mol329,-12.13,CC(=O)Nc1cccc(Oc2ccc(Nc3ncc(C(=O)Nc4ccccc4)cc3N)cc2)c1,CC(=O)Nc1cccc(Oc2ccc(Nc3ncc(C(=O)Nc4ccccc4)cc3N)cc2)c1,6.049868,-6.7079334
740,mol369,-12.13,CC(=O)Nc1ccc(S(=O)(=O)c2ccc(Nc3cccc(C(=O)O)c3C)cc2C(=O)O)cc1,CC(=O)Nc1ccc(S(=O)(=O)c2ccc(Nc3cccc(C(=O)O)c3C)cc2C(=O)O)cc1,6.809475,-4.715987
980,mol330,-12.13,[H]/N=C\c1ccc(Oc2ccc(Oc3ccc(NC(=O)c4cccc(C(=O)O)c4)cc3)cc2)cc1,[H]/N=C\c1ccc(Oc2ccc(Oc3ccc(NC(=O)c4cccc(C(=O)O)c4)cc3)cc2)cc1,6.080794,-6.5401783
340,mol152,-12.13,Cc1ccc(NC(=O)c2ccc(CNC(=O)c3ccc4ccccc4n3)cc2)cc1N,Cc1ccc(NC(=O)c2ccc(CNC(=O)c3ccc4ccccc4n3)cc2)cc1N,6.462482,-5.5132895
860,mol358,-12.13,Cc1cccc(C(=O)Nc2cccc(Nc3ccnc4ccccc34)c2)c1,Cc1cccc(C(=O)Nc2cccc(Nc3ccnc4ccccc34)c2)c1,6.290876,-6.086227
340,mol256,-12.13,Cc1cc(C(=O)Nc2cc(Cl)cc(C(F)(F)F)c2)ccc1-c1cc(N2CCC(O)CC2)nc(N2CCOCC2)n1,Cc1cc(C(=O)Nc2cc(Cl)cc(C(F)(F)F)c2)ccc1-c1cc(N2CCC(O)CC2)nc(N2CCOCC2)n1,7.5458417,-5.9926133
210,mol131,-12.13,Cc1cc(C)c(S(=O)(=O)Nc2ccc(Oc3ccccc3)cc2C(=O)O)c(C(=O)O)c1,Cc1cc(C)c(S(=O)(=O)Nc2ccc(Oc3ccccc3)cc2C(=O)O)c(C(=O)O)c1,7.0757947,-5.178698
780,mol130,-12.13,COc1ccc2cc([C@H](C)Nc3ncc(Cc4cccc(OC(F)(F)F)c4)cn3)ccc2c1,COc1ccc2cc([C@H](C)Nc3ncc(Cc4cccc(OC(F)(F)F)c4)cn3)ccc2c1,6.3893495,-6.9306703
180,mol73,-12.13,CN(C(=O)c1cc(Cl)c(N2CC[C@H](Nc3nc(N4CCOCC4)cc(N4CCOCC4)n3)C2)s1)c1cccc(C(F)(F)F)c1,CN(C(=O)c1cc(Cl)c(N2CC[C@H](Nc3nc(N4CCOCC4)cc(N4CCOCC4)n3)C2)s1)c1cccc(C(F)(F)F)c1,7.7193165,-5.224474
750,mol224,-12.13,CC(=O)Nc1cccc(Oc2nc(Nc3ccc(Oc4ccccc4)cc3)nc3nc(N)nc(N)c23)c1,CC(=O)Nc1cccc(Oc2nc(Nc3ccc(Oc4ccccc4)cc3)nc3nc(N)nc(N)c23)c1,6.384905,-6.960404
210,mol336,-12.13,Cc1cccc(Nc2ccc([N+](=O)[O-])cc2C(=O)NCc2ccc(C(=O)Nc3ccccc3N)cc2)c1,Cc1cccc(Nc2ccc([N+](=O)[O-])cc2C(=O)NCc2ccc(C(=O)Nc3ccccc3N)cc2)c1,6.388248,-6.9711213
50,mol259,-12.13,Clc1ccccc1Nc1cccc(Nc2ncnn3cc(-c4csc(C5CC5)n4)cc23)c1,Clc1ccccc1Nc1cccc(Nc2ncnn3cc(-c4csc(C5CC5)n4)cc23)c1,6.5222545,-6.822978
50,mol499,-12.13,Cc1nn(-c2cccc(C(F)(F)F)n2)cc1-c1ccnc(N[C@H]2CC[N@H+](Cc3ccc(S(C)(=O)=O)cc3)CC2)n1,Cc1nn(-c2cccc(C(F)(F)F)n2)cc1-c1ccnc(N[C@H]2CC[N@H+](Cc3ccc(S(C)(=O)=O)cc3)CC2)n1,7.2465835,-3.6150208
410,mol41,-12.13,Cc1ccc(CNC(=O)C[C@H](NC(=O)c2cc(-c3ccc(C(=O)c4ccccc4)cc3)cnc2N)c2ccccc2)cc1,Cc1ccc(CNC(=O)C[C@H](NC(=O)c2cc(-c3ccc(C(=O)c4ccccc4)cc3)cnc2N)c2ccccc2)cc1,6.1883116,-6.261675
230,mol10,-12.13,Cc1ccc(-n2nc(C(=O)OCC(=O)Nc3ccc4ccccc4c3)cc2NC(=O)c2ccc3ccccc3n2)cc1,Cc1ccc(-n2nc(C(=O)OCC(=O)Nc3ccc4ccccc4c3)cc2NC(=O)c2ccc3ccccc3n2)cc1,6.5035043,-6.2237406
860,mol211,-12.13,CC(=O)Nc1cccc(-c2cccc(C(=O)NCc3ccc4c(c3)OCO4)c2)c1,CC(=O)Nc1cccc(-c2cccc(C(=O)NCc3ccc4c(c3)OCO4)c2)c1,6.4456916,-4.94033
140,mol153,-12.13,CN(Cc1ccc(-c2cccc(O)c2)cc1)C(=O)COc1cccc(C(F)(F)F)c1,CN(Cc1ccc(-c2cccc(O)c2)cc1)C(=O)COc1cccc(C(F)(F)F)c1,6.4580154,-5.731489
910,mol134,-12.13,CC(=O)Nc1cccc(-c2ccc(Oc3ccc(NC(=O)c4ccncc4)cc3)cc2)c1,CC(=O)Nc1cccc(-c2ccc(Oc3ccc(NC(=O)c4ccncc4)cc3)cc2)c1,5.9069066,-6.462011
350,mol394,-12.13,Cc1ccc(NC(=O)c2ccc(CNC(=O)c3ccc4cccc(C(=O)NCc5ccccc5)c4n3)cc2)cc1,Cc1ccc(NC(=O)c2ccc(CNC(=O)c3ccc4cccc(C(=O)NCc5ccccc5)c4n3)cc2)cc1,6.0574446,-6.561156
840,mol482,-12.13,CC(=O)CNC(=O)NCc1ccc(CC(=O)Nc2ncc([C@H]3CC[C@H](O)CC3)cc2C(=O)O)cc1,CC(=O)CNC(=O)NCc1ccc(CC(=O)Nc2ncc([C@H]3CC[C@H](O)CC3)cc2C(=O)O)cc1,6.8954444,-3.696772
200,mol333,-12.13,Nc1nc(-c2cccc(-c3cccc(OCc4ccccc4)c3)n2)cc(N2CC[NH+](CCc3ccccc3)CC2)n1,Nc1nc(-c2cccc(-c3cccc(OCc4ccccc4)c3)n2)cc(N2CC[NH+](CCc3ccccc3)CC2)n1,6.2038007,-4.851114
450,mol66,-12.13,Cc1ccc(NC(=O)c2ccc(C[N@H+]3CC[C@@H](C)CC3)cc2)cc1Nc1ncnc2ccccc12,Cc1ccc(NC(=O)c2ccc(C[N@H+]3CC[C@@H](C)CC3)cc2)cc1Nc1ncnc2ccccc12,6.7567782,-4.945221
430,mol484,-12.13,Cc1ccc(Nc2ncc(C(=O)Nc3ccccc3C(=O)O)c(N)n2)c(C)c1,Cc1ccc(Nc2ncc(C(=O)Nc3ccccc3C(=O)O)c(N)n2)c(C)c1,6.97205,-5.0518556
660,mol432,-12.13,Cc1ccc(C(=O)Nc2ccc(C[N@H+]3CC[N@@H+](C)CC3)cc2)cc1Nc1ncnc2cnc(Nc3ccc(C(=O)N4CCC(N5CCCC5)CC4)cc3)nc12,Cc1ccc(C(=O)Nc2ccc(C[N@H+]3CC[N@@H+](C)CC3)cc2)cc1Nc1ncnc2cnc(Nc3ccc(C(=O)N4CCC(N5CCCC5)CC4)cc3)nc12,7.747525,-3.6419322
370,mol85,-12.13,NC(N)c1ccc(NC(=O)c2ccc(CNC(=O)c3ccc(Cc4ccccc4)cc3)cc2)cc1,NC(N)c1ccc(NC(=O)c2ccc(CNC(=O)c3ccc(Cc4ccccc4)cc3)cc2)cc1,6.0236645,-5.511009
810,mol312,-12.13,CCNC(=O)c1ccc(-c2ccc(C(=O)NO)cc2C(=O)Nc2cccc(S(=O)(=O)Nc3ccccc3)c2)cc1,CCNC(=O)c1ccc(-c2ccc(C(=O)NO)cc2C(=O)Nc2cccc(S(=O)(=O)Nc3ccccc3)c2)cc1,6.5304914,-5.797698
500,mol308,-12.13,CNC(=O)Cc1ccc(Nc2nccc(Nc3cccc(C(=O)Nc4ccccc4)c3)n2)cc1,CNC(=O)Cc1ccc(Nc2nccc(Nc3cccc(C(=O)Nc4ccccc4)c3)n2)cc1,6.0346594,-5.512531
540,mol475,-12.13,C/C(=N\N=C/c1ccc(O)c(O)c1)c1ccc(Nc2ccnc3cc(Cl)ccc23)cc1,C/C(=N\N=C/c1ccc(O)c(O)c1)c1ccc(Nc2ccnc3cc(Cl)ccc23)cc1,6.048927,-6.2016215
570,mol262,-12.13,Cc1cc(NC(=O)c2cccc(C(=O)O)c2)cc(S(=O)(=O)N(Cc2ccc(-c3ccccc3)cc2)C(C)C)c1,Cc1cc(NC(=O)c2cccc(C(=O)O)c2)cc(S(=O)(=O)N(Cc2ccc(-c3ccccc3)cc2)C(C)C)c1,6.1524324,-5.9097705
810,mol486,-12.13,Cc1cccc(-c2ccnc(Nc3ccc(Oc4ccccc4)cc3)n2)c1,Cc1cccc(-c2ccnc(Nc3ccc(Oc4ccccc4)cc3)n2)c1,6.0511074,-6.6837654
370,mol107,-12.13,Cc1ccc(S(=O)(=O)N/N=C\c2ccc(-c3cnc(N)cc(=O)c3)cc2)cc1,Cc1ccc(S(=O)(=O)N/N=C\c2ccc(-c3cnc(N)cc(=O)c3)cc2)cc1,5.7637258,-4.638082
880,mol253,-12.13,CC(=O)Nc1cccc(-c2ccc(-c3ccc(OCc4ccccc4)c(O[C@H]4O[C@@H](C)[C@H](O)[C@@H](O)[C@H]4O)c3)cc2)c1,CC(=O)Nc1cccc(-c2ccc(-c3ccc(OCc4ccccc4)c(O[C@H]4O[C@@H](C)[C@H](O)[C@@H](O)[C@H]4O)c3)cc2)c1,6.605725,-6.4201245
570,mol207,-12.13,Cc1ccc(C(=O)Nc2ccc(Oc3ccnc(Nc4cccc(OC(F)(F)F)c4)n3)cc2)cc1,Cc1ccc(C(=O)Nc2ccc(Oc3ccnc(Nc4cccc(OC(F)(F)F)c4)n3)cc2)cc1,6.034754,-7.1295614
930,mol375,-12.13,Cc1cc(Nc2cc(NC(=O)c3ccc(C(=O)c4ccccc4)nc3)ccn2)ccc1C(=O)O,Cc1cc(Nc2cc(NC(=O)c3ccc(C(=O)c4ccccc4)nc3)ccn2)ccc1C(=O)O,6.6793046,-5.6989007
550,mol81,-12.13,Cc1ccc(Nc2ncnc(Nc3ccccc3)n2)cc1NC(=O)c1ccccc1C(F)(F)F,Cc1ccc(Nc2ncnc(Nc3ccccc3)n2)cc1NC(=O)c1ccccc1C(F)(F)F,6.416424,-6.9494114
440,mol427,-12.13,Cc1ccc(NC(=O)c2ccc(C[N@H+]3CC[N@@H+](C)CC3)cc2)cc1Nc1nccc2ccccc12,Cc1ccc(NC(=O)c2ccc(C[N@H+]3CC[N@@H+](C)CC3)cc2)cc1Nc1nccc2ccccc12,6.692397,-3.0154135
560,mol263,-12.13,Cc1ccc(Nc2ncnc(Nc3ccc(Oc4ccccc4)cc3)n2)cc1NC(=O)c1ccccc1,Cc1ccc(Nc2ncnc(Nc3ccc(Oc4ccccc4)cc3)n2)cc1NC(=O)c1ccccc1,6.015268,-7.2448277
370,mol216,-12.13,Cc1ccc(C(=O)Nc2ccc(-c3cc4ccccc4s3)cc2)cc1,Cc1ccc(C(=O)Nc2ccc(-c3cc4ccccc4s3)cc2)cc1,5.7569413,-7.1016216
290,mol52,-12.13,Cc1nc(CN(C)c2cc(C3=NC(=O)NC(C)(C)C3)ccc2-c2nc(Nc3ccc(C(=O)NCC(F)(F)F)cc3)ncc2F)ncc1F,Cc1nc(CN(C)c2cc(C3=NC(=O)NC(C)(C)C3)ccc2-c2nc(Nc3ccc(C(=O)NCC(F)(F)F)cc3)ncc2F)ncc1F,7.4218264,-5.8236527
930,mol111,-12.13,CC(=O)Nc1ccc(C(=O)Nc2ccc(C(=O)N[C@H](C)c3ccccc3)cc2)cc1,CC(=O)Nc1ccc(C(=O)Nc2ccc(C(=O)N[C@H](C)c3ccccc3)cc2)cc1,6.3666105,-5.147106
440,mol103,-12.13,N[C@H](CC(=O)Nc1cccc(Oc2ccc(-c3nnn[nH]3)cc2)c1)Cc1c[nH]c2ccccc12,N[C@H](CC(=O)Nc1cccc(Oc2ccc(-c3nnn[nH]3)cc2)c1)Cc1c[nH]c2ccccc12,6.4099016,-4.9666314
960,mol271,-12.13,COc1cccc(-c2nc(-c3cccc(Cl)c3)c(-c3ccc(C(=O)NCCc4ccccc4)cc3)o2)c1,COc1cccc(-c2nc(-c3cccc(Cl)c3)c(-c3ccc(C(=O)NCCc4ccccc4)cc3)o2)c1,5.5904975,-6.866762
40,mol32,-12.13,Cc1ccccc1-c1ccc2c(Nc3ccc(C#N)nc3)nccc2c1,Cc1ccccc1-c1ccc2c(Nc3ccc(C#N)nc3)nccc2c1,6.63977,-5.9887133
700,mol426,-12.13,Cc1ccccc1-c1ccc(Nc2ncc(C(=O)Nc3ccc(Oc4ccncc4)cc3)cn2)cc1,Cc1ccccc1-c1ccc(Nc2ncc(C(=O)Nc3ccc(Oc4ccncc4)cc3)cn2)cc1,6.2318263,-7.1081924
290,mol29,-12.13,Cc1ccc(NC(=O)c2cccc(C(=O)Nc3ccc4c(c3)CN(Cc3cccnc3)CC4)c2)cc1,Cc1ccc(NC(=O)c2cccc(C(=O)Nc3ccc4c(c3)CN(Cc3cccnc3)CC4)c2)cc1,5.9391627,-5.9070535
350,mol259,-12.13,Cc1nc2cc(OCCCc3ccc(NC(=O)c4ccccc4C(F)(F)F)cc3)ccc2n1[C@@H](CCc1ccc(F)cc1)C(=O)Nc1ccc(C#N)cn1,Cc1nc2cc(OCCCc3ccc(NC(=O)c4ccccc4C(F)(F)F)cc3)ccc2n1[C@@H](CCc1ccc(F)cc1)C(=O)Nc1ccc(C#N)cn1,6.4742446,-7.125301
970,mol204,-12.13,COc1ncc(-c2ccc(C(=O)NCc3ccncc3)cc2)cc1Nc1ccnc(-c2cccnc2)n1,COc1ncc(-c2ccc(C(=O)NCc3ccncc3)cc2)cc1Nc1ccnc(-c2cccnc2)n1,6.6929827,-5.809107
680,mol458,-12.13,Cc1cccc(NC(=O)c2cccc(-c3nnc(CCc4ccccc4)s3)c2)c1,Cc1cccc(NC(=O)c2cccc(-c3nnc(CCc4ccccc4)s3)c2)c1,5.8528633,-6.2016463
940,mol26,-12.13,Cc1cc(C)c(-c2nc3ccccc3c(=O)[nH]2)cc1C(=O)Nc1ccc(CC(=O)O)cc1,Cc1cc(C)c(-c2nc3ccccc3c(=O)[nH]2)cc1C(=O)Nc1ccc(CC(=O)O)cc1,6.6086283,-6.1245084
250,mol101,-12.13,Cc1cc(C(=O)Nc2cc(C(F)(F)F)cc(C(F)(F)F)c2)ccc1OCc1cccc(COc2cccnc2)n1,Cc1cc(C(=O)Nc2cc(C(F)(F)F)cc(C(F)(F)F)c2)ccc1OCc1cccc(COc2cccnc2)n1,6.647281,-6.9409304
250,mol207,-12.13,Cc1ccc(O)c(NC(=O)c2ccc(CNC(=O)c3ccc4ccccc4n3)cc2)c1,Cc1ccc(O)c(NC(=O)c2ccc(CNC(=O)c3ccc4ccccc4n3)cc2)c1,6.0957932,-5.827352
890,mol176,-12.13,Nc1cc(C(F)(F)F)c(-c2cc(-c3ccc(-c4ccccc4)nc3)ncn2)cc1F,Nc1cc(C(F)(F)F)c(-c2cc(-c3ccc(-c4ccccc4)nc3)ncn2)cc1F,6.477679,-6.560279
300,mol170,-12.13,Cc1ccc(CO)cc1N1C(=O)c2ccc(Nc3ccc(S(N)(=O)=O)cc3)cc2C1=O,Cc1ccc(CO)cc1N1C(=O)c2ccc(Nc3ccc(S(N)(=O)=O)cc3)cc2C1=O,6.6241565,-4.5989475
170,mol12,-12.13,NS(=O)(=O)c1ccccc1-c1cnc(Nc2cccc(-c3nncn3Cc3cccc(O)c3)c2)s1,NS(=O)(=O)c1ccccc1-c1cnc(Nc2cccc(-c3nncn3Cc3cccc(O)c3)c2)s1,6.0404463,-4.66716
280,mol479,-12.13,Cc1ccccc1C(=O)Nc1cccc(-c2nnc(CCc3ccccc3)o2)c1,Cc1ccccc1C(=O)Nc1cccc(-c2nnc(CCc3ccccc3)o2)c1,6.1339254,-5.9790955
490,mol187,-12.13,CCc1cccc(Cc2ccc3cc(-c4cnc(N)c(Br)c4)ccc3c2)c1,CCc1cccc(Cc2ccc3cc(-c4cnc(N)c(Br)c4)ccc3c2)c1,6.330232,-7.074892
250,mol25,-12.13,Cc1ccc(C(=O)O)cc1NC(=O)c1cc2c(ccc3ccccc32)o1,Cc1ccc(C(=O)O)cc1NC(=O)c1cc2c(ccc3ccccc32)o1,6.668112,-5.05555
280,mol61,-12.13,Cc1cc(NC(=O)Nc2ccc(C(N)N)cc2)cc(C(=O)Nc2cccc(OC(F)F)c2)c1,Cc1cc(NC(=O)Nc2ccc(C(N)N)cc2)cc(C(=O)Nc2cccc(OC(F)F)c2)c1,6.45595,-6.1858683
760,mol492,-12.13,Cc1cncc(-c2ccc(C(=O)Nc3ccc(Cn4cnc(C(F)(F)F)c4)cc3)cc2)c1,Cc1cncc(-c2ccc(C(=O)Nc3ccc(Cn4cnc(C(F)(F)F)c4)cc3)cc2)c1,6.0362806,-6.3040442
220,mol281,-12.13,CC(=O)Nc1cc(-c2ccc(C(=O)c3cccc(-c4cncc(Cl)c4)c3)o2)cnc1N,CC(=O)Nc1cc(-c2ccc(C(=O)c3cccc(-c4cncc(Cl)c4)c3)o2)cnc1N,6.344276,-6.0890117
920,mol278,-12.13,COc1ccc(Nc2nccc(-c3ccnc(Nc4cccc(C(=O)O)c4)c3)n2)cc1,COc1ccc(Nc2nccc(-c3ccnc(Nc4cccc(C(=O)O)c4)c3)n2)cc1,6.1161637,-5.4287896
280,mol296,-12.13,Cc1ccc(C(=O)Nc2cccc(Nc3ccc4ccccc4n3)c2)cc1,Cc1ccc(C(=O)Nc2cccc(Nc3ccc4ccccc4n3)c2)cc1,6.0351205,-6.3774614
580,mol333,-12.13,NC(N)c1ccc(NC(=O)c2cccc(Cn3cc(CC(=O)O)c4ccccc43)c2)cc1,NC(N)c1ccc(NC(=O)c2cccc(Cn3cc(CC(=O)O)c4ccccc43)c2)cc1,6.304361,-4.079002
870,mol200,-12.12,COc1cccc([C@H](C)Nc2nc3cc(-c4ccc(C(=O)N[C@H]5CC[N@H+](C)CC5)nc4)ccc3nc2N)c1,COc1cccc([C@H](C)Nc2nc3cc(-c4ccc(C(=O)N[C@H]5CC[N@H+](C)CC5)nc4)ccc3nc2N)c1,7.331075,-3.5360904
400,mol466,-12.12,Cc1cc(N)c2cc(NC(=O)Nc3ccc4sc(C(=O)O)cc4c3)ccc2n1,Cc1cc(N)c2cc(NC(=O)Nc3ccc4sc(C(=O)O)cc4c3)ccc2n1,6.508116,-5.1672206
190,mol316,-12.12,Nc1ccc(-c2ccc(=O)n(Cc3ccc(C(=O)NCc4cccc(Cl)c4)cc3)n2)cc1,Nc1ccc(-c2ccc(=O)n(Cc3ccc(C(=O)NCc4cccc(Cl)c4)cc3)n2)cc1,5.974401,-4.8638678
290,mol139,-12.12,Nc1cc(CNc2ccc(C(=O)N[C@H](CCC(=O)O)C(=O)O)cc2)ccc1NCc1ccc(Oc2ccc(/C=C\C(=O)O)cc2)cc1,Nc1cc(CNc2ccc(C(=O)N[C@H](CCC(=O)O)C(=O)O)cc2)ccc1NCc1ccc(Oc2ccc(/C=C\C(=O)O)cc2)cc1,7.065484,-5.6633143
660,mol281,-12.12,Cc1ccccc1CNC(=O)c1ccc(Nc2nccc(Nc3cccc(Cl)c3)n2)cc1,Cc1ccccc1CNC(=O)c1ccc(Nc2nccc(Nc3cccc(Cl)c3)n2)cc1,6.331072,-6.3221545
40,mol486,-12.12,Cc1ccc2[nH]c(NC[C@H](CCc3ccccc3)NC(=O)c3ccc4sc(Cc5ccccc5)nc4c3)nc2c1,Cc1ccc2[nH]c(NC[C@H](CCc3ccccc3)NC(=O)c3ccc4sc(Cc5ccccc5)nc4c3)nc2c1,5.690884,-6.682726
660,mol135,-12.12,Cn1cccc1-c1ccc(NC(=O)c2ccc(NC(=O)c3cccnc3)cc2)cc1,Cn1cccc1-c1ccc(NC(=O)c2ccc(NC(=O)c3cccnc3)cc2)cc1,6.1430387,-5.7885733
670,mol307,-12.12,Cc1ccc(-c2cc3c(=O)[nH]cnc3nc2-c2ccc(NC(=O)NCc3ccccn3)cc2)cc1,Cc1ccc(-c2cc3c(=O)[nH]cnc3nc2-c2ccc(NC(=O)NCc3ccccn3)cc2)cc1,6.2129726,-5.9669447
480,mol451,-12.12,Cc1ccc(C(=O)Nc2ccc(S(=O)(=O)Nc3ccc(CCNC(=O)c4cccc(C(F)(F)F)c4)cc3)cc2)cc1,Cc1ccc(C(=O)Nc2ccc(S(=O)(=O)Nc3ccc(CCNC(=O)c4cccc(C(F)(F)F)c4)cc3)cc2)cc1,6.298879,-6.2536583
710,mol491,-12.12,CC(=O)Nc1cccc(-c2cccc(Nc3ccc4c(c3)c(C)cn4C)c2)c1,CC(=O)Nc1cccc(-c2cccc(Nc3ccc4c(c3)c(C)cn4C)c2)c1,6.5784707,-6.0837116
880,mol307,-12.12,Cc1ccc(-c2cc(C(=O)Nc3ccc(Oc4ncccc4C(F)(F)F)cc3)ccn2)cc1,Cc1ccc(-c2cc(C(=O)Nc3ccc(Oc4ncccc4C(F)(F)F)cc3)ccn2)cc1,6.1423244,-6.9403763
930,mol499,-12.12,Cc1cccc(-c2nc(-c3ccc4cc(C(=O)O)ccc4n3)c3cc(Cl)ccc3n2)c1,Cc1cccc(-c2nc(-c3ccc4cc(C(=O)O)ccc4n3)c3cc(Cl)ccc3n2)c1,6.4113855,-6.2305045
390,mol402,-12.12,Cc1c(Cc2ccccc2)c(=O)oc2cc(OS(=O)(=O)c3ccc(Cl)cc3)ccc12,Cc1c(Cc2ccccc2)c(=O)oc2cc(OS(=O)(=O)c3ccc(Cl)cc3)ccc12,6.4945426,-6.4931855
690,mol390,-12.12,Cc1cc(CNC(=O)c2cc(C#N)c3ncc(-c4ccc(C(=O)Nc5ccccc5)cc4Cl)cc3n2)n(C)c1,Cc1cc(CNC(=O)c2cc(C#N)c3ncc(-c4ccc(C(=O)Nc5ccccc5)cc4Cl)cc3n2)n(C)c1,6.546012,-6.626213
630,mol110,-12.12,CN(C(=O)c1ccc(C#N)cc1Cl)c1ccc(-c2ccc(CNc3ccnc(Nc4cccc([N+](=O)[O-])c4)n3)cc2)cc1,CN(C(=O)c1ccc(C#N)cc1Cl)c1ccc(-c2ccc(CNc3ccnc(Nc4cccc([N+](=O)[O-])c4)n3)cc2)cc1,6.5045485,-7.004169
70,mol5,-12.12,c1ccc(Nc2ccc3c(-c4csc(Nc5ccncc5)n4)cccc3n2)cc1,c1ccc(Nc2ccc3c(-c4csc(Nc5ccncc5)n4)cccc3n2)cc1,6.2971196,-6.1137857
100,mol497,-12.12,CN(O)C(=O)c1ccc(Nc2ccc(Nc3ccnc4ccc(OC(F)(F)F)cc34)cn2)cc1,CN(O)C(=O)c1ccc(Nc2ccc(Nc3ccnc4ccc(OC(F)(F)F)cc34)cn2)cc1,6.090509,-5.8960238
740,mol379,-12.12,CNC(=O)c1ccc(Nc2ncc(Cl)c(-c3c[nH]c4ccccc34)n2)c(Cl)c1,CNC(=O)c1ccc(Nc2ncc(Cl)c(-c3c[nH]c4ccccc34)n2)c(Cl)c1,6.755638,-6.228501
210,mol445,-12.12,Cc1cc(NC(=O)c2cccc(Cn3cc(NC(=O)c4ccc(Oc5ccccc5)cc4)cn3)c2)ccn1,Cc1cc(NC(=O)c2cccc(Cn3cc(NC(=O)c4ccc(Oc5ccccc5)cc4)cn3)c2)ccn1,6.0677505,-6.4795322
630,mol464,-12.12,Cc1ccc(C(=O)Nc2ccc(CNC(=O)c3ccc(-c4ccccc4Cl)o3)cc2)cc1,Cc1ccc(C(=O)Nc2ccc(CNC(=O)c3ccc(-c4ccccc4Cl)o3)cc2)cc1,5.9782214,-6.9214582
400,mol499,-12.12,CC(=O)Nc1cccc(-c2c[nH]c(=O)c(C(=O)Nc3cccc(C(N)N)c3)c2)c1,CC(=O)Nc1cccc(-c2c[nH]c(=O)c(C(=O)Nc3cccc(C(N)N)c3)c2)c1,6.8406725,-4.2035375
280,mol27,-12.12,Cc1c(-c2cccc(C(=O)Nc3ccc(C(=O)O)cc3)c2)cnc2ncc(F)cc12,Cc1c(-c2cccc(C(=O)Nc3ccc(C(=O)O)cc3)c2)cnc2ncc(F)cc12,6.8906007,-5.3228784
690,mol169,-12.12,Cc1ccc(C(=O)Nc2ccc(Cl)c(C(=O)c3c[nH]c4ccccc34)c2)cc1,Cc1ccc(C(=O)Nc2ccc(Cl)c(C(=O)c3c[nH]c4ccccc34)c2)cc1,6.054719,-6.8377576
200,mol359,-12.12,CN([C@H]1CC[C@H](Nc2nccc(-n3cccn3)n2)CC1)S(=O)(=O)c1ccc(Nc2ccnc(Nc3cccc(C(F)(F)F)c3)n2)cc1,CN([C@H]1CC[C@H](Nc2nccc(-n3cccn3)n2)CC1)S(=O)(=O)c1ccc(Nc2ccnc(Nc3cccc(C(F)(F)F)c3)n2)cc1,7.1561604,-5.9158635
410,mol468,-12.12,Cc1ccc(C(=O)Nc2cc(C(F)(F)F)ccc2N2Cc3ccc(Cn4ccnc4)cc3C2=O)cc1NC(=O)c1cnn(C)c1,Cc1ccc(C(=O)Nc2cc(C(F)(F)F)ccc2N2Cc3ccc(Cn4ccnc4)cc3C2=O)cc1NC(=O)c1cnn(C)c1,6.4444427,-6.652738
420,mol73,-12.12,CC(=O)Nc1ccc(S(=O)(=O)Nc2ccc(Oc3ccc(NC(=O)c4cccnc4)cc3)cc2)cc1,CC(=O)Nc1ccc(S(=O)(=O)Nc2ccc(Oc3ccc(NC(=O)c4cccnc4)cc3)cc2)cc1,6.0964007,-6.442485
880,mol339,-12.12,Cc1c(Oc2ccc(O)c(C(=O)O)c2)ccc2c(=O)[nH]c(-c3ccccc3)nc12,Cc1c(Oc2ccc(O)c(C(=O)O)c2)ccc2c(=O)[nH]c(-c3ccccc3)nc12,6.500376,-5.993212
180,mol98,-12.12,[H]/N=N/C(=O)c1cccc(-c2cccc(-c3ccc(=O)n(Cc4ccc(C(=O)O)cc4)n3)c2)c1,[H]/N=N/C(=O)c1cccc(-c2cccc(-c3ccc(=O)n(Cc4ccc(C(=O)O)cc4)n3)c2)c1,6.4474583,-5.520177
550,mol418,-12.12,Cc1ccc(-c2cc(C(=O)NCc3cccc(Oc4ccccc4)c3)ccn2)cc1,Cc1ccc(-c2cc(C(=O)NCc3cccc(Oc4ccccc4)c3)ccn2)cc1,5.9229774,-6.5743155
860,mol452,-12.12,Cc1ccc(C(=O)Nc2ccc(O)cc2)cc1NC(=O)c1ccccc1C(=O)O,Cc1ccc(C(=O)Nc2ccc(O)cc2)cc1NC(=O)c1ccccc1C(=O)O,6.573937,-5.107271
780,mol456,-12.12,Cc1cc(C)c(C(=O)Nc2ccc(Oc3ccncc3)cc2)cc1CNC(=O)c1ccn(C)c(=O)c1,Cc1cc(C)c(C(=O)Nc2ccc(Oc3ccncc3)cc2)cc1CNC(=O)c1ccn(C)c(=O)c1,6.6670127,-5.9555817
530,mol442,-12.12,Cc1ccc(O)cc1Nc1ncnc2cc3c(CCc4ccccc4)cccc3nc12,Cc1ccc(O)cc1Nc1ncnc2cc3c(CCc4ccccc4)cccc3nc12,6.482456,-6.714128
210,mol98,-12.12,CN(CCc1c[nH]c2ccccc12)C(=O)Cc1ccc(Nc2nc(Nc3ccc(C(=O)NCCO)cc3)nc3ccsc23)cc1,CN(CCc1c[nH]c2ccccc12)C(=O)Cc1ccc(Nc2nc(Nc3ccc(C(=O)NCCO)cc3)nc3ccsc23)cc1,6.836398,-5.491175
420,mol226,-12.12,Cc1ccc(C(=O)Nc2cccc(Cn3cc(NC(=O)c4cccc(C(F)(F)F)c4)cn3)c2)cc1C#N,Cc1ccc(C(=O)Nc2cccc(Cn3cc(NC(=O)c4cccc(C(F)(F)F)c4)cn3)c2)cc1C#N,6.3316164,-6.7703576
590,mol378,-12.12,Cc1ccc(Cl)c(Nc2nccc(-c3c[nH]c4ccccc34)n2)c1,Cc1ccc(Cl)c(Nc2nccc(-c3c[nH]c4ccccc34)n2)c1,6.2599826,-5.7800255
620,mol204,-12.12,CC(=O)Nc1cccc(Oc2cccc(Nc3ccnc4cc(Cl)ccc34)c2)c1,CC(=O)Nc1cccc(Oc2cccc(Nc3ccnc4cc(Cl)ccc34)c2)c1,6.4967694,-6.8810725
250,mol96,-12.12,Cc1cccc(-c2sc(NC(=O)c3ccc(B(O)O)cc3)cc2C(=O)O)c1,Cc1cccc(-c2sc(NC(=O)c3ccc(B(O)O)cc3)cc2C(=O)O)c1,6.6839285,-3.7013693
540,mol487,-12.12,Cc1ccc(Cc2cccc(-c3ccc(/C=C/C(=O)O)cc3)c2)cc1,Cc1ccc(Cc2cccc(-c3ccc(/C=C/C(=O)O)cc3)c2)cc1,6.6076207,-5.9143453
580,mol57,-12.12,Cc1ccccc1-c1ccc(-c2ncc(CNc3ccc([N+](=O)[O-])cc3)o2)cc1,Cc1ccccc1-c1ccc(-c2ncc(CNc3ccc([N+](=O)[O-])cc3)o2)cc1,6.2086153,-6.4711924
800,mol181,-12.12,Cc1ccc(C(=O)Nc2cccc(C(=O)NCc3ccc4c(c3)OCO4)c2)cc1,Cc1ccc(C(=O)Nc2cccc(C(=O)NCc3ccc4c(c3)OCO4)c2)cc1,6.2086883,-5.2343497
800,mol343,-12.12,CCc1cccc(C(=O)Nc2cnc3ccc(Nc4ccncn4)cc3c2)c1,CCc1cccc(C(=O)Nc2cnc3ccc(Nc4ccncn4)cc3c2)c1,6.6203036,-4.6988235
340,mol72,-12.12,CNC(=O)c1ccc(Nc2cc(Nc3ccc(C(=O)Nc4cccc(C(F)(F)F)c4)cc3)ccn2)cc1,CNC(=O)c1ccc(Nc2cc(Nc3ccc(C(=O)Nc4cccc(C(F)(F)F)c4)cc3)ccn2)cc1,6.108686,-6.4578214
240,mol358,-12.12,Cc1ccc(S(=O)(=O)Nc2cccc(C(=O)Nc3ccc4nc(N)ccc4c3)c2)cc1,Cc1ccc(S(=O)(=O)Nc2cccc(C(=O)Nc3ccc4nc(N)ccc4c3)c2)cc1,6.217737,-5.211328
430,mol178,-12.12,Cc1cc(NCc2cccc(C(F)(F)F)c2)cc(C(=O)Nc2ccc(C(N)N)cc2)c1,Cc1cc(NCc2cccc(C(F)(F)F)c2)cc(C(=O)Nc2ccc(C(N)N)cc2)c1,6.035756,-5.51799
240,mol334,-12.12,Cc1cc(-c2ccc(C(=O)Nc3cc(C(C)(C)CNc4nccc(Nc5cccc(F)c5)n4)ccn3)cc2)on1,Cc1cc(-c2ccc(C(=O)Nc3cc(C(C)(C)CNc4nccc(Nc5cccc(F)c5)n4)ccn3)cc2)on1,6.527411,-6.203051
240,mol1,-12.12,Cc1cccc(Nc2nc(-c3cccc(C(=O)Nc4ccc(C(=O)O)cc4)c3)cn(CC(=O)NCc3ccccc3)c2=O)c1,Cc1cccc(Nc2nc(-c3cccc(C(=O)Nc4ccc(C(=O)O)cc4)c3)cn(CC(=O)NCc3ccccc3)c2=O)c1,6.432484,-5.8061624
240,mol491,-12.12,Cc1cccc(Cl)c1-c1cc(N2CC(O)C2)ccc1Cc1ccc(-c2ccc(NC(=O)Nc3ccccc3)cc2)cc1,Cc1cccc(Cl)c1-c1cc(N2CC(O)C2)ccc1Cc1ccc(-c2ccc(NC(=O)Nc3ccccc3)cc2)cc1,6.1638646,-6.966465
570,mol126,-12.12,CC(=O)Nc1ccc(NC(=O)c2cccc(NC(=O)Cc3ccccc3)c2)cc1,CC(=O)Nc1ccc(NC(=O)c2cccc(NC(=O)Cc3ccccc3)c2)cc1,6.240612,-5.3361154
160,mol447,-12.12,Cc1ccc(C(=O)Nc2cccc(C(F)(F)F)c2)cc1-c1ccc2nc(N[C@H]3CC[C@H]([NH3+])CC3)ncc2c1,Cc1ccc(C(=O)Nc2cccc(C(F)(F)F)c2)cc1-c1ccc2nc(N[C@H]3CC[C@H]([NH3+])CC3)ncc2c1,6.913305,-6.0476565
370,mol355,-12.12,CC(=O)Nc1ccc([C@H](O)CCNC(=O)c2ccc(NC(=O)c3cccc(C(C)(C)C)c3)cc2C(=O)O)cc1,CC(=O)Nc1ccc([C@H](O)CCNC(=O)c2ccc(NC(=O)c3cccc(C(C)(C)C)c3)cc2C(=O)O)cc1,7.1220965,-5.049197
360,mol484,-12.12,Cc1ccc(NC(=O)c2ccc(C(=O)Nc3ccc(C(N)N)cc3)cc2Oc2cccc(NC(=O)Cc3ccc(C(=O)O)cc3)c2)cc1,Cc1ccc(NC(=O)c2ccc(C(=O)Nc3ccc(C(N)N)cc3)cc2Oc2cccc(NC(=O)Cc3ccc(C(=O)O)cc3)c2)cc1,6.573738,-6.751326
560,mol207,-12.12,Cc1ccc(Nc2nccc(-c3cnn4ccccc34)n2)cc1NC(=O)c1cnccn1,Cc1ccc(Nc2nccc(-c3cnn4ccccc34)n2)cc1NC(=O)c1cnccn1,6.778852,-5.214271
930,mol386,-12.12,Cc1ccc(C(=O)Nc2ccc(C(=O)N[C@@H](C)c3cccc(Oc4ccccc4)c3)cc2)cc1,Cc1ccc(C(=O)Nc2ccc(C(=O)N[C@@H](C)c3cccc(Oc4ccccc4)c3)cc2)cc1,5.7859015,-6.7886295
930,mol227,-12.12,CN(C(=O)Cc1ccc(-c2ccc(CNC(=O)c3cc4ccccc4[nH]3)s2)cc1)C1CCS(=O)(=O)CC1,CN(C(=O)Cc1ccc(-c2ccc(CNC(=O)c3cc4ccccc4[nH]3)s2)cc1)C1CCS(=O)(=O)CC1,7.182346,-4.665373
80,mol196,-12.12,Cc1ccc(-c2c(C(F)(F)F)oc3cc(NC(=O)c4ccccc4Cl)ccc23)cc1,Cc1ccc(-c2c(C(F)(F)F)oc3cc(NC(=O)c4ccccc4Cl)ccc23)cc1,6.447186,-7.4937553
600,mol110,-12.12,Cc1ccc(Nc2nc(OCC3CCCCC3)c3nc[nH]c3n2)cc1NC(=O)c1ccc(Cl)cc1,Cc1ccc(Nc2nc(OCC3CCCCC3)c3nc[nH]c3n2)cc1NC(=O)c1ccc(Cl)cc1,7.028916,-7.3865047
200,mol86,-12.12,Cc1ccc(NC(=O)c2ccc(Cc3nc4ccccc4n3Cc3ccccc3)cc2)cc1NC(=O)c1csc(-c2ccccc2)n1,Cc1ccc(NC(=O)c2ccc(Cc3nc4ccccc4n3Cc3ccccc3)cc2)cc1NC(=O)c1csc(-c2ccccc2)n1,6.3183913,-6.4502974
620,mol69,-12.12,Cc1ccc(Nc2nccc(Nc3ccc(C(=O)O)cn3)n2)cc1NC(=O)c1ccc(O)cc1O,Cc1ccc(Nc2nccc(Nc3ccc(C(=O)O)cn3)n2)cc1NC(=O)c1ccc(O)cc1O,6.565375,-5.6304994
770,mol119,-12.12,CC(=O)Nc1ccc(Nc2nc(Nc3ccc(Cc4ccccc4)cc3)nc(Nc3ccc4ccccc4c3)n2)cc1,CC(=O)Nc1ccc(Nc2nc(Nc3ccc(Cc4ccccc4)cc3)nc(Nc3ccc4ccccc4c3)n2)cc1,6.2562256,-6.9418936
610,mol319,-12.12,Cc1cccc(C(=O)Nc2ccc(C(=O)NO)cc2)c1Nc1ccnc(Nc2ccc(Cl)cc2)n1,Cc1cccc(C(=O)Nc2ccc(C(=O)NO)cc2)c1Nc1ccnc(Nc2ccc(Cl)cc2)n1,6.4012985,-6.6740537
420,mol185,-12.12,Cc1ccccc1C(=O)Nc1ccc(C(=O)Nc2ncc(-c3ccc(S(C)(=O)=O)cc3)s2)cc1,Cc1ccccc1C(=O)Nc1ccc(C(=O)Nc2ncc(-c3ccc(S(C)(=O)=O)cc3)s2)cc1,6.4948745,-6.5568295
260,mol223,-12.12,Cc1ncc(-c2cccc(S(=O)(=O)Nc3ccc4c(c3)cc(C(=O)O)n4CC(=O)NCCc3ccccc3)c2)o1,Cc1ncc(-c2cccc(S(=O)(=O)Nc3ccc4c(c3)cc(C(=O)O)n4CC(=O)NCCc3ccccc3)c2)o1,6.7236824,-4.7786326
260,mol412,-12.12,Cc1ccccc1S(=O)(=O)Nc1cccc(Nc2nccc(-c3cccc(Cn4ccnc4)c3)n2)c1,Cc1ccccc1S(=O)(=O)Nc1cccc(Nc2nccc(-c3cccc(Cn4ccnc4)c3)n2)c1,6.4928827,-6.326584
470,mol13,-12.12,Cc1cc(Nc2ccc(C(=O)c3ccc(C(=O)O)cc3)cc2)c2cccc(C(=O)O)c2n1,Cc1cc(Nc2ccc(C(=O)c3ccc(C(=O)O)cc3)cc2)c2cccc(C(=O)O)c2n1,6.7387686,-5.2956676
610,mol365,-12.12,CNC(=O)c1ccc(-c2cccc(C(=O)NCc3ccccc3)c2)c(COc2ncn[nH]2)c1,CNC(=O)c1ccc(-c2cccc(C(=O)NCc3ccccc3)c2)c(COc2ncn[nH]2)c1,6.610482,-5.711064
760,mol4,-12.12,Cc1nc(N)c2nc(-c3cc(C(=O)Nc4cccc(C(F)(F)F)c4)ccc3C)ccc2n1,Cc1nc(N)c2nc(-c3cc(C(=O)Nc4cccc(C(F)(F)F)c4)ccc3C)ccc2n1,6.8773937,-6.432823
640,mol394,-12.11,Cc1ccc(C(=O)Nc2ccc(-c3cnc4ccccc4n3)cc2)cc1,Cc1ccc(C(=O)Nc2ccc(-c3cnc4ccccc4n3)cc2)cc1,5.8727427,-5.872029
490,mol196,-12.11,Cc1ccc(Nc2ncnc(Nc3cccc4ccccc34)n2)cc1,Cc1ccc(Nc2ncnc(Nc3cccc4ccccc34)n2)cc1,6.3158455,-5.992064
920,mol475,-12.11,Cc1ccc(Oc2ccnc(Nc3ccc(C(=O)NCCCNC(=O)Nc4ccc(C(N)N)cc4)cc3)c2)cc1,Cc1ccc(Oc2ccnc(Nc3ccc(C(=O)NCCCNC(=O)Nc4ccc(C(N)N)cc4)cc3)c2)cc1,6.440673,-5.351627
490,mol197,-12.11,Cc1cc(OC(F)F)c(NC(=O)c2cccc(C(=O)Nc3ccc(C(N)N)cc3)c2)cc1Nc1ccnc2ccc(C#N)cc12,Cc1cc(OC(F)F)c(NC(=O)c2cccc(C(=O)Nc3ccc(C(N)N)cc3)c2)cc1Nc1ccnc2ccc(C#N)cc12,6.815905,-6.843715
890,mol280,-12.11,Cc1ncc(-c2ccnc(Nc3ccc(S(C)(=O)=O)cc3)n2)nc1NC(=O)c1ccc(-c2ccccc2)cc1,Cc1ncc(-c2ccnc(Nc3ccc(S(C)(=O)=O)cc3)n2)nc1NC(=O)c1ccc(-c2ccccc2)cc1,6.542869,-6.261421
470,mol470,-12.11,Cn1cc(-c2cnn(Cc3ccc(NC(=O)Nc4cccc(C(F)(F)F)c4)cc3)c2)cn1,Cn1cc(-c2cnn(Cc3ccc(NC(=O)Nc4cccc(C(F)(F)F)c4)cc3)c2)cn1,6.258906,-6.079445
840,mol257,-12.11,CCC(=O)Nc1cccc(Cc2cccc(Nc3ccnc4ccc(S(N)(=O)=O)cc34)c2)c1,CCC(=O)Nc1cccc(Cc2cccc(Nc3ccnc4ccc(S(N)(=O)=O)cc34)c2)c1,6.6654367,-5.283691
500,mol11,-12.11,Cc1ccc(C(=O)Nc2cccc(Nc3ncnc4ccc(-c5ccccc5)cc34)c2)cc1,Cc1ccc(C(=O)Nc2cccc(Nc3ncnc4ccc(-c5ccccc5)cc34)c2)cc1,5.9835234,-7.003161
960,mol419,-12.11,Cc1cccc(-c2ncc(C(=O)Nc3cccc(-c4cccnc4)c3)[nH]2)c1,Cc1cccc(-c2ncc(C(=O)Nc3cccc(-c4cccnc4)c3)[nH]2)c1,6.2288995,-5.8034973
710,mol430,-12.11,Cc1ccc(CNC(=O)c2cc3cc(Nc4ncnc5ccccc45)ccc3n2C(C)C)cc1,Cc1ccc(CNC(=O)c2cc3cc(Nc4ncnc5ccccc45)ccc3n2C(C)C)cc1,6.4075537,-6.133738
320,mol94,-12.11,Cc1cc(Nc2ncnc(Nc3ccc(C(=O)Nc4ccc(C(=O)O)cc4)cc3)n2)ccc1NS(C)(=O)=O,Cc1cc(Nc2ncnc(Nc3ccc(C(=O)Nc4ccc(C(=O)O)cc4)cc3)n2)ccc1NS(C)(=O)=O,6.665773,-5.515572
320,mol317,-12.11,Cc1ccc(-c2ccc(Nc3ccc(C(=O)NCc4ccccn4)cc3C(=O)O)cc2)cc1,Cc1ccc(-c2ccc(Nc3ccc(C(=O)NCc4ccccn4)cc3C(=O)O)cc2)cc1,5.8458934,-6.269437
490,mol237,-12.11,C=CC(=O)Nc1cccc(Nc2nccc(Nc3ccc(C(=O)Nc4cccc(C(=O)O)c4)cc3)n2)c1,C=CC(=O)Nc1cccc(Nc2nccc(Nc3ccc(C(=O)Nc4cccc(C(=O)O)c4)cc3)n2)c1,6.3681755,-5.751007
920,mol5,-12.11,CN(c1ccc(NC(=O)c2cccc(C(=O)c3ccccc3)c2)cc1)S(=O)(=O)c1ccc(C(=O)O)cc1,CN(c1ccc(NC(=O)c2cccc(C(=O)c3ccccc3)c2)cc1)S(=O)(=O)c1ccc(C(=O)O)cc1,6.4386144,-5.572205
680,mol319,-12.11,Cc1cncc(-c2nc(Nc3cccc(C(=O)Nc4cccc(C(F)(F)F)c4)c3)c3cccnc3n2)c1,Cc1cncc(-c2nc(Nc3cccc(C(=O)Nc4cccc(C(F)(F)F)c4)c3)c3cccnc3n2)c1,6.153961,-6.242069
110,mol367,-12.11,C[C@@H](NC(=O)c1ccc(O[C@H]2O[C@H](CO)[C@@H](O)[C@H](O)[C@@H]2O)cc1)c1ccc(NC(=O)c2ccc(Cl)cc2)cc1,C[C@@H](NC(=O)c1ccc(O[C@H]2O[C@H](CO)[C@@H](O)[C@H](O)[C@@H]2O)cc1)c1ccc(NC(=O)c2ccc(Cl)cc2)cc1,7.1557946,-3.8630412
630,mol172,-12.11,CCNc1ccc(Cc2cnc(Nc3ccc(C(=O)NS(=O)(=O)c4cccc(C(F)(F)F)c4)c(Cl)c3)s2)cc1,CCNc1ccc(Cc2cnc(Nc3ccc(C(=O)NS(=O)(=O)c4cccc(C(F)(F)F)c4)c(Cl)c3)s2)cc1,6.3004575,-5.824993
680,mol129,-12.11,COc1cc(-c2ccc3nc(NC(=O)c4cccc(C(F)(F)F)c4)ccc3n2)cc(OC)c1OC,COc1cc(-c2ccc3nc(NC(=O)c4cccc(C(F)(F)F)c4)ccc3n2)cc(OC)c1OC,6.13878,-6.7058034
320,mol286,-12.11,Cc1cc(N2CCS(=O)(=O)CC2)ccc1Nc1cc(Nc2ccc(C(=O)NS(=O)(=O)C3CCCC3)cc2)ccn1,Cc1cc(N2CCS(=O)(=O)CC2)ccc1Nc1cc(Nc2ccc(C(=O)NS(=O)(=O)C3CCCC3)cc2)ccn1,7.22706,-4.327678
280,mol232,-12.11,Cc1cc(Nc2nc(N)c(C(=O)Nc3cccc(F)c3)s2)cc(Nc2ncnc3nc[nH]c23)c1,Cc1cc(Nc2nc(N)c(C(=O)Nc3cccc(F)c3)s2)cc(Nc2ncnc3nc[nH]c23)c1,6.635333,-6.1312923
40,mol488,-12.11,CCc1ccccc1NC(=O)[C@@H](Cc1c[nH]cn1)NC(=O)c1ccc(C(=O)c2cccc(C(=O)N[C@H]3C=NC(C)(C)C3)c2)cc1,CCc1ccccc1NC(=O)[C@@H](Cc1c[nH]cn1)NC(=O)c1ccc(C(=O)c2cccc(C(=O)N[C@H]3C=NC(C)(C)C3)c2)cc1,6.946142,-5.672381
700,mol222,-12.11,Cc1cc(NC(=O)c2ccc(C(=O)c3ccccc3C(=O)O)cc2)ccc1N,Cc1cc(NC(=O)c2ccc(C(=O)c3ccccc3C(=O)O)cc2)ccc1N,6.742776,-4.9869037
290,mol370,-12.11,Cc1ccc(C(=O)Nc2ccc(C(=O)Nc3cccc(C(=O)O)c3)cc2)cc1,Cc1ccc(C(=O)Nc2ccc(C(=O)Nc3cccc(C(=O)O)c3)cc2)cc1,6.526531,-4.9944587
750,mol311,-12.11,CC(=O)Nc1ccc(Oc2ccnc(Nc3cccc(NC(=O)Nc4ccc(Cl)cc4)c3)n2)cc1,CC(=O)Nc1ccc(Oc2ccnc(Nc3cccc(NC(=O)Nc4ccc(Cl)cc4)c3)n2)cc1,6.230408,-6.9967546
230,mol106,-12.11,Nc1[nH]c(=O)c2[nH]c(SCC(=O)c3ccc(NC(=O)Nc4ccccc4Cl)cc3)nc2[nH+]1,Nc1[nH]c(=O)c2[nH]c(SCC(=O)c3ccc(NC(=O)Nc4ccccc4Cl)cc3)nc2[nH+]1,6.4758897,-5.586709
820,mol246,-12.11,Cc1ccc(C(=O)Nc2cncc(C(=O)c3c[nH]c4ccccc34)c2)cc1,Cc1ccc(C(=O)Nc2cncc(C(=O)c3c[nH]c4ccccc34)c2)cc1,6.2800465,-5.6574984
950,mol427,-12.11,Cc1ccc(-c2cc(=O)n(-c3ccc(C(=O)NCc4ccccc4)cc3)s2)cc1,Cc1ccc(-c2cc(=O)n(-c3ccc(C(=O)NCc4ccccc4)cc3)s2)cc1,5.6243553,-5.806096
820,mol33,-12.11,Cc1ccc(C(=O)Nc2ccc3c(c2)NC(=O)[C@@H](CCCNC(=O)c2cccc(C(F)(F)F)c2)C=C3)cc1,Cc1ccc(C(=O)Nc2ccc3c(c2)NC(=O)[C@@H](CCCNC(=O)c2cccc(C(F)(F)F)c2)C=C3)cc1,6.4517546,-6.8660192
690,mol303,-12.11,Cc1ccc(C(=O)Nc2ccc(Oc3ccnc4cc(-c5ccccc5)sc34)cc2)cc1,Cc1ccc(C(=O)Nc2ccc(Oc3ccnc4cc(-c5ccccc5)sc34)cc2)cc1,5.6679235,-7.3694015
710,mol29,-12.11,CCC(=O)Nc1ccc(C(=O)Nc2ccc(Nc3ccnc4ccccc34)cc2C(=O)O)cc1,CCC(=O)Nc1ccc(C(=O)Nc2ccc(Nc3ccnc4ccccc34)cc2C(=O)O)cc1,6.3023367,-5.695968
40,mol400,-12.11,Clc1ccc(Nc2ncnc(N[C@H]3CC[C@H](c4nnn5cnc6[nH]ccc6c45)CC3)n2)cc1,Clc1ccc(Nc2ncnc(N[C@H]3CC[C@H](c4nnn5cnc6[nH]ccc6c45)CC3)n2)cc1,6.8134894,-4.895932
230,mol369,-12.11,Cc1ccc2[nH]c(C(=O)N[C@H]3CCCC[C@H]3Cc3ccc(NC(=O)c4ccc(-c5ccccc5C)o4)cc3)nc2n1,Cc1ccc2[nH]c(C(=O)N[C@H]3CCCC[C@H]3Cc3ccc(NC(=O)c4ccc(-c5ccccc5C)o4)cc3)nc2n1,6.924587,-6.815593
920,mol463,-12.11,CN1C(=O)[C@H](c2ccnc(NC(=O)c3ccc4ccccc4n3)c2)COc2cc(N)ccc21,CN1C(=O)[C@H](c2ccnc(NC(=O)c3ccc4ccccc4n3)c2)COc2cc(N)ccc21,6.6106954,-5.543163
820,mol301,-12.11,C=C(c1ccc(C(=O)NCc2cccc(C(=O)O)c2)cc1)c1ccc(C(C)C)cc1,C=C(c1ccc(C(=O)NCc2cccc(C(=O)O)c2)cc1)c1ccc(C(C)C)cc1,6.7382827,-5.383221
940,mol6,-12.11,COc1ccc(C(=O)Nc2ccc(Oc3ccc(Nc4nccc(C)n4)cc3)cc2)cc1S(N)(=O)=O,COc1ccc(C(=O)Nc2ccc(Oc3ccc(Nc4nccc(C)n4)cc3)cc2)cc1S(N)(=O)=O,6.170818,-6.131153
910,mol187,-12.11,COc1ccc2cc(-c3c[nH]c4ncc(-c5cncc(C(N)N)c5)cc34)ccc2c1,COc1ccc2cc(-c3c[nH]c4ncc(-c5cncc(C(N)N)c5)cc34)ccc2c1,6.0564814,-5.1792026
110,mol109,-12.11,Cc1ccc(CNC(=O)c2ccnc(Nc3cccc(C(=O)NCc4ccccc4)c3)n2)cc1,Cc1ccc(CNC(=O)c2ccnc(Nc3cccc(C(=O)NCc4ccccc4)c3)n2)cc1,6.1007013,-5.3773894
400,mol378,-12.11,CN(c1ccc(C(=O)N[C@@H](CC(=O)O)C(=O)O)cc1)c1ccc(-c2n[nH]c(=O)c3ccc(NC(=O)c4cccc(C(F)(F)F)c4)cc23)cc1,CN(c1ccc(C(=O)N[C@@H](CC(=O)O)C(=O)O)cc1)c1ccc(-c2n[nH]c(=O)c3ccc(NC(=O)c4cccc(C(F)(F)F)c4)cc23)cc1,6.994507,-5.72784
920,mol207,-12.11,Cn1cc(-c2cc(C(=O)Nc3cc4ccccc4cc3C(=O)O)[nH]n2)cn1,Cn1cc(-c2cc(C(=O)Nc3cc4ccccc4cc3C(=O)O)[nH]n2)cn1,6.0684977,-4.8306584
970,mol283,-12.11,COc1ccc(Nc2cc(-c3cccc(C(=O)c4ccccc4)c3)ncn2)cc1,COc1ccc(Nc2cc(-c3cccc(C(=O)c4ccccc4)c3)ncn2)cc1,5.759495,-6.3379574
210,mol78,-12.11,Cc1ccc(NC(=O)c2ccc(Nc3ccnc4ccc(N)cc34)cc2)cc1,Cc1ccc(NC(=O)c2ccc(Nc3ccnc4ccc(N)cc34)cc2)cc1,6.3645425,-5.9763536
170,mol275,-12.11,Cc1cccc(C(=O)Nc2cccc(C(=O)Nc3ccc(S(N)(=O)=O)cc3)c2)c1,Cc1cccc(C(=O)Nc2cccc(C(=O)Nc3ccc(S(N)(=O)=O)cc3)c2)c1,6.50189,-4.8474526
800,mol441,-12.11,CC(=O)N(CC(=O)O)c1ccc(-c2nnc(-c3ccc4ccccc4c3)o2)cc1,CC(=O)N(CC(=O)O)c1ccc(-c2nnc(-c3ccc4ccccc4c3)o2)cc1,6.4062843,-4.0324683
580,mol103,-12.11,Cc1cc(Nc2nccc(-c3cnc4ccccc4n3)n2)cc(N2CCCC2=O)c1,Cc1cc(Nc2nccc(-c3cnc4ccccc4n3)n2)cc(N2CCCC2=O)c1,6.4727025,-4.542657
850,mol267,-12.11,COc1ccc(Nc2nc(Nc3ccc(Oc4ccccc4)cc3)nc(Nc3cccc(C(=O)NCc4ccccc4)c3)n2)cc1Cl,COc1ccc(Nc2nc(Nc3ccc(Oc4ccccc4)cc3)nc(Nc3cccc(C(=O)NCc4ccccc4)c3)n2)cc1Cl,6.3429575,-7.0929165
530,mol69,-12.11,Cc1cn(CCOc2cccc(C(=O)NCc3ccccc3)c2)c2ccc(C(=O)N[C@@H](CO)C(=O)O)cc12,Cc1cn(CCOc2cccc(C(=O)NCc3ccccc3)c2)c2ccc(C(=O)N[C@@H](CO)C(=O)O)cc12,7.0401344,-4.256208
430,mol114,-12.11,[H]/N=C(\C)NCCCC[C@@H](NC(=O)c1ccc(OCc2ccc(NC(=O)c3ccc(Br)cc3)cc2)cc1)C(=O)N[C@@H](CO)C(=O)N[C@H](Cc1ccccc1)C(N)=O,[H]/N=C(\C)NCCCC[C@@H](NC(=O)c1ccc(OCc2ccc(NC(=O)c3ccc(Br)cc3)cc2)cc1)C(=O)N[C@@H](CO)C(=O)N[C@H](Cc1ccccc1)C(N)=O,6.530362,-5.2243724
310,mol36,-12.11,Cc1ccc(C(=O)Nc2ccc(Nc3ncc(C(F)(F)F)c(Nc4ccc(C(=O)O)cc4)n3)cc2)cc1,Cc1ccc(C(=O)Nc2ccc(Nc3ncc(C(F)(F)F)c(Nc4ccc(C(=O)O)cc4)n3)cc2)cc1,6.3500733,-6.307812
660,mol222,-12.11,CC(=O)Nc1ccc(S(=O)(=O)Nc2ccc(-c3nc4ccc(C(=O)NC(C)C)cc4[nH]3)cc2)cc1,CC(=O)Nc1ccc(S(=O)(=O)Nc2ccc(-c3nc4ccc(C(=O)NC(C)C)cc4[nH]3)cc2)cc1,6.7351527,-6.0274873
770,mol75,-12.11,Cc1ccc(C(=O)Nc2ccc(S(O)(O)O)c3ccccc23)cc1NC(=O)c1ccc(C(N)N)cc1,Cc1ccc(C(=O)Nc2ccc(S(O)(O)O)c3ccccc23)cc1NC(=O)c1ccc(C(N)N)cc1,6.681976,-5.6249723
20,mol135,-12.11,c1ccc(Cc2cncc(-c3ccnc(Nc4ccccc4)n3)c2)cc1,c1ccc(Cc2cncc(-c3ccnc(Nc4ccccc4)n3)c2)cc1,6.2392116,-5.4976344
120,mol478,-12.11,FC[C@H]1Cc2ccc(OCc3ccc(-c4cccc(C(F)(F)F)c4)cc3)cc2C[NH2+]1,FC[C@H]1Cc2ccc(OCc3ccc(-c4cccc(C(F)(F)F)c4)cc3)cc2C[NH2+]1,6.8275776,-5.7079234
590,mol178,-12.11,CCc1cccc(CC)c1NC(=O)c1ccc(Oc2ccc(NC(=O)c3cc4ccccc4o3)cc2)cc1,CCc1cccc(CC)c1NC(=O)c1ccc(Oc2ccc(NC(=O)c3cc4ccccc4o3)cc2)cc1,6.013201,-7.1188617
600,mol295,-12.11,NC(=O)c1ccc(Oc2cccc(Nc3ccnc4ccccc34)c2)cc1,NC(=O)c1ccc(Oc2cccc(Nc3ccnc4ccccc34)c2)cc1,6.3336697,-6.1554904
950,mol198,-12.11,COc1cccc(OCc2cccc(C(=O)Nc3ccc(Oc4ncccc4C(F)(F)F)cc3)c2)c1,COc1cccc(OCc2cccc(C(=O)Nc3ccc(Oc4ncccc4C(F)(F)F)cc3)c2)c1,5.889299,-7.2527494
210,mol395,-12.11,Cc1ccnc2ccc(NC(=O)c3ccc4c(N)nccc4c3)cc12,Cc1ccnc2ccc(NC(=O)c3ccc4c(N)nccc4c3)cc12,6.359171,-4.611929
650,mol12,-12.11,COc1ccc(Nc2ncc(OCc3cccc(C(=O)NO)c3)s2)cc1C(=O)Nc1cccc(-c2nnn[nH]2)c1,COc1ccc(Nc2ncc(OCc3cccc(C(=O)NO)c3)s2)cc1C(=O)Nc1cccc(-c2nnn[nH]2)c1,6.302019,-6.3195186
640,mol465,-12.11,Cc1ccc(C)c(NC(=O)c2ccc(CNC(=O)c3c4ccccc4nc4ccccc34)cc2)c1,Cc1ccc(C)c(NC(=O)c2ccc(CNC(=O)c3c4ccccc4nc4ccccc34)cc2)c1,5.9589424,-5.669886
420,mol230,-12.11,Cc1cnc(Nc2cncc(C(=O)c3ccc4ccccc4c3)c2)c(CC(=O)O)c1,Cc1cnc(Nc2cncc(C(=O)c3ccc4ccccc4c3)c2)c(CC(=O)O)c1,6.708354,-5.5813
910,mol337,-12.11,CC(=O)n1c(-c2ccc(Oc3ccc(C(N)N)cc3)cc2)cc2ccccc21,CC(=O)n1c(-c2ccc(Oc3ccc(C(N)N)cc3)cc2)cc2ccccc21,6.621849,-4.531482
780,mol78,-12.11,CCc1nc(C(=O)Nc2cccc(Oc3ccccc3)c2)cn1CCc1cccc2ccccc12,CCc1nc(C(=O)Nc2cccc(Oc3ccccc3)c2)cn1CCc1cccc2ccccc12,5.672058,-6.780159
340,mol197,-12.11,Cc1c(-c2nnc3ccc(N4CCC(C(=O)O)CC4)cn23)ccc(C(=O)NCc2ccc(-c3ccccn3)cc2)c1Cl,Cc1c(-c2nnc3ccc(N4CCC(C(=O)O)CC4)cn23)ccc(C(=O)NCc2ccc(-c3ccccn3)cc2)c1Cl,6.721791,-5.803875
600,mol377,-12.11,Cc1ccc(-c2nccn2Cc2ccc(C(=O)c3ccccc3O)cc2)cc1,Cc1ccc(-c2nccn2Cc2ccc(C(=O)c3ccccc3O)cc2)cc1,6.0080986,-5.98635
730,mol253,-12.11,CC(=O)Nc1cccc(-c2cccc(-c3cccnc3Cl)c2N)c1,CC(=O)Nc1cccc(-c2cccc(-c3cccnc3Cl)c2N)c1,6.5232773,-4.796405
300,mol97,-12.11,Cc1ccc(OCC#N)cc1NC(=O)c1ccc(Nc2nccc(Nc3cccc(C(=O)Nc4ccccc4)c3)n2)cc1,Cc1ccc(OCC#N)cc1NC(=O)c1ccc(Nc2nccc(Nc3cccc(C(=O)Nc4ccccc4)c3)n2)cc1,6.534982,-6.7873745
910,mol472,-12.11,Cc1ccc(NC(=O)c2ccccc2NCc2ccc(-c3ccccc3)cc2)cc1,Cc1ccc(NC(=O)c2ccccc2NCc2ccc(-c3ccccc3)cc2)cc1,5.5382123,-7.048883
580,mol248,-12.11,Cc1ccc(Oc2cccc(-c3ncc(C(=O)O)c(=O)n3C)c2)cc1NS(=O)(=O)c1ccc(N)cc1,Cc1ccc(Oc2cccc(-c3ncc(C(=O)O)c(=O)n3C)c2)cc1NS(=O)(=O)c1ccc(N)cc1,7.008403,-5.8488193
200,mol417,-12.11,Cc1ccc(NC(=O)c2ccc(Nc3cc(NC(=O)c4cccc(C(F)(F)F)c4)cc4ccccc34)cc2)cc1,Cc1ccc(NC(=O)c2ccc(Nc3cc(NC(=O)c4cccc(C(F)(F)F)c4)cc4ccccc34)cc2)cc1,5.8750277,-6.5398774
400,mol426,-12.11,CCN(C)C(=O)c1ccc(Nc2ncc3cc(NC(=O)Nc4ccc(Cl)cc4)ccc3n2)cc1,CCN(C)C(=O)c1ccc(Nc2ncc3cc(NC(=O)Nc4ccc(Cl)cc4)ccc3n2)cc1,6.474221,-5.9124117
590,mol381,-12.11,Nc1ncc(-c2cnc(C3CC3)[nH]2)nc1C(=O)Nc1ccc(NC(=O)c2cccc(C(=O)O)c2)cc1,Nc1ncc(-c2cnc(C3CC3)[nH]2)nc1C(=O)Nc1ccc(NC(=O)c2cccc(C(=O)O)c2)cc1,6.8146024,-5.5519147
50,mol348,-12.11,FC(F)(F)c1cccc(-c2nc(-c3ccc(OCc4ccccc4)cc3)c[nH]2)c1,FC(F)(F)c1cccc(-c2nc(-c3ccc(OCc4ccccc4)cc3)c[nH]2)c1,6.4736633,-6.847105
430,mol12,-12.11,Nc1c(C(=O)Cc2ccccc2)sc2nc(-c3ccc(Cl)cc3)ccc12,Nc1c(C(=O)Cc2ccccc2)sc2nc(-c3ccc(Cl)cc3)ccc12,6.0046287,-6.574237
760,mol27,-12.11,Cc1ccc(C(=O)NCc2cccc(C(=O)NCc3ccccc3)c2)cc1C,Cc1ccc(C(=O)NCc2cccc(C(=O)NCc3ccccc3)c2)cc1C,6.8121696,-4.5689483
390,mol329,-12.11,Cc1cc(C(=O)Nc2cccc(-c3cccc(C(=O)O)c3)c2)ccc1OC(C(F)(F)F)C(F)(F)F,Cc1cc(C(=O)Nc2cccc(-c3cccc(C(=O)O)c3)c2)ccc1OC(C(F)(F)F)C(F)(F)F,6.9758363,-6.2956176
460,mol427,-12.11,COc1cc(N)ccc1-c1cccc(C(=O)Nc2ccc(-c3cccnc3)cc2)c1,COc1cc(N)ccc1-c1cccc(C(=O)Nc2ccc(-c3cccnc3)cc2)c1,6.05457,-6.2532516
270,mol90,-12.11,Cc1ccc(C(=O)Nc2ccc([C@@H](C)Nc3ccnc4ccc(C(N)N)cc34)cc2)cc1,Cc1ccc(C(=O)Nc2ccc([C@@H](C)Nc3ccnc4ccc(C(N)N)cc34)cc2)cc1,6.320841,-5.9364443
620,mol351,-12.1,Cc1ccc(Nc2nccc(-c3c[nH]c4ccccc34)n2)cc1NC(=O)c1cnco1,Cc1ccc(Nc2nccc(-c3c[nH]c4ccccc34)n2)cc1NC(=O)c1cnco1,6.4164057,-6.251479
680,mol28,-12.1,Cc1ccc(CNC(=O)c2ccc3ccc(Oc4ccccc4)nc3c2)cc1,Cc1ccc(CNC(=O)c2ccc3ccc(Oc4ccccc4)nc3c2)cc1,6.1826386,-6.304853
560,mol1,-12.1,CNC(=O)c1ccc(Nc2nccc(-c3c[nH]c4ccccc34)n2)cn1,CNC(=O)c1ccc(Nc2nccc(-c3c[nH]c4ccccc34)n2)cn1,6.5917826,-3.977384
530,mol386,-12.1,Cc1ccc(Oc2ccc(NC(=O)c3cc4ccccc4o3)cc2)cc1,Cc1ccc(Oc2ccc(NC(=O)c3cc4ccccc4o3)cc2)cc1,6.266203,-6.5989165
650,mol256,-12.1,Cc1ccc(C(=O)Nc2ccc(NC(=O)c3ccc4ccccc4n3)cc2)cc1,Cc1ccc(C(=O)Nc2ccc(NC(=O)c3ccc4ccccc4n3)cc2)cc1,6.298309,-6.1469603
680,mol59,-12.1,Cc1ccccc1-c1cc(Nc2ccnc(Nc3ccccc3)n2)ccn1,Cc1ccccc1-c1cc(Nc2ccnc(Nc3ccccc3)n2)ccn1,6.7144217,-5.870271
560,mol132,-12.1,Cc1ccc(O)c(Cc2ccc(S(=O)(=O)Nc3ccc([PH](O)(O)O)cc3)cc2)c1,Cc1ccc(O)c(Cc2ccc(S(=O)(=O)Nc3ccc([PH](O)(O)O)cc3)cc2)c1,6.626421,-4.0324583
390,mol331,-12.1,Cc1cc(Nc2nc(NCc3ccccc3)c3c(Cl)cccc3n2)ccc1NC(=O)c1ccc(N(C)C)cc1,Cc1cc(Nc2nc(NCc3ccccc3)c3c(Cl)cccc3n2)ccc1NC(=O)c1ccc(N(C)C)cc1,5.819333,-6.4958916
350,mol59,-12.1,Cc1cc(/C=C\C#N)cc(/C=C/c2cc(NC(=O)c3ccc(C(=O)c4ccccc4)cc3)ccc2C(=O)O)c1,Cc1cc(/C=C\C#N)cc(/C=C/c2cc(NC(=O)c3ccc(C(=O)c4ccccc4)cc3)ccc2C(=O)O)c1,6.3212595,-6.5603876
370,mol475,-12.1,Cc1c(CN2CCCC2=O)cccc1-c1nc(Nc2ccc(C(=O)N[C@H]3CC[C@H](O)CC3)cc2)c2ccccc2n1,Cc1c(CN2CCCC2=O)cccc1-c1nc(Nc2ccc(C(=O)N[C@H]3CC[C@H](O)CC3)cc2)c2ccccc2n1,6.7562375,-5.609119
520,mol77,-12.1,Cc1ccc(Nc2nccc(-c3ccc4ncccc4c3)n2)cc1,Cc1ccc(Nc2nccc(-c3ccc4ncccc4c3)n2)cc1,5.954384,-4.695487
290,mol144,-12.1,Cc1cccc(-n2nc(C(=O)O)cc2-c2cccc(NC(=O)c3ccc4ccccc4n3)c2)c1,Cc1cccc(-n2nc(C(=O)O)cc2-c2cccc(NC(=O)c3ccc4ccccc4n3)c2)c1,5.988192,-6.0553136
560,mol387,-12.1,Cc1nc(NC(=O)Nc2ccc(OC(F)(F)F)cc2)ccc1-c1nc2cc(C(F)(F)F)ccc2[nH]1,Cc1nc(NC(=O)Nc2ccc(OC(F)(F)F)cc2)ccc1-c1nc2cc(C(F)(F)F)ccc2[nH]1,6.3075747,-7.2944717
560,mol460,-12.1,CCc1ccc(Nc2nccc(Nc3ccc4c(C)cc(=O)n(C)c4c3)n2)cc1NC(=O)c1ccccc1Cl,CCc1ccc(Nc2nccc(Nc3ccc4c(C)cc(=O)n(C)c4c3)n2)cc1NC(=O)c1ccccc1Cl,7.340996,-6.6063247
110,mol394,-12.1,c1ccc(C2CCN(c3cccc(-c4c[nH]nc4-c4cccc(N5CCc6ccccc6C5)c4)c3)CC2)cc1,c1ccc(C2CCN(c3cccc(-c4c[nH]nc4-c4cccc(N5CCc6ccccc6C5)c4)c3)CC2)cc1,6.007151,-6.1126957
300,mol330,-12.1,CC(C)/C(=N\OCc1ccc(-c2ccc(-c3nc4ccccc4[nH]3)cc2)cc1)c1ccccc1,CC(C)/C(=N\OCc1ccc(-c2ccc(-c3nc4ccccc4[nH]3)cc2)cc1)c1ccccc1,5.7418756,-6.993596
960,mol284,-12.1,CCC(=O)Nc1cccc(-c2cccc(-c3cccc(C(=O)O)c3)c2)c1,CCC(=O)Nc1cccc(-c2cccc(-c3cccc(C(=O)O)c3)c2)c1,6.6766458,-4.8951864
580,mol91,-12.1,Nc1ccc(CNC(=O)NCCNC(=O)c2ccc(NC(=O)c3cc4ccccc4o3)cc2)cc1,Nc1ccc(CNC(=O)NCCNC(=O)c2ccc(NC(=O)c3cc4ccccc4o3)cc2)cc1,6.684296,-4.6968036
540,mol185,-12.1,Cc1cc(Cc2cc(=O)n3ccsc3n2)[nH]c1-c1ccc(NC(=O)c2ccccc2Cl)s1,Cc1cc(Cc2cc(=O)n3ccsc3n2)[nH]c1-c1ccc(NC(=O)c2ccccc2Cl)s1,7.214896,-6.4102654
380,mol232,-12.1,Cc1cc([C@H](Nc2cccc(C(=O)Nc3cccc(S(N)(=O)=O)c3)n2)C(=O)NO)ccc1OCc1ccccc1,Cc1cc([C@H](Nc2cccc(C(=O)Nc3cccc(S(N)(=O)=O)c3)n2)C(=O)NO)ccc1OCc1ccccc1,7.018281,-5.395034
680,mol9,-12.1,CC(C)c1ccc(NC(=O)c2cccc(Nc3ncnc4ccc(NC(=O)CO)cc34)c2)cc1,CC(C)c1ccc(NC(=O)c2cccc(Nc3ncnc4ccc(NC(=O)CO)cc34)c2)cc1,6.6554112,-5.3328404
950,mol436,-12.1,Cc1cc(C)cc(Nc2cccc(-c3nc4cc(C(N)N)ccc4[nH]3)c2)c1,Cc1cc(C)cc(Nc2cccc(-c3nc4cc(C(N)N)ccc4[nH]3)c2)c1,6.600896,-5.1718946
580,mol107,-12.1,Cc1nn(Cc2ccccc2)c(N)c1Cc1ccc(-c2nc3ccccc3c(=O)[nH]2)cc1,Cc1nn(Cc2ccccc2)c(N)c1Cc1ccc(-c2nc3ccccc3c(=O)[nH]2)cc1,6.0944815,-5.5255485
400,mol131,-12.1,Cc1cccc(-c2nn(CC(=O)Nc3ccc4ccccc4c3)cc2C(=O)O)c1,Cc1cccc(-c2nn(CC(=O)Nc3ccc4ccccc4c3)cc2C(=O)O)c1,6.0210414,-4.796096
940,mol248,-12.1,C=CCNc1cc(-c2cccc(NC(=O)Nc3ccc(C(C)C)cc3)c2)ccn1,C=CCNc1cc(-c2cccc(NC(=O)Nc3ccc(C(C)C)cc3)c2)ccn1,6.338709,-6.073637
920,mol232,-12.1,CN(Cc1cnc(-c2ccc(CNC(=O)c3cc4ccccc4o3)cc2)s1)C(=O)c1ccc(-c2ccccn2)s1,CN(Cc1cnc(-c2ccc(CNC(=O)c3cc4ccccc4o3)cc2)s1)C(=O)c1ccc(-c2ccccn2)s1,6.5928698,-5.9933186
670,mol490,-12.1,CNc1cccc(Oc2ccc(NC(=O)c3cc4cccc(OCc5ccccc5)c4s3)cn2)c1,CNc1cccc(Oc2ccc(NC(=O)c3cc4cccc(OCc5ccccc5)c4s3)cn2)c1,5.9071603,-7.08253
140,mol481,-12.1,Cc1ccc(Nc2cccc(C(=O)O)c2)cc1-c1ccc2c(c1)CCC[C@H]2[C@H](NC(=O)c1ccc(C#N)cc1)c1nccs1,Cc1ccc(Nc2cccc(C(=O)O)c2)cc1-c1ccc2c(c1)CCC[C@H]2[C@H](NC(=O)c1ccc(C#N)cc1)c1nccs1,6.6013327,-6.596764
570,mol168,-12.1,Cn1cc(-c2ccc(NC(=O)c3ccc4nc(NC(=O)Cc5ccccc5)sc4n3)cc2)cn1,Cn1cc(-c2ccc(NC(=O)c3ccc4nc(NC(=O)Cc5ccccc5)sc4n3)cc2)cn1,6.378628,-6.5382037
560,mol497,-12.1,Cc1ccc(-c2ncc(C(=O)Nc3ccc(S(=O)(=O)NC(=O)Nc4ccccc4)cc3)o2)cc1,Cc1ccc(-c2ncc(C(=O)Nc3ccc(S(=O)(=O)NC(=O)Nc4ccccc4)cc3)o2)cc1,6.193094,-6.6120195
310,mol2,-12.1,Cc1cc(Nc2cc(Nc3ccc(C(=O)Nc4ccc(C(=O)O)cc4)cc3)ccn2)ccc1F,Cc1cc(Nc2cc(Nc3ccc(C(=O)Nc4ccc(C(=O)O)cc4)cc3)ccn2)ccc1F,6.493447,-5.874298
320,mol59,-12.1,Nc1nc(NCc2ccncc2)c2cc(-c3ccc(OCc4ccccc4)cc3)[nH]c2n1,Nc1nc(NCc2ccncc2)c2cc(-c3ccc(OCc4ccccc4)cc3)[nH]c2n1,6.007659,-5.655444
650,mol382,-12.1,CC(=O)N1CCC(Nc2nc(Nc3ccc(C(=O)Nc4ccccc4Cl)cc3)nc3ccccc23)CC1,CC(=O)N1CCC(Nc2nc(Nc3ccc(C(=O)Nc4ccccc4Cl)cc3)nc3ccccc23)CC1,6.6651306,-4.8387566
910,mol171,-12.1,COc1cccc(NC(=O)Nc2ccc(Oc3ccnc4[nH]ccc34)c(N)c2)c1,COc1cccc(NC(=O)Nc2ccc(Oc3ccnc4[nH]ccc34)c(N)c2)c1,6.454769,-6.0370274
940,mol246,-12.1,Cc1ccc(C(=O)Nc2ccc(C(=O)O)cc2)cc1Nc1nccc(-c2cccnc2)n1,Cc1ccc(C(=O)Nc2ccc(C(=O)O)cc2)cc1Nc1nccc(-c2cccnc2)n1,6.620601,-5.432514
220,mol497,-12.1,Cc1ccc(C(=O)Nc2ccc(C(=O)Nc3cccc(B(O)O)c3)cc2)cc1,Cc1ccc(C(=O)Nc2ccc(C(=O)Nc3cccc(B(O)O)c3)cc2)cc1,6.372543,-4.0489526
10,mol139,-12.1,FC(F)(F)c1cccc(NCc2nc(-c3ccc(OCc4cc5ccccc5s4)cc3)c(-c3ccccc3)[nH]2)c1,FC(F)(F)c1cccc(NCc2nc(-c3ccc(OCc4cc5ccccc5s4)cc3)c(-c3ccccc3)[nH]2)c1,6.1453238,-7.2826657
280,mol216,-12.1,Cc1cc(NC(=O)c2ccc3c(=O)n4ccccc4nc3c2)ccc1CC(=O)O,Cc1cc(NC(=O)c2ccc3c(=O)n4ccccc4nc3c2)ccc1CC(=O)O,6.720761,-5.1400595
760,mol481,-12.1,Cc1ccc(C(=O)Nc2cccc(C(F)(F)F)c2)cc1C(=O)Nc1ccc2n[nH]c(-c3ccncc3)c2c1,Cc1ccc(C(=O)Nc2cccc(C(F)(F)F)c2)cc1C(=O)Nc1ccc2n[nH]c(-c3ccncc3)c2c1,6.3498297,-6.7520223
220,mol428,-12.1,CC(C)[C@H](NS(=O)(=O)c1ccc(-c2ccc(C[C@H](NC(=O)OCc3ccccc3)C(=O)O)cc2)o1)C(=O)O,CC(C)[C@H](NS(=O)(=O)c1ccc(-c2ccc(C[C@H](NC(=O)OCc3ccccc3)C(=O)O)cc2)o1)C(=O)O,7.1681595,-4.202547
880,mol159,-12.1,CC(C)c1ccc(-c2cc(COc3ccc(-c4ccccn4)cc3)ccn2)cc1,CC(C)c1ccc(-c2cc(COc3ccc(-c4ccccn4)cc3)ccn2)cc1,5.7715554,-7.0178194
750,mol112,-12.1,Cc1cccc(Oc2ccnc(Nc3ccc(C(=O)NC[C@H]4CC[N@@H+](C)CC4)cc3)n2)c1,Cc1cccc(Oc2ccnc(Nc3ccc(C(=O)NC[C@H]4CC[N@@H+](C)CC4)cc3)n2)c1,6.580036,-4.268286
740,mol290,-12.1,Cc1ncc(COc2ccc3cc(Cc4nc5ccccc5[nH]c4=O)[nH]c3c2)cc1O,Cc1ncc(COc2ccc3cc(Cc4nc5ccccc5[nH]c4=O)[nH]c3c2)cc1O,6.3227267,-5.3112907
860,mol430,-12.1,Cc1ccc(-c2ccc(Nc3ccc(Oc4ccccc4)cc3)cc2C(=O)O)cc1,Cc1ccc(-c2ccc(Nc3ccc(Oc4ccccc4)cc3)cc2C(=O)O)cc1,6.3373103,-6.67196
240,mol279,-12.1,Cc1ccc(C(=O)Nc2ccc(Oc3ccc(C(=O)N[C@H](CCc4ccccc4)C(=O)O)cc3)cc2)cc1,Cc1ccc(C(=O)Nc2ccc(Oc3ccc(C(=O)N[C@H](CCc4ccccc4)C(=O)O)cc3)cc2)cc1,6.338331,-6.4419546
270,mol446,-12.1,Nc1cccc(-c2ccc(CCCOc3cccc4ccccc34)cc2)c1,Nc1cccc(-c2ccc(CCCOc3cccc4ccccc34)cc2)c1,5.7616954,-7.083482
770,mol268,-12.1,CN(C1=CC(=O)c2ccccc2C1=O)c1cccc(C(=O)c2cccc(Cl)c2)c1,CN(C1=CC(=O)c2ccccc2C1=O)c1cccc(C(=O)c2cccc(Cl)c2)c1,6.0772643,-5.5618873
110,mol452,-12.1,Cc1nc[nH]c1C(=O)Nc1ccc(Nc2nccc(Nc3ccc4ccccc4n3)n2)cc1,Cc1nc[nH]c1C(=O)Nc1ccc(Nc2nccc(Nc3ccc4ccccc4n3)n2)cc1,6.470641,-6.24608
970,mol486,-12.1,Cc1ccccc1-c1ccc(-c2ncc(-c3ccc(C(=O)N(C)C)cc3)[nH]2)cc1,Cc1ccccc1-c1ccc(-c2ncc(-c3ccc(C(=O)N(C)C)cc3)[nH]2)cc1,6.470378,-6.187964
480,mol183,-12.1,Cc1ccc(-c2ccc(C(=O)Nc3cccc(C(=O)N(C)C)c3)cc2)cc1,Cc1ccc(-c2ccc(C(=O)Nc3cccc(C(=O)N(C)C)c3)cc2)cc1,6.2623415,-5.482471
480,mol314,-12.1,Cc1cnc(-c2ccc(CNc3ccc(C(N)N)cc3)nc2)cc1Nc1ncccc1-c1ccnc(Nc2cccc(NC3CCCCC3)n2)n1,Cc1cnc(-c2ccc(CNc3ccc(C(N)N)cc3)nc2)cc1Nc1ncccc1-c1ccnc(Nc2cccc(NC3CCCCC3)n2)n1,7.0628953,-5.722587
700,mol296,-12.1,Cc1cccc(-c2nc3nc(-c4cnccc4Sc4ccccc4)cc(O)n3n2)c1,Cc1cccc(-c2nc3nc(-c4cnccc4Sc4ccccc4)cc(O)n3n2)c1,6.121241,-6.0737486
990,mol413,-12.1,CC(=O)Nc1ccc(Oc2cccc(-n3cc(-c4cccc(C(=O)O)c4)nn3)c2)cc1,CC(=O)Nc1ccc(Oc2cccc(-n3cc(-c4cccc(C(=O)O)c4)nn3)c2)cc1,5.9873786,-5.4486876
870,mol81,-12.1,COc1cc(O[C@H]2CC[N@@H+](C)CC2)ccc1Nc1nccc(-c2cccnc2Oc2ccc(C(=O)Nc3ccccc3Cl)cc2C(F)(F)F)n1,COc1cc(O[C@H]2CC[N@@H+](C)CC2)ccc1Nc1nccc(-c2cccnc2Oc2ccc(C(=O)Nc3ccccc3Cl)cc2C(F)(F)F)n1,7.123572,-6.633506
820,mol295,-12.1,Cc1cccc(Cc2nc(-c3cccc4ccccc34)no2)c1,Cc1cccc(Cc2nc(-c3cccc4ccccc34)no2)c1,6.169095,-5.7124987
780,mol222,-12.1,Cc1ccc(C(=O)Nc2cccc(Cc3n[nH]c4ccccc34)c2)cc1,Cc1ccc(C(=O)Nc2cccc(Cc3n[nH]c4ccccc34)c2)cc1,6.1608567,-5.4521785
860,mol456,-12.09,NC(N)c1cccc(CNC(=O)Nc2ccc(-c3ccccc3)cc2)c1,NC(N)c1cccc(CNC(=O)Nc2ccc(-c3ccccc3)cc2)c1,6.3052945,-3.7128086
610,mol112,-12.09,Cc1ccc(-c2nc(COc3ccccc3)[nH]c2-c2ccc(NC(=O)c3ccc4ccccc4n3)cc2)cc1,Cc1ccc(-c2nc(COc3ccccc3)[nH]c2-c2ccc(NC(=O)c3ccc4ccccc4n3)cc2)cc1,5.681199,-7.4437118
130,mol148,-12.09,CCc1[nH]c(CNc2ccc(C(=O)Nc3cc(C[NH+]4CCN(C(C)=O)CC4)ccc3Cl)cn2)nc1C(=O)N1CCN(c2c(Cl)cccc2Cl)CC1,CCc1[nH]c(CNc2ccc(C(=O)Nc3cc(C[NH+]4CCN(C(C)=O)CC4)ccc3Cl)cn2)nc1C(=O)N1CCN(c2c(Cl)cccc2Cl)CC1,8.07007,-4.02087
470,mol491,-12.09,Cc1ccc(NC(=O)Nc2cccc(Nc3ncnc4ccc(N(C)C)cc34)c2)cc1Nc1ncccn1,Cc1ccc(NC(=O)Nc2cccc(Nc3ncnc4ccc(N(C)C)cc34)c2)cc1Nc1ncccn1,6.842644,-6.1368127
310,mol280,-12.09,Cc1ccc(-c2cc(Nc3ccc(C(=O)NCCNc4ccnc5ccccc45)cc3)on2)cc1,Cc1ccc(-c2cc(Nc3ccc(C(=O)NCCNc4ccnc5ccccc45)cc3)on2)cc1,5.6895876,-5.8777456
400,mol96,-12.09,CC(=O)N[C@H]1CC[C@H](n2cc(-c3ccc(Nc4nccc(-c5cccc(C=O)n5)n4)cc3)cn2)CC1,CC(=O)N[C@H]1CC[C@H](n2cc(-c3ccc(Nc4nccc(-c5cccc(C=O)n5)n4)cc3)cn2)CC1,6.717745,-5.277294
420,mol69,-12.09,Cc1ccc(Nc2nc(-c3cccc(C(=O)Nc4cccc(C(=O)O)c4)c3)cc(N3CCCCC3)n2)cc1,Cc1ccc(Nc2nc(-c3cccc(C(=O)Nc4cccc(C(=O)O)c4)c3)cc(N3CCCCC3)n2)cc1,6.5555162,-6.063034
310,mol10,-12.09,Nc1cccc(-c2cnc(N)c([C@H](O)C[NH2+]Cc3cc(-c4ccc(C(F)(F)F)cc4)ccc3F)n2)c1,Nc1cccc(-c2cnc(N)c([C@H](O)C[NH2+]Cc3cc(-c4ccc(C(F)(F)F)cc4)ccc3F)n2)c1,6.883716,-4.4959636
420,mol210,-12.09,Nc1cc(Cc2cccc(C(=O)Nc3ccc4n[nH]c(C(=O)O)c4c3)c2)ccn1,Nc1cc(Cc2cccc(C(=O)Nc3ccc4n[nH]c(C(=O)O)c4c3)c2)ccn1,6.492523,-4.7224374
950,mol300,-12.09,Cn1cc(-c2ccc(C#N)cc2)cc1C(=O)Nc1ccn(-c2ccccc2)n1,Cn1cc(-c2ccc(C#N)cc2)cc1C(=O)Nc1ccn(-c2ccccc2)n1,6.100687,-5.4900084
180,mol394,-12.09,Cc1cccc(-n2nc(C(=O)Nc3ccc(Oc4cccc(C(=O)O)c4)cc3C(F)(F)F)cc2-c2cc3ccccc3o2)c1,Cc1cccc(-n2nc(C(=O)Nc3ccc(Oc4cccc(C(=O)O)c4)cc3C(F)(F)F)cc2-c2cc3ccccc3o2)c1,6.559686,-6.656705
650,mol414,-12.09,CC(=O)Nc1ccc(NC(=O)c2ccc(C[NH+]3CCN(c4ccccn4)CC3)cc2)cc1,CC(=O)Nc1ccc(NC(=O)c2ccc(C[NH+]3CCN(c4ccccn4)CC3)cc2)cc1,6.522609,-3.4771185
630,mol376,-12.09,Cc1cccc(C(=O)Nc2ccc(Nc3ccnc4cccnc34)cc2)c1,Cc1cccc(C(=O)Nc2ccc(Nc3ccnc4cccnc34)cc2)c1,6.196376,-5.595458
400,mol86,-12.09,CC#Cc1ccc(Nc2nccc(Nc3ccc4ccccc4c3)n2)cc1,CC#Cc1ccc(Nc2nccc(Nc3ccc4ccccc4c3)n2)cc1,6.424284,-6.1492987
660,mol99,-12.09,Cc1cncc(-c2ccnc(NCc3cccc(C(=O)Nc4cccc(C(=O)O)c4)c3)n2)c1,Cc1cncc(-c2ccnc(NCc3cccc(C(=O)Nc4cccc(C(=O)O)c4)c3)n2)c1,6.3363733,-5.2963915
650,mol121,-12.09,Cc1cc(Nc2ncc(-c3ccc(C(=O)Nc4cc[nH]n4)cc3)s2)cc(N2CCOCC2)c1,Cc1cc(Nc2ncc(-c3ccc(C(=O)Nc4cc[nH]n4)cc3)s2)cc(N2CCOCC2)c1,6.341088,-5.273515
480,mol337,-12.09,CC(=O)Nc1ccc(-c2ccc(C(=O)Nc3cc4c([nH]3)CCC4)cc2)cc1,CC(=O)Nc1ccc(-c2ccc(C(=O)Nc3cc4c([nH]3)CCC4)cc2)cc1,6.142084,-5.713891
510,mol106,-12.09,Cc1ccc(C(=O)Nc2ccc(-c3ccn[nH]3)cc2)cc1Nc1nccc(-c2cccnc2)n1,Cc1ccc(C(=O)Nc2ccc(-c3ccn[nH]3)cc2)cc1Nc1nccc(-c2cccnc2)n1,6.179529,-6.2446632
900,mol363,-12.09,Cc1ccc(-c2nc(-c3ccc4ccc(C(N)N)cc4c3)c(C)o2)cc1,Cc1ccc(-c2nc(-c3ccc4ccc(C(N)N)cc4c3)c(C)o2)cc1,6.1399465,-5.5543733
700,mol143,-12.09,Cc1ccc(C(=O)NCc2cccc(CNC(N)N)c2)cc1NC(=O)c1ccc2ccccc2n1,Cc1ccc(C(=O)NCc2cccc(CNC(N)N)c2)cc1NC(=O)c1ccc2ccccc2n1,6.583708,-4.0206275
520,mol464,-12.09,CC(=O)Nc1cccc(C(=O)Nc2cccc(Nc3ncnc4ccc(N)cc34)c2)c1,CC(=O)Nc1cccc(C(=O)Nc2cccc(Nc3ncnc4ccc(N)cc34)c2)c1,6.554101,-5.4928164
550,mol109,-12.09,Cc1ccc(NC(=O)c2cccc(Oc3ccccc3)c2)cc1Nc1ncnc2ccccc12,Cc1ccc(NC(=O)c2cccc(Oc3ccccc3)c2)cc1Nc1ncnc2ccccc12,6.0817533,-6.930413
230,mol346,-12.09,CC(=O)Nc1ccc(-c2ccc(C(=O)O)cc2-c2ccc(-c3cccc4ccccc34)cc2)cc1,CC(=O)Nc1ccc(-c2ccc(C(=O)O)cc2-c2ccc(-c3cccc4ccccc34)cc2)cc1,6.1001964,-6.6140914
820,mol47,-12.09,Cc1ccccc1CNC(=O)c1ccc(CNc2ccc([N+](=O)O)cc2C(=O)NCc2ccccc2)cc1,Cc1ccccc1CNC(=O)c1ccc(CNc2ccc([N+](=O)O)cc2C(=O)NCc2ccccc2)cc1,6.2014694,-6.1706944
550,mol321,-12.09,Cc1cc(Nc2nccc(-c3cccnc3)n2)cc(N2CC[NH+](CC(=O)Nc3ccc(Cl)cc3)CC2)n1,Cc1cc(Nc2nccc(-c3cccnc3)n2)cc(N2CC[NH+](CC(=O)Nc3ccc(Cl)cc3)CC2)n1,7.0595875,-3.9484804
230,mol491,-12.09,Cc1ccc(N2C[C@@H](C(=O)NCc3ccc(C(N)N)cc3)NC2=O)cc1NC(=O)c1ccccc1C(F)(F)F,Cc1ccc(N2C[C@@H](C(=O)NCc3ccc(C(N)N)cc3)NC2=O)cc1NC(=O)c1ccccc1C(F)(F)F,6.936197,-5.0272703
570,mol264,-12.09,Cc1ccc(C(=O)Nc2ccc(Nc3ccnc4cc(Cl)ccc34)cc2)cc1,Cc1ccc(C(=O)Nc2ccc(Nc3ccnc4cc(Cl)ccc34)cc2)cc1,6.2496514,-6.391044
240,mol6,-12.09,Cc1cc(-c2cccc(NS(=O)(=O)c3ccc(Nc4ccnc(NCC[NH+]5CCCCC5)n4)cc3)c2)on1,Cc1cc(-c2cccc(NS(=O)(=O)c3ccc(Nc4ccnc(NCC[NH+]5CCCCC5)n4)cc3)c2)on1,6.7680593,-4.0610447
440,mol306,-12.09,Cn1nc(-c2ccc(OCCNC(=O)c3ccc(Cl)cc3)cc2)cc1-c1ccc(C(=O)O)cc1,Cn1nc(-c2ccc(OCCNC(=O)c3ccc(Cl)cc3)cc2)cc1-c1ccc(C(=O)O)cc1,6.3771777,-5.7235036
840,mol252,-12.09,Cc1cccc(-n2c(-c3ccc(C(=O)NCc4ccccc4Cl)cc3)nc3cccc(Cl)c32)c1,Cc1cccc(-n2c(-c3ccc(C(=O)NCc4ccccc4Cl)cc3)nc3cccc(Cl)c32)c1,5.667331,-6.6448255
570,mol127,-12.09,CC(=O)Nc1cccc(-c2nc3cc(-c4cncc(C#N)c4)ccc3nc2-c2ccc(NC(=O)[C@@H]3CCCc4ccccc43)cc2)c1,CC(=O)Nc1cccc(-c2nc3cc(-c4cncc(C#N)c4)ccc3nc2-c2ccc(NC(=O)[C@@H]3CCCc4ccccc43)cc2)c1,6.661018,-6.6836524
350,mol483,-12.09,CN(CCc1ccc(Cl)cc1)C(=O)[C@H]1C=CN(C(=O)Nc2ccc(Nc3ncnc4nc[nH]c34)cc2)C1,CN(CCc1ccc(Cl)cc1)C(=O)[C@H]1C=CN(C(=O)Nc2ccc(Nc3ncnc4nc[nH]c34)cc2)C1,6.8651032,-5.3911705
140,mol93,-12.09,Nc1nc(N)c2cc(C(=O)Nc3cccc(O[C@H](Cc4ccccc4)C(=O)O)c3)ccc2n1,Nc1nc(N)c2cc(C(=O)Nc3cccc(O[C@H](Cc4ccccc4)C(=O)O)c3)ccc2n1,6.5583963,-4.9453664
420,mol312,-12.09,Cc1ccc(Nc2cccc(Nc3ccccc3)c2)cc1Nc1ncccc1-c1ncnc2[nH]ccc12,Cc1ccc(Nc2cccc(Nc3ccccc3)c2)cc1Nc1ncccc1-c1ncnc2[nH]ccc12,6.2851205,-5.884617
580,mol320,-12.09,Cc1ccc(C(=O)Nc2cccc(-c3cnc(N)c(OCC(=O)NCc4ccccc4)c3)c2)cc1,Cc1ccc(C(=O)Nc2cccc(-c3cnc(N)c(OCC(=O)NCc4ccccc4)c3)c2)cc1,6.2314267,-5.058123
80,mol113,-12.09,c1ccc(Cc2cccc(-c3ccc(-c4ccccc4)cc3)c2)cc1,c1ccc(Cc2cccc(-c3ccc(-c4ccccc4)cc3)c2)cc1,6.3532405,-7.639733
350,mol370,-12.09,Cc1ccc(NC(=O)c2ccc(C(=O)Nc3cccc(C(=O)O)c3)cc2N)cc1,Cc1ccc(NC(=O)c2ccc(C(=O)Nc3cccc(C(=O)O)c3)cc2N)cc1,6.433421,-5.7556453
580,mol125,-12.09,Cc1cccc(Nc2nccc(-c3c[nH]c4ccccc34)n2)c1C,Cc1cccc(Nc2nccc(-c3c[nH]c4ccccc34)n2)c1C,6.530778,-5.445322
250,mol24,-12.09,Cc1ccc(Nc2c(N)cc(N3CCNC/C3=C\c3ccc(-c4ccc(Cl)c(Cl)c4)cc3)cc2[N+](=O)[O-])cc1,Cc1ccc(Nc2c(N)cc(N3CCNC/C3=C\c3ccc(-c4ccc(Cl)c(Cl)c4)cc3)cc2[N+](=O)[O-])cc1,6.7407327,-6.3979836
430,mol180,-12.09,Cc1c(NS(=O)(=O)c2ccc(F)cc2F)cccc1-c1nc2cc(C(N)=O)ccc2[nH]1,Cc1c(NS(=O)(=O)c2ccc(F)cc2F)cccc1-c1nc2cc(C(N)=O)ccc2[nH]1,6.7355633,-5.397843
590,mol141,-12.09,Cc1ccccc1C(=O)Nc1cccc(-c2nnc(NC(=O)c3ccccc3Cl)s2)c1,Cc1ccccc1C(=O)Nc1cccc(-c2nnc(NC(=O)c3ccccc3Cl)s2)c1,6.3418756,-6.8276973
460,mol111,-12.09,CC(C)c1ccc(C(=O)Nc2ccc(Oc3ccnc4[nH]cc(-c5ccnnc5)c34)cc2)cc1,CC(C)c1ccc(C(=O)Nc2ccc(Oc3ccnc4[nH]cc(-c5ccnnc5)c34)cc2)cc1,6.4795017,-6.8328557
350,mol108,-12.09,Cc1ccc(C(=O)Nc2ccc(C[NH+]3CCOCC3)cc2)cc1Nc1nccc(-c2ccncc2)n1,Cc1ccc(C(=O)Nc2ccc(C[NH+]3CCOCC3)cc2)cc1Nc1nccc(-c2ccncc2)n1,6.6880674,-3.8994374
980,mol74,-12.09,Cc1c(-c2ccc(O)cc2)cc(-c2cccc(C(=O)NCc3ccc(S(C)(=O)=O)cc3)c2)n1C,Cc1c(-c2ccc(O)cc2)cc(-c2cccc(C(=O)NCc3ccc(S(C)(=O)=O)cc3)c2)n1C,6.4765253,-4.8555875
380,mol113,-12.09,Cc1cccc(-c2ccc(NC(=O)c3cccc(C(=O)O)c3)cc2C(=O)O)c1,Cc1cccc(-c2ccc(NC(=O)c3cccc(C(=O)O)c3)cc2C(=O)O)c1,6.360528,-4.445435
270,mol105,-12.09,Cc1ccc(Cl)cc1NC(=O)Nc1cccc(Nc2nccc(Nc3ccccc3C(=O)O)n2)c1,Cc1ccc(Cl)cc1NC(=O)Nc1cccc(Nc2nccc(Nc3ccccc3C(=O)O)n2)c1,6.597528,-6.4734526
100,mol92,-12.09,Cc1c(CNc2ccccc2)cnc(Nc2ccc(-c3cncnc3)cc2F)c1-c1ccnc(Nc2ccc(N3CCOCC3)cc2)n1,Cc1c(CNc2ccccc2)cnc(Nc2ccc(-c3cncnc3)cc2F)c1-c1ccnc(Nc2ccc(N3CCOCC3)cc2)n1,6.7631154,-6.213942
240,mol29,-12.09,Cc1ccc(S(=O)(=O)NCc2cccc(C(=O)Nc3ccc4ccccc4c3)c2)cc1,Cc1ccc(S(=O)(=O)NCc2cccc(C(=O)Nc3ccc4ccccc4c3)c2)cc1,5.9517193,-6.1618824
460,mol182,-12.09,CC(=O)Nc1ccc(Nc2cc(N3CCc4cccc(C(=O)O)c4C3)ncn2)cc1,CC(=O)Nc1ccc(Nc2cc(N3CCc4cccc(C(=O)O)c4C3)ncn2)cc1,6.650001,-4.513263
690,mol446,-12.09,Cc1ccc(C(=O)Nc2ccc(C[N@H+]3CC[N@H+](C)CC3)c(C(=O)Nc3cccc(C(=O)N4CCCC4)c3)c2)cc1,Cc1ccc(C(=O)Nc2ccc(C[N@H+]3CC[N@H+](C)CC3)c(C(=O)Nc3cccc(C(=O)N4CCCC4)c3)c2)cc1,6.675007,-2.9761066
880,mol188,-12.09,COc1ccc(-c2ccc(NC(=O)c3ccc4c(c3)CN(C(=O)c3cccc([N+](=O)[O-])c3)C4=O)cc2)cc1,COc1ccc(-c2ccc(NC(=O)c3ccc4c(c3)CN(C(=O)c3cccc([N+](=O)[O-])c3)C4=O)cc2)cc1,5.741555,-7.2459483
290,mol343,-12.09,COc1cc(OC)cc(Oc2cccc(NS(=O)(=O)c3ccc4ccc(C(=O)O)cc4c3)c2)c1,COc1cc(OC)cc(Oc2cccc(NS(=O)(=O)c3ccc4ccc(C(=O)O)cc4c3)c2)c1,6.521758,-5.7300954
190,mol409,-12.09,Cc1nc(Nc2ncc(C(=O)Nc3ccc(S(=O)(=O)NC[C@H]4CC[C@H](C(C)(C)O)CC4)cc3)s2)c2cc[nH]c2n1,Cc1nc(Nc2ncc(C(=O)Nc3ccc(S(=O)(=O)NC[C@H]4CC[C@H](C(C)(C)O)CC4)cc3)s2)c2cc[nH]c2n1,7.6478496,-5.467971
190,mol74,-12.09,Cc1cc(N/N=C\c2cc(Cl)ccc2NC(=O)c2ccc(C(=O)NCCN3CCOCC3)cc2)cc(N2CCN(c3ccc(Cl)cc3)CC2)c1,Cc1cc(N/N=C\c2cc(Cl)ccc2NC(=O)c2ccc(C(=O)NCCN3CCOCC3)cc2)cc(N2CCN(c3ccc(Cl)cc3)CC2)c1,6.694532,-6.392092
970,mol353,-12.09,COc1ccccc1COc1cncc(-c2ccnc(Nc3ccc(-c4ccncc4)cc3)n2)c1,COc1ccccc1COc1cncc(-c2ccnc(Nc3ccc(-c4ccncc4)cc3)n2)c1,6.1152177,-6.5967584
400,mol184,-12.09,Cc1ccc(-c2ccc(Nc3ccc(C(=O)NCCC(=O)O)cc3)cc2C(=O)O)cc1,Cc1ccc(-c2ccc(Nc3ccc(C(=O)NCCC(=O)O)cc3)cc2C(=O)O)cc1,6.496215,-5.350757
200,mol211,-12.09,Cc1c(-c2cccc3ccccc23)nc2ccc(NC(=O)CCNC(=O)C(N)N)cc2c1C,Cc1c(-c2cccc3ccccc23)nc2ccc(NC(=O)CCNC(=O)C(N)N)cc2c1C,6.671621,-4.3993535
680,mol327,-12.09,Cc1ccc(CNC(=O)Nc2ccc(Cc3cc(=O)n4ccccc4n3)cc2)cc1,Cc1ccc(CNC(=O)Nc2ccc(Cc3cc(=O)n4ccccc4n3)cc2)cc1,6.2494316,-4.9461637
680,mol189,-12.09,Cc1ccc(C(=O)Nc2ccc(C[N@H+]3CC[N@@H+](C)CC3)c(C(F)(F)F)c2)cc1C#Cc1cnc(N)c(C(=O)c2cncn2C)c1,Cc1ccc(C(=O)Nc2ccc(C[N@H+]3CC[N@@H+](C)CC3)c(C(F)(F)F)c2)cc1C#Cc1cnc(N)c(C(=O)c2cncn2C)c1,7.35856,-3.3266935
870,mol389,-12.09,Cc1ccc(C(=O)Nc2ccc(-c3ccccc3)cc2)cc1Nc1ncccn1,Cc1ccc(C(=O)Nc2ccc(-c3ccccc3)cc2)cc1Nc1ncccn1,6.21689,-6.38577
680,mol165,-12.09,CC(=O)Nc1cccc(-c2cnc(N)c(C(=O)Nc3cccc(C(=O)NCc4ccccc4)c3)n2)c1,CC(=O)Nc1cccc(-c2cnc(N)c(C(=O)Nc3cccc(C(=O)NCc4ccccc4)c3)n2)c1,6.4733815,-5.664349
690,mol382,-12.09,Cc1cccc(Nc2cc(S(=O)(=O)Nc3ccc(NC(=O)c4ccc(Cl)c(Cl)c4)cc3)ncn2)c1C,Cc1cccc(Nc2cc(S(=O)(=O)Nc3ccc(NC(=O)c4ccc(Cl)c(Cl)c4)cc3)ncn2)c1C,6.8801312,-6.8536577
720,mol232,-12.09,CNC(=O)c1ccc(Nc2nc3ccc(-c4ccccc4)cc3[nH]2)cc1,CNC(=O)c1ccc(Nc2nc3ccc(-c4ccccc4)cc3[nH]2)cc1,6.1017756,-5.675241
880,mol117,-12.09,Cc1ccc(C(=O)Nc2ccc(C(=O)c3ccccc3)cc2)cc1OCc1cccc(C(=O)O)c1,Cc1ccc(C(=O)Nc2ccc(C(=O)c3ccccc3)cc2)cc1OCc1cccc(C(=O)O)c1,6.225467,-6.287172
30,mol393,-12.09,C[N@H+]1CC[N@@H+](Cc2cc(Oc3cccc(NC(=O)c4ccc(C(=O)O)cc4)c3)ccc2C#N)CC1,C[N@H+]1CC[N@@H+](Cc2cc(Oc3cccc(NC(=O)c4ccc(C(=O)O)cc4)c3)ccc2C#N)CC1,6.962601,-3.5517442
710,mol433,-12.09,Cc1ccc(C(=O)Nc2ccc(S(=O)(=O)Nc3nccc(Nc4ccccc4)n3)cc2)cc1,Cc1ccc(C(=O)Nc2ccc(S(=O)(=O)Nc3nccc(Nc4ccccc4)n3)cc2)cc1,6.141107,-5.8689694
690,mol364,-12.09,NC(N)c1ccccc1NS(=O)(=O)c1ccc(C(=O)Nc2cccc(Nc3ccccc3)c2)cc1,NC(N)c1ccccc1NS(=O)(=O)c1ccc(C(=O)Nc2cccc(Nc3ccccc3)c2)cc1,6.331852,-5.6971216
880,mol306,-12.09,Cc1ccc(C(=O)Nc2ccc(Oc3cccnc3)cc2)cc1Nc1nccc2ccccc12,Cc1ccc(C(=O)Nc2ccc(Oc3cccnc3)cc2)cc1Nc1nccc2ccccc12,6.131767,-6.9276166
110,mol168,-12.09,Cc1ccc(C(=O)Nc2ccc(C[N@H+]3CC[N@@H+](C)CC3)c(C(F)(F)F)c2)cc1C#Cc1cnc(N)c(-c2ccc(N3CC[NH+](C)CC3)cc2)n1,Cc1ccc(C(=O)Nc2ccc(C[N@H+]3CC[N@@H+](C)CC3)c(C(F)(F)F)c2)cc1C#Cc1cnc(N)c(-c2ccc(N3CC[NH+](C)CC3)cc2)n1,7.1923866,-3.0486825
720,mol229,-12.09,CNc1cccc(C(=O)Nc2cccc(Cc3n[nH]c(=O)c4ccccc34)c2)c1,CNc1cccc(C(=O)Nc2cccc(Cc3n[nH]c(=O)c4ccccc34)c2)c1,6.517645,-4.6092067
290,mol22,-12.09,Cc1ccc(NC(=O)c2cccc(C(=O)NCc3cccc(C(=O)NCc4ccccc4)c3)c2)cc1,Cc1ccc(NC(=O)c2cccc(C(=O)NCc3cccc(C(=O)NCc4ccccc4)c3)c2)cc1,5.6814594,-6.310058
520,mol418,-12.08,Cc1cccc(-c2ncc(Oc3cccc(-c4ccccc4)c3)cn2)c1,Cc1cccc(-c2ncc(Oc3cccc(-c4ccccc4)c3)cn2)c1,6.1129713,-6.8493843
590,mol56,-12.08,Cc1cc(C(=O)NC#N)ccc1Nc1ncc(Cl)c(-c2c[nH]c3ncccc23)n1,Cc1cc(C(=O)NC#N)ccc1Nc1ncc(Cl)c(-c2c[nH]c3ncccc23)n1,6.6101537,-5.720714
790,mol229,-12.08,COc1ccccc1Nc1ccc(C(=O)N[C@@H]2C[NH2+]C[C@H]2C(=O)Nc2cccc(Cl)c2C)cc1,COc1ccccc1Nc1ccc(C(=O)N[C@@H]2C[NH2+]C[C@H]2C(=O)Nc2cccc(Cl)c2C)cc1,6.916986,-4.586699
110,mol62,-12.08,Cc1cc2c(cc1O)CC[C@H]1[C@H]3CC[C@@H](Nc4cccc(C(=O)O)c4)[C@@]3(C)CC[C@@H]21,Cc1cc2c(cc1O)CC[C@H]1[C@H]3CC[C@@H](Nc4cccc(C(=O)O)c4)[C@@]3(C)CC[C@@H]21,7.0949035,-5.6807766
980,mol226,-12.08,CC(=O)Nc1cccc(-c2cccc(-c3cc(-c4ccc(C(=O)O)cc4)ccc3O)c2)c1,CC(=O)Nc1cccc(-c2cccc(-c3cc(-c4ccc(C(=O)O)cc4)ccc3O)c2)c1,6.0566454,-6.1338224
790,mol234,-12.08,O=C(Nc1cccc(C(F)(F)F)c1)c1ccc(Cc2nc(Oc3ccccc3)nc3nc[nH]c23)cc1,O=C(Nc1cccc(C(F)(F)F)c1)c1ccc(Cc2nc(Oc3ccccc3)nc3nc[nH]c23)cc1,6.4410586,-6.8297715
680,mol269,-12.08,Cc1cccc(CNC(=O)c2cc(-c3ccc(C(=O)O)cc3)cnc2N)c1,Cc1cccc(CNC(=O)c2cc(-c3ccc(C(=O)O)cc3)cnc2N)c1,6.441529,-4.349745
130,mol104,-12.08,Cc1cc(Nc2nccc(Nc3ccc4c(S)nccc4c3)n2)ccc1C(=O)O,Cc1cc(Nc2nccc(Nc3ccc4c(S)nccc4c3)n2)ccc1C(=O)O,6.691121,-5.2683034
760,mol141,-12.08,Cc1ccc(CNC(=O)c2cccc(NC(=O)c3ccc4ccccc4n3)c2)cc1,Cc1ccc(CNC(=O)c2cccc(NC(=O)c3ccc4ccccc4n3)c2)cc1,6.0543947,-5.6666617
780,mol158,-12.08,Cc1ccc(C(=O)Nc2ccc(S(N)(=O)=O)cc2)cc1Nc1ncnn2ccc(C(=O)O)c12,Cc1ccc(C(=O)Nc2ccc(S(N)(=O)=O)cc2)cc1Nc1ncnn2ccc(C(=O)O)c12,6.655088,-4.0728045
460,mol9,-12.08,Cc1cccc(Cc2cc(-c3cccc(C(=O)O)c3)nc(N)n2)c1,Cc1cccc(Cc2cc(-c3cccc(C(=O)O)c3)nc(N)n2)c1,6.773961,-3.4231422
910,mol386,-12.08,COc1cccc(COc2ccc(NC(=O)[C@@H]3CC(F)(F)CCN3c3ccnc(Nc4cccc(C(=O)Nc5ccccc5)c4)n3)cc2)c1,COc1cccc(COc2ccc(NC(=O)[C@@H]3CC(F)(F)CCN3c3ccnc(Nc4cccc(C(=O)Nc5ccccc5)c4)n3)cc2)c1,6.2866898,-6.8177867
420,mol278,-12.08,Cc1ccc(C(=O)Nc2ccccc2F)cc1Nc1nccc(-c2cccnc2)n1,Cc1ccc(C(=O)Nc2ccccc2F)cc1Nc1nccc(-c2cccnc2)n1,6.763748,-6.1495266
980,mol381,-12.08,COc1ccc(-c2cccnc2)cc1NC(=O)c1ccc(-c2cccc([C@H](N)C[NH+]3CCCCC3)c2)cc1,COc1ccc(-c2cccnc2)cc1NC(=O)c1ccc(-c2cccc([C@H](N)C[NH+]3CCCCC3)c2)cc1,6.2825418,-4.627085
130,mol70,-12.08,Cc1ccc(Nc2nccc(Nc3ccccc3C(=O)O)n2)cc1C(=O)N1Cc2ccccc2C1,Cc1ccc(Nc2nccc(Nc3ccccc3C(=O)O)n2)cc1C(=O)N1Cc2ccccc2C1,6.710125,-5.7957506
610,mol426,-12.08,Cc1ccc(Oc2ccc(C(=O)Nc3ccc(S(=O)(=O)Nc4nccs4)c(C#N)c3)cc2)cc1NS(=O)(=O)c1ccc(O)cc1O,Cc1ccc(Oc2ccc(C(=O)Nc3ccc(S(=O)(=O)Nc4nccs4)c(C#N)c3)cc2)cc1NS(=O)(=O)c1ccc(O)cc1O,6.692841,-6.4609394
260,mol231,-12.08,Cc1cccc(-n2nc(C(=O)Nc3cccc(C(=O)Nc4ccccc4Sc4ccccc4)c3)cc2NC(=O)Nc2ccc(Oc3ccccc3)cc2)c1,Cc1cccc(-n2nc(C(=O)Nc3cccc(C(=O)Nc4ccccc4Sc4ccccc4)c3)cc2NC(=O)Nc2ccc(Oc3ccccc3)cc2)c1,6.528959,-7.078476
470,mol29,-12.08,CCn1c(=O)c(=O)n(C)c2cc(NC(=O)c3ccc(OCc4ccc(C(=O)O)cc4)cc3)ccc21,CCn1c(=O)c(=O)n(C)c2cc(NC(=O)c3ccc(OCc4ccc(C(=O)O)cc4)cc3)ccc21,6.6123676,-5.023505
260,mol360,-12.08,c1ccc(Nc2ncnc(-c3cccc(-c4csc(Nc5ccccc5)n4)c3)n2)cc1,c1ccc(Nc2ncnc(-c3cccc(-c4csc(Nc5ccccc5)n4)c3)n2)cc1,6.047972,-6.6732826
110,mol233,-12.08,Cc1cc(NC(=O)c2ccoc2)cc(C(=O)NCc2cccc(C(=O)N[C@H]3CCCC[C@@H]3CCc3ccccc3)c2)c1,Cc1cc(NC(=O)c2ccoc2)cc(C(=O)NCc2cccc(C(=O)N[C@H]3CCCC[C@@H]3CCc3ccccc3)c2)c1,6.507214,-6.808326
340,mol404,-12.08,Cc1cnc(Nc2ccc(C(=O)Nc3ccc(S(=O)(=O)Nc4ccc(CCNC[C@@H](O)c5ccccc5)cc4)cc3)cc2)s1,Cc1cnc(Nc2ccc(C(=O)Nc3ccc(S(=O)(=O)Nc4ccc(CCNC[C@@H](O)c5ccccc5)cc4)cc3)cc2)s1,6.2002783,-5.4581447
130,mol382,-12.08,Cn1nccc1C(=O)Nc1ccc(CC(=O)N2CCN(c3ccc(C(N)N)cn3)CC2)cc1,Cn1nccc1C(=O)Nc1ccc(CC(=O)N2CCN(c3ccc(C(N)N)cn3)CC2)cc1,7.030483,-2.859312
980,mol90,-12.08,Cc1cccc(-c2nc(CNC(=O)c3ccc4ccccc4c3)co2)c1,Cc1cccc(-c2nc(CNC(=O)c3ccc4ccccc4c3)co2)c1,6.3092484,-5.5086017
850,mol45,-12.08,Cc1ccc(C(=O)Nc2ccc(-c3cc4n(n3)CCN(c3cccc(C(N)=O)c3)C4)cc2)cc1,Cc1ccc(C(=O)Nc2ccc(-c3cc4n(n3)CCN(c3cccc(C(N)=O)c3)C4)cc2)cc1,6.000474,-4.6561227
420,mol331,-12.08,Cc1nc(Nc2ncc(C(=O)Nc3ccc(Oc4ccncc4)cc3)s2)cc(N2CCS(=O)(=O)CC2)n1,Cc1nc(Nc2ncc(C(=O)Nc3ccc(Oc4ccncc4)cc3)s2)cc(N2CCS(=O)(=O)CC2)n1,7.180915,-4.8864026
530,mol480,-12.08,CCC(=O)Nc1ccc2ncc(-c3cccc(C(=O)Nc4ccc(C(=O)O)cc4)c3)nc2n1,CCC(=O)Nc1ccc2ncc(-c3cccc(C(=O)Nc4ccc(C(=O)O)cc4)c3)nc2n1,6.573982,-5.9226356
440,mol292,-12.08,Cc1cc(NC(=O)c2cccc(C(=O)NCc3cccc(C(=O)O)c3)c2)cc(N2CCCC2=O)c1,Cc1cc(NC(=O)c2cccc(C(=O)NCc3cccc(C(=O)O)c3)c2)cc(N2CCCC2=O)c1,6.3505883,-4.6090965
930,mol90,-12.08,COc1ccc(-c2ccc3c(c2)CC(=O)N3CCc2ccc(NC(=O)CCO)cc2)cc1,COc1ccc(-c2ccc3c(c2)CC(=O)N3CCc2ccc(NC(=O)CCO)cc2)cc1,5.8523126,-5.32242
370,mol141,-12.08,Cc1cccc(C(=O)Nc2ccc(-c3ccc(F)cn3)cc2C(=O)O)c1,Cc1cccc(C(=O)Nc2ccc(-c3ccc(F)cn3)cc2C(=O)O)c1,6.555454,-4.8165226
500,mol467,-12.08,Cc1ccc(C(=O)Nc2ccc(C[N@H+]3CC[N@@H+](C)CC3)c(C(F)(F)F)c2)cc1NC(=O)c1cnc(-c2ccccc2)s1,Cc1ccc(C(=O)Nc2ccc(C[N@H+]3CC[N@@H+](C)CC3)c(C(F)(F)F)c2)cc1NC(=O)c1cnc(-c2ccccc2)s1,6.7964206,-4.4100466
440,mol433,-12.08,NC(=O)c1cccc(NC(=O)c2ccc(C(=O)Nc3ccc(F)c(C(=O)O)c3)cc2)c1,NC(=O)c1cccc(NC(=O)c2ccc(C(=O)Nc3ccc(F)c(C(=O)O)c3)cc2)c1,6.4232874,-4.660824
360,mol103,-12.08,Cc1ccc(C(=O)Nc2ccc(Nc3ncc(Br)c(Nc4ccc(C(=O)O)cc4)n3)cc2)cc1,Cc1ccc(C(=O)Nc2ccc(Nc3ncc(Br)c(Nc4ccc(C(=O)O)cc4)n3)cc2)cc1,6.3831153,-5.963073
360,mol462,-12.08,Cc1nc(Nc2ncc(C(=O)Nc3ccc(C(=O)N/N=C/c4ccccc4F)cc3)s2)cc(N2CC[NH+](CCO)CC2)n1,Cc1nc(Nc2ncc(C(=O)Nc3ccc(C(=O)N/N=C/c4ccccc4F)cc3)s2)cc(N2CC[NH+](CCO)CC2)n1,7.5415587,-3.861162
830,mol269,-12.08,COc1ccc(C(=O)Nc2ccnc(Nc3cc4[nH]c(=O)[nH]c4cc3Cl)c2)cc1OCc1ccccc1,COc1ccc(C(=O)Nc2ccnc(Nc3cc4[nH]c(=O)[nH]c4cc3Cl)c2)cc1OCc1ccccc1,6.0083714,-7.0884194
230,mol157,-12.08,Nc1nccc(-c2cccc(C(=O)Nc3ccc4ccccc4c3)c2)n1,Nc1nccc(-c2cccc(C(=O)Nc3ccc4ccccc4c3)c2)n1,6.188991,-4.6926913
370,mol120,-12.08,Cc1c(Cc2ccccc2)c(=O)oc2cc(OS(=O)(=O)c3ccc(F)cc3)c(O)cc12,Cc1c(Cc2ccccc2)c(=O)oc2cc(OS(=O)(=O)c3ccc(F)cc3)c(O)cc12,6.8884444,-5.2791386
830,mol460,-12.08,CCC(=O)Nc1cccc(NC(=O)c2ccc(Nc3ccnc4cc(Cl)ccc34)cc2)c1,CCC(=O)Nc1cccc(NC(=O)c2ccc(Nc3ccnc4cc(Cl)ccc34)cc2)c1,6.1668925,-6.5451126
240,mol367,-12.08,Cc1noc(NS(=O)(=O)c2cccc(-c3cccc(NS(=O)(=O)c4ccccc4)c3)c2)c1C,Cc1noc(NS(=O)(=O)c2cccc(-c3cccc(NS(=O)(=O)c4ccccc4)c3)c2)c1C,6.3268566,-5.7306957
360,mol374,-12.08,Nc1ncc(-c2ccc(C(=O)Nc3ccc(CC(=O)Nc4nccs4)cc3)cc2F)cn1,Nc1ncc(-c2ccc(C(=O)Nc3ccc(CC(=O)Nc4nccs4)cc3)cc2F)cn1,6.122479,-6.174289
570,mol170,-12.08,Cc1cccc(-c2n[nH]cc2-c2ccc(Nc3ccnc(Nc4ccccc4)n3)cc2F)c1,Cc1cccc(-c2n[nH]cc2-c2ccc(Nc3ccnc(Nc4ccccc4)n3)cc2F)c1,6.080888,-6.7567983
430,mol460,-12.08,COc1ccc(C(N)=O)c(NC(=O)c2cccc(S(=O)(=O)Nc3ccc(Oc4ccccc4)cc3)c2)c1,COc1ccc(C(N)=O)c(NC(=O)c2cccc(S(=O)(=O)Nc3ccc(Oc4ccccc4)cc3)c2)c1,5.7089744,-6.5434
970,mol367,-12.08,CC(=O)Nc1cccc(-c2ccc(Oc3ccc(-c4nc(C(C)C)cn4Cc4ccccc4)cc3)cc2)c1,CC(=O)Nc1cccc(-c2ccc(Oc3ccc(-c4nc(C(C)C)cn4Cc4ccccc4)cc3)cc2)c1,5.611718,-6.7386484
350,mol292,-12.08,Cc1cc(Nc2nc(Nc3ccc(C(=O)NO)cn3)cc(OCC(F)(F)F)n2)cc(C(=O)Nc2ccc(CC(=O)O)cc2)c1,Cc1cc(Nc2nc(Nc3ccc(C(=O)NO)cn3)cc(OCC(F)(F)F)n2)cc(C(=O)Nc2ccc(CC(=O)O)cc2)c1,7.0396023,-6.1927094
1000,mol215,-12.08,C#CCNC(=O)c1ccc(Oc2ccc(Oc3ccc(-c4ccccc4)cc3)cc2)cc1,C#CCNC(=O)c1ccc(Oc2ccc(Oc3ccc(-c4ccccc4)cc3)cc2)cc1,6.4010463,-7.586573
430,mol392,-12.08,Cc1cc(Nc2nccc(Nc3cc(C(=O)Nc4ccccc4)ncc3C#N)n2)cc(C)c1O,Cc1cc(Nc2nccc(Nc3cc(C(=O)Nc4ccccc4)ncc3C#N)n2)cc(C)c1O,6.740476,-6.085247
240,mol113,-12.08,N#Cc1ccc(N)c(C(=O)Nc2ccc(-c3nc(Nc4ccc(O)cc4)ncc3F)cc2)c1,N#Cc1ccc(N)c(C(=O)Nc2ccc(-c3nc(Nc4ccc(O)cc4)ncc3F)cc2)c1,6.1633635,-6.4989405
350,mol403,-12.08,Cc1ccc(NC(=O)c2cccc(C(=O)Nc3ccc4cc(OC5CCCC5)ccc4c3)c2)cc1,Cc1ccc(NC(=O)c2cccc(C(=O)Nc3ccc4cc(OC5CCCC5)ccc4c3)c2)cc1,5.8743124,-6.770473
400,mol27,-12.08,CCc1ccc(OCC(=O)Nc2ccc(Oc3ccc(NC(=O)c4ccc(Cl)cc4)cc3)cc2C(=O)O)cc1,CCc1ccc(OCC(=O)Nc2ccc(Oc3ccc(NC(=O)c4ccc(Cl)cc4)cc3)cc2C(=O)O)cc1,6.392352,-6.371543
220,mol179,-12.08,Cc1cc(Oc2ccc(-c3ncc(C(=O)Nc4cccc(C(F)(F)F)c4)s3)cc2)ccc1NS(=O)(=O)Cc1ccccc1,Cc1cc(Oc2ccc(-c3ncc(C(=O)Nc4cccc(C(F)(F)F)c4)s3)cc2)ccc1NS(=O)(=O)Cc1ccccc1,6.645977,-6.556444
170,mol419,-12.08,Cc1[nH]c(Nc2ccc(C(=O)NCc3ccc(C(F)(F)F)cc3)nc2)cc1C(=O)Nc1ccc(C(N)N)cc1,Cc1[nH]c(Nc2ccc(C(=O)NCc3ccc(C(F)(F)F)cc3)nc2)cc1C(=O)Nc1ccc(C(N)N)cc1,6.688895,-5.64131
380,mol317,-12.08,Cc1ccc(C(=O)Nc2ccc(C(=O)NCc3ccco3)cc2)cc1Nc1ncnc2sc(-c3ccccc3)cc12,Cc1ccc(C(=O)Nc2ccc(C(=O)NCc3ccco3)cc2)cc1Nc1ncnc2sc(-c3ccccc3)cc12,6.589802,-6.7370358
380,mol245,-12.08,Cc1cccc(C(=O)NC(=O)c2cccc(-c3cccc(NC(=O)Cc4ccccc4)c3)c2)c1,Cc1cccc(C(=O)NC(=O)c2cccc(-c3cccc(NC(=O)Cc4ccccc4)c3)c2)c1,5.8721275,-6.907783
350,mol426,-12.08,Cc1ccc(Nc2nc(-c3cccc(C(=O)Nc4ccccc4C(=O)O)c3)cs2)cc1,Cc1ccc(Nc2nc(-c3cccc(C(=O)Nc4ccccc4C(=O)O)c3)cs2)cc1,6.086531,-6.089711
90,mol88,-12.08,Cc1nc2ccccc2c(-c2nc3cc(C(=O)N[C@H](CO)c4ccccc4F)ccc3[nH]2)c1F,Cc1nc2ccccc2c(-c2nc3cc(C(=O)N[C@H](CO)c4ccccc4F)ccc3[nH]2)c1F,6.44073,-5.6428394
220,mol473,-12.08,CC(=O)Nc1cc(NC(=O)c2ccc(C(=O)Nc3cccc(C#N)c3)cc2)ccc1Sc1ccc(Cl)cc1,CC(=O)Nc1cc(NC(=O)c2ccc(C(=O)Nc3cccc(C#N)c3)cc2)ccc1Sc1ccc(Cl)cc1,6.738648,-7.307941
790,mol176,-12.08,Cc1ccc2cc(C(=O)Nc3cccc(Oc4ccccc4)c3)ccc2n1,Cc1ccc2cc(C(=O)Nc3cccc(Oc4ccccc4)c3)ccc2n1,6.234205,-6.398323
510,mol466,-12.08,Cc1ccc(COc2ccc3cc(S(=O)(=O)Nc4ccc(Oc5ccccc5)cc4)ccc3c2)cc1,Cc1ccc(COc2ccc3cc(S(=O)(=O)Nc4ccc(Oc5ccccc5)cc4)ccc3c2)cc1,5.718098,-7.0541844
520,mol156,-12.08,Cc1cc(=O)n2nc(NC(=O)c3ccccc3O)sc2c1Cc1ccc(-c2ccccc2)cc1,Cc1cc(=O)n2nc(NC(=O)c3ccccc3O)sc2c1Cc1ccc(-c2ccccc2)cc1,6.1193495,-7.293269
730,mol467,-12.08,Cc1cccc(Oc2cccc(NC(=O)c3cc4ccccc4o3)c2)c1,Cc1cccc(Oc2cccc(NC(=O)c3cc4ccccc4o3)c2)c1,6.353401,-6.6573553
20,mol162,-12.08,Nc1ccc(C(=O)Nc2ccc(Oc3ccc(Nc4ncnc5ccsc45)cc3)cc2)cc1,Nc1ccc(C(=O)Nc2ccc(Oc3ccc(Nc4ncnc5ccsc45)cc3)cc2)cc1,6.1918826,-6.5611897
650,mol395,-12.08,O=C(NCc1ccccn1)c1ccc(Nc2ncc(C(=O)c3ccc(C(F)(F)F)cc3)s2)cc1,O=C(NCc1ccccn1)c1ccc(Nc2ncc(C(=O)c3ccc(C(F)(F)F)cc3)s2)cc1,6.1161733,-6.3923492
630,mol233,-12.08,Cc1ccc(C(=O)Nc2ccc(C[N@H+]3CC[N@H+](C)CC3)c3ccccc23)cc1NC(=O)c1cccc(C(=O)O)c1,Cc1ccc(C(=O)Nc2ccc(C[N@H+]3CC[N@H+](C)CC3)c3ccccc23)cc1NC(=O)c1cccc(C(=O)O)c1,6.672896,-3.0851295
270,mol149,-12.08,Cc1cccc(Nc2nccc(Nc3ccc4c(Cc5ccccc5)ncnc4c3)n2)c1,Cc1cccc(Nc2nccc(Nc3ccc4c(Cc5ccccc5)ncnc4c3)n2)c1,5.9865465,-6.0736885
750,mol417,-12.08,Cc1ccc(CC(=O)Nc2ccc(NC(=O)c3ccc4ccccc4n3)cc2)cc1,Cc1ccc(CC(=O)Nc2ccc(NC(=O)c3ccc4ccccc4n3)cc2)cc1,6.050753,-6.417789
730,mol302,-12.08,NC(N)c1ccc(Oc2cccc(NC(=O)c3cc4ccccc4o3)c2)cc1,NC(N)c1ccc(Oc2cccc(NC(=O)c3cc4ccccc4o3)c2)cc1,6.544583,-5.7662616
510,mol324,-12.08,CC(=O)Nc1cccc(Nc2nccc(Nc3cccc4ccccc34)n2)c1,CC(=O)Nc1cccc(Nc2nccc(Nc3cccc4ccccc34)n2)c1,6.5953383,-6.2201
200,mol364,-12.08,Cc1nc2ccc(F)cc2n1-c1ccnc(Nc2ccc(C(=O)NCc3ccccc3)cn2)n1,Cc1nc2ccc(F)cc2n1-c1ccnc(Nc2ccc(C(=O)NCc3ccccc3)cn2)n1,6.6440563,-5.480695
190,mol50,-12.08,CC(=O)Nc1ccc(Nc2ncc(Cl)c(-c3ccc(Nc4ccccc4[N+](=O)[O-])cc3)n2)cc1,CC(=O)Nc1ccc(Nc2ncc(Cl)c(-c3ccc(Nc4ccccc4[N+](=O)[O-])cc3)n2)cc1,6.4042892,-6.9673343
860,mol160,-12.08,Cc1cccc(CNC(=O)c2ccc(C(=O)Nc3ccc(Oc4ccncc4)cc3)cc2)c1,Cc1cccc(CNC(=O)c2ccc(C(=O)Nc3ccc(Oc4ccncc4)cc3)cc2)c1,5.9403086,-6.6357584
110,mol116,-12.08,Nc1nn(-c2ccc(C(=O)Nc3ccccc3C(F)(F)F)cc2)cc1-c1ccn[nH]1,Nc1nn(-c2ccc(C(=O)Nc3ccccc3C(F)(F)F)cc2)cc1-c1ccn[nH]1,6.141025,-5.590061
870,mol423,-12.08,Cc1cccc(C(=O)Nc2cccc(Nc3ncc4ccccc4n3)c2)c1,Cc1cccc(C(=O)Nc2cccc(Nc3ncc4ccccc4n3)c2)c1,6.619278,-5.9339604
750,mol140,-12.08,O=C(/C=C/c1ccc(O)c(O)c1)O[C@H](C(=O)O)c1cccc(Oc2ccccc2)c1,O=C(/C=C/c1ccc(O)c(O)c1)O[C@H](C(=O)O)c1cccc(Oc2ccccc2)c1,6.60302,-4.7756515
670,mol341,-12.08,Cn1c(-c2cccc(C(=O)Nc3cccc(C(=O)O)c3)c2)cc2ccc(C(=O)O)cc21,Cn1c(-c2cccc(C(=O)Nc3cccc(C(=O)O)c3)c2)cc2ccc(C(=O)O)cc21,6.643684,-5.1110363
890,mol343,-12.08,Cc1cccc(C(=O)c2cccc(-c3cc(N)cc(CCO)c3)c2)c1,Cc1cccc(C(=O)c2cccc(-c3cc(N)cc(CCO)c3)c2)c1,6.5575747,-4.2927995
390,mol215,-12.08,Cc1ccc(NC(=O)c2ccc(C(=O)NCc3cccc(C(F)(F)F)c3)cc2)cc1NS(=O)(=O)c1ccc(N)cc1,Cc1ccc(NC(=O)c2ccc(C(=O)NCc3cccc(C(F)(F)F)c3)cc2)cc1NS(=O)(=O)c1ccc(N)cc1,6.6232734,-6.0152307
280,mol420,-12.07,Cc1ccc(NC(=O)c2ccc(CNc3ccc4ccccc4c3)cc2)cc1,Cc1ccc(NC(=O)c2ccc(CNc3ccc4ccccc4c3)cc2)cc1,5.915383,-6.2087407
250,mol369,-12.07,Cc1cc(C(=O)Nc2ccc(C(=O)N[C@@H](Cc3ccccc3)C(=O)O)cc2)ccc1NC(=O)c1ccccc1,Cc1cc(C(=O)Nc2ccc(C(=O)N[C@@H](Cc3ccccc3)C(=O)O)cc2)ccc1NC(=O)c1ccccc1,6.3955426,-5.972784
490,mol139,-12.07,COc1ccc(Oc2cc(N)c(NC(=O)Nc3ccc(Cl)c(C(F)(F)F)c3)cc2C(=O)O)cc1,COc1ccc(Oc2cc(N)c(NC(=O)Nc3ccc(Cl)c(C(F)(F)F)c3)cc2C(=O)O)cc1,6.572411,-7.0094028
920,mol403,-12.07,COC(=O)Nc1cccc(Oc2nc(Oc3ccc(NC(=O)Cc4ccccc4)cc3)nc3[nH]ccc23)c1,COC(=O)Nc1cccc(Oc2nc(Oc3ccc(NC(=O)Cc4ccccc4)cc3)nc3[nH]ccc23)c1,7.0887065,-7.4295435
790,mol22,-12.07,Cn1cc(-c2ccc(CNS(=O)(=O)c3ccc4ccccc4c3)cc2CO)nn1,Cn1cc(-c2ccc(CNS(=O)(=O)c3ccc4ccccc4c3)cc2CO)nn1,5.9792705,-3.5556567
190,mol155,-12.07,Fc1ccccc1-c1nnc([C@H]2CC[C@H](Nc3nccc4cnc(Nc5ccc([C@@H]6CCNC6)cc5)cc34)CC2)s1,Fc1ccccc1-c1nnc([C@H]2CC[C@H](Nc3nccc4cnc(Nc5ccc([C@@H]6CCNC6)cc5)cc34)CC2)s1,7.250159,-5.8306723
310,mol268,-12.07,Cc1ccc(C(=O)Nc2ccc(Oc3ccc(NC(=O)[C@@H]4CCC[NH2+]4)cc3)cc2)cc1,Cc1ccc(C(=O)Nc2ccc(Oc3ccc(NC(=O)[C@@H]4CCC[NH2+]4)cc3)cc2)cc1,6.1777906,-4.7118526
530,mol68,-12.07,CC(=O)Nc1cccc(Oc2nc(Nc3cccc(NC(=O)c4ccccc4)c3)nc(N3CCOCC3)n2)c1,CC(=O)Nc1cccc(Oc2nc(Nc3cccc(NC(=O)c4ccccc4)c3)nc(N3CCOCC3)n2)c1,6.5547915,-5.9454875
540,mol386,-12.07,Cc1cccc(CNC(=O)c2cccc(Cc3cc(=O)n4ccccc4n3)c2)c1,Cc1cccc(CNC(=O)c2cccc(Cc3cc(=O)n4ccccc4n3)c2)c1,6.1936216,-4.4844403
740,mol129,-12.07,CNC(=O)c1ccc(C2CCN(c3nc4ccc(OCc5ccccc5)cc4n3C)CC2)cc1,CNC(=O)c1ccc(C2CCN(c3nc4ccc(OCc5ccccc5)cc4n3C)CC2)cc1,6.550243,-5.865532
740,mol376,-12.07,Cc1nc(Nc2ncc(C(=O)Nc3ccc(NC(=O)c4ccccc4)cc3)s2)cc(N2CCOCC2)n1,Cc1nc(Nc2ncc(C(=O)Nc3ccc(NC(=O)c4ccccc4)cc3)s2)cc(N2CCOCC2)n1,6.787465,-5.415201
460,mol42,-12.07,NC(N)c1ccc(CNC(=O)N[C@@H](CO)C(=O)N[C@H](Cc2c[nH]c3ccccc23)C(=O)NCc2ccc(C(=O)N[C@@H](BO)NCc3ccccc3)cc2)cc1,NC(N)c1ccc(CNC(=O)N[C@@H](CO)C(=O)N[C@H](Cc2c[nH]c3ccccc23)C(=O)NCc2ccc(C(=O)N[C@@H](BO)NCc3ccccc3)cc2)cc1,6.840014,-2.6822317
640,mol471,-12.07,Cc1ccc(C(=O)Nc2ccc(Oc3ccnc4cc(C(N)N)ccc34)cc2)cc1,Cc1ccc(C(=O)Nc2ccc(Oc3ccnc4cc(C(N)N)ccc34)cc2)cc1,6.318928,-5.968565
230,mol107,-12.07,Cc1ccc(C(=O)Nc2cccc(Cn3cc(C(=O)NCc4cccc(C(=O)O)c4)cn3)c2)cc1,Cc1ccc(C(=O)Nc2cccc(Cn3cc(C(=O)NCc4cccc(C(=O)O)c4)cn3)c2)cc1,6.0365753,-5.246057
640,mol233,-12.07,CNC(=O)c1ccc2c(c1)C(=O)c1cc(C)cc(Nc3ccc(OCc4cccc(Cl)c4)cc3)c1C2=O,CNC(=O)c1ccc2c(c1)C(=O)c1cc(C)cc(Nc3ccc(OCc4cccc(Cl)c4)cc3)c1C2=O,6.0363345,-6.8854356
270,mol459,-12.07,Cc1ccc(NC(=O)c2cccc(C(=O)NCc3cccc(C)c3)c2)cc1,Cc1ccc(NC(=O)c2cccc(C(=O)NCc3cccc(C)c3)c2)cc1,6.3292446,-5.3056006
670,mol377,-12.07,CNC(=O)c1ccc(OCc2cccc(C(=O)Nc3ccccc3C(N)=O)c2)cc1,CNC(=O)c1ccc(OCc2cccc(C(=O)Nc3ccccc3C(N)=O)c2)cc1,6.0769067,-5.2396894
250,mol359,-12.07,CN(c1ccc(-c2cccc(CCc3ccc(Cl)cc3)c2)o1)S(=O)(=O)c1ccc(C#N)cc1,CN(c1ccc(-c2cccc(CCc3ccc(Cl)cc3)c2)o1)S(=O)(=O)c1ccc(C#N)cc1,6.205108,-7.402182
580,mol389,-12.07,CC(=O)Nc1ccc(Oc2cccc(-c3cnc4cccc(N)c4n3)c2)cc1,CC(=O)Nc1ccc(Oc2cccc(-c3cnc4cccc(N)c4n3)c2)cc1,6.888273,-5.780917
940,mol283,-12.07,CN(C)c1ccc(Nc2nccc(-c3ccc4ccccc4c3)n2)cc1,CN(C)c1ccc(Nc2nccc(-c3ccc4ccccc4c3)n2)cc1,6.414335,-5.9043612
580,mol142,-12.07,Cc1ccc(Nc2ncc(C(=O)Nc3ccc(C(=O)N[C@H](C)c4ccccc4)cc3)s2)cc1NC(=O)Cc1ccccc1,Cc1ccc(Nc2ncc(C(=O)Nc3ccc(C(=O)N[C@H](C)c4ccccc4)cc3)s2)cc1NC(=O)Cc1ccccc1,6.54487,-6.7659936
250,mol367,-12.07,Cc1ccc(C(=O)Nc2ccc(C(=O)Nc3ccc(C(=O)O)cc3)cc2)cc1,Cc1ccc(C(=O)Nc2ccc(C(=O)Nc3ccc(C(=O)O)cc3)cc2)cc1,6.778738,-5.101498
280,mol265,-12.07,Cc1ccc(NC(=O)c2ccc(CNC(=O)c3ccc(N(C)C(=O)Nc4cccc(C(=O)NCC[NH+](C)C)c4)s3)cc2)cc1,Cc1ccc(NC(=O)c2ccc(CNC(=O)c3ccc(N(C)C(=O)Nc4cccc(C(=O)NCC[NH+](C)C)c4)s3)cc2)cc1,6.802105,-4.8696904
540,mol22,-12.07,Cc1ccc(C(=O)Nc2ccc(S(=O)(=O)Nc3ccc(C(=O)O)cc3)cc2)cc1N,Cc1ccc(C(=O)Nc2ccc(S(=O)(=O)Nc3ccc(C(=O)O)cc3)cc2)cc1N,6.7880754,-4.749862
140,mol130,-12.07,Nc1cc(Nc2cc(N3CCCC3)ncn2)ccc1N1C(=O)c2ccccc2C1=O,Nc1cc(Nc2cc(N3CCCC3)ncn2)ccc1N1C(=O)c2ccccc2C1=O,6.2415295,-5.0215816
490,mol326,-12.07,Cc1ccc(NC(=O)c2ccc(C(=O)Nc3ccccc3N)cc2)cc1Nc1ncccn1,Cc1ccc(NC(=O)c2ccc(C(=O)Nc3ccccc3N)cc2)cc1Nc1ncccn1,6.59077,-6.3262296
120,mol152,-12.07,Cc1ccc(Nc2cccc(C(=O)NCc3ccccc3)c2)cc1NC(=O)c1cnccn1,Cc1ccc(Nc2cccc(C(=O)NCc3ccccc3)c2)cc1NC(=O)c1cnccn1,6.3828177,-5.5390816
340,mol484,-12.07,Cc1ccnc2ccc(Nc3nccc(-c4ccc(C(=O)O)cc4)n3)cc12,Cc1ccnc2ccc(Nc3nccc(-c4ccc(C(=O)O)cc4)n3)cc12,6.5803785,-4.4758525
970,mol431,-12.07,COc1cccc(-c2cccc(-c3ccnc(N[C@H](C)c4ccccc4)c3)c2)c1,COc1cccc(-c2cccc(-c3ccnc(N[C@H](C)c4ccccc4)c3)c2)c1,5.83031,-6.4669137
650,mol467,-12.07,Cc1ccc(C(=O)Nc2ccc(NS(=O)(=O)c3ccc4ccccc4c3)cc2)cc1,Cc1ccc(C(=O)Nc2ccc(NS(=O)(=O)c3ccc4ccccc4c3)cc2)cc1,6.0001354,-6.1611853
240,mol93,-12.07,CCc1c(NC(=O)c2cccc(-c3nc4ccccc4s3)c2)sc(/N=N/C(=O)c2ccc(N)cc2)c1F,CCc1c(NC(=O)c2cccc(-c3nc4ccccc4s3)c2)sc(/N=N/C(=O)c2ccc(N)cc2)c1F,6.5907354,-6.350604
270,mol31,-12.07,Cc1c(-c2ccc(Oc3ccc(F)cc3)cc2)ccc2nc(N)[nH]c(=O)c12,Cc1c(-c2ccc(Oc3ccc(F)cc3)cc2)ccc2nc(N)[nH]c(=O)c12,6.4198093,-5.788321
690,mol59,-12.07,NC(N)c1ccc(Oc2ccc3oc(-c4ccccc4O)cc3c2)cc1,NC(N)c1ccc(Oc2ccc3oc(-c4ccccc4O)cc3c2)cc1,6.324372,-5.064211
800,mol367,-12.07,C/C=C(/NC(C)=O)C(=O)Nc1cccc(Nc2nccc(Nc3cccc(C(=O)NC(C)C)c3)n2)c1,C/C=C(/NC(C)=O)C(=O)Nc1cccc(Nc2nccc(Nc3cccc(C(=O)NC(C)C)c3)n2)c1,6.915026,-5.2571845
870,mol68,-12.07,CC(=O)c1cccc(NC(=O)c2cc(-c3cc(Cl)ccc3C)n(-c3ccc(Cc4cccc(C(=O)O)c4)cc3)n2)c1,CC(=O)c1cccc(NC(=O)c2cc(-c3cc(Cl)ccc3C)n(-c3ccc(Cc4cccc(C(=O)O)c4)cc3)n2)c1,5.993283,-6.7558794
990,mol156,-12.07,COc1ccc(Nc2ncc(-c3cccc(C(=O)Nc4cccc(C(=O)O)c4)c3)s2)cc1,COc1ccc(Nc2ncc(-c3cccc(C(=O)Nc4cccc(C(=O)O)c4)c3)s2)cc1,5.7621636,-6.4959345
960,mol83,-12.07,Cc1ccc(-n2nc(C(C)(C)C)cc2NC(=O)Nc2cccc(Cc3n[nH]c(=O)c4ccccc34)c2)cc1,Cc1ccc(-n2nc(C(C)(C)C)cc2NC(=O)Nc2cccc(Cc3n[nH]c(=O)c4ccccc34)c2)cc1,6.6355486,-6.724248
590,mol300,-12.07,Cc1cccc(-c2cn(-c3cc(O)cc(C(=O)O)c3Cl)cn2)c1,Cc1cccc(-c2cn(-c3cc(O)cc(C(=O)O)c3Cl)cn2)c1,6.4053226,-4.1372166
890,mol450,-12.07,Cc1ccc(-c2nc(C(=O)Nc3ccc(NC(=O)[C@H]4CCCN4C(=O)c4ccccc4)cc3)co2)cc1,Cc1ccc(-c2nc(C(=O)Nc3ccc(NC(=O)[C@H]4CCCN4C(=O)c4ccccc4)cc3)co2)cc1,6.191249,-6.307604
920,mol484,-12.07,CC(C)C(=O)Nc1cccc(Nc2nccc(-c3c[nH]c4ccccc34)n2)c1,CC(C)C(=O)Nc1cccc(Nc2nccc(-c3c[nH]c4ccccc34)n2)c1,6.6231604,-5.808155
220,mol72,-12.07,Cc1ccc(-c2ccc(S(=O)(=O)NC[C@@H]3O[C@H](n4ccc(=O)[nH]c4=O)CC[C@@H]3O)cc2)cc1,Cc1ccc(-c2ccc(S(=O)(=O)NC[C@@H]3O[C@H](n4ccc(=O)[nH]c4=O)CC[C@@H]3O)cc2)cc1,6.7624598,-4.021525
180,mol304,-12.07,Cc1nc(Nc2ncc(C(=O)Nc3ccc(Oc4ccccc4)cc3)s2)cc(N2CCN(c3ncccn3)CC2)n1,Cc1nc(Nc2ncc(C(=O)Nc3ccc(Oc4ccccc4)cc3)s2)cc(N2CCN(c3ncccn3)CC2)n1,7.043287,-6.5796843
680,mol288,-12.07,CC(=O)Nn1cc(Cc2ccccc2)c(Nc2ccc3[nH]c(-c4ccccc4O)nc3c2)n1,CC(=O)Nn1cc(Cc2ccccc2)c(Nc2ccc3[nH]c(-c4ccccc4O)nc3c2)n1,5.9465213,-5.9106197
550,mol74,-12.07,Cc1ccc(C(=O)Nc2ccccc2N)cc1NC(=O)c1ccc(F)cc1,Cc1ccc(C(=O)Nc2ccccc2N)cc1NC(=O)c1ccc(F)cc1,6.879887,-5.876222
630,mol317,-12.07,Cc1cccc(Nc2cccc(Cc3ccc(C(=O)O)cc3)c2)c1C,Cc1cccc(Nc2cccc(Cc3ccc(C(=O)O)cc3)c2)c1C,7.0811954,-5.7613063
700,mol289,-12.07,Cc1cccc(-c2n[nH]cc2-c2ccc(NC(=O)NC(=O)c3ccccc3)cc2)c1,Cc1cccc(-c2n[nH]cc2-c2ccc(NC(=O)NC(=O)c3ccccc3)cc2)c1,5.885702,-6.8600783
550,mol191,-12.07,Cc1ccc(C(=O)Nc2cccc(Cn3ncc(-c4ccc(Cl)cc4)n3)c2)cc1,Cc1ccc(C(=O)Nc2cccc(Cn3ncc(-c4ccc(Cl)cc4)n3)c2)cc1,6.097063,-6.6049685
560,mol345,-12.07,Cc1ccc(Oc2ccc(-c3nc(C(=O)Nc4cccc([N+](=O)[O-])c4)c4ccccc4n3)cc2)cc1,Cc1ccc(Oc2ccc(-c3nc(C(=O)Nc4cccc([N+](=O)[O-])c4)c4ccccc4n3)cc2)cc1,6.163245,-7.2786665
420,mol24,-12.07,Cc1ccc(Nc2nccc(Nc3ccc4c(c3)CC(=O)N4)n2)cc1N1CC=C(C(=O)O)CC1,Cc1ccc(Nc2nccc(Nc3ccc4c(c3)CC(=O)N4)n2)cc1N1CC=C(C(=O)O)CC1,6.837128,-4.259255
760,mol383,-12.07,Cc1ccc(NC(=O)c2cc3ccccc3o2)cc1NC(=O)c1cccc(C(=O)O)c1,Cc1ccc(NC(=O)c2cc3ccccc3o2)cc1NC(=O)c1cccc(C(=O)O)c1,6.5817966,-5.678268
470,mol157,-12.07,CCCCc1ccc(-c2ccc(C(=O)Nc3ccc4c(c3)C[C@@H](C)N4C(=O)/C=C\c3ccc(O)cc3)cc2)cc1,CCCCc1ccc(-c2ccc(C(=O)Nc3ccc4c(c3)C[C@@H](C)N4C(=O)/C=C\c3ccc(O)cc3)cc2)cc1,5.9049177,-6.765271
860,mol233,-12.07,COc1cccc(C(=O)Nc2cccc(Nc3ccnc4cc(Cl)ccc34)c2)c1,COc1cccc(C(=O)Nc2cccc(Nc3ccnc4cc(Cl)ccc34)c2)c1,6.156195,-6.4020505
630,mol212,-12.07,CNc1ccccc1C(=O)OCc1ccc(-c2ccc(=O)n(Cc3cccc(C(=O)O)c3)n2)cc1,CNc1ccccc1C(=O)OCc1ccc(-c2ccc(=O)n(Cc3cccc(C(=O)O)c3)n2)cc1,6.072284,-5.3384047
520,mol448,-12.07,Cc1cccc(NC(=O)c2cccc(Nc3ccnc4ccccc34)c2)c1,Cc1cccc(NC(=O)c2cccc(Nc3ccnc4ccccc34)c2)c1,6.320655,-6.0692053
440,mol47,-12.07,NC(N)c1cccc(NC(=O)Nc2cccc(Oc3ccccc3)c2)c1,NC(N)c1cccc(NC(=O)Nc2cccc(Oc3ccccc3)c2)c1,6.574538,-5.015287
330,mol5,-12.07,Cc1ccc(C(=O)Nc2ccc(C[N@H+]3CC[N@H+](C)CC3)c(C(F)(F)F)c2)cc1NC(=O)c1cnc2ccccn12,Cc1ccc(C(=O)Nc2ccc(C[N@H+]3CC[N@H+](C)CC3)c(C(F)(F)F)c2)cc1NC(=O)c1cnc2ccccn12,7.3029385,-3.466355
340,mol320,-12.07,COc1cc(Nc2nc3ccc(C(=O)Nc4ccc(C(=O)Nc5ccccc5)cc4)cc3s2)ccc1N,COc1cc(Nc2nc3ccc(C(=O)Nc4ccc(C(=O)Nc5ccccc5)cc4)cc3s2)ccc1N,6.124396,-6.4971914
230,mol302,-12.07,Cc1ccc(Nc2cc(Nc3cccc(C(=O)N[C@@H](Cc4ccc(Cl)cc4)C(=O)O)c3)ncn2)cc1,Cc1ccc(Nc2cc(Nc3cccc(C(=O)N[C@@H](Cc4ccc(Cl)cc4)C(=O)O)c3)ncn2)cc1,6.474971,-6.007969
860,mol80,-12.07,Cc1ccc(/C=N/NC(=O)c2cccc(C(F)(F)F)c2)cc1Cn1cnc2c(Nc3ccccc3)ncnc21,Cc1ccc(/C=N/NC(=O)c2cccc(C(F)(F)F)c2)cc1Cn1cnc2c(Nc3ccccc3)ncnc21,6.312783,-6.6305494
820,mol76,-12.07,COc1ccc(-c2cccnc2Oc2ccc(NC(=O)c3cc4ccccc4o3)cc2)cc1,COc1ccc(-c2cccnc2Oc2ccc(NC(=O)c3cc4ccccc4o3)cc2)cc1,5.6461983,-6.9434743
550,mol51,-12.07,Cc1ccc(C(=O)Nc2ccc(S(=O)(=O)c3ccccc3)cc2)cc1Nc1ncnc2ccccc12,Cc1ccc(C(=O)Nc2ccc(S(=O)(=O)c3ccccc3)cc2)cc1Nc1ncnc2ccccc12,6.270693,-6.5034814
320,mol215,-12.07,Cc1ccc(NC(=O)c2ccc(Cc3ccccc3)cc2)cc1NC(=O)c1ccc(C(N)=O)cc1,Cc1ccc(NC(=O)c2ccc(Cc3ccccc3)cc2)cc1NC(=O)c1ccc(C(N)=O)cc1,6.038205,-6.7462487
770,mol405,-12.07,Cc1cc(Oc2cccc(OC[C@H](O)CNC(=O)OCc3ccccc3)c2)cc(N2C(=O)Nc3ccccc3S2(=O)=O)c1,Cc1cc(Oc2cccc(OC[C@H](O)CNC(=O)OCc3ccccc3)c2)cc(N2C(=O)Nc3ccccc3S2(=O)=O)c1,6.7252045,-7.3941164
360,mol495,-12.07,Cc1ccccc1-c1cc(Nc2nccc(Nc3ccc4c(c3)cc(C(N)=O)n4C)n2)ccn1,Cc1ccccc1-c1cc(Nc2nccc(Nc3ccc4c(c3)cc(C(N)=O)n4C)n2)ccn1,6.5189166,-5.4531384
120,mol261,-12.07,Cc1ccc(-c2nc(Nc3ccc(C(=O)NC4CCCCC4)cc3)[nH]c(=O)c2O)cc1,Cc1ccc(-c2nc(Nc3ccc(C(=O)NC4CCCCC4)cc3)[nH]c(=O)c2O)cc1,6.2253876,-6.0841503
260,mol428,-12.07,Cc1nc(Nc2ncc(C(=O)Nc3cccc4ncccc34)s2)cc(N2CC[NH+](CC(=O)Nc3ccccc3)CC2)n1,Cc1nc(Nc2ncc(C(=O)Nc3cccc4ncccc34)s2)cc(N2CC[NH+](CC(=O)Nc3ccccc3)CC2)n1,7.548301,-4.5788918
550,mol278,-12.07,Cc1ccc(C(=O)Nc2cccc(Cc3cccc(C(=O)O)c3)c2)cc1,Cc1ccc(C(=O)Nc2cccc(Cc3cccc(C(=O)O)c3)c2)cc1,6.559661,-4.914236
180,mol381,-12.07,CNC(=O)c1ccc(Oc2ccc(Nc3cc(-c4cccc(C#N)c4)ncn3)cc2)cc1,CNC(=O)c1ccc(Oc2ccc(Nc3cc(-c4cccc(C#N)c4)ncn3)cc2)cc1,6.258411,-6.936024
510,mol369,-12.07,Cc1cccc(-c2ncc(Nc3ccnc4ccccc34)c(N)n2)c1,Cc1cccc(-c2ncc(Nc3ccnc4ccccc34)c(N)n2)c1,6.423088,-4.6588225
220,mol417,-12.06,O=C(Nc1ccccc1)c1ccc(Nc2nc(Nc3ccc(C(F)(F)F)cc3)nc(Nc3cccc(N4CCOCC4)c3)n2)cc1,O=C(Nc1ccccc1)c1ccc(Nc2nc(Nc3ccc(C(F)(F)F)cc3)nc(Nc3cccc(N4CCOCC4)c3)n2)cc1,6.5341024,-6.598667
270,mol83,-12.06,Cc1ccc(C(=O)Nc2ccc(Cc3cc4ccccc4o3)cc2)cc1,Cc1ccc(C(=O)Nc2ccc(Cc3cc4ccccc4o3)cc2)cc1,5.969693,-6.139962
830,mol380,-12.06,CN(Cc1ccc(NC(=O)c2ccccc2)cc1)C(=O)Nc1cccc(-c2nnn[nH]2)c1,CN(Cc1ccc(NC(=O)c2ccccc2)cc1)C(=O)Nc1cccc(-c2nnn[nH]2)c1,6.0772886,-5.1055555
560,mol385,-12.06,Cc1ccc(C(=O)Nc2ccc(Oc3ccnc4cc(Cl)ccc34)cc2)cc1,Cc1ccc(C(=O)Nc2ccc(Oc3ccnc4cc(Cl)ccc34)cc2)cc1,6.2015276,-6.986252
670,mol261,-12.06,CC(C)n1cc(-c2ccnc(Nc3ccc(Oc4cccc(C(F)(F)F)c4)cc3)n2)cn1,CC(C)n1cc(-c2ccnc(Nc3ccc(Oc4cccc(C(F)(F)F)c4)cc3)n2)cn1,6.4796357,-6.9721456
700,mol267,-12.06,CC(=O)Nc1cccc(NC(=O)c2cccc(CC3CCCCC3)c2C(=O)O)c1,CC(=O)Nc1cccc(NC(=O)c2cccc(CC3CCCCC3)c2C(=O)O)c1,7.04599,-5.0973206
430,mol104,-12.06,Cc1cc(Oc2ccc3cccc(S(O)(O)O)c3c2)ccc1NS(=O)(=O)c1ccc(Cl)cc1,Cc1cc(Oc2ccc3cccc(S(O)(O)O)c3c2)ccc1NS(=O)(=O)c1ccc(Cl)cc1,6.722979,-6.2654634
160,mol168,-12.06,c1ccc(Cc2cnc(NCc3ccncc3)nc2Nc2ccc(CCc3ccc(Nc4ncccn4)cc3)cc2)cc1,c1ccc(Cc2cnc(NCc3ccncc3)nc2Nc2ccc(CCc3ccc(Nc4ncccn4)cc3)cc2)cc1,6.2955317,-6.238323
160,mol192,-12.06,Nc1ccc(/C=C/c2cc(Nc3cccc(C(=O)O)c3)cc(-c3ccc4ccccc4c3)c2F)c(Cl)c1,Nc1ccc(/C=C/c2cc(Nc3cccc(C(=O)O)c3)cc(-c3ccc4ccccc4c3)c2F)c(Cl)c1,6.350464,-6.5621114
170,mol261,-12.06,Nc1nc(N)c2c(NCc3ccc(-c4ccccc4)cc3)cccc2n1,Nc1nc(N)c2c(NCc3ccc(-c4ccccc4)cc3)cccc2n1,5.775309,-4.5199785
230,mol392,-12.06,Cc1nc(Nc2ncc(C(=O)Nc3cccc4ccccc34)s2)cc(N2CC[NH+](CC(=O)Nc3ccccc3C(=O)O)CC2)n1,Cc1nc(Nc2ncc(C(=O)Nc3cccc4ccccc34)s2)cc(N2CC[NH+](CC(=O)Nc3ccccc3C(=O)O)CC2)n1,7.119561,-4.4711018
450,mol350,-12.06,Cc1ccc(NC(=O)c2ccc(C[NH+]3CCN(c4ccc(C(=O)O)cn4)CC3)cc2)cc1NC(=O)c1cccc(F)c1,Cc1ccc(NC(=O)c2ccc(C[NH+]3CCN(c4ccc(C(=O)O)cn4)CC3)cc2)cc1NC(=O)c1cccc(F)c1,7.2167525,-5.0161934
950,mol23,-12.06,Cn1cc(-c2ccccc2)c(-c2ccc(Oc3ccc(Oc4ccccc4)cc3)cc2)n1,Cn1cc(-c2ccccc2)c(-c2ccc(Oc3ccc(Oc4ccccc4)cc3)cc2)n1,6.002625,-7.0426927
690,mol201,-12.06,Cc1cccc(Oc2cccc(-c3nc4ccc(C(N)N)cc4[nH]3)c2)c1,Cc1cccc(Oc2cccc(-c3nc4ccc(C(N)N)cc4[nH]3)c2)c1,6.288451,-4.99589
730,mol415,-12.06,Cc1ccc(C(=O)Nc2ccc(C[N@H+]3CC[N@H+](C)CC3)c(C(F)(F)F)c2)cc1C#Cc1cnc2nc[nH]c2c1,Cc1ccc(C(=O)Nc2ccc(C[N@H+]3CC[N@H+](C)CC3)c(C(F)(F)F)c2)cc1C#Cc1cnc2nc[nH]c2c1,6.999245,-3.437385
120,mol270,-12.06,Fc1cccc(-c2cccc(CNc3nc(CN4CCc5ccncc5C4)c(-c4ccccc4)[nH]3)c2)c1,Fc1cccc(-c2cccc(CNc3nc(CN4CCc5ccncc5C4)c(-c4ccccc4)[nH]3)c2)c1,5.7644258,-6.1529465
220,mol217,-12.06,CC(=O)Nc1cccc(Nc2nccc(-c3c[nH]c4ccccc34)n2)c1,CC(=O)Nc1cccc(Nc2nccc(-c3c[nH]c4ccccc34)n2)c1,6.529877,-4.75157
700,mol410,-12.06,Cc1cccc(C(=O)NCc2ccc(C(=O)NCc3ccc4ccc(C(N)N)nc4c3)cc2)c1,Cc1cccc(C(=O)NCc2ccc(C(=O)NCc3ccc4ccc(C(N)N)nc4c3)cc2)c1,6.25715,-4.112603
730,mol34,-12.06,Cc1ccc(C(=O)Nc2ccc(Nc3ccnc4cc(C(=O)O)ccc34)cc2)cc1,Cc1ccc(C(=O)Nc2ccc(Nc3ccnc4cc(C(=O)O)ccc34)cc2)cc1,6.3491974,-5.6922646
550,mol407,-12.06,Cc1cccc(Nc2nccc(-c3ccnc4nc(N)ncc34)n2)c1,Cc1cccc(Nc2nccc(-c3ccnc4nc(N)ncc34)n2)c1,6.647165,-3.8735101
730,mol292,-12.06,Cc1cccc(NC(=O)c2ccc(C/C=C/c3cccc(C(=O)O)c3)o2)c1,Cc1cccc(NC(=O)c2ccc(C/C=C/c3cccc(C(=O)O)c3)o2)c1,6.6075234,-4.607353
220,mol351,-12.06,Cc1cc(NS(=O)(=O)c2ccc(NC(=O)c3ccc4ccccc4n3)cc2)ccc1O,Cc1cc(NS(=O)(=O)c2ccc(NC(=O)c3ccc4ccccc4n3)cc2)ccc1O,6.4038987,-5.5466743
730,mol32,-12.06,Cc1cccc(-n2nc(C(C)(C)C)cc2NC(=O)Nc2cccc(Oc3ccnc4ccccc34)c2)c1,Cc1cccc(-n2nc(C(C)(C)C)cc2NC(=O)Nc2cccc(Oc3ccnc4ccccc34)c2)c1,6.186736,-7.139552
890,mol6,-12.06,COC(=O)c1ccc(NC(=O)c2ccc(NC(=O)c3cc4ccc(OC(C)C)cc4o3)cc2)cc1,COC(=O)c1ccc(NC(=O)c2ccc(NC(=O)c3cc4ccc(OC(C)C)cc4o3)cc2)cc1,6.301694,-6.775079
400,mol189,-12.06,NC(=O)Nc1cc(-c2ccc(C(=O)Nc3cccc(C(=O)O)c3)cc2)cc(-c2cccc(C(=O)O)c2)c1,NC(=O)Nc1cc(-c2ccc(C(=O)Nc3cccc(C(=O)O)c3)cc2)cc(-c2cccc(C(=O)O)c2)c1,6.5595427,-5.6994286
410,mol458,-12.06,Cc1cc(NC(=O)c2cccc(C(=O)NCc3ccccc3)c2)cc(N2CCc3[nH]cc(C(=O)c4ccccc4)c3C2)c1,Cc1cc(NC(=O)c2cccc(C(=O)NCc3ccccc3)c2)cc(N2CCc3[nH]cc(C(=O)c4ccccc4)c3C2)c1,6.1151295,-6.544338
940,mol384,-12.06,CNC(=O)c1cccc(-c2ccc(C(=O)Nc3ccc(Oc4ccncc4)cc3)cc2C(=O)O)c1,CNC(=O)c1cccc(-c2ccc(C(=O)Nc3ccc(Oc4ccncc4)cc3)cc2C(=O)O)c1,6.3185754,-6.2852902
820,mol304,-12.06,Cc1cccc(-c2cn(CC(=O)Nc3cccc(-c4ccccc4)c3)nn2)c1,Cc1cccc(-c2cn(CC(=O)Nc3cccc(-c4ccccc4)c3)nn2)c1,5.5976944,-4.9863105
310,mol68,-12.06,O=C(c1ccc(NCc2ccccc2)cc1)c1ccc(-c2ccccc2)cc1,O=C(c1ccc(NCc2ccccc2)cc1)c1ccc(-c2ccccc2)cc1,5.769685,-6.6570463
990,mol63,-12.06,CC(=O)Nc1ccc(-c2cncc(-c3cccc(C(=O)NCCNC(N)N)c3)c2)cc1,CC(=O)Nc1ccc(-c2cncc(-c3cccc(C(=O)NCCNC(N)N)c3)c2)cc1,6.480219,-3.1988423
40,mol133,-12.06,Cc1nc(Nc2ncc(C(=O)c3c(F)cccc3F)s2)cc(N2CC[NH+](CC(C)(C)c3cc(C[C@@H]4SC(=O)NC4=O)ccc3Cl)CC2)n1,Cc1nc(Nc2ncc(C(=O)c3c(F)cccc3F)s2)cc(N2CC[NH+](CC(C)(C)c3cc(C[C@@H]4SC(=O)NC4=O)ccc3Cl)CC2)n1,6.920352,-5.6137094
210,mol186,-12.06,COc1ccc(C(=O)Nc2ccc(C(=O)c3ccc(C(=O)Nc4cccc(C(=O)O)c4)s3)cc2)cc1,COc1ccc(C(=O)Nc2ccc(C(=O)c3ccc(C(=O)Nc4cccc(C(=O)O)c4)s3)cc2)cc1,6.1556354,-6.1750374
510,mol110,-12.06,Cc1ccc(S(=O)(=O)NC(=O)Nc2cccc(-c3nnc(-c4ccc(Cl)cc4)o3)c2)cc1,Cc1ccc(S(=O)(=O)NC(=O)Nc2cccc(-c3nnc(-c4ccc(Cl)cc4)o3)c2)cc1,6.2118554,-6.354663
800,mol302,-12.06,Cc1ccc(C(=O)Nc2ccc(F)c(C(F)(F)F)c2)cc1C#Cc1cnc(N)c(-c2cccc(Cl)c2)n1,Cc1ccc(C(=O)Nc2ccc(F)c(C(F)(F)F)c2)cc1C#Cc1cnc(N)c(-c2cccc(Cl)c2)n1,6.62818,-7.1220984
610,mol463,-12.06,Cc1nc(N)cc(Nc2nccc(-c3ccnc(Nc4cccc(OC(F)(F)F)c4)n3)n2)n1,Cc1nc(N)cc(Nc2nccc(-c3ccnc(Nc4cccc(OC(F)(F)F)c4)n3)n2)n1,6.561263,-5.38295
860,mol230,-12.06,C/C(=N\NC(=O)Nc1ccc([N+](=O)[O-])cc1)c1cccc(C(=O)Nc2cccc(C(=O)C(C)(C)C)c2)c1,C/C(=N\NC(=O)Nc1ccc([N+](=O)[O-])cc1)c1cccc(C(=O)Nc2cccc(C(=O)C(C)(C)C)c2)c1,6.500485,-7.1366305
780,mol127,-12.06,CNc1ccccc1C(=O)Nc1ccc(-c2cc(=O)c3ccc(O)cc3o2)cc1,CNc1ccccc1C(=O)Nc1ccc(-c2cc(=O)c3ccc(O)cc3o2)cc1,6.0760555,-5.966212
530,mol165,-12.06,Cc1cc(Nc2ccccc2)cc2nc(NC(=O)Nc3ccccc3)sc12,Cc1cc(Nc2ccccc2)cc2nc(NC(=O)Nc3ccccc3)sc12,6.5281167,-6.8783493
200,mol130,-12.06,c1ccc(-c2cccc(Nc3ncc(-c4ccccc4)[nH]3)c2)cc1,c1ccc(-c2cccc(Nc3ncc(-c4ccccc4)[nH]3)c2)cc1,5.92297,-6.16409
300,mol249,-12.06,Cc1ccc(C(=O)Nc2ccc(-c3nc4nc(N)ccn4n3)cc2)cc1,Cc1ccc(C(=O)Nc2ccc(-c3nc4nc(N)ccn4n3)cc2)cc1,6.341424,-4.582379
780,mol217,-12.06,Cc1ccc(Oc2cccc(Oc3cccc4ccccc34)c2)cc1C(=O)O,Cc1ccc(Oc2cccc(Oc3cccc4ccccc34)c2)cc1C(=O)O,6.9254594,-6.2475233
420,mol45,-12.06,Cc1ccc(NC(=O)c2cccc(C[C@H](NC(=O)CC[NH3+])C(N)=O)c2)cc1Nc1cccc2ccccc12,Cc1ccc(NC(=O)c2cccc(C[C@H](NC(=O)CC[NH3+])C(N)=O)c2)cc1Nc1cccc2ccccc12,6.3825293,-4.414493
610,mol76,-12.06,Cc1ccc(Nc2nccc(Nc3ccc4c(c3)CC(=O)N4)n2)cc1C(=O)O,Cc1ccc(Nc2nccc(Nc3ccc4c(c3)CC(=O)N4)n2)cc1C(=O)O,6.586097,-4.503192
90,mol290,-12.06,Cc1ccc(C(=O)Nc2ccc(C[N@H+]3CC[C@@H]([N@H+]4CC(F)(F)C[C@@H]4C(=O)NCc4ccccc4)CC3)cc2)cc1,Cc1ccc(C(=O)Nc2ccc(C[N@H+]3CC[C@@H]([N@H+]4CC(F)(F)C[C@@H]4C(=O)NCc4ccccc4)CC3)cc2)cc1,6.4294972,-3.254363
710,mol40,-12.06,Cc1sc(C(=O)N[C@@H](C)c2cccc(OCc3ccccc3)c2)cc1CNS(=O)(=O)c1ccc2ccccc2c1,Cc1sc(C(=O)N[C@@H](C)c2cccc(OCc3ccccc3)c2)cc1CNS(=O)(=O)c1ccc2ccccc2c1,5.9390807,-5.9052777
130,mol180,-12.06,Cc1c(C(=O)Nc2ccc(Oc3ccnc4cc(Cl)ccc34)cc2)[nH]c(=O)[nH]c1=O,Cc1c(C(=O)Nc2ccc(Oc3ccnc4cc(Cl)ccc34)cc2)[nH]c(=O)[nH]c1=O,6.630175,-7.0440283
180,mol492,-12.06,Cc1ccc(C(=O)NC2CC2)cc1Nc1nccc(Nc2cccc(C(=O)Nc3ccccc3)c2)n1,Cc1ccc(C(=O)NC2CC2)cc1Nc1nccc(Nc2cccc(C(=O)Nc3ccccc3)c2)n1,6.662304,-6.029974
110,mol328,-12.06,CN1CCN(c2ccc(Nc3nccc(-c4ccccc4C(F)(F)F)n3)cc2)CC1,CN1CCN(c2ccc(Nc3nccc(-c4ccccc4C(F)(F)F)n3)cc2)CC1,6.3545065,-4.392074
770,mol60,-12.06,Cc1cccc(-n2nc(C(=O)Nc3ccc4nc(C)c(OCc5ccccc5)cc4c3)c(C(N)=O)c2C(=O)O)c1,Cc1cccc(-n2nc(C(=O)Nc3ccc4nc(C)c(OCc5ccccc5)cc4c3)c(C(N)=O)c2C(=O)O)c1,6.5184865,-5.8920875
950,mol442,-12.06,Cc1ccc(NC(=O)c2ccc(-c3ccc(C(=O)O)cc3)o2)cc1NC(=O)c1ccc(Cl)cc1,Cc1ccc(NC(=O)c2ccc(-c3ccc(C(=O)O)cc3)o2)cc1NC(=O)c1ccc(Cl)cc1,6.473361,-6.33493
760,mol355,-12.06,Cc1ccc(C(=O)Nc2cccc(C(F)(F)F)c2)cc1C(=O)NCc1ccnc(Nc2ccnn2C)n1,Cc1ccc(C(=O)Nc2cccc(C(F)(F)F)c2)cc1C(=O)NCc1ccnc(Nc2ccnn2C)n1,6.5312686,-5.6162233
330,mol279,-12.06,Cc1ccc(NC(=O)c2ccc(NC(=O)c3ccccc3C(=O)O)cc2)cc1,Cc1ccc(NC(=O)c2ccc(NC(=O)c3ccccc3C(=O)O)cc2)cc1,6.4042797,-5.0719852
300,mol310,-12.06,Cc1ccc(NC(=O)c2ccc(C(=O)Nc3cc(C)cc(C(=O)O)c3)cc2)cc1,Cc1ccc(NC(=O)c2ccc(C(=O)Nc3cc(C)cc(C(=O)O)c3)cc2)cc1,6.7138686,-5.3046575
860,mol229,-12.06,CNC(=O)c1ccc(Nc2ncc(Cl)c(-c3c[nH]c4ccccc34)n2)cc1,CNC(=O)c1ccc(Nc2ncc(Cl)c(-c3c[nH]c4ccccc34)n2)cc1,6.6221743,-5.155148
280,mol163,-12.06,C[C@H](c1cccc(-c2ccc(NS(=O)(=O)c3cc(F)cc(F)c3)cc2)c1)[NH+]1CCOCC1,C[C@H](c1cccc(-c2ccc(NS(=O)(=O)c3cc(F)cc(F)c3)cc2)c1)[NH+]1CCOCC1,7.025375,-3.8244667
750,mol62,-12.06,Cc1ccc(C(=O)Nc2ccc(Oc3ccnc4ccc(Cl)cc34)cc2)cc1,Cc1ccc(C(=O)Nc2ccc(Oc3ccnc4ccc(Cl)cc34)cc2)cc1,6.18254,-7.0853286
260,mol218,-12.06,Cc1nc(Nc2ncc(C(=O)Nc3ccc(N4CCOCC4)cc3)s2)cc(N2CC[NH+](CC(=O)Nc3ccc(Cl)c(C(F)(F)F)c3)CC2)n1,Cc1nc(Nc2ncc(C(=O)Nc3ccc(N4CCOCC4)cc3)s2)cc(N2CC[NH+](CC(=O)Nc3ccc(Cl)c(C(F)(F)F)c3)CC2)n1,7.7665133,-4.7442727
90,mol240,-12.06,Cc1ccc(C(=O)Nc2ccc(CNC(N)N)cc2)cc1NC(=O)c1cc(F)c(-n2cccn2)cc1F,Cc1ccc(C(=O)Nc2ccc(CNC(N)N)cc2)cc1NC(=O)c1cc(F)c(-n2cccn2)cc1F,6.782025,-4.5971704
300,mol47,-12.06,Cc1ccc(NC(=O)c2ccc(C(=O)Nc3ccc(C(=O)O)cc3C(=O)O)cc2)cc1,Cc1ccc(NC(=O)c2ccc(C(=O)Nc3ccc(C(=O)O)cc3C(=O)O)cc2)cc1,6.6727242,-5.5041947
460,mol437,-12.06,Cc1cc(Oc2ccc(/C=C3\SC(=O)N(Cc4cccc(C(=O)O)c4)C3=O)cc2F)cc(S(=O)(=O)O)c1O,Cc1cc(Oc2ccc(/C=C3\SC(=O)N(Cc4cccc(C(=O)O)c4)C3=O)cc2F)cc(S(=O)(=O)O)c1O,6.602676,-5.2457995
250,mol390,-12.06,Cc1cc(NC(=O)N2CCc3c([nH]c4ccccc34)[C@@H]2[C@@H](O)c2ccc(Cl)c(Cl)c2)ccc1CSc1nc(N)cc(N)n1,Cc1cc(NC(=O)N2CCc3c([nH]c4ccccc34)[C@@H]2[C@@H](O)c2ccc(Cl)c(Cl)c2)ccc1CSc1nc(N)cc(N)n1,7.318243,-5.8995476
430,mol263,-12.06,Cc1ccc(Oc2ccnc(Nc3ccc(CC(=O)Nc4ncccn4)cc3)c2)cc1C(=O)O,Cc1ccc(Oc2ccnc(Nc3ccc(CC(=O)Nc4ncccn4)cc3)c2)cc1C(=O)O,6.441558,-6.1572485
620,mol312,-12.06,Cc1ccc(NC(=O)Nc2ccc(NC(=O)c3ccccc3C(=O)O)cc2)cc1,Cc1ccc(NC(=O)Nc2ccc(NC(=O)c3ccccc3C(=O)O)cc2)cc1,6.5186563,-5.2579927
470,mol392,-12.06,Cc1c(Nc2ccc(C(=O)N(C)C)cc2)cccc1-c1nc2nc(N)nc(OCC(C)(C)O)c2s1,Cc1c(Nc2ccc(C(=O)N(C)C)cc2)cccc1-c1nc2nc(N)nc(OCC(C)(C)O)c2s1,7.316859,-5.34372
300,mol466,-12.06,CN(c1cc(C(=O)Nc2cccc(C(=O)Nc3ccc(Oc4ccccc4)cc3)c2)ccc1NS(=O)(=O)c1ccc(C(F)(F)F)cc1)[C@@H](C#N)c1ccc(Cl)cc1,CN(c1cc(C(=O)Nc2cccc(C(=O)Nc3ccc(Oc4ccccc4)cc3)c2)ccc1NS(=O)(=O)c1ccc(C(F)(F)F)cc1)[C@@H](C#N)c1ccc(Cl)cc1,6.6737146,-6.8824253
300,mol259,-12.06,Nc1nc(Cl)cc(N(Cc2cccc(C(=O)Nc3ccc(C(=O)O)cc3)c2)C2CC2)n1,Nc1nc(Cl)cc(N(Cc2cccc(C(=O)Nc3ccc(C(=O)O)cc3)c2)C2CC2)n1,7.032009,-4.7071114
180,mol433,-12.06,COC(=O)c1c(O)cccc1OCCCCNC(=O)c1ccc(Nc2ncc3ccc(-c4ccccc4)nc3n2)cc1,COC(=O)c1c(O)cccc1OCCCCNC(=O)c1ccc(Nc2ncc3ccc(-c4ccccc4)nc3n2)cc1,6.4469423,-6.5936713
210,mol274,-12.06,CN(C(=O)c1ccc(Cl)s1)c1ccc(C(=O)Nc2cnn(Cc3ccc4n[nH]cc4c3)c2)cc1,CN(C(=O)c1ccc(Cl)s1)c1ccc(C(=O)Nc2cnn(Cc3ccc4n[nH]cc4c3)c2)cc1,6.8343315,-6.3206816
960,mol416,-12.06,Cc1ccc(F)c(CNC(=O)c2ccc3nc(-c4ccccc4)oc3c2)c1,Cc1ccc(F)c(CNC(=O)c2ccc3nc(-c4ccccc4)oc3c2)c1,6.4526286,-5.9806514
310,mol124,-12.06,Cc1cc(NC(=O)Nc2nc(-c3cccc(C(=O)Nc4ccccc4)c3)cs2)ccn1,Cc1cc(NC(=O)Nc2nc(-c3cccc(C(=O)Nc4ccccc4)c3)cs2)ccn1,6.412689,-6.4825783
330,mol429,-12.06,Cc1cccc(Nc2ccc(-c3cc(Cc4ccccc4)cc(C(=O)O)c3)cc2C(=O)O)c1,Cc1cccc(Nc2ccc(-c3cc(Cc4ccccc4)cc(C(=O)O)c3)cc2C(=O)O)c1,6.465143,-6.192273
530,mol335,-12.06,Cc1ccc(C(=O)Nc2cccc(C(F)(F)F)c2)cc1Nc1ncnn2cc(-c3ccccc3)nc12,Cc1ccc(C(=O)Nc2cccc(C(F)(F)F)c2)cc1Nc1ncnn2cc(-c3ccccc3)nc12,6.1733975,-7.004696
340,mol299,-12.06,Cc1cc(NC(=O)c2ccc(C(=O)Nc3ccc(C(=O)O)cc3)cc2)ccc1NC(=O)c1ccc(C(N)N)cc1,Cc1cc(NC(=O)c2ccc(C(=O)Nc3ccc(C(=O)O)cc3)cc2)ccc1NC(=O)c1ccc(C(N)N)cc1,6.897264,-5.406441
910,mol359,-12.06,CNC(=O)c1cccc(Nc2nccc(-c3c[nH]c4cc(Cl)ccc34)n2)c1,CNC(=O)c1cccc(Nc2nccc(-c3c[nH]c4cc(Cl)ccc34)n2)c1,6.668158,-4.857039
470,mol142,-12.06,Cc1ccc(-c2ncc(C(=O)NCc3cccc(C(=O)Nc4ccc(C(=O)O)cc4)c3)c(Nc3ccc(C(N)N)cc3)n2)cc1,Cc1ccc(-c2ncc(C(=O)NCc3cccc(C(=O)Nc4ccc(C(=O)O)cc4)c3)c(Nc3ccc(C(N)N)cc3)n2)cc1,6.673224,-5.824345
390,mol304,-12.05,Cc1cc(-c2ccc(C(=O)N[C@H](Cc3ccccc3)C(=O)N[C@H](Cc3ccc4ccccc4c3)C(=O)Nc3ccccc3)cc2)cc(N2CCCCC2)c1O,Cc1cc(-c2ccc(C(=O)N[C@H](Cc3ccccc3)C(=O)N[C@H](Cc3ccc4ccccc4c3)C(=O)Nc3ccccc3)cc2)cc(N2CCCCC2)c1O,6.1874647,-6.8161173
510,mol469,-12.05,Cc1ccc(-c2cc(C(=O)O)ccc2C)cc1NS(=O)(=O)c1cccc(NC(=O)c2ccccc2)c1,Cc1ccc(-c2cc(C(=O)O)ccc2C)cc1NS(=O)(=O)c1cccc(NC(=O)c2ccccc2)c1,6.5315824,-6.0682187
400,mol394,-12.05,Cc1ccc(C(=O)Nc2ccc(CCNC(=O)c3ccc4ccccc4n3)cc2)cc1,Cc1ccc(C(=O)Nc2ccc(CCNC(=O)c3ccc4ccccc4n3)cc2)cc1,5.881064,-5.6694536
130,mol59,-12.05,COc1ccc(-c2ccc3c(Nc4cccc(C(=O)O)c4)ccnc3c2)cc1,COc1ccc(-c2ccc3c(Nc4cccc(C(=O)O)c4)ccnc3c2)cc1,5.9844565,-5.7862134
120,mol422,-12.05,Cc1ccc(-c2nc(Nc3cccc(C(=O)Nc4cccc(C(=O)O)c4)c3)nc(N3CCCCC3)n2)cc1,Cc1ccc(-c2nc(Nc3cccc(C(=O)Nc4cccc(C(=O)O)c4)c3)nc(N3CCCCC3)n2)cc1,6.6634035,-6.0018983
130,mol267,-12.05,Cc1c(Cl)cccc1NC(=O)CNC(=O)Nc1ccc2ccccc2c1,Cc1c(Cl)cccc1NC(=O)CNC(=O)Nc1ccc2ccccc2c1,6.415562,-4.880844
100,mol150,-12.05,Cc1cc(F)cc(Nc2nccc(-c3ccccc3C(F)(F)F)n2)c1,Cc1cc(F)cc(Nc2nccc(-c3ccccc3C(F)(F)F)n2)c1,6.6536865,-5.808987
450,mol79,-12.05,Cc1cccc(C(=O)Nc2ccc(Nc3ccnc4cc(F)ccc34)cc2)c1,Cc1cccc(C(=O)Nc2ccc(Nc3ccnc4cc(F)ccc34)cc2)c1,6.452931,-6.082263
490,mol193,-12.05,CCc1ccc(NC(=O)c2cccc(C(=O)Nc3nc4ccc(C)cc4s3)c2)cc1Nc1ncccn1,CCc1ccc(NC(=O)c2cccc(C(=O)Nc3nc4ccc(C)cc4s3)c2)cc1Nc1ncccn1,6.5200777,-6.6824203
380,mol337,-12.05,Cc1cc(C)cc(Nc2nccc(Nc3ccc4ncccc4c3)n2)c1,Cc1cc(C)cc(Nc2nccc(Nc3ccc4ncccc4c3)n2)c1,6.4329505,-5.2416816
430,mol171,-12.05,Cc1ccc(Nc2cnc(Nc3ccc4ccccc4c3)nc2N)cc1,Cc1ccc(Nc2cnc(Nc3ccc4ccccc4c3)nc2N)cc1,6.351237,-5.887407
540,mol478,-12.05,Cc1cc(C)cc(Nc2nccc(Nc3ccc4cccnc4c3)n2)c1,Cc1cc(C)cc(Nc2nccc(Nc3ccc4cccnc4c3)n2)c1,6.44129,-5.4272847
510,mol141,-12.05,CCC(=O)Nc1ccc(C(=O)Nc2cccc(-c3c[nH]c4ccccc34)c2)cc1,CCC(=O)Nc1ccc(C(=O)Nc2cccc(-c3c[nH]c4ccccc34)c2)cc1,6.0797734,-6.342704
420,mol55,-12.05,Cc1ccccc1-n1ncc(-c2cccc(NC(=O)c3ccc4ccccc4n3)c2)c1CCc1ccc(F)cc1,Cc1ccccc1-n1ncc(-c2cccc(NC(=O)c3ccc4ccccc4n3)c2)c1CCc1ccc(F)cc1,6.2340302,-6.5253544
120,mol202,-12.05,Cc1ccc(C(=O)Nc2ccc(CNc3cc(Nc4cccc(C(F)(F)F)c4)ncn3)cc2)cc1,Cc1ccc(C(=O)Nc2ccc(CNc3cc(Nc4cccc(C(F)(F)F)c4)ncn3)cc2)cc1,5.7288065,-6.901158
530,mol327,-12.05,CN(Cc1cnc2nc(N)nc(N)c2n1)c1ccc(C(=O)NC(=O)NCc2ccccc2)cc1,CN(Cc1cnc2nc(N)nc(N)c2n1)c1ccc(C(=O)NC(=O)NCc2ccccc2)cc1,6.8279943,-4.0310173
500,mol33,-12.05,Cc1cn(-c2cccc(C(=O)Nc3cn(CC(=O)Nc4ccc(C(N)=O)cc4)nn3)c2)c2cc(-c3ccc(N4CCOCC4)cc3)ccc12,Cc1cn(-c2cccc(C(=O)Nc3cn(CC(=O)Nc4ccc(C(N)=O)cc4)nn3)c2)c2cc(-c3ccc(N4CCOCC4)cc3)ccc12,6.2307215,-6.1926656
530,mol281,-12.05,CC(=O)Nc1cccc(Nc2ncc3cc(-c4ccccc4)c(=O)[nH]c3n2)c1,CC(=O)Nc1cccc(Nc2ncc3cc(-c4ccccc4)c(=O)[nH]c3n2)c1,6.433778,-6.2325583
460,mol145,-12.05,Cc1cc(Nc2nc(Oc3ccc4c(c3)CCC4=O)cn3ccnc23)ccc1C(=O)O,Cc1cc(Nc2nc(Oc3ccc4c(c3)CCC4=O)cn3ccnc23)ccc1C(=O)O,6.470007,-5.135905
490,mol78,-12.05,CC(=O)Nc1ccc(Nc2ncc3cc(NC(=O)c4ccccc4)ccc3n2)cc1,CC(=O)Nc1ccc(Nc2ncc3cc(NC(=O)c4ccccc4)ccc3n2)cc1,6.4364614,-5.261085
1000,mol168,-12.05,Cc1ccc(OCc2cccc(-c3cccnc3)c2)cc1NC(=O)c1ccccc1C(=O)O,Cc1ccc(OCc2cccc(-c3cccnc3)c2)cc1NC(=O)c1ccccc1C(=O)O,6.356618,-6.4176254
410,mol173,-12.05,CC(=O)Nc1cccc(-c2cc(Nc3ccc4ccccc4c3)n3nccc3n2)c1,CC(=O)Nc1cccc(-c2cc(Nc3ccc4ccccc4c3)n3nccc3n2)c1,6.0405626,-5.903311
490,mol70,-12.05,CCN(C(=O)c1ccc([C@@H](C)Nc2nccc(-c3cc4ccccc4[nH]3)n2)cc1)[C@H]1CCS(=O)(=O)C1,CCN(C(=O)c1ccc([C@@H](C)Nc2nccc(-c3cc4ccccc4[nH]3)n2)cc1)[C@H]1CCS(=O)(=O)C1,7.389841,-4.3743606
540,mol101,-12.05,CC(=O)N[C@H](c1ccc(-c2ccc(CN[C@H](O)c3ccc(O)c(C(F)(F)F)c3)cc2)cc1)C(F)(F)F,CC(=O)N[C@H](c1ccc(-c2ccc(CN[C@H](O)c3ccc(O)c(C(F)(F)F)c3)cc2)cc1)C(F)(F)F,6.668544,-6.382927
940,mol154,-12.05,COc1ccc(-c2ccc(=O)n(Cc3ccc(-c4ccccc4)cc3)n2)cc1,COc1ccc(-c2ccc(=O)n(Cc3ccc(-c4ccccc4)cc3)n2)cc1,5.5699406,-5.5475254
40,mol106,-12.05,CNC(=O)c1cccc(Nc2nccc(Nc3ccc4c(c3)CCC(=O)N4C)n2)c1,CNC(=O)c1cccc(Nc2nccc(Nc3ccc4c(c3)CCC(=O)N4C)n2)c1,6.46186,-4.294259
420,mol474,-12.05,Cc1ccc(Oc2ccc(NC(=O)c3ccc4ccccc4c3)cc2NC(=O)c2ccc(N=[N+]=[N-])cc2)cc1,Cc1ccc(Oc2ccc(NC(=O)c3ccc4ccccc4c3)cc2NC(=O)c2ccc(N=[N+]=[N-])cc2)cc1,6.084541,-7.2171483
380,mol81,-12.05,Cc1ccc(-c2ccn3c(N[C@H](CO)c4ccccc4)cnc3c2)cc1,Cc1ccc(-c2ccn3c(N[C@H](CO)c4ccccc4)cnc3c2)cc1,6.2044687,-4.1991515
500,mol335,-12.05,Cc1cncc(-c2cccc(NCCNc3ccnc4cc(C(N)N)ccc34)c2)c1,Cc1cncc(-c2cccc(NCCNc3ccnc4cc(C(N)N)ccc34)c2)c1,6.515042,-3.2731977
980,mol293,-12.05,Cc1ccc(C(=O)Nc2ccc(NC(=O)c3ccc(C(N)N)cc3)cc2)cc1,Cc1ccc(C(=O)Nc2ccc(NC(=O)c3ccc(C(N)N)cc3)cc2)cc1,6.7722464,-5.0079536
910,mol149,-12.05,Cc1ccc(S(=O)(=O)NCc2ccc(C(=O)N[C@@H]3CCCc4ccccc43)cc2)cc1,Cc1ccc(S(=O)(=O)NCc2ccc(C(=O)N[C@@H]3CCCc4ccccc43)cc2)cc1,6.602178,-5.0796
910,mol300,-12.05,COCCc1cccc(-c2ccnc(Nc3ccc(C(=O)N4CCC(C(=O)O)CC4)cc3)n2)c1,COCCc1cccc(-c2ccnc(Nc3ccc(C(=O)N4CCC(C(=O)O)CC4)cc3)n2)c1,7.06031,-4.1340876
760,mol261,-12.05,Cc1ccccc1CNC(=O)c1cccc(CC(=O)N2CCN(c3cccc(C(F)(F)F)n3)CC2)c1,Cc1ccccc1CNC(=O)c1cccc(CC(=O)N2CCN(c3cccc(C(F)(F)F)n3)CC2)c1,6.443184,-4.5737176
250,mol271,-12.05,Cc1ccc(Nc2cc(Oc3cccc(NC(=O)c4c(F)cccc4F)c3)ncn2)cc1,Cc1ccc(Nc2cc(Oc3cccc(NC(=O)c4c(F)cccc4F)c3)ncn2)cc1,6.3658724,-7.136898
290,mol59,-12.05,Cc1ccc(-c2nc3ccc(CCCc4ccccc4)cc3o2)cc1N,Cc1ccc(-c2nc3ccc(CCCc4ccccc4)cc3o2)cc1N,6.0455766,-6.401349
600,mol380,-12.05,Cc1ccc(C(=O)NCc2cn(CCc3ccccc3)nn2)cc1NCc1cccc(OCc2ccccc2)c1,Cc1ccc(C(=O)NCc2cn(CCc3ccccc3)nn2)cc1NCc1cccc(OCc2ccccc2)c1,5.295405,-6.337509
290,mol173,-12.05,FC(F)(F)c1ccc(-c2nccnc2Nc2ccc(Nc3ncnc4ccccc34)cc2)cc1,FC(F)(F)c1ccc(-c2nccnc2Nc2ccc(Nc3ncnc4ccccc34)cc2)cc1,6.307273,-6.607306
340,mol230,-12.05,CCC(=O)Nc1ccc(C(=O)c2ccc(C(=O)N(C)Cc3ccc(C(=O)O)cc3)cc2)cc1,CCC(=O)Nc1ccc(C(=O)c2ccc(C(=O)N(C)Cc3ccc(C(=O)O)cc3)cc2)cc1,6.5082583,-4.4742527
840,mol251,-12.05,COc1cc(Nc2nccc(-c3c[nH]c4ccccc34)n2)cc(C(=O)O)c1Oc1cccc(CC(=O)O)c1,COc1cc(Nc2nccc(-c3c[nH]c4ccccc34)n2)cc(C(=O)O)c1Oc1cccc(CC(=O)O)c1,6.6903505,-6.223075
200,mol482,-12.05,Cc1ccc(NC(=O)c2cccc(C(F)(F)F)c2)cc1NC(=O)c1cnc2ccccc2n1,Cc1ccc(NC(=O)c2cccc(C(F)(F)F)c2)cc1NC(=O)c1cnc2ccccc2n1,6.5359197,-6.806515
700,mol39,-12.05,CC(=O)Nc1cccc(-c2cc(-c3ccc(C(C)=O)cc3)ccn2)c1,CC(=O)Nc1cccc(-c2cc(-c3ccc(C(C)=O)cc3)ccn2)c1,6.4622803,-4.67305
840,mol224,-12.05,CCc1ccc(C(=O)Nc2cccc(C(=O)c3cccc(C(=O)O)c3)c2)cc1,CCc1ccc(C(=O)Nc2cccc(C(=O)c3cccc(C(=O)O)c3)c2)cc1,6.5096354,-4.831093
280,mol497,-12.05,Cc1cc(=O)c2ccc(Nc3cccc(NC(=O)COc4ccc(C(=O)O)c(C)c4)c3)cc2o1,Cc1cc(=O)c2ccc(Nc3cccc(NC(=O)COc4ccc(C(=O)O)c(C)c4)c3)cc2o1,6.7225833,-6.0566125
710,mol264,-12.05,Cc1ccc(C(=O)NCc2cccc(C(=O)NCc3ccncn3)c2)cc1NC(=O)c1ccc(C(N)N)cc1,Cc1ccc(C(=O)NCc2cccc(C(=O)NCc3ccncn3)c2)cc1NC(=O)c1ccc(C(N)N)cc1,6.619782,-4.132129
700,mol494,-12.05,Cc1cccc(C)c1Nc1ccnc(Nc2ccc(NC(=O)Nc3cccc(C(=O)O)c3)cc2)n1,Cc1cccc(C)c1Nc1ccnc(Nc2ccc(NC(=O)Nc3cccc(C(=O)O)c3)cc2)n1,6.7370124,-5.756706
340,mol7,-12.05,Cc1cc(Nc2ncn(C(C)C)n2)ccc1C(=O)Nc1ccc(C(=O)N[C@H](C)c2ccccc2)cc1,Cc1cc(Nc2ncn(C(C)C)n2)ccc1C(=O)Nc1ccc(C(=O)N[C@H](C)c2ccccc2)cc1,6.548808,-6.0104814
790,mol330,-12.05,Cc1ccc(C(=O)Nc2ccc(S(N)(=O)=O)cc2)cc1C(=O)Nc1cc(S(=O)(=O)c2ccccc2)ccc1S(N)(=O)=O,Cc1ccc(C(=O)Nc2ccc(S(N)(=O)=O)cc2)cc1C(=O)Nc1cc(S(=O)(=O)c2ccccc2)ccc1S(N)(=O)=O,7.0840054,-4.1590486
300,mol29,-12.05,Cc1ccc(/N=N\c2ccc(S(=O)(=O)Nc3ncc(Cl)c(Nc4cccc(NC(=O)Nc5ccccc5)c4)n3)cc2)cc1,Cc1ccc(/N=N\c2ccc(S(=O)(=O)Nc3ncc(Cl)c(Nc4cccc(NC(=O)Nc5ccccc5)c4)n3)cc2)cc1,6.5802116,-7.1849594
650,mol366,-12.05,Cc1ccc(NC(=O)c2cccc(Cn3cnc4ccccc4c3=O)c2)cc1,Cc1ccc(NC(=O)c2cccc(Cn3cnc4ccccc4c3=O)c2)cc1,6.135524,-5.342085
770,mol324,-12.05,CC(=O)Nc1cccc(-c2ccc(=O)n(Cc3ccc4ccccc4n3)n2)c1,CC(=O)Nc1cccc(-c2ccc(=O)n(Cc3ccc4ccccc4n3)n2)c1,6.3483534,-4.422841
260,mol99,-12.05,Cc1cc(CNC(=O)c2cccc(C(=O)Nc3ccc(C(=O)NCc4ccccc4)cc3)c2)on1,Cc1cc(CNC(=O)c2cccc(C(=O)Nc3ccc(C(=O)NCc4ccccc4)cc3)c2)on1,5.7451034,-5.675936
850,mol491,-12.05,Cc1c(NS(=O)(=O)c2ccc(NC(=O)c3cccc(C(=O)O)c3)cc2)cccc1C1CC1,Cc1c(NS(=O)(=O)c2ccc(NC(=O)c3cccc(C(=O)O)c3)cc2)cccc1C1CC1,6.6267047,-5.477341
320,mol61,-12.05,Cc1cc(Nc2nccc(Nc3cc(C4CCCCC4)ccc3N)n2)ccc1N1CCC(=O)CC1,Cc1cc(Nc2nccc(Nc3cc(C4CCCCC4)ccc3N)n2)ccc1N1CCC(=O)CC1,6.769328,-6.028544
890,mol277,-12.05,CN(Cc1cnc2cc(Oc3ccccc3)ccc2n1)C(=O)c1cccc(OCc2ccccc2)c1,CN(Cc1cnc2cc(Oc3ccccc3)ccc2n1)C(=O)c1cccc(OCc2ccccc2)c1,5.739462,-6.8411427
680,mol50,-12.05,Cc1ccc(C(=O)Nc2ccc(Nc3ccnc4cc(C(N)=O)ccc34)cc2)cc1,Cc1ccc(C(=O)Nc2ccc(Nc3ccnc4cc(C(N)=O)ccc34)cc2)cc1,6.162213,-5.6102
680,mol393,-12.05,Cc1ccccc1-c1nccc(Nc2ccc(C(=O)Nc3ccccc3Cl)cc2)n1,Cc1ccccc1-c1nccc(Nc2ccc(C(=O)Nc3ccccc3Cl)cc2)n1,6.48053,-6.7964087
90,mol441,-12.05,c1ccc(-c2cc(Nc3nc4c(s3)C[C@H](c3ccccc3)CC4)[n+]3[nH]cnc3n2)cc1,c1ccc(-c2cc(Nc3nc4c(s3)C[C@H](c3ccccc3)CC4)[n+]3[nH]cnc3n2)cc1,6.3469505,-5.376056
250,mol48,-12.05,Cc1ccc(NC(=O)c2ccc(Oc3ccccc3C(=O)NCc3ccccc3)cc2)cc1,Cc1ccc(NC(=O)c2ccc(Oc3ccccc3C(=O)NCc3ccccc3)cc2)cc1,5.7768373,-7.114182
300,mol13,-12.05,Cc1cc(NC(=O)CS(=O)(=O)Cc2cccc(NC(=O)c3ccc(CNC(=O)c4cccc(C(F)(F)F)c4)s3)c2)ccn1,Cc1cc(NC(=O)CS(=O)(=O)Cc2cccc(NC(=O)c3ccc(CNC(=O)c4cccc(C(F)(F)F)c4)s3)c2)ccn1,7.149662,-6.1597314
90,mol170,-12.05,Oc1c(-c2ccccc2)cccc1-c1cc2ccccc2[nH]1,Oc1c(-c2ccccc2)cccc1-c1cc2ccccc2[nH]1,6.337819,-6.0263777
760,mol366,-12.05,Cc1ccccc1Cc1ccccc1OCc1cccc2ccccc12,Cc1ccccc1Cc1ccccc1OCc1cccc2ccccc12,6.207489,-7.21962
270,mol244,-12.05,Cc1cc(NC(=O)CCN2N=Cc3cc(Cl)ccc3N2)cc(-c2ccccc2)c1,Cc1cc(NC(=O)CCN2N=Cc3cc(Cl)ccc3N2)cc(-c2ccccc2)c1,6.396549,-6.37872
580,mol493,-12.05,Cc1ccc(-n2nc(C(=O)NCc3ccccc3)cc2NC(=O)Nc2ccc(Oc3ccccc3)cc2)cc1,Cc1ccc(-n2nc(C(=O)NCc3ccccc3)cc2NC(=O)Nc2ccc(Oc3ccccc3)cc2)cc1,6.076904,-7.2952332
310,mol350,-12.05,Cc1cc(NCc2ccc(-c3ccccc3Cl)cc2)c(CNC(=O)c2cc(-c3ccc(C#N)cc3)no2)cn1,Cc1cc(NCc2ccc(-c3ccccc3Cl)cc2)c(CNC(=O)c2cc(-c3ccc(C#N)cc3)no2)cn1,5.953821,-6.8245573
920,mol329,-12.05,NC(N)c1cccc(-n2nc(C(=O)NCc3ccc4nc(Nc5ccc(F)cc5)sc4c3)cc2NC(=O)Nc2ccc(N3CCOCC3)c3ccccc23)c1,NC(N)c1cccc(-n2nc(C(=O)NCc3ccc4nc(Nc5ccc(F)cc5)sc4c3)cc2NC(=O)Nc2ccc(N3CCOCC3)c3ccccc23)c1,6.733987,-6.2339606
580,mol307,-12.05,Cc1ncccc1-c1ccc(C(=O)Nc2cccc(-c3ccccc3C[NH+]3CCCCC3)c2)cc1,Cc1ncccc1-c1ccc(C(=O)Nc2cccc(-c3ccccc3C[NH+]3CCCCC3)c2)cc1,5.6601114,-5.772613
560,mol322,-12.05,Cc1ccc(C(=O)Nc2cccc(C(F)(F)F)c2)cc1Nc1nccc(-c2cncnc2)n1,Cc1ccc(C(=O)Nc2cccc(C(F)(F)F)c2)cc1Nc1nccc(-c2cncnc2)n1,6.511558,-6.4612236
820,mol480,-12.05,Cc1ccc(CNC(=O)Nc2ccc(Nc3ccnc4cc(OCc5ccccc5)ccc34)cc2)cc1,Cc1ccc(CNC(=O)Nc2ccc(Nc3ccnc4cc(OCc5ccccc5)ccc34)cc2)cc1,5.755949,-6.837663
920,mol392,-12.05,C[C@H](Nc1ccc(Oc2ccc(C(N)N)cc2)cc1)c1ccc(CC(=O)NO)cc1,C[C@H](Nc1ccc(Oc2ccc(C(N)N)cc2)cc1)c1ccc(CC(=O)NO)cc1,6.389028,-4.5480947
930,mol163,-12.05,CN(C)c1ccc(-c2ccc(Oc3ncc(-c4ccc(C(=O)NCc5ccccc5)cc4)c(N)n3)cc2)cc1,CN(C)c1ccc(-c2ccc(Oc3ncc(-c4ccc(C(=O)NCc5ccccc5)cc4)c(N)n3)cc2)cc1,6.232184,-6.3297997
730,mol461,-12.05,COc1ccccc1NC(=O)Nc1ccc(CC(=O)Nc2cccc(NC(=O)c3ccco3)c2)cc1,COc1ccccc1NC(=O)Nc1ccc(CC(=O)Nc2cccc(NC(=O)c3ccco3)c2)cc1,6.136408,-7.196055
570,mol378,-12.05,COc1ccc(C(=O)Nc2ccc(Nc3nccc(-c4ccccc4)n3)cc2)cc1,COc1ccc(C(=O)Nc2ccc(Nc3nccc(-c4ccccc4)n3)cc2)cc1,5.7643404,-6.5529914
880,mol165,-12.05,CC(C)CN(Cc1ccc(-c2ccc(C(=O)O)cc2)cc1)C(=O)Nc1ccc(OCc2cccc(C[C@H]3CC[N@@H+](C)CC3)c2)cc1,CC(C)CN(Cc1ccc(-c2ccc(C(=O)O)cc2)cc1)C(=O)Nc1ccc(OCc2cccc(C[C@H]3CC[N@@H+](C)CC3)c2)cc1,5.715611,-6.085037
360,mol320,-12.05,c1ccc(-c2ccc(-c3c[nH]c4ncc(-c5ccn[nH]5)cc34)cc2)cc1,c1ccc(-c2ccc(-c3c[nH]c4ncc(-c5ccn[nH]5)cc34)cc2)cc1,6.210791,-5.976549
240,mol300,-12.05,Cc1cc(NS(=O)(=O)c2ccccc2Cl)ccc1NC(=O)c1cccc(Nc2ccccc2)c1,Cc1cc(NS(=O)(=O)c2ccccc2Cl)ccc1NC(=O)c1cccc(Nc2ccccc2)c1,6.321545,-5.753183
730,mol355,-12.05,NC(=O)c1ccc(C(=O)Nc2ccc(Oc3ccnc4cc(Cl)ccc34)cc2)cc1,NC(=O)c1ccc(C(=O)Nc2ccc(Oc3ccnc4cc(Cl)ccc34)cc2)cc1,6.067929,-6.6839504
810,mol178,-12.05,Cc1ccc(C(=O)Nc2cccc(C(F)(F)F)c2)cc1C#Cc1ccc2nc(NC3CC3)ncc2c1,Cc1ccc(C(=O)Nc2cccc(C(F)(F)F)c2)cc1C#Cc1ccc2nc(NC3CC3)ncc2c1,6.5935206,-6.7311015
900,mol299,-12.04,Cc1ccc(C(=O)Nc2ccc(Nc3ccc4ncccc4n3)cc2)cc1,Cc1ccc(C(=O)Nc2ccc(Nc3ccc4ncccc4n3)cc2)cc1,6.1559787,-5.7181635
510,mol214,-12.04,Cc1ccc(Oc2cccc(-c3nc4ccccc4c(=O)[nH]3)c2)cc1F,Cc1ccc(Oc2cccc(-c3nc4ccccc4c(=O)[nH]3)c2)cc1F,6.8796816,-6.3580294
440,mol120,-12.04,Cc1cc(C)n(-c2ncc(C(=O)c3cccc(C(=O)NCc4ccc(C(=O)O)cc4)c3)s2)c1,Cc1cc(C)n(-c2ncc(C(=O)c3cccc(C(=O)NCc4ccc(C(=O)O)cc4)c3)s2)c1,6.5237417,-5.157621
850,mol252,-12.04,Cc1ccc(NC(=O)Nc2ccc(C(C)(C)C)cc2)cc1Nc1ccnc(-c2cccnc2)n1,Cc1ccc(NC(=O)Nc2ccc(C(C)(C)C)cc2)cc1Nc1ccnc(-c2cccnc2)n1,6.5060253,-6.5385165
280,mol254,-12.04,Cc1cc(OCCCc2c(O[C@H]3CC[C@@H]([NH+](C)C)CC3)c3ccccc3n(CC(=O)Nc3cccc(C(F)(F)F)c3)c2=O)ccc1-c1cccc(C(F)(F)F)c1,Cc1cc(OCCCc2c(O[C@H]3CC[C@@H]([NH+](C)C)CC3)c3ccccc3n(CC(=O)Nc3cccc(C(F)(F)F)c3)c2=O)ccc1-c1cccc(C(F)(F)F)c1,6.8423896,-6.6276774
310,mol386,-12.04,Cc1ccc(Nc2nc(N)c(C(=O)Nc3ccc4c(c3)nc(Cc3ccccc3)n4Cc3ccccc3)s2)cc1,Cc1ccc(Nc2nc(N)c(C(=O)Nc3ccc4c(c3)nc(Cc3ccccc3)n4Cc3ccccc3)s2)cc1,6.0231776,-6.810717
790,mol233,-12.04,CCc1ccc(Cc2cccc(C(=O)NCc3ccccc3C(C)(C)O)c2)cc1,CCc1ccc(Cc2cccc(C(=O)NCc3ccccc3C(C)(C)O)c2)cc1,6.821786,-6.069126
820,mol368,-12.04,CCOc1ccc(C(C)=O)cc1-c1ccnc(Nc2ccc(C(=O)NCc3ccccc3)cc2C(=O)O)n1,CCOc1ccc(C(C)=O)cc1-c1ccnc(Nc2ccc(C(=O)NCc3ccccc3)cc2C(=O)O)n1,6.5912743,-5.79247
490,mol374,-12.04,Cc1cccc(-c2nnc(-c3cccc(C(=O)Nc4cccc(S(N)(=O)=O)c4)c3)n2CC(=O)O)c1,Cc1cccc(-c2nnc(-c3cccc(C(=O)Nc4cccc(S(N)(=O)=O)c4)c3)n2CC(=O)O)c1,6.253525,-4.330224
470,mol130,-12.04,Cc1cccc(Nc2nccc(Nc3ccc4c(ccn4Cc4ccccc4)c3)n2)c1,Cc1cccc(Nc2nccc(Nc3ccc4c(ccn4Cc4ccccc4)c3)n2)c1,6.118957,-5.884921
960,mol442,-12.04,Cc1nc(C)c(-c2ccc(C(=O)Nc3ccc(Oc4ncccc4C)cc3)cc2)s1,Cc1nc(C)c(-c2ccc(C(=O)Nc3ccc(Oc4ncccc4C)cc3)cc2)s1,6.609159,-6.474959
310,mol414,-12.04,Cc1ccc(NC(=O)Cc2ccc(Nc3ncnc4ccc(N)cc34)cc2)cc1,Cc1ccc(NC(=O)Cc2ccc(Nc3ncnc4ccc(N)cc34)cc2)cc1,6.525193,-5.5247097
680,mol226,-12.04,CNC(=O)CNC(=O)c1cnc(Nc2ccc(NC(=O)Nc3ccccc3)cc2)nc1NCc1cccc(Cl)c1,CNC(=O)CNC(=O)c1cnc(Nc2ccc(NC(=O)Nc3ccccc3)cc2)nc1NCc1cccc(Cl)c1,6.1988835,-5.8201637
520,mol16,-12.04,Cc1cccc(Nc2cc(N)nc(Nc3cccc4ccccc34)n2)c1,Cc1cccc(Nc2cc(N)nc(Nc3cccc4ccccc34)n2)c1,6.183754,-6.216726
420,mol217,-12.04,Cc1nc(Nc2ncc(C(=O)Nc3cccc(C(=O)NCc4ccccc4)c3)s2)cc(N(C)c2cccc(Cl)c2)n1,Cc1nc(Nc2ncc(C(=O)Nc3cccc(C(=O)NCc4ccccc4)c3)s2)cc(N(C)c2cccc(Cl)c2)n1,6.545066,-6.4419093
260,mol118,-12.04,Cc1ccc(C(=O)Nc2ccccc2C(=O)Nc2ccc(S(=O)(=O)Nc3nccc(=O)[nH]3)cc2)cc1,Cc1ccc(C(=O)Nc2ccccc2C(=O)Nc2ccc(S(=O)(=O)Nc3nccc(=O)[nH]3)cc2)cc1,6.0334215,-6.636626
430,mol347,-12.04,Cc1ccc(C(=O)Nc2ccc(S(=O)(=O)Nc3nccs3)cc2)cc1Nc1ncnc2ccccc12,Cc1ccc(C(=O)Nc2ccc(S(=O)(=O)Nc3nccs3)cc2)cc1Nc1ncnc2ccccc12,6.7331767,-6.418105
50,mol6,-12.04,Nc1cc(-c2cccc(C(=O)O)c2)ccc1N1CCN(c2ccccc2)CC1,Nc1cc(-c2cccc(C(=O)O)c2)ccc1N1CCN(c2ccccc2)CC1,6.2474475,-4.065985
890,mol109,-12.04,COc1cccc(-c2ccc(Oc3ccc(-c4ccccc4)cc3)cc2C(=O)O)c1,COc1cccc(-c2ccc(Oc3ccc(-c4ccccc4)cc3)cc2C(=O)O)c1,6.251519,-6.7443786
190,mol255,-12.04,Nc1cc(-c2ccc(F)cc2)cc(-c2ccc(C(=O)N[C@@H](Cc3ccccc3)C(=O)O)cc2)n1,Nc1cc(-c2ccc(F)cc2)cc(-c2ccc(C(=O)N[C@@H](Cc3ccccc3)C(=O)O)cc2)n1,6.3268113,-5.2994165
310,mol43,-12.04,Cc1cccc(NC(=O)c2cnc(Nc3cc(N4C[C@@H](c5ccccc5)[C@@H](S(=O)(=O)c5ccccc5)C4)nc(C)n3)s2)c1,Cc1cccc(NC(=O)c2cnc(Nc3cc(N4C[C@@H](c5ccccc5)[C@@H](S(=O)(=O)c5ccccc5)C4)nc(C)n3)s2)c1,6.3554564,-6.3759065
480,mol218,-12.04,Cc1cccc(-n2nc(C(=O)NCC(=O)N3CCN(c4ccccc4)CC3)cc2NC(=O)Nc2ccc(Cc3nnc(N)[nH]3)cc2)c1,Cc1cccc(-n2nc(C(=O)NCC(=O)N3CCN(c4ccccc4)CC3)cc2NC(=O)Nc2ccc(Cc3nnc(N)[nH]3)cc2)c1,6.753309,-4.8881564
480,mol420,-12.04,CN(C)S(=O)(=O)c1ccc(-c2ncc(Cl)c(Nc3ccc(C(=O)N4CCC(C(=O)O)CC4)cc3)n2)cc1,CN(C)S(=O)(=O)c1ccc(-c2ncc(Cl)c(Nc3ccc(C(=O)N4CCC(C(=O)O)CC4)cc3)n2)cc1,7.3581843,-4.1807075
670,mol481,-12.04,Cc1cccc(C(=O)Nc2cccc(C(=O)Nc3cccc(C(=O)O)c3)c2)c1,Cc1cccc(C(=O)Nc2cccc(C(=O)Nc3cccc(C(=O)O)c3)c2)c1,6.7826676,-4.9614425
870,mol290,-12.04,COc1cccc(-c2cccc([C@H](O)c3ccc4ncccc4c3)c2)c1,COc1cccc(-c2cccc([C@H](O)c3ccc4ncccc4c3)c2)c1,5.8982444,-5.495682
390,mol488,-12.04,Cc1ccc(F)cc1C(=O)Nc1cnc(Nc2ccc(N3CCNC(=O)C3)cc2)nc1,Cc1ccc(F)cc1C(=O)Nc1cnc(Nc2ccc(N3CCNC(=O)C3)cc2)nc1,6.6688523,-4.82668
620,mol394,-12.04,Cc1ccc(Oc2cccc(Nc3ncc(-c4ccccc4[N+](=O)O)o3)c2)cc1C,Cc1ccc(Oc2cccc(Nc3ncc(-c4ccccc4[N+](=O)O)o3)c2)cc1C,7.023641,-7.2941666
970,mol161,-12.04,Cc1cccc(Oc2nc(Nc3ccc([SH](N)(=O)Cc4ccccc4)cc3)nc3[nH]cnc23)c1,Cc1cccc(Oc2nc(Nc3ccc([SH](N)(=O)Cc4ccccc4)cc3)nc3[nH]cnc23)c1,6.715838,-6.0769634
780,mol270,-12.04,CCc1ccc(Nc2nc(-c3cccc(C(=O)Nc4cccc(C(=O)NCCO)c4)c3)nc3ccccc23)cc1,CCc1ccc(Nc2nc(-c3cccc(C(=O)Nc4cccc(C(=O)NCCO)c4)c3)nc3ccccc23)cc1,6.284301,-5.796991
250,mol151,-12.04,Nc1nc(Nc2ccc(S(=O)(=O)Nc3ccc(CC(=O)N4CCOCC4)cc3)cc2)sc1C(=O)c1c(F)cccc1F,Nc1nc(Nc2ccc(S(=O)(=O)Nc3ccc(CC(=O)N4CCOCC4)cc3)cc2)sc1C(=O)c1c(F)cccc1F,6.710577,-4.8709106
360,mol435,-12.04,CC(C)[C@H](NS(=O)(=O)c1ccc(-c2ccc(Nc3ncc(C(N)=O)c4c3CCCC4)cc2)cc1)C(=O)O,CC(C)[C@H](NS(=O)(=O)c1ccc(-c2ccc(Nc3ncc(C(N)=O)c4c3CCCC4)cc2)cc1)C(=O)O,6.8749666,-4.937543
720,mol254,-12.04,Cc1cccc(C(=O)Nc2ccc(C[N@H+]3CC[N@H+](C)CC3)c(C(=O)Nc3ccc(C(N)N)cc3)c2)c1,Cc1cccc(C(=O)Nc2ccc(C[N@H+]3CC[N@H+](C)CC3)c(C(=O)Nc3ccc(C(N)N)cc3)c2)c1,6.780596,-2.3440943
890,mol378,-12.04,Cc1ccc(C(=O)Nc2cc(C(N)=O)cc(C(F)(F)F)c2)cc1NC(=O)c1cnccc1C(F)(F)F,Cc1ccc(C(=O)Nc2cc(C(N)=O)cc(C(F)(F)F)c2)cc1NC(=O)c1cnccc1C(F)(F)F,6.425806,-6.600025
950,mol394,-12.04,COc1ccccc1N1CCN(S(=O)(=O)c2cccc(Nc3nc4ccc(C(C)C)cc4n3Cc3ccccc3)c2)CC1,COc1ccccc1N1CCN(S(=O)(=O)c2cccc(Nc3nc4ccc(C(C)C)cc4n3Cc3ccccc3)c2)CC1,6.1787205,-6.2685666
220,mol87,-12.04,Cc1cc(=O)oc2cc(NC(=O)c3ccc(C(=O)Nc4cc(C(=O)NCc5ccccc5)ccc4F)cc3)c(OCC[NH+](C)C)cc12,Cc1cc(=O)oc2cc(NC(=O)c3ccc(C(=O)Nc4cc(C(=O)NCc5ccccc5)ccc4F)cc3)c(OCC[NH+](C)C)cc12,6.9245186,-5.5805907
110,mol23,-12.04,Cc1ccc(Oc2cccc(NC(=O)c3ccc(F)cc3)c2)cc1NC(=O)c1ccccc1,Cc1ccc(Oc2cccc(NC(=O)c3ccc(F)cc3)c2)cc1NC(=O)c1ccccc1,6.180393,-7.1533318
320,mol465,-12.04,Cc1cc(Nc2ncc3ccc(NC4CC[NH2+]CC4)nc3n2)cc(-c2cccc(NC(=O)CC#N)c2)c1,Cc1cc(Nc2ncc3ccc(NC4CC[NH2+]CC4)nc3n2)cc(-c2cccc(NC(=O)CC#N)c2)c1,7.169275,-4.894137
950,mol289,-12.04,Cc1cn(CCNC(=O)Nc2cccc(-c3cncc(C(=O)c4ccccc4)c3)c2)cn1,Cc1cn(CCNC(=O)Nc2cccc(-c3cncc(C(=O)c4ccccc4)c3)c2)cn1,6.316024,-4.965446
910,mol345,-12.04,Cc1ccc(-c2nc(N)c(C(=O)Nc3ccc(Oc4ccncc4)cc3)s2)cc1,Cc1ccc(-c2nc(N)c(C(=O)Nc3ccc(Oc4ccncc4)cc3)s2)cc1,6.130802,-6.1896005
990,mol293,-12.04,C[C@@H](Oc1cccc(-c2nnc(-c3ccc(O)c(C(C)(C)C)c3)[nH]2)c1)C(=O)Nc1ccc(C(N)N)cc1,C[C@@H](Oc1cccc(-c2nnc(-c3ccc(O)c(C(C)(C)C)c3)[nH]2)c1)C(=O)Nc1ccc(C(N)N)cc1,6.5448637,-5.866406
490,mol93,-12.04,CCCC(=O)Nc1cccc(Oc2nc(Nc3ccnc(NC(=O)c4cccc(C(=O)O)c4)c3)cc(N[C@H]3CC[C@H](O)CC3)n2)c1,CCCC(=O)Nc1cccc(Oc2nc(Nc3ccnc(NC(=O)c4cccc(C(=O)O)c4)c3)cc(N[C@H]3CC[C@H](O)CC3)n2)c1,7.467839,-5.8341775
350,mol387,-12.04,Cc1cccc(-c2cn(-c3ccc(C(=O)c4cccc(C(=O)O)c4)cc3)cc2-c2ccnc(N)c2)c1,Cc1cccc(-c2cn(-c3ccc(C(=O)c4cccc(C(=O)O)c4)cc3)cc2-c2ccnc(N)c2)c1,5.9427605,-5.50211
690,mol274,-12.04,Cc1ccc(NC(=O)c2cccc(C(F)(F)F)c2)cc1-c1ccc(NCc2ccc(S(=O)(=O)C3CC3)cc2)cn1,Cc1ccc(NC(=O)c2cccc(C(F)(F)F)c2)cc1-c1ccc(NCc2ccc(S(=O)(=O)C3CC3)cc2)cn1,6.3851514,-5.984726
970,mol477,-12.04,Cc1cccc(CNC(=O)c2cc(C(=O)Nc3cccc(C(=O)NCc4ccccc4)c3)ccn2)c1,Cc1cccc(CNC(=O)c2cc(C(=O)Nc3cccc(C(=O)NCc4ccccc4)c3)ccn2)c1,5.8526,-5.861204
970,mol92,-12.04,Cc1ccc(Oc2ccc(-c3cc(-c4ccc(O)cc4)ncn3)cc2)cc1,Cc1ccc(Oc2ccc(-c3cc(-c4ccc(O)cc4)ncn3)cc2)cc1,6.1705,-5.927262
350,mol468,-12.04,Cc1ccc(C(=O)Nc2cccc(C(F)(F)F)c2)cc1-c1ccc(-c2nnc(N)o2)cc1,Cc1ccc(C(=O)Nc2cccc(C(F)(F)F)c2)cc1-c1ccc(-c2nnc(N)o2)cc1,6.224663,-6.16076
740,mol150,-12.04,Cc1ccccc1Cc1ccc(NC(=O)c2cccc(C(=O)O)c2)cc1,Cc1ccccc1Cc1ccc(NC(=O)c2cccc(C(=O)O)c2)cc1,6.5212603,-4.519818
530,mol440,-12.04,Cc1ncc(-c2ncc(C(=O)NCc3cccc(C(=O)Nc4cccc(C(=O)O)c4)c3)s2)cc1NS(C)(=O)=O,Cc1ncc(-c2ncc(C(=O)NCc3cccc(C(=O)Nc4cccc(C(=O)O)c4)c3)s2)cc1NS(C)(=O)=O,7.265097,-5.6545787
880,mol429,-12.04,Cc1ccc(NC(=O)c2ccc(F)c(Nc3ncc(-c4cccnc4)c(-c4ccc(C(=O)O)cc4)n3)c2)cc1C,Cc1ccc(NC(=O)c2ccc(F)c(Nc3ncc(-c4cccnc4)c(-c4ccc(C(=O)O)cc4)n3)c2)cc1C,6.53138,-6.2748713
80,mol299,-12.04,Nc1c(C(=O)Nc2ccc(S(=O)(=O)c3ccccc3)cc2)sc2nc(-c3ccc(Cl)cc3)ccc12,Nc1c(C(=O)Nc2ccc(S(=O)(=O)c3ccccc3)cc2)sc2nc(-c3ccc(Cl)cc3)ccc12,6.4190626,-6.699536
80,mol280,-12.04,Brc1ccc2c(Nc3ccc(-c4cn[nH]c4-c4ccccc4)cc3)ccnc2c1,Brc1ccc2c(Nc3ccc(-c4cn[nH]c4-c4ccccc4)cc3)ccnc2c1,5.8400693,-6.446293
540,mol165,-12.04,Cc1cc(Nc2ccc(S(N)(=O)=O)cc2)c2nc3ccc(OCc4ccccc4)cc3nc2c1,Cc1cc(Nc2ccc(S(N)(=O)=O)cc2)c2nc3ccc(OCc4ccccc4)cc3nc2c1,6.248629,-5.9497848
810,mol189,-12.04,Cc1cccc(C(=O)Nc2cccc(C(=O)NCc3ccc4c(c3)OCO4)c2)c1,Cc1cccc(C(=O)Nc2cccc(C(=O)NCc3ccc4c(c3)OCO4)c2)c1,6.239109,-5.117995
540,mol267,-12.04,Cc1cccc(Nc2nccc(Nc3ccc4c(c3)CC(=O)N4)n2)c1C,Cc1cccc(Nc2nccc(Nc3ccc4c(c3)CC(=O)N4)n2)c1C,6.446149,-4.634887
140,mol145,-12.04,Cc1cc(Nc2cc(-c3ccccc3C(=O)O)ccn2)ccc1C(=O)O,Cc1cc(Nc2cc(-c3ccccc3C(=O)O)ccn2)ccc1C(=O)O,6.797002,-4.081829
460,mol492,-12.04,Cc1ccc(Nc2nccc(-c3cccnc3)n2)cc1C(=O)NS(=O)(=O)c1cc(F)ccc1F,Cc1ccc(Nc2nccc(-c3cccnc3)n2)cc1C(=O)NS(=O)(=O)c1cc(F)ccc1F,6.3163314,-5.244494
170,mol224,-12.04,Cc1nc(Nc2ncc(C(=O)Nc3ccc(Oc4ccccc4)cc3)s2)cc(N2CCN(C(=O)Cc3ccccc3)CC2)n1,Cc1nc(Nc2ncc(C(=O)Nc3ccc(Oc4ccccc4)cc3)s2)cc(N2CCN(C(=O)Cc3ccccc3)CC2)n1,6.593828,-6.7507677
600,mol367,-12.04,CCCc1ccc(Nc2nccc(Cc3ccnc4cc(Cl)ccc34)n2)cc1,CCCc1ccc(Nc2nccc(Cc3ccnc4cc(Cl)ccc34)n2)cc1,6.556368,-6.0729523
1000,mol446,-12.04,CNc1cccc(-c2ccc(Oc3ccc(Oc4ccccc4)cc3)cc2C(=O)O)c1,CNc1cccc(-c2ccc(Oc3ccc(Oc4ccccc4)cc3)cc2C(=O)O)c1,6.6242266,-6.40789
560,mol123,-12.04,Cc1ccc(Nc2nccc(Nc3cc(Cc4ccccc4)ncn3)n2)cc1NC(=O)c1cnccn1,Cc1ccc(Nc2nccc(Nc3cc(Cc4ccccc4)ncn3)n2)cc1NC(=O)c1cnccn1,6.597241,-5.4717464
280,mol385,-12.04,c1ccc(-c2[nH]ncc2-c2ccc(Nc3cccc4ccccc34)cc2)cc1,c1ccc(-c2[nH]ncc2-c2ccc(Nc3cccc4ccccc34)cc2)cc1,5.935688,-6.676578
340,mol164,-12.04,Cc1ccc(-n2nc(C(=O)Nc3ccc(Oc4ccncc4)cc3)cc2-c2ccc(NC(=O)c3ccc4ccccc4n3)cc2)cc1,Cc1ccc(-n2nc(C(=O)Nc3ccc(Oc4ccncc4)cc3)cc2-c2ccc(NC(=O)c3ccc4ccccc4n3)cc2)cc1,6.453994,-7.137027
290,mol64,-12.04,Cc1cc2c(C3CC3)nc(Nc3cccc(C(=O)Nc4cccc(C(F)(F)F)c4)c3)nc2s1,Cc1cc2c(C3CC3)nc(Nc3cccc(C(=O)Nc4cccc(C(F)(F)F)c4)c3)nc2s1,6.7657766,-6.7937326
490,mol337,-12.04,O=C(CC(=O)Nc1nc(CC(=O)Nc2ccc(C[NH2+]C(=O)c3cccc(C(F)(F)F)c3)cc2)c(-c2ccc(Cl)cc2)[nH]1)Nc1cccc(O)c1,O=C(CC(=O)Nc1nc(CC(=O)Nc2ccc(C[NH2+]C(=O)c3cccc(C(F)(F)F)c3)cc2)c(-c2ccc(Cl)cc2)[nH]1)Nc1cccc(O)c1,6.7562394,-6.9749265
500,mol459,-12.04,NC(N)c1ccc(O)c(Nc2nccc(Nc3ccc(C(=O)NCc4ccccc4)cc3)n2)c1,NC(N)c1ccc(O)c(Nc2nccc(Nc3ccc(C(=O)NCc4ccccc4)cc3)n2)c1,6.4000926,-4.383886
290,mol499,-12.04,Cc1ccc(C(=O)Nc2ccc(Oc3ccc(NC(=O)c4ccccc4)cc3)cc2)cc1,Cc1ccc(C(=O)Nc2ccc(Oc3ccc(NC(=O)c4ccccc4)cc3)cc2)cc1,6.2259736,-7.0595937
750,mol397,-12.04,Cc1ccc(O)cc1NC(=O)c1ccc(NC(=O)c2ccc(C(F)(F)F)cc2)cc1,Cc1ccc(O)cc1NC(=O)c1ccc(NC(=O)c2ccc(C(F)(F)F)cc2)cc1,6.4967594,-6.1466475
750,mol287,-12.04,Cc1ccc(C(=O)c2ccc(Oc3ccccc3)cc2)cc1NC(=O)c1ccccc1F,Cc1ccc(C(=O)c2ccc(Oc3ccccc3)cc2)cc1NC(=O)c1ccccc1F,6.112912,-7.2585697
120,mol199,-12.04,Cc1nc(-c2ccccc2)sc1C(=O)Nc1ccc(C(=O)Nc2ccc(N3CC[NH+](C)CC3)cc2)cc1,Cc1nc(-c2ccccc2)sc1C(=O)Nc1ccc(C(=O)Nc2ccc(N3CC[NH+](C)CC3)cc2)cc1,6.3467584,-4.8228307
490,mol59,-12.04,Cc1ccc(C(=O)Nc2ccc(S(=O)(=O)Nc3ncccn3)cc2)cc1Nc1ncnc2ccccc12,Cc1ccc(C(=O)Nc2ccc(S(=O)(=O)Nc3ncccn3)cc2)cc1Nc1ncnc2ccccc12,6.6831284,-5.8347654
270,mol304,-12.04,Cc1cccc(-c2ccc(C(=O)Nc3ccc(OCc4ccccc4)c(C#N)c3)cc2)c1,Cc1cccc(-c2ccc(C(=O)Nc3ccc(OCc4ccccc4)c(C#N)c3)cc2)c1,5.8969183,-7.8310466
550,mol36,-12.03,CN(Cc1ccc(Cl)cc1)C(=O)c1ccc(NC(=O)N2Cc3ccccc3C2)cc1,CN(Cc1ccc(Cl)cc1)C(=O)c1ccc(NC(=O)N2Cc3ccccc3C2)cc1,6.275771,-5.7419677
710,mol62,-12.03,Cc1ccccc1CNc1ccc(C(=O)Nc2ccc(C(=O)O)cc2C(=O)O)c(N)c1,Cc1ccccc1CNc1ccc(C(=O)Nc2ccc(C(=O)O)cc2C(=O)O)c(N)c1,6.4596853,-5.311988
660,mol147,-12.03,Cc1cc(NC(=O)CCC(=O)N2CCN(c3ccc([N+](=O)[O-])cc3)CC2)cc(C)c1O,Cc1cc(NC(=O)CCC(=O)N2CCN(c3ccc([N+](=O)[O-])cc3)CC2)cc(C)c1O,6.8870206,-5.015365
290,mol21,-12.03,Cc1cc(N)cc(Nc2cc(Nc3ccc(N4CC[C@@H]([NH+](C)C)C4)cc3)nn3cccc23)c1,Cc1cc(N)cc(Nc2cc(Nc3ccc(N4CC[C@@H]([NH+](C)C)C4)cc3)nn3cccc23)c1,6.316644,-4.1054816
710,mol255,-12.03,Cc1cccc(Nc2nc(Nc3ccc4ccccc4n3)nc3[nH]ccc23)c1,Cc1cccc(Nc2nc(Nc3ccc4ccccc4n3)nc3[nH]ccc23)c1,6.3539753,-6.061794
660,mol420,-12.03,CN(CCOc1ccc([C@@H]2OC(=O)Nc3cc(NC(=O)[C@H]4CCC(=O)N4)ccc3[C@@H]3CC[N@H+]32)cc1)S(=O)(=O)c1ccc(B(O)O)cc1,CN(CCOc1ccc([C@@H]2OC(=O)Nc3cc(NC(=O)[C@H]4CCC(=O)N4)ccc3[C@@H]3CC[N@H+]32)cc1)S(=O)(=O)c1ccc(B(O)O)cc1,7.6555614,-3.373538
660,mol485,-12.03,C[C@@H](Sc1nnc(-c2ccc3ccccc3c2)o1)C(=O)Nc1ccc([N+](=O)[O-])cc1,C[C@@H](Sc1nnc(-c2ccc3ccccc3c2)o1)C(=O)Nc1ccc([N+](=O)[O-])cc1,5.67791,-6.3923173
730,mol464,-12.03,Cc1ccc(C(=O)NCCC(=O)N2CC(=O)Nc3ccccc32)cc1C(F)(F)F,Cc1ccc(C(=O)NCCC(=O)N2CC(=O)Nc3ccccc32)cc1C(F)(F)F,6.677624,-5.022312
30,mol238,-12.03,Cc1cc(Nc2ncc(C(F)(F)F)c(C(F)(F)F)n2)ccc1NC(=O)c1ccc2nc(NC(=O)C3CC3)sc2c1,Cc1cc(Nc2ncc(C(F)(F)F)c(C(F)(F)F)n2)ccc1NC(=O)c1ccc2nc(NC(=O)C3CC3)sc2c1,7.155468,-6.900065
880,mol209,-12.03,CS(=O)(=O)c1cccc(-c2ccc(C[N@H+]3CC[C@H](c4ccc(C(=O)O)cc4)CC3)cc2)c1,CS(=O)(=O)c1cccc(-c2ccc(C[N@H+]3CC[C@H](c4ccc(C(=O)O)cc4)CC3)cc2)c1,6.7664433,-3.4666076
690,mol407,-12.03,Cc1ccccc1-c1ncc(-c2ccnc(Nc3cccc(C(=O)NCC[NH+]4CCCC4)c3)n2)s1,Cc1ccccc1-c1ncc(-c2ccnc(Nc3cccc(C(=O)NCC[NH+]4CCCC4)c3)n2)s1,7.237599,-3.4309838
400,mol361,-12.03,COc1ncc(-c2ccc(NC(=O)c3ccc4nc(NC(=O)CCN5CCN(Cc6ccccc6)CC5)sc4n3)cc2)cc1F,COc1ncc(-c2ccc(NC(=O)c3ccc4nc(NC(=O)CCN5CCN(Cc6ccccc6)CC5)sc4n3)cc2)cc1F,7.542711,-6.329038
200,mol80,-12.03,Nc1ccc(CNS(=O)(=O)c2cc(-c3ccc4ccccc4n3)ccc2F)cn1,Nc1ccc(CNS(=O)(=O)c2cc(-c3ccc4ccccc4n3)ccc2F)cn1,6.565276,-4.5304728
210,mol241,-12.03,Cc1cc(Nc2nc(OCCc3ccc(C(=O)Nc4ccccc4S(N)(=O)=O)cc3)ncc2Br)n(-c2cccc(C(N)N)c2)n1,Cc1cc(Nc2nc(OCCc3ccc(C(=O)Nc4ccccc4S(N)(=O)=O)cc3)ncc2Br)n(-c2cccc(C(N)N)c2)n1,7.164794,-5.730051
30,mol6,-12.03,Clc1ccc2c(Nc3ccc(-c4cn[nH]c4-c4ccccn4)cc3)ccnc2c1,Clc1ccc2c(Nc3ccc(-c4cn[nH]c4-c4ccccn4)cc3)ccnc2c1,5.9303007,-6.1045594
890,mol120,-12.03,Cc1cc(C)c(Nc2nccc(-c3c[nH]c4ncccc34)n2)c(C)c1,Cc1cc(C)c(Nc2nccc(-c3c[nH]c4ncccc34)n2)c(C)c1,6.4734874,-4.6583767
960,mol190,-12.03,Cc1cccc(CNc2cccc(-c3cccc(CNC(=O)CCCc4ccccc4)c3)c2)c1,Cc1cccc(CNc2cccc(-c3cccc(CNC(=O)CCCc4ccccc4)c3)c2)c1,5.5382833,-6.416521
480,mol352,-12.03,CC(=O)Nc1ccc(-c2ccc(C(=O)N[C@H](CO)Cc3ccc(O)cc3)cc2)cc1,CC(=O)Nc1ccc(-c2ccc(C(=O)N[C@H](CO)Cc3ccc(O)cc3)cc2)cc1,5.9929795,-4.211554
720,mol468,-12.03,Cc1ccc(C(=O)Nc2ccc(Oc3ccnc4ccccc34)c(C(F)(F)F)c2)cc1,Cc1ccc(C(=O)Nc2ccc(Oc3ccnc4ccccc34)c(C(F)(F)F)c2)cc1,6.4527273,-7.029089
280,mol464,-12.03,Cc1ccc(NC(=O)c2cccc(NC(=O)c3cccnc3)cc2=O)cc1,Cc1ccc(NC(=O)c2cccc(NC(=O)c3cccnc3)cc2=O)cc1,6.3705335,-5.1877646
890,mol99,-12.03,Cc1cccc(-c2cc(NC(=O)c3ccc(C(N)N)cc3)ncn2)c1,Cc1cccc(-c2cc(NC(=O)c3ccc(C(N)N)cc3)ncn2)c1,6.5593657,-3.9141004
500,mol99,-12.03,Cc1ccc(Nc2ccc(C(=O)NO)cn2)cc1Nc1nccc(-c2cccnc2)n1,Cc1ccc(Nc2ccc(C(=O)NO)cn2)cc1Nc1nccc(-c2cccnc2)n1,6.6766973,-5.455514
410,mol147,-12.03,Cc1cccc(C)c1OCC(=O)Nc1cccc(-c2nnc(-c3ccc(C(=O)O)cc3)s2)c1,Cc1cccc(C)c1OCC(=O)Nc1cccc(-c2nnc(-c3ccc(C(=O)O)cc3)s2)c1,6.6249385,-5.4654794
400,mol307,-12.03,Cc1cc(C#N)ccc1Nc1nccc(Nc2cccc(C(=O)NCc3ccccc3)c2)n1,Cc1cc(C#N)ccc1Nc1nccc(Nc2cccc(C(=O)NCc3ccccc3)c2)n1,6.5699615,-6.4282265
960,mol319,-12.03,Cc1cc(Nc2cnc(NCCCc3ccc(Cl)c(Cl)c3)nc2)cc(-c2cnc3[nH]ccc3n2)n1,Cc1cc(Nc2cnc(NCCCc3ccc(Cl)c(Cl)c3)nc2)cc(-c2cnc3[nH]ccc3n2)n1,6.871074,-5.9640117
990,mol176,-12.03,COc1ccc(-c2nc(O)c(Cc3ccc(C(=O)c4cccc(Oc5ccccc5)c4)cc3)c(=O)[nH]2)cc1,COc1ccc(-c2nc(O)c(Cc3ccc(C(=O)c4cccc(Oc5ccccc5)c4)cc3)c(=O)[nH]2)cc1,5.8172936,-7.214175
260,mol383,-12.03,Cc1ccc(Nc2nccc(-c3ccc(C(=O)NCCC[N@H+]4CC[N@H+](C)CC4)cc3)n2)c(C)c1,Cc1ccc(Nc2nccc(-c3ccc(C(=O)NCCC[N@H+]4CC[N@H+](C)CC4)cc3)n2)c(C)c1,6.708707,-2.8679745
430,mol404,-12.03,NC(=O)c1cccc(Nc2ncc3ccc(-c4ccccc4)nc3n2)c1,NC(=O)c1cccc(Nc2ncc3ccc(-c4ccccc4)nc3n2)c1,6.6120415,-4.449169
180,mol301,-12.03,Cc1cc(Br)c(C(=O)Nc2cccc(C(=O)Nc3ccc(Oc4ccncc4)cc3)c2)o1,Cc1cc(Br)c(C(=O)Nc2cccc(C(=O)Nc3ccc(Oc4ccncc4)cc3)c2)o1,6.3744764,-6.848044
430,mol291,-12.03,Cc1ccc(C(=O)Nc2ncc(Cc3ccc(F)cc3)s2)cc1NC(=O)c1cccc(C(=O)O)c1,Cc1ccc(C(=O)Nc2ncc(Cc3ccc(F)cc3)s2)cc1NC(=O)c1cccc(C(=O)O)c1,6.802703,-6.095508
600,mol195,-12.03,CC(=O)c1cccc(NC(=O)c2cccc(Nc3ccnc4ccccc34)c2)c1,CC(=O)c1cccc(NC(=O)c2cccc(Nc3ccnc4ccccc34)c2)c1,6.4644446,-6.0021143
180,mol437,-12.03,Nc1cc(Nc2cccc(Nc3ccnc4cc(Cl)ccc34)c2)ccc1C(=O)O,Nc1cc(Nc2cccc(Nc3ccnc4cc(Cl)ccc34)c2)ccc1C(=O)O,6.4075837,-5.708606
250,mol136,-12.03,Cc1ccc(Nc2cc(Nc3ccc([N+](=O)[O-])cc3)nc(Nc3ccc(C(=O)NCCCNc4ccnc5ncccc45)cc3)n2)cc1,Cc1ccc(Nc2cc(Nc3ccc([N+](=O)[O-])cc3)nc(Nc3ccc(C(=O)NCCCNc4ccnc5ncccc45)cc3)n2)cc1,6.6998262,-6.2360697
590,mol143,-12.03,Cc1ccc(CCC(=O)Nc2ccn(C(=O)c3cccc(C(F)(F)F)c3)n2)cc1,Cc1ccc(CCC(=O)Nc2ccn(C(=O)c3cccc(C(F)(F)F)c3)n2)cc1,6.209908,-5.6093907
170,mol177,-12.03,Cc1cccc(Nc2cc(Nc3ccc(C(=O)NCCCNC(=O)c4ccc(C(=O)O)cc4)cc3)ccn2)c1,Cc1cccc(Nc2cc(Nc3ccc(C(=O)NCCCNC(=O)c4ccc(C(=O)O)cc4)cc3)ccn2)c1,6.4809766,-5.11996
800,mol494,-12.03,Cc1cccc(C(=O)Nc2cccc(-c3nc(CCc4ccccc4)cn3C)c2)c1,Cc1cccc(C(=O)Nc2cccc(-c3nc(CCc4ccccc4)cn3C)c2)c1,5.617479,-5.8628583
170,mol271,-12.03,Cc1ccc(NC(=O)c2ccc(Nc3ncc4c(n3)N(Cc3ccccc3)CC4)cc2)cc1,Cc1ccc(NC(=O)c2ccc(Nc3ncc4c(n3)N(Cc3ccccc3)CC4)cc2)cc1,6.144325,-6.0430756
80,mol22,-12.03,Nc1cc(Nc2ccc(C(=O)O)c(C(=O)O)c2)cc(-c2cccc(C(=O)O)c2)c1,Nc1cc(Nc2ccc(C(=O)O)c(C(=O)O)c2)cc(-c2cccc(C(=O)O)c2)c1,6.7513347,-4.470311
80,mol292,-12.03,C[C@@H](C(=O)N1CCC(c2ccc(C#Cc3cccc(C(=O)O)c3)cc2)CC1)c1cccc(Oc2ccccc2)c1,C[C@@H](C(=O)N1CCC(c2ccc(C#Cc3cccc(C(=O)O)c3)cc2)CC1)c1cccc(Oc2ccccc2)c1,6.311366,-5.9250283
350,mol78,-12.03,FC(F)[C@H](Nc1ccnc2ccccc12)c1ccc(-c2ccc(NCc3ccccc3)nc2)cc1,FC(F)[C@H](Nc1ccnc2ccccc12)c1ccc(-c2ccc(NCc3ccccc3)nc2)cc1,5.5965633,-6.5115533
140,mol118,-12.03,Nc1cccc(C(=O)Nc2ncc(Nc3cc(Nc4cccc(C(F)(F)F)c4)ncn3)s2)c1,Nc1cccc(C(=O)Nc2ncc(Nc3cc(Nc4cccc(C(F)(F)F)c4)ncn3)s2)c1,6.321963,-6.4469075
170,mol434,-12.03,Cc1cc(Nc2nc(N[C@H]3CC[C@@H](O)CC3)nc(-c3ccc(C(=O)Nc4ccncc4)cc3)n2)n[nH]1,Cc1cc(Nc2nc(N[C@H]3CC[C@@H](O)CC3)nc(-c3ccc(C(=O)Nc4ccncc4)cc3)n2)n[nH]1,6.9737353,-5.3690405
380,mol24,-12.03,CN(c1ccc(S(=O)(=O)Nc2cccc(C(=O)O)c2)cc1)S(=O)(=O)c1ccc(-c2ccc(F)cc2)cc1,CN(c1ccc(S(=O)(=O)Nc2cccc(C(=O)O)c2)cc1)S(=O)(=O)c1ccc(-c2ccc(F)cc2)cc1,6.5885086,-5.52482
830,mol433,-12.03,Cc1ccc(C(=O)Nc2ccc(S(O)(O)O)c3ccccc23)cc1NC(=O)c1ccc(OCC(=O)O)cc1,Cc1ccc(C(=O)Nc2ccc(S(O)(O)O)c3ccccc23)cc1NC(=O)c1ccc(OCC(=O)O)cc1,7.01341,-5.7151823
550,mol363,-12.03,Cc1cccc(CNC(=O)c2ccc3nc([C@H]4CC[N@@H+](C)CC4)nc(NCc4cccc([N+](=O)[O-])c4)c3c2)c1,Cc1cccc(CNC(=O)c2ccc3nc([C@H]4CC[N@@H+](C)CC4)nc(NCc4cccc([N+](=O)[O-])c4)c3c2)c1,7.1019015,-4.7504263
370,mol52,-12.03,Cc1ccc(C(=O)Nc2ncc(CCO)s2)cc1NC(=O)c1cccc(N2CCCC2=O)c1,Cc1ccc(C(=O)Nc2ncc(CCO)s2)cc1NC(=O)c1cccc(N2CCCC2=O)c1,7.103667,-5.3330226
930,mol120,-12.03,CCNC(=O)c1ccc(Oc2ccc(NC(=O)Nc3ccc(C(N)N)cc3)cc2)cc1,CCNC(=O)c1ccc(Oc2ccc(NC(=O)Nc3ccc(C(N)N)cc3)cc2)cc1,6.3010335,-5.115708
930,mol4,-12.03,CCc1cc(OC(C)C)cc(-c2nc(Nc3cccc(-c4cccc(C#N)c4)c3)c3ccccc3n2)c1,CCc1cc(OC(C)C)cc(-c2nc(Nc3cccc(-c4cccc(C#N)c4)c3)c3ccccc3n2)c1,6.059946,-7.11418
370,mol495,-12.03,Cc1cccc(-n2nc(C(=O)Nc3ccc(-c4cccc(C(=O)O)c4)cc3)cc2NC(=O)Nc2cccnc2)c1,Cc1cccc(-n2nc(C(=O)Nc3ccc(-c4cccc(C(=O)O)c4)cc3)cc2NC(=O)Nc2cccnc2)c1,6.459677,-6.3852882
340,mol19,-12.03,Cc1nc(Nc2ncc(C(=O)Nc3ccc(C(=O)N[C@@H](CO)c4ccccc4)cc3)s2)cc(N2CCOCC2)n1,Cc1nc(Nc2ncc(C(=O)Nc3ccc(C(=O)N[C@@H](CO)c4ccccc4)cc3)s2)cc(N2CCOCC2)n1,7.436924,-4.3150916
160,mol177,-12.03,Cc1ccc(Nc2nccc(-c3ccc(C(=O)Nc4ccc(C(=O)O)cc4)cc3)n2)cc1C#N,Cc1ccc(Nc2nccc(-c3ccc(C(=O)Nc4ccc(C(=O)O)cc4)cc3)n2)cc1C#N,6.538062,-6.158967
450,mol410,-12.03,Cc1ccc(Nc2cc(=O)[nH]c(=O)[nH]2)cc1Nc1nccc(-c2cccnc2)n1,Cc1ccc(Nc2cc(=O)[nH]c(=O)[nH]2)cc1Nc1nccc(-c2cccnc2)n1,6.856989,-4.9535403
360,mol60,-12.03,Cc1cc(C)nc(Nc2ccc(Cc3ccnc4cc(Cl)ccc34)c(C)c2)c1,Cc1cc(C)nc(Nc2ccc(Cc3ccnc4cc(Cl)ccc34)c(C)c2)c1,6.6594863,-6.0726914
570,mol441,-12.03,Cc1ccc(Nc2ncc(C(=O)O)c(Nc3ccccc3)n2)cc1NC(=O)c1ccccc1,Cc1ccc(Nc2ncc(C(=O)O)c(Nc3ccccc3)n2)cc1NC(=O)c1ccccc1,6.4330916,-5.9169316
370,mol251,-12.03,Cc1nc(-c2ccc(C(=O)NCc3cccc(Oc4ccccc4)c3)cc2)c[nH]1,Cc1nc(-c2ccc(C(=O)NCc3cccc(Oc4ccccc4)c3)cc2)c[nH]1,6.145548,-6.2419944
350,mol219,-12.03,Cc1cc(NC(=O)c2cc(C(=O)NCc3ccccc3Cl)ccc2N)ccc1F,Cc1cc(NC(=O)c2cc(C(=O)NCc3ccccc3Cl)ccc2N)ccc1F,6.709527,-5.862461
580,mol38,-12.03,Cc1ccc(Nc2ccc(-c3ccc(C(=O)O)cc3C(=O)O)cc2F)c(N)n1,Cc1ccc(Nc2ccc(-c3ccc(C(=O)O)cc3C(=O)O)cc2F)c(N)n1,6.713054,-4.485458
820,mol265,-12.03,CC(C)[C@H](NS(=O)(=O)c1ccc(-c2ccc(CSc3nc4ccccc4c(=O)[nH]3)cc2)cc1)C(=O)NO,CC(C)[C@H](NS(=O)(=O)c1ccc(-c2ccc(CSc3nc4ccccc4c(=O)[nH]3)cc2)cc1)C(=O)NO,6.859402,-5.9784536
60,mol237,-12.03,Cc1c(C[NH+]2CCN(C(=O)Cc3cccc(Cc4ccccc4)c3)CC2)sc2ccc(Cl)cc12,Cc1c(C[NH+]2CCN(C(=O)Cc3cccc(Cc4ccccc4)c3)CC2)sc2ccc(Cl)cc12,6.4580007,-6.123665
340,mol363,-12.03,Cc1ccc(C(=O)Nc2cc(Oc3ccc(NC(=O)Nc4ccccc4)cc3)cc(C(=O)O)c2)cc1,Cc1ccc(C(=O)Nc2cc(Oc3ccc(NC(=O)Nc4ccccc4)cc3)cc(C(=O)O)c2)cc1,6.298073,-6.6262245
250,mol356,-12.03,Cc1ccc(NC(=O)c2ccc(C(=O)Nc3cccc(Oc4ccccc4)c3)o2)cc1,Cc1ccc(NC(=O)c2ccc(C(=O)Nc3cccc(Oc4ccccc4)c3)o2)cc1,5.997442,-7.197024
780,mol358,-12.03,COc1cccc(C(=O)Nc2ccc(NC(=O)c3ccc(NC(=O)c4ccncc4)cc3)cc2C(=O)O)c1,COc1cccc(C(=O)Nc2ccc(NC(=O)c3ccc(NC(=O)c4ccncc4)cc3)cc2C(=O)O)c1,6.29387,-6.362604
510,mol185,-12.03,CC(=O)Nc1cccc(-c2nc(Nc3cccc(S(=O)(=O)NC4CCCCC4)c3)sc2C(=O)O)c1,CC(=O)Nc1cccc(-c2nc(Nc3cccc(S(=O)(=O)NC4CCCCC4)c3)sc2C(=O)O)c1,6.7623897,-5.5074706
270,mol110,-12.03,[NH3+]Cc1ccc(-c2cccc3c(Nc4ccc(CO)cc4)cccc23)cc1,[NH3+]Cc1ccc(-c2cccc3c(Nc4ccc(CO)cc4)cccc23)cc1,6.3488455,-5.0014567
510,mol129,-12.03,Nc1ncccc1Nc1ccnc(Nc2ccc(C(=O)Nc3cccc(C(=O)O)c3)cc2)n1,Nc1ncccc1Nc1ccnc(Nc2ccc(C(=O)Nc3cccc(C(=O)O)c3)cc2)n1,6.340766,-5.4471006
790,mol321,-12.03,Cc1ccc(C(=O)NCc2ccc(C(=O)NCCNC(=O)c3cc4ccccc4o3)cc2)cc1,Cc1ccc(C(=O)NCc2ccc(C(=O)NCCNC(=O)c3cc4ccccc4o3)cc2)cc1,6.0155044,-5.0645657
390,mol399,-12.03,Cc1ccc(C(=O)NCc2cccc(C(=O)Nc3ccc([N+](=O)[O-])cc3)c2)cc1F,Cc1ccc(C(=O)NCc2cccc(C(=O)Nc3ccc([N+](=O)[O-])cc3)c2)cc1F,6.673684,-6.219349
640,mol127,-12.03,Cc1c(Cc2ccccc2)c(=O)oc2cc(OS(=O)(=O)c3ccc(F)cc3)ccc12,Cc1c(Cc2ccccc2)c(=O)oc2cc(OS(=O)(=O)c3ccc(F)cc3)ccc12,6.6616616,-5.842936
330,mol281,-12.03,Cc1ccc(C(=O)Nc2ccc(C(=O)O)c(Nc3ccnc4cc(Cl)ccc34)c2)cc1,Cc1ccc(C(=O)Nc2ccc(C(=O)O)c(Nc3ccnc4cc(Cl)ccc34)c2)cc1,6.391418,-6.257107
310,mol269,-12.03,Cc1ccc(C(=O)Nc2ccc(-c3ccc4nc(N)sc4n3)cc2)cc1,Cc1ccc(C(=O)Nc2ccc(-c3ccc4nc(N)sc4n3)cc2)cc1,6.008921,-5.2049785
850,mol350,-12.03,COc1cccc(-c2cccc(C(=O)Nc3ccc4ccccc4c3)c2)c1,COc1cccc(-c2cccc(C(=O)Nc3ccc4ccccc4c3)c2)c1,5.626955,-6.386629
210,mol58,-12.03,C[C@@H](Nc1nccc(Nc2cccc(OCc3cccc(C(=O)Nc4cccc(C(F)(F)F)c4)c3)c2)n1)C(C)(C)C,C[C@@H](Nc1nccc(Nc2cccc(OCc3cccc(C(=O)Nc4cccc(C(F)(F)F)c4)c3)c2)n1)C(C)(C)C,6.5087175,-6.940625
980,mol392,-12.03,Cc1cccc(-n2cc(-c3cccc(Oc4ccccc4)c3)nn2)c1,Cc1cccc(-n2cc(-c3cccc(Oc4ccccc4)c3)nn2)c1,5.667841,-5.9279914
950,mol498,-12.03,C[NH+]1CCN(c2ccc(-c3ccnc(Nc4ccc(OCc5ccccc5)cc4)n3)cc2)CC1,C[NH+]1CCN(c2ccc(-c3ccnc(Nc4ccc(OCc5ccccc5)cc4)n3)cc2)CC1,5.9269495,-4.5678654
210,mol74,-12.03,Cc1ccc(C(=O)NC2CC2)cc1NC(=O)c1ccc(-c2cc(C(N)N)ccc2-c2cnc3ccccc3n2)cc1,Cc1ccc(C(=O)NC2CC2)cc1NC(=O)c1ccc(-c2cc(C(N)N)ccc2-c2cnc3ccccc3n2)cc1,6.3299675,-6.5511923
610,mol139,-12.03,CC(=O)/C=C\c1cncc(-c2ccc(C(=O)Nc3ccc(Oc4ccccc4)cc3)cc2)c1,CC(=O)/C=C\c1cncc(-c2ccc(C(=O)Nc3ccc(Oc4ccccc4)cc3)cc2)c1,5.776114,-7.155727
650,mol277,-12.03,NC(=O)c1ccc(NC(=O)c2cccc(C(=O)NCc3ccccc3)c2)cc1,NC(=O)c1ccc(NC(=O)c2cccc(C(=O)NCc3ccccc3)c2)cc1,6.0374703,-4.2220592
980,mol172,-12.03,COc1cccc(-c2ccc3c(c2)CC#CCN/C3=N\Cc2cccc([C@H](O)c3ccccc3)c2)c1,COc1cccc(-c2ccc3c(c2)CC#CCN/C3=N\Cc2cccc([C@H](O)c3ccccc3)c2)c1,5.8033724,-6.1947813
60,mol333,-12.03,Cc1cc(C(F)(F)F)nc(/N=C/c2ccc(C(=O)Nc3ncc(C(=O)Nc4ccccc4)s3)cc2)n1,Cc1cc(C(F)(F)F)nc(/N=C/c2ccc(C(=O)Nc3ncc(C(=O)Nc4ccccc4)s3)cc2)n1,6.0974727,-6.872144
400,mol210,-12.03,CC(=O)c1ccc(-c2ccc(C[C@H](C(=O)O)c3cc(F)ccc3OCc3ccccc3)cc2)cc1,CC(=O)c1ccc(-c2ccc(C[C@H](C(=O)O)c3cc(F)ccc3OCc3ccccc3)cc2)cc1,6.3436317,-6.737682
250,mol259,-12.03,Cc1ccc(S(=O)(=O)Nc2cccc(-c3ccc(C(=O)N[C@@H](CCc4ccccc4)C(=O)O)o3)c2)cc1,Cc1ccc(S(=O)(=O)Nc2cccc(-c3ccc(C(=O)N[C@@H](CCc4ccccc4)C(=O)O)o3)c2)cc1,6.465733,-5.758966
310,mol441,-12.03,Cc1ncc(COc2ccc(C(=O)Nc3cc(C#N)ccc3N3CCCCC3)c(Cl)c2)cc1-c1ccc(NCc2cccnc2)cc1,Cc1ncc(COc2ccc(C(=O)Nc3cc(C#N)ccc3N3CCCCC3)c(Cl)c2)cc1-c1ccc(NCc2cccnc2)cc1,6.3614855,-6.563675
220,mol400,-12.03,Cc1ccc(-c2csc(NC(=O)c3ccc(-c4ccccc4)cc3)c2C#N)cc1,Cc1ccc(-c2csc(NC(=O)c3ccc(-c4ccccc4)cc3)c2C#N)cc1,6.040459,-7.7513256
220,mol92,-12.03,Nc1ccc(-c2cccnc2)cc1NC(=O)c1ccc(-c2ccccc2Cl)o1,Nc1ccc(-c2cccnc2)cc1NC(=O)c1ccc(-c2ccccc2Cl)o1,6.4449587,-6.6776457
950,mol365,-12.03,Cc1cc(C(=O)Nc2cncc(C(=O)c3cccnc3)c2)cc(-c2ccc(F)cc2)c1,Cc1cc(C(=O)Nc2cncc(C(=O)c3cccnc3)c2)cc(-c2ccc(F)cc2)c1,6.373011,-6.5955396
250,mol89,-12.03,Cc1ccc(C(=O)Nc2ccc(C(=O)N[C@H](Cc3nc4ccccc4[nH]3)C(=O)O)cc2)cc1,Cc1ccc(C(=O)Nc2ccc(C(=O)N[C@H](Cc3nc4ccccc4[nH]3)C(=O)O)cc2)cc1,6.1118894,-5.5781336
860,mol51,-12.02,Cc1ccc(NC(=O)c2cccc(-c3nc(C(N)N)cnc3N)c2)cc1Nc1ncccn1,Cc1ccc(NC(=O)c2cccc(-c3nc(C(N)N)cnc3N)c2)cc1Nc1ncccn1,6.983809,-3.941964
770,mol346,-12.02,NC(N)c1ccc(CNC(=O)Cc2ccc(CCc3csc(NC(=O)c4ccccc4)n3)cc2)cc1,NC(N)c1ccc(CNC(=O)Cc2ccc(CCc3csc(NC(=O)c4ccccc4)n3)cc2)cc1,6.2821407,-4.6549625
870,mol112,-12.02,CN(c1ccc(Oc2ccc(C(=O)O)c(C(=O)O)c2)cc1)S(=O)(=O)c1ccc(O[C@@H](c2ccccc2)C(F)(F)F)cc1,CN(c1ccc(Oc2ccc(C(=O)O)c(C(=O)O)c2)cc1)S(=O)(=O)c1ccc(O[C@@H](c2ccccc2)C(F)(F)F)cc1,6.987876,-5.240479
820,mol343,-12.02,O=C(O)c1cccc(CN2Cc3ccc(-c4cn(-c5ccccc5)nn4)cc3C2)c1,O=C(O)c1cccc(CN2Cc3ccc(-c4cn(-c5ccccc5)nn4)cc3C2)c1,6.066801,-3.879144
230,mol168,-12.02,Nc1ncc(-c2ccc(-c3ccc4ncccc4c3)cc2)c(O[C@H]2C[C@H](O)[C@H](CO)O2)n1,Nc1ncc(-c2ccc(-c3ccc4ncccc4c3)cc2)c(O[C@H]2C[C@H](O)[C@H](CO)O2)n1,6.6551347,-4.7080145
410,mol464,-12.02,Nc1ccc(CC(=O)Nc2ccc(Oc3ccc4ncccc4c3)cc2)cc1,Nc1ccc(CC(=O)Nc2ccc(Oc3ccc4ncccc4c3)cc2)cc1,6.2657275,-5.8981795
440,mol115,-12.02,Cc1ccc(NC(=O)c2ccc(CNC(=O)c3cc4ccccc4o3)cc2)cc1O,Cc1ccc(NC(=O)c2ccc(CNC(=O)c3cc4ccccc4o3)cc2)cc1O,6.2571263,-5.544132
810,mol447,-12.02,Cc1ccc(NC(=O)c2cccc(C(F)(F)F)c2)cc1NC(=O)c1cnn(-c2ccccc2)c1,Cc1ccc(NC(=O)c2cccc(C(F)(F)F)c2)cc1NC(=O)c1cnn(-c2ccccc2)c1,6.0870776,-6.788411
840,mol445,-12.02,CC(=O)N[C@H](C)CNc1ccc2ncnc(Nc3cc(C(=O)Nc4cccc(Oc5ccccc5)c4)ccc3C)c2c1,CC(=O)N[C@H](C)CNc1ccc2ncnc(Nc3cc(C(=O)Nc4cccc(Oc5ccccc5)c4)ccc3C)c2c1,6.485704,-6.611488
860,mol96,-12.02,CN(C)c1ccc(-c2ccc(Oc3ccc(-c4nc5ccccc5n4C(C)(C)C)cc3)cc2)cc1,CN(C)c1ccc(-c2ccc(Oc3ccc(-c4nc5ccccc5n4C(C)(C)C)cc3)cc2)cc1,6.3109922,-7.0571017
100,mol101,-12.02,CN(C(=O)c1c(F)cccc1Cl)c1ccc(-c2ccc(C(=O)O)cc2)s1,CN(C(=O)c1c(F)cccc1Cl)c1ccc(-c2ccc(C(=O)O)cc2)s1,6.7406616,-5.3148375
760,mol189,-12.02,CN(c1ccc(C(=O)O)cc1)S(=O)(=O)c1ccc(NC(=O)c2ccccc2C(=O)O)cc1,CN(c1ccc(C(=O)O)cc1)S(=O)(=O)c1ccc(NC(=O)c2ccccc2C(=O)O)cc1,6.5936236,-4.2265706
260,mol110,-12.02,Cc1ccc(NS(=O)(=O)c2ccc(NC(=O)c3ccc4nc(N)sc4c3)cc2)cc1,Cc1ccc(NS(=O)(=O)c2ccc(NC(=O)c3ccc4nc(N)sc4c3)cc2)cc1,6.5694537,-5.531871
860,mol199,-12.02,CN(Cc1ccc(Oc2cccc(C(=O)O)c2)cc1)C(=O)c1cccc(C(=O)N[C@@H](C(=O)O)c2ccccc2)c1,CN(Cc1ccc(Oc2cccc(C(=O)O)c2)cc1)C(=O)c1cccc(C(=O)N[C@@H](C(=O)O)c2ccccc2)c1,6.86864,-5.3247766
430,mol72,-12.02,Nc1nc(Nc2ccc(C(=O)NCc3ccccc3)cc2)c2nc(-c3ccc4n[nH]cc4c3)sc2n1,Nc1nc(Nc2ccc(C(=O)NCc3ccccc3)cc2)c2nc(-c3ccc4n[nH]cc4c3)sc2n1,6.5254865,-6.034103
860,mol477,-12.02,COc1ccc(S(=O)(=O)Nc2ccc(-c3cccc(C(=O)O)c3)cc2C(=O)O)cc1,COc1ccc(S(=O)(=O)Nc2ccc(-c3cccc(C(=O)O)c3)cc2C(=O)O)cc1,6.510629,-4.877246
800,mol192,-12.02,CC(=O)Nc1ccccc1C(=O)Nc1cccc(-c2nnc(-c3ccncc3)o2)c1,CC(=O)Nc1ccccc1C(=O)Nc1cccc(-c2nnc(-c3ccncc3)o2)c1,6.1328545,-5.5477667
1000,mol74,-12.02,NC(N)c1ccc(C2=NC(=O)[C@@H](CC(=O)Nc3ccc(Oc4ccccc4)cc3)C2)cc1,NC(N)c1ccc(C2=NC(=O)[C@@H](CC(=O)Nc3ccc(Oc4ccccc4)cc3)C2)cc1,6.124773,-5.244581
840,mol15,-12.02,CCC(=O)Nc1ccc(Nc2cc(N)nc3cc(-c4ccccc4)ccc23)cc1,CCC(=O)Nc1ccc(Nc2cc(N)nc3cc(-c4ccccc4)ccc23)cc1,6.0347614,-6.17458
990,mol449,-12.02,Cc1c(C)n(Cc2cccc(OCc3ccccc3)c2)c2ccc(Oc3ccccc3)cc12,Cc1c(C)n(Cc2cccc(OCc3ccccc3)c2)c2ccc(Oc3ccccc3)cc12,5.6972713,-7.6288204
420,mol268,-12.02,Cc1ccc(-c2ncc(C(=O)Nc3ccc([C@@H](C)NC(=O)c4ccc(-c5ccccc5)s4)cc3)o2)cc1,Cc1ccc(-c2ncc(C(=O)Nc3ccc([C@@H](C)NC(=O)c4ccc(-c5ccccc5)s4)cc3)o2)cc1,6.1018357,-6.7981725
420,mol289,-12.02,Cc1ccccc1-c1ccc(-c2nc(C(=O)O)c(Cc3ccc(-c4ncccn4)cc3)s2)cc1,Cc1ccccc1-c1ccc(-c2nc(C(=O)O)c(Cc3ccc(-c4ncccn4)cc3)s2)cc1,6.1470203,-6.3049903
990,mol144,-12.02,CO[C@H](C(=O)Nc1cccc(NC(=O)c2ccncc2)c1)[C@@H](O)c1cccc2ccccc12,CO[C@H](C(=O)Nc1cccc(NC(=O)c2ccncc2)c1)[C@@H](O)c1cccc2ccccc12,6.104856,-6.054317
790,mol486,-12.02,CCNC(=O)c1cccc(Nc2nccc(-c3c[nH]c4ccccc34)n2)c1,CCNC(=O)c1cccc(Nc2nccc(-c3c[nH]c4ccccc34)n2)c1,6.733503,-4.4532723
740,mol350,-12.02,C[NH+](C)CCOc1ccc(C(=O)Nc2ccc(C(=O)c3cccc(C(=O)O)c3)cc2C(=O)O)cc1,C[NH+](C)CCOc1ccc(C(=O)Nc2ccc(C(=O)c3cccc(C(=O)O)c3)cc2C(=O)O)cc1,6.750354,-3.603449
810,mol249,-12.02,COc1ccc(CC(=O)N(C)c2ccc(Oc3ccnc4ccccc34)cc2)cc1,COc1ccc(CC(=O)N(C)c2ccc(Oc3ccnc4ccccc34)cc2)cc1,6.0318866,-6.200984
480,mol130,-12.02,Cc1ccc(NC(=O)c2cccc(C(=O)NCc3ccccc3)c2)cc1Nc1ncccc1-c1ccncn1,Cc1ccc(NC(=O)c2cccc(C(=O)NCc3ccccc3)c2)cc1Nc1ncccc1-c1ccncn1,6.1014447,-6.1541133
550,mol491,-12.02,Clc1ccc2c(Nc3ccnc(-c4ccccc4)c3)ccnc2c1,Clc1ccc2c(Nc3ccnc(-c4ccccc4)c3)ccnc2c1,6.1261206,-5.5870743
960,mol144,-12.02,CCC(=O)Nc1cccc(S(=O)(=O)Nc2cccc(-c3nnc(-c4cccc(C(F)(F)F)c4)o3)c2)c1,CCC(=O)Nc1cccc(S(=O)(=O)Nc2cccc(-c3nnc(-c4cccc(C(F)(F)F)c4)o3)c2)c1,6.173414,-5.7116766
300,mol201,-12.02,Cc1ccc(C(=O)Nc2ccc(Nc3ccnc4ccc(N)cc34)cc2)cc1,Cc1ccc(C(=O)Nc2ccc(Nc3ccnc4ccc(N)cc34)cc2)cc1,6.389763,-5.9234924
310,mol247,-12.02,Cc1ccc(C(=O)Nc2ccc(C(=O)Nc3ccc(C(=O)N[C@@H](Cc4ccccc4)C(=O)O)cc3)cc2)cc1,Cc1ccc(C(=O)Nc2ccc(C(=O)Nc3ccc(C(=O)N[C@@H](Cc4ccccc4)C(=O)O)cc3)cc2)cc1,6.4537277,-5.9308524
540,mol407,-12.02,Cc1ccc(C(=O)Nc2ccc(Oc3ccc(Oc4ccnc([N+](=O)[O-])c4)cc3)cc2)cc1,Cc1ccc(C(=O)Nc2ccc(Oc3ccc(Oc4ccnc([N+](=O)[O-])c4)cc3)cc2)cc1,6.3492894,-7.1877728
310,mol466,-12.02,Cc1ccc(C(=O)Nc2ccc(Oc3ccc(NC(=O)c4ccccc4C[NH+]4CCCCC4)cc3)cc2)cc1,Cc1ccc(C(=O)Nc2ccc(Oc3ccc(NC(=O)c4ccccc4C[NH+]4CCCCC4)cc3)cc2)cc1,6.1374874,-6.554125
350,mol215,-12.02,Cc1ccc(CNC(=O)c2cc(C(=O)NCc3ccc(C(=O)N[C@H](C)c4ccccc4)cc3)cnc2N)cc1,Cc1ccc(CNC(=O)c2cc(C(=O)NCc3ccc(C(=O)N[C@H](C)c4ccccc4)cc3)cnc2N)cc1,6.026454,-5.016662
120,mol441,-12.02,CN1C(=O)N(c2cccc(Cl)c2)C(=O)[C@]12CC[N@H+](Cc1ccc(-c3cncnc3)cc1)C2,CN1C(=O)N(c2cccc(Cl)c2)C(=O)[C@]12CC[N@H+](Cc1ccc(-c3cncnc3)cc1)C2,6.8405304,-4.06746
640,mol256,-12.02,CN(Cc1cnc2nc(N)nc(N)c2n1)c1ccc2cc(C(=O)N[C@H](CCC(=O)O)C(=O)O)ccc2c1,CN(Cc1cnc2nc(N)nc(N)c2n1)c1ccc2cc(C(=O)N[C@H](CCC(=O)O)C(=O)O)ccc2c1,7.042123,-3.9519198
920,mol50,-12.02,OC[C@@H]1O[C@H](Oc2cccc(-c3ccc(NCc4ccccc4)cc3)c2)[C@@H](O)[C@@H](O)[C@@H]1O,OC[C@@H]1O[C@H](Oc2cccc(-c3ccc(NCc4ccccc4)cc3)c2)[C@@H](O)[C@@H](O)[C@@H]1O,6.385864,-3.1399987
950,mol410,-12.02,Cc1ccccc1-n1c(-c2ncc(C(=O)Nc3cccc(Oc4ccccc4)c3)s2)nc2ccccc21,Cc1ccccc1-n1c(-c2ncc(C(=O)Nc3cccc(Oc4ccccc4)c3)s2)nc2ccccc21,6.3144817,-7.0642586
510,mol494,-12.02,Cc1c(-c2cc(N)nc(N)n2)cccc1-c1nc2nc(N)nc(OCCO)c2[nH]1,Cc1c(-c2cc(N)nc(N)n2)cccc1-c1nc2nc(N)nc(OCCO)c2[nH]1,6.8626165,-3.9033163
350,mol76,-12.02,CN(C(=O)c1cccc(-c2ccsc2)c1)c1ccc(Oc2cccc(C(=O)O)c2)cc1,CN(C(=O)c1cccc(-c2ccsc2)c1)c1ccc(Oc2cccc(C(=O)O)c2)cc1,6.344852,-6.349743
920,mol143,-12.02,COc1ccc(NC(=O)c2ccc(-c3cc4cc([N+](=O)[O-])ccc4[nH]3)cc2)cc1,COc1ccc(NC(=O)c2ccc(-c3cc4cc([N+](=O)[O-])ccc4[nH]3)cc2)cc1,5.427976,-6.640264
330,mol166,-12.02,Cc1ccc(C(=O)COc2ccc(O)c(C(=O)c3ccc(NC(=O)c4ccccc4)cc3)c2)cc1,Cc1ccc(C(=O)COc2ccc(O)c(C(=O)c3ccc(NC(=O)c4ccccc4)cc3)c2)cc1,5.7649,-6.8891244
960,mol274,-12.02,Cc1cccc(Oc2ccc(NC(=O)c3cccc(C(=O)O)c3)cc2Cl)c1,Cc1cccc(Oc2ccc(NC(=O)c3cccc(C(=O)O)c3)cc2Cl)c1,6.7486987,-5.4290414
330,mol161,-12.02,CCC(=O)NCCCNc1ncc(-c2ccc(F)c(C(=O)Nc3ccc4ccccc4c3)c2)c(N)n1,CCC(=O)NCCCNc1ncc(-c2ccc(F)c(C(=O)Nc3ccc4ccccc4c3)c2)c(N)n1,6.255275,-4.902509
140,mol477,-12.02,Cc1ccc(CNc2ncnc3c2cnn3-c2cccc(C(N)N)c2)cc1,Cc1ccc(CNc2ncnc3c2cnn3-c2cccc(C(N)N)c2)cc1,6.5494695,-3.160799
170,mol218,-12.02,Nc1ccc(C(=O)NCC(=O)NC(=O)Nc2ccc(Oc3ccc4ncccc4c3)cc2)cc1,Nc1ccc(C(=O)NCC(=O)NC(=O)Nc2ccc(Oc3ccc4ncccc4c3)cc2)cc1,6.259277,-6.3515644
330,mol368,-12.02,Cc1cc(C(=O)Nc2ccc(Oc3ccc(NC(=O)C4CC4)cc3)cc2)cc(N2CCCC2=O)c1,Cc1cc(C(=O)Nc2ccc(Oc3ccc(NC(=O)C4CC4)cc3)cc2)cc(N2CCCC2=O)c1,6.3169756,-6.1039925
520,mol414,-12.02,COc1ccc(CC(=O)Nc2ccccc2C(=O)O)cc1Oc1cccc(NC(=O)c2ccccc2)c1,COc1ccc(CC(=O)Nc2ccccc2C(=O)O)cc1Oc1cccc(NC(=O)c2ccccc2)c1,5.8519254,-7.212811
520,mol61,-12.02,Nc1ccc(C(=O)Nc2ccc(NC(=O)c3ccc4nncnc4c3)cc2)cc1,Nc1ccc(C(=O)Nc2ccc(NC(=O)c3ccc4nncnc4c3)cc2)cc1,6.352344,-4.7382774
390,mol241,-12.02,Cc1ccc(-c2ncc(C(=O)Nc3ccc4c(c3)c(C3CC3)nn4-c3cccc(Cl)c3)s2)cc1,Cc1ccc(-c2ncc(C(=O)Nc3ccc4c(c3)c(C3CC3)nn4-c3cccc(Cl)c3)s2)cc1,6.4906588,-6.595145
330,mol46,-12.02,Cc1cc(/C=C\C#N)cc(C(=O)Nc2cccc(CC(=O)Nc3ccc4nc[nH]c4c3)c2)c1,Cc1cc(/C=C\C#N)cc(C(=O)Nc2cccc(CC(=O)Nc3ccc4nc[nH]c4c3)c2)c1,6.188902,-6.7181535
330,mol214,-12.02,c1ccc(-c2ccc(Nc3ccc(-c4nc5ccccc5[nH]4)cc3)cc2)cc1,c1ccc(-c2ccc(Nc3ccc(-c4nc5ccccc5[nH]4)cc3)cc2)cc1,5.861235,-6.995294
60,mol247,-12.02,Clc1ccc2c(NCCc3ccc(Nc4ncnc5ccccc45)cc3)ccnc2c1,Clc1ccc2c(NCCc3ccc(Nc4ncnc5ccccc45)cc3)ccnc2c1,6.0159073,-5.9499235
340,mol368,-12.02,Cc1ccc(-c2c(C[NH3+])cc(NC(=O)c3ccc(C)c(Nc4ncnc5ccc(N)cc45)c3)cc2C(=O)O)cc1,Cc1ccc(-c2c(C[NH3+])cc(NC(=O)c3ccc(C)c(Nc4ncnc5ccc(N)cc45)c3)cc2C(=O)O)cc1,7.113418,-5.360654
340,mol154,-12.02,Nc1ccc(Cl)c(C(=O)Nc2ccc(Nc3ccnc4cc(Cl)ccc34)cc2)c1,Nc1ccc(Cl)c(C(=O)Nc2ccc(Nc3ccnc4cc(Cl)ccc34)cc2)c1,6.3509274,-6.50582
130,mol43,-12.02,Cc1cccc(NC(=O)c2ccc(-c3ccccc3C(=O)O)cc2)c1,Cc1cccc(NC(=O)c2ccc(-c3ccccc3C(=O)O)cc2)c1,6.3540654,-4.816414
910,mol223,-12.02,c1ccc(-c2cc(NCc3cccc4ccccc34)c3nc[nH]c3n2)cc1,c1ccc(-c2cc(NCc3cccc4ccccc34)c3nc[nH]c3n2)cc1,5.9675856,-5.9997344
870,mol360,-12.02,Cc1ccc(C(=O)Nc2ccc(C(=O)O)cc2)cc1NC(=O)c1ccc(Nc2c3ccccc3nc3ccccc23)cc1,Cc1ccc(C(=O)Nc2ccc(C(=O)O)cc2)cc1NC(=O)c1ccc(Nc2c3ccccc3nc3ccccc23)cc1,6.6026826,-5.1777496
890,mol424,-12.02,Cc1cccc(-n2nc(-c3ccc(O)c(C(=O)Nc4cccc(C(=O)O)c4)c3)cc2NC(=O)Nc2cccc(C(F)(F)F)c2)c1,Cc1cccc(-n2nc(-c3ccc(O)c(C(=O)Nc4cccc(C(=O)O)c4)c3)cc2NC(=O)Nc2cccc(C(F)(F)F)c2)c1,6.350317,-6.8375893
170,mol210,-12.02,Cc1nn(-c2cccc(-c3ccc(C(=O)O)cc3Cl)c2)c2oc(=O)ccc12,Cc1nn(-c2cccc(-c3ccc(C(=O)O)cc3Cl)c2)c2oc(=O)ccc12,6.78392,-5.185941
890,mol250,-12.02,NC(=O)c1ccc(NC(=O)c2ccc(C(=O)N[C@@H](CCc3ccccc3)[C@H](O)C[NH+]3CCN(c4ccncc4)CC3)cc2)cc1,NC(=O)c1ccc(NC(=O)c2ccc(C(=O)N[C@@H](CCc3ccccc3)[C@H](O)C[NH+]3CCN(c4ccncc4)CC3)cc2)cc1,6.8882422,-3.081454
870,mol397,-12.02,Cc1ncc(Cc2ccc(NC(=O)Nc3ccc(C(=O)N[C@H](C)c4ccccc4)cc3)cc2)cn1,Cc1ncc(Cc2ccc(NC(=O)Nc3ccc(C(=O)N[C@H](C)c4ccccc4)cc3)cc2)cn1,6.2338977,-5.944675
490,mol327,-12.02,Cc1cccc(Nc2nccc(Nc3ccc4[nH]c(=O)ccc4c3)n2)c1,Cc1cccc(Nc2nccc(Nc3ccc4[nH]c(=O)ccc4c3)n2)c1,6.2381535,-4.8614817
280,mol249,-12.02,Cc1cc(NC(=O)Nc2cccc(C(=O)O)c2)cc(NC(=O)Nc2nccs2)c1,Cc1cc(NC(=O)Nc2cccc(C(=O)O)c2)cc(NC(=O)Nc2nccs2)c1,6.7138095,-5.701816
550,mol368,-12.02,Cc1ccc(Nc2ncnc(Nc3cccc4ccccc34)n2)cc1O,Cc1ccc(Nc2ncnc(Nc3cccc4ccccc34)n2)cc1O,6.2092123,-5.4342384
200,mol95,-12.02,Nc1cc(Nc2ccc3[nH]ncc3c2)cc(Nc2ccnc3ccccc23)n1,Nc1cc(Nc2ccc3[nH]ncc3c2)cc(Nc2ccnc3ccccc23)n1,6.188728,-4.5126266
880,mol45,-12.02,COc1cccc(Nc2ncc(-c3ccc(C(=O)Nc4cccc(O)c4)cc3)cn2)c1,COc1cccc(Nc2ncc(-c3ccc(C(=O)Nc4cccc(O)c4)cc3)cn2)c1,5.9833984,-6.6047444
410,mol491,-12.02,Cc1ccc(NC(=O)c2ccccc2N)cc1-c1ccc(C(N)N)cc1,Cc1ccc(NC(=O)c2ccccc2N)cc1-c1ccc(C(N)N)cc1,6.68106,-5.2449193
280,mol214,-12.02,Cc1cc(C(=O)Nc2ccc(-c3c[nH]c4ncc(-c5ccccc5)cc34)c(C(F)(F)F)c2)on1,Cc1cc(C(=O)Nc2ccc(-c3c[nH]c4ncc(-c5ccccc5)cc34)c(C(F)(F)F)c2)on1,6.321621,-6.678435
410,mol69,-12.02,Cc1cc(Nc2cnc(C(=O)Nc3ccc4c(c3)CC(=O)N4)c(C(=O)Nc3cccc(C(=O)O)c3)n2)nc(-c2ccccn2)c1,Cc1cc(Nc2cnc(C(=O)Nc3ccc4c(c3)CC(=O)N4)c(C(=O)Nc3cccc(C(=O)O)c3)n2)nc(-c2ccccn2)c1,7.062002,-5.9923687
490,mol174,-12.02,Cc1cccc(Nc2cnc(-c3ccc(C(=O)NCc4cccc(C(=O)O)c4)cc3)cn2)c1,Cc1cccc(Nc2cnc(-c3ccc(C(=O)NCc4cccc(C(=O)O)c4)cc3)cn2)c1,6.415159,-5.6389995
300,mol233,-12.02,CC(=O)Nc1cccc(-c2ccc(C(=O)O)c(NS(=O)(=O)c3cccc4ccccc34)c2)c1,CC(=O)Nc1cccc(-c2ccc(C(=O)O)c(NS(=O)(=O)c3cccc4ccccc34)c2)c1,6.3346114,-5.7106924
970,mol108,-12.02,CCCc1cccc(OCc2cccc(-c3ccc4cccnc4c3)c2)c1,CCCc1cccc(OCc2cccc(-c3ccc4cccnc4c3)c2)c1,5.7860613,-7.2314386
490,mol248,-12.02,Cc1ccc(CNc2cc(C#N)cc(C(F)(F)F)c2)cc1Nc1nccc(-c2cccnc2)n1,Cc1ccc(CNc2cc(C#N)cc(C(F)(F)F)c2)cc1Nc1nccc(-c2cccnc2)n1,6.1341805,-6.635888
200,mol478,-12.02,Cc1cc(NC(=O)c2cccc(-n3cc(NC(=O)Nc4ccccc4)cn3)c2)ccn1,Cc1cc(NC(=O)c2cccc(-n3cc(NC(=O)Nc4ccccc4)cn3)c2)ccn1,6.3538637,-5.493513
360,mol246,-12.02,Cc1ccc(C(=O)NCc2ccc(C(=O)NC(=O)NC(=O)c3ccccc3C(F)(F)F)cc2)cc1,Cc1ccc(C(=O)NCc2ccc(C(=O)NC(=O)NC(=O)c3ccccc3C(F)(F)F)cc2)cc1,6.4227886,-6.3732357
130,mol174,-12.02,Nc1ncc(-c2ccc(C(=O)Nc3ccc(N4CC[NH+](CCc5ccccc5)CC4)cc3Cl)cc2)c(N)n1,Nc1ncc(-c2ccc(C(=O)Nc3ccc(N4CC[NH+](CCc5ccccc5)CC4)cc3Cl)cc2)c(N)n1,6.761408,-3.6366353
290,mol30,-12.02,Cc1ccc(NC(=O)c2cccc(NC(=O)c3cccc(C(=O)O)c3)c2)cc1,Cc1ccc(NC(=O)c2cccc(NC(=O)c3cccc(C(=O)O)c3)c2)cc1,6.422278,-5.076212
160,mol489,-12.02,CN(c1ccc(Nc2nccc(-c3ccccn3)n2)cc1)c1ccc(C(=O)N[C@H](CCC(=O)O)C(=O)O)cc1,CN(c1ccc(Nc2nccc(-c3ccccn3)n2)cc1)c1ccc(C(=O)N[C@H](CCC(=O)O)C(=O)O)cc1,6.759561,-4.929038
560,mol486,-12.02,Cc1ncc(COc2ccc(C[C@H](C)Nc3ccnc4ccc(C(N)N)cc34)cc2)cc1NS(=O)(=O)c1cccc(C(=O)c2cccc([N+](=O)[O-])c2)c1,Cc1ncc(COc2ccc(C[C@H](C)Nc3ccnc4ccc(C(N)N)cc34)cc2)cc1NS(=O)(=O)c1cccc(C(=O)c2cccc([N+](=O)[O-])c2)c1,7.007482,-6.3140564
200,mol68,-12.02,Nc1cc(/N=N/c2ccc3c(c2)CCCC3)cc2cc(C(=O)O)oc12,Nc1cc(/N=N/c2ccc3c(c2)CCCC3)cc2cc(C(=O)O)oc12,7.106412,-5.2071047
700,mol274,-12.02,CN(C)c1ccc(-c2ccc(NC(=O)c3cc4ccccc4o3)cc2)cc1,CN(C)c1ccc(-c2ccc(NC(=O)c3cc4ccccc4o3)cc2)cc1,6.08852,-6.176443
370,mol399,-12.02,Cc1ccc(C(=O)N2CC[NH+](C)CC2)cc1Nc1ncnc2ccc(Nc3cccc(C(=O)NCC(=O)O)c3)cc12,Cc1ccc(C(=O)N2CC[NH+](C)CC2)cc1Nc1ncnc2ccc(Nc3cccc(C(=O)NCC(=O)O)c3)cc12,7.265468,-3.343088
930,mol322,-12.01,Cc1cccc(-c2cc(Nc3cccc(C(=O)NCc4ccncc4)c3)ncn2)c1,Cc1cccc(-c2cc(Nc3cccc(C(=O)NCc4ccncc4)c3)ncn2)c1,6.3898497,-4.8590703
550,mol78,-12.01,Cc1ccc(C(=O)Nc2ccc(S(O)(O)O)c3ccccc23)cc1NC(=O)c1ccccc1Sc1ccccc1CO,Cc1ccc(C(=O)Nc2ccc(S(O)(O)O)c3ccccc23)cc1NC(=O)c1ccccc1Sc1ccccc1CO,6.516246,-6.496973
550,mol150,-12.01,Cn1c(-c2cccc(NCc3cccc(Oc4ccccc4)c3)c2)cc2c(=O)[nH]cnc21,Cn1c(-c2cccc(NCc3cccc(Oc4ccccc4)c3)c2)cc2c(=O)[nH]cnc21,5.5588984,-6.54063
530,mol102,-12.01,Cc1ccc(N[C@H](c2nc3ccccc3o2)c2cccc(C(F)(F)F)c2F)cc1NC(=O)c1ccc(C(=O)O)cc1,Cc1ccc(N[C@H](c2nc3ccccc3o2)c2cccc(C(F)(F)F)c2F)cc1NC(=O)c1ccc(C(=O)O)cc1,6.472334,-6.3072424
830,mol437,-12.01,Cc1ccc(Oc2cccc(Nc3ccnc4cc(Cl)ccc34)c2)cc1,Cc1ccc(Oc2cccc(Nc3ccnc4cc(Cl)ccc34)c2)cc1,6.0829973,-6.9477005
800,mol72,-12.01,COc1cccc([C@H](C)Nc2nccc(-c3ccc4ccccc4c3)n2)c1,COc1cccc([C@H](C)Nc2nccc(-c3ccc4ccccc4c3)n2)c1,6.0577364,-6.2851343
590,mol494,-12.01,Cc1ccc(-c2ncc(C(=O)Nc3cccc(CNc4cccc(CO)c4)c3)o2)cc1,Cc1ccc(-c2ncc(C(=O)Nc3cccc(CNc4cccc(CO)c4)c3)o2)cc1,6.2179594,-6.480929
940,mol422,-12.01,Cc1cccc(CNC(=O)Nc2ccc(Oc3ccnc4[nH]ccc34)cc2)c1,Cc1cccc(CNC(=O)Nc2ccc(Oc3ccnc4[nH]ccc34)cc2)c1,6.696431,-6.099143
360,mol399,-12.01,Cc1cc(Nc2cccc(NC(=O)CCC(=O)O)c2)ccc1Nc1ccnc(Nc2cc(C3C=C3)[nH]n2)n1,Cc1cc(Nc2cccc(NC(=O)CCC(=O)O)c2)ccc1Nc1ccnc(Nc2cc(C3C=C3)[nH]n2)n1,6.785065,-5.478193
370,mol213,-12.01,Cc1cccc(-c2nc(Nc3cccc(C(=O)Nc4ccc(C(=O)NC5CC5)cc4)c3)sc2-c2ccc(C(=O)O)cc2)c1,Cc1cccc(-c2nc(Nc3cccc(C(=O)Nc4ccc(C(=O)NC5CC5)cc4)c3)sc2-c2ccc(C(=O)O)cc2)c1,6.3163934,-6.30104
570,mol156,-12.01,Cc1ccccc1-c1ccc(Oc2ccc(NC(=O)c3ccc(C#N)cc3)cc2)cc1,Cc1ccccc1-c1ccc(Oc2ccc(NC(=O)c3ccc(C#N)cc3)cc2)cc1,6.2744575,-7.6678495
540,mol225,-12.01,Cc1ccc(Nc2nccc(Nc3ccccc3)n2)cc1NC(=O)c1ccccc1F,Cc1ccc(Nc2nccc(Nc3ccccc3)n2)cc1NC(=O)c1ccccc1F,6.425915,-6.419396
380,mol32,-12.01,Cc1cccc(-c2ccc(C(=O)Nc3ccc(Oc4ncccn4)cc3)cc2)c1,Cc1cccc(-c2ccc(C(=O)Nc3ccc(Oc4ncccn4)cc3)cc2)c1,6.0887985,-6.6642118
220,mol133,-12.01,Cc1ccccc1NS(=O)(=O)c1ccc(NC(=O)Nc2ccc3ncccc3c2)cc1,Cc1ccccc1NS(=O)(=O)c1ccc(NC(=O)Nc2ccc3ncccc3c2)cc1,6.313186,-5.8255897
380,mol270,-12.01,Cc1cc(C#N)cc(-c2ccc(C(=O)Nc3cccc(CC(=O)O)c3)cc2)c1,Cc1cc(C#N)cc(-c2ccc(C(=O)Nc3cccc(CC(=O)O)c3)cc2)c1,6.771426,-5.4971943
580,mol173,-12.01,CNC(=O)c1ccnc(C(=O)Nc2ncc(Cc3ccc(NC(=O)c4cccc(C(=O)O)c4)cc3)s2)c1,CNC(=O)c1ccnc(C(=O)Nc2ncc(Cc3ccc(NC(=O)c4cccc(C(=O)O)c4)cc3)s2)c1,6.7865124,-5.8576717
930,mol230,-12.01,C#Cc1cccc(-n2nnc(-c3cccc(C(=O)NCc4cccnc4)c3)c2N)c1,C#Cc1cccc(-n2nnc(-c3cccc(C(=O)NCc4cccnc4)c3)c2N)c1,6.3193016,-3.9048212
380,mol357,-12.01,Cc1nc(Nc2ncc(C(=O)Nc3ccc(Oc4ccnc5[nH]ccc45)cc3)s2)cc(N2CCO[C@@H](C(F)(F)F)C2)n1,Cc1nc(Nc2ncc(C(=O)Nc3ccc(Oc4ccnc5[nH]ccc45)cc3)s2)cc(N2CCO[C@@H](C(F)(F)F)C2)n1,7.105086,-5.995614
360,mol94,-12.01,c1ccc(-c2ccc(Nc3ccnc4cc(OCC5CC5)ccc34)cc2)cc1,c1ccc(-c2ccc(Nc3ccnc4cc(OCC5CC5)ccc34)cc2)cc1,5.7208915,-7.279946
460,mol471,-12.01,Cc1c(CC(=O)N2CCSc3ccc(C(=O)O)cc32)cccc1-c1ccc(C(=O)O)cc1,Cc1c(CC(=O)N2CCSc3ccc(C(=O)O)cc32)cccc1-c1ccc(C(=O)O)cc1,6.598538,-4.8388495
870,mol495,-12.01,Cc1ccc(C(=O)Nc2ccc(NC(=O)c3ccc(C)c(NC(=O)c4ccccc4OCc4ccccc4)c3)cc2)o1,Cc1ccc(C(=O)Nc2ccc(NC(=O)c3ccc(C)c(NC(=O)c4ccccc4OCc4ccccc4)c3)cc2)o1,6.1699405,-7.512123
940,mol161,-12.01,COc1ccc(F)cc1NC(=O)Nc1ccc(C(=O)Nc2ncc(-c3ccccc3)s2)cc1,COc1ccc(F)cc1NC(=O)Nc1ccc(C(=O)Nc2ncc(-c3ccccc3)s2)cc1,5.979923,-7.190091
190,mol424,-12.01,Nc1nccc(-c2ccnc(Nc3cccc(C(=O)Nc4cccc(F)c4)c3)n2)n1,Nc1nccc(-c2ccnc(Nc3cccc(C(=O)Nc4cccc(F)c4)c3)n2)n1,6.5429416,-5.2257285
500,mol398,-12.01,Cc1ccc(Nc2cc(C(=O)Nc3ccc4cnn(C)c4c3)cc(C(F)(F)F)c2)cc1C(F)(F)F,Cc1ccc(Nc2cc(C(=O)Nc3ccc4cnn(C)c4c3)cc(C(F)(F)F)c2)cc1C(F)(F)F,6.6994224,-6.6370354
860,mol64,-12.01,CCC(=O)Nc1cccc(-c2ccc(C(=O)N[C@H](CO)CCc3ccc(C(=O)O)cc3)cc2)c1,CCC(=O)Nc1cccc(-c2ccc(C(=O)N[C@H](CO)CCc3ccc(C(=O)O)cc3)cc2)c1,6.550466,-4.945949
420,mol383,-12.01,Nc1ncc(-c2cnn([C@H]3CC[C@@H](C(=O)N[C@@H]4CCOC4)CC3)c2)cc1Nc1nccc2ccc(Oc3ccccc3)cc12,Nc1ncc(-c2cnn([C@H]3CC[C@@H](C(=O)N[C@@H]4CCOC4)CC3)c2)cc1Nc1nccc2ccc(Oc3ccccc3)cc12,7.4327154,-6.603098
290,mol488,-12.01,CC(C)c1cccc(C(=O)NCCc2cccc(NC(=O)c3cc4ccccc4o3)c2)c1,CC(C)c1cccc(C(=O)NCCc2cccc(NC(=O)c3cc4ccccc4o3)c2)c1,6.111889,-5.578724
200,mol281,-12.01,Nc1nnc(-c2ccc3[nH]c(-c4ccc(OCc5ccccc5)cc4)nc3c2)s1,Nc1nnc(-c2ccc3[nH]c(-c4ccc(OCc5ccccc5)cc4)nc3c2)s1,5.927424,-6.022352
750,mol219,-12.01,CCC(=O)Nc1ccc(C(=O)Nc2ccc(Nc3nc4ccccc4c(=O)[nH]3)cc2)cc1,CCC(=O)Nc1ccc(C(=O)Nc2ccc(Nc3nc4ccccc4c(=O)[nH]3)cc2)cc1,6.25293,-6.83921
750,mol77,-12.01,C[C@H](OC(=O)Nc1ccccc1C(=O)O)c1cccc(-c2ccnc3cc(Cl)ccc23)c1,C[C@H](OC(=O)Nc1ccccc1C(=O)O)c1cccc(-c2ccnc3cc(Cl)ccc23)c1,6.7502537,-6.0248103
740,mol269,-12.01,CNC(=O)c1ccc(Nc2ncnc3c2cnn3-c2cccc(C(=O)O)c2)c(N)c1,CNC(=O)c1ccc(Nc2ncnc3c2cnn3-c2cccc(C(=O)O)c2)c(N)c1,6.970061,-3.3601322
200,mol403,-12.01,Cc1ccc(C(=O)Nc2ccc(Oc3ccc(NC(=O)c4ccc(F)nc4)cc3)cc2F)cn1,Cc1ccc(C(=O)Nc2ccc(Oc3ccc(NC(=O)c4ccc(F)nc4)cc3)cc2F)cn1,6.3157134,-6.771751
710,mol260,-12.01,Cc1ccc(-c2ncc(C(=O)Nc3ccc(CO)cc3)[nH]2)cc1Nc1ncnc2ccccc12,Cc1ccc(-c2ncc(C(=O)Nc3ccc(CO)cc3)[nH]2)cc1Nc1ncnc2ccccc12,6.473771,-7.021181
970,mol341,-12.01,Cc1ccc(C(=O)Nc2cccc(-c3ccc(N(C)c4ccccc4)cc3)c2)cc1,Cc1ccc(C(=O)Nc2cccc(-c3ccc(N(C)c4ccccc4)cc3)c2)cc1,5.8294263,-6.7964034
720,mol267,-12.01,Cc1ccc(S(=O)(=O)NC(=O)Nc2cccc(/C=C/c3ccccc3C(=O)O)c2)cc1,Cc1ccc(S(=O)(=O)NC(=O)Nc2cccc(/C=C/c3ccccc3C(=O)O)c2)cc1,6.673086,-5.688081
270,mol178,-12.01,Cc1cc(NCc2cc(C(F)(F)F)cc(C(F)(F)F)c2)nn1CC(=O)Nc1ccc(COc2ccccc2)cc1,Cc1cc(NCc2cc(C(F)(F)F)cc(C(F)(F)F)c2)nn1CC(=O)Nc1ccc(COc2ccccc2)cc1,5.994381,-6.808151
870,mol263,-12.01,COc1ccc(C#N)cc1-c1ccc(Nc2cc(-c3ccccc3)ncn2)cc1,COc1ccc(C#N)cc1-c1ccc(Nc2cc(-c3ccccc3)ncn2)cc1,5.834882,-6.819381
190,mol115,-12.01,Cc1ccc(Nc2cc(-c3ccc(C(=O)N[C@@H](CCC(=O)O)C(=O)O)cc3)cnc2N)cc1,Cc1ccc(Nc2cc(-c3ccc(C(=O)N[C@@H](CCC(=O)O)C(=O)O)cc3)cnc2N)cc1,6.859338,-5.024125
400,mol188,-12.01,Cc1ccc(S(=O)(=O)Nc2cccc(-c3cn4nc(C)ccc4n3)c2)cc1,Cc1ccc(S(=O)(=O)Nc2cccc(-c3cn4nc(C)ccc4n3)c2)cc1,5.9998097,-5.0720663
190,mol194,-12.01,Cc1cc(COc2ccc(C(=O)Nc3ccc(-c4ccccc4S(=O)(=O)N4CCOCC4)cc3)cc2)cc(N2CCCCC2)n1,Cc1cc(COc2ccc(C(=O)Nc3ccc(-c4ccccc4S(=O)(=O)N4CCOCC4)cc3)cc2)cc(N2CCCCC2)n1,6.7008634,-6.339606
900,mol430,-12.01,Cc1ccc(CNC(=O)c2ccc(C(=O)O[C@H]3CC[C@@H]([NH2+]Cc4cccc(C(=O)O)c4)CC3)cc2)cc1,Cc1ccc(CNC(=O)c2ccc(C(=O)O[C@H]3CC[C@@H]([NH2+]Cc4cccc(C(=O)O)c4)CC3)cc2)cc1,6.985391,-3.925749
430,mol204,-12.01,Cc1cc(-c2cccc(C(=O)O)c2)c(Oc2cccc(NC(=O)Nc3ccc(Cl)c(C(=O)O)c3)c2)c(N)n1,Cc1cc(-c2cccc(C(=O)O)c2)c(Oc2cccc(NC(=O)Nc3ccc(Cl)c(C(=O)O)c3)c2)c(N)n1,6.8297477,-6.2402024
220,mol35,-12.01,CN(Cc1ccc(C(=O)O)cc1)C(=O)COc1cccc(-c2cccc(C(O)(c3ccccc3)c3ccccc3)c2)c1,CN(Cc1ccc(C(=O)O)cc1)C(=O)COc1cccc(-c2cccc(C(O)(c3ccccc3)c3ccccc3)c2)c1,6.697572,-6.5519786
460,mol59,-12.01,Cc1ccc(C(=O)Nc2ccc(C[N@H+]3CC[N@H+](C)CC3)c(C(F)(F)F)c2)cc1Nc1nccc2cccnc12,Cc1ccc(C(=O)Nc2ccc(C[N@H+]3CC[N@H+](C)CC3)c(C(F)(F)F)c2)cc1Nc1nccc2cccnc12,6.972108,-3.6064641
940,mol368,-12.01,COc1ccc(Cn2nc(-c3ccc4cc(Oc5ccccc5)ccc4c3)cc2C(N)=O)cc1,COc1ccc(Cn2nc(-c3ccc4cc(Oc5ccccc5)ccc4c3)cc2C(N)=O)cc1,5.4471946,-6.5578914
390,mol367,-12.01,Cc1ccc(S(=O)(=O)Nc2ccc(N(Cc3ccc4ccccc4c3)C(=O)Cc3ccccc3)cc2)cc1,Cc1ccc(S(=O)(=O)Nc2ccc(N(Cc3ccc4ccccc4c3)C(=O)Cc3ccccc3)cc2)cc1,6.067342,-6.3681355
520,mol73,-12.01,Cc1cc(-c2ccc(CNc3ccnc(Nc4ccc(C(=O)O)cc4)n3)cc2)[nH]n1,Cc1cc(-c2ccc(CNc3ccnc(Nc4ccc(C(=O)O)cc4)n3)cc2)[nH]n1,6.23821,-4.887215
600,mol438,-12.01,Cc1ccc(C(=O)Nc2ccc(Oc3ccnc4[nH]ccc34)cc2)cc1,Cc1ccc(C(=O)Nc2ccc(Oc3ccnc4[nH]ccc34)cc2)cc1,6.344477,-6.2526464
610,mol375,-12.01,Cc1ccc(C(=O)Nc2ccc(C[N@H+]3CC[N@H+](C)CC3)c(C(F)(F)F)c2)cc1Nc1ncnc2cnc(N3CC[C@H](F)C3)nc12,Cc1ccc(C(=O)Nc2ccc(C[N@H+]3CC[N@H+](C)CC3)c(C(F)(F)F)c2)cc1Nc1ncnc2cnc(N3CC[C@H](F)C3)nc12,7.3701205,-3.2871525
620,mol454,-12.01,Cc1ccc(C(=O)Nc2ccc(S(=O)(=O)Nc3ccccn3)cc2)cc1Nc1ccnc2ccccc12,Cc1ccc(C(=O)Nc2ccc(S(=O)(=O)Nc3ccccn3)cc2)cc1Nc1ccnc2ccccc12,6.322256,-6.4596043
510,mol9,-12.01,Cc1occc1C(=O)Nc1ccc(CCc2ccc(NC(=O)c3ccccc3Cl)cc2)cc1,Cc1occc1C(=O)Nc1ccc(CCc2ccc(NC(=O)c3ccccc3Cl)cc2)cc1,6.124488,-7.3757205
630,mol258,-12.01,COc1ccc(C(C)=O)cc1-c1ccc(NS(=O)(=O)c2ccc(CO)cc2C(=O)O)cc1,COc1ccc(C(C)=O)cc1-c1ccc(NS(=O)(=O)c2ccc(CO)cc2C(=O)O)cc1,6.6805515,-5.0191226
460,mol468,-12.01,Cc1ccc(C(=O)Nc2ncc(Cc3cccc(C(=O)Nc4cc(C)cc(C)n4)c3)s2)cc1,Cc1ccc(C(=O)Nc2ncc(Cc3cccc(C(=O)Nc4cc(C)cc(C)n4)c3)s2)cc1,6.5076065,-6.4883995
390,mol440,-12.01,Cc1ccc(Nc2cc(NCc3ccc(C(=O)Nc4ccc(Cl)cc4)cc3)cc(C(=O)O)c2)cc1,Cc1ccc(Nc2cc(NCc3ccc(C(=O)Nc4ccc(Cl)cc4)cc3)cc(C(=O)O)c2)cc1,5.7194686,-6.1240015
780,mol180,-12.01,Cc1ccc(NC(=O)c2cccc(C(F)(F)F)c2)cc1-c1ccc2nc(N)nc(N)c2n1,Cc1ccc(NC(=O)c2cccc(C(F)(F)F)c2)cc1-c1ccc2nc(N)nc(N)c2n1,6.5285616,-5.931621
260,mol425,-12.01,Cc1ccc(NC(=O)c2ccc(CNC(=O)c3ccc4nc(NC(=O)C5CCCCC5)ccc4n3)s2)cc1,Cc1ccc(NC(=O)c2ccc(CNC(=O)c3ccc4nc(NC(=O)C5CCCCC5)ccc4n3)s2)cc1,7.2242355,-6.40789
390,mol64,-12.01,Cc1ccc(NC(=O)c2ccc(O)c(NC(=O)Nc3ccccc3)c2)cc1,Cc1ccc(NC(=O)c2ccc(O)c(NC(=O)Nc3ccccc3)c2)cc1,6.0908036,-5.473424
510,mol124,-12.01,CNC(=O)c1cccc(Nc2nccc(-c3cncn3Cc3cccc(Cl)c3)n2)c1,CNC(=O)c1cccc(Nc2nccc(-c3cncn3Cc3cccc(Cl)c3)n2)c1,6.6093965,-4.5563016
