{
  "best_iteration": 2674,
  "feature_dim": 4482,
  "train": {
    "rmse": 0.3116566273963874,
    "mae": 0.2331872078377769,
    "r2": 0.9325738892202584
  },
  "val": {
    "rmse": 0.5992714801196949,
    "mae": 0.43875153389686505,
    "r2": 0.7484692552212289
  },
  "test": {
    "rmse": 0.6182162572556146,
    "mae": 0.44843182248003943,
    "r2": 0.730243942194007
  },
  "top20_features": [
    [
      "ECFP6_427",
      0.015555829741060734
    ],
    [
      "ECFP6_1255",
      0.013848114758729935
    ],
    [
      "ECFP4_1988",
      0.013233305886387825
    ],
    [
      "ECFP4_1083",
      0.012779803946614265
    ],
    [
      "ECFP4_1856",
      0.011940564960241318
    ],
    [
      "ECFP6_880",
      0.010913022793829441
    ],
    [
      "ECFP4_1778",
      0.010678727179765701
    ],
    [
      "ECFP6_1778",
      0.010017568245530128
    ],
    [
      "ECFP4_40",
      0.009789100848138332
    ],
    [
      "ECFP4_1032",
      0.009276697412133217
    ],
    [
      "ECFP6_1988",
      0.008961822837591171
    ],
    [
      "ECFP4_1573",
      0.008376835845410824
    ],
    [
      "ECFP6_1148",
      0.007446636445820332
    ],
    [
      "ECFP4_1148",
      0.007438242435455322
    ],
    [
      "ECFP6_1131",
      0.007403208874166012
    ],
    [
      "ECFP6_1071",
      0.006270574871450663
    ],
    [
      "ECFP4_1462",
      0.00599103095009923
    ],
    [
      "ECFP6_350",
      0.005699335131794214
    ],
    [
      "ECFP6_40",
      0.005625286139547825
    ],
    [
      "ECFP6_1984",
      0.0056177228689193726
    ]
  ]
}