{
  "best_iteration": 12515,
  "feature_dim": 4274,
  "train": {
    "rmse": 0.359167883331027,
    "mae": 0.26958578649738385,
    "r2": 0.9104490150213429
  },
  "val": {
    "rmse": 0.5977980497037992,
    "mae": 0.43463137100829347,
    "r2": 0.7497046133135572
  },
  "test": {
    "rmse": 0.6197777221463817,
    "mae": 0.44969653357005285,
    "r2": 0.7288795440515926
  },
  "top20_features": [
    [
      "ECFP4_1988",
      0.016519488766789436
    ],
    [
      "ECFP6_880",
      0.014969165436923504
    ],
    [
      "ECFP6_427",
      0.012361087836325169
    ],
    [
      "ECFP4_1148",
      0.009034703485667706
    ],
    [
      "ECFP6_1255",
      0.008459223434329033
    ],
    [
      "ECFP4_1032",
      0.007795194163918495
    ],
    [
      "ECFP6_1988",
      0.007779573556035757
    ],
    [
      "ECFP4_1573",
      0.007118470035493374
    ],
    [
      "ECFP6_1856",
      0.006968021392822266
    ],
    [
      "ECFP4_1131",
      0.006651333533227444
    ],
    [
      "ECFP6_134",
      0.006396274548023939
    ],
    [
      "ECFP4_1083",
      0.006154275499284267
    ],
    [
      "ECFP4_253",
      0.005760276690125465
    ],
    [
      "ECFP6_1148",
      0.00572575256228447
    ],
    [
      "ECFP4_1462",
      0.0055984691716730595
    ],
    [
      "ECFP4_1856",
      0.0053129843436181545
    ],
    [
      "ECFP6_40",
      0.005051880609244108
    ],
    [
      "ECFP6_1071",
      0.004846023395657539
    ],
    [
      "ECFP6_1591",
      0.004072599578648806
    ],
    [
      "ECFP4_40",
      0.00393067067489028
    ]
  ]
}