{
  "train": {
    "r2": 0.9394066290179344,
    "rmse": 0.2954437920197775,
    "mae": 0.21584019699356974
  },
  "val": {
    "r2": 0.741471634523893,
    "rmse": 0.607550204718263,
    "mae": 0.4456326163134129
  },
  "test": {
    "r2": 0.7291116072613922,
    "rmse": 0.6195124186722519,
    "mae": 0.4551202194067526
  },
  "meta_weights": [
    0.9089928968998492,
    0.06208639654193156,
    -0.4058454188196766,
    0.42860316180560154
  ]
}