smiles,mol_name,erg_sim,activity
CN1CCN(Cc2ccc3c(c2)Cc2c(-c4csc(C#CCC(C)(C)O)c4)n[nH]c2-3)CC1,CHEMBL374627,0.6497483418787332,1
O=C([C@@H]1C=C2c3cccc4[nH]cc(c34)C[C@H]2N(C(=O)Nc2ccccc2)C1)N1CCNCC1,CHEMBL1809004,0.6399519051370287,1
O=C(Nc1cc(-c2ccccc2)ccc1O)c1ccc(CN2CCNCC2)cc1,CHEMBL3664098,0.6326241878012997,1
Cc1cccc2c(=O)[nH]c(-c3ccc(CN4CCNCC4)cc3)cc12,CHEMBL3764967,0.632584775754456,1
NC(=O)c1ccc2[nH]c(-c3ccc(C(c4ccc(Cl)cc4)N4CCNCC4)cc3)nc2c1,CHEMBL3961648,0.6312152294853964,1
O=c1[nH]c2ccc(-c3cn[nH]c3)cc2cc1-c1cc2cc(CN3CCOCC3)ccc2[nH]1,CHEMBL220601,0.6210977351560905,1
CC(=O)N1CCN(Cc2ccc3[nH]c(-c4cc5cc(-c6cn[nH]c6)ccc5[nH]c4=O)cc3c2)CC1,CHEMBL220653,0.6174563178983019,1
CN1CCN(Cc2ccc3c(c2)Cc2c(-c4csc(C#CCCO)c4)n[nH]c2-3)CC1,CHEMBL225639,0.6135171586992354,1
O=c1[nH]c2ccc(O)c(-c3ccc(CN4CCC(O)C4)c(F)c3)c2c2ccsc12,CHEMBL3667251,0.6107190119100131,1
CN1CCN(C(=O)[C@@H]2C=C3c4cccc5[nH]cc(c45)C[C@H]3N(C(=O)Nc3ccccc3)C2)CC1,CHEMBL1809006,0.6102252252252248,1
CC1(C)CN(c2ccc(-c3oc(-c4cccc5[nH]ccc45)nc3C(N)=O)cc2)CCN1,CHEMBL3956504,0.6100433727269106,1
CC1(C)CN(c2ccc(-c3oc(-c4c(F)ccc5[nH]ccc45)nc3C(N)=O)cc2)CCN1,CHEMBL3944825,0.6100433727269106,1
CC1(C)CN(c2ccc(-c3oc(-c4ccc(F)c5[nH]ccc45)nc3C(N)=O)cc2)CCN1,CHEMBL3932362,0.6100433727269106,1
O=C(NC1CNCC(c2ccccc2)C1)c1ccc2[nH]nc(-c3ccncc3)c2c1,CHEMBL3651170,0.6094821915233531,1
c1cc2[nH]c(-c3n[nH]c4cc(-c5cn[nH]c5)ccc34)cc2cc1CN1CCOCC1,CHEMBL221428,0.6065202095223198,1
CN1CCC(NCc2ccc3c(c2)Cc2c(-c4ccc(F)cc4)n[nH]c2-3)CC1,CHEMBL550617,0.6059094809094805,1
O=C(c1ccc(-c2nc3ccccc3c(=O)[nH]2)cc1)N1CCNCC1,CHEMBL1817875,0.6011158437818706,1
COc1ccc(-c2ccc(NC(=O)c3cccc(C#N)c3)cc2)cc1CN1CCNCC1,CHEMBL535337,0.6002897201096797,1
COc1ccc(-c2cccc(NC(=O)c3cccc(C#N)c3)c2)cc1CN1CCNCC1,CHEMBL533903,0.6002897201096797,1
COc1ccc(-c2ccc(NC(=O)c3ccc(C#N)cc3)cc2)cc1CN1CCNCC1,CHEMBL547966,0.6002897201096797,1
O=C(NC1CNCCC1c1cccc(F)c1)c1ccc2[nH]nc(-c3ccncc3)c2c1,CHEMBL3651159,0.5998799963075786,1
O=C(N[C@H]1CNC[C@@H]1c1ccccc1)N1CCc2[nH]nc(-c3ccncc3)c2C1,CHEMBL4110435,0.5998799963075786,1
NC(=O)c1ccc2[nH]c(=O)c(-c3cc4cc(CN5CCCCC5)ccc4[nH]3)cc2c1,CHEMBL221448,0.5995535940749755,1
c1ccc(-c2ccc3c(-c4ccc(N5CCNCC5)cc4)n[nH]c3n2)cc1,CHEMBL1910895,0.5971064000803774,1
Cc1noc(C)c1-c1ccc2c(c1)C(CCCN1CCNCC1)(c1ccccc1)C(=O)N2,CHEMBL3916616,0.59674688057041,1
CN1CC(Cc2ccccc2)CC(NC(=O)c2ccc3[nH]nc(-c4ccncc4)c3c2)C1,CHEMBL3658449,0.5953242124023689,1
COc1ccc(F)cc1-c1ccnc2[nH]c(C3=CCN(C(=O)[C@H]4C[C@@H](O)CN4)CC3)cc12,CHEMBL3668507,0.5939858827369539,1
Cc1ccccc1C1CN(C)CC1NC(=O)N1CCc2[nH]nc(-c3ccc4c(c3)CCO4)c2C1,CHEMBL3911391,0.5936989807174684,1
O=C1NC(=O)C(c2c[nH]c3ccccc23)=C1c1cc(N2CCNCC2)ccc1C(F)(F)F,CHEMBL1650953,0.5932426322495784,1
O=C(NCCN1CCNCC1)c1cc2c3ccccc3[nH]c2c2cc(Br)ccc12,CHEMBL1910263,0.5932052253778589,1
CN1CCN(Cc2ccc3c(c2)Cc2c(-c4ccc(O)cc4)n[nH]c2-3)CC1,CHEMBL413581,0.5926298924238953,1
N#Cc1cccc(C(=O)Nc2cccc(-c3cccc(CN4CCNCC4)c3)c2)c1,CHEMBL537802,0.591745283018868,1
O=C1/C(=C/c2c[nH]c3ccccc23)Oc2c(CN3CCNCC3)cccc21,CHEMBL2147762,0.5897071628248016,1
CN1CCN(c2ccc(C(=O)Nc3n[nH]c4cc(-c5ccc(O)cc5)ccc34)cc2)CC1,CHEMBL4075033,0.5894152137015894,1
CN1CC(NC(=O)c2ccc3[nH]nc(-c4ccncc4)c3c2)CC(c2ccccc2)C1,CHEMBL3651175,0.586831616543299,1
c1cc(-c2ccc3c(-c4cc5cc(CN6CCOCC6)ccc5[nH]4)n[nH]c3c2)[nH]n1,CHEMBL221479,0.5860980063917206,1
O=C1Nc2ccc(F)c3c(S[C@H]4CCNC4)cc(-c4ccc[nH]4)c1c23,CHEMBL79498,0.5856417238309679,1
O=C(Nc1ccc2[nH]nc(-c3ccncc3)c2c1)C1CNCC(c2ccccc2)C1,CHEMBL3651169,0.5851156400274786,1
O=C(Nc1ccccc1N1CCNCC1)c1csc(-c2ccc3[nH]ccc3c2)n1,CHEMBL2037112,0.584178020838244,1
CC(C)NC(=N)c1ccc2nc(N3Cc4ccccc4C3=O)sc2c1,CHEMBL4224838,0.5841489481381479,1
CN1CCN(Cc2ccc3[nH]c(-c4[nH]nc5ccccc45)nc3c2)CC1,CHEMBL209265,0.584148154823593,1
CN1CCN(Cc2ccc3c(c2)Cc2c(-c4csc(C#CCOCC(N)=O)c4)n[nH]c2-3)CC1,CHEMBL225192,0.5838150289017334,1
NC(=O)c1cc(-c2ccc(F)cc2)c2ccc(CN3CCNC(C4CC4)C3)cc2n1,CHEMBL3918313,0.5834227206240853,1
O=C(NC1CCCNC1)c1ccc2[nH]nc(-c3ccncc3)c2c1,CHEMBL3654555,0.5830682782018657,1
Cc1ccc2cc(-c3n[nH]c4ccc(NC5CCNC5)cc34)[nH]c2c1,CHEMBL1684654,0.5826111955316435,1
O=C(N[C@@H]1CCCN(Cc2ccccc2Cl)C1)N1CCc2[nH]nc(-c3ccncc3)c2C1,CHEMBL4115451,0.5821764675297662,1
Cc1cccc(C)c1CN1CCC[C@@H](NC(=O)N2CCc3[nH]nc(-c4ccncc4)c3C2)C1,CHEMBL4111090,0.5821764675297662,1
O=C(N[C@@H]1CCCN(Cc2ccccc2F)C1)N1CCc2[nH]nc(-c3ccncc3)c2C1,CHEMBL4114639,0.5821764675297662,1
Cc1ccsc1CN1CCC[C@@H](NC(=O)N2CCc3[nH]nc(-c4ccncc4)c3C2)C1,CHEMBL4108021,0.5821764675297662,1
Cc1ccc(CN2CCC[C@@H](NC(=O)N3CCc4[nH]nc(-c5ccncc5)c4C3)C2)s1,CHEMBL4108732,0.5821764675297662,1
O=C(N[C@@H]1CCCN(Cc2c(F)cccc2F)C1)N1CCc2[nH]nc(-c3ccncc3)c2C1,CHEMBL4111882,0.5821764675297662,1
O=C1Nc2cccc(C3CCNCC3)c2/C1=C/c1[nH]cc2c1CCNC2=O,CHEMBL58466,0.5808146622388497,1
COCC#Cc1cc(-c2n[nH]c3c2Cc2cc(CN4CCN(C)CC4)ccc2-3)cs1,CHEMBL225036,0.5802690582959638,1
CC(C)(N)CC(=O)N[C@@H]1CCc2ccccc2N(Cc2ccc(-c3ccccc3CN)cc2)C1=O,CHEMBL47818,0.5783903957314359,1
CC(C)(C)C1CN(Cc2ccc3c(-c4ccc(F)cc4)cc(C(N)=O)nc3c2)CCN1,CHEMBL3921230,0.5771901455341008,1
CC(C)C1CN(Cc2ccc3c(-c4ccc(F)cc4)cc(C(N)=O)nc3c2)CCN1,CHEMBL3895775,0.5771901455341008,1
Cc1ccccc1[C@@H]1CN(C)C[C@H]1NC(=O)N1CCc2[nH]nc(-c3ccncc3)c2C1,CHEMBL3966446,0.5767142059584832,1
O=C1NCc2cccc(-c3cc4cc(OCCCN5CCC(O)CC5)ccc4[nH]3)c21,CHEMBL522601,0.5755729764817498,1
CN1CCN(CC(=O)Nc2cccc3c2Cc2c-3n[nH]c2-c2ccsc2)CC1,CHEMBL245768,0.5741178569835389,1
CN1CCC(C)(C(=O)Nc2ccc3[nH]nc(-c4nc5ccccc5[nH]4)c3c2)CC1,CHEMBL3659986,0.5731256821425567,1
CC(C)NC(=N)c1ccc2nc(N3Cc4ccccc4C3=O)[nH]c2c1,CHEMBL4300213,0.571789391878764,1
O=C(NCCN1CCNCC1)c1cc(=O)c2ccc3ccccc3c2[nH]1,CHEMBL494780,0.5716756251460623,1
C[C@]1(c2ccc(-c3[nH]c4cc(F)cc5c4c3CONC5=O)cc2)CCCN1,CHEMBL5314526,0.5715845502934351,1
O=C1NCc2[nH]c3c(ccc4cnc(/C=C/c5ccc(CN6CCOCC6)cc5)cc43)c21,CHEMBL1801374,0.570391427946643,1
C[C@@H]1CN(Cc2ccc3c(-c4ccc(F)cc4)cc(C(N)=O)nc3c2)CCN1,CHEMBL4114602,0.5698554355200666,1
NC(=O)c1cc(-c2ccc(F)cc2)c2ccc(CN3CCNCC3C(F)(F)F)cc2n1,CHEMBL3907125,0.5698554355200666,1
NC(=O)c1cc(-c2ccc(F)cc2)c2ccc(CN3CCNC(C(F)F)C3)cc2n1,CHEMBL3953648,0.5698554355200666,1
C[C@H]1CNC(C(F)(F)F)CN1Cc1ccc2c(-c3ccc(F)cc3)cc(C(N)=O)nc2c1,CHEMBL3903459,0.5698554355200666,1
CC1CN(Cc2ccc3c(-c4ccc(F)cc4)cc(C(N)=O)nc3c2)CC(C(F)(F)F)N1,CHEMBL3894556,0.5698554355200666,1
NC(=O)c1cc(-c2ccc(F)cc2)c2ccc(CN3CCNCC3)cc2n1,CHEMBL3930631,0.5698554355200666,1
NC(=O)c1cc(-c2ccc(F)cc2)c2ccc(CN3CCNC(C(F)(F)F)C3)cc2n1,CHEMBL3935453,0.5698554355200666,1
C[C@H]1CN(Cc2ccc3c(-c4ccc(F)cc4)cc(C(N)=O)nc3c2)CCN1,CHEMBL3893351,0.5698554355200666,1
NC(=O)c1cc(-c2ccc(F)cc2)c2ccc(CN3CCNC(CF)C3)cc2n1,CHEMBL3890277,0.5698554355200666,1
C[C@@H]1CNC(C(F)(F)F)CN1Cc1ccc2c(-c3ccc(F)cc3)cc(C(N)=O)nc2c1,CHEMBL4113710,0.5698554355200666,1
O=C(NCCN1CCNCC1)c1c[nH]c2c(ccc3ccccc32)c1=O,CHEMBL451833,0.5697798377752027,1
NC(=O)c1ccc2[nH]c(-c3ccc(OC4CCCNC4)cc3)nc2c1,CHEMBL400287,0.5694576593720265,1
NC(=O)c1ccc2[nH]c(-c3ccc(OC4CCNCC4)cc3)nc2c1,CHEMBL251368,0.5694576593720265,1
Cc1c(-c2nc3ccccc3[nH]2)cc(C(C)(C)C)n1CCCN1CCNCC1,CHEMBL3929502,0.5693105235873505,1
NC(=O)c1ccc2cc(C(=O)N3C[C@@]4(CCN(C5CCNC5)C4)c4ccccc43)[nH]c2c1,CHEMBL1933529,0.5691295665452832,1
NC(=O)c1ccc2cc(C(=O)N3C[C@]4(CCN(C5CCNC5)C4)c4ccccc43)[nH]c2c1,CHEMBL1933547,0.5691295665452832,1
N[C@H]1CCN(c2ccc3[nH]c(=O)c4sc(-c5ccc(O)cc5)cc4c3c2)C1,CHEMBL3667201,0.5683478110549286,1
CC(C)(C)Nc1ccc2cccc(-c3cc4c([nH]3)CCNC4=O)c2n1,CHEMBL3897826,0.5673541026766125,1
O=C1N(CC2CCNC2)CCN1c1n[nH]c2cnc(-c3cccnc3)cc12,CHEMBL3936994,0.5672207640711578,1
O=C1N(CC2CCNCC2)CCN1c1n[nH]c2cnc(-c3cccnc3)cc12,CHEMBL3962063,0.5672207640711578,1
CC(C)(N)CC(=O)N[C@@H]1CCc2ccccc2N(Cc2ccc(-c3ccccc3C(N)=O)cc2)C1=O,CHEMBL47734,0.5670532123819318,1
CN1CCC(c2ccc([C@H]3CNC(=O)N3c3ccc4[nH]cnc4c3)cc2)CC1,CHEMBL4112755,0.5668257756563244,1
CC(C)NCC(=O)Nc1ccc(C2NC(=O)C(C)(C)c3ccccc32)cc1,CHEMBL3277850,0.5665994481001908,1
O=C([C@@H]1C=C2c3cccc4[nH]cc(c34)C[C@H]2N(C(=O)Nc2ccccc2)C1)N1CC[C@H](O)C1,CHEMBL1809014,0.5657821883385152,1
O=C([C@@H]1C=C2c3cccc4[nH]cc(c34)C[C@H]2N(C(=O)Nc2ccccc2)C1)N1CCC(O)CC1,CHEMBL1809011,0.5657821883385152,1
O=C([C@@H]1C=C2c3cccc4[nH]cc(c34)C[C@H]2N(C(=O)Nc2ccccc2)C1)N1CC[C@@H](O)C1,CHEMBL1809013,0.5657821883385152,1
NCC1CCN(Cc2ccc3[nH]c(-c4cc5cc(C(N)=O)ccc5[nH]c4=O)cc3c2)CC1,CHEMBL218489,0.5652513573688527,1
O=C1NC2(CC2)Cc2[nH]c3c(c21)CCc1cnc(-c2ccc(OCCN4CCOCC4)cc2)cc1-3,CHEMBL1801280,0.5652008836117631,1
O=C(N[C@@H]1CNCC[C@H]1c1ccccc1)c1ccc2[nH]nc(-c3ccc4[nH]ncc4c3)c2c1,CHEMBL3654475,0.5647824760096296,1
c1ccc2[nH]c(-c3ccc(NC4=NCCNC4)cc3)nc2c1,CHEMBL3890503,0.5647489765136824,1
Cc1nc(-c2ccc3c(c2)CCO3)sc1C(=O)Nc1ccccc1N1CCNCC1,CHEMBL2037089,0.5646160104868234,1
O=C(c1ccc(-c2cc(O)c3ncccc3c2)cc1)N1CCNCC1,CHEMBL1513110,0.564365459102301,1
COCC(=O)N1CCN(Cc2ccc3[nH]c(-c4cc5cc(-c6cn[nH]c6)ccc5[nH]c4=O)cc3c2)CC1,CHEMBL374518,0.5643044619422573,1
CN1CCN(C(=O)c2ccc3c(c2)CC(C(=O)Nc2ccc(-c4cn[nH]c4)cc2)CO3)CC1,CHEMBL482163,0.5641737657080995,1
O=C(c1cc2c(Cl)cccc2[nH]1)N1C[C@]2(CCN(C3CCNC3)C2)c2ccccc21,CHEMBL1933549,0.5638965970498023,1
Cc1ccc2[nH]c(C(=O)N3C[C@@]4(CCN(C5CCNC5)C4)c4ccccc43)cc2c1,CHEMBL1933526,0.5638965970498023,1
O=C(c1cc2c(Cl)cccc2[nH]1)N1C[C@@]2(CCN(C3CCNC3)C2)c2ccccc21,CHEMBL1933531,0.5638965970498023,1
O=C(c1cc2cc(F)ccc2[nH]1)N1C[C@]2(CCN(C3CCCNC3)C2)c2ccccc21,CHEMBL1933538,0.5638965970498023,1
O=C(c1cc2cc(F)ccc2[nH]1)N1C[C@@]2(CCN(C3CCCNC3)C2)c2ccccc21,CHEMBL1933519,0.5638965970498023,1
O=C(c1cc2cc(Cl)ccc2[nH]1)N1C[C@@]2(CCN(C3CCNC3)C2)c2ccccc21,CHEMBL1933380,0.5638965970498023,1
O=C(c1cc2ccc(F)cc2[nH]1)N1C[C@@]2(CCN(C3CCNC3)C2)c2ccccc21,CHEMBL1933532,0.5638965970498023,1
C[C@@H]1CCC(N2CC[C@]3(CN(C(=O)c4cc5ccccc5[nH]4)c4ccccc43)C2)CN1,CHEMBL1933551,0.5638965970498023,1
O=C(c1cc2cc(F)ccc2[nH]1)N1C[C@]2(CCN(C3CNC3)C2)c2ccccc21,CHEMBL1933539,0.5638965970498023,1
C[C@@H]1CCC(N2CC[C@@]3(CN(C(=O)c4cc5ccccc5[nH]4)c4ccccc43)C2)CN1,CHEMBL1933533,0.5638965970498023,1
Cc1ccc2[nH]c(C(=O)N3C[C@]4(CCN(C5CCNC5)C4)c4ccccc43)cc2c1,CHEMBL1933544,0.5638965970498023,1
O=C(c1cc2ccc(F)cc2[nH]1)N1C[C@]2(CCN(C3CCNC3)C2)c2ccccc21,CHEMBL1933550,0.5638965970498023,1
O=C(c1cc2cc(F)ccc2[nH]1)N1C[C@@]2(CCN(C3CNC3)C2)c2ccccc21,CHEMBL1933520,0.5638965970498023,1
O=C(c1cc2cc(Cl)ccc2[nH]1)N1C[C@]2(CCN(C3CCNC3)C2)c2ccccc21,CHEMBL1933536,0.5638965970498023,1
CCC1CC(=O)NN=C1c1ccc2nc(-c3ccc(OC4CCNCC4)cc3)oc2c1,CHEMBL3974996,0.5638345394442955,1
COc1cccc(CNC(=O)c2[nH]c3cc(-c4cn[nH]c4)ccc3c2CN2CCN(C)CC2)c1,CHEMBL1922140,0.5637403528114667,1
COCCOCC#Cc1cc(-c2n[nH]c3c2Cc2cc(CN4CCN(C)CC4)ccc2-3)cs1,CHEMBL225193,0.5635818454409157,1
COCCOCC#Cc1cc(-c2n[nH]c3c2Cc2ccc(CN4CCN(C)CC4)cc2-3)cs1,CHEMBL225335,0.5635818454409157,1
COc1ccc(-c2ccc3c(-c4ccc(N5CCNCC5)cc4)n[nH]c3n2)cc1,CHEMBL1910896,0.5633738157839823,1
O=C(N[C@@H]1CCCN(Cc2ccncc2)C1)c1ccc2[nH]nc(-c3ccc4c(c3)CCO4)c2c1,CHEMBL3651179,0.5626302749046288,1
Oc1ccc(-c2ccc3c(-c4ccc(N5CCNCC5)cc4)n[nH]c3n2)cc1,CHEMBL1910893,0.5625070581592323,1
CCN1CCN(CCCOc2ccc3[nH]c(-c4cccc5c4C(=O)NC5)cc3c2)CC1,CHEMBL489820,0.562417374881964,1
CN1CCN(c2cccc(C3=C(c4c[nH]c5ccccc45)C(=O)NC3=O)c2)CC1,CHEMBL585500,0.5613972394693348,1
CN1CCN(Cc2ccc(-c3[nH]nc4c3Cc3ccccc3-4)cc2)CC1,CHEMBL212962,0.5609851446442532,1
CN1CCN(Cc2cccc(-c3[nH]nc4c3Cc3ccccc3-4)c2)CC1,CHEMBL212961,0.5609851446442532,1
CN1CCC(C(=O)N2Cc3c(NC(=O)c4ccc5ccccc5c4)n[nH]c3C2(C)C)CC1,CHEMBL1744449,0.5608149111400083,1
NCC1CCN(Cc2ccc3[nH]c(-c4cc5ccccc5[nH]c4=O)cc3c2)CC1,CHEMBL221735,0.5597999999999995,1
O=C(NCCN1CCNCC1)c1ccc2[nH]c(=O)c3c(c2c1)CCSC3,CHEMBL2237232,0.5597794673424926,1
c1cc(-c2ccc3ncn(C4CCNCC4)c3c2)c2cc[nH]c2n1,CHEMBL4208713,0.5593433754605232,1
c1cc(-c2ccc3ncn(C4CNC4)c3c2)c2cc[nH]c2n1,CHEMBL4203835,0.5593433754605232,1
c1cc(-c2ccc3ncn(C4CCCNC4)c3c2)c2cc[nH]c2n1,CHEMBL4216980,0.5593433754605232,1
COc1ccc2cc(C(=O)N3C[C@]4(CCN(C5CCNC5)C4)c4ccccc43)[nH]c2c1,CHEMBL1933546,0.559317675295731,1
COc1ccc2[nH]c(C(=O)N3C[C@]4(CCN(C5CCNC5)C4)c4ccccc43)cc2c1,CHEMBL1933545,0.559317675295731,1
COc1ccc2cc(C(=O)N3C[C@@]4(CCN(C5CCNC5)C4)c4ccccc43)[nH]c2c1,CHEMBL1933528,0.559317675295731,1
COc1ccc2[nH]c(C(=O)N3C[C@@]4(CCN(C5CCNC5)C4)c4ccccc43)cc2c1,CHEMBL1933527,0.559317675295731,1
CC(C)(O)Cn1/c(=N/C(=O)c2ccc(-c3cn[nH]c3)s2)[nH]c2cc(CN3CCCCC3)ccc21,CHEMBL493007,0.5591254065775211,1
NC(=O)c1ccc(-c2n[nH]c3c2Cc2cc(CN4CCC(O)CC4)ccc2-3)cc1,CHEMBL243188,0.5590975968612062,1
Fc1ccccc1-c1n[nH]c2cnc(-c3cncc(NC4CCNCC4)c3)cc12,CHEMBL3984278,0.5588891558820502,1
CN1CCN(Cc2ccc3c(c2)Cc2c(-c4csc(C#CCNS(=O)(=O)c5ccccc5)c4)n[nH]c2-3)CC1,CHEMBL376779,0.5585693891351712,1
CN1CCN(C(=O)c2ccc3c(c2)C(=C(c2ccccc2)c2nc4ccccc4[nH]2)C(=O)N3)CC1,CHEMBL2086745,0.5583837930776703,1
CCC1CC(=O)NN=C1c1ccc2nc(-c3ccc(OC[C@@H]4CCCN4)cc3)oc2c1,CHEMBL3906059,0.5583191926408857,1
CCC1CC(=O)NN=C1c1ccc2nc(-c3ccc(OC[C@H]4CCCN4)cc3)oc2c1,CHEMBL4114154,0.5583191926408857,1
COc1cccc(CNC(=O)c2[nH]c3cc(-c4cn[nH]c4)ccc3c2CN2CCCNCC2)c1,CHEMBL1922141,0.5579971509107996,1
O=C(N[C@@H]1CCCN(CC2CC2)C1)c1ccc2[nH]nc(-c3ccncc3)c2c1,CHEMBL3651185,0.5579446640316204,1
NC(=O)c1cc(CN2CCNCC2)cc(-c2ccc(Oc3ccc(F)cc3)cc2)n1,CHEMBL3688027,0.5576737118386516,1
CN1CCN(Cc2ccc3c(c2)Cc2c(-c4ccsc4)n[nH]c2-3)CC1,CHEMBL377959,0.5576085158016654,1
CN1CCN(Cc2ccc3c(c2)-c2[nH]nc(-c4ccsc4)c2C3)CC1,CHEMBL213743,0.5576085158016654,1
CC#Cc1cc(-c2n[nH]c3c2Cc2cc(CN4CCN(C)CC4)ccc2-3)cs1,CHEMBL223943,0.5576085158016654,1
Cc1ccc(-c2n[nH]c3c2Cc2cc(CN4CCN(C)CC4)ccc2-3)s1,CHEMBL212880,0.5576085158016654,1
CN1CCN(Cc2ccc3c(c2)-c2[nH]nc(-c4ccccc4)c2C3)CC1,CHEMBL427050,0.5576085158016654,1
Cc1ccsc1-c1n[nH]c2c1Cc1cc(CN3CCN(C)CC3)ccc1-2,CHEMBL212030,0.5576085158016654,1
CN1CCN(Cc2ccc3c(c2)Cc2c(-c4ccccc4)n[nH]c2-3)CC1,CHEMBL441369,0.5576085158016654,1
Cc1csc(-c2n[nH]c3c2Cc2cc(CN4CCN(C)CC4)ccc2-3)c1,CHEMBL378058,0.5576085158016654,1
CN1CCN(Cc2ccc3c(c2)Cc2c(-c4cccs4)n[nH]c2-3)CC1,CHEMBL213195,0.5576085158016654,1
CN1CCN(Cc2cccc3c2Cc2c(-c4ccccc4)n[nH]c2-3)CC1,CHEMBL216020,0.5571659482758619,1
O=C1Nc2cccc(C3CCNCC3)c2/C1=C/c1[nH]cc2c1CCOC2=O,CHEMBL58224,0.557061777795925,1
Cc1c2c3cc(NC(=O)[C@@H]4CCCN4)ccc3nc-2n(C)c2ccccc12,CHEMBL3217011,0.557054924242424,1
Cc1c2ccccc2nc2c1c1cc(NC(=O)[C@@H]3CCCN3)ccc1n2C,CHEMBL2147857,0.557054924242424,1
Cc1c2c3cc(NC(=O)[C@H]4CCCN4)ccc3nc-2n(C)c2ccccc12,CHEMBL2220224,0.557054924242424,1
c1cc(-c2ccc3c(-c4ccc(N5CCNCC5)cc4)n[nH]c3n2)ccn1,CHEMBL1910897,0.5570444739462331,1
O=c1[nH]ccc2cc(-c3cc(O)cc(CCC4CCCCN4)c3)ccc12,CHEMBL3474345,0.5570261730161566,1
Cc1n[nH]c(C)c1-c1ccc2c(NC(=O)c3ccc(N4CCN(C)CC4)cc3)n[nH]c2c1,CHEMBL4095072,0.5569920355621416,1
COc1ccc(-c2cc3c(cn2)CCc2c-3[nH]c3c2C(=O)NC2(CNC2)C3)cc1,CHEMBL1801294,0.5566666666666669,1
COc1ccc(C2=NCCN2)cc1-c1ccnc2[nH]c(C3CCCNC3)cc12,CHEMBL3663748,0.5565821716948536,1
N#Cc1ccc2cc(C(=O)N3C[C@@]4(CCN(C5CCNC5)C4)c4ccccc43)[nH]c2c1,CHEMBL1933530,0.5561211395328938,1
N#Cc1ccc2cc(C(=O)N3C[C@]4(CCN(C5CCNC5)C4)c4ccccc43)[nH]c2c1,CHEMBL1933548,0.5561211395328938,1
CN1CCN(C(=O)c2ccc3c(-c4nc5ccccc5[nH]4)n[nH]c3c2)CC1,CHEMBL3913747,0.5557065217391304,1
C=CCN1CCN(C(=O)c2ccc3c(-c4nc5ccccc5[nH]4)n[nH]c3c2)CC1,CHEMBL3924936,0.5557065217391304,1
c1ccc2c(N3CCNCC3)nc(-c3ccc4[nH]ncc4c3)cc2c1,CHEMBL3338841,0.5554697678907493,1
N#Cc1ccc2[nH]c(=O)c(-c3cc4cc(CN5CCC(CN)CC5)ccc4[nH]3)cc2c1,CHEMBL221862,0.55540093929379,1
N#Cc1ccc2cc(-c3cc4cc(CN5CCC(CN)CC5)ccc4[nH]3)c(=O)[nH]c2c1,CHEMBL220925,0.55540093929379,1
O=C(N[C@@H]1CCCN(Cc2ccccn2)C1)c1ccc2[nH]nc(-c3ccc4c(c3)CCO4)c2c1,CHEMBL3651176,0.5551395375767164,1
NC(=O)c1ccc2c(-c3cc4cc(CN5CCOCC5)ccc4[nH]3)n[nH]c2c1,CHEMBL221427,0.5551016898138192,1
CNC(=O)c1ccc2c(-c3cc4cc(CN5CCOCC5)ccc4[nH]3)n[nH]c2c1,CHEMBL375981,0.5551016898138192,1
Cc1ccccc1-c1ccc(C(N)=O)c2[nH]c3cc(C(=O)N4CCN(C)CC4)ccc3c12,CHEMBL3621501,0.5543312068329203,1
CN1CCN(C(=O)c2ccc3c(c2)[nH]c2c(C(N)=O)ccc(-c4c(F)cccc4F)c23)CC1,CHEMBL3621518,0.5543312068329201,1
CN1CCN(C(=O)c2ccc3c(c2)[nH]c2c(C(N)=O)ccc(-c4cc(F)ccc4F)c23)CC1,CHEMBL3621517,0.5543312068329201,1
CN1CCN(C(=O)c2ccc3c(c2)[nH]c2c(C(N)=O)ccc(-c4ccc(F)cc4F)c23)CC1,CHEMBL3621516,0.5543312068329201,1
CN1CCN(C(=O)c2ccc3c(c2)[nH]c2c(C(N)=O)ccc(-c4cccc(F)c4F)c23)CC1,CHEMBL3621512,0.5543312068329201,1
CN1CCN(C(=O)c2ccc3c(c2)[nH]c2c(C(N)=O)ccc(-c4ccccc4F)c23)CC1,CHEMBL3621496,0.5543312068329201,1
CN1CCN(C(=O)c2ccc3[nH]c4c(C(N)=O)ccc(-c5ccccc5F)c4c3c2)CC1,CHEMBL3621457,0.5543312068329201,1
CN1CCN(c2ccc(-c3c(-c4cn[nH]c4)cnc4[nH]ccc34)cc2)CC1,CHEMBL4280695,0.5538123627235643,1
O=C(N[C@@H](C(=O)N1CCC(CN2CCNCC2)CC1)c1ccccc1)c1ccc2cc[nH]c2c1,CHEMBL250010,0.5535347882857672,1
O=C1NCCc2[nH]c(-c3cccc4ccc(OC5CCNCC5)nc34)cc21,CHEMBL3904025,0.5534566094629949,1
O=C1NCCc2[nH]c(-c3cccc4ccc(O[C@H]5CCCNC5)nc34)cc21,CHEMBL3899011,0.5534566094629949,1
O=C1NCCc2[nH]c(-c3cccc4ccc(O[C@@H]5CCCNC5)nc34)cc21,CHEMBL3940639,0.5534566094629949,1
CC(=O)Nc1cccc(C(=O)NCc2cccc(-c3cccc(CN4CCNCC4)c3)c2)c1,CHEMBL494752,0.5530830364483414,1
Fc1ccc(-c2n[nH]c3ccc(-c4n[nH]c(C5CCCN5)n4)cc23)cc1,CHEMBL3969582,0.5527644587771036,1
NC(=O)c1cccc2[nH]c(-c3ccc(-c4cncc(CN5CCCC5)c4)cc3)nc12,CHEMBL3593990,0.5525167444692511,1
CC(=O)N1CCN(Cc2ccc3[nH]c(-c4cc5cc(-c6cnn(C)c6)ccc5[nH]c4=O)cc3c2)CC1,CHEMBL220973,0.5524560117302052,1
Nc1cccc(C(=O)NCc2cccc(-c3cccc(CN4CCNCC4)c3)c2)c1,CHEMBL494951,0.5523867934171517,1
Cc1cc(-c2n[nH]c3ccc(C(=O)N[C@@H]4CCCN(Cc5ncccc5F)C4)cc23)ccn1,CHEMBL3654530,0.552295632698768,1
O=C(NC1CCCCN(Cc2ccccn2)C1)c1ccc2[nH]nc(-c3ccncc3)c2c1,CHEMBL3654548,0.552295632698768,1
CN1CCN(c2cccc3[nH]c(-c4n[nH]c5cc(-c6ccc(CN)cc6)ccc45)nc23)CC1,CHEMBL474433,0.5522536198038297,1
COc1ccc(-c2nc(C(N)=O)c(-c3ccc(N4CCNC(C)(C)C4)cc3)o2)c2cc[nH]c12,CHEMBL3923418,0.5521367521367522,1
CN1CCN(Cc2ccc3c(c2)Cc2c(-c4cccnc4)n[nH]c2-3)CC1,CHEMBL413772,0.5520664312303137,1
CN1CCN(Cc2ccc3c(c2)Cc2c(-c4cncs4)n[nH]c2-3)CC1,CHEMBL215658,0.5520664312303137,1
Fc1ccc(-c2[nH]cc(CCCN3CCNCC3)c2-c2ccncc2)cc1,CHEMBL563190,0.5516598508539812,1
Cc1nc2cccc(-c3cc4c([nH]3)CCNC4=S)c2nc1NC(C)(C)C,CHEMBL3934590,0.5515836509396765,1
COc1cccc(CNC(=O)c2[nH]c3cc(-c4cn[nH]c4)ccc3c2CN2CCOCC2)c1,CHEMBL1922139,0.5511437363289216,1
NC(=O)c1ccc2[nH]c(-c3ccc(OC4CCN(Cc5ccccc5)C4)cc3)nc2c1,CHEMBL248934,0.5511299143535238,1
N#Cc1ccc2c(c1)ncn2-c1ccc2[nH]cc(C3=CCNCC3)c2c1,CHEMBL78730,0.5510929618063894,1
N#Cc1ccc2c(c1)ncn2-c1ccc2[nH]cc(C3CCNCC3)c2c1,CHEMBL79037,0.5510929618063894,1
CC(C)NCC1CCN(C(=O)[C@H](NC(=O)c2ccc3cc[nH]c3c2)c2ccccc2)CC1,CHEMBL251615,0.5508850800786733,1
O=C1NC(N2CCNCC2)=N/C1=C\c1cc2ccccc2c2ccccc12,CHEMBL3617223,0.5506920501673912,1
COc1cccc(CN(CCN2CCCC2)C(=O)c2cc3ccc(-c4cn[nH]c4)nc3[nH]2)c1,CHEMBL1922044,0.5505041799534601,1
CN(C)C(=O)C(c1ccccc1F)N1CCC[C@@H](NC(=O)c2ccc3[nH]nc(-c4ccncc4)c3c2)C1,CHEMBL3658469,0.5501720942546994,1
CN(C)C(=O)C(c1c(F)cccc1F)N1CCC[C@@H](NC(=O)c2ccc3[nH]nc(-c4ccncc4)c3c2)C1,CHEMBL3658468,0.5501720942546994,1
O=C(Nc1n[nH]c2ccc(-c3ccc4c(c3)CNC4)cc12)C1CC1,CHEMBL4086141,0.5491933877713601,1
CN1Cc2c(C3=CC4CNCC4C3)[nH]c3nccc(c23)-c2cc(F)ccc21,CHEMBL3951695,0.5486729433817573,1
Cc1cc(-c2n[nH]c3ccc(C(=O)N[C@@H]4CC[C@@H](C(=O)N(C)C)N(Cc5cccs5)C4)cc23)ccn1,CHEMBL3654655,0.5485940246045691,1
Cc1cc(-c2n[nH]c3ccc(C(=O)N[C@@H]4CC[C@@H](C(=O)N(C)C)N(Cc5ccccc5F)C4)cc23)ccn1,CHEMBL3654652,0.5485940246045691,1
CN(C)C(=O)[C@@H]1CC[C@@H](NC(=O)c2ccc3[nH]nc(-c4ccncc4)c3c2)CN1Cc1ccccc1,CHEMBL3654590,0.548594024604569,1
CC1(C)C=C(c2ccc(-c3nc4c(C(N)=O)cccc4[nH]3)cc2)C(C)(C)N1,CHEMBL469752,0.5485629105138118,1
COc1cc[nH]c1/C=C1\C(=O)Nc2ccc(F)c(C#C[C@@H]3C[C@H](O)CN3)c21,CHEMBL353182,0.5483597789267245,1
COc1cc[nH]c1/C=C1\C(=O)Nc2ccc(F)c(C#C[C@@H]3C[C@@H](O)CN3)c21,CHEMBL170130,0.5483597789267245,1
O=C1Nc2cc(C(=O)NCC3CCCN3)ccc2S/C1=C\c1ccccc1F,CHEMBL2171111,0.5483004820894611,1
Cn1cc(-c2ccc(Cc3n[nH]c4ccc(C(=O)N5CCNCC5)cc34)cc2)cn1,CHEMBL3775562,0.5482675964262363,1
COc1cccc(F)c1CN1CCC[C@@H](NC(=O)N2CCc3[nH]nc(-c4ccncc4)c3C2)C1,CHEMBL4109581,0.5477237397290691,1
CN1CCN(Cc2ccc3c(c2)Cc2c(Nc4ccccc4)n[nH]c2-3)CC1,CHEMBL223551,0.5474553471339958,1
O=C(N[C@H]1Cc2ccccc2[C@@H]1NC(=O)[C@H]1CCNC1)c1cc2cc(F)ccc2[nH]1,CHEMBL4160434,0.5472472943491462,1
CN1CCN(CCc2ccc3c(c2)-c2[nH]nc(-c4ccsc4)c2C3)CC1,CHEMBL215901,0.5472296395193587,1
Cc1c2c3ccccc3nc-2n(C)c2ccc(NC(=O)[C@@H]3CCCN3)cc12,CHEMBL3233344,0.5471207898341912,1
c1cc(-c2[nH]c(C3CCNCC3)nc2-c2ccc3c(c2)Cc2cn[nH]c2-3)ccn1,CHEMBL1254230,0.5469324830944957,1
O=C(c1ccc(OC2CCNCC2)cc1)c1cc2cc(O)ccc2[nH]1,CHEMBL1682614,0.5468027941966682,1
COc1cc[nH]c1/C=C1\C(=O)Nc2ccc(F)c(C#C[C@@H]3CCCN3)c21,CHEMBL355631,0.5466318363717204,1
CNC(=O)C(c1ccccc1F)N1CCC[C@@H](NC(=O)c2ccc3[nH]nc(-c4ccncc4)c3c2)C1,CHEMBL3658465,0.5465998904452618,1
NC(=O)C(c1c(F)cccc1F)N1CCC[C@@H](NC(=O)c2ccc3[nH]nc(-c4ccncc4)c3c2)C1,CHEMBL3658466,0.5465998904452618,1
CNC(=O)C(c1c(F)cccc1F)N1CCC[C@@H](NC(=O)c2ccc3[nH]nc(-c4ccncc4)c3c2)C1,CHEMBL3658467,0.5465998904452618,1
NC(=O)C(c1ccccc1F)N1CCC[C@@H](NC(=O)c2ccc3[nH]nc(-c4ccncc4)c3c2)C1,CHEMBL3658464,0.5465998904452618,1
COc1ccc(-c2cc(C(N)=O)c3[nH]c4cc(C(=O)N5CCN(C)CC5)ccc4c3c2)cc1F,CHEMBL3646819,0.5465227490094274,1
COc1cccc(-c2cc(C(N)=O)c3[nH]c4cc(C(=O)N5CCN(C)CC5)ccc4c3c2)c1,CHEMBL3622198,0.5465227490094274,1
COc1ccc(-c2cc(C(N)=O)c3[nH]c4cc(C(=O)N5CCN(C)CC5)ccc4c3c2)cc1,CHEMBL3622199,0.5465227490094274,1
COc1cccc(-c2cc(C(N)=O)c3[nH]c4ccc(C(=O)N5CCN(C)CC5)cc4c3c2)c1,CHEMBL3589171,0.5465227490094274,1
Cn1c2ccccc2c2cc(C(=O)NCCN3CCNCC3)c3ncccc3c21,CHEMBL2413718,0.5462706934319675,1
NC(=O)c1cnc(N[C@H]2CCCNC2)c2cc(-c3ccc4cc[nH]c4c3)sc12,CHEMBL1288073,0.5461468477271962,1
NC(=O)c1cnc(N[C@H]2CCCNC2)c2cc(-c3ccc4[nH]ccc4c3)sc12,CHEMBL1288072,0.5461468477271962,1
O=c1[nH]c(-c2[nH]c3ccccc3c2/C=N/CCN2CCCC2)nc2ccccc12,CHEMBL3734800,0.5461192100218446,1
CN1C(c2ccc(F)c(CN3CCNCC3)c2)c2ccc3cccnc3c2NS1(=O)=O,CHEMBL3897526,0.546006522795087,1
CCNC(=O)[C@@H]1CC[C@@H](NC(=O)c2ccc3[nH]nc(-c4ccncc4)c3c2)CN1Cc1ccccc1,CHEMBL3654593,0.5458633790804064,1
O=C(Nc1ccc(C(=O)N2CC3(CCCCN3)C2)cc1)N1Cc2ccncc2C1,CHEMBL3966103,0.545852508699068,1
O=C(Nc1ccc(C(=O)N2CCC3(CCN3)CC2)cc1)N1Cc2ccncc2C1,CHEMBL3936169,0.545852508699068,1
O=C(Nc1ccc(C(=O)N2CCCC3(CCCCN3)C2)cc1)N1Cc2ccncc2C1,CHEMBL3912285,0.545852508699068,1
O=C(Nc1ccc(C(=O)N2CCCC3(CCCN3)CC2)cc1)N1Cc2ccncc2C1,CHEMBL3970246,0.545852508699068,1
O=C(Nc1ccc(C(=O)N2CCC3(CCCN3)C2)cc1)N1Cc2ccncc2C1,CHEMBL3935595,0.545852508699068,1
O=C(Nc1ccc(C(=O)N2CCC3(CCCCN3)C2)cc1)N1Cc2ccncc2C1,CHEMBL3926671,0.545852508699068,1
O=C(Nc1ccc(C(=O)N2CCC3(CCCN3)CC2)cc1)N1Cc2ccncc2C1,CHEMBL3908226,0.545852508699068,1
CN1CCc2cc(-c3ccc(C(c4ccccc4)N4CCNCC4)cc3)ccc2C1=O,CHEMBL129422,0.5456581378422259,1
CN1CCN(C(=O)c2ccc3c(c2)[nH]c2c(C(N)=O)cc(-c4ccccc4)cc23)CC1,CHEMBL3646820,0.5456540355384283,1
CN1CCN(C(=O)c2cccc(C3=Nc4ccc(C#Cc5ccccc5)cc4NC(=O)C3)c2)CC1,CHEMBL392381,0.5455422507235684,1
CN1CCN(Cc2ccc3c(c2)CN(C(=O)Nc2ccc(-c4n[nH]c(=O)c5ccccc45)cc2)C3)CC1,CHEMBL3946294,0.5450772340118375,1
Cc1cc(NS(=O)(=O)c2cncc(-c3ccc(F)cc3)c2)ccc1CN1CCN[C@@H](C)C1,CHEMBL2364322,0.5449310298647382,1
COc1ccc(F)cc1-c1ccnc2[nH]c(C3=CC4CCC(C3)N4C(=O)CN3CC(O)C3)cc12,CHEMBL3902691,0.5448398720595977,1
CN1CCN(C(=O)c2ccc3c(c2)-c2[nH]nc(-c4ccsc4)c2C3)CC1,CHEMBL378007,0.5447491880187657,1
NC(=O)c1ccc2[nH]c(-c3ccc(OCCC4CCCCN4)cc3)nc2c1,CHEMBL3898416,0.5446699445548695,1
Cn1c(CN2CCC[C@@H](NC(=O)N3CCc4[nH]nc(-c5ccncc5)c4C3)C2)cc2ccccc21,CHEMBL4110333,0.5441323585994612,1
Cc1[nH]c2c(c1C(=O)NCCN1CCCCC1)CCC/C2=C1/C(=O)Nc2ccc(F)cc21,CHEMBL2430259,0.544112854415941,1
Cc1[nH]c2c(c1C(=O)NCCN1CCCC1)CCC/C2=C1/C(=O)Nc2ccc(F)cc21,CHEMBL2430260,0.544112854415941,1
CN1CC(NC(=O)c2ccc3[nH]nc(-c4ccc5nccn5c4)c3c2)CCC1C1CC1,CHEMBL3654576,0.543932267168391,1
O=C(NCc1cccc(-c2cccc(CN3CCNCC3)c2)c1)c1cccc(O)c1,CHEMBL501486,0.5438492277783773,1
O=C1[C@@H](NS(=O)(=O)c2ccc3cc[nH]c3c2)CCN1c1ccc(C2CCCN2)cc1F,CHEMBL1684191,0.543690157853877,1
O=C1[C@@H](NS(=O)(=O)c2ccc3c(Cl)c[nH]c3c2)CCN1c1ccc(C2CCCN2)cc1F,CHEMBL1684190,0.543690157853877,1
CN1CCN(CC(=O)N2CCc3nc(-c4cc5cc(Cl)ccc5[nH]c4=O)[nH]c3C2)CC1,CHEMBL2016915,0.5436729047381162,1
CN1CCN(CC(=O)N2CCc3nc(-c4cc5c(F)cccc5[nH]c4=O)[nH]c3C2)CC1,CHEMBL2016913,0.5436729047381162,1
CN1CCN(CC(=O)N2CCc3nc(-c4cc5cc(F)ccc5[nH]c4=O)[nH]c3C2)CC1,CHEMBL2016914,0.5436729047381162,1
CN1CCN(CC(=O)N2CCc3nc(-c4cc5ccccc5[nH]c4=O)[nH]c3C2)CC1,CHEMBL2016912,0.5436729047381162,1
O=C(NC1CCNC1)c1ccc2[nH]c(-c3cc4ccccc4nc3O)cc2c1,CHEMBL325003,0.5434158662125445,1
c1cnc(-c2ccc3[nH]cc(-c4ccc(N5CCNCC5)cc4)c3c2)cn1,CHEMBL1910905,0.5433343071379878,1
NC1CCN(c2cncc(-c3cc4c(-c5ccccc5F)n[nH]c4cn3)c2)CC1,CHEMBL3960318,0.5431455144513493,1
N[C@H]1CCN(c2cncc(-c3cc4c(-c5ccccc5F)n[nH]c4cn3)c2)C1,CHEMBL3923325,0.5431455144513493,1
N[C@H]1CCCN(c2cncc(-c3cc4c(-c5ccccc5F)n[nH]c4cn3)c2)C1,CHEMBL3957209,0.5431455144513493,1
N[C@@H]1CCN(c2cncc(-c3cc4c(-c5ccccc5F)n[nH]c4cn3)c2)C1,CHEMBL4106476,0.5431455144513493,1
CC1CC(=O)NN=C1c1ccc2nc(-c3cccc(OCC4CCNCC4)c3)oc2c1,CHEMBL3941218,0.5430290227773693,1
O=C1NCCc2[nH]c3c(ccc4cnc(-c5cccc(OCCN6CCOCC6)c5)cc43)c21,CHEMBL1801387,0.5429986981050193,1
O=C1NCc2[nH]c3c(ccc4cnc(-c5cccc(OCCN6CCOCC6)c5)cc43)c21,CHEMBL1801380,0.5429986981050193,1
CC1(C)C=C(COc2ccc(-c3nc4c(C(N)=O)cccc4[nH]3)cc2)C(C)(C)N1,CHEMBL472264,0.5427023062505092,1
CC(C)NCC(=O)Nc1ccc(C2NC(=O)Cc3ccccc32)cc1,CHEMBL3277842,0.5425484016208915,1
N#Cc1cccc(-c2cc(C(=O)Nc3ccc([C@@H]4CCCNC4)cc3)[nH]n2)c1,CHEMBL3663714,0.5420303655504413,1
N#Cc1cccc(-c2cc(C(=O)Nc3ccc(C4CCNC4)cc3)[nH]n2)c1,CHEMBL3663716,0.5420303655504413,1
N#Cc1cccc(-c2cc(C(=O)Nc3ccc([C@H]4CCCNC4)cc3)[nH]n2)c1,CHEMBL3663715,0.5420303655504413,1
Cc1cc(NS(=O)(=O)c2ccc(-c3ccc(F)cc3)nc2)ccc1CN1CCN[C@@H](C)C1,CHEMBL2364315,0.5419527418635756,1
C[C@@H]1CN(Cc2ccc(NS(=O)(=O)c3ccc(-c4ccc(F)cc4)nc3)cc2)C[C@H](C)N1,CHEMBL2364314,0.5419527418635756,1
Cn1cc(-c2cc3cccnc3[nH]2)c2cc(C(=O)NC(C)(C)CO)ccc21,CHEMBL1229525,0.5417363822271797,1
O=c1nc(-c2ccc3[nH]ncc3c2)cc(-c2ccc(N3CCNCC3)cc2)[nH]1,CHEMBL501732,0.5417243832129084,1
CC(=O)Nc1cccc(-c2cc(C(N)=O)c3[nH]c4cc(C(=O)N5CCN(C)CC5)ccc4c3c2)c1,CHEMBL3622201,0.5416581705476937,1
O=C1NCCc2[nH]c(-c3cccc4ccc(N[C@H]5CCCNC5)nc34)cc21,CHEMBL3920246,0.5415504740658111,1
O=C1NCCc2[nH]c(-c3cccc4ccc(N[C@@H]5CCCNC5)nc34)cc21,CHEMBL3921312,0.5415504740658111,1
NC(=O)c1cc2c(cn1)[nH]c1ncc(-c3ccc(CN4CCCCC4)cc3)cc12,CHEMBL3582218,0.5415083850643936,1
O=C(c1cc(Cc2c[nH]c(=O)c3cccn23)ccc1F)N1CCCNCC1,CHEMBL597339,0.5414393806088331,1
O=C(c1cc(Cc2c[nH]c(=O)c3cc(Cl)c(Cl)n23)ccc1F)N1CCNCC1,CHEMBL590880,0.5414393806088331,1
O=C(c1cc(Cc2c[nH]c(=O)c3c(Cl)cc(Cl)n23)ccc1F)N1CCCNCC1,CHEMBL599595,0.5414393806088331,1
O=C(c1cc(Cc2c[nH]c(=O)c3cc(Cl)c(Cl)n23)ccc1F)N1CCCNCC1,CHEMBL596933,0.5414393806088331,1
O=C(c1cc(Cc2c[nH]c(=O)c3cc(Cl)cn23)ccc1F)N1CCCNCC1,CHEMBL604291,0.5414393806088331,1
Cc1cc2c(=O)[nH]cc(Cc3ccc(F)c(C(=O)N4CCCNCC4)c3)n2c1,CHEMBL610164,0.5414393806088331,1
O=C(c1cc(Cc2c[nH]c(=O)c3c(Cl)c(Cl)cn23)ccc1F)N1CCCNCC1,CHEMBL599793,0.5414393806088331,1
C[C@@H]1CN(c2ccccc2NC(=O)c2csc(-c3ccc4c(c3)CCO4)n2)CCN1,CHEMBL2037024,0.541417295515656,1
C[C@H]1CN(c2ccccc2NC(=O)c2csc(-c3ccc4c(c3)CCO4)n2)CCN1,CHEMBL2037025,0.541417295515656,1
CC1CNCCN1c1ccccc1NC(=O)c1csc(-c2ccc3c(c2)CCO3)n1,CHEMBL2037021,0.5414172955156559,1
O=C(Nc1ccccc1N1CCNCC1)c1csc(-c2ccc3c(c2)CCO3)n1,CHEMBL2037017,0.5414172955156559,1
O=C(Nc1ccccc1N1CCNCC1)c1nc(-c2ccc3c(c2)CCO3)cs1,CHEMBL2037090,0.5414172955156558,1
CC(C)NC(=N)c1ccc(C(=O)Nc2nc3ccccc3s2)cc1,CHEMBL473184,0.5414164998888144,1
Cc1ccc(-c2nc3cc(NC(=O)CCN4CCN(C)CC4)ccc3[nH]2)cc1,CHEMBL1812381,0.5412755457812584,1
CCN1CCN(CCC(=O)Nc2ccc3[nH]c(-c4ccc(Br)cc4)nc3c2)CC1,CHEMBL1812488,0.5412755457812584,1
CCN1CCN(CCC(=O)Nc2ccc3[nH]c(-c4ccc(C)cc4)nc3c2)CC1,CHEMBL1812380,0.5412755457812584,1
Cc1ccc2[nH]c(=O)c3cc(C(=O)N4CCN(C5=CC=CCN5)CC4)sc3c2c1,CHEMBL599412,0.5412627955430744,1
N#Cc1cccc2[nH]c(=O)c(-c3cc4cc(CN5CCC(CN)CC5)ccc4[nH]3)cc12,CHEMBL221788,0.540733065665069,1
Cc1cc(-c2cc(NC(=O)c3ccc(CN4CCN(C)CC4)cc3)[nH]n2)ccc1N,CHEMBL3809012,0.5404357248773811,1
O=c1[nH]c2ccccc2cc1-c1nc2c([nH]1)CN(C1CCNCC1)CC2,CHEMBL2016897,0.5403520936861974,1
NC(=O)c1ccc(-c2n[nH]c3c2Cc2cc(CN4CCOCC4)ccc2-3)cc1,CHEMBL390626,0.5402789638485622,1
CN1CCN(Cc2ccc3c(c2)Cc2c(-c4nccs4)n[nH]c2-3)CC1,CHEMBL209861,0.5402748660610293,1
CN1CCN(Cc2ccc3c(c2)Cc2c(-c4cscn4)n[nH]c2-3)CC1,CHEMBL209806,0.5402748660610293,1
O=C1NC(N2CCNCC2)=N/C1=C\c1ccc2c(c1)Cc1ccccc1-2,CHEMBL3617221,0.5401934196387452,1
CN1C[C@H](NC(=O)c2ccc3[nH]nc(-c4ccncc4)c3c2)CC[C@H]1C(=O)NCc1ccccc1,CHEMBL3654603,0.5398199177210276,1
CC(=O)N1CCN(Cc2ccc3[nH]c(-c4n[nH]c5ccccc45)cc3c2)CC1,CHEMBL374412,0.5397904592064199,1
N#Cc1ccc2c(-c3cc4cc(CN5CCOCC5)ccc4[nH]3)n[nH]c2c1,CHEMBL374413,0.5397864768683273,1
CN(C)C(=O)c1ccc2c(-c3cc4cc(CN5CCOCC5)ccc4[nH]3)n[nH]c2c1,CHEMBL374940,0.5397864768683273,1
NC(=O)c1ccc2[nH]c(-c3ccc(OCC4CCCNC4)cc3)nc2c1,CHEMBL249776,0.5396519383076278,1
NC(=O)c1ccc2[nH]c(-c3ccc(OCC4CCNCC4)cc3)nc2c1,CHEMBL249777,0.5396519383076278,1
O=C(Nc1ccccc1-c1cn2c(CN3CCNCC3)csc2n1)c1ccccc1,CHEMBL523275,0.5395213352227997,1
Cc1ccc(-c2c(CN)c(CC(C)C)nc3ccc(N4CC(=O)NCC4=O)cc23)cc1,CHEMBL1739311,0.5394984182293336,1
CNC(=O)NCc1ccccc1-c1ccc(CN2C(=O)[C@H](NC(=O)CC(C)(C)N)CCc3ccccc32)cc1,CHEMBL291200,0.5394411629173473,1
O=C(CCCC1CCNCC1)Nc1nc2ccc(C(=O)c3ccccc3)cc2[nH]1,CHEMBL2059171,0.5393815321624823,1
CC1CNC(=O)c2[nH]c3ccc(C(=O)Nc4nc(C(=O)N5CCC(N(C)C)CC5)cs4)cc3c21,CHEMBL397642,0.5387644874535839,1
Cc1ccc(-c2c(CN)c(CC(C)C)nc3ccc(N4CCNC(=O)C4=O)cc23)cc1,CHEMBL1808474,0.5387163561076602,1
Cc1[nH]nc(C2CC2)c1-c1ccc2c(-c3ccc(N4CCNCC4)nc3)n[nH]c2c1,CHEMBL4129097,0.5386562278540815,1
COc1ccc(F)cc1-c1c(F)cnc2[nH]c(C3=CC4CN(CC(=O)N(C)C)CC4C3)cc12,CHEMBL3668552,0.5383852300909339,1
Cc1[nH]c2c(c1C(=O)NCCN1CCOCC1)CCC/C2=C1/C(=O)Nc2ccc(F)cc21,CHEMBL2430258,0.5382527353211392,1
COc1ccc(F)cc1-c1ccnc2[nH]c(C3CCN(C4CCNC4)C3)cc12,CHEMBL3668397,0.5380105434300634,1
O=C(CCC1CCNCC1)Nc1nc2ccc(C(=O)c3ccccc3)cc2[nH]1,CHEMBL2059170,0.5379434692687063,1
O=c1c2cn[nH]c2c2ccc(-c3ccccc3CN3CCCNCC3)cc2n1CC(F)(F)F,CHEMBL3908228,0.537915030346305,1
O=C([C@@H]1C=C2c3cccc4[nH]cc(c34)C[C@H]2N(C(=O)Nc2ccccc2)C1)N1CCOCC1,CHEMBL1809008,0.537740947577013,1
Cn1cc(-c2n[nH]c3ccc(C(=O)N[C@@H]4CCCN(Cc5ccccc5F)C4)cc23)ccc1=O,CHEMBL3654543,0.5375837787392886,1
CN(C)Cc1ccc2c(c1)[nH]/c(=N\C(=O)c1ccc(-c3cn[nH]c3)s1)n2CC(C)(C)O,CHEMBL494136,0.5374860270593225,1
NCCNC(=O)c1ccc(-c2cnc3[nH]cc(-c4ccc(C(N)=O)cc4)c3c2)cc1,CHEMBL548059,0.5373829740910079,1
CC(C)[C@]1(C)CC(=O)N(Cc2ccnc(N3C[C@@H](c4ccccc4)CC3=O)c2)C(=N)N1,CHEMBL3401346,0.5373312912797932,1
Cc1[nH]c(/C=C2\C(=O)Nc3ccc(F)cc32)c(C)c1C(=O)N1CCN(CCO)CC1,CHEMBL3288846,0.5372507311885136,1
Cc1ccc(-c2c(CN)c(CC(C)C)nc3ccc(N4CCNC(=O)C4)cc23)cc1,CHEMBL1808473,0.5372269487238442,1
O=C1NCCc2[nH]c(-c3cccc4ccc(NC5CCCC5)nc34)cc21,CHEMBL3958651,0.537193636233338,1
O=C1NCCc2[nH]c(-c3cccc4ccc(NC5CC5)nc34)cc21,CHEMBL3923078,0.537193636233338,1
CN1CCN(Cc2nc3cc(-c4c[nH]c5ccccc45)sc3c(=O)[nH]2)CC1,CHEMBL2377467,0.5369115933899985,1
COc1ccc(-c2cc3c(cn2)CCc2c-3[nH]c3c2C(=O)NC2(C3)CN(C)C2)cc1,CHEMBL1801295,0.5367431594169804,1
N#Cc1cc2c(cn1)[nH]c1ncc(-c3ccc(CN4CCC[C@@H](O)C4)cc3)cc12,CHEMBL3582208,0.5366886171213546,1
N#Cc1cc2c(cn1)[nH]c1ncc(-c3ccc(CN4CCC(O)CC4)cc3)cc12,CHEMBL3582207,0.5366886171213546,1
CC(C)(N)CC(=O)N[C@@H]1CCc2c(ccc3ccccc23)N(Cc2ccccc2)C1=O,CHEMBL328380,0.5365404409773008,1
O=C(c1cccc(Cc2n[nH]c(=O)c3c2CCCC3)c1)N1CCNCC1,CHEMBL3932477,0.5365005793742756,1
O=C(c1cc(Cc2n[nH]c(=O)c3c2CCCC3)ccc1F)N1CCCNCC1,CHEMBL3971025,0.5365005793742756,1
O=C(c1cc(Cc2n[nH]c(=O)c3ccccc23)ccc1F)N1CCCNCC1,CHEMBL380648,0.5365005793742756,1
O=C(c1cc(Cc2n[nH]c(=O)c3ccccc23)ccc1F)N1CCNCC1,CHEMBL493045,0.5365005793742756,1
O=C(c1cccc(Cc2n[nH]c(=O)c3ccccc23)c1)N1CCNCC1,CHEMBL201616,0.5365005793742756,1
Nc1cc(C(=O)N2CCOCC2)cc(-c2cnc3[nH]cc(-c4ccncc4)c3c2)c1,CHEMBL2152281,0.5361086120880021,1
CN(C)C1CCCN(CCCc2c(O)ccc3[nH]c(=O)c4sccc4c23)C1,CHEMBL3667255,0.5361036103610363,1
O=c1[nH]c(-c2ccc(CN3CCOCC3)cc2)nc2sc3c(c12)CCC(CO)C3,CHEMBL4097790,0.536028869659695,1
COc1cccc(-c2cc(C(=O)Nc3ccc([C@@H]4CNCCO4)cc3)[nH]n2)c1,CHEMBL3663694,0.5360183808622786,1
COc1ccc(-c2cc(C(=O)Nc3ccc([C@H]4CNCCO4)cc3)[nH]n2)cc1,CHEMBL3663685,0.5360183808622786,1
O=C(Nc1ccc([C@H]2CNCCO2)cc1)c1cc(-c2cccc(OC(F)F)c2)n[nH]1,CHEMBL3663718,0.5360183808622785,1
NC(=O)c1cnc(N[C@H]2CCCNC2)c2cc(-c3cnc4ccccc4c3)sc12,CHEMBL1288251,0.5357495555994471,1
O=C(NC1CCCNC1)c1cccc(Cc2n[nH]c(=O)c3c2CCCC3)c1,CHEMBL3898660,0.5356802035839252,1
O=C(NC1CNC1)c1cccc(Cc2n[nH]c(=O)c3c2CCCC3)c1,CHEMBL3928259,0.5356802035839252,1
O=C1NCC2c3c(cccc31)CCN2C(=O)c1ccc(C(=O)N2CCCNCC2)cc1,CHEMBL592910,0.5355772919064057,1
O=C1NCC2c3c(cccc31)CCN2C(=O)c1cccc(C(=O)N2CCCNCC2)c1,CHEMBL594975,0.5355772919064057,1
O=C(Nc1cccc(Cc2n[nH]c(=O)c3c2CCCC3)c1)C1CCN1,CHEMBL3923731,0.5355066969926711,1
CCN1CCN(CCC(=O)Nc2ccc3[nH]c(-c4cccn4C)nc3c2)CC1,CHEMBL1812490,0.5354817708333335,1
CN1CCN(Cc2cccc(-c3nc4c(C(N)=O)cccc4[nH]3)c2)CC1,CHEMBL312719,0.535453350854139,1
CN1CCN(Cc2ccc(-c3nc4c(C(N)=O)cccc4[nH]3)cc2)CC1,CHEMBL81831,0.535453350854139,1
O=C(Nc1ccc2[nH]c(Cc3c[nH]c4ccccc34)nc2c1)[C@H]1CCCN1,CHEMBL2396659,0.5351341885206424,1
O=C(Nc1ccc2nc(Cc3c[nH]c4ccccc34)[nH]c2c1)[C@@H]1CCCN1,CHEMBL2086796,0.5351341885206424,1
CC(C)CNS(=O)(=O)c1ccc2c(c1)/C(=C/c1[nH]c3c(c1CCCN(C)C)CCCC3)C(=O)N2,CHEMBL299724,0.5350494415308857,1
Cn1cc(-c2ccc3c(-c4cc5cc(CN6CCOCC6)ccc5[nH]4)n[nH]c3c2)cn1,CHEMBL376646,0.5348245885303915,1
NC1CCN(C(=O)c2ccc3[nH]c(-c4cc5ccccc5nc4O)cc3c2)C1,CHEMBL117052,0.5347749338040598,1
CN1CCN(Cc2ccc3c(c2)Cc2c(-c4csc(CNS(=O)(=O)c5ccccc5)c4)n[nH]c2-3)CC1,CHEMBL213230,0.5346700908731729,1
Fc1ccccc1-c1n[nH]c2cnc(-c3cnccc3OC[C@H]3CCNC3)cc12,CHEMBL3894135,0.5346300380990574,1
Fc1ccccc1-c1n[nH]c2cnc(-c3cnccc3OC[C@@H]3CCNC3)cc12,CHEMBL4113130,0.5346300380990574,1
N#Cc1ccc2c(-c3cc4cc(CN5CCC(CN)CC5)ccc4[nH]3)n[nH]c2c1,CHEMBL221181,0.5345699831365934,1
OCC1CCN(Cc2cccc3c2Cc2c-3n[nH]c2-c2ccsc2)CC1,CHEMBL245934,0.5342661336379212,1
CC(C)NCc1cccc(Cc2n[nH]c(=O)c3c2CCCC3)c1,CHEMBL3979621,0.5342292089249491,1
CC(C)NCc1ccc(Cc2n[nH]c(=O)c3c2CCCC3)cc1,CHEMBL3963916,0.5342292089249491,1
CC(C)NCc1cc(Cc2n[nH]c(=O)c3c2CCCC3)ccc1F,CHEMBL3983596,0.5342292089249491,1
Cc1[nH]c2c(c1C(=O)NCCCN1CCOCC1)CCC/C2=C1/C(=O)Nc2ccc(F)cc21,CHEMBL2430248,0.5340226116925146,1
COc1ccc(F)cc1-c1ccnc2[nH]c(C3=CC4CN(CC(=O)N5CC(O)C5)CC4C3)cc12,CHEMBL3668560,0.5340224680705649,1
COc1ccc(F)cc1-c1c(F)cnc2[nH]c(C3=CC4CN(CC(=O)N5CC(O)C5)CC4C3)cc12,CHEMBL3668558,0.5340224680705649,1
CN1CCC(N2CCN(C(=O)[C@H](NC(=O)c3ccc4cc[nH]c4c3)c3ccccc3)CC2)CC1,CHEMBL1271162,0.53363079698106,1
O=C(Nc1ccc(C(=O)N2CCCC23CCNCC3)cc1)N1Cc2ccncc2C1,CHEMBL3945095,0.53359208440387,1
O=C(Nc1ccc(C(=O)N2CCCC23CCNC3)cc1)N1Cc2ccncc2C1,CHEMBL3938859,0.53359208440387,1
O=C(Nc1ccc(C(=O)N2CCC23CCCNC3)cc1)N1Cc2ccncc2C1,CHEMBL3932762,0.53359208440387,1
CC(=O)N1CCN(Cc2ccc3[nH]c(-c4n[nH]c5cc(C#N)ccc45)cc3c2)CC1,CHEMBL220688,0.533410471507087,1
NC(=O)c1cc(-c2ccc(F)cc2)c2ccc(CN3CCC(N)CC3)cc2n1,CHEMBL3912631,0.5333575430587257,1
COc1ccc2[nH]c(=O)c3sccc3c2c1/C=C/CN1CCC(N)CC1,CHEMBL3667213,0.5332814930015553,1
NC(=O)c1cc(-c2ccc(F)cc2)c2ccc(CN3CCNC(=O)C3)cc2n1,CHEMBL3937068,0.5332678883071552,1
O=C(c1ccc2[nH]c(-c3cc4ccccc4nc3O)cc2c1)N1CCNCC1,CHEMBL119552,0.5331467929401632,1
O=C(c1cc(-c2ccc3c(c2)Cc2cn[nH]c2-3)c(-c2ccncc2)o1)N1CCNCC1,CHEMBL1254389,0.5329912505756204,1
NC(=O)c1cc(-c2cccc(C(F)(F)F)c2)nc2c1[nH]c1cc(N3CCNCC3)ccc12,CHEMBL3649610,0.5329566854990584,1
O=C1NCCc2[nH]c(-c3cccc4ccc(NC5CCOCC5)nc34)cc21,CHEMBL3925557,0.5328908678484415,1
O=C(c1ccc2c(-c3nc4ccccc4[nH]3)n[nH]c2c1)N1CCC(O)C1,CHEMBL3975872,0.532845720516082,1
O=C(c1ccc2c(-c3nc4ccccc4[nH]3)n[nH]c2c1)N1CCC(O)CC1,CHEMBL3979008,0.532845720516082,1
O=C(c1ccc2c(-c3nc4ccccc4[nH]3)n[nH]c2c1)N1CCCC(O)C1,CHEMBL3932089,0.532845720516082,1
CC(C)Nc1ncc2c(n1)CN(C(=O)NCc1cc3ccccc3[nH]1)CC2,CHEMBL3972109,0.5327741265997921,1
O=C(c1cc2cc(F)ccc2[nH]1)N1C[C@]2(CCN(CC3CCCNC3)C2)c2ccccc21,CHEMBL1933072,0.5325960419091964,1
O=C(c1cc2cc(F)ccc2[nH]1)N1C[C@@]2(CCN(CC3CCCNC3)C2)c2ccccc21,CHEMBL1933522,0.5325960419091964,1
C[C@H]1CN2CCC[C@H]2CN1C(=O)N1Cc2c(NC(=O)c3ccc4c(c3)CCO4)n[nH]c2C1(C)C,CHEMBL3639616,0.5325620823775803,1
CN1CCN(c2cccc3[nH]c(-c4n[nH]c5cc(-c6ccc(C(N)=O)cc6)ccc45)nc23)CC1,CHEMBL513065,0.5324556869660392,1
O=C(Nc1ccc2[nH]nc(Nc3cccc4ccccc34)c2c1)C1CNC1,CHEMBL4171912,0.5322150084039152,1
CC(C)NCc1ccc(-c2[nH]c3cccc4c3c2C(=O)NNC4=O)cc1,CHEMBL3617770,0.5320034136974612,1
C[C@H]1CN(Cc2cccc(-c3cc(CNC(=O)c4cccc(CN5CCNCC5)c4)ccc3F)c2)CCN1,CHEMBL492437,0.5317091595845137,1
COc1ccccc1-c1ccc(C(N)=O)c2[nH]c3cc(C(=O)N4CCN(C)CC4)ccc3c12,CHEMBL3621502,0.5316180235535073,1
CC(C)CNCc1ccc2c(c1)[nH]/c(=N\C(=O)c1ccc(-c3cn[nH]c3)s1)n2CC(C)(C)O,CHEMBL522871,0.5313014571100136,1
Cc1[nH]c(/C=C2\C(=O)Nc3ccc(F)cc32)c(C)c1NC(=O)CCN1CCNCC1,CHEMBL4102022,0.5310069190768834,1
CN1CCC[C@H]1CC(=O)N[C@H]1c2ccccc2C[C@@H]1NC(=O)c1ccc2c(ccn2C)c1,CHEMBL4168863,0.5309886749175704,1
CN1CCC[C@@H]1CC(=O)N[C@H]1c2ccccc2C[C@@H]1NC(=O)c1ccc2c(ccn2C)c1,CHEMBL4160928,0.5309886749175704,1
O=C(Nc1ccc2nc(N3CCNCC3)[nH]c2c1)N1Cc2ccccc2C1,CHEMBL3919264,0.5308718038991327,1
CN1CCN(c2ccc3c(c2)[nH]c2c(C(N)=O)cc(-c4ccccc4)cc23)CC1,CHEMBL3589325,0.5308140745367479,1
C[C@H]1CN(Cc2ccc(N(C)C(=O)c3ccc(-c4cccc(F)c4)cn3)cc2)CCN1,CHEMBL2364306,0.5306347639235731,1
C[C@H]1CN(Cc2ccc(N(C)C(=O)c3ccc(-c4ccc(F)cc4)cn3)cc2)CCN1,CHEMBL2364307,0.5306347639235731,1
COc1cccc(-c2ccc(C(N)=O)c3[nH]c4cc(C(=O)N5CCN(C)CC5)ccc4c23)c1,CHEMBL3621497,0.5302114155838585,1
COc1cccc(-c2ccc(C(N)=O)c3[nH]c4ccc(C(=O)N5CCN(C)CC5)cc4c23)c1,CHEMBL3621458,0.5302114155838585,1
COc1ccc(-c2ccc(C(N)=O)c3[nH]c4cc(C(=O)N5CCN(C)CC5)ccc4c23)cc1,CHEMBL3621499,0.5302114155838585,1
COc1ccc(-c2ccc(C(N)=O)c3[nH]c4ccc(C(=O)N5CCN(C)CC5)cc4c23)cc1,CHEMBL3621460,0.5302114155838585,1
c1cnc2c(c1)ncn2-c1ccc2[nH]cc(C[C@H]3CCCN3)c2c1,CHEMBL78880,0.5301479952571253,1
NCCCC[C@@H]1NC(=O)[C@@H]2Cc3c([nH]c4ccccc34)CN2C1=O,CHEMBL389200,0.5300141959034678,1
CCN1CCN(CCNC(=O)c2ccc3c(c2)N(Cc2ccc(F)cc2)C(=O)c2ccccc2[S]3[O])CC1,CHEMBL1341391,0.5298544410337657,1
COc1cccc(-c2cc(C(N)=O)c3[nH]c4cc(C(=O)N5CC[C@H](N(C)C)C5)ccc4c3c2)c1,CHEMBL3589177,0.5297778585381364,1
CN1CCN(CCC(=O)Nc2ccccc2-c2nc3ccccc3[nH]2)CC1,CHEMBL561272,0.5297314243912631,1
CN1CCN(C(=O)c2ccc3cc(-c4csc(-c5ccncc5)n4)c(=O)[nH]c3c2)CC1,CHEMBL399626,0.5296533670337605,1
COC1CCC2(CC1)Cc1ccc(C3=CC(O)CC3)cc1C21N=C(N)N(C)C1=O,CHEMBL3946731,0.5295713760117735,1
Cc1ccc2[nH]c(C(=O)N[C@H]3Cc4ccccc4[C@@H]3C(=O)N[C@H]3CCCN(C)C3)cc2c1,CHEMBL4172656,0.5294089901419741,1
O=C(Nc1ccc2[nH]nc(-c3nc4ccc(CN5CCOCC5)cc4[nH]3)c2c1)C1CC1(F)F,CHEMBL3659977,0.5292861303475501,1
CN1CCN(C[C@@H](NC(=O)C[C@H]2CNC(=O)c3cc(-c4cccc(Cl)c4)cn32)C(C)(C)C)CC1,CHEMBL3297767,0.5292635578869107,1
COc1cc[nH]c1/C=C1\C(=O)Nc2ccc(F)c(C#CC3(O)CCNCC3)c21,CHEMBL536029,0.5291843352456972,1
O=C(Nc1ccc([C@@H]2CNCCO2)cc1)c1cc(-c2ccccc2Cl)n[nH]1,CHEMBL3663691,0.5291651570829664,1
O=C(Nc1ccc([C@H]2CNCCO2)cc1)c1cc(-c2ccc(Cl)cc2)n[nH]1,CHEMBL3663692,0.5291651570829664,1
O=C(Nc1ccc([C@@H]2CNCCO2)cc1)c1cc(-c2cccc(Cl)c2)n[nH]1,CHEMBL3663693,0.5291651570829664,1
O=C(Nc1ccc([C@@H]2CNCCO2)cc1)c1cc(-c2ccc(Cl)cc2)n[nH]1,CHEMBL3663690,0.5291651570829664,1
Cc1c(-c2ccccc2)n[nH]c1C(=O)Nc1ccc([C@H]2CNCCO2)cc1,CHEMBL3663684,0.5291651570829664,1
O=C(Nc1ccc([C@H]2CNCCO2)cc1)c1cc(-c2ccccc2Cl)n[nH]1,CHEMBL3663688,0.5291651570829664,1
O=C(Nc1ccc([C@H]2CNCCO2)cc1)c1cc(-c2ccccc2F)n[nH]1,CHEMBL3663686,0.5291651570829664,1
CN1C(=O)Cc2ccc(-c3ccc(CC(C#N)NC(=O)[C@H]4N[C@@H]5CC[C@H]4C5)c(O)c3)cc21,CHEMBL3662634,0.5290414878397709,1
CN1CCC(N(C)c2ccc3[nH]c(-c4[nH]nc5ccccc45)nc3c2)CC1,CHEMBL212429,0.5289109451830267,1
O=C(Nc1ccccc1N1CCNCC1=O)c1csc(-c2ccc3c(c2)CCO3)n1,CHEMBL2037022,0.528907832545577,1
CN1CCN(C(=O)c2ccc3[nH]c(-c4cc5ccccc5nc4O)cc3c2)CC1,CHEMBL324489,0.5288716395304807,1
CC(C)Nc1nnc(-c2ccc3[nH]cc(NC(=O)c4ccncc4)c3c2)o1,CHEMBL3908883,0.5284627307312953,1
NC1Cc2ccc(-c3c(O)ccc4[nH]c(=O)c5sccc5c34)cc2C1,CHEMBL3672240,0.5284235123484142,1
O=C(Nc1ccccc1N1CCNCC1)c1csc(N2CCc3c(F)ccc(F)c3C2)n1,CHEMBL2381234,0.5282755115008257,1
O=C(Nc1ccccc1N1CCNCC1)c1csc(N2Cc3ccccc3C2)n1,CHEMBL2381238,0.5282755115008257,1
O=C(Nc1ccccc1N1CCNCC1)c1csc(N2CCc3ccccc3C2)n1,CHEMBL2381233,0.5282755115008257,1
O=C(Nc1ccccc1N1CCNCC1)c1csc(N2CCc3sccc3C2)n1,CHEMBL2381237,0.5282755115008257,1
O=c1[nH]c(-c2ccc(CN3CCCCC3)cc2)nc2sc3c(c12)CCC(CO)C3,CHEMBL4081271,0.5281912099457187,1
CNCc1ccc2c(c1)[nH]/c(=N\C(=O)c1ccc(-c3cn[nH]c3)s1)n2CC(C)(C)O,CHEMBL494135,0.5281850438508408,1
CCC(C)NCc1ccc2c(c1)[nH]/c(=N\C(=O)c1ccc(-c3cn[nH]c3)s1)n2CC(C)(C)O,CHEMBL495026,0.5281850438508408,1
CC(C)(O)Cn1/c(=N/C(=O)c2ccc(-c3cn[nH]c3)s2)[nH]c2cc(CN)ccc21,CHEMBL499219,0.5281850438508405,1
CN1CCN(C(=O)c2ccc3cccc(-c4cc5c([nH]4)CCNC5=O)c3n2)CC1,CHEMBL3921271,0.5279718617805026,1
Oc1ccc2c(-c3ccccc3)cc(CCN3CCNCC3)nc2n1,CHEMBL2263603,0.5277499673529793,1
Nc1ccc(Cl)c(-c2ccnc3[nH]c(C4CCNCC4)cc23)n1,CHEMBL3668379,0.5276574399197408,1
N[C@@H]1CCC[C@@H](Nc2ccc3cccc(-c4cc5c([nH]4)CCNC5=O)c3n2)C1,CHEMBL3935691,0.5276383673182884,1
N[C@H]1CCC[C@@H](Nc2ccc3cccc(-c4cc5c([nH]4)CCNC5=O)c3n2)C1,CHEMBL3907732,0.5276383673182884,1
O=C(CN1CCCC1)N1CCc2nc(-c3cc4ccccc4[nH]c3=O)[nH]c2C1,CHEMBL2016922,0.5276062224286044,1
O=C(CN1CCCCC1)N1CCc2nc(-c3cc4ccccc4[nH]c3=O)[nH]c2C1,CHEMBL2016917,0.5276062224286044,1
O=C(CN1CCCCC1)N1CCc2nc(-c3cc4cc(F)ccc4[nH]c3=O)[nH]c2C1,CHEMBL2016919,0.5276062224286044,1
O=C(CN1CCCCC1)N1CCc2nc(-c3cc4c(F)cccc4[nH]c3=O)[nH]c2C1,CHEMBL2016918,0.5276062224286044,1
O=C(CN1CCCCC1)N1CCc2nc(-c3cc4cc(Cl)ccc4[nH]c3=O)[nH]c2C1,CHEMBL2016920,0.5276062224286044,1
Cc1cc(-c2n[nH]c3ccc(C(=O)N[C@@H]4CC[C@@H](C(=O)N(C)C)N(CCc5ccccc5)C4)cc23)ccn1,CHEMBL3654662,0.5275813912891681,1
CC(C)CC1NCCc2cc(-c3nc4c(C(N)=O)cc(F)cc4[nH]3)sc21,CHEMBL4286332,0.5271954258906317,1
NC(=O)c1cc(F)cc2[nH]c(-c3cc4c(s3)C(C3CC3)NCC4)nc12,CHEMBL4289750,0.5271954258906317,1
c1ccc(-c2cc(Nc3ccc([C@H]4CNCCO4)cc3)[nH]n2)cc1,CHEMBL3702011,0.5269977384093476,1
c1ccc2c(-c3nc4cc(OCCCN5CCCC5)ccc4[nH]3)[nH]nc2c1,CHEMBL208775,0.5269734142003739,1
O=C1NCC(c2ccccc2OCCN2CCOCC2)N1c1ccc2nc[nH]c2c1,CHEMBL3917897,0.526927225956352,1
CN1CCN(CCCNC(=O)Nc2n[nH]c3cc(Cl)c(-c4ccccc4)cc23)CC1,CHEMBL1092132,0.5268743109151046,1
CN1CCN(CC(=O)Nc2ccc(-c3nc4cc(Cl)c(Cl)cc4[nH]3)cc2)CC1,CHEMBL1093907,0.5266652613827992,1
O=C(Nc1ccc(C2CCNC2)cc1)c1nc2ccccc2[nH]1,CHEMBL3940117,0.5266275527473763,1
COc1cccc(CNC(=O)c2cc3ccc(-c4ccnc(N)c4)cc3[nH]2)c1,CHEMBL1923161,0.5265144276705521,1
O=c1[nH]cnc2[nH]c(-c3ccnc(/C=C/c4ccc(CN5CCOCC5)cc4)c3)cc12,CHEMBL461139,0.5264848944620463,1
COc1cccc(-c2ccc(C(=O)N(C)c3ccc(CN4CCN[C@@H](C)C4)cc3)nc2)c1,CHEMBL2364311,0.5264767341114114,1
Nc1cc(-c2cnc3[nH]cc(-c4ccncc4)c3c2)ccc1C(=O)N1CCOCC1,CHEMBL2152278,0.5264275794461236,1
Cc1[nH]c(/C=C2\C(=O)Nc3ncccc32)c(C)c1C(=O)N1CCN(CCO)CC1,CHEMBL1914680,0.5263110102156638,1
O=C1c2[nH]nc(NS(=O)(=O)c3ccc4ccccc4c3)c2CCN1CC1CCNCC1,CHEMBL2407554,0.5262677793168691,1
Cn1ccc2cc(-c3cc4c(N[C@H]5CCCNC5)ncc(C(N)=O)c4s3)ccc21,CHEMBL1288304,0.5260394447543728,1
NC(=O)c1cnc(N[C@H]2CCCNC2)c2cc(-c3ccc4ncccc4c3)sc12,CHEMBL1288279,0.5260394447543727,1
O=c1[nH]c(CN2CCCC2)nc2cc(-c3c[nH]c4ccccc34)sc12,CHEMBL2377463,0.5260020226752542,1
CC(C)NC(=O)Nc1ccc(C2CN=C3c4ccccc4NC(=O)N3C2)cc1,CHEMBL3941939,0.525863346672595,1
O=C(Nc1ccc(C(=O)N2CCNCC2)cc1)c1n[nH]c2ccccc12,CHEMBL3794211,0.525675540931299,1
Cc1ccc2ccc(CN)cc2c1C1=C(c2c[nH]c3ccccc23)C(=O)NC1=O,CHEMBL4099609,0.525519922254616,1
NCc1ccc2cccc(C3=C(c4c[nH]c5ccccc45)C(=O)NC3=O)c2c1,CHEMBL4061321,0.525519922254616,1
CNC(=O)c1cccc(-c2ccc(C(N)=O)c3[nH]c4cc(C(=O)N5CCN(C)CC5)ccc4c23)c1,CHEMBL3621505,0.5254514350883861,1
CNC(=O)c1ccc(-c2ccc(C(N)=O)c3[nH]c4cc(C(=O)N5CCN(C)CC5)ccc4c23)cc1,CHEMBL3621508,0.5254514350883861,1
CN1CCC[C@H](C(=O)N[C@H]2c3ccccc3C[C@@H]2NC(=O)c2ccc3c(ccn3C)c2)C1,CHEMBL4164531,0.5253616292348683,1
CN1CCC[C@@H](C(=O)N[C@H]2c3ccccc3C[C@@H]2NC(=O)c2ccc3c(ccn3C)c2)C1,CHEMBL4172411,0.5253616292348683,1
CN1CCCCC(C(=O)N[C@H]2c3ccccc3C[C@@H]2NC(=O)c2ccc3c(ccn3C)c2)C1,CHEMBL4164107,0.5253616292348683,1
CN1CC[C@@H](C(=O)N[C@H]2c3ccccc3C[C@@H]2NC(=O)c2ccc3c(ccn3C)c2)C1,CHEMBL4171137,0.5253616292348683,1
CN1CC[C@H](C(=O)N[C@H]2c3ccccc3C[C@@H]2NC(=O)c2ccc3c(ccn3C)c2)C1,CHEMBL4160541,0.5253616292348683,1
NC(=O)N1CCCc2cc(-c3cncc(CN4CCNC(=O)C4)c3)cnc21,CHEMBL3902456,0.5252151923357484,1
CN1CCN(C(=O)c2ccc3c(c2)[nH]c2c(C(N)=O)cc(-c4ccc(Cl)nc4)cc23)CC1,CHEMBL3646818,0.5250978996084015,1
C[C@H]1CN(Cc2cccc(-c3cc(CNC(=O)c4cccc(CN5CCN(C=O)CC5)c4)ccc3F)c2)CCN1,CHEMBL495350,0.5249449571368339,1
O=C1Nc2ccc(CN3C(=O)CSC3=O)cc2/C1=C/c1cc(CN2CCOCC2)c[nH]1,CHEMBL3808948,0.5249152100182624,1
Cc1[nH]c2c(c1C(=O)NCCCN1CCCC1)CCC/C2=C1/C(=O)Nc2ccc(F)cc21,CHEMBL2430249,0.524621557541492,1
Cc1[nH]nc(C2CC2)c1-c1ccc2c(-c3ccc(N4CCN(C)CC4)nc3)n[nH]c2c1,CHEMBL4125807,0.5245216626347041,1
CC(=O)NC[C@H]1CN(c2ccc3c(c2)CCCc2c(NC(C)C)n[nH]c2-3)C(=O)O1,CHEMBL249487,0.5244620452793158,1
COc1cccc(CNC(=O)Nc2ccc(-c3cn[nH]c3)cc2OCCN2CCCC2)c1,CHEMBL3402457,0.5243380305108699,1
Cc1cc(F)cc2c(=O)[nH]c(-c3ccc(CN4CCN(C)CC4)cc3)cc12,CHEMBL3967859,0.524257738471257,1
CN1CCN(Cc2ccc(-c3cc4ccc(F)cc4c(=O)[nH]3)cc2)CC1,CHEMBL3951529,0.524257738471257,1
Cc1cccc2c(=O)[nH]c(-c3ccc(CN4CCN(C)CC4)cc3)cc12,CHEMBL3764244,0.524257738471257,1
O=C(CN1CCOCC1)Nc1cc(-c2cc(F)cc3[nH]ccc23)cc2[nH]ncc12,CHEMBL2216841,0.5242326965236455,1
O=C(c1ccc(-c2cnc3[nH]cc(-c4ccc(C(=O)N5CCOCC5)cc4)c3c2)cc1)N1CCOCC1,CHEMBL535877,0.5241683190129981,1
CC1C(=O)NN=C2COc3cc(C(F)(F)F)c(CC4CNC4)cc3N21,CHEMBL3356469,0.5241200883954078,1
C[C@H]1CN(Cc2ccc(N(C)C(=O)c3ccc(-c4cccc(C#N)c4)cn3)cc2)CCN1,CHEMBL2364309,0.5238946186051261,1
CC(=O)N1CCN(C(=O)[C@@H]2C=C3c4cccc5[nH]cc(c45)C[C@H]3N(C(=O)Nc3ccccc3)C2)CC1,CHEMBL1809007,0.5237852610125524,1
CCN1C(=O)COc2nc(-c3ccc([C@]4(N)C[C@@H](O)C4)cc3)c(-c3ccccc3)cc21,CHEMBL5314970,0.523775615159427,1
Fc1ccccc1-c1n[nH]c2cnc(-c3cnccc3OC3CCNCC3)cc12,CHEMBL3969949,0.5237503880782366,1
Fc1ccccc1-c1n[nH]c2cnc(-c3cnccc3OC3CNC3)cc12,CHEMBL3968244,0.5237503880782366,1
Fc1ccccc1-c1n[nH]c2cnc(-c3cnccc3O[C@@H]3CCCNC3)cc12,CHEMBL3634777,0.5237503880782366,1
Fc1ccccc1-c1n[nH]c2cnc(-c3cnccc3O[C@H]3CCCNC3)cc12,CHEMBL3911749,0.5237503880782366,1
CN1CCN(CC(=O)Nc2ccc(C3CN=C4c5ccccc5NC(=O)N4C3)cc2)CC1,CHEMBL3898518,0.5237073918039065,1
CN1C[C@H](c2cccc(F)c2F)CC[C@@H](NC(=O)c2ccc3c(c2)CC2(C3)C(=O)Nc3ncccc32)C1=O,CHEMBL3938378,0.523696077597209,1
C[C@@H](CN1CCN(C)CC1)NC(=O)C[C@H]1CNC(=O)c2cc(-c3cccc(Cl)c3)cn21,CHEMBL3297768,0.523695935910707,1
O=C1Nc2cc(CN3CCOCC3)ccc2CN1c1csc(-c2ccncc2)n1,CHEMBL400630,0.5236844488723847,1
CN1CCN(C(=O)CN2C(=O)C(NC(=O)Nc3cccc4ccccc34)CCc3ccccc32)CC1,CHEMBL169794,0.5236677045259689,1
NC(=O)c1cc(-c2cccc(Cl)c2)nc2c1[nH]c1ccc(CN3CCOCC3)cc12,CHEMBL3649607,0.5236512633735485,1
COc1cccc(C2CNCC2C(=O)Nc2cc3cc[nH]c(=O)c3cc2Cl)c1,CHEMBL1083748,0.5235987441453492,1
CC(C)(CO)NCCOc1ccc2c(c1)C(C)(C)c1[nH]c3cc(C#N)ccc3c1C2=O,CHEMBL3916798,0.5235713786108971,1
O=c1[nH]c([C@@H]2CNC[C@H]2c2ccc(F)cc2)nc2ccc(-c3cn[nH]c3)cc12,CHEMBL2333897,0.5234722450996538,1
O=c1[nH]c([C@@H]2CNC[C@H]2c2ccc(C(F)(F)F)cc2)nc2ccc(-c3cn[nH]c3)cc12,CHEMBL2333899,0.5234722450996538,1
O=c1[nH]c([C@@H]2CNC[C@H]2c2ccccc2)nc2ccc(-c3cn[nH]c3)cc12,CHEMBL2334292,0.5234722450996538,1
Cc1n[nH]cc1-c1ccc2nc([C@@H]3CNC[C@H]3c3ccccc3)[nH]c(=O)c2c1,CHEMBL2334291,0.5234722450996538,1
O=c1[nH]c([C@@H]2CNC[C@H]2c2ccc(Cl)cc2)nc2ccc(-c3cn[nH]c3)cc12,CHEMBL2333898,0.5234722450996538,1
CC(C)(CN1CCOCC1)NC(=O)c1ccc(NC(=O)N2Cc3ccccc3C2)cc1,CHEMBL3976440,0.5233432512848254,1
CC(C)(CN1CCOCC1)NC(=O)c1ccc(NC(=O)N2Cc3ccc(F)cc3C2)cc1,CHEMBL3970866,0.5233432512848254,1
O=C(c1ccc2[nH]c(=O)c3c(c2c1)CCSC3)N1CCNCC1,CHEMBL2237228,0.5232894128525195,1
O=C([C@@H]1C=C2c3cccc4[nH]cc(c34)C[C@H]2N(C(=O)Nc2cc[nH]c2)C1)N1CCCC1,CHEMBL1809026,0.5231985543257284,1
O=C1CC(c2ccccc2)CN1c1ccc2c(N3CCNCC3)ccnc2c1,CHEMBL3260796,0.5231715006305169,1
Cc1n[nH]cc1-c1cc2nc(C(c3ccccc3)N3CCCC3)[nH]c(=O)c2s1,CHEMBL4065361,0.5228888385782205,1
COCCCN1CCN(C(=O)c2ccc3c(c2)[nH]c2c(C(N)=O)cc(-c4cccc(OC)c4)cc23)CC1,CHEMBL3646824,0.5228707588285607,1
O=C(NC1(c2ccc(Cl)cc2)CCNC1)N1CCc2cnc(Nc3ccc(F)cc3)nc2C1,CHEMBL3945407,0.5228647391159856,1
CC1(C)c2[nH]nc(NC(=O)c3ccc(F)cc3)c2CN1C(=O)C1CCNCC1,CHEMBL606187,0.5228232189973612,1
O=C(Nc1ccc(C(=O)N2CCC3(CCCN3)CC2)cc1)N1Cc2ccccc2C1,CHEMBL3961131,0.5228128665802304,1
O=C(Nc1ccc(C(=O)N2CC3(CCCCN3)C2)cc1)N1Cc2ccccc2C1,CHEMBL3947098,0.5228128665802304,1
O=C(Nc1ccc(C(=O)N2CC3(CCCCN3)C2)cc1)N1Cc2ccc(F)cc2C1,CHEMBL3975163,0.5228128665802304,1
O=C(Nc1ccc(C(=O)N2CCC3(CCCCN3)C2)cc1)N1Cc2ccc(F)cc2C1,CHEMBL3894706,0.5228128665802304,1
O=C(Nc1ccc(C(=O)N2CCC3(CCCN3)C2)cc1)N1Cc2ccccc2C1,CHEMBL3978181,0.5228128665802304,1
O=C(Nc1ccc(C(=O)N2CCC3(CCCN3)CC2)cc1)N1Cc2ccc(F)cc2C1,CHEMBL3897744,0.5228128665802304,1
O=C(Nc1ccc(C(=O)N2CCC3(CCN3)CC2)cc1)N1Cc2ccccc2C1,CHEMBL3964455,0.5228128665802304,1
O=C(Nc1ccc(C(=O)N2CCCC3(CCCCN3)C2)cc1)N1Cc2ccccc2C1,CHEMBL3982479,0.5228128665802304,1
O=C(Nc1ccc(C(=O)N2CCC3(CCN3)CC2)cc1)N1Cc2ccc(F)cc2C1,CHEMBL3903232,0.5228128665802304,1
O=C(Nc1ccc(C(=O)N2CCCC3(CCCN3)CC2)cc1)N1Cc2ccccc2C1,CHEMBL3941928,0.5228128665802304,1
O=C(Nc1ccc(C(=O)N2CCC3(CCCCN3)C2)cc1)N1Cc2ccccc2C1,CHEMBL3901106,0.5228128665802304,1
Cc1cccc2c(=O)[nH]c(-c3ccc(C(=O)N4CCN(CC5CC5)CC4)cn3)cc12,CHEMBL3964953,0.5227626027093046,1
Cn1cc(-c2cc(C3=CCNCC3)ccc2OCC2CC2)c2cc[nH]c2c1=O,CHEMBL3914514,0.5225959746552366,1
COc1ccc(F)cc1-c1ccnc2[nH]c(C3=CC4CN(CC(=O)N5CCC[C@H]5CO)CC4C3)cc12,CHEMBL3668561,0.5225760256086256,1
Cc1cc(-c2n[nH]c3c2C(=O)c2c(NC(=O)NN4CCN(C)CC4)cccc2-3)c(C)s1,CHEMBL116582,0.5224747732137395,1
Cc1c(C(=O)NCCN2CCN(C)CC2)sc2c1[nH]c(=O)c1ccccc12,CHEMBL3291334,0.5224326514077374,1
CCN1CCN(CCNC(=O)c2ccc3c(c2)NC(=O)/C(=C\c2cccc(Cl)c2)S3)CC1,CHEMBL1977051,0.5221815440938945,1
O=C(CN1CCOCC1)N1CCc2nc(-c3cc4ccccc4[nH]c3=O)[nH]c2C1,CHEMBL2016907,0.5220269718022066,1
O=C(CN1CCOCC1)N1CCc2nc(-c3cc4c(F)cccc4[nH]c3=O)[nH]c2C1,CHEMBL2016908,0.5220269718022066,1
O=C(CN1CCOCC1)N1CCc2nc(-c3cc4cc(F)ccc4[nH]c3=O)[nH]c2C1,CHEMBL2016909,0.5220269718022066,1
O=C(CN1CCOCC1)N1CCc2nc(-c3cc4cc(Cl)ccc4[nH]c3=O)[nH]c2C1,CHEMBL2016910,0.5220269718022066,1
N=C(c1ccc(C(=O)Nc2ccc3c(c2)CC(CC(=O)O)CC3)cc1)N1CCOCC1,CHEMBL130878,0.5219700385790867,1
O=C(NC1COCCN(CCc2cccc(F)c2)C1)c1ccc2[nH]nc(-c3ccncc3)c2c1,CHEMBL3654626,0.52190404735109,1
O=C(NC1COCCN(CCc2ccccc2F)C1)c1ccc2[nH]nc(-c3ccncc3)c2c1,CHEMBL3654625,0.52190404735109,1
O=C(NC1COCCN(CCc2c(F)cccc2F)C1)c1ccc2[nH]nc(-c3ccncc3)c2c1,CHEMBL3654624,0.52190404735109,1
Cc1noc(C)c1-c1ccc2c(c1)C(c1ccccc1)(N1CCNCC1)C(=O)N2,CHEMBL3926520,0.5217152497155635,1
NCCc1ccc(-c2c(O)ccc3[nH]c(=O)c4sccc4c23)cc1F,CHEMBL3667249,0.5217077396996532,1
NCCc1ccc(-c2c(O)ccc3[nH]c(=O)c4sccc4c23)cc1,CHEMBL3667217,0.5217077396996532,1
Cc1cc(O)c(-c2ccc(CCN)cc2)c2c1[nH]c(=O)c1sccc12,CHEMBL3672305,0.5217077396996532,1
Cc1cccc2c1cc(C(=O)NCc1ccc(O)cc1)n2Cc1cccc(C(=N)N)c1,CHEMBL91705,0.5216927453769558,1
CN1C(=O)c2ccccc2C(C(=O)NCCCN2CCCC2)C1c1c[nH]c2ccccc12,CHEMBL1388486,0.5216690916649346,1
C[C@@H]1CN(CC(=O)N2CCc3ccc(Nc4ccccc4)cc32)CCN1,CHEMBL3696487,0.5216541066488597,1
CC(C)[C@]1(C)CC(=O)N(Cc2cccc(N3C[C@H](c4ccccc4)CC3=O)c2)C(=N)N1,CHEMBL3401343,0.521555274864078,1
CC(C)[C@]1(C)CC(=O)N(Cc2cccc(N3C[C@@H](c4ccccc4)CC3=O)c2)C(=N)N1,CHEMBL3401342,0.521555274864078,1
Cc1cccc(N2CCN(Cc3c[nH]nc3-c3ccc4[nH]c(=O)oc4c3)CC2)c1C,CHEMBL3718709,0.5214667314230204,1
COc1ccc(-c2cnc(-c3ccc(OC[C@@H](O)CNC(C)(C)C)cc3)[nH]2)cc1,CHEMBL3302182,0.5214049512914465,1
COc1ccc(-c2cnc(-c3ccc(OCC(O)CNC(C)(C)C)cc3)[nH]2)cc1,CHEMBL3250235,0.5214049512914465,1
O=C1NCc2cccc(-c3cc4cc(OCCN5CCCCC5)ccc4[nH]3)c21,CHEMBL484876,0.5213337720741472,1
NCCc1cc2cc[nH]c(=O)c2c2cc(-c3ccc(CN4CCOCC4)cc3)ccc12,CHEMBL249237,0.5212457337883958,1
CCn1cc(-c2n[nH]c3c2CN(C(=O)NC2CN(C)CC2c2ccccc2C)CC3)cn1,CHEMBL3914123,0.5212077641984183,1
O=C(c1ccc2ccccc2c1)c1nc2cc(N3CCNCC3)ccc2[nH]1,CHEMBL566402,0.5211977324482773,1
CN1CCN(c2cc(C3=C(c4c[nH]c5ccccc45)C(=O)NC3=O)c3ccccc3c2)CC1,CHEMBL568580,0.5210189783007959,1
CN1C(=O)N(c2cccc(C(F)(F)F)c2)C2=C(C(=O)CC2)C1c1ccc(C#N)cc1C(=O)N[C@@H]1CCNC1,CHEMBL4111193,0.5209099181073702,1
CN1C(=O)N(c2cccc(C(F)(F)F)c2)C2=C(C(=O)CC2)C1c1ccc(C#N)cc1C(=O)N[C@H]1CCNC1,CHEMBL3894816,0.5209099181073702,1
CN1CCN(C(=O)N2Cc3c(NC(=O)c4cccs4)n[nH]c3C2(C)C)[C@@H](Cc2ccccc2)C1,CHEMBL3658627,0.5207308503162328,1
O=C(O)c1ccc(-c2n[nH]c3c2Cc2cc(CN4CCC(O)CC4)ccc2-3)cc1,CHEMBL242949,0.5206992484325039,1
COc1ccc(-c2cc(NC(=O)CCCCN3CCCNCC3)[nH]n2)cc1,CHEMBL2087458,0.5206332091746715,1
Cc1[nH]c(/C=C2\C(=O)Nc3ccncc32)c(C)c1C(=O)N1CCN(CCO)CC1,CHEMBL1914678,0.5205851714298653,1
CN1CCN(c2ccc3[nH]c(-c4[nH]nc5ccccc45)nc3c2)CC1,CHEMBL208600,0.5205177760798239,1
COCCOCC#Cc1cc(-c2n[nH]c3c2C(=O)c2cc(CN4CCN(C)CC4)ccc2-3)cs1,CHEMBL387971,0.5204074155492044,1
O=C1NC(=O)C(n2cc(C3CCNCC3)c3ccccc32)=C1c1c[nH]c2ccccc12,CHEMBL270846,0.520387420782016,1
CC(C)Nc1ncc2c(n1)CN(C(=O)NC1(c3ccc(Cl)c(Cl)c3)CCNCC1)CC2,CHEMBL3932007,0.5202485612399818,1
CN1CCC(n2cc(C3=C(c4c[nH]c5ccccc45)C(=O)NC3=O)c3ccccc32)CC1,CHEMBL52654,0.520099475369626,1
N=C(N)NCCC[C@@H]1NC(=O)[C@@H]2Cc3c([nH]c4ccccc34)CN2C1=O,CHEMBL389199,0.5200950441276305,1
Cc1c(F)cccc1Cc1c(C(=O)N2CCNCC2)c2ccccc2n1-c1ccc(O)nc1,CHEMBL1271286,0.5199838514331853,1
CC1(C)C(=O)NC(c2ccc(NC(=O)CN3CCCCC3)cc2)c2ccccc21,CHEMBL3277860,0.5198472853854357,1
O=C(N[C@@H]1CC[C@H](C(=O)NCc2ccccc2)NC1)c1ccc2[nH]nc(-c3ccncc3)c2c1,CHEMBL3654596,0.5196947071511534,1
O=C(N[C@@H]1CC[C@@H](C(=O)NCc2ccccc2)NC1)c1ccc2[nH]nc(-c3ccncc3)c2c1,CHEMBL3654597,0.5196947071511534,1
Cc1cc(O)c(-c2ccc(N(C)CCN)cc2)c2c1[nH]c(=O)c1sccc12,CHEMBL3672384,0.5195847692695637,1
C[C@H]1CN(CCCn2c3ccccc3c3cc(N)ccc32)C[C@H](C)N1,CHEMBL2112791,0.5195224845166501,1
C[C@@H]1CN(CCCn2c3ccccc3c3cc(N)ccc32)C[C@@H](C)N1,CHEMBL315846,0.5195224845166501,1
C[C@@H]1CN(CCCn2c3ccccc3c3cc(N)ccc32)C[C@H](C)N1,CHEMBL318770,0.5195224845166501,1
O=C(Nc1ccc(C2=NCCN2)cc1)c1sc2cc(C3=NCCN3)ccc2c1Cl,CHEMBL2071084,0.5194942044257113,1
COc1ccc2c(c1)C[C@H](C(=O)Nc1ccc(-c3cn[nH]c3)cc1)NC2,CHEMBL1215303,0.5194195078840875,1
CC(C)C(O)(c1ccc2cc3c(cc2c1)CNC3=O)c1c[nH]cn1,CHEMBL1682902,0.519409704852426,1
O=C(Nc1cccc(-c2cccc(CN3CCNCC3)c2)c1)c1ccc2c(c1)OCO2,CHEMBL494779,0.5193958402112907,1
CC(=O)N1CCN(Cc2nnc(-c3ccc4[nH]nc(-c5ccc(F)cc5)c4c3)[nH]2)CC1,CHEMBL3918363,0.5193632018147936,1
CC(C)NCc1nc(-c2ccc3c(c2)OCO3)c[nH]1,CHEMBL3554031,0.519262447526436,1
NC(=O)c1cnc(N[C@H]2CCCNC2)c2cc(-c3cc4ccccc4o3)sc12,CHEMBL1288222,0.5192510801728277,1
C[C@@H]1C(=O)NN=C2COc3cc(-c4ccccc4F)c([C@@H]4CCNC[C@@H]4C)cc3N21,CHEMBL3355123,0.5191879502292073,1
Fc1ccc(-c2n[nH]c3ccc(-c4n[nH]c(CN5CCCC5)n4)cc23)cc1,CHEMBL3940534,0.5191189265924804,1
c1ncc(-c2ccc3[nH]cc(-c4ccc(N5CCNCC5)cc4)c3c2)cn1,CHEMBL1909654,0.5190102595051294,1
N=C(Nc1ccc2c(c1)N(C1CCNC1)CC2)c1cccs1,CHEMBL1955938,0.5189600246634464,1
N=C(Nc1ccc2c(c1)N(C1CCNCC1)CC2)c1cccs1,CHEMBL1955939,0.5189600246634464,1
N=C(Nc1ccc2c(c1)CCN2C1CCNCC1)c1cccs1,CHEMBL3216328,0.5189600246634464,1
N=C(Nc1ccc2c(c1)CCN2C1CCCNC1)c1cccs1,CHEMBL2220315,0.5189600246634464,1
N=C(Nc1ccc2c(c1)CCCCN2C1CCNC1)c1cccs1,CHEMBL3215663,0.5189600246634464,1
N=C(Nc1cc2c(cc1F)CCN2C1CCNCC1)c1cccs1,CHEMBL1956106,0.5189600246634464,1
CC1CC(N2CCc3cc(NC(=N)c4cccs4)ccc32)CCN1,CHEMBL2220193,0.5189600246634464,1
N=C(Nc1ccc2c(c1)CCN2C1CCNC1)c1cccs1,CHEMBL3216566,0.5189600246634464,1
N=C(Nc1ccc2c(c1)CCCN2C1CCNC1)c1cccs1,CHEMBL2219934,0.5189600246634464,1
N=C(Nc1ccc2c(c1)CCCN2C1CCNCC1)c1cccs1,CHEMBL3217198,0.5189600246634464,1
NCc1ccc(-c2c(O)ccc3[nH]c(=O)c4sccc4c23)cc1,CHEMBL3667204,0.5187148217636021,1
NCc1ccc(-c2c(O)cc(F)c3[nH]c(=O)c4sccc4c23)cc1,CHEMBL3667236,0.5187148217636021,1
CNCc1ccc(-c2c(O)ccc3[nH]c(=O)c4sccc4c23)cc1,CHEMBL3667219,0.5187148217636021,1
NCc1ccc(-c2c(O)ccc3[nH]c(=O)c4sccc4c23)s1,CHEMBL3667241,0.5187148217636021,1
Cc1cc2c(s1)c(=O)[nH]c1ccc(O)c(-c3ccc(CN)cc3)c12,CHEMBL3667209,0.5187148217636021,1
C[C@@H]1CN(Cc2c[nH]nc2-c2ccc3c(c2)CNC(=O)O3)CCN1Cc1ccccc1F,CHEMBL3715847,0.5186976744186045,1
C[C@H]1CN(Cc2ccc(N(C)C(=O)c3ccc(-c4cccc(F)c4)nc3)cc2)CCN1,CHEMBL2364281,0.5184417737256528,1
C[C@H]1CN(Cc2ccc(N(C)C(=O)c3ccc(-c4ccccc4F)nc3)cc2)CCN1,CHEMBL2364280,0.5184417737256528,1
C[C@H]1CN(Cc2ccc(N(C)C(=O)c3ccc(-c4ccc(F)cc4)nc3)cc2)CCN1,CHEMBL2364277,0.5184417737256528,1
O=C1NCCc2[nH]c(-c3cccc4ccc(N[C@H]5CC[C@H](O)CC5)nc34)cc21,CHEMBL3974903,0.5183565126364584,1
O=C1N=C(Nc2ccc(O)cc2)S/C1=C/c1ccc(N2CCNCC2)cc1,CHEMBL3401997,0.5183512640014165,1
CC(C)(C)Nc1cnc2cccc(-c3cc4c([nH]3)CCNC4=O)c2n1,CHEMBL3926782,0.5182969739619985,1
Cc1nc2cccc(-c3cc4c([nH]3)C[C@H](C)NC4=O)c2nc1NC(C)(C)C,CHEMBL3930939,0.5182969739619983,1
Cc1nc2cccc(-c3cc4c([nH]3)CNC4=O)c2nc1NC(C)(C)C,CHEMBL3940411,0.5182969739619983,1
Cc1nc2cccc(-c3[nH]c4c(c3C)C(=O)NCC4)c2nc1NC(C)(C)C,CHEMBL3986680,0.5182969739619983,1
Cc1nc2cccc(-c3cc4c([nH]3)CCCNC4=O)c2nc1NC(C)(C)C,CHEMBL3907325,0.5182969739619983,1
CC(C)(C)Nc1nc2c(-c3cc4c([nH]3)CCNC4=O)cccc2nc1F,CHEMBL3909227,0.5182969739619983,1
C#Cc1nc2cccc(-c3cc4c([nH]3)CCNC4=O)c2nc1NC(C)(C)C,CHEMBL3929651,0.5182969739619983,1
Cc1nc2cccc(-c3cc4c([nH]3)[C@H](C)NC4=O)c2nc1NC(C)(C)C,CHEMBL3918714,0.5182969739619983,1
CCC(C)(C)Nc1nc2c(-c3cc4c([nH]3)CCNC4=O)c(F)ccc2nc1C,CHEMBL3897606,0.5182969739619983,1
Cc1nc2cccc(-c3cc4c([nH]3)C[C@@H](C)NC4=O)c2nc1NC(C)(C)C,CHEMBL3959102,0.5182969739619983,1
Cc1nc2cccc(-c3cc4c([nH]3)CCNC4=O)c2nc1NC(C)C,CHEMBL3890648,0.5182969739619983,1
Cc1nc2ccc(F)c(-c3cc4c([nH]3)CCNC4=O)c2nc1NC(C)C,CHEMBL3970766,0.5182969739619983,1
Cc1nc2cccc(-c3cc4c([nH]3)[C@@H](C)NC4=O)c2nc1NC(C)C,CHEMBL3934338,0.5182969739619983,1
Cc1nc2cccc(-c3cc4c([nH]3)[C@@H](C)NC4=O)c2nc1NC(C)(C)C,CHEMBL3974543,0.5182969739619983,1
CC(C)(C)Nc1nc2c(-c3cc4c([nH]3)CCNC4=O)cccc2nc1Cl,CHEMBL3918158,0.5182969739619983,1
Cc1nc2ccc(F)c(-c3cc4c([nH]3)CNC4=O)c2nc1NC(C)(C)C,CHEMBL3944136,0.5182969739619983,1
CCc1nc2cccc(-c3cc4c([nH]3)CCNC4=O)c2nc1NC(C)(C)C,CHEMBL3914535,0.5182969739619983,1
Cc1nc2cccc(-c3cc4c([nH]3)CCNC4=O)c2nc1NC(C)(C)C,CHEMBL3959725,0.5182969739619983,1
Cc1nc2cccc(-c3cc4c([nH]3)CCNC4=O)c2nc1NC(C)(C)C(F)(F)F,CHEMBL3966076,0.5182969739619983,1
CC(C)(C)Nc1ncc2cccc(-c3cc4c([nH]3)CCNC4=O)c2n1,CHEMBL3972296,0.5181260673808413,1
COc1ccc(F)cc1-c1ccnc2[nH]c(C3=CC4CN(C(=O)CO)CC4C3)cc12,CHEMBL3668545,0.5180645506610286,1
NC(=O)c1cnc(N[C@H]2CCCNC2)c2cc(-c3cccc4[nH]ccc34)sc12,CHEMBL1287949,0.5180427940101103,1
O=C1CC(c2ccccc2)CN1c1cnc2c(N3CCCNCC3)cccc2c1,CHEMBL3260798,0.5179833516569813,1
O=C1CC(c2ccccc2)CN1c1cnc2c(N3CCNCC3)cccc2c1,CHEMBL3260795,0.5179833516569813,1
Nc1ncc(-c2ccc(C(=O)N3CCNCC3)cc2)cc1-c1ccc(C(F)(F)F)nc1,CHEMBL2181297,0.5178137651821859,1
CC1(C)NC(C)(C)c2sc(-c3nc4c(C(N)=O)cccc4[nH]3)cc21,CHEMBL472472,0.5177259525029898,1
CC1(C)NC(C)(C)c2cc(-c3nc4c(C(N)=O)cccc4[nH]3)ccc21,CHEMBL471640,0.5177259525029898,1
CC(C)(C)NC[C@H](O)COc1ccc(-c2ncc(-c3cccs3)[nH]2)cc1,CHEMBL3250245,0.5174814513670082,1
CC(C)(C)NCC(O)COc1ccc(-c2ncc(-c3ccccc3)[nH]2)cc1,CHEMBL3246295,0.5174814513670082,1
CN1CCC(C(=O)N2CC=C(c3ccc(NC(=O)N4Cc5ccccc5C4)nc3)CC2)C1,CHEMBL3962036,0.5174380704041721,1
O=C(NCCCN1CCOCC1)c1cc2c3cccc(Cl)c3[nH]c2c2ncccc12,CHEMBL556305,0.5174347053192943,1
O=C(CN1CCOCC1)Nc1ccc2c(c1)-c1nc(O)c3ccccc3c1C2,CHEMBL192951,0.5174178311356029,1
CC(C)c1ccc2[nH]c3c(c2c1)CCN(C(=O)CCN)C3c1cccc(O)c1,CHEMBL590125,0.5173272735218283,1
CN1CCN(CC2CCN(C(=O)[C@H](NC(=O)c3ccc4cc[nH]c4c3)c3ccccc3)CC2)CC1,CHEMBL403131,0.5172701813000535,1
O=C(N[C@@H]1CNCC[C@H]1c1ccccc1)c1ccc2[nH]nc(-c3ccc4c(c3)OCO4)c2c1,CHEMBL3654466,0.5172686608039434,1
COc1cccc(CNC(=O)c2[nH]c3cc(-c4cn[nH]c4)ccc3c2CN(C)C)c1,CHEMBL1922138,0.5172663498529076,1
O=C(Nc1ccc(C(=O)N2CCCC23CCNC3)cc1)N1Cc2ccc(F)cc2C1,CHEMBL3895892,0.5172643163814472,1
O=C(Nc1ccc(C(=O)N2CCCC23CCNCC3)cc1)N1Cc2ccc(F)cc2C1,CHEMBL3978279,0.5172643163814472,1
O=C(Nc1ccc(C(=O)N2CCC23CCCNC3)cc1)N1Cc2ccc(F)cc2C1,CHEMBL3962361,0.5172643163814472,1
O=C(Nc1ccc(C(=O)N2CCCC23CCNC3)cc1)N1Cc2ccccc2C1,CHEMBL3949050,0.5172643163814472,1
O=C(Nc1ccc(C(=O)N2CCC23CCCNC3)cc1)N1Cc2ccccc2C1,CHEMBL3915753,0.5172643163814472,1
O=C(Nc1ccc(C(=O)N2CCCC23CCNCC3)cc1)N1Cc2ccccc2C1,CHEMBL3981302,0.5172643163814472,1
N=C(N)c1cccc(N2CC(NC(=O)Cc3ccccc3)CN(CC3CCN(Cc4ccccc4)CC3)C2=O)c1,CHEMBL3780548,0.5172633507227906,1
CNCC(=O)Nc1ccc(C2NC(=O)C(C)(C)c3ccccc32)cc1,CHEMBL3277847,0.5172565640997413,1
CC1(C)C(=O)NC(c2ccc(NC(=O)CN)cc2)c2ccccc21,CHEMBL3277854,0.5172565640997413,1
CCCNCC(=O)Nc1ccc(C2NC(=O)C(C)(C)c3ccccc32)cc1,CHEMBL3277849,0.5172565640997413,1
CCNCC(=O)Nc1ccc(C2NC(=O)C(C)(C)c3ccccc32)cc1,CHEMBL3277848,0.5172565640997413,1
CCCCNCC(=O)Nc1ccc(C2NC(=O)C(C)(C)c3ccccc32)cc1,CHEMBL3277851,0.5172565640997413,1
Cc1nc2cccc(-c3cc4c([nH]3)C3(CC3)NC4=O)c2nc1NC(C)(C)C,CHEMBL3896124,0.5172205223084038,1
Cc1nc2ccc(F)c(-c3cc4c([nH]3)C3(CC3)NC4=O)c2nc1NC(C)C,CHEMBL3974046,0.5172205223084038,1
CC(C)(O)CNc1cc(-c2c[nH]c3ncccc23)cc(Cl)n1,CHEMBL2005387,0.5170696324951644,1
O=c1[nH]c2ccc(O)c(-c3ccc4c(c3)CNCC4)c2c2ccsc12,CHEMBL3672244,0.5170645097652394,1
O=C1CCCN1CCNc1cccc(-c2ccnc3[nH]c(C4CCNCC4)cc23)n1,CHEMBL3668415,0.5169926822403605,1
O=c1[nH]c(CN2CCOCC2)nc2cc(-c3c[nH]c4ccccc34)sc12,CHEMBL2377466,0.5169409038238701,1
O=C(NCCNc1ccccc1)c1ccc2[nH]nc(-c3ccncc3)c2c1,CHEMBL3799228,0.5168460128753347,1
COc1ccc2cc3cc(C(=O)NCCN4CCN(Cc5ccccc5)CC4)oc3nc2c1,CHEMBL1424034,0.5168217609162487,1
CC(C)[C@H](N)C(=O)N1CCc2c([nH]c3ccc(Cl)cc23)C1c1cccc(O)c1,CHEMBL603050,0.5167312879298718,1
CC(C)[C@@H](N)C(=O)N1CCc2c([nH]c3ccc(Cl)cc23)C1c1cccc(O)c1,CHEMBL589392,0.5167312879298718,1
Cc1ccc2[nH]c(C(=O)N[C@H]3Cc4ccccc4[C@@H]3NC(=O)[C@@H]3CN(C)CCO3)cc2c1,CHEMBL4170481,0.5164774735849794,1
Nc1ccc(-c2ccc3ccc(-c4ccc(N5CCNCC5)cc4)nc3n2)cc1,CHEMBL2263600,0.5164379813142566,1
CN1CCN(c2ccc3nc(-c4n[nH]cc4/C=C/c4cccnc4)[nH]c3c2)CC1,CHEMBL394465,0.5163845122360037,1
N=C(N)c1ccc(-c2ccc(-c3nc4ccccc4[nH]3)o2)cc1,CHEMBL416502,0.5163618140816838,1
Cc1n[nH]cc1-c1cc2nc(CN3CCC(c4ccccc4)C3)[nH]c(=O)c2s1,CHEMBL4105646,0.5162632737013293,1
CC(=O)Nc1nc2ccc(NC(=O)Nc3ccc(C(=O)N4CCN(C)CC4)cc3)cc2s1,CHEMBL2299132,0.5162347594283964,1
CN1CCC(Nc2ccc3c(c2)/C(=C/c2cc4c([nH]2)CCN(C(=O)N2CCOCC2)C4)C(=O)N3)CC1,CHEMBL2403373,0.5162274084299053,1
CN1CCC(C(=O)N2CC=C(c3ccc(NC(=O)N4Cc5ccncc5C4)cc3)CC2)C1,CHEMBL3907377,0.5161867389924404,1
CN1CCC(C(=O)N2CC=C(c3ccc(NC(=O)N4Cc5ccncc5C4)cc3)CC2)CC1,CHEMBL3949693,0.5161867389924404,1
CS(=O)(=O)c1cccc(-c2cnc3[nH]cc(-c4cccc(CCN)c4)c3c2)c1,CHEMBL548690,0.5161661086402476,1
Cc1c(Nc2c(C#N)cncc2/C=C/CCN2CCNCC2)ccc2[nH]ccc12,CHEMBL603418,0.5161421394799052,1
CN1CCC(Oc2ccc(-c3nc4cc(C(N)=O)ccc4[nH]3)cc2)CC1,CHEMBL442282,0.5161272414367403,1
CN1CCC(Oc2ccc(-c3nc4cc(C(N)=O)ccc4[nH]3)cc2)C1,CHEMBL400936,0.5161272414367403,1
CC(C)NCC1Cn2c(cc3ccc(C(=O)Nc4nccs4)cc32)C(=O)N1,CHEMBL272148,0.5160818713450297,1
Cc1ccccc1S(=O)(=O)Nc1ccc(C2(O)CSC(=S)N2Cc2cccnc2)cc1,CHEMBL4159690,0.516072337079691,1
Cc1cccc(S(=O)(=O)Nc2ccc(C3(O)CSC(=S)N3Cc3cccnc3)cc2)c1,CHEMBL4170317,0.516072337079691,1
O=S(=O)(Nc1ccc(C2(O)CSC(=S)N2Cc2cccnc2)cc1)c1cccs1,CHEMBL4172534,0.516072337079691,1
O=S(=O)(Nc1ccc(C2(O)CSC(=S)N2Cc2cccnc2)cc1)c1ccccc1F,CHEMBL4167112,0.516072337079691,1
O=S(=O)(Nc1ccc(C2(O)CSC(=S)N2Cc2cccnc2)cc1)c1ccc(F)cc1,CHEMBL4164208,0.516072337079691,1
O=S(=O)(Nc1ccc(C2(O)CSC(=S)N2Cc2cccnc2)cc1)c1cccc(F)c1,CHEMBL4174993,0.516072337079691,1
O=S(=O)(Nc1ccc(C2(O)CSC(=S)N2Cc2cccnc2)cc1)c1ccccc1,CHEMBL4162004,0.516072337079691,1
Cc1ccc(S(=O)(=O)Nc2ccc(C3(O)CSC(=S)N3Cc3cccnc3)cc2)cc1,CHEMBL4162178,0.516072337079691,1
CCN1CCN(CCCC(=O)Nc2n[nH]c3nc(-c4ccc(O)cc4)c(Br)cc23)CC1,CHEMBL407981,0.516061999659343,1
CCN1CCN(CCCC(=O)Nc2n[nH]c3nc(-c4cccc(O)c4)ccc23)CC1,CHEMBL407730,0.516061999659343,1
CN1CCN(C(=O)c2cccc(-c3cc(O)c4ncccc4c3)c2)CC1,CHEMBL1413807,0.5159999999999999,1
O=C1NCc2cccc(-c3cc4cc(OCCN5CCOCC5)ccc4[nH]3)c21,CHEMBL483451,0.5159522885958107,1
O=C(Nc1cc2cc[nH]c(=O)c2cc1Cl)C1CNCC1c1ccc(Cl)cc1,CHEMBL1082819,0.5159375180125653,1
O=C(Nc1cc2cc[nH]c(=O)c2cc1Cl)C1CNCC1c1ccccc1,CHEMBL1084597,0.5159375180125653,1
O=C(Nc1cc2cc[nH]c(=O)c2cc1Cl)C1CNCC1c1cccc(Br)c1,CHEMBL1083747,0.5159375180125653,1
O=C(Nc1cc2cc[nH]c(=O)c2cc1Cl)[C@@H]1CNC[C@H]1c1ccc(Cl)cc1,CHEMBL1082821,0.5159375180125653,1
Cc1cccc(C2CNCC2C(=O)Nc2cc3cc[nH]c(=O)c3cc2Cl)c1,CHEMBL1083749,0.5159375180125653,1
O=C(Nc1cc2cc[nH]c(=O)c2cc1Cl)[C@H]1CNC[C@@H]1c1ccc(Cl)cc1,CHEMBL1082820,0.5159375180125653,1
O=C(Nc1cc2cc[nH]c(=O)c2cc1Cl)C1CNCC1c1ccc(F)cc1,CHEMBL1084110,0.5159375180125653,1
O=C(Nc1cc2cc[nH]c(=O)c2cc1Cl)C1CNCCC1c1ccccc1,CHEMBL1084324,0.5159375180125653,1
CCc1cccc(C2CNCC2C(=O)Nc2cc3cc[nH]c(=O)c3cc2Cl)c1,CHEMBL1084051,0.5159375180125653,1
O=C(Nc1cc2cc[nH]c(=O)c2cc1Cl)C1CNCC1c1ccc(Br)cc1,CHEMBL1084653,0.5159375180125653,1
CN1CCN(CC(=O)Nc2ccc3c(c2)-c2nc(O)c4ccccc4c2C3)CC1,CHEMBL363380,0.5158689994216309,1
O=C1NC(N2CCNCC2)=N/C1=C\c1c2ccccc2cc2ccccc12,CHEMBL3617222,0.5158350211747378,1
O=C1NCCc2c(-c3ccc(CN4CCCC4)cc3)[nH]c3cccc1c23,CHEMBL1173054,0.5157964748919187,1
Cc1nnc(-c2ccccc2-c2ccc(CN3CCNCC3)cc2)o1,CHEMBL2296624,0.5157824042981867,1
CN1CCN(c2ccc(C(=O)Nc3cc(-c4ccc(NC(=O)N5CCCC5)cc4)n[nH]3)cc2)CC1,CHEMBL2386815,0.5157766000815326,1
NC(=O)c1ccc2[nH]c(-c3ccc(OCCN4CCCCC4)cc3)nc2c1,CHEMBL249350,0.5157765637194778,1
C[C@@H](Oc1cc(-c2ccc(CN3CCOCC3)cc2)cc2ncccc12)[C@H]1CNC(=O)C1,CHEMBL3653771,0.5157473147642454,1
NC1CCN(c2ccncc2-c2cc3c(-c4ccccc4F)n[nH]c3cn2)CC1,CHEMBL3951910,0.5157358839864239,1
N[C@@H]1CCCN(c2ccncc2-c2cc3c(-c4ccccc4F)n[nH]c3cn2)C1,CHEMBL4111247,0.5157358839864239,1
N[C@H]1CCCN(c2ccncc2-c2cc3c(-c4ccccc4F)n[nH]c3cn2)C1,CHEMBL3634793,0.5157358839864239,1
CC(C)NC(=O)c1ccc2cc(C3(O)CCn4cncc43)ccc2c1,CHEMBL1921984,0.5157344289849657,1
COc1cc(-c2cc3ccccc3[nH]2)[nH]c1/C=C1/SC(=O)NC1=O,CHEMBL2172562,0.5156525684327266,1
Nc1ccccc1NC(=O)c1ccc(CNC2=N[C@@H](c3ccccc3)CN2)cc1,CHEMBL3605415,0.5154928464153032,1
O=C(CSc1nc2c([nH]c3ccccc32)c(=O)n1-c1ccccc1)NC1CCNCC1,CHEMBL2386447,0.5154430547722525,1
Cc1ccccc1NC1=NC(=O)/C(=C\c2ccc(N3CCNCC3)cc2)S1,CHEMBL3402010,0.5154264972776769,1
O=C1N=C(Nc2ccccc2Cl)S/C1=C/c1ccc(N2CCNCC2)cc1,CHEMBL3402001,0.5154264972776769,1
O=C1N=C(Nc2ccccc2)S/C1=C/c1ccc(N2CCNCC2)cc1,CHEMBL3400168,0.5154264972776769,1
CC(=O)NCc1cccc(-c2cc(=O)n(CC3CCCNC3)c3ccccc23)c1,CHEMBL2331566,0.51535646967513,1
C[C@@H]1CN(Cc2c[nH]nc2-c2ccc3c(c2)CNC(=O)O3)CCN1C1CCCCC1,CHEMBL3719189,0.5150202871410734,1
O=C1NCCN(Cc2cccc(F)c2F)[C@H]1CC(=O)N1CCc2c([nH]c3ccccc23)C1,CHEMBL2430426,0.5149810819102157,1
CN(C)CCNC(=O)c1ccc2c(c1)CC(c1nc3ccc(-c4cn[nH]c4)cc3s1)CO2,CHEMBL1079920,0.5149497687769096,1
CN1CCN(CCCN2Cc3cc(-c4ccc(/C=C5/NC(=S)NC5=O)s4)ccc3C2=O)CC1,CHEMBL3104005,0.514865370231862,1
CC(C)NCc1ccc(-c2cc3c4c(c[nH]c4c2)C(=O)NNC3=O)cc1,CHEMBL3617777,0.5148528940908608,1
CC(C)C1NCCc2cc(-c3nc4c(C(N)=O)cc(F)cc4[nH]3)sc21,CHEMBL4282534,0.5148327678138631,1
CC(C)(C)C1NCCc2cc(-c3nc4c(C(N)=O)cc(F)cc4[nH]3)sc21,CHEMBL4279065,0.5148327678138631,1
CC(C)NCCNC(=O)c1cccc(Cc2n[nH]c(=O)c3c2CCCC3)c1,CHEMBL3908435,0.5147027935307709,1
O=C1c2ccccc2C(OCCN2CCNCC2)(c2ccccc2)N1Cc1ccccc1,CHEMBL385387,0.5145880508622191,1
CN1CCN(C(=O)c2cccc(-c3n[nH]c4ccc(-c5ncn[nH]5)cc34)c2)CC1,CHEMBL3914440,0.5145478057059725,1
CC(C)(O)CNC(=O)c1ccc(NC(=O)N2Cc3ccc(C#N)cc3C2)cc1,CHEMBL3966908,0.5143351182507805,1
Nc1nc(-c2ccc(NC(=O)c3cc4cc(F)ccc4[nH]3)cc2)c[nH]1,CHEMBL3261445,0.5143088189047127,1
Nc1nc(-c2cccc(NC(=O)c3cc4ccccc4[nH]3)c2)c[nH]1,CHEMBL3113252,0.5143088189047127,1
CNc1nc(-c2cccc(NC(=O)c3cc4ccccc4[nH]3)c2)c[nH]1,CHEMBL3112596,0.5143088189047127,1
Nc1nc(-c2cccc(NC(=O)c3cc4sccc4[nH]3)c2)c[nH]1,CHEMBL3304326,0.5143088189047127,1
Nc1nc(-c2cccc(NC(=O)c3cc4cc(F)ccc4[nH]3)c2)c[nH]1,CHEMBL3261438,0.5143088189047127,1
Nc1nc(-c2ccc(NC(=O)c3cc4ccccc4[nH]3)cc2)c[nH]1,CHEMBL3113253,0.5143088189047127,1
COc1ccc2[nH]c(CN3Cc4ccccc4C3)c(CCNC(=O)C3CC3)c2c1,CHEMBL3219329,0.5141227444743047,1
CNS(=O)(=O)c1ccc2c(c1)/C(=C/c1[nH]c3c(c1CCCN1CCN(C(C)=O)CC1)CCCC3)C(=O)N2,CHEMBL293319,0.5141007194244603,1
CCC(=O)N1CCN(CCCc2c(/C=C3\C(=O)Nc4ccc(S(=O)(=O)NC)cc43)[nH]c3c2CCCC3)CC1,CHEMBL57467,0.5141007194244603,1
NC[C@H]1CCN(c2cncc(-c3cc4c(-c5ccccc5F)n[nH]c4cn3)c2)C1,CHEMBL4108596,0.5140296018344798,1
c1cc(NC2CCNCC2)nc(-c2cnc3ccc(-c4ccc[nH]4)cn23)c1,CHEMBL255445,0.513943711690896,1
O=C(NCCN1CCOCC1)c1ccc2c(-c3nc4ccccc4[nH]3)n[nH]c2c1,CHEMBL3967837,0.513938734819648,1
N[C@@H]1CCN(Cc2ccc(-c3nc(-c4cccnc4)cc(=O)[nH]3)cc2)C1,CHEMBL3475063,0.5137729549248746,1
CN(C)C(=O)NCc1ccccc1-c1ccc(CN2C(=O)[C@H](NC(=O)C(C)(C)N)CCc3ccccc32)cc1,CHEMBL291193,0.5137454798936955,1
CC(C)(O)Cn1/c(=N/C(=O)c2ccc(-c3cn[nH]c3)s2)[nH]c2cc(CN3CCOCC3)ccc21,CHEMBL494027,0.5137327022219547,1
CC1COCC(C)N1Cc1ccc2c(c1)[nH]/c(=N\C(=O)c1ccc(-c3cn[nH]c3)s1)n2CC(C)(C)O,CHEMBL522682,0.5137327022219546,1
CC(C)NC(=N)c1ccc2[nH]c(-c3ccccn3)nc2c1,CHEMBL397862,0.5136927223719674,1
CC(C)NC(=N)c1ccc2[nH]c(-c3cccn3C)nc2c1,CHEMBL397609,0.5136927223719674,1
CC(C)NC(=N)c1ccc2[nH]c(-c3cnc[nH]3)nc2c1,CHEMBL1185133,0.5136713319121324,1
N[C@H]1CCCN(c2ccnc(NC(=O)c3c[nH]c4ccc(-c5ccccc5F)nc34)c2)C1,CHEMBL3932537,0.5136670478438897,1
Nc1ccc(F)c(-c2ccnc3[nH]c(C4CCNCC4)cc23)c1,CHEMBL3668458,0.5136490538724019,1
Cn1cc(CN2CCC[C@@H](NC(=O)N3CCc4[nH]nc(-c5ccncc5)c4C3)C2)c2ccccc21,CHEMBL4114164,0.5135998238079506,1
Cc1c(C(=O)NCc2ccccc2)[nH]c2cccc(OC3CCNCC3)c12,CHEMBL4302400,0.51341402197557,1
O=C(NCc1ccccc1)c1cc2c(OC3CCNCC3)cccc2[nH]1,CHEMBL4303051,0.51341402197557,1
CC(=O)Nc1cccc(-c2ccc(C(N)=O)c3[nH]c4cc(C(=O)N5CCN(C)CC5)ccc4c23)c1C,CHEMBL3621515,0.5133930243884163,1
CC(=O)Nc1ccc(-c2ccc(C(N)=O)c3[nH]c4ccc(C(=O)N5CCN(C)CC5)cc4c23)cc1,CHEMBL3621495,0.5133930243884163,1
CC(=O)Nc1cccc(-c2ccc(C(N)=O)c3[nH]c4cc(C(=O)N5CCN(C)CC5)ccc4c23)c1,CHEMBL3621498,0.5133930243884163,1
CC(=O)Nc1ccc(-c2ccc(C(N)=O)c3[nH]c4cc(C(=O)N5CCN(C)CC5)ccc4c23)cc1,CHEMBL3621500,0.5133930243884163,1
CC(=O)Nc1cccc(-c2ccc(C(N)=O)c3[nH]c4ccc(C(=O)N5CCN(C)CC5)cc4c23)c1,CHEMBL3621459,0.5133930243884163,1
Nc1ncc(-c2cccc(N3CCNCC3)c2)cc1-c1ccnc2ccccc12,CHEMBL3341792,0.5133404482390608,1
Nc1ncc(-c2ccc(N3CCNCC3)cc2)cc1-c1ccnc2ccccc12,CHEMBL3341791,0.5133404482390608,1
O=C(N[C@H]1C[C@H]2COC[C@@H](C1)N2)c1cn(-c2cn[nH]c2)c2ccccc12,CHEMBL3920493,0.5132101670073665,1
O=C1NN=C2COc3ccc(NC4CNC4)cc3N2C1c1ccccc1,CHEMBL3356463,0.5130807931340635,1
NC[C@@H](NC(=O)C[C@H]1CNC(=O)c2cc(-c3cccc(F)c3)cn21)C1CCCCC1,CHEMBL3297759,0.5130404601348669,1
CCNCc1cncc(-c2ccc3[nH]nc(-c4ncc[nH]4)c3c2)c1C,CHEMBL1808582,0.5130313710133575,1
Cc1c(/C=C2\C(=O)Nc3ccc(F)cc32)[nH]c2c1C(=O)N(CCN1CCOCC1)CCC2,CHEMBL1277071,0.512957168003129,1
Cc1c(/C=C2\C(=O)Nc3ccc(F)cc32)[nH]c2c1C(=O)N(CCN1CCOCC1)CC2,CHEMBL1276891,0.512957168003129,1
C[C@@H](C(=O)NC1CCN(Cc2ccccc2)CC1)N1C(=O)N2CCc3c([nH]c4ccccc34)[C@@]2(C)C1=O,CHEMBL1408197,0.5128731271051917,1
COCCN1CCC[C@@H]1Cc1c[nH]c2ccc(-n3cnc4cc(CN)ccc43)cc12,CHEMBL77958,0.5127979492673219,1
C[C@H]1NC(=O)c2cc(-c3c(F)ccc4c3N=C(NC3(C)CC3)N(C3CC3)C4)[nH]c21,CHEMBL3949175,0.5127606194307466,1
CC(C)(O)CC(=O)N1CC=C(c2ccc(NC(=O)N3Cc4ccncc4C3)cc2)CC1,CHEMBL3968930,0.5127481949458484,1
[O][S]1c2ccccc2C(=O)N(Cc2ccc(F)cc2)c2cc(C(=O)NCCN3CCCC3)ccc21,CHEMBL1560060,0.5127390444217972,1
CN1CCN(C(=O)c2ccc(NC(=O)Nc3nc4ccc(O)cc4s3)cc2)CC1,CHEMBL4287375,0.5127311370882037,1
Cc1c2ccccc2nc2c1c1cc(NC(=O)[C@@H]3CCCN3)ccc1n2CCN(C)C,CHEMBL3736527,0.5127181358207413,1
c1cc(OCCN2CCCCC2)cc(-c2n[nH]c3ccc(-c4nnc[nH]4)cc23)c1,CHEMBL1614713,0.5127079759007299,1
O=C(NCCN1CCC2(CC1)C(=O)NCN2c1cccc(F)c1)c1cc2cc(F)ccc2[nH]1,CHEMBL1254736,0.51257768570583,1
O=C(NCCN1CCC2(CC1)C(=O)NCN2c1ccc(F)cc1)c1cc2cc(F)ccc2[nH]1,CHEMBL1871258,0.51257768570583,1
O=C(NCCN1CCC2(CC1)C(=O)NCN2c1ccccc1)c1cc2cc(F)ccc2[nH]1,CHEMBL1906867,0.51257768570583,1
O=C(NCCN1CCC2(CC1)C(=O)NCN2c1cccc(Cl)c1)c1cc2cc(F)ccc2[nH]1,CHEMBL1254908,0.51257768570583,1
CC(CNC(=O)c1cc2ccccc2[nH]1)N1CCC2(CC1)C(=O)NCN2c1ccccc1,CHEMBL3357311,0.51257768570583,1
C[C@@H](CN1CCC2(CC1)C(=O)NCN2c1ccc(F)c(F)c1)NC(=O)c1cc2ccccc2[nH]1,CHEMBL1869160,0.51257768570583,1
O=C(NCCN1CCC2(CC1)C(=O)NCN2c1ccc(Br)cc1)c1cc2cc(F)ccc2[nH]1,CHEMBL1880025,0.51257768570583,1
C[C@@H](CN1CCC2(CC1)C(=O)NCN2c1ccc(F)c(F)c1)NC(=O)c1cc2cc(F)ccc2[nH]1,CHEMBL1873358,0.51257768570583,1
C[C@H](CN1CCC2(CC1)C(=O)NCN2c1ccccc1)NC(=O)c1cc2cc(F)ccc2[nH]1,CHEMBL1907360,0.51257768570583,1
O=C(NCCN1CCC2(CC1)C(=O)NCN2c1ccc(Cl)cc1)c1cc2cc(F)ccc2[nH]1,CHEMBL1254081,0.51257768570583,1
O=C(NCCN1CCC2(CC1)C(=O)NCN2c1ccc(F)c(F)c1)c1cc2cc(F)ccc2[nH]1,CHEMBL1865001,0.51257768570583,1
CC(CNC(=O)c1cc2cc(F)ccc2[nH]1)N1CCC2(CC1)C(=O)NCN2c1ccccc1,CHEMBL3357310,0.51257768570583,1
NC(=O)c1cc(-c2cccc(Cl)c2)cc2c1[nH]c1ccc(C(=O)N3CCOC(CO)C3)cc12,CHEMBL3646838,0.5125101616836778,1
O=C(Nc1cccc(Cc2n[nH]c(=O)c3c2CCCC3)c1)C1CNC1,CHEMBL3979663,0.5125026047093142,1
O=C(Nc1cc(Cc2n[nH]c(=O)c3c2CCCC3)ccc1F)C1CCCNC1,CHEMBL3938809,0.5125026047093142,1
O=C(Nc1cc(Cc2n[nH]c(=O)c3c2CCCC3)ccc1F)C1CNC1,CHEMBL3909439,0.5125026047093142,1
NC[C@@H]1CCN(c2ccncc2-c2cc3c(-c4ccccc4F)n[nH]c3cn2)C1,CHEMBL3918515,0.5121413672320831,1
CN(C)CCNC(=O)c1cccc(-c2cc(-c3ccc(N4CCN(C)CC4)cc3)[nH]n2)c1,CHEMBL1683428,0.5119173984367456,1
O=C(c1cccc(-c2cc3[nH]c(=O)c4ccccc4n3n2)c1)N1CCN2CCC[C@H]2C1,CHEMBL550041,0.5118394960923829,1
O=C(c1ccc(-c2cc3[nH]c(=O)c4ccccc4n3n2)cc1)N1CCN2CCC[C@H]2C1,CHEMBL563107,0.5118394960923829,1
O=C1NCc2cc(-c3n[nH]cc3CN3CCCN(c4ccc(C(F)(F)F)cn4)CC3)ccc2N1,CHEMBL3719050,0.5118113097833986,1
C[C@@H]1CN(Cc2c[nH]nc2-c2ccc3c(c2)CNC(=O)N3)CCN1c1ccc(C(F)(F)F)cn1,CHEMBL3719072,0.5118113097833986,1
C[C@@H](Oc1cc(-c2ccc(C(=O)N3CCN(C)CC3)cc2)cc2ncccc12)[C@H]1CNC(=O)C1,CHEMBL3653804,0.5117761403191537,1
COc1cccc(/C=C2/Sc3ccc(C(=O)NCCN4CCCC4)cc3NC2=O)c1,CHEMBL1563079,0.5116474880718492,1
COc1ccc(/C=C2\Sc3ccc(C(=O)NCCN4CCCC4)cc3NC2=O)cc1,CHEMBL2170913,0.5116474880718492,1
Cc1cc(NC(=O)c2ccc3cc4n(c3c2)CC2(CCNCC2)CNC4=O)no1,CHEMBL3973596,0.511641325006788,1
CC(=O)NC1CCN(Cc2ccc3c(-c4ccc(F)cc4)cc(C(N)=O)nc3c2)C1,CHEMBL3913090,0.5115528088636488,1
CNC(=O)c1ccc(-c2noc(-c3ccc4[nH]cc(CCN)c4c3)n2)cc1,CHEMBL288880,0.5115377761938702,1
NCc1ccc(-c2cc3ccncc3cc2OC2CCNCC2)cc1,CHEMBL484967,0.5114816439959046,1
NCc1cccc(-c2cc3ccncc3cc2OC2CCNCC2)c1,CHEMBL482770,0.5114816439959046,1
c1cc(NC2CCNCC2)nc(-c2n[nH]c3ccccc23)c1,CHEMBL500069,0.5114581942775774,1
c1cc(NC2CCNCC2)nc(-c2cncc3ccccc23)c1,CHEMBL482522,0.5113995089442299,1
O=c1[nH]c(CN2CC[C@H](O)C2)nc2c1sc1ccc(-c3ccc(O)cc3)cc12,CHEMBL583187,0.511275258354345,1
O=C(c1cc(Cc2c[nH]c(=O)c3cc(Cl)c(Cl)n23)ccc1F)N1CCC2(CCN2)CC1,CHEMBL590088,0.5112281078757922,1
NC(=O)c1cccc2[nH]c(-c3ccc(-c4csc(N)n4)cc3)nc12,CHEMBL571928,0.5111060119320788,1
Nc1ncc(-c2ccc(N3CCNCC3)cc2)cc1-c1cccc2ncccc12,CHEMBL3341793,0.5110547810167579,1
Cc1cc(-c2cccc(NCCN)c2)c(/C=C2\C(=O)Nc3ccccc32)[nH]1,CHEMBL1778722,0.5110244233378561,1
Cc1cc(-c2ccc(NCCN)cc2)c(/C=C2\C(=O)Nc3ccccc32)[nH]1,CHEMBL1778723,0.5110244233378561,1
CC(C)(N)CC(=O)N[C@@H]1CCc2ccccc2N(Cc2ccc(-c3ccccc3C(=O)NCCCCO)cc2)C1=O,CHEMBL306849,0.5109700202870237,1
C[C@H]1CN(Cc2ccc(N(C)C(=O)c3ccc(-c4cccc(C#N)c4)nc3)cc2)CCN1,CHEMBL2364294,0.5109576235978398,1
N#Cc1cc(-c2cc(C(=O)Nc3ccc([C@H]4CNCCO4)cc3)[nH]n2)ccc1F,CHEMBL3663717,0.5109013850657577,1
N#Cc1cccc(-c2cc(C(=O)Nc3ccc([C@H]4CNCCO4)cc3)[nH]n2)c1F,CHEMBL3663721,0.5109013850657577,1
Cc1c(N)cccc1-c1ccc(C(N)=O)c2[nH]c3cc(C(=O)N4CCN(C)CC4)ccc3c12,CHEMBL3621514,0.5108358076516157,1
N#Cc1cnc(C(=O)Nc2ccc(C3CCNCC3)cc2C2=CCCC2)[nH]1,CHEMBL256950,0.5107738243344111,1
CN1C[C@@H](NC(=O)Nc2cc3[nH]nc(-c4ccc(F)cc4)c3cn2)[C@H](c2ccccc2)C1,CHEMBL3654841,0.5106948591059668,1
CN1C[C@H](NC(=O)Nc2cc3[nH]nc(-c4ccc(F)cc4)c3cn2)[C@@H](c2ccccc2)C1,CHEMBL3654840,0.5106948591059668,1
CC1(C)C(=O)NC(c2ccc(NC(=O)CN3CCOCC3)cc2)c2ccccc21,CHEMBL3277859,0.5106820461384151,1
CN1CCCN(Cc2cccc(Cc3n[nH]c(=O)c4c3CCCC4)c2)CC1,CHEMBL3952677,0.5105778866495936,1
CN1CCCN(Cc2ccc(Cc3n[nH]c(=O)c4c3CCCC4)cc2)CC1,CHEMBL3981758,0.5105778866495936,1
CCOC(=O)CC1CCc2ccc(NC(=O)c3ccc(C(=N)N4CCOCC4)cc3)cc2C1,CHEMBL421905,0.5105731508946508,1
Cc1nc2cccc(-c3cc4c([nH]3)CCNC4=O)c2nc1OCCC(C)(C)N,CHEMBL3913792,0.5105352471187158,1
Cc1cc(-c2cc(-c3nc4ccc(CN5CCN(C)CC5)cc4[nH]3)c(=O)[nH]n2)cc(C)c1O,CHEMBL270473,0.5104711302037706,1
NC(=O)c1cc(-c2ccc(F)cc2)c2ccc(CN3CCN4CCC[C@@H]4C3)cc2n1,CHEMBL4114381,0.5104335444591743,1
COc1ccc2[nH]c(C(=O)Nc3cccc(-c4c[nH]c(N)n4)c3)cc2c1,CHEMBL3261440,0.5102772090092926,1
CS(=O)(=O)Nc1cccc(-c2cnc3[nH]cc(-c4cccc(CN)c4)c3c2)c1,CHEMBL536150,0.5102561845232852,1
CS(=O)(=O)Nc1cccc(-c2cnc3[nH]cc(-c4ccc(CN)cc4)c3c2)c1,CHEMBL536845,0.5102561845232852,1
CN1CCN(C[C@@H](NC(=O)C[C@H]2CNC(=O)c3cc(-c4cccc(Cl)c4)cn32)C2CCCCC2)CC1,CHEMBL3297762,0.5101787288611044,1
CN1CCN(C[C@@H](NC(=O)C[C@H]2CNC(=O)c3cc(-c4cc(Cl)ccc4F)cn32)C2CCCCC2)CC1,CHEMBL3297764,0.5101787288611044,1
CN1CCN(C[C@@H](NC(=O)C[C@H]2CNC(=O)c3cc(-c4ccc(F)c(F)c4)cn32)C2CCCCC2)CC1,CHEMBL3297763,0.5101787288611044,1
CN1CCN(C[C@@H](NC(=O)C[C@H]2CNC(=O)c3cc(-c4cccc(F)c4)cn32)C2CCCCC2)CC1,CHEMBL3297761,0.5101787288611044,1
Cc1[nH]c(/C=C2\C(=O)Nc3ncccc32)c(C)c1C(=O)N1CCN(C)CC1,CHEMBL1914684,0.5101543460601135,1
O=C(Nc1ccc([C@H]2CNCCO2)cc1)c1cc(-c2ccc(F)cc2)[nH]n1,CHEMBL3663681,0.5101020104981674,1
O=C(Nc1ccc([C@H]2CNCCO2)cc1)c1cc(-c2ccccc2)[nH]n1,CHEMBL3663679,0.5101020104981674,1
O=C(Nc1ccc([C@H]2CNCCO2)cc1)c1cc(-c2cccc(Cl)c2)[nH]n1,CHEMBL3663680,0.5101020104981674,1
O=c1[nH]sc2c1c(=O)c1cc(F)c(-c3ccc4c(c3)CCNC4)cc1n2C1CC1,CHEMBL222015,0.5100732952147051,1
O=c1[nH]sc2c1c(=O)c1cc(F)c(-c3ccc4c(c3)CNC4)cc1n2C1CC1,CHEMBL222157,0.5100732952147051,1
CN1C(=O)C(NC(=O)NCc2cccc(C(C)(C)O)c2)N=C(c2ccccc2)c2ccccc21,CHEMBL422102,0.5100295513566757,1
NC(=O)c1ccc2[nH]nc(-c3cccc(NC(=O)C4CCNCC4)c3)c2c1,CHEMBL3927792,0.5100159546179753,1
O=C(NCCN1CCC2(CC1)C(O)=NC[C@H]2c1ccc(F)cc1)c1cnc2ccccc2c1,CHEMBL3923136,0.5099442333316881,1
FC1(c2cccc(-c3n[nH]c4cnc(-c5cccnc5)cc34)n2)CCNCC1,CHEMBL3898951,0.5099396658415841,1
CC(C)(CNC(=O)c1ccc(NC(=O)N2Cc3ccccc3C2)cc1)N1CCOCC1,CHEMBL3986521,0.5099358804514861,1
CC(C)(CNC(=O)c1ccc(NC(=O)N2Cc3ccc(F)cc3C2)cc1)N1CCOCC1,CHEMBL3938585,0.5099358804514861,1
OC1CCN(Cc2nnc(-c3ccc4[nH]nc(-c5ccc(F)cc5)c4c3)[nH]2)CC1,CHEMBL3981108,0.5096771902411308,1
CC(C)NC(=N)c1ccc(N2Cc3ccccc3C2=O)nc1,CHEMBL3545717,0.5096707694173287,1
CC(C)NC(=N)c1ccc2nc(NC(=O)c3ccccc3)sc2c1,CHEMBL1186168,0.5096443965517238,1
O=C1Nc2ccccc2S/C1=C\c1c[nH]c2cc(OCCN3CCOCC3)ccc12,CHEMBL187130,0.5094070133963748,1
CCn1cc(-c2nc3ccc(Cl)cc3[nH]2)c(=O)c2cc(F)c(N3CCNCC3)cc21,CHEMBL552485,0.5093729799612153,1
CCn1cc(-c2nc3ccccc3[nH]2)c(=O)c2cc(F)c(N3CCNCC3)cc21,CHEMBL550120,0.5093729799612153,1
CCn1cc(-c2nc3ccccc3[nH]2)c(=O)c2cc(F)c(N3CCNC(C)C3)c(F)c21,CHEMBL560598,0.5093729799612153,1
CCc1cc2c(cc1N1CCNCC1)C(C)(C)c1[nH]c3cc(C#N)ccc3c1C2=O,CHEMBL3747525,0.5093215844653857,1
CC(C)NC(=S)N/N=C1\CC(c2ccc(O)cc2)Oc2cc(O)ccc21,CHEMBL1209936,0.5091718054796659,1
CC(C)(C)NC(=S)N/N=C1\CC(c2ccc(O)cc2)Oc2cc(O)ccc21,CHEMBL1210000,0.5091718054796659,1
COc1cc2c(cc1CN[C@H]1CC[C@H](O)CC1)Cc1c-2n[nH]c1-c1ccc(C#N)cc1,CHEMBL445410,0.5091148211741493,1
c1cc(NCC2CCOCC2)nc(-c2ccnc3[nH]c(C4CCNCC4)cc23)c1,CHEMBL3668362,0.5087943365931981,1
C[C@@H](C(=O)N1CCNCC1)N1CC[C@H](NS(=O)(=O)c2ccc3cc(Cl)ccc3c2)C1=O,CHEMBL211938,0.5087660949303936,1
N=C(c1ccc(C(=O)Nc2ccccc2C(=O)Nc2ccc(Cl)cn2)cc1)N1CCNCC1,CHEMBL511277,0.5087343381151264,1
O=C(Nc1n[nH]c2cc(-c3ccc(O)cc3)ccc12)c1ccc(OCCN2CCOCC2)cc1,CHEMBL4063674,0.5086419753086425,1
CCN1CCN(CCC(=O)Nc2c(C)[nH]c(/C=C3\C(=O)Nc4ccc(F)cc43)c2C)CC1,CHEMBL3288853,0.5086343694576683,1
Cc1[nH]c(/C=C2\C(=O)Nc3ccc(F)cc32)c(C)c1NC(=O)CCN1CCN(C)CC1,CHEMBL3288854,0.5086343694576682,1
CC(C)(C)NCC(O)COc1ccc(-c2nc(-c3cccs3)c[nH]2)cc1,CHEMBL366769,0.5085884611498428,1
CC(C)NCC(O)COc1ccc(-c2nc(-c3cccs3)c[nH]2)cc1,CHEMBL11171,0.5085884611498428,1
COc1ccc(-c2cc(C(N)=O)c3[nH]c4ccc(C(=O)N5CCC(O)CC5)cc4c3c2)cc1F,CHEMBL3646842,0.5085682220399704,1
COc1ccc(-c2cc(C(N)=O)c3[nH]c4ccc(C(=O)N5CCC[C@H](O)C5)cc4c3c2)cc1F,CHEMBL3646839,0.5085682220399704,1
COc1cccc(C(=O)NCc2cccc(-c3cccc(CN4CCNCC4)c3)c2)c1,CHEMBL495180,0.508554705087798,1
CN(C)c1cccc(C(=O)NCc2cccc(-c3cccc(CN4CCNCC4)c3)c2)c1,CHEMBL494950,0.508554705087798,1
COc1ccc(C(=O)NCc2cccc(-c3cccc(CN4CCNCC4)c3)c2)cc1,CHEMBL495360,0.508554705087798,1
NC(=O)c1nc(-c2ccncc2)sc1NC(=O)c1ccc(CC2CCNCC2)cc1,CHEMBL3981105,0.5085247349823322,1
NC(=O)c1cc(-c2ccc(F)cc2)c2ccc(CN3CCC(O)CC3)cc2n1,CHEMBL3933190,0.5084782966580693,1
O=c1[nH]c2ccc(OC3CCCNC3)cc2c2c1CSCC2,CHEMBL1093295,0.5084726422091629,1
COc1ccccc1-c1cc(C(=O)Nc2ccc([C@H]3CNCCO3)cc2)[nH]n1,CHEMBL3663687,0.5084604594073292,1
CN1CCN(CCNC(=O)c2c[nH]c3c(ccc4ccccc43)c2=O)CC1,CHEMBL522867,0.5083272990586531,1
Nc1cccc(CNC(=O)[C@@H]2Cn3c(cc4ccccc43)C(=O)N2)c1,CHEMBL4070485,0.5083043305872503,1
Nc1ccc(CNC(=O)[C@@H]2Cn3c(cc4ccccc43)C(=O)N2)cc1,CHEMBL4078678,0.5083043305872503,1
O=C(Cc1ccccc1)Nc1ccccc1-c1cn2c(CN3CCNCC3)csc2n1,CHEMBL489692,0.5082945736434106,1
O=C(NCCN1CCOCC1)c1ccc2[nH]c3c4c(c5c(c3c2c1)CNC5=O)CCC4,CHEMBL204898,0.5082876390412032,1
N=C(N)c1cccc(C2Oc3ccccc3N(CCCCCN3CCOCC3)C2=O)c1,CHEMBL130378,0.5082564035886097,1
CNc1nc2cc(C3(O)c4ccccc4C(=O)N3Cc3ccccc3)ccc2[nH]1,CHEMBL3892620,0.5082222372606078,1
Nc1nc2cc(C3(O)c4ccccc4C(=O)N3Cc3ccccc3)ccc2[nH]1,CHEMBL3906156,0.5082222372606078,1
O=C(CCC(=O)N1CCNCC1)c1ccc2[nH]c3c4c(c5c(c3c2c1)C(=O)NC5=O)CCC4,CHEMBL1962554,0.5082072829131654,1
N[C@H]1CN(C(=O)c2ccc3[nH]c(CO)nc3c2)C[C@@H]1c1ccccc1,CHEMBL3482561,0.5081220900155194,1
c1cc(OCCN2CCCC2)cc(-c2n[nH]c3ccc(-c4ncn[nH]4)cc23)c1,CHEMBL3953922,0.5080568344181614,1
N#Cc1ccc(-c2cc3c(o2)C(=O)Nc2ccc(N4CCNCC4)cc2C3)cc1,CHEMBL1938683,0.508052478592191,1
O=C(Nc1ccc(C2=NCCN2)cc1)c1cc2cc(C3=NCCN3)ccc2o1,CHEMBL1688705,0.5079776975137638,1
O=C(Nc1ccc(C2=NCCN2)cc1)c1cc2ccc(C3=NCCN3)cc2o1,CHEMBL1688711,0.5079776975137638,1
O=C(Nc1n[nH]c2cc(-c3ccc4[nH]cnc4c3)ccc12)C1CC1,CHEMBL4070424,0.5079411620974439,1
CN1CCC(NC(=O)c2cc3c(-c4ccccc4)n[nH]c3s2)CC1,CHEMBL1987007,0.5079355082504092,1
O=C(N[C@@H](C(=O)N1CCC(CN2CC[C@@H](O)C2)CC1)c1ccccc1)c1ccc2cc[nH]c2c1,CHEMBL249800,0.5079232283464563,1
O=C(N[C@@H](C(=O)N1CCC(CN2CCC(O)CC2)CC1)c1ccccc1)c1ccc2cc[nH]c2c1,CHEMBL430205,0.5079232283464563,1
O=C(N[C@@H](C(=O)N1CCC(CN2CCC(O)C2)CC1)c1ccccc1)c1ccc2cc[nH]c2c1,CHEMBL401200,0.5079232283464563,1
O=C(NC1N=C(c2ccccc2)c2ccccc2NC1=O)c1ccccc1CN1CCOCC1,CHEMBL205371,0.5079178663433854,1
CC(=O)Nc1nc2c(s1)C[C@H]1[C@H]3Cc4ccc(O)cc4[C@@]1(CCN3CC1CC1)C2,CHEMBL3086305,0.5077746522894201,1
CN1CCN(c2ccc(C(=O)Nc3cc(-c4ccc(NC(=O)NC5CC5)cc4)n[nH]3)cc2)CC1,CHEMBL2386814,0.5077259475218657,1
Cc1c(C(=O)NCCc2ccccc2)[nH]c2cccc(OC3CCNCC3)c12,CHEMBL4286463,0.5075809006562568,1
O=C(NCCc1ccccc1)c1cc2c(OC3CCNCC3)cccc2[nH]1,CHEMBL4302501,0.5075809006562568,1
NCCCc1cc2cc[nH]c(=O)c2c2cc(-c3ccn[nH]3)ccc12,CHEMBL400323,0.507527286413248,1
CC(C)Nc1nnc(-c2ccc3[nH]cc(NC(=O)C4CC4)c3c2)o1,CHEMBL3935080,0.50749275909835,1
Cc1cccc(N2CCN(Cc3c[nH]nc3-c3ccc4oc(=O)[nH]c(=O)c4c3)CC2)c1C,CHEMBL3717640,0.5074745864062185,1
NCCNC(=O)c1cnc2oc3ccc(O)cc3c2c1-c1ccccc1,CHEMBL3221395,0.5074731050340804,1
Cc1ccc2c(N)n[nH]c2c1-c1ccc2c(c1)NC(=O)C21CCOCC1,CHEMBL1911343,0.5074705904603395,1
C=CCNC(=S)N/N=C/c1ccc2c(c1)N([O])C(C(=O)Nc1ccccc1)=C(c1ccccc1)N2[O],CHEMBL1165776,0.5074263553098438,1
CN1C(=O)N(c2cccc(C(F)(F)F)c2)C2=C(C(=O)CC2)C1c1ccc(C#N)cc1C(=O)N[C@H]1C[C@@H]1N,CHEMBL3978808,0.5072942867409268,1
CN1C(=O)N(c2cccc(C(F)(F)F)c2)C2=C(C(=O)CC2)C1c1ccc(C#N)cc1C(=O)N[C@H]1C[C@H]1N,CHEMBL4114064,0.5072942867409268,1
CC1(C)CNC(=O)c2cc3ccc(C(=O)Nc4cn[nH]c4)cc3n2C1,CHEMBL3967861,0.5072720976538829,1
CN(C)CCNC(=O)c1ccc2c(c1)CC(C(=O)Nc1ccc(-c3cn[nH]c3)cc1)CO2,CHEMBL481685,0.5071732088013798,1
O=C(Nc1cc2cc[nH]c(=O)c2cc1Cl)C1CNCC1c1ccncc1,CHEMBL1084105,0.5071652033504891,1
O=C(Nc1cc2cc[nH]c(=O)c2cc1Cl)C1CNCC1c1cccnc1,CHEMBL1084104,0.5071652033504891,1
COc1ccc2c(c1)C[C@@H](C(=O)Nc1ccc(-c3cn[nH]c3)cc1O[C@H]1CCN(C)C1)CO2,CHEMBL3221814,0.5071575330930649,1
COc1ccc2c(c1)C[C@H](C(=O)Nc1ccc(-c3cn[nH]c3)cc1O[C@H]1CCN(C)C1)CO2,CHEMBL3221813,0.5071575330930649,1
COc1ccc2c(c1)C[C@H](C(=O)Nc1ccc(-c3cn[nH]c3)cc1O[C@@H]1CCN(C)C1)CO2,CHEMBL3221811,0.5071575330930649,1
COc1ccc2c(c1)C[C@@H](C(=O)Nc1ccc(-c3cn[nH]c3)cc1O[C@@H]1CCN(C)C1)CO2,CHEMBL3221812,0.5071575330930649,1
c1cc(CNCCN2CCNCC2)cc(-c2ccc(-c3nc4ccccc4[nH]3)cc2)c1,CHEMBL531488,0.5071335927367054,1
c1cc(CNCCN2CCNCC2)cc(-c2cccc(-c3nc4ccccc4[nH]3)c2)c1,CHEMBL546426,0.5071335927367054,1
O=C1NCCN(Cc2ccccc2)C1CC(=O)N1CCc2n[nH]cc2C1,CHEMBL3481240,0.5070935478610641,1
Nc1ccccc1-c1cc2c(cc1F)c(=O)c1c(=O)[nH]sc1n2C1CC1,CHEMBL203212,0.5070755731429306,1
Cc1ccc(-c2cc3c(cc2F)c(=O)c2c(=O)[nH]sc2n3C2CC2)cc1N,CHEMBL202649,0.507072476461572,1
Nc1cccc(-c2cc3c(cc2F)c(=O)c2c(=O)[nH]sc2n3C2CC2)c1,CHEMBL382560,0.507072476461572,1
Nc1ccc(-c2cc3c(cc2F)c(=O)c2c(=O)[nH]sc2n3C2CC2)cc1,CHEMBL380505,0.507072476461572,1
Nc1cc(-c2cc3c(cc2F)c(=O)c2c(=O)[nH]sc2n3C2CC2)ccc1F,CHEMBL205729,0.507072476461572,1
O=c1[nH]cc(-c2ccc(N3CCOCC3)cc2)c2sc(-c3cn[nH]c3)cc12,CHEMBL1809110,0.5069930069930068,1
NS(=O)(=O)c1cccc(CN(c2ccc3[nH]ccc3c2)C2CCNCC2)c1,CHEMBL552341,0.5069362246105767,1
O=C([C@@H]1C=C2c3cccc4[nH]cc(c34)C[C@H]2N(C(=O)Nc2ccccc2)C1)N1CCC1,CHEMBL1808999,0.5068527663005139,1
CC(C)(O)CN1C[C@H](c2cccc(F)c2F)CC[C@@H](NC(=O)c2ccc3c(c2)CC2(C3)C(=O)Nc3ncccc32)C1=O,CHEMBL3977466,0.5068518691153165,1
N#Cc1ccc(NC(=O)c2cc(-c3ccc(NC(=N)N)cc3)on2)cc1,CHEMBL3287463,0.50679012345679,1
C[C@@H]1CN(Cc2c[nH]nc2-c2ccc3c(c2)CNC(=O)C3)CCN1c1ccc(C(F)(F)F)cn1,CHEMBL3717344,0.5067511251875308,1
O=C1Cc2ccc(-c3n[nH]cc3CN3CCCN(c4ccc(C(F)(F)F)cn4)CC3)cc2CN1,CHEMBL3718435,0.5067511251875306,1
O=C(NCC[C@H]1CCCNC1)c1ccnc2nc(-c3cccs3)[nH]c12,CHEMBL3717765,0.5066192452084566,1
O=C(NCC[C@@H]1CCCNC1)c1ccnc2nc(-c3cccs3)[nH]c12,CHEMBL3717030,0.5066192452084566,1
O=C1Nc2ncccc2[C@@]12Cc1cc3ccc(CN4CCNCC4)nc3cc1C2,CHEMBL3656894,0.5066033078252283,1
O=c1[nH]nc(Cc2ccc(F)c(CNC3CCOCC3)c2)c2c1CCCC2,CHEMBL3893220,0.5065744729086373,1
Cc1ccc2[nH]c(C(=O)N[C@H]3Cc4ccccc4[C@@H]3NC(=O)[C@H]3COCCN(C)C3)cc2c1,CHEMBL4162174,0.5065272098144068,1
CNS(=O)(=O)c1ccc2c(c1)/C(=C/c1[nH]c3c(c1CCCN1CCNCC1)CCCC3)C(=O)N2,CHEMBL55410,0.5064757056141431,1
Nc1ccc(-c2ccc(C(=O)N3CCOCC3)cc2)cc1NC(=O)c1cccnc1,CHEMBL257427,0.5064396314697797,1
CN1CCC(C(=O)N2CC=C(c3ccc(NC(=O)N4Cc5ccccc5C4)cn3)CC2)C1,CHEMBL3947429,0.5064109649607603,1
S=C(N/N=C1\CC2(CCCCC2)Oc2c1ccc1ccccc21)N1CCNCC1,CHEMBL4242762,0.5063807531380751,1
N=C(N)NC(=O)c1cccc(-c2nc3ccccc3[nH]2)c1,CHEMBL389313,0.5063778700415184,1
N=C(N)NC(=O)c1ccc(-c2nc3ccccc3[nH]2)cc1,CHEMBL233862,0.5063778700415184,1
CCOc1ccccc1-c1ccc2nc(NC(=O)NCCN3CCNCC3)sc2c1,CHEMBL2347729,0.506362694300518,1
CC1(C)CNC(c2ccc3c(c2)Cc2cc(C4=NC(C)(C)CN4)ccc2-3)=N1,CHEMBL2007777,0.5063229963753523,1
CC1(C)C=C(c2ccc(-c3nc4c(C(N)=O)cccc4[nH]3)cc2)C(C)(C)N1O,CHEMBL459362,0.5062400261876508,1
COc1ccc2nc(NC(=O)Nc3ccc(C(=O)N4CCN(C)CC4)cc3)sc2c1,CHEMBL4284164,0.5062281777861656,1
CC1CNC(=O)c2[nH]c3ccc(C(=O)Nc4nc(C(=O)NC5CCN(C)CC5)cs4)cc3c21,CHEMBL246301,0.5062223754741231,1
c1ccc2c(Cc3nc4cc(N5CCNCC5)ccc4[nH]3)cccc2c1,CHEMBL567071,0.5061920364302771,1
NCCc1cc2cc[nH]c(=O)c2c2cc(-c3ccn[nH]3)ccc12,CHEMBL400127,0.5061918802449533,1
O=C(NC1CCCNC1)c1ccnc2[nH]c(-c3cccs3)cc12,CHEMBL3716839,0.5061541055471251,1
Cc1nnc(-c2ccc(-c3c(C(N)=O)c4n(c3C3CC3)CCN(C(=O)NC(C)(C)C)C4)cc2)o1,CHEMBL3976083,0.5061499703615886,1
O=C1NN=C(c2ccc3nc(-c4ccc(CN5CCCCC5)cc4)oc3c2)C2CC12,CHEMBL3927202,0.506063410120294,1
O=c1[nH]c2ccc(C3=NN=C(NCc4ccc5ccccc5c4)SC3)cc2[nH]1,CHEMBL4280650,0.5059488750147249,1
O=C(NCC1CCCNC1)c1ccnc2[nH]c(-c3cccs3)cc12,CHEMBL3716415,0.5059220690049778,1
CC(C)Nc1nnc(-c2ccc3[nH]cc(-c4cncc(C(=O)N(C)C)c4)c3c2)o1,CHEMBL3985000,0.5057859784467331,1
CN1CCN(Cc2ccccc2NC(=O)c2cccc3c2C(=O)c2ccccc2-3)CC1,CHEMBL466071,0.5057838803724252,1
CN1CCN(c2ccc(C(=O)Nc3[nH]nc4c3CN(C(=O)Cc3ccsc3)C4)cc2)CC1,CHEMBL363857,0.5057559478127396,1
Cc1ccc2c(N)noc2c1-c1ccc2c(c1)NC(=O)C2(C)C,CHEMBL1911340,0.5057088487155089,1
CNC1=NC(c2cccc(NC(=O)c3cc4ccccc4[nH]3)c2)CN1,CHEMBL3621670,0.5056898679219411,1
CCN(CC)CCN1C(=O)C(O)(c2ccc3ccccc3c2)c2c(Cl)cc(C#CCO)cc21,CHEMBL445638,0.5056581874455943,1
CC(C)N1CCC(Oc2ccc3[nH]c4c(c3c2)CCNC4=O)CC1,CHEMBL1258753,0.5056262488169102,1
NC(=O)c1ccc(-c2ccc3[nH]nc(-c4cncc(O[C@H]5CNCCC56CC6)n4)c3c2)c(F)c1,CHEMBL3393718,0.5055761047918348,1
O=C1Cc2cc(C(=O)NC(c3ccc(Cl)c(Cl)c3)C3CCNCC3)ccc2N1,CHEMBL1823645,0.5055648463179744,1
O=C(NC(c1ccc(Cl)c(Cl)c1)C1CCNCC1)c1ccc2[nH]c(=O)oc2c1,CHEMBL1823646,0.5055648463179742,1
CN1CCN(C(=O)c2ccc(NC(=O)c3csc4c(=O)[nH]cnc34)c(-c3ccccc3)c2)CC1,CHEMBL3823127,0.5054866412213739,1
O=C(Nc1n[nH]c2cc(-c3cnc4[nH]ccc4c3)ccc12)C1CC1,CHEMBL4104204,0.50545152300396,1
O=C(NC1CCCCNC1=O)c1ccc2[nH]nc(-c3ccncc3)c2c1,CHEMBL3651160,0.5054319975402273,1
CC(=O)NCc1nc2ccc(-c3nc4ccc(N5CCN(C)CC5)cc4[nH]3)cc2[nH]1,CHEMBL1822870,0.5054054054054054,1
O=C(NCCC1CCCNC1)Nc1nc2ccc(C(=O)c3ccccc3)cc2[nH]1,CHEMBL2059165,0.5053724767342532,1
O=C(NCCC1CCNCC1)Nc1nc2ccc(C(=O)c3ccccc3)cc2[nH]1,CHEMBL2059164,0.5053724767342532,1
OCCNCc1cccc2c1Cc1c-2n[nH]c1-c1ccsc1,CHEMBL246546,0.5053399322740296,1
Nc1cc(F)ccc1NC(=O)c1cnc2cc(N3CCNCC3)ccc2c1,CHEMBL3664030,0.5053286690530423,1
Nc1ccc(F)cc1NC(=O)c1cnc2cc(N3CCNCC3)ccc2c1,CHEMBL3664037,0.5053286690530423,1
CN[C@@H](C)C(=O)N[C@H](C(=O)N1Cc2ccccc2[C@H]1C(=O)Nc1cccc2ccccc12)C(C)C,CHEMBL3965881,0.5053087226396601,1
CN[C@@H](C)C(=O)N[C@H](C(=O)N1Cc2ccccc2[C@@H]1C(=O)Nc1cccc2ccccc12)C(C)C,CHEMBL3894477,0.5053087226396601,1
CN[C@@H](C)C(=O)N[C@H](C(=O)N1Cc2ccccc2[C@H]1C(=O)Nc1cccc2c1CCCC2)C(C)C,CHEMBL3984616,0.5053087226396601,1
CN[C@@H](C)C(=O)N[C@H](C(=O)N1Cc2ccccc2[C@H]1C(=O)Nc1cccc2sccc12)C(C)C,CHEMBL3971071,0.5053087226396601,1
N#CC(Cc1cccc2[nH]c(=O)c3cc(F)ccc3c12)NC(=O)[C@H]1N[C@@H]2CC[C@H]1C2,CHEMBL3667266,0.505210918114144,1
N#CC(Cc1cccc2[nH]c(=O)c3ccccc3c12)NC(=O)[C@H]1N[C@@H]2CC[C@H]1C2,CHEMBL3662642,0.505210918114144,1
NC(=O)NCc1cccc(-c2cccc(-c3cc4c[nH]ccc-4n3)c2O)c1,CHEMBL209022,0.5051866214251091,1
CN1CCC(C(=O)N2Cc3c(NC(=O)NCc4ccccc4)n[nH]c3C2(C)C)CC1,CHEMBL597992,0.5051651143099066,1
CCCNC(=O)c1cccc(CN2C(=O)NC(Cc3ccc4[nH]cc(CCN)c4c3)C2=O)c1,CHEMBL324250,0.5051300993187225,1
CNC(=O)c1cccc(CN2C(=O)NC(Cc3ccc4[nH]cc(CCN)c4c3)C2=O)c1,CHEMBL332841,0.5051300993187225,1
CN1CCN(c2ccc3c(c2)[nH]c2c(C(N)=O)cc(-c4ccc5c(cnn5C)c4)cc23)CC1,CHEMBL3589329,0.5051218205314083,1
CN1CCN(c2ccc(-c3cnc4[nH]c5cnc(C(N)=O)cc5c4c3)cc2)CC1,CHEMBL3359894,0.505069411948214,1
CN[C@@H](C)C(=O)N[C@H](C(=O)N1Cc2ccccc2[C@H]1C(=O)Nc1ccc2ccccc2c1)C(C)C,CHEMBL3954683,0.5050675675675674,1
CC1(C)c2[nH]nc(NC(=O)c3ccc4ccccc4n3)c2CN1C(=O)N1CCN2CCCC2C1,CHEMBL3662727,0.5050352941176468,1
C[C@H]1CN2CCC[C@H]2CN1C(=O)N1Cc2c(NC(=O)c3ccc4ccccc4n3)n[nH]c2C1(C)C,CHEMBL3662798,0.5050352941176468,1
C[C@H]1CN2CCC[C@H]2CN1C(=O)N1Cc2c(NC(=O)c3nc4ccccc4s3)n[nH]c2C1(C)C,CHEMBL3662767,0.5050352941176468,1
O=C(Nc1ccnc2[nH]c(-c3cccs3)cc12)C1CCCNC1,CHEMBL3719157,0.5050287356321836,1
O=C1NCCCc2[nH]c3c(ccc4cnc(-c5ccccc5OCCN5CCOCC5)cc43)c21,CHEMBL1801088,0.50498249394021,1
O=C1NCC(c2ccc(OCCN3CCOCC3)cc2)N1c1ccc2nc[nH]c2c1,CHEMBL3948264,0.5049587465622133,1
CNC(=O)c1ccc(OCc2cc(C)ccn2)c(-c2ccc3c(c2)CCNCC3)c1,CHEMBL4283403,0.504758048187892,1
CNS(=O)(=O)c1ccc2c(c1)/C(=C/c1[nH]c3c(c1CCC(=O)N1CCN(C)CC1)CCCC3)C(=O)N2,CHEMBL291534,0.5047297297297296,1
NCCc1c[nH]c2ccc(CC3NC(=O)N(Cc4cccc(C(=O)Nc5ccccc5)c4)C3=O)cc12,CHEMBL118290,0.5047250702375305,1
NCCc1c[nH]c2ccc(CC3NC(=O)N(Cc4ccc(C(=O)Nc5ccccc5)cc4)C3=O)cc12,CHEMBL120776,0.5047250702375305,1
NC(=O)c1cnc(SC2CCCNC2)c2cc(-c3ccccc3)sc12,CHEMBL4068572,0.5046805302506752,1
CCN1CCCC1CNC(=O)c1ccc2c(c1)NC(=O)/C(=C/c1ccccc1OC)S2,CHEMBL2170934,0.5046671852428047,1
NC1=NC(=O)/C(=C2\CCNC(=O)c3[nH]c4c(-c5ccccc5)csc4c32)S1,CHEMBL518466,0.5046412443552433,1
CN1CCN(c2ccc(-c3cc(-c4cccc(C(=O)NCCO)c4)n[nH]3)cc2)CC1,CHEMBL1683427,0.504561271513213,1
CC(C)NC(=O)c1cccc(-c2cc(-c3ccc(N4CCN(C)CC4)cc3)[nH]n2)c1,CHEMBL1683313,0.504493801652892,1
CN1CCN(c2ccc3c(c2)[nH]c2c(C(N)=O)cc(-c4cccc(Cl)c4)nc23)CC1,CHEMBL3649609,0.5044336260106059,1
Cn1c2c(c3cc(S(=O)(=O)c4cc(F)c5[nH]ccc5c4)ccc31)C1CCC(C2)N1,CHEMBL3669640,0.5043475070624057,1
Cn1c2c(c3cc(S(=O)(=O)c4ccc5cc[nH]c5c4)ccc31)C1CCC(C2)N1,CHEMBL3664774,0.5043475070624057,1
Cn1c2c(c3cc(S(=O)(=O)c4ccc5[nH]ccc5c4)ccc31)C1CCC(C2)N1,CHEMBL1950775,0.5043475070624057,1
NCCc1cc2cc[nH]c(=O)c2c2cc(-c3cn[nH]c3)ccc12,CHEMBL428409,0.5042515052626739,1
Cc1[nH]c(/C=C2\C(=O)Nc3ccncc32)c(C)c1C(=O)N1CCN(C)CC1,CHEMBL1914679,0.5042462270784875,1
CCNC(=O)C#Cc1ccc2c(c1)NC(=O)/C2=C(\Nc1ccc(N2CCN(C)CC2)cc1)c1ccccc1,CHEMBL3699137,0.5041602662570402,1
NC(=O)c1c(NC(=O)c2ccc(CN3CCOCC3)cc2)sc2c1CCC(c1ccc(O)cc1)C2,CHEMBL4097067,0.5041359945359337,1
c1ccc2c(c1)CN[C@@H](CN(CC[C@H]1CCCNC1)[C@H]1CCCc3cccnc31)C2,CHEMBL4174290,0.5041131202850752,1
CC(C)(N)CCCN(C[C@H]1Cc2ccccc2CN1)[C@H]1CCCc2cccnc21,CHEMBL4080718,0.5041131202850752,1
c1ccc2c(c1)CN[C@@H](CN(CCC1CCNCC1)[C@H]1CCCc3cccnc31)C2,CHEMBL4164702,0.5041131202850752,1
c1ccc2c(c1)CN[C@@H](CN(CC[C@@H]1CCCNC1)[C@H]1CCCc3cccnc31)C2,CHEMBL4163611,0.5041131202850752,1
Cc1cccc2c1cc(C(=O)NC1CCN(C(C)C)CC1)n2CC(=O)Nc1ccc(C(=N)N)cc1,CHEMBL190386,0.5040933152776071,1
c1cc(OCCN2CCNCC2)cc(-c2n[nH]c3ccc(-c4ncn[nH]4)cc23)c1,CHEMBL3892007,0.5040633277149053,1
NC1=NC2(CO1)c1cc(-c3cnc4[nH]cc(Cl)c4c3)ccc1OCC21CC1,CHEMBL3703263,0.5038600288600286,1
NC1=NC2(CO1)c1cc(-c3cnc4[nH]ccc4c3)ccc1OCC21CC1,CHEMBL3703262,0.5038600288600286,1
CN1CCN(C(=O)N2Cc3c(NC(=O)c4ccccc4)n[nH]c3C2(C)C)C(c2ccccc2)C1,CHEMBL2064560,0.5038461538461536,1
O=C(Nc1cccc(-c2nc3ccccc3[nH]2)c1)c1cccc2c1C(=O)N(CCN1CCOCC1)C2,CHEMBL3560957,0.5038039200989395,1
CN1C[C@@H](NC(=O)Nc2cc3[nH]nc(-c4ccc(F)cc4)c3cn2)[C@H](c2ccccc2)C12COC2,CHEMBL3663012,0.5037343593391318,1
COc1cc(-c2nc3c(C(N)=O)cccc3[nH]2)ccc1OCC1=CC(C)(C)NC1(C)C,CHEMBL472471,0.5037119403473201,1
NC[C@@H](NC(=O)C[C@H]1CNC(=O)c2cc(-c3cccc(F)c3)cn21)c1ccccc1,CHEMBL3298891,0.503682595352915,1
COc1cccc(F)c1CN1CCC[C@@H](NC(=O)N2CCc3[nH]nc(-c4ccc5nccn5c4)c3C2)C1,CHEMBL4112238,0.5036262333862485,1
N#Cc1cc2c(cn1)[nH]c1ncc(-c3ccc(CN4CCOCC4)cc3)cc12,CHEMBL3582211,0.5035964912280702,1
CC(C)(O)C(=O)Nc1cc(Cc2n[nH]c(=O)c3c2CCCC3)ccc1F,CHEMBL3936732,0.503555169062356,1
CCOc1ccc2c(c1CN1CCNCC1)O/C(=C\c1c[nH]c3ccccc13)C2=O,CHEMBL2147764,0.5035448788546256,1
COc1ccc2c(c1CN1CCNCC1)O/C(=C\c1c[nH]c3ccccc13)C2=O,CHEMBL2147763,0.5035448788546256,1
CCCOc1ccc2c(c1CN1CCNCC1)O/C(=C\c1c[nH]c3ccccc13)C2=O,CHEMBL2147765,0.5035448788546256,1
O=C(NCC1CCCCN1)c1cccc(Cc2n[nH]c(=O)c3c2CCCC3)c1,CHEMBL3935139,0.5034899468694652,1
N=C(N)c1ccc2[nH]c(-c3cc(-c4ccc(CN)cc4)ccc3O)cc2c1,CHEMBL3827645,0.5034646670906839,1
C[C@@H](CN1CCC2(CC1)C(=O)NC[C@@H]2c1ccc(F)cc1)NC(=O)c1cnc2ccccc2c1,CHEMBL3902347,0.503426669277462,1
O=C(NCCN1CCC2(CC1)C(=O)NC[C@@H]2c1ccc(F)cc1)c1cnc2ccccc2c1,CHEMBL4109224,0.503426669277462,1
C[C@@H](CN1CCC2(CC1)C(=O)NCC2c1ccc(F)cc1)NC(=O)c1cnc2ccccc2c1,CHEMBL3924210,0.503426669277462,1
O=C(NCCN1CCC2(CC1)C(=O)NCC2c1ccc(F)cc1)c1cnc2ccccc2c1,CHEMBL3929910,0.503426669277462,1
O[C@@H]1CCN(CCOc2ccc3c(c2)C(O)(C(F)(F)F)c2ccccc2-3)C1,CHEMBL3676736,0.5034201235657546,1
O[C@H]1CCN(CCOc2ccc3c(c2)C(O)(C(F)(F)F)c2ccccc2-3)C1,CHEMBL3639756,0.5034201235657546,1
O=C(Nc1ccc(-c2nc3ccccc3[nH]2)cc1)C1CCCN(Cc2cc[nH]n2)C1,CHEMBL2137157,0.5034181022696197,1
CN1CCC[C@@H]1Cc1c[nH]c2ccc(-n3cnc4cc(CN)ccc43)cc12,CHEMBL310564,0.5034156154394198,1
CC(C)C(=O)NCc1ccc(Cl)c(-c2nc3cc(Cl)c(N4CCN(C)CC4)cc3c(=O)[nH]2)c1,CHEMBL3342837,0.5034096338444163,1
NCCSc1cc(-c2ccc[nH]2)c2c3c(ccc(F)c13)NC2=O,CHEMBL311464,0.5033500395673963,1
NCC[S]([O])c1cc(-c2ccc[nH]2)c2c3c(ccc(F)c13)NC2=O,CHEMBL79356,0.5033500395673963,1
NCCCc1cc(-c2ccc[nH]2)c2c3c(ccc(F)c13)NC2=O,CHEMBL312726,0.5033500395673963,1
O=c1[nH]c2cc(CNCCN3CCCC3)ccc2n2cccc12,CHEMBL539979,0.5033473221422862,1
O=C(CN1CCOCC1)Nc1ccc(-c2nc3cc(C(F)(F)F)ccc3[nH]2)cc1,CHEMBL1090901,0.5033470214321872,1
O=C(CN1CCOCC1)Nc1ccc(-c2nc3cc(Cl)c(Cl)cc3[nH]2)cc1,CHEMBL1093906,0.5033470214321872,1
O=C(CN1CCOCC1)Nc1ccc(-c2nc3ccccc3[nH]2)cc1,CHEMBL1093507,0.5033470214321872,1
O=c1cc(OCc2ccccn2)ccn1-c1ccc2c3c([nH]c2c1)CC1CCC3N1,CHEMBL3694003,0.5033460962210757,1
O=c1cc(OCc2ccc(F)cn2)ccn1-c1ccc2c3c([nH]c2c1)CC1CCC3N1,CHEMBL3693995,0.5033460962210757,1
NC(=O)c1cc(-c2ccc(CN3CCOCC3)cc2)nc2c1[nH]c1cc(N)ccc12,CHEMBL3649612,0.503335411471322,1
CN(C)CCCNC(=O)c1cccc(-c2cc3c(-c4ccc(C(N)=O)cc4)ccnc3[nH]2)c1,CHEMBL4126740,0.5032880929061142,1
CN(C)CCCNC(=O)c1ccc(-c2cc3c(-c4ccc(C(N)=O)cc4)ccnc3[nH]2)cc1,CHEMBL4127140,0.5032880929061142,1
COc1ccc2nc(C(=O)Nc3ccc(C4CCNC4)cc3)ccc2c1,CHEMBL3974948,0.5032817888530422,1
O=C1[C@@H]2Cc3ccccc3CN2C(=O)N1CCCNC1CCN(Cc2ccccc2)CC1,CHEMBL196100,0.5032670248293885,1
C[C@@H](O)CNC(C)(C)CC(=O)N[C@@H]1CCc2ccccc2N(Cc2ccc(-c3ccccc3C(N)=O)cc2)C1=O,CHEMBL73840,0.5032233200196201,1
O=C(O)c1ccc(-c2n[nH]c3c2Cc2cc(CN4CCOCC4)ccc2-3)cc1,CHEMBL389780,0.5031813361611875,1
COc1cc(F)ccc1-c1ccnc2[nH]c(C3CNC(C)(C)CO3)cc12,CHEMBL3668346,0.5031249999999998,1
COc1ccc(F)cc1-c1ccnc2[nH]c(C3CNC(C)(C)CO3)cc12,CHEMBL3668345,0.5031249999999998,1
N=C(Nc1ccc2c(c1)CCC(=O)N2CCCN1CCCC1)c1cccs1,CHEMBL1962352,0.5031112633441798,1
Cc1c(/C=C2\C(=O)Nc3ccc(F)cc32)[nH]c2c1C(=O)N(CCN1CCCC1)CC2,CHEMBL1276890,0.5031096563011453,1
Cc1cccc(Cc2n[nH]c3cc(O)c(C(=O)N(C)c4ccc(N5CCNCC5)cc4)cc23)c1,CHEMBL3901758,0.5030744275529064,1
CC(C)(N)CNc1cc(-c2ccc[nH]2)c2c3c(ccc(F)c13)NC2=O,CHEMBL82768,0.503068091844814,1
OC1=NCCN1CCN1CCN(C2CC(c3ccc(O)cc3)c3ccccc32)CC1,CHEMBL72622,0.5030198446937012,1
CN1CCN(CCNC(=O)c2ccc(NC(=O)N3Cc4ccc(C#N)cc4C3)cc2)CC1,CHEMBL3960434,0.5029951690821254,1
Nc1ccc(F)cc1NC(=O)c1ccc2nc(N3CCNCC3)ccc2c1,CHEMBL3664038,0.5029878847413225,1
Nc1ccccc1NC(=O)c1ccc2nc(N3CCNCC3)ccc2c1,CHEMBL3911952,0.5029878847413225,1
O=C(c1ccc2c(c1)CC(c1nc3ccc(-c4cn[nH]c4)cc3c(=O)[nH]1)CO2)C1CC1,CHEMBL1684205,0.5029823831321958,1
COc1ccc(CNC(=O)c2ccc3c(c2)OCO3)cc1-c1cccc(CN2CCNCC2)c1,CHEMBL522838,0.5029348499763024,1
CC(C)(N)CC(=O)N[C@@H]1CCc2ccccc2N(Cc2ccc(-c3ccccc3C(=O)NCCO)cc2)C1=O,CHEMBL307035,0.502854084909026,1
COc1cccc(CN2CCC[C@@H](NC(=O)c3ccc4[nH]nc(-c5ccnc(C)c5)c4c3)C2)n1,CHEMBL3654518,0.5027909938935301,1
NC(=O)c1ccc(CN2C(=O)C3(CCNCC3)Nc3ccccc32)cc1,CHEMBL3477478,0.5027761168531644,1
CC1(C)NC(C)(C)C(c2nc3c(C(N)=O)cccc3[nH]2)=C1c1ccccc1,CHEMBL511458,0.5027203482045701,1
CCOc1ccc(NC(=O)c2cc(-c3ccc(NC(=N)N)cc3)on2)cc1,CHEMBL3287455,0.5027073947009464,1
COc1cccc(NC(=O)c2cc(-c3ccc(NC(=N)N)cc3)on2)c1,CHEMBL3287459,0.5027073947009464,1
CC(C)C(=O)NCc1ccc(Cl)c(-c2nc3cc(Cl)c(N4CCNC(=O)C4)cc3c(=O)[nH]2)c1,CHEMBL3342839,0.5026953696761987,1
NCC(NC(=O)c1cc(-c2ccnc3[nH]ccc23)cs1)c1ccccc1,CHEMBL512672,0.5026824034334764,1
NCC(NC(=O)c1ccc(-c2ccnc3[nH]ccc23)s1)c1ccccc1,CHEMBL471034,0.5026824034334764,1
C[C@@H]1CN(Cc2c[nH]nc2-c2ccc3oc(=O)[nH]c3c2)CCN1c1ccc(C(F)(F)F)cn1,CHEMBL3718870,0.5026529597081739,1
C[C@H]1CN(Cc2c[nH]nc2-c2ccc3[nH]c(=O)oc3c2)CCN1c1ccc(C(F)(F)F)cn1,CHEMBL3716086,0.5026529597081739,1
C[C@@H]1CN(Cc2c[nH]nc2-c2ccc3[nH]c(=O)oc3c2)CCN1c1ccc(C(F)(F)F)cn1,CHEMBL3715392,0.5026529597081739,1
CN[C@@H](C)C(=O)N[C@H]1CN(C(=O)CC(C)C)c2ccccc2N(Cc2cccc3ccccc23)C1=O,CHEMBL3040560,0.5025078787340759,1
N#Cc1ccccc1C(=O)NCc1cccc(-c2cccc(CN3CCNCC3)c2)c1,CHEMBL495025,0.5024975024975022,1
O=C1NC(=S)N/C1=C/c1ccc(-c2ccc3c(c2)CN(CCCN2CCCC2)C3=O)s1,CHEMBL3103642,0.5024633208813813,1
O=C1NC(=S)N/C1=C/c1ccc(-c2ccc3c(c2)CN(CCCN2CCCCC2)C3=O)s1,CHEMBL3104004,0.5024633208813813,1
CN1CCOC(C(=O)Nc2cc(-c3cccc4[nH]ccc34)cc3[nH]ncc23)C1,CHEMBL2216838,0.5023359204280008,1
CCN(CC)CCN1C(=O)C(O)(c2ccc3ccccc3c2)c2c(C#CCO)cc(Cl)cc21,CHEMBL141032,0.5023084895882408,1
O=C(CN1CCOCC1)Nc1ccc(NC(=O)N2Cc3ccc(CO)cc3C2)cc1,CHEMBL3915838,0.5022843443253263,1
Cc1ccc2cc(-c3n[nH]c4ccc(NC(=O)CN(C)C)cc34)[nH]c2c1,CHEMBL1684499,0.502272616196667,1
CC(=O)Nc1cccc(-c2ccnc3c2CC(C(=O)NCc2ccc(N4CCN(C)CC4)cc2)O3)c1,CHEMBL1978317,0.5022257899729984,1
CC(=O)Nc1ccc(-c2ccnc3c2CC(C)(C(=O)NCc2ccc(N4CCN(C)CC4)cc2)O3)cc1,CHEMBL2355846,0.5022257899729984,1
CC(=O)Nc1ccc(-c2ccnc3c2CC(C(=O)NCc2ccc(N4CCN(C)CC4)cc2)O3)cc1,CHEMBL2360683,0.5022257899729984,1
CC(C)[C@@H](CN1CCC2(CC1)C(=O)NCN2c1ccccc1)NC(=O)c1cc2cc(F)ccc2[nH]1,CHEMBL1906884,0.5020931449502879,1
CC(C)[C@@H](CN1CCC2(CC1)C(=O)NCN2c1ccccc1)NC(=O)c1cc2ccccc2[nH]1,CHEMBL1907521,0.5020931449502879,1
Oc1ccc2c(c1)[C@]13CCN(CC4(O)CC4)C[C@@]1(C2)Cc1cc2ccccc2nc1C3,CHEMBL3287468,0.5020818989541326,1
O=C1N[C@@H](C2CCCN2)C(=O)N2Cc3[nH]c4ccccc4c3C[C@@H]12,CHEMBL387865,0.502016821146584,1
O=CN1CCN(c2ccc(C(F)(F)F)c(C3=C(c4c[nH]c5ccccc45)C(=O)NC3=O)c2)CC1,CHEMBL1650955,0.5019918473225865,1
COc1cc(C(=O)NCC(c2ccccc2)N2CCNCC2)ccc1-c1cn[nH]c1,CHEMBL3919291,0.5019734192509061,1
CCCNCC(=O)Nc1ccc(C2NC(=O)C(C(C)C)c3ccccc32)cc1,CHEMBL3277846,0.5019609979300576,1
NC(=O)c1ccc2[nH]c(-c3ccc(OCCCN4CCCCC4)cc3)nc2c1,CHEMBL249750,0.5019605677362344,1
COc1cc(OC)cc(C2CC(c3ccc4ccccc4c3O)=NN2C(N)=S)c1,CHEMBL4063756,0.501899203261071,1
O=C(N[C@H]1CCCNC1)c1cc2n[nH]c(=O)n2c2cc(-c3ccsc3)ccc12,CHEMBL2012840,0.5018462136425472,1
CC(C)Nc1nnc(-c2ccc3[nH]cc(-c4cccc(C(=O)N(C)C)n4)c3c2)o1,CHEMBL3956364,0.5017476962186206,1
CN1CCN(CCNC(=O)c2cc3ccc4cccnc4c3[nH]2)CC1,CHEMBL574303,0.5017392582431042,1
COc1cccc(-c2cc(C(=O)Nc3ccc([C@H]4CNCCO4)cc3)n[nH]2)c1,CHEMBL3663682,0.5016985138004243,1
NC1=NC(=O)/C(=C2\CCNC(=O)c3[nH]c4c(sc5ccccc54)c32)S1,CHEMBL480189,0.5016792781127337,1
CN1CCN(C(=O)c2ccc(-c3cc4c(O)cccc4c(=O)[nH]3)cn2)CC1,CHEMBL3982661,0.5016342836390048,1
CC(C)Oc1ccc(-c2nnc(-c3ccc4c(c3)CC(N)(CO)CC4)o2)cc1,CHEMBL3920386,0.501626809825931,1
Cc1cc(-c2nnc(-c3ccc4c(c3)CC(N)(CO)CC4)o2)ccc1OC(C)C,CHEMBL3916072,0.501626809825931,1
O=C1NC(=S)N/C1=C/c1ccc(-c2ccc3c(c2)CN(CCN2CCOCC2)C3=O)s1,CHEMBL3104002,0.5015324202662576,1
O=C(c1cc(Cc2c[nH]c(=O)c3cc(Cl)c(Cl)n23)ccc1F)N1CCN(CCO)CC1,CHEMBL592542,0.5015102646802845,1
N=C(N)c1cccc(Cn2c(C(=O)NCc3ccccc3)cc3ccccc32)c1,CHEMBL327916,0.5014557118184059,1
Cn1nccc1NC(=O)c1cccc(CN2C[C@H]3CC[C@@H](C2)N3)c1,CHEMBL3472999,0.5014411858901036,1
COc1cccc(NC2(C(=O)Nc3nc4ccc5[nH]ncc5c4s3)CC2)c1,CHEMBL3716970,0.5014286709875254,1
Cc1cc(F)cc2c(=O)[nH]c(-c3ccc(C(=O)N4CCN(C)CC4)nc3)cc12,CHEMBL3951809,0.5014096334952913,1
Cc1cccc2c(=O)[nH]c(-c3ccc(C(=O)N4CCN(C)CC4)nc3)cc12,CHEMBL3891929,0.5014096334952913,1
O=C(Nc1ccc(-c2nnc[nH]2)cc1)C1CCN1Cc1ccccc1,CHEMBL3468645,0.5013071895424835,1
CN1CCN(CC(=O)Nc2ccccc2-c2nc3ccccc3[nH]2)CC1,CHEMBL558712,0.5013067953357457,1
CC(C)C(O)(c1ccc2c3c(ccc2c1)C(=O)NC3)c1c[nH]cn1,CHEMBL1682900,0.5012738547324904,1
CN1CCN(c2ccc(-c3ccc(N)cc3)cc2NC(=O)c2c[nH]c(=O)cc2C(F)(F)F)CC1,CHEMBL3799127,0.5012686030219259,1
CC1(C)c2[nH]nc(NC(=O)c3ccccc3)c2CN1C(=O)N1CCN2CCCC2C1,CHEMBL3662731,0.5012494176443182,1
CC1(C)c2[nH]nc(NC(=O)c3cccs3)c2CN1C(=O)N1CCN2CCCC2C1,CHEMBL3662730,0.5012494176443182,1
CC1(C)c2[nH]nc(NC(=O)c3cccc(Cl)c3)c2CN1C(=O)N1CCN2CCCC2C1,CHEMBL3662737,0.5012494176443182,1
Cc1cccc(C(=O)Nc2n[nH]c3c2CN(C(=O)N2C[C@@H]4CCCN4C[C@@H]2C)C3(C)C)c1,CHEMBL3662777,0.5012494176443181,1
C[C@H]1CN2CCC[C@H]2CN1C(=O)N1Cc2c(NC(=O)c3ccccc3)n[nH]c2C1(C)C,CHEMBL3662741,0.5012494176443181,1
CCC[C@H]1CN2CCC[C@H]2CN1C(=O)N1Cc2c(NC(=O)c3ccccc3)n[nH]c2C1(C)C,CHEMBL3662742,0.5012494176443181,1
C[C@H]1CN2CCC[C@H]2CN1C(=O)N1Cc2c(NC(=O)c3ccc(F)c(Cl)c3)n[nH]c2C1(C)C,CHEMBL3662748,0.5012494176443181,1
C[C@H]1CN2CCC[C@H]2CN1C(=O)N1Cc2c(NC(=O)c3c(F)cccc3Cl)n[nH]c2C1(C)C,CHEMBL3662752,0.5012494176443181,1
CC[C@H]1CN2CCC[C@H]2CN1C(=O)N1Cc2c(NC(=O)c3ccccc3)n[nH]c2C1(C)C,CHEMBL3662781,0.5012494176443181,1
C[C@H]1CN2CCC[C@H]2CN1C(=O)N1Cc2c(NC(=O)c3ccccc3F)n[nH]c2C1(C)C,CHEMBL3662746,0.5012494176443181,1
CCc1ccc(C(=O)Nc2n[nH]c3c2CN(C(=O)N2C[C@@H]4CCCN4C[C@@H]2C)C3(C)C)cc1,CHEMBL3662774,0.5012494176443181,1
C[C@H]1CN2CCC[C@H]2CN1C(=O)N1Cc2c(NC(=O)c3cc(Cl)ccc3F)n[nH]c2C1(C)C,CHEMBL3662747,0.5012494176443181,1
Cc1cc(C(=O)Nc2n[nH]c3c2CN(C(=O)N2C[C@@H]4CCCN4C[C@@H]2C)C3(C)C)ccc1F,CHEMBL3662775,0.5012494176443181,1
C[C@H]1CN2CCC[C@H]2CN1C(=O)N1Cc2c(NC(=O)c3cccc(Cl)c3)n[nH]c2C1(C)C,CHEMBL3662745,0.5012494176443181,1
CC[C@H]1CN2CCC[C@H]2CN1C(=O)N1Cc2c(NC(=O)c3ccc(F)cc3)n[nH]c2C1(C)C,CHEMBL3662785,0.5012494176443181,1
C[C@H]1CN2CCC[C@H]2CN1C(=O)N1Cc2c(NC(=O)c3c(F)ccc(F)c3F)n[nH]c2C1(C)C,CHEMBL3662891,0.5012494176443181,1
C[C@H]1CN2CCC[C@H]2CN1C(=O)N1Cc2c(NC(=O)c3cccc(F)c3F)n[nH]c2C1(C)C,CHEMBL3662776,0.5012494176443181,1
CC[C@H]1CN2CCC[C@H]2CN1C(=O)N1Cc2c(NC(=O)c3ccccc3F)n[nH]c2C1(C)C,CHEMBL3662784,0.5012494176443181,1
NC1CCN(C(=O)c2ccc3c(c2)[nH]c(=O)c2cccn23)CC1,CHEMBL1967620,0.5011704502150361,1
CC1CN(c2cncnc2)Cc2cc(C(=O)Nc3cccc(CN4CCN(C)CC4)c3)ccc21,CHEMBL4084076,0.5011509868296916,1
O=C(NC1CC1)c1ccc2c(c1)CC(c1nc3ccc(-c4cn[nH]c4)cc3c(=O)[nH]1)CO2,CHEMBL1684208,0.5011320286573833,1
Cc1c(F)c(Oc2cccc(C(=N)N)c2)nc(Oc2cccc(C(=O)N3CCN(C)CC3)c2)c1F,CHEMBL79647,0.5010983744058792,1
Cc1cc(NC(=O)c2ccc3cc4n(c3c2)CC(C)(C)CNC4=O)no1,CHEMBL3959103,0.500987584650113,1
O=C(c1cc(Cc2n[nH]c(=O)c3ccccc23)ccc1F)N1CCC12CCNCC2,CHEMBL4160981,0.5009829280910498,1
O=C(c1cc(Cc2n[nH]c(=O)c3ccccc23)ccc1F)N1CCC12CNC2,CHEMBL4159311,0.5009829280910498,1
C=CCN1CCc2cc(NC(=O)c3ccc4cc(C(=N)N)ccc4c3)ccc2C1,CHEMBL549807,0.5009739356274926,1
Cc1ccc2[nH]c3c(c2c1)CCN(C(=O)CCCN)C3c1cccc(O)c1,CHEMBL595400,0.5009657511659678,1
C[C@@]1(c2cc(NC(=O)c3cnc(-c4ccc[nH]4)cn3)ccc2F)C=CSC(N)=N1,CHEMBL3904244,0.5007501875468866,1
NC(=O)c1cccc2[nH]c(-c3ccc(-c4ccc(N)nc4)cc3)nc12,CHEMBL3593812,0.5007262823422605,1
COCCN(C(=O)c1ccc(-c2cccc(F)c2)nc1)c1ccc(CN2CCN[C@@H](C)C2)cc1,CHEMBL2364313,0.5006030199237783,1
C[C@H]1NC(=O)c2cc(-c3cccc4c(=O)[nH]c(NC(C)(C)C)nc34)[nH]c21,CHEMBL3934565,0.5005817335660266,1
CN(C)C1CCN(C(=O)c2c[nH]c(/C=C3\C(=O)Nc4ccc(NC(N)=O)cc43)c2)C1,CHEMBL388395,0.5004926530437387,1
CN1CCN(Cc2cccc(C(=O)NCc3cccc(-c4cccc(CN5CCNCC5)c4)c3)c2)CC1,CHEMBL495028,0.5004180102711092,1
C[C@H]1CN(Cc2cccc(-c3cc(CNC(=O)c4cccc(CN5CCN(C)CC5)c4)ccc3F)c2)CCN1,CHEMBL521696,0.5004180102711092,1
CNCCNC(=O)CN1C(=O)Cc2c([nH]c3ccc(C(F)(F)F)cc23)-c2ccccc21,CHEMBL3818758,0.5004098558271853,1
CNCCNC(=O)CN1C(=O)Cc2c([nH]c3ccc(Br)cc23)-c2ccc(Cl)cc21,CHEMBL4092938,0.5004098558271853,1
CC(C)C[C@H]1c2[nH]c3ccccc3c2C[C@H]2C(=O)N[C@@H](CCC(=O)NC(C)(C)C)C(=O)N21,CHEMBL3747380,0.5003865979381442,1
O=C(Cc1ccc(CN2CCN(C(=O)c3cc(Cc4n[nH]c(=O)c5ccccc45)ccc3F)CC2)cc1)NO,CHEMBL4075511,0.5003603808656726,1
O=C(Cn1nc(C(F)(F)F)c2c1CCCC2)Nc1sc2c(c1C(=O)N[C@H]1CCNC1)CCCC2,CHEMBL1255599,0.5003526590492308,1
O=C(Cn1nc(C(F)(F)F)c2c1CCCC2)Nc1sc2c(c1C(=O)N[C@@H]1CCNC1)CCCC2,CHEMBL1234889,0.5003526590492308,1
O=C(Cn1nc(C(F)(F)F)c2c1CCCC2)Nc1sc2c(c1C(=O)NC1CNC1)CCCC2,CHEMBL1258094,0.5003526590492308,1
CNC[C@@H](NC(=O)N1CCc2cnc(NC(C)C)nc2C1)c1ccc(Cl)c(F)c1,CHEMBL4108669,0.5003480816831682,1
CNC[C@@H](NC(=O)N1CCc2cnc(NC(C)C)nc2C1)c1ccc(F)c(Cl)c1,CHEMBL3297856,0.5003480816831682,1
CC(C)Nc1ncc2c(n1)CN(C(=O)N[C@H](CN)c1ccc(F)c(Cl)c1)CC2,CHEMBL3297855,0.5003480816831682,1
CNC[C@@H](NC(=O)N1CCc2cnc(NC(C)C)nc2C1)c1ccc(C(F)(F)F)c(F)c1,CHEMBL4114529,0.5003480816831682,1
C[C@H]1CN2CCC[C@H]2CN1C(=O)N1Cc2c(NC(=O)c3cc4ccccc4cn3)n[nH]c2C1(C)C,CHEMBL3662882,0.5003259755983979,1
NC(=O)c1cc2cc(N3CCNCC3Cc3ccccc3)ccc2[nH]1,CHEMBL1170017,0.5003242191721603,1
CC1CNC(=O)c2[nH]c3ccc(C(=O)Nc4nc(C(=O)NC5CCCCC5)cs4)cc3c21,CHEMBL246300,0.5002207505518763,1
c1ccc(-c2nnn[nH]2)c(-c2ccc(CN3CCNCC3)cc2)c1,CHEMBL2296617,0.5002029715028009,1
O=C(NC1Cc2ccccc2N(CC(=O)N2CCC(O)CC2)C1=O)c1cc2cc(Cl)sc2[nH]1,CHEMBL397192,0.500201658077526,1
Cc1[nH]c2c(c1C(=O)N1CCOCC1)CCC/C2=C1/C(=O)Nc2ccc(F)cc21,CHEMBL2430251,0.5001586965721542,1
O=C(c1ccccc1)c1c[nH]c2ncc(-c3cnn(C4CCNCC4)c3)cc12,CHEMBL3596902,0.5001188683730879,1
Cc1ccccc1C(=O)c1c[nH]c2ncc(-c3cnn(C4CCNCC4)c3)cc12,CHEMBL3596903,0.5001188683730879,1
O=C(c1ccccc1F)c1c[nH]c2ncc(-c3cnn(C4CCNCC4)c3)cc12,CHEMBL3596904,0.5001188683730879,1
CCN1Cc2ccc(NC(=O)c3ccc(C(=O)N4CCC(N5CCCC5)CC4)cc3)cc2C1,CHEMBL2426373,0.5001101079057475,1
N=C1NC(CF)(c2cc(-c3cncc(F)c3)c(CO)cc2F)C2CC2O1,CHEMBL3693248,0.5000687726376597,1
C[C@H]1CN(Cc2ccc(-c3cccc(CNC(=O)c4ccc5c(c4)OCO5)c3)s2)CCN1,CHEMBL492702,0.5000431071644104,1
C[C@@H]1CN(Cc2cccc(-c3cccc(CNC(=O)c4ccc5c(c4)OCO5)c3)c2)CCN1,CHEMBL493131,0.5000431071644104,1
O=C(NCc1cc(-c2cccc(CN3CCNCC3)c2)ccc1F)c1ccc2c(c1)OCO2,CHEMBL493939,0.5000431071644104,1
O=C(NCc1cccc(-c2ccc(F)c(CN3CCNCC3)c2)c1)c1ccc2c(c1)OCO2,CHEMBL492359,0.5000431071644104,1
Cc1ccc(-c2cccc(CN3CCNCC3)c2)cc1CNC(=O)c1ccc2c(c1)OCO2,CHEMBL494131,0.5000431071644104,1
O=C(NCc1cccc(-c2cccc(CN3CCNCC3)c2)c1F)c1ccc2c(c1)OCO2,CHEMBL524031,0.5000431071644104,1
C[C@H]1CN(Cc2cccc(-c3cccc(CNC(=O)c4ccc5c(c4)OCO5)c3)c2)CCN1,CHEMBL493329,0.5000431071644104,1
O=C(NCc1cccc(-c2cccc(CN3CCCNCC3)c2)c1)c1ccc2c(c1)OCO2,CHEMBL494836,0.5000431071644104,1
CC1CN(Cc2cccc(-c3cccc(CNC(=O)c4ccc5c(c4)OCO5)c3)c2)CCN1,CHEMBL493328,0.5000431071644104,1
O=C(NCc1cccc(-c2cccc(CN3CCNCC3)c2)c1)c1ccc2c(c1)OCO2,CHEMBL493079,0.5000431071644104,1
Cc1c(CNC(=O)c2ccc3c(c2)OCO3)cccc1-c1cccc(CN2CCNCC2)c1,CHEMBL524032,0.5000431071644104,1
O=C(NCc1ccc(F)c(-c2cccc(CN3CCNCC3)c2)c1)c1ccc2c(c1)OCO2,CHEMBL521986,0.5000431071644104,1
Nc1nc2c(s1)CC(CNC(=O)c1cc3ccccc3[nH]1)CC2,CHEMBL3085875,0.5000267823664895,1
O=C1NCCc2c1ccc1[nH]cc(CCNC(=O)C3CCNCC3)c21,CHEMBL563441,0.4998531714956931,1
O=C1NCCc2c1ccc1[nH]cc(CCNC(=O)N3CCCNCC3)c21,CHEMBL560790,0.4998531714956931,1
O=C1NCCc2c1ccc1[nH]cc(CCNC(=O)N3CCCNC(F)(F)C3)c21,CHEMBL560528,0.4998531714956931,1
O=C1NCCc2c1ccc1[nH]cc(CCNC(=O)N3CCNCC3)c21,CHEMBL558845,0.4998531714956931,1
O=S(=O)(NC1CNC1)c1ccc(-c2ccnc3[nH]ccc23)cc1,CHEMBL482540,0.49983117071052996,1
O=C(c1cccc(Cc2n[nH]c(=O)c3ccccc23)c1)N1CCCN(CCO)CC1,CHEMBL505041,0.49974567650050844,1
O=C(c1cccc(Cc2n[nH]c(=O)c3c2CCCC3)c1)N1CCN(CCO)CC1,CHEMBL3954628,0.49974567650050844,1
O=C(c1cc(Cc2n[nH]c(=O)c3ccccc23)ccc1F)N1CCN(CCO)CC1,CHEMBL493307,0.49974567650050844,1
O=C(c1cc(Cc2n[nH]c(=O)c3ccccc23)ccc1F)N1CCCN(CCO)CC1,CHEMBL523887,0.49974567650050844,1
O=C(c1cccc(Cc2n[nH]c(=O)c3ccccc23)c1)N1CCN(CCO)CC1,CHEMBL522501,0.49974567650050844,1
Cc1ccc2[nH]c(C(=O)N[C@H]3Cc4ccccc4[C@@H]3NC(=O)[C@@H]3CNCCOC3)cc2c1,CHEMBL4167776,0.499739682760057,1
NC(=O)c1cccc(CNC2=NN=C(c3ccc4[nH]c(=O)[nH]c4c3)CS2)c1,CHEMBL4288107,0.49963316214233333,1
CN1CC=C(c2c[nH]c3ccc(N4C(=O)c5ccccc5C4=O)cc23)CC1,CHEMBL26868,0.49950418686646103,1
CN(C(=O)N1CC(c2cc(F)ccc2F)=CC1c1cccc(O)c1)C1CCNCC1,CHEMBL206249,0.49943848265535257,1
CN1CC=C(c2c[nH]c3ccc(NC(=N)c4ccco4)cc23)CC1,CHEMBL3216551,0.49943184625265513,1
CN1CCC(c2c[nH]c3ccc(NC(=N)c4ccco4)cc23)CC1,CHEMBL3216321,0.49943184625265513,1
CN1CCN(c2ccc(C(=O)Nc3cc(-c4cccc(N)c4)n[nH]3)cc2)CC1,CHEMBL1807386,0.49941848806897904,1
N=C(N)c1cccc(N2CC(CO)CN(CC3CCN(Cc4ccccc4)CC3)C2=O)c1,CHEMBL3781354,0.49935299629646146,1
CN1CC(NC(=O)c2cccc(Cc3n[nH]c(=O)c4c3CCCC4)c2)C1,CHEMBL3892771,0.4993049763691963,1
CS(=O)(=O)Nc1cccc(-c2cnc3[nH]cc(-c4cccc(CCN)c4)c3c2)c1,CHEMBL2109743,0.4992819530876014,1
O=C(NCCN1CCN(Cc2ccccc2)CC1)c1cc2c(O)nc3ccccc3c2s1,CHEMBL1408215,0.4992746345273966,1
CNS(=O)(=O)c1ccc2c(c1)/C(=C/c1[nH]c3c(c1CCCN1CCN(C)CC1)CCCC3)C(=O)N2,CHEMBL293712,0.49921743133343555,1
O=c1cc(-c2cccnc2)nc(-c2ccc(CN3CC[C@H](O)C3)cc2)[nH]1,CHEMBL3478170,0.4992067426871588,1
O=c1cc(-c2ccncc2)nc(-c2ccc(CN3CC[C@@H](O)C3)cc2)[nH]1,CHEMBL3479960,0.4992067426871588,1
O=c1cc(-c2cccnc2)nc(-c2ccc(CN3CC[C@@H](O)C3)cc2)[nH]1,CHEMBL3483266,0.4992067426871588,1
O=c1cc(-c2ccncc2)nc(-c2ccc(CN3CC[C@H](O)C3)cc2)[nH]1,CHEMBL3480297,0.4992067426871588,1
CCN1CCN(Cc2ccc(NC(=O)c3ccc(C)c(NC(=O)N4CCNC4=O)c3)cc2C(F)(F)F)CC1,CHEMBL1439919,0.4991642290012535,1
CN1C(=N)N[C@](C)(c2sc(-c3[nH]cnc3-c3ccccc3)cc2Cl)CS1(=O)=O,CHEMBL3927262,0.4990907588031079,1
O=C(CN1CCCCC1)Nc1ccc(-c2nc3ccccc3[nH]2)cc1,CHEMBL1092614,0.4990298554171619,1
O=C(CN1CCCC1)Nc1ccc(-c2nc3ccccc3[nH]2)cc1,CHEMBL1092613,0.4990298554171619,1
NC(=O)N1CCCc2cc(-c3cncc(CN4CCC(O)C4)c3)cnc21,CHEMBL3926926,0.4990274265707059,1
O=C(Nc1ccccc1N1CCNCC1)c1csc(N2CCCc3ccccc32)n1,CHEMBL2381232,0.4989211415543703,1
CC(C)C(=O)NCc1ccc(Cl)c(-c2nc3cc(Cl)c(N4CC[C@H](O)C4)cc3c(=O)[nH]2)c1,CHEMBL3342843,0.4989095315024232,1
CC(C)C(=O)NCc1ccc(Cl)c(-c2nc3cc(Cl)c(N4CC[C@@H](O)C4)cc3c(=O)[nH]2)c1,CHEMBL3342844,0.4989095315024232,1
CCN1CCCC1CNC(=O)c1cc(-c2[nH]ncc2-c2cccc(Cl)c2)c[nH]1,CHEMBL373646,0.498886166184005,1
NCC1CN(C(=O)c2cc3n[nH]c(=O)n3c3cc(-c4ccc[nH]4)ccc23)C1,CHEMBL2012846,0.49888500582459644,1
Cc1ccc2c(N)noc2c1-c1ccc2c(c1)NC(=O)C21CCOCC1,CHEMBL1911341,0.4988275143303803,1
COc1cccc(-c2cc(C(N)=O)c3[nH]c4cc(C(=O)C5O[C@H]6CN[C@H]5C6)ccc4c3c2)c1,CHEMBL3646826,0.49882146742415057,1
Cc1[nH]c(/C=C2\C(=O)Nc3ccc(F)cc32)c(C)c1C(=O)N1CCN(C)CC1,CHEMBL3288842,0.49879159695110603,1
CCN1CCN(C(=O)c2c(C)[nH]c(/C=C3\C(=O)Nc4ccc(F)cc43)c2C)CC1,CHEMBL3288843,0.49879159695110603,1
O=C(CCN1CCOCC1)Nc1ccccc1-c1nc2ccccc2[nH]1,CHEMBL551005,0.49877628212259423,1
CN(C)CCN(C)Cc1ccc2c(c1)[nH]/c(=N\C(=O)c1ccc(-c3cn[nH]c3)s1)n2CC(C)(C)O,CHEMBL492990,0.4986708704253219,1
O=C([C@@H]1C=C2c3cccc4[nH]cc(c34)C[C@H]2N(C(=O)NC2CCC(O)CC2)C1)N1CCCC1,CHEMBL1809030,0.49864921907978027,1
CN1CCN(c2cnc3cc(C(F)(F)F)cc(-c4ccc5[nH]c(=O)[nH]c5c4)c3n2)CC1,CHEMBL511592,0.49859833237492784,1
CN(C)CCNC(=O)c1ccc2[nH]nc(-c3cc4ccccc4o3)c2c1,CHEMBL3894755,0.4985619359317664,1
CC(C)[C@H](N)C(=O)N1CC(c2cc(F)ccc2F)=C[C@H]1c1cccc(O)c1,CHEMBL381526,0.4984846648078551,1
O=C1NC(=O)C(c2c[nH]c3ccccc23)=C1c1cc(N2CCOCC2)ccc1C(F)(F)F,CHEMBL1650956,0.4984348448260443,1
COc1ccc2c(c1)C[C@H](C(=O)Nc1ccc(-c3cn[nH]c3)cc1OCCN1CCCC1)CO2,CHEMBL3221809,0.4984218655563769,1
COc1ccc2c(c1)C[C@@H](C(=O)Nc1ccc(-c3cn[nH]c3)cc1OCCN1CCCC1)CO2,CHEMBL3221810,0.4984218655563769,1
O=C1NN=C(c2ccc3nc(-c4ccc(CN5CCOCC5)cc4)oc3c2)C2CC12,CHEMBL3979605,0.4984113535267951,1
Cc1[nH]c(/C=C2\C(=O)Nc3ncc(F)cc32)c(C)c1C(=O)NCCN1CCCC1,CHEMBL3597563,0.4983727595084275,1
Cc1[nH]c(/C=C2\C(=O)Nc3ncccc32)c(C)c1C(=O)NCCN1CCCCC1,CHEMBL1914681,0.4983727595084275,1
Cc1[nH]c(/C=C2\C(=O)Nc3ncc(Br)cc32)c(C)c1C(=O)NCCN1CCCC1,CHEMBL3597582,0.4983727595084275,1
Cc1[nH]c(/C=C2\C(=O)Nc3ncc(Cl)cc32)c(C)c1C(=O)NCCN1CCCC1,CHEMBL3597574,0.4983727595084275,1
O=C(c1cc2ccccc2[nH]1)c1cc2cc(OCCN3CCOCC3)ccc2[nH]1,CHEMBL269110,0.4983534037847136,1
N[C@@H](Cc1ccc(Cl)cc1)c1nc2ccc(-c3cn[nH]c3)cc2c(=O)[nH]1,CHEMBL2334293,0.49834885690093117,1
N[C@H](Cc1ccc(F)c(F)c1)c1nc2ccc(-c3cn[nH]c3)cc2c(=O)[nH]1,CHEMBL2333912,0.49834885690093117,1
N[C@H](Cc1ccc(F)cc1)c1nc2ccc(-c3cn[nH]c3)cc2c(=O)[nH]1,CHEMBL2333906,0.49834885690093117,1
CCN[C@H](Cc1ccc(Cl)cc1)c1nc2ccc(-c3cn[nH]c3)cc2c(=O)[nH]1,CHEMBL2333904,0.49834885690093117,1
N[C@H](Cc1cccc(C(F)(F)F)c1)c1nc2ccc(-c3cn[nH]c3)cc2c(=O)[nH]1,CHEMBL2334284,0.49834885690093117,1
N[C@H](Cc1cccc(F)c1)c1nc2ccc(-c3cn[nH]c3)cc2c(=O)[nH]1,CHEMBL2333914,0.49834885690093117,1
N[C@@H](Cc1ccc(F)cc1)c1nc2ccc(-c3cn[nH]c3)cc2c(=O)[nH]1,CHEMBL2333905,0.49834885690093117,1
N[C@H](Cc1cccc(Cl)c1)c1nc2ccc(-c3cn[nH]c3)cc2c(=O)[nH]1,CHEMBL2333913,0.49834885690093117,1
N[C@@H](Cc1ccccc1)c1nc2ccc(-c3cn[nH]c3)cc2c(=O)[nH]1,CHEMBL2334286,0.49834885690093117,1
N[C@H](Cc1ccc(Cl)cc1)c1nc2ccc(-c3cn[nH]c3)cc2c(=O)[nH]1,CHEMBL2334294,0.49834885690093117,1
CN(C)C(=O)CN1CC2C=C(c3[nH]c4nccc5c4c3CN(C)c3ccc(F)cc3-5)CC2C1,CHEMBL3953940,0.4983027560009696,1
CNc1nnc(-c2ccc3[nH]cc(-c4ccn[nH]4)c3c2)s1,CHEMBL3920604,0.4982901598700519,1
OC[C@H](Nc1cncc(-c2ccc3[nH]ncc3c2)c1)c1ccccc1,CHEMBL4096487,0.498278406296114,1
CN1Cc2c(C3=CC4CN(CC(=O)N(C)C5CC(O)C5)CC4C3)[nH]c3nccc(c23)-c2cc(F)ccc21,CHEMBL3949735,0.49826675737843007,1
CC#Cc1cncc(-c2csc([C@]34CN(C(=O)c5cccc(F)c5)C[C@H]3C(=O)N(C)C(=N)N4)c2)c1,CHEMBL2178147,0.4981985679755549,1
CNC(=O)c1cc(NC2(C(=O)Nc3nc4ccc5[nH]ncc5c4s3)CC2)ccc1Cl,CHEMBL3717989,0.49817018790171314,1
NCCOc1cc(-c2ccc[nH]2)c2c3c(ccc(F)c13)NC2=O,CHEMBL311992,0.4981519877400162,1
NCC(NC(=O)c1cc(-c2c[nH]c3ncccc23)cs1)c1ccccc1,CHEMBL512305,0.49806170676012945,1
NCC(NC(=O)c1ccc(-c2c[nH]c3ncccc23)s1)c1ccccc1,CHEMBL470192,0.49806170676012945,1
NC1(c2ccc(-c3nc4ccc(C(=O)NCCO)cn4c3-c3ccccc3)cc2)CCC1,CHEMBL3699731,0.4980436965479032,1
Nc1ccccc1NC(=O)c1ccc(CNC2=NC(=O)C(c3ccccc3)N2)cc1,CHEMBL2407736,0.49803890806400997,1
O=C(N[C@@H](C(=O)N1CCC(CN2CCCC2)CC1)c1ccccc1)c1ccc2cc[nH]c2c1,CHEMBL248593,0.49801841706492556,1
NC(=O)c1nc(-c2ccncc2)sc1NC(=O)c1ccc(CN2CCNCC2)cc1,CHEMBL3923270,0.49796030304069167,1
NC(=O)N1CCCc2cc(-c3cncc(C4CCCN4)c3)cnc21,CHEMBL3951520,0.49794439034945326,1
O=C(O)c1c[nH]c2cc(Cl)c(-c3ccc(OCCCN4CCNCC4)cc3)cc12,CHEMBL3899375,0.4979427760699927,1
c1ccc2c(Cc3nc4c(N5CCNCC5)cccc4[nH]3)cccc2c1,CHEMBL571762,0.49791063966570204,1
Oc1ccc(C2C/C(=N\NC(=S)N3CCCCC3)c3ccc(O)cc3O2)cc1,CHEMBL1210003,0.4978859301907159,1
Oc1ccc(C2C/C(=N\NC(=S)N3CCCC3)c3ccc(O)cc3O2)cc1,CHEMBL1210002,0.4978859301907159,1
O=C(Nc1cc2cc[nH]c(=O)c2cc1Cl)C1(c2ccccc2)CCNC1,CHEMBL1084323,0.4978007906018591,1
O=C(Nc1cc2cc[nH]c(=O)c2cc1Cl)C1(c2ccccc2)CCNCC1,CHEMBL1085342,0.4978007906018591,1
Cc1[nH]c(/C=C2\C(=O)Nc3ccc(F)cc32)c(C)c1NC(=O)[C@@H]1CCCN1,CHEMBL4117795,0.4976960737256405,1
Cc1[nH]c(/C=C2\C(=O)Nc3ccc(F)cc32)c(C)c1NC(=O)C1CCCCN1,CHEMBL4088319,0.4976960737256405,1
Cc1[nH]c(/C=C2\C(=O)Nc3ccc(F)cc32)c(C)c1NC(=O)[C@H]1CCCN1,CHEMBL4093614,0.4976960737256405,1
O=C(NCCN1CCN(c2ccccc2)CC1)c1ccc2[nH]c(=O)c3c(c2c1)CCSC3,CHEMBL2237230,0.4976402493321461,1
O=C(NC1COC2(CCNCC2)C1)c1ccc(NC(=O)N2Cc3ccccc3C2)cc1,CHEMBL3947219,0.4976251019526936,1
O=C(NC1COC2(CCNCC2)C1)c1ccc(NC(=O)N2Cc3ccc(F)cc3C2)cc1,CHEMBL3969935,0.4976251019526936,1
O=C1NCC(c2ccc(N3CCOCC3)c(Cl)c2)N1c1ccc2nc[nH]c2c1,CHEMBL3974001,0.4975884628241249,1
O=C1NCC(c2ccc(N3CCOCC3)cc2)N1c1ccc2[nH]cnc2c1,CHEMBL3972294,0.4975884628241249,1
CN1CCN(CNC(=O)c2[nH]nc3c2CC2C4CCc5cc(O)ccc5C4CC[C@]32C)CC1,CHEMBL371039,0.4975511469311844,1
NCCOCc1cc(F)ccc1-c1nc(-c2ccc3[nH]c(=O)oc3c2)cs1,CHEMBL3314478,0.49746635427450553,1
CC(C)CN1CC(C#Cc2ccc3c(=O)c(-c4ccc(CN[SH](=O)=O)cc4)coc3c2)C1,CHEMBL3915386,0.4974630111286397,1
O=C(c1cc(Cc2n[nH]c(=O)c3c2NCCC3)ccc1F)N1CCNC[C@H]1c1ccccc1,CHEMBL2058913,0.4973796893973286,1
CN1CCCc2c1c1cc(OC3CCNCC3)ccc1[nH]c2=O,CHEMBL3649718,0.49737762237762234,1
CN1CCN(c2ccc(-c3cnc4[nH]c5ccc(C#N)nc5c4c3)cc2)CC1,CHEMBL3359896,0.4973567530695771,1
Nc1ccc(-c2ccc3c(NC(=O)C4CC4)n[nH]c3c2)cc1,CHEMBL4097069,0.49735045069653083,1
CCS(=O)(=O)c1ccc2c(c1)/C(=C/c1[nH]c3c(c1CCCN1CCC(O)CC1)CCCC3)C(=O)N2,CHEMBL298566,0.49733834906664764,1
O=C1Nc2ccc(C(=O)N3CCNCC3)cc2/C1=C1/Nc2ccccc2C1=O,CHEMBL1164327,0.4973373676248106,1
Cc1c2ccnc(C(=O)NCCCCN)c2cc2c3cc(O)ccc3n(C)c12,CHEMBL79774,0.49732459115230965,1
O=C(c1cc(Cc2n[nH]c(=O)c3ccccc23)cc(F)c1F)N1CCN(C2CCCCC2)CC1,CHEMBL4173148,0.4973169368362212,1
O=C(c1cc(Cc2n[nH]c(=O)c3ccccc23)cc(F)c1F)N1CCN(C2CCCC2)CC1,CHEMBL4165908,0.4973169368362212,1
O=C(c1cc(Cc2n[nH]c(=O)c3c2CCCC3)ccc1F)N1CCN(C2CCCC2)CC1,CHEMBL3930456,0.4973169368362212,1
CN1CC(c2c[nH]c3cc(-n4ccc(OCc5ccccc5)cc4=O)ccc23)C1,CHEMBL1830042,0.49729404690318685,1
Nc1ccccc1NC(=O)c1cc2ccc(N3CCNCC3)cc2cn1,CHEMBL3664031,0.4972479259731969,1
O=C(N[C@H]1C[C@H]2COC[C@@H](C1)N2)c1cn(-c2cccnc2)c2ccccc12,CHEMBL3944338,0.49724747151453064,1
CN(C)CCCN1CCCN(C(=O)c2cccc(-c3cc(O)c4ncccc4c3)c2)C1,CHEMBL3189134,0.4971795752195024,1
COc1cccc(C2CC(c3ccc4ccccc4c3O)=NN2C(N)=S)c1OC,CHEMBL4091561,0.49715166230855434,1
CN1C(=N)NC(c2ccccc2)(c2cccc(-c3cncc(C#N)c3)c2)C1=O,CHEMBL2011978,0.49713165694617056,1
CC(C)(CO)NC(=O)c1ccc(NC(=O)N2Cc3ccncc3C2)cc1,CHEMBL3925548,0.4971190254074518,1
N#Cc1ccc(C(=O)NCc2cccc(-c3cccc(CN4CCNCC4)c3)c2)cc1,CHEMBL492802,0.4970480742198477,1
CC(=O)c1cccc(C(=O)NCc2cccc(-c3cccc(CN4CCNCC4)c3)c2)c1,CHEMBL522020,0.4970480742198477,1
N#Cc1cccc(C(=O)NCc2cccc(-c3cccc(CN4CCNCC4)c3)c2)c1,CHEMBL495172,0.4970480742198477,1
O=C(NCCN1CCC2(CC1)C(=O)NCC2c1ccc(F)cc1)c1ccc2ccccc2c1,CHEMBL3925473,0.4970335458830052,1
O=C1NC(=O)C(c2cn(CCCN3CCNCC3)c3ccccc23)=C1c1c[nH]c2ccccc12,CHEMBL446199,0.4969881874364392,1
Cc1[nH]c(/C=C2\C(=O)Nc3ccc(-c4cnn(-c5ccccn5)c4)cc32)c(C)c1C(=O)N1CCN(C)CC1,CHEMBL3728142,0.4969875959834616,1
Cn1ccc2cc(C(=O)N[C@H]3Cc4ccccc4[C@@H]3NC(=O)[C@@H]3CNCCO3)ccc21,CHEMBL4172848,0.49697911882132617,1
NC(=O)c1cc(-c2ccc(F)cc2)c2ccc(CN3CCC[C@H]3C(N)=O)cc2n1,CHEMBL3950507,0.49695056708752383,1
CN(C)CCCNC(=O)N1C[C@H](C(=O)N2CCCC2)C=C2c3cccc4[nH]cc(c34)C[C@H]21,CHEMBL1809032,0.4969268292682925,1
NC(=S)NC[C@H]1CN(c2ccc(N3CCN(C(=O)/C=C/c4c[nH]c5ccccc45)CC3)c(F)c2)C(=O)O1,CHEMBL380266,0.4969183022249418,1
O=C(c1cc(Cc2n[nH]c(=O)c3c2CCCC3)ccc1F)N1CCN(Cc2cccc(Cl)c2)CC1,CHEMBL3958068,0.49691507055099504,1
O=C(c1cccc(Cc2n[nH]c(=O)c3ccccc23)c1)N1CCCN(Cc2ccccc2)CC1,CHEMBL495483,0.49691507055099504,1
O=C(c1cc(Cc2n[nH]c(=O)c3c2CCCC3)ccc1F)N1CCN(Cc2ccccc2Cl)CC1,CHEMBL3981596,0.49691507055099504,1
O=C(c1cc(Cc2n[nH]c(=O)c3ccccc23)cc(F)c1F)N1CCN(Cc2ccccc2)CC1,CHEMBL4164827,0.49691507055099504,1
NC(=O)c1cc(-c2ccccc2)cc2c(C3CCCNC3)c[nH]c12,CHEMBL1761510,0.4969049641946836,1
NC(=O)c1cc(-c2ccccc2)cc2c(C3CCNCC3)c[nH]c12,CHEMBL1761511,0.4969049641946836,1
O=c1[nH]sc2c1c(=O)c1cc(F)c(-c3cncc(C4CCCN4)c3)cc1n2C1CC1,CHEMBL203491,0.4968871861531096,1
CN1CCN(C(=O)c2cc(-c3ccc4c(c3)Cc3cn[nH]c3-4)c(-c3ccncc3)o2)CC1,CHEMBL1254390,0.4968854320817701,1
CC(C)(CCc1ccccc1)NCC(O)c1ccc2c(c1)CCC(=O)N2,CHEMBL1742432,0.49687376781389025,1
COc1ccc(F)cc1-c1ccnc2[nH]c(C3CN(CCN)C3)cc12,CHEMBL3668440,0.4968426638365613,1
COc1ccc(F)cc1-c1ccnc2[nH]c(C3CCN(CCN)C3)cc12,CHEMBL3668396,0.4968426638365613,1
O=C1NCCc2c1ccc1[nH]cc(CCNC(=O)N3CCCN(Cc4ccccc4)CC3)c21,CHEMBL559043,0.496811621997411,1
CC(C)NC(=O)c1cc2[nH]nc(NC(=O)c3ccc(N4CCN(C)CC4)cc3)c2s1,CHEMBL1258347,0.49679146345935243,1
O=C(NCCN1CCOCC1)c1c(-c2ccccc2)c2cc(Cl)ccc2[nH]c1=O,CHEMBL4281655,0.49678282802285456,1
Nc1cc(OCCN2CCOCC2)cc(-c2cnc3[nH]cc(-c4ccncc4)c3c2)c1,CHEMBL2152283,0.4967551059362477,1
O=c1[nH]c(CN2CC[C@H](O)C2)nc2c1sc1ccc(-c3ccsc3)cc12,CHEMBL573012,0.49675383228133435,1
O=c1[nH]c(CN2CC[C@H](O)C2)nc2c1sc1ccc(-c3ccccc3)cc12,CHEMBL572781,0.49675383228133435,1
Cc1ccc(C(=O)Nc2ccc(CN3CCN(C)CC3)c(C(F)(F)F)c2)cc1C#Cc1ccc(C(N)=O)nc1,CHEMBL1784629,0.49667383072356963,1
N#Cc1ccc2[nH]c(=O)c3sccc3c2c1-c1ccc(CN)cc1,CHEMBL3667262,0.4966670138527236,1
COc1ccc(C(=O)Nc2ccccc2-c2cn3c(CN4CCNCC4)csc3n2)cc1F,CHEMBL523970,0.496654640865858,1
COc1cc(F)cc(C(=O)Nc2ccccc2-c2cn3c(CN4CCNCC4)csc3n2)c1,CHEMBL490881,0.496654640865858,1
COc1cccc(C(=O)Nc2ccccc2-c2cn3c(CN4CCNCC4)csc3n2)c1,CHEMBL490880,0.496654640865858,1
O=C(NCCN1CCOCC1)c1cc(-c2ccc3c(c2)CCO3)n[nH]1,CHEMBL3444054,0.49665151292955934,1
O=c1[nH]c([C@@H]2CNC[C@H]2c2ccccc2)nc2ccc(-c3ccncc3)cc12,CHEMBL2334289,0.4966492242724683,1
NC1=NC2(CCc3ccc(NC(=O)c4ccc(Cl)cn4)cc32)CS1,CHEMBL2403764,0.4966425619834712,1
N#Cc1cccc(CNC2=NN=C(c3ccc4[nH]c(=O)[nH]c4c3)CS2)c1,CHEMBL4283581,0.496606911701251,1
N#Cc1ccc(CNC2=NN=C(c3ccc4[nH]c(=O)[nH]c4c3)CS2)cc1,CHEMBL4289970,0.496606911701251,1
COc1cccc(CNC(=O)Nc2ccc(C3=NC=NC4NC=CC34)cc2)c1,CHEMBL3402451,0.4966047985513805,1
Oc1cccc(-c2nc3cc(C4=NC5CCCCC5N4)ccc3[nH]2)c1,CHEMBL588326,0.4965498078080857,1
Nc1ccc(-c2cc(-c3cc4c([nH]3)CCNC4=O)ccn2)cc1,CHEMBL226475,0.4965474274440579,1
CN1CCN(c2ccc3nc(-c4ccc5nc(-c6ccc(OCCO)cc6)[nH]c5c4)[nH]c3c2)CC1,CHEMBL3819357,0.49653127608739456,1
CCN(CC)C(=O)c1ccc(C2=CC3(CCNCC3)Oc3ccccc32)cc1O,CHEMBL557458,0.49644410335124084,1
Cc1ccc(-c2nc3cc(NC(=O)CN4CCN(C)CC4)ccc3[nH]2)cc1,CHEMBL1812376,0.49641020418554893,1
CCN1CCN(CC(=O)Nc2ccc3[nH]c(-c4ccc(C)cc4)nc3c2)CC1,CHEMBL1812375,0.49641020418554893,1
CN1CCN(S(=O)(=O)c2ccc3c(c2)C(=C(c2ccccc2)c2nc4ccccc4[nH]2)C(=O)N3)CC1,CHEMBL2086748,0.4964001515725652,1
NCCCc1cc2cc[nH]c(=O)c2c2cc(-c3ccc[nH]3)ccc12,CHEMBL400350,0.4963888134672821,1
Cc1c(C(=O)NCc2ccccc2)oc2cccc(OC3CCNCC3)c12,CHEMBL2171231,0.4963058143270154,1
O=C1N[C@@H](Cc2ccc3[nH]cc(CCN4CC[C@@H](CNCc5ccccc5)C4)c3c2)CO1,CHEMBL159483,0.49629308476045914,1
O=C1NC2(CC2)Cc2[nH]c3c(c21)CCc1cnc(-c2ccc(OCCN4CCOCC4)cc2)nc1-3,CHEMBL1801301,0.4962746141564665,1
CN1CCN(Cc2ccc3c(-c4ccc(F)cc4)cc(C(N)=O)nc3c2)CC1,CHEMBL3946509,0.49622560120780745,1
CN1CCN(Cc2ccc3c(-c4ccc(F)cc4)cc(C(N)=O)nc3c2)CC1C(F)(F)F,CHEMBL3930529,0.49622560120780745,1
O=C1NCC(c2ccc(OCCCN3CCOCC3)cc2)N1c1ccc2nc[nH]c2c1,CHEMBL3889887,0.4961913272905228,1
N=C(N)c1ccc(Cn2c(=O)[nH]c3cc(C(=O)c4ccccc4)ccc32)cc1,CHEMBL223136,0.4961579282530246,1
Nc1nc(-c2ccc(P(=O)(O)O)o2)c(-c2ccc3ccccc3c2)s1,CHEMBL1650209,0.4961533764806447,1
Cc1n[nH]c2ccc(-c3cncc(NC[C@@H](N)Cc4ccccc4)c3)cc12,CHEMBL207338,0.49611506034055175,1
Cc1[nH]c(/C=C2\C(=O)Nc3ccc(F)cc32)c(C)c1C(=O)NCCN1CCOCC1,CHEMBL13354,0.49608724188418224,1
N=C(N)c1ccc2nc(N3Cc4ccccc4C3=O)[nH]c2c1,CHEMBL4225162,0.4960219875596702,1
O=C(NCCO)c1ccc2c(c1)-c1[nH]nc(-c3ccc(-c4ccc(O)cc4)cc3)c1C2,CHEMBL232805,0.4960120005853942,1
O=C(NCCCN1CCNCC1)c1cccc(-c2cc(O)c3ncccc3c2)c1,CHEMBL3181896,0.4959659067400388,1
N=C1/C(=C/c2ccc(O)cc2)C(=O)N=C2SC=C(c3ccccc3)N12,CHEMBL1368230,0.49595618345618325,1
CC1(C)CN(c2cnc3cccc(-c4cc5c([nH]4)CCNC5=O)c3n2)CCN1,CHEMBL3948083,0.49595557165278265,1
Cc1ccc2[nH]c3c(c2c1)CCN(C(=O)CCN)C3c1ccc2oc(=O)[nH]c2c1,CHEMBL589639,0.4959514961861918,1
CC(C)(CNC(=O)c1ccc(NC(=O)N2Cc3cccnc3C2)cc1)N1CCOCC1,CHEMBL3955441,0.4959409936447553,1
CN1CCC(Oc2ccc(C(=O)c3cc4cc(O)ccc4[nH]3)cc2)CC1,CHEMBL1682615,0.49593358183666536,1
O=C(Nc1cnccc1N1CCNCC1)c1csc(-c2ccc3[nH]ccc3c2)n1,CHEMBL2381110,0.4959204487506374,1
Nc1ccc(C(=O)N[C@@H]2CCN3CCc4c([nH]c5ccccc45)[C@@H]3C2)cc1,CHEMBL3251964,0.495899024879249,1
O=C(NCc1nc2ccccc2[nH]1)c1ccc(-c2cnccc2OCC2CCNCC2)cc1,CHEMBL4095977,0.4958525345622115,1
O=C(Nc1cc(-c2ccc([C@H]3CNCCO3)cc2)n[nH]1)c1ccc(F)cc1,CHEMBL4114957,0.4957849607399197,1
CC1(CNCc2ccc3c(c2)C[C@H](NC(=O)c2ccc(OCC4CC4)cn2)C3)CC1,CHEMBL3648387,0.4957820277705,1
COc1cc(C(=O)NC(C)c2cccc(CN3CCN(C)CC3)c2)ccc1-c1cn[nH]c1,CHEMBL3936832,0.4957690161800257,1
O=c1c2c[nH]nc2c2ccc(-c3ccccc3N3CCNCC3)cc2n1CC(F)(F)F,CHEMBL3931045,0.4957560744599466,1
CC(C)(N)C(=O)N[C@@H]1CCc2ccccc2N(Cc2ccc(-c3ccccc3CNC(N)=O)cc2)C1=O,CHEMBL45836,0.49572129464115927,1
CNC(=O)NCc1ccccc1-c1ccc(CN2C(=O)[C@H](NC(=O)C(C)(C)N)CCc3ccccc32)cc1,CHEMBL47938,0.49572129464115916,1
CCNC(=O)NCc1ccccc1-c1ccc(CN2C(=O)[C@H](NC(=O)C(C)(C)N)CCc3ccccc32)cc1,CHEMBL296104,0.49572129464115916,1
CN(c1ccc2c(c1)Cc1c(-c3ccoc3)n[nH]c1-2)[C@H]1CC[C@H](O)CC1,CHEMBL550819,0.49569241372520045,1
CN(C)Cc1n[nH]c(-c2ccc3[nH]nc(-c4cccc(C(=O)NC5CCC5)c4)c3c2)n1,CHEMBL3991273,0.49567683947917035,1
CN(C)Cc1n[nH]c(-c2ccc3[nH]nc(-c4cccc(C(=O)NC5CC5)c4)c3c2)n1,CHEMBL3916275,0.49567683947917035,1
NCCc1c[nH]c2ccc(CC3NC(=O)N(Cc4cccc(NC(=O)c5ccccc5)c4)C3=O)cc12,CHEMBL118674,0.49555332424872683,1
O=C(NC(=S)Nc1ccccc1)Nc1ccc2c(c1)C(=O)C(=O)N2Cc1ccccc1,CHEMBL1782165,0.4955411430887717,1
Cn1ncc(Cl)c1-c1csc(C(=O)NC2(c3ccc(F)cc3)CCNCC2)c1,CHEMBL3806131,0.49546036874060007,1
Cn1nccc1-c1csc(C(=O)NC2(c3ccc(F)cc3)CCNCC2)c1,CHEMBL3805292,0.49546036874060007,1
CN[C@@H](C)C(=O)N[C@H](C(=O)N1Cc2ccccc2C1C(=O)Nc1nccc2ccccc12)C(C)C,CHEMBL3920400,0.4954498448810754,1
O=C(Nc1ccccc1N1CCNCC1)c1csc(-c2ccc[nH]2)n1,CHEMBL2037100,0.49543894065718463,1
CC(C)C(C(=O)N1Cc2[nH]nc(NC(=O)c3ccc(N4CCN(C)CC4)cc3)c2C1)c1ccccc1,CHEMBL2346705,0.49542776593053073,1
CC(C)(N)C(=O)N[C@H](Cc1c[nH]c2ccccc12)C(=O)N1CCCC2(Cc3ccccc3C2=O)C1,CHEMBL13383,0.49537237888647834,1
CC(C)(N)C(=O)N[C@H](Cc1c[nH]c2ccccc12)C(=O)N1CCC2(CC1)Cc1ccccc1C2=O,CHEMBL13366,0.49537237888647834,1
CN1CCN(C(=O)NCc2ccc(C(=O)Nc3cc(-c4cccs4)ccc3N)cc2)CC1,CHEMBL1957459,0.49535709076765994,1
N=C(N)c1cccc(OC(C(=O)Nc2ccc(C(=O)N3CCCC3)cc2)c2ccccc2)c1,CHEMBL305828,0.4952830188679243,1
O=C(N[C@@H](C(=O)N1CCC(CN2CCC[C@H]2CO)CC1)c1ccccc1)c1ccc2cc[nH]c2c1,CHEMBL249397,0.4952777643241144,1
O=C(N[C@@H](C(=O)N1CCC(CN2CCC[C@@H]2CO)CC1)c1ccccc1)c1ccc2cc[nH]c2c1,CHEMBL400923,0.4952777643241144,1
O=C(Nc1ccc(C(=O)N2CCN(C3CCCCC3)CC2)cc1)N1Cc2ccncc2C1,CHEMBL3937602,0.49524246245557707,1
CC1(C)CNC(=O)c2cc3ccc(C(=O)Nc4nc5ccccc5[nH]4)cc3n21,CHEMBL3985027,0.4952404283614471,1
CC1(C)c2cc(OCCN)ccc2C(=O)c2c1[nH]c1cc(C#N)ccc21,CHEMBL3898277,0.49521574291388315,1
NC1=N[C@](CF)(c2cc(NC(=O)c3cc4ccccc4cn3)ccc2F)[C@H]2C[C@H]2O1,CHEMBL3688633,0.4951781778104331,1
O=C(N[C@@H]1CNCC[C@H]1c1ccccc1)c1ccc2[nH]nc(-c3ccc4[nH]c(=O)[nH]c4c3)c2c1,CHEMBL3654467,0.4951417648932779,1
O=c1[nH]cnc2[nH]c(-c3ccnc(-c4ccc(CN5CCOCC5)cc4)c3)cc12,CHEMBL452086,0.4951356253607056,1
OCc1n[nH]nc1-c1ccc2c(-c3cc4cc(CN5CCCCC5)ccc4[nH]3)n[nH]c2c1,CHEMBL374713,0.49512538318508453,1
Cc1c2ccnc(C(=O)NCCCN3CCOCC3)c2cc2c3cc(O)ccc3n(C)c12,CHEMBL263710,0.4950565449989841,1
Cc1[nH]c(/C=C2\C(=O)Nc3ccc(F)cc32)c(C)c1C(=O)NCCN1CCCC1,CHEMBL13608,0.49502892770881296,1
O=C1[C@@H](NS(=O)(=O)c2ccc3cc[nH]c3c2)CCN1c1ccc2c(c1)CCNC2,CHEMBL1689017,0.49497249098842716,1
O=C1[C@@H](NS(=O)(=O)c2ccc3c(Cl)c[nH]c3c2)CCN1c1ccc2c(c1)CCCNC2,CHEMBL1689028,0.49497249098842716,1
O=C1[C@@H](NS(=O)(=O)c2ccc3c(Cl)c[nH]c3c2)CCN1c1cc2c(cc1F)CNCC2,CHEMBL1689025,0.49497249098842716,1
O=C1[C@@H](NS(=O)(=O)c2ccc3c(Cl)c[nH]c3c2)CCN1c1ccc2c(c1F)CCNC2,CHEMBL1689024,0.49497249098842716,1
O=C1[C@@H](NS(=O)(=O)c2ccc3c(Cl)c[nH]c3c2)CCN1c1ccc2c(c1)CCNC2,CHEMBL1689016,0.49497249098842716,1
O=C1[C@@H](NS(=O)(=O)c2ccc3c(Cl)c[nH]c3c2)CCN1c1ccc2c(c1)CNCC2,CHEMBL1689020,0.49497249098842716,1
COc1cc(-c2ccc3c(c2)NC(=O)/C3=C\C2CCCN2)ccc1O,CHEMBL438978,0.4949457820253627,1
Cc1nc2ccc(F)c(-c3cc4c([nH]3)C3(CC3)NC4=O)c2nc1NC1(C)CC1,CHEMBL3949102,0.4949253731343283,1
Cc1nc2cccc(-c3cc4c([nH]3)C3(CC3)NC4=O)c2nc1NC1(C)CC1,CHEMBL3909785,0.4949253731343283,1
Cc1nc2cccc(-c3cc4c([nH]3)C3(CC3)NC4=O)c2nc1NC1CC1,CHEMBL3924143,0.4949253731343283,1
CCS(=O)(=O)c1ccc2c(c1)/C(=C/c1[nH]c3c(c1CCCN1CCN(C(C)=O)CC1)CCCC3)C(=O)N2,CHEMBL59538,0.49488108363521793,1
CCC(=O)N1CCN(CCCc2c(/C=C3\C(=O)Nc4ccc(S(=O)(=O)CC)cc43)[nH]c3c2CCCC3)CC1,CHEMBL294466,0.49488108363521793,1
N=C(Nc1ccc2c(c1)CCN2C1CCN(CCO)CC1)c1cccs1,CHEMBL2220191,0.49482487755290616,1
COc1ccc2c(c1)C[C@H](C(=O)Nc1ccc(-c3cn[nH]c3)cc1OCC1CCN(C)CC1)NC2,CHEMBL1215304,0.49478317574176744,1
CC(C)(N)C(=O)N[C@H](Cc1c[nH]c2ccccc12)C(=O)N1CCC2(CC1)Cc1ccccc1C2O,CHEMBL13891,0.4947653032351368,1
CC(C)(N)C(=O)N[C@H](Cc1c[nH]c2ccccc12)C(=O)N1CCCC2(Cc3ccccc3C2O)C1,CHEMBL13895,0.4947653032351368,1
NC(=S)N/N=C1\c2ccccc2CCC1CCC1(O)CCc2ccccc2C1=O,CHEMBL1986751,0.49474049816413596,1
NC1CCCN(c2c(/C=C3/SC(=O)NC3=O)cccc2-c2ccccc2)C1,CHEMBL3545423,0.4947293107560215,1
N[C@@H]1CCCN(c2c(/C=C3\SC(=O)NC3=O)cccc2-c2ccccc2)C1,CHEMBL2048872,0.4947293107560215,1
CN1CCC(c2cc3c(-c4cccc(NCc5cc[nH]n5)n4)ccnc3[nH]2)CC1,CHEMBL3668427,0.4947055912914402,1
Cc1ccc(-n2c(=O)[nH]c3cc(C(=O)NC4CCN(Cc5ccccc5)CC4)ccc3c2=O)cc1,CHEMBL1458549,0.49468943516607244,1
O=C(CN1CCOCC1)Nc1ccc(C2NC(=O)Cc3ccccc32)cc1,CHEMBL3277855,0.4946604015378041,1
Cc1cc(O)cc(C)c1C[C@H](N)C(=O)N1Cc2ccccc2C[C@H]1C/N=C(/S)NC(C)(C)C,CHEMBL421520,0.4946307737569872,1
N#Cc1ccnc2[nH]c(-c3ccc(N4CCNCC4)cc3)cc12,CHEMBL4074103,0.4946278461281521,1
CC(C)[C@H](CO)NC(=O)c1ccc(NC(=O)N2Cc3ccc(C#N)cc3C2)cc1,CHEMBL3904105,0.49460480911431187,1
CC(C)(N)CC(=O)N[C@@H]1CCc2ccccc2N(Cc2ccc(-c3ccccc3S(N)(=O)=O)cc2)C1=O,CHEMBL431748,0.4945935122146575,1
Cc1noc(C)c1-c1ccc2c(c1)C(c1ccsc1)(N1CCC[C@H](N)C1)C(=O)N2,CHEMBL3787210,0.4945775142389012,1
Cc1noc(C)c1-c1ccc2c(c1)C(c1ccsc1)(N1CCC[C@@H](N)C1)C(=O)N2,CHEMBL3933922,0.4945775142389012,1
Cc1noc(C)c1-c1ccc2c(c1)C(c1ccccc1)(N1CCC[C@@H](N)C1)C(=O)N2,CHEMBL4111751,0.4945775142389012,1
Cc1noc(C)c1-c1ccc2c(c1)C(c1ccccc1)(N1CC[C@@H](N)C1)C(=O)N2,CHEMBL4114437,0.4945775142389012,1
Cc1noc(C)c1-c1ccc2c(c1)C(c1ccccc1)(N1CCC[C@H](N)C1)C(=O)N2,CHEMBL3895413,0.4945775142389012,1
O=C(Nc1ccc2sc(CO)nc2c1)c1ccc(CN2CCOCC2)cc1,CHEMBL2088397,0.49457255765094255,1
CC(=O)NCc1cccc(CN2CCCC(Nc3ccc4[nH]ncc4c3)C2)c1,CHEMBL3689460,0.4945484368969508,1
O=C(Nc1ccc(C(=O)N2CCOC3(CCCNC3)C2)cc1)N1Cc2ccc(F)cc2C1,CHEMBL3952556,0.4945007547983605,1
O=C(Nc1ccc(C(=O)N2CCOC3(CCCNC3)C2)cc1)N1Cc2ccccc2C1,CHEMBL3892373,0.4945007547983605,1
CN(C)C(=O)C(N)c1ccc(C(=O)Nc2cc(-c3cccs3)ccc2N)cc1,CHEMBL258132,0.49444691248334055,1
CCN1CCc2cc(C3=CC4(CCNCC4)Oc4ccccc43)ccc2C1=O,CHEMBL551615,0.4944357954217839,1
COc1ccc(F)cc1-c1ccnc2[nH]c(C3CCCN(CCCN)C3)cc12,CHEMBL3668401,0.49441862949313653,1
CC(C)(O)C#Cc1ccc2[nH]c3c(c2c1)-c1nc(N)ncc1CCC3,CHEMBL2334586,0.4943815930285887,1
NC(=O)c1cccc2[nH]c(-c3ccc(CN4CCOCC4)cc3)nc12,CHEMBL432166,0.4943652635067946,1
NC(=O)c1cccc2[nH]c(-c3cccc(CN4CCOCC4)c3)nc12,CHEMBL443798,0.4943652635067946,1
N/C(=N\O)c1ccc(-c2[nH]c(-c3ccccc3)nc2-c2ccncc2)cc1,CHEMBL200431,0.4943174616587096,1
Cc1c(F)cccc1Cc1c(C(=O)N2CCNCC2)c2cnc(O)cc2n1-c1ccccc1,CHEMBL1824649,0.49427278512338246,1
Nc1ccc(F)cc1NC(=O)c1cnc2c(C3CC3)c(N3CCNCC3)ccc2c1,CHEMBL3664022,0.4942717454757736,1
Nc1cc(F)ccc1NC(=O)c1cnc2c(C3CC3)c(N3CCNCC3)ccc2c1,CHEMBL3664029,0.4942717454757736,1
Nc1ccccc1NC(=O)c1cnc2c(C3CC3)c(N3CCNCC3)ccc2c1,CHEMBL3664023,0.4942717454757736,1
N#Cc1ccc(-c2[nH]nc3c2Cc2cc(C(=O)N[C@H]4CC[C@H](O)CC4)ccc2-3)cc1,CHEMBL401326,0.4942503119985734,1
O=C(c1c(O)ccc2cc(-c3cccc(O)c3)ccc12)N1CCNCC1,CHEMBL468587,0.49424785204601696,1
CN1CCN(C(=S)N/N=C2\CC(c3ccc(O)cc3)Oc3cc(O)ccc32)CC1,CHEMBL1210055,0.4941780074230406,1
CC(C)c1ncc(/C=C2\C(=O)Nc3ccc(C(=O)N[C@H](CO)c4ccccc4)cc32)[nH]1,CHEMBL4166094,0.494174939127177,1
N=C(c1ccc(C(=O)Nc2ccc3c(c2)C[C@@H](CC(=O)O)CO3)cc1)N1CCOCC1,CHEMBL323649,0.4941460055096415,1
N=C(c1ccc(C(=O)Nc2ccc3c(c2)C[C@H](CC(=O)O)CO3)cc1)N1CCOCC1,CHEMBL335160,0.4941460055096415,1
N=C(c1ccc(C(=O)Nc2ccc3c(c2)CC(CC(=O)O)CO3)cc1)N1CCOCC1,CHEMBL129877,0.4941460055096415,1
CCNC(=O)Nc1ccc(-c2cc(NC(=O)c3ccc(N4CCN(C)CC4)cc3)[nH]n2)cc1,CHEMBL2386813,0.4940723401042057,1
CC(C)NCCN1CCCc2cc(NC(=N)c3cccs3)ccc21,CHEMBL2219932,0.49398690820520585,1
COCCN1C(=O)c2ccccc2C(C(=O)NCCCN2CCCC2)C1c1c[nH]c2ccccc12,CHEMBL1501343,0.4939753977916788,1
O=C(NCCCN1CCOCC1)c1cc(-c2ccc3c(c2)CCO3)n[nH]1,CHEMBL3443980,0.4938098340935288,1
O=C1NCC(=O)N(Cc2ccc(N3CCOCC3)cc2)[C@H]1Cc1c[nH]c2ccccc12,CHEMBL1783433,0.49378896768359415,1
O=C1NCC(=O)N(Cc2ccc(N3CCOCC3)cc2)[C@@H]1Cc1c[nH]c2ccccc12,CHEMBL1782070,0.49378896768359415,1
Nc1nc(-c2cccc(NC(=O)c3c[nH]c4ccccc34)c2)c[nH]1,CHEMBL3139650,0.4937823604903303,1
CN1CCN(c2ccc3nc(-c4c[nH]c5ccccc45)[nH]c3n2)CC1,CHEMBL2326394,0.4937271646784347,1
Cc1cc(C)cc(NC(=O)c2cc(-c3ccc(NC(=N)N)cc3)on2)c1,CHEMBL3287452,0.49370198320528835,1
Cc1cccc(NC(=O)c2cc(-c3ccc(NC(=N)N)cc3)on2)c1C,CHEMBL3305002,0.49370198320528835,1
Cc1cccc(NC(=O)c2cc(-c3ccc(NC(=N)N)cc3)on2)c1,CHEMBL3304533,0.49370198320528835,1
N=C(N)Nc1ccc(-c2cc(C(=O)Nc3ccccc3)no2)cc1,CHEMBL3287443,0.49370198320528835,1
Cc1cccc(C)c1NC(=O)c1cc(-c2ccc(NC(=N)N)cc2)on1,CHEMBL3304550,0.49370198320528835,1
N=C(N)Nc1ccc(-c2cc(C(=O)Nc3ccc(F)cc3)no2)cc1,CHEMBL3287465,0.49370198320528835,1
Cc1ccc(NC(=O)c2cc(-c3ccc(NC(=N)N)cc3)on2)cc1,CHEMBL3304685,0.49370198320528835,1
N=C(N)Nc1ccc(-c2cc(C(=O)Nc3ccc(Cl)cc3)no2)cc1,CHEMBL3287457,0.49370198320528835,1
Cc1ccccc1NC(=O)c1cc(-c2ccc(NC(=N)N)cc2)on1,CHEMBL3304475,0.49370198320528835,1
N=C(N)Nc1ccc(-c2cc(C(=O)Nc3cccc(Cl)c3)no2)cc1,CHEMBL3287451,0.49370198320528835,1
N=C(N)Nc1ccc(-c2cc(C(=O)Nc3ccc(C(F)(F)F)cc3)no2)cc1,CHEMBL3287456,0.49370198320528835,1
N=C(N)Nc1ccc(-c2cc(C(=O)Nc3cccc(Br)c3)no2)cc1,CHEMBL3287453,0.49370198320528835,1
N=C(N)Nc1ccc(-c2cc(C(=O)Nc3ccccc3Br)no2)cc1,CHEMBL3305864,0.49370198320528835,1
CC(=O)Nc1cc(NC2(C(=O)Nc3nc4ccc5[nH]ncc5c4s3)CC2)ccc1F,CHEMBL3718067,0.4937010763209394,1
CN(C)Cc1ccc(-c2nc(C(=O)Nc3ccccc3N3CCNCC3)cs2)cc1,CHEMBL2037098,0.4936908517350154,1
N=C(N)SCc1cccc(-c2nc3ccccc3c(=O)o2)c1,CHEMBL1490497,0.4936439389331547,1
O=C(NC1CCc2ccccc21)c1cncc(N2C[C@H]3CNC[C@H]3C2)c1,CHEMBL1939306,0.49363842092029137,1
N=C(N)Nc1ncc(Cl)c2ccc(-c3ccc4c(c3)OCO4)cc12,CHEMBL432422,0.4935555313509787,1
N=C(N)Nc1nccc2ccc(-c3ccc4c(c3)OCO4)cc12,CHEMBL111452,0.4935555313509787,1
O=C(N[C@@H]1Cc2ccc(CNCCC3CC3)cc2C1)c1ccc(OCC2CC2)cn1,CHEMBL3648386,0.4935430727533608,1
CCNC(=O)c1noc(-c2cc(CC)c(O)cc2OC)c1-c1ccc(CN2CCOCC2)cc1,CHEMBL252328,0.49353948094975164,1
CCN1CCN(Cc2cnc(-c3ccc(C(=O)Nc4ccccc4N)cc3)c(F)c2)CC1,CHEMBL255925,0.49353840938943266,1
COc1cc(C#N)ccc1-c1ccnc2[nH]c(C3CCCNC3)cc12,CHEMBL3668409,0.4935269799825935,1
CN1CCN(C(=O)Nc2cc(Cc3n[nH]c(=O)c4c3CCCC4)ccc2F)CC1,CHEMBL3975576,0.4934788692975087,1
NCc1ccc(-c2cc3c(cc2F)c(=O)c2c(=O)[nH]sc2n3C2CC2)cc1,CHEMBL383497,0.49342975571038,1
NCc1cccc(-c2cc3c(cc2F)c(=O)c2c(=O)[nH]sc2n3C2CC2)c1,CHEMBL380520,0.49342975571038,1
O=C(CN1CCN(Cc2ccccc2)CC1)NC1c2cn[nH]c2-c2sccc21,CHEMBL3133444,0.49339851418453357,1
O=C(CN1CCN(Cc2ccccc2F)CC1)NC1c2cn[nH]c2-c2sccc21,CHEMBL3133429,0.49339851418453357,1
NCCCn1ccc2c3c(O)cc(-c4ccccc4)nc3ccc21,CHEMBL3623610,0.4933793360686309,1
NC(=O)c1cc(-c2cn[nH]c2)c2ccc(CN3CCOC(C(F)(F)F)C3)cc2n1,CHEMBL3965612,0.49336813280848857,1
C[C@@H]1CN(Cc2ccc3c(-c4cn[nH]c4)cc(C(N)=O)nc3c2)C[C@H](C(F)(F)F)O1,CHEMBL4106552,0.49336813280848857,1
NC(=O)c1cc(-c2cn[nH]c2)c2ccc(CN3CCO[C@@H](C(F)(F)F)C3)cc2n1,CHEMBL4106872,0.49336813280848857,1
CNC(=O)[C@H]1CC[C@H](Nc2cc(=O)[nH]c3c(C)cc(-c4cncs4)cc23)CC1,CHEMBL3426065,0.49328082697514125,1
CNC(=O)[C@H]1CC[C@H](Nc2cc(=O)[nH]c3ccc(-c4cncs4)cc23)CC1,CHEMBL3426064,0.49328082697514125,1
O=C(CN1CCC(NC(=O)c2ccccc2)CC1)NC1CCc2cc(F)ccc2C1Cc1cccnc1,CHEMBL44886,0.49325025960539964,1
O=C(CN1CC[C@H](NC(=O)c2ccccc2)C1)NC1CCc2cc(F)ccc2C1Cc1cccnc1,CHEMBL42658,0.49325025960539964,1
COc1cccc(-c2cc(C(N)=O)c3[nH]c4cc(C(=O)N5CCOCC5)ccc4c3c2)c1,CHEMBL3589175,0.49309050974649926,1
COc1cccc(-c2cc(C(N)=O)c3[nH]c4ccc(C(=O)N5CCOCC5)cc4c3c2)c1,CHEMBL3589166,0.49309050974649926,1
COc1ccc(-c2cc(C(N)=O)c3[nH]c4ccc(C(=O)N5CCOCC5)cc4c3c2)cc1,CHEMBL3622196,0.49309050974649926,1
COc1ccc(-c2cc(C(N)=O)c3[nH]c4cc(C(=O)N5CCOCC5)ccc4c3c2)cc1F,CHEMBL3589176,0.49309050974649926,1
O=C1NCC(c2ccc(C3CCOCC3)cc2)N1c1ccc2[nH]cnc2c1,CHEMBL3913874,0.49306104027981495,1
CC(C)(C)NC(=O)NC1CCN(CC(=O)NC2CCc3cc(F)ccc3C2Cc2cccnc2)CC1,CHEMBL42611,0.49303657999118533,1
NC1=N[C@@](c2cc(-c3nnc(-c4ccc(F)cc4)[nH]3)ccc2F)(C(F)F)[C@H]2C[C@H]2O1,CHEMBL3693259,0.493024480126349,1
O=C(c1cc(Cc2n[nH]c(=O)c3ccccc23)ccc1F)N1CCN(CC2CC2)CC1,CHEMBL503239,0.49289599289599295,1
O=C(c1cc(Cc2n[nH]c(=O)c3ccccc23)cc(F)c1F)N1CCN(CC2CC2)CC1,CHEMBL4176518,0.49289599289599295,1
Cc1cc(-c2noc(-c3ccc4c(c3)CCC(N)(CO)C4)n2)ccc1OC(C)C,CHEMBL3945798,0.4928723446974257,1
N=C(N)c1ccc2[nH]c(-c3nc4ccccc4[nH]3)nc2c1,CHEMBL202010,0.4928711210511602,1
CCC1(CC)c2[nH]nc(NC(=O)c3ccccn3)c2CN1C(=O)N1C[C@@H]2CCCN2C[C@@H]1C,CHEMBL3662838,0.4928057553956834,1
CCC1(C)c2[nH]nc(NC(=O)c3ncc(F)cc3F)c2CN1C(=O)C1C[C@@H]2CCCN2C[C@@H]1C,CHEMBL3662796,0.4928057553956834,1
NCc1nn[nH]c1-c1ccc2c(-c3cc4cc(CN5CCC(F)CC5)ccc4[nH]3)n[nH]c2c1,CHEMBL219789,0.4926824749907373,1
CN(C)CCOc1cccc(C2=C(c3c[nH]c4ccccc34)C(=O)NC2=O)c1,CHEMBL566853,0.4926657008330314,1
Fc1ccc(-c2n[nH]c3ccc(-c4nnc(CN5CCOCC5)o4)cc23)cc1,CHEMBL3944849,0.49265611257695663,1
O=C(c1nc2c(N3CCNCC3)cccc2[nH]1)c1cccc2ccccc12,CHEMBL566213,0.49261473536135025,1
CNC(=O)c1ccc(-c2c[nH]c3ccc(-c4nnc(NC(C)C)o4)cc23)nc1,CHEMBL3924284,0.4926141371408428,1
CC(C)Nc1nnc(-c2ccc3[nH]cc(-c4ncc(C(N)=O)s4)c3c2)o1,CHEMBL3898788,0.4926141371408428,1
CC(C)(C)Nc1nnc(-c2ccc3[nH]cc(-c4ncc(C(N)=O)s4)c3c2)o1,CHEMBL3947675,0.4926141371408428,1
CC(C)Nc1nnc(-c2ccc3[nH]cc(-c4ccc(C(N)=O)cn4)c3c2)o1,CHEMBL3912493,0.49261413714084257,1
Nc1ccc(-c2ccc3[nH]nc(-c4cncc(O[C@H]5CNCCC56CC6)n4)c3c2)c(F)c1,CHEMBL3393716,0.4925863244840741,1
COc1ccc2c(c1)C[C@H](C(=O)Nc1ccc(-c3cn[nH]c3)cc1SCCC(=O)N(C)C)NC2,CHEMBL1215452,0.4925718695736058,1
CNC(=O)N1CC2C=C(c3[nH]c4nccc5c4c3CN(C)c3ccc(F)cc3-5)CC2C1,CHEMBL3982622,0.49255380264262655,1
COc1cccc(F)c1CN1C[C@H](NC(=O)c2ccc3[nH]nc(-c4ccnc(C)c4)c3c2)CC[C@H]1C(=O)N(C)C,CHEMBL3654635,0.4925475230414746,1
COc1cccc(F)c1CN1C[C@H](NC(=O)c2ccc3[nH]nc(-c4ccncc4)c3c2)CC[C@H]1C(=O)N(C)C,CHEMBL3654629,0.4925475230414746,1
c1ccc2cc(Cc3nc4cc(N5CCNCC5)ccc4[nH]3)ccc2c1,CHEMBL566192,0.4925035360678923,1
CC(=O)N1CCc2cc(-c3cnc(NC4CCNCC4)c4[nH]c(=O)c(C)cc34)ccc21,CHEMBL3586720,0.49250333859414835,1
C[C@H]1CN2CCC[C@H]2CN1C(=O)N1Cc2c(NC(=O)c3cccc(C#N)c3)n[nH]c2C1(C)C,CHEMBL3662773,0.4924345617199866,1
C[C@H]1CN2CCC[C@H]2CN1C(=O)N1Cc2c(NC(=O)c3ccc(C#N)cc3F)n[nH]c2C1(C)C,CHEMBL3662778,0.4924345617199866,1
COc1ccc(-c2ccc(C(=O)Nc3ccc(N4CCNCC4)cc3)o2)cc1,CHEMBL2017447,0.49239151776948725,1
CN(C)CCOc1cc(-c2cn[nH]c2)c(F)cc1NC(=O)[C@H]1Cc2ccccc2CN1CC1CC1,CHEMBL1215527,0.49237011860997426,1
N/C(=N\O)c1cccc(CN2C(=O)N3C(Cc4ccccc4)[C@@H]3[C@@H](O)[C@H]2Cc2ccccc2)c1,CHEMBL39526,0.49234582300626895,1
NC(c1ccc(Cl)cc1)c1nc2ccc(-c3cn[nH]c3)cc2c(=O)[nH]1,CHEMBL2333893,0.4923409024866121,1
NC(c1cccc(Cl)c1)c1nc2ccc(-c3cn[nH]c3)cc2c(=O)[nH]1,CHEMBL2333894,0.4923409024866121,1
CSc1nn(-c2ccccc2)c2cc(N3CCN(CC4CCCNC4)C3=O)ccc12,CHEMBL3666089,0.49221135434456326,1
CSc1nn(-c2ccccc2)c2cc(N3CCN(CC4CCNC4)C3=O)ccc12,CHEMBL3666088,0.49221135434456326,1
C1=Cc2ccc(-c3ccc(CNCCN4CCOCC4)cc3)cc2NC1,CHEMBL4098578,0.49220489977728277,1
COc1cccc(F)c1CN1CCC[C@@H](NC(=O)c2ccc3[nH]nc(C4=CCOCC4)c3c2)C1,CHEMBL3651166,0.4922004201492866,1
NC(=O)c1cnc(N[C@H]2CCCNC2)c2cc(C#Cc3cccnc3)sc12,CHEMBL1288250,0.49217824128940485,1
CN1CCN(C(=O)c2cccc(-c3cc4[nH]c(=O)c5ccccc5n4n3)c2)CC1,CHEMBL560654,0.4921715168468958,1
CN1CCN(C(=O)c2ccc(-c3cc4[nH]c(=O)c5ccccc5n4n3)cc2)CC1,CHEMBL552919,0.4921715168468958,1
CN(C)CC1Cc2c([nH]c3ccc(C(=O)Nc4nccs4)cc23)C(=O)N1,CHEMBL437210,0.4920997754250883,1
CCN1CC[C@]2(c3cccc(O)c3)Cc3[nH]c(C(N)=O)c(C)c3C[C@H]2C1,CHEMBL327956,0.4920694259012016,1
Cc1cc(=O)[nH]c2cc(N3C(=O)CSC3c3ccccc3O)ccc12,CHEMBL2376617,0.49206349206349165,1
NC1CN(C(=O)c2cc3n[nH]c(=O)n3c3cc(-c4ccsc4)ccc23)C1,CHEMBL2012850,0.4920570415250479,1
CC(C)(N)C(=O)N[C@H](Cc1c[nH]c2ccccc12)C(=O)N1CCC2(CCc3ccccc3O2)CC1,CHEMBL13930,0.4920293433025321,1
CC(C)(N)C(=O)N[C@H](Cc1c[nH]c2ccccc12)C(=O)N1CCCC2(CCc3ccccc3O2)C1,CHEMBL274340,0.4920293433025321,1
Cc1c(Nc2c(C#N)cncc2/C=C/CN2CCNCC2)ccc2[nH]ccc12,CHEMBL593619,0.4920270937698438,1
O=C(Nc1ccc2[nH]cc(C3CCNCC3)c2n1)c1ccc(F)cc1,CHEMBL102335,0.49191521905386193,1
Brc1cnc2nc(-c3ccc([C@H]4CNCCO4)cc3)[nH]c2c1,CHEMBL4111275,0.49188453159041373,1
Cc1nc2ccc(F)c(-c3cc4c([nH]3)[C@@H](C)NC4=O)c2nc1NC1(C)CC1,CHEMBL3949318,0.49188068639870997,1
Cc1nc2cccc(-c3cc4c([nH]3)CNC4=O)c2nc1NC1(C)CC1,CHEMBL3957073,0.49188068639870997,1
Cc1nc2cccc(-c3cc4c([nH]3)CCNC4=O)c2nc1NC1CC1,CHEMBL3976162,0.49188068639870997,1
Cc1nc2cccc(-c3cc4c([nH]3)CCNC4=O)c2nc1NC1(C)CCCC1,CHEMBL3956884,0.49188068639870997,1
Cc1nc2ccc(F)c(-c3cc4c([nH]3)[C@H](C)NC4=O)c2nc1NC1(C)CC1,CHEMBL3943763,0.49188068639870997,1
Cc1nc2cccc(-c3cc4c([nH]3)CCNC4=O)c2nc1NCC(C)(C)C,CHEMBL3940808,0.49188068639870997,1
Cc1nc2cccc(-c3cc4c([nH]3)CCNC4=O)c2nc1NCC(C)C,CHEMBL3970207,0.49188068639870997,1
Cc1nc2cccc(-c3cc4c([nH]3)CCNC4=O)c2nc1NC1CC(F)(F)C1,CHEMBL3903663,0.49188068639870997,1
Cc1nc2cccc(-c3cc4c([nH]3)CCNC4=O)c2nc1NC1(C)CC1,CHEMBL3957954,0.49188068639870997,1
Cc1nc2cccc(-c3cc4c([nH]3)CCNC4=O)c2nc1NC1CCCC1,CHEMBL3925905,0.49188068639870997,1
Cc1nc2cccc(-c3cc4c([nH]3)CCNC4=O)c2nc1NC1CCCCC1,CHEMBL3986516,0.49188068639870997,1
CC1(Nc2cnc3cccc(-c4cc5c([nH]4)CCNC5=O)c3n2)CC1,CHEMBL3965643,0.49188068639870997,1
Cc1nc2cccc(-c3cc4c([nH]3)CCNC4=O)c2nc1NC(C)C(C)C,CHEMBL3967917,0.49188068639870997,1
Cc1nc2cccc(-c3cc4c([nH]3)CCNC4=O)c2nc1NC1(C)CCC1,CHEMBL3904282,0.49188068639870997,1
Cc1nc2cccc(-c3cc4c([nH]3)CCNC4=O)c2nc1NC1(C(F)(F)F)CC1,CHEMBL3961328,0.49188068639870997,1
Cc1nc2cccc(-c3[nH]c4c(c3Cl)C(=O)NC4)c2nc1NC1(C)CC1,CHEMBL3933056,0.49188068639870997,1
Cc1nc2cccc(-c3cc4c([nH]3)[C@H](C)NC4=O)c2nc1NC1(C)CC1,CHEMBL3979954,0.49188068639870997,1
Cc1nc2cccc(-c3cc4c([nH]3)CNC4=O)c2nc1NC1CC1,CHEMBL3903837,0.49188068639870997,1
Cc1nc2cccc(-c3cc4c([nH]3)[C@@H](C)NC4=O)c2nc1NC1(C)CC1,CHEMBL3903402,0.49188068639870997,1
Cc1nc2cccc(-c3cc4c([nH]3)CCNC4=O)c2nc1NC1CCC1,CHEMBL3960320,0.49188068639870997,1
Cc1nc2ccc(F)c(-c3cc4c([nH]3)CCNC4=O)c2nc1NC1(C)CCC1,CHEMBL3957722,0.49188068639870997,1
Cc1nc2ccc(F)c(-c3cc4c([nH]3)CCNC4=O)c2nc1NC1(C)CC1,CHEMBL3890727,0.49188068639870997,1
CCc1n[nH]c2c1C(=O)c1c(NC(=O)CN3CCC(CN)CC3)cccc1-2,CHEMBL342276,0.49187164536432804,1
O=C(NCCN1CCC2(CC1)C(=O)NCN2c1ccc(Br)cc1)c1ccc2ccccc2c1,CHEMBL1898000,0.4918704934257033,1
O=C(NCCN1CCC2(CC1)C(=O)NCN2c1cccc(Br)c1)c1ccc2ccccc2c1,CHEMBL1903473,0.4918704934257033,1
O=C(NCCN1CCC2(CC1)C(=O)NCN2c1ccc(F)cc1)c1ccc2ccccc2c1,CHEMBL1255082,0.4918704934257033,1
CC(CNC(=O)c1ccc2ccccc2c1)N1CCC2(CC1)C(=O)NCN2c1ccccc1,CHEMBL3357307,0.4918704934257033,1
O=C(NCCN1CCC2(CC1)C(=O)NCN2c1ccccc1)c1cc2ccccc2s1,CHEMBL1879334,0.4918704934257033,1
O=C(NCCN1CCC2(CC1)C(=O)NCN2c1cccc(F)c1)c1ccc2ccccc2c1,CHEMBL1254577,0.4918704934257033,1
O=C(NCCN1CCC2(CC1)C(=O)NCN2c1ccc(F)c(F)c1)c1ccc2ccccc2c1,CHEMBL1891232,0.4918704934257033,1
C[C@@H](CN1CCC2(CC1)C(=O)NCN2c1ccc(F)c(F)c1)NC(=O)c1ccc2ccccc2c1,CHEMBL1883499,0.4918704934257033,1
O=C(NCCN1CCC2(CC1)C(=O)NCN2c1ccccc1)C1CCc2ccccc2C1,CHEMBL1885055,0.4918704934257033,1
O=C(NCCN1CCC2(CC1)C(=O)NCN2c1ccc(Cl)cc1)c1ccc2ccccc2c1,CHEMBL1901970,0.4918704934257033,1
O=C(NCCN1CCC2(CC1)C(=O)NCN2c1ccccc1)c1ccc2ccccc2c1,CHEMBL511475,0.4918704934257033,1
O=C(NCCN1CCC2(CC1)C(=O)NCN2c1cccc(Cl)c1)c1ccc2ccccc2c1,CHEMBL1254737,0.4918704934257033,1
C[C@@H](CN1CCC2(CC1)C(=O)NCN2c1ccccc1)NC(=O)c1ccc2ccccc2c1,CHEMBL1875736,0.4918704934257033,1
C[C@@H](CN1CCC2(CC1)C(=O)NCN2c1cccc(F)c1)NC(=O)c1ccc2ccccc2c1,CHEMBL1254495,0.4918704934257033,1
Cn1cc(-c2cc(-c3ccc(N)nc3)ccc2OCC2CC2)c2cc[nH]c2c1=O,CHEMBL3937908,0.4918567943750892,1
NC(=O)Nc1ccc2c(c1)/C(=C/c1cc(-c3cccc(C(=O)NCCN4CCCCC4)c3)c[nH]1)C(=O)N2,CHEMBL425650,0.49175946547884236,1
COC1CCC2(CC1)Cc1ccc(NC(=O)c3ccccn3)cc1C21N=C(N)N(C)C1=O,CHEMBL3946645,0.49170939851031176,1
O=C(Nc1ccc(C2=NCCN2)cc1)c1cc2ccc(C3=NCCN3)cc2[nH]1,CHEMBL1688709,0.4917091182604533,1
CC(C)(O)CNC(=O)c1ccc(NC(=O)N2Cc3ccncc3C2)cc1,CHEMBL3969420,0.4916771960665821,1
CC(C)C[C@@H]1C(=O)N[C@H](C2Cc3ccccc3C2)C(=O)N1[C@H](C(=O)NC(C)C)c1ccc(C(N)=O)cc1,CHEMBL196688,0.4916472200614884,1
CC(C)C[C@@H]1C(=O)N[C@H](C2Cc3ccccc3C2)C(=O)N1[C@@H](C(=O)NC(C)C)c1ccc(C(N)=O)cc1,CHEMBL197298,0.4916472200614884,1
O=C1/C(=C/c2c[nH]c3ccccc23)Oc2c1ccc(O)c2CN1CCNCC1,CHEMBL2147760,0.4915362991933513,1
O=C1/C(=C/c2c[nH]c3ccccc23)Oc2c1ccc(O)c2CN1CCCNCC1,CHEMBL2147759,0.4915362991933513,1
COc1cc(C(=O)Nc2ccc(C3CCNC3)cc2)nc2ccccc12,CHEMBL3915210,0.49153489411633206,1
Nc1ccc(C2SCC(=O)N2NC(=O)CSc2nc3ccccc3[nH]2)cc1,CHEMBL1087487,0.4915173547996189,1
CC(C)Oc1ccc(-c2nc(-c3cccc4c3CC[C@@H]4NC(=N)N)no2)cc1C#N,CHEMBL3965400,0.49147143750186056,1
O=C1NCc2[nH]c3c(ccc4cnc(-c5cncc(OCCN6CCOCC6)c5)cc43)c21,CHEMBL1801381,0.4914424018901636,1
O=C1NCCc2[nH]c3c(ccc4cnc(-c5cncc(OCCN6CCOCC6)c5)cc43)c21,CHEMBL1801388,0.4914424018901636,1
O=C1NCCCc2[nH]c3c(ccc4cnc(-c5cncc(OCCN6CCOCC6)c5)cc43)c21,CHEMBL1801089,0.4914424018901636,1
O=C1c2ccccc2CN1c1nc2ccc(C3=NCCN3)cc2[nH]1,CHEMBL4229138,0.4914106992811128,1
COc1cccc(-c2cc(C(N)=O)c3[nH]c4cc(C(=O)N5CCN(C(=O)C6CC6)CC5)ccc4c3c2)c1,CHEMBL3646825,0.49138157319100517,1
COc1ccc(-c2cc(C(N)=O)c3[nH]c4ccc(C(=O)N5CCN(C(=O)C6CC6)CC5)cc4c3c2)cc1F,CHEMBL3646840,0.49138157319100517,1
O=C(Nc1ccc(-c2ccnc3[nH]cnc23)cc1)Nc1cccc(C(=O)N2CCOCC2)c1,CHEMBL1951343,0.4913264346190027,1
O=C1Nc2ccc(F)cc2/C1=C/c1ccc(C(=O)NCCN2CCCCC2)c(=O)[nH]1,CHEMBL1963390,0.49132458738891227,1
CNc1nnc(-c2ccc3[nH]cc(-c4cn[nH]c4)c3c2)s1,CHEMBL3906121,0.491224333304933,1
O=C1CN2C(=NN1)COc1ccc(NC(=O)C3CCNC3)cc12,CHEMBL3356457,0.491211803595904,1
O=C1CN2C(=NN1)COc1ccc(NC(=O)C3CCNCC3)cc12,CHEMBL3356458,0.491211803595904,1
O=C1CN2C(=NN1)COc1ccc(NC(=O)C3CNC3)cc12,CHEMBL3356456,0.491211803595904,1
N=C(N)NC1=NC(=O)/C(=C/c2ccccc2-n2cccn2)S1,CHEMBL1441975,0.49118492893760657,1
CC(=O)c1ccccc1-c1ccc2c(c1)CC(CNC(=O)C[C@@H]1C[C@@H](C)NC(=S)N1)O2,CHEMBL2130905,0.49113510301109303,1
N#CC(Cc1ccc2c(c1)c(=O)[nH]c1c(F)cccc12)NC(=O)[C@H]1N[C@@H]2CC[C@H]1C2,CHEMBL3667357,0.49102130030429003,1
N#CC(Cc1ccc2c(c1)c(=O)[nH]c1cc(Cl)ccc12)NC(=O)[C@H]1N[C@@H]2CC[C@H]1C2,CHEMBL3667346,0.49102130030429003,1
N#CC(Cc1cc2c(=O)[nH]c3ccccc3c2cc1F)NC(=O)[C@H]1N[C@@H]2CC[C@H]1C2,CHEMBL3667343,0.49102130030429003,1
N#CC(Cc1cc2c(=O)[nH]c3ccc(F)cc3c2cc1F)NC(=O)[C@H]1N[C@@H]2CC[C@H]1C2,CHEMBL3667344,0.49102130030429003,1
N#CC(Cc1ccc2c(c1)c(=O)[nH]c1c(F)c(F)c(F)cc12)NC(=O)[C@H]1N[C@@H]2CC[C@H]1C2,CHEMBL3667345,0.49102130030429003,1
N#CC(Cc1ccc2c(c1)c(=O)[nH]c1c(F)c(F)ccc12)NC(=O)[C@H]1N[C@@H]2CC[C@H]1C2,CHEMBL3667349,0.49102130030429003,1
N#C[C@H](Cc1cc2c(=O)[nH]c3c(F)c(F)ccc3c2cc1F)NC(=O)[C@H]1N[C@@H]2CC[C@H]1C2,CHEMBL3667373,0.49102130030429003,1
N#C[C@H](Cc1cc2c(=O)[nH]c3ccccc3c2cc1F)NC(=O)[C@H]1N[C@@H]2CC[C@H]1C2,CHEMBL3667371,0.49102130030429003,1
N#C[C@H](Cc1cc2c(=O)[nH]c3cc(F)ccc3c2cc1F)NC(=O)[C@H]1N[C@@H]2CC[C@H]1C2,CHEMBL3667372,0.49102130030429003,1
N#CC(Cc1ccc2c(c1)c(=O)[nH]c1ccc(Cl)cc12)NC(=O)[C@H]1N[C@@H]2CC[C@H]1C2,CHEMBL3667353,0.49102130030429003,1
N#CC(Cc1ccc2c(c1)c(=O)[nH]c1c(F)cc(F)cc12)NC(=O)[C@H]1N[C@@H]2CC[C@H]1C2,CHEMBL3667359,0.49102130030429003,1
N#C[C@H](Cc1ccc2c(c1)c(=O)[nH]c1cc(C(F)(F)F)ccc12)NC(=O)[C@H]1N[C@@H]2CC[C@H]1C2,CHEMBL3667350,0.49102130030429003,1
N#CC(Cc1ccc2c(c1)c(=O)[nH]c1ccccc12)NC(=O)[C@H]1N[C@@H]2CC[C@H]1C2,CHEMBL3662524,0.49102130030429003,1
N#CC(Cc1cc2c(=O)[nH]c3cc(F)ccc3c2cc1F)NC(=O)[C@H]1N[C@@H]2CC[C@H]1C2,CHEMBL3667342,0.49102130030429003,1
COc1ccc(CN2CCNCC2)cc1-c1cccc(CNC(=O)c2ccc3c(c2)OCO3)c1,CHEMBL522992,0.4909944609515425,1
C[C@H]1NC(=O)c2cc(-c3cccc4cnc(NC5(C)CC5)nc34)[nH]c21,CHEMBL3935407,0.4909908193973564,1
Oc1ccc([C@@H]2N=CN[C@@H]2c2ccc(OCCN3CCCCC3)cc2)cc1,CHEMBL373119,0.4909837343449562,1
CN1CCN(C(=O)c2ccc(NC(=O)c3n[nH]c4ccccc34)cc2)CC1,CHEMBL3793695,0.4909622541201487,1
CCNCC(=O)Nc1cccc2c1C(=O)c1c(-c3ccc(OC)cc3)n[nH]c1-2,CHEMBL341835,0.4909587525498735,1
Nc1nc2cc3c(cc2[nH]1)N(Cc1ccc2cc(CO)ccc2c1)CCC3,CHEMBL353813,0.4909461381723116,1
N=C(N)c1ccc2[nH]c(-c3cccc(N4CCCCC4)n3)cc2c1,CHEMBL3632758,0.4909317984361423,1
Fc1ccc(-c2n[nH]c3ccc(-c4n[nH]c(CN5CCOCC5)n4)cc23)cc1,CHEMBL3960472,0.4909231662473387,1
O=C(NCCc1c[nH]c2ccc(O)cc12)N1CCN(Cc2ccc3ccccc3n2)CC1,CHEMBL1087396,0.4909056990952335,1
CN1CCC[C@H]1C(=O)N1CC=C(c2ccc(NC(=O)N3Cc4ccncc4C3)cc2)CC1,CHEMBL3965162,0.49090511826077454,1
O=C(NCc1cc2ccccc2[nH]1)N1CCc2cnc(NC3CCOCC3)nc2C1,CHEMBL3895954,0.49085388161264326,1
COc1ccc2c(c1)/C(=C/c1cc3c([nH]1)CCN(C(=O)N1CCN(C)CC1)C3)C(=O)N2,CHEMBL2403369,0.490842318376571,1
CN1CCN(C(=N)c2ccc(C(=O)Nc3ccccc3C(=O)Nc3ccc(Cl)cn3)cc2)CC1,CHEMBL471456,0.4908316573997396,1
Cc1[nH]c2ccc(NS(=O)(=O)c3ccccc3)cc2c1C1=CCNCC1,CHEMBL2376485,0.4908226048291194,1
O=C(CCN1CCC(N2CCCC2)CC1)N1CCc2nc(O)c3cc(F)ccc3c2C1,CHEMBL84371,0.49081781515489586,1
O=C(CCN1CCC(N2CCCC2)CC1)N1CCc2c(nc(O)c3ccccc23)C1,CHEMBL420964,0.49081781515489586,1
O=C(CCN1CCC(N2CCCC2)CC1)N1CCc2nc(O)c3ccccc3c2C1,CHEMBL82336,0.49081781515489586,1
CN1CCC2(CC1)CNC(=O)c1cc(-c3ccnc(NC(=O)c4cccc(F)c4)c3)[nH]c12,CHEMBL1933172,0.4908021474814461,1
Cc1ccc(C(=O)Nc2cc(-c3cc4c([nH]3)C3(CCN(C)CC3)CNC4=O)ccn2)cc1C,CHEMBL1933169,0.4908021474814461,1
NC(=O)c1cc2c([nH]c1=O)C[C@@]13CCN(CC4CC4)C[C@@]1(Cc1ccc(O)cc13)C2,CHEMBL4108929,0.4907979558435486,1
CCN1CCN(Cc2ccc(-c3cc4c([C@](C)(N)c5ccccc5)ncnc4[nH]3)cc2)CC1,CHEMBL1289705,0.490758240702182,1
N=C(N)c1ccc2[nH]c(-c3cccc(-c4ccccc4)c3O)nc2c1,CHEMBL327715,0.49073032537599465,1
CCN(CC)C(=O)c1ccc(C(c2ccc3cc[nH]c3c2)N2CCNCC2)cc1,CHEMBL2112649,0.49072401904449153,1
O=C(Nc1n[nH]c2cc(OCCOCc3ccccc3)ccc12)c1ccc(N2CCNCC2)cc1,CHEMBL3907108,0.4907144699509933,1
CSc1nn(-c2ccccc2)c2cc(NC(=O)CCN3CCNCC3)ccc12,CHEMBL1809161,0.4906954845074211,1
O=C([C@@H]1C=C2c3cccc4c3c(cn4CCO)C[C@H]2N(C(=O)Nc2ccccc2)C1)N1CCCC1,CHEMBL1809038,0.4906526236599585,1
O=C([C@@H]1CCCN1)N1CCc2c(nc(O)c3ccccc23)C1,CHEMBL310320,0.4905998668101021,1
O=C1N[C@@H](Cc2ccc3[nH]cc(CCCN4CCC(N[C@@H](CO)c5ccccc5)CC4)c3c2)CO1,CHEMBL146129,0.4905390931810066,1
Cc1noc(-c2cc3cc(-c4nc(C(=O)N5CCCC5)[nH]c4C)ccc3[nH]2)n1,CHEMBL3666055,0.49052744362733186,1
Cc1noc(-c2cc3cc(-c4nc(C(=O)N5CCCCC5)[nH]c4C)ccc3[nH]2)n1,CHEMBL3666048,0.49052744362733186,1
CNC1CCc2cc(N3CC[C@H](NS(=O)(=O)c4ccc5c(Cl)c[nH]c5c4)C3=O)ccc21,CHEMBL1684184,0.4904865703624339,1
CN1CCN(C(C(=O)NCc2ccccc2)c2ccc(C(=O)Nc3ccccc3N)cc2)CC1,CHEMBL401684,0.4904849168311252,1
NC(=O)c1ccc2[nH]nc(-c3cccc(OCCN4CCCCC4)c3)c2c1,CHEMBL3903721,0.49045378333062895,1
O=C(NCCN1CCN(c2ccncc2)CC1)c1ccc2[nH]c(=O)c3c(c2c1)CCSC3,CHEMBL2237231,0.49041678145538986,1
COc1ccc(F)nc1-c1ccnc2[nH]c(C3CCNCC3)cc12,CHEMBL3663767,0.49040066777963254,1
COc1cccnc1-c1ccnc2[nH]c(C3CCNCC3)cc12,CHEMBL3663762,0.49040066777963254,1
N=C(N)NCCCC1NC(=O)c2ccccc2N(Cc2ccccc2)C1=O,CHEMBL272662,0.49039473684210516,1
N=C(N)NCCCC1NC(=O)c2ccc(Cl)cc2N(Cc2ccccc2)C1=O,CHEMBL272439,0.49039473684210516,1
N#CC(Cc1ccc2c(c1)[nH]c(=O)c1cc(F)ccc12)NC(=O)[C@H]1N[C@@H]2CC[C@H]1C2,CHEMBL3662720,0.4903776091894903,1
N#CC(Cc1ccc2c(c1)[nH]c(=O)c1ccccc12)NC(=O)[C@H]1N[C@@H]2CC[C@H]1C2,CHEMBL3662637,0.4903776091894903,1
O=C(Nc1ccccc1-c1cn2c(CN3CCNCC3)csc2n1)C1CCCC1,CHEMBL523969,0.4903766022461208,1
N=C(N)c1ccc2[nH]c(-c3ccc(-c4ccc(N)cc4)o3)nc2c1,CHEMBL60339,0.49032740624893756,1
NCC1CCN(CC(=O)Nc2cccc3c2C(=O)c2c(C4CC4)n[nH]c2-3)CC1,CHEMBL356392,0.4902975876034513,1
COc1ccc(F)cc1-c1ccnc2[nH]c(C3=CCN(C(=O)NC#N)CC3)cc12,CHEMBL3668510,0.4902887678553076,1
O=C(c1ccc2c(-c3nc4ccccc4[nH]3)n[nH]c2c1)N1CCC(CO)CC1,CHEMBL3966449,0.4902843390676531,1
O=C(c1ccc2c(-c3nc4ccccc4[nH]3)n[nH]c2c1)N1CCCC(CO)C1,CHEMBL3911071,0.4902843390676531,1
CN(C)CC(=O)Nc1ccc2c(c1)-c1nc(O)c3ccccc3c1C2,CHEMBL191469,0.49028167072554324,1
CN(C)CC(=O)Nc1ccc2c(c1)Cc1c-2nc(O)c2ccccc12,CHEMBL364752,0.49028167072554324,1
OCc1nn[nH]c1-c1ccc2c(-c3cc4cc(CN5CCC(F)CC5)ccc4[nH]3)n[nH]c2c1,CHEMBL219788,0.4902575753833997,1
Cc1ccc(C(=O)Nc2ccc(CN3CCN(C)CC3)c(C(F)(F)F)c2)cc1C#Cc1cnc2[nH]c(=O)[nH]c2c1,CHEMBL1171658,0.4902297281485236,1
Cc1n[nH]c2nccc(-c3ccc(NC(=O)NC(C)(C)C)cc3)c12,CHEMBL4066145,0.4901646590783511,1
CC(=O)Nc1ccc([C@H](C(=O)NC(C)C)N2C(=O)[C@@H](C3Cc4ccccc4C3)NC(=O)[C@H]2CC(C)C)cc1,CHEMBL371008,0.49009295952001797,1
CC(=O)Nc1cccc([C@H](C(=O)NC(C)(C)C)N2C(=O)[C@@H](C3Cc4ccccc4C3)NC(=O)[C@H]2CC(C)C)c1,CHEMBL193773,0.49009295952001797,1
CC(=O)Nc1ccc([C@H](C(=O)NC(C)(C)C)N2C(=O)[C@@H](C3Cc4ccccc4C3)NC(=O)[C@H]2CC(C)C)cc1,CHEMBL372554,0.49009295952001797,1
CC(=O)Nc1ccc([C@@H](C(=O)NC(C)C)N2C(=O)[C@@H](C3Cc4ccccc4C3)NC(=O)[C@H]2CC(C)C)cc1,CHEMBL372619,0.49009295952001797,1
O=C1N(c2n[nH]c3cnc(-c4cccnc4)cc23)CCC12CCNCC2,CHEMBL3934563,0.4900886018921762,1
O=C(Nc1ccccc1N1CCNCC1)c1csc(N2Cc3ccncc3C2)n1,CHEMBL2381240,0.4900683022023978,1
O=c1cc(-c2ccccc2Cl)oc2cc(CN3CCNCC3)ccc12,CHEMBL2234583,0.4900647948164145,1
O=c1cc(-c2ccccc2Cl)oc2ccc(CN3CCNCC3)cc12,CHEMBL574913,0.4900647948164145,1
O=c1cc(-c2ccc(Cl)cc2)oc2ccc(CN3CCNCC3)cc12,CHEMBL2234591,0.4900647948164145,1
CN1CCN(CCNC(=O)c2ccc(NC(=O)N3Cc4ccncc4C3)cc2)CC1,CHEMBL3915525,0.49005681818181795,1
Nc1ccc(-c2ccc3cccc(-c4cc5c([nH]4)CCNC5=O)c3n2)c(F)c1,CHEMBL3970213,0.4900203489630687,1
CCC1c2[nH]c3ccccc3c2C[C@H]2C(=O)NC(CCCCNC(=O)OC(C)(C)C)C(=O)N12,CHEMBL107923,0.48999915247054826,1
Nc1cccc(CN2C(=O)C(NC(=O)Nc3ccccc3)CCc3ccccc32)c1,CHEMBL89297,0.48998544249786635,1
O=C1N=C(NC2CCCCC2)N/C1=C1/CCNC(=O)c2[nH]c(-c3ccccc3)cc21,CHEMBL1947255,0.48997134670487075,1
NCC(Cc1ccccc1)NC(=O)c1cnc(-c2c[nH]c3ncccc23)s1,CHEMBL3431014,0.4899616512519738,1
CC1(C)c2[nH]nc(NC(=O)c3ccc(F)cc3)c2CN1C(=O)N1CCN(CCO)CC1,CHEMBL604714,0.48992206396130045,1
CN1CC=C(c2c[nH]c3ccc(CNC(=N)c4cccs4)cc23)CC1,CHEMBL3216320,0.48988611252762176,1
O=C(Nc1ccc(C(=O)N2CCOC3(CCCNC3)C2)cc1)N1Cc2ccncc2C1,CHEMBL3920722,0.48988315759475604,1
COc1cccc(F)c1CN1C[C@H](NC(=O)c2ccc3[nH]nc(-c4ccncc4)c3c2)CCC1CO,CHEMBL3654610,0.4898400483352946,1
CCN1CCCC1CNC(=O)c1ccc2c(c1)NC(=O)/C(=C/c1ccccc1)S2,CHEMBL2170932,0.48983050847457604,1
CCN1CCCC1CNC(=O)c1ccc2c(c1)NC(=O)C(Cc1ccccc1F)S2,CHEMBL2170942,0.48983050847457604,1
N=C(N)Nc1ccc(-c2cc(C(=O)Nc3cccc4ccccc34)n[nH]2)cc1,CHEMBL3598235,0.4897695669447757,1
CC(C)Nc1cccnc1N(C)C1CCN(C(=O)c2cc3ccc(CO)cc3[nH]2)CC1,CHEMBL331790,0.48974493290889287,1
Cc1n[nH]cc1-c1cc2nc(CNCc3ccccc3)[nH]c(=O)c2s1,CHEMBL4091694,0.4897114071038249,1
CC(C)(CO)CN1CCC(C(=O)Nc2ccc(-c3nc4ccccc4[nH]3)cc2)CC1,CHEMBL590439,0.48970187153202277,1
NC[C@H]1CC[C@H](C(=O)N[C@@H](Cc2ccccc2)c2nc(-c3cccc(CC(N)=O)c3)c[nH]2)CC1,CHEMBL3355678,0.48962081372820365,1
NC[C@H]1CC[C@H](C(=O)N[C@@H](Cc2ccccc2)c2nc(-c3ccc(CC(N)=O)cc3)c[nH]2)CC1,CHEMBL3355675,0.48962081372820365,1
CN(C)C1CCN(Cc2ccc3c(-c4ccc(F)cc4)cc(C(N)=O)nc3c2)C1,CHEMBL3982968,0.48961635151382654,1
COc1ccc(-c2cc(C(N)=O)c3[nH]c4cc(N5CCN(C)CC5)ccc4c3n2)cc1F,CHEMBL3639484,0.48961241434320735,1
C/C(=N\NC1=NCCN1)c1sc(-c2ccc(C#CC(C)(C)N)cc2)nc1C,CHEMBL4211933,0.4896022811071233,1
CC1(C)c2cc(C(=O)N3CCN(CCO)CC3)ccc2C(=O)c2c1[nH]c1cc(C#N)ccc21,CHEMBL3967160,0.48960106579823837,1
COc1ccccc1C(=O)NCc1cccc(-c2cccc(CN3CCNCC3)c2)c1,CHEMBL524168,0.48959295690451565,1
Cc1nc2cccc(-c3cc4c([nH]3)C3(CC3)CNC4=O)c2nc1NC1CC1,CHEMBL3889626,0.4895895300416419,1
NC(=O)c1cccc2[nH]c(-c3ccc(-c4cncc(C(=O)N5CCCC5)c4)cc3)nc12,CHEMBL3593813,0.48955012398158,1
Cc1cc(C(N)=O)c2nc(-c3ccc(-c4cncc(C(=O)N5CCCC5)c4)cc3)[nH]c2c1,CHEMBL3593981,0.48955012398158,1
O=C1Cc2cc(-c3cnc4nc(N5CCC(N6CCCCC6)CC5)oc4c3)ccc2N1,CHEMBL1958170,0.4895307153332246,1
CN1CCN(CCNC(=O)c2cc(Cc3n[nH]c(=O)c4c3CCCC4)ccc2F)CC1,CHEMBL3902104,0.48952952029520286,1
CN1CCN(CCNC(=O)c2cccc(Cc3n[nH]c(=O)c4c3CCCC4)c2)CC1,CHEMBL3947808,0.48952952029520286,1
O=C(c1ccc2c(-c3nc4ccccc4[nH]3)n[nH]c2c1)N1CCOCC1,CHEMBL3971749,0.4894751613808588,1
CC1CN(C(=O)c2ccc3c(-c4nc5ccccc5[nH]4)n[nH]c3c2)CC(C)O1,CHEMBL3948907,0.4894751613808588,1
CCN1CCN(CC(=O)Nc2ccc3[nH]c(-c4cccn4C)nc3c2)CC1,CHEMBL1812492,0.4894569801312984,1
COc1ccc(F)cc1-c1ccnc2[nH]c(C3(O)CCNCC3)cc12,CHEMBL3668398,0.4894501278772375,1
Cc1cc(C#N)cc2nc(-c3ccc(NC(=O)CN4CCNCC4)cc3)oc12,CHEMBL1643152,0.48944505899704993,1
CC(C)Nc1nnc(-c2ccc3[nH]cc(-c4cncc(C(=O)NC5CC5)c4)c3c2)o1,CHEMBL3983191,0.48943146367861484,1
CN(CCO)C(=O)[C@@H]1C=C2c3cccc4[nH]cc(c34)C[C@H]2N(C(=O)Nc2ccccc2)C1,CHEMBL1808998,0.4893989164284799,1
Oc1ccc(C2C/C(=N\NC(=S)N3CCNCC3)c3ccc(O)cc3O2)cc1,CHEMBL1210004,0.4893904320987656,1
NCCC(=O)N1CCc2c([nH]c3ccc(Br)cc23)C1c1cccc(O)c1,CHEMBL592518,0.48938973962829985,1
NCCC(=O)N1CCc2c([nH]c3c(Cl)cccc23)C1c1cccc(O)c1,CHEMBL1163527,0.48938973962829985,1
NCCC(=O)N1CCc2c([nH]c3ccc(F)cc23)C1c1cccc(O)c1,CHEMBL589879,0.48938973962829985,1
Cc1ccc2[nH]c3c(c2c1)CCN(C(=O)CCN)C3c1cccc(O)c1,CHEMBL590123,0.48938973962829985,1
NCCC(=O)N1CCc2c([nH]c3ccc(Cl)cc23)C1c1cccc(O)c1,CHEMBL609588,0.48938973962829985,1
NCCC(=O)N1CCc2c([nH]c3ccccc23)C1c1cccc(O)c1,CHEMBL590607,0.48938973962829985,1
CCc1ccc2[nH]c3c(c2c1)CCN(C(=O)CCN)C3c1cccc(O)c1,CHEMBL590124,0.48938973962829985,1
Nc1nc2ccc(C(=O)NCCNCc3ccc4ccccc4c3)cc2s1,CHEMBL252349,0.4893879892335524,1
N#Cc1ccc(C(=O)NC(=O)Nc2cccc(C3CN4CCSC4=N3)c2)cc1,CHEMBL42929,0.48938650604750544,1
NC(=O)c1cccc2[nH]c(-c3ccc(-c4ccc(C(=O)N5CCCC5)nc4)cc3)nc12,CHEMBL3593982,0.4893692416725725,1
Cc1cc(C(N)=O)c2nc(-c3ccc(-c4ccc(C(=O)N5CCCC5)nc4)cc3)[nH]c2c1,CHEMBL3593983,0.4893692416725725,1
CN1CCN(c2ccc(-c3ccc4[nH]nc(N)c4c3)cc2)CC1,CHEMBL519279,0.48936170212765934,1
CN(C)Cc1nc(-c2ccc3[nH]nc(-c4cccc(C(=O)NC(C)(C)C)c4)c3c2)n[nH]1,CHEMBL3893552,0.48932006073899126,1
C[C@@H]1C(=O)NN=C2COc3cc(-c4ccccc4F)c([C@@H](C)C4(C)CN(C)C4)cc3N21,CHEMBL3355119,0.4893194706994329,1
CC(C)(C)NS(=O)(=O)c1ccccc1-c1ccc(-c2cn3cc(C(N)=O)ccc3n2)c(F)c1,CHEMBL3697264,0.48930240183621576,1
COc1cccc(CNC(=O)c2cn(CCN(C)C)c3cc(-c4cn[nH]c4)ccc23)c1,CHEMBL1922129,0.48928571428571394,1
CC(C)(C)NC(=O)c1ccc(-c2ccc3[nH]nc(N)c3c2)cc1,CHEMBL447670,0.4892517569243489,1
O=C(NC[C@H]1CCCNC1)c1ccnc2nc(-c3cc(Br)cs3)[nH]c12,CHEMBL3717234,0.48923134926245315,1
O=C(NC[C@H]1CCCNC1)c1ccnc2nc(-c3cccs3)[nH]c12,CHEMBL3715825,0.48923134926245315,1
O=C(NCC1CNC1)c1ccnc2nc(-c3cccs3)[nH]c12,CHEMBL3718661,0.48923134926245315,1
O=C(NC[C@@H]1CCCNC1)c1ccnc2nc(-c3ccc(Br)s3)[nH]c12,CHEMBL3716396,0.48923134926245315,1
O=C(NC[C@H]1CCCNC1)c1ccnc2nc(-c3ccc(Br)s3)[nH]c12,CHEMBL3719168,0.48923134926245315,1
Cc1noc(C)c1-c1ccc2c(c1)C(c1ccsc1)(N1CCC(O)CC1)C(=O)N2,CHEMBL3979196,0.4891840607210624,1
Cc1noc(C)c1-c1ccc2c(c1)C(c1ccccc1)(N1CCC(O)CC1)C(=O)N2,CHEMBL3915337,0.4891840607210624,1
Cc1noc(C)c1-c1ccc2c(c1)C(c1ccccc1)(N1CCC[C@@H](O)C1)C(=O)N2,CHEMBL3963251,0.4891840607210624,1
Cc1noc(C)c1-c1ccc2c(c1)[C@](c1ccsc1)(N1CCC[C@@H](O)C1)C(=O)N2,CHEMBL3969782,0.4891840607210624,1
Cc1noc(C)c1-c1ccc2c(c1)C(c1ccsc1)(N1CCC[C@@H](O)C1)C(=O)N2,CHEMBL4114296,0.4891840607210624,1
Cc1noc(C)c1-c1ccc2c(c1)C(c1ccsc1)(N1CCC[C@H](O)C1)C(=O)N2,CHEMBL3930999,0.4891840607210624,1
Cc1noc(C)c1-c1ccc2c(c1)C(c1ccccc1)(N1CCC[C@H](O)C1)C(=O)N2,CHEMBL3903717,0.4891840607210624,1
Cc1noc(C)c1-c1ccc2c(c1)C(c1ccsc1)(N1CCCC(O)C1)C(=O)N2,CHEMBL3908134,0.4891840607210624,1
Cc1noc(C)c1-c1ccc2c(c1)C(c1ccccc1)(N1CCCC(O)C1)C(=O)N2,CHEMBL3931719,0.4891840607210624,1
Cc1noc(C)c1-c1ccc2c(c1)C(c1ccccc1)(N1CC(O)C1)C(=O)N2,CHEMBL3939853,0.4891840607210624,1
CC1(C)c2cc(OC3CCN(CCO)CC3)ccc2C(=O)c2c1[nH]c1cc(C#N)ccc21,CHEMBL3963068,0.4891584250793056,1
c1ccc2cc(Cc3nc4c(N5CCNCC5)cccc4[nH]3)ccc2c1,CHEMBL566219,0.4891310360086286,1
O=S(=O)(Nc1ccc2[nH]cc(C[C@H]3CCCN3)c2c1)c1ccc(I)cc1,CHEMBL609996,0.48912875071011686,1
Cc1ccc(S(=O)(=O)Nc2ccc3[nH]cc(C[C@H]4CCCN4)c3c2)cc1,CHEMBL609740,0.48912875071011686,1
O=S(=O)(Nc1ccc2[nH]cc(C[C@H]3CCCN3)c2c1)c1cccc(Cl)c1,CHEMBL606639,0.48912875071011686,1
O=S(=O)(Nc1ccc2[nH]cc(C[C@H]3CCCN3)c2c1)c1ccccc1,CHEMBL609737,0.48912875071011686,1
O=S(=O)(Nc1ccc2[nH]cc(C[C@@H]3CCCN3)c2c1)c1cccc(Cl)c1,CHEMBL606868,0.48912875071011686,1
O=S(=O)(Nc1ccc2[nH]cc(C[C@H]3CCCN3)c2c1)c1ccccc1F,CHEMBL609738,0.48912875071011686,1
O=S(=O)(Nc1ccc2[nH]cc(C[C@H]3CCCN3)c2c1)c1ccc(F)cc1F,CHEMBL606705,0.48912875071011686,1
O=S(=O)(Nc1ccc2[nH]cc(C[C@H]3CCCN3)c2c1)c1ccc(F)cc1,CHEMBL606703,0.48912875071011686,1
O=S(=O)(Nc1ccc2[nH]cc(C[C@H]3CCCN3)c2c1)c1ccccc1Cl,CHEMBL609742,0.48912875071011686,1
O=S(=O)(Nc1ccc2[nH]cc(C[C@@H]3CCCN3)c2c1)c1ccc(F)cc1F,CHEMBL606871,0.48912875071011686,1
O=S(=O)(Nc1ccc2[nH]cc(C[C@@H]3CCCN3)c2c1)c1ccc(F)cc1,CHEMBL606869,0.48912875071011686,1
O=S(=O)(Nc1ccc2[nH]cc(C[C@H]3CCCN3)c2c1)c1ccc(Cl)cc1,CHEMBL609743,0.48912875071011686,1
CC(=O)NC1(CO)CCc2ccc(-c3nnc(-c4ccc(OC(C)C)c(C)c4)o3)cc2C1,CHEMBL3954502,0.4890754175805633,1
CN1C[C@@H]2C[C@H]1CN2c1ccc(-c2ccc3[nH]ncc3c2)cn1,CHEMBL1085091,0.48904914529914517,1
CC(C)[C@H]1CN(c2cccc(-c3n[nH]c4ncccc34)n2)CCN1,CHEMBL2326017,0.48903790555734017,1
Cc1cc(O)cc(C)c1C[C@H](N)C(=O)N1Cc2ccccc2C[C@H]1CNC(=O)NC(C)(C)C,CHEMBL310842,0.48901824787383347,1
Cc1cc(OCCCN2CC3NC3C2)ccc1-c1nc2c(C)c(F)ccc2[nH]1,CHEMBL1083099,0.489016142568001,1
Cc1cc(OCCCN2CC3CNC3C2)ccc1-c1nc2c(C)c(F)ccc2[nH]1,CHEMBL1082609,0.489016142568001,1
Cc1c(C(=O)Nc2ccc([C@H]3CNCCO3)cc2)n[nH]c1-c1cccc(C#N)c1,CHEMBL3663705,0.48901464713715015,1
N#Cc1ccc(F)c(-c2cc(C(=O)Nc3ccc([C@H]4CNCCO4)cc3)n[nH]2)c1,CHEMBL3663706,0.48901464713715015,1
Cc1cc(-c2n[nH]c3cc(NC(=O)NCC4CNC(c5ccccc5)C4)ncc23)ccn1,CHEMBL3658773,0.4889829968795773,1
O=C(NC[C@@H]1Cc2ccccc2CN1C(=S)NC[C@H]1CCCN1)Nc1ccccc1,CHEMBL39968,0.4889483955884352,1
O=c1[nH]c2ccc(C3=NN=C(Nc4cccc5ccccc45)SC3)cc2[nH]1,CHEMBL4284104,0.4889178617992174,1
CNC(=O)NCCc1ccccc1-c1ccc(CN2C(=O)[C@H](NC(=O)C(C)(C)N)CCc3ccccc32)cc1,CHEMBL445579,0.4888775949020677,1
O=C1C[C@]23CCN(CC4CC4)[C@H](Cc4ccc(O)cc42)C3=CN1Cc1ccc(O)cc1,CHEMBL3695669,0.48883434595421066,1
Nc1ccc(-c2cccs2)cc1NC(=O)c1ccc(N2CCC3(CCNC3=O)CC2)nc1,CHEMBL469514,0.4888182416136811,1
Nc1ccc(-c2cccs2)cc1NC(=O)c1ccc(N2CCC3(CC2)CNC3=O)nc1,CHEMBL470791,0.4888182416136811,1
O=C(NC1CC1)C1=C[C@H](c2c[nH]c3ccccc23)C[C@H](OCc2ccc(CO)cc2)O1,CHEMBL1493113,0.48881171143447477,1
O=C(NC1CC1)C1=C[C@@H](c2c[nH]c3ccccc23)C[C@@H](OCc2ccc(CO)cc2)O1,CHEMBL1511782,0.48881171143447477,1
Cc1cccc2c(=O)[nH]c(-c3ccc(CN4CC(N(C)C)C4)cc3)cc12,CHEMBL3764573,0.48877429092509905,1
O=C(CN1CCCCC1)Nc1ccc(C2NC(=O)Cc3ccccc32)cc1,CHEMBL3277856,0.48876009834913936,1
O=C(Nc1ccccc1N1CCNCC1)c1csc(N2Cc3cn[nH]c3C2)n1,CHEMBL2381242,0.4887089238436385,1
CN1CCCC1CCN1C(=O)CCc2cc(NC(=N)c3cccs3)ccc21,CHEMBL3216111,0.4886639905014979,1
CC(C)(Nc1cccc(O)c1)C(=O)Nc1nc2ccc3[nH]ncc3c2s1,CHEMBL3718495,0.48866375759055286,1
N=C1S/C(=C\c2cc(CC(N)=O)[nH]c2-c2ccc(F)cc2)C(=O)N1c1nccs1,CHEMBL490394,0.4886560479952678,1
C[C@@]1(c2cc(NC(=O)c3cnc(-c4ncco4)cn3)ccc2F)C=CSC(N)=N1,CHEMBL3670308,0.4886313686313685,1
NC(=O)c1cc(-c2ccc3scnc3c2)nc2c1[nH]c1cc(C(=O)N3CCOCC3)ccc12,CHEMBL3649633,0.48862275449101755,1
Cn1ccc2cc(-c3cc(C(N)=O)c4[nH]c5cc(C(=O)N6CCOCC6)ccc5c4n3)ccc21,CHEMBL3649630,0.48862275449101744,1
CN1CCN(C(=O)c2cccc(/C=c3\[nH]c(=O)/c(=C/c4nc[nH]c4C(C)(C)C)[nH]c3=O)c2)CC1,CHEMBL4225272,0.4886196353753821,1
O=C1c2[nH]nc(NS(=O)(=O)c3cccc4ccccc34)c2CCN1CC1CCNCC1,CHEMBL2407553,0.4885394116898001,1
CN1CCCO[C@H](C(=O)N[C@H]2c3ccccc3C[C@@H]2NC(=O)c2ccc3c(ccn3C)c2)C1,CHEMBL4160705,0.4885084066018816,1
CN1CCO[C@@H](C(=O)N[C@H]2c3ccccc3C[C@@H]2NC(=O)c2ccc3c(ccn3C)c2)C1,CHEMBL4167965,0.4885084066018816,1
CN1CCO[C@H](C(=O)N[C@H]2c3ccccc3C[C@@H]2NC(=O)c2ccc3c(ccn3C)c2)C1,CHEMBL4175823,0.4885084066018816,1
CN1CCCO[C@@H](C(=O)N[C@H]2c3ccccc3C[C@@H]2NC(=O)c2ccc3c(ccn3C)c2)C1,CHEMBL4171300,0.4885084066018816,1
O=C1CCc2cc(S(=O)(=O)Nc3ccc(C4(O)CSC(=S)N4Cc4cccnc4)cc3)ccc2N1,CHEMBL4164912,0.4884897470438559,1
Cc1nc2cccc(-c3c[nH]c(C(N)=O)c3)c2nc1NC(C)(C)C,CHEMBL3926062,0.48844794781190526,1
O=C(NCCN1CCC(n2c(=O)[nH]c3ccccc32)CC1)c1cc2cc(F)ccc2[nH]1,CHEMBL398567,0.48843918551657817,1
O=C(NCCN1CCC(n2c(=O)[nH]c3ccccc32)CC1)c1cc2ccccc2[nH]1,CHEMBL246240,0.48843918551657817,1
C[C@@H](CN1CCC(n2c(=O)[nH]c3ccccc32)CC1)NC(=O)c1cc2cc(F)ccc2[nH]1,CHEMBL1885229,0.48843918551657806,1
C[C@H](CN1CCC(n2c(=O)[nH]c3cc(Cl)ccc32)CC1)NC(=O)c1cc2ccccc2[nH]1,CHEMBL1906901,0.48843918551657806,1
C[C@@H](CN1CCC(n2c(=O)[nH]c3ccccc32)CC1)NC(=O)c1cc2ccccc2[nH]1,CHEMBL1905926,0.48843918551657806,1
COCCN1CC(c2c[nH]c3cc(-n4ccc(OCc5ccccc5)cc4=O)ccc23)C1,CHEMBL1830046,0.48843573446327676,1
O=C1NCCc2[nH]c(-c3cccc4ccc(N5CCOCC5)nc34)cc21,CHEMBL3986310,0.48842125041101025,1
COc1ccc(-c2cc3c(cn2)CCc2c-3[nH]c3c2C(=O)NC2(CC2)C3)cc1,CHEMBL1801278,0.4884149907769826,1
CN1CCN(C(=O)c2cc(Br)c3c(c2)NC(=O)/C3=N\NC(=O)Cc2ccc3sccc3c2)CC1,CHEMBL1822374,0.4883739354327588,1
O=C([C@@H]1C=C2c3cccc4[nH]cc(c34)C[C@H]2N(C(=O)Nc2ccccc2)C1)N1CCS(=O)(=O)CC1,CHEMBL1809010,0.48825633273109387,1
O=C(NCCN1CCN(Cc2ccccc2)CC1)C1c2ccccc2C(=O)N2CCc3ccccc3C12,CHEMBL1613481,0.488234865593356,1
NS(=O)(=O)c1cccc(-c2n[nH]c3ccc(C(=O)NC4(c5ccccc5)CCNCC4)cc23)c1,CHEMBL3330276,0.4881923053693303,1
COc1cccc(S(=O)(=O)Nc2ccc(C3(O)CSC(=S)N3Cc3cccnc3)cc2)c1,CHEMBL4173544,0.48818959738160017,1
COc1ccc(S(=O)(=O)Nc2ccc(C3(O)CSC(=S)N3Cc3cccnc3)cc2)cc1,CHEMBL4169046,0.48818959738160017,1
Cc1c(Cl)cccc1S(=O)(=O)Nc1n[nH]c2c1CCN(CC1CCNCC1)C2=O,CHEMBL2407555,0.4881704069988586,1
Cc1ccc(F)c(S(=O)(=O)Nc2n[nH]c3c2CCN(CC2CCNCC2)C3=O)c1,CHEMBL2407557,0.4881704069988586,1
O=C1c2[nH]nc(NS(=O)(=O)c3cccc(Cl)c3)c2CCN1CC1CCNCC1,CHEMBL2407556,0.4881704069988586,1
O=C(NC1COC2(CCNCC2)C1)c1ccc(NC(=O)N2Cc3ccncc3C2)cc1,CHEMBL3962655,0.4881175468483812,1
Nc1ccc(-c2cccs2)cc1NC(=O)c1ccc(N2CCC3(CC2)CNC(=O)C3)nc1,CHEMBL511984,0.4881138683955583,1
CN1CCN(c2ccnc3ccc(NC(=O)Nc4ccc5c(c4)CCC5=O)cc23)CC1,CHEMBL586994,0.48802674545171787,1
CC(C)[C@@H](CO)NC(=O)c1ccc2c(c1)/C(=C/c1ccc[nH]1)C(=O)N2,CHEMBL4099999,0.48801387330409024,1
CC(C)(C)[C@@H](CO)NC(=O)c1ccc2c(c1)/C(=C/c1ccc[nH]1)C(=O)N2,CHEMBL4083545,0.48801387330409024,1
Nc1ccc(-c2nc(-c3cc4ccccc4[nH]c3=O)cs2)cc1,CHEMBL241335,0.4879890185312285,1
COc1ccc(S(=O)(=O)Nc2ccc3[nH]cc(C[C@@H]4CCCN4)c3c2)cc1,CHEMBL610252,0.487972508591065,1
CC1(C)NC(C)(C)c2cc(-c3nc4c(C(N)=O)cccc4[nH]3)ncc21,CHEMBL471847,0.4879671229060009,1
Nc1ccc(C2CN=C3c4ccccc4NC(=O)N3C2)cc1,CHEMBL3931320,0.4878892733564013,1
Cc1cc(C2CN=C3c4ccccc4NC(=O)N3C2)ccc1N,CHEMBL3984171,0.4878892733564013,1
Cc1cc(N)ccc1C1CN=C2c3ccccc3NC(=O)N2C1,CHEMBL3945952,0.4878892733564013,1
Nc1cccc(C2CN=C3c4ccccc4NC(=O)N3C2)c1,CHEMBL3925947,0.4878892733564013,1
CN(C(=O)N1CC(c2cc(F)ccc2F)=C[C@@]1(CO)c1ccccc1)C1CCNCC1,CHEMBL518148,0.48787110789283084,1
Nc1ccc(-c2cccs2)cc1NC(=O)c1ccc(CNC(=O)N2CCOCC2)cc1,CHEMBL1957464,0.4878036095074633,1
CN(C)CCN(C)C(=O)c1ccc2c(c1)CC(C(=O)Nc1ccc(-c3cn[nH]c3)cc1)CO2,CHEMBL481509,0.48780022874571083,1
COc1ccc2[nH]c(=O)c(-c3nc4c([nH]3)CN(C(=O)CN3CCCCC3)CC4)cc2c1,CHEMBL2016921,0.4877713762448014,1
CC(C)(O)Cn1/c(=N/C(=O)c2ccc(-c3cn[nH]c3)s2)[nH]c2cc(CN3CCCCC3CO)ccc21,CHEMBL493008,0.48774726896958975,1
O=C(NCCN1CCOCC1)c1ccc2[nH]c(=O)c3c(c2c1)CCSC3,CHEMBL2237233,0.4877341993504873,1
Cc1c(C(=O)NCCN2CCOCC2)sc2c1[nH]c(=O)c1ccccc12,CHEMBL3291335,0.4877275900961385,1
CN1CCN(CCC(=O)Nc2cc(Cc3n[nH]c(=O)c4c3CCCC4)ccc2F)CC1,CHEMBL3932307,0.48770415738678524,1
COc1ccc(F)cc1-c1c(C#N)cnc2[nH]c(C3=CC4CN(CC(=O)N(C)C)CC4C3)cc12,CHEMBL3668543,0.4877012234385059,1
COc1ccc2[nH]c(=O)c3sccc3c2c1-c1ccc(CCN)cc1,CHEMBL3667216,0.48763862591290213,1
Oc1nc2cc(C#CCN3CCC(O)(Cc4ccc(F)cc4)CC3)ccc2[nH]1,CHEMBL19576,0.48761953993279905,1
Oc1nc2cc(C#CCN3CCC(O)(Cc4ccccc4)CC3)ccc2[nH]1,CHEMBL326742,0.48761953993279905,1
OCCn1ccc2ccc(CN3CCCC(Nc4ccc5[nH]ncc5c4)C3)cc21,CHEMBL3689441,0.48756856878250304,1
OCCn1ccc2ccc(CN3CCC[C@H](Nc4ccc5[nH]ncc5c4)C3)cc21,CHEMBL3689448,0.48756856878250304,1
OCCN1CCc2ccc(CN3CCCC(Nc4ccc5[nH]ncc5c4)C3)cc21,CHEMBL3689443,0.48756856878250304,1
OCCn1ccc2cc(CN3CCCC(Nc4ccc5[nH]ncc5c4)C3)ccc21,CHEMBL3689452,0.48756856878250304,1
OCCn1ccc2ccc(CN3CCC[C@@H](Nc4ccc5[nH]ncc5c4)C3)cc21,CHEMBL3689447,0.48756856878250304,1
Cc1cccc(Nc2ccc(-c3ccc(N4CCNCC4)nc3)cc2)n1,CHEMBL1770752,0.4875648595455356,1
O=C(NCCN1CCCC1)c1ccc2c(c1)[nH]c(=O)c1cccn12,CHEMBL558156,0.48755936403055966,1
CC(C)(CO)NC(=O)c1ccc(NC(=O)N2Cc3ccccc3C2)cc1,CHEMBL3955212,0.4875512326420747,1
CC(C)Nc1ncc2c(n1)CN(C(=O)N[C@@H]1CN(C)C[C@H]1c1ccc(C(F)(F)F)c(F)c1)CC2,CHEMBL3909547,0.48753387533875325,1
O=C(NCCNCCO)c1cc2c3ccccc3[nH]c2c2cc(Br)ccc12,CHEMBL1910265,0.4875300283904782,1
CC(C)(C)NCC(O)COc1ccc(-c2ncc(-c3cccnc3)[nH]2)cc1,CHEMBL3250243,0.48747891527183035,1
COc1ccc(F)cc1-c1ccnc2[nH]c(C3CCN(C(=O)CN4CCC(O)CC4)CC3)cc12,CHEMBL3668419,0.48747859093644375,1
C[C@H]1CN2CCC[C@H]2CN1C(=O)N1Cc2c(NC(=O)c3cccc(OC(F)(F)F)c3)n[nH]c2C1(C)C,CHEMBL3662759,0.48745519713261637,1
C[C@H]1CN2CCC[C@H]2CN1C(=O)N1Cc2c(NC(=O)c3ccc(OC(F)(F)F)cc3)n[nH]c2C1(C)C,CHEMBL3662755,0.48745519713261637,1
COc1cc(C(=O)Nc2n[nH]c3c2CN(C(=O)N2C[C@@H]4CCCN4C[C@@H]2C)C3(C)C)ccc1Cl,CHEMBL3662762,0.48745519713261637,1
COc1ccc(C(=O)Nc2n[nH]c3c2CN(C(=O)N2C[C@@H]4CCCN4C[C@@H]2C)C3(C)C)cc1,CHEMBL3662754,0.48745519713261637,1
COc1cccc(C(=O)Nc2n[nH]c3c2CN(C(=O)N2C[C@@H]4CCCN4C[C@@H]2C)C3(C)C)c1,CHEMBL3662753,0.48745519713261637,1
COC1CCC2(CC1)Cc1ccc(C#CC3(O)CCCC3)cc1C21N=C(N)N(C)C1=O,CHEMBL3926119,0.487402217209771,1
CC(C)(C)NCc1c(-c2ccccc2)nc2cc(/C=C/C(=O)NO)ccn12,CHEMBL260959,0.48738390729021097,1
CC(C)(C)NCc1c(-c2ccccc2)nc2ccc(/C=C/C(=O)NO)cn12,CHEMBL3689823,0.48738390729021097,1
CC(C)(C)NCc1c(-c2ccc(F)cc2)nc2cc(/C=C/C(=O)NO)ccn12,CHEMBL3689822,0.48738390729021097,1
CC(C)(O)Cn1/c(=N/C(=O)c2ccc(-c3cn[nH]c3)s2)[nH]c2cc(CN3CCC(O)C3)ccc21,CHEMBL494743,0.4873539298863458,1
CN1CCN(c2ccc(C(=O)Nc3n[nH]c4c3CN(C(=O)c3ccccc3)C4)cc2)CC1,CHEMBL2346699,0.48735283832614507,1
Nc1ccccc1NC(=O)c1ccc(CNC2=N[C@H](c3ccccc3)CO2)cc1,CHEMBL3605495,0.4873481781376517,1
Nc1ccccc1NC(=O)c1ccc(CNC2=NC[C@@H](c3ccccc3)O2)cc1,CHEMBL3605502,0.4873481781376517,1
Nc1ccccc1NC(=O)c1ccc(CNC2=NC(c3ccc(F)cc3)CO2)cc1,CHEMBL3605496,0.4873481781376517,1
Nc1ccccc1NC(=O)c1ccc(CNC2=N[C@@H](c3ccccc3)CO2)cc1,CHEMBL3605494,0.4873481781376517,1
Nc1ccccc1NC(=O)c1ccc(CNC2=NC[C@H](c3ccccc3)O2)cc1,CHEMBL3605503,0.4873481781376517,1
Nc1ccccc1NC(=O)c1ccc(CNC2=NC(c3cccc(F)c3)CO2)cc1,CHEMBL3605497,0.4873481781376517,1
Nc1ccc(-c2ccc3cccc(-c4cc5c([nH]4)CCNC5=O)c3n2)c(F)n1,CHEMBL3983324,0.48733988680369356,1
CNC(=O)c1cncc(-c2c[nH]c3ccc(-c4nnc(NC(C)C)o4)cc23)c1,CHEMBL3983984,0.48733119866351104,1
Cn1c2c(c3cc(S(=O)(=O)c4cccc5cc[nH]c45)ccc31)C1CCC(C2)N1,CHEMBL3664777,0.487317260388681,1
Cn1c2c(c3cc(S(=O)(=O)c4c[nH]c5ccccc45)ccc31)C1CCC(C2)N1,CHEMBL1950774,0.487317260388681,1
CC1(C)CNCCN1c1cnc2cccc(-c3cc4c([nH]3)CCNC4=O)c2n1,CHEMBL3977800,0.4872613347520245,1
CSc1nn(-c2ccccc2)c2cc(N3CCN(C4CCNCC4)C3=O)ccc12,CHEMBL3666087,0.4872613104122703,1
CCc1nn(-c2ccccc2)c2cc(N3CCN(C4CCNCC4)C3=O)ccc12,CHEMBL3666102,0.4872613104122703,1
CCc1nn(-c2ccccc2)c2cc(N3CCN(C4CCNC4)C3=O)ccc12,CHEMBL3666101,0.4872613104122703,1
Cc1nn(-c2ccccc2)c2cc(N3CCN(C4CCNCC4)C3=O)ccc12,CHEMBL3666114,0.4872613104122703,1
CSc1nn(-c2ccccc2)c2cc(N3CCN(C4CCNC4)C3=O)ccc12,CHEMBL3666086,0.4872613104122703,1
CC1(C)CNC(=O)c2cc3ccc(C(=O)Nc4cccnc4)cc3n2C1,CHEMBL1938768,0.4872468475353457,1
O=C(NCCN1CCOCC1)c1cccc(-c2ccc3c(NC(=O)C4CC4)n[nH]c3c2)c1,CHEMBL2048732,0.4872296272647455,1
CN1CC[C@](C)(c2cc(NC(=O)c3ccc(F)cn3)ccc2F)NC1=N,CHEMBL4202431,0.48717417215111153,1
CC(=O)Nc1ccc(CN2C(=O)NC(Cc3ccc4[nH]cc(CCN)c4c3)C2=O)cc1,CHEMBL119427,0.487168334058286,1
O=C(N[C@H]1C[C@@H](c2cccc(F)c2F)CN(CC2CCC2)C1=O)c1cnc2c(c1)C[C@@]1(C2)C(=O)Nc2ncccc21,CHEMBL3968568,0.48715660653961373,1
Cc1noc(C)c1-c1ccc2c(c1)C(C1CCCC1)(N1CCNCC1)C(=O)N2,CHEMBL3943949,0.48709912849353865,1
Cc1noc(C)c1-c1ccc2c(c1)C(C1CCCCC1)(N1CCNCC1)C(=O)N2,CHEMBL3898472,0.48709912849353865,1
O=S(=O)(Nc1ccc(C2(O)CSC(=S)N2Cc2cccnc2)cc1)c1c[nH]c2ncccc12,CHEMBL4169977,0.48706654447630626,1
Cc1cc(-c2n[nH]c3cc(NC(=O)NCC4CCN(Cc5ccccc5)C4)ncc23)ccn1,CHEMBL3658774,0.48706223915804747,1
N=C(N)c1ccc2cc(C(=O)Nc3ccc4c(c3)CCNC4)ccc2c1,CHEMBL111567,0.48704600484261484,1
CCC1CNCc2ccc(NC(=O)c3ccc4cc(C(=N)N)ccc4c3)cc21,CHEMBL108447,0.48704600484261484,1
O=c1c2cn[nH]c2c2ccc(-c3ccc(N4CCNCC4)cc3)cc2n1CC(F)(F)F,CHEMBL3930227,0.4870269252494821,1
O=C(CCN1CCCCC1)Nc1cccc(-c2n[nH]c3ccc(-c4nc[nH]n4)cc23)c1,CHEMBL3920633,0.4869912097998378,1
C[C@H]1CN(C)C(C)(C)CN1C(=O)N1Cc2c(NC(=O)c3ccc(F)cc3F)n[nH]c2C1(C)C,CHEMBL3662824,0.48696580319389104,1
O=C(Nc1ccccc1N1CCNCC1)c1csc(-c2cc[nH]c2)n1,CHEMBL2037099,0.48694178628389134,1
CN1CCN(CCC(=O)Nc2n[nH]c3ncc(-c4ccc(O)cc4)cc23)CC1,CHEMBL4212850,0.4869412681912683,1
CC(C)NC(=O)[C@H](Cc1ccc(CN)cc1)NS(=O)(=O)c1ccc2ccccc2c1,CHEMBL165195,0.48692499433491937,1
CC(C)Nc1nnc(-c2ccc3[nH]cc(-c4cccc(C(=O)NC5CC5)n4)c3c2)o1,CHEMBL3899690,0.4868985231062413,1
CCc1cc(O)ccc1-c1ccc2c(-c3nc4c([nH]3)CN(C)CC4)n[nH]c2c1,CHEMBL4066236,0.4868000851607407,1
O=CN1CCN(Cc2ccc3c(c2)-c2[nH]nc(-c4ccsc4)c2C3)CC1,CHEMBL211089,0.4867864693446086,1
CCCNC(=O)c1ccc(NC(=O)N2Cc3ccc(NC(=O)C(C)(C)O)cc3C2)cc1,CHEMBL3907234,0.48677884615384565,1
CNC1CCN(C(=O)c2cc(Cc3c[nH]c(=O)c4cc(Cl)c(Cl)n34)ccc2F)CC1,CHEMBL603407,0.48676792083764797,1
NC1CCN(C(=O)c2cc(Cc3c[nH]c(=O)c4cc(Cl)c(Cl)n34)ccc2F)CC1,CHEMBL604547,0.48676792083764797,1
NS(=O)(=O)c1ccc(-c2ccc3c(-c4ccc(N5CCNCC5)cc4)n[nH]c3n2)cc1,CHEMBL1910900,0.4867560076577995,1
CN1CCN(S(=O)(=O)c2ccc3[nH]c(-c4cc5ccccc5nc4O)cc3c2)CC1,CHEMBL117983,0.48671307732614705,1
CNC(=O)Nc1ccc2c(c1)CCC21NC(=O)N(CC(=O)N(Cc2ccccc2)[C@@H](C)C2CC2)C1=O,CHEMBL4173894,0.4866927912482651,1
CNC(=O)Nc1ccc2c(c1)CC[C@]21NC(=O)N(CC(=O)N(Cc2ccccc2)[C@@H](C)C2CC2)C1=O,CHEMBL4163183,0.4866927912482651,1
NCCCCCN1Cc2[nH]c3ccccc3c2C[C@@H](NC(=O)Cc2ccccc2)C1=O,CHEMBL388069,0.48668069599137687,1
C[C@H](NC(=O)C1COCCN1)c1ccc(CN2Cc3ccc(OCC4CC4)cc3C(F)C2)cc1,CHEMBL3942052,0.4866785873938305,1
O=C(Nc1ccc(-c2noc(CN3CCC(O)CC3)n2)cc1)N1Cc2ccccc2C1,CHEMBL3902530,0.4866412213740457,1
CCCNC(=O)c1ccc(NC(=O)N2Cc3ccc(-c4cn[nH]c4)cc3C2)cc1,CHEMBL3949604,0.4866144394972661,1
CC1(C)c2[nH]nc(NC(=O)c3ccc(F)cc3)c2CN1C(=O)C1CCN(C2CC2)CC1,CHEMBL605327,0.4866103333753728,1
CCc1cc(O)ccc1-c1ccc2c(-c3nc4c([nH]3)CN(C(C)=O)CC4)n[nH]c2c1,CHEMBL4093813,0.4865835859436396,1
CC(C)(O)[C@@H]1Cc2cc([C@@H]3CCc4ccc(O)cc4O3)ccc2O1,CHEMBL3978538,0.4865440848490858,1
CC(C)(O)[C@H]1Cc2cc([C@@H]3CCc4ccc(O)cc4O3)ccc2O1,CHEMBL3940674,0.4865440848490858,1
CN(C)CCOc1ccc([C@H]2CNC(=O)N2c2ccc3[nH]cnc3c2)cc1,CHEMBL4110225,0.48653214906352577,1
Cc1cc(-c2n[nH]c3cc(NC(=O)N[C@@H]4[C@@H](c5ccccc5)CN(C)[C@@H]4C)ncc23)ccn1,CHEMBL3663023,0.48652245120786136,1
Cc1cc(-c2n[nH]c3cc(NC(=O)N[C@@H]4CN(C)C[C@H]4c4ccccc4F)ncc23)ccn1,CHEMBL3654812,0.48652245120786136,1
Cc1cc(-c2n[nH]c3cc(NC(=O)N[C@H]4CN(C)C[C@@H]4c4ccc(F)cc4)ncc23)ccn1,CHEMBL3654838,0.48652245120786136,1
Cc1cc(-c2n[nH]c3cc(NC(=O)N[C@@H]4CN(C)C[C@@H]4c4ccccc4C)ncc23)ccn1,CHEMBL3654843,0.48652245120786136,1
Cc1cc(-c2n[nH]c3cc(NC(=O)N[C@H]4CN(C)C[C@@H]4c4ccccc4C)ncc23)ccn1,CHEMBL3654834,0.48652245120786136,1
Cc1cc(-c2n[nH]c3cc(NC(=O)N[C@@H]4CN(C)C[C@H]4c4ccccc4)ncc23)ccn1,CHEMBL3654809,0.48652245120786136,1
Cc1cc(-c2n[nH]c3cc(NC(=O)N[C@H]4CN(C)C[C@@H]4c4ccccc4)ncc23)ccn1,CHEMBL3654810,0.48652245120786136,1
Cc1cc(-c2n[nH]c3cc(NC(=O)N[C@@H]4CN(C)C[C@H]4c4ccccc4C)ncc23)ccn1,CHEMBL3654842,0.48652245120786136,1
Cc1cc(-c2n[nH]c3cc(NC(=O)N[C@H]4CN(C)C[C@@H]4c4ccccc4F)ncc23)ccn1,CHEMBL3654811,0.48652245120786136,1
Cn1nccc1-c1cc(NC(=O)Nc2ccc(Cl)cc2)ccc1OCCN1CCNCC1,CHEMBL567245,0.4864856157984604,1
COc1ccc(-c2[nH]nc3c2C(=O)c2c(NC(=O)CN4CCSCC4)cccc2-3)cc1,CHEMBL151551,0.48642657499919667,1
O=C(CN1CCN(Cc2ccccc2)CC1)NC(Cc1c[nH]c2ccccc12)C(=O)NCCc1ccccc1,CHEMBL293820,0.48642483996762553,1
N=C(N)c1cccc(N2CC(O)CN(CC3CCN(Cc4ccccc4)CC3)C2=O)c1,CHEMBL3781784,0.4864142154748554,1
O=C1Nc2cc(C(=O)NCCN3CCOCC3)ccc2S/C1=C\c1ccccc1F,CHEMBL2170917,0.4864099660249148,1
Cc1ccc(/C=C2/Sc3ccc(C(=O)NCCN4CCOCC4)cc3NC2=O)cc1,CHEMBL1540281,0.4864099660249148,1
Cc1cc(N2CCN(C)CC2)nc2ccc(NC(=O)Nc3ccccc3)cc12,CHEMBL1597836,0.48640223583790154,1
CN1CCN(c2ccc(-c3c(-c4ccc(N)nc4)cnc4[nH]ccc34)cc2)CC1,CHEMBL4288604,0.4863941106875246,1
O=c1cc(OCc2ccccc2)ccn1-c1ccc2c(c1)CCN2C1CNC1,CHEMBL1830049,0.48636536591552865,1
O=C(Nc1ccc2[nH]cc(C3CCN(CCO)CC3)c2c1)c1ccc(F)cc1,CHEMBL483498,0.4863509431811703,1
CN1CCC(NC(=O)c2csc(NC(=O)c3ccc4cc5n(c4c3)C3(CCC3)CNC5=O)n2)CC1,CHEMBL258045,0.48633772360920013,1
N#Cc1cccc(-c2ccc3c(c2)[C@H]2[C@H](CCN2C(=O)c2ccncc2)[C@H](CO)N3)c1,CHEMBL3561419,0.486329352608422,1
NC(=O)c1c(NC(=O)c2ccc(CN3CCOCC3)cc2)sc2c1CCCC2CCO,CHEMBL4104785,0.4863216942400711,1
CNC(=O)c1cccc(-c2c[nH]c3ccc(-c4nnc(NC(C)C)o4)cc23)n1,CHEMBL3910718,0.4862896763178982,1
CCN(CC)CCNC(=O)c1c(C)[nH]c2c1CCC/C2=C1/C(=O)Nc2cccc(F)c21,CHEMBL2430256,0.48628592898741324,1
CCN(CC)CCNC(=O)c1c(C)[nH]c2c1CCC/C2=C1/C(=O)Nc2ccc(F)cc21,CHEMBL2180602,0.48628592898741324,1
Cc1[nH]c2c(c1C(=O)NCCN(C)C)CCC/C2=C1/C(=O)Nc2ccc(F)cc21,CHEMBL2430261,0.48628592898741324,1
CCN(CC)CCNC(=O)c1c(C)[nH]c2c1CCC/C2=C1/C(=O)Nc2ccccc21,CHEMBL2430263,0.48628592898741324,1
CCN(CC)CCNC(=O)c1c(C)[nH]c2c1CCC/C2=C1/C(=O)Nc2ccc(C)cc21,CHEMBL2430266,0.48628592898741324,1
CCN(CC)CCNC(=O)c1c(C)[nH]c2c1CCC/C2=C1/C(=O)Nc2c(F)cccc21,CHEMBL2430257,0.48628592898741324,1
COc1cccc(CNC(=O)c2cc3ccc(-c4cn[nH]c4)cc3n2CCN(C)C)c1,CHEMBL1922028,0.48623385452073403,1
NCc1csc(NC(=O)c2cc3ccccc3n2Cc2ccccc2)n1,CHEMBL1917677,0.4862268405058327,1
O=C1[C@@H](NS(=O)(=O)c2ccc3cc(Cl)ccc3c2)CCN1c1ccc2c(c1F)CCNC2,CHEMBL1615104,0.4862212155530388,1
O=C1[C@@H](NS(=O)(=O)c2ccc3cc(Cl)ccc3c2)CCN1c1ccc2c(c1)CCNC2,CHEMBL1689015,0.4862212155530388,1
O=C1[C@@H](NS(=O)(=O)c2ccc3cc(Cl)ccc3c2)CCN1c1ccc2c(c1)CCCNC2,CHEMBL1689027,0.4862212155530388,1
O=C1[C@@H](NS(=O)(=O)c2ccc3cc(Cl)ccc3c2)CCN1c1cc2c(cc1F)CNCC2,CHEMBL1689021,0.4862212155530388,1
O=C1[C@@H](NS(=O)(=O)c2ccc3cc(Cl)ccc3c2)CCN1c1ccc2c(c1)CNCC2,CHEMBL1689019,0.4862212155530388,1
O=C1[C@@H](NS(=O)(=O)c2ccc3cc(Cl)ccc3c2)CCN1c1ccc2c(c1F)CCCNC2,CHEMBL1689030,0.4862212155530388,1
O=C(Nc1nc2ccccc2n1CCN1CCCC1)c1cc2ccccc2[nH]1,CHEMBL3394005,0.486220727131582,1
CC(C)(N)CC(=O)N[C@@H]1CCc2ccccc2N(Cc2ccc(-c3ccccc3C(=O)NCCCO)cc2)C1=O,CHEMBL70841,0.4862147374404888,1
O=C1NCc2ccc(OC[C@@H]3CNCC[C@H]3c3ccc(F)cc3)cc21,CHEMBL3894846,0.48621282557473067,1
CN1CCN(CCNC(=O)c2cc3c4ccccc4n(C)c3c3cccnc23)CC1,CHEMBL2413719,0.4862110530737479,1
CC1(C)C=C(CSc2nc3c(C(N)=O)cccc3[nH]2)C(C)(C)N1,CHEMBL511273,0.4861483007209059,1
Cc1c(-c2ccnc(N)n2)sc2ccc(C(N)C(C)C)cc12,CHEMBL1085935,0.48614731151655544,1
COc1cccc(-c2cc(C(N)=O)c3[nH]c4cc(C(=O)NCCN(C)C)ccc4c3c2)c1,CHEMBL3646823,0.4861262571186235,1
NC1CCN(C(=O)C2CCN(c3n[nH]c4cnc(-c5cccnc5)cc34)C2=O)CC1,CHEMBL3911463,0.4861170439982917,1
NCCCc1cc2cc[nH]c(=O)c2c2cc(-c3cn[nH]c3)ccc12,CHEMBL249224,0.486111111111111,1
C=Cc1c[nH]c(=O)c2c1cc(CCCN)c1ccc(-c3cn[nH]c3)cc12,CHEMBL401156,0.486111111111111,1
NCCCc1cc2c(Br)c[nH]c(=O)c2c2cc(-c3cn[nH]c3)ccc12,CHEMBL249044,0.486111111111111,1
O=C(Nc1ccc(C2CCNC2)cc1)c1ccc2ccccc2n1,CHEMBL3955400,0.4861084979617431,1
O=C1NC2(CCc3ccccc32)C(=O)N1CCCCN1CCN(c2cccc(Cl)c2)CC1,CHEMBL3589978,0.4861062434286287,1
O=C1NC2(CCc3ccccc32)C(=O)N1CCCCN1CCN(c2ccccc2)CC1,CHEMBL3589976,0.4861062434286287,1
O=C1NC2(CCCc3ccccc32)C(=O)N1CCCCN1CCN(c2ccccc2)CC1,CHEMBL3590088,0.4861062434286287,1
CC(C)(C)c1ccc(NC(=O)c2cc(-c3ccc(NC(=N)N)cc3)[nH]n2)cc1,CHEMBL3596562,0.48606091894682496,1
O=C(c1ccc2[nH]nc(-c3ccc(F)cc3)c2c1)N1CCNCC1,CHEMBL3900183,0.48605123002789735,1
COc1ccc2[nH]c(=O)c(-c3nc4c([nH]3)CN(C(=O)CN3CCN(C)CC3)CC4)cc2c1,CHEMBL2016916,0.4860225753288352,1
CN1CC2CN(Cc3ccc4cc5c(cc4n3)CC3(C5)C(=O)Nc4ncccc43)CC2C1,CHEMBL3656897,0.48601549053356286,1
COc1ccc2cc3cc(C(=O)Nc4ccccc4N4CCN(C)CC4)oc3nc2c1,CHEMBL1468779,0.4859517571596345,1
CC(C)[C@@H](CN1CC[C@@](C)(c2cccc(O)c2)[C@@H](C)C1)NC(=O)[C@H]1Cc2ccc(O)cc2C[S]1[O],CHEMBL1083372,0.48594842130633864,1
O=C1Nc2ccccc2C2=NC(CNC3CCN(Cc4ccccc4)CC3)CN12,CHEMBL305286,0.4859444220700763,1
CC(C)(CO)c1cc(NC(=O)c2ccc3cc4n(c3c2)CCCNC4=O)on1,CHEMBL3937261,0.48593702231733416,1
O=C1NCCc2[nH]c(-c3cccc4cnc(C5(c6ccccc6)CC5)nc34)cc21,CHEMBL3945081,0.4859138747185072,1
O=C(NCCN1CCCCC1)c1ccc2[nH]c(=O)c3c(c2c1)CCSC3,CHEMBL2237234,0.4858785165533632,1
COc1cccc(-c2[nH]c(C(=O)NCCCN3CCOCC3)cc3c4ccccc4nc2-3)c1,CHEMBL1455914,0.4858770018728737,1
COc1cc(C(=O)N[C@H](CNC2CC2)c2c(F)cccc2F)ccc1-c1cn[nH]c1,CHEMBL4110459,0.4858522782710505,1
C[C@H]1C(=O)NN=C2COc3cc(-c4ccccc4)c(NC4CNC4)cc3N21,CHEMBL3356473,0.4858197636150301,1
C[C@@H]1C(=O)NN=C2COc3cc(-c4ccccc4)c(NC4CNC4)cc3N21,CHEMBL3356472,0.4858197636150301,1
CNS(=O)(=O)c1ccc2c(c1)/C(=C/c1[nH]c3c(c1CCCN1CCC(O)CC1)CCCC3)C(=O)N2,CHEMBL55496,0.48579335793357925,1
CC(C)(C)NC(=O)N1CCn2c(c(C(N)=O)c(-c3cccc(-n4cccn4)c3)c2C2CC2)C1,CHEMBL3891211,0.4857243941270124,1
CC(C)(C)NC(=O)N1CCn2c(c(C(N)=O)c(-c3ccc(-n4cccn4)cc3)c2C2CC2)C1,CHEMBL3976253,0.4857243941270124,1
Nc1ccccc1NC(=O)c1ccc(CNC2=NC(=O)C(Cc3ccccc3)N2)cc1,CHEMBL2407735,0.4857176862651747,1
Cc1[nH]c(/C=C2\C(=O)Nc3ccc(F)cc32)c(C)c1NC(=O)C1CCCNC1,CHEMBL4115952,0.48571287324500667,1
Cc1[nH]c(/C=C2\C(=O)Nc3ccc(F)cc32)c(C)c1NC(=O)C1CCNCC1,CHEMBL4116141,0.48571287324500667,1
Nc1nc(-c2cccc(NC(=O)c3ccc[nH]3)c2)cn1Cc1ccccc1,CHEMBL3621323,0.4856936354746821,1
Cc1cc(-c2n[nH]c3ccc(C(=O)N[C@@H]4CCCN(Cc5ccncn5)C4)cc23)ccn1,CHEMBL3654517,0.48568840579710126,1
NC(=O)c1nn(-c2ccc(F)cc2)c2c1CCc1ccc(NC(=O)CNC3CCC3)cc1-2,CHEMBL3909250,0.48568739452161497,1
O=C([C@@H]1C=C2c3cccc4[nH]cc(c34)C[C@H]2N(C(=O)NCc2ccco2)C1)N1CCCC1,CHEMBL1809034,0.4856465630761125,1
C[C@@H]1C(=O)NN=C2COc3cc(C(F)(F)F)c(NC4(C)CNC4)cc3N21,CHEMBL3355112,0.48562905772942644,1
C[C@@H]1C(=O)NN=C2COc3cc(C(F)(F)F)c(NC4CNC4)cc3N21,CHEMBL3356474,0.48562905772942644,1
CC1C(=O)NN=C2COc3cc(F)c(NC4CNC4)cc3N21,CHEMBL3356465,0.48562905772942644,1
C[C@H]1C(=O)NN=C2COc3cc(C(F)(F)F)c(NC4CNC4)cc3N21,CHEMBL3356475,0.48562905772942644,1
O=C1CN2C(=NN1)COc1ccc(NC3CNC3)cc12,CHEMBL3356085,0.48562905772942644,1
O=C1CN2C(=NN1)COc1ccc(NC3CCNC3)cc12,CHEMBL3356447,0.48562905772942644,1
CCC1C(=O)NN=C2COc3ccc(NC4CNC4)cc3N21,CHEMBL3352857,0.48562905772942644,1
CC1C(=O)NN=C2COc3ccc(NC4CNC4)cc3N21,CHEMBL3356461,0.48562905772942644,1
Cc1cc2c(cc1NC1CNC1)N1C(=NNC(=O)[C@H]1C)CO2,CHEMBL3356470,0.48562905772942644,1
Cc1cc2c(cc1NC1CNC1)N1C(=NNC(=O)C1C)CO2,CHEMBL3356464,0.48562905772942644,1
O=C1CN2C(=NN1)COc1ccc(NC3CCCNCC3)cc12,CHEMBL3356450,0.48562905772942644,1
Cc1cc2c(cc1NC1CNC1)N1C(=NNC(=O)[C@@H]1C)CO2,CHEMBL3356471,0.48562905772942644,1
O=C1CN2C(=NN1)COc1ccc(NC3CCCNC3)cc12,CHEMBL3356448,0.48562905772942644,1
CC1C(=O)NN=C2COc3cc(C(F)(F)F)c(NC4CNC4)cc3N21,CHEMBL3356467,0.48562905772942644,1
O=C1CN2C(=NN1)COc1ccc(NC3CCNCC3)cc12,CHEMBL3356449,0.48562905772942644,1
CCNC(=O)c1noc(-c2cc(CC)c(OC)cc2O)c1-c1ccc(CN2CCOCC2)cc1,CHEMBL438695,0.48559820068199955,1
CC[C@@H](C)[C@@H]1C(=O)N[C@H](C2Cc3ccccc3C2)C(=O)N1[C@@H](C(=O)NC(C)C)c1ccc(N2CCOCC2)cc1,CHEMBL427227,0.485581727337616,1
O=C(Cc1ccc(F)cc1)N/N=C1\C(=O)Nc2ccc(C(=O)N3CCC(NC4CC4)CC3)c(Cl)c21,CHEMBL1822547,0.485577294872786,1
CC(C(=O)N/N=C1\C(=O)Nc2ccc(C(=O)N3CCC(NC4CC4)CC3)c(Cl)c21)c1ccc(F)cc1,CHEMBL1822554,0.485577294872786,1
NC(N)=N/N=C1\c2ccc(Cl)cc2CC1Sc1nc2ccccc2[nH]1,CHEMBL557259,0.485571357698032,1
NC(N)=N/N=C1\c2ccccc2CC1Sc1nc2ccccc2[nH]1,CHEMBL3215581,0.485571357698032,1
NC(N)=N/N=C1\c2cc(Cl)ccc2CC1Sc1nc2ccccc2[nH]1,CHEMBL550266,0.485571357698032,1
NC(N)=N/N=C1\c2cc(Cl)cc(Cl)c2CC1Sc1nc2ccccc2[nH]1,CHEMBL559690,0.485571357698032,1
NCC(=O)c1ccc2[nH]c3c(c2c1)CC(=O)Nc1ccccc1-3,CHEMBL120941,0.48556814029959794,1
CN1CCN(CCNC(=O)c2ccc(NC(=O)N3Cc4ccc(F)cc4C3)cc2)CC1,CHEMBL3950529,0.48551724137931,1
CCN(CC)CCNC(=O)c1c(C)[nH]c(/C=C2\C(=O)Nc3ccc(-c4cnccn4)cc32)c1C,CHEMBL3731622,0.485485030846675,1
O=C(NCC1CCCN1)c1ccc2c(c1)N(Cc1cccc(Cl)c1)C(=O)c1ccccc1S2(=O)=O,CHEMBL1796117,0.4854455094071708,1
CC(C)(CNC(=O)c1ccc2c(Cl)c[nH]c2c1)NC(=O)c1ccc(-n2ccccc2=O)cc1,CHEMBL231751,0.4854382396449701,1
O=C(NCc1cccnc1)Nc1ccc(CNC(=O)c2ccc(CN3CCNCC3)cc2)cc1,CHEMBL4209227,0.48542658222869034,1
CC(C)NC(=O)Nc1ccc(-c2nc3c([nH]2)CCNC3)cc1,CHEMBL3475881,0.4854247104247101,1
O=C(Nc1n[nH]c2cc(C3CNCCO3)ccc12)c1ccc(F)cc1,CHEMBL3966198,0.485377759863854,1
CN1CCN(c2ccc(-c3cc(NC=O)c4ncc(-c5ccccc5)n4c3)cc2)CC1,CHEMBL1882592,0.4853727850217317,1
CNC(=O)c1cc(Oc2ccc(NC(=O)Nc3ccc(CN4CCN(C)CC4)cc3)cc2)ccn1,CHEMBL1213975,0.4853576933197998,1
COc1cc(-c2cn[nH]c2)ccc1C(=O)Nc1ccc2c(c1)CCNCC2,CHEMBL3355059,0.4853458918202183,1
CCNCc1cncc(-c2ccc3[nH]nc(-c4nc5cnccc5[nH]4)c3c2)c1C,CHEMBL1808585,0.48529277009071714,1
CCNC(=O)c1ccc(C(=C2CC3CCC(C2)N3)c2ccc(O)cc2)cc1,CHEMBL63912,0.48528412358199574,1
COc1cc(-c2cc(-c3ccc(N4CCNCC4)cc3)cnc2N)ccc1C,CHEMBL3341953,0.4852800333125127,1
COc1cccc(-c2cc(-c3ccc(N4CCNCC4)cc3)cnc2N)c1,CHEMBL3341948,0.4852800333125127,1
COc1ccc(-c2cc(-c3ccc(N4CCNCC4)cc3)cnc2N)cc1,CHEMBL3341950,0.4852800333125127,1
CN(C)C(=O)c1ccc(-c2c[nH]c([C@H](Cc3ccccc3)NC(=O)[C@H]3CC[C@H](CN)CC3)n2)cc1,CHEMBL3547636,0.4852727909186377,1
NC(=O)Cn1ccc2ccc(CN3CCCC(Nc4ccc5[nH]ncc5c4)C3)cc21,CHEMBL3689439,0.48523829607760416,1
NC(=O)Cn1ccc2ccc(CN3CCC[C@@H](Nc4ccc5[nH]ncc5c4)C3)cc21,CHEMBL3689445,0.48523829607760416,1
NC(=O)Cn1ccc2cc(CN3CCCC(Nc4ccc5[nH]ncc5c4)C3)ccc21,CHEMBL3689444,0.48523829607760416,1
NC(=O)Cn1ccc2ccc(CN3CCC[C@H](Nc4ccc5[nH]ncc5c4)C3)cc21,CHEMBL3689446,0.48523829607760416,1
NC(=O)N[C@H]1CCc2ccc(-c3ncnc4[nH]ccc34)cc21,CHEMBL4286645,0.4852293210494692,1
N#Cc1ccc2c3c([nH]c2c1)C1(CCOCC1)c1cc(OC2CCNCC2)ccc1C3=O,CHEMBL3901152,0.4852247976333668,1
CN1CCC(C(=O)N2Cc3c(NC(=O)c4ccc(F)c(F)c4)n[nH]c3C2(C)C)CC1,CHEMBL603478,0.4852230483271371,1
CN1CCC(C(=O)N2Cc3c(NC(=O)c4ccc(F)cc4)n[nH]c3C2(C)C)CC1,CHEMBL599237,0.4852230483271371,1
CN1CCC(F)(C(=O)N2Cc3c(NC(=O)c4ccc(Cl)c(Cl)c4)n[nH]c3C2(C)C)CC1,CHEMBL3662872,0.4852230483271371,1
CCN1CCC(C(=O)N2Cc3c(NC(=O)c4ccc(F)cc4)n[nH]c3C2(C)C)CC1,CHEMBL603543,0.4852230483271371,1
CN1CCC(C(=O)N2Cc3c(NC(=O)c4cc(F)cc(F)c4)n[nH]c3C2(C)C)CC1,CHEMBL603887,0.4852230483271371,1
CN1CCC(C(=O)N2Cc3c(NC(=O)c4cccc(F)c4)n[nH]c3C2(C)C)CC1,CHEMBL599249,0.4852230483271371,1
CN1CCC(C(=O)N2Cc3c(NC(=O)c4ccccc4)n[nH]c3C2(C)C)CC1,CHEMBL606336,0.4852230483271371,1
CN1CCC(C(=O)N2Cc3c(NC(=O)c4cccs4)n[nH]c3C2(C)C)CC1,CHEMBL1744452,0.4852230483271371,1
CN1CCN(C(=O)N2Cc3c(NC(=O)c4ccc(F)cc4)n[nH]c3C2(C)C)CC1,CHEMBL597199,0.4852230483271371,1
CN1CCC(C(=O)N2Cc3c(NC(=O)c4ccc(C(F)(F)F)cc4)n[nH]c3C2(C)C)CC1,CHEMBL603249,0.4852230483271371,1
CN1CCC(C(=O)N2Cc3c(NC(=O)c4ccc(Cl)cc4)n[nH]c3C2(C)C)CC1,CHEMBL598221,0.4852230483271371,1
CN1CCC(C(=O)N2Cc3c(NC(=O)c4ccsc4)n[nH]c3C2(C)C)CC1,CHEMBL1744453,0.4852230483271371,1
CC(=O)N1CCC(N2CCC(c3ccc4c(c3)/C(=C/c3[nH]c(C)c(C(=O)N5CCN(C)CC5)c3C)C(=O)N4)CC2)CC1,CHEMBL3730883,0.48520057359267543,1
O=C(Nc1ccc(C(=O)N2CCN(C3CCCCC3)CC2)cc1)N1Cc2cccnc2C1,CHEMBL3986657,0.48517288756583443,1
Cn1c(C(=O)N2CCNCC2)cc2[nH]c(=O)c3ccccc3c21,CHEMBL3291311,0.48512243000309946,1
Cn1c(C(=O)N2CCCNCC2)cc2[nH]c(=O)c3ccccc3c21,CHEMBL3291318,0.48512243000309946,1
Cn1c(C(=O)N2CCCNCC2)c(Cl)c2[nH]c(=O)c3ccccc3c21,CHEMBL3291323,0.48512243000309946,1
Cn1c(C(=O)N2CCCNCC2)c(Br)c2[nH]c(=O)c3ccccc3c21,CHEMBL3291324,0.48512243000309946,1
O=C(Nc1ccc([C@H]2CNCCO2)cc1)c1ccnn1-c1ccccc1,CHEMBL3663708,0.4850864151644672,1
Cn1c2c(c3cc(S(=O)(=O)c4cccc5[nH]ccc45)ccc31)C1CCC(C2)N1,CHEMBL3664778,0.48507698242906705,1
Cc1ccc(-c2csc(NC(=O)c3cccc(S(=O)(=O)N4CCN(C)CC4)c3)n2)cc1,CHEMBL1575565,0.48506177840794,1
CN1CCN(S(=O)(=O)c2cccc(C(=O)Nc3nc(-c4ccccc4)cs3)c2)CC1,CHEMBL1301844,0.48506177840794,1
CNS(=O)(=O)c1ccc2c(c1)/C(=C/c1[nH]c3c(c1CN1CCOCC1)CCCC3)C(=O)N2,CHEMBL301143,0.48498661226571455,1
CN1Cc2c(C3=CC4CN(CC(=O)N5CC(O)C5)CC4C3)[nH]c3nccc(c23)-c2cc(F)ccc21,CHEMBL3933775,0.4849399464808017,1
CN1CCN(c2ccccc2NC(=O)c2csc(-c3ccc4c(c3)CCO4)n2)CC1,CHEMBL2037086,0.4849358252645798,1
NC(=O)C1CCN(C(=O)c2ccc3c(-c4nc5ccccc5[nH]4)n[nH]c3c2)CC1,CHEMBL3899276,0.48486830629687766,1
CC(C)N1CCN(C(=O)c2cc(Cc3n[nH]c(=O)c4c3CCCC4)ccc2F)CC1,CHEMBL3983709,0.48486012068019724,1
Cc1n[nH]c(C)c1-c1ccc(C)c2c(=O)cc(C(=O)Nc3ccc(N4CCOCC4)cc3)[nH]c12,CHEMBL601012,0.48483841181902126,1
Cc1[nH]c(/C=C2\C(=O)Nc3ccc(F)cc32)c(C)c1NC(=O)CCN1CCOCC1,CHEMBL3288856,0.4848170128585557,1
Cc1nc2c(s1)CN(c1nc(C(=O)Nc3ccccc3N3CCNCC3)cs1)C2,CHEMBL2381243,0.48480170166049186,1
Nc1ccc2c(-c3ccccc3)cc(CCN3CCNCC3)nc2n1,CHEMBL2263599,0.4847751257706999,1
O=CNc1cc(-c2ccc(C(=O)N3CCOCC3)cc2)cn2c(-c3ccc(F)cc3)cnc12,CHEMBL1868059,0.48477180298237654,1
O=C(Nc1cc2cc[nH]c(=O)c2cc1Cl)C1CNCC1c1ccccn1,CHEMBL1083800,0.48472055648836615,1
O=C(Nc1ccc(-c2n[nH]c(=O)c3cccn23)cc1)N1Cc2ccc(CN3CCCC3)cc2C1,CHEMBL3912166,0.48471162852937216,1
CC(C)CN1CCC(NC(=O)c2csc(NC(=O)c3ccc4cc5n(c4c3)C(C)CNC5=O)n2)CC1,CHEMBL255991,0.48470702789392284,1
CC1CNC(=O)c2cc3ccc(C(=O)Nc4nc(C(=O)NC5CCN(CC(C)(C)C)CC5)cs4)cc3n21,CHEMBL256194,0.48470702789392284,1
O=C(c1ccc(/C=C/c2cc(-c3cc4c(=O)[nH]cnc4[nH]3)ccn2)cc1)N1CCOCC1,CHEMBL516802,0.4847008469174027,1
c1cc(-c2ccc(-c3nc4cc(C5=NCCN5)ccc4[nH]3)o2)ccc1C1=NCCN1,CHEMBL299266,0.48470044465246903,1
Nc1nnc(-c2ccc3[nH]cc(-c4cccc(N5CCCCC5=O)n4)c3c2)s1,CHEMBL3972469,0.48469347291617076,1
O=C(NO)c1ccc2c(c1)CCN(c1nc3ccccc3[nH]1)C2,CHEMBL4128164,0.4846703802798369,1
O=C(NO)c1ccc2c(c1)CN(c1nc3ccccc3[nH]1)CC2,CHEMBL4129402,0.4846703802798369,1
CNS(=O)(=O)c1ccc2c(c1)/C(=C/c1[nH]c3c(c1CCCN1CCOCC1)CCCC3)C(=O)N2,CHEMBL296185,0.48464130003963535,1
O=C(Nc1ccc([C@@H]2CNCCO2)cc1F)c1n[nH]c2cc(F)ccc12,CHEMBL3672946,0.4846086596420187,1
O=C(Nc1ccc([C@H]2CNCCO2)cc1F)c1n[nH]c2cc(F)ccc12,CHEMBL3672947,0.4846086596420187,1
COc1ccc(-c2cc(C(N)=O)c3[nH]c4ccc(C(=O)N5C[C@@H]6C[C@H]5CO6)cc4c3c2)cc1F,CHEMBL3646841,0.48459032823853654,1
O=C(Nc1cc(-c2cc3c([nH]2)C2(CCNC2)CNC3=O)ccn1)c1ccc2ccccc2c1,CHEMBL1933189,0.48458924887756355,1
O=C(Nc1cc(-c2cc3c([nH]2)C2(CCNCC2)CNC3=O)ccn1)c1ccc2ccccc2c1,CHEMBL1933164,0.48458924887756355,1
O=C(Nc1cc(-c2cc3c([nH]2)C2(CCCNC2)CNC3=O)ccn1)c1ccc2ccccc2c1,CHEMBL1933179,0.48458924887756355,1
CCNCc1cncc(-c2cnc3[nH]nc(-c4nc5cc(F)ccc5[nH]4)c3c2)c1,CHEMBL248713,0.4845516872940964,1
CCNCc1cncc(-c2cnc3[nH]nc(-c4nc5cc(F)c(F)cc5[nH]4)c3c2)c1,CHEMBL248712,0.4845516872940964,1
CNC(=O)N1CCN(CCCOc2ccc3c(c2)-c2[nH]nc(-c4ccc(C#N)nc4)c2C3)CC1,CHEMBL2001998,0.48453378001116676,1
Cc1cccc(/C=C2\Sc3ccc(C(=O)NCCN4CCCC4)cc3NC2=O)c1,CHEMBL2170915,0.48451867142052896,1
Cc1cccc(/C=C2/Sc3ccc(C(=O)NCCN4CCCC4)cc3NC2=O)c1,CHEMBL1383386,0.48451867142052896,1
O=C1Nc2cc(C(=O)NCCN3CCCC3)ccc2S/C1=C\c1ccccc1F,CHEMBL2170912,0.4845186714205288,1
O=C(C[C@H]1S[C@H](c2ccc(Cl)cc2Cl)N(CC(=O)NCCCN2CCOCC2)C1=O)NCc1ccc2[nH]ccc2c1,CHEMBL44390,0.4844759406444538,1
CCN1CCN(c2cc(C)c3cc(NC(=O)c4ccc[nH]4)ccc3n2)CC1,CHEMBL4175299,0.4844388036640544,1
Cc1nc2c(c(-c3ccc(Cl)cc3Cl)c1CN)C(=O)N(C[C@@H]1CCCN1)C2,CHEMBL2441840,0.4844387404317731,1
COc1cccc(-c2ccc3c(c2)C2(N=C(N)N(C)O2)[C@]2(CC[C@](C)(O)CC2)C3)c1,CHEMBL3656218,0.4844386080105055,1
COc1cc(-c2ccc3c(c2)Nc2ccccc2NC3=O)ccc1C(N)=O,CHEMBL244973,0.48442947236476164,1
CC(C)N1CCN(C(=O)c2[nH]c(Cc3ccc(O)cc3)c3oc4ccccc4c(=O)c23)CC1,CHEMBL4060717,0.48442672792378877,1
CCc1n[nH]c2c1C(=O)c1c(NC(=O)CN3CCC(C(N)=O)CC3)cccc1-2,CHEMBL146812,0.48442211055276374,1
CNC(=O)[C@@H]1CC[C@@H](NC(=O)c2ccc3[nH]nc(-c4ccnc(C)c4)c3c2)CN1Cc1c(F)cccc1OC,CHEMBL3658427,0.48441157195019235,1
CNC(=O)[C@@H]1CC[C@@H](NC(=O)c2ccc3[nH]nc(-c4ccncc4)c3c2)CN1Cc1c(F)cccc1OC,CHEMBL3654622,0.48441157195019235,1
COc1cccc(F)c1CN1C[C@H](NC(=O)c2ccc3[nH]nc(-c4ccncc4)c3c2)CC[C@H]1C(N)=O,CHEMBL3654630,0.4844115719501922,1
COc1cccc(F)c1CN1C[C@H](NC(=O)c2ccc3[nH]nc(-c4ccnc(C)c4)c3c2)CC[C@H]1C(=O)NCCF,CHEMBL3658430,0.4844115719501922,1
COc1cccc(F)c1CN1C[C@H](NC(=O)c2ccc3[nH]nc(-c4ccnc(C)c4)c3c2)CC[C@H]1C(N)=O,CHEMBL3658418,0.4844115719501922,1
CN1CCN(c2ccc(CNC(=O)C3(C)Cc4c(-c5ccc(C(N)=O)cc5)ccnc4O3)cc2)CC1,CHEMBL2134349,0.48440964027747946,1
CC(C)Nc1ncc2c(n1)CN(C(=O)N[C@@H](c1ccc(F)c(Cl)c1)[C@H](C)O)CC2,CHEMBL3297851,0.4843942505133468,1
CC(C)Nc1ncc2c(n1)CN(C(=O)N[C@H](CO)c1ccc(F)c(Cl)c1)CC2,CHEMBL3297849,0.4843942505133468,1
CC(C)Nc1ncc2c(n1)CN(C(=O)N[C@H](CO)c1ccc(Cl)c(Cl)c1)CC2,CHEMBL4112440,0.4843942505133468,1
CC(C)Nc1ncc2c(n1)CN(C(=O)N[C@@H](c1ccc(F)c(Cl)c1)[C@@H](C)O)CC2,CHEMBL3297850,0.4843942505133468,1
CC[C@H](O)[C@@H](NC(=O)N1CCc2cnc(NC(C)C)nc2C1)c1ccc(F)c(Cl)c1,CHEMBL3297852,0.4843942505133468,1
CC(C)(C)Nc1ncc2c(n1)CN(C(=O)N[C@H](CO)c1ccc(F)c(Cl)c1)CC2,CHEMBL3298416,0.4843942505133468,1
O=S(=O)(Cc1ccccc1)Nc1ccc(C2(O)CSC(=S)N2Cc2cccnc2)cc1,CHEMBL4172811,0.4843806591814558,1
O=c1[nH]nc(Cc2cccc(CNC3CCCCC3)c2)c2c1CCCC2,CHEMBL3894940,0.4843788287184512,1
O=c1[nH]nc(Cc2ccc(CNC3CC3)cc2)c2c1CCCC2,CHEMBL3968879,0.4843788287184512,1
O=c1[nH]nc(Cc2cccc(CNC3CC3)c2)c2c1CCCC2,CHEMBL3911181,0.4843788287184512,1
O=c1[nH]nc(Cc2ccc(F)c(CNC3CCCCC3)c2)c2c1CCCC2,CHEMBL3939092,0.4843788287184512,1
O=c1[nH]nc(Cc2ccc(CNC3CCCCC3)cc2)c2c1CCCC2,CHEMBL3974851,0.4843788287184512,1
CC(C)Nc1nnc(-c2ccc3[nH]cc(-c4cc(=O)[nH]c(C5CC5)n4)c3c2)o1,CHEMBL3913006,0.4843592330978809,1
C=CC(=O)N(C)c1cccc(-c2ccc(C(N)=O)c3[nH]c4c(c23)CCC(C(C)(C)O)C4)c1,CHEMBL4237249,0.4843083900226756,1
Cc1c(-c2ccc(N3CCC[C@@H]3CN)cc2)[nH]c2cc(F)cc(F)c2c1=O,CHEMBL4100723,0.4842615012106536,1
CCS(=O)(=O)c1ccc2c(c1)/C(=C/c1[nH]c3c(c1CCC(=O)N1CCN(C)CC1)CCCC3)C(=O)N2,CHEMBL294668,0.4842428048915655,1
CC(C)(N)CC(=O)N[C@H](Cc1c[nH]c2ccccc12)C(=O)N1CCC2(CCc3ccccc32)CC1,CHEMBL70004,0.4842183133322372,1
O=C(N[C@H](Cc1c[nH]c2ccccc12)C(=O)N1CCC2(CCc3ccccc32)CC1)C1CCCNC1,CHEMBL303878,0.4842183133322372,1
O=C(N[C@H](Cc1c[nH]c2ccccc12)C(=O)N1CCC2(CCc3ccccc32)CC1)C1CCNCC1,CHEMBL303477,0.4842183133322372,1
COc1ccc(N)nc1-c1ccnc2[nH]c(C3CCCNC3)cc12,CHEMBL3663747,0.484209774221206,1
COc1ccc(N)nc1-c1ccnc2[nH]c(C3CCNCC3)cc12,CHEMBL3663763,0.484209774221206,1
CN1CCN(C(=O)c2cccc(/C=c3\[nH]c(=O)/c(=C/c4ccccn4)[nH]c3=O)c2)CC1,CHEMBL4226696,0.4841779356189954,1
CC(C)(C(N)=O)n1cc(-c2cc(F)cc3c2-c2ccccc2[C@]3(O)C(F)(F)F)cn1,CHEMBL3673095,0.4841230182165082,1
CN1CCN(C(=O)c2ccc(-n3c(=S)[nH]c4ccccc4c3=O)cc2)CC1,CHEMBL1314484,0.48411764705882354,1
c1ccc([C@@H]2CN(c3cccc(-c4n[nH]c5ncccc45)n3)CCN2)cc1,CHEMBL2326020,0.48411742566804666,1
O=C(NCCN1CCNCC1)c1cc(-c2ccc(CN3CCOCC3)cc2)nc2ccc(F)cc12,CHEMBL4088553,0.48410987156651386,1
NC1CCN(S(=O)(=O)c2ccccc2-c2ccc(-c3cnc4[nH]ccc4n3)c(F)c2)CC1,CHEMBL3693123,0.4841025641025638,1
NC(=O)c1cc(-c2ccccc2)cc2c1[nH]c1cc(C(=O)N3CCOCC3)ccc12,CHEMBL3589174,0.48405424237551575,1
NC(=O)c1cc(-c2ccccc2)cc2c1[nH]c1ccc(C(=O)N3CCOCC3)cc12,CHEMBL3589165,0.48405424237551575,1
O=C(c1ccc2[nH]ccc2c1)N1Cc2nc(CN3CCCCC3)oc2C1,CHEMBL3499223,0.4840451055662186,1
O=C(c1ccc2[nH]ccc2c1)N1Cc2nc(CN3CCCC3)oc2C1,CHEMBL3441369,0.4840451055662186,1
CNC(=O)c1ccc2cc(C3(O)c4cncn4CC3(C)C)ccc2c1,CHEMBL1921978,0.48399999999999993,1
CC1(C)CNC(=O)c2cc3ccc(C(=O)Nc4nc(C(=O)NC5CCCCC5)cs4)cc3n21,CHEMBL270150,0.4839851652056642,1
CCS(=O)(=O)c1ccc2c(c1)/C(=C/c1[nH]c3c(c1CCCN1CCN(C)CC1)CCCC3)C(=O)N2,CHEMBL54283,0.48397919812112067,1
CC(C)(C)Nc1nc2c(-c3cc4c([nH]3)CCNC4=O)cccc2[nH]c1=O,CHEMBL3918907,0.48397811027109094,1
CN(C)CCOc1ccc2[nH]c(C(=O)N3CC4CC45C3=CC(=N)c3ccccc35)cc2c1,CHEMBL3586002,0.48397435897435875,1
CCN1CCN(CCCNC(=O)c2ccc3c(c2)NC(=O)c2ccccc2S3)CC1,CHEMBL1384065,0.4839523981247744,1
CCCN1CCN(CCCNC(=O)c2ccc3c(c2)NC(=O)c2ccccc2S3)CC1,CHEMBL1511277,0.4839523981247744,1
Nc1nnc(-c2ccc3[nH]cc(-c4ccc5cn[nH]c5c4)c3c2)s1,CHEMBL3939836,0.4838768981872998,1
CCn1cc(-c2n[nH]c3ccc(C(=O)N[C@@H]4CCCN(Cc5c(F)cccc5OC)C4)cc23)cn1,CHEMBL3654510,0.48387096774193566,1
Nc1ccc(C(=O)N2CCc3[nH]nc(-c4cc(F)cc(F)c4)c3C2)cn1,CHEMBL3115338,0.4838485240035782,1
C[C@@H](C(=O)N1Cc2[nH]nc(NC(=O)c3ccc(N4CCN(C)CC4)cc3)c2C1)c1ccccc1,CHEMBL427787,0.4838382261086819,1
C[C@H](C(=O)N1Cc2[nH]nc(NC(=O)c3ccc(N4CCN(C)CC4)cc3)c2C1)c1ccccc1,CHEMBL217748,0.4838382261086819,1
Cc1cc(C)cc(CC(=O)N2Cc3[nH]nc(NC(=O)c4ccc(N5CCN(C)CC5)cc4)c3C2)c1,CHEMBL2346707,0.4838382261086819,1
Cc1ccc(C)c(CC(=O)N2Cc3[nH]nc(NC(=O)c4ccc(N5CCN(C)CC5)cc4)c3C2)c1,CHEMBL2346708,0.4838382261086819,1
Cc1ccc(C(C)C(=O)N2Cc3[nH]nc(NC(=O)c4ccc(N5CCN(C)CC5)cc4)c3C2)cc1,CHEMBL2346706,0.4838382261086819,1
CN1CCN(c2ccc(C(=O)Nc3n[nH]c4c3CN(C(=O)Cc3cccs3)C4)cc2)CC1,CHEMBL516110,0.48383822610868177,1
CN1CCN(c2ccc(C(=O)Nc3n[nH]c4c3CN(C(=O)Cc3cc(F)cc(F)c3F)C4)cc2)CC1,CHEMBL2346709,0.48383822610868177,1
CN1CCN(c2ccc(C(=O)Nc3n[nH]c4c3CN(C(=O)Cc3c(F)cccc3F)C4)cc2)CC1,CHEMBL2349199,0.48383822610868177,1
CN1CCN(c2ccc(C(=O)Nc3n[nH]c4c3CN(C(=O)Cc3cc(F)ccc3F)C4)cc2)CC1,CHEMBL2349198,0.48383822610868177,1
CN1CCN(c2ccc(C(=O)Nc3n[nH]c4c3CN(C(=O)Cc3cc(F)cc(F)c3)C4)cc2)CC1,CHEMBL2349196,0.48383822610868177,1
CN1CCN(c2ccc(C(=O)Nc3n[nH]c4c3CN(C(=O)Cc3c(F)ccc(F)c3F)C4)cc2)CC1,CHEMBL2346703,0.48383822610868177,1
CN1CCN(c2ccc(C(=O)Nc3n[nH]c4c3CN(C(=O)Cc3ccc(F)c(F)c3)C4)cc2)CC1,CHEMBL2349200,0.48383822610868177,1
CN1CCN(c2ccc(C(=O)Nc3n[nH]c4c3CN(C(=O)Cc3cccc(Cl)c3)C4)cc2)CC1,CHEMBL2346704,0.48383822610868177,1
CN1CCN(c2ccc(C(=O)Nc3n[nH]c4c3CN(C(=O)[C@H](F)c3ccccc3)C4)cc2)CC1,CHEMBL385266,0.48383822610868177,1
CN1CCN(c2ccc(C(=O)Nc3n[nH]c4c3CN(C(=O)Cc3c(F)cc(F)cc3F)C4)cc2)CC1,CHEMBL2346695,0.48383822610868177,1
CN1CCN(c2ccc(C(=O)Nc3n[nH]c4c3CN(C(=O)Cc3ccccc3)C4)cc2)CC1,CHEMBL190252,0.48383822610868177,1
CN1CCN(c2ccc(C(=O)Nc3n[nH]c4c3CN(C(=O)Cc3ccc(F)cc3F)C4)cc2)CC1,CHEMBL2349197,0.48383822610868177,1
Cc1cc(-c2n[nH]c3ccc(C(=O)NN4CCC(CO)(Cc5ccccc5F)C4)cc23)ccn1,CHEMBL3953795,0.48383192768806,1
N=C(/C=C/c1ccc(-c2cn3cc(/C=C/C(=N)N4CCOCC4)ccc3n2)cc1)N1CCOCC1,CHEMBL1161156,0.48379664040434056,1
COc1cc2c(cc1C(=O)N[C@H]1CC[C@H](O)CC1)Cc1c-2n[nH]c1-c1ccc(C#N)cc1,CHEMBL245401,0.4837839834515364,1
CN1CCC(c2cc3c(-c4cccc(NCCN5CCCC5=O)n4)ccnc3[nH]2)CC1,CHEMBL3668422,0.4837772579793253,1
Cc1ccc2c(c1)CC(C(=O)Nc1ccc(-c3cn[nH]c3)cc1OCCN(C)C)CO2,CHEMBL481735,0.4837716378162448,1
CN(C)CCOc1cc(-c2cn[nH]c2)ccc1NC(=O)C1COc2ccc(Cl)cc2C1,CHEMBL481553,0.48377163781624477,1
CN(C)CCOc1cc(-c2cn[nH]c2)ccc1NC(=O)C1COc2ccccc2C1,CHEMBL474425,0.48377163781624477,1
CN(C)CCOc1cc(-c2cn[nH]c2)ccc1NC(=O)C1COc2ccc(F)cc2C1,CHEMBL481545,0.48377163781624477,1
Cc1cc(C)c(CNC(=O)c2cc(-c3ccc(CN4CCOCC4)cc3)cc3c2CCN3C2CCOCC2)c(=O)[nH]1,CHEMBL3915266,0.48374378070532287,1
O=C(/C=C/c1ccc(CN2CCN(C(=O)c3cc(Cc4n[nH]c(=O)c5ccccc45)ccc3F)CC2)cc1)NO,CHEMBL4078014,0.4837025910627108,1
Cc1c2c3cc(NC(=O)[C@@H]4CCCN4C(=N)N)ccc3nc-2n(C)c2ccccc12,CHEMBL3736523,0.48370084592786583,1
O=C(Nc1ccc2[nH]nc(-c3nc4ccccc4[nH]3)c2c1)NC1CC1,CHEMBL3659980,0.48367257866127045,1
C[C@@H]1C(=O)NN=C2COc3cc(C(F)(F)F)c(N(C)C4(C)CNC4)cc3N21,CHEMBL3355113,0.48365648592999305,1
CC1C(=O)NN=C2COc3cc(C(F)(F)F)c(OC4CNC4)cc3N21,CHEMBL3356468,0.48365648592999305,1
NCCNC(=O)c1ccc2[nH]c(=O)c3c(c2c1)CCSC3,CHEMBL2237237,0.48363555948695264,1
O=C(Nc1ccc(C2CCNC2)cc1)Nc1cccc2cccnc12,CHEMBL3956210,0.4835917383443814,1
O=C(O)c1ccc(-c2n[nH]c3c2Cc2cc(CN[C@H]4CC[C@H](O)CC4)ccc2-3)cc1,CHEMBL242521,0.48356382593584774,1
Cc1[nH]c(/C=C2\C(=O)Nc3ccc(F)cc32)c(C)c1NC(=O)CN1CCN(C)CC1,CHEMBL3288858,0.4835593370557472,1
Oc1ccc(C2=NCCN2)cc1-c1cc2cc(C3=NCCN3)ccc2o1,CHEMBL520143,0.4835514328308764,1
Oc1cc(C2=NCCN2)ccc1-c1cc2ccc(C3=NCCN3)cc2o1,CHEMBL458546,0.4835514328308764,1
Oc1cc(C2=NCCN2)ccc1-c1cc2cc(C3=NCCN3)ccc2o1,CHEMBL485423,0.4835514328308764,1
Oc1ccc(C2=NCCN2)cc1-c1cc2ccc(C3=NCCN3)cc2o1,CHEMBL458959,0.4835514328308764,1
NC(=O)Nc1cccc(O[C@H]2c3ccccc3C[C@@H]2N2CCC[C@@H](N)C2)c1,CHEMBL3962659,0.4835328033545905,1
CN1CCN(C[C@@H](NC(=O)C[C@H]2CNC(=O)c3cc(-c4ccnc(F)c4)cn32)C2CCCCC2)CC1,CHEMBL3297765,0.48352650964755206,1
CN1CCC(c2c[nH]c3ccc(-n4cnc5cc(C#N)ccc54)cc23)C1,CHEMBL80610,0.48351268634613476,1
CNCCN1CCC(c2cc(C)c3nc(-c4ccccc4OC)[nH]c3c2)CC1,CHEMBL572103,0.4835017915396543,1
Clc1ccnc2[nH]c(-c3ccc(N4CCNCC4)cc3)cc12,CHEMBL4084410,0.48344705585039144,1
NCCOc1cccc(-c2n[nH]c3ccc(-c4ncn[nH]4)cc23)c1,CHEMBL3932325,0.4834394664456083,1
O=C(c1ccc(-c2n[nH]c3c2CN(S(=O)(=O)c2c(Cl)cccc2Cl)CC3)cc1)N1CCNCC1,CHEMBL4164791,0.4834330418775885,1
Cc1cc(NC(=O)c2ccc3cc4n(c3c2)CC2(CCC2)CNC4=O)no1,CHEMBL3972364,0.4834123222748814,1
Cc1cc(NC(=O)c2ccc3cc4n(c3c2)CC2(CC2)CNC4=O)no1,CHEMBL3927200,0.4834123222748814,1
CN1c2ccc(NC(=O)C3CC3)cc2C(=O)N2CCc3c([nH]c4ccccc34)C21,CHEMBL2171799,0.4834092387768376,1
CN[C@@H](C)C(=O)N[C@H]1CSc2c(NC(=O)C3CCN(C)CC3)cccc2N(Cc2cccc3ccccc23)C1=O,CHEMBL3933545,0.4833991971870428,1
CC1CCN(CCNC(=O)c2ccc(-n3c(=S)[nH]c4ccccc4c3=O)cc2)CC1,CHEMBL223446,0.48336468691212026,1
O=c1[nH]c2ccc(C3=NN=C(NCc4ccccc4)SC3)cc2[nH]1,CHEMBL4291365,0.483334063334939,1
O=c1[nH]c2ccc(C3=NN=C(NCc4ccccc4F)SC3)cc2[nH]1,CHEMBL4283169,0.483334063334939,1
O=c1[nH]c2ccc(C3=NN=C(NCc4ccc(Cl)cc4)SC3)cc2[nH]1,CHEMBL4292463,0.483334063334939,1
CC(NC1=NN=C(c2ccc3[nH]c(=O)[nH]c3c2)CS1)c1ccc(F)cc1,CHEMBL4291519,0.483334063334939,1
O=c1[nH]c2ccc(C3=NN=C(NCc4ccccc4C(F)(F)F)SC3)cc2[nH]1,CHEMBL4282090,0.483334063334939,1
O=c1[nH]c2ccc(C3=NN=C(NCc4ccc(C(F)(F)F)cc4)SC3)cc2[nH]1,CHEMBL4285515,0.483334063334939,1
O=c1[nH]c2ccc(C3=NN=C(NCc4cccc(F)c4)SC3)cc2[nH]1,CHEMBL4293751,0.483334063334939,1
CC(NC1=NN=C(c2ccc3[nH]c(=O)[nH]c3c2)CS1)c1ccccc1,CHEMBL4280876,0.483334063334939,1
O=c1[nH]c2ccc(C3=NN=C(NCc4cccc(C(F)(F)F)c4)SC3)cc2[nH]1,CHEMBL4284175,0.483334063334939,1
O=c1[nH]c2ccc(C3=NN=C(NCc4cccc(Cl)c4)SC3)cc2[nH]1,CHEMBL4284570,0.483334063334939,1
O=c1[nH]c2ccc(C3=NN=C(NCc4ccc(F)cc4)SC3)cc2[nH]1,CHEMBL4280328,0.483334063334939,1
O=c1[nH]c2ccc(C3=NN=C(NCc4ccccc4Cl)SC3)cc2[nH]1,CHEMBL4288534,0.483334063334939,1
COc1cccc(CNC(=O)c2cc3ccc(-c4ccnc(N)n4)cc3[nH]2)c1,CHEMBL1923053,0.4833262980160403,1
COc1ccc(C(=O)C2=C(O)C(=O)N(CCN3CCNCC3)C2c2ccccc2F)cc1,CHEMBL203291,0.4833149245238813,1
Cc1cc(C)c(CNC(=O)c2cc(NC(C)C)nc(-c3ccc(CN(C)C)cc3)c2)c(=O)[nH]1,CHEMBL3697403,0.4832922435046461,1
CN1CCC(C(=O)N2Cc3c(NC(=O)Nc4cccc(F)c4)n[nH]c3C2(C)C)CC1,CHEMBL596978,0.4832859321544862,1
c1cc2cc(-c3ccc4cc(C5=NCCN5)[nH]c4c3)[nH]c2cc1C1=NCCN1,CHEMBL1098294,0.48327461943699307,1
CN[C@@H](C)C(=O)N[C@H]1CN(C(=O)CC(C)C)c2ccccc2N(Cc2c(OC)ccc3ccccc23)C1=O,CHEMBL2436328,0.483268706017521,1
CN1CCC(N2CCc3cc(NC(=N)c4cccs4)ccc32)C1,CHEMBL3215677,0.4832511763387853,1
CN1CCC(N2CCCc3cc(NC(=N)c4cccs4)ccc32)C1,CHEMBL3216110,0.4832511763387853,1
CN1CCC(N2CCc3cc(NC(=N)c4cccs4)ccc32)CC1,CHEMBL2220192,0.4832511763387853,1
CC(=O)N1CCN(CCOc2cccc(-c3n[nH]c4ccc(-c5ncn[nH]5)cc34)c2)CC1,CHEMBL3930024,0.48323576370409793,1
CC(C)C[C@@H]1C(=O)N[C@H](C2Cc3ccccc3C2)C(=O)N1[C@@H](C(=O)NCCN1CCCCC1)c1ccc(F)cc1,CHEMBL209693,0.4832278107672339,1
C=C1C[C@H](c2ccc(NC(=N)N)cc2)[C@@H](NC(=O)c2ccccc2)C(=C)O1,CHEMBL1159918,0.48320244328097706,1
COCC(C)(C)Nc1nc2c(-c3cc4c([nH]3)CCNC4=O)cccc2nc1C,CHEMBL3965003,0.4831287336703209,1
O=C(NCc1ccccc1)c1cc2c(OC3CCNCC3)cccc2s1,CHEMBL4281314,0.4831192660550455,1
CN[C@@H](C)C(=O)N[C@H]1CSc2c(N)cccc2N(Cc2cccc3ccccc23)C1=O,CHEMBL3909777,0.48310215342171814,1
O[C@@H](COc1ccccc1[C@@H](O)CCc1ccccc1)CN1CCN(Cc2ccccc2)CC1,CHEMBL2449463,0.48308245338126266,1
N=C(N)c1ccc2[nH]c(-c3ccc4ccccc4c3O)nc2c1,CHEMBL319997,0.4830474349681888,1
Cc1ccc2[nH]c(-c3cc(-c4ccc(CO)cc4)cnc3N)nc2c1,CHEMBL534810,0.4829794265884492,1
NCC1Cc2c([nH]c3ccc(C(=O)Nc4nccs4)cc23)C(=O)N1,CHEMBL270203,0.48296866795028887,1
CNCC1Cc2c([nH]c3ccc(C(=O)Nc4nccs4)cc23)C(=O)N1,CHEMBL269988,0.48296866795028887,1
O=C(Nc1cc(Br)ccc1N1CCNCC1)c1ccc2ccccc2n1,CHEMBL1184908,0.48295239639055476,1
CN1CCC(c2cc3c(-c4cccc(NCCO)n4)ccnc3[nH]2)CC1,CHEMBL3668435,0.48293719806763274,1
Cc1cc(NC(=O)NCCN2CCC(O)(Cc3ccccc3)CC2)c2sccc2n1,CHEMBL3358679,0.4829232995658463,1
Cc1cc2nccc(NC(=O)NCCN3CCC(O)(Cc4ccccc4)CC3)c2s1,CHEMBL3358674,0.4829232995658463,1
O=C(NCCN1CCC(O)(Cc2ccccc2)CC1)Nc1ccnc2ccsc12,CHEMBL3358672,0.4829232995658463,1
Cc1ccccc1CC1(O)CCN(CCNC(=O)Nc2ccnc3ccsc23)CC1,CHEMBL3358682,0.4829232995658463,1
Cc1cc(NC(=O)NCCN2CCC(O)(Cc3ccccc3)CC2)c2ccccc2n1,CHEMBL1164032,0.4829232995658463,1
Cc1cccc(CC2(O)CCN(CCNC(=O)Nc3ccnc4ccsc34)CC2)c1,CHEMBL3358683,0.4829232995658463,1
Cc1csc2c(NC(=O)NCCN3CCC(O)(Cc4ccccc4)CC3)ccnc12,CHEMBL3358677,0.4829232995658463,1
O=C(NCCN1CCC(O)(Cc2ccccc2)CC1)Nc1ccnc2sccc12,CHEMBL3358673,0.4829232995658463,1
Cc1ccc(CC2(O)CCN(CCNC(=O)Nc3ccnc4ccsc34)CC2)cc1,CHEMBL3358684,0.4829232995658463,1
O=C(NCCN1CCC(O)(Cc2ccc(F)cc2)CC1)Nc1ccnc2ccsc12,CHEMBL3358687,0.4829232995658463,1
Oc1cc(C2=NCCN2)cc2cc(-c3ccc(C4=NCCN4)cc3)oc12,CHEMBL484548,0.4829092352999572,1
Cc1[nH]c(/C=C2\C(=O)Nc3ccc(F)cc32)c(C)c1NC(=O)CN1CCNCC1,CHEMBL4117115,0.4828977025584244,1
CC(=O)Nc1nc2ccc(C(=O)NCCNCc3ccc4ccccc4c3)cc2s1,CHEMBL252750,0.48281205973513636,1
O=C(NCCN1CCOCC1)c1ccc2c(c1)nc(O)c1cc(F)ccc12,CHEMBL47508,0.4828001854427446,1
O=C(NCCN1CCOCC1)c1ccc2c(c1)nc(O)c1ccccc12,CHEMBL296032,0.4828001854427446,1
O=c1[nH]c2ccc(C3=NN=C(NCc4cccc5ccccc45)SC3)cc2[nH]1,CHEMBL4288550,0.48279589934762335,1
CCNCc1cncc(/C=C/c2c[nH]nc2-c2nc3ccc(OC)cc3[nH]2)c1,CHEMBL245967,0.48277830637488106,1
CC(=O)Nc1ccc(-c2cnc(N)c(-c3nc4ccc(F)cc4[nH]3)c2)cc1,CHEMBL3431019,0.4827758154996883,1
NCCCc1cc2cc[nH]c(=O)c2c2cc(-c3ccc(CN)cc3)ccc12,CHEMBL249236,0.48269507371449116,1
Cc1ccc(-c2nnc(-c3cccc(NC(=O)CCCCN4CCNCC4)c3)o2)cc1,CHEMBL3287971,0.4826619798593954,1
NCc1cccc(-c2c[nH]c(/C=C3\C(=O)Nc4ccc(NC(N)=O)cc43)c2)c1,CHEMBL228652,0.48264859967699986,1
CS(=O)(=O)c1ccccc1-c1ccc(NC(=O)c2conc2-c2cccc(C(=N)N)c2)cc1,CHEMBL159816,0.4826415230663632,1
CSCC[C@H](NC(=O)c1ccc2ccccc2c1)C(=O)N1CCC2(CC1)NCCc1[nH]cnc12,CHEMBL1536956,0.4826029716005263,1
CC1CN(CCCN2CCc3[nH]c4ccc(Cl)cc4c3C2)CC(C)N1,CHEMBL1743961,0.48257414428920176,1
CC1CN(CCCN2CCc3c([nH]c4ccccc34)C2)CC(C)N1,CHEMBL12595,0.48257414428920176,1
N=C(Nc1ccc2c(c1)N(CCN1CC[C@@H](O)C1)CC2)c1cccs1,CHEMBL1955936,0.48255307441881756,1
CC1CC(=O)NN=C1c1ccc2nc(N3CCNCC3)oc2c1,CHEMBL3931876,0.482552481579313,1
NC(=O)c1cnc(-c2ccc(C3(N)CCC3)cc2)c(-c2ccccc2)c1,CHEMBL2035040,0.482544841699771,1
CN1C(=N)N[C@](C)(c2sc(-c3ncc(-c4ccccc4)[nH]3)cc2Cl)CS1(=O)=O,CHEMBL3927055,0.48253747804419744,1
CCCNC(=O)c1ccc(NC(=O)N2Cc3ccc(-c4cc[nH]n4)cc3C2)cc1,CHEMBL3921821,0.48253105590062095,1
CN(C)CCN1CCN(C(=O)c2cc(Cc3c[nH]c(=O)c4cc(Cl)c(Cl)n34)ccc2F)CC1,CHEMBL600840,0.4825044180762432,1
O=C(Nc1ccc(C2CNCCO2)cc1)c1cnc(-c2ccccc2)s1,CHEMBL3946932,0.48249801113762897,1
Nc1ccc(-c2ccc3c(c2)CNCC3c2ccc(Cl)cc2)nn1,CHEMBL3703727,0.48246555734478425,1
CNc1ccc(-c2ccc3c(c2)CNCC3c2ccc(F)cc2)nn1,CHEMBL3703725,0.48246555734478425,1
Cc1ccc(CNC(=O)c2cc(-c3ccnc(N4CCN(C)CC4)c3)cc3c2ccn3C(C)C)c(=O)[nH]1,CHEMBL3401552,0.4824619249489717,1
CC(C)NC(=N)c1ccc2[nH]c(-c3cn(-c4ccc(Cl)cc4)nn3)nc2c1,CHEMBL4299913,0.4824216938251758,1
Nc1cc(F)ccc1NC(=O)c1cc2ccc(N3CCNCC3)c(C3CC3)c2cn1,CHEMBL3664033,0.4824170734314322,1
Nc1ccccc1NC(=O)c1cc2ccc(N3CCNCC3)c(C3CC3)c2cn1,CHEMBL3664032,0.4824170734314322,1
COc1cccc(CNC(=O)c2sc3ccccc3c2OC2CCNCC2)c1,CHEMBL2312450,0.48239206279982544,1
NC(=O)COc1cc(-c2cn[nH]c2)c2c(c1)C(O)(C(F)(F)F)c1ccccc1-2,CHEMBL3681699,0.4823837326353934,1
O=C(c1cc(-c2cccc3ccccc23)nc2ccccc12)N1CCN(CCO)CC1,CHEMBL1740051,0.4823523411200652,1
Cc1c(C(N)=O)cncc1-c1ccc2[nH]nc(-c3nc4ccccc4[nH]3)c2c1,CHEMBL1808593,0.48233372921615175,1
O=C(c1cccc(Cc2nnc(O)c3ccccc23)c1)N1CCCNCC1,CHEMBL201913,0.48232558139534865,1
N=C(N)c1ccc2cc(C(=O)Nc3ccccc3)cc(C3CCOC3)c2c1,CHEMBL105395,0.4823219485141188,1
NC(=O)C1CCN(CC(=O)Nc2cccc3c2C(=O)c2c(C4CCCCC4)n[nH]c2-3)CC1,CHEMBL147232,0.4822991030569284,1
NC(=O)C1CCN(CC(=O)Nc2cccc3c2C(=O)c2c(C4CC4)n[nH]c2-3)CC1,CHEMBL149450,0.4822991030569284,1
CC(C)NCc1ccc(-c2cc(-c3cccc(C(=O)N[C@H](C)C#N)c3)n[nH]2)cc1,CHEMBL1683435,0.4822702109620465,1
Cc1ccc(F)cc1-c1cc2cnc(NC(=O)C3CC3)cc2c(OC2CCNC2)n1,CHEMBL3689675,0.4822683641913328,1
Cc1[nH]c(/C=C2\C(=O)Nc3ncc(F)cc32)c(C)c1C(=O)NCCN1CCOCC1,CHEMBL3597561,0.4822261196902937,1
Cc1[nH]c(/C=C2\C(=O)Nc3ncccc32)c(C)c1C(=O)NCCN1CCOCC1,CHEMBL1914682,0.4822261196902937,1
Cc1[nH]c(/C=C2\C(=O)Nc3ncc(Cl)cc32)c(C)c1C(=O)NCCN1CCOCC1,CHEMBL3597572,0.4822261196902937,1
Cc1[nH]c(/C=C2\C(=O)Nc3ncc(Br)cc32)c(C)c1C(=O)NCCN1CCOCC1,CHEMBL3597580,0.4822261196902937,1
NCCC1CNC(=O)c2cc(-c3cccc(C(F)(F)F)c3)c(-c3ccc(CO)cc3)n21,CHEMBL3943279,0.4822250274870708,1
CN1CCN(c2ccc(-c3cc(C(N)=O)c4[nH]c5cc(C(=O)N6CCOCC6)ccc5c4n3)cc2)CC1,CHEMBL3649637,0.48220965637233565,1
COc1ccc(-c2nc(C(=O)Nc3ccccc3N3CCNCC3)cs2)cc1C,CHEMBL2037084,0.4821709116876932,1
CN(C)c1ccc(-c2nc(C(=O)Nc3ccccc3N3CCNCC3)cs2)cc1,CHEMBL2037097,0.4821709116876932,1
COc1ccc(-c2nc(C(=O)Nc3ccccc3N3CCNCC3)cs2)cc1,CHEMBL2037093,0.4821709116876932,1
COc1ccc2c(c1)c(/C=C1\C(=O)Nc3ccc(S(=O)(=O)NC(C)(C)C)cc31)cn2C,CHEMBL2426223,0.4821476510067112,1
Cc1cc2n[nH]c(=O)n2c2cc(-c3ccc(CN4CCNCC4)cc3)ccc12,CHEMBL1223320,0.4821217801846837,1
Cc1cc2n[nH]c(=O)n2c2cc(-c3cccc(CN4CCNCC4)c3)ccc12,CHEMBL1223321,0.4821217801846837,1
CCc1cc(S(=O)(=O)N2C[C@H](c3ccccc3)NC2=O)ccc1NC(=O)NC(C)C,CHEMBL1911261,0.48208763499690743,1
CC(C)C(=O)Nc1ccc2c(c1)C(=O)N1CCc3c([nH]c4ccccc34)C1O2,CHEMBL3601824,0.4820592823712945,1
Cc1nc2cccc(-c3cc4c([nH]3)CCNC4=O)c2nc1N[C@H]1C[C@@H](N(C)C)C1,CHEMBL3889998,0.4820512820512818,1
Cc1nc2cccc(-c3cc4c([nH]3)CCNC4=O)c2nc1N[C@H]1C[C@@H](N(CCF)CCF)C1,CHEMBL3891675,0.4820512820512818,1
COc1ccc(F)cc1-c1ccnc2[nH]c(C3CCN(CC(=O)NC4CC(O)C4)CC3)cc12,CHEMBL3639673,0.4820419022281341,1
O=C(Nc1nc2ccccc2c(=O)s1)c1ccc(C(=O)N2CCN(Cc3ccccc3)CC2)cc1,CHEMBL2382418,0.48203785373024594,1
COc1cccc(CNC(=O)c2cc3ccc(-c4cn[nH]c4)nc3n2CC2CC2)c1,CHEMBL1922036,0.48203427307904906,1
COc1ccc(F)cc1-c1ccnc2[nH]c([C@@H]3CCNC3)cc12,CHEMBL3663802,0.4820263449464482,1
COc1cc(F)c(F)cc1-c1ccnc2[nH]c(C3CCNCC3)cc12,CHEMBL3663764,0.4820263449464482,1
COc1cc(F)c(F)cc1-c1ccnc2[nH]c(C3CCCNC3)cc12,CHEMBL3668471,0.4820263449464482,1
COc1ccc(F)cc1-c1ccnc2[nH]c([C@H]3CCCNC3)cc12,CHEMBL3663745,0.4820263449464482,1
COc1cc(F)ccc1-c1ccnc2[nH]c(C3CCNCC3)cc12,CHEMBL3663760,0.4820263449464482,1
COc1cc(F)ccc1-c1ccnc2[nH]c(C3CCCNC3)cc12,CHEMBL3663744,0.4820263449464482,1
COc1ccc(F)cc1-c1ccnc2[nH]c(C3CCNC3)cc12,CHEMBL3663799,0.4820263449464482,1
COc1ccc(F)cc1-c1ccnc2[nH]c([C@@H]3CCCNC3)cc12,CHEMBL3663746,0.4820263449464482,1
COc1ccc(F)cc1-c1ccnc2[nH]c(C3=CCNCC3)cc12,CHEMBL3668361,0.4820263449464482,1
COc1ccccc1-c1ccnc2[nH]c(C3CCNCC3)cc12,CHEMBL3663768,0.4820263449464482,1
COc1ccc(F)cc1-c1ccnc2[nH]c([C@H]3CCNC3)cc12,CHEMBL3663801,0.4820263449464482,1
COc1cc(F)ccc1-c1ccnc2[nH]c(C3CCNC3)cc12,CHEMBL3663800,0.4820263449464482,1
COc1ccc(F)cc1-c1ccnc2[nH]c(C3CCCNC3)cc12,CHEMBL3663743,0.4820263449464482,1
COc1ccc(F)cc1-c1ccnc2[nH]c(C3CNC3)cc12,CHEMBL3668418,0.4820263449464482,1
CN1CCc2c(C3=CCNCC3)[nH]c3nccc(c23)-c2cc(F)ccc21,CHEMBL3957008,0.4820263449464482,1
COc1ccc(F)cc1-c1ccnc2[nH]c(C3CCNCC3)cc12,CHEMBL3663759,0.4820263449464482,1
Cc1n[nH]cc1-c1cc2nc(CN3CC[C@H](F)C3)[nH]c(=O)c2s1,CHEMBL4087760,0.4820237598999581,1
O=c1[nH]c(CN2CCCC2)nc2cc(-c3cn[nH]c3)sc12,CHEMBL4098392,0.4820237598999581,1
Cc1n[nH]cc1-c1cc2nc(CN3CCCCC3)[nH]c(=O)c2s1,CHEMBL4078031,0.4820237598999581,1
Cc1n[nH]cc1-c1cc2nc(CN3CCCC3)[nH]c(=O)c2s1,CHEMBL4083927,0.4820237598999581,1
CCc1n[nH]cc1-c1cc2nc(CN3CCCC3)[nH]c(=O)c2s1,CHEMBL4084945,0.4820237598999581,1
Cc1n[nH]cc1-c1cc2nc(CN3CCC[C@@H]3C)[nH]c(=O)c2s1,CHEMBL4078941,0.4820237598999581,1
Cc1n[nH]cc1-c1cc2nc(CN3CC[C@H](C)C3)[nH]c(=O)c2s1,CHEMBL4095460,0.4820237598999581,1
Cc1n[nH]cc1-c1cc2nc(C(C)N3CCCC3)[nH]c(=O)c2s1,CHEMBL4086790,0.4820237598999581,1
Cc1n[nH]cc1-c1cc2nc(CN3CC[C@@H](C)C3)[nH]c(=O)c2s1,CHEMBL4068071,0.4820237598999581,1
CC(C)(C)Nc1cnc2cccc(-c3cc4n(c3)CCNC4=O)c2n1,CHEMBL3922362,0.4820118385141599,1
Cc1nc2cccc(-c3cc4n(c3)CCNC4=O)c2nc1NC(C)(C)C,CHEMBL3913500,0.4820118385141599,1
NCCc1c[nH]c2ccc(-c3nc(-c4ccccc4)no3)cc12,CHEMBL434974,0.4819899944413562,1
CCN1Cc2cccc(C(=O)N[C@@H](CCCNC(=N)CCl)c3nc4ccccc4[nH]3)c2C1=O,CHEMBL4208924,0.4819790060926373,1
CCN1Cc2cccc(C(=O)N[C@@H](CCCNC(=N)CF)c3nc4ccccc4[nH]3)c2C1=O,CHEMBL4204048,0.4819790060926373,1
Cc1c2c3cc(NC(=O)[C@@H]4CCCN4C(=O)[C@@H]4CCCN4)ccc3nc-2n(C)c2ccccc12,CHEMBL2220308,0.48197680880228194,1
NC1CCc2cc(N3CC[C@H](NS(=O)(=O)c4ccc5cc(Cl)ccc5c4)C3=O)ccc21,CHEMBL1684185,0.48188302425106994,1
CNC1CCc2cc(N3CC[C@H](NS(=O)(=O)c4ccc5cc(Cl)ccc5c4)C3=O)ccc21,CHEMBL1684183,0.48188302425106994,1
CN1CCN(c2ccc(C(=O)Nc3n[nH]c4cc(C(=O)NCc5ccccc5)sc34)cc2)CC1,CHEMBL1258568,0.48186653771760163,1
c1ccc2cc(-c3csc(NC4CCNC4)n3)ccc2c1,CHEMBL4092889,0.4818635035241533,1
CCNC(=O)c1ccc(C2=CC3(CCNCC3)Oc3ccccc32)cc1,CHEMBL551412,0.4818597470458996,1
CNC(=O)c1ccc(C2=CC3(CCNCC3)Oc3ccccc32)cc1,CHEMBL551413,0.4818597470458996,1
NC(=O)c1ccc(C2=CC3(CCNCC3)Oc3ccccc32)cc1,CHEMBL550063,0.4818597470458996,1
O=C1NC2(CC2)Cc2[nH]c3c(c21)CCc1cnc(-c2ccc(F)nc2)cc1-3,CHEMBL1801279,0.48184702150158576,1
CC(=O)N1Cc2cc(O)ccc2C[C@@H]1C(=O)N[C@H](CN1CC[C@@](C)(c2cccc(O)c2)[C@@H](C)C1)C(C)C,CHEMBL2112472,0.4818417639429311,1
Cc1nc2cccc(-c3cc4c([nH]3)C3(CC3)NC4=O)c2nc1NCC(F)(F)F,CHEMBL3973280,0.48178320887078513,1
Cc1nc2cccc(-c3cc4c([nH]3)C3(CC3)NC4=O)c2nc1NCC(F)F,CHEMBL3899535,0.48178320887078513,1
Cc1[nH]c2ccccc2c1CC(=O)N1Cc2[nH]nc(NC(=O)c3ccc(N4CCN(C)CC4)cc3)c2C1,CHEMBL2349195,0.48178174256351547,1
NCCc1cc2cc[nH]c(=O)c2c2cc(-c3ccc[nH]3)ccc12,CHEMBL249429,0.4817797047589552,1
CCN1CCN(S(=O)(=O)c2ccc(Cl)c(C(=O)NCc3nc4ccccc4[nH]3)c2)CC1,CHEMBL1715983,0.48177525967894214,1
O=C1NCCN1CCN1CCC(c2cn(-c3ccc(F)cc3)c3ccc(-c4c[nH]nn4)cc23)CC1,CHEMBL97422,0.4817623443022335,1
O=C(NCCN1CCC2(CC1)CNC(=O)N2c1cccc(F)c1)c1ccc2ccccc2c1,CHEMBL3925090,0.48175942156003476,1
NCCCn1cc(C2=C(c3ccc4ccccc4c3)C(=O)NC2=O)c2ccccc21,CHEMBL409834,0.48173913043478256,1
CN1CCC(NC(=O)c2csc(NC(=O)c3ccc4cc5n(c4c3)C(C)(C)CNC5=O)n2)CC1,CHEMBL270148,0.48173819560358727,1
O=C1NCCN(Cc2cccnc2)C1CC(=O)N1CCc2n[nH]cc2C1,CHEMBL3478653,0.4817050691244238,1
C/C(=C1\CC(=O)N(c2ccc(C(=O)N3CCCC3)cc2)C1=O)c1cccc(C(=N)N)c1,CHEMBL321526,0.48169944762789707,1
O=C1NCC2c3c(cccc31)CCN2CC(=O)N1C[C@H]2CNC[C@H]2C1,CHEMBL2323535,0.48166259168704123,1
COc1ccc2c(c1)C(=O)N(C[C@@]1(c3ccc(C(=O)N4CCCC4)cc3)NC(=O)NC1=O)C2,CHEMBL1222720,0.4816460223636157,1
COc1ccc(F)cc1-c1ccnc2[nH]c(C3CCCN(CCO)C3)cc12,CHEMBL3668400,0.48161930536761355,1
COc1ccc(F)cc1-c1ccnc2[nH]c(C3CN(CCO)C3)cc12,CHEMBL3668443,0.48161930536761355,1
COc1ccc(F)cc1-c1ccnc2[nH]c(C3CCN(CCO)C3)cc12,CHEMBL3668382,0.48161930536761355,1
CN1CCN(CC(=O)Nc2sc3c(c2C(=O)Nc2ccccc2)CCCC3)CC1,CHEMBL1498859,0.48160551117064526,1
NC(=O)c1cc2cc(C3(Cc4ccccc4)CCNC3)ccc2[nH]1,CHEMBL457931,0.48158136684033076,1
CNC(=O)c1cc2cc(C3(Cc4ccccc4)CCNC3)ccc2[nH]1,CHEMBL442924,0.48158136684033076,1
O=C(Nc1ccc2[nH]nc(-c3nc4ccccc4[nH]3)c2c1)C1CC1,CHEMBL3659975,0.48156439895828557,1
O=C(Nc1ccc2[nH]nc(-c3nc4ccccc4[nH]3)c2c1)C1CC1(F)F,CHEMBL3659976,0.48156439895828557,1
CC(C)[C@]1(C)CC(=O)N(Cc2cccc(C(=O)N[C@@H](C)c3ccccc3)c2)C(=N)N1,CHEMBL3401348,0.4815323645970937,1
CC(C)[C@]1(C)CC(=O)N(Cc2cccc(C(=O)N[C@H](C)c3ccccc3)c2)C(=N)N1,CHEMBL3401349,0.4815323645970937,1
CC(C)[C@]1(C)CC(=O)N(Cc2cccc(C(=O)NCc3ccccc3)c2)C(=N)N1,CHEMBL3401341,0.4815323645970937,1
CC(C)[C@]1(C)CC(=O)N(Cc2cc(F)cc(C(=O)N[C@@H](C)c3ccccc3)c2)C(=N)N1,CHEMBL3401350,0.4815323645970937,1
CNS(=O)(=O)c1ccc2c(c1)CC(N(CCCN1CCN(C)CC1)C(=O)Nc1ccc(F)c(Cl)c1)CC2,CHEMBL217618,0.4815088150881507,1
COc1ccc(F)cc1-c1ccnc2[nH]c(C3CCN(C(=O)CNC4CCC(O)CC4)CC3)cc12,CHEMBL3668453,0.48150064683053,1
Cc1cc(C(=O)N[C@H](CC(=O)NCC(C)(C)O)c2ccccc2)ccc1-c1cn[nH]c1,CHEMBL4111334,0.48149378380943336,1
O=C(Nc1ccc(C2=CCN(C(=O)C3(O)CC3)CC2)cc1)N1Cc2ccncc2C1,CHEMBL3922772,0.4814854055199448,1
COc1cncc(-c2cccc(C3(C4CC4)NC(=N)N(C)C3=O)c2)c1,CHEMBL2012004,0.4814834187676532,1
O=C([C@@H]1C=C2c3cccc4[nH]cc(c34)C[C@H]2N(C(=O)NCc2ccccc2)C1)N1CCCC1,CHEMBL1809033,0.4814722581930471,1
O=C1NCC2c3c(cccc31)CCN2CC(=O)N1CC2CCCNC2C1,CHEMBL2323537,0.4814651173065875,1
CC1CN(C(=O)N2Cc3c(NC(=O)c4ccccn4)n[nH]c3C2(C)C)C(C)CN1,CHEMBL3662760,0.4814601897096866,1
C[C@@H]1CN(C(=O)N2Cc3c(NC(=O)c4ccccn4)n[nH]c3C2(C)C)C[C@H](C)N1,CHEMBL3662743,0.4814601897096866,1
CC(C)NCC(=O)Nc1c2c(nc3ccccc13)N(Cc1ccccc1)CC2,CHEMBL287071,0.4814492031872508,1
O=c1cc(-c2ccc3[nH]ncc3c2)nc(NC2CCCCC2)[nH]1,CHEMBL1958404,0.4814399210018403,1
O=C(NCC1CCCNC1)c1ccnc2[nH]c(-c3cccs3)nc12,CHEMBL3715508,0.4814300911151193,1
O=C(NC[C@@H]1CCCNC1)c1ccnc2[nH]c(-c3cccs3)nc12,CHEMBL3718039,0.4814300911151193,1
Nc1ccccc1NC(=O)c1ccc(N2CCN[C@@H](Cc3ccccc3)C2)nc1,CHEMBL237325,0.48142517444353466,1
CN1CCN(Cc2ccc(-c3ccc4[nH]ccc4c3)nc2)CC1,CHEMBL3484348,0.48140315959696484,1
CCOC(=O)CC1COc2ccc(NC(=O)c3ccc(C(=N)N4CCOCC4)cc3)cc2C1,CHEMBL130617,0.48140088684513027,1
COc1cccc(CNC(=O)c2cc3ccc(-c4cn[nH]c4)cc3[nH]2)c1,CHEMBL1922026,0.4813587406793703,1
Cc1c2cnccc2c(C(=O)NCCCCN)c2[nH]c3ccccc3c12,CHEMBL3971653,0.4813552721254014,1
N=C(N)c1ccc2oc(C(=O)Nc3ccc(C4=NCCN4)cc3)cc2c1,CHEMBL165317,0.48132468419255736,1
O=C1N[C@@H](Cc2ccc(O)cc2)C(=O)N2Cc3[nH]c4ccccc4c3C[C@@H]12,CHEMBL229545,0.4813231040120739,1
O=c1[nH]nc2cc(CN[C@@H]3CCCNC3)c3ccc(-c4ccc[nH]4)cc3n12,CHEMBL2012874,0.4812923874114151,1
O=C(NCc1cccc2cc(CN3CC[C@H](O)C3)cnc12)c1ccc(-c2ccc(F)cc2)nc1,CHEMBL384079,0.48127226905361925,1
CC(=O)Nc1ccc(Cc2noc(-c3ccc4[nH]cc(CCN)c4c3)n2)cc1,CHEMBL289489,0.4812594349795124,1
O=C(Nc1ccc2c(c1)NC(=O)C(N1CCOCC1)C2)N[C@@H]1CC(CF)(CF)Oc2cc(Cl)ccc21,CHEMBL3682387,0.48124979092095105,1
CSc1nn(-c2ccccc2)c2cc(NC(=O)NC3CCNC3)ccc12,CHEMBL3666070,0.4812178346399883,1
CSc1nn(-c2ccccc2)c2cc(NC(=O)NC3CCNCC3)ccc12,CHEMBL3666071,0.4812178346399883,1
Cc1noc(C)c1-c1ccc2c(c1)C(c1ccccc1)(N1CCC[C@H]1CO)C(=O)N2,CHEMBL3941413,0.4811809969889594,1
Cc1noc(C)c1-c1ccc2c(c1)C(c1ccccc1)(N1CCC[C@@H]1CO)C(=O)N2,CHEMBL3929232,0.4811809969889594,1
NCc1ccc2ccccc2c1-c1ccc(C(=O)NCCN2CCOCC2)cc1,CHEMBL2035656,0.48116960272769527,1
COc1ccc(-c2[nH]nc3c2C(=O)c2c(NC(=O)CN4CCNCC4)cccc2-3)cc1,CHEMBL151915,0.48116627265563416,1
OCCSc1nc(-c2ccc(F)cc2)c(-c2ccnc(NC3CCOCC3)c2)[nH]1,CHEMBL492296,0.48113635426545154,1
c1ccc(CNC2CCN(CCCc3c[nH]c4ccc(-n5cnnc5)cc34)CC2)cc1,CHEMBL117046,0.4811191547642337,1
Cc1[nH]c(/C=C2\C(=O)Nc3ccc(F)cc32)c(C)c1NC(=O)CNC(C)(C)C,CHEMBL4085444,0.4811101078743522,1
COc1ccccc1NC(=O)c1cc(-c2ccc(NC(=N)N)cc2)on1,CHEMBL3287458,0.48107914527873935,1
c1cnc2c(c1)CCC[C@@H]2N(CCCN1CCNCC1)Cc1nc2ccccc2[nH]1,CHEMBL4161613,0.48107741617356997,1
NC(=O)c1nc(-c2ccccc2)cc2c1[nH]c1cc(C(=O)N3CCOCC3)ccc12,CHEMBL3649638,0.4810626702997274,1
CC(C)(N)CC(=O)N[C@@H]1CCc2c(ccc3ccccc23)NC1=O,CHEMBL317941,0.4810470757583834,1
CN(Cc1nc2cccc(C(=O)N3CCNCC3)c2[nH]1)C1CCCc2cccnc21,CHEMBL578989,0.4810415384058234,1
Cc1c(CNCCO)cncc1-c1ccc2[nH]nc(-c3nc4ccccc4[nH]3)c2c1,CHEMBL1808589,0.48098046016880514,1
CC(C)(N)C(=O)N[C@H](Cc1c[nH]c2ccccc12)C(=O)N1CCC[C@@]2(CC(=O)c3ccccc3O2)C1,CHEMBL275093,0.48096960702470376,1
CC(C)(N)C(=O)N[C@H](Cc1c[nH]c2ccccc12)C(=O)N1CCC2(CC1)CC(=O)c1ccccc1O2,CHEMBL268231,0.48096960702470376,1
CC(C)(N)C(=O)N[C@H](Cc1c[nH]c2ccccc12)C(=O)N1CCCC2(CC(=O)c3ccccc3O2)C1,CHEMBL13687,0.48096960702470376,1
CC(C)(N)C(=O)N[C@H](Cc1c[nH]c2ccccc12)C(=O)N1CCC[C@]2(CC(=O)c3ccccc3O2)C1,CHEMBL13926,0.48096960702470376,1
O=C(Nc1nc2ccc3[nH]ncc3c2s1)C1(Nc2cccc(O)c2)CC1,CHEMBL3715796,0.4809466019417477,1
CC(C)(O)CNC(=O)c1ccc(NC(=O)N2Cc3cccnc3C2)cc1,CHEMBL3905349,0.4809205883949407,1
CN1CCN(c2ccc(C(=O)Nc3n[nH]c4c3CN(C(=O)Nc3ccccc3)C4)cc2)CC1,CHEMBL2346700,0.48089734874235224,1
CN1CCN(c2ccc(C(=O)Nc3n[nH]c4cc(C(=O)Nc5ccccc5)sc34)cc2)CC1,CHEMBL1258460,0.48089734874235224,1
COc1ccc2c(c1)[C@]13CCN(CC4CC4)C[C@@]1(C2)Cc1cc(C(N)=O)c(=O)[nH]c1C3,CHEMBL4113521,0.48087861098637924,1
Cc1c(F)cccc1Cc1c(C(=O)N2CCNCC2)c2cc(O)cnc2n1-c1ccccc1,CHEMBL1824627,0.4808662015610968,1
NC(=O)[C@@H](N)c1ccc(C(=O)Nc2cc(-c3cccs3)ccc2N)cc1,CHEMBL402289,0.48083869628399406,1
CNC(=O)C(N)c1ccc(C(=O)Nc2cc(-c3cccs3)ccc2N)cc1,CHEMBL258131,0.48083869628399406,1
NC(=O)C(N)c1ccc(C(=O)Nc2cc(-c3cccs3)ccc2N)cc1,CHEMBL437789,0.48083869628399406,1
NC(=O)[C@H](N)c1ccc(C(=O)Nc2cc(-c3cccs3)ccc2N)cc1,CHEMBL402894,0.48083869628399406,1
CNC(=O)[C@@H](N)c1ccc(C(=O)Nc2cc(-c3cccs3)ccc2N)cc1,CHEMBL270881,0.48083869628399406,1
CNC(=O)[C@H](N)c1ccc(C(=O)Nc2cc(-c3cccs3)ccc2N)cc1,CHEMBL271222,0.48083869628399406,1
Cc1cc2c(cc1Cl)NC(=O)C2(NC(=O)CN1CCNCC1)c1ccc(Cl)cc1,CHEMBL2164509,0.48083596822703767,1
CN1CCCN(C(=O)c2cc(Cc3c[nH]c(=O)c4cc(Cl)c(Cl)n34)ccc2F)CC1,CHEMBL596720,0.4807645923781958,1
CN1CCN(C(=O)c2cc(Cc3c[nH]c(=O)c4cc(Cl)c(Cl)n34)ccc2F)CC1,CHEMBL590881,0.4807645923781958,1
CN(C(=O)c1ccccc1)c1ccc2c(c1)[nH]/c(=N\C(=O)c1ccc(N3CCNCC3)s1)n2CCC(N)=O,CHEMBL480592,0.4807610717665872,1
OCc1ccc(CN2CCCC(Nc3ccc4[nH]ncc4c3)C2)cc1,CHEMBL3689369,0.4807494626670403,1
Cn1cc(-c2ccc(-c3cnc(N)c4ccc(C(=O)NC5CC5)cc34)cc2)cn1,CHEMBL3827664,0.4807477470767855,1
Oc1ccc(C2C/C(=N\NC(=S)N3CCOCC3)c3ccc(O)cc3O2)cc1,CHEMBL1210056,0.4807375441349549,1
CN[C@@H](C)C(=O)N[C@H](C(=O)N1Cc2ccccc2C[C@@H]1C(=O)NCc1c[nH]c2ccccc12)C(C)(C)C,CHEMBL2415000,0.4807211903986094,1
N#Cc1c(NC(N)=S)nc(SCc2nc3ccccc3[nH]2)nc1-c1ccccc1,CHEMBL1164764,0.48070148857997796,1
O=C(c1ccc2[nH]c(=O)c3c(c2c1)CCSC3)N1CCN(Cc2ccccc2)CC1,CHEMBL2237217,0.4806797385620916,1
CC(C)NC(=O)Cn1cc(-c2cccc3c2-c2ccccc2C3(O)C(F)(F)F)cn1,CHEMBL3681709,0.4806770999680612,1
Oc1ccc(C2=CC3(CCNCC3)Oc3ccccc32)cc1,CHEMBL495074,0.4806662350656229,1
CC(C)(O)CNC(=O)c1ccc(NC(=O)N2Cc3ccc(F)cc3C2)cc1,CHEMBL3948230,0.4806562193927518,1
CC(C)(O)CNC(=O)c1ccc(NC(=O)N2Cc3ccccc3C2)cc1,CHEMBL3962263,0.4806562193927518,1
NC(=O)c1cc(N2CCN(C3=NCCCN3)CC2)cc(-c2ccc(Oc3ccc(F)cc3)cc2)n1,CHEMBL3688052,0.480642750373692,1
CC1(N)CCN(c2nc(-c3ccc4cc(CO)ccc4c3)cs2)CC1,CHEMBL4066276,0.48064062939027796,1
O=C(c1[nH]c(Cc2ccc(O)cc2)c2oc3ccccc3c(=O)c12)N1CCN(C2CC2)CC1,CHEMBL4088934,0.4806110458284371,1
CSc1nn(-c2ccccc2)c2cc(NC(=O)C3CCCN3)ccc12,CHEMBL3666075,0.48055688910225625,1
CN1C(=O)[C@H](NC(=O)CCc2ccc(N)cc2)N=C(c2ccccc2)c2ccccc21,CHEMBL420516,0.48054376389731135,1
NC(=O)N/N=C1\c2ccccc2-c2ccc(OCCN3CCCCC3)cc21,CHEMBL313054,0.48053044601172146,1
NCc1ccc(-c2ccc(N)c(NC(=O)c3cccnc3)c2)cc1,CHEMBL403227,0.4805091858621653,1
Cc1cc(-c2ccc3cc[nH]c3c2)ccc1-n1c(C[C@@H]2CCN(C(=O)C3CC3)C2)n[nH]c1=O,CHEMBL3646807,0.48049788802013094,1
O=C(C1CC1)N1CC(Cc2n[nH]c(=O)n2-c2ccc(-c3ccc4cc[nH]c4c3)cc2)C1,CHEMBL3646808,0.48049788802013094,1
CN(C)CCNCc1ccc(C(=O)Nc2cc(-c3ccccc3)ccc2O)cc1,CHEMBL3664096,0.4804861179725323,1
NC(=O)c1cccc(CN2CCCC(Nc3ccc4[nH]ncc4c3)C2)c1,CHEMBL3689396,0.48047091412742365,1
O=C(NC1CC1)c1ccc2cc(C3(O)CCn4cncc43)ccc2c1,CHEMBL1921983,0.48041942101663976,1
COc1cc[nH]c1/C=C1\C(=O)Nc2cccc(C#CC(O)c3ccc(OCCCN(C)C)cc3)c21,CHEMBL241262,0.4803711056192519,1
CN(C)CCOc1cc(N)cc(-c2cnc3[nH]cc(-c4ccncc4)c3c2)c1,CHEMBL2152282,0.48037055022225544,1
CCN(CC)C(=O)c1ccc(C2=CC3(CCNCC3)Oc3cc(O)ccc32)cc1,CHEMBL495094,0.4803585147247118,1
CCN(CC)C(=O)c1ccc(C2=CC3(CCNCC3)Oc3ccc(O)cc32)cc1,CHEMBL494479,0.4803585147247118,1
O=C(NC1CC1)c1ccc2c(-c3nc4ccccc4[nH]3)n[nH]c2c1,CHEMBL3979719,0.4802851007447341,1
CC1CNC(=O)c2cc3ccc(C(=O)Nc4cc5ccccc5[nH]4)cc3n21,CHEMBL3973993,0.4802547770700635,1
CC1(C)C(=O)NN=C1c1ccc2[nH]c(-c3ccncc3)cc2c1,CHEMBL99312,0.48023568445741077,1
O=C([C@@H]1C=C2c3cccc4[nH]cc(c34)C[C@H]2N(C(=O)Nc2ccccc2)C1)N1CC[C@@H](O)[C@@H](O)C1,CHEMBL1809012,0.4801341589267285,1
N#Cc1ccc2[nH]cc(CCCCN3CCN(c4ccc5c(c4)CC(C(N)=O)O5)CC3)c2c1,CHEMBL184171,0.48013396953569426,1
NC(=O)N1CCN(Cc2ccc(-c3ccn4c(-c5ccccc5)cnc4c3)cc2)CC1,CHEMBL173856,0.4800817160367721,1
N[C@@H](Cc1ccc(CO)cc1)C(=O)N1Cc2ccccc2C[C@H]1c1nc(-c2ccccc2)c[nH]1,CHEMBL206888,0.4800802522212667,1
O=S(=O)(CC1CC1)NCc1ccc2c(c1)C(C1(c3ccccn3)CCC1)NCC2,CHEMBL3646053,0.480072119946859,1
O=C(NO)c1ccc(CN2CCN(C(=O)c3cc(Cc4n[nH]c(=O)c5ccccc45)ccc3F)CC2)cc1,CHEMBL4097093,0.4800516224188789,1
Cc1noc(C)c1-c1ccc2c(c1)C(c1ccccc1)(N1CCN(CCCO)CC1)C(=O)N2,CHEMBL3918920,0.48003848003848004,1
COc1ccc2c(c1)C[C@H](C(=O)Nc1ccc(-c3c[nH]nc3C)cc1SCCN(C)C)NC2,CHEMBL1215380,0.48002217945790804,1
COc1ccc2c(c1)C[C@H](C(=O)Nc1ccc(-c3cn[nH]c3)cc1SCCN(C)C)NC2,CHEMBL1215379,0.48002217945790804,1
CC(=O)Nc1cc(-c2cccc(C(=O)NCCN(C)C)c2)cn2c(-c3ccccc3)cnc12,CHEMBL1899959,0.4800131736033921,1
COc1ccc(F)cc1-c1ccnc2[nH]c(C3CCN(CC(=O)N(C)C4CC(O)C4)CC3)cc12,CHEMBL3668541,0.4799795377389198,1
Cc1c(/C=C2\C(=O)Nc3ccc(F)cc32)[nH]c2c1C(=O)N(C[C@H](O)CN1CCOCC1)CC2,CHEMBL1276980,0.4799588522723097,1
Cc1c(/C=C2\C(=O)Nc3ccc(F)cc32)[nH]c2c1C(=O)N(C[C@H](O)CN1CCOCC1)CCC2,CHEMBL1277072,0.4799588522723097,1
CC1CNC(=O)c2cc3ccc(C(=O)Nc4nc(C(=O)NC5CCN(C)CC5)cs4)cc3n21,CHEMBL271309,0.4799420447342209,1
CCN1CCC(NC(=O)c2csc(NC(=O)c3ccc4cc5n(c4c3)C(C)CNC5=O)n2)CC1,CHEMBL256196,0.4799420447342209,1
CN[C@@H](C)C(=O)N[C@H]1Cc2ccccc2[C@H]2CC[C@@H](C(=O)N[C@H]3CCCc4ccccc43)N2C1=O,CHEMBL458791,0.4799347730978798,1
CN[C@@H](C)C(=O)N[C@H]1Cc2ccccc2[C@H]2CC[C@@H](C(=O)N[C@@H]3CCCc4ccccc43)N2C1=O,CHEMBL516172,0.4799347730978798,1
COc1ccc(-c2[nH]nc3c2C(=O)c2c(NC(=O)CN4CCCCC4)cccc2-3)cc1,CHEMBL149956,0.4799257286995512,1
NC(=O)c1cnc(N[C@H]2CCCNC2)c2cc(-c3ccncc3)sc12,CHEMBL1287891,0.4798922800718131,1
NC(=O)c1cnc(N[C@H]2CCCNC2)c2cc(-c3cccnc3)sc12,CHEMBL1287919,0.4798922800718131,1
COc1cc(F)ccc1-c1ccnc2[nH]c(C3CNCCO3)cc12,CHEMBL3663806,0.47988882479416833,1
COc1ccc(F)cc1-c1ccnc2[nH]c(C3CNCCO3)cc12,CHEMBL3663807,0.47988882479416833,1
CN1CCN(C(=O)c2c(NC(=O)c3ccccc3O)sc3c2CCCCC3)CC1,CHEMBL4216808,0.479878112850688,1
CN(C)CCCc1c(/C=C2\C(=O)Nc3ccc(C(=O)O)cc32)[nH]c2c1CCCC2,CHEMBL292819,0.47984492503152876,1
Cc1cc(C2=NC(c3ccc4c(c3)CC(N)(CO)CC4)N=N2)ccc1OC(C)C,CHEMBL3933363,0.4798003250522404,1
Cc1cc(-c2nc(-c3ccc4c(c3)CCC(N)(CO)C4)no2)ccc1OC(C)C,CHEMBL3917907,0.4798003250522404,1
NCCC(=O)N1CCc2c([nH]c3ccc(Cl)cc23)C1c1ccc(=O)[nH]c1,CHEMBL592041,0.47974242017708607,1
CN1C(=O)C(NC(=O)CCc2ccc(N)cc2)N=C(c2ccc(C(N)=O)cc2)c2ccccc21,CHEMBL299562,0.47970270882064425,1
NC[C@H](Cc1ccncc1)NC(=O)c1cc(Br)c(-c2ccnc3[nH]ccc23)s1,CHEMBL498051,0.47966242390702807,1
CC#Cc1cncc(-c2ccc3c(c2)[C@@]2(N=C(C)C(N)=N2)[C@]2(CC[C@H](O)CC2)C3)c1,CHEMBL3653726,0.47965203910253645,1
CC#Cc1cncc(-c2ccc3c(c2)[C@]2(N=C(C)C(N)=N2)[C@]2(CC[C@H](O)CC2)C3)c1,CHEMBL3672704,0.47965203910253645,1
NC(=O)c1ccc2[nH]nc(-c3cccc(NC(=O)CCN4CCCCC4)c3)c2c1,CHEMBL3916103,0.479651584805226,1
O=C(N[C@H]1CCCNC1)c1cc2n[nH]c(=O)n2c2cc(-c3ccc[nH]3)ccc12,CHEMBL2012839,0.47960464805663144,1
CC(C)COc1cccc(-c2cc3cc(C(=N)N)ccc3[nH]2)c1O,CHEMBL60831,0.47955846279640235,1
N#Cc1ccc(-c2n[nH]c3c2Cc2ccc(CCCCN4CCOCC4)cc2-3)cn1,CHEMBL249323,0.4795467108899944,1
Nc1ccccc1NC(=O)c1ccc(-c2ncc(CN3CCC3)cc2F)cc1,CHEMBL403812,0.4795318622396371,1
O=C(CCCN1CCOCC1)Nc1ccc2c(c1)Cc1c-2nc(O)c2ccccc12,CHEMBL191185,0.47952252722961275,1
Nc1nc2c(s1)C[C@@H](NC(=O)c1cc3cc(F)ccc3[nH]1)CC2,CHEMBL3589542,0.47950253339474885,1
Nc1nc2c(s1)C[C@@H](NC(=O)c1cc3cc(Cl)ccc3[nH]1)CC2,CHEMBL3589543,0.47950253339474885,1
Nc1nc2c(s1)C[C@@H](NC(=O)c1cc3ccccc3[nH]1)CC2,CHEMBL3085866,0.47950253339474885,1
C=CCc1ccc(O)c(-c2cc(CC=C)cc(CN3CCNCC3)c2O)c1,CHEMBL4164852,0.47946674839105097,1
Cc1c2c3cc(NC(=O)CNC(=O)[C@@H]4CCCN4)ccc3nc-2n(C)c2ccccc12,CHEMBL3216792,0.4794128050937387,1
Cc1[nH]c(/C=C2\C(=O)Nc3ccc(F)cc32)c(C)c1NC(=O)CCNC(C)(C)C,CHEMBL4099843,0.4793987185805813,1
O=c1[nH]c(-c2ccc(CN3CCS(=O)(=O)CC3)cc2)nc2sc3c(c12)CCC(CO)C3,CHEMBL4100240,0.4793599482786489,1
O=C(Cn1nc(C(F)(F)F)c2c1CCCC2)Nc1sc2c(c1C(=O)NCC1CNC1)CCCC2,CHEMBL1258207,0.47929740910843843,1
Nc1ncc(-c2ccc3[nH]ccc3c2)cc1-c1nnc(C2CC2)o1,CHEMBL3966726,0.479272306734276,1
N=C(N)c1ccc(NC(=O)c2cccc(-c3ccccc3)c2O)cc1,CHEMBL292300,0.47926313670223464,1
Cc1nc(-c2c(F)cc(Cl)cc2-c2ccc3c(c2)OCC3NC(=O)C2(N)CC2)no1,CHEMBL3648492,0.47925438260736414,1
NC1CCN(c2cncc(-c3n[nH]c4ccc(-c5c(F)cccc5F)cc34)n2)CC1,CHEMBL3393692,0.4792356304544085,1
NC1CCCN(c2cncc(-c3n[nH]c4ccc(-c5c(F)cccc5F)cc34)n2)C1,CHEMBL3393722,0.4792356304544085,1
NC1CCN(c2cncc(-c3n[nH]c4ccc(-c5c(F)cccc5F)cc34)n2)C1,CHEMBL3393693,0.4792356304544085,1
CC(=O)Nc1ccc2c(c1)/C(=C/c1cc3c([nH]1)CCN(C(=O)N1CCOCC1)C3)C(=O)N2,CHEMBL2403374,0.4792116864033188,1
COc1cccc(CNC(=O)c2[nH]c3nc(-c4cn[nH]c4)ccc3c2CN2CCN(C)CC2)c1,CHEMBL1922142,0.47914458342166666,1
CNS(=O)(=O)c1ccc2c(c1)/C(=C/c1[nH]c3ccccc3c1CCCN(C)C)C(=O)N2,CHEMBL300321,0.4791380840932934,1
CNS(=O)(=O)c1ccc2c(c1)/C(=C/c1[nH]c3c(c1CCCN(C)C)CCCC3)C(=O)N2,CHEMBL52513,0.4791380840932934,1
CN(C)CCCc1c(/C=C2\C(=O)Nc3ccc(S(N)(=O)=O)cc32)[nH]c2c1CCCC2,CHEMBL56230,0.4791380840932934,1
O=C(Nc1ccc(C2CNCCO2)cc1)c1coc(-c2ccccc2)n1,CHEMBL3895886,0.4791336213969259,1
O=C(Nc1ccc(C2CNCCO2)cc1)c1csc(-c2ccccc2)n1,CHEMBL3895320,0.4791336213969259,1
c1cn(-c2ccc(CN3CCCC(Nc4ccc5[nH]ncc5c4)C3)cc2)cn1,CHEMBL3689354,0.4791279230799668,1
CC(C)C(=O)NC[C@H]1CN(c2ccc3c(c2)CCCc2c(C(C)C)n[nH]c2-3)C(=O)O1,CHEMBL403345,0.4791273429612395,1
N=C(N)N1CCc2ccc(OC(C(=O)O)c3ccc(OC4CCOCC4)cc3)cc2C1,CHEMBL147707,0.47911953750583514,1
Oc1ccc(-c2c(-c3ccccc3)ncn2C[C@H]2CCCN2)cc1,CHEMBL3479220,0.4790975103734438,1
CN1CCN(c2ccc(CNC(=O)C3Cc4c(-c5cccc(F)c5)ccnc4O3)cc2)CC1,CHEMBL1883678,0.479085205055924,1
CN1CCN(c2ccc(CNC(=O)C3Cc4c(-c5ccccc5)ccnc4O3)cc2)CC1,CHEMBL2355065,0.479085205055924,1
CN1CCN(c2ccc(CNC(=O)C3Cc4c(-c5ccc(Cl)cc5)ccnc4O3)cc2)CC1,CHEMBL1901048,0.479085205055924,1
CN1CCN(c2ccc(CNC(=O)C3(C)Cc4c(-c5ccccc5)ccnc4O3)cc2)CC1,CHEMBL2134128,0.479085205055924,1
CN1CCN(Cc2ccnc(NC(=O)Nc3cccc4c3C3CCCCN3C4=O)c2)CC1,CHEMBL3787557,0.4790783482493325,1
CN(C)CCNC(=O)c1ccc2[nH]c3c4c(c5c(c3c2c1)CNC5=O)CCC4,CHEMBL204440,0.47906346887138723,1
CC(C)(CNC(=O)c1ccc(-n2ccccc2=O)cc1)NC(=O)c1ccc2c(Cl)c[nH]c2c1,CHEMBL393815,0.4790385948694242,1
COc1ccc2nccc([C@@H](O)CN3CCC(NC(=O)c4ccc5cc[nH]c5c4)CC3)c2c1,CHEMBL527265,0.4790319063885454,1
Cc1nc2cccc(-c3cc4c([nH]3)CCNC4=O)c2nc1N[C@H](C)C1CC1,CHEMBL3904800,0.47899223626122683,1
Cc1nc2cccc(-c3cc4c([nH]3)CCNC4=O)c2nc1NCC1(C)CC1,CHEMBL3906357,0.47899223626122683,1
Cc1nc2cccc(-c3cc4c([nH]3)CCNC4=O)c2nc1N[C@@H](C)C1CC1,CHEMBL3980483,0.47899223626122683,1
NCc1nc(CN2CCN(C(=O)c3cccc4ccccc34)Cc3ccccc32)c[nH]1,CHEMBL357974,0.478958497450143,1
CCN1CCC[C@@H]1CNC(=O)c1ccc2c(c1)NC(=O)c1cccc(C)c1S2,CHEMBL4165870,0.4789563313465514,1
Cc1cc(C)c(CNC(=O)c2cc(-c3ccc(N4CCNCC4)nc3)cc3c2C(C)CN3C(C)C)c(=O)[nH]1,CHEMBL3901570,0.47894722058369155,1
CN1C(=N)NC(c2cccc(-c3cncc(C#N)c3)c2)(C2CC2)C1=O,CHEMBL2012005,0.47893738140417424,1
CN1CCN(CCNC(=O)c2ccc(NC(=O)N3Cc4cccnc4C3)cc2)CC1,CHEMBL3954276,0.4788745516373967,1
Cc1sc2nc(CCCCN3CCN(Cc4ccccc4)CC3)[nH]c(=O)c2c1C,CHEMBL3401471,0.47883612715142676,1
CNC(=O)c1sc2[nH]nc(N3CCC(COCCN4CCCC4)CC3)c2c1-c1ccccc1,CHEMBL3714857,0.47881157818676384,1
O=c1[nH]nc2cc(CN3CC[C@H](O)C3)c3ccc(-c4ccc[nH]4)cc3n12,CHEMBL2012872,0.47880809288568627,1
O=C(NCCN1CCC(n2c(=O)[nH]c3ccccc32)CC1)C1C=Cc2ccccc2C1,CHEMBL1885035,0.4787712405926066,1
O=C(NCCN1CCC(n2c(=O)[nH]c3ccccc32)CC1)c1ccc2ccccc2c1,CHEMBL492797,0.4787712405926066,1
O=C(NCCN1CCC(n2c(=O)[nH]c3ccccc32)CC1)C1=CCc2ccccc2C1,CHEMBL494842,0.4787712405926066,1
O=C(NCCN1CC=C(n2c(=O)[nH]c3ccccc32)CC1)C1C=c2ccccc2=CC1,CHEMBL1902941,0.4787712405926066,1
O=C(NCCN1CCC(n2c(=O)[nH]c3cc(F)ccc32)CC1)c1ccc2ccccc2c1,CHEMBL493010,0.4787712405926066,1
C[C@@H](CN1CC=C(n2c(=O)[nH]c3ccccc32)CC1)NC(=O)c1ccc2ccccc2c1,CHEMBL1864417,0.4787712405926066,1
O=C(NCCN1CCC(n2c(=O)[nH]c3ccccc32)CC1)c1ccc2cc(F)ccc2c1,CHEMBL495018,0.4787712405926066,1
O=C(NCCN1CCC(n2c(=O)[nH]c3ccccc32)CC1)c1cc2ccccc2s1,CHEMBL398568,0.4787712405926066,1
CN1CCC(c2cc3c(-c4nc(N)ccc4Cl)ccnc3[nH]2)CC1,CHEMBL3668404,0.4787420770355922,1
O=c1[nH]c2ccc(C3=NCCN3)cc2c2c1sc1cc(C3=NCCN3)ccc12,CHEMBL2071092,0.4787074003355898,1
O=C1NCc2c1c1c(c3[nH]c4ccc(C(=O)N5CCOCC5)cc4c23)CCC1,CHEMBL203982,0.4786869760302278,1
O=C(Nc1ccc(N2CCNCC2)cc1)c1cc(-c2ccc(Cl)cc2)on1,CHEMBL2017456,0.4786753637732061,1
CC(C)c1n[nH]c2c1C(=O)c1c(NC(=O)CN3CCC(CN)CC3)cccc1-2,CHEMBL149087,0.47865255187885586,1
CNCc1nc(-c2ccc3[nH]nc(-c4ccc(F)cc4)c3c2)n[nH]1,CHEMBL3942726,0.4786519701000885,1
COCCOc1ccc(C(=O)Nc2ccc(F)c([C@]3(C)C=CSC(N)=N3)c2)nc1,CHEMBL3670306,0.4786333059091129,1
CN1CCN(Cc2nc(-c3ccc(NC(=O)N4Cc5ccccc5C4)cc3)no2)CC1,CHEMBL3907983,0.4786164593627533,1
CC(C)(C)NCC(O)COc1ccc(-c2ncc(-c3ccco3)[nH]2)cc1,CHEMBL3250241,0.4785923008512257,1
CC(C)(C)NCC(O)COc1ccc(-c2ncc(-c3ccccn3)[nH]2)cc1,CHEMBL3250242,0.4785923008512257,1
CC1CCNC(=O)c2cc3ccc(C(=O)Nc4cc(C(C)(C)C)on4)cc3n21,CHEMBL3923642,0.47858039908832967,1
CC(C)c1cc(NC(=O)c2ccc3cc4n(c3c2)CCCNC4=O)no1,CHEMBL3933995,0.47858039908832967,1
CC1CNC(=O)c2cc3ccc(C(=O)Nc4cc(C(C)(C)C)on4)cc3n21,CHEMBL3906539,0.47858039908832967,1
CC(C)(C)c1cc(NC(=O)c2ccc3cc4n(c3c2)CCCNC4=O)no1,CHEMBL3966062,0.47858039908832967,1
CC(C)(C)c1cnc(NC(=O)c2ccc3cc4n(c3c2)CCCNC4=O)o1,CHEMBL3910239,0.47858039908832967,1
c1cc2[nH]cc(CCCN3CCNCC3)c2cc1-n1cnnc1,CHEMBL274001,0.4785340314136123,1
OCC#Cc1ccc(CN2CCCC(Nc3ccc4[nH]ncc4c3)C2)cc1,CHEMBL3689384,0.4785330507221372,1
CC(=O)N1CCC[C@@H](Nc2nc3c(-c4cc5c([nH]4)CCNC5=O)cccc3nc2C)C1,CHEMBL3978539,0.4785236494516314,1
CC(=O)N1CCC[C@H](Nc2nc3c(-c4cc5c([nH]4)CCNC5=O)cccc3nc2C)C1,CHEMBL3939749,0.4785236494516314,1
CC(=O)N1CC[C@H](Nc2nc3c(-c4cc5c([nH]4)CCNC5=O)cccc3nc2C)C1,CHEMBL3895552,0.4785236494516314,1
CC(=O)N1CCC(Nc2nc3c(-c4cc5c([nH]4)CCNC5=O)cccc3nc2C)CC1,CHEMBL3948078,0.4785236494516314,1
O=C(CN1CCNCC1)N1N=C(c2ccc(F)cc2)CC1c1cc(Cl)ccc1O,CHEMBL3394516,0.47850429914017145,1
N[C@@H](Cc1ccc(O)cc1)C(=O)N1Cc2ccccc2C[C@H]1c1nc2ccccc2[nH]1,CHEMBL362514,0.47847959754052527,1
O=C1N=C(Nc2ccc(O)cc2)S/C1=C1\C(=O)Nc2ccccc21,CHEMBL3780574,0.47847478474784744,1
O=C1N=C(Nc2cccc(O)c2)S/C1=C1/C(=O)Nc2ccccc21,CHEMBL1609054,0.47847478474784744,1
Cc1c(Nc2c(C#N)cncc2/C=C/CN2CCC(O)CC2)ccc2[nH]ccc12,CHEMBL604050,0.47847151676174077,1
CN(C)CCN1CCN(C(=O)c2cc(Cc3n[nH]c(=O)c4c3CCCC4)ccc2F)CC1,CHEMBL3928128,0.47843665768194055,1
CN1CCN(Cc2cccc(NC(=O)Nc3cccc4c3C3CCCCN3C4=O)n2)CC1,CHEMBL3785596,0.47841274825339486,1
Cc1c(C(=O)NCCN2CCCC2)sc2c1[nH]c(=O)c1ccccc12,CHEMBL3291336,0.47838140742051566,1
N#Cc1cc(-c2cc(C(N)=O)c3[nH]c4cc(C(=O)N5CCOCC5)ccc4c3c2)ccc1F,CHEMBL3649652,0.47837886737832447,1
CN(C)C(=O)c1ccc(-c2cc(C(N)=O)c3[nH]c4cc(C(=O)N5CCOCC5)ccc4c3c2)cc1,CHEMBL3649651,0.47837886737832447,1
CCNC(=O)c1ccc(C)c(N2Cc3nc(NC(C)C)sc3C2=O)c1,CHEMBL254169,0.4783683559950555,1
CNC(=O)c1ccc(C)c(N2Cc3nc(NC(C)C)sc3C2=O)c1,CHEMBL255931,0.4783683559950555,1
CNCc1ccc(C(=O)Nc2ncc(Sc3cc(C(=O)N4CCOCC4)c(OC)cc3C)s2)[nH]1,CHEMBL209881,0.4783531075665905,1
NC(=O)COc1ccn2c(-c3ccccc3)c(-c3ccc(C4(N)CCC4)cc3)nc2c1,CHEMBL3703162,0.4783343981359688,1
CCCN1C[C@H](C)N(C(=O)N2Cc3c(NC(=O)c4ccc(F)cc4F)n[nH]c3C2(C)C)C[C@H]1CCO,CHEMBL3662812,0.478319936601381,1
CC(C)(CN)CNc1cc(-c2c[nH]c3ncccc23)cc(F)n1,CHEMBL1987261,0.4782704030171468,1
CC(C)(CN)CNc1cc(-c2c[nH]c3ncccc23)cc(Cl)n1,CHEMBL1985723,0.4782704030171468,1
N[C@H]1CC[C@H](Nc2cc(-c3c[nH]c4ncccc34)cc(F)n2)CC1,CHEMBL2322684,0.4782704030171468,1
COc1ccc2[nH]c(SC3Cc4cc(Cl)ccc4/C3=N\N=C(N)N)nc2c1,CHEMBL1197262,0.4782592915214865,1
COc1ccc2[nH]c(SC3Cc4ccc(F)cc4/C3=N\N=C(N)N)nc2c1,CHEMBL550611,0.4782592915214865,1
COc1ccc2[nH]c(SC3Cc4ccccc4/C3=N\N=C(N)N)nc2c1,CHEMBL1194283,0.4782592915214865,1
COc1cccc(NC(=O)Nc2ccc3nc(N4CCN(C)CC4)cc(C)c3c2)c1,CHEMBL1435153,0.4782446137308966,1
Cc1cc(C(N)=O)cc(C)c1C[C@H](N)C(=O)N1Cc2ccccc2C[C@H]1c1nc(-c2ccccc2)c[nH]1,CHEMBL427214,0.47820857506721365,1
NC(=O)c1ccc(C[C@H](N)C(=O)N2Cc3ccccc3C[C@H]2c2nc(-c3ccccc3)c[nH]2)cc1,CHEMBL205388,0.47820857506721365,1
COc1ccc(F)cc1-c1ccnc2[nH]c(C3=CCN(CC(N)=O)CC3)cc12,CHEMBL3668496,0.47818884594146865,1
CNC(=O)CN1CCC(c2cc3c(-c4cc(F)ccc4OC)ccnc3[nH]2)CC1,CHEMBL3668513,0.47818884594146865,1
COc1ccc(F)cc1-c1ccnc2[nH]c(C3CCN(CC(N)=O)CC3)cc12,CHEMBL3668512,0.47818884594146865,1
Nc1ccc(-c2cccs2)cc1NC(=O)c1ccc(CNC(=O)[C@@H]2CCCN2)cc1,CHEMBL3664079,0.47817790589095027,1
Nc1ccc(-c2ccccc2)cc1NC(=O)c1ccc(CNC(=O)[C@@H]2CCCN2)cc1,CHEMBL3664080,0.47817790589095027,1
O=C1NCCc2[nH]c(-c3cccc4ccc(Nc5cccnc5)nc34)cc21,CHEMBL3937054,0.4781653197221041,1
O=C1NCCc2[nH]c(-c3c(F)ccc4ccc(Nc5cccnc5)nc34)cc21,CHEMBL3978196,0.4781653197221041,1
CC(C)c1cccnc1CN(CCCCN)Cc1nc2ccccc2[nH]1,CHEMBL1682874,0.47815838306835823,1
CC(C)N1CCC(NC(=O)c2cc3ccccc3n2CC(=O)Nc2ccc(Cl)cn2)CC1,CHEMBL182597,0.4781471648769661,1
O=C(c1ccc(CO)cc1)c1c[nH]c2ncc(-c3cnn(C4CCNCC4)c3)cc12,CHEMBL3596909,0.47814706598490386,1
O=C(c1cc(CO)ccc1Cl)c1c[nH]c2ncc(-c3cnn(C4CCNCC4)c3)cc12,CHEMBL3596912,0.47814706598490386,1
O=C(c1ccc(CO)cc1Cl)c1c[nH]c2ncc(-c3cnn(C4CCNCC4)c3)cc12,CHEMBL3596919,0.47814706598490386,1
NCc1cccc(CN2CCCC(Nc3ccc4[nH]ncc4c3)C2)c1,CHEMBL3689402,0.4781397342477494,1
NCc1ccc(CN2CCCC(Nc3ccc4[nH]ncc4c3)C2)cc1,CHEMBL3689377,0.4781397342477494,1
O=C(c1cc(Cc2c[nH]c(=O)c3cc(Cl)c(Cl)n23)ccc1F)N1CCC(N2CCC2)CC1,CHEMBL589834,0.4781114428981914,1
COc1ccc(F)cc1-c1ccnc2[nH]c(C3CCCN3)cc12,CHEMBL3668367,0.4780907668231611,1
N=C(N)c1ccc(CN2CCN(Cc3nc4cc(Cl)ccc4[nH]3)CC2=O)cc1,CHEMBL367731,0.47807789753939955,1
N=C(N)c1cccc(CN2CCN(Cc3nc4cc(Cl)ccc4[nH]3)CC2=O)c1,CHEMBL352973,0.47807789753939955,1
COc1ccc(-c2cc(C(=O)Nc3ccc([C@H]4CNCCO4)cc3)[nH]n2)cc1OC,CHEMBL3663689,0.47806417674907953,1
CSc1nn(-c2ccccc2)c2cc(NC(=O)C3CCNCC3)ccc12,CHEMBL1236391,0.4780595488074083,1
CSc1nn(-c2ccccc2)c2cc(NC(=O)C3CNC3)ccc12,CHEMBL1809159,0.4780595488074083,1
CSc1nn(-c2ccccc2)c2cc(NC(=O)C3CCNC3)ccc12,CHEMBL1809158,0.4780595488074083,1
CSc1nn(-c2ccccc2)c2cc(NC(=O)C3CCCNC3)ccc12,CHEMBL1809157,0.4780595488074083,1
CSc1nn(-c2ccccc2)c2cc(NC(=O)C3(F)CCNCC3)ccc12,CHEMBL3666181,0.4780595488074083,1
CC1(C)c2cc(OCC3CC(O)CN3)ccc2C(=O)c2c1oc1ccccc21,CHEMBL3938417,0.4780212161131525,1
Cc1ccc2ccc(CN)cc2c1C1=C(c2cn(C)c3ccccc23)C(=O)NC1=O,CHEMBL4078759,0.4780148954454311,1
Cn1cc(C2=C(c3cccc4ccc(CN)cc34)C(=O)NC2=O)c2ccccc21,CHEMBL4083182,0.4780148954454311,1
Cn1cc(C2=C(c3cccc4cc(CN)ccc34)C(=O)NC2=O)c2ccccc21,CHEMBL4072709,0.4780148954454311,1
O=c1[nH]cccc1-c1nc2c(CN3CCNCC3)cc(-n3ccnc3)cc2[nH]1,CHEMBL396355,0.47800702587699784,1
O=C1Nc2c(N3CCNCC3)ccc(-c3ccccc3)c2C=N[C@H]1c1ccccc1,CHEMBL3086239,0.47800032835330786,1
Cn1cc(NC(=O)c2ccc(Cl)cc2F)cc1-c1nc2cc(C(=O)NCCN3CCOCC3)ccc2[nH]1,CHEMBL25272,0.47799518743667735,1
Cn1cc(NC(=O)c2sccc2Cl)cc1-c1nc2cc(C(=O)NCCN3CCOCC3)ccc2[nH]1,CHEMBL22628,0.47799518743667735,1
CC(C)NC(=N)c1ccc2ccc3nc4ccccc4n3c2c1,CHEMBL391055,0.47797933409873694,1
CN1CC[C@@H](NC(=O)Nc2cc3[nH]nc(-c4ccc(F)cc4)c3cn2)C1,CHEMBL3658684,0.47792052309250804,1
COc1cc(C(=O)NC(CN2CCN(C)CC2)c2ccccc2)ccc1-c1cn[nH]c1,CHEMBL3980726,0.4779194863786218,1
O=C(NC1CC1)c1ccc2cccc(-c3cc4c([nH]3)CCNC4=O)c2n1,CHEMBL3975341,0.4779191081892237,1
NC[C@@H](NC(=O)C[C@H]1CNC(=O)c2cc(-c3ccnc(F)c3)cn21)c1ccccc1,CHEMBL3298889,0.47789227508587284,1
NC[C@@H](NC(=O)C[C@@H]1CNC(=O)c2cc(-c3ccnc(F)c3)cn21)c1ccccc1,CHEMBL3298890,0.47789227508587284,1
O=C(Nc1cc(Cn2c(=O)[nH]c(=O)c3ccccc32)ccc1Cl)[C@H]1CCNC1,CHEMBL4064245,0.4778654485049833,1
O=C(Nc1cc(Cn2c(=O)[nH]c(=O)c3ccccc32)ccc1Br)[C@H]1CCNC1,CHEMBL4116672,0.4778654485049833,1
CC1CCC(NC(=O)c2csc(NC(=O)c3ccc4cc5n(c4c3)C(C)CNC5=O)n2)CC1,CHEMBL437033,0.47783903766289554,1
CC1CNC(=O)c2cc3ccc(C(=O)Nc4nc(C(=O)NC5CCCCC5)cs4)cc3n21,CHEMBL409727,0.47783903766289554,1
CC1CNC(=O)c2cc3ccc(C(=O)Nc4nc(C(=O)NCC(C)(C)C)cs4)cc3n21,CHEMBL271863,0.47783903766289554,1
O=C(NO)c1ccc(C(=O)Nc2n[nH]c3cc(-c4ccccc4F)ccc23)cc1,CHEMBL4214775,0.47780648191639236,1
O=C(NO)c1ccc(C(=O)Nc2n[nH]c3cc(-c4ccccc4)ccc23)cc1,CHEMBL4211477,0.47780648191639236,1
O=C(NCCN1CCCCC1)c1ccc2[nH]c(=O)c3cccnc3c2c1,CHEMBL3649720,0.47779286756199385,1
NC(=S)N/N=C/c1cc2c(cc1O)OCC(c1ccc(O)cc1)=C2,CHEMBL4099007,0.4777807462819485,1
CNC(=S)N/N=C/c1cc2c(cc1O)OCC(c1ccc(O)cc1)=C2,CHEMBL4080643,0.4777807462819485,1
C=CCNC(=S)N/N=C/c1cc2c(cc1O)OCC(c1ccc(O)cc1)=C2,CHEMBL4069968,0.4777807462819485,1
COCCNc1ccc2cc(-c3n[nH]c4ccccc34)[nH]c2c1,CHEMBL1684670,0.4777804937668052,1
CCNC(=O)Nc1noc2cc(-c3c(C4CC4)n[nH]c3C)ccc12,CHEMBL4092643,0.4777666332330323,1
O=C(Nc1ccc(C(=O)N2CCN(CCO)CC2)cc1)N1Cc2ccccc2C1,CHEMBL3934083,0.4777603349031917,1
C/C=C/c1cccc(-c2nc(C(=O)N3CCN(C)CC3)cc3c2[C@@H](CCO)N(C(=O)NC(C)C)C3)c1,CHEMBL3186373,0.4777537321644719,1
CC(=O)c1ccc(F)c(-c2cc(C)cc3c2OC(CNC(=O)C[C@@H]2C[C@@H](C)NC(=S)N2)C3)c1,CHEMBL2136653,0.47774264169301844,1
CC(C)(CO)c1ccc2c(c1)CC[C@H]2NC(=O)Nc1cccc2[nH]ncc12,CHEMBL398856,0.4777192757159368,1
O=C1Nc2ccc(F)cc2/C1=C/c1ccc(C(=O)NCCN2CCOCC2)c(=O)[nH]1,CHEMBL1963588,0.4777067436584861,1
c1ncc(-c2nc3cc(C4=NCCN4)ccc3[nH]2)[nH]1,CHEMBL394405,0.47769892372044925,1
Cc1nc2cccc(-c3cc4n(c3)C(=O)NC4)c2nc1NC(C)(C)C,CHEMBL3940085,0.47768140469642456,1
COc1ccc2c(c1)C(=O)N(c1nc(C(=O)Nc3ccccc3N3CCNCC3)cs1)C2,CHEMBL2381248,0.4776741143663722,1
COc1ccc2c(c1)C(=O)N(c1nc(C(=O)Nc3cc(F)ccc3N3CCNCC3)cs1)C2,CHEMBL2381223,0.4776741143663722,1
CN1CCC(C(=O)N2CC=C(c3ccc(NC(=O)N4Cc5ccccc5C4)cc3)CC2)C1,CHEMBL3941834,0.47764967013995907,1
COC1CCC2(CC1)Cc1ccc(-c3cccnc3)cc1C21CC(=O)N(C)C(N)=N1,CHEMBL3656177,0.4776495685057693,1
NC(=O)c1cnc(O[C@H]2CCCNC2)c2cc(-c3ccccc3)sc12,CHEMBL4089699,0.4776460802661675,1
CCN(c1ncc(C(N)=O)c2sc(-c3ccccc3)cc12)[C@H]1CCCNC1,CHEMBL4079391,0.4776460802661675,1
CN(c1ncc(C(N)=O)c2sc(-c3ccccc3)cc12)[C@H]1CCCNC1,CHEMBL4097424,0.4776460802661675,1
NC1CCC(N[C@H]2C[C@@H]2c2ccc(-c3ccc4cn[nH]c4c3)cc2)CC1,CHEMBL4112191,0.4776186213070721,1
NC(=O)CCC(=O)NC1c2ccccc2-c2c(-c3nc4cnccc4[nH]3)cccc21,CHEMBL1917726,0.4775987315166488,1
CN1C(=O)NC(=O)C12Cc1cc3ccc(CN4CCC(Cc5ccccc5)CC4)nc3cc1C2,CHEMBL3656899,0.4775857531362399,1
Cc1ccc(Cl)cc1-c1[nH]c(-c2ccnc(N)n2)cc1C(=O)NC1CCN(C)CC1,CHEMBL3330114,0.477563524959452,1
Nc1cccc(-c2cc(O)c3ccc4[nH]ccc4c3n2)c1,CHEMBL192764,0.4775529192835543,1
O=C1NC(=S)N/C1=C\c1ccc(-c2cc(=O)c3ccccc3o2)cc1,CHEMBL2262045,0.477545423380185,1
O=C1NC(=S)N/C1=C/c1cccc(-c2cc(=O)c3ccccc3o2)c1,CHEMBL2262055,0.477545423380185,1
N[C@H](Cc1ccccc1)C(=O)NC(=O)c1ccc(NC(=O)N2Cc3ccc(F)cc3C2)cc1,CHEMBL3983165,0.47754252303330963,1
N[C@@H](Cc1ccccc1)C(=O)NC(=O)c1ccc(NC(=O)N2Cc3ccccc3C2)cc1,CHEMBL3974194,0.47754252303330963,1
N[C@@H](Cc1ccccc1)C(=O)NC(=O)c1ccc(NC(=O)N2Cc3ccc(F)cc3C2)cc1,CHEMBL3939777,0.47754252303330963,1
Cc1cc(-c2n[nH]c3cc(NC(=O)NCC4CNC4)ncc23)ccn1,CHEMBL3663039,0.47753899230935076,1
c1cc(OCCN2CCOCC2)cc(-c2n[nH]c3ccc(-c4ncn[nH]4)cc23)c1,CHEMBL3910218,0.4775385250412768,1
CN1CCN(CCC(=O)Nc2ccc(NC(=O)N3Cc4ccccc4C3)cc2)CC1,CHEMBL3920700,0.47753133029206624,1
CCn1c(=O)c2cn[nH]c2c2ccc(-c3ccccc3CN3CCOCC3)cc21,CHEMBL3974055,0.47752267801236237,1
O=c1c2cn[nH]c2c2ccc(-c3ccccc3CN3CCOCC3)cc2n1CC(F)(F)F,CHEMBL3916484,0.47752267801236237,1
Nc1n[nH]c2cccc(-c3ccc(C(=O)N4CCN(C(=O)c5ccc(F)c(F)c5)CC4)cc3)c12,CHEMBL3634532,0.4774854072083757,1
Cc1cccc(C(=O)N2CCN(C(=O)c3ccc(-c4cccc5[nH]nc(N)c45)cc3)CC2)c1,CHEMBL3634534,0.4774854072083757,1
Nc1n[nH]c2cccc(-c3ccc(C(=O)N4CCN(C(=O)c5cccc(F)c5)CC4)cc3)c12,CHEMBL3634407,0.4774854072083757,1
Cc1ccccc1C(=O)N1CCN(C(=O)c2ccc(-c3cccc4[nH]nc(N)c34)cc2)CC1,CHEMBL3634537,0.4774854072083757,1
COC(=O)c1c(F)cccc1-c1ccc(CNc2ccc(C(=O)N3CCNCC3)cn2)c(F)c1,CHEMBL207122,0.4774754260123725,1
O=C(Nc1nc2cc(Cl)cc(CN3CCOCC3)c2[nH]1)c1ccc2cc3n(c2c1)CCCNC3=O,CHEMBL3936241,0.47745896504197455,1
Cc1nc2cccc(-c3cc4c([nH]3)CCNC4=O)c2nc1NC1CN(C)C1,CHEMBL3917176,0.477456011730205,1
COCCNC(=O)c1ccc2cc(-c3n[nH]cc3-c3ccccc3)[nH]c2c1,CHEMBL1164176,0.4774159663865545,1
O=C(c1ccc2[nH]ccc2c1)N1CCn2cc(CN3CCCC3)nc2C1,CHEMBL3471259,0.47741221450850163,1
CC1(C)c2cc(C(=O)NC3COC3)ccc2C(=O)c2c1[nH]c1cc(C#N)ccc21,CHEMBL3901838,0.47738971370230115,1
COc1ccc(Cl)cc1C(=O)Nc1ccc(CN2CCNCC2)cc1,CHEMBL3561283,0.47735416789050106,1
COc1ccc(Cl)cc1C(=O)Nc1cccc(CN2CCNCC2)c1,CHEMBL3561912,0.47735416789050106,1
C=CCNC(=S)Nc1ccc(OCc2n[nH]c(=S)n2-c2ccccc2)cc1,CHEMBL521661,0.4773297812387927,1
CCNC(=S)Nc1ccc(OCc2n[nH]c(=S)n2-c2ccccc2)cc1,CHEMBL493611,0.4773297812387927,1
CNC(=S)Nc1ccc(OCc2n[nH]c(=S)n2-c2ccccc2)cc1,CHEMBL493610,0.4773297812387927,1
Cc1[nH]c(/C=C2\C(=O)Nc3ccc(F)cc32)c(C)c1NC(=O)CCN1CCCC1,CHEMBL3288857,0.4773225241016652,1
NC(COc1cncc(-c2ccc3[nH]c(=O)oc3c2)c1)Cc1c[nH]c2ccccc12,CHEMBL1987679,0.47731881336838144,1
N[C@H](COc1cncc(-c2ccc3c(c2)CC(=O)N3)c1)Cc1c[nH]c2ccccc12,CHEMBL579246,0.47731881336838144,1
NC(COc1cncc(-c2ccc3c(c2)CC(=O)N3)c1)Cc1c[nH]c2ccccc12,CHEMBL1967302,0.47731881336838144,1
N[C@H](COc1cncc(-c2ccc3[nH]c(=O)oc3c2)c1)Cc1c[nH]c2ccccc12,CHEMBL575824,0.47731881336838144,1
N[C@@H]1CCCN(c2c(/C=C3\SC(=O)NC3=O)cccc2-c2ccncc2)C1,CHEMBL2048873,0.4773089017430798,1
COc1cc(/C=C2/C(=N)N3C(c4ccccc4)=CSC3=NC2=O)ccc1O,CHEMBL1425478,0.4773087511470758,1
NC(=O)c1ccc(N[C@H]2CCCNC2)c2cc(-c3ccc(F)cc3)[nH]c12,CHEMBL4088986,0.4772670392925668,1
NC(=O)c1ccc(N[C@H]2CCCNC2)c2cc(-c3ccc(Cl)cc3)[nH]c12,CHEMBL4105353,0.4772670392925668,1
NC(=O)c1ccc(N[C@H]2CCCNC2)c2cc(-c3cccc(F)c3)[nH]c12,CHEMBL4067770,0.4772670392925668,1
NC(=O)c1ccc(N[C@H]2CCCNC2)c2cc(-c3ccccc3)[nH]c12,CHEMBL4096683,0.4772670392925668,1
Nc1n[nH]c2cccc(-c3ccc4c(C(=O)NC5CC5)cccc4c3)c12,CHEMBL3288523,0.4772406718810104,1
NC(=O)c1c(NC(=O)c2ccc(CN3CCCCC3)cc2)sc2c1CCC(CO)C2,CHEMBL4069874,0.4772327271086238,1
COc1ccccc1-c1cc2c(N[C@H]3CCCNC3)ncc(C(N)=O)c2s1,CHEMBL1287978,0.47722912966252223,1
COc1ccc(F)cc1-c1cc2c(N[C@H]3CCCNC3)ncc(C(N)=O)c2s1,CHEMBL1288277,0.47722912966252223,1
Cc1[nH]c(/C=C2\C(=O)Nc3ccc(F)cc32)c(C)c1NC(=O)CNC1CCCC1,CHEMBL4080036,0.47719846569114927,1
ON=C1CCc2cc(-c3nc(C4CCNCC4)[nH]c3-c3ccncc3)ccc21,CHEMBL1794071,0.47719659026833394,1
CCN(CC)C(=O)c1ccc(C2=CC3(CCNCC3)Oc3ccccc32)c(O)c1,CHEMBL561339,0.4771915501581793,1
c1cc(N2CCNCC2)ccc1-c1ccc2ccc(-c3ccc(N4CCNCC4)cc3)nc2n1,CHEMBL2263596,0.47718322909427835,1
O=C1Nc2c(cccc2N2CCNCC2)C(c2ccccc2)=N[C@H]1c1ccccc1,CHEMBL2314783,0.47717741935483865,1
CC(C)NC(=O)c1ccc2cc(C(O)(c3c[nH]cn3)C(C)C)ccc2c1,CHEMBL1682896,0.47717445952740034,1
COc1ccc2c(c1)C(=O)N(C[C@@]1(C#Cc3ccc([C@H](C)N)cc3)NC(=O)NC1=O)C2,CHEMBL1288240,0.47716886761901317,1
COc1ccc2c(c1)C(=O)N(C[C@@]1(C#Cc3ccc(C(N)C(F)(F)F)cc3)NC(=O)NC1=O)C2,CHEMBL3640296,0.47716886761901317,1
CN[C@@H](C)C(=O)N[C@H](C(=O)N1Cc2ccccc2C[C@H]1C(=O)Nc1c(F)cccc1F)C(C)C,CHEMBL3901618,0.47715156130997666,1
N=C1S/C(=C\c2c[nH]nc2-c2ccc(O)cc2)C(=O)N1c1nccs1,CHEMBL478663,0.47711149542935755,1
O=C(Nc1cc2cc[nH]c(=O)c2cc1Cl)C(NC1CC1)c1ccccc1,CHEMBL1084106,0.4770908309609494,1
O=C(Nc1ccc([C@@H]2CNCCO2)cc1Cl)c1ccn(-c2ccc(F)cc2)n1,CHEMBL3672973,0.47706422018348593,1
O=C(Nc1ccc([C@@H]2CNCCO2)cc1)c1ccn(-c2ccc(F)cc2)n1,CHEMBL3663709,0.47706422018348593,1
O=C(Nc1ccc([C@H]2CNCCO2)cc1Cl)c1ccn(-c2ccc(F)cc2)n1,CHEMBL3672972,0.47706422018348593,1
O=C(Nc1ccc([C@H]2CNCCO2)cc1F)c1ccn(-c2ccc(F)cc2)n1,CHEMBL3672957,0.47706422018348593,1
O=C(Nc1ccc([C@@H]2CNCCO2)cc1F)c1ccn(-c2ccc(F)cc2)n1,CHEMBL3672956,0.47706422018348593,1
O=C(Nc1ccc([C@H]2CNCCO2)cc1)c1ccn(-c2ccc(F)cc2)n1,CHEMBL3663707,0.47706422018348593,1
O=C(Nc1ccc(C2CNCCO2)cc1)c1ccn(-c2ccccc2)n1,CHEMBL3931194,0.47706422018348593,1
NCCCN1CCc2c([nH]c3ccc(Cl)cc23)C1c1cccc(O)c1,CHEMBL1163677,0.4770557842192836,1
Cc1ccc2[nH]c3c(c2c1)CCN(CCCN)C3c1cccc(O)c1,CHEMBL1179283,0.4770557842192834,1
N/C(=N\c1ccc2c(c1)N(C1CCNCC1)CCS2)c1cccs1,CHEMBL3675256,0.4770392581487034,1
CCc1[nH]c2nc(Sc3ccc4c(c3)C(=O)NC4)nc(N3CC[C@@H](N)C3)c2c1Cl,CHEMBL2331823,0.4769996567112941,1
Cc1ccc2nc(O)c3cc(C(=O)NCCN4CCN(C)CC4)sc3c2c1,CHEMBL1538814,0.4769767919490654,1
O=C1Nc2ccc(C(=O)N[C@H](CO)c3ccccc3)cc2/C1=C/c1cccs1,CHEMBL4087009,0.4769596199524939,1
Nc1cccc(-c2c[nH]c3ncc(-c4cccnc4)cc23)c1,CHEMBL3194697,0.47694771133565217,1
Cc1nc2cccc(-c3cc4c([nH]3)CCNC4=O)c2nc1NC(C)(C)CCO,CHEMBL3918196,0.47692444497139624,1
c1cncc(-c2cc3c(-c4cncc(NC5CCNCC5)c4)n[nH]c3cn2)c1,CHEMBL3914452,0.4769130830193584,1
O=C(NO)c1ccc(CN2c3ccccc3NC(=O)[C@H]2CCc2ccccc2)cc1,CHEMBL482358,0.47691171038049485,1
CN[C@@H](C)C(=O)Nc1ccc2c(n1)CN(Cc1ccccc1)C(=O)N2c1ccccc1,CHEMBL3892200,0.4768751497723459,1
CC(C)N1CCC(Oc2cc3cc4n(c3cc2Br)[C@@H](C)CNC4=O)CC1,CHEMBL1258078,0.4768634946182475,1
CC(C)N1CCC(Oc2ccc3c(c2)cc2n3CCCNC2=O)CC1,CHEMBL1258755,0.4768634946182475,1
CC(C)N1CCC(Oc2ccc3c(c2)cc2n3CCNC2=O)CC1,CHEMBL1258754,0.4768634946182475,1
CC(C)N1CCC(Oc2ccc3c(c2)cc2n3[C@H](C)CNC2=O)CC1,CHEMBL1257851,0.4768634946182475,1
CC(C)N1CCC(Oc2ccc3c(c2)cc2n3C[C@H](C)NC2=O)CC1,CHEMBL1257850,0.4768634946182475,1
CC(C)N1CCC(Oc2ccc3c(c2)cc2n3C[C@@H](C)NC2=O)CC1,CHEMBL1257729,0.4768634946182475,1
CC(C)N1CCC(Oc2ccc3c(c2)cc2n3[C@@H](C)CNC2=O)CC1,CHEMBL1257964,0.4768634946182475,1
CN1CCN(c2ccc3nc(-c4ccc(OCCCN)cc4)[nH]c3c2)CC1,CHEMBL4064237,0.4768361062597664,1
NCCC(=O)N1CCc2c([nH]c3ccc(Cl)cc23)C1c1ccnc(N)c1,CHEMBL592277,0.4768325569992644,1
C=CC(=O)NCc1cccc(-c2ccc(C(N)=O)c3[nH]c4c(c23)CCC(C(C)(C)O)C4)c1,CHEMBL4249247,0.4768144768144767,1
C[C@H](CNC(=O)c1ccc(CN2CCN(C)CC2)cc1)Cc1ccc2cc(NC(=O)C3CC3)ncc2c1,CHEMBL3685192,0.4768068520835337,1
C[C@@H](CNC(=O)c1ccc(CN2CCN(C)CC2)cc1)Cc1ccc2cc(NC(=O)C3CC3)ncc2c1,CHEMBL3685193,0.4768068520835337,1
CN1CCN(Cc2ccc(NC(=O)c3cc(-c4ccncc4)cnc3O)cc2)CC1,CHEMBL197652,0.4767932489451477,1
C[C@H]1CN2CCC[C@H]2CN1C(=O)N1Cc2c(NC(=O)c3cncs3)n[nH]c2C1(C)C,CHEMBL3662757,0.476788226382426,1
Cc1nc(C)c(C(=O)Nc2n[nH]c3c2CN(C(=O)N2C[C@@H]4CCCN4C[C@@H]2C)C3(C)C)o1,CHEMBL3662889,0.476788226382426,1
c1ccc2[nH]c(-c3ccc(-c4ccc(C5=NCCN5)cc4)o3)nc2c1,CHEMBL60368,0.47675912269851073,1
NC(=O)c1cc(-c2ccc(Cl)cc2)nc2c1[nH]c1cc(C(=O)N3CCOCC3)ccc12,CHEMBL3646848,0.47672765625716484,1
NC(=O)c1cc(-c2ccc(F)c(F)c2)nc2c1[nH]c1cc(C(=O)N3CCOCC3)ccc12,CHEMBL3646847,0.47672765625716484,1
COc1cccc(CNC(=O)c2cn(CCN3CCCC3)c3nc(-c4cn[nH]c4)ccc23)c1,CHEMBL1922137,0.47667965911343113,1
COc1ccc(-c2nnc(-c3ccc4c(c3)CC(N)(CO)CC4)o2)cc1C,CHEMBL3892404,0.4765927046562447,1
O=C(NCc1ccc(Cl)cc1)c1c[nH]c2sc(CN3CCOCC3)cc2c1=O,CHEMBL247130,0.4765851855762629,1
CNC(=O)c1cc(Oc2ccc(NC(=O)c3ccc(CN4CCN(C)CC4)cc3)cc2)ccn1,CHEMBL1213922,0.47658094173189197,1
O=C(N[C@@H](C(=O)N1CCC(CN2CCC(CO)CC2)CC1)c1ccccc1)c1ccc2cc[nH]c2c1,CHEMBL401124,0.4765701428291915,1
Nc1cccc(-c2cc(O)c3c(ccc4[nH]ccc43)n2)c1,CHEMBL204143,0.47654828020721524,1
O=C(CSC1=NC(=O)C2(NN1)c1ccccc1-c1ccccc12)NC(=S)Nc1ccccc1,CHEMBL1965664,0.4765440644369633,1
CN1CCN(c2cccc(-c3cnc4[nH]c5cnc(C#N)cc5c4c3)c2)CC1,CHEMBL3582200,0.4764617188808845,1
CN1CCN(c2ccc(-c3cnc4[nH]c5cnc(C#N)cc5c4c3)cc2)CC1,CHEMBL3359895,0.4764617188808845,1
C[C@@]12CCNC1Nc1ccc(OC(=O)Nc3ccccc3)cc12,CHEMBL419470,0.47642166589268353,1
Cc1ccccc1NC(=O)Oc1ccc2c(c1)[C@]1(C)CCNC1N2,CHEMBL54864,0.47642166589268353,1
C[C@]12CCNC1Nc1ccc(OC(=O)Nc3ccccc3)cc12,CHEMBL309351,0.47642166589268353,1
Cc1ccccc1NC(=O)Oc1ccc2c(c1)[C@]1(C)CCN[C@@H]1N2,CHEMBL1243140,0.47642166589268353,1
O=C1Cc2cc(-c3ccc4c(NC(=O)C5CC5)n[nH]c4c3)ccc2N1,CHEMBL4105124,0.4764173415912337,1
Cc1cc(-c2n[nH]c3cc(NC(=S)NCc4ccccc4)ncc23)ccn1,CHEMBL3654745,0.4764144663856222,1
Cc1nc(C)c(CC(=O)N2Cc3[nH]nc(NC(=O)c4ccc(N5CCN(C)CC5)cc4)c3C2)s1,CHEMBL2346697,0.47640594699418237,1
CNCc1cccc(-c2ccc3nc(-c4ccccc4)n(CC(=O)NCC4CC4)c(=O)c3c2)c1,CHEMBL1778936,0.47637723789810094,1
NCc1cccc(-c2ccc3nc(-c4ccccc4)n(CC(=O)NCC4CC4)c(=O)c3c2)c1,CHEMBL1778935,0.47637723789810094,1
Cn1c2c(c3cc(S(=O)(=O)c4cnc5[nH]ccc5c4)ccc31)C1CCC(C2)N1,CHEMBL3664779,0.4763533610945865,1
O=S(=O)(Nc1ccc2c(c1)C(C1CCNCC1)=CCO2)c1ccccc1,CHEMBL3329440,0.47634525099313807,1
NC(=O)c1c(NC(=O)c2ccc(CN3CCOCC3)cc2)sc2c1CCC(CO)C2,CHEMBL4088423,0.47629388346000684,1
O=C(N[C@H](CO)c1ccc(F)c(Cl)c1)N1CCc2cnc(NC3CCCC3)nc2C1,CHEMBL3298307,0.4762876499877559,1
CC(C)CNc1ncc2c(n1)CN(C(=O)N[C@H](CO)c1ccc(F)c(Cl)c1)CC2,CHEMBL3357949,0.47628764998775575,1
O=C1N=C(N2CCN(Cc3ccccc3)CC2)S/C1=C\c1ccc(O)cc1O,CHEMBL1223786,0.4762758991837829,1
O=C(Nc1cc(-c2cc3c([nH]2)C2(CCCNC2)CNC3=O)ccn1)c1ccc(C(F)(F)F)cc1,CHEMBL1933184,0.47625840635826416,1
Cc1ccc(C(=O)Nc2cc(-c3cc4c([nH]3)C3(CCCNC3)CNC4=O)ccn2)cc1C,CHEMBL1933178,0.47625840635826416,1
O=C(Nc1cc(-c2cc3c([nH]2)C2(CCNC2)CNC3=O)ccn1)c1cccc(F)c1,CHEMBL1933191,0.47625840635826416,1
O=C(Nc1cc(-c2cc3c([nH]2)C2(CCCNC2)CNC3=O)ccn1)c1ccc(F)cc1,CHEMBL1933181,0.47625840635826416,1
O=C(Nc1cc(-c2cc3c([nH]2)C2(CCNCC2)CNC3=O)ccn1)c1cccc(F)c1,CHEMBL1933171,0.47625840635826416,1
O=C(Nc1cc(-c2cc3c([nH]2)C2(CCNCC2)CNC3=O)ccn1)c1ccc(C(F)(F)F)cc1,CHEMBL1933175,0.47625840635826416,1
Cc1ccc(C(=O)Nc2cc(-c3cc4c([nH]3)C3(CCNC3)CNC4=O)ccn2)cc1C,CHEMBL1933188,0.47625840635826416,1
O=C(Nc1cc(-c2cc3c([nH]2)C2(CCCNC2)CNC3=O)ccn1)c1cccc(F)c1,CHEMBL1933182,0.47625840635826416,1
O=C(Nc1cc(-c2cc3c([nH]2)C2(CCNCC2)CNC3=O)ccn1)c1ccc(F)cc1,CHEMBL1933168,0.47625840635826416,1
Cc1ccc(C(=O)Nc2cc(-c3cc4c([nH]3)C3(CCNCC3)CNC4=O)ccn2)cc1C,CHEMBL1933162,0.47625840635826416,1
O=C(Nc1cc(-c2cc3c([nH]2)C2(CCCNC2)CNC3=O)ccn1)c1cccc(C(F)(F)F)c1,CHEMBL1933187,0.47625840635826416,1
O=C(Nc1cc(-c2cc3c([nH]2)C2(CCCNC2)CNC3=O)ccn1)c1cc(F)cc(F)c1,CHEMBL1933186,0.47625840635826416,1
O=C(Nc1cc(-c2cc3c([nH]2)C2(CCNC2)CNC3=O)ccn1)c1ccc(F)cc1,CHEMBL1933190,0.47625840635826416,1
O=C1NC(N2CCNCC2)=N/C1=C\c1ccc2ccccc2c1,CHEMBL3617220,0.47625307195519206,1
N#Cc1ccc(-c2n[nH]c3c2Cc2ccc(NCCN4CCOCC4)cc2-3)cn1,CHEMBL249115,0.4762491528556464,1
O=C1CN=C(NC[C@@H]2CCCc3cc(S(=O)(=O)c4cccc(F)c4)ccc32)N1,CHEMBL1086113,0.4762155688622754,1
O=C(NC1CCC(N2CCN(c3cccc4[nH]ccc34)CC2)CC1)c1cc2cccnc2[nH]1,CHEMBL526989,0.47621257832443714,1
CN(C)C1CCN(C[C@@H](NC(=O)C[C@H]2CNC(=O)c3cc(-c4ccnc(F)c4)cn32)C2CCCCC2)CC1,CHEMBL3961921,0.47620503413838805,1
CN(C)Cc1nc2c(sc3ccc(-c4ccc(N)cc4)cc32)c(=O)[nH]1,CHEMBL574169,0.47618842761884267,1
NC(=O)c1cccnc1COc1cc(-c2ccc(CN3CCOCC3)cc2)cc2ncccc12,CHEMBL3653768,0.47610965575766523,1
O=C(N[C@@H]1Cc2ccc(CN3CCCCCC3)cc2C1)c1ccc(OC[C@@H]2CCCO2)cn1,CHEMBL3648385,0.4760996134840251,1
c1cncc(CNc2cncc(-c3ccnc4[nH]c(C5CCNCC5)cc34)n2)c1,CHEMBL3673505,0.47608754390705244,1
c1cc(CNc2cncc(-c3ccnc4[nH]c(C5CCNCC5)cc34)n2)ccn1,CHEMBL3673506,0.47608754390705244,1
O=C(NCc1cccc(-c2cccc(CN3CCNCC3)c2)c1)c1cccc(F)c1,CHEMBL494742,0.4760826830285337,1
NC(=O)c1ccc(C(=O)c2c[nH]c3ncc(-c4cnn(C5CCNCC5)c4)cc23)c(Cl)c1,CHEMBL3596917,0.47605871029836394,1
O=C1CN(Cc2ccc3c(c2)-c2n[nH]c(=O)c4cccc(c24)O3)CCN1,CHEMBL3644770,0.4760570119971288,1
O=C1CC2CCc3cc(OC4CCN(C5CCC5)CC4)ccc3C2=NN1,CHEMBL2031477,0.4760469867211438,1
CC(C)NC(=O)N1N=C(c2ccc(N)cc2)c2cc3c(cc2C1C)OCO3,CHEMBL117700,0.4760236194925702,1
CC1c2cc3c(cc2C(c2ccc(N)cc2)=NN1C(=O)NC(C)(C)C)OCO3,CHEMBL323867,0.4760236194925702,1
CC(C1CC1)N(Cc1ccccc1)C(=O)CN1C(=O)NC2(CCc3cc(CO)ccc32)C1=O,CHEMBL4170778,0.47602312138728314,1
CC(C)(C)NCC(O)COc1ccc2c(=O)cc(-c3ccccc3)oc2c1,CHEMBL293974,0.4760170545389945,1
Cc1c(-c2ccccc2)oc2cc(OCC(O)CNC(C)C)ccc2c1=O,CHEMBL59207,0.4760170545389945,1
CC(C)NCC(O)COc1ccc2c(c1)OC(c1ccccc1)CC2=O,CHEMBL57943,0.4760170545389945,1
CC(C)NCC(O)COc1ccc2oc(-c3ccccc3)cc(=O)c2c1,CHEMBL291999,0.4760170545389945,1
CC(C)NCC(O)COc1ccc2c(=O)cc(-c3ccc(Cl)cc3)oc2c1,CHEMBL57440,0.4760170545389945,1
CC(C)NCC(O)COc1ccc2c(=O)cc(-c3cccc(Cl)c3)oc2c1,CHEMBL56510,0.4760170545389945,1
Cc1ccc(-c2cc(=O)c3ccc(OCC(O)CNC(C)C)cc3o2)cc1,CHEMBL56910,0.4760170545389945,1
CC(C)NCC(O)COc1ccc2c(=O)cc(-c3ccccc3Cl)oc2c1,CHEMBL56769,0.4760170545389945,1
CC(C)NCC(O)COc1ccc2c(=O)cc(-c3ccccc3)oc2c1,CHEMBL56023,0.4760170545389945,1
CNC1CCN(C(=O)c2ccc3c(c2)C(O)(C(F)(F)F)c2ccccc2-3)C1,CHEMBL3676576,0.47601123259843453,1
Cc1c(C(=O)N2CCN(C(C)C)CC2)sc2c1[nH]c(=O)c1ccccc12,CHEMBL3291332,0.4760020943626737,1
CC(C)C[C@@H]1C(=O)N[C@H](C2Cc3ccccc3C2)C(=O)N1[C@@H](C(=O)NC(C)(C)C)c1cccc(N2CCN(C)CC2)c1,CHEMBL371983,0.47600177436049107,1
CC(C)C[C@@H]1C(=O)N[C@H](C2Cc3ccccc3C2)C(=O)N1[C@@H](C(=O)NC(C)(C)C)c1ccc(N2CCN(C)CC2)cc1,CHEMBL382065,0.47600177436049107,1
CN1C(=O)[C@H](NC(=O)Nc2cccc(N)c2)N=C(c2ccccc2)c2ccccc21,CHEMBL2112749,0.4760011840825473,1
O=C(CN1CCCC1)Nc1ccc2c(c1)C1Oc3ccccc3CC1CO2,CHEMBL1995559,0.47597834937969996,1
O=C(CN1CCCCC1)Nc1ccc2c(c1)C1Oc3ccccc3CC1CO2,CHEMBL1978979,0.47597834937969996,1
CCNC(=O)c1noc(-c2cc(Cl)c(O)cc2O)c1-c1ccc(CN2CCOCC2)cc1,CHEMBL398346,0.47597588067280255,1
CCNC(=O)c1noc(-c2cc(Cl)c(O)cc2O)c1-c1ccc(CN2CCOCC2)cc1C,CHEMBL4060353,0.47597588067280255,1
CCNC(=O)c1noc(-c2cc(CC)c(O)cc2O)c1-c1ccc(CN2CCOCC2)cc1,CHEMBL400187,0.47597588067280255,1
NC1=NC(c2cccc(C(O)CO)c2)(c2ccnc(C(F)F)c2)c2cccc(F)c21,CHEMBL3542251,0.47597098382952985,1
CN[C@@H](C)C(=O)N[C@H](C(=O)N1Cc2ccccc2[C@H]1C(=O)Nc1cccc2cccnc12)C(C)C,CHEMBL3909452,0.475964816582572,1
c1cnc2[nH]c(-c3ccc(C4CCCCN4)cc3)nc2c1,CHEMBL237142,0.4759507490750286,1
CCN1CCN(C(=O)c2cc(Cc3n[nH]c(=O)c4c3CCCC4)ccc2F)CC1,CHEMBL3927211,0.4759412359483732,1
CCN1CCN(C(=O)c2cc(Cc3n[nH]c(=O)c4ccccc34)ccc2F)CC1,CHEMBL492692,0.4759412359483732,1
CCCCN1CCN(C(=O)c2cc(Cc3n[nH]c(=O)c4ccccc34)ccc2F)CC1,CHEMBL493693,0.4759412359483732,1
CCN1CCN(C(=O)c2cccc(Cc3n[nH]c(=O)c4c3CCCC4)c2)CC1,CHEMBL3920261,0.4759412359483732,1
CCCN1CCN(C(=O)c2cc(Cc3n[nH]c(=O)c4ccccc34)ccc2F)CC1,CHEMBL493692,0.4759412359483732,1
CCCCN1CCN(C(=O)c2cc(Cc3n[nH]c(=O)c4ccccc34)cc(F)c2F)CC1,CHEMBL4172321,0.4759412359483732,1
CN1CCCN(C(=O)c2cccc(Cc3n[nH]c(=O)c4c3CCCC4)c2)CC1,CHEMBL3911774,0.4759412359483732,1
CN1CCCN(C(=O)c2cc(Cc3n[nH]c(=O)c4c3CCCC4)ccc2F)CC1,CHEMBL3953380,0.4759412359483732,1
CN1CCN(C(=O)c2cccc(Cc3n[nH]c(=O)c4c3CCCC4)c2)CC1,CHEMBL3935862,0.4759412359483732,1
CN1CCN(C(=O)c2cccc(Cc3n[nH]c(=O)c4ccccc34)c2)CC1,CHEMBL523829,0.4759412359483732,1
CCN1CCN(C(=O)c2cc(Cc3n[nH]c(=O)c4ccccc34)cc(F)c2F)CC1,CHEMBL4161687,0.4759412359483732,1
CN1CCN(C(=O)c2cc(Cc3n[nH]c(=O)c4ccccc34)ccc2F)CC1,CHEMBL521815,0.4759412359483732,1
CNC1CCc2ccc(CNS(=O)(=O)c3ccn(C)c3)cc2C1Cc1ccccc1,CHEMBL3673312,0.47592379618980934,1
NC1CCc2ccc(CNS(=O)(=O)c3cccnc3)cc2C1Cc1ccccc1,CHEMBL3673303,0.47592379618980934,1
Cn1ccc(S(=O)(=O)NCc2ccc3c(c2)C(Cc2ccccc2)C(N)CC3)c1,CHEMBL3673302,0.47592379618980934,1
N=C(N)Nc1ccc(NC(=O)c2cccc(-c3ccccc3)c2O)cc1,CHEMBL291622,0.4759009814439543,1
COc1cccc(CNC(=O)N(CCN2CCCC2)c2ccc(-c3cn[nH]c3)cc2)c1,CHEMBL2332095,0.4758722681711123,1
O=c1[nH]c2ccc(OCCN3CCNCC3)cc2c2c1CCCN2,CHEMBL3649724,0.4758622996888696,1
N=C(N)c1ccc2[nH]c(-c3cccc(C4(O)CCCCC4)n3)cc2c1,CHEMBL3632759,0.4758536699611222,1
N[C@H](C(=O)N1CC(c2cc(F)ccc2F)=C[C@H]1c1cccc(O)c1)C1CC1,CHEMBL206115,0.4758521879290783,1
Nc1nccc(-c2ccc3nc(C4COc5ccc(C(=O)NC6CC6)cc5C4)[nH]c3c2)n1,CHEMBL454639,0.47584844675884375,1
NCCNC(=O)c1cc(-c2c[nH]c3ccc(Br)cc23)nc2cc(F)ccc12,CHEMBL1179650,0.4758322269754634,1
NCCNC(=O)c1cc(-c2c[nH]c3ccc(Br)cc23)nc2c(F)cccc12,CHEMBL1179646,0.4758322269754634,1
NCCNC(=O)c1cc(-c2c[nH]c3ccc(Br)cc23)nc2ccccc12,CHEMBL88982,0.4758322269754634,1
CC1(C)c2cc(OCC(=O)N3CCNCC3)ccc2C(=O)c2c1[nH]c1cc(C#N)ccc21,CHEMBL3963168,0.47582697201017793,1
O=C1CN(Cc2cccc(-c3cccc(CNC(=O)c4ccc5c(c4)OCO5)c3)c2)CCN1,CHEMBL495357,0.4758227450276116,1
O=C1NCC(c2ccc(Cl)cc2)Cc2[nH]c(CCN3CCOCC3)nc21,CHEMBL3479075,0.4757922769640477,1
CCN1CCCC1CNC(=O)c1ccc2c(=O)n(Cc3ccc(Cl)cc3)c(=S)[nH]c2c1,CHEMBL1164095,0.475763201320132,1
O=C1Nc2ncccc2[C@@]12Cc1cc3ccc(CN4CCNCC4c4ccccc4)nc3cc1C2,CHEMBL3656890,0.47575866865886973,1
CN1CCN(c2ccc3[nH]c(NC(=O)c4ccc5cc6n(c5c4)CCCNC6=O)nc3c2)CC1,CHEMBL3917125,0.4757543647189423,1
O=C(c1cc(Cc2n[nH]c(=O)c3c2NCCC3)ccc1F)N1CCNCC1,CHEMBL2058911,0.47573622402890664,1
CN1CC[C@@H](CNC(=O)Nc2cc3[nH]nc(-c4ccc(F)cc4)c3cn2)C1,CHEMBL3658689,0.47573360790003255,1
CN1CC[C@H](CNC(=O)Nc2cc3[nH]nc(-c4ccc(F)cc4)c3cn2)C1,CHEMBL3658690,0.47573360790003255,1
Cc1cc(NC(=O)c2ccc3cc4n(c3c2)C(C)(C)CNC4=O)no1,CHEMBL3958213,0.475732643061847,1
Cc1cc(-c2n[nH]c3cc(NC(=O)NCCN4CCC(c5ccccc5)C4)ncc23)ccn1,CHEMBL3658765,0.47572952730869766,1
Nc1ccc(-c2ccc3c(c2)NC(=O)/C3=C\c2cc[nH]c2)cc1,CHEMBL201649,0.47571076785314514,1
C[S]([O])c1nc(-c2ccc(F)cc2)c(-c2ccnc(NC3CCOCC3)c2)[nH]1,CHEMBL1773507,0.4757030492403835,1
COCNC(=O)c1ccc(-c2c(C(N)=O)c3n(c2C2CC2)CCN(C(=O)NC(C)(C)C)C3)cc1,CHEMBL3919092,0.47569833411628665,1
NCCCOc1cc(-c2cn[nH]c2)ccc1C(=O)Nc1ccccc1,CHEMBL3355056,0.4756751237939659,1
CC1=C[C@@](C)(c2cc(NC(=O)c3ccc(C#N)cn3)ccc2F)N=C(N)S1,CHEMBL3902683,0.4756625202812332,1
C[C@@]1(c2cc(NC(=O)c3ccc(C#N)cn3)ccc2F)C=CSC(N)=N1,CHEMBL3916243,0.4756625202812332,1
C=C1C[C@@](C)(c2cc(NC(=O)c3ccc(C#N)cn3)ccc2F)N=C(N)S1,CHEMBL3961031,0.4756625202812332,1
C[C@@]1(c2cc(NC(=O)c3ncc(C#N)cc3Cl)ccc2F)C=CSC(N)=N1,CHEMBL3670318,0.4756625202812332,1
C[C@@]1(c2cc(NC(=O)c3ncc(C#N)cc3F)ccc2F)C=CSC(N)=N1,CHEMBL3917824,0.4756625202812332,1
CN1CCN(c2ccc(C(=O)Nc3n[nH]c4c3CN(C(=O)Cc3cccc5ccccc35)C4)cc2)CC1,CHEMBL2346702,0.4755539093541652,1
N=C(N)c1cccc(N2CCCCN(C3CCN(Cc4ccncc4)CC3)C2=O)c1,CHEMBL1160793,0.4755472043065357,1
N=C(N)c1cccc(N2CCCCN(C3CCN(Cc4cccnc4)CC3)C2=O)c1,CHEMBL1160794,0.4755472043065357,1
O=C(NC1CC1)c1ccc(-c2cc(-c3cc4c([nH]3)CCNC4=O)ccn2)cc1,CHEMBL226206,0.47554293684000765,1
O=C(NC1CCCC1)c1ccc(-c2cc(-c3cc4c([nH]3)CCNC4=O)ccn2)cc1,CHEMBL388853,0.47554293684000765,1
O=S(=O)(Nc1ncns1)c1ccc2c(C3CCCN3)cccc2c1,CHEMBL3692127,0.47552180553198703,1
CC(C)Nc1nnc(-c2ccc3[nH]cc(-c4nc(C5CC5)n[nH]4)c3c2)o1,CHEMBL3915869,0.47550797723318305,1
CN1C(=O)c2ccccc2C(C(=O)NCC2CCCO2)C1c1c[nH]c2ccccc12,CHEMBL1486113,0.4755061041570083,1
NC1CCN(C(=O)c2ccc3c(c2)NC(=O)/C(=C/c2ccccc2F)S3)C1,CHEMBL2170910,0.47547823854153254,1
Cc1oc2cc(OCC(O)CNC(C)C)ccc2c(=O)c1-c1ccccc1,CHEMBL323859,0.4754723676040096,1
CC(C)NCC(O)COc1ccc2c(=O)c(-c3ccccc3)coc2c1,CHEMBL57263,0.4754723676040096,1
N[C@H]1CC[C@@H](CNC(=O)c2ccnc3nc(-c4cccs4)[nH]c23)CC1,CHEMBL3715032,0.4754706080593133,1
COc1ccc([C@@H]2CN(C)C[C@H]2c2nc3ccc(-c4cn[nH]c4)cc3c(=O)[nH]2)cc1,CHEMBL2333887,0.4754092105765194,1
O=C1CSc2ccc(CNC3CCN(CCc4c(F)cnc5ccc(F)cc45)CC3)nc2N1,CHEMBL535711,0.4754079782411604,1
NCCc1cn(Cc2coc(-c3ccc(O)cc3)n2)c2ccccc12,CHEMBL1860222,0.47539033457249064,1
O=C(Nc1ccc(CN2CCNCC2)cc1-c1nc2ccccc2[nH]1)c1cnc2ccccc2n1,CHEMBL482552,0.4753829088271686,1
N=C(N)Nc1nc(C(=O)Nc2nc3cccc(-c4ccccc4)c3s2)cs1,CHEMBL544511,0.47535760728218496,1
Cc1cccc(NC(=O)NC2CCc3ccccc3N(CC(=O)N3CCN(C)CC3)C2=O)c1,CHEMBL169807,0.4753528328901612,1
CNC(=O)[C@H](Cc1ccc2ccccc2c1)N1CCC(=O)N(Cc2cccc(O)c2)[C@@H](CC(C)C)C1=O,CHEMBL362072,0.475346534653465,1
Cc1n[nH]c2ccc(-c3cncc(OC[C@H](N)Cc4ccccc4)c3)cc12,CHEMBL212157,0.47533769954973376,1
Cc1n[nH]c2ccc(-c3cncc(OCC(N)Cc4ccccc4)c3)cc12,CHEMBL2002726,0.47533769954973376,1
Cc1n[nH]c2ccc(-c3cncc(OC[C@@H](N)Cc4ccccc4)c3)cc12,CHEMBL379218,0.47533769954973376,1
CC(C)(C)Nc1nc2c(-c3cc4c([nH]3)CCNC4=O)cccc2nc1C#N,CHEMBL3926451,0.47533263803293185,1
CC(C)(C)Nc1nc2c(-c3cc4c([nH]3)CCNC4=O)cccc2nc1C=O,CHEMBL3891942,0.47533263803293185,1
O=C1NCC(c2ccc(N3CCCCC3)cc2)N1c1ccc2[nH]cnc2c1,CHEMBL3904874,0.47532467532467537,1
CC(C)Oc1ccc(C2CNC(=O)N2c2ccc3nc[nH]c3c2)cc1,CHEMBL3908189,0.4753246753246753,1
Nc1ccc(-c2ccc3c(-c4ccc(N5CCNCC5)cc4)n[nH]c3n2)cn1,CHEMBL1910898,0.4753158538242091,1
Nc1cc(-c2ccc3c(-c4ccc(N5CCNCC5)cc4)n[nH]c3n2)ccn1,CHEMBL1910899,0.4753158538242091,1
O=C(Nc1ccccc1N1CCNCC1)c1csc(N2CCc3[nH]cnc3C2)n1,CHEMBL2381235,0.47526894645110945,1
Nc1ccccc1NC(=O)c1ccc(N2CCN(Cc3ccccc3)CC2)cc1,CHEMBL401875,0.4752573032539762,1
NC[C@H]1CC[C@H](C(=O)N[C@@H](Cc2ccccc2)c2nc(-c3ccc(C(N)=O)cc3)c(Cl)[nH]2)CC1,CHEMBL3355680,0.4752543541989997,1
NC[C@H]1CC[C@H](C(=O)N[C@@H](Cc2ccccc2)c2nc(-c3cccc(C(N)=O)c3)c[nH]2)CC1,CHEMBL3355676,0.4752543541989997,1
NC[C@H]1CC[C@H](C(=O)N[C@@H](Cc2ccccc2)c2nc(-c3ccc(C(N)=O)cc3)c(F)[nH]2)CC1,CHEMBL3355681,0.4752543541989997,1
CNC(=O)c1ccc(-c2c[nH]c([C@H](Cc3ccccc3)NC(=O)[C@H]3CC[C@H](CN)CC3)n2)cc1,CHEMBL3355672,0.4752543541989997,1
NC[C@H]1CC[C@H](C(=O)N[C@@H](Cc2ccccc2)c2nc(-c3ccc(C(N)=O)cc3)c[nH]2)CC1,CHEMBL3355670,0.4752543541989997,1
NC(=O)c1cnc(N[C@H]2CCCNC2)c2cc(-c3cn[nH]c3)sc12,CHEMBL4094277,0.47525115270695306,1
Cc1ccc2[nH]c3c(c2c1)CCN(CCCCN)C3c1cccc(O)c1,CHEMBL1163629,0.47518138382587144,1
O=C(Nc1cc(-c2ccccc2)[nH]n1)c1ccc2cc3n(c2c1)CCCNC3=O,CHEMBL3960426,0.475172567356936,1
N=C(N)c1cccc(Cn2c(C(=O)NCc3cccc(C(N)=O)c3)cc3ccccc32)c1,CHEMBL328391,0.4751718590024863,1
Cc1ccc(C(=O)Nc2ccc(CN3CCN(C)CC3)c(C(F)(F)F)c2)cc1C#Cc1cnc(C(N)=O)n1C,CHEMBL1784634,0.47516973397668544,1
CNC(=O)c1ncc(C#Cc2cc(C(=O)Nc3ccc(CN4CCN(C)CC4)c(C(F)(F)F)c3)ccc2C)n1C,CHEMBL1784635,0.47516973397668544,1
O=C1O[C@@H](CNC(=S)Nc2ccccc2F)CN1c1ccc(N2CC3(COC3)C2)c(F)c1,CHEMBL3973249,0.4751652502360715,1
O=C1O[C@@H](CNC(=S)Nc2cccc(C(F)(F)F)c2)CN1c1ccc(N2CC3(COC3)C2)c(F)c1,CHEMBL3911236,0.4751652502360715,1
O=C1O[C@@H](CNC(=S)Nc2ccc(Cl)cc2)CN1c1ccc(N2CC3(COC3)C2)c(F)c1,CHEMBL3908176,0.4751652502360715,1
c1cc(CNC2Cc3ccccc3C2)cc(-c2cnc(N3CCNCC3)nc2)c1,CHEMBL587382,0.47515481045159313,1
CC1CN(c2ncc(-c3ccc(CNC4Cc5ccccc5C4)cc3)cn2)CC(C)N1,CHEMBL533043,0.47515481045159313,1
O=C(CC1CCCO1)Nc1ccc(NC(=O)N2Cc3ccc(CO)cc3C2)cc1,CHEMBL3971263,0.47515363424454315,1
N=C(N)c1cccc(NC(=O)c2cccc3c2C(=O)c2ccccc2-3)c1,CHEMBL2203684,0.47515215411894385,1
Cc1nc2cccc(-c3cc4c([nH]3)CCNC4=O)c2nc1NC(C)(C)CN,CHEMBL3969013,0.4751503384300085,1
Clc1ccc(-c2cc(-c3ccc([C@H]4CNCCO4)cc3)n[nH]2)cn1,CHEMBL4112189,0.4751156133010346,1
Clc1ccc(-c2cc(-c3ccc([C@@H]4CNCCO4)cc3)n[nH]2)cn1,CHEMBL3919715,0.4751156133010346,1
Clc1ccc(-c2cc(-c3ccc(C4CNCCO4)cc3)n[nH]2)cn1,CHEMBL3948553,0.4751156133010346,1
Clc1cc(-c2cc(-c3ccc([C@H]4CNCCO4)cc3)n[nH]2)ccn1,CHEMBL4115282,0.4751156133010346,1
O=C(Cc1ccc(C(F)(F)F)c(F)c1)Nc1cccc2c1CCN(C(=O)[C@H]1CCCN1)C2,CHEMBL549883,0.4751101583899007,1
N#Cc1ccc2c(c1)[nH]c(=O)c1cc(CC(C#N)NC(=O)[C@H]3N[C@@H]4CC[C@H]3C4)ccc12,CHEMBL3667358,0.4751094294828993,1
N#Cc1cc2c(cc1C(F)(F)F)[nH]c(=O)c1cc(CC(C#N)NC(=O)[C@H]3N[C@@H]4CC[C@H]3C4)ccc12,CHEMBL3667351,0.4751094294828993,1
N#Cc1ccc2[nH]c(=O)c3cc(CC(C#N)NC(=O)[C@H]4N[C@@H]5CC[C@H]4C5)ccc3c2c1,CHEMBL3667347,0.4751094294828993,1
N#Cc1ccc2c(c1)[nH]c(=O)c1cc(CC(C#N)NC(=O)[C@H]3N[C@@H]4CC[C@H]3C4)c(F)cc12,CHEMBL3667341,0.4751094294828993,1
N#Cc1cc(F)c2[nH]c(=O)c3cc(CC(C#N)NC(=O)[C@H]4N[C@@H]5CC[C@H]4C5)ccc3c2c1,CHEMBL3667356,0.4751094294828993,1
N#Cc1cc(F)c2[nH]c(=O)c3cc(C[C@@H](C#N)NC(=O)[C@H]4N[C@@H]5CC[C@H]4C5)c(F)cc3c2c1,CHEMBL3667374,0.4751094294828993,1
Cn1cncc1CNC(=O)c1ccc2cc(-c3n[nH]cc3-c3ccccc3)[nH]c2c1,CHEMBL1164177,0.4750964010282775,1
O=C(NCc1cnccn1)c1ccc2cc(-c3n[nH]cc3-c3ccccc3)[nH]c2c1,CHEMBL1164173,0.4750964010282775,1
F[C@@H]1CN[C@H](CNc2ccc(Cl)c(-c3ccnc4[nH]c(C5CCNCC5)cc34)n2)C1,CHEMBL3668466,0.4750953587437704,1
O=C1CSC(c2ccc(O)cc2)N1CCN1CCNCC1,CHEMBL2282239,0.4750757654927367,1
O=C1CSC(c2cccc(O)c2)N1CCN1CCNCC1,CHEMBL2282238,0.4750757654927367,1
NC(=O)c1ccc(-c2nc3ccc(-c4ccccc4)cn3c2CN2CCOCC2)cc1,CHEMBL4290530,0.47506132461161066,1
O=C(CN1C(=O)C2(CCCC2)NC[C@H]1c1cc(F)cc(F)c1)Nc1ccc2c(c1)C[C@@]1(C2)C(=O)Nc2ncccc21,CHEMBL1910936,0.47500845260903857,1
C[C@@]1(c2cc(F)cc(F)c2)CNC2(CCCC2)C(=O)N1CC(=O)Nc1ccc2c(c1)C[C@@]1(C2)C(=O)Nc2ncccc21,CHEMBL2035981,0.47500845260903857,1
O=C(NN1C(=O)CSC1c1ccc(O)cc1)c1cc(-c2ccc(Cl)cc2)n[nH]1,CHEMBL2059839,0.4749999999999996,1
CC(C)NC(=O)Nc1cc(Cc2n[nH]c(=O)c3c2CCCC3)ccc1F,CHEMBL3944026,0.4749971780110618,1
CC(C)(C)NC(=O)Nc1cc(Cc2n[nH]c(=O)c3c2CCCC3)ccc1F,CHEMBL3901504,0.4749971780110618,1
Cc1c(C)c2c(c(C)c1O)CCC(C)(COc1ccc(CC3SC(N)=NC3=O)cc1)O2,CHEMBL134712,0.47498893315626345,1
N=C(N)N1CCN(C(=O)c2cc(-c3ccc(CN4CCOCC4)cc3)nc3ccc(F)cc23)CC1,CHEMBL4083201,0.4749762325139211,1
O=C(NCc1ncc[nH]1)c1cc([C@@H]2CCNC[C@H]2COc2ccc3c(c2)OCO3)ccc1F,CHEMBL4075475,0.4749312737269276,1
O=C(Cc1ccccc1)NC1CCN(CC(=O)NC2CCc3cc(F)ccc3C2Cc2cccnc2)CC1,CHEMBL288763,0.4749186861514496,1
c1cc(-c2ccc(-c3nc4ccc(C5=NCCN5)cc4s3)o2)ccc1C1=NCCN1,CHEMBL3215586,0.47490884985084514,1
O=C1NCC2(CCCNC2)c2[nH]c(-c3ccnc(NC(=O)c4cccc5ccccc45)c3)cc21,CHEMBL1933180,0.4748794795841321,1
O=C1NCC2(CCNCC2)c2[nH]c(-c3ccnc(NC(=O)c4cccc5ccccc45)c3)cc21,CHEMBL1933166,0.4748794795841321,1
CC(C)(O)C#Cc1ccc2c(c1)NC(=O)CC(c1cccc(C#N)c1)=N2,CHEMBL236258,0.4748769600549388,1
CCN(CC)CCNC(=O)c1c(C)[nH]c(/C=C2\C(=O)Nc3ccc(-c4cncnc4)cc32)c1C,CHEMBL3729123,0.4748740906547286,1
CC(C)(N)C(=O)N[C@H](Cc1c[nH]c2ccccc12)C(=O)N1CCCC2(Cc3ccccc3C2)C1,CHEMBL427806,0.4748670855485742,1
CC(C)(N)C(=O)N[C@H](Cc1c[nH]c2ccccc12)C(=O)N1CCC2(CC1)Cc1ccccc1C2,CHEMBL268518,0.4748670855485742,1
Cn1cc(-c2cc3c(-c4cccc(N5CCC[C@@H](N)C5)c4)n[nH]c3cn2)cn1,CHEMBL3634759,0.4748567381366302,1
CN[C@@H](C)C(=O)N[C@H](C(=O)N1Cc2ccccc2[C@H]1C(=O)Nc1cccc2c1ccn2C)C(C)C,CHEMBL3979674,0.4748081530608701,1
Oc1c(F)cc(-c2cnccc2-c2ccc(N3CCNCC3)cc2)cc1F,CHEMBL3604792,0.4747954173486086,1
O=C(Nc1cc(Br)ccc1N1CCNCC1)c1cc2ccccc2oc1=O,CHEMBL1165089,0.4747814391392063,1
CN1C(=O)[C@H](NC(=O)Nc2cccc(CN)c2)N=C(c2ccccc2)c2ccccc21,CHEMBL2112754,0.4747773210003424,1
COc1cccc(NC(=O)c2cc(-c3ccc(NC(=N)N)cc3)[nH]n2)c1,CHEMBL3596567,0.47475202885482415,1
COc1ccc(NC(=O)c2cc(-c3ccc(NC(=N)N)cc3)[nH]n2)cc1,CHEMBL3596548,0.47475202885482415,1
CCN(CC)c1ccc(NC(=O)c2cc(-c3ccc(NC(=N)N)cc3)[nH]n2)cc1,CHEMBL3596559,0.47475202885482415,1
NC1CCN(S(=O)(=O)c2ccc3[nH]c(-c4cc5ccccc5nc4O)cc3c2)C1,CHEMBL323838,0.474746788117735,1
CN1CCN(c2ccc(-c3cc(N)ncc3-c3cc(F)c(O)c(F)c3)cc2)CC1,CHEMBL3604881,0.4747387444016654,1
Cn1nccc1CNC(=O)c1ccc2cc(-c3n[nH]cc3-c3ccccc3)[nH]c2c1,CHEMBL1164262,0.4747348971722363,1
COc1ccc(CN2CCNC(=O)C2CC(=O)NCc2c[nH]nc2-c2ccccc2)c(F)c1,CHEMBL1417230,0.47473398706446907,1
CNc1nc2c(s1)C[C@H]1[C@H]3Cc4ccc(O)cc4[C@@]1(CCN3CC1CC1)C2,CHEMBL3086308,0.47469639109643214,1
Nc1nc2c(s1)C[C@H]1[C@H]3Cc4ccc(O)cc4[C@@]1(CCN3CC1CCC1)C2,CHEMBL376355,0.47469639109643214,1
Nc1nc2c(s1)C[C@H]1[C@H]3Cc4ccc(O)cc4[C@@]1(CCN3CC1CC1)C2,CHEMBL226217,0.47469639109643214,1
Cc1ccc(C(=O)Nc2ccc(CN3CCN(C)CC3)cc2)cc1C#Cc1cccnc1,CHEMBL4092478,0.47466095645967166,1
Cc1ccc(C(=O)Nc2ccc(CN3CCN(C)CC3)c(F)c2)cc1C#Cc1cccnc1,CHEMBL4097771,0.47466095645967166,1
CN1CCN(C(=O)c2ccc3c(c2)/C(=C2/Nc4ccccc4C2=O)C(=O)N3)CC1,CHEMBL1164288,0.47465467813395845,1
CN(CCO)C(=O)CN1CC2C=C(c3[nH]c4nccc5c4c3CN(C)c3ccc(F)cc3-5)CC2C1,CHEMBL3959305,0.4746034396393387,1
Cc1noc(C)c1-c1ccc2c(c1)C(c1ccccc1)(N1CCN(C)CC1)C(=O)N2,CHEMBL3920169,0.47457485130267213,1
O=C(NCCN1CCCC1)c1cccc(Cc2n[nH]c(=O)c3c2CCCC3)c1,CHEMBL3984330,0.47454475857166284,1
O=C(NCCN1CCCCC1)c1cccc(Cc2n[nH]c(=O)c3c2CCCC3)c1,CHEMBL3924951,0.47454475857166284,1
O=C(NCCN1CCOCC1)c1cc2c(s1)CCN2Cc1cccnc1,CHEMBL3441436,0.4745405405405405,1
O=C(Nc1ccccc1N1CCNCC1)c1csc(-c2ccccc2)n1,CHEMBL2037092,0.47451899493105126,1
O=C(Nc1ccccc1N1CCNCC1)c1csc(-c2cccs2)n1,CHEMBL2037102,0.47451899493105126,1
O=C(Nc1ccccc1N1CCNCC1)c1csc(-c2ccsc2)n1,CHEMBL2037101,0.47451899493105126,1
CC(C)NC(O)COc1ccc2c(=O)cc(-c3ccccc3)oc2c1,CHEMBL115692,0.4745138798666145,1
Nc1n[nH]c2ccc(-c3ccc(CN4CCOCC4)cc3)cc12,CHEMBL479830,0.4744587922521838,1
Cc1cc(=O)[nH]c2cc(N3C(=O)CSC3c3cccc(O)c3)ccc12,CHEMBL2376618,0.47445820433436514,1
Cc1cc(=O)[nH]c2cc(N3C(=O)CSC3c3ccc(O)cc3)ccc12,CHEMBL2376619,0.47445820433436514,1
O=C(c1n[nH]c2c1CN(C(=O)N1CCNCC1)C2)N1CCC(c2ccc(F)c(F)c2C(F)(F)F)CC1,CHEMBL3946309,0.47445255474452547,1
COc1ccccc1C1CC(c2ccc3ccccc3c2O)=NN1C(N)=S,CHEMBL4101772,0.47443960651507816,1
O=C(Nc1cc(Br)ccc1N1CCNCC1)c1cc(=O)c2ccccc2o1,CHEMBL381272,0.4744262444677645,1
COc1ccc(F)cc1-c1ccnc2[nH]c(C3=CCN(C(=O)CO)CC3)cc12,CHEMBL3668374,0.47441811700566144,1
CN(C)C[C@@H](NC(=O)N1Cc2c(NC(=O)c3ccccc3)n[nH]c2C1(C)C)c1ccccc1,CHEMBL2064558,0.4744154777022482,1
CN(C)C[C@@H](NC(=O)N1Cc2c(NC(=O)c3ccccc3F)n[nH]c2C1(C)C)c1ccccc1,CHEMBL2064563,0.4744154777022482,1
CC(C)(N)C(=O)N[C@H](Cc1c[nH]c2ccccc12)C(=O)N1CCC2(CC1)CC(=O)c1ccccc12,CHEMBL1194925,0.4743829667031529,1
Cn1c2ccccc2c2cc(C(=O)NCCCN3CCOCC3)c3ncccc3c21,CHEMBL2413727,0.4743790097055434,1
CC1CNC(=O)c2[nH]c3ccc(C(=O)Nc4nc5ccccc5s4)cc3c21,CHEMBL392597,0.4743188356743949,1
NC(=O)c1ccc2[nH]c(-c3ccc(Oc4ccc(N)cc4)cc3)nc2c1,CHEMBL3956680,0.4742700649321964,1
COc1ccccc1-c1ccc2nc(NC(=O)NCCN3CCN(C)CC3)sc2c1,CHEMBL2347725,0.4742488315156908,1
Cc1ccc2[nH]c(=O)c3cc(C(=O)NCCN4CCCCCC4)sc3c2c1,CHEMBL2381220,0.4742466713384724,1
CCNC(=O)Nc1ccc(-c2c3c([nH]c(=O)c2C#N)-c2cccc(OC)c2CC3)cc1,CHEMBL3394235,0.4742330300346243,1
CN1CCN(C(=O)Nc2cccc(-c3ccc4c(c3)sc3c(N)ncnc34)c2)CC1,CHEMBL3347683,0.4742150403062536,1
CC1(C)N=C(c2ccc(-c3nc4ccccc4[nH]3)cc2)N(C[C@@H]2CCN(C(=O)C3CC3)C2)C1=O,CHEMBL3617745,0.4741981723705428,1
O=c1[nH]c2ccc(-c3csc(-c4ccc(F)cc4CN4CCOCC4)n3)cc2o1,CHEMBL3314476,0.47418406968202315,1
N=C(N)NC[C@H]1CN(c2ccc(-c3ccc4c(c3)NC(=O)CO4)c(F)c2)C(=O)O1,CHEMBL4300973,0.4741737402925772,1
Cc1ccccc1Cc1c(C(=O)N2CCNCC2)c2cnccc2n1-c1ccccc1,CHEMBL1824641,0.4741576175607028,1
O=C(c1c(Cc2ccccc2)n(-c2ccccc2)c2ccncc12)N1CCNCC1,CHEMBL1824640,0.47415761756070274,1
O=C(c1c(Cc2ccccc2)n(-c2ccccc2)c2cnccc12)N1CCNCC1,CHEMBL1825182,0.47415761756070274,1
Cc1noc(-c2cc3cc(-c4nc(C(=O)NC5CC5)[nH]c4C)ccc3[nH]2)n1,CHEMBL3666032,0.47415261454607366,1
c1ccc(Sc2ccc3c(c2)OCO3)c(CNC2=NCCN2)c1,CHEMBL3548576,0.4741471350856677,1
O=C(Nc1n[nH]c2cc(-c3ccc(O)cc3)ccc12)NC1CC1,CHEMBL4097163,0.47413623871221033,1
O=C(NC[C@@H]1CCCNC1)c1ccnc2nc(Cc3cccs3)[nH]c12,CHEMBL3718423,0.4741277280689293,1
O=C(NC[C@H]1CCCNC1)c1ccnc2nc(Cc3cccs3)[nH]c12,CHEMBL3718758,0.4741277280689293,1
Cc1cc(C(=O)NCc2cccc(C(=O)NC[C@H]3CCCN3)c2)ccc1-c1cn[nH]c1,CHEMBL4107343,0.4741122793096603,1
CN1CCN(c2ccc3cc(C(=O)Nc4ccc(F)cc4N)cnc3c2C2CC2)CC1,CHEMBL3664026,0.47410675251381085,1
O=C(NO)c1ccc(CN2c3ccccc3NC(=O)[C@@H]2Cc2cccs2)cc1,CHEMBL519943,0.47407108601138415,1
O=C(NO)c1ccc(CN2c3ccccc3NC(=O)[C@H]2Cc2ccccc2)cc1,CHEMBL479842,0.47407108601138415,1
O=C(NO)c1ccc(CN2c3ccccc3NC(=O)[C@@H]2Cc2ccccc2)cc1,CHEMBL516600,0.47407108601138415,1
O=C(NO)c1ccc(CN2c3ccccc3NC(=O)[C@H]2Cc2cccs2)cc1,CHEMBL518957,0.47407108601138415,1
O=C(NO)c1ccc(CN2c3ccccc3NC(=O)[C@H]2Cc2ccc(F)c(F)c2)cc1,CHEMBL481018,0.47407108601138415,1
Cc1c2ccnc(C(=O)NCCCN(C)C)c2cc2c1[nH]c1ccc(O)cc12,CHEMBL79629,0.4740590853905301,1
C[C@@H](NC(=O)c1ccc(-c2cn[nH]c2)c(OCC(C)(C)O)c1)c1ccccc1,CHEMBL4111265,0.47405885725205393,1
c1ccc(C(c2ccc(-c3nn[nH]n3)cc2)N2CCNCC2)cc1,CHEMBL338772,0.47405452946350024,1
O=C1N=C(N[C@@H](CO)c2ccccc2)S/C1=C\c1ccc2ncccc2c1,CHEMBL393357,0.4740400066493042,1
O=C1N=C(N[C@H](CO)c2ccccc2)S/C1=C\c1ccc2ncccc2c1,CHEMBL235343,0.4740400066493042,1
Cc1nc(-c2ccc(N)cc2)sc1C(=O)NCc1ccc(OC(C)(C)C(=O)O)cc1,CHEMBL221254,0.47403305280599983,1
Cn1nc(C(=O)Nc2ccc([C@H]3CNCCO3)cc2)cc1-c1ccccc1,CHEMBL3663696,0.4739994428452034,1
Cn1nc(-c2ccccc2)cc1C(=O)Nc1ccc([C@H]2CNCCO2)cc1F,CHEMBL3672961,0.4739994428452034,1
Cn1nc(-c2ccc(F)cc2)cc1C(=O)Nc1ccc([C@@H]2CNCCO2)cc1,CHEMBL3663700,0.4739994428452034,1
Cn1nc(-c2ccccc2)cc1C(=O)Nc1ccc([C@@H]2CNCCO2)cc1,CHEMBL3663697,0.4739994428452034,1
Cn1nc(-c2ccccc2)cc1C(=O)Nc1ccc([C@H]2CNCCO2)cc1,CHEMBL3663683,0.4739994428452034,1
Cn1nc(-c2cccc(Cl)c2)cc1C(=O)Nc1ccc([C@H]2CNCCO2)cc1,CHEMBL3663695,0.4739994428452034,1
Cn1nc(-c2ccccc2)cc1C(=O)Nc1ccc([C@@H]2CNCCO2)cc1F,CHEMBL3672966,0.4739994428452034,1
CC(C)C(=O)NCc1ccc(Cl)c(-c2nc3cc(NC(=O)C4CC4)ccc3c(=O)[nH]2)c1,CHEMBL3342711,0.4739950634696754,1
NC(=O)C1CCCC(NC(=O)c2ccc3c(-c4nc5ccccc5[nH]4)n[nH]c3c2)C1,CHEMBL3955918,0.47399188293554734,1
NC(=O)c1cc(-c2ccccc2)cc2c1[nH]c1cc(N3CCOCC3)ccc12,CHEMBL3589179,0.47396186993993206,1
N=C(N)Nc1ccc(-c2cc(C(=O)Nc3cccc(C(F)(F)F)c3)n[nH]2)cc1,CHEMBL3596557,0.4739451233571593,1
N=C(N)Nc1ccc(-c2cc(C(=O)Nc3ccccc3)n[nH]2)cc1,CHEMBL3596544,0.4739451233571593,1
N=C(N)Nc1ccc(-c2cc(C(=O)Nc3ccc(C(F)(F)F)cc3)n[nH]2)cc1,CHEMBL3596568,0.4739451233571593,1
N=C(N)Nc1ccc(-c2cc(C(=O)Nc3ccc(Br)cc3)n[nH]2)cc1,CHEMBL3596550,0.4739451233571593,1
N=C(N)Nc1ccc(-c2cc(C(=O)Nc3cccc(Cl)c3)n[nH]2)cc1,CHEMBL3596549,0.4739451233571593,1
Cc1cccc(NC(=O)c2cc(-c3ccc(NC(=N)N)cc3)[nH]n2)c1,CHEMBL3598257,0.4739451233571593,1
Cc1ccccc1NC(=O)c1cc(-c2ccc(NC(=N)N)cc2)[nH]n1,CHEMBL3596553,0.4739451233571593,1
Cc1cc(C)cc(NC(=O)c2cc(-c3ccc(NC(=N)N)cc3)[nH]n2)c1,CHEMBL3596554,0.4739451233571593,1
Cc1cccc(C)c1NC(=O)c1cc(-c2ccc(NC(=N)N)cc2)[nH]n1,CHEMBL3596563,0.4739451233571593,1
N=C(N)Nc1ccc(-c2cc(C(=O)Nc3ccc(F)cc3)n[nH]2)cc1,CHEMBL3596201,0.4739451233571593,1
N=C(N)Nc1ccc(-c2cc(C(=O)Nc3ccc(Cl)cc3)n[nH]2)cc1,CHEMBL3596555,0.4739451233571593,1
Cc1ccc(C)c(NC(=O)c2cc(-c3ccc(NC(=N)N)cc3)[nH]n2)c1,CHEMBL3598313,0.4739451233571593,1
N=C(N)Nc1ccc(-c2cc(C(=O)Nc3cccc(Br)c3)n[nH]2)cc1,CHEMBL3596560,0.4739451233571593,1
Cc1cccc(NC(=O)c2cc(-c3ccc(NC(=N)N)cc3)[nH]n2)c1C,CHEMBL3596556,0.4739451233571593,1
CCNC(=O)c1ccc(C)c(N2CC3N=C(NC4CCCC4)SC3C2=O)c1,CHEMBL254365,0.4739276471559934,1
CC1(C)NC[C@@](C)(c2cc(F)cc(F)c2)N(CC(=O)Nc2ccc3c(c2)C[C@@]2(C3)C(=O)Nc3ncccc32)C1=O,CHEMBL2431255,0.473906444045812,1
CC1(C)NC[C@@H](c2cc(F)cc(F)c2)N(CC(=O)Nc2ccc3c(c2)C[C@@]2(C3)C(=O)Nc3ncccc32)C1=O,CHEMBL2431254,0.473906444045812,1
CN1CCN(CCn2cc3c4c(cccc42)C2=C[C@@H](C(=O)N4CCCC4)CN(C(=O)Nc4ccccc4)[C@@H]2C3)CC1,CHEMBL1809042,0.47389615582338473,1
CN1CCN(CC(=O)N(C)c2ccc(N/C(=C3\C(=O)Nc4ccc(F)cc43)c3ccccc3)cc2)CC1,CHEMBL4081410,0.47389412617839,1
CN1CCN(CC(=O)N(C)c2ccc(N/C(=C3\C(=O)Nc4ccccc43)c3ccccc3)cc2)CC1,CHEMBL1908392,0.47389412617839,1
O=S(=O)(NC1CCNC1)c1ccc2[nH]c(-c3cc4ccccc4nc3O)cc2c1,CHEMBL420528,0.47389333647280474,1
Cc1cn2cc(NC(=O)c3ccc(C4CCNCC4)cc3)nc2c(C)n1,CHEMBL4066760,0.47386776227785177,1
C[C@@H]1[C@H](c2c(F)ccc(F)c2F)C[C@H](NC(=O)c2cnc3c(c2)C[C@@]2(C3)C(=O)Nc3ncccc32)C(=O)N1CC(F)(F)F,CHEMBL3981883,0.4738575405717389,1
Cc1ccccc1[C@@H]1C[C@H](NC(=O)c2cnc3c(c2)C[C@@]2(C3)C(=O)Nc3ncccc32)C(=O)N(CC(F)(F)F)[C@@H]1C,CHEMBL3944519,0.4738575405717389,1
C[C@@H]1[C@H](c2ccccc2)C[C@H](NC(=O)c2cnc3c(c2)C[C@@]2(C3)C(=O)Nc3ncccc32)C(=O)N1CC(F)(F)F,CHEMBL2364638,0.4738575405717389,1
O=C(N[C@H]1C[C@@H](c2c(F)cccc2Cl)CN(CC(F)(F)F)C1=O)c1cnc2c(c1)C[C@@]1(C2)C(=O)Nc2ncccc21,CHEMBL3931680,0.4738575405717389,1
O=C(N[C@H]1C[C@@H](c2ccccc2F)CN(CC(F)(F)F)C1=O)c1cnc2c(c1)C[C@@]1(C2)C(=O)Nc2ncccc21,CHEMBL3928929,0.4738575405717389,1
C[C@@H]1[C@H](c2cc(F)cc(F)c2F)C[C@H](NC(=O)c2cnc3c(c2)C[C@@]2(C3)C(=O)Nc3ncccc32)C(=O)N1CC(F)(F)F,CHEMBL3990832,0.4738575405717389,1
O=C(CN1C(=O)C2(CCCC2)NC[C@H]1c1cc(F)cc(F)c1)Nc1ccc2c(c1)CC1(C2)N=C(c2ccccc2)NC1=O,CHEMBL3655571,0.47378043471952175,1
C[C@@]1(c2cc(F)cc(F)c2)CNC2(CCCC2)C(=O)N1CC(=O)Nc1ccc2c(c1)CC1(C2)N=C(c2ccccc2)NC1=O,CHEMBL3655572,0.47378043471952175,1
O=S(=O)(c1ccc2[nH]c(-c3cc4ccccc4nc3O)cc2c1)N1CCNCC1,CHEMBL118832,0.4737700552559751,1
C[C@H](NC(=O)c1ccc2ccccc2c1)C(=O)N1CCC2(CC1)NCCc1[nH]cnc12,CHEMBL1712121,0.4737571962852458,1
O=C(NCC(=O)N1CCC2(CC1)NCCc1[nH]cnc12)c1ccc2ccccc2c1,CHEMBL1531740,0.4737571962852458,1
O=C(NC1CCNCC1)c1cccc(-c2n[nH]c3cnc(-c4cccnc4)cc23)n1,CHEMBL3928085,0.4737190940003462,1
O=C(NC1CNC1)c1cccc(-c2n[nH]c3cnc(-c4cccnc4)cc23)n1,CHEMBL3967979,0.4737190940003462,1
O=C(Cc1cccc(OCCN2CCNCC2)c1)Nc1nc(-c2c[nH]c3ncccc23)cs1,CHEMBL4238696,0.4737152572955343,1
CC(C1CC1)N(Cc1ccccc1)C(=O)CN1C(=O)NC2(CCc3cc(C(N)=O)ccc32)C1=O,CHEMBL4168449,0.4736818161139165,1
CC(C)(C)NS(=O)(=O)c1ccccc1-c1ccc(-c2coc(N)n2)c(F)c1,CHEMBL3697258,0.47366290542933726,1
Nc1[nH]cnc1C(=O)N1CCc2c(n(C3CC3)c3c(Cl)cc(Cl)cc23)C1,CHEMBL3920349,0.473625093601797,1
COc1cccc(-c2ccc3c(NC(=O)c4ccc(C(=O)NO)cc4)n[nH]c3c2)c1,CHEMBL4214652,0.4736048265460034,1
COc1ccc(-c2ccc3c(NC(=O)c4ccc(C(=O)NO)cc4)n[nH]c3c2)cc1,CHEMBL4217830,0.4736048265460034,1
COc1cccc(-c2ccc3c(NC(=O)c4ccc(C(=O)NO)cc4)n[nH]c3c2)c1F,CHEMBL4205573,0.4736048265460034,1
N=C(N)SCc1cccc2c(=O)cc(-c3ccccc3)oc12,CHEMBL1374763,0.47358348315258353,1
NC1CCCC(C(=O)Nc2ccc3[nH]nc(NC(=O)c4ccccc4)c3c2)C1,CHEMBL4161514,0.4735525668361486,1
CC1(C)c2[nH]nc(NC(=O)c3ccc(F)cc3)c2CN1C(=O)N1CCN(c2ccccc2)CC1,CHEMBL603264,0.47352827515135854,1
COc1cc(CCc2cc(NC(=O)c3ccc(N4C[C@@H](C)N[C@@H](C)C4)cc3)n[nH]2)cc(OC)c1,CHEMBL3348846,0.4735280865124659,1
COc1cc(CCc2cc(NC(=O)c3ccc(N4CC(C)NC(C)C4)cc3)n[nH]2)cc(OC)c1,CHEMBL3184679,0.4735280865124659,1
O=C(CN1CCOCC1)Nc1ccccc1-c1nc2ccccc2[nH]1,CHEMBL564577,0.4735230934479054,1
c1cc(-c2cn[nH]c2)ccc1CN1CCNCC1,CHEMBL3483514,0.4735000647920175,1
Cc1cc(-c2n[nH]c3cc(NC(=O)N[C@@H]4CN[C@H](c5ccccc5)C4)ncc23)ccn1,CHEMBL3658769,0.47349522244537784,1
Cc1cc(-c2n[nH]c3cc(NC(=O)N[C@H]4CN[C@H](c5ccccc5)C4)ncc23)ccn1,CHEMBL3658738,0.47349522244537784,1
Nc1ccc(-c2ccccc2)cc1NC(=O)c1ccc2nn(CCN3CCOCC3)cc2c1,CHEMBL3912393,0.47348084544253677,1
O[C@@H](CNC1CC1)COc1ccc(-c2nc(-c3cccs3)c[nH]2)cc1,CHEMBL2096750,0.4734766318280413,1
OC(CNC1CC1)COc1ccc(-c2nc(-c3cccs3)c[nH]2)cc1,CHEMBL434360,0.4734766318280413,1
Nc1nc(-c2cc(P(=O)(O)O)ccc2F)c(-c2ccccc2)s1,CHEMBL1650222,0.47346609257265865,1
CC(C)(O)C(=O)N1CC=C(c2ccc(NC(=O)N3Cc4ccccc4C3)nc2)CC1,CHEMBL3905371,0.47345176657403687,1
CO[C@H]1CC[C@]2(CC1)Cc1ccc(NC(=O)c3ccc(F)cn3)cc1C21N=C(C)C(N)=N1,CHEMBL3964909,0.47344051915855484,1
NC(=O)c1cc(-c2ccc3ncnc(-c4cccc(C(=O)NCCN5CCOCC5)c4)c3c2)ccc1Cl,CHEMBL4229214,0.47342802135929385,1
COc1cccc(Cc2noc(-c3ccc4[nH]cc(CCN)c4c3)n2)c1,CHEMBL40126,0.4734201112877582,1
COc1ccc(Cc2noc(-c3ccc4[nH]cc(CCN)c4c3)n2)cc1,CHEMBL39331,0.4734201112877582,1
COC1CCC2(CC1)Cc1ccc(-c3cnc(C4CC4)s3)cc1C21N=C(N)N(C)C1=O,CHEMBL3971949,0.47339938026447853,1
CNCCCOc1ccc(-c2c[nH]c(=O)c(Cc3c[nH]c4ccccc34)n2)cc1,CHEMBL2417890,0.4733985286201327,1
COc1ccc(C2NC(=O)Nc3ccc(CNc4ccccn4)cc32)cc1,CHEMBL1630049,0.4733928643581556,1
O=C(NCCN1CCC2(CC1)C(=O)NCN2Cc1ccccc1Br)c1ccc2ccccc2c1,CHEMBL3561066,0.4733778098839923,1
O=C(NCCN1CCC2(CC1)C(=O)NCN2Cc1ccccc1Cl)c1ccc2ccccc2c1,CHEMBL3559747,0.4733778098839923,1
O=C(NCCN1CCC2(CC1)C(=O)NCN2Cc1ccccc1F)c1ccc2ccccc2c1,CHEMBL3560249,0.4733778098839923,1
O=C(NCCN1CCC2(CC1)C(=O)NCN2Cc1ccc(Cl)cc1)c1ccc2ccccc2c1,CHEMBL3580457,0.4733778098839923,1
O=C(NCCN1CCC2(CC1)C(=O)NCN2Cc1ccccc1)c1ccc2ccccc2c1,CHEMBL3561646,0.4733778098839923,1
O=C(NCCN1CCC2(CC1)C(=O)NCN2Cc1cccc(Cl)c1)c1ccc2ccccc2c1,CHEMBL3580415,0.4733778098839923,1
COc1ccc(C(=O)N2CCNCC2)cc1-c1[nH]nc2nc(Nc3ccc(F)cc3F)ccc12,CHEMBL199322,0.4733756069088114,1
CC(C)COc1ccc2cc(-c3noc([C@@H]4CCCN4C(=N)N)n3)ccc2c1,CHEMBL3815190,0.47337453437182514,1
NC(=O)c1ccc2c(c1)CCCN2c1ccc(CNC2CCN(C3CCOCC3)CC2)cc1,CHEMBL1642750,0.47336576591308605,1
Cn1c2ccccc2c2cc(C(=O)NCCN3CCOCC3)c3ncccc3c21,CHEMBL2413720,0.4733242681171012,1
CC(C(=O)N/N=C1\C(=O)Nc2ccc(C(=O)N3CCCC3CN3CCCC3)c(Cl)c21)c1ccc(F)cc1,CHEMBL1822561,0.4732948846539618,1
N[C@H](COc1cncc(-c2ccc3c(c2)CC(=O)N3)c1)Cc1ccccc1,CHEMBL226848,0.47327896256521934,1
O=C(CCc1nc(Cl)n[nH]1)N[C@H]1CC[C@H]1NC1Cc2ccccc2C1,CHEMBL3485387,0.47325761745134304,1
O=C(CN1CCCCC1)c1ccc2[nH]c3c4c(c5c(c3c2c1)C(=O)NC5=O)CCC4,CHEMBL1935255,0.473252517942223,1
CCN1CCN(CCNC(=O)c2ccc3c(c2)NC(=O)/C(=C\c2ccc(OC)c(OC)c2)S3)CC1,CHEMBL1588075,0.47322780975461953,1
COc1cc2c(cc1OC)-c1n[nH]c(-c3ccc(N4CCC(O)CC4)cc3)c1C2,CHEMBL245604,0.473225404732254,1
COc1ccc(CNC(=O)c2cc3ccc(-c4cn[nH]c4)nc3[nH]2)cc1,CHEMBL1923180,0.4731968357375521,1
COc1cccc(CNC(=O)c2cc3ccc(-c4cn[nH]c4)nc3[nH]2)c1,CHEMBL1922034,0.4731968357375521,1
COc1cccc(CNC(=O)c2cc3ccc(-c4cn[nH]c4C)nc3[nH]2)c1,CHEMBL1923165,0.4731968357375521,1
COc1cccc([C@H](C)NC(=O)c2cc3ccc(-c4cn[nH]c4)nc3[nH]2)c1,CHEMBL1923182,0.4731968357375521,1
COc1cccc([C@@H](C)NC(=O)c2cc3ccc(-c4cn[nH]c4)nc3[nH]2)c1,CHEMBL1923181,0.4731968357375521,1
CNC(=O)C(NC(=O)N1CCc2cnc(NC(C)C)nc2C1)c1ccc(F)c(Cl)c1,CHEMBL3938172,0.47315116371435356,1
COc1ccc2c(c1)C[C@H](C(=O)Nc1ccc(-c3cn[nH]c3)cc1OC1CCN(C)CC1)NC2,CHEMBL1215306,0.4731092650458555,1
COc1ccccc1C#Cc1ccc2c(c1)[C@H]1[C@H](CCN1C(=O)c1ccncc1)[C@@H](CO)N2,CHEMBL3185412,0.47310692232694146,1
COc1ccc(F)cc1-c1ccnc2[nH]c(C3=C[C@@H](CO)N(CC(=O)N(C)C)CC3)cc12,CHEMBL3668527,0.47309729579035387,1
COc1ccc(F)cc1-c1ccnc2[nH]c(C3=CCN(CC(=O)N(C)C)[C@H](CO)C3)cc12,CHEMBL3668526,0.47309729579035387,1
COc1ccc(F)cc1-c1ccnc2[nH]c(C3=CCN(CC(=O)N(C)C)[C@@H](CO)C3)cc12,CHEMBL3668535,0.47309729579035387,1
COc1ccc(F)cc1-c1ccnc2[nH]c(C3=C[C@H](CO)N(CC(=O)N(C)C)CC3)cc12,CHEMBL3668534,0.47309729579035387,1
O=C(c1cc(Cc2n[nH]c(=O)c3ccccc23)cc(F)c1F)N1CCN(Cc2cccnc2)CC1,CHEMBL4172731,0.47309031808683527,1
N=C(N)c1ccc2cc(-c3ccc(-c4ccc(C(=N)N)s4)o3)[nH]c2c1,CHEMBL4175994,0.4730601342106978,1
N=C(N)N1CCC[C@H]1c1nc(-c2ccc3cc(O)ccc3c2)no1,CHEMBL3814943,0.4730436237400141,1
CN1C(=N)NC(c2ccccc2)(c2cccc(-c3cnccn3)c2)C1=O,CHEMBL2011976,0.47302679217957994,1
Cc1ccc(-c2[nH]nc3c2C(=O)c2c(NC(=O)NN4CCOCC4)cccc2-3)s1,CHEMBL411432,0.4730033362837881,1
O=C(Nc1cccc2c1C(=O)c1c-2n[nH]c1-c1csc(Cl)c1)NN1CCOCC1,CHEMBL116934,0.4730033362837881,1
Cc1cc(-c2[nH]nc3c2C(=O)c2c(NC(=O)NN4CCOCC4)cccc2-3)c(C)s1,CHEMBL273619,0.4730033362837881,1
O=C(c1cc2c(s1)CCCC2)N1CCc2nc(C3CCCN3)ncc2C1,CHEMBL3497858,0.4729963384865742,1
NC(=O)C(N)Cc1c(-c2ccc(Oc3ccccc3)cc2)[nH]c2ccccc12,CHEMBL3915320,0.4729742890533693,1
O=C(Nc1cccnc1)c1ccc2cc3n(c2c1)CC1(CCC1)CNC3=O,CHEMBL1938771,0.47297233388507914,1
O=C(Nc1cccnc1)c1ccc2cc3n(c2c1)CC1(CC1)CNC3=O,CHEMBL1938770,0.47297233388507914,1
CC(C)c1n[nH]c2c1C(=O)c1c(NC(=O)CN3CCC(C(N)=O)CC3)cccc1-2,CHEMBL359200,0.4729714932291858,1
CN1CCN(c2ccc(C(=O)Nc3cc(-c4ccncc4)c[nH]c3=O)cc2)CC1,CHEMBL4286130,0.4729230049145797,1
CC(C)(C)c1ccc(S(=O)(=O)Nc2n[nH]c3c2CCN(CC2CCNCC2)C3=O)cc1,CHEMBL2407558,0.4729224376731303,1
CC(C)Nc1cccnc1N1CCN(C(=O)c2cc3ccc(CO)cc3[nH]2)CC1,CHEMBL37789,0.47290793355069044,1
NS(=O)(=O)c1ccc2c(c1)/C(=C/c1cn(CCCC(=O)N3CCCCC3)c3ccccc13)C(=O)N2,CHEMBL316756,0.4729026577009285,1
O=C1CSc2ccc(C(=O)NCC(c3ccco3)N3CCCCC3)cc2N1,CHEMBL1567673,0.472893894225461,1
Cc1c(F)cccc1Cc1c(C(=O)N2CCNCC2)c2nc(O)ccc2n1-c1ccccc1,CHEMBL1825177,0.47288849629679947,1
c1ccc2c(-c3cc4ccc(N5CCOCC5)cc4[nH]3)n[nH]c2c1,CHEMBL1684672,0.47287581699346404,1
COc1cccc(CNC(=O)c2cc3cnc(-c4cn[nH]c4)cc3[nH]2)c1,CHEMBL1923162,0.47286639752135917,1
COc1cccc(CNC(=O)c2cc3cnc(-c4cn[nH]c4C)cc3[nH]2)c1,CHEMBL1923163,0.47286639752135917,1
COc1cccc(CN(CCCN2CCN(C)CC2)C(=O)c2c[nH]c3nc(-c4cn[nH]c4)ccc23)c1,CHEMBL1922135,0.4728636150601471,1
CCCN(CCN1CCN(C(=O)c2cc3ccccc3[nH]2)CC1)C1CCc2ccc(O)cc2C1,CHEMBL550089,0.47285448184998397,1
O=c1[nH]c2ccccc2c2c1sc1cc(C3=NCCN3)ccc12,CHEMBL2071091,0.4728503384306841,1
CCN1Cc2ccc(NC(=O)c3ccc(C(=O)N4CCC(C5CCCN5)CC4)cc3)cc2C1,CHEMBL2426375,0.47283913565426144,1
C[C@@H](CO)Nc1cc2cc(C(=O)NCc3cc4c(F)cccc4[nH]3)ccc2cn1,CHEMBL3925797,0.47283406754772356,1
N=C(N)NCCCCN1C(=O)C(Cc2ccccc2)N=C(c2ccccc2)c2ccccc21,CHEMBL142515,0.4728303982230683,1
CCN1CCN(CCNC(=O)c2ccc3c(=O)n(Cc4ccc(Cl)cc4)c(=S)[nH]c3c2)CC1,CHEMBL1163648,0.47282655063561096,1
NCCc1c[nH]c2ccc(CC3NC(=O)N(Cc4ccccc4)C3=O)cc12,CHEMBL332751,0.47277850457884657,1
COc1ccc(F)cc1-c1ccnc2[nH]c(C3=CCN(CC(=O)N4CC(O)C4)CC3)cc12,CHEMBL3668505,0.4727619393499181,1
COc1ccc(F)cc1-c1ccnc2[nH]c(C3CCN(CC(=O)N4CC(O)C4)CC3)cc12,CHEMBL3668519,0.4727619393499181,1
COc1ccc(F)cc1-c1c(F)cnc2[nH]c(C3CCN(CC(=O)N4CC(O)C4)CC3)cc12,CHEMBL3668525,0.4727619393499181,1
COc1ccc(F)cc1-c1c(F)cnc2[nH]c(C3=CCN(CC(=O)N4CCC(O)CC4)CC3)cc12,CHEMBL3668562,0.4727619393499181,1
COc1ccc(F)cc1-c1c(F)cnc2[nH]c(C3=CCN(CC(=O)N4CC(O)C4)CC3)cc12,CHEMBL3668559,0.4727619393499181,1
Cc1cc(-c2n[nH]c3cc(NC(=O)N[C@@H]4CNC[C@@H]4c4ccccc4)ncc23)ccn1,CHEMBL3654808,0.47275054320326226,1
O=C1C[C@H](C(=O)Nc2cc(-c3cccc(CNCC(F)(F)F)c3)n(-c3ccccc3)n2)CN1,CHEMBL3695142,0.4727470141150922,1
COc1ccccc1Cc1noc(-c2ccc3[nH]cc(CCN)c3c2)n1,CHEMBL290080,0.47274582199766785,1
NCc1c(Cc2ccccc2)nc2ccc(OCC(N)=O)cc2c1-c1ccccc1,CHEMBL4064424,0.472744970798183,1
NC1CCCN(c2cncc(-c3n[nH]c4cnc(-c5cccnc5)cc34)c2)CC1,CHEMBL3929444,0.4727232453642177,1
NC1CCN(c2cncc(-c3n[nH]c4cnc(-c5cccnc5)cc34)c2)CC1,CHEMBL3894842,0.4727232453642177,1
CN1CCN(C(=O)c2ccc(-c3cc(OCc4ncccc4C(N)=O)c4cccnc4c3)cc2)CC1,CHEMBL3653808,0.47271997372358676,1
Cc1nc(CC(=O)N2Cc3[nH]nc(NC(=O)c4ccc(N5CCN(C)CC5)cc4)c3C2)cs1,CHEMBL2346698,0.4726948363011663,1
CN1CCN(Cc2ccc(C3Nc4cccc5c(=O)[nH]nc(c45)C3c3ccccc3)cc2)CC1,CHEMBL3764829,0.47268765133171914,1
O=C(CCN1CCCCC1)Nc1cc(Cc2n[nH]c(=O)c3c2CCCC3)ccc1F,CHEMBL3901816,0.47268710301021816,1
O=C(CCN1CCCCC1)Nc1cccc(Cc2n[nH]c(=O)c3c2CCCC3)c1,CHEMBL3972881,0.47268710301021816,1
O=C(c1ccc2[nH]c(=O)c3c(c2c1)CCSC3)N1CCN(CCc2ccccc2)CC1,CHEMBL2237218,0.47266813555765375,1
CC(C)(O)/C=C1/C[C@@](C)(c2cc(NC(=O)c3ccc(C#N)cn3)ccc2F)N=C(N)S1,CHEMBL3911592,0.4726613316513577,1
CC(C)[C@@H](CO)NC(=O)c1ccc(NC(=O)N2Cc3ccncc3C2)cc1,CHEMBL3906370,0.47264191668465316,1
NC(=O)c1cnc(N[C@H]2CCCNC2)c2cc(-c3cccc(N4CCCC4)c3)sc12,CHEMBL1288305,0.47262654078153704,1
NC(=O)c1ccc2[nH]c(-c3ccc(OCCC4CCNCC4)cc3)nc2c1,CHEMBL3929928,0.4726171283404169,1
N=C(N)c1ccc2cc(C(=O)Nc3ccc4c(c3)CCC4)ccc2c1,CHEMBL559562,0.4726133747389837,1
COc1cc[nH]c1/C=C1\C(=O)Nc2ccc(F)c(C#CC3(O)CCOCC3)c21,CHEMBL412267,0.47261019838075824,1
Cc1cc(=O)[nH]c2cc(-c3ccc(C(=O)NCCN4CCOCC4)cc3Cl)ccc12,CHEMBL2381638,0.47260195944406447,1
CN1C(=N)N[C@](c2ccccc2)(c2cccc(-c3cccnc3)c2)CC1=O,CHEMBL2151137,0.4725984251968502,1
CCNC(=O)c1cc2[nH]nc(NC(=O)c3ccc(N4CCN(C)CC4)cc3)c2s1,CHEMBL1258114,0.47256940388583873,1
NC1CCN(c2cc(-c3n[nH]c4cnc(-c5cccnc5)cc34)ccn2)CC1,CHEMBL3933778,0.47254533286592976,1
N[C@@H]1CCCN(c2ccc(-c3n[nH]c4cnc(-c5cccnc5)cc34)cn2)C1,CHEMBL4111884,0.47254533286592976,1
N[C@H]1CCN(c2ccc(-c3n[nH]c4cnc(-c5cccnc5)cc34)cn2)C1,CHEMBL3918765,0.47254533286592976,1
N[C@H]1CCCN(c2ccc(-c3n[nH]c4cnc(-c5cccnc5)cc34)cn2)C1,CHEMBL3900770,0.47254533286592976,1
N[C@@H]1CCN(c2ccc(-c3n[nH]c4cnc(-c5cccnc5)cc34)cn2)C1,CHEMBL4114227,0.47254533286592976,1
CN1CCN(CCCC(=O)Nc2nc3cc(C4(O)c5ccccc5C(=O)N4Cc4ccccc4)ccc3[nH]2)CC1,CHEMBL3977957,0.4725013220518245,1
CC1(C)CCc2c(C(=O)Nc3cnn([C@H](c4ccccc4)C4CCNCC4)c3)n[nH]c2C1,CHEMBL3298373,0.47249398067721204,1
c1cc(-c2cc3ccc(C4=NCCN4)cc3o2)ccc1C1=NCCN1,CHEMBL451356,0.47247746951758246,1
c1cc(C2=NCCN2)cc(-c2cc3ccc(C4=NCCN4)cc3o2)c1,CHEMBL520485,0.47247746951758246,1
c1cc(C2=NCCN2)cc(-c2cc3cc(C4=NCCN4)ccc3o2)c1,CHEMBL483572,0.47247746951758246,1
c1cc(-c2cc3cc(C4=NCCN4)ccc3o2)ccc1C1=NCCN1,CHEMBL353802,0.47247746951758246,1
c1cc(-c2nc3ccc(C4=NCCN4)cc3s2)ccc1C1=NCCN1,CHEMBL1198232,0.47247746951758246,1
CNCCCn1cc(C2=C(c3c[nH]c4ccccc34)C(=O)NC2=O)c2ccccc21,CHEMBL123777,0.47246587922353456,1
Cc1[nH]c2ccccc2c1C1=C(c2cn(CCCN)c3ccccc23)C(=O)NC1=O,CHEMBL256265,0.47246587922353456,1
NCCCn1cc(C2=C(c3c[nH]c4ccccc34)C(=O)NC2=O)c2ccccc21,CHEMBL270875,0.47246587922353456,1
NCCCn1cc(C2=C(c3c[nH]c4ccc(Br)cc34)C(=O)NC2=O)c2ccccc21,CHEMBL403446,0.47246587922353456,1
Cc1c(C2=C(c3c[nH]c4ccccc34)C(=O)NC2=O)c2ccccc2n1CCCN,CHEMBL401681,0.4724658792235345,1
CC(C)NC(=O)NC(=O)CSc1nnc(-c2c[nH]c3ccccc23)o1,CHEMBL1713400,0.4724645030425962,1
O=C1NCCc2c1ccc1[nH]cc(CCNC(=O)C3CCN(c4ccncc4)CC3)c21,CHEMBL564695,0.4724529657402003,1
CC(C)NC(=O)c1cc(-c2ccnc(N)n2)[nH]c1-c1ccccc1,CHEMBL1270821,0.47245111576321736,1
N=C(N)c1ccc2cc(C(=O)Nc3ccc4c(c3)CCCN4)ccc2c1,CHEMBL552433,0.4724438902743141,1
CCc1nccc(-c2ccc(C(=O)N3CCN(C(C)C)CC3)c(F)c2)c1C#Cc1ccc(N)nc1,CHEMBL3701132,0.4724089635854337,1
CCc1nccc(-c2ccc(C(=O)N3CCN4CCCC4C3)c(F)c2)c1C#Cc1ccc(N)nc1,CHEMBL3701142,0.4724089635854337,1
Nc1ccc(-c2ccccc2)cc1NC(=O)c1ccc2c(cnn2CCN2CCOCC2)c1,CHEMBL3922439,0.47238414221764224,1
Cc1nc2cnccc2n1-c1ccc(C2=CC(=O)NC3CCCCC3N2)cc1,CHEMBL326077,0.4723479772554414,1
N#Cc1ccc2cc(C(=O)NCc3cccc(C(=O)Nc4nc5c(s4)C[C@@H](N4CCOCC4)CC5)c3)[nH]c2c1,CHEMBL3680792,0.47234753061104934,1
CN1CCN(C(=O)Nc2ccc3c(c2)C(NC(=O)c2ccccc2)CCC3)CC1,CHEMBL3342551,0.4723068650295747,1
O=C(NC1CCC(N2CCC3(CC2)C(=O)NCN3c2ccccc2)CC1)c1cc2ccccc2[nH]1,CHEMBL530130,0.47229143072857666,1
C[C@H]1CN2CCC[C@H]2CN1C(=O)N1Cc2c(NC(=O)c3ccc4cnccc4n3)n[nH]c2C1(C)C,CHEMBL3662883,0.4722368977176668,1
O=C1NCC2(CCNCC2)c2[nH]c(-c3ccnc(-c4ccc5ccccc5c4)n3)cc21,CHEMBL1779359,0.4722133299186889,1
c1cc(NC2C[C@H]3CC[C@@H](C2)N3)nc(-c2cnc3ccccn23)c1,CHEMBL402295,0.4721868519663841,1
CN1CCN(CCc2ccc(N/C=C3\C(=O)Nc4ccc5ncccc5c43)cc2)CC1,CHEMBL548488,0.4721194547211946,1
CN1CCN(C(=O)C[C@H]2CNC(=O)c3cc(-c4cccc(F)c4)cn32)[C@@H](c2ccccc2)C1,CHEMBL3297760,0.47211276144286124,1
CC1(C)CNC(=O)c2cc3ccc(C(=O)Nc4ccccc4C(N)=O)cc3n21,CHEMBL3977541,0.4720844461401499,1
CN1CCN(c2ccc(-c3cnc4[nH]c5cnc(C(=O)O)cc5c4c3)cc2)CC1,CHEMBL3359893,0.4720804782038198,1
CN(C)CCNC(=O)c1ccc2c(CCCN)cc3cc[nH]c(=O)c3c2c1,CHEMBL249238,0.4720528671924963,1
NCCCCCN1C(=O)[C@@H]2Cc3c([nH]c4ccccc34)[C@@H](c3cccc(O)c3)N2C1=O,CHEMBL399296,0.4720500924634202,1
Fc1cccc(F)c1-c1ccc2[nH]nc(-c3cncc(NC4CCNC4)n3)c2c1,CHEMBL3393699,0.4720302830018628,1
Fc1cccc(F)c1-c1ccc2[nH]nc(-c3cncc(NC4CNC4)n3)c2c1,CHEMBL3393700,0.4720302830018628,1
COc1ccc(NC(=O)C2(C(=O)Nc3ccc4c(c3)NC(=O)/C4=C\c3ccc[nH]3)CC2)cc1,CHEMBL3322568,0.47202824034993457,1
O=C(Nc1ccc(C[C@@H]2CC[C@H]([C@H](O)c3ccccc3)N2)cc1)[C@@H]1CCc2cccc(=O)n21,CHEMBL3763934,0.4720140386794865,1
Nc1n[nH]c2cccc(-c3cccc(NC(=O)Nc4nccs4)c3)c12,CHEMBL3633305,0.47201210287443246,1
Cc1c(Nc2c(C#N)cncc2/C=C/CN2CCC(N)CC2)ccc2[nH]ccc12,CHEMBL593163,0.4720016936593623,1
N=C(N)c1cccc(OC(C(=O)Nc2ccc(N3CCOCC3)c(F)c2)c2ccccc2)c1,CHEMBL74199,0.4719922458705219,1
CN1CCN(C(=O)c2ccc(-c3cnc(N)c(-c4ccc(C(F)(F)F)nc4)c3)cc2)CC1,CHEMBL2181490,0.47199018358582256,1
O=C1NN=C2COc3ccc(NC4CNC4)cc3N2C1C1CC1,CHEMBL3356462,0.4719890190570435,1
NC(=O)c1ccc2[nH]c(-c3ccc(OC4CCC(O)C4)cc3)nc2c1,CHEMBL250992,0.4719844158507203,1
NC(=O)c1ccc2[nH]c(-c3ccc(OC4CCC(O)CC4)cc3)nc2c1,CHEMBL249569,0.4719844158507203,1
Nc1n[nH]c2nccc(-c3ccc(NC(=O)Nc4ccsc4)cc3)c12,CHEMBL257533,0.4719817924756027,1
Nc1n[nH]c2nccc(-c3ccc(NC(=O)Nc4ccccc4)cc3)c12,CHEMBL404223,0.4719817924756027,1
CN(Cc1nc2cccc(CN3CCNCC3)c2[nH]1)C1CCCc2cccnc21,CHEMBL583443,0.471956312238998,1
O=C(N[C@@H]1CCCc2ccccc21)N1Cc2ccccc2N(CCN2CCOCC2)C1=O,CHEMBL521668,0.4719560247117766,1
CC1(C)c2cc(C3CCN(C(=O)C4COCCN4)CC3)ccc2C(=O)c2c1[nH]c1cc(C#N)ccc21,CHEMBL3735587,0.47195055691388205,1
CCCNc1n[nH]c2c1CCCc1cc(N3C[C@H](CNC(C)=O)OC3=O)ccc1-2,CHEMBL249689,0.47194112235510577,1
CNc1n[nH]c2c1CCCc1cc(N3C[C@H](CNC(C)=O)OC3=O)ccc1-2,CHEMBL249079,0.47194112235510577,1
CCNc1n[nH]c2c1CCCc1cc(N3C[C@H](CNC(C)=O)OC3=O)ccc1-2,CHEMBL249286,0.47194112235510577,1
CC(=O)NC[C@H]1CN(c2ccc3c(c2)CCCc2c(N)n[nH]c2-3)C(=O)O1,CHEMBL249078,0.47194112235510577,1
O=C(Nc1nc2ccccc2n1CCN1CC[C@H](O)C1)c1ccc(Cl)cc1,CHEMBL3394006,0.47193854496159027,1
O=C(Cn1nc(C(F)(F)F)c2c(-c3ccccc3)c3ccccc3nc21)NCCN1CCNCC1,CHEMBL4077877,0.4718839905844062,1
CC(=O)NC[C@H]1CN(c2ccc3c(c2)CCCc2c(C(C)C)n[nH]c2-3)C(=O)O1,CHEMBL392418,0.47187915637469113,1
CN1CCCN(C(=O)NCCc2c[nH]c3ccc4c(c23)CCNC4=O)CC1,CHEMBL564505,0.4718637067630357,1
CN1CCC(C(=O)NCCc2c[nH]c3ccc4c(c23)CCNC4=O)CC1,CHEMBL550053,0.4718637067630357,1
CN1CCC(C(=O)NCCc2c[nH]c3ccc4c(c23)CCNC4=O)C1,CHEMBL562331,0.4718637067630357,1
CC(C)NC(=O)c1cc(Cc2n[nH]c(=O)c3c2CCCC3)ccn1,CHEMBL3917804,0.47184476573540585,1
N=C(N)c1ccc(-c2ccc3[nH]c(-c4ccc(C(=N)N)cc4)nc3c2)cc1,CHEMBL3216971,0.4718296589410213,1
COc1cccc2c1cc(C(=O)NCc1ccc(O)cc1)n2Cc1cccc(C(=N)N)c1,CHEMBL96235,0.47182246561385616,1
C[C@]1(c2ccc(-c3cc(F)c4[nH]nc(C5CC5)c4c3)[nH]c2=O)CCCNC1=O,CHEMBL4113451,0.47181639208372184,1
N=C(N)SCCCn1c(-c2ccccc2)c(C2=CC(=O)NC2=O)c2ccccc21,CHEMBL161832,0.47181472931714924,1
NC(=O)c1cc(-c2ccnc(N)n2)[nH]c1-c1cc2ccccc2s1,CHEMBL1271233,0.47181266261925414,1
NC(=O)c1cc(-c2ccnc(N)n2)[nH]c1-c1ccc2sccc2c1,CHEMBL1271333,0.47181266261925414,1
NC(=O)c1cc(-c2ccnc(N)n2)[nH]c1-c1ccc2ccccc2c1,CHEMBL1271129,0.47181266261925414,1
CN1C[C@@](C)(c2cc(F)cc(F)c2)N(CC(=O)Nc2ccc3c(c2)C[C@@]2(C3)C(=O)Nc3ncccc32)C(=O)C1(C)C,CHEMBL2431247,0.47180046670909465,1
CN1C[C@@H](c2cc(F)cc(F)c2)N(CC(=O)Nc2ccc3c(c2)C[C@@]2(C3)C(=O)Nc3ncccc32)C(=O)C1(C)C,CHEMBL2431256,0.47180046670909465,1
CC1=C(C(C)C(=O)NCCN2CCNCC2)c2cc(F)ccc2/C1=C\c1ccc([S](C)[O])cc1,CHEMBL4127495,0.47176363429352136,1
O=C(Nc1ncccc1N1CCNCC1)c1csc(-c2ccc3c(c2)CCO3)n1,CHEMBL2381108,0.47176035453667026,1
Nc1c(C(=O)NC2CCNCC2)sc2nc(-c3cccs3)ccc12,CHEMBL4161074,0.47171563660925325,1
COc1cccc(CNC(=O)c2cc3ccc(-c4cn[nH]c4)cc3n2CCCO)c1,CHEMBL1922027,0.47169963016562133,1
CC(C)(C)NC(=O)c1cccc(-c2n[nH]c3ccc(-c4ncn[nH]4)cc23)c1,CHEMBL3983002,0.4716844143272021,1
Cc1ccc(S(=O)(=O)N2CCOCC2)cc1C(=O)Nc1nc2ccccc2[nH]1,CHEMBL1319495,0.4716831127531213,1
O=C(Nc1nc2ccccc2[nH]1)c1ccc(S(=O)(=O)N2CCOCC2)cc1,CHEMBL1504340,0.4716831127531212,1
O=C(Nc1nc2ccccc2[nH]1)c1cccc(S(=O)(=O)N2CCOCC2)c1,CHEMBL1353389,0.4716831127531212,1
O=C(Nc1nc2ccccc2[nH]1)c1ccc(F)c(S(=O)(=O)N2CCOCC2)c1,CHEMBL1464812,0.4716831127531212,1
Cc1cccc2c(=O)[nH]c(-c3ccc(CN4CCOCC4)cc3)cc12,CHEMBL3765008,0.4716258175331966,1
Cc1noc(C)c1-c1ccc2c(c1)C(N[C@@H](CO)C(C)C)(c1ccccc1)C(=O)N2,CHEMBL3938299,0.47160832101525046,1
Cc1noc(C)c1-c1ccc2c(c1)C(N[C@H](CO)C(C)C)(c1ccccc1)C(=O)N2,CHEMBL3922405,0.47160832101525046,1
CCN(CC)CC(=O)Nc1ccc(C2NC(=O)C(C)(C)c3ccccc32)cc1,CHEMBL3277852,0.4716069271043091,1
Nc1ccc(C(=O)N/N=C/c2c(-c3ccc(O)cc3)[nH]c3ccccc23)cc1,CHEMBL1929119,0.47160664819944575,1
COc1cc(C2=NCCN2)ccc1-c1cc2cc(C3=NCCN3)ccc2o1,CHEMBL521501,0.4715942671394798,1
COc1ccc(C2=NCCN2)cc1-c1cc2cc(C3=NCCN3)ccc2o1,CHEMBL484563,0.4715942671394798,1
COc1cc(C2=NCCN2)ccc1-c1cc2ccc(C3=NCCN3)cc2o1,CHEMBL485438,0.4715942671394798,1
COc1ccc(C2=NCCN2)cc1-c1cc2ccc(C3=NCCN3)cc2o1,CHEMBL518085,0.4715942671394798,1
Cc1nnc(-c2ccc(C)c(-c3ccc4c(c3)NC(=O)C4(C)C)c2)[nH]1,CHEMBL1911331,0.471587450893598,1
O=c1[nH]c2ccc(C3=NN=C(Nc4cccc(F)c4)SC3)cc2[nH]1,CHEMBL4294914,0.4715591670898932,1
O=c1[nH]c2ccc(C3=NN=C(Nc4cccc(C(F)(F)F)c4)SC3)cc2[nH]1,CHEMBL4289634,0.4715591670898932,1
O=c1[nH]c2ccc(C3=NN=C(Nc4ccccc4)SC3)cc2[nH]1,CHEMBL4284277,0.4715591670898932,1
CC(=O)N[C@@H]1CCC[C@H](Nc2nc3c(-c4cc5c([nH]4)[C@@H](C)NC5=O)cccc3nc2C)C1,CHEMBL3919258,0.47155537022696103,1
CN(C)CCOc1cc(C2=C(c3c[nH]c4ccccc34)C(=O)NC2=O)c2ccccc2c1,CHEMBL565632,0.47152443523170434,1
O[C@H]1CC[C@H](Nc2cc(-c3c[nH]c4ncccc34)cc(F)n2)CC1,CHEMBL2322683,0.4714940248453071,1
Cc1cc(-c2c[nH]c3ncccc23)cc(N[C@H]2CC[C@H](O)CC2)n1,CHEMBL2322681,0.4714940248453071,1
N#Cc1ccc(-c2ccc3sc4c(=O)[nH]c(CN5CC[C@H](O)C5)nc4c3c2)cc1,CHEMBL573045,0.4714498795272878,1
CN(C)CCOc1ccc2[nH]c(C(=O)N3CC(CCl)c4ccc(N)cc43)cc2c1,CHEMBL346522,0.47142988590357005,1
O=C(Nc1cccc2c1CCCC2)c1cccc(CN2CC[C@H](O)C2)c1,CHEMBL3478204,0.471421471172962,1
N=C(Nc1ccc2c(c1)CCC(=O)N2CCN1CCCC1)c1cccs1,CHEMBL3215655,0.4714093236324436,1
N=C(Nc1ccc2c(c1)CCC(=O)N2CCN1CCCCC1)c1cccs1,CHEMBL3216543,0.4714093236324436,1
Nc1nc(-c2cccc(NC(=O)c3cc4cc(O)ccc4[nH]3)c2)c[nH]1,CHEMBL3261435,0.47138847614330537,1
NCCC(=O)N1CCc2c([nH]c3ccc(OC(F)(F)F)cc23)C1c1cccc(O)c1,CHEMBL592519,0.47137705656975426,1
COc1ccc(-c2csc(NC(=O)c3cccc(S(=O)(=O)N4CCN(C)CC4)c3)n2)cc1,CHEMBL1310019,0.47135405440358674,1
COc1cc2c(cc1OCCCN1CCOCC1)Cc1c(-c3ccccc3)n[nH]c1-2,CHEMBL559621,0.4713463355958413,1
O=C1c2ccccc2C(=O)c2c(NC(=O)[C@@H]3CCCN3)csc21,CHEMBL1852198,0.4713429020841523,1
CC(C)c1cc(NC(=O)c2ccc3cc4n(c3c2)CCCNC4=O)on1,CHEMBL1933145,0.47133304879783755,1
CC(C)(C)c1cc(NC(=O)c2ccc3cc4n(c3c2)CCCNC4=O)sn1,CHEMBL3912005,0.47133304879783755,1
CC(C)(C)c1cc(NC(=O)c2ccc3cc4n(c3c2)CCCNC4=O)on1,CHEMBL3912437,0.47133304879783755,1
NC(=O)c1nnc(-c2cccc(NC(=O)c3cc4ccccc4[nH]3)c2)o1,CHEMBL4082264,0.4713277562275084,1
NC(=O)C(CC(=O)c1csc(C2CCCNC2)n1)Cc1c[nH]c2ccccc12,CHEMBL1916909,0.47132424537487816,1
Cc1c(C(=O)O)c2cc(OCCCN3CCNCC3)ccc2n1Cc1ccccc1,CHEMBL3774772,0.47132127005804025,1
CSCC[C@H](NC(=O)c1cccc(S(=O)(=O)N2CCN(C)CC2)c1)c1nc2ccccc2[nH]1,CHEMBL1883711,0.4713105986051085,1
c1cc2cc(-c3ccc4nc(C5=NCCCN5)cn4c3)[nH]c2cc1C1=NCCCN1,CHEMBL3600391,0.47129917837413426,1
Cn1c2ccccc2c2cc(C(=O)NCCN3CCCC3)c3ncccc3c21,CHEMBL2413717,0.47129014893235244,1
CC1(C)c2cc(N3CCC(O)CC3)ccc2C(=O)c2c1[nH]c1cc(C#N)ccc21,CHEMBL1779198,0.4712784366690583,1
Nc1ccccc1C(=O)NCCN1CCN2Cc3[nH]c4ccccc4c3CC2C1,CHEMBL2260146,0.4712671905697447,1
CC(=O)Nc1ccc(N2C(=O)C[C@@H](N3CCc4[nH]c5ccccc5c4C3)C2=O)cc1,CHEMBL1223655,0.471222753060615,1
CCOc1ccc(C[C@H](N)c2nc3ccc(-c4cn[nH]c4)cc3c(=O)[nH]2)cc1,CHEMBL2333910,0.47121830111721935,1
COc1ccc(C[C@H](N)c2nc3ccc(-c4cn[nH]c4)cc3c(=O)[nH]2)cc1,CHEMBL2333909,0.47121830111721935,1
Nc1nccc(-c2ccc3nc(C4COc5c(CC(=O)NC6CC6)cccc5C4)[nH]c3c2)n1,CHEMBL1087422,0.47121031090322113,1
O=C(c1ccccc1)c1ccc2nc(NCCC3CCCNC3)[nH]c2c1,CHEMBL2059161,0.47119570250995624,1
CC(C)(O)C(=O)N1CC=C(c2ccc(NC(=O)N3Cc4ccncc4C3)cc2)CC1,CHEMBL3901921,0.47118875966952567,1
CCCc1c[nH]c([C@@H]2Cc3ccccc3N2C(=O)c2cccc(N)c2)n1,CHEMBL341589,0.4711738088900717,1
CC1(C)Oc2ccc(-c3nc4ccccc4[nH]3)cc2C(N2CCCC2=O)[C@@H]1O,CHEMBL147586,0.47115746667670744,1
O=C(/C=C/c1ccc2c(c1)C(=O)N(Cc1ccccc1)C1(CCNCC1)O2)NO,CHEMBL2391007,0.47114958727602146,1
CN(C)CCOc1ccc2[nH]c(C(=O)N3CC(CCl)c4c3cc(N)c3cc(C(N)=O)ccc43)cc2c1,CHEMBL570758,0.4711487714771593,1
CCNC(=O)c1noc(-c2cc(Cl)c(O)cc2O)c1-c1ccc(CN2CCN(C)CC2)cc1,CHEMBL427716,0.47112313314724763,1
Cn1nccc1-c1cc(NC(=O)Nc2cccc(F)c2)ccc1OCCN1CCOCC1,CHEMBL585387,0.47111878718096306,1
CC(C)NCC(O)COc1ccc2c(c1)CCCN2Cc1ccccc1,CHEMBL458541,0.47110276361685005,1
O=C(Nc1ccccc1N1CCNCC1)c1csc(-c2ccncc2)n1,CHEMBL2037107,0.4710798432409463,1
O=C(Nc1ccccc1N1CCNCC1)c1csc(-c2cccnc2)n1,CHEMBL2037108,0.4710798432409463,1
CNCc1ccc(-c2cc3cccc4c3n2CCNC4=O)cc1,CHEMBL361447,0.4710669555567297,1
CNCc1cccc(-c2cc3cccc4c3n2CCNC4=O)c1,CHEMBL362111,0.4710669555567297,1
NC(=S)NC[C@H]1CN(c2ccc(N3CCN(C(=O)/C=C/c4ccc(O)cc4)CC3)c(F)c2)C(=O)O1,CHEMBL214260,0.4710598185181919,1
CC(C)NC(=O)[C@H]1CC[C@@H](n2/c(=N/C(=O)c3ccc(F)cc3)[nH]c3ccc(CN4CCNCC4)cc32)CC1,CHEMBL2172333,0.47105966162065904,1
CN(C)[C@H]1CN(C(=O)c2ccc3sc4c(c3c2)CCNC4=O)C[C@@H]1O,CHEMBL3485674,0.471043072132849,1
Cc1cc(OCCCN2C3CNCC32)ccc1-c1nc2c(C)c(F)ccc2[nH]1,CHEMBL1085802,0.47104284403226576,1
Cc1c2c(c(C)n1-c1ccccc1)C(=O)N(CCSC(=N)N)C2=O,CHEMBL1974534,0.4710381987876453,1
CCC1NCCc2cc(-c3nc4c(C(N)=O)cc(F)cc4[nH]3)sc21,CHEMBL4277995,0.47103808959936844,1
CCCCC1NCCc2cc(-c3nc4c(C(N)=O)cc(F)cc4[nH]3)sc21,CHEMBL4293136,0.47103808959936844,1
CC1NCCc2cc(-c3nc4c(C(N)=O)cc(F)cc4[nH]3)sc21,CHEMBL4282620,0.47103808959936844,1
Cc1cc(C(N)=O)c2nc(-c3cc4c(s3)CNCC4)[nH]c2c1,CHEMBL4287485,0.47103808959936844,1
Cc1c(-c2nc3c(C(N)=O)cc(F)cc3[nH]2)sc2c1CCNC2,CHEMBL4291682,0.47103808959936844,1
CC1Cc2cc(-c3nc4c(C(N)=O)cc(F)cc4[nH]3)sc2CN1,CHEMBL4294222,0.47103808959936844,1
CCCC1NCCc2cc(-c3nc4c(C(N)=O)cc(F)cc4[nH]3)sc21,CHEMBL4285923,0.47103808959936844,1
NC(=O)c1cccc2[nH]c(-c3cc4c(s3)CCNC4)nc12,CHEMBL4287147,0.4710380895993684,1
NC(=O)c1cccc2[nH]c(-c3cc4c(s3)CNCC4)nc12,CHEMBL4289496,0.4710380895993684,1
NC(=O)c1cc(F)cc2[nH]c(-c3cc4c(s3)CCNC4)nc12,CHEMBL4280657,0.4710380895993684,1
NC(=O)c1cc(Cl)cc2[nH]c(-c3cc4c(s3)CNCC4)nc12,CHEMBL4280264,0.4710380895993684,1
NC(=O)c1cc(F)cc2[nH]c(-c3cc4c(s3)CNCC4)nc12,CHEMBL4290904,0.4710380895993684,1
Cc1nc2cccc(-c3cc4c(n3C)CCNC4=O)c2nc1NC(C)(C)C,CHEMBL3984361,0.4710310620185034,1
O=C1NCCN(Cc2cnc3cc4c(cc3c2)C[C@@]2(C4)C(=O)Nc3ncccc32)C1c1ccc(F)cc1,CHEMBL3645146,0.47102778157930747,1
CN1CCN(c2ccc(NC(=O)Nc3ccc(-c4cnco4)cc3)cc2)CC1,CHEMBL3971608,0.47100091040539793,1
CN1C(=N)N[C@@]2(c3cc(-c4cccc(C#N)c4)cs3)CN(C(=O)c3ccccc3)C[C@H]2C1=O,CHEMBL2178145,0.47099892588614356,1
CN1C(=N)N[C@@]2(c3cc(-c4ccc(F)c(C#N)c4)cs3)CN(C(=O)c3cccc(F)c3)C[C@H]2C1=O,CHEMBL2178146,0.47099892588614356,1
C[C@@H]1CN(Cc2c[nH]nc2-c2ccc3c(c2)CNC(=O)O3)CCN1c1ccc(Cl)cn1,CHEMBL3718093,0.47099822403913816,1
C[C@H]1CN(Cc2c[nH]nc2-c2ccc3c(c2)CNC(=O)O3)CCN1c1ccc(C(F)(F)F)cn1,CHEMBL3714983,0.47099822403913816,1
O=C1NCc2cc(-c3n[nH]cc3CN3CCN(c4ccc(C(F)(F)F)cn4)[C@H](CF)C3)ccc2O1,CHEMBL3718903,0.47099822403913816,1
O=C1NCc2cc(-c3n[nH]cc3CN3CCCN(c4ccc(C(F)(F)F)cn4)CC3)ccc2O1,CHEMBL3719002,0.47099822403913816,1
O=C1NCc2cc(-c3n[nH]cc3CN3CCN(c4ccc(C(F)(F)F)cn4)CC3)ccc2O1,CHEMBL3718630,0.47099822403913816,1
Cc1ccc(N2CCN(Cc3c[nH]nc3-c3ccc4c(c3)CNC(=O)O4)C[C@H]2C)nc1,CHEMBL3718179,0.47099822403913816,1
O=C1NCc2cc(-c3n[nH]cc3CN3CCN(c4ccc(C(F)(F)F)cn4)C[C@H]3CF)ccc2O1,CHEMBL3715575,0.47099822403913816,1
C[C@@H]1CN(Cc2c[nH]nc2-c2ccc3c(c2)CNC(=O)O3)CCN1c1ccc(C(F)(F)F)cn1,CHEMBL3715576,0.47099822403913816,1
CN1CCN(C2(CNC(=O)c3ccccc3O)Cc3ccccc3C2)CC1,CHEMBL1823672,0.47099790581015893,1
CNC1=NC(c2cccc(NC(=O)c3ccc[nH]3)c2)CN1C(=O)OC(C)(C)C,CHEMBL3621665,0.4709848414395982,1
CN1CCC(Cc2ccc(C(=O)Nc3sc(-c4ccncc4)nc3C(N)=O)cc2)CC1,CHEMBL3943590,0.4709461656370478,1
N#Cc1cc(-c2n[nH]c3cnc(-c4cccnc4)cc23)cc(N2CCNCC2)c1,CHEMBL3906142,0.4709425612342116,1
CN1C(=N)NC(c2ccccc2)(c2cccc(-c3cncc(F)c3)c2)C1=O,CHEMBL2011979,0.47093858016484963,1
Cc1cncc(-c2cccc(C3(c4ccccc4)NC(=N)N(C)C3=O)c2)c1,CHEMBL2011977,0.47093858016484963,1
CN1C(=N)N[C@@](c2ccccc2)(c2cccc(-c3cccnc3)c2)C1=O,CHEMBL2011984,0.47093858016484963,1
CN1C(=N)N[C@](c2ccccc2)(c2cccc(-c3cccnc3)c2)C1=O,CHEMBL2011983,0.47093858016484963,1
CN1C(=N)NC(c2ccccc2)(c2cccc(-c3ccncc3)c2)C1=O,CHEMBL2011975,0.47093858016484963,1
CN1C(=N)NC(c2ccccc2)(c2cccc(-c3cccnc3)c2)C1=O,CHEMBL2011974,0.47093858016484963,1
CN1C(=N)NC(c2ccccc2)(c2cccc(-c3cncc(Cl)c3)c2)C1=O,CHEMBL2011980,0.47093858016484963,1
NC[C@H]1CN(c2ccc3c(c2)CCCc2c(-c4ccno4)n[nH]c2-3)C(=O)O1,CHEMBL251535,0.4709268459825253,1
CN1CCN(c2cnc3cc(C(F)(F)F)cc(-c4ccc5c(c4)CC(=O)N5)c3n2)CC1,CHEMBL468787,0.47091840885056535,1
O=C(N[C@@H](CO)c1cccc(Cl)c1)c1ccc2[nH]nc(-c3ccncc3)c2c1,CHEMBL3799725,0.4709172768202282,1
O=C(NC(CO)c1cccc(Cl)c1)c1ccc2[nH]nc(-c3ccncc3)c2c1,CHEMBL3800134,0.4709172768202282,1
O=C(N[C@H](CO)c1cccc(Cl)c1)c1ccc2[nH]nc(-c3ccncc3)c2c1,CHEMBL3797756,0.4709172768202282,1
Cc1cc(C(=O)Nc2ccc3c(c2)CCN3C2CCN(Cc3ccc(O)cc3)C2)no1,CHEMBL531586,0.47091136079900103,1
O=C(Nc1ccc2c(c1)CCN2C1CCN(Cc2ccc(O)cc2)C1)c1ccco1,CHEMBL528136,0.47091136079900103,1
O=C(Nc1cccc(S(=O)(=O)N2CCN(c3ccccc3)CC2)c1)c1cc2cccnc2[nH]1,CHEMBL1668990,0.47088801121161883,1
CC(C)Nc1cccnc1N1CCN(C(=O)c2cc3cc(NC(=O)C(F)(F)F)ccc3[nH]2)CC1,CHEMBL34010,0.4708819269761412,1
CC(=O)Nc1ccc2[nH]c(C(=O)N3CCN(c4ncccc4NC(C)C)CC3)cc2c1,CHEMBL36835,0.47088192697614106,1
C=CC(=O)Nc1cccc(-c2ccc(C(N)=O)c3[nH]c4c(c23)CCC(C(C)(C)O)C4)c1,CHEMBL4248719,0.47087795231521207,1
N=C1/C(=C/c2ccc(O)c(O)c2)C(=O)N=C2SC=C(c3ccccc3)N12,CHEMBL1543835,0.4708318584070794,1
O=C(CN1CCNCC1)Nc1cccc(-c2cnc3ccccc3n2)c1,CHEMBL3648441,0.4708315193730949,1
O=C(NCC1(N2CCOCC2)CCCCC1)c1ccc2[nH]nc(-c3ccc(N4CCC(O)CC4)cc3)c2c1,CHEMBL3422065,0.4708300104288082,1
c1cc2nc(-c3ccc(C4=NCCN4)s3)[nH]c2cc1C1=NCCN1,CHEMBL3931507,0.4708215297450424,1
O=C(c1ccc(C2=CC3(CCNCC3)Oc3ccccc32)cc1)N1CCOCC1,CHEMBL551414,0.4708029197080289,1
O=C(NC1CNC1)c1cccn2c(=O)c3cc4ccccc4cc3nc12,CHEMBL3289413,0.4707903780068728,1
OCCNc1cc(-c2[nH]c3cccnc3c2-c2ccc(F)cc2)ccn1,CHEMBL143476,0.4707660020986357,1
CN(C)CCSc1ccc(/C=c2\[nH]c(=O)/c(=C/c3ccc(NC(=O)c4ccccc4)cc3)[nH]c2=O)s1,CHEMBL312842,0.47075998282524684,1
CN(C)CCSc1ccc(/C=c2\[nH]c(=O)/c(=C/c3ccc(NC(=O)c4cccs4)cc3)[nH]c2=O)s1,CHEMBL87927,0.47075998282524684,1
COc1cc(-c2cn[nH]c2)ccc1C(=O)NCc1cccc(C(=O)NC2CCN(C)CC2)c1,CHEMBL3925017,0.47073940486925125,1
O=C(NCc1ccncc1)c1ccc(-c2cc3ccc(C4=NCCN4)cc3[nH]2)cc1,CHEMBL3113732,0.4707265351281577,1
CCN(CC)C(=O)c1ccc(C2=CC3(CCNCC3)Oc3cccc(O)c32)cc1,CHEMBL494480,0.47069615737437565,1
CC1(C)CC(=O)c2c([nH]c(/C=C3\C(=O)Nc4ccc(F)cc43)c2CCC(=O)O)C1,CHEMBL1214784,0.47068067528735613,1
O=C(O)CCN1Cc2ccc(NC(=O)c3ccc(C4CCNCC4)cc3)cc2C1=O,CHEMBL1836345,0.4706682108867513,1
CC(CC(=O)O)N1Cc2ccc(NC(=O)c3ccc(C4CCNCC4)cc3)cc2C1=O,CHEMBL1852820,0.4706682108867513,1
NC(=O)c1cccc2[nH]c(-c3ccc(C4CCCN4)cc3F)nc12,CHEMBL1093309,0.4706511851891484,1
NC(=O)c1cccc2[nH]c(-c3ccc([C@H]4CCCCN4)cc3F)nc12,CHEMBL1089124,0.4706511851891484,1
NC(=O)c1cccc2[nH]c(-c3ccc([C@@H]4CCCN4)cc3F)nc12,CHEMBL1090467,0.4706511851891484,1
NC(=O)c1cccc2[nH]c(-c3ccc(C4CCCN4)cc3)nc12,CHEMBL1093844,0.4706511851891484,1
NC(=O)c1cc(F)cc2[nH]c(-c3ccc(C4CCCN4)cc3)nc12,CHEMBL1092225,0.4706511851891484,1
NC(=O)c1cc(F)cc2[nH]c(-c3ccc(C4CCCN4)cc3F)nc12,CHEMBL1088787,0.4706511851891484,1
NC(=O)c1cccc2[nH]c(-c3ccc([C@H]4CCCN4)cc3F)nc12,CHEMBL1090466,0.4706511851891484,1
NC(=O)c1cc(F)cc2[nH]c(-c3ccc(C4CCCCN4)cc3)nc12,CHEMBL1088788,0.4706511851891484,1
NC(=O)c1cccc2[nH]c(-c3ccc(C4CCCCN4)cc3F)nc12,CHEMBL1089101,0.4706511851891484,1
NC(=O)c1cc(Cl)cc2[nH]c(-c3ccc(C4CCCN4)cc3)nc12,CHEMBL1092226,0.4706511851891484,1
NC(=O)c1cc(F)cc2[nH]c(-c3ccc(C4CCCCN4)cc3F)nc12,CHEMBL1089132,0.4706511851891484,1
NC(=O)c1cccc2[nH]c(-c3ccc(C4CCCCN4)cc3)nc12,CHEMBL1093900,0.4706511851891484,1
CNC(=O)c1ccc(C)c(N2Cc3nc(NC4CCCC4)sc3C2=O)c1,CHEMBL258247,0.47065107087539376,1
COc1ccc(-c2cc3c(N[C@H]4CCCNC4)ncc(C(N)=O)c3s2)cc1,CHEMBL1288009,0.470649109659922,1
COc1cccc(-c2cc3c(N[C@H]4CCCNC4)ncc(C(N)=O)c3s2)c1,CHEMBL1287979,0.470649109659922,1
CCc1nccc(-c2ccc(C(=O)N3CCNCC3)c(F)c2)c1C#Cc1ccc(N)nc1,CHEMBL3701077,0.47063207415343017,1
NCc1ccc(-c2cc3c(cc2F)c(=O)c2c(=O)[nH]sc2n3C2CC2)cn1,CHEMBL205110,0.4706183119681531,1
Fc1cnccc1-c1ccc2[nH]nc(-c3cncc(O[C@H]4CNCCC45CC5)n3)c2c1,CHEMBL3393712,0.470610269117732,1
Fc1ccncc1-c1ccc2[nH]nc(-c3cncc(O[C@H]4CNCCC45CC5)n3)c2c1,CHEMBL3393711,0.470610269117732,1
Fc1ncccc1-c1ccc2[nH]nc(-c3cncc(O[C@H]4CNCCC45CC5)n3)c2c1,CHEMBL3393713,0.470610269117732,1
O=C(Nc1nc2ccc(C3=NCCN3)cc2s1)c1cc2ccccc2o1,CHEMBL2315755,0.47059775790197905,1
CN(C)Cc1nnc(-c2ccc3[nH]nc(-c4ccc(F)cc4)c3c2)[nH]1,CHEMBL3978940,0.470596484667165,1
CC(C)[C@H](NC(=O)[C@@H]1Cc2c([nH]c3ccccc23)C2c3ccccc3C(=O)N21)C(=O)NCC1CCCO1,CHEMBL1709827,0.4705899507159311,1
N=C(N)NCCC[C@@H]1CN2C(c3ccc4ccccc4c3)=CSC2=N1,CHEMBL3961785,0.4705733558178751,1
N=C(N)NCCC[C@H]1CN2C(c3ccc4ccccc4c3)=CSC2=N1,CHEMBL3955350,0.4705733558178751,1
Cc1nc2cccc(-c3cc4c([nH]3)CCNC4=O)c2nc1N[C@H]1C[C@@H](NCCF)C1,CHEMBL3902504,0.47057036320950113,1
Cc1nc2cccc(-c3cc4c([nH]3)[C@@H](C)NC4=O)c2nc1N[C@H]1CCC[C@@H](N)C1,CHEMBL3903686,0.47057036320950113,1
Cc1nc2cccc(-c3cc4c([nH]3)CCNC4=O)c2nc1N[C@@H]1CCC[C@H](N)C1,CHEMBL3958307,0.47057036320950113,1
Cc1nc2cccc(-c3cc4c([nH]3)CCNC4=O)c2nc1N[C@H]1C[C@H](N)C1,CHEMBL3928595,0.47057036320950113,1
Cc1nc2cccc(-c3cc4c([nH]3)CCNC4=O)c2nc1N[C@H]1C[C@@H](N)C1,CHEMBL3966363,0.47057036320950113,1
Cc1nc2cccc(-c3cc4c([nH]3)CCNC4=O)c2nc1N[C@@H]1CC[C@H](N)C1,CHEMBL3966072,0.47057036320950113,1
Cc1nc2cccc(-c3cc4c([nH]3)CCNC4=O)c2nc1N[C@H]1C[C@@H](NCC(F)F)C1,CHEMBL3926975,0.47057036320950113,1
Cc1c2ccccc2nc2c1c1cc(NC(=O)CN)ccc1n2C,CHEMBL2147856,0.4705689534066962,1
Cc1c2c3cc(NC(=O)CN)ccc3nc-2n(C)c2ccccc12,CHEMBL3216791,0.4705689534066962,1
COCCNC(=O)c1ccc2cc(-c3cc(-c4ccccc4)[nH]n3)[nH]c2c1,CHEMBL1165410,0.470560328923093,1
OC(COc1ccccc1N1CCNCC1)CN1CCc2ccccc2C1,CHEMBL3942953,0.4705474705474702,1
Nc1nc2c(s1)Cc1cc(-c3cccc(O)c3)ccc1-2,CHEMBL372490,0.4705431029758316,1
Nc1nc2c(s1)Cc1cc(-c3ccc(O)cc3)ccc1-2,CHEMBL1181723,0.4705431029758316,1
CC(=O)NCc1noc(-c2ccc3[nH]cc(CCN)c3c2)n1,CHEMBL37123,0.47051615867667307,1
CCc1nc(C)c(C(=O)Nc2n[nH]c3c2CN(C(=O)N2C[C@@H](C)N(C)C[C@@H]2C)C3(C)C)o1,CHEMBL3662877,0.4705132799745149,1
Cc1ncoc1C(=O)Nc1n[nH]c2c1CN(C(=O)N1C[C@@H](C)N(C)C[C@@H]1C)C2(C)C,CHEMBL3662876,0.4705132799745149,1
Cc1nc(C)c(C(=O)Nc2n[nH]c3c2CN(C(=O)N2C[C@@H](C)N(C)C[C@@H]2C)C3(C)C)o1,CHEMBL3662874,0.4705132799745149,1
CN1CCC(C(=O)N2Cc3c(NC(=O)c4ccncc4)n[nH]c3C2(C)C)CC1,CHEMBL1744451,0.4705132799745149,1
O=C(c1[nH]nc2c1CCCC2)N1CCOc2ccc(C(O)C3CCCCC3)cc2C1,CHEMBL2131264,0.4704803123676903,1
O=c1[nH]ccn1-c1cccc(O[C@H]2c3ccccc3C[C@@H]2N2CCCC2)c1,CHEMBL3957418,0.47045973105490546,1
CN1CCN(C(=O)CN2C(=O)C(NC(=O)Nc3ccc(Cl)cc3)N=C(c3ccccc3)c3ccccc32)CC1,CHEMBL342640,0.47044109357384406,1
Cc1cccc(NC(=O)NC2N=C(c3ccccc3)c3ccccc3N(CC(=O)N3CCN(C)CC3)C2=O)c1,CHEMBL542967,0.47044109357384406,1
CC1CNC(c2ccc3cc(-c4ccc(-c5cnc(N6CCOCC6)nc5)cc4)[nH]c3c2)=N1,CHEMBL3311120,0.47043175772457546,1
c1cc2cc(-c3ccc(-c4cnc(N5CCOCC5)nc4)cc3)[nH]c2cc1C1=NCCCN1,CHEMBL3311119,0.47043175772457546,1
O=c1[nH]nc(Cc2cccc(CN3CCOCC3)c2)c2c1CCCC2,CHEMBL3903871,0.47042220392802525,1
O=c1[nH]nc(Cc2ccc(CN3CCOCC3)cc2)c2c1CCCC2,CHEMBL3933525,0.47042220392802525,1
NC(=O)c1cnc(N[C@H]2CCCNC2)c2sc(-c3ccc(Cl)cc3)cc12,CHEMBL1287921,0.4704119850187266,1
NC(=O)c1cnc(N[C@H]2CCCNC2)c2sc(-c3cccc(F)c3)cc12,CHEMBL4083348,0.4704119850187266,1
NC(=O)c1cnc(N[C@H]2CCCNC2)c2cc(-c3cccc(F)c3)sc12,CHEMBL4098878,0.4704119850187266,1
NC(=O)c1cnc(N[C@H]2CCCNC2)c2cc(-c3ccc(F)cc3)sc12,CHEMBL1288164,0.4704119850187266,1
NC(=O)c1cnc(N[C@H]2CCCNC2)c2cc(-c3ccccc3)sc12,CHEMBL1287920,0.4704119850187266,1
NC(=O)c1cnc(N[C@H]2CCCNC2)c2cc(-c3ccccc3Cl)sc12,CHEMBL1287948,0.4704119850187266,1
C[C@@H]1CC[C@H](Nc2ncc(C(N)=O)c3sc(-c4ccccc4)cc23)CN1,CHEMBL4104102,0.4704119850187266,1
NC(=O)c1cnc(N[C@H]2CCCNC2)c2cc(-c3cccc(Cl)c3)sc12,CHEMBL1288303,0.4704119850187266,1
NC(=O)c1cnc(NC2CNC2)c2cc(-c3ccc(Cl)cc3)sc12,CHEMBL1288131,0.4704119850187266,1
NC(=O)c1cnc(N[C@H]2CCNC2)c2cc(-c3ccc(Cl)cc3)sc12,CHEMBL1288130,0.4704119850187266,1
NC(=O)c1cnc(N[C@H]2CCCNC2)c2cc(-c3ccc(F)c(F)c3)sc12,CHEMBL1287892,0.4704119850187266,1
NC(=O)c1cnc(N[C@H]2CCCNC2)c2sc(-c3ccccc3)cc12,CHEMBL4082386,0.4704119850187266,1
NC(=O)c1cnc(N[C@H]2CCCNC2)c2cc(-c3cccs3)sc12,CHEMBL4097937,0.4704119850187266,1
NC(=O)c1cnc(N[C@H]2CCCNC2)c2cc(-c3ccsc3)sc12,CHEMBL4079910,0.4704119850187266,1
NC(=O)c1cnc(N[C@H]2CCCNC2)c2cc(-c3ccc(F)cc3F)sc12,CHEMBL1288102,0.4704119850187266,1
NC(=O)c1cnc(N[C@@H]2CCCNC2)c2cc(-c3ccc(Cl)cc3)sc12,CHEMBL1288249,0.4704119850187266,1
NC(=O)c1cnc(N[C@H]2CCCNC2)c2cc(-c3cc(F)cc(F)c3)sc12,CHEMBL1288302,0.4704119850187266,1
NC(=O)c1cnc(N[C@H]2CCCNC2)c2cc(-c3ccc(Cl)cc3)sc12,CHEMBL1231626,0.4704119850187266,1
C[C@@H]1NCCC[C@@H]1Nc1ncc(C(N)=O)c2sc(-c3ccccc3)cc12,CHEMBL4100776,0.4704119850187265,1
C[C@H]1NCCC[C@@H]1Nc1ncc(C(N)=O)c2sc(-c3ccccc3)cc12,CHEMBL4059912,0.4704119850187265,1
c1ccc2c(-c3nc4cc(N5CCOCC5)ccc4[nH]3)[nH]nc2c1,CHEMBL209783,0.4704073789392774,1
N=C(N)NCC1CCCc2cc(S(=O)(=O)c3ccccc3)ccc21,CHEMBL1086079,0.47040356704126646,1
CC(C)(O)COc1cc(C(=O)N[C@H](CN)c2ccccc2)ccc1-c1cn[nH]c1,CHEMBL4107181,0.47033170798708923,1
CN1CCN(C2=NC(=O)/C(=C/c3c[nH]nc3-c3ccccc3)S2)CC1,CHEMBL1467990,0.47032867568026226,1
COc1ccc(F)cc1-c1ccnc2[nH]c(C3CCN(CCN4CCOCC4)CC3)cc12,CHEMBL3949793,0.4703251487096917,1
COc1ccc(F)cc1-c1ccnc2[nH]c(C3CN(CCN4CCOCC4)C3)cc12,CHEMBL3668442,0.4703251487096917,1
COc1ccc(F)cc1-c1ccnc2[nH]c(C3CCN(CCN4CCOCC4)C3)cc12,CHEMBL3668391,0.4703251487096917,1
CCCNCC(=O)Nc1ccc(C2NC(=O)Cc3ccccc32)cc1,CHEMBL3277841,0.47032348804500707,1
CCNCC(=O)Nc1ccc(C2NC(=O)Cc3ccccc32)cc1,CHEMBL3277840,0.47032348804500707,1
CCCNCC(=O)Nc1ccc(C2NC(=O)C(C)c3ccccc32)cc1,CHEMBL3277845,0.47032348804500707,1
CNCC(=O)Nc1ccc(C2NC(=O)Cc3ccccc32)cc1,CHEMBL3277839,0.47032348804500707,1
CC#C[C@]1(O)CC[C@H]2[C@@H]3CCc4cc(C(=O)Nc5cccnc5)ccc4[C@H]3[C@@H](O)C[C@@]21C,CHEMBL3967119,0.4703075782842317,1
Cc1ncccc1NC(=O)c1ccc2c(c1)CC[C@@H]1[C@@H]2[C@@H](O)C[C@]2(C)[C@@H](O)CC[C@@H]12,CHEMBL3969438,0.4703075782842317,1
Cc1ccc(NC(=O)c2ccc3c(c2)CC[C@@H]2[C@@H]3[C@@H](O)C[C@]3(C)[C@@H](O)CC[C@@H]23)cn1,CHEMBL3956011,0.4703075782842317,1
C#C[C@]1(O)CC[C@H]2[C@@H]3CCc4cc(C(=O)Nc5cccnc5C)ccc4[C@H]3[C@@H](O)C[C@@]21C,CHEMBL3910192,0.4703075782842317,1
O=C(Nc1ccc(N2CCNCC2=O)cc1)c1ccc(-c2ccc(Cl)cc2)o1,CHEMBL2017453,0.47030412398492627,1
CN1CCCN(C(=O)c2ccccc2-c2ccc3c4[nH]ncc4c(=O)n(CC(F)(F)F)c3c2)CC1,CHEMBL3919632,0.4702853721812012,1
CN1CCN(C(=O)c2ccccc2-c2ccc3c4[nH]ncc4c(=O)n(CC(F)(F)F)c3c2)CC1,CHEMBL3916578,0.4702853721812012,1
O=C(O)c1c[nH]c2cc(Cl)c(-c3ccc(OCCN4CCNCC4)cc3)cc12,CHEMBL3951962,0.4702794849939434,1
Nc1ncc(C(=O)NC2CNC2)c2ccc(-c3cccc(F)c3)cc12,CHEMBL3623132,0.47024464572928115,1
O=C1NCc2cc(-c3n[nH]cc3CN3CCN(c4ccc(C(F)(F)F)cn4)C4(CC4)C3)ccc2O1,CHEMBL3717784,0.4702417287266514,1
NC(=O)c1ccccc1-c1ccc2c(c1)Nc1ccccc1NC2=O,CHEMBL563187,0.4702370182739279,1
O=C1CSC(c2ccccc2O)N1CCN1CCNCC1,CHEMBL2282237,0.4702316182185603,1
CC(C)(Nc1nnc(-c2c[nH]c3ncccc23)o1)c1ccccc1,CHEMBL3093071,0.47022517345592296,1
CCc1cc(O)ccc1-c1ccc2c(-c3nc4c([nH]3)C[C@@H](C(=O)N3CC(N(C)C)C3)N(C(C)C)C4)n[nH]c2c1,CHEMBL4802163,0.47022340634622484,1
Cc1nc2ccc(F)c(-c3cc4c([nH]3)CCNC4=O)c2nc1NC(C)(C)CO,CHEMBL3927716,0.47019772387630754,1
Cc1nc2cccc(-c3cc4c([nH]3)CCNC4=O)c2nc1NC(C)(C)CO,CHEMBL3963838,0.47019772387630754,1
Cc1nc2cccc(-c3cc4c([nH]3)[C@@H](C)NC4=O)c2nc1NC(C)(C)CO,CHEMBL3939819,0.47019772387630754,1
Cc1[nH]c(/C=C2\C(=O)Nc3ccc(F)cc32)c(C)c1C(=O)N1CCC(N(C)C)CC1,CHEMBL3288844,0.47019542976168577,1
CC(C)(C)NC(=O)N1CCn2c(c(C(N)=O)c(-c3ccc(C(=O)NC4CC4)cc3)c2C2CC2)C1,CHEMBL3899871,0.4701787043931494,1
O=C(NCC1CCNCC1)[C@H]1Cc2c(sc3ccccc23)CN1,CHEMBL120242,0.47015384615384614,1
COc1ccc2c(c1)C(=O)N(C[C@@]1(C#Cc3ccc(C(C)(C)C(N)=O)cc3)NC(=O)NC1=O)C2,CHEMBL3642523,0.47010771343887764,1
CCCC(=O)Nc1n[nH]c2cc(-c3ccc(N)nc3)ccc12,CHEMBL1083209,0.47009935040122264,1
Nc1ccc2c(c1)N(Cc1c[nH]cn1)CCN(C(=O)c1cccc3ccccc13)C2,CHEMBL150737,0.4700793078586877,1
CC(C)(O)C(O)c1ccc(NC(=O)c2cc3cc(Cl)ccc3[nH]2)cc1,CHEMBL493218,0.4700756821350326,1
CN(C)CCOc1cc(NC(=O)C2COc3ccccc3C2)ccc1-c1cn[nH]c1,CHEMBL474426,0.4700667983027348,1
Cc1[nH]nc(-c2nc3ccccc3[nH]2)c1C(=O)NC1CCCNC1,CHEMBL3431131,0.4700564098601344,1
CC(NC[C@@H]1CCN(CCc2c[nH]c3ccc(-n4cnnc4)cc23)C1)c1ccccc1,CHEMBL4215051,0.470023134533192,1
C[C@@H](NC[C@@H]1CCN(CCc2c[nH]c3ccc(-n4cnnc4)cc23)C1)c1ccccc1,CHEMBL161410,0.470023134533192,1
c1ccc(CNC[C@H]2CCN(CCc3c[nH]c4ccc(-n5cnnc5)cc34)C2)cc1,CHEMBL159819,0.470023134533192,1
C[C@H](NC[C@@H]1CCN(CCc2c[nH]c3ccc(-n4cnnc4)cc23)C1)c1ccccc1,CHEMBL159759,0.470023134533192,1
c1ccc(CNC[C@@H]2CCN(CCc3c[nH]c4ccc(-n5cnnc5)cc34)C2)cc1,CHEMBL420965,0.470023134533192,1
CCOC(=O)NCc1ccc(-c2cc(NC(=O)c3ccc(N4CCN(C)CC4)cc3)[nH]n2)cc1,CHEMBL2063322,0.46999852572607964,1
CCCC(=O)Nc1n[nH]c2cc(-c3ccc(N)cc3)ccc12,CHEMBL1086638,0.46999830976393026,1
Cc1n[nH]cc1-c1cc2nc(CN3CCC[C@@H]3CO)[nH]c(=O)c2s1,CHEMBL4103214,0.46999563717130033,1
C[C@H]1CN(Cc2c[nH]nc2-c2ccc3oc(=O)[nH]c(=O)c3c2)CCN1c1ccc(C(F)(F)F)cn1,CHEMBL3718762,0.46999334664005327,1
C[C@@H]1CN(Cc2c[nH]nc2-c2ccc3c(c2)C(=O)NC(=O)C3)CCN1c1ccc(C(F)(F)F)cn1,CHEMBL3716203,0.46999334664005327,1
O=c1[nH]c(=O)c2cc(-c3n[nH]cc3CN3CCN(c4ccc(C(F)(F)F)cn4)CC3)ccc2o1,CHEMBL3716876,0.46999334664005327,1
C[C@@H]1CN(Cc2c[nH]nc2-c2ccc3oc(=O)[nH]c(=O)c3c2)CCN1c1ccc(C(F)(F)F)cn1,CHEMBL3715530,0.46999334664005327,1
OCC1CCCCN1CCNCc1c[nH]nc1-c1cccc2ccccc12,CHEMBL1595097,0.4699933466400531,1
O=c1[nH]c(-c2ccc(F)cc2)c(-c2ccnc(N[C@H]3CC[C@H](O)CC3)c2)[nH]1,CHEMBL1172017,0.46998577524893304,1
NCC1Cc2c([nH]c3ccc(C(=O)Nc4cccnc4)cc23)C(=O)N1,CHEMBL255605,0.4699725100444068,1
COc1ccc(-c2[nH]nc3c2C(=O)c2c(NC(=O)CN4CCN(C)CC4)cccc2-3)cc1,CHEMBL357491,0.4699066807454125,1
CN1CCN(CC(=O)Nc2cccc3c2C(=O)c2c-3n[nH]c2-c2ccc(N(C)C)cc2)CC1,CHEMBL358922,0.4699066807454123,1
COc1ccccc1NC(=S)NC(=O)Nc1ccc2c(c1)C(=O)C(=O)N2Cc1ccccc1,CHEMBL1783503,0.4698888601705865,1
C[C@@H](O)[C@H]1C(=O)N2C(C(=O)O)=C(c3ccc(CN4CCN(C)CC4)cc3)C[C@H]12,CHEMBL68150,0.4698831511496419,1
O=C(c1ccc2c(-c3nc4ccccc4[nH]3)n[nH]c2c1)N1CCC(CCO)CC1,CHEMBL3902468,0.469881127287298,1
O=S(=O)(NCCN1CCCC1)c1cccc(-c2ccccc2CNC2Cc3ccccc3C2)c1,CHEMBL530436,0.4698763133395398,1
O=S(=O)(NCCN1CCCC1)c1ccc(-c2ccccc2CNC2Cc3ccccc3C2)cc1,CHEMBL536869,0.4698763133395398,1
O=C(Nc1ccc([C@@H]2CNCCO2)cc1)c1ccn(-c2ccc(OC(F)F)cc2)n1,CHEMBL3663724,0.4698751800288044,1
O=C(Nc1ccc([C@H]2CNCCO2)cc1)c1ccn(-c2ccc(OC(F)F)cc2)n1,CHEMBL3663723,0.4698751800288044,1
Cc1ccccc1CN1C(=O)c2ccccc2[S]([O])c2ccc(C(=O)NCCCN3CCOCC3)cc21,CHEMBL1706028,0.46985975125694623,1
[O][S]1c2ccccc2C(=O)N(Cc2ccccc2F)c2cc(C(=O)NCCCN3CCOCC3)ccc21,CHEMBL1387363,0.46985975125694623,1
[O][S]1c2ccccc2C(=O)N(Cc2ccccc2)c2cc(C(=O)NCCCN3CCOCC3)ccc21,CHEMBL1896134,0.46985975125694623,1
CC(C)(O)C(=O)N1CC=C(c2ccc(NC(=O)N3Cc4ccc(C#N)cc4C3)cc2)CC1,CHEMBL3910840,0.46985705407085115,1
O=C(Nc1cnc2[nH]c(CNC[C@H]3CCCO3)cc2c1)c1ccccc1Br,CHEMBL3347635,0.46985237730061313,1
COc1ccc(-c2cccc(CNC(=O)c3ccc4c(c3)OCO4)c2)cc1CN1CCNCC1,CHEMBL492756,0.46984800282785427,1
Fc1cccc(F)c1-c1ccc2[nH]nc(-c3cncc(N4CCCNCC4)n3)c2c1,CHEMBL3393694,0.4697778102616576,1
Fc1cccc(F)c1-c1ccc2[nH]nc(-c3cncc(N4CCNCC4)n3)c2c1,CHEMBL3393695,0.4697778102616576,1
COc1ccc(-c2cc(NC(=O)CCCCN3CCNC(=O)C3)[nH]n2)cc1,CHEMBL2087454,0.4697625802598178,1
COc1ccc(-c2cc(NC(=O)CCCCN3CCNC(=O)CC3)[nH]n2)cc1,CHEMBL2087459,0.4697625802598178,1
NC(=O)C(N)Cc1c[nH]c2cc(-c3ccc(Oc4ccccc4)cc3)ccc12,CHEMBL3929054,0.46975952110640906,1
NC(=O)C(N)Cc1c[nH]c2ccc(-c3ccc(Oc4ccccc4)cc3)cc12,CHEMBL3914610,0.46975952110640906,1
O=c1[nH]nc(-c2ccc3[nH]cc(-c4cncc(C5CC5)n4)c3c2)o1,CHEMBL3975848,0.46975403357046513,1
Cc1ccc2nc(N3CCCc4ccc(F)cc4C3)cc(NCCN3CCNCC3)c2c1,CHEMBL4163788,0.4697247127162522,1
CC1(C)Oc2ccc(-c3ccc4[nH]ccc4c3)cc2C2(COC(N)=N2)C12COC2,CHEMBL3650805,0.4696988359918702,1
CC(C)(O)C(=O)N1CCN(c2ccc(C(F)(F)F)c(C3=C(c4c[nH]c5ccccc45)C(=O)NC3=O)c2)CC1,CHEMBL1650951,0.46969747506754256,1
O=C(NCCN1CCNCC1)c1ccc(O)c2[nH]c(-c3cccs3)nc12,CHEMBL3716499,0.46968111302634835,1
CC(C)(C)c1[nH]cnc1/C=c1\[nH]c(=O)/c(=C/c2ccc3c(c2)C(=O)c2ccccc2-3)[nH]c1=O,CHEMBL2048710,0.46966593685994773,1
N#Cc1cc(CN2CCC2)cnc1-c1ccc(C(=O)Nc2ccccc2N)cc1,CHEMBL403813,0.46966087747412205,1
O=C(c1cc(Cc2n[nH]c(=O)c3c2NCCC3)ccc1F)N1CCN(c2ccccc2F)CC1,CHEMBL3902883,0.46965146605548064,1
O=C(c1cc(Cc2n[nH]c(=O)c3c2NCCC3)ccc1F)N1CCN(c2ccc(F)cc2F)CC1,CHEMBL3912528,0.46965146605548064,1
O=C(c1cc(Cc2n[nH]c(=O)c3c2NCCC3)ccc1F)N1CCN(c2ccccc2)CC1,CHEMBL2058923,0.46965146605548064,1
O=C(c1cc(Cc2n[nH]c(=O)c3c2NCCC3)ccc1F)N1CCN(c2ccc(F)cc2)CC1,CHEMBL3917960,0.46965146605548064,1
O=C(c1cc(Cc2n[nH]c(=O)c3c2NCCC3)ccc1F)N1CCN(c2ccccc2Cl)CC1,CHEMBL3896377,0.46965146605548064,1
O=C(c1cc(Cc2n[nH]c(=O)c3c2NCCC3)ccc1F)N1CCN(c2cccc(F)c2)CC1,CHEMBL3949287,0.46965146605548064,1
O=C(c1cc(Cc2n[nH]c(=O)c3c2NCCC3)ccc1F)N1CCN(c2cccc(C(F)(F)F)c2)CC1,CHEMBL3966619,0.46965146605548064,1
Nc1cccc(C[C@@H]2CNC[C@@H]2Oc2ccc(-c3ccccc3)cc2)n1,CHEMBL1222607,0.4696447309248986,1
CC(=O)Nc1ccc(NC(=O)C(c2ccccc2)N2CCN(C)CC2)c(C(=O)c2ccccc2)c1,CHEMBL605728,0.46963659547338193,1
CC(=O)N1CCN(CCOc2ccc3[nH]c(-c4cc5ccccc5nc4O)cc3c2)CC1,CHEMBL119276,0.46963562753036425,1
CN1CCCN(C(=O)c2cc(Cc3n[nH]c(=O)c4c3NCCC4)ccc2F)CC1,CHEMBL3972582,0.4696177388625398,1
CN1CCN(C(=O)c2cc(Cc3n[nH]c(=O)c4c3NCCC4)ccc2F)CC1,CHEMBL2058914,0.4696177388625398,1
Clc1cccc(C(c2ccc(CN3CCNCC3)cc2)n2ccnc2)c1,CHEMBL270317,0.46960948981734196,1
c1ccc2c(c1)CN[C@@H](CN(CCCCN1CCNCC1)[C@H]1CCCc3cccnc31)C2,CHEMBL4159150,0.4696032453894179,1
Cc1ccnc(NC(=O)c2cc(-c3ccc(NC(=N)N)cc3)on2)c1,CHEMBL3287444,0.4695808063470266,1
Nc1cc(Cn2c(C(=O)O)c(-c3ccc[nH]c3=O)c3cc(C4CC4)ccc32)ccn1,CHEMBL2011070,0.46956651718983566,1
COc1cccc(-c2cccc(C3(c4ccccc4)NC(=N)N(C)C3=O)c2)c1,CHEMBL2011967,0.4695633698077124,1
COc1ccc(-c2cccc(C3(c4ccccc4)NC(=N)N(C)C3=O)c2)cc1,CHEMBL2011968,0.4695633698077124,1
COc1cccc(-c2cccc([C@]3(c4ccccc4)NC(=N)N(C)C3=O)c2)c1,CHEMBL2011982,0.4695633698077124,1
CCOc1cccc(-c2cccc(C3(c4ccccc4)NC(=N)N(C)C3=O)c2)c1,CHEMBL2011969,0.4695633698077124,1
COc1cccc(-c2cccc([C@@]3(c4ccccc4)NC(=N)N(C)C3=O)c2)c1,CHEMBL2011981,0.4695633698077124,1
CC(C)(O)c1cccc(-c2cc(NC(=O)[C@H]3CNC(=O)C3)nn2-c2ccccc2)c1,CHEMBL3686432,0.46952117532957327,1
O=C(NCCN1CCC2(CC1)C(=O)NCN2c1ccc(Br)cc1)c1cnc2ccccc2c1,CHEMBL1254576,0.4695191813835882,1
O=C(NCCN1CCC2(CC1)C(=O)NCN2c1ccccc1)c1cnc2ccccc2c1,CHEMBL1893978,0.4695191813835882,1
O=C(NCCN1CCC2(CC1)C(=O)NCN2c1cccc(Cl)c1)c1cnc2ccccc2c1,CHEMBL1873075,0.4695191813835882,1
O=C(NCCN1CCC2(CC1)C(=O)NCN2c1ccc(F)cc1)c1cnc2ccccc2c1,CHEMBL1890707,0.4695191813835882,1
O=C(NCCN1CCC2(CC1)C(=O)NCN2c1ccc(Cl)cc1)c1cnc2ccccc2c1,CHEMBL1887160,0.4695191813835882,1
O=C(NCCN1CCC2(CC1)C(=O)NCN2c1ccc(F)c(F)c1)c1cnc2ccccc2c1,CHEMBL1254996,0.4695191813835882,1
O=C(NCCN1CCC2(CC1)C(=O)NCN2c1cccc(F)c1)c1cnc2ccccc2c1,CHEMBL1905539,0.4695191813835882,1
C[C@@H](CN1CCC2(CC1)C(=O)NCN2c1ccc(F)c(F)c1)NC(=O)c1cnc2ccccc2c1,CHEMBL1907561,0.4695191813835881,1
O=C(NCc1ccccc1)c1nc2c(OC3CCNCC3)cccc2o1,CHEMBL4290196,0.4694979492238198,1
CN(C)CCN(C)c1cc(-c2cn[nH]c2)ccc1NC(=O)NCc1ccccc1,CHEMBL3402474,0.46947297686474015,1
O=C(CCN1CCOCC1)Nc1n[nH]c2ncc(-c3ccc(O)cc3)cc12,CHEMBL4217190,0.46944060773480684,1
N=C(NN=Cc1ccc(-c2cn3ccccc3n2)cc1)N1CCCC1,CHEMBL1161177,0.4694392272605312,1
Cc1ccc(-c2cc(C(N)=O)c3[nH]c4cc(N5CCOCC5)ccc4c3c2)cn1,CHEMBL3589328,0.4694144301150226,1
COc1cccc(NC(=S)NC(=O)Nc2ccc3c(c2)C(=O)C(=O)N3Cc2ccccc2)c1,CHEMBL1783504,0.4693868794782682,1
COc1ccc(NC(=S)NC(=O)Nc2ccc3c(c2)C(=O)C(=O)N3Cc2ccccc2)cc1,CHEMBL1783505,0.4693868794782682,1
COc1ccc2c(c1)[C@]13CCN(CC4CC4)[C@H](C2)[C@@H]1Cc1sc(NC(C)=O)nc1C3,CHEMBL3086306,0.4693800719484645,1
Cc1nc2cccc(-c3cc4c([nH]3)CCNC4=O)c2nc1NC(=O)C1CC1,CHEMBL3966323,0.46937462296400545,1
CN(Cc1ncc2ccccc2c1CCCNC(=N)N)[C@H]1CCCc2cccnc21,CHEMBL1096505,0.46936564890664145,1
CC1(C)CNC(=O)c2cc3ccc(C(=O)Nc4cccnc4)cc3n21,CHEMBL1938775,0.4693588715384251,1
CC1(C)C(=O)Nc2cc3[nH]c(-c4ccc(-n5ccnc5)cc4)nc3cc21,CHEMBL286830,0.46935403931934566,1
O=C(Nc1cc(C2CC2)on1)c1ccc2cc3n(c2c1)CCCNC3=O,CHEMBL3912056,0.46935379495238966,1
O=C(NC[C@H]1CCCCN1)c1ccnc2nc(-c3ccc(Br)s3)[nH]c12,CHEMBL3716403,0.46934682528829935,1
O=C(NCC1CCCCN1)c1ccnc2nc(-c3cccs3)[nH]c12,CHEMBL3716727,0.46934682528829935,1
O=C1Nc2ccc(C(=O)N[C@H](CO)c3ccccc3)cc2/C1=C/c1ccco1,CHEMBL4081037,0.46933920704845805,1
O=C1Nc2ccc(C(=O)N[C@H](CO)c3ccccc3)cc2/C1=C/c1ccccn1,CHEMBL4065577,0.46933920704845805,1
CC(=O)Nc1ccc(CNC2CCN(CCCc3c[nH]c4ccc(-n5cnnc5)cc34)CC2)cc1,CHEMBL146335,0.46933196101765823,1
CC(C)=CCc1[nH]c2cc(N)ccc2c1C[C@@H]1NC(=O)[C@@H]2CCCN2C1=O,CHEMBL261565,0.4693212669683256,1
Cc1cc(-c2n[nH]c3ccc(C(=O)NC4CCCN(Cc5ncccn5)C4)cc23)ccn1,CHEMBL3654535,0.4693095520100328,1
O=C(N[C@@H]1CCCN(Cc2ncon2)C1)c1ccc2[nH]nc(-c3ccncc3)c2c1,CHEMBL3654578,0.4693095520100328,1
CC(C)(CN)Cn1cc(-c2n[nH]c3cnc(-c4cccnc4)cc23)ccc1=O,CHEMBL3926312,0.46930294062086797,1
COC1CCC2(CC1)Cc1ccc(CCC3CC3)cc1C21N=C(N)N(Cc2c[nH]cn2)C1=O,CHEMBL3920748,0.46929639973983245,1
CCNC(=O)Nc1cc2c(-c3ccnc(C)c3)ccc(CNC(=O)C3CC3)c2cn1,CHEMBL4099469,0.4692699643775082,1
O=S(=O)(c1cccc2ccccc12)c1n[nH]c2ccc(CN3CCNCC3)cc12,CHEMBL1642864,0.46923968050728615,1
Cc1cc(-c2nc(C(N)=O)c(NC(=O)c3ccc(CN4CCN(C)CC4)cc3)s2)ccn1,CHEMBL3896866,0.4692381022218963,1
Cc1cc(-c2nc(C(N)=O)c(NC(=O)c3ccc(CN4CCN(C)CC4)cc3)s2)cc(C)n1,CHEMBL3953752,0.4692381022218963,1
CN1CCN(Cc2ccc(C(=O)Nc3sc(-c4ccnc(C(F)(F)F)c4)nc3C(N)=O)cc2)CC1,CHEMBL3921400,0.4692381022218962,1
CN1CCN(Cc2ccc(C(=O)Nc3sc(-c4ccncc4C(F)(F)F)nc3C(N)=O)cc2)CC1,CHEMBL3901254,0.4692381022218962,1
CN1CCN(Cc2ccc(C(=O)Nc3sc(-c4ccnc(Cl)c4)nc3C(N)=O)cc2)CC1,CHEMBL3963569,0.4692381022218962,1
CN1CCN(Cc2ccc(C(=O)Nc3sc(-c4ccncc4Br)nc3C(N)=O)cc2)CC1,CHEMBL3913460,0.4692381022218962,1
Cc1cnccc1-c1nc(C(N)=O)c(NC(=O)c2ccc(CN3CCN(C)CC3)cc2)s1,CHEMBL3934866,0.4692381022218962,1
CN1CCN(Cc2ccc(C(=O)Nc3sc(-c4ccncc4Cl)nc3C(N)=O)cc2)CC1,CHEMBL3922448,0.4692381022218962,1
CN1CCN(Cc2ccc(C(=O)Nc3sc(-c4ccncc4)nc3C(N)=O)cc2)CC1,CHEMBL3906947,0.4692381022218962,1
CN1CCN(Cc2ccc(C(=O)Nc3sc(-c4ccncc4F)nc3C(N)=O)cc2)CC1,CHEMBL3944901,0.4692381022218962,1
CN1CCN(Cc2ccc(C(=O)Nc3sc(-c4ccnc(F)c4)nc3C(N)=O)cc2)CC1,CHEMBL3926136,0.4692381022218962,1
CC1CC(=O)NN=C1c1ccc2nc(-c3cccc(CN)c3)oc2c1,CHEMBL3934223,0.46923115755464684,1
CC1CC(=O)NN=C1c1ccc2nc(-c3ccc(CN)cc3)oc2c1,CHEMBL3916249,0.46923115755464684,1
CC(=O)NCc1ccc2c(c1)c(C1CCN(CCN3CCNC3=O)CC1)cn2-c1ccc(F)cc1,CHEMBL1259187,0.4692248509328715,1
COc1ccc(-c2cc(=O)c3cc(CN4CCNCC4)ccc3o2)cc1,CHEMBL566737,0.46919866061189835,1
N#C[C@H](Cc1ccc(N2CCc3sccc3C2)cc1)NC(=O)[C@H]1N[C@@H]2CC[C@H]1C2,CHEMBL3658495,0.46919620569146264,1
CC(=O)Nc1ccc(CN2CCCC(Nc3ccc4[nH]ncc4c3)C2)cc1,CHEMBL3689347,0.46918780331471466,1
CC(=O)Nc1ccc(CN2CCC(Nc3ccc4[nH]ncc4c3)C2)cc1,CHEMBL3689350,0.46918780331471466,1
O=C1NCC2(CNC2)c2[nH]c3c(c21)CCc1cnc(-c2ccccc2F)cc1-3,CHEMBL1801284,0.4691791537739456,1
O=C1NCC2(CNC2)c2[nH]c3c(c21)CCc1cnc(-c2cccc(F)c2)cc1-3,CHEMBL1801285,0.4691791537739456,1
CC(C)(CN)CCN(C[C@H]1Cc2ccccc2CN1)[C@H]1CCCc2cccnc21,CHEMBL4104948,0.46917757834338664,1
N[C@H]1CC[C@H](CN(C[C@H]2Cc3ccccc3CN2)[C@H]2CCCc3cccnc32)CC1,CHEMBL4171643,0.46917757834338664,1
NNC(=O)c1ccc(N2C(=O)c3ccccc3NC23CCCCC3)cc1,CHEMBL1164431,0.46915648838132185,1
CSc1nn(-c2ccccc2)c2cc(NC(=O)CN3CCNCC3)ccc12,CHEMBL3666162,0.46914263810213364,1
CC(C)N1CCN(Cc2cnc(-c3ccc(C(=O)Nc4ccccc4N)cc3)c(C#N)c2)CC1,CHEMBL258177,0.46913463657254423,1
O=C(Nc1ccc(C2=NCCN2)cc1)c1ccc2c(c1)CN(Cc1ccccc1)C2=O,CHEMBL4082495,0.46908436213991767,1
O=C(Nc1ccccc1Cl)c1cnc2ccc(C3CCNCC3)cn12,CHEMBL1077739,0.46905537459283375,1
Cc1nc(-c2c(F)cc(Cl)cc2-c2cnc3c(c2)CCC3NC(=O)C2(N)CC2)no1,CHEMBL3648487,0.46904421179483297,1
CC1C(=O)NN=C2COc3cc(-c4ccccc4)c(NC4(C)CN(C)C4)cc3N21,CHEMBL3355116,0.46904156064461405,1
COc1ccc2c(c1F)C(=O)N(C[C@@]1(C#Cc3ccc(N4CCNCC4)cc3)NC(=O)NC1=O)C2,CHEMBL3640324,0.4690412395153773,1
COc1ccc2c(c1)C(=O)N(C[C@@]1(C#Cc3ccc(N4CCNCC4)cc3)NC(=O)NC1=O)C2,CHEMBL1287882,0.4690412395153773,1
O=C(NCc1cccc(-c2cccc(C(=O)N3CCNCC3)c2)c1)c1ccc2c(c1)OCO2,CHEMBL492989,0.4690281813569481,1
CC(=N)N1CCC(Oc2ccc3c(c2)OCC(=O)N3Cc2ccc3ccc(C(=N)N)cc3c2)CC1,CHEMBL153640,0.46902535817582564,1
NC(=O)c1c(-c2ccccc2)c(Cl)n2c1CN(C(=O)NC13C=CC(CC1)C3)CC2,CHEMBL3936473,0.46901811248808356,1
Nc1ccc(C2=CN3C(=O)c4ccccc4NC(=O)[C@@H]3C2)cc1,CHEMBL397257,0.46899650002611915,1
C/C(=C1/C(=O)Nc2ccc(NC(N)=O)cc21)c1cc(CNC(=O)CCN2CCCCC2)c[nH]1,CHEMBL228867,0.468995536537681,1
C[C@H](N)C(=O)Nc1nc2c(s1)CCCCC2C(=O)NC1CCCc2ccccc21,CHEMBL582788,0.46896237361180165,1
CN[C@@H](C)C(=O)Nc1nc2c(s1)CC[C@@H]2C(=O)NC1CCCc2ccccc21,CHEMBL585475,0.46896237361180165,1
CN[C@@H](C)C(=O)Nc1nc2c(s1)CCC2C(=O)NC1CCCc2ccccc21,CHEMBL566458,0.46896237361180165,1
C[C@H](N)C(=O)Nc1nc2c(s1)CCC2C(=O)NC1CCCc2ccccc21,CHEMBL565611,0.46896237361180165,1
CN[C@@H](C)C(=O)Nc1nc2c(s1)CCCCC2C(=O)NC1CCCc2ccccc21,CHEMBL585671,0.46896237361180165,1
CN[C@@H](C)C(=O)Nc1nc2c(s1)CC[C@H]2C(=O)N[C@@H]1CCCc2ccccc21,CHEMBL566252,0.46896237361180165,1
CN[C@@H](C)C(=O)Nc1nc2c(s1)CC[C@H]2C(=O)N[C@H]1CCCc2ccccc21,CHEMBL585696,0.46896237361180165,1
O=C(c1cc(Cc2n[nH]c(=O)c3c2NCCC3)ccc1F)N1CCN(C2CCCC2)CC1,CHEMBL2058915,0.46896137081016076,1
CNC(=O)c1cc(-c2cnc3[nH]c(-c4ccc(OC)cc4)nc3c2)cs1,CHEMBL3125733,0.46894302515194936,1
COc1ccc(-c2nc3cc(-c4csc(C(N)=O)c4)cnc3[nH]2)cc1,CHEMBL3125732,0.46894302515194936,1
O=C1Nc2ccc(C(=O)N[C@@H](CO)c3ccccc3)cc2/C1=C/c1ccc[nH]1,CHEMBL4069095,0.468900804289544,1
O=C1Nc2ccc(C(=O)N[C@H](CO)c3ccc(F)cc3)cc2/C1=C/c1ccc[nH]1,CHEMBL4073938,0.468900804289544,1
O=C1Nc2cc(Cl)c(C(=O)N[C@H](CO)c3ccccc3)cc2/C1=C/c1ccc[nH]1,CHEMBL4066528,0.468900804289544,1
Cc1cc(C)c(/C=C2\C(=O)Nc3ccc(C(=O)N[C@H](CO)c4ccccc4)cc32)[nH]1,CHEMBL4088781,0.468900804289544,1
O=C1Nc2cc(F)c(C(=O)N[C@H](CO)c3ccccc3)cc2/C1=C/c1ccc[nH]1,CHEMBL4094066,0.468900804289544,1
O=C1Nc2ccc(C(=O)N[C@H](CO)c3ccccc3)cc2/C1=C/c1ccc[nH]1,CHEMBL4104099,0.468900804289544,1
O=C1Nc2ccc(C(=O)N[C@H](CO)c3ccc(Cl)cc3)cc2/C1=C/c1ccc[nH]1,CHEMBL4079852,0.468900804289544,1
O=C1Nc2ccc(C(=O)N[C@H](CO)c3ccccc3Cl)cc2/C1=C/c1ccc[nH]1,CHEMBL4100711,0.468900804289544,1
O=C1Nc2cc(Br)c(C(=O)N[C@H](CO)c3ccccc3)cc2/C1=C/c1ccc[nH]1,CHEMBL4086300,0.468900804289544,1
C=Cc1n[nH]c2cnc(-c3cncc(OC[C@@H](N)Cc4ccccc4)c3)cc12,CHEMBL226382,0.46886011462534477,1
Cc1n[nH]c2cnc(-c3cncc(OC[C@@H](N)Cc4c(F)cccc4F)c3)cc12,CHEMBL573355,0.46886011462534477,1
Cc1n[nH]c2cnc(-c3cncc(OC[C@@H](N)Cc4ccc(F)c(F)c4F)c3)cc12,CHEMBL574986,0.46886011462534477,1
Cc1n[nH]c2cnc(-c3cncc(OC[C@@H](N)Cc4cccc(F)c4)c3)cc12,CHEMBL573592,0.46886011462534477,1
Cc1n[nH]c2cnc(-c3cncc(OC[C@@H](N)Cc4cccc(F)c4F)c3)cc12,CHEMBL427422,0.46886011462534477,1
Cc1n[nH]c2cnc(-c3cncc(OC[C@@H](N)Cc4ccccc4)c3)cc12,CHEMBL376570,0.46886011462534477,1
Cc1cc(F)ccc1C[C@H](N)COc1cncc(-c2cc3c(C)n[nH]c3cn2)c1,CHEMBL575427,0.46886011462534466,1
Cc1cc(C[C@H](N)COc2cncc(-c3cc4c(C)n[nH]c4cn3)c2)ccc1F,CHEMBL573359,0.46886011462534466,1
N[C@H](COc1cncc(-c2cc3cn[nH]c3cn2)c1)Cc1cccc(C(F)(F)F)c1,CHEMBL226850,0.46886011462534466,1
N[C@H](COc1cncc(-c2cc3cn[nH]c3cn2)c1)Cc1ccccc1,CHEMBL226331,0.46886011462534466,1
N[C@H](COc1cncc(-c2cc3c(Cl)n[nH]c3cn2)c1)Cc1ccccc1,CHEMBL226332,0.46886011462534466,1
Cc1ccc(F)cc1C[C@H](N)COc1cncc(-c2cc3c(C)n[nH]c3cn2)c1,CHEMBL573133,0.46886011462534466,1
CC(C)N1CCC(C(=O)Nc2cccc(CNC3=NC=NC4C(C(N)=O)=CCC=C34)c2)CC1,CHEMBL3685222,0.46884872993807614,1
NC(=O)CSC1=Nc2ccccc2C2=N[C@H](Cc3c[nH]c4ccccc34)C(=O)N12,CHEMBL2178867,0.4688452673061194,1
F[C@H]1CCNC[C@H]1n1cc(-c2ccc3c(c2)Cc2c[nH]nc2-3)c(-c2ccncc2)n1,CHEMBL1780179,0.46884255061952257,1
F[C@H]1CNCC[C@@H]1n1cc(-c2ccc3c(c2)Cc2c[nH]nc2-3)c(-c2ccncc2)n1,CHEMBL1780180,0.46884255061952257,1
F[C@@H]1CNCC[C@H]1n1cc(-c2ccc3c(c2)Cc2c[nH]nc2-3)c(-c2ccncc2)n1,CHEMBL1780177,0.46884255061952257,1
F[C@H]1CNCC[C@H]1n1cc(-c2ccc3c(c2)Cc2c[nH]nc2-3)c(-c2ccncc2)n1,CHEMBL1780178,0.46884255061952257,1
c1cc(-c2nn(C3CCCNC3)cc2-c2ccc3c(c2)Cc2c[nH]nc2-3)ccn1,CHEMBL1780168,0.4688425506195224,1
c1cc(-c2nn(C3CCNCC3)cc2-c2ccc3c(c2)Cc2c[nH]nc2-3)ccn1,CHEMBL1780165,0.4688425506195224,1
COc1ccc(C2=NC(C)C(C(=O)Nc3ccc4[nH]ncc4c3)=C(C)N2)cc1,CHEMBL520640,0.46880570409982153,1
Cc1ccc(-c2c(-c3nc(C(N)=O)cs3)cnc(CC(C)C)c2CN)cc1,CHEMBL4117096,0.46877389752740223,1
CC(=O)Nc1cc(N)cc(-c2cnc3[nH]cc(-c4ccncc4)c3c2)c1,CHEMBL2152289,0.46873714520773324,1
CS(=O)(=O)NCc1cccc(-c2cc(=O)n(CC3CCCNC3)c3ccccc23)c1,CHEMBL2332473,0.46873065015479876,1
CC1(C)C[C@@H](NC(=O)Nc2ccc3c(c2)NC(=O)C(N2CCOCC2)C3)c2ccc(F)cc2O1,CHEMBL3682388,0.4687203646486585,1
CC1(C)C[C@@H](NC(=O)Nc2ccc3c(c2)NC(=O)C(N2CCCOCC2)C3)c2ccc(F)cc2O1,CHEMBL3682390,0.4687203646486585,1
Cc1[nH]c(/C=C2\C(=O)Nc3ccc(F)cc32)c(C)c1NC(=O)CN1CCOCC1,CHEMBL4060630,0.46871159844975874,1
O=C(Nc1ccccc1N1CCNCC1)c1csc(-c2ccc3c(c2)OCO3)n1,CHEMBL2037094,0.4686730961090793,1
O=C(Nc1ccccc1N1CCNCC1)c1csc(-c2ccc3c(c2)OCCCO3)n1,CHEMBL2037095,0.4686730961090793,1
CC(C)(C)c1[nH]cnc1/C=c1\[nH]c(=O)/c(=C/c2cccc(C(O)c3ccccc3)c2)[nH]c1=O,CHEMBL2048709,0.46866505587435797,1
Cc1ccc(-c2nc3cc(NC(=O)CN4CCOCC4)ccc3[nH]2)cc1,CHEMBL1812377,0.46865687814921153,1
O=c1[nH]c2ccc(OC3CCN(CCO)CC3)cc2c2c1CSCC2,CHEMBL1092144,0.46865583164550706,1
NC(N)=NC(=O)c1ccc2c(c1)C(O)c1cccc(CO)c1-2,CHEMBL3310117,0.4686467332882112,1
NCCCc1cn(C2=C(c3c[nH]c4ccccc34)C(=O)NC2=O)c2ccccc12,CHEMBL270141,0.46861626248216826,1
CCCC(=O)Nc1n[nH]c2cc(-c3ccc4c(c3)COO4)ccc12,CHEMBL1083528,0.4685702954590521,1
CCNC(=O)N[C@@H](C)c1ccc(CN2Cc3ccc(OCC4CC4)cc3C(O)C2)cc1,CHEMBL3973345,0.46855764022258284,1
O=C(Nc1ccc(C2=NCCN2)cc1)c1cc2ccccc2o1,CHEMBL2315748,0.4685545320141019,1
OC1(Cc2ccccc2)CCN(CCCc2c[nH]c3ccc(-n4cnnc4)cc23)CC1,CHEMBL112507,0.46854999796176244,1
O=C(Cc1ccncc1)N1CC[C@@H]2[C@@H](CO)Nc3ccc(-c4cccc(F)c4)cc3[C@@H]21,CHEMBL3561349,0.46854064183649535,1
CCc1[nH]c2nc(Sc3ccc4c(c3)C(=O)NC4)nc(N3C[C@@H]4[C@@H](N)[C@@H]4C3)c2c1Cl,CHEMBL2337993,0.46853428261878954,1
CCC1CC(=O)NN=C1c1ccc2nc(-c3ccc(OCCN4CCN(C(C)=O)CC4)cc3)oc2c1,CHEMBL3967399,0.46853346376457145,1
c1ccc(CCNC[C@@H]2CCN(CCc3c[nH]c4ccc(-n5cnnc5)cc34)C2)cc1,CHEMBL348815,0.4685007513582243,1
O=C(NO)c1cccc2c1CN(C1=NC3CCCCC3N1)C2,CHEMBL4125788,0.46848836139479216,1
NC(=O)c1ccc(-c2cncc(OC[C@@H](N)Cc3c[nH]c4ccccc34)c2)cc1,CHEMBL426126,0.4684836647727271,1
CC(C)CC1NCCc2cc(-c3nc4c(C(N)=O)cc(F)cc4n3C)sc21,CHEMBL4277920,0.46846609611586587,1
O=C(Nc1cccc(-c2ccn[nH]2)c1)[C@H](Cc1ccccc1)NCc1cscn1,CHEMBL2069584,0.46844283497154654,1
NC(=O)c1c[nH]c2ccc(N3CCNCC3Cc3ccccc3)cc12,CHEMBL1170795,0.46843801996672196,1
O=C(CNCCO)Nc1ccc2c(c1)Cc1c(-c3ccc(-c4ccc(O)cc4)cc3)n[nH]c1-2,CHEMBL234656,0.4684270952927669,1
COc1ccc2[nH]c3c(c2c1)CCN1C(=O)N([C@@H](C)C(=O)NC2CCN(Cc4ccccc4)CC2)C(=O)[C@]31C,CHEMBL1476738,0.46842155098948957,1
COc1ccc2ccc(C(=N)N)cc2c1-c1cn[nH]c1,CHEMBL322652,0.4684169482713803,1
O=C1COc2ccc(-c3ccc(N4C[C@H](CNC(=O)C5CC5)OC4=O)cc3F)cc2N1,CHEMBL4171872,0.4684135426125307,1
O=C1COc2ccc(-c3ccc(N4C[C@H](CNC(=O)C5CCC5)OC4=O)cc3F)cc2N1,CHEMBL4167442,0.4684135426125307,1
O=C(c1cc(Cc2n[nH]c(=O)c3c2CCCC3)ccc1F)N1CCN(CCOc2ccccc2)CC1,CHEMBL3935873,0.4684121462818462,1
CC(C)C(c1ccccn1)N(CCCCN)Cc1nc2ccccc2[nH]1,CHEMBL1682869,0.46840167197452187,1
CN1CCC(C(=O)Nc2n[nH]c3nc(-c4ccc(O)cc4)ccc23)CC1,CHEMBL410926,0.4683865846398093,1
CN1CCC(C(=O)Nc2n[nH]c3nc(-c4ccc(O)cc4)c(Br)cc23)CC1,CHEMBL1909347,0.4683865846398093,1
CCN(CC)CCNC(=O)c1c(C)[nH]c2c1CCC/C2=C1/C(=O)Nc2ccc(OC)cc21,CHEMBL2430267,0.46838527134829255,1
Cc1ccc2[nH]c(C(=O)N[C@H]3Cc4ccccc4[C@@H]3NC(=O)CCN(C)C)cc2c1,CHEMBL4171040,0.468382631778536,1
Cc1ccc2[nH]c(C(=O)N[C@H]3Cc4ccccc4[C@H]3NC(=O)CCN(C)C)cc2c1,CHEMBL4174476,0.468382631778536,1
Cc1ccc2[nH]c(C(=O)N[C@@H]3Cc4ccccc4[C@H]3NC(=O)CCN(C)C)cc2c1,CHEMBL4163811,0.468382631778536,1
Cc1ccc2[nH]c(C(=O)N[C@@H]3Cc4ccccc4[C@@H]3NC(=O)CCN(C)C)cc2c1,CHEMBL4167267,0.468382631778536,1
CN(C)CCC(=O)N[C@H]1c2ccccc2C[C@@H]1NC(=O)c1cc2cc(F)c(F)cc2[nH]1,CHEMBL4167669,0.468382631778536,1
CN1CCC(C(=O)Nc2ccc3c(c2)N2CC(=O)NN=C2CO3)CC1,CHEMBL3356459,0.4683742131538961,1
O=C(NCCN1CCC2(CC1)CCN(c1ccccc1)C2=O)c1cnc2ccccc2c1,CHEMBL1904376,0.46836456831651413,1
NCCNc1cncc(-c2ccc3[nH]cc(-c4ccccc4F)c3c2)n1,CHEMBL4125725,0.4683599133687732,1
O=C(c1c(Cc2ccccc2)n(-c2ccccc2)c2ncccc12)N1CCNCC1,CHEMBL1824624,0.4683538447302674,1
CC(C)C(=O)NCc1ccc(Cl)c(-c2nc3cc(N)ccc3c(=O)[nH]2)c1,CHEMBL3342709,0.468347259594958,1
CN1CC=C(c2c[nH]c3ccc(NC(=N)c4cccs4)cc23)CC1,CHEMBL3217207,0.4683012067929884,1
NC(=O)c1ccc(NC(=O)C2C[C@@H](c3ccccc3)CN2)c2cccnc12,CHEMBL4111087,0.46829801179812086,1
O=C(c1c(Oc2ccccc2)n(-c2ccccc2)c2ccccc12)N1CCNC(CO)C1,CHEMBL1270872,0.4682606855691916,1
N=C(N)NCCC[C@@H]1N=C(c2ccccc2)c2ccccc2NC1=O,CHEMBL1683844,0.4682552907848691,1
O=C(CC1CCNCC1)Nc1nc2ccc(C(=O)c3ccccc3)cc2[nH]1,CHEMBL2059169,0.46823286052009444,1
CN(C(=O)c1sc2nc(-c3cccs3)ccc2c1N)C1CCNCC1,CHEMBL4162938,0.4682321109339515,1
Cc1cc(C(=O)N2CCc3c(sc(NCc4ccccc4)c3C#N)C2)[nH]n1,CHEMBL3422874,0.4682266245573738,1
Cc1cc(C(=O)N2CCc3c(sc(NCc4ccc(F)cc4)c3C#N)C2)[nH]n1,CHEMBL3422877,0.4682266245573738,1
N#Cc1c(NCc2ccc(F)cc2)sc2c1CCN(C(=O)c1ccn[nH]1)C2,CHEMBL3422878,0.4682266245573736,1
N#Cc1c(NCc2ccccc2)sc2c1CCN(C(=O)c1ccn[nH]1)C2,CHEMBL3422875,0.4682266245573736,1
Cc1ccc(C(=O)Nc2cccc(N3CCOCC3)c2)cc1-c1ccc2nc(N)[nH]c(=O)c2c1,CHEMBL496312,0.4682155432595577,1
N=C(c1ccc(-c2cn3ccccc3n2)cc1)N1CCOCC1,CHEMBL1161141,0.4682125036689169,1
O=C1Nc2ccccc2C2=NC(CN3CCN(Cc4ccccc4)CC3)CN12,CHEMBL68675,0.4681892332789559,1
O=C(Nc1ccccc1N1CCNCC1)c1csc(-c2cn[nH]c2)n1,CHEMBL2037106,0.46817932605119966,1
COCCNC(=O)c1cccc(-c2cc(-c3ccc(N4CCN(C)CC4)cc3)[nH]n2)c1,CHEMBL1683426,0.468143907614864,1
CN1CCN(c2ccc(-c3cc(-c4cccc(C(=O)NCC#N)c4)n[nH]3)cc2Br)CC1,CHEMBL1683424,0.468143907614864,1
CN1CCN(c2ccc(-c3cc(-c4cccc(C(=O)NCC#N)c4)n[nH]3)cc2)CC1,CHEMBL1683423,0.468143907614864,1
CC1CNC(=O)c2[nH]c3ccc(C(=O)Nc4nc(C(=O)N(C)C)cs4)cc3c21,CHEMBL245883,0.46814271365561816,1
CC1(C)c2cc(OC[C@H](O)CO)ccc2C(=O)c2c1[nH]c1cc(-c3ccn[nH]3)ccc21,CHEMBL4106671,0.46810400516795914,1
CC(C)(C)CNC(=O)c1cccc(-c2n[nH]c3ccc(-c4ncn[nH]4)cc23)c1,CHEMBL3930359,0.46807997103664656,1
O=C(Nc1ccc(C(=O)N2CC3(CCCNC3)C2)cc1)N1Cc2ccncc2C1,CHEMBL3920747,0.46807036247334716,1
O=C(Nc1ccc(C(=O)N2CCCC3(CCNC3)C2)cc1)N1Cc2ccncc2C1,CHEMBL3949058,0.46807036247334716,1
O=C(Nc1ccc(C(=O)N2CCCC3(CCNCC3)C2)cc1)N1Cc2ccncc2C1,CHEMBL3921226,0.46807036247334716,1
O=C(Nc1ccc(C(=O)N2CCC3(CCCNC3)C2)cc1)N1Cc2ccncc2C1,CHEMBL3957676,0.46807036247334716,1
O=C(Nc1ccc(C(=O)N2CCCC3(CCCNC3)C2)cc1)N1Cc2ccncc2C1,CHEMBL3936706,0.46807036247334716,1
CC1CNC(=O)c2[nH]c3ccc(C(=O)Nc4ncc(C(=O)NCCN(C)C)s4)cc3c21,CHEMBL246507,0.46806674338319926,1
NCC(=O)Nc1ccc(-c2cc3c(cc2F)c(=O)c2c(=O)[nH]sc2n3C2CC2)cc1,CHEMBL380843,0.4680495377162158,1
O=C1Nc2cccc(CN3CCOCC3)c2CN1c1csc(-c2ccncc2)n1,CHEMBL400433,0.46799154334038046,1
CN(C)CCNC(=O)c1cc2c3ccccc3[nH]c2c2cc(N)ccc12,CHEMBL1910256,0.46797253634895,1
C[C@H]1CC[C@H](NCc2ccc3c(c2)Cc2c(-c4ccc(S(N)(=O)=O)cc4)n[nH]c2-3)CC1,CHEMBL243398,0.4679567823577292,1
CC(C)C(=O)NCc1ccc2c(c1)C(N1CCN(C)CC1)Cc1ccccc1S2,CHEMBL1259145,0.4679476914865224,1
CC(C)C(=O)NCc1ccc2c(c1)[C@H](N1CCN(C)CC1)Cc1ccccc1S2,CHEMBL1259189,0.4679476914865224,1
CC(C)C(=O)NCc1ccc2c(c1)[C@@H](N1CCN(C)CC1)Cc1ccccc1S2,CHEMBL1259190,0.4679476914865224,1
COc1ccc(-c2c(-c3ccc(OCCN4CCOCC4)cc3O)n[nH]c2C)cc1,CHEMBL1726562,0.46794501559431634,1
N[C@H](COc1cncc(-c2cc3cn[nH]c3cn2)c1)Cc1c[nH]c2ccccc12,CHEMBL226330,0.4679044924172577,1
Cc1n[nH]c2cnc(-c3cncc(OC[C@@H](N)Cc4c[nH]c5ccccc45)c3)cc12,CHEMBL376569,0.4679044924172577,1
CC(=O)N1CC2(CNC(=O)c3c2[nH]c2c3CCc3cnc(-c4ccccc4F)cc3-2)C1,CHEMBL1801293,0.467899844047825,1
O=C1NC(N2CCOCC2)=N/C1=C\c1c[nH]c2ncccc12,CHEMBL497255,0.467891771155896,1
CC1CN(C2=N/C(=C\c3c[nH]c4ncccc34)C(=O)N2)CCO1,CHEMBL522411,0.467891771155896,1
O=C(NCc1ccccc1)c1sc2ccccc2c1OC1CCNCC1,CHEMBL2312448,0.4678839062685856,1
COc1ccccc1C(=O)NC(=O)Nc1cccc(C2CN3CCSC3=N2)c1,CHEMBL42469,0.46788210844511596,1
CCN(c1nc2c(-c3cc4c([nH]3)[C@@H](C)NC4=O)cccc2c(=O)[nH]1)C(C)C,CHEMBL3944889,0.46787768003351227,1
C[C@H]1NC(=O)c2cc(-c3cccc4c(=O)[nH]c(N(C)C(C)(C)C)nc34)[nH]c21,CHEMBL3962064,0.46787768003351227,1
Cc1cc(C2=NCCN2)ccc1-c1cc2cc(C3=NCCN3)ccc2[nH]1,CHEMBL1650577,0.4678733430219755,1
c1cc(-c2cc3ccc(C4=NCCN4)cc3[nH]2)ccc1C1=NCCN1,CHEMBL164837,0.4678733430219755,1
c1cc(-c2cc3cc(C4=NCCN4)ccc3[nH]2)ccc1C1=NCCN1,CHEMBL1650576,0.4678733430219755,1
c1cc(-c2cc3ccc(C4=NCCCN4)cc3[nH]2)ccc1C1=NCCCN1,CHEMBL1163029,0.4678733430219755,1
C/C(=C1/C(=O)Nc2ccc(NC(N)=O)cc21)c1cc(CNC(=O)C2CCN(C)CC2)c[nH]1,CHEMBL228810,0.4678677359112378,1
Nc1nc2ccc(C(=O)N3CCCC4c5ccccc5CC[C@@H]43)cc2[nH]1,CHEMBL3669370,0.46784680107086235,1
Nc1nc2ccc(C(=O)N3CCCC4c5ccccc5C[C@@H]43)cc2[nH]1,CHEMBL3674374,0.46784680107086235,1
CC(C)C[C@@H]1CN(c2ccc(F)c(-c3n[nH]c4ncccc34)n2)CCN1,CHEMBL2326021,0.46783297970295035,1
CC(C)C[C@H]1CN(c2ccc(F)c(-c3n[nH]c4ncccc34)n2)C[C@H](C)N1,CHEMBL2326005,0.46783297970295035,1
CC(C)C[C@@H]1CN(c2cccc(-c3n[nH]c4ncccc34)n2)CCN1,CHEMBL2326018,0.46783297970295035,1
CC(C)C[C@H]1CN(c2ccc(F)c(-c3n[nH]c4ncccc34)n2)CCN1,CHEMBL2326003,0.46783297970295035,1
CC(C)C[C@H]1CN(c2cccc(-c3n[nH]c4ncccc34)n2)CCN1,CHEMBL2326019,0.46783297970295035,1
CC(C)C[C@H]1CN(c2ccc(F)c(-c3n[nH]c4ncccc34)n2)C[C@@H](C)N1,CHEMBL2326004,0.46783297970295035,1
O=C(NC(=O)c1cc(F)cc(F)c1)Nc1cccc(C2CN3CCSC3=N2)c1,CHEMBL44559,0.46779587873557,1
O=C(NC(=O)c1ccccc1Cl)Nc1cccc(C2CN3CCSC3=N2)c1,CHEMBL42108,0.46779587873557,1
O=C(NC(=O)c1ccc(I)cc1)Nc1cccc(C2CN3CCSC3=N2)c1,CHEMBL41374,0.46779587873557,1
O=C(NC(=O)c1ccccc1)Nc1cccc(C2CN3CCSC3=N2)c1,CHEMBL43751,0.46779587873557,1
O=C(NC(=O)c1ccc(Cl)cc1)Nc1cccc(C2CN3CCSC3=N2)c1,CHEMBL44818,0.46779587873557,1
O=C(NC(=O)c1ccc(F)cc1)Nc1cccc(C2CN3CCSC3=N2)c1,CHEMBL296872,0.46779587873557,1
O=C(NC(=O)c1ccccc1F)Nc1cccc(C2CN3CCSC3=N2)c1,CHEMBL42744,0.46779587873557,1
O=C(NC(=O)c1c(F)cccc1F)Nc1cccc(C2CN3CCSC3=N2)c1,CHEMBL545416,0.46779587873557,1
O=C(NC(=O)c1c(F)cccc1F)Nc1cccc([C@H]2CN3CCSC3=N2)c1,CHEMBL2114455,0.46779587873557,1
O=C(Nc1ccc(C(=O)N2CCN(c3ccccc3)CC2)cc1)c1n[nH]c2ccccc12,CHEMBL3793843,0.46778490379871696,1
CN1CCCN(CC(=O)N2CCc3[nH]c(-c4ccccc4)nc3C2)CC1,CHEMBL3484450,0.4677671683659705,1
Cn1cc(-c2ccc(Cc3n[nH]c4ccc(C(=O)NC5CC5)cc34)cc2)cn1,CHEMBL3775680,0.46775834504142205,1
OC(COc1ccc(C2CCNCC2)cc1)CN1CCc2ccccc2C1,CHEMBL3889794,0.46775174931548497,1
OC(COc1ccc(C2CCCNC2)cc1)CN1CCc2ccccc2C1,CHEMBL3916638,0.46775174931548497,1
COC(=O)c1ccc2c(-c3cc4cc(CN5CCOCC5)ccc4[nH]3)n[nH]c2c1,CHEMBL221633,0.4677490288059809,1
O=C(N[C@H]1CCC[C@H]1O)c1ccc(NC(=O)N2Cc3ccccc3C2)cc1,CHEMBL3951866,0.4676796912686924,1
O=C(N[C@H]1CCC[C@@H]1O)c1ccc(NC(=O)N2Cc3ccccc3C2)cc1,CHEMBL3977664,0.4676796912686924,1
CN1C(=O)[C@@H](Cc2ccc(-c3ccnc(N)c3)cc2)NC(=O)c2cc(Cl)ccc21,CHEMBL3649656,0.46764808275724856,1
CC(=O)Nc1cccc(-c2cc3c(N[C@H]4CCCNC4)ncc(C(N)=O)c3s2)c1,CHEMBL1287862,0.4676473385537204,1
Nc1ccccc1C(=O)N/N=C/c1c(-c2ccc(O)cc2)[nH]c2ccccc12,CHEMBL1929118,0.46764123648545736,1
COc1ccc2c(c1)C(=O)N(C[C@@]1(C#Cc3ccc(C4=NCCN4)c(C)c3)NC(=O)NC1=O)C2,CHEMBL3640377,0.46759968150915643,1
COc1ccc2c(c1)C(=O)N(C[C@@]1(C#Cc3ccc(C4=NCCN4)cc3)NC(=O)NC1=O)C2,CHEMBL3642449,0.46759968150915643,1
N=C(N)N1CCN(c2cc(C(N)=O)nc(-c3ccc(Oc4ccc(F)cc4)cc3)c2)CC1,CHEMBL3688055,0.4675993571011102,1
NC(=O)N1CCCc2cc(-c3cncc(NCc4ccccc4)c3)cnc21,CHEMBL3962673,0.46757646147890025,1
O=C(Nc1ccccc1N1CCNCC1)c1csc(NC2Cc3ccccc3C2)n1,CHEMBL2381239,0.46756587408897554,1
CN1CN(c2ccccc2)C2(CCN(CCNC(=O)c3ccc4ccccc4c3)CC2)C1=O,CHEMBL1870964,0.4675577405643466,1
c1cc(C2=NCCN2)ccc1Oc1ccc(-c2cc3ccc(C4=NCCN4)cc3[nH]2)nc1,CHEMBL603251,0.46755661211179156,1
NC(=O)c1cc(Cc2ccccc2)cc2c1[nH]c1ccc(C(=O)N3CCOCC3)cc12,CHEMBL3589172,0.46754098360655727,1
Nc1cccc(-c2n[nH]c3ccc(-c4nnc[nH]4)cc23)c1,CHEMBL3909985,0.4675166970248936,1
Cn1cc(C#N)c2ccc(Nc3ncc(-c4ccc(CN)cc4)o3)cc21,CHEMBL118664,0.46751622234383533,1
Cn1cc(C#N)c2ccc(Nc3ncc(-c4cccc(CN)c4)o3)cc21,CHEMBL120656,0.46751622234383533,1
Cn1c(C(=O)Nc2cccc(CN3CCOCC3)c2)cc2sccc21,CHEMBL4079138,0.46751188589540377,1
O=C(Nc1ccc(CN2CCOCC2)cc1)c1cc2ccccc2o1,CHEMBL1488141,0.46751188589540377,1
CC(C)(N)C(=O)N[C@H](Cc1c[nH]c2ccccc12)C(=O)N1CCC2(CC1)C[C@H](O)c1ccccc12,CHEMBL2413152,0.4675112003707709,1
CC(C)(N)C(=O)N[C@H](Cc1c[nH]c2ccccc12)C(=O)N1CCC2(CC1)CC(O)c1ccccc12,CHEMBL1195646,0.4675112003707709,1
CC(C)(N)C(=O)N[C@H](Cc1c[nH]c2ccccc12)C(=O)N1CCC2(CC1)C[C@@H](O)c1ccccc12,CHEMBL1161835,0.4675112003707709,1
CNCCCCc1[nH]nc(N)c1-c1nc2ccccc2s1,CHEMBL3685684,0.4674856826159245,1
N#Cc1ccc(-c2n[nH]c3c2Cc2ccc(NC(=O)CCN4CCOCC4)cc2-3)cn1,CHEMBL249116,0.46747843734145084,1
c1cc(OCCN2CCOCC2)ccc1Nc1cc2[nH]c(-c3cn[nH]c3)cc2cn1,CHEMBL3109952,0.46747231212328183,1
COC(=O)c1cccc(C(=O)NCc2cccc(-c3cccc(CN4CCNCC4)c3)c2)c1,CHEMBL492374,0.46746047049749306,1
CS(=O)(=O)c1cccc(C(=O)NCc2cccc(-c3cccc(CN4CCNCC4)c3)c2)c1,CHEMBL494749,0.46746047049749306,1
C[C@H]1CN(Cc2ccc(N(C)C(=O)c3cnc(-c4ccc(F)cc4)nc3)cc2)CCN1,CHEMBL2364289,0.46744371108926636,1
Cc1nc(-c2ccc(F)cc2)ncc1C(=O)N(C)c1ccc(CN2CCN[C@@H](C)C2)cc1,CHEMBL2364288,0.46744371108926636,1
CN(C)C(=O)c1ccc(-c2cc3c(N[C@H]4CCCNC4)ncc(C(N)=O)c3s2)cc1,CHEMBL1287864,0.46743155907341505,1
N#Cc1cccc(-c2cc3c(N[C@H]4CCCNC4)ncc(C(N)=O)c3s2)c1,CHEMBL1288163,0.46743155907341505,1
Cc1[nH]c(/C=C2\C(=O)Nc3ccc(F)cc32)c(C)c1NC(=O)CN1CCCCC1,CHEMBL3286422,0.46742448163351213,1
Cc1[nH]c(/C=C2\C(=O)Nc3ccc(F)cc32)c(C)c1NC(=O)CN1CCCC1,CHEMBL4087920,0.46742448163351213,1
COc1ccccc1C(=O)NCCN1CCN2Cc3[nH]c4ccccc4c3CC2C1,CHEMBL2260144,0.46740364003194457,1
COc1ccc(C(=O)NC(=O)Nc2cccc(C3CN4CCSC4=N3)c2)cc1,CHEMBL416098,0.46739336492890965,1
Nc1ccc(-c2nc3ccc(C4=NCCN4)cc3s2)cc1,CHEMBL3330703,0.4673744974744871,1
FC1(F)CCN(c2cc(-c3n[nH]c4ccc(C5=CCNCC5)cc34)ncn2)CC1,CHEMBL3984439,0.4673720646658536,1
CC(C)NC1=N/C(=C\c2c[nH]c3ncccc23)C(=O)N1,CHEMBL498717,0.46736915353645764,1
c1ccc2c(c1)CC1c3cc(CC4CCNCC4)sc3CCN1C2,CHEMBL4175441,0.4673473086449586,1
CCc1cc(-c2ccnc3[nH]cc(C#N)c23)ccc1CN1CCOCC1,CHEMBL3967289,0.46733580877233694,1
Cc1cc(-c2ccnc3[nH]cc(C#N)c23)ccc1CN1CCOCC1,CHEMBL3975772,0.46733580877233694,1
N#Cc1c[nH]c2nccc(-c3ccc(CN4CCOCC4)cc3)c12,CHEMBL3950909,0.46733580877233694,1
N#Cc1ccc2oc(-c3ccc(NC(=O)COC4CCNCC4)cc3)nc2c1,CHEMBL1642928,0.4672992034096098,1
CN(C)C(=O)Nc1nc2cc(C3(O)c4ccccc4C(=O)N3Cc3ccccc3)ccc2[nH]1,CHEMBL3927073,0.4672900409089348,1
C#CCCC(=O)Nc1nc2ccc(C3(O)c4ccccc4C(=O)N3Cc3ccccc3)cc2[nH]1,CHEMBL3905522,0.4672900409089348,1
CCC(=O)Nc1nc2cc(C3(O)c4ccccc4C(=O)N3Cc3ccccc3)ccc2[nH]1,CHEMBL3932536,0.4672900409089348,1
Cn1cnc(S(=O)(=O)NCc2ccc3c(c2)C(C(C)(C)c2ccc(Cl)cc2)NCC3)c1,CHEMBL3646023,0.4672671521655807,1
O=C(NN1C(=O)CSC1c1ccccc1O)c1cc(-c2ccc(Cl)cc2)n[nH]1,CHEMBL2059836,0.4672543556904649,1
Nc1nc2cc3c(cc2s1)CCN(Cc1cnc[nH]1)CC3,CHEMBL2326470,0.46725389073981083,1
CC(C)C(=O)NCc1ccc(Cl)c(-c2nc3cc(C(N)=O)ccc3c(=O)[nH]2)c1,CHEMBL3342710,0.46723902070852386,1
Nc1nc(-c2cccc(NC(=O)c3ccc[nH]3)c2)c[nH]1,CHEMBL3113245,0.46723476354213384,1
Nc1nc(-c2ccc(NC(=O)c3ccc[nH]3)cc2)c[nH]1,CHEMBL3139318,0.46723476354213384,1
C[C@@H](CN1CCC(n2c(=O)[nH]c3ccccc32)CC1)NC(=O)c1ccc2ncccc2c1,CHEMBL1878790,0.4672288076907411,1
O=C(NCCN1CCC(n2c(=O)[nH]c3ccccc32)CC1)c1ccc2ncccc2c1,CHEMBL494008,0.4672288076907409,1
C/C(CN(C)C)=C1\C[C@@](C)(c2cc(NC(=O)c3ccc(C#N)cn3)ccc2F)N=C(N)S1,CHEMBL3948890,0.46721561451662086,1
Cc1nc2cccc(-c3cc4c([nH]3)CCNC4=O)c2nc1NC1CCC(=O)N(C)C1,CHEMBL3921045,0.46720931771557145,1
COc1ccc2c(c1)c(CCNC(=N)N)cn2Cc1ccc(F)c(F)c1,CHEMBL3747363,0.46720557626216147,1
COCCNC[C@@H](NC(=O)N1CCc2cnc(NC(C)C)nc2C1)c1ccc(F)c(Cl)c1,CHEMBL4108742,0.4671998946710115,1
CC1CNC(c2ccc3c(c2)Cc2cc(C4=NC(C)CN4)ccc2-3)=N1,CHEMBL1975616,0.46718648473034446,1
CN1CCc2ccc(N3C(=O)CSC34C(=O)Nc3ccccc34)cc2CC1,CHEMBL3323289,0.4671772921829239,1
COc1cccc2c1C[C@H]1C[C@@H](C(=O)N3CCc4c([nH]c5ccccc45)C3)CN(C)[C@@H]1C2,CHEMBL251300,0.4671626348721483,1
Cc1noc(C)c1-c1ccc2c(c1)C(c1ccccc1)(N1CCN(CCO)CC1)C(=O)N2,CHEMBL3984202,0.4671494747830628,1
O=C(c1ccc2[nH]c(=O)c3c(c2c1)CCSC3)N1CCN(C2CCCCCC2)CC1,CHEMBL2237213,0.4671243162072294,1
O=C(c1ccc2[nH]c(=O)c3c(c2c1)CCSC3)N1CCN(C2CCCC2)CC1,CHEMBL2237215,0.4671243162072294,1
O=C(c1ccc2[nH]c(=O)c3c(c2c1)CCSC3)N1CCN(C2CCCCC2)CC1,CHEMBL2237212,0.4671243162072294,1
CN1C(=O)N(c2cccc(C(F)(F)F)c2)C2=C(C(=O)CC2)C1c1ccc(C#N)cc1C(=O)N1C[C@H]2C[C@@H]1CN2,CHEMBL4110122,0.4671157296144603,1
Cn1ncc2cc(Cc3n[nH]c4ccc(C(=O)N5CC(O)C5)cc34)ccc21,CHEMBL3775123,0.46710695599965646,1
Cn1ncc2cc(Cc3n[nH]c4ccc(C(=O)N5CC[C@H](O)C5)cc34)ccc21,CHEMBL3775024,0.46710695599965646,1
CC1(C)c2cc(OCCNC(N)=O)ccc2C(=O)c2c1[nH]c1cc(C#N)ccc21,CHEMBL1779195,0.4671010874624466,1
CC1(c2cc(NC(=O)c3ccc4cc5n(c4c3)CCCNC5=O)on2)CC1,CHEMBL3943871,0.4670890864384338,1
O=C(Nc1cc(C2CC2)no1)c1ccc2cc3n(c2c1)CCCNC3=O,CHEMBL1933068,0.46708908643843366,1
O=C1COc2ccc(CNC(=O)c3cc(-c4cccc5ccccc45)n[nH]3)cc2N1,CHEMBL4088164,0.4670772898867474,1
CN[C@@H](C)C(=O)N[C@H](C(=O)N1CCc2ccc(F)cc2[C@@H]1C(=O)Nc1c(F)cccc1F)C(C)C,CHEMBL3961690,0.46706642930759834,1
CN[C@@H](C)C(=O)N[C@H](C(=O)N1Cc2ccccc2[C@H]1C(=O)Nc1c(C)cccc1F)C(C)C,CHEMBL3932790,0.46706642930759834,1
CN[C@@H](C)C(=O)N[C@H](C(=O)N1CCc2ccc(F)cc2[C@H]1C(=O)Nc1c(F)cccc1F)C(C)C,CHEMBL3907080,0.46706642930759834,1
CN[C@@H](C)C(=O)N[C@H](C(=O)N1CCc2cc(Cl)ccc2[C@H]1C(=O)Nc1c(F)cccc1F)C(C)C,CHEMBL3893395,0.46706642930759834,1
CN[C@@H](C)C(=O)N[C@H](C(=O)N1CCc2cc(Cl)ccc2[C@@H]1C(=O)Nc1c(F)cccc1F)C(C)C,CHEMBL3892690,0.46706642930759834,1
CN[C@@H](C)C(=O)N[C@H](C(=O)N1Cc2ccccc2[C@H]1C(=O)Nc1c(Cl)cccc1Cl)C(C)C,CHEMBL3979256,0.46706642930759834,1
CN[C@@H](C)C(=O)N[C@H](C(=O)N1Cc2ccccc2[C@H]1C(=O)Nc1c(F)cccc1Cl)C(C)C,CHEMBL3908942,0.46706642930759834,1
CN[C@@H](C)C(=O)N[C@H](C(=O)N1CCc2cc(F)ccc2[C@H]1C(=O)Nc1c(F)cccc1F)C(C)C,CHEMBL3917880,0.46706642930759834,1
CN[C@@H](C)C(=O)N[C@H](C(=O)N1CCc2ccccc2[C@H]1C(=O)Nc1c(Cl)cccc1Cl)C(C)C,CHEMBL3912676,0.46706642930759834,1
CN[C@@H](C)C(=O)N[C@H](C(=O)N1Cc2ccccc2[C@H]1C(=O)Nc1ccccc1F)C(C)C,CHEMBL3980179,0.46706642930759834,1
CN[C@@H](C)C(=O)N[C@H](C(=O)N1CCc2cc(F)ccc2[C@@H]1C(=O)Nc1c(F)cccc1F)C(C)C,CHEMBL3938605,0.46706642930759834,1
CN[C@@H](C)C(=O)N[C@H](C(=O)N1Cc2ccccc2C1C(=O)Nc1ccccc1)C(C)C,CHEMBL3908353,0.46706642930759834,1
CN[C@@H](C)C(=O)N[C@H](C(=O)N1CCc2ccccc2[C@H]1C(=O)Nc1c(F)cccc1Cl)C(C)C,CHEMBL3981637,0.46706642930759834,1
CN[C@@H](C)C(=O)N[C@H](C(=O)N1Cc2ccccc2[C@H]1C(=O)Nc1ccccc1Cl)C(C)C,CHEMBL3918388,0.46706642930759834,1
CN[C@@H](C)C(=O)N[C@H](C(=O)N1Cc2ccccc2[C@H]1C(=O)Nc1c(F)cccc1F)C(C)C,CHEMBL3971740,0.46706642930759834,1
CN[C@@H](C)C(=O)N[C@H](C(=O)N1Cc2ccccc2[C@@H]1C(=O)Nc1c(F)cccc1F)C(C)C,CHEMBL3903428,0.46706642930759834,1
CN[C@@H](C)C(=O)N[C@H](C(=O)N1CCc2ccc(Cl)cc2[C@@H]1C(=O)Nc1c(F)cccc1F)C(C)C,CHEMBL3978633,0.46706642930759834,1
CN[C@@H](C)C(=O)N[C@H](C(=O)N1CCc2ccccc2[C@H]1C(=O)Nc1c(F)cccc1F)C(C)(C)C,CHEMBL3903660,0.46706642930759834,1
CN[C@@H](C)C(=O)N[C@H](C(=O)N1CCc2ccccc2[C@H]1C(=O)Nc1c(F)cccc1F)C(C)C,CHEMBL3898167,0.46706642930759834,1
CN[C@@H](C)C(=O)N[C@H](C(=O)N1Cc2ccccc2[C@H]1C(=O)Nc1c(F)cccc1F)C(C)(C)C,CHEMBL3925767,0.46706642930759834,1
CN[C@@H](C)C(=O)N[C@H](C(=O)N1CCc2ccc(Cl)cc2[C@H]1C(=O)Nc1c(F)cccc1F)C(C)C,CHEMBL3952988,0.46706642930759834,1
O=C(Nc1ccc(-c2ccn[nH]2)cc1)C1CCCN(Cc2ccoc2)C1,CHEMBL3476452,0.4670526136557123,1
O=C1Nc2ccc(-c3csc(-c4ccccc4)n3)cc2/C1=C/c1ccc(C(=O)NCCN2CCOCC2)c(=O)[nH]1,CHEMBL3732130,0.4670411277038161,1
CN1CC2(CNC(=O)c3c2[nH]c2c3CCc3cnc(-c4ccc(OCCN5CCOCC5)cc4)cc3-2)C1,CHEMBL1801290,0.46703866475729594,1
Cc1cc(-c2cccc(N)c2)c(/C=C2\C(=O)Nc3ccc(N)cc32)[nH]1,CHEMBL1778720,0.46702345348654173,1
Cc1cc(-c2ccc(N)cc2)c(/C=C2\C(=O)Nc3ccc(N)cc32)[nH]1,CHEMBL1778721,0.46702345348654173,1
N=C(N)Nc1ccc(NC(=O)c2cc3cc4ccccc4cc3cc2O)cn1,CHEMBL64654,0.46699965353966977,1
Cc1nc2cccc(-c3cc4c([nH]3)CCNC4=O)c2nc1NC1CNC1,CHEMBL3933668,0.4669982524532864,1
Cc1nc2cccc(-c3cc4c([nH]3)CCNC4=O)c2nc1N[C@H]1CCCNC1,CHEMBL3899021,0.4669982524532864,1
Cc1nc2cccc(-c3cc4c([nH]3)CCNC4=O)c2nc1N[C@@H]1CCNC1,CHEMBL3914616,0.4669982524532864,1
Cc1nc2cccc(-c3cc4c([nH]3)CCNC4=O)c2nc1NCC(C)(C)N,CHEMBL3980532,0.4669982524532864,1
Cc1nc2cccc(-c3cc4c([nH]3)CCNC4=O)c2nc1N[C@H]1CCNC1,CHEMBL3910145,0.4669982524532864,1
Cc1nc2cccc(-c3cc4c([nH]3)CCNC4=O)c2nc1N[C@@H]1CCCNC1,CHEMBL3926862,0.4669982524532864,1
Cc1nc2cccc(-c3cc4c([nH]3)CCNC4=O)c2nc1NC1CCNCC1,CHEMBL3901085,0.4669982524532864,1
CC(C)(N)CC(=O)N[C@@H]1CCc2ccccc2N(Cc2ccccc2)C1=O,CHEMBL303626,0.4669907094074939,1
O=C(c1ccc(/C=C/c2n[nH]c3ccccc23)cc1)N1CCNCC1,CHEMBL1908397,0.46698924046603396,1
O=C(c1ccc(C=Cc2n[nH]c3ccccc23)cc1)N1CCNCC1,CHEMBL3184303,0.46698924046603396,1
O=C(N[C@@H](Cc1ccc(O)cc1)C(=O)N1CCC(O)CC1)c1cc2cc(Cl)ccc2[nH]1,CHEMBL259288,0.4669675478186116,1
CCn1cc(C#N)c2cc(Oc3ccc(NC(=O)[C@@H]4CCN4)cc3)ccc21,CHEMBL3422667,0.46695589298626133,1
O=C(Nc1ccc2c(-c3nc4ccc(N5CCOCC5)cc4[nH]3)n[nH]c2c1)C1CC1(F)F,CHEMBL3659989,0.4669549685061576,1
O=C(Nc1ccc2[nH]nc(-c3nc4ccc(N5CCOCC5)cc4[nH]3)c2c1)C1CC1,CHEMBL3659971,0.4669549685061575,1
CC1CN(c2ccc3nc(-c4n[nH]c5ccc(NC(=O)C6CC6(F)F)cc45)[nH]c3c2)CCO1,CHEMBL3659991,0.4669549685061575,1
O=C(Nc1ccc2[nH]nc(-c3nc4ccc(N5CCOCC5)cc4[nH]3)c2c1)C1CC1(F)F,CHEMBL3659990,0.4669549685061575,1
O=C(NCCN1CCNCC1)c1ccccc1Nc1ccc2c(/C=C/c3ccccn3)n[nH]c2c1,CHEMBL3945863,0.4669510126708573,1
Cc1noc(-c2cc3cc(-c4nc(C(=O)NCCN5CCOCC5)[nH]c4C)ccc3[nH]2)n1,CHEMBL3666007,0.4669441029036228,1
CN(C)C1CCc2cc(N3CC[C@H](NS(=O)(=O)c4ccc5c(Cl)c[nH]c5c4)C3=O)ccc21,CHEMBL1684181,0.46691680787541356,1
O=C1NCCc2c1ccc1[nH]cc(CCNCc3cocn3)c21,CHEMBL549642,0.4669123065585852,1
CN(CCOCCNC(=S)NC(=O)c1ccc2c(c1)-c1ccccc1C2=O)Cc1ccccc1,CHEMBL100819,0.4668828382051405,1
CN(CCOCCNC(=S)NC(=O)c1ccc2c(c1)C(=O)c1ccccc1-2)Cc1ccccc1,CHEMBL1085030,0.4668828382051405,1
Cc1cccc(C)c1-c1ccc(C(=O)Nc2ncc(CN3CCN(C)CC3)[nH]2)c2nccnc12,CHEMBL3653108,0.46683732836862957,1
Cc1cscc1-c1ccc(C(=O)Nc2ncc(CN3CCN(C)CC3)[nH]2)c2nccnc12,CHEMBL3653107,0.46683732836862957,1
O=C(Cc1cccc(OCCCN2CCNCC2)c1)Nc1nc(-c2c[nH]c3ncccc23)cs1,CHEMBL4242191,0.4668197144701914,1
NC(=O)c1cccc2nc(-c3ccc([C@@H]4CCCCN4)cc3F)[nH]c12,CHEMBL1089125,0.4668054221368342,1
N[C@@H](CC(=O)N1CCc2n[nH]c(-c3ccc(F)cc3)c2C1)Cc1cc(F)ccc1F,CHEMBL373268,0.4667936068316887,1
COc1ccc(NC(=O)N2CCc3[nH]c4ccc(F)cc4c3C2)cc1N1CCN(C)CC1,CHEMBL15808,0.46678741227077203,1
COc1ccc(-c2nc3cc4ccccc4nc3[nH]2)c(OCC(O)CNC(C)C)c1,CHEMBL529944,0.46678699373752286,1
O=C1NC(=S)N/C1=C/c1ccc(-c2ccc3c(c2)CNC3=O)cn1,CHEMBL3103655,0.46677842121304464,1
O=c1[nH]nc2c3c(cccc13)Oc1ccc(CN3CCC(O)C3)cc1-2,CHEMBL3644775,0.4667691125624277,1
O=c1[nH]nc2c3c(cccc13)Oc1ccc(CN3CCCC(O)C3)cc1-2,CHEMBL3644778,0.4667691125624277,1
O=c1[nH]nc2c3c(cccc13)Oc1ccc(CN3CC(O)C3)cc1-2,CHEMBL3644779,0.4667691125624277,1
O=c1[nH]nc2c3c(cccc13)Oc1ccc(CN3CCC(O)CC3)cc1-2,CHEMBL3527000,0.4667691125624277,1
NC[C@H]1CC[C@H](C(=O)NC(Cc2ccccc2)c2cc(-c3ccc(N)nc3)ccn2)CC1,CHEMBL3781277,0.46676595077598365,1
O=C(NCCN1CCOCC1)c1cccc(Cc2n[nH]c(=O)c3c2CCCC3)c1,CHEMBL3962941,0.4667582552377213,1
O=C1NN=C(c2ccc3nc(-c4ccc(OCCN5CCOCC5)cc4)oc3c2)C2CC12,CHEMBL3952446,0.4667523879500366,1
CN[C@@H](C)C(=O)N[C@@H]1C(=O)N(Cc2c(C3CC3)cnc3ccccc23)c2ccccc2N(C(C)=O)[C@H]1C,CHEMBL3917787,0.4667520117044622,1
CC(C)c1nnc(-c2cc(-c3ccc4[nH]ccc4c3)cnc2N)o1,CHEMBL3942400,0.4667460527476403,1
NC(=O)c1ccc2c(c1)CCOC2CCN1CC=C(c2[nH]nc3cc(F)ccc23)CC1,CHEMBL441259,0.466727814721394,1
COc1cccc(-c2cc(C(=O)Nc3ccc([C@H]4CNCCO4)cc3)n(C)n2)c1,CHEMBL3663701,0.46671182118809484,1
Cn1nc(-c2cccc(OC(F)F)c2)cc1C(=O)Nc1ccc([C@H]2CNCCO2)cc1,CHEMBL3663722,0.46671182118809484,1
CC1(C)c2cc(OC3COC[C@@H]3O)ccc2C(=O)c2c1[nH]c1cc(Br)ccc21,CHEMBL3959170,0.46670207550253306,1
O=C(NCCCN1CCCC1)c1ccc2c(c1)NC(=O)c1ccc(-c3cc[nH]c(=O)c3)cc1N2,CHEMBL549526,0.46668911713532013,1
CC(C)(N)C(=O)N[C@H](Cc1c[nH]c2ccccc12)C(=O)N1CCC2(CC1)c1ccccc1CC2O,CHEMBL1196219,0.46668632944993366,1
COc1ccc2[nH]c(=O)c(-c3nc4c([nH]3)CN(C(=O)CN3CCOCC3)CC4)cc2c1,CHEMBL2016911,0.4666820079555543,1
CN1CCN(C(=O)c2ccc(-c3cn4c(-c5ccc(C(N)=O)cc5)cnc4cn3)cc2)CC1,CHEMBL4204506,0.4666806958473626,1
O=C(c1cc(Cc2n[nH]c(=O)c3ccccc23)ccc1F)N1CC2(CNC2)C1,CHEMBL4166130,0.4666736150919795,1
O=C(c1cc(Cc2n[nH]c(=O)c3ccccc23)ccc1F)N1CCC2(CNC2)C1,CHEMBL4166463,0.4666736150919795,1
O=C(c1cc(Cc2n[nH]c(=O)c3ccccc23)ccc1F)N1CCC2(CCNCC2)C1,CHEMBL4170291,0.4666736150919795,1
O=C(c1cc(Cc2n[nH]c(=O)c3ccccc23)ccc1F)N1CC2(CCNCC2)C1,CHEMBL4167820,0.4666736150919795,1
O=C(c1cc(Cc2n[nH]c(=O)c3ccccc23)ccc1F)N1CCC2(CCNCC2)CC1,CHEMBL4163438,0.4666736150919795,1
O=C(c1cc(Cc2n[nH]c(=O)c3ccccc23)ccc1F)N1CCC2(CCNC2)C1,CHEMBL4173312,0.4666736150919795,1
COc1cc(C(=O)NC(c2ccccc2F)C(C)(C)O)ccc1-c1cn[nH]c1,CHEMBL3962377,0.46666998556280137,1
COc1ccc2c(c1)C(=O)N(C[C@@]1(C#Cc3ccc(C4CCN(C)CC4)nc3)NC(=O)NC1=O)C2,CHEMBL3640317,0.4666518382002476,1
Cc1ccc2nc(-c3ccc(NC(=O)CNC4CC4)cc3)sc2c1,CHEMBL1581270,0.4666456494325345,1
Cn1c2c(c3cc(S(=O)(=O)c4ccccc4O)ccc31)C1CCC(C2)N1,CHEMBL3664783,0.4666365154467018,1
O=C1CCc2cc(S(=O)(=O)NC(C(=O)N3CCN(C4CCCCC4)CC3)c3ccccc3)ccc2N1,CHEMBL3691688,0.46662257838636867,1
CCC1CC(=O)NN=C1c1ccc2nc(-c3ccc(OCCN4CCN(C)CC4)cc3)oc2c1,CHEMBL3920966,0.4666198951332988,1
CC1(C)CN(Cc2ccc3cc4c(cc3n2)CC2(C4)C(=O)Nc3ncccc32)[C@@H](Cc2ccccc2)C(=O)N1,CHEMBL3656886,0.4666086740400147,1
COc1ccc2c(c1)C[C@H](C(=O)Nc1ccc(-c3cn[nH]c3)cc1OCCN1CCCC1)NC2,CHEMBL1215305,0.46659570154095736,1
CC(C)(CN)c1nc(-c2ccc3c(c2)CC/C3=N\O)c(-c2ccncc2)[nH]1,CHEMBL478823,0.4665775836782584,1
CN(C)CCNC(=O)c1ccc2c(c1)CC(c1nc3ccc(-c4cn[nH]c4)cc3c(=O)[nH]1)CO2,CHEMBL1684206,0.46655522903130126,1
CCc1cc2c(cc1N1CCN(C(=O)C3CNC3)CC1)C(C)(C)c1[nH]c3cc(C#N)ccc3c1C2=O,CHEMBL3735650,0.4665539084004908,1
CC1(C)c2cc(N3CCN(C(=O)C4CNC4)CC3)ccc2C(=O)c2c1[nH]c1cc(C#N)ccc21,CHEMBL3735113,0.4665539084004908,1
Nc1nc(-c2ccc(NC(=O)[C@@H]3CCCN3)cc2)c[nH]1,CHEMBL3621728,0.46653384765376604,1
Nc1nc(-c2cccc(NC(=O)[C@@H]3CCCN3)c2)c[nH]1,CHEMBL3621667,0.46653384765376604,1
Nc1nc(-c2ccc(NC(=O)[C@H]3CCCN3)cc2)c[nH]1,CHEMBL3139646,0.46653384765376604,1
Cc1c(C(=O)N2CCN(C)CC2)cc(-c2ccc3ccccc3c2)n1-c1ccc(S(N)(=O)=O)cc1,CHEMBL1270438,0.46652939276485783,1
COc1ccc(F)cc1-c1ccnc2[nH]c(C3CCN(C(=O)CN4CCOCC4)CC3)cc12,CHEMBL3668452,0.46652014652014623,1
CN[C@@H](C)C(=O)Nc1ccc2c(n1)CN(c1ccccc1)C(=O)N2c1ccccc1,CHEMBL3983433,0.46651734698541847,1
CN1CCN(c2ccc(-c3cncc(-c4ccc5c(=O)[nH][nH]c5c4)n3)cc2)CC1,CHEMBL3359891,0.46651162790697653,1
c1cc2cc(-c3cc4ccc(C5=NCCN5)cc4[nH]3)[nH]c2cc1C1=NCCN1,CHEMBL1688718,0.46650291679459627,1
COCCNCc1ccc(-c2cc(-c3cccc(C(=O)NC(C)C)c3)n[nH]2)cc1,CHEMBL1683311,0.4664949730077753,1
O=C(NCc1ccc2[nH]c(=O)[nH]c2c1)c1ccc(CN2CCCC2)o1,CHEMBL3476717,0.46649319821053564,1
N[C@@H]1C[C@H]1c1ccc(NC(=O)c2cc3ccccc3[nH]2)cc1,CHEMBL3736565,0.4664800995024872,1
Cc1cccc(NC(=O)NC2N=C(N3CCNCC3)c3ccccc3N(C)C2=O)c1,CHEMBL102537,0.46646195565480925,1
O=C(NCC1CCC2(CCNCC2)CO1)c1ccc(NC(=O)N2Cc3ccccc3C2)cc1,CHEMBL3970696,0.4664610262436346,1
COc1cccc(CNC(=O)c2[nH]c3nc(-c4cn[nH]c4)ccc3c2CN2CCOCC2)c1,CHEMBL1922143,0.4664437138646415,1
COCCNC(=O)c1cc(-c2cnc3[nH]c(-c4ccc(OC)cc4)nc3c2)cs1,CHEMBL3125731,0.4664387818520821,1
O=C(NCC1(N2CCOCC2)CCCC1)c1ccc(NC(=O)N2Cc3ccncc3C2)cc1,CHEMBL3917355,0.466437954227418,1
COc1cc(C(=O)NC(CN2CCCC2)c2ccccc2)ccc1-c1cn[nH]c1,CHEMBL3943121,0.46642807542332104,1
NC(=O)c1ccc(NC(=O)C2NC[C@@H]2c2ccccc2)c2cccnc12,CHEMBL4112754,0.46642142184960217,1
C[C@@H](O)[C@H]1C(=O)N2C(C(=O)O)=C(c3ccc(CN4CCCC4)cc3)C[C@H]12,CHEMBL68863,0.4664194669756662,1
C[C@@H](O)[C@H]1C(=O)N2C(C(=O)O)=C(c3ccc(CN4CCCCC4)cc3)C[C@H]12,CHEMBL67754,0.4664194669756662,1
Cc1cc(NC(=O)NCc2ccc(-c3cc(NC(=O)c4ccc(N5CCN(C)CC5)cc4)[nH]n3)cc2)no1,CHEMBL2386801,0.46641577600481726,1
Cc1ccc(C(=O)Nc2ccc(CN3CCN(C)CC3)cc2)cc1C#Cc1ccccn1,CHEMBL4082210,0.4664097549752674,1
Cc1nn(C)c(C)c1NC(=O)c1cccc(CN2C[C@H]3CC[C@@H](C2)N3)c1,CHEMBL3481467,0.466407749654033,1
CC(=O)NC[C@H]1CN(c2ccc3c(c2)CCCc2c(Nc4ccccc4)n[nH]c2-3)C(=O)O1,CHEMBL249690,0.4664028091893821,1
COC(=O)c1ccc(C(=O)Nc2n[nH]c3cc(-c4ccc(O)cc4)ccc23)cc1,CHEMBL4087051,0.46638608514283564,1
CN[C@@H](C)C(=O)N[C@H](C(=O)N1CCc2ccccc2[C@H]1C(=O)Nc1c(F)cccc1F)C1CCCCC1,CHEMBL3911642,0.4663794718112004,1
CN[C@@H](C)C(=O)N[C@H](C(=O)N1Cc2ccccc2[C@H]1C(=O)Nc1c(F)cccc1F)C1CCCCC1,CHEMBL3938640,0.4663794718112004,1
CN[C@@H](C)C(=O)N[C@H](C(=O)N1Cc2ccccc2[C@H]1C(=O)Nc1c(F)cccc1F)C1CCCC1,CHEMBL3962291,0.4663794718112004,1
CN[C@@H](C)C(=O)N[C@@H](CC(C)C)C(=O)N1Cc2ccccc2[C@H]1C(=O)Nc1c(F)cccc1F,CHEMBL3920272,0.4663794718112004,1
CN[C@@H](C)C(=O)N[C@H](C(=O)N1CCc2ccccc2[C@H]1C(=O)Nc1c(F)cccc1F)C1CCCC1,CHEMBL3935144,0.4663794718112004,1
CC(=O)Oc1ccc2c(c1)OC(c1ccccc1)CC21CC(C)(C)NC(=O)N1,CHEMBL1300176,0.4663501328570805,1
Cc1cncc(-c2cc3c(-c4cccc(N5CCNCC5)n4)n[nH]c3cn2)c1,CHEMBL3634782,0.46633369751833975,1
Fc1cncc(-c2cc3c(-c4cccc(N5CCNCC5)n4)n[nH]c3cn2)c1,CHEMBL3954344,0.46633369751833975,1
c1cncc(-c2cc3c(-c4cccc(N5CCCNCC5)n4)n[nH]c3cn2)c1,CHEMBL3967523,0.46633369751833975,1
FC(F)(F)c1cncc(-c2cc3c(-c4cccc(N5CCNCC5)n4)n[nH]c3cn2)c1,CHEMBL3915245,0.46633369751833975,1
CCc1cncc(-c2cc3c(-c4cccc(N5CCNCC5)n4)n[nH]c3cn2)c1,CHEMBL3914022,0.46633369751833975,1
Fc1ccc(-c2cc3c(-c4cccc(N5CCNCC5)n4)n[nH]c3cn2)cn1,CHEMBL3957313,0.46633369751833975,1
Cc1ccc(-c2cc3c(-c4cccc(N5CCNCC5)n4)n[nH]c3cn2)cn1,CHEMBL3938860,0.46633369751833975,1
c1cncc(-c2cc3c(-c4cccc(N5CCNCC5)n4)n[nH]c3cn2)c1,CHEMBL3634781,0.46633369751833975,1
c1cc(-c2n[nH]c3cnc(-c4cncs4)cc23)nc(N2CCNCC2)c1,CHEMBL3943032,0.46633369751833964,1
NC[C@H]1Cn2c(cc3ccc(C(=O)Nc4nccs4)cc32)C(=O)N1,CHEMBL257888,0.46632869767760493,1
NC[C@@H]1Cn2c(cc3ccc(C(=O)Nc4nccs4)cc32)C(=O)N1,CHEMBL404224,0.46632869767760493,1
CNCC1Cn2c(cc3ccc(C(=O)Nc4nccs4)cc32)C(=O)N1,CHEMBL258107,0.46632869767760493,1
CCCNCC1Cn2c(cc3ccc(C(=O)Nc4nccs4)cc32)C(=O)N1,CHEMBL272147,0.46632869767760493,1
CCNCC1Cn2c(cc3ccc(C(=O)Nc4nccs4)cc32)C(=O)N1,CHEMBL401748,0.46632869767760493,1
O=S(=O)(c1ccc(CN2CCCc3cc4[nH]cnc4cc32)cc1)N1CCNCC1,CHEMBL353700,0.4663212435233159,1
Nc1ncc(-c2cnc3[nH]cc(-c4ccc5[nH]ccc5c4)c3c2)cn1,CHEMBL2436983,0.4663129065388564,1
O/N=C1\CCc2cc(-c3nc(CN4CCOCC4)[nH]c3-c3ccncc3)ccc21,CHEMBL477987,0.46627295376949357,1
O=C1Nc2cc(NC(=O)c3cccn(-c4ccccc4)c3=O)ccc2/C1=C/c1ccc[nH]1,CHEMBL3322574,0.46623560469832026,1
NCCCn1cc(C2=C(c3ccccc3)C(=O)NC2=O)c2ccccc21,CHEMBL256827,0.4662132705554102,1
NCCCn1cc(C2=C(c3cccc(Br)c3)C(=O)NC2=O)c2ccccc21,CHEMBL412302,0.4662132705554102,1
Cc1cccc(C2=C(c3cn(CCCN)c4ccccc34)C(=O)NC2=O)c1,CHEMBL408434,0.4662132705554102,1
NCCCn1cc(C2=C(c3cccs3)C(=O)NC2=O)c2ccccc21,CHEMBL407666,0.4662132705554102,1
Nc1ccc(-c2cc(O)cc(CCC3CCCCN3)c2)cn1,CHEMBL3472974,0.46621166971066,1
CC(C)c1ccc(NC(=O)C2Cc3c(-c4cccc(C(N)=O)c4)ccnc3O2)cc1,CHEMBL1892790,0.4662098742256425,1
N[C@H]1CCC[C@@H](Oc2cccc(-c3n[nH]c4cnc(-c5cccnc5)cc34)n2)C1,CHEMBL3920195,0.4662089958226745,1
CCNC(=O)Nc1cn(C2CCN(C)CC2)c2cc(-c3cccnc3)cnc12,CHEMBL3735006,0.4661972990777338,1
Nc1cccc(-c2cnc3[nH]cc(-c4cccnc4)c3c2)c1,CHEMBL2152265,0.46619158104076863,1
Nc1cccc(-c2cnc3[nH]cc(-c4ccncc4)c3c2)c1,CHEMBL2152264,0.46619158104076863,1
Nc1ccc(-c2cnc3[nH]cc(-c4ccncc4)c3c2)cc1,CHEMBL2152274,0.46619158104076863,1
CN(C)CCNC(=O)c1ccccc1NC(=O)c1ccc2cc3n(c2c1)CCCNC3=O,CHEMBL3980088,0.4661841128433556,1
Cc1[nH]c(/C=C2\C(=O)Nc3ccc(S(=O)(=O)N(C)c4cccc(Cl)c4)cc32)c(C)c1C(=O)N1CCN(C)CC1,CHEMBL261641,0.4661461238148354,1
Cc1nc(C(=O)NCCN)cc2c3ccccc3n(Cc3ccccc3)c12,CHEMBL1165837,0.46614327772325803,1
NCCNC(=O)c1cc2c3ccccc3n(Cc3ccccc3)c2cn1,CHEMBL1200117,0.46614327772325803,1
O=C(CNc1ccccc1)Nc1nc2c(F)cc3[nH]ncc3c2s1,CHEMBL3716845,0.466128567310464,1
O=C(CNc1cccc(F)c1)Nc1nc2ccc3[nH]ncc3c2s1,CHEMBL3719091,0.466128567310464,1
O=C(CNc1ccc(Cl)cc1)Nc1nc2ccc3[nH]ncc3c2s1,CHEMBL3714771,0.466128567310464,1
O=C(CNc1ccc(F)cc1)Nc1nc2ccc3[nH]ncc3c2s1,CHEMBL3715830,0.466128567310464,1
O=C(CNc1cccc(Cl)c1)Nc1nc2ccc3[nH]ncc3c2s1,CHEMBL3716752,0.466128567310464,1
Cc1cc2[nH]ncc2c2sc(NC(=O)CNc3ccccc3)nc12,CHEMBL3716207,0.466128567310464,1
O=C(CNc1ccccc1)Nc1nc2ccc3[nH]ncc3c2s1,CHEMBL3719342,0.466128567310464,1
O=C(CNc1cc(F)cc(F)c1)Nc1nc2ccc3[nH]ncc3c2s1,CHEMBL3718954,0.466128567310464,1
O=C(CNc1ccccc1)Nc1nc2ccc3[nH]nc(Cl)c3c2s1,CHEMBL3715447,0.466128567310464,1
O=S(=O)(c1ccccc1)c1ccc2[nH]c3c(c2c1)C1CCC(C3)N1,CHEMBL1950753,0.4661199827362969,1
CN(C(=O)c1cn(-c2cnsc2)c2ccccc12)C1CC2COCC(C1)N2,CHEMBL3906022,0.46607958251793835,1
O=S(=O)(Nc1ccc2c(c1)C(C1CCNC1)=CC2)c1c(Cl)nc2sccn12,CHEMBL605938,0.46607411554746836,1
CC(C)(C)c1ccc(NC(=O)c2c[nH]c3ccccc3c2=O)cc1CN,CHEMBL3357135,0.4660655472166727,1
CC(C)C(O)(c1ccc2cc3c(cc2c1)CN(C)C3=O)c1c[nH]cn1,CHEMBL1682903,0.46600441501103745,1
c1ccc(CNC[C@@H]2CCN(CCc3c[nH]c4ccc(Cn5cncn5)cc34)C2)cc1,CHEMBL161192,0.46599718819039937,1
O=c1cc(OCc2ccccc2)ccn1-c1ccc2c3c([nH]c2c1)CCNC3,CHEMBL1290155,0.4659917129231489,1
O=c1cc(OCc2ccccc2)ccn1-c1ccc2c3c([nH]c2c1)CCCNC3,CHEMBL3665342,0.4659917129231489,1
O=c1cc(OCc2ccccc2)ccn1-c1ccc2c3c([nH]c2c1)CCNCC3,CHEMBL3665314,0.4659917129231489,1
Oc1ccc(/C=N/NC2=NC3=C(CCCC3)C(c3ccccc3)N2)cc1,CHEMBL3397048,0.46598791675990126,1
CC(=O)NC[C@H]1CN(c2ccc3c(c2)CCCc2c(NCc4ccccc4)n[nH]c2-3)C(=O)O1,CHEMBL398318,0.4659689013203405,1
C/C(=N\NC(N)=S)c1ccc2[nH]c(-c3ccoc3)nc2c1,CHEMBL2037263,0.46596362343740716,1
O=C(NC1CC1)c1ccc(N2CCN(C(=O)N3CCC(c4cn[nH]c4)C3)c3ccccc32)cc1,CHEMBL1761867,0.46595953460118666,1
CO[C@H]1CC[C@]2(CC1)Cc1ccc(-c3cncnc3)cc1C21C=C(F)C(N)=N1,CHEMBL2408787,0.46594018084859723,1
O=C(N[C@H]1CCC[C@H]1NC(=O)c1ccc2cc[nH]c2c1)c1ccc(-n2ccccc2=O)cc1,CHEMBL393973,0.465929684668358,1
Cc1nnc(-c2ccccc2-c2ccc(CN3CCN(CCOCCO)CC3)cc2)o1,CHEMBL2296626,0.4658889746266623,1
COc1ccccc1C(=O)N1CCN(C(=O)c2ccc(-c3cccc4[nH]nc(N)c34)cc2)CC1,CHEMBL3634536,0.4658826362687644,1
Oc1ccc2c(c1)Sc1ccccc1C(N1CCNCC1)=N2,CHEMBL3526393,0.46587769146551267,1
NCc1ccc(C(=O)Nc2cc(-c3ccccc3)ccc2O)cc1,CHEMBL3664045,0.46586274162085456,1
CN1C(=O)N(c2cccc(C(F)(F)F)c2)C2=C(C(=O)CC2)C1c1ccc(C#N)cc1C(=O)N1CCNCC1,CHEMBL3938940,0.46586109376721624,1
N=C1/C(=C/c2ccc(O)cc2)C(=O)N=C2SN=C(SCc3ccccc3)N12,CHEMBL1453871,0.4658538701839637,1
Cc1cc(O)cc(C)c1C[C@H](N)C(=O)N1Cc2ccccc2C[C@H]1C(=O)N[C@@H](C)C(=O)NC(C)(C)C,CHEMBL344106,0.4658533213520429,1
CC(C)(C)C(O)c1cccc(-c2cc(NC(=O)[C@@H]3CNC(=O)C3)nn2-c2ccccc2)c1,CHEMBL3690985,0.4658500770029725,1
CC(=O)N1CCC[C@H]1C(=O)NCC1Cc2cc(Cl)cc(-c3ccc4[nH]ccc4c3)c2O1,CHEMBL2139659,0.4657867315039947,1
COCCCOc1ccc2cc(-c3noc([C@@H]4CCCN4C(=N)N)n3)ccc2c1,CHEMBL3815213,0.4657516784227075,1
O=C(Nc1ccc2c(c1)S(=O)(=O)C=C2)c1cc(Cl)ccc1OCCN1CCNCC1,CHEMBL3289154,0.4657355679702046,1
CC(C)(CCN)CN(C[C@H]1Cc2ccccc2CN1)[C@H]1CCCc2cccnc21,CHEMBL4104056,0.46573385590271404,1
CCCNC(=O)c1ccc(NC(=O)N2Cc3ccc(C(=O)N4CCOCC4)cc3C2)cc1,CHEMBL3909496,0.46573046694405856,1
N[C@H](COc1cncc(-c2ccc(CO)cc2)c1)Cc1c[nH]c2ccccc12,CHEMBL576761,0.46572652624062827,1
CC(C)(C)NC(=O)C1CCN(Cc2cccc(NC(=O)C3COc4ccccc43)c2)CC1,CHEMBL3961653,0.46571517219981373,1
CN1CCN(c2ccc3[nH]c(-c4n[nH]c5ncc(Br)cc45)nc3c2)CC1,CHEMBL1807775,0.46563860667634255,1
NC(=O)Cc1ccc(Nc2nncc3c(-c4ccc(O)cc4)cccc23)cc1,CHEMBL1939567,0.4656355031209275,1
N#Cc1cc(C(=O)c2ccc(N3CCNCC3)cc2)n2c1ccc1ccccc12,CHEMBL516662,0.4656313853698406,1
CN[C@@H](C)C(=O)N[C@H](C(=O)N1c2ccccc2C[C@H]1C(=O)Nc1c(F)cccc1F)C(C)C,CHEMBL3926075,0.4656229973450514,1
Nc1n[nH]c2ccc(-c3ccc(C(=O)N4CCOCC4)cc3)cc12,CHEMBL480606,0.46561740783775224,1
COc1cccc(-c2c[nH]c(/C=C3\C(=O)Nc4ccc(NC(N)=O)cc43)c2)c1,CHEMBL442227,0.46561250617672145,1
CN(C(=O)c1cc2c(s1)-c1ccc(C(=O)NCCN)cc1OCC2)c1ccccc1Cl,CHEMBL1949924,0.4656100628930817,1
COc1ccc2[nH]c3c(C)c4ccnc(NCCN)c4cc3c2c1,CHEMBL19795,0.46560981846075156,1
CC1(C)C(=O)Nc2cc3[nH]c(-c4cc5ccccc5[nH]4)nc3cc21,CHEMBL38131,0.4656042140975849,1
O=S(=O)(Nc1ccc(C2(O)CSC(=S)N2Cc2cccnc2)cc1)c1ccccc1N1CCOCC1,CHEMBL4174868,0.46559990037980203,1
CC1CNC(=O)c2[nH]c3ccc(C(=O)Nc4ccon4)cc3c21,CHEMBL394735,0.4655844788924636,1
CC1CNC(=O)c2[nH]c3ccc(C(=O)Nc4nccs4)cc3c21,CHEMBL247510,0.4655844788924636,1
Cc1cc(OCCCN2CCC(N)C2)ccc1-c1nc2c(C)c(F)ccc2[nH]1,CHEMBL1082771,0.4655804920155372,1
O=C(Cc1cc([C@@H]2CCNC[C@H]2COc2ccc3c(c2)OCO3)ccc1F)NCc1ccccn1,CHEMBL4062790,0.4655730469324698,1
N=C(Nc1ccc2c(c1)CCN2C(=O)CN1CCCC1)c1cccs1,CHEMBL3215676,0.4655600782365064,1
O=C(Nc1cn[nH]c1-c1ccccc1)c1ccc2cc3n(c2c1)CCCNC3=O,CHEMBL3949208,0.4655434742271867,1
Cc1noc(-c2cc3cc(-c4nc(C(=O)NCC5CC5)[nH]c4C)ccc3[nH]2)n1,CHEMBL3666017,0.4655318428184279,1
CN(C)CCc1c(C(=O)Nc2ccccc2)[nH]c2ccc(CCN3C(=O)NC(C)(C)C3=O)cc12,CHEMBL312618,0.46552615874278847,1
N=C(N)c1ccc(-c2ccc(-c3nc4cc(C(=N)N)ccc4o3)o2)cc1,CHEMBL1650566,0.4655123022567399,1
CN(C)c1ccc(-c2cc(C(=O)N[C@H]3CCCNC3)c(NC(N)=O)s2)cc1,CHEMBL488287,0.4655035315028764,1
CC(C)NCc1cc2c(cc1O)OC=C(c1ccc(O)cc1)C2,CHEMBL3633744,0.4654751485558983,1
NC(=O)N1CCCc2cc(-c3cncc(-c4ccc(C(=O)N5CCOCC5)cc4)c3)cnc21,CHEMBL3952963,0.46545110111295296,1
COc1ccc2[nH]c(=O)c3cc(CC(C#N)NC(=O)[C@H]4N[C@@H]5CC[C@H]4C5)ccc3c2c1,CHEMBL3667361,0.46544781804331253,1
O=C(/C=C/c1ccn2c(CNC3CC3)c(-c3ccccc3)nc2c1)NO,CHEMBL3689820,0.46542865234453995,1
CC(C)(C)CNCc1c(-c2ccccc2)nc2cc(/C=C/C(=O)NO)ccn12,CHEMBL3689817,0.46542865234453984,1
O=C(Nc1ccccc1N1CCNCC1)c1csc(-c2cc[nH]n2)n1,CHEMBL2037105,0.46542653928706673,1
CC(C)NC(=O)[C@H](Cc1cccc(C(=N)N)c1)NS(=O)(=O)c1ccc2ccccc2c1,CHEMBL359422,0.46541818181818156,1
Nc1cncc(-c2cnc3[nH]cc(-c4ccncc4)c3c2)c1,CHEMBL2152269,0.46541793490985706,1
CN(C)CCOc1cc(-c2cn[nH]c2)ccc1NC(=O)[C@H]1Cc2cc(Cl)ccc2CN1,CHEMBL1215169,0.4654010265289717,1
CN(C)CCOc1cc(-c2cn[nH]c2)ccc1NC(=O)[C@@H]1Cc2ccccc2CN1,CHEMBL1215093,0.4654010265289717,1
CN(C)CCOc1cc(-c2cn[nH]c2)c(F)cc1NC(=O)[C@H]1Cc2ccccc2CN1,CHEMBL1215524,0.4654010265289717,1
CN(C)CCOc1cc(-c2cn[nH]c2)ccc1NC(=O)[C@@H]1Cc2cc(F)ccc2CN1,CHEMBL1215168,0.4654010265289717,1
CN(C)CCOc1cc(-c2cn[nH]c2)ccc1NC(=O)[C@@H]1Cc2cc(Cl)ccc2CN1,CHEMBL1215170,0.4654010265289717,1
CN(C)CCOc1cc(-c2cn[nH]c2)ccc1NC(=O)[C@H]1Cc2ccccc2CN1,CHEMBL1215092,0.4654010265289717,1
CN(C)CCOc1cc(-c2cn[nH]c2)ccc1NC(=O)[C@H]1Cc2cc(F)ccc2CN1,CHEMBL1215094,0.4654010265289717,1
NC(=O)c1cc(-c2ccc(-n3cccc3)cc2)ccc1N[C@H]1CC[C@H](O)CC1,CHEMBL4173048,0.46536726054798316,1
CC1(C#Cc2ccc(C(=O)Nc3ccc(F)c([C@@]4(C(F)F)N=C(N)O[C@@H]5C[C@@H]54)c3)nc2)COC1,CHEMBL3693226,0.4653490870032222,1
Cc1nc2cc3c4c(cccc4c2s1)C(=O)N(CCN1CCNCC1)C3=O,CHEMBL371556,0.46533848343159184,1
C[C@H]1C(SCc2ccccn2)=C(C(=O)O)N2C(=O)[C@H](/C=C/CNc3ccccc3)[C@@H]12,CHEMBL171851,0.46530463666560473,1
CN1C(=O)NC(=O)C12Cc1ccc(NC(=O)CN(Cc3cccc(C#N)c3)C(=O)C(C)(C)C)cc1C2,CHEMBL572225,0.4653010771675785,1
COc1cc(C2=NCCN2)cc2cc(-c3ccc(C4=NCCN4)cc3)oc12,CHEMBL520654,0.46528211725785684,1
O=C(N[C@@H]1CCNC1)c1ccc2cc(Oc3ccc(C(F)(F)F)cn3)ccc2n1,CHEMBL3926150,0.46527910078110085,1
O=C(N[C@@H]1CCNC[C@H]1F)c1ccc2cc(Oc3ccc(C(F)(F)F)cn3)ccc2n1,CHEMBL3890294,0.46527910078110085,1
O=C(NC1CCNCC1)c1ccc2cc(Oc3ccc(C(F)(F)F)cn3)ccc2n1,CHEMBL3970671,0.46527910078110085,1
O=C(NC1CNC1)c1ccc2cc(Oc3ccc(C(F)(F)F)cn3)ccc2n1,CHEMBL3920541,0.46527910078110085,1
NC(=O)c1cn2c(-c3ccccc3)c(-c3ccc(C4(N)CCC4)cc3)nc2cn1,CHEMBL3932688,0.4652463571912073,1
COc1cccc(CNC(=O)c2nc3cc(-c4cc[nH]n4)ccc3s2)c1,CHEMBL1923183,0.4652389492562504,1
CNC(=O)c1nc2cc(C3(O)c4ccccc4C(=O)N3Cc3ccccc3)ccc2[nH]1,CHEMBL3945115,0.46523883521383713,1
NC/C=C/CN(Cc1nc2ccccc2[nH]1)C1CCCc2cccnc21,CHEMBL1089845,0.4652213581266018,1
NCCCCN(Cc1nc2ccccc2[nH]1)[C@@H]1CCCc2cccnc21,CHEMBL1093149,0.4652213581266018,1
CNCCCCN(Cc1nc2ccccc2[nH]1)C1CCCc2cccnc21,CHEMBL1092302,0.4652213581266018,1
NCC#CCN(Cc1nc2ccccc2[nH]1)C1CCCc2cccnc21,CHEMBL1089846,0.4652213581266018,1
NCCCCN(Cc1nc2ccccc2[nH]1)[C@H]1CCCc2cccnc21,CHEMBL4203190,0.4652213581266018,1
NCCCCN(Cc1nc2ccccc2[nH]1)C1CCCc2cccnc21,CHEMBL1088913,0.4652213581266018,1
NC/C=C\CN(Cc1nc2ccccc2[nH]1)C1CCCc2cccnc21,CHEMBL1089844,0.4652213581266018,1
O=C(NC[C@H]1CN(c2ccc(N3CCNCC3)c(F)c2)C(=O)O1)c1ccc(Cl)s1,CHEMBL197624,0.4652155752540955,1
O=C(CN1CCN(C(=O)c2cc(Cc3n[nH]c(=O)c4c3CCCC4)ccc2F)CC1)N1CCCC1,CHEMBL3919621,0.46521447078015504,1
COC(=O)[C@@H]1CC[C@@H](NC(=O)c2ccc3[nH]nc(-c4ccncc4)c3c2)CN1Cc1ccccc1,CHEMBL3654564,0.46520418494768834,1
COC(=O)[C@H]1CC[C@@H](NC(=O)c2ccc3[nH]nc(-c4ccncc4)c3c2)CN1Cc1ccccc1,CHEMBL3654582,0.46520418494768834,1
c1ccc2c(N3CCNCC3)nc(-c3ccc4[nH]ncc4c3)nc2c1,CHEMBL3338840,0.46520001440247727,1
COc1ccc(-c2nc3cc(/C(C)=N/NC(N)=S)ccc3[nH]2)cc1,CHEMBL2037179,0.46518968843163605,1
NCCNc1ccc2cc(-c3nc4ccccc4[nH]3)c(=O)oc2c1,CHEMBL2397418,0.4651857199107495,1
CC(C)Oc1ccc(-c2nc(-c3cccc4c3CC[C@H]4NC(=O)N3CCNCC3)no2)cc1C#N,CHEMBL3941001,0.46517919663886925,1
CC(C)Oc1ccc(-c2nc(-c3cccc4c3CC[C@@H]4NC(=O)N3CCNCC3)no2)cc1C#N,CHEMBL3938278,0.46517919663886925,1
O=C(Nc1cccc(-c2n[nH]c3ccc(-c4nc[nH]n4)cc23)c1)C1CC1,CHEMBL3949327,0.465171334563839,1
CCc1oc(C(=O)N[C@@H]2c3ccccc3C[C@@H]2O)cc1CN1CCCC1,CHEMBL3482240,0.4651622718052736,1
C[C@@H](C(=O)N1CC2CNCC(C2)C1)N1CC[C@H](NS(=O)(=O)c2ccc3cc(Cl)ccc3c2)C1=O,CHEMBL377604,0.4651617104406334,1
Cc1c2ccnc(NCCN(C)C)c2cc2c1[nH]c1ccc(O)cc12,CHEMBL431491,0.46515648706820495,1
O=C(NCCN1CCCC1)c1cc(-c2ccc(CN3CCOCC3)cc2)nc2ccc(F)cc12,CHEMBL4091762,0.46512319456244683,1
CN1CCN(C(=O)c2ccc3nc(Nc4ccc(Br)cn4)[nH]c3c2)CC1,CHEMBL3321976,0.465116279069767,1
N#CN[C@H]1CCc2ccc(-c3ncnc4[nH]cc(-c5cccc(CO)c5)c34)cc21,CHEMBL4292341,0.4651095649161302,1
CN1C(=N)N[C@](C)(c2cc(-c3nnc(C4Cc5ccccc5C4)o3)ccc2F)CS1(=O)=O,CHEMBL3964844,0.46510051188175855,1
CN1C(=N)N[C@](C)(c2sc(-c3nnc(C4Cc5ccccc5C4)o3)cc2Cl)CS1(=O)=O,CHEMBL3911835,0.46510051188175855,1
O=C(c1cc(-c2ccco2)nc2c(Cl)cccc12)N1C[C@H]2CNC[C@H]2C1,CHEMBL3476256,0.4650964963581264,1
COCCN1CCC(CNC(=O)c2n[nH]c3ccc(-c4ccc(OC)cc4)cc23)CC1,CHEMBL3736122,0.46509196330972846,1
COc1ccc(F)cc1-c1c(C#N)cnc2[nH]c(C3=CC4CN(CC(=O)N5CCC[C@H]5CO)CC4C3)cc12,CHEMBL3673492,0.4650886793696842,1
Cc1n[nH]cc1-c1cc2c(s1)C(=O)N[C@]1(CC[C@](O)(c3ccc(F)cc3)CC1)N2,CHEMBL4213805,0.4650849904836916,1
Cc1n[nH]cc1-c1cc2c(s1)C(=O)N[C@]1(CC[C@@](O)(c3ccc(F)cc3)CC1)N2,CHEMBL4204333,0.4650849904836916,1
O=C1NC(=O)[C@](CN2Cc3cc(OCC4CC4)ccc3C2=O)(c2ccc(F)cc2)N1,CHEMBL1090749,0.465060455192034,1
O=C1NC(=O)C(c2c[nH]c3ccccc23)=C1Nc1cccc(C2CN(c3ccnc(F)c3)C2)c1,CHEMBL3114765,0.4650410262336762,1
Nc1ccccc1NC(=O)c1ccc(CNC2=N[C@@H](c3ccc(O)cc3)CO2)cc1,CHEMBL3605499,0.46500460465728227,1
Cn1c(=O)[nH]c2ncc(-c3cccc(C(=O)NCCCc4cccc(CN)c4)c3)cc21,CHEMBL1963159,0.46497282374255877,1
Cn1c(=O)[nH]c2ncc(-c3cccc(C(=O)NCCCc4ccc(CN)cc4)c3)cc21,CHEMBL1963531,0.46497282374255877,1
c1ccc(NC[C@@H]2CCN(CCc3c[nH]c4ccc(-n5cnnc5)cc34)C2)cc1,CHEMBL159493,0.4649635036496348,1
CC(=O)N1CCN(CCOc2ccc(NC(=O)Nc3ccc(Cl)cc3)cc2-c2ccnn2C)CC1,CHEMBL584924,0.4649318172937911,1
O=C(CC1CCOCC1)Nc1ccc(NC(=O)N2Cc3ccc(CO)cc3C2)cc1,CHEMBL3914601,0.46492738031199543,1
O=C(CC1CCOC1)Nc1ccc(NC(=O)N2Cc3ccc(CO)cc3C2)cc1,CHEMBL3956724,0.46492738031199543,1
COc1ccc(N)cc1-c1cnc2[nH]cc(-c3ccncc3)c2c1,CHEMBL2152290,0.4649135012290708,1
CNCCNCc1cccc2c1C1(O)CCc3c(c4cc(OC)ccc4n3C)C21,CHEMBL313538,0.4648957784633908,1
CS(=O)(=O)c1ccc2nc(NCCc3ccc(NC4=NCCS4)cc3)sc2c1,CHEMBL1079730,0.4648322489186142,1
Nc1ccc(-c2cccs2)cc1NC(=O)c1ccc(N2CCC3(CC2)CNC(=O)N3)nc1,CHEMBL486152,0.4648234157289364,1
COc1ccc2nccc([C@@H](O)CN3CCC(NC(=O)c4cc5ccccc5[nH]4)CC3)c2c1,CHEMBL530364,0.46481689350357774,1
COc1ccc2nccc([C@@H](O)CN3CCC(NC(=O)c4cc5c(F)cc(F)cc5[nH]4)CC3)c2c1,CHEMBL532634,0.46481689350357774,1
CCCN(CCN1CCN(C(=O)c2ccc3[nH]ccc3c2)CC1)[C@H]1CCc2c(O)cccc2C1,CHEMBL556269,0.4648116400720909,1
COc1cccc(CN(CC(=O)Nc2ccc3c(c2)CC2(C3)C(=O)NC(=O)N2C)C(=O)C(C)(C)C)c1,CHEMBL571137,0.4647930821494746,1
Nc1ccc2c(c1)/C(=C\c1ccc(-c3ccoc3)o1)C(=O)N2,CHEMBL597177,0.4647825450285546,1
COc1cccc(CN(C(=O)c2cc3ccc(-c4cn[nH]c4)nc3[nH]2)C2CC2)c1,CHEMBL1922043,0.464782345828295,1
Fc1ccc(-c2ncn(CCN3CCOCC3)c2-c2ccc3[nH]ncc3c2)cc1,CHEMBL1682558,0.46477132262051896,1
Cc1cc(CCN2CCCC2)c(C)c2c1NC(=O)/C2=N\NC(=O)C(C)c1ccc(F)cc1,CHEMBL1822570,0.4647701963960312,1
COc1ccc(CCNc2nccc(-c3cccc(OC4CCNCC4)c3)n2)cc1,CHEMBL2098346,0.4647667237145619,1
CCN1CCN(Cc2ccc(C#C[C@]3(CN4Cc5ccc(OC)cc5C4=O)NC(=O)NC3=O)cc2)CC1,CHEMBL1287881,0.4647593728286154,1
CCN1CCN(Cc2ccc(C#C[C@]3(CN4Cc5ccc(OC)c(F)c5C4=O)NC(=O)NC3=O)cc2F)CC1,CHEMBL3640348,0.4647593728286154,1
CCN1CCN(C(C)c2ccc(C#C[C@]3(CN4Cc5ccc(OC)c(F)c5C4=O)NC(=O)NC3=O)cc2)CC1,CHEMBL3640349,0.4647593728286154,1
CCN1CCN(Cc2ccc(C#C[C@]3(CN4Cc5ccc(OC)c(F)c5C4=O)NC(=O)NC3=O)cc2)CC1,CHEMBL3640340,0.4647593728286154,1
O=C(Nc1cc(Cc2ccccc2)on1)c1ccc2cc3n(c2c1)CCCNC3=O,CHEMBL3972558,0.46473810338925015,1
CN1CCN(Cc2ccc(-c3ccccc3-c3nnn[nH]3)cc2)CC1,CHEMBL2296618,0.4647310065145174,1
Nc1nn(-c2cccc(-c3cccc(O)c3)c2)cc1-c1ccc2c(c1)CCNC2=O,CHEMBL603694,0.46470690756986,1
CN1Cc2c(C3=CCN[C@@H](CO)C3)[nH]c3nccc(c23)-c2cc(F)ccc21,CHEMBL3927462,0.4647067384660164,1
CN1Cc2c(C3=C[C@H](CO)NCC3)[nH]c3nccc(c23)-c2cc(F)ccc21,CHEMBL3955479,0.4647067384660164,1
CN1Cc2c(C3=C[C@@H](CO)NCC3)[nH]c3nccc(c23)-c2cc(F)ccc21,CHEMBL3928730,0.4647067384660164,1
CN1Cc2c(C3=C[C@H](CO)NCC3)[nH]c3nccc(c23)-c2cc(F)c(F)cc21,CHEMBL3982368,0.4647067384660164,1
O=C(Nc1ccccc1)N1C[C@@H]2[C@H](c3ccccc31)[C@H](CO)N2Cc1cocn1,CHEMBL3186826,0.4647020864702083,1
NC1=N[C@@](c2cc(N3Cc4cc(Cl)cnc4C3=O)ccc2F)(C(F)F)[C@H]2C[C@H]2O1,CHEMBL3693252,0.46464058940429465,1
N=C(N)c1cccc(C(=O)N2CCC[C@H]2C(=O)Nc2ccc(-c3ccccc3S(N)(=O)=O)cc2)c1,CHEMBL101437,0.4645985260639733,1
CC(C)(CO)CNC(=O)N1CCn2c(Cl)c(-c3cccc(F)c3)c(C(N)=O)c2C1,CHEMBL3920293,0.46456534832362945,1
NC(=O)c1c(-c2cccc(F)c2)c(Cl)n2c1CN(C(=O)N[C@H]1CC[C@H](O)CC1)CC2,CHEMBL3943616,0.46456534832362945,1
CC(C)(CO)CNC(=O)N1CCn2c(Cl)c(-c3cccc(C(F)(F)F)c3)c(C(N)=O)c2C1,CHEMBL3962278,0.46456534832362945,1
NC(=O)c1c(-c2cccc(F)c2)c(Cl)n2c1CN(C(=O)NC1CCC(O)(C(F)(F)F)CC1)CC2,CHEMBL3899331,0.46456534832362945,1
CC1(O)CCC(NC(=O)N2CCn3c(Cl)c(-c4cccc(F)c4)c(C(N)=O)c3C2)CC1,CHEMBL3921967,0.46456534832362945,1
NC(=O)c1ccc(NC(=O)C2CNC[C@@H]2c2cccc(F)c2)c2cccnc12,CHEMBL4112195,0.4645641071588566,1
Cc1n[nH]c2nccc(-c3ccc(NC(=O)Nc4ccccn4)cc3)c12,CHEMBL4085962,0.4645609993798174,1
CC(C)c1cccc(-c2cc3cc(C(=N)N)ccc3[nH]2)c1O,CHEMBL3632755,0.46455185261850523,1
CCCN(CCN1CCN(C(=O)c2ccc3[nH]ccc3c2)CC1)C1CCc2ccc(O)cc2C1,CHEMBL563131,0.4645374051319118,1
Cc1c(Nc2c(C#N)cncc2/C=C/CCN2CC[C@H](O)C2)ccc2[nH]ccc12,CHEMBL595492,0.46452816705704847,1
Cc1c(Nc2c(C#N)cncc2/C=C/CCN2CC[C@@H](O)C2)ccc2[nH]ccc12,CHEMBL595724,0.46452816705704847,1
CN1CCN(c2[nH]ccc3nc(-c4nc(CCc5ccc(Cl)cc5)no4)cc2-3)CC1,CHEMBL211390,0.46451347459370496,1
CC(C)(O)C(=O)N1CC=C(c2ccc(NC(=O)N3Cc4ccccc4C3)cn2)CC1,CHEMBL3915599,0.4645066423283641,1
O=C(c1cc(Cl)cc(Cl)c1)N1CCN(CCNCCCc2nc3ccccc3[nH]2)CC1,CHEMBL1929186,0.4645007923930266,1
O=C(c1ccc(Cl)c(Cl)c1)N1CCN(CCNCCCc2nc3ccccc3[nH]2)CC1,CHEMBL1962907,0.4645007923930266,1
O=C(c1ccc(Cl)cc1)N1CCN(CCNCCCc2nc3ccccc3[nH]2)CC1,CHEMBL1962608,0.4645007923930266,1
CN1CCC(Oc2ccc(-c3cccc(N)n3)c3ccccc23)C1,CHEMBL43240,0.4644964289411033,1
COc1ccc2c(-c3ccccc3)cc(CCN3CCNCC3)nc2n1,CHEMBL2263611,0.46448602324224864,1
COc1ccc(F)cc1-c1ccnc2[nH]c(C3=C[C@H]4CN(S(C)(=O)=O)C[C@H]4C3)cc12,CHEMBL3668528,0.4644825793031718,1
COc1ccc(F)cc1-c1c(F)cnc2[nH]c(C3=CC4CN(S(C)(=O)=O)CC4C3)cc12,CHEMBL3668547,0.4644825793031718,1
CNC1CCN(c2ccc(N3Cc4cn(-c5ccc(Cl)cc5)nc4C3=O)cc2)C1,CHEMBL3589149,0.46447257383966234,1
Cn1ccc(S(=O)(=O)NCc2ccc3c(c2)C(Cc2ccccc2)C(N2CCC2)CC3)c1,CHEMBL3673362,0.4644672631150874,1
CC(C)C(=O)Nc1cccc(-c2n[nH]c3ccc(-c4nc[nH]n4)cc23)c1,CHEMBL3957871,0.4644661907435628,1
C=C1CC(c2ccc(NC(=N)N)cc2)C(NC(=O)c2ccccc2)C(=O)O1,CHEMBL134927,0.464462046673534,1
N=C(N)Nc1ccc(C2C/C(=C/I)OC(=O)C2NC(=O)c2ccccc2)cc1,CHEMBL135724,0.464462046673534,1
CNS(=O)(=O)c1ccc2c(c1)/C(=C/c1[nH]c3c(c1CCCN1CCN(C(=O)CO)CC1)CCCC3)C(=O)N2,CHEMBL291914,0.4644603234298607,1
CC(C)(C)c1cc(NC(=O)Nc2ccc(-c3cc(N)no3)cc2)no1,CHEMBL3809715,0.4644419868250225,1
CC1CN(C(=O)N2Cc3c(-c4ccc(F)cc4)ncn3-c3ccc(F)cc32)CC(C)N1,CHEMBL124865,0.4643984732104987,1
CC1CN(C(=O)N2Cc3c(-c4ccc(F)cc4)ncn3-c3ccccc32)CC(C)N1,CHEMBL338896,0.4643984732104987,1
CS(=O)(=O)Nc1ccc(-c2coc3cc(C#CC4CNC4)ccc3c2=O)cc1,CHEMBL3660734,0.4643662906436627,1
CS(=O)(=O)Nc1ccc(-c2coc3cc(C#CC4CCNCC4)ccc3c2=O)cc1,CHEMBL3660729,0.4643662906436627,1
N=C(N)NCCC[C@H]1CN2C(=N1)SC(c1ccccc1)=C2c1ccccc1,CHEMBL3918817,0.46436372461774933,1
N=C(N)NCCC[C@@H]1CN2C(=N1)SC(c1ccccc1)=C2c1ccccc1,CHEMBL3972382,0.46436372461774933,1
NC1CCCC(NC(=O)c2ccnc3nc(-c4cccs4)[nH]c23)C1,CHEMBL3718439,0.46435957534813166,1
N[C@H]1CC[C@H](NC(=O)c2ccnc3nc(-c4cccs4)[nH]c23)CC1,CHEMBL3715412,0.46435957534813166,1
Cc1noc(C)c1-c1ccc(-c2cc(C(N)=O)c(NC(N)=O)s2)c(O[C@H]2CCNC2)c1,CHEMBL4303437,0.4643573972159275,1
Cc1cc(NC(=O)CN2CCN(C)CC2)c2cc(NC(=O)Nc3cccc(F)c3)ccc2n1,CHEMBL467437,0.46435545076078516,1
Cc1cc(NC(=O)CN2CCN(C)CC2)c2cc(NC(=O)Nc3ccc(F)cc3)ccc2n1,CHEMBL468477,0.46435545076078516,1
COc1ccc2c(c1)c(/C=C1\C(=O)Nc3ccc(S(=O)(=O)NCC(C)C)cc31)cn2C,CHEMBL105740,0.4643533601030379,1
NC(=O)c1cc(N2CCNCC2)cc(-c2ccc(Oc3ccc(F)cc3)cc2)n1,CHEMBL3688031,0.46434982738780173,1
NC1CCc2ccc(CNS(=O)(=O)c3ccccc3)cc2C1Cc1ccccc1,CHEMBL3673292,0.4643482064741906,1
CN1CCN(c2ccc(/C=C3/SC(Nc4ccc(O)cc4)=NC3=O)cc2)CC1,CHEMBL3401996,0.4643385070214337,1
O=C(Nc1cc(-c2cccc(O)c2)cc2[nH]ncc12)c1ccccn1,CHEMBL4174177,0.46433389544688014,1
O=C(Nc1cc(-c2ccc(O)cc2)cc2[nH]ncc12)c1ccccn1,CHEMBL4161596,0.46433389544688014,1
CN(C)CCNC(=O)c1cccc(-c2c[nH]c(/C=C3\C(=O)Nc4ccc(NC(N)=O)cc43)c2)c1,CHEMBL228804,0.4643328471209279,1
O=c1[nH]sc2c1c(=O)c1cc(F)c(-c3ccc(O)cc3)cc1n2C1CC1,CHEMBL381395,0.4642951716832905,1
O=c1[nH]sc2c1c(=O)c1cc(F)c(-c3cccc(O)c3)cc1n2C1CC1,CHEMBL204271,0.4642951716832905,1
Cc1nc2cccc(-c3cc4c([nH]3)C3(CCOCC3)NC4=O)c2nc1NC(C)(C)C,CHEMBL3949896,0.4642796248934353,1
O=C(NC1CCN(Cc2ccc3[nH]ccc3c2)CC1)c1cc(=O)c2ccc(F)cc2o1,CHEMBL216180,0.46427393905138675,1
O=C(NC1CCN(Cc2ccc3cc[nH]c3c2)CC1)c1cc(=O)c2ccc(F)cc2o1,CHEMBL274168,0.46427393905138675,1
O=C(NC(CO)c1cccc(Cl)c1)c1ccc2[nH]nc(C3CCOCC3)c2c1,CHEMBL3798700,0.4642325627542412,1
CN1CCN(c2ccc3c(c2)Cc2c(-c4cccs4)n[nH]c2-3)CC1,CHEMBL379103,0.4642224191404518,1
CC(C)(C)NC(=O)N1CCn2c(c(C(N)=O)c(-c3ccc(C#N)cc3)c2C2CC2)C1,CHEMBL3941052,0.46421836696209695,1
CC(C)(C)NC(=O)N1CCn2c(c(C(N)=O)c(-c3cccc(C#N)c3)c2C2CC2)C1,CHEMBL3891697,0.46421836696209695,1
CN(C)C(=O)c1cccc(-c2c(C(N)=O)c3n(c2C2CC2)CCN(C(=O)NC(C)(C)C)C3)c1,CHEMBL3896502,0.46421836696209695,1
CSc1nn(-c2ccc(N)cc2)c2cc(C3=CCNCC3)ccc12,CHEMBL1809173,0.46419835979089713,1
COc1ccc(CNC(=O)CNC2=NC(=O)C(c3ccccc3)(c3ccccc3)N2)cc1,CHEMBL1571912,0.4641976376930731,1
CC(C)CC(=O)Nc1ccc2c(c1)/C(=C/Nc1cccc(N3CCN(C)CC3)c1)C(=O)N2,CHEMBL4089333,0.4641974472695265,1
NCC1CCN(c2cncc(-c3n[nH]c4cnc(-c5cccnc5)cc34)c2)CC1,CHEMBL3955565,0.46416690889125756,1
NC[C@H]1CCN(c2cncc(-c3n[nH]c4cnc(-c5cccnc5)cc34)c2)C1,CHEMBL4112208,0.46416690889125756,1
N[C@@H](CC(=O)N1CCc2[nH]c(-c3ccccc3)nc2C1)Cc1cc(F)ccc1F,CHEMBL248997,0.46416602974895604,1
CCCS(=O)(=O)NCc1ccc2c(c1)C(C1(c3ccccn3)CCC1)NCC2,CHEMBL3646045,0.4641639961340861,1
CC(=O)N1CCc2[nH]c(-c3cccc4nc(C)c(NC(C)(C)C)nc34)cc2C1=O,CHEMBL3909184,0.4641462613582454,1
COc1ccccc1C(=O)Nc1ccc2[nH]cc(C3CCN(C)CC3)c2n1,CHEMBL321562,0.4641384995877986,1
C/C(CO)=C1\C[C@@](C)(c2cc(NC(=O)c3ccc(C#N)cn3)ccc2F)N=C(N)S1,CHEMBL3961308,0.4641219429347826,1
C[C@@]1(c2cc(NC(=O)c3ccc(C#N)cn3)ccc2F)C/C(=C/CO)SC(N)=N1,CHEMBL3986758,0.4641219429347825,1
CN1C(=O)C(c2c[nH]c3ccccc23)=C(c2cn(CCCN)c3ccccc23)C1=O,CHEMBL188282,0.4641013608634445,1
N[C@@H](Cc1ccccc1)C(=O)NC(=O)c1ccc(NC(=O)N2Cc3cccnc3C2)cc1,CHEMBL3947298,0.464098552991787,1
CC1(C)NC(=O)N(Cc2ccc3c(-c4ccc(F)cc4)cc(C(N)=O)nc3c2)C1=O,CHEMBL3953282,0.4640947113406773,1
Cc1c(-c2ccc(OCCN3CCN(C)CC3)cc2)[nH]c2ccccc2c1=O,CHEMBL2030489,0.4640944968813819,1
CN(Cc1cccnc1)Cc1ccc2c(c1)[nH]/c(=N\C(=O)c1ccc(-c3cn[nH]c3)s1)n2CC(C)(C)O,CHEMBL521695,0.46409343162428573,1
CN1CCC(O)(C#Cc2ccn3c(-c4cccc(NC(=O)NCC(F)(F)F)c4)cnc3c2)CC1,CHEMBL3690428,0.4640881763527052,1
CN1CCN(c2ccc3onc(-c4cc(Cl)c(O)cc4O)c3c2)CC1,CHEMBL402712,0.4640750892931305,1
CCn1cc(C(=O)Nc2ccccc2)c(=O)c2cc(F)c(N3CCNC(C)C3)c(F)c21,CHEMBL2380351,0.46407420310050473,1
Cn1c(=O)[nH]c2ccc(-c3cnc(NC[C@@H](N)Cc4ccc(C(F)(F)F)cc4)s3)cc21,CHEMBL1082016,0.4640721631872077,1
NC1CCN(CCCc2c[nH]c3ccc(-n4cnnc4)cc23)CC1,CHEMBL143951,0.464032334350948,1
Cc1c(-c2ccc(CN3CCOCC3)cc2)[nH]c2cc(Cl)ccc2c1=O,CHEMBL2030332,0.46402735762199115,1
Cc1c(-c2ccc(CN3CCOCC3)cc2)[nH]c2ccccc2c1=O,CHEMBL2030333,0.46402735762199115,1
Nc1nnc(-c2ccc3[nH]cc(-c4cccc(N5CCCC5)n4)c3c2)s1,CHEMBL3394066,0.46402565553669106,1
CC(C)Oc1cccc(-c2c[nH]c3ccc(-c4nnc(N)o4)cc23)n1,CHEMBL3901441,0.46402565553669106,1
N#C[C@@H]1CCCN1Cc1ccc2c(-c3ccc(F)cc3)cc(C(N)=O)nc2c1,CHEMBL3958048,0.46399393090569535,1
O=C(NC[C@@H]1c2ccccc2CCN1C(=O)[C@@H]1CCCC[C@@H]1C(=O)O)c1ccc(CN2CCOCC2)cc1,CHEMBL3184901,0.4639898562975482,1
O=C(N[C@@H]1CCN2CCc3c([nH]c4ccccc34)[C@@H]2C1)c1ccc2c(c1)OCO2,CHEMBL3251965,0.46398102452274365,1
O[C@@H]1CCN(CCc2c[nH]c3ccc(-n4cnnc4)cc23)C1,CHEMBL349528,0.463971800036623,1
O=c1[nH]cc(-c2c[nH]c3ccccc23)nc1-c1ccc(N2CCOCC2)cc1,CHEMBL3358974,0.46396772398441843,1
CN1CCN(CC(=O)Nc2ccc(NC(=O)CCc3ccccc3)cc2C(=O)c2ccccc2)CC1,CHEMBL594910,0.46395329158910104,1
O=C(Nc1c[nH]nc1-c1nc2cc(CN3CCOCC3)ccc2[nH]1)c1ccccc1,CHEMBL496569,0.46394022283007563,1
O=C(Nc1c[nH]nc1-c1nc2ccc(CN3CCOCC3)cc2[nH]1)c1ccc(F)cc1,CHEMBL522563,0.46394022283007563,1
Cc1ccc(C(=O)NC2=NC(=O)/C(=C/c3ccc(-c4[nH]cnc4C)o3)S2)cc1,CHEMBL429271,0.4639023672989262,1
Nc1nnc(-c2ccc3[nH]cc(-c4cncc(C(=O)N5CCOCC5)c4)c3c2)o1,CHEMBL3962189,0.4638983781632453,1
O=S(=O)(c1ccc2ccccc2c1)c1n[nH]c2ccc(NC3CCNCC3)cc12,CHEMBL1642889,0.46386755817688113,1
CN(C)C(=O)c1cccc(NC(=O)NCc2cccc(N3C(N)=NC(N)=NC3(C)C)c2)c1,CHEMBL94570,0.46385356624279483,1
CC1(C)N=C(N)N=C(N)N1c1cccc(CNC(=O)Nc2cccc(C#N)c2)c1,CHEMBL95562,0.4638535662427947,1
CC(C)(O)C1Cc2cc3cc(-c4ccc(O)cc4)oc3cc2O1,CHEMBL1795435,0.46385219129332605,1
CC(C)(O)C1Cc2cc3cc(-c4cccc(O)c4)oc3cc2O1,CHEMBL1795434,0.46385219129332605,1
CC(C)(O)[C@H]1Cc2cc3cc(-c4ccc(O)cc4)oc3cc2O1,CHEMBL1795446,0.46385219129332605,1
O=C1c2cc(-c3ccnc(NC4CCOCC4)n3)[nH]c2CCN1Cc1ccccc1,CHEMBL4097186,0.4638297872340426,1
CCN(CC)CCCn1c(=O)/c(=C/c2ccc(O)cc2)s/c1=C1/C(=O)Nc2ccc(Cl)cc21,CHEMBL3612157,0.4638181105448845,1
CCN(CC)CCCn1c(=O)/c(=C/c2ccc(O)cc2)s/c1=C1\C(=O)Nc2ccc(Cl)cc21,CHEMBL3612236,0.4638181105448845,1
CCN(CC)CCCn1c(=O)c(=Cc2ccc(O)cc2)s/c1=C1\C(=O)Nc2ccc(C)cc21,CHEMBL1807672,0.4638181105448845,1
N#Cc1ccc(-c2cc(-c3ccc([C@H]4CNCCO4)cc3)n[nH]2)cc1,CHEMBL4111316,0.46377818142963956,1
N#Cc1ccc(-c2cc(-c3ccc(C4CNCCO4)cc3)n[nH]2)cc1,CHEMBL3946943,0.46377818142963956,1
N#Cc1ccc(-c2cc(-c3ccc([C@H]4CNCCO4)cc3)n[nH]2)c(F)c1,CHEMBL4109790,0.46377818142963956,1
N#Cc1ccc(-c2cc(-c3ccc([C@@H]4CNCCO4)cc3)n[nH]2)cc1,CHEMBL3908972,0.46377818142963956,1
N#Cc1cccc(-c2cc(-c3ccc(C4CNCCO4)cc3)n[nH]2)c1,CHEMBL3906679,0.46377818142963956,1
CC(NC(=O)N1CCc2cnc(NC3CCOCC3)nc2C1)c1ccc2cc[nH]c2c1,CHEMBL3895078,0.4637675942258538,1
O=C(NCc1ccc2cc[nH]c2c1)N1CCc2cnc(NC3CCOCC3)nc2C1,CHEMBL3907666,0.4637675942258538,1
C[C@@H](NC(=O)N1CCc2cnc(NC3CCOCC3)nc2C1)c1ccc2cc[nH]c2c1,CHEMBL3298983,0.4637675942258538,1
N=C1SC(=Cc2cn[nH]c2-c2ccc(F)cc2)C(=O)N1c1nccs1,CHEMBL581338,0.463766126818556,1
CC1(C)C(=O)Nc2cc3[nH]c(-c4ccnc(O)c4)nc3cc21,CHEMBL25777,0.4637574868597969,1
NCC1CCN(CC(=O)Nc2cccc3c2C(=O)c2c-3n[nH]c2C2CCCCC2)CC1,CHEMBL356700,0.4637337729239647,1
CN1[C@@H](Cc2c[nH]c3ccc(-n4cnnc4)cc23)C[C@@H]2CN(Cc3ccc(F)cc3)C[C@@H]21,CHEMBL82204,0.46372946447621055,1
CN1[C@@H](Cc2c[nH]c3ccc(-n4cnnc4)cc23)C[C@@H]2CN(Cc3ccccc3)C[C@@H]21,CHEMBL83426,0.46372946447621055,1
O=C(Nc1nc2cc(C3(O)c4ccccc4C(=O)N3Cc3ccccc3)ccc2[nH]1)N1CCOCC1,CHEMBL3933953,0.4637146725821788,1
NC(=O)c1ccc2[nH]c(-c3ccc(C(O)C4CCOCC4)cc3)nc2c1,CHEMBL3956937,0.4636846323382087,1
CC(C)(C)NC(=O)N1CCn2c(Cl)c(-c3cccc(C#N)c3)c(C(N)=O)c2C1,CHEMBL3911706,0.46367859782493903,1
CN1CCN(CC(=O)c2ccc3[nH]c4c5c(c6c(c4c3c2)C(=O)NC6=O)CCC5)CC1,CHEMBL1935253,0.46366875537535324,1
N#Cc1ccc(S(=O)(=O)Nc2ccc(C3(O)CSC(=S)N3Cc3cccnc3)cc2)cc1,CHEMBL4161775,0.46364774149505056,1
Cc1cc(C)c(CNC(=O)c2cc(-c3cnn(C)c3)cc(N(C)C3CCNCC3)c2C)c(=O)[nH]1,CHEMBL3697421,0.46363232226515805,1
O=C(NCCN1CCOCC1)c1ccc(-c2c(CO)ccc3ccccc23)cc1,CHEMBL2035655,0.4636075949367087,1
NC(=O)Nc1ccc2c(c1)/C(=C/c1cc(C(=O)NCCN3CCCCC3)c[nH]1)C(=O)N2,CHEMBL228701,0.4636042654873568,1
Cc1ccc2c(c1)C1C=CCC1C(C(=O)NCCCN1CCOCC1)N2,CHEMBL1598957,0.4635959830050213,1
NC(=O)c1cccc2cn(-c3ccc(CNC(=O)C4CNC4)cc3)nc12,CHEMBL593609,0.4635924387556154,1
CN[C@@H](C)C(=O)Nc1ccc2c(n1)CN(C(C)C)C(=O)N2c1ccc(Cl)cc1,CHEMBL3932160,0.4635847107438017,1
CN[C@@H](C)C(=O)Nc1ccc2c(n1)CN(C(C)C)C(=O)N2c1cccc(Cl)c1,CHEMBL3895249,0.4635847107438017,1
CN1CCC(c2c[nH]c3ccc(NC(=O)c4ccc(C#N)cc4)nc23)CC1,CHEMBL104484,0.4635827285542733,1
CN1CCC(c2c[nH]c3ccc(NC(=O)c4cccc(C#N)c4)nc23)CC1,CHEMBL419547,0.4635827285542733,1
CC(C(O)c1ccc2c(c1)CCC(=O)N2)N1CCC(O)(c2ccc3c(c2)COCC3)CC1,CHEMBL246817,0.46355695317959467,1
NCc1ccc2[nH]c3c4c(c5c(c3c2c1)C(=O)NC5=O)CCC4,CHEMBL247374,0.4635512786712366,1
C[C@@H](O)[C@H]1C(=O)N2C(C(=O)O)=C(c3ccc(CN4CCOCC4)cc3)C[C@H]12,CHEMBL307987,0.4635459477231628,1
NC(=O)c1cnc(NC[C@@H]2CSCN2)c2cc(-c3ccc(Cl)cc3)sc12,CHEMBL1288220,0.46353834015854517,1
CC1CNC(=O)c2[nH]c3ccc(C(=O)Nc4ncc(C(N)=O)s4)cc3c21,CHEMBL245682,0.4635330423001655,1
Cc1nc2cccc(-c3cc4c([nH]3)CCNC4=O)c2nc1NC1CCOC1,CHEMBL3979545,0.46352948817874756,1
Cc1nc2cccc(-c3cc4c([nH]3)CCNC4=O)c2nc1NC1(C)CCOCC1,CHEMBL3892409,0.46352948817874756,1
Cc1nc2cccc(-c3cc4c([nH]3)CCNC4=O)c2nc1NC1COC1,CHEMBL3969001,0.46352948817874756,1
Cc1nc2cccc(-c3cc4c([nH]3)CCNC4=O)c2nc1NC1CCOCC1,CHEMBL3898719,0.46352948817874756,1
Cc1nc2cccc(-c3cc4c([nH]3)CCNC4=O)c2nc1NC1(C)COC1,CHEMBL3897814,0.46352948817874756,1
Cc1nc2cccc(-c3cc4c([nH]3)CCNC4=O)c2nc1NC1CCCOC1,CHEMBL3980526,0.46352948817874756,1
Cc1ccc(NCC(=O)Nc2ccc(N3C(=O)C4CC=CCC4C3=O)cc2)cc1C,CHEMBL195139,0.4634990079869765,1
CC(C)(NC(=O)c1cc2[nH]c3ccccc3c(=O)c2cc1F)c1ccccn1,CHEMBL230841,0.4634967969958029,1
CC(C)(NC(=O)c1ccc2c(=O)c3ccccc3[nH]c2c1)c1ccccn1,CHEMBL389115,0.4634967969958029,1
CN1CCc2ccc(NC(=O)c3cccc(CNC(=O)c4cc5cc(C(N)=O)ccc5[nH]4)c3)cc2C1,CHEMBL3680741,0.4634803573961139,1
CN1CCc2ccc(NC(=O)c3cccc(CNC(=O)c4cc5ccc(C(N)=O)cc5[nH]4)c3)cc2C1,CHEMBL3680727,0.4634803573961139,1
O=c1cc(-c2cc(O)cc(CCC3CCCCN3)c2)cc[nH]1,CHEMBL3475197,0.4634766807995151,1
CC(CNC1=NN=C(c2ccc3[nH]c(=O)[nH]c3c2)CS1)c1ccccc1,CHEMBL4290892,0.4634060982545166,1
O=c1[nH]c2ccc(C3=NN=C(NCCc4ccccc4)SC3)cc2[nH]1,CHEMBL4282379,0.4634060982545166,1
O=C(NO)c1ccc(CN2C(=O)CNC(=O)[C@H]2Cc2c[nH]c3ccccc23)cc1,CHEMBL481719,0.4633977368947732,1
CN1CCN(CC(=O)Nc2ccc(NC(=O)c3ccccc3)cc2C(=O)c2ccccc2)CC1,CHEMBL593498,0.4633968972204264,1
N=C(N)c1ccc2[nH]c(-c3cccc(N4CCCCC4)c3O)cc2c1,CHEMBL3632757,0.46339490359983787,1
Cc1nc2cccc(-c3cc4c([nH]3)C(CCO)NC4=O)c2nc1NC(C)(C)C,CHEMBL3955880,0.4633698599186623,1
O=C(/C=C/c1ccn2c(CNCC3CC3)c(-c3ccccc3)nc2c1)NO,CHEMBL3689819,0.46335649644473165,1
O=C([C@@H]1CCCN(c2ccc3nc(C4Cc5ccccc5C4)[nH]c3n2)C1)N1CCCC1,CHEMBL4115256,0.4633367213590824,1
CCN1Cc2ccccc2C[C@@H]1C(=O)Nc1cc(F)c(-c2cn[nH]c2)cc1OCCN(C)C,CHEMBL1215526,0.46333238676700267,1
CN(C)CCOc1cc(-c2cn[nH]c2)c(F)cc1NC(=O)[C@H]1Cc2ccccc2CN1C,CHEMBL1215525,0.46333238676700267,1
CC(C)N1CCc2c(sc(NC(=O)c3nc4ccccc4s3)c2C(N)=O)C1,CHEMBL1621202,0.46332112858065877,1
COc1ccccc1C(=O)c1c[nH]c2ncc(-c3cnn(C4CCNCC4)c3)cc12,CHEMBL3596906,0.46330967596904243,1
c1cncc(-c2cc3c(-c4cnn(CC5CCNCC5)c4)n[nH]c3cn2)c1,CHEMBL3950139,0.4632932266536375,1
N=C(NN=Cc1ccc(-c2cn3cc(C=NNC(=N)N4CCCC4)ccc3n2)cc1)N1CCCC1,CHEMBL1161138,0.4632602613207292,1
COc1ccc(C#Cc2ccc3c(c2)[C@H]2[C@H](CCN2C(=O)c2ccncc2)[C@@H](CO)N3)cc1,CHEMBL3184956,0.46325983927467523,1
N#Cc1cc(-c2c[nH]c3ncccc23)cc(N[C@H]2CC[C@H](O)CC2)n1,CHEMBL2322675,0.46322565264036225,1
O=C1NCCc2[nH]c(-c3ccnc(-c4cnc5ccccc5c4)c3)cc21,CHEMBL226403,0.46318863933930887,1
CCCN(CCCCN1C(=O)CC(C)(C)CC1=O)[C@H]1CCc2ccc3[nH]c(C(N)=O)cc3c2C1,CHEMBL1788191,0.4631348225528144,1
CCCN(CCCCN1C(=O)CC(C)(C)CC1=O)[C@@H]1CCc2ccc3[nH]c(C(N)=O)cc3c2C1,CHEMBL1744037,0.4631348225528144,1
CC(=O)Nc1cccc(-c2cc(-c3ccc(N4CCN(C)CC4)cc3)[nH]n2)c1,CHEMBL1683442,0.4631245908793363,1
c1ccn2c(-c3ccnc(NC4CCNCC4)c3)cnc2c1,CHEMBL482511,0.4631215798239353,1
CN(C)Cc1nc2c(sc3ccc(-c4ccc(O)c(F)c4)cc32)c(=O)[nH]1,CHEMBL572514,0.4631162619573215,1
CN(C)Cc1nc2c(sc3ccc(-c4cccc(O)c4)cc32)c(=O)[nH]1,CHEMBL583913,0.4631162619573215,1
CN(C)Cc1nc2c(sc3ccc(-c4ccc(O)cc4)cc32)c(=O)[nH]1,CHEMBL585182,0.4631162619573215,1
NC(=O)C1CCCN(CCNCc2c[nH]nc2-c2ccc(-c3ccccc3)cc2)C1,CHEMBL1505497,0.46309963099630985,1
CCS(=O)(=O)c1ccc2c(c1)/C(=C/c1[nH]c3c(c1CN1CCOCC1)CCCC3)C(=O)N2,CHEMBL55594,0.46308608026732556,1
COCCNC(=O)c1ccc2c(c1)C(=C(c1ccccc1)c1nc3ccccc3[nH]1)C(=O)N2,CHEMBL2086397,0.4630801326994768,1
O=C(Cc1ccc(Cl)c(Cl)c1)N1CCc2c(O)cccc2C1CN1CCC(O)C1,CHEMBL68354,0.463078129082832,1
CNC(=O)N1CC=C(c2cc3c(-c4cc(F)c(F)cc4OC)ccnc3[nH]2)CC1,CHEMBL3668500,0.4630724637681158,1
CNC(=O)N1CC=C(c2cc3c(-c4cc(F)ccc4OC)ccnc3[nH]2)CC1,CHEMBL3668485,0.4630724637681158,1
CC(C)NCC(=O)Nc1ccc(C2=NNC(=O)CC2)cc1,CHEMBL1188295,0.4630277838547362,1
O=C(c1ccc(NS(=O)(=O)c2cccc3cccnc23)cc1)N1CC(Nc2ccccc2)C1,CHEMBL3727822,0.46302276442211837,1
COCC1CCCN(Cc2ccc3c(c2)CN(C(=O)c2cc(-c4ccccc4)n[nH]2)CCO3)C1,CHEMBL2140989,0.4630198915009037,1
CC(C)NC(=O)c1cccc(Cc2n[nH]c(=O)c3c2CCCC3)n1,CHEMBL3913023,0.46300767208541227,1
CN1CCN(Cc2ccc(-c3ccc(-c4ccn[nH]4)cc3)nc2)CC1,CHEMBL3484222,0.46299756525678004,1
CN1CCN(c2ccc(C(=O)Nc3cc(-c4ccc(CNS(=O)(=O)c5ccccc5)cc4)n[nH]3)cc2)CC1,CHEMBL2063334,0.46299076765805197,1
O=C(NCCN1CCC(n2c(=O)[nH]c3ccccc32)CC1)c1cnc2ccccc2c1,CHEMBL246032,0.46298756188866064,1
CC(=O)N1CCC2(CC1)C/C(=N\NC(=S)Nc1ccc(C)cc1)c1cc(O)ccc1O2,CHEMBL3194585,0.4629740564950925,1
CC(=O)N1CCC2(CC1)C/C(=N\NC(=S)Nc1ccccc1F)c1cc(O)ccc1O2,CHEMBL3196627,0.4629740564950925,1
CC(=O)N1CCC2(CC1)C/C(=N\NC(=S)Nc1ccccc1C)c1cc(O)ccc1O2,CHEMBL3189239,0.4629740564950925,1
Nc1ccc2[nH]c(C(=O)Nc3cccc(-c4c[nH]c(N)n4)c3)cc2c1,CHEMBL3261437,0.46296863513844644,1
CC(=O)NCc1ccc(-c2cncc(OC[C@@H](N)Cc3c[nH]c4ccccc34)c2)cc1,CHEMBL204355,0.46295968099246776,1
Cc1noc(C)c1S(=O)(=O)Nc1ccc2[nH]cc(C[C@H]3CCCN3C)c2c1,CHEMBL609741,0.46294733707251673,1
CCCC(Nc1cncc(-c2ccc(CNC(=O)C3CCC(=O)N3)cc2)n1)c1ccccc1,CHEMBL3902836,0.46294698870765344,1
NS(=O)(=O)c1cccc(-c2cc3ccncc3cc2OC2CCNCC2)c1,CHEMBL483359,0.46293519906713304,1
NS(=O)(=O)c1ccc(-c2cc3ccncc3cc2OC2CCNCC2)cc1,CHEMBL519693,0.46293519906713304,1
NS(=O)(=O)c1ccc(-c2cc3ccncc3cc2OC2CCCNC2)cc1,CHEMBL520316,0.46293519906713304,1
CCO[C@H]1CC[C@]2(CC1)Cc1ccc(-c3cccc(OC)c3)cc1C21N=C(N)N(C)C1=O,CHEMBL3978126,0.4629255626081939,1
COC1CCC2(CC1)Cc1ccc(C3=CCN(C)C(=O)C3)cc1C21N=C(N)N(C)C1=O,CHEMBL3933493,0.4629255626081939,1
CNC(=O)Cc1ccc2[nH]c(=O)c3cc(CC(C#N)NC(=O)[C@H]4N[C@@H]5CC[C@H]4C5)ccc3c2c1,CHEMBL3667355,0.4629185455243214,1
CC(C)(Cc1c[nH]c2ccccc12)NCC(O)COc1ccccc1C(N)=O,CHEMBL100307,0.46289839616062994,1
CC(=O)N1CCC(c2ccc(NC(=O)c3ncc(C#N)[nH]3)c(C3=CNCCC3)c2)CC1,CHEMBL258238,0.4628942107625145,1
CN1CCC(c2c[nH]c3ccc(NC(=O)c4ccoc4)nc23)CC1,CHEMBL102250,0.4628728251864123,1
CN1CCC(c2c[nH]c3ccc(NC(=O)c4ccncc4)nc23)CC1,CHEMBL105958,0.4628728251864123,1
CN(C)Cc1nc2c(sc3ccc(-c4ccc[nH]4)cc32)c(=O)[nH]1,CHEMBL572783,0.46287245782752634,1
COc1ccc(-c2n[nH]cc2/C=C2\SC(=N)N(c3nccs3)C2=O)cc1,CHEMBL476566,0.46285469285937,1
CC(C)(C)NC(=O)c1ccc(NC(=O)C2COc3ccccc3O2)cc1,CHEMBL1518758,0.46285118525021907,1
COc1ccc(-c2cc3c([nH]2)C(=O)NCC/C3=C2/NC(N)=NC2=O)cc1,CHEMBL1947251,0.4628414906653211,1
Nc1nnc(-c2ccc3[nH]nc(-c4ccc(F)cc4)c3c2)[nH]1,CHEMBL3890265,0.46283444983753846,1
CN1CCc2cc(SCCN)cc3c2[C@H]1Cc1ccc(O)c(O)c1-3,CHEMBL3215641,0.4628186222877605,1
Oc1ccc2c(c1)-c1c(c3cc(O)ccc3n1CCN1CCOCC1)CC2,CHEMBL2003499,0.46281447816912835,1
Oc1ccc2c(c1)CCc1c-2n(CCN2CCOCC2)c2ccc(O)cc12,CHEMBL1984732,0.46281447816912835,1
O=C(Nc1ccc(C2=CCN(C(=O)C3CCOCC3)CC2)cc1)N1Cc2ccncc2C1,CHEMBL3916354,0.4628089628089628,1
O=C(Nc1ccc(C2=CCN(C(=O)[C@@H]3CCOC3)CC2)cc1)N1Cc2ccncc2C1,CHEMBL3911072,0.4628089628089628,1
O=C(Nc1ccc(C2=CCN(C(=O)C3CCOC3)CC2)cc1)N1Cc2ccncc2C1,CHEMBL3919961,0.4628089628089628,1
O=C(Nc1ccc(C2=CCN(C(=O)[C@H]3CCOC3)CC2)cc1)N1Cc2ccncc2C1,CHEMBL3947751,0.4628089628089628,1
O=C(Nc1ccc(S(=O)(=O)NC2CCNCC2)c2ccccc12)c1ccccc1,CHEMBL219588,0.46278558875219655,1
O=C1C2=C(NC(=S)NC2c2cccc(OCc3ccccn3)c2)c2ccccc21,CHEMBL3314486,0.4627682960949678,1
CCCCN1C(=O)c2cccc3c(NC(=O)CNCCCCN)ccc1c23,CHEMBL4168933,0.46272200588849827,1
O=C(c1ccccn1)N1CC[C@H]2[C@H](CO)Nc3ccc(-c4ccccc4)cc3[C@H]21,CHEMBL3560154,0.4627174992444191,1
CC1(C)Oc2ccc(C3=NCCN3)cc2C(N2CCCC2=O)[C@@H]1O,CHEMBL145882,0.4627063801543181,1
O=C(NCc1ccccn1)c1cc([C@@H]2CCNC[C@H]2COc2ccc3c(c2)OCO3)ccc1F,CHEMBL4070885,0.46270342782504276,1
O=S(=O)(NCCO)c1ccccc1-c1ccc(-c2cnc3[nH]ccc3c2)c(F)c1,CHEMBL3693109,0.46269645900397655,1
C[C@H](CO)NS(=O)(=O)c1ccccc1-c1ccc(-c2cnc3[nH]ccc3c2)c(F)c1,CHEMBL3693106,0.46269645900397655,1
C[C@@H](CO)NS(=O)(=O)c1ccccc1-c1ccc(-c2cnc3[nH]ccc3c2)c(F)c1,CHEMBL3693105,0.46269645900397655,1
COc1ccc(C[C@H](NC(=O)c2cc3cc(Cl)ccc3[nH]2)C(=O)N2CCC(O)CC2)cc1,CHEMBL265700,0.4626888066419925,1
N#Cc1ccc2[nH]cc(CCCCN3CCN(c4ccc5[nH]c(C(N)=O)cc5c4)CC3)c2c1,CHEMBL366300,0.4626621943684348,1
CC(=O)Nc1ccc2c(c1)CCC21NC(=O)N(CC(=O)N(Cc2ccccc2)C(C)C2CC2)C1=O,CHEMBL4167383,0.46265921787709496,1
N[C@H]1CCCN(c2cccc(-c3n[nH]c4cnc(-c5cncc(F)c5)cc34)n2)C1,CHEMBL3953052,0.4626539594085429,1
N[C@H]1CCCN(c2nc(-c3n[nH]c4cnc(-c5cccnc5)cc34)ccc2Br)C1,CHEMBL3946733,0.4626539594085429,1
N[C@@H]1CCCN(c2cccc(-c3n[nH]c4cnc(-c5cncs5)cc34)n2)C1,CHEMBL4107038,0.4626539594085429,1
Cc1ccc(-c2n[nH]c3cnc(-c4cccnc4)cc23)nc1N1CC[C@H](N)C1,CHEMBL3905211,0.4626539594085429,1
NC1CCN(c2nc(-c3n[nH]c4cnc(-c5cccnc5)cc34)ccc2Cl)CC1,CHEMBL3934124,0.4626539594085429,1
N[C@H]1CCCN(c2cccc(-c3n[nH]c4cnc(-c5cncs5)cc34)n2)C1,CHEMBL3951717,0.4626539594085429,1
N[C@@H]1CCCN(c2nc(-c3n[nH]c4cnc(-c5cccnc5)cc34)ccc2Br)C1,CHEMBL4113881,0.4626539594085429,1
Cc1ccc(-c2n[nH]c3cnc(-c4cccnc4)cc23)nc1N1CCC[C@H](N)CC1,CHEMBL3903449,0.4626539594085429,1
C[C@]1(N)CCCN(c2cccc(-c3n[nH]c4cnc(-c5cccnc5)cc34)n2)C1,CHEMBL3971047,0.4626539594085429,1
NC1CN(c2cccc(-c3n[nH]c4cnc(-c5cccnc5)cc34)n2)CCC1F,CHEMBL3980904,0.4626539594085429,1
N[C@H]1CCCN(c2cccc(-c3n[nH]c4cnc(-c5cccnc5)cc34)n2)C1,CHEMBL3956349,0.4626539594085429,1
Cc1ccc(-c2n[nH]c3cnc(-c4cccnc4)cc23)nc1N1CCC(N)CC1,CHEMBL3943091,0.4626539594085429,1
N[C@H]1CCCN(c2nc(-c3n[nH]c4cnc(-c5cccnc5)cc34)ccc2Cl)C1,CHEMBL3893927,0.4626539594085429,1
N[C@@H]1CCCN(c2cccc(-c3n[nH]c4cnc(-c5cccnc5)cc34)n2)CC1,CHEMBL4113655,0.4626539594085429,1
N[C@@H]1CCN(c2cccc(-c3n[nH]c4cnc(-c5cccnc5)cc34)n2)C1,CHEMBL4110042,0.4626539594085429,1
C[C@@]1(N)CCCN(c2cccc(-c3n[nH]c4cnc(-c5cccnc5)cc34)n2)C1,CHEMBL4115669,0.4626539594085429,1
NC1CCCN(c2cccc(-c3n[nH]c4cnc(-c5cccnc5)cc34)n2)CC1,CHEMBL3891654,0.4626539594085429,1
NC1CCN(c2cccc(-c3n[nH]c4cnc(-c5cccnc5)cc34)n2)CC1,CHEMBL3948473,0.4626539594085429,1
Cc1ccc(-c2n[nH]c3cnc(-c4cccnc4)cc23)nc1N1CCC[C@@H](N)C1,CHEMBL4106453,0.4626539594085429,1
N[C@@H]1CCCN(c2cccc(-c3n[nH]c4cnc(-c5cccnc5)cc34)n2)C1,CHEMBL4108413,0.4626539594085429,1
N[C@H]1C[C@@H](F)CN(c2cccc(-c3n[nH]c4cnc(-c5cccnc5)cc34)n2)C1,CHEMBL4109361,0.4626539594085429,1
N[C@@H]1CCN(c2nc(-c3n[nH]c4cnc(-c5cccnc5)cc34)ccc2Br)C1,CHEMBL4114322,0.4626539594085429,1
C=Cc1ccc(-c2n[nH]c3cnc(-c4cccnc4)cc23)nc1N1CCC[C@H](N)C1,CHEMBL3922596,0.4626539594085429,1
N[C@@H]1CCCN(c2nc(-c3n[nH]c4cnc(-c5cccnc5)cc34)ccc2Cl)C1,CHEMBL4111896,0.4626539594085429,1
C#Cc1ccc(-c2n[nH]c3cnc(-c4cccnc4)cc23)nc1N1CCC[C@H](N)C1,CHEMBL3972110,0.4626539594085429,1
N[C@@H]1CCCN(c2cccc(-c3n[nH]c4cnc(-c5cncc(F)c5)cc34)n2)C1,CHEMBL4111497,0.4626539594085429,1
N[C@H]1CCCN(c2cccc(-c3n[nH]c4cnc(-c5cccnc5)cc34)n2)CC1,CHEMBL3913942,0.4626539594085429,1
Cc1ccc(-c2n[nH]c3cnc(-c4cccnc4)cc23)nc1N1CC[C@@H](N)C1,CHEMBL4078203,0.4626539594085429,1
Cc1ccc(-c2n[nH]c3cnc(-c4cccnc4)cc23)nc1N1CCC[C@H](N)C1,CHEMBL3900009,0.4626539594085429,1
CCc1ccc(-c2n[nH]c3cnc(-c4cccnc4)cc23)nc1N1CCC[C@H](N)C1,CHEMBL3890794,0.4626539594085429,1
Cc1ccc(-c2n[nH]c3cnc(-c4cccnc4)cc23)nc1N1CCC[C@@H](N)CC1,CHEMBL4115125,0.4626539594085429,1
N[C@H]1CCN(c2cccc(-c3n[nH]c4cnc(-c5cccnc5)cc34)n2)C1,CHEMBL3902873,0.4626539594085429,1
NC(=O)c1ccc2nc(-c3ccc(C4(N)CCC4)cc3)c(-c3ccccc3)n2n1,CHEMBL4751394,0.46265136581244726,1
Cc1[nH]c(/C=C2\C(=O)N(CCCN(C)C)c3ccc(F)cc32)c(C)c1C(=O)N1CCN(C)CC1,CHEMBL3216969,0.4626296276395679,1
CCN1CCN(C(=O)c2c(C)[nH]c(/C=C3\C(=O)N(CCCN(C)C)c4ccc(Cl)cc43)c2C)CC1,CHEMBL1789750,0.4626296276395679,1
CCN1CCN(C(=O)c2c(C)[nH]c(/C=C3\C(=O)N(CCCN(C)C)c4ccc(F)cc43)c2C)CC1,CHEMBL1789523,0.4626296276395679,1
Cc1[nH]c(/C=C2\C(=O)N(CCCN(C)C)c3ccc(Cl)cc32)c(C)c1C(=O)N1CCN(C)CC1,CHEMBL3216511,0.4626296276395679,1
O=C(CN1C(=O)[C@H](Cc2ccccc2)N=C(c2ccccc2)c2ccccc21)N1CCNCC1,CHEMBL1683847,0.46260779416615605,1
COc1ccc(-c2ccccc2CNC2Cc3ccccc3C2)cc1S(=O)(=O)NCCN1CCCC1,CHEMBL535259,0.46259698433611474,1
O=C(N[C@H](Cc1ccc(Cl)cc1)C(=O)N1CCN(C2CCCCC2)CC1)C1Cc2ccccc2CN1,CHEMBL361052,0.4625844410546957,1
CNC(=O)Nc1ccc2cc(C(O)(c3c[nH]cn3)C(C)C)ccc2c1,CHEMBL1682890,0.4625827334653845,1
O=C(NCCCN1CCOCC1)c1nc(-c2ccc3cc[nH]c3c2)no1,CHEMBL3443631,0.46258085839746893,1
NC1CCN(C(=O)c2cccc(-c3n[nH]c4cnc(-c5cccnc5)cc34)n2)CC1,CHEMBL3952671,0.46257866709698275,1
O=C1Nc2ccc(C(=O)N[C@H](CO)c3ccccc3)cc2/C1=C/c1ccn[nH]1,CHEMBL4067539,0.4625774425674374,1
CNC(=N)N(C)CCNC(=O)c1cccc2cc3ccccc3nc12,CHEMBL1187051,0.4625570776255706,1
COc1ccc2c(c1)C(=O)N(C[C@@]1(C#Cc3ccc(C4(C(N)=O)CC4)cc3)NC(=O)NC1=O)C2,CHEMBL3642521,0.462548095940163,1
CNC(=O)C1(c2ccc(C#C[C@]3(CN4Cc5ccc(OC)cc5C4=O)NC(=O)NC3=O)cc2)CC1,CHEMBL3642522,0.462548095940163,1
N[C@H](COc1cncc(-c2cnc3c(c2)CC(=O)N3)c1)Cc1c[nH]c2ccccc12,CHEMBL575385,0.4625354265516033,1
NC(=O)c1ccc2c(c1)CCOC2CCN1CCN(c2c[nH]c3cc(F)ccc23)CC1,CHEMBL310744,0.4625275367531357,1
O=C1NC(=O)[C@](CN2Cc3cc(OCCC4CCCCC4)ccc3C2=O)(c2ccc(F)cc2)N1,CHEMBL1093392,0.46252496117151104,1
NCc1ccc(-c2nc3ccc(Cl)cc3c3c2CCN3)cc1,CHEMBL3740980,0.46252427184466,1
O=C(NC[C@H]1CN(c2ccc3c(c2)CCCc2c(-c4ccno4)n[nH]c2-3)C(=O)O1)C1CC1,CHEMBL251743,0.4624905712130562,1
CC(C)NCCCNc1nnc(-c2ccc(NC(=O)c3ccccc3F)cc2)o1,CHEMBL2022937,0.4624765478424015,1
Fc1ccc(-c2cc(-c3ccc([C@@H]4CNCCO4)cc3)n[nH]2)cc1,CHEMBL3932375,0.46247637627263266,1
Fc1ccc(-c2cc(-c3ccc(C4CNCCO4)cc3)n[nH]2)cc1,CHEMBL3974552,0.46247637627263266,1
Fc1ccc(-c2cc(-c3ccc([C@H]4CNCCO4)cc3F)n[nH]2)cc1,CHEMBL4107157,0.46247637627263266,1
Fc1ccc(-c2cc(-c3ccc([C@H]4CNCCO4)cc3)n[nH]2)c(F)c1,CHEMBL4113214,0.46247637627263266,1
Fc1ccc(-c2cc(-c3ccc([C@@H]4CNCCO4)cc3)n[nH]2)c(F)c1,CHEMBL3924570,0.46247637627263266,1
Fc1ccc(-c2cc(-c3ccc([C@H]4CNCCO4)cc3)n[nH]2)cc1,CHEMBL4111478,0.46247637627263266,1
Fc1ccc(-c2cc(-c3ccc([C@@H]4CNCCO4)cc3F)n[nH]2)cc1,CHEMBL3901642,0.46247637627263266,1
N[C@@H](Cc1ccc(O)cc1)C(=O)N1Cc2ccccc2C[C@H]1c1nc(-c2ccccc2)c[nH]1,CHEMBL361274,0.4624730483589446,1
N[C@H]1CN(C(=O)c2ccc3[nH]c(=O)c(=O)[nH]c3c2)C[C@@H]1c1ccccc1,CHEMBL3478394,0.46242407759949195,1
CCN(CC)CC(=O)N1CCc2nc(-c3cc4ccccc4[nH]c3=O)[nH]c2C1,CHEMBL2016906,0.46242185691132204,1
N#C/C(=C(/N)SC1C=CC=CC1)c1cccc(C(O)c2ccncc2)c1,CHEMBL2218939,0.46239409532719966,1
O=C(CN1CCOCC1)Nc1cc(Cc2n[nH]c(=O)c3c2CCCC3)ccc1F,CHEMBL3964591,0.46235944349151875,1
CCOc1ccc(NC(=O)c2c(NC(=O)CN3CCN(C)CC3)sc3c2CCC3)cc1,CHEMBL1607401,0.4623532779845404,1
CC(=O)n1cc(CN2CCC[C@@H](NC(=O)N3CCc4[nH]nc(-c5ccncc5)c4C3)C2)c2ccccc21,CHEMBL4108740,0.46235062774164265,1
NCCNCc1ccc(C(=O)Nc2cc(-c3ccccc3)ccc2O)cc1,CHEMBL3664121,0.46234901053713684,1
CCS(=O)(=O)c1ccc2c(c1)/C(=C/c1[nH]c3c(c1CCCN1CCOCC1)CCCC3)C(=O)N2,CHEMBL57863,0.4623450562121648,1
c1ccc2c(-c3nc4c(N5CCOCC5)cccc4[nH]3)[nH]nc2c1,CHEMBL211708,0.4623378891751451,1
NC(=O)c1c(NC(=O)CN2CCN(Cc3ccccc3)CC2)sc2c1CCCC2,CHEMBL4164507,0.4623180748354865,1
NC(=O)c1cnc(NC[C@@H]2CCCN2)c2cc(-c3ccc(Cl)cc3)sc12,CHEMBL1288219,0.46230274693161877,1
NCCc1cc(F)cc(C(=O)N2CCN(C(=O)c3ccc(O[C@H]4CCNC4)c(-c4ccc(F)cc4)c3)CC2)c1,CHEMBL3819737,0.4623014050877032,1
O=C(NCC1CCC2(CCNCC2)CO1)c1ccc(NC(=O)N2Cc3ccncc3C2)cc1,CHEMBL3893668,0.4622996759786317,1
COc1c(-c2ccc3c(c2)CNC3)ccc2c(=O)c3c(=O)[nH]sc3n(C3CC3)c12,CHEMBL376523,0.4622992820329493,1
COc1c(-c2ccc3c(c2)CCNC3)ccc2c(=O)c3c(=O)[nH]sc3n(C3CC3)c12,CHEMBL375368,0.4622992820329493,1
COc1c(-c2ccc3c(c2)CNC3)c(F)cc2c(=O)c3c(=O)[nH]sc3n(C3CC3)c12,CHEMBL219216,0.4622992820329493,1
COc1c(-c2ccc3c(c2)CCNC3)c(F)cc2c(=O)c3c(=O)[nH]sc3n(C3CC3)c12,CHEMBL220638,0.4622992820329493,1
N=C(c1ccc(C(=O)Nc2ccccc2C(=O)Nc2ccc(Cl)cn2)cc1)N1CCOCC1,CHEMBL471039,0.4622927950106677,1
CCc1cc(C(=O)Nc2n[nH]c3c2CN(C(=O)N2C[C@@H]4CCCN4C[C@@H]2C)C3(C)C)no1,CHEMBL3662880,0.46228769497400357,1
CCc1ccc(C(=O)Nc2n[nH]c3c2CN(C(=O)N2C[C@@H]4CCCN4C[C@@H]2C)C3(C)C)nc1,CHEMBL3662763,0.46228769497400357,1
Cc1cc(C)nc(C(=O)Nc2n[nH]c3c2CN(C(=O)N2C[C@@H]4CCCN4C[C@@H]2C)C3(C)C)c1,CHEMBL3662764,0.46228769497400346,1
C[C@H]1CN2CCC[C@@H]2CN1C(=O)N1Cc2c(NC(=O)c3ccccn3)n[nH]c2C1(C)C,CHEMBL3662789,0.46228769497400346,1
CC[C@H](C)[C@H]1CN2CCC[C@@H]2CN1C(=O)N1Cc2c(NC(=O)c3ccccn3)n[nH]c2C1(C)C,CHEMBL3662792,0.46228769497400346,1
Cc1nc(C(=O)Nc2n[nH]c3c2CN(C(=O)N2C[C@@H]4CCCN4C[C@@H]2C)C3(C)C)cs1,CHEMBL3662887,0.46228769497400346,1
C[C@H]1CN2CCC[C@H]2CN1C(=O)N1Cc2c(NC(=O)c3cscn3)n[nH]c2C1(C)C,CHEMBL3662758,0.46228769497400346,1
C[C@H]1CN2CCC[C@H]2CN1C(=O)N1Cc2c(NC(=O)c3ccc(Cl)cn3)n[nH]c2C1(C)C,CHEMBL3662779,0.46228769497400346,1
C[C@H]1CN2CCC[C@H]2CN1C(=O)N1Cc2c(NC(=O)c3nc(Cl)c(Cl)s3)n[nH]c2C1(C)C,CHEMBL3662786,0.46228769497400346,1
C[C@H]1CN2CCC[C@H]2CN1C(=O)N1Cc2c(NC(=O)c3cc(Cl)ccn3)n[nH]c2C1(C)C,CHEMBL3662780,0.46228769497400346,1
CCc1ccnc(C(=O)Nc2n[nH]c3c2CN(C(=O)N2C[C@@H]4CCCN4C[C@@H]2C)C3(C)C)c1,CHEMBL3662766,0.46228769497400346,1
CC1(C)c2[nH]nc(NC(=O)c3cccc(Cl)n3)c2CN1C(=O)N1CCN2CCCC2C1,CHEMBL3662738,0.46228769497400346,1
C[C@H]1CN2CCC[C@H]2CN1C(=O)N1Cc2c(NC(=O)c3ccc(Br)cn3)n[nH]c2C1(C)C,CHEMBL3662801,0.46228769497400346,1
CC[C@H]1CN2CCC[C@@]2(C)CN1C(=O)N1Cc2c(NC(=O)c3ccc(F)cn3)n[nH]c2C1(C)C,CHEMBL3662844,0.46228769497400346,1
C[C@H]1CN2CCC[C@@]2(C)CN1C(=O)N1Cc2c(NC(=O)c3ccc(F)cn3)n[nH]c2C1(C)C,CHEMBL3662843,0.46228769497400346,1
C[C@H]1CN2C[C@@H](F)C[C@H]2CN1C(=O)N1Cc2c(NC(=O)c3ccccn3)n[nH]c2C1(C)C,CHEMBL3662815,0.46228769497400346,1
CC[C@H]1CN2CCC[C@H]2CN1C(=O)N1Cc2c(NC(=O)c3ccccn3)n[nH]c2C1(C)C,CHEMBL3662782,0.46228769497400346,1
C[C@H]1CN2CCC[C@H]2CN1C(=O)N1Cc2c(NC(=O)c3ccc(F)cn3)n[nH]c2C1(C)C,CHEMBL3662802,0.46228769497400346,1
C[C@H]1CN2CCC[C@H]2CN1C(=O)N1Cc2c(NC(=O)c3ccc(C(F)(F)F)cn3)n[nH]c2C1(C)C,CHEMBL3662836,0.46228769497400346,1
C[C@H]1CN2CCC[C@H]2CC1C(=O)N1Cc2c(NC(=O)c3csc(Br)n3)n[nH]c2C1(C)C,CHEMBL3662813,0.46228769497400346,1
O=C(Nc1n[nH]c2ncc(-c3ccc(CO)cc3)cc12)C1CCCCC1,CHEMBL4214372,0.46227480241519775,1
CNCc1ccc(-c2[nH]c3cc(F)cc4c3c2CCNC4=O)cc1,CHEMBL2105733,0.46224432255087905,1
Cc1n[nH]c(-c2ccc(NC(=O)C(C)(C)N3CCN(C)CC3)cc2)n1,CHEMBL3451970,0.46223091976516617,1
COc1ccc([C@H]2[C@H]3CCc4ccc(OC)cc4C3=NN2C(=N)N)cc1,CHEMBL385794,0.46221845483167817,1
C(=NNC1=NCCCN1)c1ccc2nc(-c3ccccc3)cn2c1,CHEMBL1161178,0.4622144961128011,1
C(=NNC1=NCCN1)c1ccc2nc(-c3ccccc3)cn2c1,CHEMBL1161153,0.4622144961128011,1
O=c1cc(-c2ccccc2)oc2cc(OCCCN3CCNCC3)cc(O)c12,CHEMBL608377,0.4622105871553399,1
NC[C@H]1Cn2c(cc3ccc(C(=O)Nc4cccnc4)cc32)C(=O)N1,CHEMBL255180,0.46220544017900855,1
NC[C@@H]1Cn2c(cc3ccc(C(=O)Nc4cccnc4)cc32)C(=O)N1,CHEMBL402957,0.46220544017900855,1
NCC1Cn2c(cc3ccc(C(=O)Nc4cccnc4)cc32)C(=O)N1,CHEMBL1938778,0.46220544017900855,1
Fc1ccc(N2CCNCC2)nc1-c1n[nH]c2ncccc12,CHEMBL2326015,0.4621677776815859,1
C[C@@H]1CN(c2cccc(-c3n[nH]c4ncccc34)n2)CCN1,CHEMBL2321918,0.4621677776815858,1
c1cc(-c2n[nH]c3ncccc23)nc(N2CCNCC2)c1,CHEMBL2326014,0.4621677776815858,1
CC[C@@H]1CN(c2cccc(-c3n[nH]c4ncccc34)n2)CCN1,CHEMBL2326016,0.4621677776815858,1
O=C(Cc1n[nH]c(=O)c2ccccc12)NCC(c1ccccc1Cl)N1CCCC1,CHEMBL3105428,0.4621607515657618,1
CC(C)[C@H](CO)NCc1nc(-c2cnc3ccccc3c2)ccc1F,CHEMBL3692283,0.46213072680609374,1
Cc1cc(C(=O)N2CCc3c(CN(C)C(C)C)n[nH]c3C2)[nH]n1,CHEMBL3442733,0.462130541871921,1
NC(=O)c1cccc(Cc2nc(-c3ccc(F)cc3)c(-c3ccnc(NC4CC4)n3)[nH]2)c1,CHEMBL519620,0.4621158091356763,1
CN(C)c1ccc(-c2[nH]nc3c2C(=O)c2c(NC(=O)CN4CCC(O)CC4)cccc2-3)cc1,CHEMBL359158,0.4621028956986222,1
CCCN(CCN1CCN(C(=O)c2c[nH]c3ccccc23)CC1)C1CCc2c(O)cccc2C1,CHEMBL556685,0.4620864266403465,1
Cc1nc2cccc(-c3cc4c([nH]3)CCNC4=O)c2nc1NC(C)(C)C(N)=O,CHEMBL3981216,0.4620625841184386,1
Nc1ccccc1NC(=O)c1ccc(CNC2=N[C@@H](c3cccnc3)CO2)cc1,CHEMBL3605500,0.46203031826999047,1
COc1ccc(-c2cc3c(cn2)CCc2c-3[nH]c3c2C(=O)NCC32CC2)cc1,CHEMBL1801282,0.46203002582395925,1
COc1ccc2c(c1F)C(=O)N(C[C@]1(C#Cc3ccc(CN4CCN(C5CCCCC5)CC4)cc3)NC(=O)NC1=O)C2,CHEMBL3640350,0.46201799667146215,1
COc1ccc2c(c1F)C(=O)N(C[C@@]1(C#Cc3ccc(CN4CCN(C5CCCCC5)CC4)cc3)NC(=O)NC1=O)C2,CHEMBL3640347,0.46201799667146215,1
NCCCCCN(Cc1nc2ccccc2[nH]1)C1CCCc2cccnc21,CHEMBL1092596,0.46201748962105804,1
O=C1Nc2ccccc2/C1=C1/SC(=S)N(Cc2nc3ccccc3[nH]2)C1=O,CHEMBL2281942,0.46201564326170996,1
c1cc2[nH]cc(-c3cncc(C4CC4)n3)c2cc1-c1nnc(NC2CNC2)o1,CHEMBL3905618,0.4620099856641456,1
Cc1[nH]c(/C=C2\C(=O)Nc3ncc(Cl)cc32)c(C)c1C(=O)NCC1CCN(C)CC1,CHEMBL3597573,0.46199800862927304,1
Cc1[nH]c(/C=C2\C(=O)Nc3ncc(F)cc32)c(C)c1C(=O)NCC1CCN(C)CC1,CHEMBL3597562,0.46199800862927304,1
Cc1[nH]c(/C=C2\C(=O)Nc3ncc(Br)cc32)c(C)c1C(=O)NCC1CCN(C)CC1,CHEMBL3597581,0.46199800862927304,1
O=C(COc1ccc2c(c1)C(C1(c3ccc(Cl)cc3)CCC1)NCC2)N1CCNCC1,CHEMBL3643485,0.46196942360649484,1
Cc1ccc2c(c1)[C@]1(C)C=C(C(=O)NCCN3CCN(C)CC3)C(=O)C[C@@H]1O2,CHEMBL3250100,0.4619689758505201,1
CNc1nnc(-c2ccc3[nH]cc(-c4cccc(N5CCCC5=O)n4)c3c2)s1,CHEMBL3942495,0.4619687587953839,1
Nc1nnc(-c2ccc3[nH]cc(-c4cccc(N5CCCC5=O)n4)c3c2)s1,CHEMBL3896735,0.4619687587953839,1
Nc1[nH]c(C(=O)c2ccccc2)c(-c2ccc(Br)cc2)c1C(=O)NCCCN1CCOCC1,CHEMBL4161196,0.4619656558275482,1
CN(C)CCNCc1cc(C2c3ccc4cccnc4c3NS(=O)(=O)N2C)ccc1F,CHEMBL3980717,0.46195305297496614,1
CNCc1nc2cc(-c3c[nH]nc3C)sc2c(=O)[nH]1,CHEMBL4070822,0.461950957929118,1
CN1CCN(C2(CNC(=O)c3ccccc3OCc3ccccc3)Cc3ccccc3C2)CC1,CHEMBL1823667,0.4619497001534096,1
Cn1cnc(S(=O)(=O)NCc2ccc3c(c2)C(C2(c4ccc(Cl)cc4)CCC2)NCC3)c1,CHEMBL3646013,0.4619438609891159,1
O=C(NCCNCc1ccc2ccccc2c1)c1ccc2nc(NC(=O)C3CCNCC3)sc2c1,CHEMBL252959,0.46192793911083546,1
COc1ccc(-c2cnc3[nH]cc(-c4ccncc4)c3c2)cc1N,CHEMBL2152275,0.4618669637469246,1
NCCCCNC(=O)c1cc2c([nH]c3ccccc32)c(C(=O)c2c[nH]c3ccccc23)n1,CHEMBL1910725,0.4618529821338627,1
O=c1cc(-c2c[nH]c3ncccc23)cc(NC2CCCCC2)[nH]1,CHEMBL1958408,0.4618460188210054,1
CN1CCN(C(=O)Cc2ccc(/C=N/NC(=O)c3ccc(O)c(Cl)c3)c3ccccc23)CC1,CHEMBL155449,0.46183819589888453,1
NC(=S)Nc1nc(=S)[nH]c2c1SC1=N/C(=C\c3ccco3)C(=O)N12,CHEMBL1977438,0.46183098591549276,1
CC(C)(O)C(=O)N1CC=C(c2ccc(NC(=O)N3Cc4ccncc4C3)cn2)CC1,CHEMBL3930391,0.46182970854979283,1
CC1=C(C(=O)Nc2ccc3[nH]ncc3c2)C(c2ccc(F)c(CC(=O)N3CCC4CCC(C3)N4C)c2)NC(=O)N1,CHEMBL4229046,0.46182286706627074,1
CN1CCN(CCOc2cccc(CC(=O)Nc3nc(-c4c[nH]c5ncccc45)cs3)c2)CC1,CHEMBL4245197,0.4618072156228163,1
O=C(CSc1nc2ccccc2[nH]1)NN1C(=O)CSC1c1ccc(O)cc1,CHEMBL1087855,0.4618064743759369,1
CC(C)(C)c1ccc(-c2sc(N)nc2-c2ccc(P(=O)(O)O)o2)cc1,CHEMBL1650202,0.4618002382167769,1
CC(C)C[C@H](NC(=O)[C@@H]1Cc2c([nH]c3ccccc23)C2c3ccccc3C(=O)N21)C(=O)NCC1CCCO1,CHEMBL1532748,0.4617951570120646,1
CC(C)(O)C1Cc2c(c(C=O)cc3c2[nH]c2ccccc23)O1,CHEMBL1818855,0.4617877262076872,1
N#Cc1c[nH]c2nccc(-c3ccn(CN4CCOCC4)c3)c12,CHEMBL3923178,0.46176714264827706,1
COc1cc(-c2ccc3c(c2)NC(=O)/C3=C\c2ccc[nH]2)ccc1O,CHEMBL202930,0.4617611821086261,1
COc1cc(-c2ccc3c(c2)/C(=C/c2ccc[nH]2)C(=O)N3)ccc1O,CHEMBL200721,0.4617611821086261,1
C[C@@]1(c2cc(NC(=O)c3cnc(-c4ccco4)cn3)ccc2F)CCSC(N)=N1,CHEMBL3640228,0.4617406778290058,1
O=C1COc2ccc(C3(O)c4ccccc4C(=O)N3C3CCNCC3)cc2N1,CHEMBL3976828,0.46173681090693525,1
CC(C)(C(=O)N1CCCC1)c1ccc2c(c1)nc1n2CCNC1Cc1ccc(C(=N)N)cc1,CHEMBL3969770,0.4617307091533896,1
CC(C)(C(=O)N1CCCCC1)c1ccc2c(c1)nc1n2CCNC1Cc1ccc(C(=N)N)cc1,CHEMBL3931186,0.4617307091533896,1
Fc1ccc([C@@H]2CNC[C@H]2c2nc(N3CCC3)c3cc(-c4cn[nH]c4)ccc3n2)cc1,CHEMBL2333880,0.4617217945827566,1
Fc1ccc(-c2ncn(CCCN3CCOCC3)c2-c2ccc3[nH]ncc3c2)cc1,CHEMBL1682559,0.46170303808301255,1
O=C1CCC(c2ccc3[nH]c(-c4ccccc4O)cc3c2)=NN1,CHEMBL95307,0.46170078075543364,1
NC(=O)c1cccc2[nH]c(-c3ccc(C4CCCNC4)cc3F)nc12,CHEMBL1997025,0.46168193537769475,1
NC(=O)c1cccc2[nH]c(-c3ccc(C4CCNCC4)cc3)nc12,CHEMBL1090136,0.46168193537769475,1
NC(=O)c1cc(Cl)cc2[nH]c(-c3ccc(C4CCCNC4)cc3F)nc12,CHEMBL1984788,0.46168193537769475,1
NC(=O)c1cccc2[nH]c(-c3ccc(C4CCCNC4)cc3)nc12,CHEMBL1092691,0.46168193537769475,1
NC(=O)c1cccc2[nH]c(-c3ccc(C4CCNC4)cc3)nc12,CHEMBL1093845,0.46168193537769475,1
O=C(NCCO)c1ccc2c(-c3nc4ccccc4[nH]3)n[nH]c2c1,CHEMBL3974274,0.461678267594741,1
CCNC(=O)c1cccc2cc(-c3cccc4[nH]nc(N)c34)ccc12,CHEMBL3288522,0.46167661981949615,1
O=C(N[C@@H]1CCCNC1)c1ccnc2nc(-c3cccs3)[nH]c12,CHEMBL3716771,0.46167058398119676,1
O=C(N[C@H]1CCCNC1)c1ccnc2nc(-c3cccs3)[nH]c12,CHEMBL3717297,0.46167058398119676,1
O=C(N[C@H]1CCCNC1)c1ccnc2nc(-c3cc(Br)cs3)[nH]c12,CHEMBL3717191,0.46167058398119676,1
O=C(NC1CCCNC1)c1ccnc2nc(-c3ccc(Cl)cc3)[nH]c12,CHEMBL3717295,0.46167058398119676,1
O=C(NC1CCCNC1)c1ccnc2nc(-c3cccs3)[nH]c12,CHEMBL3716639,0.46167058398119676,1
O=C(N[C@H]1CCCNC1)c1ccnc2nc(-c3ccc(Br)s3)[nH]c12,CHEMBL3716044,0.46167058398119676,1
O=C(NC1CCNC1)c1ccnc2nc(-c3cccs3)[nH]c12,CHEMBL3718636,0.46167058398119676,1
NCCNS(=O)(=O)c1ccc(-c2ccnc3[nH]c(-c4ccncc4)cc23)cc1,CHEMBL579413,0.46166146065744446,1
O=S(=O)(Nc1n[nH]c2cc(-c3ccc(O)cc3)ccc12)C1CC1,CHEMBL4093822,0.4616139891527959,1
CC(C)(C)NC(=O)N1CCn2c(c(C(N)=O)c(-c3ccc(OCC#N)cc3)c2C2CC2)C1,CHEMBL3945381,0.46161157024793376,1
CC(C)(C)c1ccc(COc2cccc3[nH]nc(CN4CCNCC4)c23)cc1,CHEMBL98619,0.46159336247658106,1
O=C(NCC1Cc2cccc(-c3cccnc3)c2O1)c1ccc2cc[nH]c2c1,CHEMBL2130932,0.46159079016221877,1
Cn1cc(C2=C(c3cn(C4CCNCC4)c4ccccc34)C(=O)NC2=O)c2ccccc21,CHEMBL55788,0.46159042395093086,1
Cn1cc(C2=C(c3cn(C4CCCNC4)c4ccccc34)C(=O)NC2=O)c2ccccc21,CHEMBL409856,0.46159042395093086,1
O=C(NCCN1CCCCC1)c1cccc(-c2n[nH]c3ccc(-c4nc[nH]n4)cc23)c1,CHEMBL3984337,0.4615902058388271,1
O=C(NC[C@@H]1CCCNC1)c1ccnc2nc(-c3ccc(Br)o3)[nH]c12,CHEMBL3717200,0.4615835090185054,1
O=C(c1cc(-c2ccc(CN3CCOCC3)cc2)nc2ccc(F)cc12)N1CCNCC1,CHEMBL4060327,0.46156779661016933,1
CSc1nn(-c2ccc(N)cc2)c2cc(C(=O)NC3CCNCC3)ccc12,CHEMBL3666152,0.46155801706918465,1
CC(C)(C)NC(=O)N1CCn2c(c(C(N)=O)c(-c3ccc(C(=O)N4CCCC4)cc3)c2C2CC2)C1,CHEMBL3891032,0.46155431020273585,1
Cc1cc(-c2n[nH]c3cc(NC(=O)N[C@@H]4CN(C)C[C@H]4C)ncc23)ccn1,CHEMBL3654833,0.46152074617126615,1
Cc1cc(-c2n[nH]c3cc(NC(=O)N[C@@H]4CCN(C)C4)ncc23)ccn1,CHEMBL3663047,0.46152074617126615,1
Cc1cc(-c2n[nH]c3cc(NC(=O)N[C@@H]4CCN(CC(F)(F)F)C4)ncc23)ccn1,CHEMBL3658694,0.46152074617126615,1
Cc1cc(-c2n[nH]c3cc(NC(=O)N[C@H]4CN(C)C[C@@H]4C)ncc23)ccn1,CHEMBL3654832,0.46152074617126615,1
Cc1cc(-c2n[nH]c3cc(NC(=O)N[C@H]4CCN(CC(F)(F)F)C4)ncc23)ccn1,CHEMBL3658695,0.46152074617126615,1
Cc1cc(-c2n[nH]c3cc(NC(=O)N[C@H]4CN(C)C[C@@H]4F)ncc23)ccn1,CHEMBL3658696,0.46152074617126615,1
NC(=O)c1ccc(-c2cnc(N)nc2-c2c[nH]c3ccccc23)cc1,CHEMBL559591,0.4615069309882248,1
O=C(Nc1ncc[nH]1)c1ccc2cc3n(c2c1)CCCNC3=O,CHEMBL1938792,0.4615027829313543,1
O=C1N/C(=N\c2nc3ccccc3s2)S/C1=C\c1ccc(O)cc1,CHEMBL259883,0.46149783965434454,1
O=C1N/C(=N/c2nc3ccccc3s2)S/C1=C\c1cccc(O)c1,CHEMBL1929524,0.46149783965434454,1
CCN(CC)CCNC(=O)c1c(C)[nH]c(/C=C2\C(=O)Nc3ccc(-c4ncccn4)cc32)c1C,CHEMBL3732687,0.4614588168088829,1
O=C(CCN1CCNCC1)N1CCC2(CC1)c1ccccc1CC2O,CHEMBL3482311,0.46145197558625106,1
CN(C)CCCOc1ccc(-c2c[nH]c(=O)c(Cc3c[nH]c4ccccc34)n2)cc1,CHEMBL2417889,0.4614421270651701,1
CN1CCN(C(=O)N2CCC(Nc3ncc(Cl)c(-c4c[nH]c5ccccc45)n3)CC2)CC1,CHEMBL245534,0.4614132330710494,1
CC(C1CC1)N(Cc1ccccc1)C(=O)CN1C(=O)NC2(CCc3c(C(N)=O)cccc32)C1=O,CHEMBL4160552,0.46136974037600714,1
NC(=O)Nc1sc(-c2cccnc2)cc1C(=O)N[C@H]1CCCNC1,CHEMBL488230,0.4613656165451458,1
NC(=O)Nc1sc(-c2ccncc2)cc1C(=O)N[C@H]1CCCNC1,CHEMBL488231,0.4613656165451458,1
CN1C(=N)NC(c2ccccc2)(c2cccc(-c3ccccn3)c2)C1=O,CHEMBL2011973,0.46134650100881364,1
Nc1ccccc1NC(=O)c1ccc(CNC2=N[C@@H](Cc3ccccc3)CO2)cc1,CHEMBL3605501,0.46133278486219637,1
COc1cccc(-c2nn(C)c3sc(C(=O)NCCN4CCN(Cc5ccccc5)CC4)cc23)c1,CHEMBL605074,0.4612994350282483,1
O=C(NCc1cnccn1)c1ccc2cc(-c3cc(-c4ccccc4)[nH]n3)[nH]c2c1,CHEMBL1164354,0.46129403820947684,1
Cn1cncc1CNC(=O)c1ccc2cc(-c3cc(-c4ccccc4)[nH]n3)[nH]c2c1,CHEMBL1165503,0.46129403820947684,1
CN1C(=O)[C@H](NC(=O)Nc2ccc3c(c2)CCC3)N=C([C@H]2CC(C)(C)CCN2)c2ccccc21,CHEMBL83130,0.4612834081318239,1
COc1cc(C(=O)NCc2cccc(C(=O)NC3CCN(C)CC3)c2)ccc1-c1cn[nH]c1,CHEMBL3949136,0.461280214861235,1
CCCNC(=O)c1cccc(-c2cc(-c3ccc(N4CCN(C)CC4)cc3)[nH]n2)c1,CHEMBL1683310,0.4612666485458001,1
CN1CCN(c2ccc(-c3cc(-c4cccc(C(=O)NCC(F)(F)F)c4)n[nH]3)cc2)CC1,CHEMBL1683429,0.4612666485458001,1
CC(C)(C)NC(=O)C1CCN(Cc2cccc(NC(=O)C3CNc4ccccc43)c2)CC1,CHEMBL3901603,0.4612524043599058,1
NC[C@H]1CC[C@H](C(=O)N[C@@H](Cc2ccccc2)c2nc(-c3ccccc3)n[nH]2)CC1,CHEMBL3355686,0.4612506680919293,1
Nc1ccccc1-c1ccc2c(c1)sc1c(N)ncnc12,CHEMBL3347656,0.46123252285866584,1
CC(C)NS(=O)(=O)c1cccc(CC(=O)Nc2nc(-c3c[nH]c4ncccc34)cs2)c1,CHEMBL4249070,0.4612322478840911,1
O=C(NCc1cccc(-c2cccc(CN3CCNCC3)c2)c1)Nc1ccc2c(c1)OCO2,CHEMBL494962,0.46123107661569196,1
Nc1nccc(-c2cc(C(=O)NCc3ccccc3)c(-c3ccccc3)[nH]2)n1,CHEMBL1270822,0.4612283516393103,1
Nc1cccc(Nc2ccc3cccc(-c4cc5c([nH]4)CCNC5=O)c3n2)c1,CHEMBL3986342,0.4612262521588947,1
N=C(N)c1cccc(C(=O)N2Cc3ccccc3C[C@@H]2C(=O)Nc2ccc(-c3ccccc3S(N)(=O)=O)cc2)c1,CHEMBL317391,0.46120393682764943,1
N=C(N)c1cccc(C(=O)N2Cc3ccccc3C[C@H]2C(=O)Nc2ccc(-c3ccccc3S(N)(=O)=O)cc2)c1,CHEMBL98858,0.46120393682764943,1
Cc1[nH]c(/C=C2\C(=O)Nc3ccc(-c4cnn(-c5ccccn5)c4)cc32)c(C)c1C(=O)N1CCOCC1,CHEMBL3731881,0.4611786437850081,1
COCCCNC(=O)CSC1=Nc2ccccc2C2=NC(Cc3c[nH]c4ccccc34)C(=O)N12,CHEMBL1712670,0.4611670156007291,1
Cc1n[nH]c2nccc(-c3ccc(NC(=O)NCc4ccco4)cc3)c12,CHEMBL4078084,0.4611637224549262,1
Cc1n[nH]c2nccc(-c3ccc(NC(=O)NCc4ccccn4)cc3)c12,CHEMBL4092765,0.4611637224549262,1
CN1CCC2(CC1)CNC(=O)c1cc(-c3ccnc(NC(=O)c4cccc(OC(F)(F)F)c4)c3)[nH]c12,CHEMBL1933174,0.4611589795573579,1
FC(F)(F)c1ccc(-c2cc(NC3CCNCC3)nc3[nH]ccc23)nc1,CHEMBL3472907,0.4611516626115165,1
CNC(=O)[C@H](Cc1ccc2ccccc2c1)N1CCN(C(=O)[C@H](N)Cc2ccc(F)cc2)[C@@H](C(C)C)C1=O,CHEMBL460142,0.4611504424778757,1
CN[C@@H](C)C(=O)N[C@H](C(=O)N1Cc2ccccc2[C@H]1C(=O)Nc1c(F)cccc1F)c1ccccc1,CHEMBL3986510,0.46114572864321585,1
O=C(NC1CCN(Cc2ccccc2)CC1)c1ccc2[nH]ncc2c1,CHEMBL223651,0.46113380368857504,1
COc1ccc(C(=O)c2c(C)n(CCN3CCNCC3)c3ccccc23)cc1,CHEMBL12955,0.46113362209491854,1
O=C(Nc1cccc2[nH]ncc12)NC1CCc2c1cccc2N1CCOCC1,CHEMBL253360,0.4611271908666987,1
O=C(Nc1cccc2[nH]ncc12)NC1CCc2c1ccc(F)c2N1CCOCC1,CHEMBL399638,0.4611271908666987,1
CCNc1cc2c(nn1)CCN(C(=O)c1ccc3cc[nH]c3c1)C2,CHEMBL3495366,0.4611108378019381,1
O=C(Nc1ccccc1N1CCNCC1)c1cc(-c2ccc3c(c2)OCO3)on1,CHEMBL2037091,0.46110652353426956,1
O=C1C=C(N2CCCCC2)C(c2ccc(N3CCOCC3)cc2)N1c1ccc2nc[nH]c2c1,CHEMBL3674615,0.4611037114366969,1
Nc1ccccc1NC(=O)c1ccc(CNC2=NC(=O)C(Cc3c[nH]c4ccccc34)N2)cc1,CHEMBL2407733,0.4610860266159694,1
NC(=O)c1ccc2[nH]nc(-c3cccc(C(=O)NCCN4CCCCC4)c3)c2c1,CHEMBL3981842,0.4610566072497811,1
COc1cc(N)cc(-c2cnc3[nH]cc(-c4ccncc4)c3c2)c1,CHEMBL2152280,0.46102604431697264,1
O=C(NCC1CCC2(CCNCC2)O1)c1ccc(NC(=O)N2Cc3ccc(F)cc3C2)cc1,CHEMBL3940377,0.461023526558331,1
O=C(NCC1CCC2(CCNCC2)O1)c1ccc(NC(=O)N2Cc3ccccc3C2)cc1,CHEMBL3979639,0.461023526558331,1
CN1CCN(c2ccc3[nH]c(C(=O)c4ccc5ccccc5c4)nc3c2)CC1,CHEMBL584272,0.4610103237446124,1
O=C(Nc1cccc(Cc2n[nH]c(=O)c3c2CCCC3)c1)C1(c2ccccc2)CC1,CHEMBL3957031,0.46100451467268605,1
NC(=O)c1cnc(N[C@H]2CCCNC2)c2cc(-c3cnn(Cc4ccccc4)c3)sc12,CHEMBL4071952,0.46100172536283396,1
O=C(NCC1CCNCC1)c1cccc(Cc2n[nH]c(=O)c3c2CCCC3)c1,CHEMBL3930869,0.46099939061547807,1
O=C(O)CCN1Cc2ccc(NC(=O)c3ccc(N4CCNCC4)cc3)cc2C1=O,CHEMBL1836346,0.46096977603826894,1
O=C(O)CCN1Cc2ccc(NC(=O)c3cccc(N4CCNCC4)c3)cc2C1=O,CHEMBL3039829,0.46096977603826894,1
CC(CC(=O)O)N1Cc2ccc(NC(=O)c3cccc(N4CCNCC4)c3)cc2C1=O,CHEMBL2407142,0.46096977603826894,1
CC(CC(=O)O)N1Cc2ccc(NC(=O)c3ccc(N4CCNCC4)cc3)cc2C1=O,CHEMBL1852793,0.46096977603826894,1
O=C(Nc1n[nH]c2cc(-c3ccc(O)cc3)ccc12)C1CC1,CHEMBL260163,0.4609617947578852,1
O=C(Nc1n[nH]c2cc(-c3cccc(O)c3)ccc12)C1CC1,CHEMBL4094782,0.4609617947578852,1
Cc1c(C#N)ccc2[nH]nc(/C=C/c3cccc(CN4CCN(C)CC4)c3)c12,CHEMBL1093515,0.46095259120260484,1
N=C(N)c1cccc(CC(NS(=O)(=O)c2ccc3ccccc3c2)C(=O)N2CCNCC2)c1,CHEMBL319868,0.460937732868342,1
N=C(N)c1cccc(C[C@H](NS(=O)(=O)c2ccc3ccccc3c2)C(=O)N2CCNCC2)c1,CHEMBL1161244,0.460937732868342,1
Cn1nccc1CNC(=O)c1ccc2cc(-c3cc(-c4ccccc4)[nH]n3)[nH]c2c1,CHEMBL1164302,0.46093656909083686,1
Nc1ccc(C(=O)c2cn(CCN3CCOCC3)c3ccccc23)c2ccccc12,CHEMBL1994410,0.4609308448849994,1
O=C(CO)Nc1ccc2c(c1)Cc1c-2nc(O)c2ccccc12,CHEMBL371596,0.4609292725051602,1
N/C(CN1C(=O)C(NC(=O)c2cc3cc(Cl)sc3[nH]2)Cc2ccccc21)=N\O,CHEMBL395732,0.46092687519615,1
CCn1c(=O)c2cn[nH]c2c2ccc(-c3ccc(CN)cc3)cc21,CHEMBL3927822,0.46091766412767493,1
Cc1cc(-c2n[nH]c3cc(NC(=O)NC4CNCc5ccccc54)ccc23)ccn1,CHEMBL3658851,0.46091619142077844,1
CC(C)N1CCCC1c1ccc(-c2nc3c(C(N)=O)cccc3[nH]2)cc1,CHEMBL1093898,0.46090293694365964,1
O=C(Nc1ccc2[nH]ncc2c1)NC1CCN(Cc2ccccc2)CC1,CHEMBL225226,0.4608671328671326,1
CC(C)NC(=O)[C@H]1CC[C@@H](n2/c(=N/C(=O)c3ccc(F)cc3)[nH]c3ccc(CNCC(C)(C)O)cc32)CC1,CHEMBL2172311,0.4608661817964148,1
COc1cc2ccccc2cc1C(=O)Nc1ccc(CN2CCOCC2)cc1,CHEMBL1440268,0.460864966506052,1
CC(C)N1CCN(S(=O)(=O)c2ccc(NC(=O)c3ccc(-c4ccccn4)cc3)cc2)CC1,CHEMBL3613626,0.4608642092296025,1
N=C(N)c1ccc([C@H]2[C@H]3C(=O)N(Cc4ccc(F)cc4)[C@](O)(C(F)(F)F)[C@H]3[C@@H]3CCCN32)cc1,CHEMBL2448924,0.46081550028918433,1
CN1CCN(CCCOc2ccc(-c3nc4cc(Cl)ccc4[nH]3)cc2)CC1,CHEMBL1914533,0.46079593564775595,1
CN1CCN(CCCOc2ccc(-c3nc4ccccc4[nH]3)cc2)CC1,CHEMBL85700,0.46079593564775595,1
CC(C)N1CCC([S]([O])c2ccc(CNC(=O)c3cc4ccncc4o3)cc2)CC1,CHEMBL3394723,0.46078325016272487,1
Cc1cc(O)cc(C)c1C[C@H](N)C(=O)N1Cc2ccccc2C[C@H]1CNC(=O)C(C)(C)C,CHEMBL307889,0.4607788336128185,1
CCCc1ccc2c(/C=C3\Oc4c(ccc(OC)c4CN4CCNCC4)C3=O)c[nH]c2n1,CHEMBL4094705,0.46074480551030345,1
COc1ccc2c(c1CN1CCNCC1)O/C(=C\c1c[nH]c3nc(Cl)ccc13)C2=O,CHEMBL4062256,0.46074480551030345,1
COc1ccc2c(c1CN1CCNCC1)O/C(=C\c1c[nH]c3nc(C)ccc13)C2=O,CHEMBL4060711,0.46074480551030345,1
COc1ccc2c(c1CN1CCNCC1)O/C(=C\c1c[nH]c3nc(F)ccc13)C2=O,CHEMBL4083975,0.46074480551030345,1
CCCCc1ccc2c(/C=C3\Oc4c(ccc(OC)c4CN4CCNCC4)C3=O)c[nH]c2n1,CHEMBL4073609,0.46074480551030345,1
COc1ccc2c(c1CN1CCNCC1)O/C(=C\c1c[nH]c3ncccc13)C2=O,CHEMBL2147767,0.46074480551030345,1
CCc1ccc2c(/C=C3\Oc4c(ccc(OC)c4CN4CCNCC4)C3=O)c[nH]c2n1,CHEMBL4074201,0.46074480551030345,1
Cc1c2c3cc(NC(=O)[C@@H]4CCCN4C(=O)CN)ccc3nc-2n(C)c2ccccc12,CHEMBL3215679,0.4607440488057736,1
Cn1ncc(Cl)c1-c1cc(NC(=O)c2cccc(C(F)(F)F)c2)ccc1OCCN1CCNC(=O)C1,CHEMBL1084865,0.4607370548903746,1
Cn1nccc1-c1cc(NC(=O)c2cccc(C(F)(F)F)c2)ccc1OCCN1CCNC(=O)C1,CHEMBL1084618,0.4607370548903746,1
CN1CCN(C(=O)c2ccc3c(c2)Oc2ccccc2C3(O)c2ccccc2)CC1,CHEMBL597172,0.46072648245886344,1
CN1CCN(C(=O)c2ccc3c(c2)Oc2ccc(F)cc2C3(O)c2ccccc2)CC1,CHEMBL597556,0.46072648245886344,1
O=C1Nc2cccc(CCO)c2/C1=C/c1[nH]cc2c1CCNC2=O,CHEMBL445607,0.46072016547764766,1
CN1CCN(Cc2ccc(-c3ccc4ccn(C(N)=O)c4n3)cc2)CC1,CHEMBL3105887,0.4607154337144692,1
O=C(N[C@H]1c2ccccc2C[C@@H]1O)c1ccc(NC(=O)N2Cc3ccccc3C2)cc1,CHEMBL3928174,0.4607109655141881,1
CC(C)N1CCC(S(=O)(=O)c2ccc(CNC(=O)N3Cc4ccncc4C3)cc2)CC1,CHEMBL2419527,0.46071064106132265,1
N[C@@H](Cc1ccccc1)c1nc2ccc(-c3ccncc3)cc2c(=O)[nH]1,CHEMBL2334285,0.4607081375331501,1
CN1CCN(CCCOc2ccc3c(c2)-c2[nH]nc(-c4ccc(C#N)nc4)c2C3)CC1,CHEMBL398754,0.4607078166364774,1
Oc1ccc2c(c1)[C@]13CCN(CC4CC4)[C@@H](C2)[C@]1(O)Cc1c([nH]c2ccccc12)C3,CHEMBL3785854,0.46067184978729664,1
COc1ccc2cc(-c3[nH]ncc3CNCC3CCCO3)ccc2c1,CHEMBL1407825,0.4606680742785989,1
O=C(Nc1ccc(-c2noc(CN3CCOCC3)n2)cc1)N1Cc2ccccc2C1,CHEMBL3939507,0.4606629029320704,1
Cc1c2ccncc2c(C)c2c1[nH]c1ccc(CN(CCO)CCO)cc12,CHEMBL122344,0.46065654899373126,1
CO[C@H]1CCN(Cc2ccc3c(-c4ccc(F)cc4)cc(C(N)=O)nc3c2)C1,CHEMBL3927029,0.46065526239489685,1
O=C(Nc1cc[nH]n1)c1ccc2cc3n(c2c1)CCCNC3=O,CHEMBL1938796,0.4606164383561643,1
Cc1cc(NC(=O)c2ccc3cc4n(c3c2)CCCNC4=O)n[nH]1,CHEMBL3985647,0.4606164383561643,1
CC(C)(N)C(=O)N[C@H](Cc1c[nH]c2ccccc12)C(=O)NCc1ccc2ccccc2c1,CHEMBL164232,0.4606155451225873,1
CC(=O)Nc1cccc(O[C@H]2c3ccccc3C[C@@H]2N2CCC[C@@H](N)C2)c1,CHEMBL3935176,0.4606037226347765,1
CN(C)CCNC(=O)c1cccc2[nH]c(-c3ccc4ccccc4c3)nc12,CHEMBL352962,0.46058369674605837,1
CC(=O)N1CCN(C(=O)c2ccc3c(-c4nc5ccccc5[nH]4)n[nH]c3c2)CC1,CHEMBL3951525,0.4605768330368011,1
O=C(c1ccc2c(c1)-c1cc(Cl)c3cccnc3c1NS2(=O)=O)N1CCC(O)CC1,CHEMBL3927767,0.46056644880174274,1
O=C(c1ccc2c(c1)-c1cc(Cl)c3cccnc3c1NS2(=O)=O)N1CCC(O)C1,CHEMBL3925082,0.46056644880174274,1
Cc1nnc(-c2cc(F)c(C)c(-c3ccc4c(c3)NC(=O)C43CCOCC3)c2)[nH]1,CHEMBL3701786,0.46056592414208286,1
Cc1nnc(-c2ccc(C)c(-c3ccc4c(c3)NC(=O)C43CCOCC3)c2)[nH]1,CHEMBL1911194,0.46056592414208286,1
CCOc1ccc(C[C@@H](NC(=O)C2CC2)C(=O)N[C@@H](Cc2ccccc2)C(=O)NCc2ccc(CN)cc2)cc1,CHEMBL3963612,0.46054631036655413,1
O=C(CN1CCOCC1)Nc1ccc2c(c1)C1Oc3ccccc3CC1CO2,CHEMBL2003488,0.46054098699153395,1
CCCNC(=O)c1nc(NC(=O)c2ccc3cc4n(c3c2)C(C)CNC4=O)sc1C(C)C,CHEMBL3968264,0.460535105298316,1
COc1ccc(C2CC(c3ccc4ccccc4c3)=NN2C(=O)CN2CCC(C(N)=O)CC2)cc1,CHEMBL1506611,0.46053074978938485,1
N=C1N=C(Nc2ccc(-c3nc4ccccc4[nH]3)cc2)CN1,CHEMBL3906675,0.4605111877597946,1
O=C(N[C@H]1CCCC[C@@H]1O)c1cccc(-c2nc3ccccc3[nH]2)c1,CHEMBL3437959,0.46050185873605937,1
O=C(N[C@H]1CCCC[C@@H]1O)c1ccc(-c2nc3ccccc3[nH]2)cc1,CHEMBL3437958,0.46050185873605937,1
CC(=O)N1CCN(Cc2ccc3[nH]c(-c4n[nH]c5cc(-c6nnn[nH]6)ccc45)cc3c2)CC1,CHEMBL219731,0.46048186785891704,1
CC1(c2ccc3ccccc3c2)NC(=O)N(CC(=O)NCC(C)(C)N2CCOCC2)C1=O,CHEMBL1444138,0.4604788455231222,1
Cn1c2ccc(C3=NCCN3)cc2c2cc(C3=NCCN3)ccc21,CHEMBL2009752,0.46045873358165057,1
CC[C@H](C)[C@H](N)C(=O)Nc1ccc2nc(Cc3c[nH]c4ccccc34)[nH]c2c1,CHEMBL2086795,0.4604385544269582,1
CN(Cc1ccc(-n2cc3cccc(C(N)=O)c3n2)cc1)C(=O)C1CNC1,CHEMBL594312,0.46043165467625874,1
O=C(CN1CCN(Cc2cccc(Cl)c2)CC1)Nc1ccc2c(c1)OCC(=O)N2,CHEMBL561722,0.46042769426212127,1
O=C(CN1CCN(Cc2ccccc2)CC1)Nc1ccc2c(c1)OCC(=O)N2,CHEMBL551920,0.46042769426212127,1
O=C(CN1CCN(Cc2ccc(Cl)cc2)CC1)Nc1ccc2c(c1)OCC(=O)N2,CHEMBL561521,0.46042769426212127,1
O=C(CN1CCCN(Cc2ccccc2Br)CC1)Nc1ccc2c(c1)OCC(=O)N2,CHEMBL1210705,0.46042769426212127,1
O=C(CN1CCN(Cc2ccccc2F)CC1)Nc1ccc2c(c1)OCC(=O)N2,CHEMBL563906,0.46042769426212127,1
O=C(CN1CCN(Cc2ccc(F)cc2)CC1)Nc1ccc2c(c1)OCC(=O)N2,CHEMBL563770,0.46042769426212127,1
Cc1ccc(CN2CCN(CC(=O)Nc3ccc4c(c3)OCC(=O)N4)CC2)cc1,CHEMBL549492,0.46042769426212127,1
O=C(CN1CCCN(Cc2ccccc2F)CC1)Nc1ccc2c(c1)OCC(=O)N2,CHEMBL1210706,0.46042769426212127,1
O=C(CN1CCN(Cc2c(Cl)cccc2Cl)CC1)Nc1ccc2c(c1)OCC(=O)N2,CHEMBL560578,0.46042769426212127,1
O=C(CN1CCN(Cc2ccccc2Br)CC1)Nc1ccc2c(c1)OCC(=O)N2,CHEMBL558902,0.46042769426212127,1
N#Cc1ccc2[nH]c(O)c(-c3ccc(CN4CCOCC4)cn3)c2c1,CHEMBL1969664,0.46042621159261904,1
Cc1n[nH]c(CN2C(=O)C(NC(=O)c3cc4cc(Cl)ccc4[nH]3)Cc3ccccc32)n1,CHEMBL136241,0.4604246407164005,1
NC1=N[C@@](c2cc(NC(=O)c3coc(C#CC4CC4)n3)ccc2F)(C(F)F)[C@H]2C[C@H]2O1,CHEMBL3683900,0.4604204147334531,1
NC(=O)c1ccc2[nH]c3ncnc(-c4cccc(N)c4)c3c2c1,CHEMBL3719081,0.4604199712969258,1
O=C(c1cc(Cc2nnc(O)c3ccccc23)ccc1F)N1CCCN(CC2CC2)CC1,CHEMBL203967,0.46041418491707126,1
O=C(c1cccc(Cc2nnc(O)c3ccccc23)c1)N1CCCN(CC2CC2)CC1,CHEMBL204533,0.46041418491707126,1
CCc1cc2c(cc1NC(=O)CN1CC3CN(C)CC3C1)C(C)(C)c1[nH]c3cc(C#N)ccc3c1C2=O,CHEMBL3735802,0.4604065307584395,1
Oc1ccc(-c2ccnc3cc(Cl)ccc23)cc1CNCCN1CCOCC1,CHEMBL582046,0.46040199278474464,1
COc1cc(-c2cn[nH]c2)ccc1C(=O)NC(c1ccccc1F)C(C)(C)O,CHEMBL3965594,0.46039506172839456,1
Cc1cc(CNC(=O)c2cc([C@@H]3CCNC[C@H]3COc3ccc4c(c3)OCO4)ccc2F)n[nH]1,CHEMBL4097393,0.4603905068700284,1
CC(C)(c1ccccn1)N(CCCCN)Cc1nc2ccccc2[nH]1,CHEMBL1682871,0.4603842725562045,1
O=C(Nc1cccc(N2CCOCC2)c1)c1ccc2cc3n(c2c1)CCCNC3=O,CHEMBL3966940,0.4603819415361418,1
CN1C(=O)[C@]2(N=C1N)c1cc(OCC3CC3)ccc1CC21CCc2ccccc2CC1,CHEMBL4113098,0.46037799103214144,1
C[C@@H]1CN(S(=O)(=O)c2cccc(-c3ccc4nccc(-c5ccncc5)c4n3)c2)C[C@H](C)N1,CHEMBL4127511,0.4603729188206352,1
O=C(NC1CNC1)c1cc(NC(=O)c2cc(-c3ccccn3)c(F)cc2Cl)n(-c2ccccc2)n1,CHEMBL3915924,0.46037005542034437,1
O=C(NC1CNC1)c1cc(NC(=O)c2cc(-c3ncccc3F)c(F)cc2Cl)n(-c2ccccc2)n1,CHEMBL3978622,0.46037005542034437,1
CCN1c2cc(-c3c[nH]c4ncccc34)ccc2C(=O)NC1(C)C,CHEMBL3798713,0.4603652315853906,1
COc1cc(O)ccc1-c1ccc2c(c1)NC(=O)/C2=C\c1cc[nH]c1,CHEMBL381028,0.4603589563118998,1
CCNC(=O)c1cc(-c2sc(-c3cccnc3)nc2[C@@H]2CCCN2)n[nH]1,CHEMBL1087110,0.46035786478999735,1
CCNC(=O)c1cc(-c2sc(-c3cccnc3)nc2[C@H]2CCCCN2)n[nH]1,CHEMBL1087867,0.46035786478999735,1
CCNC(=O)c1cc(-c2sc(-c3cccnc3)nc2[C@@H]2CCCCN2)n[nH]1,CHEMBL1087866,0.46035786478999735,1
CC(=O)NC[C@@H]1OC(=O)N2c3ccc(-c4cccc(N)c4)cc3OC[C@@H]12,CHEMBL1915615,0.46033116220670156,1
Cc1cc(-c2n[nH]c3cc(NC(=O)NC4CCNC4)ncc23)ccn1,CHEMBL3663033,0.46032728272827284,1
Cc1cc(-c2n[nH]c3cc(NC(=O)N[C@@H]4CNC[C@H]4F)ncc23)ccn1,CHEMBL3658693,0.46032728272827284,1
Cc1cc(-c2n[nH]c3cc(NC(=O)NC4CNC4)ncc23)ccn1,CHEMBL3654690,0.46032728272827284,1
Cc1cc(-c2n[nH]c3cc(NC(=O)NC4CCCNC4)ncc23)ccn1,CHEMBL3703704,0.46032728272827284,1
CN1CCN(C(=O)c2ccc(NC(=O)c3csc4c(=O)[nH]cnc34)c(C3CCCCC3)c2)CC1,CHEMBL3822889,0.46031485058983096,1
CN1CCC(NCc2cccc(-c3cnc(NCc4ccccc4)nc3)c2)CC1,CHEMBL579591,0.46030922101516425,1
CN1CCC(NCc2ccc(-c3cnc(NCc4ccccc4)nc3)cc2)CC1,CHEMBL530875,0.46030922101516425,1
O=C1N[C@H](Cc2c[nH]cn2)C(=O)N1CC(CCN1CCC(c2ccccc2)CC1)c1ccccc1,CHEMBL319628,0.4603059981044363,1
CN1CC2(CNC(=O)c3c2[nH]c2c3CCc3cnc(-c4ccc(F)nc4)cc3-2)C1,CHEMBL1801289,0.4602614157188932,1
O=C1c2cccc3cc4ccccc4c(c23)C(=O)N1CCN1CCNCC1,CHEMBL166129,0.4602587080183898,1
O=C(N[C@H]1COC[C@H]1NC(=O)c1ccc2c(Cl)c[nH]c2c1)c1ccc(-n2ccccc2=O)cc1,CHEMBL237707,0.4602469135802467,1
O=C1NCc2cc(-c3n[nH]cc3CN3C4CCC3CN(c3ccc(C(F)(F)F)cn3)C4)ccc2O1,CHEMBL3715353,0.46022376883094007,1
CC(C)c1c(-c2ccncc2)[nH]c2ccc(C3=NNC(=O)CC3)cc12,CHEMBL329969,0.46022217235188484,1
CC(=O)N1CCO[C@H](C(=O)N[C@H]2c3ccccc3C[C@@H]2NC(=O)c2ccc3c(ccn3C)c2)C1,CHEMBL4175640,0.460212628865979,1
O=C(NO)c1ccc(NC2CCN(c3ccc4ccccc4c3)C2=O)cc1,CHEMBL3415622,0.46019889303874334,1
NCC(=O)Nc1cc(Cc2n[nH]c(=O)c3c2CCCC3)ccc1F,CHEMBL3918368,0.46018368994751696,1
NCC(=O)Nc1cccc(Cc2n[nH]c(=O)c3c2CCCC3)c1,CHEMBL3984604,0.46018368994751696,1
O=C(c1cccc(Cc2n[nH]c(=O)c3c2CCCC3)c1)N1CCN(CCOCCO)CC1,CHEMBL3963719,0.4601472618499769,1
C[C@@H](Oc1cc(-c2ccc3c(c2)CNCC3)cc2ncccc12)[C@H]1CNC(=O)C1,CHEMBL3653829,0.4601348350894191,1
CC(=O)N1c2ccc(C3=CCNCC3)cc2N(Cc2ccccc2CO)C[C@@H]1C1CC1,CHEMBL4218735,0.46013320647002837,1
O=C1NC(=S)N/C1=C/c1ccc(-c2ccc(C(=O)NCCCN3CCOCC3)cc2)s1,CHEMBL3103901,0.46012925550862527,1
NC(=O)c1cccc2cn(-c3cccc(C(=O)N4CCCNCC4)c3)nc12,CHEMBL596144,0.46012832263978004,1
NC(=O)c1cccc2cn(-c3ccc(C(=O)N4CCCNCC4)cc3)nc12,CHEMBL596143,0.46012832263978004,1
Clc1ccc2c(-c3ccccc3)cc(CCN3CCNCC3)nc2n1,CHEMBL2263607,0.46011719368632187,1
c1cc2c(cc1-c1cnc3c(c1)CCN3)CCNC2,CHEMBL1770748,0.4601162441126366,1
Cc1nc2cccc(-c3cc4c([nH]3)CCNC4=O)c2nc1N[C@H]1C[C@@H](O)C1,CHEMBL3977692,0.4601151676361401,1
Cc1nc2cccc(-c3cc4c([nH]3)CCNC4=O)c2nc1NC1CCCC(O)C1,CHEMBL3976306,0.4601151676361401,1
Cc1nc2cccc(-c3cc4c([nH]3)CCNC4=O)c2nc1N[C@H]1C[C@H](O)C1,CHEMBL3974822,0.4601151676361401,1
Cc1nc2cccc(-c3cc4c([nH]3)CCNC4=O)c2nc1N[C@H]1CC[C@H](O)CC1,CHEMBL3949174,0.4601151676361401,1
Cc1nc2cccc(-c3cc4c([nH]3)CCNC4=O)c2nc1NC1CC(O)C1,CHEMBL3905697,0.4601151676361401,1
O=C(NO)c1ccc(CNc2cc3c(cn2)[nH]c2ccccc23)cc1,CHEMBL4285164,0.4601127528648808,1
Cc1nc(NCc2ccc(C(=O)NO)cc2)cc2c1[nH]c1ccccc12,CHEMBL4277204,0.4601127528648807,1
COC1CCC2(CC1)Cc1ccc(-c3cncc(F)c3)cc1C21N=C(N)N(C)C1=O,CHEMBL3938174,0.4601099109342429,1
COC1CCC2(CC1)Cc1ccc(-c3cncc(F)c3)cc1C21N=C(N)N(CC(F)(F)F)C1=O,CHEMBL3936760,0.4601099109342429,1
COC1CCC2(CC1)Cc1ccc(-c3cnc(C)s3)cc1C21N=C(N)N(C)C1=O,CHEMBL3907602,0.4601099109342429,1
COC1CCC2(CC1)Cc1ccc(-c3cncc(C(F)(F)F)c3)cc1C21N=C(N)N(C)C1=O,CHEMBL3947870,0.4601099109342429,1
COC1CCC2(CC1)Cc1ccc(-c3cncs3)cc1C21N=C(N)N(C)C1=O,CHEMBL3916393,0.4601099109342429,1
COC1CCC2(CC1)Cc1ccc(-c3cncc(Cl)c3)cc1C21N=C(N)N(C)C1=O,CHEMBL3975565,0.4601099109342429,1
COC1CCC2(CC1)Cc1ccc(-c3cccnc3F)cc1C21N=C(N)N(C)C1=O,CHEMBL3968709,0.4601099109342429,1
COC1CCC2(CC1)Cc1ccc(-c3cccnc3)cc1C21N=C(N)N(C)C1=O,CHEMBL3977126,0.4601099109342429,1
CC#Cc1cncc(-c2ccc3c(c2)C2(N=C(N)N(C)C2=O)C2(CCC(OC)CC2)C3)c1,CHEMBL3971649,0.46010991093424286,1
CN1CCN(CCCN(C(=O)Nc2ccc(F)c(Cl)c2)C2CCc3ccc(NS(C)(=O)=O)cc3C2)CC1,CHEMBL216267,0.4600861479006479,1
O=C1[C@@H](NS(=O)(=O)/C=C/c2ccc(Cl)s2)CCN1c1ccc([C@H]2CCCN2)cc1F,CHEMBL1684192,0.46008217610651664,1
O=C1[C@@H](NS(=O)(=O)/C=C/c2ccc(Cl)s2)CCN1c1ccc(C2CCCN2)cc1F,CHEMBL1684188,0.46008217610651664,1
O=C1[C@@H](NS(=O)(=O)/C=C/c2ccc(Cl)s2)CCN1c1ccc([C@@H]2CCCN2)cc1F,CHEMBL1684193,0.46008217610651664,1
CN1CCN(C(=O)c2cc(Br)c3c(c2)NC(=O)/C3=N\NC(=O)Cc2ccc3ocnc3c2)CC1,CHEMBL1822373,0.46007846819355486,1
CN1CCN(C(=O)c2cc(Br)c3c(c2)NC(=O)/C3=N\NC(=O)Cc2ccc3occc3c2)CC1,CHEMBL1822372,0.46007846819355486,1
CN1CCN(C(=O)c2cc(Br)c3c(c2)NC(=O)/C3=N\NC(=O)Cc2ccc3c(c2)CCO3)CC1,CHEMBL1822970,0.46007846819355486,1
N#Cc1ccc(NC(=S)NC[C@H]2CN(c3ccc(N4CC5(COC5)C4)c(F)c3)C(=O)O2)cc1,CHEMBL3953506,0.4600712209897259,1
OCCN1CCN(c2c3cc(Cl)ccc3nc3[nH]c4ccccc4c23)CC1,CHEMBL473494,0.4600709306591658,1
O=C(Nc1ccc(C2=CCN(C(=O)[C@@H]3CCOC3)CC2)cn1)N1Cc2ccccc2C1,CHEMBL3893714,0.4600630297761357,1
O=C(Nc1ccc(C2=CCN(C(=O)C3CCOCC3)CC2)cn1)N1Cc2ccccc2C1,CHEMBL3959908,0.4600630297761357,1
O=C(Nc1ccccc1)c1ccc2cccc(-c3cc4c([nH]3)CCNC4=O)c2n1,CHEMBL3928978,0.46005049856635405,1
CN(C)C(=O)c1ccc2c(c1)CC(C(=O)Nc1ccc(-c3cn[nH]c3)cc1)CO2,CHEMBL482310,0.46003762429454426,1
NC1=N[C@@](c2cc(NC(=O)c3ccc(C#CC4CC4)cn3)ccc2F)(C(F)F)[C@H]2C[C@H]2O1,CHEMBL3693222,0.4600283822138125,1
NC1CCCN(c2ccc(N3CC(CNC(=O)c4ccc(Cl)s4)OC3=O)cc2F)C1,CHEMBL3671219,0.46002361275088527,1
CC1(N)CCN(c2ccc(N3CC(CNC(=O)c4ccc(Cl)s4)OC3=O)cc2F)CC1,CHEMBL3671218,0.46002361275088527,1
NC1CCN(c2ccc(N3CC(CNC(=O)c4ccc(Cl)s4)OC3=O)cc2F)C1,CHEMBL3671208,0.46002361275088527,1
Cc1ccc(C(=O)Nc2ccon2)cc1-c1ccc2c(c1)NC(=O)C21CCOCC1,CHEMBL1825148,0.46000666952503433,1
O=C1NC(=O)c2c1c1c(c3[nH]c4ccc(-c5csc(CNC(=O)C6CC6)n5)cc4c23)CCC1,CHEMBL246548,0.4600010546854402,1
CC(C)(C)c1cc(NC(=O)Nc2ccc(-c3cc(N)on3)cc2)no1,CHEMBL3809077,0.45999315704579846,1
Cc1c2c3ccccc3nc-2n(C)c2ccc(NC(=O)CN)cc12,CHEMBL3233343,0.4599869268839294,1
O=C(CN1CCNCC1)Nc1c2c(nc3ccccc13)CCCC2,CHEMBL2391652,0.4599796017914945,1
N#CN[C@@H]1CCc2ccc(-c3ncnc4[nH]ccc34)cc21,CHEMBL4276860,0.4599789963928588,1
C[C@]1(NC#N)CCc2ccc(-c3ncnc4[nH]ccc34)cc21,CHEMBL4279720,0.4599789963928588,1
C[C@H]1Cc2ccc(-c3ncnc4[nH]ccc34)cc2[C@@H]1NC#N,CHEMBL4278647,0.4599789963928588,1
N#CN[C@H]1CCc2ccc(-c3ncnc4[nH]ccc34)cc21,CHEMBL4281393,0.4599789963928588,1
N#CNC1CCc2ccc(-c3ncnc4[nH]ccc34)cc21,CHEMBL4292010,0.4599789963928588,1
CC1(NC#N)CCc2ccc(-c3ncnc4[nH]ccc34)cc21,CHEMBL4293778,0.4599789963928588,1
C[C@@]1(NC#N)CCc2ccc(-c3ncnc4[nH]ccc34)cc21,CHEMBL4290377,0.4599789963928588,1
C[C@@H]1Cc2ccc(-c3ncnc4[nH]ccc34)cc2[C@@H]1NC#N,CHEMBL4283198,0.4599789963928588,1
O=C1CN(CC(=O)NC2CCN(Cc3ccccc3)CC2)C(=O)c2cc(Oc3ccccc3)ccc2N1,CHEMBL2011827,0.4599699919209016,1
CC1=Nc2ccccc2N=C(NC(=O)CSC(=S)N2CCN(C)CC2)C1c1ccccc1,CHEMBL1403720,0.4599675098630771,1
CCn1c(=O)c2c(C)[nH]nc2c2cc3c(cc21)CN(C(=O)NCCN)CC3,CHEMBL398281,0.4599616994113058,1
Fc1ccc(-c2nnc(SCCCN3CCN(Cc4ccccc4)CC3)[nH]2)cc1,CHEMBL2435107,0.4599390074854449,1
OCCOCCN1CCN(Cc2ccc(-c3ccccc3-c3nnn[nH]3)cc2)CC1,CHEMBL2296619,0.45992042899152397,1
O=C(N[C@H]1CCCC[C@@H]1O)c1ccc2nc(-c3ccccc3)[nH]c2c1,CHEMBL3437961,0.45990983279118847,1
Cc1ccc(CN2CCNCC2)cc1NC(=O)CNc1ccc(F)c(F)c1,CHEMBL3186981,0.4599062978646724,1
O=C(NCCc1ccccc1)c1nc2c(OC3CCNCC3)cccc2o1,CHEMBL4282020,0.45989444531535745,1
COc1ccc2c(C[C@@H]3NC(=O)[C@H](Cc4ccccc4)NC3=O)c(CC=C(C)C)[nH]c2c1,CHEMBL259047,0.45989304812834203,1
NCC(C(=O)Nc1ccc(-c2ccnc3[nH]ccc23)s1)c1ccccc1,CHEMBL512480,0.45989250583105157,1
Cc1nc2cccc(-c3cc4c([nH]3)CCNC4=O)c2nc1NCC1(C)COC1,CHEMBL3894496,0.4598755214195852,1
CN1CCN(Cc2nc3ccc4c(c3[nH]2)C(=O)c2ccccc2C4=O)CC1,CHEMBL2336666,0.4598740071213365,1
C=CCN1CCN(Cc2nc3ccc4c(c3[nH]2)C(=O)c2ccccc2C4=O)CC1,CHEMBL2336668,0.4598740071213365,1
CCN1CCN(Cc2nc3ccc4c(c3[nH]2)C(=O)c2ccccc2C4=O)CC1,CHEMBL2336667,0.4598740071213365,1
Cc1oc(-c2ccccc2)nc1CC(=O)Nc1ccc(CC2SC(=O)NC2=O)cc1,CHEMBL54731,0.4598691724639183,1
CN1CCN(c2cc(C3=C(c4c[nH]c5ccccc45)C(=O)NC3=O)c3ccccc3n2)CC1,CHEMBL2153747,0.4598676986528829,1
NS(=O)(=O)c1ccc(-c2cnc3[nH]cc(-c4cccnc4)c3c2)cc1,CHEMBL4164814,0.45985727029437984,1
CNC(=O)c1ccc2c(c1)/C(=C/c1cn(C)c3ccc(OC)cc13)C(=O)N2,CHEMBL318079,0.4598511933520147,1
O=C(Nc1ccc([C@H]2CNCCO2)cc1F)c1cnn(-c2ccc(F)cc2)c1,CHEMBL3672965,0.4598434733997947,1
O=C(Nc1ccc([C@@H]2CNCCO2)cc1Cl)c1cnn(-c2ccc(F)cc2)c1,CHEMBL3672974,0.4598434733997947,1
O=C(Nc1ccc([C@@H]2CNCCO2)cc1F)c1cnn(-c2ccc(F)cc2)c1,CHEMBL3672964,0.4598434733997947,1
O=C(Nc1ccc(C2CNCCO2)cc1Cl)c1cnn(-c2ccc(F)cc2)c1,CHEMBL3672962,0.4598434733997947,1
O=C(Nc1ccc([C@H]2CNCCO2)cc1Cl)c1cnn(-c2ccc(F)cc2)c1,CHEMBL3639718,0.4598434733997947,1
COc1ccc2c(c1CN1CCNCC1)O/C(=C\c1c[nH]c3cnccc13)C2=O,CHEMBL2147768,0.4598381516113351,1
COc1ccc2c(c1CN1CCNCC1)O/C(=C\c1c[nH]c3ccncc13)C2=O,CHEMBL2147769,0.4598381516113351,1
CNC(=O)C(NC(C)=O)c1ccc(C(=O)Nc2cc(-c3cccs3)ccc2N)cc1,CHEMBL270794,0.4598169316340384,1
COc1ccc(-c2cc3c(cn2)CCc2c-3[nH]c3c2C(=O)NCC32CN(C)C2)cc1,CHEMBL1801288,0.459811606160616,1
COc1ccc(-c2ncc3c(c2F)-c2[nH]c4c(c2CC3)C(=O)NCC42CN(C)C2)cc1F,CHEMBL4282514,0.4598116061606159,1
CN1C(=O)C(NC(=O)c2cc3cccc(N)c3[nH]2)Cc2ccccc21,CHEMBL136418,0.4598111523465025,1
O=C(NC1CCN(C2CCc3cc4oc(=O)[nH]c4cc32)CC1)c1cc(=O)c2ccc(F)cc2o1,CHEMBL384111,0.45980924134676937,1
CC(C)(C)C(=O)Nc1ncccc1-c1ccc(-c2cnc(N)cn2)c(F)c1,CHEMBL3700836,0.45979685891986183,1
O=C1Nc2ccc(C(=O)N[C@H](CO)c3ccccc3)cc2/C1=C/c1cnc[nH]1,CHEMBL4078441,0.45976705237515214,1
CCc1ncc(/C=C2\C(=O)Nc3ccc(C(=O)N[C@H](CO)c4ccccc4)cc32)[nH]1,CHEMBL4174013,0.45976705237515214,1
Cc1ncc(/C=C2\C(=O)Nc3ccc(C(=O)N[C@H](CO)c4ccccc4)cc32)[nH]1,CHEMBL4171374,0.45976705237515214,1
Cc1noc(NS(=O)(=O)c2ccc(NC(=O)CN)cc2-c2ccc(CC(C)C)cc2)c1C,CHEMBL148953,0.4597666877865153,1
N#CC1(c2cc(CCN)cc(-c3ccnc4[nH]nc(C(F)(F)F)c34)c2)CC1,CHEMBL3310283,0.459764661226039,1
O=C(NCc1ccn[nH]1)c1cc([C@@H]2CCNC[C@H]2COc2ccc3c(c2)OCO3)ccc1F,CHEMBL4090144,0.4597636465953855,1
CN(C)c1ccc2cc(C(=O)N[C@@H](CCCNC(=N)CCl)C(=O)NCc3ccccc3)ccc2c1,CHEMBL3682418,0.45972277578495174,1
CC(C)Nc1ccccc1N1CCN(C(=O)c2cc3ccccc3[nH]2)CC1,CHEMBL7023,0.4597169601069752,1
CC(C)[C@@H](CO)NC(=O)c1ccc(NC(=O)N2Cc3ccccc3C2)cc1,CHEMBL3976603,0.45970597059705925,1
CC(C)[C@H](CO)NC(=O)c1ccc(NC(=O)N2Cc3ccccc3C2)cc1,CHEMBL3958570,0.45970597059705925,1
O=C(Nc1ccc(C(=O)N2CC3(CCNC3)C2)cc1)N1Cc2ccc(F)cc2C1,CHEMBL3912258,0.45968227223492564,1
O=C(Nc1ccc(C(=O)N2CCC3(CNC3)C2)cc1)N1Cc2ccc(F)cc2C1,CHEMBL3963786,0.45968227223492564,1
O=C(Nc1ccc(C(=O)N2CCC3(CCCNC3)C2)cc1)N1Cc2ccccc2C1,CHEMBL3972246,0.45968227223492564,1
O=C(Nc1ccc(C(=O)N2CCCC3(CCNC3)C2)cc1)N1Cc2ccccc2C1,CHEMBL3984583,0.45968227223492564,1
O=C(Nc1ccc(C(=O)N2CCCC3(CCNC3)C2)cc1)N1Cc2ccc(F)cc2C1,CHEMBL3908572,0.45968227223492564,1
O=C(Nc1ccc(C(=O)N2CC3(CNC3)C2)cc1)N1Cc2ccccc2C1,CHEMBL3934748,0.45968227223492564,1
O=C(Nc1ccc(C(=O)N2CCC3(CCNCC3)C2)cc1)N1Cc2ccccc2C1,CHEMBL3986388,0.45968227223492564,1
O=C(Nc1ccc(C(=O)N2CCCC3(CCCNC3)C2)cc1)N1Cc2ccc(F)cc2C1,CHEMBL3933184,0.45968227223492564,1
O=C(Nc1ccc(C(=O)N2CC3(CCNC3)C2)cc1)N1Cc2ccccc2C1,CHEMBL3924747,0.45968227223492564,1
O=C(Nc1ccc(C(=O)N2CCC3(CCNCC3)C2)cc1)N1Cc2ccc(F)cc2C1,CHEMBL3919219,0.45968227223492564,1
O=C(Nc1ccc(C(=O)N2CC3(CCCNC3)C2)cc1)N1Cc2ccccc2C1,CHEMBL3973227,0.45968227223492564,1
O=C(Nc1ccc(C(=O)N2CCC3(CCNCC3)CC2)cc1)N1Cc2ccccc2C1,CHEMBL3955956,0.45968227223492564,1
O=C(Nc1ccc(C(=O)N2CCC3(CNC3)C2)cc1)N1Cc2ccccc2C1,CHEMBL3911084,0.45968227223492564,1
O=C(Nc1ccc(C(=O)N2CCCC3(CCCNC3)C2)cc1)N1Cc2ccccc2C1,CHEMBL3970432,0.45968227223492564,1
O=C(Nc1ccc(C(=O)N2CCC3(CCNC3)C2)cc1)N1Cc2ccccc2C1,CHEMBL3961132,0.45968227223492564,1
O=C(Nc1ccc(C(=O)N2CCC3(CC2)CNC3)cc1)N1Cc2ccccc2C1,CHEMBL3940269,0.45968227223492564,1
O=C(Nc1ccc(C(=O)N2CCC3(CC2)CNC3)cc1)N1Cc2ccc(F)cc2C1,CHEMBL3923906,0.45968227223492564,1
O=C(Nc1ccc(C(=O)N2CCCC3(CCNCC3)C2)cc1)N1Cc2ccccc2C1,CHEMBL3927387,0.45968227223492564,1
c1cc(-c2n[nH]c3ccnc(OC4CCOCC4)c23)c2cc[nH]c2c1,CHEMBL3651797,0.459678451106657,1
CN(C)CCNC(=O)c1cc2c3ccccc3[nH]c2c2cc(N(C)C)ccc12,CHEMBL1910257,0.4596702095957086,1
CC(=O)Nc1cccc2c1C(=O)c1c(-c3ccc(N4CCOCC4)cc3)n[nH]c1-2,CHEMBL147122,0.45964636836006134,1
O=C(Nc1ccc(C2=NCCN2)cc1)c1ccc(-c2cc3ccc(C4=NCCN4)cc3[nH]2)cc1,CHEMBL3113730,0.45964405964405963,1
COc1ccc(C(NC(=O)c2ccc3cnccc3c2)C2CCNCC2)cc1F,CHEMBL1823635,0.45962831577275354,1
O=C1N/C(=N/c2nsc3ccccc23)S/C1=C/c1cccc(O)c1,CHEMBL3398611,0.45961923381278214,1
O=C1N/C(=N/c2nsc3ccccc23)S/C1=C\c1ccc(O)cc1,CHEMBL260125,0.45961923381278214,1
O=C(Nc1nc2ccccc2[nH]1)c1ccc(F)c2c(C(=O)C(=O)N3CCN(C(=O)c4ccccc4)CC3)c[nH]c12,CHEMBL2315647,0.4596150735888726,1
NCCc1ccc(-c2cc3c(cc2F)c(=O)c2c(=O)[nH]sc2n3C2CC2)cc1,CHEMBL202800,0.45961350075696844,1
Clc1cnc(N[C@@H]2CCCNC2)cc1-c1cccc(NCc2ccncc2)n1,CHEMBL3652960,0.45961069111256664,1
Clc1cnc(NC2CCNCC2)cc1-c1cccc(NCc2ccncc2)n1,CHEMBL3652939,0.45961069111256664,1
Clc1cnc(N[C@H]2CCCNC2)cc1-c1cccc(NCc2ccncc2)n1,CHEMBL3652966,0.45961069111256664,1
Clc1ccc2ncc(-c3cccc(NC4CNC4)n3)n2c1,CHEMBL256963,0.45959355402079866,1
c1cc(NC2CNC2)nc(-c2cnc3ccccn23)c1,CHEMBL437208,0.45959355402079866,1
c1cc(N[C@H]2CCCNC2)nc(-c2cnc3ccccn23)c1,CHEMBL256504,0.45959355402079866,1
Clc1ccc2ncc(-c3cccc(NC4CCNCC4)n3)n2c1,CHEMBL256570,0.45959355402079866,1
c1cc(NC2CCNC2)nc(-c2cnc3ccccn23)c1,CHEMBL402344,0.45959355402079866,1
Clc1ccc2ncc(-c3cccc(NC4CCCNC4)n3)n2c1,CHEMBL256961,0.45959355402079866,1
c1cc(NC2CCNCC2)nc(-c2cnc3ccccn23)c1,CHEMBL258004,0.45959355402079866,1
Clc1ccc2ncc(-c3cccc(NC4CCNC4)n3)n2c1,CHEMBL401633,0.45959355402079866,1
Fc1cccc(-c2ccnc3[nH]c(C4=CCNCC4)cc23)n1,CHEMBL3673495,0.45956799513233937,1
Fc1cccc(-c2c(Cl)cnc3[nH]c(C4CCCNC4)cc23)n1,CHEMBL3668353,0.45956799513233937,1
Fc1ccc(Cl)nc1-c1ccnc2[nH]c(C3CCNCC3)cc12,CHEMBL3673516,0.45956799513233937,1
CNC(=O)N1CC=C(c2[nH]c3ncc(F)c(-c4cc(F)ccc4OC)c3c2C#N)CC1,CHEMBL3668531,0.4595617812692252,1
CNC(=O)N1CC=C(c2[nH]c3nccc(-c4cc(F)ccc4OC)c3c2C#N)CC1,CHEMBL3668516,0.4595617812692252,1
CC(C)NC(=O)c1cccc(-c2[nH]nc3ccnc(OC4CCOCC4)c23)c1,CHEMBL3651794,0.45954835345553713,1
OCc1cc2c(cn1)[nH]c1ccc(NCc3ccccc3)cc12,CHEMBL1989124,0.45952045133991537,1
O=C(NCc1cccc(-c2cccc(CN3C[C@@H]4C[C@H]3CN4)c2)c1)c1ccc2c(c1)OCO2,CHEMBL492988,0.4594916753181832,1
Cn1cc(-c2ccc(Cc3n[nH]c4ccc(C(=O)N5CC[C@H](O)C5)cc34)cc2)cn1,CHEMBL3775321,0.45948239287229514,1
Cn1cc(-c2ccc(Cc3n[nH]c4ccc(C(=O)N5CC[C@@H](O)C5)cc34)cc2)cn1,CHEMBL3775317,0.45948239287229514,1
Cn1cc(-c2ccc(Cc3n[nH]c4ccc(C(=O)N5CC(O)C5)cc34)cc2)cn1,CHEMBL3775423,0.45948239287229514,1
N=C(N)c1cccc(N2CC(NS(=O)(=O)c3ccccc3)CN(CC3CCN(Cc4ccccc4)CC3)C2=O)c1,CHEMBL3780005,0.45947082319728527,1
O=C(c1cc2n[nH]c(=O)n2c2cc(-c3ccc[nH]3)ccc12)N1CC[C@H](O)C1,CHEMBL2012845,0.4594295749455267,1
c1cc(-c2cn3cc(C4=NCCN4)ccc3n2)ccc1C1=NCCN1,CHEMBL1161149,0.4594225876626967,1
C[C@H](NC(=O)[C@H](Cc1cccc(C#N)c1)NC(=O)C(C)(C)N)c1nc2cc(Cl)c(Cl)cc2[nH]1,CHEMBL1950441,0.4594159734346651,1
COc1ccccc1N1CCN(CCCCNC(=O)c2cc3cc(C#N)ccc3[nH]2)CC1,CHEMBL220700,0.4594123378288289,1
COc1ccccc1N1CCN(CCCCNC(=O)c2cc3ccc(C#N)cc3[nH]2)CC1,CHEMBL218638,0.4594123378288289,1
O=C(Nc1ccc(N2CCOCC2)cc1)c1cccc(Cc2n[nH]c(=O)c3c2CCCC3)c1,CHEMBL3897811,0.45939351690484465,1
CC1CNC(=O)c2[nH]c3ccc(C(=O)Nc4ncccn4)cc3c21,CHEMBL246481,0.4593719650372289,1
O=C1NCC2(CC2)c2[nH]c3c(c21)CCc1cnc(-c2ccc(F)nc2)cc1-3,CHEMBL1801283,0.45935955297657405,1
O=C(Nc1ccc2c(c1)CNC2)[C@](O)(c1ccccc1)[C@@H]1CCC(F)(F)C1,CHEMBL307554,0.4593381637287765,1
Cn1c(-c2cccc(C(=O)NC(=N)N)c2)nc2ccccc21,CHEMBL446189,0.4593305823016963,1
Cn1c(-c2ccc(C(=O)NC(=N)N)cc2)nc2ccccc21,CHEMBL434958,0.4593305823016963,1
CC1CCN(CC(=O)Nc2ccccc2-c2nc3ccccc3[nH]2)CC1,CHEMBL559544,0.4593301435406698,1
O=C(CN1CCCCC1)Nc1ccccc1-c1nc2ccccc2[nH]1,CHEMBL559404,0.4593301435406698,1
NCc1nc(-c2ccc3[nH]c4c5c(c6c(c4c3c2)C(=O)NC6=O)CCC5)cs1,CHEMBL1196489,0.45932815463355053,1
CCCN(CCN1CCN(C(=O)c2cc3ccccc3[nH]2)CC1)[C@H]1CCc2c(O)cccc2C1,CHEMBL569746,0.45932453550963703,1
CCCN(CCN1CCN(C(=O)c2cc3ccccc3[nH]2)CC1)C1CCc2c(O)cccc2C1,CHEMBL551960,0.45932453550963703,1
C=CCNC(=S)N/N=C/c1ccc2c(c1)N([O])C(C(=O)Nc1ccccc1)=C(C)N2[O],CHEMBL1163852,0.4593026044414598,1
O=C(Nc1nc2cc(F)ccc2[nH]1)c1ccc2cc3n(c2c1)CCCNC3=O,CHEMBL3917267,0.4592795614722004,1
CC1CNC(=O)c2cc3ccc(C(=O)Nc4nc5ccccc5[nH]4)cc3n21,CHEMBL3959915,0.4592795614722004,1
O=C(Nc1nc2cc(C(F)(F)F)ccc2[nH]1)c1ccc2cc3n(c2c1)CCCNC3=O,CHEMBL3937497,0.4592795614722004,1
CC1CCNC(=O)c2cc3ccc(C(=O)Nc4nc5ccccc5[nH]4)cc3n21,CHEMBL3951802,0.4592795614722004,1
O=C(Nc1nc2cc(Cl)ccc2[nH]1)c1ccc2cc3n(c2c1)CCCNC3=O,CHEMBL3907067,0.4592795614722004,1
O=C(Nc1nc2ccccc2[nH]1)c1ccc2cc3n(c2c1)CCCNC3=O,CHEMBL1938803,0.4592795614722004,1
Cc1ccc2[nH]c(NC(=O)c3ccc4cc5n(c4c3)CCCNC5=O)nc2c1,CHEMBL3916626,0.45927956147220017,1
O=C1C2=C(NC(=S)NC2c2cccc(OCCO)c2)c2ccccc21,CHEMBL1939832,0.4592775041050902,1
NCCNC(=O)c1ccc2[nH]nc(-c3ccc(F)cc3)c2c1,CHEMBL3983999,0.4592719943087502,1
O=C(O)CCNC(=O)c1cn2c(c1-c1ccccc1)C(=O)N(CCC1CCNCC1)CCC2,CHEMBL142982,0.45926916571608367,1
N#Cc1ccc(-c2n[nH]c3c2Cc2cc(OCCN4CCOCC4)ccc2-3)cn1,CHEMBL400570,0.4592520884873256,1
N#Cc1ccc(-c2n[nH]c3c2Cc2ccc(OCCN4CCOCC4)cc2-3)cn1,CHEMBL249282,0.4592520884873256,1
CC(C)N1CCN(c2cc(-c3n[nH]c4ccc(-c5cn[nH]c5)cc34)ncn2)CC1,CHEMBL3915861,0.4592469421114933,1
O=C(Nc1ccc([C@H]2CNCCO2)cc1F)c1cnn(-c2ccc(OC(F)F)cc2)c1,CHEMBL3673018,0.45924206650926386,1
O=C(Nc1ccc([C@H]2CNCCO2)c(F)c1)c1cnn(-c2ccc(OC(F)F)cc2)c1,CHEMBL3673032,0.45924206650926386,1
O=C(Nc1ccc([C@@H]2CNCCO2)c(F)c1)c1cnn(-c2ccc(OC(F)F)cc2)c1,CHEMBL3673028,0.45924206650926386,1
O=C(Nc1ccc([C@H]2CNCCO2)cc1F)c1cnn(-c2cccc(OC(F)F)c2)c1,CHEMBL3673017,0.45924206650926386,1
O=c1[nH]nc2c3c(cccc13)Oc1ccc(CNC3CCC(O)CC3)cc1-2,CHEMBL3644781,0.45923619495456564,1
O=C(NCC(F)(F)F)Nc1cccc(-c2cnc3cc(-c4cnn(C5CNC5)c4)ccn23)c1,CHEMBL3690401,0.45922307377288957,1
NC(=O)[C@@H](N)Cc1ccc(C(=O)Nc2cc(-c3cccs3)ccc2N)cc1,CHEMBL257418,0.4592082330483857,1
NC(=O)[C@H](N)Cc1ccc(C(=O)Nc2cc(-c3cccs3)ccc2N)cc1,CHEMBL404161,0.4592082330483857,1
NCc1ccc(C[C@H](NS(=O)(=O)c2ccc3ccccc3c2)C(=O)NCc2ccccc2)cc1,CHEMBL349653,0.4592010115778241,1
COCCOc1ccc(-c2nnc(-c3ccc4c(c3)CC(N)(CO)CC4)o2)cc1C(F)(F)F,CHEMBL3983561,0.45919953722115764,1
COCCOc1ccc(-c2nnc(-c3ccc4c(c3)CC(N)(CO)CC4)o2)cc1C,CHEMBL3910338,0.45919953722115764,1
COCCOc1ccc(-c2nnc(-c3ccc4c(c3)CC(N)(CO)CC4)o2)cc1,CHEMBL3934780,0.45919953722115764,1
COc1ccc(F)cc1-c1ccnc2[nH]c(C3=CCN(CC(=O)N4CCC[C@H]4C(N)=O)CC3)cc12,CHEMBL3668511,0.4591931013242992,1
Cc1c[nH]c2c1C13CC1CN(C(=O)c1cc4cc(NC(N)=O)ccc4[nH]1)C3=CC2=O,CHEMBL345857,0.4591691563522548,1
O=C(NCCN1CCCCC1)c1nc(-c2ccc3cc[nH]c3c2)no1,CHEMBL3444314,0.4591686784927047,1
Cn1c2c(c3c1C1(CNC1)CNC3=O)CCc1cnc(-c3ccccc3F)cc1-2,CHEMBL1801311,0.4591342136052148,1
O=C1NCC2(CNC2)c2oc3c(c21)CCc1cnc(-c2cccc(F)c2)cc1-3,CHEMBL1801309,0.4591342136052148,1
COc1ccc(F)cc1-c1ccnc2[nH]c(C3=CCN(CC(=O)N4CCC[C@H]4CO)CC3)cc12,CHEMBL3668506,0.45913236929922113,1
COc1ccc(F)cc1-c1ccnc2[nH]c(C3CCN(CC(=O)N4CCC[C@H]4CO)CC3)cc12,CHEMBL3668514,0.45913236929922113,1
CC1CNC(=O)c2[nH]c3ccc(C(=O)Nc4ccncn4)cc3c21,CHEMBL246480,0.4591305807317892,1
CC1CNC(=O)c2[nH]c3ccc(C(=O)Nc4cnccn4)cc3c21,CHEMBL392596,0.4591305807317892,1
CC1CNC(=O)c2[nH]c3ccc(C(=O)Nc4nc(C(N)=O)cs4)cc3c21,CHEMBL397332,0.4591295909226636,1
CNC(=O)c1csc(NC(=O)c2ccc3[nH]c4c(c3c2)C(C)CNC4=O)n1,CHEMBL396159,0.4591295909226636,1
CCCNC(=O)c1csc(NC(=O)c2ccc3[nH]c4c(c3c2)C(C)CNC4=O)n1,CHEMBL246299,0.4591295909226636,1
NS(=O)(=O)c1cccc(-c2n[nH]c3ccc(NC(=O)C(c4ccccc4)N4CCCC4)cc23)c1,CHEMBL3330407,0.4591155679763276,1
NS(=O)(=O)c1cccc(-c2n[nH]c3ccc(NC(=O)C(c4ccsc4)N4CCCC4)cc23)c1,CHEMBL3330410,0.4591155679763276,1
CN1CCN(C(=O)c2ccc(-c3cn4c(-c5ccc(O)cc5)cnc4cn3)cc2)CC1,CHEMBL4209496,0.45910631310484573,1
CN1CCN(C(=O)c2ccc(-c3cn4c(-c5cccc(O)c5)cnc4cn3)cc2)CC1,CHEMBL4216093,0.45910631310484573,1
CN1Cc2cc(NCCO)ccc2C(c2ccc3sccc3c2)C1,CHEMBL3323187,0.4591008015287437,1
O=C(O)c1cn2c3c(c(N4CCNCC4)c(F)cc3c1=O)SC(c1ccc(F)cc1)C2,CHEMBL118015,0.4590966921119595,1
CSc1nn(-c2ccccc2)c2cc(NC3CCNCC3)ccc12,CHEMBL3666150,0.4590887290167865,1
CC(C)OCc1cccc(-c2cc(NC(=O)[C@H]3CNC(=O)C3)nn2-c2ccccc2)c1,CHEMBL3690948,0.45908465920251423,1
CC(C)OCc1cccc(-c2cc(NC(=O)[C@@H]3CNC(=O)C3)nn2-c2ccccc2)c1,CHEMBL3690939,0.45908465920251423,1
CC(C)(C)OCc1cccc(-c2cc(NC(=O)[C@@H]3CNC(=O)C3)nn2-c2ccccc2)c1,CHEMBL3690950,0.45908465920251423,1
O=C(Nc1cc(Cc2ccccc2)no1)c1ccc2cc3n(c2c1)CCCNC3=O,CHEMBL1933147,0.4590825366195946,1
CC(C)N1CCN(c2cc(-c3n[nH]c4ccc(-c5ccn[nH]5)cc34)ncn2)CC1,CHEMBL3943811,0.4590781851944236,1
CC(C)(C)OC(=O)CN1C(=O)C(NC(=O)c2cc3ccccc3[nH]2)CCc2ccccc21,CHEMBL47186,0.4590737984767571,1
CC(C)(C)OC(=O)CN1C(=O)C(NC(=O)c2cc3ccccc3[nH]2)Cc2ccccc21,CHEMBL412881,0.4590737984767571,1
CC(C)(C)OC(=O)CN1C(=O)[C@@H](NC(=O)c2cc3ccccc3[nH]2)CCc2ccccc21,CHEMBL2093119,0.4590737984767571,1
CC(C)(C)OC(=O)CN1C(=O)[C@H](NC(=O)c2cc3ccccc3[nH]2)CCc2ccccc21,CHEMBL1907959,0.4590737984767571,1
CC(=O)NCCc1cc(-c2ccnc3[nH]nc(C(F)(F)F)c23)cc(C2(C#N)CC2)c1,CHEMBL3310284,0.4590712742980559,1
CC(C)C(O)(c1ccc2cc(-c3cnco3)ccc2c1)c1cnn[nH]1,CHEMBL3264607,0.4590651694020539,1
O=C1c2ccccc2CN1c1nc2ccc(C3=NCCN3)cc2s1,CHEMBL4225687,0.45903502427936765,1
CN(C)CCOc1ccc(-c2n[nH]c3ccc(-c4ncn[nH]4)cc23)cc1,CHEMBL3911458,0.4590288924558586,1
CN(C)CCOc1cccc(-c2n[nH]c3ccc(-c4ncn[nH]4)cc23)c1,CHEMBL3967585,0.4590288924558586,1
O=C(NNC(=S)Nc1ccccc1)c1cc(-c2cccnc2)nc2ccccc12,CHEMBL1525319,0.4590217799474277,1
O=C(N[C@H]1CNC[C@H]1NC(=O)c1ccc2c(Cl)c[nH]c2c1)c1ccc(-n2ccccc2=O)cc1,CHEMBL237923,0.4590183219127725,1
O=C(CCN1CCCCC1)N1CCc2c([nH]c3ccccc23)[C@H]1c1cccnc1,CHEMBL1611823,0.4589972003054212,1
O=C(CCN1CCCCC1)N1CCc2c([nH]c3ccccc23)C1c1cccnc1,CHEMBL1881245,0.4589972003054212,1
CC1CNC(=O)c2[nH]c3ccc(C(=O)Nc4nc(C(=O)NCCN(C)C)cs4)cc3c21,CHEMBL245884,0.45898011444469033,1
Cc1nc2cccc(-c3cc4n(c3)CCNC4=O)c2nc1NC1CC1,CHEMBL3927624,0.4589740907347351,1
Cc1nc2cccc(-c3cc4n(c3)CCNC4=O)c2nc1NC1(C)CC1,CHEMBL3978475,0.4589740907347351,1
Cc1cc(O)cc(C)c1C[C@H](N)C(=O)N1Cc2ccccc2C[C@H]1C(=O)NCc1cc2ccccc2[nH]1,CHEMBL408975,0.45896877269426256,1
CN[C@@H](C)C(=O)N[C@H](C(=O)N1c2ccccc2C[C@H]1C(=O)NCc1cc(F)ccc1C)C(C)C,CHEMBL3953890,0.4589674037975263,1
CN[C@@H](C)C(=O)N[C@H](C(=O)N1c2ccccc2C[C@H]1C(=O)NCc1ccccc1)C(C)C,CHEMBL3931660,0.4589674037975263,1
Cc1ccc2nc(Cl)c3cc(C(=O)NCCN4CCN(C)CC4)sc3c2c1,CHEMBL601593,0.4589390119615941,1
Nc1cc2c(cn1)[nH]c1c(NC(=O)c3ccccc3)cccc12,CHEMBL2171550,0.4589354307664167,1
CC(C)N1CCc2c(c3ccccc3n2Cc2ccc(C(=O)NO)cc2)C1,CHEMBL2018441,0.4589353612167299,1
CC(C)(N)C(=O)N[C@H](Cc1c[nH]c2ccccc12)C(=O)N1CCCC2(CC(O)c3ccccc3O2)C1,CHEMBL13675,0.4589242637117938,1
CC(C)(N)C(=O)N[C@H](Cc1c[nH]c2ccccc12)C(=O)N1CCC2(CC1)CC(O)c1ccccc1O2,CHEMBL275795,0.4589242637117938,1
CC(=O)Nc1ccc(Cc2noc(Cc3ccc4[nH]cc(CCN)c4c3)n2)cc1,CHEMBL39158,0.4589226335624029,1
Nc1n[nH]c2cccc(-c3ccc(NC(=O)NC4CCCC4)cc3)c12,CHEMBL426887,0.4589115116932519,1
O=C(Nc1ccc(C2=CCN(C(=O)C3CCOCC3)CC2)nc1)N1Cc2ccncc2C1,CHEMBL3960282,0.4589031096403718,1
O=C(Nc1ccc(C2=CCN(C(=O)C3CCOC3)CC2)nc1)N1Cc2ccncc2C1,CHEMBL3910687,0.4589031096403718,1
CNc1nnc(-c2ccc3[nH]cc(-c4ccncc4)c3c2)s1,CHEMBL3918784,0.4588930936613053,1
CNc1nnc(-c2ccc3[nH]cc(-c4cccnc4)c3c2)s1,CHEMBL3911670,0.4588930936613053,1
CC(=O)N1CCN(c2nc3cc(NC(=O)N4Cc5ccccc5C4)ccc3[nH]2)CC1,CHEMBL3928251,0.4588678123916596,1
CN1CCN(C(=N)/C=C/c2ccc(-c3cn4cc(/C=C/C(=N)N5CCN(C)CC5)ccc4n3)cc2)CC1,CHEMBL1161137,0.4588600846863863,1
O=C(NCCN1CCOCC1)c1ccc(-c2c(O)ccc3ccccc23)cc1,CHEMBL2035654,0.4588565763384004,1
CNS(=O)(=O)c1ccc(-c2ccc3c(NC(C)C)c(C#N)cnc3c2)cc1,CHEMBL2347825,0.45882650267469777,1
CN1C(=O)NC(=O)C12Cc1ccc(NC(=O)CN(Cc3ccc(F)cc3)C(=O)C(C)(C)C)cc1C2,CHEMBL570488,0.45881023726482245,1
Cc1cccc(CN(CC(=O)Nc2ccc3c(c2)CC2(C3)C(=O)NC(=O)N2C)C(=O)C(C)(C)C)c1,CHEMBL568921,0.45881023726482245,1
CN1C(=O)NC(=O)C12Cc1ccc(NC(=O)CN(Cc3cccc(F)c3)C(=O)C(C)(C)C)cc1C2,CHEMBL571580,0.45881023726482245,1
CN1C(=O)NC(=O)C12Cc1ccc(NC(=O)CN(Cc3cccc(Cl)c3)C(=O)C(C)(C)C)cc1C2,CHEMBL568920,0.45881023726482245,1
CN1C(=O)NC(=O)[C@@]12Cc1ccc(NC(=O)CN(Cc3cc(F)cc(F)c3)C(=O)C(C)(C)C)cc1C2,CHEMBL569340,0.45881023726482245,1
CN1C(=O)NC(=O)C12Cc1ccc(NC(=O)CN(Cc3ccc(C(F)(F)F)cc3)C(=O)C(C)(C)C)cc1C2,CHEMBL577304,0.45881023726482245,1
CN1C(=O)NC(=O)C12Cc1ccc(NC(=O)CN(Cc3ccccc3F)C(=O)C(C)(C)C)cc1C2,CHEMBL571350,0.45881023726482245,1
CN1C(=O)NC(=O)[C@@]12Cc1ccc(NC(=O)CN(Cc3cc(F)cc(Cl)c3)C(=O)C(C)(C)C)cc1C2,CHEMBL571797,0.45881023726482245,1
C[C@@H](c1ccccc1)N(CC(=O)Nc1ccc2c(c1)C[C@@]1(C2)C(=O)NC(=O)N1C)C(=O)C(C)(C)C,CHEMBL568880,0.45881023726482245,1
CN1C(=O)NC(=O)[C@@]12Cc1ccc(NC(=O)CN(Cc3ccccc3)C(=O)C(C)(C)C)cc1C2,CHEMBL571823,0.45881023726482245,1
CN1C(=O)NC(=O)[C@]12Cc1ccc(NC(=O)CN(Cc3ccccc3)C(=O)C(C)(C)C)cc1C2,CHEMBL577737,0.45881023726482245,1
C[C@H](c1ccccc1)N(CC(=O)Nc1ccc2c(c1)C[C@@]1(C2)C(=O)NC(=O)N1C)C(=O)C(C)(C)C,CHEMBL583679,0.45881023726482245,1
C[C@H](c1cc(F)cc(F)c1)N(CC(=O)Nc1ccc2c(c1)C[C@@]1(C2)C(=O)NC(=O)N1C)C(=O)C(C)(C)C,CHEMBL570474,0.45881023726482245,1
O=C1C=C(c2c(-c3cc4ccccc4s3)n(CCCNC3=NCCN3)c3ccccc23)C(=O)N1,CHEMBL349382,0.45881012926467474,1
Cc1nc2cccc(-c3cc4c([nH]3)CCN(CO)C4=O)c2nc1NC(C)(C)C,CHEMBL3894660,0.4588098468695481,1
CC1CNC(=O)c2[nH]c3ccc(C(=O)Nc4ncc(C(=O)NCCCN(C)C)s4)cc3c21,CHEMBL246508,0.45880457653866386,1
Cc1n[nH]c2nccc(-c3ccc(NC(=O)Nc4cccnc4)cc3)c12,CHEMBL4103890,0.45880401649632413,1
O=C1NCN(c2ccccc2)C12CCN(CCc1ccc3[nH]c(=S)[nH]c3c1)CC2,CHEMBL1972138,0.45879752431476545,1
COc1cccc(CNC(=O)c2cc3ccc(-c4ccncc4)nc3[nH]2)c1,CHEMBL1923166,0.45878378378378354,1
CN1CCC[C@@H]1Cc1c[nH]c2ccc(-n3cnc4cccnc43)cc12,CHEMBL80738,0.45878232758620696,1
Cc1ccnc2c1ncn2-c1ccc2[nH]cc(C[C@H]3CCCN3C)c2c1,CHEMBL76793,0.45878232758620696,1
COc1cc2c(cc1OC)-c1n[nH]c(C#Cc3ccc(NC(N)=O)cc3)c1C2,CHEMBL399253,0.45877941907214176,1
O=C(NN1C(=O)[C@H](Cl)[C@H]1c1ccc(O)cc1)c1cc(-c2ccc(Cl)cc2)n[nH]1,CHEMBL2059838,0.4587688219663416,1
OCc1cc2c3cc(NCc4ccccc4)ccc3nc-2c[nH]1,CHEMBL166270,0.4587660354306658,1
c1cc2[nH]ncc2cc1-c1cncc(N2CCCNCC2)n1,CHEMBL3238167,0.45876545446311284,1
Cc1n[nH]c2ccc(-c3cncc(N4CCCNCC4)n3)cc12,CHEMBL3238168,0.45876545446311284,1
CC(=O)Nc1cccc(CC2NC(=O)N(CCc3ccc4[nH]cc(CCN(C)C)c4c3)C2=O)c1,CHEMBL118243,0.45875761483391847,1
S=C(NCCCN1CCOCC1)Nc1ccc(-c2nc3ccccc3[nH]2)cc1,CHEMBL1500616,0.4587551556055492,1
COc1ccc2cc(S(=O)(=O)NN(Cc3cccc(C(=N)N)c3)C(=O)N3CCC(C)CC3)ccc2c1,CHEMBL40043,0.45874270517839977,1
COc1ccc2cc(S(=O)(=O)NN(Cc3ccc(C(=N)N)cc3)C(=O)N3CCC(C)CC3)ccc2c1,CHEMBL291101,0.45874270517839977,1
COc1ccc2cc(S(=O)(=O)NN(Cc3cccc(C(=N)N)c3)C(=O)N3CCCCCC3)ccc2c1,CHEMBL41947,0.45874270517839977,1
C[C@H](NC(=O)CN)c1ccc(CN2Cc3ccc(OCC4CC4)cc3C(F)C2)cc1,CHEMBL3971637,0.4587266739846319,1
CN(C)[C@H]1C[C@H](c2c[nH]c3ccc(CN4C(=O)NC(C)(C)C4=O)cc32)C1,CHEMBL2368260,0.45872241086587406,1
COc1cccc(-c2c(C(N)=O)c3n(c2Cl)CCN(C(=O)NC(C)(C)C)C3)c1,CHEMBL3980827,0.45870321341431736,1
COc1ccc(-c2cn3c(c2C(N)=O)CN(C(=O)NC(C)(C)C)CC3)cc1,CHEMBL3944279,0.45870321341431736,1
COc1ccc(-c2c(C(N)=O)c3n(c2C)CCN(C(=O)NC(C)(C)C)C3)cc1,CHEMBL3940253,0.45870321341431736,1
COc1ccc(-c2c(C(N)=O)c3n(c2Cl)CCN(C(=O)NC(C)(C)C)C3)cc1,CHEMBL3906666,0.45870321341431736,1
O=C1Cc2ccccc2C(c2ccc(NC(=O)N3Cc4ccccc4C3)cc2)=NN1,CHEMBL3914997,0.45869991453421133,1
O=C(Nc1cccnc1N1CCNCC1)c1csc(-c2ccc3c(c2)CCO3)n1,CHEMBL2381105,0.458641358641359,1
O=C1N/C(=N\c2ccc(O)cc2)S/C1=C\c1cc2ccccc2[nH]1,CHEMBL4282600,0.4586351318058633,1
O=C(O)c1ccc2c(c1)CC(C(=O)Nc1ccc(-c3cn[nH]c3)cc1)CO2,CHEMBL442574,0.45862565209570044,1
C[C@H]1CN(Cc2cccc(-c3cccc(CNC(=O)c4ccc5c(c4)OCO5)c3)n2)CCN1,CHEMBL492701,0.4586190009794317,1
CC(C)[C@@H](CN1CCC2(CC1)C(=O)NCN2c1ccccc1)NC(=O)c1cnc2ccccc2c1,CHEMBL1890706,0.45859983314794217,1
CC(C)c1cc(C(=O)N2Cc3ccc(NC4CCN(C)CC4)cc3C2)c(O)cc1O,CHEMBL1214747,0.4585708327540661,1
O=C1c2ccccc2C(=O)N1CCCNC1CCN(Cc2ccc(O)cc2)CC1,CHEMBL3402297,0.45855773019834484,1
CN1CCN(C(=O)c2cccc(-c3nc4cccc5c4n3CCNC5=O)c2)CC1,CHEMBL520924,0.45855583933132105,1
Cc1n[nH]c2ccc(-c3cncc(OC[C@@H](N)Cc4ccncc4)c3)cc12,CHEMBL208612,0.45855254432114567,1
O=C(Nc1cccc(-c2ccn[nH]2)c1)c1cc2ccccc2c(=O)[nH]1,CHEMBL3621732,0.45854908729536054,1
O=C(CN1CCN(Cc2ccccc2)CC1)NC1c2ccsc2-c2c1cnn2-c1ccccc1,CHEMBL3133428,0.45854355358336857,1
CN(C)CCCNC(=O)c1ccc2c(c1)sc1c(O)nc3ccccc3c12,CHEMBL141533,0.4585315501301497,1
CC(C)(N)C(=O)N[C@H](Cc1c[nH]c2ccccc12)C(=O)N1CCC[C@]2(CC1)C(=O)Nc1ccccc12,CHEMBL2413148,0.4585247464678859,1
CC(C)(N)C(=O)N[C@@H](Cc1c[nH]c2ccccc12)C(=O)N1CCC[C@@]2(CC1)C(=O)Nc1ccccc12,CHEMBL2413147,0.4585247464678859,1
CC(C)(N)C(=O)N[C@H](Cc1c[nH]c2ccccc12)C(=O)N1CCC[C@@]2(CC1)C(=O)Nc1ccccc12,CHEMBL2413149,0.4585247464678859,1
CC(C)(N)C(=O)N[C@@H](Cc1c[nH]c2ccccc12)C(=O)N1CCC[C@]2(CC1)C(=O)Nc1ccccc12,CHEMBL2413150,0.4585247464678859,1
COc1ccc(C[C@H](NC(=O)C(C)(C)N)C(=O)N2CC[C@H]2c2nc3cc(Cl)c(Cl)cc3[nH]2)cc1,CHEMBL1259134,0.45851295022979066,1
Cn1ccc2cc(-c3ccc4oc(N5CCNCC5)nc4c3)ccc21,CHEMBL3222188,0.4585053674649051,1
CNC(=O)c1ccc2c(c1)/C(=C\c1ccc3cn[nH]c3c1)C(=O)N2,CHEMBL2407917,0.45850451930977804,1
C[C@H]1NCCn2cc(-c3cc4c(cc3F)C(=O)C(C(=O)O)CN4C3CC3)cc21,CHEMBL584895,0.45849643314432054,1
C[C@H]1Cn2cc(-c3cc4c(cc3F)C(=O)C(C(=O)O)CN4C3CC3)cc2CN1,CHEMBL565524,0.45849643314432054,1
C[C@@H]1NCCn2cc(-c3cc4c(cc3F)C(=O)C(C(=O)O)CN4C3CC3)cc21,CHEMBL565762,0.45849643314432054,1
O=c1cc(-c2ccccc2)c2ccc(OCC(O)CN3CCNCC3)cc2o1,CHEMBL513910,0.4584916691026014,1
Cc1cc(-c2cc(C(N)=O)nc3cc(CN4C[C@@H](C)O[C@@H](C(F)(F)F)C4)ccc23)sn1,CHEMBL4114374,0.45847612788132,1
Cc1ncc(-c2cc(C(N)=O)nc3cc(CN4CCOC(C(F)(F)F)C4)ccc23)o1,CHEMBL3895854,0.45847612788132,1
CCc1ncc(-c2cc(C(N)=O)nc3cc(CN4CCOC(C(F)(F)F)C4)ccc23)s1,CHEMBL3912111,0.45847612788132,1
Cc1ncc(-c2cc(C(N)=O)nc3cc(CN4CCOC(C(F)(F)F)C4)ccc23)s1,CHEMBL3985872,0.45847612788132,1
O=C1COc2ccc(-c3csc(NCCc4ccccc4)n3)cc2N1,CHEMBL1348190,0.4584616865614166,1
COc1ccc(NC(=O)N2C[C@H]3[C@@H](c4ccccc42)[C@H](CO)N3Cc2ccccn2)cc1,CHEMBL2137349,0.458446353224834,1
COc1ccc(NC(=O)N2C[C@@H]3[C@H](c4ccccc42)[C@@H](CO)N3Cc2ccccn2)cc1,CHEMBL2132075,0.458446353224834,1
COc1ccc(NC(=O)N2C[C@@H]3[C@H](c4ccccc42)[C@H](CO)N3Cc2ccccn2)cc1,CHEMBL2139721,0.458446353224834,1
CC(=O)c1ccc(NC(=O)Nc2ccc3nccc(N4CCN(C)CC4)c3c2)cc1,CHEMBL533295,0.4584335739107187,1
CN1CCN(c2ccnc3ccc(NC(=O)Nc4cccc(C#N)c4)cc23)CC1,CHEMBL588349,0.4584335739107187,1
Cc1cc2c(-c3cccc4[nH]ncc34)cnc(NC3CCNCC3)c2[nH]c1=O,CHEMBL3586722,0.4584329789501101,1
COc1ccc(-c2n[nH]c3ncc(-c4ccccc4N)cc23)cc1,CHEMBL3220817,0.4584325215162057,1
Nc1ccc(C(=O)N/N=C2\CCCc3c2[nH]c2ccccc32)cc1,CHEMBL3193157,0.45842652922298943,1
Cc1ccc(C(=O)Nc2ccc(CN3CCN(C)CC3)c(C(F)(F)F)c2)cc1C#Cc1cnc(C(=O)NCCO)n1C,CHEMBL1784636,0.45842648781007134,1
C[C@@H]1CN(C(=O)N2Cc3c(NC(=O)c4ccccn4)n[nH]c3C2(C)C)[C@@H](C)CN1Cc1cocn1,CHEMBL3662853,0.4584093396570597,1
O=C1Nc2ccccc2/C1=C1/SC(=S)N(NC(=O)c2cccc(O)c2)C1=O,CHEMBL1603238,0.4583951227549841,1
COc1cccc(-c2csc(Nc3ccc(CCN4CC[C@H](O)C[C@@H]4CO)cc3)n2)c1,CHEMBL2409885,0.4583922511312217,1
COc1ccc(-c2csc(Nc3ccc(CCN4CC[C@H](O)C[C@@H]4CO)cc3)n2)cc1,CHEMBL2409890,0.4583922511312217,1
c1ccc(CN2CCc3cc4nccc(N5CCNCC5)c4cc32)cc1,CHEMBL581021,0.4583853316693865,1
NCCCn1cc(C2=C(c3cccc4ccccc34)C(=O)NC2=O)c2ccccc21,CHEMBL411253,0.4583843972127875,1
NCCCn1cc(C2=C(c3csc4ccccc34)C(=O)NC2=O)c2ccccc21,CHEMBL258290,0.4583843972127875,1
Cc1cccc(-c2nc(C3CCNCC3)[nH]c2-c2ccc3c(c2)n(C)c(=O)n3C)c1,CHEMBL172232,0.4583745738480148,1
NCc1ccc2[nH]c3c4c(c5c(c3c2c1)CNC5=O)CCC4,CHEMBL204542,0.4583675866118613,1
CC(=O)Nc1sc2c(c1-c1ccc3[nH]cnc3c1)CCNC2,CHEMBL3188456,0.45835731680318803,1
CN(Cc1ccccc1)c1nc(C(=O)Nc2ccccc2N2CCNCC2)cs1,CHEMBL2381231,0.4583525292545839,1
CCNC(=O)[C@]1(Cc2ccccc2)CCCN(C(=O)[C@@H](Cc2c[nH]c3ccccc23)NC(=O)C(C)(C)N)C1,CHEMBL310457,0.45835083298334034,1
CC(C)(CO)NCc1ccc2oc3ccc(Cl)cc3c(=O)c2c1,CHEMBL2335401,0.45833551563400177,1
CCN1CCN(CCCNC(=O)c2ccc3c(c2)NC(=O)/C(=C\c2cccc(C)c2)S3)CC1,CHEMBL1329016,0.45833550743542906,1
C[C@@H](C(=O)N1CCN(C)CC1)N1CC[C@H](NS(=O)(=O)c2ccc3cc(Cl)ccc3c2)C1=O,CHEMBL210165,0.4583170636470126,1
CC(C)NCCCc1cccc2[nH]cc(S(=O)(=O)c3ccccc3)c12,CHEMBL594519,0.4583012855730137,1
O=C(C[C@H]1CNC(=O)c2cc(-c3cccc(F)c3)cn21)N[C@H](CO)C1CCCCC1,CHEMBL3298892,0.45828770532603247,1
Oc1ccc(-c2nc(CN3CCN(Cc4ccccc4)CC3)co2)cc1,CHEMBL1860241,0.4582734960906334,1
CC(C)S(=O)(=O)N[C@H]1Cc2ccc(Cn3nc(C(F)(F)F)c4c3CCNC4)cc2C1,CHEMBL1642157,0.45825459874281715,1
O=C(Nc1cc(-c2ccc(F)cc2)on1)c1ccc2cc3n(c2c1)CCCNC3=O,CHEMBL3981997,0.4582415298274786,1
O=C(Nc1cc(-c2ccccc2)on1)c1ccc2cc3n(c2c1)CCCNC3=O,CHEMBL3897006,0.4582415298274786,1
CCCCN1CCN(S(=O)(=O)NCCc2nc(-c3cccs3)[nH]c2-c2ccc(OC)cc2)CC1,CHEMBL235069,0.4582343103600033,1
Nc1ccc(CN2C(=O)[C@@H]3C[C@@H](O)CN3C(=O)c3ccccc32)cc1,CHEMBL2413601,0.4582296480625665,1
O=C(Nc1ccccc1N1CCNCC1)c1csc(C#Cc2ccccc2)n1,CHEMBL2037116,0.4582282556205396,1
Cn1c(-c2cc3c(s2)C(C(C)(C)C)NCC3)nc2c(C(N)=O)cc(F)cc21,CHEMBL4291992,0.45822619307038576,1
C=C1C[C@@](C)(c2cc(NC(=O)c3ccc(C#N)cn3)cnc2C)N=C(N)S1,CHEMBL3924587,0.45820962663067927,1
C=C1C[C@@](C)(c2cc(NC(=O)c3ccc(C#N)cn3)cnc2Cl)N=C(N)S1,CHEMBL3983670,0.45820962663067927,1
C=C1C[C@@](C)(c2cncc(NC(=O)c3ccc(C#N)cn3)c2)N=C(N)S1,CHEMBL3940114,0.45820962663067927,1
C=C1C[C@@](C)(c2cc(NC(=O)c3ncc(C#N)cc3F)cnc2Cl)N=C(N)S1,CHEMBL3670331,0.45820962663067927,1
CN1C(=N)N[C@@]2(c3ccc(-c4ccc(F)c(C#N)c4)s3)CN(c3ccccc3)C[C@H]2C1=O,CHEMBL2178148,0.458205405405405,1
CN1C(=N)N[C@@]2(c3ccc(-c4ccc(F)c(C#N)c4)s3)CN(c3ccc(F)cc3)C[C@H]2C1=O,CHEMBL2178149,0.458205405405405,1
CN1C(=N)N[C@@]2(c3cc(-c4cccc(C#N)c4)cs3)CN(c3ccc(F)cc3)C[C@H]2C1=O,CHEMBL2178150,0.458205405405405,1
CNC(C)(C)C(=O)N1CCN(C(=O)c2cc(Cc3c[nH]c(=O)c4cc(Cl)c(Cl)n34)ccc2F)CC1,CHEMBL590791,0.4581930793052375,1
N=C(N)NCc1ccc(C(=O)Nc2ccc(Cl)cc2C(=O)Nc2ccc(Cl)cn2)cc1,CHEMBL177444,0.4581882746135636,1
O=C(NCC1CCC2(CCNCC2)O1)c1ccc(NC(=O)N2Cc3ccncc3C2)cc1,CHEMBL3930756,0.4581829252381157,1
O=C1N=C(N[C@H](CO)Cc2ccccc2)S/C1=C\c1ccc2ncccc2c1,CHEMBL235125,0.4581768707482994,1
O=C1N=C(N[C@@H](CO)Cc2ccccc2)S/C1=C\c1ccc2ncccc2c1,CHEMBL393157,0.4581768707482994,1
CNC(=O)c1cc2c(Oc3ccc(NCCCN4CCN(C)CC4)cc3)cncc2s1,CHEMBL117292,0.45817025440313114,1
CN[C@@H](C)C(=O)N[C@H]1Cc2ccccc2[C@H]2CCC[C@@H](C(=O)NC(c3ccccc3)c3ccccc3)N2C1=O,CHEMBL515848,0.4581513124830862,1
CN[C@@H](C)C(=O)N[C@H]1Cc2ccccc2[C@H]2CC[C@@H](C(=O)NC(c3ccccc3)c3ccccc3)N2C1=O,CHEMBL515347,0.4581513124830862,1
O=C(Nc1nc2cc(C3(O)c4ccccc4C(=O)N3Cc3ccccc3)ccc2[nH]1)OCC1CCNCC1,CHEMBL3952670,0.4581419761186197,1
NCc1cccc(-c2cc3[nH]c4ccc(O)cc4c3c3c2C(=O)NC3=O)c1,CHEMBL385828,0.4581410678971655,1
CC(C)(O)c1ccc(C(=O)Nc2cc3c(ccn3CC3CC3)cn2)cc1,CHEMBL3644035,0.4581125740964169,1
CN1CCN(c2cccc3[nH]c(-c4n[nH]c5cc(-c6ccc(S(N)(=O)=O)cc6)ccc45)nc23)CC1,CHEMBL480377,0.45810740723277843,1
CCN1CCN(CCCNC(=O)c2cc3cc4ccc(OC)cc4nc3o2)CC1,CHEMBL1335319,0.458089572784032,1
COc1cccc(-c2cccc([C@]3(c4ccccc4)CC(=O)N(C)C(=N)N3)c2)c1,CHEMBL2151040,0.4580894702020457,1
COc1ccc(C2=Nc3cc(C(=O)NCCN4CCOCC4)ccc3CN2C(C)C)cc1,CHEMBL600545,0.4580882027690537,1
CN1CC[C@H]2CN(C(=O)c3ccc4sc5c(c4c3)CCNC5=O)C[C@H]21,CHEMBL3479625,0.4580875051112799,1
O=C(NCCN1CCC2(CC1)C(=O)NCN2Cc1cccnc1)c1cc2cc(F)ccc2[nH]1,CHEMBL3559991,0.4580831594156366,1
O=C(NCCN1CCC2(CC1)C(=O)NCN2Cc1cccnc1)c1cc2ccccc2[nH]1,CHEMBL3559759,0.4580831594156366,1
Cc1ccc(CN2C(=O)CSc3ccc(C(=O)NCCN4CCOCC4)cc32)cc1,CHEMBL1510701,0.45807425294295195,1
O=C(NCCN1CCOCC1)c1ccc2c(c1)N(Cc1ccccc1F)C(=O)CS2,CHEMBL1549708,0.45807425294295195,1
O=C(NCCN1CCOCC1)c1ccc2c(c1)N(Cc1ccccc1)C(=O)CS2,CHEMBL1491473,0.45807425294295195,1
Cc1ccc(C)c(CN2C(=O)CSc3ccc(C(=O)NCCN4CCOCC4)cc32)c1,CHEMBL1467883,0.45807425294295195,1
O=C(NCCN1CCOCC1)c1ccc2c(c1)N(Cc1ccc(F)cc1)C(=O)CS2,CHEMBL1564380,0.45807425294295195,1
O=C(NCCN1CCOCC1)c1ccc2c(c1)N(Cc1ccc(Cl)cc1)C(=O)CS2,CHEMBL1706005,0.45807425294295195,1
CN1CCN(c2cc3ccccc3c(C3=C(c4c[nH]c5ccccc45)C(=O)NC3=O)n2)CC1,CHEMBL2153748,0.4580706680086876,1
O=C(NCc1cccc(C(=O)Nc2nc3c(s2)C[C@@H](N2CCOCC2)CC3)c1)c1cccc(-c2cn[nH]c2)c1,CHEMBL3680788,0.4580700048614488,1
O=C1CN(C(=O)[C@@H]2C=C3c4cccc5[nH]cc(c45)C[C@H]3N(C(=O)Nc3ccccc3)C2)CCN1,CHEMBL1809005,0.4580511032123934,1
CCCOc1ccc(-c2cc(OCCN3CCNCC3)c3ccccc3n2)cc1,CHEMBL2385688,0.45804967801287927,1
CN1CCN(Cc2cc3n[nH]c(=O)n3c3cc(-c4ccc[nH]4)ccc23)CC1,CHEMBL2012873,0.45804185028814437,1
CNC1NN=C(Cc2csc3nc(-c4ccc(Br)cc4)cn23)S1,CHEMBL574000,0.45803578001914136,1
CCNC1NN=C(Cc2csc3nc(-c4ccc(Br)cc4)cn23)S1,CHEMBL574221,0.45803578001914136,1
O=C(NC1N=C(c2ccccc2)c2ccccc2NC1=O)c1ccc(N2CCOCC2)cc1Cl,CHEMBL203215,0.4580099884748366,1
O=C(N[C@H]1N=C(c2ccccc2)c2ccccc2NC1=O)c1ccc(N2CCOCC2)cc1Cl,CHEMBL222998,0.4580099884748366,1
CC(C)(C)C(=O)Oc1ccc(C(CN)C(=O)Nc2ccc3cnccc3c2)cc1,CHEMBL3793659,0.4580055477240686,1
CC(C)C(=O)Oc1ccc(C(CN)C(=O)Nc2ccc3cnccc3c2)cc1,CHEMBL3793381,0.4580055477240686,1
O=C(Nc1ccc(C2CCNC2)cc1)c1nccc2ccsc12,CHEMBL3924695,0.45797878540622416,1
O=C(Nc1ccc(C2CCNC2)cc1)c1nccc2ccccc12,CHEMBL3984037,0.45797878540622416,1
NCC1CNC(=O)c2cc3ccc(C(=O)Nc4nccs4)cc3n2C1,CHEMBL429922,0.45797071772294473,1
CNCC1CNC(=O)c2cc3ccc(C(=O)Nc4nccs4)cc3n2C1,CHEMBL409876,0.45797071772294473,1
CCNCC1CNC(=O)c2cc3ccc(C(=O)Nc4nccs4)cc3n2C1,CHEMBL271714,0.45797071772294473,1
O=C(Nc1ccc2c(c1)NC(=O)N(CCO)C2)N[C@@H]1CC2(CCCC2)Oc2ccccc21,CHEMBL3682404,0.45796951309752837,1
O=C(Nc1ccc2c(c1)NC(=O)N(CCO)C2)N[C@H]1CC2(CCC2)Oc2ccc(F)cc21,CHEMBL3677354,0.45796951309752837,1
CN1CCN(CC(=O)Nc2cccc(-c3n[nH]c4ccc(-c5nc[nH]n5)cc34)c2)CC1,CHEMBL3925208,0.4579606440071561,1
CN(C)CCCOc1cccc(-c2n[nH]c3ccc(-c4ncn[nH]4)cc23)c1,CHEMBL3970262,0.4579556490773711,1
CN1CCN(CC(=O)Nc2nc(-c3c[nH]c4ccccc34)cs2)CC1,CHEMBL1557130,0.4579448144624166,1
Nc1nccc(-c2ccc3nc(C4COc5ccc(F)cc5C4)[nH]c3c2)n1,CHEMBL518825,0.45794107687097874,1
Nc1nccc(-c2ccc3nc(C4COc5ccccc5C4)[nH]c3c2)n1,CHEMBL454654,0.45794107687097874,1
Nc1nccc(-c2ccc3nc(C4COc5c(F)cccc5C4)[nH]c3c2)n1,CHEMBL1078113,0.45794107687097874,1
CN(C)CCCC1(c2ccc(F)cc2)OCc2cc(C(=O)NNC(=O)c3ccccc3N)ccc21,CHEMBL4208835,0.45791468205680913,1
N#CC(Cc1ccc2c(c1)c(=O)[nH]c1c(F)cc(C(N)=O)cc12)NC(=O)[C@H]1N[C@@H]2CC[C@H]1C2,CHEMBL3667340,0.45791288798058516,1
CC#Cc1cncc(-c2ccc3c(c2)C2(CSC(N)=N2)C2(COC2)CO3)c1,CHEMBL3703268,0.45790562913907273,1
O=C(CN1CCC(O)CC1)Nc1cccc(-c2cnc3ccccc3n2)c1,CHEMBL3648440,0.4578984320149775,1
CC(C)NC(=O)c1cccc(NC(=O)Nc2ccc(-c3ccnc(N)n3)cc2)c1,CHEMBL1951441,0.457896387137233,1
O=C1Nc2ccccc2/C1=C1\C(=O)N(CCc2ccc(O)cc2)c2ccccc21,CHEMBL594713,0.4578926559256697,1
N=C(Nc1cccc(COC2CCNC2)c1)c1cccs1,CHEMBL3981723,0.45787785171102635,1
O=C1NCC[C@@H]1NS(=O)(=O)c1ccccc1-c1ccc(-c2cnc3[nH]ccc3c2)c(F)c1,CHEMBL3693107,0.45787531708816964,1
COc1cccc(CN(CCCN2CCOCC2)C(=O)Nc2ccc(-c3cn[nH]c3)cc2)c1,CHEMBL2332072,0.45785266382652806,1
CC(C)(C)NCC(O)CCN1c2ccccc2N(c2ccccc2)S1(=O)=O,CHEMBL1084292,0.4578495462971996,1
CC(C)NCC(O)CCN1c2ccccc2N(c2ccccc2)S1(=O)=O,CHEMBL1084016,0.4578495462971996,1
COc1ccc2c(c1)C(=O)N(C[C@@]1(C#Cc3ccc(N4CCCCC4=O)cc3)NC(=O)NC1=O)C2,CHEMBL3642555,0.4578384798099759,1
Cc1cnc(-c2cc(C(N)=O)nc3cc(CN4C[C@@H](C)O[C@@H](C(F)(F)F)C4)ccc23)s1,CHEMBL4107013,0.4578342117872542,1
O=C(NCCN1CCOCC1)c1ccc2c(c1)CC(c1nc3ccc(-c4cn[nH]c4)cc3c(=O)[nH]1)CO2,CHEMBL1684210,0.4578215149823192,1
NC[C@H]1CC[C@H](C(=O)N[C@@H](Cc2ccccc2)c2nc(-c3ccc(CC(=O)O)cc3)c[nH]2)CC1,CHEMBL3355674,0.45779598878585276,1
NC[C@H]1CC[C@H](C(=O)N[C@@H](Cc2ccccc2)c2nc(-c3cccc(CC(=O)O)c3)c[nH]2)CC1,CHEMBL3355677,0.45779598878585276,1
NC(=O)N1CCCc2cc(-c3cncc(CN4CCOCC4)c3)cnc21,CHEMBL3939428,0.457783439490446,1
O=C1COc2ccc(C(=O)c3ccccc3-c3nc4ccccc4[nH]3)cc2N1,CHEMBL3922513,0.4577818730105545,1
Cc1cncc(-c2cncc(-c3ccc(C(=O)N4CCNCC4)cc3)n2)c1,CHEMBL4129413,0.4577540655619963,1
O=C(c1ccc(-c2cncc(-c3cncc(F)c3)n2)cc1)N1CCNCC1,CHEMBL4126800,0.4577540655619963,1
C(=C\c1cc2cc(C3=NCCN3)ccc2o1)/c1ccc(C2=NCCN2)cc1,CHEMBL441303,0.4577523703290573,1
CC(C)Nc1ncc2c(n1)CN(C(=O)NC(CCN)c1ccc(C(F)(F)F)cc1)CC2,CHEMBL3937485,0.45774324427773067,1
O=C(c1ccc2[nH]ccc2c1)N1CCOc2ccc(CN3CCN(c4ccccn4)CC3)cc2C1,CHEMBL2144133,0.45772572137759815,1
COc1ccccc1N1CCN(CCCCN2C(=O)NC3(CCCc4ccccc43)C2=O)CC1,CHEMBL3590089,0.4577256944444444,1
COc1ccccc1N1CCN(CCCCN2C(=O)NC3(CCc4ccccc43)C2=O)CC1,CHEMBL3589977,0.4577256944444444,1
N=C(/N=C/c1c(O)ccc2ccccc12)Nc1nc2ccccc2[nH]1,CHEMBL2263078,0.4577240421534188,1
CCS(=O)(=O)c1ccc2c(c1)/C(=C/c1[nH]c3c(c1CCCN1CCN(CCO)CC1)CCCC3)C(=O)N2,CHEMBL57143,0.4577041818692113,1
O=C1N(CN2CCOCC2)c2ccccc2C1(O)c1c[nH]c2ccccc12,CHEMBL1330012,0.45769200718806163,1
NC(=O)c1ccnc(-c2ccn3c(-c4cccc(NC(=O)NCC(F)(F)F)c4)cnc3c2)c1,CHEMBL3690559,0.4576887404934148,1
NC(=O)c1ccc(-c2ccn3c(-c4cccc(NC(=O)NCC(F)(F)F)c4)cnc3c2)nc1,CHEMBL3690557,0.4576887404934148,1
C[C@@H]1CN(Cc2c[nH]nc2-c2c[nH]c(C(N)=O)c2)CCN1c1ccc(C(F)(F)F)cn1,CHEMBL3718777,0.45768396940319855,1
O=C(Nc1cccnc1)c1ccc2cc3n(c2c1)CC1(CCOCC1)CNC3=O,CHEMBL1938772,0.4576820881525477,1
N=C(NN=Cc1ccc(-c2cn3ccccc3n2)cc1)N1CCOCC1,CHEMBL1161165,0.4576798078281757,1
Cc1[nH]c(/C=C2\C(=O)Nc3ccc(-c4cnn(-c5ccccc5)c4)cc32)c(C)c1C(=O)N[C@H]1[C@@H]2CNC[C@@H]21,CHEMBL3733959,0.457678118213454,1
O=c1[nH]c(CN2CC[C@H](O)C2)nc2c1sc1ccc(/C=C/C3CC3)cc12,CHEMBL573463,0.457676939328526,1
C[C@@]1(c2cc(NC(=O)c3ccc(OCCF)cn3)ccc2F)C=CSC(N)=N1,CHEMBL3925311,0.4576769025367158,1
O=C(Nc1ccc(CN2CCOCC2)cc1)c1cc2ccccn2n1,CHEMBL1425919,0.45766889682579576,1
O=C(CC1CCCC1)Nc1ccc(NC(=O)N2Cc3ccc(C(=O)NCCO)cc3C2)cc1,CHEMBL3967676,0.45766263453662215,1
CS(=O)(=O)N1CCN(c2ccc(-c3c(O)ccc4[nH]c(=O)c5sccc5c34)cc2)CC1,CHEMBL3667210,0.45765135267336404,1
O=C1/C(=N\NC(=S)Nc2ccccc2)c2cc(F)ccc2N1CN1CCOCC1,CHEMBL425649,0.4576432063025009,1
O=C1/C(=N\NC(=S)Nc2ccc(Cl)cc2)c2cc(F)ccc2N1CN1CCOCC1,CHEMBL228834,0.4576432063025009,1
O=C1/C(=N\NC(=S)Nc2ccc(F)cc2)c2cc(F)ccc2N1CN1CCOCC1,CHEMBL390606,0.4576432063025009,1
COc1ccc(C#Cc2ccc3c(c2)[C@H]2[C@H](CCN2C(=O)c2ccccn2)[C@@H](CO)N3)cc1,CHEMBL3561696,0.45762985050570143,1
COc1ccc(C#Cc2ccc3c(c2)[C@H]2[C@H](CCN2C(=O)c2ccccn2)[C@H](CO)N3)cc1,CHEMBL3560909,0.45762985050570143,1
c1cc(NC2CCNCC2)nc(-c2cnc3ccc(-c4cc[nH]n4)cn23)c1,CHEMBL255867,0.4576192800801626,1
COc1cc(C2SCC(=O)N2c2ccc3c(C)cc(=O)[nH]c3c2)ccc1O,CHEMBL2376625,0.4575853090311085,1
NC(=O)/C=C/c1cnc2cc(-c3ccccc3)c(-c3ccc(C4(N)CCC4)cc3)nn12,CHEMBL3672509,0.457584812796625,1
CCCN1CCN(CCCNC(=O)c2cc3c(=O)[nH]c4ccccc4c3s2)CC1,CHEMBL1329733,0.4575751678505399,1
COCC1(C(=O)N2CC=C(c3ccc(NC(=O)N4Cc5ccncc5C4)cc3)CC2)CC1,CHEMBL3921130,0.45756815330215583,1
O=C1c2n[nH]c(-c3ccccc3O)c2C(c2ccc(F)cc2)N1CC1CCCO1,CHEMBL1311609,0.45756787860705,1
CN(C)CC1Cn2c(cc3ccc(C(=O)Nc4nccs4)cc32)C(=O)N1,CHEMBL408956,0.457564156021379,1
CC(C)[C@H](N)COc1cncc(-c2ccc3[nH]cc(-c4ccc(N)nc4F)c3c2)n1,CHEMBL1910912,0.4575589347493765,1
COc1ccc2c(c1)/C(=C/c1[nH]c3c(c1CCCN(C)C)CCCC3)C(=O)N2,CHEMBL293595,0.4575486925642956,1
CC(C)(O)c1ccc(-c2cc(C(N)=O)c(Nc3cccc(CN4CCOCC4)n3)s2)cc1,CHEMBL3234873,0.4575478766445891,1
O=C1CNc2ccc(C3(O)c4ccccc4C(=O)N3Cc3ccccc3)cc2N1,CHEMBL3940480,0.4575285955372211,1
CNS(=O)(=O)c1ccc2c(c1)/C(=C/c1[nH]c3c(c1CCCN1CCN(CCO)CC1)CCCC3)C(=O)N2,CHEMBL56109,0.4575245777665741,1
N=C(N)c1ccc(-c2cncc(OC[C@@H](N)Cc3c[nH]c4ccccc34)c2)cc1,CHEMBL206610,0.4575183906843775,1
CN1CC[C@]23Cc4[nH]c5ccccc5c4C[C@H]2[C@H]1Cc1ccc(O)cc13,CHEMBL226114,0.45751399776035834,1
CC(C)n1c([C@H](CCCNC(=N)CF)NC(=O)c2cccc3c2C(=O)NC3)nc2ccccc21,CHEMBL4208386,0.45749545479587894,1
CC(C)n1c([C@H](CCCNC(=N)CCl)NC(=O)c2cccc3c2C(=O)NC3)nc2ccccc21,CHEMBL4214209,0.45749545479587894,1
Cc1cc(-c2n[nH]c3cc(NC(=O)N[C@H]4CN(C)C[C@@H]4C4CCCCC4)ncc23)ccn1,CHEMBL3654835,0.45749314972247596,1
Cc1cc(-c2n[nH]c3cc(NC(=O)N[C@H]4CN(C)C[C@@H]4C4CC4)ncc23)ccn1,CHEMBL3654836,0.45749314972247596,1
CCC(C)(CNC(=O)c1ccc(NC(=O)N2Cc3ccccc3C2)cc1)N1CCOCC1,CHEMBL3971849,0.4574903323432156,1
CC1CN(CCNC(=O)c2ccc(NC(=O)N3Cc4ccccc4C3)cc2)CC(C)O1,CHEMBL3975809,0.4574903323432156,1
CC1CN(CCNC(=O)c2ccc(NC(=O)N3Cc4ccc(F)cc4C3)cc2)CC(C)O1,CHEMBL3952739,0.4574903323432156,1
CCC(C)(CNC(=O)c1ccc(NC(=O)N2Cc3ccc(F)cc3C2)cc1)N1CCOCC1,CHEMBL3982210,0.4574903323432156,1
O=C1CCc2cc(CO)c(OCCCN3CCN(c4cccc5sccc45)CC3)cc2N1,CHEMBL3966032,0.4574874847254522,1
N#Cc1ccccc1C(=O)c1c[nH]c2ncc(-c3cnn(C4CCNCC4)c3)cc12,CHEMBL3596905,0.45747361035813416,1
CC1(C)CC(c2ccc(S(=O)(=O)Nc3cc4c(=O)[nH]ccc4cc3F)s2)=CNC1=O,CHEMBL4083899,0.4574667677937006,1
Nc1ccc(-c2ccc3c(c2)sc2c(N)ncnc23)cc1,CHEMBL3347666,0.4574638844301766,1
Nc1cccc(-c2ccc3c(c2)sc2c(N)ncnc23)c1,CHEMBL3347677,0.4574638844301766,1
O=C(NCc1cc2ccccc2s1)c1cc(CN2CCCC(O)C2)on1,CHEMBL3483164,0.45746343641844334,1
Cc1n[nH]cc1-c1cc2nc([C@@H]3CC4CCN3CC4)[nH]c(=O)c2s1,CHEMBL4297644,0.45745091977121655,1
Cn1c(C(=O)NCCN2CCCC2)cc2c(-c3ccc(NC(=O)c4ccccc4)cc3)ncnc21,CHEMBL3799168,0.45745064012311326,1
Nc1ccccc1NC(=O)c1ccc(CNc2cccc(F)n2)cc1,CHEMBL271852,0.45744833182186995,1
COc1cc(-c2ccc3c(c2)NC(=O)/C3=C\c2ncc[nH]2)ccc1O,CHEMBL199299,0.45744769874476976,1
COc1ccc(-c2[nH]nc3c2C(=O)c2c(NC(=O)CN)cccc2-3)cc1,CHEMBL424507,0.4574475108939652,1
O=C(Nc1cccc(-c2cc[nH]n2)c1)c1ccc2cc3n(c2c1)CCCNC3=O,CHEMBL3890669,0.4574254365631278,1
CN(C)CCNC(=O)c1cccc(-c2cnc3c(NC=O)cc(-c4ccc(C(=O)N5CCOCC5)cc4)cn23)c1,CHEMBL2142836,0.4574248465823931,1
O=c1c2ccc(O)cc2oc2cc(OCCCN3CCNCC3)ccc12,CHEMBL1761218,0.4574176326470909,1
CN1C(=O)NC(c2ccc(O)cc2)C2=C1CN(c1cccc3ccccc13)C2=O,CHEMBL1385281,0.45740956826137663,1
O=C(Nc1ccccc1N1CCNCC1)c1csc(NCc2ccccc2)n1,CHEMBL2381229,0.45740541742320373,1
NC(=O)c1ccc2c(c1)CCOC2CCN1CCC(c2c[nH]c3cc(F)ccc23)C1,CHEMBL79725,0.4574009443646066,1
CS(=O)(=O)Nc1ccc(-c2cnc3[nH]cc(-c4ccc(O)cc4)c3c2)cc1,CHEMBL4088888,0.4573806395094172,1
CC(=O)Nc1ccc2c(c1)CC(C(=O)N(C)[C@H](CN1CC[C@H](O)C1)c1ccccc1)O2,CHEMBL382497,0.4573699421965314,1
CC(=O)Nc1ccc2c(c1)CCC(C(=O)N(C)[C@H](CN1CC[C@H](O)C1)c1ccccc1)O2,CHEMBL199215,0.4573699421965314,1
COc1ccc2nccc([C@@H](O)CN3CCC(NC(=O)/C=C/c4ccc5[nH]c(=O)ccc5c4)CC3)c2c1,CHEMBL588252,0.4573619735993754,1
NCCC(=O)Nc1ccc(-c2cnc3[nH]cc(-c4ccc(C(=O)O)cc4)c3c2)cn1,CHEMBL524939,0.4573272134637133,1
Cc1nc2cccc(-c3cc4c([nH]3)CCNC4=O)c2nc1NCC(C)(C)O,CHEMBL3925309,0.4573182921605024,1
O=C(NCc1ccc(CN2CCNCC2)cc1)c1csc2nc[nH]c(=O)c12,CHEMBL2432018,0.457293829024344,1
CNC(=S)Nc1ccc(S(=O)(=O)Nc2nc3ccc(OC)cc3s2)cc1,CHEMBL392215,0.4572788882216692,1
CCNC(=S)Nc1ccc(S(=O)(=O)Nc2nc3ccc(OC)cc3s2)cc1,CHEMBL246354,0.4572788882216692,1
CN1CCN(c2cccc([C@H]3COC(=O)N3c3ccc4nc[nH]c4c3)c2)CC1,CHEMBL4111170,0.457271000848519,1
CN1CCN(c2ccc([C@H]3COC(=O)N3c3ccc4nc[nH]c4c3)cc2)CC1,CHEMBL4108058,0.457271000848519,1
CC(C)c1cccc(N2C(=O)c3ccccc3C2(O)c2ccc3c(c2)NC(=O)CO3)c1,CHEMBL3935590,0.4572677977960467,1
CN(C)CCNC(=O)c1cc2c3cc(Cl)ccc3[nH]c2c2ncccc12,CHEMBL562968,0.4572591587516961,1
CN(C)CCNC(=O)c1cc2c3cccc(Cl)c3[nH]c2c2ncccc12,CHEMBL551618,0.4572591587516961,1
CN(C)CCNC(=O)c1cc2c3ccccc3[nH]c2c2ncccc12,CHEMBL551415,0.4572591587516961,1
CC(=O)NC[C@H]1CN(c2ccc3c(c2)CCCc2c(-c4ccccc4)n[nH]c2-3)C(=O)O1,CHEMBL248142,0.45725696804894617,1
CC(=O)NC[C@H]1CN(c2ccc3c(c2)CCCc2c(-c4ccc(F)cc4)n[nH]c2-3)C(=O)O1,CHEMBL392624,0.45725696804894617,1
CN1C(=O)NC(c2ccc(O)cc2)C2=C1CN(c1ccc(O)cc1)C2=O,CHEMBL1455228,0.45725453934095484,1
O=C(c1c(Cc2cccc3ccc(F)cc23)sc2c1CNCN2)N1CC[C@@H](O)C1,CHEMBL219850,0.45725339815797567,1
Nc1nn(-c2cccc(-c3ccc4c(c3)NC(=O)C4)c2)cc1-c1ccc2c(c1)CCNC2=O,CHEMBL598324,0.4572321682296108,1
COc1ccc2c(c1)C(=O)N(C[C@@]1(C#Cc3ccc(C(O)C4CCN(C)CC4)cc3)NC(=O)NC1=O)C2,CHEMBL3640305,0.4572162513286879,1
CC(C)(CC(O)(Cc1cc2cc(N3CCOCC3)ncc2[nH]1)C(F)(F)F)c1cccc(C(N)=O)c1,CHEMBL3358939,0.4571936938800843,1
O=C(Nc1ccc(-c2nc3ccccc3[nH]2)cc1)c1cccc(S(=O)(=O)N2CCOCC2)c1,CHEMBL528069,0.45719120135363783,1
Cc1ccc(C(=O)Nc2ccc(-c3nc4ccccc4[nH]3)cc2)cc1S(=O)(=O)N1CCOCC1,CHEMBL532053,0.45719120135363783,1
N=C(N)c1ccc2[nH]c(Cc3nc4cc(Cl)c(Cl)cc4[nH]3)nc2c1,CHEMBL205179,0.4571850393700787,1
N=C(N)c1ccc2[nH]c(Cc3nc4cc(F)c(F)cc4[nH]3)nc2c1,CHEMBL204092,0.4571850393700787,1
N=C(N)c1ccc2[nH]c(Cc3nc4c(F)cc(F)cc4[nH]3)nc2c1,CHEMBL202394,0.4571850393700787,1
N=C(N)c1ccc2[nH]c(Cc3nc4ccccc4[nH]3)nc2c1,CHEMBL46148,0.4571850393700787,1
N=C(N)c1ccc2[nH]c(Cc3nc4cc(F)ccc4[nH]3)nc2c1,CHEMBL377077,0.4571850393700787,1
N=C(N)c1ccc2[nH]c(Cc3nc4c(Cl)cc(Cl)cc4[nH]3)nc2c1,CHEMBL202559,0.4571850393700787,1
Cc1cc2nc(Cc3nc4cc(C(=N)N)ccc4[nH]3)[nH]c2cc1C,CHEMBL204589,0.4571850393700787,1
N=C(N)c1ccc2[nH]c(Cc3nc4cc(Cl)ccc4[nH]3)nc2c1,CHEMBL204260,0.4571850393700787,1
Cc1c2ccnc(C(=O)NCCN(C)C)c2cc2c1[nH]c1ccc(O)cc12,CHEMBL84183,0.45718296677585396,1
NCc1nc2cc(NC(=O)c3ccccc3OCc3ccccc3)ccc2[nH]1,CHEMBL306862,0.4571809693196974,1
NCc1nc2cc(NC(=O)c3ccc(C(=O)c4ccccc4)cc3)ccc2[nH]1,CHEMBL73945,0.45718014490796954,1
Nc1ccccc1NC(=O)c1ccc(CNC(=O)c2cc3ccccc3[nH]2)cc1,CHEMBL3673098,0.45716103813463,1
Cc1nc2cccc(-c3cc4c(=O)[nH]cnc4[nH]3)c2nc1NC(C)(C)C,CHEMBL3934918,0.45713775449458266,1
O=C(NCc1ccccc1)[C@@H]1Cc2ccccc2N1C(=O)CN1CCN(Cc2ccc(Cl)cc2)CC1,CHEMBL107678,0.4571366310743079,1
COc1cc(-c2ccnc3[nH]cc(C#N)c23)ccc1CN1CCOCC1,CHEMBL3937634,0.4571304431785266,1
CNc1nnc(-c2ccc3[nH]cc(-c4cccc(N)c4)c3c2)s1,CHEMBL3948403,0.4571275455519826,1
CN1Cc2c(C3=CCC(C(=O)N4CC(O)C4)CC3)[nH]c3nccc(c23)-c2cc(F)ccc21,CHEMBL3892232,0.457110130663499,1
Cc1cc2cc(NC(=O)c3nnc(-c4ccccc4N)o3)ccc2[nH]1,CHEMBL555241,0.45708633244938307,1
C/N=C(/N)CCCC[C@H]1C(=O)O[C@H]2Cc3ccc(-c4ccc(O)cc4)cc3[C@@H]21,CHEMBL337306,0.4570737053612201,1
COc1ccc2c(c1)C(=O)N(C[C@@]1(C#Cc3ccc(/C(=N/O)N4CCC4)cc3)NC(=O)NC1=O)C2,CHEMBL3642493,0.4570654679575842,1
O=C(Cn1ccc2ccc(NC(=S)NCCc3c[nH]c4ccccc34)cc21)N1CCOCC1,CHEMBL4170284,0.4570507441593427,1
COc1cc2c(cc1OCCCN1CCOCC1)Cc1c-2n[nH]c1-c1ccc(C#N)cc1,CHEMBL400689,0.4570479011632107,1
NC(=O)c1cc(-c2ccc(CN3CCOCC3)s2)nc2c1[nH]c1cc(N3CCOCC3)ccc12,CHEMBL3649616,0.4570458308776067,1
CN1CCN(c2ccc3cc(-c4nc5ccccc5[nH]4)c(=O)oc3c2)CC1,CHEMBL2397421,0.45704412757675655,1
CNCCc1c[nH]c2ccc(CCN3C(=O)NC(Cc4cccc(NC(C)=O)c4)C3=O)cc12,CHEMBL120022,0.45701836543551705,1
CC(=O)Nc1cccc(CC2NC(=O)N(CCc3ccc4[nH]cc(CCN)c4c3)C2=O)c1,CHEMBL119394,0.45701836543551705,1
O=C1NCCc2ccc(-c3nc(NC4CCOCC4)ncc3Cl)cc21,CHEMBL4207587,0.4570092232373126,1
O=C1NCc2ccc(-c3nc(NC4CCOCC4)ncc3Cl)cc21,CHEMBL4204392,0.4570092232373126,1
COCCOc1ccc2cc(-c3noc([C@@H]4CCCN4C(=N)N)n3)ccc2c1,CHEMBL3815122,0.45700597821636213,1
CN[C@@H](C)C(=O)N[C@H](C(=O)N1c2ccccc2C[C@H]1C(=O)Nc1ccccc1)c1ccccc1,CHEMBL3899158,0.4570047555936694,1
Cc1cc(C)c(CNC(=O)c2cc(-c3ccc(CN(C)C)nc3)cc(N(C)C3CCNCC3)c2C)c(=O)[nH]1,CHEMBL3697433,0.45699358209436636,1
CN1CCc2nc(NC(=O)c3cccc([C@H]4CNC[C@@H]4C(=O)Nc4ccc(C#N)cc4)c3)sc2C1,CHEMBL3700913,0.45699163192288356,1
CN1CCN(c2ccc(-c3cc(O)c4ncccc4c3)cc2)CC1,CHEMBL1434712,0.4569811109242754,1
CS(=O)(=O)Nc1ccc(-c2cc(/C=C3\SC(N)=NC3=O)cnc2O)cc1,CHEMBL1552012,0.45697882209801904,1
CN1C2COCC1CC(NC(=O)c1cn(-c3cncs3)c3ccccc13)C2,CHEMBL3929017,0.4569732937685458,1
CN1C2COCC1CC(NC(=O)c1cn(-c3ccns3)c3ccccc13)C2,CHEMBL3894103,0.4569732937685458,1
CN1[C@@H]2COC[C@H]1C[C@@H](NC(=O)c1cn(-c3cccnc3)c3ccccc13)C2,CHEMBL3890437,0.4569732937685458,1
CN1C2COCC1CC(NC(=O)c1cn(-c3cnsc3)c3ccccc13)C2,CHEMBL3971611,0.4569732937685458,1
CN1[C@@H]2COC[C@H]1C[C@@H](NC(=O)c1cn(-c3ccncc3)c3ccccc13)C2,CHEMBL3976639,0.4569732937685458,1
Cc1ccncc1-n1cc(C(=O)N[C@H]2C[C@H]3COC[C@@H](C2)N3C)c2ccccc21,CHEMBL3974896,0.4569732937685456,1
Cc1ncccc1-n1cc(C(=O)N[C@H]2C[C@H]3COC[C@@H](C2)N3C)c2ccccc21,CHEMBL3942077,0.4569732937685456,1
NCc1ccc(C[C@H](NS(=O)(=O)c2ccc3ccccc3c2)C(=O)N2CCC(O)CC2)cc1,CHEMBL350751,0.45696713283973805,1
CN(C)CCNC(=O)c1cccc(-c2cnc3c(NC=O)cc(-c4cccs4)cn23)c1,CHEMBL1878215,0.45696400625978073,1
CN(C)CCNC(=O)c1cccc(-c2cnc3c(NC=O)cc(-c4cccc(F)c4)cn23)c1,CHEMBL1893851,0.45696400625978073,1
CN(C)CCNC(=O)c1cccc(-c2cnc3c(NC=O)cc(-c4ccccc4F)cn23)c1,CHEMBL1903596,0.45696400625978073,1
CN(C)CCNC(=O)c1cccc(-c2cnc3c(NC=O)cc(-c4ccc(F)cc4)cn23)c1,CHEMBL1888507,0.45696400625978073,1
CN(C)CCNC(=O)c1cccc(-c2cnc3c(NC=O)cc(-c4cc(F)c(F)c(F)c4)cn23)c1,CHEMBL1864636,0.45696400625978073,1
O=C1c2ccccc2-c2onc3ccc(NCCCN4CCNC4)c1c23,CHEMBL1881885,0.456937514849133,1
Cc1ccc(C(=O)Nc2cccc(-c3nc(CNC(=O)[C@@H]4C[C@@H](C)NC(=S)N4)c(C)o3)c2)s1,CHEMBL2139347,0.45693461057892537,1
NCCCCCCC(=O)Nc1nc2ccc(C(=O)c3ccccc3)cc2[nH]1,CHEMBL2059168,0.45693213715669545,1
CCC(C)[C@H](NC(=O)[C@@H]1Cc2c([nH]c3ccccc23)C2c3ccccc3C(=O)N21)C(=O)NCC1CCCO1,CHEMBL1597457,0.45691301217641694,1
Nc1cnc(-c2ccc(-c3ccccc3C(=O)NC3CCC(O)CC3)cc2F)cn1,CHEMBL3700802,0.4569059094264248,1
Cc1cc(-c2n[nH]c3cc(NC(=O)NC(C)(C)c4ccccn4)ncc23)ccn1,CHEMBL3658721,0.4569039969599613,1
CCN(CC)CCNC(=O)c1c(C)[nH]c(/C=C2\C(=O)Nc3c2cccc3-c2cncnc2)c1C,CHEMBL3730729,0.4568924766372132,1
CN1CCC(c2c[nH]c3ccc(NC(=O)c4ccco4)nc23)CC1,CHEMBL105091,0.45688844917140714,1
CN1CCC(c2c[nH]c3ccc(NC(=O)c4ccccn4)nc23)CC1,CHEMBL105722,0.45688844917140714,1
CN1CCN(CCn2ncc3cc(C(=O)Nc4cc(-c5ccccc5)ccc4N)ccc32)CC1,CHEMBL3983272,0.4568866074518402,1
CCc1nccc(-c2ccc(C(=O)N3CCN(C)C(C)(C)C3)c(F)c2)c1C#Cc1ccc(N)nc1,CHEMBL3701146,0.45688262742282826,1
CCN(CCO)CCNC(=O)c1c(C)[nH]c(/C=C2\C(=O)Nc3ccc(F)cc32)c1C,CHEMBL3542323,0.4568714137898595,1
CCN(CC)C(=O)[C@@H]1C=C2c3cccc4[nH]cc(c34)C[C@H]2N(C(=O)Nc2ccccn2)C1,CHEMBL575049,0.4568642160540133,1
O=C(CN1C(=O)[C@@H](CC(=O)N[C@@H]2CCc3ccccc32)S[C@@H]1c1ccc(Cl)cc1Cl)NCCCN1CCOCC1,CHEMBL41983,0.4568428617055251,1
CC(C)c1cc(C(=O)N2CCc3c(sc(NC(=O)c4ccccc4)c3C#N)C2)[nH]n1,CHEMBL3422865,0.4568409828914841,1
CC(=O)NC[C@H]1CN(c2ccc3c(c2)CCCN(C(=O)NC(C)C)C3)C(=O)O1,CHEMBL133952,0.45683812909676674,1
CN(C)CCOc1cc(-c2ccc3c(c2)CC/C3=N\O)c(-c2ccncc2)[nH]1,CHEMBL477565,0.4568326997687816,1
O=C(Nc1cccc(O)c1)c1cnc2[nH]cc(-c3ccc(O)cc3)c2c1,CHEMBL4105239,0.4567986760574219,1
O=C(Nc1ccc(O)cc1)c1cnc2[nH]cc(-c3ccc(O)cc3)c2c1,CHEMBL4080994,0.4567986760574219,1
CN1CCN(C(=O)c2ccc3c(c2)/C(=N/NC(=O)Cc2ccc(O)cc2)C(=O)N3)CC1,CHEMBL1822384,0.45679096121874263,1
CN[C@@H](C)C(=O)N[C@H]1CSc2c(NC(=O)C3CCCNC3)cccc2N(Cc2cccc3ccccc23)C1=O,CHEMBL3896598,0.4567897896273862,1
CN[C@@H](C)C(=O)N[C@H]1CSc2c(NC(=O)C3CCNCC3)cccc2N(Cc2cccc3ccccc23)C1=O,CHEMBL3928090,0.4567897896273862,1
Nc1n[nH]c2cccc(-c3ccc(NS(=O)(=O)c4ccccc4)cc3)c12,CHEMBL220317,0.45678126180581785,1
CN1CCN(c2cccc3c2CN(c2csc(-c4ccncc4)n2)C(=O)N3)CC1,CHEMBL392784,0.4567809852783945,1
O=C1NC(=S)N/C1=C/c1ccc(-c2ccc(C(=O)NCCN3CCOCC3)cc2)s1,CHEMBL3104234,0.45677413164459785,1
CCS(=O)(=O)c1ccc2c(c1)/C(=C/c1[nH]c3c(c1CCCN1CCN(C(=O)CO)CC1)CCCC3)C(=O)N2,CHEMBL56454,0.4567649402390439,1
Cc1[nH]nc(C2CC2)c1-c1ccc2c(NC(=O)C3CC3)n[nH]c2c1,CHEMBL4077543,0.45675741967132677,1
CN(Cc1nc2cccc(C(=O)NCCCN)c2[nH]1)C1CCCc2cccnc21,CHEMBL576427,0.45674037089871594,1
O=c1cc(NC2CCOCC2)c2cc(-c3cncs3)ccc2[nH]1,CHEMBL3426028,0.4567356461756948,1
Cc1cc(-c2cncs2)cc2c(NC3CCOCC3)cc(=O)[nH]c12,CHEMBL3426029,0.4567356461756948,1
CCC1CC(=O)NN=C1c1ccc2nc(-c3ccc(OCCN4CCOCC4)cc3)oc2c1,CHEMBL3914989,0.45673397373064095,1
CCC1CC(=O)NN=C1c1ccc2nc(-c3ccc(OC(C)CN4CCOCC4)cc3)oc2c1,CHEMBL3959856,0.45673397373064095,1
N/C(=N\c1ccc2[nH]cc(CCCN3CCOCC3)c2c1)c1cccs1,CHEMBL3645465,0.45670822372183445,1
CN1CCN(Cc2c(O)ccc3c2O/C(=C\c2c[nH]c4ccccc24)C3=O)CC1,CHEMBL2147761,0.45670639362612775,1
NC(=O)c1noc(-c2cccc(NC(=O)c3cc4ccccc4[nH]3)c2)n1,CHEMBL4073885,0.4567000498481894,1
COc1ccc2[nH]c(Cc3nc4cc(C(=N)N)ccc4[nH]3)nc2c1,CHEMBL203989,0.45669711077152697,1
CC1(C)N=C(N)N=C(N)N1c1ccc(C(CC(=O)Nc2ccc(S(=O)(=O)F)cc2)c2ccccc2)cc1,CHEMBL97416,0.4566940639269405,1
O=C(NCc1ccc2c(c1)OCO2)[C@@H]1Cc2c(sc3ccccc23)CN1,CHEMBL2109978,0.4566717942649782,1
O=C(NCc1ccc2c(c1)OCO2)[C@H]1Cc2c(sc3ccccc23)CN1,CHEMBL118153,0.4566717942649782,1
O/N=C1\CCc2cc(-c3cn(CC4CCCNC4)nc3-c3ccncc3)ccc21,CHEMBL524445,0.45666687272052947,1
O/N=C1\CCc2cc(-c3cn(CC4CCNCC4)nc3-c3ccncc3)ccc21,CHEMBL497670,0.45666687272052947,1
CC1(CCc2ccc3c(c2)OCO3)NCCc2c1[nH]c1ccccc21,CHEMBL1458495,0.45666530035979397,1
O=C1c2ccccc2C(=O)c2c1ccc1nc(CN3CCN(Cc4ccccc4)CC3)[nH]c21,CHEMBL2336675,0.4566555715926833,1
CC#Cc1cncc(-c2cc(C3(CF)N=C(N)OC4CC43)c(F)cc2CO)c1,CHEMBL3693247,0.45664883075703494,1
Cc1cc2c(-c3ccc(S(=O)(=O)NCC(C)(C)O)cc3)ccnc2[nH]1,CHEMBL2164425,0.45659747779577,1
NC(=O)c1c(NC(=O)c2ccc(CN3CCOCC3)cc2)sc2c1CCCC2,CHEMBL4096148,0.45659282700421894,1
CS(=O)(=O)Nc1ccc(-c2cc3c(-c4ccc(C(N)=O)cc4)ccnc3[nH]2)cc1,CHEMBL4128114,0.4565845369583687,1
CS(=O)(=O)Nc1cccc(-c2cc3c(-c4ccc(C(N)=O)cc4)ccnc3[nH]2)c1,CHEMBL4127977,0.4565845369583687,1
CC(C)(C)c1cc(NC(=O)Nc2ccc(-c3cc(N)n[nH]3)cc2)no1,CHEMBL3808854,0.45657598690938805,1
O=C(/C=C/c1cnccc1-c1cn[nH]c1)Nc1ccc(CN2CCOCC2)cc1,CHEMBL4091527,0.456575315457413,1
CC(C)[C@H]1CN(C)CCN1Cc1ccc2cc3c(cc2n1)CC1(C3)C(=O)NC(=O)C1C,CHEMBL3656903,0.45656307256196615,1
CC(C)(C(=O)NCCN)c1cn2c(n1)C(Cc1c[nH]c3ccccc13)N=C(Cc1ccccc1)C2,CHEMBL163643,0.45655245007063505,1
N=C(Nc1ccc2c(c1)CCN2CCN1CCCC1)c1cccs1,CHEMBL3215893,0.456539757970934,1
O=C(CN1CCOCC1)c1ccc2[nH]c3c4c(c5c(c3c2c1)C(=O)NC5=O)CCC4,CHEMBL1935254,0.4565297719594596,1
O=C(c1ccc(-c2ccc3oc(CCN4CC[C@@H](O)C4)cc3c2)cc1)N1CCOCC1,CHEMBL2112921,0.456524988788679,1
CCNC(=O)Nc1cc2c(-c3ccnc(C)c3)ccc(COC(=O)N3CCN(C)CC3)c2cn1,CHEMBL4087439,0.45652251417162815,1
CC(C)c1cc2c(cc1NC1CNC1)N1C(=NNC(=O)C1C)CO2,CHEMBL3356466,0.45651293868526754,1
N=C(N)c1cccc(N2CCCCN(C3CCN(Cc4ccccn4)CC3)C2=O)c1,CHEMBL1160810,0.456510884761334,1
O=C1CCC(c2ccc(NCc3c[nH]c4ccccc34)cc2)=NN1,CHEMBL2260475,0.45650414727898025,1
CC(C)CN1CC(C(=O)Nc2ccc(CN(C)C3CCOCC3)cc2)=Cc2ccc(NS(C)(=O)=O)cc2C1=O,CHEMBL4089329,0.4565011303143,1
COc1ccc(Cn2c3c(c4scc(Br)c42)/C(=C2\NC(N)=NC2=O)CCNC3=O)cc1,CHEMBL481494,0.45647558386411863,1
CN1CCC[C@H]1C(=O)Nc1ccc(N2C(=O)c3ccccc3C2=O)c(Cl)c1,CHEMBL3758617,0.4564672550942573,1
CN1CCC[C@@H]1C(=O)Nc1ccc(N2C(=O)c3ccccc3C2=O)c(Cl)c1,CHEMBL3759973,0.4564672550942573,1
O=C1COc2ccc(CNC(=O)c3cc(-c4ccsc4)n[nH]3)cc2N1,CHEMBL4065848,0.4564666881532296,1
O=C1COc2ccc(CNC(=O)c3cc(-c4ccccc4)n[nH]3)cc2N1,CHEMBL4087263,0.4564666881532296,1
NC(=O)Nc1ccc(-c2cccc3onc(N)c23)cc1,CHEMBL270070,0.4564662430068979,1
c1cc2c(cc1C1=NCCN1)Sc1cc(C3=NCCN3)ccc1O2,CHEMBL53617,0.45646470955652696,1
C[C@H]1CN(Cc2ccc3c(-c4ccc(F)cc4)cc(C(N)=O)nc3c2)CCO1,CHEMBL3972468,0.4564571428571427,1
C[C@H]1COCCN1Cc1ccc2c(-c3ccc(F)cc3)cc(C(N)=O)nc2c1,CHEMBL3940116,0.4564571428571427,1
NC(=O)c1cc(-c2ccc(F)cc2)c2ccc(CN3CCOCC3)cc2n1,CHEMBL3974648,0.4564571428571427,1
CC1CN(Cc2ccc3c(-c4ccc(F)cc4)cc(C(N)=O)nc3c2)CC(C)O1,CHEMBL3922089,0.4564571428571427,1
NC(=O)c1cc(-c2ccc(F)cc2)c2ccc(CN3CCOC(C(F)(F)F)C3)cc2n1,CHEMBL3898121,0.4564571428571427,1
CCC1c2[nH]c3ccccc3c2C[C@H]2C(=O)NC(N3CCCC3)C(=O)N12,CHEMBL108097,0.45645426328281896,1
CCCCCC1c2[nH]c3ccccc3c2C[C@H]2C(=O)NC(N3CCCC3)C(=O)N12,CHEMBL323185,0.45645426328281896,1
CC(C)N1CCCC(c2ccc(-c3nc4c(C(N)=O)cccc4[nH]3)cc2)C1,CHEMBL1092223,0.4564490489502821,1
CC(C)N1CCC(c2ccc(-c3nc4c(C(N)=O)cccc4[nH]3)cc2)C1,CHEMBL1093899,0.4564490489502821,1
CC(C)N1CCC(c2ccc(-c3nc4c(C(N)=O)cccc4[nH]3)cc2)CC1,CHEMBL1092224,0.4564490489502821,1
N=C(NCCCCNS(=O)(=O)c1cccc2ccccc12)N1CCc2ccccc2C1,CHEMBL564509,0.4564432454866154,1
Cc1[nH]c(/C=C2\C(=O)Nc3ccc(S(=O)(=O)N4CCc5ccccc54)cc32)c(C)c1C(=O)N1CCN(C)CC1,CHEMBL1822971,0.45643933557274485,1
O=c1nc(-c2ccccc2)c2cc(N3CCNCC3)ccc2[nH]1,CHEMBL4083364,0.456431953258789,1
CN1CCN(C(=O)C(Cc2cccc(C(=N)N)c2)NS(=O)(=O)c2ccc3ccccc3c2)CC1,CHEMBL107429,0.45641986879100305,1
CN1CCN(C(=O)[C@@H](Cc2cccc(C(=N)N)c2)NS(=O)(=O)c2ccc3ccccc3c2)CC1,CHEMBL107911,0.45641986879100305,1
CN1CCN(C(=O)[C@H](Cc2cccc(C(=N)N)c2)NS(=O)(=O)c2ccc3ccccc3c2)CC1,CHEMBL320512,0.45641986879100305,1
S=C(NNCc1ccccc1)Nc1ccc(-c2nnc(S)o2)cc1,CHEMBL1797030,0.4564095950477172,1
Cc1[nH]nc2c1CCCc1c-2[nH]c2cc3c(cc12)NC(=O)C3(C)C,CHEMBL469205,0.45640206748749823,1
Cc1[nH]nc2c1CCCc1c-2[nH]c2cc3c(cc12)C(C)(C)C(=O)N3,CHEMBL469206,0.45640206748749823,1
OCCOc1cccc(CN2C3CCC2CC(Nc2ccc4[nH]ncc4c2)C3)c1,CHEMBL3647976,0.4563989280799594,1
Cc1ccc(CN2C3CCC2CC(Nc2ccc4[nH]ncc4c2)C3)cc1OCCO,CHEMBL3647977,0.4563989280799594,1
CC(C)(Cc1c[nH]c2ccccc12)NCC(O)COc1ccc(F)cc1C#N,CHEMBL179338,0.45639713893231015,1
Cc1[nH]c2ccccc2c1CC(C)(C)NCC(O)COc1ccccc1C#N,CHEMBL263681,0.45639713893231015,1
CC(C)(Cc1c[nH]c2ccccc12)NCC(O)COc1ccccc1C#N,CHEMBL2107546,0.45639713893231015,1
CC(C)C(=O)Nc1cccc(Cc2nnc(O)c3ccccc23)c1,CHEMBL193512,0.45638587682281906,1
Cn1ncc(Cl)c1-c1coc(C(=O)NC2(c3ccc(F)cc3)CCNCC2)c1,CHEMBL3806229,0.4563752398803942,1
Cn1ncc(Br)c1-c1coc(C(=O)NC2(c3ccc(F)cc3)CCNCC2)c1,CHEMBL3805617,0.4563752398803942,1
O=C(CN1CCN(C2CCCC2)CC1)N1CCc2c(nc(O)c3ccccc23)C1,CHEMBL312316,0.4563611817026682,1
O=C(CN1CC[C@@H](NS(=O)(=O)c2ccccc2)C1)NC1CCc2cc(F)ccc2C1Cc1cccnc1,CHEMBL119355,0.45627538193772954,1
O=C(CN1CCC(NS(=O)(=O)c2ccccc2)CC1)NC1CCc2cc(F)ccc2C1Cc1cccnc1,CHEMBL117400,0.45627538193772954,1
O=C(CN1CC[C@H](NS(=O)(=O)c2ccccc2)C1)NC1CCc2cc(F)ccc2C1Cc1cccnc1,CHEMBL324311,0.45627538193772954,1
O=C(CN1CCC(NS(=O)(=O)c2ccccc2)C1)NC1CCc2cc(F)ccc2C1Cc1cccnc1,CHEMBL442399,0.45627538193772954,1
NC(=O)c1cnc(N[C@H]2CCCNC2)c2cc(-c3cccc(CO)c3)sc12,CHEMBL1288010,0.456249804056808,1
CC1(C)C(=O)NCCN1C(=O)c1cc(Cc2n[nH]c(=O)c3c2NCCC3)ccc1F,CHEMBL3959267,0.4562479393339929,1
Cc1ccc2[nH]c(-c3ccc(OCCN4CCOCC4)cc3)nc2c1,CHEMBL2413737,0.4562358005500414,1
Clc1ccc2[nH]c(-c3ccc(OCCN4CCOCC4)cc3)nc2c1,CHEMBL2413744,0.4562358005500414,1
c1ccc2[nH]c(-c3ccc(OCCN4CCOCC4)cc3)nc2c1,CHEMBL2413561,0.4562358005500414,1
CN1CCN(c2ccc3[nH]c(C(=O)c4cccc5ccccc45)nc3c2)CC1,CHEMBL567073,0.45623469534738553,1
COc1cc(C2=NN(C(=N)N)C(c3ccccc3)C2)ccc1O,CHEMBL3780097,0.4562282900233035,1
Cn1cc(C2=C(c3cccc(OCCN)c3)C(=O)NC2=O)c2ccccc21,CHEMBL250509,0.4562173616892456,1
N=C(N)Nc1nc(C(=O)Nc2nc3ccc(-c4ccccc4)cc3s2)cs1,CHEMBL60461,0.4562131328190838,1
N=C(N)Nc1nc(C(=O)Nc2nc3cc(-c4ccccc4)ccc3s2)cs1,CHEMBL1191307,0.4562131328190838,1
CO[C@H]1CC[C@]2(CC1)Cc1ccc(N3CCCC3=O)cc1C21N=C(N)N(C)C1=O,CHEMBL3966983,0.45620335820895525,1
N=C(N)N1CCc2ccc(OCC3CCN(c4ccncc4)CC3)cc2C1,CHEMBL534471,0.4562025569316819,1
C[C@@H]1C[C@@]2(Cc3ccc(C#N)cc3[C@]23N=C(N)N(CCc2ccncc2)C3=O)C[C@H](C)[C@H]1O,CHEMBL4111013,0.4561698173891289,1
COc1cccc(CNC(=O)Nc2ccc(-c3cn[nH]c3)cc2N(C)CCN(C)C)c1,CHEMBL3402458,0.4561673459203193,1
COc1cccc(CNC(=O)Nc2ccc(-c3cn[nH]c3)cc2OCCN(C)C)c1,CHEMBL3402456,0.4561673459203193,1
Cc1oc(-c2ccccc2)nc1CNC(=O)c1ccc(CC2SC(=O)NC2=O)cc1,CHEMBL54761,0.45616626763791934,1
Cc1cccc(-c2c(-c3ccnc(Cl)c3)cc3n2C(CCN)CNC3=O)c1,CHEMBL3967508,0.456148990464252,1
O=C(NCc1ccccc1)C1CN(c2ccc(NC(=O)N3Cc4ccncc4C3)cc2)C1,CHEMBL3972490,0.45613570103366013,1
CC(C)NCCOc1ccc2c(c1)C(=O)c1cc(OCCNC(C)C)ccc1-2,CHEMBL2392994,0.4561276537082991,1
COc1cccc(CN(C(=O)c2c[nH]c3nc(-c4cn[nH]c4)ccc23)C2CC2)c1,CHEMBL1922133,0.45612558185599655,1
COc1ccc2nc(CNC(=O)c3ccc(-c4cnccc4OCC4CCNCC4)cc3)[nH]c2c1,CHEMBL4071823,0.45612116391595436,1
CN(C)C(=O)c1cccc(-c2cnc(N)c(-c3nc4cccc(N5CCNCC5)c4[nH]3)c2)c1,CHEMBL3797828,0.4561094285288717,1
COc1cc(OC)cc(C2CC(c3c(O)ccc4ccccc34)=NN2C(N)=S)c1,CHEMBL4062811,0.45609955647418515,1
O=C(NCCCN1CCOCC1)C1Nc2ccc(OC(F)(F)F)cc2C2C=CCC12,CHEMBL1432650,0.4560925237505163,1
CC1(C)c2cc(OCCN3CCNCC3)ccc2C(=O)c2c1oc1ccccc21,CHEMBL3961889,0.45607858324824824,1
N#CC(Cc1ccc2[nH]c3ccccc3c2c1)NC(=O)[C@H]1N[C@@H]2CC[C@H]1C2,CHEMBL3662726,0.45607157681132676,1
N#CC(Cc1ccc2c(c1)[nH]c1ccccc12)NC(=O)[C@H]1N[C@@H]2CC[C@H]1C2,CHEMBL3662716,0.45607157681132676,1
Cc1cc(-c2nc(CN3CCNCC3)no2)cc2c1C(=O)N(Cc1ccc(OC(F)(F)F)cc1)C2,CHEMBL3937907,0.45606960950764014,1
NC1=N[C@@](c2cc(NC(=O)c3ccc(OCC#CC4CC4)cn3)ccc2F)(C(F)F)[C@H]2C[C@H]2O1,CHEMBL3688678,0.45605356305172934,1
CC(=O)N1CCC(Oc2ccc(C(Oc3ccc4c(c3)CN(C(=N)N)CC4)C(=O)O)cc2)CC1,CHEMBL148972,0.4560421706321981,1
CN1CCC[C@@H]1Cc1c[nH]c2ccc(-n3cnc4cc(C#N)cnc43)cc12,CHEMBL78768,0.4560293658231804,1
CCC(=O)Nc1nc2ccc(C3(O)c4ccccc4C(=O)N3c3ccc(F)cc3)cc2[nH]1,CHEMBL3916768,0.4560272554193527,1
O=C(/N=C1/OC(CN2CCOCC2)CN1C(=O)Nc1ccccc1)Nc1ccccc1,CHEMBL1978270,0.45602396747271556,1
O=C(/C=C/c1ccn2c(CN3CCCC3)c(-c3ccccc3)nc2c1)NO,CHEMBL3689818,0.4560175839949758,1
COc1ccc(-c2[nH]nc3c2C(=O)c2c(NC(=O)NN4CCN(C)CC4)cccc2-3)cc1,CHEMBL345525,0.4560174583075139,1
CC(C)(C)c1cc(C(=O)Nc2cccc(CN)c2)n(Cc2ccccc2)n1,CHEMBL1917517,0.4560132146853519,1
CN1C[C@@H]2C[C@H]1CN2c1ccc(-c2ccc3cc[nH]c3c2)cn1,CHEMBL1085779,0.4560124934929723,1
CN1C[C@@H]2C[C@H]1CN2c1ccc(-c2ccc3[nH]ccc3c2)cn1,CHEMBL1086480,0.4560124934929723,1
COc1cc(/C=C2/C(=O)Nc3ccc(Cl)cc32)ccc1N1CCN(C)CC1,CHEMBL3335337,0.4560045210511442,1
COc1ccccc1-c1ccc2nc(NC(=O)NCCN3CCOCC3)sc2c1,CHEMBL2347722,0.4559973142774924,1
CCOc1ccccc1-c1ccc2nc(NC(=O)NCCN3CCOCC3)sc2c1,CHEMBL2347726,0.4559973142774924,1
Cc1ccc2[nH]c3c(c2c1)CCN(C(=O)CCN)C3c1cccc(NS(C)(=O)=O)c1,CHEMBL602849,0.4559972687959943,1
O=C1/C(=N\NC(=S)NCc2ccccc2)c2cc(F)ccc2N1CN1CCOCC1,CHEMBL228832,0.4559834290556443,1
C=CCNC[C@@H]1CCN(CCc2c[nH]c3ccc(-n4cnnc4)cc23)C1,CHEMBL162296,0.4559706326927227,1
Cc1ccc(C(=O)Nc2ccc(CN3CCN(C)CC3)cc2)cc1C#Cc1ccc(N)nn1,CHEMBL4071683,0.45596492577494036,1
Cc1ccc(C(=O)Nc2ccc(CN3CCN(C)CC3)c(C(F)(F)F)c2)cc1C#Cc1ccc(N)nn1,CHEMBL4075321,0.45596492577494036,1
COc1ccc(C(=O)N2CCN(C(=O)c3ccc(-c4cccc5[nH]nc(N)c45)cc3)CC2)cc1,CHEMBL3634533,0.45596063881271154,1
COc1cccc(C(=O)N2CCN(C(=O)c3ccc(-c4cccc5[nH]nc(N)c45)cc3)CC2)c1,CHEMBL3634408,0.45596063881271154,1
c1ccc2c(Cc3nnc([C@H]4CCNC4)o3)c[nH]c2c1,CHEMBL3437493,0.45595577746077004,1
Cn1c(C(=O)NCCN2CCCC2)cc2c(-c3ccc(NC(=O)C(C)(C)C)cc3)ncnc21,CHEMBL3799882,0.45594758064516133,1
CC(C)(NC(=O)c1cc2[nH]c3ccccc3c(=O)c2cc1F)c1ccc(N2CCOCC2)nc1,CHEMBL387709,0.455941229058965,1
CNC1CCc2cc(N3CC[C@H](NS(=O)(=O)/C=C/c4ccc(Cl)s4)C3=O)ccc21,CHEMBL1684182,0.4559379637164327,1
Cc1[nH]c(/C=C2\C(=O)Nc3ccccc32)c(C)c1CCCN1CCN(C)CC1,CHEMBL430155,0.45593697242543574,1
O=C(NC1CCCCC1)N1CCCc2cc(S(=O)(=O)N3CC(c4ccccc4)NC3=O)ccc21,CHEMBL1806703,0.4559201638558414,1
O=C(NC1CCCCC1)N1CCc2cc(S(=O)(=O)N3C[C@H](c4ccccc4)NC3=O)ccc21,CHEMBL191213,0.4559201638558414,1
CN(C)CCCn1cc(C2=C(c3c[nH]c4ccccc34)C(=O)NC2=O)c2ccccc21,CHEMBL7463,0.4559177498108795,1
CNc1nnc(-c2ccc3[nH]cc(-c4cccc(F)n4)c3c2)s1,CHEMBL3986966,0.45591234644025985,1
Nc1nnc(-c2ccc3[nH]cc(-c4cccc(F)n4)c3c2)s1,CHEMBL3950062,0.45591234644025985,1
Cc1nc(-c2c[nH]c3ccc(-c4nnc(N)s4)cc23)ccc1F,CHEMBL3891145,0.45591234644025985,1
C(=C\CN(C[C@H]1Cc2ccccc2CN1)[C@H]1CCCc2cccnc21)/CNC1CCOCC1,CHEMBL4075205,0.45590543614056456,1
Cc1ccc2[nH]ncc2c1-c1cc2cnc(NC(=O)[C@@H]3C[C@@H]3F)cc2cn1,CHEMBL3689678,0.45588507021433833,1
Cc1ccc2[nH]c3c(c2c1)CCN(CCN)C3c1cccc(O)c1,CHEMBL1177931,0.45588419340035874,1
NCCN1CCc2c([nH]c3ccc(Cl)cc23)C1c1cccc(O)c1,CHEMBL1163678,0.45588419340035874,1
Nc1ccc2nc(-c3ccc(C4=NCCN4)cc3)sc2c1,CHEMBL1198589,0.45586686328207277,1
O=C(NO)c1ccc(Cn2c3c(c4ccccc42)C2CCN(C3)C2)cc1,CHEMBL4117600,0.4558638083228246,1
CN1C(=O)N(c2cccc(C(F)(F)F)c2)C2=C(C(=O)CC2)C1c1ccc(C#N)cc1C(=O)N1CC2COCC(C1)N2,CHEMBL3925428,0.45583234020288904,1
COc1cccc(CNC(=O)c2cc3cnc(-c4ccncc4)cc3[nH]2)c1,CHEMBL1923164,0.4558316800668267,1
Nc1nc2c(s1)CC(CNC(=O)[C@@H]1CCCN1)CC2,CHEMBL3139567,0.45583148329805334,1
C[C@H]1CC[C@H](NCc2ccc3c(c2)Cc2c(-c4ccc(S(=O)(=O)NCCO)cc4)n[nH]c2-3)CC1,CHEMBL390627,0.4558138145315485,1
CC1(C)Oc2ccc(NC(=N)S)cc2C(N2CCCC2=O)[C@@H]1O,CHEMBL148003,0.4557960968326756,1
NC(=O)c1ccc(F)c2c1C[C@@H](NCC1CCc3[nH]c4ccc(F)cc4c3C1)CO2,CHEMBL485407,0.4557891224557891,1
CN1CCN(c2ccc3c(c2)CN(c2csc(-c4ccncc4)n2)C(=O)N3)CC1,CHEMBL238709,0.4557680184912795,1
CN(C)CCNC(=O)c1cccc2c(N)c3cccc(-c4ccccc4)c3nc12,CHEMBL162084,0.4557570187165775,1
S=C(NNc1ccc(Cl)cc1)Nc1ccc(-c2nnc(S)o2)cc1,CHEMBL1797032,0.45575428013084646,1
S=C(NNc1ccccc1)Nc1ccc(-c2nnc(S)o2)cc1,CHEMBL1797031,0.45575428013084646,1
CC1CNC(=O)c2cc3ccc(C(=O)Nc4cn[nH]c4)cc3n2C1,CHEMBL3938307,0.45574659841624005,1
O=C(Nc1cn[nH]c1)c1ccc2cc3n(c2c1)CCCNC3=O,CHEMBL1938794,0.45574659841623993,1
O=C(CN1CCC(NCc2cnc(-c3ccc(Cl)cc3)[nH]2)CC1)N1CCc2ccccc21,CHEMBL533065,0.45573879450006216,1
O=C([C@H]1CN[C@@H]2Cc3c(Br)[nH]c4cccc(c34)[C@H]2C1)N1CCN(c2ccccn2)CC1,CHEMBL252002,0.45570893870487356,1
CCCN(CCC)C(=O)C1=Cc2ccc(C(=O)Nc3cncc(/C=C\CN)c3)cc2N=C(N)C1,CHEMBL3940695,0.45570734160241344,1
CCCN(CCC)C(=O)C1=Cc2ccc(C(=O)Nc3cncc(CCCN)c3)cc2N=C(N)C1,CHEMBL3963744,0.45570734160241344,1
CCCN(CCC)C(=O)C1=Cc2ccc(C(=O)Nc3cncc(/C=C/CN)c3)cc2N=C(N)C1,CHEMBL3895819,0.45570734160241344,1
CCCN(CCC)C(=O)C1=Cc2ccc(C(=O)Nc3cncc(C#CCN)c3)cc2N=C(N)C1,CHEMBL3935182,0.45570734160241344,1
O=C(CN1CCC(C(=O)c2ccc(F)cc2)CC1)NCc1nc2c(c(=O)[nH]1)CCCC2,CHEMBL3966085,0.45570031063099803,1
Cc1cc(C(=O)N2CCC3(CC2)CC(=O)c2cc(-c4cn[nH]c4)ccc2O3)cc2cn[nH]c12,CHEMBL1093187,0.4556999300622078,1
COc1ccc2[nH]c(-c3cnc4[nH]cc(-c5ccnc(N)n5)c4c3)cc2c1,CHEMBL4071643,0.45569175857932753,1
CN(C)c1ccc(C(C(=O)NC(C)(C)C)N2CCc3c([nH]c4ccccc34)CC2=O)cc1,CHEMBL3798013,0.45569166111424336,1
CNc1cccc(S(=O)(=O)c2ccc3c(c2)c2c(n3C)CC3CCC2N3)c1,CHEMBL3664737,0.4556845463215705,1
Cn1c2c(c3cc(S(=O)(=O)c4cccc(N)c4)ccc31)C1CCC(C2)N1,CHEMBL1950764,0.4556845463215705,1
Cn1c2c(c3cc(S(=O)(=O)c4ccc(N)cc4)ccc31)C1CCC(C2)N1,CHEMBL3664743,0.4556845463215705,1
Cc1cc(S(=O)(=O)c2ccc(N)cc2)cc2c3c(n(C)c12)CC1CCC3N1,CHEMBL3664761,0.4556845463215705,1
Oc1nc2cc(CCN3CCN(c4cccc(C(F)(F)F)c4)CC3)ccc2[nH]1,CHEMBL181898,0.45566999362922045,1
CN1CC2(CNC(=O)c3c2[nH]c2c3CCc3cnc(-c4cccc(F)c4)cc3-2)C1,CHEMBL1801287,0.4556666536980117,1
CN1CC2(CNC(=O)c3c2[nH]c2c3Cc3cnc(-c4ccccc4F)cc3-2)C1,CHEMBL1801273,0.4556666536980117,1
O=C1NCC2(CN(CCF)C2)c2[nH]c3c(c21)CCc1cnc(-c2ccccc2F)cc1-3,CHEMBL1801292,0.4556666536980117,1
CCN1CC2(CNC(=O)c3c2[nH]c2c3CCc3cnc(-c4ccccc4F)cc3-2)C1,CHEMBL1801291,0.4556666536980117,1
CN1CC2(CNC(=O)c3c2[nH]c2c3CCc3cnc(-c4ccccc4F)cc3-2)C1,CHEMBL1233942,0.4556666536980117,1
CN1CC2(CNC(=O)c3c2[nH]c2c3CCc3cnc(-c4cccc(F)c4)c(F)c3-2)C1,CHEMBL4277929,0.4556666536980117,1
CN1CCC2(CC1)CNC(=O)c1c2[nH]c2c1CCc1cnc(-c3ccccc3F)cc1-2,CHEMBL1801296,0.4556666536980117,1
N=C1S/C(=C\c2c[nH]nc2-c2ccc(F)c(F)c2)C(=O)N1c1nccs1,CHEMBL477402,0.45566569661695133,1
N=C1S/C(=C\c2c[nH]nc2-c2cccc(F)c2)C(=O)N1c1nccs1,CHEMBL478445,0.45566569661695133,1
N=C1S/C(=C\c2c[nH]nc2-c2ccc(F)cc2)C(=O)N1c1nccs1,CHEMBL514242,0.45566569661695133,1
N=C1S/C(=C\c2c[nH]nc2-c2ccccc2F)C(=O)N1c1nccs1,CHEMBL515785,0.45566569661695133,1
N=C1S/C(=C\c2c[nH]nc2-c2ccccc2)C(=O)N1c1nccs1,CHEMBL515002,0.45566569661695133,1
Cc1ccc(-c2n[nH]cc2/C=C2\SC(=N)N(c3nccs3)C2=O)cc1,CHEMBL515784,0.45566569661695133,1
COc1ccc2c(c1F)C(=O)N(C[C@@]1(C#Cc3ccc(CN4CCCCC4)nc3)NC(=O)NC1=O)C2,CHEMBL3640333,0.4556537640963121,1
N/C(=N\c1ccc2[nH]cc(C3CCNCC3)c2c1)c1cccs1,CHEMBL3645473,0.45564313265134976,1
COc1ccc2cc3cc(C(=O)NCCN4CCN(c5ccccc5F)CC4)oc3nc2c1,CHEMBL1478570,0.4556403420060675,1
COC1CCC2(CC1)Cc1ccc(-c3cncc(F)c3)cc1C21N=C(N)N(C(C)C)C1=O,CHEMBL3976065,0.4556341861731082,1
O=C(Nc1cc2ccc(-c3cncc4[nH]ncc34)cc2cn1)C1CC1,CHEMBL3689583,0.4556335121749896,1
Cc1ncc2[nH]ncc2c1-c1ccc2cc(NC(=O)C3CC3)ncc2c1,CHEMBL3689575,0.45563351217498954,1
COc1cc(C(=O)NC(CN2CCOCC2)c2ccccc2)ccc1-c1cn[nH]c1,CHEMBL3956456,0.45561472563093264,1
CC(C)(C)NC(=O)Nc1nc2cc(N)ncc2cc1-c1ccccc1,CHEMBL133436,0.4556057671616095,1
COc1ccc2c(c1)[nH]c1c3c(c(C=O)cc12)OC(C(C)(C)O)C3,CHEMBL1818858,0.4555952479853783,1
CC(C)C[C@@H]1C(=O)N[C@H](C2Cc3ccccc3C2)C(=O)N1[C@@H](C(=O)N1CC(O)C1)c1ccc(F)cc1F,CHEMBL377315,0.4555937604830592,1
N#Cc1ccc2c3c([nH]c2c1)C1(CCCC1)c1cc(OC[C@H](O)CO)ccc1C3=O,CHEMBL4111362,0.45556481288620415,1
O=C(Nc1cnn([C@H]2CCOC2)c1)c1ccc(NC(=O)N2Cc3ccccc3C2)cc1,CHEMBL3908234,0.45554823115798676,1
CN1CCc2cccc3c2[C@H]1Cc1ccc(OCCCN)c(O)c1-3,CHEMBL3134061,0.45554475119435145,1
CC1(C)CCc2c(C(=O)Nc3cnn(C(c4ccccc4)C4CN(CCF)C4)c3)n[nH]c2C1,CHEMBL3287196,0.45553796424566256,1
O=C1NC(=S)N/C1=C/c1cc2cc(-c3ccc4c(c3)CNC4=O)ccc2[nH]1,CHEMBL3103898,0.45550255683038954,1
O=C1NC(=S)N/C1=C/c1cc2ccc(-c3ccc4c(c3)CCNC4=O)cc2[nH]1,CHEMBL3103899,0.45550255683038954,1
O=C1NC(=S)N/C1=C/c1cc2cc(-c3ccc4c(c3)CCNC4=O)ccc2[nH]1,CHEMBL3103900,0.45550255683038954,1
O=C1NC(=S)N/C1=C/c1cc2ccc(-c3ccc4c(c3)CNC4=O)cc2[nH]1,CHEMBL3103897,0.45550255683038954,1
O=C(Nc1cccc(C(F)(F)F)c1)c1ccccc1OCCN1CCNCC1,CHEMBL3715128,0.45549950716066534,1
CNC(=O)c1cccc(C2(C3CCN(Cc4ccc(Br)cc4)CC3)CCC(=O)NC2=O)c1,CHEMBL456905,0.4554872608307723,1
NC(=O)c1cccc(C2(C3CCN(Cc4ccc(Br)cc4)CC3)CCC(=O)NC2=O)c1,CHEMBL456904,0.4554872608307723,1
Cc1cc2nc(-c3ccc(SCC(=O)NC(C)C)nc3)[nH]c2cc1C,CHEMBL1532205,0.4554812146165722,1
CCN1CCN(C(=O)NCc2ccc(C(=O)Nc3cc(-c4cccs4)ccc3N)cc2)C(=O)C1=O,CHEMBL1957458,0.45546696582395113,1
CCN(CC)CCCn1c(=O)c(=Cc2ccccc2O)s/c1=C1\C(=O)Nc2ccc(Br)cc21,CHEMBL1807675,0.45546267997201456,1
CCN(CC)CCCn1c(=O)c(=Cc2ccccc2O)s/c1=C1\C(=O)Nc2ccccc21,CHEMBL1807673,0.45546267997201456,1
CCN(CC)CCCn1c(=O)/c(=C/c2ccccc2O)s/c1=C1\C(=O)Nc2ccc(C)cc21,CHEMBL3612158,0.45546267997201456,1
CCN(CC)CCCn1c(=O)c(=Cc2ccccc2O)s/c1=C1\C(=O)Nc2ccc(C)cc21,CHEMBL1807674,0.45546267997201456,1
CCN(CC)CCCn1c(=O)/c(=C/c2ccccc2O)s/c1=C1/C(=O)Nc2ccc(C)cc21,CHEMBL3612139,0.45546267997201456,1
COCCOCC(C)(C)Nc1nc2c(-c3cc4c([nH]3)CCNC4=O)cccc2nc1C,CHEMBL3971171,0.45545850285941886,1
C(=C\c1cn2cc(C3=NCCN3)ccc2n1)/c1ccc(C2=NCCN2)cc1,CHEMBL1161176,0.45543773897276196,1
OC(CNCCc1ccncc1)COc1ccc(-c2nc(-c3cccs3)c[nH]2)cc1,CHEMBL416151,0.45543465451545717,1
NC(=O)c1ccc2[nH]c(-c3ccc(C(=O)C4CCOCC4)cc3)nc2c1,CHEMBL3956671,0.4554272258353892,1
C[C@H]1CN(C)C2(CCC2)CN1C(=O)N1Cc2c(NC(=O)c3ccccn3)n[nH]c2C1(C)C,CHEMBL3662839,0.4554240902524592,1
C[C@H]1CN(C)C2(CCCC2)CN1C(=O)N1Cc2c(NC(=O)c3ccccn3)n[nH]c2C1(C)C,CHEMBL3658623,0.4554240902524592,1
Cn1c(NC(C)(C)C)nc2c(-c3cc4c([nH]3)C3(CC3)NC4=O)cccc2c1=O,CHEMBL3946152,0.4554237428091712,1
CN1CCN(CC(=O)N2CC=C(c3ccc(NC(=O)N4Cc5ccncc5C4)cc3)CC2)CC1,CHEMBL3921001,0.4554219038608816,1
Cc1nc(C(=O)Nc2n[nH]c3c2CN(C(=O)N2C[C@@H](C)N(C)C[C@@H]2C)C3(C)C)cs1,CHEMBL3662875,0.45540854844244466,1
CC[C@H]1CN(C(=O)N2Cc3c(NC(=O)c4ccccn4)n[nH]c3C2(C)C)[C@@H](C)CN1C,CHEMBL3662831,0.45540854844244466,1
Cc1ocnc1C(=O)Nc1n[nH]c2c1CN(C(=O)N1C[C@@H](C)N(C)C[C@@H]1C)C2(C)C,CHEMBL3639617,0.45540854844244466,1
CCN1CCN(C(=O)N2Cc3c(NC(=O)c4ccccn4)n[nH]c3C2(C)C)CC1C,CHEMBL3662834,0.45540854844244466,1
CCN1C[C@H](C)N(C(=O)N2Cc3c(NC(=O)c4ccc(F)cn4)n[nH]c3C2(C)C)C[C@@H]1C,CHEMBL3662832,0.45540854844244466,1
C[C@@H]1CN(C(=O)N2Cc3c(NC(=O)c4ccccn4)n[nH]c3C2(C)C)[C@@H](C)CN1CCCF,CHEMBL3662847,0.45540854844244466,1
CC[C@@H]1CN(C(=O)N2Cc3c(NC(=O)c4ccccn4)n[nH]c3C2(C)C)[C@@H](C)CN1C,CHEMBL3662837,0.45540854844244466,1
C=CCN1C[C@H](C)N(C(=O)N2Cc3c(NC(=O)c4ccccn4)n[nH]c3C2(C)C)C[C@H]1C,CHEMBL3662799,0.45540854844244466,1
C[C@@H]1CN(C(=O)N2Cc3c(NC(=O)c4ccccn4)n[nH]c3C2(C)C)[C@@H](C)CN1C,CHEMBL3662823,0.45540854844244466,1
CCN1C[C@H](C)N(C(=O)N2Cc3c(NC(=O)c4ccccn4)n[nH]c3C2(C)C)C[C@H]1C,CHEMBL3662805,0.45540854844244466,1
CCC1CN(C(=O)N2Cc3c(NC(=O)c4ccccn4)n[nH]c3C2(C)C)CCN1C,CHEMBL3662791,0.45540854844244466,1
CN1CCC(C(=O)N2Cc3c(NC(=O)c4ccco4)n[nH]c3C2(C)C)CC1,CHEMBL1744454,0.45540854844244466,1
CCc1ocnc1C(=O)Nc1n[nH]c2c1CN(C(=O)N1C[C@@H](C)N(C)C[C@@H]1C)C2(C)C,CHEMBL3662878,0.45540854844244466,1
O=C(C[C@H]1S[C@H](Cc2ccccc2)N(CC(=O)NCCCN2CCOCC2)C1=O)NCc1cccc2ccccc12,CHEMBL297761,0.4553713934929403,1
O=C(N[C@H]1CCCNC1)c1ccnc2nc(Cc3cccs3)[nH]c12,CHEMBL3717059,0.45535837750633745,1
CNC(=O)c1c(-c2ccc(F)cc2)oc2nc(CNC(=O)C3CCOC3)c(C3CC3)cc12,CHEMBL4290346,0.4553553143559287,1
O=c1[nH]c(=O)c2cc(-c3n[nH]cc3CN3C4CCC3CN(c3ccc(C(F)(F)F)cn3)C4)ccc2o1,CHEMBL3715243,0.4553447478019436,1
CCC(C)(CNC(=O)c1ccc(NC(=O)N2Cc3cccnc3C2)cc1)N1CCOCC1,CHEMBL3966538,0.45533468159621154,1
CC1CN(CCNC(=O)c2ccc(NC(=O)N3Cc4cccnc4C3)cc2)CC(C)O1,CHEMBL3960733,0.45533468159621154,1
O=C(C1CCOCC1)N1CC[C@@H]2[C@@H](CO)Nc3ccc(-c4ccc(F)cc4)cc3[C@@H]21,CHEMBL3185290,0.45531546272679135,1
CC(N)C(=O)N1CCc2c([nH]c3ccc(Cl)cc23)C1c1cccc(O)c1,CHEMBL1178405,0.45530332179043204,1
Cc1ccc2[nH]c3c(c2c1)CCN(C(=O)CN)C3c1cccc(O)c1,CHEMBL595399,0.45530332179043204,1
CC(C)(C)NS(=O)(=O)c1cccc(-c2ccc3[nH]nc(N)c3c2)c1,CHEMBL480998,0.4552848802093819,1
CC(C)(C)NS(=O)(=O)c1ccc(-c2cc(Cl)c3[nH]nc(N)c3c2)cc1,CHEMBL482187,0.4552848802093819,1
CC(C)(C)NS(=O)(=O)c1ccc(-c2ccc3[nH]nc(N)c3c2)cc1,CHEMBL480411,0.4552848802093819,1
CC(C)(C)NS(=O)(=O)c1ccc(-c2ccc3[nH]nc(N)c3c2)c(Cl)c1,CHEMBL482189,0.4552848802093819,1
Cc1cc(-c2ccc(S(=O)(=O)NC(C)(C)C)cc2)cc2c(N)n[nH]c12,CHEMBL482188,0.4552848802093818,1
COc1ccc(-c2csc3c(=O)[nH]c(NC(C)C)nc23)cc1,CHEMBL3416988,0.45527506201663487,1
COCCN1CCC(CNC(=O)c2n[nH]c3ccc(-c4ccc(C)nc4)cc23)CC1,CHEMBL3736223,0.45526228811558606,1
COCCN1CCC(CNC(=O)c2n[nH]c3ccc(-c4cccnc4)cc23)CC1,CHEMBL3735967,0.45526228811558606,1
CC(C)(N)CNc1nc(-c2cccnc2)cc2cnccc12,CHEMBL2147547,0.4552404727542223,1
CC(C)(N)CNc1nc(-c2ccncc2Cl)cc2cnccc12,CHEMBL2147551,0.4552404727542223,1
CC(C)(N)CNc1nc(-c2ccncc2F)cc2cnccc12,CHEMBL2147550,0.4552404727542223,1
Cc1cnccc1-c1cc2cnccc2c(NCC(C)(C)N)n1,CHEMBL2147552,0.4552404727542223,1
CC(C)(N)CNc1nc(-c2ccncc2)cc2cnccc12,CHEMBL2147538,0.4552404727542223,1
Cc1c2c3cc(NC(=N)N)ccc3nc-2n(C)c2ccccc12,CHEMBL3735389,0.4552227223343162,1
OC1=NCCN1CCCN1CCN(C2CC(c3ccc(F)cc3)c3ccc(F)cc32)CC1,CHEMBL306808,0.45521460663416485,1
COc1ccc2c(=O)[nH]c(-c3cc(CNC(=O)C(C)C)ccc3Cl)nc2c1,CHEMBL3342708,0.45521379534028844,1
Cc1ccc(-c2cc3c(cc2[C@@H]2CCN(C)C[C@@H]2C)N2C(=NNC(=O)[C@H]2C)CO3)c(F)c1,CHEMBL3355137,0.45520204790638125,1
C[C@@H]1C(=O)NN=C2COc3cc(-c4ccc(F)cc4)c([C@@H]4CCN(C)C[C@@H]4C)cc3N21,CHEMBL3355129,0.45520204790638125,1
C[C@@H]1C(=O)NN=C2COc3cc(-c4ccccc4F)c([C@H]4CCN(C)C4)cc3N21,CHEMBL3355121,0.45520204790638125,1
C[C@@H]1C(=O)NN=C2COc3cc(-c4cccc(F)c4)c([C@@H]4CCN(C)C[C@@H]4C)cc3N21,CHEMBL3355128,0.45520204790638125,1
Cc1ccc(-c2cc3c(cc2[C@@H]2CCN(C)C[C@@H]2C)N2C(=NNC(=O)[C@H]2C)CO3)cc1,CHEMBL3355131,0.45520204790638125,1
C[C@@H]1CN(C)CC[C@@H]1c1cc2c(cc1-c1ccccc1F)OCC1=NNC(=O)[C@@H](C)N12,CHEMBL3355124,0.45520204790638125,1
C[C@@H]1C(=O)NN=C2COc3cc(-c4ccccc4F)c(C4CCN(C)C4)cc3N21,CHEMBL3355120,0.45520204790638125,1
CCN1CC[C@@H](c2cc3c(cc2-c2ccccc2F)OCC2=NNC(=O)[C@@H](C)N23)[C@@H](C)C1,CHEMBL3355126,0.45520204790638125,1
C[C@@H]1C(=O)NN=C2COc3cc(-c4ccccc4F)c(C4CCN(C)CC4)cc3N21,CHEMBL3355122,0.45520204790638125,1
C[C@@H]1C(=O)NN=C2COc3cc(-c4c(F)cccc4F)c([C@@H]4CCN(C)C[C@@H]4C)cc3N21,CHEMBL3355134,0.45520204790638125,1
Cc1ccccc1-c1cc2c(cc1[C@@H]1CCN(C)C[C@@H]1C)N1C(=NNC(=O)[C@H]1C)CO2,CHEMBL3355130,0.45520204790638125,1
C[C@@H]1C(=O)NN=C2COc3cc(-c4ccccc4F)c([C@@H]4CCN(C)C[C@@H]4C)cc3N21,CHEMBL3355127,0.45520204790638125,1
O=C(O)CN1Cc2ccc(NC(=O)c3ccc(C4CCNCC4)cc3)cc2C1=O,CHEMBL1836342,0.45519932305377936,1
CN1CCCC(C(=O)NCc2ccc(-n3cc4cccc(C(N)=O)c4n3)cc2)C1,CHEMBL593379,0.45518330932577455,1
Cc1cc2c(N3CCN(CCc4ccc5c(c4)NC(=O)CO5)CC3)cccc2[nH]1,CHEMBL444398,0.4551724137931033,1
CN1CCN(c2ccc(-c3ccc(N)cc3)cc2NC(=O)c2ccc(F)c(N)c2)CC1,CHEMBL3884757,0.4551721841071075,1
CN1CCN(c2ccc(-c3ccc(N)cc3)cc2NC(=O)c2cccc(N)c2)CC1,CHEMBL3884990,0.4551721841071075,1
CN(Cc1nc2cccc(N3CCNCC3)c2[nH]1)C1CCCc2cccnc21,CHEMBL568652,0.4551721772533955,1
Cn1cc(-n2cc(C(=O)N[C@H]3C[C@H]4COC[C@@H](C3)N4)c3ccccc32)cn1,CHEMBL3973788,0.4551507494792911,1
Cn1c(C(=O)N2CCN(Cc3ccccc3)CC2)cc2[nH]c(=O)c3ccccc3c21,CHEMBL3291314,0.4551485570771929,1
O=C1NC(=O)[C@](CN2Cc3cc(O)ccc3C2=O)(c2ccc(F)cc2)N1,CHEMBL1090059,0.4551276719620725,1
Cn1cc(C2=C(c3cccc(NCCCO)c3)C(=O)NC2=O)c2ccccc21,CHEMBL1082151,0.4551221059308594,1
CC(C)(O)C(=O)NCc1cncc(-c2cnc3c(c2)CCCN3C(N)=O)c1,CHEMBL3898801,0.45510509190044834,1
O=C(c1cc(Cc2n[nH]c(=O)c3ccccc23)cc(F)c1F)N1CCN(c2ccccc2O)CC1,CHEMBL4175142,0.4551050919004483,1
NC(=O)c1ccc(N2CCN(C(=O)N3CCC(c4cn[nH]c4)C3)c3ccccc32)cc1,CHEMBL1761866,0.4551012226899177,1
O=C1CN2C(=NN1)COc1ccc(NCC3CCNCC3)cc12,CHEMBL3356453,0.45509582661651427,1
O=C1CN2C(=NN1)COc1ccc(NCC3CNC3)cc12,CHEMBL3356451,0.45509582661651427,1
O=C1CN2C(=NN1)COc1ccc(NCC3CCNC3)cc12,CHEMBL3356452,0.45509582661651427,1
O=C1NCCc2[nH]c(-c3cccc4ncc(Nc5ccccc5)nc34)cc21,CHEMBL3899005,0.4550747391489223,1
Cc1nc2cccc(-c3cc4c([nH]3)CCNC4=O)c2nc1Nc1ccccc1,CHEMBL3810085,0.4550747391489223,1
CNC(=O)Nc1ccc2[nH]c(C(=O)N3CCC(N(C)c4ncccc4NC(C)C)CC3)cc2c1,CHEMBL125437,0.4550721584325291,1
Cc1ccc(-c2nc3cc(NC(=O)CN4CCCCC4)ccc3[nH]2)cc1,CHEMBL1811925,0.45507002464386587,1
Cc1ccc(-c2nc3cc(NC(=O)CN4CCCC4)ccc3[nH]2)cc1,CHEMBL1812378,0.45507002464386587,1
O=C(c1ccc(NS(=O)(=O)c2cccc3cccnc23)cc1)N1CC(NCc2ccccc2)C1,CHEMBL3730499,0.4550643624768725,1
O=C(CN1CC(NC(=O)c2ccc(Cl)s2)C(C2CC2)C1)Nc1ccc(-n2ccccc2=O)cc1F,CHEMBL549696,0.45506406880814443,1
COc1ccc(F)cc1-c1ccnc2[nH]c(C3=CC4CCC(C3)N4CC(=O)N(C)CCO)cc12,CHEMBL3925253,0.4550547272257175,1
Nc1ncc(-c2ccc(NC(=O)c3cccc(I)c3)cc2)[nH]1,CHEMBL3545585,0.45504576851799833,1
Nc1ncc(-c2cccc(NC(=O)c3cc(F)cc(F)c3)c2)[nH]1,CHEMBL1198878,0.45504576851799833,1
Nc1ncc(-c2ccc(NC(=O)c3ccc(I)cc3)cc2)[nH]1,CHEMBL3326207,0.45504576851799833,1
Nc1ncc(-c2ccc(NC(=O)c3ccc(Br)cc3F)cc2)[nH]1,CHEMBL3326202,0.45504576851799833,1
Nc1ncc(-c2ccc(NC(=O)c3ccc(F)c(Cl)c3)cc2)[nH]1,CHEMBL3326205,0.45504576851799833,1
Nc1ncc(-c2ccc(NC(=O)c3cc(F)cc(F)c3)cc2)[nH]1,CHEMBL1198856,0.45504576851799833,1
CCc1ccc2[nH]cc(C3=C(n4cc(CCNC)c5ccccc54)C(=O)NC3=O)c2c1,CHEMBL411724,0.4550454896830588,1
CNCCc1cn(C2=C(c3c[nH]c4ccc(Cl)cc34)C(=O)NC2=O)c2ccccc12,CHEMBL402340,0.4550454896830587,1
CNCCc1cn(C2=C(c3c[nH]c4ccccc34)C(=O)NC2=O)c2ccccc12,CHEMBL402152,0.4550454896830587,1
NCCc1cn(C2=C(c3c[nH]c4ccc(C(F)(F)F)cc34)C(=O)NC2=O)c2ccccc12,CHEMBL402533,0.4550454896830587,1
NCCc1cn(C2=C(c3c[nH]c4ccc(F)cc34)C(=O)NC2=O)c2ccccc12,CHEMBL403337,0.4550454896830587,1
NCCc1cn(C2=C(c3c[nH]c4ccc(Cl)cc34)C(=O)NC2=O)c2ccccc12,CHEMBL255607,0.4550454896830587,1
NCCc1cn(C2=C(c3c[nH]c4ccccc34)C(=O)NC2=O)c2ccccc12,CHEMBL430412,0.4550454896830587,1
O=C(Nc1cc(-c2nc(N[C@@H]3CCNC3)c3sccc3n2)ccn1)c1cccs1,CHEMBL3729940,0.45504531106811985,1
O=C(Nc1cc(-c2nc(N[C@@H]3CCNC3)c3sccc3n2)ccn1)c1ccc(F)cc1,CHEMBL3728196,0.45504531106811985,1
O=C(CCCN1CCCC1)Nc1ccc(C2NC(=O)Cc3ccccc32)cc1,CHEMBL3277857,0.45500869252442894,1
COc1cccc(CNC(=O)c2nc3ccc(-c4cn[nH]c4)cc3s2)c1,CHEMBL1081193,0.4549973558963508,1
CC(=O)NCc1ccc(C(=O)Nc2cc(-c3cccs3)ccc2N)cc1,CHEMBL3664063,0.45499499617354433,1
CC(=O)NCc1ccc(C(=O)Nc2cc(-c3ccccc3)ccc2N)cc1,CHEMBL3664053,0.45499499617354433,1
Cc1nc2cccc(-c3cc4c([nH]3)CCNC4=O)c2nc1NC1CCC(=O)NC1,CHEMBL3906819,0.4549933080844033,1
Nc1[nH]c(C(=O)c2ccccc2)c(-c2ccc(Br)cc2)c1C(=O)N1CCN(CCO)CC1,CHEMBL4161685,0.45499092558983645,1
CCNC(=O)c1noc(-c2cc(Cl)c(O)cc2O)c1-c1ccc(CN2CCC(O)CC2)cc1,CHEMBL253401,0.45499041131178997,1
O=C(CC1=CC(=O)OC2C=C(O)C=CC12)NC1CCN(Cc2ccccc2)CC1,CHEMBL136163,0.454978837157496,1
CN1Cc2c(C3=CCC(NCC(=O)O)CC3)[nH]c3nccc(c23)-c2cc(F)ccc21,CHEMBL3969174,0.4549734080781943,1
Cc1sc(-c2ccccc2C(=O)NCCO)cc1C(=O)Nc1nc2c(s1)CCC2,CHEMBL4293502,0.45497308568934564,1
O=C(CCN1CCCO1)N1CCc2[nH]nc(-c3cccc4ccccc34)c2C1,CHEMBL4094964,0.45495820864719855,1
N=C(N)c1ccc(CC2NCCn3c2nc2cc(C4(C(=O)N5CCCC5)CCC4)ccc23)cc1,CHEMBL3950003,0.45494754165809503,1
N=C(N)c1ccc(CC2NCCn3c2nc2cc(C4(C(=O)N5CCCCC5)CC4)ccc23)cc1,CHEMBL3922260,0.45494754165809503,1
N=C(N)c1ccc(CC2NCCn3c2nc2cc(C4(C(=O)N5CCCC5)CCCC4)ccc23)cc1,CHEMBL3907547,0.45494754165809503,1
N=C(N)c1ccc(CC2NCCn3c2nc2cc(C4(C(=O)N5CCCC5)CC4)ccc23)cc1,CHEMBL3958679,0.45494754165809503,1
N=C(N)c1ccc(CC2NCCn3c2nc2cc(C4(C(=O)N5CCCCC5)CCC4)ccc23)cc1,CHEMBL3913261,0.45494754165809503,1
O=C(CSc1nc2ccccc2[nH]1)NN1C(=O)CSC1c1c(O)ccc2ccccc12,CHEMBL1087486,0.45494093513475264,1
Cc1nc(C)c(-c2[nH]nc3c2C(=O)c2c(NC(=O)NN4CCN(C)CC4)cccc2-3)s1,CHEMBL325023,0.4549402240926392,1
O=C(N[C@@H](Cc1c[nH]c2ccccc12)C(=O)Nc1ccncc1)C1CCNCC1,CHEMBL3040888,0.4549396681749623,1
Cc1noc(C)c1-c1ccc2c(c1)C(c1ccccc1)(N1CCOCC1)C(=O)N2,CHEMBL3942255,0.45491803278688503,1
NC(=O)c1ccc(-c2cnc3nc(N4CCC(N5CCCCC5)CC4)oc3c2)cc1,CHEMBL1958151,0.4549110238040211,1
NCCCC(=O)N(Cc1nc2ccccc2[nH]1)C1CCCc2cccnc21,CHEMBL1092629,0.4549066880971514,1
Cc1n[nH]c2ccc(-c3cc(NCCO)cnc3-c3cc(F)ccc3O)cc12,CHEMBL4100109,0.4549057318530173,1
O=C(Nc1cc(-c2cccc(O)c2)cc2[nH]ncc12)C1CC1,CHEMBL4176717,0.45490322928459737,1
O=C(Nc1cc(-c2ccc(O)cc2)cc2[nH]ncc12)C1CC1,CHEMBL4172211,0.45490322928459737,1
O=C(Nc1ccc(C[C@@H]2CC[C@H]([C@H](O)c3cccnc3)N2)cc1)[C@@H]1CCc2scnc21,CHEMBL3128178,0.45489992201715607,1
Cc1nc2c(s1)CC[C@H]2C(=O)Nc1ccc(C[C@@H]2CC[C@H]([C@H](O)c3cccnc3)N2)cc1,CHEMBL3128180,0.45489992201715607,1
CN(C)CC1CNC(=O)c2cc3ccc(C(=O)Nc4nccs4)cc3n2C1,CHEMBL271713,0.4548991189595331,1
CN1c2ccccc2C(=O)N2CCc3c([nH]c4ccc(OCC5CO5)cc34)C21,CHEMBL2171815,0.45489174017642314,1
CN(C)CCCC/N=C/c1c(-c2nc3ccccc3c(=O)[nH]2)[nH]c2ccccc12,CHEMBL3735266,0.45487463904294806,1
COc1cccc(CNC(=O)Nc2ccc(-c3ccnc(N)c3)cc2)c1,CHEMBL3402450,0.45487273096034875,1
O=C1NCC2(CCCNC2)c2[nH]c(-c3ccnc(-c4cc5ccccc5o4)n3)cc21,CHEMBL1779368,0.4548566538296964,1
O=C1NCC2(CCNCC2)c2[nH]c(-c3ccnc(-c4cc5ccccc5o4)n3)cc21,CHEMBL1779352,0.4548566538296964,1
O=C(NCCN1CCOCC1)c1ccccc1N1C(=O)[C@@H]2Cc3c([nH]c4ccccc34)C(c3ccc(F)cc3)N2C1=O,CHEMBL1492837,0.45482267322673237,1
O=C(NCCN1CCOCC1)c1ccccc1N1C(=O)[C@@H]2Cc3c([nH]c4ccccc34)C(c3ccccc3)N2C1=O,CHEMBL1714834,0.45482267322673237,1
Oc1ccc(-c2c(-c3ccccc3)ncn2C2CCNC2)cc1,CHEMBL3485745,0.4548088653924358,1
CN(C)CCCNC(=O)c1ccc2[nH]nc(-c3cc4ccccc4o3)c2c1,CHEMBL3932773,0.4547992683161644,1
CNC(=S)NC[C@H]1CN(c2cc(F)c3c(c2)SC[C@@H]2CCCN32)C(=O)O1,CHEMBL215796,0.45479349454311985,1
C=c1sc2c(C(=O)O)c(=O)c3cc(F)c(-c4ccc(N)cc4)cc3n12,CHEMBL4295070,0.45478564731952614,1
CC1(C)C[C@H](NC(=O)Nc2ccc3c(c2)NC(=O)N(CCO)C3)c2cc(F)ccc2O1,CHEMBL3677355,0.4547737765466296,1
CC1(C)C[C@@H](NC(=O)Nc2ccc3c(c2)NC(=O)N(CCO)C3)c2cccc(F)c2O1,CHEMBL3677340,0.4547737765466296,1
CC1(C)C[C@@H](NC(=O)Nc2ccc3c(c2)NC(=O)N(CCO)C3)c2cc(F)ccc2O1,CHEMBL3677349,0.4547737765466296,1
CC1(C)C[C@@H](NC(=O)Nc2ccc3c(c2)NC(=O)N(CCO)C3)c2ccc(F)cc2O1,CHEMBL3677341,0.4547737765466296,1
CN(C)CCOc1ccc(-c2cnc3[nH]cc(-c4ccncc4)c3c2)cc1N,CHEMBL2152279,0.45476604374909446,1
O=C(Nc1cc(-c2ccnc(Nc3ccccc3)c2)ccn1)C1CCOC1,CHEMBL203535,0.45475992228698287,1
CN1CCN(CCCNc2nc(-c3[nH]c4ccccc4c3F)nc3ccccc23)CC1,CHEMBL4162524,0.45475811733882304,1
NCC1CC1CN(C[C@H]1Cc2ccccc2CN1)[C@H]1CCCc2cccnc21,CHEMBL4163770,0.4547561284715933,1
CC1CN(c2ccc(N/C=C3\C(=O)NC(=O)c4ccc(-c5ccoc5)cc43)cc2)CC(C)N1,CHEMBL258636,0.45474866426780114,1
Cc1ccc(O)c(C(=O)c2c[nH]c(-c3nc4ccccc4[nH]3)c2)c1,CHEMBL578935,0.4547258113745039,1
NC(=O)c1cnc(N2CCC[C@@H](N)C2)c2cc(-c3ccc(Cl)cc3)sc12,CHEMBL1288248,0.45472140165019864,1
O=C(CN1CCCC1)N1CC=C(c2ccc(NC(=O)N3Cc4ccncc4C3)cc2)CC1,CHEMBL3937013,0.45471101826557375,1
CC(C(=O)N1CC=C(c2ccc(NC(=O)N3Cc4ccncc4C3)cc2)CC1)N1CCCC1,CHEMBL3972994,0.45471101826557375,1
O=C(CN1CCCCC1)N1CC=C(c2ccc(NC(=O)N3Cc4ccncc4C3)cc2)CC1,CHEMBL3943137,0.45471101826557375,1
O=C(Cc1ccccc1)Nc1n[nH]c2ncc(-c3ccc(O)cc3)cc12,CHEMBL4208660,0.4546797601459978,1
NC1=N[C@@]2(CS1)c1cc(-c3cccnc3F)ccc1O[C@@H]1CCOC[C@H]12,CHEMBL3127098,0.454669477861838,1
NC1=N[C@@]2(CS1)c1cc(-c3cncc(Cl)c3)ccc1O[C@@H]1CCOC[C@H]12,CHEMBL3127097,0.454669477861838,1
C[C@H]1OCC[C@H]2Oc3ccc(-c4cccnc4F)cc3[C@@]3(CSC(N)=N3)[C@H]12,CHEMBL3124962,0.45466947786183787,1
CN1CCN(CCCn2c3ccc(O)cc3c3c4c(ccc32)C(=O)NC4=O)CC1,CHEMBL483953,0.45465459456755564,1
O=C1NCC2c3c(cccc31)CCN2C(=O)C1CCNC1,CHEMBL593363,0.45463829787234,1
O=C1NCC2c3c(cccc31)CCN2C(=O)C1CNC1,CHEMBL593364,0.45463829787234,1
NS(=O)(=O)c1cccc(-c2n[nH]c3ccc(NC(=O)C4(c5ccccc5)CC4)cc23)c1,CHEMBL3330277,0.45463812436289497,1
CC(C)(C)NC(=O)Nc1ccc(-c2ccc3[nH]nc(N)c3c2)cc1,CHEMBL480412,0.4546269325565761,1
CC(C)C1c2[nH]c3ccccc3c2C[C@H]2C(=O)NC(CCCCNC(=O)OC(C)(C)C)C(=O)N12,CHEMBL320084,0.4546166467780428,1
Cc1nc2cccc(-c3cc4c([nH]3)CCNC4=O)c2nc1N[C@@H]1CC[C@@H]1N,CHEMBL3910979,0.4546080143983905,1
CCNc1cc2c(nn1)CCN(C(=O)c1cc3ccccc3[nH]c1=O)C2,CHEMBL3466490,0.4546030991162365,1
COc1cccc(-c2noc(-c3[nH]c4ccccc4c3CCN)n2)c1,CHEMBL188600,0.45460059723777524,1
COc1cccc(C(=O)Nc2ccc3[nH]cc(C4CCN(C)CC4)c3n2)c1,CHEMBL321133,0.45459273899927155,1
O=C(NC1CCS(=O)(=O)C1)c1ccc2c(-c3nc4ccccc4[nH]3)n[nH]c2c1,CHEMBL3935336,0.4545804195804194,1
N=C(N)c1ccc2cc(C(=O)Nc3ccc(CO)cc3)ccc2c1,CHEMBL111432,0.45457151046145,1
COc1ccc(F)cc1-c1ccc2c(NC(=O)c3ccc(C(=O)NO)cc3)n[nH]c2c1,CHEMBL4212669,0.4545542949756891,1
COc1ccccc1-c1ccc2c(NC(=O)c3ccc(C(=O)NO)cc3)n[nH]c2c1,CHEMBL4204972,0.4545542949756891,1
O=C(NCC1CCN1)c1ccc2cc(Oc3ccc(C(F)(F)F)cn3)ccc2n1,CHEMBL3901472,0.45453251743275913,1
O=C(NC[C@@H]1CCCN1)c1ccc2cc(Oc3ccc(C(F)(F)F)cn3)ccc2n1,CHEMBL3974205,0.45453251743275913,1
O=C(NC[C@H]1CCCN1)c1ccc2cc(Oc3ccc(C(F)(F)F)cn3)ccc2n1,CHEMBL3904496,0.45453251743275913,1
Cc1c(Nc2c(C#N)cncc2/C=C/CN2CCN(C)CC2)ccc2[nH]ccc12,CHEMBL596413,0.45453171063572423,1
Cc1cccc(O)c1NC(=O)c1cccc(Cc2n[nH]c(=O)c3c2CCCC3)c1,CHEMBL3978804,0.45452439419913804,1
CC1(C)CNC(=O)c2cc3ccc(C(=O)Nc4cnn(Cc5ccccc5)c4)cc3n2C1,CHEMBL3948495,0.4545177561867359,1
Oc1ccc(-c2ccc3c(NCC4CC4)n[nH]c3c2)cc1,CHEMBL4069964,0.45451278365335235,1
COCC1CN(CC2CCN(Cc3ccccc3)CC2)C(=O)N(c2cccc(C(=N)N)c2)C1,CHEMBL3780434,0.45449218749999987,1
CN(C)c1nc([C@@H]2CNC[C@H]2c2ccccc2)nc2ccc(-c3cn[nH]c3)cc12,CHEMBL2333879,0.4544868350349272,1
N#Cc1ccc2c(c1)CN(C(=O)Nc1ccc(C3=CCN(C(=O)C4CCOC4)CC3)cc1)C2,CHEMBL3953619,0.45448456772897244,1
CCN(CC)CCN1C(=O)[C@@](O)(c2ccc3ccccc3c2)c2c1cc(C(N)=O)cc2C(F)(F)F,CHEMBL611489,0.45448355109162875,1
CCN(CC)CCN1C(=O)C(O)(c2ccc3ccccc3c2)c2c1cc(C(N)=O)cc2C(F)(F)F,CHEMBL553976,0.45448355109162875,1
CCC[C@H]1C(=O)N([C@@H](Cc2ccc3ccccc3c2)C(=O)NC)CCN1C(=O)[C@@H](Cc1ccc(F)cc1)NC(=O)C1CCNCC1,CHEMBL506762,0.4544810736163732,1
O=C1/C(=C/N2CCNCC2)N=C2CN=C(c3ccccc3)c3cc(Cl)ccc3N12,CHEMBL3249343,0.45446764806573087,1
C/C(=C1/N=C2CN=C(c3ccccc3)c3cc(Cl)ccc3N2C1=O)N1CCNCC1,CHEMBL3249362,0.4544676480657308,1
c1cncc(-c2cc3c(N4CCC(N5CCNCC5)C4)n[nH]c3cn2)c1,CHEMBL3919728,0.4544178210408089,1
O=C(Nc1cccc(-c2c[nH]cn2)c1)c1ccc2cc3n(c2c1)CCCNC3=O,CHEMBL1938791,0.4544169881220639,1
O=C1CN(Cc2c(-c3ccc(Cl)cc3)nc3ccc(-c4ccccn4)cn23)CCN1,CHEMBL4290282,0.4544142316545078,1
CO[C@H]1CC[C@]2(CC1)Cc1ccc(C(=O)O)cc1C21N=C(N)N(Cc2ccccc2)C1=O,CHEMBL3925076,0.45439621272859176,1
CC(C)NCc1cncc(-c2cnc3[nH]nc(-c4nc5cc(N6CCN(C)CC6)ccc5[nH]4)c3c2)c1,CHEMBL1807506,0.4543910462704708,1
NCCCc1cc2cc[nH]c(=O)c2c2cc(C(N)=O)ccc12,CHEMBL250225,0.45437653794003924,1
C[C@@H](NS(C)(=O)=O)c1ccc(-c2c(O)ccc3[nH]c(=O)c4sccc4c23)cc1,CHEMBL3667256,0.45436667201798037,1
CC(NS(C)(=O)=O)c1ccc(-c2c(O)ccc3[nH]c(=O)c4sccc4c23)cc1,CHEMBL3667222,0.45436667201798037,1
CS(=O)(=O)NCc1ccc(-c2c(O)ccc3[nH]c(=O)c4sccc4c23)cc1,CHEMBL3667227,0.45436667201798037,1
C/C(CN1CCOCC1)=C1\C[C@@](C)(c2cc(NC(=O)c3ccc(C#N)cn3)ccc2F)N=C(N)S1,CHEMBL3903105,0.4543654301778703,1
O=C1NCc2[nH]c3c(ccc4cnc(Nc5cccc(F)c5)cc43)c21,CHEMBL1801376,0.454347986157131,1
CN1CCN(CCc2nc3ccc4c(c3[nH]2)C(=O)c2ccccc2C4=O)CC1,CHEMBL2336651,0.4543379809578147,1
CNC(=O)C(C)(C)c1n[nH]c2c1C(c1ccccc1OC)N(c1ccc(-c3ccon3)cc1)C2=O,CHEMBL3684573,0.4543329848084139,1
CC(C)NCC(=O)Nc1cccc2c1CN(C)CC2c1ccccc1,CHEMBL17592,0.454332041273134,1
CC(=O)N1CCN(CC(C)NC(=O)c2cc3c(-c4ccc(C)cc4)nn(C)c3s2)CC1,CHEMBL598103,0.4543226613828343,1
CC(=O)N1CCN(CC(C)NC(=O)c2cc3c(-c4ccccc4F)nn(C)c3s2)CC1,CHEMBL605130,0.4543226613828343,1
CC(=O)N1CCN(C[C@@H](C)NC(=O)c2cc3c(-c4ccccc4)nn(C)c3s2)CC1,CHEMBL599760,0.4543226613828343,1
CC(=O)N1CCN(CC(C)NC(=O)c2cc3c(-c4ccccc4)nn(C)c3s2)CC1,CHEMBL598102,0.4543226613828343,1
CC(C)N1CCN(C(=O)c2cc3[nH]c(=O)c4ccccc4c3n2C)CC1,CHEMBL3291313,0.4543132246020829,1
Cc1cc(NC(=O)c2ccccc2NC(=O)c2ccc(N3CCCN(C)CC3)cc2)n[nH]1,CHEMBL3359566,0.4543125180807536,1
CN1CCN(CCCNC(=O)c2ccc3c(c2)sc2nc(-c4ccccc4)cn23)CC1,CHEMBL589206,0.45431023861349523,1
O=C(NCCN1CCCCC1)c1ccc2c(=O)n(-c3ccccc3F)c(=O)[nH]c2c1,CHEMBL223666,0.4542916957431961,1
O=C(NCCN1CCCCC1)c1ccc2c(=O)n(-c3ccc(F)cc3)c(=O)[nH]c2c1,CHEMBL224389,0.4542916957431961,1
O=C(NCCN1CCCC1)c1ccc2c(=O)n(-c3ccccc3F)c(=O)[nH]c2c1,CHEMBL224581,0.4542916957431961,1
O=C(NCCN1CCCC1)c1ccc2c(=O)n(-c3ccc(F)cc3)c(=O)[nH]c2c1,CHEMBL224245,0.4542916957431961,1
O=C(NCCN1CCCCC1)c1ccc2c(=O)n(-c3cccc(F)c3)c(=O)[nH]c2c1,CHEMBL390571,0.4542916957431961,1
O=C(NCCN1CCCC1)c1ccc2c(=O)n(-c3cccc(F)c3)c(=O)[nH]c2c1,CHEMBL224188,0.4542916957431961,1
C#CCN(CC(C)C)C(=O)Cc1cc(C2NC(=O)NC(C)=C2C(=O)Nc2ccc3[nH]ncc3c2)ccc1F,CHEMBL4224755,0.45429157239818985,1
Cc1cc2c(-c3cccc(O)c3)cnc(NC3CCNCC3)c2[nH]c1=O,CHEMBL3586721,0.454282025534357,1
CN(C)Cc1ccc(-c2nc3sc4c(c3c(=O)[nH]2)CCC(CO)C4)cc1,CHEMBL4105524,0.45425319315318446,1
O=C(CSc1nc2ccc(Cl)cc2c(=O)n1Cc1ccccc1)NNC(=S)NCc1ccccc1,CHEMBL3402876,0.4542494170619922,1
c1ccc2c(c1)CC(c1nc3ccc(-c4cn[nH]c4)cc3[nH]1)CO2,CHEMBL455659,0.4542327912347075,1
Cc1[nH]ncc1-c1ccc2nc(C3COc4ccccc4C3)[nH]c2c1,CHEMBL453635,0.4542327912347074,1
Nc1ccc(-c2c[nH]c3ccc(-c4cnccn4)cc23)c(F)n1,CHEMBL1910906,0.4542314335060447,1
O=C1CCC(c2cccc(C(=O)N3CCOCC3)c2)(C2CCN(Cc3ccc(Br)cc3)CC2)C(=O)N1,CHEMBL495728,0.45422413793103456,1
COc1ccc(C(CNC(=O)c2cc3ccccc3cc2O)N2CCOCC2)cc1,CHEMBL1377724,0.4542179926179569,1
CCCCNCc1ccc(-c2cc3c4c(c[nH]c4c2)C(=O)NNC3=O)cc1,CHEMBL3617778,0.45421760611634016,1
CNCc1ccc(-c2cc3c4c(c[nH]c4c2)C(=O)NNC3=O)cc1,CHEMBL3617775,0.45421760611634016,1
CCCNCc1ccc(-c2cc3c4c(c[nH]c4c2)C(=O)NNC3=O)cc1,CHEMBL3617776,0.45421760611634016,1
O=C1CSc2ccc(OCC(O)CN3CCN(C(=O)c4ccc(F)cc4)CC3)cc2N1,CHEMBL142912,0.45419452028999147,1
O=C1CSc2cc(OCC(O)CN3CCN(C(=O)c4ccc(F)cc4)CC3)ccc2N1,CHEMBL342061,0.45419452028999147,1
O=C(N[C@H](Cc1c[nH]c2ccccc12)C(=O)N1CCC2(CCc3ccccc32)CC1)C1CCCCN1,CHEMBL303006,0.4541881790860753,1
Cn1c2c(c3cc(S(=O)(=O)c4ccc(O)cc4)ccc31)C1CCC(C2)N1,CHEMBL3664729,0.4541818567939687,1
Cn1c2c(c3cc(S(=O)(=O)c4cccc(O)c4)ccc31)C1CCC(C2)N1,CHEMBL1950765,0.4541818567939687,1
CO[C@H]1CC[C@]2(CC1)Cc1ccc(-c3cccc(C#N)c3)cc1C21CC(=O)N(C)C(N)=N1,CHEMBL3968267,0.4541699066874027,1
CO[C@H]1CC[C@@]2(CC1)Cc1ccc(-c3cccc(C#N)c3)cc1C21CC(=O)N(C)C(N)=N1,CHEMBL3968463,0.4541699066874027,1
CN(C)CCNC(=O)c1cccc2c(N)c3cccc(-c4ccc(N)cc4)c3nc12,CHEMBL160719,0.45414859460372886,1
Cn1cc(-c2cccc(-n3ccc4cc(C5CC5)cc(F)c4c3=O)c2CO)cc1C(N)=O,CHEMBL3649459,0.4541428737909333,1
CN1CC(Cc2c(F)cccc2F)CC(NC(=O)c2ccc3[nH]nc(-c4ccn5ncnc5c4)c3c2)C1,CHEMBL3658457,0.454126710483784,1
NC(=O)CCn1cc(-c2ccc3c(c2)C(O)(C(F)(F)F)c2cccc(CO)c2-3)cn1,CHEMBL3681788,0.45412298312142163,1
COc1ccc(C2CC3(CC(C)(C)NC(=O)N3)Oc3cc(O)ccc32)cc1,CHEMBL1342709,0.45411542100283825,1
CCN1CCN(Cc2cnc(-c3ccc(C(=O)Nc4ccccc4N)cc3)c(C#N)c2)CC1,CHEMBL256985,0.45406318634904597,1
Cc1[nH]c(/C=C2\C(=O)Nc3ncc(F)cc32)c(C)c1C(=O)NCCN(C)C,CHEMBL3597560,0.4540631662452276,1
CCN(CC)CCNC(=O)c1c(C)[nH]c(/C=C2\C(=O)Nc3ncc(Cl)cc32)c1C,CHEMBL3597571,0.4540631662452276,1
CCN(CC)CCNC(=O)c1c(C)[nH]c(/C=C2\C(=O)Nc3ncc(Br)cc32)c1C,CHEMBL3597579,0.4540631662452276,1
Cc1[nH]c(/C=C2\C(=O)Nc3ncccc32)c(C)c1C(=O)NCCN(C)C,CHEMBL1914683,0.4540631662452276,1
CCN(CC)CCNC(=O)c1c(C)[nH]c(/C=C2\C(=O)Nc3ncc(F)cc32)c1C,CHEMBL199191,0.4540631662452276,1
Cc1[nH]c(/C=C2\C(=O)Nc3ncc(Cl)cc32)c(C)c1C(=O)NCCN(C)C,CHEMBL3597570,0.4540631662452276,1
Cc1[nH]c(/C=C2\C(=O)Nc3ncc(Br)cc32)c(C)c1C(=O)NCCN(C)C,CHEMBL3597578,0.4540631662452276,1
CC(C)N1COc2cc3c(cc2C1)C=C(c1ccc(O)cc1)CO3,CHEMBL3633751,0.45403570901578844,1
O=C1[C@H]2Cc3c([nH]c4ccccc34)[C@@H](c3ccc(O)nc3)N2C(=O)CN1[C@@H]1CCN(Cc2ccccc2)C1,CHEMBL34169,0.45402579295921924,1
O=C(NCCCN1CCOCC1)c1cccc(Cc2n[nH]c(=O)c3c2CCCC3)c1,CHEMBL3894180,0.4540133779264211,1
Cc1ccc2[nH]c(=O)c(CN(Cc3ccccc3)C(=O)c3ccc(NC(=N)N)cc3)cc2c1,CHEMBL3415694,0.45400384843102415,1
O=c1[nH]c(C2CCc3ccccc3O2)nc2ccc(-c3cn[nH]c3)cc12,CHEMBL1684196,0.4539743130939598,1
COc1ccc(C(N)c2nc3ccc(-c4c[nH]nc4C)cc3c(=O)[nH]2)cc1,CHEMBL2334287,0.4539590443686009,1
COc1ccc(C(N)c2nc3ccc(-c4cn[nH]c4)cc3c(=O)[nH]2)cc1,CHEMBL2334288,0.4539590443686009,1
CN1CCCC1COc1ccc(-c2cccc(N)n2)c2ccccc12,CHEMBL42863,0.45395008250825075,1
CC(C)NC(=O)[C@H]1CC[C@@H](n2/c(=N/C(=O)c3ccc(F)cc3)[nH]c3ccc(CN4CCNC(=O)C4)cc32)CC1,CHEMBL2172334,0.4539445698766403,1
CN(C)CCc1cccc2[nH]c(-c3nc(CCCN4CCCC4)no3)cc12,CHEMBL377358,0.45394151802060967,1
O=c1[nH]c2ccc(C3=NN=C(NCc4cccnc4)SC3)cc2[nH]1,CHEMBL4291431,0.45391495490032563,1
O=c1[nH]c2ccc(C3=NN=C(NCc4ccncc4)SC3)cc2[nH]1,CHEMBL4277463,0.45391495490032563,1
NCC1CNC(=O)c2cc3ccc(C(=O)Nc4cccnc4)cc3n2C1,CHEMBL272309,0.4539118313294999,1
COc1ccc2c(c1)C(=O)N(C[C@@]1(C#Cc3cccc(C(C)C)c3)NC(=O)NC1=O)C2,CHEMBL1288090,0.4538673297220492,1
NC(=O)c1cc2c(Oc3ccc(C(=O)NCCN4CCOCC4)cc3)cncc2s1,CHEMBL326360,0.4538536269430051,1
CNC(=O)c1cc2c(Oc3ccc(C(=O)NCCN4CCOCC4)cc3)cncc2s1,CHEMBL119348,0.4538536269430051,1
O=c1[nH]c2ccc(OC3CCN(CCN4CCCCC4)CC3)cc2c2c1CSCC2,CHEMBL1089332,0.45385188757837486,1
Cn1ccc2c(NC(=O)NCCN3CCC(O)(Cc4ccccc4)CC3)ccnc21,CHEMBL3358667,0.4538442602773446,1
Cc1c(-c2ccc(N3CCNCC3)cc2)n(C)c2nc(C(N)=O)cc(Cl)c12,CHEMBL4060267,0.45384118786313726,1
Cn1c(-c2ccc(N3CCNCC3)cc2)cc2c(Cl)cc(C(N)=O)nc21,CHEMBL4079062,0.45384118786313726,1
COc1ccc2c(c1CN1CCNCC1)O/C(=C\c1n[nH]c3ccccc13)C2=O,CHEMBL2147845,0.4538315217391306,1
Nc1ccc(-c2cncc(OC[C@@H](N)Cc3c[nH]c4ccccc34)c2)cc1,CHEMBL206179,0.45382677775624874,1
CN1CCN(CCCN(C(=O)Nc2ccc(F)c(Cl)c2)C2CCc3ccc(S(=O)(=O)N(C)C)cc3C2)CC1,CHEMBL217080,0.4538127712337259,1
CN1CCN(CCCN(C(=O)Nc2ccc(F)c(Cl)c2)C2CCc3ccc(S(C)(=O)=O)cc3C2)CC1,CHEMBL217114,0.4538127712337259,1
O=C(c1ccc(N2C(=O)O/C(=C\c3ccc(O)c(Br)c3)C2=O)cc1)N1CCNCC1,CHEMBL2018228,0.45379513633013985,1
Cc1ccc2nc(N3CCCc4ccc(F)cc4C3)cc(NC(=O)CN)c2c1,CHEMBL4174923,0.45378805218585494,1
Cc1[nH]c2c(c1C(=O)NCCO)CCC/C2=C1/C(=O)Nc2ccc(F)cc21,CHEMBL2430262,0.45378553702816843,1
[2H]C1([2H])OC(N)=N[C@]12c1cc(-c3cncc(C)c3)ccc1C[C@]21CC[C@@H](OC)CC1,CHEMBL4093123,0.4537665621049674,1
CO[C@H]1CC[C@]2(CC1)Cc1ccc(-c3cccnc3)cc1[C@@]21COC(N)=N1,CHEMBL4117959,0.4537665621049674,1
[2H]C1([2H])OC(N)=N[C@]12c1cc(-c3cccnc3)ccc1C[C@]21CC[C@@H](OC)CC1,CHEMBL4074071,0.4537665621049674,1
CO[C@H]1CC[C@]2(CC1)Cc1ccc(-c3cncc(C)c3)cc1[C@@]21COC(N)=N1,CHEMBL4116294,0.4537665621049674,1
O=C(Nc1cnccc1N1CCNCC1)c1csc(-c2ccc3c(c2)CCO3)n1,CHEMBL2381107,0.4537629443968079,1
O=C(Nc1cnccc1N1CCNCC1)c1csc(-c2ccc3occc3c2)n1,CHEMBL2381109,0.4537629443968079,1
O=C(Nc1ccncc1N1CCNCC1)c1csc(-c2ccc3c(c2)CCO3)n1,CHEMBL2381106,0.4537629443968079,1
O=C1CN2C(=NN1)COc1ccc(NC(=O)CC3CCNCC3)cc12,CHEMBL3356460,0.4537543007488362,1
COCCN(C)C1Cc2ccc(NC(=O)N[C@@H]3CC(C)(C)Oc4cc(F)ccc43)cc2NC1=O,CHEMBL3682392,0.453753574040827,1
O=C(O)CCCN1Cc2ccc(NC(=O)c3ccc(C4CCNCC4)cc3)cc2C1=O,CHEMBL1852799,0.4537405041002159,1
C[C@@H]1C(=O)NN=C2COc3cc(C(F)(F)F)c(NC4(C)CN(C)C4)cc3N21,CHEMBL3355114,0.453740492677943,1
O=C1NC(N2CCCC2)C(=O)N2C(c3ccccc3)c3[nH]c4ccccc4c3C[C@@H]12,CHEMBL108180,0.4537370315477449,1
CC1(C)c2cccc(C(=O)NO)c2CN1c1nc2ccc(C(F)(F)F)cc2[nH]1,CHEMBL4127020,0.45373637575472436,1
CN(C)CCCc1c(/C=C2\C(=O)Nc3ccc(S(=O)(=O)NCCO)cc32)[nH]c2c1CCCC2,CHEMBL54574,0.4537243256619647,1
NS(=O)(=O)c1ccc2c(c1)/C(=C/c1cn(CCCC(=O)N3CCOCC3)c3ccccc13)C(=O)N2,CHEMBL322152,0.4537121906507792,1
COc1cccc(CNC(=O)c2cn(CCCO)c3cc(-c4cn[nH]c4)ccc23)c1,CHEMBL1922128,0.4536976376738985,1
N#Cc1ccc(-c2cnc3ccc(-c4ccc(C(=O)N5CCNCC5)cc4)nn23)cc1,CHEMBL4208772,0.4536919831223629,1
O=C1NCC2(CCNCC2)c2[nH]c(-c3ccnc(-c4cnc5ccccc5c4)n3)cc21,CHEMBL1779361,0.45368132315798054,1
N[C@]1(c2ccc(-c3nc4nc(O)ccn4c3-c3ccccc3)cc2)C[C@H](O)C1,CHEMBL3703152,0.4536752508634052,1
Cc1sc(N)nc1-c1ccc2[nH]c3c4c(c5c(c3c2c1)C(=O)NC5=O)CCC4,CHEMBL245537,0.45367436245661685,1
Nc1nc(-c2ccc3[nH]c4c5c(c6c(c4c3c2)C(=O)NC6=O)CCC5)cs1,CHEMBL397772,0.45367436245661685,1
CNc1nc(-c2ccc3[nH]c4c5c(c6c(c4c3c2)C(=O)NC6=O)CCC5)cs1,CHEMBL245538,0.45367436245661685,1
N=C(N)c1ccc2oc(CCc3ccc(O[C@H]4CCNC4)cc3)cc2c1,CHEMBL19626,0.453671804170444,1
O=C1N/C(=N\c2ccc(O)cc2)S/C1=C1\C(=O)Nc2ccc(Br)cc21,CHEMBL4203444,0.45364652544360196,1
O=C1N/C(=N/c2cccc(O)c2)S/C1=C1\C(=O)Nc2ccccc21,CHEMBL3800610,0.45364652544360196,1
CC(C)(C)c1[nH]cnc1/C=c1\[nH]c(=O)/c(=C/c2cccc(C(=O)N3CCOCC3)c2)[nH]c1=O,CHEMBL4226315,0.453646334423706,1
CC(C)NC(=O)c1cccc(-c2n[nH]c3ccc(-c4nc[nH]n4)cc23)c1,CHEMBL3985586,0.4536297462128663,1
C[C@]12CCC3c4ccc(O)cc4CCC3C1Cc1c2n[nH]c1C(=O)NCC1CCCO1,CHEMBL196117,0.4536126219959109,1
CN(C)CCOc1cc(-c2cn[nH]c2)ccc1NC(=O)C1NCCc2ccccc21,CHEMBL1215091,0.45359611263694816,1
O=C(Nc1cccc(-c2cn[nH]c2)c1)[C@H](Cc1ccccc1)NCc1cscn1,CHEMBL2069586,0.4535946600909823,1
CC(C)S(=O)(=O)Nc1cccc(Cc2n[nH]c(=O)c3c2CCCC3)c1,CHEMBL3934647,0.45359211144154005,1
COc1ccc2c(c1)C(=O)N(C[C@@]1(C#Cc3ccc(CCN)cc3)NC(=O)NC1=O)C2,CHEMBL3642431,0.453591546702993,1
Cn1cncc1CNC(=O)c1ccc2cc(-c3n[nH]c4ccccc34)[nH]c2c1,CHEMBL1684681,0.4535868226600985,1
CN1CCN(Cc2ccc3c4c(c(=O)[nH]c3c2)CCCN4)CC1,CHEMBL3649760,0.4535598705501618,1
CN(C)CCNC(=O)[C@@H]1c2ccccc2C[C@H]1NC(=O)c1cc2ccccc2[nH]1,CHEMBL4172217,0.4535439714982184,1
CN(C)CCNC(=O)[C@H]1c2ccccc2C[C@@H]1NC(=O)c1cc2ccccc2[nH]1,CHEMBL4164328,0.4535439714982184,1
Cc1ccc2[nH]c(C(=O)N[C@H]3Cc4ccccc4[C@H]3C(=O)NCCN(C)C)cc2c1,CHEMBL4162000,0.4535439714982184,1
O=C1Cc2cc(C[C@@H](NC(=O)N3CCC(N4Cc5ccccc5NC4=O)CC3)C(=O)N3CCC(N4CCCCC4)CC3)ccc2N1,CHEMBL2059877,0.45353080712851984,1
O=C(N[C@H](Cc1ccc2[nH]c(=O)oc2c1)C(=O)N1CCC(N2CCCCC2)CC1)N1CCC(N2Cc3ccccc3NC2=O)CC1,CHEMBL2059853,0.45353080712851984,1
OC(COc1ccc(-c2ccn[nH]2)cc1)CN1CCc2ccccc2C1,CHEMBL3956214,0.4535258022331756,1
CNC(=O)c1cc(Oc2ccc(C3=NN(C(N)=S)C(c4ccc(C#N)cc4)C3)cc2)ccn1,CHEMBL4205264,0.45350273513322736,1
O=C(c1cc(Cc2n[nH]c(=O)c3ccccc23)cc(F)c1F)N1CCN(c2ccc(O)cc2)CC1,CHEMBL4167280,0.4534909658710682,1
Nc1ccc(Cc2cccc(NC(=O)N3CCN(c4ccccc4)C3=O)c2)cn1,CHEMBL3977213,0.4534787552982528,1
CC(=O)N1CCC[C@H]1[C@@H](NC(=O)N1CCc2cnc(NC(C)C)nc2C1)c1ccc(Cl)c(F)c1,CHEMBL3977524,0.4534758916776746,1
CC(=O)Nc1n[nH]c2cc(-c3c(C4CC4)n[nH]c3C)ccc12,CHEMBL4126357,0.4534608770421323,1
Cc1ccc2c(c1)[C@]1(C)C=C(NC(=O)CCN3CCN(C)CC3)C(=O)C[C@@H]1O2,CHEMBL3250083,0.4534385871019534,1
NS(=O)(=O)c1ccc(-c2cc3ccncc3cc2OCC2CCCNC2)cc1,CHEMBL482944,0.4534351145038168,1
NS(=O)(=O)c1ccc(-c2cc3ccncc3cc2OCC2CCNCC2)cc1,CHEMBL521130,0.4534351145038168,1
O=C1Nc2cc(-c3ccccc3)ccc2/C1=C/c1[nH]cc2c1CCNC2=O,CHEMBL57325,0.4534335887307857,1
O=C(N[C@@H]1N=C(c2ccccc2)c2ccccc2N(CC(F)(F)F)C1=O)N1CCC(N2CCNC2=O)CC1,CHEMBL425807,0.45340111353183243,1
CCN1CCN(CCCC(=O)Nc2n[nH]c3nnc(-c4ccccc4)cc23)CC1,CHEMBL409738,0.4533917301789841,1
CCN1CCN(CCCC(=O)Nc2n[nH]c3nnc(-c4cccc(F)c4F)cc23)CC1,CHEMBL1992740,0.4533917301789841,1
NCC1CCCCN1c1cccc(-c2n[nH]c3cnc(-c4cccnc4)cc23)n1,CHEMBL3895900,0.45338743159086653,1
Nc1ncc(-c2ccc(CN3CCCC3)s2)cc1C(=O)Nc1ccncc1,CHEMBL3924260,0.4533845189595738,1
CN1CC[C@]23Cc4[nH]c5ccccc5c4C[C@]2(Cc2ccc(O)cc23)C1,CHEMBL562139,0.4533808769149497,1
O=C(c1cncc(N2C[C@H]3CNC[C@H]3C2)c1)N1CCc2ccccc2C1,CHEMBL1939305,0.4533725298056506,1
CC(C(O)c1ccc2c(c1)CCC(=O)N2)N1CCC(O)(c2ccc(Cl)cc2)CC1,CHEMBL247842,0.453367394333488,1
CC(C(O)c1ccc2c(c1)CCC(=O)N2)N1CCC(O)(c2cccc(F)c2)CC1,CHEMBL404852,0.453367394333488,1
CC(C(O)c1ccc2c(c1)CN(C)C(=O)N2)N1CCC(O)(c2ccc(F)cc2)CC1,CHEMBL246816,0.453367394333488,1
Cc1ccc(C2(O)CCN(C(C)C(O)c3ccc4c(c3)CCC(=O)N4)CC2)cc1,CHEMBL247840,0.453367394333488,1
CC(C(O)c1ccc2c(c1)CCC(=O)N2)N1CCC(O)(c2ccc(F)cc2)CC1,CHEMBL404851,0.453367394333488,1
O=C1CCc2cc([C@@H](O)CN3CCC(O)(c4cccc(F)c4)CC3)ccc2N1,CHEMBL237793,0.453367394333488,1
CC(C(O)c1ccc2[nH]c(=O)oc2c1)N1CCC(O)(c2ccc(F)cc2)CC1,CHEMBL246634,0.453367394333488,1
O=C1CCc2cc(C(O)CN3CCC(O)(c4cccc(F)c4)CC3)ccc2N1,CHEMBL246819,0.453367394333488,1
CC(C)(N)C(=O)N[C@@H](Cc1c[nH]c2ccccc12)C(=O)N1CCC2(CCc3ccccc32)CC1,CHEMBL68730,0.45336688782124596,1
CC(C)(N)C(=O)N[C@H](Cc1c[nH]c2ccccc12)C(=O)N1CCC2(CC1)CSc1ccccc12,CHEMBL540504,0.45336688782124596,1
CC(C)(N)C(=O)N[C@H](Cc1c[nH]c2ccccc12)C(=O)N1CCC2(CCc3ccccc32)CC1,CHEMBL558802,0.45336688782124596,1
CC(C)(N)C(=O)N[C@H](Cc1c[nH]c2ccccc12)C(=O)N1CCC2(CCCc3ccccc32)CC1,CHEMBL13841,0.45336688782124596,1
CC(C)(N)C(=O)N[C@H](Cc1c[nH]c2ccccc12)C(=O)N1CCCC2(CCc3ccccc32)C1,CHEMBL269447,0.45336688782124596,1
O=C(O)Cn1ccc2cc(CN3CCCC(Nc4ccc5[nH]ncc5c4)C3)ccc21,CHEMBL3689457,0.4533543493251894,1
CCNC(=O)c1ccc2c(c1)NC(=O)/C2=C(\Nc1ccc(N(C)C(=O)CN2CCN(C)CC2)cc1)c1ccccc1,CHEMBL1271853,0.45335212103233447,1
CNC(=O)c1ccc2c(c1)/C(=C(/Nc1ccc(N(C)C(=O)CN3CCN(C)CC3)cc1)c1ccccc1)C(=O)N2,CHEMBL4083922,0.45335212103233447,1
CSc1nn(-c2ccc(N)cc2)c2cc(CN3CCNCC3)ccc12,CHEMBL3666154,0.45335114673792004,1
O=C(C1=C(O)C(=O)N(CCCN2CCOCC2)C1c1ccc(F)cc1)c1ccccc1,CHEMBL1600931,0.45334098627254,1
O=C(C1=C(O)C(=O)N(CCCN2CCOCC2)C1c1ccc(Cl)cc1)c1ccc(F)cc1,CHEMBL1501929,0.45334098627254,1
O=C(C1=C(O)C(=O)N(CCCN2CCOCC2)C1c1ccccc1F)c1ccc(F)cc1,CHEMBL203574,0.45334098627254,1
CC(=O)Nc1nc(CCc2ccc(NC(=N)N)cc2)c(Cc2ccccc2)s1,CHEMBL3039938,0.4533261075734994,1
Nc1ccccc1NC(=O)c1ccc(N2CCC3(CC2)CNCc2ccccc23)nc1,CHEMBL486738,0.45332557312380756,1
N=C(N)NCCCc1nccc2c1[nH]c1ccccc12,CHEMBL1821998,0.4533212358531112,1
Cc1cccc(CNC(=O)c2cc3c(O)cccc3n2Cc2cccc(C(=N)N)c2)c1,CHEMBL76987,0.4533166203672335,1
N=C(N)c1cccc(Cn2c(C(=O)NCc3ccccc3)cc3c(O)cccc32)c1,CHEMBL91848,0.45331662036723336,1
N=C(N)c1cccc(Cn2c(C(=O)NCc3cccc(F)c3)cc3c(O)cccc32)c1,CHEMBL91756,0.45331662036723336,1
N=C(N)c1cccc(Cn2c(C(=O)NCc3cc(F)cc(F)c3)cc3c(O)cccc32)c1,CHEMBL327562,0.45331662036723336,1
O=C1[C@@H](NS(=O)(=O)/C=C/c2ccc(Cl)s2)CCN1c1ccc2c(c1F)CCNC2,CHEMBL1689022,0.4532995171438322,1
O=C1[C@@H](NS(=O)(=O)/C=C/c2ccc(Cl)s2)CCN1c1ccc2c(c1F)CCCNC2,CHEMBL1689029,0.4532995171438322,1
O=C1[C@@H](NS(=O)(=O)/C=C/c2ccc(Cl)s2)CCN1c1cc2c(cc1F)CNCC2,CHEMBL1689023,0.4532995171438322,1
O=C1[C@@H](NS(=O)(=O)/C=C/c2ccc(Cl)s2)CCN1c1ccc2c(c1)CCNC2,CHEMBL1689014,0.4532995171438322,1
O=C1[C@@H](NS(=O)(=O)/C=C/c2ccc(Cl)s2)CCN1c1ccc2c(c1)CCCNC2,CHEMBL1689026,0.4532995171438322,1
O=C1[C@@H](NS(=O)(=O)/C=C/c2ccc(Cl)s2)CCN1c1ccc2c(c1)CNCC2,CHEMBL1689018,0.4532995171438322,1
CN(C)CCOc1ccccc1C1NCCc2c1[nH]c1ccccc21,CHEMBL2094285,0.45328686685444197,1
NCCC(=O)N1CCc2c([nH]c3ccc(O)cc23)C1c1cccc(O)c1,CHEMBL604670,0.4532705882352939,1
O=C(Nc1ccc2[nH]nc(S(=O)(=O)c3cccc4ccccc34)c2c1)C1CCNCC1,CHEMBL1739656,0.4532674093048193,1
O=C(Nc1ccc2c(S(=O)(=O)c3cccc4ccccc34)n[nH]c2c1)C1CCNCC1,CHEMBL1642871,0.4532674093048191,1
Nc1ccc(-c2ccccc2)cc1NC(=O)c1cnc2c(ccn2CCN2CCOCC2)c1,CHEMBL3913445,0.453263772436495,1
CC(C)S(=O)(=O)Nc1cccc(-c2cc(NC(=O)c3ccc(N4CCN(C)CC4)cc3)[nH]n2)c1,CHEMBL1807474,0.45325841285786084,1
CN1CCN(c2cnc3cccc(-c4cccc(O)c4)c3c2)CC1,CHEMBL1766523,0.4532550991897177,1
O=C1c2ccccc2C(=O)c2c1ccc1nc(CCN3CCN(Cc4ccccc4)CC3)[nH]c21,CHEMBL2336655,0.45323113354521105,1
C[C@@H]1CN(Cc2c[nH]nc2-c2ccc(C(N)=O)[nH]2)CCN1c1ccc(C(F)(F)F)cn1,CHEMBL3719277,0.4532310177705975,1
COc1ccc2c(c1CN1CCNCC1)O/C(=C\c1c[nH]c3cccnc13)C2=O,CHEMBL2147770,0.45321857329879406,1
CC(C)NC(=O)c1cccc2[nH]c(C3=CC(C)(C)NC3(C)C)nc12,CHEMBL513251,0.4532025768331211,1
O=C(/C=C/c1ccc2c(c1)C(O)CC1(CCN(Cc3ccccc3)CC1)O2)NO,CHEMBL1938447,0.4531794686861401,1
Cc1ccc(C(=O)N2CCN(CC(=O)Nc3ccc4c(c3)CCc3nnc(Cc5ccccc5)n3-4)CC2)cc1,CHEMBL458922,0.453137533164682,1
O=C(CN1CCN(C(=O)c2ccccc2)CC1)Nc1ccc2c(c1)CCc1nnc(Cc3ccccc3)n1-2,CHEMBL455897,0.453137533164682,1
Cc1cccc(C(=O)N2CCN(CC(=O)Nc3ccc4c(c3)CCc3nnc(Cc5ccccc5)n3-4)CC2)c1,CHEMBL456167,0.453137533164682,1
Cc1ccc(C(N)=O)cc1-c1ccc2cccc(-c3cc4c([nH]3)CCNC4=O)c2n1,CHEMBL3889720,0.45312635881380975,1
NC(=O)NCCCCN(C[C@H]1Cc2ccccc2CN1)[C@H]1CCCc2cccnc21,CHEMBL3091685,0.45312318475777397,1
NC(=O)NC/C=C\CN(C[C@H]1Cc2ccccc2CN1)[C@H]1CCCc2cccnc21,CHEMBL4160401,0.45312318475777397,1
CN(C)c1ccc(-c2[nH]nc3c2C(=O)c2c(NC(=O)CN4CCOCC4)cccc2-3)cc1,CHEMBL342275,0.4531108289497549,1
COc1ccc(-c2[nH]nc3c2C(=O)c2c(NC(=O)CN4CCOCC4)cccc2-3)cc1,CHEMBL434081,0.4531108289497549,1
CC(=O)N[C@@H]1Cc2c([nH]c3ccccc23)CN([C@@H](CCCCN)C(=O)NCc2ccccc2)C1=O,CHEMBL501699,0.4531069216633773,1
CCOC(=O)c1ccc(NC(=O)c2cc(-c3ccc(NC(=N)N)cc3)on2)cc1,CHEMBL3305168,0.45309321327330343,1
CN1CCN(c2ccc(/C=C(\C#N)c3nc4ccccc4[nH]3)cc2)CC1,CHEMBL3410121,0.45309230411532175,1
O=C(NCCCCN1CCN(c2ccccc2)CC1)[C@H]1CCc2ccccc2N1,CHEMBL3358505,0.45309113427598285,1
Cc1cccc(N2CCN(CCCCNC(=O)[C@@H]3CCc4ccccc4N3)CC2)c1,CHEMBL3358508,0.45309113427598285,1
Cc1cccc(N2CCN(CCCCNC(=O)[C@H]3CCc4ccccc4N3)CC2)c1,CHEMBL3358506,0.45309113427598285,1
O=C(NCCCCN1CCN(c2ccccc2)CC1)[C@@H]1CCc2ccccc2N1,CHEMBL3358507,0.45309113427598285,1
CN1C(=N)N[C@](c2ccccc2)(c2cccc(-c3cccc(C#N)c3)c2)CC1=O,CHEMBL2151136,0.45308226383336825,1
NC(=O)c1cccc2[nH]c(-c3ccc(N4CCN(Cc5ccccc5)CC4)nc3)nc12,CHEMBL2001099,0.45308024290570176,1
Cc1c(C(=O)O)c2cc(OCCN3CCNCC3)ccc2n1Cc1ccccc1,CHEMBL3775622,0.4530743007352034,1
N#Cc1cc2[nH]cc(C(=O)O)c2cc1-c1ccc(C2(O)CCC2)cc1,CHEMBL3931350,0.4530657395701641,1
CC1(C)CNC(=O)c2cc3ccc(C(=O)Nc4cnn(Cc5ccccc5)c4)cc3n21,CHEMBL3963988,0.45305156382079437,1
CC1(C)c2cc(OCC(N)=O)ccc2C(=O)c2c1[nH]c1cc(C#N)ccc21,CHEMBL3977837,0.45304241767177117,1
Nc1ccc(-c2c[nH]c3ccc(-c4cncc(N5CCCC(N)C5)n4)cc23)c(F)n1,CHEMBL1910909,0.4530299797290089,1
CC(C)N1CCN(Cc2ccc3c(c2)-c2n[nH]c(=O)c4cccc(c24)O3)CC1,CHEMBL3644767,0.4530166957989273,1
Cc1nc2c(c(-c3ccc(Cl)cc3Cl)c1CN)CN(CC(=O)N1CCC(C(N)=O)CC1)C2=O,CHEMBL1910119,0.4530130442770528,1
c1cc(NC2CCNCC2)nc(-n2ccc3ccccc32)c1,CHEMBL483315,0.453006203647558,1
c1cc(-c2nnc[nH]2)c2nc(NC3CC3)c3ccsc3c2c1,CHEMBL2017334,0.4529944978822783,1
O=C1OC(O)C(c2ccc(C(=O)N3CCNCC3)cc2)=C1Br,CHEMBL2071519,0.4529854136173218,1
O=C(C[C@H]1CNC(=O)c2cc(-c3cccc(F)c3)cn21)N[C@H](CO)Cc1ccccc1,CHEMBL3297758,0.4529819075273619,1
COc1cc(O)ccc1-c1ccc2c(-c3ncc[nH]3)n[nH]c2c1,CHEMBL3932910,0.45297897196261666,1
CN1C(c2ccc(F)c(C(=O)N3CCOCC3)c2)c2ccc3cccnc3c2NS1(=O)=O,CHEMBL3904731,0.4529781191247648,1
CNC(=O)/C=C(\c1ccccc1)c1ccc2nc(N)c(-c3ccccc3)n2c1,CHEMBL346260,0.45297548528205583,1
Cc1ccc(-n2nc(-c3ccccc3)c3cc(C(=O)NCCN)sc32)cc1,CHEMBL531332,0.4529731209784144,1
CC(=O)N[C@@H]1CC[C@@H]1Nc1nc2c(-c3cc4c([nH]3)CCNC4=O)cccc2nc1C,CHEMBL3986065,0.4529698708751791,1
O=C(NCCN1CC2CC(n3c(=O)[nH]c4ccccc43)CC2C1)c1ccc2ccccc2c1,CHEMBL3357316,0.45294893056087054,1
CCCCNCc1ccc(-c2[nH]c3cccc4c3c2C(=O)NNC4=O)cc1,CHEMBL3617771,0.45293638712874784,1
CNCc1ccc(-c2[nH]c3cccc4c3c2C(=O)NNC4=O)cc1,CHEMBL3617768,0.45293638712874784,1
CNCc1ccc(-c2[nH]c3cc(F)cc4c3c2C(=O)NNC4=O)cc1,CHEMBL3617772,0.45293638712874784,1
CCCNCc1ccc(-c2[nH]c3cccc4c3c2C(=O)NNC4=O)cc1,CHEMBL3617769,0.45293638712874784,1
CCCNCc1ccc(-c2[nH]c3cc(F)cc4c3c2C(=O)NNC4=O)cc1,CHEMBL3617773,0.45293638712874784,1
CCCCNCc1ccc(-c2[nH]c3cc(F)cc4c3c2C(=O)NNC4=O)cc1,CHEMBL3617774,0.45293638712874784,1
COc1ccc(-c2ccc(CNC3Cc4ccccc4C3)cc2)cc1S(=O)(=O)NCCN1CCCC1,CHEMBL527970,0.4529247700889489,1
N#Cc1c(Cc2c(O)noc2C2CCNCC2)ccc2ccccc12,CHEMBL371775,0.4529124149659863,1
O=C1[C@H](c2ccc(F)cc2)[C@@H](c2ccc3c(c2)OCO3)N1C1CCNCC1,CHEMBL3787437,0.45290726703281736,1
O=C(c1ccccc1-c1ccc(-c2cnc3[nH]ccc3n2)c(F)c1)N1CCOCC1,CHEMBL3697184,0.4529016890428754,1
O=C1CC[C@@H](C(=O)Nc2cncc(-c3cccc4[nH]ccc34)c2)N1,CHEMBL3425955,0.45290077900778997,1
O=C(Cc1cccc(O)c1)Nc1nc(-c2c[nH]c3ncccc23)cs1,CHEMBL4245089,0.45289605438427266,1
O=C(CCN1CCCCC1)N1CCc2nc(O)c3ccccc3c2C1,CHEMBL84741,0.45288669513615437,1
O=C(CCN1CCCCC1)N1CCc2c(nc(O)c3ccccc23)C1,CHEMBL309636,0.45288669513615437,1
NCCCC1(c2ccccc2)CC(c2cc(F)ccc2F)=NN1C(=O)N1CCOCC1,CHEMBL210741,0.4528834967591818,1
Nc1ncnc2c1sc1cc(-c3ccccc3O)ccc12,CHEMBL3347657,0.45287131355366744,1
CNCCN(C)Cc1ccc(C(=O)Nc2cc(-c3ccccc3)ccc2O)cc1,CHEMBL3664115,0.4528697517920709,1
CSc1ccccc1N1CCN(Cc2ccc(C(=O)N3Cc4ccccc4C[C@H]3C(N)=O)cc2)CC1,CHEMBL3235746,0.45286384019567866,1
CN[C@@H](C)C(=O)N[C@H](C(=O)N1c2ncccc2C[C@H]1CNc1ccc2ccccc2c1)C(C)C,CHEMBL3957174,0.45285132066079703,1
NC1C=C(c2cc3c(cc2F)c(=O)c(C(=O)O)cn3C2CC2)CC1,CHEMBL293970,0.4528099213905569,1
N=C(Nc1ccc2ccn(CCCN3CCOCC3)c2c1)c1cccs1,CHEMBL3216283,0.4527974627087565,1
N=C(Nc1ccc2c(ccn2CCCN2CCOCC2)c1)c1cccs1,CHEMBL3216761,0.4527974627087565,1
N=C(Nc1ccc2ccn(CCCN3CCOCC3)c2c1)c1ccsc1,CHEMBL3216500,0.4527974627087565,1
Cc1cc2n[nH]c(=O)n2c2cc(-c3ccc(CN4CCN(C)CC4)cc3)ccc12,CHEMBL1223386,0.4527974608798347,1
CC(C)(O)c1cc2c(-c3ccccc3CO)nccc2[nH]1,CHEMBL4068396,0.45279028146862615,1
COc1ccc2c(c1)CC(CNCC1CN(CCNS(=O)(=O)c3cccc4ccccc34)C1)CCC2,CHEMBL351082,0.4527869978253405,1
N=C(N)NCCCCc1nccc2c3ccc(Br)cc3n(O)c12,CHEMBL1821996,0.45278670205335936,1
O=C([C@@H]1C=C2c3cccc4[nH]cc(c34)C[C@H]2N(C(=O)NC2CCCC2)C1)N1CCCC1,CHEMBL1809027,0.4527663686880886,1
COc1ccc2[nH]c(CN3c4ccccc4CC3CO)c(CCNC(C)=O)c2c1,CHEMBL498494,0.45276537272414974,1
COc1ccc2[nH]c(CN3c4ccccc4C[C@H]3CO)c(CCNC(C)=O)c2c1,CHEMBL498493,0.45276537272414974,1
CN[C@@H](C)C(=O)N[C@H]1CN(C(=O)CC(C)C)c2ccccc2N(Cc2ccccc2)C1=O,CHEMBL3040507,0.45276148088205515,1
O=C(NCCc1ccc2c(n1)NCCC2)Nc1cccc2ccccc12,CHEMBL4207204,0.45275789049107584,1
O=C(NCCN1CCOCC1)c1ccccc1Nc1ccc2c(/C=C/c3ccccn3)n[nH]c2c1,CHEMBL3959604,0.4527352941176473,1
CC1(C)C(=O)N(c2ccc(SC(F)(F)F)cc2)C(=O)N1Cc1ccnc(N2CCNCC2)c1,CHEMBL1762159,0.4527205014079388,1
Cc1c(F)c(Oc2cccc(CCC(N)=O)c2)nc(Oc2cccc(C(=N)N)c2)c1F,CHEMBL440311,0.4527162042845856,1
CN1CCN(CC(=O)Nc2c3c(nc4ccccc24)N(Cc2ccccc2)CC3)CC1,CHEMBL30827,0.4527044070483945,1
Cc1ccc(C(=O)NC2CC2)cc1-c1ccc2c(c1)NC(=O)C21CCN(C)CC1,CHEMBL1825145,0.4526913713822017,1
COCCN1C(=O)c2ccccc2C(C(=O)NCC2CCCO2)C1c1c[nH]c2ccccc12,CHEMBL1900009,0.45268918201494684,1
CCNC(=O)Nc1sc2ccccc2c1C(=O)N1CCC(N2CCCC3(CCN(C)C3=O)C2)CC1,CHEMBL2030566,0.4526871729668931,1
CCNC(=O)Nc1sc2ccccc2c1C(=O)N1CCC(N2CCCC3(CCN(CC)C3=O)C2)CC1,CHEMBL2030567,0.4526871729668931,1
Cc1nc2cccc(-c3cc4n(c3)C(CCO)CNC4=O)c2nc1NC(C)(C)C,CHEMBL3949953,0.45268528464017194,1
O=C1N/C(=N\c2nc3ccccc3s2)S/C1=C\C1C(=O)Nc2ccccc21,CHEMBL2297813,0.45268054602303054,1
COc1cccc(NC(=O)NCc2cccc(N3C(N)=NC(N)=NC3(C)C)c2)c1,CHEMBL329233,0.45266608391608365,1
OCCCN1CCN(c2c3ccccc3nc3c2[nH]c2ccccc23)CC1,CHEMBL2179053,0.45266470835081823,1
O=C(c1cc2ccc(O)cc2[nH]1)N1CCC(Nc2ccccc2)CC1,CHEMBL220835,0.45266156510082106,1
Nc1ccccc1NC(=O)c1ccc(CNC(=O)c2cc3cccnc3[nH]2)cc1,CHEMBL4089517,0.4526566217287866,1
O=C1NCCn2c1cc1cc(OC3CCN(CC4CC4)CC3)ccc12,CHEMBL1255600,0.45265658965674144,1
c1cc(CNC2CCN(CCCc3c[nH]c4ccc(-n5cnnc5)cc34)CC2)ccn1,CHEMBL146729,0.45265118846379393,1
c1cncc(CNC2CCN(CCCc3c[nH]c4ccc(-n5cnnc5)cc34)CC2)c1,CHEMBL146891,0.45265118846379393,1
c1cc(CNC2CCN(CCCc3c[nH]c4ccc(-n5cnnc5)cc34)CC2)co1,CHEMBL357408,0.45265118846379393,1
O=C(NCCN1CCN(c2ccccc2F)CC1)C1c2ccccc2C(=O)N2CCc3ccccc3C12,CHEMBL1547609,0.45264591439688723,1
CC1(C)N2Cc3ccccc3C[C@H]2C(=O)N1[C@@H](Cc1ccc2[nH]ccc2c1)C(=O)O,CHEMBL1642823,0.45264281024294145,1
COc1ccc2c(c1)C(=O)N(C[C@@]1(c3ccc(OC4CCCC4)cc3)NC(=O)NC1=O)C2,CHEMBL1222588,0.45263460984739395,1
O=C(O)CN1Cc2ccc(NC(=O)c3ccc4c(c3)CNCC4)cc2C1=O,CHEMBL1852792,0.4526338608280943,1
CNCCNC(=O)c1cc2c3ccccc3n(C)c2c2cccnc12,CHEMBL2413723,0.4526297532844815,1
Cn1c2ccccc2c2cc(C(=O)NCCN)c3ncccc3c21,CHEMBL2413722,0.4526297532844815,1
CC(C)(C)c1nnc(NC(=O)c2ccc3cc4n(c3c2)CCCNC4=O)s1,CHEMBL3946956,0.4526274966065542,1
Cn1nc2c(c1NC(=O)c1ccc(C3CCCN3C3CCC3)s1)CCC2,CHEMBL3485363,0.452606515021024,1
CC(C)[C@H](CO)NCc1nc(-c2ccc3ccn(C)c3c2)ccc1F,CHEMBL3692278,0.4525970475669762,1
CC(C)[C@@H](CO)NCc1nc(-c2ccc3scnc3c2)ccc1F,CHEMBL3696468,0.4525970475669762,1
CC(C)[C@H](CO)NCc1nc(-c2ccc3c(ccn3C)c2)ccc1F,CHEMBL3696411,0.4525970475669762,1
CC(C)[C@H](CO)NCc1nc(-c2ccc3occc3c2)ccc1F,CHEMBL3696419,0.4525970475669762,1
CC(C)NC(=O)N1CCN(C(=O)C(Cc2c[nH]c3ccccc23)NC(=O)Nc2cccc(C#N)c2)CC1C,CHEMBL580171,0.45259061246953364,1
CC(C)(Cc1c[nH]c2ccc(O)cc12)NCC(O)COc1ccccc1C#N,CHEMBL426596,0.45257867132867124,1
CC12CC(NC(=O)N1c1cccc(C(=O)N3CCN(c4ccccn4)CC3)c1)c1ccccc1O2,CHEMBL1535084,0.45257411479263016,1
CC12CC(NC(=O)N1c1ccc(C(=O)N3CCN(c4ccccn4)CC3)cc1)c1ccccc1O2,CHEMBL1441195,0.45257411479263016,1
CN1CCc2nc(C(=O)Nc3ccccc3CNC(=O)c3cc(Cl)c[nH]3)sc2C1,CHEMBL1682745,0.4525728726417147,1
CN1CCc2nc(C(=O)Nc3ccccc3CNC(=O)c3ccc(Cl)[nH]3)sc2C1,CHEMBL1682746,0.4525728726417147,1
COc1cc[nH]c1/C=C1\C(=O)Nc2ccc(F)c(C#CC(O)CN)c21,CHEMBL172640,0.45256080351954825,1
CN(C)CCCNC(=O)c1ccc2[nH]c(=O)c3sc4ccccc4c3c2c1,CHEMBL2079358,0.4525375939849622,1
Cc1ccc2c(c1)sc1c(=O)[nH]c3ccc(C(=O)NCCCN(C)C)cc3c12,CHEMBL2078767,0.4525375939849622,1
CN1CCN(Cc2ccc(C(=O)Nc3sc(-c4ccncc4)nc3C#N)cc2)CC1,CHEMBL3896182,0.4525284424470627,1
O=C(O)[C@H]1NCCC[C@H]1C(=O)N1CCc2ccccc2[C@H]1CN1C(=O)c2ccccc2C1=O,CHEMBL4165400,0.4525077897276108,1
N=C(c1ccc(-c2cn3cc(C(=N)N4CCCC4)ccc3n2)cc1)N1CCCC1,CHEMBL1990526,0.45249968570590443,1
CN1CCN(c2ccc(/C=C3\C(=O)NC(=S)N(c4cccc(Br)c4)C3=O)o2)CC1,CHEMBL1336788,0.45249807098765416,1
Cc1cc(C)cc(N2C(=O)/C(=C\c3ccc(N4CCN(C)CC4)o3)C(=O)NC2=S)c1,CHEMBL1460525,0.45249807098765416,1
CCc1ccccc1N1C(=O)/C(=C/c2ccc(N3CCN(C)CC3)o2)C(=O)NC1=S,CHEMBL1364190,0.45249807098765416,1
Cc1cccc(N2C(=O)/C(=C/c3ccc(N4CCN(C)CC4)o3)C(=O)NC2=S)c1C,CHEMBL1530459,0.45249807098765416,1
COc1ccc(NC(=S)NC[C@H]2CN(c3ccc(N4CC5(COC5)C4)c(F)c3)C(=O)O2)cc1,CHEMBL3902221,0.4524965606538801,1
O=C(Nc1cccc(S(=O)(=O)N2CCOCC2)c1)c1cc2cccnc2[nH]1,CHEMBL1668991,0.45249040329842144,1
O=C(Nc1cccc(CN2CCOCC2)n1)Nc1cccc2c1C1CCCCN1C2=O,CHEMBL3785573,0.45247873885086054,1
NC(=O)c1cc(-c2cnoc2)nc2c1[nH]c1cc(C(=O)N3CCOCC3)ccc12,CHEMBL3649635,0.45247347182782843,1
Cc1noc(C)c1-c1cc(C(N)=O)c2[nH]c3cc(C(=O)N4CCOCC4)ccc3c2n1,CHEMBL3649634,0.4524734718278282,1
CCCNC(=O)c1ccc(NC(=O)N2Cc3ccc(C(=O)NCCN(C)C)cc3C2)cc1,CHEMBL3940973,0.4524714828897335,1
Cn1c(NC(C)(C)C)nc2c(-c3cc4c([nH]3)CNC4=O)cccc2c1=O,CHEMBL3897988,0.45245449365760027,1
C[C@H]1NC(=O)c2cc(-c3cccc4c(=O)n(C)c(NC(C)(C)C)nc34)[nH]c21,CHEMBL3979678,0.45245449365760027,1
C[C@H]1NC(=O)c2cc(-c3c(F)ccc4c(=O)n(C)c(NC(C)(C)C)nc34)[nH]c21,CHEMBL3902148,0.45245449365760027,1
CC[C@H]1NC(=O)c2cc(-c3cccc4c(=O)n(C)c(NC(C)(C)C)nc34)[nH]c21,CHEMBL3946176,0.45245449365760027,1
Cn1c(NC(C)(C)C)nc2c(-c3cc4c([nH]3)CCNC4=O)cccc2c1=O,CHEMBL3890346,0.45245449365760027,1
CCn1c(NC(C)(C)C)nc2c(-c3cc4c([nH]3)[C@@H](C)NC4=O)c(F)ccc2c1=O,CHEMBL3960373,0.45245449365760027,1
CCn1c(NC(C)(C)C)nc2c(-c3cc4c([nH]3)[C@@H](C)NC4=O)cccc2c1=O,CHEMBL3909217,0.45245449365760027,1
C[C@@H]1NC(=O)c2cc(-c3cccc4c(=O)n(C)c(NC(C)(C)C)nc34)[nH]c21,CHEMBL3913164,0.45245449365760027,1
C[C@H]1NC(=O)c2cc(-c3cccc4c(=O)n(CC(F)(F)F)c(NC(C)(C)C)nc34)[nH]c21,CHEMBL3924828,0.45245449365760027,1
N=C(N)c1ccc2c(c1)cc(C(=O)NCCCCCCC(=O)O)n2Cc1ccccc1,CHEMBL419707,0.4524535135373878,1
CC(C)Nc1ncc2c(n1)CN(C(=O)N[C@H](CCO)c1ccc(C(F)(F)F)c(F)c1)CC2,CHEMBL4112840,0.4524442626303945,1
NCCOc1c(-c2ccc(N3CCOCC3)c(Br)c2)[nH]c(=O)c2cc(F)ccc12,CHEMBL3959475,0.45243992525963567,1
NCCOc1c(-c2ccc(N3CCOCC3)cc2)[nH]c(=O)c2cc(F)ccc12,CHEMBL3954189,0.45243992525963567,1
CCN(CC)CC(O)CNC(=O)c1c(C)[nH]c2c1CCC/C2=C1/C(=O)Nc2ccc(F)cc21,CHEMBL2430250,0.4524233150665434,1
CC(=O)Nc1ccc(NC(=O)C2Cc3c(-c4cccc(NC(C)=O)c4)ccnc3O2)cc1,CHEMBL3184523,0.4524005077279174,1
CN1C(=O)[C@]2(N=C1N)c1cc(-c3cccnc3F)ccc1C[C@H]1CCOC[C@@H]12,CHEMBL3127069,0.45239643321567896,1
O=C1CCC(c2ccccc2)=NN1c1ccc(S(=O)(=O)NC(=S)NCc2ccccc2)cc1,CHEMBL2236044,0.4523775660171617,1
Cc1ccc(C2=NN(c3ccc(S(=O)(=O)NC(=S)NCc4ccccc4)cc3)C(=O)CC2)cc1,CHEMBL2236045,0.4523775660171617,1
COC(=O)[C@@H]1CC[C@@H](NC(=O)c2ccc3[nH]nc(-c4ccncc4)c3c2)CN1,CHEMBL3654562,0.452363786177773,1
Cc1c(C(=O)Nc2ccc(F)c([C@@]3(CF)N=C(N)O[C@@H]4C[C@@H]43)c2)nc2ccc(Cl)cn12,CHEMBL3688631,0.4523586144781774,1
Cc1c(C(=O)Nc2ccc(F)c([C@@]3(C(F)F)N=C(N)O[C@@H]4C[C@@H]43)c2)nc2ccc(Cl)cn12,CHEMBL3683825,0.4523586144781774,1
Cc1c(C(=O)Nc2ccc(F)c([C@]3(C(F)F)N=C(N)O[C@H]4C[C@H]43)c2)nc2ccc(Cl)cn12,CHEMBL3683820,0.4523586144781774,1
COc1ccc2[nH]c(CN3CCc4ccc(N)cc43)c(CCNC(C)=O)c2c1,CHEMBL456505,0.45234989691589167,1
CN(C)CCN1CCN(C(=O)c2cc(-c3ccc4c(c3)Cc3cn[nH]c3-4)c(-c3ccncc3)o2)CC1,CHEMBL1254315,0.45233564709350643,1
CC(C)c1cc(C(=O)N2CCN(C)CC2)ccc1NC(=O)c1csc2c(=O)[nH]cnc12,CHEMBL3823882,0.4523265949939809,1
N=C(N)c1cccc(C[C@H](NS(=O)(=O)c2ccc3ccccc3c2)C(=O)N2CCC(N3CCCCC3)CC2)c1,CHEMBL609410,0.4523254387041358,1
O=C1Cc2cc(C(=O)NC3CCNCC3)ccc2N1,CHEMBL3798717,0.45232120451693814,1
O=S(=O)(Nc1ncns1)N1CCc2c(cccc2-c2cccc3c2CCNC3)C1,CHEMBL3683202,0.4523120436755902,1
CC(=O)Nc1ccc(CCNC2CCN(CCCc3c[nH]c4ccc(-n5cnnc5)cc34)CC2)cc1,CHEMBL146023,0.45230749658089786,1
CCNC(=O)NCc1nc(-c2nc(C)cs2)c(-c2ccc3ncsc3c2)[nH]1,CHEMBL2208014,0.4522957787971887,1
CC(C)n1ccc(NC(=O)c2ccc3cc4n(c3c2)CCCNC4=O)n1,CHEMBL3916424,0.4522784564669382,1
CN(C)CCc1c[nH]c2ccc(CC3NC(=O)N(Cc4ccccc4)C3=O)cc12,CHEMBL117526,0.45226951126591924,1
NCCCC[C@@H](C(=O)NCc1ccccc1)N1Cc2[nH]c3ccccc3c2C[C@@H](NC(=O)c2ccccc2)C1=O,CHEMBL504930,0.4522524091489607,1
O=C(Nc1nc2ccc(C3=NCCN3)cc2[nH]1)c1sc2cc(C3=NCCN3)ccc2c1Cl,CHEMBL4301829,0.4522430351814237,1
Cc1cc(-c2n[nH]c3cc(NC(=O)NCC4(N(C)C)CCC4)ncc23)ccn1,CHEMBL3654820,0.45223391277828584,1
CN1C(=O)[C@H](NC(=O)NCc2cccc(O)c2)N=C(c2ccccc2)c2ccccc21,CHEMBL2112751,0.45223016375644615,1
CN1CCN(Cc2ccc(-c3cc4onc(-c5ccccc5)c4c(=O)n3C)cc2)CC1,CHEMBL393713,0.45222479676393174,1
CC1(C)C[C@@H](NC(=O)Nc2ccc3c(c2)NC(=O)CO3)c2cc(F)ccc2O1,CHEMBL3677411,0.4522064744725398,1
CC1(C)C[C@@H](NC(=O)Nc2ccc3c(c2)NC(=O)CO3)c2cccc(F)c2O1,CHEMBL3677398,0.4522064744725398,1
CC1(C)C[C@@H](NC(=O)Nc2ccc3c(c2)NC(=O)CO3)c2ccc(F)c(F)c2O1,CHEMBL3677415,0.4522064744725398,1
CC1(C)C[C@@H](NC(=O)Nc2ccc3c(c2)NC(=O)CO3)c2ccccc2O1,CHEMBL3677410,0.4522064744725398,1
CC1(C)C[C@H](NC(=O)Nc2ccc3c(c2)NC(=O)CO3)c2cc(F)ccc2O1,CHEMBL3677421,0.4522064744725398,1
CC1(C)C[C@@H](NC(=O)Nc2ccc3c(c2)NC(=O)CO3)c2ccc(F)cc2O1,CHEMBL3677336,0.4522064744725398,1
Cc1noc(-c2cc3cc(-c4nc(C(=O)NCC5CCOCC5)[nH]c4C)ccc3[nH]2)n1,CHEMBL3665986,0.4521844019751968,1
CCc1cc2c(cc1N1CCN(C[C@@H]3CCC(=O)N3)CC1)C(C)(C)c1[nH]c3cc(C#N)ccc3c1C2=O,CHEMBL3735794,0.4521809321653862,1
CC(C)(C)CC(=O)Nc1n[nH]c2ncc(-c3ccc(O)cc3)cc12,CHEMBL4212297,0.45217308787246135,1
CC(C)CC(=O)Nc1n[nH]c2ncc(-c3ccc(O)cc3)cc12,CHEMBL4208575,0.45217308787246135,1
O=C(Nc1n[nH]c2ncc(-c3ccc(O)cc3)cc12)C1CCCCC1,CHEMBL4217525,0.45217308787246135,1
O=C(Nc1n[nH]c2ncc(-c3cccc(O)c3)cc12)C1CCCCC1,CHEMBL4212568,0.45217308787246135,1
CN1CCCC(C(=O)N[C@@H](Cc2c[nH]c3ccccc23)C(=O)Nc2ccncc2)C1,CHEMBL2431657,0.4521695001268713,1
CN1CCC(C(=O)N[C@@H](Cc2c[nH]c3ccccc23)C(=O)Nc2ccncc2)CC1,CHEMBL3040875,0.4521695001268713,1
CC(C)[C@H]1CN(C(=O)c2ccc3cc(Oc4ccc(C#N)cc4)ccc3n2)CCN1,CHEMBL3938360,0.45216406286874017,1
O=S(=O)(NCc1ccc2c(c1)C(Cc1ccccc1)C(N1CCC1)CC2)c1ccccn1,CHEMBL3673364,0.4521571463003132,1
O=C(O)c1cc(-c2ccccc2)nc2cc(N3CCNCC3)ccc12,CHEMBL2263030,0.4521543941833795,1
NC1=NC(=O)/C(=C2\CCNC(=O)c3[nH]c4ccsc4c32)S1,CHEMBL511293,0.4521465871805536,1
NC1=NC(=O)/C(=C2\CCNC(=O)c3[nH]c4c(Br)csc4c32)S1,CHEMBL470758,0.4521465871805536,1
Cc1cc(N2C[C@@H](C)N[C@@H](C)C2)ncc1-c1ccc(-c2nc3c(ccn3C)c(=O)[nH]2)cc1,CHEMBL4101890,0.45213634181469037,1
C[C@@H]1CN(CC(=O)N2CCc3ccc(N(C)c4ccccc4)cc32)CCN1,CHEMBL3696486,0.45213111207269546,1
CC(C)(N)CC(=O)N[C@H](Cc1ccccc1)C(=O)NCc1ccc(-c2ccccc2-c2nn[nH]n2)cc1,CHEMBL109961,0.45213016358714886,1
NCCOc1c(-c2ccc(N3CCCC3)cc2)[nH]c(=O)c2cc(F)ccc12,CHEMBL3905859,0.45212765957446793,1
Nc1nn(-c2cccc(-c3ccc4nc[nH]c4c3)c2)cc1-c1ccc2c(c1)CCNC2=O,CHEMBL597640,0.45212673718631546,1
CN(C)S(=O)(=O)Nc1cccc(-c2c(C(N)=O)c3n(c2C2CC2)CCN(C(=O)NC(C)(C)C)C3)c1,CHEMBL3905405,0.4521232015644644,1
CC(C)(C)NC(=O)N1CCn2c(c(C(N)=O)c(-c3ccc(NS(C)(=O)=O)cc3)c2C2CC2)C1,CHEMBL3971233,0.4521232015644643,1
CC(=O)Nc1cnc2[nH]cc(/C=C3\N=C(NCc4ccccc4)NC3=O)c2c1,CHEMBL525013,0.4521182400217953,1
CN1C(=N)N[C@](C)(c2cc(-c3cc(-c4ccccc4)on3)ccc2F)CS1(=O)=O,CHEMBL3938450,0.45211405181636344,1
CN1C(=N)N[C@](C)(c2sc(-c3cc(-c4ccccc4)on3)cc2Cl)CS1(=O)=O,CHEMBL3915082,0.45211405181636344,1
CN1CCc2ccc(NC(=O)c3cccc(CNC(=O)c4cc5ccc(C(N)=O)cc5n4C)c3)cc2C1,CHEMBL3680740,0.45211350361179264,1
CN1CCc2ccc(NC(=O)c3cccc(CNC(=O)c4cc5cc(C(N)=O)ccc5n4C)c3)cc2C1,CHEMBL3680747,0.45211350361179264,1
N=C(N)N1CCc2ccc(OCC3CCN(c4ccnc5ccccc45)CC3)cc2C1,CHEMBL535367,0.4521095360282672,1
O=C(CN1CCOCC1)N1CC[C@@H]2[C@@H](CO)Nc3ccc(-c4ccccc4F)cc3[C@@H]21,CHEMBL2356351,0.45208827014217984,1
Cc1c2ccccc2nc2c1c1cc(NC(=O)CN)ccc1n2CCN(C)C,CHEMBL3735245,0.45208785903934345,1
CN1CCN(S(=O)(=O)c2ccc(-c3ccc(N)c(C(=O)Nc4cccnc4)c3)cc2)CC1,CHEMBL2177170,0.4520863408262877,1
Cc1ccc(Sc2cnc(Nc3ccccn3)s2)cc1C(=O)N1CCNCC1,CHEMBL403344,0.4520824003582623,1
NC(=O)c1cc(F)cc2[nH]c(C3=NC4CCNCC4S3)nc12,CHEMBL4285227,0.4520664161919766,1
CC1(C)CC(NC(=O)N2CCn3c(Cl)c(-c4cccc(F)c4)c(C(N)=O)c3C2)CCO1,CHEMBL3893126,0.45206611570247923,1
CC(C)NCCC(=O)Nc1cccc2c1CN(C)CC2c1ccccc1,CHEMBL18352,0.4520632428795692,1
CN1CCN(C(=O)c2ccc(-c3ccc4ncc(-c5ccc(C#N)cc5)n4c3)cc2)CC1,CHEMBL4204438,0.4520630505331475,1
O=C(NCCN1CC2CC(n3c(=O)[nH]c4ccccc43)CC2C1)c1cc2ccccc2[nH]1,CHEMBL3357320,0.45205891193267184,1
O=C(NCCN1CC2CC(n3c(=O)[nH]c4ccccc43)CC2C1)c1cc2cc(F)ccc2[nH]1,CHEMBL3357319,0.45205891193267184,1
CC1(C)CCCN1c1cnc2cccc(-c3cc4c([nH]3)CCNC4=O)c2n1,CHEMBL3956736,0.4520256687799598,1
CC1(C)CCN1c1cnc2cccc(-c3cc4c([nH]3)CCNC4=O)c2n1,CHEMBL3985959,0.4520256687799598,1
CC1(C)CCCCN1c1cnc2cccc(-c3cc4c([nH]3)CCNC4=O)c2n1,CHEMBL3935709,0.4520256687799598,1
O=C(c1ccccc1)c1ccc2nc(NC(=O)[C@@H]3CCCN3)[nH]c2c1,CHEMBL2059172,0.4520212520212517,1
CC(=O)Nc1ccc(NC(=O)c2cc(-c3cc(F)ccc3OCC3CCCO3)[nH]n2)cc1,CHEMBL1882348,0.4520181992736986,1
CC(C)=CCc1[nH]c2ccccc2c1C[C@@H]1NC(=O)[C@H](Cc2ccc(O)cc2)NC1=O,CHEMBL2031708,0.4520149563772328,1
CN1CCc2ccc(NC(=O)c3cccc(CNC(=O)c4cc(-c5cccnc5)n[nH]4)c3)cc2C1,CHEMBL3680797,0.45201070446983904,1
CN1CCc2ccc(NC(=O)c3cccc(CNC(=O)c4cc(-c5ccncc5)n[nH]4)c3)cc2C1,CHEMBL3680759,0.45201070446983904,1
O=C(NCCc1c[nH]c2ccc(O)cc12)N1CCN(Cc2ccccn2)CC1,CHEMBL1076467,0.4520006085501292,1
COc1ccccc1N1CCN(CCC(O)CNC(=O)c2ccc3c(c2)Cc2ccccc2-3)CC1,CHEMBL231055,0.45200049041644524,1
CCN1CCN(Cc2ccc(NC(=O)CC3Oc4ccc(C)cc4NC3=O)cc2)CC1,CHEMBL1705488,0.45198290091844073,1
O=C(c1cc(N2CCNCC2)cc(-c2ccc(Oc3ccc(F)cc3)cc2)n1)N1CCNCC1,CHEMBL3688053,0.45197862284143253,1
Cc1cc2ccccc2n1CCNC(=O)c1ccc(OC2CCNCC2)cc1,CHEMBL3286707,0.45197523423374064,1
CSc1nn(-c2ccccc2)c2cc(C(O)C3CCNCC3)ccc12,CHEMBL3666165,0.4519750519750519,1
CSCC[C@H](NC(=O)[C@@H]1Cc2c([nH]c3ccccc23)C2c3ccccc3C(=O)N21)C(=O)NCC1CCCO1,CHEMBL1558489,0.45196267966714293,1
Cn1c(=O)[nH]c2ncc(-c3ccc(CN)cc3)cc21,CHEMBL1956650,0.451961743288773,1
Cn1c(=O)[nH]c2ncc(-c3cccc(CN)c3)cc21,CHEMBL1956632,0.451961743288773,1
O=c1[nH]c(CN2CCCNC2)nc2c1sc1ccc(Cl)cc12,CHEMBL573462,0.4519593744382527,1
C[C@H]1CN(Cc2cccc(-c3cc(CNC(=O)c4cccc(CN5CCN(CCCO)CC5)c4)ccc3F)c2)CCN1,CHEMBL508097,0.45195765417576916,1
COc1ccc(-c2[nH]nc3c2C(=O)c2c(NC(=O)CN4CCC(CO)CC4)cccc2-3)cc1,CHEMBL147084,0.4519547675872257,1
N#Cc1ccc(C(=O)Nc2ccc3[nH]c(CN4CCCCC4)nc3c2)cc1,CHEMBL4287247,0.4519546562135816,1
COc1cc2oc(=O)cc(-c3ccccc3)c2cc1OCCCN1CCNCC1,CHEMBL4103152,0.45194875566048676,1
CC(C)(C)CCOc1cc(-c2ccc(C(N)=O)cc2)cc2[nH]nc(N)c12,CHEMBL2001398,0.45193656732281773,1
NC[C@H]1CC[C@H](NC(=O)c2ccnc3[nH]c(-c4cccs4)nc23)CC1,CHEMBL3717063,0.45193456483779054,1
CC(C(O)c1ccc2c(c1)CNC(=O)N2)N1CCC(O)(c2ccc(F)cc2)CC1,CHEMBL246815,0.4519332679097152,1
COc1ccc(NC(=S)N/N=C2\C(=O)Nc3c2ccc2ccccc32)cc1,CHEMBL474400,0.45192352858283624,1
c1cc(Sc2ccc3c(c2)OCCO3)ccc1NC1=NCCN1,CHEMBL9649,0.4519216390010466,1
O=C1NCCc2[nH]c(-c3cccc4ccc(OC5CCCC5)nc34)cc21,CHEMBL3966407,0.45191601049868785,1
CN[C@H](C)CN1CCC(c2cc(C)c3nc(-c4cccnc4OC)[nH]c3c2)CC1,CHEMBL571217,0.45188683332611224,1
CNCCN1CCC(c2cc(C)c3nc(-c4cccnc4OC)[nH]c3c2)CC1,CHEMBL572102,0.45188683332611224,1
CNCCN1CCC(c2ccc3[nH]c(-c4cccnc4OC)nc3c2)CC1,CHEMBL569225,0.45188683332611224,1
CN[C@@H](C)CN1CCC(c2cc(C)c3nc(-c4cccnc4OC)[nH]c3c2)CC1,CHEMBL570550,0.45188683332611224,1
Nc1[nH]nc2ccc(CN3C(=O)N[C@H](CCc4ccccc4)[C@@H](O)[C@H]3Cc3ccccc3)cc12,CHEMBL36437,0.45188118811881184,1
NCCNCc1ccc(Cn2c(C3CCNCC3)nc3cc(Cl)c(Cl)cc32)cc1,CHEMBL111070,0.4518767705382435,1
CNC(=O)O[C@H]1CCc2ccc(N3CCN(C4COC4)CC3)cc2[C@@H]1NC(=O)c1ccc(F)cc1,CHEMBL3342554,0.4518719295273593,1
O=C(COc1ccc(C(F)(F)F)cc1)Nc1ccc2nc(CN3CCNCC3)ccc2c1,CHEMBL216407,0.45186152841280175,1
O=C(COc1ccc(Cl)cc1)Nc1ccc2nc(CN3CCNCC3)ccc2c1,CHEMBL217856,0.45186152841280175,1
CC(C)(CO)NS(=O)(=O)c1ccccc1-c1ccc(-c2cnc(N)c(F)c2)c(F)c1,CHEMBL3697334,0.4518600865525862,1
CC(C)(CO)NS(=O)(=O)c1ccccc1-c1ccc(-c2ccc(N)nc2)c(F)c1,CHEMBL3697332,0.4518600865525862,1
CN[C@@H](C)C(=O)N[C@H](C(=O)N1c2ccccc2C[C@H]1C(=O)NCc1ccccc1)c1ccccc1,CHEMBL3895801,0.4518594390167033,1
CN[C@@H](C)C(=O)N[C@H](C(=O)N1c2ccccc2C[C@H]1C(=O)NCc1cc(F)ccc1C)c1ccccc1,CHEMBL3918215,0.4518594390167033,1
O=C(Nc1n[nH]c2cc(-c3ccc(CO)cc3)ccc12)C1CC1,CHEMBL4086759,0.45185806091086883,1
O=C(NC[C@H]1CCCC[C@H]1O)c1ccc2nc(-c3ccco3)[nH]c2c1,CHEMBL3437962,0.4518431050415852,1
CN1C(=N)N[C@](C)(c2sc(-c3cc(-c4ccccc4)no3)cc2Cl)CS1(=O)=O,CHEMBL3910515,0.45183080219882593,1
CN1C(=N)N[C@](C)(c2sc(-c3ccnc(-c4ccccc4)c3)cc2F)CS1(=O)=O,CHEMBL3898798,0.45183080219882593,1
O=C(c1nc2nccc(C(=O)NC[C@H]3CCCNC3)c2[nH]1)c1cccs1,CHEMBL3716516,0.45181996086105647,1
O=C(c1nc2nccc(C(=O)NC[C@@H]3CCCNC3)c2[nH]1)c1cccs1,CHEMBL3719148,0.45181996086105647,1
N#Cc1ccc(-c2nc(C(=O)Nc3ccccc3N3CCNCC3)cs2)cn1,CHEMBL2037109,0.45181995774030204,1
Cc1ncc(C(=O)Nc2ccc(-c3cccc(NC4CC4)c3)cn2)cn1,CHEMBL4097351,0.4518176835951774,1
CN(Cc1nc2cccc(C(=O)NCCN)c2[nH]1)C1CCCc2cccnc21,CHEMBL577255,0.4518047438982469,1
COc1ncccc1-c1nc2c(C)cc(C3CCNCC3)cc2[nH]1,CHEMBL577498,0.4518025282214013,1
CC(C)(CO)Nc1nccc(CCc2c[nH]c3ccccc23)n1,CHEMBL195754,0.45176922373594197,1
CN1CCN(C(=O)c2ccc(C(=O)Nc3sc(-c4ccncc4)nc3C(N)=O)cc2)CC1,CHEMBL3951104,0.451753362880025,1
O=C1c2ccccc2C(=O)c2c1ccc1nc(CN3CCSC3)[nH]c21,CHEMBL2336665,0.45174467435290505,1
O=C1c2ccccc2C(=O)c2c1ccc1nc(CN3CCSCC3)[nH]c21,CHEMBL2336664,0.45174467435290505,1
CCC1CC(=O)NN=C1c1ccc2nc(-c3ccc(OC4CCOC4)cc3)oc2c1,CHEMBL3908988,0.45173108627953845,1
O=C1Nc2ccc(F)c3c(OCCO)cc(-c4ccc[nH]4)c1c23,CHEMBL79848,0.45171939477303996,1
Cc1cc(=O)oc2cc(NC(=O)CCc3ccc(NC(=N)N)cc3)ccc12,CHEMBL3914477,0.4517042008652405,1
COc1ccc(-c2cc(-c3ccccc3)no2)c(OCC(O)CN2CCCC2)c1,CHEMBL1783789,0.4517016156754896,1
Cc1ccccc1C(=O)NCCN1CCN2Cc3[nH]c4ccccc4c3CC2C1,CHEMBL2260142,0.45169432110306124,1
O=C(NCCN1CCN2Cc3[nH]c4ccccc4c3CC2C1)c1ccccc1,CHEMBL2260143,0.45169432110306124,1
O=C(NCCN1CCN2Cc3[nH]c4ccccc4c3CC2C1)c1ccccc1Cl,CHEMBL2260141,0.45169432110306124,1
CCC1(N2CCN(C(=O)[C@@H](Cc3ccc(Cl)cc3)NC(=O)CC3NCc4ccccc43)CC2)CCN(C)CC1,CHEMBL208953,0.4516929622407373,1
CC1=C(C(=O)Nc2nc3ccccc3s2)C(c2ccc(O)cc2)NC(=S)N1,CHEMBL3414829,0.45167259270009424,1
Cc1nn(C2CCOCC2)c2sc(C(=O)Nc3ccc(N4CCNC(=O)C4)cc3)cc12,CHEMBL3650314,0.45166408250099144,1
O=C(Nc1cc2ccc(-c3cccc4[nH]nnc34)cc2cn1)C1CC1,CHEMBL3689719,0.45166315403647017,1
NC(=O)c1ccc2[nH]c(-c3ccc(C(O)c4cnc5ccccc5c4)cc3)nc2c1,CHEMBL3897209,0.45166017508002004,1
CN(C)CCCNC(=O)c1cc2c3ccccc3[nH]c2c2ncccc12,CHEMBL551416,0.45165251202292017,1
O=C(Nc1nc2ccccc2[nH]1)c1ccc(Cl)c(S(=O)(=O)N2CCCC2)c1,CHEMBL1422312,0.4516472971532142,1
NC(=O)c1ccc2[nH]nc(-c3cccc(NC(=O)C4CCOC4)c3)c2c1,CHEMBL3984787,0.4516272848863128,1
CN1Cc2cc(C(C)(C)C)ccc2C(=O)N1c1cccc(-c2cc(C(N)=O)n(C)c2)c1CO,CHEMBL3649460,0.4516240897006127,1
Cc1cc(O)cc(C)c1C[C@H](N)C(=O)N1Cc2ccccc2C[C@H]1CNC(=O)c1ccccc1,CHEMBL309307,0.45161973322041055,1
CCn1cc(C(=O)Nc2ccc(C(C)=O)cc2)c(=O)c2cc(F)c(N3CCNC(C)C3)c(F)c21,CHEMBL2380359,0.45161897590361433,1
O=C(Nc1ccc(-c2n[nH]c(=O)c3c2CCCC3)cc1)N1Cc2ccccc2C1,CHEMBL3891301,0.45161772025883523,1
OC1CN(Cc2cnc3cc(Oc4ccc(-c5ccn[nH]5)cn4)ccc3c2)C1,CHEMBL3912168,0.4516140602582493,1
O[C@@H]1CCN(Cc2cnc3cc(Oc4ccc(-c5ccn[nH]5)cn4)ccc3c2)C1,CHEMBL4112032,0.4516140602582493,1
CC1(O)CN(Cc2cnc3cc(Oc4ccc(-c5ccn[nH]5)cn4)ccc3c2)C1,CHEMBL3902086,0.4516140602582493,1
OC1CCN(Cc2cnc3cc(Oc4ccc(-c5ccn[nH]5)cn4)ccc3c2)CC1,CHEMBL3926577,0.4516140602582493,1
O[C@H]1CCN(Cc2cnc3cc(Oc4ccc(-c5ccn[nH]5)cn4)ccc3c2)C1,CHEMBL3906966,0.4516140602582493,1
NC(=O)c1cccc2[nH]c(-c3cccc(NCCN4CCCC4)n3)nc12,CHEMBL1985309,0.45161174010240107,1
CNCC#Cc1c(F)ccc2c1/C(=C/c1[nH]ccc1OC)C(=O)N2,CHEMBL354995,0.4516093715787167,1
CC(C)Nc1nccc(-c2cc3n(c2)CCN(Cc2ccccc2)C3=O)n1,CHEMBL3608590,0.45158801072211835,1
NC(=O)c1nc(-c2ccncc2)sc1NC(=O)c1ccc(CN2CCOCC2)cc1,CHEMBL3946038,0.4515801398492128,1
Cc1ccc(C(=O)Nc2nc[nH]n2)cc1-c1ccc2c(c1)NC(=O)C21CCCC1,CHEMBL1800223,0.45157802819244014,1
CCn1cc(-c2nc3ccccc3o2)c(=O)c2cc(F)c(N3CCNC(C)C3)c(F)c21,CHEMBL550197,0.4515588868511282,1
CCn1cc(-c2nc3ccccc3s2)c(=O)c2cc(F)c(N3CCNCC3)cc21,CHEMBL558720,0.4515588868511282,1
N=C(N)c1cccc(-n2cccc2C(=O)Nc2ccc(-c3ccccc3S(N)(=O)=O)cc2)c1,CHEMBL152274,0.4515505631548752,1
O=C1c2cccc3c2c(cc2c4ccccc4sc32)C(=O)N1CN1CCNCC1,CHEMBL2335356,0.4515502642134079,1
O=C(Nc1ccc(C2=NCCN2)cn1)c1cc2ccccc2o1,CHEMBL2315752,0.45154553049289875,1
Cc1c2ccnc(C(=O)NCCCN(C)C)c2cc2c3cc(O)ccc3n(C)c12,CHEMBL311374,0.45152992667101777,1
NC(=O)Nc1ccc2c(c1)/C(=C/c1cc(-c3cccnc3)c[nH]1)C(=O)N2,CHEMBL375236,0.4515190264120991,1
Cc1ccc(C(CO)NC(=O)c2ccc(NC(=O)N3Cc4ccc(C#N)cc4C3)cc2)cc1,CHEMBL3939923,0.4515160048812538,1
N#Cc1ccc2c(c1)CN(C(=O)Nc1ccc(C(=O)N[C@H](CO)c3ccccc3)cc1)C2,CHEMBL3908245,0.45151600488125376,1
CN1CCN(CCCCC(=O)Nc2cc(-c3ccccc3)[nH]n2)CC1,CHEMBL3422586,0.45151205093224184,1
C/C(=N\O)c1cccc(C(C)(C)NC(=O)Nc2ccc(Cl)c(C(=O)N3CCN(C)CC3)c2)c1,CHEMBL3329563,0.4515118555579724,1
Cn1c2c(c3cc(C(=O)NCCCC(=O)NC4CC4)ccc31)CC(C1CCOCC1)CC2,CHEMBL2029720,0.4515110992243915,1
CCNC(=O)C1(c2ccc3nc(N)nc(C(=O)N4Cc5ccccc5C4)c3c2)CCC1,CHEMBL3962733,0.45150382630361263,1
O=c1c2ccccc2oc2cc(OCCCN3CCNCC3)ccc12,CHEMBL1761211,0.4515031718304676,1
COc1cccc(-c2cc(C(=O)NCCCN3CCN(c4ccccc4)CC3)[nH]n2)c1,CHEMBL1796827,0.4515004174647607,1
COc1ccc(-c2cc(C(=O)NCCCN3CCN(c4ccccc4)CC3)[nH]n2)cc1,CHEMBL1796826,0.4515004174647607,1
CN(C(=O)CC(C)(C)N)[C@@H]1CCc2ccccc2N(Cc2ccc(-c3ccccc3-c3nn[nH]n3)cc2)C1=O,CHEMBL318328,0.45147209344331385,1
CC1(C)Oc2ccc(-c3ccc4[nH]ncc4c3)cc2C2(COC(N)=N2)C12COC2,CHEMBL3650808,0.45146780303030287,1
Cc1cn2cc(-c3ccc4c(c3)CCN(C3CCNCC3)C4=O)nc2c(C)n1,CHEMBL4067322,0.4514447928141683,1
O=C(NCCN1CCN(c2ccccc2)CC1)c1cc(Br)c2ccccc2c1O,CHEMBL29529,0.45144427678378957,1
Nc1ccc(-c2ccccc2)nc1NC(=O)c1cnc2cc(N3CCNCC3)ccc2c1,CHEMBL3958748,0.4514426364009301,1
Nc1ncc(-c2ccc(-n3cc(-c4cc(F)cc(F)c4)nn3)cc2)[nH]1,CHEMBL1198867,0.45142747652807036,1
CN(C)c1ccc(-c2cc3ncccc3c(NC(C)(C)CN)n2)cc1,CHEMBL474362,0.4514247949306067,1
O=C(NCCCCN1CCN(Cc2ccccc2)CC1)c1cc2ccccc2o1,CHEMBL3358106,0.45142290967138193,1
c1cc(NCC2CCCN2)nc(-c2cnc3ccccn23)c1,CHEMBL403395,0.4514228855721392,1
O=C(Nc1ccc(N2CCNCC2)cc1)c1ccn2ncc(-c3cccc(Cl)c3)c2n1,CHEMBL534797,0.4513961038961039,1
O=C(NCCN1CCCCC1)c1cc2c(c3ncccc13)NS(=O)(=O)c1ccccc1-2,CHEMBL3922079,0.45139171545759116,1
COC(=O)C1CCN(Cc2ccc3c(c2)CN(C(=O)c2cc4cc(F)ccc4[nH]2)CCO3)CC1,CHEMBL2357680,0.45138950546035667,1
CC(C)C(NC(=O)[C@H](C)N)c1nc(C(=O)NCc2ccccc2)c(-c2ccccc2)s1,CHEMBL1672265,0.4513847967000587,1
NCCc1c[nH]c2ccc(-c3nc(N)no3)cc12,CHEMBL289501,0.4513818262215341,1
CC1CNC(=O)c2[nH]c3ccc(C(=O)Nc4nc(C(=O)NCCCN(C)C)cs4)cc3c21,CHEMBL246088,0.45137895147651874,1
CN1CCc2nc(C(=O)NC3CCCCC3NC(=O)c3cc4cc(Cl)ccc4[nH]3)sc2C1,CHEMBL257207,0.4513782232640852,1
CN1CCc2nc(C(=O)N[C@H]3CCCC[C@H]3NC(=O)c3cc4cc(Cl)ccc4[nH]3)sc2C1,CHEMBL247732,0.4513782232640852,1
CN1CCc2nc(C(=O)N[C@@H]3CCC[C@@H]3NC(=O)c3cc4cc(Cl)ccc4[nH]3)sc2C1,CHEMBL391804,0.4513782232640852,1
CN1CCc2nc(C(=O)N[C@@H]3CCCC[C@@H]3NC(=O)c3cc4cc(Cl)ccc4[nH]3)sc2C1,CHEMBL245678,0.4513782232640852,1
CN1CCc2nc(C(=O)N[C@@H]3CC[C@H]3NC(=O)c3cc4cc(Cl)ccc4[nH]3)sc2C1,CHEMBL391594,0.4513782232640852,1
CN1CCc2nc(C(=O)N[C@@H]3CCC[C@H]3NC(=O)c3cc4cc(Cl)ccc4[nH]3)sc2C1,CHEMBL556574,0.4513782232640852,1
CN1CCc2nc(C(=O)N[C@@H]3CC[C@@H]3NC(=O)c3cc4cc(Cl)ccc4[nH]3)sc2C1,CHEMBL247525,0.4513782232640852,1
CN1CCc2nc(C(=O)N[C@@H]3CCCC[C@H]3NC(=O)c3cc4cc(Cl)ccc4[nH]3)sc2C1,CHEMBL391805,0.4513782232640852,1
CN1CCc2nc(C(=O)N[C@@H]3C[C@@H]3NC(=O)c3cc4cc(Cl)ccc4[nH]3)sc2C1,CHEMBL391593,0.4513782232640852,1
CN1CCc2nc(C(=O)N[C@@H]3C[C@H]3NC(=O)c3cc4cc(Cl)ccc4[nH]3)sc2C1,CHEMBL247322,0.4513782232640852,1
O=C1N=C(N2CCN(c3ccccc3)CC2)S/C1=C\c1c[nH]nc1-c1ccccc1,CHEMBL1466174,0.4513660040395451,1
CNc1cncc(-c2c[nH]c(=O)c(NC(=O)c3ccc(N4CCCCC4)cc3)c2)c1,CHEMBL1765780,0.4513424809205582,1
CN1CCC2(CC1)Oc1ccc(/C=C/C(=O)NO)cc1C(=O)N2Cc1ccccc1,CHEMBL2390991,0.4513301757336991,1
N=C(N)c1cccc(Cn2c(C(N)=O)cc3ccccc32)c1,CHEMBL96920,0.4513212421290563,1
Cc1cccc2c1cc(C(N)=O)n2Cc1cccc(C(=N)N)c1,CHEMBL91700,0.4513212421290563,1
N=C(N)c1ccc2nc(-c3ccc(-c4ccc(C(=N)N)s4)o3)[nH]c2c1,CHEMBL4159258,0.4513170144022782,1
N=C(N)c1ccc2nc(-c3ccc(-c4ccc(C(=N)N)c(F)c4)o3)[nH]c2c1,CHEMBL1650571,0.4513170144022782,1
N=C(N)c1ccc(-c2ccc(-c3nc4cc(C(=N)N)ccc4[nH]3)o2)cc1,CHEMBL62071,0.45131701440227806,1
Cc1cc(C(=N)N)ccc1-c1ccc(-c2nc3ccc(C(=N)N)cc3[nH]2)o1,CHEMBL1650569,0.45131701440227806,1
O=C(NCCO)c1ccc2c(c1)C(=O)c1ccc(Nc3ccc(F)cc3F)cc1CC2,CHEMBL2316478,0.4513142956946991,1
CCN(CC)CC(=O)Nc1c(C)cc(C2(c3ccccc3)NC(=O)NC2=O)cc1C,CHEMBL595810,0.45130943300279663,1
CCN(CC)CC(=O)Nc1ccc(C2(c3ccccc3)NC(=O)NC2=O)cc1,CHEMBL593479,0.45130943300279663,1
NC(=O)[C@H]1CC[C@@H](n2/c(=N/C(=O)c3ccccc3)[nH]c3ccc(CN4CCCCC4)cc32)CC1,CHEMBL2172327,0.45130302453871,1
CC(=S)NC[C@H]1CN(c2ccc(-c3ccc4c(c3)NC(=O)CO4)c(F)c2)C(=O)O1,CHEMBL4160687,0.451299642477534,1
COc1cccc(F)c1CN1C[C@@H](NC(=O)c2ccc3[nH]nc(-c4ccc5nccn5c4)c3c2)CCC1=O,CHEMBL3654528,0.45128253608117475,1
COc1cccc(F)c1CN1C[C@H](NC(=O)c2ccc3[nH]nc(-c4ccc5nccn5c4)c3c2)CCC1=O,CHEMBL3654588,0.45128253608117475,1
CNc1cc(-c2c[nH]c(=O)c(NC(=O)c3ccc(N4CCCCC4)cc3)c2)ccn1,CHEMBL1765774,0.4512802275960169,1
NCCCC[C@@H](C(=O)NCc1ccccc1)N1Cc2[nH]c3ccccc3c2C[C@@H](NC(=O)C2CCN(C(=O)c3ccccc3)CC2)C1=O,CHEMBL454202,0.4512783836939033,1
O=C1Nc2ccc(C(=O)N[C@H](CCO)c3ccccc3)cc2/C1=C/c1ccc[nH]1,CHEMBL4070402,0.45127694258286527,1
CC(C)CC(CO)NC(=O)c1ccc(NC(=O)N2Cc3ccc(C#N)cc3C2)cc1,CHEMBL3911470,0.4512735622363429,1
Cn1c(-c2ccc(C(=N)N)cc2)nc2cc(-c3ccc(C(=N)N)cc3)ccc21,CHEMBL3216295,0.4512633235355245,1
O=C1NCN([C@H]2CC[C@H](CNC3(C(F)(F)F)CC3)CC2)c2c1cnc1[nH]ccc21,CHEMBL3938113,0.4512575512299128,1
CCOc1ccc(C[C@@H](NC(=O)C(C)C)C(=O)N(C)[C@@H](Cc2ccccc2)C(=O)NCc2ccc(CN)cc2)cc1,CHEMBL3920409,0.45125250938290973,1
COC1CCC2(CC1)Cc1ccc(CCC3CC3)cc1C21N=C(N)N(Cc2ncc[nH]2)C1=O,CHEMBL3948290,0.45124640281047956,1
COc1ccc(F)cc1-c1ccnc2[nH]c(C3=CCN(CC(=O)N4CC(O)C4)C(C)(C)C3)cc12,CHEMBL3673490,0.4512344263548114,1
CC(C)NC(=O)c1onc(CSc2nc3ccccc3[nH]2)c1C(=O)NC(C)C,CHEMBL1477482,0.4512312791039138,1
CC(C)Oc1cccc(-c2c[nH]c3ccc(-c4nc(N)no4)cc23)n1,CHEMBL3930132,0.4512311300014655,1
O=C(c1ccc(-c2ccc3oc(CCN4CCC[C@H]4CO)cc3c2)cc1)N1CCOCC1,CHEMBL345588,0.4512292226535284,1
COc1ccc(F)cc1-c1c(C#N)cnc2[nH]c(C3=CC4CCC(C3)N4CC(=O)N(C)C)cc12,CHEMBL3943237,0.45121634490520296,1
O=C(Nc1cc(-c2cccc(NS(=O)(=O)c3ccccc3)c2)n[nH]1)c1ccc(CN2CCOCC2)cc1,CHEMBL1807480,0.4512144794245966,1
O=C1Nc2ccc(C(=O)N[C@H](CO)Cc3ccccc3)cc2/C1=C/c1ccc[nH]1,CHEMBL4073138,0.45119737948740607,1
COc1ccc(-c2[nH]nc3c2C(=O)c2c(NC(=O)NN4CCCC4)cccc2-3)cc1,CHEMBL147012,0.45119062860069115,1
COc1ccc(-c2[nH]nc3c2C(=O)c2c(NC(=O)NN4CCCCC4)cccc2-3)cc1,CHEMBL147038,0.45119062860069115,1
Cn1cc(S(=O)(=O)NCc2ccc3c(c2)C(C(C)(C)c2ccc(Cl)cc2)NCC3)cn1,CHEMBL3646021,0.4511816754127244,1
O=C(N[C@H](CO)c1ccccc1)c1ccc(NC(=O)N2Cc3ccncc3C2)cc1,CHEMBL3951228,0.4511766938698042,1
O=C(N[C@H](CO)c1ccc(F)cc1)c1ccc(NC(=O)N2Cc3ccncc3C2)cc1,CHEMBL3945245,0.4511766938698042,1
CCNCCNC(=O)c1c(C)[nH]c(/C=C2\C(=O)Nc3ccc(F)cc32)c1C,CHEMBL3542344,0.4511754542122623,1
Cc1[nH]c(/C=C2\C(=O)Nc3ccc(F)cc32)c(C)c1C(=O)NCCN,CHEMBL3542333,0.4511754542122623,1
CCNCCNC(=O)c1c(C)[nH]c(C=C2C(=O)Nc3ccc(F)cc32)c1C,CHEMBL3542398,0.4511754542122623,1
Cn1c(-c2cccc(-c3ccccc3)c2O)nc2ccc(C(=N)N)cc21,CHEMBL96428,0.4511691884456671,1
COc1cccc(C2CC(c3c(O)ccc4ccccc34)=NN2C(N)=S)c1OC,CHEMBL4062333,0.4511433616123336,1
CO[C@@H](C(=O)N1Cc2n[nH]c(NC(=O)c3ccc(N4CCN(C)CC4)cc3)c2C1)c1ccccc1,CHEMBL534499,0.45114266904918665,1
Cn1c(=O)[nH]c2ncc(-c3cccc(C(=O)NCc4ccccc4)c3)cc21,CHEMBL1956662,0.4511406367510652,1
CN(C)CCNC(=O)c1cccc2c(N)c3cc(-c4ccccc4)ccc3nc12,CHEMBL155986,0.4511271835215496,1
O=C1NCCc2[nH]c(-c3ccnc(-c4ccc(O)cc4)c3)cc21,CHEMBL374177,0.4511223373782617,1
O=C1NCCc2[nH]c(-c3ccnc(-c4cccc(O)c4)c3)cc21,CHEMBL388619,0.4511223373782617,1
COC1CCC2(CC1)Cc1ccc(Sc3ccccc3)cc1C21NC(N)N(C)C1=O,CHEMBL3915818,0.4511193880411711,1
O=C1c2cccc3c(-c4cc(=O)c5ccccc5o4)ccc(c23)C(=O)N1CCCCN1CCNCC1,CHEMBL4116093,0.4511083184042355,1
O=C(Nc1nc2ccc(C3=NCCN3)cc2[nH]1)c1cc2ccccc2o1,CHEMBL2315758,0.451087876019355,1
CC1(C)CCc2cc(CC3OC(=O)C(O)=C3c3ccc(O)cc3)ccc2O1,CHEMBL4097120,0.4510748986305562,1
CN1CC[C@@H](c2cnc(N)c(-c3ccc(C(=O)N[C@H](CO)c4cccc(Cl)c4)c(F)c3)c2)CC1=O,CHEMBL3974478,0.45102440617092454,1
CN1CC(c2cnc(N)c(-c3ccc(C(=O)N[C@H](CO)c4cccc(Cl)c4)c(F)c3)c2)CCC1=O,CHEMBL3935684,0.45102440617092454,1
CN1CCC(c2cnc(N)c(-c3ccc(C(=O)N[C@H](CO)c4cccc(Cl)c4)c(F)c3)c2)CC1=O,CHEMBL3948464,0.45102440617092454,1
CN1CC[C@H](c2cnc(N)c(-c3ccc(C(=O)N[C@H](CO)c4cccc(Cl)c4)c(F)c3)c2)CC1=O,CHEMBL3949682,0.45102440617092454,1
CN1C[C@H](c2cnc(N)c(-c3ccc(C(=O)N[C@H](CO)c4cccc(Cl)c4)c(F)c3)c2)CCC1=O,CHEMBL3977417,0.45102440617092454,1
CN1C[C@@H](c2cnc(N)c(-c3ccc(C(=O)N[C@H](CO)c4cccc(Cl)c4)c(F)c3)c2)CCC1=O,CHEMBL3903269,0.45102440617092454,1
CC(C)N(C(=O)CN1C(=O)C(NC(=O)N2CCNCC2)C(=O)N(c2ccccc2)c2ccccc21)c1ccccc1,CHEMBL347301,0.4510187710572757,1
CN1CCN(c2cc[nH]c3nc(-c4nc(CCc5ccc(Cl)cc5)no4)cc2-3)CC1,CHEMBL211402,0.45101760620255205,1
CC1C(=O)NCCN1C(=O)c1ccc2c(-c3nc4ccccc4[nH]3)n[nH]c2c1,CHEMBL3978350,0.45101696739247404,1
CC1(C)N2Cc3ccccc3C[C@H]2C(=O)N1[C@@H](Cc1ccc(O)cc1)C(=O)O,CHEMBL1642822,0.45099953312677704,1
NCc1ccc2c(c1)c(C1CCN(CCN3CCNC3=O)CC1)cn2-c1ccc(F)cc1,CHEMBL1259172,0.4509803921568626,1
O=C(NCC(O)CCN1CCN(c2cccc(Cl)c2Cl)CC1)c1cc2ccccc2[nH]1,CHEMBL1627321,0.4509747569095173,1
CN(C)C(=O)c1cccc(-c2ccc3c(c2)[C@H]2[C@H](CCN2C(=O)C2CC2)[C@@H](CO)N3)c1,CHEMBL3561302,0.45097380792478153,1
N#Cc1ccc(-c2ccc3c(c2)[C@@H]2[C@@H](CCN2C(=O)C2CCC2)[C@@H](CO)N3)cc1,CHEMBL3560928,0.45097380792478153,1
Cc1nn(C2CCCCC2)c2sc(C(=O)Nc3ccc(C(=O)NCCO)cc3)cc12,CHEMBL3647469,0.4509669768290455,1
N=C(Nc1ccc2c(c1)CCCN2CCCNCCO)c1cccs1,CHEMBL3216787,0.4509606547332485,1
O=c1[nH]c2ccccc2cc1-c1nc2c([nH]1)CN(Cc1ccccc1)CC2,CHEMBL2016895,0.45096029588699243,1
Cc1c(-c2cccc(O)c2)[nH]c2ccc(N3CCN(C)CC3)cc2c1=O,CHEMBL1818675,0.4509536784741142,1
Cc1c(-c2ccc(O)cc2)[nH]c2ccc(N3CCN(C)CC3)cc2c1=O,CHEMBL1818676,0.4509536784741142,1
Nc1ncc(C2CNC(=O)C2)cc1-c1ccc(C(=O)NCc2ccccc2)c(F)c1,CHEMBL3893186,0.4509531779401556,1
Nc1ccc(-c2n[nH]c3ccc(-c4nc[nH]n4)cc23)cc1,CHEMBL3904859,0.4509346717780498,1
Nc1nc(-c2cccc(NC(=O)c3cc[nH]c3)c2)c[nH]1,CHEMBL3621668,0.4509258322371748,1
CC(O)c1nnc(-c2ccc3[nH]nc(-c4ccc(F)cc4)c3c2)[nH]1,CHEMBL3917920,0.4509234370935574,1
CN(NC(=O)c1ccccc1Nc1ccc2c(/C=C/c3ccccn3)n[nH]c2c1)C(N)=S,CHEMBL3893484,0.45091841393600957,1
NCc1ccc(C(=O)N2CCC3(CC2)N=C(N)c2c(F)cccc2N3)cc1,CHEMBL1221657,0.4509029122377207,1
NC(=O)[C@@H]1CCCN1CC1Cc2cccc3c(C4=C(c5c[nH]c6cc(F)ccc56)C(=O)NC4=O)cn(c23)C1,CHEMBL317884,0.45090284869950686,1
COc1ccc(-c2nc3cc(/C(C)=N/NC(N)=S)ccc3[nH]2)c(OC)c1,CHEMBL2037180,0.4508972108445483,1
CCCCN(CCO)C(=O)C1=Cc2ccc(C(=O)Nc3cccc(C)c3)cc2N=C(N)C1,CHEMBL3945379,0.45089623832365533,1
CC(C)(C)c1[nH]nc2c1C(c1ccccc1OCC(N)=O)N(c1ccc(-c3ccon3)cc1)C2=O,CHEMBL3679919,0.45089340727048693,1
CC1(N)CCN(c2nc(-c3ccc4cc(C(=O)O)ccc4c3)cs2)CC1,CHEMBL4064584,0.45088658936092735,1
CN(C)C(C)(C)CNCc1c[nH]nc1-c1cc2ccccc2o1,CHEMBL3458003,0.4508818509387443,1
CN[C@H]1C[C@H](c2c[nH]c3ccc(CC4COC(=O)N4)cc32)C1,CHEMBL2368256,0.4508787862599496,1
N[C@H]1C[C@H](c2c[nH]c3ccc(CC4COC(=O)N4)cc32)C1,CHEMBL2110299,0.4508787862599496,1
CNc1cncc(-c2c[nH]c(=O)c(NC(=O)c3ccc(N4CCC[C@H]4CN4CCCC4)cc3)c2)c1,CHEMBL1765782,0.45087296809151123,1
O=C(NCc1ccc2[nH]c3c(c2c1)CCCC3)c1ccc(S(=O)(=O)N2CCOCC2)cc1,CHEMBL1361931,0.45085358314708246,1
O=C(CCc1nc(O)c2ccccc2n1)NC1CCN(Cc2ccccc2)CC1,CHEMBL1423830,0.4508471463336239,1
NC(=O)c1cc(-c2ccc(F)cc2)cc(-c2ccc(S(=O)(=O)N3CCCC3)cc2)c1N,CHEMBL230055,0.45084241823587684,1
CNC(=O)c1cc(-c2ccc(F)cc2)cc(-c2ccc(S(=O)(=O)N3CCCC3)cc2)c1N,CHEMBL230592,0.45084241823587684,1
NC(=O)c1nc(-c2ccncc2)sc1NC(=O)c1ccc(CN2CCCC2)cc1,CHEMBL3967014,0.45083439183566215,1
O=C1NC(=S)N/C1=C/c1cc2ccc(-c3ccc4c(c3)COC4=O)cc2[nH]1,CHEMBL1934383,0.4508287764866711,1
O=C1NC(=S)N/C1=C/c1cc2cc(-c3ccc4c(c3)COC4=O)ccc2[nH]1,CHEMBL1934384,0.4508287764866711,1
O=C(NO)c1cccc2c1CCN(c1nc3ccccc3[nH]1)C2,CHEMBL4126784,0.45082777365950083,1
O=C(NO)c1cccc2c1CN(c1nc3ccc(C(F)(F)F)cc3[nH]1)C2,CHEMBL4127743,0.45082777365950083,1
O=C(NO)c1cccc2c1CN(c1nc3ccccc3[nH]1)C2,CHEMBL4127193,0.45082777365950083,1
O=C(NO)c1cccc2c1CCN(c1nc3ccccc3[nH]1)CC2,CHEMBL4129070,0.45082777365950083,1
O=C(NO)c1cccc2c1CN(c1nc3ccccc3[nH]1)CC2,CHEMBL4125815,0.45082777365950083,1
CCc1ccc2c(/C=C3\Oc4c(ccc(O)c4CN4CCNCC4)C3=O)c[nH]c2n1,CHEMBL4065023,0.4508200909508969,1
Cc1ccc2c(/C=C3\Oc4c(ccc(O)c4CN4CCNCC4)C3=O)c[nH]c2n1,CHEMBL4084953,0.4508200909508969,1
O=C1/C(=C/c2c[nH]c3nc(F)ccc23)Oc2c1ccc(O)c2CN1CCNCC1,CHEMBL4092704,0.4508200909508968,1
O=C1/C(=C/c2c[nH]c3ncccc23)Oc2c1ccc(O)c2CN1CCNCC1,CHEMBL4102902,0.4508200909508968,1
O=C1/C(=C/c2c[nH]c3nc(Cl)ccc23)Oc2c1ccc(O)c2CN1CCNCC1,CHEMBL4061176,0.4508200909508968,1
CN1CC(c2cnc(N)c(-c3ccc(C(=O)N[C@H](CO)c4cccc(Cl)c4)c(F)c3)c2)CC1=O,CHEMBL3930173,0.45081643638973606,1
CN1C[C@@H](c2cnc(N)c(-c3ccc(C(=O)N[C@H](CO)c4cccc(Cl)c4)c(F)c3)c2)CC1=O,CHEMBL3902203,0.45081643638973606,1
CN1C[C@H](c2cnc(N)c(-c3ccc(C(=O)N[C@H](CO)c4cccc(Cl)c4)c(F)c3)c2)CC1=O,CHEMBL3968451,0.45081643638973606,1
Nc1cccc(-c2ccc(OCCN3CCCC3)c3c2CCC3)n1,CHEMBL290476,0.450777468849758,1
Nc1cccc(-c2ccc(OCCN3CCCC3)c3ccccc23)n1,CHEMBL38845,0.450777468849758,1
Nc1cccc(-c2ccc(OCCN3CCCC3)c3c2CCCC3)n1,CHEMBL42968,0.450777468849758,1
CNC(=O)[C@@H](NC(=O)c1ccc(NC(=O)N2Cc3ccccc3C2)cc1)C(C)(C)C,CHEMBL3903328,0.4507735991191976,1
CNC(=O)[C@@H](NC(=O)c1ccc(NC(=O)N2Cc3ccc(F)cc3C2)cc1)C(C)(C)C,CHEMBL3977737,0.4507735991191976,1
Cc1nc2cccc(-c3cc4c([nH]3)CCNC4=O)c2nc1N(C)C(C)C,CHEMBL3891287,0.4507544462321172,1
Cc1nc2cccc(-c3cc4c([nH]3)CCNC4=O)c2nc1N(C)C(C)(C)C,CHEMBL3925198,0.4507544462321172,1
Cc1nc2cccc(-c3cc4c([nH]3)CCNC4=O)c2nc1N1CCCC1,CHEMBL3961180,0.4507544462321172,1
Cc1nc2cccc(-c3cc4c([nH]3)CCNC4=O)c2nc1N1CCC1,CHEMBL3937248,0.4507544462321172,1
CN(c1cnc2cccc(-c3cc4c([nH]3)CCNC4=O)c2n1)C(C)(C)C,CHEMBL3985398,0.4507544462321172,1
CCN(c1cnc2cccc(-c3cc4c([nH]3)CCNC4=O)c2n1)C(C)(C)C,CHEMBL3901766,0.4507544462321172,1
CCS(=O)(=O)Cc1ccc2c(c1)/C(=C/c1[nH]c3c(c1CCCN(C)C)CCCC3)C(=O)N2,CHEMBL293334,0.4507544098887079,1
CC(C)(O)c1ccccc1S(=O)(=O)c1cc(Cl)c2oc3c(c2c1)CNCC3,CHEMBL3692951,0.45075359270942855,1
CCc1ccc(CNC(=O)c2ccc3c(c2)NC(=O)C(N2CCOCC2)S3)cc1,CHEMBL1301781,0.4507511664872069,1
Cc1ccc(CNC(=O)c2ccc3c(c2)NC(=O)C(N2CCOCC2)S3)cc1,CHEMBL1477621,0.4507511664872069,1
CN(C)CCNC(=O)c1cc2c3ccccc3[nH]c2c2cccnc12,CHEMBL2413845,0.45074418836179,1
C(=C\c1cc2cc(C3=NCCN3)ccc2[nH]1)/c1ccc(C2=NCCN2)cc1,CHEMBL1688716,0.45074005550416263,1
C(=C\c1cc2ccc(C3=NCCN3)cc2[nH]1)/c1ccc(C2=NCCN2)cc1,CHEMBL1688717,0.45074005550416263,1
c1cncc(-c2cc3c(-c4cnn(C5CCNCC5)c4)n[nH]c3cn2)c1,CHEMBL3943201,0.450738327255336,1
O=c1[nH]c2ccc(O)c(-c3ccc4cn[nH]c4c3)c2c2ccsc12,CHEMBL3667202,0.45073311555116596,1
O=C(NCCN1CCOCC1)c1nc(-c2ccc3[nH]ccc3c2)no1,CHEMBL3443610,0.450729927007299,1
CC(=O)NC1CCN(CC(=O)Nc2nc3c(s2)CCCc2ccc(F)cc2-3)CC1,CHEMBL78901,0.45070995979439166,1
CCc1ccc(C2c3[nH]c4ccccc4c3CCN2C(=O)CN2CCN(CC)CC2)cc1,CHEMBL1430252,0.45069410126241044,1
OC1CCN(c2ccc(CNc3nc4ccccc4o3)cc2F)CC1,CHEMBL3462927,0.4506940186186519,1
NS(=O)(=O)c1ccc(/N=C2\NC(=O)/C(=C3/C(=O)N(Cc4ccccc4)c4ccc(Cl)cc43)S2)cc1,CHEMBL4211148,0.4506917288291546,1
NS(=O)(=O)c1ccc(/N=C2\NC(=O)/C(=C3/C(=O)N(Cc4ccccc4)c4ccc(Br)cc43)S2)cc1,CHEMBL4216972,0.4506917288291546,1
NS(=O)(=O)c1ccc(/N=C2\NC(=O)/C(=C3/C(=O)N(Cc4ccccc4)c4ccccc43)S2)cc1,CHEMBL4216120,0.4506917288291546,1
NS(=O)(=O)c1cccc(/N=C2\NC(=O)/C(=C3/C(=O)N(Cc4ccccc4)c4ccccc43)S2)c1,CHEMBL4209378,0.4506917288291546,1
N=C(N)SCc1cccc2c(=O)c3ccccc3oc12,CHEMBL97099,0.4506611845760638,1
O=C(/C=C/c1ccc2c(c1)Cc1sc(Nc3ccccc3)nc1-2)NO,CHEMBL2385384,0.45065761196595877,1
NCCc1nc(CN2CCN(C(=O)c3cccc4ccccc34)Cc3ccccc32)c[nH]1,CHEMBL348426,0.4506484586481354,1
CC1(C)c2cc(N3CCN(S(N)(=O)=O)CC3)ccc2C(=O)c2c1[nH]c1cc(C#N)ccc21,CHEMBL3961322,0.4506436254628812,1
CC(C)[C@H](CO)NCc1nc(-c2cc3ccccc3[nH]2)ccc1F,CHEMBL3696434,0.45062466051059186,1
Cc1cc(C(=O)N2CCC3(CC2)CC(=O)c2cc(-c4cc[nH]n4)ccc2O3)cc2cn[nH]c12,CHEMBL1090854,0.4506114769520225,1
CNC(=O)c1ccc(C(=O)O)c(-c2ccc3c(c2)OC[C@H](Cc2ccccc2)[C@H]3O)c1,CHEMBL298704,0.4506044020947355,1
CC(=O)Nc1cc(-c2cccc(C(=O)NCCO)c2)cn2c(-c3ccc(F)cc3)cnc12,CHEMBL2359285,0.45059546676911244,1
CCNC(=O)Oc1ccc2c(c1)C(=O)N1CCc3c([nH]c4ccccc34)C1N2C,CHEMBL3262481,0.4505922812380587,1
O=C(NCC1CCNC1)c1ccc(NC(=O)N2Cc3ccncc3C2)cc1,CHEMBL3925127,0.4505813953488369,1
O=C(NC[C@H]1CCNC1)c1ccc(NC(=O)N2Cc3ccncc3C2)cc1,CHEMBL3952828,0.4505813953488369,1
Cc1nn(C2CCOCC2)c2sc(C(=O)Nc3ccc(N4CCNC4=O)nc3)cc12,CHEMBL3650291,0.4505796539694844,1
CC1(C)C(=O)Nc2cc3[nH]c(-c4ccc(O)cc4)nc3cc21,CHEMBL37055,0.4505753631390305,1
NC1CCc2ccc(CCN3CCN(c4nsc5ccccc45)CC3)cc21,CHEMBL404000,0.45057406888826657,1
O=C1c2ccccc2-c2nnc(-c3ccc(C4CCNCC4)cc3)cc21,CHEMBL438825,0.4505415162454873,1
COc1ccc(C(=O)NC(=O)Nc2ccc3c(c2)NC(=O)/C3=C\c2[nH]c(C)c(C(=O)N3CCN(C)CC3)c2C)c(F)c1,CHEMBL3329678,0.45052994028084176,1
N/C(=N/O)c1cccc(CN2C(=O)NC(CCc3ccccc3)C(O)C2Cc2ccccc2)c1,CHEMBL2296966,0.45052784102670257,1
N/C(=N\O)c1cccc(CN2C(=O)N[C@H](CCc3ccccc3)[C@@H](O)[C@H]2Cc2ccccc2)c1,CHEMBL286159,0.45052784102670257,1
N/C(=N/O)c1cc(CN2C(=O)NC(CCc3ccccc3)C(O)C2Cc2ccccc2)ccc1F,CHEMBL2296967,0.45052784102670257,1
N/C(=N\O)c1cc(CN2C(=O)N[C@H](CCc3ccccc3)[C@@H](O)[C@H]2Cc2ccccc2)ccc1F,CHEMBL416964,0.45052784102670257,1
CC1(C)CNC(=O)c2cc3ccc(C(=O)Nc4cc(Cc5ccccc5)on4)nc3n2C1,CHEMBL3673656,0.45051526346490356,1
CC(=O)Nc1ccc(-c2ccc(-c3nc4c(C(N)=O)cccc4[nH]3)cc2)cn1,CHEMBL3593989,0.4505093302082394,1
CC1(C)CNC(=O)c2cc3ccc(C(=O)Nc4cc(-c5ccccc5)on4)nc3n2C1,CHEMBL3673655,0.4505091392068818,1
COc1ccccc1CNC(=O)c1cc2ccc(-c3cn[nH]c3)nc2[nH]1,CHEMBL1923179,0.4504912391904739,1
O=C(Nc1[nH]nc2cc(-c3ccc(O)nc3)ccc12)C1CC1,CHEMBL106060,0.45049071556927595,1
CCN(CC)c1ccc2nc3c4ccccc4/c(=N\CCNC(=N)N)cc-3sc2c1,CHEMBL3139515,0.45048550375318497,1
O=c1[nH]c(-c2ccn(C[C@@H]3CNCCO[C@H]3c3ccc(Cl)c(F)c3)c(=O)c2)no1,CHEMBL3819729,0.4504842350542487,1
O=c1[nH]c(-c2ccc(=O)n(C[C@@H]3CNCCO[C@H]3c3ccc(Cl)c(F)c3)c2)no1,CHEMBL3818596,0.4504842350542487,1
O=C1COC(c2ccc(-c3cc4c(cc3Cl)NCC4C(=O)O)cc2)CN1,CHEMBL3973071,0.45048287172011636,1
CN1CCC(c2cc3c(-c4cccc(N(C)CCN5CCCC5=O)n4)ccnc3[nH]2)CC1,CHEMBL3668416,0.45047796070100876,1
CN(C)C1CCN(CCOc2ccc(-c3cccc(N)n3)c3ccccc23)CC1,CHEMBL38762,0.45047775392515893,1
O=C(c1ncccc1-c1ccc(-c2cnc3[nH]ccc3c2)c(F)c1)N1CCOCC1,CHEMBL3700816,0.4504431033545368,1
N=C(N)c1ccc2cc(C(=O)Nc3ccc(CN)cc3)ccc2c1,CHEMBL324168,0.45044255542897177,1
Cn1cc(-c2cc(CN3CCOCC3)ccc2OCC2CC2)c2cc[nH]c2c1=O,CHEMBL3921771,0.4504368416755124,1
NC(=O)NCCNc1cc(N2CCc3ccccc3C2)nc2ccccc12,CHEMBL4163433,0.4504293520686963,1
Cc1c(Cc2ccccc2C(O)c2ccccc2)c2c(n1CC(=O)O)CCNC2=O,CHEMBL3338122,0.4504291578554545,1
CC(C)(C)NC(=S)NC[C@H]1CN(c2ccc(N3CC4(COC4)C3)c(F)c2)C(=O)O1,CHEMBL3954538,0.4503943545039434,1
CC(C)NC(=S)NC[C@H]1CN(c2ccc(N3CC4(COC4)C3)c(F)c2)C(=O)O1,CHEMBL3981246,0.4503943545039434,1
CC(C)(O)CCc1cn(Cc2ccc(F)cc2)c2cnc3c(c12)CCN(O)C3=O,CHEMBL1773408,0.4503872838735727,1
COc1ccc(CNc2nc3c(s2)Cc2cc(/C=C/C(=O)NO)ccc2-3)cc1,CHEMBL2385392,0.45038672315286243,1
O=C(Nc1cnc2[nH]c(CN3CCOCC3)cc2c1)c1ccccc1Br,CHEMBL3347634,0.4503796805446447,1
O=C1c2[nH]nc(NS(=O)(=O)c3cccc4ccccc34)c2CCN1C1CCNCC1,CHEMBL2407551,0.45036591123701614,1
O=C(N[C@H]1CCC[C@H]1NCc1ccc(Cl)s1)c1ccc(-n2ccccc2=O)cc1,CHEMBL232969,0.4503613541270442,1
CC1(C)CCc2cc(CC3=C(c4ccc(O)cc4)C(O)OC3=O)ccc2O1,CHEMBL4213599,0.4503568865893727,1
c1ccc2oc(-c3n[nH]cc3CN3CCC(N4CCSCC4)CC3)cc2c1,CHEMBL1523969,0.4503390671518356,1
Cc1c(C(=O)NCCN2CCOCC2)sc2nc(-c3ccc(F)cc3)cn12,CHEMBL1327559,0.45033448205959864,1
Cn1cccc(C(=O)Nc2ccc3c(c2)NC(=O)/C3=C\c2ccc[nH]2)c1=O,CHEMBL3322579,0.4503308337009261,1
Cc1nc2ccccc2n1-c1ccc(C(=O)N[C@@H]2CCN(C(C)C)C2)cc1,CHEMBL1835987,0.45032526671870904,1
O=c1[nH]c2ccc(OCCN3CCOCC3)cc2c2c1CCCN2,CHEMBL3649732,0.45032242655839505,1
O=c1c2ccccc2sc2c(CO)ccc(NCCN3CCCCC3)c12,CHEMBL1437648,0.4503106978407617,1
CCNC(=O)c1noc(-c2cc(Cl)c(O)cc2O)c1-c1ccc(CN(C)C)cc1,CHEMBL253616,0.45030540683206377,1
CCNC(=O)c1ccc2c(c1)NC(=O)/C2=C\Nc1ccc(N(C)C(=O)CN2CCN(C)CC2)cc1,CHEMBL1272020,0.4502940095553109,1
O=C(c1ccc(O)c2[nH]c(-c3cccs3)nc12)N1CCNCC1,CHEMBL3718701,0.4502851791946878,1
CN1CCC(CNC(=O)c2ccc(NC(=O)N3Cc4ccc(C#N)cc4C3)cc2)C1,CHEMBL3931915,0.45027531183278974,1
CN1CCC(CNC(=O)c2ccc(NC(=O)N3Cc4ccc(C#N)cc4C3)cc2)CC1,CHEMBL3903924,0.45027531183278974,1
Cc1nc2c(c(-c3ccc(Cl)cc3Cl)c1CN)CN(CC(=O)NCc1cccnc1)C2=O,CHEMBL1910126,0.45026500677924297,1
NCCCCNC(=O)c1ccc2[nH]c(=O)c3c(c2c1)CCSC3,CHEMBL2237236,0.45026350461133074,1
O=C(NCc1ccc(C2=NCCN2)cc1)c1ccc(-c2cc3ccc(C4=NCCN4)cc3[nH]2)cc1,CHEMBL3113731,0.45025789704345465,1
O=C(NC1CCC1)c1cc(Cc2n[nH]c(=O)c3c2NCCC3)ccc1F,CHEMBL3919943,0.4502542704394312,1
O=C(NC1CC1)c1cc(Cc2n[nH]c(=O)c3c2NCCC3)ccc1F,CHEMBL2058691,0.4502542704394312,1
N#Cc1cccc(NC2=NN=C(c3ccc4[nH]c(=O)[nH]c4c3)CS2)c1,CHEMBL4276858,0.45025295109612135,1
CC(=O)Nc1ccc2[nH]c(C(=O)N3C[C@H]4C[C@@]45C3=CC(=O)c3ccccc35)cc2c1,CHEMBL64796,0.4502471622116439,1
CC(c1nc(-c2ccc3[nH]nc(-c4ccc(F)cc4)c3c2)n[nH]1)N(C)C,CHEMBL3960257,0.45023761652348737,1
O=C1NCCc2c1ccc1[nH]cc(CCNCc3cn[nH]c3)c21,CHEMBL569363,0.45023227804542326,1
CCN[C@H](C#Cc1c(F)ccc2c1/C(=C/c1[nH]ccc1OC)C(=O)N2)[C@@H](C)O,CHEMBL352984,0.45021340073757915,1
CCN[C@H](C#Cc1c(F)ccc2c1/C(=C/c1[nH]ccc1OC)C(=O)N2)CO,CHEMBL173058,0.45021340073757915,1
COc1cc[nH]c1/C=C1\C(=O)Nc2ccc(F)c(C#C[C@@H](N)[C@@H](C)O)c21,CHEMBL366440,0.45021340073757915,1
CN[C@H](C#Cc1c(F)ccc2c1/C(=C/c1[nH]ccc1OC)C(=O)N2)[C@@H](C)O,CHEMBL171297,0.45021340073757915,1
CN[C@H](C#Cc1c(F)ccc2c1/C(=C/c1[nH]ccc1OC)C(=O)N2)CO,CHEMBL422738,0.45021340073757915,1
CN[C@@H](C#Cc1c(F)ccc2c1/C(=C/c1[nH]ccc1OC)C(=O)N2)CO,CHEMBL170752,0.45021340073757915,1
COc1cc[nH]c1/C=C1\C(=O)Nc2ccc(F)c(C#C[C@@H](N)CO)c21,CHEMBL171439,0.45021340073757915,1
COc1cc[nH]c1/C=C1\C(=O)Nc2ccc(F)c(C#C[C@H](N)CO)c21,CHEMBL424207,0.45021340073757915,1
COc1ccc(Cn2c(=O)[nH]c3cc(C(=O)NC4CCN(Cc5ccccc5)CC4)ccc3c2=O)cc1,CHEMBL537276,0.450199830065771,1
N=C(N)c1cccc(-c2nocc2C(=O)Nc2ccc(-c3ccccc3S(N)(=O)=O)cc2)c1,CHEMBL153611,0.450195223826387,1
N=C(N)c1cccc(-c2ncsc2C(=O)Nc2ccc(-c3ccccc3S(N)(=O)=O)cc2)c1,CHEMBL160575,0.450195223826387,1
N=C(N)c1cccc(-c2ncccc2C(=O)Nc2ccc(-c3ccccc3S(N)(=O)=O)cc2)c1,CHEMBL351755,0.450195223826387,1
Cc1nc(-c2cccc(C(=N)N)c2)c(C(=O)Nc2ccc(-c3ccccc3S(N)(=O)=O)cc2)o1,CHEMBL160958,0.450195223826387,1
Cc1nc(-c2cccc(C(=N)N)c2)c(C(=O)Nc2ccc(-c3ccccc3S(N)(=O)=O)cc2)s1,CHEMBL156924,0.450195223826387,1
CC(C)[C@@H](C(=O)NCC1CCCO1)N1C(=O)N2CCc3c([nH]c4ccccc34)[C@@]2(C)C1=O,CHEMBL1435729,0.45019187719859294,1
COc1ccc(C2CC(c3c(O)ccc4ccccc34)=NN2C(N)=S)c(OC)c1,CHEMBL4084822,0.45019017906748143,1
NCCNc1cc(-c2c[nH]c3ncccc23)cc(Cl)n1,CHEMBL1972290,0.45017947203416764,1
O=C1NCCn2cc(-c3cccc4ccc(Nc5cccnc5)nc34)cc21,CHEMBL3906821,0.45017735155018396,1
O=C1NCC(c2ccc(O)cc2)N1c1ccc2[nH]cnc2c1,CHEMBL3906221,0.45016867469879496,1
NCCc1c[nH]c2ccc(-c3nc(Cc4ccccc4)no3)cc12,CHEMBL288821,0.45016423455925875,1
O=C(NC1CCC1)c1cccc(-c2n[nH]c3ccc(-c4nc[nH]n4)cc23)c1,CHEMBL3917312,0.45016089788870556,1
O=C(NC1CCCC1)c1cccc(-c2n[nH]c3ccc(-c4nc[nH]n4)cc23)c1,CHEMBL3938939,0.45016089788870556,1
O=C(NC1CC1)c1cccc(-c2n[nH]c3ccc(-c4nc[nH]n4)cc23)c1,CHEMBL3962971,0.45016089788870556,1
O=C(NCCN1CCC2(CC1)C(=O)NCN2Cc1ccncc1)c1ccc2ccccc2c1,CHEMBL3561781,0.45015356820234836,1
O=C(NCCN1CCC2(CC1)C(=O)NCN2Cc1cccnc1)c1ccc2ccccc2c1Br,CHEMBL3580411,0.45015356820234836,1
O=C(NCCN1CCC2(CC1)C(=O)NCN2Cc1cccnc1)c1ccc2ccccc2c1,CHEMBL3580438,0.45015356820234836,1
O=c1c2ccccc2cc2n1Cc1c-2nc2ccccc2c1CCCNCCO,CHEMBL1186768,0.45014705407065064,1
Cc1cc(O)cc(C)c1C[C@H](N)C(=O)N[C@H]1Cc2ccccc2CN(Cc2nc3ccccc3[nH]2)C1=O,CHEMBL211543,0.450138579425031,1
N=C(N)CCCCC1C(=O)O[C@H]2Cc3cc(-c4ccc(O)cc4)ccc3[C@H]12,CHEMBL137233,0.4501379733251571,1
N=C(N)CCCCC1C(=O)O[C@H]2Cc3ccc(-c4ccc(O)cc4)cc3[C@H]12,CHEMBL140247,0.4501379733251571,1
N=C(N)c1ccc(-c2csc(N(Cc3ccccc3)C3CCN(CC(=O)O)CC3)n2)cc1,CHEMBL114722,0.4501325791055329,1
CN(C)C(=O)c1cccc(NC(=O)Nc2ccc(-c3ccnc4[nH]cnc34)cc2)c1,CHEMBL1951337,0.4501274353103806,1
N#Cc1ccc2c(c1)CN(C[C@@H]1C[C@H]1CNC(=O)c1cc3ccccc3[nH]1)CC2,CHEMBL4095216,0.45012615643397785,1
O=C(Nc1cc(CN2CCOCC2)ccn1)Nc1cccc2c1C1CCCCN1C2=O,CHEMBL3786276,0.45011178272749824,1
CN1C(=O)C(c2cccc(-c3cccnc3)c2)(c2ccc3c(c2)CCO3)N=C1N,CHEMBL566414,0.45010329271891714,1
CN(C)Cc1n[nH]c(-c2ccc3[nH]nc(-c4cccc(C(=O)NCCN5CCCCC5)c4)c3c2)n1,CHEMBL3919926,0.4501020547013202,1
CN1C(=N)N[C@](C)(c2sc3c(-c4ccc(C5CC5)nc4)nccc3c2Cl)CS1(=O)=O,CHEMBL3917252,0.4501000857878179,1
CC(C)C(=O)OCc1ccc(C(CN)C(=O)Nc2ccc3cnccc3c2)cc1,CHEMBL3794444,0.45009679016791926,1
COc1cccc(C2c3[nH]c4ccc(C)cc4c3CCN2C(=O)CCN)c1,CHEMBL589394,0.4500953911035244,1
Nc1ncc(C2CCC(=O)NC2)cc1-c1ccc(C(=O)NCc2ccccc2)c(F)c1,CHEMBL3928996,0.45008933070685764,1
COc1ccc2[nH]c3c(C)c4ccnc(C(=O)NCCCN(C)C)c4cc3c2c1,CHEMBL79730,0.4500875656742556,1
NS(=O)(=O)c1ccc(-n2nc(C(F)(F)F)cc2-c2ccc(CN3CCNCC3)cc2)cc1,CHEMBL3335825,0.4500794583016651,1
CC(C)=CCc1[nH]c2cc(O)ccc2c1C[C@@H]1NC(=O)[C@@H]2CCCN2C1=O,CHEMBL3884295,0.4500768049155144,1
O=C(Nc1ccc(C2=CCN(C(=O)C3CCCO3)CC2)cn1)N1Cc2ccccc2C1,CHEMBL3927934,0.45007648082704776,1
Cc1noc(C)c1-c1ccc2c(c1)C(NC(=O)CN(C)C)(c1ccccc1)C(=O)N2,CHEMBL3965341,0.45007284079084275,1
Cc1n[nH]c2cnc(-c3cnccc3N3CCC[C@@H](N)C3)cc12,CHEMBL4111877,0.45007273038418744,1
Cc1n[nH]c2cnc(-c3cnccc3N3CCC[C@H](N)C3)cc12,CHEMBL3634792,0.45007273038418744,1
N=C(N)c1ccc2cc(C(=O)Nc3ccc(C(N)=O)cc3)ccc2c1,CHEMBL320749,0.4500607306362699,1
COc1ccc(-c2cc3nc(NC(C)C)[nH]c(=O)c3s2)cc1,CHEMBL3416976,0.4500574052812857,1
COc1ccc(-c2cc3nc(NC(C)(C)C)[nH]c(=O)c3s2)cc1,CHEMBL3416972,0.4500574052812857,1
NC(=O)Nc1sc(-c2ccc(O)cc2)cc1C(=O)N[C@H]1CCCNC1,CHEMBL459428,0.4500567759113511,1
N#Cc1ccc(NC(=O)COc2cccc(C(=O)Nc3nc4c(s3)CC(N3CCN(C5CC5)CC3)CC4)c2)cc1,CHEMBL3704393,0.45005068138303844,1
CCCNCC(=O)Nc1ccccc1C1NC(=O)Cc2ccccc21,CHEMBL3277844,0.45003241140881584,1
OC[C@H]1C[C@@H](O)CCN1CCc1ccc(Nc2nc(-c3ccccc3)cs2)cc1,CHEMBL2409879,0.45000194772311164,1
c1ccc(-c2nc3cc4c(cc3[nH]2)C2CNCC4C2)cc1,CHEMBL198424,0.44999999999999984,1
CCOC(=O)c1cccc2[nH]c(-c3ccc(N4CCC(N)C4)cc3)nc12,CHEMBL1995736,0.44999332354119354,1
CN(C)CCNC(=O)c1cc(C2CC2)sc1NC(=O)Nc1ccc2[nH]ncc2c1,CHEMBL1641793,0.4499918354016979,1
O=C(Nc1cnccc1N1CCNCC1)c1csc(N2Cc3ccccc3C2=O)n1,CHEMBL2381115,0.4499788528483592,1
Nc1ccc(-c2ccc(N)c(NC(=O)c3cccnc3)c2)cc1,CHEMBL257855,0.4499669530733641,1
O=C(N/N=C/c1ccccc1O)Nc1nc2ccc(CN3CCOCC3)cc2s1,CHEMBL3330085,0.44996541807724505,1
NC[C@@H]1CCCc2cc(S(=O)(=O)c3cc(F)cc4[nH]cnc34)ccc21,CHEMBL1086251,0.4499484004127966,1
CC1(C)C(=O)Nc2ccc(CCN3CCN(c4nsc5ccccc45)CC3)cc21,CHEMBL37633,0.44993077988001823,1
NCc1ccc(C(=O)Nc2ccncc2F)cc1-c1cccc(C(=O)O)c1,CHEMBL2440740,0.44992850223718794,1
NCc1ccc(C(=O)Nc2ccncc2)cc1-c1cccc(C(=O)O)c1,CHEMBL2440739,0.44992850223718794,1
Cc1cccc(NC(=O)N2CCc3nc(-c4cc5ccccc5[nH]c4=O)[nH]c3C2)c1,CHEMBL2016928,0.4499258160237389,1
CN(c1ncc2cccc(-c3cc4c([nH]3)CCNC4=O)c2n1)C(C)(C)C,CHEMBL3982591,0.44992429158555064,1
Cc1ccc2c(c1)/C(=C1/SC(N(C)c3ccc(O)cc3)=NC1=O)C(=O)N2,CHEMBL3780031,0.44992379708251684,1
CN(C1=NC(=O)/C(=C2\C(=O)Nc3ccccc32)S1)c1ccc(O)cc1,CHEMBL1699723,0.44992379708251684,1
Cc1ccc2c(c1)/C(=C1\SC(N(C)c3ccc(O)cc3)=NC1=O)C(=O)N2,CHEMBL1384325,0.44992379708251684,1
CN(C1=NC(=O)/C(=C2/C(=O)Nc3ccccc32)S1)c1ccc(O)cc1,CHEMBL3780656,0.44992379708251684,1
CC(=O)N[C@@H]1Cc2c([nH]c3ccccc23)CN([C@@H](CCCCN)C(=O)NCCc2ccccc2)C1=O,CHEMBL1185941,0.4499151691423429,1
CN(C)c1ccc(-c2c(C(N)=O)c3n(c2C2CC2)CCN(C(=O)NC(C)(C)C)C3)cc1,CHEMBL4111304,0.4499126918481755,1
COc1ccc(-c2c(C(N)=O)c3n(c2C2CC2)CCN(C(=O)NC(C)(C)C)C3)cc1,CHEMBL3924940,0.4499126918481755,1
COc1ccc(-c2c(C(N)=O)c3n(c2C2CC2)CCN(C(=O)NC(C)C)C3)cc1,CHEMBL3955946,0.4499126918481755,1
COc1cccc(-c2c(C(N)=O)c3n(c2C2CC2)CCN(C(=O)NC(C)(C)C)C3)c1,CHEMBL3946837,0.4499126918481755,1
O=C1OC[C@H](c2ccc(OCCN3CCNCC3)cc2)N1c1ccc2[nH]cnc2c1,CHEMBL4110999,0.4499092672548651,1
Cc1nc2cccc(-c3cc4c([nH]3)CCNC4=O)c2nc1NC1CCCCC1O,CHEMBL3964978,0.4498996579892025,1
Cc1ccc(CN2CCCC(Nc3ccc4[nH]ncc4c3)C2)cc1OCCO,CHEMBL3689399,0.44989347754834463,1
OCCOc1cccc(CN2CC[C@H](Nc3ccc4[nH]ncc4c3)C2)c1,CHEMBL3689434,0.4498934775483446,1
OCCOc1cccc(CN2CCCC(Nc3ccc4[nH]ncc4c3)C2)c1,CHEMBL3689381,0.4498934775483446,1
OCCOc1cccc(CN2CCC(Nc3ccc4[nH]ncc4c3)CC2)c1,CHEMBL3689464,0.4498934775483446,1
C[C@@H](O)COc1cccc(CN2CCC[C@H](Nc3ccc4[nH]ncc4c3)C2)c1,CHEMBL3689456,0.4498934775483446,1
OCCOc1cccc(CN2CCC[C@@H](Nc3ccc4[nH]ncc4c3)C2)c1,CHEMBL3689432,0.4498934775483446,1
OCCOc1cccc(CN2CCC[C@H](Nc3ccc4[nH]ncc4c3)C2)c1,CHEMBL3689430,0.4498934775483446,1
C[C@@H](O)COc1cccc(CN2CCC[C@@H](Nc3ccc4[nH]ncc4c3)C2)c1,CHEMBL3689454,0.4498934775483446,1
OCCOc1cccc(CN2CC[C@@H](Nc3ccc4[nH]ncc4c3)C2)c1,CHEMBL3689436,0.4498934775483446,1
OCCOc1ccc(CN2CCCC(Nc3ccc4[nH]ncc4c3)C2)cc1,CHEMBL3689362,0.4498934775483446,1
OCCOc1cccc(CN2CCC(Nc3ccc4[nH]ncc4c3)C2)c1,CHEMBL3689428,0.4498934775483446,1
O=C(c1cc(-c2ccc3c(c2)Cc2cn[nH]c2-3)c(-c2ccncc2)o1)N1CCOCC1,CHEMBL1254316,0.44987307438188967,1
O=C(CN1CCOCC1)N1CC=C(c2ccc(NC(=O)N3Cc4ccccc4C3)nc2)CC1,CHEMBL3933376,0.44984184365115176,1
Cc1c(C(=O)Nc2nccs2)cc(-c2ccccc2)n1CCCN1CCOCC1,CHEMBL3930641,0.44983234459633736,1
N[C@@H]1C[C@H]1c1ccc(NC(=O)c2ccnc(-c3cc(C(=O)O)ccn3)c2)cc1,CHEMBL3139232,0.44982542616553683,1
Nc1ccc(-c2cnc3[nH]cc(-c4ccc(C(=O)O)cc4)c3c2)cn1,CHEMBL588663,0.44979096317735956,1
Nc1cccc(NC(=O)c2ccnc3nc(-c4cccs4)[nH]c23)c1,CHEMBL3718405,0.4497846202935544,1
Cc1n[nH]c(C)c1-c1cc(-c2c(C)noc2C)cc2nc(N)[nH]c12,CHEMBL3917785,0.449779086892489,1
CCN(C(C)=O)c1ccc(OC)c2nc(NC(=O)c3ccc(C(=O)N4CCN(C)CC4)cc3)sc12,CHEMBL1170583,0.4497762625186446,1
COc1ccc2c(c1)/C(=C/c1cc3c([nH]1)CCN(C(=O)CCN)C3)C(=O)N2,CHEMBL2403366,0.4497743899767818,1
N=C(N)NCCCCc1nccc2c1[nH]c1ccccc12,CHEMBL1821997,0.4497616777883698,1
N=C(N)NCCCCc1nccc2c1[nH]c1cc(Br)ccc12,CHEMBL1821995,0.4497616777883698,1
COc1cccc(NCC(=O)Nc2nc3ccc4[nH]ncc4c3s2)c1,CHEMBL3716447,0.4497590702947845,1
COc1cc(NCC(=O)Nc2nc3ccc4[nH]ncc4c3s2)ccc1Cl,CHEMBL3719054,0.4497590702947845,1
COc1cccc(NC(C)C(=O)Nc2nc3ccc4[nH]ncc4c3s2)c1,CHEMBL3716547,0.4497590702947845,1
C[C@@H]1Cc2c([nH]c3ccccc23)[C@@H](c2ccc(/C=C/C(=O)O)cc2)N1CCO,CHEMBL3622998,0.44975632397307946,1
CN1C(c2ccc(F)c(CNCCN3CCOCC3)c2)c2ccc3cccnc3c2NS1(=O)=O,CHEMBL3894856,0.44974957262393883,1
Nc1ccc(-c2ccccc2)cc1NC(=O)c1ccc(N2CCC3(CC2)CNC(=O)O3)nc1,CHEMBL3286735,0.4497475208371359,1
Nc1ccc(-c2ccsc2)cc1NC(=O)c1ccc(N2CCC3(CC2)CNC(=O)O3)nc1,CHEMBL3286733,0.4497475208371359,1
Nc1ccc(-c2cccs2)cc1NC(=O)c1ccc(N2CCC3(CC2)CNC(=O)O3)nc1,CHEMBL3286732,0.4497475208371359,1
Nc1ccc(-c2ccc(F)cc2)cc1NC(=O)c1ccc(N2CCC3(CC2)CNC(=O)O3)nc1,CHEMBL3286736,0.4497475208371359,1
Cc1nc2cccc(-c3cc4c([nH]3)CCNC4=O)c2nc1N[C@H]1C[C@@H](N2CCOCC2)C1,CHEMBL3918021,0.4497446724933712,1
N#Cc1ccc2c(c1)CN(C[C@@H]1C[C@H]1CCNC(=O)c1cc3cccnc3[nH]1)CC2,CHEMBL4068843,0.44972901787975494,1
CN1CCN(C(=O)c2ccc(NC(=O)c3csc4c(=O)[nH]cnc34)c(Br)c2)CC1,CHEMBL3823892,0.44972832188243744,1
Cc1cc(C(=O)N2CCN(C)CC2)ccc1NC(=O)c1csc2c(=O)[nH]cnc12,CHEMBL3823018,0.44972832188243744,1
CN1CCN(C(=O)c2ccc(NC(=O)c3csc4c(=O)[nH]cnc34)c(Cl)c2)CC1,CHEMBL3823000,0.44972832188243744,1
CN1CCN(C(=O)c2ccc(NC(=O)c3csc4c(=O)[nH]cnc34)c(F)c2)CC1,CHEMBL3823067,0.44972832188243744,1
N[C@H](COc1cncc(C(=O)Nc2ccncc2)c1)Cc1c[nH]c2ccccc12,CHEMBL208499,0.44972769953051633,1
Cc1c(C(=O)NCCCN2CCN(C)CC2)cc(-c2ccc3ccccc3c2)n1-c1ccc(S(N)(=O)=O)cc1,CHEMBL1270733,0.4497269902561163,1
O=C(NCCOc1ccccc1)c1sc2ccccc2c1OC1CCNCC1,CHEMBL3237417,0.44968717413972875,1
N#Cc1ccc(-n2ccc(C(=O)Nc3ccc([C@H]4CNCCO4)cc3)n2)cc1,CHEMBL3663712,0.44968503937007837,1
Nc1cc(-c2n[nH]c3ccc(C(=O)NC(CO)c4cccc(Cl)c4)cc23)ccn1,CHEMBL3797827,0.44966232134443224,1
NC(=O)c1ccc(-c2cc3c(N[C@H]4CCCNC4)ncc(C(N)=O)c3s2)cc1,CHEMBL1288278,0.4496582584975636,1
Cc1c(Nc2c(C#N)cncc2/C=C/CN2CCOCC2)ccc2[nH]ccc12,CHEMBL595500,0.4496545949340587,1
CC1(C)NC(C)(C)C(c2nc3c(C(N)=O)cccc3[nH]2)=C1Br,CHEMBL470378,0.44965044677994354,1
CC1(C)C=C(c2nc3c(C(N)=O)cccc3[nH]2)C(C)(C)N1,CHEMBL511457,0.4496504467799433,1
CN1[C@@H](Cc2c[nH]c3ccc(-n4cnnc4)cc23)C[C@@H]2CN(CCc3cccc(F)c3)C[C@@H]21,CHEMBL84712,0.44964756786935584,1
O=C(/C=C/c1cnc2[nH]cc(-c3ccccc3)c2c1)NCCN1CCOCC1,CHEMBL3891139,0.4496332381432327,1
CS(=O)(=O)N1CC=C(c2cc3c(-c4cccc(NCC5CC5)n4)ccnc3[nH]2)CC1,CHEMBL3673499,0.44963115249727903,1
CN1CCN(C(Cc2ccc(C(=O)Nc3ccccc3N)cc2)C(=O)Nc2ccc(Cl)cc2)CC1,CHEMBL401685,0.44962770562770576,1
CN(C)c1cccc2c(S(=O)(=O)NC(CCCNC3=NCCCN3)C(=O)N3CCCCC3)cccc12,CHEMBL1196627,0.449626998223801,1
CN(C)c1cccc2c(S(=O)(=O)NC(CCCNC3=NCCN3)C(=O)N3CCCCC3)cccc12,CHEMBL1196749,0.449626998223801,1
O=C(Oc1ccc(CC2NC(=S)NC2=O)cc1)c1ccc(-c2ccccc2)cc1,CHEMBL2272109,0.44961505560307935,1
Cn1cc(C2=C(c3cccc(N)c3)C(=O)NC2=O)c2ccccc21,CHEMBL54547,0.44960590306892506,1
Cn1cc(C2=C(c3ccc(N)cc3)C(=O)NC2=O)c2ccccc21,CHEMBL53184,0.44960590306892506,1
OCCC(NC1CCN(CCCc2c[nH]c3ccc(-n4cnnc4)cc23)CC1)c1ccccc1,CHEMBL146628,0.4495895732815344,1
O=C1Cc2cc(NC(=O)N3CCCN(Cc4cccs4)CC3)ccc2N1,CHEMBL3484138,0.4495884773662549,1
O=C(Nc1n[nH]c2cc(-c3ccccc3O)ccc12)C1CC1,CHEMBL4067332,0.4495855231077639,1
CCCNC(=S)N/N=C1\CC(c2ccc(O)cc2)Oc2cc(O)ccc21,CHEMBL1209935,0.4495814753970116,1
CCCCNC(=S)N/N=C1\CC(c2ccc(O)cc2)Oc2cc(O)ccc21,CHEMBL1209937,0.4495814753970116,1
Oc1c(/C=N/NC(=S)Nc2cccc(F)c2)cc2c3c1CCCN3CCC2,CHEMBL2095012,0.44958098014210207,1
CN(CCc1cn[nH]c1)C(=O)CC1C(=O)NCCN1Cc1cccc(Oc2ccccc2)c1,CHEMBL1600677,0.44957983193277307,1
Cc1ccc(C)c(N2CCN(CC(=O)Nc3ccc4[nH]c(O)nc4c3)CC2)c1,CHEMBL1309034,0.44957051256200314,1
Cc1ccc(Cl)cc1N1CCN(CC(=O)Nc2ccc3[nH]c(O)nc3c2)CC1,CHEMBL1518992,0.44957051256200314,1
Cc1c(C#N)ccc2c3c([nH]c12)C(C)(C)c1cc(OC[C@H](O)CO)ccc1C3=O,CHEMBL4109094,0.4495660292541236,1
CC1(C)c2ccc(OC[C@H](O)CO)cc2C(=O)c2c1[nH]c1cc(C#N)ccc21,CHEMBL4107738,0.4495660292541236,1
O=C1NC(c2ccc(O)cc2F)c2c[nH]c3nccc(c23)-c2ccccc21,CHEMBL589633,0.44956598431044875,1
O=C1CCc2cc(OCC(O)CN3CCN(c4ccc(Cc5ccc(F)cc5)cc4)CC3)ccc2N1,CHEMBL4226501,0.44952552356020914,1
CC(C)C(=O)c1ccc(C(=O)/N=c2\[nH]c3cc(N(C)C(=O)c4ccccc4)ccc3n2CCC(N)=O)s1,CHEMBL480554,0.4495094722598103,1
O=C(Nc1cccc2[nH]ncc12)NC1CCOc2c1cccc2N1CCOCC1,CHEMBL1684250,0.44950645406226264,1
Cc1noc(C)c1-c1ccc2c(c1)C(C1CCCCC1)(N1CC(O)C1)C(=O)N2,CHEMBL3919918,0.4495010515952923,1
Cc1n[nH]c2nccc(-c3ccc(NC(=O)NCC(C)C)cc3)c12,CHEMBL4101438,0.4494949494949493,1
Cc1n[nH]c2nccc(-c3ccc(NC(=O)NC4CC4)cc3)c12,CHEMBL4093721,0.4494949494949493,1
Cc1n[nH]c2nccc(-c3ccc(NC(=O)NC4CCC4)cc3)c12,CHEMBL4103897,0.4494949494949493,1
NC(=O)c1c(-c2ccccc2)c(Cl)n2c1CN(C(=O)NC1CCOCC1)CC2,CHEMBL3983847,0.4494860733876548,1
NC(=O)c1c(-c2cccc(C(F)(F)F)c2)c(Cl)n2c1CN(C(=O)NC1CCOCC1)CC2,CHEMBL3981134,0.4494860733876548,1
C[C@@H]1CC(NC(=O)N2CCn3c(Cl)c(-c4cccc(F)c4)c(C(N)=O)c3C2)C[C@H](C)O1,CHEMBL3931017,0.4494860733876548,1
NC(=O)c1c(-c2ccccc2)c(Cl)n2c1CN(C(=O)NC1CCOC1)CC2,CHEMBL3955204,0.4494860733876548,1
Cc1cccc(-c2c(C(N)=O)c3n(c2Cl)CCN(C(=O)NC2CCOCC2)C3)c1,CHEMBL3907568,0.4494860733876548,1
NC(=O)c1c(-c2cccc(F)c2)c(Cl)n2c1CN(C(=O)NC1CCOCC1)CC2,CHEMBL3969732,0.4494860733876548,1
NC(=O)c1c(-c2cccc(F)c2)c(Cl)n2c1CN(C(=O)NC1COC1)CC2,CHEMBL3948801,0.4494860733876548,1
OC[C@H](NC1CCN(CCCc2c[nH]c3ccc(Cn4cncn4)cc23)CC1)c1ccccc1,CHEMBL341854,0.44948207428442355,1
C[C@H](NC(=O)C1(O)CC1)c1ccc(CN2CCc3cc(OCC4CC4)ccc3C2)cc1,CHEMBL3930857,0.449475168416105,1
C[C@H](NC(=O)C1(O)CC1)c1ccc(CN2CCc3cc(OC[C@@H]4CC4(F)F)ccc3C2)cc1,CHEMBL3893844,0.449475168416105,1
C[C@@H]1C(=O)NN=C2COc3cc(-c4ccccc4)c(N(C)C4(C)CN(C)C4)cc3N21,CHEMBL3355117,0.4494585504675314,1
C[C@@H]1C(=O)NN=C2COc3cc(-c4ccccc4F)c(N(C)C4(C)CN(C)C4)cc3N21,CHEMBL3355118,0.4494585504675314,1
CN1C(=O)C(NC(=O)CCc2ccc(O)cc2)N=C(c2ccc(C(N)=O)cc2)c2ccccc21,CHEMBL52691,0.44945716806690433,1
CN1C(=O)C(NC(=O)CCc2cccc(O)c2)N=C(c2ccc(C(N)=O)cc2)c2ccccc21,CHEMBL300590,0.44945716806690433,1
OCc1cccc(-c2cnc3nc(N4CCC(N5CCCCC5)CC4)oc3c2)c1,CHEMBL1958149,0.44945689854402576,1
NCCCC[C@@H]1N[C@H](CNC(=O)c2c[nH]c3ccccc23)CCN(Cc2cccc3ccccc23)C1=O,CHEMBL3898328,0.44944668833940826,1
CC(C)Nc1cccnc1N1CCN(C(=O)c2cc3ccc(C=O)cc3[nH]2)CC1,CHEMBL38129,0.44944472070280095,1
CC(C)Nc1cccnc1N1CCN(C(=O)c2cc3ccc(C#N)cc3[nH]2)CC1,CHEMBL38088,0.44944472070280095,1
NC(=O)c1cnc(NC2CCCCC2)c2c1[nH]c1cc(-c3ccn[nH]3)ccc12,CHEMBL1835038,0.4494070537501926,1
O=C1NC(=O)C(c2cccc(NC(=O)c3ccncc3)c2)=C1c1ccccc1,CHEMBL533319,0.4494010942968402,1
COc1ccc2c(C[C@@H]3NC(=O)[C@@H]4CCCN4C3=O)c(Cc3ccccc3)[nH]c2c1,CHEMBL260897,0.44937522497043225,1
O=C(Nc1nccs1)c1ccc2[nH]c3c(c2c1)CC(CO)NC3=O,CHEMBL269791,0.44936910189799595,1
CN1CCC(c2cc3c(-c4cccc(NCC5CCN(C)C5)n4)ccnc3[nH]2)CC1,CHEMBL3668429,0.44936665758648875,1
COc1cccc(-c2ccc3c(c2)[C@H]2[C@H](CCN2C(=O)C2CCC2)[C@@H](CO)N3)c1,CHEMBL2130977,0.4493590646569937,1
Cc1ccc(C(=O)N2CCC3(CC2)OCc2cc(C#N)ccc23)cc1NC(=O)NC1CCNCC1,CHEMBL3666577,0.44935711323102423,1
CC(C)C[C@@H](C(=O)NCc1ccco1)N1C(=O)N2CCc3c([nH]c4ccccc34)[C@@]2(C)C1=O,CHEMBL1357226,0.44934714092750994,1
CC(=N)N1CCC(N(CC(N)=O)c2ccc3nc(C)n(Cc4ccc5ccc(C(=N)N)cc5c4)c3c2)CC1,CHEMBL369480,0.44934567348360455,1
CC(=N)N1CCC(N(CC(N)=O)c2ccc3c(c2)nc(C)n3Cc2ccc3ccc(C(=N)N)cc3c2)CC1,CHEMBL171120,0.44934567348360455,1
N#Cc1nc(-c2cccc3ccccc23)oc1NC1CNC1,CHEMBL3262924,0.44933200036353715,1
O=C1NCCc2[nH]c(-c3cccc4cnc(Nc5ccccc5)nc34)cc21,CHEMBL3936246,0.4493222477435219,1
N=C(N)c1cccc(-c2ccc(-c3nc4cc(C(=N)N)ccc4[nH]3)cc2)c1,CHEMBL1234147,0.4493067729083665,1
N=C(N)c1ccc2nc(-c3ccc(-c4ccc(C(=N)N)s4)s3)[nH]c2c1,CHEMBL4169899,0.4493067729083665,1
N=C(N)c1ccc(-c2cccc(-c3nc4ccc(C(=N)N)cc4[nH]3)c2)cc1,CHEMBL1232113,0.4493067729083665,1
N=C(N)c1ccc(-c2ccc(-c3nc4ccc(C(=N)N)cc4[nH]3)s2)cc1,CHEMBL1232046,0.4493067729083665,1
N=C(N)c1ccc(-c2ccc(-c3nc4ccc(C(=N)N)cc4[nH]3)cc2)cc1,CHEMBL1232057,0.4493067729083665,1
COc1ccc2c(c1)C(=O)N[C@@H](Cc1ccc(-c3ccnc(N)c3)cc1)C(=O)N2C,CHEMBL3649657,0.44929974344955204,1
COc1ccc(OC)c(NC(=O)c2cc(-c3ccc(NC(=N)N)cc3)on2)c1,CHEMBL3287445,0.4492914979757086,1
COc1ccc(NC(=O)c2cc(-c3ccc(NC(=N)N)cc3)on2)c(OC)c1,CHEMBL3287446,0.4492914979757086,1
CN1CCN(c2ccc(NC(=O)Nc3ccnc4c(F)cccc34)cc2)CC1,CHEMBL1771435,0.4492902694918737,1
CC1(C)Oc2ccc(-c3cccc4[nH]ccc34)cc2C2(COC(N)=N2)C12COC2,CHEMBL3650817,0.4492885433475135,1
O=C1COc2ccc(-c3csc(NCC4CCCO4)n3)cc2N1,CHEMBL1389067,0.4492857784565625,1
O=c1ccc2cc(S(=O)(=O)Nc3ccc(C4(O)CSC(=S)N4Cc4cccnc4)cc3)ccc2o1,CHEMBL4159341,0.4492790214890874,1
O=C(NC(c1ccc(F)c(F)c1)C1CCNCC1)c1ccc2cnccc2c1,CHEMBL1823636,0.44927890491322375,1
O=C(NC(c1ccccc1)C1CCNCC1)c1ccc2cnccc2c1,CHEMBL1823632,0.44927890491322375,1
C#Cc1ccc(C(=O)Nc2cccc([C@]3(C)C=CSC(N)=N3)c2)nc1,CHEMBL3950982,0.44927450399763097,1
C[C@@]1(c2cc(NC(=O)c3ncc(F)cc3F)ccc2F)C=CSC(N)=N1,CHEMBL3971989,0.44927450399763097,1
C[C@@]1(c2cc(NC(=O)c3ccc(F)cn3)ccc2F)C=CSC(N)=N1,CHEMBL3670327,0.44927450399763097,1
Cc1cc(C(=O)Nc2ccc(F)c([C@]3(C)C=CSC(N)=N3)c2)n(C)c1,CHEMBL3900882,0.44927450399763097,1
Cc1nc(C(=O)Nc2ccc(F)c([C@]3(C)C=CSC(N)=N3)c2)co1,CHEMBL3950176,0.44927450399763097,1
C[C@@]1(c2cc(NC(=O)c3ccc(Cl)cn3)ccc2F)C=CSC(N)=N1,CHEMBL3639691,0.44927450399763097,1
CC1(c2cccc(NC(=O)c3ccccn3)c2)CSC(N)=N1,CHEMBL2403760,0.44927450399763097,1
CC(C)C[C@@H](C(=O)NCC1CCCO1)N1C(=O)N2CCc3c([nH]c4ccccc34)[C@@]2(C)C1=O,CHEMBL1322394,0.4492230419086483,1
Nc1ccc(-c2nc3ccc(-c4nc5ccc(N)cc5[nH]4)cc3[nH]2)cc1,CHEMBL578741,0.44920675176825314,1
OCCN1COc2cc3c(cc2C1)C=C(c1ccc(O)cc1)CO3,CHEMBL3633908,0.4492051102986484,1
CC(C)NC(=O)[C@@H]1Cc2ccccc2CN1C(=O)c1cc(Cl)c(O)cc1O,CHEMBL3894397,0.44919619859667786,1
CC(C)NC(=O)[C@H]1Cc2ccccc2CN1C(=O)c1cc(Cl)c(O)cc1O,CHEMBL3906179,0.44919619859667786,1
CCNC(=O)Nc1cc2c(-c3ccnc(C)c3)ccc(COC(=O)N3CCNCC3)c2cn1,CHEMBL4081451,0.4491766586730618,1
O=C(Nc1ccc2c(c1)CCNCC2)c1ccc(-c2cn[nH]c2)cc1,CHEMBL3355058,0.4491722110475009,1
CN1CCC(c2c[nH]c3ccc(/N=C(\N)c4ccco4)cc23)C1,CHEMBL3645480,0.44916515126467166,1
CN1CCC(c2c[nH]c3ccc(/N=C(\N)c4ccco4)cc23)CC1,CHEMBL1963156,0.44916515126467166,1
CN1CC=C(c2c[nH]c3ccc(/N=C(\N)c4ccco4)cc23)CC1,CHEMBL1963528,0.44916515126467166,1
O=C(NO)c1ccc(Cn2c3c(c4ccccc42)CNCC3)cc1,CHEMBL2018304,0.4491643731801683,1
O=C(NO)c1ccc(Cn2c3c(c4ccccc42)CCNC3)cc1,CHEMBL2018450,0.4491643731801683,1
NC(=O)c1ccc(-c2ccncc2/C=C/C(=O)Nc2ccc(CN3CCOCC3)cc2)s1,CHEMBL4079336,0.44916396306463674,1
COCc1cccc2c1-c1ccc(C(=O)N=C(N)N)cc1C2O,CHEMBL3310118,0.4491559940263383,1
Cc1c(CNc2nc3ccccc3[nH]2)cccc1SCCN1CCOCC1,CHEMBL137188,0.4491554807073155,1
CNC(=O)N1CC=C(c2[nH]c3nccc4c3c2CN(C)c2ccc(F)cc2-4)CC1,CHEMBL3938690,0.449152172965433,1
CNC(=O)N1CCC=C(c2[nH]c3nccc4c3c2CN(C)c2ccc(F)cc2-4)C1,CHEMBL3944411,0.449152172965433,1
CN[C@@H](C)C(=O)N[C@H]1CN(C(=O)CC(C)C)c2ccccc2N(CCc2ccccc2)C1=O,CHEMBL3040561,0.44914816726897255,1
CC1CNC(=O)c2[nH]c3ccc(C(=O)Nc4cccc(C(N)=O)c4)cc3c21,CHEMBL248532,0.44913752107561283,1
CC1CNC(=O)c2[nH]c3ccc(C(=O)Nc4ccc(C(N)=O)cc4)cc3c21,CHEMBL442419,0.44913752107561283,1
O=C(NCCN1CCOCC1)c1ccc2c(c1)N(Cc1ccc(Cl)cc1)CCS2,CHEMBL1445940,0.44913684965055833,1
Cc1cccc(Cn2c(C)c(C)c3cc(C(=O)NCCN4CCOCC4)ccc32)c1,CHEMBL1399782,0.44913684965055833,1
Cc1c(C)n(Cc2ccc(F)cc2)c2ccc(C(=O)NCCN3CCOCC3)cc12,CHEMBL1548113,0.44913684965055833,1
O=C(NCCN1CCOCC1)c1ccc2c(c1)N(Cc1ccccc1)CCS2,CHEMBL1549897,0.44913684965055833,1
Cc1c(C)n(Cc2ccccc2)c2ccc(C(=O)NCCN3CCOCC3)cc12,CHEMBL1443072,0.44913684965055833,1
CCc1cc(O)ccc1-c1ccc2c(-c3ncc[nH]3)n[nH]c2c1,CHEMBL4086057,0.44912595248767356,1
Nc1ncc2c(n1)CCC(NC(=O)c1cc3ccccc3[nH]1)C2,CHEMBL3589524,0.44912251448580587,1
CC(C)[C@](O)(c1ccc2c3c(ccc2c1)C(=O)N(C)C3)c1c[nH]cn1,CHEMBL1682904,0.44911890776313695,1
CC(C)[C@@](O)(c1ccc2c3c(ccc2c1)C(=O)N(C)C3)c1c[nH]cn1,CHEMBL1682905,0.44911890776313695,1
CC(C)C(O)(c1ccc2c3c(ccc2c1)C(=O)N(C)C3)c1c[nH]cn1,CHEMBL1682901,0.44911890776313695,1
CC(C)(C)NC(=O)[C@@H]1CCCCN1C[C@@H](O)C[C@@H](Cc1ccccc1)C(=O)NC1c2ccccc2C[C@H]1O,CHEMBL327025,0.44911553083859634,1
CC(C)(C)NC(=O)[C@@H]1CCCCN1C[C@@H](O)C[C@@H](Cc1ccccc1)C(=O)N[C@H]1c2ccccc2C[C@H]1O,CHEMBL293777,0.44911553083859634,1
CC(C)(C)NC(=O)[C@@H]1CCCN1C[C@@H](O)C[C@@H](Cc1ccccc1)C(=O)NC1c2ccccc2C[C@H]1O,CHEMBL326288,0.44911553083859634,1
Cc1cc(C(=O)Nc2ccc(F)c([C@]3(C)C=CSC(N)=N3)c2)n(C)n1,CHEMBL3670307,0.4491134193683769,1
Nc1ccccc1NC(=O)c1ccc(N2CC3CC2CN3Cc2ccccc2)nc1,CHEMBL413799,0.44907975460122695,1
COc1ccc(C2NC(=O)Nc3ccc(C(=O)Nc4ccccn4)cc32)cc1,CHEMBL1630048,0.44907463165923944,1
Cc1c(C(=O)NCCN2CCN(C)CC2)cc(-c2ccc3ccccc3c2)n1-c1ccc(S(N)(=O)=O)cc1,CHEMBL1270632,0.44906963917675413,1
CC(O)c1ccc(Oc2ccc3nc(C(=O)N4CCNCC4)ccc3c2)cc1,CHEMBL3963162,0.4490605230856385,1
Cc1ccc2nc(C3CCCN3Cc3cccc(CCN)c3)[nH]c2c1,CHEMBL3483520,0.4490539836833883,1
C[C@]12CC[C@@H]3c4ccc(CN)cc4CC[C@H]3[C@@H]1C[C@H](Cc1cccc(C(N)=O)c1)[C@@H]2O,CHEMBL3109062,0.4490508296275041,1
COc1ccc(C(=O)c2c(C)n(CC3CCCN3)c3ccccc23)cc1,CHEMBL302531,0.44903643908816987,1
O=C(NCCC(O)CN1CCN(c2cccc3ccccc23)CC1)c1cnc2ccccc2c1,CHEMBL3597636,0.44902620822313033,1
c1cc(-c2cncc(NCC3CCOCC3)n2)c2cc(C3CCNCC3)[nH]c2n1,CHEMBL3673502,0.44902177298338014,1
CN(C)CCCc1c(/C=C2\C(=O)Nc3ccc(S(C)(=O)=O)cc32)[nH]c2c1CCCC2,CHEMBL59487,0.4490165745856352,1
CN(C)CCCc1c(/C=C2\C(=O)Nc3ccc(S(=O)(=O)N(C)C)cc32)[nH]c2c1CCCC2,CHEMBL300830,0.4490165745856352,1
CCS(=O)(=O)c1ccc2c(c1)/C(=C/c1[nH]c3c(c1CCCN(C)C)CCCC3)C(=O)N2,CHEMBL59042,0.4490165745856352,1
CN(C)CCNc1cncc(-c2ccc3[nH]cc(C(=O)C4CC4)c3c2)n1,CHEMBL3264265,0.4490023087071238,1
CCN1C(=O)CS/C1=N\NC(=O)c1cc2c([nH]c3ccccc32)c(-c2ccccc2)n1,CHEMBL3959619,0.4489938052124187,1
O=C(NCCCN1CCCC1)c1cccc(Cc2n[nH]c(=O)c3c2CCCC3)c1,CHEMBL3986489,0.44899063700817204,1
O=C(NCCCN1CCCCC1)c1cccc(Cc2n[nH]c(=O)c3c2CCCC3)c1,CHEMBL3926638,0.44899063700817204,1
CN1CCc2nc(NC(=O)c3cccc(CNC(=O)c4ccc(-c5cnco5)cc4)c3)sc2C1,CHEMBL3680698,0.4489656557541671,1
N[C@H]1CCC[C@H](Nc2cccc(-c3n[nH]c4cnc(-c5cccnc5)cc34)n2)C1,CHEMBL3903896,0.4489651373258836,1
N[C@H]1CCC[C@@H](Nc2cccc(-c3n[nH]c4cnc(-c5cccnc5)cc34)n2)C1,CHEMBL3919783,0.4489651373258836,1
N[C@@H]1CCC[C@H](Nc2cccc(-c3n[nH]c4cnc(-c5cccnc5)cc34)n2)C1,CHEMBL4114921,0.4489651373258836,1
N[C@@H]1CCC[C@@H](Nc2cccc(-c3n[nH]c4cnc(-c5cccnc5)cc34)n2)C1,CHEMBL4112372,0.4489651373258836,1
Nc1nccc(-c2ccc3nc(C4COc5c(cccc5C(=O)NC5CC5)C4)[nH]c3c2)n1,CHEMBL1087920,0.4489586388970373,1
Cc1ccc(N2CCc3sc(C(=O)NCCN4CCCC4)cc32)nn1,CHEMBL3442136,0.4489572989076464,1
O=C(c1ccccc1)c1cccc(NC(=O)[C@@H]2CSC(c3cccnc3)N2)c1,CHEMBL303357,0.44894751881131517,1
O=C(NO)c1cc2ccc(CNc3ccccc3)cc2s1,CHEMBL247784,0.44894112429315847,1
O=C(NO)c1cc2cc(CNc3ccccc3)ccc2s1,CHEMBL248382,0.44894112429315847,1
Cc1c(C(=O)NCCCN2CCOCC2)cc(-c2ccc3ccccc3c2)n1-c1ccc(S(N)(=O)=O)cc1,CHEMBL1270938,0.44894096145687157,1
CC(=O)Nc1ccc(-c2ccnc3c2CC(C(=O)Nc2cccc(C(C)=O)c2)O3)cc1,CHEMBL2134444,0.4489391064343624,1
CC(C)CCN1CCN(C(=O)c2ccc3[nH]c(=O)c4c(c3c2)CCSC4)CC1,CHEMBL2237221,0.4489265836204613,1
Cc1cc(=O)oc2cc(NC(=O)Cc3ccc(NC(=N)N)cc3)ccc12,CHEMBL3933965,0.4489259956099088,1
CN(C)CCN1C(=O)c2cccc3c2c(cc2[nH]c(-c4ccc[nH]4)nc23)C1=O,CHEMBL236212,0.4489131180141261,1
CC(=O)NC1CC2(CCN(Cc3ccccc3)CC2)Oc2ccc(/C=C/C(=O)NO)cc21,CHEMBL1938450,0.448910819593212,1
CNc1cccc(-c2c[nH]c(=O)c(NC(=O)c3ccc(N4CCCCC4)cc3)c2)n1,CHEMBL1765777,0.4489091630305432,1
CC1CN(CC(=O)Nc2ccc(-n3ccccc3=O)cc2F)CC1NC(=O)c1ccc(Cl)s1,CHEMBL563201,0.44890212847739386,1
O=C(CN1CC[C@H](NC(=O)c2ccc(Cl)s2)C1)Nc1ccc(-n2ccccc2=O)cc1F,CHEMBL552115,0.44890212847739386,1
O=C(CN1C[C@H](F)[C@H](NC(=O)c2ccc(Cl)s2)C1)Nc1ccc(-n2ccccc2=O)cc1F,CHEMBL3979879,0.44890212847739386,1
O=C(CN1C[C@H](NC(=O)c2ccc(Cl)s2)[C@@H](F)C1)Nc1ccc(-n2ccccc2=O)cc1F,CHEMBL550453,0.44890212847739386,1
O=C(CN1CC[C@@H](NC(=O)c2ccc(Cl)s2)C1)Nc1ccc(-n2ccccc2=O)cc1F,CHEMBL557915,0.44890212847739386,1
COc1ccc2nccc(NC(=O)N3CCC(NCc4cc5ccccc5[nH]4)CC3)c2n1,CHEMBL530516,0.44889478646506265,1
CN(C)CCNC(=O)c1cccc2[nH]c(-c3cccc4ccccc34)nc12,CHEMBL166491,0.44887846981725193,1
O=C(NCC1CCNC1)c1ccc(NC(=O)N2Cc3ccccc3C2)cc1,CHEMBL3963525,0.4488579940417076,1
CC1(C)C(=O)Nc2cc3[nH]c(-c4ccnnc4)cc3cc21,CHEMBL38221,0.44885742543334556,1
COC[C@@H](NC(=O)N1CCc2cnc(NC(C)C)nc2C1)c1ccc(F)c(Cl)c1,CHEMBL3297853,0.4488548265627075,1
Oc1cccc2ccc(/C=N/NC(=S)NC3CCN(Cc4ccccc4)CC3)nc12,CHEMBL4175281,0.44885306881587095,1
CC1CNC(=O)c2cc3ccc(C(=O)Nc4nc(C(=O)NC5CCOCC5)cs4)cc3n21,CHEMBL272072,0.44884851821268007,1
COC(=O)c1ccc(C2NC(=S)NC(C)=C2C(=O)Nc2nc3ccccc3s2)cc1,CHEMBL3414985,0.4488363376154291,1
O=C(NC(CO)c1ccc(F)cc1)c1ccc(-c2c[nH]c3ncccc23)s1,CHEMBL3546383,0.44883571886349066,1
O=C(NC(CO)c1ccccc1)N1CC=C(c2c[nH]c3ncccc23)CC1,CHEMBL1964937,0.44883571886349066,1
c1cc(-c2cc3ccccc3[nH]2)cc(N2CCC(NCCN3CCNCC3)CC2)c1,CHEMBL4293387,0.4488260084286573,1
Fc1ccc2nc(-c3ccc([C@@H]4CNCCO4)cc3)[nH]c2c1,CHEMBL3948960,0.4488255540124387,1
Fc1ccc2nc(-c3ccc([C@H]4CNCCO4)cc3)[nH]c2c1,CHEMBL4107332,0.4488255540124387,1
Fc1cc(F)c2nc(-c3ccc([C@H]4CNCCO4)cc3)[nH]c2c1,CHEMBL4115310,0.4488255540124387,1
c1ccc2[nH]c(-c3ccc(C4CNCCO4)cc3)nc2c1,CHEMBL3962606,0.4488255540124387,1
Clc1ccc2nc(-c3ccc(C4CNCCO4)cc3)[nH]c2c1,CHEMBL3985902,0.4488255540124387,1
Cc1cc2nc(-c3ccc([C@H]4CNCCO4)cc3)[nH]c2cc1C,CHEMBL4115166,0.4488255540124387,1
O=C(NC(=S)Nc1ccc(CN2CCOCC2)cc1)c1cc2ccccc2o1,CHEMBL1386102,0.4488133899575316,1
COc1cc(-c2ccc3c(c2)NC(=O)/C3=C\c2cc[nH]c2)ccc1O,CHEMBL199918,0.4488119250258275,1
COc1ccccc1Cn1cc(CCNC(=N)N)c2ccccc21,CHEMBL3747967,0.4488038745658234,1
COc1ccc2nc(-c3cc(-c4ccc(NC(C)=O)cc4)cnc3N)[nH]c2c1,CHEMBL536148,0.44879903115118086,1
OCCNC1CCCc2c1[nH]c1ccc(-c3ccccc3)cc21,CHEMBL4303199,0.4487966273547147,1
CC(C)Oc1ccccc1N1CCN(Cc2cccc(CC3NC(=O)NC3=O)c2)CC1,CHEMBL135377,0.4487726562169924,1
CCNC(=O)Nc1sc2ccccc2c1C(=O)N1CCC(N2CCCC3(CCNC3=O)C2)CC1,CHEMBL2030565,0.44876401575825775,1
CCN(CC)CCNC(=O)c1cc2cc(NC(=O)c3cc4cc(N)ccc4[nH]3)ccc2[nH]1,CHEMBL1998708,0.4487614893285558,1
CCN1CCN(C(=O)c2ccc(C#C[C@]3(CN4Cc5ccc(OC)cc5C4=O)NC(=O)NC3=O)cc2)CC1,CHEMBL3640326,0.44876017047655936,1
CCN1CCN(C(=O)c2ccc(C#C[C@]3(CN4Cc5ccc(OC)c(F)c5C4=O)NC(=O)NC3=O)cc2)CC1,CHEMBL3640330,0.44876017047655936,1
O=C(Nc1cc(-c2cc3c([nH]2)C2(CCNCC2)CNC3=O)ccn1)c1cccc(OC(F)(F)F)c1,CHEMBL1933173,0.4487535435602189,1
O=C(Nc1cc(-c2cc3c([nH]2)C2(CCNC2)CNC3=O)ccn1)c1cccc(OC(F)(F)F)c1,CHEMBL1933192,0.4487535435602189,1
O=C(Nc1cc(-c2cc3c([nH]2)C2(CCCNC2)CNC3=O)ccn1)c1cccc(OC(F)(F)F)c1,CHEMBL1933183,0.4487535435602189,1
O=C(N[C@H](Cc1ccc(Cl)cc1)C(=O)N1CCN(c2cccc3cc[nH]c23)CC1)[C@H]1Cc2ccccc2CN1,CHEMBL2113135,0.4487529031606584,1
C[C@@H]1CN(C(=O)N2Cc3c(NC(=O)c4cc(C5CC5)on4)n[nH]c3C2(C)C)[C@@H](C)CN1C,CHEMBL3662845,0.448749101611965,1
CN1CCN(C(=O)c2ccc(NC(=O)COc3cccc(C(=N)N)c3)cc2)CC1,CHEMBL421873,0.4487345599032564,1
CC(=O)NCCOc1ccc2c(c1)C(C)(C)c1[nH]c3cc(C#N)ccc3c1C2=O,CHEMBL1779194,0.44872979214780584,1
COc1ccc(NC(=O)c2ccc(-c3ccc(C(=N)N)cc3C)cc2)cc1N1CCN(C)CC1,CHEMBL147503,0.44872812488188357,1
CN(C)S(=O)(=O)NCc1ccc(C(=O)Nc2cc(-c3cccs3)ccc2N)cc1,CHEMBL3664081,0.4487230646448523,1
CC(C)C1Nc2ccc(C(=O)NCc3ccco3)cc2NC1=O,CHEMBL1343425,0.4487040549083355,1
CNC(=S)Nc1ccc(S(=O)(=O)Nc2nc3ccc(Cl)cc3s2)cc1,CHEMBL246757,0.4486873508353219,1
CNC(=S)Nc1ccc(S(=O)(=O)Nc2nc3ccc(F)cc3s2)cc1,CHEMBL246555,0.4486873508353219,1
CCNC(=S)Nc1ccc(S(=O)(=O)Nc2nc3ccc(F)cc3s2)cc1,CHEMBL246756,0.4486873508353219,1
N=C(N)N1CCc2ccc(OC(C(=O)O)c3ccc(OC4CCNCC4)cc3)cc2C1,CHEMBL148323,0.4486831425452717,1
N=C(N)N1CCc2ccc(OC(C(=O)O)c3ccc(O[C@H]4CCNC4)cc3)cc2C1,CHEMBL148343,0.4486831425452717,1
O=C1NCCC12CCN(c1c(Cl)cncc1-c1ccc3[nH]ncc3c1)CC2,CHEMBL3408215,0.4486762656758009,1
N=C(N)c1ccc2cc(-c3ccc(-c4ccc(C(=N)N)o4)o3)[nH]c2c1,CHEMBL4173700,0.4486636565050342,1
CN1CCCN(C(=O)c2cc(Cc3nnc(O)c4ccccc34)ccc2F)CC1,CHEMBL202758,0.4486579660182219,1
CCCN1CCCN(C(=O)c2cccc(Cc3nnc(O)c4ccccc34)c2)CC1,CHEMBL379251,0.4486579660182219,1
CN1CCCN(C(=O)c2cccc(Cc3nnc(O)c4ccccc34)c2)CC1,CHEMBL204132,0.4486579660182219,1
CCN1CCCN(C(=O)c2cccc(Cc3nnc(O)c4ccccc34)c2)CC1,CHEMBL381821,0.4486579660182219,1
CCCN1CCCN(C(=O)c2cc(Cc3nnc(O)c4ccccc34)ccc2F)CC1,CHEMBL204809,0.4486579660182219,1
CCN1CCCN(C(=O)c2cc(Cc3nnc(O)c4ccccc34)ccc2F)CC1,CHEMBL426116,0.4486579660182219,1
C[C@H]1CN(C)C(C)(C)CN1C(=O)N1Cc2c(NC(=O)c3ccccn3)n[nH]c2C1(C)C,CHEMBL3662835,0.4486530009729259,1
Cc1cc(Br)cnc1C(=O)Nc1cccc([C@]2(C)COCC(=N)N2)c1,CHEMBL3653366,0.44864536999595606,1
CC(=O)NC(C)(C)c1cncc(-c2cnc3c(c2)CCCN3C(N)=O)c1,CHEMBL3962275,0.44863164864268357,1
Cn1cc(S(=O)(=O)NCc2ccc3c(c2)C(C2(c4ccc(Cl)cc4)CCC2)NCC3)cn1,CHEMBL3646011,0.4486292203571291,1
CCC(N)C(=O)N1c2ccccc2C[C@H]1c1nc2ccccc2[nH]1,CHEMBL139853,0.4486147412441192,1
C[C@H](N)C(=O)N1c2ccccc2C[C@H]1c1nc2ccccc2[nH]1,CHEMBL138521,0.4486147412441192,1
O=C(Nc1ccc(C2=CCN(C(=O)C3CCOC3)CC2)nc1)N1Cc2ccccc2C1,CHEMBL3946417,0.4485981308411215,1
O=C(Nc1ccc(C2=CCN(C(=O)C3CCOCC3)CC2)nc1)N1Cc2ccccc2C1,CHEMBL3919541,0.4485981308411215,1
O=C1NC(=O)[C@](CN2Cc3ccc(F)cc3C2=O)(c2ccc(-c3c[nH]c(=O)c(Cl)c3)cc2)N1,CHEMBL1222942,0.4485923481489122,1
O=C1NC(=O)[C@](CN2Cc3ccc(F)cc3C2=O)(c2ccc(-c3ccc(=O)[nH]c3)cc2)N1,CHEMBL1222941,0.4485923481489122,1
[11CH3]Nc1ccc(C(=O)C2CCN([C@H]3Cc4ccccc4C[C@@H]3O)CC2)cc1,CHEMBL2409366,0.44858825305752675,1
CNc1ccc(C(=O)C2CCN(C3Cc4ccccc4CC3O)CC2)cc1,CHEMBL2409367,0.44858825305752675,1
Nc1ccc(C(=O)C2CCN([C@@H]3Cc4ccccc4C[C@H]3O)CC2)cc1,CHEMBL473548,0.44858825305752675,1
CNc1ccc(C(=O)C2CCN([C@H]3Cc4ccccc4C[C@@H]3O)CC2)cc1,CHEMBL3546229,0.44858825305752675,1
CNc1ccc(C(=O)C2CCN([C@@H]3Cc4ccccc4C[C@H]3O)CC2)cc1,CHEMBL2409374,0.44858825305752675,1
CC(=O)N1N=C(Nc2nc3ccccc3s2)CC1c1ccc(O)cc1,CHEMBL569951,0.448580560255687,1
N=C(N)c1cc2[nH]c(-c3cccc(OCC4CCCO4)c3O)nc2cc1F,CHEMBL62588,0.44858050426841395,1
Oc1ccc2c(c1)-c1c(c3ccccc3n1CCN1CCOCC1)CC2,CHEMBL1978617,0.448572683355292,1
C[C@@H]1CN(C(=O)N2Cc3c(NC(=O)c4coc(C5CC5)n4)n[nH]c3C2(C)C)[C@@H](C)CN1C,CHEMBL3662879,0.4485704560925802,1
Cc1cc(C(=O)N2CCc3cccn3-c3ccccc32)ccc1CNC(=O)N1CCC[C@H]1C(=O)N(C)C,CHEMBL523596,0.4485667928610059,1
COc1ccc(-c2[nH]nc3c2C(=O)c2c(NC(=O)CN4CCN(C(N)=O)CC4)cccc2-3)cc1,CHEMBL148889,0.4485528746571124,1
COc1ccc(-c2[nH]nc3c2C(=O)c2c(NC(=O)CN4CCC(C(N)=O)CC4)cccc2-3)cc1,CHEMBL346184,0.4485528746571124,1
CN1CCN(c2ccc(-c3ccc4c5[nH]ncc5c(=O)n(CC(F)(F)F)c4c3)cc2)CC1,CHEMBL3944602,0.448545290352978,1
CN1CCN(Cc2cccc(-c3cccc(CNC(=O)c4ccc5c(c4)OCO5)c3)c2)CC1,CHEMBL494781,0.4485361490466422,1
CC1CNC(=O)c2[nH]c3ccc(C(=O)Nc4ccncc4)cc3c21,CHEMBL247509,0.44852796859666344,1
CC1CNC(=O)c2[nH]c3ccc(C(=O)Nc4cccnc4)cc3c21,CHEMBL437943,0.44852796859666344,1
O=C(Nc1cccnc1)c1ccc2[nH]c3c(c2c1)CCNC3=O,CHEMBL255207,0.4485279685966633,1
O=c1[nH]c2ccc(-c3nnc(NCc4ccccc4)o3)cc2o1,CHEMBL3093060,0.4485194998373075,1
O=C1Cc2cc(-c3nnc(NCc4ccccc4)o3)ccc2N1,CHEMBL3093061,0.4485194998373075,1
O=c1cc(OCc2ccc(F)cn2)ccn1-c1ccc2c3c([nH]c2c1)CC1CCCN1C3,CHEMBL3675309,0.4485156736558023,1
NCCCCNC(=O)Nc1nc2ccc(C(=O)c3ccccc3)cc2[nH]1,CHEMBL2059162,0.44848018816717916,1
CN1CCN(c2ccc(-c3n[nH]c4ccc(C(=O)NCC5(N6CCOCC6)CCCCC5)cc34)cc2)CC1,CHEMBL3422060,0.44847562759669973,1
CC(C)(O)c1ccc(Oc2ccc3nc(C(=O)N4CCNCC4)ccc3c2)cc1,CHEMBL3940122,0.44845228958812977,1
O=S(=O)(c1cccc2ccccc12)c1n[nH]c2ccc(NC3CCNCC3)cc12,CHEMBL1642851,0.44844463780726557,1
O=S(=O)(c1cccc2ccccc12)c1n[nH]c2cc(NC3CCNCC3)ccc12,CHEMBL1642855,0.44844463780726557,1
O=S(=O)(c1cccc2ccccc12)c1n[nH]c2cc(NC3CCCNC3)ccc12,CHEMBL1642856,0.44844463780726557,1
O=S(=O)(c1cccc2ccccc12)c1n[nH]c2ccc(NC3CCCNC3)cc12,CHEMBL1739216,0.44844463780726557,1
COc1ccc2c(c1)C(=O)N(C[C@@]1(C#Cc3ccc(C(=O)N4CCN(C5CCCCC5)CC4)cc3)NC(=O)NC1=O)C2,CHEMBL3640328,0.44844255113447534,1
COc1ccc2c(c1)C(=O)N(C[C@@]1(C#Cc3ccc(C(=O)N4CCN(C5CC5)CC4)cc3)NC(=O)NC1=O)C2,CHEMBL3640327,0.44844255113447534,1
O=C(CNC(=O)c1ccccc1)NN1C(=O)CSC1c1c[nH]c2ccccc12,CHEMBL3357330,0.4484275552227629,1
CNCCN1CCC(c2cc(C)c3[nH]c(-c4c(OC)cccc4OC)nc3c2)CC1,CHEMBL584335,0.4484274602637806,1
CNCCNC(=O)c1cc(C#N)ccc1C1C2=C(CCC2=O)N(c2cccc(C(F)(F)F)c2)C(=O)N1C,CHEMBL3917492,0.4484144381119392,1
CN1C(=O)N(c2cccc(C(F)(F)F)c2)C2=C(C(=O)CC2)C1c1ccc(C#N)cc1C(=O)NCCN,CHEMBL3948817,0.44841443811193915,1
CC1(C)Oc2ccc(-c3cccc4cc[nH]c34)cc2C2(COC(N)=N2)C12COC2,CHEMBL3650806,0.4484137407699266,1
Cc1sc(-c2ccccc2C(=O)NCCC(N)=O)cc1C(=O)Nc1nc2c(s1)CCC2,CHEMBL4292461,0.4483939830213968,1
O=C(NC[C@@H]1CCCc2cc(S(=O)(=O)c3cccc(F)c3)ccc21)[C@H]1CCCN1,CHEMBL1085651,0.4483837330552658,1
CCNC(=O)Nc1nc2cc(C3(O)c4ccccc4C(=O)N3Cc3ccccc3)ccc2[nH]1,CHEMBL3932042,0.44837758112094406,1
O=C(NC1CCNCC1)c1cc(Cc2n[nH]c(=O)c3c2NCCC3)ccc1F,CHEMBL3923695,0.4483774855884449,1
O=C1c2ccccc2C(=O)c2c1ccc1nc(SCCN3CCOCC3)[nH]c21,CHEMBL3121353,0.44837097741355164,1
COc1ccc2c(CC(C)(C)NCC(O)COc3ccccc3C#N)c[nH]c2c1,CHEMBL178963,0.44836967555934537,1
COc1ccc2[nH]cc(CC(C)(C)NCC(O)COc3ccccc3C#N)c2c1,CHEMBL317164,0.44836967555934537,1
N=C(Nc1ccc2c(c1)N(C1CCOCC1)CC2)c1cccs1,CHEMBL1955934,0.448369565217391,1
CCCN(CCC)C(=O)C1=Cc2ccc(C(=O)Nc3cncc(C(=O)N4CCCC4)c3)cc2N=C(N)C1,CHEMBL3940440,0.44836121934448747,1
COc1ccccc1CNC(=O)c1cc(C(F)(F)F)nn1-c1cccc(CNC2CCNC2)c1,CHEMBL1080125,0.4483520105471327,1
CN[C@@H](C)C(=O)N[C@H](C(=O)N1c2ccccc2C[C@H]1C(=O)Nc1ccccc1C(=O)c1ccccc1)C(C)C,CHEMBL3926247,0.4483459869848155,1
C[C@@H](C(=O)NCC1CCCO1)N1C(=O)N2CCc3c([nH]c4ccccc34)[C@@]2(C)C1=O,CHEMBL2139899,0.448335947029099,1
CC1=C(C(=O)Nc2nc3ccccc3s2)C(c2ccc(N(C)C)cc2)NC(=S)N1,CHEMBL3414830,0.4483252804848087,1
COc1ccc(C2NC(=S)NC(C)=C2C(=O)Nc2nc3ccccc3s2)cc1,CHEMBL3414827,0.4483252804848087,1
CC(C)C(=O)Nc1nccc(-c2cc3c([nH]2)CCNC3=O)n1,CHEMBL249646,0.4483231916548474,1
Fc1cccc(-c2cnc3cnc(-c4ccc(N5CCNCC5)cc4)cn23)c1,CHEMBL3732609,0.44831984693267424,1
Cc1cc(-c2n[nH]c3ccc(C(=O)N[C@@H]4CCC[C@](O)(CN5C(=O)Cc6ccccc65)C4)cc23)ccn1,CHEMBL4111719,0.44831983676592485,1
Cc1cc(-c2n[nH]c3ccc(C(=O)N[C@@H]4CCC[C@@](O)(CN5C(=O)Cc6ccccc65)C4)cc23)ccn1,CHEMBL4109042,0.44831983676592485,1
COc1ccc(F)cc1-c1ccnc2[nH]c(C3CCN(C(=O)CNCCO)CC3)cc12,CHEMBL3668454,0.4483187491671478,1
O=c1[nH]sc2c1c(=O)c1cc(F)c(-c3ccc(CO)cc3)cc1n2C1CC1,CHEMBL203002,0.448315653987839,1
O=c1[nH]sc2c1c(=O)c1cc(F)c(-c3cccc(CO)c3)cc1n2C1CC1,CHEMBL205011,0.448315653987839,1
CC1CC(=O)NN=C1c1ccc2[nH]c(-c3cc[nH]n3)nc2c1,CHEMBL85074,0.44831106951416666,1
COC1CCC2(CC1)Cc1ccc(-c3ccn(C4CC4)c(=O)c3)cc1C21N=C(N)N(C)C1=O,CHEMBL3973871,0.44830288136196894,1
O=C(NCCCN1CCOCC1)c1ccc2[nH]nc(-c3ccc(F)cc3)c2c1,CHEMBL3928992,0.44830234216444503,1
Fc1cnc(-c2c[nH]c3ncc(Cl)cc23)nc1NC1CCCNC1,CHEMBL3317971,0.4482983843245102,1
COc1ccc(-c2[nH]c3ccccc3c2C[C@@H]2NC(=O)[C@@H]3CCCN3C2=O)cc1,CHEMBL3133517,0.4482860665844635,1
Oc1ccc(-c2cncc(-c3cc4ccc(O)cc4[nH]3)n2)cc1,CHEMBL1910198,0.44827738515901044,1
Oc1ccc(-c2cncc(-c3cc4cc(O)ccc4[nH]3)n2)cc1,CHEMBL1910192,0.44827738515901044,1
COC[C@H]1CN[C@H](C)CN1CC(=O)N1CC(C)(c2ccccn2)c2ccc(Cc3ccccc3)cc21,CHEMBL3700023,0.44827586206896547,1
COc1cccc(NC(=O)NC2N=C(c3ccccc3)c3ccccc3N(CC(=O)N3CCN(C)CC3)C2=O)c1,CHEMBL135371,0.44826648949021514,1
CC(C)CN1CCC([S]([O])c2ccc(CNC(=O)c3cc4ccncc4o3)cc2)CC1,CHEMBL3394724,0.44826267482517446,1
O=C1NC2(CC2)Cc2[nH]c3c(c21)CCc1cnc(-c2cccc(F)c2)cc1-3,CHEMBL1801277,0.4482473625358546,1
O=C1NC2(CC2)Cc2[nH]c3c(c21)CCc1cnc(-c2ccccc2F)cc1-3,CHEMBL1801276,0.4482473625358546,1
CN1CCN(CCCOc2cccc(CC(=O)Nc3nc(-c4c[nH]c5ncccc45)cs3)c2)CC1,CHEMBL4248525,0.4482457472660995,1
CC(C)NC(=O)N1C[C@@H]2[C@H](c3ccccc31)[C@H](CO)N2Cc1ccccn1,CHEMBL2142922,0.448229673617002,1
CC(C)NC(=O)N1C[C@@H]2[C@H](c3ccccc31)[C@@H](CO)N2Cc1ccccn1,CHEMBL2144889,0.448229673617002,1
CC(C)NC(=O)N1C[C@H]2[C@@H](c3ccccc31)[C@H](CO)N2Cc1ccccn1,CHEMBL2135009,0.448229673617002,1
CC(C)NC(=O)N1C[C@H]2[C@@H](c3ccccc31)[C@@H](CO)N2Cc1ccccn1,CHEMBL2145147,0.448229673617002,1
COc1ccc2cc(S(=O)(=O)NC(Cc3ccc(CN)cc3)C(=O)N(C)C3CCCC3)ccc2c1,CHEMBL334257,0.44822452821927383,1
COc1ccc2cc(S(=O)(=O)N[C@@H](Cc3ccc(CN)cc3)C(=O)N(C)C3CCCC3)ccc2c1,CHEMBL424052,0.44822452821927383,1
Nc1cc(-c2cc(C3CC4CCC3N4)cnc2F)ccn1,CHEMBL3907875,0.4482176546519708,1
Nc1ccc(-c2cncc([C@H]3C[C@H]4CC[C@H]3N4)c2)cn1,CHEMBL3608517,0.4482176546519708,1
Nc1ccc(-c2cc([C@H]3C[C@H]4CC[C@H]3N4)cnc2F)cn1,CHEMBL3128039,0.4482176546519708,1
Nc1ccc(-c2cc(C3CC4CCC3N4)cnc2F)cn1,CHEMBL3912444,0.4482176546519708,1
Nc1cc(-c2cncc([C@H]3C[C@H]4CC[C@H]3N4)c2)ccn1,CHEMBL3608513,0.4482176546519708,1
Nc1cc(-c2cc([C@H]3C[C@H]4CC[C@H]3N4)cnc2F)ccn1,CHEMBL3128034,0.4482176546519708,1
COc1ccc2c(c1)-c1n[nH]c(/C=C3\C(=O)Nc4ccccc43)c1C2,CHEMBL4284552,0.448199650059858,1
Cc1nc2cccc(-c3cc4c(=O)[nH]nc(C)c4[nH]3)c2nc1NC(C)(C)C,CHEMBL3906911,0.4481843658696558,1
Cc1nc2cccc(-c3cc4c(=O)[nH]ncc4[nH]3)c2nc1NC(C)(C)C,CHEMBL3953807,0.4481843658696558,1
Nc1ccc(-c2cccs2)cc1NC(=O)c1ccc(C(N)C(=O)O)cc1,CHEMBL257630,0.4481637707519058,1
CN(C)CCNC(=O)c1cccc(-c2n[nH]c3ccc(-c4ncn[nH]4)cc23)c1,CHEMBL3902003,0.44815285724376613,1
CN[C@@H](C)C(=O)Nc1ccc2c(n1)CNC(=O)N2c1ccc(Cl)cc1,CHEMBL3954799,0.44815284232267755,1
CN[C@@H](C)C(=O)Nc1ccc2c(n1)CNC(=O)N2c1ccccc1,CHEMBL3969247,0.44815284232267755,1
O=C(CCN1CCCC1)Nc1ccc2nc3n(c(=O)c2c1)CCc1c-3[nH]c2ccccc12,CHEMBL1094633,0.4481491054248875,1
O=C(CCN1CCCCC1)Nc1ccc2nc3n(c(=O)c2c1)CCc1c-3[nH]c2ccccc12,CHEMBL1096951,0.4481491054248875,1
O=C(CCN1CCCC1)Nc1ccc2nc3c4[nH]c5ccccc5c4ccn3c(=O)c2c1,CHEMBL2375927,0.4481491054248875,1
Nc1nccc(-c2cc3c([nH]2)C(c2ccccc2)CNC3=O)n1,CHEMBL522578,0.4481461158579602,1
O=C(NCc1cnccn1)c1ccc2cc(-c3cc(Cc4ccccc4)[nH]n3)[nH]c2c1,CHEMBL1164557,0.44813776531838206,1
Cn1cncc1CNC(=O)c1ccc2cc(-c3cc(Cc4ccccc4)[nH]n3)[nH]c2c1,CHEMBL1164453,0.44813776531838195,1
CN(C(N)=O)c1nc2cc(C3(O)c4ccccc4C(=O)N3Cc3ccccc3)ccc2[nH]1,CHEMBL3921128,0.4481359196588252,1
CC(C)CNc1nccc(-c2cc3c([nH]2)CCNC3=O)n1,CHEMBL251469,0.44813582753704573,1
c1cc(-c2cnc3cc4c(cc3n2)C2CNCC4C2)c[nH]1,CHEMBL197022,0.44811891734856907,1
O=c1c(-c2ccc(O)cc2)coc2cc(OCCCN3CCNCC3)cc(O)c12,CHEMBL496970,0.44809516323429266,1
NC(=O)N1CCCc2cc(-c3cncc(C4CCNCC4)c3)cnc21,CHEMBL3948808,0.44807541241162596,1
CN(CCc1ccccc1)C[C@@H]1CCN(CCc2c[nH]c3ccc(-n4cnnc4)cc23)C1,CHEMBL4212661,0.44806566970091,1
CN1CCN(C(=O)c2cc3c(n2C)-c2ccccc2C(=O)NC3)CC1,CHEMBL3291325,0.44805752307362084,1
CN1CCCN(C(=O)c2cc3c(n2C)-c2ccccc2C(=O)NC3)CC1,CHEMBL3291328,0.44805752307362084,1
O=C(/C=C/c1ccn2c(CNCC(F)(F)F)c(-c3ccccc3)nc2c1)NO,CHEMBL3689804,0.44804947265873174,1
CCCCNCc1c(-c2ccccc2)nc2cc(/C=C/C(=O)NO)ccn12,CHEMBL3689799,0.44804947265873174,1
CCCCNCc1c(-c2ccccc2)nc2ccc(/C=C/C(=O)NO)cn12,CHEMBL3689824,0.44804947265873174,1
CCC(CC)NCc1c(-c2ccccc2)nc2cc(/C=C/C(=O)NO)ccn12,CHEMBL3689900,0.44804947265873174,1
CCCCNCc1c(-c2ccc(F)cc2)nc2cc(/C=C/C(=O)NO)ccn12,CHEMBL3689821,0.44804947265873174,1
O=C(Nc1cc(-c2ccccc2)no1)c1ccc2cc3n(c2c1)CCCNC3=O,CHEMBL1933146,0.4480461998904016,1
Cc1ccc(-c2cc(NC(=O)c3ccc4cc5n(c4c3)CCCNC5=O)on2)cc1,CHEMBL3913615,0.4480461998904016,1
Cc1cccc(-c2cc(NC(=O)c3ccc4cc5n(c4c3)CCCNC5=O)on2)c1,CHEMBL3941595,0.4480461998904016,1
CN1CCc2nc(NC(=O)c3cccc(CNC(=O)c4ccc(-c5cn[nH]c5)s4)c3)sc2C1,CHEMBL3680760,0.44804249745306324,1
CN1CCc2nc(NC(=O)c3cccc(CNC(=O)c4cccc(-c5cn[nH]c5)c4)c3)sc2C1,CHEMBL3680696,0.44804249745306324,1
CN1CCN(c2nc3c(s2)C=Cc2cc(Cl)ccc2C3c2cn(C)c(=O)[nH]c2=S)CC1,CHEMBL4128245,0.44801539228960297,1
NC(=O)c1ccc2[nH]cc(CCCCN3CCN(c4ccc5c(c4)CCO5)CC3)c2c1,CHEMBL363292,0.44801464233057076,1
NC(=O)c1ccc2[nH]cc(CCCCN3CCN(c4ccc5c(c4)CCCO5)CC3)c2c1,CHEMBL185915,0.44801464233057076,1
Cc1noc(-c2cc3cc(-c4nc(C(=O)NC5CCOCC5)[nH]c4C)ccc3[nH]2)n1,CHEMBL3666054,0.44799300010937315,1
O=C1N=C(Nc2nccs2)S/C1=C1\C(=O)Nc2ccc(Br)cc21,CHEMBL3780158,0.4479919098526438,1
CC(C)C[C@@H]1C(=O)N[C@H](C2Cc3ccccc3C2)C(=O)N1[C@@H](C(=O)N1CCN(C)CC1)c1ccc(F)cc1,CHEMBL378751,0.4479896563229896,1
N[C@@H](Cc1ccc(C(=O)O)cc1)C(=O)N1Cc2ccccc2C[C@H]1c1nc(-c2ccccc2)c[nH]1,CHEMBL207743,0.44797189819724276,1
Nc1cccc(C(=O)Nc2ccc3[nH]c(-c4cccnc4)nc3c2)c1,CHEMBL1400651,0.44796866930624873,1
Nc1ccc(C(=O)Nc2ccc3[nH]c(-c4ccncc4)nc3c2)cc1,CHEMBL1379519,0.44796866930624873,1
Nc1ccc(C(=O)Nc2ccc3[nH]c(-c4cccnc4)nc3c2)cc1,CHEMBL1441890,0.44796866930624873,1
Nc1cccc(C(=O)c2ccc3c(/C=C/c4ccccn4)n[nH]c3c2)c1,CHEMBL3919107,0.44795629694663924,1
O=C1CCC(c2ccc3[nH]c(-c4cscn4)cc3c2)=NN1,CHEMBL95534,0.4479487925516438,1
CC(C)(O)CNS(=O)(=O)c1ccc(-c2ccnc3[nH]c(C4CC4)cc23)cc1,CHEMBL2164424,0.4479472793659275,1
CCN1C(=O)/C(=C2\SC(=S)N(NC(=O)c3ccccc3O)C2=O)c2ccccc21,CHEMBL1303188,0.447941108810674,1
CCCOC1CCN(C(=O)Cc2cc(C3NC(=O)NC(C)=C3C(=O)Nc3ccc4[nH]ncc4c3)ccc2F)C1,CHEMBL4227283,0.44793988409858027,1
NC(=O)c1ccc2[nH]c(-c3ccc4[nH]c(-c5ccccc5)nc4c3)nc2c1,CHEMBL174576,0.44793551570982065,1
O=C1c2ccccc2C(=O)N1CCCC1NCCc2c1[nH]c1ccccc21,CHEMBL1821999,0.4479344793447933,1
Cc1c(C)c2c(c(C)c1O)CCC(C)(CN1CCNCC1)O2,CHEMBL1203329,0.44792310718902784,1
Cc1ccc(N2C(=O)c3ccc(C(=O)NCCN4CCOCC4)cc3C2=O)cc1,CHEMBL1300973,0.4479095270733379,1
O=c1cc(NC2CCCCC2)cc(-c2c[nH]c3ncccc23)[nH]1,CHEMBL1958409,0.44790952707333787,1
CN(Cc1ccccc1)C[C@@H]1CCN(CCc2c[nH]c3ccc(-n4cnnc4)cc23)C1,CHEMBL117579,0.44788077545767757,1
CN(C[C@@H](O)CN1CCC(Oc2ccc(Cl)c(Cl)c2)CC1)C(=O)c1c[nH]c(=O)c2ccccc12,CHEMBL2208433,0.4478742809036059,1
O=C1NC(=O)/C(=C/c2cccc(-c3cc(=O)c4ccccc4o3)c2)S1,CHEMBL479995,0.4478703945649332,1
O=C1NC(=O)/C(=C\c2cccc(-c3cc(=O)c4ccccc4o3)c2)S1,CHEMBL2262049,0.4478703945649332,1
O=C1NC(=O)C(Cc2ccc(-c3cc(=O)c4ccccc4o3)cc2)S1,CHEMBL2262058,0.4478703945649332,1
O=C1NC(=O)C(Cc2cccc(-c3cc(=O)c4ccccc4o3)c2)S1,CHEMBL2262048,0.4478703945649332,1
O=C1NC(=O)/C(=C/c2ccc(-c3cc(=O)c4ccccc4o3)cc2)S1,CHEMBL494695,0.4478703945649332,1
NC[C@H]1CCN(c2cccc(-c3n[nH]c4cnc(-c5cccnc5)cc34)n2)C1,CHEMBL4112458,0.4478666922535664,1
NCC1CCN(c2cccc(-c3n[nH]c4cnc(-c5cccnc5)cc34)n2)CC1,CHEMBL3923697,0.4478666922535664,1
NC[C@@H]1CCN(c2cccc(-c3n[nH]c4cnc(-c5cccnc5)cc34)n2)C1,CHEMBL3915324,0.4478666922535664,1
Cn1c(C(=O)NCCN2CCCC2)cc2c1-c1ccccc1C(=O)NC2,CHEMBL3291329,0.4478557269254946,1
Nc1ccccc1NC(=O)/C=C/c1ccc(NCc2ccccc2)nc1,CHEMBL375409,0.4478447651687018,1
Cc1nc2cccc(-c3cc4c([nH]3)CCNC4=O)c2nc1NC1CCCNC1=O,CHEMBL3952715,0.4478403286697754,1
COc1ccc2cc(S(=O)(=O)N[C@@H](Cc3ccc(C(=N)N)s3)C(=O)N(C)C3CCCC3)ccc2c1,CHEMBL296956,0.4478334188723511,1
C[C@@H]1CC(=O)Nc2cccc(-c3ccc4c(c3)c(C(N)=O)nn4C)c2N1,CHEMBL3813929,0.447829716193656,1
O=C(NCC1CCCNC1)c1ccc(O)c2[nH]c(-c3ccccc3)nc12,CHEMBL3714949,0.4478296539379473,1
O=C(NCC1CCNCC1)c1ccc(O)c2[nH]c(-c3cccs3)nc12,CHEMBL3717206,0.4478296539379473,1
O=C(NCC1CCNC1)c1ccc(O)c2[nH]c(-c3cccs3)nc12,CHEMBL3715171,0.4478296539379473,1
O=C(NCC1CNC1)c1ccc(O)c2[nH]c(-c3cccs3)nc12,CHEMBL3719153,0.4478296539379473,1
O=C(NCC1CCCNC1)c1ccc(O)c2[nH]c(-c3cccs3)nc12,CHEMBL3717226,0.4478296539379473,1
O=C(NN1C(=O)[C@H](Cl)[C@H]1c1ccccc1O)c1cc(-c2ccc(Cl)cc2)n[nH]1,CHEMBL2059835,0.44782814993745396,1
CC(C)(CC(O)(Cc1cc2cc(N3CCOCC3)ncc2[nH]1)C(F)(F)F)c1ccccc1C(N)=O,CHEMBL3352882,0.44779996752719586,1
NC(=O)COc1cccc(CN2CCCC(Nc3ccc4[nH]ncc4c3)C2)c1,CHEMBL3689438,0.44779310901315234,1
N=C(N)c1cc2[nH]c(-c3cccc(OCC4CCCNC4)c3O)nc2cc1F,CHEMBL303978,0.44779100207810446,1
COC[C@H]1CN[C@H](C)CN1CC(=O)N1C[C@](C)(c2cc(C)no2)c2ccc(Cc3ccccc3)cc21,CHEMBL3700049,0.4477854684367789,1
COC[C@H]1CN[C@H](C)CN1CC(=O)N1CC(C)(c2cccnc2)c2ccc(Cc3ccccc3)cc21,CHEMBL3700040,0.4477854684367789,1
COC[C@H]1CN[C@H](C)CN1CC(=O)N1C[C@@](C)(c2cc(C)no2)c2ccc(Cc3ccccc3)cc21,CHEMBL3700050,0.4477854684367789,1
Cn1nccc1CNC(=O)c1ccc2cc(-c3cc(Cc4ccccc4)[nH]n3)[nH]c2c1,CHEMBL1165507,0.44777733279935905,1
N#Cc1ccc2[nH]c(NC(=O)c3ccc4cc5n(c4c3)CCCNC5=O)nc2c1,CHEMBL3912033,0.4477685139774397,1
NCCNC(=O)c1ccc(Nc2nccc(-c3cc4ccccc4s3)n2)cc1,CHEMBL370166,0.4477653925946761,1
NCc1ccc(-c2ccc(N3C[C@H](CN4C(=O)CNC4=O)OC3=O)cc2F)cc1,CHEMBL4204357,0.447765006385696,1
CC1CCC(NC2=N/C(=C\c3c[nH]c4ncccc34)C(=O)N2)CC1,CHEMBL502564,0.44775534208978623,1
O=C1NC(NC2CCCCC2)=N/C1=C\c1c[nH]c2ncccc12,CHEMBL499637,0.4477553420897861,1
O=C1NC(NC2CC2)=N/C1=C\c1c[nH]c2ncccc12,CHEMBL524910,0.4477553420897861,1
Nc1ncnc2c1sc1cc(-c3cccc(C(=O)NCC(=O)N4CCOCC4)c3)ccc12,CHEMBL3347694,0.44775494539999283,1
O=C(Cn1c(C2CCNCC2)nc2cc(Cl)c(Cl)cc21)NNC(=S)Nc1ccccc1,CHEMBL282055,0.44773299748110823,1
COc1ccc2[nH]cc(CC(=O)NC3CCN(Cc4ccccc4)CC3)c2c1,CHEMBL442408,0.44772521843928864,1
O=C(Nc1cnn(CC2CCCCC2)c1)c1ccc2cc3n(c2c1)CCCNC3=O,CHEMBL1933149,0.4477242871493704,1
CC(C)CCn1cc(NC(=O)c2ccc3cc4n(c3c2)CCCNC4=O)cn1,CHEMBL3923698,0.4477242871493704,1
COc1ccc2[nH]nc(NC3CCN(Cc4ccc5c[nH]nc5c4)CC3)c2c1,CHEMBL198789,0.44772168063039197,1
Cc1ccc(C(=O)N2CCC3(CC2)OCc2cc(C#N)ccc23)cc1NC(=O)NC1CCN(C)CC1,CHEMBL3666567,0.447719613569984,1
c1cc2cc(-c3ccc(-c4cn5cc(C6=NCCN6)ccc5n4)cc3)[nH]c2cc1C1=NCCN1,CHEMBL3311107,0.4477187812450664,1
c1cc2cc(-c3ccc(-c4cn5ccc(C6=NCCN6)cc5n4)cc3)[nH]c2cc1C1=NCCN1,CHEMBL3311109,0.4477187812450664,1
CNC(=O)c1c(-c2ccc(F)cc2)oc2nc(CN)c(C3CC3)cc12,CHEMBL4291952,0.44771791451603526,1
COc1ccccc1-c1ccc(-c2ccc3ccccc3c2)n1CC(=O)NC(=N)N,CHEMBL398510,0.44771668219944083,1
Cn1c(CN2CCCC2)nc2cc(NC(=O)Nc3ccccc3)ccc21,CHEMBL1386145,0.4477102541898017,1
c1csc(-c2ccc3[nH]nc(-c4cncc(O[C@H]5CNCCC56CC6)n4)c3c2)n1,CHEMBL3393715,0.44770775642639393,1
Fc1cccnc1-c1ccc2[nH]nc(-c3cncc(O[C@H]4CNCCC45CC5)n3)c2c1,CHEMBL3393710,0.44770775642639393,1
Nc1ccc([C@H]2c3cc(O)ccc3[C@H]3NCCC[C@@H]23)cc1,CHEMBL344207,0.44770117510388263,1
Cc1ccc([C@@H]2c3cc(O)ccc3[C@H]3NCCC[C@@H]23)cc1N,CHEMBL336091,0.44770117510388263,1
Nc1ccc([C@@H]2c3cc(O)ccc3[C@H]3NCCC[C@@H]23)cc1,CHEMBL435222,0.44770117510388263,1
Cc1ccc([C@H]2c3cc(O)ccc3[C@H]3NCCC[C@@H]23)cc1N,CHEMBL434230,0.44770117510388263,1
CC(C)OC(=O)C(C)NC(=O)N1CCc2nc(-c3ccccc3)c3c(c2C1)COC(C)C3,CHEMBL1713726,0.44769643085038485,1
CC1=C[C@@](C)(c2cc(NC(=O)c3cnc(C#N)cn3)ccc2F)N=C(N)S1,CHEMBL3969031,0.4476953178322792,1
O=C1CC[C@H](N2C(=O)c3cccc4c(Cc5ccc(CN6CCOCC6)cc5)ccc2c34)C(=O)N1,CHEMBL5095227,0.44767222774142734,1
CC1(C)c2cc(OC[C@H](O)CO)ccc2C(=O)c2c1[nH]c1c(C3CC3)c(C#N)ccc21,CHEMBL4110481,0.44766587904719307,1
CN(C(=O)c1ccccc1)c1ccc2c(c1)[nH]/c(=N\C(=O)c1ccc(-c3cn[nH]c3)s1)n2CCC(N)=O,CHEMBL481720,0.4476653358791876,1
O=C(NCCN1CCOCC1)c1cc2n[nH]c(=O)n2c2cc(-c3ccsc3)ccc12,CHEMBL2012849,0.4476593174267594,1
COC(=O)Nc1noc2cc(-c3c(-c4ccccn4)n[nH]c3C)ccc12,CHEMBL4066592,0.4476456253439194,1
O=C(NCCN1CCCCC1)c1ccnc2c3c(ccc12)-c1ccccc1S(=O)(=O)N3,CHEMBL3906499,0.44764141710706584,1
CN1CCN(c2cccc(CNC(=O)c3cc(C(=O)c4ccccc4F)c[nH]3)c2)CC1,CHEMBL1171613,0.44763578450216907,1
COc1cc(C(=O)NCC(c2ccccc2)N2CCCC2)ccc1-c1cn[nH]c1,CHEMBL3947236,0.44762562413683193,1
COc1ccc(C(=O)Nc2sc3c(c2C#N)CCN(C(=O)c2cc(C(C)C)n[nH]2)C3)cc1,CHEMBL3422871,0.44762145748987825,1
CN[C@@H](C)C(=O)N[C@H](C(=O)N1Cc2ccccc2C1C(=O)NCc1ccccc1)C(C)C,CHEMBL3895831,0.44761640798226127,1
CCCNCC(O)COc1ccc(-c2nc(-c3cccs3)c[nH]2)cc1,CHEMBL274830,0.44760258300706735,1
COc1cc(C(=O)NCc2ccc3nc(N)sc3c2)ccc1-c1cn[nH]c1,CHEMBL3911197,0.4475887734532483,1
Cc1n[nH]cc1-c1cc(OCCN(C)C)c(C(=O)N[C@H](C)c2ccccc2)cc1F,CHEMBL4107027,0.44758707973367057,1
C[C@H](NC(=O)c1cc(F)c(-c2cn[nH]c2)cc1OCCN(C)C)c1ccccc1,CHEMBL3963276,0.44758707973367057,1
O=C(CN1CCNCC1)Nc1cccc2c1CNC2=O,CHEMBL1188961,0.4475713184271393,1
CC(C)C[C@@H]1C(=O)N[C@H](C2Cc3ccccc3C2)C(=O)N1[C@@H](C(=O)N(C)CCO)c1ccc(F)cc1F,CHEMBL210029,0.447549223036842,1
NC(=O)c1cc(-c2ccc(CN3CCOCC3)s2)nc2c1[nH]c1cc(N3CCOCC3=O)ccc12,CHEMBL3649614,0.4475468356532087,1
CCCNC(=O)c1ccc(NC(=O)N2Cc3ccc(NC(=O)CN(C)C)cc3C2)cc1,CHEMBL3958247,0.4475383373688455,1
N#Cc1c(-c2ccccc2)c2ccccc2n(CC2CCCNC2)c1=O,CHEMBL2332480,0.4475280476676148,1
COCCS(=O)(=O)N1CC2C=C(c3cc4c(-c5cc(F)ccc5OC)ccnc4[nH]3)CC2C1,CHEMBL3668539,0.44752763499067433,1
O=C(Cc1ccncc1)N1CCc2nc(-c3cc4cc(F)ccc4[nH]c3=O)[nH]c2C1,CHEMBL2016926,0.44751757937353503,1
O=C(Cc1ccncc1)N1CCc2nc(-c3cc4ccccc4[nH]c3=O)[nH]c2C1,CHEMBL2016925,0.44751757937353503,1
O=C(Cc1ccncc1)N1CCc2nc(-c3cc4cc(Cl)ccc4[nH]c3=O)[nH]c2C1,CHEMBL2016927,0.44751757937353503,1
CC1(Nc2ccc(C(=O)NO)cc2)CCN(c2ccc3ncccc3c2)C1=O,CHEMBL3415628,0.4475119161105814,1
NC(=O)c1ccc2cc(C3(O)CCn4cncc43)ccc2c1,CHEMBL1921981,0.44750527055516515,1
CNC(=O)c1ccc2cc([C@@]3(O)CCn4cncc43)ccc2c1,CHEMBL1921976,0.44750527055516515,1
CNC(=O)c1ccc2cc(C3(O)CCn4cncc43)ccc2c1,CHEMBL1921977,0.44750527055516515,1
CNC(=O)c1ccc2cc([C@]3(O)CCn4cncc43)ccc2c1,CHEMBL1921985,0.44750527055516515,1
CCNC(=O)c1ccc2cc(C3(O)CCn4cncc43)ccc2c1,CHEMBL1921982,0.44750527055516515,1
CN1C(=O)C=C2C=C(S(=O)(=O)Nc3ccc(C(=O)N4CCC(O)(Cc5ccccc5)CC4)cc3)C=CC21,CHEMBL3732996,0.4474984430143239,1
O=C1[C@H](NC[C@H](O)c2ccc(F)cc2)[C@@H](c2ccc(O)cc2)N1c1ccc(F)cc1,CHEMBL3344322,0.4474969713548788,1
O=C1[C@H](NC[C@@H](O)c2ccc(F)cc2)[C@@H](c2ccc(O)cc2)N1c1ccc(F)cc1,CHEMBL3344323,0.4474969713548788,1
Nc1ccccc1NC(=O)c1ccc(NC(=S)NCc2ccc(F)nc2)cc1,CHEMBL4083264,0.4474947625698322,1
Nc1ccccc1NC(=O)c1ccc(NC(=S)NCc2cccnc2)cc1,CHEMBL4092869,0.4474947625698322,1
Nc1ccccc1NC(=O)c1ccc(NC(=S)NCc2cncc(F)c2)cc1,CHEMBL4070085,0.4474947625698322,1
Cc1ccc(CNC(=S)Nc2ccc(C(=O)Nc3ccccc3N)cc2)cn1,CHEMBL4069085,0.4474947625698322,1
O=c1[nH]c(C2COc3ccccc3C2)nc2ccc(-c3cn[nH]c3)cc12,CHEMBL1684197,0.4474633325318585,1
O=c1[nH]c(C2COc3ccc(F)cc3C2)nc2ccc(-c3cn[nH]c3)cc12,CHEMBL1684204,0.4474633325318585,1
Cc1ccc2c(c1)CC(c1nc3ccc(-c4cn[nH]c4)cc3c(=O)[nH]1)CO2,CHEMBL1684203,0.4474633325318585,1
O=c1[nH]c(C2=Cc3ccccc3OC2)nc2ccc(-c3cn[nH]c3)cc12,CHEMBL1684195,0.4474633325318585,1
O=C(CN1CCCCC(NC(=O)c2ccc(-c3ccccc3)cc2)C1=O)Nc1ccc2c(c1)CNCC2,CHEMBL107095,0.4474621142961474,1
O=C(Nc1cccc(Cc2n[nH]c(=O)c3c2CCCC3)c1)[C@H](O)CCc1ccccc1,CHEMBL3935200,0.44745855596657075,1
CN1CCN(C(=O)[C@H]2Cc3c([nH]c4ccccc34)[C@@H]3N(C)c4ccccc4C(=O)N23)CC1,CHEMBL2443303,0.4474560152163574,1
CN1CCN(C(=O)[C@@H]2Cc3c([nH]c4ccccc34)[C@H]3N(C)c4ccccc4C(=O)N23)CC1,CHEMBL2443302,0.4474560152163574,1
CN1CCN(c2ccc(C(=O)Nc3n[nH]c4c3CN(C(=O)c3ccco3)C4)cc2)CC1,CHEMBL427170,0.447446602245364,1
CNC1(c2ccc(N3CCc4c(C(N)=O)nn(-c5ccc(OC)cc5)c4C3=O)cc2)CC1,CHEMBL464555,0.4474407569225426,1
c1cc(-c2cc3ccc(C4=NCCN4)cc3s2)ccc1C1=NCCN1,CHEMBL354449,0.4474366646718529,1
c1cc(-c2cc3cc(C4=NCCN4)ccc3s2)ccc1C1=NCCN1,CHEMBL167778,0.4474366646718529,1
NC(=O)c1cccc2[nH]c(-c3ccc(-c4n[nH]c(=O)o4)cc3)nc12,CHEMBL576910,0.4474352689513793,1
CC(=O)N1CCN(C(=O)c2cc(Sc3cnc(NC(=O)c4ccc(N(C)C)cc4)s3)ccc2N)CC1,CHEMBL210243,0.4474314502808057,1
Cc1cc(N)nc(CCc2cc(CN)cc(CCc3ccc4cc[nH]c4n3)c2)c1,CHEMBL3394388,0.44743122723275963,1
CCCc1[nH]c([C@@H]2Cc3ccccc3CN2C(=O)[C@@H](N)Cc2ccc(O)cc2)nc1C,CHEMBL440380,0.44743064312736425,1
Cc1nc2cccc(-c3cc4c([nH]3)CCNC4=O)c2nc1NC1(CO)CCC1,CHEMBL3916316,0.4474294440359707,1
Cc1nc2cccc(-c3cc4c([nH]3)CCNC4=O)c2nc1NC1(CO)CC1,CHEMBL3891210,0.4474294440359707,1
O[C@@]1(c2ccc(-c3ccc4ncccc4c3)cc2)CN2CCC1CC2,CHEMBL253566,0.4474247882387304,1
O[C@]1(c2ccc(-c3ccc4ncccc4c3)cc2)CN2CCC1CC2,CHEMBL253565,0.4474247882387304,1
Nc1nnc(-c2ccc3[nH]cc(-c4cncc(C5CC5)n4)c3c2)o1,CHEMBL3896794,0.4474237263569823,1
COc1ccc(NC2CCCN(C(=O)c3cccc(N4CCNC4=O)c3)C2)cc1,CHEMBL1698005,0.44741301400813355,1
COc1ccc(NC2CCCN(C(=O)c3ccc(C)c(N4CCNC4=O)c3)C2)cc1,CHEMBL1577552,0.44741301400813355,1
CN1CCN(c2ccc(N/C=C3\C(=O)NC(=O)c4ccc(-c5ccsc5)cc43)cc2)CC1,CHEMBL486091,0.4474090862264348,1
CN1CCN(c2ccc(N/C=C3\C(=O)NC(=O)c4ccc(-c5ccccc5)cc43)cc2)CC1,CHEMBL487326,0.4474090862264348,1
N=C1/C(=C/c2ccc(O)cc2)C(=O)N=C2SC(Cc3ccc(Cl)cc3)=NN12,CHEMBL1223783,0.4473875841980702,1
O=C(CCCc1[nH]c2ccccc2c1C1=C(Br)C(=O)NC1=O)Nc1ccccc1,CHEMBL477685,0.4473869700936461,1
O=C1NCCc2c1ccc1[nH]cc(CCNCc3cccc4cccnc34)c21,CHEMBL559994,0.44736212942301573,1
Cc1ccc(C(=O)NCCN2C3=NC[C@H](C(C)C)N3C[C@H]2Cc2ccc(O)cc2)cc1Br,CHEMBL1529371,0.44735102464821963,1
O=C(O)c1ccc(C2=CC3(CCNCC3)Oc3ccccc32)cc1,CHEMBL494266,0.447329254175624,1
CC(=O)c1cccc(-c2ccnc3c2CC(C(=O)NCc2ccc(N4CCN(C)CC4)cc2)O3)c1,CHEMBL1969142,0.44732743228355415,1
O=C(NCC(O)CN1CCc2ccccc2C1)c1cccc(C2CCCN2)c1,CHEMBL3984791,0.447323513562062,1
CC(C)(N)C(=O)N[C@H](Cc1c[nH]c2ccccc12)C(=O)NCc1cccc2ccccc12,CHEMBL349621,0.44731013788669,1
COc1ccc(C(=O)N(C)[C@H]2C[C@H]3c4[nH]c5ccccc5c4CCN3C[C@H]2[C@H](C)O)cc1,CHEMBL2136047,0.4473006570768957,1
CC(Oc1ccc2c3c(c(=O)oc2c1)CCC3)C(=O)NC1CCN(Cc2ccccc2)CC1,CHEMBL1700603,0.4472951556945217,1
O=C(COc1ccc2c3c(c(=O)oc2c1)CCC3)NC1CCN(Cc2ccccc2)CC1,CHEMBL1580639,0.4472951556945217,1
Cc1c(OCC(=O)NC2CCN(Cc3ccccc3)CC2)ccc2c3c(c(=O)oc12)CCC3,CHEMBL1876564,0.4472951556945217,1
CCNCCOc1ccc(-c2cc(N)nc3[nH]ccc23)cc1,CHEMBL3479329,0.4472797303803562,1
O=C(c1ccc2cc(Oc3ccc(C(F)(F)F)cn3)ccc2n1)N1CC(N2CCNCC2)C1,CHEMBL3903319,0.44727702934778424,1
COc1cc2c(cc1OC)-c1n[nH]c(C#Cc3ccc(C(N)=O)cc3)c1C2,CHEMBL245801,0.44726855088385103,1
Cn1cc(S(=O)(=O)NCc2cccc(C3(Cc4ccccc4)CCNC3)c2)cn1,CHEMBL3905417,0.44725738396624454,1
Cn1c(C(=O)NCc2cccc3ccccc23)nc2cccc(OC3CCNCC3)c21,CHEMBL4285832,0.44724819758726525,1
Nc1nc2c(s1)CC[C@H]2C(=O)Nc1ccc(C[C@@H]2CC[C@H]([C@H](O)c3cccc(F)c3)N2)cc1,CHEMBL3128199,0.44724209483105754,1
Nc1nc2c(s1)CC[C@@H]2C(=O)Nc1ccc(C[C@@H]2CC[C@H]([C@H](O)c3ccccc3)N2)cc1,CHEMBL3128195,0.44724209483105754,1
Nc1nc2c(s1)CC[C@H]2C(=O)Nc1ccc(C[C@@H]2CC[C@H]([C@H](O)c3ccccc3)N2)cc1,CHEMBL3128194,0.44724209483105754,1
Nc1nc2c(s1)CC[C@H]2C(=O)Nc1ccc(C[C@@H]2CC[C@H]([C@H](O)c3ccc(F)cc3)N2)cc1,CHEMBL3128200,0.44724209483105754,1
Cc1cc(OCC#CC(C)(C)O)cnc1C(=O)Nc1ccc(F)c(C2(C)N=C(N)O[C@H]3C[C@H]32)c1,CHEMBL3683790,0.44723991507430977,1
CN1CCN(c2cccc(N/C=C3\C(=O)Nc4ccc(NC(=O)c5ccc[nH]5)cc43)c2)CC1,CHEMBL4069841,0.4472229168403211,1
COc1cccc(CNC(=O)c2c[nH]c3cc(-c4cn[nH]c4)ccc23)c1,CHEMBL1922045,0.4472164839239364,1
COc1ccc(CNC(=O)c2c[nH]c3cc(-c4cn[nH]c4)ccc23)cc1,CHEMBL1923170,0.4472164839239364,1
CCOc1ccc(-c2cc(C(=O)NCCCN3CCOCC3)c3ccccc3n2)cc1,CHEMBL1370543,0.4472107438016526,1
CCN1CCCC1CNC(=O)c1cccc(CNC(=O)c2ccc(-c3cn[nH]c3)c(OC)c2)c1,CHEMBL3957651,0.447203859210291,1
COc1ccc(CN2C[C@H](Sc3nc4ccccc4[nH]3)C[C@H]2C(=O)NC2CC2)cc1C,CHEMBL577451,0.44720345983769827,1
CC(C)COCc1cccc(-c2cc(NC(=O)[C@@H]3CNC(=O)C3)nn2-c2ccccc2)c1,CHEMBL3690951,0.44720230673316674,1
CN1CCCN(c2ccc(C(=O)Nc3ccccc3C(=O)Nc3ccccn3)cc2)CC1,CHEMBL3545923,0.44719758617536787,1
Cc1cc(C)c(CNC(=O)c2cc(-c3ccc(CN4CCOCC4)cc3)cc(N(C)C3CCNCC3)c2C)c(=O)[nH]1,CHEMBL3697407,0.4471828882117466,1
CN(C)C(=S)N/N=C/c1cc2c(cc1O)OCC(c1ccc(O)cc1)=C2,CHEMBL4098684,0.44718122429228147,1
Nc1ccccc1NC(=O)c1ccc(CNC(=O)c2ccc3cncn3c2)cc1,CHEMBL4070033,0.44716786817713683,1
N=C(N)NCC[C@H]1Cc2ccccc2[C@@H]1NC(=O)C(=O)Nc1ccc(Cl)c(F)c1,CHEMBL2336525,0.4471651716136182,1
N=C(N)NCC[C@@H]1Cc2ccccc2[C@H]1NC(=O)C(=O)Nc1ccc(Cl)c(F)c1,CHEMBL2336523,0.4471651716136182,1
CN1CCN(CC(=O)N/N=C2\C(=O)Nc3ccc4ccccc4c32)CC1,CHEMBL3895125,0.4471605866867244,1
O=C(N[C@H](CO)c1ccccc1)c1ccc(NC(=O)N2Cc3cccnc3C2)cc1,CHEMBL3982613,0.4471602147499291,1
COc1cc2c(cc1C(=O)Nc1ccc(C(N)=O)cc1)CC[C@H]1C(C)(C)C(=O)C(C#N)=C[C@]21C,CHEMBL4282069,0.4471529586899888,1
Nc1n[nH]c2cncc(-c3ccc(C(=O)N4CCCC4)cc3)c12,CHEMBL3657215,0.44714673266384264,1
Cc1nc2ccnc(-c3cc4c([nH]3)CCNC4=O)c2nc1NC(C)(C)C,CHEMBL3918795,0.44713881701666763,1
Cn1c(COc2ccc(NC(=S)Nc3ccccc3)cc2)n[nH]c1=S,CHEMBL523554,0.44713084984953805,1
Oc1ccc2c(c1)c1c(n2CCN2CCOCC2)-c2ccccc2CC1,CHEMBL1974260,0.4471238162048403,1
CC(C)(O)C1CCN(c2cncc(-c3cnc4c(c3)CCCN4C(N)=O)c2)CC1,CHEMBL3927321,0.44711689477226807,1
O=C(Nn1c(=S)[nH]c2ccc(F)cc2c1=O)c1ccc(CN2CCCCC2)cc1,CHEMBL3740464,0.44708798017348184,1
CC(=O)Nc1ccc(C2N[C@H](C(=O)Nc3nc4ccccc4s3)CS2)cc1,CHEMBL607136,0.4470759857553523,1
COc1ccc(-c2cc(C(N)=O)c3[nH]c4ccc(C(=O)N5CCOCC5)cc4c3c2)cc1OC,CHEMBL3646836,0.4470701112256138,1
CC(C)(C)NC(=O)[C@H]1CN(Cc2cccnc2)CCN1C[S]([O])C[C@H](Cc1ccccc1)C(=O)N[C@@H]1c2ccccc2C[C@@H]1O,CHEMBL1627244,0.44706868110287784,1
CCc1nn(-c2ccccc2)c2cc(N3CCC(N4CCNCC4)CC3)ccc12,CHEMBL3666096,0.4470685726123886,1
CSc1nn(-c2ccccc2)c2cc(N3CCC(N4CCNCC4)C3)ccc12,CHEMBL3666081,0.4470685726123886,1
Cc1nn(-c2ccccc2)c2cc(N3CC(N4CCNCC4)C3)ccc12,CHEMBL3666107,0.4470685726123886,1
CSc1nn(-c2ccccc2)c2cc(N3CCC(N4CCNCC4)CC3)ccc12,CHEMBL3666082,0.4470685726123886,1
CCc1nn(-c2ccccc2)c2cc(N3CCC(N4CCNCC4)C3)ccc12,CHEMBL3666099,0.4470685726123886,1
CSc1nn(-c2ccccc2)c2cc(N3CC(N4CCNCC4)C3)ccc12,CHEMBL3666077,0.4470685726123886,1
Cc1nn(-c2ccccc2)c2cc(N3CCC(N4CCNCC4)C3)ccc12,CHEMBL3666108,0.4470685726123886,1
Cc1nn(-c2ccccc2)c2cc(N3CCC(N4CCNCC4)CC3)ccc12,CHEMBL1809175,0.4470685726123886,1
NCCS(=O)(=O)c1cc(-c2ccc[nH]2)c2c3c(ccc(F)c13)NC2=O,CHEMBL309767,0.44705236428522416,1
O=C(C[C@H]1CNC(=O)c2cc(-c3cccc(F)c3)cn21)N[C@H](CO)c1ccccc1,CHEMBL3298893,0.4470495603866845,1
O=c1ccc2cc(-c3nnc(N4CCC(N5CCCCC5)CC4)s3)ccc2[nH]1,CHEMBL2031613,0.44703696991663616,1
O=C1Cc2cc(-c3nnc(N4CCC(N5CCCCC5)CC4)s3)ccc2N1,CHEMBL2031611,0.44703696991663616,1
O=c1ccc2ccc(-c3nnc(N4CCC(N5CCCCC5)CC4)s3)cc2[nH]1,CHEMBL2031614,0.44703696991663616,1
CCC[C@H]1C(=O)N([C@@H](Cc2ccc3ccccc3c2)C(=O)NC)CCN1C(=O)[C@@H](Cc1ccc(F)cc1)NC(=O)[C@@H]1CCCN1,CHEMBL442829,0.447034919760314,1
CCC[C@H]1C(=O)N([C@@H](Cc2ccc3ccccc3c2)C(=O)NC)CCN1C(=O)[C@@H](Cc1ccc(F)cc1)NC(=O)[C@H]1CCCCN1,CHEMBL448410,0.447034919760314,1
Cc1nc2cccc(-c3cc4c([nH]3)CCNC4=O)c2nc1N1CCOCC1,CHEMBL3957810,0.4470316917125427,1
NC(=O)Nc1ccc2c(c1)/C(=C/c1cc(-c3cccc(C(N)=O)c3)c[nH]1)C(=O)N2,CHEMBL228547,0.44702399501402296,1
CN1C=C(C(=O)NCCCN2CCC(C#N)(c3ccc(F)cc3)CC2)[C@H](c2ccc(F)c(F)c2)NC1=O,CHEMBL419497,0.4470160357083813,1
CN1C=C(C(=O)NCCCN2CCC(C#N)(c3ccc(F)cc3)CC2)[C@@H](c2ccc(F)c(F)c2)NC1=O,CHEMBL91616,0.4470160357083813,1
CC(=O)N1CCN(C(=O)c2cc(N)cc(Sc3cnc(NC(=O)c4ccc(N(C)C)cc4)s3)c2)CC1,CHEMBL210046,0.4470131693019029,1
Cc1sc(C(=O)NC2[C@H](N)CCCC2(F)F)cc1-c1cnc2cccnn12,CHEMBL3648447,0.44701039861351805,1
N[C@H]1CCCC(F)(F)C1NC(=O)c1cc(-c2cnc3cccnn23)cs1,CHEMBL3648449,0.44701039861351805,1
CCc1sc(C(=O)NC2[C@H](N)CCCC2(F)F)cc1-c1cnc2cc(C)cnn12,CHEMBL3648450,0.44701039861351805,1
O=C(CC1CNC(=O)c2cc(-c3cn[nH]c3)cn21)NCc1cccc(F)c1,CHEMBL3298823,0.4470086214403898,1
COCCN1CCN(Cc2ccc(-c3cc(C(N)=O)c4[nH]c5cc(N6CCOCC6)ccc5c4n3)s2)CC1,CHEMBL3649621,0.4470067771084338,1
CNC1CC2(CCN(C(=O)c3cc4cc(Nc5nccc(-c6ccccn6)n5)ccc4[nH]3)C2)C1,CHEMBL3641614,0.44700537425896136,1
CN1CCOC(CNC(=O)Nc2cc3[nH]nc(-c4ccc(F)cc4)c3cn2)C1,CHEMBL3654853,0.4470040675844804,1
O=C(/C=C/c1ccc(CNCCc2cn(CC3CC3)c3ccccc23)cc1)NO,CHEMBL141236,0.44698596613894004,1
CC(C)C[C@@H]1C(=O)N[C@H](C2Cc3ccccc3C2)C(=O)N1[C@@H](C(=O)NCCO)c1ccc(F)cc1,CHEMBL213991,0.4469848642588289,1
CN1CC2CN(c3ccc4c(c3)C(=O)c3cc(N)ccc3-4)CC2C1,CHEMBL1950172,0.44696720926959693,1
O=C1N=C(Nc2ccc(-c3nc4ccccc4[nH]3)cc2)CNN1,CHEMBL3897672,0.4469560223170331,1
Cn1c(CNc2ccc(C(=N)N)cc2)nc2cc(C3(C(=O)N4CCCC4)CC3)ccc21,CHEMBL3091516,0.4469554919569727,1
COc1cccc(-c2ncc(CN3CC[C@H]4CC[C@@H](C3)N4)s2)c1,CHEMBL3477232,0.4469544846050868,1
N=C(N)c1cccc(C[C@H](NS(=O)(=O)c2ccc3ccccc3c2)C(=O)N2CCCCCC2)c1,CHEMBL145630,0.4469474641425204,1
N=C(N)c1cccc(CC(NS(=O)(=O)c2ccc3ccccc3c2)C(=O)N2CCCCCC2)c1,CHEMBL107592,0.4469474641425204,1
N=C(N)c1cccc(CC(NS(=O)(=O)c2ccc3ccccc3c2)C(=O)N2CCCC2)c1,CHEMBL106869,0.4469474641425204,1
CC1CCCN(C(=O)C(Cc2cccc(C(=N)N)c2)NS(=O)(=O)c2ccc3ccccc3c2)C1,CHEMBL153732,0.4469474641425204,1
N=C(N)c1ccc(CN(NS(=O)(=O)c2ccc3ccccc3c2)C(=O)N2CCCCCC2)cc1,CHEMBL288862,0.4469474641425204,1
CC1CCCCN1C(=O)N(Cc1ccc(C(=N)N)cc1)NS(=O)(=O)c1ccc2ccccc2c1,CHEMBL39760,0.4469474641425204,1
N=C(N)c1cccc(C[C@H](NS(=O)(=O)c2ccc3ccccc3c2)C(=O)N2CCCC2)c1,CHEMBL145211,0.4469474641425204,1
N=C(N)c1cccc(CC(NS(=O)(=O)c2ccc3ccccc3c2)C(=O)N2CCCCC2)c1,CHEMBL104241,0.4469474641425204,1
CNC(=N)c1ccc(C[C@H](NS(=O)(=O)c2ccc3ccccc3c2)C(=O)N2CCCCCC2)cc1,CHEMBL165909,0.4469474641425204,1
CC1CCN(C(=O)[C@H](Cc2cccc(C(=N)N)c2)NS(=O)(=O)c2ccc3ccccc3c2)CC1,CHEMBL358970,0.4469474641425204,1
N=C(N)c1ccc(CN(NS(=O)(=O)c2ccc3ccccc3c2)C(=O)N2CCCCC2)cc1,CHEMBL41220,0.4469474641425204,1
CC1CCN(C(=O)[C@@H](Cc2cccc(C(=N)N)c2)NS(=O)(=O)c2ccc3ccccc3c2)CC1,CHEMBL104731,0.4469474641425204,1
N=C(N)c1cccc(C[C@H](NS(=O)(=O)c2ccc3ccccc3c2)C(=O)N2CCCCC2)c1,CHEMBL145504,0.4469474641425204,1
CC1CCN(C(=O)C(Cc2cccc(C(=N)N)c2)NS(=O)(=O)c2ccc3ccccc3c2)CC1,CHEMBL97597,0.4469474641425204,1
N=C(N)c1ccc(C[C@H](NS(=O)(=O)c2ccc3ccccc3c2)C(=O)N2CCCCCC2)cc1,CHEMBL349986,0.4469474641425204,1
N=C(N)c1cccc(CN(NS(=O)(=O)c2ccc3ccccc3c2)C(=O)N2CCCCCC2)c1,CHEMBL38626,0.4469474641425204,1
CC1CCN(C(=O)N(Cc2cccc(C(=N)N)c2)NS(=O)(=O)c2ccc3ccccc3c2)CC1,CHEMBL37318,0.4469474641425204,1
O=C(c1cc(Cc2n[nH]c(=O)c3c2NCCC3)ccc1F)N1CCC(O)CC1,CHEMBL3917313,0.4469364537623921,1
NC(=O)c1cccc2[nH]c(C(=O)N3CCC(NC4CCNCC4)CC3)nc12,CHEMBL4077600,0.4469287643964168,1
NC(=O)c1cccc2[nH]c(C(=O)N3CCC(NC4CCNCC4)C3)nc12,CHEMBL4060793,0.4469287643964168,1
COc1ccc(F)cc1-c1ccnc2[nH]c(C3CCN(CC(=O)N(C)CCO)CC3)cc12,CHEMBL3668518,0.4469287349602999,1
COc1ccc(-c2cc(C(N)=O)c3[nH]c4cc(N5CCOCC5)ccc4c3n2)cc1F,CHEMBL3649615,0.44692655862169645,1
Cc1nnc(-c2ccn3c(-c4cccc(NC(=O)NC5CC5)c4)cnc3c2)o1,CHEMBL3690509,0.4469180084993564,1
O=C(Nc1cccc(-c2cnc3cc(-c4nncs4)ccn23)c1)NC1CC1,CHEMBL3690510,0.4469180084993564,1
CN1CCN(Cc2ccc3c(c2)nc(NC(=O)c2ccc(-c4cn[nH]c4)s2)n3CC(C)(C)O)CC1,CHEMBL3885366,0.44691501246025617,1
CNC(=O)c1cc2c(Oc3ccc(C4=NCCN4)cc3)cncc2s1,CHEMBL117565,0.44690988928855035,1
COc1ccc(Cl)cc1C(=O)Nc1ccc(CCN2CCNCC2)cc1,CHEMBL3560016,0.44690856313497795,1
CC(=O)Nc1ccc(-c2ccnc3c2CC(C)(C(=O)NC(C)C)O3)cc1,CHEMBL2356519,0.4469062415563359,1
CC(=O)Nc1cccc(-c2ccnc3c2CC(C)(C(=O)NC(C)C)O3)c1,CHEMBL2358529,0.4469062415563359,1
CC(=O)Nc1cccc(-c2ccnc3c2CC(C(=O)NC(C)C)O3)c1,CHEMBL2138323,0.4469062415563359,1
CN[C@@H](C)C(=O)N[C@H](C(=O)N1Cc2ccccc2[C@H]1C(=O)Nc1c(F)cccc1F)[C@@H](C)c1ccccc1,CHEMBL3961175,0.4469053034837782,1
Cn1cnc2ccc(C(=O)Nc3ccc4[nH]c(CN5CCCCC5)nc4c3)cc21,CHEMBL4295184,0.4469046889365613,1
N=C(N)c1ccc(-c2ccc3nc(-c4ccc(C(=N)N)cc4)cn3c2)cc1,CHEMBL405915,0.4469011040364508,1
Cc1cc2nc(-c3ccc(C(=N)N)cc3)cn2cc1-c1ccc(C(=N)N)cc1,CHEMBL407410,0.4469011040364507,1
N=C(N)c1ccc(-c2cn3c(n2)CCC(c2ccc(C(=N)N)cc2)C3)cc1,CHEMBL259792,0.4469011040364507,1
Cc1c(-c2ccc(C(=N)N)cc2)cn2cc(-c3ccc(C(=N)N)cc3)nc2c1C,CHEMBL259707,0.4469011040364507,1
Cc1cc(-c2ccc(C(=N)N)cc2)cn2cc(-c3ccc(C(=N)N)cc3)nc12,CHEMBL261271,0.4469011040364507,1
COc1ccc(C2=NN(C(N)=S)C(c3cc4ccccc4nc3N3CCOCC3)C2)cc1,CHEMBL3785831,0.44689644416718644,1
Nc1ccc(-c2cccs2)cc1NC(=O)c1ccc2nc(N3CCNCC3)cnc2c1,CHEMBL3899844,0.4468906283974779,1
CC(=O)Nc1ccc(C(=O)Nc2nc(-c3cccs3)ccc2N)cc1,CHEMBL4282815,0.44688609071904317,1
COc1cccc(NC(=O)Nc2ccc(-c3ccnc4[nH]nc(N)c34)cc2)c1,CHEMBL256043,0.44688117921984544,1
CN(C[C@H]1N[C@@H](CO)[C@@H]1c1ccc(-c2cccnc2)cc1)C(=O)c1ccccc1,CHEMBL2359406,0.44685726756874716,1
Cn1cccc1-c1nc2cc(C3=NCCN3)ccc2[nH]1,CHEMBL233318,0.44685546156675243,1
c1ccc(-c2nc3cc(C4=NCCN4)ccc3[nH]2)nc1,CHEMBL233524,0.44685546156675243,1
COc1cc(NC(=O)Nc2cccc3c2[C@@H]2C[C@H](O)CCN2C3=O)nc2ccccc12,CHEMBL3609667,0.4468400717538289,1
Cc1cc(O)cc(C)c1C[C@H](N)C(=O)N1Cc2ccccc2C[C@H]1CNC(=O)Nc1ccccc1,CHEMBL80463,0.44683617451603563,1
O=C1NC(NCc2cccc(Cl)c2)=N/C1=C\c1c[nH]c2ncccc12,CHEMBL526657,0.44683339330694466,1
Cc1ccc(CNC2=N/C(=C\c3c[nH]c4ncccc34)C(=O)N2)cc1,CHEMBL498275,0.44683339330694466,1
O=C1NC(NCc2cccs2)=N/C1=C\c1c[nH]c2ncccc12,CHEMBL444760,0.44683339330694466,1
O=C1NC(NCc2ccc(Br)cc2)=N/C1=C\c1c[nH]c2ncccc12,CHEMBL500160,0.44683339330694466,1
O=C1NC(NCc2ccc(Cl)cc2)=N/C1=C\c1c[nH]c2ncccc12,CHEMBL498446,0.44683339330694466,1
O=C1NC(NCc2ccccc2)=N/C1=C\c1c[nH]c2ncccc12,CHEMBL525012,0.44683339330694466,1
C[C@H](NC1=N/C(=C\c2c[nH]c3ncccc23)C(=O)N1)c1ccccc1,CHEMBL448860,0.44683339330694466,1
C/C(=C1/N=C(NCc2ccccc2)NC1=O)c1c[nH]c2ncccc12,CHEMBL496885,0.44683339330694466,1
Cc1cccc(CNC2=N/C(=C\c3c[nH]c4ncccc34)C(=O)N2)c1,CHEMBL505340,0.44683339330694466,1
O=C1NC(NCc2cccc(Br)c2)=N/C1=C\c1c[nH]c2ncccc12,CHEMBL500159,0.44683339330694466,1
NC1CCN(Cc2n[nH]c3cnc(-c4cn[nH]c4)cc23)CC1,CHEMBL3899149,0.44683181962752216,1
N[C@H]1CCCN(Cc2n[nH]c3cnc(-c4cn[nH]c4)cc23)C1,CHEMBL3923702,0.44683181962752216,1
C=CCN1C(=O)/C(=C2\C(=O)Nc3ccccc32)S/C1=N/c1ccc(O)cc1,CHEMBL3191688,0.44681995428264076,1
CNC1=NC(c2cccc(NC(=O)c3ccc[nH]3)c2)CN1,CHEMBL3621669,0.44681702255338307,1
CN1CCN(c2ccc(C(=O)Nc3cc(-c4ccc(CNC(=O)OCc5cccnc5)cc4)n[nH]3)cc2)CC1,CHEMBL2063328,0.44681100058513756,1
C[C@@H]1CN(C(=O)N2Cc3c(NC(=O)c4ccc(F)cn4)n[nH]c3C2(C)C)[C@@H](C)CN1CCO,CHEMBL3662866,0.4468091716895547,1
O=C(NCc1nc2ccccc2[nH]1)C1=C[C@H](C2CC2)C[C@H](OCc2ccc(CO)cc2)O1,CHEMBL1353624,0.4467961840021625,1
O=C(NCc1nc2ccccc2[nH]1)C1=C[C@@H](C2CC2)C[C@@H](OCc2ccc(CO)cc2)O1,CHEMBL1408695,0.4467961840021625,1
C[C@H]1CN(Cc2ccc(N(C)C(=O)c3ccc(Oc4cccc(C#N)c4)cn3)cc2)CCN1,CHEMBL2364299,0.4467941126712907,1
Cc1n[nH]cc1-c1cc2c(s1)C(=O)NC1(CCCCC1)N2,CHEMBL4216005,0.4467881112176414,1
COC(=O)Nc1noc2cc(-c3c(C(C)C)n[nH]c3C)ccc12,CHEMBL4097501,0.4467866323907452,1
CC(C)(C)c1cccc(-c2nc3cc(C(=N)N)ccc3[nH]2)c1O,CHEMBL288462,0.4467803781568157,1
C=C1C[C@@](C)(c2cc(NC(=O)c3cnc(C)cn3)ccc2F)N=C(N)S1,CHEMBL3670315,0.4467730163695131,1
Cc1cnc(C(=O)Nc2ccc(F)c([C@]3(C)C=CSC(N)=N3)c2)cn1,CHEMBL3960848,0.4467730163695131,1
CC1=CSC(N)=N[C@]1(C)c1cc(NC(=O)c2cnc(C)cn2)ccc1F,CHEMBL3670304,0.4467730163695131,1
O=C1CN(CC2CCN(c3ncnc4scc(-c5ccccc5)c34)CC2)CCN1,CHEMBL3731587,0.4467614114313542,1
C[C@@H]1C[C@@]2(Cc3ccc(-c4cncnc4)cc3[C@]23N=C(N)N(CC(C)(C)F)C3=O)C[C@H](C)[C@H]1O,CHEMBL4112809,0.4467601246105917,1
CN1C(=N)N[C@](C)(c2sc(-c3cncc(-c4ncco4)c3)cc2F)CS1(=O)=O,CHEMBL3905209,0.4467528348267385,1
CN1C(=N)N[C@](C)(c2sc(-c3cncc(-c4ncco4)c3)cc2Cl)CS1(=O)=O,CHEMBL3962846,0.4467528348267385,1
CCN(CC)CCOc1cccc(-c2cc(C(=O)N[C@H]3CCCNC3)c(NC(N)=O)s2)c1,CHEMBL518777,0.4467385138967666,1
CCN(CC)CCOc1ccc(-c2cc(C(=O)NC3CCCNC3)c(NC(N)=O)s2)cc1,CHEMBL518661,0.4467385138967666,1
CCN(CC)CCOc1ccc(-c2cc(C(=O)NC3CCNC3)c(NC(N)=O)s2)cc1,CHEMBL460889,0.4467385138967666,1
CCN(CC)CCOc1cccc(-c2cc(C(=O)NC3CCCNC3)c(NC(N)=O)s2)c1,CHEMBL471549,0.4467385138967666,1
CCN(CC)CCOc1ccc(-c2cc(C(=O)NC3CCNCC3)c(NC(N)=O)s2)cc1,CHEMBL461294,0.4467385138967666,1
Cc1cn(-c2cc(C)c3c(c2)CN2C(=N3)NC(=O)C2(C)C)c(C)n1,CHEMBL292629,0.4467329877165942,1
Cc1ccc([C@H]2S[C@H](CC(=O)NCc3cccc4ccccc34)C(=O)N2CC(=O)NCCCN2CCOCC2)c(C)c1,CHEMBL44472,0.44672987305158257,1
O=C(C[C@H]1S[C@H](c2ccc(F)cc2F)N(CC(=O)NCCCN2CCOCC2)C1=O)NCc1cccc2ccccc12,CHEMBL295560,0.4467298730515825,1
O=C(C[C@H]1S[C@H](c2ccc(Cl)cc2)N(CC(=O)NCCCN2CCOCC2)C1=O)NCc1cccc2ccccc12,CHEMBL42585,0.4467298730515825,1
O=C(C[C@H]1S[C@@H](c2ccc(Cl)cc2)N(CC(=O)NCCCN2CCOCC2)C1=O)NCc1cccc2ccccc12,CHEMBL42985,0.4467298730515825,1
O=C(C[C@H]1S[C@H](c2ccccc2Cl)N(CC(=O)NCCCN2CCOCC2)C1=O)NCc1cccc2ccccc12,CHEMBL40771,0.4467298730515825,1
O=C(CC1SC(c2ccc(Cl)cc2)N(CC(=O)NCCCN2CCOCC2)C1=O)NCc1cccc2ccccc12,CHEMBL40366,0.4467298730515825,1
O=C(C[C@H]1S[C@H](c2ccc(F)cc2)N(CC(=O)NCCCN2CCOCC2)C1=O)NCc1cccc2ccccc12,CHEMBL43969,0.4467298730515825,1
O=C(C[C@H]1S[C@H](c2cccc(Cl)c2)N(CC(=O)NCCCN2CCOCC2)C1=O)NCc1cccc2ccccc12,CHEMBL43988,0.4467298730515825,1
O=C(C[C@H]1S[C@H](c2ccsc2)N(CC(=O)NCCCN2CCOCC2)C1=O)NCc1cccc2ccccc12,CHEMBL42360,0.4467298730515825,1
O=C(C[C@H]1S[C@H](c2cccs2)N(CC(=O)NCCCN2CCOCC2)C1=O)NCc1cccc2ccccc12,CHEMBL417712,0.4467298730515825,1
N=C(C/C=C(\N)c1ccn2c(-c3cccc(NC(=O)NCC(F)(F)F)c3)cnc2c1)N1CCOCC1,CHEMBL3690380,0.4467271458478717,1
O=C(NCCN1CCCC1)c1cc(=O)c2ccc3ccccc3c2[nH]1,CHEMBL494594,0.4467267869071476,1
O=C(NCCN1CCCCC1)c1cc(=O)c2ccc3ccccc3c2[nH]1,CHEMBL494600,0.4467267869071476,1
O=C(O)c1ccc(-c2n[nH]c3c2Cc2cc(C(=O)N[C@H]4CC[C@H](O)CC4)ccc2-3)cc1,CHEMBL242523,0.44672101837946054,1
O=C1/C(=C/c2ccc(O)cc2)Oc2cc(OCCN3CCCC3)ccc21,CHEMBL3545930,0.44672070011436504,1
O=C1/C(=C/c2ccc(O)cc2)Oc2cc(OCCN3CCCCC3)ccc21,CHEMBL3359466,0.44672070011436504,1
Cc1ccc(C(=O)NC(=O)Nc2ccc3c(c2)NC(=O)/C3=C\c2ccc[nH]2)cc1,CHEMBL3329661,0.4467059684151638,1
O=C(NC(=O)c1ccccc1)Nc1ccc2c(c1)NC(=O)/C2=C\c1ccc[nH]1,CHEMBL3329655,0.4467059684151638,1
O=C(NC(=O)c1ccccc1F)Nc1ccc2c(c1)NC(=O)/C2=C\c1ccc[nH]1,CHEMBL3329658,0.4467059684151638,1
COC(=O)C(NC(=O)N1CCc2nc(-c3ccccc3)c3c(c2C1)COC(C)C3)C(C)C,CHEMBL3391703,0.4466996561268135,1
O=C(NCC1CNC1)c1cc(NC(=O)c2cc(-c3ncccc3F)ccc2Cl)n(-c2ccccc2)n1,CHEMBL3961333,0.4466731012849132,1
N#Cc1c(-c2ccc[nH]c2=O)c2cc(Cl)ccc2n1Cc1ccnc(N)c1,CHEMBL1934759,0.4466730219256434,1
CN(C)CCCC1(c2ccc(F)cc2)OCc2cc(C(=O)NNC(=O)c3ccc(O)cc3)ccc21,CHEMBL4205992,0.44667107098289643,1
CN(C)CCCC1(c2ccc(F)cc2)OCc2cc(C(=O)NNC(=O)c3cccc(O)c3)ccc21,CHEMBL4209262,0.44667107098289643,1
c1ccc2c(NCCN3CCOCC3)c3[nH]c4ccccc4c3nc2c1,CHEMBL225340,0.44666235074090055,1
CC1(C)Oc2ccc(-c3cnc4[nH]ccc4c3)cc2C2(COC(N)=N2)C12COC2,CHEMBL3650799,0.44665285345202443,1
c1ccc(-c2nnn[nH]2)c(-c2ccc(CN3CCOCC3)cc2)c1,CHEMBL2295850,0.4466480446927372,1
Nc1ncnc2c1sc1cc(-c3cccc(O)c3)ccc12,CHEMBL3347678,0.44664491036702575,1
Nc1ncnc2c1sc1cc(-c3ccc(O)cc3)ccc12,CHEMBL3347667,0.44664491036702575,1
Cc1cc(=O)[nH]c2cc(N3C(=O)CSC3N3CCOCC3)ccc12,CHEMBL2376631,0.4466334164588526,1
Nc1n[nH]c(CCCCO)c1-c1nc2ccccc2s1,CHEMBL3685642,0.4466178886068387,1
CN1C(=O)NCc2c(NC(=O)N[C@@H]3CC(C)(C)Oc4c(F)cccc43)cccc21,CHEMBL3682225,0.4466093686720963,1
CN1C(=O)NCc2c(NC(=O)N[C@@H]3CC(C)(C)Oc4ccc(F)cc43)cccc21,CHEMBL3682246,0.4466093686720963,1
CN1C(=O)NCc2c(NC(=O)N[C@@H]3CC(C)(C)Oc4ccccc43)cccc21,CHEMBL3677303,0.4466093686720963,1
CN1C(=O)NCc2c(NC(=O)N[C@@H]3CC(C)(C)Oc4cc(F)ccc43)cccc21,CHEMBL3677300,0.4466093686720963,1
O=C(NCC1CC1)c1cccc(-c2n[nH]c3ccc(-c4ncn[nH]4)cc23)c1,CHEMBL3940157,0.44660694466465806,1
Nc1nc(-c2ccc(P(=O)(O)O)o2)c(-c2cccs2)s1,CHEMBL1650211,0.4466067194560013,1
Nc1nc(-c2ccc(P(=O)(O)O)o2)c(-c2ccc(Cl)cc2)s1,CHEMBL1650205,0.4466067194560013,1
Nc1nc(-c2ccc(P(=O)(O)O)o2)c(-c2ccccc2)s1,CHEMBL504104,0.4466067194560013,1
Nc1nc(-c2ccc(P(=O)(O)O)o2)c(-c2ccccc2)o1,CHEMBL3218213,0.4466067194560013,1
Nc1nc(-c2ccc(P(=O)(O)O)o2)c(-c2ccc(F)cc2)s1,CHEMBL1650204,0.4466067194560013,1
Cc1oc(-c2nc(N)sc2-c2ccccc2)nc1P(=O)(O)O,CHEMBL1650214,0.4466067194560013,1
CSc1ccc(-c2sc(N)nc2-c2ccc(P(=O)(O)O)o2)cc1,CHEMBL1650179,0.44660671945600117,1
O=C(NCc1ccncc1)c1cc([C@@H]2CCNC[C@H]2COc2ccc3c(c2)OCO3)ccc1F,CHEMBL4072898,0.4466047074742724,1
O=C(NCc1cccnc1)c1cc([C@@H]2CCNC[C@H]2COc2ccc3c(c2)OCO3)ccc1F,CHEMBL4077197,0.4466047074742724,1
O=C1NC2(CCCc3ccccc32)C(=O)N1CCCN1CCN(c2ccccc2)CC1,CHEMBL1098286,0.4465931337439717,1
O=C1NC2(CCc3ccccc32)C(=O)N1CCCN1CCN(c2cccc(Cl)c2)CC1,CHEMBL1098609,0.4465931337439717,1
O=C1NC2(CCc3ccccc32)C(=O)N1CCCN1CCN(c2ccccc2)CC1,CHEMBL1096275,0.4465931337439717,1
O=C1NC2(CCCc3ccccc32)C(=O)N1CCCN1CCN(c2cccc(Cl)c2)CC1,CHEMBL1096620,0.4465931337439717,1
O=C1NC2(CCc3ccccc32)C(=O)N1CCCN1CCN(c2cccc(C(F)(F)F)c2)CC1,CHEMBL2236989,0.4465931337439717,1
CC(Cn1c2c(c3cc(O)ccc31)CCc1ccc(O)cc1-2)N(C)C,CHEMBL1970928,0.446581022847386,1
CN(C)CCCC1(c2ccc(F)cc2)OCc2cc(C(=O)NNC(=O)c3ccc(N)cc3)ccc21,CHEMBL4203958,0.4465764770844838,1
CC(C)Oc1ccc(N2CC(C(=O)Nc3ccccc3C(=O)NC3CC3)CC2=O)cc1,CHEMBL1717419,0.44657449761011453,1
Cc1ccc(C2c3c(-c4ccccc4O)n[nH]c3C(=O)N2CCCO)cc1,CHEMBL1716708,0.4465691324953637,1
Cc1cc(C)c(O)c(-c2n[nH]c3c2C(c2ccccc2)N(CCCO)C3=O)c1,CHEMBL4173911,0.4465691324953637,1
CCN(CC)C(=O)c1ccc(C2=CC3(CCNCC3)Oc3c(O)cccc32)cc1,CHEMBL523507,0.44655711661619407,1
O=C(Nc1ccc(C(=O)N2CCC(O)CC2)cc1)N1Cc2ccncc2C1,CHEMBL3898216,0.44655385885266163,1
N#Cc1cnc2c(c1)CCC[C@H]2Nc1ccc(F)c([C@@]2(C(F)F)N=C(N)O[C@@H]3C[C@@H]32)c1,CHEMBL3688827,0.4465530728156993,1
N#Cc1cnc2c(c1)CC[C@H]2Nc1ccc(F)c([C@@]2(C(F)F)N=C(N)O[C@@H]3C[C@@H]32)c1,CHEMBL3688828,0.4465530728156993,1
N#Cc1cnc2c(c1)CC[C@@H]2Nc1ccc(F)c([C@@]2(C(F)F)N=C(N)O[C@@H]3C[C@@H]32)c1,CHEMBL3688826,0.4465530728156993,1
N=C(N)NCc1ccc(COc2ccc3c(c2)CCN(CC(=O)O)C3=O)cc1,CHEMBL63740,0.4465408805031445,1
N=C(N)NCc1cccc(COc2ccc3c(c2)CCN(CC(=O)O)C3=O)c1,CHEMBL303319,0.4465408805031445,1
COc1ccc(-c2cncnc2)cc1CN[C@H]1CCCN[C@H]1c1ccccc1,CHEMBL358575,0.44653656963148114,1
C[C@H](CC(N)=O)N[C@@H](c1ccc(Cl)c(C(=O)c2ccc3c(c2)OCC(=O)N3)c1F)C1CC1,CHEMBL4110313,0.4465342627910035,1
C[C@@H](CC(N)=O)N[C@@H](c1ccc(Cl)c(C(=O)c2ccc3c(c2)OCC(=O)N3)c1F)C1CC1,CHEMBL3986147,0.4465342627910035,1
CC(=O)Nc1ccc(-c2ccc(-c3nc4c(C(N)=O)cccc4[nH]3)cc2)cc1,CHEMBL3593986,0.44653361344537806,1
CC(=O)Nc1cccc(-c2ccc(-c3nc4c(C(N)=O)cccc4[nH]3)cc2)c1,CHEMBL3593985,0.44653361344537806,1
CN1C(=O)Cc2ccc(-c3ccc4oc(CC(C#N)NC(=O)[C@H]5N[C@@H]6CC[C@H]5C6)cc4c3)cc21,CHEMBL3657567,0.4465295726111548,1
CSC1=NSC2=NC(=O)/C(=C\c3c[nH]c4ccccc34)C(=N)N12,CHEMBL1390702,0.44652573794963135,1
CSC1=NSC2=NC(=O)/C(=C\c3c(C)[nH]c4ccccc34)C(=N)N12,CHEMBL1416392,0.44652573794963135,1
CSC1=NSC2=NC(=O)/C(=C\c3c(C)[nH]c4ccc(C)cc34)C(=N)N12,CHEMBL1378585,0.44652573794963135,1
NCNC(=O)CN1CN(c2ccccc2)C2(CCN(C(=O)c3ccc(C4CCCCC4)cc3)CC2)C1=O,CHEMBL1631055,0.44651923964583906,1
NCC(=O)NCC1CC1(C(=O)C1NCCc2ccccc21)c1ccccc1,CHEMBL406156,0.4465030106530799,1
O=C1NCC2c3c(cccc31)CCN2CC(=O)N1CCC2CNCC21,CHEMBL2323536,0.4465006029858191,1
O=C(Nc1ncccc1-c1ccc2c3[nH]ncc3c(=O)n(CC(F)(F)F)c2c1)C1CC1,CHEMBL3938830,0.44648284845853226,1
Cc1cc(-c2n[nH]c3cc(NC(=O)NC(C)(C)C)ncc23)ccn1,CHEMBL3654687,0.44644626610215277,1
COc1ccc(-c2nccn2C)cc1CN[C@H]1CCCN[C@H]1c1ccccc1,CHEMBL146210,0.4464343206696714,1
CC1(C)C(c2ccccc2)=C(c2nc3c(C(N)=O)cccc3[nH]2)C(C)(C)N1O,CHEMBL472470,0.44642251610715483,1
Nc1cccc(CNC(=O)Nc2nc(-c3ccncc3)cs2)c1,CHEMBL3218009,0.4464164888356839,1
CNc1cccc(CNC(=O)Nc2nc(-c3ccncc3)cs2)c1,CHEMBL3923247,0.4464164888356839,1
Nc1ccc(CNC(=O)Nc2nc(-c3ccncc3)cs2)cc1,CHEMBL3954084,0.4464164888356839,1
Cc1nc2c(c(-c3ccc(Cl)cc3Cl)c1CN)CN(CC(=O)N1CCN(C)CC1)C2=O,CHEMBL1910122,0.44640854233029725,1
COc1ccccc1N1CCN(Cc2ccc(C(=O)N3Cc4ccccc4C[C@H]3C(N)=O)cc2)CC1,CHEMBL3235749,0.44637967410333496,1
CCOc1ccc(NC(=O)c2c(NC(=O)CN3CCCC3)sc3c2CCC3)cc1,CHEMBL1361948,0.44636712711315013,1
N[C@H]1CC[C@@H](NC(=O)c2ccc3nc(-c4ccc(F)cc4)cn3c2)CC1,CHEMBL3476576,0.44636584706835947,1
CN(C)CCCc1cn(C2=C(c3c[nH]c4ccccc34)C(=O)NC2=O)c2ccccc12,CHEMBL271695,0.44636015325670514,1
NC1(c2ccc(-c3nn4ccc(=O)nc4cc3-c3ccccc3)cc2)CCC1,CHEMBL2035023,0.4463577659453947,1
CC(C)[C@@H](CN1CCC(c2ccsc2)CC1)NC(=O)[C@H]1Cc2ccc(O)cc2CN1,CHEMBL3814135,0.44632837277384696,1
CC(C)[C@@H](CN1CCC(c2cccc(F)c2)CC1)NC(=O)[C@H]1Cc2ccc(O)cc2CN1,CHEMBL3613443,0.44632837277384696,1
CC(C)[C@@H](CN1CC[C@@](C)(c2cccc(F)c2)[C@@H](C)C1)NC(=O)[C@H]1Cc2ccc(O)cc2CN1,CHEMBL3613446,0.44632837277384696,1
CC(C)[C@@H](CN1CCC(c2ccccc2)CC1)NC(=O)[C@H]1Cc2ccc(O)cc2CN1,CHEMBL3613444,0.44632837277384696,1
CC(C)[C@@H](CN1CCC(C)(c2cccc(F)c2)CC1)NC(=O)[C@H]1Cc2ccc(O)cc2CN1,CHEMBL3613448,0.44632837277384696,1
CC(C)[C@@H](CN1CC[C@@](C)(c2ccccc2)[C@@H](C)C1)NC(=O)[C@H]1Cc2ccc(O)cc2CN1,CHEMBL3613445,0.44632837277384696,1
CCn1cc(-c2nc3ccccc3[nH]2)c(=O)c2cc(F)c(N3CCN(C)CC3)cc21,CHEMBL560599,0.44632327098059116,1
OC[C@@H](NCC1CCN(CCCc2c[nH]c3ccc(-n4cnnc4)cc23)CC1)c1ccccc1,CHEMBL146265,0.44629057187017024,1
OC[C@H](NCC1CCN(CCCc2c[nH]c3ccc(-n4cnnc4)cc23)CC1)c1ccccc1,CHEMBL147979,0.44629057187017024,1
CN(CCc1c[nH]cn1)C(=O)c1ccc2[nH]c3c4c(c5c(c3c2c1)CNC5=O)CCC4,CHEMBL203884,0.4462783740981875,1
CN[C@@H](C)C(=O)Nc1ccc2c(n1)CN(C1CCN(C(C)=O)CC1)C(=O)N2c1cccc(Cl)c1,CHEMBL3970943,0.4462743343029759,1
COc1ccc2c(c1F)C(=O)N(C[C@@]1(C#Cc3ccc(C4(C#N)CCN(C)CC4)cc3)NC(=O)NC1=O)C2,CHEMBL3640393,0.44626656274356963,1
COC(=O)Nc1noc2cc(-c3c(C4CC4)n[nH]c3C)ccc12,CHEMBL4064948,0.44626612530194776,1
COc1ccc2[nH]c(C(=O)Nc3ccc4nc(C)cc(N)c4c3)cc2c1,CHEMBL3099028,0.4462629344106854,1
Cc1ccc2c(c1)/C(=c1/s/c(=C\c3ccc(O)cc3)c(=O)n1CCN(C)C)C(=O)N2,CHEMBL3612166,0.4462464722483538,1
Cc1ccc2c(c1)/C(=c1/sc(=Cc3ccc(O)cc3)c(=O)n1CCN(C)C)C(=O)N2,CHEMBL1806771,0.4462464722483538,1
Cc1ccc2c(c1)/C(=c1\s/c(=C\c3ccc(O)cc3)c(=O)n1CCN(C)C)C(=O)N2,CHEMBL3612147,0.4462464722483538,1
CN(C)CCn1c(=O)c(=Cc2ccc(O)cc2)s/c1=C1\C(=O)Nc2cc(F)ccc21,CHEMBL1806926,0.4462464722483537,1
CN(C)CCn1c(=O)/c(=C/c2ccc(O)cc2)s/c1=C1/C(=O)Nc2cc(F)ccc21,CHEMBL3612155,0.4462464722483537,1
CN(C)CCn1c(=O)c(=Cc2ccc(O)cc2)s/c1=C1\C(=O)Nc2ccccc21,CHEMBL1806770,0.4462464722483537,1
CN(C)CCn1c(=O)/c(=C/c2ccc(O)cc2)s/c1=C1/C(=O)Nc2ccccc21,CHEMBL3612140,0.4462464722483537,1
CN(C)CCn1c(=O)c(=Cc2ccc(O)cc2)s/c1=C1\C(=O)Nc2ccc(Br)cc21,CHEMBL1806928,0.4462464722483537,1
CN(C)CCn1c(=O)/c(=C/c2ccc(O)cc2)s/c1=C1\C(=O)Nc2ccccc21,CHEMBL3612159,0.4462464722483537,1
CN(C)CCn1c(=O)c(=Cc2ccc(O)cc2)s/c1=C1\C(=O)Nc2ccc(Cl)cc21,CHEMBL1806927,0.4462464722483537,1
CN(C)CCn1c(=O)/c(=C/c2ccc(O)cc2)s/c1=C1\C(=O)Nc2ccc(F)cc21,CHEMBL3612173,0.4462464722483537,1
CN(C)CCn1c(=O)/c(=C/c2ccc(O)cc2)s/c1=C1/C(=O)Nc2ccc(F)cc21,CHEMBL3612154,0.4462464722483537,1
CN(C)CCn1c(=O)/c(=C/c2ccc(O)cc2)s/c1=C1\C(=O)Nc2cc(F)ccc21,CHEMBL3612174,0.4462464722483537,1
CN(C)CCn1c(=O)c(=Cc2ccc(O)cc2)s/c1=C1\C(=O)Nc2ccc(F)cc21,CHEMBL1806925,0.4462464722483537,1
CCCNCC(=O)Nc1ccc(/N=C2\SCC(=O)N2Cc2cccs2)cc1,CHEMBL3949362,0.44624550480382147,1
CCNCC(=O)Nc1ccc(/N=C2\SCC(=O)N2Cc2cccs2)cc1,CHEMBL3955886,0.44624550480382147,1
Cc1ccc(-c2c(CN)c(CC(C)C)nc3ccc(C(N)=O)cc23)cc1,CHEMBL3216749,0.44624021776114314,1
CC(C)Cc1nc2ccc(C(N)=O)cc2c(-c2ccccc2)c1CN,CHEMBL4092983,0.44624021776114314,1
Cc1ccc(NCCN)c2c(=O)c3cc(O)ccc3sc12,CHEMBL73901,0.4462365591397849,1
CNCCNc1ccc(C)c2sc3ccc(O)cc3c(=O)c12,CHEMBL74649,0.44623655913978477,1
Cc1ccc(C(=O)Nc2cccc3c2CN(C2CCC(=O)NC2=O)C3=O)cc1,CHEMBL4066886,0.44622480030429784,1
Cc1cc(C(=O)Nc2ccc(-c3ccccc3S(C)(=O)=O)cc2)n(-c2cccc(CN)c2)n1,CHEMBL156775,0.4462216362500865,1
NCCCCN(Cc1ccc2ccccc2n1)C[C@H]1Cc2ccccc2CN1,CHEMBL4161263,0.4462185528467946,1
COc1ccc2c(c1)CC(C(=O)Nc1ccc(-c3cn[nH]c3)cc1OCCN(C)C)CO2,CHEMBL482336,0.44621635347892324,1
COc1ccc2c(c1)C[C@@H](C(=O)Nc1ccc(-c3cn[nH]c3)cc1OCCN(C)C)CO2,CHEMBL3221808,0.44621635347892324,1
COc1ccc2c(c1)C[C@H](C(=O)Nc1ccc(-c3cn[nH]c3)cc1OCCN(C)C)CO2,CHEMBL3221807,0.44621635347892324,1
CC/C(CC(c1ccccc1)c1c(O)oc2ccccc2c1=O)=N\NC(N)=S,CHEMBL3196925,0.44621304880181895,1
C/C(CC(c1ccccc1)c1c(O)oc2ccccc2c1=O)=N\NC(N)=S,CHEMBL3191974,0.44621304880181895,1
O=C(N[C@@H](Cc1ccccc1)C(=O)N1CCC2(CC1)NCCc1[nH]cnc12)c1cccc(Br)c1,CHEMBL1728688,0.4461963715642762,1
Cc1ccc(C(=O)N[C@@H](Cc2ccccc2)C(=O)N2CCC3(CC2)NCCc2[nH]cnc23)cc1C,CHEMBL1700034,0.4461963715642762,1
O=C(N[C@@H](Cc1ccccc1)C(=O)N1CCC2(CC1)NCCc1[nH]cnc12)c1cccc(F)c1,CHEMBL1713057,0.4461963715642762,1
Cc1nc2cccc3c2nc1NC/C=C\C[C@@H]1CNC(=O)c2cc-3[nH]c21,CHEMBL3808445,0.4461956521739131,1
C/C1=C\C[C@H]2CNC(=O)c3cc([nH]c32)-c2cccc3nc(C)c(nc23)NC1,CHEMBL3808662,0.4461956521739131,1
Cc1nc2cccc(-c3cc4c([nH]3)CCNC4=O)c2nc1N[C@@H](C)C(F)(F)F,CHEMBL3949234,0.4461956521739131,1
Cc1nc2cccc3c2nc1NC/C=C/C[C@@H]1CNC(=O)c2cc-3[nH]c21,CHEMBL3809044,0.4461956521739131,1
Cc1nc2cccc3c2nc1NC[C@H](C)CC[C@H]1CNC(=O)c2cc-3[nH]c21,CHEMBL3809377,0.4461956521739131,1
Cc1nc2cccc(-c3cc4c([nH]3)CCNC4=O)c2nc1N[C@H](C)C(F)(F)F,CHEMBL3978345,0.4461956521739131,1
CCCNc1nc2c(-c3cc4c([nH]3)CCNC4=O)cccc2nc1C,CHEMBL3808459,0.4461956521739131,1
Cc1nc2cccc(-c3cc4c([nH]3)CCNC4=O)c2nc1NCC(F)(F)F,CHEMBL3916993,0.4461956521739131,1
Cc1nc2cccc3c2nc1NC/C=C/C[C@H]1CNC(=O)c2cc-3[nH]c21,CHEMBL3809463,0.4461956521739131,1
Cc1nc2cccc3c2nc1N[C@@H](C)CCC[C@H]1CNC(=O)c2cc-3[nH]c21,CHEMBL3809127,0.4461956521739131,1
Cc1nc2cccc3c2nc1NCCCC[C@H]1CNC(=O)c2cc-3[nH]c21,CHEMBL3808669,0.4461956521739131,1
Cc1nc2cccc(-c3cc4c([nH]3)[C@@H](C)NC4=O)c2nc1NCC(F)(F)F,CHEMBL3903517,0.4461956521739131,1
Cc1nc2cccc(-c3cc4c([nH]3)CNC4=O)c2nc1NCC(F)(F)F,CHEMBL3961776,0.4461956521739131,1
Cc1nc2cccc3c2nc1NC[C@@H](C)CC[C@H]1CNC(=O)c2cc-3[nH]c21,CHEMBL3809565,0.4461956521739131,1
C=C(C)CNc1nc2c(-c3cc4c([nH]3)CCNC4=O)cccc2nc1C,CHEMBL3949181,0.4461956521739131,1
CCCCNc1nc2c(-c3cc4c([nH]3)CCNC4=O)cccc2nc1C,CHEMBL3809623,0.4461956521739131,1
Cc1nc2cccc3c2nc1N[C@H](C)/C=C/C[C@H]1CNC(=O)c2cc-3[nH]c21,CHEMBL3808887,0.4461956521739131,1
CCNc1nc2c(-c3cc4c([nH]3)CCNC4=O)cccc2nc1C,CHEMBL3951627,0.4461956521739131,1
C/C1=C/C[C@H]2CNC(=O)c3cc([nH]c32)-c2cccc3nc(C)c(nc23)NC1,CHEMBL3809940,0.4461956521739131,1
Cc1nc2cccc(-c3cc4c([nH]3)[C@H](C)NC4=O)c2nc1NCC(F)F,CHEMBL3961097,0.4461956521739131,1
Cc1nc2cccc3c2nc1NC/C=C\C[C@H]1CNC(=O)c2cc-3[nH]c21,CHEMBL3810121,0.4461956521739131,1
Cc1nc2cccc(-c3cc4c([nH]3)[C@H](C)NC4=O)c2nc1NCC(F)(F)F,CHEMBL3965960,0.4461956521739131,1
Cc1nc2cccc(-c3cc4c([nH]3)CCNC4=O)c2nc1N,CHEMBL3910799,0.4461956521739131,1
Cc1nc2cccc3c2nc1NCCCC[C@@H]1CNC(=O)c2cc-3[nH]c21,CHEMBL3808942,0.4461956521739131,1
Cc1nc2cccc3c2nc1N[C@H](C)CCC[C@H]1CNC(=O)c2cc-3[nH]c21,CHEMBL3810095,0.4461956521739131,1
Cc1nc2cccc3c2nc1N[C@@H](C)/C=C/C[C@H]1CNC(=O)c2cc-3[nH]c21,CHEMBL3809986,0.4461956521739131,1
Cc1nc2cccc(-c3cc4c([nH]3)[C@@H](C)NC4=O)c2nc1NCC(F)F,CHEMBL3937161,0.4461956521739131,1
Cc1nc2cccc3c2nc1N[C@H](C)/C=C\C[C@H]1CNC(=O)c2cc-3[nH]c21,CHEMBL3809691,0.4461956521739131,1
CNc1nc2c(-c3cc4c([nH]3)CCNC4=O)cccc2nc1C,CHEMBL3972842,0.4461956521739131,1
NC(=O)[C@@H]1C=C2c3cccc4[nH]cc(c34)C[C@H]2N(C(=O)Nc2ccccc2)C1,CHEMBL1808994,0.4461865879082694,1
CCNC(=O)[C@@H]1C=C2c3cccc4[nH]cc(c34)C[C@H]2N(C(=O)Nc2ccccc2)C1,CHEMBL1808995,0.4461865879082694,1
Cc1onc(-c2ccccc2)c1-c1ccnc(N[C@@H]2CCNC2)n1,CHEMBL4294099,0.4461851793827352,1
Cn1c(NC(=O)c2ccc3cc4n(c3c2)CC(C)(C)CNC4=O)nc2ccccc21,CHEMBL3912727,0.4461756373937676,1
CCN(CC)C(=O)c1ccc(C(c2ccc3cccnc3c2)N2CCNCC2)cc1,CHEMBL126819,0.44617242941265256,1
CCN(CC)C(=O)c1ccc(C(c2ccc3ncccc3c2)N2CCNCC2)cc1,CHEMBL338535,0.44617242941265256,1
O=C(c1ccncc1)N1CCc2nc(-c3cc4cc(F)ccc4[nH]c3=O)[nH]c2C1,CHEMBL2016903,0.44616784547297,1
O=C(c1ccncc1)N1CCc2nc(-c3cc4c(F)cccc4[nH]c3=O)[nH]c2C1,CHEMBL2016902,0.44616784547297,1
O=C(c1cccnc1)N1CCc2nc(-c3cc4c(F)cccc4[nH]c3=O)[nH]c2C1,CHEMBL2016899,0.44616784547297,1
O=C(c1ccncc1)N1CCc2nc(-c3cc4ccccc4[nH]c3=O)[nH]c2C1,CHEMBL2016901,0.44616784547297,1
O=C(c1cccnc1)N1CCc2nc(-c3cc4cc(F)ccc4[nH]c3=O)[nH]c2C1,CHEMBL2016900,0.44616784547297,1
O=C(c1cccnc1)N1CCc2nc(-c3cc4ccccc4[nH]c3=O)[nH]c2C1,CHEMBL2016898,0.44616784547297,1
NNC(=O)c1ccccc1Sc1ccc2c(/C=C/c3ccccn3)n[nH]c2c1,CHEMBL3939326,0.44616550613424266,1
CC(C)(C)NCc1c(-c2ccccc2)nc2cc(C(=O)NO)ccn12,CHEMBL3689828,0.44616376531270135,1
NC(=O)c1cccc(-c2cc3c(cc2F)c(=O)c2c(=O)[nH]sc2n3C2CC2)c1,CHEMBL202675,0.44614712944771856,1
COc1ccc2[nH]c(C(=O)NC/C=C/c3c[nH]c(N)n3)cc2c1,CHEMBL4215589,0.44613774906741854,1
NC(=O)c1cccc2[nH]c(-c3ccc(-c4nsc(=O)[nH]4)cc3)nc12,CHEMBL583526,0.44612852936081754,1
NC(=O)c1cccc2[nH]c(-c3ccc(-c4noc(=O)[nH]4)cc3)nc12,CHEMBL578559,0.44612852936081754,1
O=C1Nc2ccc(F)c3c(SCCO)cc(-c4ccc[nH]4)c1c23,CHEMBL83369,0.4461143498957049,1
CCN1CCN(CCCNC(=O)C2c3ccccc3C(=O)N(C)C2c2ccc(OC)cc2)CC1,CHEMBL1725050,0.44610415825595456,1
Cn1cc(-c2ccc3c(c2)CCN/C3=N/O)c(-c2ccncc2)n1,CHEMBL498524,0.4460954083342643,1
Cn1cc(-c2ccc3c(c2)CN/C3=N/O)c(-c2ccncc2)n1,CHEMBL524643,0.4460954083342643,1
CNC(=O)[C@H](Cc1ccc2ccccc2c1)N1CCC(=O)N(Cc2ccc(O)c(OC)c2)[C@@H](CC(C)C)C1=O,CHEMBL361764,0.4460908324298274,1
Nc1nc2ccc(-c3cnc(Cl)c(NS(=O)(=O)c4ccc(F)cc4)c3)cc2[nH]1,CHEMBL1822208,0.4460830131200886,1
CCc1c2s[nH]c(=O)c2c(=O)n2ccc(N3CCNCC3)cc12,CHEMBL201439,0.44607802534581276,1
CS(=O)(=O)Nc1ccc(C2(O)CSC(=S)N2Cc2cccnc2)cc1,CHEMBL4175126,0.4460687274757626,1
CNCCN1CCC(c2cc(C)c3[nH]c(-c4ccccc4)nc3c2)CC1,CHEMBL567298,0.4460634547591068,1
Cc1nc2c(F)cc(NC(=O)c3ccc(N4CCNCC4)cc3F)cc2o1,CHEMBL4092204,0.44605980505534404,1
N=C(N)c1cccc(/C=C(\C(=O)Nc2ccc(-c3ccccc3S(N)(=O)=O)cc2)c2ccncc2)c1,CHEMBL288481,0.4460464549167833,1
CNCCCN1CCCc2cc(NC(=N)c3cccs3)ccc21,CHEMBL2219915,0.44603665033027895,1
CNCCCn1ccc2ccc(NC(=N)c3cccs3)cc21,CHEMBL3216736,0.44603665033027895,1
Nc1cc(F)ccc1NC(=O)c1ccc2c(cnn2CCN2CCOCC2)c1,CHEMBL3664028,0.4460265749112337,1
O=C(Nc1ccccc1-c1nc2ncccc2[nH]1)c1ccc(N2CCOCC2)cc1,CHEMBL521455,0.4460254143192002,1
CNOC(=O)c1ccc2c(c1)/C(=C/c1[nH]c3c(c1CCCN(C)C)CCCC3)C(=O)N2,CHEMBL294619,0.4460195554352607,1
O=C(NC1CCN(Cc2ccc3ccc(=O)[nH]c3c2)CC1)c1cc(=O)c2ccc(F)cc2o1,CHEMBL216482,0.44601805416248713,1
O=C(NC1CCN(Cc2ccc3oc(=O)[nH]c3c2)CC1)c1cc(=O)c2ccc(F)cc2o1,CHEMBL217435,0.44601805416248713,1
O=C1CNCCN1c1cccc(-c2n[nH]c3cnc(-c4cccnc4)cc23)n1,CHEMBL3913561,0.4460173819550223,1
Cc1cc2nc(-c3cc(-c4cccc(NS(C)(=O)=O)c4)cnc3N)[nH]c2cc1C,CHEMBL587873,0.446008290986895,1
CC(C)Nc1ncc2c(n1)CN(C(=O)N[C@H](CNCCO)c1ccc(F)c(Cl)c1)CC2,CHEMBL3297857,0.44600816610198946,1
N=C(N)c1cc2c(OC(CO)c3ccccc3)cccc2s1,CHEMBL597571,0.44599786552828163,1
S=C1N=C(Nc2ccc(-c3nc4ccccc4[nH]3)cc2)CNN1,CHEMBL3925760,0.4459976387249113,1
Nc1ncc(-c2ccc(N3CCNCC3)cc2)cc1-c1ccc2c(c1)OCCO2,CHEMBL3341949,0.44599025002138176,1
CC(C)NC(=O)c1cccc(NC(=O)Nc2ccc(-c3cn[nH]c3)cc2)c1,CHEMBL3410022,0.4459896190382917,1
CN1CCN(c2ccc(-c3cc(-c4cccc(C(=O)NCCC#N)c4)n[nH]3)cc2)CC1,CHEMBL1683425,0.4459886291850912,1
CC(C)NS(=O)(=O)c1ccc2c(c1)/C(=C/c1[nH]cc3c1CCOC3=O)C(=O)N2,CHEMBL299032,0.44598687531549713,1
O=C1NC(=S)/C(=C/c2ccc3cc(-c4ccc5c(c4)CCNC5=O)ccc3n2)N1,CHEMBL3103641,0.4459836327892835,1
CC1CNC(=O)c2[nH]c3ccc(C(=O)Nc4nc(C(=O)NCCN)cs4)cc3c21,CHEMBL396160,0.4459759640029618,1
Cc1nn(-c2ccccc2)c2nc(-c3ccc(N4CCNCC4)cc3)cc(O)c12,CHEMBL3666142,0.44597547120342584,1
CNC(=O)c1cc([C@@H]2CCNC[C@H]2COc2ccc3c(c2)OCO3)ccc1F,CHEMBL4077133,0.44597293099622776,1
O=C1NCCc2[nH]c(-c3cccc4ccc(Oc5cccnc5)nc34)cc21,CHEMBL3975293,0.4459713462261393,1
O=C1NC(c2ccccc2)(c2ccccc2)CN1C1CCN(Cc2c[nH]cn2)CC1,CHEMBL223022,0.4459707895005616,1
Fc1ccc2nc(NCCN3CCNCC3)c3c4ccccc4[nH]c3c2c1,CHEMBL596605,0.44596189015397325,1
c1ccc2c(c1)nc(NCCN1CCNCC1)c1c3ccccc3[nH]c21,CHEMBL596604,0.44596189015397325,1
COc1cc(-c2ccc3c(c2)C2(N=C(N)N(C)C2=O)C2(CCC(OC)CC2)C3)ccn1,CHEMBL3977859,0.4459528187473103,1
NC(=O)c1ccc(F)c2c1CC(N(CCc1c[nH]c3ccc(F)cc13)CC1CC1)CO2,CHEMBL379298,0.44593350383631697,1
NC(=O)c1ccccc1N1CCN(CCCCC23CCCc4cccc(c42)NC3=O)CC1,CHEMBL70869,0.44592909317655405,1
COc1ccc2cc(-c3cc(C(N)=O)c4ncnc(N[C@H]5CCCNC5)c4c3)ccc2c1,CHEMBL3685314,0.4459245482192677,1
COc1ccc(S(=O)(=O)Nc2ccc3[nH]cc(C[C@H]4CCCN4C)c3c2)cc1,CHEMBL606558,0.44592337917485236,1
COc1ccc(S(=O)(=O)Nc2ccc3[nH]cc(C[C@@H]4CCCN4C)c3c2)cc1,CHEMBL606766,0.44592337917485236,1
C[C@H]1C2Cc3cc4nc(O)[nH]c4cc3[C@@]1(C)CCN2CC1CC1,CHEMBL515257,0.44592292952948687,1
Cc1c(C#CC(C)(C)O)sc2c(N[C@@H]3CCNC3)nc(-c3ccncc3)nc12,CHEMBL3729030,0.4459095728773009,1
C[C@@H]1CN(CC(=O)N2CCc3cnc(-c4cc(Cl)ccc4F)cc32)CCN1,CHEMBL3696506,0.4459050599895669,1
NC[C@H]1CC[C@H](c2nc(-c3cc4ccccc4[nH]3)c3c(N)nccn32)CC1,CHEMBL1762109,0.4458832793770231,1
O=C(/C=C/c1ccc(CNC(=O)c2ccc(N3CCN(Cc4ccccn4)CC3)cc2)cc1)NO,CHEMBL153827,0.4458782579166312,1
C[C@@H](Oc1cc(-c2cnc3ccccn23)sc1C(N)=O)c1ccc(CN2CCNC(=O)C2)cc1Cl,CHEMBL550475,0.4458731954874329,1
CCCCNS(=O)(=O)c1ccc2nc(-c3cccnc3)cc(C(=O)NC(C)C)c2c1,CHEMBL1344128,0.44586199708150914,1
CNC(=O)c1cc(Oc2ccc(C3=NN(C(N)=S)C(c4ccc(F)cc4)C3)cc2)ccn1,CHEMBL4208980,0.44585638112323694,1
CC(C)(C)C1CCC(NC2=N/C(=C\c3c[nH]c4ncccc34)C(=O)N2)CC1,CHEMBL502837,0.44580832878705196,1
CC(=N)N1CCC(Oc2ccc3c(c2)OCC(=O)N3Cc2cc(-c3cccc(C(=N)N)c3)no2)CC1,CHEMBL155447,0.445805600183613,1
NC(=O)c1cccc(NC(=O)C2CN(c3ccccc3)CC(=O)N2c2ccc3ccsc3c2)c1,CHEMBL4068079,0.445794468990345,1
COc1cccc2c1C(=O)CC1(CCN(C(=O)c3cc(C)c4[nH]c(C(N)=O)cc4c3)CC1)O2,CHEMBL1090862,0.44578712133752657,1
CNC(=O)c1cc2cc(C(=O)N3CCC4(CC3)CC(=O)c3c(OC)cccc3O4)ccc2[nH]1,CHEMBL1089529,0.44578712133752657,1
CN(CC(=O)N1CCOCC1)CC(O)c1c(-c2ccccc2)[nH]c2ccccc12,CHEMBL3633660,0.4457855562261114,1
O=C(Nc1ccc(-c2nc3c([nH]2)CCNC3)cc1)N1CCCC1,CHEMBL3480761,0.44578248769000195,1
O=C1Nc2ccc(C(=O)N[C@H](CO)c3ccccc3)cc2/C1=C/c1ncc[nH]1,CHEMBL4096476,0.4457809367596135,1
CN1CCC(CC(=O)NCCc2c[nH]c3ccc4c(c23)CCNC4=O)CC1,CHEMBL550724,0.4457781456953643,1
Cc1cccc(-c2c(CN)c(CC(C)C)nc3ccc(OCC(N)=O)cc23)c1,CHEMBL1809264,0.4457752173034162,1
CC(C)Cc1nc2ccc(OCC(N)=O)cc2c(-c2ccc(F)cc2)c1CN,CHEMBL1808463,0.4457752173034162,1
CC(C)(C)Cc1nc2ccc(OCC(N)=O)cc2c(-c2ccccc2)c1CN,CHEMBL4085958,0.4457752173034162,1
CC(C)Cc1nc2ccc(OCC(N)=O)cc2c(-c2cccc(F)c2)c1CN,CHEMBL1809263,0.4457752173034162,1
Cc1ccc(-c2c(CN)c(CC(C)C)nc3ccc(OCC(N)=O)cc23)cc1,CHEMBL1808464,0.4457752173034162,1
CC(C)Cc1nc2ccc(OCC(N)=O)cc2c(-c2ccccc2)c1CN,CHEMBL1809262,0.4457752173034162,1
CNC(=O)COc1ccc2nc(CC(C)C)c(CN)c(-c3ccc(C)cc3)c2c1,CHEMBL1852295,0.4457752173034162,1
NC[C@H]1CC[C@H](C(=O)N[C@@H](Cc2ccccc2)c2nc(-c3ccc(C(=O)O)cc3)c[nH]2)CC1,CHEMBL3547697,0.4457743631217144,1
O=C1NCC(C2CCN(c3ccccc3)CC2)N1c1ccc2nc[nH]c2c1,CHEMBL3961326,0.4457739168442329,1
Nc1cccc(CN2C(=O)NC(CCc3ccccc3)C(O)C2Cc2ccccc2)c1,CHEMBL2296689,0.44576654974914515,1
Nc1cccc(CN2C(=O)N[C@H](CCc3ccccc3)[C@@H](O)[C@H]2Cc2ccccc2)c1,CHEMBL286794,0.44576654974914515,1
O=c1cc(OCc2ccc(F)cn2)ccn1-c1ccc2c3c([nH]c2c1)CCNCC3,CHEMBL3665320,0.44576299515293333,1
N#Cc1cccc(COc2ccc3c(c2)CN2C(=O)CN(C4CCNCC4(F)F)C(=O)[C@H]2C3)c1,CHEMBL3604830,0.44574780058651003,1
N#Cc1cccc(COc2ccc3c(c2)CN2C(=O)CN(C4CCNCC4)C(=O)[C@H]2C3)c1,CHEMBL3604827,0.44574780058651003,1
O=c1[nH]c(CNCCc2cccc(O)c2)nc2c1sc1ccc(Cl)cc12,CHEMBL583947,0.4457447723948024,1
N#Cc1cccc(CN2C(=O)C3(CCNCC3)Nc3ccccc32)c1,CHEMBL3476010,0.4457387540862836,1
O=C(c1ccc(C2=CC3(CCNCC3)Oc3ccccc32)cc1)N1CCCC1,CHEMBL564922,0.44573643410852687,1
Cn1cc(-c2ccc3c(CCCN)cc4cc[nH]c(=O)c4c3c2)cn1,CHEMBL428580,0.4457319920200348,1
OC[C@@H]1CCN(CCc2c[nH]c3ccc(-n4cnnc4)cc23)C1,CHEMBL159627,0.44571953178792734,1
COc1ccc(C(=O)NC(=O)Nc2ccc3c(c2)NC(=O)/C3=C\c2[nH]c(C)c(CCC(=O)N3CCN(C)CC3)c2C)c(F)c1,CHEMBL3329679,0.44571380214944584,1
CCOc1ccccc1C(=O)NCC1(N2CCN(C(C)C)CC2)Cc2ccccc2C1,CHEMBL1823674,0.44571085782843406,1
O=C(NC1CC1)n1ccc2c3c(=O)cc(-c4ccccc4)[nH]c3ccc21,CHEMBL4103743,0.44570158601878956,1
O=C1N=C(NCc2ccccc2)N/C1=C1/CCNC(=O)c2[nH]c(-c3ccccc3)cc21,CHEMBL1947253,0.4456954318174087,1
CN(C)CCNC(=O)c1cc2c([nH]c3ccccc32)c(C(=O)c2c[nH]c3ccccc23)n1,CHEMBL1910726,0.445684068957085,1
CC(C)SC1=NSC2=NC(=O)/C(=C\c3c[nH]c4ccccc34)C(=N)N21,CHEMBL1414498,0.4456703014753046,1
O=C(CN1CCOCC1)NCCc1c[nH]c2ccc3c(c12)CCNC3=O,CHEMBL558645,0.4456679733955865,1
O=c1[nH]c2cccc(N3C[C@H]4C[C@@H]3CN4CC3CCc4[nH]c5ccc(F)cc5c4C3)c2o1,CHEMBL566356,0.44566762658112474,1
Nc1nc2cc(NS(=O)(=O)c3ccc4ccccc4c3)ccc2[nH]1,CHEMBL1198185,0.4456611978651906,1
CN1CCN(Cc2ccc(C(=O)Nc3ccc(OCCN4CCOCC4)c4ccccc34)cc2)CC1,CHEMBL1213923,0.44565723793677203,1
COc1ccc2c(c1)/C(=C/c1[nH]nc3c1Cc1ccccc1-3)C(=O)N2,CHEMBL4276671,0.44565671572496385,1
C[C@H](NC(=O)C1C=C2c3cccc4[nH]cc(c34)CC2N(C)C1)C(=O)NCCc1ccccc1,CHEMBL18727,0.44565116494941026,1
C[C@H]1[C@@H]2CN(C(=O)c3cc4cc(OCCN(C)C)ccc4[nH]3)C3=CC(=O)c4ccccc4[C@@]312,CHEMBL495559,0.4456366237482117,1
Nc1ccc(-c2cccs2)cc1NC(=O)c1ccc(N2CCC3(CC2)COC(=O)N3)nc1,CHEMBL486770,0.44562867779512455,1
C[C@@H](O)[C@H]1C(=O)N2C(C(=O)O)=C(c3ccc(CN4CCSCC4)cc3)C[C@H]12,CHEMBL431777,0.4456238815682446,1
COc1ccc2[nH]c3c(C)c4ccnc(NCCCN)c4cc3c2c1,CHEMBL277700,0.445611682312621,1
O=c1oc2cc(NCCO)ccc2cc1-c1nc2ccccc2[nH]1,CHEMBL2397419,0.44561148086522473,1
O=C(NCCN1CCC2(CC1)C(=O)NCN2c1ccccc1)c1ccc2ccccc2n1,CHEMBL471054,0.4456046441495777,1
CC(=O)c1cccc(NC(=O)Nc2ccc3nc(C)cc(NC(=O)CN4CCN(C)CC4)c3c2)c1,CHEMBL511755,0.4456039148329393,1
Cc1cc(NC(=O)CN2CCN(C)CC2)c2cc(NC(=O)Nc3cccc(C#N)c3)ccc2n1,CHEMBL469107,0.4456039148329393,1
CC(=O)c1ccc(NC(=O)Nc2ccc3nc(C)cc(NC(=O)CN4CCN(C)CC4)c3c2)cc1,CHEMBL465992,0.4456039148329393,1
NC(=O)c1cccc(CC(c2ccccc2)N2CCNCC2)c1,CHEMBL379536,0.44559965751330183,1
NCCNCCCNC(=O)c1cc(-c2ccccc2)nc2ccccc12,CHEMBL2010502,0.44557889594528566,1
NCCc1c[nH]c2ccc(-c3nc(C4CC4)no3)cc12,CHEMBL38482,0.44557625145518026,1
Nc1n[nH]c2nccc(-c3ccc(NC(=O)NC4CCCCC4)cc3)c12,CHEMBL403070,0.4455753975441011,1
CN(C)CCCC1(c2ccc(F)cc2)OCc2cc(C(=O)NNC(=O)c3ccccc3O)ccc21,CHEMBL4214178,0.445558947521442,1
CC(=O)N1CCN(c2ccccc2NC(=O)c2csc(-c3ccc4c(c3)CCO4)n2)CC1,CHEMBL2037087,0.44555143651529167,1
O=C1c2c(O)cccc2Cc2cc(Cc3ccc(O)cc3)cc(O)c21,CHEMBL46826,0.4455470630463241,1
C[C@@H]1CN(CCCOc2ccc3c(c2)-c2[nH]nc(-c4ccc(C#N)nc4)c2C3)C[C@H](C)O1,CHEMBL401177,0.4455166270783847,1
N#Cc1ccc(-c2n[nH]c3c2Cc2ccc(OCCCN4CCCOCC4)cc2-3)cn1,CHEMBL248719,0.4455166270783847,1
N#Cc1ccc(-c2n[nH]c3c2Cc2cc(OCCCN4CCOCC4)ccc2-3)cn1,CHEMBL249324,0.4455166270783847,1
N#Cc1ccc(-c2n[nH]c3c2Cc2ccc(OCCCN4CCOCC4)cc2-3)cn1,CHEMBL248911,0.4455166270783847,1
O=C(NC1Cc2ccccc2N(CCCO)C1=O)c1cc2cc(Cl)sc2[nH]1,CHEMBL234950,0.44551411290322573,1
COc1ccccc1N1CCN(CCCCNC(=O)[C@@H]2Cc3ccccc3CN2)CC1,CHEMBL124744,0.44551030761425964,1
COc1ccccc1N1CCN(CCCCNC(=O)[C@H]2Cc3ccccc3CN2)CC1,CHEMBL340126,0.44551030761425964,1
CC(C)n1c(NC(C)(C)C)nc2c(-c3cc4c([nH]3)[C@@H](C)NC4=O)cccc2c1=O,CHEMBL3940091,0.4455047445451132,1
NC1CCc2ccc(CNS(=O)(=O)C3CCC3)cc2C1Cc1ccc(F)cc1,CHEMBL3673296,0.4455022791529627,1
NC1CCc2ccc(CNS(=O)(=O)C3CCC3)cc2C1Cc1ccc(F)c(F)c1,CHEMBL3673308,0.4455022791529627,1
NC1CCc2ccc(CNS(=O)(=O)C3CCC3)cc2C1Cc1ccccc1,CHEMBL3668252,0.4455022791529627,1
CNC1CCc2ccc(CNS(=O)(=O)C3CCC3)cc2C1Cc1ccccc1,CHEMBL3673310,0.4455022791529627,1
NC1CCc2ccc(CNS(=O)(=O)C3CCC3)cc2C1Cc1cccc(F)c1,CHEMBL3673306,0.4455022791529627,1
N#Cc1cccc(CN(c2ccc3[nH]ccc3c2)C2CCNCC2)c1,CHEMBL570317,0.4454993390217518,1
N#Cc1ccc(CN(c2ccc3[nH]ccc3c2)C2CCNCC2)cc1,CHEMBL564285,0.4454993390217518,1
O=C(Nc1ccc(NC(=O)N2Cc3ccncc3C2)cc1)C1CCOC1,CHEMBL3911751,0.4454943535376811,1
Cc1nc(N2CC[C@H](O)C2)ccc1-c1cc(C(F)(F)F)cc2[nH]ncc12,CHEMBL3799242,0.44549147034930925,1
Cc1nc(N2CC[C@@H](O)C2)ccc1-c1cc(C(F)(F)F)cc2[nH]ncc12,CHEMBL3798702,0.44549147034930925,1
CC(C)c1ccc(Cl)cc1-c1[nH]c(-c2ccnc(N)n2)cc1C(N)=O,CHEMBL3330131,0.4454827300117897,1
CC(C)(O)Cn1cc(-c2cc(CO)c3c(c2)C(O)(C(F)(F)F)c2ccccc2-3)cn1,CHEMBL3681840,0.44546131414034884,1
CSC(=O)c1cc2c(O)cccc2n1Cc1cccc(C(=N)N)c1,CHEMBL91759,0.44544303797468343,1
CC1(C)c2n[nH]c(NC(=O)c3ccccn3)c2CN1C(=O)C1(F)CCN(C2CCC2)CC1,CHEMBL3662870,0.44543129665468584,1
CC(C)(C)c1[nH]cnc1/C=c1\[nH]c(=O)/c(=C/c2cccc(C(=O)c3cncs3)c2)[nH]c1=O,CHEMBL4227131,0.44541484716157176,1
CC(C)(C)c1[nH]cnc1/C=c1\[nH]c(=O)/c(=C/c2cccc(C(=O)c3ccoc3)c2)[nH]c1=O,CHEMBL4226579,0.44541484716157176,1
CC(C)(C)c1[nH]cnc1/C=c1\[nH]c(=O)/c(=C/c2cccc(C(=O)c3cccnc3)c2)[nH]c1=O,CHEMBL4226762,0.44541484716157176,1
CC(C)(C)c1[nH]cnc1/C=c1\[nH]c(=O)/c(=C/c2cccc(C(=O)c3ccncc3)c2)[nH]c1=O,CHEMBL4225066,0.44541484716157176,1
NC(=O)c1cc(-c2ccc(F)cc2)c2ccc(CN3CC(O)CC3C(N)=O)cc2n1,CHEMBL3897537,0.4454092899651906,1
CN(C)NC(=O)Nc1cccc2c1C(=O)c1c(-c3cccs3)n[nH]c1-2,CHEMBL117593,0.4454075546719681,1
CN(C)NC(=O)Nc1cccc2c1C(=O)c1c(-c3ccsc3)n[nH]c1-2,CHEMBL116510,0.4454075546719681,1
CN(C)NC(=O)Nc1cccc2c1C(=O)c1c(-c3csc(Cl)c3)n[nH]c1-2,CHEMBL116646,0.4454075546719681,1
Cc1ccc(-c2n[nH]c3c2C(=O)c2c(NC(=O)NN(C)C)cccc2-3)s1,CHEMBL117712,0.44540755467196796,1
Cc1cc(-c2n[nH]c3c2C(=O)c2c(NC(=O)NN(C)C)cccc2-3)c(C)s1,CHEMBL116647,0.44540755467196796,1
O=C(Cc1ccc2[nH]c(=O)c(Nc3ccccc3)cc2c1)NCCN1CCCCC1,CHEMBL3310923,0.44540632293655824,1
CN1CCC(c2n[nH]c3ccc(NC(=O)c4ccc(F)cc4)cc23)CC1,CHEMBL184597,0.4453992751081489,1
CN1c2ccc(OC(=O)Nc3ccccc3)cc2[C@]2(C)CCNC12,CHEMBL80247,0.44539249146757665,1
CN1c2ccc(OC(=O)Nc3ccccc3)cc2[C@@]2(C)CCNC12,CHEMBL1243171,0.44539249146757665,1
Cc1ccccc1NC(=O)Oc1ccc2c(c1)[C@]1(C)CCNC1N2C,CHEMBL53623,0.44539249146757665,1
CNC(=O)c1c[nH]c(-c2n[nH]cc2CN2CCN(c3ccc(C(F)(F)F)cn3)[C@H](C)C2)c1,CHEMBL3715076,0.4453916036338893,1
NC(=O)c1c[nH]c(-c2n[nH]cc2CN2CCN(c3ccc(C(F)(F)F)cn3)[C@H](C(F)(F)F)C2)c1,CHEMBL3718171,0.4453916036338893,1
C[C@@H]1CN(Cc2c[nH]nc2-c2cc(C(N)=O)c[nH]2)CCN1c1ccc(C(F)(F)F)cn1,CHEMBL3716756,0.44539160363388924,1
Cc1nccc(-c2ccc(C(=O)N3CCN(C4CC4)CC3)c(F)c2)c1C#Cc1ccc(N)nc1,CHEMBL3701054,0.44538947759806624,1
Cc1nccc(-c2ccc(C(=O)N3CCN(C4CC4)CC3)cc2)c1C#Cc1ccc(N)nc1,CHEMBL3701065,0.44538947759806624,1
CCc1nccc(-c2ccc(C(=O)N3CCN(C4CC4)CC3)c(F)c2)c1C#Cc1ccc(N)nc1,CHEMBL3701086,0.44538947759806624,1
CN(CCNCc1ccc(-c2cccc(-c3nc4ccccc4[nH]3)c2)cc1)S(C)(=O)=O,CHEMBL530008,0.4453816954871362,1
CS(=O)(=O)Nc1ccc(-c2coc3cc(C#CC4(N)CCCCC4)ccc3c2=O)cc1,CHEMBL3660718,0.4453728051573498,1
O=C(NCCCCN1CCN(c2nsc3ccccc23)CC1)c1[nH]nc2ccccc12,CHEMBL343838,0.4453670805221765,1
O=C(NCCC(O)CN1CCN(c2cccc(Cl)c2Cl)CC1)c1cc2ccccc2[nH]1,CHEMBL1627305,0.44535942646773835,1
O=C(NCC[C@H](O)CN1CCN(c2cccc(Cl)c2Cl)CC1)c1cc2ccccc2[nH]1,CHEMBL1627307,0.44535942646773835,1
O=C(NCCC(O)CN1CCN(c2cccc(Cl)c2Cl)CC1)c1cc2cc(F)ccc2[nH]1,CHEMBL1627310,0.44535942646773835,1
O=C(NCC[C@@H](O)CN1CCN(c2cccc(Cl)c2Cl)CC1)c1cc2ccccc2[nH]1,CHEMBL1627306,0.44535942646773835,1
N=C(N)c1cc2c(OC(CN)c3ccccc3)cccc2s1,CHEMBL610516,0.44534979027047855,1
CCC12CCC(=O)C(c3ccc(O)cc3)=C1c1ccc3[nH]nnc3c1C2,CHEMBL215428,0.44534944823962147,1
COc1ccccc1C(CNC(=O)CN1C(=O)NC(C)(c2ccc3ccccc3c2)C1=O)N1CCCC1,CHEMBL1899538,0.4453318335208097,1
Oc1nc2c3c(ccc2[nH]1)CC[C@@H](CNCc1ccccc1)O3,CHEMBL93753,0.44533157629549225,1
Oc1nc2c3c(ccc2[nH]1)CC[C@H](CNCc1ccccc1)O3,CHEMBL420986,0.44533157629549225,1
Oc1nc2c3c(ccc2[nH]1)CCC(CNCc1ccccc1)O3,CHEMBL93779,0.44533157629549225,1
Cc1ccc(C(=O)NC2CC2)cc1-c1cnc2c(c1)NC(=O)C2(C)C,CHEMBL1825161,0.44533042680128476,1
O=S(=O)(NC1c2cccc3cccc(c23)C1N1CCNCC1)c1ccccc1,CHEMBL1558692,0.4453252585737615,1
O=S(=O)(NC1c2cccc3cccc(c23)C1N1CCNCC1)c1ccc(Cl)cc1,CHEMBL1406565,0.4453252585737615,1
O=C(C1CNCCO1)N1CCC(c2cc(-c3ccncc3)c(-c3ccc(F)cc3)[nH]2)CC1,CHEMBL255381,0.4453245749613598,1
O=C(CN1CCC[C@H]1C(=O)O)c1ccc2[nH]c3c4c(c5c(c3c2c1)C(=O)NC5=O)CCC4,CHEMBL1963642,0.4453141831238778,1
O=C(NCC1CN(c2ccccc2)CCN1)c1ccc(-n2ccnc2)cc1,CHEMBL350847,0.4453020773775487,1
NC1=NC(=O)/C(=C2\CCNC(=O)c3[nH]c4c(-c5ccccc5)csc4c32)N1,CHEMBL481332,0.4452901692520153,1
CC(C)Oc1ccc(-c2nc(-c3cccc4c3CC[C@H]4NC(=O)CN)no2)cc1C#N,CHEMBL3894084,0.44528265851795273,1
CNC(=O)c1ccc2[nH]nc(Cc3ccc(-c4cnn(CC(C)(C)O)c4)cc3)c2c1,CHEMBL3775775,0.4452676141517989,1
Cc1cc2c(-c3ccccc3)cnc(NC3CCNCC3)c2[nH]c1=O,CHEMBL3586719,0.4452433414511576,1
NC(=O)c1cc(-c2ccnc(N)n2)[nH]c1-c1cccc2ccccc12,CHEMBL1271128,0.4452404126922328,1
NC(=O)c1cc(-c2ccnc(N)n2)[nH]c1-c1csc2ccccc12,CHEMBL1271234,0.4452404126922328,1
Cc1cc(C(=O)Nc2ccc(-c3ccccc3S(C)(=O)=O)cc2F)n(-c2cccc(C(=N)N)c2)n1,CHEMBL422688,0.4452400760637034,1
Cc1cc(C(=O)Nc2ccc(-c3ccccc3S(C)(=O)=O)cc2)n(-c2cccc(C(=N)N)c2)n1,CHEMBL440733,0.4452400760637034,1
N#Cc1cccc(-c2c(C(N)=O)c3n(c2Cl)CCN(C(=O)NC2CCOCC2)C3)c1,CHEMBL3969316,0.44523711528787646,1
CC(=O)N1CCN(CCCCOc2ccc3c(c2)-c2[nH]nc(-c4ccc(C#N)nc4)c2C3)CC1,CHEMBL249283,0.44523358585858586,1
O=C(NCCN1CCCCC1)c1c[nH]c2c(ccc3ccccc32)c1=O,CHEMBL492583,0.4452314556609036,1
O=C(NCCN1CCCC1)c1c[nH]c2c(ccc3ccccc32)c1=O,CHEMBL523877,0.4452314556609036,1
CN(CCN1CCCCC1)c1ccc(C(=O)N2CCc3ccc(O)cc3C2)cc1,CHEMBL3133536,0.44521948286229673,1
CN(CCN1CCCCC1)c1cccc(C(=O)N2CCc3ccc(O)cc3C2)c1,CHEMBL3133626,0.44521948286229673,1
CCN(CC)C(=O)c1ccc(NC(=O)N[C@@H](Cc2ccc(O)cc2)C(=O)NC2CCN(Cc3ccc(C#N)cc3)C2)cc1,CHEMBL450093,0.4452135634310507,1
COc1ccc2c(c1)NC(=O)/C2=C\c1[nH]nc2c1Cc1ccc(OC)cc1-2,CHEMBL4295204,0.4451931364099349,1
OCCC#Cc1ccc(CN2CCCC(Nc3ccc4[nH]ncc4c3)C2)cc1,CHEMBL3689385,0.44516353860705915,1
O=C(c1cc2cc(Nc3nccc(-c4ccccn4)n3)ccc2[nH]1)N1CCNCC1,CHEMBL3641510,0.44514201118543717,1
CN1CCN(C(=O)c2ccc(-c3ccc4nc(C(=O)NCc5ccco5)cn4c3)cc2)CC1,CHEMBL3354897,0.44512333107037777,1
O[C@@H](COc1cccc(CNC2CCCC2)c1)CN1CCc2ccccc2C1,CHEMBL3924580,0.44511375516503177,1
OC(COc1cccc(CNC2CCCCC2)c1)CN1CCc2ccccc2C1,CHEMBL3902252,0.44511375516503177,1
CC(Oc1cccc(CNC2CCCC2)c1)C(O)CN1CCc2ccccc2C1,CHEMBL3941426,0.44511375516503177,1
CC(C(O)COc1cccc(CNC2CCCC2)c1)N1CCc2ccccc2C1,CHEMBL3947051,0.44511375516503177,1
O[C@H](COc1cccc(CNC2CCCC2)c1)CN1CCc2ccccc2C1,CHEMBL3937619,0.44511375516503177,1
OC(COc1cccc(CNC2CCCC2)c1)CN1CCc2ccccc2C1,CHEMBL3890510,0.44511375516503177,1
CC1Cc2ccccc2CN1CC(O)COc1cccc(CNC2CCCC2)c1,CHEMBL3930675,0.44511375516503177,1
OC(COc1cccc(CNC2CCCC2)c1)CN1Cc2ccccc2C1,CHEMBL3906136,0.44511375516503177,1
CN(CC(O)CN1CCc2ccccc2C1)c1cccc(CNC2CCCC2)c1,CHEMBL3968845,0.44511375516503177,1
O=C1CSc2c(cccc2OCC(O)CN2CCN(C(=O)c3ccc(F)cc3)CC2)N1,CHEMBL142496,0.44510718450085196,1
CCN(CC)CC#Cc1ccc2c(c1)-c1[nH]nc(-c3ccc(C#N)nc3)c1C2,CHEMBL2007044,0.44508137987511504,1
N=C1/C(=C/c2c[nH]c3ccccc23)C(=O)N=C2SC(CC(=O)N3CCOCC3)=NN12,CHEMBL1335721,0.44507831137848763,1
Cc1ccc2[nH]c(C)c(/C=C3/C(=N)N4N=C(CC(=O)N5CCOCC5)SC4=NC3=O)c2c1,CHEMBL1457752,0.44507831137848763,1
O=C1CS/C(=N\NC(=O)c2cc3c([nH]c4ccccc43)c(-c3ccccc3F)n2)N1,CHEMBL3932111,0.44507122147989386,1
O=C1CS/C(=N\NC(=O)c2cc3c([nH]c4ccccc43)c(-c3ccccc3Cl)n2)N1,CHEMBL3950895,0.44507122147989386,1
O=C1CS/C(=N\NC(=O)c2cc3c([nH]c4ccccc43)c(-c3ccccc3)n2)N1,CHEMBL3927033,0.44507122147989386,1
CN1CCN(c2ccc(C(=O)Nc3n[nH]c4c3CN(C(=O)[C@H](O)c3ccccc3)C4)cc2)CC1,CHEMBL385872,0.4450696378830086,1
CC1(C)CCc2cc(S(=O)(=O)Nc3ccc4c(c3)CCN(Cc3cc[nH]n3)CC4)ccc2O1,CHEMBL1078490,0.44506900033658675,1
CCOc1cccc(-c2cc3cc(C(=N)N)ccc3[nH]2)c1O,CHEMBL293657,0.4450659581410524,1
O=C(CN1CCOCC1)Nc1n[nH]c2cc(Cl)c(-c3ccccc3)cc12,CHEMBL1090724,0.4450494051220003,1
Nc1ncc(C(=O)NC2CC(O)C2)c2ccc(-c3cccc(F)c3)cc12,CHEMBL3623131,0.4450473010573176,1
O=C(NCc1ccc(S(=O)(=O)C2CCN(CC(F)(F)F)CC2)cn1)c1cc2cnccc2[nH]1,CHEMBL3953179,0.44504728533212745,1
O=C(NO)c1cc2n(c1)CCN(C(=O)c1cc3ccccc3[nH]1)C2,CHEMBL3353059,0.4450370239774327,1
N#Cc1ccc2c(c1)CN(C(=O)Nc1ccc(C(=O)N3CCN(c4ccccn4)CC3)cc1)C2,CHEMBL3913092,0.4450316080600549,1
COc1cccc(NC(=O)c2ccc3cc(C(=N)N)ccc3c2)c1,CHEMBL111042,0.4450169937506849,1
CCOc1cccc(NC(=O)c2ccc3cc(C(=N)N)ccc3c2)c1,CHEMBL108098,0.4450169937506849,1
NC[C@H]1CC[C@H](C(=O)NC(Cc2ccccc2)c2cc(-c3ccc4c(N)n[nH]c4c3)cc(=O)[nH]2)CC1,CHEMBL3393388,0.4450101577587724,1
COc1ccc(OC)c(/C=C2\SC(NNC(=O)c3ccc4ccccc4c3)=NC2=O)c1,CHEMBL1377632,0.44500989539157443,1
Cn1c(=O)[nH]c2ncc(-c3cccc(C(=O)NCCCN4CCOCC4)c3)cc21,CHEMBL1956661,0.4450043368716696,1
O=C1Nc2cccc(CCO)c2/C1=C/c1[nH]cc2c1CCOC2=O,CHEMBL58483,0.44499606967026584,1
Cc1ccc(C(=O)Nc2[nH]nc3c2CN(C(=O)c2cccc4cccnc24)C3)cc1,CHEMBL204555,0.44499218468197654,1
COc1cccc(CNC(=O)c2cc3c(O)cccc3n2Cc2cccc(C(=N)N)c2)c1,CHEMBL314549,0.4449870470178364,1
COc1ccc(CNC(=O)c2cc3c(O)cccc3n2Cc2cccc(C(=N)N)c2)cc1,CHEMBL96659,0.4449870470178364,1
CN1CCN(C(=O)c2ccc(-c3cn4c(-c5ccccc5O)cnc4cn3)cc2)CC1,CHEMBL4202639,0.44498161514367435,1
C/C(=C1/C(=O)Nc2ccc(NC(N)=O)cc21)c1cc(CN)c[nH]1,CHEMBL228705,0.4449804925116414,1
C[C@@H]1CN(c2cccc(NS(=O)(=O)c3cc4ccccc4s3)c2)C[C@H](C)N1,CHEMBL2364394,0.44497268865061684,1
C[C@@H]1CN(c2cccc(NS(=O)(=O)c3ccc4ccccc4c3)c2)C[C@H](C)N1,CHEMBL2364392,0.44497268865061684,1
CC(C)(C)c1cc(NC(=O)Nc2ccc(Cc3cc(N)n[nH]3)cc2)no1,CHEMBL3809895,0.4449665266747057,1
CCCc1cc(=O)[nH]c(-c2cccc(CN3CCN4CCCC4C3)c2)n1,CHEMBL3483128,0.444964745142365,1
Cc1cc(=O)[nH]c(-c2cccc(CN3CCCN4CCCC4C3)c2)n1,CHEMBL3485838,0.444964745142365,1
NC(=S)N1N=C(c2ccccc2O)CC1c1ccc(O)cc1,CHEMBL499684,0.4449346405228755,1
NC(=S)N1N=C(c2ccccc2O)C[C@H]1c1ccc(O)cc1,CHEMBL256541,0.4449346405228755,1
CC1(C)N=C(N)N=C(N)N1c1ccc(CC(C(=O)Nc2cccc(S(=O)(=O)F)c2)c2ccccc2)cc1,CHEMBL94392,0.4449273787533049,1
CC1(C)N=C(N)N=C(N)N1c1ccc(CC(C(=O)Nc2ccc(S(=O)(=O)F)cc2)c2ccccc2)cc1,CHEMBL94044,0.4449273787533049,1
Cc1ccc(C(Cc2ccc(N3C(N)=NC(N)=NC3(C)C)cc2)C(=O)Nc2ccc(S(=O)(=O)F)cc2)cc1,CHEMBL97669,0.4449273787533048,1
Cc1ccccc1C(Cc1ccc(N2C(N)=NC(N)=NC2(C)C)cc1)C(=O)Nc1ccc(S(=O)(=O)F)cc1,CHEMBL95210,0.4449273787533048,1
Cc1cccc(C(Cc2ccc(N3C(N)=NC(N)=NC3(C)C)cc2)C(=O)Nc2ccc(S(=O)(=O)F)cc2)c1,CHEMBL97652,0.4449273787533048,1
Cc1nn(-c2ccccn2)c(C)c1[C@@H]1C=C[C@@H](NC(=O)NC(C)C)C1,CHEMBL3437238,0.4449197296155466,1
CC1(C)CN(c2ccc(C(=O)Nc3ccccc3N)cn2)CCN1,CHEMBL392644,0.44491541751762925,1
N#Cc1cccc(-c2ccc3c(c2)[C@H]2[C@H](CCN2Cc2ccncc2)[C@@H](CO)N3)c1,CHEMBL3561655,0.44491539791800894,1
CC(C)C(=O)Nc1cccc(NC(=S)NC(=O)c2ccc3c(c2)OCO3)c1,CHEMBL1550316,0.44491326769807743,1
COc1cccc(C(=O)Nc2nc3c(s2)CCN(Cc2ccccc2N2CCNCC2)CC3)c1,CHEMBL535546,0.44491152605337775,1
O=C1Cc2cc(CCN3CCN(c4nsc5ccccc45)CC3)c(F)cc2N1,CHEMBL35040,0.44490789016336457,1
O=C1Cc2cc(CCN3CCN(c4nsc5ccccc45)CC3)c(Cl)cc2N1,CHEMBL1375743,0.44490789016336457,1
O=C1Cc2cc(CCN3CCN(c4nsc5ccccc45)CC3)ccc2N1,CHEMBL35743,0.44490789016336457,1
CCc1nn(-c2ccccc2)c2cc(OC3CN(C4CCNCC4)C3)ccc12,CHEMBL3666098,0.44490416279658845,1
N=C(N)c1ccc2ncn(CC(=O)Nc3ccc(-c4ccccc4)cc3)c2c1,CHEMBL343827,0.4448986070875826,1
N=C(N)c1ccc2c(c1)ncn2CC(=O)Nc1ccc(-c2ccccc2)cc1,CHEMBL141259,0.4448986070875826,1
CN1C(=O)C2(N=C1N)c1cc(-c3cccc(C#N)c3)ccc1C[C@]21CC[C@@H](N(C)C)CC1,CHEMBL3957536,0.44488925634219567,1
O=c1cc(-c2[nH]c(C3CCNCC3)nc2-c2ccc(F)cc2)cc[nH]1,CHEMBL3314283,0.4448871181938908,1
O=C1Nc2ccc(C(F)(F)F)cc2/C1=C/c1cc2c([nH]1)CCN(C(=O)N1CCOCC1)C2,CHEMBL2403372,0.444885580369451,1
N#CC1(NC(=O)[C@H](Cc2ccc(O[C@@H]3CCNC3)cc2)NC(=O)c2ccc(-c3ccccc3)cc2)CC1,CHEMBL4225367,0.4448726668178039,1
O=c1c2ccc(Cl)cc2oc2c(OCC(O)CN3CCNCC3Cc3ccccc3)cccc12,CHEMBL2364889,0.44487220308565145,1
COc1ccc([C@H]2c3[nH]c4ccccc4c3C[C@@H]3C(=O)N(CCN4CCCC4)C(=O)N23)cc1,CHEMBL344676,0.44487011459488507,1
N=C1S/C(=C\c2c[nH]nc2-c2ccc(N3CCOCC3)cc2)C(=O)N1c1nccs1,CHEMBL476789,0.4448637446255683,1
N=C1S/C(=C\c2c[nH]nc2-c2ccc(F)c(N3CCOCC3)c2)C(=O)N1c1nccs1,CHEMBL477614,0.4448637446255683,1
COc1ccc2cc(CNC3CCN(Cc4ccccc4)CC3)c(=O)[nH]c2c1,CHEMBL581047,0.44484372783583126,1
Cc1c(-c2ccc(-c3cnn(CCN4CCOCC4)c3)cc2)[nH]c2ccccc2c1=O,CHEMBL2030491,0.444843532528173,1
NC(=O)Nc1ccc2c(c1)/C(=C/c1cc(-c3cccc(O)c3)c[nH]1)C(=O)N2,CHEMBL228439,0.44484175289105293,1
O=C1CCC(c2ccc(-c3ccccc3)cc2)=NN1CN1CCNCC1,CHEMBL1165459,0.4448417288884213,1
COc1ccc(F)cc1-c1ccnc2[nH]c(C3=CCN(CC(O)CO)CC3)cc12,CHEMBL3668457,0.44484015239357283,1
COc1ccc(F)cc1-c1ccnc2[nH]c(C3CCN(CC(O)CO)CC3)cc12,CHEMBL3668420,0.44484015239357283,1
N=C(N)N1CCc2ccc(OCC3CCN(Cc4cccc(N)c4)CC3)cc2C1,CHEMBL1189256,0.44483711105695006,1
Cc1ccc(F)cc1-c1cc2cnc(NC(=O)C3CC3)cc2c(N2CCNCC2)n1,CHEMBL3689673,0.4448170731707313,1
N#C[C@H](Cc1ccc(-n2cc(-c3ccc4[nH]ccc4c3)nn2)cc1)NC(=O)[C@H]1N[C@@H]2CC[C@H]1C2,CHEMBL3658581,0.44480840369355884,1
O=C(NCCN1CCCC1)c1cn2c(ccc3sc4ccccc4c(=O)c32)n1,CHEMBL171026,0.4448035707414675,1
O=C(NCCN1CCCCC1)c1cn2c(ccc3sc4ccccc4c(=O)c32)n1,CHEMBL169245,0.4448035707414675,1
c1ccc2oc(-c3cncc(-c4cnn(C5CCNCC5)c4)c3)nc2c1,CHEMBL1200211,0.4447649753945356,1
Nc1n[nH]c2ccc(-c3ccc(S(=O)(=O)N4CCOCC4)cc3)cc12,CHEMBL520947,0.4447551863755895,1
CN(C)CC(=O)Nc1ccc(-c2n[nH]c3ccc(-c4nc[nH]n4)cc23)cc1,CHEMBL3921920,0.4447520503858533,1
CN(C)CC(=O)Nc1cccc(-c2n[nH]c3ccc(-c4nc[nH]n4)cc23)c1,CHEMBL3956085,0.4447520503858533,1
O=C1Nc2ccccc2/C1=C1/SC(=S)N(NC(=O)c2cccnc2)C1=O,CHEMBL1350793,0.44473985789594295,1
COc1cccc2c1cc(C(=O)NCCc1ccc(O)cc1)n2Cc1cccc(C(=N)N)c1,CHEMBL96543,0.4447337503572222,1
O=S(=O)(c1ccc(NC(=S)N/N=C/c2ccc(Oc3ccccc3)cc2)cc1)N1CCOCC1,CHEMBL2003741,0.4447265716838294,1
O=S(=O)(c1ccc(NC(=S)N/N=C/c2cccc(Oc3ccccc3)c2)cc1)N1CCOCC1,CHEMBL1966023,0.4447265716838294,1
Nc1cnc2[nH]cc(/C=C3\N=C(NCc4ccccc4)NC3=O)c2c1,CHEMBL498753,0.4447242353519223,1
NC1CCN(c2ccc(NC(=O)N3Cc4ccccc4C3)cc2)C1,CHEMBL3946310,0.4447175995965705,1
O=C(CN1CCOCC1)Nc1cccc(-c2n[nH]c3ccc(-c4nc[nH]n4)cc23)c1,CHEMBL3951921,0.4447123765252764,1
CC(CCCC(C)(C)O)NCc1c[nH]nc1-c1ccc2c(c1)OCO2,CHEMBL1899311,0.444706552243055,1
O=C1Nc2cccc3c2C1(CCCCN1CCN(c2ccccn2)CC1)CCC3,CHEMBL428494,0.44470599774410247,1
Cc1nc[nH]c1-c1nccn1-c1cccc(CN2CCCC2)c1,CHEMBL3477285,0.44470071389346516,1
NCCCCN(C[C@H]1Cc2ccccc2CN1)[C@H]1CCCc2cccnc21,CHEMBL3091687,0.44469752538316004,1
Cc1cnc2c(c1)CCC[C@@H]2N(CCCCN)C[C@H]1Cc2ccccc2CN1,CHEMBL4163573,0.44469752538316004,1
C/C(=C/CN(C[C@H]1Cc2ccccc2CN1)[C@H]1CCCc2cccnc21)CN,CHEMBL4159607,0.44469752538316004,1
C/C(=C/CN)CN(C[C@H]1Cc2ccccc2CN1)[C@H]1CCCc2cccnc21,CHEMBL4164075,0.44469752538316004,1
C/C(CN)=C(\F)CN(C[C@H]1Cc2ccccc2CN1)[C@H]1CCCc2cccnc21,CHEMBL4161528,0.44469752538316004,1
C/C(CN)=C(/F)CN(C[C@H]1Cc2ccccc2CN1)[C@H]1CCCc2cccnc21,CHEMBL4175500,0.44469752538316004,1
NC/C=C\CN(C[C@H]1Cc2ccccc2CN1)[C@H]1CCCc2cccnc21,CHEMBL4096305,0.44469752538316004,1
C/C(CN(C[C@H]1Cc2ccccc2CN1)[C@H]1CCCc2cccnc21)=C(\F)CN,CHEMBL4174727,0.44469752538316004,1
NC/C=C/CN(C[C@H]1Cc2ccccc2CN1)[C@H]1CCCc2cccnc21,CHEMBL4086147,0.44469752538316004,1
C/C(CN(C[C@H]1Cc2ccccc2CN1)[C@H]1CCCc2cccnc21)=C(/F)CN,CHEMBL4169450,0.44469752538316004,1
NCCCCN(C[C@@H]1Cc2ccccc2CN1)[C@H]1CCCc2cccnc21,CHEMBL3091677,0.44469752538316004,1
O=C(Cc1ccccn1)N1CCc2nc(-c3cc4cc(F)ccc4[nH]c3=O)[nH]c2C1,CHEMBL2016924,0.4446962067807989,1
O=C(Cc1ccccn1)N1CCc2nc(-c3cc4ccccc4[nH]c3=O)[nH]c2C1,CHEMBL2016923,0.4446962067807989,1
Cc1cc(=O)oc2cc(CNC3CCN(Cc4ccccc4)CC3)ccc12,CHEMBL3765442,0.44469316444638535,1
CC1=C(C(=O)Nc2cc3cn[nH]c3cc2F)C(c2cccc(O)c2F)CC(=O)N1,CHEMBL524582,0.4446887557813329,1
COc1ccc(-c2ccc3ncnc(Nc4ccc(C(=O)N5CCN(C)CC5)cc4)c3c2)cc1C(N)=O,CHEMBL4084606,0.4446662447051954,1
COc1ccc(-c2ccc3ncnc(Nc4cccc(C(=O)N5CCN(C)CC5)c4)c3c2)cc1C(N)=O,CHEMBL4077058,0.4446662447051954,1
O=C(Nc1ccccc1C(=O)Nc1ccc(Cl)cn1)c1ccc(C2=NCCCN2)cc1,CHEMBL471670,0.44466019417475716,1
O=C(Nc1ccccc1C(=O)Nc1ccc(Cl)cn1)c1ccc(C2=NCCN2)cc1,CHEMBL512884,0.44466019417475716,1
CC(C)[C@@H](NC(=O)c1ccc(-c2ccc(CSc3nc4c(c(=O)[nH]3)CCC4)c(F)c2)o1)C(=O)NC1CNC1,CHEMBL4162629,0.44465439473363405,1
N[C@H]1CCCN(c2cncc(-c3cc4c(-c5ccccc5F)n[nH]c4cn3)n2)C1,CHEMBL3900279,0.4446460421920168,1
N[C@@H]1CCN(c2cncc(-c3cc4c(-c5ccccc5F)n[nH]c4cn3)n2)C1,CHEMBL4107949,0.4446460421920168,1
N[C@@H]1CCCN(c2cncc(-c3cc4c(-c5ccccc5F)n[nH]c4cn3)n2)CC1,CHEMBL4115471,0.4446460421920168,1
N[C@H]1CCN(c2cncc(-c3cc4c(-c5ccccc5F)n[nH]c4cn3)n2)C1,CHEMBL3903586,0.4446460421920168,1
NC1CCN(c2cncc(-c3cc4c(-c5ccccc5F)n[nH]c4cn3)n2)CC1,CHEMBL3634779,0.4446460421920168,1
N[C@H]1CCCN(c2cncc(-c3cc4c(-c5ccccc5F)n[nH]c4cn3)n2)CC1,CHEMBL3891729,0.4446460421920168,1
N[C@@H]1CCCN(c2cncc(-c3cc4c(-c5ccccc5F)n[nH]c4cn3)n2)C1,CHEMBL4107874,0.4446460421920168,1
O=C(Nc1ccc2c(cnn2CCN2CCCC2)c1)NC1CCN(Cc2ccccc2)CC1,CHEMBL196991,0.4446213236757271,1
O=C(Nc1ccc2cnn(CCN3CCCC3)c2c1)NC1CCN(Cc2ccccc2)CC1,CHEMBL364936,0.4446213236757271,1
CNCCNC(=O)c1cc2n[nH]c(=O)n2c2cc(-c3ccsc3)ccc12,CHEMBL2012847,0.444604269508647,1
Nc1cnc(-c2ccc(-c3ccccc3C(=O)NC3CCOCC3)cc2F)cn1,CHEMBL3700795,0.4445867447285362,1
CC(C)NCCc1c[nH]c2ccc3c(c12)CCNC3=O,CHEMBL568910,0.44458605785215555,1
CC(C)NC(=O)[C@@H]1C[C@@H](Sc2nc3ccccc3[nH]2)CN1C1Cc2ccccc2C1,CHEMBL2361854,0.44457606269078315,1
O=C(Nc1ccc(C2=CCN(C(=O)C3CCCO3)CC2)cc1)N1Cc2ccncc2C1,CHEMBL3891831,0.4445729390384933,1
O=C(Nc1ccc(C2=CCN(C(=O)[C@H]3CCCO3)CC2)cc1)N1Cc2ccncc2C1,CHEMBL3936596,0.4445729390384933,1
O=C(Nc1ccc(C2=CCN(C(=O)[C@@H]3CCCO3)CC2)cc1)N1Cc2ccncc2C1,CHEMBL3925424,0.4445729390384933,1
NC(=O)c1ccc2[nH]nc(-c3cccc(NC(=O)c4cccnc4)c3)c2c1,CHEMBL3958609,0.4445652173913043,1
CC(C)Oc1ccc(-c2nnc(-c3ccc4c(c3)CC(N)(CO)CC4)o2)cn1,CHEMBL3970848,0.4445640824849909,1
CC1CNC(=O)c2[nH]c3ccc(C(=O)Nc4ccc(C(N)=O)nc4)cc3c21,CHEMBL247333,0.4445566023627934,1
Cc1c(C)c2c(c(C)c1O)CC[C@@](C)(C(=O)N[C@@H]1CCCNC1)O2,CHEMBL4802153,0.44455316373124565,1
C[C@H](O)CNC(C)(C)CC(=O)N[C@H](Cc1c[nH]c2ccccc12)C(=O)N1CCC2(CCc3ccccc32)CC1,CHEMBL553267,0.4445498829632441,1
C[C@@]1(c2cc(NC(=O)c3ncc(C#N)cn3)ccc2F)C=CSC(N)=N1,CHEMBL3899971,0.4445454152061968,1
NC1CCC(CNC(=O)[C@@H]2CCCN2C(=O)C2CC(=O)N3CCc4ccccc4C23)CC1,CHEMBL335906,0.44454191033138374,1
N=C(CCl)NCCC[C@H](NC(=O)c1cccc2c1C(=O)NC2)c1nc2ccccc2[nH]1,CHEMBL4217370,0.4445404181807348,1
N=C(CF)NCCC[C@H](NC(=O)c1cccc2c1C(=O)NC2)c1nc2ccccc2[nH]1,CHEMBL4205668,0.4445404181807348,1
OC1CCc2c(c3ccccc3n2CCCN2CCN(c3ccccc3)CC2)C1,CHEMBL110120,0.444539492443684,1
CN(C)CCCN1CCN(c2c3ccccc3nc3c2[nH]c2ccccc23)CC1,CHEMBL2179051,0.44451925099936856,1
COC1CN(CC2CCN(Cc3ccccc3)CC2)C(=O)N(c2cccc(C(=N)N)c2)C1,CHEMBL3781626,0.4445123384253817,1
CC(=O)Nc1ccc(-c2ccnc3c2CC(C)(C(=O)NCc2ccc(N(C)C)cc2)O3)cc1,CHEMBL2135044,0.4445076337547573,1
CC(=O)Nc1cccc(-c2ccnc3c2CC(C(=O)NCc2ccc(N(C)C)cc2)O3)c1,CHEMBL1994464,0.4445076337547573,1
CC(=O)Nc1cccc(-c2ccnc3c2CC(C)(C(=O)NCc2ccc(N(C)C)cc2)O3)c1,CHEMBL1903495,0.4445076337547573,1
CCN1CCC2(CC1)CNC(=O)c1cc(-c3ccnc(-c4cc5ccccc5o4)n3)[nH]c12,CHEMBL1779354,0.44449699943831866,1
CN1CCC2(CC1)CNC(=O)c1cc(-c3ccnc(-c4cc5ccccc5o4)n3)[nH]c12,CHEMBL1779353,0.44449699943831866,1
Oc1cc(-c2ccccc2)c2ccc(N3CCNCC3)nc2n1,CHEMBL2263592,0.4444948266622695,1
CC1CN(c2ccc(C(=N)N)cc2)C(=O)N(C2CCN(Cc3ccccc3)CC2)C1,CHEMBL3780437,0.44449295928392074,1
N=C(N)c1cccc(N2CCCCN(C3CCN(Cc4ccccc4)CC3)C2=O)c1,CHEMBL553840,0.44449295928392074,1
N=C(N)c1cccc(N2CCCCN(C3CCN(Cc4cccs4)CC3)C2=O)c1,CHEMBL102345,0.44449295928392074,1
N=C(N)c1ccc(N2CCCCN(C3CCN(Cc4ccccc4)CC3)C2=O)cc1,CHEMBL93480,0.44449295928392074,1
N=C(N)c1cccc(N2CCN(C3CCN(Cc4ccccc4)CC3)C2=O)c1,CHEMBL330125,0.44449295928392074,1
CC1CN(c2cccc(C(=N)N)c2)C(=O)N(C2CCN(Cc3ccccc3)CC2)C1,CHEMBL3780584,0.44449295928392074,1
N=C(N)c1cccc(N2CCCN(C3CCN(Cc4ccccc4)CC3)C2=O)c1,CHEMBL329127,0.44449295928392074,1
COc1cccc2c(C(=O)N[C@@H](Cc3ccccc3)c3cc[nH]n3)c(C)n(CCN3CCOCC3)c12,CHEMBL77410,0.44448734034681364,1
c1cc2[nH]nc(-c3ccc4nc[nH]c4c3)c2c(OC2CCOCC2)n1,CHEMBL3651785,0.44448433068887533,1
C#CCOc1ccccc1CN1CCC(N2CCc3cc(NC(=O)c4cc(C)on4)ccc32)C1,CHEMBL532215,0.44448336252189125,1
NC(=O)Nc1sc(-c2ccc(C(=O)N3CCCCC3)cc2)cc1C(=O)N[C@H]1CCCNC1,CHEMBL486234,0.44445855558377767,1
Cc1cc(/C=C2\CC(=O)NC2=O)ccc1OCc1csc(C2CCN(CC(C)(C)O)CC2)n1,CHEMBL4209081,0.44444444444444436,1
CC(C)(O)CN1CCC(c2nc(COc3ccc(/C=C4\CC(=O)NC4=O)cc3F)cs2)CC1,CHEMBL4211842,0.44444444444444425,1
CC(C)(O)CN1CCC(c2nc(COc3c(F)cc(/C=C4\CC(=O)NC4=O)cc3F)cs2)CC1,CHEMBL4206954,0.44444444444444425,1
CC(C)(O)CN1CCC(c2nc(COc3ccc(/C=C4\CC(=O)NC4=O)cc3)cs2)CC1,CHEMBL4211957,0.44444444444444425,1
Fc1ccc(/C=C2\CN(CCN3CCOCC3)CC3=C2NC(=S)NC3c2ccc(F)cc2)cc1,CHEMBL2417675,0.44444068942210196,1
S=C1NC2=C(CN(CCN3CCOCC3)C/C2=C\c2ccccc2)C(c2ccccc2)N1,CHEMBL2417667,0.44444068942210196,1
Cc1ccccc1/C=C1\CN(CCN2CCOCC2)CC2=C1NC(=S)NC2c1ccccc1C,CHEMBL2417668,0.44444068942210196,1
Cc1ccc(/C=C2\CN(CCN3CCOCC3)CC3=C2NC(=S)NC3c2ccc(C)cc2)cc1,CHEMBL2417673,0.44444068942210196,1
Fc1ccccc1/C=C1\CN(CCN2CCOCC2)CC2=C1NC(=S)NC2c1ccccc1F,CHEMBL2417670,0.44444068942210196,1
O=C(Nc1cccc(Cc2n[nH]c(=O)c3c2CCCC3)c1)c1ccc[nH]1,CHEMBL3958634,0.4444387781120911,1
OC1(c2cccc(-c3n[nH]c4cnc(-c5cccnc5)cc34)n2)CCNCC1,CHEMBL3942159,0.44443560364948037,1
CN(C(=O)c1ccccc1)c1ccc2c(c1)[nH]/c(=N\C(=O)c1ccc(-c3csc(N)n3)s1)n2CCC(N)=O,CHEMBL520432,0.4444283646888568,1
CN1CCC(S(=O)(=O)c2ccc(CNC(=O)N3Cc4ccncc4C3)cc2)CC1,CHEMBL2419526,0.44442787553434715,1
CN1CCN(S(=O)(=O)c2ccc(CNC(=O)N3Cc4ccncc4C3)cc2)CC1,CHEMBL2419532,0.44442787553434715,1
c1ccc(CN2CCN(CCCc3c[nH]c4ccc(-n5cnnc5)cc34)CC2)cc1,CHEMBL65367,0.4444144422157073,1
Fc1ccc(CN2CCN(CCCc3c[nH]c4ccc(-n5cnnc5)cc34)CC2)cc1,CHEMBL161723,0.4444144422157073,1
O=c1[nH]c2ccc(C3=NCCN3)cc2c2c1sc1ccccc12,CHEMBL2071090,0.44440659821906453,1
COc1ccc(-n2cccc(C(=O)Nc3ccc4c(c3)NC(=O)/C4=C\c3ccc[nH]3)c2=O)cc1,CHEMBL3322573,0.4443832242172814,1
CCN1CCN(Cc2ccc(NC(=O)c3cc(NC(=O)N4CCNC4=O)cc(OC)c3)cc2C(F)(F)F)CC1,CHEMBL1508948,0.44437412564119677,1
CN1C(=O)NC(=O)[C@]12Cc1ccc(NC(=O)CN3C(=O)C4(CCOCC4)c4ccccc43)cc1C2,CHEMBL480999,0.44437331536388114,1
CCNC(=O)c1nc(-c2ccc3[nH]c(-c4nc(C)no4)cc3c2)c(C)[nH]1,CHEMBL3666022,0.4443667817046001,1
Cc1noc(-c2cc3cc(-c4nc(C(N)=O)[nH]c4C)ccc3[nH]2)n1,CHEMBL3666021,0.4443667817046,1
O=C(NCCN1CCN(c2ccncc2)CC1)c1cc2cc(F)ccc2[nH]1,CHEMBL1888422,0.4443646408839778,1
N[C@H]1CCCN(c2nc(-c3n[nH]c4cnc(-c5cccnc5)cc34)ccc2C2CC2)C1,CHEMBL3940007,0.4443606080930025,1
NC(C(=O)Nc1ccc(-c2cn[nH]c2)cc1)c1ccc(Cl)cc1,CHEMBL1215022,0.4443563459251285,1
N=C(N)c1cccc(/C=C(\C(=O)Nc2ccc(-c3ccccc3S(N)(=O)=O)cc2)c2ccccn2)c1,CHEMBL39676,0.4443458455349482,1
NC(=O)c1cc(F)cc2[nH]c(-c3cc4c(o3)CNCC4)nc12,CHEMBL4288572,0.4443425929616196,1
CN1CCc2nc(NC(=O)c3cccc(C4CCCN4C(=O)Nc4ccc(C(N)=O)cc4)c3)sc2C1,CHEMBL3700955,0.44433795905849854,1
CN1CCc2nc(NC(=O)c3cccc([C@H]4CCCN4C(=O)Nc4ccc(C(N)=O)cc4)c3)sc2C1,CHEMBL3700937,0.44433795905849854,1
CN1CCc2nc(NC(=O)c3cccc([C@H]4CCCN4C(=O)Nc4cccc(C(N)=O)c4)c3)sc2C1,CHEMBL3700938,0.44433795905849854,1
CN(Cc1ccccc1)[C@@H]1CCN(CCc2c[nH]c3ccc(-n4cnnc4)cc23)C1,CHEMBL324287,0.44430935759667417,1
O=S(=O)(Nc1cccc2c1CCCC2)c1ccc(N2CCNCC2)cc1,CHEMBL4227216,0.4443045331266949,1
CC(=O)NCCC(=O)Nc1sc2c(c1-c1nc3ccccc3[nH]1)CCCC2,CHEMBL1444135,0.4443039894827326,1
CN1CCC(c2cc3c(-c4cncc(NCc5cccnc5)n4)ccnc3[nH]2)CC1,CHEMBL3673534,0.4442909363037161,1
CC(=O)Nc1ccc2cc(C(O)(c3c[nH]cn3)C(C)C)ccc2c1,CHEMBL1682889,0.4442608504075785,1
COc1ccc2[nH]cc(C(=O)NCCN3CCNCC3)c2c1,CHEMBL553688,0.44426073450573655,1
NCCNc1cc(-c2ccc[nH]2)c2c3c(ccc(F)c13)NC2=O,CHEMBL82767,0.44425811644754504,1
CCc1nn(-c2ccccc2)c2cc(N3CC4CNCC4C3)ccc12,CHEMBL1809182,0.44425727411944854,1
CCc1nn(-c2ccccc2)c2cc(N3CCC4(CCNC4)C3)ccc12,CHEMBL3666103,0.44425727411944854,1
CC(C)(O)C#Cc1cc2c(cc1F)C1CC(C1)c1[nH]c(C(N)=O)nc1-2,CHEMBL3696524,0.44425332290852215,1
O=C(Cn1c2c(c3cc(Br)ccc31)CC[C@@H](C(=O)O)C2)NCC1CCNCC1,CHEMBL3577283,0.44425079702444215,1
Nc1ccc(CN2C(=O)c3cccc4cc(O)cc(c34)C2=O)cc1,CHEMBL3110170,0.44424331719637966,1
Cc1cc(-c2n[nH]c3cc(NC(=O)NC4(c5ccncc5)CC4)ncc23)ccn1,CHEMBL3658720,0.4442285000347052,1
Cc1cc(-c2n[nH]c3cc(NC(=O)NC4(c5ccncc5)CCC4)ncc23)ccn1,CHEMBL3658717,0.4442285000347052,1
CC(C)N1CCN(c2ccc(NC(=O)c3ccc(-c4ccccn4)cc3)nc2)CC1,CHEMBL2407260,0.44422282376406885,1
Oc1ccc(C[C@H]2CNCCN2CCc2cccc3ccccc23)cc1,CHEMBL1477017,0.44420840193318784,1
Oc1ccc(C[C@@H]2CNCCN2CCc2cccc3ccccc23)cc1,CHEMBL1517846,0.44420840193318784,1
O=C(Nc1ccc2c(c1)CC[C@@H](O)[C@H]2O)c1cc2cc(Cl)ccc2[nH]1,CHEMBL513263,0.44417756808921277,1
O=C(Nc1ccc2c(c1)CC[C@H](O)[C@H]2O)c1cc2cc(Cl)ccc2[nH]1,CHEMBL457029,0.44417756808921277,1
Nc1ncnc2c1sc1cc(-c3ccc(NC=O)cc3)ccc12,CHEMBL3347511,0.4441735290058425,1
Nc1ncnc2c1sc1cc(-c3cccc(NC=O)c3)ccc12,CHEMBL3347658,0.4441735290058425,1
O=C(Nc1cccnc1)c1ccc2c(-c3nc4ccccc4[nH]3)n[nH]c2c1,CHEMBL3919007,0.44417156077593867,1
O=C(Nc1ccncc1)c1ccc2c(-c3nc4ccccc4[nH]3)n[nH]c2c1,CHEMBL3906579,0.44417156077593867,1
COCC(=O)Nc1ccc2c(-c3cc4ccc(C)cc4[nH]3)n[nH]c2c1,CHEMBL1684513,0.4441680081955217,1
COCC(=O)Nc1ccc2[nH]nc(-c3cc4ccc(C)cc4[nH]3)c2c1,CHEMBL1684498,0.4441680081955217,1
COCC(=O)Nc1ccc2[nH]nc(-c3cc4ccccc4[nH]3)c2c1,CHEMBL1684506,0.4441680081955217,1
COc1ccccc1-c1[nH]c2ccccc2c1C[C@@H]1NC(=O)[C@@H]2CCCN2C1=O,CHEMBL3133521,0.4441464722804623,1
Cc1c(C(=O)c2cccc3ccccc23)c2ccccc2n1CCN1CCOC(O)C1,CHEMBL12566,0.444141914191419,1
O=C(N[C@@H]1CCC[C@H](Nc2nc(-c3c[nH]c4ncc(F)cc34)ncc2F)C1)N1CCCC1,CHEMBL3912369,0.44413841807909615,1
Cc1cc(C(=O)Nc2ccc(-c3ccccc3S(N)(=O)=O)cc2)n(-c2cccc(CN)c2)n1,CHEMBL134736,0.4441301272984442,1
Cc1cc(C(=O)Nc2ccc(-c3ccccc3S(N)(=O)=O)cc2F)n(-c2cccc(CN)c2)n1,CHEMBL154572,0.4441301272984442,1
NCc1cccc(-n2nc(C(F)(F)F)cc2C(=O)Nc2ccc(-c3ccccc3S(N)(=O)=O)cc2)c1,CHEMBL154504,0.4441301272984442,1
O=c1[nH]c2ccc(OCCN3CCCCC3)cc2c2c1CCCN2,CHEMBL3649722,0.444129877023799,1
O=c1[nH]c2cc(OCCN3CCCCC3)ccc2c2c1CCCN2,CHEMBL3649740,0.444129877023799,1
O=C(Nc1ccc(-c2n[nH]c(=O)c3ccccc23)cc1)N1Cc2cccnc2C1,CHEMBL3901432,0.4441250911586804,1
NCCCCN(Cc1ccccn1)Cc1nccc2c1[nH]c1ccccc12,CHEMBL3958373,0.4441227312013827,1
CCNC(=O)Nc1nc2cc(-c3ccc(C(C)(C)O)nc3)cc(C3CCCO3)c2[nH]1,CHEMBL3357009,0.4441214167370036,1
COc1ccc(-c2[nH]nc3c2C(=O)c2c(NC(=O)NNC(=O)C(C)C)cccc2-3)cc1,CHEMBL185525,0.44412117063152473,1
NCCCCN(Cc1cc2ccccc2cn1)C[C@H]1Cc2ccccc2CN1,CHEMBL4176370,0.4441176470588233,1
CN(CCCN1CCCCC1)c1cccc(C(=O)N2CCc3ccc(O)cc3C2)c1,CHEMBL3133627,0.444114257990175,1
CN(CCCN1CCCCC1)c1ccc(C(=O)N2CCc3ccc(O)cc3C2)cc1,CHEMBL3133537,0.444114257990175,1
O=C(c1c(Cc2cccc(F)c2F)n(-c2ccccc2)c2cccnc12)N1CCNCC1,CHEMBL1824941,0.44411260924941814,1
Cc1ccccc1Cc1c(C(=O)N2CCNCC2)c2ncccc2n1-c1ccccc1,CHEMBL1824940,0.44411260924941814,1
O=C(c1c(Cc2ccccc2)n(-c2ccccc2)c2cccnc12)N1CCNCC1,CHEMBL1824938,0.44411260924941814,1
CCNC(=O)Oc1ccc2c(c1)CN1CCc3c([nH]c4ccccc34)C1N2C,CHEMBL3262487,0.44410591222343115,1
CC(=N)NC[C@@H]1Cc2ccccc2CN1C(=O)[C@@H](N)Cc1c(C)cc(O)cc1C,CHEMBL310146,0.44409865401073667,1
Cc1nc2cc(-c3nc4cc(N)ccc4o3)ccc2[nH]1,CHEMBL1581468,0.4440798468690183,1
Nc1ccc2oc(-c3ccc4[nH]cnc4c3)nc2c1,CHEMBL1545965,0.4440798468690183,1
O=C(Nc1ccc(C2CCNC2)cc1)c1cn(-c2ccc(OC(F)F)cc2)nn1,CHEMBL3929285,0.4440672852078146,1
Cc1[nH]c2ccccc2c1/C=C1\SC(=N)N(c2nccs2)C1=O,CHEMBL1390716,0.4440602745381359,1
Nc1ccc(-c2n[nH]c(N)c2-c2nc3ccccc3s2)cc1,CHEMBL3685713,0.44404407906244525,1
Oc1ccc2c(c1)[C@]13CCN(CC4CC4)[C@@H](C2)[C@]1(O)Cc1cc2ccccc2nc1C3,CHEMBL3787263,0.44404216181494355,1
Oc1ccc2c(c1)[C@]13CCN(CC4CC4)[C@H](C2)[C@]1(O)Cc1cc2ccccc2nc1C3,CHEMBL1270475,0.44404216181494355,1
O=C(c1ccccc1)c1ccc2n1CCC2C(=O)NCCc1c[nH]c2ccc(O)cc12,CHEMBL3359448,0.44402540690750275,1
CN(C)CCCNC(=O)c1cc2c3ccccc3[nH]c2c2cccnc12,CHEMBL2413846,0.4440204839843357,1
CN(C)CCNC(=O)c1cc2c3cc(Cl)ccc3[nH]c2c2ccncc12,CHEMBL559054,0.444018103109012,1
NCCc1c[nH]c2ccc(CC3NC(=O)N(CCc4ccccc4)C3=O)cc12,CHEMBL120542,0.4440104166666666,1
Cc1[nH]c(/C=C2\C(=O)Nc3ccncc32)c(C)c1C(=O)NCCN(C)C,CHEMBL1914676,0.4440088213673117,1
CCN(CC)CCNC(=O)c1c(C)[nH]c(/C=C2\C(=O)Nc3ccncc32)c1C,CHEMBL1914677,0.4440088213673117,1
O=C1N/C(=N\c2ccc(O)cc2)S/C1=C\c1c[nH]c2ccccc12,CHEMBL1834042,0.44400328587075566,1
O=C1NC(=S)N/C1=C/c1ccc(-c2ccc3c(c2)CN(CCO)C3=O)s1,CHEMBL3103913,0.4439609981128118,1
CN1CCN(CC(=O)Nc2cccc(-c3cnc4ccccc4n3)c2)CC1,CHEMBL3645546,0.44395492278439885,1
CNCCN(C)Cc1cn[nH]c1-c1ccc(OC(CO)C(C)C)cc1,CHEMBL3589034,0.4439455903271693,1
CC(=O)Nc1ccc(NC(=O)C2Cc3c(-c4cccc(F)c4)ccnc3O2)cc1,CHEMBL2144373,0.44393856006404164,1
NC(=O)c1cccc2c1C(=O)N(C1CCN(Cc3ccc4cc[nH]c4c3)CC1)C2,CHEMBL3698989,0.44393711409744185,1
NC(=O)c1cccc2c1C(=O)N(C1CCN(Cc3ccc4[nH]ccc4c3)CC1)C2,CHEMBL3606016,0.44393711409744185,1
CC1c2cccc(C(N)=O)c2C(=O)N1C1CCN(Cc2ccc3[nH]ccc3c2)CC1,CHEMBL3701700,0.44393711409744185,1
CN1CCN(C(=O)c2ccc3c(c2)C(=O)/C(=C2/C(=O)Nc4ccccc42)N3)CC1,CHEMBL4095039,0.4439353276166786,1
Cc1cc(OCCCN2CC3C(C2)N3C)ccc1-c1nc2c(C)c(F)ccc2[nH]1,CHEMBL1086038,0.4439311640184781,1
c1ccc2[nH]c(-c3ccc(OCCN4CCCC4)cc3)nc2c1,CHEMBL2413559,0.44392369133276116,1
CC(C)NC(=O)c1cc(-c2ccc(NC(=N)N)cc2)on1,CHEMBL3304841,0.4439182789879582,1
O=C(Nc1ccc(C2CCCNC2)cc1)c1cnn(-c2ccccc2)n1,CHEMBL3936416,0.4439170182841066,1
O=C(Nc1ccc(C2CCNC2)cc1)c1cnn(-c2ccccc2)n1,CHEMBL3960309,0.4439170182841066,1
Cn1nccc1-c1cccc(NC(=O)NC2CCN(Cc3ccccc3)CC2)c1,CHEMBL4228811,0.4439164011448936,1
O=C(NCCCNc1nc2ccccc2[nH]1)C1CCNCC1,CHEMBL3581846,0.4439156102695526,1
O=C(CNC(=O)c1ccc(-c2cnccc2OCC2CCNCC2)cc1)Nc1ccccc1,CHEMBL4093545,0.4439018065519922,1
CCOC(=O)C(N)c1ccc(C(=O)Nc2cc(-c3cccs3)ccc2N)cc1,CHEMBL402911,0.44390091183031344,1
O=C(CN1CCN(C(=O)c2ccccc2)CC1)Nc1ccc(/N=C2\SCC(=O)N2Cc2cccs2)cc1,CHEMBL3961904,0.44389201627152036,1
COc1ccc(-c2cn[nH]c2N)cc1-c1cccc(N)c1,CHEMBL3804839,0.4438902743142142,1
Cc1ccc2ncn(-c3cccc(NC4CCNCC4)n3)c2c1,CHEMBL404473,0.4438805160590445,1
Clc1ccc2c(c1)ncn2-c1cccc(NC2CCNCC2)n1,CHEMBL403442,0.4438805160590445,1
Clc1ccc2ncn(-c3cccc(NC4CCNCC4)n3)c2c1,CHEMBL436653,0.4438805160590445,1
Cc1ccc2c(c1)ncn2-c1cccc(NC2CCNCC2)n1,CHEMBL404472,0.4438805160590445,1
Clc1cc2ncn(-c3cccc(NC4CCNCC4)n3)c2cc1Cl,CHEMBL256942,0.4438805160590445,1
c1cc(NC2CCNCC2)nc(-n2cnc3ccccc32)c1,CHEMBL255272,0.4438805160590445,1
CC(C)(CO)Nc1ccc(-c2nc(-c3ccccc3F)no2)cn1,CHEMBL3480978,0.4438784472158789,1
Cc1cc(O)cc(C)c1C[C@H](N)C(=O)N1Cc2ccccc2C[C@H]1C(=O)N[C@H](C)c1nc2ccccc2[nH]1,CHEMBL606603,0.44386549204984943,1
N[C@@H](Cc1ccc(O)cc1)C(=O)N1Cc2ccccc2C[C@H]1C(=O)NCc1nc2ccccc2[nH]1,CHEMBL1213988,0.44386549204984943,1
N[C@@H](Cc1c(F)cc(O)cc1F)C(=O)N1Cc2ccccc2C[C@H]1C(=O)NCc1nc2ccccc2[nH]1,CHEMBL1213987,0.44386549204984943,1
Cc1cc(O)cc(C)c1C[C@H](N)C(=O)N1Cc2ccccc2C[C@@H]1C(=O)NCc1nc2ccccc2[nH]1,CHEMBL3758292,0.44386549204984943,1
Cc1cc(O)cc(C)c1C[C@H](N)C(=O)N1Cc2ccccc2C[C@H]1C(=O)NCc1nc2ccccc2[nH]1,CHEMBL109390,0.44386549204984943,1
Cc1cc(O)cc(C)c1C[C@H](N)C(=O)N1Cc2ccccc2C[C@H]1C(=O)N[C@@H](C)c1nc2ccccc2[nH]1,CHEMBL607479,0.44386549204984943,1
CNC(=O)c1ccc2cc([C@](O)(c3c[nH]cn3)C(C)C)ccc2c1,CHEMBL1921975,0.44386465113776935,1
CNC(=O)c1ccc2cc(C(O)(c3c[nH]cn3)C(C)C)ccc2c1,CHEMBL1682893,0.44386465113776935,1
CNC(=O)c1ccc2cc(C(O)(c3c[nH]cn3)C(C)C)ccc2c1Cl,CHEMBL1682897,0.44386465113776935,1
CNC(=O)c1cc2ccc(C(O)(c3c[nH]cn3)C(C)C)cc2cc1C,CHEMBL1682899,0.44386465113776935,1
CCCNC(=O)c1ccc2cc(C(O)(c3c[nH]cn3)C(C)C)ccc2c1,CHEMBL1682895,0.44386465113776935,1
CCNC(=O)c1ccc2cc(C(O)(c3c[nH]cn3)C(C)C)ccc2c1,CHEMBL1682894,0.44386465113776935,1
CNC(=O)c1ccc2cc(C(O)(c3c[nH]cn3)C(C)C)ccc2c1C,CHEMBL1682898,0.44386465113776935,1
CC(C)C(O)(c1ccc2cc(C(N)=O)ccc2c1)c1c[nH]cn1,CHEMBL1682892,0.44386465113776935,1
O=C(O)C1CCCN(CC(=O)N2CCc3c(n(Cc4cccc(F)c4)c4ncccc34)C2)C1,CHEMBL3677657,0.44385554049057047,1
O=C(O)C1=CCN(CC(=O)N2CCc3c(n(Cc4ccc(C(F)(F)F)s4)c4ncccc34)C2)CC1,CHEMBL3967509,0.44385554049057047,1
O=C(NC1CCNCC1)N1CCC(c2nc(-c3ccc4ccccc4n3)no2)CC1,CHEMBL1823855,0.4438488691332199,1
CC(=O)c1cn(C)c2ccc(-c3ccc(/C=C4\NC(=S)NC4=O)s3)cc12,CHEMBL3103650,0.44384841668108654,1
NC(N)=N/N=C1\c2cc(F)ccc2CC1Sc1nc2ccccc2s1,CHEMBL3217122,0.44384449244060453,1
NC(N)=N/N=C1\c2cccc(Cl)c2CC1Sc1nc2ccccc2s1,CHEMBL3215583,0.44384449244060453,1
NC(N)=N/N=C1\c2cc(Cl)ccc2CC1Sc1nc2ccccc2s1,CHEMBL1197186,0.44384449244060453,1
NC(N)=N/N=C1\c2ccc(Cl)cc2CC1Sc1nc2ccccc2s1,CHEMBL1197144,0.44384449244060453,1
CN(Cc1nc2cccc(CCCN)c2[nH]1)C1CCCc2cccnc21,CHEMBL577021,0.4438143883646435,1
CN1C(=O)C[C@H](c2ccc(NS(C)(=O)=O)cc2)[C@@H]1[C@@H](O)c1ccc(-c2ccccc2)s1,CHEMBL433960,0.44381008149124057,1
Nc1nc(-n2ccc(P(=O)(O)O)c2)c(-c2ccccc2)s1,CHEMBL1650213,0.44380780509812745,1
CN(C)C1CCN(C(=O)c2cc(Cc3c[nH]c(=O)c4cc(Cl)c(Cl)n34)ccc2F)CC1,CHEMBL590327,0.44380625296068205,1
O=C(Nc1cccc2c1C(=O)c1c(-c3ccc(C(=O)N4CCCCC4)s3)n[nH]c1-2)NN1CCOCC1,CHEMBL116331,0.4438056233756003,1
O=C(Nc1cccc2c1C(=O)c1c(-c3ccc(C(=O)N4CCCCCC4)s3)n[nH]c1-2)NN1CCOCC1,CHEMBL332712,0.4438056233756003,1
CC(=O)N1CCC(C(=O)N2CCC(N3CCN(C(=O)c4cc(-c5ccccc5)nc(-c5ccc6c(c5)CC(=O)N6)c4)CC3)CC2)CC1,CHEMBL1170504,0.44379387205163184,1
O=C(O)c1c2n(c3cc(N4CCNCC4)c(F)cc3c1=O)C(c1ccccc1F)S2,CHEMBL142732,0.44378812820761115,1
O=C(O)c1c2n(c3cc(N4CCNCC4)c(F)cc3c1=O)C(c1ccccc1)S2,CHEMBL142111,0.44378812820761115,1
O=C(O)c1c2n(c3cc(N4CCNCC4)c(F)cc3c1=O)C(c1ccc(F)cc1)S2,CHEMBL142314,0.44378812820761115,1
CCOC(=O)C1CCN(Cc2ccccc2)CC1NC(=O)c1ccc2[nH]nc(-c3ccncc3)c2c1,CHEMBL3654623,0.44378735851456214,1
O=C(OCc1ccc(N2C(=O)CNC[C@@H]2C(=O)NCc2ccccc2Cl)cc1)c1ccccc1,CHEMBL1945610,0.443785105997463,1
O=C(OCc1ccc(N2C(=O)CNC[C@@H]2C(=O)NCc2ccccc2)cc1)c1ccccc1,CHEMBL1947029,0.443785105997463,1
Nc1ncc(-c2cnn(C3CCNCC3)c2)cc1-c1nc2cc(Cl)ccc2o1,CHEMBL2032149,0.4437795634581412,1
Nc1ncc(-c2cnn(C3CCNCC3)c2)cc1-c1nc2ccccc2o1,CHEMBL1170608,0.4437795634581412,1
CNc1ncc(-c2cnn(C3CCNCC3)c2)cc1-c1nc2ccccc2o1,CHEMBL1200214,0.4437795634581412,1
CNC(=O)c1cccc(-c2ccc3c(NC(=O)C4CC4)n[nH]c3c2)c1,CHEMBL2048734,0.44377129875047316,1
CC1CCNC(=O)c2cc3ccc(C(=O)Nc4ccccc4C(N)=O)cc3n21,CHEMBL3931737,0.44376251414642653,1
CNC(=O)c1ccccc1NC(=O)c1ccc2cc3n(c2c1)CCCNC3=O,CHEMBL3983084,0.44376251414642653,1
NC(=O)c1ccccc1NC(=O)c1ccc2cc3n(c2c1)CCCNC3=O,CHEMBL1938786,0.44376251414642653,1
CN1C[C@@H]2C[C@H]1CN2c1ccc(-c2ccc3[nH]ncc3c2)nn1,CHEMBL1083303,0.4437570303712035,1
Cn1c2c(c3cc(S(=O)(=O)c4ccc5[nH]ccc5c4)ccc31)C1CCC(C2)N1CCO,CHEMBL3669654,0.443753771876886,1
COc1cccc(CCNC(=O)c2c[nH]c3cc(-c4cn[nH]c4)ccc23)c1,CHEMBL1923176,0.4437463079319048,1
COc1ccc(C(CNC(=O)CN2C(=O)NC(C)(c3ccc4ccccc4c3)C2=O)N2CCCC2)cc1,CHEMBL1867496,0.44374505295691813,1
O=C(NCCN1CCC2(CC1)C(=O)NCN2C(=O)c1cccc(F)c1)c1ccc2ccccc2c1,CHEMBL3561654,0.4437405865154598,1
O=C(/C=C/c1ccc2c(c1)C(=O)NC1(CCN(Cc3ccc(F)cc3)CC1)O2)NO,CHEMBL2391000,0.4437308868501528,1
O=C(/C=C/c1ccc2c(c1)C(=O)NC1(CCN(Cc3ccccc3)CC1)O2)NO,CHEMBL2390999,0.4437308868501528,1
Nc1cccc(-c2ccc(S(=O)(=O)Nc3ccnn3-c3ccccc3)cc2)c1,CHEMBL333108,0.4437242878211594,1
Cc1cc2ccccc2n1CCNC(=O)c1ccc(CN2CCN(C)CC2)cc1,CHEMBL3286709,0.4437133300433185,1
COc1ccc(S(=O)(=O)Nc2n[nH]c3c2CCN(CC2CCNCC2)C3=O)cc1,CHEMBL2407552,0.4437123142910427,1
CC(=O)c1ccc(-c2cnc3c(NC=O)cc(-c4ccc(C(=O)N5CCOCC5)cc4)cn23)cc1,CHEMBL1871089,0.4437112946033617,1
CC(=O)c1cccc(-c2cnc3c(NC=O)cc(-c4ccc(C(=O)N5CCOCC5)cc4)cn23)c1,CHEMBL1900641,0.4437112946033617,1
CN(C)C(=O)c1cccc(-c2cnc3c(NC=O)cc(-c4ccc(C(=O)N5CCOCC5)cc4)cn23)c1,CHEMBL1890777,0.4437112946033617,1
FC1(F)CCN(c2cc(-c3n[nH]c4ccc(-c5cn[nH]c5)cc34)ncn2)CC1,CHEMBL3923796,0.44370786093638154,1
CN1CCN(CC(=O)N(C)c2ccc(N/C(=C3\C(=O)Nc4ccc(C(=O)N(C)C)cc43)c3ccccc3)cc2)CC1,CHEMBL4070814,0.4436916015518276,1
CCN(C)C(=O)c1ccc2c(c1)NC(=O)/C2=C(\Nc1ccc(N(C)C(=O)CN2CCN(C)CC2)cc1)c1ccccc1,CHEMBL1269806,0.4436916015518276,1
CN1Cc2c(C3=CCN(CC(=O)N4CC(CO)C4)CC3)[nH]c3ncc(F)c(c23)-c2cc(F)ccc21,CHEMBL3908119,0.44368330464715994,1
N#Cc1cccc(Nc2cc3cc(NC(=O)N4CCCC4)ccc3[nH]c2=O)c1,CHEMBL3310925,0.4436782612490722,1
NC(=O)Cc1cccnc1CCc1nc(Nc2ccc(C3CCCNC3)cc2)ncc1C(F)(F)F,CHEMBL3692204,0.44366594720239133,1
NC(=O)Cc1cccnc1CCc1nc(Nc2ccc(C3CCNCC3)cc2)ncc1C(F)(F)F,CHEMBL3692197,0.44366594720239133,1
Cc1cc(O)c(-c2ccc(C(C)CS(N)(=O)=O)cc2)c2c1[nH]c(=O)c1sccc12,CHEMBL3672386,0.44366479550922194,1
Cc1[nH]c(/C=C2\C(=O)Nc3ncc(Br)cc32)c(C)c1C(=O)NC1CC1,CHEMBL3597583,0.4436619718309857,1
Cc1[nH]c(/C=C2\C(=O)Nc3ncc(Cl)cc32)c(C)c1C(=O)NC1CC1,CHEMBL3597575,0.4436619718309857,1
Cc1[nH]c(/C=C2\C(=O)Nc3ncc(F)cc32)c(C)c1C(=O)NC1CC1,CHEMBL3597564,0.4436619718309857,1
CC(=O)C1=C(O)C(=O)N(CCc2c[nH]c3ccccc23)C1c1ccc(O)cc1,CHEMBL478324,0.44363371032469884,1
CC(=O)C1=C(O)C(=O)N(CCc2c[nH]c3ccccc23)C1c1cccc(O)c1,CHEMBL500812,0.44363371032469884,1
O=C(NCCN1CCCC1)c1ccc(Cn2c(=S)[nH]c3ccc(Br)cc3c2=O)cc1,CHEMBL1460406,0.4436299427470703,1
O=C(Nc1cc(C(=O)N2CC(O)C2)nn1-c1ccccc1)c1cc(-c2ccccn2)c(F)cc1Cl,CHEMBL3961366,0.443624649277772,1
O=C(Nc1cc(C(=O)N2CC(O)C2)nn1-c1ccccc1)c1cc(-c2ncccc2F)c(F)cc1Cl,CHEMBL3910609,0.443624649277772,1
CN1C(=N)N[C@@]2(c3cc(-c4cccc(C#N)c4)cs3)CN(c3ccc(F)cn3)C[C@H]2C1=O,CHEMBL2178714,0.44360407760605025,1
CN1C(=N)N[C@@]2(c3cc(-c4cccc(C#N)c4)cs3)CN(c3ccccn3)C[C@H]2C1=O,CHEMBL2178153,0.44360407760605025,1
CC(C)[C@H](C(=O)NC1CCNCC1)N1CC(=O)Nc2ccc(Oc3ccccc3)cc2C1=O,CHEMBL2011888,0.4435994481977998,1
O=C1NCc2cccc(-c3cc4cc(OCCCO)ccc4[nH]3)c21,CHEMBL449663,0.4435939397138786,1
CC(C)C(=O)Nc1ccc(C2NC(=O)c3cccnc3N2C)cc1,CHEMBL3593718,0.4435888342874512,1
N=C(N)c1ccc2ccc(CC(C(=O)O)c3ccc(O[C@H]4CCNC4)cc3)cc2c1,CHEMBL19139,0.4435835178176102,1
N=C(N)c1ccc2cc(CC(C(=O)O)c3ccc(O[C@H]4CCNC4)cc3)ccc2c1,CHEMBL279959,0.4435835178176102,1
Nc1ncc(-c2ccsc2)c2ccc(-c3cnc[nH]3)cc12,CHEMBL588142,0.44356723627486616,1
CCCS(=O)(=O)N[C@@H]1CCN(c2ccc3c(c2)[C@@H](Cc2ccccc2)[C@@H](N2CCC2)CC3)C1=O,CHEMBL4159833,0.4435593549640568,1
NC1CCN(C(=O)c2cc(Cc3n[nH]c(=O)c4c3NCCC4)ccc2F)CC1,CHEMBL2058912,0.44355860219059673,1
OCCc1ccc(Nc2ncnc3[nH]cc(-c4ccccc4)c23)cc1,CHEMBL1998773,0.44355289421157673,1
O=S(=O)(NCCCN1CCOCC1)c1cc2c(cc1F)-c1nc(O)c3ccccc3c1C2,CHEMBL365086,0.44354713945357227,1
O=S(=O)(NCCCN1CCOCC1)c1ccc2c(c1)Cc1c-2nc(O)c2ccccc12,CHEMBL426270,0.44354713945357227,1
COc1ccc(C(=O)c2c(C)c3ccccc3n2CC(O)CNC(C)C)cc1,CHEMBL1345789,0.443536720279125,1
O=C1Cc2cc(C(O)CN3CCC(Cc4ccc(F)cc4)CC3)ccc2N1,CHEMBL173092,0.44353195060544265,1
C[C@@H]([C@H](O)c1ccc2c(c1)CC(=O)N2)N1CCC(Cc2ccccc2)CC1,CHEMBL172807,0.44353195060544265,1
C[C@@H]([C@@H](O)c1ccc2c(c1)CC(=O)N2)N1CCC(Cc2ccccc2)CC1,CHEMBL427116,0.44353195060544265,1
N=C(N)Nc1ccc(-c2cc(C(=O)Nc3ccc(O)cc3)n[nH]2)cc1,CHEMBL3596565,0.4435265757290688,1
Nc1cccc(CN2C(=O)NC(Cc3ccccc3)C(O)C2CCc2ccccc2)c1,CHEMBL2296690,0.44352459377339387,1
Nc1cccc(CN2C(=O)N[C@H](Cc3ccccc3)[C@H](O)[C@H]2CCc2ccccc2)c1,CHEMBL288513,0.44352459377339387,1
O=C(Nc1ccc(Cc2n[nH]c(=O)c3c2CCCC3)cn1)c1ccccc1,CHEMBL3908522,0.44352402299970733,1
Oc1ccc(C2=Cc3cc(CN4CCOCC4)c(O)cc3OC2)cc1,CHEMBL3633915,0.44351107317730537,1
CN1CCN(CC(O)COc2ccc3c(c2)CCCN3Cc2ccccc2)CC1,CHEMBL457514,0.4435054626949294,1
CN1C(=N)N[C@](C)(c2sc(-c3nnc(-c4ccc(Cl)cc4)o3)cc2Cl)CS1(=O)=O,CHEMBL3915893,0.44350120454284725,1
CN1C(=N)N[C@](C)(c2cc(-c3nnc(-c4ccccc4)o3)ccc2F)CS1(=O)=O,CHEMBL3984724,0.44350120454284725,1
CN1C(=N)N[C@](C)(c2sc(-c3nnc(-c4ccccc4)o3)cc2Cl)CS1(=O)=O,CHEMBL3967197,0.44350120454284725,1
CN1C(=N)N[C@](C)(c2sc(-c3nnc(-c4ccc(F)cc4)o3)cc2Cl)CS1(=O)=O,CHEMBL3975679,0.44350120454284725,1
CN1C(=N)N[C@](C)(c2sc(-c3nnc(-c4ccc(Cl)cc4)o3)cc2F)CS1(=O)=O,CHEMBL3907101,0.44350120454284725,1
CN1C(=N)N[C@](C)(c2sc(-c3nnc(-c4ccc(Cl)cc4F)o3)cc2Cl)CS1(=O)=O,CHEMBL3907865,0.44350120454284725,1
CN1C(=N)N[C@](C)(c2cc(-c3nnc(-c4ccc(Cl)cc4)o3)ccc2F)CS1(=O)=O,CHEMBL3899548,0.44350120454284725,1
CN1C(=N)N[C@](C)(c2sc(-c3nnc(-c4ccc(F)c(F)c4)o3)cc2Cl)CS1(=O)=O,CHEMBL3916859,0.44350120454284725,1
COC1CCC2(CC1)Cc1ccc(-c3cccnc3)cc1C21N=C(N)N(C)O1,CHEMBL3656139,0.44349699720350255,1
COC1CCC2(CC1)Cc1ccc(-c3cncs3)cc1C21N=C(N)N(C)O1,CHEMBL3906436,0.44349699720350255,1
CCc1cc2c(cc1OC1CCOC1)Cc1c(-c3cccnc3)n[nH]c1-2,CHEMBL563792,0.4434778334807824,1
O=C(CCC(=O)N1CCCCC1)c1ccc2[nH]c3c4c(c5c(c3c2c1)C(=O)NC5=O)CCC4,CHEMBL1935265,0.44347712674035666,1
O=C(CCC(=O)N1CCCC1)c1ccc2[nH]c3c4c(c5c(c3c2c1)C(=O)NC5=O)CCC4,CHEMBL1935264,0.44347712674035666,1
Nc1cccc(-c2ccc(C(=O)NC3CCN(Cc4ccccc4)C3)cc2)c1,CHEMBL424808,0.44345807948941085,1
CN(C)CC(=O)N1c2ccccc2CCc2ccc(NC(=O)c3ccc(N)cc3)cc21,CHEMBL1337826,0.4434514637904466,1
COc1ccc2ncc(C)c(CCN3CCC(NCc4ccc5c(n4)NC(=O)CS5)CC3)c2c1,CHEMBL534261,0.443447320360224,1
c1ccc(-c2oc3ncnc(NCCN4CCNCC4)c3c2-c2ccccc2)cc1,CHEMBL247272,0.44344219502291315,1
NCCNC(=O)c1c(NC(=O)Cn2nc(C(F)(F)F)c3c2CCCC3)sc2c1CCCC2,CHEMBL1257866,0.4434326119562887,1
CNCCNC(=O)c1c(NC(=O)Cn2nc(C(F)(F)F)c3c2CCCC3)sc2c1CCCC2,CHEMBL1257744,0.4434326119562887,1
O=C(N[C@H](Cc1ccc2ccccc2c1)C(=O)N[C@@H](CO)Cc1ccc2ccccc2c1)C1CCNCC1,CHEMBL133848,0.44342096636727224,1
Oc1cncc(-c2ccccc2O[C@H]2C[C@@H]3CNC[C@H]2C3)c1,CHEMBL1209124,0.443409509368569,1
Oc1cncc(-c2ccccc2O[C@@H]2C[C@H]3CNC[C@@H]2C3)c1,CHEMBL1229183,0.443409509368569,1
O=C1COc2ccc(NC(=O)N[C@@H]3CC4(CCC4)Oc4ccc(F)cc43)cc2N1,CHEMBL3677406,0.44339999999999985,1
O=C1COc2ccc(NC(=O)N[C@@H]3CC4(CCCC4)Oc4ccccc43)cc2N1,CHEMBL3677422,0.44339999999999985,1
O=C1COc2ccc(NC(=O)N[C@H]3CC4(CCC4)Oc4ccc(F)cc43)cc2N1,CHEMBL3677420,0.44339999999999985,1
CN(C)CCCn1c(NC(=O)c2ccc3cc4n(c3c2)CC(C)(C)CNC4=O)nc2ccccc21,CHEMBL1933290,0.4433950255848884,1
Cc1cc(C)c(C(=O)NCc2nc(-c3cccc(NC(=O)C4CCCN(C)C4)c3)oc2C)[nH]1,CHEMBL2361059,0.44338581887473644,1
COc1ccc2c(c1)/C(=C/c1cc3c([nH]1)CCN(C(=O)N1CCOCC1)C3)C(=O)N2,CHEMBL2403370,0.4433818631649058,1
O=C(Cc1ccc(-c2n[nH]c(=O)c3ccccc23)cc1)Nc1nc2ccccc2o1,CHEMBL3968518,0.4433766233766234,1
Oc1nc2ccc(C#CCN3CCC(O)(Cc4ccc(F)cc4)CC3)cc2s1,CHEMBL19342,0.44337649120823175,1
Oc1nc2ccc(C#CCN3CCC(O)(Cc4ccc(F)cc4)CC3)cc2o1,CHEMBL19952,0.44337649120823175,1
CC(C)Nc1nnc(SCC(=O)c2c[nH]c3ccccc23)s1,CHEMBL1308366,0.443373998638672,1
CC(=O)N1N=C2c3cc(O)ccc3CC[C@@H]2[C@@H]1c1ccc(O)cc1,CHEMBL222288,0.44336584259469264,1
CN(C)c1ccc(C(=O)NC(=O)Nc2ccc3c(c2)NC(=O)/C3=C\c2ccc[nH]2)cc1,CHEMBL3329663,0.44335557673975184,1
COc1ccc(C(=O)NC(=O)Nc2ccc3c(c2)NC(=O)/C3=C\c2ccc[nH]2)cc1,CHEMBL3329652,0.44335557673975184,1
COc1ccc(C(=O)NC(=O)Nc2ccc3c(c2)/C(=C/c2ccc[nH]2)C(=O)N3)cc1,CHEMBL3329651,0.44335557673975184,1
NC[C@H]1CC[C@H](CNC(=O)c2ccnc3nc(-c4cccs4)[nH]c23)CC1,CHEMBL3717174,0.4433509361497837,1
CN(C)c1ccc(-c2[nH]nc3c2C(=O)c2c(NC(=O)CN4CCC(CN)CC4)cccc2-3)cc1,CHEMBL148995,0.44333916918669414,1
COc1ccc(-c2[nH]nc3c2C(=O)c2c(NC(=O)CN4CCC(CN)CC4)cccc2-3)cc1,CHEMBL149834,0.44333916918669414,1
C[C@@H]1CN(Cc2ccc(-c3cccnc3C(=O)N3CCC(Nc4ccc(C(N)=O)cc4)CC3)cc2)C[C@H](C)N1,CHEMBL461446,0.4433347673775432,1
Nc1ccccc1NC(=O)c1ccc(NC(=O)NCc2cccnc2)cc1,CHEMBL4093482,0.4433312176987938,1
Nc1ccccc1NC(=O)c1ccc(NC(=O)NCc2ccc(F)nc2)cc1,CHEMBL4099703,0.4433312176987938,1
Nc1ccccc1NC(=O)c1ccc(NC(=O)NCc2ccc(Cl)nc2)cc1,CHEMBL4072816,0.4433312176987938,1
O=C1NC(Cc2ccccc2)C(=O)N1c1cc(Cc2n[nH]c(=O)c3c2CCCC3)ccc1F,CHEMBL3945778,0.44332640332640333,1
CNC1CCN(c2ccc(NC(=O)c3ccc(-c4ccccc4)cc3)cn2)C1,CHEMBL425518,0.4433171592412877,1
O=C1NCCC12CCN(c1c(Cl)cncc1-c1ccc(N3CCNCC3)cc1)CC2,CHEMBL3408206,0.443311513930849,1
COc1ccccc1N1CCN(CCCCNC(=O)c2cc3cc(O)ccc3[nH]2)CC1,CHEMBL3133875,0.4432966128811077,1
O=C(NC/C=C/CN1CCN(c2ccccc2OCCF)CC1)c1cc2cc(O)ccc2[nH]1,CHEMBL3139065,0.4432966128811077,1
COC1CCC2(CC1)Cc1ccc(-c3cccnc3)cc1C21N=C(N)N2CCCN=C21,CHEMBL3673211,0.4432834321310157,1
CN1C(=O)C(c2cccc(NC(=O)c3ccco3)c2)(C2CCCCC2)N=C1N,CHEMBL590829,0.44326990838618735,1
CN1C(=O)C(c2cccc(NC(=O)c3cccn3C)c2)(C2CCCCC2)N=C1N,CHEMBL591070,0.44326990838618735,1
Cc1ccoc1C(=O)Nc1cccc(C2(C3CCCCC3)N=C(N)N(C)C2=O)c1,CHEMBL590830,0.44326990838618735,1
O=C(Cc1ccc(O)cc1)N/N=C1\C(=O)Nc2cccc(-c3cccc(F)c3)c21,CHEMBL1822544,0.4432644427797118,1
O=C(Cc1ccc(O)cc1)N/N=C1\C(=O)Nc2ccc(Br)c(-c3cccc(F)c3)c21,CHEMBL1822385,0.4432644427797118,1
O=C(Cc1ccc(O)cc1)N/N=C1\C(=O)Nc2cccc(-c3ccc(F)cc3)c21,CHEMBL1822545,0.4432644427797118,1
CC(C(=O)N/N=C1\C(=O)Nc2cccc(-c3cccc(F)c3)c21)c1ccc(O)cc1,CHEMBL1823256,0.4432644427797118,1
NC(=O)Nc1ccccc1OC[C@@H](O)CN1CCC2(CC1)Cc1cc(Cl)ccc1O2,CHEMBL3099949,0.443262849841309,1
NC(=O)Nc1ccc(F)cc1OC[C@@H](O)CN1CCC2(CC1)Cc1cc(Cl)ccc1O2,CHEMBL3099950,0.443262849841309,1
Cc1n[nH]cc1-c1cc2nc(CCN3CCCC3)[nH]c(=O)c2s1,CHEMBL4073971,0.4432593200348698,1
CN1C(=O)N(c2cccc(C(F)(F)F)c2)C2=C(C(=O)CC2)C1c1ccc(C#N)cc1C(=O)N1CC[C@H](N)C1,CHEMBL3907288,0.4432589718719689,1
CN1C(=O)N(c2cccc(C(F)(F)F)c2)C2=C(C(=O)CC2)C1c1ccc(C#N)cc1C(=O)N1CC[C@@H](N)C1,CHEMBL4111178,0.4432589718719689,1
CN(c1ccccc1)c1nc(C(=O)Nc2ccccc2N2CCNCC2)cs1,CHEMBL2381230,0.4432553055833862,1
Cc1cc(-c2n[nH]c3cc(NC(=O)NC4(c5ccccn5)CCC4)ncc23)ccn1,CHEMBL3658719,0.44325452492558265,1
Cc1cc(-c2n[nH]c3cc(NC(=O)NC4(c5ccccn5)CC4)ncc23)ccn1,CHEMBL3658716,0.44325452492558265,1
COCCOc1ccc(C2CNC(=O)N2c2ccc3[nH]cnc3c2)cc1,CHEMBL3919365,0.4432503404007001,1
O=C(CCCN1CCOCC1)Nc1n[nH]c2nnc(-c3ccccc3)cc12,CHEMBL261518,0.4432298880694791,1
CC(=O)Nc1ccc(CNC[C@@H]2CCN(CCc3c[nH]c4ccc(-n5cnnc5)cc34)C2)cc1,CHEMBL349390,0.4432293647774821,1
Cn1c(=O)[nH]c2ncc(-c3cccc(C(=O)NCCN)c3)cc21,CHEMBL1963530,0.44322169750010826,1
COc1ccc2nc(NC(=O)CCN3C(S)=NC(C)(C)CC3C)sc2c1,CHEMBL1382100,0.4431944812947729,1
C1=CC2=C(Cc3nnc(Cc4nc5ccccc5[nH]4)o3)CNC2C=C1,CHEMBL4087489,0.44318137427243254,1
CC(C)C(=O)NCc1ccc(Cl)c(-c2nc3ccccc3c(=O)[nH]2)c1,CHEMBL3342701,0.4431756389342033,1
CC(C)C(=O)NCc1ccc(Cl)c(-c2nc3cc(F)ccc3c(=O)[nH]2)c1,CHEMBL3342702,0.4431756389342033,1
CN[C@H](C)C(=O)Nc1cc(-c2ncnc3oc(C)c(C)c23)cc(C#Cc2ccccc2)n1,CHEMBL4112542,0.4431713672593501,1
COc1ccccc1C(=O)c1cccc(/C=c2\[nH]c(=O)/c(=C/c3nc[nH]c3C(C)(C)C)[nH]c2=O)c1,CHEMBL2048711,0.4431708623460095,1
O=C1Cc2c(cccc2-c2ccc3cc(NC(=O)C4CC4)ncc3c2)N1,CHEMBL3685150,0.44316840184608786,1
O=C(NCCCN1CCOCC1)c1cc(-c2ccc3c(c2)OCO3)nc2ccccc12,CHEMBL1574864,0.44316237760710503,1
CCCN(CCN1CCN(c2ccccc2)CC1)C1CCc2ccc3nc[nH]c3c2C1,CHEMBL2387705,0.4431456381333575,1
CN1CCC(c2cc3c(-c4nc(NCc5nnc[nH]5)ccc4Cl)ccnc3[nH]2)CC1,CHEMBL3668449,0.4431288408561137,1
CNCCNC(=O)c1cc2c([nH]c3ccccc32)c(C(=O)c2c[nH]c3ccccc23)n1,CHEMBL1910727,0.4431226967266421,1
NCCNC(=O)c1cc2c([nH]c3ccccc32)c(C(=O)c2c[nH]c3ccccc23)n1,CHEMBL1910723,0.4431226967266421,1
CN1CCc2cc(-c3nc4c(C(N)=O)cc(F)cc4[nH]3)sc2C1,CHEMBL4288557,0.44310692303502375,1
CN1CCc2sc(-c3nc4c(C(N)=O)cc(F)cc4[nH]3)cc2C1,CHEMBL4291982,0.44310692303502375,1
CN1CCc2cc(-c3nc4c(C(N)=O)cccc4[nH]3)sc2C1,CHEMBL4276836,0.44310692303502375,1
CN1CCc2sc(-c3nc4c(C(N)=O)cccc4[nH]3)cc2C1,CHEMBL4279230,0.44310692303502375,1
CCN1CCc2sc(-c3nc4c(C(N)=O)cccc4[nH]3)cc2C1,CHEMBL4278820,0.44310692303502375,1
Cc1c(C(=O)c2ccccc2O)c2ccccc2n1CCN1CCOCC1,CHEMBL317198,0.4431053676007936,1
O=C1CCc2cccc(OC[C@@H](O)CN3CCC4(CC3)Cc3cc(Cl)ccc3O4)c2N1,CHEMBL3099952,0.4431050368550367,1
O=c1ccc2cccc(OC[C@@H](O)CN3CCC4(CC3)Cc3cc(Cl)ccc3O4)c2[nH]1,CHEMBL3099953,0.4431050368550367,1
CN1CCN(CCCn2c3ccc(O)cc3c3c4c(c(-c5ccccc5)cc32)C(=O)NC4=O)CC1,CHEMBL453347,0.4430801079742648,1
O=C(Nc1cc(-c2ccncc2)[nH]n1)C1Cc2ccc3ccccc3c2C1,CHEMBL350690,0.44307888165303827,1
O=C(NC1CC2(CCN(CCO)CC2)c2ccccc21)c1ccno1,CHEMBL3498934,0.44307626983705717,1
O=C(NC1CC2(CCN(CCO)CC2)c2ccccc21)c1ccncc1,CHEMBL3555149,0.44307626983705717,1
CC(C)(C)NS(=O)(=O)c1ccccc1-c1ccc(-c2cnc3[nH]cnc3n2)c(F)c1,CHEMBL3693186,0.4430732484076431,1
O=C(C1CC1)N1CC[C@@H](CN2C(=O)C3(CC3)N=C2c2ccc(-c3nc4ccccc4[nH]3)cc2)C1,CHEMBL4127681,0.44306899319785364,1
COc1ccc(F)cc1-c1ccnc2[nH]c(C3=CCN(CC(=O)O)CC3)cc12,CHEMBL3668495,0.44305740304921704,1
Clc1ccc2c(NCCOc3ccc(C4=NCCN4)cc3)ccnc2c1,CHEMBL4302543,0.44305499529380127,1
NS(=O)(=O)c1ccc2c(c1)/C(=C/c1c[nH]c3ccccc13)C(=O)N2,CHEMBL321955,0.4430534064800486,1
CC(C)CNC(=O)Nc1ccc(-c2csc3ncnc(N)c23)cc1,CHEMBL196396,0.4430495891896399,1
Cc1nn2c(=O)cc(-c3ccc(C(N)=O)cc3)[nH]c2c1Cc1ccc(Cl)cc1,CHEMBL3718878,0.4430480284059053,1
CN(C)CCNC(=O)c1cccc(-c2ccc3nccc(-c4ccncc4)c3n2)c1,CHEMBL4126982,0.44303969548667754,1
CN(C(=O)c1ccccc1)c1ccc2c(c1)[nH]/c(=N\C(=O)c1ccc(N3CCCCC3)s1)n2CCC(N)=O,CHEMBL481901,0.44303586321934907,1
CN(C(=O)c1ccccc1)c1ccc2c(c1)[nH]/c(=N\C(=O)c1ccc(N3CCCC3)s1)n2CCC(N)=O,CHEMBL481567,0.44303586321934907,1
NS(=O)(=O)c1ccc(-c2cnc3cccc(Nc4ccccn4)c3c2)cc1,CHEMBL400863,0.44303210601553134,1
CC(C)[C@H]1CN2CCC[C@H]2CN1C(=O)N1Cc2c(NC(=O)c3ccc(F)cc3F)n[nH]c2C1(C)C,CHEMBL3662811,0.44302767227346723,1
O=C1CN(c2csc(-c3cccc(NC4CCCCC4)c3)c2Cl)S(=O)(=O)N1,CHEMBL241461,0.4430190499156012,1
Cc1c(N2CC(=O)NS2(=O)=O)csc1-c1cccc(NC2CCCCC2)c1,CHEMBL393537,0.4430190499156012,1
C[C@H]1CN2CCC[C@H]2CN1C(=O)N1Cc2c(NC(=O)c3cnc4ccccc4n3)n[nH]c2C1(C)C,CHEMBL3662885,0.44301521092988977,1
OC(Cc1c[nH]c2ccc(-n3cnnc3)cc12)CN1CCN(Cc2ccccc2)CC1,CHEMBL304197,0.4430147593956512,1
NCCCC[C@@H](C(=O)NCCc1ccccc1)N1Cc2[nH]c3ccccc3c2C[C@@H](NC(=O)Cc2ccccc2)C1=O,CHEMBL447455,0.4430101217544375,1
CC(C)C(=O)Nc1ccc2cc3cccc4c3c(c2c1)C(=O)N(CCN(C)C)C4=O,CHEMBL2281897,0.44300959182826033,1
COc1ccc2nccc([C@@H](O)CN3CCC(NCc4cc5oc(=O)[nH]c5cc4F)CC3)c2c1,CHEMBL530258,0.44300417246175233,1
COc1ccc2ncc(F)c([C@H](O)CN3CCC(NCc4ccc5c(c4)NC(=O)CS5)CC3)c2c1,CHEMBL527675,0.44300417246175233,1
COc1ccc2nccc([C@@H](O)CN3CCC(NCc4cc5oc(=O)[nH]c5cc4Cl)CC3)c2c1,CHEMBL534597,0.44300417246175233,1
COc1ccc2nccc([C@@H](O)CN3CCC(NCc4ccc5c(c4)NC(=O)C(C)S5)CC3)c2c1,CHEMBL547032,0.44300417246175233,1
COc1ccc2nccc([C@@H](O)CN3CCC(NCc4ccc5c(c4)NC(=O)CS5)CC3)c2c1,CHEMBL547053,0.44300417246175233,1
COc1ccc2nccc([C@@H](O)CN3CCC(NCc4ccc5sc(=O)[nH]c5c4)CC3)c2c1,CHEMBL547214,0.44300417246175233,1
CN(CCN)Cc1c[nH]nc1-c1ccc(N2CCN(C(=O)Cc3ccccc3)CC2)cc1,CHEMBL3589041,0.44299100102050276,1
Cc1ccsc1C(=O)Nc1cc(CN2CCN(C(=O)CO)CC2)ccc1/C=C/c1n[nH]c2ccccc12,CHEMBL5283463,0.4429900807853564,1
O=C(N[C@@H](Cc1c[nH]c2ccccc12)C(=O)Nc1ccncc1)c1ccc(N2CCNCC2)cc1F,CHEMBL3040390,0.4429881665364696,1
CNC(=S)NNC(=O)Cn1c(-c2ccc(OCc3ccccc3)cc2)nc2ccccc21,CHEMBL261671,0.4429784712620975,1
O=c1oc2cc(NCCN3CCOCC3)ccc2cc1-c1nc2ccccc2[nH]1,CHEMBL2397416,0.4429751077070369,1
O=C(NCCN1CCC(n2c(=O)[nH]c3ccc(F)cc32)CC1)c1cccc2c1C(=O)c1ccccc1-2,CHEMBL1901527,0.4429678483099753,1
O=C1Cc2c(cccc2N2CCN(CC3CCc4[nH]c5ccc(F)cc5c4C3)CC2)N1,CHEMBL571464,0.4429671968190852,1
O=c1[nH]c2cccc(N3CCN(CC4CCc5c([nH]c6ccc(F)cc56)C4)CC3)c2o1,CHEMBL566380,0.4429671968190852,1
O=c1[nH]c2cccc(N3CCN(CC4CCc5[nH]c6ccc(F)cc6c5C4)CC3)c2o1,CHEMBL569513,0.4429671968190852,1
O=C(Nc1cncc(Cn2c(=O)[nH]c(=O)c3ccccc32)c1)[C@H]1CCNC1,CHEMBL4084234,0.44296355680261906,1
O=C(Nc1cc(Cn2c(=O)[nH]c(=O)c3ccccc32)cnc1Cl)[C@H]1CCNC1,CHEMBL4101084,0.44296355680261895,1
O=C(Nc1cc(Cn2c(=O)[nH]c(=O)c3ccccc32)cnc1F)[C@H]1CCNC1,CHEMBL4117146,0.44296355680261895,1
O=C(Nc1cc(Cn2c(=O)[nH]c(=O)c3ccccc32)cnc1Br)[C@H]1CCNC1,CHEMBL4116949,0.44296355680261895,1
Cc1c(Nc2c(C#N)cncc2/C=C/CCN2CC[C@H](N)C2)ccc2[nH]ccc12,CHEMBL606148,0.44296180936537694,1
Cc1c(Nc2c(C#N)cncc2/C=C/CCN2CC(N)C2)ccc2[nH]ccc12,CHEMBL596172,0.44296180936537694,1
Cc1c(Nc2c(C#N)cncc2/C=C/CCN2CC[C@@H](N)C2)ccc2[nH]ccc12,CHEMBL595733,0.44296180936537694,1
CC(C)Oc1cccc(-c2c[nH]c3ccc(-c4nnc(N)o4)nc23)c1,CHEMBL3954897,0.4429559841012806,1
CC(C)Oc1ccc(F)c(-c2c[nH]c3ccc(-c4nnc(N)o4)nc23)c1,CHEMBL3923772,0.4429559841012806,1
CC(C)(O)[C@@H]1Cc2cc3c(cc2O1)O[C@H](c1ccc(O)cc1)CC3=O,CHEMBL3577242,0.44295020762695697,1
O=C(N[C@@H](Cc1c[nH]c2ccc(O)cc12)C(=O)Nc1ccncc1)C1CCCCC1,CHEMBL2431641,0.44294763852136954,1
Cc1[nH]c(/C=C2\C(=O)Nc3ncc(F)cc32)c(C)c1C(=O)NCCOc1ccccc1,CHEMBL3597565,0.44294136465426615,1
CC(C)(NC(=O)c1ccc2c(=O)c3ccccc3[nH]c2c1)c1cccnc1,CHEMBL397960,0.4429295958990021,1
CC(C)(NC(=O)c1cc2[nH]c3ccccc3c(=O)c2cc1F)c1cccnc1,CHEMBL231660,0.4429295958990021,1
CC(C)(NC(=O)c1ccc2c(=O)c3ccccc3[nH]c2c1)c1ccncc1,CHEMBL230733,0.4429295958990021,1
CC(=O)NCC(=O)N1CCC(Nc2ncc(Cl)c(-c3c[nH]c4ccccc34)n2)CC1,CHEMBL245535,0.4429210855276422,1
Cc1ncc(C(=O)NC2CC2)cc1-c1ccc2c(c1)NC(=O)C21CCCC1,CHEMBL1825155,0.44292076887013593,1
O=C(NCCCN1CCOCC1)c1cccc2c(=O)c3ccccc3[nH]c12,CHEMBL485294,0.4429200103546463,1
CN1Cc2c(C3=CC4CN(S(C)(=O)=O)CC4C3)[nH]c3nccc(c23)-c2cc(F)ccc21,CHEMBL3914697,0.4428992019834197,1
c1cnc(O[C@H]2C[C@H](Nc3nc4ccccc4[nH]3)C2)c(C2CCOCC2)c1,CHEMBL3647600,0.4428983327065312,1
c1cnc(O[C@H]2C[C@@H](Nc3nc4ccccc4[nH]3)C2)c(C2CCOCC2)c1,CHEMBL3647599,0.4428983327065312,1
CCn1cc(C(=O)NCc2ccc(OC)cc2)c(=O)c2cc(F)c(N3CCNC(C)C3)c(F)c21,CHEMBL2380360,0.44289619561090415,1
O=C(c1ccccc1-c1ncc[nH]1)N1CCCC(Nc2ccc(F)cc2)C1,CHEMBL1711402,0.44289557348985065,1
CCN(CC)CCNC(=O)c1c(C)[nH]c(/C=C2\C(=O)Nc3ccc(OC)cc32)c1C,CHEMBL2153823,0.4428950211136204,1
CCN(CC)CCNC(=O)c1c(C)[nH]c(/C=C2\C(=O)Nc3ccc(O[11CH3])cc32)c1C,CHEMBL2153824,0.4428950211136204,1
NC(=O)c1cc(-c2c[nH]c3ncccc23)cc(N[C@H]2CC[C@H](O)CC2)n1,CHEMBL2322676,0.44288636663587194,1
O=C(CN1CCCC1)Nc1ccc2c(c1)C(=O)c1cccc3ccnc-2c13,CHEMBL397782,0.4428817204301074,1
CN1CCN(CCNC(=O)c2cn(-c3ccc(F)cc3F)nc2-c2ccccc2Cl)CC1,CHEMBL2441525,0.4428602477722231,1
CN1C(=N)N[C@](C)(c2sc3c(-c4ccc(C5CC5)nc4)cccc3c2F)CS1(=O)=O,CHEMBL3930419,0.44285475932259927,1
CCC[C@H]1C(=O)N([C@@H](Cc2ccc3ccccc3c2)C(=O)NC)CCN1C(=O)[C@@H](Cc1ccc(F)cc1)NC(=O)C(C)(C)N,CHEMBL453734,0.44283078184800423,1
CN1CCN(C(=O)C2=C[C@H](c3ccccc3)C[C@H](OCc3ccc(CO)cc3)O2)CC1,CHEMBL1456996,0.44282797345584496,1
CN1CCN(C(=O)C2=C[C@@H](c3ccccc3)C[C@@H](OCc3ccc(CO)cc3)O2)CC1,CHEMBL1452647,0.44282797345584496,1
CN1CCN(C(=O)C2=C[C@H](c3ccc(C(F)(F)F)cc3)C[C@H](OCc3ccc(CO)cc3)O2)CC1,CHEMBL1902333,0.44282797345584496,1
CN1CCN(C(=O)C2=C[C@@H](c3ccc(C(F)(F)F)cc3)C[C@@H](OCc3ccc(CO)cc3)O2)CC1,CHEMBL1303725,0.44282797345584496,1
CN1CCN(C(=O)C2=C[C@@H](c3ccc(Br)cc3)C[C@@H](OCc3ccc(CO)cc3)O2)CC1,CHEMBL1882596,0.44282797345584496,1
CNCC1Cc2cccc3c(C4=C(c5c[nH]c6cc(F)ccc56)C(=O)NC4=O)cn(c23)C1,CHEMBL538270,0.44281641254493626,1
Cc1[nH]nc(N)c1-c1nc2ccc(CN3CCCC3)cc2s1,CHEMBL3685719,0.44281068205762414,1
CCc1cc(O)ccc1-c1ccc2c(-c3nc4c([nH]3)CN(S(C)(=O)=O)CC4)n[nH]c2c1,CHEMBL4069951,0.44279934062640464,1
CC(=O)NC[C@@H]1OC(=O)N2c3cc(F)c(C4=CCN(C(=O)[C@@H]5CCCN5)CC4)cc3OC[C@@H]12,CHEMBL4117778,0.44279223461379613,1
NS(=O)(=O)c1cccc(-c2n[nH]c3ccc(C(=O)NC4(c5ccccc5)CC4)cc23)c1,CHEMBL3330278,0.4427839116719242,1
N=C1Sc2cc(-c3cccc(O)c3)ccc2C2=NCCCN12,CHEMBL2159031,0.44278376990241386,1
Cc1cc2c(cc1Cl)NC(=O)C2(NC(=O)CN1CCN(C)CC1)c1cccc(Cl)c1,CHEMBL2164495,0.4427829955511615,1
CN1CCN(CC(=O)NC2(c3ccc(Cl)c(Cl)c3)C(=O)Nc3cc(Cl)ccc32)CC1,CHEMBL2164830,0.4427829955511615,1
CN1CCN(CC(=O)NC2(c3ccc(Cl)cc3)C(=O)Nc3cc(Cl)c(Cl)cc32)CC1,CHEMBL2164491,0.4427829955511615,1
Cc1ccc2c(c1Cl)C(NC(=O)CN1CCN(C)CC1)(c1ccc(Cl)cc1)C(=O)N2,CHEMBL2164493,0.4427829955511615,1
CN1CCN(CC(=O)NC2(c3ccc(Cl)cc3)C(=O)Nc3cc(Cl)c(Cl)c(Cl)c32)CC1,CHEMBL2164829,0.4427829955511615,1
CN1CCN(CC(=O)N[C@]2(c3ccc(Cl)cc3)C(=O)Nc3cc(Cl)c(Cl)cc32)CC1,CHEMBL2164826,0.4427829955511615,1
CN1CCN(CC(=O)NC2(c3ccc(Cl)cc3)C(=O)Nc3cc(Cl)ccc32)CC1,CHEMBL2164827,0.4427829955511615,1
Cc1cc2c(cc1Cl)NC(=O)C2(NC(=O)CN1CCN(C)CC1)c1ccc(Cl)cc1,CHEMBL2164494,0.4427829955511615,1
Cc1cc2c(cc1Cl)NC(=O)C2(NC(=O)CN1CCN(C)CC1)c1ccccc1Cl,CHEMBL2164496,0.4427829955511615,1
CN1CCN(CC(=O)NC2(c3ccc(Cl)cc3)C(=O)Nc3c(Cl)cc(Cl)cc32)CC1,CHEMBL2164828,0.4427829955511615,1
Cc1cc2c(cc1Cl)C(NC(=O)CN1CCN(C)CC1)(c1ccc(Cl)cc1)C(=O)N2,CHEMBL2164834,0.4427829955511615,1
Cc1cc2c(cc1Cl)NC(=O)C2(NC(=O)CN1CCN(C)CC1)c1ccc(Cl)cc1Cl,CHEMBL2164498,0.4427829955511615,1
CN1CCN(CC(=O)NC2(c3ccc(Cl)cc3)C(=O)Nc3cc(Cl)cc(Cl)c32)CC1,CHEMBL2164831,0.4427829955511615,1
CCN1CCN(CC(=O)NC2(c3ccc(Cl)cc3)C(=O)Nc3cc(Cl)c(C)cc32)CC1,CHEMBL2164508,0.4427829955511615,1
Cc1cc2c(cc1Cl)NC(=O)C2(NC(=O)CN1CCN(C)CC1)c1ccc(Cl)c(Cl)c1,CHEMBL2164497,0.4427829955511615,1
CCN1CCN(CC(=O)NC2(c3ccc(Cl)cc3)C(=O)Nc3cc(Cl)c(Cl)cc32)CC1,CHEMBL2164823,0.4427829955511615,1
CN1CCN(CC(=O)NC2(c3ccc(Cl)c(Cl)c3)C(=O)Nc3cc(Cl)cc(Cl)c32)CC1,CHEMBL2164832,0.4427829955511615,1
COc1ccc(/C=C2\SC(NC3=NN(C(C)=O)C(C)(c4ccccc4)S3)=NC2=O)cc1,CHEMBL4243218,0.44278274803044465,1
COc1cccc(/C=C2\SC(NC3=NN(C(C)=O)C(C)(c4ccccc4)S3)=NC2=O)c1,CHEMBL4243138,0.44278274803044465,1
NC[C@H]1CC[C@H](C(=O)N2CCc3ccccc3[C@H]2C(=O)Nc2ccc(C(=O)O)cc2)CC1,CHEMBL3977935,0.4427811344575702,1
CC(C)NC(=O)[C@H]1CC[C@@H](n2/c(=N/C(=O)c3ccc(F)cc3)[nH]c3ccc(CN4CCC[C@H]4C(N)=O)cc32)CC1,CHEMBL2172307,0.4427761855132883,1
N[C@@H]1C[C@H]1c1ccc(NC(=O)c2cccn2CC(=O)c2ccccc2)cc1,CHEMBL3736560,0.4427742616033753,1
CC(C)COc1cccc(-c2cc(NC(=O)[C@H]3CNC(=O)C3)nn2-c2ccccc2)c1,CHEMBL3690931,0.4427702881311127,1
CC(C)COc1cccc(-c2cc(NC(=O)[C@@H]3CNC(=O)C3)nn2-c2ccccc2)c1,CHEMBL3690930,0.4427702881311127,1
CC(C)Oc1cccc(-c2c[nH]c3ccc(-c4noc(N)n4)cc23)n1,CHEMBL3897123,0.44276670062581847,1
CN1CCN(c2ccc3nc(-c4ccc5nc(-c6ccc(OCCOCCO)cc6)[nH]c5c4)[nH]c3c2)CC1,CHEMBL3819509,0.4427589355927044,1
NC(=O)c1cccc2[nH]c(-c3cccc(CN4CCCC4)c3)nc12,CHEMBL81077,0.4427582999011569,1
NC(=O)c1cccc2[nH]c(-c3ccc(CN4CCCCC4)cc3)nc12,CHEMBL419475,0.4427582999011569,1
NC(=O)c1cccc2[nH]c(-c3cccc(CN4CCCCC4)c3)nc12,CHEMBL84328,0.4427582999011569,1
NC(=O)c1cccc2[nH]c(-c3ccc(CN4CCCC4)cc3)nc12,CHEMBL312135,0.4427582999011569,1
CCCN(CCC)C(=O)C1=Cc2ccc(C(=O)Nc3ccc(CCN)cc3)cc2N=C(N)C1,CHEMBL3931979,0.44275168100813445,1
CCCN(CCC)C(=O)C1=Cc2ccc(C(=O)Nc3cccc(CCN)c3)cc2N=C(N)C1,CHEMBL3939801,0.44275168100813445,1
COc1ccc2c(c1)c(CCNC(C)=O)cn2-c1c[nH]nc1-c1ccccc1,CHEMBL1289262,0.4427510001905125,1
Cc1cc(C#N)cnc1C(=O)Nc1ccc(Cl)c([C@@]2(C(F)F)N=C(N)O[C@@H]3C[C@@H]32)c1,CHEMBL3688652,0.44274911032028474,1
N#Cc1ccc(C(=O)Nc2cc(F)c(F)c([C@]3(C(F)F)N=C(N)O[C@H]4C[C@H]43)c2)nc1,CHEMBL3683863,0.44274911032028474,1
Cc1cc(NC(=O)c2ncc(C#N)cc2Cl)cc([C@@]2(C(F)F)N=C(N)O[C@@H]3C[C@@H]32)c1F,CHEMBL3683884,0.44274911032028474,1
N#Cc1cnc(C(=O)Nc2ccc(F)c([C@]3(C(F)F)N=C(N)O[C@H]4C[C@H]43)c2)c(Cl)c1,CHEMBL3683821,0.44274911032028474,1
Cc1cc(C#N)cnc1C(=O)Nc1cc(F)c(F)c([C@@]2(CF)N=C(N)O[C@@H]3C[C@@H]32)c1,CHEMBL3683809,0.44274911032028474,1
N#Cc1cnc(C(=O)Nc2ccc(Cl)c([C@@]3(CF)N=C(N)O[C@@H]4C[C@@H]43)c2)c(F)c1,CHEMBL3688824,0.44274911032028474,1
Cc1cc(C#N)cnc1C(=O)Nc1cc(F)c(C)c([C@@]2(C(F)F)N=C(N)O[C@@H]3C[C@@H]32)c1,CHEMBL3688733,0.44274911032028474,1
N#Cc1ccc(C(=O)Nc2cc(F)c(Cl)c([C@]3(CF)N=C(N)O[C@H]4C[C@H]43)c2)nc1,CHEMBL3683887,0.44274911032028474,1
N#Cc1ccc(C(=O)Nc2ccc(Cl)c([C@@]3(C(F)F)N=C(N)O[C@@H]4C[C@@H]43)c2)nc1,CHEMBL3683849,0.44274911032028474,1
Cc1cc(C#N)cnc1C(=O)Nc1ccc(Cl)c([C@@]2(CF)N=C(N)O[C@@H]3C[C@@H]32)c1,CHEMBL3688708,0.44274911032028474,1
Cc1cc(C#N)cnc1C(=O)Nc1cc(F)c(C)c([C@]2(C(F)F)N=C(N)O[C@H]3C[C@H]32)c1,CHEMBL3688734,0.44274911032028474,1
N#Cc1ccc(C(=O)Nc2ccc(Cl)c([C@@]3(CF)N=C(N)O[C@@H]4C[C@@H]43)c2)nc1,CHEMBL3688702,0.44274911032028474,1
N#Cc1cnc(C(=O)Nc2ccc(F)c([C@]3(CF)N=C(N)O[C@H]4C[C@H]43)c2)c(Cl)c1,CHEMBL3688655,0.44274911032028474,1
N#Cc1cnc(C(=O)Nc2ccc(Cl)c([C@@]3(CF)N=C(N)O[C@@H]4C[C@@H]43)c2)c(Cl)c1,CHEMBL3683878,0.44274911032028474,1
Cc1cc(C#N)cnc1C(=O)Nc1cc(Cl)c(F)c([C@@]2(CF)N=C(N)O[C@@H]3C[C@@H]32)c1,CHEMBL3683847,0.44274911032028474,1
N#Cc1ccc(C(=O)Nc2cc(Cl)c(F)c([C@@]3(CF)N=C(N)O[C@@H]4C[C@@H]43)c2)nc1,CHEMBL3683844,0.44274911032028474,1
N#Cc1ccc(C(=O)Nc2ccc(Cl)c([C@]3(CF)N=C(N)O[C@H]4C[C@H]43)c2)nc1,CHEMBL3688703,0.44274911032028474,1
Cc1ccc(NC(=O)c2ccc(C#N)cn2)cc1[C@@]1(C(F)F)N=C(N)O[C@@H]2C[C@@H]21,CHEMBL3688695,0.44274911032028474,1
Cc1cc(C#N)cnc1C(=O)Nc1cc(F)c(Cl)c([C@]2(CF)N=C(N)O[C@H]3C[C@H]32)c1,CHEMBL3683888,0.44274911032028474,1
Cc1cc(C#N)cnc1C(=O)Nc1cc(F)c(F)c([C@]2(CF)N=C(N)O[C@H]3C[C@H]32)c1,CHEMBL3683810,0.44274911032028474,1
N#Cc1cnc(C(=O)Nc2ccc(F)c([C@@]3(C(F)F)N=C(N)O[C@@H]4C[C@@H]43)c2)c(C(F)F)c1,CHEMBL3688819,0.44274911032028474,1
Cc1cc(C#N)cnc1C(=O)Nc1cc(C)c(F)c([C@@]2(C(F)F)N=C(N)O[C@@H]3C[C@@H]32)c1,CHEMBL3683883,0.44274911032028474,1
N#Cc1ccc(C(=O)Nc2ccc(F)c([C@]3(C(F)F)N=C(N)O[C@H]4C[C@H]43)c2)nc1,CHEMBL3683819,0.44274911032028474,1
N#Cc1ccc(C(=O)Nc2cc(F)c(F)c([C@@]3(C(F)F)N=C(N)O[C@@H]4C[C@@H]43)c2)nc1,CHEMBL3683866,0.44274911032028474,1
N#Cc1cnc(C(=O)Nc2ccc(F)c([C@@]3(CF)N=C(N)O[C@@H]4C[C@@H]43)c2)c(Cl)c1,CHEMBL3688656,0.44274911032028474,1
N#Cc1cnc(C(=O)Nc2ccc(F)c([C@@]3(C(F)F)N=C(N)O[C@@H]4C[C@@H]43)c2)c(Cl)c1,CHEMBL3683823,0.44274911032028474,1
N#Cc1ccc(C(=O)Nc2ccc(F)c([C@@]3(CF)N=C(N)O[C@@H]4C[C@@H]43)c2)nc1,CHEMBL3688623,0.44274911032028474,1
Cc1cc(NC(=O)c2ncc(C#N)cc2F)cc([C@@]2(C(F)F)N=C(N)O[C@@H]3C[C@@H]32)c1F,CHEMBL3688822,0.44274911032028474,1
Cc1cc(NC(=O)c2ccc(C#N)cn2)cc([C@@]2(C(F)F)N=C(N)O[C@@H]3C[C@@H]32)c1F,CHEMBL3688815,0.44274911032028474,1
Cc1cc(C#N)cnc1C(=O)Nc1ccc(F)c([C@@]2(C(F)F)N=C(N)O[C@@H]3C[C@@H]32)c1,CHEMBL3683804,0.44274911032028474,1
N#Cc1cnc(C(=O)Nc2ccc(F)c([C@@]3(C(F)F)N=C(N)O[C@@H]4C[C@@H]43)c2)c(F)c1,CHEMBL3639876,0.44274911032028474,1
Cc1cc(C#N)cnc1C(=O)Nc1cc(F)c(Cl)c([C@@]2(CF)N=C(N)O[C@@H]3C[C@@H]32)c1,CHEMBL3683889,0.44274911032028474,1
N#Cc1ccc(C(=O)Nc2ccc(F)c([C@@]3(C(F)F)N=C(N)O[C@@H]4C[C@@H]43)c2)nc1,CHEMBL3683833,0.44274911032028474,1
C[C@]1(c2cc(NC(=O)c3ccc(C#N)cn3)ccc2F)N=C(N)O[C@@H]2CC(F)(F)C[C@@H]21,CHEMBL3261052,0.44274911032028474,1
N#Cc1ccc(C(=O)Nc2cc(F)c(F)c([C@@]3(CF)N=C(N)O[C@@H]4C[C@@H]43)c2)nc1,CHEMBL3683797,0.44274911032028474,1
N#Cc1ccc(C(=O)Nc2cc(F)c(F)c([C@]3(CF)N=C(N)O[C@H]4C[C@H]43)c2)nc1,CHEMBL3683798,0.44274911032028474,1
N#Cc1ccc(C(=O)Nc2ccc(Cl)c([C@]3(C(F)F)N=C(N)O[C@H]4C[C@H]43)c2)nc1,CHEMBL3683850,0.44274911032028474,1
Cc1cc(C#N)cnc1C(=O)Nc1ccc(F)c([C@@]2(CF)N=C(N)O[C@@H]3C[C@@H]32)c1,CHEMBL3688627,0.44274911032028474,1
COc1ccc2cc(C(=O)c3cc4cc(OCCN(C)C)ccc4[nH]3)[nH]c2c1,CHEMBL377873,0.4427477329323873,1
O=C(Nc1ccc(Cl)c(C(=O)N2CCNCC2)c1)c1ccco1,CHEMBL3112624,0.44274715874373693,1
CC(C)Nc1nc2c(-c3cc4c([nH]3)CCNC4=O)cccc2c(=O)n1-c1ccccc1,CHEMBL3892102,0.44273801080922426,1
CC(=O)Nc1cccc(-c2ccnc3c2CC(C(=O)Nc2ccccc2)O3)c1,CHEMBL2355746,0.44273504273504244,1
CC(=O)Nc1ccc(-c2ccnc3c2CC(C(=O)Nc2ccccc2)O3)cc1,CHEMBL1997766,0.44273504273504244,1
O=C(NO)c1ccc2c(c1)CC(Nc1ccccn1)CC2,CHEMBL3357476,0.4427341382461877,1
COc1ccc(C2CC(N3CCN(CCN4CCNC4=O)CC3)c3ccccc32)cc1,CHEMBL306939,0.4427168939629512,1
NC(=O)c1ccc(NC2(c3ccccc3)CNC2)c2cccnc12,CHEMBL3913156,0.4427119695911876,1
O=C1NC(=O)C(Cc2ccc(OCc3nc4ccc(O)cc4[nH]3)cc2)S1,CHEMBL3526766,0.4427094951297491,1
O=C(Nc1cncc(-c2cc(-c3cccnc3)cs2)c1)C1CCNC1,CHEMBL4290096,0.4427077539214591,1
O=C(CSc1nc2ccccc2[nH]1)NN1C(=O)CSC1c1ccccc1O,CHEMBL1087733,0.4427018964415084,1
S=C1CN(CCCc2c[nH]c3ccc(-n4cnnc4)cc23)CCN1Cc1ccccc1,CHEMBL352159,0.442700569925471,1
O=c1c2cn[nH]c2c2cnc(-c3ccccc3CNC3CC3)cc2n1CC(F)(F)F,CHEMBL3586460,0.44269964340628776,1
O=C(c1cc(Cc2n[nH]c(=O)c3c2CCCC3)ccc1F)N1CCN(CCN2CCOCC2)CC1,CHEMBL3890212,0.4426937441643322,1
Cc1c(N)cncc1-c1ccc2cc(NC(=O)C3CC3)ncc2c1,CHEMBL3685178,0.44268133019114914,1
Nc1cncc(-c2ccc3cc(NC(=O)C4CC4)ncc3c2)c1,CHEMBL3685143,0.44268133019114914,1
Cc1ncc(N)cc1-c1ccc2cc(NC(=O)C3CC3)ncc2c1,CHEMBL3689566,0.44268133019114914,1
CN1C(=N)N[C@@](c2cccc(-c3cncc(Cl)c3)c2)(C2CC2)C1=O,CHEMBL2011965,0.4426806707644565,1
CN1C(=N)NC(c2cccc(-c3cncc(Cl)c3)c2)(C2CC2)C1=O,CHEMBL2012069,0.4426806707644565,1
CC#Cc1cncc(-c2cccc([C@@]3(C4CC4)NC(=N)N(C)C3=O)c2)c1,CHEMBL2012070,0.4426806707644565,1
CN1C(=N)NC(c2cccc(-c3cccnc3)c2)(C2CC2)C1=O,CHEMBL2012003,0.4426806707644565,1
Cc1cncc(-c2cccc(C3(C4CC4)NC(=N)N(C)C3=O)c2)c1,CHEMBL2011964,0.4426806707644565,1
CN1C(=N)NC(c2cccc(-c3cncc(F)c3)c2)(C2CC2)C1=O,CHEMBL2012006,0.4426806707644565,1
O=C(N[C@@H]1CCOC1)c1ccc(NC(=O)N2Cc3ccncc3C2)cc1,CHEMBL3905266,0.442679359981648,1
Nc1cc(-c2n[nH]c3ccc(Nc4ccccc4)cc23)ccn1,CHEMBL4060479,0.44267515923566864,1
CCNC[C@@H](NC(=O)c1ccc(-c2cn[nH]c2)c(OC)c1)c1c(F)cccc1F,CHEMBL4107997,0.4426611185416356,1
COc1cc(C(=O)NC(CN)c2ccccc2)ccc1-c1cn[nH]c1,CHEMBL3955270,0.4426611185416356,1
COc1cc(C(=O)N[C@H](CN)c2ccccc2)ccc1-c1cn[nH]c1,CHEMBL4114628,0.4426611185416356,1
Cc1cc2c(cc1N1CCN(C3COC3)CC1)C(C)(C)c1[nH]c3cc(C#N)ccc3c1C2=O,CHEMBL1823219,0.44264202373433487,1
CC1(C)c2cc(N3CCN(C4COC4)CC3)ccc2C(=O)c2c1[nH]c1cc(C#N)ccc21,CHEMBL1779201,0.44264202373433487,1
CC1(C)c2ccc(N3CCN(C4COC4)CC3)cc2C(=O)c2c1[nH]c1cc(C#N)ccc21,CHEMBL1940177,0.44264202373433487,1
CCc1cc2c(cc1N1CCN(C3COC3)CC1)C(C)(C)c1[nH]c3cc(C#N)ccc3c1C2=O,CHEMBL1823221,0.44264202373433487,1
C#Cc1cc2c(cc1N1CCN(C3COC3)CC1)C(C)(C)c1[nH]c3cc(C#N)ccc3c1C2=O,CHEMBL1823220,0.44264202373433487,1
N=C(NCc1ccc(O)cc1)[C@@H]1CCC2=Nc3ccccc3CN21,CHEMBL4238141,0.44264059943157336,1
Cc1c(-c2ccc(C(N)=O)c3[nH]ccc23)cccc1-n1cnc2ccccc2c1=O,CHEMBL4245876,0.44262884538553726,1
O=C(NC1CCCOC1)c1ccc(NC(=O)N2Cc3cccnc3C2)cc1,CHEMBL3977141,0.44262106293545206,1
COC(C)(C)CNC(=O)c1ccc(NC(=O)N2Cc3cccnc3C2)cc1,CHEMBL3982392,0.44262106293545206,1
O=C(N[C@H]1CCOC1)c1ccc(NC(=O)N2Cc3cccnc3C2)cc1,CHEMBL3983731,0.44262106293545206,1
O=C(N[C@@H]1CCOC1)c1ccc(NC(=O)N2Cc3cccnc3C2)cc1,CHEMBL3900072,0.44262106293545206,1
COc1ccc2c(c1F)C(=O)N(C[C@@]1(C#Cc3ccc(C4(O)CCNCC4)cc3)NC(=O)NC1=O)C2,CHEMBL3640319,0.44261889444251984,1
COc1ccc2c(c1)C(=O)N(C[C@@]1(C#Cc3ccc(C4(O)CCNCC4)cc3)NC(=O)NC1=O)C2,CHEMBL3640318,0.44261889444251984,1
CCc1nc(C)c([C@H]2CN(C)C[C@@H]2C(=O)Nc2ccc3[nH]ncc3c2)[nH]1,CHEMBL3480854,0.44260857525268804,1
CN(C)CCCNC(=O)c1ccccc1-c1ccc2c3[nH]ncc3c(=O)n(CC(F)(F)F)c2c1,CHEMBL3907599,0.4426036432160803,1
O=C(Cc1ccc(O)c(Cl)c1)N/N=C1\C(=O)Nc2ccc(C(=O)N3CCC(NC4CC4)CC3)c(Cl)c21,CHEMBL1823248,0.442591348541052,1
O=C(Cc1ccc(O)cc1)N/N=C1\C(=O)Nc2ccc(C(=O)N3CCC(NC4CC4)CC3)c(Cl)c21,CHEMBL1822553,0.442591348541052,1
CC(C(=O)N/N=C1\C(=O)Nc2ccc(C(=O)N3CCC(NC4CC4)CC3)c(Cl)c21)c1ccc(O)cc1,CHEMBL1822556,0.442591348541052,1
Cc1ccc(C(=O)NC2CC2)cc1-c1cnc2c(c1)NC(=O)C21CCCC1,CHEMBL1825163,0.44259133197186284,1
NC1CCc2ccc(CNS(=O)(=O)CC3CC3)cc2C1Cc1ccc(F)c(F)c1,CHEMBL3673307,0.4425889669469077,1
NC1CCc2ccc(CNS(=O)(=O)CC3CC3)cc2C1Cc1ccccc1,CHEMBL3668253,0.4425889669469077,1
O=C(N1CCc2cnc(NC3CCOCC3)nc2C1)N1CCNCC1c1ccccc1,CHEMBL3975431,0.4425820484933785,1
CN1CCCC/C1=N\c1ccc2c(c1)[C@@H](NC(=O)c1ccc(Br)cc1)[C@H](O)C2,CHEMBL3616504,0.44257534246575303,1
Cc1nc2ccc(F)c(-c3cc(C(N)=O)c(C)[nH]3)c2nc1NC1(C)CC1,CHEMBL3891362,0.44257456275606827,1
O=C(N[C@H]1CCCNC1)c1ccnc2nc(-c3ccc(Br)o3)[nH]c12,CHEMBL3716048,0.44256281034610523,1
O=C(Cc1n[nH]c(=O)c2ccccc12)Nc1ccc(CN2CCOCC2)cc1,CHEMBL559630,0.44254887495389134,1
CC(C)S(=O)(=O)N[C@H]1Cc2ccc(-n3nc(C(F)(F)F)c4c3CCCC4)cc2C1,CHEMBL1277365,0.4425486276995075,1
CN1CCN(c2cc(-c3cc(O)c4ncccc4c3)ccn2)CC1,CHEMBL1374245,0.44254336349924567,1
CC1(C)c2cc(-c3nc4c(C(N)=O)cccc4[nH]3)sc2C(C)(C)N1O,CHEMBL459583,0.442538967409076,1
CC(=O)N1CCN(Cc2cccc(-c3cccc(CNC(=O)c4ccc5c(c4)OCO5)c3)c2)CC1,CHEMBL523012,0.4425378514780098,1
O=C1Nc2ccccc2/C1=C1\SC(=S)N(c2ccc(O)cc2)C1=O,CHEMBL1483415,0.4425251902118032,1
O=C1N=C(NCc2ccco2)S/C1=C\c1c[nH]c2ncccc12,CHEMBL484146,0.4425201706151392,1
N=C(N)c1cccc(-c2ocnc2C(=O)Nc2ccc(-c3ccccc3S(N)(=O)=O)cc2)c1,CHEMBL157299,0.4425185608223872,1
CCCCN1Cc2ccc(C(=O)NCCN3CCOCC3)cc2N=C1c1ccc(OC)cc1,CHEMBL602396,0.44250370866631566,1
O=C(N[C@H](Cc1ccc(Cl)cc1)C(=O)N1CCN(c2ccccc2O)CC1)[C@H]1Cc2ccccc2CN1,CHEMBL351705,0.44249375505752364,1
Cn1cc(-c2cc(CN3CCCC3)ccc2OCC2CC2)c2cc[nH]c2c1=O,CHEMBL3930704,0.4424936969974787,1
CN(Cc1ccccc1)C[C@@H]1CCCN1CCc1c[nH]c2ccc(-n3cnnc3)cc12,CHEMBL159683,0.4424750876363777,1
N=C(N)Nc1ccc(CNc2c(Cc3ccccc3)nc3ccccn23)cc1,CHEMBL3741697,0.44246548489176396,1
COc1cccc2c3c([nH]c12)CC1CC3(c2cccc(O)c2)CCN1C,CHEMBL302454,0.44246212812557023,1
CN1CC[C@@H](NC(=O)c2ccc3c(c2)OCCO3)C[C@@H]1c1nc2ccccc2[nH]1,CHEMBL2043432,0.4424618176319369,1
COC1CCN(Cc2nc(-c3ccc(NC(=O)N4Cc5ccccc5C4)cc3)no2)CC1,CHEMBL3946058,0.44245524296675176,1
Nc1ccccc1NC(=O)c1ccc(CNC(=O)c2ccc3nccn3c2)cc1,CHEMBL4099640,0.44245309437132446,1
CCCCCn1c(=O)[nH]c2cc(C(=O)NC3CCN(Cc4ccccc4)CC3)ccc2c1=O,CHEMBL1875480,0.4424509140148948,1
Nc1ccc(-c2ccc(NC(=O)Nc3ccccc3)cc2)cn1,CHEMBL530055,0.44244684403873946,1
Cc1[nH]c(/C=C2\C(=O)Nc3ccc(F)cc32)c(C)c1C(=O)NCC1CCN(C)CC1,CHEMBL13983,0.4424456579933609,1
CC(C)(O)C(=O)N1CC=C(c2ccc(NC(=O)N3Cc4ccccc4C3)cc2)CC1,CHEMBL3929302,0.44244501570979694,1
COc1ccc2c(c1)C(=O)N(C[C@@]1(C#Cc3ccc(CC4CCN(C)CC4)nc3)NC(=O)NC1=O)C2,CHEMBL1287908,0.44244477831410023,1
CCC1CCCCN1CCNC(=O)c1ccc2c(=O)n(Cc3ccccc3F)c(=O)[nH]c2c1,CHEMBL223721,0.4424342786172634,1
O=C(NCCN1CCCCC1)c1ccc2c(=O)n(Cc3ccccc3F)c(=O)[nH]c2c1,CHEMBL225484,0.4424342786172634,1
CC1CCCCN1CCNC(=O)c1ccc2c(=O)n(Cc3ccccc3Cl)c(=O)[nH]c2c1,CHEMBL224311,0.4424342786172634,1
O=C(NCCN1CCCC1)c1ccc2c(=O)n(Cc3ccccc3F)c(=O)[nH]c2c1,CHEMBL376724,0.4424342786172634,1
O=C(NCCN1CCCCC1)c1ccc2c(=O)n(Cc3ccc(F)cc3)c(=O)[nH]c2c1,CHEMBL224778,0.4424342786172634,1
CC1CCCCN1CCNC(=O)c1ccc2c(=O)n(Cc3cccc(F)c3)c(=O)[nH]c2c1,CHEMBL427081,0.4424342786172634,1
CC1CCCCN1CCNC(=O)c1ccc2c(=O)n(Cc3ccc(Cl)cc3)c(=O)[nH]c2c1,CHEMBL224160,0.4424342786172634,1
O=C(NCCN1CCCCC1)c1ccc2c(=O)n(Cc3ccccc3Cl)c(=O)[nH]c2c1,CHEMBL223951,0.4424342786172634,1
O=C(NCCN1CCCC1)c1ccc2c(=O)n(Cc3ccccc3Cl)c(=O)[nH]c2c1,CHEMBL225047,0.4424342786172634,1
O=C(NCCN1CCCCC1)c1ccc2c(=O)n(Cc3ccc(Cl)cc3)c(=O)[nH]c2c1,CHEMBL225601,0.4424342786172634,1
CCC1CCCCN1CCNC(=O)c1ccc2c(=O)n(Cc3ccc(F)cc3)c(=O)[nH]c2c1,CHEMBL223962,0.4424342786172634,1
O=C(NCCN1CCCC1)c1ccc2c(=O)n(Cc3cccc(F)c3)c(=O)[nH]c2c1,CHEMBL426023,0.4424342786172634,1
CCC1CCCCN1CCNC(=O)c1ccc2c(=O)n(Cc3ccc(Cl)cc3)c(=O)[nH]c2c1,CHEMBL225485,0.4424342786172634,1
CC1CCCCN1CCNC(=O)c1ccc2c(=O)n(Cc3ccc(F)cc3)c(=O)[nH]c2c1,CHEMBL224004,0.4424342786172634,1
CCC1CCCCN1CCNC(=O)c1ccc2c(=O)n(Cc3cccc(F)c3)c(=O)[nH]c2c1,CHEMBL224338,0.4424342786172634,1
O=C(NCCN1CCCC1)c1ccc2c(=O)n(Cc3ccc(Cl)cc3)c(=O)[nH]c2c1,CHEMBL388401,0.4424342786172634,1
CCC1CCCCN1CCNC(=O)c1ccc2c(=O)n(Cc3ccccc3Cl)c(=O)[nH]c2c1,CHEMBL224777,0.4424342786172634,1
O=C(NCCN1CCCCC1)c1ccc2c(=O)n(Cc3cccc(F)c3)c(=O)[nH]c2c1,CHEMBL223331,0.4424342786172634,1
CC1CCCCN1CCNC(=O)c1ccc2c(=O)n(Cc3ccccc3F)c(=O)[nH]c2c1,CHEMBL223767,0.4424342786172634,1
O=C(NCCN1CCCC1)c1ccc2c(=O)n(Cc3ccc(F)cc3)c(=O)[nH]c2c1,CHEMBL224726,0.4424342786172634,1
NCCCNC(=O)c1cc2c([nH]c3ccccc32)c(C(=O)c2c[nH]c3ccccc23)n1,CHEMBL1910724,0.44242991714901814,1
Cc1cccc2c(=O)c3ccc(OCC(O)CNC(C)(C)C)cc3oc12,CHEMBL4128231,0.44242679587107625,1
CC(C)NCC(O)COc1ccc2c(=O)c3ccccc3oc2c1,CHEMBL2311749,0.44242679587107625,1
Cc1noc(C)c1-c1cc(O)cc(C(=O)N2CCNCC2)c1,CHEMBL4126757,0.4424242424242424,1
Cc1nc2ccccc2c(=O)n1-c1ccc(OC2CCNCC2)cc1,CHEMBL449178,0.4424014486697311,1
O=C1COc2ccc(S(=O)(=O)Nc3ccc(C4(O)CSC(=S)N4Cc4cccnc4)cc3)cc2N1,CHEMBL4176190,0.44235712873245014,1
COc1ccc(C(=O)N[C@@H]2CCN3CCc4c([nH]c5ccccc45)[C@@H]3C2)cc1,CHEMBL3251954,0.44235050478902405,1
COc1cccc(C(=O)N[C@@H]2CCN3CCc4c([nH]c5ccccc45)[C@@H]3C2)c1,CHEMBL3251955,0.44235050478902405,1
CCCCN1CCN(c2ccc(-c3nc4c(C(N)=O)cccc4[nH]3)cc2)CC1,CHEMBL1970534,0.4423405246003413,1
Cc1cc(-c2n[nH]c3cc(NC(=O)N[C@@H]4COC[C@H]4c4ccccc4)ncc23)ccn1,CHEMBL3663034,0.4423340647284695,1
COC(=O)c1ccc2c(c1)CC(C(=O)Nc1ccc(-c3cn[nH]c3)cc1)CO2,CHEMBL481684,0.44232204803934483,1
NCCCC[C@H](C(=O)NCc1ccccc1)N1Cc2[nH]c3ccccc3c2C[C@@H](NC(=O)Cc2ccccc2)C1=O,CHEMBL462020,0.4423187241854062,1
NCCCC[C@@H](C(=O)NCc1ccccc1)N1Cc2[nH]c3ccccc3c2C[C@@H](NC(=O)Cc2ccccc2)C1=O,CHEMBL227212,0.4423187241854062,1
CNC(=O)NCCCCNC(=O)c1c2ccncc2c(C)c2c1[nH]c1ccccc12,CHEMBL3980708,0.4423153870092917,1
COc1nn(-c2ccccc2)c2cc(N3CCN(C4CCNCC4)C3=O)ccc12,CHEMBL3666127,0.44231530604165015,1
O=C1c2cc(O[C@@H]3CCNC3)ccc2-c2ccc(O[C@@H]3CCNC3)cc21,CHEMBL1950146,0.44231093713090136,1
O=C1Cc2cc(CCN3CCNCC3)c(Cl)cc2N1,CHEMBL3987019,0.4423064869946723,1
CN(C)S(=O)(=O)c1ccccc1-c1ccc(NC(=O)Cc2c[nH]c3ccc(C(=N)N)cc23)cc1,CHEMBL139432,0.4423016674208931,1
CN[C@@H](C)C(=O)Nc1ccc2c(n1)OC1(CCCC1)C(=O)N2c1ccc(Cl)cc1,CHEMBL3975382,0.4422986741697573,1
COc1cc(F)cc2[nH]c(Cc3nc4cc(C(=N)N)ccc4[nH]3)nc12,CHEMBL201843,0.4422844980489535,1
O=C(Nc1cc(Cn2c(=O)[nH]c(=O)c3ccccc32)cnc1F)[C@H]1CCN(C2CCC(F)(F)CC2)C1,CHEMBL4095389,0.4422842019543973,1
O=C(Nc1cccc2ccccc12)NC1CCc2ccccc2N(CC(=O)N2CCCC2)C1=O,CHEMBL168386,0.44228365745138215,1
CNCCNCc1cccc(-n2nc(C(F)(F)F)cc2C(=O)NCCc2c[nH]c3ccccc23)c1,CHEMBL1087878,0.4422630149536993,1
O=C(Nc1n[nH]c2cc(C(=O)NCc3ccccc3)sc12)c1ccc(N2CCOCC2)cc1,CHEMBL1258794,0.4422421587036647,1
O=c1[nH]c2ccc(O)c(-c3ccc(S(=O)(=O)NCCBr)cc3)c2c2c1CCC2,CHEMBL3672262,0.4422411198073448,1
O=c1[nH]c2ccc(O)c(-c3ccc(S(=O)(=O)NCCBr)cc3)c2c2ccsc12,CHEMBL3667226,0.4422411198073448,1
O=c1[nH]c2ccc(O)c(-c3ccc(S(=O)(=O)NCCBr)c(F)c3)c2c2ccsc12,CHEMBL3667254,0.4422411198073448,1
O=c1[nH]c2ccc(O)c(-c3ccc(S(=O)(=O)NCCCl)cc3)c2c2c1CCC2,CHEMBL3672282,0.4422411198073448,1
NS(=O)(=O)c1ccc(-c2c(O)ccc3[nH]c(=O)c4sccc4c23)cc1,CHEMBL3667203,0.4422411198073448,1
O=c1[nH]c2ccc(O)c(-c3ccc(S(=O)(=O)NCCCl)cc3)c2c2ccsc12,CHEMBL3672231,0.4422411198073448,1
CN1CCC(c2c[nH]c3ccc(NS(=O)(=O)c4ccc(F)cc4)nc23)CC1,CHEMBL104968,0.44221908791725406,1
Nc1ccccc1NC(=O)c1ccc(N2CCC3(CC2)CNc2ccccc23)nc1,CHEMBL520050,0.4422190430774122,1
O=C1NC(=O)/C(=C/c2ccc3nccc(-c4ccncc4)c3c2)S1,CHEMBL3544966,0.4422173504541182,1
CC1(C)C(=O)Nc2cc3[nH]c(-c4ccnnc4)nc3cc21,CHEMBL36660,0.4422165672165671,1
COc1ccc(-c2cc3c([nH]2)C(=O)NCC/C3=C2/NC(N)=NC2=O)cc1OC,CHEMBL1947252,0.4422106049290516,1
CC(C)N1C(=O)c2ccccc2C1(O)c1ccc2c(c1)NC(=O)CO2,CHEMBL3970715,0.44221000041983294,1
Cc1[nH]c(/C=C2\C(=O)Nc3ncc(F)cc32)c(C)c1C(=O)NCCOCc1ccccc1,CHEMBL3597566,0.44220354808590073,1
O=C(Nc1ccccc1CCO)N[C@@H]1CCN(Cc2ccc3cc(F)ccc3c2)C1,CHEMBL2159866,0.4422016262011712,1
O=C(CNC(=O)c1cnc2[nH]c(-c3ccccc3)cc2c1)NCCc1c[nH]c2ccccc12,CHEMBL3912650,0.4422003613732183,1
NC(=O)c1cc(-c2ccc(C3CC3)nc2)nc2c1[nH]c1cc(N3CCOCC3)ccc12,CHEMBL3649643,0.44219937123395325,1
O=C(NCc1cn[nH]c1)c1cc([C@@H]2CCNC[C@H]2COc2ccc3c(c2)OCO3)ccc1F,CHEMBL4087244,0.442196341623898,1
NC(=O)[C@@H]1CCCN1C(=O)Nc1nc2ccc(-c3cnc(N)c(C(F)(F)F)c3)cc2s1,CHEMBL2071339,0.4421847762928527,1
COc1ccc2c(c1)CC(C(=O)Nc1ccc(-c3cn[nH]c3)cc1)CO2,CHEMBL475601,0.4421804432307529,1
O=C1CCc2c(cccc2NC(=O)CN2CCNCC2)N1,CHEMBL2070782,0.44217622483858693,1
CC(C)C(NC(=O)c1ccc(S(=O)(=O)N2CCOCC2)cc1)c1nc2ccccc2[nH]1,CHEMBL1370011,0.4421724965706444,1
O=C1Nc2ccccc2/C1=C/c1nc2cc(NCCCN3CCOCC3)c(F)cc2c(=O)[nH]1,CHEMBL4206117,0.44216347450768817,1
O=C(Nc1ccc([C@H]2CNCCO2)c(F)c1)c1cnn(-c2ccc(C(F)(F)F)nc2)c1,CHEMBL3677862,0.44215694037532643,1
c1ccc2c(-c3nc4cc(-n5ccnc5)ccc4[nH]3)[nH]nc2c1,CHEMBL378003,0.44215376205536683,1
COc1cccc(CNC(=O)c2c[nH]c3nc(-c4cn[nH]c4)ccc23)c1,CHEMBL1922132,0.4421461758398854,1
O=C(Cn1ccc2ccc(NC(=S)NCCc3c[nH]c4ccccc34)cc21)NC1CC1,CHEMBL4163431,0.4421456261587728,1
O=C1c2cc(-c3ccnc(NC4CCOCC4)n3)[nH]c2CCN1[C@H](CO)c1ccc(Cl)c(F)c1,CHEMBL4100076,0.4421383829345037,1
O=C1c2cc(-c3ccnc(NC4CCOCC4)n3)[nH]c2CCN1[C@H](CO)c1ccc(F)c(Cl)c1,CHEMBL4096522,0.4421383829345037,1
O=C1c2cc(-c3ccnc(NC4CCOCC4)n3)[nH]c2CCN1[C@H](CO)c1ccccc1,CHEMBL4078489,0.4421383829345037,1
CCNC(=O)Nc1nc2cc(-c3cccnc3)cc(-c3cccnc3)c2[nH]1,CHEMBL487664,0.4421314901141295,1
O=C(CCCN1CCCC1)Nc1n[nH]c2nnc(-c3ccccc3)cc12,CHEMBL261441,0.4421285660582264,1
N=C(N)c1ccc2[nH]c(-c3cnc[nH]3)nc2c1,CHEMBL391147,0.4421236658078762,1
N#C[C@H](Cc1ccc(-c2ccc3c(c2)NC(=O)C3)c(F)c1F)NC(=O)[C@H]1N[C@@H]2CC[C@H]1C2,CHEMBL3662694,0.442122969324067,1
N#CC(Cc1ccc(-c2ccc3c(c2)CC(=O)N3)cc1F)NC(=O)[C@H]1N[C@@H]2CC[C@H]1C2,CHEMBL3662593,0.442122969324067,1
N#C[C@H](Cc1ccc(-c2ccc3c(c2)CCC(=O)N3)cc1)NC(=O)[C@H]1N[C@@H]2CC[C@H]1C2,CHEMBL3658551,0.442122969324067,1
N#C[C@H](Cc1ccc(-c2ccc3c(c2)NC(=O)C3)cc1F)NC(=O)[C@H]1N[C@@H]2CC[C@H]1C2,CHEMBL3662544,0.442122969324067,1
N#C[C@H](Cc1ccc(-c2ccc3c(c2)NC(=O)C3)cc1)NC(=O)[C@H]1N[C@@H]2CC[C@H]1C2,CHEMBL3658593,0.442122969324067,1
N#C[C@H](Cc1ccc(-c2ccc3oc(=O)[nH]c3c2)cc1)NC(=O)[C@H]1N[C@@H]2CC[C@H]1C2,CHEMBL3658589,0.442122969324067,1
N#CC(Cc1ccc(-c2ccc3c(c2)NC(=O)C3)cc1F)NC(=O)[C@H]1N[C@@H]2CC[C@H]1C2,CHEMBL3662537,0.442122969324067,1
N#C[C@H](Cc1ccc(-c2ccc3c(c2)NC(=O)C3)s1)NC(=O)[C@H]1N[C@@H]2CC[C@H]1C2,CHEMBL3657576,0.442122969324067,1
N#C[C@H](Cc1ccc(-c2ccc3c(c2)NC(=O)CC3)cc1)NC(=O)[C@H]1N[C@@H]2CC[C@H]1C2,CHEMBL3658559,0.442122969324067,1
COc1ccc(/C=C2\Sc3ccc(C(=O)NCCN(C)C)cc3NC2=O)cc1,CHEMBL2170921,0.4421117456051953,1
O=C(Nc1cc[nH]n1)c1ccc2c(-c3nc4ccccc4[nH]3)n[nH]c2c1,CHEMBL3964824,0.4421081459392019,1
Cc1cc(NC(=O)c2ccc3c(-c4nc5ccccc5[nH]4)n[nH]c3c2)n[nH]1,CHEMBL3960212,0.4421081459392019,1
CN1CCCC[C@H](NC(=O)c2ccc(NC(=O)N3Cc4cccnc4C3)cc2)C1=O,CHEMBL3979820,0.4420998160073592,1
c1ccc(-c2nnc(Nc3ccc([C@H]4CNCCO4)cc3)o2)cc1,CHEMBL3702013,0.44209344861988675,1
O=C(Nc1ccc(-c2n[nH]c(=O)c3ccccc23)cc1)N1Cc2ccncc2C1,CHEMBL3981441,0.4420926858410856,1
COc1ccc(CNCC(=O)Nc2ccc3c(c2)/C(=C/c2cccs2)C(=O)N3)cc1OC,CHEMBL3736236,0.4420896077337795,1
Cc1nc2cccc(-c3cc(C(N)=O)n[nH]3)c2nc1NC(C)(C)C,CHEMBL3927458,0.4420864229097416,1
Oc1cccc(-c2nc3ccccc3n2-c2ccnc(N[C@@H]3CCCNC3)c2)c1,CHEMBL2348581,0.4420742830734805,1
Cc1ccc(C(=O)NC2CC2)cc1-c1ccc2c(c1)NC(=O)[C@]21CC[C@@H](O)CC1,CHEMBL1825151,0.442064264849075,1
Cc1ccc(C(=O)NC2CC2)cc1-c1ccc2c(c1)NC(=O)[C@]21CC[C@H](O)CC1,CHEMBL1825152,0.442064264849075,1
Cc1ccc(C(=O)NC2CC2)cc1-c1ccc2c(c1)NC(=O)C21CCC(O)CC1,CHEMBL3701783,0.442064264849075,1
O=C1c2ccccc2C(=O)c2c1ccc1nc(CN3CCOCC3)[nH]c21,CHEMBL2336663,0.44206055724380333,1
N#Cc1ccc(-c2n[nH]c3c2Cc2ccc(OCCCCCN4CCOCC4)cc2-3)cn1,CHEMBL249114,0.4420587052673903,1
CC1(C(=O)Nc2ccc(-c3ccccc3S(N)(=O)=O)cc2)CC(c2ccc(Cl)c(N)c2)=NO1,CHEMBL7905,0.44204298108464407,1
Nc1cc(C2=NOC(C(=O)Nc3ccc(-c4ccccc4S(N)(=O)=O)cc3)C2)ccc1Cl,CHEMBL51413,0.44204298108464407,1
N#Cc1ccc2c(c1)CN(C[C@@H]1C[C@H]1CCNC(=O)c1cc3ccccc3[nH]1)CC2,CHEMBL4089939,0.44203640500568825,1
Cc1cc(-c2c(O)ccc3[nH]c(=O)c4sccc4c23)ccc1NS(C)(=O)=O,CHEMBL3667235,0.4420325604341391,1
CS(=O)(=O)Nc1ccc(-c2c(O)ccc3[nH]c(=O)c4sccc4c23)cc1,CHEMBL3667205,0.4420325604341391,1
COc1nc(C)ccc1-c1nc2cc3c(cc2[nH]1)C(C)(C)C(=O)N3,CHEMBL285302,0.44203150839933836,1
COc1cccc(CN(CCN2CCOCC2)C(=O)Nc2ccc(-c3cn[nH]c3)cc2)c1,CHEMBL2332071,0.4420228323426737,1
Nc1cnc(-c2ccccc2)cc1NC(=O)c1cnc2cc(N3CCNCC3)ccc2c1,CHEMBL3896374,0.44201069402600246,1
N#Cc1ccc(C(=O)Nc2ccc(F)c([C@]3(C4CC4)C=C(CF)OC(N)=N3)c2)nc1,CHEMBL4212939,0.44200945522025353,1
CN1CCN(c2cccc3[nH]c(C(=O)c4cccc5ccccc45)nc23)CC1,CHEMBL584690,0.44198589406721045,1
COc1ccc2c(c1)C(=O)N(C[C@@]1(C#Cc3ccc(C(=O)NC4CC4)cc3)NC(=O)NC1=O)C2,CHEMBL1288183,0.4419830862464475,1
O=C(/C=C/c1ccc(CNC(=O)c2ccc(N3CCN(Cc4ccncc4)CC3)cc2)cc1)NO,CHEMBL154114,0.44196791443850264,1
O=C(/C=C/c1ccc(CNC(=O)c2ccc(N3CCN(Cc4cccnc4)CC3)cc2)cc1)NO,CHEMBL152538,0.44196791443850264,1
COCCNC(=S)N1CCC2CC1c1cc(-c3ccc4c(c3)OCO4)ccc12,CHEMBL1871862,0.4419571802639009,1
Cc1cc(-c2nc3ncccc3o2)ccc1NC(=S)NC(=O)C(C)C,CHEMBL1344259,0.44195568400770696,1
NC(=O)c1ccc(C[C@H](N)C(=O)N2CCCC[C@H]2c2nc(-c3ccccc3)c[nH]2)cc1,CHEMBL204996,0.44195225259915266,1
Cc1cc(C(N)=O)cc(C)c1C[C@H](N)C(=O)N1CCCC[C@H]1c1nc(-c2ccccc2)c[nH]1,CHEMBL205049,0.44195225259915266,1
Cc1n[nH]c2nccc(-c3ccc(NC(=O)Nc4ccn[nH]4)cc3)c12,CHEMBL4085010,0.44193885853771925,1
COc1ccc(-c2ccc(-c3ccc4ccccc4c3)n2CC(=O)NC(=N)N)cc1,CHEMBL254059,0.44193427931292,1
COc1cccc(-c2ccc(-c3ccc4ccccc4c3)n2CC(=O)NC(=N)N)c1,CHEMBL254294,0.44193427931292,1
C[C@@H]1CN(c2ccc(Nc3c(CO)cnc4ccccc34)cc2)CCN1,CHEMBL385722,0.44193388195232663,1
COc1ccc2[nH]cc(/C=C3\C(=O)Nc4ccc(S(N)(=O)=O)cc43)c2c1,CHEMBL106226,0.4419278271714204,1
COc1ccc2c(ccc3[nH]c4c(C)cnc(NCCCN)c4c32)c1,CHEMBL439663,0.4419249360250212,1
Cc1nc2ccc3ccc(CNc4ccc(C#N)cc4)cc3c2c(=O)[nH]1,CHEMBL531122,0.4419243986254296,1
CN1CCN(CC(=O)Nc2cccc3c2C(=O)c2c(-c4ccc(N5CCOCC5)cc4)n[nH]c2-3)CC1,CHEMBL147184,0.44192291607052436,1
Cc1cc(S(=O)(=O)Nc2ccc3nccc(N4CCNCC4)c3c2)c(C)cc1Cl,CHEMBL95388,0.44192216981132054,1
O=S(=O)(Nc1ccc2nccc(N3CCNCC3)c2c1)c1cc(Cl)cc(Cl)c1,CHEMBL95628,0.44192216981132054,1
O=S(=O)(Nc1ccc2nccc(N3CCNCC3)c2c1)c1ccc(I)cc1,CHEMBL95878,0.44192216981132054,1
CC1(C)C(=O)Nc2cc3[nH]c(-c4cncnc4)nc3cc21,CHEMBL37286,0.4419134396355352,1
COc1ccc(-c2ncc3c(n2)-c2[nH]c4c(c2CC3)C(=O)NC2(CC2)C4)cc1,CHEMBL1801299,0.4419111189179692,1
Cc1cc2n[nH]c(=O)n2c2cc(-c3ccc(CN4CCOCC4)cc3)ccc12,CHEMBL1223387,0.4419052201106568,1
CCCc1c[nH]c([C@@H]2Cc3ccccc3N2C(=O)c2ccccc2N)n1,CHEMBL137926,0.44190505019928344,1
COCC(C)(C)NC(=O)N1CCn2c(c(C(N)=O)c(-c3ccc(OC)cc3)c2C2CC2)C1,CHEMBL4108455,0.4418966963608037,1
O=C(NC(c1nccs1)C1CCNCC1)c1ccc2cnccc2c1,CHEMBL1823634,0.4418931583880036,1
NCc1cccc(C(=O)NC(c2ccc(Cl)cc2)c2nc3ccc(-c4cn[nH]c4)cc3c(=O)[nH]2)c1,CHEMBL2333885,0.4418916080243673,1
NCc1ccc(C(=O)NC(c2ccc(Cl)cc2)c2nc3ccc(-c4cn[nH]c4)cc3c(=O)[nH]2)cc1,CHEMBL2333884,0.4418916080243673,1
CN1CCC[C@H](Nc2ncc(C(N)=O)c3sc(-c4ccccc4)cc23)C1,CHEMBL4081827,0.44187857961053817,1
C[C@@H]1CN(C(=O)N2Cc3c(NC(=O)c4ccccn4)n[nH]c3C2(C)C)[C@@H](C)CN1CCCCC#N,CHEMBL3662849,0.4418774319066146,1
N#Cc1ccc([C@H]2NC(=O)N(c3cccc(C(F)(F)F)c3)C3=C2C(=O)NN(CCN2CCOCC2)C3)cc1,CHEMBL3642660,0.44185850408972105,1
N=C(N)c1ccc2[nH]c(-c3cc4cc(C(=N)N)ccc4o3)cc2c1,CHEMBL527306,0.4418548338277137,1
N=C(N)c1ccc2oc(-c3cc4ccc(C(=N)N)cc4[nH]3)cc2c1,CHEMBL3251534,0.4418548338277137,1
Nc1nc2c(s1)C[C@@H](NC(=O)[C@@H]1CCCN1)CC2,CHEMBL3139414,0.44185354236951746,1
Nc1nccc(-c2ccc3nc([C@@H]4CNC[C@H]4c4ccccc4)[nH]c(=O)c3c2)n1,CHEMBL2334290,0.4418503331624811,1
CC(=O)N1CCc2c(c(Nc3cccc(-c4cn[nH]c4)c3)nn2CC2CC2)C1,CHEMBL3892467,0.4418467002071617,1
COc1ccc(-c2ncn3c2CN(C(=O)N2CC(C)NC(C)C2)c2ccccc2-3)cc1,CHEMBL127742,0.4418405147202182,1
NC(=O)C(N)Cc1cn(-c2ccc(Oc3ccccc3)cc2)c2ccccc12,CHEMBL3922064,0.441840036985668,1
COc1ccc(CNC2=NC(=O)/C(=C3\CCNC(=O)c4[nH]c(-c5ccccc5)cc43)N2)cc1,CHEMBL1947254,0.44182666101386925,1
C/C=C/c1ccc2c(c1)[C@H]1[C@H](CCN1C(=O)c1ccc3c(c1)OCO3)[C@H](CO)N2,CHEMBL3560803,0.4418251794833836,1
O=c1c(-c2ccc(CN[SH](=O)=O)cc2)coc2cc(C#CC3(O)CCCC3)ccc12,CHEMBL3918259,0.44182004897701216,1
CC(=O)N1CCc2cc(S(=O)(=O)NC(Cc3ccccc3)C(=O)NCCN3CCCCC3C)ccc21,CHEMBL1501927,0.44181787914100196,1
CS(=O)(=O)Nc1ccc2c3c(ccc2c1)O[C@H](c1cc(F)c(F)cc1F)[C@@H](N)C3,CHEMBL3959221,0.4418085285690206,1
O=C(Nc1ccc2cn[nH]c2c1)c1cccc(Cc2n[nH]c(=O)c3c2CCCC3)c1,CHEMBL3949296,0.4417999842383165,1
COc1ccc(CC/N=C(\N)Nc2nc(-c3cccc(CNC(C)=O)c3)cs2)cc1,CHEMBL325186,0.44178635754860757,1
NCCCCCC(=O)Nc1ccc2nc(N3CCNCC3)nc(-c3ccccc3)c2c1,CHEMBL3786681,0.4417802484846455,1
O=c1[nH]c2cccc(CN3CCN(CC4CCc5[nH]c6ccc(F)cc6c5C4)CC3)c2o1,CHEMBL566172,0.44177128179154135,1
Cn1c(C(=O)NCCCN2CCOCC2)cc2[nH]c(=O)c3ccccc3c21,CHEMBL3291322,0.4417597141581063,1
O=c1[nH]c2ncc(C3=NCCN3)cc2c2c1sc1ccccc12,CHEMBL1187490,0.44174482535575654,1
c1cc2[nH]nc(-c3ccc4cn[nH]c4c3)c2c(OC2CCOCC2)n1,CHEMBL3651784,0.4417421020103975,1
CCCN(CCC)C(=O)C1=Cc2ccc(C(=O)Nc3ccc(CCCN)nc3)cc2N=C(N)C1,CHEMBL3929430,0.44174098886194546,1
OC1(CNCc2c[nH]nc2-c2cc3ccccc3o2)CCCCC1,CHEMBL1520638,0.4417396061269146,1
CC(C)NC(=N)c1ccc(NC(=O)c2ccco2)cc1,CHEMBL1851926,0.4417370463364528,1
Nc1ccccc1-c1nnc(SCC(=O)Nc2nc3ccccc3[nH]2)s1,CHEMBL4215039,0.4417367686446112,1
Nc1ccccc1-c1nnc(SCC(=O)Nc2nc3ccccc3[nH]2)o1,CHEMBL4210117,0.4417367686446112,1
COc1ccc(NC(=S)NN2C(=O)CSC2c2c[nH]c3ccccc23)cc1,CHEMBL1290473,0.44172951231774765,1
c1ccc(-c2nc3ccccc3[nH]2)c(OCCN2CCOCC2)c1,CHEMBL549952,0.4417282213624105,1
Clc1ccc2[nH]c(-c3ccccc3OCCN3CCOCC3)nc2c1,CHEMBL559769,0.4417282213624105,1
COc1ccc(C2(c3cccc(-c4cccnc4)c3)N=C(N)N(C)C2=O)cc1OC(C)C,CHEMBL567687,0.44172734706592404,1
Cc1cc2c(NC(=O)C3CC3)n[nH]c2nc1-c1ccc(O)cc1,CHEMBL260662,0.4417249964767228,1
O=C(Nc1n[nH]c2nc(-c3cccc(O)c3)ccc12)C1CC1,CHEMBL408019,0.4417249964767228,1
O=C(Nc1n[nH]c2nc(-c3ccc(O)cc3)c(Br)cc12)C1CC1,CHEMBL260417,0.4417249964767228,1
O=C(Nc1n[nH]c2nc(-c3ccc(O)cc3)c(Cl)cc12)C1CC1,CHEMBL260664,0.4417249964767228,1
O=C(Nc1n[nH]c2nc(-c3ccc(O)c(Cl)c3)ccc12)C1CC1,CHEMBL259838,0.4417249964767228,1
O=C(Nc1n[nH]c2nc(-c3ccc(O)cc3)ccc12)C1CC1,CHEMBL405145,0.4417249964767228,1
O=C(Nc1n[nH]c2nc(-c3ccc(O)c(Br)c3)ccc12)C1CC1,CHEMBL260416,0.4417249964767228,1
O=C1c2ccccc2C(=O)c2c1ccc1nc(CN3CCCCC3)[nH]c21,CHEMBL2336658,0.44172035812902677,1
O=C1c2ccccc2C(=O)c2c1ccc1nc(CN3CCCCCC3)[nH]c21,CHEMBL2336660,0.44172035812902677,1
CC(C)N(C)Cc1nc2ccc3c(c2[nH]1)C(=O)c1ccccc1C3=O,CHEMBL2336680,0.44172035812902666,1
CC1CCN(Cc2nc3ccc4c(c3[nH]2)C(=O)c2ccccc2C4=O)CC1,CHEMBL2336659,0.44172035812902666,1
O=C(N[C@@H](Cc1cccnc1)C(=O)N1CCC(O)CC1)c1cc2cc(Cl)ccc2[nH]1,CHEMBL261013,0.44171808950002395,1
Cc1onc(-c2ccccc2)c1C(=O)Nc1ccc(S(=O)(=O)NC(C)(C)C)cc1,CHEMBL1465016,0.44171648163962396,1
CC(=O)NC[C@H]1CN(c2ccc3c(c2)CCCc2c(-c4ccc(O)cc4)n[nH]c2-3)C(=O)O1,CHEMBL248143,0.4417123200407696,1
NCCC1CNC(=O)c2cc(-c3ccnc(Cl)c3)c(-c3ccc(CO)cc3)n21,CHEMBL3917379,0.44171197370084714,1
CSCCC(N)c1nc(C(=O)CC(Cc2c[nH]c3ccccc23)C(N)=O)cs1,CHEMBL1916908,0.44171063074840083,1
CC(C)(C(=O)NC(N)=O)[C@@H]1c2ccc(-c3ccc(C(=O)N4CCOCC4)cc3)nc2Oc2c(F)cccc21,CHEMBL3315061,0.4416890900195696,1
CC(C)(C(=O)NC(N)=O)[C@H]1c2ccccc2Oc2nc(-c3ccc(C(=O)N4CCOCC4)cc3)ccc21,CHEMBL3315063,0.4416890900195695,1
O=C1NCCc2[nH]c(-c3ccnc(NC4CCOCC4)n3)cc21,CHEMBL4080944,0.44167256208809624,1
CNc1cc(-c2cccc(CN)c2)c2cc[nH]c2n1,CHEMBL3484281,0.4416687116564416,1
CCCNCc1ccc(-c2cc(N)nc3[nH]ccc23)cc1,CHEMBL3484721,0.4416687116564416,1
N#Cc1ccc(CN2CCN(CCCc3c[nH]c4ccc(-n5cnnc5)cc34)CC2)cc1,CHEMBL347665,0.4416654874770057,1
N=C(N)c1cc2[nH]c(-c3cccc(OC4CCNC4)c3O)nc2cc1F,CHEMBL61791,0.4416593021076032,1
CCN(CC)CCNC(=O)c1c(C)[nH]c(/C=C2\C(=O)Nc3ccc(O)cc32)c1C,CHEMBL3542399,0.44164877629884053,1
O=C(Nc1cc(CN2CCCCC2)[nH]n1)Nc1cccc2c1C1CCCN1C2=O,CHEMBL342336,0.4416480700884369,1
O=C(Nc1cc(CN2CCCC2)[nH]n1)Nc1cccc2c1C1CCCN1C2=O,CHEMBL140670,0.4416480700884369,1
N=C(N)c1cc2[nH]c(-c3cccc(OC[C@H]4CCCN4)c3O)nc2cc1F,CHEMBL62397,0.4416302218883315,1
COc1nc2cccc(-c3cc4c([nH]3)CCNC4=O)c2nc1NC(C)(C)C,CHEMBL3919294,0.4416268923311175,1
O=C1NC(=O)[C@](CN2Cc3ccc(F)cc3C2=O)(c2ccc(-c3ccc4ncccc4c3)cc2)N1,CHEMBL1223153,0.44162488142024675,1
O=C1NC2(CC2)Cc2[nH]c3c(c21)CCc1cnc(-c2ccc(F)nc2)nc1-3,CHEMBL1801300,0.441623836643978,1
COC(=O)c1ccc(CC2NC(=O)N(CCc3ccc4[nH]cc(CCN)c4c3)C2=O)cc1,CHEMBL119270,0.44162355111699314,1
C/C(=N/NC(N)=S)C(CN1CCOCC1)C(C1=C(O)c2ccccc2OC1)c1ccccc1,CHEMBL1985624,0.4416124593445081,1
COC1CCC2(CC1)Cc1ccc(-c3cccc(C#N)c3)cc1C21N=C(N)N(C)C1=O,CHEMBL3652433,0.4416110581506197,1
COC1CCC2(CC1)Cc1cc(F)c(-c3cccc(C#N)c3)cc1C21N=C(N)N(C)C1=O,CHEMBL3903793,0.4416110581506197,1
CN1C(=O)C2(N=C1N)c1cc(-c3cccc(C#N)c3)ccc1C[C@]21CC[C@@H](OC(F)F)CC1,CHEMBL3906842,0.4416110581506197,1
COC1CCC2(CC1)Cc1ccc(-c3cc(Cl)cc(C#N)c3)cc1C21N=C(N)N(C)C1=O,CHEMBL3901821,0.4416110581506197,1
COC1CCC2(CC1)Cc1ccc(-c3ccc(F)c(C#N)c3)cc1C21N=C(N)N(C)C1=O,CHEMBL3897052,0.4416110581506197,1
COC1CCC2(CC1)Cc1ccc(-c3cc(F)cc(C#N)c3)cc1C21N=C(N)N(C)C1=O,CHEMBL3972883,0.4416110581506197,1
CCN1C(=O)C2(N=C1N)c1cc(-c3cccc(C#N)c3)ccc1CC21CCC(OC)CC1,CHEMBL3984225,0.4416110581506197,1
Cc1cc2c(cc1Cl)NC(=O)C2(NC(=O)CN1CCN(c2ccncc2)CC1)c1ccc(Cl)cc1,CHEMBL2164822,0.4415987582460224,1
CC(=O)NCCOc1cccc(-c2n[nH]c3ccc(-c4ncn[nH]4)cc23)c1,CHEMBL3982492,0.4415978490493566,1
C[C@@H](c1c[nH]c2ccccc12)[C@H](C(=O)NC[C@H]1OC[C@H](N)CO1)N1CCN(Cc2ccc(Cl)c(Cl)c2)C1=O,CHEMBL147092,0.44159031413612565,1
COC(=O)c1c(F)cccc1-c1ccc(CNc2ccc(C(=O)N3CCN(C)CC3)cn2)c(F)c1,CHEMBL207937,0.44158962660583495,1
COC(=O)c1c(F)cccc1-c1ccc(CNc2cc(C(=O)N3CCN(C)CC3)ccn2)c(F)c1,CHEMBL208247,0.44158962660583495,1
C#CCN1CCN(C(=O)c2ccc(NCc3ccc(-c4cccc(F)c4C(=O)OC)cc3F)nc2)CC1,CHEMBL207000,0.44158962660583495,1
Cc1ccc(C(=O)Nc2cccc(CN3CCN(C)CC3)c2)cc1C#Cc1cnc2ccnn2c1,CHEMBL2336027,0.4415796217916359,1
Cc1cc(CN2CCN(C)CC2)cc(NC(=O)c2ccc(C)c(C#Cc3cnc4ccnn4c3)c2)c1,CHEMBL2336009,0.4415796217916359,1
N=C(N)NC[C@@H]1Cc2ccccc2[C@H]1NC(=O)C(=O)Nc1ccc(Cl)c(F)c1,CHEMBL2364997,0.44157915725109675,1
N=C(N)NC[C@H]1Cc2ccccc2[C@@H]1NC(=O)C(=O)Nc1ccc(Cl)c(F)c1,CHEMBL2336526,0.44157915725109675,1
N=C(N)NCC1Cc2ccccc2C1NC(=O)C(=O)Nc1ccc(Cl)c(F)c1,CHEMBL2364894,0.44157915725109675,1
CCO[C@@H]1OC(C(=O)N2CCN(C)CC2)=C[C@H](c2csc3ccccc23)[C@H]1CCCO,CHEMBL1883366,0.44157470091811174,1
CCO[C@H]1OC(C(=O)N2CCN(C)CC2)=C[C@@H](c2csc3ccccc23)[C@@H]1CCCO,CHEMBL1345592,0.44157470091811174,1
O=C(O)c1ccccc1-c1c(-c2ccccc2)ncn1C[C@H]1CCCN1,CHEMBL3479349,0.4415730865009629,1
CC(C)(C)OCC1NC(=O)[C@@H]2Cc3c([nH]c4ccccc34)C(c3ccccc3)N2C1=O,CHEMBL110946,0.4415702636070546,1
NCCC(=O)NC(c1ccc(Cl)cc1)c1nc2ccc(-c3cn[nH]c3)cc2c(=O)[nH]1,CHEMBL2333883,0.4415668202764979,1
Nc1ncc(C2CCOCC2)cc1-c1ccc(C(=O)N[C@H](CO)c2ccccc2)cc1,CHEMBL4106643,0.4415642007659744,1
Nc1ncc(C2CCOCC2)cc1-c1ccc(C(=O)N[C@H](CO)c2ccccc2)cc1F,CHEMBL4114871,0.4415642007659744,1
Nc1ncc(C2CCOCC2)cc1-c1ccc(C(=O)N[C@H](CO)c2ccccc2)c(F)c1,CHEMBL4108211,0.4415642007659744,1
C/C(=N/NC(=S)Nc1cccc(-c2nnc(S)o2)c1)c1ccccc1,CHEMBL1917150,0.44156362185879533,1
CC(=O)Nc1ccc2[nH]c(C(=O)NCc3ccc(C(=O)Nc4ccccc4N)cc3)cc2c1,CHEMBL3673112,0.4415616332549238,1
CC1(C)CC2(CC(c3ccccc3)Oc3cc(O)ccc32)NC(=O)N1,CHEMBL1715653,0.44155899717634967,1
Cc1ccc(O)c(-c2cc3cc(C(=N)N)ccc3[nH]2)c1,CHEMBL54311,0.4415570469798656,1
Cc1cc(Cl)c(O)c(-c2cc3cc(C(=N)N)ccc3[nH]2)c1,CHEMBL54018,0.4415570469798656,1
N=C(N)c1ccc2[nH]c(-c3ccccc3O)cc2c1,CHEMBL284805,0.4415570469798656,1
Cc1cc(C)c(O)c(-c2cc3cc(C(=N)N)ccc3[nH]2)c1,CHEMBL54093,0.4415570469798656,1
N=C(N)c1ccc2[nH]c(-c3cccc(Br)c3O)cc2c1,CHEMBL328772,0.4415570469798656,1
Cc1cc(Br)c(O)c(-c2cc3cc(C(=N)N)ccc3[nH]2)c1,CHEMBL48608,0.4415570469798656,1
N#Cc1cccc2c(C3=CCN(CCC4OCCc5cc(C(N)=O)ccc54)CC3)c[nH]c12,CHEMBL311694,0.4415470773538675,1
COc1ccc(C2=NN(c3ccc(S(=O)(=O)NC(=S)NCc4ccccc4)cc3)C(=O)CC2)cc1,CHEMBL2236046,0.44153556211078304,1
CCCN1CCC(Oc2ccc3[nH]c(=O)c4c(c3c2)NCCC4)CC1,CHEMBL3649716,0.4415310162780465,1
CN1CCC(Oc2ccc3[nH]c(=O)c4c(c3c2)NCCC4)CC1,CHEMBL3649717,0.4415310162780465,1
CC(C)NCc1cccnc1N1CCN(C(=O)c2cc3ccccc3[nH]2)CC1,CHEMBL7175,0.44152973959834696,1
O=C1C2=C(NC(=S)NC2c2cccc(OCc3cccnc3)c2)c2ccccc21,CHEMBL3314485,0.44152697227297993,1
CCNC(=O)Nc1cc(-c2cc3c(c(OC)c2)OCCN(C(=O)C2CC2)C3)ccc1C,CHEMBL3966901,0.4415203088467182,1
Nc1ncc(-c2cnoc2)cc1-c1ccc(C(=O)N[C@H](CO)c2ccccc2)c(F)c1,CHEMBL4109176,0.44150432707717485,1
Cc1oncc1-c1cnc(N)c(-c2ccc(C(=O)N[C@H](CO)c3ccccc3)c(F)c2)c1,CHEMBL4109608,0.44150432707717485,1
CC1N=CC=C1c1cnc(N)c(-c2ccc(C(=O)N[C@H](CO)c3cccc(F)c3)c(F)c2)c1,CHEMBL4108261,0.44150432707717485,1
Nc1ncc(-c2ccncc2)cc1-c1ccc(C(=O)N[C@H](CO)c2ccccc2)cc1,CHEMBL4108953,0.44150432707717485,1
CN(C)Cc1n[nH]c(-c2ccc3[nH]nc(-c4cc5ccccc5o4)c3c2)n1,CHEMBL3957084,0.4415017369410712,1
NC(=O)c1cc(-c2ccc(F)cc2)c2ccc(C(O)Cc3cccnc3)cc2n1,CHEMBL3964644,0.4414951784471617,1
Oc1ccc2cc3c(cc2n1)C1CNCC3C1,CHEMBL381225,0.44149334562424375,1
CC1CCN(CNC(=O)[C@H](Cc2c[nH]c3ccccc23)NC(=O)NCc2ccccc2)CC1,CHEMBL64967,0.44147988565273205,1
O=C(Cc1cccnc1)N1CC[C@H]2[C@H](CO)Nc3ccc(C#Cc4cccc(F)c4)cc3[C@H]21,CHEMBL3560266,0.44147805131597573,1
CC(=O)N1CCC(C(=O)Nc2ccc(C3=Nc4cscc4NC(=O)C3)cc2)CC1,CHEMBL4228483,0.4414576538072207,1
CCNC(=O)c1ccc2c(c1)NC(=O)/C2=C\Nc1ccc(CN2CCCCC2)cc1,CHEMBL1272021,0.4414545152997759,1
COc1ccccc1N1CCCN(CCCCNC(=O)c2cc3ccccc3[nH]2)CC1,CHEMBL2386613,0.4414255669868693,1
O=C(NC/C=C/CN1CCN(c2ccccc2OCCF)CC1)c1cc2ccccc2[nH]1,CHEMBL3133863,0.4414255669868693,1
COc1ccccc1N1CCN(CC(F)CCNC(=O)c2cc3ccccc3[nH]2)CC1,CHEMBL1774534,0.4414255669868693,1
COc1ccccc1N1CCN(CCCCNC(=O)c2cc3ccccc3[nH]2)CC1,CHEMBL125916,0.4414255669868693,1
Cc1c2ccccc2nc2c1c1cc(NC(=N)N)ccc1n2CCN(C)C,CHEMBL3735552,0.44142471792789395,1
CCn1c(=O)c2cn[nH]c2c2ccc(-c3ccc(N)nc3)cc21,CHEMBL3933127,0.4413882957547681,1
CC(C)[C@@H](CN1CC[C@@](C)(c2cccc(O)c2)[C@@H](C)C1)NC(=O)[C@@H]1Cc2ccc(O)cc2CO1,CHEMBL1084529,0.4413768517784994,1
CC(C)[C@@H](CN1CC[C@@](C)(c2cccc(O)c2)[C@@H](C)C1)NC(=O)[C@H]1Cc2ccc(O)cc2CO1,CHEMBL1085025,0.4413768517784994,1
O=C(NC1C2CNCC21)c1cnc(Oc2ccc3c(c2)CC[C@@H](c2ccccc2)O3)s1,CHEMBL3661935,0.44135998505510904,1
CC(C(O)c1ccc2c(c1)OCC(=O)N2)N1CCC(O)(c2ccc(F)cc2)CC1,CHEMBL246635,0.4413593694300311,1
O=C(NC1Cc2ccccc2N(CCO)C1=O)c1cc2cc(Cl)sc2[nH]1,CHEMBL233447,0.441349837901562,1
O=C(NC1Cc2ccccc2N(CCO)C1=O)c1cc2cc(Cl)ccc2[nH]1,CHEMBL233656,0.441349837901562,1
O=C(NC1Cc2ccccc2N(CCO)C1=O)c1cc2sc(Cl)c(Cl)c2[nH]1,CHEMBL395733,0.441349837901562,1
CCC(O)CN1C(=O)C(NC(=O)c2cc3cc(Cl)sc3[nH]2)Cc2ccccc21,CHEMBL398159,0.441349837901562,1
COCCNc1cc(-c2ccccc2CCN)c2cc[nH]c2n1,CHEMBL3479840,0.44132882400787693,1
CN1C[C@H]2CN(c3ccc(-c4ccc5[nH]ccc5c4)nc3)C[C@H]21,CHEMBL2036416,0.44132592767667206,1
CN1CC2CN(c3ccc(-c4ccc5[nH]ccc5c4)nc3)CC21,CHEMBL2068838,0.44132592767667206,1
[11CH3]N1CC2CN(c3ccc(-c4ccc5[nH]ccc5c4)nc3)CC21,CHEMBL2036414,0.44132592767667206,1
CN1C[C@@H]2CN(c3ccc(-c4ccc5[nH]ccc5c4)nc3)C[C@@H]21,CHEMBL2036415,0.44132592767667206,1
COc1ccccc1CNCC(Cc1c[nH]c2ccccc12)NC(=O)CN1CCN(c2ccccc2)CC1,CHEMBL162288,0.4412968013885446,1
CNC(=O)/C=C(\c1ccccc1)c1ccc2nc(N)c(SC(C)C)n2c1,CHEMBL154279,0.44129370805792384,1
Cc1cc2cc(-c3ccc(N4C[C@@H]5C[C@H]4CN5C)nn3)ccc2[nH]1,CHEMBL1083616,0.44127343404024977,1
CN1C[C@@H]2C[C@H]1CN2c1ccc(-c2ccc3cc[nH]c3c2)nn1,CHEMBL1083615,0.44127343404024977,1
CN1C[C@@H]2C[C@H]1CN2c1ccc(-c2ccc3[nH]ccc3c2)nn1,CHEMBL1083304,0.44127343404024977,1
CN1C[C@@H]2C[C@H]1CN2c1ccc(-c2ccc3[nH]c(C(F)(F)F)cc3c2)nn1,CHEMBL1083614,0.44127343404024977,1
Cc1ccc(CN2CCC(C(=O)Nc3ccc4c(c3)CCc3nnc(C)n3-4)CC2)cc1,CHEMBL521006,0.44127263581488935,1
Cc1nnc2n1-c1ccc(NC(=O)C3CCN(Cc4cccc(F)c4)CC3)cc1CC2,CHEMBL472858,0.44127263581488924,1
Cc1nnc2n1-c1ccc(NC(=O)C3CCN(Cc4ccccc4F)CC3)cc1CC2,CHEMBL473678,0.44127263581488924,1
Cc1nnc2n1-c1ccc(NC(=O)C3CCN(Cc4ccccc4)CC3)cc1CC2,CHEMBL514944,0.44127263581488924,1
Cc1nnc2n1-c1ccc(NC(=O)C3CCN(Cc4ccc(F)cc4)CC3)cc1CC2,CHEMBL470644,0.44127263581488924,1
N#Cc1cc(N2CCN(C(=N)N)CC2)cc(-c2ccc(Oc3ccc(F)cc3)cc2)n1,CHEMBL3688058,0.441272033141093,1
N#Cc1ccc2c(c1)CN(C(=O)Nc1ccc(C(=O)NCCCN3CCCCC3)cc1)C2,CHEMBL3945112,0.44126682678880574,1
CC[C@H](C)[C@H]1CN2C[C@H](O)C[C@H]2CN1C(=O)N1Cc2c(NC(=O)c3ccccn3)n[nH]c2C1(C)C,CHEMBL3662795,0.4412664296933125,1
Cc1cccc(C(=O)Nc2ccc3[nH]cc(C4CCN(C)CC4)c3n2)c1,CHEMBL449406,0.4412556567566017,1
Cc1ccccc1C(=O)Nc1ccc2[nH]cc(C3CCN(C)CC3)c2n1,CHEMBL105025,0.4412556567566017,1
Cc1ccc(C(=O)Nc2ccc3[nH]cc(C4CCN(C)CC4)c3n2)cc1,CHEMBL420101,0.4412556567566017,1
CN1CCC(c2c[nH]c3ccc(NC(=O)c4ccc(F)cc4)nc23)CC1,CHEMBL103479,0.4412556567566016,1
CN1CCC(c2c[nH]c3ccc(NC(=O)c4cccc(F)c4)nc23)CC1,CHEMBL103550,0.4412556567566016,1
CN1CCC(c2c[nH]c3ccc(NC(=O)c4ccccc4F)nc23)CC1,CHEMBL104384,0.4412556567566016,1
CN1CCC(c2c[nH]c3ccc(NC(=O)c4cccs4)nc23)CC1,CHEMBL321080,0.4412556567566016,1
CN1CCC(c2c[nH]c3ccc(NC(=O)c4ccccc4)nc23)CC1,CHEMBL105743,0.4412556567566016,1
CN1CCC(c2c[nH]c3ccc(NC(=O)c4ccsc4)nc23)CC1,CHEMBL104753,0.4412556567566016,1
CN(Cc1ncc2ccccc2c1CNC(=N)N)[C@H]1CCCc2cccnc21,CHEMBL1097110,0.4412519561815338,1
O=C1Nc2ccc(F)c3c(OCCCO)cc(-c4ccc[nH]4)c1c23,CHEMBL79364,0.4412512955808912,1
COc1ccc(-c2cc3c(cn2)CCc2c-3[nH]c3c2C(=O)NCC3)cc1,CHEMBL1801275,0.44124460595048803,1
COc1ccc(-c2cc3c(ccc4c5c([nH]c43)CCNC5=O)cn2)cc1F,CHEMBL1801386,0.44124460595048803,1
COc1ccc(-c2cc3c(ccc4c5c([nH]c43)CNC5=O)cn2)cc1,CHEMBL1801377,0.44124460595048803,1
O=C(CN1CCC(O)CC1)Nc1cccc2c1C(=O)c1c(-c3ccc(N4CCOCC4)cc3)n[nH]c1-2,CHEMBL148992,0.4412412902651318,1
O=C(c1cc(Cc2n[nH]c(=O)c3c2CCCC3)ccc1F)N1CCN(c2ccccc2F)CC1,CHEMBL3939291,0.4412373379806119,1
O=C(c1cc(Cc2n[nH]c(=O)c3c2CCCC3)ccc1F)N1CCN(c2ccc(F)cc2F)CC1,CHEMBL3933156,0.4412373379806119,1
O=C(c1cc(Cc2n[nH]c(=O)c3c2CCCC3)ccc1F)N1CCN(c2cccc(F)c2)CC1,CHEMBL3955721,0.4412373379806119,1
O=C(c1cc(Cc2n[nH]c(=O)c3c2CCCC3)ccc1F)N1CCN(c2ccc(F)cc2)CC1,CHEMBL3962134,0.4412373379806119,1
O=C(c1cccc(Cc2n[nH]c(=O)c3c2CCCC3)c1)N1CCN(c2ccccc2F)CC1,CHEMBL3911328,0.4412373379806119,1
O=C(c1cccc(Cc2n[nH]c(=O)c3c2CCCC3)c1)N1CCN(c2ccccc2)CC1,CHEMBL3939380,0.4412373379806119,1
O=C(c1cc(Cc2n[nH]c(=O)c3ccccc23)cc(F)c1F)N1CCN(c2ccccc2)CC1,CHEMBL4161414,0.4412373379806119,1
O=C(c1cc(Cc2n[nH]c(=O)c3ccccc23)ccc1F)N1CCN(c2ccccc2)CC1,CHEMBL494929,0.4412373379806119,1
O=C(c1cccc(Cc2n[nH]c(=O)c3c2CCCC3)c1)N1CCN(c2ccc(F)cc2)CC1,CHEMBL3938218,0.4412373379806119,1
O=C(c1cccc(Cc2n[nH]c(=O)c3ccccc23)c1)N1CCN(c2ccccc2)CC1,CHEMBL494928,0.4412373379806119,1
O=C(c1cc(Cc2n[nH]c(=O)c3c2CCCC3)ccc1F)N1CCN(c2ccccc2)CC1,CHEMBL3907837,0.4412373379806119,1
O=C(c1cccc(Cc2n[nH]c(=O)c3c2CCCC3)c1)N1CCN(c2ccccc2Cl)CC1,CHEMBL3916749,0.4412373379806119,1
O=C(c1cc(Cc2n[nH]c(=O)c3ccccc23)cc(F)c1F)N1CCN(c2ccc(F)cc2)CC1,CHEMBL4169337,0.4412373379806119,1
O=C(c1cc(Cc2n[nH]c(=O)c3ccccc23)cc(F)c1F)N1CCN(c2ccccc2F)CC1,CHEMBL4172377,0.4412373379806119,1
O=C(c1cc(Cc2n[nH]c(=O)c3c2CCCC3)ccc1F)N1CCN(c2ccccc2Cl)CC1,CHEMBL3948066,0.4412373379806119,1
C[C@H]1CN2CCC[C@H]2CN1C(=O)N1Cc2c(NC(=O)c3cc4cccn4cn3)n[nH]c2C1(C)C,CHEMBL3662788,0.44123443854002925,1
CNS(=O)(=O)c1ccc2c(c1)/C(=C/c1cc3c([nH]1)CCCC3)C(=O)N2,CHEMBL417764,0.4412316574452728,1
NS(=O)(=O)c1ccc2c(c1)/C(=C/c1cc3c([nH]1)CCCC3)C(=O)N2,CHEMBL88483,0.4412316574452728,1
O=C1NCN(c2ccccc2)C12CCN([C@H]1CC3(CCNCC3)Oc3ccccc31)CC2,CHEMBL3585399,0.44122872370909527,1
Cc1cccc(Nc2nc(-c3ccncc3C#CCN3CCN(C)CC3)cs2)c1,CHEMBL1818554,0.44122369644215315,1
NC(=O)[C@@H]1CCCN1C(=O)CCC(=O)c1ccc2[nH]c3c4c(c5c(c3c2c1)C(=O)NC5=O)CCC4,CHEMBL1935275,0.44121995291025573,1
Cc1[nH]nc(C2CC2)c1-c1ccc2c(NC(=O)C3CC3)noc2c1,CHEMBL4088455,0.4412091575905754,1
CC(C)(O)c1cncc(-c2cnc3c(c2)CCCN3C(N)=O)c1,CHEMBL3963049,0.44120657150552095,1
OC1(c2ccccc2)C2=NCC3(CCNCC3)CN2c2ccccc21,CHEMBL1192075,0.44119499685053526,1
CC1=C(CN)SC2NC(=O)C(c3cccc(Oc4ccccc4)c3)=C(O)C12,CHEMBL378817,0.4411870893205283,1
O=c1c2cn[nH]c2c2ccc(-c3cccnc3N3CCCNCC3)cc2n1CC(F)(F)F,CHEMBL3925571,0.4411864887879647,1
CC(C)CCn1cc(C2(c3cccc(-c4cccnc4F)c3)N=C(N)N(C)C2=O)cn1,CHEMBL1824341,0.441177579252893,1
CN1C(=O)C(c2cccc(-c3cccnc3F)c2)(c2cnn(CCC(C)(C)C)c2)N=C1N,CHEMBL1824342,0.441177579252893,1
CC1(c2ccc3ccccc3c2)NC(=O)N(CC(=O)N2CCN(Cc3ccccc3)CC2)C1=O,CHEMBL1606936,0.4411707030100988,1
O=C(CN1CCOCC1)N1CC=C(c2ccc(NC(=O)N3Cc4ccccc4C3)cn2)CC1,CHEMBL3943562,0.4411630036630032,1
N[C@H](COc1cncc(NC(=O)c2ccncc2)c1)Cc1c[nH]c2ccccc12,CHEMBL576565,0.4411609299516906,1
COc1ccccc1N1CCN(CC(O)CCNC(=O)c2ccc3c(c2)Cc2ccccc2-3)CC1,CHEMBL242218,0.4411476614153947,1
O=C(c1cc(Cc2n[nH]c(=O)c3c2CCCC3)ccc1F)N1CCC(O)CC1,CHEMBL3971091,0.44114595342402574,1
O=C(c1cccc(Cc2n[nH]c(=O)c3c2CCCC3)c1)N1CCC(O)CC1,CHEMBL3952003,0.44114595342402574,1
Cc1nc2ccc(-c3nc4cc(N)ccc4[nH]3)cc2[nH]1,CHEMBL525103,0.4411436021605512,1
NCCCCC(N)C(=O)NCc1ccc2[nH]c3c4c(c5c(c3c2c1)CNC5=O)CCC4,CHEMBL378794,0.4411418555152123,1
Nc1n[nH]c2cc(-c3ccc(NS(=O)(=O)c4cc(F)ccc4F)cc3)ccc12,CHEMBL3356032,0.4411319436357282,1
Nc1n[nH]c2cc(-c3ccc(NS(=O)(=O)c4ccccc4F)cc3)ccc12,CHEMBL3356030,0.4411319436357282,1
Nc1n[nH]c2cc(-c3ccc(NS(=O)(=O)c4cccc(F)c4F)cc3)ccc12,CHEMBL3356031,0.4411319436357282,1
Nc1n[nH]c2cc(-c3ccc(NS(=O)(=O)c4ccccc4)cc3)ccc12,CHEMBL3356022,0.4411319436357282,1
CN(C)CCN1C(=O)C(c2c[nH]c3ccccc23)=C(c2c[nH]c3ccccc23)C1=O,CHEMBL330336,0.44112801256753137,1
O=C1COc2ccc(CCN3CCN(c4nccc5ccccc45)CC3)cc2N1,CHEMBL490211,0.44110500063946795,1
CN(C)Cc1ccc(CN2CCCC(Nc3ccc4[nH]ncc4c3)C2)cc1,CHEMBL3689363,0.44110252776888953,1
Nc1ncc(C2CCOCC2)cc1-c1ccc2c(c1)CCNC2=O,CHEMBL3970028,0.44109602917341945,1
NC(=O)c1ccc(NC2CNC[C@@H]2c2ccc3cccnc3c2)c2cccnc12,CHEMBL4115531,0.4410934439451549,1
CCNC(=O)Nc1ccc(-c2cc(-c3cccc(OC)c3)[nH]c(=O)c2C#N)cc1,CHEMBL3394155,0.44109223780367346,1
NC1=NC(c2cccc(NC(=O)c3ccc(O)cn3)c2)(C2CCCCC2)CS1,CHEMBL3670300,0.44107674495534227,1
Cc1noc(C)c1-c1ccc2c(c1)C(OCCCN1CCNCC1)CC2,CHEMBL3220859,0.4410751971565031,1
CN1CCN(CCCNC(=O)[C@@H](Cc2ccccc2)NC(=O)C2(NC(=O)c3cc4ccccc4s3)CCc3ccccc32)CC1,CHEMBL394878,0.4410732935222131,1
CCN(CC)CCNC(=O)c1ccc(NC(=O)C2CC(=O)N(c3ccc4c(c3)OCCO4)C2)cc1,CHEMBL1721008,0.44107216186956344,1
Cc1cc(C[C@@H](NC(=O)N2CCN(c3ccc(F)cc3)CC2)C(=O)N2CCC(N3CCCCC3)CC2)cc2cn[nH]c12,CHEMBL3769598,0.4410705095213585,1
Cc1cc(C[C@@H](NC(=O)N2CCN(c3ccccc3F)CC2)C(=O)N2CCC(N3CCCCC3)CC2)cc2cn[nH]c12,CHEMBL3770044,0.4410705095213585,1
Cc1cc(C[C@@H](NC(=O)N2CCN(c3ccccc3)CC2)C(=O)N2CCC(N3CCCCC3)CC2)cc2cn[nH]c12,CHEMBL3770965,0.4410705095213585,1
NCCc1c[nH]c2ccc(CCC3NC(=O)N(Cc4ccccc4)C3=O)cc12,CHEMBL119145,0.4410607002278845,1
CC(C)Nc1c(-c2ccc(OCCO)cc2)nc2ccc(Br)cn12,CHEMBL3217967,0.4410577831201168,1
OCc1ccc2c(c1)CC1(C2)Cc2cc3c(cc2C1O)CCC3,CHEMBL1990841,0.441056371639179,1
O=C(Nc1ccc2ccccc2n1)c1ccc2cc3n(c2c1)CCCNC3=O,CHEMBL1938800,0.4410557656715216,1
O=C(Nc1nc2ccccc2o1)c1ccc2cc3n(c2c1)CCCNC3=O,CHEMBL1938802,0.4410557656715216,1
O=C(Nc1nc2ccccc2s1)c1ccc2cc3n(c2c1)CCCNC3=O,CHEMBL1938801,0.4410557656715216,1
O=C1c2cc(O)ccc2SC2c3[nH]c4ccc(O)cc4c3CCN12,CHEMBL3600931,0.44105333176820416,1
CCCNc1ccc(-c2cc(C(N)=O)c3[nH]cc(C4CCN(S(=O)(=O)CC)CC4)c3c2)cn1,CHEMBL546956,0.441047401443441,1
Nc1ncc(-c2ccc(CN3CCOCC3)cc2)c(-c2ccccc2O)n1,CHEMBL1774654,0.4410470603239385,1
Oc1nc2ccc(N3C[C@H]4C[C@@H]3CN4)nc2c2ccccc12,CHEMBL1199668,0.44104676167219437,1
CNC1=NC(c2cccc(NC(=O)c3ccco3)c2)CN1C(=O)OC(C)(C)C,CHEMBL3621662,0.4410432334960638,1
O=C(CN1CCC(N2CCCC2)CC1)N1CCc2nc(O)c3ccccc3c2C1,CHEMBL85733,0.44104159189695724,1
O=C(NC1=NCCS1)c1cccc(N2C(=O)c3ccccc3C2=O)c1,CHEMBL1462328,0.4410415741973663,1
O=C(/C=C/c1cccc(-c2nc3ccccc3n2CC2CCNCC2)c1)NO,CHEMBL1095076,0.44103821786225195,1
O=C(Nc1ccc2c(c1)NC(=O)C(N1CCOCC1)C2)N[C@@H]1CC[C@H](c2ccccc2)C1,CHEMBL3646680,0.44103519668737035,1
O=C(Nc1ccc2c(c1)NC(=O)C(N1CCCOCC1)C2)N[C@@H]1CC[C@H](c2ccccc2)C1,CHEMBL3646681,0.44103519668737035,1
O=C(NCc1nc2ccccc2[nH]1)c1cccc(S(=O)(=O)N2CCOCC2)c1,CHEMBL1601314,0.44102934102934066,1
C[C@H](NC(=O)c1ccc(Cl)c(S(=O)(=O)N2CCOCC2)c1)c1nc2ccccc2[nH]1,CHEMBL1524056,0.44102934102934066,1
O=C(NCc1nc2ccccc2[nH]1)c1ccc(S(=O)(=O)N2CCOCC2)cc1,CHEMBL1415001,0.44102934102934066,1
O=C(COc1ccc2c(c1)CN[C@H](C(=O)Nc1ccc(-c3ccccc3)cc1)C2)NO,CHEMBL1198137,0.4410291438979963,1
COc1cccc(-c2cccc(C3(C4CC4)NC(=N)N(C)C3=O)c2)c1,CHEMBL2012001,0.44102533813714456,1
O=C(NCc1ccccc1)c1cccc(NCc2nc(-c3ccncc3)n[nH]2)c1,CHEMBL4082775,0.4410237659963435,1
Cc1cnccc1-c1n[nH]c(CNc2cccc(C(=O)NCc3ccccc3)c2)n1,CHEMBL4062649,0.4410237659963435,1
O=C(CN1CCN(Cc2ccccc2)CC1)Nc1ccc2c(c1)CCc1nnc(Cc3ccccc3)n1-2,CHEMBL456169,0.441014393420151,1
O=C(C1CC1)N1CC[C@@H](CN2C(=O)C3(CC3)N=C2c2ccc(-c3ccc4[nH]ncc4c3)cc2)C1,CHEMBL4129575,0.4410094917058457,1
COc1ccc(-c2cnc(NC(=O)CCCCN3CCCN(C(C)=O)CC3)[nH]2)cc1,CHEMBL2086585,0.4410065548272413,1
O=C(CN1CCN(c2ccccc2)CC1)N1CCc2c([nH]c3ccccc23)C1c1cccnc1,CHEMBL2004802,0.44100096964272373,1
O=c1[nH]c2ccc(-c3cccc(OCC(O)CN4CCc5ccccc5C4)c3)cc2[nH]1,CHEMBL3922248,0.44100070524479407,1
CC(=O)OCCN1Cc2cc(-c3ccc(/C=C4/NC(=S)NC4=O)s3)ccc2C1=O,CHEMBL3103912,0.4409964112307365,1
N=C(N)c1cccc(C2=NOC(C(=O)Nc3ccc(-c4ccccc4S(N)(=O)=O)cc3)(C(F)(F)F)C2)c1,CHEMBL445678,0.4409922531729029,1
N=C(N)c1cccc(C2=NOC(C(=O)Nc3ccc(-c4ccccc4S(N)(=O)=O)cc3)C2)c1,CHEMBL92523,0.4409922531729029,1
CC1(C(=O)Nc2ccc(-c3ccccc3S(N)(=O)=O)cc2)CC(c2cccc(C(=N)N)c2)=NO1,CHEMBL7967,0.44099225317290275,1
NC(=S)N/N=C/c1c(-c2ccc(O)cc2)[nH]c2ccccc12,CHEMBL1929125,0.44098432055749115,1
C=CC(C)(C)c1[nH]c2cc3c(cc2c1/C=C1\NC(=O)[C@H](C)NC1=O)C[C@H](C(C)(C)O)OC3(C)C,CHEMBL251227,0.4409655897904382,1
Nc1nc2[nH]c(-c3ccc(CCCN4CCOCC4)cc3)c(-c3ccccc3)c2c(=O)[nH]1,CHEMBL3318923,0.44096170970614407,1
CS(=O)(=O)Nc1sc2c(c1C(=O)NN1C(=O)CSC1c1c[nH]c3ccccc13)CCCC2,CHEMBL3706633,0.4409497762307307,1
O=C(NCCc1ccccn1)c1cc([C@@H]2CCNC[C@H]2COc2ccc3c(c2)OCO3)ccc1F,CHEMBL4076131,0.440944021560986,1
N=C(N)N1CCc2ccc(OCC3CCN(c4ccccc4N)CC3)cc2C1,CHEMBL1190948,0.44093698608158494,1
CC(=O)Nc1ccc(NC(=O)C2Cc3c(-c4cccc(C(C)=O)c4)ccnc3O2)cc1,CHEMBL1866327,0.4409343619359565,1
N=C(N)c1ccc(OCCOc2ccc(-c3cc4ccc(C(=N)N)cc4[nH]3)cc2)cc1,CHEMBL3251191,0.44093392254427766,1
CC(=O)Nc1ccc(N2CC=C(C3CC(C(=O)O)Nc4cc(Cl)ccc43)C2=O)cc1,CHEMBL3941815,0.4409334569344241,1
CC(=O)Nc1ccc(N2CC/C(=C3\CC(C(=O)O)Nc4cc(Cl)ccc43)C2=O)cc1,CHEMBL3954739,0.4409334569344241,1
Cc1occc1CNC(=O)Nc1ccc2nc(N3CCOCC3)oc2c1,CHEMBL3462895,0.4409300072656816,1
NC(=S)NC[C@H]1CN(c2ccc(N3CCN(C(=O)/C=C/c4cccs4)CC3)c(F)c2)C(=O)O1,CHEMBL212372,0.44091629595541215,1
NC(=S)NC[C@H]1CN(c2ccc(N3CCN(C(=O)/C=C/c4ccccc4)CC3)c(F)c2)C(=O)O1,CHEMBL384136,0.44091629595541215,1
Nc1ncc2c(n1)-c1c([nH]c3ccc(C#Cc4cccnc4)cc13)CCC2,CHEMBL2334584,0.44090926663316177,1
CNc1c(Br)cnc2[nH]c(-c3ccc4[nH]ncc4c3)nc12,CHEMBL2011921,0.4409030036349723,1
N#CCNC(=O)c1ccc2c(-c3nc4ccccc4[nH]3)n[nH]c2c1,CHEMBL3968386,0.44089147286821706,1
COc1cccc(CN(c2ccc3[nH]ccc3c2)C2CCNCC2)c1,CHEMBL550870,0.4408907841743658,1
CNC(=O)CCN1C(=O)C(NC(=O)c2cc3cc(Cl)sc3[nH]2)Cc2ccccc21,CHEMBL233033,0.4408840322898208,1
O=C(NN1C(=O)CSC1c1ccccc1)c1ccc(C(=O)NN2C(=O)CSC2c2ccccc2)cc1,CHEMBL572552,0.4408801224765903,1
Cc1cc(C)c(CNC(=O)c2cc(-c3ccc(CN(C)C)nc3)cc(N(C)C3CCOCC3)c2C)c(=O)[nH]1,CHEMBL3697425,0.4408800345111572,1
NC1=N[C@@](c2cc(NC(=O)c3cc4cncnc4[nH]3)ccc2F)(C(F)F)COC1,CHEMBL3653480,0.4408799624882773,1
Oc1ccc(-c2cn(Cc3ccccc3)c3c2CNCC3)cc1,CHEMBL1644281,0.44086592030561883,1
N[C@H]1c2ccccc2C[C@@H]1NC(=O)C1CCN(Cc2ccco2)CC1,CHEMBL3474830,0.440865071002057,1
N#Cc1cncc(-c2cccc(C3(C4CC4)NC(=N)N(C4CCCCC4)C3=O)c2)c1,CHEMBL3939240,0.4408636952099127,1
O=c1cc(-c2ccc(C(F)(F)F)nn2)ccn1-c1ccc2c3c([nH]c2c1)CCCNC3,CHEMBL3665344,0.44086229086229073,1
O=c1cc(-c2ccc(C(F)(F)F)nn2)ccn1-c1ccc2c3c([nH]c2c1)CCNCC3,CHEMBL3665315,0.44086229086229073,1
CCc1nnc(-c2cc(-c3ccc4[nH]ccc4c3)cnc2N)o1,CHEMBL4091112,0.44085580037407057,1
Cn1ccc(-c2cc(-c3ccc4[nH]ccc4c3)cnc2N)n1,CHEMBL4073492,0.44085580037407057,1
Cc1nnc(-c2cc(-c3ccc4[nH]ccc4c3)cnc2N)o1,CHEMBL4103716,0.44085580037407057,1
COc1ccc(C2NC(S)=NC3=C2CCc2cc(OC)ccc23)cc1,CHEMBL1308013,0.4408523858065142,1
N#CC1(C(=O)N2Cc3cc(-c4cc[nH]n4)ccc3C2c2cnco2)CC1,CHEMBL3440980,0.4408488063660477,1
CN(C)CC(C)(C)Cn1c(NC(=O)c2ccc3cc4n(c3c2)CCCNC4=O)nc2ccccc21,CHEMBL3919214,0.4408364458673172,1
CN1CCN(CC(=O)N2CC=C(c3ccc(NC(=O)N4Cc5ccccc5C4)cc3)CC2)CC1,CHEMBL3914763,0.4408364083640832,1
C[C@H](NC(=O)c1cn[nH]c1)c1ccc(CN2Cc3ccc(OCC4CC4)cc3C(O)C2)cc1,CHEMBL3933066,0.44083465398837796,1
O=C1NC(=S)N/C1=C\c1cn(CCCCCN2CCN(c3ccccc3)CC2)c2ccccc12,CHEMBL557255,0.44083189537734974,1
O=C(Nc1cc(-c2cc3c([nH]2)C2(CCNCC2)CNC3=O)ccn1)c1ccncc1,CHEMBL1933177,0.44082525249618776,1
O=C(Cc1cccc(OCCN2CCNCC2)c1)Nc1nc(-c2ccncc2)cs1,CHEMBL4240949,0.44082075235632634,1
O=c1cc(-c2ccccc2)oc2cc(OCCN3CCNCC3)cc(O)c12,CHEMBL593729,0.4408022848240947,1
O=C(Nc1ccc(C(=O)N2CCN(CCOCCO)CC2)cc1)N1Cc2ccccc2C1,CHEMBL3951083,0.44079863798173624,1
O=C(Nc1ccc(C(=O)N2CCN(CCOCCO)CC2)cc1)N1Cc2ccc(F)cc2C1,CHEMBL3896278,0.44079863798173624,1
COc1ccc2[nH]c(CNc3cc(C4CCNCC4)nc(C)n3)cc2c1,CHEMBL3477715,0.4407973621103115,1
CN1CCN(CC(=O)Nc2ccc(/N=C3\SCC(=O)N3Cc3cccs3)cc2)CC1,CHEMBL3895712,0.44079588761854077,1
O=C1C=CC(c2[nH]c3ccccc3c2C2=CCNCC2)=NC1,CHEMBL281090,0.4407940161104717,1
O=C(NCCN1CCCCC1)c1ccc2[nH]nc(S(=O)(=O)c3cccc4ccccc34)c2c1,CHEMBL1739647,0.44078132133307274,1
Nc1ccccc1C(=O)Nc1ccc(C(=O)N2Cc3cccn3Cc3ccccc32)cn1,CHEMBL49392,0.4407806641671133,1
Cc1[nH]c2ccc(CNC(=O)c3ccc(CN4CCCC4)o3)cc2c1C,CHEMBL3486035,0.44077979401667444,1
C[C@H](CO)NS(=O)(=O)c1ccccc1-c1ccc(-c2cnc3[nH]ccc3n2)c(F)c1,CHEMBL3693122,0.44077391338063665,1
C[C@@H](CO)NS(=O)(=O)c1ccccc1-c1ccc(-c2cnc3[nH]ccc3n2)c(F)c1,CHEMBL3693120,0.44077391338063665,1
COc1ccc(-c2cc(NC(=O)CCCCN3CCOCC3)[nH]n2)cc1,CHEMBL2087453,0.44077255567106216,1
COc1ccc(-c2cc(NC(=O)CCCCN3CCCOCC3)[nH]n2)cc1,CHEMBL2087457,0.44077255567106216,1
Cc1cc(O)cc(C)c1C[C@H](N)C(=O)N1Cc2ccccc2C[C@H]1C(=O)NCC1Cc2ccccc2C1,CHEMBL260127,0.4407706693955326,1
CCN1CCN(c2cc(C)c3cc(NC(=O)CSc4ccncc4)ccc3n2)CC1,CHEMBL186842,0.44077004219409266,1
Cc1ccc(CN2CCN(CC(=O)N=Nc3c(O)[nH]c4ccccc34)CC2)cc1,CHEMBL1495352,0.44076803723816904,1
O=C(CN1CCN(Cc2ccccc2)CC1)N=Nc1c(O)[nH]c2ccccc12,CHEMBL1707154,0.440768037238169,1
O=C(CN1CCN(Cc2ccccc2Cl)CC1)N=Nc1c(O)[nH]c2ccccc12,CHEMBL1559888,0.440768037238169,1
Cc1cc(NC(=O)c2cc(-c3ccc(CN4CCOCC4)s3)cnc2N)ccn1,CHEMBL3943325,0.4407672057164351,1
Cc1cnccc1NC(=O)c1cc(-c2ccc(CN3CCOCC3)s2)cnc1N,CHEMBL3892127,0.4407672057164351,1
Nc1ncc(-c2csc(CN3CCOCC3)c2)cc1C(=O)Nc1ccncc1,CHEMBL3922312,0.4407672057164351,1
Cc1cc(NC(=O)c2cc(-c3ccc(CN4CCOCC4)s3)cnc2N)cc(C)n1,CHEMBL3910247,0.4407672057164351,1
Cc1cc(NC(=O)c2cc(-c3csc(CN4CCOCC4)c3)cnc2N)ccn1,CHEMBL3914197,0.4407672057164351,1
Nc1ncc(-c2ccc(CN3CCOCC3)s2)cc1C(=O)Nc1ccncc1,CHEMBL3982817,0.4407672057164351,1
Nc1ncc(-c2ccc(CN3CCOCC3)s2)cc1C(=O)Nc1ccncc1Cl,CHEMBL3950028,0.4407672057164351,1
O=C(Nc1cc(CSCCO)ccn1)c1cc2ccccc2[nH]1,CHEMBL3464424,0.44076328728634945,1
CC(=O)NCc1ccc(Cl)c(CN(C(=O)[C@H]2CNCC(=O)N2c2ccc(COC(=O)c3ccccc3)cc2)C2CC2)c1,CHEMBL1946318,0.4407508349007712,1
O=C(Nc1cc(-c2cc3c([nH]2)C2(CCCNC2)CNC3=O)ccn1)c1ccccn1,CHEMBL1933185,0.440749560582866,1
O=C(Nc1cc(-c2cc3c([nH]2)C2(CCNC2)CNC3=O)ccn1)c1ccccn1,CHEMBL1933193,0.440749560582866,1
O=C(Nc1cc(-c2cc3c([nH]2)C2(CCNCC2)CNC3=O)ccn1)c1ccccn1,CHEMBL1933176,0.440749560582866,1
Cn1cc(NC(=O)c2ccc3cc4n(c3c2)CC(C)(C)CNC4=O)cn1,CHEMBL3939161,0.4407414484999044,1
COc1ccc(-c2cc(=O)c3ccc(OCC(O)CNC(C)C)cc3o2)cc1,CHEMBL60867,0.4407366482504604,1
NC(=O)CCn1cc(CNCCCc2ccccc2O)c2ccccc21,CHEMBL3485996,0.44073508504028197,1
Cc1noc(-c2cc3cc(-c4nc(C(=O)NCC5CCCO5)[nH]c4C)ccc3[nH]2)n1,CHEMBL3666000,0.44073146837923144,1
Cc1noc(-c2cc3cc(-c4nc(C(=O)NC[C@H]5CCCO5)[nH]c4C)ccc3[nH]2)n1,CHEMBL3666008,0.44073146837923144,1
Cc1noc(-c2cc3cc(-c4nc(C(=O)NC[C@@H]5CCCO5)[nH]c4C)ccc3[nH]2)n1,CHEMBL3666005,0.44073146837923144,1
Cc1noc(-c2cc3cc(-c4nc(C(=O)NCC5CCCCO5)[nH]c4C)ccc3[nH]2)n1,CHEMBL3666009,0.44073146837923144,1
CC(C)Nc1nc2c(s1)Cc1cc(/C=C/C(=O)NO)ccc1-2,CHEMBL2385381,0.4407203601800901,1
CC(C)(C)Nc1nc2c(s1)Cc1cc(/C=C/C(=O)NO)ccc1-2,CHEMBL2385383,0.4407203601800901,1
Cc1ccc(C#N)cc1S(=O)(=O)Nc1ccc(-c2ccc3c(N)n[nH]c3c2)cc1,CHEMBL3356027,0.4407167365611893,1
O=C(NC1CC1)c1cccc(-c2ccc3c(NC(=O)C4CC4)n[nH]c3c2)c1,CHEMBL3188944,0.44071204393879937,1
COc1cccc(CN(CCN2CCCC2)C(=O)c2cc3ccc(-c4cn[nH]c4)nc3n2C)c1,CHEMBL1922041,0.44069063723745105,1
CCn1nc(-c2cccc(C#N)c2)cc1C(=O)Nc1ccc([C@H]2CNCCO2)cc1,CHEMBL3663703,0.4406903163950141,1
Cn1nc(-c2cccc(C#N)c2)cc1C(=O)Nc1ccc([C@H]2CNCCO2)cc1,CHEMBL3663702,0.4406903163950141,1
O=C(NCCCNc1nc2ccccc2[nH]1)c1ccc2c(c1)CCO2,CHEMBL3580676,0.4406877044108544,1
O=S1(=O)N(CCC(O)CNC2CC2)c2ccccc2N1c1ccccc1,CHEMBL1084291,0.4406820480709019,1
COc1ccc(-c2ccc3nc(NC(=O)NCCN4CCOCC4)sc3c2)cn1,CHEMBL3612317,0.44067727458180317,1
Nc1ccc(-c2cccc(C(=O)Nc3ccc4nc(N5CCOCC5)sc4c3)n2)cn1,CHEMBL3353198,0.4406715328467154,1
CC(C)Nc1cccnc1N1CCN(C(=O)c2cc3ccc(O)cc3[nH]2)CC1,CHEMBL37080,0.44065675158297696,1
CC(C)Nc1cccnc1N1CCN(C(=O)c2cc3cc(O)ccc3[nH]2)CC1,CHEMBL38068,0.44065675158297696,1
Nc1ncc(-c2ccc(C(=O)N3CCOCC3)cc2)cc1-c1ccc(C(F)(F)F)nc1,CHEMBL2181488,0.44065259691662895,1
COc1ccccc1N1CCN(C/C=C/CNC(=O)c2cc3cc(OCCOCCF)ccc3[nH]2)CC1,CHEMBL3133868,0.44064521926671435,1
COc1ccccc1N1CCN(CCCCNC(=O)c2cc3cc(OCCOCCF)ccc3[nH]2)CC1,CHEMBL3139059,0.44064521926671435,1
CC(C)(N)C(=O)N[C@@H]1CCc2ccccc2N(Cc2ccc(-c3ccccc3CNC(=O)NCCO)cc2)C1=O,CHEMBL295984,0.4406428201140487,1
Cc1cccc(NC(=O)Nc2ccc(-c3noc4ncnc(N)c34)cc2)c1,CHEMBL211378,0.44062418215126925,1
CN[C@@H](C)C(=O)N[C@H]1CCc2ccccc2N(Cc2c(OC)ccc3ccccc23)C1=O,CHEMBL2431759,0.44062360801781736,1
CN[C@@H](C)C(=O)N[C@H](C(=O)N1Cc2ccccc2C1C(=O)Nc1ccccc1OC)C(C)C,CHEMBL3923833,0.44058543384829807,1
CCOc1cccc(Nc2ccnc3[nH]c4ccc(S(=O)(=O)N5CCNCC5)cc4c23)c1,CHEMBL3133829,0.4405822652117977,1
COc1cccc(Nc2ccnc3[nH]c4ccc(S(=O)(=O)N5CCNCC5)cc4c23)c1,CHEMBL3133828,0.4405822652117977,1
CC(=O)/C=C/CNC(=O)CN1C(=O)[C@@H](CNCC(C)C)N=C(c2ccccc2)c2ccccc21,CHEMBL1952263,0.4405766982725028,1
Cc1cc(-c2[nH]nc(-c3cccs3)c2CCNS(=O)(=O)N(C)[C@@H]2CCN(Cc3ccccc3)C2)no1,CHEMBL1795361,0.44056992875890477,1
CCc1ncnc(-c2ccc(C(=O)N3C[C@@H]4CCN[C@@H]4C3)c(F)c2)c1C#Cc1ccc(N)nc1,CHEMBL3648872,0.44056860918469415,1
O=c1cc(-c2ccccc2)c2ccc(OCC(O)CN3CCCCC3)cc2o1,CHEMBL477411,0.44056456339128724,1
N[C@H]1C[C@@H]1NC(=O)c1cnc(Oc2ccc3c(c2)CC[C@@H](c2ccccc2)O3)s1,CHEMBL3661936,0.440564273518172,1
N[C@H]1CC1NC(=O)c1cnc(Oc2ccc3c(c2)CC[C@@H](c2ccccc2)O3)s1,CHEMBL3661962,0.440564273518172,1
COCCN1CCC(CNC(=O)c2n[nH]c3ccc(-c4cccc(F)c4F)cc23)CC1,CHEMBL3735506,0.4405628076182323,1
COCCN1CCC(CNC(=O)c2n[nH]c3ccc(-c4ccccc4)cc23)CC1,CHEMBL3736164,0.4405628076182323,1
COCCN1CCC(CNC(=O)c2n[nH]c3ccc(-c4ccccc4C)cc23)CC1,CHEMBL3736396,0.4405628076182323,1
COCCN1CCC(CNC(=O)c2n[nH]c3ccc(-c4ccccc4F)cc23)CC1,CHEMBL3735246,0.4405628076182323,1
CO[C@]1(C(F)(F)F)[C@@H]2[C@H](C(=O)N1Cc1ccc(F)cc1)[C@H](c1ccc(C(=N)N)cc1)N1CCC[C@@H]21,CHEMBL2448926,0.44055396893705234,1
N=C(N)c1ccc([C@H]2[C@H]3C(=O)N(Cc4ccc(F)cc4)C(=O)[C@H]3[C@@H]3CCCN32)c(F)c1F,CHEMBL2448896,0.44055396893705234,1
N=C(N)c1ccc([C@H]2[C@H]3C(=O)N(Cc4ccc(F)cc4)C(=O)[C@H]3[C@H]3[C@@H](F)CCN32)cc1,CHEMBL2448820,0.44055396893705234,1
N=C(N)c1ccc([C@H]2C3C(=O)N(Cc4cccc(F)c4)C(=O)C3C3CCCN32)cc1,CHEMBL1186820,0.44055396893705234,1
N=C(N)c1ccc([C@H]2[C@H]3C(=O)N(Cc4ccc(F)cc4)C(=O)[C@H]3[C@@H]3CCCN32)c(F)c1,CHEMBL2448894,0.44055396893705234,1
N=C(N)c1ccc(C2C3C(=O)N(Cc4ccc(F)cc4)C(=O)C3C3CCCN32)cc1,CHEMBL3613792,0.44055396893705234,1
N=C(N)c1ccc(C2C3C(=O)N(Cc4ccccc4)C(=O)C3C3CCCN32)cc1,CHEMBL3613791,0.44055396893705234,1
N=C(N)c1ccc([C@H]2C3C(=O)N(Cc4ccc(F)cc4)C(=O)C3C3CCCN32)cc1,CHEMBL1186840,0.44055396893705234,1
N=C(N)c1ccc([C@H]2C3C(=O)N(Cc4ccccc4)C(=O)C3C3CCCN32)cc1,CHEMBL480133,0.44055396893705234,1
N=C(N)c1c(F)cc([C@H]2[C@H]3C(=O)N(Cc4ccc(F)cc4)C(=O)[C@H]3[C@@H]3CCCN32)cc1F,CHEMBL2448897,0.44055396893705234,1
N=C(N)c1cc(F)c([C@H]2[C@H]3C(=O)N(Cc4ccc(F)cc4)C(=O)[C@H]3[C@@H]3CCCN32)c(F)c1,CHEMBL2448895,0.44055396893705234,1
N=C(N)c1ccc([C@H]2[C@H]3C(=O)N(Cc4cc(F)cc(F)c4)C(=O)[C@H]3C3CCCN32)cc1,CHEMBL3635088,0.44055396893705234,1
N=C(N)c1ccc([C@H]2[C@H]3C(=O)N(Cc4ccc(F)cc4)C(=O)[C@H]3[C@H]3C[C@H](F)CN32)cc1,CHEMBL2448828,0.44055396893705234,1
N=C(N)c1ccc([C@H]2[C@H]3C(=O)N(Cc4ccc(F)cc4)C(=O)[C@H]3[C@@H]3CCCN32)cc1,CHEMBL1794641,0.44055396893705234,1
N=C(N)c1ccc([C@H]2C3C(=O)N(Cc4ccccc4F)C(=O)C3C3CCCN32)cc1,CHEMBL1186819,0.44055396893705234,1
N=C(N)c1ccc([C@H]2[C@H]3C(=O)N(Cc4ccc(F)cc4)C(=O)[C@H]3[C@@H]3CCCN32)cc1F,CHEMBL2448893,0.44055396893705234,1
CO[C@@]1(C(F)(F)F)[C@@H]2[C@H](C(=O)N1Cc1ccc(F)cc1)[C@H](c1ccc(C(=N)N)cc1)N1CCC[C@@H]21,CHEMBL2448925,0.44055396893705234,1
N=C(N)c1ccc([C@H]2[C@H]3C(=O)N(Cc4ccccc4)C(=O)[C@H]3C3CCCN32)cc1,CHEMBL3632869,0.44055396893705234,1
N=C(N)c1ccc([C@H]2[C@H]3C(=O)N(Cc4ccc(F)cc4)C(=O)[C@H]3[C@H]3[C@H](F)CCN32)cc1,CHEMBL2448817,0.44055396893705234,1
N=C(N)c1ccc([C@H]2[C@H]3C(=O)N(Cc4cccc(F)c4)C(=O)[C@H]3C3CCCN32)cc1,CHEMBL3632870,0.44055396893705234,1
N=C(N)c1ccc([C@H]2[C@H]3C(=O)N(Cc4ccc(F)cc4)C(=O)[C@H]3C3CCCN32)cc1,CHEMBL3632871,0.44055396893705234,1
N=C(N)c1ccc([C@H]2[C@H]3C(=O)N(Cc4ccc(F)cc4)C(=O)[C@H]3[C@@H]3N2CCC3(F)F)cc1,CHEMBL2448821,0.44055396893705234,1
N=C(N)c1ccc([C@H]2[C@H]3C(=O)N(Cc4ccc(F)cc4)C(=O)[C@H]3[C@H]3CC(F)(F)CN32)cc1,CHEMBL2448829,0.44055396893705234,1
N=C(N)c1ccc([C@H]2[C@H]3C(=O)N(Cc4ccc(F)cc4)C(=O)[C@H]3[C@H]3C[C@@H](F)CN32)cc1,CHEMBL2448825,0.44055396893705234,1
NC(=O)c1ccccc1Nc1ccc2c(/C=C/c3ccccn3)n[nH]c2c1,CHEMBL3977860,0.44054133077147967,1
CCc1cc2c(cc1NC(=O)CN1C[C@@H]3C(CO)[C@@H]3C1)C(C)(C)c1[nH]c3cc(C#N)ccc3c1C2=O,CHEMBL3735241,0.4405297859362745,1
O=C(O)C1CCN(C(=O)c2cccc3c2Cc2c-3n[nH]c2-c2ccsc2)CC1,CHEMBL393862,0.4405293201868188,1
O=C(O)C1CCCN(C(=O)c2cccc3c2Cc2c-3n[nH]c2-c2ccsc2)C1,CHEMBL245734,0.4405293201868188,1
Cc1cc(O)cc(C)c1C[C@H](N)C(=O)N1Cc2ccccc2C[C@H]1C(=O)NCc1ncc[nH]1,CHEMBL407957,0.44052633197036306,1
c1cncc(-c2cc3c(CNCC4CCNCC4)n[nH]c3cn2)c1,CHEMBL3937388,0.440505692633696,1
CC12CC(NC(=O)N1c1cccc(C(=O)NCc3ccccn3)c1)c1ccccc1O2,CHEMBL1717823,0.440500790081439,1
COCCNCCC(=O)N[C@H]1c2ccccc2C[C@@H]1NC(=O)c1cc2ccccc2n1C,CHEMBL4175534,0.4404905288514178,1
CCCCN1CCN(C(=O)c2ccc3[nH]c(=O)c4c(c3c2)CCSC4)CC1,CHEMBL2237224,0.4404864337750244,1
CCCCCCN1CCN(C(=O)c2ccc3[nH]c(=O)c4c(c3c2)CCSC4)CC1,CHEMBL2237219,0.4404864337750244,1
CCN1CCN(C(=O)c2ccc3[nH]c(=O)c4c(c3c2)CCSC4)CC1,CHEMBL2237226,0.4404864337750244,1
CCCC(C)N1CCN(C(=O)c2ccc3[nH]c(=O)c4c(c3c2)CCSC4)CC1,CHEMBL2237220,0.4404864337750244,1
CN1CCN(C(=O)c2ccc3[nH]c(=O)c4c(c3c2)CCSC4)CC1,CHEMBL2237227,0.4404864337750244,1
CCCCCN1CCN(C(=O)c2ccc3[nH]c(=O)c4c(c3c2)CCSC4)CC1,CHEMBL2237222,0.4404864337750244,1
CCCN1CCN(C(=O)c2ccc3[nH]c(=O)c4c(c3c2)CCSC4)CC1,CHEMBL2237225,0.4404864337750244,1
O=C(c1ccc2[nH]c(=O)c3c(c2c1)CCSC3)N1CCN(CCCC(F)(F)F)CC1,CHEMBL2237223,0.4404864337750244,1
Oc1[nH]c2c(Br)cccc2c1C1=Nc2ccccc2/C1=N\OCCN1CCNCC1,CHEMBL379858,0.4404855408782577,1
Cn1nc(-c2ccc(Cl)cc2)c2cc(C(=O)NCCN3CCOCC3)sc21,CHEMBL530664,0.44048039561992214,1
CN/C(=C1\C(=O)C(=O)N(c2ccc(-c3ccsc3)cc2)C1c1ccc[nH]c1=O)C(C)C,CHEMBL3674777,0.44047666493961973,1
COc1ccc(NC(=O)c2cc(-c3ccc(CN4CCOCC4)s3)cnc2N)cc1,CHEMBL3972829,0.44046895060477104,1
CNC1=NC(=O)C(C(C)c2cn(C(=O)c3ccccc3C([O])=O)c3ccccc23)S1,CHEMBL3250548,0.44042390681687976,1
NC(=O)Nc1ccc2c(c1)/C(=C/c1cc(C(=O)NCCN3CCOCC3)c[nH]1)C(=O)N2,CHEMBL388184,0.4404106159238861,1
CN1Cc2c(C3=CCN(CC(=O)N(C)C4CC(O)C4)CC3)[nH]c3ncc(F)c(c23)-c2cc(F)ccc21,CHEMBL3912612,0.4404103910460132,1
CN1Cc2c(C3=CCCN(CC(=O)N(C)C4CC(O)C4)C3)[nH]c3nccc(c23)-c2cc(F)ccc21,CHEMBL3969125,0.4404103910460132,1
CN1Cc2c(C3=CCN(CC(=O)N(C)C4CC(O)C4)CC3)[nH]c3nccc(c23)-c2cc(F)c(F)cc21,CHEMBL3983849,0.4404103910460132,1
CN1Cc2c(C3=CCN(CC(=O)N(C)C4CC(O)C4)CC3)[nH]c3nccc(c23)-c2cc(F)ccc21,CHEMBL3938400,0.4404103910460132,1
CCn1cc(-c2nc3ccc(N)cc3[nH]2)c(=O)c2cc(F)c(N3CCNCC3)cc21,CHEMBL551210,0.440401218892839,1
CCNCc1cncc(-c2cnc3[nH]nc(-c4nc5cc(N6CCN(C)CC6)ccc5[nH]4)c3c2)c1,CHEMBL400569,0.44039760081481727,1
CCCNCc1cncc(-c2cnc3[nH]nc(-c4nc5cc(N6CCN(C)CC6)ccc5[nH]4)c3c2)c1,CHEMBL1807721,0.44039760081481727,1
CNCc1cncc(-c2cnc3[nH]nc(-c4nc5cc(N6CCN(C)CC6)ccc5[nH]4)c3c2)c1,CHEMBL1807715,0.44039760081481727,1
Cc1c(Cc2ccc(F)c(C(=O)N3CCN(C(=O)[C@]4(Cc5ccc(F)cc5)CCCN4)CC3)c2)n[nH]c(=O)c1C,CHEMBL590548,0.4403965875028822,1
Cc1c(Cc2ccc(F)c(C(=O)N3CCN(C(=O)C4(Cc5ccccc5)CCCN4)CC3)c2)n[nH]c(=O)c1C,CHEMBL590882,0.4403965875028822,1
Cc1c(Cc2ccc(F)c(C(=O)N3CCN(C(=O)[C@@]4(Cc5ccc(F)cc5)CCCN4)CC3)c2)n[nH]c(=O)c1C,CHEMBL592487,0.4403965875028822,1
Cc1c(Cc2ccc(F)c(C(=O)N3CCN(C(=O)C4(Cc5ccc(F)cc5)CCCN4)CC3)c2)n[nH]c(=O)c1C,CHEMBL592486,0.4403965875028822,1
O=C(Nc1ccc(C2=CCN(C(=O)C3COCCO3)CC2)cc1)N1Cc2ccncc2C1,CHEMBL3977930,0.4403965542133885,1
CC(=O)N1C(=O)/C(=C2\SC(=S)N(NC(=O)c3ccc(O)cc3)C2=O)c2ccccc21,CHEMBL1342859,0.4403961934356185,1
CC(=O)Nc1ccc(-c2ccc(-n3c(C[C@@H]4CCN(C(=O)C5CC5)C4)n[nH]c3=O)c(F)c2)cc1,CHEMBL3646812,0.4403956043956039,1
CC(C)Cn1cc(-c2c[nH]c3ccc(-c4nnc(N)o4)cc23)cn1,CHEMBL3960832,0.4403850901012094,1
O=C(Nc1cnccc1N1CCNCC1)c1csc(N2Cc3ccccc3C2)n1,CHEMBL2381114,0.44038130459733515,1
NC(=O)c1c(NC(=O)c2ccc(CN3CCOCC3)cc2)sc2c1CCC(C(=O)O)C2,CHEMBL4080558,0.44037845598792447,1
CN1C[C@@H]2C[C@H]1CN2c1ccc(-c2cccc3[nH]ccc23)cn1,CHEMBL1085778,0.44037502056033767,1
O=C(N[C@H](CO)c1ccc(F)cc1)c1ccc(NC(=O)N2Cc3ccccc3C2)cc1,CHEMBL3894884,0.4403708386009268,1
O=C(N[C@H](CO)c1ccccc1)c1ccc(NC(=O)N2Cc3ccc(F)cc3C2)cc1,CHEMBL3932411,0.4403708386009268,1
O=C(N[C@H](CO)c1ccccc1)c1ccc(NC(=O)N2Cc3ccccc3C2)cc1,CHEMBL3920029,0.4403708386009268,1
O=C(N[C@@H](CO)c1ccccc1)c1ccc(NC(=O)N2Cc3ccccc3C2)cc1,CHEMBL3973747,0.4403708386009268,1
c1ccc2[nH]c(-c3ccc(CN4CCOCC4)o3)nc2c1,CHEMBL4172663,0.44036332671019024,1
Cc1[nH]c(/C=C2\C(=O)Nc3cccnc32)c(C)c1C(=O)NCCN(C)C,CHEMBL1914675,0.4403388694778154,1
CC(=O)NCC(=O)N1Cc2cc(-c3cc[nH]n3)ccc2C1c1cnco1,CHEMBL3440970,0.44033037683607845,1
Cc1cc(C)c2c(N)c(C(=O)NCCN3CCC(O)(c4ccc(Cl)cc4)CC3)sc2n1,CHEMBL3299098,0.44031477444859035,1
COc1ccc2nccc([C@@H](O)CN3CCC(NCc4cc5ccc(C#N)cc5[nH]4)CC3)c2c1,CHEMBL527152,0.4403133274492496,1
NCCc1c[nH]c2ccc(Cc3nc(-c4ccccc4)no3)cc12,CHEMBL290171,0.44031122217173996,1
O=C(Nc1ccccc1OCCO)N[C@@H]1CCN(Cc2ccc3cc(F)ccc3c2)C1,CHEMBL2160099,0.44030976566428637,1
NC(=O)c1cc(-c2ccc(F)cc2)c2ccc(CN3CCC(O)(O)CC3)cc2n1,CHEMBL3907626,0.4403086036052504,1
O=c1[nH]c2cc(CNCCCN3CCOCC3)ccc2n2cccc12,CHEMBL538642,0.44030819842437885,1
CN1Cc2c(C3=CCN(CC(=O)N4CC(O)C4)CC3)[nH]c3nccc(c23)-c2cc(F)c(F)cc21,CHEMBL3945173,0.4403071672354948,1
CN1Cc2c(C3=CCCN(CC(=O)N4CC(O)C4)C3)[nH]c3nccc(c23)-c2cc(F)ccc21,CHEMBL3906050,0.4403071672354948,1
CN1Cc2c(C3=CCCN(CC(=O)N4CC(O)C4)CC3)[nH]c3nccc(c23)-c2cc(F)ccc21,CHEMBL3920469,0.4403071672354948,1
CN1Cc2c(C3=CCN(CC(=O)N4CC(O)C4)CC3)[nH]c3nccc(c23)-c2cc(F)ccc21,CHEMBL3985050,0.4403071672354948,1
CN1Cc2c(C3=CCN(CC(=O)N4CC[C@H](O)C4)CC3)[nH]c3nccc(c23)-c2cc(F)ccc21,CHEMBL3971127,0.4403071672354948,1
CN1Cc2c(C3=CCN(CC(=O)N4CC(O)C4)CC3)[nH]c3ncc(F)c(c23)-c2cc(F)ccc21,CHEMBL3899072,0.4403071672354948,1
CN1Cc2c(C3=CCN(CC(=O)N4CC[C@H](O)C4)CC3)[nH]c3ncc(F)c(c23)-c2cc(F)ccc21,CHEMBL3970274,0.4403071672354948,1
CC(=O)NC[C@H]1CN(c2ccc3c(c2)CCCN(C(=O)Nc2ccccc2)C3)C(=O)O1,CHEMBL339642,0.44029773596609095,1
NC(=O)N1CCc2c(c(-c3ccc(Cl)c(C#Cc4ccc(C(=O)NC[C@@H]5CCCN5)cc4)c3)nn2CCCN2CCSCC2)C1,CHEMBL2312671,0.44029191254026634,1
CN1CCC(n2c(NC(=O)c3ccc4cc5n(c4c3)CCCNC5=O)nc3ccccc32)CC1,CHEMBL3919317,0.44029154371894785,1
O=C(CCN1CCN2Cc3[nH]c4ccccc4c3CC2C1)Nc1ccccc1F,CHEMBL101029,0.44028545119705326,1
O=C(CCN1CCN2Cc3[nH]c4ccccc4c3CC2C1)Nc1ccccc1Cl,CHEMBL101217,0.44028545119705326,1
CCc1ccccc1NC(=O)CCN1CCN2Cc3[nH]c4ccccc4c3CC2C1,CHEMBL101625,0.44028545119705326,1
O=C(CCN1CCN2Cc3[nH]c4ccccc4c3CC2C1)Nc1ccccc1,CHEMBL100865,0.44028545119705326,1
O=C(NCCN1CCC(n2c(=O)[nH]c3ccccc32)CC1)NCc1cccc(F)c1,CHEMBL1905249,0.44028124710889066,1
Nc1ccc2[nH]c(C(=O)NCc3ccc(C(=O)Nc4ccccc4N)cc3)cc2c1,CHEMBL3673110,0.4402734996445859,1
COc1ccc2[nH]c(CN3CCc4ccccc4C3)c(CCNC(C)=O)c2c1,CHEMBL3219323,0.4402709698738778,1
COc1ccc2[nH]c(CN3Cc4ccccc4C3)c(CCNC(C)=O)c2c1,CHEMBL3219326,0.4402709698738778,1
C=CCC(=O)NCCc1c(CN2Cc3ccccc3C2)[nH]c2ccc(OC)cc12,CHEMBL3219328,0.4402709698738778,1
CCC(=O)NCCc1c(CN2Cc3ccccc3C2)[nH]c2ccc(OC)cc12,CHEMBL3219327,0.4402709698738778,1
Cc1c(-c2ccn[nH]2)sc2c(N[C@@H]3CCNC3)nc(-c3ccncc3)nc12,CHEMBL3729908,0.4402707196552774,1
C=CCc1cc(CN2CCN(CCOC)CC2)c(O)c(-c2ccc(O)c(CC=C)c2)c1,CHEMBL4215226,0.44025403028822657,1
Cc1ccc(-c2cc(NC(=O)c3nnc(-c4ccccc4N)o3)n[nH]2)cc1,CHEMBL564546,0.4402524351762931,1
Nc1ccccc1-c1nnc(C(=O)Nc2cc(-c3cccs3)[nH]n2)o1,CHEMBL560043,0.4402524351762931,1
Nc1ccccc1-c1nnc(C(=O)Nc2cc(-c3ccccc3)[nH]n2)o1,CHEMBL550751,0.4402524351762931,1
NC(=O)Cc1ccccc1CCc1nc(Nc2ccc(N3CCC(N)CC3)cc2)ncc1C(F)(F)F,CHEMBL3692185,0.4402479506808486,1
O=C1NC(=O)c2cc3c(-c4cccc(O)c4)c[nH]c3cc21,CHEMBL1922468,0.440242198416395,1
CN(C)Cc1cccc(N2C(=O)c3ccccc3C2(O)c2ccc3c(c2)NC(=O)CO3)c1,CHEMBL3930663,0.4402215097639171,1
Nc1cc(-c2ccc3cc(NC(=O)C4CC4)ncc3c2)ccn1,CHEMBL3685144,0.4402123009678424,1
Nc1ccc(-c2ccc3cc(NC(=O)C4CC4)ncc3c2)cn1,CHEMBL3685012,0.4402123009678424,1
Cc1cc(N)ncc1-c1ccc2cc(NC(=O)C3CC3)ncc2c1,CHEMBL3685154,0.44021230096784225,1
O=C(NC1CC1)c1ccc(-c2cn3c(-c4ccc(O)cc4)cnc3cn2)cc1,CHEMBL3731859,0.4402095708962105,1
Nc1ncc2[nH]cc(-c3ccc4[nH]ncc4c3)c2n1,CHEMBL591071,0.4402055135922702,1
COc1ccc(C2(c3cccc(NC(=O)c4cnc(O)cn4)c3)CSC(N)=N2)cc1,CHEMBL3910493,0.44019763743752854,1
Nc1ccc(CNC(=O)c2ccc(NC(=O)N3Cc4cccnc4C3)cc2)cc1,CHEMBL3982231,0.4401881106748239,1
Nc1cccc(CNC(=O)c2ccc(NC(=O)N3Cc4cccnc4C3)cc2)c1,CHEMBL3915440,0.4401881106748239,1
CCN1CCc2c(sc(NC(=O)Nc3ccc(Cl)cc3)c2C(=O)NCCN2CCOCC2)C1,CHEMBL4067886,0.4401870777758531,1
O=C(Nc1ccccc1)N1C[C@H]2[C@@H](c3ccccc31)[C@@H](CO)N2C(=O)c1ccncc1,CHEMBL2354320,0.4401822521154261,1
CCN(CC)C(=O)[C@H]1C[C@H](CC(=O)NCCCN(C)C)C(=O)N2CCc3c([nH]c4cc(-c5ccco5)ccc34)[C@]12C,CHEMBL1709109,0.4401748734468475,1
CCOc1ccc(N2CC(C(=O)Nc3cccc(C(=O)NC4CC4)c3)CC2=O)cc1,CHEMBL1551828,0.44016421099988723,1
O=C1CCCN1CCOc1cc(-c2cn[nH]c2)c2c(c1)C(O)(C(F)(F)F)c1ccccc1-2,CHEMBL3681687,0.44012855102364695,1
CN1CCN(c2cccc3[nH]c(C(=O)c4ccc5ccccc5c4)nc23)CC1,CHEMBL585313,0.4401206203331416,1
Oc1cccc(CN2CCCC(Nc3ccc4[nH]ncc4c3)C2)c1,CHEMBL3689388,0.44011398509425664,1
C#Cc1ccc(CN2CCCC(Nc3ccc4[nH]ncc4c3)C2)cc1O,CHEMBL3689423,0.44011398509425664,1
Cc1ccc(CN2CCCC(Nc3ccc4[nH]ncc4c3)C2)cc1O,CHEMBL3689400,0.44011398509425664,1
Oc1cc(CN2CCCC(Nc3ccc4[nH]ncc4c3)C2)ccc1I,CHEMBL3689408,0.44011398509425664,1
CN1CCc2nc(C(=O)Nc3ccccc3CC(=O)Nc3ccc(Cl)cn3)sc2C1,CHEMBL1682880,0.4401103725072117,1
O=C(NCC1CNC1)c1ccc2cc(Oc3ccc(C(F)(F)F)cn3)ccc2n1,CHEMBL3980525,0.4401007030210904,1
Nc1ccc(C(=O)OCc2nc3c(ccc4ccccc43)[nH]2)cc1,CHEMBL1561748,0.44010053057805076,1
N#CC1(NC(=O)c2ccc(NC(=O)N3Cc4cccnc4C3)cc2)CC1,CHEMBL3968966,0.4400983587808083,1
CC(C)(C)c1[nH]c2ncccc2c1CCNCc1ccc(/C=C/C(=O)NO)cc1,CHEMBL1819267,0.44009145671195504,1
N#Cc1ccc2c(c1)CN(C(=O)Nc1ccc(C3=CCN(C(=O)CN4CCOCC4)CC3)cc1)C2,CHEMBL3972869,0.44009011123105035,1
CC(C)C[C@@H](CO)NC(=O)c1ccc(NC(=O)N2Cc3ccncc3C2)cc1,CHEMBL3984676,0.44008231755580146,1
COc1ccc(-c2nn(-c3ccccc3)cc2/C=N/NC(=S)NC(C)C)cc1OC,CHEMBL3209142,0.4400792864221999,1
CCNC(=O)Nc1nc2ccc(C3(O)c4ccccc4C(=O)N3c3ccc(F)cc3)cc2[nH]1,CHEMBL3930992,0.44007124798896785,1
CNCC(C)(C)c1nc(-c2ccc(Cl)c(O)c2)c(-c2ccncc2)[nH]1,CHEMBL531748,0.4400639088004143,1
CC(C)(CN)c1nc(-c2ccc(Cl)c(O)c2)c(-c2ccncc2)[nH]1,CHEMBL200889,0.4400639088004143,1
CC(C)(CN)c1nc(-c2ccc(Br)c(O)c2)c(-c2ccncc2)[nH]1,CHEMBL527761,0.4400639088004143,1
CN1CCN(c2cccc(NC(=O)Nc3csc(-c4ccncc4)n3)n2)CC1,CHEMBL238089,0.44006344890097426,1
C[C@@H]1C[C@H](C)CN(S(=O)(=O)c2ccc(C(=O)Nc3nnc(-c4cccs4)[nH]3)cc2)C1,CHEMBL4173586,0.4400562934295015,1
CCCNC(=O)c1ccc(NC(=O)N2Cc3ccc(CN)cc3C2)cc1,CHEMBL3977808,0.44005350872303634,1
Cc1cc(O)cc(C)c1C[C@@H](C)CN1Cc2ccccc2C[C@H]1C(=O)NCC(=O)NCc1nc2ccccc2[nH]1,CHEMBL2375157,0.4400454178743239,1
O=C1N/C(=N/c2nsc3ccccc23)S/C1=C/c1ccccc1O,CHEMBL3398610,0.440041242659255,1
c1cc(N2CCOCC2)ccc1CN1CCCC(Nc2ccc3[nH]ncc3c2)C1,CHEMBL3689356,0.4400353087509528,1
CNC(=O)c1cccc(NC(=O)Nc2ccc(-c3ccnc4[nH]cnc34)cc2)c1,CHEMBL1951334,0.4400315031503149,1
Cc1cc(-c2n[nH]c3cc(NC(=O)N[C@@H](CN(C)C)c4ccccc4)ncc23)ccn1,CHEMBL3658843,0.44003120548131086,1
Cc1cc(-c2n[nH]c3cc(NC(=O)N[C@H](CN(C)C)c4ccccc4)ncc23)ccn1,CHEMBL3658844,0.44003120548131086,1
O=C1c2ccccc2-c2cc(/C=N/NC3=NCCN3)nc3cccc1c23,CHEMBL59664,0.44002739133568797,1
O=C(Nc1ccc2c(c1)CCN(C1CCC1)CC2)c1ccc(-n2ccnc2)cn1,CHEMBL548129,0.4400259909031837,1
c1cncc(-c2cc3c(-c4ccn(C5CCNCC5)n4)n[nH]c3cn2)c1,CHEMBL3949010,0.44002013144650387,1
CN1CCC(Cn2c(NC(=O)c3ccc4cc5n(c4c3)CCCNC5=O)nc3ccccc32)CC1,CHEMBL3925887,0.44001734561130523,1
Cn1nc2ccccc2c1-c1ccc(C[C@@H](C#N)NC(=O)[C@H]2N[C@@H]3CC[C@H]2C3)c(F)c1,CHEMBL3662575,0.4400163498875945,1
CNc1ccc2ccc(S(=O)(=O)N[C@H]3CCN(Cc4cccc(C(=N)N)c4)C3=O)cc2c1,CHEMBL331896,0.43999507146377537,1
N=C(N)c1cccc(CN2CC[C@H](NS(=O)(=O)c3ccc4ccc(N)cc4c3)C2=O)c1,CHEMBL93681,0.4399950714637753,1
O=C(c1ccc(F)cc1)C1CCN(CC2CN3C(=O)Nc4ccccc4C3=N2)CC1,CHEMBL308742,0.43998480026599546,1
O=S(=O)(Nc1cscn1)c1cc(Cl)c(OCC2NCCC=C2c2ccncc2)cc1F,CHEMBL4079482,0.43997416609680096,1
COc1ccccc1N1CCN(CCC(O)CNC(=O)c2cc3ccccc3[nH]2)CC1,CHEMBL1627322,0.43996457340474865,1
N#Cc1cc2c(cn1)[nH]c1ncc(-c3cccc(CO)c3)cc12,CHEMBL3582192,0.4399628434536031,1
N#Cc1cc2c(cn1)[nH]c1ncc(-c3ccc(CO)cc3)cc12,CHEMBL3582191,0.4399628434536031,1
CCCN(CCCO)C(=O)C1=Cc2ccc(C(=O)Nc3cccc(C)c3)cc2N=C(N)C1,CHEMBL3922406,0.43996073163170374,1
Nc1nnc(-c2ccc3[nH]cc(-c4cccc(O)n4)c3c2)s1,CHEMBL3977572,0.43995727232004406,1
O=C(NCC1CCCCN1)c1ccc(O)c2[nH]c(-c3ccccc3)nc12,CHEMBL3716245,0.43995530887335094,1
O=C(NCC1CCCCN1)c1ccc(O)c2[nH]c(-c3cccs3)nc12,CHEMBL3716979,0.43995530887335094,1
CCN(CC)C(=O)c1ccc(C(c2cccc3cccnc23)N2CCNCC2)cc1,CHEMBL129420,0.4399534184094325,1
CCN(CC)C(=O)c1ccc(C(c2ccnc3ccccc23)N2CCNCC2)cc1,CHEMBL126413,0.4399534184094325,1
O=C(Cn1c(-c2ccncc2)nc2ccccc21)NNC(=S)Nc1ccccc1,CHEMBL410139,0.4399350649350648,1
CN1[C@@H]2COC[C@H]1C[C@@H](NC(=O)c1cn(-c3ccccn3)c3ccccc13)C2,CHEMBL3914905,0.4399344175122965,1
CN1C2COCC1CC(NC(=O)c1cn(-c3ccsn3)c3ccccc13)C2,CHEMBL3909661,0.4399344175122965,1
CN1C2COCC1CC(NC(=O)c1cn(-c3nccs3)c3ccccc13)C2,CHEMBL3951304,0.4399344175122965,1
CN1C2COCC1CC(NC(=O)c1cn(-c3ncco3)c3ccccc13)C2,CHEMBL3911435,0.4399344175122965,1
Cc1ccc2c(c1)CC(NCC1CN(CCNS(=O)(=O)c3cccc4ccccc34)C1)CCC2,CHEMBL350379,0.4399303305249512,1
O=C(CN1CCC(N2CCCC2)CC1)Nc1ccc2nc(O)c3ccccc3c2n1,CHEMBL545507,0.43992938240038976,1
CN1CCC(Nc2nccc(-c3c[nH]nc3-c3ccc(Cl)cc3)n2)CC1,CHEMBL450660,0.43991766350784506,1
CN(C)CCNC(=O)c1cccc2c1nc(-c1ccc(N)cc1)c1ccccc12,CHEMBL413342,0.4399133739222816,1
N=C(N)c1cccc(N2CC(NS(=O)(=O)Cc3ccccc3)CN(CC3CCN(Cc4ccccc4)CC3)C2=O)c1,CHEMBL3781673,0.4399099018997663,1
Cc1nccn1-c1ccc(NC(=O)C2CCCN2Cc2c[nH]cn2)cc1,CHEMBL3481971,0.4399063231850116,1
CN1CCN(c2ccc(-c3cccc(CN4CCOCC4)c3)cc2NC(=O)c2c[nH]c(=O)cc2C(F)(F)F)CC1,CHEMBL3798846,0.43988205401675096,1
Nc1ccc(C(=O)/C=C/c2cc(-c3ccc4c(c3)OCO4)n[nH]2)cc1,CHEMBL4168399,0.4398812262138762,1
CN1CCc2ccc(NC(=O)c3cccc(CNC(=O)c4ccc5[nH]c(=O)ccc5c4)c3)cc2C1,CHEMBL3680791,0.4398550724637679,1
CN1CCc2ccc(NC(=O)c3cccc(CNC(=O)c4ccc5c(c4)CCC(=O)N5)c3)cc2C1,CHEMBL3680795,0.4398550724637679,1
O=C(c1nc2nccc(C(=O)N[C@H]3CCCNC3)c2[nH]1)c1cccs1,CHEMBL3716309,0.43984354432284006,1
N#Cc1c(-c2ccc(C(=O)O)cc2)c2c([nH]c1=O)-c1cccc(-c3cn[nH]c3)c1CC2,CHEMBL3394233,0.4398420814186784,1
CN1C(=O)N(c2cccc(C(F)(F)F)c2)C2=C(C(=O)CC2)C1c1ccc(C#N)cc1C(=O)NC1COC1,CHEMBL3939530,0.43983080445496503,1
CN1CC2CC1CN2C(=O)C1CCc2c(sc3ncnc(Nc4ccc5[nH]c(=O)sc5c4)c23)C1,CHEMBL3903099,0.43982089423718596,1
N#Cc1cccc(-c2cc(C(=O)N[C@H]3CCCNC3)c(NC(N)=O)s2)c1,CHEMBL2070715,0.4398182152038191,1
N#Cc1cccc(-c2cc(NC(N)=O)c(C(=O)N[C@H]3CCCNC3)s2)c1,CHEMBL2070716,0.4398182152038191,1
CC(=O)c1ccc(-c2cc(C(=O)N[C@H]3CCCNC3)c(NC(N)=O)s2)cc1,CHEMBL488044,0.4398182152038191,1
CN(C)C(=O)c1ccc(-c2cc(C(=O)N[C@H]3CCCNC3)c(NC(N)=O)s2)cc1,CHEMBL527881,0.4398182152038191,1
N#Cc1ccc(-c2cc(NC(N)=O)c(C(=O)N[C@H]3CCCNC3)s2)cc1,CHEMBL2070714,0.4398182152038191,1
N#Cc1ccc(-c2cc(C(=O)N[C@H]3CCCNC3)c(NC(N)=O)s2)cc1,CHEMBL2070713,0.4398182152038191,1
COc1ccc(OC)c(CNC(=O)c2c[nH]c3cc(-c4cn[nH]c4)ccc23)c1,CHEMBL1923178,0.4398123082476084,1
CCCN(CCC)C(=O)C1=Cc2ccc(C(=O)Nc3cccc(CN)c3)cc2N=C(N)C1,CHEMBL3908120,0.43981179539737236,1
CCCN(CCC)C(=O)C1=Cc2ccc(C(=O)Nc3ccc(CN)cc3)cc2N=C(N)C1,CHEMBL3961755,0.43981179539737236,1
CN[C@@H](C)C(=O)N[C@H](C(=O)N1c2ccccc2C(C)(C)[C@H]1C(=O)Nc1c(F)cccc1F)C(C)C,CHEMBL3898503,0.4398080954684725,1
O=C(Nc1cccc(-c2cnc3cc(-c4ncccn4)ccn23)c1)NC1CC1,CHEMBL3690511,0.4398057521457609,1
O=C(NCCCN1CCOCC1)c1cc(-c2ccco2)nc2ccccc12,CHEMBL1594074,0.439803065678611,1
O=C(NC1CCCc2c1cnn2-c1ccc(F)cc1F)C1CCCCN1,CHEMBL3185047,0.4398029556650245,1
N#CC(Cc1ccc2oc3ccccc3c2c1)NC(=O)[C@H]1N[C@@H]2CC[C@H]1C2,CHEMBL3662725,0.4397972116603294,1
CCCCNC(=O)N1Cc2n[nH]c(NC(=O)Cc3ccc(N4CCCC4=O)cc3)c2C1,CHEMBL381565,0.43978282329713697,1
NNC(=O)c1cc(-c2ccc(N)cc2)nc2ccc(Br)cc12,CHEMBL1381722,0.4397796704314015,1
C=C(c1ccccc1OCC(O)CNC(C)C)n1cnc2ccccc21,CHEMBL275833,0.43977307709222013,1
C=C(c1ccccc1OCC(O)CNC(C)(C)C)n1cnc2ccccc21,CHEMBL274014,0.43977307709222013,1
c1ccc(CNc2nnc(-c3ccc4[nH]ncc4c3)o2)cc1,CHEMBL3093058,0.4397715233313371,1
CN(C)C(=O)CN1CCN(C(=O)c2cc(Cc3n[nH]c(=O)c4c3NCCC4)ccc2F)CC1,CHEMBL3983267,0.43977136405334827,1
CCOCCN1CCN(C(=O)c2cc(Cc3n[nH]c(=O)c4c3NCCC4)ccc2F)CC1,CHEMBL3899001,0.43977136405334827,1
Cc1cc(C(=O)N2Cc3cccn3Cc3ccccc32)ccc1CNC(=O)N1CCC[C@H]1C(=O)N(C)C,CHEMBL475333,0.4397696368581027,1
NC1CCCN(c2ccnc3[nH]c(-c4cccs4)cc23)C1,CHEMBL3719268,0.4397658051925008,1
CC(C)(N)C(=O)N[C@H](Cc1c[nH]c2ccccc12)C(=O)N1CCN(c2ccccc2Cl)CC1,CHEMBL284351,0.4397497889323814,1
Cc1ccccc1N1CCN(C(=O)[C@@H](Cc2c[nH]c3ccccc23)NC(=O)C(C)(C)N)CC1,CHEMBL284964,0.4397497889323814,1
CC(=O)Nc1ncc2c(n1)CCC(NC(=O)c1cc3ccccc3[nH]1)C2,CHEMBL3589527,0.43974831850726825,1
O=C(CC1Oc2ccccc2NC1=O)NCCCN1CCN(Cc2ccccc2)CC1,CHEMBL1704643,0.4397249015960896,1
CC(=O)Nc1cc(NCC(=O)Nc2nc3ccc4[nH]ncc4c3s2)ccc1Cl,CHEMBL3716346,0.43972047864939257,1
CC(=O)Nc1cccc(NCC(=O)Nc2nc3ccc4[nH]ncc4c3s2)c1,CHEMBL3718553,0.43972047864939257,1
CN(C)CCNc1cncc(-c2ccc3[nH]cc(-c4ccc(N)cc4)c3c2)n1,CHEMBL4130104,0.43971801409929506,1
CN(C)CCNc1cncc(-c2ccc3[nH]cc(-c4ccc(N)cc4F)c3c2)n1,CHEMBL4129087,0.43971801409929506,1
CN(C)CCNc1cncc(-c2ccc3[nH]cc(-c4cccc(N)c4)c3c2)n1,CHEMBL4125999,0.43971801409929506,1
O=C(O)c1cn(-c2ccc(F)cc2F)c2cc(N3C[C@@H]4C[C@H]3CN4)c(F)cc2c1=O,CHEMBL289866,0.4397120786516853,1
O=C(O)c1cn(-c2ccc(F)cc2F)c2c(F)c(N3C[C@@H]4C[C@H]3CN4)c(F)cc2c1=O,CHEMBL423049,0.4397120786516853,1
O=C(O)c1cn(-c2ccc(F)cc2)c2c(F)c(N3C[C@@H]4C[C@H]3CN4)c(F)cc2c1=O,CHEMBL157369,0.4397120786516853,1
O=C(O)c1cn(-c2ccc(F)cc2)c2cc(N3C[C@@H]4C[C@H]3CN4)c(F)cc2c1=O,CHEMBL348649,0.4397120786516853,1
COc1ccc(C(=O)NC(=O)Nc2ccc3c(c2)NC(=O)/C3=C/c2ccncc2)cc1,CHEMBL3330976,0.43971154205432833,1
O=C1NC=C(C(=O)NCCCN2CCC(c3ccccn3)CC2)[C@@H](c2ccc(F)c(F)c2)N1,CHEMBL90210,0.43971129351825616,1
O=C1NC(C(F)(F)F)=C(C(=O)NCCCN2CCC(c3ccccn3)CC2)[C@@H](c2ccc(F)c(F)c2)N1,CHEMBL91179,0.43971129351825616,1
CC1=C(C(=O)NCCCN2CCC(c3ccccn3)CC2)[C@@H](c2ccc(F)c(F)c2)NC(=O)N1,CHEMBL327327,0.43971129351825616,1
CC1(C)CC(NC(=O)c2cc3cc4c(cc3[nH]2)OCO4)CC(C)(C)N1,CHEMBL4277714,0.43970792062472525,1
CC(=O)Nc1ccccc1-c1ccc(-c2nc3c(C(N)=O)cccc3[nH]2)cc1,CHEMBL3593984,0.4396951282315378,1
O=C(c1cc(-c2cccnc2)n[nH]1)N1CCN(C(=O)c2cc3ccccc3[nH]2)CC1,CHEMBL3799664,0.4396947326416599,1
CN(C)CCCC(=O)Nc1[nH]nc2cnc(-c3cncc(-c4ccccc4)c3)cc12,CHEMBL2098423,0.43969191070102054,1
O=C(Cc1ccc(F)cc1)Nc1ccc2[nH]cc(C3CCNCC3)c2c1,CHEMBL3344386,0.4396918947306994,1
COc1ccc(CCC(=O)Nc2ccc3nc(N4CCN(C)CC4)cc(C)c3c2)cc1,CHEMBL189083,0.4396764535952517,1
OCCNCc1cc2c(cc1O)OC=C(c1ccc(O)cc1)C2,CHEMBL3633748,0.4396751740139211,1
CC1(C)COCCN1c1cnc2cccc(-c3cc4c([nH]3)CCNC4=O)c2n1,CHEMBL3963777,0.43967346938775514,1
COc1cc(-c2cn[nH]c2)ccc1C(=O)NC(CN)Cc1ccccc1,CHEMBL3956875,0.43966157043194287,1
NC[C@@H](NC(=O)c1ccc(-c2nc(C3CC3)cnc2N)cc1F)c1ccccc1,CHEMBL4111857,0.4396608435055916,1
Cc1cc2c(cc1O)CCC(C)(COc1ccc(CC3SC(=O)NC3=O)cc1)O2,CHEMBL335087,0.43965955284552805,1
Cc1c(C)c2c(c(C)c1O)CCC(COc1ccc(CC3SC(=O)NC3=O)cc1)O2,CHEMBL135449,0.43965955284552805,1
N#C[C@H](Cc1ccc(-c2ccc3[nH]ncc3c2)cc1)NC(=O)[C@H]1N[C@@H]2CC[C@H]1C2,CHEMBL3658565,0.4396547849148198,1
Cc1n[nH]c2ccc(-c3ccc(C[C@@H](C#N)NC(=O)[C@H]4N[C@@H]5CC[C@H]4C5)cc3)cc12,CHEMBL3658568,0.4396547849148198,1
N#C[C@H](Cc1ccc(-c2ccc3cn[nH]c3c2)cc1)NC(=O)[C@H]1N[C@@H]2CC[C@H]1C2,CHEMBL3658535,0.4396547849148198,1
NCCNC(=O)c1cncc(-c2cnc(Nc3ccccc3Cl)s2)c1,CHEMBL2013165,0.4396513096256465,1
CCC(=O)NC(=S)Nc1ccc(NC(=O)c2cc3ccccc3o2)c(OC)c1,CHEMBL1469106,0.4396489016051595,1
CN(C)C(=O)CN1CC=C(c2[nH]c3nccc4c3c2CCN(C)c2ccc(F)cc2-4)CC1,CHEMBL3944945,0.43964510856876016,1
COc1ccc(F)cc1-c1ccnc2[nH]c(C3CCN(CC(=O)N(C)C)CC3)cc12,CHEMBL3668502,0.43964510856876016,1
COc1ccc(F)cc1-c1c(F)cnc2[nH]c(C3=CCN(CC(=O)N(C)C)CC3)cc12,CHEMBL3668499,0.43964510856876016,1
COc1ccc(F)cc1-c1c(F)cnc2[nH]c(C3CCN(CC(=O)N(C)C)CC3)cc12,CHEMBL3668521,0.43964510856876016,1
COc1ccc(F)cc1-c1ccnc2[nH]c(C3=CCN(CC(=O)N(C)C)CC3)cc12,CHEMBL3668493,0.43964510856876016,1
COc1ccccc1-c1ccnc2[nH]c(C3CCN(CC(=O)N(C)C)CC3)cc12,CHEMBL3668523,0.43964510856876016,1
CN1CCN(S(=O)(=O)c2cccc(C(=O)Nc3sc4c(c3C(N)=O)CCCC4)c2)CC1,CHEMBL1412272,0.4396269989977774,1
Cc1cc(C2NC(=O)c3ccccc3N2)c(C)n1-c1ccc2c(c1)OCO2,CHEMBL581811,0.43962510236889213,1
Cc1c2cnccc2c(C(=O)NCCN)c2[nH]c3ccccc3c12,CHEMBL3955340,0.43961780058391564,1
N#Cc1ccc(-c2ccc3oc(CC(C#N)NC(=O)[C@H]4N[C@@H]5CC[C@H]4C5)cc3c2)cc1F,CHEMBL3657566,0.4396159465664785,1
Cc1cn2cc(-c3ccc(C(=O)NC4CCN(C)CC4)cc3)nc2c(C)n1,CHEMBL4097230,0.4396091919645081,1
COc1ccccc1-c1ccc2c(c1)[C@@H]1[C@@H](CCN1C(=O)C1CCC1)[C@H](CO)N2,CHEMBL3559898,0.4396083708412601,1
COc1ccccc1-c1ccc2c(c1)[C@H]1[C@H](CCN1C(=O)C1CCC1)[C@H](CO)N2,CHEMBL3561504,0.4396083708412601,1
CN(C)CCc1cn(C2=C(c3c[nH]c4ccccc34)C(=O)NC2=O)c2ccccc12,CHEMBL256872,0.43960480535679114,1
O=c1[nH]c2sccc2c(N2CCC(CO)CC2)c1-c1nc2ccccc2[nH]1,CHEMBL3330145,0.4396017699115044,1
N[C@@H](CCCCNS(=O)(=O)c1ccccc1F)C(=O)NC1CCc2cc(F)ccc2C1Cc1cccnc1,CHEMBL331319,0.4395967069234394,1
O=C(CN1CCN(Cc2ccccc2)CC1)c1ccc2[nH]c(=O)oc2c1,CHEMBL1985872,0.43958590852904805,1
CCCNCC1CCCCN1CCNC(=O)N1c2ccccc2C(=O)Nc2cccnc21,CHEMBL325938,0.43958518114211637,1
N=C(N)c1cccc(C2Oc3ccccc3N(CCCCCN)C2=O)c1,CHEMBL133171,0.43957452261950525,1
COc1ccc(-c2oc3ncnc(N)c3c2-c2ccc(NC(N)=O)cc2)cc1,CHEMBL193752,0.4395727088928453,1
O=C(Nc1nccc(-c2cc3c([nH]2)CCNC3=O)n1)c1ccccc1,CHEMBL400596,0.43957210517720063,1
CC(C)N(C)C(=O)[C@H](Cc1ccc(CN)cc1)NS(=O)(=O)c1ccc2ccccc2c1,CHEMBL162929,0.43956859446890606,1
NCc1ccc(C[C@H](NS(=O)(=O)c2ccc3ccccc3c2)C(=O)N2CCCC2)cc1,CHEMBL164661,0.43956859446890606,1
NCc1ccc(C[C@H](NS(=O)(=O)c2ccc3ccccc3c2)C(=O)N2CCCCC2)cc1,CHEMBL313826,0.43956859446890606,1
O=S(=O)(c1ccccc1-c1ccc(-c2cnc3[nH]ccc3n2)c(F)c1)N1CCOCC1,CHEMBL3693118,0.4395681558851923,1
N=C(N)c1ccc2c(ccn2CC(=O)N2CCC(C(O)c3ccccc3)CC2)c1,CHEMBL173765,0.4395681435782385,1
NCCc1c[nH]c2ccc(OCC(=O)N3CCN(c4ccc(NC(=O)c5ccccc5)cc4)CC3)cc12,CHEMBL334193,0.43956574185765956,1
CN1CCN(C(=O)Nc2nc3cc(C(=O)c4ccccc4)ccc3[nH]2)CC1,CHEMBL170150,0.43956329607486305,1
CC1=C(C(=O)N2CCOCC2)C(c2ccc(-c3ccccc3)cc2)NC(S)=N1,CHEMBL1484682,0.43955524012301833,1
CC1(C)c2cc(CN3CCS(=O)(=O)CC3)ccc2C(=O)c2c1[nH]c1cc(C#N)ccc21,CHEMBL3929985,0.4395369867968891,1
Cc1oc(-c2ccccc2C(N)=O)cc1C(=O)Nc1nc2c(s1)CCC2,CHEMBL1822112,0.43953269640116804,1
CCc1oc(-c2ccccc2C(N)=O)cc1C(=O)Nc1nc2c(s1)CCC2,CHEMBL1822113,0.43953269640116804,1
COc1cccc(F)c1CN1CCC[C@@H](NC(=O)c2ccc3[nH]nc(-c4ccc5nncn5c4)c3c2)C1,CHEMBL3654567,0.43953192444921285,1
O=C(/C=C/c1ccc(-c2nnc(Cc3c[nH]c4ccccc34)o2)cc1)NO,CHEMBL3314860,0.4395299343018413,1
N=C(N)c1ccc(-c2ccc3cc(-c4cc(C(=N)N)ccn4)[nH]c3c2)cc1,CHEMBL1789302,0.43951600263314633,1
CCN1CCc2nc3ccccc3c(C(=O)Nc3ccc(NC(C)=O)cc3)c2C1,CHEMBL1498747,0.4395125022486057,1
C[C@@H]1Cc2c([nH]c3ccc(O)cc23)[C@@H](c2ccc(Cl)cc2)N1CCO,CHEMBL3622996,0.43949530779938023,1
CCCN1C[C@H](C)N(C(=O)N2Cc3c(NC(=O)c4ccccn4)n[nH]c3C2(C)C)C[C@H]1CCO,CHEMBL3662794,0.4394945581995944,1
C[C@H]1CN(C)[C@H](CCO)CN1C(=O)N1Cc2c(NC(=O)c3ccccn3)n[nH]c2C1(C)C,CHEMBL3662855,0.4394945581995944,1
C[C@H]1CN(C)[C@@H](CCO)CN1C(=O)N1Cc2c(NC(=O)c3ccccn3)n[nH]c2C1(C)C,CHEMBL3662856,0.4394945581995944,1
N[C@H]1CC[C@H](Nc2c(C(=O)C3CC3)cnc3ccc(-c4cn[nH]c4)cc23)CC1,CHEMBL3674176,0.43949408923350725,1
O=C(Nc1cc(Cn2c(=O)[nH]c(=O)c3ccccc32)cnc1F)[C@H]1CCN(Cc2ccccc2)C1,CHEMBL4093008,0.4394858510673184,1
COc1ccc(-c2c(C(N)=O)c3n(c2C2CC2)CCN(C(=O)NC2CC2)C3)cc1,CHEMBL3967061,0.43947222734821906,1
COc1ccc2c3c([nH]c2c1)[C@H](CO)N(Cc1ccccc1F)CC31CN(C(=O)C2CCC2)C1,CHEMBL3561642,0.43945861150632953,1
COc1ccc2c3c([nH]c2c1)[C@@H](CO)N(Cc1cc(F)ccc1F)CC31CN(C(=O)C2CCC2)C1,CHEMBL3561001,0.43945861150632953,1
COc1ccc2c3c([nH]c2c1)[C@H](CO)N(Cc1cc(F)ccc1F)CC31CN(C(=O)C2CCC2)C1,CHEMBL3561657,0.43945861150632953,1
COc1ccc2c3c([nH]c2c1)[C@@H](CO)N(Cc1ccccc1F)CC31CN(C(=O)C2CCC2)C1,CHEMBL3561047,0.43945861150632953,1
COc1ccc2c3c([nH]c2c1)[C@H](CO)N(Cc1ccccc1Cl)CC31CN(C(=O)C2CC2)C1,CHEMBL3560292,0.43945861150632953,1
CC1CN(S(=O)(=O)c2ccc(C(=O)Nc3nnc(-c4ccc5c(c4)CCCC5)o3)cc2)CC(C)O1,CHEMBL1609264,0.43945253260539885,1
Cc1n[nH]c2ccc(-c3cncc(OC[C@@H](N)Cc4cccc(OCCN)c4)c3)cc12,CHEMBL226798,0.43943726785655596,1
Cc1cc(NC(=O)c2ccc3cc4n(c3c2)[C@@H](C)[C@H](C)NC4=O)no1,CHEMBL3954110,0.43943688586545726,1
Cc1cc(NC(=O)c2ccc3cc4n(c3c2)C(C)CCNC4=O)no1,CHEMBL3905749,0.43943688586545726,1
Cc1cc(NC(=O)c2ccc3cc4n(c3c2)CC(C)CNC4=O)no1,CHEMBL3896482,0.43943688586545726,1
O=C(Nc1nccs1)c1ccc2cc3n(c2c1)CCCNC3=O,CHEMBL403436,0.43943688586545726,1
Cc1cc(NC(=O)c2ccc3cc4n(c3c2)CCCNC4=O)no1,CHEMBL3985216,0.43943688586545726,1
Cc1cc(NC(=O)c2ccc3cc4n(c3c2)C(C)CNC4=O)no1,CHEMBL3894714,0.43943688586545726,1
Cc1cc(NC(=O)c2ccc3cc4n(c3c2)[C@@H](C)[C@H](C)CNC4=O)no1,CHEMBL4108195,0.43943688586545726,1
O=C(Nc1nccs1)c1ccc2cc3n(c2c1)CCNC3=O,CHEMBL257887,0.43943688586545726,1
Cc1cc(NC(=O)c2ccc3cc4n(c3c2)[C@H](C)CCNC4=O)no1,CHEMBL4110939,0.43943688586545726,1
Cc1cc(NC(=O)c2ccc3cc4n(c3c2)[C@@H](C)CCNC4=O)no1,CHEMBL3954908,0.43943688586545726,1
CC1CNC(=O)c2cc3ccc(C(=O)Nc4nccs4)cc3n2C1,CHEMBL410902,0.43943688586545726,1
Cc1ccnc(NC(=O)c2ccc3cc4n(c3c2)C(C)CCNC4=O)c1,CHEMBL3932915,0.43943688586545726,1
Cc1cnc(NC(=O)c2ccc3cc4n(c3c2)CCCNC4=O)s1,CHEMBL3955674,0.43943688586545726,1
Cc1cc(NC(=O)c2ccc3cc4n(c3c2)[C@H](C)CNC4=O)no1,CHEMBL4112688,0.43943688586545726,1
Cc1cc(NC(=O)c2ccc3cc4n(c3c2)[C@@H](C)CNC4=O)no1,CHEMBL3971944,0.43943688586545726,1
CCc1cc(NC(=O)c2ccc3cc4n(c3c2)CCCNC4=O)no1,CHEMBL3920993,0.43943688586545726,1
Cc1cc(NC(=O)c2ccc3cc4n(c3c2)CC(F)(F)CNC4=O)no1,CHEMBL3927732,0.43943688586545726,1
O=C(Nc1ccccn1)c1ccc2cc3n(c2c1)CCCNC3=O,CHEMBL1938788,0.43943688586545726,1
Cc1cc(NC(=O)c2ccc3cc4n(c3c2)[C@H](C)[C@H](C)NC4=O)no1,CHEMBL3916789,0.43943688586545726,1
Cc1cc(NC(=O)c2ccc3cc4n(c3c2)[C@@H](C)[C@@H](C)NC4=O)no1,CHEMBL4111144,0.43943688586545726,1
CC1Cn2c(cc3ccc(C(=O)Nc4nccs4)cc32)C(=O)N1,CHEMBL272364,0.43943688586545726,1
O=C(c1ccc2[nH]cnc2c1)N1CCc2[nH]nc(-c3cccc(Cl)c3)c2C1,CHEMBL3115337,0.4394279578289731,1
CC(C)(C)NC(=O)C(c1ccc2c(c1)OCO2)N1CCc2c([nH]c3ccccc23)CC1=O,CHEMBL3799039,0.43942361499720184,1
CC(C)(C)NC(=O)N1CCn2c(c(C(N)=O)c(-c3ccccc3)c2C2CC2)C1,CHEMBL3950647,0.4394233289646133,1
CC(C)(C)NC(=O)N1CCn2c(c(C(N)=O)c(-c3ccccc3F)c2C2CC2)C1,CHEMBL3940078,0.4394233289646133,1
Cc1cccc(-c2c(C(N)=O)c3n(c2C2CC2)CCN(C(=O)NC(C)(C)C)C3)c1,CHEMBL3919427,0.4394233289646133,1
Cc1ccc(-c2c(C(N)=O)c3n(c2C2CC2)CCN(C(=O)NC(C)(C)C)C3)cc1,CHEMBL3941915,0.4394233289646133,1
CC(C)(C)NC(=O)N1CCn2c(c(C(N)=O)c(-c3cccc(F)c3)c2C2CC2)C1,CHEMBL3951263,0.4394233289646133,1
CC(C)(C)NC(=O)N1CCn2c(c(C(N)=O)c(-c3ccc(F)cc3)c2C2CC2)C1,CHEMBL3915940,0.4394233289646133,1
CC(C)NC(=O)N1CCn2c(c(C(N)=O)c(-c3ccccc3)c2C2CC2)C1,CHEMBL3940882,0.4394233289646133,1
COCCN1CCN(Cc2ccc(NC(=O)c3ccc(C)c(C#Cc4cnc(C(N)=O)n4C)c3)cc2C(F)(F)F)CC1,CHEMBL1784638,0.43941938132019837,1
N#Cc1cccc(NC(=O)c2ccc3cc4n(c3c2)CCCNC4=O)c1,CHEMBL3905379,0.4393991969464136,1
CC(=O)c1cccc(NC(=O)c2ccc3cc4n(c3c2)CCCNC4=O)c1,CHEMBL3983605,0.4393991969464136,1
N#Cc1ccc(NC(=O)c2ccc3cc4n(c3c2)CCCNC4=O)cc1,CHEMBL3914275,0.4393991969464136,1
O=C1NC=C(C(=O)NCCCN2CCC(O)(c3ccc(F)cc3)CC2)[C@@H](c2ccc(F)c(F)c2)N1,CHEMBL329143,0.43939767958528736,1
Cc1nn(-c2ccccc2)c2nc(-c3ccc(N4CCNCC4)cc3)cc(CO)c12,CHEMBL3666143,0.43938452433791986,1
N=C(N)c1cccc(OCC(NC(=O)c2ccc(-c3ccccc3S(N)(=O)=O)cc2)c2ccccc2)c1,CHEMBL42825,0.4393730449698967,1
CN1CCN(c2ccc(N/C=C3\C(=O)NC(=O)c4ccc(-c5ccoc5)cc43)cc2F)CC1,CHEMBL488562,0.4393704925691266,1
CN1CCN(c2ccc(N/C=C3\C(=O)NC(=O)c4ccc(-c5ccoc5)cc43)cc2)CC1,CHEMBL487328,0.4393704925691266,1
COc1cccc2c1CN(CC(O)COc1cccc(CNC3CCCC3)c1)CC2,CHEMBL3911311,0.43936138843253686,1
COc1cccc2c1CCN(CC(O)COc1cccc(CNC3CCCC3)c1)C2,CHEMBL3975684,0.43936138843253686,1
Cc1c[nH]cc(C(=O)Nc2ccc3c(c2)NC(=O)/C3=C\c2ccc[nH]2)c1=O,CHEMBL3322591,0.43936007012930073,1
O=C(Nc1ccc(C2=CCN(C(=O)C3CCCO3)CC2)nc1)N1Cc2ccncc2C1,CHEMBL3916082,0.4393564933550944,1
CCc1cc(-c2c[nH]c3ncc(-c4ccn[nH]4)cc23)nc(N)n1,CHEMBL3814539,0.4393457668229048,1
CC(=O)NC[C@@H]1OC(=O)N2c3ccc(-c4ccc(C5(N)CC5)nc4)cc3OC[C@@H]12,CHEMBL1915808,0.4393413683954226,1
CN1CCN(C(=O)C2CCc3c(sc4ncnc(Nc5ccc6[nH]c(=O)sc6c5)c34)C2)CC1,CHEMBL3929532,0.43933714285714304,1
CCN1CCN(C(=O)C2CCc3c(sc4ncnc(Nc5ccc6[nH]c(=O)sc6c5)c34)C2)CC1,CHEMBL3954528,0.43933714285714304,1
Nc1ccc(C(=O)OCc2nc3cc4ccccc4cc3[nH]2)cc1,CHEMBL1462510,0.43933459064751673,1
CC(C)CN1CCC([S]([O])c2ccc(CNC(=O)c3cc4ccncc4o3)nc2)CC1,CHEMBL3922144,0.43933249428984256,1
CN(C)CC(=O)Oc1ccc2[nH]c(C(=O)c3cc4ccccc4[nH]3)cc2c1,CHEMBL7432,0.4393321138783357,1
Nc1ccccc1-c1nnc(C(=O)Nc2ccc3[nH]ncc3c2)o1,CHEMBL554300,0.4393175928591994,1
N=C(N)c1cccc(OCC(=O)Nc2ccc(C(=O)N3CCOCC3)cc2)c1,CHEMBL431192,0.4393172616856827,1
c1cc2[nH]ncc2cc1-c1cc(CN2CCCCC2)no1,CHEMBL1682360,0.4393082374357973,1
N#Cc1ccccc1CN(c1ccc2[nH]ccc2c1)C1CCNCC1,CHEMBL550469,0.43930295537501435,1
NC(=O)N1CCc2c1ccc1[nH]c(C(=O)N3CC4CC45C3=CC(=O)c3ccccc35)cc21,CHEMBL303977,0.4393029510370997,1
Cc1oc2cc(OCC(O)CN(C)C(C)C)ccc2c(=O)c1-c1ccccc1,CHEMBL119531,0.4392901322675802,1
Cc1nc(N)cc2c1cc(-c1cnc3[nH]ccc3c1)c(=O)n2C1CCCC1,CHEMBL3112725,0.4392848446902501,1
O=C(NC(=S)Nc1cccc(NC(=O)c2ccccc2)c1)c1ccc2c(c1)OCCO2,CHEMBL2031091,0.4392740409427144,1
O=C(N[C@@H]1[C@@H]2CNC[C@@H]21)c1cc(NC(=O)c2cc(-c3ncccc3F)ccc2Cl)n(-c2ccccc2)n1,CHEMBL3954019,0.43927296509251423,1
C=C(c1cc2c([nH]1)CCNC2=O)c1nc(N[C@@H]2CCN(C(C)=O)C2)c(C)nc1C,CHEMBL3976384,0.439272639497928,1
OCCCc1nc(-c2ccc(F)cc2)c(-c2ccnc3[nH]ccc23)[nH]1,CHEMBL4088971,0.43927165354330716,1
CN1CCN(c2ccc(-c3ccc(N)nc3)cc2NC(=O)c2c[nH]c(=O)cc2C(F)(F)F)CC1,CHEMBL3800054,0.4392686757341395,1
Cn1ccc(S(=O)(=O)NCc2ccc3c(c2)C(Cc2ccccc2)C(N)CC3)n1,CHEMBL3673305,0.43926559396911596,1
CNC1CCc2ccc(CNS(=O)(=O)c3ccn(C)n3)cc2C1Cc1ccccc1,CHEMBL3673313,0.43926559396911585,1
O=C1NC(=O)[C@](CN2Cc3ccc(F)cc3C2=O)(c2ccc(-c3cccnc3)cc2)N1,CHEMBL1223005,0.43924100156494517,1
Cc1noc(C)c1-c1ccc([C@]2(CN3Cc4ccc(F)cc4C3=O)NC(=O)NC2=O)cc1,CHEMBL1223006,0.43924100156494505,1
OC[C@@H](NC[C@@H]1CCN(CCc2c[nH]c3ccc(-n4cnnc4)cc23)C1)c1ccccc1,CHEMBL351303,0.4392391036690474,1
OC[C@H](NC[C@@H]1CCN(CCc2c[nH]c3ccc(-n4cnnc4)cc23)C1)c1ccccc1,CHEMBL441296,0.4392391036690474,1
NC(=O)Nc1sc(-c2ccc(N)cc2)cc1C(=O)N[C@H]1CCCNC1,CHEMBL487437,0.4392340758108635,1
NC1CCc2[nH]c3ccc(OCCc4ccc(O)cc4)cc3c2C1,CHEMBL1097190,0.43923365670550374,1
O=C(CN1CCN(C(c2ccccc2)c2ccccc2)CC1)NCc1ccc2c(c1)OCO2,CHEMBL227650,0.43923047906450374,1
CN1CC[C@]23Cc4nc(N)sc4C[C@H]2[C@H]1Cc1ccc(O)cc13,CHEMBL226167,0.4392225642494094,1
CN1CCC(C(=O)Nc2n[nH]c3nc(-c4ccccc4)c(Br)cc23)CC1,CHEMBL261882,0.4392166708511171,1
C/C(=N/NC(N)=S)C(CN(C)C)C(C1=C(O)c2ccccc2OC1)c1ccccc1,CHEMBL2010089,0.43921584253097956,1
O=C([C@@H]1C=C2c3cccc4[nH]cc(c34)C[C@H]2N(C(=O)Cc2ccccc2)C1)N1CCCC1,CHEMBL1809036,0.43921568627450974,1
CCN(CC)C(=O)[C@@H]1C=C2c3cccc4[nH]cc(c34)C[C@H]2N(C(=O)Nc2ccncc2)C1,CHEMBL573022,0.4392088423502034,1
CCN(CC)C(=O)[C@@H]1C=C2c3cccc4[nH]cc(c34)C[C@H]2N(C(=O)Nc2cccnc2)C1,CHEMBL573232,0.4392088423502034,1
Cc1c2c3cc(NC(=O)[C@H](N)Cc4cnc[nH]4)ccc3nc-2n(C)c2ccccc12,CHEMBL2147850,0.43920654836589595,1
Cc1c2c3cc(NC(=O)[C@@H](N)Cc4cnc[nH]4)ccc3nc-2n(C)c2ccccc12,CHEMBL2220225,0.43920654836589595,1
Cc1c2ccccc2nc2c1c1cc(NC(=O)[C@@H](N)Cc3cnc[nH]3)ccc1n2C,CHEMBL2147858,0.43920654836589595,1
Cc1nc(NCCCN2CCC(O)CC2)c2c(-c3cccs3)csc2n1,CHEMBL3989088,0.43920326693891143,1
COc1ccc(-n2nc(C(N)=O)c3c2C(=O)N(c2ccc(C(C)(C)CNC4CC4)cc2)CC3)cc1,CHEMBL3359592,0.439202254019115,1
Cc1ccc(NC(=S)NNC(=O)CN2C(=O)NC(c3ccccc3)(c3ccccc3)C2=O)cc1,CHEMBL2313936,0.4391904743789704,1
O=C(CN1C(=O)NC(c2ccccc2)(c2ccccc2)C1=O)NNC(=S)Nc1ccccc1,CHEMBL2313935,0.43919047437897035,1
O=C(CN1C(=O)NC(c2ccccc2)(c2ccccc2)C1=O)NNC(=S)Nc1ccc(Cl)cc1,CHEMBL2313938,0.43919047437897035,1
NC(=S)N/N=C1\CC(c2ccc3c(c2)OCCO3)Oc2ccc(F)cc21,CHEMBL3193966,0.439185706923209,1
NC(=S)N/N=C1\CC(c2ccc3c(c2)OCCCO3)Oc2ccc(F)cc21,CHEMBL2005434,0.439185706923209,1
CC(C)(C)c1ccc2c(=O)n(-c3cccc(-c4c[nH]c(C(N)=O)c4)c3CO)ncc2c1,CHEMBL3649450,0.43917407146966725,1
O=S(=O)(c1cccc2ccccc12)c1n[nH]c2c(NC3CCCNC3)cccc12,CHEMBL1739698,0.4391672434907621,1
O=S(=O)(c1cccc2ccccc12)c1n[nH]c2c(NC3CCNCC3)cccc12,CHEMBL1642859,0.4391672434907621,1
Oc1cc(-c2cn[nH]c2)ccc1-c1ccc(N2CCC3(CCCNC3)C2)nn1,CHEMBL4294614,0.4391583364186104,1
Oc1cc(-c2cn[nH]c2)ccc1-c1ccc(N2C[C@H]3CNC[C@H]3C2)nn1,CHEMBL4286715,0.4391583364186104,1
c1ccc(CNC2CCN(CCCc3c[nH]c4ccc(-n5cnnc5)cc34)CC2)nc1,CHEMBL145997,0.43915772423567523,1
O=C(Nc1nccs1)c1cccc(Cc2n[nH]c(=O)c3c2CCCC3)c1,CHEMBL3903127,0.4391513409012044,1
CCCNC(=O)Nc1ccc(-c2ccnc3[nH]nc(N)c23)cc1,CHEMBL256682,0.4391344242238873,1
O=C(N[C@H]1CCCNC1)c1ccnc2nc(-c3ccc(N4CCCCC4)s3)[nH]c12,CHEMBL3718407,0.43913256041346543,1
COc1ccc2[nH]c3c(C)c4ccnc(C(=O)NCCN(C)C)c4cc3c2c1,CHEMBL84354,0.43913176132153586,1
N#Cc1ccc2c(c1)CN(C(=O)Nc1ccc(C(=O)NC(CO)c3ccccn3)cc1)C2,CHEMBL3940933,0.4391207212957789,1
O=C(CN1CCCCC1)Nc1ccc2nc3c4[nH]c5ccccc5c4ccn3c(=O)c2c1,CHEMBL1098308,0.43911949337684225,1
O=C(CN1CCCC1)Nc1ccc2nc3c4[nH]c5ccccc5c4ccn3c(=O)c2c1,CHEMBL1096953,0.43911949337684225,1
O=C(CN1CCCC1)Nc1ccc2nc3n(c(=O)c2c1)CCc1c-3[nH]c2ccccc12,CHEMBL1097951,0.43911949337684225,1
O=C(CN1CCCCC1)Nc1ccc2nc3n(c(=O)c2c1)CCc1c-3[nH]c2ccccc12,CHEMBL1097952,0.43911949337684225,1
O=C1CC(N(C(=O)c2ccc3[nH]c4c(c3c2)CCCC4)C2CC2)C(=O)N1,CHEMBL3495559,0.4391171190199598,1
c1ccc(-c2n[nH]cc2-c2ccnc(-c3ccc(OCCN4CCOCC4)cc3)c2)nc1,CHEMBL205158,0.439114111267018,1
O=C(NCCN1CCCC1)c1ccc2c(c1)N(Cc1ccccc1)C(=O)c1ccccc1S2(=O)=O,CHEMBL1521623,0.43909264987479746,1
NC(=O)c1cccc2cn(-c3ccc(NC(=O)C4CNC4)cc3)nc12,CHEMBL610491,0.43908435094506887,1
NC(=O)c1cc(F)cc2cn(-c3ccc(NC(=O)C4CNC4)cc3)nc12,CHEMBL595695,0.43908435094506887,1
NC(=O)c1cc(F)cc2cn(-c3ccc(NC(=O)C4CNC4)c(F)c3)nc12,CHEMBL592960,0.43908435094506887,1
CCOC(=O)c1cc2cc(C3(Cc4ccccc4)CCNC3)ccc2[nH]1,CHEMBL512551,0.43908201147485626,1
O=C(CCC(=O)N1CCOCC1)c1ccc2[nH]c3c4c(c5c(c3c2c1)C(=O)NC5=O)CCC4,CHEMBL1935267,0.4390782270881158,1
Nc1ccc(C2NC(=O)Cc3c2ccc2ccccc32)cc1,CHEMBL1984203,0.43907190931633006,1
CC1=C(C(=O)Nc2nc3ccccc3s2)C(c2ccc(F)cc2)NC(=S)N1,CHEMBL3414820,0.4390674168017544,1
CC1=C(C(=O)Nc2nc3ccccc3s2)C(c2ccccc2)NC(=S)N1,CHEMBL3414576,0.4390674168017544,1
CC(C)(C)OC(=O)N[C@@H]1CCN(CC(=O)NC2CCc3cc(F)ccc3C2Cc2cccnc2)C1,CHEMBL42031,0.4390655783844637,1
CC(C)(C)OC(=O)NC1CCN(CC(=O)NC2CCc3cc(F)ccc3C2Cc2cccnc2)C1,CHEMBL42020,0.4390655783844637,1
CC(C)(C)OC(=O)NC1CCN(CC(=O)NC2CCc3cc(F)ccc3C2Cc2cccnc2)CC1,CHEMBL42620,0.4390655783844637,1
CC(C)(C)OC(=O)N[C@H]1CCN(CC(=O)NC2CCc3cc(F)ccc3C2Cc2cccnc2)C1,CHEMBL43659,0.4390655783844637,1
O=C(CN1CCN(C(c2ccccc2)c2ccccc2)CC1)Nc1nc2ccccc2[nH]1,CHEMBL4204594,0.4390583862474832,1
CCNCCCNc1nccc2c(C)c3[nH]c4ccncc4c3cc12,CHEMBL55118,0.4390569890477074,1
O=S(=O)(c1ccc2oc(N3CCNCC3)nc2c1)c1cccc2ccccc12,CHEMBL460626,0.43904435263855324,1
O=S(=O)(c1ccc2nc(N3CCNCC3)oc2c1)c1cccc2ccccc12,CHEMBL459782,0.439044352638553,1
O=C(NCc1nc2ccccc2[nH]1)c1ccc(F)c2c(C(=O)C(=O)N3CCN(C(=O)c4ccccc4)CC3)c[nH]c12,CHEMBL2315674,0.43903492738692634,1
N#CC1(c2ccc(F)cc2)CCN(CCCNC(=O)C2=CNC(=O)N[C@@H]2c2ccc(F)c(F)c2)CC1,CHEMBL316100,0.4390345787885819,1
CNS(=O)(=O)CC(=O)N1CC=C(c2[nH]c3nccc4c3c2CN(C)c2ccc(F)cc2-4)CC1,CHEMBL3967958,0.43902049677542926,1
CN1CCN(C(=O)c2cccc3nc(CN(C)C4CCCc5cccnc54)[nH]c23)CC1,CHEMBL577486,0.43901053110084076,1
Cc1cccc(Nc2nc(-c3ccncc3C#CCN3CCOCC3)cs2)c1,CHEMBL1818553,0.4390070921985815,1
O=C(/C=C/c1cccc(-c2nc3ccccc3n2[C@H]2CCCNC2)c1)NO,CHEMBL1094152,0.43900384985563046,1
O=C(/C=C/c1cccc(-c2nc3ccccc3n2C2CCCNC2)c1)NO,CHEMBL1094794,0.43900384985563046,1
O=C(/C=C/c1cccc(-c2nc3ccccc3n2[C@@H]2CCCNC2)c1)NO,CHEMBL1095124,0.43900384985563046,1
COc1cccc(-c2n[nH]cc2CNC2CCN(C(C)C)CC2)c1,CHEMBL3557000,0.43898186889818663,1
N#Cc1cccc(-c2c[nH]c3ccc(-c4nnc(N)s4)cc23)n1,CHEMBL3984864,0.43897887883118936,1
OC1CCN(c2cncc(-c3n[nH]c4ccc(-c5c(F)cccc5F)cc34)n2)CC1,CHEMBL3393696,0.43897248822009405,1
O=C(C1CC1)N1CC(c2ccc(O)cc2)Cc2ccc(O)cc21,CHEMBL240369,0.43897112351371026,1
Nc1ccc(CCN2C(=O)c3ccccc3C2(O)c2ccc(Cl)cc2)cc1,CHEMBL1688151,0.4389642416769419,1
Nc1ccc(CN2C(=O)c3cccc4cc(N)cc(c34)C2=O)cc1,CHEMBL3110172,0.4389632429513634,1
O=C(Nc1cc(CNC2CCCC2)[nH]n1)Nc1cccc2c1C1CCCN1C2=O,CHEMBL140141,0.4389617065021844,1
O=C(Nc1cc(CNC2CCCCC2)[nH]n1)Nc1cccc2c1C1CCCN1C2=O,CHEMBL143163,0.4389617065021844,1
COc1ccc(-n2nc(C(N)=O)c3c2C(=O)N(c2ccc(C(C)(C)CN)cc2)CC3)cc1,CHEMBL3314450,0.43896096132002155,1
O=C(Nc1ccccn1)Nc1cccc2c1[C@@H]1C[C@H](O)CCN1C2=O,CHEMBL3609568,0.4389604415823364,1
Cc1cccc(NC(=O)Nc2cccc3c2[C@@H]2C[C@H](O)CCN2C3=O)n1,CHEMBL3609662,0.4389604415823364,1
Cc1cccnc1NC(=O)Nc1cccc2c1[C@@H]1C[C@H](O)CCN1C2=O,CHEMBL3609671,0.4389604415823364,1
O=C(NO)c1cc2ccc(CN3CCc4ccccc4C3)cc2s1,CHEMBL2403478,0.43895816015516737,1
O=C(NO)c1cc2ccc(CN3CCc4ccccc4C3)c(F)c2s1,CHEMBL3401392,0.43895816015516737,1
CCN1Cc2cccc(C(=O)N[C@@H](CCCNC(=N)CF)c3nc4ccccc4n3C)c2C1=O,CHEMBL4215288,0.43895231699126913,1
CCN1Cc2cccc(C(=O)N[C@@H](CCCNC(=N)CCl)c3nc4ccccc4n3C)c2C1=O,CHEMBL4203621,0.43895231699126913,1
CCN1Cc2cccc(C(=O)N[C@@H](CCCNC(=N)CF)c3nc4ccccc4n3CC)c2C1=O,CHEMBL4218437,0.43895231699126913,1
N[C@@H](Cc1c[nH]c2ccccc12)C(=O)N[C@H]1CCCN2C(=O)N(Cc3ccccc3)C(=O)C[C@@H]12,CHEMBL139779,0.4389496232826118,1
N[C@@H](Cc1c[nH]c2ccccc12)C(=O)N[C@@H]1CCCN2C(=O)N(Cc3ccccc3)C(=O)C[C@H]12,CHEMBL140262,0.4389496232826118,1
COc1ccc(C2CNCc3cc(OCC4CCN(C(C)C)CC4)ncc32)cc1,CHEMBL247670,0.43894848906723427,1
Cc1cc(-c2ccc3occ(CCN)c3c2)cnc1N,CHEMBL547349,0.4389415521873573,1
O=C1C[C@@H](COc2nc(-c3ccc4c(c3)CCNC4)cc3ncccc23)CN1,CHEMBL3696052,0.4389374161677627,1
O=C1NCCN1c1cncc(-c2ccc3[nH]cc(-c4ccccc4F)c3c2)n1,CHEMBL4127890,0.43893556062739764,1
N[C@H](COc1cncc(-c2ccc3c(c2)C(=O)C(=O)N3)c1)Cc1c[nH]c2ccccc12,CHEMBL574268,0.4389337791399649,1
C[C@H](NC1=NC(=O)C(C)(c2ccc(C(=O)N3CCOCC3)cc2)S1)c1ccc(F)cc1,CHEMBL464387,0.438929650410013,1
NC(=O)N1CCCc2cc(-c3cncc(C4CCC(=O)N4)c3)cnc21,CHEMBL3899854,0.43892504098157065,1
CNC(=O)c1ccc2[nH]c(-c3n[nH]c4cc(-c5ccc(O)cc5OC)ccc34)nc2c1,CHEMBL3904805,0.4389235024947648,1
c1ccc(CN(c2ccc3[nH]ncc3c2)C2CCNCC2)cc1,CHEMBL561598,0.4389199476626616,1
CN(C)CCCN1C(=O)CCc2cc(NC(=N)c3cccs3)ccc21,CHEMBL1963424,0.43891922966369623,1
Nc1ccccc1N1CCN(C(=O)[C@@H](Cc2ccc(Cl)cc2)NC(=O)[C@H]2Cc3ccccc3CN2)CC1,CHEMBL164969,0.43891520145331875,1
O=C(NCc1ccc(S(=O)(=O)C2CCOCC2)cc1)c1cc2cnccc2[nH]1,CHEMBL3394717,0.4389009741795137,1
O=C(NCc1ccc(S(=O)(=O)N2CCOCC2)cc1)c1cc2cnccc2[nH]1,CHEMBL3394714,0.4389009741795137,1
Cc1ccc(NC(=S)N2CCN(C[C@@H](O)COc3ccccc3C(=O)c3ccccc3)CC2)cc1,CHEMBL2449481,0.4388975559022358,1
Cc1ccc(NC(=S)N2CCN(CC(O)COc3ccccc3C(=O)c3ccccc3)CC2)cc1,CHEMBL2059235,0.4388975559022358,1
CC(=O)NCCCCN(C[C@H]1Cc2ccccc2CN1)[C@H]1CCCc2cccnc21,CHEMBL3091684,0.4388966480446926,1
CN(C)C(=O)NCCCCN(C[C@H]1Cc2ccccc2CN1)[C@H]1CCCc2cccnc21,CHEMBL3091686,0.4388966480446926,1
CC(C)(C)c1[nH]cnc1/C=c1\[nH]c(=O)/c(=C/c2cccc(C(=O)c3ccc(C(F)(F)F)cc3)c2)[nH]c1=O,CHEMBL2048725,0.4388888888888886,1
CC(C)(C)c1[nH]cnc1/C=c1\[nH]c(=O)/c(=C/c2cccc(C(=O)c3cccc(F)c3)c2)[nH]c1=O,CHEMBL2048719,0.4388888888888886,1
CC(C)(C)c1[nH]cnc1/C=c1\[nH]c(=O)/c(=C/c2cccc(C(=O)c3ccc(F)cc3)c2)[nH]c1=O,CHEMBL2048720,0.4388888888888886,1
CC(C)(C)c1[nH]cnc1/C=c1\[nH]c(=O)/c(=C/c2cccc(C(=O)c3ccccc3Cl)c2)[nH]c1=O,CHEMBL2048721,0.4388888888888886,1
CC(C)(C)c1[nH]cnc1/C=c1\[nH]c(=O)/c(=C/c2ccc(C(=O)c3ccccc3)cc2)[nH]c1=O,CHEMBL2048708,0.4388888888888886,1
CC(C)(C)c1[nH]cnc1/C=c1\[nH]c(=O)/c(=C/c2cccc(C(=O)c3ccccc3)c2)[nH]c1=O,CHEMBL2024561,0.4388888888888886,1
CC(C)(C)c1[nH]cnc1/C=c1\[nH]c(=O)/c(=C/c2cccc(C(=O)c3ccc(Cl)cc3)c2)[nH]c1=O,CHEMBL2048723,0.4388888888888886,1
CC(C)(C)c1[nH]cnc1/C=c1\[nH]c(=O)/c(=C/c2cccc(C(=O)c3cccc(Cl)c3)c2)[nH]c1=O,CHEMBL2048722,0.4388888888888886,1
CC(C)(C)c1[nH]cnc1/C=c1\[nH]c(=O)/c(=C/c2cccc(C(=O)c3ccc(Br)cc3)c2)[nH]c1=O,CHEMBL2048724,0.4388888888888886,1
CC(C)(C)c1[nH]cnc1/C=c1\[nH]c(=O)/c(=C/c2cccc(C(=O)c3ccsc3)c2)[nH]c1=O,CHEMBL4225376,0.4388888888888886,1
CC(C)(C)c1[nH]cnc1/C=c1\[nH]c(=O)/c(=C/c2cccc(C(=O)c3ccccc3F)c2)[nH]c1=O,CHEMBL2048718,0.4388888888888886,1
CC(C)(C)c1[nH]cnc1/C=c1\[nH]c(=O)/c(=C/c2cccc(C(=O)c3cccs3)c2)[nH]c1=O,CHEMBL4227940,0.4388888888888886,1
C/C(=C1/C(=O)Nc2ccc(NC(N)=O)cc21)c1cc(CNC(=O)C2CCNCC2)c[nH]1,CHEMBL228757,0.4388874631079174,1
C[C@@H](NC1CCN(CCCc2c[nH]c3ccc(-n4cnnc4)cc23)CC1)C(=O)Nc1ccccc1,CHEMBL148110,0.43887241245019654,1
Nc1ncc(-c2ccccc2)cc1-c1ccc(C(=O)NCCO)cc1,CHEMBL590792,0.438868019033308,1
COc1ccc(-c2n[nH]c3ccc(-c4n[nH]c(CN(C)C)n4)cc23)cc1,CHEMBL3946926,0.438865129066748,1
N=C(N)c1cccc(-n2nc(C(F)(F)F)cc2C(=O)Nc2ccc(-n3ccnc3)cc2)c1,CHEMBL185707,0.4388578711008618,1
CC(C)(C)NS(=O)(=O)c1ccccc1-c1ccc(-c2ccc(N)nn2)c(F)c1,CHEMBL3693157,0.438854839373123,1
CC(C)(C)NS(=O)(=O)c1ccccc1-c1ccc(-c2nnc(N)s2)c(F)c1,CHEMBL3693177,0.43885483937312286,1
c1cc(-c2nc(N[C@@H]3CCNC3)c3scc(-c4ccn[nH]4)c3n2)ccn1,CHEMBL3728975,0.43885479618265405,1
NCCS(=O)(=O)N1CCc2c([nH]c3ccc(Cl)cc23)C1c1cccc(O)c1,CHEMBL595526,0.4388461538461538,1
CN1CCN(c2ccc(CNC(=O)c3cc4ccccc4o3)cc2)CC1,CHEMBL1710191,0.43883720930232506,1
COc1ccc(C2SCC(=O)N2c2ccc(S(=O)(=O)Nc3ccccn3)cc2)cc1,CHEMBL573271,0.43883544734825897,1
N#Cc1ccc(-c2ccc3c(c2)[C@@H]2[C@@H](CCN2S(=O)(=O)c2cccc(F)c2)[C@H](CO)N3)cc1,CHEMBL3182583,0.4388345429683388,1
Cc1ccc(S(=O)(=O)N2CC[C@@H]3[C@H]2c2cc(-c4cccc(C(=O)N(C)C)c4)ccc2N[C@@H]3CO)cc1,CHEMBL3188005,0.4388345429683388,1
N#Cc1ccc(-c2ccc3c(c2)[C@H]2[C@H](CCN2S(=O)(=O)c2cccc(F)c2)[C@H](CO)N3)cc1,CHEMBL3184242,0.4388345429683388,1
N#Cc1cccc(-c2ccc3c(c2)[C@@H]2[C@@H](CCN2S(=O)(=O)c2ccc(F)cc2)[C@@H](CO)N3)c1,CHEMBL2361120,0.4388345429683388,1
Cc1ccc(S(=O)(=O)N2CC[C@H]3[C@H](CO)Nc4ccc(-c5cccc(C(=O)N(C)C)c5)cc4[C@H]32)cc1,CHEMBL3560960,0.4388345429683388,1
N#Cc1ccc(-c2ccc3c(c2)[C@H]2[C@H](CCN2S(=O)(=O)c2cccc(F)c2)[C@@H](CO)N3)cc1,CHEMBL3187115,0.4388345429683388,1
N#Cc1cccc(-c2ccc3c(c2)[C@H]2[C@H](CCN2S(=O)(=O)c2ccc(F)cc2)[C@@H](CO)N3)c1,CHEMBL3561049,0.4388345429683388,1
N#Cc1ccc(-c2ccc3c(c2)[C@@H]2[C@@H](CCN2S(=O)(=O)c2ccccc2F)[C@H](CO)N3)cc1,CHEMBL3182782,0.4388345429683388,1
N#Cc1ccc(-c2ccc3c(c2)[C@H]2[C@H](CCN2S(=O)(=O)c2ccccc2F)[C@@H](CO)N3)cc1,CHEMBL3183555,0.4388345429683388,1
C[C@@H]1CC(=O)Nc2cccc(-c3ccc4c(cnn4C)c3)c2N1,CHEMBL3814197,0.4388095029367931,1
CN1CCC[C@@H]1Cc1c[nH]c2ccc(/N=C(\N)c3ccco3)cc12,CHEMBL3645477,0.4387788598314911,1
CN1CCCC1Cc1c[nH]c2ccc(/N=C(\N)c3ccco3)cc12,CHEMBL3645478,0.4387788598314911,1
S=C(NCCc1coc2ccc3c(c12)CCCO3)NC1CC1,CHEMBL3103590,0.43877775335238517,1
COCCOc1cncc(-c2cc3c(ccc4c5c([nH]c43)CNC5=O)cn2)c1,CHEMBL1801382,0.4387713588283156,1
COCCOc1cncc(-c2cc3c(cn2)CCCc2c-3[nH]c3c2C(=O)NCC3)c1,CHEMBL1801196,0.4387713588283156,1
COCCOc1cncc(-c2cc3c(ccc4c5c([nH]c43)CCNC5=O)cn2)c1,CHEMBL1614995,0.4387713588283156,1
COCCOc1cncc(-c2cc3c(cn2)CCc2c-3[nH]c3c2C(=O)NCC3)c1,CHEMBL1801195,0.4387713588283156,1
COCCOc1cncc(-c2cc3c(ccc4c5c([nH]c43)CCCNC5=O)cn2)c1,CHEMBL1801090,0.4387713588283156,1
O=C(N[C@H]1CCCNC1)c1ccc(O)c2[nH]c(Cc3cccs3)nc12,CHEMBL3718881,0.4387687064750331,1
CC1C(=O)NC(=O)C12Cc1cc3ccc(CN4CCC(Cn5ccnc5)CC4)nc3cc1C2,CHEMBL3656904,0.4387563655856337,1
Cc1cccc(-c2cc(C(=O)NCCCN3CCN(c4ccccc4)CC3)[nH]n2)c1,CHEMBL1796829,0.4387478568663234,1
O=C(NCCCN1CCN(c2ccccc2)CC1)c1cc(-c2ccccc2)n[nH]1,CHEMBL1796825,0.4387478568663234,1
Cc1ccc(-c2cc(C(=O)NCCCN3CCN(c4ccccc4)CC3)[nH]n2)cc1,CHEMBL1796828,0.4387478568663234,1
CC(C)(O)c1ccc(C(=O)Nc2cn3cc(-n4ccnc4)ccc3n2)cc1,CHEMBL2205636,0.43874624649954463,1
CN(C)CCOc1ccc([C@H]2N=CN[C@H]2c2ccc(O)cc2)cc1,CHEMBL193280,0.4387449413990643,1
COC(C)(C)CCc1noc(-c2cc3c(CCN(C)C)cccc3[nH]2)n1,CHEMBL211857,0.438742279618192,1
CC1(C)CC(=O)c2c3c(n(-c4ccc(C(N)=O)cc4)c2C1)CNCC3,CHEMBL3235332,0.43874061554184185,1
CS(=O)(=O)Nc1ccc(C[C@H](N)C(=O)N2Cc3ccccc3C[C@H]2c2nc(-c3ccccc3)c[nH]2)cc1,CHEMBL205273,0.4387234166690977,1
N#CCCn1cc(/C=N/NC(N)=S)c(-c2ccc(-c3ccccc3)cc2)n1,CHEMBL3193093,0.43872172194157655,1
O=C1NC(=S)N/C1=C/c1ccc(-c2ccc3c(c2)CN(CCCO)C3=O)s1,CHEMBL3103914,0.4387201169224344,1
CC(=O)Nc1ccc(-c2ccnc3c2CC(C(=O)NCc2ccccc2)O3)cc1,CHEMBL1872713,0.4387167262614224,1
CC(=O)Nc1cccc(-c2ccnc3c2CC(C)(C(=O)NCc2cccs2)O3)c1,CHEMBL2001039,0.4387167262614224,1
CC(=O)Nc1cccc(-c2ccnc3c2CC(C(=O)NCc2ccc(F)c(F)c2)O3)c1,CHEMBL1981858,0.4387167262614224,1
CC(=O)Nc1cccc(-c2ccnc3c2CC(C(=O)NCc2cccc(Cl)c2)O3)c1,CHEMBL1995197,0.4387167262614224,1
CC(=O)Nc1cccc(-c2ccnc3c2CC(C)(C(=O)NCc2ccccc2)O3)c1,CHEMBL1906139,0.4387167262614224,1
CC(=O)Nc1cccc(-c2ccnc3c2CC(C(=O)NCc2cccs2)O3)c1,CHEMBL1985456,0.4387167262614224,1
CC(=O)Nc1ccc(-c2ccnc3c2CC(C(=O)NCc2cccc(Cl)c2)O3)cc1,CHEMBL2000595,0.4387167262614224,1
O=C(CCCN1c2ccccc2C2CC3CNCCN3CC21)c1ccc(F)cc1,CHEMBL240733,0.4387124586865929,1
COc1ccc(-c2cc(C(=O)Nc3cc(C)on3)nc(C)c2CN)cc1,CHEMBL1688436,0.43871112105616467,1
CC(=O)Nc1cccc(-c2cnc(N)c(-c3ccc(C(N)=O)cc3)c2)c1,CHEMBL592489,0.43870402802101555,1
NC(=O)c1cc(-c2ccc(F)cc2)c2ccc(Cn3cc(C(O)C4CC4)cn3)cc2n1,CHEMBL3902679,0.43870346598202814,1
O=C(NCc1ccccc1)c1cccc(-c2n[nH]c3ccc(-c4ncn[nH]4)cc23)c1,CHEMBL3918693,0.4387022787807043,1
Oc1cccc(C23CCNC(Cc4[nH]c5ccccc5c42)C3)c1,CHEMBL290557,0.43869259563589885,1
COc1ccc(NC(=O)c2c(NC(=O)CNCC(C)C)sc3c2CCC3)c(OC)c1,CHEMBL1604061,0.4386839852618257,1
COc1ccc2nc(NC(=O)c3ccc(NC(=O)C4CCCO4)cc3)sc2c1,CHEMBL1592406,0.4386834354107248,1
O=C(Nc1nc2c(s1)CC(O)CC2)N1CCC(c2noc3ccc(F)cc23)CC1,CHEMBL3918573,0.43867994648431685,1
CS(=O)(=O)Nc1ccc(Cc2noc(-c3ccc4[nH]cc(CCN)c4c3)n2)cc1,CHEMBL1377173,0.4386772561147032,1
Nc1cc(/C=C/c2n[nH]c3ccccc23)nc2ccccc12,CHEMBL2419451,0.43867212761370966,1
COc1cccc(C2(O)CCN(C(C)C(O)c3ccc4c(c3)CCC(=O)N4)CC2)c1,CHEMBL246818,0.43867086563307467,1
CCn1cc(C(N)=O)c(=O)c2ccc(-c3ccc(N)cc3)cc21,CHEMBL288343,0.4386691034186195,1
N#Cc1cc(-c2ccnc(Nc3cn[nH]c3)c2)ccc1OCC1CC1,CHEMBL3687134,0.43866869464077995,1
Cc1ccc2c(N3CCN(CCc4cccc(N5CCCNC5=O)c4)CC3)cccc2n1,CHEMBL1631541,0.4386603754231202,1
Cc1ccc2c(N3CCN(CCc4cccc(N5CCNC5=O)c4)CC3)cccc2n1,CHEMBL3215829,0.4386603754231202,1
O=C(Nc1cccc(Cc2n[nH]c(=O)c3c2CCCC3)c1)c1c[nH]c2ccccc12,CHEMBL3916714,0.43866026223549265,1
CN1C(=N)N[C@@]2(c3cc(NC(=O)c4ccc(Cl)cn4)ccc3F)CCC[C@H]2S1(=O)=O,CHEMBL4127711,0.4386565899138294,1
CN1C(=N)N[C@@]2(c3cc(NC(=O)c4ncc(F)cc4F)ccc3F)CCC[C@H]2S1(=O)=O,CHEMBL4126365,0.4386565899138294,1
Cc1cc(F)cnc1C(=O)Nc1ccc(F)c([C@]23CCC[C@H]2S(=O)(=O)N(C)C(=N)N3)c1,CHEMBL4127283,0.4386565899138294,1
CN1C(=N)N[C@@]2(c3cc(NC(=O)c4ncc(Cl)cc4F)ccc3F)CCC[C@H]2S1(=O)=O,CHEMBL4129654,0.4386565899138294,1
Cc1ccc(C(=O)Nc2ccc(F)c([C@]34CCC[C@H]3S(=O)(=O)N(C)C(=N)N4)c2)nc1,CHEMBL4127870,0.4386565899138294,1
CN1CCN(c2ccc3[nH]c(-c4n[nH]c5ncc(-c6cncc(CN7CCCC7)c6)cc45)nc3c2)CC1,CHEMBL1807722,0.43864960584942264,1
CN1CCN(C(=O)c2cc(-c3ccc(O)cc3)n(-c3ccccc3)n2)CC1,CHEMBL4064925,0.4386397469296612,1
COc1ccc(C2C(C(=O)NCCN3CCOCC3)c3ccccc3C(=O)N2C2CCCCC2)cc1,CHEMBL1526333,0.4386369570893897,1
O=C1C2CCCN2C(=O)N1Cc1ccc(CNCC2CCc3ccccc3O2)cc1,CHEMBL1926756,0.4386310787584673,1
O=C1C2CCCN2C(=O)N1Cc1cccc(CNCC2CCc3ccccc3O2)c1,CHEMBL1962490,0.4386310787584673,1
CCC(=O)Nc1ccc(-c2ncnc3c2cc(C(=O)NCCN2CCCC2)n3C)cc1,CHEMBL3800009,0.4386297376093293,1
CC(=O)Nc1ccc(-c2ncnc3c2cc(C(=O)NCCN2CCCC2)n3C)cc1,CHEMBL3797300,0.4386297376093293,1
O=C(Nc1ccccc1OC1CCOC1)c1[nH]nc2c1CCCC2,CHEMBL3462053,0.43862275449101795,1
O=C1Cc2c([nH]c3ccc(C(F)(F)F)cc23)-c2cc(C#CCO)ccc2N1,CHEMBL346406,0.43861720972677004,1
NC(=O)c1ccc(NC(=O)CSC2=Nc3ccccc3C3CC=NN23)cc1,CHEMBL1503017,0.4386115073704233,1
NCCCCN(Cc1ncccc1C1CC1)C[C@H]1Cc2ccccc2CN1,CHEMBL4165906,0.43860887986583075,1
CN1CCN(C(=O)c2ccc(-c3cn4c(-c5ccc(C(=O)NO)cc5)cnc4cn3)cc2)CC1,CHEMBL4214092,0.43859833184703373,1
CC(C)(C)NCC(O)COc1ccc(Cc2nc(-c3cccs3)c[nH]2)cc1,CHEMBL11135,0.43858878641487326,1
Cc1ccccc1NC1=NC(=O)/C(=C\c2ccc(N3CCN(C)CC3)cc2)S1,CHEMBL3402009,0.4385847049602506,1
CN1CCN(c2ccc(/C=C3/SC(Nc4ccccc4)=NC3=O)cc2)CC1,CHEMBL3401993,0.4385847049602506,1
Nc1c(C(=O)c2ccccc2)sc2nsc(SCCN3CCOCC3)c12,CHEMBL1346297,0.438582214385822,1
COc1ccc2c(c1)C(=O)N[C@@H](Cc1ccc(-c3ccnc4[nH]ccc34)cc1)C(=O)N2C,CHEMBL3649659,0.4385717340175325,1
C[C@@H]1CC(=O)Nc2cccc(-c3ccc4c(c3)c(C#N)nn4C)c2N1,CHEMBL3814602,0.43855491961649223,1
COCCNC(=O)c1ccc2[nH]nc(-c3cc4ccccc4o3)c2c1,CHEMBL3974886,0.43855469525511215,1
COc1ccc(-c2ccc([C@@H]3[C@H]4CN(C(=O)NC(C)C)CC(=O)N4[C@H]3CO)cc2)cc1,CHEMBL3560284,0.4385434804875547,1
O=C(Nc1ccccc1Cl)c1cnc2ccc(C3(O)CCNCC3)cn12,CHEMBL1077740,0.4385415908594716,1
O=C1NC(=O)c2c1c(-c1ccccc1)cc1c2c2cc(O)ccc2n1CCCN1CCOCC1,CHEMBL510668,0.4385409617777392,1
Nc1ccc(CNC(=O)Nc2ccc(CN3C(=O)c4ccccc4C3=O)cc2)cn1,CHEMBL4213004,0.438540112475611,1
CCN(CC)CC1(N2CCN(C(=O)[C@@H](Cc3ccc(Cl)cc3)NC(=O)[C@H]3Cc4ccccc4CN3)CC2)CCCC1,CHEMBL211616,0.43853843267032866,1
NC(=O)c1cnc(N[C@H](C2CC2)C(F)(F)F)c2c1[nH]c1cc(-c3cn[nH]c3)ccc12,CHEMBL1835149,0.43852931104262016,1
NC(=O)c1cc(-c2ccnc(Nc3ccccc3)n2)[nH]c1-c1ccccc1,CHEMBL1270324,0.43851227412871235,1
O=C(N[C@@H]1CCC[C@H](Nc2nc(-c3c[nH]c4ncc(F)cc34)ncc2F)C1)N1CCOCC1,CHEMBL3317988,0.43850651990368716,1
Cc1cnc2[nH]cc(-c3ncc(F)c(N[C@H]4CCC[C@@H](NC(=O)N5CCOCC5)C4)n3)c2c1,CHEMBL3317994,0.43850651990368716,1
O=C(N[C@@H]1CCC[C@H](Nc2nc(-c3c[nH]c4ncc(C(F)(F)F)cc34)ncc2F)C1)N1CCOCC1,CHEMBL3317992,0.43850651990368716,1
O=C(N[C@@H]1CCC[C@H](Nc2nc(-c3c[nH]c4ncc(Cl)cc34)ncc2F)C1)N1CCOCC1,CHEMBL3317987,0.43850651990368716,1
CCc1cnc2[nH]cc(-c3ncc(F)c(N[C@H]4CCC[C@@H](NC(=O)N5CCOCC5)C4)n3)c2c1,CHEMBL3317995,0.43850651990368716,1
O=C(N[C@@H]1CCC[C@H](Nc2nc(-c3c[nH]c4ncccc34)ncc2F)C1)N1CCOCC1,CHEMBL3317997,0.43850651990368716,1
N[C@@H](Cc1c[nH]c2ccccc12)C(=O)Nc1cncc(/C=C/c2ccncc2)c1,CHEMBL205415,0.43850107066381133,1
NC(Cc1c[nH]c2ccccc12)C(=O)Nc1cncc(C=Cc2ccncc2)c1,CHEMBL1983945,0.43850107066381133,1
CC(C)(C)c1cc(C(=O)Nc2nc(CN)cs2)n(-c2ccccc2)n1,CHEMBL3337961,0.43850055126791593,1
CN1CCN(C(=O)c2ccc(-c3n[nH]c4c3CN(S(=O)(=O)c3c(Cl)cccc3Cl)CC4)cc2)CC1,CHEMBL4168226,0.4384973929530732,1
O=C(CN1CCCC1)Nc1sc2c(c1C(=O)Nc1ccccc1)CCCC2,CHEMBL1415541,0.4384836689795225,1
COc1ccc2c(c1)C(=O)N(C[C@@]1(C#Cc3ccc(C(=O)N4CCC(N5CCCCC5)CC4)cc3)NC(=O)NC1=O)C2,CHEMBL3640329,0.43846340575312537,1
COc1ccc2c(c1F)C(=O)N(C[C@@]1(C#Cc3ccc(C4(C(N)=O)CCN(C)CC4)cc3)NC(=O)NC1=O)C2,CHEMBL3640394,0.43845485381100546,1
NC(=O)CCn1cc(-c2cccc3c2-c2ccccc2C3(O)C(F)(F)F)cn1,CHEMBL3681683,0.4384483252218722,1
CNC(=O)CCn1cc(-c2cccc3c2-c2ccccc2C3(O)C(F)(F)F)cn1,CHEMBL3681684,0.4384483252218722,1
COc1cc([C@@H]2c3[nH]c4ccccc4c3C[C@@H]3C(=O)N([C@@H]4CCN(Cc5ccccc5)C4)CC(=O)N23)ccc1O,CHEMBL2022223,0.4384389069674141,1
COc1ccc([C@@H]2c3[nH]c4ccccc4c3C[C@@H]3C(=O)N([C@@H]4CCN(Cc5ccccc5)C4)CC(=O)N23)cc1O,CHEMBL2022222,0.4384389069674141,1
c1cc(NC2=NCCN2)ccc1Cc1ccc(OC2CCOCC2)cc1,CHEMBL9949,0.4384325206914024,1
CCOc1ccc(C[C@@H](NC(=O)NC(C)C)C(=O)N[C@@H](Cc2ccccc2)C(=O)NCc2ccc(CN)cc2)cc1,CHEMBL3930487,0.43842997979303183,1
CN1C(=O)[C@H](NC(=O)Nc2cccc(O)c2)N=C(c2ccccc2)c2ccccc21,CHEMBL2112753,0.43842723608609885,1
O=C(N[C@H](CO)c1ccccn1)c1ccc(NC(=O)N2Cc3ccc(F)cc3C2)cc1,CHEMBL3970983,0.4384220942785171,1
O=C(N[C@H](CO)c1ccccn1)c1ccc(NC(=O)N2Cc3ccccc3C2)cc1,CHEMBL3904531,0.4384220942785171,1
CC1(C)C(=O)Nc2cc3[nH]c(-c4cnsn4)nc3cc21,CHEMBL285037,0.4384171330366192,1
CC1(C)C(=O)Nc2cc3[nH]c(-c4cnccn4)nc3cc21,CHEMBL289054,0.4384171330366192,1
CC1(C)c2cc(CN3CCN(S(C)(=O)=O)CC3)ccc2C(=O)c2c1[nH]c1cc(C#N)ccc21,CHEMBL3965185,0.4384097085210141,1
Cn1cc(-c2cc(C(=O)N3CCC(O)C3)cc3c2-c2ccccc2C3(O)C(F)(F)F)cn1,CHEMBL3676723,0.43839940266087407,1
Cn1cc(-c2cc(C(=O)N3CC(O)C3)cc3c2-c2ccccc2C3(O)C(F)(F)F)cn1,CHEMBL3676720,0.43839940266087407,1
O=C(NCCN1CCC(O)(Cc2ccccc2)CC1)Nc1ccnc2ccoc12,CHEMBL3358671,0.4383869716944551,1
Cn1ccc2nccc(NC(=O)NCCN3CCC(O)(Cc4ccccc4)CC3)c21,CHEMBL3358668,0.4383869716944551,1
O=S(=O)(NCCN1CCCC1)c1cccc(-c2ccc(CNC3Cc4ccccc4C3)cc2)c1,CHEMBL534875,0.43837966220971125,1
O=S(=O)(NCCN1CCCC1)c1ccc(-c2ccc(CNC3Cc4ccccc4C3)cc2)cc1,CHEMBL586242,0.43837966220971125,1
O=S(=O)(NCCN1CCCC1)c1ccc(-c2cccc(CNC3Cc4ccccc4C3)c2)cc1,CHEMBL530440,0.43837966220971125,1
CC(=O)Nc1cccc(-c2ccc3c(c2)SC(=N)N2CCCN=C32)c1,CHEMBL2159029,0.43837067641294547,1
O=C(N[C@H](CO)c1ccc(F)c(Cl)c1)N1CCc2cnc(Nc3ccc(F)cc3)nc2C1,CHEMBL3298566,0.4383705466508013,1
O=C1CCc2ccc(CC3CCN(C[C@@H]4COc5c(ccc6c5CC(=O)N6)O4)CC3)cc2N1,CHEMBL1087455,0.43835343366889273,1
COc1ccc(C2(c3cccc(-c4cccnc4)c3)CC(OC)C(N)=N2)cc1,CHEMBL2380459,0.43835276606301155,1
Cc1[nH]c(/C=C2\C(=O)N(CCCN(C)C)c3ccc(F)cc32)c(C)c1C(=O)N1CCOCC1,CHEMBL2283006,0.4383506575547002,1
Cc1[nH]c(/C=C2\C(=O)N(CCCN(C)C)c3ccc(Cl)cc32)c(C)c1C(=O)N1CCOCC1,CHEMBL2283000,0.4383506575547002,1
CCO[C@H]1OC(C(=O)NC2CC2)=C[C@@H](c2c[nH]c3ccccc23)[C@@H]1CCCO,CHEMBL1702003,0.4383423328504323,1
CCO[C@@H]1OC(C(=O)NC2CC2)=C[C@H](c2c[nH]c3ccccc23)[C@H]1CCCO,CHEMBL1307964,0.4383423328504323,1
CN(C)CCCN1Cc2cc(-c3ccc(/C=C4/NC(=S)NC4=O)s3)ccc2C1=O,CHEMBL3104003,0.4383310901749661,1
C[C@@H]1CN(Cc2c[nH]nc2/C=C2\NC(=S)NC2=O)CCN1c1ccc(C(F)(F)F)cn1,CHEMBL3719200,0.4383129823544331,1
C[C@@H](N[C@H]1CCN(c2ccc(-c3nn[nH]n3)cc2)C1)c1cccc2ccccc12,CHEMBL4302858,0.4383126700937403,1
Cc1cc(CCN2CCOCC2)ccc1Nc1nccc(-c2c[nH]c3ncccc23)n1,CHEMBL377449,0.4383117814032173,1
CCN(CC)CCNC(=O)c1c(C)[nH]c(CC2C(=O)Nc3ccc(F)cc32)c1C,CHEMBL3542401,0.4382877256727601,1
CCN(CC)CCNC(=O)c1c(C)[nH]c(/C=C2\C(=O)Nc3ccc(Br)cc32)c1C,CHEMBL13629,0.4382877256727601,1
CCN(CC)CCNC(=O)c1c(C)[nH]c(/C=C2\C(=O)Nc3ccc([125I])cc32)c1C,CHEMBL2063879,0.4382877256727601,1
CCN(CC)CCNC(=O)c1c(C)[nH]c(/C=C2\C(=O)Nc3ccccc32)c1C,CHEMBL275117,0.4382877256727601,1
Cc1[nH]c(CC2C(=O)Nc3ccc(Cl)cc32)c(C)c1C(=O)NCCN(C)C,CHEMBL4091008,0.4382877256727601,1
CCN(CC)CCNC(=O)c1c(C)[nH]c(C=C2C(=O)Nc3ccc(F)cc32)c1C,CHEMBL1990885,0.4382877256727601,1
CCN(CC)CCNC(=O)c1c(C)[nH]c(/C=C2\C(=O)Nc3cccc(F)c32)c1C,CHEMBL597365,0.4382877256727601,1
CCN(CC)CCNC(=O)c1c(C)[nH]c(/C=C2\C(=O)Nc3ccc(Cl)cc32)c1C,CHEMBL13485,0.4382877256727601,1
CCN(CC)CCNC(=O)c1c(C)[nH]c(/[14CH]=C2\C(=O)Nc3ccc(F)cc32)c1C,CHEMBL3542310,0.4382877256727601,1
CCN(CC)CCNC(=O)c1c(C)[nH]c(/C=C2\C(=O)Nc3ccc(I)cc32)c1C,CHEMBL2063878,0.4382877256727601,1
CCN(CC)CCNC(=O)c1c(C)[nH]c(/C=C2\C(=O)Nc3ccc(F)cc32)c1C,CHEMBL3109278,0.4382877256727601,1
Cc1[nH]c(/C=C2\C(=O)Nc3ccc(F)cc32)c(C)c1C(=O)NCCN(C)C,CHEMBL13976,0.4382877256727601,1
O=C(/C=C/c1ccc2c(c1)Cc1sc(NC3CCCCC3)nc1-2)NO,CHEMBL2385382,0.43828532547062826,1
COc1ccc(N2CCN(C(=O)c3cc(Cc4n[nH]c(=O)c5c4NCCC5)ccc3F)CC2)cc1,CHEMBL3904253,0.43828109336363047,1
CS(=O)(=O)NCCCNCc1cccc(-c2ccc(-c3nc4ccccc4[nH]3)s2)c1,CHEMBL546376,0.43826982294072353,1
CS(=O)(=O)NCCCNCc1cccc(-c2csc(-c3nc4ccccc4[nH]3)c2)c1,CHEMBL527826,0.43826982294072353,1
CNc1ncc(-c2ccc3c(=O)c(C(=O)O)cn(C4CC4)c3c2C)cc1C,CHEMBL3990047,0.4382637838721542,1
O=C(NC1CCCNC1)c1ccc(O)c2[nH]c(-c3cccs3)nc12,CHEMBL3718662,0.43824057450628356,1
O=C(N[C@H]1CCCNC1)c1ccc(O)c2[nH]c(-c3cccs3)nc12,CHEMBL3717841,0.43824057450628356,1
O=C(NC1CCNCC1)c1ccc(O)c2[nH]c(-c3cccs3)nc12,CHEMBL3719145,0.43824057450628356,1
O=C(NC1CCNC1)c1ccc(O)c2[nH]c(-c3cccs3)nc12,CHEMBL3716966,0.43824057450628356,1
O=C(N[C@@H]1CCCNC1)c1ccc(O)c2[nH]c(-c3cccs3)nc12,CHEMBL3714835,0.43824057450628356,1
O=C(N[C@H]1CCCNC1)c1ccc(O)c2[nH]c(-c3ccccc3)nc12,CHEMBL3714837,0.43824057450628356,1
O=C(N[C@H]1CCCNC1)c1ccc(O)c2[nH]c(-c3ccc(Br)s3)nc12,CHEMBL3718848,0.43824057450628356,1
Cc1ccc2[nH]c(SCC(=O)N3CCOc4ccc(CN5C[C@@H](C)O[C@@H](C)C5)cc4C3)nc2c1,CHEMBL2359314,0.4382301204275852,1
Cc1noc(-c2cc(-c3ccc4[nH]ccc4c3)cnc2N)n1,CHEMBL4079468,0.43822769899877684,1
O=C1Cc2c(cccc2N2CCN(CCCCNC(=O)c3ccc4ccccc4c3)CC2)N1,CHEMBL3759441,0.43822256054046327,1
CN1CCN(Cc2ccc3c(c2)-c2n[nH]c(=O)c4cc(F)cc(c24)O3)CC1,CHEMBL1173348,0.4382177308222322,1
CN1CCN(Cc2ccc3c(c2)-c2n[nH]c(=O)c4cccc(c24)O3)CC1,CHEMBL1972218,0.4382177308222322,1
Cn1nc(C(=O)NCc2ccc(C(=O)O)cc2)cc1-c1ccc2[nH]ccc2c1,CHEMBL1939880,0.43820027241970194,1
NC1=N[C@H](COc2ccc3c(c2)CCNC3)COc2ccsc21,CHEMBL1221704,0.43819008443385987,1
CS(=O)(=O)NC(=O)c1c[nH]c2cc(Cl)c(-c3ccc(C4(O)CCC4)cc3)cc12,CHEMBL3916186,0.43817818389491703,1
NC(=O)CN1CCC(NC(=O)Cn2c3c(c4cc(Br)ccc42)CC[C@@H](C(=O)O)C3)CC1,CHEMBL3577286,0.43815925912682807,1
CN(C)CCc1c(C(=O)NCc2ccccc2)[nH]c2ccc(CCN3C(=O)C4CCCN4C3=O)cc12,CHEMBL84053,0.4381584772023016,1
COc1ccc(NC(=O)Nc2nc3ccccc3s2)cc1N1CCN(C)CC1,CHEMBL587982,0.4381542219120722,1
O=C(Nc1cccc2c1C(=O)c1c(-c3ccc(C(=O)N4CCNCC4)s3)n[nH]c1-2)NN1CCOCC1,CHEMBL334285,0.43815263440539404,1
O=C(Nc1cccc2c1C(=O)c1c(-c3ccc(C(=O)N4CCCNCC4)s3)n[nH]c1-2)NN1CCOCC1,CHEMBL115706,0.43815263440539404,1
CC(C)c1cc(C(=O)N2Cc3ccc(NC4CCNCC4)cc3C2)c(O)cc1O,CHEMBL1214748,0.43814557535487736,1
Cc1cc(CN2C(=O)[C@]3(N=C2N)c2cc(C#N)ccc2C[C@@]32C[C@@H](C)[C@H](O)[C@@H](C)C2)ccn1,CHEMBL4111730,0.4381331282805657,1
CC1(C)c2[nH]c3ccccc3c2C[C@H]2C(=O)N(CCCO)CC(=O)N21,CHEMBL1437706,0.438130860275657,1
O=C(Nc1cc(-c2ccnc(NC3CC3)n2)c[nH]c1=O)c1ccccc1,CHEMBL4291472,0.4381237524950101,1
O=C(NCc1cccnc1)Nc1ccc(CNC(=O)c2ccc(CN3CCOCC3)cc2)cc1,CHEMBL4202544,0.438122015441603,1
C[C@H](NC(=O)c1ccc(CN2CCOCC2)cc1)c1ccc(NC(=O)NCc2cccnc2)cc1,CHEMBL4209447,0.43812201544160284,1
C[C@@H](NC(=O)c1ccc(CN2CCOCC2)cc1)c1ccc(NC(=O)NCc2cccnc2)cc1,CHEMBL4210753,0.43812201544160284,1
Cc1cc(O)cc(C)c1C[C@H](N)C(=O)N1Cc2ccccc2CC1C(=O)NCCN,CHEMBL241010,0.4381115706647836,1
O=c1[nH]c2ccc(C3=NN=C(NCCc4ccccn4)SC3)cc2[nH]1,CHEMBL4277245,0.438093429548044,1
O=C(CN1CCOCC1)N1CC=C(c2ccc(NC(=O)N3Cc4ccncc4C3)cc2)CC1,CHEMBL3965636,0.43808934184207976,1
NCCCNC(=O)[C@H](Cc1c[nH]c2ccccc12)NC(=O)N1CCC2(C=Cc3ccccc32)CC1,CHEMBL305261,0.4380858605750294,1
CCOC(=O)CC1CCc2cc(NC(=O)c3ccc(C(=N)N)cc3)ccc2O1,CHEMBL148320,0.4380858004046408,1
C[C@@]1(c2ncncc2F)NC(=O)c2cc(-c3cn[nH]c3)ccc21,CHEMBL6068779,0.43808542525290356,1
CN1C[C@@H]2C[C@H]1CN2c1cnc(-c2ccc3[nH]ncc3c2)cn1,CHEMBL1083587,0.4380814201587436,1
Nc1nnc(-c2ccc3[nH]cc(-c4ccccc4F)c3c2)o1,CHEMBL3965804,0.43808066455350286,1
Nc1nnc(-c2ccc3[nH]cc(-c4cccc(F)c4F)c3c2)o1,CHEMBL3900255,0.43808066455350286,1
COC1CCC2(CC1)Cc1ccc(-c3cccc(C#N)c3)cc1C21C=C(N)N(C)C1=O,CHEMBL3978600,0.43807990910812333,1
O=C(Nc1ccccc1N1CCNCC1)c1csc(Nc2ccccc2)n1,CHEMBL2381228,0.4380709736123746,1
S=C(NCCN1CCOCC1)Nc1ccc(-c2nc3ccccc3[nH]2)cc1,CHEMBL1415012,0.43806306306306286,1
CN1CCC(Nc2nc(-c3c[nH]c4ncccc34)cc(=O)[nH]2)CC1,CHEMBL1958417,0.43805495463498134,1
CC(C)(C)c1ccc(S(=O)(=O)Nc2ccc3nccc(N4CCNCC4)c3c2)cc1,CHEMBL261917,0.4380527540729246,1
CC(C1CC1)N(Cc1ccccc1)C(=O)CN1C(=O)NC(Cc2c[nH]c3ccccc23)C1=O,CHEMBL4159813,0.4380451918024169,1
Nc1ccncc1C(=O)N[C@H]1c2ccccc2C[C@@H]1NC(=O)c1cc2c(F)cc(F)cc2[nH]1,CHEMBL4164040,0.43802374301675934,1
Cc1ccc2[nH]c(C(=O)N[C@H]3Cc4ccccc4[C@@H]3NC(=O)c3cnccc3N)cc2c1,CHEMBL4174302,0.43802374301675934,1
Nc1ccncc1C(=O)N[C@H]1c2ccccc2C[C@@H]1NC(=O)c1cc2ccccc2[nH]1,CHEMBL4170865,0.43802374301675934,1
CC(C)(CO)CNC(=O)c1cc(-c2cc[nH]n2)n2ccccc12,CHEMBL3500453,0.43802340956951846,1
NC(=O)c1cc(-c2ccnc(N)c2)[nH]c1-c1ccccc1,CHEMBL1271335,0.4380156198438013,1
NC1=NC2(CCN(C(=O)c3ccc4ccccc4c3)CC2)N(c2cccc(Cl)c2)C(N)=N1,CHEMBL4162846,0.43801181714522625,1
Cc1nnc(-c2ccc(C)c(-c3ccc4c(c3)NC(=O)C43CCN(S(C)(=O)=O)CC3)c2)[nH]1,CHEMBL1911333,0.4380096587760272,1
C[C@H](O)C#Cc1csc2c(N[C@@H]3CCNC3)nc(-c3ccncc3F)nc12,CHEMBL3729562,0.4380025638037528,1
C[C@H](O)C#Cc1csc2c(N[C@@H]3CCNC3)nc(-c3ccncc3)nc12,CHEMBL3730328,0.4380025638037528,1
CC(C)NC(=O)N1Cc2n[nH]c(NC(=O)c3ccc4c(c3)OCO4)c2C1,CHEMBL439514,0.43800097355184164,1
N[C@@H](CCCCNS(=O)(=O)c1ccccc1F)C(=O)NC1=NC2CCc3cc(F)ccc3C2C1,CHEMBL2112218,0.43799978289973573,1
Nc1ncc(-c2cnn(C3CCNCC3)c2)c2cc(-c3ccccc3)oc12,CHEMBL2407765,0.4379946531141642,1
Cc1c(Cn2ncc(N3CCNCC3)c(Cl)c2=O)cccc1NC(=O)c1ccc(-c2cccc(C(N)=O)c2)cc1,CHEMBL474474,0.4379929567216745,1
Cc1ncc(CNC(C)(C)CO)c2cc(C(=O)c3ccc(Br)cc3)oc12,CHEMBL3439150,0.43798955613577006,1
CN1CN([C@H]2CC[C@H](CNC3(C(F)(F)F)CC3)CC2)c2c(cnc3[nH]ccc23)C1=O,CHEMBL3903817,0.4379694265264648,1
CN1CN([C@H]2CC[C@H](CNC3CC3)CC2)c2c(cnc3[nH]ccc23)C1=O,CHEMBL3947499,0.4379694265264648,1
c1ccc(-n2ccc(Nc3ccc([C@@H]4CNCCO4)cc3)n2)cc1,CHEMBL3641716,0.4379689119170984,1
c1ccc(-n2ccc(Nc3ccc([C@H]4CNCCO4)cc3)n2)cc1,CHEMBL3641715,0.4379689119170984,1
O=c1[nH]c2ccc(C3=NN=C(NCCc4cccnc4)SC3)cc2[nH]1,CHEMBL4285200,0.4379677334436461,1
O=C(c1cc(Cc2c[nH]c(=O)c3cc(Cl)c(Cl)n23)ccc1F)N1CCC2(CC1)NCNC2=O,CHEMBL590579,0.43795849926640096,1
CCCC(=O)Nc1n[nH]c2cc(-c3ccc(O)nc3)ccc12,CHEMBL1085920,0.4379572653713841,1
Cc1ccc2[nH]c(C(=O)N[C@H]3Cc4ccccc4[C@@H]3C(=O)N(C)CCN(C)C)cc2c1,CHEMBL4169979,0.43795659647614943,1
CN1CCN(CCNc2ccc(CO)c3sc4ccccc4c(=O)c23)CC1,CHEMBL1989048,0.43795620437956195,1
NCCCCC(=O)Nc1ccc2ccc3cc[nH]c3c2n1,CHEMBL3822696,0.4379536812996889,1
Fc1ccc([C@@H]2CC3CCC(N3)[C@H]2COc2ccc3c(c2)OCO3)cc1,CHEMBL88301,0.43794902076567244,1
Fc1ccc([C@H]2CC3CCC(N3)[C@H]2COc2ccc3c(c2)OCO3)cc1,CHEMBL87616,0.43794902076567244,1
Fc1ccc([C@H]2CC3CCC(N3)[C@@H]2COc2ccc3c(c2)OCO3)cc1,CHEMBL314878,0.43794902076567244,1
Fc1ccc([C@@H]2CC3CCC(N3)[C@@H]2COc2ccc3c(c2)OCO3)cc1,CHEMBL312977,0.43794902076567244,1
O=C1NC(=O)C2(Cc3ccccc3C2)N1c1ccc2[nH]cnc2c1,CHEMBL3677294,0.4379426498531697,1
Nc1ccn2c(-c3cccc(NC(=O)NCC(F)(F)F)c3)cnc2c1,CHEMBL3690477,0.4379387745355556,1
Cn1cc(-c2cc3c(-c4cccc(C5CCNCC5)n4)n[nH]c3cn2)cn1,CHEMBL3634768,0.43792190799060304,1
COc1ccc(C2c3ccc4ccccc4c3OC3NC(=O)N=C(N)C32)cc1,CHEMBL1276780,0.4379160414021316,1
O=C(N/N=C/c1ccc(-n2ccnc2)cc1)c1ccc(CN2CCCC(O)C2)cc1,CHEMBL4164436,0.4379102012430999,1
O=C1CCC(c2ccc(NC3=NCCN3)cc2)=NN1,CHEMBL58240,0.43790981539392704,1
O=C1C=C(/C=C/c2ccc(O)cc2)N(CCO)C(c2ccc(O)cc2)C1,CHEMBL3972116,0.4379062310425513,1
Nc1cccc(-c2ccc3oc(=O)c4[nH]c(=O)n(-c5ccccc5)c4c3c2)c1,CHEMBL3780911,0.4379045307443365,1
CN1CCN(C2CCc3nc(NC(=O)c4cccc(OCC(=O)Nc5ccc(C#N)cc5)c4)sc3C2)CC1,CHEMBL3704395,0.4378836166194524,1
CN1CCNC(=O)C12CCN(C(=O)c1ccc3[nH]c(=O)[nH]c3c1)CC2,CHEMBL3478423,0.4378762503960529,1
Cc1cccc(-c2c(C(N)=O)c3n(c2Cl)CCN(C(=O)NC(C)(C)C)C3)c1,CHEMBL3897060,0.4378760441614579,1
CC(C)(C)NC(=O)N1CCn2c(Cl)c(-c3cccc(F)c3)c(C(N)=O)c2C1,CHEMBL3934271,0.4378760441614579,1
CC(C)(C)NC(=O)N1CCn2cc(-c3ccccc3)c(C(N)=O)c2C1,CHEMBL3939680,0.4378760441614579,1
CC(C)(C)NC(=O)N1CCn2c(Br)c(-c3cccc(F)c3)c(C(N)=O)c2C1,CHEMBL3921116,0.4378760441614579,1
Cc1c(-c2ccccc2)c(C(N)=O)c2n1CCN(C(=O)NC(C)(C)C)C2,CHEMBL3910910,0.4378760441614579,1
CC(C)(NC(=O)N1CCn2c(Cl)c(-c3cccc(F)c3)c(C(N)=O)c2C1)C(F)(F)F,CHEMBL3930764,0.4378760441614579,1
CC(C)(C)NC(=O)N1CCn2c(F)c(-c3ccccc3)c(C(N)=O)c2C1,CHEMBL3980570,0.4378760441614579,1
CC(C)(C)NC(=O)N1CCn2c(Cl)c(-c3ccccc3)c(C(N)=O)c2C1,CHEMBL3936177,0.4378760441614579,1
Cc1cc(O)cc(C)c1C[C@H](N)C(=O)N1Cc2ccccc2C[C@H]1C(=O)NCc1nc(-c2ccccc2)c[nH]1,CHEMBL259917,0.4378758591065295,1
O=C1Nc2ccc(-c3cn[nH]c3)cc2C(CNC(=O)c2ccc(F)cc2)(C(F)(F)F)O1,CHEMBL571698,0.4378678182818915,1
CN(C)CCN1CCN(c2c3ccccc3nc3c2[nH]c2ccccc23)CC1,CHEMBL2178565,0.43785905008495823,1
NCCCC[C@@H](C(=O)NCc1ccccc1)N1Cc2[nH]c3ccccc3c2C[C@@H](NC(=O)CCc2ccccc2)C1=O,CHEMBL448026,0.4378561305064646,1
CC(C)c1cccc(NC(=O)c2cccc(N3Cc4cnc(N)nc4C3)c2)c1,CHEMBL3702642,0.43784990164926596,1
CC1(C)C=C(COc2ccc(-c3nc4c(C(N)=O)cccc4[nH]3)cc2)C(C)(C)N1O,CHEMBL459994,0.4378430205647029,1
O=C(NCC1(O)CC1)c1ccc(NC(=O)N2Cc3ccccc3C2)cc1,CHEMBL3910353,0.4378378378378376,1
CN(Cc1ccccn1)C(=O)c1ccc2[nH]c3c4c(c5c(c3c2c1)CNC5=O)CCC4,CHEMBL202848,0.4378348005244426,1
COC(=O)Nc1nc2cc(C3(O)c4ccccc4C(=O)N3CC3CC3)ccc2[nH]1,CHEMBL3955283,0.4378285931462593,1
COC(=O)Nc1nc2cc(C3(O)c4ccccc4C(=O)N3CC3CCCCC3)ccc2[nH]1,CHEMBL3957394,0.4378285931462593,1
COC(=O)Nc1nc2cc(C3(O)c4ccccc4C(=O)N3CC3CCCC3)ccc2[nH]1,CHEMBL3936719,0.4378285931462593,1
COC(=O)Nc1nc2cc(C3(O)c4ccccc4C(=O)N3CC3CCC3)ccc2[nH]1,CHEMBL3909984,0.4378285931462593,1
Cc1cc(COC(=O)NCc2ccc(-c3cc(NC(=O)c4ccc(N5CCN(C)CC5)cc4)[nH]n3)cc2)no1,CHEMBL2063331,0.4378239834120494,1
Cc1ccc2oc(=O)c3cc(C(=O)NCCN4CCN(C)CC4)sc3c2c1,CHEMBL1469926,0.43781247259012374,1
COc1cc(NC(=O)C(=O)NC(C)(C)C)ccc1-c1ocnc1Cc1ccccc1,CHEMBL45230,0.43780774994647814,1
COc1ccc2c(c1)C(=O)N(C[C@@]1(C#Cc3ccc4[nH]ccc4c3)NC(=O)NC1=O)C2,CHEMBL1288241,0.43780526935006586,1
COc1ccc2c(c1)C(=O)N(C[C@@]1(C#Cc3ccc4cc[nH]c4c3)NC(=O)NC1=O)C2,CHEMBL1288267,0.43780526935006586,1
CN1CCN(c2ccc(-c3ccncc3)cc2NC(=O)c2ccc(F)c(N)c2)CC1,CHEMBL3884903,0.43780343519236253,1
CC(=O)NCCOc1cccc(CN2CCCC(Nc3ccc4[nH]ncc4c3)C2)c1,CHEMBL3689449,0.43780063028694616,1
CC(C)(C)c1[nH]cnc1/C=c1\[nH]c(=O)/c(=C/c2cccc(C(=O)c3ccccn3)c2)[nH]c1=O,CHEMBL4226910,0.43779693823684646,1
CC(C)(C)c1[nH]cnc1/C=c1\[nH]c(=O)/c(=C/c2cccc(C(=O)c3ccco3)c2)[nH]c1=O,CHEMBL4225738,0.43779693823684646,1
CN(C)CCOc1ccc2[nH]c(C(=O)c3cc4ccccc4[nH]3)cc2c1,CHEMBL269586,0.43779355543418885,1
CC(C)Oc1ccc2sc(NC(=O)c3csc(N=C(N)N)n3)nc2c1,CHEMBL555551,0.4377862856361523,1
CC(C)[C@@H](CN1CCC(c2ccccn2)CC1)NC(=O)[C@H]1Cc2ccc(O)cc2CN1,CHEMBL3814613,0.4377815806936052,1
O=C(OC1CCNCC1)c1ccc2c(c1)-c1cc(Cl)c3cccnc3c1NS2(=O)=O,CHEMBL3895690,0.437779002480022,1
O=C(OC1CCNC1)c1ccc2c(c1)-c1cc(Cl)c3cccnc3c1NS2(=O)=O,CHEMBL3939556,0.437779002480022,1
N=C1c2ccccc2CN1NC(=O)c1cccc(S(=O)(=O)N2CCOCC2)c1,CHEMBL1597407,0.43775415896487957,1
O=C1NCN([C@H]2CC[C@H](CN3CC[C@@H](F)C3)CC2)c2c1cnc1[nH]ccc21,CHEMBL3893600,0.4377187740117818,1
Cc1cc(O)cc(C)c1C[C@H](N)C(=O)N1Cc2ccccc2C[C@H]1C(=O)NCc1nc2ccccc2s1,CHEMBL258704,0.4377095142317301,1
Cc1cc(O)cc(C)c1C[C@H](N)C(=O)N1Cc2ccccc2C[C@H]1C(=O)NCc1nc2ccccc2o1,CHEMBL258458,0.4377095142317301,1
N=C(N)c1ccc2c(c1)c(CCO)cn2CC(=O)N1CCC(Cc2ccccc2)CC1,CHEMBL175398,0.43769852438583073,1
CC1(C)Oc2ccc(C#N)cc2C(NC(=O)c2ccc3ccccc3c2)[C@@H]1O,CHEMBL327688,0.43769614993590567,1
O=C(Nc1ccccc1)c1cc2cc(CN3CCOCC3)ccc2oc1=O,CHEMBL3763890,0.4376800460917992,1
CN1CCCC1CCNC(=O)c1cccn2c(=O)c3cc4ccccc4cc3nc12,CHEMBL3289411,0.437674310505113,1
CN1C(=O)c2ccccc2C(C(=O)NCc2ccco2)C1c1c[nH]c2ccccc12,CHEMBL1438568,0.43767401524487637,1
C[C@H]1CCCN(c2ncnc3[nH]cc(-c4ccc5c(c4)CNC5=O)c23)C1,CHEMBL3891128,0.43767027160901506,1
C[C@H]1CCCN(c2ncnc3[nH]cc(-c4ccc5c(c4)C(=O)NC5)c23)C1,CHEMBL3975005,0.43767027160901506,1
C[C@H](NC(=O)C1CCC(=O)N1)c1ccc(CN2CCc3cc(OC[C@@H]4CC4(F)F)ccc3C2)cc1,CHEMBL3959323,0.4376695772285528,1
C[C@H](NC(=O)[C@@H]1CCC(=O)N1)c1ccc(CN2Cc3ccc(OCC4CC4)cc3C(F)C2)cc1,CHEMBL3921448,0.4376695772285528,1
C[C@H](NC(=O)C1CCC(=O)N1)c1ccc(CN2Cc3ccc(OCC4CC4)cc3C(F)C2)cc1,CHEMBL3901172,0.4376695772285528,1
C[C@H](NC(=O)[C@H]1CCC(=O)N1)c1ccc(CN2Cc3ccc(OCC4CC4)cc3C(F)C2)cc1,CHEMBL3905840,0.4376695772285528,1
O=C(CN1CCCN(Cc2ccccc2)CC1)Nc1ccc2c(c1)CCc1n[nH]c(=O)n1-2,CHEMBL2059090,0.43765047135605517,1
Cc1ccc(CN2CCN(CC(=O)Nc3ccc4c(c3)CCc3n[nH]c(=O)n3-4)CC2)cc1,CHEMBL2058853,0.43765047135605517,1
O=C(CN1CCCN(Cc2ccc(Cl)cc2)CC1)Nc1ccc2c(c1)CCc1n[nH]c(=O)n1-2,CHEMBL2059089,0.43765047135605517,1
O=C(CN1CCN(Cc2cccc(Br)c2)CC1)Nc1ccc2c(c1)CCc1n[nH]c(=O)n1-2,CHEMBL2058561,0.43765047135605517,1
O=C(CN1CCN(Cc2ccccc2Cl)CC1)Nc1ccc2c(c1)CCc1n[nH]c(=O)n1-2,CHEMBL2058557,0.43765047135605517,1
O=C(CN1CCN(Cc2ccc(Br)cc2)CC1)Nc1ccc2c(c1)CCc1n[nH]c(=O)n1-2,CHEMBL2058562,0.43765047135605517,1
O=C(CN1CCN(Cc2cccc(Cl)c2)CC1)Nc1ccc2c(c1)CCc1n[nH]c(=O)n1-2,CHEMBL2058558,0.43765047135605517,1
O=C(CN1CCN(Cc2ccccc2F)CC1)Nc1ccc2c(c1)CCc1n[nH]c(=O)n1-2,CHEMBL2058554,0.43765047135605517,1
O=C(CN1CCN(Cc2cccc(F)c2)CC1)Nc1ccc2c(c1)CCc1n[nH]c(=O)n1-2,CHEMBL2058555,0.43765047135605517,1
O=C(CN1CCN(Cc2ccccc2Br)CC1)Nc1ccc2c(c1)CCc1n[nH]c(=O)n1-2,CHEMBL2058560,0.43765047135605517,1
O=C(CN1CCN(Cc2ccc(Cl)cc2)CC1)Nc1ccc2c(c1)CCc1n[nH]c(=O)n1-2,CHEMBL2058559,0.43765047135605517,1
O=C(CN1CCN(Cc2c(Cl)cccc2Cl)CC1)Nc1ccc2c(c1)CCc1n[nH]c(=O)n1-2,CHEMBL2058564,0.43765047135605517,1
O=C(CN1CCN(Cc2ccc(F)cc2)CC1)Nc1ccc2c(c1)CCc1n[nH]c(=O)n1-2,CHEMBL2058556,0.43765047135605517,1
Cc1ccc(CN2CCCN(CC(=O)Nc3ccc4c(c3)CCc3n[nH]c(=O)n3-4)CC2)cc1,CHEMBL2059091,0.43765047135605517,1
O=C(CN1CCCN(Cc2ccccc2Cl)CC1)Nc1ccc2c(c1)CCc1n[nH]c(=O)n1-2,CHEMBL2059087,0.43765047135605517,1
O=C(CN1CCCN(Cc2cccc(Cl)c2)CC1)Nc1ccc2c(c1)CCc1n[nH]c(=O)n1-2,CHEMBL2059088,0.43765047135605517,1
O=C(CN1CCN(Cc2ccccc2)CC1)Nc1ccc2c(c1)CCc1n[nH]c(=O)n1-2,CHEMBL2058563,0.43765047135605517,1
O=C(NCc1ccc(S(=O)(=O)C2CCN(C3CCOCC3)CC2)cc1)c1cc2cnccc2[nH]1,CHEMBL3394722,0.437645236250968,1
N#Cc1ccc2c(c1)CN(C(=O)Nc1ccc(C(=O)N[C@H](CCO)c3ccccc3)cc1)C2,CHEMBL3972897,0.4376286931954218,1
NC(=O)CCn1cc(CNCCCc2csc(N)n2)c2ccccc21,CHEMBL3477891,0.4376257976103806,1
O=C1c2c(O)cccc2Cc2ccc(Cc3ccc(O)cc3)c(O)c21,CHEMBL46432,0.4376163873370576,1
Nc1nc(-c2ccc(NC(=O)c3cc(F)c(F)c(F)c3)cc2)c[nH]1,CHEMBL3545594,0.43761555269202745,1
Nc1nc(-c2ccc(NC(=O)c3ccc(F)cc3)cc2)c[nH]1,CHEMBL3545635,0.43761555269202745,1
Nc1nc(-c2ccc(NC(=O)c3c(F)c(F)c(F)c(F)c3F)cc2)c[nH]1,CHEMBL3545587,0.43761555269202745,1
Nc1nc(-c2ccc(NC(=O)c3ccc(Cl)cc3)cc2)c[nH]1,CHEMBL3326191,0.43761555269202745,1
Nc1nc(-c2ccc(NC(=O)c3cccc(F)c3)cc2)c[nH]1,CHEMBL3326190,0.43761555269202745,1
Nc1nc(-c2ccc(NC(=O)c3cccc(Br)c3)cc2)c[nH]1,CHEMBL3326197,0.43761555269202745,1
Nc1nc(-c2ccc(NC(=O)c3ccccc3F)cc2)c[nH]1,CHEMBL3326195,0.43761555269202745,1
Nc1nc(-c2ccc(NC(=O)c3ccc(Br)cc3)cc2)c[nH]1,CHEMBL3326196,0.43761555269202745,1
Nc1nc(-c2ccc(NC(=O)c3ccc(C(F)(F)F)cc3)cc2)c[nH]1,CHEMBL3326199,0.43761555269202745,1
COc1cccc(NCc2ccc(C(=O)Nc3ccccc3N)cc2)n1,CHEMBL271641,0.4376081760487924,1
CNCc1ccc(-c2ccc3c(C)cc4n[nH]c(=O)n4c3c2)cc1,CHEMBL1223388,0.43760273668310445,1
O=C(NC1CCc2[nH]c3ccccc3c2C1)c1ccc(N2CCOCC2)cc1,CHEMBL3286718,0.43760173629951177,1
CO[C@H]1CC[C@]2(CC1)Cc1ccc(-c3nccs3)cc1C21N=C(N)N(CCF)C1=O,CHEMBL3889795,0.4375963020030817,1
CO[C@H]1CC[C@]2(CC1)Cc1ccc(-c3ncco3)cc1C21N=C(N)N(CCF)C1=O,CHEMBL3929053,0.4375963020030817,1
Cc1onc2c1CC1(CC2)Cc2ccc(C#CC3CC3)cc2C12N=C(N)N(C)C2=O,CHEMBL3924839,0.4375963020030813,1
O=C1c2ccccc2C(=O)c2c1ccc1nc(CCN3CCN(c4ccccc4)CC3)[nH]c21,CHEMBL2336652,0.4375936345174286,1
Cc1cc(O)cc(C)c1C[C@H](N)C(=O)N1Cc2ccccc2C[C@H]1C(=O)NC(C)(C)C,CHEMBL146108,0.4375818419903968,1
COC1CCC2(CC1)Cc1ccc(-c3cncc(C#N)c3)cc1C21N=C(N)N(C(C)C)C1=O,CHEMBL3943546,0.4375798892202811,1
CC(C)n1nccc1-c1ccc(OCC(O)CN2CCc3ccccc3C2)cc1,CHEMBL3951746,0.4375769298399857,1
COC(=O)N1CCN(C(=O)c2ccc3c(c2)[nH]c2c(C(N)=O)cc(-c4ccc(OC)c(F)c4)cc23)CC1,CHEMBL3649648,0.4375765462339251,1
O=C1CC[C@H](C(=O)Nc2cccc(Cc3n[nH]c(=O)c4c3CCCC4)c2)N1,CHEMBL3921079,0.43757261596210534,1
O=C1CC[C@@H](C(=O)Nc2cccc(Cc3n[nH]c(=O)c4c3CCCC4)c2)N1,CHEMBL3920013,0.43757261596210534,1
COc1ccc(C2SCC(=O)N2CCN2CCNCC2)cc1O,CHEMBL2282236,0.4375568981213272,1
COc1cc(C2SCC(=O)N2CCN2CCNCC2)ccc1O,CHEMBL2282241,0.4375568981213272,1
O=C(NCCN1CCCC1)c1ccc2c(=O)n(CCc3ccccc3)c(=O)[nH]c2c1,CHEMBL1518050,0.4375528854290065,1
CC1CCCCN1CCNC(=O)c1ccc2c(=O)n(CCc3ccccc3)c(=O)[nH]c2c1,CHEMBL1494710,0.4375528854290065,1
COc1ccc2c(c1)C(=O)N1CCc3c([nH]c4ccc(O)cc34)C1S2,CHEMBL3600930,0.43752769162605215,1
NC1(C(=O)N[C@H](Cc2c[nH]c3ccccc23)C(=O)N2CCC3(CCc4ccccc43)CC2)CCCC1,CHEMBL66316,0.43752594437525955,1
NC1(C(=O)N[C@H](Cc2c[nH]c3ccccc23)C(=O)N2CCC3(CCc4ccccc43)CC2)CC1,CHEMBL68521,0.43752594437525955,1
O=C1CCCN1c1cnc2c(N3CCNCC3)cccc2c1,CHEMBL3260797,0.4375242853177907,1
COCCOC[C@@H](NC(=O)N1CCc2cnc(NC(C)C)nc2C1)c1ccc(F)c(Cl)c1,CHEMBL3297854,0.4375144821194096,1
CN(C)CCCn1c(NC(=O)c2ccc3cc4n(c3c2)CC2(CC2)CNC4=O)nc2ccccc21,CHEMBL3949573,0.4375126749138107,1
O=C(Nc1ccc(N2CCNCC2)nc1)c1oc(-c2ccccc2)nc1C(F)(F)F,CHEMBL580352,0.4375116063138345,1
CC(C)CCN1CC[C@H](c2nnc(Cc3c[nH]c4ccccc34)o2)C1,CHEMBL3436828,0.43751084379156774,1
c1ccc2c(Cc3nnc([C@H]4CCN(CC5CC5)C4)o3)c[nH]c2c1,CHEMBL3436829,0.43751084379156774,1
CCC[C@H]1CN(C(=O)c2ccc3[nH]c(CO)nc3c2)C[C@@H]1N,CHEMBL3473595,0.4375068703968337,1
NC(=O)c1c(NC(=O)c2ccc(CN3CCS(=O)(=O)CC3)cc2)sc2c1CCC(CO)C2,CHEMBL4062022,0.43749147920927073,1
O=C(Nc1ccc(C(=O)N2CCN(CC3CCOC3)CC2)cc1)N1Cc2ccccc2C1,CHEMBL3984550,0.4374861203642013,1
Cc1cc(-c2cc(C(=O)NCc3ccccc3)on2)nc(NC2CCCC2)n1,CHEMBL1379431,0.43748346706639607,1
CC1(C)CC(=O)N(c2cc(Cc3n[nH]c(=O)c4c3CCCC4)ccc2F)C1=O,CHEMBL3909998,0.43746602757325687,1
Cc1c[nH]c2ncnc(-c3ccc(NC(=O)Nc4ccccn4)cc3)c12,CHEMBL3410034,0.437462546014896,1
CC(C)(C)c1ccc(O)c(-c2nc3cc(C(=N)N)ccc3[nH]2)c1,CHEMBL40096,0.4374619200974843,1
COCCN1CCC(CNC(=O)c2n[nH]c3ccc(-c4ccc(OC)nc4)cc23)CC1,CHEMBL3735627,0.43745850743937187,1
CNC(=O)c1cc2c(cc1O)[C@@]1(C)Cc3nc(C)oc3C(C)(C)[C@@H]1CC2,CHEMBL4065164,0.43745314608426195,1
CNC(=O)/C=C/c1ccc(-n2nc(C(N)=O)c3c2-c2cc(N)ccc2CC3)cc1,CHEMBL3912200,0.43744222897134544,1
CCCCNC(=O)Nc1ccc(-c2csc3ncnc(N)c23)cc1,CHEMBL363393,0.43744187076486984,1
O=C(Nc1cc(-c2cccnc2)no1)c1ccc2cc3n(c2c1)CCCNC3=O,CHEMBL3902606,0.43742144011492184,1
N=C1S/C(=C\c2c[nH]nc2-c2ccc(C(=O)N3CCOCC3)cc2)C(=O)N1c1nccs1,CHEMBL476155,0.43741270678792,1
CN[C@@H](C)C(=O)N[C@H](C(=O)N1CCc2ccccc2[C@H]1C(=O)Nc1c(F)cccc1F)C1CCOCC1,CHEMBL3892194,0.4374018398025575,1
CN[C@@H](C)C(=O)N[C@H](C(=O)N1Cc2ccccc2[C@H]1C(=O)Nc1c(F)cccc1F)C1CCOCC1,CHEMBL3938350,0.4374018398025575,1
CCS(=O)(=O)Nc1cccc(CN2CCC[C@@H](Nc3ccc4[nH]ncc4c3)C2)c1,CHEMBL3689461,0.4373964764342717,1
CCS(=O)(=O)Nc1cccc(CN2CCC[C@H](Nc3ccc4[nH]ncc4c3)C2)c1,CHEMBL3689462,0.4373964764342717,1
CS(=O)(=O)Nc1cc(CN2CCCC(Nc3ccc4[nH]ncc4c3)C2)ccc1Cl,CHEMBL3689442,0.4373964764342717,1
CS(=O)(=O)Nc1cccc(CN2CCCC(Nc3ccc4[nH]ncc4c3)C2)c1,CHEMBL3689392,0.4373964764342717,1
CS(=O)(=O)Nc1cccc(CN2CCC[C@@H](Nc3ccc4[nH]ncc4c3)C2)c1,CHEMBL3689433,0.4373964764342717,1
CS(=O)(=O)Nc1cccc(CN2CCC[C@H](Nc3ccc4[nH]ncc4c3)C2)c1,CHEMBL3689431,0.4373964764342717,1
CS(=O)(=O)Nc1cccc(CN2CC[C@H](Nc3ccc4[nH]ncc4c3)C2)c1,CHEMBL3689435,0.4373964764342717,1
CCS(=O)(=O)Nc1cccc(CN2CCCC(Nc3ccc4[nH]ncc4c3)C2)c1,CHEMBL3689458,0.4373964764342717,1
CS(=O)(=O)Nc1cccc(CN2CC[C@@H](Nc3ccc4[nH]ncc4c3)C2)c1,CHEMBL3689437,0.4373964764342717,1
CS(=O)(=O)Nc1cccc(CN2CCC(Nc3ccc4[nH]ncc4c3)C2)c1,CHEMBL3689427,0.4373964764342717,1
COc1cc2c(cc1CC=C(C)C)/C(=N/NC(N)=O)C[C@@H](c1ccc(O)cc1)O2,CHEMBL4177169,0.43739398612181946,1
Nc1ccc(-c2ccc(C(=O)O)cc2)cc1NC(=O)c1cccnc1,CHEMBL269947,0.4373931920003694,1
COc1ccc2c(c1)/C(=N\N=C(N)N)C(Sc1nc3ccccc3s1)C2,CHEMBL550813,0.4373704471424341,1
COc1ccc(-c2nc(CN)cc3c2[nH]c2ccccc23)cc1,CHEMBL3604564,0.4373646300307258,1
CCO[C@H]1CN(C)C[C@@H]1NC(=O)Nc1cc2[nH]nc(-c3ccc(F)cc3)c2cn1,CHEMBL3658687,0.43736444544162734,1
CO[C@@H]1CN(C)C[C@H]1NC(=O)Nc1cc2[nH]nc(-c3ccc(F)cc3)c2cn1,CHEMBL3658686,0.43736444544162734,1
CO[C@H]1CN(C)C[C@@H]1NC(=O)Nc1cc2[nH]nc(-c3ccc(F)cc3)c2cn1,CHEMBL3658685,0.43736444544162734,1
CCO[C@@H]1CN(C)C[C@H]1NC(=O)Nc1cc2[nH]nc(-c3ccc(F)cc3)c2cn1,CHEMBL3658688,0.43736444544162734,1
O=C(c1cccnc1)N1C[C@H]2[C@@H](c3ccccc31)[C@@H](CO)N2C(=O)Nc1ccc(F)cc1,CHEMBL2355680,0.43736117281208337,1
NC(=O)c1ccc(NC(=O)CSc2cn(CC(=O)N3CCOCC3)c3ccccc23)cc1,CHEMBL1558200,0.4373556433814093,1
N#Cc1cccc(C(=O)Nc2cccc(-c3ccc(C(=O)NCCCN4CCOCC4)cc3)c2)c1,CHEMBL526592,0.43735297125907724,1
O=C(Nc1ccc(C(=O)N2CCOCC2)cc1)c1n[nH]c2ccccc12,CHEMBL3792878,0.43735224586288396,1
CN1CCN(C(=O)c2ccc(-c3cn4c(-c5ccc(C(=O)O)cc5)cnc4cn3)cc2)CC1,CHEMBL4217366,0.4373520904549041,1
CC(=O)Nc1ccc(-c2ccnc3c2CC(C)(C(=O)NCCN(C)C)O3)cc1,CHEMBL2354709,0.4373493406437583,1
O=c1cc(-c2ccnc(NC3CCOCC3)c2)ccn1C(CO)c1ccc(Cl)c(F)c1,CHEMBL3409596,0.43733835808763744,1
Nc1cc(-c2ccc(-c3ccc4c(c3)COC4=O)s2)ccc1C(=O)NCCN1CCOCC1,CHEMBL3752120,0.4373271267624637,1
O=C(Nc1cc[nH]n1)c1cccc(OCC(O)CN2CCc3ccccc3C2)c1,CHEMBL3945461,0.43732399726006527,1
O=C(NO)c1ccc2c(c1)C(=O)CC1(CCN(Cc3ccccc3)CC1)O2,CHEMBL1938427,0.43731494797394455,1
O=c1cc(-c2ccccc2)[nH]c2ccc3c(ccn3CCCO)c12,CHEMBL3623607,0.4373088685015289,1
Clc1c[nH]nc1-c1nc(-c2ccc(N3CCNCC3)cc2)no1,CHEMBL3628589,0.43730684326710795,1
COc1cccc(CN(C)C(=O)c2cc3ccc(-c4cn[nH]c4)nc3[nH]2)c1,CHEMBL1922042,0.43730646092478864,1
O=c1[nH]c(-c2cccn(C[C@@H]3CNCCO[C@H]3c3ccc(Cl)c(F)c3)c2=O)no1,CHEMBL3818345,0.43729983631058267,1
CN1C(=O)Cc2ccc(-c3cnc(CC(C#N)NC(=O)[C@H]4N[C@@H]5CC[C@H]4C5)s3)cc21,CHEMBL3657571,0.4372995710299444,1
Nc1nc2c(-c3cnc4ccccc4c3)nccc2[nH]1,CHEMBL2153266,0.43729834372983445,1
CC(C)NC(=O)C1CCc2c(sc3ncnc(Nc4ccc5[nH]c(=O)sc5c4)c23)C1,CHEMBL3964540,0.4372978625100311,1
NC(=O)c1c(-c2cccc(F)c2)c(Cl)n2c1CN(C(=O)NCC1(CO)CC1)CC2,CHEMBL3948816,0.4372968180474829,1
O=C(CNC(=O)c1ccccc1)Nc1cccc(Cc2n[nH]c(=O)c3c2CCCC3)c1,CHEMBL3974297,0.43729395923294784,1
N#Cc1ccc(C(=O)Nc2cc(CNC(=N)N)ccc2N2CCCCC2)o1,CHEMBL400753,0.4372801058975162,1
Nc1cccc(Nc2ccc3c(c2)NC(=O)/C3=C\c2ccc[nH]2)c1,CHEMBL2037216,0.4372783096227925,1
CNC(=O)N1C[C@H](C(=O)N2CCCC2)C=C2c3cccc4[nH]cc(c34)C[C@H]21,CHEMBL1809031,0.43727810650887555,1
Cc1cc(C(=O)N2Cc3cnn(C)c3Nc3ccccc32)ccc1CNC(=O)NCC(=S)N(C)C,CHEMBL4217872,0.4372722876027728,1
N[C@H]1CCCN(Cc2n[nH]c3cnc(-c4cccnc4)cc23)C1,CHEMBL3927899,0.437270989326111,1
NC1CCN(Cc2n[nH]c3cnc(-c4cccnc4)cc23)CC1,CHEMBL3944164,0.437270989326111,1
N[C@@H]1CCCN(Cc2n[nH]c3cnc(-c4cccnc4)cc23)C1,CHEMBL4107898,0.437270989326111,1
O=C1NCCC12CCN(c1c(Cl)cncc1-c1ccc(-c3cn[nH]c3)cc1)CC2,CHEMBL3408212,0.43726919799261393,1
O=C(Cc1ccc2ccccc2c1)Nc1n[nH]c2ccc(N3CCCS3(=O)=O)cc12,CHEMBL254979,0.4372683013980077,1
O=C1NC(c2c[nH]c3ccc(O)cc23)=C/C1=C1\C(=O)Nc2ccccc21,CHEMBL1652263,0.4372650375939849,1
O=C1NC(=O)C(Cc2ccc(N3CCC(NC[C@H](O)c4cccc(Cl)c4)CC3)cc2)S1,CHEMBL162380,0.43726474278544514,1
COc1ccc2cc(C(=O)N[C@H](CCCNC(=N)N)C(=O)NCc3ccc(C(F)(F)F)cc3)ccc2c1,CHEMBL217403,0.4372597214344238,1
NCCCNC(=O)c1ccc2[nH]c(=O)c3c(c2c1)CCSC3,CHEMBL2237235,0.4372577916052618,1
O=C(Nc1nc2ccccc2[nH]1)C1CC(=O)N(c2ccc3c(c2)OCCO3)C1,CHEMBL1319908,0.4372559366754617,1
NC(=O)Nc1ccc2[nH]c(=O)c(Nc3cccc(NC(=O)N4CCCC4)c3)cc2c1,CHEMBL3310921,0.43725038153066853,1
CC(=O)Nc1cccc(-c2c[nH]c(/C=C3\C(=O)Nc4ccc(NC(N)=O)cc43)c2)c1,CHEMBL374611,0.43724850049350833,1
CNC(=O)c1cc(Oc2ccc(NC(=O)Nc3cccc(CCN)c3)c(F)c2)ccn1,CHEMBL4211751,0.437217099748533,1
O=C1NC(=S)N/C1=C\c1csnc1-c1ccc2c(c1)COC2=O,CHEMBL1934377,0.43721393936647485,1
N=C(N)c1ccc(NC(=O)c2ccc3c(c2)CC(CC(=O)O)CC3)cc1,CHEMBL423326,0.4372062417747694,1
NC(=O)c1ccc2[nH]nc(-c3cccc(NC(=O)c4ccco4)c3)c2c1,CHEMBL3913381,0.43719249357774187,1
O=C(Nc1c[nH]nc1C(=O)Nc1ccc(CN2CCOCC2)cc1)c1ccccc1,CHEMBL4078605,0.4371762900441202,1
O=C(O)[C@@H]1CSc2c(C3CC3)c(Cc3ccc4[nH]ccc4c3)cc(=O)n21,CHEMBL1761550,0.43716394306800205,1
Cc1nc(C)c(C(=O)Nc2n[nH]c3c2CN(C(=O)N2C[C@@H](C)N(CCCO)C[C@@H]2C)C3(C)C)o1,CHEMBL3662865,0.437161967548885,1
NC(=O)c1ccccc1Nc1ccnc(Oc2ccc(N3CCNCC3)cc2)c1,CHEMBL1923185,0.4371511498102256,1
COc1ccc(F)c(-c2c[nH]c(-c3cccc(CN4CCOCC4)c3)n2)c1,CHEMBL1644734,0.4371505125815466,1
CN(C[C@H]1N[C@@H](CO)[C@@H]1c1ccc(C2=CCCC2)cc1)C(=O)c1ccncc1,CHEMBL2354539,0.437149455625206,1
O=C(CN1CCN(C(=O)c2cc(Cc3n[nH]c(=O)c4c3NCCC4)ccc2F)CC1)N1CCCC1,CHEMBL3959338,0.43712979654906,1
Nc1ccccc1NC(=O)/C=C/c1ccc(NCc2ccncc2)nc1,CHEMBL378696,0.43712625641460606,1
Oc1cc2ccc3c(c2cc1O)CCc1cn[nH]c1-3,CHEMBL3273907,0.43712334270791475,1
c1ccc(COC[C@@H]2CCN(CCc3c[nH]c4ccc(-n5cnnc5)cc34)C2)cc1,CHEMBL326371,0.43711027970782096,1
Nc1ncc2[nH]ccc2c1C#Cc1ccc(C2=NCCN2)cc1,CHEMBL4100557,0.43709754094818254,1
CN1CCN(C(=O)c2c(NC(=O)NS(=O)(=O)c3ccccc3)sc3c2CCCCC3)CC1,CHEMBL576730,0.43709323218207213,1
COCC(=O)Nc1ccc2[nH]nc(-c3cc4ccc(OC)cc4[nH]3)c2c1,CHEMBL1684509,0.437092419522326,1
CC[C@H](C)[C@H](NC(=O)[C@H](C)NC)C(=O)N1CCc2ccccc2[C@H]1C(=O)Nc1c(F)cccc1F,CHEMBL3926243,0.43708544674209887,1
CC[C@H](C)[C@H](NC(=O)[C@H](C)NC)C(=O)N1Cc2ccccc2[C@H]1C(=O)Nc1c(F)cccc1F,CHEMBL3897678,0.43708544674209887,1
O=C(CN1C(=O)C(NC(=O)c2cc3cc(Cl)sc3[nH]2)Cc2ccccc21)NO,CHEMBL233034,0.4370770828112133,1
O=C1NC(c2ccc(O)cc2)c2c(-c3ccccc3)n[nH]c21,CHEMBL3609710,0.4370755275992523,1
N[C@H]1CCCC[C@@H]1NC(=O)c1cc(Cc2n[nH]c(=O)c3c2NCCC3)ccc1F,CHEMBL3975402,0.43706976595267844,1
O=C(NC[C@@H](O)CN1CCC(Oc2ccc(Cl)c(Cl)c2)CC1)c1cc(=O)[nH]c2ccccc12,CHEMBL2208434,0.43704971540023074,1
CCN(CC)CCN1CCCc2[nH]c(/C=C3\C(=O)Nc4ccc(F)cc43)c(C)c2C1=O,CHEMBL1276981,0.4370483906284212,1
CCN(CC)CCN1CCc2[nH]c(/C=C3\C(=O)Nc4ccc(F)cc43)c(C)c2C1=O,CHEMBL1278146,0.4370483906284212,1
Cc1c(/C=C2\C(=O)Nc3ccc(F)cc32)[nH]c2c1C(=O)N(CCN(C)C)CC2,CHEMBL1278234,0.4370483906284212,1
CCN(CC)CCN1CCc2[nH]c(/C=C3\C(=O)Nc4ccc(Cl)cc43)c(C)c2C1=O,CHEMBL1278147,0.4370483906284212,1
CCN(CC)CCN1CCc2[nH]c(/C=C3\C(=O)Nc4ccc(Br)cc43)c(C)c2C1=O,CHEMBL1278233,0.4370483906284212,1
COc1ccc2c(CN3CCC(N)CC3)cc3cc4c(cc3c2c1)OCO4,CHEMBL3217114,0.4370355425535492,1
COc1ccc2c(CN3CCC[C@H](N)C3)cc3cc4c(cc3c2c1)OCO4,CHEMBL1197188,0.4370355425535492,1
CC(NC(=O)c1[nH]c2ccc(CCN3C(=O)NC(C)(C)C3=O)cc2c1CCN(C)C)c1ccccc1,CHEMBL85038,0.4370341463414632,1
CN(C)CCc1c(C(=O)NCc2ccc(Cl)cc2)[nH]c2ccc(CCN3C(=O)NC(C)(C)C3=O)cc12,CHEMBL315533,0.4370341463414632,1
CN(C)CCc1c(C(=O)NCc2cccc(Cl)c2)[nH]c2ccc(CCN3C(=O)NC(C)(C)C3=O)cc12,CHEMBL314347,0.4370341463414632,1
CN(C)CCc1c(C(=O)NCc2ccccc2)[nH]c2ccc(CCN3C(=O)NC(C)(C)C3=O)cc12,CHEMBL86223,0.4370341463414632,1
Cc1ccc(CNC(=O)c2[nH]c3ccc(CCN4C(=O)NC(C)(C)C4=O)cc3c2CCN(C)C)cc1,CHEMBL431206,0.4370341463414632,1
CN(C)CCc1c(C(=O)NCc2ccccc2Cl)[nH]c2ccc(CCN3C(=O)NC(C)(C)C3=O)cc12,CHEMBL315734,0.4370341463414632,1
CN(C)CCc1c(C(=O)NCc2ccc(F)cc2)[nH]c2ccc(CCN3C(=O)NC(C)(C)C3=O)cc12,CHEMBL310804,0.4370341463414632,1
COc1cccc(CN(C)C(=O)Nc2ccc(-c3cn[nH]c3)cc2OCCN(C)C)c1,CHEMBL3402459,0.4370331100293988,1
COc1cccc(CN(C)C(=O)Nc2ccc(-c3cn[nH]c3)cc2N(C)CCN(C)C)c1,CHEMBL3402461,0.4370331100293988,1
Cc1n[nH]c2cnc(-c3cncc(OC[C@@H](N)Cc4cccc(OCC5CCNCC5)c4)c3)cc12,CHEMBL576372,0.43703201302224676,1
CN[C@@H](C)C(=O)N[C@@H]1C(=O)N(Cc2c(C)cnc3ccccc23)c2ccccc2N(C(C)=O)[C@H]1C,CHEMBL3908839,0.4370289418148928,1
Cc1c(Cn2ncc(N3CCNCC3)cc2=O)cccc1NC(=O)c1ccc(-c2ccccc2)cc1,CHEMBL477008,0.437028840168753,1
c1ccc(Oc2ccc(-c3cc(N4CCNCC4)[nH]n3)cc2)cc1,CHEMBL238442,0.4370078740157478,1
N=C(N)NC(=O)c1ccc(-c2ccccc2Oc2ccccc2)o1,CHEMBL189048,0.43700621756813596,1
O=C1C(S(=O)(=O)c2ccc(-c3nc4cc(F)ccc4[nH]3)cc2)CCCCN1O,CHEMBL255756,0.43700484404002,1
CNC(=O)c1cccc(-c2ccc3[nH]c(=O)nc(-c4ccccc4)c3c2)c1,CHEMBL4097116,0.4369991095280497,1
O=C(Nc1ccc(F)c(-c2nc3cc(-c4cncnc4)cnc3[nH]2)c1)N1CCCC1,CHEMBL3115806,0.4369866139336779,1
CN(C)CC(=O)Nc1cccc(-c2n[nH]c3ccc(C(N)=O)cc23)c1,CHEMBL3889989,0.4369836190840059,1
Cc1cccc(CN2CCc3[nH]c(-c4ccnc(NC5CCOCC5)n4)cc3C2=O)n1,CHEMBL4068705,0.43697694552217287,1
N#Cc1cc2c(cc1C(=O)N[C@H](CO)c1ccccc1)/C(=C/c1ccc[nH]1)C(=O)N2,CHEMBL4104212,0.4369739093989032,1
O=C(Nc1ccc(C2=NCCN2)cn1)c1sc2ccccc2c1Cl,CHEMBL500064,0.4369715813014781,1
CCn1c(=O)c2cn[nH]c2c2ccc(-c3ccnc(N4CCNCC4)c3)cc21,CHEMBL3911663,0.4369605333650814,1
O=c1c2cn[nH]c2c2ccc(-c3ccnc(N4CCNCC4)c3)cc2n1CC(F)(F)F,CHEMBL3934094,0.4369605333650814,1
CCn1c(=O)c2cn[nH]c2c2ccc(-c3ccc(N4CCNCC4)nc3)cc21,CHEMBL3928887,0.4369605333650814,1
O=c1c2cn[nH]c2c2ccc(-c3ccc(N4CCNCC4)nc3)cc2n1CC(F)(F)F,CHEMBL3935543,0.4369605333650814,1
Cc1noc(-c2cc3cc(-c4nc(C(=O)NCc5ccc(=O)[nH]c5)[nH]c4C)ccc3[nH]2)n1,CHEMBL3665974,0.4369393613204162,1
CNC(=O)CN1C(=O)C(NC(=O)c2cc3cc(Cl)sc3[nH]2)Cc2ccccc21,CHEMBL232829,0.43693001823941624,1
NC(=O)CN1C(=O)C(NC(=O)c2cc3cc(Cl)sc3[nH]2)Cc2ccccc21,CHEMBL395955,0.43693001823941624,1
CN(C)CCC(=O)Nc1n[nH]c2ncc(-c3ccc(O)cc3)cc12,CHEMBL4203011,0.43692395143936,1
CC(C)Cn1c(CN)c(-c2ccccc2)c2cc(CCC(N)=O)ccc2c1=O,CHEMBL1812911,0.43691786621507184,1
CC(C)Cn1c(CN)c(-c2ccccc2)c2cc(/C=C/C(N)=O)ccc2c1=O,CHEMBL1812910,0.43691786621507184,1
COc1ccc(C(=O)NC(=O)Nc2ccc3c(c2)NC(=O)/C3=C/c2ccccn2)cc1,CHEMBL3330975,0.4369060286940885,1
COc1ccc(C(=O)NC(=O)Nc2ccc3c(c2)NC(=O)/C3=C/c2ccco2)cc1,CHEMBL3361347,0.4369060286940885,1
Cn1cccc1CNC(=O)c1[nH]nc2c1CC1C3CCc4cc(O)ccc4C3CC[C@]21C,CHEMBL434950,0.4369040550452307,1
Cc1cc(C)c(/C=C2\C(=O)Nc3cc(-c4cnc5ccnn5c4)ccc32)[nH]1,CHEMBL3728807,0.436898967113855,1
COc1ccccc1NC(=O)CN1C(=O)C2(SCC(=O)N2c2ccc(F)c(F)c2)c2ccccc21,CHEMBL1456735,0.43689828801611275,1
N#CCc1cc2c(-c3cccc(N4CCNCC4)n3)n[nH]c2cn1,CHEMBL3898594,0.4368949444245249,1
O=C(Nc1ccccc1N1CCNCC1)c1csc(-n2ccnc2)n1,CHEMBL2381244,0.4368890777730555,1
CN(C)C(=O)c1ccc2c(c1)CC(c1nc3ccc(-c4ccnc(N)n4)cc3[nH]1)CO2,CHEMBL1087423,0.4368854333409558,1
CC(C)Oc1ccc(C[C@H]2COC(=O)N2c2ccc3[nH]cnc3c2)cc1,CHEMBL3930656,0.43688254665203063,1
CC[C@@](C)(CO)CNC(=O)[C@@H]1C=C2c3cccc4[nH]cc(c34)C[C@H]2N(C)C1,CHEMBL97518,0.43688012074169874,1
CCn1c(=O)c2cn[nH]c2c2ccc(-c3cccc(C(=O)NCCCN(C)C)c3)cc21,CHEMBL3966570,0.4368799453749448,1
CC1CN(c2c(F)cc3c(=O)c(C(=O)O)cn(-c4ccc(F)cc4F)c3c2C(F)(F)F)CCN1,CHEMBL143313,0.43687250455479304,1
Cc1cc(F)ccc1-n1cc(C(=O)O)c(=O)c2cc(F)c(N3CCNCC3)cc21,CHEMBL418984,0.43687250455479304,1
Cc1ccc(-n2cc(C(=O)O)c(=O)c3cc(F)c(N4CCNCC4)cc32)cc1,CHEMBL409047,0.43687250455479304,1
CC1CN(c2ccc3c(=O)c(C(=O)O)cn(-c4c(F)cccc4F)c3c2)CC(C)N1,CHEMBL2260183,0.43687250455479304,1
Cc1ccc(-n2cc(C(=O)O)c(=O)c3cc(F)c(N4CC(C)NC(C)C4)cc32)c(F)c1,CHEMBL328416,0.43687250455479304,1
CC1CN(c2cc3c(cc2F)c(=O)c(C(=O)O)cn3-c2ccc(F)cc2F)CCN1,CHEMBL277100,0.43687250455479304,1
CC1CN(c2c(F)cc3c(=O)c(C(=O)O)cn(-c4ccc(F)cc4F)c3c2Cl)CCN1,CHEMBL357158,0.43687250455479304,1
Cc1ccc(-n2cc(C(=O)O)c(=O)c3cc(F)c(N4CCNCC4)cc32)c(C)c1,CHEMBL265263,0.43687250455479304,1
Cc1c(F)c(N2CCNCC2)cc2c1c(=O)c(C(=O)O)cn2-c1ccc(F)cc1F,CHEMBL15829,0.43687250455479304,1
Cc1cc(F)ccc1-n1cc(C(=O)O)c(=O)c2cc(F)c(N3CC(C)NC(C)C3)cc21,CHEMBL101990,0.43687250455479304,1
Cc1ccccc1-n1cc(C(=O)O)c(=O)c2cc(F)c(N3CC(C)NC(C)C3)cc21,CHEMBL100669,0.43687250455479304,1
O=C(O)c1cn(-c2ccc(F)cc2)c2cc(N3CCNCC3)c(F)cc2c1=O,CHEMBL1730031,0.43687250455479304,1
Cc1ccccc1-n1cc(C(=O)O)c(=O)c2cc(F)c(N3CCNCC3)cc21,CHEMBL100594,0.43687250455479304,1
Cc1ccc(-n2cc(C(=O)O)c(=O)c3cc(F)c(N4CC(C)NC(C)C4)cc32)cc1,CHEMBL98794,0.43687250455479304,1
C[C@@H]1CN(c2cc3c(cc2F)c(=O)c(C(=O)O)cn3-c2ccc(F)cc2F)CCN1,CHEMBL49282,0.43687250455479304,1
O=C(O)c1cn(-c2ccccc2F)c2cc(N3CCNCC3)c(F)cc2c1=O,CHEMBL102563,0.43687250455479304,1
O=C(O)c1cn(C2CC=CC2)c2cc(N3CCNCC3)c(F)cc2c1=O,CHEMBL151265,0.43687250455479304,1
CCC1CN(c2ccc3c(=O)c(C(=O)O)cn(-c4c(F)cccc4F)c3c2)CCN1,CHEMBL2260184,0.43687250455479304,1
O=C(O)c1cn(-c2ccccc2)c2cc(N3CCNCC3)c(F)cc2c1=O,CHEMBL38394,0.43687250455479304,1
O=C(O)c1cn(-c2ccc(F)cc2F)c2cc(N3CCNCC3)c(F)cc2c1=O,CHEMBL15339,0.43687250455479304,1
CC1CN(c2ccc3c(=O)c(C(=O)O)cn(-c4c(F)cccc4F)c3c2)CCN1,CHEMBL2259643,0.43687250455479304,1
O=C(O)c1cn(-c2ccc(F)cc2)c2cc(N3CCCNCC3)c(F)cc2c1=O,CHEMBL288707,0.43687250455479304,1
Cc1c(F)ccc(-n2cc(C(=O)O)c(=O)c3cc(F)c(N4CCNCC4)cc32)c1F,CHEMBL321767,0.43687250455479304,1
Cc1ccc(-n2cc(C(=O)O)c(=O)c3cc(F)c(N4CCNCC4)cc32)c(F)c1,CHEMBL101673,0.43687250455479304,1
CC1CN(c2cc3c(cc2F)c(=O)c(C(=O)O)cn3-c2ccc(F)cc2)CC(C)N1,CHEMBL101950,0.43687250455479304,1
Cc1c(F)ccc(-n2cc(C(=O)O)c(=O)c3cc(F)c(N4CC(C)NC(C)C4)cc32)c1F,CHEMBL100920,0.43687250455479304,1
C[C@H]1CN(c2cc3c(cc2F)c(=O)c(C(=O)O)cn3-c2ccc(F)cc2F)CCN1,CHEMBL49071,0.43687250455479304,1
O=C(O)c1cn(-c2ccc(F)cc2)c2cc(N3CCNC(CF)C3)c(F)cc2c1=O,CHEMBL35504,0.43687250455479304,1
O=C(O)c1cn(-c2ccc(Cl)cc2Cl)c2cc(N3CCNCC3)c(F)cc2c1=O,CHEMBL101729,0.43687250455479304,1
CC1CN(c2cc3c(cc2F)c(=O)c(C(=O)O)cn3-c2ccc(F)cc2F)CC(C)N1,CHEMBL416160,0.43687250455479304,1
Cc1ccc(-n2cc(C(=O)O)c(=O)c3cc(F)c(N4CC(C)NC(C)C4)cc32)c(C)c1,CHEMBL101627,0.43687250455479304,1
O=C(O)c1cn(-c2ccc(F)cc2F)c2c(F)c(N3CCNCC3)c(F)cc2c1=O,CHEMBL147591,0.43687250455479304,1
CC1CN(c2cc3c(cc2F)c(=O)c(C(=O)O)cn3-c2ccccc2F)CC(C)N1,CHEMBL316900,0.43687250455479304,1
CCC1CN(c2cc3c(cc2F)c(=O)c(C(=O)O)cn3-c2ccc(F)cc2F)CCN1,CHEMBL15431,0.43687250455479304,1
O=C(O)c1cn(-c2ccc(F)cc2)c2c(F)c(N3CCNCC3)c(F)cc2c1=O,CHEMBL149144,0.43687250455479304,1
Cc1c(F)c(N2CCNC(C)C2)cc2c1c(=O)c(C(=O)O)cn2-c1ccc(F)cc1F,CHEMBL16237,0.43687250455479304,1
O=C(O)c1cn(-c2c(F)cccc2F)c2cc(N3CCNCC3)ccc2c1=O,CHEMBL2260181,0.43687250455479304,1
CC1CN(c2cc3c(cc2F)c(=O)c(C(=O)O)cn3-c2ccccc2)CC(C)N1,CHEMBL101048,0.43687250455479304,1
O=C(NCCN1CCNCC1)c1nc2ccccc2c(=O)[nH]1,CHEMBL3443994,0.43686777092653034,1
N=C(N)N1CCc2ccc(OCC3CCN(c4ccncc4CCC(=O)O)CC3)cc2C1,CHEMBL535143,0.4368670081726818,1
COc1ccc(NC(=O)N2CCc3nc(-c4cc5ccccc5[nH]c4=O)[nH]c3C2)cc1,CHEMBL2016929,0.43686141890919544,1
Cc1nc2cccc(-c3cc4c([nH]3)CCNC4=O)c2nc1CC(C)(C)C,CHEMBL3975613,0.4368557355405475,1
CCN(CC)CCNC(=O)C1C(C)=NC(/C=C2\C(=O)Nc3ccc(F)cc32)=C1C,CHEMBL2365664,0.436851163048909,1
CCCS(=O)(=O)NCc1ccc2c(c1)C[C@@H](C(=O)N(C)[C@H](CN1CC[C@H](O)C1)c1ccccc1)O2,CHEMBL371018,0.43685089398444155,1
CN(C(=O)[C@H]1CCc2cc(CNS(C)(=O)=O)ccc2O1)[C@H](CN1CC[C@H](O)C1)c1ccccc1,CHEMBL200441,0.43685089398444155,1
COC(=O)NCc1ccc2c(c1)CC[C@H](C(=O)N(C)[C@H](CN1CC[C@H](O)C1)c1ccccc1)O2,CHEMBL197070,0.43685089398444155,1
COC(=O)NCc1ccc2c(c1)CC[C@@H](C(=O)N(C)[C@H](CN1CC[C@H](O)C1)c1ccccc1)O2,CHEMBL196813,0.43685089398444155,1
CCCS(=O)(=O)NCc1ccc2c(c1)C[C@H](C(=O)N(C)[C@H](CN1CC[C@H](O)C1)c1ccccc1)O2,CHEMBL371467,0.43685089398444155,1
CN(C(=O)[C@@H]1CCc2cc(CNS(C)(=O)=O)ccc2O1)[C@H](CN1CC[C@H](O)C1)c1ccccc1,CHEMBL200442,0.43685089398444155,1
COCCNC(=O)c1ccc2c(c1)CC(c1nc3ccc(-c4cn[nH]c4)cc3c(=O)[nH]1)CO2,CHEMBL1684207,0.43684964458498887,1
Cn1cc(-c2ccc3ccc(F)c(-c4cc5c([nH]4)CCNC5=O)c3n2)cn1,CHEMBL3895191,0.43684529828109175,1
COc1ccccc1C#Cc1ccc2c(c1)[C@H]1[C@H](CCN1C(=O)CN1CCOCC1)[C@@H](CO)N2,CHEMBL3560106,0.43684262586963035,1
O=C(C1CC1)N1CC[C@@H](CN2C(=O)C3(CC3)N=C2c2ccc(-c3cccc4[nH]ncc34)cc2)C1,CHEMBL4129431,0.436833967152827,1
COc1ccc(-c2[nH]nc3c2C(=O)c2c(NC(=O)C(C)C)cccc2-3)cc1,CHEMBL280867,0.4368298562048042,1
CC(C)NC(=O)NC(=O)CN1C(=O)NC(Cc2c[nH]c3ccccc23)C1=O,CHEMBL1383924,0.4368292297979798,1
O=C(Nc1cc(Cc2n[nH]c(=O)c3c2CCCC3)ccc1F)NC1CCCC1,CHEMBL3892556,0.4368233031052485,1
COc1ccc(NC2CCCN(C(=O)c3ccccc3-c3ncc[nH]3)C2)cc1,CHEMBL2137374,0.43681570573323963,1
c1cc(-c2nnc(-c3ccc4[nH]cc(-c5cncc(C6CC6)n5)c4c3)o2)[nH]n1,CHEMBL3933275,0.43681033363624544,1
CN(C)c1ccc(CNC(=O)c2cn(Cc3cccc(C(=N)N)c3)c3ccccc23)cc1,CHEMBL92843,0.4368019053876477,1
O=C1N(CCO)CCN1CCN1CCN(C2CC(c3ccc(F)cc3)c3cc(Cl)ccc32)CC1,CHEMBL96572,0.43679163034001717,1
Cn1cc(-c2cc(CS(C)(=O)=O)ccc2NCC2CC2)c2cc[nH]c(=O)c21,CHEMBL4207179,0.4367881088940947,1
c1cc2oc(Cc3cc4cc(C5=NCCN5)ccc4o3)cc2cc1C1=NCCN1,CHEMBL239968,0.4367790941202213,1
c1cc2cc(Cc3cc4ccc(C5=NCCN5)cc4o3)oc2cc1C1=NCCN1,CHEMBL238713,0.4367790941202213,1
NCC(=O)N(Cc1cccnc1)c1ccc(-c2nc3ccccc3s2)cc1,CHEMBL2448753,0.4367773218948153,1
NCC(=O)N(Cc1cccnc1)c1cc(F)cc(-c2nc3ccccc3s2)c1,CHEMBL2448730,0.4367773218948153,1
O=C(Nc1cnn(Cc2ccccc2)c1)c1ccc2cc3n(c2c1)CC1(CC1)CNC3=O,CHEMBL3921790,0.43677699765964545,1
Nc1nc2c(c(-c3c(Cl)cc(Cl)cc3OCCCO)n1)CN(C(=O)NC1CCC1)C2,CHEMBL1774914,0.4367735789139411,1
Nc1sc(-c2ccc(C(=O)O)cc2)c2c1C(=O)c1ccccc1-2,CHEMBL1243161,0.43676969468526183,1
CNC(=O)Nc1sc2ccccc2c1C(=O)N1CCC(N2CCCC3(CCN(C(C)C)C3=O)C2)CC1,CHEMBL2030568,0.4367665090208443,1
OCC1CCCCN1CCn1ccnc1-c1nc2ccccc2[nH]1,CHEMBL3473791,0.43674424652190846,1
O=C(Nc1ccc(OC(F)(F)Cl)cc1)c1cnc(N2CCC3(CNC3)C2)c(-c2ccn[nH]2)c1,CHEMBL3923720,0.4367428942858832,1
O=C(Nc1ccc(OC(F)(F)Cl)cc1)c1cnc(N2CC3(CNC3)C2)c(-c2ccn[nH]2)c1,CHEMBL3897561,0.4367428942858832,1
N=C(c1ccc(CN2CCN(S(=O)(=O)c3cc4cc(Cl)ccc4[nH]3)CC2=O)cc1)N1CCCC1,CHEMBL293423,0.436736984891716,1
N=C(c1ccc(CN2CCN(S(=O)(=O)c3cc4cc(Cl)ccc4[nH]3)CC2=O)cc1)N1CCC1,CHEMBL62656,0.436736984891716,1
N=C(c1ccc(CN2CCN(S(=O)(=O)c3cc4cc(Cl)ccc4[nH]3)CC2=O)cc1)N1CCCCC1,CHEMBL303790,0.436736984891716,1
Cc1cc(-c2n[nH]c3ccc(C(=O)NN4CCCC(CO)(Oc5ccc(F)cc5)C4)cc23)ccn1,CHEMBL3962541,0.43673694195404095,1
Cc1cc(-c2n[nH]c3ccc(C(=O)NN4CCCC(CO)(Oc5cc(F)ccc5F)C4)cc23)ccn1,CHEMBL3931556,0.43673694195404095,1
CCN(CCN(C)C)C(=O)c1ccc2cc(-c3csc(-c4ccncc4)n3)c(=O)[nH]c2c1,CHEMBL236996,0.4367300724637682,1
N[C@H](COc1cncc(-c2ccc(C(=O)O)cc2)c1)Cc1c[nH]c2ccccc12,CHEMBL204892,0.4367292890838368,1
COc1ccc(-c2c(C(N)=O)c3n(c2C2CC2)CCN(C(=O)NC2CCOCC2)C3)cc1,CHEMBL3921431,0.4367262723521318,1
CC1=C(C(=O)Nc2ccccc2)C(c2ccc(O)cc2)N2C(=O)CSC2=N1,CHEMBL1310681,0.43672528106082403,1
NC1=N[C@@](c2cc(NC(=O)c3cc4ccccn4n3)ccc2F)(C(F)F)COC1,CHEMBL3653453,0.4367202997575487,1
COc1ccc(-c2noc(C)c2C(=O)/N=C(\N)NCc2cc(Cl)c(O)c(Cl)c2)cc1,CHEMBL2178175,0.4367176634214185,1
NC(=O)c1c(-c2cccc(OC(F)(F)F)c2)c(Cl)n2c1CN(C(=O)NC1CCOCC1)CC2,CHEMBL3898543,0.43671225529632574,1
COc1ccccc1CC/N=C(\N)Nc1nc(-c2ccc(CNC(C)=O)s2)cs1,CHEMBL288248,0.4366871387283235,1
COc1ccccc1CC/N=C(\N)Nc1nc(-c2cccc(CNC(C)=O)c2)co1,CHEMBL285028,0.4366871387283235,1
COc1ccccc1CC/N=C(\N)Nc1nc(-c2cccc(CNC(C)=O)c2)cs1,CHEMBL324525,0.4366871387283235,1
O=C1CCC(c2ccc(Nc3ccnc4ccccc34)cc2)=NN1,CHEMBL1193083,0.4366848580149847,1
Nc1n[nH]c2cccc(-c3ccc(C(=O)NCCNC(=O)c4ccccc4Br)cc3)c12,CHEMBL3634539,0.43667960806063966,1
Cc1ccccc1C(=O)NCCNC(=O)c1ccc(-c2cccc3[nH]nc(N)c23)cc1,CHEMBL3634540,0.43667960806063966,1
Nc1n[nH]c2cccc(-c3ccc(C(=O)NCCNC(=O)c4cccc(F)c4)cc3)c12,CHEMBL3634542,0.43667960806063966,1
Nc1n[nH]c2cccc(-c3ccc(C(=O)NCCNC(=O)c4ccc(F)c(F)c4)cc3)c12,CHEMBL3634538,0.43667960806063966,1
Nc1n[nH]c2cccc(-c3ccc(C(=O)NCCNC(=O)c4cccc(C(F)(F)F)c4)cc3)c12,CHEMBL3634541,0.43667960806063966,1
CN1CCCN(C(=O)c2ccc(-c3[nH]nc4c3C(=O)c3c(NC(=O)NN5CCOCC5)cccc3-4)s2)CC1,CHEMBL326961,0.43667793253395887,1
CCN1CCN(C(=O)c2ccc(-c3[nH]nc4c3C(=O)c3c(NC(=O)NN5CCOCC5)cccc3-4)s2)CC1,CHEMBL117939,0.43667793253395887,1
CCN1CCCN(C(=O)c2ccc(-c3[nH]nc4c3C(=O)c3c(NC(=O)NN5CCOCC5)cccc3-4)s2)CC1,CHEMBL114053,0.43667793253395887,1
CN1CCN(C(=O)c2ccc(-c3[nH]nc4c3C(=O)c3c(NC(=O)NN5CCOCC5)cccc3-4)s2)CC1,CHEMBL117473,0.43667793253395887,1
O=C(NO)c1ccc2c(c1)CC(NC(=O)c1ccc(-c3ccccc3)cc1)CN2,CHEMBL3694327,0.4366768360741125,1
Cc1n[nH]c2ccc(-c3nnc(NC[C@@H](N)Cc4ccc(F)c(F)c4)s3)cc12,CHEMBL1080913,0.4366666666666669,1
N[C@H](CNc1nnc(-c2ccc3[nH]ncc3c2)s1)Cc1ccc(Cl)cc1,CHEMBL1081451,0.4366666666666669,1
Cc1n[nH]c2ccc(-c3nnc(NC[C@@H](N)Cc4ccccc4F)s3)cc12,CHEMBL1088613,0.4366666666666669,1
Cc1n[nH]c2ccc(-c3nnc(NC[C@@H](N)Cc4ccccc4)s3)cc12,CHEMBL1087281,0.4366666666666669,1
N[C@H](CNc1nnc(-c2ccc3[nH]ncc3c2)s1)Cc1ccc(F)cc1,CHEMBL1081439,0.4366666666666669,1
CCc1n[nH]c2ccc(-c3nnc(NC[C@@H](N)Cc4ccccc4)s3)cc12,CHEMBL1081426,0.4366666666666669,1
Cc1n[nH]c2ccc(-c3nnc(NC[C@@H](N)Cc4cccc(F)c4)s3)cc12,CHEMBL1076553,0.4366666666666669,1
Cc1n[nH]c2ccc(-c3nnc(NC[C@H](N)Cc4ccccc4)s3)cc12,CHEMBL1088612,0.4366666666666669,1
COc1cc(-c2cn[nH]c2)ccc1NC(=O)C1COc2ccccc2C1,CHEMBL480586,0.43666564761031273,1
COc1cc(-c2cn[nH]c2)ccc1NC(=O)C1COc2ccc(F)cc2C1,CHEMBL520103,0.43666564761031273,1
COc1cc(-c2cn[nH]c2)ccc1NC(=O)C1COc2ccc(C)cc2C1,CHEMBL519269,0.43666564761031273,1
COc1cc(-c2cn[nH]c2)c(F)cc1NC(=O)C1COc2ccccc2C1,CHEMBL481731,0.43666564761031273,1
COc1cc(-c2cn[nH]c2)ccc1NC(=O)C1COc2ccc(Cl)cc2C1,CHEMBL519959,0.43666564761031273,1
C[C@H](c1ccccc1C1(F)CNC1)n1c(=O)oc2cc(S(=O)(=O)Nc3nccs3)c(F)cc21,CHEMBL3341986,0.43666367934732253,1
NC(=O)N1CCCc2cc(-c3cncc(COCCN4CCOCC4)c3)cnc21,CHEMBL3973514,0.4366632337796084,1
NC(=O)Nc1ccc2c(c1)/C(=C/c1cc(-c3ccccc3)c[nH]1)C(=O)N2,CHEMBL228751,0.4366558217489893,1
NC(=O)Nc1ccc2c(c1)/C(=C/c1cc(-c3cccc(F)c3)c[nH]1)C(=O)N2,CHEMBL437109,0.4366558217489893,1
Cc1cccc(-c2c[nH]c(/C=C3\C(=O)Nc4ccc(NC(N)=O)cc43)c2)c1,CHEMBL228545,0.4366558217489893,1
COC(=O)Nc1nc2cc(C3(O)c4ccccc4C(=O)N3CC(C)(C)C)ccc2[nH]1,CHEMBL3909114,0.43664556962025314,1
COC(=O)Nc1nc2cc(C3(O)c4ccccc4C(=O)N3C3CCCCC3)ccc2[nH]1,CHEMBL3907433,0.43664556962025314,1
COC(=O)Nc1nc2cc(C3(O)c4ccccc4C(=O)N3CC(C)C)ccc2[nH]1,CHEMBL3955234,0.43664556962025314,1
CC(C)N1CCC(CNC[C@H](O)COc2cccc3[nH]c4ccccc4c23)CC1,CHEMBL101594,0.4366305181290392,1
O=c1cc(-c2ccnc(NC3CCOCC3)n2)ccn1Cc1cc2c(F)cccc2[nH]1,CHEMBL3680609,0.4366289606899571,1
O=C(NO)c1ccc(-c2ccc(CNCCc3c[nH]c4ccccc34)cn2)s1,CHEMBL385562,0.4366275161149997,1
NC(=O)n1ccc2ccc(-c3ccc(CN4CCOCC4)cc3)nc21,CHEMBL3105885,0.43661624870670535,1
COc1ccc2c(C[C@H](N)C(=O)NC3CCN(Cc4c[nH]c5ccc(Cl)cc45)CC3)c[nH]c2c1,CHEMBL4167406,0.4366144200626959,1
COc1ccc2[nH]cc(C[C@H](N)C(=O)NC3CCN(Cc4c[nH]c5ccc(Cl)cc45)CC3)c2c1,CHEMBL4160162,0.4366144200626959,1
O=C(NCCN1CCCC1)c1ccc2c(-c3nccs3)noc2c1,CHEMBL3441748,0.4366038161905836,1
NCCCCNC(=O)c1ccc(CN=C(N)N)c2ccn(CCc3ccccc3)c12,CHEMBL190756,0.43659917929935216,1
Cc1cccc2cc(CN(CCN3CCOCC3)C(=O)NCc3ccccc3)c(O)nc12,CHEMBL1482602,0.43659870711089005,1
Cc1ccc2cc(CN(CCN3CCOCC3)C(=O)NCc3ccccc3)c(O)nc2c1C,CHEMBL1531175,0.43659870711089005,1
Cc1oc(-c2ccccc2)nc1CNS(=O)(=O)c1ccc(CC2SC(=O)NC2=O)cc1,CHEMBL54923,0.4365969158538065,1
COc1ccc2c(c1)c(/C=C1\C(=O)Nc3ccc(S(N)(=O)=O)cc31)cn2CCCC(=O)N1CCNCC1,CHEMBL472989,0.4365866721073167,1
O=C1CN(C[C@@H]2CCCc3cc(S(=O)(=O)c4cccc(F)c4)ccc32)CCN1,CHEMBL1084335,0.4365837115876244,1
N=C(N)N/N=C1\CCc2ccc(NS(=O)(=O)c3ccc4ccccc4c3)cc21,CHEMBL1197511,0.43657797896245176,1
CNC(=O)Nc1ccc2c(c1)CC[C@]21OC(=O)N(CC(=O)N(Cc2ccccc2)[C@@H](C)C2CC2)C1=O,CHEMBL4177251,0.4365692324747793,1
CNC(=O)Nc1ccc2c(c1)CC[C@@]21OC(=O)N(CC(=O)N(Cc2ccccc2)[C@H](C2CC2)C(F)(F)F)C1=O,CHEMBL4170186,0.4365692324747793,1
CNC(=O)Nc1ccc2c(c1)CC[C@@]21OC(=O)N(CC(=O)N(Cc2ccccc2)[C@@H](C)C2CC2)C1=O,CHEMBL4166626,0.4365692324747793,1
O=S(=O)(Nc1ccc2[nH]cc(CCN3CCOCC3)c2c1)c1ccc2ccccc2n1,CHEMBL175798,0.43656895723209976,1
N#Cc1c[nH]c(C(=O)Nc2ccc(C3CC(=O)NC(=O)C3)cc2C2=CCCCC2)n1,CHEMBL1171777,0.43656879494616385,1
O=C(c1ccc(-c2n[nH]c3c2CN(S(=O)(=O)c2c(Cl)cccc2Cl)CC3)cc1)N1CCN(CCO)CC1,CHEMBL4160311,0.436563670411985,1
O=C(c1cc(-c2[nH]ncc2-c2cccc(Cl)c2)c[nH]1)N1CCOCC1,CHEMBL374876,0.4365560782371872,1
NC(=O)CN1CC[C@@](Cc2ccccc2)(NC(=O)[C@@H]2CCCN2)C1=O,CHEMBL349247,0.4365537130497473,1
CCC(=O)CCCCC[C@H](NC(=O)C1CN(C)C1)c1ncc(-c2cnc3ccccc3n2)[nH]1,CHEMBL2448572,0.4365454686409796,1
O=C(NCCN1CCC(n2c(O)nc3ccccc32)CC1)c1ccc2ccccc2c1,CHEMBL2136809,0.43653699466056445,1
CC(=O)N1CCN(Cc2ccc(C(=O)Nc3sc(-c4ccncc4)nc3C(N)=O)cc2)CC1,CHEMBL3973084,0.43653673572905705,1
CCN1Cc2cccc(C(=O)N[C@@H](CCCNC(=N)CF)c3nc4c(OC)cccc4[nH]3)c2C1=O,CHEMBL4212363,0.43653450807635824,1
CCN1Cc2cccc(C(=O)N[C@@H](CCCNC(=N)CCl)c3nc4c(OC)cccc4[nH]3)c2C1=O,CHEMBL4217322,0.43653450807635824,1
Cc1c(-c2ccc(N3CC(C)(O)C3)cc2)[nH]c2cc(F)cc(F)c2c1=O,CHEMBL4076927,0.43652461940250964,1
Cc1c(-c2ccc(N3CCC(C)(O)C3)cc2)[nH]c2cc(F)cc(F)c2c1=O,CHEMBL4062162,0.43652461940250964,1
CC(=O)c1ccc(-c2ccc3c4c(ccc3c2)OC(CNC(=O)C(C)N2CCOCC2)C4)s1,CHEMBL2139225,0.4365191968700287,1
CSCCC(NC(=O)c1cc(S(=O)(=O)N2CCOCC2)ccc1C)c1nc2ccccc2[nH]1,CHEMBL2141038,0.4365131435069761,1
CSCCC(NC(=O)c1cc(S(=O)(=O)N2CCOCC2)ccc1F)c1nc2ccccc2[nH]1,CHEMBL1318711,0.4365131435069761,1
CSCCC(NC(=O)c1cccc(S(=O)(=O)N2CCOCC2)c1)c1nc2ccccc2[nH]1,CHEMBL1727673,0.4365131435069761,1
CC(C)[C@H](N)C(=O)Nc1cc(Cc2ccc(O)cc2)cc(C(=O)NCc2ccccc2CC(=O)O)c1,CHEMBL470072,0.4365120616381815,1
O=C(Nc1ccc(C2=CCN(C(=O)C3COCCO3)CC2)cn1)N1Cc2ccccc2C1,CHEMBL3890822,0.43650473242721916,1
N#Cc1ccc(CN2C(=O)COc3ccc(/C=C4\SC(=S)NC4=O)cc32)cc1,CHEMBL241713,0.4364979566174157,1
CCNC(=O)Nc1nc2cc(-c3cccnc3)cc(-c3ncccc3F)c2[nH]1,CHEMBL222333,0.43648886753163546,1
CCNC(=O)Nc1nc2cc(-c3cccnc3)cc(-c3ccccn3)c2[nH]1,CHEMBL487663,0.43648886753163546,1
N[C@H](COc1cncc(-c2ccc3[nH]nc(C=O)c3c2)c1)Cc1c[nH]c2ccccc12,CHEMBL574774,0.4364886731391586,1
O=C(CCc1ccccc1)c1cc(O)ccc1OCC(O)CN1CCN(Cc2ccccc2)CC1,CHEMBL147839,0.43648847474252084,1
O=C(CCc1ccccc1)c1cc(O)ccc1OC[C@H](O)CN1CCN(Cc2ccccc2)CC1,CHEMBL2449385,0.43648847474252084,1
O=C1Nc2ccc(Cl)cc2/C1=N/N1C(=O)CSC1c1ccc(O)cc1,CHEMBL2235694,0.43648683420533474,1
COc1ccc2cc3cc(C(=O)NCCCN4CCOCC4)oc3nc2c1,CHEMBL1508826,0.4364853468269026,1
N=C(N)c1cccc(Cn2c(C(=O)NCC3CCCCC3)cc3c(O)cccc32)c1,CHEMBL328355,0.4364781224285355,1
CC1(C)NC(=O)N(CCc2ccc3[nH]cc([C@H]4C[C@H](N)C4)c3c2)C1=O,CHEMBL2368255,0.4364770070148088,1
CNc1ccccc1C(=O)NC1N=C(c2ccccc2)c2ccccc2NC1=O,CHEMBL204044,0.436474945204444,1
CC(C)N(CCNC(=O)c1cccn2c(=O)c3cc4ccccc4cc3nc12)C(C)C,CHEMBL3289425,0.43646870198410054,1
CC1(C)Oc2ccc(-c3cccc4[nH]ncc34)cc2C2(COC(N)=N2)C12COC2,CHEMBL3650807,0.4364680724089916,1
Nc1ccccc1NC(=O)c1ccc(CNC(=O)c2cc3ccncc3[nH]2)cc1,CHEMBL4081642,0.43644830554903347,1
Nc1ccccc1NC(=O)c1ccc(CNC(=O)c2cc3cnccc3[nH]2)cc1,CHEMBL4061360,0.43644830554903347,1
O=C1NCCN(CC2CCCCC2)C1CC(=O)N1CCc2n[nH]cc2C1,CHEMBL3479437,0.4364361129067008,1
CC1(C)N=C(N)N=C(N)N1c1ccc(OCC(=O)Nc2ccccc2)cc1,CHEMBL97255,0.4364360567120299,1
CC1(C)N=C(N)N=C(N)N1c1ccc(OCC(=O)Nc2ccccc2)c(Cl)c1,CHEMBL1883266,0.4364360567120299,1
CC1(C)N=C(N)N=C(N)N1c1cccc(OCC(=O)Nc2ccccc2)c1,CHEMBL327530,0.4364360567120299,1
Cc1onc(-c2c(Cl)cccc2Cl)c1C(=O)c1c[nH]c(C(=O)NCCCN2CCOCC2)c1,CHEMBL1456322,0.4364348770240285,1
Cc1onc(-c2ccccc2)c1C(=O)c1c[nH]c(C(=O)NCCCN2CCOCC2)c1,CHEMBL1302235,0.4364348770240285,1
CC(=O)Nc1ccc(CN2CCC(Nc3cccc4cnccc34)C2)cc1,CHEMBL3689472,0.43643190680209876,1
CC1=C(C(=O)Nc2ccccc2)N([O])c2cc(CN3CCN(C/C=C/c4ccccc4)CC3)ccc2N1[O],CHEMBL1163783,0.43643139816344534,1
CC(C)(O)c1ccc2c(c1)[C@H]1CCCN(C(=O)c3ccc4[nH]cnc4c3)[C@H]1C2,CHEMBL3674407,0.43642575558475655,1
O=C(Nc1ccccc1N1CCNCC1)c1csc(-n2ncc3ccccc32)n1,CHEMBL2381246,0.43640691953658167,1
CCc1nc(C)c(C(=O)Nc2n[nH]c3c2CN(C(=O)N2C[C@@H](C)N(CCCOC)C[C@@H]2C)C3(C)C)o1,CHEMBL3662898,0.4364012409513959,1
COCCCN1C[C@H](C)N(C(=O)N2Cc3c(NC(=O)c4ocnc4C)n[nH]c3C2(C)C)C[C@H]1C,CHEMBL3662900,0.4364012409513959,1
O=C(NCC1(N2CCOCC2)CCCCC1)c1ccc2[nH]nc(-c3ccc(N4CCOCC4)cc3)c2c1,CHEMBL3422067,0.43639553828800604,1
CCN1CCC2(CC1)CC(NC(=O)c1c[nH]cn1)c1ccccc1O2,CHEMBL3470706,0.4363939408794548,1
N#CN[C@@H]1c2cc(-c3ncnc4[nH]ccc34)ccc2C[C@H]1O,CHEMBL4281693,0.43639286288378065,1
COc1cc(OCCN(C)C)c2[nH]c(C(=O)N3CC(CCl)c4ccc(N)cc43)cc2c1,CHEMBL346480,0.4363844224811917,1
Brc1ccc(Nc2nc3ccc(N4CCNCC4)cc3[nH]2)nc1,CHEMBL3321970,0.4363835092393345,1
NC(=O)Nc1sc(-c2ccc(Cl)cc2)cc1C(=O)N[C@H]1CCCNC1,CHEMBL470288,0.43637803590285085,1
NC(=O)Nc1sc(-c2ccc(F)cc2F)cc1C(=O)N[C@H]1CCCNC1,CHEMBL2070709,0.43637803590285085,1
NC(=O)Nc1sc(-c2ccccc2)cc1C(=O)N[C@H]1CCCNC1,CHEMBL487273,0.43637803590285085,1
Cc1ccc(-c2cc(C(=O)N[C@H]3CCCNC3)c(NC(N)=O)s2)cc1,CHEMBL513191,0.43637803590285085,1
NC(=O)Nc1cc(-c2ccccc2)sc1C(=O)N[C@H]1CCCNC1,CHEMBL2079220,0.43637803590285085,1
NC(=O)Nc1sc(-c2cccc(Cl)c2)cc1C(=O)N[C@H]1CCCNC1,CHEMBL2070703,0.43637803590285085,1
NC(=O)Nc1cc(-c2cc(F)cc(F)c2)sc1C(=O)N[C@H]1CCCNC1,CHEMBL2070706,0.43637803590285085,1
NC(=O)Nc1sc(-c2ccc(Cl)c(Cl)c2)cc1C(=O)N[C@H]1CCCNC1,CHEMBL2078875,0.43637803590285085,1
NC(=O)Nc1sc(-c2ccccc2F)cc1C(=O)N[C@H]1CCCNC1,CHEMBL2070698,0.43637803590285085,1
NC(=O)Nc1cc(-c2ccc(F)cc2)sc1C(=O)N[C@H]1CCCNC1,CHEMBL2070702,0.43637803590285085,1
NC(=O)Nc1sc(-c2cccc(F)c2F)cc1C(=O)N[C@H]1CCCNC1,CHEMBL2079178,0.43637803590285085,1
NC(=O)Nc1cc(-c2ccc(F)cc2F)sc1C(=O)N[C@H]1CCCNC1,CHEMBL2079179,0.43637803590285085,1
NC(=O)Nc1sc(-c2cccc(F)c2)cc1C(=O)N[C@H]1CCCNC1,CHEMBL517553,0.43637803590285085,1
NC(=O)Nc1cc(-c2cccc(F)c2)sc1C(=O)N[C@@H]1CCCNC1,CHEMBL4061324,0.43637803590285085,1
NC(=O)Nc1cc(-c2cccc(F)c2F)sc1C(=O)N[C@H]1CCCNC1,CHEMBL2070708,0.43637803590285085,1
NC(=O)Nc1sc(-c2ccsc2)cc1C(=O)N[C@H]1CCCNC1,CHEMBL520734,0.43637803590285085,1
NC(=O)Nc1sc(-c2cc(F)cc(F)c2)cc1C(=O)N[C@H]1CCCNC1,CHEMBL2078812,0.43637803590285085,1
NC(=O)Nc1sc(-c2cccs2)cc1C(=O)N[C@H]1CCCNC1,CHEMBL519913,0.43637803590285085,1
NC(=O)Nc1cc(-c2cccc(F)c2)sc1C(=O)N[C@H]1CCCNC1,CHEMBL2041933,0.43637803590285085,1
NC(=O)Nc1cc(-c2ccc(Cl)c(Cl)c2)sc1C(=O)N[C@H]1CCCNC1,CHEMBL2070712,0.43637803590285085,1
NC(=O)Nc1sc(-c2ccccc2)cc1C(=O)N[C@@H]1CCCCNC1,CHEMBL471096,0.43637803590285085,1
NC(=O)Nc1sc(-c2ccccc2)cc1C(=O)N[C@@H]1CCCNC1,CHEMBL519226,0.43637803590285085,1
NC(=O)Nc1cc(-c2cccc(Cl)c2)sc1C(=O)N[C@H]1CCCNC1,CHEMBL2070704,0.43637803590285085,1
NC(=O)Nc1sc(-c2ccc(C(F)(F)F)cc2)cc1C(=O)N[C@H]1CCCNC1,CHEMBL469686,0.43637803590285085,1
NC(=O)Nc1sc(-c2ccc(F)cc2)cc1C(=O)N[C@H]1CCCNC1,CHEMBL2070701,0.43637803590285085,1
NC(=O)Nc1sc(-c2ccccc2)cc1C(=O)NC1CCNCC1,CHEMBL488239,0.43637803590285085,1
NC(=O)Nc1cc(-c2ccccc2F)sc1C(=O)N[C@H]1CCCNC1,CHEMBL2070699,0.43637803590285085,1
N=C(N)NCc1nc(-c2c[nH]c3ccccc23)cs1,CHEMBL40260,0.43636710551421476,1
COCCN1CCC(CNC(=O)c2n[nH]c3ccc(-c4cncc(OC)c4)cc23)CC1,CHEMBL3735522,0.43636575151233115,1
Cc1nc2cccc(-c3cc4c([nH]3)CCNC4=O)c2nc1-c1ccncc1Cl,CHEMBL3933867,0.4363592985804603,1
Cc1nc2cccc(-c3cc4c([nH]3)CCNC4=O)c2nc1-c1ccoc1,CHEMBL3943059,0.4363592985804603,1
Cc1nc2cccc(-c3cc4c([nH]3)CCNC4=O)c2nc1-c1cnccc1Cl,CHEMBL3961358,0.4363592985804603,1
Cc1nc2cccc(-c3cc4c([nH]3)CCNC4=O)c2nc1-c1ccoc1C,CHEMBL3937682,0.4363592985804603,1
Cc1nc2cccc(-c3cc4c([nH]3)CCNC4=O)c2nc1-c1cccnc1Cl,CHEMBL3925684,0.4363592985804603,1
O=C(/C=C/c1cnc2[nH]cc(-c3ccccc3)c2c1)N[C@@H](CO)Cc1ccccc1,CHEMBL3901767,0.43635382955771296,1
COc1ccc(Nc2nc3c(s2)Cc2cc(/C=C/C(=O)NO)ccc2-3)cc1,CHEMBL2385391,0.4363393750694985,1
CN[C@@H](C)C(=O)N[C@@H]1C(=O)N(Cc2c(C)ccc3ccccc23)c2ccccc2N(C(C)=O)[C@H]1C,CHEMBL3984795,0.43633928571428565,1
CN[C@@H](C)C(=O)N[C@H]1CN(C(C)=O)c2ccccc2N(Cc2cccc3ccccc23)C1=O,CHEMBL2436320,0.43633928571428554,1
CNc1n[nH]c2cc(-c3cncc(Cl)c3N3CCC4(CCNC4=O)CC3)ccc12,CHEMBL3800141,0.4363313940826933,1
Nc1n[nH]c2cc(-c3cncc(Cl)c3N3CCC4(CCNC4=O)CC3)ccc12,CHEMBL3798744,0.4363313940826933,1
O=C(NC1(C(=O)N[C@H](Cc2ccccc2)C(=O)NCCCN2CCOCC2)CC=CC1)c1cc2ccccc2s1,CHEMBL397702,0.4363249379212485,1
N=C(Nc1ccc(C(N)=O)cc1)N1Cc2cccc3c2C(CCC3)C1,CHEMBL1196368,0.4363239097476141,1
NC1=N[C@]23CCCN2C(=O)c2cc(-c4ccccc4)c(-c4ccccc4)n2[C@@H]3N1,CHEMBL476629,0.43631807550952206,1
CC(C)(N[C@@H](Cc1ccccc1)C(=O)Nc1cc(-c2ccncc2)c[nH]c1=O)c1ccccn1,CHEMBL2164849,0.4363150448042763,1
COc1cccc(CNC(=O)c2cn(C)c3cc(-c4cn[nH]c4)ccc23)c1,CHEMBL1922047,0.4363140844346169,1
CC1(O)c2ccccc2-c2ccc(C(=O)N=C(N)N)cc21,CHEMBL3310123,0.43631351744942015,1
CCc1cccc2c1-c1ccc(C(=O)N=C(N)N)cc1C2O,CHEMBL3310113,0.43631351744942015,1
Cc1cccc2c1-c1ccc(C(=O)N=C(N)N)cc1C2O,CHEMBL3310111,0.43631351744942015,1
NC(N)=NC(=O)c1ccc2c(c1)-c1ccccc1C2O,CHEMBL3092761,0.43631351744942015,1
Cc1cccc2c1-c1ccc(C(=O)N=C(N)N)cc1C2(C)O,CHEMBL3310713,0.43631351744942015,1
NC(N)=NC(=O)c1ccc2c(c1)C(O)c1c(Cl)cccc1-2,CHEMBL3310115,0.43631351744942015,1
CCC1(O)c2ccccc2-c2ccc(C(=O)N=C(N)N)cc21,CHEMBL3343663,0.43631351744942015,1
NC(N)=NC(=O)c1ccc2c(c1)C(O)c1ccccc1-2,CHEMBL3139188,0.43631351744942015,1
NC(N)=NC(=O)c1ccc2c(c1)C(O)c1cccc(Cl)c1-2,CHEMBL3310109,0.43631351744942015,1
CCc1cccc2c1-c1ccc(C(=O)N=C(N)N)cc1C2(C)O,CHEMBL3545444,0.43631351744942015,1
CCCCC1(O)c2ccccc2-c2ccc(C(=O)N=C(N)N)cc21,CHEMBL3545802,0.43631351744942015,1
NC(N)=NC(=O)c1ccc2c(c1)C(O)c1cccc(F)c1-2,CHEMBL3545440,0.43631351744942015,1
NC(N)=NC(=O)c1ccc2c(c1)C(O)c1cc(Cl)ccc1-2,CHEMBL3310110,0.43631351744942015,1
NC(N)=NC(=O)c1ccc2c(c1)C(O)c1ccc(Cl)cc1-2,CHEMBL3310114,0.43631351744942015,1
Cc1cccc2c1C(O)c1cc(C(=O)N=C(N)N)ccc1-2,CHEMBL3545468,0.43631351744942015,1
CC(=O)Nc1ccc2c(c1)C(N1CCC(NC(=O)c3cc(=O)c4ccc(F)cc4o3)CC1)CC2,CHEMBL215661,0.43628760599372735,1
O=C(CN1CCCC1)Nc1cccc(-c2cnc3ccccc3n2)c1,CHEMBL3645536,0.43628202943014566,1
O=C(CN1CCCCC1)Nc1cccc(-c2cnc3ccccc3n2)c1,CHEMBL3645541,0.43628202943014566,1
O=C(NCC1CCCO1)c1cc(-c2[nH]ncc2-c2cccc(Cl)c2)c[nH]1,CHEMBL219683,0.4362807758572774,1
Oc1ccc(-c2nc(CN3CCN(C/C=C/c4ccccc4)CC3)co2)cc1,CHEMBL1862360,0.4362795201463229,1
CCN(CC)CCNC(=O)c1c(C)[nH]c(/C=C2\C(=O)Nc3ccc(/C=C/S(C)(=O)=O)cc32)c1C,CHEMBL3218264,0.4362776428480122,1
COc1ccc2c(c1)C(=O)N(C[C@@]1(C#Cc3ccc(-c4ccccc4O)cc3)NC(=O)NC1=O)C2,CHEMBL3640335,0.43627579002350464,1
O=C(CC(=O)Nc1ccc2c(c1)NC(=O)/C2=C\c1ccc[nH]1)Nc1ccc(F)cc1,CHEMBL3322563,0.43626539108867024,1
CN1CCC(Nc2nccc(-c3c[nH]c4ncccc34)n2)CC1,CHEMBL1807778,0.4362405958186834,1
CC(C)(O)C#Cc1csc2c(NC[C@@H](N)Cc3ccccc3)nc(-c3ccncc3)nc12,CHEMBL3730261,0.43623575187688646,1
CC1(C)N=C(N)N=C(N)N1c1ccc(CNC(=O)Nc2ccc(S(=O)(=O)F)cc2)c(Cl)c1,CHEMBL93660,0.4362354496383063,1
CC1(C)N=C(N)N=C(N)N1c1ccc(CNC(=O)Nc2cccc(S(=O)(=O)F)c2)cc1,CHEMBL96962,0.4362354496383063,1
CC1(C)N=C(N)N=C(N)N1c1cccc(CNC(=O)Nc2cccc(S(=O)(=O)F)c2)c1,CHEMBL95544,0.4362354496383063,1
Cc1cc(NC(=O)NCc2ccc(N3C(N)=NC(N)=NC3(C)C)cc2)ccc1S(=O)(=O)F,CHEMBL419334,0.4362354496383063,1
CC1(C)N=C(N)N=C(N)N1c1ccc(CNC(=O)Nc2ccc(S(=O)(=O)F)cc2)cc1,CHEMBL316893,0.4362354496383063,1
Cc1cc(NC(=O)NCc2ccc(N3C(N)=NC(N)=NC3(C)C)cc2Cl)ccc1S(=O)(=O)F,CHEMBL330068,0.4362354496383063,1
CC(=O)Oc1cc2c(cc1C)OC(C)(COc1ccc(CC3SC(N)=NC3=O)cc1)CC2,CHEMBL334641,0.4362273232136242,1
COc1cc(NC(=O)Nc2cccc3c2C2CC(=O)CCN2C3=O)nc2ccccc12,CHEMBL3609666,0.4362259532642367,1
OC(COc1ccc2c(c1)CCC2)CN1CCC(c2nc3ccccc3[nH]2)CC1,CHEMBL3039617,0.43622494234521886,1
O=C(c1nc(-c2cc3ccccc3[nH]2)c[nH]1)c1c[nH]c2cc(O)ccc12,CHEMBL215053,0.43622313962104364,1
CC1=C(C(=O)c2ccccc2)C(c2ccc(N3CCOCC3)cc2)NC(=O)N1,CHEMBL1612291,0.4362112408083507,1
NC(=O)C1(C(=O)Nc2cccc(Cc3n[nH]c(=O)c4c3CCCC4)c2)CC1,CHEMBL3893072,0.4362080901987932,1
O=C(c1ccc2[nH]c(=O)[nH]c2c1)N1CCc2[nH]nc(-c3ccccc3)c2C1,CHEMBL3115341,0.43620092378752895,1
Nc1cccc(NCC(=O)Nc2nc3ccc4[nH]ncc4c3s2)c1,CHEMBL3715132,0.43620040544454114,1
CC(=O)N1CCC(C(=O)Nc2cccc(Cc3n[nH]c(=O)c4c3CCCC4)c2)CC1,CHEMBL3928161,0.43619960530025353,1
COCCN1CCN(C(=O)c2ccc(NC(=O)N3Cc4ccccc4C3)cc2)CC1,CHEMBL3973403,0.436197682099321,1
CN(Cc1cc(Cc2n[nH]c(=O)c3c2CCCC3)ccc1F)C[C@H]1CCCN1C,CHEMBL3941962,0.4361858190709043,1
CNC(=O)/C=C(\c1ccccc1)c1ccc2nc(N)c(C(=O)C(C)(C)C)n2c1,CHEMBL431881,0.43617156137756147,1
O=C(NC[C@@H]1CCCNC1)c1ccnc2nc(C(O)c3cccs3)[nH]c12,CHEMBL3717368,0.43615860312841037,1
O=C(NC[C@H]1CCCNC1)c1ccnc2nc(C(O)c3cccs3)[nH]c12,CHEMBL3719325,0.43615860312841037,1
Cc1noc(C)c1-c1ccc2c(c1)C(C1CCCC1)(N1CCN(C)CC1)C(=O)N2,CHEMBL3970624,0.4361515247060941,1
Cc1noc(C)c1-c1ccc2c(c1)C(C1CCCCC1)(N1CCN(C)CC1)C(=O)N2,CHEMBL3896599,0.4361515247060941,1
Nc1nnc(-c2ccc3[nH]cc(-c4cncc(-c5ccccc5)n4)c3c2)o1,CHEMBL3967996,0.4361497605005049,1
O=C1Cc2c(cccc2-c2cc(O)cc(Nc3cccnc3)c2)N1,CHEMBL1649623,0.43614403936479523,1
CC(C)[C@@H](CN1CC[C@@](C)(c2cccc(O)c2)[C@@H](C)C1)NC(=O)[C@H]1Cc2ccc(O)cc2CN1C(=O)CN(C)C,CHEMBL2112474,0.4361097964978702,1
COc1ccc(C2SCC(=O)N2c2ccc(S(=O)(=O)Nc3ccccn3)cc2)c(O)c1,CHEMBL577591,0.436102896753474,1
Oc1ccc2c(c1)CC(CN1CCC3(CCc4ccccc43)CC1)NC2,CHEMBL3785728,0.43610208373159987,1
O=c1cc(N2CCOCC2)oc2c(-c3ccc4[nH]ccc4c3)csc12,CHEMBL2322225,0.43609680241034104,1
O=c1cc(N2CCOCC2)oc2c(-c3ccc4[nH]ccc4c3)cccc12,CHEMBL200567,0.43609680241034104,1
c1cncc(-c2cc3c(CNC4CCNCC4)n[nH]c3cn2)c1,CHEMBL3928385,0.4360965372507869,1
Nc1ccc(CN2C(=O)c3cccc4c(N)ccc(c34)C2=O)cc1,CHEMBL3110166,0.43609569377990426,1
O=C(NCCN1CCC2(CC1)C(=O)NCN2Cc1ccccn1)c1ccc2ccccc2c1,CHEMBL3580423,0.4360955553980292,1
NC(=O)c1cnc(N[C@H]2CCCNC2)c2cc(-c3cccc(N)c3)sc12,CHEMBL1287863,0.436087420042644,1
CNC(=O)CN1c2ccccc2C2CCN(CCCCC34CCCc5cccc(c53)NC4=O)CC21,CHEMBL4211987,0.4360827403119351,1
CC(C)CCn1cc(NC(=O)N2Cc3ccc(CO)cc3C2)cn1,CHEMBL3966992,0.4360823607134989,1
CC1(C)CCc2cc3c(C(F)(F)F)cc(NS(C)(=O)=O)nc3cc2N1,CHEMBL134180,0.4360791260702687,1
COc1ccc2c(c1)c(C1=C(c3c[nH]c4ccccc34)C(=O)NC1=O)cn2CCCN(C)C,CHEMBL261491,0.4360754335178887,1
O=C(Nc1cccc(-c2ccnc3c(C(=O)c4cccs4)cnn23)c1)NC1CC1,CHEMBL178715,0.4360635564081219,1
Nc1ccc(-n2cc(C(=O)C(=O)Nc3ccncc3)c3ccccc32)cc1,CHEMBL604679,0.43605439541280844,1
CC(C)(N)CC(=O)N[C@@H]1CSc2ccccc2N(Cc2ccc(-c3ccccc3-c3nn[nH]n3)cc2)C1=O,CHEMBL280146,0.4360448176303871,1
CC(C)(N)CC(=O)N[C@@H]1CCc2ccccc2N(Cc2ccc(-c3sccc3-c3nn[nH]n3)cc2)C1=O,CHEMBL1907747,0.4360448176303871,1
CC(C)(N)CC(=O)NC1Cc2ccccc2N(Cc2ccc(-c3ccccc3-c3nn[nH]n3)cc2)C1=O,CHEMBL23109,0.4360448176303871,1
CC(C)(N)CC(=O)NC1Sc2ccccc2N(Cc2ccc(-c3ccccc3-c3nn[nH]n3)cc2)C1=O,CHEMBL281585,0.4360448176303871,1
CC(C)(N)CC(=O)N[C@H]1CCc2ccccc2N(Cc2ccc(-c3ccccc3-c3nn[nH]n3)cc2)C1=O,CHEMBL300651,0.4360448176303871,1
CC(C)(N)CC(=O)NC1CCc2ccccc2N(Cc2ccc(-c3ccccc3-c3nn[nH]n3)cc2)C1=O,CHEMBL283143,0.4360448176303871,1
CC(C)(N)CC(=O)N[C@@H]1CCc2ccccc2N(Cc2ccc(-c3cscc3-c3nn[nH]n3)cc2)C1=O,CHEMBL1907748,0.4360448176303871,1
CC(C)(N)CC(=O)N[C@@H]1C[S]([O])c2ccccc2N(Cc2ccc(-c3ccccc3-c3nn[nH]n3)cc2)C1=O,CHEMBL280836,0.4360448176303871,1
CC(C)(N)CC(=O)N[C@@H]1CCc2ccccc2N(Cc2ccc(-c3ccccc3-c3nn[nH]n3)cc2)C1=O,CHEMBL308716,0.4360448176303871,1
CC(C)(N)CC(=O)NCC(=O)NCc1ccc(-c2ccccc2-c2nn[nH]n2)cc1,CHEMBL325110,0.43602728400165336,1
C[C@@H](NC(=O)CC(C)(C)N)C(=O)NCc1ccc(-c2ccccc2-c2nn[nH]n2)cc1,CHEMBL321191,0.43602728400165336,1
CN(C)Cc1ccc2nc(NC(=O)N/N=C/c3c[nH]c4ccccc34)sc2c1,CHEMBL3415257,0.43601251749979403,1
NS(=O)(=O)c1ccc(F)cc1-c1ccc2c(c1)OC[C@H](Cc1ccccc1)[C@H]2O,CHEMBL51535,0.4360099524994344,1
N=C(N)c1ccc2oc(-c3c[nH]c(-c4cc5cc(C(=N)N)ccc5o4)n3)cc2c1,CHEMBL166294,0.4360098657166349,1
COc1ccccc1-c1c[nH]c(C(O)c2ccc(CN3CCCC3)cc2)n1,CHEMBL3186462,0.4360001954938662,1
CC(C)(NC(=O)N1CCn2c(C#N)c(-c3cccc(F)c3)c(C(N)=O)c2C1)C(F)(F)F,CHEMBL3967436,0.43599108286296984,1
CC(C)(C)NC(=O)N1CCn2c(C#N)c(-c3cccc(F)c3)c(C(N)=O)c2C1,CHEMBL3948935,0.43599108286296984,1
COc1ccc2c(c1)[C@@H](c1ccc(N)cc1)[C@@H]1CCCN[C@H]21,CHEMBL422995,0.4359842360549717,1
COc1ccc2c(c1)[C@H](c1ccc(N)cc1)[C@@H]1CCCN[C@H]21,CHEMBL338491,0.4359842360549717,1
Cc1c(-c2ccc(OCCN3CCOCC3)cc2)[nH]c2ccc(Cl)cc2c1=O,CHEMBL2030338,0.43598188554960854,1
Cc1c(-c2ccc(OCCN3CCOCC3)cc2)[nH]c2ccccc2c1=O,CHEMBL2030337,0.43598188554960854,1
Cc1c(-c2ccc(OCCN3CCOCC3)cc2)[nH]c2cc(Cl)ccc2c1=O,CHEMBL2030339,0.43598188554960854,1
CC(=O)Nc1cccc2c1C(=O)c1c(-c3ccc(O)cc3)n[nH]c1-2,CHEMBL147111,0.4359811246559181,1
CC1(C)c2cc(OCCN3CCNC3=O)ccc2C(=O)c2c1[nH]c1cc(C#N)ccc21,CHEMBL3922741,0.4359717370593838,1
O=C(Nc1cc(Cn2c(=O)[nH]c(=O)c3ccccc32)cnc1F)[C@H]1CCN(CC2CC2)C1,CHEMBL4061458,0.43597025016903296,1
NCC(=O)NCc1cccc(-n2nc(C(F)(F)F)cc2C(=O)Nc2ccccc2)c1,CHEMBL516256,0.4359685819175273,1
C[C@H](N)C(=O)NCc1cccc(-n2nc(C(F)(F)F)cc2C(=O)Nc2ccccc2)c1,CHEMBL476087,0.4359685819175273,1
O=C(N[C@@H]1c2cc(/N=C/N3CCCC3)ccc2C[C@H]1O)c1ccc(Br)cc1,CHEMBL3616502,0.4359659648740042,1
Nc1nnc(-c2ccc3[nH]cc(-c4cccc(N5CCOCC5)n4)c3c2)s1,CHEMBL3394067,0.4359592041046179,1
Nc1nnc(-c2ccc3[nH]cc(-c4cccc(N5CCOCC5)n4)c3c2)o1,CHEMBL3890347,0.4359592041046179,1
CNc1nnc(-c2ccc3[nH]cc(-c4cccc(N5CCOCC5)n4)c3c2)s1,CHEMBL3940277,0.4359592041046179,1
Cc1c(N=C2N=C(NC(=O)NC(C)(C)C)c3ccccc32)c(=O)n(-c2ccccc2)n1C,CHEMBL1702476,0.43595337105460497,1
CN1CCN(c2ccc(CNC(=O)c3ccc(-c4ccnn4C)c4ccoc34)cc2)CC1,CHEMBL2361258,0.435951221246489,1
C=CC(=O)Nc1cc2c(Cc3cccc(C)c3)ncnc2cc1OCCCN1CCOCC1,CHEMBL489111,0.4359265807863938,1
COc1ccc(-c2sc(Nc3ccc(F)c(F)c3F)nc2CCC(=O)NN)cc1,CHEMBL1411732,0.43591922625551366,1
COc1cc2[nH]c(O)nc2cc1C#CCN1CCC(Cc2ccc(F)cc2)CC1,CHEMBL19404,0.4359190113068628,1
CN1C(=O)C2(N=C1N)c1cc(C#CC3CC3)ccc1CC21CCC(OC(=O)[C@@H](N)Cc2ccc(O)cc2)CC1,CHEMBL3970489,0.4359146690563314,1
COc1cccc(CN2CCN(C(=O)c3cc4[nH]c(=O)c5ccccc5c4n3C)CC2)c1,CHEMBL3291315,0.43591214554990987,1
CC(C)[C@H](N)CNc1ccc2[nH]nc(S(=O)(=O)c3cccc4ccccc34)c2c1,CHEMBL1739214,0.4359036534109279,1
O=C(O)CN1Cc2ccc(NC(=O)c3ccc(N4CCNCC4)cc3)cc2C1=O,CHEMBL2407145,0.43588716140407086,1
CC(C)N1CCN(C(=O)c2cc3cc(Nc4nccc(-c5ccccn5)n4)ccc3[nH]2)CC1,CHEMBL3641613,0.4358862144420129,1
CN1[C@@H]2CC[C@H]1CN(C(=O)c1cc3cc(Nc4nccc(-c5ccccn5)n4)ccc3[nH]1)C2,CHEMBL3641655,0.4358862144420129,1
O=C(c1cc2cc(Nc3nccc(-c4ccccn4)n3)ccc2[nH]1)N1CCN2CCCC2C1,CHEMBL3641621,0.4358862144420129,1
CCNC(=O)c1[nH]nc(-c2cc(Cl)c(O)cc2O)c1-c1cccc(CN2CCN(C(C)=O)CC2)c1,CHEMBL252984,0.4358746088270208,1
CN1CCC(C(=O)N2CCC(c3ccc(NC(=O)N4Cc5ccncc5C4)cc3)CC2)C1,CHEMBL3934809,0.4358705161854764,1
NC(=O)c1cnc(N(CCO)[C@H]2CCCNC2)c2cc(-c3ccccc3)sc12,CHEMBL4076939,0.4358700679546019,1
Cn1cncc1CNC(=O)c1ccc2c(CN3CCOCC3)c(-c3cc(Cc4ccccc4)[nH]n3)[nH]c2c1,CHEMBL1164566,0.4358435916002896,1
Cc1c(O)cccc1NC(=O)c1cccc(Cc2n[nH]c(=O)c3c2CCCC3)c1,CHEMBL3940970,0.4358391689468068,1
Cc1ccc(NC(=O)c2cccc(Cc3n[nH]c(=O)c4c3CCCC4)c2)cc1O,CHEMBL3970517,0.4358391689468068,1
O=C(NCCN1CCOCC1)Nc1cccc(-c2ccc3nc(NC(=O)C4CC4)sc3n2)c1,CHEMBL4171209,0.43582372120744645,1
CN(C)Cc1cn(C2=C(c3c[nH]c4ccccc34)C(=O)NC2=O)c2ccccc12,CHEMBL270648,0.43582186234817816,1
Cn1nc(C2CC2)c2c1NC(=O)CC2c1ccc(CN2CCCCC2)s1,CHEMBL3479441,0.4358215853940374,1
Cn1nc(C2CC2)c2c1NC(=O)CC2c1cc(CN2CCCC2)cs1,CHEMBL3476795,0.4358215853940374,1
O=C(CNC1=NC(=O)C(c2ccccc2)(c2ccccc2)N1)NCc1ccc(F)cc1,CHEMBL1393577,0.4358189575217954,1
Nc1ncc(C2CCNC(=O)C2)cc1-c1ccc(C(=O)N[C@H](CO)c2cccc(Cl)c2)c(F)c1,CHEMBL4109430,0.4358134021337423,1
Nc1ncc(C2CCC(=O)NC2)cc1-c1ccc(C(=O)N[C@H](CO)c2cccc(Cl)c2)c(F)c1,CHEMBL3965985,0.4358134021337423,1
