{
  "best_iteration": 996,
  "feature_dim": 2226,
  "train": {
    "rmse": 0.33160815891829226,
    "mae": 0.24783122693880227,
    "r2": 0.9236646341469258
  },
  "val": {
    "rmse": 0.6039303477539223,
    "mae": 0.4420842599720419,
    "r2": 0.7445431429731912
  },
  "test": {
    "rmse": 0.6258555243599586,
    "mae": 0.45251889411439283,
    "r2": 0.7235360280115841
  },
  "top20_features": [
    [
      "ECFP4_1988",
      0.027573827654123306
    ],
    [
      "ECFP4_1829",
      0.021747156977653503
    ],
    [
      "ECFP4_1856",
      0.01852170005440712
    ],
    [
      "ECFP4_934",
      0.017360610887408257
    ],
    [
      "ECFP4_1573",
      0.015575287863612175
    ],
    [
      "ECFP4_1032",
      0.013812377117574215
    ],
    [
      "ECFP4_1778",
      0.013358335010707378
    ],
    [
      "ECFP4_891",
      0.013000521808862686
    ],
    [
      "ECFP4_1148",
      0.0127404211089015
    ],
    [
      "ECFP4_479",
      0.010422968305647373
    ],
    [
      "ECFP4_1142",
      0.010303790681064129
    ],
    [
      "ECFP4_1991",
      0.009876207448542118
    ],
    [
      "ECFP4_186",
      0.009054400958120823
    ],
    [
      "ECFP4_1591",
      0.00854428019374609
    ],
    [
      "ECFP4_1174",
      0.008407174609601498
    ],
    [
      "ECFP4_335",
      0.008229780942201614
    ],
    [
      "ECFP4_1525",
      0.008032126352190971
    ],
    [
      "ECFP4_1984",
      0.007788481190800667
    ],
    [
      "ECFP4_1131",
      0.00689719570800662
    ],
    [
      "ECFP4_1462",
      0.006535050924867392
    ]
  ],
  "xgb_params": {
    "n_estimators": 1000,
    "learning_rate": 0.05,
    "max_depth": 6,
    "subsample": 0.8,
    "colsample_bytree": 0.8,
    "min_child_weight": 3,
    "gamma": 0.1,
    "reg_alpha": 0.1,
    "reg_lambda": 1.0,
    "objective": "reg:squarederror",
    "eval_metric": "rmse",
    "early_stopping_rounds": 50,
    "tree_method": "hist",
    "device": "cpu",
    "random_state": 42,
    "n_jobs": -1
  }
}