{
  "target": "JAK2",
  "best_iteration": 6486,
  "feature_dim": 4482,
  "physchem_cols": [
    "mw",
    "logp",
    "hbd",
    "hba",
    "tpsa",
    "rot_bonds",
    "rings",
    "arom_rings",
    "heavy_atoms",
    "frac_csp3",
    "stereo"
  ],
  "results": {
    "train": {
      "r2": 0.9086245840975942,
      "rmse": 0.3304661669070482,
      "mae": 0.24617091395911495
    },
    "val": {
      "r2": 0.7217564664127829,
      "rmse": 0.5954749459619811,
      "mae": 0.43575792808658614
    },
    "test": {
      "r2": 0.7014489228078662,
      "rmse": 0.5791977879770305,
      "mae": 0.4382361277225096
    }
  }
}