{
  "mean": 0.2738893890772657,
  "median": 0.2540333073119958,
  "gt_0.4": 0.10361426767676768,
  "exact_copies": 14
}