{
  "mean": 0.30144199197525884,
  "median": 0.265625,
  "gt_0.4": 0.14935730620613516,
  "exact_copies": 14
}