chembl_id,stereo_id,conf_id,smiles,source_file,canon_smiles,pred_pIC50
CHEMBL3769598,0,6,Cc1cc(C[C@@H](NC(=O)N2CCN(c3ccc(F)cc3)CC2)C(=O)N2CCC(N3CCCCC3)CC2)cc2cn[nH]c12,t1_f5_p0,Cc1cc(C[C@@H](NC(=O)N2CCN(c3ccc(F)cc3)CC2)C(=O)N2CCC(N3CCCCC3)CC2)cc2cn[nH]c12,7.82590913772583
CHEMBL3662883,0,0,C[C@H]1CN2CCC[C@H]2CN1C(=O)N1Cc2c(NC(=O)c3ccc4cnccc4n3)n[nH]c2C1(C)C,t0_f5_p0,C[C@H]1CN2CCC[C@H]2CN1C(=O)N1Cc2c(NC(=O)c3ccc4cnccc4n3)n[nH]c2C1(C)C,7.820375442504883
CHEMBL3680788,0,0,O=C(NCc1cccc(C(=O)Nc2nc3c(s2)C[C@@H](N2CCOCC2)CC3)c1)c1cccc(-c2cn[nH]c2)c1,t0_f5_p0,O=C(NCc1cccc(C(=O)Nc2nc3c(s2)C[C@@H](N2CCOCC2)CC3)c1)c1cccc(-c2cn[nH]c2)c1,7.809505939483643
CHEMBL549696,1,44,O=C(CN1CC(NC(=O)c2ccc(Cl)s2)C(C2CC2)C1)Nc1ccc(-n2ccccc2=O)cc1F,t0_f5_p1,O=C(CN1CC(NC(=O)c2ccc(Cl)s2)C(C2CC2)C1)Nc1ccc(-n2ccccc2=O)cc1F,7.796805381774902
CHEMBL3770044,0,0,Cc1cc(C[C@@H](NC(=O)N2CCN(c3ccccc3F)CC2)C(=O)N2CCC(N3CCCCC3)CC2)cc2cn[nH]c12,t1_f5_p0,Cc1cc(C[C@@H](NC(=O)N2CCN(c3ccccc3F)CC2)C(=O)N2CCC(N3CCCCC3)CC2)cc2cn[nH]c12,7.794708251953125
CHEMBL590791,0,7,CNC(C)(C)C(=O)N1CCN(C(=O)c2cc(Cc3c[nH]c(=O)c4cc(Cl)c(Cl)n34)ccc2F)CC1,t0_f5_p1,CNC(C)(C)C(=O)N1CCN(C(=O)c2cc(Cc3c[nH]c(=O)c4cc(Cl)c(Cl)n34)ccc2F)CC1,7.744989395141602
CHEMBL332712,0,33,O=C(Nc1cccc2c1C(=O)c1c(-c3ccc(C(=O)N4CCCCCC4)s3)n[nH]c1-2)NN1CCOCC1,t0_f5_p6,O=C(Nc1cccc2c1C(=O)c1c(-c3ccc(C(=O)N4CCCCCC4)s3)n[nH]c1-2)NN1CCOCC1,7.72809362411499
CHEMBL116331,0,0,O=C(Nc1cccc2c1C(=O)c1c(-c3ccc(C(=O)N4CCCCC4)s3)n[nH]c1-2)NN1CCOCC1,t1_f5_p7,O=C(Nc1cccc2c1C(=O)c1c(-c3ccc(C(=O)N4CCCCC4)s3)n[nH]c1-2)NN1CCOCC1,7.714804649353027
CHEMBL210243,0,0,CC(=O)N1CCN(C(=O)c2cc(Sc3cnc(NC(=O)c4ccc(N(C)C)cc4)s3)ccc2N)CC1,t0_f5_p0,CC(=O)N1CCN(C(=O)c2cc(Sc3cnc(NC(=O)c4ccc(N(C)C)cc4)s3)ccc2N)CC1,7.714252948760986
CHEMBL3662882,0,0,C[C@H]1CN2CCC[C@H]2CN1C(=O)N1Cc2c(NC(=O)c3cc4ccccc4cn3)n[nH]c2C1(C)C,t0_f5_p0,C[C@H]1CN2CCC[C@H]2CN1C(=O)N1Cc2c(NC(=O)c3cc4ccccc4cn3)n[nH]c2C1(C)C,7.699436664581299
CHEMBL3680792,0,0,N#Cc1ccc2cc(C(=O)NCc3cccc(C(=O)Nc4nc5c(s4)C[C@@H](N4CCOCC4)CC5)c3)[nH]c2c1,t0_f5_p0,N#Cc1ccc2cc(C(=O)NCc3cccc(C(=O)Nc4nc5c(s4)C[C@@H](N4CCOCC4)CC5)c3)[nH]c2c1,7.696555137634277
CHEMBL3662885,0,0,C[C@H]1CN2CCC[C@H]2CN1C(=O)N1Cc2c(NC(=O)c3cnc4ccccc4n3)n[nH]c2C1(C)C,t0_f5_p0,C[C@H]1CN2CCC[C@H]2CN1C(=O)N1Cc2c(NC(=O)c3cnc4ccccc4n3)n[nH]c2C1(C)C,7.695227146148682
CHEMBL114053,0,6,CCN1CCCN(C(=O)c2ccc(-c3[nH]nc4c3C(=O)c3c(NC(=O)NN5CCOCC5)cccc3-4)s2)CC1,t0_f5_p3,CCN1CCCN(C(=O)c2ccc(-c3[nH]nc4c3C(=O)c3c(NC(=O)NN5CCOCC5)cccc3-4)s2)CC1,7.693553924560547
CHEMBL4229046,0,7,CC1=C(C(=O)Nc2ccc3[nH]ncc3c2)C(c2ccc(F)c(CC(=O)N3CCC4CCC(C3)N4C)c2)NC(=O)N1,t0_f5_p0,CC1=C(C(=O)Nc2ccc3[nH]ncc3c2)C(c2ccc(F)c(CC(=O)N3CCC4CCC(C3)N4C)c2)NC(=O)N1,7.675156116485596
CHEMBL2059853,0,1,O=C(N[C@H](Cc1ccc2[nH]c(=O)oc2c1)C(=O)N1CCC(N2CCCCC2)CC1)N1CCC(N2Cc3ccccc3NC2=O)CC1,t0_f5_p1,O=C(N[C@H](Cc1ccc2[nH]c(=O)oc2c1)C(=O)N1CCC(N2CCCCC2)CC1)N1CCC(N2Cc3ccccc3NC2=O)CC1,7.667331218719482
CHEMBL2059877,0,0,O=C1Cc2cc(C[C@@H](NC(=O)N3CCC(N4Cc5ccccc5NC4=O)CC3)C(=O)N3CCC(N4CCCCC4)CC3)ccc2N1,t0_f5_p1,O=C1Cc2cc(C[C@@H](NC(=O)N3CCC(N4Cc5ccccc5NC4=O)CC3)C(=O)N3CCC(N4CCCCC4)CC3)ccc2N1,7.661291599273682
CHEMBL44390,0,3,O=C(C[C@H]1S[C@H](c2ccc(Cl)cc2Cl)N(CC(=O)NCCCN2CCOCC2)C1=O)NCc1ccc2[nH]ccc2c1,t0_f5_p1,O=C(C[C@H]1S[C@H](c2ccc(Cl)cc2Cl)N(CC(=O)NCCCN2CCOCC2)C1=O)NCc1ccc2[nH]ccc2c1,7.634885311126709
CHEMBL3885366,0,0,CN1CCN(Cc2ccc3c(c2)nc(NC(=O)c2ccc(-c4cn[nH]c4)s2)n3CC(C)(C)O)CC1,t0_f5_p0,CN1CCN(Cc2ccc3c(c2)nc(NC(=O)c2ccc(-c4cn[nH]c4)s2)n3CC(C)(C)O)CC1,7.6284499168396
CHEMBL3911835,0,5,CN1C(=N)N[C@](C)(c2sc(-c3nnc(C4Cc5ccccc5C4)o3)cc2Cl)CS1(=O)=O,t1_f5_p3,CN1C(=N)N[C@](C)(c2sc(-c3nnc(C4Cc5ccccc5C4)o3)cc2Cl)CS1(=O)=O,7.620184898376465
CHEMBL3936241,0,0,O=C(Nc1nc2cc(Cl)cc(CN3CCOCC3)c2[nH]1)c1ccc2cc3n(c2c1)CCCNC3=O,t0_f5_p0,O=C(Nc1nc2cc(Cl)cc(CN3CCOCC3)c2[nH]1)c1ccc2cc3n(c2c1)CCCNC3=O,7.615189552307129
CHEMBL448410,0,9,CCC[C@H]1C(=O)N([C@@H](Cc2ccc3ccccc3c2)C(=O)NC)CCN1C(=O)[C@@H](Cc1ccc(F)cc1)NC(=O)[C@H]1CCCCN1,t0_f5_p1,CCC[C@H]1C(=O)N([C@@H](Cc2ccc3ccccc3c2)C(=O)NC)CCN1C(=O)[C@@H](Cc1ccc(F)cc1)NC(=O)[C@H]1CCCCN1,7.613035678863525
CHEMBL1822554,0,42,CC(C(=O)N/N=C1\C(=O)Nc2ccc(C(=O)N3CCC(NC4CC4)CC3)c(Cl)c21)c1ccc(F)cc1,t0_f5_p1,CC(C(=O)N/N=C1\C(=O)Nc2ccc(C(=O)N3CCC(NC4CC4)CC3)c(Cl)c21)c1ccc(F)cc1,7.598795413970947
CHEMBL3925887,0,0,CN1CCC(Cn2c(NC(=O)c3ccc4cc5n(c4c3)CCCNC5=O)nc3ccccc32)CC1,t0_f5_p0,CN1CCC(Cn2c(NC(=O)c3ccc4cc5n(c4c3)CCCNC5=O)nc3ccccc32)CC1,7.596932888031006
CHEMBL117939,0,39,CCN1CCN(C(=O)c2ccc(-c3[nH]nc4c3C(=O)c3c(NC(=O)NN5CCOCC5)cccc3-4)s2)CC1,t0_f5_p3,CCN1CCN(C(=O)c2ccc(-c3[nH]nc4c3C(=O)c3c(NC(=O)NN5CCOCC5)cccc3-4)s2)CC1,7.591813564300537
CHEMBL4095389,0,11,O=C(Nc1cc(Cn2c(=O)[nH]c(=O)c3ccccc32)cnc1F)[C@H]1CCN(C2CCC(F)(F)CC2)C1,t0_f5_p4,O=C(Nc1cc(Cn2c(=O)[nH]c(=O)c3ccccc32)cnc1F)[C@H]1CCN(C2CCC(F)(F)CC2)C1,7.589221954345703
CHEMBL1715983,0,13,CCN1CCN(S(=O)(=O)c2ccc(Cl)c(C(=O)NCc3nc4ccccc4[nH]3)c2)CC1,t0_f5_p3,CCN1CCN(S(=O)(=O)c2ccc(Cl)c(C(=O)NCc3nc4ccccc4[nH]3)c2)CC1,7.588931083679199
CHEMBL258045,0,0,CN1CCC(NC(=O)c2csc(NC(=O)c3ccc4cc5n(c4c3)C3(CCC3)CNC5=O)n2)CC1,t0_f5_p0,CN1CCC(NC(=O)c2csc(NC(=O)c3ccc4cc5n(c4c3)C3(CCC3)CNC5=O)n2)CC1,7.588252544403076
CHEMBL117473,0,15,CN1CCN(C(=O)c2ccc(-c3[nH]nc4c3C(=O)c3c(NC(=O)NN5CCOCC5)cccc3-4)s2)CC1,t0_f5_p3,CN1CCN(C(=O)c2ccc(-c3[nH]nc4c3C(=O)c3c(NC(=O)NN5CCOCC5)cccc3-4)s2)CC1,7.588025093078613
CHEMBL334285,0,0,O=C(Nc1cccc2c1C(=O)c1c(-c3ccc(C(=O)N4CCNCC4)s3)n[nH]c1-2)NN1CCOCC1,t1_f5_p7,O=C(Nc1cccc2c1C(=O)c1c(-c3ccc(C(=O)N4CCNCC4)s3)n[nH]c1-2)NN1CCOCC1,7.581441879272461
CHEMBL563201,0,7,CC1CN(CC(=O)Nc2ccc(-n3ccccc3=O)cc2F)CC1NC(=O)c1ccc(Cl)s1,t0_f5_p1,CC1CN(CC(=O)Nc2ccc(-n3ccccc3=O)cc2F)CC1NC(=O)c1ccc(Cl)s1,7.5789008140563965
CHEMBL3545468,0,0,Cc1cccc2c1C(O)c1cc(C(=O)N=C(N)N)ccc1-2,t0_f5_p1,Cc1cccc2c1C(O)c1cc(C(=O)N=C(N)N)ccc1-2,7.578136920928955
CHEMBL210165,0,17,C[C@@H](C(=O)N1CCN(C)CC1)N1CC[C@H](NS(=O)(=O)c2ccc3cc(Cl)ccc3c2)C1=O,t1_f5_p1,C[C@@H](C(=O)N1CCN(C)CC1)N1CC[C@H](NS(=O)(=O)c2ccc3cc(Cl)ccc3c2)C1=O,7.570169448852539
CHEMBL3770965,0,17,Cc1cc(C[C@@H](NC(=O)N2CCN(c3ccccc3)CC2)C(=O)N2CCC(N3CCCCC3)CC2)cc2cn[nH]c12,t1_f5_p0,Cc1cc(C[C@@H](NC(=O)N2CCN(c3ccccc3)CC2)C(=O)N2CCC(N3CCCCC3)CC2)cc2cn[nH]c12,7.567441463470459
CHEMBL3673492,2,15,COc1ccc(F)cc1-c1c(C#N)cnc2[nH]c(C3=CC4CN(CC(=O)N5CCC[C@H]5CO)CC4C3)cc12,t0_f5_p1,COc1ccc(F)cc1-c1c(C#N)cnc2[nH]c(C3=CC4CN(CC(=O)N5CCC[C@H]5CO)CC4C3)cc12,7.563695907592773
CHEMBL590579,0,44,O=C(c1cc(Cc2c[nH]c(=O)c3cc(Cl)c(Cl)n23)ccc1F)N1CCC2(CC1)NCNC2=O,t0_f5_p1,O=C(c1cc(Cc2c[nH]c(=O)c3cc(Cl)c(Cl)n23)ccc1F)N1CCC2(CC1)NCNC2=O,7.562590599060059
CHEMBL3310111,0,0,Cc1cccc2c1-c1ccc(C(=O)N=C(N)N)cc1C2O,t0_f5_p1,Cc1cccc2c1-c1ccc(C(=O)N=C(N)N)cc1C2O,7.5582756996154785
CHEMBL2312671,0,1,NC(=O)N1CCc2c(c(-c3ccc(Cl)c(C#Cc4ccc(C(=O)NC[C@@H]5CCCN5)cc4)c3)nn2CCCN2CCSCC2)C1,t0_f5_p1,NC(=O)N1CCc2c(c(-c3ccc(Cl)c(C#Cc4ccc(C(=O)NC[C@@H]5CCCN5)cc4)c3)nn2CCCN2CCSCC2)C1,7.556987285614014
CHEMBL442829,0,14,CCC[C@H]1C(=O)N([C@@H](Cc2ccc3ccccc3c2)C(=O)NC)CCN1C(=O)[C@@H](Cc1ccc(F)cc1)NC(=O)[C@@H]1CCCN1,t0_f5_p1,CCC[C@H]1C(=O)N([C@@H](Cc2ccc3ccccc3c2)C(=O)NC)CCN1C(=O)[C@@H](Cc1ccc(F)cc1)NC(=O)[C@@H]1CCCN1,7.554781913757324
CHEMBL326961,0,13,CN1CCCN(C(=O)c2ccc(-c3[nH]nc4c3C(=O)c3c(NC(=O)NN5CCOCC5)cccc3-4)s2)CC1,t0_f5_p3,CN1CCCN(C(=O)c2ccc(-c3[nH]nc4c3C(=O)c3c(NC(=O)NN5CCOCC5)cccc3-4)s2)CC1,7.551111221313477
CHEMBL1689025,0,3,O=C1[C@@H](NS(=O)(=O)c2ccc3c(Cl)c[nH]c3c2)CCN1c1cc2c(cc1F)CNCC2,t1_f5_p0,O=C1[C@@H](NS(=O)(=O)c2ccc3c(Cl)c[nH]c3c2)CCN1c1cc2c(cc1F)CNCC2,7.547033786773682
CHEMBL209881,0,5,CNCc1ccc(C(=O)Nc2ncc(Sc3cc(C(=O)N4CCOCC4)c(OC)cc3C)s2)[nH]1,t0_f5_p0,CNCc1ccc(C(=O)Nc2ncc(Sc3cc(C(=O)N4CCOCC4)c(OC)cc3C)s2)[nH]1,7.54521369934082
CHEMBL3704393,0,0,N#Cc1ccc(NC(=O)COc2cccc(C(=O)Nc3nc4c(s3)CC(N3CCN(C5CC5)CC3)CC4)c2)cc1,t0_f5_p0,N#Cc1ccc(NC(=O)COc2cccc(C(=O)Nc3nc4c(s3)CC(N3CCN(C5CC5)CC3)CC4)c2)cc1,7.542520999908447
CHEMBL1170504,0,0,CC(=O)N1CCC(C(=O)N2CCC(N3CCN(C(=O)c4cc(-c5ccccc5)nc(-c5ccc6c(c5)CC(=O)N6)c4)CC3)CC2)CC1,t1_f5_p7,CC(=O)N1CCC(C(=O)N2CCC(N3CCN(C(=O)c4cc(-c5ccccc5)nc(-c5ccc6c(c5)CC(=O)N6)c4)CC3)CC2)CC1,7.536870002746582
CHEMBL1822556,0,16,CC(C(=O)N/N=C1\C(=O)Nc2ccc(C(=O)N3CCC(NC4CC4)CC3)c(Cl)c21)c1ccc(O)cc1,t1_f5_p1,CC(C(=O)N/N=C1\C(=O)Nc2ccc(C(=O)N3CCC(NC4CC4)CC3)c(Cl)c21)c1ccc(O)cc1,7.534687042236328
CHEMBL3664777,0,1,Cn1c2c(c3cc(S(=O)(=O)c4cccc5cc[nH]c45)ccc31)C1CCC(C2)N1,t0_f5_p3,Cn1c2c(c3cc(S(=O)(=O)c4cccc5cc[nH]c45)ccc31)C1CCC(C2)N1,7.533574104309082
CHEMBL522682,0,1,CC1COCC(C)N1Cc1ccc2c(c1)[nH]/c(=N\C(=O)c1ccc(-c3cn[nH]c3)s1)n2CC(C)(C)O,t0_f5_p1,CC1COCC(C)N1Cc1ccc2c(c1)[nH]/c(=N\C(=O)c1ccc(-c3cn[nH]c3)s1)n2CC(C)(C)O,7.533154010772705
CHEMBL3662798,0,0,C[C@H]1CN2CCC[C@H]2CN1C(=O)N1Cc2c(NC(=O)c3ccc4ccccc4n3)n[nH]c2C1(C)C,t0_f5_p0,C[C@H]1CN2CCC[C@H]2CN1C(=O)N1Cc2c(NC(=O)c3ccc4ccccc4n3)n[nH]c2C1(C)C,7.531228065490723
CHEMBL3662795,0,0,CC[C@H](C)[C@H]1CN2C[C@H](O)C[C@H]2CN1C(=O)N1Cc2c(NC(=O)c3ccccn3)n[nH]c2C1(C)C,t0_f5_p0,CC[C@H](C)[C@H]1CN2C[C@H](O)C[C@H]2CN1C(=O)N1Cc2c(NC(=O)c3ccccn3)n[nH]c2C1(C)C,7.52987003326416
CHEMBL3545440,0,0,NC(N)=NC(=O)c1ccc2c(c1)C(O)c1cccc(F)c1-2,t0_f5_p1,NC(N)=NC(=O)c1ccc2c(c1)C(O)c1cccc(F)c1-2,7.526001930236816
CHEMBL3669654,0,19,Cn1c2c(c3cc(S(=O)(=O)c4ccc5[nH]ccc5c4)ccc31)C1CCC(C2)N1CCO,t1_f5_p3,Cn1c2c(c3cc(S(=O)(=O)c4ccc5[nH]ccc5c4)ccc31)C1CCC(C2)N1CCO,7.523391246795654
CHEMBL3662801,0,0,C[C@H]1CN2CCC[C@H]2CN1C(=O)N1Cc2c(NC(=O)c3ccc(Br)cn3)n[nH]c2C1(C)C,t0_f5_p0,C[C@H]1CN2CCC[C@H]2CN1C(=O)N1Cc2c(NC(=O)c3ccc(Br)cn3)n[nH]c2C1(C)C,7.523162364959717
CHEMBL3329679,0,30,COc1ccc(C(=O)NC(=O)Nc2ccc3c(c2)NC(=O)/C3=C\c2[nH]c(C)c(CCC(=O)N3CCN(C)CC3)c2C)c(F)c1,t0_f5_p0,COc1ccc(C(=O)NC(=O)Nc2ccc3c(c2)NC(=O)/C3=C\c2[nH]c(C)c(CCC(=O)N3CCN(C)CC3)c2C)c(F)c1,7.520582675933838
CHEMBL256194,0,0,CC1CNC(=O)c2cc3ccc(C(=O)Nc4nc(C(=O)NC5CCN(CC(C)(C)C)CC5)cs4)cc3n21,t0_f5_p0,CC1CNC(=O)c2cc3ccc(C(=O)Nc4nc(C(=O)NC5CCN(CC(C)(C)C)CC5)cs4)cc3n21,7.517226219177246
CHEMBL1822561,1,36,CC(C(=O)N/N=C1\C(=O)Nc2ccc(C(=O)N3CCCC3CN3CCCC3)c(Cl)c21)c1ccc(F)cc1,t0_f5_p1,CC(C(=O)N/N=C1\C(=O)Nc2ccc(C(=O)N3CCCC3CN3CCCC3)c(Cl)c21)c1ccc(F)cc1,7.516000270843506
CHEMBL1822547,0,29,O=C(Cc1ccc(F)cc1)N/N=C1\C(=O)Nc2ccc(C(=O)N3CCC(NC4CC4)CC3)c(Cl)c21,t0_f5_p4,O=C(Cc1ccc(F)cc1)N/N=C1\C(=O)Nc2ccc(C(=O)N3CCC(NC4CC4)CC3)c(Cl)c21,7.514920234680176
CHEMBL1492837,1,19,O=C(NCCN1CCOCC1)c1ccccc1N1C(=O)[C@@H]2Cc3c([nH]c4ccccc34)C(c3ccc(F)cc3)N2C1=O,t0_f5_p0,O=C(NCCN1CCOCC1)c1ccccc1N1C(=O)[C@@H]2Cc3c([nH]c4ccccc34)C(c3ccc(F)cc3)N2C1=O,7.512258052825928
CHEMBL256196,0,0,CCN1CCC(NC(=O)c2csc(NC(=O)c3ccc4cc5n(c4c3)C(C)CNC5=O)n2)CC1,t0_f5_p0,CCN1CCC(NC(=O)c2csc(NC(=O)c3ccc4cc5n(c4c3)C(C)CNC5=O)n2)CC1,7.51222562789917
CHEMBL255991,0,0,CC(C)CN1CCC(NC(=O)c2csc(NC(=O)c3ccc4cc5n(c4c3)C(C)CNC5=O)n2)CC1,t0_f5_p0,CC(C)CN1CCC(NC(=O)c2csc(NC(=O)c3ccc4cc5n(c4c3)C(C)CNC5=O)n2)CC1,7.508580207824707
CHEMBL3580411,0,14,O=C(NCCN1CCC2(CC1)C(=O)NCN2Cc1cccnc1)c1ccc2ccccc2c1Br,t0_f5_p1,O=C(NCCN1CCC2(CC1)C(=O)NCN2Cc1cccnc1)c1ccc2ccccc2c1Br,7.506696701049805
CHEMBL580171,0,17,CC(C)NC(=O)N1CCN(C(=O)C(Cc2c[nH]c3ccccc23)NC(=O)Nc2cccc(C#N)c2)CC1C,t0_f5_p1,CC(C)NC(=O)N1CCN(C(=O)C(Cc2c[nH]c3ccccc23)NC(=O)Nc2cccc(C#N)c2)CC1C,7.506538391113281
CHEMBL115706,0,0,O=C(Nc1cccc2c1C(=O)c1c(-c3ccc(C(=O)N4CCCNCC4)s3)n[nH]c1-2)NN1CCOCC1,t1_f5_p7,O=C(Nc1cccc2c1C(=O)c1c(-c3ccc(C(=O)N4CCCNCC4)s3)n[nH]c1-2)NN1CCOCC1,7.501931190490723
CHEMBL3666577,0,1,Cc1ccc(C(=O)N2CCC3(CC2)OCc2cc(C#N)ccc23)cc1NC(=O)NC1CCNCC1,t1_f5_p3,Cc1ccc(C(=O)N2CCC3(CC2)OCc2cc(C#N)ccc23)cc1NC(=O)NC1CCNCC1,7.499529838562012
CHEMBL3662780,0,0,C[C@H]1CN2CCC[C@H]2CN1C(=O)N1Cc2c(NC(=O)c3cc(Cl)ccn3)n[nH]c2C1(C)C,t0_f5_p0,C[C@H]1CN2CCC[C@H]2CN1C(=O)N1Cc2c(NC(=O)c3cc(Cl)ccn3)n[nH]c2C1(C)C,7.4976806640625
CHEMBL3662752,0,0,C[C@H]1CN2CCC[C@H]2CN1C(=O)N1Cc2c(NC(=O)c3c(F)cccc3Cl)n[nH]c2C1(C)C,t0_f5_p0,C[C@H]1CN2CCC[C@H]2CN1C(=O)N1Cc2c(NC(=O)c3c(F)cccc3Cl)n[nH]c2C1(C)C,7.494953155517578
CHEMBL1689029,0,11,O=C1[C@@H](NS(=O)(=O)/C=C/c2ccc(Cl)s2)CCN1c1ccc2c(c1F)CCCNC2,t0_f5_p3,O=C1[C@@H](NS(=O)(=O)/C=C/c2ccc(Cl)s2)CCN1c1ccc2c(c1F)CCCNC2,7.490355014801025
CHEMBL391805,0,0,CN1CCc2nc(C(=O)N[C@@H]3CCCC[C@H]3NC(=O)c3cc4cc(Cl)ccc4[nH]3)sc2C1,t0_f5_p1,CN1CCc2nc(C(=O)N[C@@H]3CCCC[C@H]3NC(=O)c3cc4cc(Cl)ccc4[nH]3)sc2C1,7.489148139953613
CHEMBL245678,0,34,CN1CCc2nc(C(=O)N[C@@H]3CCCC[C@@H]3NC(=O)c3cc4cc(Cl)ccc4[nH]3)sc2C1,t0_f5_p2,CN1CCc2nc(C(=O)N[C@@H]3CCCC[C@@H]3NC(=O)c3cc4cc(Cl)ccc4[nH]3)sc2C1,7.489148139953613
CHEMBL247732,0,14,CN1CCc2nc(C(=O)N[C@H]3CCCC[C@H]3NC(=O)c3cc4cc(Cl)ccc4[nH]3)sc2C1,t0_f5_p2,CN1CCc2nc(C(=O)N[C@H]3CCCC[C@H]3NC(=O)c3cc4cc(Cl)ccc4[nH]3)sc2C1,7.489148139953613
CHEMBL1684190,0,15,O=C1[C@@H](NS(=O)(=O)c2ccc3c(Cl)c[nH]c3c2)CCN1c1ccc(C2CCCN2)cc1F,t1_f5_p0,O=C1[C@@H](NS(=O)(=O)c2ccc3c(Cl)c[nH]c3c2)CCN1c1ccc(C2CCCN2)cc1F,7.487644672393799
CHEMBL3669640,0,0,Cn1c2c(c3cc(S(=O)(=O)c4cc(F)c5[nH]ccc5c4)ccc31)C1CCC(C2)N1,t0_f5_p3,Cn1c2c(c3cc(S(=O)(=O)c4cc(F)c5[nH]ccc5c4)ccc31)C1CCC(C2)N1,7.487025260925293
CHEMBL1809012,0,14,O=C([C@@H]1C=C2c3cccc4[nH]cc(c34)C[C@H]2N(C(=O)Nc2ccccc2)C1)N1CC[C@@H](O)[C@@H](O)C1,t0_f5_p1,O=C([C@@H]1C=C2c3cccc4[nH]cc(c34)C[C@H]2N(C(=O)Nc2ccccc2)C1)N1CC[C@@H](O)[C@@H](O)C1,7.486916542053223
CHEMBL3704395,0,0,CN1CCN(C2CCc3nc(NC(=O)c4cccc(OCC(=O)Nc5ccc(C#N)cc5)c4)sc3C2)CC1,t0_f5_p0,CN1CCN(C2CCc3nc(NC(=O)c4cccc(OCC(=O)Nc5ccc(C#N)cc5)c4)sc3C2)CC1,7.4859089851379395
CHEMBL3664778,0,1,Cn1c2c(c3cc(S(=O)(=O)c4cccc5[nH]ccc45)ccc31)C1CCC(C2)N1,t0_f5_p3,Cn1c2c(c3cc(S(=O)(=O)c4cccc5[nH]ccc45)ccc31)C1CCC(C2)N1,7.483915328979492
CHEMBL2220308,0,0,Cc1c2c3cc(NC(=O)[C@@H]4CCCN4C(=O)[C@@H]4CCCN4)ccc3nc-2n(C)c2ccccc12,t0_f5_p0,Cc1c2c3cc(NC(=O)[C@@H]4CCCN4C(=O)[C@@H]4CCCN4)ccc3nc-2n(C)c2ccccc12,7.483106136322021
CHEMBL3662786,0,4,C[C@H]1CN2CCC[C@H]2CN1C(=O)N1Cc2c(NC(=O)c3nc(Cl)c(Cl)s3)n[nH]c2C1(C)C,t1_f5_p3,C[C@H]1CN2CCC[C@H]2CN1C(=O)N1Cc2c(NC(=O)c3nc(Cl)c(Cl)s3)n[nH]c2C1(C)C,7.482481479644775
CHEMBL257207,1,3,CN1CCc2nc(C(=O)NC3CCCCC3NC(=O)c3cc4cc(Cl)ccc4[nH]3)sc2C1,t0_f5_p1,CN1CCc2nc(C(=O)NC3CCCCC3NC(=O)c3cc4cc(Cl)ccc4[nH]3)sc2C1,7.480164051055908
CHEMBL3560292,0,20,COc1ccc2c3c([nH]c2c1)[C@H](CO)N(Cc1ccccc1Cl)CC31CN(C(=O)C2CC2)C1,t0_f5_p3,COc1ccc2c3c([nH]c2c1)[C@H](CO)N(Cc1ccccc1Cl)CC31CN(C(=O)C2CC2)C1,7.476250171661377
CHEMBL3662843,0,0,C[C@H]1CN2CCC[C@@]2(C)CN1C(=O)N1Cc2c(NC(=O)c3ccc(F)cn3)n[nH]c2C1(C)C,t0_f5_p0,C[C@H]1CN2CCC[C@@]2(C)CN1C(=O)N1Cc2c(NC(=O)c3ccc(F)cn3)n[nH]c2C1(C)C,7.475991249084473
CHEMBL1689024,0,6,O=C1[C@@H](NS(=O)(=O)c2ccc3c(Cl)c[nH]c3c2)CCN1c1ccc2c(c1F)CCNC2,t1_f5_p0,O=C1[C@@H](NS(=O)(=O)c2ccc3c(Cl)c[nH]c3c2)CCN1c1ccc2c(c1F)CCNC2,7.474116325378418
CHEMBL3666567,0,1,Cc1ccc(C(=O)N2CCC3(CC2)OCc2cc(C#N)ccc23)cc1NC(=O)NC1CCN(C)CC1,t1_f5_p1,Cc1ccc(C(=O)N2CCC3(CC2)OCc2cc(C#N)ccc23)cc1NC(=O)NC1CCN(C)CC1,7.472421169281006
CHEMBL1689022,0,26,O=C1[C@@H](NS(=O)(=O)/C=C/c2ccc(Cl)s2)CCN1c1ccc2c(c1F)CCNC2,t1_f5_p1,O=C1[C@@H](NS(=O)(=O)/C=C/c2ccc(Cl)s2)CCN1c1ccc2c(c1F)CCNC2,7.471639633178711
CHEMBL3925428,2,4,CN1C(=O)N(c2cccc(C(F)(F)F)c2)C2=C(C(=O)CC2)C1c1ccc(C#N)cc1C(=O)N1CC2COCC(C1)N2,t0_f5_p5,CN1C(=O)N(c2cccc(C(F)(F)F)c2)C2=C(C(=O)CC2)C1c1ccc(C#N)cc1C(=O)N1CC2COCC(C1)N2,7.470654010772705
CHEMBL3139188,0,0,NC(N)=NC(=O)c1ccc2c(c1)C(O)c1ccccc1-2,t0_f5_p1,NC(N)=NC(=O)c1ccc2c(c1)C(O)c1ccccc1-2,7.468040466308594
CHEMBL3664774,0,1,Cn1c2c(c3cc(S(=O)(=O)c4ccc5cc[nH]c5c4)ccc31)C1CCC(C2)N1,t0_f5_p3,Cn1c2c(c3cc(S(=O)(=O)c4ccc5cc[nH]c5c4)ccc31)C1CCC(C2)N1,7.466867923736572
CHEMBL3664779,0,0,Cn1c2c(c3cc(S(=O)(=O)c4cnc5[nH]ccc5c4)ccc31)C1CCC(C2)N1,t0_f5_p2,Cn1c2c(c3cc(S(=O)(=O)c4cnc5[nH]ccc5c4)ccc31)C1CCC(C2)N1,7.466861248016357
CHEMBL3343663,0,0,CCC1(O)c2ccccc2-c2ccc(C(=O)N=C(N)N)cc21,t0_f5_p1,CCC1(O)c2ccccc2-c2ccc(C(=O)N=C(N)N)cc21,7.460126399993896
CHEMBL3658774,0,3,Cc1cc(-c2n[nH]c3cc(NC(=O)NCC4CCN(Cc5ccccc5)C4)ncc23)ccn1,t0_f5_p1,Cc1cc(-c2n[nH]c3cc(NC(=O)NCC4CCN(Cc5ccccc5)C4)ncc23)ccn1,7.459936141967773
CHEMBL3662788,0,0,C[C@H]1CN2CCC[C@H]2CN1C(=O)N1Cc2c(NC(=O)c3cc4cccn4cn3)n[nH]c2C1(C)C,t1_f5_p3,C[C@H]1CN2CCC[C@H]2CN1C(=O)N1Cc2c(NC(=O)c3cc4cccn4cn3)n[nH]c2C1(C)C,7.458556652069092
CHEMBL40771,0,15,O=C(C[C@H]1S[C@H](c2ccccc2Cl)N(CC(=O)NCCCN2CCOCC2)C1=O)NCc1cccc2ccccc12,t0_f5_p1,O=C(C[C@H]1S[C@H](c2ccccc2Cl)N(CC(=O)NCCCN2CCOCC2)C1=O)NCc1cccc2ccccc12,7.458415985107422
CHEMBL3662779,0,0,C[C@H]1CN2CCC[C@H]2CN1C(=O)N1Cc2c(NC(=O)c3ccc(Cl)cn3)n[nH]c2C1(C)C,t0_f5_p0,C[C@H]1CN2CCC[C@H]2CN1C(=O)N1Cc2c(NC(=O)c3ccc(Cl)cn3)n[nH]c2C1(C)C,7.458378314971924
CHEMBL3653108,0,0,Cc1cccc(C)c1-c1ccc(C(=O)Nc2ncc(CN3CCN(C)CC3)[nH]2)c2nccnc12,t0_f5_p0,Cc1cccc(C)c1-c1ccc(C(=O)Nc2ncc(CN3CCN(C)CC3)[nH]2)c2nccnc12,7.458241939544678
CHEMBL3092761,0,0,NC(N)=NC(=O)c1ccc2c(c1)-c1ccccc1C2O,t0_f5_p2,NC(N)=NC(=O)c1ccc2c(c1)-c1ccccc1C2O,7.458216190338135
CHEMBL4127711,0,0,CN1C(=N)N[C@@]2(c3cc(NC(=O)c4ccc(Cl)cn4)ccc3F)CCC[C@H]2S1(=O)=O,t0_f5_p0,CN1C(=N)N[C@@]2(c3cc(NC(=O)c4ccc(Cl)cn4)ccc3F)CCC[C@H]2S1(=O)=O,7.455521106719971
CHEMBL3658430,0,17,COc1cccc(F)c1CN1C[C@H](NC(=O)c2ccc3[nH]nc(-c4ccnc(C)c4)c3c2)CC[C@H]1C(=O)NCCF,t0_f5_p1,COc1cccc(F)c1CN1C[C@H](NC(=O)c2ccc3[nH]nc(-c4ccnc(C)c4)c3c2)CC[C@H]1C(=O)NCCF,7.454496383666992
CHEMBL3655572,0,2,C[C@@]1(c2cc(F)cc(F)c2)CNC2(CCCC2)C(=O)N1CC(=O)Nc1ccc2c(c1)CC1(C2)N=C(c2ccccc2)NC1=O,t0_f5_p0,C[C@@]1(c2cc(F)cc(F)c2)CNC2(CCCC2)C(=O)N1CC(=O)Nc1ccc2c(c1)CC1(C2)N=C(c2ccccc2)NC1=O,7.452718257904053
CHEMBL590548,0,5,Cc1c(Cc2ccc(F)c(C(=O)N3CCN(C(=O)[C@]4(Cc5ccc(F)cc5)CCCN4)CC3)c2)n[nH]c(=O)c1C,t0_f5_p1,Cc1c(Cc2ccc(F)c(C(=O)N3CCN(C(=O)[C@]4(Cc5ccc(F)cc5)CCCN4)CC3)c2)n[nH]c(=O)c1C,7.447433471679688
CHEMBL592487,0,37,Cc1c(Cc2ccc(F)c(C(=O)N3CCN(C(=O)[C@@]4(Cc5ccc(F)cc5)CCCN4)CC3)c2)n[nH]c(=O)c1C,t0_f5_p1,Cc1c(Cc2ccc(F)c(C(=O)N3CCN(C(=O)[C@@]4(Cc5ccc(F)cc5)CCCN4)CC3)c2)n[nH]c(=O)c1C,7.447433471679688
CHEMBL592486,0,20,Cc1c(Cc2ccc(F)c(C(=O)N3CCN(C(=O)C4(Cc5ccc(F)cc5)CCCN4)CC3)c2)n[nH]c(=O)c1C,t0_f5_p1,Cc1c(Cc2ccc(F)c(C(=O)N3CCN(C(=O)C4(Cc5ccc(F)cc5)CCCN4)CC3)c2)n[nH]c(=O)c1C,7.447433471679688
CHEMBL1950775,0,0,Cn1c2c(c3cc(S(=O)(=O)c4ccc5[nH]ccc5c4)ccc31)C1CCC(C2)N1,t0_f5_p3,Cn1c2c(c3cc(S(=O)(=O)c4ccc5[nH]ccc5c4)ccc31)C1CCC(C2)N1,7.446065902709961
CHEMBL391804,0,11,CN1CCc2nc(C(=O)N[C@@H]3CCC[C@@H]3NC(=O)c3cc4cc(Cl)ccc4[nH]3)sc2C1,t0_f5_p2,CN1CCc2nc(C(=O)N[C@@H]3CCC[C@@H]3NC(=O)c3cc4cc(Cl)ccc4[nH]3)sc2C1,7.444799423217773
CHEMBL556574,0,4,CN1CCc2nc(C(=O)N[C@@H]3CCC[C@H]3NC(=O)c3cc4cc(Cl)ccc4[nH]3)sc2C1,t0_f5_p1,CN1CCc2nc(C(=O)N[C@@H]3CCC[C@H]3NC(=O)c3cc4cc(Cl)ccc4[nH]3)sc2C1,7.444799423217773
CHEMBL1627244,0,2,CC(C)(C)NC(=O)[C@H]1CN(Cc2cccnc2)CCN1C[S]([O])C[C@H](Cc1ccccc1)C(=O)N[C@@H]1c2ccccc2C[C@@H]1O,t0_f5_p1,CC(C)(C)NC(=O)[C@H]1CN(Cc2cccnc2)CCN1C[S]([O])C[C@H](Cc1ccccc1)C(=O)N[C@@H]1c2ccccc2C[C@@H]1O,7.440463542938232
CHEMBL249397,0,26,O=C(N[C@@H](C(=O)N1CCC(CN2CCC[C@H]2CO)CC1)c1ccccc1)c1ccc2cc[nH]c2c1,t1_f5_p1,O=C(N[C@@H](C(=O)N1CCC(CN2CCC[C@H]2CO)CC1)c1ccccc1)c1ccc2cc[nH]c2c1,7.439609050750732
CHEMBL400923,0,0,O=C(N[C@@H](C(=O)N1CCC(CN2CCC[C@@H]2CO)CC1)c1ccccc1)c1ccc2cc[nH]c2c1,t0_f5_p3,O=C(N[C@@H](C(=O)N1CCC(CN2CCC[C@@H]2CO)CC1)c1ccccc1)c1ccc2cc[nH]c2c1,7.439609050750732
CHEMBL3949573,0,0,CN(C)CCCn1c(NC(=O)c2ccc3cc4n(c3c2)CC2(CC2)CNC4=O)nc2ccccc21,t0_f5_p0,CN(C)CCCn1c(NC(=O)c2ccc3cc4n(c3c2)CC2(CC2)CNC4=O)nc2ccccc21,7.438777446746826
CHEMBL3645146,0,2,O=C1NCCN(Cc2cnc3cc4c(cc3c2)C[C@@]2(C4)C(=O)Nc3ncccc32)C1c1ccc(F)cc1,t0_f5_p2,O=C1NCCN(Cc2cnc3cc4c(cc3c2)C[C@@]2(C4)C(=O)Nc3ncccc32)C1c1ccc(F)cc1,7.4378342628479
CHEMBL1809007,0,1,CC(=O)N1CCN(C(=O)[C@@H]2C=C3c4cccc5[nH]cc(c45)C[C@H]3N(C(=O)Nc3ccccc3)C2)CC1,t0_f5_p4,CC(=O)N1CCN(C(=O)[C@@H]2C=C3c4cccc5[nH]cc(c45)C[C@H]3N(C(=O)Nc3ccccc3)C2)CC1,7.437292575836182
CHEMBL397642,0,0,CC1CNC(=O)c2[nH]c3ccc(C(=O)Nc4nc(C(=O)N5CCC(N(C)C)CC5)cs4)cc3c21,t0_f5_p0,CC1CNC(=O)c2[nH]c3ccc(C(=O)Nc4nc(C(=O)N5CCC(N(C)C)CC5)cs4)cc3c21,7.436837673187256
CHEMBL1370011,0,5,CC(C)C(NC(=O)c1ccc(S(=O)(=O)N2CCOCC2)cc1)c1nc2ccccc2[nH]1,t0_f5_p0,CC(C)C(NC(=O)c1ccc(S(=O)(=O)N2CCOCC2)cc1)c1nc2ccccc2[nH]1,7.436732769012451
CHEMBL1822553,0,41,O=C(Cc1ccc(O)cc1)N/N=C1\C(=O)Nc2ccc(C(=O)N3CCC(NC4CC4)CC3)c(Cl)c21,t0_f5_p1,O=C(Cc1ccc(O)cc1)N/N=C1\C(=O)Nc2ccc(C(=O)N3CCC(NC4CC4)CC3)c(Cl)c21,7.43602991104126
CHEMBL1950774,0,0,Cn1c2c(c3cc(S(=O)(=O)c4c[nH]c5ccccc45)ccc31)C1CCC(C2)N1,t0_f5_p3,Cn1c2c(c3cc(S(=O)(=O)c4c[nH]c5ccccc45)ccc31)C1CCC(C2)N1,7.433132648468018
CHEMBL3662898,0,16,CCc1nc(C)c(C(=O)Nc2n[nH]c3c2CN(C(=O)N2C[C@@H](C)N(CCCOC)C[C@@H]2C)C3(C)C)o1,t1_f5_p2,CCc1nc(C)c(C(=O)Nc2n[nH]c3c2CN(C(=O)N2C[C@@H](C)N(CCCOC)C[C@@H]2C)C3(C)C)o1,7.431383609771728
CHEMBL3735587,0,1,CC1(C)c2cc(C3CCN(C(=O)C4COCCN4)CC3)ccc2C(=O)c2c1[nH]c1cc(C#N)ccc21,t0_f5_p1,CC1(C)c2cc(C3CCN(C(=O)C4COCCN4)CC3)ccc2C(=O)c2c1[nH]c1cc(C#N)ccc21,7.430447578430176
CHEMBL4174868,0,5,O=S(=O)(Nc1ccc(C2(O)CSC(=S)N2Cc2cccnc2)cc1)c1ccccc1N1CCOCC1,t0_f5_p5,O=S(=O)(Nc1ccc(C2(O)CSC(=S)N2Cc2cccnc2)cc1)c1ccccc1N1CCOCC1,7.430311679840088
CHEMBL521695,0,0,CN(Cc1cccnc1)Cc1ccc2c(c1)[nH]/c(=N\C(=O)c1ccc(-c3cn[nH]c3)s1)n2CC(C)(C)O,t0_f5_p1,CN(Cc1cccnc1)Cc1ccc2c(c1)[nH]/c(=N\C(=O)c1ccc(-c3cn[nH]c3)s1)n2CC(C)(C)O,7.430094242095947
CHEMBL3915266,0,18,Cc1cc(C)c(CNC(=O)c2cc(-c3ccc(CN4CCOCC4)cc3)cc3c2CCN3C2CCOCC2)c(=O)[nH]1,t0_f5_p1,Cc1cc(C)c(CNC(=O)c2cc(-c3ccc(CN4CCOCC4)cc3)cc3c2CCN3C2CCOCC2)c(=O)[nH]1,7.427865982055664
CHEMBL271309,0,0,CC1CNC(=O)c2cc3ccc(C(=O)Nc4nc(C(=O)NC5CCN(C)CC5)cs4)cc3n21,t0_f5_p0,CC1CNC(=O)c2cc3ccc(C(=O)Nc4nc(C(=O)NC5CCN(C)CC5)cs4)cc3n21,7.42639684677124
CHEMBL1615104,0,4,O=C1[C@@H](NS(=O)(=O)c2ccc3cc(Cl)ccc3c2)CCN1c1ccc2c(c1F)CCNC2,t1_f5_p0,O=C1[C@@H](NS(=O)(=O)c2ccc3cc(Cl)ccc3c2)CCN1c1ccc2c(c1F)CCNC2,7.42388391494751
CHEMBL3662748,0,0,C[C@H]1CN2CCC[C@H]2CN1C(=O)N1Cc2c(NC(=O)c3ccc(F)c(Cl)c3)n[nH]c2C1(C)C,t0_f5_p0,C[C@H]1CN2CCC[C@H]2CN1C(=O)N1Cc2c(NC(=O)c3ccc(F)c(Cl)c3)n[nH]c2C1(C)C,7.420628547668457
CHEMBL3907288,0,4,CN1C(=O)N(c2cccc(C(F)(F)F)c2)C2=C(C(=O)CC2)C1c1ccc(C#N)cc1C(=O)N1CC[C@H](N)C1,t0_f5_p1,CN1C(=O)N(c2cccc(C(F)(F)F)c2)C2=C(C(=O)CC2)C1c1ccc(C#N)cc1C(=O)N1CC[C@H](N)C1,7.420478343963623
CHEMBL4111178,0,48,CN1C(=O)N(c2cccc(C(F)(F)F)c2)C2=C(C(=O)CC2)C1c1ccc(C#N)cc1C(=O)N1CC[C@@H](N)C1,t0_f5_p1,CN1C(=O)N(c2cccc(C(F)(F)F)c2)C2=C(C(=O)CC2)C1c1ccc(C#N)cc1C(=O)N1CC[C@@H](N)C1,7.420478343963623
CHEMBL3662727,0,0,CC1(C)c2[nH]nc(NC(=O)c3ccc4ccccc4n3)c2CN1C(=O)N1CCN2CCCC2C1,t0_f5_p0,CC1(C)c2[nH]nc(NC(=O)c3ccc4ccccc4n3)c2CN1C(=O)N1CCN2CCCC2C1,7.419252395629883
CHEMBL41983,0,4,O=C(CN1C(=O)[C@@H](CC(=O)N[C@@H]2CCc3ccccc32)S[C@@H]1c1ccc(Cl)cc1Cl)NCCCN1CCOCC1,t0_f5_p1,O=C(CN1C(=O)[C@@H](CC(=O)N[C@@H]2CCc3ccccc32)S[C@@H]1c1ccc(Cl)cc1Cl)NCCCN1CCOCC1,7.417116641998291
CHEMBL377604,0,1,C[C@@H](C(=O)N1CC2CNCC(C2)C1)N1CC[C@H](NS(=O)(=O)c2ccc3cc(Cl)ccc3c2)C1=O,t1_f5_p3,C[C@@H](C(=O)N1CC2CNCC(C2)C1)N1CC[C@H](NS(=O)(=O)c2ccc3cc(Cl)ccc3c2)C1=O,7.416627407073975
CHEMBL1784636,0,0,Cc1ccc(C(=O)Nc2ccc(CN3CCN(C)CC3)c(C(F)(F)F)c2)cc1C#Cc1cnc(C(=O)NCCO)n1C,t0_f5_p0,Cc1ccc(C(=O)Nc2ccc(CN3CCN(C)CC3)c(C(F)(F)F)c2)cc1C#Cc1cnc(C(=O)NCCO)n1C,7.4161248207092285
CHEMBL3671208,3,24,NC1CCN(c2ccc(N3CC(CNC(=O)c4ccc(Cl)s4)OC3=O)cc2F)C1,t1_f5_p1,NC1CCN(c2ccc(N3CC(CNC(=O)c4ccc(Cl)s4)OC3=O)cc2F)C1,7.416004657745361
CHEMBL1823248,0,14,O=C(Cc1ccc(O)c(Cl)c1)N/N=C1\C(=O)Nc2ccc(C(=O)N3CCC(NC4CC4)CC3)c(Cl)c21,t0_f5_p1,O=C(Cc1ccc(O)c(Cl)c1)N/N=C1\C(=O)Nc2ccc(C(=O)N3CCC(NC4CC4)CC3)c(Cl)c21,7.4147138595581055
CHEMBL3917252,0,0,CN1C(=N)N[C@](C)(c2sc3c(-c4ccc(C5CC5)nc4)nccc3c2Cl)CS1(=O)=O,t1_f5_p3,CN1C(=N)N[C@](C)(c2sc3c(-c4ccc(C5CC5)nc4)nccc3c2Cl)CS1(=O)=O,7.412827014923096
CHEMBL3938350,0,16,CN[C@@H](C)C(=O)N[C@H](C(=O)N1Cc2ccccc2[C@H]1C(=O)Nc1c(F)cccc1F)C1CCOCC1,t0_f5_p0,CN[C@@H](C)C(=O)N[C@H](C(=O)N1Cc2ccccc2[C@H]1C(=O)Nc1c(F)cccc1F)C1CCOCC1,7.411965370178223
CHEMBL3919214,0,0,CN(C)CC(C)(C)Cn1c(NC(=O)c2ccc3cc4n(c3c2)CCCNC4=O)nc2ccccc21,t0_f5_p0,CN(C)CC(C)(C)Cn1c(NC(=O)c2ccc3cc4n(c3c2)CCCNC4=O)nc2ccccc21,7.411242961883545
CHEMBL3662762,0,0,COc1cc(C(=O)Nc2n[nH]c3c2CN(C(=O)N2C[C@@H]4CCCN4C[C@@H]2C)C3(C)C)ccc1Cl,t0_f5_p0,COc1cc(C(=O)Nc2n[nH]c3c2CN(C(=O)N2C[C@@H]4CCCN4C[C@@H]2C)C3(C)C)ccc1Cl,7.411121368408203
CHEMBL322152,0,7,NS(=O)(=O)c1ccc2c(c1)/C(=C/c1cn(CCCC(=O)N3CCOCC3)c3ccccc13)C(=O)N2,t0_f5_p2,NS(=O)(=O)c1ccc2c(c1)/C(=C/c1cn(CCCC(=O)N3CCOCC3)c3ccccc13)C(=O)N2,7.409470081329346
CHEMBL3668561,0,47,COc1ccc(F)cc1-c1ccnc2[nH]c(C3=CC4CN(CC(=O)N5CCC[C@H]5CO)CC4C3)cc12,t0_f5_p2,COc1ccc(F)cc1-c1ccnc2[nH]c(C3=CC4CN(CC(=O)N5CCC[C@H]5CO)CC4C3)cc12,7.408926963806152
CHEMBL590882,0,1,Cc1c(Cc2ccc(F)c(C(=O)N3CCN(C(=O)C4(Cc5ccccc5)CCCN4)CC3)c2)n[nH]c(=O)c1C,t0_f5_p1,Cc1c(Cc2ccc(F)c(C(=O)N3CCN(C(=O)C4(Cc5ccccc5)CCCN4)CC3)c2)n[nH]c(=O)c1C,7.4085588455200195
CHEMBL217080,0,2,CN1CCN(CCCN(C(=O)Nc2ccc(F)c(Cl)c2)C2CCc3ccc(S(=O)(=O)N(C)C)cc3C2)CC1,t0_f5_p0,CN1CCN(CCCN(C(=O)Nc2ccc(F)c(Cl)c2)C2CCc3ccc(S(=O)(=O)N(C)C)cc3C2)CC1,7.408459186553955
CHEMBL91700,0,24,Cc1cccc2c1cc(C(N)=O)n2Cc1cccc(C(=N)N)c1,t0_f5_p2,Cc1cccc2c1cc(C(N)=O)n2Cc1cccc(C(=N)N)c1,7.406495094299316
CHEMBL3892194,0,6,CN[C@@H](C)C(=O)N[C@H](C(=O)N1CCc2ccccc2[C@H]1C(=O)Nc1c(F)cccc1F)C1CCOCC1,t0_f5_p0,CN[C@@H](C)C(=O)N[C@H](C(=O)N1CCc2ccccc2[C@H]1C(=O)Nc1c(F)cccc1F)C1CCOCC1,7.40601634979248
CHEMBL1684210,0,48,O=C(NCCN1CCOCC1)c1ccc2c(c1)CC(c1nc3ccc(-c4cn[nH]c4)cc3c(=O)[nH]1)CO2,t0_f5_p3,O=C(NCCN1CCOCC1)c1ccc2c(c1)CC(c1nc3ccc(-c4cn[nH]c4)cc3c(=O)[nH]1)CO2,7.404899120330811
CHEMBL2208433,0,6,CN(C[C@@H](O)CN1CCC(Oc2ccc(Cl)c(Cl)c2)CC1)C(=O)c1c[nH]c(=O)c2ccccc12,t1_f5_p0,CN(C[C@@H](O)CN1CCC(Oc2ccc(Cl)c(Cl)c2)CC1)C(=O)c1c[nH]c(=O)c2ccccc12,7.404158115386963
CHEMBL246301,0,0,CC1CNC(=O)c2[nH]c3ccc(C(=O)Nc4nc(C(=O)NC5CCN(C)CC5)cs4)cc3c21,t0_f5_p0,CC1CNC(=O)c2[nH]c3ccc(C(=O)Nc4nc(C(=O)NC5CCN(C)CC5)cs4)cc3c21,7.40311336517334
CHEMBL211938,0,2,C[C@@H](C(=O)N1CCNCC1)N1CC[C@H](NS(=O)(=O)c2ccc3cc(Cl)ccc3c2)C1=O,t1_f5_p3,C[C@@H](C(=O)N1CCNCC1)N1CC[C@H](NS(=O)(=O)c2ccc3cc(Cl)ccc3c2)C1=O,7.402918338775635
CHEMBL3903105,0,0,C/C(CN1CCOCC1)=C1\C[C@@](C)(c2cc(NC(=O)c3ccc(C#N)cn3)ccc2F)N=C(N)S1,t0_f5_p0,C/C(CN1CCOCC1)=C1\C[C@@](C)(c2cc(NC(=O)c3ccc(C#N)cn3)ccc2F)N=C(N)S1,7.402818202972412
CHEMBL3662767,0,0,C[C@H]1CN2CCC[C@H]2CN1C(=O)N1Cc2c(NC(=O)c3nc4ccccc4s3)n[nH]c2C1(C)C,t1_f5_p3,C[C@H]1CN2CCC[C@H]2CN1C(=O)N1Cc2c(NC(=O)c3nc4ccccc4s3)n[nH]c2C1(C)C,7.401858329772949
CHEMBL3664023,0,0,Nc1ccccc1NC(=O)c1cnc2c(C3CC3)c(N3CCNCC3)ccc2c1,t0_f5_p0,Nc1ccccc1NC(=O)c1cnc2c(C3CC3)c(N3CCNCC3)ccc2c1,7.401211261749268
CHEMBL270148,0,0,CN1CCC(NC(=O)c2csc(NC(=O)c3ccc4cc5n(c4c3)C(C)(C)CNC5=O)n2)CC1,t0_f5_p0,CN1CCC(NC(=O)c2csc(NC(=O)c3ccc4cc5n(c4c3)C(C)(C)CNC5=O)n2)CC1,7.401143550872803
CHEMBL3689675,0,0,Cc1ccc(F)cc1-c1cc2cnc(NC(=O)C3CC3)cc2c(OC2CCNC2)n1,t0_f5_p1,Cc1ccc(F)cc1-c1cc2cnc(NC(=O)C3CC3)cc2c(OC2CCNC2)n1,7.396965980529785
CHEMBL3700938,0,0,CN1CCc2nc(NC(=O)c3cccc([C@H]4CCCN4C(=O)Nc4cccc(C(N)=O)c4)c3)sc2C1,t0_f5_p0,CN1CCc2nc(NC(=O)c3cccc([C@H]4CCCN4C(=O)Nc4cccc(C(N)=O)c4)c3)sc2C1,7.395306587219238
CHEMBL3671219,0,1,NC1CCCN(c2ccc(N3CC(CNC(=O)c4ccc(Cl)s4)OC3=O)cc2F)C1,t1_f5_p3,NC1CCCN(c2ccc(N3CC(CNC(=O)c4ccc(Cl)s4)OC3=O)cc2F)C1,7.39420747756958
CHEMBL506762,0,2,CCC[C@H]1C(=O)N([C@@H](Cc2ccc3ccccc3c2)C(=O)NC)CCN1C(=O)[C@@H](Cc1ccc(F)cc1)NC(=O)C1CCNCC1,t0_f5_p1,CCC[C@H]1C(=O)N([C@@H](Cc2ccc3ccccc3c2)C(=O)NC)CCN1C(=O)[C@@H](Cc1ccc(F)cc1)NC(=O)C1CCNCC1,7.393612861633301
CHEMBL211616,0,40,CCN(CC)CC1(N2CCN(C(=O)[C@@H](Cc3ccc(Cl)cc3)NC(=O)[C@H]3Cc4ccccc4CN3)CC2)CCCC1,t0_f5_p3,CCN(CC)CC1(N2CCN(C(=O)[C@@H](Cc3ccc(Cl)cc3)NC(=O)[C@H]3Cc4ccccc4CN3)CC2)CCCC1,7.393084526062012
CHEMBL3944519,0,19,Cc1ccccc1[C@@H]1C[C@H](NC(=O)c2cnc3c(c2)C[C@@]2(C3)C(=O)Nc3ncccc32)C(=O)N(CC(F)(F)F)[C@@H]1C,t0_f5_p2,Cc1ccccc1[C@@H]1C[C@H](NC(=O)c2cnc3c(c2)C[C@@]2(C3)C(=O)Nc3ncccc32)C(=O)N(CC(F)(F)F)[C@@H]1C,7.391899108886719
CHEMBL216267,0,1,CN1CCN(CCCN(C(=O)Nc2ccc(F)c(Cl)c2)C2CCc3ccc(NS(C)(=O)=O)cc3C2)CC1,t0_f5_p0,CN1CCN(CCCN(C(=O)Nc2ccc(F)c(Cl)c2)C2CCc3ccc(NS(C)(=O)=O)cc3C2)CC1,7.39086389541626
CHEMBL3692951,0,4,CC(C)(O)c1ccccc1S(=O)(=O)c1cc(Cl)c2oc3c(c2c1)CNCC3,t0_f5_p3,CC(C)(O)c1ccccc1S(=O)(=O)c1cc(Cl)c2oc3c(c2c1)CNCC3,7.389037609100342
CHEMBL571797,0,8,CN1C(=O)NC(=O)[C@@]12Cc1ccc(NC(=O)CN(Cc3cc(F)cc(Cl)c3)C(=O)C(C)(C)C)cc1C2,t0_f5_p1,CN1C(=O)NC(=O)[C@@]12Cc1ccc(NC(=O)CN(Cc3cc(F)cc(Cl)c3)C(=O)C(C)(C)C)cc1C2,7.38801908493042
CHEMBL1822971,0,16,Cc1[nH]c(/C=C2\C(=O)Nc3ccc(S(=O)(=O)N4CCc5ccccc54)cc32)c(C)c1C(=O)N1CCN(C)CC1,t0_f5_p4,Cc1[nH]c(/C=C2\C(=O)Nc3ccc(S(=O)(=O)N4CCc5ccccc54)cc32)c(C)c1C(=O)N1CCN(C)CC1,7.387811660766602
CHEMBL2172334,0,9,CC(C)NC(=O)[C@H]1CC[C@@H](n2/c(=N/C(=O)c3ccc(F)cc3)[nH]c3ccc(CN4CCNC(=O)C4)cc32)CC1,t0_f5_p1,CC(C)NC(=O)[C@H]1CC[C@@H](n2/c(=N/C(=O)c3ccc(F)cc3)[nH]c3ccc(CN4CCNC(=O)C4)cc32)CC1,7.386902332305908
CHEMBL261641,0,6,Cc1[nH]c(/C=C2\C(=O)Nc3ccc(S(=O)(=O)N(C)c4cccc(Cl)c4)cc32)c(C)c1C(=O)N1CCN(C)CC1,t0_f5_p4,Cc1[nH]c(/C=C2\C(=O)Nc3ccc(S(=O)(=O)N(C)c4cccc(Cl)c4)cc32)c(C)c1C(=O)N1CCN(C)CC1,7.385453701019287
CHEMBL1933290,0,0,CN(C)CCCn1c(NC(=O)c2ccc3cc4n(c3c2)CC(C)(C)CNC4=O)nc2ccccc21,t0_f5_p0,CN(C)CCCn1c(NC(=O)c2ccc3cc4n(c3c2)CC(C)(C)CNC4=O)nc2ccccc21,7.38416862487793
CHEMBL3310118,0,0,COCc1cccc2c1-c1ccc(C(=O)N=C(N)N)cc1C2O,t0_f5_p1,COCc1cccc2c1-c1ccc(C(=O)N=C(N)N)cc1C2O,7.383503437042236
CHEMBL3959305,0,3,CN(CCO)C(=O)CN1CC2C=C(c3[nH]c4nccc5c4c3CN(C)c3ccc(F)cc3-5)CC2C1,t0_f5_p4,CN(CCO)C(=O)CN1CC2C=C(c3[nH]c4nccc5c4c3CN(C)c3ccc(F)cc3-5)CC2C1,7.383222579956055
CHEMBL3662849,0,0,C[C@@H]1CN(C(=O)N2Cc3c(NC(=O)c4ccccn4)n[nH]c3C2(C)C)[C@@H](C)CN1CCCCC#N,t0_f5_p0,C[C@@H]1CN(C(=O)N2Cc3c(NC(=O)c4ccccn4)n[nH]c3C2(C)C)[C@@H](C)CN1CCCCC#N,7.383045673370361
CHEMBL2346697,0,0,Cc1nc(C)c(CC(=O)N2Cc3[nH]nc(NC(=O)c4ccc(N5CCN(C)CC5)cc4)c3C2)s1,t0_f5_p0,Cc1nc(C)c(CC(=O)N2Cc3[nH]nc(NC(=O)c4ccc(N5CCN(C)CC5)cc4)c3C2)s1,7.382896900177002
CHEMBL3655571,0,37,O=C(CN1C(=O)C2(CCCC2)NC[C@H]1c1cc(F)cc(F)c1)Nc1ccc2c(c1)CC1(C2)N=C(c2ccccc2)NC1=O,t0_f5_p1,O=C(CN1C(=O)C2(CCCC2)NC[C@H]1c1cc(F)cc(F)c1)Nc1ccc2c(c1)CC1(C2)N=C(c2ccccc2)NC1=O,7.382219314575195
CHEMBL3310117,0,0,NC(N)=NC(=O)c1ccc2c(c1)C(O)c1cccc(CO)c1-2,t0_f5_p1,NC(N)=NC(=O)c1ccc2c(c1)C(O)c1cccc(CO)c1-2,7.379053115844727
CHEMBL2164822,0,0,Cc1cc2c(cc1Cl)NC(=O)C2(NC(=O)CN1CCN(c2ccncc2)CC1)c1ccc(Cl)cc1,t0_f5_p1,Cc1cc2c(cc1Cl)NC(=O)C2(NC(=O)CN1CCN(c2ccncc2)CC1)c1ccc(Cl)cc1,7.377833843231201
CHEMBL2335401,0,43,CC(C)(CO)NCc1ccc2oc3ccc(Cl)cc3c(=O)c2c1,t0_f5_p2,CC(C)(CO)NCc1ccc2oc3ccc(Cl)cc3c(=O)c2c1,7.37752628326416
CHEMBL1809010,0,1,O=C([C@@H]1C=C2c3cccc4[nH]cc(c34)C[C@H]2N(C(=O)Nc2ccccc2)C1)N1CCS(=O)(=O)CC1,t1_f5_p1,O=C([C@@H]1C=C2c3cccc4[nH]cc(c34)C[C@H]2N(C(=O)Nc2ccccc2)C1)N1CCS(=O)(=O)CC1,7.373290061950684
CHEMBL3656904,0,0,CC1C(=O)NC(=O)C12Cc1cc3ccc(CN4CCC(Cn5ccnc5)CC4)nc3cc1C2,t0_f5_p2,CC1C(=O)NC(=O)C12Cc1cc3ccc(CN4CCC(Cn5ccnc5)CC4)nc3cc1C2,7.37323522567749
CHEMBL3662792,0,0,CC[C@H](C)[C@H]1CN2CCC[C@@H]2CN1C(=O)N1Cc2c(NC(=O)c3ccccn3)n[nH]c2C1(C)C,t0_f5_p0,CC[C@H](C)[C@H]1CN2CCC[C@@H]2CN1C(=O)N1Cc2c(NC(=O)c3ccccn3)n[nH]c2C1(C)C,7.372716426849365
CHEMBL3662794,0,0,CCCN1C[C@H](C)N(C(=O)N2Cc3c(NC(=O)c4ccccn4)n[nH]c3C2(C)C)C[C@H]1CCO,t0_f5_p0,CCCN1C[C@H](C)N(C(=O)N2Cc3c(NC(=O)c4ccccn4)n[nH]c3C2(C)C)C[C@H]1CCO,7.372249126434326
CHEMBL4062256,0,2,COc1ccc2c(c1CN1CCNCC1)O/C(=C\c1c[nH]c3nc(Cl)ccc13)C2=O,t0_f5_p4,COc1ccc2c(c1CN1CCNCC1)O/C(=C\c1c[nH]c3nc(Cl)ccc13)C2=O,7.370866298675537
CHEMBL3901570,0,3,Cc1cc(C)c(CNC(=O)c2cc(-c3ccc(N4CCNCC4)nc3)cc3c2C(C)CN3C(C)C)c(=O)[nH]1,t0_f5_p1,Cc1cc(C)c(CNC(=O)c2cc(-c3ccc(N4CCNCC4)nc3)cc3c2C(C)CN3C(C)C)c(=O)[nH]1,7.367011070251465
CHEMBL54093,0,0,Cc1cc(C)c(O)c(-c2cc3cc(C(=N)N)ccc3[nH]2)c1,t0_f5_p0,Cc1cc(C)c(O)c(-c2cc3cc(C(=N)N)ccc3[nH]2)c1,7.36588716506958
CHEMBL3662745,0,0,C[C@H]1CN2CCC[C@H]2CN1C(=O)N1Cc2c(NC(=O)c3cccc(Cl)c3)n[nH]c2C1(C)C,t0_f5_p0,C[C@H]1CN2CCC[C@H]2CN1C(=O)N1Cc2c(NC(=O)c3cccc(Cl)c3)n[nH]c2C1(C)C,7.36545467376709
CHEMBL1684185,0,1,NC1CCc2cc(N3CC[C@H](NS(=O)(=O)c4ccc5cc(Cl)ccc5c4)C3=O)ccc21,t1_f5_p0,NC1CCc2cc(N3CC[C@H](NS(=O)(=O)c4ccc5cc(Cl)ccc5c4)C3=O)ccc21,7.362603187561035
CHEMBL3662775,0,0,Cc1cc(C(=O)Nc2n[nH]c3c2CN(C(=O)N2C[C@@H]4CCCN4C[C@@H]2C)C3(C)C)ccc1F,t0_f5_p0,Cc1cc(C(=O)Nc2n[nH]c3c2CN(C(=O)N2C[C@@H]4CCCN4C[C@@H]2C)C3(C)C)ccc1F,7.362087726593018
CHEMBL13930,0,27,CC(C)(N)C(=O)N[C@H](Cc1c[nH]c2ccccc12)C(=O)N1CCC2(CCc3ccccc3O2)CC1,t0_f5_p1,CC(C)(N)C(=O)N[C@H](Cc1c[nH]c2ccccc12)C(=O)N1CCC2(CCc3ccccc3O2)CC1,7.361387729644775
CHEMBL247525,0,8,CN1CCc2nc(C(=O)N[C@@H]3CC[C@@H]3NC(=O)c3cc4cc(Cl)ccc4[nH]3)sc2C1,t0_f5_p2,CN1CCc2nc(C(=O)N[C@@H]3CC[C@@H]3NC(=O)c3cc4cc(Cl)ccc4[nH]3)sc2C1,7.361241817474365
CHEMBL391594,0,20,CN1CCc2nc(C(=O)N[C@@H]3CC[C@H]3NC(=O)c3cc4cc(Cl)ccc4[nH]3)sc2C1,t0_f5_p2,CN1CCc2nc(C(=O)N[C@@H]3CC[C@H]3NC(=O)c3cc4cc(Cl)ccc4[nH]3)sc2C1,7.361241817474365
CHEMBL3916186,0,0,CS(=O)(=O)NC(=O)c1c[nH]c2cc(Cl)c(-c3ccc(C4(O)CCC4)cc3)cc12,t0_f5_p3,CS(=O)(=O)NC(=O)c1c[nH]c2cc(Cl)c(-c3ccc(C4(O)CCC4)cc3)cc12,7.360744476318359
CHEMBL4171209,0,3,O=C(NCCN1CCOCC1)Nc1cccc(-c2ccc3nc(NC(=O)C4CC4)sc3n2)c1,t0_f5_p1,O=C(NCCN1CCOCC1)Nc1cccc(-c2ccc3nc(NC(=O)C4CC4)sc3n2)c1,7.36050271987915
CHEMBL4127681,0,0,O=C(C1CC1)N1CC[C@@H](CN2C(=O)C3(CC3)N=C2c2ccc(-c3nc4ccccc4[nH]3)cc2)C1,t0_f5_p0,O=C(C1CC1)N1CC[C@@H](CN2C(=O)C3(CC3)N=C2c2ccc(-c3nc4ccccc4[nH]3)cc2)C1,7.359436511993408
CHEMBL3949735,4,48,CN1Cc2c(C3=CC4CN(CC(=O)N(C)C5CC(O)C5)CC4C3)[nH]c3nccc(c23)-c2cc(F)ccc21,t0_f5_p1,CN1Cc2c(C3=CC4CN(CC(=O)N(C)C5CC(O)C5)CC4C3)[nH]c3nccc(c23)-c2cc(F)ccc21,7.359238624572754
CHEMBL3953179,0,6,O=C(NCc1ccc(S(=O)(=O)C2CCN(CC(F)(F)F)CC2)cn1)c1cc2cnccc2[nH]1,t0_f5_p3,O=C(NCc1ccc(S(=O)(=O)C2CCN(CC(F)(F)F)CC2)cn1)c1cc2cnccc2[nH]1,7.358839511871338
CHEMBL3662796,0,0,CCC1(C)c2[nH]nc(NC(=O)c3ncc(F)cc3F)c2CN1C(=O)C1C[C@@H]2CCCN2C[C@@H]1C,t0_f5_p0,CCC1(C)c2[nH]nc(NC(=O)c3ncc(F)cc3F)c2CN1C(=O)C1C[C@@H]2CCCN2C[C@@H]1C,7.357662677764893
CHEMBL4100076,0,6,O=C1c2cc(-c3ccnc(NC4CCOCC4)n3)[nH]c2CCN1[C@H](CO)c1ccc(Cl)c(F)c1,t1_f5_p1,O=C1c2cc(-c3ccnc(NC4CCOCC4)n3)[nH]c2CCN1[C@H](CO)c1ccc(Cl)c(F)c1,7.357317924499512
CHEMBL3640394,0,28,COc1ccc2c(c1F)C(=O)N(C[C@@]1(C#Cc3ccc(C4(C(N)=O)CCN(C)CC4)cc3)NC(=O)NC1=O)C2,t0_f5_p3,COc1ccc2c(c1F)C(=O)N(C[C@@]1(C#Cc3ccc(C4(C(N)=O)CCN(C)CC4)cc3)NC(=O)NC1=O)C2,7.356889724731445
CHEMBL3662887,0,2,Cc1nc(C(=O)Nc2n[nH]c3c2CN(C(=O)N2C[C@@H]4CCCN4C[C@@H]2C)C3(C)C)cs1,t0_f5_p0,Cc1nc(C(=O)Nc2n[nH]c3c2CN(C(=O)N2C[C@@H]4CCCN4C[C@@H]2C)C3(C)C)cs1,7.355585098266602
CHEMBL3662747,0,0,C[C@H]1CN2CCC[C@H]2CN1C(=O)N1Cc2c(NC(=O)c3cc(Cl)ccc3F)n[nH]c2C1(C)C,t0_f5_p0,C[C@H]1CN2CCC[C@H]2CN1C(=O)N1Cc2c(NC(=O)c3cc(Cl)ccc3F)n[nH]c2C1(C)C,7.355234622955322
CHEMBL3662757,0,0,C[C@H]1CN2CCC[C@H]2CN1C(=O)N1Cc2c(NC(=O)c3cncs3)n[nH]c2C1(C)C,t0_f5_p0,C[C@H]1CN2CCC[C@H]2CN1C(=O)N1Cc2c(NC(=O)c3cncs3)n[nH]c2C1(C)C,7.354462146759033
CHEMBL3706633,0,23,CS(=O)(=O)Nc1sc2c(c1C(=O)NN1C(=O)CSC1c1c[nH]c3ccccc13)CCCC2,t0_f5_p2,CS(=O)(=O)Nc1sc2c(c1C(=O)NN1C(=O)CSC1c1c[nH]c3ccccc13)CCCC2,7.354065895080566
CHEMBL1689019,0,30,O=C1[C@@H](NS(=O)(=O)c2ccc3cc(Cl)ccc3c2)CCN1c1ccc2c(c1)CNCC2,t1_f5_p0,O=C1[C@@H](NS(=O)(=O)c2ccc3cc(Cl)ccc3c2)CCN1c1ccc2c(c1)CNCC2,7.353286266326904
CHEMBL1689023,0,0,O=C1[C@@H](NS(=O)(=O)/C=C/c2ccc(Cl)s2)CCN1c1cc2c(cc1F)CNCC2,t1_f5_p1,O=C1[C@@H](NS(=O)(=O)/C=C/c2ccc(Cl)s2)CCN1c1cc2c(cc1F)CNCC2,7.353065490722656
CHEMBL3633748,0,0,OCCNCc1cc2c(cc1O)OC=C(c1ccc(O)cc1)C2,t0_f5_p3,OCCNCc1cc2c(cc1O)OC=C(c1ccc(O)cc1)C2,7.352580547332764
CHEMBL550475,0,3,C[C@@H](Oc1cc(-c2cnc3ccccn23)sc1C(N)=O)c1ccc(CN2CCNC(=O)C2)cc1Cl,t0_f5_p1,C[C@@H](Oc1cc(-c2cnc3ccccn23)sc1C(N)=O)c1ccc(CN2CCNC(=O)C2)cc1Cl,7.352434158325195
CHEMBL1689030,0,0,O=C1[C@@H](NS(=O)(=O)c2ccc3cc(Cl)ccc3c2)CCN1c1ccc2c(c1F)CCCNC2,t1_f5_p0,O=C1[C@@H](NS(=O)(=O)c2ccc3cc(Cl)ccc3c2)CCN1c1ccc2c(c1F)CCCNC2,7.352432727813721
CHEMBL3700023,0,27,COC[C@H]1CN[C@H](C)CN1CC(=O)N1CC(C)(c2ccccn2)c2ccc(Cc3ccccc3)cc21,t0_f5_p1,COC[C@H]1CN[C@H](C)CN1CC(=O)N1CC(C)(c2ccccn2)c2ccc(Cc3ccccc3)cc21,7.352398872375488
CHEMBL275795,0,19,CC(C)(N)C(=O)N[C@H](Cc1c[nH]c2ccccc12)C(=O)N1CCC2(CC1)CC(O)c1ccccc1O2,t0_f5_p1,CC(C)(N)C(=O)N[C@H](Cc1c[nH]c2ccccc12)C(=O)N1CCC2(CC1)CC(O)c1ccccc1O2,7.352022171020508
CHEMBL1809042,0,0,CN1CCN(CCn2cc3c4c(cccc42)C2=C[C@@H](C(=O)N4CCCC4)CN(C(=O)Nc4ccccc4)[C@@H]2C3)CC1,t0_f5_p6,CN1CCN(CCn2cc3c4c(cccc42)C2=C[C@@H](C(=O)N4CCCC4)CN(C(=O)Nc4ccccc4)[C@@H]2C3)CC1,7.351882457733154
CHEMBL1784638,0,0,COCCN1CCN(Cc2ccc(NC(=O)c3ccc(C)c(C#Cc4cnc(C(N)=O)n4C)c3)cc2C(F)(F)F)CC1,t0_f5_p0,COCCN1CCN(Cc2ccc(NC(=O)c3ccc(C)c(C#Cc4cnc(C(N)=O)n4C)c3)cc2C(F)(F)F)CC1,7.351393222808838
CHEMBL3613446,0,40,CC(C)[C@@H](CN1CC[C@@](C)(c2cccc(F)c2)[C@@H](C)C1)NC(=O)[C@H]1Cc2ccc(O)cc2CN1,t0_f5_p1,CC(C)[C@@H](CN1CC[C@@](C)(c2cccc(F)c2)[C@@H](C)C1)NC(=O)[C@H]1Cc2ccc(O)cc2CN1,7.350878715515137
CHEMBL492990,0,1,CN(C)CCN(C)Cc1ccc2c(c1)[nH]/c(=N\C(=O)c1ccc(-c3cn[nH]c3)s1)n2CC(C)(C)O,t0_f5_p1,CN(C)CCN(C)Cc1ccc2c(c1)[nH]/c(=N\C(=O)c1ccc(-c3cn[nH]c3)s1)n2CC(C)(C)O,7.350163459777832
CHEMBL1880025,0,6,O=C(NCCN1CCC2(CC1)C(=O)NCN2c1ccc(Br)cc1)c1cc2cc(F)ccc2[nH]1,t0_f5_p1,O=C(NCCN1CCC2(CC1)C(=O)NCN2c1ccc(Br)cc1)c1cc2cc(F)ccc2[nH]1,7.349296569824219
CHEMBL3948290,0,16,COC1CCC2(CC1)Cc1ccc(CCC3CC3)cc1C21N=C(N)N(Cc2ncc[nH]2)C1=O,t0_f5_p2,COC1CCC2(CC1)Cc1ccc(CCC3CC3)cc1C21N=C(N)N(Cc2ncc[nH]2)C1=O,7.348300933837891
CHEMBL3653107,0,0,Cc1cscc1-c1ccc(C(=O)Nc2ncc(CN3CCN(C)CC3)[nH]2)c2nccnc12,t0_f5_p0,Cc1cscc1-c1ccc(C(=O)Nc2ncc(CN3CCN(C)CC3)[nH]2)c2nccnc12,7.347973823547363
CHEMBL4096522,0,27,O=C1c2cc(-c3ccnc(NC4CCOCC4)n3)[nH]c2CCN1[C@H](CO)c1ccc(F)c(Cl)c1,t1_f5_p1,O=C1c2cc(-c3ccnc(NC4CCOCC4)n3)[nH]c2CCN1[C@H](CO)c1ccc(F)c(Cl)c1,7.347945213317871
CHEMBL1714834,0,5,O=C(NCCN1CCOCC1)c1ccccc1N1C(=O)[C@@H]2Cc3c([nH]c4ccccc34)C(c3ccccc3)N2C1=O,t0_f5_p0,O=C(NCCN1CCOCC1)c1ccccc1N1C(=O)[C@@H]2Cc3c([nH]c4ccccc34)C(c3ccccc3)N2C1=O,7.346167087554932
CHEMBL1684182,1,11,CNC1CCc2cc(N3CC[C@H](NS(=O)(=O)/C=C/c4ccc(Cl)s4)C3=O)ccc21,t0_f5_p3,CNC1CCc2cc(N3CC[C@H](NS(=O)(=O)/C=C/c4ccc(Cl)s4)C3=O)ccc21,7.345480918884277
CHEMBL3940440,0,0,CCCN(CCC)C(=O)C1=Cc2ccc(C(=O)Nc3cncc(C(=O)N4CCCC4)c3)cc2N=C(N)C1,t0_f5_p0,CCCN(CCC)C(=O)C1=Cc2ccc(C(=O)Nc3cncc(C(=O)N4CCCC4)c3)cc2N=C(N)C1,7.344616413116455
CHEMBL3310123,0,0,CC1(O)c2ccccc2-c2ccc(C(=O)N=C(N)N)cc21,t0_f5_p1,CC1(O)c2ccccc2-c2ccc(C(=O)N=C(N)N)cc21,7.344253063201904
CHEMBL494027,0,0,CC(C)(O)Cn1/c(=N/C(=O)c2ccc(-c3cn[nH]c3)s2)[nH]c2cc(CN3CCOCC3)ccc21,t0_f5_p1,CC(C)(O)Cn1/c(=N/C(=O)c2ccc(-c3cn[nH]c3)s2)[nH]c2cc(CN3CCOCC3)ccc21,7.340427875518799
CHEMBL3981596,0,3,O=C(c1cc(Cc2n[nH]c(=O)c3c2CCCC3)ccc1F)N1CCN(Cc2ccccc2Cl)CC1,t1_f5_p4,O=C(c1cc(Cc2n[nH]c(=O)c3c2CCCC3)ccc1F)N1CCN(Cc2ccccc2Cl)CC1,7.338027000427246
CHEMBL4164208,0,10,O=S(=O)(Nc1ccc(C2(O)CSC(=S)N2Cc2cccnc2)cc1)c1ccc(F)cc1,t0_f5_p2,O=S(=O)(Nc1ccc(C2(O)CSC(=S)N2Cc2cccnc2)cc1)c1ccc(F)cc1,7.335844993591309
CHEMBL3662763,0,0,CCc1ccc(C(=O)Nc2n[nH]c3c2CN(C(=O)N2C[C@@H]4CCCN4C[C@@H]2C)C3(C)C)nc1,t0_f5_p0,CCc1ccc(C(=O)Nc2n[nH]c3c2CN(C(=O)N2C[C@@H]4CCCN4C[C@@H]2C)C3(C)C)nc1,7.335230827331543
CHEMBL603407,0,48,CNC1CCN(C(=O)c2cc(Cc3c[nH]c(=O)c4cc(Cl)c(Cl)n34)ccc2F)CC1,t1_f5_p3,CNC1CCN(C(=O)c2cc(Cc3c[nH]c(=O)c4cc(Cl)c(Cl)n34)ccc2F)CC1,7.334948062896728
CHEMBL3654635,0,3,COc1cccc(F)c1CN1C[C@H](NC(=O)c2ccc3[nH]nc(-c4ccnc(C)c4)c3c2)CC[C@H]1C(=O)N(C)C,t0_f5_p3,COc1cccc(F)c1CN1C[C@H](NC(=O)c2ccc3[nH]nc(-c4ccnc(C)c4)c3c2)CC[C@H]1C(=O)N(C)C,7.333315372467041
CHEMBL3577242,0,2,CC(C)(O)[C@@H]1Cc2cc3c(cc2O1)O[C@H](c1ccc(O)cc1)CC3=O,t1_f5_p2,CC(C)(O)[C@@H]1Cc2cc3c(cc2O1)O[C@H](c1ccc(O)cc1)CC3=O,7.332265853881836
CHEMBL1809038,0,3,O=C([C@@H]1C=C2c3cccc4c3c(cn4CCO)C[C@H]2N(C(=O)Nc2ccccc2)C1)N1CCCC1,t0_f5_p6,O=C([C@@H]1C=C2c3cccc4c3c(cn4CCO)C[C@H]2N(C(=O)Nc2ccccc2)C1)N1CCCC1,7.332204818725586
CHEMBL3310713,0,0,Cc1cccc2c1-c1ccc(C(=O)N=C(N)N)cc1C2(C)O,t0_f5_p1,Cc1cccc2c1-c1ccc(C(=O)N=C(N)N)cc1C2(C)O,7.33207368850708
CHEMBL2035981,0,5,C[C@@]1(c2cc(F)cc(F)c2)CNC2(CCCC2)C(=O)N1CC(=O)Nc1ccc2c(c1)C[C@@]1(C2)C(=O)Nc2ncccc21,t0_f5_p1,C[C@@]1(c2cc(F)cc(F)c2)CNC2(CCCC2)C(=O)N1CC(=O)Nc1ccc2c(c1)C[C@@]1(C2)C(=O)Nc2ncccc21,7.331760406494141
CHEMBL568920,0,29,CN1C(=O)NC(=O)C12Cc1ccc(NC(=O)CN(Cc3cccc(Cl)c3)C(=O)C(C)(C)C)cc1C2,t0_f5_p1,CN1C(=O)NC(=O)C12Cc1ccc(NC(=O)CN(Cc3cccc(Cl)c3)C(=O)C(C)(C)C)cc1C2,7.3312668800354
CHEMBL3682390,0,6,CC1(C)C[C@@H](NC(=O)Nc2ccc3c(c2)NC(=O)C(N2CCCOCC2)C3)c2ccc(F)cc2O1,t0_f5_p6,CC1(C)C[C@@H](NC(=O)Nc2ccc3c(c2)NC(=O)C(N2CCCOCC2)C3)c2ccc(F)cc2O1,7.330838680267334
CHEMBL4167112,0,14,O=S(=O)(Nc1ccc(C2(O)CSC(=S)N2Cc2cccnc2)cc1)c1ccccc1F,t0_f5_p0,O=S(=O)(Nc1ccc(C2(O)CSC(=S)N2Cc2cccnc2)cc1)c1ccccc1F,7.330521583557129
CHEMBL293657,0,0,CCOc1cccc(-c2cc3cc(C(=N)N)ccc3[nH]2)c1O,t0_f5_p0,CCOc1cccc(-c2cc3cc(C(=N)N)ccc3[nH]2)c1O,7.330334186553955
CHEMBL2311749,0,1,CC(C)NCC(O)COc1ccc2c(=O)c3ccccc3oc2c1,t0_f5_p1,CC(C)NCC(O)COc1ccc2c(=O)c3ccccc3oc2c1,7.330262184143066
CHEMBL3662778,0,0,C[C@H]1CN2CCC[C@H]2CN1C(=O)N1Cc2c(NC(=O)c3ccc(C#N)cc3F)n[nH]c2C1(C)C,t0_f5_p0,C[C@H]1CN2CCC[C@H]2CN1C(=O)N1Cc2c(NC(=O)c3ccc(C#N)cc3F)n[nH]c2C1(C)C,7.329254627227783
CHEMBL1689020,0,4,O=C1[C@@H](NS(=O)(=O)c2ccc3c(Cl)c[nH]c3c2)CCN1c1ccc2c(c1)CNCC2,t1_f5_p0,O=C1[C@@H](NS(=O)(=O)c2ccc3c(Cl)c[nH]c3c2)CCN1c1ccc2c(c1)CNCC2,7.328437328338623
CHEMBL3649621,0,22,COCCN1CCN(Cc2ccc(-c3cc(C(N)=O)c4[nH]c5cc(N6CCOCC6)ccc5c4n3)s2)CC1,t1_f5_p2,COCCN1CCN(Cc2ccc(-c3cc(C(N)=O)c4[nH]c5cc(N6CCOCC6)ccc5c4n3)s2)CC1,7.326901435852051
CHEMBL54018,0,0,Cc1cc(Cl)c(O)c(-c2cc3cc(C(=N)N)ccc3[nH]2)c1,t0_f5_p0,Cc1cc(Cl)c(O)c(-c2cc3cc(C(=N)N)ccc3[nH]2)c1,7.326854228973389
CHEMBL3968568,0,24,O=C(N[C@H]1C[C@@H](c2cccc(F)c2F)CN(CC2CCC2)C1=O)c1cnc2c(c1)C[C@@]1(C2)C(=O)Nc2ncccc21,t0_f5_p4,O=C(N[C@H]1C[C@@H](c2cccc(F)c2F)CN(CC2CCC2)C1=O)c1cnc2c(c1)C[C@@]1(C2)C(=O)Nc2ncccc21,7.326100349426269
CHEMBL4127283,0,0,Cc1cc(F)cnc1C(=O)Nc1ccc(F)c([C@]23CCC[C@H]2S(=O)(=O)N(C)C(=N)N3)c1,t0_f5_p0,Cc1cc(F)cnc1C(=O)Nc1ccc(F)c([C@]23CCC[C@H]2S(=O)(=O)N(C)C(=N)N3)c1,7.325645446777344
CHEMBL3911236,0,3,O=C1O[C@@H](CNC(=S)Nc2cccc(C(F)(F)F)c2)CN1c1ccc(N2CC3(COC3)C2)c(F)c1,t0_f5_p4,O=C1O[C@@H](CNC(=S)Nc2cccc(C(F)(F)F)c2)CN1c1ccc(N2CC3(COC3)C2)c(F)c1,7.323647499084473
CHEMBL3664022,0,0,Nc1ccc(F)cc1NC(=O)c1cnc2c(C3CC3)c(N3CCNCC3)ccc2c1,t0_f5_p0,Nc1ccc(F)cc1NC(=O)c1cnc2c(C3CC3)c(N3CCNCC3)ccc2c1,7.323421001434326
CHEMBL3958068,0,1,O=C(c1cc(Cc2n[nH]c(=O)c3c2CCCC3)ccc1F)N1CCN(Cc2cccc(Cl)c2)CC1,t1_f5_p4,O=C(c1cc(Cc2n[nH]c(=O)c3c2CCCC3)ccc1F)N1CCN(Cc2cccc(Cl)c2)CC1,7.319481372833252
CHEMBL3903099,0,1,CN1CC2CC1CN2C(=O)C1CCc2c(sc3ncnc(Nc4ccc5[nH]c(=O)sc5c4)c23)C1,t0_f5_p0,CN1CC2CC1CN2C(=O)C1CCc2c(sc3ncnc(Nc4ccc5[nH]c(=O)sc5c4)c23)C1,7.318826675415039
CHEMBL3310109,0,0,NC(N)=NC(=O)c1ccc2c(c1)C(O)c1cccc(Cl)c1-2,t0_f5_p1,NC(N)=NC(=O)c1ccc2c(c1)C(O)c1cccc(Cl)c1-2,7.318665027618408
CHEMBL571217,0,0,CN[C@H](C)CN1CCC(c2cc(C)c3nc(-c4cccnc4OC)[nH]c3c2)CC1,t0_f5_p0,CN[C@H](C)CN1CCC(c2cc(C)c3nc(-c4cccnc4OC)[nH]c3c2)CC1,7.318376064300537
CHEMBL570550,0,0,CN[C@@H](C)CN1CCC(c2cc(C)c3nc(-c4cccnc4OC)[nH]c3c2)CC1,t0_f5_p0,CN[C@@H](C)CN1CCC(c2cc(C)c3nc(-c4cccnc4OC)[nH]c3c2)CC1,7.318376064300537
CHEMBL3329678,0,0,COc1ccc(C(=O)NC(=O)Nc2ccc3c(c2)NC(=O)/C3=C\c2[nH]c(C)c(C(=O)N3CCN(C)CC3)c2C)c(F)c1,t0_f5_p0,COc1ccc(C(=O)NC(=O)Nc2ccc3c(c2)NC(=O)/C3=C\c2[nH]c(C)c(C(=O)N3CCN(C)CC3)c2C)c(F)c1,7.31807279586792
CHEMBL320084,0,0,CC(C)C1c2[nH]c3ccccc3c2C[C@H]2C(=O)NC(CCCCNC(=O)OC(C)(C)C)C(=O)N12,t0_f5_p0,CC(C)C1c2[nH]c3ccccc3c2C[C@H]2C(=O)NC(CCCCNC(=O)OC(C)(C)C)C(=O)N12,7.317307472229004
CHEMBL4127870,0,0,Cc1ccc(C(=O)Nc2ccc(F)c([C@]34CCC[C@H]3S(=O)(=O)N(C)C(=N)N4)c2)nc1,t0_f5_p0,Cc1ccc(C(=O)Nc2ccc(F)c([C@]34CCC[C@H]3S(=O)(=O)N(C)C(=N)N4)c2)nc1,7.316125869750977
CHEMBL3680760,0,0,CN1CCc2nc(NC(=O)c3cccc(CNC(=O)c4ccc(-c5cn[nH]c5)s4)c3)sc2C1,t0_f5_p0,CN1CCc2nc(NC(=O)c3cccc(CNC(=O)c4ccc(-c5cn[nH]c5)s4)c3)sc2C1,7.316070556640625
CHEMBL3654629,0,2,COc1cccc(F)c1CN1C[C@H](NC(=O)c2ccc3[nH]nc(-c4ccncc4)c3c2)CC[C@H]1C(=O)N(C)C,t1_f5_p0,COc1cccc(F)c1CN1C[C@H](NC(=O)c2ccc3[nH]nc(-c4ccncc4)c3c2)CC[C@H]1C(=O)N(C)C,7.315326690673828
CHEMBL493008,0,0,CC(C)(O)Cn1/c(=N/C(=O)c2ccc(-c3cn[nH]c3)s2)[nH]c2cc(CN3CCCCC3CO)ccc21,t0_f5_p1,CC(C)(O)Cn1/c(=N/C(=O)c2ccc(-c3cn[nH]c3)s2)[nH]c2cc(CN3CCCCC3CO)ccc21,7.3149800300598145
CHEMBL107923,0,22,CCC1c2[nH]c3ccccc3c2C[C@H]2C(=O)NC(CCCCNC(=O)OC(C)(C)C)C(=O)N12,t0_f5_p0,CCC1c2[nH]c3ccccc3c2C[C@H]2C(=O)NC(CCCCNC(=O)OC(C)(C)C)C(=O)N12,7.314914703369141
CHEMBL1196749,0,0,CN(C)c1cccc2c(S(=O)(=O)NC(CCCNC3=NCCN3)C(=O)N3CCCCC3)cccc12,t1_f5_p1,CN(C)c1cccc2c(S(=O)(=O)NC(CCCNC3=NCCN3)C(=O)N3CCCCC3)cccc12,7.31462287902832
CHEMBL3894856,0,29,CN1C(c2ccc(F)c(CNCCN3CCOCC3)c2)c2ccc3cccnc3c2NS1(=O)=O,t0_f5_p3,CN1C(c2ccc(F)c(CNCCN3CCOCC3)c2)c2ccc3cccnc3c2NS1(=O)=O,7.314346790313721
CHEMBL3929532,0,0,CN1CCN(C(=O)C2CCc3c(sc4ncnc(Nc5ccc6[nH]c(=O)sc6c5)c34)C2)CC1,t0_f5_p0,CN1CCN(C(=O)C2CCc3c(sc4ncnc(Nc5ccc6[nH]c(=O)sc6c5)c34)C2)CC1,7.313445091247559
CHEMBL5283463,0,0,Cc1ccsc1C(=O)Nc1cc(CN2CCN(C(=O)CO)CC2)ccc1/C=C/c1n[nH]c2ccccc12,t0_f5_p0,Cc1ccsc1C(=O)Nc1cc(CN2CCN(C(=O)CO)CC2)ccc1/C=C/c1n[nH]c2ccccc12,7.313381195068359
CHEMBL437033,0,0,CC1CCC(NC(=O)c2csc(NC(=O)c3ccc4cc5n(c4c3)C(C)CNC5=O)n2)CC1,t0_f5_p0,CC1CCC(NC(=O)c2csc(NC(=O)c3ccc4cc5n(c4c3)C(C)CNC5=O)n2)CC1,7.312957763671875
CHEMBL4227283,0,0,CCCOC1CCN(C(=O)Cc2cc(C3NC(=O)NC(C)=C3C(=O)Nc3ccc4[nH]ncc4c3)ccc2F)C1,t0_f5_p0,CCCOC1CCN(C(=O)Cc2cc(C3NC(=O)NC(C)=C3C(=O)Nc3ccc4[nH]ncc4c3)ccc2F)C1,7.312903881072998
CHEMBL3664029,0,0,Nc1cc(F)ccc1NC(=O)c1cnc2c(C3CC3)c(N3CCNCC3)ccc2c1,t0_f5_p0,Nc1cc(F)ccc1NC(=O)c1cnc2c(C3CC3)c(N3CCNCC3)ccc2c1,7.312193393707275
CHEMBL3682387,0,1,O=C(Nc1ccc2c(c1)NC(=O)C(N1CCOCC1)C2)N[C@@H]1CC(CF)(CF)Oc2cc(Cl)ccc21,t0_f5_p6,O=C(Nc1ccc2c(c1)NC(=O)C(N1CCOCC1)C2)N[C@@H]1CC(CF)(CF)Oc2cc(Cl)ccc21,7.310967922210693
CHEMBL454202,0,17,NCCCC[C@@H](C(=O)NCc1ccccc1)N1Cc2[nH]c3ccccc3c2C[C@@H](NC(=O)C2CCN(C(=O)c3ccccc3)CC2)C1=O,t0_f5_p0,NCCCC[C@@H](C(=O)NCc1ccccc1)N1Cc2[nH]c3ccccc3c2C[C@@H](NC(=O)C2CCN(C(=O)c3ccccc3)CC2)C1=O,7.309761047363281
CHEMBL3936719,0,1,COC(=O)Nc1nc2cc(C3(O)c4ccccc4C(=O)N3CC3CCCC3)ccc2[nH]1,t0_f5_p1,COC(=O)Nc1nc2cc(C3(O)c4ccccc4C(=O)N3CC3CCCC3)ccc2[nH]1,7.30902910232544
CHEMBL596933,0,5,O=C(c1cc(Cc2c[nH]c(=O)c3cc(Cl)c(Cl)n23)ccc1F)N1CCCNCC1,t0_f5_p3,O=C(c1cc(Cc2c[nH]c(=O)c3cc(Cl)c(Cl)n23)ccc1F)N1CCCNCC1,7.308354377746582
CHEMBL13675,0,0,CC(C)(N)C(=O)N[C@H](Cc1c[nH]c2ccccc12)C(=O)N1CCCC2(CC(O)c3ccccc3O2)C1,t0_f5_p1,CC(C)(N)C(=O)N[C@H](Cc1c[nH]c2ccccc12)C(=O)N1CCCC2(CC(O)c3ccccc3O2)C1,7.308206558227539
CHEMBL274340,0,2,CC(C)(N)C(=O)N[C@H](Cc1c[nH]c2ccccc12)C(=O)N1CCCC2(CCc3ccccc3O2)C1,t0_f5_p1,CC(C)(N)C(=O)N[C@H](Cc1c[nH]c2ccccc12)C(=O)N1CCCC2(CCc3ccccc3O2)C1,7.307803630828857
CHEMBL42360,0,20,O=C(C[C@H]1S[C@H](c2ccsc2)N(CC(=O)NCCCN2CCOCC2)C1=O)NCc1cccc2ccccc12,t0_f5_p1,O=C(C[C@H]1S[C@H](c2ccsc2)N(CC(=O)NCCCN2CCOCC2)C1=O)NCc1cccc2ccccc12,7.307586669921875
CHEMBL403131,0,20,CN1CCN(CC2CCN(C(=O)[C@H](NC(=O)c3ccc4cc[nH]c4c3)c3ccccc3)CC2)CC1,t0_f5_p3,CN1CCN(CC2CCN(C(=O)[C@H](NC(=O)c3ccc4cc[nH]c4c3)c3ccccc3)CC2)CC1,7.307143688201904
CHEMBL3561657,0,40,COc1ccc2c3c([nH]c2c1)[C@H](CO)N(Cc1cc(F)ccc1F)CC31CN(C(=O)C2CCC2)C1,t0_f5_p3,COc1ccc2c3c([nH]c2c1)[C@H](CO)N(Cc1cc(F)ccc1F)CC31CN(C(=O)C2CCC2)C1,7.306859493255615
CHEMBL3561001,0,30,COc1ccc2c3c([nH]c2c1)[C@@H](CO)N(Cc1cc(F)ccc1F)CC31CN(C(=O)C2CCC2)C1,t0_f5_p3,COc1ccc2c3c([nH]c2c1)[C@@H](CO)N(Cc1cc(F)ccc1F)CC31CN(C(=O)C2CCC2)C1,7.306859493255615
CHEMBL2364638,0,3,C[C@@H]1[C@H](c2ccccc2)C[C@H](NC(=O)c2cnc3c(c2)C[C@@]2(C3)C(=O)Nc3ncccc32)C(=O)N1CC(F)(F)F,t0_f5_p5,C[C@@H]1[C@H](c2ccccc2)C[C@H](NC(=O)c2cnc3c(c2)C[C@@]2(C3)C(=O)Nc3ncccc32)C(=O)N1CC(F)(F)F,7.305674076080322
CHEMBL3969125,1,23,CN1Cc2c(C3=CCCN(CC(=O)N(C)C4CC(O)C4)C3)[nH]c3nccc(c23)-c2cc(F)ccc21,t0_f5_p0,CN1Cc2c(C3=CCCN(CC(=O)N(C)C4CC(O)C4)C3)[nH]c3nccc(c23)-c2cc(F)ccc21,7.3053388595581055
CHEMBL3654655,0,1,Cc1cc(-c2n[nH]c3ccc(C(=O)N[C@@H]4CC[C@@H](C(=O)N(C)C)N(Cc5cccs5)C4)cc23)ccn1,t0_f5_p3,Cc1cc(-c2n[nH]c3ccc(C(=O)N[C@@H]4CC[C@@H](C(=O)N(C)C)N(Cc5cccs5)C4)cc23)ccn1,7.304738998413086
CHEMBL494743,0,3,CC(C)(O)Cn1/c(=N/C(=O)c2ccc(-c3cn[nH]c3)s2)[nH]c2cc(CN3CCC(O)C3)ccc21,t0_f5_p1,CC(C)(O)Cn1/c(=N/C(=O)c2ccc(-c3cn[nH]c3)s2)[nH]c2cc(CN3CCC(O)C3)ccc21,7.303872585296631
CHEMBL217618,0,3,CNS(=O)(=O)c1ccc2c(c1)CC(N(CCCN1CCN(C)CC1)C(=O)Nc1ccc(F)c(Cl)c1)CC2,t0_f5_p0,CNS(=O)(=O)c1ccc2c(c1)CC(N(CCCN1CCN(C)CC1)C(=O)Nc1ccc(F)c(Cl)c1)CC2,7.303401470184326
CHEMBL596720,0,10,CN1CCCN(C(=O)c2cc(Cc3c[nH]c(=O)c4cc(Cl)c(Cl)n34)ccc2F)CC1,t0_f5_p3,CN1CCCN(C(=O)c2cc(Cc3c[nH]c(=O)c4cc(Cl)c(Cl)n34)ccc2F)CC1,7.302628517150879
CHEMBL43988,0,21,O=C(C[C@H]1S[C@H](c2cccc(Cl)c2)N(CC(=O)NCCCN2CCOCC2)C1=O)NCc1cccc2ccccc12,t0_f5_p1,O=C(C[C@H]1S[C@H](c2cccc(Cl)c2)N(CC(=O)NCCCN2CCOCC2)C1=O)NCc1cccc2ccccc12,7.302343845367432
CHEMBL97099,0,0,N=C(N)SCc1cccc2c(=O)c3ccccc3oc12,t0_f5_p2,N=C(N)SCc1cccc2c(=O)c3ccccc3oc12,7.301670074462891
CHEMBL4075511,0,10,O=C(Cc1ccc(CN2CCN(C(=O)c3cc(Cc4n[nH]c(=O)c5ccccc45)ccc3F)CC2)cc1)NO,t1_f5_p0,O=C(Cc1ccc(CN2CCN(C(=O)c3cc(Cc4n[nH]c(=O)c5ccccc45)ccc3F)CC2)cc1)NO,7.301349639892578
CHEMBL3662875,0,3,Cc1nc(C(=O)Nc2n[nH]c3c2CN(C(=O)N2C[C@@H](C)N(C)C[C@@H]2C)C3(C)C)cs1,t0_f5_p0,Cc1nc(C(=O)Nc2n[nH]c3c2CN(C(=O)N2C[C@@H](C)N(C)C[C@@H]2C)C3(C)C)cs1,7.301223278045654
CHEMBL272072,0,0,CC1CNC(=O)c2cc3ccc(C(=O)Nc4nc(C(=O)NC5CCOCC5)cs4)cc3n21,t0_f5_p0,CC1CNC(=O)c2cc3ccc(C(=O)Nc4nc(C(=O)NC5CCOCC5)cs4)cc3n21,7.3005876541137695
CHEMBL3662766,0,0,CCc1ccnc(C(=O)Nc2n[nH]c3c2CN(C(=O)N2C[C@@H]4CCCN4C[C@@H]2C)C3(C)C)c1,t0_f5_p0,CCc1ccnc(C(=O)Nc2n[nH]c3c2CN(C(=O)N2C[C@@H]4CCCN4C[C@@H]2C)C3(C)C)c1,7.299993991851807
CHEMBL1196627,0,17,CN(C)c1cccc2c(S(=O)(=O)NC(CCCNC3=NCCCN3)C(=O)N3CCCCC3)cccc12,t0_f5_p3,CN(C)c1cccc2c(S(=O)(=O)NC(CCCNC3=NCCCN3)C(=O)N3CCCCC3)cccc12,7.299130439758301
CHEMBL1700034,0,2,Cc1ccc(C(=O)N[C@@H](Cc2ccccc2)C(=O)N2CCC3(CC2)NCCc2[nH]cnc23)cc1C,t0_f5_p1,Cc1ccc(C(=O)N[C@@H](Cc2ccccc2)C(=O)N2CCC3(CC2)NCCc2[nH]cnc23)cc1C,7.298974514007568
CHEMBL3917379,0,0,NCCC1CNC(=O)c2cc(-c3ccnc(Cl)c3)c(-c3ccc(CO)cc3)n21,t0_f5_p7,NCCC1CNC(=O)c2cc(-c3ccnc(Cl)c3)c(-c3ccc(CO)cc3)n21,7.298755645751953
CHEMBL1684184,1,17,CNC1CCc2cc(N3CC[C@H](NS(=O)(=O)c4ccc5c(Cl)c[nH]c5c4)C3=O)ccc21,t0_f5_p3,CNC1CCc2cc(N3CC[C@H](NS(=O)(=O)c4ccc5c(Cl)c[nH]c5c4)C3=O)ccc21,7.298466682434082
CHEMBL3662813,0,4,C[C@H]1CN2CCC[C@H]2CC1C(=O)N1Cc2c(NC(=O)c3csc(Br)n3)n[nH]c2C1(C)C,t0_f5_p0,C[C@H]1CN2CCC[C@H]2CC1C(=O)N1Cc2c(NC(=O)c3csc(Br)n3)n[nH]c2C1(C)C,7.298220157623291
CHEMBL3990832,0,5,C[C@@H]1[C@H](c2cc(F)cc(F)c2F)C[C@H](NC(=O)c2cnc3c(c2)C[C@@]2(C3)C(=O)Nc3ncccc32)C(=O)N1CC(F)(F)F,t0_f5_p5,C[C@@H]1[C@H](c2cc(F)cc(F)c2F)C[C@H](NC(=O)c2cnc3c(c2)C[C@@]2(C3)C(=O)Nc3ncccc32)C(=O)N1CC(F)(F)F,7.297603607177734
CHEMBL3658623,0,0,C[C@H]1CN(C)C2(CCCC2)CN1C(=O)N1Cc2c(NC(=O)c3ccccn3)n[nH]c2C1(C)C,t0_f5_p0,C[C@H]1CN(C)C2(CCCC2)CN1C(=O)N1Cc2c(NC(=O)c3ccccn3)n[nH]c2C1(C)C,7.296715259552002
CHEMBL217114,0,10,CN1CCN(CCCN(C(=O)Nc2ccc(F)c(Cl)c2)C2CCc3ccc(S(C)(=O)=O)cc3C2)CC1,t0_f5_p0,CN1CCN(CCCN(C(=O)Nc2ccc(F)c(Cl)c2)C2CCc3ccc(S(C)(=O)=O)cc3C2)CC1,7.296051025390625
CHEMBL91616,0,25,CN1C=C(C(=O)NCCCN2CCC(C#N)(c3ccc(F)cc3)CC2)[C@@H](c2ccc(F)c(F)c2)NC1=O,t0_f5_p3,CN1C=C(C(=O)NCCCN2CCC(C#N)(c3ccc(F)cc3)CC2)[C@@H](c2ccc(F)c(F)c2)NC1=O,7.295570373535156
CHEMBL419497,0,27,CN1C=C(C(=O)NCCCN2CCC(C#N)(c3ccc(F)cc3)CC2)[C@H](c2ccc(F)c(F)c2)NC1=O,t0_f5_p5,CN1C=C(C(=O)NCCCN2CCC(C#N)(c3ccc(F)cc3)CC2)[C@H](c2ccc(F)c(F)c2)NC1=O,7.295570373535156
CHEMBL1709109,0,22,CCN(CC)C(=O)[C@H]1C[C@H](CC(=O)NCCCN(C)C)C(=O)N2CCc3c([nH]c4cc(-c5ccco5)ccc34)[C@]12C,t0_f5_p0,CCN(CC)C(=O)[C@H]1C[C@H](CC(=O)NCCCN(C)C)C(=O)N2CCc3c([nH]c4cc(-c5ccco5)ccc34)[C@]12C,7.2955217361450195
CHEMBL293423,0,1,N=C(c1ccc(CN2CCN(S(=O)(=O)c3cc4cc(Cl)ccc4[nH]3)CC2=O)cc1)N1CCCC1,t0_f5_p1,N=C(c1ccc(CN2CCN(S(=O)(=O)c3cc4cc(Cl)ccc4[nH]3)CC2=O)cc1)N1CCCC1,7.295316219329834
CHEMBL397192,0,4,O=C(NC1Cc2ccccc2N(CC(=O)N2CCC(O)CC2)C1=O)c1cc2cc(Cl)sc2[nH]1,t0_f5_p6,O=C(NC1Cc2ccccc2N(CC(=O)N2CCC(O)CC2)C1=O)c1cc2cc(Cl)sc2[nH]1,7.294612884521484
CHEMBL3662836,0,0,C[C@H]1CN2CCC[C@H]2CN1C(=O)N1Cc2c(NC(=O)c3ccc(C(F)(F)F)cn3)n[nH]c2C1(C)C,t0_f5_p0,C[C@H]1CN2CCC[C@H]2CN1C(=O)N1Cc2c(NC(=O)c3ccc(C(F)(F)F)cn3)n[nH]c2C1(C)C,7.29428243637085
CHEMBL3662889,0,0,Cc1nc(C)c(C(=O)Nc2n[nH]c3c2CN(C(=O)N2C[C@@H]4CCCN4C[C@@H]2C)C3(C)C)o1,t1_f5_p3,Cc1nc(C)c(C(=O)Nc2n[nH]c3c2CN(C(=O)N2C[C@@H]4CCCN4C[C@@H]2C)C3(C)C)o1,7.294076442718506
CHEMBL3683847,0,0,Cc1cc(C#N)cnc1C(=O)Nc1cc(Cl)c(F)c([C@@]2(CF)N=C(N)O[C@@H]3C[C@@H]32)c1,t0_f5_p0,Cc1cc(C#N)cnc1C(=O)Nc1cc(Cl)c(F)c([C@@]2(CF)N=C(N)O[C@@H]3C[C@@H]32)c1,7.2940568923950195
CHEMBL3668453,0,2,COc1ccc(F)cc1-c1ccnc2[nH]c(C3CCN(C(=O)CNC4CCC(O)CC4)CC3)cc12,t0_f5_p1,COc1ccc(F)cc1-c1ccnc2[nH]c(C3CCN(C(=O)CNC4CCC(O)CC4)CC3)cc12,7.291203022003174
CHEMBL3822889,0,0,CN1CCN(C(=O)c2ccc(NC(=O)c3csc4c(=O)[nH]cnc34)c(C3CCCCC3)c2)CC1,t0_f5_p0,CN1CCN(C(=O)c2ccc(NC(=O)c3csc4c(=O)[nH]cnc34)c(C3CCCCC3)c2)CC1,7.291092872619629
CHEMBL303790,0,3,N=C(c1ccc(CN2CCN(S(=O)(=O)c3cc4cc(Cl)ccc4[nH]3)CC2=O)cc1)N1CCCCC1,t0_f5_p1,N=C(c1ccc(CN2CCN(S(=O)(=O)c3cc4cc(Cl)ccc4[nH]3)CC2=O)cc1)N1CCCCC1,7.2907328605651855
CHEMBL2413148,0,0,CC(C)(N)C(=O)N[C@H](Cc1c[nH]c2ccccc12)C(=O)N1CCC[C@]2(CC1)C(=O)Nc1ccccc12,t0_f5_p1,CC(C)(N)C(=O)N[C@H](Cc1c[nH]c2ccccc12)C(=O)N1CCC[C@]2(CC1)C(=O)Nc1ccccc12,7.2886061668396
CHEMBL2413147,0,1,CC(C)(N)C(=O)N[C@@H](Cc1c[nH]c2ccccc12)C(=O)N1CCC[C@@]2(CC1)C(=O)Nc1ccccc12,t0_f5_p1,CC(C)(N)C(=O)N[C@@H](Cc1c[nH]c2ccccc12)C(=O)N1CCC[C@@]2(CC1)C(=O)Nc1ccccc12,7.2886061668396
CHEMBL2413149,0,2,CC(C)(N)C(=O)N[C@H](Cc1c[nH]c2ccccc12)C(=O)N1CCC[C@@]2(CC1)C(=O)Nc1ccccc12,t0_f5_p1,CC(C)(N)C(=O)N[C@H](Cc1c[nH]c2ccccc12)C(=O)N1CCC[C@@]2(CC1)C(=O)Nc1ccccc12,7.2886061668396
CHEMBL2413150,0,2,CC(C)(N)C(=O)N[C@@H](Cc1c[nH]c2ccccc12)C(=O)N1CCC[C@]2(CC1)C(=O)Nc1ccccc12,t0_f5_p1,CC(C)(N)C(=O)N[C@@H](Cc1c[nH]c2ccccc12)C(=O)N1CCC[C@]2(CC1)C(=O)Nc1ccccc12,7.2886061668396
CHEMBL43969,0,23,O=C(C[C@H]1S[C@H](c2ccc(F)cc2)N(CC(=O)NCCCN2CCOCC2)C1=O)NCc1cccc2ccccc12,t0_f5_p1,O=C(C[C@H]1S[C@H](c2ccc(F)cc2)N(CC(=O)NCCCN2CCOCC2)C1=O)NCc1cccc2ccccc12,7.287476539611816
CHEMBL42985,0,28,O=C(C[C@H]1S[C@@H](c2ccc(Cl)cc2)N(CC(=O)NCCCN2CCOCC2)C1=O)NCc1cccc2ccccc12,t0_f5_p1,O=C(C[C@H]1S[C@@H](c2ccc(Cl)cc2)N(CC(=O)NCCCN2CCOCC2)C1=O)NCc1cccc2ccccc12,7.286777019500732
CHEMBL42585,0,26,O=C(C[C@H]1S[C@H](c2ccc(Cl)cc2)N(CC(=O)NCCCN2CCOCC2)C1=O)NCc1cccc2ccccc12,t0_f5_p1,O=C(C[C@H]1S[C@H](c2ccc(Cl)cc2)N(CC(=O)NCCCN2CCOCC2)C1=O)NCc1cccc2ccccc12,7.286777019500732
CHEMBL3662853,0,0,C[C@@H]1CN(C(=O)N2Cc3c(NC(=O)c4ccccn4)n[nH]c3C2(C)C)[C@@H](C)CN1Cc1cocn1,t0_f5_p0,C[C@@H]1CN(C(=O)N2Cc3c(NC(=O)c4ccccn4)n[nH]c3C2(C)C)[C@@H](C)CN1Cc1cocn1,7.285864353179932
CHEMBL40366,0,16,O=C(CC1SC(c2ccc(Cl)cc2)N(CC(=O)NCCCN2CCOCC2)C1=O)NCc1cccc2ccccc12,t0_f5_p1,O=C(CC1SC(c2ccc(Cl)cc2)N(CC(=O)NCCCN2CCOCC2)C1=O)NCc1cccc2ccccc12,7.28580379486084
CHEMBL3662839,0,0,C[C@H]1CN(C)C2(CCC2)CN1C(=O)N1Cc2c(NC(=O)c3ccccn3)n[nH]c2C1(C)C,t0_f5_p0,C[C@H]1CN(C)C2(CCC2)CN1C(=O)N1Cc2c(NC(=O)c3ccccn3)n[nH]c2C1(C)C,7.285760879516602
CHEMBL4083899,0,12,CC1(C)CC(c2ccc(S(=O)(=O)Nc3cc4c(=O)[nH]ccc4cc3F)s2)=CNC1=O,t0_f5_p4,CC1(C)CC(c2ccc(S(=O)(=O)Nc3cc4c(=O)[nH]ccc4cc3F)s2)=CNC1=O,7.2847371101379395
CHEMBL3700795,0,4,Nc1cnc(-c2ccc(-c3ccccc3C(=O)NC3CCOCC3)cc2F)cn1,t0_f5_p2,Nc1cnc(-c2ccc(-c3ccccc3C(=O)NC3CCOCC3)cc2F)cn1,7.284500598907471
CHEMBL3697425,0,1,Cc1cc(C)c(CNC(=O)c2cc(-c3ccc(CN(C)C)nc3)cc(N(C)C3CCOCC3)c2C)c(=O)[nH]1,t0_f5_p1,Cc1cc(C)c(CNC(=O)c2cc(-c3ccc(CN(C)C)nc3)cc(N(C)C3CCOCC3)c2C)c(=O)[nH]1,7.284091472625732
CHEMBL3953940,0,0,CN(C)C(=O)CN1CC2C=C(c3[nH]c4nccc5c4c3CN(C)c3ccc(F)cc3-5)CC2C1,t0_f5_p4,CN(C)C(=O)CN1CC2C=C(c3[nH]c4nccc5c4c3CN(C)c3ccc(F)cc3-5)CC2C1,7.283910274505615
CHEMBL148992,0,6,O=C(CN1CCC(O)CC1)Nc1cccc2c1C(=O)c1c(-c3ccc(N4CCOCC4)cc3)n[nH]c1-2,t0_f5_p1,O=C(CN1CCC(O)CC1)Nc1cccc2c1C(=O)c1c(-c3ccc(N4CCOCC4)cc3)n[nH]c1-2,7.283583641052246
CHEMBL3654652,0,12,Cc1cc(-c2n[nH]c3ccc(C(=O)N[C@@H]4CC[C@@H](C(=O)N(C)C)N(Cc5ccccc5F)C4)cc23)ccn1,t0_f5_p3,Cc1cc(-c2n[nH]c3ccc(C(=O)N[C@@H]4CC[C@@H](C(=O)N(C)C)N(Cc5ccccc5F)C4)cc23)ccn1,7.282391548156738
CHEMBL1910936,0,0,O=C(CN1C(=O)C2(CCCC2)NC[C@H]1c1cc(F)cc(F)c1)Nc1ccc2c(c1)C[C@@]1(C2)C(=O)Nc2ncccc21,t0_f5_p5,O=C(CN1C(=O)C2(CCCC2)NC[C@H]1c1cc(F)cc(F)c1)Nc1ccc2c(c1)C[C@@]1(C2)C(=O)Nc2ncccc21,7.280869960784912
CHEMBL330068,0,5,Cc1cc(NC(=O)NCc2ccc(N3C(N)=NC(N)=NC3(C)C)cc2Cl)ccc1S(=O)(=O)F,t0_f5_p4,Cc1cc(NC(=O)NCc2ccc(N3C(N)=NC(N)=NC3(C)C)cc2Cl)ccc1S(=O)(=O)F,7.280843257904053
CHEMBL1684181,0,21,CN(C)C1CCc2cc(N3CC[C@H](NS(=O)(=O)c4ccc5c(Cl)c[nH]c5c4)C3=O)ccc21,t1_f5_p0,CN(C)C1CCc2cc(N3CC[C@H](NS(=O)(=O)c4ccc5c(Cl)c[nH]c5c4)C3=O)ccc21,7.280804634094238
CHEMBL3542251,0,8,NC1=NC(c2cccc(C(O)CO)c2)(c2ccnc(C(F)F)c2)c2cccc(F)c21,t0_f5_p1,NC1=NC(c2cccc(C(O)CO)c2)(c2ccnc(C(F)F)c2)c2cccc(F)c21,7.279446601867676
CHEMBL453734,0,0,CCC[C@H]1C(=O)N([C@@H](Cc2ccc3ccccc3c2)C(=O)NC)CCN1C(=O)[C@@H](Cc1ccc(F)cc1)NC(=O)C(C)(C)N,t0_f5_p1,CCC[C@H]1C(=O)N([C@@H](Cc2ccc3ccccc3c2)C(=O)NC)CCN1C(=O)[C@@H](Cc1ccc(F)cc1)NC(=O)C(C)(C)N,7.279407978057861
CHEMBL1809011,0,6,O=C([C@@H]1C=C2c3cccc4[nH]cc(c34)C[C@H]2N(C(=O)Nc2ccccc2)C1)N1CCC(O)CC1,t1_f5_p1,O=C([C@@H]1C=C2c3cccc4[nH]cc(c34)C[C@H]2N(C(=O)Nc2ccccc2)C1)N1CCC(O)CC1,7.279043197631836
CHEMBL3662811,0,0,CC(C)[C@H]1CN2CCC[C@H]2CN1C(=O)N1Cc2c(NC(=O)c3ccc(F)cc3F)n[nH]c2C1(C)C,t0_f5_p0,CC(C)[C@H]1CN2CCC[C@H]2CN1C(=O)N1Cc2c(NC(=O)c3ccc(F)cc3F)n[nH]c2C1(C)C,7.278919219970703
CHEMBL310842,0,2,Cc1cc(O)cc(C)c1C[C@H](N)C(=O)N1Cc2ccccc2C[C@H]1CNC(=O)NC(C)(C)C,t0_f5_p2,Cc1cc(O)cc(C)c1C[C@H](N)C(=O)N1Cc2ccccc2C[C@H]1CNC(=O)NC(C)(C)C,7.2782769203186035
CHEMBL275093,0,2,CC(C)(N)C(=O)N[C@H](Cc1c[nH]c2ccccc12)C(=O)N1CCC[C@@]2(CC(=O)c3ccccc3O2)C1,t0_f5_p1,CC(C)(N)C(=O)N[C@H](Cc1c[nH]c2ccccc12)C(=O)N1CCC[C@@]2(CC(=O)c3ccccc3O2)C1,7.27826452255249
CHEMBL13687,0,0,CC(C)(N)C(=O)N[C@H](Cc1c[nH]c2ccccc12)C(=O)N1CCCC2(CC(=O)c3ccccc3O2)C1,t0_f5_p1,CC(C)(N)C(=O)N[C@H](Cc1c[nH]c2ccccc12)C(=O)N1CCCC2(CC(=O)c3ccccc3O2)C1,7.27826452255249
CHEMBL13926,0,1,CC(C)(N)C(=O)N[C@H](Cc1c[nH]c2ccccc12)C(=O)N1CCC[C@]2(CC(=O)c3ccccc3O2)C1,t0_f5_p1,CC(C)(N)C(=O)N[C@H](Cc1c[nH]c2ccccc12)C(=O)N1CCC[C@]2(CC(=O)c3ccccc3O2)C1,7.27826452255249
CHEMBL3920469,0,0,CN1Cc2c(C3=CCCN(CC(=O)N4CC(O)C4)CC3)[nH]c3nccc(c23)-c2cc(F)ccc21,t1_f5_p3,CN1Cc2c(C3=CCCN(CC(=O)N4CC(O)C4)CC3)[nH]c3nccc(c23)-c2cc(F)ccc21,7.278196334838867
CHEMBL3640330,0,7,CCN1CCN(C(=O)c2ccc(C#C[C@]3(CN4Cc5ccc(OC)c(F)c5C4=O)NC(=O)NC3=O)cc2)CC1,t1_f5_p1,CCN1CCN(C(=O)c2ccc(C#C[C@]3(CN4Cc5ccc(OC)c(F)c5C4=O)NC(=O)NC3=O)cc2)CC1,7.276837348937988
CHEMBL3682388,0,10,CC1(C)C[C@@H](NC(=O)Nc2ccc3c(c2)NC(=O)C(N2CCOCC2)C3)c2ccc(F)cc2O1,t0_f5_p6,CC1(C)C[C@@H](NC(=O)Nc2ccc3c(c2)NC(=O)C(N2CCOCC2)C3)c2ccc(F)cc2O1,7.276571273803711
CHEMBL2407553,0,0,O=C1c2[nH]nc(NS(=O)(=O)c3cccc4ccccc34)c2CCN1CC1CCNCC1,t0_f5_p0,O=C1c2[nH]nc(NS(=O)(=O)c3cccc4ccccc34)c2CCN1CC1CCNCC1,7.276211738586426
CHEMBL2346698,0,0,Cc1nc(CC(=O)N2Cc3[nH]nc(NC(=O)c4ccc(N5CCN(C)CC5)cc4)c3C2)cs1,t0_f5_p0,Cc1nc(CC(=O)N2Cc3[nH]nc(NC(=O)c4ccc(N5CCN(C)CC5)cc4)c3C2)cs1,7.274921894073486
CHEMBL197070,0,0,COC(=O)NCc1ccc2c(c1)CC[C@H](C(=O)N(C)[C@H](CN1CC[C@H](O)C1)c1ccccc1)O2,t0_f5_p7,COC(=O)NCc1ccc2c(c1)CC[C@H](C(=O)N(C)[C@H](CN1CC[C@H](O)C1)c1ccccc1)O2,7.272977352142334
CHEMBL196813,0,15,COC(=O)NCc1ccc2c(c1)CC[C@@H](C(=O)N(C)[C@H](CN1CC[C@H](O)C1)c1ccccc1)O2,t0_f5_p3,COC(=O)NCc1ccc2c(c1)CC[C@@H](C(=O)N(C)[C@H](CN1CC[C@H](O)C1)c1ccccc1)O2,7.272977352142334
CHEMBL210046,0,0,CC(=O)N1CCN(C(=O)c2cc(N)cc(Sc3cnc(NC(=O)c4ccc(N(C)C)cc4)s3)c2)CC1,t0_f5_p0,CC(=O)N1CCN(C(=O)c2cc(N)cc(Sc3cnc(NC(=O)c4ccc(N(C)C)cc4)s3)c2)CC1,7.272522449493408
CHEMBL1490497,0,2,N=C(N)SCc1cccc(-c2nc3ccccc3c(=O)o2)c1,t0_f5_p1,N=C(N)SCc1cccc(-c2nc3ccccc3c(=O)o2)c1,7.272470474243164
CHEMBL2030568,0,0,CNC(=O)Nc1sc2ccccc2c1C(=O)N1CCC(N2CCCC3(CCN(C(C)C)C3=O)C2)CC1,t0_f5_p0,CNC(=O)Nc1sc2ccccc2c1C(=O)N1CCC(N2CCCC3(CCN(C(C)C)C3=O)C2)CC1,7.272243022918701
CHEMBL3909984,0,0,COC(=O)Nc1nc2cc(C3(O)c4ccccc4C(=O)N3CC3CCC3)ccc2[nH]1,t0_f5_p1,COC(=O)Nc1nc2cc(C3(O)c4ccccc4C(=O)N3CC3CCC3)ccc2[nH]1,7.271969318389893
CHEMBL3664026,0,0,CN1CCN(c2ccc3cc(C(=O)Nc4ccc(F)cc4N)cnc3c2C2CC2)CC1,t0_f5_p0,CN1CCN(c2ccc3cc(C(=O)Nc4ccc(F)cc4N)cnc3c2C2CC2)CC1,7.271934509277344
CHEMBL4111730,0,2,Cc1cc(CN2C(=O)[C@]3(N=C2N)c2cc(C#N)ccc2C[C@@]32C[C@@H](C)[C@H](O)[C@@H](C)C2)ccn1,t1_f5_p1,Cc1cc(CN2C(=O)[C@]3(N=C2N)c2cc(C#N)ccc2C[C@@]32C[C@@H](C)[C@H](O)[C@@H](C)C2)ccn1,7.271453857421875
CHEMBL3715243,0,34,O=c1[nH]c(=O)c2cc(-c3n[nH]cc3CN3C4CCC3CN(c3ccc(C(F)(F)F)cn3)C4)ccc2o1,t0_f5_p1,O=c1[nH]c(=O)c2cc(-c3n[nH]cc3CN3C4CCC3CN(c3ccc(C(F)(F)F)cn3)C4)ccc2o1,7.271029949188232
CHEMBL493007,0,3,CC(C)(O)Cn1/c(=N/C(=O)c2ccc(-c3cn[nH]c3)s2)[nH]c2cc(CN3CCCCC3)ccc21,t0_f5_p1,CC(C)(O)Cn1/c(=N/C(=O)c2ccc(-c3cn[nH]c3)s2)[nH]c2cc(CN3CCCCC3)ccc21,7.270798206329346
CHEMBL1906884,0,3,CC(C)[C@@H](CN1CCC2(CC1)C(=O)NCN2c1ccccc1)NC(=O)c1cc2cc(F)ccc2[nH]1,t0_f5_p1,CC(C)[C@@H](CN1CCC2(CC1)C(=O)NCN2c1ccccc1)NC(=O)c1cc2cc(F)ccc2[nH]1,7.269975662231445
CHEMBL2448924,0,28,N=C(N)c1ccc([C@H]2[C@H]3C(=O)N(Cc4ccc(F)cc4)[C@](O)(C(F)(F)F)[C@H]3[C@@H]3CCCN32)cc1,t0_f5_p1,N=C(N)c1ccc([C@H]2[C@H]3C(=O)N(Cc4ccc(F)cc4)[C@](O)(C(F)(F)F)[C@H]3[C@@H]3CCCN32)cc1,7.269653797149658
CHEMBL2448925,0,6,CO[C@@]1(C(F)(F)F)[C@@H]2[C@H](C(=O)N1Cc1ccc(F)cc1)[C@H](c1ccc(C(=N)N)cc1)N1CCC[C@@H]21,t0_f5_p3,CO[C@@]1(C(F)(F)F)[C@@H]2[C@H](C(=O)N1Cc1ccc(F)cc1)[C@H](c1ccc(C(=N)N)cc1)N1CCC[C@@H]21,7.268322467803955
CHEMBL2448926,0,0,CO[C@]1(C(F)(F)F)[C@@H]2[C@H](C(=O)N1Cc1ccc(F)cc1)[C@H](c1ccc(C(=N)N)cc1)N1CCC[C@@H]21,t0_f5_p3,CO[C@]1(C(F)(F)F)[C@@H]2[C@H](C(=O)N1Cc1ccc(F)cc1)[C@H](c1ccc(C(=N)N)cc1)N1CCC[C@@H]21,7.268322467803955
CHEMBL3914697,1,5,CN1Cc2c(C3=CC4CN(S(C)(=O)=O)CC4C3)[nH]c3nccc(c23)-c2cc(F)ccc21,t0_f5_p4,CN1Cc2c(C3=CC4CN(S(C)(=O)=O)CC4C3)[nH]c3nccc(c23)-c2cc(F)ccc21,7.268269062042236
CHEMBL1084529,0,0,CC(C)[C@@H](CN1CC[C@@](C)(c2cccc(O)c2)[C@@H](C)C1)NC(=O)[C@@H]1Cc2ccc(O)cc2CO1,t0_f5_p2,CC(C)[C@@H](CN1CC[C@@](C)(c2cccc(O)c2)[C@@H](C)C1)NC(=O)[C@@H]1Cc2ccc(O)cc2CO1,7.268164157867432
CHEMBL1085025,0,21,CC(C)[C@@H](CN1CC[C@@](C)(c2cccc(O)c2)[C@@H](C)C1)NC(=O)[C@H]1Cc2ccc(O)cc2CO1,t0_f5_p2,CC(C)[C@@H](CN1CC[C@@](C)(c2cccc(O)c2)[C@@H](C)C1)NC(=O)[C@H]1Cc2ccc(O)cc2CO1,7.268164157867432
CHEMBL3357319,0,46,O=C(NCCN1CC2CC(n3c(=O)[nH]c4ccccc43)CC2C1)c1cc2cc(F)ccc2[nH]1,t0_f5_p1,O=C(NCCN1CC2CC(n3c(=O)[nH]c4ccccc43)CC2C1)c1cc2cc(F)ccc2[nH]1,7.267927169799805
CHEMBL3559991,0,18,O=C(NCCN1CCC2(CC1)C(=O)NCN2Cc1cccnc1)c1cc2cc(F)ccc2[nH]1,t0_f5_p1,O=C(NCCN1CCC2(CC1)C(=O)NCN2Cc1cccnc1)c1cc2cc(F)ccc2[nH]1,7.267471313476563
CHEMBL2112474,0,4,CC(C)[C@@H](CN1CC[C@@](C)(c2cccc(O)c2)[C@@H](C)C1)NC(=O)[C@H]1Cc2ccc(O)cc2CN1C(=O)CN(C)C,t0_f5_p2,CC(C)[C@@H](CN1CC[C@@](C)(c2cccc(O)c2)[C@@H](C)C1)NC(=O)[C@H]1Cc2ccc(O)cc2CN1C(=O)CN(C)C,7.2668962478637695
CHEMBL3662865,0,2,Cc1nc(C)c(C(=O)Nc2n[nH]c3c2CN(C(=O)N2C[C@@H](C)N(CCCO)C[C@@H]2C)C3(C)C)o1,t1_f5_p3,Cc1nc(C)c(C(=O)Nc2n[nH]c3c2CN(C(=O)N2C[C@@H](C)N(CCCO)C[C@@H]2C)C3(C)C)o1,7.266505241394043
CHEMBL3640350,0,32,COc1ccc2c(c1F)C(=O)N(C[C@]1(C#Cc3ccc(CN4CCN(C5CCCCC5)CC4)cc3)NC(=O)NC1=O)C2,t1_f5_p1,COc1ccc2c(c1F)C(=O)N(C[C@]1(C#Cc3ccc(CN4CCN(C5CCCCC5)CC4)cc3)NC(=O)NC1=O)C2,7.266406536102295
CHEMBL3640347,0,22,COc1ccc2c(c1F)C(=O)N(C[C@@]1(C#Cc3ccc(CN4CCN(C5CCCCC5)CC4)cc3)NC(=O)NC1=O)C2,t1_f5_p1,COc1ccc2c(c1F)C(=O)N(C[C@@]1(C#Cc3ccc(CN4CCN(C5CCCCC5)CC4)cc3)NC(=O)NC1=O)C2,7.266406536102295
CHEMBL3717989,0,14,CNC(=O)c1cc(NC2(C(=O)Nc3nc4ccc5[nH]ncc5c4s3)CC2)ccc1Cl,t0_f5_p1,CNC(=O)c1cc(NC2(C(=O)Nc3nc4ccc5[nH]ncc5c4s3)CC2)ccc1Cl,7.266189098358154
CHEMBL4126365,0,0,CN1C(=N)N[C@@]2(c3cc(NC(=O)c4ncc(F)cc4F)ccc3F)CCC[C@H]2S1(=O)=O,t0_f5_p0,CN1C(=N)N[C@@]2(c3cc(NC(=O)c4ncc(F)cc4F)ccc3F)CCC[C@H]2S1(=O)=O,7.265724658966064
CHEMBL4108740,0,24,CC(=O)n1cc(CN2CCC[C@@H](NC(=O)N3CCc4[nH]nc(-c5ccncc5)c4C3)C2)c2ccccc21,t0_f5_p2,CC(=O)n1cc(CN2CCC[C@@H](NC(=O)N3CCc4[nH]nc(-c5ccncc5)c4C3)C2)c2ccccc21,7.264697551727295
CHEMBL3959221,0,1,CS(=O)(=O)Nc1ccc2c3c(ccc2c1)O[C@H](c1cc(F)c(F)cc1F)[C@@H](N)C3,t1_f5_p2,CS(=O)(=O)Nc1ccc2c3c(ccc2c1)O[C@H](c1cc(F)c(F)cc1F)[C@@H](N)C3,7.2642107009887695
CHEMBL3920748,0,6,COC1CCC2(CC1)Cc1ccc(CCC3CC3)cc1C21N=C(N)N(Cc2c[nH]cn2)C1=O,t0_f5_p1,COC1CCC2(CC1)Cc1ccc(CCC3CC3)cc1C21N=C(N)N(Cc2c[nH]cn2)C1=O,7.263996124267578
CHEMBL3640348,0,19,CCN1CCN(Cc2ccc(C#C[C@]3(CN4Cc5ccc(OC)c(F)c5C4=O)NC(=O)NC3=O)cc2F)CC1,t1_f5_p1,CCN1CCN(Cc2ccc(C#C[C@]3(CN4Cc5ccc(OC)c(F)c5C4=O)NC(=O)NC3=O)cc2F)CC1,7.263182163238525
CHEMBL4164912,1,42,O=C1CCc2cc(S(=O)(=O)Nc3ccc(C4(O)CSC(=S)N4Cc4cccnc4)cc3)ccc2N1,t0_f5_p2,O=C1CCc2cc(S(=O)(=O)Nc3ccc(C4(O)CSC(=S)N4Cc4cccnc4)cc3)ccc2N1,7.262583255767822
CHEMBL1689021,0,0,O=C1[C@@H](NS(=O)(=O)c2ccc3cc(Cl)ccc3c2)CCN1c1cc2c(cc1F)CNCC2,t1_f5_p0,O=C1[C@@H](NS(=O)(=O)c2ccc3cc(Cl)ccc3c2)CCN1c1cc2c(cc1F)CNCC2,7.261604309082031
CHEMBL3691688,0,11,O=C1CCc2cc(S(=O)(=O)NC(C(=O)N3CCN(C4CCCCC4)CC3)c3ccccc3)ccc2N1,t0_f5_p3,O=C1CCc2cc(S(=O)(=O)NC(C(=O)N3CCN(C4CCCCC4)CC3)c3ccccc3)ccc2N1,7.260448932647705
CHEMBL3730883,0,4,CC(=O)N1CCC(N2CCC(c3ccc4c(c3)/C(=C/c3[nH]c(C)c(C(=O)N5CCN(C)CC5)c3C)C(=O)N4)CC2)CC1,t0_f5_p4,CC(=O)N1CCC(N2CCC(c3ccc4c(c3)/C(=C/c3[nH]c(C)c(C(=O)N5CCN(C)CC5)c3C)C(=O)N4)CC2)CC1,7.260448932647705
CHEMBL3662742,0,0,CCC[C@H]1CN2CCC[C@H]2CN1C(=O)N1Cc2c(NC(=O)c3ccccc3)n[nH]c2C1(C)C,t0_f5_p0,CCC[C@H]1CN2CCC[C@H]2CN1C(=O)N1Cc2c(NC(=O)c3ccccc3)n[nH]c2C1(C)C,7.257923126220703
CHEMBL2407554,0,0,O=C1c2[nH]nc(NS(=O)(=O)c3ccc4ccccc4c3)c2CCN1CC1CCNCC1,t1_f5_p7,O=C1c2[nH]nc(NS(=O)(=O)c3ccc4ccccc4c3)c2CCN1CC1CCNCC1,7.257044315338135
CHEMBL4129654,0,0,CN1C(=N)N[C@@]2(c3cc(NC(=O)c4ncc(Cl)cc4F)ccc3F)CCC[C@H]2S1(=O)=O,t0_f5_p0,CN1C(=N)N[C@@]2(c3cc(NC(=O)c4ncc(Cl)cc4F)ccc3F)CCC[C@H]2S1(=O)=O,7.2566657066345215
CHEMBL334641,3,12,CC(=O)Oc1cc2c(cc1C)OC(C)(COc1ccc(CC3SC(N)=NC3=O)cc1)CC2,t0_f5_p5,CC(=O)Oc1cc2c(cc1C)OC(C)(COc1ccc(CC3SC(N)=NC3=O)cc1)CC2,7.256292343139648
CHEMBL2349195,0,0,Cc1[nH]c2ccccc2c1CC(=O)N1Cc2[nH]nc(NC(=O)c3ccc(N4CCN(C)CC4)cc3)c2C1,t0_f5_p0,Cc1[nH]c2ccccc2c1CC(=O)N1Cc2[nH]nc(NC(=O)c3ccc(N4CCN(C)CC4)cc3)c2C1,7.256013870239258
CHEMBL4110333,0,41,Cn1c(CN2CCC[C@@H](NC(=O)N3CCc4[nH]nc(-c5ccncc5)c4C3)C2)cc2ccccc21,t0_f5_p2,Cn1c(CN2CCC[C@@H](NC(=O)N3CCc4[nH]nc(-c5ccncc5)c4C3)C2)cc2ccccc21,7.254756927490234
CHEMBL417712,0,28,O=C(C[C@H]1S[C@H](c2cccs2)N(CC(=O)NCCCN2CCOCC2)C1=O)NCc1cccc2ccccc12,t0_f5_p1,O=C(C[C@H]1S[C@H](c2cccs2)N(CC(=O)NCCCN2CCOCC2)C1=O)NCc1cccc2ccccc12,7.254013061523437
CHEMBL3664737,0,0,CNc1cccc(S(=O)(=O)c2ccc3c(c2)c2c(n3C)CC3CCC2N3)c1,t0_f5_p3,CNc1cccc(S(=O)(=O)c2ccc3c(c2)c2c(n3C)CC3CCC2N3)c1,7.253315925598144
CHEMBL1529371,0,27,Cc1ccc(C(=O)NCCN2C3=NC[C@H](C(C)C)N3C[C@H]2Cc2ccc(O)cc2)cc1Br,t0_f5_p2,Cc1ccc(C(=O)NCCN2C3=NC[C@H](C(C)C)N3C[C@H]2Cc2ccc(O)cc2)cc1Br,7.253271579742432
CHEMBL316756,0,27,NS(=O)(=O)c1ccc2c(c1)/C(=C/c1cn(CCCC(=O)N3CCCCC3)c3ccccc13)C(=O)N2,t0_f5_p1,NS(=O)(=O)c1ccc2c(c1)/C(=C/c1cn(CCCC(=O)N3CCCCC3)c3ccccc13)C(=O)N2,7.253133296966553
CHEMBL4174993,0,2,O=S(=O)(Nc1ccc(C2(O)CSC(=S)N2Cc2cccnc2)cc1)c1cccc(F)c1,t0_f5_p3,O=S(=O)(Nc1ccc(C2(O)CSC(=S)N2Cc2cccnc2)cc1)c1cccc(F)c1,7.253077507019043
CHEMBL3640393,0,13,COc1ccc2c(c1F)C(=O)N(C[C@@]1(C#Cc3ccc(C4(C#N)CCN(C)CC4)cc3)NC(=O)NC1=O)C2,t1_f5_p1,COc1ccc2c(c1F)C(=O)N(C[C@@]1(C#Cc3ccc(C4(C#N)CCN(C)CC4)cc3)NC(=O)NC1=O)C2,7.252932548522949
CHEMBL569225,0,0,CNCCN1CCC(c2ccc3[nH]c(-c4cccnc4OC)nc3c2)CC1,t0_f5_p0,CNCCN1CCC(c2ccc3[nH]c(-c4cccnc4OC)nc3c2)CC1,7.252760410308838
CHEMBL3656899,0,1,CN1C(=O)NC(=O)C12Cc1cc3ccc(CN4CCC(Cc5ccccc5)CC4)nc3cc1C2,t0_f5_p2,CN1C(=O)NC(=O)C12Cc1cc3ccc(CN4CCC(Cc5ccccc5)CC4)nc3cc1C2,7.252319812774658
CHEMBL268231,0,0,CC(C)(N)C(=O)N[C@H](Cc1c[nH]c2ccccc12)C(=O)N1CCC2(CC1)CC(=O)c1ccccc1O2,t0_f5_p1,CC(C)(N)C(=O)N[C@H](Cc1c[nH]c2ccccc12)C(=O)N1CCC2(CC1)CC(=O)c1ccccc1O2,7.252100467681885
CHEMBL3979879,0,31,O=C(CN1C[C@H](F)[C@H](NC(=O)c2ccc(Cl)s2)C1)Nc1ccc(-n2ccccc2=O)cc1F,t0_f5_p1,O=C(CN1C[C@H](F)[C@H](NC(=O)c2ccc(Cl)s2)C1)Nc1ccc(-n2ccccc2=O)cc1F,7.251683712005615
CHEMBL550453,0,6,O=C(CN1C[C@H](NC(=O)c2ccc(Cl)s2)[C@@H](F)C1)Nc1ccc(-n2ccccc2=O)cc1F,t0_f5_p2,O=C(CN1C[C@H](NC(=O)c2ccc(Cl)s2)[C@@H](F)C1)Nc1ccc(-n2ccccc2=O)cc1F,7.251683712005615
CHEMBL605938,0,7,O=S(=O)(Nc1ccc2c(c1)C(C1CCNC1)=CC2)c1c(Cl)nc2sccn12,t1_f5_p7,O=S(=O)(Nc1ccc2c(c1)C(C1CCNC1)=CC2)c1c(Cl)nc2sccn12,7.251220226287842
CHEMBL3913460,0,0,CN1CCN(Cc2ccc(C(=O)Nc3sc(-c4ccncc4Br)nc3C(N)=O)cc2)CC1,t0_f5_p0,CN1CCN(Cc2ccc(C(=O)Nc3sc(-c4ccncc4Br)nc3C(N)=O)cc2)CC1,7.251107692718506
CHEMBL3559759,0,3,O=C(NCCN1CCC2(CC1)C(=O)NCN2Cc1cccnc1)c1cc2ccccc2[nH]1,t0_f5_p1,O=C(NCCN1CCC2(CC1)C(=O)NCN2Cc1cccnc1)c1cc2ccccc2[nH]1,7.250268936157227
CHEMBL2403373,0,0,CN1CCC(Nc2ccc3c(c2)/C(=C/c2cc4c([nH]2)CCN(C(=O)N2CCOCC2)C4)C(=O)N3)CC1,t1_f5_p7,CN1CCC(Nc2ccc3c(c2)/C(=C/c2cc4c([nH]2)CCN(C(=O)N2CCOCC2)C4)C(=O)N3)CC1,7.249942779541016
CHEMBL572102,0,0,CNCCN1CCC(c2cc(C)c3nc(-c4cccnc4OC)[nH]c3c2)CC1,t0_f5_p0,CNCCN1CCC(c2cc(C)c3nc(-c4cccnc4OC)[nH]c3c2)CC1,7.249691963195801
CHEMBL1809014,0,1,O=C([C@@H]1C=C2c3cccc4[nH]cc(c34)C[C@H]2N(C(=O)Nc2ccccc2)C1)N1CC[C@H](O)C1,t1_f5_p1,O=C([C@@H]1C=C2c3cccc4[nH]cc(c34)C[C@H]2N(C(=O)Nc2ccccc2)C1)N1CC[C@H](O)C1,7.249359130859375
CHEMBL1809013,0,0,O=C([C@@H]1C=C2c3cccc4[nH]cc(c34)C[C@H]2N(C(=O)Nc2ccccc2)C1)N1CC[C@@H](O)C1,t1_f5_p1,O=C([C@@H]1C=C2c3cccc4[nH]cc(c34)C[C@H]2N(C(=O)Nc2ccccc2)C1)N1CC[C@@H](O)C1,7.249359130859375
CHEMBL569340,0,15,CN1C(=O)NC(=O)[C@@]12Cc1ccc(NC(=O)CN(Cc3cc(F)cc(F)c3)C(=O)C(C)(C)C)cc1C2,t0_f5_p1,CN1C(=O)NC(=O)[C@@]12Cc1ccc(NC(=O)CN(Cc3cc(F)cc(F)c3)C(=O)C(C)(C)C)cc1C2,7.249333381652832
CHEMBL3613448,0,22,CC(C)[C@@H](CN1CCC(C)(c2cccc(F)c2)CC1)NC(=O)[C@H]1Cc2ccc(O)cc2CN1,t0_f5_p2,CC(C)[C@@H](CN1CCC(C)(c2cccc(F)c2)CC1)NC(=O)[C@H]1Cc2ccc(O)cc2CN1,7.249029159545898
CHEMBL3977524,0,3,CC(=O)N1CCC[C@H]1[C@@H](NC(=O)N1CCc2cnc(NC(C)C)nc2C1)c1ccc(Cl)c(F)c1,t0_f5_p1,CC(=O)N1CCC[C@H]1[C@@H](NC(=O)N1CCc2cnc(NC(C)C)nc2C1)c1ccc(Cl)c(F)c1,7.249020099639893
CHEMBL3310110,0,0,NC(N)=NC(=O)c1ccc2c(c1)C(O)c1cc(Cl)ccc1-2,t0_f5_p1,NC(N)=NC(=O)c1ccc2c(c1)C(O)c1cc(Cl)ccc1-2,7.248226642608643
CHEMBL2030566,0,1,CCNC(=O)Nc1sc2ccccc2c1C(=O)N1CCC(N2CCCC3(CCN(C)C3=O)C2)CC1,t0_f5_p0,CCNC(=O)Nc1sc2ccccc2c1C(=O)N1CCC(N2CCCC3(CCN(C)C3=O)C2)CC1,7.244445323944092
CHEMBL3310115,0,0,NC(N)=NC(=O)c1ccc2c(c1)C(O)c1c(Cl)cccc1-2,t0_f5_p1,NC(N)=NC(=O)c1ccc2c(c1)C(O)c1c(Cl)cccc1-2,7.243449211120605
CHEMBL13383,0,1,CC(C)(N)C(=O)N[C@H](Cc1c[nH]c2ccccc12)C(=O)N1CCCC2(Cc3ccccc3C2=O)C1,t0_f5_p1,CC(C)(N)C(=O)N[C@H](Cc1c[nH]c2ccccc12)C(=O)N1CCCC2(Cc3ccccc3C2=O)C1,7.242665767669678
CHEMBL3967197,0,10,CN1C(=N)N[C@](C)(c2sc(-c3nnc(-c4ccccc4)o3)cc2Cl)CS1(=O)=O,t1_f5_p1,CN1C(=N)N[C@](C)(c2sc(-c3nnc(-c4ccccc4)o3)cc2Cl)CS1(=O)=O,7.242311477661133
CHEMBL3758292,0,1,Cc1cc(O)cc(C)c1C[C@H](N)C(=O)N1Cc2ccccc2C[C@@H]1C(=O)NCc1nc2ccccc2[nH]1,t0_f5_p1,Cc1cc(O)cc(C)c1C[C@H](N)C(=O)N1Cc2ccccc2C[C@@H]1C(=O)NCc1nc2ccccc2[nH]1,7.241275310516357
CHEMBL109390,0,11,Cc1cc(O)cc(C)c1C[C@H](N)C(=O)N1Cc2ccccc2C[C@H]1C(=O)NCc1nc2ccccc2[nH]1,t0_f5_p1,Cc1cc(O)cc(C)c1C[C@H](N)C(=O)N1Cc2ccccc2C[C@H]1C(=O)NCc1nc2ccccc2[nH]1,7.241275310516357
CHEMBL3656903,0,1,CC(C)[C@H]1CN(C)CCN1Cc1ccc2cc3c(cc2n1)CC1(C3)C(=O)NC(=O)C1C,t0_f5_p2,CC(C)[C@H]1CN(C)CCN1Cc1ccc2cc3c(cc2n1)CC1(C3)C(=O)NC(=O)C1C,7.240112781524658
CHEMBL3956011,0,0,Cc1ccc(NC(=O)c2ccc3c(c2)CC[C@@H]2[C@@H]3[C@@H](O)C[C@]3(C)[C@@H](O)CC[C@@H]23)cn1,t0_f5_p0,Cc1ccc(NC(=O)c2ccc3c(c2)CC[C@@H]2[C@@H]3[C@@H](O)C[C@]3(C)[C@@H](O)CC[C@@H]23)cn1,7.2395758628845215
CHEMBL13366,0,0,CC(C)(N)C(=O)N[C@H](Cc1c[nH]c2ccccc12)C(=O)N1CCC2(CC1)Cc1ccccc1C2=O,t0_f5_p1,CC(C)(N)C(=O)N[C@H](Cc1c[nH]c2ccccc12)C(=O)N1CCC2(CC1)Cc1ccccc1C2=O,7.238608360290527
CHEMBL472989,0,11,COc1ccc2c(c1)c(/C=C1\C(=O)Nc3ccc(S(N)(=O)=O)cc31)cn2CCCC(=O)N1CCNCC1,t0_f5_p2,COc1ccc2c(c1)c(/C=C1\C(=O)Nc3ccc(S(N)(=O)=O)cc31)cn2CCCC(=O)N1CCNCC1,7.238333225250244
CHEMBL3700955,0,0,CN1CCc2nc(NC(=O)c3cccc(C4CCCN4C(=O)Nc4ccc(C(N)=O)cc4)c3)sc2C1,t0_f5_p0,CN1CCc2nc(NC(=O)c3cccc(C4CCCN4C(=O)Nc4ccc(C(N)=O)cc4)c3)sc2C1,7.237709999084473
CHEMBL3700937,0,0,CN1CCc2nc(NC(=O)c3cccc([C@H]4CCCN4C(=O)Nc4ccc(C(N)=O)cc4)c3)sc2C1,t0_f5_p0,CN1CCc2nc(NC(=O)c3cccc([C@H]4CCCN4C(=O)Nc4ccc(C(N)=O)cc4)c3)sc2C1,7.237709999084473
CHEMBL3658427,0,8,CNC(=O)[C@@H]1CC[C@@H](NC(=O)c2ccc3[nH]nc(-c4ccnc(C)c4)c3c2)CN1Cc1c(F)cccc1OC,t0_f5_p1,CNC(=O)[C@@H]1CC[C@@H](NC(=O)c2ccc3[nH]nc(-c4ccnc(C)c4)c3c2)CN1Cc1c(F)cccc1OC,7.2375407218933105
CHEMBL1689016,0,7,O=C1[C@@H](NS(=O)(=O)c2ccc3c(Cl)c[nH]c3c2)CCN1c1ccc2c(c1)CCNC2,t1_f5_p0,O=C1[C@@H](NS(=O)(=O)c2ccc3c(Cl)c[nH]c3c2)CCN1c1ccc2c(c1)CCNC2,7.23744010925293
CHEMBL1689028,0,6,O=C1[C@@H](NS(=O)(=O)c2ccc3c(Cl)c[nH]c3c2)CCN1c1ccc2c(c1)CCCNC2,t1_f5_p0,O=C1[C@@H](NS(=O)(=O)c2ccc3c(Cl)c[nH]c3c2)CCN1c1ccc2c(c1)CCCNC2,7.236423969268799
CHEMBL2063331,0,0,Cc1cc(COC(=O)NCc2ccc(-c3cc(NC(=O)c4ccc(N5CCN(C)CC5)cc4)[nH]n3)cc2)no1,t0_f5_p0,Cc1cc(COC(=O)NCc2ccc(-c3cc(NC(=O)c4ccc(N5CCN(C)CC5)cc4)[nH]n3)cc2)no1,7.236351490020752
CHEMBL3648385,0,5,O=C(N[C@@H]1Cc2ccc(CN3CCCCCC3)cc2C1)c1ccc(OC[C@@H]2CCCO2)cn1,t0_f5_p3,O=C(N[C@@H]1Cc2ccc(CN3CCCCCC3)cc2C1)c1ccc(OC[C@@H]2CCCO2)cn1,7.235903739929199
CHEMBL374518,0,0,COCC(=O)N1CCN(Cc2ccc3[nH]c(-c4cc5cc(-c6cn[nH]c6)ccc5[nH]c4=O)cc3c2)CC1,t0_f5_p4,COCC(=O)N1CCN(Cc2ccc3[nH]c(-c4cc5cc(-c6cn[nH]c6)ccc5[nH]c4=O)cc3c2)CC1,7.2358174324035645
CHEMBL3911642,0,6,CN[C@@H](C)C(=O)N[C@H](C(=O)N1CCc2ccccc2[C@H]1C(=O)Nc1c(F)cccc1F)C1CCCCC1,t0_f5_p0,CN[C@@H](C)C(=O)N[C@H](C(=O)N1CCc2ccccc2[C@H]1C(=O)Nc1c(F)cccc1F)C1CCCCC1,7.235352039337158
CHEMBL1689015,0,2,O=C1[C@@H](NS(=O)(=O)c2ccc3cc(Cl)ccc3c2)CCN1c1ccc2c(c1)CCNC2,t1_f5_p0,O=C1[C@@H](NS(=O)(=O)c2ccc3cc(Cl)ccc3c2)CCN1c1ccc2c(c1)CCNC2,7.235317230224609
CHEMBL1807722,0,0,CN1CCN(c2ccc3[nH]c(-c4n[nH]c5ncc(-c6cncc(CN7CCCC7)c6)cc45)nc3c2)CC1,t0_f5_p2,CN1CCN(c2ccc3[nH]c(-c4n[nH]c5ncc(-c6cncc(CN7CCCC7)c6)cc45)nc3c2)CC1,7.234582901000977
CHEMBL3662764,0,0,Cc1cc(C)nc(C(=O)Nc2n[nH]c3c2CN(C(=O)N2C[C@@H]4CCCN4C[C@@H]2C)C3(C)C)c1,t0_f5_p0,Cc1cc(C)nc(C(=O)Nc2n[nH]c3c2CN(C(=O)N2C[C@@H]4CCCN4C[C@@H]2C)C3(C)C)c1,7.234502792358398
CHEMBL208953,0,19,CCC1(N2CCN(C(=O)[C@@H](Cc3ccc(Cl)cc3)NC(=O)CC3NCc4ccccc43)CC2)CCN(C)CC1,t0_f5_p3,CCC1(N2CCN(C(=O)[C@@H](Cc3ccc(Cl)cc3)NC(=O)CC3NCc4ccccc43)CC2)CCN(C)CC1,7.233886241912842
CHEMBL2431255,0,1,CC1(C)NC[C@@](C)(c2cc(F)cc(F)c2)N(CC(=O)Nc2ccc3c(c2)C[C@@]2(C3)C(=O)Nc3ncccc32)C1=O,t0_f5_p0,CC1(C)NC[C@@](C)(c2cc(F)cc(F)c2)N(CC(=O)Nc2ccc3c(c2)C[C@@]2(C3)C(=O)Nc3ncccc32)C1=O,7.233792304992676
CHEMBL3954739,0,6,CC(=O)Nc1ccc(N2CC/C(=C3\CC(C(=O)O)Nc4cc(Cl)ccc43)C2=O)cc1,t1_f5_p1,CC(=O)Nc1ccc(N2CC/C(=C3\CC(C(=O)O)Nc4cc(Cl)ccc43)C2=O)cc1,7.233710289001465
CHEMBL134712,1,28,Cc1c(C)c2c(c(C)c1O)CCC(C)(COc1ccc(CC3SC(N)=NC3=O)cc1)O2,t0_f5_p5,Cc1c(C)c2c(c(C)c1O)CCC(C)(COc1ccc(CC3SC(N)=NC3=O)cc1)O2,7.233546733856201
CHEMBL1684183,1,38,CNC1CCc2cc(N3CC[C@H](NS(=O)(=O)c4ccc5cc(Cl)ccc5c4)C3=O)ccc21,t0_f5_p7,CNC1CCc2cc(N3CC[C@H](NS(=O)(=O)c4ccc5cc(Cl)ccc5c4)C3=O)ccc21,7.233217239379883
CHEMBL2139347,0,0,Cc1ccc(C(=O)Nc2cccc(-c3nc(CNC(=O)[C@@H]4C[C@@H](C)NC(=S)N4)c(C)o3)c2)s1,t0_f5_p0,Cc1ccc(C(=O)Nc2cccc(-c3nc(CNC(=O)[C@@H]4C[C@@H](C)NC(=S)N4)c(C)o3)c2)s1,7.232593059539795
CHEMBL1170583,0,0,CCN(C(C)=O)c1ccc(OC)c2nc(NC(=O)c3ccc(C(=O)N4CCN(C)CC4)cc3)sc12,t0_f5_p0,CCN(C(C)=O)c1ccc(OC)c2nc(NC(=O)c3ccc(C(=O)N4CCN(C)CC4)cc3)sc12,7.23227071762085
CHEMBL252002,0,2,O=C([C@H]1CN[C@@H]2Cc3c(Br)[nH]c4cccc(c34)[C@H]2C1)N1CCN(c2ccccn2)CC1,t1_f5_p0,O=C([C@H]1CN[C@@H]2Cc3c(Br)[nH]c4cccc(c34)[C@H]2C1)N1CCN(c2ccccn2)CC1,7.231628894805908
CHEMBL4061176,0,0,O=C1/C(=C/c2c[nH]c3nc(Cl)ccc23)Oc2c1ccc(O)c2CN1CCNCC1,t1_f5_p2,O=C1/C(=C/c2c[nH]c3nc(Cl)ccc23)Oc2c1ccc(O)c2CN1CCNCC1,7.231500148773193
CHEMBL1643152,0,0,Cc1cc(C#N)cc2nc(-c3ccc(NC(=O)CN4CCNCC4)cc3)oc12,t1_f5_p7,Cc1cc(C#N)cc2nc(-c3ccc(NC(=O)CN4CCNCC4)cc3)oc12,7.231326580047607
CHEMBL34169,0,6,O=C1[C@H]2Cc3c([nH]c4ccccc34)[C@@H](c3ccc(O)nc3)N2C(=O)CN1[C@@H]1CCN(Cc2ccccc2)C1,t0_f5_p1,O=C1[C@H]2Cc3c([nH]c4ccccc34)[C@@H](c3ccc(O)nc3)N2C(=O)CN1[C@@H]1CCN(Cc2ccccc2)C1,7.231222152709961
CHEMBL251300,0,2,COc1cccc2c1C[C@H]1C[C@@H](C(=O)N3CCc4c([nH]c5ccccc45)C3)CN(C)[C@@H]1C2,t0_f5_p4,COc1cccc2c1C[C@H]1C[C@@H](C(=O)N3CCc4c([nH]c5ccccc45)C3)CN(C)[C@@H]1C2,7.23071813583374
CHEMBL1684192,0,23,O=C1[C@@H](NS(=O)(=O)/C=C/c2ccc(Cl)s2)CCN1c1ccc([C@H]2CCCN2)cc1F,t0_f5_p7,O=C1[C@@H](NS(=O)(=O)/C=C/c2ccc(Cl)s2)CCN1c1ccc([C@H]2CCCN2)cc1F,7.23045539855957
CHEMBL1684188,0,38,O=C1[C@@H](NS(=O)(=O)/C=C/c2ccc(Cl)s2)CCN1c1ccc(C2CCCN2)cc1F,t1_f5_p0,O=C1[C@@H](NS(=O)(=O)/C=C/c2ccc(Cl)s2)CCN1c1ccc(C2CCCN2)cc1F,7.23045539855957
CHEMBL1684193,0,2,O=C1[C@@H](NS(=O)(=O)/C=C/c2ccc(Cl)s2)CCN1c1ccc([C@@H]2CCCN2)cc1F,t1_f5_p0,O=C1[C@@H](NS(=O)(=O)/C=C/c2ccc(Cl)s2)CCN1c1ccc([C@@H]2CCCN2)cc1F,7.23045539855957
CHEMBL3658468,0,2,CN(C)C(=O)C(c1c(F)cccc1F)N1CCC[C@@H](NC(=O)c2ccc3[nH]nc(-c4ccncc4)c3c2)C1,t1_f5_p0,CN(C)C(=O)C(c1c(F)cccc1F)N1CCC[C@@H](NC(=O)c2ccc3[nH]nc(-c4ccncc4)c3c2)C1,7.230228424072266
CHEMBL3299098,0,40,Cc1cc(C)c2c(N)c(C(=O)NCCN3CCC(O)(c4ccc(Cl)cc4)CC3)sc2n1,t0_f5_p4,Cc1cc(C)c2c(N)c(C(=O)NCCN3CCC(O)(c4ccc(Cl)cc4)CC3)sc2n1,7.229855060577393
CHEMBL3957394,0,2,COC(=O)Nc1nc2cc(C3(O)c4ccccc4C(=O)N3CC3CCCCC3)ccc2[nH]1,t0_f5_p1,COC(=O)Nc1nc2cc(C3(O)c4ccccc4C(=O)N3CC3CCCCC3)ccc2[nH]1,7.229197978973389
CHEMBL291914,0,0,CNS(=O)(=O)c1ccc2c(c1)/C(=C/c1[nH]c3c(c1CCCN1CCN(C(=O)CO)CC1)CCCC3)C(=O)N2,t0_f5_p1,CNS(=O)(=O)c1ccc2c(c1)/C(=C/c1[nH]c3c(c1CCCN1CCN(C(=O)CO)CC1)CCCC3)C(=O)N2,7.229152202606201
CHEMBL3917787,0,3,CN[C@@H](C)C(=O)N[C@@H]1C(=O)N(Cc2c(C3CC3)cnc3ccccc23)c2ccccc2N(C(C)=O)[C@H]1C,t0_f5_p1,CN[C@@H](C)C(=O)N[C@@H]1C(=O)N(Cc2c(C3CC3)cnc3ccccc23)c2ccccc2N(C(C)=O)[C@H]1C,7.227689266204834
CHEMBL4176190,0,21,O=C1COc2ccc(S(=O)(=O)Nc3ccc(C4(O)CSC(=S)N4Cc4cccnc4)cc3)cc2N1,t0_f5_p1,O=C1COc2ccc(S(=O)(=O)Nc3ccc(C4(O)CSC(=S)N4Cc4cccnc4)cc3)cc2N1,7.226912021636963
CHEMBL3963569,0,0,CN1CCN(Cc2ccc(C(=O)Nc3sc(-c4ccnc(Cl)c4)nc3C(N)=O)cc2)CC1,t0_f5_p0,CN1CCN(Cc2ccc(C(=O)Nc3sc(-c4ccnc(Cl)c4)nc3C(N)=O)cc2)CC1,7.226518630981445
CHEMBL3671218,0,18,CC1(N)CCN(c2ccc(N3CC(CNC(=O)c4ccc(Cl)s4)OC3=O)cc2F)CC1,t1_f5_p3,CC1(N)CCN(c2ccc(N3CC(CNC(=O)c4ccc(Cl)s4)OC3=O)cc2F)CC1,7.226339340209961
CHEMBL56023,0,11,CC(C)NCC(O)COc1ccc2c(=O)cc(-c3ccccc3)oc2c1,t0_f5_p1,CC(C)NCC(O)COc1ccc2c(=O)cc(-c3ccccc3)oc2c1,7.226275444030762
CHEMBL4175640,0,22,CC(=O)N1CCO[C@H](C(=O)N[C@H]2c3ccccc3C[C@@H]2NC(=O)c2ccc3c(ccn3C)c2)C1,t0_f5_p2,CC(=O)N1CCO[C@H](C(=O)N[C@H]2c3ccccc3C[C@@H]2NC(=O)c2ccc3c(ccn3C)c2)C1,7.2262091636657715
CHEMBL1933522,0,34,O=C(c1cc2cc(F)ccc2[nH]1)N1C[C@@]2(CCN(CC3CCCNC3)C2)c2ccccc21,t0_f5_p4,O=C(c1cc2cc(F)ccc2[nH]1)N1C[C@@]2(CCN(CC3CCCNC3)C2)c2ccccc21,7.225114822387695
CHEMBL1933072,0,3,O=C(c1cc2cc(F)ccc2[nH]1)N1C[C@]2(CCN(CC3CCCNC3)C2)c2ccccc21,t0_f5_p4,O=C(c1cc2cc(F)ccc2[nH]1)N1C[C@]2(CCN(CC3CCCNC3)C2)c2ccccc21,7.225114822387695
CHEMBL4169977,0,8,O=S(=O)(Nc1ccc(C2(O)CSC(=S)N2Cc2cccnc2)cc1)c1c[nH]c2ncccc12,t0_f5_p0,O=S(=O)(Nc1ccc(C2(O)CSC(=S)N2Cc2cccnc2)cc1)c1c[nH]c2ncccc12,7.224910736083984
CHEMBL3668541,0,20,COc1ccc(F)cc1-c1ccnc2[nH]c(C3CCN(CC(=O)N(C)C4CC(O)C4)CC3)cc12,t0_f5_p1,COc1ccc(F)cc1-c1ccnc2[nH]c(C3CCN(CC(=O)N(C)C4CC(O)C4)CC3)cc12,7.2247843742370605
CHEMBL56454,0,0,CCS(=O)(=O)c1ccc2c(c1)/C(=C/c1[nH]c3c(c1CCCN1CCN(C(=O)CO)CC1)CCCC3)C(=O)N2,t1_f5_p1,CCS(=O)(=O)c1ccc2c(c1)/C(=C/c1[nH]c3c(c1CCCN1CCN(C(=O)CO)CC1)CCCC3)C(=O)N2,7.224177360534668
CHEMBL3718067,0,25,CC(=O)Nc1cc(NC2(C(=O)Nc3nc4ccc5[nH]ncc5c4s3)CC2)ccc1F,t0_f5_p1,CC(=O)Nc1cc(NC2(C(=O)Nc3nc4ccc5[nH]ncc5c4s3)CC2)ccc1F,7.223604679107666
CHEMBL3613443,0,10,CC(C)[C@@H](CN1CCC(c2cccc(F)c2)CC1)NC(=O)[C@H]1Cc2ccc(O)cc2CN1,t0_f5_p2,CC(C)[C@@H](CN1CCC(c2cccc(F)c2)CC1)NC(=O)[C@H]1Cc2ccc(O)cc2CN1,7.223592758178711
CHEMBL54311,0,0,Cc1ccc(O)c(-c2cc3cc(C(=N)N)ccc3[nH]2)c1,t0_f5_p0,Cc1ccc(O)c(-c2cc3cc(C(=N)N)ccc3[nH]2)c1,7.223339080810547
CHEMBL1795434,0,2,CC(C)(O)C1Cc2cc3cc(-c4cccc(O)c4)oc3cc2O1,t1_f5_p2,CC(C)(O)C1Cc2cc3cc(-c4cccc(O)c4)oc3cc2O1,7.223230838775635
CHEMBL566356,0,17,O=c1[nH]c2cccc(N3C[C@H]4C[C@@H]3CN4CC3CCc4[nH]c5ccc(F)cc5c4C3)c2o1,t0_f5_p4,O=c1[nH]c2cccc(N3C[C@H]4C[C@@H]3CN4CC3CCc4[nH]c5ccc(F)cc5c4C3)c2o1,7.2211012840271
CHEMBL365086,0,0,O=S(=O)(NCCCN1CCOCC1)c1cc2c(cc1F)-c1nc(O)c3ccccc3c1C2,t0_f5_p7,O=S(=O)(NCCCN1CCOCC1)c1cc2c(cc1F)-c1nc(O)c3ccccc3c1C2,7.2199506759643555
CHEMBL1935275,0,8,NC(=O)[C@@H]1CCCN1C(=O)CCC(=O)c1ccc2[nH]c3c4c(c5c(c3c2c1)C(=O)NC5=O)CCC4,t0_f5_p1,NC(=O)[C@@H]1CCCN1C(=O)CCC(=O)c1ccc2[nH]c3c4c(c5c(c3c2c1)C(=O)NC5=O)CCC4,7.218444347381592
CHEMBL3188005,0,0,Cc1ccc(S(=O)(=O)N2CC[C@@H]3[C@H]2c2cc(-c4cccc(C(=O)N(C)C)c4)ccc2N[C@@H]3CO)cc1,t1_f5_p1,Cc1ccc(S(=O)(=O)N2CC[C@@H]3[C@H]2c2cc(-c4cccc(C(=O)N(C)C)c4)ccc2N[C@@H]3CO)cc1,7.218284606933594
CHEMBL3560960,0,26,Cc1ccc(S(=O)(=O)N2CC[C@H]3[C@H](CO)Nc4ccc(-c5cccc(C(=O)N(C)C)c5)cc4[C@H]32)cc1,t0_f5_p5,Cc1ccc(S(=O)(=O)N2CC[C@H]3[C@H](CO)Nc4ccc(-c5cccc(C(=O)N(C)C)c5)cc4[C@H]32)cc1,7.218284606933594
CHEMBL3954528,0,0,CCN1CCN(C(=O)C2CCc3c(sc4ncnc(Nc5ccc6[nH]c(=O)sc6c5)c34)C2)CC1,t0_f5_p0,CCN1CCN(C(=O)C2CCc3c(sc4ncnc(Nc5ccc6[nH]c(=O)sc6c5)c34)C2)CC1,7.2181878089904785
CHEMBL165909,0,40,CNC(=N)c1ccc(C[C@H](NS(=O)(=O)c2ccc3ccccc3c2)C(=O)N2CCCCCC2)cc1,t0_f5_p2,CNC(=N)c1ccc(C[C@H](NS(=O)(=O)c2ccc3ccccc3c2)C(=O)N2CCCCCC2)cc1,7.217556476593018
CHEMBL609410,0,7,N=C(N)c1cccc(C[C@H](NS(=O)(=O)c2ccc3ccccc3c2)C(=O)N2CCC(N3CCCCC3)CC2)c1,t0_f5_p1,N=C(N)c1cccc(C[C@H](NS(=O)(=O)c2ccc3ccccc3c2)C(=O)N2CCC(N3CCCCC3)CC2)c1,7.215421199798584
CHEMBL1689026,0,24,O=C1[C@@H](NS(=O)(=O)/C=C/c2ccc(Cl)s2)CCN1c1ccc2c(c1)CCCNC2,t1_f5_p0,O=C1[C@@H](NS(=O)(=O)/C=C/c2ccc(Cl)s2)CCN1c1ccc2c(c1)CCCNC2,7.214744091033936
CHEMBL3358939,0,0,CC(C)(CC(O)(Cc1cc2cc(N3CCOCC3)ncc2[nH]1)C(F)(F)F)c1cccc(C(N)=O)c1,t0_f5_p0,CC(C)(CC(O)(Cc1cc2cc(N3CCOCC3)ncc2[nH]1)C(F)(F)F)c1cccc(C(N)=O)c1,7.214695453643799
CHEMBL3925076,1,31,CO[C@H]1CC[C@]2(CC1)Cc1ccc(C(=O)O)cc1C21N=C(N)N(Cc2ccccc2)C1=O,t1_f5_p1,CO[C@H]1CC[C@]2(CC1)Cc1ccc(C(=O)O)cc1C21N=C(N)N(Cc2ccccc2)C1=O,7.214669227600098
CHEMBL2431247,0,15,CN1C[C@@](C)(c2cc(F)cc(F)c2)N(CC(=O)Nc2ccc3c(c2)C[C@@]2(C3)C(=O)Nc3ncccc32)C(=O)C1(C)C,t0_f5_p1,CN1C[C@@](C)(c2cc(F)cc(F)c2)N(CC(=O)Nc2ccc3c(c2)C[C@@]2(C3)C(=O)Nc3ncccc32)C(=O)C1(C)C,7.213870525360107
CHEMBL3662900,0,26,COCCCN1C[C@H](C)N(C(=O)N2Cc3c(NC(=O)c4ocnc4C)n[nH]c3C2(C)C)C[C@H]1C,t1_f5_p1,COCCCN1C[C@H](C)N(C(=O)N2Cc3c(NC(=O)c4ocnc4C)n[nH]c3C2(C)C)C[C@H]1C,7.213738441467285
CHEMBL2063328,0,0,CN1CCN(c2ccc(C(=O)Nc3cc(-c4ccc(CNC(=O)OCc5cccnc5)cc4)n[nH]3)cc2)CC1,t0_f5_p0,CN1CCN(c2ccc(C(=O)Nc3cc(-c4ccc(CNC(=O)OCc5cccnc5)cc4)n[nH]3)cc2)CC1,7.213478088378906
CHEMBL4177251,0,0,CNC(=O)Nc1ccc2c(c1)CC[C@]21OC(=O)N(CC(=O)N(Cc2ccccc2)[C@@H](C)C2CC2)C1=O,t0_f5_p0,CNC(=O)Nc1ccc2c(c1)CC[C@]21OC(=O)N(CC(=O)N(Cc2ccccc2)[C@@H](C)C2CC2)C1=O,7.212090492248535
CHEMBL4166626,0,0,CNC(=O)Nc1ccc2c(c1)CC[C@@]21OC(=O)N(CC(=O)N(Cc2ccccc2)[C@@H](C)C2CC2)C1=O,t0_f5_p0,CNC(=O)Nc1ccc2c(c1)CC[C@@]21OC(=O)N(CC(=O)N(Cc2ccccc2)[C@@H](C)C2CC2)C1=O,7.212090492248535
CHEMBL3962846,0,3,CN1C(=N)N[C@](C)(c2sc(-c3cncc(-c4ncco4)c3)cc2Cl)CS1(=O)=O,t1_f5_p6,CN1C(=N)N[C@](C)(c2sc(-c3cncc(-c4ncco4)c3)cc2Cl)CS1(=O)=O,7.212019920349121
CHEMBL62656,0,1,N=C(c1ccc(CN2CCN(S(=O)(=O)c3cc4cc(Cl)ccc4[nH]3)CC2=O)cc1)N1CCC1,t0_f5_p1,N=C(c1ccc(CN2CCN(S(=O)(=O)c3cc4cc(Cl)ccc4[nH]3)CC2=O)cc1)N1CCC1,7.211694240570068
CHEMBL2172307,0,18,CC(C)NC(=O)[C@H]1CC[C@@H](n2/c(=N/C(=O)c3ccc(F)cc3)[nH]c3ccc(CN4CCC[C@H]4C(N)=O)cc32)CC1,t0_f5_p1,CC(C)NC(=O)[C@H]1CC[C@@H](n2/c(=N/C(=O)c3ccc(F)cc3)[nH]c3ccc(CN4CCC[C@H]4C(N)=O)cc32)CC1,7.211683750152588
CHEMBL3981883,0,1,C[C@@H]1[C@H](c2c(F)ccc(F)c2F)C[C@H](NC(=O)c2cnc3c(c2)C[C@@]2(C3)C(=O)Nc3ncccc32)C(=O)N1CC(F)(F)F,t0_f5_p5,C[C@@H]1[C@H](c2c(F)ccc(F)c2F)C[C@H](NC(=O)c2cnc3c(c2)C[C@@]2(C3)C(=O)Nc3ncccc32)C(=O)N1CC(F)(F)F,7.211146354675293
CHEMBL4159341,1,34,O=c1ccc2cc(S(=O)(=O)Nc3ccc(C4(O)CSC(=S)N4Cc4cccnc4)cc3)ccc2o1,t0_f5_p2,O=c1ccc2cc(S(=O)(=O)Nc3ccc(C4(O)CSC(=S)N4Cc4cccnc4)cc3)ccc2o1,7.209880352020264
CHEMBL282055,0,4,O=C(Cn1c(C2CCNCC2)nc2cc(Cl)c(Cl)cc21)NNC(=S)Nc1ccccc1,t0_f5_p4,O=C(Cn1c(C2CCNCC2)nc2cc(Cl)c(Cl)cc21)NNC(=S)Nc1ccccc1,7.208987712860107
CHEMBL1739647,0,3,O=C(NCCN1CCCCC1)c1ccc2[nH]nc(S(=O)(=O)c3cccc4ccccc34)c2c1,t0_f5_p2,O=C(NCCN1CCCCC1)c1ccc2[nH]nc(S(=O)(=O)c3cccc4ccccc34)c2c1,7.208497524261475
CHEMBL530130,0,3,O=C(NC1CCC(N2CCC3(CC2)C(=O)NCN3c2ccccc2)CC1)c1cc2ccccc2[nH]1,t0_f5_p1,O=C(NC1CCC(N2CCC3(CC2)C(=O)NCN3c2ccccc2)CC1)c1cc2ccccc2[nH]1,7.208467483520508
CHEMBL3910192,0,0,C#C[C@]1(O)CC[C@H]2[C@@H]3CCc4cc(C(=O)Nc5cccnc5C)ccc4[C@H]3[C@@H](O)C[C@@]21C,t0_f5_p0,C#C[C@]1(O)CC[C@H]2[C@@H]3CCc4cc(C(=O)Nc5cccnc5C)ccc4[C@H]3[C@@H](O)C[C@@]21C,7.208323955535889
CHEMBL3186373,0,1,C/C=C/c1cccc(-c2nc(C(=O)N3CCN(C)CC3)cc3c2[C@@H](CCO)N(C(=O)NC(C)C)C3)c1,t1_f5_p1,C/C=C/c1cccc(-c2nc(C(=O)N3CCN(C)CC3)cc3c2[C@@H](CCO)N(C(=O)NC(C)C)C3)c1,7.207764625549316
CHEMBL162380,0,1,O=C1NC(=O)C(Cc2ccc(N3CCC(NC[C@H](O)c4cccc(Cl)c4)CC3)cc2)S1,t1_f5_p0,O=C1NC(=O)C(Cc2ccc(N3CCC(NC[C@H](O)c4cccc(Cl)c4)CC3)cc2)S1,7.207541465759277
CHEMBL419470,0,1,C[C@@]12CCNC1Nc1ccc(OC(=O)Nc3ccccc3)cc12,t1_f5_p1,C[C@@]12CCNC1Nc1ccc(OC(=O)Nc3ccccc3)cc12,7.206998825073242
CHEMBL309351,0,1,C[C@]12CCNC1Nc1ccc(OC(=O)Nc3ccccc3)cc12,t1_f5_p1,C[C@]12CCNC1Nc1ccc(OC(=O)Nc3ccccc3)cc12,7.206998825073242
CHEMBL96920,0,12,N=C(N)c1cccc(Cn2c(C(N)=O)cc3ccccc32)c1,t0_f5_p2,N=C(N)c1cccc(Cn2c(C(N)=O)cc3ccccc32)c1,7.206806182861328
CHEMBL3697433,0,7,Cc1cc(C)c(CNC(=O)c2cc(-c3ccc(CN(C)C)nc3)cc(N(C)C3CCNCC3)c2C)c(=O)[nH]1,t0_f5_p1,Cc1cc(C)c(CNC(=O)c2cc(-c3ccc(CN(C)C)nc3)cc(N(C)C3CCNCC3)c2C)c(=O)[nH]1,7.206568717956543
CHEMBL3942052,0,3,C[C@H](NC(=O)C1COCCN1)c1ccc(CN2Cc3ccc(OCC4CC4)cc3C(F)C2)cc1,t0_f5_p3,C[C@H](NC(=O)C1COCCN1)c1ccc(CN2Cc3ccc(OCC4CC4)cc3C(F)C2)cc1,7.206443786621094
CHEMBL3662870,0,0,CC1(C)c2n[nH]c(NC(=O)c3ccccn3)c2CN1C(=O)C1(F)CCN(C2CCC2)CC1,t0_f5_p0,CC1(C)c2n[nH]c(NC(=O)c3ccccn3)c2CN1C(=O)C1(F)CCN(C2CCC2)CC1,7.205522060394287
CHEMBL3662815,0,0,C[C@H]1CN2C[C@@H](F)C[C@H]2CN1C(=O)N1Cc2c(NC(=O)c3ccccn3)n[nH]c2C1(C)C,t0_f5_p0,C[C@H]1CN2C[C@@H](F)C[C@H]2CN1C(=O)N1Cc2c(NC(=O)c3ccccn3)n[nH]c2C1(C)C,7.205307960510254
CHEMBL3680609,0,0,O=c1cc(-c2ccnc(NC3CCOCC3)n2)ccn1Cc1cc2c(F)cccc2[nH]1,t0_f5_p1,O=c1cc(-c2ccnc(NC3CCOCC3)n2)ccn1Cc1cc2c(F)cccc2[nH]1,7.205305099487305
CHEMBL4292461,0,0,Cc1sc(-c2ccccc2C(=O)NCCC(N)=O)cc1C(=O)Nc1nc2c(s1)CCC2,t0_f5_p0,Cc1sc(-c2ccccc2C(=O)NCCC(N)=O)cc1C(=O)Nc1nc2c(s1)CCC2,7.2052903175354
CHEMBL4078489,0,3,O=C1c2cc(-c3ccnc(NC4CCOCC4)n3)[nH]c2CCN1[C@H](CO)c1ccccc1,t1_f5_p1,O=C1c2cc(-c3ccnc(NC4CCOCC4)n3)[nH]c2CCN1[C@H](CO)c1ccccc1,7.204936504364014
CHEMBL3978808,0,8,CN1C(=O)N(c2cccc(C(F)(F)F)c2)C2=C(C(=O)CC2)C1c1ccc(C#N)cc1C(=O)N[C@H]1C[C@@H]1N,t0_f5_p1,CN1C(=O)N(c2cccc(C(F)(F)F)c2)C2=C(C(=O)CC2)C1c1ccc(C#N)cc1C(=O)N[C@H]1C[C@@H]1N,7.204728126525879
CHEMBL4114064,0,27,CN1C(=O)N(c2cccc(C(F)(F)F)c2)C2=C(C(=O)CC2)C1c1ccc(C#N)cc1C(=O)N[C@H]1C[C@H]1N,t0_f5_p1,CN1C(=O)N(c2cccc(C(F)(F)F)c2)C2=C(C(=O)CC2)C1c1ccc(C#N)cc1C(=O)N[C@H]1C[C@H]1N,7.204728126525879
CHEMBL1689018,0,32,O=C1[C@@H](NS(=O)(=O)/C=C/c2ccc(Cl)s2)CCN1c1ccc2c(c1)CNCC2,t0_f5_p7,O=C1[C@@H](NS(=O)(=O)/C=C/c2ccc(Cl)s2)CCN1c1ccc2c(c1)CNCC2,7.202995300292969
CHEMBL3683844,0,0,N#Cc1ccc(C(=O)Nc2cc(Cl)c(F)c([C@@]3(CF)N=C(N)O[C@@H]4C[C@@H]43)c2)nc1,t0_f5_p0,N#Cc1ccc(C(=O)Nc2cc(Cl)c(F)c([C@@]3(CF)N=C(N)O[C@@H]4C[C@@H]43)c2)nc1,7.202910423278809
CHEMBL480999,0,45,CN1C(=O)NC(=O)[C@]12Cc1ccc(NC(=O)CN3C(=O)C4(CCOCC4)c4ccccc43)cc1C2,t1_f5_p1,CN1C(=O)NC(=O)[C@]12Cc1ccc(NC(=O)CN3C(=O)C4(CCOCC4)c4ccccc43)cc1C2,7.20290994644165
CHEMBL3969438,0,0,Cc1ncccc1NC(=O)c1ccc2c(c1)CC[C@@H]1[C@@H]2[C@@H](O)C[C@]2(C)[C@@H](O)CC[C@@H]12,t0_f5_p0,Cc1ncccc1NC(=O)c1ccc2c(c1)CC[C@@H]1[C@@H]2[C@@H](O)C[C@]2(C)[C@@H](O)CC[C@@H]12,7.202816963195801
CHEMBL3561049,0,20,N#Cc1cccc(-c2ccc3c(c2)[C@H]2[C@H](CCN2S(=O)(=O)c2ccc(F)cc2)[C@@H](CO)N3)c1,t0_f5_p5,N#Cc1cccc(-c2ccc3c(c2)[C@H]2[C@H](CCN2S(=O)(=O)c2ccc(F)cc2)[C@@H](CO)N3)c1,7.201957702636719
CHEMBL2361120,0,0,N#Cc1cccc(-c2ccc3c(c2)[C@@H]2[C@@H](CCN2S(=O)(=O)c2ccc(F)cc2)[C@@H](CO)N3)c1,t1_f5_p1,N#Cc1cccc(-c2ccc3c(c2)[C@@H]2[C@@H](CCN2S(=O)(=O)c2ccc(F)cc2)[C@@H](CO)N3)c1,7.201957702636719
CHEMBL577304,1,0,CN1C(=O)NC(=O)C12Cc1ccc(NC(=O)CN(Cc3ccc(C(F)(F)F)cc3)C(=O)C(C)(C)C)cc1C2,t0_f5_p1,CN1C(=O)NC(=O)C12Cc1ccc(NC(=O)CN(Cc3ccc(C(F)(F)F)cc3)C(=O)C(C)(C)C)cc1C2,7.201937675476074
CHEMBL3931556,0,7,Cc1cc(-c2n[nH]c3ccc(C(=O)NN4CCCC(CO)(Oc5cc(F)ccc5F)C4)cc23)ccn1,t0_f5_p1,Cc1cc(-c2n[nH]c3ccc(C(=O)NN4CCCC(CO)(Oc5cc(F)ccc5F)C4)cc23)ccn1,7.201140880584717
CHEMBL3700040,0,19,COC[C@H]1CN[C@H](C)CN1CC(=O)N1CC(C)(c2cccnc2)c2ccc(Cc3ccccc3)cc21,t0_f5_p2,COC[C@H]1CN[C@H](C)CN1CC(=O)N1CC(C)(c2cccnc2)c2ccc(Cc3ccccc3)cc21,7.199594974517822
CHEMBL4172534,1,19,O=S(=O)(Nc1ccc(C2(O)CSC(=S)N2Cc2cccnc2)cc1)c1cccs1,t0_f5_p2,O=S(=O)(Nc1ccc(C2(O)CSC(=S)N2Cc2cccnc2)cc1)c1cccs1,7.198871612548828
CHEMBL3895078,0,7,CC(NC(=O)N1CCc2cnc(NC3CCOCC3)nc2C1)c1ccc2cc[nH]c2c1,t0_f5_p1,CC(NC(=O)N1CCc2cnc(NC3CCOCC3)nc2C1)c1ccc2cc[nH]c2c1,7.198739528656006
CHEMBL3298983,0,2,C[C@@H](NC(=O)N1CCc2cnc(NC3CCOCC3)nc2C1)c1ccc2cc[nH]c2c1,t0_f5_p1,C[C@@H](NC(=O)N1CCc2cnc(NC3CCOCC3)nc2C1)c1ccc2cc[nH]c2c1,7.198739528656006
CHEMBL3912676,0,6,CN[C@@H](C)C(=O)N[C@H](C(=O)N1CCc2ccccc2[C@H]1C(=O)Nc1c(Cl)cccc1Cl)C(C)C,t0_f5_p0,CN[C@@H](C)C(=O)N[C@H](C(=O)N1CCc2ccccc2[C@H]1C(=O)Nc1c(Cl)cccc1Cl)C(C)C,7.197179317474365
CHEMBL3931680,0,3,O=C(N[C@H]1C[C@@H](c2c(F)cccc2Cl)CN(CC(F)(F)F)C1=O)c1cnc2c(c1)C[C@@]1(C2)C(=O)Nc2ncccc21,t0_f5_p5,O=C(N[C@H]1C[C@@H](c2c(F)cccc2Cl)CN(CC(F)(F)F)C1=O)c1cnc2c(c1)C[C@@]1(C2)C(=O)Nc2ncccc21,7.196927070617676
CHEMBL597177,0,5,Nc1ccc2c(c1)/C(=C\c1ccc(-c3ccoc3)o1)C(=O)N2,t0_f5_p5,Nc1ccc2c(c1)/C(=C\c1ccc(-c3ccoc3)o1)C(=O)N2,7.196674346923828
CHEMBL1084292,0,9,CC(C)(C)NCC(O)CCN1c2ccccc2N(c2ccccc2)S1(=O)=O,t0_f5_p1,CC(C)(C)NCC(O)CCN1c2ccccc2N(c2ccccc2)S1(=O)=O,7.195612907409668
CHEMBL3561047,0,37,COc1ccc2c3c([nH]c2c1)[C@@H](CO)N(Cc1ccccc1F)CC31CN(C(=O)C2CCC2)C1,t0_f5_p3,COc1ccc2c3c([nH]c2c1)[C@@H](CO)N(Cc1ccccc1F)CC31CN(C(=O)C2CCC2)C1,7.195455551147461
CHEMBL3561642,0,11,COc1ccc2c3c([nH]c2c1)[C@H](CO)N(Cc1ccccc1F)CC31CN(C(=O)C2CCC2)C1,t0_f5_p7,COc1ccc2c3c([nH]c2c1)[C@H](CO)N(Cc1ccccc1F)CC31CN(C(=O)C2CCC2)C1,7.195455551147461
CHEMBL1809006,0,0,CN1CCN(C(=O)[C@@H]2C=C3c4cccc5[nH]cc(c45)C[C@H]3N(C(=O)Nc3ccccc3)C2)CC1,t0_f5_p4,CN1CCN(C(=O)[C@@H]2C=C3c4cccc5[nH]cc(c45)C[C@H]3N(C(=O)Nc3ccccc3)C2)CC1,7.195075988769531
CHEMBL3735802,1,18,CCc1cc2c(cc1NC(=O)CN1CC3CN(C)CC3C1)C(C)(C)c1[nH]c3cc(C#N)ccc3c1C2=O,t0_f5_p4,CCc1cc2c(cc1NC(=O)CN1CC3CN(C)CC3C1)C(C)(C)c1[nH]c3cc(C#N)ccc3c1C2=O,7.194492340087891
CHEMBL3967958,0,1,CNS(=O)(=O)CC(=O)N1CC=C(c2[nH]c3nccc4c3c2CN(C)c2ccc(F)cc2-4)CC1,t0_f5_p1,CNS(=O)(=O)CC(=O)N1CC=C(c2[nH]c3nccc4c3c2CN(C)c2ccc(F)cc2-4)CC1,7.193838119506836
CHEMBL1689027,0,37,O=C1[C@@H](NS(=O)(=O)c2ccc3cc(Cl)ccc3c2)CCN1c1ccc2c(c1)CCCNC2,t0_f5_p7,O=C1[C@@H](NS(=O)(=O)c2ccc3cc(Cl)ccc3c2)CCN1c1ccc2c(c1)CCCNC2,7.193700313568115
CHEMBL361052,0,49,O=C(N[C@H](Cc1ccc(Cl)cc1)C(=O)N1CCN(C2CCCCC2)CC1)C1Cc2ccccc2CN1,t0_f5_p3,O=C(N[C@H](Cc1ccc(Cl)cc1)C(=O)N1CCN(C2CCCCC2)CC1)C1Cc2ccccc2CN1,7.192772388458252
CHEMBL3183555,0,25,N#Cc1ccc(-c2ccc3c(c2)[C@H]2[C@H](CCN2S(=O)(=O)c2ccccc2F)[C@@H](CO)N3)cc1,t1_f5_p4,N#Cc1ccc(-c2ccc3c(c2)[C@H]2[C@H](CCN2S(=O)(=O)c2ccccc2F)[C@@H](CO)N3)cc1,7.1926398277282715
CHEMBL3182782,0,45,N#Cc1ccc(-c2ccc3c(c2)[C@@H]2[C@@H](CCN2S(=O)(=O)c2ccccc2F)[C@H](CO)N3)cc1,t0_f5_p5,N#Cc1ccc(-c2ccc3c(c2)[C@@H]2[C@@H](CCN2S(=O)(=O)c2ccccc2F)[C@H](CO)N3)cc1,7.1926398277282715
CHEMBL3683202,0,4,O=S(=O)(Nc1ncns1)N1CCc2c(cccc2-c2cccc3c2CCNC3)C1,t0_f5_p2,O=S(=O)(Nc1ncns1)N1CCc2c(cccc2-c2cccc3c2CCNC3)C1,7.19238805770874
CHEMBL3735241,0,38,CCc1cc2c(cc1NC(=O)CN1C[C@@H]3C(CO)[C@@H]3C1)C(C)(C)c1[nH]c3cc(C#N)ccc3c1C2=O,t0_f5_p4,CCc1cc2c(cc1NC(=O)CN1C[C@@H]3C(CO)[C@@H]3C1)C(C)(C)c1[nH]c3cc(C#N)ccc3c1C2=O,7.192027568817139
CHEMBL3967508,0,0,Cc1cccc(-c2c(-c3ccnc(Cl)c3)cc3n2C(CCN)CNC3=O)c1,t0_f5_p3,Cc1cccc(-c2c(-c3ccnc(Cl)c3)cc3n2C(CCN)CNC3=O)c1,7.189767837524414
CHEMBL4109042,0,2,Cc1cc(-c2n[nH]c3ccc(C(=O)N[C@@H]4CCC[C@@](O)(CN5C(=O)Cc6ccccc65)C4)cc23)ccn1,t0_f5_p2,Cc1cc(-c2n[nH]c3ccc(C(=O)N[C@@H]4CCC[C@@](O)(CN5C(=O)Cc6ccccc65)C4)cc23)ccn1,7.189642906188965
CHEMBL4111719,0,0,Cc1cc(-c2n[nH]c3ccc(C(=O)N[C@@H]4CCC[C@](O)(CN5C(=O)Cc6ccccc65)C4)cc23)ccn1,t0_f5_p3,Cc1cc(-c2n[nH]c3ccc(C(=O)N[C@@H]4CCC[C@](O)(CN5C(=O)Cc6ccccc65)C4)cc23)ccn1,7.189642906188965
CHEMBL3938400,0,2,CN1Cc2c(C3=CCN(CC(=O)N(C)C4CC(O)C4)CC3)[nH]c3nccc(c23)-c2cc(F)ccc21,t0_f5_p1,CN1Cc2c(C3=CCN(CC(=O)N(C)C4CC(O)C4)CC3)[nH]c3nccc(c23)-c2cc(F)ccc21,7.189611911773682
CHEMBL3185290,0,1,O=C(C1CCOCC1)N1CC[C@@H]2[C@@H](CO)Nc3ccc(-c4ccc(F)cc4)cc3[C@@H]21,t1_f5_p7,O=C(C1CCOCC1)N1CC[C@@H]2[C@@H](CO)Nc3ccc(-c4ccc(F)cc4)cc3[C@@H]21,7.189390659332275
CHEMBL3961904,0,37,O=C(CN1CCN(C(=O)c2ccccc2)CC1)Nc1ccc(/N=C2\SCC(=O)N2Cc2cccs2)cc1,t0_f5_p1,O=C(CN1CCN(C(=O)c2ccccc2)CC1)Nc1ccc(/N=C2\SCC(=O)N2Cc2cccs2)cc1,7.189123630523682
CHEMBL117983,0,0,CN1CCN(S(=O)(=O)c2ccc3[nH]c(-c4cc5ccccc5nc4O)cc3c2)CC1,t0_f5_p0,CN1CCN(S(=O)(=O)c2ccc3[nH]c(-c4cc5ccccc5nc4O)cc3c2)CC1,7.188085079193115
CHEMBL295560,0,5,O=C(C[C@H]1S[C@H](c2ccc(F)cc2F)N(CC(=O)NCCCN2CCOCC2)C1=O)NCc1cccc2ccccc12,t0_f5_p1,O=C(C[C@H]1S[C@H](c2ccc(F)cc2F)N(CC(=O)NCCCN2CCOCC2)C1=O)NCc1cccc2ccccc12,7.187261581420898
CHEMBL3955283,0,0,COC(=O)Nc1nc2cc(C3(O)c4ccccc4C(=O)N3CC3CC3)ccc2[nH]1,t0_f5_p1,COC(=O)Nc1nc2cc(C3(O)c4ccccc4C(=O)N3CC3CC3)ccc2[nH]1,7.1871442794799805
CHEMBL258177,0,0,CC(C)N1CCN(Cc2cnc(-c3ccc(C(=O)Nc4ccccc4N)cc3)c(C#N)c2)CC1,t0_f5_p0,CC(C)N1CCN(Cc2cnc(-c3ccc(C(=O)Nc4ccccc4N)cc3)c(C#N)c2)CC1,7.187131881713867
CHEMBL3977466,1,4,CC(C)(O)CN1C[C@H](c2cccc(F)c2F)CC[C@@H](NC(=O)c2ccc3c(c2)CC2(C3)C(=O)Nc3ncccc32)C1=O,t0_f5_p1,CC(C)(O)CN1C[C@H](c2cccc(F)c2F)CC[C@@H](NC(=O)c2ccc3c(c2)CC2(C3)C(=O)Nc3ncccc32)C1=O,7.18707275390625
CHEMBL2139225,0,0,CC(=O)c1ccc(-c2ccc3c4c(ccc3c2)OC(CNC(=O)C(C)N2CCOCC2)C4)s1,t1_f5_p1,CC(=O)c1ccc(-c2ccc3c4c(ccc3c2)OC(CNC(=O)C(C)N2CCOCC2)C4)s1,7.186831951141357
CHEMBL4162629,0,1,CC(C)[C@@H](NC(=O)c1ccc(-c2ccc(CSc3nc4c(c(=O)[nH]3)CCC4)c(F)c2)o1)C(=O)NC1CNC1,t0_f5_p1,CC(C)[C@@H](NC(=O)c1ccc(-c2ccc(CSc3nc4c(c(=O)[nH]3)CCC4)c(F)c2)o1)C(=O)NC1CNC1,7.186624050140381
CHEMBL4167442,0,8,O=C1COc2ccc(-c3ccc(N4C[C@H](CNC(=O)C5CCC5)OC4=O)cc3F)cc2N1,t1_f5_p1,O=C1COc2ccc(-c3ccc(N4C[C@H](CNC(=O)C5CCC5)OC4=O)cc3F)cc2N1,7.1865739822387695
CHEMBL480377,0,2,CN1CCN(c2cccc3[nH]c(-c4n[nH]c5cc(-c6ccc(S(N)(=O)=O)cc6)ccc45)nc23)CC1,t0_f5_p1,CN1CCN(c2cccc3[nH]c(-c4n[nH]c5cc(-c6ccc(S(N)(=O)=O)cc6)ccc45)nc23)CC1,7.186470985412598
CHEMBL3955234,0,2,COC(=O)Nc1nc2cc(C3(O)c4ccccc4C(=O)N3CC(C)C)ccc2[nH]1,t0_f5_p1,COC(=O)Nc1nc2cc(C3(O)c4ccccc4C(=O)N3CC(C)C)ccc2[nH]1,7.18635892868042
CHEMBL450093,0,17,CCN(CC)C(=O)c1ccc(NC(=O)N[C@@H](Cc2ccc(O)cc2)C(=O)NC2CCN(Cc3ccc(C#N)cc3)C2)cc1,t0_f5_p1,CCN(CC)C(=O)c1ccc(NC(=O)N[C@@H](Cc2ccc(O)cc2)C(=O)NC2CCN(Cc3ccc(C#N)cc3)C2)cc1,7.185996055603027
CHEMBL171120,0,9,CC(=N)N1CCC(N(CC(N)=O)c2ccc3c(c2)nc(C)n3Cc2ccc3ccc(C(=N)N)cc3c2)CC1,t0_f5_p1,CC(=N)N1CCC(N(CC(N)=O)c2ccc3c(c2)nc(C)n3Cc2ccc3ccc(C(=N)N)cc3c2)CC1,7.185770511627197
CHEMBL4111193,0,11,CN1C(=O)N(c2cccc(C(F)(F)F)c2)C2=C(C(=O)CC2)C1c1ccc(C#N)cc1C(=O)N[C@@H]1CCNC1,t0_f5_p1,CN1C(=O)N(c2cccc(C(F)(F)F)c2)C2=C(C(=O)CC2)C1c1ccc(C#N)cc1C(=O)N[C@@H]1CCNC1,7.185422897338867
CHEMBL3894816,0,8,CN1C(=O)N(c2cccc(C(F)(F)F)c2)C2=C(C(=O)CC2)C1c1ccc(C#N)cc1C(=O)N[C@H]1CCNC1,t0_f5_p1,CN1C(=O)N(c2cccc(C(F)(F)F)c2)C2=C(C(=O)CC2)C1c1ccc(C#N)cc1C(=O)N[C@H]1CCNC1,7.185422897338867
CHEMBL200442,0,9,CN(C(=O)[C@@H]1CCc2cc(CNS(C)(=O)=O)ccc2O1)[C@H](CN1CC[C@H](O)C1)c1ccccc1,t0_f5_p3,CN(C(=O)[C@@H]1CCc2cc(CNS(C)(=O)=O)ccc2O1)[C@H](CN1CC[C@H](O)C1)c1ccccc1,7.184977054595947
CHEMBL200441,0,2,CN(C(=O)[C@H]1CCc2cc(CNS(C)(=O)=O)ccc2O1)[C@H](CN1CC[C@H](O)C1)c1ccccc1,t0_f5_p3,CN(C(=O)[C@H]1CCc2cc(CNS(C)(=O)=O)ccc2O1)[C@H](CN1CC[C@H](O)C1)c1ccccc1,7.184977054595947
CHEMBL480592,0,17,CN(C(=O)c1ccccc1)c1ccc2c(c1)[nH]/c(=N\C(=O)c1ccc(N3CCNCC3)s1)n2CCC(N)=O,t0_f5_p1,CN(C(=O)c1ccccc1)c1ccc2c(c1)[nH]/c(=N\C(=O)c1ccc(N3CCNCC3)s1)n2CCC(N)=O,7.184805870056152
CHEMBL4164107,1,3,CN1CCCCC(C(=O)N[C@H]2c3ccccc3C[C@@H]2NC(=O)c2ccc3c(ccn3C)c2)C1,t0_f5_p2,CN1CCCCC(C(=O)N[C@H]2c3ccccc3C[C@@H]2NC(=O)c2ccc3c(ccn3C)c2)C1,7.18455696105957
CHEMBL1303725,0,47,CN1CCN(C(=O)C2=C[C@@H](c3ccc(C(F)(F)F)cc3)C[C@@H](OCc3ccc(CO)cc3)O2)CC1,t0_f5_p3,CN1CCN(C(=O)C2=C[C@@H](c3ccc(C(F)(F)F)cc3)C[C@@H](OCc3ccc(CO)cc3)O2)CC1,7.184290409088135
CHEMBL1902333,0,7,CN1CCN(C(=O)C2=C[C@H](c3ccc(C(F)(F)F)cc3)C[C@H](OCc3ccc(CO)cc3)O2)CC1,t0_f5_p3,CN1CCN(C(=O)C2=C[C@H](c3ccc(C(F)(F)F)cc3)C[C@H](OCc3ccc(CO)cc3)O2)CC1,7.184290409088135
CHEMBL520432,0,1,CN(C(=O)c1ccccc1)c1ccc2c(c1)[nH]/c(=N\C(=O)c1ccc(-c3csc(N)n3)s1)n2CCC(N)=O,t0_f5_p1,CN(C(=O)c1ccccc1)c1ccc2c(c1)[nH]/c(=N\C(=O)c1ccc(-c3csc(N)n3)s1)n2CCC(N)=O,7.183656215667725
CHEMBL2337993,0,1,CCc1[nH]c2nc(Sc3ccc4c(c3)C(=O)NC4)nc(N3C[C@@H]4[C@@H](N)[C@@H]4C3)c2c1Cl,t0_f5_p2,CCc1[nH]c2nc(Sc3ccc4c(c3)C(=O)NC4)nc(N3C[C@@H]4[C@@H](N)[C@@H]4C3)c2c1Cl,7.183574199676514
CHEMBL3822696,0,0,NCCCCC(=O)Nc1ccc2ccc3cc[nH]c3c2n1,t0_f5_p0,NCCCCC(=O)Nc1ccc2ccc3cc[nH]c3c2n1,7.183310508728027
CHEMBL3662773,0,0,C[C@H]1CN2CCC[C@H]2CN1C(=O)N1Cc2c(NC(=O)c3cccc(C#N)c3)n[nH]c2C1(C)C,t0_f5_p0,C[C@H]1CN2CCC[C@H]2CN1C(=O)N1Cc2c(NC(=O)c3cccc(C#N)c3)n[nH]c2C1(C)C,7.183083534240723
CHEMBL1456322,0,1,Cc1onc(-c2c(Cl)cccc2Cl)c1C(=O)c1c[nH]c(C(=O)NCCCN2CCOCC2)c1,t1_f5_p3,Cc1onc(-c2c(Cl)cccc2Cl)c1C(=O)c1c[nH]c(C(=O)NCCCN2CCOCC2)c1,7.182936668395996
CHEMBL3262481,0,12,CCNC(=O)Oc1ccc2c(c1)C(=O)N1CCc3c([nH]c4ccccc34)C1N2C,t0_f5_p0,CCNC(=O)Oc1ccc2c(c1)C(=O)N1CCc3c([nH]c4ccccc34)C1N2C,7.182931900024414
CHEMBL2112472,0,5,CC(=O)N1Cc2cc(O)ccc2C[C@@H]1C(=O)N[C@H](CN1CC[C@@](C)(c2cccc(O)c2)[C@@H](C)C1)C(C)C,t0_f5_p2,CC(=O)N1Cc2cc(O)ccc2C[C@@H]1C(=O)N[C@H](CN1CC[C@@](C)(c2cccc(O)c2)[C@@H](C)C1)C(C)C,7.182673454284668
CHEMBL571350,1,9,CN1C(=O)NC(=O)C12Cc1ccc(NC(=O)CN(Cc3ccccc3F)C(=O)C(C)(C)C)cc1C2,t0_f5_p1,CN1C(=O)NC(=O)C12Cc1ccc(NC(=O)CN(Cc3ccccc3F)C(=O)C(C)(C)C)cc1C2,7.182555675506592
CHEMBL3915893,0,1,CN1C(=N)N[C@](C)(c2sc(-c3nnc(-c4ccc(Cl)cc4)o3)cc2Cl)CS1(=O)=O,t1_f5_p1,CN1C(=N)N[C@](C)(c2sc(-c3nnc(-c4ccc(Cl)cc4)o3)cc2Cl)CS1(=O)=O,7.182253837585449
CHEMBL547349,0,1,Cc1cc(-c2ccc3occ(CCN)c3c2)cnc1N,t0_f5_p1,Cc1cc(-c2ccc3occ(CCN)c3c2)cnc1N,7.182102203369141
CHEMBL4159690,0,26,Cc1ccccc1S(=O)(=O)Nc1ccc(C2(O)CSC(=S)N2Cc2cccnc2)cc1,t0_f5_p0,Cc1ccccc1S(=O)(=O)Nc1ccc(C2(O)CSC(=S)N2Cc2cccnc2)cc1,7.181525707244873
CHEMBL3668539,0,8,COCCS(=O)(=O)N1CC2C=C(c3cc4c(-c5cc(F)ccc5OC)ccnc4[nH]3)CC2C1,t0_f5_p4,COCCS(=O)(=O)N1CC2C=C(c3cc4c(-c5cc(F)ccc5OC)ccnc4[nH]3)CC2C1,7.181407928466797
CHEMBL4072816,0,0,Nc1ccccc1NC(=O)c1ccc(NC(=O)NCc2ccc(Cl)nc2)cc1,t0_f5_p0,Nc1ccccc1NC(=O)c1ccc(NC(=O)NCc2ccc(Cl)nc2)cc1,7.180877208709717
CHEMBL3662758,0,0,C[C@H]1CN2CCC[C@H]2CN1C(=O)N1Cc2c(NC(=O)c3cscn3)n[nH]c2C1(C)C,t0_f5_p0,C[C@H]1CN2CCC[C@H]2CN1C(=O)N1Cc2c(NC(=O)c3cscn3)n[nH]c2C1(C)C,7.180835247039795
CHEMBL4129431,0,16,O=C(C1CC1)N1CC[C@@H](CN2C(=O)C3(CC3)N=C2c2ccc(-c3cccc4[nH]ncc34)cc2)C1,t1_f5_p2,O=C(C1CC1)N1CC[C@@H](CN2C(=O)C3(CC3)N=C2c2ccc(-c3cccc4[nH]ncc34)cc2)C1,7.180320739746094
CHEMBL1784634,0,0,Cc1ccc(C(=O)Nc2ccc(CN3CCN(C)CC3)c(C(F)(F)F)c2)cc1C#Cc1cnc(C(N)=O)n1C,t0_f5_p0,Cc1ccc(C(=O)Nc2ccc(CN3CCN(C)CC3)c(C(F)(F)F)c2)cc1C#Cc1cnc(C(N)=O)n1C,7.1800618171691895
CHEMBL3649637,0,1,CN1CCN(c2ccc(-c3cc(C(N)=O)c4[nH]c5cc(C(=O)N6CCOCC6)ccc5c4n3)cc2)CC1,t1_f5_p2,CN1CCN(c2ccc(-c3cc(C(N)=O)c4[nH]c5cc(C(=O)N6CCOCC6)ccc5c4n3)cc2)CC1,7.1792216300964355
CHEMBL83130,0,14,CN1C(=O)[C@H](NC(=O)Nc2ccc3c(c2)CCC3)N=C([C@H]2CC(C)(C)CCN2)c2ccccc21,t0_f5_p1,CN1C(=O)[C@H](NC(=O)Nc2ccc3c(c2)CCC3)N=C([C@H]2CC(C)(C)CCN2)c2ccccc21,7.179046630859375
CHEMBL2448895,0,47,N=C(N)c1cc(F)c([C@H]2[C@H]3C(=O)N(Cc4ccc(F)cc4)C(=O)[C@H]3[C@@H]3CCCN32)c(F)c1,t0_f5_p1,N=C(N)c1cc(F)c([C@H]2[C@H]3C(=O)N(Cc4ccc(F)cc4)C(=O)[C@H]3[C@@H]3CCCN32)c(F)c1,7.178988933563232
CHEMBL1501343,0,4,COCCN1C(=O)c2ccccc2C(C(=O)NCCCN2CCCC2)C1c1c[nH]c2ccccc12,t0_f5_p3,COCCN1C(=O)c2ccccc2C(C(=O)NCCCN2CCCC2)C1c1c[nH]c2ccccc12,7.178897380828857
CHEMBL4211957,0,32,CC(C)(O)CN1CCC(c2nc(COc3ccc(/C=C4\CC(=O)NC4=O)cc3)cs2)CC1,t0_f5_p2,CC(C)(O)CN1CCC(c2nc(COc3ccc(/C=C4\CC(=O)NC4=O)cc3)cs2)CC1,7.178843021392822
CHEMBL331319,0,8,N[C@@H](CCCCNS(=O)(=O)c1ccccc1F)C(=O)NC1CCc2cc(F)ccc2C1Cc1cccnc1,t0_f5_p1,N[C@@H](CCCCNS(=O)(=O)c1ccccc1F)C(=O)NC1CCc2cc(F)ccc2C1Cc1cccnc1,7.178724765777588
CHEMBL3414985,0,38,COC(=O)c1ccc(C2NC(=S)NC(C)=C2C(=O)Nc2nc3ccccc3s2)cc1,t0_f5_p4,COC(=O)c1ccc(C2NC(=S)NC(C)=C2C(=O)Nc2nc3ccccc3s2)cc1,7.178423881530762
CHEMBL270150,0,0,CC1(C)CNC(=O)c2cc3ccc(C(=O)Nc4nc(C(=O)NC5CCCCC5)cs4)cc3n21,t0_f5_p0,CC1(C)CNC(=O)c2cc3ccc(C(=O)Nc4nc(C(=O)NC5CCCCC5)cs4)cc3n21,7.178333282470703
CHEMBL590881,0,8,CN1CCN(C(=O)c2cc(Cc3c[nH]c(=O)c4cc(Cl)c(Cl)n34)ccc2F)CC1,t0_f5_p3,CN1CCN(C(=O)c2cc(Cc3c[nH]c(=O)c4cc(Cl)c(Cl)n34)ccc2F)CC1,7.178264617919922
CHEMBL1784635,0,0,CNC(=O)c1ncc(C#Cc2cc(C(=O)Nc3ccc(CN4CCN(C)CC4)c(C(F)(F)F)c3)ccc2C)n1C,t0_f5_p0,CNC(=O)c1ncc(C#Cc2cc(C(=O)Nc3ccc(CN4CCN(C)CC4)c(C(F)(F)F)c3)ccc2C)n1C,7.177729606628418
CHEMBL3184242,0,0,N#Cc1ccc(-c2ccc3c(c2)[C@H]2[C@H](CCN2S(=O)(=O)c2cccc(F)c2)[C@H](CO)N3)cc1,t1_f5_p1,N#Cc1ccc(-c2ccc3c(c2)[C@H]2[C@H](CCN2S(=O)(=O)c2cccc(F)c2)[C@H](CO)N3)cc1,7.177157878875732
CHEMBL3182583,0,0,N#Cc1ccc(-c2ccc3c(c2)[C@@H]2[C@@H](CCN2S(=O)(=O)c2cccc(F)c2)[C@H](CO)N3)cc1,t1_f5_p1,N#Cc1ccc(-c2ccc3c(c2)[C@@H]2[C@@H](CCN2S(=O)(=O)c2cccc(F)c2)[C@H](CO)N3)cc1,7.177157878875732
CHEMBL3187115,0,6,N#Cc1ccc(-c2ccc3c(c2)[C@H]2[C@H](CCN2S(=O)(=O)c2cccc(F)c2)[C@@H](CO)N3)cc1,t0_f5_p5,N#Cc1ccc(-c2ccc3c(c2)[C@H]2[C@H](CCN2S(=O)(=O)c2cccc(F)c2)[C@@H](CO)N3)cc1,7.177157878875732
CHEMBL3640349,0,16,CCN1CCN(C(C)c2ccc(C#C[C@]3(CN4Cc5ccc(OC)c(F)c5C4=O)NC(=O)NC3=O)cc2)CC1,t1_f5_p3,CCN1CCN(C(C)c2ccc(C#C[C@]3(CN4Cc5ccc(OC)c(F)c5C4=O)NC(=O)NC3=O)cc2)CC1,7.176428318023682
CHEMBL495026,0,0,CCC(C)NCc1ccc2c(c1)[nH]/c(=N\C(=O)c1ccc(-c3cn[nH]c3)s1)n2CC(C)(C)O,t0_f5_p1,CCC(C)NCc1ccc2c(c1)[nH]/c(=N\C(=O)c1ccc(-c3cn[nH]c3)s1)n2CC(C)(C)O,7.175493240356445
CHEMBL1164566,0,0,Cn1cncc1CNC(=O)c1ccc2c(CN3CCOCC3)c(-c3cc(Cc4ccccc4)[nH]n3)[nH]c2c1,t0_f5_p0,Cn1cncc1CNC(=O)c1ccc2c(CN3CCOCC3)c(-c3cc(Cc4ccccc4)[nH]n3)[nH]c2c1,7.1747870445251465
CHEMBL1809005,0,28,O=C1CN(C(=O)[C@@H]2C=C3c4cccc5[nH]cc(c45)C[C@H]3N(C(=O)Nc3ccccc3)C2)CCN1,t0_f5_p1,O=C1CN(C(=O)[C@@H]2C=C3c4cccc5[nH]cc(c45)C[C@H]3N(C(=O)Nc3ccccc3)C2)CCN1,7.172740936279297
CHEMBL3654518,0,1,COc1cccc(CN2CCC[C@@H](NC(=O)c3ccc4[nH]nc(-c5ccnc(C)c5)c4c3)C2)n1,t0_f5_p3,COc1cccc(CN2CCC[C@@H](NC(=O)c3ccc4[nH]nc(-c5ccnc(C)c5)c4c3)C2)n1,7.172700881958008
CHEMBL3662835,0,0,C[C@H]1CN(C)C(C)(C)CN1C(=O)N1Cc2c(NC(=O)c3ccccn3)n[nH]c2C1(C)C,t0_f5_p0,C[C@H]1CN(C)C(C)(C)CN1C(=O)N1Cc2c(NC(=O)c3ccccn3)n[nH]c2C1(C)C,7.172475337982178
CHEMBL369480,0,45,CC(=N)N1CCC(N(CC(N)=O)c2ccc3nc(C)n(Cc4ccc5ccc(C(=N)N)cc5c4)c3c2)CC1,t0_f5_p1,CC(=N)N1CCC(N(CC(N)=O)c2ccc3nc(C)n(Cc4ccc5ccc(C(=N)N)cc5c4)c3c2)CC1,7.17242956161499
CHEMBL1258094,0,3,O=C(Cn1nc(C(F)(F)F)c2c1CCCC2)Nc1sc2c(c1C(=O)NC1CNC1)CCCC2,t0_f5_p0,O=C(Cn1nc(C(F)(F)F)c2c1CCCC2)Nc1sc2c(c1C(=O)NC1CNC1)CCCC2,7.170821189880371
CHEMBL3967119,0,0,CC#C[C@]1(O)CC[C@H]2[C@@H]3CCc4cc(C(=O)Nc5cccnc5)ccc4[C@H]3[C@@H](O)C[C@@]21C,t0_f5_p0,CC#C[C@]1(O)CC[C@H]2[C@@H]3CCc4cc(C(=O)Nc5cccnc5)ccc4[C@H]3[C@@H](O)C[C@@]21C,7.170774459838867
CHEMBL4170186,0,0,CNC(=O)Nc1ccc2c(c1)CC[C@@]21OC(=O)N(CC(=O)N(Cc2ccccc2)[C@H](C2CC2)C(F)(F)F)C1=O,t0_f5_p0,CNC(=O)Nc1ccc2c(c1)CC[C@@]21OC(=O)N(CC(=O)N(Cc2ccccc2)[C@H](C2CC2)C(F)(F)F)C1=O,7.170693397521973
CHEMBL70841,0,5,CC(C)(N)CC(=O)N[C@@H]1CCc2ccccc2N(Cc2ccc(-c3ccccc3C(=O)NCCCO)cc2)C1=O,t0_f5_p1,CC(C)(N)CC(=O)N[C@@H]1CCc2ccccc2N(Cc2ccc(-c3ccccc3C(=O)NCCCO)cc2)C1=O,7.170312881469727
CHEMBL1650951,0,0,CC(C)(O)C(=O)N1CCN(c2ccc(C(F)(F)F)c(C3=C(c4c[nH]c5ccccc45)C(=O)NC3=O)c2)CC1,t0_f5_p1,CC(C)(O)C(=O)N1CCN(c2ccc(C(F)(F)F)c(C3=C(c4c[nH]c5ccccc45)C(=O)NC3=O)c2)CC1,7.170283794403076
CHEMBL3958679,1,31,N=C(N)c1ccc(CC2NCCn3c2nc2cc(C4(C(=O)N5CCCC5)CC4)ccc23)cc1,t0_f5_p1,N=C(N)c1ccc(CC2NCCn3c2nc2cc(C4(C(=O)N5CCCC5)CC4)ccc23)cc1,7.169412612915039
CHEMBL3315061,0,4,CC(C)(C(=O)NC(N)=O)[C@@H]1c2ccc(-c3ccc(C(=O)N4CCOCC4)cc3)nc2Oc2c(F)cccc21,t0_f5_p1,CC(C)(C(=O)NC(N)=O)[C@@H]1c2ccc(-c3ccc(C(=O)N4CCOCC4)cc3)nc2Oc2c(F)cccc21,7.169045448303223
CHEMBL13891,0,15,CC(C)(N)C(=O)N[C@H](Cc1c[nH]c2ccccc12)C(=O)N1CCC2(CC1)Cc1ccccc1C2O,t0_f5_p1,CC(C)(N)C(=O)N[C@H](Cc1c[nH]c2ccccc12)C(=O)N1CCC2(CC1)Cc1ccccc1C2O,7.168995380401611
CHEMBL3731622,0,36,CCN(CC)CCNC(=O)c1c(C)[nH]c(/C=C2\C(=O)Nc3ccc(-c4cnccn4)cc32)c1C,t0_f5_p3,CCN(CC)CCNC(=O)c1c(C)[nH]c(/C=C2\C(=O)Nc3ccc(-c4cnccn4)cc32)c1C,7.1686811447143555
CHEMBL2172311,0,1,CC(C)NC(=O)[C@H]1CC[C@@H](n2/c(=N/C(=O)c3ccc(F)cc3)[nH]c3ccc(CNCC(C)(C)O)cc32)CC1,t0_f5_p2,CC(C)NC(=O)[C@H]1CC[C@@H](n2/c(=N/C(=O)c3ccc(F)cc3)[nH]c3ccc(CNCC(C)(C)O)cc32)CC1,7.165410041809082
CHEMBL3732130,0,0,O=C1Nc2ccc(-c3csc(-c4ccccc4)n3)cc2/C1=C/c1ccc(C(=O)NCCN2CCOCC2)c(=O)[nH]1,t0_f5_p5,O=C1Nc2ccc(-c3csc(-c4ccccc4)n3)cc2/C1=C/c1ccc(C(=O)NCCN2CCOCC2)c(=O)[nH]1,7.164450168609619
CHEMBL571580,1,23,CN1C(=O)NC(=O)C12Cc1ccc(NC(=O)CN(Cc3cccc(F)c3)C(=O)C(C)(C)C)cc1C2,t0_f5_p1,CN1C(=O)NC(=O)C12Cc1ccc(NC(=O)CN(Cc3cccc(F)c3)C(=O)C(C)(C)C)cc1C2,7.163993835449219
CHEMBL1809030,1,4,O=C([C@@H]1C=C2c3cccc4[nH]cc(c34)C[C@H]2N(C(=O)NC2CCC(O)CC2)C1)N1CCCC1,t1_f5_p1,O=C([C@@H]1C=C2c3cccc4[nH]cc(c34)C[C@H]2N(C(=O)NC2CCC(O)CC2)C1)N1CCCC1,7.163425922393799
CHEMBL3662879,0,18,C[C@@H]1CN(C(=O)N2Cc3c(NC(=O)c4coc(C5CC5)n4)n[nH]c3C2(C)C)[C@@H](C)CN1C,t1_f5_p1,C[C@@H]1CN(C(=O)N2Cc3c(NC(=O)c4coc(C5CC5)n4)n[nH]c3C2(C)C)[C@@H](C)CN1C,7.16323184967041
CHEMBL4171872,0,1,O=C1COc2ccc(-c3ccc(N4C[C@H](CNC(=O)C5CC5)OC4=O)cc3F)cc2N1,t1_f5_p1,O=C1COc2ccc(-c3ccc(N4C[C@H](CNC(=O)C5CC5)OC4=O)cc3F)cc2N1,7.163071155548096
CHEMBL1234889,0,0,O=C(Cn1nc(C(F)(F)F)c2c1CCCC2)Nc1sc2c(c1C(=O)N[C@@H]1CCNC1)CCCC2,t0_f5_p0,O=C(Cn1nc(C(F)(F)F)c2c1CCCC2)Nc1sc2c(c1C(=O)N[C@@H]1CCNC1)CCCC2,7.162910461425781
CHEMBL1255599,0,6,O=C(Cn1nc(C(F)(F)F)c2c1CCCC2)Nc1sc2c(c1C(=O)N[C@H]1CCNC1)CCCC2,t0_f5_p0,O=C(Cn1nc(C(F)(F)F)c2c1CCCC2)Nc1sc2c(c1C(=O)N[C@H]1CCNC1)CCCC2,7.162910461425781
CHEMBL2448829,0,0,N=C(N)c1ccc([C@H]2[C@H]3C(=O)N(Cc4ccc(F)cc4)C(=O)[C@H]3[C@H]3CC(F)(F)CN32)cc1,t0_f5_p7,N=C(N)c1ccc([C@H]2[C@H]3C(=O)N(Cc4ccc(F)cc4)C(=O)[C@H]3[C@H]3CC(F)(F)CN32)cc1,7.162557601928711
CHEMBL57943,1,14,CC(C)NCC(O)COc1ccc2c(c1)OC(c1ccccc1)CC2=O,t0_f5_p1,CC(C)NCC(O)COc1ccc2c(c1)OC(c1ccccc1)CC2=O,7.161199569702148
CHEMBL3697407,0,5,Cc1cc(C)c(CNC(=O)c2cc(-c3ccc(CN4CCOCC4)cc3)cc(N(C)C3CCNCC3)c2C)c(=O)[nH]1,t0_f5_p1,Cc1cc(C)c(CNC(=O)c2cc(-c3ccc(CN4CCOCC4)cc3)cc(N(C)C3CCNCC3)c2C)c(=O)[nH]1,7.161025047302246
CHEMBL2178146,0,0,CN1C(=N)N[C@@]2(c3cc(-c4ccc(F)c(C#N)c4)cs3)CN(C(=O)c3cccc(F)c3)C[C@H]2C1=O,t0_f5_p7,CN1C(=N)N[C@@]2(c3cc(-c4ccc(F)c(C#N)c4)cs3)CN(C(=O)c3cccc(F)c3)C[C@H]2C1=O,7.160820484161377
CHEMBL1536956,0,11,CSCC[C@H](NC(=O)c1ccc2ccccc2c1)C(=O)N1CCC2(CC1)NCCc1[nH]cnc12,t0_f5_p1,CSCC[C@H](NC(=O)c1ccc2ccccc2c1)C(=O)N1CCC2(CC1)NCCc1[nH]cnc12,7.160778999328613
CHEMBL2005387,0,2,CC(C)(O)CNc1cc(-c2c[nH]c3ncccc23)cc(Cl)n1,t1_f5_p3,CC(C)(O)CNc1cc(-c2c[nH]c3ncccc23)cc(Cl)n1,7.1602911949157715
CHEMBL4160705,0,3,CN1CCCO[C@H](C(=O)N[C@H]2c3ccccc3C[C@@H]2NC(=O)c2ccc3c(ccn3C)c2)C1,t0_f5_p5,CN1CCCO[C@H](C(=O)N[C@H]2c3ccccc3C[C@@H]2NC(=O)c2ccc3c(ccn3C)c2)C1,7.1602630615234375
CHEMBL4171300,0,14,CN1CCCO[C@@H](C(=O)N[C@H]2c3ccccc3C[C@@H]2NC(=O)c2ccc3c(ccn3C)c2)C1,t0_f5_p5,CN1CCCO[C@@H](C(=O)N[C@H]2c3ccccc3C[C@@H]2NC(=O)c2ccc3c(ccn3C)c2)C1,7.1602630615234375
CHEMBL22628,0,0,Cn1cc(NC(=O)c2sccc2Cl)cc1-c1nc2cc(C(=O)NCCN3CCOCC3)ccc2[nH]1,t0_f5_p0,Cn1cc(NC(=O)c2sccc2Cl)cc1-c1nc2cc(C(=O)NCCN3CCOCC3)ccc2[nH]1,7.159430503845215
CHEMBL190386,0,4,Cc1cccc2c1cc(C(=O)NC1CCN(C(C)C)CC1)n2CC(=O)Nc1ccc(C(=N)N)cc1,t0_f5_p0,Cc1cccc2c1cc(C(=O)NC1CCN(C(C)C)CC1)n2CC(=O)Nc1ccc(C(=N)N)cc1,7.159309387207031
CHEMBL306849,0,1,CC(C)(N)CC(=O)N[C@@H]1CCc2ccccc2N(Cc2ccc(-c3ccccc3C(=O)NCCCCO)cc2)C1=O,t0_f5_p1,CC(C)(N)CC(=O)N[C@@H]1CCc2ccccc2N(Cc2ccc(-c3ccccc3C(=O)NCCCCO)cc2)C1=O,7.159277439117432
CHEMBL1779354,0,9,CCN1CCC2(CC1)CNC(=O)c1cc(-c3ccnc(-c4cc5ccccc5o4)n3)[nH]c12,t0_f5_p1,CCN1CCC2(CC1)CNC(=O)c1cc(-c3ccnc(-c4cc5ccccc5o4)n3)[nH]c12,7.159000396728516
CHEMBL3658627,0,0,CN1CCN(C(=O)N2Cc3c(NC(=O)c4cccs4)n[nH]c3C2(C)C)[C@@H](Cc2ccccc2)C1,t0_f5_p0,CN1CCN(C(=O)N2Cc3c(NC(=O)c4cccs4)n[nH]c3C2(C)C)[C@@H](Cc2ccccc2)C1,7.158787250518799
CHEMBL3732996,0,7,CN1C(=O)C=C2C=C(S(=O)(=O)Nc3ccc(C(=O)N4CCC(O)(Cc5ccccc5)CC4)cc3)C=CC21,t1_f5_p1,CN1C(=O)C=C2C=C(S(=O)(=O)Nc3ccc(C(=O)N4CCC(O)(Cc5ccccc5)CC4)cc3)C=CC21,7.158670425415039
CHEMBL350751,0,0,NCc1ccc(C[C@H](NS(=O)(=O)c2ccc3ccccc3c2)C(=O)N2CCC(O)CC2)cc1,t0_f5_p3,NCc1ccc(C[C@H](NS(=O)(=O)c2ccc3ccccc3c2)C(=O)N2CCC(O)CC2)cc1,7.158305644989014
CHEMBL1161835,0,0,CC(C)(N)C(=O)N[C@H](Cc1c[nH]c2ccccc12)C(=O)N1CCC2(CC1)C[C@@H](O)c1ccccc12,t0_f5_p1,CC(C)(N)C(=O)N[C@H](Cc1c[nH]c2ccccc12)C(=O)N1CCC2(CC1)C[C@@H](O)c1ccccc12,7.158175468444824
CHEMBL1195646,0,0,CC(C)(N)C(=O)N[C@H](Cc1c[nH]c2ccccc12)C(=O)N1CCC2(CC1)CC(O)c1ccccc12,t0_f5_p1,CC(C)(N)C(=O)N[C@H](Cc1c[nH]c2ccccc12)C(=O)N1CCC2(CC1)CC(O)c1ccccc12,7.158175468444824
CHEMBL2413152,0,0,CC(C)(N)C(=O)N[C@H](Cc1c[nH]c2ccccc12)C(=O)N1CCC2(CC1)C[C@H](O)c1ccccc12,t0_f5_p1,CC(C)(N)C(=O)N[C@H](Cc1c[nH]c2ccccc12)C(=O)N1CCC2(CC1)C[C@H](O)c1ccccc12,7.158175468444824
CHEMBL3728142,0,10,Cc1[nH]c(/C=C2\C(=O)Nc3ccc(-c4cnn(-c5ccccn5)c4)cc32)c(C)c1C(=O)N1CCN(C)CC1,t0_f5_p4,Cc1[nH]c(/C=C2\C(=O)Nc3ccc(-c4cnn(-c5ccccn5)c4)cc32)c(C)c1C(=O)N1CCN(C)CC1,7.158074855804443
CHEMBL4290346,0,0,CNC(=O)c1c(-c2ccc(F)cc2)oc2nc(CNC(=O)C3CCOC3)c(C3CC3)cc12,t0_f5_p3,CNC(=O)c1c(-c2ccc(F)cc2)oc2nc(CNC(=O)C3CCOC3)c(C3CC3)cc12,7.1578240394592285
CHEMBL3922260,1,5,N=C(N)c1ccc(CC2NCCn3c2nc2cc(C4(C(=O)N5CCCCC5)CC4)ccc23)cc1,t0_f5_p1,N=C(N)c1ccc(CC2NCCn3c2nc2cc(C4(C(=O)N5CCCCC5)CC4)ccc23)cc1,7.156172752380371
CHEMBL210029,0,17,CC(C)C[C@@H]1C(=O)N[C@H](C2Cc3ccccc3C2)C(=O)N1[C@@H](C(=O)N(C)CCO)c1ccc(F)cc1F,t1_f5_p1,CC(C)C[C@@H]1C(=O)N[C@H](C2Cc3ccccc3C2)C(=O)N1[C@@H](C(=O)N(C)CCO)c1ccc(F)cc1F,7.1557464599609375
CHEMBL4161775,1,41,N#Cc1ccc(S(=O)(=O)Nc2ccc(C3(O)CSC(=S)N3Cc3cccnc3)cc2)cc1,t0_f5_p3,N#Cc1ccc(S(=O)(=O)Nc2ccc(C3(O)CSC(=S)N3Cc3cccnc3)cc2)cc1,7.15494441986084
CHEMBL1254576,0,39,O=C(NCCN1CCC2(CC1)C(=O)NCN2c1ccc(Br)cc1)c1cnc2ccccc2c1,t0_f5_p1,O=C(NCCN1CCC2(CC1)C(=O)NCN2c1ccc(Br)cc1)c1cnc2ccccc2c1,7.154080390930176
CHEMBL3662802,0,0,C[C@H]1CN2CCC[C@H]2CN1C(=O)N1Cc2c(NC(=O)c3ccc(F)cn3)n[nH]c2C1(C)C,t0_f5_p0,C[C@H]1CN2CCC[C@H]2CN1C(=O)N1Cc2c(NC(=O)c3ccc(F)cn3)n[nH]c2C1(C)C,7.15374231338501
CHEMBL3640329,0,1,COc1ccc2c(c1)C(=O)N(C[C@@]1(C#Cc3ccc(C(=O)N4CCC(N5CCCCC5)CC4)cc3)NC(=O)NC1=O)C2,t1_f5_p4,COc1ccc2c(c1)C(=O)N(C[C@@]1(C#Cc3ccc(C(=O)N4CCC(N5CCCCC5)CC4)cc3)NC(=O)NC1=O)C2,7.153274059295654
CHEMBL3310114,0,0,NC(N)=NC(=O)c1ccc2c(c1)C(O)c1ccc(Cl)cc1-2,t0_f5_p1,NC(N)=NC(=O)c1ccc2c(c1)C(O)c1ccc(Cl)cc1-2,7.1528730392456055
CHEMBL1921981,0,2,NC(=O)c1ccc2cc(C3(O)CCn4cncc43)ccc2c1,t0_f5_p7,NC(=O)c1ccc2cc(C3(O)CCn4cncc43)ccc2c1,7.152257919311523
CHEMBL3662880,0,20,CCc1cc(C(=O)Nc2n[nH]c3c2CN(C(=O)N2C[C@@H]4CCCN4C[C@@H]2C)C3(C)C)no1,t1_f5_p3,CCc1cc(C(=O)Nc2n[nH]c3c2CN(C(=O)N2C[C@@H]4CCCN4C[C@@H]2C)C3(C)C)no1,7.151963233947754
CHEMBL3297765,0,11,CN1CCN(C[C@@H](NC(=O)C[C@H]2CNC(=O)c3cc(-c4ccnc(F)c4)cn32)C2CCCCC2)CC1,t0_f5_p2,CN1CCN(C[C@@H](NC(=O)C[C@H]2CNC(=O)c3cc(-c4ccnc(F)c4)cn32)C2CCCCC2)CC1,7.151518821716309
CHEMBL1194925,0,0,CC(C)(N)C(=O)N[C@H](Cc1c[nH]c2ccccc12)C(=O)N1CCC2(CC1)CC(=O)c1ccccc12,t0_f5_p1,CC(C)(N)C(=O)N[C@H](Cc1c[nH]c2ccccc12)C(=O)N1CCC2(CC1)CC(=O)c1ccccc12,7.151424884796143
CHEMBL55594,0,0,CCS(=O)(=O)c1ccc2c(c1)/C(=C/c1[nH]c3c(c1CN1CCOCC1)CCCC3)C(=O)N2,t1_f5_p1,CCS(=O)(=O)c1ccc2c(c1)/C(=C/c1[nH]c3c(c1CN1CCOCC1)CCCC3)C(=O)N2,7.151334762573242
CHEMBL3683790,0,0,Cc1cc(OCC#CC(C)(C)O)cnc1C(=O)Nc1ccc(F)c(C2(C)N=C(N)O[C@H]3C[C@H]32)c1,t0_f5_p0,Cc1cc(OCC#CC(C)(C)O)cnc1C(=O)Nc1ccc(F)c(C2(C)N=C(N)O[C@H]3C[C@H]32)c1,7.151191234588623
CHEMBL3927262,0,0,CN1C(=N)N[C@](C)(c2sc(-c3[nH]cnc3-c3ccccc3)cc2Cl)CS1(=O)=O,t1_f5_p6,CN1C(=N)N[C@](C)(c2sc(-c3[nH]cnc3-c3ccccc3)cc2Cl)CS1(=O)=O,7.150606155395508
CHEMBL3650807,0,1,CC1(C)Oc2ccc(-c3cccc4[nH]ncc34)cc2C2(COC(N)=N2)C12COC2,t0_f5_p2,CC1(C)Oc2ccc(-c3cccc4[nH]ncc34)cc2C2(COC(N)=N2)C12COC2,7.150339126586914
CHEMBL3689442,0,12,CS(=O)(=O)Nc1cc(CN2CCCC(Nc3ccc4[nH]ncc4c3)C2)ccc1Cl,t0_f5_p1,CS(=O)(=O)Nc1cc(CN2CCCC(Nc3ccc4[nH]ncc4c3)C2)ccc1Cl,7.148856163024902
CHEMBL3977957,0,0,CN1CCN(CCCC(=O)Nc2nc3cc(C4(O)c5ccccc5C(=O)N4Cc4ccccc4)ccc3[nH]2)CC1,t0_f5_p0,CN1CCN(CCCC(=O)Nc2nc3cc(C4(O)c5ccccc5C(=O)N4Cc4ccccc4)ccc3[nH]2)CC1,7.148845195770264
CHEMBL572552,0,0,O=C(NN1C(=O)CSC1c1ccccc1)c1ccc(C(=O)NN2C(=O)CSC2c2ccccc2)cc1,t0_f5_p7,O=C(NN1C(=O)CSC1c1ccccc1)c1ccc(C(=O)NN2C(=O)CSC2c2ccccc2)cc1,7.148453712463379
CHEMBL3909114,0,0,COC(=O)Nc1nc2cc(C3(O)c4ccccc4C(=O)N3CC(C)(C)C)ccc2[nH]1,t0_f5_p1,COC(=O)Nc1nc2cc(C3(O)c4ccccc4C(=O)N3CC(C)(C)C)ccc2[nH]1,7.14845085144043
CHEMBL456905,0,1,CNC(=O)c1cccc(C2(C3CCN(Cc4ccc(Br)cc4)CC3)CCC(=O)NC2=O)c1,t0_f5_p1,CNC(=O)c1cccc(C2(C3CCN(Cc4ccc(Br)cc4)CC3)CCC(=O)NC2=O)c1,7.148301601409912
CHEMBL3662872,0,0,CN1CCC(F)(C(=O)N2Cc3c(NC(=O)c4ccc(Cl)c(Cl)c4)n[nH]c3C2(C)C)CC1,t0_f5_p0,CN1CCC(F)(C(=O)N2Cc3c(NC(=O)c4ccc(Cl)c(Cl)c4)n[nH]c3C2(C)C)CC1,7.148049354553223
CHEMBL3915082,0,0,CN1C(=N)N[C@](C)(c2sc(-c3cc(-c4ccccc4)on3)cc2Cl)CS1(=O)=O,t1_f5_p1,CN1C(=N)N[C@](C)(c2sc(-c3cc(-c4ccccc4)on3)cc2Cl)CS1(=O)=O,7.147791862487793
CHEMBL329143,0,0,O=C1NC=C(C(=O)NCCCN2CCC(O)(c3ccc(F)cc3)CC2)[C@@H](c2ccc(F)c(F)c2)N1,t0_f5_p1,O=C1NC=C(C(=O)NCCCN2CCC(O)(c3ccc(F)cc3)CC2)[C@@H](c2ccc(F)c(F)c2)N1,7.1475629806518555
CHEMBL236258,0,0,CC(C)(O)C#Cc1ccc2c(c1)NC(=O)CC(c1cccc(C#N)c1)=N2,t1_f5_p7,CC(C)(O)C#Cc1ccc2c(c1)NC(=O)CC(c1cccc(C#N)c1)=N2,7.147562026977539
CHEMBL4113451,0,0,C[C@]1(c2ccc(-c3cc(F)c4[nH]nc(C5CC5)c4c3)[nH]c2=O)CCCNC1=O,t0_f5_p1,C[C@]1(c2ccc(-c3cc(F)c4[nH]nc(C5CC5)c4c3)[nH]c2=O)CCCNC1=O,7.14708137512207
CHEMBL246756,0,1,CCNC(=S)Nc1ccc(S(=O)(=O)Nc2nc3ccc(F)cc3s2)cc1,t0_f5_p0,CCNC(=S)Nc1ccc(S(=O)(=O)Nc2nc3ccc(F)cc3s2)cc1,7.146894454956055
CHEMBL558802,0,0,CC(C)(N)C(=O)N[C@H](Cc1c[nH]c2ccccc12)C(=O)N1CCC2(CCc3ccccc32)CC1,t0_f5_p1,CC(C)(N)C(=O)N[C@H](Cc1c[nH]c2ccccc12)C(=O)N1CCC2(CCc3ccccc32)CC1,7.146678924560547
CHEMBL68730,0,1,CC(C)(N)C(=O)N[C@@H](Cc1c[nH]c2ccccc12)C(=O)N1CCC2(CCc3ccccc32)CC1,t0_f5_p1,CC(C)(N)C(=O)N[C@@H](Cc1c[nH]c2ccccc12)C(=O)N1CCC2(CCc3ccccc32)CC1,7.146678924560547
CHEMBL3662746,0,0,C[C@H]1CN2CCC[C@H]2CN1C(=O)N1Cc2c(NC(=O)c3ccccc3F)n[nH]c2C1(C)C,t0_f5_p0,C[C@H]1CN2CCC[C@H]2CN1C(=O)N1Cc2c(NC(=O)c3ccccc3F)n[nH]c2C1(C)C,7.146275520324707
CHEMBL527826,0,5,CS(=O)(=O)NCCCNCc1cccc(-c2csc(-c3nc4ccccc4[nH]3)c2)c1,t0_f5_p2,CS(=O)(=O)NCCCNCc1cccc(-c2csc(-c3nc4ccccc4[nH]3)c2)c1,7.145631313323975
CHEMBL1084291,1,21,O=S1(=O)N(CCC(O)CNC2CC2)c2ccccc2N1c1ccccc1,t0_f5_p1,O=S1(=O)N(CCC(O)CNC2CC2)c2ccccc2N1c1ccccc1,7.145534038543701
CHEMBL495559,0,0,C[C@H]1[C@@H]2CN(C(=O)c3cc4cc(OCCN(C)C)ccc4[nH]3)C3=CC(=O)c4ccccc4[C@@]312,t0_f5_p6,C[C@H]1[C@@H]2CN(C(=O)c3cc4cc(OCCN(C)C)ccc4[nH]3)C3=CC(=O)c4ccccc4[C@@]312,7.145445346832275
CHEMBL56510,1,2,CC(C)NCC(O)COc1ccc2c(=O)cc(-c3cccc(Cl)c3)oc2c1,t0_f5_p5,CC(C)NCC(O)COc1ccc2c(=O)cc(-c3cccc(Cl)c3)oc2c1,7.14481258392334
CHEMBL570488,0,49,CN1C(=O)NC(=O)C12Cc1ccc(NC(=O)CN(Cc3ccc(F)cc3)C(=O)C(C)(C)C)cc1C2,t0_f5_p1,CN1C(=O)NC(=O)C12Cc1ccc(NC(=O)CN(Cc3ccc(F)cc3)C(=O)C(C)(C)C)cc1C2,7.144779205322266
CHEMBL397702,0,0,O=C(NC1(C(=O)N[C@H](Cc2ccccc2)C(=O)NCCCN2CCOCC2)CC=CC1)c1cc2ccccc2s1,t0_f5_p1,O=C(NC1(C(=O)N[C@H](Cc2ccccc2)C(=O)NCCCN2CCOCC2)CC=CC1)c1cc2ccccc2s1,7.144644737243652
CHEMBL3700050,0,22,COC[C@H]1CN[C@H](C)CN1CC(=O)N1C[C@@](C)(c2cc(C)no2)c2ccc(Cc3ccccc3)cc21,t0_f5_p2,COC[C@H]1CN[C@H](C)CN1CC(=O)N1C[C@@](C)(c2cc(C)no2)c2ccc(Cc3ccccc3)cc21,7.144381999969482
CHEMBL3700049,0,37,COC[C@H]1CN[C@H](C)CN1CC(=O)N1C[C@](C)(c2cc(C)no2)c2ccc(Cc3ccccc3)cc21,t0_f5_p5,COC[C@H]1CN[C@H](C)CN1CC(=O)N1C[C@](C)(c2cc(C)no2)c2ccc(Cc3ccccc3)cc21,7.144381999969482
CHEMBL4172731,0,1,O=C(c1cc(Cc2n[nH]c(=O)c3ccccc23)cc(F)c1F)N1CCN(Cc2cccnc2)CC1,t0_f5_p3,O=C(c1cc(Cc2n[nH]c(=O)c3ccccc23)cc(F)c1F)N1CCN(Cc2cccnc2)CC1,7.1440958976745605
CHEMBL4067886,0,3,CCN1CCc2c(sc(NC(=O)Nc3ccc(Cl)cc3)c2C(=O)NCCN2CCOCC2)C1,t0_f5_p1,CCN1CCc2c(sc(NC(=O)Nc3ccc(Cl)cc3)c2C(=O)NCCN2CCOCC2)C1,7.143780708312988
CHEMBL3935144,0,1,CN[C@@H](C)C(=O)N[C@H](C(=O)N1CCc2ccccc2[C@H]1C(=O)Nc1c(F)cccc1F)C1CCCC1,t0_f5_p0,CN[C@@H](C)C(=O)N[C@H](C(=O)N1CCc2ccccc2[C@H]1C(=O)Nc1c(F)cccc1F)C1CCCC1,7.142423152923584
CHEMBL3905417,0,0,Cn1cc(S(=O)(=O)NCc2cccc(C3(Cc4ccccc4)CCNC3)c2)cn1,t0_f5_p3,Cn1cc(S(=O)(=O)NCc2cccc(C3(Cc4ccccc4)CCNC3)c2)cn1,7.142069339752197
CHEMBL2141038,0,26,CSCCC(NC(=O)c1cc(S(=O)(=O)N2CCOCC2)ccc1C)c1nc2ccccc2[nH]1,t0_f5_p0,CSCCC(NC(=O)c1cc(S(=O)(=O)N2CCOCC2)ccc1C)c1nc2ccccc2[nH]1,7.141754150390625
CHEMBL2112218,0,1,N[C@@H](CCCCNS(=O)(=O)c1ccccc1F)C(=O)NC1=NC2CCc3cc(F)ccc3C2C1,t0_f5_p1,N[C@@H](CCCCNS(=O)(=O)c1ccccc1F)C(=O)NC1=NC2CCc3cc(F)ccc3C2C1,7.141025543212891
CHEMBL4076927,0,0,Cc1c(-c2ccc(N3CC(C)(O)C3)cc2)[nH]c2cc(F)cc(F)c2c1=O,t0_f5_p0,Cc1c(-c2ccc(N3CC(C)(O)C3)cc2)[nH]c2cc(F)cc(F)c2c1=O,7.140873908996582
CHEMBL4165908,0,0,O=C(c1cc(Cc2n[nH]c(=O)c3ccccc23)cc(F)c1F)N1CCN(C2CCCC2)CC1,t0_f5_p3,O=C(c1cc(Cc2n[nH]c(=O)c3ccccc23)cc(F)c1F)N1CCN(C2CCCC2)CC1,7.140841007232666
CHEMBL219588,0,0,O=C(Nc1ccc(S(=O)(=O)NC2CCNCC2)c2ccccc12)c1ccccc1,t0_f5_p0,O=C(Nc1ccc(S(=O)(=O)NC2CCNCC2)c2ccccc12)c1ccccc1,7.140801429748535
CHEMBL300321,0,2,CNS(=O)(=O)c1ccc2c(c1)/C(=C/c1[nH]c3ccccc3c1CCCN(C)C)C(=O)N2,t0_f5_p1,CNS(=O)(=O)c1ccc2c(c1)/C(=C/c1[nH]c3ccccc3c1CCCN(C)C)C(=O)N2,7.1403489112854
CHEMBL4129575,0,1,O=C(C1CC1)N1CC[C@@H](CN2C(=O)C3(CC3)N=C2c2ccc(-c3ccc4[nH]ncc4c3)cc2)C1,t1_f5_p2,O=C(C1CC1)N1CC[C@@H](CN2C(=O)C3(CC3)N=C2c2ccc(-c3ccc4[nH]ncc4c3)cc2)C1,7.140151500701904
CHEMBL1501927,0,8,CC(=O)N1CCc2cc(S(=O)(=O)NC(Cc3ccccc3)C(=O)NCCN3CCCCC3C)ccc21,t0_f5_p3,CC(=O)N1CCc2cc(S(=O)(=O)NC(Cc3ccccc3)C(=O)NCCN3CCCCC3C)ccc21,7.140011787414551
CHEMBL2419526,0,37,CN1CCC(S(=O)(=O)c2ccc(CNC(=O)N3Cc4ccncc4C3)cc2)CC1,t0_f5_p3,CN1CCC(S(=O)(=O)c2ccc(CNC(=O)N3Cc4ccncc4C3)cc2)CC1,7.13970422744751
CHEMBL3890294,0,0,O=C(N[C@@H]1CCNC[C@H]1F)c1ccc2cc(Oc3ccc(C(F)(F)F)cn3)ccc2n1,t0_f5_p1,O=C(N[C@@H]1CCNC[C@H]1F)c1ccc2cc(Oc3ccc(C(F)(F)F)cn3)ccc2n1,7.139533996582031
CHEMBL1353624,0,7,O=C(NCc1nc2ccccc2[nH]1)C1=C[C@H](C2CC2)C[C@H](OCc2ccc(CO)cc2)O1,t0_f5_p1,O=C(NCc1nc2ccccc2[nH]1)C1=C[C@H](C2CC2)C[C@H](OCc2ccc(CO)cc2)O1,7.139392852783203
CHEMBL1408695,0,14,O=C(NCc1nc2ccccc2[nH]1)C1=C[C@@H](C2CC2)C[C@@H](OCc2ccc(CO)cc2)O1,t0_f5_p1,O=C(NCc1nc2ccccc2[nH]1)C1=C[C@@H](C2CC2)C[C@@H](OCc2ccc(CO)cc2)O1,7.139392852783203
CHEMBL3317987,0,20,O=C(N[C@@H]1CCC[C@H](Nc2nc(-c3c[nH]c4ncc(Cl)cc34)ncc2F)C1)N1CCOCC1,t0_f5_p2,O=C(N[C@@H]1CCC[C@H](Nc2nc(-c3c[nH]c4ncc(Cl)cc34)ncc2F)C1)N1CCOCC1,7.139214992523193
CHEMBL553267,0,3,C[C@H](O)CNC(C)(C)CC(=O)N[C@H](Cc1c[nH]c2ccccc12)C(=O)N1CCC2(CCc3ccccc32)CC1,t0_f5_p1,C[C@H](O)CNC(C)(C)CC(=O)N[C@H](Cc1c[nH]c2ccccc12)C(=O)N1CCC2(CCc3ccccc32)CC1,7.138957977294922
CHEMBL1524056,0,10,C[C@H](NC(=O)c1ccc(Cl)c(S(=O)(=O)N2CCOCC2)c1)c1nc2ccccc2[nH]1,t0_f5_p6,C[C@H](NC(=O)c1ccc(Cl)c(S(=O)(=O)N2CCOCC2)c1)c1nc2ccccc2[nH]1,7.138848304748535
CHEMBL377315,0,12,CC(C)C[C@@H]1C(=O)N[C@H](C2Cc3ccccc3C2)C(=O)N1[C@@H](C(=O)N1CC(O)C1)c1ccc(F)cc1F,t1_f5_p1,CC(C)C[C@@H]1C(=O)N[C@H](C2Cc3ccccc3C2)C(=O)N1[C@@H](C(=O)N1CC(O)C1)c1ccc(F)cc1F,7.138799667358398
CHEMBL3980717,0,29,CN(C)CCNCc1cc(C2c3ccc4cccnc4c3NS(=O)(=O)N2C)ccc1F,t0_f5_p4,CN(C)CCNCc1cc(C2c3ccc4cccnc4c3NS(=O)(=O)N2C)ccc1F,7.138754367828369
CHEMBL3342554,0,2,CNC(=O)O[C@H]1CCc2ccc(N3CCN(C4COC4)CC3)cc2[C@@H]1NC(=O)c1ccc(F)cc1,t0_f5_p1,CNC(=O)O[C@H]1CCc2ccc(N3CCN(C4COC4)CC3)cc2[C@@H]1NC(=O)c1ccc(F)cc1,7.138538360595703
CHEMBL3919317,0,0,CN1CCC(n2c(NC(=O)c3ccc4cc5n(c4c3)CCCNC5=O)nc3ccccc32)CC1,t0_f5_p0,CN1CCC(n2c(NC(=O)c3ccc4cc5n(c4c3)CCCNC5=O)nc3ccccc32)CC1,7.1382575035095215
CHEMBL535711,0,1,O=C1CSc2ccc(CNC3CCN(CCc4c(F)cnc5ccc(F)cc45)CC3)nc2N1,t1_f5_p0,O=C1CSc2ccc(CNC3CCN(CCc4c(F)cnc5ccc(F)cc45)CC3)nc2N1,7.137609481811523
CHEMBL472470,0,1,CC1(C)C(c2ccccc2)=C(c2nc3c(C(N)=O)cccc3[nH]2)C(C)(C)N1O,t0_f5_p1,CC1(C)C(c2ccccc2)=C(c2nc3c(C(N)=O)cccc3[nH]2)C(C)(C)N1O,7.137512683868408
CHEMBL284805,0,0,N=C(N)c1ccc2[nH]c(-c3ccccc3O)cc2c1,t0_f5_p0,N=C(N)c1ccc2[nH]c(-c3ccccc3O)cc2c1,7.137385368347168
CHEMBL545507,0,6,O=C(CN1CCC(N2CCCC2)CC1)Nc1ccc2nc(O)c3ccccc3c2n1,t0_f5_p4,O=C(CN1CCC(N2CCCC2)CC1)Nc1ccc2nc(O)c3ccccc3c2n1,7.137155532836914
CHEMBL1160794,0,2,N=C(N)c1cccc(N2CCCCN(C3CCN(Cc4cccnc4)CC3)C2=O)c1,t1_f5_p0,N=C(N)c1cccc(N2CCCCN(C3CCN(Cc4cccnc4)CC3)C2=O)c1,7.136804103851318
CHEMBL1933533,0,8,C[C@@H]1CCC(N2CC[C@@]3(CN(C(=O)c4cc5ccccc5[nH]4)c4ccccc43)C2)CN1,t0_f5_p4,C[C@@H]1CCC(N2CC[C@@]3(CN(C(=O)c4cc5ccccc5[nH]4)c4ccccc43)C2)CN1,7.136782169342041
CHEMBL1933551,0,7,C[C@@H]1CCC(N2CC[C@]3(CN(C(=O)c4cc5ccccc5[nH]4)c4ccccc43)C2)CN1,t0_f5_p4,C[C@@H]1CCC(N2CC[C@]3(CN(C(=O)c4cc5ccccc5[nH]4)c4ccccc43)C2)CN1,7.136782169342041
CHEMBL2407555,0,2,Cc1c(Cl)cccc1S(=O)(=O)Nc1n[nH]c2c1CCN(CC1CCNCC1)C2=O,t0_f5_p0,Cc1c(Cl)cccc1S(=O)(=O)Nc1n[nH]c2c1CCN(CC1CCNCC1)C2=O,7.136358737945557
CHEMBL1784629,0,0,Cc1ccc(C(=O)Nc2ccc(CN3CCN(C)CC3)c(C(F)(F)F)c2)cc1C#Cc1ccc(C(N)=O)nc1,t0_f5_p0,Cc1ccc(C(=O)Nc2ccc(CN3CCN(C)CC3)c(C(F)(F)F)c2)cc1C#Cc1ccc(C(N)=O)nc1,7.1362833976745605
CHEMBL248593,0,44,O=C(N[C@@H](C(=O)N1CCC(CN2CCCC2)CC1)c1ccccc1)c1ccc2cc[nH]c2c1,t1_f5_p1,O=C(N[C@@H](C(=O)N1CCC(CN2CCCC2)CC1)c1ccccc1)c1ccc2cc[nH]c2c1,7.136131763458252
CHEMBL572225,0,36,CN1C(=O)NC(=O)C12Cc1ccc(NC(=O)CN(Cc3cccc(C#N)c3)C(=O)C(C)(C)C)cc1C2,t0_f5_p1,CN1C(=O)NC(=O)C12Cc1ccc(NC(=O)CN(Cc3cccc(C#N)c3)C(=O)C(C)(C)C)cc1C2,7.136015892028809
CHEMBL3666181,0,3,CSc1nn(-c2ccccc2)c2cc(NC(=O)C3(F)CCNCC3)ccc12,t0_f5_p0,CSc1nn(-c2ccccc2)c2cc(NC(=O)C3(F)CCNCC3)ccc12,7.135985851287842
CHEMBL295984,0,13,CC(C)(N)C(=O)N[C@@H]1CCc2ccccc2N(Cc2ccc(-c3ccccc3CNC(=O)NCCO)cc2)C1=O,t0_f5_p1,CC(C)(N)C(=O)N[C@@H]1CCc2ccccc2N(Cc2ccc(-c3ccccc3CNC(=O)NCCO)cc2)C1=O,7.135950088500977
CHEMBL162929,0,13,CC(C)N(C)C(=O)[C@H](Cc1ccc(CN)cc1)NS(=O)(=O)c1ccc2ccccc2c1,t0_f5_p3,CC(C)N(C)C(=O)[C@H](Cc1ccc(CN)cc1)NS(=O)(=O)c1ccc2ccccc2c1,7.135734558105469
CHEMBL2431254,0,18,CC1(C)NC[C@@H](c2cc(F)cc(F)c2)N(CC(=O)Nc2ccc3c(c2)C[C@@]2(C3)C(=O)Nc3ncccc32)C1=O,t0_f5_p1,CC1(C)NC[C@@H](c2cc(F)cc(F)c2)N(CC(=O)Nc2ccc3c(c2)C[C@@]2(C3)C(=O)Nc3ncccc32)C1=O,7.135474681854248
CHEMBL3918215,0,2,CN[C@@H](C)C(=O)N[C@H](C(=O)N1c2ccccc2C[C@H]1C(=O)NCc1cc(F)ccc1C)c1ccccc1,t0_f5_p1,CN[C@@H](C)C(=O)N[C@H](C(=O)N1c2ccccc2C[C@H]1C(=O)NCc1cc(F)ccc1C)c1ccccc1,7.135409355163574
CHEMBL1689014,0,7,O=C1[C@@H](NS(=O)(=O)/C=C/c2ccc(Cl)s2)CCN1c1ccc2c(c1)CCNC2,t1_f5_p0,O=C1[C@@H](NS(=O)(=O)/C=C/c2ccc(Cl)s2)CCN1c1ccc2c(c1)CCNC2,7.134671688079834
CHEMBL3297763,0,5,CN1CCN(C[C@@H](NC(=O)C[C@H]2CNC(=O)c3cc(-c4ccc(F)c(F)c4)cn32)C2CCCCC2)CC1,t0_f5_p2,CN1CCN(C[C@@H](NC(=O)C[C@H]2CNC(=O)c3cc(-c4ccc(F)c(F)c4)cn32)C2CCCCC2)CC1,7.134644508361816
CHEMBL1873358,0,25,C[C@@H](CN1CCC2(CC1)C(=O)NCN2c1ccc(F)c(F)c1)NC(=O)c1cc2cc(F)ccc2[nH]1,t0_f5_p1,C[C@@H](CN1CCC2(CC1)C(=O)NCN2c1ccc(F)c(F)c1)NC(=O)c1cc2cc(F)ccc2[nH]1,7.134422779083252
CHEMBL245534,0,6,CN1CCN(C(=O)N2CCC(Nc3ncc(Cl)c(-c4c[nH]c5ccccc45)n3)CC2)CC1,t0_f5_p4,CN1CCN(C(=O)N2CCC(Nc3ncc(Cl)c(-c4c[nH]c5ccccc45)n3)CC2)CC1,7.134366989135742
CHEMBL2142836,0,37,CN(C)CCNC(=O)c1cccc(-c2cnc3c(NC=O)cc(-c4ccc(C(=O)N5CCOCC5)cc4)cn23)c1,t0_f5_p2,CN(C)CCNC(=O)c1cccc(-c2cnc3c(NC=O)cc(-c4ccc(C(=O)N5CCOCC5)cc4)cn23)c1,7.134358882904053
CHEMBL3700802,0,3,Nc1cnc(-c2ccc(-c3ccccc3C(=O)NC3CCC(O)CC3)cc2F)cn1,t0_f5_p2,Nc1cnc(-c2ccc(-c3ccccc3C(=O)NC3CCC(O)CC3)cc2F)cn1,7.134054660797119
CHEMBL421520,0,11,Cc1cc(O)cc(C)c1C[C@H](N)C(=O)N1Cc2ccccc2C[C@H]1C/N=C(/S)NC(C)(C)C,t0_f5_p1,Cc1cc(O)cc(C)c1C[C@H](N)C(=O)N1Cc2ccccc2C[C@H]1C/N=C(/S)NC(C)(C)C,7.133861541748047
CHEMBL3700913,0,0,CN1CCc2nc(NC(=O)c3cccc([C@H]4CNC[C@@H]4C(=O)Nc4ccc(C#N)cc4)c3)sc2C1,t0_f5_p0,CN1CCc2nc(NC(=O)c3cccc([C@H]4CNC[C@@H]4C(=O)Nc4ccc(C#N)cc4)c3)sc2C1,7.133823394775391
CHEMBL115692,0,7,CC(C)NC(O)COc1ccc2c(=O)cc(-c3ccccc3)oc2c1,t0_f5_p1,CC(C)NC(O)COc1ccc2c(=O)cc(-c3ccccc3)oc2c1,7.133162975311279
CHEMBL3315063,0,18,CC(C)(C(=O)NC(N)=O)[C@H]1c2ccccc2Oc2nc(-c3ccc(C(=O)N4CCOCC4)cc3)ccc21,t0_f5_p1,CC(C)(C(=O)NC(N)=O)[C@H]1c2ccccc2Oc2nc(-c3ccc(C(=O)N4CCOCC4)cc3)ccc21,7.133086204528809
CHEMBL3696052,0,0,O=C1C[C@@H](COc2nc(-c3ccc4c(c3)CCNC4)cc3ncccc23)CN1,t0_f5_p5,O=C1C[C@@H](COc2nc(-c3ccc4c(c3)CCNC4)cc3ncccc23)CN1,7.133049011230469
CHEMBL2208434,0,16,O=C(NC[C@@H](O)CN1CCC(Oc2ccc(Cl)c(Cl)c2)CC1)c1cc(=O)[nH]c2ccccc12,t1_f5_p0,O=C(NC[C@@H](O)CN1CCC(Oc2ccc(Cl)c(Cl)c2)CC1)c1cc(=O)[nH]c2ccccc12,7.132837295532227
CHEMBL2448817,0,8,N=C(N)c1ccc([C@H]2[C@H]3C(=O)N(Cc4ccc(F)cc4)C(=O)[C@H]3[C@H]3[C@H](F)CCN32)cc1,t0_f5_p3,N=C(N)c1ccc([C@H]2[C@H]3C(=O)N(Cc4ccc(F)cc4)C(=O)[C@H]3[C@H]3[C@H](F)CCN32)cc1,7.132227897644043
CHEMBL2448820,0,0,N=C(N)c1ccc([C@H]2[C@H]3C(=O)N(Cc4ccc(F)cc4)C(=O)[C@H]3[C@H]3[C@@H](F)CCN32)cc1,t0_f5_p3,N=C(N)c1ccc([C@H]2[C@H]3C(=O)N(Cc4ccc(F)cc4)C(=O)[C@H]3[C@H]3[C@@H](F)CCN32)cc1,7.132227897644043
CHEMBL477411,0,5,O=c1cc(-c2ccccc2)c2ccc(OCC(O)CN3CCCCC3)cc2o1,t0_f5_p1,O=c1cc(-c2ccccc2)c2ccc(OCC(O)CN3CCCCC3)cc2o1,7.132188320159912
CHEMBL1084106,0,5,O=C(Nc1cc2cc[nH]c(=O)c2cc1Cl)C(NC1CC1)c1ccccc1,t0_f5_p0,O=C(Nc1cc2cc[nH]c(=O)c2cc1Cl)C(NC1CC1)c1ccccc1,7.131839752197266
CHEMBL3409596,0,7,O=c1cc(-c2ccnc(NC3CCOCC3)c2)ccn1C(CO)c1ccc(Cl)c(F)c1,t1_f5_p2,O=c1cc(-c2ccnc(NC3CCOCC3)c2)ccn1C(CO)c1ccc(Cl)c(F)c1,7.131690502166748
CHEMBL4061458,0,1,O=C(Nc1cc(Cn2c(=O)[nH]c(=O)c3ccccc32)cnc1F)[C@H]1CCN(CC2CC2)C1,t0_f5_p5,O=C(Nc1cc(Cn2c(=O)[nH]c(=O)c3ccccc32)cnc1F)[C@H]1CCN(CC2CC2)C1,7.131523132324219
CHEMBL3919621,0,0,O=C(CN1CCN(C(=O)c2cc(Cc3n[nH]c(=O)c4c3CCCC4)ccc2F)CC1)N1CCCC1,t1_f5_p3,O=C(CN1CCN(C(=O)c2cc(Cc3n[nH]c(=O)c4c3CCCC4)ccc2F)CC1)N1CCCC1,7.131196975708008
CHEMBL576730,0,1,CN1CCN(C(=O)c2c(NC(=O)NS(=O)(=O)c3ccccc3)sc3c2CCCCC3)CC1,t1_f5_p1,CN1CCN(C(=O)c2c(NC(=O)NS(=O)(=O)c3ccccc3)sc3c2CCCCC3)CC1,7.130603790283203
CHEMBL2431256,0,40,CN1C[C@@H](c2cc(F)cc(F)c2)N(CC(=O)Nc2ccc3c(c2)C[C@@]2(C3)C(=O)Nc3ncccc32)C(=O)C1(C)C,t0_f5_p1,CN1C[C@@H](c2cc(F)cc(F)c2)N(CC(=O)Nc2ccc3c(c2)C[C@@]2(C3)C(=O)Nc3ncccc32)C(=O)C1(C)C,7.130585193634033
CHEMBL3673313,0,1,CNC1CCc2ccc(CNS(=O)(=O)c3ccn(C)n3)cc2C1Cc1ccccc1,t0_f5_p3,CNC1CCc2ccc(CNS(=O)(=O)c3ccn(C)n3)cc2C1Cc1ccccc1,7.1293182373046875
CHEMBL3953506,0,3,N#Cc1ccc(NC(=S)NC[C@H]2CN(c3ccc(N4CC5(COC5)C4)c(F)c3)C(=O)O2)cc1,t0_f5_p4,N#Cc1ccc(NC(=S)NC[C@H]2CN(c3ccc(N4CC5(COC5)C4)c(F)c3)C(=O)O2)cc1,7.129189491271973
CHEMBL3646053,0,3,O=S(=O)(CC1CC1)NCc1ccc2c(c1)C(C1(c3ccccn3)CCC1)NCC2,t0_f5_p3,O=S(=O)(CC1CC1)NCc1ccc2c(c1)C(C1(c3ccccn3)CCC1)NCC2,7.128912448883057
CHEMBL564509,0,16,N=C(NCCCCNS(=O)(=O)c1cccc2ccccc12)N1CCc2ccccc2C1,t0_f5_p2,N=C(NCCCCNS(=O)(=O)c1cccc2ccccc12)N1CCc2ccccc2C1,7.128862380981445
CHEMBL607479,0,0,Cc1cc(O)cc(C)c1C[C@H](N)C(=O)N1Cc2ccccc2C[C@H]1C(=O)N[C@@H](C)c1nc2ccccc2[nH]1,t0_f5_p1,Cc1cc(O)cc(C)c1C[C@H](N)C(=O)N1Cc2ccccc2C[C@H]1C(=O)N[C@@H](C)c1nc2ccccc2[nH]1,7.128800392150879
CHEMBL606603,0,1,Cc1cc(O)cc(C)c1C[C@H](N)C(=O)N1Cc2ccccc2C[C@H]1C(=O)N[C@H](C)c1nc2ccccc2[nH]1,t0_f5_p1,Cc1cc(O)cc(C)c1C[C@H](N)C(=O)N1Cc2ccccc2C[C@H]1C(=O)N[C@H](C)c1nc2ccccc2[nH]1,7.128800392150879
CHEMBL1851926,0,0,CC(C)NC(=N)c1ccc(NC(=O)c2ccco2)cc1,t0_f5_p0,CC(C)NC(=N)c1ccc(NC(=O)c2ccco2)cc1,7.128483772277832
CHEMBL3961921,0,0,CN(C)C1CCN(C[C@@H](NC(=O)C[C@H]2CNC(=O)c3cc(-c4ccnc(F)c4)cn32)C2CCCCC2)CC1,t0_f5_p2,CN(C)C1CCN(C[C@@H](NC(=O)C[C@H]2CNC(=O)c3cc(-c4ccnc(F)c4)cn32)C2CCCCC2)CC1,7.128361701965332
CHEMBL3617745,0,0,CC1(C)N=C(c2ccc(-c3nc4ccccc4[nH]3)cc2)N(C[C@@H]2CCN(C(=O)C3CC3)C2)C1=O,t0_f5_p0,CC1(C)N=C(c2ccc(-c3nc4ccccc4[nH]3)cc2)N(C[C@@H]2CCN(C(=O)C3CC3)C2)C1=O,7.127514362335205
CHEMBL3798846,0,0,CN1CCN(c2ccc(-c3cccc(CN4CCOCC4)c3)cc2NC(=O)c2c[nH]c(=O)cc2C(F)(F)F)CC1,t0_f5_p0,CN1CCN(c2ccc(-c3cccc(CN4CCOCC4)c3)cc2NC(=O)c2c[nH]c(=O)cc2C(F)(F)F)CC1,7.127288341522217
CHEMBL3975431,0,1,O=C(N1CCc2cnc(NC3CCOCC3)nc2C1)N1CCNCC1c1ccccc1,t0_f5_p1,O=C(N1CCc2cnc(NC3CCOCC3)nc2C1)N1CCNCC1c1ccccc1,7.1270623207092285
CHEMBL426270,0,0,O=S(=O)(NCCCN1CCOCC1)c1ccc2c(c1)Cc1c-2nc(O)c2ccccc12,t0_f5_p7,O=S(=O)(NCCCN1CCOCC1)c1ccc2c(c1)Cc1c-2nc(O)c2ccccc12,7.126879692077637
CHEMBL2448897,0,21,N=C(N)c1c(F)cc([C@H]2[C@H]3C(=O)N(Cc4ccc(F)cc4)C(=O)[C@H]3[C@@H]3CCCN32)cc1F,t0_f5_p2,N=C(N)c1c(F)cc([C@H]2[C@H]3C(=O)N(Cc4ccc(F)cc4)C(=O)[C@H]3[C@@H]3CCCN32)cc1F,7.126348495483398
CHEMBL2381235,0,0,O=C(Nc1ccccc1N1CCNCC1)c1csc(N2CCc3[nH]cnc3C2)n1,t0_f5_p0,O=C(Nc1ccccc1N1CCNCC1)c1csc(N2CCc3[nH]cnc3C2)n1,7.126291751861572
CHEMBL371467,0,0,CCCS(=O)(=O)NCc1ccc2c(c1)C[C@H](C(=O)N(C)[C@H](CN1CC[C@H](O)C1)c1ccccc1)O2,t0_f5_p3,CCCS(=O)(=O)NCc1ccc2c(c1)C[C@H](C(=O)N(C)[C@H](CN1CC[C@H](O)C1)c1ccccc1)O2,7.125834941864014
CHEMBL371018,0,5,CCCS(=O)(=O)NCc1ccc2c(c1)C[C@@H](C(=O)N(C)[C@H](CN1CC[C@H](O)C1)c1ccccc1)O2,t0_f5_p3,CCCS(=O)(=O)NCc1ccc2c(c1)C[C@@H](C(=O)N(C)[C@H](CN1CC[C@H](O)C1)c1ccccc1)O2,7.125834941864014
CHEMBL2407551,0,2,O=C1c2[nH]nc(NS(=O)(=O)c3cccc4ccccc34)c2CCN1C1CCNCC1,t0_f5_p0,O=C1c2[nH]nc(NS(=O)(=O)c3cccc4ccccc34)c2CCN1C1CCNCC1,7.125255107879639
CHEMBL3640319,0,24,COc1ccc2c(c1F)C(=O)N(C[C@@]1(C#Cc3ccc(C4(O)CCNCC4)cc3)NC(=O)NC1=O)C2,t0_f5_p3,COc1ccc2c(c1F)C(=O)N(C[C@@]1(C#Cc3ccc(C4(O)CCNCC4)cc3)NC(=O)NC1=O)C2,7.125085353851318
CHEMBL4172811,0,6,O=S(=O)(Cc1ccccc1)Nc1ccc(C2(O)CSC(=S)N2Cc2cccnc2)cc1,t0_f5_p0,O=S(=O)(Cc1ccccc1)Nc1ccc(C2(O)CSC(=S)N2Cc2cccnc2)cc1,7.123491287231445
CHEMBL2375157,0,11,Cc1cc(O)cc(C)c1C[C@@H](C)CN1Cc2ccccc2C[C@H]1C(=O)NCC(=O)NCc1nc2ccccc2[nH]1,t0_f5_p1,Cc1cc(O)cc(C)c1C[C@@H](C)CN1Cc2ccccc2C[C@H]1C(=O)NCC(=O)NCc1nc2ccccc2[nH]1,7.123254299163818
CHEMBL1258207,0,10,O=C(Cn1nc(C(F)(F)F)c2c1CCCC2)Nc1sc2c(c1C(=O)NCC1CNC1)CCCC2,t0_f5_p0,O=C(Cn1nc(C(F)(F)F)c2c1CCCC2)Nc1sc2c(c1C(=O)NCC1CNC1)CCCC2,7.122103691101074
CHEMBL3662844,0,0,CC[C@H]1CN2CCC[C@@]2(C)CN1C(=O)N1Cc2c(NC(=O)c3ccc(F)cn3)n[nH]c2C1(C)C,t0_f5_p0,CC[C@H]1CN2CCC[C@@]2(C)CN1C(=O)N1Cc2c(NC(=O)c3ccc(F)cn3)n[nH]c2C1(C)C,7.121748924255371
CHEMBL84712,0,6,CN1[C@@H](Cc2c[nH]c3ccc(-n4cnnc4)cc23)C[C@@H]2CN(CCc3cccc(F)c3)C[C@@H]21,t0_f5_p4,CN1[C@@H](Cc2c[nH]c3ccc(-n4cnnc4)cc23)C[C@@H]2CN(CCc3cccc(F)c3)C[C@@H]21,7.1216535568237305
CHEMBL315734,0,2,CN(C)CCc1c(C(=O)NCc2ccccc2Cl)[nH]c2ccc(CCN3C(=O)NC(C)(C)C3=O)cc12,t0_f5_p1,CN(C)CCc1c(C(=O)NCc2ccccc2Cl)[nH]c2ccc(CCN3C(=O)NC(C)(C)C3=O)cc12,7.121392250061035
CHEMBL3935873,0,1,O=C(c1cc(Cc2n[nH]c(=O)c3c2CCCC3)ccc1F)N1CCN(CCOc2ccccc2)CC1,t1_f5_p0,O=C(c1cc(Cc2n[nH]c(=O)c3c2CCCC3)ccc1F)N1CCN(CCOc2ccccc2)CC1,7.12114953994751
CHEMBL3662737,0,0,CC1(C)c2[nH]nc(NC(=O)c3cccc(Cl)c3)c2CN1C(=O)N1CCN2CCCC2C1,t0_f5_p0,CC1(C)c2[nH]nc(NC(=O)c3cccc(Cl)c3)c2CN1C(=O)N1CCN2CCCC2C1,7.120913028717041
CHEMBL1196219,0,0,CC(C)(N)C(=O)N[C@H](Cc1c[nH]c2ccccc12)C(=O)N1CCC2(CC1)c1ccccc1CC2O,t0_f5_p1,CC(C)(N)C(=O)N[C@H](Cc1c[nH]c2ccccc12)C(=O)N1CCC2(CC1)c1ccccc1CC2O,7.1208271980285645
CHEMBL3961308,0,0,C/C(CO)=C1\C[C@@](C)(c2cc(NC(=O)c3ccc(C#N)cn3)ccc2F)N=C(N)S1,t0_f5_p0,C/C(CO)=C1\C[C@@](C)(c2cc(NC(=O)c3ccc(C#N)cn3)ccc2F)N=C(N)S1,7.120703220367432
CHEMBL323859,0,48,Cc1oc2cc(OCC(O)CNC(C)C)ccc2c(=O)c1-c1ccccc1,t0_f5_p7,Cc1oc2cc(OCC(O)CNC(C)C)ccc2c(=O)c1-c1ccccc1,7.12055778503418
CHEMBL1215527,0,48,CN(C)CCOc1cc(-c2cn[nH]c2)c(F)cc1NC(=O)[C@H]1Cc2ccccc2CN1CC1CC1,t0_f5_p0,CN(C)CCOc1cc(-c2cn[nH]c2)c(F)cc1NC(=O)[C@H]1Cc2ccccc2CN1CC1CC1,7.120524883270264
CHEMBL3688708,0,0,Cc1cc(C#N)cnc1C(=O)Nc1ccc(Cl)c([C@@]2(CF)N=C(N)O[C@@H]3C[C@@H]32)c1,t0_f5_p0,Cc1cc(C#N)cnc1C(=O)Nc1ccc(Cl)c([C@@]2(CF)N=C(N)O[C@@H]3C[C@@H]32)c1,7.120218276977539
CHEMBL182597,0,0,CC(C)N1CCC(NC(=O)c2cc3ccccc3n2CC(=O)Nc2ccc(Cl)cn2)CC1,t0_f5_p0,CC(C)N1CCC(NC(=O)c2cc3ccccc3n2CC(=O)Nc2ccc(Cl)cn2)CC1,7.120058536529541
CHEMBL522871,0,3,CC(C)CNCc1ccc2c(c1)[nH]/c(=N\C(=O)c1ccc(-c3cn[nH]c3)s1)n2CC(C)(C)O,t0_f5_p1,CC(C)CNCc1ccc2c(c1)[nH]/c(=N\C(=O)c1ccc(-c3cn[nH]c3)s1)n2CC(C)(C)O,7.119617938995361
CHEMBL4127511,0,26,C[C@@H]1CN(S(=O)(=O)c2cccc(-c3ccc4nccc(-c5ccncc5)c4n3)c2)C[C@H](C)N1,t0_f5_p1,C[C@@H]1CN(S(=O)(=O)c2cccc(-c3ccc4nccc(-c5ccncc5)c4n3)c2)C[C@H](C)N1,7.119478702545166
CHEMBL2237231,0,8,O=C(NCCN1CCN(c2ccncc2)CC1)c1ccc2[nH]c(=O)c3c(c2c1)CCSC3,t0_f5_p3,O=C(NCCN1CCN(c2ccncc2)CC1)c1ccc2[nH]c(=O)c3c(c2c1)CCSC3,7.119335651397705
CHEMBL3928929,0,1,O=C(N[C@H]1C[C@@H](c2ccccc2F)CN(CC(F)(F)F)C1=O)c1cnc2c(c1)C[C@@]1(C2)C(=O)Nc2ncccc21,t0_f5_p5,O=C(N[C@H]1C[C@@H](c2ccccc2F)CN(CC(F)(F)F)C1=O)c1cnc2c(c1)C[C@@]1(C2)C(=O)Nc2ncccc21,7.119197845458984
CHEMBL568921,0,46,Cc1cccc(CN(CC(=O)Nc2ccc3c(c2)CC2(C3)C(=O)NC(=O)N2C)C(=O)C(C)(C)C)c1,t0_f5_p1,Cc1cccc(CN(CC(=O)Nc2ccc3c(c2)CC2(C3)C(=O)NC(=O)N2C)C(=O)C(C)(C)C)c1,7.119180679321289
CHEMBL440311,0,34,Cc1c(F)c(Oc2cccc(CCC(N)=O)c2)nc(Oc2cccc(C(=N)N)c2)c1F,t0_f5_p1,Cc1c(F)c(Oc2cccc(CCC(N)=O)c2)nc(Oc2cccc(C(=N)N)c2)c1F,7.118987083435059
CHEMBL3975679,0,0,CN1C(=N)N[C@](C)(c2sc(-c3nnc(-c4ccc(F)cc4)o3)cc2Cl)CS1(=O)=O,t1_f5_p1,CN1C(=N)N[C@](C)(c2sc(-c3nnc(-c4ccc(F)cc4)o3)cc2Cl)CS1(=O)=O,7.118876934051514
CHEMBL3414820,1,9,CC1=C(C(=O)Nc2nc3ccccc3s2)C(c2ccc(F)cc2)NC(=S)N1,t1_f5_p3,CC1=C(C(=O)Nc2nc3ccccc3s2)C(c2ccc(F)cc2)NC(=S)N1,7.118865013122559
CHEMBL481901,0,7,CN(C(=O)c1ccccc1)c1ccc2c(c1)[nH]/c(=N\C(=O)c1ccc(N3CCCCC3)s1)n2CCC(N)=O,t0_f5_p2,CN(C(=O)c1ccccc1)c1ccc2c(c1)[nH]/c(=N\C(=O)c1ccc(N3CCCCC3)s1)n2CCC(N)=O,7.117659568786621
CHEMBL2448896,0,11,N=C(N)c1ccc([C@H]2[C@H]3C(=O)N(Cc4ccc(F)cc4)C(=O)[C@H]3[C@@H]3CCCN32)c(F)c1F,t0_f5_p1,N=C(N)c1ccc([C@H]2[C@H]3C(=O)N(Cc4ccc(F)cc4)C(=O)[C@H]3[C@@H]3CCCN32)c(F)c1F,7.11763858795166
CHEMBL255756,0,0,O=C1C(S(=O)(=O)c2ccc(-c3nc4cc(F)ccc4[nH]3)cc2)CCCCN1O,t0_f5_p0,O=C1C(S(=O)(=O)c2ccc(-c3nc4cc(F)ccc4[nH]3)cc2)CCCCN1O,7.117004871368408
CHEMBL571823,0,28,CN1C(=O)NC(=O)[C@@]12Cc1ccc(NC(=O)CN(Cc3ccccc3)C(=O)C(C)(C)C)cc1C2,t0_f5_p2,CN1C(=O)NC(=O)[C@@]12Cc1ccc(NC(=O)CN(Cc3ccccc3)C(=O)C(C)(C)C)cc1C2,7.116932392120361
CHEMBL577737,0,7,CN1C(=O)NC(=O)[C@]12Cc1ccc(NC(=O)CN(Cc3ccccc3)C(=O)C(C)(C)C)cc1C2,t0_f5_p1,CN1C(=O)NC(=O)[C@]12Cc1ccc(NC(=O)CN(Cc3ccccc3)C(=O)C(C)(C)C)cc1C2,7.116932392120361
CHEMBL3903660,0,4,CN[C@@H](C)C(=O)N[C@H](C(=O)N1CCc2ccccc2[C@H]1C(=O)Nc1c(F)cccc1F)C(C)(C)C,t0_f5_p0,CN[C@@H](C)C(=O)N[C@H](C(=O)N1CCc2ccccc2[C@H]1C(=O)Nc1c(F)cccc1F)C(C)(C)C,7.116654872894287
CHEMBL1779353,0,3,CN1CCC2(CC1)CNC(=O)c1cc(-c3ccnc(-c4cc5ccccc5o4)n3)[nH]c12,t0_f5_p3,CN1CCC2(CC1)CNC(=O)c1cc(-c3ccnc(-c4cc5ccccc5o4)n3)[nH]c12,7.116549968719482
CHEMBL577451,0,0,COc1ccc(CN2C[C@H](Sc3nc4ccccc4[nH]3)C[C@H]2C(=O)NC2CC2)cc1C,t0_f5_p1,COc1ccc(CN2C[C@H](Sc3nc4ccccc4[nH]3)C[C@H]2C(=O)NC2CC2)cc1C,7.116247653961182
CHEMBL1807506,0,2,CC(C)NCc1cncc(-c2cnc3[nH]nc(-c4nc5cc(N6CCN(C)CC6)ccc5[nH]4)c3c2)c1,t0_f5_p2,CC(C)NCc1cncc(-c2cnc3[nH]nc(-c4nc5cc(N6CCN(C)CC6)ccc5[nH]4)c3c2)c1,7.116230487823486
CHEMBL3922448,0,0,CN1CCN(Cc2ccc(C(=O)Nc3sc(-c4ccncc4Cl)nc3C(N)=O)cc2)CC1,t0_f5_p0,CN1CCN(Cc2ccc(C(=O)Nc3sc(-c4ccncc4Cl)nc3C(N)=O)cc2)CC1,7.115752696990967
CHEMBL3414830,0,21,CC1=C(C(=O)Nc2nc3ccccc3s2)C(c2ccc(N(C)C)cc2)NC(=S)N1,t0_f5_p6,CC1=C(C(=O)Nc2nc3ccccc3s2)C(c2ccc(N(C)C)cc2)NC(=S)N1,7.11542272567749
CHEMBL13841,0,1,CC(C)(N)C(=O)N[C@H](Cc1c[nH]c2ccccc12)C(=O)N1CCC2(CCCc3ccccc32)CC1,t0_f5_p1,CC(C)(N)C(=O)N[C@H](Cc1c[nH]c2ccccc12)C(=O)N1CCC2(CCCc3ccccc32)CC1,7.115281105041504
CHEMBL3983849,0,0,CN1Cc2c(C3=CCN(CC(=O)N(C)C4CC(O)C4)CC3)[nH]c3nccc(c23)-c2cc(F)c(F)cc21,t0_f5_p1,CN1Cc2c(C3=CCN(CC(=O)N(C)C4CC(O)C4)CC3)[nH]c3nccc(c23)-c2cc(F)c(F)cc21,7.115267276763916
CHEMBL317884,0,6,NC(=O)[C@@H]1CCCN1CC1Cc2cccc3c(C4=C(c5c[nH]c6cc(F)ccc56)C(=O)NC4=O)cn(c23)C1,t0_f5_p1,NC(=O)[C@@H]1CCCN1CC1Cc2cccc3c(C4=C(c5c[nH]c6cc(F)ccc56)C(=O)NC4=O)cn(c23)C1,7.115013599395752
CHEMBL335906,0,23,NC1CCC(CNC(=O)[C@@H]2CCCN2C(=O)C2CC(=O)N3CCc4ccccc4C23)CC1,t0_f5_p2,NC1CCC(CNC(=O)[C@@H]2CCCN2C(=O)C2CC(=O)N3CCc4ccccc4C23)CC1,7.113931179046631
CHEMBL356700,0,0,NCC1CCN(CC(=O)Nc2cccc3c2C(=O)c2c-3n[nH]c2C2CCCCC2)CC1,t1_f5_p7,NCC1CCN(CC(=O)Nc2cccc3c2C(=O)c2c-3n[nH]c2C2CCCCC2)CC1,7.11392068862915
CHEMBL3559747,0,32,O=C(NCCN1CCC2(CC1)C(=O)NCN2Cc1ccccc1Cl)c1ccc2ccccc2c1,t0_f5_p1,O=C(NCCN1CCC2(CC1)C(=O)NCN2Cc1ccccc1Cl)c1ccc2ccccc2c1,7.1134934425354
CHEMBL284351,0,1,CC(C)(N)C(=O)N[C@H](Cc1c[nH]c2ccccc12)C(=O)N1CCN(c2ccccc2Cl)CC1,t0_f5_p1,CC(C)(N)C(=O)N[C@H](Cc1c[nH]c2ccccc12)C(=O)N1CCN(c2ccccc2Cl)CC1,7.113417148590088
CHEMBL4097093,0,10,O=C(NO)c1ccc(CN2CCN(C(=O)c3cc(Cc4n[nH]c(=O)c5ccccc45)ccc3F)CC2)cc1,t0_f5_p3,O=C(NO)c1ccc(CN2CCN(C(=O)c3cc(Cc4n[nH]c(=O)c5ccccc45)ccc3F)CC2)cc1,7.11306619644165
CHEMBL353700,0,0,O=S(=O)(c1ccc(CN2CCCc3cc4[nH]cnc4cc32)cc1)N1CCNCC1,t0_f5_p2,O=S(=O)(c1ccc(CN2CCCc3cc4[nH]cnc4cc32)cc1)N1CCNCC1,7.1122050285339355
CHEMBL546376,0,19,CS(=O)(=O)NCCCNCc1cccc(-c2ccc(-c3nc4ccccc4[nH]3)s2)c1,t0_f5_p2,CS(=O)(=O)NCCCNCc1cccc(-c2ccc(-c3nc4ccccc4[nH]3)s2)c1,7.11202335357666
CHEMBL3317997,0,4,O=C(N[C@@H]1CCC[C@H](Nc2nc(-c3c[nH]c4ncccc34)ncc2F)C1)N1CCOCC1,t0_f5_p5,O=C(N[C@@H]1CCC[C@H](Nc2nc(-c3c[nH]c4ncccc34)ncc2F)C1)N1CCOCC1,7.111586570739746
CHEMBL3683878,0,0,N#Cc1cnc(C(=O)Nc2ccc(Cl)c([C@@]3(CF)N=C(N)O[C@@H]4C[C@@H]43)c2)c(Cl)c1,t0_f5_p0,N#Cc1cnc(C(=O)Nc2ccc(Cl)c([C@@]3(CF)N=C(N)O[C@@H]4C[C@@H]43)c2)c(Cl)c1,7.110828876495361
CHEMBL3650291,0,0,Cc1nn(C2CCOCC2)c2sc(C(=O)Nc3ccc(N4CCNC4=O)nc3)cc12,t0_f5_p0,Cc1nn(C2CCOCC2)c2sc(C(=O)Nc3ccc(N4CCNC4=O)nc3)cc12,7.110722064971924
CHEMBL3949102,0,0,Cc1nc2ccc(F)c(-c3cc4c([nH]3)C3(CC3)NC4=O)c2nc1NC1(C)CC1,t0_f5_p3,Cc1nc2ccc(F)c(-c3cc4c([nH]3)C3(CC3)NC4=O)c2nc1NC1(C)CC1,7.110569000244141
CHEMBL80247,0,0,CN1c2ccc(OC(=O)Nc3ccccc3)cc2[C@]2(C)CCNC12,t0_f5_p6,CN1c2ccc(OC(=O)Nc3ccccc3)cc2[C@]2(C)CCNC12,7.110564708709717
CHEMBL1243171,0,1,CN1c2ccc(OC(=O)Nc3ccccc3)cc2[C@@]2(C)CCNC12,t0_f5_p6,CN1c2ccc(OC(=O)Nc3ccccc3)cc2[C@@]2(C)CCNC12,7.110564708709717
CHEMBL79647,0,2,Cc1c(F)c(Oc2cccc(C(=N)N)c2)nc(Oc2cccc(C(=O)N3CCN(C)CC3)c2)c1F,t0_f5_p2,Cc1c(F)c(Oc2cccc(C(=N)N)c2)nc(Oc2cccc(C(=O)N3CCN(C)CC3)c2)c1F,7.11055850982666
CHEMBL56769,0,33,CC(C)NCC(O)COc1ccc2c(=O)cc(-c3ccccc3Cl)oc2c1,t0_f5_p1,CC(C)NCC(O)COc1ccc2c(=O)cc(-c3ccccc3Cl)oc2c1,7.1102142333984375
CHEMBL1476738,0,21,COc1ccc2[nH]c3c(c2c1)CCN1C(=O)N([C@@H](C)C(=O)NC2CCN(Cc4ccccc4)CC2)C(=O)[C@]31C,t0_f5_p1,COc1ccc2[nH]c3c(c2c1)CCN1C(=O)N([C@@H](C)C(=O)NC2CCN(Cc4ccccc4)CC2)C(=O)[C@]31C,7.1099066734313965
CHEMBL315533,0,6,CN(C)CCc1c(C(=O)NCc2ccc(Cl)cc2)[nH]c2ccc(CCN3C(=O)NC(C)(C)C3=O)cc12,t0_f5_p1,CN(C)CCc1c(C(=O)NCc2ccc(Cl)cc2)[nH]c2ccc(CCN3C(=O)NC(C)(C)C3=O)cc12,7.109014511108398
CHEMBL494136,0,0,CN(C)Cc1ccc2c(c1)[nH]/c(=N\C(=O)c1ccc(-c3cn[nH]c3)s1)n2CC(C)(C)O,t0_f5_p1,CN(C)Cc1ccc2c(c1)[nH]/c(=N\C(=O)c1ccc(-c3cn[nH]c3)s1)n2CC(C)(C)O,7.108852863311768
CHEMBL3297764,0,3,CN1CCN(C[C@@H](NC(=O)C[C@H]2CNC(=O)c3cc(-c4cc(Cl)ccc4F)cn32)C2CCCCC2)CC1,t0_f5_p3,CN1CCN(C[C@@H](NC(=O)C[C@H]2CNC(=O)c3cc(-c4cc(Cl)ccc4F)cn32)C2CCCCC2)CC1,7.108597755432129
CHEMBL540504,0,2,CC(C)(N)C(=O)N[C@H](Cc1c[nH]c2ccccc12)C(=O)N1CCC2(CC1)CSc1ccccc12,t0_f5_p1,CC(C)(N)C(=O)N[C@H](Cc1c[nH]c2ccccc12)C(=O)N1CCC2(CC1)CSc1ccccc12,7.108078479766846
CHEMBL2364394,0,10,C[C@@H]1CN(c2cccc(NS(=O)(=O)c3cc4ccccc4s3)c2)C[C@H](C)N1,t1_f5_p3,C[C@@H]1CN(c2cccc(NS(=O)(=O)c3cc4ccccc4s3)c2)C[C@H](C)N1,7.107948303222656
CHEMBL305261,0,1,NCCCNC(=O)[C@H](Cc1c[nH]c2ccccc12)NC(=O)N1CCC2(C=Cc3ccccc32)CC1,t0_f5_p1,NCCCNC(=O)[C@H](Cc1c[nH]c2ccccc12)NC(=O)N1CCC2(C=Cc3ccccc32)CC1,7.107868671417236
CHEMBL3662856,0,0,C[C@H]1CN(C)[C@@H](CCO)CN1C(=O)N1Cc2c(NC(=O)c3ccccn3)n[nH]c2C1(C)C,t0_f5_p0,C[C@H]1CN(C)[C@@H](CCO)CN1C(=O)N1Cc2c(NC(=O)c3ccccn3)n[nH]c2C1(C)C,7.10736608505249
CHEMBL3662855,0,0,C[C@H]1CN(C)[C@H](CCO)CN1C(=O)N1Cc2c(NC(=O)c3ccccn3)n[nH]c2C1(C)C,t0_f5_p0,C[C@H]1CN(C)[C@H](CCO)CN1C(=O)N1Cc2c(NC(=O)c3ccccn3)n[nH]c2C1(C)C,7.10736608505249
CHEMBL485407,0,32,NC(=O)c1ccc(F)c2c1C[C@@H](NCC1CCc3[nH]c4ccc(F)cc4c3C1)CO2,t0_f5_p1,NC(=O)c1ccc(F)c2c1C[C@@H](NCC1CCc3[nH]c4ccc(F)cc4c3C1)CO2,7.107210636138916
CHEMBL3656886,1,36,CC1(C)CN(Cc2ccc3cc4c(cc3n2)CC2(C4)C(=O)Nc3ncccc32)[C@@H](Cc2ccccc2)C(=O)N1,t0_f5_p1,CC1(C)CN(Cc2ccc3cc4c(cc3n2)CC2(C4)C(=O)Nc3ncccc32)[C@@H](Cc2ccccc2)C(=O)N1,7.107086658477783
CHEMBL3352882,0,5,CC(C)(CC(O)(Cc1cc2cc(N3CCOCC3)ncc2[nH]1)C(F)(F)F)c1ccccc1C(N)=O,t0_f5_p0,CC(C)(CC(O)(Cc1cc2cc(N3CCOCC3)ncc2[nH]1)C(F)(F)F)c1ccccc1C(N)=O,7.10670280456543
CHEMBL475333,0,17,Cc1cc(C(=O)N2Cc3cccn3Cc3ccccc32)ccc1CNC(=O)N1CCC[C@H]1C(=O)N(C)C,t0_f5_p2,Cc1cc(C(=O)N2Cc3cccn3Cc3ccccc32)ccc1CNC(=O)N1CCC[C@H]1C(=O)N(C)C,7.106404781341553
CHEMBL1779368,0,1,O=C1NCC2(CCCNC2)c2[nH]c(-c3ccnc(-c4cc5ccccc5o4)n3)cc21,t0_f5_p3,O=C1NCC2(CCCNC2)c2[nH]c(-c3ccnc(-c4cc5ccccc5o4)n3)cc21,7.105334758758545
CHEMBL3664032,0,0,Nc1ccccc1NC(=O)c1cc2ccc(N3CCNCC3)c(C3CC3)c2cn1,t0_f5_p0,Nc1ccccc1NC(=O)c1cc2ccc(N3CCNCC3)c(C3CC3)c2cn1,7.105113983154297
CHEMBL3912612,0,8,CN1Cc2c(C3=CCN(CC(=O)N(C)C4CC(O)C4)CC3)[nH]c3ncc(F)c(c23)-c2cc(F)ccc21,t0_f5_p1,CN1Cc2c(C3=CCN(CC(=O)N(C)C4CC(O)C4)CC3)[nH]c3ncc(F)c(c23)-c2cc(F)ccc21,7.104320049285889
CHEMBL3719200,0,26,C[C@@H]1CN(Cc2c[nH]nc2/C=C2\NC(=S)NC2=O)CCN1c1ccc(C(F)(F)F)cn1,t0_f5_p1,C[C@@H]1CN(Cc2c[nH]nc2/C=C2\NC(=S)NC2=O)CCN1c1ccc(C(F)(F)F)cn1,7.104050159454346
CHEMBL2415000,0,0,CN[C@@H](C)C(=O)N[C@H](C(=O)N1Cc2ccccc2C[C@@H]1C(=O)NCc1c[nH]c2ccccc12)C(C)(C)C,t0_f5_p1,CN[C@@H](C)C(=O)N[C@H](C(=O)N1Cc2ccccc2C[C@@H]1C(=O)NCc1c[nH]c2ccccc12)C(C)(C)C,7.104006767272949
CHEMBL4173148,0,0,O=C(c1cc(Cc2n[nH]c(=O)c3ccccc23)cc(F)c1F)N1CCN(C2CCCCC2)CC1,t0_f5_p3,O=C(c1cc(Cc2n[nH]c(=O)c3ccccc23)cc(F)c1F)N1CCN(C2CCCCC2)CC1,7.103772163391113
CHEMBL213991,0,41,CC(C)C[C@@H]1C(=O)N[C@H](C2Cc3ccccc3C2)C(=O)N1[C@@H](C(=O)NCCO)c1ccc(F)cc1,t0_f5_p1,CC(C)C[C@@H]1C(=O)N[C@H](C2Cc3ccccc3C2)C(=O)N1[C@@H](C(=O)NCCO)c1ccc(F)cc1,7.102328777313232
CHEMBL3938378,1,0,CN1C[C@H](c2cccc(F)c2F)CC[C@@H](NC(=O)c2ccc3c(c2)CC2(C3)C(=O)Nc3ncccc32)C1=O,t0_f5_p2,CN1C[C@H](c2cccc(F)c2F)CC[C@@H](NC(=O)c2ccc3c(c2)CC2(C3)C(=O)Nc3ncccc32)C1=O,7.102243423461914
CHEMBL241461,0,0,O=C1CN(c2csc(-c3cccc(NC4CCCCC4)c3)c2Cl)S(=O)(=O)N1,t0_f5_p5,O=C1CN(c2csc(-c3cccc(NC4CCCCC4)c3)c2Cl)S(=O)(=O)N1,7.101767063140869
CHEMBL3940674,0,11,CC(C)(O)[C@H]1Cc2cc([C@@H]3CCc4ccc(O)cc4O3)ccc2O1,t0_f5_p1,CC(C)(O)[C@H]1Cc2cc([C@@H]3CCc4ccc(O)cc4O3)ccc2O1,7.101717948913574
CHEMBL3978538,0,1,CC(C)(O)[C@@H]1Cc2cc([C@@H]3CCc4ccc(O)cc4O3)ccc2O1,t0_f5_p1,CC(C)(O)[C@@H]1Cc2cc([C@@H]3CCc4ccc(O)cc4O3)ccc2O1,7.101717948913574
CHEMBL3904731,0,42,CN1C(c2ccc(F)c(C(=O)N3CCOCC3)c2)c2ccc3cccnc3c2NS1(=O)=O,t1_f5_p1,CN1C(c2ccc(F)c(C(=O)N3CCOCC3)c2)c2ccc3cccnc3c2NS1(=O)=O,7.100860595703125
CHEMBL3903793,0,0,COC1CCC2(CC1)Cc1cc(F)c(-c3cccc(C#N)c3)cc1C21N=C(N)N(C)C1=O,t1_f5_p3,COC1CCC2(CC1)Cc1cc(F)c(-c3cccc(C#N)c3)cc1C21N=C(N)N(C)C1=O,7.100376129150391
CHEMBL3662753,0,0,COc1cccc(C(=O)Nc2n[nH]c3c2CN(C(=O)N2C[C@@H]4CCCN4C[C@@H]2C)C3(C)C)c1,t0_f5_p0,COc1cccc(C(=O)Nc2n[nH]c3c2CN(C(=O)N2C[C@@H]4CCCN4C[C@@H]2C)C3(C)C)c1,7.100289344787598
CHEMBL1084016,0,36,CC(C)NCC(O)CCN1c2ccccc2N(c2ccccc2)S1(=O)=O,t0_f5_p1,CC(C)NCC(O)CCN1c2ccccc2N(c2ccccc2)S1(=O)=O,7.099486351013184
CHEMBL3662845,0,8,C[C@@H]1CN(C(=O)N2Cc3c(NC(=O)c4cc(C5CC5)on4)n[nH]c3C2(C)C)[C@@H](C)CN1C,t1_f5_p1,C[C@@H]1CN(C(=O)N2Cc3c(NC(=O)c4cc(C5CC5)on4)n[nH]c3C2(C)C)[C@@H](C)CN1C,7.099407196044922
CHEMBL570474,0,15,C[C@H](c1cc(F)cc(F)c1)N(CC(=O)Nc1ccc2c(c1)C[C@@]1(C2)C(=O)NC(=O)N1C)C(=O)C(C)(C)C,t0_f5_p1,C[C@H](c1cc(F)cc(F)c1)N(CC(=O)Nc1ccc2c(c1)C[C@@]1(C2)C(=O)NC(=O)N1C)C(=O)C(C)(C)C,7.099199295043945
CHEMBL4211987,0,0,CNC(=O)CN1c2ccccc2C2CCN(CCCCC34CCCc5cccc(c53)NC4=O)CC21,t0_f5_p1,CNC(=O)CN1c2ccccc2C2CCN(CCCCC34CCCc5cccc(c53)NC4=O)CC21,7.098989009857178
CHEMBL3682392,0,8,COCCN(C)C1Cc2ccc(NC(=O)N[C@@H]3CC(C)(C)Oc4cc(F)ccc43)cc2NC1=O,t0_f5_p6,COCCN(C)C1Cc2ccc(NC(=O)N[C@@H]3CC(C)(C)Oc4cc(F)ccc43)cc2NC1=O,7.098970413208008
CHEMBL4217872,0,8,Cc1cc(C(=O)N2Cc3cnn(C)c3Nc3ccccc32)ccc1CNC(=O)NCC(=S)N(C)C,t0_f5_p1,Cc1cc(C(=O)N2Cc3cnn(C)c3Nc3ccccc32)ccc1CNC(=O)NCC(=S)N(C)C,7.09871244430542
CHEMBL147092,0,23,C[C@@H](c1c[nH]c2ccccc12)[C@H](C(=O)NC[C@H]1OC[C@H](N)CO1)N1CCN(Cc2ccc(Cl)c(Cl)c2)C1=O,t0_f5_p0,C[C@@H](c1c[nH]c2ccccc12)[C@H](C(=O)NC[C@H]1OC[C@H](N)CO1)N1CCN(Cc2ccc(Cl)c(Cl)c2)C1=O,7.097776412963867
CHEMBL3953619,0,0,N#Cc1ccc2c(c1)CN(C(=O)Nc1ccc(C3=CCN(C(=O)C4CCOC4)CC3)cc1)C2,t1_f5_p7,N#Cc1ccc2c(c1)CN(C(=O)Nc1ccc(C3=CCN(C(=O)C4CCOC4)CC3)cc1)C2,7.0972771644592285
CHEMBL148995,0,0,CN(C)c1ccc(-c2[nH]nc3c2C(=O)c2c(NC(=O)CN4CCC(CN)CC4)cccc2-3)cc1,t1_f5_p7,CN(C)c1ccc(-c2[nH]nc3c2C(=O)c2c(NC(=O)CN4CCC(CN)CC4)cccc2-3)cc1,7.097221851348877
CHEMBL4100240,0,8,O=c1[nH]c(-c2ccc(CN3CCS(=O)(=O)CC3)cc2)nc2sc3c(c12)CCC(CO)C3,t0_f5_p7,O=c1[nH]c(-c2ccc(CN3CCS(=O)(=O)CC3)cc2)nc2sc3c(c12)CCC(CO)C3,7.096584796905518
CHEMBL1773408,0,1,CC(C)(O)CCc1cn(Cc2ccc(F)cc2)c2cnc3c(c12)CCN(O)C3=O,t1_f5_p3,CC(C)(O)CCc1cn(Cc2ccc(F)cc2)c2cnc3c(c12)CCN(O)C3=O,7.096255779266357
CHEMBL1087455,0,6,O=C1CCc2ccc(CC3CCN(C[C@@H]4COc5c(ccc6c5CC(=O)N6)O4)CC3)cc2N1,t1_f5_p0,O=C1CCc2ccc(CC3CCN(C[C@@H]4COc5c(ccc6c5CC(=O)N6)O4)CC3)cc2N1,7.096106052398682
CHEMBL3902347,0,7,C[C@@H](CN1CCC2(CC1)C(=O)NC[C@@H]2c1ccc(F)cc1)NC(=O)c1cnc2ccccc2c1,t0_f5_p1,C[C@@H](CN1CCC2(CC1)C(=O)NC[C@@H]2c1ccc(F)cc1)NC(=O)c1cnc2ccccc2c1,7.095751762390137
CHEMBL3924210,0,2,C[C@@H](CN1CCC2(CC1)C(=O)NCC2c1ccc(F)cc1)NC(=O)c1cnc2ccccc2c1,t0_f5_p1,C[C@@H](CN1CCC2(CC1)C(=O)NCC2c1ccc(F)cc1)NC(=O)c1cnc2ccccc2c1,7.095751762390137
CHEMBL3969732,0,16,NC(=O)c1c(-c2cccc(F)c2)c(Cl)n2c1CN(C(=O)NC1CCOCC1)CC2,t0_f5_p2,NC(=O)c1c(-c2cccc(F)c2)c(Cl)n2c1CN(C(=O)NC1CCOCC1)CC2,7.09551477432251
CHEMBL495728,0,4,O=C1CCC(c2cccc(C(=O)N3CCOCC3)c2)(C2CCN(Cc3ccc(Br)cc3)CC2)C(=O)N1,t0_f5_p1,O=C1CCC(c2cccc(C(=O)N3CCOCC3)c2)(C2CCN(Cc3ccc(Br)cc3)CC2)C(=O)N1,7.095362663269043
CHEMBL3613445,0,12,CC(C)[C@@H](CN1CC[C@@](C)(c2ccccc2)[C@@H](C)C1)NC(=O)[C@H]1Cc2ccc(O)cc2CN1,t0_f5_p1,CC(C)[C@@H](CN1CC[C@@](C)(c2ccccc2)[C@@H](C)C1)NC(=O)[C@H]1Cc2ccc(O)cc2CN1,7.095202922821045
CHEMBL291534,0,7,CNS(=O)(=O)c1ccc2c(c1)/C(=C/c1[nH]c3c(c1CCC(=O)N1CCN(C)CC1)CCCC3)C(=O)N2,t0_f5_p1,CNS(=O)(=O)c1ccc2c(c1)/C(=C/c1[nH]c3c(c1CCC(=O)N1CCN(C)CC1)CCCC3)C(=O)N2,7.094201564788818
CHEMBL379858,0,0,Oc1[nH]c2c(Br)cccc2c1C1=Nc2ccccc2/C1=N\OCCN1CCNCC1,t1_f5_p7,Oc1[nH]c2c(Br)cccc2c1C1=Nc2ccccc2/C1=N\OCCN1CCNCC1,7.094042778015137
CHEMBL4162004,1,4,O=S(=O)(Nc1ccc(C2(O)CSC(=S)N2Cc2cccnc2)cc1)c1ccccc1,t0_f5_p3,O=S(=O)(Nc1ccc(C2(O)CSC(=S)N2Cc2cccnc2)cc1)c1ccccc1,7.0935492515563965
CHEMBL150737,0,15,Nc1ccc2c(c1)N(Cc1c[nH]cn1)CCN(C(=O)c1cccc3ccccc13)C2,t0_f5_p2,Nc1ccc2c(c1)N(Cc1c[nH]cn1)CCN(C(=O)c1cccc3ccccc13)C2,7.093449115753174
CHEMBL4128231,0,0,Cc1cccc2c(=O)c3ccc(OCC(O)CNC(C)(C)C)cc3oc12,t0_f5_p1,Cc1cccc2c(=O)c3ccc(OCC(O)CNC(C)(C)C)cc3oc12,7.092981815338135
CHEMBL3664761,0,0,Cc1cc(S(=O)(=O)c2ccc(N)cc2)cc2c3c(n(C)c12)CC1CCC3N1,t0_f5_p3,Cc1cc(S(=O)(=O)c2ccc(N)cc2)cc2c3c(n(C)c12)CC1CCC3N1,7.0928635597229
CHEMBL4209081,0,17,Cc1cc(/C=C2\CC(=O)NC2=O)ccc1OCc1csc(C2CCN(CC(C)(C)O)CC2)n1,t0_f5_p2,Cc1cc(/C=C2\CC(=O)NC2=O)ccc1OCc1csc(C2CCN(CC(C)(C)O)CC2)n1,7.092558860778809
CHEMBL3908176,0,0,O=C1O[C@@H](CNC(=S)Nc2ccc(Cl)cc2)CN1c1ccc(N2CC3(COC3)C2)c(F)c1,t0_f5_p4,O=C1O[C@@H](CNC(=S)Nc2ccc(Cl)cc2)CN1c1ccc(N2CC3(COC3)C2)c(F)c1,7.092154026031494
CHEMBL3962541,0,22,Cc1cc(-c2n[nH]c3ccc(C(=O)NN4CCCC(CO)(Oc5ccc(F)cc5)C4)cc23)ccn1,t0_f5_p1,Cc1cc(-c2n[nH]c3ccc(C(=O)NN4CCCC(CO)(Oc5ccc(F)cc5)C4)cc23)ccn1,7.091603755950928
CHEMBL384079,0,0,O=C(NCc1cccc2cc(CN3CC[C@H](O)C3)cnc12)c1ccc(-c2ccc(F)cc2)nc1,t0_f5_p2,O=C(NCc1cccc2cc(CN3CC[C@H](O)C3)cnc12)c1ccc(-c2ccc(F)cc2)nc1,7.090883731842041
CHEMBL523596,0,22,Cc1cc(C(=O)N2CCc3cccn3-c3ccccc32)ccc1CNC(=O)N1CCC[C@H]1C(=O)N(C)C,t0_f5_p1,Cc1cc(C(=O)N2CCc3cccn3-c3ccccc32)ccc1CNC(=O)N1CCC[C@H]1C(=O)N(C)C,7.090823173522949
CHEMBL209693,0,48,CC(C)C[C@@H]1C(=O)N[C@H](C2Cc3ccccc3C2)C(=O)N1[C@@H](C(=O)NCCN1CCCCC1)c1ccc(F)cc1,t0_f5_p1,CC(C)C[C@@H]1C(=O)N[C@H](C2Cc3ccccc3C2)C(=O)N1[C@@H](C(=O)NCCN1CCCCC1)c1ccc(F)cc1,7.090516090393066
CHEMBL3262487,0,2,CCNC(=O)Oc1ccc2c(c1)CN1CCc3c([nH]c4ccccc34)C1N2C,t0_f5_p0,CCNC(=O)Oc1ccc2c(c1)CN1CCc3c([nH]c4ccccc34)C1N2C,7.090031623840332
CHEMBL3950982,0,0,C#Cc1ccc(C(=O)Nc2cccc([C@]3(C)C=CSC(N)=N3)c2)nc1,t0_f5_p0,C#Cc1ccc(C(=O)Nc2cccc([C@]3(C)C=CSC(N)=N3)c2)nc1,7.0899200439453125
CHEMBL3977935,0,10,NC[C@H]1CC[C@H](C(=O)N2CCc3ccccc3[C@H]2C(=O)Nc2ccc(C(=O)O)cc2)CC1,t0_f5_p0,NC[C@H]1CC[C@H](C(=O)N2CCc3ccccc3[C@H]2C(=O)Nc2ccc(C(=O)O)cc2)CC1,7.089423179626465
CHEMBL1865001,0,5,O=C(NCCN1CCC2(CC1)C(=O)NCN2c1ccc(F)c(F)c1)c1cc2cc(F)ccc2[nH]1,t0_f5_p1,O=C(NCCN1CCC2(CC1)C(=O)NCN2c1ccc(F)c(F)c1)c1cc2cc(F)ccc2[nH]1,7.089417457580566
CHEMBL3662774,0,0,CCc1ccc(C(=O)Nc2n[nH]c3c2CN(C(=O)N2C[C@@H]4CCCN4C[C@@H]2C)C3(C)C)cc1,t0_f5_p0,CCc1ccc(C(=O)Nc2n[nH]c3c2CN(C(=O)N2C[C@@H]4CCCN4C[C@@H]2C)C3(C)C)cc1,7.088255405426025
CHEMBL57143,0,0,CCS(=O)(=O)c1ccc2c(c1)/C(=C/c1[nH]c3c(c1CCCN1CCN(CCO)CC1)CCCC3)C(=O)N2,t1_f5_p1,CCS(=O)(=O)c1ccc2c(c1)/C(=C/c1[nH]c3c(c1CCCN1CCN(CCO)CC1)CCCC3)C(=O)N2,7.0880446434021
CHEMBL3919294,0,11,COc1nc2cccc(-c3cc4c([nH]3)CCNC4=O)c2nc1NC(C)(C)C,t0_f5_p3,COc1nc2cccc(-c3cc4c([nH]3)CCNC4=O)c2nc1NC(C)(C)C,7.08795166015625
CHEMBL3948066,0,38,O=C(c1cc(Cc2n[nH]c(=O)c3c2CCCC3)ccc1F)N1CCN(c2ccccc2Cl)CC1,t0_f5_p5,O=C(c1cc(Cc2n[nH]c(=O)c3c2CCCC3)ccc1F)N1CCN(c2ccccc2Cl)CC1,7.087775230407715
CHEMBL3890822,0,0,O=C(Nc1ccc(C2=CCN(C(=O)C3COCCO3)CC2)cn1)N1Cc2ccccc2C1,t1_f5_p7,O=C(Nc1ccc(C2=CCN(C(=O)C3COCCO3)CC2)cn1)N1Cc2ccccc2C1,7.08769416809082
CHEMBL298566,0,0,CCS(=O)(=O)c1ccc2c(c1)/C(=C/c1[nH]c3c(c1CCCN1CCC(O)CC1)CCCC3)C(=O)N2,t1_f5_p1,CCS(=O)(=O)c1ccc2c(c1)/C(=C/c1[nH]c3c(c1CCCN1CCC(O)CC1)CCCC3)C(=O)N2,7.08686637878418
CHEMBL3612317,0,0,COc1ccc(-c2ccc3nc(NC(=O)NCCN4CCOCC4)sc3c2)cn1,t0_f5_p2,COc1ccc(-c2ccc3nc(NC(=O)NCCN4CCOCC4)sc3c2)cn1,7.085997104644775
CHEMBL1779352,0,6,O=C1NCC2(CCNCC2)c2[nH]c(-c3ccnc(-c4cc5ccccc5o4)n3)cc21,t0_f5_p1,O=C1NCC2(CCNCC2)c2[nH]c(-c3ccnc(-c4cc5ccccc5o4)n3)cc21,7.085910797119141
CHEMBL3683888,0,0,Cc1cc(C#N)cnc1C(=O)Nc1cc(F)c(Cl)c([C@]2(CF)N=C(N)O[C@H]3C[C@H]32)c1,t0_f5_p0,Cc1cc(C#N)cnc1C(=O)Nc1cc(F)c(Cl)c([C@]2(CF)N=C(N)O[C@H]3C[C@H]32)c1,7.085836887359619
CHEMBL3683889,0,0,Cc1cc(C#N)cnc1C(=O)Nc1cc(F)c(Cl)c([C@@]2(CF)N=C(N)O[C@@H]3C[C@@H]32)c1,t0_f5_p0,Cc1cc(C#N)cnc1C(=O)Nc1cc(F)c(Cl)c([C@@]2(CF)N=C(N)O[C@@H]3C[C@@H]32)c1,7.085836887359619
CHEMBL246757,0,0,CNC(=S)Nc1ccc(S(=O)(=O)Nc2nc3ccc(Cl)cc3s2)cc1,t0_f5_p0,CNC(=S)Nc1ccc(S(=O)(=O)Nc2nc3ccc(Cl)cc3s2)cc1,7.085494518280029
CHEMBL3896598,0,5,CN[C@@H](C)C(=O)N[C@H]1CSc2c(NC(=O)C3CCCNC3)cccc2N(Cc2cccc3ccccc23)C1=O,t0_f5_p0,CN[C@@H](C)C(=O)N[C@H]1CSc2c(NC(=O)C3CCCNC3)cccc2N(Cc2cccc3ccccc23)C1=O,7.08544921875
CHEMBL3646818,0,0,CN1CCN(C(=O)c2ccc3c(c2)[nH]c2c(C(N)=O)cc(-c4ccc(Cl)nc4)cc23)CC1,t0_f5_p4,CN1CCN(C(=O)c2ccc3c(c2)[nH]c2c(C(N)=O)cc(-c4ccc(Cl)nc4)cc23)CC1,7.085179805755615
CHEMBL602849,0,46,Cc1ccc2[nH]c3c(c2c1)CCN(C(=O)CCN)C3c1cccc(NS(C)(=O)=O)c1,t0_f5_p0,Cc1ccc2[nH]c3c(c2c1)CCN(C(=O)CCN)C3c1cccc(NS(C)(=O)=O)c1,7.084907054901123
CHEMBL3651794,0,1,CC(C)NC(=O)c1cccc(-c2[nH]nc3ccnc(OC4CCOCC4)c23)c1,t0_f5_p2,CC(C)NC(=O)c1cccc(-c2[nH]nc3ccnc(OC4CCOCC4)c23)c1,7.084814071655273
CHEMBL380266,0,24,NC(=S)NC[C@H]1CN(c2ccc(N3CCN(C(=O)/C=C/c4c[nH]c5ccccc45)CC3)c(F)c2)C(=O)O1,t0_f5_p4,NC(=S)NC[C@H]1CN(c2ccc(N3CCN(C(=O)/C=C/c4c[nH]c5ccccc45)CC3)c(F)c2)C(=O)O1,7.084799289703369
CHEMBL1257744,0,4,CNCCNC(=O)c1c(NC(=O)Cn2nc(C(F)(F)F)c3c2CCCC3)sc2c1CCCC2,t0_f5_p0,CNCCNC(=O)c1c(NC(=O)Cn2nc(C(F)(F)F)c3c2CCCC3)sc2c1CCCC2,7.084792137145996
CHEMBL3978633,0,42,CN[C@@H](C)C(=O)N[C@H](C(=O)N1CCc2ccc(Cl)cc2[C@@H]1C(=O)Nc1c(F)cccc1F)C(C)C,t0_f5_p0,CN[C@@H](C)C(=O)N[C@H](C(=O)N1CCc2ccc(Cl)cc2[C@@H]1C(=O)Nc1c(F)cccc1F)C(C)C,7.084330081939697
CHEMBL3952988,0,0,CN[C@@H](C)C(=O)N[C@H](C(=O)N1CCc2ccc(Cl)cc2[C@H]1C(=O)Nc1c(F)cccc1F)C(C)C,t0_f5_p0,CN[C@@H](C)C(=O)N[C@H](C(=O)N1CCc2ccc(Cl)cc2[C@H]1C(=O)Nc1c(F)cccc1F)C(C)C,7.084330081939697
CHEMBL2315674,0,23,O=C(NCc1nc2ccccc2[nH]1)c1ccc(F)c2c(C(=O)C(=O)N3CCN(C(=O)c4ccccc4)CC3)c[nH]c12,t0_f5_p0,O=C(NCc1nc2ccccc2[nH]1)c1ccc(F)c2c(C(=O)C(=O)N3CCN(C(=O)c4ccccc4)CC3)c[nH]c12,7.084168910980225
CHEMBL4293502,0,0,Cc1sc(-c2ccccc2C(=O)NCCO)cc1C(=O)Nc1nc2c(s1)CCC2,t0_f5_p0,Cc1sc(-c2ccccc2C(=O)NCCO)cc1C(=O)Nc1nc2c(s1)CCC2,7.0837812423706055
CHEMBL57467,0,0,CCC(=O)N1CCN(CCCc2c(/C=C3\C(=O)Nc4ccc(S(=O)(=O)NC)cc43)[nH]c3c2CCCC3)CC1,t0_f5_p1,CCC(=O)N1CCN(CCCc2c(/C=C3\C(=O)Nc4ccc(S(=O)(=O)NC)cc43)[nH]c3c2CCCC3)CC1,7.083196640014648
CHEMBL57863,0,0,CCS(=O)(=O)c1ccc2c(c1)/C(=C/c1[nH]c3c(c1CCCN1CCOCC1)CCCC3)C(=O)N2,t1_f5_p1,CCS(=O)(=O)c1ccc2c(c1)/C(=C/c1[nH]c3c(c1CCCN1CCOCC1)CCCC3)C(=O)N2,7.08212947845459
CHEMBL147184,0,39,CN1CCN(CC(=O)Nc2cccc3c2C(=O)c2c(-c4ccc(N5CCOCC5)cc4)n[nH]c2-3)CC1,t0_f5_p7,CN1CCN(CC(=O)Nc2cccc3c2C(=O)c2c(-c4ccc(N5CCOCC5)cc4)n[nH]c2-3)CC1,7.082034587860107
CHEMBL1765782,0,0,CNc1cncc(-c2c[nH]c(=O)c(NC(=O)c3ccc(N4CCC[C@H]4CN4CCCC4)cc3)c2)c1,t0_f5_p3,CNc1cncc(-c2c[nH]c(=O)c(NC(=O)c3ccc(N4CCC[C@H]4CN4CCCC4)cc3)c2)c1,7.081785202026367
CHEMBL1963642,0,4,O=C(CN1CCC[C@H]1C(=O)O)c1ccc2[nH]c3c4c(c5c(c3c2c1)C(=O)NC5=O)CCC4,t0_f5_p6,O=C(CN1CCC[C@H]1C(=O)O)c1ccc2[nH]c3c4c(c5c(c3c2c1)C(=O)NC5=O)CCC4,7.08178186416626
CHEMBL2063322,0,0,CCOC(=O)NCc1ccc(-c2cc(NC(=O)c3ccc(N4CCN(C)CC4)cc3)[nH]n2)cc1,t0_f5_p0,CCOC(=O)NCc1ccc(-c2cc(NC(=O)c3ccc(N4CCN(C)CC4)cc3)[nH]n2)cc1,7.081319332122803
CHEMBL307035,0,0,CC(C)(N)CC(=O)N[C@@H]1CCc2ccccc2N(Cc2ccc(-c3ccccc3C(=O)NCCO)cc2)C1=O,t0_f5_p1,CC(C)(N)CC(=O)N[C@@H]1CCc2ccccc2N(Cc2ccc(-c3ccccc3C(=O)NCCO)cc2)C1=O,7.080772876739502
CHEMBL3251965,0,0,O=C(N[C@@H]1CCN2CCc3c([nH]c4ccccc34)[C@@H]2C1)c1ccc2c(c1)OCO2,t0_f5_p4,O=C(N[C@@H]1CCN2CCc3c([nH]c4ccccc34)[C@@H]2C1)c1ccc2c(c1)OCO2,7.080720901489258
CHEMBL55496,0,7,CNS(=O)(=O)c1ccc2c(c1)/C(=C/c1[nH]c3c(c1CCCN1CCC(O)CC1)CCCC3)C(=O)N2,t0_f5_p1,CNS(=O)(=O)c1ccc2c(c1)/C(=C/c1[nH]c3c(c1CCCN1CCC(O)CC1)CCCC3)C(=O)N2,7.079575538635254
CHEMBL3654662,0,0,Cc1cc(-c2n[nH]c3ccc(C(=O)N[C@@H]4CC[C@@H](C(=O)N(C)C)N(CCc5ccccc5)C4)cc23)ccn1,t0_f5_p2,Cc1cc(-c2n[nH]c3ccc(C(=O)N[C@@H]4CC[C@@H](C(=O)N(C)C)N(CCc5ccccc5)C4)cc23)ccn1,7.079324722290039
CHEMBL2048732,0,0,O=C(NCCN1CCOCC1)c1cccc(-c2ccc3c(NC(=O)C4CC4)n[nH]c3c2)c1,t0_f5_p1,O=C(NCCN1CCOCC1)c1cccc(-c2ccc3c(NC(=O)C4CC4)n[nH]c3c2)c1,7.0777907371521
CHEMBL3688734,0,0,Cc1cc(C#N)cnc1C(=O)Nc1cc(F)c(C)c([C@]2(C(F)F)N=C(N)O[C@H]3C[C@H]32)c1,t0_f5_p0,Cc1cc(C#N)cnc1C(=O)Nc1cc(F)c(C)c([C@]2(C(F)F)N=C(N)O[C@H]3C[C@H]32)c1,7.077770709991455
CHEMBL3688733,0,0,Cc1cc(C#N)cnc1C(=O)Nc1cc(F)c(C)c([C@@]2(C(F)F)N=C(N)O[C@@H]3C[C@@H]32)c1,t0_f5_p0,Cc1cc(C#N)cnc1C(=O)Nc1cc(F)c(C)c([C@@]2(C(F)F)N=C(N)O[C@@H]3C[C@@H]32)c1,7.077770709991455
CHEMBL2113135,0,2,O=C(N[C@H](Cc1ccc(Cl)cc1)C(=O)N1CCN(c2cccc3cc[nH]c23)CC1)[C@H]1Cc2ccccc2CN1,t0_f5_p1,O=C(N[C@H](Cc1ccc(Cl)cc1)C(=O)N1CCN(c2cccc3cc[nH]c23)CC1)[C@H]1Cc2ccccc2CN1,7.077692031860352
CHEMBL1933519,0,14,O=C(c1cc2cc(F)ccc2[nH]1)N1C[C@@]2(CCN(C3CCCNC3)C2)c2ccccc21,t0_f5_p4,O=C(c1cc2cc(F)ccc2[nH]1)N1C[C@@]2(CCN(C3CCCNC3)C2)c2ccccc21,7.077414035797119
CHEMBL1933538,0,2,O=C(c1cc2cc(F)ccc2[nH]1)N1C[C@]2(CCN(C3CCCNC3)C2)c2ccccc21,t0_f5_p4,O=C(c1cc2cc(F)ccc2[nH]1)N1C[C@]2(CCN(C3CCCNC3)C2)c2ccccc21,7.077414035797119
CHEMBL197624,0,3,O=C(NC[C@H]1CN(c2ccc(N3CCNCC3)c(F)c2)C(=O)O1)c1ccc(Cl)s1,t1_f5_p3,O=C(NC[C@H]1CN(c2ccc(N3CCNCC3)c(F)c2)C(=O)O1)c1ccc(Cl)s1,7.077407360076904
CHEMBL3895954,0,1,O=C(NCc1cc2ccccc2[nH]1)N1CCc2cnc(NC3CCOCC3)nc2C1,t0_f5_p1,O=C(NCc1cc2ccccc2[nH]1)N1CCc2cnc(NC3CCOCC3)nc2C1,7.077043533325195
CHEMBL46148,0,0,N=C(N)c1ccc2[nH]c(Cc3nc4ccccc4[nH]3)nc2c1,t0_f5_p0,N=C(N)c1ccc2[nH]c(Cc3nc4ccccc4[nH]3)nc2c1,7.076801300048828
CHEMBL3668420,0,0,COc1ccc(F)cc1-c1ccnc2[nH]c(C3CCN(CC(O)CO)CC3)cc12,t0_f5_p1,COc1ccc(F)cc1-c1ccnc2[nH]c(C3CCN(CC(O)CO)CC3)cc12,7.076688289642334
CHEMBL3735794,0,24,CCc1cc2c(cc1N1CCN(C[C@@H]3CCC(=O)N3)CC1)C(C)(C)c1[nH]c3cc(C#N)ccc3c1C2=O,t0_f5_p5,CCc1cc2c(cc1N1CCN(C[C@@H]3CCC(=O)N3)CC1)C(C)(C)c1[nH]c3cc(C#N)ccc3c1C2=O,7.076284885406494
CHEMBL2419532,0,2,CN1CCN(S(=O)(=O)c2ccc(CNC(=O)N3Cc4ccncc4C3)cc2)CC1,t0_f5_p7,CN1CCN(S(=O)(=O)c2ccc(CNC(=O)N3Cc4ccncc4C3)cc2)CC1,7.076091289520264
CHEMBL1408197,0,0,C[C@@H](C(=O)NC1CCN(Cc2ccccc2)CC1)N1C(=O)N2CCc3c([nH]c4ccccc34)[C@@]2(C)C1=O,t1_f5_p0,C[C@@H](C(=O)NC1CCN(Cc2ccccc2)CC1)N1C(=O)N2CCc3c([nH]c4ccccc34)[C@@]2(C)C1=O,7.075837135314941
CHEMBL1821998,0,0,N=C(N)NCCCc1nccc2c1[nH]c1ccccc12,t0_f5_p0,N=C(N)NCCCc1nccc2c1[nH]c1ccccc12,7.0757012367248535
CHEMBL3905209,0,3,CN1C(=N)N[C@](C)(c2sc(-c3cncc(-c4ncco4)c3)cc2F)CS1(=O)=O,t1_f5_p1,CN1C(=N)N[C@](C)(c2sc(-c3cncc(-c4ncco4)c3)cc2F)CS1(=O)=O,7.075481414794922
CHEMBL3960282,0,0,O=C(Nc1ccc(C2=CCN(C(=O)C3CCOCC3)CC2)nc1)N1Cc2ccncc2C1,t1_f5_p7,O=C(Nc1ccc(C2=CCN(C(=O)C3CCOCC3)CC2)nc1)N1Cc2ccncc2C1,7.075393199920654
CHEMBL1809008,0,2,O=C([C@@H]1C=C2c3cccc4[nH]cc(c34)C[C@H]2N(C(=O)Nc2ccccc2)C1)N1CCOCC1,t1_f5_p1,O=C([C@@H]1C=C2c3cccc4[nH]cc(c34)C[C@H]2N(C(=O)Nc2ccccc2)C1)N1CCOCC1,7.074997425079346
CHEMBL577498,0,0,COc1ncccc1-c1nc2c(C)cc(C3CCNCC3)cc2[nH]1,t0_f5_p0,COc1ncccc1-c1nc2c(C)cc(C3CCNCC3)cc2[nH]1,7.074918270111084
CHEMBL1709827,0,0,CC(C)[C@H](NC(=O)[C@@H]1Cc2c([nH]c3ccccc23)C2c3ccccc3C(=O)N21)C(=O)NCC1CCCO1,t0_f5_p1,CC(C)[C@H](NC(=O)[C@@H]1Cc2c([nH]c3ccccc23)C2c3ccccc3C(=O)N21)C(=O)NCC1CCCO1,7.074670314788818
CHEMBL3959908,0,0,O=C(Nc1ccc(C2=CCN(C(=O)C3CCOCC3)CC2)cn1)N1Cc2ccccc2C1,t1_f5_p7,O=C(Nc1ccc(C2=CCN(C(=O)C3CCOCC3)CC2)cn1)N1Cc2ccccc2C1,7.073966979980469
CHEMBL1728688,0,7,O=C(N[C@@H](Cc1ccccc1)C(=O)N1CCC2(CC1)NCCc1[nH]cnc12)c1cccc(Br)c1,t0_f5_p1,O=C(N[C@@H](Cc1ccccc1)C(=O)N1CCC2(CC1)NCCc1[nH]cnc12)c1cccc(Br)c1,7.073818683624268
CHEMBL1684191,0,3,O=C1[C@@H](NS(=O)(=O)c2ccc3cc[nH]c3c2)CCN1c1ccc(C2CCCN2)cc1F,t1_f5_p0,O=C1[C@@H](NS(=O)(=O)c2ccc3cc[nH]c3c2)CCN1c1ccc(C2CCCN2)cc1F,7.073535442352295
CHEMBL164661,0,5,NCc1ccc(C[C@H](NS(=O)(=O)c2ccc3ccccc3c2)C(=O)N2CCCC2)cc1,t0_f5_p3,NCc1ccc(C[C@H](NS(=O)(=O)c2ccc3ccccc3c2)C(=O)N2CCCC2)cc1,7.073475360870361
CHEMBL3658418,0,0,COc1cccc(F)c1CN1C[C@H](NC(=O)c2ccc3[nH]nc(-c4ccnc(C)c4)c3c2)CC[C@H]1C(N)=O,t0_f5_p1,COc1cccc(F)c1CN1C[C@H](NC(=O)c2ccc3[nH]nc(-c4ccnc(C)c4)c3c2)CC[C@H]1C(N)=O,7.072996139526367
CHEMBL3668547,1,2,COc1ccc(F)cc1-c1c(F)cnc2[nH]c(C3=CC4CN(S(C)(=O)=O)CC4C3)cc12,t0_f5_p4,COc1ccc(F)cc1-c1c(F)cnc2[nH]c(C3=CC4CN(S(C)(=O)=O)CC4C3)cc12,7.072768688201904
CHEMBL2029720,0,0,Cn1c2c(c3cc(C(=O)NCCCC(=O)NC4CC4)ccc31)CC(C1CCOCC1)CC2,t0_f5_p1,Cn1c2c(c3cc(C(=O)NCCCC(=O)NC4CC4)ccc31)CC(C1CCOCC1)CC2,7.072676658630371
CHEMBL246635,0,3,CC(C(O)c1ccc2c(c1)OCC(=O)N2)N1CCC(O)(c2ccc(F)cc2)CC1,t0_f5_p1,CC(C(O)c1ccc2c(c1)OCC(=O)N2)N1CCC(O)(c2ccc(F)cc2)CC1,7.072449207305908
CHEMBL2178149,0,0,CN1C(=N)N[C@@]2(c3ccc(-c4ccc(F)c(C#N)c4)s3)CN(c3ccc(F)cc3)C[C@H]2C1=O,t0_f5_p7,CN1C(=N)N[C@@]2(c3ccc(-c4ccc(F)c(C#N)c4)s3)CN(c3ccc(F)cc3)C[C@H]2C1=O,7.072023868560791
CHEMBL260664,0,0,O=C(Nc1n[nH]c2nc(-c3ccc(O)cc3)c(Cl)cc12)C1CC1,t0_f5_p2,O=C(Nc1n[nH]c2nc(-c3ccc(O)cc3)c(Cl)cc12)C1CC1,7.071718692779541
CHEMBL1956632,0,4,Cn1c(=O)[nH]c2ncc(-c3cccc(CN)c3)cc21,t0_f5_p3,Cn1c(=O)[nH]c2ncc(-c3cccc(CN)c3)cc21,7.071696758270264
CHEMBL4248525,0,7,CN1CCN(CCCOc2cccc(CC(=O)Nc3nc(-c4c[nH]c5ncccc45)cs3)c2)CC1,t0_f5_p0,CN1CCN(CCCOc2cccc(CC(=O)Nc3nc(-c4c[nH]c5ncccc45)cs3)c2)CC1,7.0710978507995605
CHEMBL1890706,0,2,CC(C)[C@@H](CN1CCC2(CC1)C(=O)NCN2c1ccccc1)NC(=O)c1cnc2ccccc2c1,t0_f5_p1,CC(C)[C@@H](CN1CCC2(CC1)C(=O)NCN2c1ccccc1)NC(=O)c1cnc2ccccc2c1,7.0708723068237305
CHEMBL347301,0,46,CC(C)N(C(=O)CN1C(=O)C(NC(=O)N2CCNCC2)C(=O)N(c2ccccc2)c2ccccc21)c1ccccc1,t0_f5_p1,CC(C)N(C(=O)CN1C(=O)C(NC(=O)N2CCNCC2)C(=O)N(c2ccccc2)c2ccccc21)c1ccccc1,7.070849418640137
CHEMBL4172848,0,5,Cn1ccc2cc(C(=O)N[C@H]3Cc4ccccc4[C@@H]3NC(=O)[C@@H]3CNCCO3)ccc21,t0_f5_p1,Cn1ccc2cc(C(=O)N[C@H]3Cc4ccccc4[C@@H]3NC(=O)[C@@H]3CNCCO3)ccc21,7.070671558380127
CHEMBL1171658,0,0,Cc1ccc(C(=O)Nc2ccc(CN3CCN(C)CC3)c(C(F)(F)F)c2)cc1C#Cc1cnc2[nH]c(=O)[nH]c2c1,t0_f5_p0,Cc1ccc(C(=O)Nc2ccc(CN3CCN(C)CC3)c(C(F)(F)F)c2)cc1C#Cc1cnc2[nH]c(=O)[nH]c2c1,7.070065975189209
CHEMBL4208386,0,14,CC(C)n1c([C@H](CCCNC(=N)CF)NC(=O)c2cccc3c2C(=O)NC3)nc2ccccc21,t0_f5_p1,CC(C)n1c([C@H](CCCNC(=N)CF)NC(=O)c2cccc3c2C(=O)NC3)nc2ccccc21,7.069958686828613
CHEMBL3970696,0,0,O=C(NCC1CCC2(CCNCC2)CO1)c1ccc(NC(=O)N2Cc3ccccc3C2)cc1,t1_f5_p7,O=C(NCC1CCC2(CCNCC2)CO1)c1ccc(NC(=O)N2Cc3ccccc3C2)cc1,7.069927215576172
CHEMBL3104004,0,0,O=C1NC(=S)N/C1=C/c1ccc(-c2ccc3c(c2)CN(CCCN2CCCCC2)C3=O)s1,t0_f5_p1,O=C1NC(=S)N/C1=C/c1ccc(-c2ccc3c(c2)CN(CCCN2CCCCC2)C3=O)s1,7.069862365722656
CHEMBL3938640,0,0,CN[C@@H](C)C(=O)N[C@H](C(=O)N1Cc2ccccc2[C@H]1C(=O)Nc1c(F)cccc1F)C1CCCCC1,t0_f5_p0,CN[C@@H](C)C(=O)N[C@H](C(=O)N1Cc2ccccc2[C@H]1C(=O)Nc1c(F)cccc1F)C1CCCCC1,7.069783687591553
CHEMBL3662741,0,0,C[C@H]1CN2CCC[C@H]2CN1C(=O)N1Cc2c(NC(=O)c3ccccc3)n[nH]c2C1(C)C,t0_f5_p0,C[C@H]1CN2CCC[C@H]2CN1C(=O)N1Cc2c(NC(=O)c3ccccc3)n[nH]c2C1(C)C,7.06922721862793
CHEMBL390627,0,32,C[C@H]1CC[C@H](NCc2ccc3c(c2)Cc2c(-c4ccc(S(=O)(=O)NCCO)cc4)n[nH]c2-3)CC1,t0_f5_p3,C[C@H]1CC[C@H](NCc2ccc3c(c2)Cc2c(-c4ccc(S(=O)(=O)NCCO)cc4)n[nH]c2-3)CC1,7.0690693855285645
CHEMBL474474,0,0,Cc1c(Cn2ncc(N3CCNCC3)c(Cl)c2=O)cccc1NC(=O)c1ccc(-c2cccc(C(N)=O)c2)cc1,t0_f5_p0,Cc1c(Cn2ncc(N3CCNCC3)c(Cl)c2=O)cccc1NC(=O)c1ccc(-c2cccc(C(N)=O)c2)cc1,7.068822860717773
CHEMBL57440,1,26,CC(C)NCC(O)COc1ccc2c(=O)cc(-c3ccc(Cl)cc3)oc2c1,t0_f5_p5,CC(C)NCC(O)COc1ccc2c(=O)cc(-c3ccc(Cl)cc3)oc2c1,7.068680286407471
CHEMBL258458,0,12,Cc1cc(O)cc(C)c1C[C@H](N)C(=O)N1Cc2ccccc2C[C@H]1C(=O)NCc1nc2ccccc2o1,t0_f5_p1,Cc1cc(O)cc(C)c1C[C@H](N)C(=O)N1Cc2ccccc2C[C@H]1C(=O)NCc1nc2ccccc2o1,7.068632125854492
CHEMBL387709,0,0,CC(C)(NC(=O)c1cc2[nH]c3ccccc3c(=O)c2cc1F)c1ccc(N2CCOCC2)nc1,t0_f5_p2,CC(C)(NC(=O)c1cc2[nH]c3ccccc3c(=O)c2cc1F)c1ccc(N2CCOCC2)nc1,7.068272590637207
CHEMBL2030565,0,0,CCNC(=O)Nc1sc2ccccc2c1C(=O)N1CCC(N2CCCC3(CCNC3=O)C2)CC1,t0_f5_p0,CCNC(=O)Nc1sc2ccccc2c1C(=O)N1CCC(N2CCCC3(CCNC3=O)C2)CC1,7.067992210388184
CHEMBL313826,0,13,NCc1ccc(C[C@H](NS(=O)(=O)c2ccc3ccccc3c2)C(=O)N2CCCCC2)cc1,t0_f5_p3,NCc1ccc(C[C@H](NS(=O)(=O)c2ccc3ccccc3c2)C(=O)N2CCCCC2)cc1,7.067630290985107
CHEMBL3907599,0,2,CN(C)CCCNC(=O)c1ccccc1-c1ccc2c3[nH]ncc3c(=O)n(CC(F)(F)F)c2c1,t0_f5_p2,CN(C)CCCNC(=O)c1ccccc1-c1ccc2c3[nH]ncc3c(=O)n(CC(F)(F)F)c2c1,7.06758975982666
CHEMBL3662877,0,13,CCc1nc(C)c(C(=O)Nc2n[nH]c3c2CN(C(=O)N2C[C@@H](C)N(C)C[C@@H]2C)C3(C)C)o1,t1_f5_p1,CCc1nc(C)c(C(=O)Nc2n[nH]c3c2CN(C(=O)N2C[C@@H](C)N(C)C[C@@H]2C)C3(C)C)o1,7.067436218261719
CHEMBL611489,0,24,CCN(CC)CCN1C(=O)[C@@](O)(c2ccc3ccccc3c2)c2c1cc(C(N)=O)cc2C(F)(F)F,t0_f5_p2,CCN(CC)CCN1C(=O)[C@@](O)(c2ccc3ccccc3c2)c2c1cc(C(N)=O)cc2C(F)(F)F,7.067289352416992
CHEMBL553976,0,34,CCN(CC)CCN1C(=O)C(O)(c2ccc3ccccc3c2)c2c1cc(C(N)=O)cc2C(F)(F)F,t0_f5_p2,CCN(CC)CCN1C(=O)C(O)(c2ccc3ccccc3c2)c2c1cc(C(N)=O)cc2C(F)(F)F,7.067289352416992
CHEMBL70004,0,2,CC(C)(N)CC(=O)N[C@H](Cc1c[nH]c2ccccc12)C(=O)N1CCC2(CCc3ccccc32)CC1,t0_f5_p1,CC(C)(N)CC(=O)N[C@H](Cc1c[nH]c2ccccc12)C(=O)N1CCC2(CCc3ccccc32)CC1,7.067171573638916
CHEMBL3662847,0,0,C[C@@H]1CN(C(=O)N2Cc3c(NC(=O)c4ccccn4)n[nH]c3C2(C)C)[C@@H](C)CN1CCCF,t0_f5_p0,C[C@@H]1CN(C(=O)N2Cc3c(NC(=O)c4ccccn4)n[nH]c3C2(C)C)[C@@H](C)CN1CCCF,7.066686630249023
CHEMBL3910687,0,0,O=C(Nc1ccc(C2=CCN(C(=O)C3CCOC3)CC2)nc1)N1Cc2ccncc2C1,t1_f5_p7,O=C(Nc1ccc(C2=CCN(C(=O)C3CCOC3)CC2)nc1)N1Cc2ccncc2C1,7.066611289978027
CHEMBL314347,0,2,CN(C)CCc1c(C(=O)NCc2cccc(Cl)c2)[nH]c2ccc(CCN3C(=O)NC(C)(C)C3=O)cc12,t0_f5_p1,CN(C)CCc1c(C(=O)NCc2cccc(Cl)c2)[nH]c2ccc(CCN3C(=O)NC(C)(C)C3=O)cc12,7.066408634185791
CHEMBL3297761,0,2,CN1CCN(C[C@@H](NC(=O)C[C@H]2CNC(=O)c3cc(-c4cccc(F)c4)cn32)C2CCCCC2)CC1,t0_f5_p2,CN1CCN(C[C@@H](NC(=O)C[C@H]2CNC(=O)c3cc(-c4cccc(F)c4)cn32)C2CCCCC2)CC1,7.065144062042236
CHEMBL1254908,0,1,O=C(NCCN1CCC2(CC1)C(=O)NCN2c1cccc(Cl)c1)c1cc2cc(F)ccc2[nH]1,t0_f5_p1,O=C(NCCN1CCC2(CC1)C(=O)NCN2c1cccc(Cl)c1)c1cc2cc(F)ccc2[nH]1,7.0648016929626465
CHEMBL1163648,0,2,CCN1CCN(CCNC(=O)c2ccc3c(=O)n(Cc4ccc(Cl)cc4)c(=S)[nH]c3c2)CC1,t0_f5_p7,CCN1CCN(CCNC(=O)c2ccc3c(=O)n(Cc4ccc(Cl)cc4)c(=S)[nH]c3c2)CC1,7.064606666564941
CHEMBL3893668,0,0,O=C(NCC1CCC2(CCNCC2)CO1)c1ccc(NC(=O)N2Cc3ccncc3C2)cc1,t1_f5_p7,O=C(NCC1CCC2(CCNCC2)CO1)c1ccc(NC(=O)N2Cc3ccncc3C2)cc1,7.064274311065674
CHEMBL3580438,0,26,O=C(NCCN1CCC2(CC1)C(=O)NCN2Cc1cccnc1)c1ccc2ccccc2c1,t0_f5_p5,O=C(NCCN1CCC2(CC1)C(=O)NCN2Cc1cccnc1)c1ccc2ccccc2c1,7.064205646514893
CHEMBL3907433,0,1,COC(=O)Nc1nc2cc(C3(O)c4ccccc4C(=O)N3C3CCCCC3)ccc2[nH]1,t0_f5_p1,COC(=O)Nc1nc2cc(C3(O)c4ccccc4C(=O)N3C3CCCCC3)ccc2[nH]1,7.064045429229736
CHEMBL3962659,0,6,NC(=O)Nc1cccc(O[C@H]2c3ccccc3C[C@@H]2N2CCC[C@@H](N)C2)c1,t0_f5_p1,NC(=O)Nc1cccc(O[C@H]2c3ccccc3C[C@@H]2N2CCC[C@@H](N)C2)c1,7.062792778015137
CHEMBL2299132,0,0,CC(=O)Nc1nc2ccc(NC(=O)Nc3ccc(C(=O)N4CCN(C)CC4)cc3)cc2s1,t1_f5_p1,CC(=O)Nc1nc2ccc(NC(=O)Nc3ccc(C(=O)N4CCN(C)CC4)cc3)cc2s1,7.062223434448242
CHEMBL3911592,0,0,CC(C)(O)/C=C1/C[C@@](C)(c2cc(NC(=O)c3ccc(C#N)cn3)ccc2F)N=C(N)S1,t0_f5_p0,CC(C)(O)/C=C1/C[C@@](C)(c2cc(NC(=O)c3ccc(C#N)cn3)ccc2F)N=C(N)S1,7.062108993530273
CHEMBL570758,0,22,CN(C)CCOc1ccc2[nH]c(C(=O)N3CC(CCl)c4c3cc(N)c3cc(C(N)=O)ccc43)cc2c1,t0_f5_p4,CN(C)CCOc1ccc2[nH]c(C(=O)N3CC(CCl)c4c3cc(N)c3cc(C(N)=O)ccc43)cc2c1,7.061995506286621
CHEMBL1967620,0,0,NC1CCN(C(=O)c2ccc3c(c2)[nH]c(=O)c2cccn23)CC1,t1_f5_p7,NC1CCN(C(=O)c2ccc3c(c2)[nH]c(=O)c2cccn23)CC1,7.061992168426514
CHEMBL3654624,0,9,O=C(NC1COCCN(CCc2c(F)cccc2F)C1)c1ccc2[nH]nc(-c3ccncc3)c2c1,t0_f5_p2,O=C(NC1COCCN(CCc2c(F)cccc2F)C1)c1ccc2[nH]nc(-c3ccncc3)c2c1,7.061731338500977
CHEMBL356392,0,0,NCC1CCN(CC(=O)Nc2cccc3c2C(=O)c2c(C4CC4)n[nH]c2-3)CC1,t1_f5_p7,NCC1CCN(CC(=O)Nc2cccc3c2C(=O)c2c(C4CC4)n[nH]c2-3)CC1,7.061225414276123
CHEMBL3648387,0,39,CC1(CNCc2ccc3c(c2)C[C@H](NC(=O)c2ccc(OCC4CC4)cn2)C3)CC1,t0_f5_p7,CC1(CNCc2ccc3c(c2)C[C@H](NC(=O)c2ccc(OCC4CC4)cn2)C3)CC1,7.061147212982178
CHEMBL1287908,0,45,COc1ccc2c(c1)C(=O)N(C[C@@]1(C#Cc3ccc(CC4CCN(C)CC4)nc3)NC(=O)NC1=O)C2,t1_f5_p1,COc1ccc2c(c1)C(=O)N(C[C@@]1(C#Cc3ccc(CC4CCN(C)CC4)nc3)NC(=O)NC1=O)C2,7.061123371124268
CHEMBL294668,0,0,CCS(=O)(=O)c1ccc2c(c1)/C(=C/c1[nH]c3c(c1CCC(=O)N1CCN(C)CC1)CCCC3)C(=O)N2,t1_f5_p1,CCS(=O)(=O)c1ccc2c(c1)/C(=C/c1[nH]c3c(c1CCC(=O)N1CCN(C)CC1)CCCC3)C(=O)N2,7.0609450340271
CHEMBL391593,0,26,CN1CCc2nc(C(=O)N[C@@H]3C[C@@H]3NC(=O)c3cc4cc(Cl)ccc4[nH]3)sc2C1,t0_f5_p2,CN1CCc2nc(C(=O)N[C@@H]3C[C@@H]3NC(=O)c3cc4cc(Cl)ccc4[nH]3)sc2C1,7.060696125030518
CHEMBL247322,0,3,CN1CCc2nc(C(=O)N[C@@H]3C[C@H]3NC(=O)c3cc4cc(Cl)ccc4[nH]3)sc2C1,t0_f5_p4,CN1CCc2nc(C(=O)N[C@@H]3C[C@H]3NC(=O)c3cc4cc(Cl)ccc4[nH]3)sc2C1,7.060696125030518
CHEMBL105740,0,22,COc1ccc2c(c1)c(/C=C1\C(=O)Nc3ccc(S(=O)(=O)NCC(C)C)cc31)cn2C,t0_f5_p1,COc1ccc2c(c1)c(/C=C1\C(=O)Nc3ccc(S(=O)(=O)NCC(C)C)cc31)cn2C,7.060238838195801
CHEMBL3287196,0,24,CC1(C)CCc2c(C(=O)Nc3cnn(C(c4ccccc4)C4CN(CCF)C4)c3)n[nH]c2C1,t0_f5_p0,CC1(C)CCc2c(C(=O)Nc3cnn(C(c4ccccc4)C4CN(CCF)C4)c3)n[nH]c2C1,7.060237884521484
CHEMBL2359314,0,20,Cc1ccc2[nH]c(SCC(=O)N3CCOc4ccc(CN5C[C@@H](C)O[C@@H](C)C5)cc4C3)nc2c1,t0_f5_p1,Cc1ccc2[nH]c(SCC(=O)N3CCOc4ccc(CN5C[C@@H](C)O[C@@H](C)C5)cc4C3)nc2c1,7.060159206390381
CHEMBL527675,0,1,COc1ccc2ncc(F)c([C@H](O)CN3CCC(NCc4ccc5c(c4)NC(=O)CS5)CC3)c2c1,t1_f5_p0,COc1ccc2ncc(F)c([C@H](O)CN3CCC(NCc4ccc5c(c4)NC(=O)CS5)CC3)c2c1,7.059723854064941
CHEMBL409727,0,0,CC1CNC(=O)c2cc3ccc(C(=O)Nc4nc(C(=O)NC5CCCCC5)cs4)cc3n21,t0_f5_p0,CC1CNC(=O)c2cc3ccc(C(=O)Nc4nc(C(=O)NC5CCCCC5)cs4)cc3n21,7.059610843658447
CHEMBL3091686,0,44,CN(C)C(=O)NCCCCN(C[C@H]1Cc2ccccc2CN1)[C@H]1CCCc2cccnc21,t0_f5_p2,CN(C)C(=O)NCCCCN(C[C@H]1Cc2ccccc2CN1)[C@H]1CCCc2cccnc21,7.0595383644104
CHEMBL1531175,0,24,Cc1ccc2cc(CN(CCN3CCOCC3)C(=O)NCc3ccccc3)c(O)nc2c1C,t0_f5_p0,Cc1ccc2cc(CN(CCN3CCOCC3)C(=O)NCc3ccccc3)c(O)nc2c1C,7.059353351593018
CHEMBL303006,0,1,O=C(N[C@H](Cc1c[nH]c2ccccc12)C(=O)N1CCC2(CCc3ccccc32)CC1)C1CCCCN1,t0_f5_p1,O=C(N[C@H](Cc1c[nH]c2ccccc12)C(=O)N1CCC2(CCc3ccccc32)CC1)C1CCCCN1,7.059345245361328
CHEMBL3916243,0,0,C[C@@]1(c2cc(NC(=O)c3ccc(C#N)cn3)ccc2F)C=CSC(N)=N1,t0_f5_p0,C[C@@]1(c2cc(NC(=O)c3ccc(C#N)cn3)ccc2F)C=CSC(N)=N1,7.058504581451416
CHEMBL42620,1,39,CC(C)(C)OC(=O)NC1CCN(CC(=O)NC2CCc3cc(F)ccc3C2Cc2cccnc2)CC1,t0_f5_p2,CC(C)(C)OC(=O)NC1CCN(CC(=O)NC2CCc3cc(F)ccc3C2Cc2cccnc2)CC1,7.058467388153076
CHEMBL3930487,0,5,CCOc1ccc(C[C@@H](NC(=O)NC(C)C)C(=O)N[C@@H](Cc2ccccc2)C(=O)NCc2ccc(CN)cc2)cc1,t0_f5_p1,CCOc1ccc(C[C@@H](NC(=O)NC(C)C)C(=O)N[C@@H](Cc2ccccc2)C(=O)NCc2ccc(CN)cc2)cc1,7.058422565460205
CHEMBL3662799,0,0,C=CCN1C[C@H](C)N(C(=O)N2Cc3c(NC(=O)c4ccccn4)n[nH]c3C2(C)C)C[C@H]1C,t0_f5_p0,C=CCN1C[C@H](C)N(C(=O)N2Cc3c(NC(=O)c4ccccn4)n[nH]c3C2(C)C)C[C@H]1C,7.05825662612915
CHEMBL3648872,0,0,CCc1ncnc(-c2ccc(C(=O)N3C[C@@H]4CCN[C@@H]4C3)c(F)c2)c1C#Cc1ccc(N)nc1,t0_f5_p1,CCc1ncnc(-c2ccc(C(=O)N3C[C@@H]4CCN[C@@H]4C3)c(F)c2)c1C#Cc1ccc(N)nc1,7.057537078857422
CHEMBL1809004,0,0,O=C([C@@H]1C=C2c3cccc4[nH]cc(c34)C[C@H]2N(C(=O)Nc2ccccc2)C1)N1CCNCC1,t1_f5_p1,O=C([C@@H]1C=C2c3cccc4[nH]cc(c34)C[C@H]2N(C(=O)Nc2ccccc2)C1)N1CCNCC1,7.05748176574707
CHEMBL3646840,0,1,COc1ccc(-c2cc(C(N)=O)c3[nH]c4ccc(C(=O)N5CCN(C(=O)C6CC6)CC5)cc4c3c2)cc1F,t0_f5_p3,COc1ccc(-c2cc(C(N)=O)c3[nH]c4ccc(C(=O)N5CCN(C(=O)C6CC6)CC5)cc4c3c2)cc1F,7.057269096374512
CHEMBL56109,0,3,CNS(=O)(=O)c1ccc2c(c1)/C(=C/c1[nH]c3c(c1CCCN1CCN(CCO)CC1)CCCC3)C(=O)N2,t0_f5_p1,CNS(=O)(=O)c1ccc2c(c1)/C(=C/c1[nH]c3c(c1CCCN1CCN(CCO)CC1)CCCC3)C(=O)N2,7.056822299957275
CHEMBL3685193,0,4,C[C@@H](CNC(=O)c1ccc(CN2CCN(C)CC2)cc1)Cc1ccc2cc(NC(=O)C3CC3)ncc2c1,t0_f5_p2,C[C@@H](CNC(=O)c1ccc(CN2CCN(C)CC2)cc1)Cc1ccc2cc(NC(=O)C3CC3)ncc2c1,7.0568060874938965
CHEMBL3685192,0,39,C[C@H](CNC(=O)c1ccc(CN2CCN(C)CC2)cc1)Cc1ccc2cc(NC(=O)C3CC3)ncc2c1,t0_f5_p2,C[C@H](CNC(=O)c1ccc(CN2CCN(C)CC2)cc1)Cc1ccc2cc(NC(=O)C3CC3)ncc2c1,7.0568060874938965
CHEMBL1318711,0,13,CSCCC(NC(=O)c1cc(S(=O)(=O)N2CCOCC2)ccc1F)c1nc2ccccc2[nH]1,t0_f5_p0,CSCCC(NC(=O)c1cc(S(=O)(=O)N2CCOCC2)ccc1F)c1nc2ccccc2[nH]1,7.056628704071045
CHEMBL3646807,0,0,Cc1cc(-c2ccc3cc[nH]c3c2)ccc1-n1c(C[C@@H]2CCN(C(=O)C3CC3)C2)n[nH]c1=O,t0_f5_p1,Cc1cc(-c2ccc3cc[nH]c3c2)ccc1-n1c(C[C@@H]2CCN(C(=O)C3CC3)C2)n[nH]c1=O,7.056163311004639
CHEMBL3091685,0,5,NC(=O)NCCCCN(C[C@H]1Cc2ccccc2CN1)[C@H]1CCCc2cccnc21,t0_f5_p1,NC(=O)NCCCCN(C[C@H]1Cc2ccccc2CN1)[C@H]1CCCc2cccnc21,7.055897235870361
CHEMBL3297762,0,49,CN1CCN(C[C@@H](NC(=O)C[C@H]2CNC(=O)c3cc(-c4cccc(Cl)c4)cn32)C2CCCCC2)CC1,t0_f5_p2,CN1CCN(C[C@@H](NC(=O)C[C@H]2CNC(=O)c3cc(-c4cccc(Cl)c4)cn32)C2CCCCC2)CC1,7.055344104766846
CHEMBL1518758,0,12,CC(C)(C)NC(=O)c1ccc(NC(=O)C2COc3ccccc3O2)cc1,t0_f5_p7,CC(C)(C)NC(=O)c1ccc(NC(=O)C2COc3ccccc3O2)cc1,7.055295944213867
CHEMBL1956650,0,1,Cn1c(=O)[nH]c2ncc(-c3ccc(CN)cc3)cc21,t0_f5_p7,Cn1c(=O)[nH]c2ncc(-c3ccc(CN)cc3)cc21,7.055159091949463
CHEMBL3906499,0,1,O=C(NCCN1CCCCC1)c1ccnc2c3c(ccc12)-c1ccccc1S(=O)(=O)N3,t0_f5_p3,O=C(NCCN1CCCCC1)c1ccnc2c3c(ccc12)-c1ccccc1S(=O)(=O)N3,7.055141448974609
CHEMBL379298,0,15,NC(=O)c1ccc(F)c2c1CC(N(CCc1c[nH]c3ccc(F)cc13)CC1CC1)CO2,t0_f5_p1,NC(=O)c1ccc(F)c2c1CC(N(CCc1c[nH]c3ccc(F)cc13)CC1CC1)CO2,7.0548624992370605
CHEMBL4089329,0,2,CC(C)CN1CC(C(=O)Nc2ccc(CN(C)C3CCOCC3)cc2)=Cc2ccc(NS(C)(=O)=O)cc2C1=O,t0_f5_p4,CC(C)CN1CC(C(=O)Nc2ccc(CN(C)C3CCOCC3)cc2)=Cc2ccc(NS(C)(=O)=O)cc2C1=O,7.054593086242676
CHEMBL1808998,0,19,CN(CCO)C(=O)[C@@H]1C=C2c3cccc4[nH]cc(c34)C[C@H]2N(C(=O)Nc2ccccc2)C1,t0_f5_p1,CN(CCO)C(=O)[C@@H]1C=C2c3cccc4[nH]cc(c34)C[C@H]2N(C(=O)Nc2ccccc2)C1,7.054052352905273
CHEMBL3670331,0,0,C=C1C[C@@](C)(c2cc(NC(=O)c3ncc(C#N)cc3F)cnc2Cl)N=C(N)S1,t0_f5_p0,C=C1C[C@@](C)(c2cc(NC(=O)c3ncc(C#N)cc3F)cnc2Cl)N=C(N)S1,7.053945064544678
CHEMBL246354,0,0,CCNC(=S)Nc1ccc(S(=O)(=O)Nc2nc3ccc(OC)cc3s2)cc1,t0_f5_p0,CCNC(=S)Nc1ccc(S(=O)(=O)Nc2nc3ccc(OC)cc3s2)cc1,7.053931713104248
CHEMBL4167965,0,3,CN1CCO[C@@H](C(=O)N[C@H]2c3ccccc3C[C@@H]2NC(=O)c2ccc3c(ccn3C)c2)C1,t0_f5_p5,CN1CCO[C@@H](C(=O)N[C@H]2c3ccccc3C[C@@H]2NC(=O)c2ccc3c(ccn3C)c2)C1,7.0536208152771
CHEMBL4175823,0,2,CN1CCO[C@H](C(=O)N[C@H]2c3ccccc3C[C@@H]2NC(=O)c2ccc3c(ccn3C)c2)C1,t0_f5_p5,CN1CCO[C@H](C(=O)N[C@H]2c3ccccc3C[C@@H]2NC(=O)c2ccc3c(ccn3C)c2)C1,7.0536208152771
CHEMBL3215679,0,0,Cc1c2c3cc(NC(=O)[C@@H]4CCCN4C(=O)CN)ccc3nc-2n(C)c2ccccc12,t0_f5_p0,Cc1c2c3cc(NC(=O)[C@@H]4CCCN4C(=O)CN)ccc3nc-2n(C)c2ccccc12,7.0529584884643555
CHEMBL3580415,0,18,O=C(NCCN1CCC2(CC1)C(=O)NCN2Cc1cccc(Cl)c1)c1ccc2ccccc2c1,t0_f5_p1,O=C(NCCN1CCC2(CC1)C(=O)NCN2Cc1cccc(Cl)c1)c1ccc2ccccc2c1,7.052799224853516
CHEMBL271863,0,0,CC1CNC(=O)c2cc3ccc(C(=O)Nc4nc(C(=O)NCC(C)(C)C)cs4)cc3n21,t0_f5_p0,CC1CNC(=O)c2cc3ccc(C(=O)Nc4nc(C(=O)NCC(C)(C)C)cs4)cc3n21,7.052640438079834
CHEMBL3317994,0,17,Cc1cnc2[nH]cc(-c3ncc(F)c(N[C@H]4CCC[C@@H](NC(=O)N5CCOCC5)C4)n3)c2c1,t0_f5_p2,Cc1cnc2[nH]cc(-c3ncc(F)c(N[C@H]4CCC[C@@H](NC(=O)N5CCOCC5)C4)n3)c2c1,7.052445411682129
CHEMBL3662755,0,0,C[C@H]1CN2CCC[C@H]2CN1C(=O)N1Cc2c(NC(=O)c3ccc(OC(F)(F)F)cc3)n[nH]c2C1(C)C,t0_f5_p0,C[C@H]1CN2CCC[C@H]2CN1C(=O)N1Cc2c(NC(=O)c3ccc(OC(F)(F)F)cc3)n[nH]c2C1(C)C,7.052118301391602
CHEMBL3946417,0,0,O=C(Nc1ccc(C2=CCN(C(=O)C3CCOC3)CC2)nc1)N1Cc2ccccc2C1,t1_f5_p7,O=C(Nc1ccc(C2=CCN(C(=O)C3CCOC3)CC2)nc1)N1Cc2ccccc2C1,7.051318645477295
CHEMBL3662738,0,0,CC1(C)c2[nH]nc(NC(=O)c3cccc(Cl)n3)c2CN1C(=O)N1CCN2CCCC2C1,t0_f5_p0,CC1(C)c2[nH]nc(NC(=O)c3cccc(Cl)n3)c2CN1C(=O)N1CCN2CCCC2C1,7.051192760467529
CHEMBL4165400,0,10,O=C(O)[C@H]1NCCC[C@H]1C(=O)N1CCc2ccccc2[C@H]1CN1C(=O)c2ccccc2C1=O,t0_f5_p1,O=C(O)[C@H]1NCCC[C@H]1C(=O)N1CCc2ccccc2[C@H]1CN1C(=O)c2ccccc2C1=O,7.051141738891602
CHEMBL4224755,0,7,C#CCN(CC(C)C)C(=O)Cc1cc(C2NC(=O)NC(C)=C2C(=O)Nc2ccc3[nH]ncc3c2)ccc1F,t0_f5_p0,C#CCN(CC(C)C)C(=O)Cc1cc(C2NC(=O)NC(C)=C2C(=O)Nc2ccc3[nH]ncc3c2)ccc1F,7.050650596618652
CHEMBL3718762,0,24,C[C@H]1CN(Cc2c[nH]nc2-c2ccc3oc(=O)[nH]c(=O)c3c2)CCN1c1ccc(C(F)(F)F)cn1,t0_f5_p1,C[C@H]1CN(Cc2c[nH]nc2-c2ccc3oc(=O)[nH]c(=O)c3c2)CCN1c1ccc(C(F)(F)F)cn1,7.050626277923584
CHEMBL3715530,0,49,C[C@@H]1CN(Cc2c[nH]nc2-c2ccc3oc(=O)[nH]c(=O)c3c2)CCN1c1ccc(C(F)(F)F)cn1,t0_f5_p1,C[C@@H]1CN(Cc2c[nH]nc2-c2ccc3oc(=O)[nH]c(=O)c3c2)CCN1c1ccc(C(F)(F)F)cn1,7.050626277923584
CHEMBL1550316,0,43,CC(C)C(=O)Nc1cccc(NC(=S)NC(=O)c2ccc3c(c2)OCO3)c1,t0_f5_p1,CC(C)C(=O)Nc1cccc(NC(=S)NC(=O)c2ccc3c(c2)OCO3)c1,7.050495624542236
CHEMBL3393711,0,3,Fc1ccncc1-c1ccc2[nH]nc(-c3cncc(O[C@H]4CNCCC45CC5)n3)c2c1,t1_f5_p3,Fc1ccncc1-c1ccc2[nH]nc(-c3cncc(O[C@H]4CNCCC45CC5)n3)c2c1,7.0502448081970215
CHEMBL3780097,1,3,COc1cc(C2=NN(C(=N)N)C(c3ccccc3)C2)ccc1O,t0_f5_p1,COc1cc(C2=NN(C(=N)N)C(c3ccccc3)C2)ccc1O,7.050224304199219
CHEMBL2178147,0,0,CC#Cc1cncc(-c2csc([C@]34CN(C(=O)c5cccc(F)c5)C[C@H]3C(=O)N(C)C(=N)N4)c2)c1,t1_f5_p0,CC#Cc1cncc(-c2csc([C@]34CN(C(=O)c5cccc(F)c5)C[C@H]3C(=O)N(C)C(=N)N4)c2)c1,7.050087928771973
CHEMBL4114871,0,11,Nc1ncc(C2CCOCC2)cc1-c1ccc(C(=O)N[C@H](CO)c2ccccc2)cc1F,t0_f5_p2,Nc1ncc(C2CCOCC2)cc1-c1ccc(C(=O)N[C@H](CO)c2ccccc2)cc1F,7.049983978271484
CHEMBL3683809,0,0,Cc1cc(C#N)cnc1C(=O)Nc1cc(F)c(F)c([C@@]2(CF)N=C(N)O[C@@H]3C[C@@H]32)c1,t0_f5_p0,Cc1cc(C#N)cnc1C(=O)Nc1cc(F)c(F)c([C@@]2(CF)N=C(N)O[C@@H]3C[C@@H]32)c1,7.0493855476379395
CHEMBL3683810,0,0,Cc1cc(C#N)cnc1C(=O)Nc1cc(F)c(F)c([C@]2(CF)N=C(N)O[C@H]3C[C@H]32)c1,t0_f5_p0,Cc1cc(C#N)cnc1C(=O)Nc1cc(F)c(F)c([C@]2(CF)N=C(N)O[C@H]3C[C@H]32)c1,7.0493855476379395
CHEMBL3926247,0,3,CN[C@@H](C)C(=O)N[C@H](C(=O)N1c2ccccc2C[C@H]1C(=O)Nc1ccccc1C(=O)c1ccccc1)C(C)C,t0_f5_p1,CN[C@@H](C)C(=O)N[C@H](C(=O)N1c2ccccc2C[C@H]1C(=O)Nc1ccccc1C(=O)c1ccccc1)C(C)C,7.049252033233643
CHEMBL1712670,0,14,COCCCNC(=O)CSC1=Nc2ccccc2C2=NC(Cc3c[nH]c4ccccc34)C(=O)N12,t0_f5_p1,COCCCNC(=O)CSC1=Nc2ccccc2C2=NC(Cc3c[nH]c4ccccc34)C(=O)N12,7.049123287200928
CHEMBL3952670,0,2,O=C(Nc1nc2cc(C3(O)c4ccccc4C(=O)N3Cc3ccccc3)ccc2[nH]1)OCC1CCNCC1,t0_f5_p1,O=C(Nc1nc2cc(C3(O)c4ccccc4C(=O)N3Cc3ccccc3)ccc2[nH]1)OCC1CCNCC1,7.048967361450195
CHEMBL3930419,0,1,CN1C(=N)N[C@](C)(c2sc3c(-c4ccc(C5CC5)nc4)cccc3c2F)CS1(=O)=O,t1_f5_p3,CN1C(=N)N[C@](C)(c2sc3c(-c4ccc(C5CC5)nc4)cccc3c2F)CS1(=O)=O,7.048819065093994
CHEMBL3310113,0,0,CCc1cccc2c1-c1ccc(C(=O)N=C(N)N)cc1C2O,t0_f5_p1,CCc1cccc2c1-c1ccc(C(=O)N=C(N)N)cc1C2O,7.048717498779297
CHEMBL3950003,0,12,N=C(N)c1ccc(CC2NCCn3c2nc2cc(C4(C(=O)N5CCCC5)CCC4)ccc23)cc1,t0_f5_p1,N=C(N)c1ccc(CC2NCCn3c2nc2cc(C4(C(=O)N5CCCC5)CCC4)ccc23)cc1,7.0482306480407715
CHEMBL1087422,0,22,Nc1nccc(-c2ccc3nc(C4COc5c(CC(=O)NC6CC6)cccc5C4)[nH]c3c2)n1,t0_f5_p1,Nc1nccc(-c2ccc3nc(C4COc5c(CC(=O)NC6CC6)cccc5C4)[nH]c3c2)n1,7.047728538513184
CHEMBL135449,2,7,Cc1c(C)c2c(c(C)c1O)CCC(COc1ccc(CC3SC(=O)NC3=O)cc1)O2,t0_f5_p5,Cc1c(C)c2c(c(C)c1O)CCC(COc1ccc(CC3SC(=O)NC3=O)cc1)O2,7.047616958618164
CHEMBL1807474,0,0,CC(C)S(=O)(=O)Nc1cccc(-c2cc(NC(=O)c3ccc(N4CCN(C)CC4)cc3)[nH]n2)c1,t0_f5_p0,CC(C)S(=O)(=O)Nc1cccc(-c2cc(NC(=O)c3ccc(N4CCN(C)CC4)cc3)[nH]n2)c1,7.047041893005371
CHEMBL269447,0,14,CC(C)(N)C(=O)N[C@H](Cc1c[nH]c2ccccc12)C(=O)N1CCCC2(CCc3ccccc32)C1,t0_f5_p1,CC(C)(N)C(=O)N[C@H](Cc1c[nH]c2ccccc12)C(=O)N1CCCC2(CCc3ccccc32)C1,7.046677589416504
CHEMBL1809026,0,6,O=C([C@@H]1C=C2c3cccc4[nH]cc(c34)C[C@H]2N(C(=O)Nc2cc[nH]c2)C1)N1CCCC1,t0_f5_p6,O=C([C@@H]1C=C2c3cccc4[nH]cc(c34)C[C@H]2N(C(=O)Nc2cc[nH]c2)C1)N1CCCC1,7.04643440246582
CHEMBL3693247,0,0,CC#Cc1cncc(-c2cc(C3(CF)N=C(N)OC4CC43)c(F)cc2CO)c1,t0_f5_p1,CC#Cc1cncc(-c2cc(C3(CF)N=C(N)OC4CC43)c(F)cc2CO)c1,7.046011447906494
CHEMBL3893714,0,2,O=C(Nc1ccc(C2=CCN(C(=O)[C@@H]3CCOC3)CC2)cn1)N1Cc2ccccc2C1,t1_f5_p7,O=C(Nc1ccc(C2=CCN(C(=O)[C@@H]3CCOC3)CC2)cn1)N1Cc2ccccc2C1,7.045939922332764
CHEMBL530516,0,15,COc1ccc2nccc(NC(=O)N3CCC(NCc4cc5ccccc5[nH]4)CC3)c2n1,t0_f5_p2,COc1ccc2nccc(NC(=O)N3CCC(NCc4cc5ccccc5[nH]4)CC3)c2n1,7.045804500579834
CHEMBL1083372,0,2,CC(C)[C@@H](CN1CC[C@@](C)(c2cccc(O)c2)[C@@H](C)C1)NC(=O)[C@H]1Cc2ccc(O)cc2C[S]1[O],t0_f5_p2,CC(C)[C@@H](CN1CC[C@@](C)(c2cccc(O)c2)[C@@H](C)C1)NC(=O)[C@H]1Cc2ccc(O)cc2C[S]1[O],7.045717239379883
CHEMBL1254081,0,35,O=C(NCCN1CCC2(CC1)C(=O)NCN2c1ccc(Cl)cc1)c1cc2cc(F)ccc2[nH]1,t0_f5_p1,O=C(NCCN1CCC2(CC1)C(=O)NCN2c1ccc(Cl)cc1)c1cc2cc(F)ccc2[nH]1,7.045627593994141
CHEMBL1907521,0,8,CC(C)[C@@H](CN1CCC2(CC1)C(=O)NCN2c1ccccc1)NC(=O)c1cc2ccccc2[nH]1,t0_f5_p1,CC(C)[C@@H](CN1CCC2(CC1)C(=O)NCN2c1ccccc1)NC(=O)c1cc2ccccc2[nH]1,7.045475006103516
CHEMBL597571,0,12,N=C(N)c1cc2c(OC(CO)c3ccccc3)cccc2s1,t0_f5_p3,N=C(N)c1cc2c(OC(CO)c3ccccc3)cccc2s1,7.04540491104126
CHEMBL3668507,0,2,COc1ccc(F)cc1-c1ccnc2[nH]c(C3=CCN(C(=O)[C@H]4C[C@@H](O)CN4)CC3)cc12,t0_f5_p1,COc1ccc(F)cc1-c1ccnc2[nH]c(C3=CCN(C(=O)[C@H]4C[C@@H](O)CN4)CC3)cc12,7.044722557067871
CHEMBL3654626,0,0,O=C(NC1COCCN(CCc2cccc(F)c2)C1)c1ccc2[nH]nc(-c3ccncc3)c2c1,t0_f5_p2,O=C(NC1COCCN(CCc2cccc(F)c2)C1)c1ccc2[nH]nc(-c3ccncc3)c2c1,7.0447163581848145
CHEMBL2336523,0,42,N=C(N)NCC[C@@H]1Cc2ccccc2[C@H]1NC(=O)C(=O)Nc1ccc(Cl)c(F)c1,t1_f5_p1,N=C(N)NCC[C@@H]1Cc2ccccc2[C@H]1NC(=O)C(=O)Nc1ccc(Cl)c(F)c1,7.044166088104248
CHEMBL2336525,0,2,N=C(N)NCC[C@H]1Cc2ccccc2[C@@H]1NC(=O)C(=O)Nc1ccc(Cl)c(F)c1,t1_f5_p3,N=C(N)NCC[C@H]1Cc2ccccc2[C@@H]1NC(=O)C(=O)Nc1ccc(Cl)c(F)c1,7.044166088104248
CHEMBL4802163,0,0,CCc1cc(O)ccc1-c1ccc2c(-c3nc4c([nH]3)C[C@@H](C(=O)N3CC(N(C)C)C3)N(C(C)C)C4)n[nH]c2c1,t0_f5_p1,CCc1cc(O)ccc1-c1ccc2c(-c3nc4c([nH]3)C[C@@H](C(=O)N3CC(N(C)C)C3)N(C(C)C)C4)n[nH]c2c1,7.044130802154541
CHEMBL335087,1,41,Cc1cc2c(cc1O)CCC(C)(COc1ccc(CC3SC(=O)NC3=O)cc1)O2,t0_f5_p1,Cc1cc2c(cc1O)CCC(C)(COc1ccc(CC3SC(=O)NC3=O)cc1)O2,7.044103622436523
CHEMBL246817,0,36,CC(C(O)c1ccc2c(c1)CCC(=O)N2)N1CCC(O)(c2ccc3c(c2)COCC3)CC1,t1_f5_p0,CC(C(O)c1ccc2c(c1)CCC(=O)N2)N1CCC(O)(c2ccc3c(c2)COCC3)CC1,7.043786525726318
CHEMBL2332480,0,36,N#Cc1c(-c2ccccc2)c2ccccc2n(CC2CCCNC2)c1=O,t1_f5_p1,N#Cc1c(-c2ccccc2)c2ccccc2n(CC2CCCNC2)c1=O,7.043632507324219
CHEMBL1727673,0,15,CSCCC(NC(=O)c1cccc(S(=O)(=O)N2CCOCC2)c1)c1nc2ccccc2[nH]1,t0_f5_p0,CSCCC(NC(=O)c1cccc(S(=O)(=O)N2CCOCC2)c1)c1nc2ccccc2[nH]1,7.043205261230469
CHEMBL3668514,0,2,COc1ccc(F)cc1-c1ccnc2[nH]c(C3CCN(CC(=O)N4CCC[C@H]4CO)CC3)cc12,t0_f5_p1,COc1ccc(F)cc1-c1ccnc2[nH]c(C3CCN(CC(=O)N4CCC[C@H]4CO)CC3)cc12,7.0431342124938965
CHEMBL19139,0,47,N=C(N)c1ccc2ccc(CC(C(=O)O)c3ccc(O[C@H]4CCNC4)cc3)cc2c1,t0_f5_p3,N=C(N)c1ccc2ccc(CC(C(=O)O)c3ccc(O[C@H]4CCNC4)cc3)cc2c1,7.042871475219727
CHEMBL95210,0,11,Cc1ccccc1C(Cc1ccc(N2C(N)=NC(N)=NC2(C)C)cc1)C(=O)Nc1ccc(S(=O)(=O)F)cc1,t0_f5_p0,Cc1ccccc1C(Cc1ccc(N2C(N)=NC(N)=NC2(C)C)cc1)C(=O)Nc1ccc(S(=O)(=O)F)cc1,7.0428667068481445
CHEMBL4064245,0,3,O=C(Nc1cc(Cn2c(=O)[nH]c(=O)c3ccccc32)ccc1Cl)[C@H]1CCNC1,t0_f5_p5,O=C(Nc1cc(Cn2c(=O)[nH]c(=O)c3ccccc32)ccc1Cl)[C@H]1CCNC1,7.042856693267822
CHEMBL3914477,0,0,Cc1cc(=O)oc2cc(NC(=O)CCc3ccc(NC(=N)N)cc3)ccc12,t1_f5_p7,Cc1cc(=O)oc2cc(NC(=O)CCc3ccc(NC(=N)N)cc3)ccc12,7.0425238609313965
CHEMBL1978270,0,0,O=C(/N=C1/OC(CN2CCOCC2)CN1C(=O)Nc1ccccc1)Nc1ccccc1,t1_f5_p7,O=C(/N=C1/OC(CN2CCOCC2)CN1C(=O)Nc1ccccc1)Nc1ccccc1,7.042471408843994
CHEMBL3640340,0,2,CCN1CCN(Cc2ccc(C#C[C@]3(CN4Cc5ccc(OC)c(F)c5C4=O)NC(=O)NC3=O)cc2)CC1,t1_f5_p1,CCN1CCN(Cc2ccc(C#C[C@]3(CN4Cc5ccc(OC)c(F)c5C4=O)NC(=O)NC3=O)cc2)CC1,7.042115688323975
CHEMBL3693226,0,0,CC1(C#Cc2ccc(C(=O)Nc3ccc(F)c([C@@]4(C(F)F)N=C(N)O[C@@H]5C[C@@H]54)c3)nc2)COC1,t0_f5_p0,CC1(C#Cc2ccc(C(=O)Nc3ccc(F)c([C@@]4(C(F)F)N=C(N)O[C@@H]5C[C@@H]54)c3)nc2)COC1,7.041926383972168
CHEMBL246634,1,0,CC(C(O)c1ccc2[nH]c(=O)oc2c1)N1CCC(O)(c2ccc(F)cc2)CC1,t0_f5_p1,CC(C(O)c1ccc2[nH]c(=O)oc2c1)N1CCC(O)(c2ccc(F)cc2)CC1,7.041872501373291
CHEMBL1809034,0,3,O=C([C@@H]1C=C2c3cccc4[nH]cc(c34)C[C@H]2N(C(=O)NCc2ccco2)C1)N1CCCC1,t1_f5_p1,O=C([C@@H]1C=C2c3cccc4[nH]cc(c34)C[C@H]2N(C(=O)NCc2ccco2)C1)N1CCCC1,7.040997505187988
CHEMBL4282020,0,0,O=C(NCCc1ccccc1)c1nc2c(OC3CCNCC3)cccc2o1,t1_f5_p3,O=C(NCCc1ccccc1)c1nc2c(OC3CCNCC3)cccc2o1,7.040401458740234
CHEMBL3682225,0,0,CN1C(=O)NCc2c(NC(=O)N[C@@H]3CC(C)(C)Oc4c(F)cccc43)cccc21,t0_f5_p6,CN1C(=O)NCc2c(NC(=O)N[C@@H]3CC(C)(C)Oc4c(F)cccc43)cccc21,7.040267467498779
CHEMBL42658,0,15,O=C(CN1CC[C@H](NC(=O)c2ccccc2)C1)NC1CCc2cc(F)ccc2C1Cc1cccnc1,t0_f5_p1,O=C(CN1CC[C@H](NC(=O)c2ccccc2)C1)NC1CCc2cc(F)ccc2C1Cc1cccnc1,7.040063858032227
CHEMBL3662812,0,0,CCCN1C[C@H](C)N(C(=O)N2Cc3c(NC(=O)c4ccc(F)cc4F)n[nH]c3C2(C)C)C[C@H]1CCO,t0_f5_p0,CCCN1C[C@H](C)N(C(=O)N2Cc3c(NC(=O)c4ccc(F)cc4F)n[nH]c3C2(C)C)C[C@H]1CCO,7.040030479431152
CHEMBL3970489,0,0,CN1C(=O)C2(N=C1N)c1cc(C#CC3CC3)ccc1CC21CCC(OC(=O)[C@@H](N)Cc2ccc(O)cc2)CC1,t1_f5_p0,CN1C(=O)C2(N=C1N)c1cc(C#CC3CC3)ccc1CC21CCC(OC(=O)[C@@H](N)Cc2ccc(O)cc2)CC1,7.040011405944824
CHEMBL1907561,0,33,C[C@@H](CN1CCC2(CC1)C(=O)NCN2c1ccc(F)c(F)c1)NC(=O)c1cnc2ccccc2c1,t0_f5_p1,C[C@@H](CN1CCC2(CC1)C(=O)NCN2c1ccc(F)c(F)c1)NC(=O)c1cnc2ccccc2c1,7.0390191078186035
CHEMBL427806,0,0,CC(C)(N)C(=O)N[C@H](Cc1c[nH]c2ccccc12)C(=O)N1CCCC2(Cc3ccccc3C2)C1,t0_f5_p1,CC(C)(N)C(=O)N[C@H](Cc1c[nH]c2ccccc12)C(=O)N1CCCC2(Cc3ccccc3C2)C1,7.038645267486572
CHEMBL3654623,0,0,CCOC(=O)C1CCN(Cc2ccccc2)CC1NC(=O)c1ccc2[nH]nc(-c3ccncc3)c2c1,t1_f5_p0,CCOC(=O)C1CCN(Cc2ccccc2)CC1NC(=O)c1ccc2[nH]nc(-c3ccncc3)c2c1,7.038637638092041
CHEMBL398567,0,9,O=C(NCCN1CCC(n2c(=O)[nH]c3ccccc32)CC1)c1cc2cc(F)ccc2[nH]1,t0_f5_p1,O=C(NCCN1CCC(n2c(=O)[nH]c3ccccc32)CC1)c1cc2cc(F)ccc2[nH]1,7.03830099105835
CHEMBL3897526,0,46,CN1C(c2ccc(F)c(CN3CCNCC3)c2)c2ccc3cccnc3c2NS1(=O)=O,t1_f5_p1,CN1C(c2ccc(F)c(CN3CCNCC3)c2)c2ccc3cccnc3c2NS1(=O)=O,7.038158416748047
CHEMBL37318,0,2,CC1CCN(C(=O)N(Cc2cccc(C(=N)N)c2)NS(=O)(=O)c2ccc3ccccc3c2)CC1,t0_f5_p1,CC1CCN(C(=O)N(Cc2cccc(C(=N)N)c2)NS(=O)(=O)c2ccc3ccccc3c2)CC1,7.038060188293457
CHEMBL1950441,0,6,C[C@H](NC(=O)[C@H](Cc1cccc(C#N)c1)NC(=O)C(C)(C)N)c1nc2cc(Cl)c(Cl)cc2[nH]1,t0_f5_p1,C[C@H](NC(=O)[C@H](Cc1cccc(C#N)c1)NC(=O)C(C)(C)N)c1nc2cc(Cl)c(Cl)cc2[nH]1,7.037926197052002
CHEMBL523887,0,39,O=C(c1cc(Cc2n[nH]c(=O)c3ccccc23)ccc1F)N1CCCN(CCO)CC1,t0_f5_p3,O=C(c1cc(Cc2n[nH]c(=O)c3ccccc23)ccc1F)N1CCCN(CCO)CC1,7.037806510925293
CHEMBL3919092,0,1,COCNC(=O)c1ccc(-c2c(C(N)=O)c3n(c2C2CC2)CCN(C(=O)NC(C)(C)C)C3)cc1,t0_f5_p3,COCNC(=O)c1ccc(-c2c(C(N)=O)c3n(c2C2CC2)CCN(C(=O)NC(C)(C)C)C3)cc1,7.0372490882873535
CHEMBL2022223,0,16,COc1cc([C@@H]2c3[nH]c4ccccc4c3C[C@@H]3C(=O)N([C@@H]4CCN(Cc5ccccc5)C4)CC(=O)N23)ccc1O,t0_f5_p0,COc1cc([C@@H]2c3[nH]c4ccccc4c3C[C@@H]3C(=O)N([C@@H]4CCN(Cc5ccccc5)C4)CC(=O)N23)ccc1O,7.037243366241455
CHEMBL130878,0,0,N=C(c1ccc(C(=O)Nc2ccc3c(c2)CC(CC(=O)O)CC3)cc1)N1CCOCC1,t0_f5_p0,N=C(c1ccc(C(=O)Nc2ccc3c(c2)CC(CC(=O)O)CC3)cc1)N1CCOCC1,7.0370988845825195
CHEMBL3658469,0,2,CN(C)C(=O)C(c1ccccc1F)N1CCC[C@@H](NC(=O)c2ccc3[nH]nc(-c4ccncc4)c3c2)C1,t1_f5_p0,CN(C)C(=O)C(c1ccccc1F)N1CCC[C@@H](NC(=O)c2ccc3[nH]nc(-c4ccncc4)c3c2)C1,7.035937786102295
CHEMBL481567,0,0,CN(C(=O)c1ccccc1)c1ccc2c(c1)[nH]/c(=N\C(=O)c1ccc(N3CCCC3)s1)n2CCC(N)=O,t0_f5_p2,CN(C(=O)c1ccccc1)c1ccc2c(c1)[nH]/c(=N\C(=O)c1ccc(N3CCCC3)s1)n2CCC(N)=O,7.035378456115723
CHEMBL1883499,0,19,C[C@@H](CN1CCC2(CC1)C(=O)NCN2c1ccc(F)c(F)c1)NC(=O)c1ccc2ccccc2c1,t0_f5_p5,C[C@@H](CN1CCC2(CC1)C(=O)NCN2c1ccc(F)c(F)c1)NC(=O)c1ccc2ccccc2c1,7.035118103027344
CHEMBL4114164,0,2,Cn1cc(CN2CCC[C@@H](NC(=O)N3CCc4[nH]nc(-c5ccncc5)c4C3)C2)c2ccccc21,t0_f5_p5,Cn1cc(CN2CCC[C@@H](NC(=O)N3CCc4[nH]nc(-c5ccncc5)c4C3)C2)c2ccccc21,7.034910678863525
CHEMBL319628,0,19,O=C1N[C@H](Cc2c[nH]cn2)C(=O)N1CC(CCN1CCC(c2ccccc2)CC1)c1ccccc1,t0_f5_p1,O=C1N[C@H](Cc2c[nH]cn2)C(=O)N1CC(CCN1CCC(c2ccccc2)CC1)c1ccccc1,7.03481912612915
CHEMBL3919541,0,0,O=C(Nc1ccc(C2=CCN(C(=O)C3CCOCC3)CC2)nc1)N1Cc2ccccc2C1,t1_f5_p7,O=C(Nc1ccc(C2=CCN(C(=O)C3CCOCC3)CC2)nc1)N1Cc2ccccc2C1,7.0345659255981445
CHEMBL552115,0,21,O=C(CN1CC[C@H](NC(=O)c2ccc(Cl)s2)C1)Nc1ccc(-n2ccccc2=O)cc1F,t0_f5_p1,O=C(CN1CC[C@H](NC(=O)c2ccc(Cl)s2)C1)Nc1ccc(-n2ccccc2=O)cc1F,7.034365653991699
CHEMBL557915,0,17,O=C(CN1CC[C@@H](NC(=O)c2ccc(Cl)s2)C1)Nc1ccc(-n2ccccc2=O)cc1F,t0_f5_p1,O=C(CN1CC[C@@H](NC(=O)c2ccc(Cl)s2)C1)Nc1ccc(-n2ccccc2=O)cc1F,7.034365653991699
CHEMBL122344,0,11,Cc1c2ccncc2c(C)c2c1[nH]c1ccc(CN(CCO)CCO)cc12,t0_f5_p2,Cc1c2ccncc2c(C)c2c1[nH]c1ccc(CN(CCO)CCO)cc12,7.034261703491211
CHEMBL316100,0,9,N#CC1(c2ccc(F)cc2)CCN(CCCNC(=O)C2=CNC(=O)N[C@@H]2c2ccc(F)c(F)c2)CC1,t0_f5_p3,N#CC1(c2ccc(F)cc2)CCN(CCCNC(=O)C2=CNC(=O)N[C@@H]2c2ccc(F)c(F)c2)CC1,7.034235954284668
CHEMBL43659,0,10,CC(C)(C)OC(=O)N[C@H]1CCN(CC(=O)NC2CCc3cc(F)ccc3C2Cc2cccnc2)C1,t0_f5_p1,CC(C)(C)OC(=O)N[C@H]1CCN(CC(=O)NC2CCc3cc(F)ccc3C2Cc2cccnc2)C1,7.034019947052002
CHEMBL42031,0,20,CC(C)(C)OC(=O)N[C@@H]1CCN(CC(=O)NC2CCc3cc(F)ccc3C2Cc2cccnc2)C1,t0_f5_p5,CC(C)(C)OC(=O)N[C@@H]1CCN(CC(=O)NC2CCc3cc(F)ccc3C2Cc2cccnc2)C1,7.034019947052002
CHEMBL4078014,0,26,O=C(/C=C/c1ccc(CN2CCN(C(=O)c3cc(Cc4n[nH]c(=O)c5ccccc45)ccc3F)CC2)cc1)NO,t0_f5_p5,O=C(/C=C/c1ccc(CN2CCN(C(=O)c3cc(Cc4n[nH]c(=O)c5ccccc45)ccc3F)CC2)cc1)NO,7.033877372741699
CHEMBL3718093,0,19,C[C@@H]1CN(Cc2c[nH]nc2-c2ccc3c(c2)CNC(=O)O3)CCN1c1ccc(Cl)cn1,t0_f5_p1,C[C@@H]1CN(Cc2c[nH]nc2-c2ccc3c(c2)CNC(=O)O3)CCN1c1ccc(Cl)cn1,7.033761978149414
CHEMBL3662759,0,0,C[C@H]1CN2CCC[C@H]2CN1C(=O)N1Cc2c(NC(=O)c3cccc(OC(F)(F)F)c3)n[nH]c2C1(C)C,t0_f5_p0,C[C@H]1CN2CCC[C@H]2CN1C(=O)N1Cc2c(NC(=O)c3cccc(OC(F)(F)F)c3)n[nH]c2C1(C)C,7.0334930419921875
CHEMBL42020,2,31,CC(C)(C)OC(=O)NC1CCN(CC(=O)NC2CCc3cc(F)ccc3C2Cc2cccnc2)C1,t0_f5_p2,CC(C)(C)OC(=O)NC1CCN(CC(=O)NC2CCc3cc(F)ccc3C2Cc2cccnc2)C1,7.033344745635986
CHEMBL246300,0,0,CC1CNC(=O)c2[nH]c3ccc(C(=O)Nc4nc(C(=O)NC5CCCCC5)cs4)cc3c21,t0_f5_p0,CC1CNC(=O)c2[nH]c3ccc(C(=O)Nc4nc(C(=O)NC5CCCCC5)cs4)cc3c21,7.033051013946533
CHEMBL3560106,0,1,COc1ccccc1C#Cc1ccc2c(c1)[C@H]1[C@H](CCN1C(=O)CN1CCOCC1)[C@@H](CO)N2,t1_f5_p7,COc1ccccc1C#Cc1ccc2c(c1)[C@H]1[C@H](CCN1C(=O)CN1CCOCC1)[C@@H](CO)N2,7.032529354095459
CHEMBL164969,0,0,Nc1ccccc1N1CCN(C(=O)[C@@H](Cc2ccc(Cl)cc2)NC(=O)[C@H]2Cc3ccccc3CN2)CC1,t0_f5_p1,Nc1ccccc1N1CCN(C(=O)[C@@H](Cc2ccc(Cl)cc2)NC(=O)[C@H]2Cc3ccccc3CN2)CC1,7.03238582611084
CHEMBL3683887,0,0,N#Cc1ccc(C(=O)Nc2cc(F)c(Cl)c([C@]3(CF)N=C(N)O[C@H]4C[C@H]43)c2)nc1,t0_f5_p0,N#Cc1ccc(C(=O)Nc2cc(F)c(Cl)c([C@]3(CF)N=C(N)O[C@H]4C[C@H]43)c2)nc1,7.032333850860596
CHEMBL3979674,0,9,CN[C@@H](C)C(=O)N[C@H](C(=O)N1Cc2ccccc2[C@H]1C(=O)Nc1cccc2c1ccn2C)C(C)C,t0_f5_p0,CN[C@@H](C)C(=O)N[C@H](C(=O)N1Cc2ccccc2[C@H]1C(=O)Nc1cccc2c1ccn2C)C(C)C,7.032093048095703
CHEMBL1986751,0,3,NC(=S)N/N=C1\c2ccccc2CCC1CCC1(O)CCc2ccccc2C1=O,t0_f5_p1,NC(=S)N/N=C1\c2ccccc2CCC1CCC1(O)CCc2ccccc2C1=O,7.031837463378906
CHEMBL1739656,0,8,O=C(Nc1ccc2[nH]nc(S(=O)(=O)c3cccc4ccccc34)c2c1)C1CCNCC1,t0_f5_p5,O=C(Nc1ccc2[nH]nc(S(=O)(=O)c3cccc4ccccc34)c2c1)C1CCNCC1,7.031583309173584
CHEMBL4101084,0,3,O=C(Nc1cc(Cn2c(=O)[nH]c(=O)c3ccccc32)cnc1Cl)[C@H]1CCNC1,t0_f5_p5,O=C(Nc1cc(Cn2c(=O)[nH]c(=O)c3ccccc32)cnc1Cl)[C@H]1CCNC1,7.031382083892822
CHEMBL2022222,0,16,COc1ccc([C@@H]2c3[nH]c4ccccc4c3C[C@@H]3C(=O)N([C@@H]4CCN(Cc5ccccc5)C4)CC(=O)N23)cc1O,t0_f5_p4,COc1ccc([C@@H]2c3[nH]c4ccccc4c3C[C@@H]3C(=O)N([C@@H]4CCN(Cc5ccccc5)C4)CC(=O)N23)cc1O,7.03106164932251
CHEMBL1869160,0,0,C[C@@H](CN1CCC2(CC1)C(=O)NCN2c1ccc(F)c(F)c1)NC(=O)c1cc2ccccc2[nH]1,t0_f5_p1,C[C@@H](CN1CCC2(CC1)C(=O)NCN2c1ccc(F)c(F)c1)NC(=O)c1cc2ccccc2[nH]1,7.031059265136719
CHEMBL3646045,0,0,CCCS(=O)(=O)NCc1ccc2c(c1)C(C1(c3ccccn3)CCC1)NCC2,t0_f5_p3,CCCS(=O)(=O)NCc1ccc2c(c1)C(C1(c3ccccn3)CCC1)NCC2,7.030899524688721
CHEMBL296185,0,1,CNS(=O)(=O)c1ccc2c(c1)/C(=C/c1[nH]c3c(c1CCCN1CCOCC1)CCCC3)C(=O)N2,t0_f5_p1,CNS(=O)(=O)c1ccc2c(c1)/C(=C/c1[nH]c3c(c1CCCN1CCOCC1)CCCC3)C(=O)N2,7.030529975891113
CHEMBL56910,0,1,Cc1ccc(-c2cc(=O)c3ccc(OCC(O)CNC(C)C)cc3o2)cc1,t0_f5_p1,Cc1ccc(-c2cc(=O)c3ccc(OCC(O)CNC(C)C)cc3o2)cc1,7.0304718017578125
CHEMBL3931186,0,36,CC(C)(C(=O)N1CCCCC1)c1ccc2c(c1)nc1n2CCNC1Cc1ccc(C(=N)N)cc1,t0_f5_p1,CC(C)(C(=O)N1CCCCC1)c1ccc2c(c1)nc1n2CCNC1Cc1ccc(C(=N)N)cc1,7.029910087585449
CHEMBL4225272,0,48,CN1CCN(C(=O)c2cccc(/C=c3\[nH]c(=O)/c(=C/c4nc[nH]c4C(C)(C)C)[nH]c3=O)c2)CC1,t0_f5_p3,CN1CCN(C(=O)c2cccc(/C=c3\[nH]c(=O)/c(=C/c4nc[nH]c4C(C)(C)C)[nH]c3=O)c2)CC1,7.029024600982666
CHEMBL1883266,0,24,CC1(C)N=C(N)N=C(N)N1c1ccc(OCC(=O)Nc2ccccc2)c(Cl)c1,t0_f5_p0,CC1(C)N=C(N)N=C(N)N1c1ccc(OCC(=O)Nc2ccccc2)c(Cl)c1,7.028976917266846
CHEMBL39760,1,5,CC1CCCCN1C(=O)N(Cc1ccc(C(=N)N)cc1)NS(=O)(=O)c1ccc2ccccc2c1,t0_f5_p1,CC1CCCCN1C(=O)N(Cc1ccc(C(=N)N)cc1)NS(=O)(=O)c1ccc2ccccc2c1,7.028777122497559
CHEMBL2381638,0,0,Cc1cc(=O)[nH]c2cc(-c3ccc(C(=O)NCCN4CCOCC4)cc3Cl)ccc12,t1_f5_p7,Cc1cc(=O)[nH]c2cc(-c3ccc(C(=O)NCCN4CCOCC4)cc3Cl)ccc12,7.028767108917236
CHEMBL294466,0,10,CCC(=O)N1CCN(CCCc2c(/C=C3\C(=O)Nc4ccc(S(=O)(=O)CC)cc43)[nH]c3c2CCCC3)CC1,t0_f5_p6,CCC(=O)N1CCN(CCCc2c(/C=C3\C(=O)Nc4ccc(S(=O)(=O)CC)cc43)[nH]c3c2CCCC3)CC1,7.028563499450684
CHEMBL145504,0,13,N=C(N)c1cccc(C[C@H](NS(=O)(=O)c2ccc3ccccc3c2)C(=O)N2CCCCC2)c1,t0_f5_p1,N=C(N)c1cccc(C[C@H](NS(=O)(=O)c2ccc3ccccc3c2)C(=O)N2CCCCC2)c1,7.028494358062744
CHEMBL104241,1,49,N=C(N)c1cccc(CC(NS(=O)(=O)c2ccc3ccccc3c2)C(=O)N2CCCCC2)c1,t0_f5_p1,N=C(N)c1cccc(CC(NS(=O)(=O)c2ccc3ccccc3c2)C(=O)N2CCCCC2)c1,7.028494358062744
CHEMBL3785854,0,11,Oc1ccc2c(c1)[C@]13CCN(CC4CC4)[C@@H](C2)[C@]1(O)Cc1c([nH]c2ccccc12)C3,t1_f5_p3,Oc1ccc2c(c1)[C@]13CCN(CC4CC4)[C@@H](C2)[C@]1(O)Cc1c([nH]c2ccccc12)C3,7.028437614440918
CHEMBL224311,0,12,CC1CCCCN1CCNC(=O)c1ccc2c(=O)n(Cc3ccccc3Cl)c(=O)[nH]c2c1,t0_f5_p3,CC1CCCCN1CCNC(=O)c1ccc2c(=O)n(Cc3ccccc3Cl)c(=O)[nH]c2c1,7.028262615203857
CHEMBL3963744,0,0,CCCN(CCC)C(=O)C1=Cc2ccc(C(=O)Nc3cncc(CCCN)c3)cc2N=C(N)C1,t0_f5_p0,CCCN(CCC)C(=O)C1=Cc2ccc(C(=O)Nc3cncc(CCCN)c3)cc2N=C(N)C1,7.027819633483887
CHEMBL1222942,0,2,O=C1NC(=O)[C@](CN2Cc3ccc(F)cc3C2=O)(c2ccc(-c3c[nH]c(=O)c(Cl)c3)cc2)N1,t0_f5_p7,O=C1NC(=O)[C@](CN2Cc3ccc(F)cc3C2=O)(c2ccc(-c3c[nH]c(=O)c(Cl)c3)cc2)N1,7.027429103851318
CHEMBL3330410,0,2,NS(=O)(=O)c1cccc(-c2n[nH]c3ccc(NC(=O)C(c4ccsc4)N4CCCC4)cc23)c1,t0_f5_p0,NS(=O)(=O)c1cccc(-c2n[nH]c3ccc(NC(=O)C(c4ccsc4)N4CCCC4)cc23)c1,7.027290344238281
CHEMBL1532748,0,0,CC(C)C[C@H](NC(=O)[C@@H]1Cc2c([nH]c3ccccc23)C2c3ccccc3C(=O)N21)C(=O)NCC1CCCO1,t0_f5_p1,CC(C)C[C@H](NC(=O)[C@@H]1Cc2c([nH]c3ccccc23)C2c3ccccc3C(=O)N21)C(=O)NCC1CCCO1,7.027207374572754
CHEMBL3677398,0,1,CC1(C)C[C@@H](NC(=O)Nc2ccc3c(c2)NC(=O)CO3)c2cccc(F)c2O1,t0_f5_p6,CC1(C)C[C@@H](NC(=O)Nc2ccc3c(c2)NC(=O)CO3)c2cccc(F)c2O1,7.026981830596924
CHEMBL4093008,0,0,O=C(Nc1cc(Cn2c(=O)[nH]c(=O)c3ccccc32)cnc1F)[C@H]1CCN(Cc2ccccc2)C1,t0_f5_p2,O=C(Nc1cc(Cn2c(=O)[nH]c(=O)c3ccccc32)cnc1F)[C@H]1CCN(Cc2ccccc2)C1,7.026956081390381
CHEMBL3913261,0,1,N=C(N)c1ccc(CC2NCCn3c2nc2cc(C4(C(=O)N5CCCCC5)CCC4)ccc23)cc1,t0_f5_p2,N=C(N)c1ccc(CC2NCCn3c2nc2cc(C4(C(=O)N5CCCCC5)CCC4)ccc23)cc1,7.026846408843994
CHEMBL300830,0,0,CN(C)CCCc1c(/C=C2\C(=O)Nc3ccc(S(=O)(=O)N(C)C)cc32)[nH]c2c1CCCC2,t1_f5_p1,CN(C)CCCc1c(/C=C2\C(=O)Nc3ccc(S(=O)(=O)N(C)C)cc32)[nH]c2c1CCCC2,7.026329517364502
CHEMBL3747380,0,0,CC(C)C[C@H]1c2[nH]c3ccccc3c2C[C@H]2C(=O)N[C@@H](CCC(=O)NC(C)(C)C)C(=O)N21,t0_f5_p0,CC(C)C[C@H]1c2[nH]c3ccccc3c2C[C@H]2C(=O)N[C@@H](CCC(=O)NC(C)(C)C)C(=O)N21,7.026018142700195
CHEMBL205049,0,4,Cc1cc(C(N)=O)cc(C)c1C[C@H](N)C(=O)N1CCCC[C@H]1c1nc(-c2ccccc2)c[nH]1,t0_f5_p1,Cc1cc(C(N)=O)cc(C)c1C[C@H](N)C(=O)N1CCCC[C@H]1c1nc(-c2ccccc2)c[nH]1,7.02592658996582
CHEMBL3670300,0,0,NC1=NC(c2cccc(NC(=O)c3ccc(O)cn3)c2)(C2CCCCC2)CS1,t0_f5_p0,NC1=NC(c2cccc(NC(=O)c3ccc(O)cn3)c2)(C2CCCCC2)CS1,7.025859355926514
CHEMBL268518,0,14,CC(C)(N)C(=O)N[C@H](Cc1c[nH]c2ccccc12)C(=O)N1CCC2(CC1)Cc1ccccc1C2,t0_f5_p1,CC(C)(N)C(=O)N[C@H](Cc1c[nH]c2ccccc12)C(=O)N1CCC2(CC1)Cc1ccccc1C2,7.025275230407715
CHEMBL3640333,0,41,COc1ccc2c(c1F)C(=O)N(C[C@@]1(C#Cc3ccc(CN4CCCCC4)nc3)NC(=O)NC1=O)C2,t1_f5_p1,COc1ccc2c(c1F)C(=O)N(C[C@@]1(C#Cc3ccc(CN4CCCCC4)nc3)NC(=O)NC1=O)C2,7.025163650512695
CHEMBL3668528,0,0,COc1ccc(F)cc1-c1ccnc2[nH]c(C3=C[C@H]4CN(S(C)(=O)=O)C[C@H]4C3)cc12,t0_f5_p6,COc1ccc(F)cc1-c1ccnc2[nH]c(C3=C[C@H]4CN(S(C)(=O)=O)C[C@H]4C3)cc12,7.025055885314941
CHEMBL2164832,0,17,CN1CCN(CC(=O)NC2(c3ccc(Cl)c(Cl)c3)C(=O)Nc3cc(Cl)cc(Cl)c32)CC1,t0_f5_p6,CN1CCN(CC(=O)NC2(c3ccc(Cl)c(Cl)c3)C(=O)Nc3cc(Cl)cc(Cl)c32)CC1,7.024989604949951
CHEMBL1160810,0,0,N=C(N)c1cccc(N2CCCCN(C3CCN(Cc4ccccn4)CC3)C2=O)c1,t1_f5_p0,N=C(N)c1cccc(N2CCCCN(C3CCN(Cc4ccccn4)CC3)C2=O)c1,7.024903774261475
CHEMBL3907101,0,32,CN1C(=N)N[C@](C)(c2sc(-c3nnc(-c4ccc(Cl)cc4)o3)cc2F)CS1(=O)=O,t1_f5_p1,CN1C(=N)N[C@](C)(c2sc(-c3nnc(-c4ccc(Cl)cc4)o3)cc2F)CS1(=O)=O,7.0247802734375
CHEMBL1089529,0,1,CNC(=O)c1cc2cc(C(=O)N3CCC4(CC3)CC(=O)c3c(OC)cccc3O4)ccc2[nH]1,t1_f5_p0,CNC(=O)c1cc2cc(C(=O)N3CCC4(CC3)CC(=O)c3c(OC)cccc3O4)ccc2[nH]1,7.024161338806152
CHEMBL3688826,0,1,N#Cc1cnc2c(c1)CC[C@@H]2Nc1ccc(F)c([C@@]2(C(F)F)N=C(N)O[C@@H]3C[C@@H]32)c1,t0_f5_p0,N#Cc1cnc2c(c1)CC[C@@H]2Nc1ccc(F)c([C@@]2(C(F)F)N=C(N)O[C@@H]3C[C@@H]32)c1,7.023960590362549
CHEMBL3688828,0,0,N#Cc1cnc2c(c1)CC[C@H]2Nc1ccc(F)c([C@@]2(C(F)F)N=C(N)O[C@@H]3C[C@@H]32)c1,t0_f5_p0,N#Cc1cnc2c(c1)CC[C@H]2Nc1ccc(F)c([C@@]2(C(F)F)N=C(N)O[C@@H]3C[C@@H]32)c1,7.023960590362549
CHEMBL107592,0,32,N=C(N)c1cccc(CC(NS(=O)(=O)c2ccc3ccccc3c2)C(=O)N2CCCCCC2)c1,t0_f5_p1,N=C(N)c1cccc(CC(NS(=O)(=O)c2ccc3ccccc3c2)C(=O)N2CCCCCC2)c1,7.0235161781311035
CHEMBL145630,0,4,N=C(N)c1cccc(C[C@H](NS(=O)(=O)c2ccc3ccccc3c2)C(=O)N2CCCCCC2)c1,t0_f5_p1,N=C(N)c1cccc(C[C@H](NS(=O)(=O)c2ccc3ccccc3c2)C(=O)N2CCCCCC2)c1,7.0235161781311035
CHEMBL3715353,0,30,O=C1NCc2cc(-c3n[nH]cc3CN3C4CCC3CN(c3ccc(C(F)(F)F)cn3)C4)ccc2O1,t0_f5_p2,O=C1NCc2cc(-c3n[nH]cc3CN3C4CCC3CN(c3ccc(C(F)(F)F)cn3)C4)ccc2O1,7.023189544677734
CHEMBL1083209,0,1,CCCC(=O)Nc1n[nH]c2cc(-c3ccc(N)nc3)ccc12,t0_f5_p0,CCCC(=O)Nc1n[nH]c2cc(-c3ccc(N)nc3)ccc12,7.02290153503418
CHEMBL3819509,0,0,CN1CCN(c2ccc3nc(-c4ccc5nc(-c6ccc(OCCOCCO)cc6)[nH]c5c4)[nH]c3c2)CC1,t0_f5_p0,CN1CCN(c2ccc3nc(-c4ccc5nc(-c6ccc(OCCOCCO)cc6)[nH]c5c4)[nH]c3c2)CC1,7.022899150848389
CHEMBL1215304,0,33,COc1ccc2c(c1)C[C@H](C(=O)Nc1ccc(-c3cn[nH]c3)cc1OCC1CCN(C)CC1)NC2,t0_f5_p3,COc1ccc2c(c1)C[C@H](C(=O)Nc1ccc(-c3cn[nH]c3)cc1OCC1CCN(C)CC1)NC2,7.022636890411377
CHEMBL3892232,0,0,CN1Cc2c(C3=CCC(C(=O)N4CC(O)C4)CC3)[nH]c3nccc(c23)-c2cc(F)ccc21,t0_f5_p0,CN1Cc2c(C3=CCC(C(=O)N4CC(O)C4)CC3)[nH]c3nccc(c23)-c2cc(F)ccc21,7.022538185119629
CHEMBL1907360,0,7,C[C@H](CN1CCC2(CC1)C(=O)NCN2c1ccccc1)NC(=O)c1cc2cc(F)ccc2[nH]1,t0_f5_p1,C[C@H](CN1CCC2(CC1)C(=O)NCN2c1ccccc1)NC(=O)c1cc2cc(F)ccc2[nH]1,7.0220184326171875
CHEMBL442399,0,13,O=C(CN1CCC(NS(=O)(=O)c2ccccc2)C1)NC1CCc2cc(F)ccc2C1Cc1cccnc1,t0_f5_p1,O=C(CN1CCC(NS(=O)(=O)c2ccccc2)C1)NC1CCc2cc(F)ccc2C1Cc1cccnc1,7.021749973297119
CHEMBL4069951,0,4,CCc1cc(O)ccc1-c1ccc2c(-c3nc4c([nH]3)CN(S(C)(=O)=O)CC4)n[nH]c2c1,t0_f5_p1,CCc1cc(O)ccc1-c1ccc2c(-c3nc4c([nH]3)CN(S(C)(=O)=O)CC4)n[nH]c2c1,7.021027565002441
CHEMBL4116672,0,4,O=C(Nc1cc(Cn2c(=O)[nH]c(=O)c3ccccc32)ccc1Br)[C@H]1CCNC1,t0_f5_p5,O=C(Nc1cc(Cn2c(=O)[nH]c(=O)c3ccccc32)ccc1Br)[C@H]1CCNC1,7.020900726318359
CHEMBL223446,0,1,CC1CCN(CCNC(=O)c2ccc(-n3c(=S)[nH]c4ccccc4c3=O)cc2)CC1,t0_f5_p7,CC1CCN(CCNC(=O)c2ccc(-n3c(=S)[nH]c4ccccc4c3=O)cc2)CC1,7.0202813148498535
CHEMBL3654590,0,1,CN(C)C(=O)[C@@H]1CC[C@@H](NC(=O)c2ccc3[nH]nc(-c4ccncc4)c3c2)CN1Cc1ccccc1,t1_f5_p0,CN(C)C(=O)[C@@H]1CC[C@@H](NC(=O)c2ccc3[nH]nc(-c4ccncc4)c3c2)CN1Cc1ccccc1,7.019044399261475
CHEMBL40096,0,0,CC(C)(C)c1ccc(O)c(-c2nc3cc(C(=N)N)ccc3[nH]2)c1,t0_f5_p0,CC(C)(C)c1ccc(O)c(-c2nc3cc(C(=N)N)ccc3[nH]2)c1,7.018665790557861
CHEMBL1933539,0,4,O=C(c1cc2cc(F)ccc2[nH]1)N1C[C@]2(CCN(C3CNC3)C2)c2ccccc21,t1_f5_p3,O=C(c1cc2cc(F)ccc2[nH]1)N1C[C@]2(CCN(C3CNC3)C2)c2ccccc21,7.018489837646484
CHEMBL1933520,0,0,O=C(c1cc2cc(F)ccc2[nH]1)N1C[C@@]2(CCN(C3CNC3)C2)c2ccccc21,t1_f5_p3,O=C(c1cc2cc(F)ccc2[nH]1)N1C[C@@]2(CCN(C3CNC3)C2)c2ccccc21,7.018489837646484
CHEMBL1093187,0,2,Cc1cc(C(=O)N2CCC3(CC2)CC(=O)c2cc(-c4cn[nH]c4)ccc2O3)cc2cn[nH]c12,t1_f5_p0,Cc1cc(C(=O)N2CCC3(CC2)CC(=O)c2cc(-c4cn[nH]c4)ccc2O3)cc2cn[nH]c12,7.018422603607178
CHEMBL106869,0,11,N=C(N)c1cccc(CC(NS(=O)(=O)c2ccc3ccccc3c2)C(=O)N2CCCC2)c1,t0_f5_p1,N=C(N)c1cccc(CC(NS(=O)(=O)c2ccc3ccccc3c2)C(=O)N2CCCC2)c1,7.018208980560303
CHEMBL145211,0,21,N=C(N)c1cccc(C[C@H](NS(=O)(=O)c2ccc3ccccc3c2)C(=O)N2CCCC2)c1,t0_f5_p2,N=C(N)c1cccc(C[C@H](NS(=O)(=O)c2ccc3ccccc3c2)C(=O)N2CCCC2)c1,7.018208980560303
CHEMBL339642,0,3,CC(=O)NC[C@H]1CN(c2ccc3c(c2)CCCN(C(=O)Nc2ccccc2)C3)C(=O)O1,t0_f5_p0,CC(=O)NC[C@H]1CN(c2ccc3c(c2)CCCN(C(=O)Nc2ccccc2)C3)C(=O)O1,7.018033981323242
CHEMBL1301844,0,0,CN1CCN(S(=O)(=O)c2cccc(C(=O)Nc3nc(-c4ccccc4)cs3)c2)CC1,t0_f5_p0,CN1CCN(S(=O)(=O)c2cccc(C(=O)Nc3nc(-c4ccccc4)cs3)c2)CC1,7.01801872253418
CHEMBL1871258,0,3,O=C(NCCN1CCC2(CC1)C(=O)NCN2c1ccc(F)cc1)c1cc2cc(F)ccc2[nH]1,t0_f5_p1,O=C(NCCN1CCC2(CC1)C(=O)NCN2c1ccc(F)cc1)c1cc2cc(F)ccc2[nH]1,7.0180134773254395
CHEMBL2346708,0,0,Cc1ccc(C)c(CC(=O)N2Cc3[nH]nc(NC(=O)c4ccc(N5CCN(C)CC5)cc4)c3C2)c1,t0_f5_p0,Cc1ccc(C)c(CC(=O)N2Cc3[nH]nc(NC(=O)c4ccc(N5CCN(C)CC5)cc4)c3C2)c1,7.0179948806762695
CHEMBL1642871,0,1,O=C(Nc1ccc2c(S(=O)(=O)c3cccc4ccccc34)n[nH]c2c1)C1CCNCC1,t0_f5_p5,O=C(Nc1ccc2c(S(=O)(=O)c3cccc4ccccc34)n[nH]c2c1)C1CCNCC1,7.017706871032715
CHEMBL3577286,0,20,NC(=O)CN1CCC(NC(=O)Cn2c3c(c4cc(Br)ccc42)CC[C@@H](C(=O)O)C3)CC1,t0_f5_p1,NC(=O)CN1CCC(NC(=O)Cn2c3c(c4cc(Br)ccc42)CC[C@@H](C(=O)O)C3)CC1,7.017660140991211
CHEMBL1090854,0,0,Cc1cc(C(=O)N2CCC3(CC2)CC(=O)c2cc(-c4cc[nH]n4)ccc2O3)cc2cn[nH]c12,t1_f5_p0,Cc1cc(C(=O)N2CCC3(CC2)CC(=O)c2cc(-c4cc[nH]n4)ccc2O3)cc2cn[nH]c12,7.0175557136535645
CHEMBL193773,0,4,CC(=O)Nc1cccc([C@H](C(=O)NC(C)(C)C)N2C(=O)[C@@H](C3Cc4ccccc4C3)NC(=O)[C@H]2CC(C)C)c1,t0_f5_p1,CC(=O)Nc1cccc([C@H](C(=O)NC(C)(C)C)N2C(=O)[C@@H](C3Cc4ccccc4C3)NC(=O)[C@H]2CC(C)C)c1,7.017491817474365
CHEMBL373268,0,6,N[C@@H](CC(=O)N1CCc2n[nH]c(-c3ccc(F)cc3)c2C1)Cc1cc(F)ccc1F,t0_f5_p2,N[C@@H](CC(=O)N1CCc2n[nH]c(-c3ccc(F)cc3)c2C1)Cc1cc(F)ccc1F,7.017479419708252
CHEMBL324311,0,0,O=C(CN1CC[C@H](NS(=O)(=O)c2ccccc2)C1)NC1CCc2cc(F)ccc2C1Cc1cccnc1,t0_f5_p1,O=C(CN1CC[C@H](NS(=O)(=O)c2ccccc2)C1)NC1CCc2cc(F)ccc2C1Cc1cccnc1,7.016735553741455
CHEMBL119355,0,41,O=C(CN1CC[C@@H](NS(=O)(=O)c2ccccc2)C1)NC1CCc2cc(F)ccc2C1Cc1cccnc1,t0_f5_p1,O=C(CN1CC[C@@H](NS(=O)(=O)c2ccccc2)C1)NC1CCc2cc(F)ccc2C1Cc1cccnc1,7.016735553741455
CHEMBL442924,0,0,CNC(=O)c1cc2cc(C3(Cc4ccccc4)CCNC3)ccc2[nH]1,t0_f5_p3,CNC(=O)c1cc2cc(C3(Cc4ccccc4)CCNC3)ccc2[nH]1,7.016639709472656
CHEMBL3736523,0,1,Cc1c2c3cc(NC(=O)[C@@H]4CCCN4C(=N)N)ccc3nc-2n(C)c2ccccc12,t0_f5_p0,Cc1c2c3cc(NC(=O)[C@@H]4CCCN4C(=N)N)ccc3nc-2n(C)c2ccccc12,7.016639232635498
CHEMBL117400,0,16,O=C(CN1CCC(NS(=O)(=O)c2ccccc2)CC1)NC1CCc2cc(F)ccc2C1Cc1cccnc1,t0_f5_p1,O=C(CN1CCC(NS(=O)(=O)c2ccccc2)CC1)NC1CCc2cc(F)ccc2C1Cc1cccnc1,7.016263484954834
CHEMBL1809032,0,0,CN(C)CCCNC(=O)N1C[C@H](C(=O)N2CCCC2)C=C2c3cccc4[nH]cc(c34)C[C@H]21,t1_f5_p3,CN(C)CCCNC(=O)N1C[C@H](C(=O)N2CCCC2)C=C2c3cccc4[nH]cc(c34)C[C@H]21,7.016115665435791
CHEMBL301143,0,7,CNS(=O)(=O)c1ccc2c(c1)/C(=C/c1[nH]c3c(c1CN1CCOCC1)CCCC3)C(=O)N2,t0_f5_p1,CNS(=O)(=O)c1ccc2c(c1)/C(=C/c1[nH]c3c(c1CN1CCOCC1)CCCC3)C(=O)N2,7.015739440917969
CHEMBL1254736,0,49,O=C(NCCN1CCC2(CC1)C(=O)NCN2c1cccc(F)c1)c1cc2cc(F)ccc2[nH]1,t0_f5_p1,O=C(NCCN1CCC2(CC1)C(=O)NCN2c1cccc(F)c1)c1cc2cc(F)ccc2[nH]1,7.015294551849365
CHEMBL3907666,0,23,O=C(NCc1ccc2cc[nH]c2c1)N1CCc2cnc(NC3CCOCC3)nc2C1,t0_f5_p1,O=C(NCc1ccc2cc[nH]c2c1)N1CCc2cnc(NC3CCOCC3)nc2C1,7.014939785003662
CHEMBL2043432,0,4,CN1CC[C@@H](NC(=O)c2ccc3c(c2)OCCO3)C[C@@H]1c1nc2ccccc2[nH]1,t0_f5_p0,CN1CC[C@@H](NC(=O)c2ccc3c(c2)OCCO3)C[C@@H]1c1nc2ccccc2[nH]1,7.014849662780762
CHEMBL4117959,0,2,CO[C@H]1CC[C@]2(CC1)Cc1ccc(-c3cccnc3)cc1[C@@]21COC(N)=N1,t0_f5_p2,CO[C@H]1CC[C@]2(CC1)Cc1ccc(-c3cccnc3)cc1[C@@]21COC(N)=N1,7.01439905166626
CHEMBL3667346,1,31,N#CC(Cc1ccc2c(c1)c(=O)[nH]c1cc(Cl)ccc12)NC(=O)[C@H]1N[C@@H]2CC[C@H]1C2,t0_f5_p6,N#CC(Cc1ccc2c(c1)c(=O)[nH]c1cc(Cl)ccc12)NC(=O)[C@H]1N[C@@H]2CC[C@H]1C2,7.01431131362915
CHEMBL3917492,0,48,CNCCNC(=O)c1cc(C#N)ccc1C1C2=C(CCC2=O)N(c2cccc(C(F)(F)F)c2)C(=O)N1C,t0_f5_p1,CNCCNC(=O)c1cc(C#N)ccc1C1C2=C(CCC2=O)N(c2cccc(C(F)(F)F)c2)C(=O)N1C,7.014081954956055
CHEMBL3654835,0,1,Cc1cc(-c2n[nH]c3cc(NC(=O)N[C@H]4CN(C)C[C@@H]4C4CCCCC4)ncc23)ccn1,t1_f5_p1,Cc1cc(-c2n[nH]c3cc(NC(=O)N[C@H]4CN(C)C[C@@H]4C4CCCCC4)ncc23)ccn1,7.0139851570129395
CHEMBL3639616,0,0,C[C@H]1CN2CCC[C@H]2CN1C(=O)N1Cc2c(NC(=O)c3ccc4c(c3)CCO4)n[nH]c2C1(C)C,t0_f5_p0,C[C@H]1CN2CCC[C@H]2CN1C(=O)N1Cc2c(NC(=O)c3ccc4c(c3)CCO4)n[nH]c2C1(C)C,7.013370513916016
CHEMBL66316,0,0,NC1(C(=O)N[C@H](Cc2c[nH]c3ccccc23)C(=O)N2CCC3(CCc4ccccc43)CC2)CCCC1,t0_f5_p1,NC1(C(=O)N[C@H](Cc2c[nH]c3ccccc23)C(=O)N2CCC3(CCc4ccccc43)CC2)CCCC1,7.013121128082275
CHEMBL3943279,0,35,NCCC1CNC(=O)c2cc(-c3cccc(C(F)(F)F)c3)c(-c3ccc(CO)cc3)n21,t0_f5_p3,NCCC1CNC(=O)c2cc(-c3cccc(C(F)(F)F)c3)c(-c3ccc(CO)cc3)n21,7.012916564941406
CHEMBL3658690,0,15,CN1CC[C@H](CNC(=O)Nc2cc3[nH]nc(-c4ccc(F)cc4)c3cn2)C1,t0_f5_p6,CN1CC[C@H](CNC(=O)Nc2cc3[nH]nc(-c4ccc(F)cc4)c3cn2)C1,7.012705326080322
CHEMBL3658689,0,3,CN1CC[C@@H](CNC(=O)Nc2cc3[nH]nc(-c4ccc(F)cc4)c3cn2)C1,t0_f5_p6,CN1CC[C@@H](CNC(=O)Nc2cc3[nH]nc(-c4ccc(F)cc4)c3cn2)C1,7.012705326080322
CHEMBL3646011,1,36,Cn1cc(S(=O)(=O)NCc2ccc3c(c2)C(C2(c4ccc(Cl)cc4)CCC2)NCC3)cn1,t0_f5_p1,Cn1cc(S(=O)(=O)NCc2ccc3c(c2)C(C2(c4ccc(Cl)cc4)CCC2)NCC3)cn1,7.012640953063965
CHEMBL3939801,0,0,CCCN(CCC)C(=O)C1=Cc2ccc(C(=O)Nc3cccc(CCN)c3)cc2N=C(N)C1,t0_f5_p0,CCCN(CCC)C(=O)C1=Cc2ccc(C(=O)Nc3cccc(CCN)c3)cc2N=C(N)C1,7.012482643127441
CHEMBL3956724,0,0,O=C(CC1CCOC1)Nc1ccc(NC(=O)N2Cc3ccc(CO)cc3C2)cc1,t1_f5_p7,O=C(CC1CCOC1)Nc1ccc(NC(=O)N2Cc3ccc(CO)cc3C2)cc1,7.012270450592041
CHEMBL3667353,0,32,N#CC(Cc1ccc2c(c1)c(=O)[nH]c1ccc(Cl)cc12)NC(=O)[C@H]1N[C@@H]2CC[C@H]1C2,t0_f5_p6,N#CC(Cc1ccc2c(c1)c(=O)[nH]c1ccc(Cl)cc12)NC(=O)[C@H]1N[C@@H]2CC[C@H]1C2,7.012219429016113
CHEMBL2064560,0,0,CN1CCN(C(=O)N2Cc3c(NC(=O)c4ccccc4)n[nH]c3C2(C)C)C(c2ccccc2)C1,t0_f5_p0,CN1CCN(C(=O)N2Cc3c(NC(=O)c4ccccc4)n[nH]c3C2(C)C)C(c2ccccc2)C1,7.011963844299316
CHEMBL4070814,0,0,CN1CCN(CC(=O)N(C)c2ccc(N/C(=C3\C(=O)Nc4ccc(C(=O)N(C)C)cc43)c3ccccc3)cc2)CC1,t0_f5_p3,CN1CCN(CC(=O)N(C)c2ccc(N/C(=C3\C(=O)Nc4ccc(C(=O)N(C)C)cc43)c3ccccc3)cc2)CC1,7.011776447296143
CHEMBL394878,0,1,CN1CCN(CCCNC(=O)[C@@H](Cc2ccccc2)NC(=O)C2(NC(=O)c3cc4ccccc4s3)CCc3ccccc32)CC1,t0_f5_p1,CN1CCN(CCCNC(=O)[C@@H](Cc2ccccc2)NC(=O)C2(NC(=O)c3cc4ccccc4s3)CCc3ccccc32)CC1,7.0115966796875
CHEMBL4215288,0,2,CCN1Cc2cccc(C(=O)N[C@@H](CCCNC(=N)CF)c3nc4ccccc4n3C)c2C1=O,t0_f5_p2,CCN1Cc2cccc(C(=O)N[C@@H](CCCNC(=N)CF)c3nc4ccccc4n3C)c2C1=O,7.011317729949951
CHEMBL288462,0,0,CC(C)(C)c1cccc(-c2nc3cc(C(=N)N)ccc3[nH]2)c1O,t0_f5_p0,CC(C)(C)c1cccc(-c2nc3cc(C(=N)N)ccc3[nH]2)c1O,7.011289596557617
CHEMBL3663012,0,0,CN1C[C@@H](NC(=O)Nc2cc3[nH]nc(-c4ccc(F)cc4)c3cn2)[C@H](c2ccccc2)C12COC2,t1_f5_p0,CN1C[C@@H](NC(=O)Nc2cc3[nH]nc(-c4ccc(F)cc4)c3cn2)[C@H](c2ccccc2)C12COC2,7.011235237121582
CHEMBL4174923,0,3,Cc1ccc2nc(N3CCCc4ccc(F)cc4C3)cc(NC(=O)CN)c2c1,t0_f5_p1,Cc1ccc2nc(N3CCCc4ccc(F)cc4C3)cc(NC(=O)CN)c2c1,7.0112199783325195
CHEMBL233034,0,2,O=C(CN1C(=O)C(NC(=O)c2cc3cc(Cl)sc3[nH]2)Cc2ccccc21)NO,t0_f5_p1,O=C(CN1C(=O)C(NC(=O)c2cc3cc(Cl)sc3[nH]2)Cc2ccccc21)NO,7.009631156921387
CHEMBL3668511,0,5,COc1ccc(F)cc1-c1ccnc2[nH]c(C3=CCN(CC(=O)N4CCC[C@H]4C(N)=O)CC3)cc12,t0_f5_p1,COc1ccc(F)cc1-c1ccnc2[nH]c(C3=CCN(CC(=O)N4CCC[C@H]4C(N)=O)CC3)cc12,7.009530067443848
CHEMBL2172327,0,2,NC(=O)[C@H]1CC[C@@H](n2/c(=N/C(=O)c3ccccc3)[nH]c3ccc(CN4CCCCC4)cc32)CC1,t0_f5_p1,NC(=O)[C@H]1CC[C@@H](n2/c(=N/C(=O)c3ccccc3)[nH]c3ccc(CN4CCCCC4)cc32)CC1,7.009087085723877
CHEMBL3899331,0,10,NC(=O)c1c(-c2cccc(F)c2)c(Cl)n2c1CN(C(=O)NC1CCC(O)(C(F)(F)F)CC1)CC2,t0_f5_p1,NC(=O)c1c(-c2cccc(F)c2)c(Cl)n2c1CN(C(=O)NC1CCC(O)(C(F)(F)F)CC1)CC2,7.009084224700928
CHEMBL3892690,0,0,CN[C@@H](C)C(=O)N[C@H](C(=O)N1CCc2cc(Cl)ccc2[C@@H]1C(=O)Nc1c(F)cccc1F)C(C)C,t0_f5_p0,CN[C@@H](C)C(=O)N[C@H](C(=O)N1CCc2cc(Cl)ccc2[C@@H]1C(=O)Nc1c(F)cccc1F)C(C)C,7.009048938751221
CHEMBL3893395,0,2,CN[C@@H](C)C(=O)N[C@H](C(=O)N1CCc2cc(Cl)ccc2[C@H]1C(=O)Nc1c(F)cccc1F)C(C)C,t0_f5_p0,CN[C@@H](C)C(=O)N[C@H](C(=O)N1CCc2cc(Cl)ccc2[C@H]1C(=O)Nc1c(F)cccc1F)C(C)C,7.009048938751221
CHEMBL1215170,0,0,CN(C)CCOc1cc(-c2cn[nH]c2)ccc1NC(=O)[C@@H]1Cc2cc(Cl)ccc2CN1,t0_f5_p6,CN(C)CCOc1cc(-c2cn[nH]c2)ccc1NC(=O)[C@@H]1Cc2cc(Cl)ccc2CN1,7.009004592895508
CHEMBL1215169,0,4,CN(C)CCOc1cc(-c2cn[nH]c2)ccc1NC(=O)[C@H]1Cc2cc(Cl)ccc2CN1,t0_f5_p6,CN(C)CCOc1cc(-c2cn[nH]c2)ccc1NC(=O)[C@H]1Cc2cc(Cl)ccc2CN1,7.009004592895508
CHEMBL590830,0,0,Cc1ccoc1C(=O)Nc1cccc(C2(C3CCCCC3)N=C(N)N(C)C2=O)c1,t0_f5_p0,Cc1ccoc1C(=O)Nc1cccc(C2(C3CCCCC3)N=C(N)N(C)C2=O)c1,7.00892972946167
CHEMBL3798013,0,26,CN(C)c1ccc(C(C(=O)NC(C)(C)C)N2CCc3c([nH]c4ccccc34)CC2=O)cc1,t0_f5_p1,CN(C)c1ccc(C(C(=O)NC(C)(C)C)N2CCc3c([nH]c4ccccc34)CC2=O)cc1,7.008604049682617
CHEMBL79725,0,10,NC(=O)c1ccc2c(c1)CCOC2CCN1CCC(c2c[nH]c3cc(F)ccc23)C1,t0_f5_p3,NC(=O)c1ccc2c(c1)CCOC2CCN1CCC(c2c[nH]c3cc(F)ccc23)C1,7.008416175842285
CHEMBL1933169,0,0,Cc1ccc(C(=O)Nc2cc(-c3cc4c([nH]3)C3(CCN(C)CC3)CNC4=O)ccn2)cc1C,t0_f5_p0,Cc1ccc(C(=O)Nc2cc(-c3cc4c([nH]3)C3(CCN(C)CC3)CNC4=O)ccn2)cc1C,7.00827693939209
CHEMBL3640328,0,31,COc1ccc2c(c1)C(=O)N(C[C@@]1(C#Cc3ccc(C(=O)N4CCN(C5CCCCC5)CC4)cc3)NC(=O)NC1=O)C2,t1_f5_p0,COc1ccc2c(c1)C(=O)N(C[C@@]1(C#Cc3ccc(C(=O)N4CCN(C5CCCCC5)CC4)cc3)NC(=O)NC1=O)C2,7.007523536682129
CHEMBL4301829,0,0,O=C(Nc1nc2ccc(C3=NCCN3)cc2[nH]1)c1sc2cc(C3=NCCN3)ccc2c1Cl,t0_f5_p0,O=C(Nc1nc2ccc(C3=NCCN3)cc2[nH]1)c1sc2cc(C3=NCCN3)ccc2c1Cl,7.007142543792725
CHEMBL3099952,0,15,O=C1CCc2cccc(OC[C@@H](O)CN3CCC4(CC3)Cc3cc(Cl)ccc3O4)c2N1,t0_f5_p4,O=C1CCc2cccc(OC[C@@H](O)CN3CCC4(CC3)Cc3cc(Cl)ccc3O4)c2N1,7.006865501403809
CHEMBL3650817,0,0,CC1(C)Oc2ccc(-c3cccc4[nH]ccc34)cc2C2(COC(N)=N2)C12COC2,t0_f5_p2,CC1(C)Oc2ccc(-c3cccc4[nH]ccc34)cc2C2(COC(N)=N2)C12COC2,7.00637149810791
CHEMBL243398,0,30,C[C@H]1CC[C@H](NCc2ccc3c(c2)Cc2c(-c4ccc(S(N)(=O)=O)cc4)n[nH]c2-3)CC1,t0_f5_p7,C[C@H]1CC[C@H](NCc2ccc3c(c2)Cc2c(-c4ccc(S(N)(=O)=O)cc4)n[nH]c2-3)CC1,7.006204605102539
CHEMBL2172333,0,13,CC(C)NC(=O)[C@H]1CC[C@@H](n2/c(=N/C(=O)c3ccc(F)cc3)[nH]c3ccc(CN4CCNCC4)cc32)CC1,t0_f5_p1,CC(C)NC(=O)[C@H]1CC[C@@H](n2/c(=N/C(=O)c3ccc(F)cc3)[nH]c3ccc(CN4CCNCC4)cc32)CC1,7.005492210388184
CHEMBL3650808,0,2,CC1(C)Oc2ccc(-c3ccc4[nH]ncc4c3)cc2C2(COC(N)=N2)C12COC2,t0_f5_p2,CC1(C)Oc2ccc(-c3ccc4[nH]ncc4c3)cc2C2(COC(N)=N2)C12COC2,7.0054426193237305
CHEMBL3639673,0,1,COc1ccc(F)cc1-c1ccnc2[nH]c(C3CCN(CC(=O)NC4CC(O)C4)CC3)cc12,t0_f5_p2,COc1ccc(F)cc1-c1ccnc2[nH]c(C3CCN(CC(=O)NC4CC(O)C4)CC3)cc12,7.005413055419922
CHEMBL1558489,0,2,CSCC[C@H](NC(=O)[C@@H]1Cc2c([nH]c3ccccc23)C2c3ccccc3C(=O)N21)C(=O)NCC1CCCO1,t0_f5_p1,CSCC[C@H](NC(=O)[C@@H]1Cc2c([nH]c3ccccc23)C2c3ccccc3C(=O)N21)C(=O)NCC1CCCO1,7.005306720733643
CHEMBL3954538,0,22,CC(C)(C)NC(=S)NC[C@H]1CN(c2ccc(N3CC4(COC4)C3)c(F)c2)C(=O)O1,t1_f5_p1,CC(C)(C)NC(=S)NC[C@H]1CN(c2ccc(N3CC4(COC4)C3)c(F)c2)C(=O)O1,7.005293369293213
CHEMBL1946318,0,8,CC(=O)NCc1ccc(Cl)c(CN(C(=O)[C@H]2CNCC(=O)N2c2ccc(COC(=O)c3ccccc3)cc2)C2CC2)c1,t0_f5_p3,CC(=O)NCc1ccc(Cl)c(CN(C(=O)[C@H]2CNCC(=O)N2c2ccc(COC(=O)c3ccccc3)cc2)C2CC2)c1,7.005151271820068
CHEMBL3966032,0,45,O=C1CCc2cc(CO)c(OCCCN3CCN(c4cccc5sccc45)CC3)cc2N1,t0_f5_p4,O=C1CCc2cc(CO)c(OCCCN3CCN(c4cccc5sccc45)CC3)cc2N1,7.005013465881348
CHEMBL146108,0,0,Cc1cc(O)cc(C)c1C[C@H](N)C(=O)N1Cc2ccccc2C[C@H]1C(=O)NC(C)(C)C,t0_f5_p2,Cc1cc(O)cc(C)c1C[C@H](N)C(=O)N1Cc2ccccc2C[C@H]1C(=O)NC(C)(C)C,7.00477933883667
CHEMBL3971071,0,1,CN[C@@H](C)C(=O)N[C@H](C(=O)N1Cc2ccccc2[C@H]1C(=O)Nc1cccc2sccc12)C(C)C,t0_f5_p0,CN[C@@H](C)C(=O)N[C@H](C(=O)N1Cc2ccccc2[C@H]1C(=O)Nc1cccc2sccc12)C(C)C,7.004693031311035
CHEMBL44886,0,42,O=C(CN1CCC(NC(=O)c2ccccc2)CC1)NC1CCc2cc(F)ccc2C1Cc1cccnc1,t0_f5_p1,O=C(CN1CCC(NC(=O)c2ccccc2)CC1)NC1CCc2cc(F)ccc2C1Cc1cccnc1,7.004602909088135
CHEMBL1682745,0,0,CN1CCc2nc(C(=O)Nc3ccccc3CNC(=O)c3cc(Cl)c[nH]3)sc2C1,t0_f5_p0,CN1CCc2nc(C(=O)Nc3ccccc3CNC(=O)c3cc(Cl)c[nH]3)sc2C1,7.004516124725342
CHEMBL56230,0,46,CN(C)CCCc1c(/C=C2\C(=O)Nc3ccc(S(N)(=O)=O)cc32)[nH]c2c1CCCC2,t0_f5_p1,CN(C)CCCc1c(/C=C2\C(=O)Nc3ccc(S(N)(=O)=O)cc32)[nH]c2c1CCCC2,7.004373073577881
CHEMBL3103642,0,0,O=C1NC(=S)N/C1=C/c1ccc(-c2ccc3c(c2)CN(CCCN2CCCC2)C3=O)s1,t0_f5_p1,O=C1NC(=S)N/C1=C/c1ccc(-c2ccc3c(c2)CN(CCCN2CCCC2)C3=O)s1,7.004339694976807
CHEMBL3907547,1,20,N=C(N)c1ccc(CC2NCCn3c2nc2cc(C4(C(=O)N5CCCC5)CCCC4)ccc23)cc1,t0_f5_p1,N=C(N)c1ccc(CC2NCCn3c2nc2cc(C4(C(=O)N5CCCC5)CCCC4)ccc23)cc1,7.004234313964844
CHEMBL3648386,0,43,O=C(N[C@@H]1Cc2ccc(CNCCC3CC3)cc2C1)c1ccc(OCC2CC2)cn1,t0_f5_p7,O=C(N[C@@H]1Cc2ccc(CNCCC3CC3)cc2C1)c1ccc(OCC2CC2)cn1,7.00422477722168
CHEMBL327025,0,5,CC(C)(C)NC(=O)[C@@H]1CCCCN1C[C@@H](O)C[C@@H](Cc1ccccc1)C(=O)NC1c2ccccc2C[C@H]1O,t0_f5_p1,CC(C)(C)NC(=O)[C@@H]1CCCCN1C[C@@H](O)C[C@@H](Cc1ccccc1)C(=O)NC1c2ccccc2C[C@H]1O,7.003921985626221
CHEMBL293777,0,11,CC(C)(C)NC(=O)[C@@H]1CCCCN1C[C@@H](O)C[C@@H](Cc1ccccc1)C(=O)N[C@H]1c2ccccc2C[C@H]1O,t0_f5_p1,CC(C)(C)NC(=O)[C@@H]1CCCCN1C[C@@H](O)C[C@@H](Cc1ccccc1)C(=O)N[C@H]1c2ccccc2C[C@H]1O,7.003921985626221
CHEMBL3939530,0,0,CN1C(=O)N(c2cccc(C(F)(F)F)c2)C2=C(C(=O)CC2)C1c1ccc(C#N)cc1C(=O)NC1COC1,t0_f5_p2,CN1C(=O)N(c2cccc(C(F)(F)F)c2)C2=C(C(=O)CC2)C1c1ccc(C#N)cc1C(=O)NC1COC1,7.003807067871094
CHEMBL4117600,0,0,O=C(NO)c1ccc(Cn2c3c(c4ccccc42)C2CCN(C3)C2)cc1,t0_f5_p1,O=C(NO)c1ccc(Cn2c3c(c4ccccc42)C2CCN(C3)C2)cc1,7.0037641525268555
CHEMBL2346707,0,0,Cc1cc(C)cc(CC(=O)N2Cc3[nH]nc(NC(=O)c4ccc(N5CCN(C)CC5)cc4)c3C2)c1,t0_f5_p0,Cc1cc(C)cc(CC(=O)N2Cc3[nH]nc(NC(=O)c4ccc(N5CCN(C)CC5)cc4)c3C2)c1,7.003706455230713
CHEMBL4097067,0,0,NC(=O)c1c(NC(=O)c2ccc(CN3CCOCC3)cc2)sc2c1CCC(c1ccc(O)cc1)C2,t0_f5_p0,NC(=O)c1c(NC(=O)c2ccc(CN3CCOCC3)cc2)sc2c1CCC(c1ccc(O)cc1)C2,7.002817153930664
CHEMBL3580423,0,8,O=C(NCCN1CCC2(CC1)C(=O)NCN2Cc1ccccn1)c1ccc2ccccc2c1,t0_f5_p1,O=C(NCCN1CCC2(CC1)C(=O)NCN2Cc1ccccn1)c1ccc2ccccc2c1,7.002799034118652
CHEMBL263681,0,20,Cc1[nH]c2ccccc2c1CC(C)(C)NCC(O)COc1ccccc1C#N,t0_f5_p4,Cc1[nH]c2ccccc2c1CC(C)(C)NCC(O)COc1ccccc1C#N,7.001999855041504
CHEMBL4175534,0,15,COCCNCCC(=O)N[C@H]1c2ccccc2C[C@@H]1NC(=O)c1cc2ccccc2n1C,t0_f5_p1,COCCNCCC(=O)N[C@H]1c2ccccc2C[C@@H]1NC(=O)c1cc2ccccc2n1C,7.00187873840332
CHEMBL3662891,0,0,C[C@H]1CN2CCC[C@H]2CN1C(=O)N1Cc2c(NC(=O)c3c(F)ccc(F)c3F)n[nH]c2C1(C)C,t0_f5_p0,C[C@H]1CN2CCC[C@H]2CN1C(=O)N1Cc2c(NC(=O)c3c(F)ccc(F)c3F)n[nH]c2C1(C)C,7.001315593719482
CHEMBL3984616,0,11,CN[C@@H](C)C(=O)N[C@H](C(=O)N1Cc2ccccc2[C@H]1C(=O)Nc1cccc2c1CCCC2)C(C)C,t0_f5_p0,CN[C@@H](C)C(=O)N[C@H](C(=O)N1Cc2ccccc2[C@H]1C(=O)Nc1cccc2c1CCCC2)C(C)C,7.001267433166504
CHEMBL252984,0,2,CCNC(=O)c1[nH]nc(-c2cc(Cl)c(O)cc2O)c1-c1cccc(CN2CCN(C(C)=O)CC2)c1,t0_f5_p3,CCNC(=O)c1[nH]nc(-c2cc(Cl)c(O)cc2O)c1-c1cccc(CN2CCN(C(C)=O)CC2)c1,7.001180171966553
CHEMBL310457,0,0,CCNC(=O)[C@]1(Cc2ccccc2)CCCN(C(=O)[C@@H](Cc2c[nH]c3ccccc23)NC(=O)C(C)(C)N)C1,t0_f5_p1,CCNC(=O)[C@]1(Cc2ccccc2)CCCN(C(=O)[C@@H](Cc2c[nH]c3ccccc23)NC(=O)C(C)(C)N)C1,7.001108646392822
CHEMBL3330114,0,1,Cc1ccc(Cl)cc1-c1[nH]c(-c2ccnc(N)n2)cc1C(=O)NC1CCN(C)CC1,t0_f5_p1,Cc1ccc(Cl)cc1-c1[nH]c(-c2ccnc(N)n2)cc1C(=O)NC1CCN(C)CC1,7.0007100105285645
CHEMBL3317988,0,1,O=C(N[C@@H]1CCC[C@H](Nc2nc(-c3c[nH]c4ncc(F)cc34)ncc2F)C1)N1CCOCC1,t0_f5_p5,O=C(N[C@@H]1CCC[C@H](Nc2nc(-c3c[nH]c4ncc(F)cc34)ncc2F)C1)N1CCOCC1,7.000640392303467
CHEMBL1642157,0,3,CC(C)S(=O)(=O)N[C@H]1Cc2ccc(Cn3nc(C(F)(F)F)c4c3CCNC4)cc2C1,t0_f5_p5,CC(C)S(=O)(=O)N[C@H]1Cc2ccc(Cn3nc(C(F)(F)F)c4c3CCNC4)cc2C1,7.0005106925964355
CHEMBL3358687,0,3,O=C(NCCN1CCC(O)(Cc2ccc(F)cc2)CC1)Nc1ccnc2ccsc12,t0_f5_p1,O=C(NCCN1CCC(O)(Cc2ccc(F)cc2)CC1)Nc1ccnc2ccsc12,7.000308990478516
CHEMBL3914601,0,0,O=C(CC1CCOCC1)Nc1ccc(NC(=O)N2Cc3ccc(CO)cc3C2)cc1,t1_f5_p7,O=C(CC1CCOCC1)Nc1ccc(NC(=O)N2Cc3ccc(CO)cc3C2)cc1,7.000190734863281
