smiles,pic50,scaffold,n_measurements,logS
C#CCCC(NCc1cc(Cl)c(OCc2cccc(-c3ccc4c(c3)OCCO4)c2C)cc1OCc1ccnc(C#N)c1)C(=O)O,8.09,c1cc(OCc2ccncc2)cc(OCc2cccc(-c3ccc4c(c3)OCCO4)c2)c1,1,-7.284027576446533
C#CCOC(=O)NCCCCC(NCc1cc(Cl)c(OCc2cccc(-c3ccc4c(c3)OCCO4)c2C)cc1OCc1ccnc(C#N)c1)C(=O)O,8.43,c1cc(OCc2ccncc2)cc(OCc2cccc(-c3ccc4c(c3)OCCO4)c2)c1,1,-7.077671527862549
C#CCOc1cc(OCc2cccc(-c3ccccc3)c2Br)c(Cl)cc1CNCCNC(C)=O,5.75,c1ccc(OCc2cccc(-c3ccccc3)c2)cc1,1,-7.124444484710693
C=CCC(NC(=O)C(Cc1cn(C(=O)OC(C)(C)C)c2ccccc12)NC(=O)C1CCCN1C(=O)C(CC(C)C)NC(=O)C(Cc1cncn1C(c1ccccc1)(c1ccccc1)c1ccccc1)NC(=O)C1CCCN1C(=O)C(CC(=O)NC(c1ccccc1)(c1ccccc1)c1ccccc1)NC(=O)C(C)N(C)C(=O)C(Cc1ccc(OC(C)(C)C)cc1)NC(=O)CCl)C(=O)NC(Cc1cn(C(=O)OC(C)(C)C)c2ccccc12)C(=O)N(C)C(CCCC)C(=O)N(C)C(CCCC)C(=O)NC(CC=C)C(=O)NC(CSC(c1ccccc1)(c1ccccc1)c1ccccc1)C(=O)NCC(N)=O,7.26,O=C(CCc1ccccc1)NCC(=O)NC(CC(=O)NC(c1ccccc1)(c1ccccc1)c1ccccc1)C(=O)N1CCCC1C(=O)NC(Cc1cncn1C(c1ccccc1)(c1ccccc1)c1ccccc1)C(=O)NCC(=O)N1CCCC1C(=O)NC(Cc1c[nH]c2ccccc12)C(=O)NCC(=O)NC(Cc1c[nH]c2ccccc12)C(=O)NCC(=O)NCC(=O)NCC(=O)NCCSC(c1ccccc1)(c1ccccc1)c1ccccc1,1,-6.479799270629883
C=CCOc1cc(OCc2cccc(-c3ccccc3)c2Br)c(Cl)cc1CNCCNC(C)=O,6.9,c1ccc(OCc2cccc(-c3ccccc3)c2)cc1,1,-7.115883827209473
CC(=CC#N)NCc1cc(Cl)c(OCc2cccc(-c3ccccc3)c2Br)cc1OCc1cccnc1,4.57,c1ccc(-c2cccc(COc3cccc(OCc4cccnc4)c3)c2)cc1,1,-7.665879726409912
CC(=CC(=O)O)NCc1cc(Cl)c(OCc2cccc(-c3ccccc3)c2Br)cc1OCc1cccnc1,8.63,c1ccc(-c2cccc(COc3cccc(OCc4cccnc4)c3)c2)cc1,1,-7.241157531738281
CC(=O)COc1ccc2c(c1)C(=O)N(c1cccc(-c3ccccc3)c1C#N)C2=O,6.6,O=C1c2ccccc2C(=O)N1c1cccc(-c2ccccc2)c1,1,-6.913961887359619
CC(=O)COc1ccc2c(c1)C(=O)N(c1cccc(-c3ccccc3)c1C)C2=O,5.97,O=C1c2ccccc2C(=O)N1c1cccc(-c2ccccc2)c1,1,-6.144952297210693
CC(=O)N1CCC(S(C)(=O)=Nc2cc(N3CCOCC3C)nc(-c3ccnc4[nH]ccc34)n2)CC1,7.82,O=[SH](=Nc1cc(N2CCOCC2)nc(-c2ccnc3[nH]ccc23)n1)C1CCNCC1,1,-3.00317645072937
CC(=O)N1CCC(c2cc(N3CCOCC3C)nc(-c3ccnc4[nH]ccc34)n2)C1,7.72,c1cc(-c2nc(C3CCNC3)cc(N3CCOCC3)n2)c2cc[nH]c2n1,1,-2.4264845848083496
CC(=O)N1CCC(c2cc(N3CCOCC3C)nc(-c3ccnc4[nH]ccc34)n2)CC1,7.62,c1cc(-c2nc(C3CCNCC3)cc(N3CCOCC3)n2)c2cc[nH]c2n1,1,-2.3196234703063965
CC(=O)N1CCCC(c2cc(N3CCOCC3C)nc(-c3ccnc4[nH]ccc34)n2)C1,8.0,c1cc(-c2nc(C3CCCNC3)cc(N3CCOCC3)n2)c2cc[nH]c2n1,1,-2.6712005138397217
CC(=O)N1CCN(Cc2cc(Cl)c(OCc3cccc(-c4ccc5c(c4)OCCO5)c3C)cc2OCc2cccc(C#N)c2)C1=O,6.23,O=C1NCCN1Cc1ccc(OCc2cccc(-c3ccc4c(c3)OCCO4)c2)cc1OCc1ccccc1,1,-6.907486438751221
CC(=O)N1CCN(Cc2cc(Cl)c(OCc3cccc(-c4ccc5c(c4)OCCO5)c3C)cc2OCc2cccc(C#N)c2)CC1,6.39,c1ccc(COc2cc(OCc3cccc(-c4ccc5c(c4)OCCO5)c3)ccc2CN2CCNCC2)cc1,1,-6.263123989105225
CC(=O)N1CCN(Cc2ccc(O)c(C(=O)C=Cc3cccc(-c4ccccc4)c3C)c2)CC1,4.84,O=C(C=Cc1cccc(-c2ccccc2)c1)c1cccc(CN2CCNCC2)c1,1,-4.7835564613342285
CC(=O)N1CCS(=O)(=Nc2cc(N3CCOCC3C)nc(-c3ccnc4[nH]ccc34)n2)CC1,8.4,O=S1(=Nc2cc(N3CCOCC3)nc(-c3ccnc4[nH]ccc34)n2)CCNCC1,1,-2.4558722972869873
CC(=O)NCCCNc1ncnc(OCc2cccc(-c3ccccc3)c2C)n1,5.67,c1ccc(-c2cccc(COc3ncncn3)c2)cc1,1,-4.653572082519531
CC(=O)NCCN(Cc1cc(Cl)c(OCc2cccc(-c3ccc4c(c3)OCCO4)c2C)cc1OCc1cccc(C#N)c1)C(=O)OCCF,5.77,c1ccc(COc2cccc(OCc3cccc(-c4ccc5c(c4)OCCO5)c3)c2)cc1,1,-7.158864974975586
CC(=O)NCCNC(=O)C1CCCN1Cc1ccc(OCc2cccc(-c3ccccc3)c2C)c([N+](=O)[O-])c1,7.25,c1ccc(-c2cccc(COc3ccc(CN4CCCC4)cc3)c2)cc1,1,-5.983314037322998
CC(=O)NCCNCc1cc(Br)c(OCc2cccc(-c3ccc4c(c3)OCCO4)c2C#N)cc1OCc1cccc(C#N)c1,8.15,c1ccc(COc2cccc(OCc3cccc(-c4ccc5c(c4)OCCO5)c3)c2)cc1,1,-7.387272357940674
CC(=O)NCCNCc1cc(C(=O)Nc2cccc(-c3ccc4c(c3)OCCO4)c2C#N)c2nncn2c1,6.43,O=C(Nc1cccc(-c2ccc3c(c2)OCCO3)c1)c1cccn2cnnc12,1,-4.359755039215088
CC(=O)NCCNCc1cc(C(=O)Nc2cccc(-c3ccc4c(c3)OCCO4)c2C)c2nncn2c1,6.25,O=C(Nc1cccc(-c2ccc3c(c2)OCCO3)c1)c1cccn2cnnc12,1,-4.331240177154541
CC(=O)NCCNCc1cc(C(=O)Nc2cccc(-c3ccccc3)c2C)c2nncn2c1,5.83,O=C(Nc1cccc(-c2ccccc2)c1)c1cccn2cnnc12,1,-4.175875186920166
CC(=O)NCCNCc1cc(C)c(OCc2cccc(-c3ccccc3)c2C)cc1OCc1cncc(C#N)c1,8.6,c1ccc(-c2cccc(COc3cccc(OCc4cccnc4)c3)c2)cc1,1,-6.9337849617004395
CC(=O)NCCNCc1cc(Cl)c(OCc2cccc(-c3ccc4c(c3)OCCO4)c2C)cc1OCc1cccc(C#N)c1,7.96,c1ccc(COc2cccc(OCc3cccc(-c4ccc5c(c4)OCCO5)c3)c2)cc1,1,-7.300068378448486
CC(=O)NCCNCc1cc(Cl)c(OCc2cccc(-c3ccc4c(c3)OCCO4)c2C)cc1OCc1ccnc(C#N)c1,8.04,c1cc(OCc2ccncc2)cc(OCc2cccc(-c3ccc4c(c3)OCCO4)c2)c1,1,-6.817132472991943
CC(=O)NCCNCc1cc(Cl)c(OCc2cccc(-c3ccc4c(c3)OCCO4)c2C)cc1OCc1cocn1,7.3,c1cc(OCc2cccc(-c3ccc4c(c3)OCCO4)c2)cc(OCc2cocn2)c1,1,-6.652401447296143
CC(=O)NCCNCc1cc(Cl)c(OCc2cccc(-c3ccccc3)c2Br)cc1OCC1CC1,6.0,c1ccc(-c2cccc(COc3cccc(OCC4CC4)c3)c2)cc1,1,-7.459295749664307
CC(=O)NCCNCc1cc(Cl)c(OCc2cccc(-c3ccccc3)c2Br)cc1OCc1ccc2nonc2c1,6.89,c1ccc(-c2cccc(COc3cccc(OCc4ccc5nonc5c4)c3)c2)cc1,1,-7.248516082763672
CC(=O)NCCNCc1cc(Cl)c(OCc2cccc(-c3ccccc3)c2Br)cc1OCc1cccc(C#N)c1,7.21,c1ccc(COc2cccc(OCc3cccc(-c4ccccc4)c3)c2)cc1,1,-7.76203727722168
CC(=O)NCCNCc1cc(Cl)c(OCc2cccc(-c3ccccc3)c2Br)cc1OCc1cccnc1,6.26,c1ccc(-c2cccc(COc3cccc(OCc4cccnc4)c3)c2)cc1,1,-7.299902439117432
CC(=O)NCCNCc1cc(Cl)c(Oc2ncnc3c(-c4ccc5c(c4)OCCO5)cccc23)cc1OCc1cncc(C#N)c1,7.02,c1cncc(COc2cccc(Oc3ncnc4c(-c5ccc6c(c5)OCCO6)cccc34)c2)c1,1,-6.725401878356934
CC(=O)NCCNCc1cc(Cl)c(Oc2ncnc3c(-c4ccccc4)cccc23)cc1OCc1cncc(C#N)c1,6.73,c1ccc(-c2cccc3c(Oc4cccc(OCc5cccnc5)c4)ncnc23)cc1,1,-7.024742603302002
CC(=O)NCCNCc1cc([N+](=O)[O-])c(OCc2cccc(-c3ccccc3)c2C)cc1OCc1cccc(C#N)c1,8.09,c1ccc(COc2cccc(OCc3cccc(-c4ccccc4)c3)c2)cc1,1,-7.35236120223999
CC(=O)NCCNCc1ccc(-c2cccc(-c3ccccc3)c2C)nc1,7.28,c1ccc(-c2cccc(-c3ccccn3)c2)cc1,1,-3.2285070419311523
CC(=O)NCCNCc1ccc(C(=O)N2CCc3c(-c4ccccc4)cccc32)cc1,6.21,O=C(c1ccccc1)N1CCc2c(-c3ccccc3)cccc21,1,-3.958419799804687
CC(=O)NCCNCc1ccc(C(=O)N2CCc3c(-c4ccccc4)cccc32)cc1C,6.34,O=C(c1ccccc1)N1CCc2c(-c3ccccc3)cccc21,1,-3.8635411262512207
CC(=O)NCCNCc1ccc(C(=O)N2CCc3c(-c4ccccc4)cccc32)cc1Cl,6.23,O=C(c1ccccc1)N1CCc2c(-c3ccccc3)cccc21,1,-4.6318769454956055
CC(=O)NCCNCc1ccc(C(=O)N2CCc3c(-c4ccccc4)cccc32)cc1O,6.22,O=C(c1ccccc1)N1CCc2c(-c3ccccc3)cccc21,1,-4.4398016929626465
CC(=O)NCCNCc1ccc(C(=O)N2CCc3c(-c4ccccc4)cccc32)cc1OCc1cccc(C#N)c1,5.97,O=C(c1cccc(OCc2ccccc2)c1)N1CCc2c(-c3ccccc3)cccc21,1,-6.743842124938965
CC(=O)NCCNCc1ccc(C(=O)N2CCc3c(-c4ccccc4)cccc32)cc1OCc1ccnc(C#N)c1,6.51,O=C(c1cccc(OCc2ccncc2)c1)N1CCc2c(-c3ccccc3)cccc21,1,-5.778478622436523
CC(=O)NCCNCc1ccc(C(=O)N2CCc3c(-c4ccccc4)cccc32)cc1OCc1cncc(C#N)c1,6.81,O=C(c1cccc(OCc2cccnc2)c1)N1CCc2c(-c3ccccc3)cccc21,1,-5.772974967956543
CC(=O)NCCNCc1ccc(C(=O)N2CCc3c(-c4ccccc4)cccc32)s1,6.76,O=C(c1cccs1)N1CCc2c(-c3ccccc3)cccc21,1,-3.5887465476989746
CC(=O)NCCNCc1ccc(NC(=O)c2cccc(-c3ccc4c(c3)OCCO4)c2Cl)nc1,6.55,O=C(Nc1ccccn1)c1cccc(-c2ccc3c(c2)OCCO3)c1,1,-4.747211456298828
CC(=O)NCCNCc1ccc(NC(=O)c2cccc(-c3ccccc3)c2Cl)nc1,6.3,O=C(Nc1ccccn1)c1cccc(-c2ccccc2)c1,1,-4.485196113586426
CC(=O)NCCNCc1ccc(NC(=O)c2cccc(-c3ccccc3)c2Cl)nc1F,6.24,O=C(Nc1ccccn1)c1cccc(-c2ccccc2)c1,1,-4.731292724609375
CC(=O)NCCNCc1ccc(NCc2cccc(-c3ccccc3)c2C)cc1OCc1cccc(C#N)c1,5.31,c1ccc(COc2cccc(NCc3cccc(-c4ccccc4)c3)c2)cc1,1,-6.558579921722412
CC(=O)NCCNCc1ccc(O)c(C(=O)C=Cc2cccc(-c3ccccc3)c2C)c1,5.28,O=C(C=Cc1cccc(-c2ccccc2)c1)c1ccccc1,1,-4.972968101501465
CC(=O)NCCNCc1ccc(OC(=O)c2cccc(-c3ccccc3)c2C)cc1OCc1cccc(C#N)c1,6.3,O=C(Oc1cccc(OCc2ccccc2)c1)c1cccc(-c2ccccc2)c1,1,-7.182457447052002
CC(=O)NCCNCc1ccc(OCc2ccc(COc3ccc(CNCCNC(C)=O)c(OCc4cncc(C#N)c4)c3)c3ccccc23)cc1OCc1cncc(C#N)c1,6.33,c1cncc(COc2cccc(OCc3ccc(COc4cccc(OCc5cccnc5)c4)c4ccccc34)c2)c1,1,-7.152773857116699
CC(=O)NCCNCc1ccc(OCc2ccc(COc3ccc(CNCCNC(C)=O)c(OCc4cncc(C#N)c4)c3)cc2)cc1OCc1cncc(C#N)c1,5.08,c1cncc(COc2cccc(OCc3ccc(COc4cccc(OCc5cccnc5)c4)cc3)c2)c1,1,-6.637641906738281
CC(=O)NCCNCc1ccc(OCc2ccc3cc(COc4ccc(CNCCNC(C)=O)c(OCc5cncc(C#N)c5)c4)ccc3c2)cc1OCc1cncc(C#N)c1,5.93,c1cncc(COc2cccc(OCc3ccc4cc(COc5cccc(OCc6cccnc6)c5)ccc4c3)c2)c1,1,-7.04917573928833
CC(=O)NCCNCc1ccc(OCc2cccc(-c3cc(F)ccc3F)c2CF)cc1OCc1cncc(C#N)c1,7.0,c1ccc(-c2cccc(COc3cccc(OCc4cccnc4)c3)c2)cc1,1,-6.933953285217285
CC(=O)NCCNCc1ccc(OCc2cccc(-c3ccc4c(c3)OCCO4)c2Br)cc1OCc1cccc(C#N)c1,6.57,c1ccc(COc2cccc(OCc3cccc(-c4ccc5c(c4)OCCO5)c3)c2)cc1,1,-7.417456150054932
CC(=O)NCCNCc1ccc(OCc2cccc(-c3ccc4c(c3)OCCO4)c2C(F)F)cc1OCc1cncc(C#N)c1,7.76,c1cncc(COc2cccc(OCc3cccc(-c4ccc5c(c4)OCCO5)c3)c2)c1,1,-6.936156272888184
CC(=O)NCCNCc1ccc(OCc2cccc(-c3ccc4c(c3)OCCO4)c2CF)cc1OCc1cncc(C#N)c1,7.6,c1cncc(COc2cccc(OCc3cccc(-c4ccc5c(c4)OCCO5)c3)c2)c1,1,-6.408456802368164
CC(=O)NCCNCc1ccc(OCc2cccc(-c3ccccc3)c2Br)cc1OCc1cccc(C#N)c1,6.36,c1ccc(COc2cccc(OCc3cccc(-c4ccccc4)c3)c2)cc1,1,-7.603320598602295
CC(=O)NCCNCc1ccc(OCc2cccc(-c3ccccc3)c2C)c([N+](=O)[O-])c1,7.88,c1ccc(OCc2cccc(-c3ccccc3)c2)cc1,1,-5.6153435707092285
CC(=O)NCCNCc1ccc(OCc2cccc(-c3ccccc3)c2C)nc1,6.96,c1ccc(-c2cccc(COc3ccccn3)c2)cc1,1,-3.835844039916992
CC(=O)NCCNCc1ccc(OCc2cccc(-c3ccccc3F)c2C(F)F)cc1OCc1cncc(C#N)c1,7.0,c1ccc(-c2cccc(COc3cccc(OCc4cccnc4)c3)c2)cc1,1,-7.4541239738464355
CC(=O)NCCNCc1ccc(OCc2cccc(-c3ccccc3F)c2C)cc1OCc1cncc(C#N)c1,4.61,c1ccc(-c2cccc(COc3cccc(OCc4cccnc4)c3)c2)cc1,1,-7.35133171081543
CC(=O)NCCNCc1ccc(OCc2cccc(-c3ccccc3F)c2CF)cc1OCc1cccc(C#N)c1,7.0,c1ccc(COc2cccc(OCc3cccc(-c4ccccc4)c3)c2)cc1,1,-7.491617202758789
CC(=O)NCCNCc1ccc(OCc2cccc(-c3ccccc3F)c2CF)cc1OCc1cncc(C#N)c1,7.5,c1ccc(-c2cccc(COc3cccc(OCc4cccnc4)c3)c2)cc1,1,-6.9870452880859375
CC(=O)NCCNCc1ccc2c(N3CCc4c(-c5ccccc5)cccc43)ncnc2c1,6.9,c1ccc(-c2cccc3c2CCN3c2ncnc3ccccc23)cc1,1,-3.998706102371216
CC(=O)NCCNCc1ccc2c(Nc3cccc(-c4ccc5c(c4)OCCO5)c3Cl)noc2c1,6.08,c1cc(Nc2noc3ccccc23)cc(-c2ccc3c(c2)OCCO3)c1,1,-6.324979782104492
CC(=O)NCCNCc1ccc2c(Nc3cccc(-c4ccccc4)c3Cl)noc2c1,5.69,c1ccc(-c2cccc(Nc3noc4ccccc34)c2)cc1,1,-6.140619277954102
CC(=O)NCCNCc1ccc2c(c1)C(=O)N(Cc1cccc(-c3ccccc3)c1C)C2=O,5.27,O=C1c2ccccc2C(=O)N1Cc1cccc(-c2ccccc2)c1,1,-5.041517734527588
CC(=O)NCCNCc1ccc2c(c1)C(=O)N(c1cccc(-c3ccccc3)c1C)C2=O,6.23,O=C1c2ccccc2C(=O)N1c1cccc(-c2ccccc2)c1,1,-4.95402717590332
CC(=O)NCCNCc1ccc2oc(-c3cccc(-c4ccccc4)c3C)cc(=O)c2c1,5.85,O=c1cc(-c2cccc(-c3ccccc3)c2)oc2ccccc12,1,-5.29536771774292
CC(=O)NCCNCc1ccc2onc(Nc3cccc(-c4ccc5c(c4)OCCO5)c3Cl)c2c1,6.36,c1cc(Nc2noc3ccccc23)cc(-c2ccc3c(c2)OCCO3)c1,1,-6.302947521209717
CC(=O)NCCNCc1ccc2onc(Nc3cccc(-c4ccccc4)c3Cl)c2c1,6.71,c1ccc(-c2cccc(Nc3noc4ccccc34)c2)cc1,1,-6.108697891235352
CC(=O)NCCNCc1cccc(C(=O)N2CCc3c(-c4ccccc4)cccc32)c1,6.13,O=C(c1ccccc1)N1CCc2c(-c3ccccc3)cccc21,1,-3.9125454425811768
CC(=O)NCCNCc1cccc(Nc2nnc(-c3cccc(-c4ccccc4)c3C)o2)c1,4.47,c1ccc(Nc2nnc(-c3cccc(-c4ccccc4)c3)o2)cc1,1,-4.915829181671143
CC(=O)NCCNCc1ccnc(NC(=O)c2cccc(-c3ccccc3)c2Cl)c1,6.05,O=C(Nc1ccccn1)c1cccc(-c2ccccc2)c1,1,-4.479677200317383
CC(=O)NCCNCc1cnc(C(=O)N2CCc3c(-c4ccc5c(c4)OCCO5)cccc32)s1,7.73,O=C(c1nccs1)N1CCc2c(-c3ccc4c(c3)OCCO4)cccc21,1,-3.956064224243164
CC(=O)NCCNCc1cnc(C(=O)N2CCc3c(-c4ccccc4)cccc32)s1,7.27,O=C(c1nccs1)N1CCc2c(-c3ccccc3)cccc21,1,-3.659761428833008
CC(=O)NCCNCc1cnc2c(N3CCc4c(-c5ccc6c(c5)OCCO6)cccc43)ncnc2c1,7.86,c1cc(-c2ccc3c(c2)OCCO3)c2c(c1)N(c1ncnc3cccnc13)CC2,1,-3.953403949737549
CC(=O)NCCNCc1cnc2c(N3CCc4c(-c5ccccc5)cccc43)nccc2c1,7.07,c1ccc(-c2cccc3c2CCN3c2nccc3cccnc23)cc1,1,-3.9993808269500737
CC(=O)NCCNCc1cnc2c(N3CCc4c(-c5ccccc5)cccc43)ncnc2c1,8.41,c1ccc(-c2cccc3c2CCN3c2ncnc3cccnc23)cc1,1,-3.8039088249206543
CC(=O)NCCNCc1ncc(C(=O)N2CCc3c(-c4ccccc4)cccc32)s1,6.18,O=C(c1cncs1)N1CCc2c(-c3ccccc3)cccc21,1,-4.053100109100342
CC(=O)NCCNc1nc(Cl)nc(OCc2cccc(-c3ccccc3)c2C)n1,6.5,c1ccc(-c2cccc(COc3ncncn3)c2)cc1,1,-4.830677032470703
CC(=O)NCCNc1ncnc(OCc2cccc(-c3ccccc3)c2C)n1,6.94,c1ccc(-c2cccc(COc3ncncn3)c2)cc1,1,-4.367051601409912
CC(=O)OCOC(=O)C1CCCCN1Cc1cc(Cl)c(OC(F)(F)c2cccc(-c3ccc4c(c3)OCCO4)c2C)cc1OCc1ccnc(C#N)c1,7.54,c1cc(COc2ccc(CN3CCCCC3)c(OCc3ccncc3)c2)cc(-c2ccc3c(c2)OCCO3)c1,1,-6.602056503295898
CC(=O)c1ccc(C(=O)N2CCC(NC(=O)c3nc(-n4cncn4)c4ccccc4n3)CC2)cc1,7.77,O=C(NC1CCN(C(=O)c2ccccc2)CC1)c1nc(-n2cncn2)c2ccccc2n1,1,-3.4898264408111572
CC(=O)c1ccc(NC(=O)c2nc(-n3ccnc3)c3ccccc3n2)cc1,7.08,O=C(Nc1ccccc1)c1nc(-n2ccnc2)c2ccccc2n1,1,-4.026083946228027
CC(C(=O)O)N1CCc2nc(OCc3cccc(-c4ccccc4F)c3Cl)ccc2C1,7.5,c1ccc(-c2cccc(COc3ccc4c(n3)CCNC4)c2)cc1,1,-5.159393787384033
CC(C)(C)OCC(NCc1cc(Cl)c(OCc2cccc(-c3ccccc3)c2Cl)cc1OCc1ccc2nonc2c1)C(=O)NC(CO)C(=O)O,6.41,c1ccc(-c2cccc(COc3cccc(OCc4ccc5nonc5c4)c3)c2)cc1,1,-6.428605556488037
CC(C)(CO)NCc1ccc(C(=O)N2CCc3c(-c4ccccc4)cccc32)cc1OCc1ccnc(C#N)c1,6.64,O=C(c1cccc(OCc2ccncc2)c1)N1CCc2c(-c3ccccc3)cccc21,1,-6.649351119995117
CC(C)(CO)NCc1ccc(C(=O)N2CCc3c(-c4ccccc4)cccc32)cc1OCc1cncc(C#N)c1,6.94,O=C(c1cccc(OCc2cccnc2)c1)N1CCc2c(-c3ccccc3)cccc21,1,-6.57728910446167
CC(C)(CO)NCc1cnc2c(N3CCc4c(-c5ccc6c(c5)OCCO6)cccc43)ncnc2c1,7.85,c1cc(-c2ccc3c(c2)OCCO3)c2c(c1)N(c1ncnc3cccnc13)CC2,1,-4.230262756347656
CC(C)(CO)NCc1cnc2c(N3CCc4c(-c5ccccc5)cccc43)nccc2c1,7.35,c1ccc(-c2cccc3c2CCN3c2nccc3cccnc23)cc1,1,-5.340856552124023
CC(C)(CO)NCc1cnc2c(N3CCc4c(-c5ccccc5)cccc43)ncnc2c1,8.2,c1ccc(-c2cccc3c2CCN3c2ncnc3cccnc23)cc1,1,-4.392223358154297
CC(C)(NCc1cc(Cl)c(Oc2ncnc3c(-c4ccc5c(c4)OCCO5)cccc23)cc1OCc1cccc(C#N)c1)C(=O)O,7.05,c1ccc(COc2cccc(Oc3ncnc4c(-c5ccc6c(c5)OCCO6)cccc34)c2)cc1,1,-7.392644882202148
CC(C)(NCc1cc(Cl)c(Oc2ncnc3c(-c4ccccc4)cccc23)cc1OCc1cccc(C#N)c1)C(=O)O,6.82,c1ccc(COc2cccc(Oc3ncnc4c(-c5ccccc5)cccc34)c2)cc1,1,-7.487865924835205
CC(C)=CCOc1cc(OCc2cccc(-c3ccccc3)c2Br)c(Cl)cc1CNC(CO)C(=O)O,7.74,c1ccc(OCc2cccc(-c3ccccc3)c2)cc1,1,-6.852551460266113
CC(C)C(NCc1cc(Cl)c(OCc2cccc(-c3ccccc3)c2Br)cc1OCc1cccnc1)C(=O)O,6.7,c1ccc(-c2cccc(COc3cccc(OCc4cccnc4)c3)c2)cc1,1,-7.173203945159912
CC(C)C(NCc1ccc2c(Nc3cccc(-c4ccc5c(c4)OCCO5)c3Cl)nsc2c1)C(=O)O,7.13,c1cc(Nc2nsc3ccccc23)cc(-c2ccc3c(c2)OCCO3)c1,1,-6.79744815826416
CC(C)CC(NC(=O)C(CC(C)C)NCc1cc(Cl)c(OCc2cccc(-c3ccccc3)c2Cl)cc1OCc1ccc2nonc2c1)C(=O)O,5.8,c1ccc(-c2cccc(COc3cccc(OCc4ccc5nonc5c4)c3)c2)cc1,1,-6.764803886413574
CC(C)CC(NC(=O)C(CC(N)=O)NC(=O)C(Cc1c[nH]c2ccccc12)NC(=O)C(NC(=O)C(Cc1ccc(O)cc1)NC(=O)C(Cc1ccc(O)cc1)NC(=O)C(CO)NC(=O)C(CCCNC(=N)N)NC(=O)C(Cc1c[nH]cn1)NC(=O)C(N)Cc1c[nH]c2ccccc12)C(C)O)C(=O)NC(CC(N)=O)C(=O)NC(C(=O)O)C(C)O,5.87,O=C(CNC(=O)C(Cc1c[nH]cn1)NC(=O)CCc1c[nH]c2ccccc12)NCC(=O)NC(Cc1ccccc1)C(=O)NC(Cc1ccccc1)C(=O)NCC(=O)NCCc1c[nH]c2ccccc12,1,-2.475623846054077
CC(C)CC(NCc1cc(Cl)c(OCc2cccc(-c3ccccc3)c2Br)cc1OCc1cccnc1)C(=O)O,7.21,c1ccc(-c2cccc(COc3cccc(OCc4cccnc4)c3)c2)cc1,1,-6.959331512451172
CC(C)OC(=O)C(CO)NCc1cc(Cl)c(OCc2cccc(-c3ccc4c(c3)OCCO4)c2Br)cc1OCc1cccnc1,8.0,c1cncc(COc2cccc(OCc3cccc(-c4ccc5c(c4)OCCO5)c3)c2)c1,1,-6.987204551696777
CC(C)OC(=O)C(CO)NCc1cc(Cl)c(OCc2cccc(-c3ccccc3)c2Br)cc1OCc1cccnc1,7.34,c1ccc(-c2cccc(COc3cccc(OCc4cccnc4)c3)c2)cc1,1,-7.257273197174072
CC(C)OC(=O)CN1CCc2nc(OCc3cccc(-c4ccccc4F)c3Cl)ccc2C1,6.36,c1ccc(-c2cccc(COc3ccc4c(n3)CCNC4)c2)cc1,1,-6.153201580047607
CC(C)OC(=O)N1CCC(c2cc(N3CCOCC3C)nc(-c3ccnc4[nH]ccc34)n2)CC1,7.82,c1cc(-c2nc(C3CCNCC3)cc(N3CCOCC3)n2)c2cc[nH]c2n1,1,-3.491215467453003
CC(C)OC(=O)N1CCS(=O)(=Nc2cc(N3CCOCC3C)nc(-c3ccnc4[nH]ccc34)n2)CC1,8.4,O=S1(=Nc2cc(N3CCOCC3)nc(-c3ccnc4[nH]ccc34)n2)CCNCC1,1,-3.749434471130371
CC(C)OC(=O)c1ccc(-c2ccccc2)cc1,7.35,c1ccc(-c2ccccc2)cc1,1,-5.054315567016602
CC(C)c1ccc(C(=O)N2CCC(NC(=O)c3nc(-n4ccnc4)c4ccccc4n3)CC2)cc1,7.41,O=C(NC1CCN(C(=O)c2ccccc2)CC1)c1nc(-n2ccnc2)c2ccccc2n1,1,-3.943108081817627
CC(C)c1nc2ccccc2n1-c1nc(N=S(C)(C)=O)cc(N2CCOCC2C)n1,7.77,c1ccc2c(c1)ncn2-c1nccc(N2CCOCC2)n1,1,-3.9640066623687744
CC(CO)(CO)NCc1cc(Cl)c(Oc2ncnc3c(-c4ccc5c(c4)OCCO5)cccc23)cc1OCc1cccc(C#N)c1,7.73,c1ccc(COc2cccc(Oc3ncnc4c(-c5ccc6c(c5)OCCO6)cccc34)c2)cc1,1,-7.100032329559326
CC(CO)(CO)NCc1cc(Cl)c(Oc2ncnc3c(-c4ccc5c(c4)OCCO5)cccc23)cc1OCc1cncc(C#N)c1,8.8,c1cncc(COc2cccc(Oc3ncnc4c(-c5ccc6c(c5)OCCO6)cccc34)c2)c1,1,-6.3940534591674805
CC(CO)(CO)NCc1cc(Cl)c(Oc2ncnc3c(-c4ccccc4)cccc23)cc1OCc1cccc(C#N)c1,7.64,c1ccc(COc2cccc(Oc3ncnc4c(-c5ccccc5)cccc34)c2)cc1,1,-7.186458587646484
CC(CO)(CO)NCc1cc(Cl)c(Oc2ncnc3c(-c4ccccc4)cccc23)cc1OCc1cncc(C#N)c1,7.49,c1ccc(-c2cccc3c(Oc4cccc(OCc5cccnc5)c4)ncnc23)cc1,1,-6.787539005279541
CC(CO)(NCc1ccc(C(F)(F)F)c(C=Cc2cccc(-c3ccccc3)c2F)c1)C(=O)O,6.75,C(=Cc1cccc(-c2ccccc2)c1)c1ccccc1,1,-6.301321029663086
CC(NCc1cc(Cl)c(OCc2cccc(-c3ccccc3)c2Br)cc1OCc1cccc(C#N)c1)C(=O)O,8.5,c1ccc(COc2cccc(OCc3cccc(-c4ccccc4)c3)c2)cc1,1,-7.750986576080322
CC(NCc1cc(Cl)c(OCc2cccc(-c3ccccc3)c2Br)cc1OCc1cccnc1)C(=O)O,8.28,c1ccc(-c2cccc(COc3cccc(OCc4cccnc4)c3)c2)cc1,1,-7.099257946014404
CC(NCc1ccc(OCc2cccc(-c3ccccc3)c2Br)cc1OCc1cccc(C#N)c1)C(=O)O,6.75,c1ccc(COc2cccc(OCc3cccc(-c4ccccc4)c3)c2)cc1,1,-7.705193519592285
CC(NCc1ccc2c(Nc3cccc(-c4ccc5c(c4)OCCO5)c3Cl)nsc2c1)C(=O)O,7.36,c1cc(Nc2nsc3ccccc23)cc(-c2ccc3c(c2)OCCO3)c1,1,-6.443205833435059
CC(O)C(NC(=O)NC(CC(N)=O)C1NC(C(N)CO)=NO1)C(=O)O,7.77,C1=NOCN1,1,-0.8017662167549133
CC(O)C(NCc1cc(Cl)c(OCc2cccc(-c3ccccc3)c2Br)cc1OCC1CC1)C(=O)O,7.99,c1ccc(-c2cccc(COc3cccc(OCC4CC4)c3)c2)cc1,1,-7.326340675354004
CC(O)C(NCc1ccc(OCc2cccc(-c3ccc4c(c3)OCCO4)c2Br)cc1OCc1cccc(C#N)c1)C(=O)O,7.74,c1ccc(COc2cccc(OCc3cccc(-c4ccc5c(c4)OCCO5)c3)c2)cc1,1,-6.878641605377197
CC(O)C(NCc1ccc(OCc2cccc(-c3ccccc3)c2Br)c([N+](=O)[O-])c1)C(=O)O,6.45,c1ccc(OCc2cccc(-c3ccccc3)c2)cc1,1,-5.6667866706848145
CC(O)C(NCc1ccc(OCc2cccc(-c3ccccc3)c2Br)cc1OCc1cccc(C#N)c1)C(=O)O,6.87,c1ccc(COc2cccc(OCc3cccc(-c4ccccc4)c3)c2)cc1,1,-7.469627380371094
CC(c1ccc(O)cc1)c1ccc(O)cc1,7.77,c1ccc(Cc2ccccc2)cc1,1,-3.207688808441162
CC1(O)CCN(Cc2ccc3c(Nc4cccc(-c5ccc6c(c5)OCCO6)c4Cl)nsc3c2)C1,7.01,c1cc(Nc2nsc3cc(CN4CCCC4)ccc23)cc(-c2ccc3c(c2)OCCO3)c1,1,-6.517303943634033
CC1(O)CCN(Cc2ccc3snc(Nc4cccc(-c5ccc6c(c5)OCCO6)c4Cl)c3c2)C1,6.75,c1cc(Nc2nsc3ccc(CN4CCCC4)cc23)cc(-c2ccc3c(c2)OCCO3)c1,1,-6.406743049621582
CC1=NC2C=C(c3cccc(C=Cc4cc(CNC(C)(CO)C(=O)O)ccc4C(F)(F)F)c3C)C=CC2O1,6.27,C1=CC2OC=NC2C=C1c1cccc(C=Cc2ccccc2)c1,1,-5.72243595123291
CC1=NN(c2ccccn2)C(=O)C1,7.04,O=C1CC=NN1c1ccccn1,1,-1.9396134614944456
CC1COCCN1c1cc(C2(C)CCCS2(=O)=O)nc(-c2ccnc3[nH]ccc23)n1,8.22,O=S1(=O)CCCC1c1cc(N2CCOCC2)nc(-c2ccnc3[nH]ccc23)n1,1,-3.432393789291382
CC1COCCN1c1cc(C2CCCCS2(=O)=O)nc(-c2ccnc3[nH]ccc23)n1,8.1,O=S1(=O)CCCCC1c1cc(N2CCOCC2)nc(-c2ccnc3[nH]ccc23)n1,1,-3.4384677410125732
CC1COCCN1c1cc(C2CCCN(C)C2=O)nc(-c2ccnc3[nH]ccc23)n1,7.33,O=C1NCCCC1c1cc(N2CCOCC2)nc(-c2ccnc3[nH]ccc23)n1,1,-3.3710882663726807
CC1COCCN1c1cc(C2CCCN(S(C)(=O)=O)C2)nc(-c2ccnc3[nH]ccc23)n1,8.15,c1cc(-c2nc(C3CCCNC3)cc(N3CCOCC3)n2)c2cc[nH]c2n1,1,-3.071489095687866
CC1COCCN1c1cc(C2CCCS2(=O)=O)nc(-c2cc(Cl)nc3[nH]ccc23)n1,7.51,O=S1(=O)CCCC1c1cc(N2CCOCC2)nc(-c2ccnc3[nH]ccc23)n1,1,-3.615884780883789
CC1COCCN1c1cc(C2CCCS2(=O)=O)nc(-c2ccnc3[nH]ccc23)n1,7.8,O=S1(=O)CCCC1c1cc(N2CCOCC2)nc(-c2ccnc3[nH]ccc23)n1,1,-3.2325708866119385
CC1COCCN1c1cc(C2CCN(C(=O)C3CC3)CC2)nc(-c2ccnc3[nH]ccc23)n1,7.66,O=C(C1CC1)N1CCC(c2cc(N3CCOCC3)nc(-c3ccnc4[nH]ccc34)n2)CC1,1,-3.378424882888794
CC1COCCN1c1cc(C2CCN(C(=O)CC3CC3)CC2)nc(-c2ccnc3[nH]ccc23)n1,7.8,O=C(CC1CC1)N1CCC(c2cc(N3CCOCC3)nc(-c3ccnc4[nH]ccc34)n2)CC1,1,-3.4296743869781494
CC1COCCN1c1cc(C2CCN(C(=O)OCC3CC3)CC2)nc(-c2ccnc3[nH]ccc23)n1,7.77,O=C(OCC1CC1)N1CCC(c2cc(N3CCOCC3)nc(-c3ccnc4[nH]ccc34)n2)CC1,1,-3.628769874572754
CC1COCCN1c1cc(C2CCN(C)C2=O)nc(-c2ccnc3[nH]ccc23)n1,7.32,O=C1NCCC1c1cc(N2CCOCC2)nc(-c2ccnc3[nH]ccc23)n1,1,-3.061476469039917
CC1COCCN1c1cc(C2CCN(S(=O)(=O)C3CC3)CC2)nc(-c2ccnc3[nH]ccc23)n1,8.3,O=S(=O)(C1CC1)N1CCC(c2cc(N3CCOCC3)nc(-c3ccnc4[nH]ccc34)n2)CC1,1,-3.388033866882324
CC1COCCN1c1cc(C2CCN(S(C)(=O)=O)C2)nc(-c2ccnc3[nH]ccc23)n1,8.1,c1cc(-c2nc(C3CCNC3)cc(N3CCOCC3)n2)c2cc[nH]c2n1,1,-3.046396017074585
CC1COCCN1c1cc(C2CCN(S(C)(=O)=O)CC2)nc(-c2ccnc3[nH]ccc23)n1,8.4,c1cc(-c2nc(C3CCNCC3)cc(N3CCOCC3)n2)c2cc[nH]c2n1,1,-3.135995864868164
CC1COCCN1c1cc(C2CCOCC2)nc(-c2ccnc3[nH]ccc23)n1,7.77,c1cc(-c2nc(C3CCOCC3)cc(N3CCOCC3)n2)c2cc[nH]c2n1,1,-3.460675001144409
CC1COCCN1c1cc(N2CCCN(C(C)C)S2(=O)=O)nc(-c2ccnc3[nH]ccc23)n1,8.15,O=S1(=O)NCCCN1c1cc(N2CCOCC2)nc(-c2ccnc3[nH]ccc23)n1,1,-3.4536092281341553
CC1COCCN1c1cc(N2CCCN(C)S2(=O)=O)nc(-c2cc(Cl)nc3[nH]ccc23)n1,7.28,O=S1(=O)NCCCN1c1cc(N2CCOCC2)nc(-c2ccnc3[nH]ccc23)n1,1,-3.38330340385437
CC1COCCN1c1cc(N2CCCN(C)S2(=O)=O)nc(-c2ccnc3[nH]ccc23)n1,8.3,O=S1(=O)NCCCN1c1cc(N2CCOCC2)nc(-c2ccnc3[nH]ccc23)n1,1,-3.1833107471466064
CC1COCCN1c1cc(N=S(C)(=O)C2CC2)nc(-c2cc(N)nc(Cl)c2)n1,7.51,O=[SH](=Nc1cc(N2CCOCC2)nc(-c2ccncc2)n1)C1CC1,1,-3.823969841003418
CC1COCCN1c1cc(N=S(C)(=O)C2CC2)nc(-c2ccc(N)nc2)n1,6.94,O=[SH](=Nc1cc(N2CCOCC2)nc(-c2cccnc2)n1)C1CC1,1,-2.9506070613861084
CC1COCCN1c1cc(N=S(C)(=O)C2CC2)nc(-c2ccnc(N)c2)n1,7.32,O=[SH](=Nc1cc(N2CCOCC2)nc(-c2ccncc2)n1)C1CC1,1,-2.9130825996398926
CC1COCCN1c1cc(N=S(C)(=O)C2CC2)nc(-c2ccnc3[nH]ccc23)c1,8.4,O=[SH](=Nc1cc(N2CCOCC2)cc(-c2ccnc3[nH]ccc23)n1)C1CC1,1,-3.6430912017822266
CC1COCCN1c1cc(N=S(C)(=O)C2CC2)nc(-c2ccnc3[nH]ccc23)n1,9.0,O=[SH](=Nc1cc(N2CCOCC2)nc(-c2ccnc3[nH]ccc23)n1)C1CC1,1,-3.691743850708008
CC1COCCN1c1cc(N=S(C)(=O)C2CC2)nc(-c2cncc3[nH]ccc23)c1,8.22,O=[SH](=Nc1cc(N2CCOCC2)cc(-c2cncc3[nH]ccc23)n1)C1CC1,1,-3.6205921173095703
CC1COCCN1c1cc(N=S(C)(=O)C2CC2)nc(-c2cncc3[nH]ccc23)n1,8.8,O=[SH](=Nc1cc(N2CCOCC2)nc(-c2cncc3[nH]ccc23)n1)C1CC1,1,-3.6709580421447754
CC1COCCN1c1cc(N=S(C)(=O)C2CC2)nc(-n2cnc3ccccc32)n1,9.52,O=[SH](=Nc1cc(N2CCOCC2)nc(-n2cnc3ccccc32)n1)C1CC1,1,-4.093259811401367
CC1COCCN1c1cc(N=S(C)(=O)C2CCC2)nc(-c2ccnc3[nH]ccc23)n1,8.4,O=[SH](=Nc1cc(N2CCOCC2)nc(-c2ccnc3[nH]ccc23)n1)C1CCC1,1,-3.6938316822052
CC1COCCN1c1cc(N=S(C)(=O)C2COC2)nc(-c2cc(N)nc(Cl)c2)n1,6.98,O=[SH](=Nc1cc(N2CCOCC2)nc(-c2ccncc2)n1)C1COC1,1,-3.3522050380706787
CC1COCCN1c1cc(N=S(C)(=O)C2COC2)nc(-c2ccnc(N)c2)n1,6.82,O=[SH](=Nc1cc(N2CCOCC2)nc(-c2ccncc2)n1)C1COC1,1,-2.722163438796997
CC1COCCN1c1cc(N=S(C)(=O)C2COC2)nc(-c2ccnc3[nH]ccc23)c1,7.92,O=[SH](=Nc1cc(N2CCOCC2)cc(-c2ccnc3[nH]ccc23)n1)C1COC1,1,-3.687025547027588
CC1COCCN1c1cc(N=S(C)(=O)C2COC2)nc(-c2ccnc3[nH]ccc23)n1,8.4,O=[SH](=Nc1cc(N2CCOCC2)nc(-c2ccnc3[nH]ccc23)n1)C1COC1,1,-3.51168155670166
CC1COCCN1c1cc(N=S(C)(=O)C2COC2)nc(-c2cncc3[nH]ccc23)c1,7.62,O=[SH](=Nc1cc(N2CCOCC2)cc(-c2cncc3[nH]ccc23)n1)C1COC1,1,-3.685150146484375
CC1COCCN1c1cc(N=S(C)(=O)C2COC2)nc(-c2cncc3[nH]ccc23)n1,8.52,O=[SH](=Nc1cc(N2CCOCC2)nc(-c2cncc3[nH]ccc23)n1)C1COC1,1,-3.5287516117095947
CC1COCCN1c1cc(N=S(C)(=O)C2COC2)nc(-n2cnc3ccccc32)n1,9.15,O=[SH](=Nc1cc(N2CCOCC2)nc(-n2cnc3ccccc32)n1)C1COC1,1,-3.782761812210083
CC1COCCN1c1cc(N=S(C)(=O)c2cccnc2)nc(-c2ccnc3[nH]ccc23)n1,7.77,O=[SH](=Nc1cc(N2CCOCC2)nc(-c2ccnc3[nH]ccc23)n1)c1cccnc1,1,-4.1217193603515625
CC1COCCN1c1cc(N=S(C)(=O)c2cnn(C)c2)nc(-c2ccnc3[nH]ccc23)n1,7.58,O=[SH](=Nc1cc(N2CCOCC2)nc(-c2ccnc3[nH]ccc23)n1)c1cn[nH]c1,1,-3.8539016246795654
CC1COCCN1c1cc(N=S(C)(=O)c2cnn(C)n2)nc(-c2ccnc3[nH]ccc23)n1,7.58,O=[SH](=Nc1cc(N2CCOCC2)nc(-c2ccnc3[nH]ccc23)n1)c1cn[nH]n1,1,-3.463163375854492
CC1COCCN1c1cc(N=S(C)(C)=O)nc(-c2c(F)cnc3[nH]ccc23)n1,7.58,c1cc(N2CCOCC2)nc(-c2ccnc3[nH]ccc23)n1,1,-3.921163558959961
CC1COCCN1c1cc(N=S(C)(C)=O)nc(-c2cc(C#N)nc3[nH]ccc23)n1,7.17,c1cc(N2CCOCC2)nc(-c2ccnc3[nH]ccc23)n1,1,-3.88201355934143
CC1COCCN1c1cc(N=S(C)(C)=O)nc(-c2cc(Cl)nc3[nH]ccc23)c1,7.52,c1cc(N2CCOCC2)cc(-c2ccnc3[nH]ccc23)n1,1,-3.871282815933227
CC1COCCN1c1cc(N=S(C)(C)=O)nc(-c2cc(Cl)nc3[nH]ccc23)n1,8.1,c1cc(N2CCOCC2)nc(-c2ccnc3[nH]ccc23)n1,1,-3.9701292514801025
CC1COCCN1c1cc(N=S(C)(C)=O)nc(-c2cc(F)cc3[nH]ccc23)c1,8.4,c1cc(-c2cc(N3CCOCC3)ccn2)c2cc[nH]c2c1,1,-3.866361618041992
CC1COCCN1c1cc(N=S(C)(C)=O)nc(-c2cc(F)cc3[nH]ccc23)n1,8.7,c1cc(-c2nccc(N3CCOCC3)n2)c2cc[nH]c2c1,1,-3.932947874069214
CC1COCCN1c1cc(N=S(C)(C)=O)nc(-c2cc(F)cc3[nH]ncc23)n1,7.57,c1cc(-c2nccc(N3CCOCC3)n2)c2cn[nH]c2c1,1,-3.728728771209717
CC1COCCN1c1cc(N=S(C)(C)=O)nc(-c2cc(N)nc(C#N)c2)n1,6.74,c1cc(-c2nccc(N3CCOCC3)n2)ccn1,1,-3.283001184463501
CC1COCCN1c1cc(N=S(C)(C)=O)nc(-c2cc(N)nc(C(N)=O)c2)n1,6.8,c1cc(-c2nccc(N3CCOCC3)n2)ccn1,1,-2.437788486480713
CC1COCCN1c1cc(N=S(C)(C)=O)nc(-c2cc(N)nc(C3CC3)c2)n1,7.85,c1cc(-c2nccc(N3CCOCC3)n2)cc(C2CC2)n1,1,-3.1653451919555664
CC1COCCN1c1cc(N=S(C)(C)=O)nc(-c2cc(N)nc(Cl)c2)n1,6.98,c1cc(-c2nccc(N3CCOCC3)n2)ccn1,1,-3.2970144748687744
CC1COCCN1c1cc(N=S(C)(C)=O)nc(-c2cc[nH]n2)n1,6.32,c1cc(N2CCOCC2)nc(-c2cc[nH]n2)n1,1,-2.594811201095581
CC1COCCN1c1cc(N=S(C)(C)=O)nc(-c2ccc(N)nc2)n1,6.87,c1cncc(-c2nccc(N3CCOCC3)n2)c1,1,-2.7665231227874756
CC1COCCN1c1cc(N=S(C)(C)=O)nc(-c2cccc(O)c2)n1,7.14,c1ccc(-c2nccc(N3CCOCC3)n2)cc1,1,-2.754819869995117
CC1COCCN1c1cc(N=S(C)(C)=O)nc(-c2cccc3[nH]ccc23)c1,7.92,c1cc(-c2cc(N3CCOCC3)ccn2)c2cc[nH]c2c1,1,-3.8077359199523926
CC1COCCN1c1cc(N=S(C)(C)=O)nc(-c2cccc3[nH]ccc23)n1,8.52,c1cc(-c2nccc(N3CCOCC3)n2)c2cc[nH]c2c1,1,-3.892016887664795
CC1COCCN1c1cc(N=S(C)(C)=O)nc(-c2cccc3[nH]cnc23)c1,8.1,c1cc(-c2cc(N3CCOCC3)ccn2)c2nc[nH]c2c1,1,-3.716358184814453
CC1COCCN1c1cc(N=S(C)(C)=O)nc(-c2cccc3[nH]cnc23)n1,7.77,c1cc(-c2nccc(N3CCOCC3)n2)c2nc[nH]c2c1,1,-3.7356247901916504
CC1COCCN1c1cc(N=S(C)(C)=O)nc(-c2cccc3[nH]ncc23)n1,7.51,c1cc(-c2nccc(N3CCOCC3)n2)c2cn[nH]c2c1,1,-3.6902623176574703
CC1COCCN1c1cc(N=S(C)(C)=O)nc(-c2cccc3nccn23)n1,6.61,c1cc(-c2nccc(N3CCOCC3)n2)n2ccnc2c1,1,-3.398127555847168
CC1COCCN1c1cc(N=S(C)(C)=O)nc(-c2cccnc2)n1,6.68,c1cncc(-c2nccc(N3CCOCC3)n2)c1,1,-2.649121046066284
CC1COCCN1c1cc(N=S(C)(C)=O)nc(-c2ccnc(N)c2)c1,6.43,c1cc(-c2cc(N3CCOCC3)ccn2)ccn1,1,-2.7459864616394043
CC1COCCN1c1cc(N=S(C)(C)=O)nc(-c2ccnc(N)c2)n1,6.68,c1cc(-c2nccc(N3CCOCC3)n2)ccn1,1,-2.6982502937316895
CC1COCCN1c1cc(N=S(C)(C)=O)nc(-c2ccnc(N)n2)n1,6.23,c1cc(-c2nccc(N3CCOCC3)n2)ncn1,1,-2.332425832748413
CC1COCCN1c1cc(N=S(C)(C)=O)nc(-c2ccnc(O)c2)n1,6.09,c1cc(-c2nccc(N3CCOCC3)n2)ccn1,1,-2.694119691848755
CC1COCCN1c1cc(N=S(C)(C)=O)nc(-c2ccnc3[nH]c(C#N)cc23)n1,7.06,c1cc(N2CCOCC2)nc(-c2ccnc3[nH]ccc23)n1,1,-4.0896992683410645
CC1COCCN1c1cc(N=S(C)(C)=O)nc(-c2ccnc3[nH]c(C(F)(F)F)nc23)n1,5.97,c1cc(N2CCOCC2)nc(-c2ccnc3[nH]cnc23)n1,1,-3.989277839660645
CC1COCCN1c1cc(N=S(C)(C)=O)nc(-c2ccnc3[nH]c(C4CC4)cc23)n1,6.39,c1cc(N2CCOCC2)nc(-c2ccnc3[nH]c(C4CC4)cc23)n1,1,-4.2598876953125
CC1COCCN1c1cc(N=S(C)(C)=O)nc(-c2ccnc3[nH]c(OCC(F)(F)F)cc23)n1,6.5,c1cc(N2CCOCC2)nc(-c2ccnc3[nH]ccc23)n1,1,-4.419924736022949
CC1COCCN1c1cc(N=S(C)(C)=O)nc(-c2ccnc3[nH]ccc23)c1,8.0,c1cc(N2CCOCC2)cc(-c2ccnc3[nH]ccc23)n1,1,-3.643455982208252
CC1COCCN1c1cc(N=S(C)(C)=O)nc(-c2ccnc3[nH]ccc23)n1,9.0,c1cc(N2CCOCC2)nc(-c2ccnc3[nH]ccc23)n1,1,-3.538353443145752
CC1COCCN1c1cc(N=S(C)(C)=O)nc(-c2ccnc3[nH]cnc23)c1,6.93,c1cc(N2CCOCC2)cc(-c2ccnc3[nH]cnc23)n1,1,-3.463648796081543
CC1COCCN1c1cc(N=S(C)(C)=O)nc(-c2ccnc3[nH]cnc23)n1,7.09,c1cc(N2CCOCC2)nc(-c2ccnc3[nH]cnc23)n1,1,-3.2807958126068115
CC1COCCN1c1cc(N=S(C)(C)=O)nc(-c2ccnc3[nH]ncc23)n1,7.11,c1cc(N2CCOCC2)nc(-c2ccnc3[nH]ncc23)n1,1,-3.320888042449951
CC1COCCN1c1cc(N=S(C)(C)=O)nc(-c2ccncc2)n1,6.93,c1cc(-c2nccc(N3CCOCC3)n2)ccn1,1,-2.7362611293792725
CC1COCCN1c1cc(N=S(C)(C)=O)nc(-c2ccnn2C)c1,5.73,c1cc(-c2cc(N3CCOCC3)ccn2)[nH]n1,1,-2.6333670616149902
CC1COCCN1c1cc(N=S(C)(C)=O)nc(-c2cnc(N)nc2)n1,7.2,c1ncc(-c2nccc(N3CCOCC3)n2)cn1,1,-2.344228744506836
CC1COCCN1c1cc(N=S(C)(C)=O)nc(-c2cncc3[nH]ccc23)c1,8.05,c1cc(N2CCOCC2)cc(-c2cncc3[nH]ccc23)n1,1,-3.669044733047486
CC1COCCN1c1cc(N=S(C)(C)=O)nc(-c2cncc3[nH]ccc23)n1,8.3,c1cc(N2CCOCC2)nc(-c2cncc3[nH]ccc23)n1,1,-3.557947874069214
CC1COCCN1c1cc(N=S(C)(C)=O)nc(-c2cncn2C)n1,6.01,c1cc(N2CCOCC2)nc(-c2cnc[nH]2)n1,1,-2.2927398681640625
CC1COCCN1c1cc(N=S(C)(C)=O)nc(-c2cnn(C)c2)c1,5.46,c1cc(N2CCOCC2)cc(-c2cn[nH]c2)n1,1,-2.659188985824585
CC1COCCN1c1cc(N=S(C)(C)=O)nc(-c2nccn2C)c1,5.46,c1cc(N2CCOCC2)cc(-c2ncc[nH]2)n1,1,-2.5199427604675293
CC1COCCN1c1cc(N=S(C)(C)=O)nc(-c2ncnc3[nH]ccc23)n1,7.23,c1cc(N2CCOCC2)nc(-c2ncnc3[nH]ccc23)n1,1,-3.18880558013916
CC1COCCN1c1cc(N=S(C)(C)=O)nc(-n2c(C(F)(F)F)nc3ccccc32)n1,7.35,c1ccc2c(c1)ncn2-c1nccc(N2CCOCC2)n1,1,-4.091947555541992
CC1COCCN1c1cc(N=S(C)(C)=O)nc(-n2c(C(F)F)nc3ccccc32)c1,8.3,c1ccc2c(c1)ncn2-c1cc(N2CCOCC2)ccn1,1,-4.201240062713623
CC1COCCN1c1cc(N=S(C)(C)=O)nc(-n2c(C3CC3)nc3ccccc32)n1,8.0,c1ccc2c(c1)nc(C1CC1)n2-c1nccc(N2CCOCC2)n1,1,-4.216771125793457
CC1COCCN1c1cc(N=S(C)(C)=O)nc(-n2c(CF)nc3ccccc32)c1,8.3,c1ccc2c(c1)ncn2-c1cc(N2CCOCC2)ccn1,1,-3.9396190643310542
CC1COCCN1c1cc(N=S(C)(C)=O)nc(-n2c(CO)nc3ccccc32)c1,7.8,c1ccc2c(c1)ncn2-c1cc(N2CCOCC2)ccn1,1,-3.358592987060547
CC1COCCN1c1cc(N=S(C)(C)=O)nc(-n2c(CO)nc3ccccc32)n1,9.05,c1ccc2c(c1)ncn2-c1nccc(N2CCOCC2)n1,1,-3.308835983276367
CC1COCCN1c1cc(N=S(C)(C)=O)nc(-n2c(N)nc3ccccc32)c1,9.0,c1ccc2c(c1)ncn2-c1cc(N2CCOCC2)ccn1,1,-3.3613944053649902
CC1COCCN1c1cc(N=S(C)(C)=O)nc(-n2ccc3ccccc32)n1,8.52,c1ccc2c(c1)ccn2-c1nccc(N2CCOCC2)n1,1,-4.117173194885254
CC1COCCN1c1cc(N=S(C)(C)=O)nc(-n2ccnc2)n1,6.45,c1cn(-c2nccc(N3CCOCC3)n2)cn1,1,-2.4398910999298096
CC1COCCN1c1cc(N=S(C)(C)=O)nc(-n2ccnc2Cl)n1,6.48,c1cn(-c2nccc(N3CCOCC3)n2)cn1,1,-3.178982973098755
CC1COCCN1c1cc(N=S(C)(C)=O)nc(-n2cnc3cc(F)c(F)cc32)n1,8.0,c1ccc2c(c1)ncn2-c1nccc(N2CCOCC2)n1,1,-3.940349817276001
CC1COCCN1c1cc(N=S(C)(C)=O)nc(-n2cnc3cc(F)ccc32)n1,8.7,c1ccc2c(c1)ncn2-c1nccc(N2CCOCC2)n1,1,-3.7663400173187256
CC1COCCN1c1cc(N=S(C)(C)=O)nc(-n2cnc3ccc(C#N)cc32)n1,6.71,c1ccc2c(c1)ncn2-c1nccc(N2CCOCC2)n1,1,-3.9348549842834473
CC1COCCN1c1cc(N=S(C)(C)=O)nc(-n2cnc3ccc(F)cc32)n1,8.52,c1ccc2c(c1)ncn2-c1nccc(N2CCOCC2)n1,1,-3.749195098876953
CC1COCCN1c1cc(N=S(C)(C)=O)nc(-n2cnc3ccccc32)c1,8.05,c1ccc2c(c1)ncn2-c1cc(N2CCOCC2)ccn1,1,-3.885432004928589
CC1COCCN1c1cc(N=S(C)(C)=O)nc(-n2cnc3ccccc32)n1,8.7,c1ccc2c(c1)ncn2-c1nccc(N2CCOCC2)n1,1,-3.773173332214355
CC1COCCN1c1cc(N=S(C)(C)=O)nc(-n2cnc3cccnc32)c1,7.36,c1cnc2c(c1)ncn2-c1cc(N2CCOCC2)ccn1,1,-3.3295507431030273
CC1COCCN1c1cc(N=S(C)(C)=O)nc(-n2cnc3cnccc32)n1,6.84,c1cc2c(cn1)ncn2-c1nccc(N2CCOCC2)n1,1,-3.3218302726745605
CC1COCCN1c1cc(N=S(C)(C)=O)nc(-n2ncc3ccccc32)n1,7.7,c1ccc2c(c1)cnn2-c1nccc(N2CCOCC2)n1,1,-3.2892160415649414
CC1COCCN1c1cc(N=S(C)(C)=O)nc(-n2nnc3ccccc32)n1,7.64,c1ccc2c(c1)nnn2-c1nccc(N2CCOCC2)n1,1,-3.625669479370117
CC1COCCN1c1cc(N=S2(=O)CCC2)nc(-c2ccnc3[nH]ccc23)c1,8.05,O=S1(=Nc2cc(N3CCOCC3)cc(-c3ccnc4[nH]ccc34)n2)CCC1,1,-3.559624433517456
CC1COCCN1c1cc(N=S2(=O)CCCC2)nc(-c2cc(Cl)nc3[nH]ccc23)n1,7.62,O=S1(=Nc2cc(N3CCOCC3)nc(-c3ccnc4[nH]ccc34)n2)CCCC1,1,-3.672434091567993
CC1COCCN1c1cc(N=S2(=O)CCCC2)nc(-c2ccnc3[nH]ccc23)c1,8.1,O=S1(=Nc2cc(N3CCOCC3)cc(-c3ccnc4[nH]ccc34)n2)CCCC1,1,-3.428478479385376
CC1COCCN1c1cc(N=S2(=O)CCCC2)nc(-c2ccnc3[nH]ccc23)n1,8.3,O=S1(=Nc2cc(N3CCOCC3)nc(-c3ccnc4[nH]ccc34)n2)CCCC1,1,-3.451937198638916
CC1COCCN1c1cc(N=S2(=O)CCCCC2)nc(-c2ccnc3[nH]ccc23)n1,8.1,O=S1(=Nc2cc(N3CCOCC3)nc(-c3ccnc4[nH]ccc34)n2)CCCCC1,1,-3.50583553314209
CC1COCCN1c1cc(N=S2(=O)CCN(C(=O)C3CC3)CC2)nc(-c2ccnc3[nH]ccc23)n1,8.52,O=C(C1CC1)N1CCS(=O)(=Nc2cc(N3CCOCC3)nc(-c3ccnc4[nH]ccc34)n2)CC1,1,-3.3457868099212646
CC1COCCN1c1cc(N=S2(=O)CCN(C(=O)CO)CC2)nc(-c2ccnc3[nH]ccc23)n1,8.52,O=S1(=Nc2cc(N3CCOCC3)nc(-c3ccnc4[nH]ccc34)n2)CCNCC1,1,-2.1708662509918213
CC1COCCN1c1cc(N=S2(=O)CCNCC2)nc(-c2ccnc3[nH]ccc23)n1,7.7,O=S1(=Nc2cc(N3CCOCC3)nc(-c3ccnc4[nH]ccc34)n2)CCNCC1,1,-2.990083694458008
CC1COCCN1c1cc(N=S2(=O)CCOCC2)nc(-c2ccnc3[nH]ccc23)c1,8.1,O=S1(=Nc2cc(N3CCOCC3)cc(-c3ccnc4[nH]ccc34)n2)CCOCC1,1,-3.444530487060547
CC1COCCN1c1cc(N=S2(=O)CCOCC2)nc(-c2ccnc3[nH]ccc23)n1,8.52,O=S1(=Nc2cc(N3CCOCC3)nc(-c3ccnc4[nH]ccc34)n2)CCOCC1,1,-3.2273244857788086
CCC(=O)N1CCC(S(C)(=O)=Nc2cc(N3CCOCC3C)nc(-c3ccnc4[nH]ccc34)n2)CC1,7.68,O=[SH](=Nc1cc(N2CCOCC2)nc(-c2ccnc3[nH]ccc23)n1)C1CCNCC1,1,-3.490822076797486
CCC(=O)N1CCC(c2cc(N3CCOCC3C)nc(-c3ccnc4[nH]ccc34)n2)CC1,7.82,c1cc(-c2nc(C3CCNCC3)cc(N3CCOCC3)n2)c2cc[nH]c2n1,1,-3.1122095584869385
CCC(=O)N1CCS(=O)(=Nc2cc(N3CCOCC3C)nc(-c3ccnc4[nH]ccc34)n2)CC1,8.4,O=S1(=Nc2cc(N3CCOCC3)nc(-c3ccnc4[nH]ccc34)n2)CCNCC1,1,-3.1994242668151855
CCC(C)C(NCc1cc(Cl)c(OCc2cccc(-c3ccccc3)c2Br)cc1OCc1cccnc1)C(=O)O,5.3,c1ccc(-c2cccc(COc3cccc(OCc4cccnc4)c3)c2)cc1,1,-7.015702247619629
CCC(CO)(CO)NC(=O)C1CCCN1Cc1ccc(OCc2cccc(-c3ccccc3)c2C)c([N+](=O)[O-])c1,7.08,c1ccc(-c2cccc(COc3ccc(CN4CCCC4)cc3)c2)cc1,1,-5.274938106536865
CCCC(C(=O)O)N(C)Cc1cc(Cl)c(OCc2cccc(-c3ccc4oc(N5CCN(C)CC5)nc4c3)c2C)cc1OCc1cncc(C#N)c1,8.52,c1cncc(COc2cccc(OCc3cccc(-c4ccc5oc(N6CCNCC6)nc5c4)c3)c2)c1,1,-6.237000465393066
CCCC(NCc1cc(Cl)c(OCc2cccc(-c3ccc4oc(N5CCN(C)CC5)nc4c3)c2C)cc1OCc1cncc(C#N)c1)C(=O)O,8.14,c1cncc(COc2cccc(OCc3cccc(-c4ccc5oc(N6CCNCC6)nc5c4)c3)c2)c1,1,-6.238506317138672
CCN(CC)C(=O)CCOc1cccc(-c2cccc(COc3cc(OCc4ccc5nonc5c4)c(CNC(CO)C(=O)O)cc3Cl)c2Cl)c1,6.73,c1ccc(-c2cccc(COc3cccc(OCc4ccc5nonc5c4)c3)c2)cc1,1,-6.2824296951293945
CCN(CC)C1CCC(c2nc3cc(-c4cccc(COc5cc(OCc6cncc(C#N)c6)c(CN6CCCCC6C(=O)O)cc5Cl)c4C)ccc3o2)CC1,9.23,c1cncc(COc2cc(OCc3cccc(-c4ccc5oc(C6CCCCC6)nc5c4)c3)ccc2CN2CCCCC2)c1,1,-6.712313652038574
CCN(CC)CCCNc1cc(N2CCNCC2)nc(NCc2cccc(-c3ccccc3)c2C)n1,5.29,c1ccc(-c2cccc(CNc3nccc(N4CCNCC4)n3)c2)cc1,1,-3.605399608612061
CCN(CC)CCCOc1cccc(-c2cccc(COc3cc(OCc4ccc5nonc5c4)c(CNC(CO)C(=O)O)cc3Cl)c2Cl)c1,7.11,c1ccc(-c2cccc(COc3cccc(OCc4ccc5nonc5c4)c3)c2)cc1,1,-6.069155693054199
CCN(CCO)Cc1ccc(OCc2cccc(-c3ccccc3)c2Br)cc1OCc1cccc(C#N)c1,6.64,c1ccc(COc2cccc(OCc3cccc(-c4ccccc4)c3)c2)cc1,1,-7.466415405273437
CCN1CCCN(c2cc(N3CCOCC3C)nc(-c3cc(Cl)nc4[nH]ccc34)n2)S1(=O)=O,6.94,O=S1(=O)NCCCN1c1cc(N2CCOCC2)nc(-c2ccnc3[nH]ccc23)n1,1,-3.5620577335357666
CCN1CCCN(c2cc(N3CCOCC3C)nc(-c3ccnc4[nH]ccc34)n2)S1(=O)=O,8.15,O=S1(=O)NCCCN1c1cc(N2CCOCC2)nc(-c2ccnc3[nH]ccc23)n1,1,-3.3091065883636475
CCN1CCN(Cc2cc(Cl)c(OCc3cccc(-c4ccc5c(c4)OCCO5)c3C)cc2OCc2cccc(C#N)c2)CC1,6.15,c1ccc(COc2cc(OCc3cccc(-c4ccc5c(c4)OCCO5)c3)ccc2CN2CCNCC2)cc1,1,-6.628840446472168
CCN1CCN(Cc2ccc(O)c(C(=O)C=Cc3cccc(-c4ccccc4)c3C)c2)CC1,4.84,O=C(C=Cc1cccc(-c2ccccc2)c1)c1cccc(CN2CCNCC2)c1,1,-5.771932125091553
CCNC(=O)c1cc(-c2nc(N=S(C)(C)=O)cc(N3CCOCC3C)n2)cc(N)n1,6.31,c1cc(-c2nccc(N3CCOCC3)n2)ccn1,1,-2.751379013061523
CCNCc1cc(C)c(OCc2cccc(-c3ccccc3)c2C)cc1OCc1cncc(C#N)c1,8.66,c1ccc(-c2cccc(COc3cccc(OCc4cccnc4)c3)c2)cc1,1,-7.2502665519714355
CCNCc1nnnn1C=Cc1cccc(-c2ccccc2)c1C,6.39,C(=Cn1cnnn1)c1cccc(-c2ccccc2)c1,1,-3.7925503253936768
CCOC(=O)C(C#N)=Cc1cccc(C#N)c1,8.39,c1ccccc1,1,-3.624706745147705
CCOC(=O)C(C)N1CCc2nc(OCc3cccc(-c4ccccc4F)c3Cl)ccc2C1,6.23,c1ccc(-c2cccc(COc3ccc4c(n3)CCNC4)c2)cc1,1,-6.087075233459473
CCOC(=O)C(CO)NCc1cc(Cl)c(OCc2cccc(-c3cccc(OCCCN4CCC(O)CC4)c3)c2F)cc1OCc1ccc2nonc2c1,6.11,c1cc(OCc2cccc(-c3cccc(OCCCN4CCCCC4)c3)c2)cc(OCc2ccc3nonc3c2)c1,1,-6.347535610198975
CCOC(=O)C(CO)NCc1cc(Cl)c(OCc2cccc(-c3ccccc3)c2Br)cc1OCc1ccc2nonc2c1,6.37,c1ccc(-c2cccc(COc3cccc(OCc4ccc5nonc5c4)c3)c2)cc1,1,-7.241379261016846
CCOC(=O)C(CO)NCc1cc(Cl)c(OCc2cccc(-c3ccccc3)c2Br)cc1OCc1cccnc1,6.83,c1ccc(-c2cccc(COc3cccc(OCc4cccnc4)c3)c2)cc1,1,-7.181684494018555
CCOC(=O)C(CO)NCc1ccc2c(c1)C(=O)N(c1cccc(-c3ccccc3)c1C)C2=O,5.62,O=C1c2ccccc2C(=O)N1c1cccc(-c2ccccc2)c1,1,-5.105443954467773
CCOC(=O)CCN1CCc2nc(OCc3cccc(-c4ccccc4F)c3Cl)ccc2C1,6.62,c1ccc(-c2cccc(COc3ccc4c(n3)CCNC4)c2)cc1,1,-6.213130950927734
CCOC(=O)N1CCC(c2cc(N3CCOCC3C)nc(-c3ccnc4[nH]ccc34)n2)CC1,7.82,c1cc(-c2nc(C3CCNCC3)cc(N3CCOCC3)n2)c2cc[nH]c2n1,1,-3.3786213397979736
CCOC(=O)N1CCS(=O)(=Nc2cc(N3CCOCC3C)nc(-c3ccnc4[nH]ccc34)n2)CC1,8.7,O=S1(=Nc2cc(N3CCOCC3)nc(-c3ccnc4[nH]ccc34)n2)CCNCC1,1,-3.7770166397094727
CCOc1cc(-c2cc(N3CCOCC3C)cc(N=S(C)(C)=O)n2)c2cc[nH]c2n1,8.4,c1cc(N2CCOCC2)cc(-c2ccnc3[nH]ccc23)n1,1,-3.935675859451294
CCOc1cc(-c2nc(N=S(C)(C)=O)cc(N3CCOCC3C)n2)cc(N)n1,6.56,c1cc(-c2nccc(N3CCOCC3)n2)ccn1,1,-3.339092254638672
CCOc1cc(NCc2cccc(-c3ccccc3)c2C)c(C)cc1CNC(CO)C(=O)O,6.46,c1ccc(NCc2cccc(-c3ccccc3)c2)cc1,1,-4.721028804779053
CCOc1cccc(-c2cccc(COc3cc(OC)c(CNCCNC(C)=O)c(OC)c3)c2C)c1,6.96,c1ccc(OCc2cccc(-c3ccccc3)c2)cc1,1,-5.947193145751953
CCS(=O)(CC)=Nc1cc(N2CCOCC2C)cc(-c2ccnc3[nH]ccc23)n1,8.7,c1cc(N2CCOCC2)cc(-c2ccnc3[nH]ccc23)n1,1,-3.5876526832580566
CCS(=O)(CC)=Nc1cc(N2CCOCC2C)nc(-c2ccnc3[nH]ccc23)n1,8.7,c1cc(N2CCOCC2)nc(-c2ccnc3[nH]ccc23)n1,1,-3.675379037857056
CCS(C)(=O)=Nc1cc(N2CCOCC2C)nc(-c2ccnc3[nH]ccc23)n1,8.4,c1cc(N2CCOCC2)nc(-c2ccnc3[nH]ccc23)n1,1,-3.672910213470459
CCc1nc2ccccc2n1-c1nc(N=S(C)(C)=O)cc(N2CCOCC2C)n1,8.52,c1ccc2c(c1)ncn2-c1nccc(N2CCOCC2)n1,1,-4.033228397369385
CN(C)C(=O)COc1cc(OCc2cccc(-c3ccccc3)c2Br)c(Cl)cc1CNC(CO)C(=O)O,7.37,c1ccc(OCc2cccc(-c3ccccc3)c2)cc1,1,-5.150366306304932
CN(C)C1CCN(c2cccc(-c3ccc4c(c3)OCCO4)c2C#N)CC1,5.78,c1cc(-c2ccc3c(c2)OCCO3)cc(N2CCCCC2)c1,1,-4.235405921936035
CN(C)CCNCc1ccc(OCc2cccc(-c3ccc4c(c3)OCCO4)c2C(F)F)cc1OCc1cccnc1,7.0,c1cncc(COc2cccc(OCc3cccc(-c4ccc5c(c4)OCCO5)c3)c2)c1,1,-6.621620178222656
CN(C)CCNCc1ccc(OCc2cccc(-c3ccc4c(c3)OCCO4)c2C(F)F)cc1OCc1cncc(C#N)c1,7.53,c1cncc(COc2cccc(OCc3cccc(-c4ccc5c(c4)OCCO5)c3)c2)c1,1,-6.5011467933654785
CN(CC(=O)O)Cc1ccc2c(Nc3cccc(-c4ccc5c(c4)OCCO5)c3Cl)nsc2c1,6.83,c1cc(Nc2nsc3ccccc23)cc(-c2ccc3c(c2)OCCO3)c1,1,-6.15372896194458
CN(CCO)Cc1ccc(C(=O)N2CCc3c(-c4ccccc4)cccc32)cc1OCc1cncc(C#N)c1,7.22,O=C(c1cccc(OCc2cccnc2)c1)N1CCc2c(-c3ccccc3)cccc21,1,-6.260671615600586
CN(Cc1cc(C(=O)Nc2cccc(-c3ccc4c(c3)OCCO4)c2C#N)c2nncn2c1)CC(O)CO,6.31,O=C(Nc1cccc(-c2ccc3c(c2)OCCO3)c1)c1cccn2cnnc12,1,-3.74408221244812
CN1CCN(Cc2cc(Cl)c(OCc3cccc(-c4ccccc4)c3Br)cc2OCc2ccc3nonc3c2)CC1,5.45,c1ccc(-c2cccc(COc3ccc(CN4CCNCC4)c(OCc4ccc5nonc5c4)c3)c2)cc1,1,-6.380295753479004
CNC(=O)N1CCC(c2cc(N3CCOCC3C)nc(-c3ccnc4[nH]ccc34)n2)C1,7.85,c1cc(-c2nc(C3CCNC3)cc(N3CCOCC3)n2)c2cc[nH]c2n1,1,-3.229353666305542
CNC(=O)c1cc(-c2nc(N=S(C)(C)=O)cc(N3CCOCC3C)n2)cc(N)n1,6.69,c1cc(-c2nccc(N3CCOCC3)n2)ccn1,1,-2.5147597789764404
CNC1CC(C)N(c2nc3cc(-c4cccc(COc5cc(OCc6cncc(C#N)c6)c(CN(C)C(C)(CO)CO)cc5Cl)c4C)ccc3o2)C1,9.23,c1cncc(COc2cccc(OCc3cccc(-c4ccc5oc(N6CCCC6)nc5c4)c3)c2)c1,1,-6.248381614685059
CNC1CC(C)N(c2nc3cc(-c4cccc(COc5cc(OCc6cncc(C#N)c6)c(CN(C)C(CO)CO)cc5Cl)c4C)ccc3o2)C1,8.42,c1cncc(COc2cccc(OCc3cccc(-c4ccc5oc(N6CCCC6)nc5c4)c3)c2)c1,1,-6.213284969329834
CNC1CC(C)N(c2nc3cc(-c4cccc(COc5cc(OCc6cncc(C#N)c6)c(CN6CCCCC6C(=O)O)cc5Cl)c4C)ccc3o2)C1,8.12,c1cncc(COc2cc(OCc3cccc(-c4ccc5oc(N6CCCC6)nc5c4)c3)ccc2CN2CCCCC2)c1,1,-6.502723693847656
CNc1cc(-c2nc(N=S(C)(C)=O)cc(N3CCOCC3C)n2)ccn1,7.44,c1cc(-c2nccc(N3CCOCC3)n2)ccn1,1,-2.917222499847412
CNc1nc2ccccc2n1-c1cc(N2CCOCC2C)cc(N=S(C)(C)=O)n1,9.0,c1ccc2c(c1)ncn2-c1cc(N2CCOCC2)ccn1,1,-3.923253059387207
COC(=O)C(CO)NCc1cc(Cl)c(OCc2cccc(-c3ccc4c(c3)OCCO4)c2C)cc1OCc1ccnc(C#N)c1,7.52,c1cc(OCc2ccncc2)cc(OCc2cccc(-c3ccc4c(c3)OCCO4)c2)c1,1,-7.018490314483643
COC(=O)C(CO)NCc1ccc2onc(Nc3cccc(-c4ccccc4)c3Cl)c2c1,5.79,c1ccc(-c2cccc(Nc3noc4ccccc34)c2)cc1,1,-5.57144832611084
COC(=O)C(Cc1c[nH]cn1)Nc1ncnc(OCc2cccc(-c3ccccc3)c2C)n1,5.38,c1ccc(-c2cccc(COc3ncnc(NCCc4c[nH]cn4)n3)c2)cc1,1,-5.134406089782715
COC(=O)C1C(O)CCCN1Cc1c(OC)cc(C=Cc2cccc(-c3ccccc3)c2C)cc1OC,5.22,C(=Cc1cccc(-c2ccccc2)c1)c1ccc(CN2CCCCC2)cc1,1,-6.250454425811768
COC(=O)C1CCC(c2nc3cc(-c4cccc(COc5cc(OCc6cncc(C#N)c6)c(CN6CCCCC6C(=O)O)cc5Cl)c4C)ccc3o2)CC1,8.52,c1cncc(COc2cc(OCc3cccc(-c4ccc5oc(C6CCCCC6)nc5c4)c3)ccc2CN2CCCCC2)c1,1,-6.685540676116943
COC(=O)CN1CCc2nc(OCc3cccc(-c4ccccc4F)c3Cl)ccc2C1,6.43,c1ccc(-c2cccc(COc3ccc4c(n3)CCNC4)c2)cc1,1,-5.033107757568359
COC(=O)N1CCC(S(C)(=O)=Nc2cc(N3CCOCC3C)nc(-c3ccnc4[nH]ccc34)n2)CC1,7.82,O=[SH](=Nc1cc(N2CCOCC2)nc(-c2ccnc3[nH]ccc23)n1)C1CCNCC1,1,-3.7860805988311768
COC(=O)N1CCC(c2cc(N3CCOCC3C)nc(-c3ccnc4[nH]ccc34)n2)C1,8.0,c1cc(-c2nc(C3CCNC3)cc(N3CCOCC3)n2)c2cc[nH]c2n1,1,-3.5255227088928223
COC(=O)N1CCC(c2cc(N3CCOCC3C)nc(-c3ccnc4[nH]ccc34)n2)CC1,8.0,c1cc(-c2nc(C3CCNCC3)cc(N3CCOCC3)n2)c2cc[nH]c2n1,1,-3.464241743087769
COC(=O)N1CCS(=O)(=Nc2cc(N3CCOCC3C)nc(-c3ccnc4[nH]ccc34)n2)CC1,8.7,O=S1(=Nc2cc(N3CCOCC3)nc(-c3ccnc4[nH]ccc34)n2)CCNCC1,1,-3.2779664993286133
COC(=O)c1ccc(-c2cccc(-c3ccccc3)c2C)nc1OC,6.49,c1ccc(-c2cccc(-c3ccccn3)c2)cc1,1,-5.29852294921875
COC(=O)c1cccc(-c2cccc(C=Cc3cc(OC)c(CNC(C)(CO)C(=O)O)c(OC)c3)c2C)c1,6.09,C(=Cc1cccc(-c2ccccc2)c1)c1ccccc1,1,-5.136264801025391
COCC(=O)N1CCC(c2cc(N3CCOCC3C)nc(-c3ccnc4[nH]ccc34)n2)CC1,7.89,c1cc(-c2nc(C3CCNCC3)cc(N3CCOCC3)n2)c2cc[nH]c2n1,1,-3.006960153579712
COCC(=O)N1CCS(=O)(=Nc2cc(N3CCOCC3C)nc(-c3ccnc4[nH]ccc34)n2)CC1,8.3,O=S1(=Nc2cc(N3CCOCC3)nc(-c3ccnc4[nH]ccc34)n2)CCNCC1,1,-2.9119465351104736
COCC(NCc1ccc2c(Nc3cccc(-c4ccc5c(c4)OCCO5)c3Cl)nsc2c1)C(=O)O,7.1,c1cc(Nc2nsc3ccccc23)cc(-c2ccc3c(c2)OCCO3)c1,1,-5.995596885681152
COCCNCc1cc(Cl)c(OC2CCc3c(-c4ccc5c(c4)OCCO5)cccc32)nc1OC,7.37,c1ccc(OC2CCc3c(-c4ccc5c(c4)OCCO5)cccc32)nc1,1,-5.421446323394775
COCCNCc1cc(Cl)c(OCc2cccc(-c3ccc4c(c3)OCCO4)c2C)cc1OCc1ccnc(C#N)c1,7.72,c1cc(OCc2ccncc2)cc(OCc2cccc(-c3ccc4c(c3)OCCO4)c2)c1,1,-6.551409721374512
COCCNCc1ccc(C(=O)N2CCc3c(-c4ccccc4)cccc32)cc1OC,6.46,O=C(c1ccccc1)N1CCc2c(-c3ccccc3)cccc21,1,-4.228893756866455
COCCNCc1ccc(C(=O)N2CCc3c(-c4ccccc4)cccc32)cc1OCc1cncc(C#N)c1,6.6,O=C(c1cccc(OCc2cccnc2)c1)N1CCc2c(-c3ccccc3)cccc21,1,-6.229771614074707
COCCNCc1ccc(NC(=O)c2cccc(-c3ccccc3)c2Cl)nc1,6.1,O=C(Nc1ccccn1)c1cccc(-c2ccccc2)c1,1,-4.5628228187561035
COCCNCc1cnc(C(=O)N2CCc3c(-c4ccc5c(c4)OCCO5)cccc32)s1,7.81,O=C(c1nccs1)N1CCc2c(-c3ccc4c(c3)OCCO4)cccc21,1,-3.144211769104004
COCCNCc1cnc(C(=O)N2CCc3c(-c4ccccc4)cccc32)s1,7.7,O=C(c1nccs1)N1CCc2c(-c3ccccc3)cccc21,1,-3.3582262992858887
COCCNCc1cnc2c(N3CCc4c(-c5ccc6c(c5)OCCO6)cccc43)ncnc2c1,7.81,c1cc(-c2ccc3c(c2)OCCO3)c2c(c1)N(c1ncnc3cccnc13)CC2,1,-3.557580947875977
COCCNCc1cnc2c(N3CCc4c(-c5ccccc5)cccc43)ncnc2c1,7.63,c1ccc(-c2cccc3c2CCN3c2ncnc3cccnc23)cc1,1,-3.7257161140441895
COCCNc1cc(CNCCO)cn2nc(-c3cccc(-c4ccccc4)c3C)nc12,6.52,c1ccc(-c2cccc(-c3nc4ccccn4n3)c2)cc1,1,-3.323373794555664
COCCOc1cccc(-c2cccc3c2CCC3Oc2nc(OC)c(CNCCO)cc2Cl)c1,7.03,c1ccc(-c2cccc3c2CCC3Oc2ccccn2)cc1,1,-4.679776668548584
CON(C)C(=O)COc1cc(OCc2cccc(-c3ccccc3)c2Br)c(Cl)cc1CNC(CO)C(=O)O,6.72,c1ccc(OCc2cccc(-c3ccccc3)c2)cc1,1,-5.28903865814209
COP(=O)(NCCCOc1cccc(-c2cccc(COc3cc(OCc4ccc5nonc5c4)c(CNC(CO)C(=O)O)cc3Cl)c2Cl)c1)OC,6.13,c1ccc(-c2cccc(COc3cccc(OCc4ccc5nonc5c4)c3)c2)cc1,1,-5.236681938171387
COc1c(COc2ccc(CN3CC(C(=O)O)C3)c(OCc3cncc(C#N)c3)c2)cccc1-c1ccccc1,5.33,c1ccc(-c2cccc(COc3ccc(CN4CCC4)c(OCc4cccnc4)c3)c2)cc1,1,-6.597207546234131
COc1c(COc2ccc(CN3CC(O)CC3C(=O)O)c(OCc3cccc(C#N)c3)c2)cccc1-c1ccccc1,4.66,c1ccc(COc2cc(OCc3cccc(-c4ccccc4)c3)ccc2CN2CCCC2)cc1,1,-6.624231338500977
COc1c(COc2ccc(CN3CCC(O)C3)c(OCc3cncc(C#N)c3)c2)cccc1-c1ccccc1,5.21,c1ccc(-c2cccc(COc3ccc(CN4CCCC4)c(OCc4cccnc4)c3)c2)cc1,1,-6.410942077636719
COc1c(COc2ccc(CN3CCCC3C(=O)O)c(OCc3cccc(C#N)c3)c2)cccc1-c1ccccc1,4.72,c1ccc(COc2cc(OCc3cccc(-c4ccccc4)c3)ccc2CN2CCCC2)cc1,1,-6.856933116912842
COc1c(COc2ccc(CNC(C(=O)O)C(C)O)c(OCc3cccc(C#N)c3)c2)cccc1-c1ccccc1,4.76,c1ccc(COc2cccc(OCc3cccc(-c4ccccc4)c3)c2)cc1,1,-6.6499457359313965
COc1c(COc2ccc(CNC(CO)C(=O)O)c(OCc3cccc(C#N)c3)c2)cccc1-c1ccccc1,5.58,c1ccc(COc2cccc(OCc3cccc(-c4ccccc4)c3)c2)cc1,1,-6.43916654586792
COc1c(COc2ccc(CNCC(=O)O)c(OCc3cccc(C#N)c3)c2)cccc1-c1ccccc1,5.26,c1ccc(COc2cccc(OCc3cccc(-c4ccccc4)c3)c2)cc1,1,-7.341094970703125
COc1c(COc2ccc(CNCCNC(C)=O)c(OCc3ccc(C#N)cc3)c2)cccc1-c1ccccc1,4.64,c1ccc(COc2cccc(OCc3cccc(-c4ccccc4)c3)c2)cc1,1,-7.058809757232666
COc1c(COc2ccc(CNCCNC(C)=O)c(OCc3cccc(C#N)c3)c2)cccc1-c1ccc(F)cc1,4.8,c1ccc(COc2cccc(OCc3cccc(-c4ccccc4)c3)c2)cc1,1,-7.409154891967773
COc1c(COc2ccc(CNCCNC(C)=O)c(OCc3cccc(C#N)c3)c2)cccc1-c1ccc2c(c1)OCCO2,5.54,c1ccc(COc2cccc(OCc3cccc(-c4ccc5c(c4)OCCO5)c3)c2)cc1,1,-6.998817443847656
COc1c(COc2ccc(CNCCNC(C)=O)c(OCc3cccc(C#N)c3)c2)cccc1-c1ccc2ccccc2c1,4.8,c1ccc(COc2cccc(OCc3cccc(-c4ccc5ccccc5c4)c3)c2)cc1,1,-7.533587455749512
COc1c(COc2ccc(CNCCNC(C)=O)c(OCc3cccc(C#N)c3)c2)cccc1-c1cccc(F)c1,5.26,c1ccc(COc2cccc(OCc3cccc(-c4ccccc4)c3)c2)cc1,1,-7.463099956512451
COc1c(COc2ccc(CNCCNC(C)=O)c(OCc3cccc(C#N)c3)c2)cccc1-c1ccccc1,4.63,c1ccc(COc2cccc(OCc3cccc(-c4ccccc4)c3)c2)cc1,1,-7.122923374176025
COc1c(COc2ccc(CNCCNC(C)=O)c(OCc3cccc(C#N)c3)c2)cccc1-c1ccccc1Cl,5.44,c1ccc(COc2cccc(OCc3cccc(-c4ccccc4)c3)c2)cc1,1,-7.356887340545654
COc1c(COc2ccc(CNCCNC(C)=O)c(OCc3cccc(C#N)c3)c2)cccc1-c1ccccc1F,5.62,c1ccc(COc2cccc(OCc3cccc(-c4ccccc4)c3)c2)cc1,1,-7.496153831481934
COc1c(COc2ccc(CNCCNC(C)=O)c(OCc3cccc(C)c3)c2)cccc1-c1ccccc1,4.74,c1ccc(COc2cccc(OCc3cccc(-c4ccccc4)c3)c2)cc1,1,-7.026643753051758
COc1c(COc2ccc(CNCCNC(C)=O)c(OCc3cccc(F)c3)c2)cccc1-c1ccccc1,4.95,c1ccc(COc2cccc(OCc3cccc(-c4ccccc4)c3)c2)cc1,1,-6.948556900024414
COc1c(COc2ccc(CNCCNC(C)=O)c(OCc3cccnc3)c2)cccc1-c1ccccc1,5.03,c1ccc(-c2cccc(COc3cccc(OCc4cccnc4)c3)c2)cc1,1,-6.39357328414917
COc1c(COc2ccc(CNCCNC(C)=O)c(OCc3cccnc3F)c2)cccc1-c1ccccc1,4.89,c1ccc(-c2cccc(COc3cccc(OCc4cccnc4)c3)c2)cc1,1,-6.7512311935424805
COc1c(COc2ccc(CNCCNC(C)=O)c(OCc3cncc(C#N)c3)c2)cccc1-c1ccccc1,5.8,c1ccc(-c2cccc(COc3cccc(OCc4cccnc4)c3)c2)cc1,1,-6.937115669250488
COc1c(COc2ccc(CNCCO)c(OCc3ccc(F)cc3)c2)cccc1-c1ccccc1,5.07,c1ccc(COc2cccc(OCc3cccc(-c4ccccc4)c3)c2)cc1,1,-6.6785407066345215
COc1c(COc2ccc(CNCCO)c(OCc3cccc(C#N)c3)c2)cccc1-c1ccccc1,5.62,c1ccc(COc2cccc(OCc3cccc(-c4ccccc4)c3)c2)cc1,1,-6.714266777038574
COc1c(COc2ccc(CNCCO)c(OCc3cncc(C#N)c3)c2)cccc1-c1ccccc1,6.1,c1ccc(-c2cccc(COc3cccc(OCc4cccnc4)c3)c2)cc1,1,-6.204887390136719
COc1c(NCc2ccc(OCc3cccc(C#N)c3)c(CNCCO)c2)cccc1-c1ccccc1,4.5,c1ccc(COc2ccc(CNc3cccc(-c4ccccc4)c3)cc2)cc1,1,-6.389932632446289
COc1cc(-c2cc(N3CCOCC3C)cc(N=S(C)(C)=O)n2)c2cc[nH]c2n1,7.32,c1cc(N2CCOCC2)cc(-c2ccnc3[nH]ccc23)n1,1,-4.0921406745910645
COc1cc(-c2cccc(-c3ccc4c(c3)OCCO4)c2Cl)ccc1CN1CCC(C(=O)NCCN)C1,8.31,c1cc(-c2ccc(CN3CCCC3)cc2)cc(-c2ccc3c(c2)OCCO3)c1,1,-4.1137776374816895
COc1cc(-c2cccc(-c3ccc4c(c3)OCCO4)c2Cl)ccc1CN1CCC(C(=O)NCCO)CC1,9.26,c1cc(-c2ccc(CN3CCCCC3)cc2)cc(-c2ccc3c(c2)OCCO3)c1,1,-4.953268051147461
COc1cc(-c2cccc(-c3ccc4c(c3)OCCO4)c2Cl)ccc1CN1CCC(C(=O)NN(C)C)C1,7.92,c1cc(-c2ccc(CN3CCCC3)cc2)cc(-c2ccc3c(c2)OCCO3)c1,1,-5.323850631713867
COc1cc(-c2cccc(-c3ccc4c(c3)OCCO4)c2Cl)ccc1CN1CCC(C(=O)NN)CC1,7.02,c1cc(-c2ccc(CN3CCCCC3)cc2)cc(-c2ccc3c(c2)OCCO3)c1,1,-5.3048248291015625
COc1cc(-c2cccc(-c3ccc4c(c3)OCCO4)c2Cl)ccc1CN1CCC(C(=O)NO)C1,9.03,c1cc(-c2ccc(CN3CCCC3)cc2)cc(-c2ccc3c(c2)OCCO3)c1,1,-5.484069347381592
COc1cc(-c2cccc(-c3ccc4c(c3)OCCO4)c2Cl)ccc1CN1CCC(C(=O)NO)CC1,6.12,c1cc(-c2ccc(CN3CCCCC3)cc2)cc(-c2ccc3c(c2)OCCO3)c1,1,-6.15181827545166
COc1cc(-c2cccc(-c3ccc4c(c3)OCCO4)c2Cl)ccc1CN1CCC(C(=O)O)C1,8.96,c1cc(-c2ccc(CN3CCCC3)cc2)cc(-c2ccc3c(c2)OCCO3)c1,1,-5.561573505401611
COc1cc(-c2cccc(-c3ccc4c(c3)OCCO4)c2Cl)ccc1CN1CCCC(C(=O)NC(CO)(CO)CO)C1,7.71,c1cc(-c2ccc(CN3CCCCC3)cc2)cc(-c2ccc3c(c2)OCCO3)c1,1,-4.066182613372803
COc1cc(-c2cccc(-c3ccc4c(c3)OCCO4)c2Cl)ccc1CN1CCCC(C(=O)NC(CO)CO)C1,8.22,c1cc(-c2ccc(CN3CCCCC3)cc2)cc(-c2ccc3c(c2)OCCO3)c1,1,-4.406517028808594
COc1cc(-c2cccc(-c3ccc4c(c3)OCCO4)c2Cl)ccc1CN1CCCC(C(=O)NN(C)C)C1,7.43,c1cc(-c2ccc(CN3CCCCC3)cc2)cc(-c2ccc3c(c2)OCCO3)c1,1,-5.573530197143555
COc1cc(-c2cccc(-c3ccc4c(c3)OCCO4)c2Cl)ccc1CN1CCCC(C(=O)NN)C1,7.1,c1cc(-c2ccc(CN3CCCCC3)cc2)cc(-c2ccc3c(c2)OCCO3)c1,1,-5.221395969390869
COc1cc(-c2cccc(-c3ccc4c(c3)OCCO4)c2Cl)ccc1CN1CCCC(C(=O)NO)C1,8.96,c1cc(-c2ccc(CN3CCCCC3)cc2)cc(-c2ccc3c(c2)OCCO3)c1,1,-6.1791510581970215
COc1cc(-c2cccc(-c3ccc4c(c3)OCCO4)c2Cl)ccc1CN1CCCC1C(=O)NN,7.12,c1cc(-c2ccc(CN3CCCC3)cc2)cc(-c2ccc3c(c2)OCCO3)c1,1,-5.17344331741333
COc1cc(-c2cccc(-c3ccc4c(c3)OCCO4)c2Cl)ccc1CN1CCCCC1C(=O)NC(CO)(CO)CO,6.32,c1cc(-c2ccc(CN3CCCCC3)cc2)cc(-c2ccc3c(c2)OCCO3)c1,1,-4.251455307006836
COc1cc(-c2cccc(-c3ccc4c(c3)OCCO4)c2Cl)ccc1CN1CCCCC1C(=O)NC(CO)CO,7.2,c1cc(-c2ccc(CN3CCCCC3)cc2)cc(-c2ccc3c(c2)OCCO3)c1,1,-4.399083614349365
COc1cc(-c2cccc(-c3ccc4c(c3)OCCO4)c2Cl)ccc1CN1CCCCC1C(=O)NCCO,9.05,c1cc(-c2ccc(CN3CCCCC3)cc2)cc(-c2ccc3c(c2)OCCO3)c1,1,-5.578115940093994
COc1cc(-c2cccc(-c3ccc4c(c3)OCCO4)c2Cl)ccc1CN1CCCCC1C(=O)NN,7.78,c1cc(-c2ccc(CN3CCCCC3)cc2)cc(-c2ccc3c(c2)OCCO3)c1,1,-5.489592552185059
COc1cc(-c2cccc(-c3ccc4c(c3)OCCO4)c2Cl)ccc1CN1CCCCC1C(=O)NN(C)C,7.25,c1cc(-c2ccc(CN3CCCCC3)cc2)cc(-c2ccc3c(c2)OCCO3)c1,1,-5.938880920410156
COc1cc(-c2cccc(-c3ccc4c(c3)OCCO4)c2Cl)ccc1CN1CCCCC1C(=O)O,9.24,c1cc(-c2ccc(CN3CCCCC3)cc2)cc(-c2ccc3c(c2)OCCO3)c1,1,-5.789713382720947
COc1cc(-c2cccc(-c3ccc4c(c3)OCCO4)c2Cl)ccc1CN1CCN(S(C)(=O)=O)CC1,6.98,c1cc(-c2ccc(CN3CCNCC3)cc2)cc(-c2ccc3c(c2)OCCO3)c1,1,-4.758798599243164
COc1cc(-c2cccc(-c3ccc4c(c3)OCCO4)c2Cl)ccc1CN1CCNCC1,7.74,c1cc(-c2ccc(CN3CCNCC3)cc2)cc(-c2ccc3c(c2)OCCO3)c1,1,-5.363611698150635
COc1cc(-c2cccc(-c3ccc4c(c3)OCCO4)c2Cl)ccc1CNCCNC(C)=O,9.09,c1ccc(-c2cccc(-c3ccc4c(c3)OCCO4)c2)cc1,1,-4.946977138519287
COc1cc(-c2cccc(-c3ccc4c(c3)OCCO4)c2Cl)ccc1CNCCNS(C)(=O)=O,8.68,c1ccc(-c2cccc(-c3ccc4c(c3)OCCO4)c2)cc1,1,-4.179715633392334
COc1cc(-c2cccc(-c3nc4c(s3)CNCC4)c2C)ccn1,6.52,c1cc(-c2ccncc2)cc(-c2nc3c(s2)CNCC3)c1,1,-3.63419246673584
COc1cc(-c2nc(N=S(C)(=O)C3CC3)cc(N3CCOCC3C)n2)cc(N)n1,7.15,O=[SH](=Nc1cc(N2CCOCC2)nc(-c2ccncc2)n1)C1CC1,1,-3.513389825820923
COc1cc(-c2nc(N=S(C)(=O)C3COC3)cc(N3CCOCC3C)n2)cc(N)n1,6.96,O=[SH](=Nc1cc(N2CCOCC2)nc(-c2ccncc2)n1)C1COC1,1,-3.23519229888916
COc1cc(-c2nc(N=S(C)(C)=O)cc(N3CCOCC3C)n2)c2cc[nH]c2n1,7.66,c1cc(N2CCOCC2)nc(-c2ccnc3[nH]ccc23)n1,1,-3.953328847885132
COc1cc(-c2nc(N=S(C)(C)=O)cc(N3CCOCC3C)n2)cc(N)n1,6.91,c1cc(-c2nccc(N3CCOCC3)n2)ccn1,1,-3.3716161251068115
COc1cc(-c2nc(N=S(C)(C)=O)cc(N3CCOCC3C)n2)ccn1,6.51,c1cc(-c2nccc(N3CCOCC3)n2)ccn1,1,-3.2152132987976074
COc1cc(-n2ccc3c(-c4ccc5c(c4)OCCO5)cccc32)cc(OC)c1CNCC1CCC(=O)N1,8.0,O=C1CCC(CNCc2ccc(-n3ccc4c(-c5ccc6c(c5)OCCO6)cccc43)cc2)N1,1,-4.816539764404297
COc1cc(C#Cc2cccc(-c3ccccc3)c2C)cc(OC)c1CN1CCCC1CO,5.87,C(#Cc1cccc(-c2ccccc2)c1)c1ccc(CN2CCCC2)cc1,1,-5.546844005584717
COc1cc(C(=O)N2CCC3C(c4ccccc4)=CC=CC32)ccc1CNCCO,6.88,O=C(c1ccccc1)N1CCC2C(c3ccccc3)=CC=CC21,1,-3.7477364540100098
COc1cc(C(=O)N2CCc3c(-c4ccc5c(c4)OCCO5)cccc32)ccc1CNCCNC(C)=O,6.38,O=C(c1ccccc1)N1CCc2c(-c3ccc4c(c3)OCCO4)cccc21,1,-4.376021862030029
COc1cc(C(=O)N2CCc3c(-c4ccc5c(c4)OCCO5)cccc32)ccc1CNCCO,6.65,O=C(c1ccccc1)N1CCc2c(-c3ccc4c(c3)OCCO4)cccc21,1,-4.255529403686523
COc1cc(C(=O)N2CCc3c(-c4ccccc4)cccc32)cc(OC)c1CNCCNC(C)=O,5.14,O=C(c1ccccc1)N1CCc2c(-c3ccccc3)cccc21,1,-4.620208263397217
COc1cc(C(=O)N2CCc3c(-c4ccccc4)cccc32)cc(OC)c1CNCCO,5.32,O=C(c1ccccc1)N1CCc2c(-c3ccccc3)cccc21,1,-4.414046287536621
COc1cc(C(=O)N2CCc3c(-c4ccccc4)cccc32)ccc1CN1CCCC1C(=O)O,5.72,O=C(c1ccc(CN2CCCC2)cc1)N1CCc2c(-c3ccccc3)cccc21,1,-4.781614303588867
COc1cc(C(=O)N2CCc3c(-c4ccccc4)cccc32)ccc1CN1CCCC1CO,6.21,O=C(c1ccc(CN2CCCC2)cc1)N1CCc2c(-c3ccccc3)cccc21,1,-4.569895267486572
COc1cc(C(=O)N2CCc3c(-c4ccccc4)cccc32)ccc1CN1CCCCC1C(=O)O,5.97,O=C(c1ccc(CN2CCCCC2)cc1)N1CCc2c(-c3ccccc3)cccc21,1,-5.579801082611084
COc1cc(C(=O)N2CCc3c(-c4ccccc4)cccc32)ccc1CNC(CO)C(=O)O,6.56,O=C(c1ccccc1)N1CCc2c(-c3ccccc3)cccc21,1,-4.696424961090088
COc1cc(C(=O)N2CCc3c(-c4ccccc4)cccc32)ccc1CNCCNC(C)=O,6.66,O=C(c1ccccc1)N1CCc2c(-c3ccccc3)cccc21,1,-4.529068946838379
COc1cc(C(=O)N2CCc3c(-c4ccccc4)cccc32)ccc1CNCCO,6.88,O=C(c1ccccc1)N1CCc2c(-c3ccccc3)cccc21,1,-4.252715587615967
COc1cc(C=Cc2cccc(-c3ccc(C(N)=O)cc3)c2C)cc(OC)c1CNc1cccc(O)c1C(=O)O,5.35,C(=Cc1cccc(-c2ccccc2)c1)c1ccc(CNc2ccccc2)cc1,1,-6.227694034576416
COc1cc(C=Cc2cccc(-c3ccc4c(c3)OCCO4)c2C)cc(OC)c1CN1CCCC1CO,6.62,C(=Cc1cccc(-c2ccc3c(c2)OCCO3)c1)c1ccc(CN2CCCC2)cc1,1,-5.757798671722412
COc1cc(C=Cc2cccc(-c3ccc4c(c3)OCCO4)c2C)cc(OC)c1CNC(C)(CO)C(=O)O,7.16,C(=Cc1cccc(-c2ccc3c(c2)OCCO3)c1)c1ccccc1,1,-5.253902435302734
COc1cc(C=Cc2cccc(-c3ccc4c(c3)OCCO4)c2C)cc(OC)c1CNC(CO)C(=O)O,7.0,C(=Cc1cccc(-c2ccc3c(c2)OCCO3)c1)c1ccccc1,1,-4.5091552734375
COc1cc(C=Cc2cccc(-c3ccc4c(c3)OCCO4)c2C)ccc1CNC(CO)C(=O)O,6.92,C(=Cc1cccc(-c2ccc3c(c2)OCCO3)c1)c1ccccc1,1,-4.718184947967529
COc1cc(C=Cc2cccc(-c3ccccc3)c2)cc(OC)c1CNC(C)(CO)C(=O)O,7.32,C(=Cc1cccc(-c2ccccc2)c1)c1ccccc1,1,-5.047120571136475
COc1cc(C=Cc2cccc(-c3ccccc3)c2C#N)cc(OC)c1CN1CCCC1CO,6.41,C(=Cc1cccc(-c2ccccc2)c1)c1ccc(CN2CCCC2)cc1,1,-6.326070308685303
COc1cc(C=Cc2cccc(-c3ccccc3)c2C)cc(OC)c1CN1CCCC(O)C1C(=O)O,6.34,C(=Cc1cccc(-c2ccccc2)c1)c1ccc(CN2CCCCC2)cc1,1,-5.677497863769531
COc1cc(C=Cc2cccc(-c3ccccc3)c2C)cc(OC)c1CN1CCCC1CO,5.57,C(=Cc1cccc(-c2ccccc2)c1)c1ccc(CN2CCCC2)cc1,1,-6.058675289154053
COc1cc(C=Cc2cccc(-c3ccccc3)c2C)cc(OC)c1CN1CCCCC1(CO)C(=O)O,6.04,C(=Cc1cccc(-c2ccccc2)c1)c1ccc(CN2CCCCC2)cc1,1,-6.138187408447266
COc1cc(C=Cc2cccc(-c3ccccc3)c2C)cc(OC)c1CN1CCCCC1C(=O)O,7.22,C(=Cc1cccc(-c2ccccc2)c1)c1ccc(CN2CCCCC2)cc1,1,-6.210580348968506
COc1cc(C=Cc2cccc(-c3ccccc3)c2C)cc(OC)c1CNC(C)(CO)C(=O)O,7.32,C(=Cc1cccc(-c2ccccc2)c1)c1ccccc1,1,-5.343430042266846
COc1cc(C=Cc2cccc(-c3ccccc3)c2C)cc(OC)c1CNC(C)C(=O)O,6.77,C(=Cc1cccc(-c2ccccc2)c1)c1ccccc1,1,-6.208432197570801
COc1cc(C=Cc2cccc(-c3ccccc3)c2C)cc(OC)c1CNC(CCO)C(=O)O,6.89,C(=Cc1cccc(-c2ccccc2)c1)c1ccccc1,1,-5.063268184661865
COc1cc(C=Cc2cccc(-c3ccccc3)c2C)cc(OC)c1CNC(CO)C(=O)O,7.3,C(=Cc1cccc(-c2ccccc2)c1)c1ccccc1,1,-4.688162326812744
COc1cc(C=Cc2cccc(-c3ccccc3)c2C)cc(OC)c1CNC(CO)CO,7.22,C(=Cc1cccc(-c2ccccc2)c1)c1ccccc1,1,-4.252736568450928
COc1cc(C=Cc2cccc(-c3ccccc3)c2C)cc(OC)c1CNCC(=O)O,7.0,C(=Cc1cccc(-c2ccccc2)c1)c1ccccc1,1,-6.327855110168457
COc1cc(C=Cc2cccc(-c3ccccc3)c2C)cc(OC)c1CNCCNC(C)=O,6.82,C(=Cc1cccc(-c2ccccc2)c1)c1ccccc1,1,-6.258943557739258
COc1cc(C=Cc2cccc(-c3ccccc3)c2C)cc(OC)c1CNCCO,6.55,C(=Cc1cccc(-c2ccccc2)c1)c1ccccc1,1,-5.642890930175781
COc1cc(C=Cc2cncc(-c3ccc4c(c3)OCCO4)c2C)cc(OC)c1CNC(C)(CO)C(=O)O,5.54,C(=Cc1cncc(-c2ccc3c(c2)OCCO3)c1)c1ccccc1,1,-4.916462421417236
COc1cc(C=Cc2cncc(-c3ccc4c(c3)OCCO4)c2C)cc(OC)c1CNC(CO)C(=O)O,5.38,C(=Cc1cncc(-c2ccc3c(c2)OCCO3)c1)c1ccccc1,1,-4.561879634857178
COc1cc(C=Cc2cncc(-c3ccccc3)c2C)cc(OC)c1CNC(C)(CO)C(=O)O,5.7,C(=Cc1cncc(-c2ccccc2)c1)c1ccccc1,1,-4.878988742828369
COc1cc(C=Cc2cncc(-c3ccccc3)c2C)cc(OC)c1CNC(CO)C(=O)O,5.41,C(=Cc1cncc(-c2ccccc2)c1)c1ccccc1,1,-4.466731071472168
COc1cc(COc2cc(OCc3cccc(-c4ccccc4)c3OC)ccc2CNCCNC(C)=O)ccn1,4.86,c1ccc(-c2cccc(COc3cccc(OCc4ccncc4)c3)c2)cc1,1,-6.641994953155518
COc1cc(NCc2cccc(-c3ccccc3)c2C)c(C)cc1CNC(CO)C(=O)O,6.6,c1ccc(NCc2cccc(-c3ccccc3)c2)cc1,1,-4.363367557525635
COc1cc(NCc2cccc(-c3ccccc3)c2C)c(Cl)cc1CNC(CO)C(=O)O,6.97,c1ccc(NCc2cccc(-c3ccccc3)c2)cc1,1,-4.8067145347595215
COc1cc(NCc2cccc(-c3ccccc3)c2C)cc(OCc2cccc(C#N)c2)c1CNC(CO)C(=O)O,6.17,c1ccc(COc2cccc(NCc3cccc(-c4ccccc4)c3)c2)cc1,1,-6.188286781311035
COc1cc(NCc2cccc(-c3ccccc3)c2C)ccc1CNCCNC(C)=O,6.76,c1ccc(NCc2cccc(-c3ccccc3)c2)cc1,1,-4.489524841308594
COc1cc(NCc2cccc(-c3ccccc3)c2C)ncc1CNC(CO)C(=O)O,5.58,c1ccc(-c2cccc(CNc3ccccn3)c2)cc1,1,-4.089882850646973
COc1cc(O)c(-c2c(O)cc(OC)c3c2C=CC(C)(CCC2=C(C)CCCC2(C)C)O3)c2c1OC(C)(CCC1=C(C)CCCC1(C)C)C=C2,5.22,C1=CC(CCC2=CCCCC2)Oc2cccc(-c3cccc4c3C=CC(CCC3=CCCCC3)O4)c21,1,-7.278708934783936
COc1cc(OC(=O)c2cccc(-c3ccccc3)c2C)cc(OC)c1CNCC(O)CO,6.64,O=C(Oc1ccccc1)c1cccc(-c2ccccc2)c1,1,-4.451414108276367
COc1cc(OC(=O)c2cccc(-c3ccccc3)c2C)ccc1CN1CC(O)CC1C(=O)O,6.95,O=C(Oc1ccc(CN2CCCC2)cc1)c1cccc(-c2ccccc2)c1,1,-4.369999885559082
COc1cc(OC(=O)c2cccc(-c3ccccc3)c2C)ccc1CN1CCC(O)CC1,7.11,O=C(Oc1ccc(CN2CCCCC2)cc1)c1cccc(-c2ccccc2)c1,1,-5.881138324737549
COc1cc(OC(=O)c2cccc(-c3ccccc3)c2C)ccc1CNC(CO)(CO)CO,7.14,O=C(Oc1ccccc1)c1cccc(-c2ccccc2)c1,1,-3.9387190341949463
COc1cc(OC(=O)c2cccc(-c3ccccc3)c2C)ccc1CNC(CO)C(=O)O,7.56,O=C(Oc1ccccc1)c1cccc(-c2ccccc2)c1,1,-4.787250995635986
COc1cc(OC(=O)c2cccc(-c3ccccc3)c2C)ccc1CNC(CO)CO,7.57,O=C(Oc1ccccc1)c1cccc(-c2ccccc2)c1,1,-4.478696823120117
COc1cc(OC(=O)c2cccc(-c3ccccc3)c2C)ccc1CNCC(O)CO,6.52,O=C(Oc1ccccc1)c1cccc(-c2ccccc2)c1,1,-4.4808759689331055
COc1cc(OC(=O)c2cccc(-c3ccccc3)c2C)ccc1CNCCN(C)C,6.45,O=C(Oc1ccccc1)c1cccc(-c2ccccc2)c1,1,-5.1653313636779785
COc1cc(OC(=O)c2cccc(-c3ccccc3)c2C)ccc1CNCCNC(C)=O,6.05,O=C(Oc1ccccc1)c1cccc(-c2ccccc2)c1,1,-4.788896560668945
COc1cc(OC(=O)c2cccc(-c3ccccc3)c2C)ccc1CNCCO,6.58,O=C(Oc1ccccc1)c1cccc(-c2ccccc2)c1,1,-4.349790573120117
COc1cc(OC(C)=O)c(-c2c(OC(C)=O)cc(OC)c3c2C=CC(C)(CCC2=C(C)CCCC2(C)C)O3)c2c1OC(C)(CCC1=C(C)CCCC1(C)C)C=C2,4.43,C1=CC(CCC2=CCCCC2)Oc2cccc(-c3cccc4c3C=CC(CCC3=CCCCC3)O4)c21,1,-7.034657955169678
COc1cc(OC(C)=O)cc2c1OC(C)(CCC1=C(C)CCCC1(C)C)C=C2,4.18,C1=CC(CCC2=CCCCC2)Oc2ccccc21,1,-6.40748405456543
COc1cc(OCc2cccc(-c3ccc4c(c3)OCCO4)c2C)cc(OC)c1CNCCNC(C)=O,8.22,c1ccc(OCc2cccc(-c3ccc4c(c3)OCCO4)c2)cc1,1,-4.541787624359131
COc1cc(OCc2cccc(-c3ccc4c(c3)OCO4)c2C)cc(OC)c1CNCCNC(C)=O,6.96,c1ccc(OCc2cccc(-c3ccc4c(c3)OCO4)c2)cc1,1,-4.634775161743164
COc1cc(OCc2cccc(-c3ccc4oc(C5CCN(c6ccccc6)CC5)nc4c3)c2C)c(Cl)cc1CN1CCCCC1C(=O)O,4.3,c1ccc(N2CCC(c3nc4cc(-c5cccc(COc6ccc(CN7CCCCC7)cc6)c5)ccc4o3)CC2)cc1,1,-6.426057815551758
COc1cc(OCc2cccc(-c3ccccc3)c2Br)c(Cl)cc1CNCCNC(C)=O,6.13,c1ccc(OCc2cccc(-c3ccccc3)c2)cc1,1,-6.972955703735352
COc1cc(OCc2cccc(-c3ccccc3)c2C)cc(OC)c1CCCC1CC(=O)N1,7.75,O=C1CC(CCCc2ccc(OCc3cccc(-c4ccccc4)c3)cc2)N1,1,-6.690780162811279
COc1cc(OCc2cccc(-c3ccccc3)c2C)cc(OC)c1CN(C)CCCC(=O)NO,6.98,c1ccc(OCc2cccc(-c3ccccc3)c2)cc1,1,-6.540682792663574
COc1cc(OCc2cccc(-c3ccccc3)c2C)cc(OC)c1CN1CCCCC1C(=O)O,7.12,c1ccc(-c2cccc(COc3ccc(CN4CCCCC4)cc3)c2)cc1,1,-6.160088539123535
COc1cc(OCc2cccc(-c3ccccc3)c2C)cc(OC)c1CNC(C)CO,6.72,c1ccc(OCc2cccc(-c3ccccc3)c2)cc1,1,-4.542558670043945
COc1cc(OCc2cccc(-c3ccccc3)c2C)cc(OC)c1CNCCCCCCC(=O)NO,7.07,c1ccc(OCc2cccc(-c3ccccc3)c2)cc1,1,-6.722485542297363
COc1cc(OCc2cccc(-c3ccccc3)c2C)cc(OC)c1CNCCNC(C)=O,8.22,c1ccc(OCc2cccc(-c3ccccc3)c2)cc1,1,-5.097386360168457
COc1cc(OCc2cccc(-c3ccccc3)c2C)cc(OC)c1CNCCOC1OC(CO)C(O)C(O)C1O,7.22,c1ccc(-c2cccc(COc3ccc(CNCCOC4CCCCO4)cc3)c2)cc1,1,-2.6107046604156494
COc1cc(OCc2cccc(-c3ccccc3)c2C)cc(OC)c1CNCc1cn(C2OC(C)C(O)C(O)C2O)nn1,6.79,c1ccc(-c2cccc(COc3ccc(CNCc4cn(C5CCCCO5)nn4)cc3)c2)cc1,1,-3.752406597137451
COc1cc(OCc2cccc(-c3ccccc3)c2C)cc(OC)c1CNCc1cn(C2OC(CO)C(O)C(O)C2NC(C)=O)nn1,7.52,c1ccc(-c2cccc(COc3ccc(CNCc4cn(C5CCCCO5)nn4)cc3)c2)cc1,1,-3.037419319152832
COc1cc(OCc2cccc(-c3ccccc3)c2C)cc(OC)c1CNCc1cn(C2OC(CO)C(O)C(O)C2O)nn1,6.94,c1ccc(-c2cccc(COc3ccc(CNCc4cn(C5CCCCO5)nn4)cc3)c2)cc1,1,-2.7238528728485107
COc1cc(OCc2cccc(-c3ccccc3)c2C)cc(OC)c1CNCc1cn(C2OC(CO)C(O)C(OC)C2O)nn1,6.45,c1ccc(-c2cccc(COc3ccc(CNCc4cn(C5CCCCO5)nn4)cc3)c2)cc1,1,-3.247274160385132
COc1cc(OCc2cccc(-c3ccccc3)c2C)cc(OC)c1CNCc1cn(C2OC3COC(c4ccccc4)OC3C(O)C2O)nn1,5.96,c1ccc(-c2cccc(COc3ccc(CNCc4cn(C5CCC6OC(c7ccccc7)OCC6O5)nn4)cc3)c2)cc1,1,-5.9338531494140625
COc1cc(OCc2cccc(-c3ccccc3)c2C)cc(OC)c1CNCc1cn(C2OCC(O)C(O)C2O)nn1,6.69,c1ccc(-c2cccc(COc3ccc(CNCc4cn(C5CCCCO5)nn4)cc3)c2)cc1,1,-3.526190280914306
COc1cc(OCc2cccc(-c3ccccc3)c2C)cc(OC)c1CNCc1cnnn1C1OCC(O)C(O)C1O,6.77,c1ccc(-c2cccc(COc3ccc(CNCc4cnnn4C4CCCCO4)cc3)c2)cc1,1,-3.603394031524658
COc1cc(OCc2cccc(-c3ccccc3)c2C)ccc1CNCCNC(C)=O,6.96,c1ccc(OCc2cccc(-c3ccccc3)c2)cc1,1,-5.175510406494141
COc1cc2c(c(O)c1CC=C(C)C)C(=O)CC(c1ccc(O)cc1)O2,4.01,O=C1CC(c2ccccc2)Oc2ccccc21,1,-5.164309024810791
COc1cc2c(cc1CN1CCCC1C(=O)O)C(=O)N(c1cccc(-c3ccccc3)c1C)C2=O,6.86,O=C1c2ccc(CN3CCCC3)cc2C(=O)N1c1cccc(-c2ccccc2)c1,1,-5.458921909332275
COc1cc2c(cc1CNC(C)C(=O)O)C(=O)N(c1cccc(-c3ccccc3)c1C)C2=O,7.77,O=C1c2ccccc2C(=O)N1c1cccc(-c2ccccc2)c1,1,-5.631293296813965
COc1cc2c(cc1CNC(CO)C(=O)O)C(=O)N(c1cccc(-c3ccccc3)c1C)C2=O,8.21,O=C1c2ccccc2C(=O)N1c1cccc(-c2ccccc2)c1,1,-5.241474628448486
COc1cc2c(cc1CNC(CO)C(=O)OC(C)(C)C)C(=O)N(c1cccc(-c3ccccc3)c1C)C2=O,6.53,O=C1c2ccccc2C(=O)N1c1cccc(-c2ccccc2)c1,1,-5.634890079498291
COc1cc2c(cc1CNCC(=O)O)C(=O)N(c1cccc(-c3ccccc3)c1C)C2=O,7.45,O=C1c2ccccc2C(=O)N1c1cccc(-c2ccccc2)c1,1,-5.707513332366943
COc1cc2c(cc1CNCCNC(C)=O)C(=O)N(c1cccc(-c3ccccc3)c1C)C2=O,7.33,O=C1c2ccccc2C(=O)N1c1cccc(-c2ccccc2)c1,1,-5.4166059494018555
COc1cc2c(cc1CNCCO)C(=O)N(c1cccc(-c3ccccc3)c1C)C2=O,7.81,O=C1c2ccccc2C(=O)N1c1cccc(-c2ccccc2)c1,1,-4.893892288208008
COc1cc2c(cc1OC)N(CCCN1CCN(CCO)CC1)c1cc(Cl)ccc1S2,5.04,c1ccc2c(c1)Sc1ccccc1N2CCCN1CCNCC1,1,-3.6894612312316895
COc1cc2ncnc(Nc3cccc(Cl)c3F)c2cc1OCCCCNCc1c(OC)cc(OCc2cccc(-c3ccccc3)c2C)cc1OC,5.75,c1ccc(Nc2ncnc3ccc(OCCCCNCc4ccc(OCc5cccc(-c6ccccc6)c5)cc4)cc23)cc1,1,-6.633634567260742
COc1ccc(-c2cccc(C=Cc3cc(CNC(C)(CO)C(=O)O)ccc3C)c2C)cc1,5.51,C(=Cc1cccc(-c2ccccc2)c1)c1ccccc1,1,-6.033797264099121
COc1ccc(-c2cccc(C=Cc3cc(OC)c(CNC(C)(CO)C(=O)O)c(OC)c3)c2C)cc1,5.1,C(=Cc1cccc(-c2ccccc2)c1)c1ccccc1,1,-5.432553291320801
COc1ccc(-c2cccc(COc3ccc(CNC(C)C(=O)O)c(OCc4cccc(C#N)c4)c3)c2Br)cc1OC,5.5,c1ccc(COc2cccc(OCc3cccc(-c4ccccc4)c3)c2)cc1,1,-7.537379264831543
COc1ccc(-c2cccc(COc3ccc(CNC(CO)C(=O)O)c(OCc4cccc(C#N)c4)c3)c2Br)cc1OC,5.27,c1ccc(COc2cccc(OCc3cccc(-c4ccccc4)c3)c2)cc1,1,-6.989393711090088
COc1ccc(-c2cccc(COc3ccc(CNCCNC(C)=O)c(OCc4cccc(C#N)c4)c3)c2Br)cc1OC,5.18,c1ccc(COc2cccc(OCc3cccc(-c4ccccc4)c3)c2)cc1,1,-7.519225120544434
COc1ccc(-c2cccc(COc3ccc(CNCCO)c(OCc4cccc(C#N)c4)c3)c2Br)cc1OC,5.1,c1ccc(COc2cccc(OCc3cccc(-c4ccccc4)c3)c2)cc1,1,-7.195385932922363
COc1ccc(C2=NN(c3ccccn3)C(=O)C2)cc1,7.77,O=C1CC(c2ccccc2)=NN1c1ccccn1,1,-4.050349712371826
COc1ccc(C2=NN(c3ccccn3)C(=O)C2)cc1OC,8.14,O=C1CC(c2ccccc2)=NN1c1ccccn1,1,-3.879157781600952
COc1ccc(C=Cc2cc(OC)c(OC)c(OC)c2)cc1OCc1ccc(C=O)cc1,4.31,C(=Cc1cccc(OCc2ccccc2)c1)c1ccccc1,1,-6.878658294677734
COc1ccc(C=Cc2cc(OC)c(OC)c(OC)c2)cc1OCc1ccc(CN2CC(C(=O)O)C2)cc1,4.38,C(=Cc1cccc(OCc2ccc(CN3CCC3)cc2)c1)c1ccccc1,1,-6.081474781036377
COc1ccc(C=Cc2cc(OC)c(OC)c(OC)c2)cc1OCc1ccc(CN2CC(O)C(F)C2)cc1,4.28,C(=Cc1cccc(OCc2ccc(CN3CCCC3)cc2)c1)c1ccccc1,1,-6.36616325378418
COc1ccc(C=Cc2cc(OC)c(OC)c(OC)c2)cc1OCc1ccc(CN2CCC(C(=O)O)C2)cc1,4.41,C(=Cc1cccc(OCc2ccc(CN3CCCC3)cc2)c1)c1ccccc1,1,-5.938345432281494
COc1ccc(C=Cc2cc(OC)c(OC)c(OC)c2)cc1OCc1ccc(CN2CCC(O)C2)cc1,4.05,C(=Cc1cccc(OCc2ccc(CN3CCCC3)cc2)c1)c1ccccc1,1,-5.859432220458984
COc1ccc(C=Cc2cc(OC)c(OC)c(OC)c2)cc1OCc1ccc(CN2CCCCC2C(=O)NCCN)cc1,4.18,C(=Cc1cccc(OCc2ccc(CN3CCCCC3)cc2)c1)c1ccccc1,1,-5.67055606842041
COc1ccc(C=Cc2cc(OC)c(OC)c(OC)c2)cc1OCc1ccc(CNC(C(=O)O)C(C)O)cc1,4.29,C(=Cc1cccc(OCc2ccccc2)c1)c1ccccc1,1,-5.15739631652832
COc1ccc(C=Cc2cc(OC)c(OC)c(OC)c2)cc1OCc1ccc(CNCCNC(C)=O)cc1,4.35,C(=Cc1cccc(OCc2ccccc2)c1)c1ccccc1,1,-5.203224182128906
COc1ccc(C=Cc2cc(OC)c(OC)c(OC)c2)cc1OCc1ccc(CNCCO)cc1,4.04,C(=Cc1cccc(OCc2ccccc2)c1)c1ccccc1,1,-4.810858726501465
COc1ccc(CNCc2cn(C3OC(C)C(O)C(O)C3O)nn2)cc1OCc1cccc(-c2ccccc2)c1C,5.72,c1ccc(-c2cccc(COc3cccc(CNCc4cn(C5CCCCO5)nn4)c3)c2)cc1,1,-3.864673614501953
COc1ccc(CNCc2cn(C3OC(CO)C(O)C(O)C3NC(C)=O)nn2)cc1OCc1cccc(-c2ccccc2)c1C,5.96,c1ccc(-c2cccc(COc3cccc(CNCc4cn(C5CCCCO5)nn4)c3)c2)cc1,1,-3.373495817184448
COc1ccc(CNCc2cn(C3OC(CO)C(O)C(O)C3O)nn2)cc1OCc1cccc(-c2ccccc2)c1C,6.21,c1ccc(-c2cccc(COc3cccc(CNCc4cn(C5CCCCO5)nn4)c3)c2)cc1,1,-2.9582159519195557
COc1ccc(CNCc2cn(C3OC(CO)C(O)C(OC)C3O)nn2)cc1OCc1cccc(-c2ccccc2)c1C,6.42,c1ccc(-c2cccc(COc3cccc(CNCc4cn(C5CCCCO5)nn4)c3)c2)cc1,1,-3.3874948024749756
COc1ccc(CNCc2cn(C3OC4COC(c5ccccc5)OC4C(O)C3O)nn2)cc1OCc1cccc(-c2ccccc2)c1C,5.53,c1ccc(-c2cccc(COc3cccc(CNCc4cn(C5CCC6OC(c7ccccc7)OCC6O5)nn4)c3)c2)cc1,1,-5.975232124328613
COc1ccc(CNCc2cn(C3OCC(O)C(O)C3O)nn2)cc1OCc1cccc(-c2ccccc2)c1C,6.3,c1ccc(-c2cccc(COc3cccc(CNCc4cn(C5CCCCO5)nn4)c3)c2)cc1,1,-3.607558250427246
COc1ccc(Nc2nnc(-c3ccc([N+](=O)[O-])cc3)o2)cc1,4.19,c1ccc(Nc2nnc(-c3ccccc3)o2)cc1,1,-4.837206840515137
COc1ccc(Nc2nnc(-c3cccc(-c4ccccc4)c3C)o2)cc1,5.58,c1ccc(Nc2nnc(-c3cccc(-c4ccccc4)c3)o2)cc1,1,-6.4011921882629395
COc1cccc(-c2cccc(-c3ccc(CNCCO)c(OC)n3)c2C)c1,7.9,c1ccc(-c2cccc(-c3ccccn3)c2)cc1,1,-3.619217157363891
COc1cccc(-c2cccc(COc3cc(OCc4ccc5nonc5c4)c(CNC(CO)C(=O)O)cc3Cl)c2Br)c1,8.11,c1ccc(-c2cccc(COc3cccc(OCc4ccc5nonc5c4)c3)c2)cc1,1,-6.694116115570068
COc1cccc(-c2cccc(N3CCC(N4CCCC4)CC3)c2C#N)c1,5.78,c1ccc(-c2cccc(N3CCC(N4CCCC4)CC3)c2)cc1,1,-4.826516628265381
COc1ccccc1C1=NN(c2ccccn2)C(=O)C1,8.15,O=C1CC(c2ccccc2)=NN1c1ccccn1,1,-3.7915639877319336
COc1nc(-c2cc(F)cc(-c3cc(F)cc(-c4cnc(CNCC5CCC(=O)N5)c(OC)n4)c3Cl)c2Cl)cnc1CNCC1CCC(=O)N1,9.25,O=C1CCC(CNCc2cnc(-c3cccc(-c4cccc(-c5cnc(CNCC6CCC(=O)N6)cn5)c4)c3)cn2)N1,1,-5.494032859802246
COc1nc(-c2cccc(-c3cc(F)cc(-c4cnc(CN5CC(O)C5)c(OC)n4)c3Cl)c2Cl)cnc1CN1CC(O)C1,9.49,c1cc(-c2cccc(-c3cnc(CN4CCC4)cn3)c2)cc(-c2cnc(CN3CCC3)cn2)c1,1,-5.019496917724609
COc1nc(-c2cccc(-c3cc(F)cc(-c4cnc(CNCC5CCC(=O)N5)c(OC)n4)c3Cl)c2Cl)cnc1CNCC1CCC(=O)N1,9.71,O=C1CCC(CNCc2cnc(-c3cccc(-c4cccc(-c5cnc(CNCC6CCC(=O)N6)cn5)c4)c3)cn2)N1,1,-5.42343807220459
COc1nc(-c2cccc(-c3cc(F)cc4c3CCC4Oc3nc(OC)c(CN4CC5(C(=O)O)CCC4CC5)cc3C(F)(F)F)c2Cl)ccc1CNCC1CCC(=O)N1,10.19,O=C1CCC(CNCc2ccc(-c3cccc(-c4cccc5c4CCC5Oc4ccc(CN5CC6CCC5CC6)cn4)c3)nc2)N1,1,-5.831608772277832
COc1nc(-c2cccc(-c3cc(F)cc4c3CCC4Oc3nc(OC)c(CN4CCC(C(=O)O)C4)cc3C(F)(F)F)c2Cl)ccc1CNCC1CCC(=O)N1,10.19,O=C1CCC(CNCc2ccc(-c3cccc(-c4cccc5c4CCC5Oc4ccc(CN5CCCC5)cn4)c3)nc2)N1,1,-5.591977596282959
COc1nc(-c2cccc(-c3ccc4c(c3)OCCO4)c2C)ccc1CNC(CO)C(=O)O,7.98,c1ccc(-c2cccc(-c3ccc4c(c3)OCCO4)c2)nc1,1,-4.0199785232543945
COc1nc(-c2cccc(-c3ccc4c(c3)OCCO4)c2C)ccc1CNCCCO,8.11,c1ccc(-c2cccc(-c3ccc4c(c3)OCCO4)c2)nc1,1,-3.7836005687713623
COc1nc(-c2cccc(-c3ccc4c(c3)OCCO4)c2C)ccc1CNCCN,7.78,c1ccc(-c2cccc(-c3ccc4c(c3)OCCO4)c2)nc1,1,-3.4428277015686035
COc1nc(-c2cccc(-c3ccc4c(c3)OCCO4)c2C)ccc1CNCCNC(C)=O,7.85,c1ccc(-c2cccc(-c3ccc4c(c3)OCCO4)c2)nc1,1,-3.992201328277588
COc1nc(-c2cccc(-c3ccc4c(c3)OCCO4)c2C)ccc1CNCCO,8.1,c1ccc(-c2cccc(-c3ccc4c(c3)OCCO4)c2)nc1,1,-3.8015334606170654
COc1nc(-c2cccc(-c3ccc4c(c3)OCO4)c2C)ccc1CNCCO,7.88,c1ccc(-c2cccc(-c3ccc4c(c3)OCO4)c2)nc1,1,-3.777857542037964
COc1nc(-c2cccc(-c3ccc4nc(-c5cccc(CNCCO)c5)oc4c3)c2C)ccc1CNCCO,7.66,c1ccc(-c2nc3ccc(-c4cccc(-c5ccccn5)c4)cc3o2)cc1,1,-4.598740577697754
COc1nc(-c2cccc(-c3ccccc3)c2C)ccc1C(=O)NCCO,6.49,c1ccc(-c2cccc(-c3ccccn3)c2)cc1,1,-4.091113090515137
COc1nc(-c2cccc(-c3ccccc3)c2C)ccc1CN(C)CCO,8.08,c1ccc(-c2cccc(-c3ccccn3)c2)cc1,1,-3.5525646209716797
COc1nc(-c2cccc(-c3ccccc3)c2C)ccc1CN1CCC(O)C1,8.07,c1ccc(-c2cccc(-c3ccc(CN4CCCC4)cn3)c2)cc1,1,-3.765756130218506
COc1nc(-c2cccc(-c3ccccc3)c2C)ccc1CNC(C)CO,8.3,c1ccc(-c2cccc(-c3ccccn3)c2)cc1,1,-3.5494070053100586
COc1nc(-c2cccc(-c3ccccc3)c2C)ccc1CNC(CO)C(=O)O,7.77,c1ccc(-c2cccc(-c3ccccn3)c2)cc1,1,-3.7580621242523193
COc1nc(-c2cccc(-c3ccccc3)c2C)ccc1CNCC1CCC(=O)N1,7.85,O=C1CCC(CNCc2ccc(-c3cccc(-c4ccccc4)c3)nc2)N1,1,-3.9360804557800297
COc1nc(-c2cccc(-c3ccccc3)c2C)ccc1CNCCCO,8.13,c1ccc(-c2cccc(-c3ccccn3)c2)cc1,1,-3.7185449600219727
COc1nc(-c2cccc(-c3ccccc3)c2C)ccc1CNCCN,7.68,c1ccc(-c2cccc(-c3ccccn3)c2)cc1,1,-3.311185121536255
COc1nc(-c2cccc(-c3ccccc3)c2C)ccc1CNCCNC(=O)c1ccc(-c2c[nH]c(=O)[nH]c2=O)nn1,6.97,O=C(NCCNCc1ccc(-c2cccc(-c3ccccc3)c2)nc1)c1ccc(-c2c[nH]c(=O)[nH]c2=O)nn1,1,-4.749888896942139
COc1nc(-c2cccc(-c3ccccc3)c2C)ccc1CNCCNC(C)=O,7.84,c1ccc(-c2cccc(-c3ccccn3)c2)cc1,1,-3.690577507019043
COc1nc(-c2cccc(-c3ccccc3)c2C)ccc1CNCCO,8.42,c1ccc(-c2cccc(-c3ccccn3)c2)cc1,1,-3.4444775581359863
COc1nc(-c2cccc(-c3ccccc3F)c2C)ccc1CNCCC(N)=O,9.05,c1ccc(-c2cccc(-c3ccccn3)c2)cc1,1,-4.170431613922119
COc1nc(C=Cc2cccc(-c3ccccc3)c2C)ccc1CNC(CO)C(=O)O,5.29,C(=Cc1ccccn1)c1cccc(-c2ccccc2)c1,1,-4.627413272857666
COc1nc(C=Cc2cccc(-c3ccccc3)c2C)ccc1CNC(CO)CO,7.05,C(=Cc1ccccn1)c1cccc(-c2ccccc2)c1,1,-4.437240123748779
COc1nc(C=Cc2cccc(-c3ccccc3)c2C)ccc1CNC1CCCCC1NC(C)=O,5.96,C(=Cc1ccc(CNC2CCCCC2)cn1)c1cccc(-c2ccccc2)c1,1,-6.196439743041992
COc1nc(C=Cc2cccc(-c3ccccc3)c2C)ccc1CNCCNC(C)=O,6.77,C(=Cc1ccccn1)c1cccc(-c2ccccc2)c1,1,-4.695655822753906
COc1nc(NC(=O)c2cccc(-c3ccccc3)c2C)ccc1CNCCNC(C)=O,7.55,O=C(Nc1ccccn1)c1cccc(-c2ccccc2)c1,1,-4.32875394821167
COc1nc(NCCNC(C)=O)nc(OCc2cccc(-c3ccccc3)c2C)n1,5.82,c1ccc(-c2cccc(COc3ncncn3)c2)cc1,1,-4.706662654876709
COc1nc(NCc2cccc(-c3ccccc3)c2C)ccc1CNC(CO)C(=O)O,5.34,c1ccc(-c2cccc(CNc3ccccn3)c2)cc1,1,-4.078042984008789
COc1nc(NCc2cccc(-c3ccccc3)c2C)ccc1CNCCNC(C)=O,5.37,c1ccc(-c2cccc(CNc3ccccn3)c2)cc1,1,-3.991862535476685
COc1nc(OC2CCCc3c(-c4ccccc4)cccc32)ccc1CNCCNC(C)=O,7.32,c1ccc(-c2cccc3c2CCCC3Oc2ccccn2)cc1,1,-4.734554767608643
COc1nc(OC2CCc3c(-c4ccc(F)c(F)c4)cccc32)c(Cl)cc1CNCCO,7.25,c1ccc(-c2cccc3c2CCC3Oc2ccccn2)cc1,1,-5.864378929138184
COc1nc(OC2CCc3c(-c4ccc(F)cc4)cccc32)c(Cl)cc1CNCCO,7.42,c1ccc(-c2cccc3c2CCC3Oc2ccccn2)cc1,1,-5.136721134185791
COc1nc(OC2CCc3c(-c4ccc5c(c4)OCCO5)cccc32)c(Br)cc1CNCCO,7.29,c1ccc(OC2CCc3c(-c4ccc5c(c4)OCCO5)cccc32)nc1,1,-4.5284295082092285
COc1nc(OC2CCc3c(-c4ccc5c(c4)OCCO5)cccc32)c(Cl)cc1CN1CC(O)C1,7.71,c1cc(-c2ccc3c(c2)OCCO3)c2c(c1)C(Oc1ccc(CN3CCC3)cn1)CC2,1,-4.631440162658691
COc1nc(OC2CCc3c(-c4ccc5c(c4)OCCO5)cccc32)c(Cl)cc1CN1CCC(C(=O)O)C1,7.79,c1cc(-c2ccc3c(c2)OCCO3)c2c(c1)C(Oc1ccc(CN3CCCC3)cn1)CC2,1,-5.305782794952393
COc1nc(OC2CCc3c(-c4ccc5c(c4)OCCO5)cccc32)c(Cl)cc1CN1CCC(O)C1,7.75,c1cc(-c2ccc3c(c2)OCCO3)c2c(c1)C(Oc1ccc(CN3CCCC3)cn1)CC2,1,-5.142590045928955
COc1nc(OC2CCc3c(-c4ccc5c(c4)OCCO5)cccc32)c(Cl)cc1CNCC(F)(F)F,7.17,c1ccc(OC2CCc3c(-c4ccc5c(c4)OCCO5)cccc32)nc1,1,-6.675390243530273
COc1nc(OC2CCc3c(-c4ccc5c(c4)OCCO5)cccc32)c(Cl)cc1CNCC(O)CC(=O)O,7.85,c1ccc(OC2CCc3c(-c4ccc5c(c4)OCCO5)cccc32)nc1,1,-4.387871742248535
COc1nc(OC2CCc3c(-c4ccc5c(c4)OCCO5)cccc32)c(Cl)cc1CNCC(O)CO,7.88,c1ccc(OC2CCc3c(-c4ccc5c(c4)OCCO5)cccc32)nc1,1,-4.187466144561768
COc1nc(OC2CCc3c(-c4ccc5c(c4)OCCO5)cccc32)c(Cl)cc1CNCC1CCC(=O)N1,7.8,O=C1CCC(CNCc2ccc(OC3CCc4c(-c5ccc6c(c5)OCCO6)cccc43)nc2)N1,1,-5.037250518798828
COc1nc(OC2CCc3c(-c4ccc5c(c4)OCCO5)cccc32)c(Cl)cc1CNCCC(N)=O,7.69,c1ccc(OC2CCc3c(-c4ccc5c(c4)OCCO5)cccc32)nc1,1,-4.616161346435547
COc1nc(OC2CCc3c(-c4ccc5c(c4)OCCO5)cccc32)c(Cl)cc1CNCCN(C)C,7.33,c1ccc(OC2CCc3c(-c4ccc5c(c4)OCCO5)cccc32)nc1,1,-5.434544086456299
COc1nc(OC2CCc3c(-c4ccc5c(c4)OCCO5)cccc32)c(Cl)cc1CNCCNC(C)=O,7.79,c1ccc(OC2CCc3c(-c4ccc5c(c4)OCCO5)cccc32)nc1,1,-4.9385600090026855
COc1nc(OC2CCc3c(-c4ccc5c(c4)OCCO5)cccc32)c(Cl)cc1CNCCO,7.99,c1ccc(OC2CCc3c(-c4ccc5c(c4)OCCO5)cccc32)nc1,1,-4.479197025299072
COc1nc(OC2CCc3c(-c4ccc5c(c4)OCO5)cccc32)c(Cl)cc1CNCCO,7.6,c1ccc(OC2CCc3c(-c4ccc5c(c4)OCO5)cccc32)nc1,1,-4.149784088134766
COc1nc(OC2CCc3c(-c4cccc(F)c4)cccc32)c(Cl)cc1CNCCO,7.61,c1ccc(-c2cccc3c2CCC3Oc2ccccn2)cc1,1,-5.102258205413818
COc1nc(OC2CCc3c(-c4ccccc4)cccc32)c(Cl)cc1CNCCO,8.12,c1ccc(-c2cccc3c2CCC3Oc2ccccn2)cc1,1,-4.722724914550781
COc1nc(OC2CCc3c(-c4ccccc4)cccc32)ccc1CNCCNC(C)=O,7.68,c1ccc(-c2cccc3c2CCC3Oc2ccccn2)cc1,1,-4.255539894104004
COc1nc(OC2CCc3c(-c4ccccc4)cccc32)ccc1CNCCO,7.61,c1ccc(-c2cccc3c2CCC3Oc2ccccn2)cc1,1,-3.9463934898376465
COc1nc(OC2CCc3c(-c4ccccc4F)cccc32)c(Cl)cc1CNCCO,8.66,c1ccc(-c2cccc3c2CCC3Oc2ccccn2)cc1,1,-5.1524200439453125
COc1nc(OCc2cccc(-c3ccccc3)c2C)ccc1CNCCNC(C)=O,7.83,c1ccc(-c2cccc(COc3ccccn3)c2)cc1,1,-4.448975563049316
COc1nc(OCc2cccc(-c3ccccc3)c2C)ccc1CNCCOC1OC(CO)C(O)C(O)C1NC(C)=O,7.54,c1ccc(-c2cccc(COc3ccc(CNCCOC4CCCCO4)cn3)c2)cc1,1,-2.810013771057129
COc1nc(OCc2cccc(-c3ccccc3)c2C)ccc1CNCc1cn(C2OC(C)C(O)C(O)C2O)nn1,6.75,c1ccc(-c2cccc(COc3ccc(CNCc4cn(C5CCCCO5)nn4)cn3)c2)cc1,1,-3.4192817211151123
COc1nc(OCc2cccc(-c3ccccc3)c2C)ccc1CNCc1cn(C2OC(CO)C(O)C(O)C2NC(C)=O)nn1,7.62,c1ccc(-c2cccc(COc3ccc(CNCc4cn(C5CCCCO5)nn4)cn3)c2)cc1,1,-2.948976755142212
COc1nc(OCc2cccc(-c3ccccc3)c2C)ccc1CNCc1cn(C2OC(CO)C(O)C(O)C2O)nn1,7.25,c1ccc(-c2cccc(COc3ccc(CNCc4cn(C5CCCCO5)nn4)cn3)c2)cc1,1,-2.6753506660461426
COc1nc(OCc2cccc(-c3ccccc3)c2C)ccc1CNCc1cn(C2OC(CO)C(O)C(OC)C2O)nn1,6.51,c1ccc(-c2cccc(COc3ccc(CNCc4cn(C5CCCCO5)nn4)cn3)c2)cc1,1,-3.007392168045044
COc1nc(OCc2cccc(-c3ccccc3)c2C)ccc1CNCc1cn(C2OC3COC(c4ccccc4)OC3C(O)C2O)nn1,6.34,c1ccc(-c2cccc(COc3ccc(CNCc4cn(C5CCC6OC(c7ccccc7)OCC6O5)nn4)cn3)c2)cc1,1,-4.524094104766846
COc1nc(OCc2cccc(-c3ccccc3)c2C)ccc1CNCc1cn(C2OCC(O)C(O)C2O)nn1,7.0,c1ccc(-c2cccc(COc3ccc(CNCc4cn(C5CCCCO5)nn4)cn3)c2)cc1,1,-3.07712721824646
COc1nc(OCc2cccc(-c3ccccc3)c2C)ccc1CNCc1cnnn1C1OCC(O)C(O)C1O,6.93,c1ccc(-c2cccc(COc3ccc(CNCc4cnnn4C4CCCCO4)cn3)c2)cc1,1,-3.226193428039551
CS(=O)(=O)NCCNCc1cc(C(=O)Nc2cccc(-c3ccc4c(c3)OCCO4)c2C#N)c2nncn2c1,6.01,O=C(Nc1cccc(-c2ccc3c(c2)OCCO3)c1)c1cccn2cnnc12,1,-3.850149154663086
CS(=O)(=O)NCCNCc1cc(Cl)c(OCc2cccc(-c3ccccc3)c2Br)cc1OCc1cccnc1,6.7,c1ccc(-c2cccc(COc3cccc(OCc4cccnc4)c3)c2)cc1,1,-6.549909591674805
CS(=O)(=O)NCCNCc1ccc(OCc2cccc(-c3ccccc3)c2Br)cc1OCc1cccc(C#N)c1,6.01,c1ccc(COc2cccc(OCc3cccc(-c4ccccc4)c3)c2)cc1,1,-7.055018901824951
CS(=O)(=O)NCCNCc1cnc(C(=O)N2CCc3c(-c4ccc5c(c4)OCCO5)cccc32)s1,7.35,O=C(c1nccs1)N1CCc2c(-c3ccc4c(c3)OCCO4)cccc21,1,-3.1983487606048584
CS(=O)(=O)NCCNCc1cnc(C(=O)N2CCc3c(-c4ccccc4)cccc32)s1,7.63,O=C(c1nccs1)N1CCc2c(-c3ccccc3)cccc21,1,-3.3515515327453613
CS(C)(=O)=Nc1cc(N2CCOCC2C(F)F)nc(-c2ccnc3[nH]ccc23)n1,7.33,c1cc(N2CCOCC2)nc(-c2ccnc3[nH]ccc23)n1,1,-4.113321304321289
CS(C)(=O)=Nc1cc(N2CCOCC2CF)nc(-c2ccnc3[nH]ccc23)n1,6.59,c1cc(N2CCOCC2)nc(-c2ccnc3[nH]ccc23)n1,1,-3.371222496032715
CSCCC(NC(=O)C(CC(=O)O)NC(=O)C(Cc1ccccc1)NC(=O)C(CCCNC(=N)N)NC(=O)C(Cc1ccc(O)cc1)NC(=O)C(CC(=O)O)NC(=O)C(CCCNC(=N)N)NC(=O)C(Cc1c[nH]c2ccccc12)NC(=O)C(NC(=O)C(Cc1c[nH]c2ccccc12)NC(=O)C(N)CCCNC(=N)N)C(C)C)C(=O)NCC(=O)NC(Cc1ccccc1)C(=O)NC(CC(=O)O)C(=O)NC(Cc1c[nH]c2ccccc12)C(=O)NC(C(=O)NC(Cc1c[nH]c2ccccc12)C(=O)NC(CCC(=O)O)C(=O)O)C(C)C,6.22,O=C(CCc1c[nH]c2ccccc12)NCC(=O)NC(Cc1c[nH]c2ccccc12)C(=O)NCC(=O)NCC(=O)NC(Cc1ccccc1)C(=O)NCC(=O)NC(Cc1ccccc1)C(=O)NCC(=O)NCC(=O)NCC(=O)NC(Cc1ccccc1)C(=O)NCC(=O)NC(Cc1c[nH]c2ccccc12)C(=O)NCC(=O)NCCc1c[nH]c2ccccc12,1,-3.1152851581573486
CSCCC(NCc1ccc(OCc2cccc(-c3ccccc3)c2Br)cc1OCc1cccc(C#N)c1)C(=O)O,5.34,c1ccc(COc2cccc(OCc3cccc(-c4ccccc4)c3)c2)cc1,1,-7.670982360839844
CSCCC(NCc1ccc(OCc2cccc(-c3ccccc3)c2C)c([N+](=O)[O-])c1)C(=O)O,7.75,c1ccc(OCc2cccc(-c3ccccc3)c2)cc1,1,-6.297194480895996
Cc1c(-c2ccc(CNCCO)cc2)cccc1-c1ccc2c(c1)OCCO2,7.79,c1ccc(-c2cccc(-c3ccc4c(c3)OCCO4)c2)cc1,1,-3.8374030590057377
Cc1c(-c2ccc(CNCCO)cc2)cccc1-c1ccc2nc(-c3cccc(CNCCO)c3)oc2c1,7.01,c1ccc(-c2cccc(-c3ccc4nc(-c5ccccc5)oc4c3)c2)cc1,1,-5.518015384674072
Cc1c(-c2ccc(CO)cc2)cccc1-c1ccc2c(c1)OCCO2,5.26,c1ccc(-c2cccc(-c3ccc4c(c3)OCCO4)c2)cc1,1,-5.0395002365112305
Cc1c(-c2ccc(COc3cc(OCc4cccc(C#N)c4)c(CN4CC(O)CC4C(=O)O)cc3Cl)cc2)cccc1-c1ccc2c(c1)OCCO2,8.41,c1ccc(COc2cc(OCc3ccc(-c4cccc(-c5ccc6c(c5)OCCO6)c4)cc3)ccc2CN2CCCC2)cc1,1,-6.520519733428955
Cc1c(-c2ccc(F)cn2)cccc1-c1nc2c(s1)CNCC2,5.28,c1ccc(-c2cccc(-c3nc4c(s3)CNCC4)c2)nc1,1,-3.489804744720459
Cc1c(-c2ccc3c(c2)OCCO3)cccc1-c1ccc(CNCCO)cn1,7.71,c1ccc(-c2cccc(-c3ccc4c(c3)OCCO4)c2)nc1,1,-3.4064929485321045
Cc1c(-c2ccc3c(c2)OCCO3)cccc1-c1ccc(CNCCO)o1,6.72,c1cc(-c2ccc3c(c2)OCCO3)cc(-c2ccco2)c1,1,-3.3459692001342773
Cc1c(-c2ccc3c(c2)OCCO3)cccc1-c1nc2cc(CN3CCCCC3C(=O)O)cc(C)c2o1,7.26,c1cc(-c2ccc3c(c2)OCCO3)cc(-c2nc3cc(CN4CCCCC4)ccc3o2)c1,1,-5.162380218505859
Cc1c(-c2ccc3c(c2)OCCO3)cccc1C(F)(F)Oc1cc(OCc2cccc(C#N)c2)c(CNC(C)(CO)CO)cc1Cl,8.23,c1ccc(COc2cccc(OCc3cccc(-c4ccc5c(c4)OCCO5)c3)c2)cc1,1,-7.053887367248535
Cc1c(-c2ccc3c(c2)OCCO3)cccc1C(F)(F)Oc1cc(OCc2cccc3nonc23)c(CNC(CO)(CO)CO)cc1Cl,8.15,c1cc(OCc2cccc(-c3ccc4c(c3)OCCO4)c2)cc(OCc2cccc3nonc23)c1,1,-6.279921054840088
Cc1c(-c2ccc3c(c2)OCCO3)cccc1C(F)(F)Oc1cc(OCc2ccnc(C#N)c2)c(CN2CCCCC2C(=O)NC2C(O)OC(CO)C(O)C2O)cc1Cl,7.54,O=C(NC1CCCOC1)C1CCCCN1Cc1ccc(OCc2cccc(-c3ccc4c(c3)OCCO4)c2)cc1OCc1ccncc1,1,-5.0128278732299805
Cc1c(-c2ccc3c(c2)OCCO3)cccc1C(F)(F)Oc1cc(OCc2ccnc(C#N)c2)c(CN2CCCCC2C(=O)O)cc1Cl,8.52,c1cc(COc2ccc(CN3CCCCC3)c(OCc3ccncc3)c2)cc(-c2ccc3c(c2)OCCO3)c1,1,-6.370755195617676
Cc1c(-c2ccc3c(c2)OCCO3)cccc1C(F)(F)Oc1cc(OCc2ccnc(C#N)c2)c(CNC(CO)(CO)CO)cc1Cl,8.2,c1cc(OCc2ccncc2)cc(OCc2cccc(-c3ccc4c(c3)OCCO4)c2)c1,1,-6.285761833190918
Cc1c(-c2ccc3c(c2)OCCO3)cccc1C(F)(F)Oc1cc(OCc2ccnc(C#N)c2)c(CNC(CO)C(O)C(O)C(O)CO)cc1Cl,8.15,c1cc(OCc2ccncc2)cc(OCc2cccc(-c3ccc4c(c3)OCCO4)c2)c1,1,-4.943107604980469
Cc1c(-c2ccc3c(c2)OCCO3)cccc1C(F)(F)Oc1cc(OCc2ccnc(C#N)c2)c(CNC2C(O)OC(CO)C(O)C2O)cc1Cl,7.99,c1cc(COc2ccc(CNC3CCCOC3)c(OCc3ccncc3)c2)cc(-c2ccc3c(c2)OCCO3)c1,1,-5.284710884094238
Cc1c(-c2ccc3c(c2)OCCO3)cccc1C(F)(F)Oc1cc(OCc2cncc(C#N)c2)c(CNC(CO)(CO)CO)cc1Cl,8.25,c1cncc(COc2cccc(OCc3cccc(-c4ccc5c(c4)OCCO5)c3)c2)c1,1,-6.035252571105957
Cc1c(-c2ccc3c(c2)OCCO3)cccc1N(C)C(=O)c1ccc(CNCCO)cn1,6.12,O=C(Nc1cccc(-c2ccc3c(c2)OCCO3)c1)c1ccccn1,1,-3.278686046600342
Cc1c(-c2ccc3c(c2)OCCO3)cccc1N1C(=O)c2ccc(C(=O)NCCO)cc2C1=O,6.13,O=C1c2ccccc2C(=O)N1c1cccc(-c2ccc3c(c2)OCCO3)c1,1,-4.849754810333252
Cc1c(-c2ccc3c(c2)OCCO3)ccnc1-c1nc2cc(CN3CCCCC3C(=O)O)c(OCC#N)cc2o1,7.26,c1cc(-c2ccc3c(c2)OCCO3)cc(-c2nc3cc(CN4CCCCC4)ccc3o2)n1,1,-5.4743123054504395
Cc1c(-c2cccc(-c3ccc(CNCCO)cc3)c2)cccc1-c1nnc(Nc2cccc(CNCCO)c2)o1,7.38,c1ccc(Nc2nnc(-c3cccc(-c4cccc(-c5ccccc5)c4)c3)o2)cc1,1,-5.71670389175415
Cc1c(-c2cccc(-c3nnc(Nc4cccc(CNCCO)c4)o3)c2)cccc1-c1nnc(Nc2cccc(CN3CCC(O)C3)c2)o1,7.29,c1ccc(Nc2nnc(-c3cccc(-c4cccc(-c5nnc(Nc6cccc(CN7CCCC7)c6)o5)c4)c3)o2)cc1,1,-5.382577419281006
Cc1c(-c2cccc(OCCO)c2)cccc1-c1nc2c(s1)CNCC2,6.52,c1ccc(-c2cccc(-c3nc4c(s3)CNCC4)c2)cc1,1,-3.6021981239318848
Cc1c(-c2ccccc2)cccc1-c1cc(CNCCO)ccn1,6.88,c1ccc(-c2cccc(-c3ccccn3)c2)cc1,1,-2.793673276901245
Cc1c(-c2ccccc2)cccc1-c1cc2cc(CN3CCCCC3C(=O)O)ccn2c1,6.52,c1ccc(-c2cccc(-c3cc4cc(CN5CCCCC5)ccn4c3)c2)cc1,1,-5.098904132843018
Cc1c(-c2ccccc2)cccc1-c1cc2cc(CN3CCCCC3C(=O)O)cnc2o1,6.26,c1ccc(-c2cccc(-c3cc4cc(CN5CCCCC5)cnc4o3)c2)cc1,1,-5.22489595413208
Cc1c(-c2ccccc2)cccc1-c1cc2cc(CN3CCCCC3C(=O)O)nc(C)c2o1,7.26,c1ccc(-c2cccc(-c3cc4cc(CN5CCCCC5)ncc4o3)c2)cc1,1,-5.401641368865967
Cc1c(-c2ccccc2)cccc1-c1cc2cc(CN3CCCCC3C(=O)O)ncn2c1,5.28,c1ccc(-c2cccc(-c3cc4cc(CN5CCCCC5)ncn4c3)c2)cc1,1,-5.016225814819336
Cc1c(-c2ccccc2)cccc1-c1cc2cc(CNCCO)cnc2o1,7.26,c1ccc(-c2cccc(-c3cc4cccnc4o3)c2)cc1,1,-4.3553080558776855
Cc1c(-c2ccccc2)cccc1-c1cc2cc(CNCCO)nc(C)c2o1,7.26,c1ccc(-c2cccc(-c3cc4ccncc4o3)c2)cc1,1,-5.083240985870361
Cc1c(-c2ccccc2)cccc1-c1cc2ccc(CN3CCCCC3C(=O)O)nc2o1,6.26,c1ccc(-c2cccc(-c3cc4ccc(CN5CCCCC5)nc4o3)c2)cc1,1,-5.282412052154541
Cc1c(-c2ccccc2)cccc1-c1cc2ccc(CNCCO)nc2o1,7.26,c1ccc(-c2cccc(-c3cc4cccnc4o3)c2)cc1,1,-4.471829891204834
Cc1c(-c2ccccc2)cccc1-c1cc2n(n1)CCNC2,6.52,c1ccc(-c2cccc(-c3cc4n(n3)CCNC4)c2)cc1,1,-3.409836530685425
Cc1c(-c2ccccc2)cccc1-c1cc2nc(CN3CCCCC3C(=O)O)cc(C)c2o1,7.26,c1ccc(-c2cccc(-c3cc4nc(CN5CCCCC5)ccc4o3)c2)cc1,1,-5.368427753448486
Cc1c(-c2ccccc2)cccc1-c1cc2nc(CN3CCCCC3C(=O)O)ccc2o1,6.26,c1ccc(-c2cccc(-c3cc4nc(CN5CCCCC5)ccc4o3)c2)cc1,1,-5.4043731689453125
Cc1c(-c2ccccc2)cccc1-c1cc2nc(CN3CCCCC3C(=O)O)cnc2o1,6.26,c1ccc(-c2cccc(-c3cc4nc(CN5CCCCC5)cnc4o3)c2)cc1,1,-5.350605487823486
Cc1c(-c2ccccc2)cccc1-c1cc2nc(CNCCO)cc(C)c2o1,7.26,c1ccc(-c2cccc(-c3cc4ncccc4o3)c2)cc1,1,-5.155329704284668
Cc1c(-c2ccccc2)cccc1-c1cc2nc(CNCCO)ccc2o1,7.26,c1ccc(-c2cccc(-c3cc4ncccc4o3)c2)cc1,1,-4.57336950302124
Cc1c(-c2ccccc2)cccc1-c1cc2nc(CNCCO)cnc2o1,7.26,c1ccc(-c2cccc(-c3cc4nccnc4o3)c2)cc1,1,-4.041917324066162
Cc1c(-c2ccccc2)cccc1-c1ccc(CNCCO)cn1,7.46,c1ccc(-c2cccc(-c3ccccn3)c2)cc1,1,-2.98823881149292
Cc1c(-c2ccccc2)cccc1-c1cn2c(n1)CNCC2,5.28,c1ccc(-c2cccc(-c3cn4c(n3)CNCC4)c2)cc1,1,-3.7519209384918217
Cc1c(-c2ccccc2)cccc1-c1cn2cc(CN3CCCCC3C(=O)O)cc(C)c2n1,6.52,c1ccc(-c2cccc(-c3cn4cc(CN5CCCCC5)ccc4n3)c2)cc1,1,-4.715511798858643
Cc1c(-c2ccccc2)cccc1-c1cn2cc(CNCCO)cc(C)c2n1,6.52,c1ccc(-c2cccc(-c3cn4ccccc4n3)c2)cc1,1,-3.817699670791626
Cc1c(-c2ccccc2)cccc1-c1cn2cc(CNCCO)cc(Cl)c2n1,6.52,c1ccc(-c2cccc(-c3cn4ccccc4n3)c2)cc1,1,-4.077600955963135
Cc1c(-c2ccccc2)cccc1-c1cn2cc(CNCCO)ccc2n1,6.52,c1ccc(-c2cccc(-c3cn4ccccc4n3)c2)cc1,1,-3.208374500274658
Cc1c(-c2ccccc2)cccc1-c1cn2cc(CNCCO)cnc2n1,6.52,c1ccc(-c2cccc(-c3cn4cccnc4n3)c2)cc1,1,-3.104478359222412
Cc1c(-c2ccccc2)cccc1-c1cn2nc(CN(C)CCO)cnc2n1,6.52,c1ccc(-c2cccc(-c3cn4nccnc4n3)c2)cc1,1,-3.280783176422119
Cc1c(-c2ccccc2)cccc1-c1cn2nc(CN3CCCCC3C(=O)O)ccc2n1,5.28,c1ccc(-c2cccc(-c3cn4nc(CN5CCCCC5)ccc4n3)c2)cc1,1,-4.931647777557373
Cc1c(-c2ccccc2)cccc1-c1cn2nc(CNCC#N)cnc2n1,6.52,c1ccc(-c2cccc(-c3cn4nccnc4n3)c2)cc1,1,-3.713431835174561
Cc1c(-c2ccccc2)cccc1-c1cn2nc(CNCC(N)=O)cnc2n1,6.52,c1ccc(-c2cccc(-c3cn4nccnc4n3)c2)cc1,1,-2.8526358604431152
Cc1c(-c2ccccc2)cccc1-c1cn2nc(CNCCO)ccc2n1,6.52,c1ccc(-c2cccc(-c3cn4ncccc4n3)c2)cc1,1,-3.278550863265991
Cc1c(-c2ccccc2)cccc1-c1nc2c(C)cc(CN3CCCCC3C(=O)O)cc2s1,7.26,c1ccc(-c2cccc(-c3nc4ccc(CN5CCCCC5)cc4s3)c2)cc1,1,-5.620063304901123
Cc1c(-c2ccccc2)cccc1-c1nc2c(C)cc(CNCCO)cc2s1,7.26,c1ccc(-c2cccc(-c3nc4ccccc4s3)c2)cc1,1,-5.451493263244629
Cc1c(-c2ccccc2)cccc1-c1nc2c([nH]1)CCNC2,5.28,c1ccc(-c2cccc(-c3nc4c([nH]3)CCNC4)c2)cc1,1,-3.333967924118042
Cc1c(-c2ccccc2)cccc1-c1nc2c(s1)CCNC2,5.28,c1ccc(-c2cccc(-c3nc4c(s3)CCNC4)c2)cc1,1,-3.8516042232513423
Cc1c(-c2ccccc2)cccc1-c1nc2c(s1)CN(C1CCC(CC#N)CC1)CC2,6.52,c1ccc(-c2cccc(-c3nc4c(s3)CN(C3CCCCC3)CC4)c2)cc1,1,-5.702032089233398
Cc1c(-c2ccccc2)cccc1-c1nc2c(s1)CN(C1CCOCC1)CC2,6.52,c1ccc(-c2cccc(-c3nc4c(s3)CN(C3CCOCC3)CC4)c2)cc1,1,-5.2763776779174805
Cc1c(-c2ccccc2)cccc1-c1nc2c(s1)CN(CC1CC1C(=O)O)CC2,6.52,c1ccc(-c2cccc(-c3nc4c(s3)CN(CC3CC3)CC4)c2)cc1,1,-4.7148919105529785
Cc1c(-c2ccccc2)cccc1-c1nc2c(s1)CN(Cc1cn[nH]c1)CC2,6.52,c1ccc(-c2cccc(-c3nc4c(s3)CN(Cc3cn[nH]c3)CC4)c2)cc1,1,-4.80279541015625
Cc1c(-c2ccccc2)cccc1-c1nc2c(s1)CNCC2(C)C,5.28,c1ccc(-c2cccc(-c3nc4c(s3)CNCC4)c2)cc1,1,-5.2079572677612305
Cc1c(-c2ccccc2)cccc1-c1nc2cc(CN3CCCCC3C(=O)O)ccc2o1,7.26,c1ccc(-c2cccc(-c3nc4cc(CN5CCCCC5)ccc4o3)c2)cc1,1,-5.31638240814209
Cc1c(-c2ccccc2)cccc1-c1nc2cc(CN3CCCCC3C(=O)O)ccc2s1,6.26,c1ccc(-c2cccc(-c3nc4cc(CN5CCCCC5)ccc4s3)c2)cc1,1,-5.622678756713867
Cc1c(-c2ccccc2)cccc1-c1nc2cc(CN3CCCCC3C(=O)O)ccn2n1,6.52,c1ccc(-c2cccc(-c3nc4cc(CN5CCCCC5)ccn4n3)c2)cc1,1,-4.9947686195373535
Cc1c(-c2ccccc2)cccc1-c1nc2cc(CNCCO)c(OCCCC#N)c(C)c2o1,7.26,c1ccc(-c2cccc(-c3nc4ccccc4o3)c2)cc1,1,-6.027318000793457
Cc1c(-c2ccccc2)cccc1-c1nc2cc(CNCCO)c(OCc3cccc(C#N)c3)cc2o1,7.26,c1ccc(COc2ccc3nc(-c4cccc(-c5ccccc5)c4)oc3c2)cc1,1,-6.669275760650635
Cc1c(-c2ccccc2)cccc1-c1nc2cc(CNCCO)ncc2o1,7.26,c1ccc(-c2cccc(-c3nc4ccncc4o3)c2)cc1,1,-3.6918768882751465
Cc1c(-c2ccccc2)cccc1-c1nc2ccc(CN3CCCCC3C(=O)O)cc2o1,7.26,c1ccc(-c2cccc(-c3nc4ccc(CN5CCCCC5)cc4o3)c2)cc1,1,-5.325610637664795
Cc1c(-c2ccccc2)cccc1-c1nc2ccc(CN3CCCCC3C(=O)O)cn2n1,6.52,c1ccc(-c2cccc(-c3nc4ccc(CN5CCCCC5)cn4n3)c2)cc1,1,-4.996667861938477
Cc1c(-c2ccccc2)cccc1-c1nc2n(n1)CCNC2,6.52,c1ccc(-c2cccc(-c3nc4n(n3)CCNC4)c2)cc1,1,-3.0984086990356445
Cc1c(-c2ccccc2)cccc1-c1nnc(Nc2cccc(CN(C)CCO)c2)o1,4.17,c1ccc(Nc2nnc(-c3cccc(-c4ccccc4)c3)o2)cc1,1,-5.734823226928711
Cc1c(-c2ccccc2)cccc1-c1nnc(Nc2cccc(CN3CCC(O)C3)c2)o1,4.33,c1ccc(-c2cccc(-c3nnc(Nc4cccc(CN5CCCC5)c4)o3)c2)cc1,1,-5.763181686401367
Cc1c(-c2ccccc2)cccc1-c1nnc(Nc2cccc(CN3CCOCC3)c2)o1,4.19,c1ccc(-c2cccc(-c3nnc(Nc4cccc(CN5CCOCC5)c4)o3)c2)cc1,1,-5.884962558746338
Cc1c(-c2ccccc2)cccc1-c1nnc(Nc2cccc(CNC(C)CO)c2)o1,4.16,c1ccc(Nc2nnc(-c3cccc(-c4ccccc4)c3)o2)cc1,1,-5.360387802124023
Cc1c(-c2ccccc2)cccc1-c1nnc(Nc2cccc(CNCC(=O)O)c2)o1,4.61,c1ccc(Nc2nnc(-c3cccc(-c4ccccc4)c3)o2)cc1,1,-5.301120758056641
Cc1c(-c2ccccc2)cccc1-c1nnc(Nc2cccc(CNCCCO)c2)o1,4.25,c1ccc(Nc2nnc(-c3cccc(-c4ccccc4)c3)o2)cc1,1,-5.662569046020508
Cc1c(-c2ccccc2)cccc1-c1nnc(Nc2cccc(CNCCO)c2)o1,4.56,c1ccc(Nc2nnc(-c3cccc(-c4ccccc4)c3)o2)cc1,1,-4.631908416748047
Cc1c(-c2ccccc2)cccc1N1C(=O)c2cc(CNC(C(=O)O)C(C)O)c(OCc3cccc(C#N)c3)cc2C1=O,8.05,O=C1c2ccc(OCc3ccccc3)cc2C(=O)N1c1cccc(-c2ccccc2)c1,1,-6.783281326293945
Cc1c(-c2ccccc2)cccc1N1C(=O)c2ccc(C(=O)N3CCN(C(C)C)CC3)cc2C1=O,5.29,O=C(c1ccc2c(c1)C(=O)N(c1cccc(-c3ccccc3)c1)C2=O)N1CCNCC1,1,-5.1404290199279785
Cc1c(-c2ccccc2)cccc1N1C(=O)c2ccc(C(=O)N3CCOCC3)cc2C1=O,5.71,O=C(c1ccc2c(c1)C(=O)N(c1cccc(-c3ccccc3)c1)C2=O)N1CCOCC1,1,-5.083200454711914
Cc1c(-c2ccccc2)cccc1N1C(=O)c2ccc(C(=O)NCCO)cc2C1=O,5.72,O=C1c2ccccc2C(=O)N1c1cccc(-c2ccccc2)c1,1,-4.5093607902526855
Cc1c(-c2ccccc2)cccc1N1C(=O)c2ccc(CN(C)CCO)cc2C1=O,6.04,O=C1c2ccccc2C(=O)N1c1cccc(-c2ccccc2)c1,1,-4.3645453453063965
Cc1c(-c2ccccc2)cccc1N1C(=O)c2ccc(CN3CCCC3C(=O)O)cc2C1=O,5.85,O=C1c2ccc(CN3CCCC3)cc2C(=O)N1c1cccc(-c2ccccc2)c1,1,-5.079610347747803
Cc1c(-c2ccccc2)cccc1N1C(=O)c2ccc(CN3CCCC3C(N)=O)cc2C1=O,5.56,O=C1c2ccc(CN3CCCC3)cc2C(=O)N1c1cccc(-c2ccccc2)c1,1,-4.804429531097412
Cc1c(-c2ccccc2)cccc1N1C(=O)c2ccc(CN3CCCC3CO)cc2C1=O,5.66,O=C1c2ccc(CN3CCCC3)cc2C(=O)N1c1cccc(-c2ccccc2)c1,1,-4.754725456237793
Cc1c(-c2ccccc2)cccc1N1C(=O)c2ccc(CN3CCCCC3C(=O)O)cc2C1=O,5.67,O=C1c2ccc(CN3CCCCC3)cc2C(=O)N1c1cccc(-c2ccccc2)c1,1,-5.5658650398254395
Cc1c(-c2ccccc2)cccc1N1C(=O)c2ccc(CN3CCOCC3)cc2C1=O,5.6,O=C1c2ccc(CN3CCOCC3)cc2C(=O)N1c1cccc(-c2ccccc2)c1,1,-4.834235668182373
Cc1c(-c2ccccc2)cccc1N1C(=O)c2ccc(CNC(CO)C(=O)O)cc2C1=O,6.81,O=C1c2ccccc2C(=O)N1c1cccc(-c2ccccc2)c1,1,-4.518434047698975
Cc1c(-c2ccccc2)cccc1N1C(=O)c2ccc(CNC3CCOCC3)cc2C1=O,6.17,O=C1c2ccc(CNC3CCOCC3)cc2C(=O)N1c1cccc(-c2ccccc2)c1,1,-5.535333633422852
Cc1c(-c2ccccc2)cccc1N1C(=O)c2ccc(CNCCN)cc2C1=O,6.04,O=C1c2ccccc2C(=O)N1c1cccc(-c2ccccc2)c1,1,-4.194984436035156
Cc1c(-c2ccccc2)cccc1N1C(=O)c2ccc(CNCCNC(=O)OC(C)(C)C)cc2C1=O,5.62,O=C1c2ccccc2C(=O)N1c1cccc(-c2ccccc2)c1,1,-6.386777400970459
Cc1c(-c2ccccc2)cccc1N1C(=O)c2ccc(CNCCNS(C)(=O)=O)cc2C1=O,6.01,O=C1c2ccccc2C(=O)N1c1cccc(-c2ccccc2)c1,1,-4.2461652755737305
Cc1c(-c2ccccc2)cccc1N1C(=O)c2ccc(CNCCO)cc2C1=O,6.47,O=C1c2ccccc2C(=O)N1c1cccc(-c2ccccc2)c1,1,-4.238525867462158
Cc1c(-c2ccccc2)cccc1N1CCC(NCC(=O)N2CCN(C(C)C)CC2)CC1,5.78,O=C(CNC1CCN(c2cccc(-c3ccccc3)c2)CC1)N1CCNCC1,1,-3.3397772312164307
Cc1c(-c2ccccc2)cccc1N1Cc2cc(CNCCO)ccc2C1=O,5.14,O=C1c2ccccc2CN1c1cccc(-c2ccccc2)c1,1,-3.677503824234009
Cc1c(-c2ccccc2)cccc1N1Cc2ccc(CNCCO)cc2C1=O,5.03,O=C1c2ccccc2CN1c1cccc(-c2ccccc2)c1,1,-3.696290969848633
Cc1c(-c2ccccc2)ccnc1C1N=C2CCNCC2=N1,6.52,c1ccc(-c2ccnc(C3N=C4CCNCC4=N3)c2)cc1,1,-2.846529960632324
Cc1c(-c2ccsc2)cccc1-c1nc2c(s1)CNCC2,6.52,c1cc(-c2ccsc2)cc(-c2nc3c(s2)CNCC3)c1,1,-4.108569622039795
Cc1c(-c2nc3c(s2)CNCC3)ccnc1-c1ccc2c(c1)OCCO2,5.28,c1cc(-c2nc3c(s2)CNCC3)cc(-c2ccc3c(c2)OCCO3)n1,1,-3.6955156326293945
Cc1c(C#Cc2ccc(CN3CCCC(O)C3C(=O)O)cc2F)cccc1-c1ccccc1,5.55,C(#Cc1cccc(-c2ccccc2)c1)c1ccc(CN2CCCCC2)cc1,1,-4.667253494262695
Cc1c(C(=O)Oc2cc(OCc3cccc(C#N)c3)c(CNC(CO)CO)cc2Cl)cccc1-c1ccccc1,6.93,O=C(Oc1cccc(OCc2ccccc2)c1)c1cccc(-c2ccccc2)c1,1,-7.374356269836426
Cc1c(C(=O)Oc2ccc(CN3CC(O)CC3C(=O)O)c(OCc3cccc(C#N)c3)c2)cccc1-c1ccccc1,8.92,O=C(Oc1ccc(CN2CCCC2)c(OCc2ccccc2)c1)c1cccc(-c2ccccc2)c1,1,-6.760558128356934
Cc1c(C(=O)Oc2ccc(CNC(CO)(CO)CO)c(Br)c2)cccc1-c1ccccc1,8.58,O=C(Oc1ccccc1)c1cccc(-c2ccccc2)c1,1,-4.25709342956543
Cc1c(C(=O)Oc2ccc(CNC(CO)(CO)CO)c(OCc3cccc(C#N)c3)c2C)cccc1-c1ccccc1,6.96,O=C(Oc1cccc(OCc2ccccc2)c1)c1cccc(-c2ccccc2)c1,1,-5.693267822265625
Cc1c(C(=O)Oc2ccc(CNC(CO)(CO)CO)cc2)cccc1-c1ccccc1,7.59,O=C(Oc1ccccc1)c1cccc(-c2ccccc2)c1,1,-3.6688952445983887
Cc1c(C(=O)Oc2ccc(CNC(CO)C(=O)O)c(OCc3cccc(C#N)c3)c2)cccc1-c1ccccc1,7.62,O=C(Oc1cccc(OCc2ccccc2)c1)c1cccc(-c2ccccc2)c1,1,-6.773514747619629
Cc1c(C(=O)Oc2ccc(CNC(CO)C(=O)O)c(OCc3cccc(C#N)c3)c2C)cccc1-c1ccccc1,6.64,O=C(Oc1cccc(OCc2ccccc2)c1)c1cccc(-c2ccccc2)c1,1,-6.6014838218688965
Cc1c(C(=O)Oc2ccc(CNC(CO)C(=O)O)cc2)cccc1-c1ccccc1,7.76,O=C(Oc1ccccc1)c1cccc(-c2ccccc2)c1,1,-4.505222320556641
Cc1c(C(=O)Oc2ccc(CNCCO)c(OCc3cccc(C#N)c3)c2)cccc1-c1ccccc1,7.88,O=C(Oc1cccc(OCc2ccccc2)c1)c1cccc(-c2ccccc2)c1,1,-6.970555782318115
Cc1c(C2=CCCCC2)cccc1-c1nc2cc(CNCCO)c(OCC#N)cc2o1,7.26,C1=C(c2cccc(-c3nc4ccccc4o3)c2)CCCC1,1,-4.870580673217773
Cc1c(C2=CCOCC2)cccc1-c1nc2c(s1)CNCC2,5.28,C1=C(c2cccc(-c3nc4c(s3)CNCC4)c2)CCOC1,1,-3.205754041671753
Cc1c(C=CC(=O)c2cc(CN3CCN(c4cccc([N+](=O)[O-])c4)CC3)ccc2O)cccc1-c1ccc2c(c1)OCCO2,4.71,O=C(C=Cc1cccc(-c2ccc3c(c2)OCCO3)c1)c1cccc(CN2CCN(c3ccccc3)CC2)c1,1,-6.236843585968018
Cc1c(C=Cc2c(Cl)cc(CNC(C)(CO)C(=O)O)cc2C(F)(F)F)cccc1-c1ccc2c(c1)OCCO2,7.75,C(=Cc1cccc(-c2ccc3c(c2)OCCO3)c1)c1ccccc1,1,-6.841792106628418
Cc1c(C=Cc2cc(C(C)NCC(=O)O)ccc2C(F)(F)F)cccc1-c1ccccc1,7.62,C(=Cc1cccc(-c2ccccc2)c1)c1ccccc1,1,-6.245548248291016
Cc1c(C=Cc2cc(CC(C)(CO)C(=O)O)ccc2C(F)(F)F)cccc1-c1ccc2c(c1)OCCO2,7.75,C(=Cc1cccc(-c2ccc3c(c2)OCCO3)c1)c1ccccc1,1,-6.675992488861084
Cc1c(C=Cc2cc(CC(CO)C(=O)O)ccc2C(F)(F)F)cccc1-c1ccc2c(c1F)OCCO2,7.89,C(=Cc1cccc(-c2ccc3c(c2)OCCO3)c1)c1ccccc1,1,-6.742178440093994
Cc1c(C=Cc2cc(CN3CCCC3CO)ccc2C(F)(F)F)cccc1-c1ccc2c(c1)OCCO2,5.62,C(=Cc1cccc(-c2ccc3c(c2)OCCO3)c1)c1cccc(CN2CCCC2)c1,1,-6.350986480712891
Cc1c(C=Cc2cc(CNC(C)(CO)C(=O)O)cc3c2OCC3)cccc1-c1ccc2c(c1)OCCO2,6.37,C(=Cc1cccc2c1OCC2)c1cccc(-c2ccc3c(c2)OCCO3)c1,1,-5.0201945304870605
Cc1c(C=Cc2cc(CNC(C)(CO)C(=O)O)ccc2C(F)(F)F)cccc1-c1ccc(F)cc1,6.5,C(=Cc1cccc(-c2ccccc2)c1)c1ccccc1,1,-6.124726295471191
Cc1c(C=Cc2cc(CNC(C)(CO)C(=O)O)ccc2C(F)(F)F)cccc1-c1ccc2c(c1)OCCO2,7.75,C(=Cc1cccc(-c2ccc3c(c2)OCCO3)c1)c1ccccc1,1,-6.208322525024414
Cc1c(C=Cc2cc(CNC(C)(CO)C(=O)O)ccc2C(F)(F)F)cccc1-c1ccc2c(c1F)OCCO2,7.75,C(=Cc1cccc(-c2ccc3c(c2)OCCO3)c1)c1ccccc1,1,-6.448324680328369
Cc1c(C=Cc2cc(CNC(C)(CO)C(=O)O)ccc2C(F)(F)F)cccc1-c1ccc2cn(C)nc2c1,6.06,C(=Cc1cccc(-c2ccc3c[nH]nc3c2)c1)c1ccccc1,1,-5.773454666137695
Cc1c(C=Cc2cc(CNC(C)(CO)C(=O)O)ccc2C(F)(F)F)cccc1-c1ccc2ncoc2c1,5.96,C(=Cc1cccc(-c2ccc3ncoc3c2)c1)c1ccccc1,1,-6.174198627471924
Cc1c(C=Cc2cc(CNC(C)(CO)C(=O)O)ccc2C(F)(F)F)cccc1-c1cccc(F)c1,7.34,C(=Cc1cccc(-c2ccccc2)c1)c1ccccc1,1,-6.163204193115234
Cc1c(C=Cc2cc(CNC(C)(CO)C(=O)O)ccc2C(F)(F)F)cccc1-c1ccccc1,7.75,C(=Cc1cccc(-c2ccccc2)c1)c1ccccc1,1,-5.90990686416626
Cc1c(C=Cc2cc(CNC(C)(CO)C(=O)O)ccc2C(F)(F)F)cccc1-c1ccccc1F,7.7,C(=Cc1cccc(-c2ccccc2)c1)c1ccccc1,1,-6.314119338989258
Cc1c(C=Cc2cc(CNC(C)(CO)C(=O)O)ccc2C(F)(F)F)cccc1-c1ccccn1,5.66,C(=Cc1cccc(-c2ccccn2)c1)c1ccccc1,1,-5.752064228057861
Cc1c(C=Cc2cc(CNC(C)(CO)C(=O)O)ccc2C(F)(F)F)cccc1-c1cccnc1,6.24,C(=Cc1cccc(-c2cccnc2)c1)c1ccccc1,1,-5.581003665924072
Cc1c(C=Cc2cc(CNC(C)(CO)C(=O)O)ccc2C(F)(F)F)cccc1-c1cn2ccnc2cn1,5.89,C(=Cc1cccc(-c2cn3ccnc3cn2)c1)c1ccccc1,1,-5.9481916427612305
Cc1c(C=Cc2cc(CNC(C)(CO)C(=O)O)ccc2C(F)(F)F)cccc1-c1cnccn1,6.27,C(=Cc1cccc(-c2cnccn2)c1)c1ccccc1,1,-4.926532745361328
Cc1c(C=Cc2cc(CNC(C)(CO)C(=O)O)ccc2F)cccc1-c1ccc2c(c1)OCCO2,7.18,C(=Cc1cccc(-c2ccc3c(c2)OCCO3)c1)c1ccccc1,1,-5.378940582275391
Cc1c(C=Cc2cc(CNC(CO)(CO)C(=O)O)ccc2C(F)(F)F)cccc1-c1ccccc1,7.21,C(=Cc1cccc(-c2ccccc2)c1)c1ccccc1,1,-4.75779390335083
Cc1c(C=Cc2cc(CNC(CO)C(=O)O)ccc2C(F)(F)F)cccc1-c1ccc2c(c1)OCCO2,7.89,C(=Cc1cccc(-c2ccc3c(c2)OCCO3)c1)c1ccccc1,1,-5.9411845207214355
Cc1c(C=Cc2cc(CNC(CO)C(=O)O)ccc2C(F)(F)F)cccc1-c1ccccc1F,7.89,C(=Cc1cccc(-c2ccccc2)c1)c1ccccc1,1,-6.23051118850708
Cc1c(C=Cc2cc(CNC(CO)C(=O)O)ccc2Cl)cccc1-c1ccccc1,6.6,C(=Cc1cccc(-c2ccccc2)c1)c1ccccc1,1,-5.585656642913818
Cc1c(C=Cc2cc(CNC(CO)C(=O)O)ccc2F)cccc1-c1ccc2c(c1)OCCO2,7.62,C(=Cc1cccc(-c2ccc3c(c2)OCCO3)c1)c1ccccc1,1,-4.705402851104736
Cc1c(C=Cc2ccc(CN3CCCC(O)C3C(=O)O)cc2F)cccc1-c1ccccc1,6.11,C(=Cc1cccc(-c2ccccc2)c1)c1ccc(CN2CCCCC2)cc1,1,-5.55739164352417
Cc1c(C=Cc2ccc(CN3CCCC(O)C3CO)cc2Cl)cccc1-c1ccccc1,6.16,C(=Cc1cccc(-c2ccccc2)c1)c1ccc(CN2CCCCC2)cc1,1,-5.907620429992676
Cc1c(C=Cc2ccc(CN3CCCC3CO)cc2Cl)cccc1-c1ccccc1,6.34,C(=Cc1cccc(-c2ccccc2)c1)c1ccc(CN2CCCC2)cc1,1,-6.217052459716797
Cc1c(C=Cc2ccc(CN3CCCC3CO)cn2)cccc1-c1ccccc1,6.23,C(=Cc1ccc(CN2CCCC2)cn1)c1cccc(-c2ccccc2)c1,1,-5.051726818084717
Cc1c(C=Cc2ccc(CNC(C)(CO)C(=O)O)cc2C(F)(F)F)cccc1-c1ccc2c(c1)OCCO2,7.75,C(=Cc1cccc(-c2ccc3c(c2)OCCO3)c1)c1ccccc1,1,-6.305896759033203
Cc1c(C=Cc2ccc(CNC(CO)C(N)=O)cc2Cl)cccc1-c1ccccc1,6.47,C(=Cc1cccc(-c2ccccc2)c1)c1ccccc1,1,-5.027624607086182
Cc1c(C=Cc2ccc(CNC(CO)CO)cc2Cl)cccc1-c1ccccc1,6.6,C(=Cc1cccc(-c2ccccc2)c1)c1ccccc1,1,-5.599985599517822
Cc1c(C=Cc2ccc(CNCC(O)CC(=O)O)cn2)cccc1-c1ccc2c(c1)OCCO2,6.72,C(=Cc1ccccn1)c1cccc(-c2ccc3c(c2)OCCO3)c1,1,-4.303736209869385
Cc1c(C=Cc2ccc(CNCCO)cn2)cccc1-c1ccc2c(c1)OCCO2,6.51,C(=Cc1ccccn1)c1cccc(-c2ccc3c(c2)OCCO3)c1,1,-3.841056108474731
Cc1c(C=Cc2nc(CNC(C)(CO)C(=O)O)ccc2C(F)(F)F)cccc1-c1ccc2c(c1)OCCO2,7.75,C(=Cc1ccccn1)c1cccc(-c2ccc3c(c2)OCCO3)c1,1,-5.624824523925781
Cc1c(C=Cc2ncc(CNC(CO)C(=O)O)cc2C(F)(F)F)cccc1-c1ccc2c(c1)OCCO2,7.44,C(=Cc1ccccn1)c1cccc(-c2ccc3c(c2)OCCO3)c1,1,-5.052868843078613
Cc1c(C=Cn2nnnc2C(C)NCCCO)cccc1-c1ccc2c(c1)OCCO2,6.59,C(=Cn1cnnn1)c1cccc(-c2ccc3c(c2)OCCO3)c1,1,-4.027276515960693
Cc1c(C=Cn2nnnc2C(C)NCCCO)cccc1-c1ccccc1,5.75,C(=Cn1cnnn1)c1cccc(-c2ccccc2)c1,1,-3.9831714630126953
Cc1c(C=Cn2nnnc2C(NCc2ccncc2)C2CC2)cccc1-c1ccccc1,5.75,C(=Cn1nnnc1C(NCc1ccncc1)C1CC1)c1cccc(-c2ccccc2)c1,1,-5.546093940734863
Cc1c(C=Cn2nnnc2CN2CCCCOC2)cccc1-c1ccccc1,6.34,C(=Cn1nnnc1CN1CCCCOC1)c1cccc(-c2ccccc2)c1,1,-4.136497497558594
Cc1c(C=Cn2nnnc2CN2CCCOC2)cccc1-c1ccc2c(c1)OCCO2,5.95,C(=Cn1nnnc1CN1CCCOC1)c1cccc(-c2ccc3c(c2)OCCO3)c1,1,-4.181591510772705
Cc1c(C=Cn2nnnc2CN2CCCOC2)cccc1-c1ccccc1,6.03,C(=Cn1nnnc1CN1CCCOC1)c1cccc(-c2ccccc2)c1,1,-4.274497032165527
Cc1c(C=Cn2nnnc2CN2CCOC2)cccc1-c1ccccc1,6.0,C(=Cn1nnnc1CN1CCOC1)c1cccc(-c2ccccc2)c1,1,-3.7789711952209473
Cc1c(C=Cn2nnnc2CNCCCCCO)cccc1-c1ccc2c(c1)OCCO2,5.54,C(=Cn1cnnn1)c1cccc(-c2ccc3c(c2)OCCO3)c1,1,-3.24230432510376
Cc1c(C=Cn2nnnc2CNCCCCCO)cccc1-c1ccccc1,5.74,C(=Cn1cnnn1)c1cccc(-c2ccccc2)c1,1,-3.667270421981811
Cc1c(C=Cn2nnnc2CNCCCCO)cccc1-c1ccc2c(c1)OCCO2,5.95,C(=Cn1cnnn1)c1cccc(-c2ccc3c(c2)OCCO3)c1,1,-3.433744192123413
Cc1c(CCc2cc(CNC(C)(CO)C(=O)O)ccc2C(F)(F)F)cccc1-c1ccccc1,7.07,c1ccc(CCc2cccc(-c3ccccc3)c2)cc1,1,-5.540137767791748
Cc1c(CCc2cc(CNC(C)C(=O)O)ccc2C(F)(F)F)cccc1-c1ccccc1,7.36,c1ccc(CCc2cccc(-c3ccccc3)c2)cc1,1,-5.528000354766846
Cc1c(CCc2cc(CNC(CO)C(=O)O)ccc2C(F)(F)F)cccc1-c1ccccc1,7.34,c1ccc(CCc2cccc(-c3ccccc3)c2)cc1,1,-5.333711624145508
Cc1c(CN(C)c2ccc(CNCCO)c(OCc3cccc(C#N)c3)c2)cccc1-c1ccccc1,4.65,c1ccc(COc2cccc(NCc3cccc(-c4ccccc4)c3)c2)cc1,1,-6.482760906219482
Cc1c(CN2C(=O)c3ccc(CN4CCCCC4C(=O)O)cc3C2=O)cccc1-c1ccccc1,5.33,O=C1c2ccc(CN3CCCCC3)cc2C(=O)N1Cc1cccc(-c2ccccc2)c1,1,-5.539251804351807
Cc1c(CN2C(=O)c3ccc(CNCCO)cc3C2=O)cccc1-c1ccccc1,5.42,O=C1c2ccccc2C(=O)N1Cc1cccc(-c2ccccc2)c1,1,-4.184403419494629
Cc1c(CN2CCC(NCC(O)(Cn3ccnc3)c3ccc(Cl)cc3Cl)CC2)cccc1-c1ccccc1,7.55,c1ccc(-c2cccc(CN3CCC(NCC(Cn4ccnc4)c4ccccc4)CC3)c2)cc1,1,-6.080099582672119
Cc1c(CN2CCC(NCC(O)(Cn3cncn3)c3ccc(Cl)cc3)CC2)cccc1-c1ccccc1,7.8,c1ccc(-c2cccc(CN3CCC(NCC(Cn4cncn4)c4ccccc4)CC3)c2)cc1,1,-5.860722064971924
Cc1c(CN2CCCC(C(=O)NCC(O)(Cn3cncn3)c3ccc(Cl)cc3)C2)cccc1-c1ccccc1,7.5,O=C(NCC(Cn1cncn1)c1ccccc1)C1CCCN(Cc2cccc(-c3ccccc3)c2)C1,1,-5.855573654174805
Cc1c(CNc2cc(OCc3cncc(C#N)c3)c(CNC(CO)C(=O)O)cc2Cl)cccc1-c1ccc2c(c1)OCCO2,6.88,c1cncc(COc2cccc(NCc3cccc(-c4ccc5c(c4)OCCO5)c3)c2)c1,1,-6.041691303253174
Cc1c(CNc2cc(OCc3cncc(C#N)c3)c(CNC(CO)C(=O)O)cc2Cl)cccc1-c1ccccc1,7.58,c1ccc(-c2cccc(CNc3cccc(OCc4cccnc4)c3)c2)cc1,1,-6.264880180358887
Cc1c(CNc2ccc(CNC(CO)C(=O)O)c(OCc3cccc(C#N)c3)c2)cccc1-c1ccc2c(c1)OCCO2,6.36,c1ccc(COc2cccc(NCc3cccc(-c4ccc5c(c4)OCCO5)c3)c2)cc1,1,-6.186378479003906
Cc1c(CNc2ccc(CNC(CO)C(=O)O)c(OCc3cccc(C#N)c3)c2)cccc1-c1ccccc1,5.94,c1ccc(COc2cccc(NCc3cccc(-c4ccccc4)c3)c2)cc1,1,-6.486706733703613
Cc1c(CNc2ccc(CNC(CO)C(=O)O)c(OCc3cncc(C#N)c3)c2)cccc1-c1ccccc1,7.42,c1ccc(-c2cccc(CNc3cccc(OCc4cccnc4)c3)c2)cc1,1,-5.4213457107543945
Cc1c(CNc2ccc(CNC(CO)CO)c(OCc3cccc(C#N)c3)c2)cccc1-c1ccccc1,5.58,c1ccc(COc2cccc(NCc3cccc(-c4ccccc4)c3)c2)cc1,1,-6.2558698654174805
Cc1c(CNc2ccc(CNCCO)c(OCc3cccc(C#N)c3)c2)cccc1-c1ccccc1,5.43,c1ccc(COc2cccc(NCc3cccc(-c4ccccc4)c3)c2)cc1,1,-6.4142937660217285
Cc1c(CO)cccc1-c1ccc2c(c1)OCCO2,9.04,c1ccc(-c2ccc3c(c2)OCCO3)cc1,1,-3.3978447914123535
Cc1c(CO)cccc1-c1ccccc1,9.04,c1ccc(-c2ccccc2)cc1,1,-3.0831522941589355
Cc1c(COc2cc(CNCC(O)CC(=O)O)ccc2C(F)(F)F)cccc1-c1ccc2c(c1)OCCO2,7.75,c1ccc(OCc2cccc(-c3ccc4c(c3)OCCO4)c2)cc1,1,-5.812715530395508
Cc1c(COc2cc(F)c(CNCC(O)CC(=O)O)cc2F)cccc1-c1ccc2c(c1)OCCO2,7.1,c1ccc(OCc2cccc(-c3ccc4c(c3)OCCO4)c2)cc1,1,-4.738284587860107
Cc1c(COc2cc(OCc3ccc(OC(F)(F)F)cc3)c(N3CCCCC3C(=O)O)cc2Cl)cccc1-c1ccccc1,7.25,c1ccc(COc2cc(OCc3cccc(-c4ccccc4)c3)ccc2N2CCCCC2)cc1,1,-6.902667045593262
Cc1c(COc2cc(OCc3ccc(OC(F)(F)F)nc3)c(N3CCCCC3C(=O)O)cc2Cl)cccc1-c1ccccc1,7.25,c1ccc(-c2cccc(COc3ccc(N4CCCCC4)c(OCc4cccnc4)c3)c2)cc1,1,-6.667652606964111
Cc1c(COc2cc(OCc3ccc4nonc4c3)c(CNC(CO)C(=O)O)cc2Cl)cccc1-c1ccccc1,7.78,c1ccc(-c2cccc(COc3cccc(OCc4ccc5nonc5c4)c3)c2)cc1,1,-6.777385234832764
Cc1c(COc2cc(OCc3cccc(C#N)c3)c(C=O)cc2Cl)cccc1-c1ccccc1,5.89,c1ccc(COc2cccc(OCc3cccc(-c4ccccc4)c3)c2)cc1,1,-7.899520874023437
Cc1c(COc2cc(OCc3cccc(C#N)c3)c(CN(C)CC(=O)O)cc2[N+](=O)[O-])cccc1-c1ccccc1,8.13,c1ccc(COc2cccc(OCc3cccc(-c4ccccc4)c3)c2)cc1,1,-6.9504499435424805
Cc1c(COc2cc(OCc3cccc(C#N)c3)c(CN3CC(C(=O)O)C3)cc2Cl)cccc1-c1ccc2c(c1)OCCO2,7.84,c1ccc(COc2cc(OCc3cccc(-c4ccc5c(c4)OCCO5)c3)ccc2CN2CCC2)cc1,1,-7.144600868225098
Cc1c(COc2cc(OCc3cccc(C#N)c3)c(CN3CC(C(=O)O)C3)cc2Cl)cccc1-c1ccccc1,7.51,c1ccc(COc2cc(OCc3cccc(-c4ccccc4)c3)ccc2CN2CCC2)cc1,1,-7.358227729797363
Cc1c(COc2cc(OCc3cccc(C#N)c3)c(CN3CC(F)CC3C(=O)O)cc2Cl)cccc1-c1ccc2c(c1)OCCO2,8.7,c1ccc(COc2cc(OCc3cccc(-c4ccc5c(c4)OCCO5)c3)ccc2CN2CCCC2)cc1,1,-6.9131059646606445
Cc1c(COc2cc(OCc3cccc(C#N)c3)c(CN3CC(O)C(CO)C3)cc2Cl)cccc1-c1ccc2c(c1)OCCO2,7.78,c1ccc(COc2cc(OCc3cccc(-c4ccc5c(c4)OCCO5)c3)ccc2CN2CCCC2)cc1,1,-6.617856502532959
Cc1c(COc2cc(OCc3cccc(C#N)c3)c(CN3CC(O)C3)cc2Cl)cccc1-c1ccc2c(c1)OCCO2,7.52,c1ccc(COc2cc(OCc3cccc(-c4ccc5c(c4)OCCO5)c3)ccc2CN2CCC2)cc1,1,-7.089165210723877
Cc1c(COc2cc(OCc3cccc(C#N)c3)c(CN3CC(O)CC3C(=O)O)cc2Cl)cccc1-c1ccc2c(c1)OCCO2,8.85,c1ccc(COc2cc(OCc3cccc(-c4ccc5c(c4)OCCO5)c3)ccc2CN2CCCC2)cc1,1,-6.608226299285889
Cc1c(COc2cc(OCc3cccc(C#N)c3)c(CN3CC(O)CC3CO)cc2Cl)cccc1-c1ccc2c(c1)OCCO2,7.96,c1ccc(COc2cc(OCc3cccc(-c4ccc5c(c4)OCCO5)c3)ccc2CN2CCCC2)cc1,1,-6.647342205047607
Cc1c(COc2cc(OCc3cccc(C#N)c3)c(CN3CCC(C(=O)O)C3)cc2Cl)cccc1-c1ccc2c(c1)OCCO2,8.1,c1ccc(COc2cc(OCc3cccc(-c4ccc5c(c4)OCCO5)c3)ccc2CN2CCCC2)cc1,1,-6.74460506439209
Cc1c(COc2cc(OCc3cccc(C#N)c3)c(CN3CCC(O)C3)cc2Cl)cccc1-c1ccc2c(c1)OCCO2,7.89,c1ccc(COc2cc(OCc3cccc(-c4ccc5c(c4)OCCO5)c3)ccc2CN2CCCC2)cc1,1,-6.7919111251831055
Cc1c(COc2cc(OCc3cccc(C#N)c3)c(CN3CCCC3C(=O)O)cc2[N+](=O)[O-])cccc1-c1ccccc1,7.64,c1ccc(COc2cc(OCc3cccc(-c4ccccc4)c3)ccc2CN2CCCC2)cc1,1,-7.141630172729492
Cc1c(COc2cc(OCc3cccc(C#N)c3)c(CN3CCCCC3C(=O)N(C)CCNC(=O)CCCCC3SCC4NC(=O)NC43)cc2Cl)cccc1-c1ccccc1,7.97,O=C(CCCCC1SCC2NC(=O)NC21)NCCNC(=O)C1CCCCN1Cc1ccc(OCc2cccc(-c3ccccc3)c2)cc1OCc1ccccc1,1,-6.8780083656311035
Cc1c(COc2cc(OCc3cccc(C#N)c3)c(CN3CCCCC3C(=O)N3CCC(NC(=O)CCCCC4SCC5NC(=O)NC54)CC3)cc2Cl)cccc1-c1ccccc1,8.4,O=C(CCCCC1SCC2NC(=O)NC21)NC1CCN(C(=O)C2CCCCN2Cc2ccc(OCc3cccc(-c4ccccc4)c3)cc2OCc2ccccc2)CC1,1,-7.018200874328613
Cc1c(COc2cc(OCc3cccc(C#N)c3)c(CN3CCCCC3C(=O)N3CCCC3C(=O)O)cc2[N+](=O)[O-])cccc1-c1ccccc1,8.37,O=C(C1CCCCN1Cc1ccc(OCc2cccc(-c3ccccc3)c2)cc1OCc1ccccc1)N1CCCC1,1,-6.911483287811279
Cc1c(COc2cc(OCc3cccc(C#N)c3)c(CN3CCCCC3C(=O)N3CCN(C(=O)CCC(=O)Nc4cccc5c4C(=O)N(C4CCC(=O)NC4=O)C5=O)CC3)cc2Cl)cccc1-c1ccc2c(c1)OCCO2,7.6,O=C1CCC(N2C(=O)c3cccc(NC(=O)CCC(=O)N4CCN(C(=O)C5CCCCN5Cc5ccc(OCc6cccc(-c7ccc8c(c7)OCCO8)c6)cc5OCc5ccccc5)CC4)c3C2=O)C(=O)N1,1,-6.498738765716553
Cc1c(COc2cc(OCc3cccc(C#N)c3)c(CN3CCCCC3C(=O)N3CCN(C(=O)CCC(=O)Nc4cccc5c4C(=O)N(C4CCC(=O)NC4=O)C5=O)CC3)cc2Cl)cccc1-c1ccccc1,7.35,O=C1CCC(N2C(=O)c3cccc(NC(=O)CCC(=O)N4CCN(C(=O)C5CCCCN5Cc5ccc(OCc6cccc(-c7ccccc7)c6)cc5OCc5ccccc5)CC4)c3C2=O)C(=O)N1,1,-6.744359016418457
Cc1c(COc2cc(OCc3cccc(C#N)c3)c(CN3CCCCC3C(=O)N3CCN(C(=O)CCCC(=O)Nc4cccc5c4C(=O)N(C4CCC(=O)NC4=O)C5=O)CC3)cc2Cl)cccc1-c1ccc2c(c1)OCCO2,7.41,O=C1CCC(N2C(=O)c3cccc(NC(=O)CCCC(=O)N4CCN(C(=O)C5CCCCN5Cc5ccc(OCc6cccc(-c7ccc8c(c7)OCCO8)c6)cc5OCc5ccccc5)CC4)c3C2=O)C(=O)N1,1,-6.6286797523498535
Cc1c(COc2cc(OCc3cccc(C#N)c3)c(CN3CCCCC3C(=O)N3CCN(C(=O)CCCC(=O)Nc4cccc5c4C(=O)N(C4CCC(=O)NC4=O)C5=O)CC3)cc2Cl)cccc1-c1ccccc1,7.58,O=C1CCC(N2C(=O)c3cccc(NC(=O)CCCC(=O)N4CCN(C(=O)C5CCCCN5Cc5ccc(OCc6cccc(-c7ccccc7)c6)cc5OCc5ccccc5)CC4)c3C2=O)C(=O)N1,1,-6.899355888366699
Cc1c(COc2cc(OCc3cccc(C#N)c3)c(CN3CCCCC3C(=O)N3CCN(C(=O)CCCCC4SCC5NC(=O)NC54)CC3)cc2Cl)cccc1-c1ccccc1,8.47,O=C1NC2CSC(CCCCC(=O)N3CCN(C(=O)C4CCCCN4Cc4ccc(OCc5cccc(-c6ccccc6)c5)cc4OCc4ccccc4)CC3)C2N1,1,-6.910436153411865
Cc1c(COc2cc(OCc3cccc(C#N)c3)c(CN3CCCCC3C(=O)N3CCN(C(=O)OC(C)(C)C)CC3)cc2Cl)cccc1-c1ccc2c(c1)OCCO2,6.9,O=C(C1CCCCN1Cc1ccc(OCc2cccc(-c3ccc4c(c3)OCCO4)c2)cc1OCc1ccccc1)N1CCNCC1,1,-6.778680324554443
Cc1c(COc2cc(OCc3cccc(C#N)c3)c(CN3CCCCC3C(=O)N3CCN(c4ccc(-c5c[nH]c(=O)[nH]c5=O)nn4)CC3)cc2Cl)cccc1-c1ccc2c(c1)OCCO2,6.82,O=C(C1CCCCN1Cc1ccc(OCc2cccc(-c3ccc4c(c3)OCCO4)c2)cc1OCc1ccccc1)N1CCN(c2ccc(-c3c[nH]c(=O)[nH]c3=O)nn2)CC1,1,-6.316230297088623
Cc1c(COc2cc(OCc3cccc(C#N)c3)c(CN3CCCCC3C(=O)N3CCN(c4ccc(-c5c[nH]c(=O)[nH]c5=O)nn4)CC3)cc2Cl)cccc1-c1ccccc1,8.22,O=C(C1CCCCN1Cc1ccc(OCc2cccc(-c3ccccc3)c2)cc1OCc1ccccc1)N1CCN(c2ccc(-c3c[nH]c(=O)[nH]c3=O)nn2)CC1,1,-7.0600738525390625
Cc1c(COc2cc(OCc3cccc(C#N)c3)c(CN3CCCCC3C(=O)N3CCNCC3)cc2Cl)cccc1-c1ccc2c(c1)OCCO2,6.94,O=C(C1CCCCN1Cc1ccc(OCc2cccc(-c3ccc4c(c3)OCCO4)c2)cc1OCc1ccccc1)N1CCNCC1,1,-6.5945539474487305
Cc1c(COc2cc(OCc3cccc(C#N)c3)c(CN3CCCCC3C(=O)N3CCNCC3)cc2Cl)cccc1-c1ccccc1,7.05,O=C(C1CCCCN1Cc1ccc(OCc2cccc(-c3ccccc3)c2)cc1OCc1ccccc1)N1CCNCC1,1,-6.878717422485352
Cc1c(COc2cc(OCc3cccc(C#N)c3)c(CN3CCCCC3C(=O)NC(CO)C(=O)O)cc2[N+](=O)[O-])cccc1-c1ccccc1,8.1,c1ccc(COc2cc(OCc3cccc(-c4ccccc4)c3)ccc2CN2CCCCC2)cc1,1,-6.712798595428467
Cc1c(COc2cc(OCc3cccc(C#N)c3)c(CN3CCCCC3C(=O)NC3CCN(C(=O)CCCCC4SCC5NC(=O)NC54)CC3)cc2Cl)cccc1-c1ccccc1,7.94,O=C1NC2CSC(CCCCC(=O)N3CCC(NC(=O)C4CCCCN4Cc4ccc(OCc5cccc(-c6ccccc6)c5)cc4OCc4ccccc4)CC3)C2N1,1,-7.075966835021973
Cc1c(COc2cc(OCc3cccc(C#N)c3)c(CN3CCCCC3C(=O)NCC(C)(C)O)cc2[N+](=O)[O-])cccc1-c1ccccc1,8.32,c1ccc(COc2cc(OCc3cccc(-c4ccccc4)c3)ccc2CN2CCCCC2)cc1,1,-7.2884840965271
Cc1c(COc2cc(OCc3cccc(C#N)c3)c(CN3CCCCC3C(=O)NCCCCCNc3cccc4c3C(=O)N(C3CCC(=O)NC3=O)C4=O)cc2Cl)cccc1-c1ccc2c(c1)OCCO2,6.71,O=C1CCC(N2C(=O)c3cccc(NCCCCCNC(=O)C4CCCCN4Cc4ccc(OCc5cccc(-c6ccc7c(c6)OCCO7)c5)cc4OCc4ccccc4)c3C2=O)C(=O)N1,1,-6.724965572357178
Cc1c(COc2cc(OCc3cccc(C#N)c3)c(CN3CCCCC3C(=O)NCCCCCNc3cccc4c3C(=O)N(C3CCC(=O)NC3=O)C4=O)cc2Cl)cccc1-c1ccccc1,6.77,O=C1CCC(N2C(=O)c3cccc(NCCCCCNC(=O)C4CCCCN4Cc4ccc(OCc5cccc(-c6ccccc6)c5)cc4OCc4ccccc4)c3C2=O)C(=O)N1,1,-7.049989223480225
Cc1c(COc2cc(OCc3cccc(C#N)c3)c(CN3CCCCC3C(=O)NCCCCNC(=O)CCCC(=O)Nc3cccc4c3C(=O)N(C3CCC(=O)NC3=O)C4=O)cc2Cl)cccc1-c1ccccc1,6.92,O=C(CCCC(=O)Nc1cccc2c1C(=O)N(C1CCC(=O)NC1=O)C2=O)NCCCCNC(=O)C1CCCCN1Cc1ccc(OCc2cccc(-c3ccccc3)c2)cc1OCc1ccccc1,1,-7.046995162963867
Cc1c(COc2cc(OCc3cccc(C#N)c3)c(CN3CCCCC3C(=O)NCCCCNc3cccc4c3C(=O)N(C3CCC(=O)NC3=O)C4=O)cc2Cl)cccc1-c1ccc2c(c1)OCCO2,6.99,O=C1CCC(N2C(=O)c3cccc(NCCCCNC(=O)C4CCCCN4Cc4ccc(OCc5cccc(-c6ccc7c(c6)OCCO7)c5)cc4OCc4ccccc4)c3C2=O)C(=O)N1,1,-6.67411470413208
Cc1c(COc2cc(OCc3cccc(C#N)c3)c(CN3CCCCC3C(=O)NCCCCNc3cccc4c3C(=O)N(C3CCC(=O)NC3=O)C4=O)cc2Cl)cccc1-c1ccccc1,7.28,O=C1CCC(N2C(=O)c3cccc(NCCCCNC(=O)C4CCCCN4Cc4ccc(OCc5cccc(-c6ccccc6)c5)cc4OCc4ccccc4)c3C2=O)C(=O)N1,1,-7.030381202697754
Cc1c(COc2cc(OCc3cccc(C#N)c3)c(CN3CCCCC3C(=O)NCCCNC(=O)CCCCC3SCC4NC(=O)NC43)cc2Cl)cccc1-c1ccccc1,8.25,O=C(CCCCC1SCC2NC(=O)NC21)NCCCNC(=O)C1CCCCN1Cc1ccc(OCc2cccc(-c3ccccc3)c2)cc1OCc1ccccc1,1,-7.014155387878418
Cc1c(COc2cc(OCc3cccc(C#N)c3)c(CN3CCCCC3C(=O)NCCCNc3cccc4c3C(=O)N(C3CCC(=O)NC3=O)C4=O)cc2Cl)cccc1-c1ccc2c(c1)OCCO2,6.87,O=C1CCC(N2C(=O)c3cccc(NCCCNC(=O)C4CCCCN4Cc4ccc(OCc5cccc(-c6ccc7c(c6)OCCO7)c5)cc4OCc4ccccc4)c3C2=O)C(=O)N1,1,-6.645854473114014
Cc1c(COc2cc(OCc3cccc(C#N)c3)c(CN3CCCCC3C(=O)NCCCNc3cccc4c3C(=O)N(C3CCC(=O)NC3=O)C4=O)cc2Cl)cccc1-c1ccccc1,7.01,O=C1CCC(N2C(=O)c3cccc(NCCCNC(=O)C4CCCCN4Cc4ccc(OCc5cccc(-c6ccccc6)c5)cc4OCc4ccccc4)c3C2=O)C(=O)N1,1,-6.942480564117432
Cc1c(COc2cc(OCc3cccc(C#N)c3)c(CN3CCCCC3C(=O)NCCN)cc2Cl)cccc1-c1ccc2c(c1)OCCO2,7.76,c1ccc(COc2cc(OCc3cccc(-c4ccc5c(c4)OCCO5)c3)ccc2CN2CCCCC2)cc1,1,-6.633107662200928
Cc1c(COc2cc(OCc3cccc(C#N)c3)c(CN3CCCCC3C(=O)NCCN)cc2Cl)cccc1-c1ccccc1,8.04,c1ccc(COc2cc(OCc3cccc(-c4ccccc4)c3)ccc2CN2CCCCC2)cc1,1,-6.9720892906188965
Cc1c(COc2cc(OCc3cccc(C#N)c3)c(CN3CCCCC3C(=O)NCCNC(=O)CCC(=O)Nc3cccc4c3C(=O)N(C3CCC(=O)NC3=O)C4=O)cc2Cl)cccc1-c1ccccc1,7.0,O=C(CCC(=O)Nc1cccc2c1C(=O)N(C1CCC(=O)NC1=O)C2=O)NCCNC(=O)C1CCCCN1Cc1ccc(OCc2cccc(-c3ccccc3)c2)cc1OCc1ccccc1,1,-6.977622985839844
Cc1c(COc2cc(OCc3cccc(C#N)c3)c(CN3CCCCC3C(=O)NCCNC(=O)CCCC(=O)Nc3ccc4c(c3)C(=O)N(C3CCC(=O)NC3=O)C4=O)cc2Cl)cccc1-c1ccccc1,6.99,O=C(CCCC(=O)Nc1ccc2c(c1)C(=O)N(C1CCC(=O)NC1=O)C2=O)NCCNC(=O)C1CCCCN1Cc1ccc(OCc2cccc(-c3ccccc3)c2)cc1OCc1ccccc1,1,-6.916097640991211
Cc1c(COc2cc(OCc3cccc(C#N)c3)c(CN3CCCCC3C(=O)NCCNC(=O)CCCC(=O)Nc3cccc4c3C(=O)N(C3CCC(=O)NC3=O)C4=O)cc2Cl)cccc1-c1ccccc1,6.91,O=C(CCCC(=O)Nc1cccc2c1C(=O)N(C1CCC(=O)NC1=O)C2=O)NCCNC(=O)C1CCCCN1Cc1ccc(OCc2cccc(-c3ccccc3)c2)cc1OCc1ccccc1,1,-6.988720417022705
Cc1c(COc2cc(OCc3cccc(C#N)c3)c(CN3CCCCC3C(=O)NCCNC(=O)CCCCC3SCC4NC(=O)NC43)cc2Cl)cccc1-c1ccccc1,8.74,O=C(CCCCC1SCC2NC(=O)NC21)NCCNC(=O)C1CCCCN1Cc1ccc(OCc2cccc(-c3ccccc3)c2)cc1OCc1ccccc1,1,-6.964365482330322
Cc1c(COc2cc(OCc3cccc(C#N)c3)c(CN3CCCCC3C(=O)NCCNc3cccc4c3C(=O)N(C3CCC(=O)NC3=O)C4=O)cc2Cl)cccc1-c1ccc2c(c1)OCCO2,6.84,O=C1CCC(N2C(=O)c3cccc(NCCNC(=O)C4CCCCN4Cc4ccc(OCc5cccc(-c6ccc7c(c6)OCCO7)c5)cc4OCc4ccccc4)c3C2=O)C(=O)N1,1,-6.46640157699585
Cc1c(COc2cc(OCc3cccc(C#N)c3)c(CN3CCCCC3C(=O)NCCNc3cccc4c3C(=O)N(C3CCC(=O)NC3=O)C4=O)cc2Cl)cccc1-c1ccccc1,6.93,O=C1CCC(N2C(=O)c3cccc(NCCNC(=O)C4CCCCN4Cc4ccc(OCc5cccc(-c6ccccc6)c5)cc4OCc4ccccc4)c3C2=O)C(=O)N1,1,-6.752730369567871
Cc1c(COc2cc(OCc3cccc(C#N)c3)c(CN3CCCCC3C(=O)NO)cc2Cl)cccc1-c1ccc2c(c1)OCCO2,7.4,c1ccc(COc2cc(OCc3cccc(-c4ccc5c(c4)OCCO5)c3)ccc2CN2CCCCC2)cc1,1,-6.978332042694092
Cc1c(COc2cc(OCc3cccc(C#N)c3)c(CN3CCCCC3C(=O)NO)cc2Cl)cccc1-c1ccccc1,7.01,c1ccc(COc2cc(OCc3cccc(-c4ccccc4)c3)ccc2CN2CCCCC2)cc1,1,-7.260745048522949
Cc1c(COc2cc(OCc3cccc(C#N)c3)c(CN3CCCCC3C(=O)O)cc2Cl)cccc1-c1ccc2c(c1)OCCO2,7.25,c1ccc(COc2cc(OCc3cccc(-c4ccc5c(c4)OCCO5)c3)ccc2CN2CCCCC2)cc1,1,-7.0354132652282715
Cc1c(COc2cc(OCc3cccc(C#N)c3)c(CN3CCCCC3C(=O)O)cc2Cl)cccc1-c1ccccc1,7.42,c1ccc(COc2cc(OCc3cccc(-c4ccccc4)c3)ccc2CN2CCCCC2)cc1,1,-7.174663066864014
Cc1c(COc2cc(OCc3cccc(C#N)c3)c(CN3CCCCC3C(=O)O)cc2[N+](=O)[O-])cccc1-c1ccccc1,8.25,c1ccc(COc2cc(OCc3cccc(-c4ccccc4)c3)ccc2CN2CCCCC2)cc1,1,-7.214829444885254
Cc1c(COc2cc(OCc3cccc(C#N)c3)c(CN3CCN(C)CC3)cc2Cl)cccc1-c1ccc2c(c1)OCCO2,6.65,c1ccc(COc2cc(OCc3cccc(-c4ccc5c(c4)OCCO5)c3)ccc2CN2CCNCC2)cc1,1,-6.180862903594971
Cc1c(COc2cc(OCc3cccc(C#N)c3)c(CN3CCN(C4CC4)CC3)cc2Cl)cccc1-c1ccc2c(c1)OCCO2,6.39,c1ccc(COc2cc(OCc3cccc(-c4ccc5c(c4)OCCO5)c3)ccc2CN2CCN(C3CC3)CC2)cc1,1,-6.8135175704956055
Cc1c(COc2cc(OCc3cccc(C#N)c3)c(CN3CCNCC3)cc2Cl)cccc1-c1ccc2c(c1)OCCO2,6.63,c1ccc(COc2cc(OCc3cccc(-c4ccc5c(c4)OCCO5)c3)ccc2CN2CCNCC2)cc1,1,-6.565062522888184
Cc1c(COc2cc(OCc3cccc(C#N)c3)c(CNC(C(=O)O)C(C)O)cc2Cl)cccc1-c1ccccc1,8.07,c1ccc(COc2cccc(OCc3cccc(-c4ccccc4)c3)c2)cc1,1,-7.303919792175293
Cc1c(COc2cc(OCc3cccc(C#N)c3)c(CNC(C(=O)O)C(C)O)cc2[N+](=O)[O-])cccc1-c1ccccc1,8.57,c1ccc(COc2cccc(OCc3cccc(-c4ccccc4)c3)c2)cc1,1,-6.981904983520508
Cc1c(COc2cc(OCc3cccc(C#N)c3)c(CNC(C)(C)C(=O)N3CCN(c4ccc(-c5c[nH]c(=O)[nH]c5=O)nn4)CC3)cc2Cl)cccc1-c1ccccc1,6.88,O=C(CNCc1ccc(OCc2cccc(-c3ccccc3)c2)cc1OCc1ccccc1)N1CCN(c2ccc(-c3c[nH]c(=O)[nH]c3=O)nn2)CC1,1,-7.13830041885376
Cc1c(COc2cc(OCc3cccc(C#N)c3)c(CNC(C)(C)C(=O)O)cc2Cl)cccc1-c1ccc2c(c1)OCCO2,7.6,c1ccc(COc2cccc(OCc3cccc(-c4ccc5c(c4)OCCO5)c3)c2)cc1,1,-7.531319618225098
Cc1c(COc2cc(OCc3cccc(C#N)c3)c(CNC(C)(C)C(=O)O)cc2Cl)cccc1-c1ccccc1,7.9,c1ccc(COc2cccc(OCc3cccc(-c4ccccc4)c3)c2)cc1,1,-7.612346172332764
Cc1c(COc2cc(OCc3cccc(C#N)c3)c(CNC(CCO)C(=O)O)cc2Cl)cccc1-c1cccc(COc2cc(OCc3cccnc3)c(CNC(CCO)C(=O)O)cc2Cl)c1,10.4,c1ccc(COc2cccc(OCc3cccc(-c4cccc(COc5cccc(OCc6cccnc6)c5)c4)c3)c2)cc1,1,-6.824975490570068
Cc1c(COc2cc(OCc3cccc(C#N)c3)c(CNC(CO)(CO)CO)cc2Cl)cccc1-c1cccc(-c2cc(C(=O)N3CCC(O)C3)no2)c1,7.64,O=C(c1cc(-c2cccc(-c3cccc(COc4cccc(OCc5ccccc5)c4)c3)c2)on1)N1CCCC1,1,-6.59702730178833
Cc1c(COc2cc(OCc3cccc(C#N)c3)c(CNC(CO)C(=O)O)cc2Cl)cccc1-c1ccc2c(c1)OCCO2,8.83,c1ccc(COc2cccc(OCc3cccc(-c4ccc5c(c4)OCCO5)c3)c2)cc1,1,-6.919489860534668
Cc1c(COc2cc(OCc3cccc(C#N)c3)c(CNC(CO)C(=O)O)cc2Cl)cccc1-c1ccccc1,8.17,c1ccc(COc2cccc(OCc3cccc(-c4ccccc4)c3)c2)cc1,1,-7.187160491943359
Cc1c(COc2cc(OCc3cccc(C#N)c3)c(CNC(CO)C(=O)O)cc2[N+](=O)[O-])cccc1-c1ccccc1,7.89,c1ccc(COc2cccc(OCc3cccc(-c4ccccc4)c3)c2)cc1,1,-7.038391590118408
Cc1c(COc2cc(OCc3cccc(C#N)c3)c(CNC(CO)CO)cc2[N+](=O)[O-])cccc1-c1ccccc1,8.11,c1ccc(COc2cccc(OCc3cccc(-c4ccccc4)c3)c2)cc1,1,-7.121241092681885
Cc1c(COc2cc(OCc3cccc(C#N)c3)c(CNCCN(C)C)cc2Cl)cccc1-c1ccc2c(c1)OCCO2,7.58,c1ccc(COc2cccc(OCc3cccc(-c4ccc5c(c4)OCCO5)c3)c2)cc1,1,-6.965610980987549
Cc1c(COc2cc(OCc3cccc(C#N)c3)c(CNCCNC(=O)OC(C)(C)C)cc2Cl)cccc1-c1ccc2c(c1)OCCO2,7.25,c1ccc(COc2cccc(OCc3cccc(-c4ccc5c(c4)OCCO5)c3)c2)cc1,1,-7.489259243011475
Cc1c(COc2cc(OCc3cccc(C#N)c3)c(CNCCO)cc2[N+](=O)[O-])cccc1-c1ccccc1,8.45,c1ccc(COc2cccc(OCc3cccc(-c4ccccc4)c3)c2)cc1,1,-7.260447025299072
Cc1c(COc2cc(OCc3cccnc3)c(CN3CCCCC3C(=O)O)cc2[N+](=O)[O-])cccc1-c1ccccc1,8.06,c1ccc(-c2cccc(COc3ccc(CN4CCCCC4)c(OCc4cccnc4)c3)c2)cc1,1,-6.4306230545043945
Cc1c(COc2cc(OCc3cccnc3)c(CNC(C(=O)O)C(C)O)cc2[N+](=O)[O-])cccc1-c1ccccc1,7.81,c1ccc(-c2cccc(COc3cccc(OCc4cccnc4)c3)c2)cc1,1,-6.108144283294678
Cc1c(COc2cc(OCc3cccnc3)c(CNC(CO)C(=O)O)cc2[N+](=O)[O-])cccc1-c1ccccc1,7.75,c1ccc(-c2cccc(COc3cccc(OCc4cccnc4)c3)c2)cc1,1,-5.486791610717773
Cc1c(COc2cc(OCc3ccnc(C#N)c3)c(C=O)cc2Cl)cccc1-c1ccc2c(c1)OCCO2,6.68,c1cc(OCc2ccncc2)cc(OCc2cccc(-c3ccc4c(c3)OCCO4)c2)c1,1,-7.650045394897461
Cc1c(COc2cc(OCc3ccnc(C#N)c3)c(CN(C)C(CO)C(=O)O)cc2Cl)cccc1-c1ccc2c(c1)OCCO2,8.21,c1cc(OCc2ccncc2)cc(OCc2cccc(-c3ccc4c(c3)OCCO4)c2)c1,1,-6.42570161819458
Cc1c(COc2cc(OCc3ccnc(C#N)c3)c(CN(C)CCO)cc2Cl)cccc1-c1ccc2c(c1)OCCO2,7.99,c1cc(OCc2ccncc2)cc(OCc2cccc(-c3ccc4c(c3)OCCO4)c2)c1,1,-6.487341403961182
Cc1c(COc2cc(OCc3ccnc(C#N)c3)c(CN(C)CCO)cc2Cl)cccc1-n1cccc1,7.8,c1cc(OCc2ccncc2)cc(OCc2cccc(-n3cccc3)c2)c1,1,-6.136690139770508
Cc1c(COc2cc(OCc3ccnc(C#N)c3)c(CN3CCCCC3C(=O)O)cc2Cl)cccc1-c1ccc2c(c1)OCCO2,8.31,c1cc(COc2ccc(CN3CCCCC3)c(OCc3ccncc3)c2)cc(-c2ccc3c(c2)OCCO3)c1,1,-6.723727226257324
Cc1c(COc2cc(OCc3ccnc(C#N)c3)c(CN3CCCCC3C(=O)O)cc2Cl)cccc1-n1cccc1,7.54,c1cc(COc2ccc(CN3CCCCC3)c(OCc3ccncc3)c2)cc(-n2cccc2)c1,1,-6.458830833435059
Cc1c(COc2cc(OCc3ccnc(C#N)c3)c(CN3CCCCC3C(=O)O)cc2[N+](=O)[O-])cccc1-c1ccccc1,7.99,c1ccc(-c2cccc(COc3ccc(CN4CCCCC4)c(OCc4ccncc4)c3)c2)cc1,1,-6.953969478607178
Cc1c(COc2cc(OCc3ccnc(C#N)c3)c(CN3CCCCC3C(=O)OCCF)cc2Cl)cccc1-c1ccc2c(c1)OCCO2,5.89,c1cc(COc2ccc(CN3CCCCC3)c(OCc3ccncc3)c2)cc(-c2ccc3c(c2)OCCO3)c1,1,-6.900949478149414
Cc1c(COc2cc(OCc3ccnc(C#N)c3)c(CN3CCOC3CF)cc2Cl)cccc1-c1ccc2c(c1)OCCO2,7.92,c1cc(COc2ccc(CN3CCOC3)c(OCc3ccncc3)c2)cc(-c2ccc3c(c2)OCCO3)c1,1,-6.681656837463379
Cc1c(COc2cc(OCc3ccnc(C#N)c3)c(CNC(C(=O)O)C(C)O)cc2[N+](=O)[O-])cccc1-c1ccccc1,7.99,c1ccc(-c2cccc(COc3cccc(OCc4ccncc4)c3)c2)cc1,1,-6.656167030334473
Cc1c(COc2cc(OCc3ccnc(C#N)c3)c(CNC(C)(C)C(=O)O)cc2Cl)cccc1-c1ccc2ocnc2c1,8.0,c1cc(OCc2ccncc2)cc(OCc2cccc(-c3ccc4ocnc4c3)c2)c1,1,-7.332529067993164
Cc1c(COc2cc(OCc3ccnc(C#N)c3)c(CNC(CO)C(=O)O)cc2Cl)cccc1-c1ccc2c(c1)OCCO2,8.21,c1cc(OCc2ccncc2)cc(OCc2cccc(-c3ccc4c(c3)OCCO4)c2)c1,1,-6.530952453613281
Cc1c(COc2cc(OCc3ccnc(C#N)c3)c(CNC(CO)C(=O)O)cc2Cl)cccc1-n1cccc1,8.22,c1cc(OCc2ccncc2)cc(OCc2cccc(-n3cccc3)c2)c1,1,-5.533563613891602
Cc1c(COc2cc(OCc3ccnc(C#N)c3)c(CNC(CO)C(=O)O)cc2[N+](=O)[O-])cccc1-c1ccccc1,8.03,c1ccc(-c2cccc(COc3cccc(OCc4ccncc4)c3)c2)cc1,1,-6.345417022705078
Cc1c(COc2cc(OCc3ccnc(C#N)c3)c(CNCCF)cc2Cl)cccc1-c1ccc2c(c1)OCCO2,7.92,c1cc(OCc2ccncc2)cc(OCc2cccc(-c3ccc4c(c3)OCCO4)c2)c1,1,-7.159669399261475
Cc1c(COc2cc(OCc3ccnc(C#N)c3)c(CNCCO)cc2Cl)cccc1-c1ccc2c(c1)OCCO2,8.11,c1cc(OCc2ccncc2)cc(OCc2cccc(-c3ccc4c(c3)OCCO4)c2)c1,1,-6.594873905181885
Cc1c(COc2cc(OCc3ccnc(C#N)c3)c(CNCCO)cc2Cl)cccc1-n1cccc1,7.3,c1cc(OCc2ccncc2)cc(OCc2cccc(-n3cccc3)c2)c1,1,-6.048872470855713
Cc1c(COc2cc(OCc3ccnc(C#N)c3)c(CNCCOCCOCCOCCOCCC(=O)O)cc2Cl)cccc1-c1ccc2c(c1)OCCO2,7.34,c1cc(OCc2ccncc2)cc(OCc2cccc(-c3ccc4c(c3)OCCO4)c2)c1,1,-6.013338088989258
Cc1c(COc2cc(OCc3cncc(C#N)c3)c(C=O)cc2Cl)cccc1-c1ccc2oc(C3CCN(C)CC3)nc2c1,8.12,c1cncc(COc2cccc(OCc3cccc(-c4ccc5oc(C6CCNCC6)nc5c4)c3)c2)c1,1,-6.524784564971924
Cc1c(COc2cc(OCc3cncc(C#N)c3)c(CN(C)C(C)(CO)C(=O)O)cc2Cl)cccc1-c1ccc2oc(N3CCN(C)CC3)nc2c1,9.23,c1cncc(COc2cccc(OCc3cccc(-c4ccc5oc(N6CCNCC6)nc5c4)c3)c2)c1,1,-6.043078422546387
Cc1c(COc2cc(OCc3cncc(C#N)c3)c(CN(C)C(C)(CO)CO)cc2Cl)cccc1-c1ccc2oc(N3CCN(C)CC3)nc2c1,9.23,c1cncc(COc2cccc(OCc3cccc(-c4ccc5oc(N6CCNCC6)nc5c4)c3)c2)c1,1,-5.7811102867126465
Cc1c(COc2cc(OCc3cncc(C#N)c3)c(CN(C)C(CO)C(=O)O)cc2Cl)cccc1-c1ccc2oc(N3CCN(C)CC3)nc2c1,8.52,c1cncc(COc2cccc(OCc3cccc(-c4ccc5oc(N6CCNCC6)nc5c4)c3)c2)c1,1,-5.9906110763549805
Cc1c(COc2cc(OCc3cncc(C#N)c3)c(CN(C)C(CO)CO)cc2Cl)cccc1-c1ccc2oc(N3CCN(C)CC3)nc2c1,8.52,c1cncc(COc2cccc(OCc3cccc(-c4ccc5oc(N6CCNCC6)nc5c4)c3)c2)c1,1,-5.969853401184082
Cc1c(COc2cc(OCc3cncc(C#N)c3)c(CN(CCCN(C)C)CCS(=O)(=O)O)cc2Cl)cccc1-c1ccc2c(c1)OCCO2,8.57,c1cncc(COc2cccc(OCc3cccc(-c4ccc5c(c4)OCCO5)c3)c2)c1,1,-5.351196765899658
Cc1c(COc2cc(OCc3cncc(C#N)c3)c(CN3CCCCC3C(=O)O)cc2Cl)cccc1-c1cc(C)c2oc(C3CCN(C)CC3)nc2c1,8.52,c1cncc(COc2cc(OCc3cccc(-c4ccc5oc(C6CCNCC6)nc5c4)c3)ccc2CN2CCCCC2)c1,1,-5.8905816078186035
Cc1c(COc2cc(OCc3cncc(C#N)c3)c(CN3CCCCC3C(=O)O)cc2Cl)cccc1-c1ccc2nc(C3CCN(C)CC3)oc2c1,8.52,c1cncc(COc2cc(OCc3cccc(-c4ccc5nc(C6CCNCC6)oc5c4)c3)ccc2CN2CCCCC2)c1,1,-6.175599575042725
Cc1c(COc2cc(OCc3cncc(C#N)c3)c(CN3CCCCC3C(=O)O)cc2Cl)cccc1-c1ccc2ncc(C3=CC4CCC(C3)N4)nc2c1,8.52,C1=C(c2cnc3ccc(-c4cccc(COc5ccc(CN6CCCCC6)c(OCc6cccnc6)c5)c4)cc3n2)CC2CCC1N2,1,-6.326873779296875
Cc1c(COc2cc(OCc3cncc(C#N)c3)c(CN3CCCCC3C(=O)O)cc2Cl)cccc1-c1ccc2ncc(C3=CC4CCC(C3)N4C(=O)OC(C)(C)C)nc2c1,4.3,C1=C(c2cnc3ccc(-c4cccc(COc5ccc(CN6CCCCC6)c(OCc6cccnc6)c5)c4)cc3n2)CC2CCC1N2,1,-6.352307319641113
Cc1c(COc2cc(OCc3cncc(C#N)c3)c(CN3CCCCC3C(=O)O)cc2Cl)cccc1-c1ccc2ncc(C3=CCCNC3)nc2c1,8.77,C1=C(c2cnc3ccc(-c4cccc(COc5ccc(CN6CCCCC6)c(OCc6cccnc6)c5)c4)cc3n2)CNCC1,1,-6.558368682861328
Cc1c(COc2cc(OCc3cncc(C#N)c3)c(CN3CCCCC3C(=O)O)cc2Cl)cccc1-c1ccc2ncc(C3=CCNCC3)nc2c1,9.23,C1=C(c2cnc3ccc(-c4cccc(COc5ccc(CN6CCCCC6)c(OCc6cccnc6)c5)c4)cc3n2)CCNC1,1,-6.2879486083984375
Cc1c(COc2cc(OCc3cncc(C#N)c3)c(CN3CCCCC3C(=O)O)cc2Cl)cccc1-c1ccc2ncc(N3CCN(C)CC3)nc2c1,8.12,c1cncc(COc2cc(OCc3cccc(-c4ccc5ncc(N6CCNCC6)nc5c4)c3)ccc2CN2CCCCC2)c1,1,-6.143619537353516
Cc1c(COc2cc(OCc3cncc(C#N)c3)c(CN3CCCCC3C(=O)O)cc2Cl)cccc1-c1ccc2oc(-c3ccncc3)nc2c1,8.52,c1cncc(COc2cc(OCc3cccc(-c4ccc5oc(-c6ccncc6)nc5c4)c3)ccc2CN2CCCCC2)c1,1,-6.538354396820068
Cc1c(COc2cc(OCc3cncc(C#N)c3)c(CN3CCCCC3C(=O)O)cc2Cl)cccc1-c1ccc2oc(C3(C)CCNCC3)nc2c1,8.52,c1cncc(COc2cc(OCc3cccc(-c4ccc5oc(C6CCNCC6)nc5c4)c3)ccc2CN2CCCCC2)c1,1,-6.379075050354004
Cc1c(COc2cc(OCc3cncc(C#N)c3)c(CN3CCCCC3C(=O)O)cc2Cl)cccc1-c1ccc2oc(C34CC(N)(C3)C4)nc2c1,8.12,c1cncc(COc2cc(OCc3cccc(-c4ccc5oc(C67CC(C6)C7)nc5c4)c3)ccc2CN2CCCCC2)c1,1,-6.575859546661377
Cc1c(COc2cc(OCc3cncc(C#N)c3)c(CN3CCCCC3C(=O)O)cc2Cl)cccc1-c1ccc2oc(C3CC4CCC(C3)N4)nc2c1,8.52,c1cncc(COc2cc(OCc3cccc(-c4ccc5oc(C6CC7CCC(C6)N7)nc5c4)c3)ccc2CN2CCCCC2)c1,1,-6.431252479553223
Cc1c(COc2cc(OCc3cncc(C#N)c3)c(CN3CCCCC3C(=O)O)cc2Cl)cccc1-c1ccc2oc(C3CC4CCC(C3)N4C)nc2c1,8.52,c1cncc(COc2cc(OCc3cccc(-c4ccc5oc(C6CC7CCC(C6)N7)nc5c4)c3)ccc2CN2CCCCC2)c1,1,-6.3487019538879395
Cc1c(COc2cc(OCc3cncc(C#N)c3)c(CN3CCCCC3C(=O)O)cc2Cl)cccc1-c1ccc2oc(C3CC4CCC(C3)O4)nc2c1,8.52,c1cncc(COc2cc(OCc3cccc(-c4ccc5oc(C6CC7CCC(C6)O7)nc5c4)c3)ccc2CN2CCCCC2)c1,1,-6.353019714355469
Cc1c(COc2cc(OCc3cncc(C#N)c3)c(CN3CCCCC3C(=O)O)cc2Cl)cccc1-c1ccc2oc(C3CCC(C(=O)O)CC3)nc2c1,9.23,c1cncc(COc2cc(OCc3cccc(-c4ccc5oc(C6CCCCC6)nc5c4)c3)ccc2CN2CCCCC2)c1,1,-6.841672897338867
Cc1c(COc2cc(OCc3cncc(C#N)c3)c(CN3CCCCC3C(=O)O)cc2Cl)cccc1-c1ccc2oc(C3CCCN(C)C3)nc2c1,8.52,c1cncc(COc2cc(OCc3cccc(-c4ccc5oc(C6CCCNC6)nc5c4)c3)ccc2CN2CCCCC2)c1,1,-6.168600082397461
Cc1c(COc2cc(OCc3cncc(C#N)c3)c(CN3CCCCC3C(=O)O)cc2Cl)cccc1-c1ccc2oc(C3CCN(C(C)C)CC3)nc2c1,8.52,c1cncc(COc2cc(OCc3cccc(-c4ccc5oc(C6CCNCC6)nc5c4)c3)ccc2CN2CCCCC2)c1,1,-6.408744812011719
Cc1c(COc2cc(OCc3cncc(C#N)c3)c(CN3CCCCC3C(=O)O)cc2Cl)cccc1-c1ccc2oc(C3CCN(C)C3)nc2c1,9.17,c1cncc(COc2cc(OCc3cccc(-c4ccc5oc(C6CCNC6)nc5c4)c3)ccc2CN2CCCCC2)c1,1,-6.122673511505127
Cc1c(COc2cc(OCc3cncc(C#N)c3)c(CN3CCCCC3C(=O)O)cc2Cl)cccc1-c1ccc2oc(C3CCN(C)CC3)nc2c1,9.23,c1cncc(COc2cc(OCc3cccc(-c4ccc5oc(C6CCNCC6)nc5c4)c3)ccc2CN2CCCCC2)c1,1,-6.176295757293701
Cc1c(COc2cc(OCc3cncc(C#N)c3)c(CN3CCCCC3C(=O)O)cc2Cl)cccc1-c1ccc2oc(C3CCN(C)CC3)nc2c1C,8.52,c1cncc(COc2cc(OCc3cccc(-c4ccc5oc(C6CCNCC6)nc5c4)c3)ccc2CN2CCCCC2)c1,1,-6.357602119445801
Cc1c(COc2cc(OCc3cncc(C#N)c3)c(CN3CCCCC3C(=O)O)cc2Cl)cccc1-c1ccc2oc(C3CCN(C4CC4)CC3)nc2c1,8.52,c1cncc(COc2cc(OCc3cccc(-c4ccc5oc(C6CCN(C7CC7)CC6)nc5c4)c3)ccc2CN2CCCCC2)c1,1,-6.53615665435791
Cc1c(COc2cc(OCc3cncc(C#N)c3)c(CN3CCCCC3C(=O)O)cc2Cl)cccc1-c1ccc2oc(C3CCN(CC(=O)O)CC3)nc2c1,9.23,c1cncc(COc2cc(OCc3cccc(-c4ccc5oc(C6CCNCC6)nc5c4)c3)ccc2CN2CCCCC2)c1,1,-6.583960056304932
Cc1c(COc2cc(OCc3cncc(C#N)c3)c(CN3CCCCC3C(=O)O)cc2Cl)cccc1-c1ccc2oc(C3CCN(c4ccccc4)CC3)nc2c1,6.98,c1ccc(N2CCC(c3nc4cc(-c5cccc(COc6ccc(CN7CCCCC7)c(OCc7cccnc7)c6)c5)ccc4o3)CC2)cc1,1,-6.702468395233154
Cc1c(COc2cc(OCc3cncc(C#N)c3)c(CN3CCCCC3C(=O)O)cc2Cl)cccc1-c1ccc2oc(C3CCNCC3)nc2c1,8.52,c1cncc(COc2cc(OCc3cccc(-c4ccc5oc(C6CCNCC6)nc5c4)c3)ccc2CN2CCCCC2)c1,1,-6.437441349029541
Cc1c(COc2cc(OCc3cncc(C#N)c3)c(CN3CCCCC3C(=O)O)cc2Cl)cccc1-c1ccc2oc(C3CCOCC3)nc2c1,9.23,c1cncc(COc2cc(OCc3cccc(-c4ccc5oc(C6CCOCC6)nc5c4)c3)ccc2CN2CCCCC2)c1,1,-6.494534969329834
Cc1c(COc2cc(OCc3cncc(C#N)c3)c(CN3CCCCC3C(=O)O)cc2Cl)cccc1-c1ccc2oc(N3CCN(C)CC3)nc2c1,8.52,c1cncc(COc2cc(OCc3cccc(-c4ccc5oc(N6CCNCC6)nc5c4)c3)ccc2CN2CCCCC2)c1,1,-6.133434772491455
Cc1c(COc2cc(OCc3cncc(C#N)c3)c(CNC(C(=O)O)C(C)C)cc2Cl)cccc1-c1ccc2oc(N3CCN(C)CC3)nc2c1,8.52,c1cncc(COc2cccc(OCc3cccc(-c4ccc5oc(N6CCNCC6)nc5c4)c3)c2)c1,1,-6.38585901260376
Cc1c(COc2cc(OCc3cncc(C#N)c3)c(CNC(C)(C)C(=O)O)cc2Cl)cccc1-c1ccccc1,8.57,c1ccc(-c2cccc(COc3cccc(OCc4cccnc4)c3)c2)cc1,1,-7.345548629760742
Cc1c(COc2cc(OCc3cncc(C#N)c3)c(CNC(C)(CO)C(=O)O)cc2Cl)cccc1-c1ccc2oc(C3CCN(C)CC3)nc2c1,9.23,c1cncc(COc2cccc(OCc3cccc(-c4ccc5oc(C6CCNCC6)nc5c4)c3)c2)c1,1,-6.3500657081604
Cc1c(COc2cc(OCc3cncc(C#N)c3)c(CNC(C)(CO)C(=O)O)cc2Cl)cccc1-c1ccc2oc(N3CCN(C)CC3)nc2c1,8.52,c1cncc(COc2cccc(OCc3cccc(-c4ccc5oc(N6CCNCC6)nc5c4)c3)c2)c1,1,-6.221714496612549
Cc1c(COc2cc(OCc3cncc(C#N)c3)c(CNC(C)(CO)C(=O)O)cc2Cl)cccc1-c1cnc2ccccc2n1,6.93,c1cncc(COc2cccc(OCc3cccc(-c4cnc5ccccc5n4)c3)c2)c1,1,-6.890076637268066
Cc1c(COc2cc(OCc3cncc(C#N)c3)c(CNC(C)(CO)CO)cc2Cl)cccc1-c1ccc2oc(N3CC(N)CC3C)nc2c1,9.23,c1cncc(COc2cccc(OCc3cccc(-c4ccc5oc(N6CCCC6)nc5c4)c3)c2)c1,1,-6.436465740203857
Cc1c(COc2cc(OCc3cncc(C#N)c3)c(CNC(C)(CO)CO)cc2Cl)cccc1-c1ccc2oc(N3CCN(C)CC3)nc2c1,9.23,c1cncc(COc2cccc(OCc3cccc(-c4ccc5oc(N6CCNCC6)nc5c4)c3)c2)c1,1,-6.186499118804932
Cc1c(COc2cc(OCc3cncc(C#N)c3)c(CNC(CO)C(=O)O)cc2Cl)cccc1-c1ccc2oc(N3CCN(C)CC3)nc2c1,8.52,c1cncc(COc2cccc(OCc3cccc(-c4ccc5oc(N6CCNCC6)nc5c4)c3)c2)c1,1,-5.788509845733643
Cc1c(COc2cc(OCc3cncc(C#N)c3)c(CNC(CO)C(=O)O)cc2Cl)cccc1-c1cccc(OCCCN2CCC(O)CC2)c1,9.32,c1cncc(COc2cccc(OCc3cccc(-c4cccc(OCCCN5CCCCC5)c4)c3)c2)c1,1,-5.882432460784912
Cc1c(COc2cc(OCc3cncc(C#N)c3)c(CNC(CO)CO)cc2Cl)cccc1-c1ccc2oc(N3CC(N)CC3C)nc2c1,9.23,c1cncc(COc2cccc(OCc3cccc(-c4ccc5oc(N6CCCC6)nc5c4)c3)c2)c1,1,-6.129528522491455
Cc1c(COc2cc(OCc3cncc(C#N)c3)c(CNC(CO)CO)cc2Cl)cccc1-c1ccc2oc(N3CCN(C)CC3)nc2c1,8.52,c1cncc(COc2cccc(OCc3cccc(-c4ccc5oc(N6CCNCC6)nc5c4)c3)c2)c1,1,-5.816400051116943
Cc1c(COc2cc(OCc3cncc(C#N)c3)c(CNC(Cc3cccnc3)C(=O)O)cc2Cl)cccc1-c1ccc2c(c1)OCCO2,7.46,c1cncc(CCNCc2ccc(OCc3cccc(-c4ccc5c(c4)OCCO5)c3)cc2OCc2cccnc2)c1,1,-6.932435512542725
Cc1c(COc2cc(OCc3cncc(C#N)c3)c(CO)cc2Cl)cccc1-c1ccc2oc(C3CCN(C)CC3)nc2c1,8.12,c1cncc(COc2cccc(OCc3cccc(-c4ccc5oc(C6CCNCC6)nc5c4)c3)c2)c1,1,-6.290676593780518
Cc1c(COc2cc(OCc3cocn3)c(CN3CCCCC3C(=O)O)cc2Cl)cccc1-c1ccc2c(c1)OCCO2,7.8,c1cc(COc2ccc(CN3CCCCC3)c(OCc3cocn3)c2)cc(-c2ccc3c(c2)OCCO3)c1,1,-6.520255088806152
Cc1c(COc2ccc(CC(N)C(=O)O)cc2Br)cccc1-c1ccccc1,5.82,c1ccc(OCc2cccc(-c3ccccc3)c2)cc1,1,-5.492965221405029
Cc1c(COc2ccc(CN(C)CC(=O)O)cc2[N+](=O)[O-])cccc1-c1ccccc1,7.68,c1ccc(OCc2cccc(-c3ccccc3)c2)cc1,1,-5.6444621086120605
Cc1c(COc2ccc(CN(CCO)CCO)cc2[N+](=O)[O-])cccc1-c1ccccc1,7.67,c1ccc(OCc2cccc(-c3ccccc3)c2)cc1,1,-4.632930755615234
Cc1c(COc2ccc(CN3CCCC3C(=O)N(C)CC(O)CO)cc2[N+](=O)[O-])cccc1-c1ccccc1,8.0,c1ccc(-c2cccc(COc3ccc(CN4CCCC4)cc3)c2)cc1,1,-4.864736080169678
Cc1c(COc2ccc(CN3CCCC3C(=O)NC(C(=O)O)C(C)O)cc2[N+](=O)[O-])cccc1-c1ccccc1,7.25,c1ccc(-c2cccc(COc3ccc(CN4CCCC4)cc3)c2)cc1,1,-4.932559967041016
Cc1c(COc2ccc(CN3CCCC3C(=O)NC(C)(CO)CO)cc2[N+](=O)[O-])cccc1-c1ccccc1,7.31,c1ccc(-c2cccc(COc3ccc(CN4CCCC4)cc3)c2)cc1,1,-4.779526710510254
Cc1c(COc2ccc(CN3CCCC3C(=O)NC(C)CO)cc2[N+](=O)[O-])cccc1-c1ccccc1,7.21,c1ccc(-c2cccc(COc3ccc(CN4CCCC4)cc3)c2)cc1,1,-5.276643753051758
Cc1c(COc2ccc(CN3CCCC3C(=O)NC(CO)C(=O)O)cc2[N+](=O)[O-])cccc1-c1ccccc1,7.13,c1ccc(-c2cccc(COc3ccc(CN4CCCC4)cc3)c2)cc1,1,-5.011284351348877
Cc1c(COc2ccc(CN3CCCC3C(=O)NCC(C)(C)O)cc2[N+](=O)[O-])cccc1-c1ccccc1,7.15,c1ccc(-c2cccc(COc3ccc(CN4CCCC4)cc3)c2)cc1,1,-6.4050612449646
Cc1c(COc2ccc(CN3CCCC3C(=O)NCCO)cc2[N+](=O)[O-])cccc1-c1ccccc1,7.25,c1ccc(-c2cccc(COc3ccc(CN4CCCC4)cc3)c2)cc1,1,-5.181081295013428
Cc1c(COc2ccc(CN3CCCC3C(=O)O)cc2[N+](=O)[O-])cccc1-c1ccccc1,7.34,c1ccc(-c2cccc(COc3ccc(CN4CCCC4)cc3)c2)cc1,1,-5.85663366317749
Cc1c(COc2ccc(CN3CCCCC3C(=O)N3CCCC3C(=O)O)cc2[N+](=O)[O-])cccc1-c1ccccc1,7.83,O=C(C1CCCCN1Cc1ccc(OCc2cccc(-c3ccccc3)c2)cc1)N1CCCC1,1,-6.279152870178223
Cc1c(COc2ccc(CN3CCCCC3C(=O)NC(C(=O)O)C(C)O)cc2[N+](=O)[O-])cccc1-c1ccccc1,7.57,c1ccc(-c2cccc(COc3ccc(CN4CCCCC4)cc3)c2)cc1,1,-5.339502811431885
Cc1c(COc2ccc(CN3CCCCC3C(=O)NC(C)C(=O)O)cc2[N+](=O)[O-])cccc1-c1ccccc1,7.9,c1ccc(-c2cccc(COc3ccc(CN4CCCCC4)cc3)c2)cc1,1,-5.916451930999756
Cc1c(COc2ccc(CN3CCCCC3C(=O)NC(CO)C(=O)O)cc2[N+](=O)[O-])cccc1-c1ccccc1,7.91,c1ccc(-c2cccc(COc3ccc(CN4CCCCC4)cc3)c2)cc1,1,-4.9877028465271
Cc1c(COc2ccc(CN3CCCCC3C(=O)NCC(C)(C)O)cc2[N+](=O)[O-])cccc1-c1ccccc1,7.92,c1ccc(-c2cccc(COc3ccc(CN4CCCCC4)cc3)c2)cc1,1,-6.633009433746338
Cc1c(COc2ccc(CN3CCCCC3C(=O)NCCCCNc3cccc4c3C(=O)N(C3CCC(=O)NC3=O)C4=O)cc2Br)cccc1-c1ccccc1,6.71,O=C1CCC(N2C(=O)c3cccc(NCCCCNC(=O)C4CCCCN4Cc4ccc(OCc5cccc(-c6ccccc6)c5)cc4)c3C2=O)C(=O)N1,1,-6.834866046905518
Cc1c(COc2ccc(CN3CCCCC3C(=O)NCCN)c(OCc3cccc(C#N)c3)c2)cccc1-c1ccccc1,8.04,c1ccc(COc2cc(OCc3cccc(-c4ccccc4)c3)ccc2CN2CCCCC2)cc1,1,-6.980353832244873
Cc1c(COc2ccc(CN3CCCCC3C(=O)O)cc2Br)cccc1-c1ccccc1,7.75,c1ccc(-c2cccc(COc3ccc(CN4CCCCC4)cc3)c2)cc1,1,-6.128931522369385
Cc1c(COc2ccc(CN3CCCCC3C(=O)O)cc2F)cccc1-c1ccccc1,6.96,c1ccc(-c2cccc(COc3ccc(CN4CCCCC4)cc3)c2)cc1,1,-5.791195869445801
Cc1c(COc2ccc(CN3CCCCC3C(=O)O)cc2[N+](=O)[O-])cccc1-c1ccccc1,8.06,c1ccc(-c2cccc(COc3ccc(CN4CCCCC4)cc3)c2)cc1,1,-6.128513813018799
Cc1c(COc2ccc(CN3CCNCC3)c(OCc3cn(-c4cccc(C#N)c4)nn3)c2)cccc1-c1ccccc1,5.07,c1ccc(-c2cccc(COc3ccc(CN4CCNCC4)c(OCc4cn(-c5ccccc5)nn4)c3)c2)cc1,1,-6.707045078277588
Cc1c(COc2ccc(CNC(C(=O)O)C(C)O)cc2[N+](=O)[O-])cccc1-c1ccccc1,7.21,c1ccc(OCc2cccc(-c3ccccc3)c2)cc1,1,-5.115708827972412
Cc1c(COc2ccc(CNC(C)(CO)CO)cc2[N+](=O)[O-])cccc1-c1ccccc1,7.04,c1ccc(OCc2cccc(-c3ccccc3)c2)cc1,1,-4.973982334136963
Cc1c(COc2ccc(CNC(CO)(CO)CO)c(OCc3nc(-c4ccc(F)cc4)cs3)c2)cccc1-c1cccc(OCCCN2CCC(CO)CC2)c1,6.4,c1ccc(-c2csc(COc3cccc(OCc4cccc(-c5cccc(OCCCN6CCCCC6)c5)c4)c3)n2)cc1,1,-6.084171295166016
Cc1c(COc2ccc(CNC(CO)(CO)CO)c(OCc3nnc(-c4ccccc4)o3)c2)cccc1-c1cccc(OCCCN2CCC(CO)CC2)c1,7.42,c1ccc(-c2nnc(COc3cccc(OCc4cccc(-c5cccc(OCCCN6CCCCC6)c5)c4)c3)o2)cc1,1,-5.220312118530273
Cc1c(COc2ccc(CNC(CO)(CO)CO)c(OCc3nnc(-c4ccccc4)o3)c2)cccc1-c1cccc(OCCCN2CCOCC2)c1,6.19,c1ccc(-c2nnc(COc3cccc(OCc4cccc(-c5cccc(OCCCN6CCOCC6)c5)c4)c3)o2)cc1,1,-4.556236267089844
Cc1c(COc2ccc(CNC(CO)C(=O)O)c(OCc3ccc4ccoc4c3)c2)cccc1-c1ccccc1,5.63,c1ccc(-c2cccc(COc3cccc(OCc4ccc5ccoc5c4)c3)c2)cc1,1,-6.649069309234619
Cc1c(COc2ccc(CNC(CO)C(=O)O)c(OCc3ccc4nonc4c3)c2)cccc1-c1ccccc1,7.47,c1ccc(-c2cccc(COc3cccc(OCc4ccc5nonc5c4)c3)c2)cc1,1,-6.279813766479492
Cc1c(COc2ccc(CNC(CO)C(=O)O)c(OCc3ccc4nsnc4c3)c2)cccc1-c1ccccc1,6.69,c1ccc(-c2cccc(COc3cccc(OCc4ccc5nsnc5c4)c3)c2)cc1,1,-6.590610027313232
Cc1c(COc2ccc(CNC(CO)C(=O)O)c(OCc3cccc(C#N)c3)c2)cccc1-c1ccc2c(c1)OCCO2,8.65,c1ccc(COc2cccc(OCc3cccc(-c4ccc5c(c4)OCCO5)c3)c2)cc1,1,-6.6230597496032715
Cc1c(COc2ccc(CNC(CO)C(=O)O)c(OCc3cccc(C#N)c3)c2)cccc1-c1ccccc1,7.52,c1ccc(COc2cccc(OCc3cccc(-c4ccccc4)c3)c2)cc1,1,-6.926959991455078
Cc1c(COc2ccc(CNC(CO)C(=O)O)c(OCc3cccc4nonc34)c2)cccc1-c1ccccc1,5.67,c1ccc(-c2cccc(COc3cccc(OCc4cccc5nonc45)c3)c2)cc1,1,-6.213397026062012
Cc1c(COc2ccc(CNC(CO)C(=O)O)c(OCc3cncc(C#N)c3)n2)cccc1-c1ccccc1,7.92,c1ccc(-c2cccc(COc3cccc(OCc4cccnc4)n3)c2)cc1,1,-5.157343864440918
Cc1c(COc2ccc(CNC(CO)C(=O)O)cc2[N+](=O)[O-])cccc1-c1ccccc1,7.56,c1ccc(OCc2cccc(-c3ccccc3)c2)cc1,1,-5.187450885772705
Cc1c(COc2ccc(CNC(CO)CO)cc2[N+](=O)[O-])cccc1-c1ccccc1,8.05,c1ccc(OCc2cccc(-c3ccccc3)c2)cc1,1,-4.893023490905762
Cc1c(COc2ccc(CNCC(C)(C)O)cc2[N+](=O)[O-])cccc1-c1ccccc1,7.33,c1ccc(OCc2cccc(-c3ccccc3)c2)cc1,1,-6.547123432159424
Cc1c(COc2ccc(CNCCC(=O)NO)c(F)c2)cccc1-c1ccccc1,6.92,c1ccc(OCc2cccc(-c3ccccc3)c2)cc1,1,-5.496908187866211
Cc1c(COc2ccc(CNCCC(=O)NO)c(OCc3cccc(C#N)c3)c2)cccc1-c1ccccc1,7.09,c1ccc(COc2cccc(OCc3cccc(-c4ccccc4)c3)c2)cc1,1,-7.486101627349853
Cc1c(COc2ccc(CNCCC(=O)O)cc2[N+](=O)[O-])cccc1-c1ccccc1,7.4,c1ccc(OCc2cccc(-c3ccccc3)c2)cc1,1,-5.5580244064331055
Cc1c(COc2ccc(CNCCCCCC(=O)NO)c(F)c2)cccc1-c1ccccc1,7.21,c1ccc(OCc2cccc(-c3ccccc3)c2)cc1,1,-6.541228294372559
Cc1c(COc2ccc(CNCCCCCCC(=O)NO)c(F)c2)cccc1-c1ccccc1,7.04,c1ccc(OCc2cccc(-c3ccccc3)c2)cc1,1,-6.559685707092285
Cc1c(COc2ccc(CNCCCNC(CO)CO)cc2[N+](=O)[O-])cccc1-c1ccccc1,7.54,c1ccc(OCc2cccc(-c3ccccc3)c2)cc1,1,-4.470016956329346
Cc1c(COc2ccc(CNCCN(C)C)cc2[N+](=O)[O-])cccc1-c1ccccc1,7.42,c1ccc(OCc2cccc(-c3ccccc3)c2)cc1,1,-5.7202982902526855
Cc1c(COc2ccc(CNCCO)c(OCc3cccc(C#N)c3)c2)cccc1-c1ccccc1F,4.42,c1ccc(COc2cccc(OCc3cccc(-c4ccccc4)c3)c2)cc1,1,-7.428714752197266
Cc1c(COc2ccc(CNCCO)c(OCc3cncc(C#N)c3)c2)cccc1-c1ccccc1F,5.07,c1ccc(-c2cccc(COc3cccc(OCc4cccnc4)c3)c2)cc1,1,-6.78985595703125
Cc1c(COc2ccc(CNCCO)cc2[N+](=O)[O-])cccc1-c1ccccc1,7.93,c1ccc(OCc2cccc(-c3ccccc3)c2)cc1,1,-5.0375189781188965
Cc1c(COc2ccc(CNCCO)n3cnnc23)cccc1-c1ccc2c(c1)OCCO2,7.04,c1cc(COc2cccn3cnnc23)cc(-c2ccc3c(c2)OCCO3)c1,1,-4.000765800476074
Cc1c(COc2ccc(CNCc3ccoc3)cc2[N+](=O)[O-])cccc1-c1ccccc1,7.06,c1ccc(-c2cccc(COc3ccc(CNCc4ccoc4)cc3)c2)cc1,1,-6.9585113525390625
Cc1c(COc2ccc3c(n2)CCN(CCO)C3)cccc1-c1ccccc1,6.64,c1ccc(-c2cccc(COc3ccc4c(n3)CCNC4)c2)cc1,1,-3.817129611968994
Cc1c(COc2ccc3c(n2)CCN(CCO)C3)cccc1-c1ccccc1Cl,6.67,c1ccc(-c2cccc(COc3ccc4c(n3)CCNC4)c2)cc1,1,-4.666840076446533
Cc1c(COc2ccc3c(n2)CCN(CCO)C3)cccc1-c1ccccc1F,6.77,c1ccc(-c2cccc(COc3ccc4c(n3)CCNC4)c2)cc1,1,-4.210925579071045
Cc1c(COc2ccc3nc(CN)c(NC(C)c4ccccc4)n3c2)cccc1-c1ccccc1,5.03,c1ccc(CNc2cnc3ccc(OCc4cccc(-c5ccccc5)c4)cn23)cc1,1,-5.976027965545654
Cc1c(COc2ccc3nc(CN)c(NCCc4ccccc4)n3c2)cccc1-c1ccccc1,4.78,c1ccc(CCNc2cnc3ccc(OCc4cccc(-c5ccccc5)c4)cn23)cc1,1,-6.3575663566589355
Cc1c(COc2ccc3nc(CN)c(NCc4ccccc4)n3c2)cccc1-c1ccc2c(c1)OCCO2,4.64,c1ccc(CNc2cnc3ccc(OCc4cccc(-c5ccc6c(c5)OCCO6)c4)cn23)cc1,1,-6.1410417556762695
Cc1c(COc2ccc3nc(CN)c(NCc4ccccc4)n3c2)cccc1-c1ccccc1,4.99,c1ccc(CNc2cnc3ccc(OCc4cccc(-c5ccccc5)c4)cn23)cc1,1,-6.386242389678955
Cc1c(COc2ncc(CN3CCCCC3C(=O)O)cc2Br)cccc1-c1ccccc1,6.84,c1ccc(-c2cccc(COc3ccc(CN4CCCCC4)cn3)c2)cc1,1,-5.732684135437012
Cc1c(COc2ncnc(NCCNS(C)(=O)=O)n2)cccc1-c1ccccc1,6.62,c1ccc(-c2cccc(COc3ncncn3)c2)cc1,1,-4.049262523651123
Cc1c(COc2ncnc(NCCS(N)(=O)=O)n2)cccc1-c1ccccc1,6.26,c1ccc(-c2cccc(COc3ncncn3)c2)cc1,1,-3.958294630050659
Cc1c(NC(=O)c2cc(CN(C)CC(O)CO)cn3cnnc23)cccc1-c1ccc2c(c1)OCCO2,6.32,O=C(Nc1cccc(-c2ccc3c(c2)OCCO3)c1)c1cccn2cnnc12,1,-3.6654231548309326
Cc1c(NC(=O)c2cc(CN(C)CC(O)CO)cn3cnnc23)cccc1-c1ccccc1,6.43,O=C(Nc1cccc(-c2ccccc2)c1)c1cccn2cnnc12,1,-3.526479721069336
Cc1c(NC(=O)c2cc(CN(C)CCO)cn3cnnc23)cccc1-c1ccc2c(c1)OCCO2,6.62,O=C(Nc1cccc(-c2ccc3c(c2)OCCO3)c1)c1cccn2cnnc12,1,-4.220405578613281
Cc1c(NC(=O)c2cc(CN(C)CCO)cn3cnnc23)cccc1-c1ccccc1,6.12,O=C(Nc1cccc(-c2ccccc2)c1)c1cccn2cnnc12,1,-4.265956878662109
Cc1c(NC(=O)c2cc(CN3CCCCC3C(=O)O)cn3cnnc23)cccc1-c1ccccc1,5.29,O=C(Nc1cccc(-c2ccccc2)c1)c1cc(CN2CCCCC2)cn2cnnc12,1,-4.838802337646484
Cc1c(NC(=O)c2cc(CN3CCN(C)CC3)cn3cnnc23)cccc1-c1ccccc1,5.87,O=C(Nc1cccc(-c2ccccc2)c1)c1cc(CN2CCNCC2)cn2cnnc12,1,-3.690627336502075
Cc1c(NC(=O)c2cc(CNC(CO)C(=O)O)cn3cnnc23)cccc1-c1ccccc1,5.25,O=C(Nc1cccc(-c2ccccc2)c1)c1cccn2cnnc12,1,-3.759415626525879
Cc1c(NC(=O)c2cc(CNC3CCC(O)CC3)cn3cnnc23)cccc1-c1ccccc1,6.01,O=C(Nc1cccc(-c2ccccc2)c1)c1cc(CNC2CCCCC2)cn2cnnc12,1,-4.822704792022705
Cc1c(NC(=O)c2cc(CNCC(N)=O)cn3cnnc23)cccc1-c1ccccc1,5.53,O=C(Nc1cccc(-c2ccccc2)c1)c1cccn2cnnc12,1,-3.5584590435028076
Cc1c(NC(=O)c2cc(CNCCNS(C)(=O)=O)cn3cnnc23)cccc1-c1ccc2c(c1)OCCO2,6.0,O=C(Nc1cccc(-c2ccc3c(c2)OCCO3)c1)c1cccn2cnnc12,1,-3.440969228744507
Cc1c(NC(=O)c2cc(CNCCO)cn3cnnc23)cccc1-c1ccc2c(c1)OCCO2,7.04,O=C(Nc1cccc(-c2ccc3c(c2)OCCO3)c1)c1cccn2cnnc12,1,-4.1100335121154785
Cc1c(NC(=O)c2cc(CNCCO)cn3cnnc23)cccc1-c1ccccc1,6.13,O=C(Nc1cccc(-c2ccccc2)c1)c1cccn2cnnc12,1,-4.027840614318848
Cc1c(NC(=O)c2cc(CNCCS(N)(=O)=O)cn3cnnc23)cccc1-c1ccc2c(c1)OCCO2,5.43,O=C(Nc1cccc(-c2ccc3c(c2)OCCO3)c1)c1cccn2cnnc12,1,-3.3435308933258057
Cc1c(NC(=O)c2cc(CNCCS(N)(=O)=O)cn3cnnc23)cccc1-c1ccccc1,6.08,O=C(Nc1cccc(-c2ccccc2)c1)c1cccn2cnnc12,1,-3.2248592376708984
Cc1c(NC(=O)c2ccc(CNC(CO)(CO)CO)cn2)cccc1-c1ccc2c(c1)OCCN2C,7.11,O=C(Nc1cccc(-c2ccc3c(c2)OCCN3)c1)c1ccccn1,1,-3.1460554599761963
Cc1c(NC(=O)c2ccc(CNC(CO)CO)cn2)cccc1-c1ccc2c(c1)OCCN2C,6.96,O=C(Nc1cccc(-c2ccc3c(c2)OCCN3)c1)c1ccccn1,1,-3.339116334915161
Cc1c(NC(=O)c2ccc(CNCCO)cn2)cccc1-c1ccc2c(c1)OCCO2,8.3,O=C(Nc1cccc(-c2ccc3c(c2)OCCO3)c1)c1ccccn1,1,-3.8812336921691895
Cc1c(NC(=O)c2ncc(CN3CCCCC3C(=O)O)n2C)cccc1-c1ccccc1,6.52,O=C(Nc1cccc(-c2ccccc2)c1)c1ncc(CN2CCCCC2)[nH]1,1,-3.9758224487304688
Cc1c(NC(=O)c2ncc(CNCCO)o2)cccc1-c1ccccc1,6.52,O=C(Nc1cccc(-c2ccccc2)c1)c1ncco1,1,-2.8875303268432617
Cc1c(NCc2ccc(CNC(CO)C(=O)O)c(OCc3cncc(C#N)c3)c2)cccc1-c1ccccc1,6.72,c1ccc(-c2cccc(NCc3cccc(OCc4cccnc4)c3)c2)cc1,1,-5.378825664520264
Cc1c(Nc2cccc3c(CN4CCCCC4C(=O)O)ccnc23)cccc1-c1ccccc1,7.26,c1ccc(-c2cccc(Nc3cccc4c(CN5CCCCC5)ccnc34)c2)cc1,1,-5.567206859588623
Cc1c(Nc2cccc3c(CNCCO)ccnc23)cccc1-c1ccccc1,7.26,c1ccc(-c2cccc(Nc3cccc4cccnc34)c2)cc1,1,-5.250138759613037
Cc1c(Nc2cccc3cc(CNCCO)cnc23)cccc1-c1ccccc1,7.26,c1ccc(-c2cccc(Nc3cccc4cccnc34)c2)cc1,1,-5.39938497543335
Cc1c(Nc2nccc3c(CN4CCCCC4C(=O)O)ccnc23)cccc1-c1ccc2c(c1)OCCO2,7.26,c1cc(Nc2nccc3c(CN4CCCCC4)ccnc23)cc(-c2ccc3c(c2)OCCO3)c1,1,-5.393528461456299
Cc1c(Nc2nccc3c(CNCCO)ccnc23)cccc1-c1ccccc1,7.26,c1ccc(-c2cccc(Nc3nccc4cccnc34)c2)cc1,1,-4.260512351989746
Cc1c(Nc2nccc3c(Cl)c(CN4CCCCC4C(=O)O)cnc23)cccc1-c1ccccc1,7.26,c1ccc(-c2cccc(Nc3nccc4cc(CN5CCCCC5)cnc34)c2)cc1,1,-5.611895561218262
Cc1c(Nc2nccc3c(Cl)c(CNCCO)cnc23)cccc1-c1ccccc1,7.26,c1ccc(-c2cccc(Nc3nccc4cccnc34)c2)cc1,1,-5.385405540466309
Cc1c(Nc2nccc3cc(CN4CCCCC4C(=O)O)cnc23)cccc1-c1ccccc1,7.26,c1ccc(-c2cccc(Nc3nccc4cc(CN5CCCCC5)cnc34)c2)cc1,1,-5.256309509277344
Cc1c(Nc2nccc3nc(CN4CCCCC4C(=O)O)cnc23)cccc1-c1ccccc1,7.26,c1ccc(-c2cccc(Nc3nccc4nc(CN5CCCCC5)cnc34)c2)cc1,1,-5.268263339996338
Cc1c(Nc2ncnc3cc(CN4CCCCC4C(=O)O)cnc23)cccc1-c1ccccc1,7.26,c1ccc(-c2cccc(Nc3ncnc4cc(CN5CCCCC5)cnc34)c2)cc1,1,-5.105991363525391
Cc1c(Nc2nsc3cc(CNC(CO)C(=O)O)ccc23)cccc1-c1ccc2c(c1)OCCO2,7.11,c1cc(Nc2nsc3ccccc23)cc(-c2ccc3c(c2)OCCO3)c1,1,-5.039714813232422
Cc1c(OCCCN2CC(O)C2)cccc1-c1ccc2nc(-c3cccc(CNCCO)c3)oc2c1,7.64,c1ccc(-c2nc3ccc(-c4cccc(OCCCN5CCC5)c4)cc3o2)cc1,1,-3.638424634933472
Cc1c(OCCCN2CCC(C(=O)O)C2)cccc1-c1ccc2nc(-c3cccc(CNCCO)c3)oc2c1,7.45,c1ccc(-c2nc3ccc(-c4cccc(OCCCN5CCCC5)c4)cc3o2)cc1,1,-3.956396341323853
Cc1c(OCCCN2CCC(C(=O)O)CC2)cccc1-c1ccc2nc(-c3cccc(CNCCO)c3)oc2c1,7.89,c1ccc(-c2nc3ccc(-c4cccc(OCCCN5CCCCC5)c4)cc3o2)cc1,1,-4.846409797668457
Cc1c(OCCCN2CCC(CO)CC2)cccc1-c1ccc2nc(-c3cccc(CNCCO)c3)oc2c1,7.35,c1ccc(-c2nc3ccc(-c4cccc(OCCCN5CCCCC5)c4)cc3o2)cc1,1,-5.062289714813232
Cc1c(OCCCN2CCC(N)C2)cccc1-c1ccc2nc(-c3cccc(CNCCO)c3)oc2c1,7.55,c1ccc(-c2nc3ccc(-c4cccc(OCCCN5CCCC5)c4)cc3o2)cc1,1,-3.6360116004943848
Cc1c(OCCCN2CCC(N)CC2)cccc1-c1ccc2nc(-c3cccc(CNCCO)c3)oc2c1,6.25,c1ccc(-c2nc3ccc(-c4cccc(OCCCN5CCCCC5)c4)cc3o2)cc1,1,-3.7965328693389897
Cc1c(OCCCN2CCC(O)C2)cccc1-c1ccc2nc(-c3cccc(CNCCO)c3)oc2c1,7.75,c1ccc(-c2nc3ccc(-c4cccc(OCCCN5CCCC5)c4)cc3o2)cc1,1,-3.912554264068603
Cc1c(OCCCN2CCC(O)C2)cccc1-c1ccc2nc(-c3cccc(CNCCO)c3)oc2c1C,7.81,c1ccc(-c2nc3ccc(-c4cccc(OCCCN5CCCC5)c4)cc3o2)cc1,1,-4.171443939208984
Cc1c(OCCCN2CCC(O)CC2)cccc1-c1ccc2nc(-c3cccc(CNCCO)c3)oc2c1,7.58,c1ccc(-c2nc3ccc(-c4cccc(OCCCN5CCCCC5)c4)cc3o2)cc1,1,-4.286531925201416
Cc1c(OCCCN2CCC(O)CC2)cccc1-c1ccc2nc(-c3cccc(CNCCO)c3)oc2c1C,7.62,c1ccc(-c2nc3ccc(-c4cccc(OCCCN5CCCCC5)c4)cc3o2)cc1,1,-5.181427955627441
Cc1c(OCCCN2CCOCC2)cccc1-c1ccc2nc(-c3cccc(CNCCO)c3)oc2c1,6.24,c1ccc(-c2nc3ccc(-c4cccc(OCCCN5CCOCC5)c4)cc3o2)cc1,1,-4.087230682373047
Cc1c(OCCCN2CCOCC2)cccc1-c1ccc2nc(-c3cccc(CNCCO)c3)oc2c1C,6.14,c1ccc(-c2nc3ccc(-c4cccc(OCCCN5CCOCC5)c4)cc3o2)cc1,1,-5.248831272125244
Cc1c(OCc2nnc(SCc3cccc(CN4CC(C(=O)O)C4)c3)o2)cccc1-c1ccccc1,7.38,c1ccc(-c2cccc(OCc3nnc(SCc4cccc(CN5CCC5)c4)o3)c2)cc1,1,-6.259223937988281
Cc1c(OCc2nnc(SCc3cccc(CN4CC(O)CC4C(=O)O)c3)o2)cccc1-c1ccccc1,7.53,c1ccc(-c2cccc(OCc3nnc(SCc4cccc(CN5CCCC5)c4)o3)c2)cc1,1,-5.717498302459717
Cc1c(OCc2nnc(SCc3cccc(CN4CCC(O)C4)c3)o2)cccc1-c1ccccc1,7.2,c1ccc(-c2cccc(OCc3nnc(SCc4cccc(CN5CCCC5)c4)o3)c2)cc1,1,-6.228777885437012
Cc1c(OCc2nnc(SCc3cccc(CN4CCCCC4C(=O)O)c3)o2)cccc1-c1ccccc1,7.08,c1ccc(-c2cccc(OCc3nnc(SCc4cccc(CN5CCCCC5)c4)o3)c2)cc1,1,-6.365221977233887
Cc1c(OCc2nnc(SCc3cccc(CN4CCOCC4)c3)o2)cccc1-c1ccccc1,7.13,c1ccc(-c2cccc(OCc3nnc(SCc4cccc(CN5CCOCC5)c4)o3)c2)cc1,1,-6.383099555969238
Cc1c(OCc2nnc(SCc3cccc(CNC(C)(C)C(=O)O)c3)o2)cccc1-c1ccccc1,7.27,c1ccc(CSc2nnc(COc3cccc(-c4ccccc4)c3)o2)cc1,1,-6.273275375366211
Cc1c(OCc2nnc(SCc3cccc(CNC(CO)C(=O)O)c3)o2)cccc1-c1ccccc1,7.78,c1ccc(CSc2nnc(COc3cccc(-c4ccccc4)c3)o2)cc1,1,-5.200410842895508
Cc1c(OCc2nnc(SCc3cccc(CNCC(=O)O)c3)o2)cccc1-c1ccccc1,7.54,c1ccc(CSc2nnc(COc3cccc(-c4ccccc4)c3)o2)cc1,1,-6.3147053718566895
Cc1cc(-c2nc(N=S(C)(C)=O)cc(N3CCOCC3C)n2)c2cc[nH]c2n1,7.68,c1cc(N2CCOCC2)nc(-c2ccnc3[nH]ccc23)n1,1,-4.016422271728516
Cc1cc(-c2nc(N=S(C)(C)=O)cc(N3CCOCC3C)n2)cc(N)n1,6.91,c1cc(-c2nccc(N3CCOCC3)n2)ccn1,1,-3.0551254749298096
Cc1cc(-c2nc(N=S(C)(C)=O)cc(N3CCOCC3C)n2)ccn1,6.66,c1cc(-c2nccc(N3CCOCC3)n2)ccn1,1,-2.8800506591796875
Cc1cc(C(=O)N2CCc3c(-c4ccccc4)cccc32)ccc1CNCCO,6.67,O=C(c1ccccc1)N1CCc2c(-c3ccccc3)cccc21,1,-3.76583480834961
Cc1cc(C(=O)Nc2cccc(-c3ccccc3)c2C)ncc1CNCCO,8.62,O=C(Nc1cccc(-c2ccccc2)c1)c1ccccn1,1,-3.555407762527466
Cc1cc(C=Cc2ccc3cc(N(C)C)ccc3[n+]2C)c(C)n1-c1ccccc1,7.53,C(=Cc1ccc2ccccc2[nH+]1)c1ccn(-c2ccccc2)c1,1,-5.629359245300293
Cc1cc(C=Cc2cccc(-c3ccc4c(c3)OCCO4)c2C)cc(OCc2cccc(C#N)c2)c1CN1CCCC1CO,5.82,C(=Cc1ccc(CN2CCCC2)c(OCc2ccccc2)c1)c1cccc(-c2ccc3c(c2)OCCO3)c1,1,-6.405606746673584
Cc1cc(CN2CC(O)CC2=O)c(OCc2cncc(C#N)c2)cc1NCc1cccc(-c2ccccc2)c1C,5.88,O=C1CCCN1Cc1ccc(NCc2cccc(-c3ccccc3)c2)cc1OCc1cccnc1,1,-6.722885608673096
Cc1cc(CN2CC(O)CC2C(=O)O)c(OCc2cncc(C#N)c2)cc1NCc1cccc(-c2ccccc2)c1C,7.62,c1ccc(-c2cccc(CNc3ccc(CN4CCCC4)c(OCc4cccnc4)c3)c2)cc1,1,-6.267073631286621
Cc1cc(CN2CCCC(O)C2C(=O)O)ccc1C#Cc1cccc(-c2ccccc2)c1C,5.67,C(#Cc1cccc(-c2ccccc2)c1)c1ccc(CN2CCCCC2)cc1,1,-4.438409805297852
Cc1cc(CN2CCCC(O)C2C(=O)O)ccc1C=Cc1cccc(-c2ccccc2)c1C,6.48,C(=Cc1cccc(-c2ccccc2)c1)c1ccc(CN2CCCCC2)cc1,1,-5.6148481369018555
Cc1cc(CN2CCCC(O)C2C(N)=O)ccc1C=Cc1cccc(-c2ccccc2)c1C,6.04,C(=Cc1cccc(-c2ccccc2)c1)c1ccc(CN2CCCCC2)cc1,1,-5.683163642883301
Cc1cc(CN2CCCC(O)C2CO)ccc1C=Cc1cccc(-c2ccccc2)c1C,6.26,C(=Cc1cccc(-c2ccccc2)c1)c1ccc(CN2CCCCC2)cc1,1,-5.737430572509766
Cc1cc(CN2CCCC2CO)ccc1C=Cc1cccc(-c2ccccc2)c1C,6.39,C(=Cc1cccc(-c2ccccc2)c1)c1ccc(CN2CCCC2)cc1,1,-5.90299129486084
Cc1cc(CN2CCCCC2C(=O)O)cc2nc(-c3cccc(-c4ccc5c(c4)OCCO5)c3C#N)oc12,7.26,c1cc(-c2ccc3c(c2)OCCO3)cc(-c2nc3cc(CN4CCCCC4)ccc3o2)c1,1,-5.977848052978516
Cc1cc(CN2CCCCC2C(=O)O)cc2nc(-c3cccc(-c4ccccc4)c3C#N)oc12,7.26,c1ccc(-c2cccc(-c3nc4cc(CN5CCCCC5)ccc4o3)c2)cc1,1,-6.049293041229248
Cc1cc(CN2CCCCC2C(=O)O)ccc1OCc1cccc(-c2ccccc2)c1C,8.22,c1ccc(-c2cccc(COc3ccc(CN4CCCCC4)cc3)c2)cc1,1,-5.847744464874268
Cc1cc(CNC(C)C(=O)O)ccc1C=Cc1cccc(-c2ccccc2)c1C,6.62,C(=Cc1cccc(-c2ccccc2)c1)c1ccccc1,1,-5.852478981018066
Cc1cc(CNC(CC(N)=O)C(=O)O)c(OCc2cncc(C#N)c2)cc1NCc1cccc(-c2ccccc2)c1C,7.33,c1ccc(-c2cccc(CNc3cccc(OCc4cccnc4)c3)c2)cc1,1,-6.120880126953125
Cc1cc(CNC(CCO)C(=O)O)c(OCc2cncc(C#N)c2)cc1NCc1cccc(-c2ccccc2)c1C,7.44,c1ccc(-c2cccc(CNc3cccc(OCc4cccnc4)c3)c2)cc1,1,-6.2640767097473145
Cc1cc(CNC(CO)C(=O)O)c(OCc2cccc(C#N)c2)cc1NCc1cccc(-c2ccccc2)c1C,6.78,c1ccc(COc2cccc(NCc3cccc(-c4ccccc4)c3)c2)cc1,1,-6.8236985206604
Cc1cc(CNC(CO)C(=O)O)c(OCc2cccc(C#N)c2)cc1OCc1cccc(-c2ccc3c(c2)OCCO3)c1C,8.65,c1ccc(COc2cccc(OCc3cccc(-c4ccc5c(c4)OCCO5)c3)c2)cc1,1,-6.549911022186279
Cc1cc(CNC(CO)C(=O)O)c(OCc2ccccc2)cc1NCc1cccc(-c2ccccc2)c1C,5.59,c1ccc(COc2cccc(NCc3cccc(-c4ccccc4)c3)c2)cc1,1,-6.299088001251221
Cc1cc(CNC(CO)C(=O)O)c(OCc2cccnc2)cc1NCc1cccc(-c2ccccc2)c1C,7.04,c1ccc(-c2cccc(CNc3cccc(OCc4cccnc4)c3)c2)cc1,1,-5.849032878875732
Cc1cc(CNC(CO)C(=O)O)c(OCc2cncc(C#N)c2)cc1NCc1cccc(-c2ccc3c(c2)OCCO3)c1C,7.36,c1cncc(COc2cccc(NCc3cccc(-c4ccc5c(c4)OCCO5)c3)c2)c1,1,-5.118685245513916
Cc1cc(CNC(CO)C(=O)O)c(OCc2cncc(C#N)c2)cc1NCc1cccc(-c2ccccc2)c1Br,7.51,c1ccc(-c2cccc(CNc3cccc(OCc4cccnc4)c3)c2)cc1,1,-6.603181838989258
Cc1cc(CNC(CO)C(=O)O)c(OCc2cncc(C#N)c2)cc1NCc1cccc(-c2ccccc2)c1C,7.92,c1ccc(-c2cccc(CNc3cccc(OCc4cccnc4)c3)c2)cc1,1,-6.259119987487793
Cc1cc(CNC(CO)C(=O)O)c(OCc2cncc(C#N)c2)cc1NCc1cccc(-c2ccccc2)c1C(F)(F)F,6.21,c1ccc(-c2cccc(CNc3cccc(OCc4cccnc4)c3)c2)cc1,1,-6.834218502044678
Cc1cc(CNC(CO)C(=O)O)c(OCc2cncc(C#N)c2)cc1OCc1cccc(-c2ccc3c(c2)OCCO3)c1C,8.65,c1cncc(COc2cccc(OCc3cccc(-c4ccc5c(c4)OCCO5)c3)c2)c1,1,-5.440290451049805
Cc1cc(CNC(CO)C(=O)O)ccc1C=Cc1cccc(-c2ccccc2)c1C,6.64,C(=Cc1cccc(-c2ccccc2)c1)c1ccccc1,1,-4.801495552062988
Cc1cc(CNC(CO)C(=O)O)cnc1C=Cc1cccc(-c2ccc3c(c2)OCCO3)c1C,7.44,C(=Cc1ccccn1)c1cccc(-c2ccc3c(c2)OCCO3)c1,1,-4.319843769073486
Cc1cc(CNC(CO)CO)ccc1C=Cc1cccc(-c2ccccc2)c1C,6.62,C(=Cc1cccc(-c2ccccc2)c1)c1ccccc1,1,-4.717854022979736
Cc1cc(CNCC(O)CC(=O)O)c(OCc2cncc(C#N)c2)cc1NCc1cccc(-c2ccccc2)c1C,7.77,c1ccc(-c2cccc(CNc3cccc(OCc4cccnc4)c3)c2)cc1,1,-6.46520471572876
Cc1cc(NCc2cccc(-c3ccccc3)c2C)cc(OCc2cccc(C#N)c2)c1CNC(CO)C(=O)O,6.44,c1ccc(COc2cccc(NCc3cccc(-c4ccccc4)c3)c2)cc1,1,-6.463210582733154
Cc1cc(NCc2cccc(-c3ccccc3)c2C)cc(OCc2cncc(C#N)c2)c1CNC(CO)C(=O)O,6.36,c1ccc(-c2cccc(CNc3cccc(OCc4cccnc4)c3)c2)cc1,1,-5.917850971221924
Cc1cc(OC(=O)c2cccc(-c3ccccc3)c2C)cc(OCc2cccc(C#N)c2)c1CNC(CO)(CO)CO,6.88,O=C(Oc1cccc(OCc2ccccc2)c1)c1cccc(-c2ccccc2)c1,1,-5.851076126098633
Cc1cc(OC(=O)c2cccc(-c3ccccc3)c2C)cc(OCc2cccc(C#N)c2)c1CNC(CO)C(=O)O,7.4,O=C(Oc1cccc(OCc2ccccc2)c1)c1cccc(-c2ccccc2)c1,1,-6.611624717712402
Cc1cc(OC(=O)c2cccc(-c3ccccc3)c2C)cc(OCc2cccc(C#N)c2)c1CNCC(O)CO,6.6,O=C(Oc1cccc(OCc2ccccc2)c1)c1cccc(-c2ccccc2)c1,1,-6.970612049102783
Cc1cc(OC(=O)c2cccc(-c3ccccc3)c2C)cc(OCc2cccc(C#N)c2)c1CNCCO,6.57,O=C(Oc1cccc(OCc2ccccc2)c1)c1cccc(-c2ccccc2)c1,1,-6.882987022399902
Cc1cc(OC(=O)c2cccc(-c3ccccc3)c2C)ccc1CNC(CO)(CO)CO,8.7,O=C(Oc1ccccc1)c1cccc(-c2ccccc2)c1,1,-3.739591121673584
Cc1cc(OC(=O)c2cccc(-c3ccccc3)c2C)ccc1CNC(CO)C(=O)O,8.65,O=C(Oc1ccccc1)c1cccc(-c2ccccc2)c1,1,-4.592932224273682
Cc1cc(OC(F)(F)c2cccc(-c3ccc4c(c3)OCCO4)c2C)cc(OCc2cccc(C#N)c2)c1CNC(C(=O)O)C(C)O,7.26,c1ccc(COc2cccc(OCc3cccc(-c4ccc5c(c4)OCCO5)c3)c2)cc1,1,-6.465310096740723
Cc1cc(OC(F)(F)c2cccc(-c3ccc4c(c3)OCCO4)c2C)cc(OCc2cccc(C#N)c2)c1CNC(C)(CO)CO,7.79,c1ccc(COc2cccc(OCc3cccc(-c4ccc5c(c4)OCCO5)c3)c2)cc1,1,-6.795574188232422
Cc1cc(OC(F)(F)c2cccc(-c3ccc4c(c3)OCCO4)c2C)cc(OCc2cccc(C#N)c2)c1CNC(CO)(CO)CO,7.52,c1ccc(COc2cccc(OCc3cccc(-c4ccc5c(c4)OCCO5)c3)c2)cc1,1,-6.359090805053711
Cc1cc(OC(F)(F)c2cccc(-c3ccc4c(c3)OCCO4)c2C)cc(OCc2cccc(C#N)c2)c1CNC(CO)C(=O)O,7.5,c1ccc(COc2cccc(OCc3cccc(-c4ccc5c(c4)OCCO5)c3)c2)cc1,1,-6.325303077697754
Cc1cc(OCc2cccc(-c3ccc4c(c3)OCCO4)c2C)cc(OCc2cccc(C#N)c2)c1CNC(C)(CO)C(=O)O,8.65,c1ccc(COc2cccc(OCc3cccc(-c4ccc5c(c4)OCCO5)c3)c2)cc1,1,-6.800289630889893
Cc1cc(OCc2cccc(-c3ccc4c(c3)OCCO4)c2C)cc(OCc2cccc(C#N)c2)c1CNC(CO)C(=O)O,8.65,c1ccc(COc2cccc(OCc3cccc(-c4ccc5c(c4)OCCO5)c3)c2)cc1,1,-6.236765384674072
Cc1cc2c(-c3cc(N4CCOCC4C)cc(N=S(C)(C)=O)n3)ccnc2[nH]1,7.96,c1cc(N2CCOCC2)cc(-c2ccnc3[nH]ccc23)n1,1,-3.9651033878326416
Cc1cc2c(-c3nc(N=S(C)(C)=O)cc(N4CCOCC4C)n3)ccnc2[nH]1,8.15,c1cc(N2CCOCC2)nc(-c2ccnc3[nH]ccc23)n1,1,-4.153997421264648
Cc1cc2nc(CN)c(NCc3ccccc3)n2cc1OCc1cccc(-c2ccc3c(c2)OCCO3)c1C,5.74,c1ccc(CNc2cnc3ccc(OCc4cccc(-c5ccc6c(c5)OCCO6)c4)cn23)cc1,1,-6.040762901306152
Cc1ccc(CNC(C)(CO)C(=O)O)cc1C=Cc1cccc(-c2ccc(F)cc2)c1C,5.85,C(=Cc1cccc(-c2ccccc2)c1)c1ccccc1,1,-5.789355278015137
Cc1ccc(CNC(C)(CO)C(=O)O)cc1C=Cc1cccc(-c2ccc3c(c2F)OCCO3)c1C,7.7,C(=Cc1cccc(-c2ccc3c(c2)OCCO3)c1)c1ccccc1,1,-6.05544376373291
Cc1ccc(CNC(C)(CO)C(=O)O)cc1C=Cc1cccc(-c2cccc(F)c2)c1C,7.24,C(=Cc1cccc(-c2ccccc2)c1)c1ccccc1,1,-5.835983753204346
Cc1ccc(CNC(C)(CO)C(=O)O)cc1C=Cc1cccc(-c2ccccc2)c1C,7.54,C(=Cc1cccc(-c2ccccc2)c1)c1ccccc1,1,-5.73890495300293
Cc1ccc(CNC(CO)C(=O)O)cc1C=Cc1cccc(-c2ccc3c(c2F)OCCO3)c1C,7.72,C(=Cc1cccc(-c2ccc3c(c2)OCCO3)c1)c1ccccc1,1,-5.234254360198975
Cc1ccc(CNC(CO)C(=O)O)cc1C=Cc1cccc(-c2ccccc2)c1C,7.0,C(=Cc1cccc(-c2ccccc2)c1)c1ccccc1,1,-4.803093910217285
Cc1ccc2ncn(-c3nc(N=S(C)(C)=O)cc(N4CCOCC4C)n3)c2c1,8.22,c1ccc2c(c1)ncn2-c1nccc(N2CCOCC2)n1,1,-3.951784372329712
Cc1ccccc1-c1cccc(COc2ccc(CNC(CO)(CO)CO)c(OCc3nnc(-c4ccccc4)o3)c2)c1C,6.82,c1ccc(-c2cccc(COc3cccc(OCc4nnc(-c5ccccc5)o4)c3)c2)cc1,1,-6.329953670501709
Cc1ccccc1-c1cccc(COc2ccc3c(n2)CCN(CCO)C3)c1C,6.39,c1ccc(-c2cccc(COc3ccc4c(n3)CCNC4)c2)cc1,1,-4.070136547088623
Cc1cn(-c2nc(N=S(C)(C)=O)cc(N3CCOCC3C)n2)cn1,6.87,c1cn(-c2nccc(N3CCOCC3)n2)cn1,1,-2.7676010131835938
Cc1cnc(C)n1-c1nc(N=S(C)(C)=O)cc(N2CCOCC2C)n1,6.36,c1cn(-c2nccc(N3CCOCC3)n2)cn1,1,-3.299424648284912
Cc1nc2c(-c3nc(N=S(C)(C)=O)cc(N4CCOCC4C)n3)ccnc2[nH]1,6.61,c1cc(N2CCOCC2)nc(-c2ccnc3[nH]cnc23)n1,1,-3.6696527004241943
Cc1nc2c(F)cccc2n1-c1nc(N=S(C)(C)=O)cc(N2CCOCC2C)n1,8.52,c1ccc2c(c1)ncn2-c1nccc(N2CCOCC2)n1,1,-4.070806503295898
Cc1nc2cc(F)ccc2n1-c1nc(N=S(C)(C)=O)cc(N2CCOCC2C)n1,8.7,c1ccc2c(c1)ncn2-c1nccc(N2CCOCC2)n1,1,-4.086270332336426
Cc1nc2ccc(F)cc2n1-c1nc(N=S(C)(C)=O)cc(N2CCOCC2C)n1,8.15,c1ccc2c(c1)ncn2-c1nccc(N2CCOCC2)n1,1,-4.079554557800293
Cc1nc2cccc(F)c2n1-c1nc(N=S(C)(C)=O)cc(N2CCOCC2C)n1,6.49,c1ccc2c(c1)ncn2-c1nccc(N2CCOCC2)n1,1,-4.17282247543335
Cc1nc2ccccc2n1-c1cc(N2CCOCC2C)cc(N=S(C)(C)=O)n1,7.62,c1ccc2c(c1)ncn2-c1cc(N2CCOCC2)ccn1,1,-3.900376558303833
Cc1nc2ccccc2n1-c1nc(N=S(C)(=O)C2CC2)cc(N2CCOCC2C)n1,9.4,O=[SH](=Nc1cc(N2CCOCC2)nc(-n2cnc3ccccc32)n1)C1CC1,1,-4.015911102294922
Cc1nc2ccccc2n1-c1nc(N=S(C)(=O)C2COC2)cc(N2CCOCC2C)n1,9.1,O=[SH](=Nc1cc(N2CCOCC2)nc(-n2cnc3ccccc32)n1)C1COC1,1,-3.8980789184570312
Cc1nc2ccccc2n1-c1nc(N=S(C)(C)=O)cc(N2CCOCC2C)n1,8.52,c1ccc2c(c1)ncn2-c1nccc(N2CCOCC2)n1,1,-3.859435558319092
Cc1nc2ccccn2c1-c1nc(N=S(C)(C)=O)cc(N2CCOCC2C)n1,7.47,c1ccn2c(-c3nccc(N4CCOCC4)n3)cnc2c1,1,-3.5151851177215576
Cc1nc2cccnc2n1-c1cc(N2CCOCC2C)cc(N=S(C)(C)=O)n1,6.01,c1cnc2c(c1)ncn2-c1cc(N2CCOCC2)ccn1,1,-3.620463371276855
Cc1nc2ncccc2n1-c1nc(N=S(C)(C)=O)cc(N2CCOCC2C)n1,7.3,c1cnc2ncn(-c3nccc(N4CCOCC4)n3)c2c1,1,-3.3227574825286865
Cc1nccn1-c1cc(N2CCOCC2C)cc(N=S(C)(C)=O)n1,5.46,c1cn(-c2cc(N3CCOCC3)ccn2)cn1,1,-2.749387502670288
Cc1ncn(-c2nc(N=S(C)(C)=O)cc(N3CCOCC3C)n2)c1C,6.8,c1cn(-c2nccc(N3CCOCC3)n2)cn1,1,-2.9489424228668213
Cc1nn2ccccc2c1-c1nc(N=S(C)(C)=O)cc(N2CCOCC2C)n1,7.26,c1ccn2ncc(-c3nccc(N4CCOCC4)n3)c2c1,1,-3.508880138397217
Clc1cc(CNCCN2CCCCC2)c(OCc2ccc3nonc3c2)cc1OCc1cccc(-c2ccccc2)c1Cl,6.54,c1ccc(-c2cccc(COc3ccc(CNCCN4CCCCC4)c(OCc4ccc5nonc5c4)c3)c2)cc1,1,-6.878635883331299
Cn1nc(Nc2cccc(-c3ccc4c(c3)OCCO4)c2Cl)c2ccc(CNC(C(=O)O)C(=O)O)cc21,8.02,c1cc(Nc2n[nH]c3ccccc23)cc(-c2ccc3c(c2)OCCO3)c1,1,-4.807553768157959
Cn1nc(Nc2cccc(-c3ccc4c(c3)OCCO4)c2Cl)c2ccc(CNC(CO)C(=O)O)cc21,8.02,c1cc(Nc2n[nH]c3ccccc23)cc(-c2ccc3c(c2)OCCO3)c1,1,-4.4703450202941895
Cn1nc(Nc2cccc(-c3ccc4c(c3)OCCO4)c2Cl)c2ncc(CNC(CO)C(=O)O)cc21,8.02,c1cc(Nc2n[nH]c3cccnc23)cc(-c2ccc3c(c2)OCCO3)c1,1,-4.493498802185059
N#CCOc1cc2oc(-c3cccc(-c4ccc5c(c4)OCCO5)c3C#N)nc2cc1CN1CCCCC1C(=O)O,7.26,c1cc(-c2ccc3c(c2)OCCO3)cc(-c2nc3cc(CN4CCCCC4)ccc3o2)c1,1,-6.2225728034973145
N#Cc1c(-c2ccc(CO)cc2)cccc1-c1ccc2c(c1)OCCO2,5.93,c1ccc(-c2cccc(-c3ccc4c(c3)OCCO4)c2)cc1,1,-5.353512287139893
N#Cc1c(-c2ccc(F)cc2)csc1OCc1ccc(CN)cc1,8.3,c1ccc(COc2cc(-c3ccccc3)cs2)cc1,1,-5.583585262298584
N#Cc1c(-c2ccc3c(c2)OCCO3)cccc1N1C(=O)c2ccc(C(=O)NCCO)cc2C1=O,5.93,O=C1c2ccccc2C(=O)N1c1cccc(-c2ccc3c(c2)OCCO3)c1,1,-5.169164657592773
N#Cc1c(-c2ccc3c(c2)OCCO3)ccnc1-c1nc2c(s1)CNCC2,6.52,c1cc(-c2ccc3c(c2)OCCO3)cc(-c2nc3c(s2)CNCC3)n1,1,-3.9405035972595215
N#Cc1c(-c2ccccc2)cccc1N1C(=O)c2ccc(C(=O)N3CCOCC3)cc2C1=O,5.17,O=C(c1ccc2c(c1)C(=O)N(c1cccc(-c3ccccc3)c1)C2=O)N1CCOCC1,1,-6.068622589111328
N#Cc1c(-c2ccccc2)cccc1N1C(=O)c2ccc(C(=O)NCCO)cc2C1=O,5.44,O=C1c2ccccc2C(=O)N1c1cccc(-c2ccccc2)c1,1,-5.0397844314575195
N#Cc1c(C2CCCCC2)cccc1N1CCC(N2CCCC2)CC1,5.78,c1cc(C2CCCCC2)cc(N2CCC(N3CCCC3)CC2)c1,1,-4.76931619644165
N#Cc1c(NC(=O)c2cc(CNCCO)cn3cnnc23)cccc1-c1ccc2c(c1)OCCO2,6.56,O=C(Nc1cccc(-c2ccc3c(c2)OCCO3)c1)c1cccn2cnnc12,1,-3.778226852416992
N#Cc1c(Nc2nccc3cc(CNCCO)cnc23)cccc1C1CCCCC1,7.26,c1cc(Nc2nccc3cccnc23)cc(C2CCCCC2)c1,1,-4.556443214416504
N#Cc1cc(COc2cc(C(=O)N3CCc4c(-c5ccccc5)cccc43)ccc2CNCCO)ccn1,6.98,O=C(c1cccc(OCc2ccncc2)c1)N1CCc2c(-c3ccccc3)cccc21,1,-5.473025798797607
N#Cc1cccc(COc2cc(C(=O)N3CCc4c(-c5ccccc5)cccc43)ccc2CN2CCCCC2C(=O)O)c1,5.88,O=C(c1ccc(CN2CCCCC2)c(OCc2ccccc2)c1)N1CCc2c(-c3ccccc3)cccc21,1,-6.949695110321045
N#Cc1cccc(COc2cc(C(=O)N3CCc4c(-c5ccccc5)cccc43)ccc2CNC(CO)C(=O)O)c1,5.48,O=C(c1cccc(OCc2ccccc2)c1)N1CCc2c(-c3ccccc3)cccc21,1,-5.9029541015625
N#Cc1cccc(COc2cc(C(=O)N3CCc4c(-c5ccccc5)cccc43)ccc2CNCCO)c1,6.24,O=C(c1cccc(OCc2ccccc2)c1)N1CCc2c(-c3ccccc3)cccc21,1,-6.650383949279785
N#Cc1cccc(COc2cc(NCc3cccc(-c4ccccc4)c3Br)ccc2CNC(CO)C(=O)O)c1,6.2,c1ccc(COc2cccc(NCc3cccc(-c4ccccc4)c3)c2)cc1,1,-6.808206081390381
N#Cc1cccc(COc2cc(OCc3cccc(-c4ccc5c(c4)OCCO5)c3Br)c(Cl)cc2CN2CCCCC2C(=O)O)c1,7.17,c1ccc(COc2cc(OCc3cccc(-c4ccc5c(c4)OCCO5)c3)ccc2CN2CCCCC2)cc1,1,-7.121665000915527
N#Cc1cccc(COc2cc(OCc3cccc(-c4ccc5c(c4)OCCO5)c3Br)c(Cl)cc2CNCCO)c1,6.57,c1ccc(COc2cccc(OCc3cccc(-c4ccc5c(c4)OCCO5)c3)c2)cc1,1,-7.261802196502685
N#Cc1cccc(COc2cc(OCc3cccc(-c4ccc5c(c4)OCCO5)c3Br)ccc2CNC(CO)C(=O)O)c1,7.42,c1ccc(COc2cccc(OCc3cccc(-c4ccc5c(c4)OCCO5)c3)c2)cc1,1,-6.969032287597656
N#Cc1cccc(COc2cc(OCc3cccc(-c4ccccc4)c3Br)c(Cl)cc2CNC(CO)C(=O)O)c1,8.61,c1ccc(COc2cccc(OCc3cccc(-c4ccccc4)c3)c2)cc1,1,-7.360553741455078
N#Cc1cccc(COc2cc(OCc3cccc(-c4ccccc4)c3Br)c(Cl)cc2CNCCO)c1,8.28,c1ccc(COc2cccc(OCc3cccc(-c4ccccc4)c3)c2)cc1,1,-7.37308406829834
N#Cc1cccc(COc2cc(OCc3cccc(-c4ccccc4)c3Br)ccc2CN2CCCC2C(=O)O)c1,7.23,c1ccc(COc2cc(OCc3cccc(-c4ccccc4)c3)ccc2CN2CCCC2)cc1,1,-7.340961933135986
N#Cc1cccc(COc2cc(OCc3cccc(-c4ccccc4)c3Br)ccc2CN2CCOCC2)c1,6.34,c1ccc(COc2cc(OCc3cccc(-c4ccccc4)c3)ccc2CN2CCOCC2)cc1,1,-7.286584377288818
N#Cc1cccc(COc2cc(OCc3cccc(-c4ccccc4)c3Br)ccc2CNC(CO)C(=O)O)c1,7.53,c1ccc(COc2cccc(OCc3cccc(-c4ccccc4)c3)c2)cc1,1,-7.2291131019592285
N#Cc1cccc(COc2cc(OCc3cccc(-c4ccccc4)c3Br)ccc2CNC2CCOCC2)c1,6.1,c1ccc(COc2cc(OCc3cccc(-c4ccccc4)c3)ccc2CNC2CCOCC2)cc1,1,-7.460531711578369
N#Cc1cccc(COc2cc(OCc3cccc(-c4ccccc4)c3Br)ccc2CNCCO)c1,6.51,c1ccc(COc2cccc(OCc3cccc(-c4ccccc4)c3)c2)cc1,1,-7.293592929840088
N#Cc1cccc(COc2cc(OCc3cccc(-c4ccccc4F)c3C(F)F)ccc2CNC(CO)C(=O)O)c1,7.0,c1ccc(COc2cccc(OCc3cccc(-c4ccccc4)c3)c2)cc1,1,-7.209969997406006
N#Cc1cccc(COc2cc(OCc3cccc(-c4ccccc4F)c3C(F)F)ccc2CNCCO)c1,7.0,c1ccc(COc2cccc(OCc3cccc(-c4ccccc4)c3)c2)cc1,1,-7.769093990325928
N#Cc1cccc(COc2cc(OCc3cccc(-c4ccccc4F)c3CF)ccc2CN2CCCC2C(=O)O)c1,8.0,c1ccc(COc2cc(OCc3cccc(-c4ccccc4)c3)ccc2CN2CCCC2)cc1,1,-7.177865028381348
N#Cc1cccc(COc2cc(OCc3cccc(-c4ccccc4F)c3CF)ccc2CNCCO)c1,7.0,c1ccc(COc2cccc(OCc3cccc(-c4ccccc4)c3)c2)cc1,1,-7.326387405395508
N#Cc1cccc(COc2cc(OCc3cccc(-c4ccccc4F)c3Cl)ccc2CN2CC(C(=O)O)C2)c1,4.47,c1ccc(COc2cc(OCc3cccc(-c4ccccc4)c3)ccc2CN2CCC2)cc1,1,-7.439021110534668
N#Cc1cccc(COc2cc(OCc3cccc(-c4ccccc4F)c3Cl)ccc2CN2CCC(O)C2)c1,4.72,c1ccc(COc2cc(OCc3cccc(-c4ccccc4)c3)ccc2CN2CCCC2)cc1,1,-7.260749816894531
N#Cc1cccc(COc2cc(OCc3cccc(-c4ccccc4F)c3Cl)ccc2CNCC(=O)O)c1,5.22,c1ccc(COc2cccc(OCc3cccc(-c4ccccc4)c3)c2)cc1,1,-7.823066711425781
N#Cc1cccc(COc2cc(OCc3cccc(-c4ccccc4F)c3Cl)ccc2CNCCO)c1,4.9,c1ccc(COc2cccc(OCc3cccc(-c4ccccc4)c3)c2)cc1,1,-7.249101161956787
N#Cc1cccc(COc2cc(Oc3ncnc4c(-c5ccc6c(c5)OCCO6)cccc34)c(Cl)cc2CN2CCCCC2C(=O)O)c1,6.39,c1ccc(COc2cc(Oc3ncnc4c(-c5ccc6c(c5)OCCO6)cccc34)ccc2CN2CCCCC2)cc1,1,-6.566687107086182
N#Cc1cccc(COc2cc(Oc3ncnc4c(-c5ccc6c(c5)OCCO6)cccc34)c(Cl)cc2CNC(CO)CO)c1,7.51,c1ccc(COc2cccc(Oc3ncnc4c(-c5ccc6c(c5)OCCO6)cccc34)c2)cc1,1,-6.9126877784729
N#Cc1cccc(COc2cc(Oc3ncnc4c(-c5ccc6c(c5)OCCO6)cccc34)c(Cl)cc2CNCCO)c1,7.65,c1ccc(COc2cccc(Oc3ncnc4c(-c5ccc6c(c5)OCCO6)cccc34)c2)cc1,1,-7.025496959686279
N#Cc1cccc(COc2cc(Oc3ncnc4c(-c5ccccc5)cccc34)c(Cl)cc2CNC(CO)CO)c1,7.62,c1ccc(COc2cccc(Oc3ncnc4c(-c5ccccc5)cccc34)c2)cc1,1,-7.158164978027344
N#Cc1cccc(COc2cc(Oc3ncnc4c(-c5ccccc5)cccc34)c(Cl)cc2CNCCO)c1,7.11,c1ccc(COc2cccc(Oc3ncnc4c(-c5ccccc5)cccc34)c2)cc1,1,-7.163664817810059
N#Cc1cccc(COc2ccc3c(c2)C(=O)N(c2cccc(-c4ccccc4)c2C#N)C3=O)c1,6.4,O=C1c2ccc(OCc3ccccc3)cc2C(=O)N1c1cccc(-c2ccccc2)c1,1,-8.016731262207031
N#Cc1cncc(COc2cc(C(=O)N3CCc4c(-c5ccccc5)cccc43)ccc2CN2CCC(C(=O)O)C2)c1,7.27,O=C(c1ccc(CN2CCCC2)c(OCc2cccnc2)c1)N1CCc2c(-c3ccccc3)cccc21,1,-6.182985305786133
N#Cc1cncc(COc2cc(C(=O)N3CCc4c(-c5ccccc5)cccc43)ccc2CN2CCC(CO)C2)c1,6.89,O=C(c1ccc(CN2CCCC2)c(OCc2cccnc2)c1)N1CCc2c(-c3ccccc3)cccc21,1,-6.408188343048096
N#Cc1cncc(COc2cc(C(=O)N3CCc4c(-c5ccccc5)cccc43)ccc2CN2CCC(O)C2)c1,7.13,O=C(c1ccc(CN2CCCC2)c(OCc2cccnc2)c1)N1CCc2c(-c3ccccc3)cccc21,1,-6.227054595947266
N#Cc1cncc(COc2cc(C(=O)N3CCc4c(-c5ccccc5)cccc43)ccc2CN2CCCC2C(=O)O)c1,6.2,O=C(c1ccc(CN2CCCC2)c(OCc2cccnc2)c1)N1CCc2c(-c3ccccc3)cccc21,1,-6.471315860748291
N#Cc1cncc(COc2cc(C(=O)N3CCc4c(-c5ccccc5)cccc43)ccc2CNC2CCOCC2)c1,6.42,O=C(c1ccc(CNC2CCOCC2)c(OCc2cccnc2)c1)N1CCc2c(-c3ccccc3)cccc21,1,-6.791560649871826
N#Cc1cncc(COc2cc(C(=O)N3CCc4c(-c5ccccc5)cccc43)ccc2CNCCO)c1,7.06,O=C(c1cccc(OCc2cccnc2)c1)N1CCc2c(-c3ccccc3)cccc21,1,-5.3404541015625
N#Cc1cncc(COc2cc(NCc3cccc(-c4ccccc4)c3Br)ccc2CNC(CO)C(=O)O)c1,6.69,c1ccc(-c2cccc(CNc3cccc(OCc4cccnc4)c3)c2)cc1,1,-6.306568622589111
N#Cc1cncc(COc2cc(NCc3cccc(-c4ccccc4)c3C(F)(F)F)ccc2CNC(CO)C(=O)O)c1,5.53,c1ccc(-c2cccc(CNc3cccc(OCc4cccnc4)c3)c2)cc1,1,-6.581430435180664
N#Cc1cncc(COc2cc(OCc3cccc(-c4cc(F)ccc4F)c3CF)ccc2CNC(CO)C(=O)O)c1,7.68,c1ccc(-c2cccc(COc3cccc(OCc4cccnc4)c3)c2)cc1,1,-6.499993324279785
N#Cc1cncc(COc2cc(OCc3cccc(-c4cc(F)ccc4F)c3CF)ccc2CNCCO)c1,7.38,c1ccc(-c2cccc(COc3cccc(OCc4cccnc4)c3)c2)cc1,1,-6.708920001983643
N#Cc1cncc(COc2cc(OCc3cccc(-c4ccc5c(c4)OCCO5)c3C(F)F)ccc2CN2CCCC2C(=O)O)c1,7.71,c1cncc(COc2cc(OCc3cccc(-c4ccc5c(c4)OCCO5)c3)ccc2CN2CCCC2)c1,1,-6.411026477813721
N#Cc1cncc(COc2cc(OCc3cccc(-c4ccc5c(c4)OCCO5)c3C(F)F)ccc2CNCC(O)CO)c1,8.02,c1cncc(COc2cccc(OCc3cccc(-c4ccc5c(c4)OCCO5)c3)c2)c1,1,-6.496634483337402
N#Cc1cncc(COc2cc(OCc3cccc(-c4ccc5c(c4)OCCO5)c3C(F)F)ccc2CNCCO)c1,8.51,c1cncc(COc2cccc(OCc3cccc(-c4ccc5c(c4)OCCO5)c3)c2)c1,1,-6.75260066986084
N#Cc1cncc(COc2cc(OCc3cccc(-c4ccc5c(c4)OCCO5)c3CF)ccc2CN2CCC(C(=O)O)C2)c1,7.83,c1cncc(COc2cc(OCc3cccc(-c4ccc5c(c4)OCCO5)c3)ccc2CN2CCCC2)c1,1,-6.1454057693481445
N#Cc1cncc(COc2cc(OCc3cccc(-c4ccc5c(c4)OCCO5)c3CF)ccc2CN2CCCCC2C(=O)O)c1,7.0,c1cncc(COc2cc(OCc3cccc(-c4ccc5c(c4)OCCO5)c3)ccc2CN2CCCCC2)c1,1,-6.592639923095703
N#Cc1cncc(COc2cc(OCc3cccc(-c4ccc5c(c4)OCCO5)c3CF)ccc2CNC(CO)C(=O)O)c1,7.71,c1cncc(COc2cccc(OCc3cccc(-c4ccc5c(c4)OCCO5)c3)c2)c1,1,-5.389016151428223
N#Cc1cncc(COc2cc(OCc3cccc(-c4ccc5c(c4)OCCO5)c3CF)ccc2CNCC(=O)O)c1,7.0,c1cncc(COc2cccc(OCc3cccc(-c4ccc5c(c4)OCCO5)c3)c2)c1,1,-6.729134559631348
N#Cc1cncc(COc2cc(OCc3cccc(-c4ccc5c(c4)OCCO5)c3CF)ccc2CNCCO)c1,7.92,c1cncc(COc2cccc(OCc3cccc(-c4ccc5c(c4)OCCO5)c3)c2)c1,1,-6.0622172355651855
N#Cc1cncc(COc2cc(OCc3cccc(-c4ccccc4)c3Br)c(Cl)cc2CN2CCCCC2C(=O)O)c1,11.0,c1ccc(-c2cccc(COc3ccc(CN4CCCCC4)c(OCc4cccnc4)c3)c2)cc1,1,-7.102964878082275
N#Cc1cncc(COc2cc(OCc3cccc(-c4ccccc4)c3C(F)(F)F)ccc2CNC(CO)C(=O)O)c1,7.23,c1ccc(-c2cccc(COc3cccc(OCc4cccnc4)c3)c2)cc1,1,-6.791835784912109
N#Cc1cncc(COc2cc(OCc3cccc(-c4ccccc4)c3C(F)(F)F)ccc2CNCCO)c1,7.03,c1ccc(-c2cccc(COc3cccc(OCc4cccnc4)c3)c2)cc1,1,-7.047744274139404
N#Cc1cncc(COc2cc(OCc3cccc(-c4ccccc4F)c3C(F)F)ccc2CN2CCCC2C(=O)O)c1,6.92,c1ccc(-c2cccc(COc3ccc(CN4CCCC4)c(OCc4cccnc4)c3)c2)cc1,1,-6.90461540222168
N#Cc1cncc(COc2cc(OCc3cccc(-c4ccccc4F)c3C(F)F)ccc2CNC(CO)C(=O)O)c1,7.77,c1ccc(-c2cccc(COc3cccc(OCc4cccnc4)c3)c2)cc1,1,-6.85754919052124
N#Cc1cncc(COc2cc(OCc3cccc(-c4ccccc4F)c3C(F)F)ccc2CNCC(=O)O)c1,6.81,c1ccc(-c2cccc(COc3cccc(OCc4cccnc4)c3)c2)cc1,1,-7.262543678283691
N#Cc1cncc(COc2cc(OCc3cccc(-c4ccccc4F)c3C(F)F)ccc2CNCCO)c1,7.38,c1ccc(-c2cccc(COc3cccc(OCc4cccnc4)c3)c2)cc1,1,-7.228938579559326
N#Cc1cncc(COc2cc(OCc3cccc(-c4ccccc4F)c3CF)ccc2CN2CC(C(=O)O)C2)c1,7.73,c1ccc(-c2cccc(COc3ccc(CN4CCC4)c(OCc4cccnc4)c3)c2)cc1,1,-6.846508979797363
N#Cc1cncc(COc2cc(OCc3cccc(-c4ccccc4F)c3CF)ccc2CN2CCC(C(=O)O)C2)c1,7.6,c1ccc(-c2cccc(COc3ccc(CN4CCCC4)c(OCc4cccnc4)c3)c2)cc1,1,-6.699855327606201
N#Cc1cncc(COc2cc(OCc3cccc(-c4ccccc4F)c3CF)ccc2CN2CCC(O)C2)c1,7.25,c1ccc(-c2cccc(COc3ccc(CN4CCCC4)c(OCc4cccnc4)c3)c2)cc1,1,-6.614748954772949
N#Cc1cncc(COc2cc(OCc3cccc(-c4ccccc4F)c3CF)ccc2CN2CCCC2C(=O)O)c1,8.16,c1ccc(-c2cccc(COc3ccc(CN4CCCC4)c(OCc4cccnc4)c3)c2)cc1,1,-6.748141288757324
N#Cc1cncc(COc2cc(OCc3cccc(-c4ccccc4F)c3CF)ccc2CN2CCCCC2C(=O)O)c1,7.57,c1ccc(-c2cccc(COc3ccc(CN4CCCCC4)c(OCc4cccnc4)c3)c2)cc1,1,-6.992208480834961
N#Cc1cncc(COc2cc(OCc3cccc(-c4ccccc4F)c3CF)ccc2CNC(CO)C(=O)O)c1,8.0,c1ccc(-c2cccc(COc3cccc(OCc4cccnc4)c3)c2)cc1,1,-6.310168266296387
N#Cc1cncc(COc2cc(OCc3cccc(-c4ccccc4F)c3CF)ccc2CNCC(=O)O)c1,7.55,c1ccc(-c2cccc(COc3cccc(OCc4cccnc4)c3)c2)cc1,1,-7.1642889976501465
N#Cc1cncc(COc2cc(OCc3cccc(-c4ccccc4F)c3CF)ccc2CNCCO)c1,7.6,c1ccc(-c2cccc(COc3cccc(OCc4cccnc4)c3)c2)cc1,1,-6.730956554412842
N#Cc1cncc(COc2cc(OCc3cccc(-c4ccccc4F)c3Cl)ccc2CNC(CO)C(=O)O)c1,5.14,c1ccc(-c2cccc(COc3cccc(OCc4cccnc4)c3)c2)cc1,1,-6.852214336395264
N#Cc1cncc(COc2cc(OCc3cccc(-c4ccccc4F)c3Cl)ccc2CNCCO)c1,4.62,c1ccc(-c2cccc(COc3cccc(OCc4cccnc4)c3)c2)cc1,1,-7.0626091957092285
N#Cc1cncc(COc2cc(Oc3ncnc4c(-c5ccc6c(c5)OCCO6)cccc34)c(Cl)cc2CNC(CO)CO)c1,8.27,c1cncc(COc2cccc(Oc3ncnc4c(-c5ccc6c(c5)OCCO6)cccc34)c2)c1,1,-5.64910364151001
N#Cc1cncc(COc2cc(Oc3ncnc4c(-c5ccc6c(c5)OCCO6)cccc34)c(Cl)cc2CNCCO)c1,7.91,c1cncc(COc2cccc(Oc3ncnc4c(-c5ccc6c(c5)OCCO6)cccc34)c2)c1,1,-6.345121383666992
N#Cc1cncc(COc2cc(Oc3ncnc4c(-c5ccccc5)cccc34)c(Cl)cc2CNC(CO)CO)c1,7.24,c1ccc(-c2cccc3c(Oc4cccc(OCc5cccnc5)c4)ncnc23)cc1,1,-6.600294589996338
N#Cc1cncc(COc2cc(Oc3ncnc4c(-c5ccccc5)cccc34)c(Cl)cc2CNCCO)c1,6.77,c1ccc(-c2cccc3c(Oc4cccc(OCc5cccnc5)c4)ncnc23)cc1,1,-6.716713905334473
NC(=O)C(CO)NCc1cc(Cl)c(OCc2cccc(-c3ccccc3)c2Br)cc1OCC1CC1,7.09,c1ccc(-c2cccc(COc3cccc(OCC4CC4)c3)c2)cc1,1,-6.943825721740723
NC(=O)CC(NCc1cc(Cl)c(OCc2cccc(-c3ccccc3)c2Br)cc1OCc1cccnc1)C(=O)O,6.08,c1ccc(-c2cccc(COc3cccc(OCc4cccnc4)c3)c2)cc1,1,-6.5742597579956055
NC(=O)CN1CCc2nc(OCc3cccc(-c4ccccc4F)c3Cl)ccc2C1,6.8,c1ccc(-c2cccc(COc3ccc4c(n3)CCNC4)c2)cc1,1,-4.175934791564941
NC(=O)COc1cc(OCc2cccc(-c3ccc4c(c3)OCCO4)c2Br)c(Cl)cc1CN1CC(O)CC1C(=O)O,6.74,c1cc(COc2ccc(CN3CCCC3)cc2)cc(-c2ccc3c(c2)OCCO3)c1,1,-4.352927207946777
NC(=O)COc1cc(OCc2cccc(-c3ccccc3)c2Br)c(Cl)cc1CNC(CO)C(=O)O,6.51,c1ccc(OCc2cccc(-c3ccccc3)c2)cc1,1,-5.102873802185059
NC(=O)NCCCC(NCc1cc(Cl)c(OCc2cccc(-c3ccccc3)c2Br)cc1OCC1CC1)C(=O)O,5.85,c1ccc(-c2cccc(COc3cccc(OCC4CC4)c3)c2)cc1,1,-7.218198299407959
NC(=O)c1ccccc1NC(=O)c1ccc(-c2ccccc2)cc1,4.56,O=C(Nc1ccccc1)c1ccc(-c2ccccc2)cc1,1,-5.652370452880859
NS(=O)(=O)CCNCc1cc(Cl)c(OCc2cccc(-c3ccccc3)c2Br)cc1OCc1ccc2nonc2c1,6.47,c1ccc(-c2cccc(COc3cccc(OCc4ccc5nonc5c4)c3)c2)cc1,1,-6.7238311767578125
NS(=O)(=O)CCNCc1cnc(C(=O)N2CCc3c(-c4ccc5c(c4)OCCO5)cccc32)s1,6.97,O=C(c1nccs1)N1CCc2c(-c3ccc4c(c3)OCCO4)cccc21,1,-3.1396484375
NS(=O)(=O)CCNCc1cnc(C(=O)N2CCc3c(-c4ccccc4)cccc32)s1,7.07,O=C(c1nccs1)N1CCc2c(-c3ccccc3)cccc21,1,-3.231783151626587
NS(=O)(=O)NCCNCc1cnc2c(N3CCc4c(-c5ccc6c(c5)OCCO6)cccc43)ncnc2c1,7.5,c1cc(-c2ccc3c(c2)OCCO3)c2c(c1)N(c1ncnc3cccnc13)CC2,1,-3.77242112159729
NS(=O)(=O)NCCNCc1cnc2c(N3CCc4c(-c5ccccc5)cccc43)ncnc2c1,7.68,c1ccc(-c2cccc3c2CCN3c2ncnc3cccnc23)cc1,1,-3.6131317615509033
O=C(CCCN1CCC(O)C1)N1CCCC2(CCCN(C(=O)CCCN3CCC(O)C3)C2)C1,6.08,O=C(CCCN1CCCC1)N1CCCC2(CCCN(C(=O)CCCN3CCCC3)C2)C1,1,-1.728528380393982
O=C(COc1cc(OCc2cccc(-c3ccccc3)c2Br)c(Cl)cc1CN1CCCCC1C(=O)O)NO,6.74,c1ccc(-c2cccc(COc3ccc(CN4CCCCC4)cc3)c2)cc1,1,-6.197343349456787
O=C(Nc1ccc(CN2CC(C(=O)O)C2)cn1)c1cccc(-c2ccccc2)c1Cl,6.19,O=C(Nc1ccc(CN2CCC2)cn1)c1cccc(-c2ccccc2)c1,1,-4.669325828552246
O=C(Nc1ccc(CN2CC(O)C2)cn1)c1cccc(-c2ccccc2)c1Cl,6.28,O=C(Nc1ccc(CN2CCC2)cn1)c1cccc(-c2ccccc2)c1,1,-4.497565746307373
O=C(Nc1ccc(CN2CCC(C(=O)O)C2)cn1)c1cccc(-c2ccc3c(c2)OCCO3)c1Br,7.33,O=C(Nc1ccc(CN2CCCC2)cn1)c1cccc(-c2ccc3c(c2)OCCO3)c1,1,-5.044075012207031
O=C(Nc1ccc(CN2CCC(C(=O)O)C2)cn1)c1cccc(-c2ccc3c(c2)OCCO3)c1Cl,7.79,O=C(Nc1ccc(CN2CCCC2)cn1)c1cccc(-c2ccc3c(c2)OCCO3)c1,1,-4.805751323699951
O=C(Nc1ccc(CN2CCC(C(=O)O)C2)cn1)c1cccc(-c2ccccc2)c1Cl,6.76,O=C(Nc1ccc(CN2CCCC2)cn1)c1cccc(-c2ccccc2)c1,1,-4.67764949798584
O=C(Nc1ccc(CN2CCC(O)C2)cn1)c1cccc(-c2ccccc2)c1Cl,6.43,O=C(Nc1ccc(CN2CCCC2)cn1)c1cccc(-c2ccccc2)c1,1,-4.359645366668701
O=C(Nc1ccc(CN2CCC(O)CC2)cn1)c1cccc(-c2ccccc2)c1Cl,6.34,O=C(Nc1ccc(CN2CCCCC2)cn1)c1cccc(-c2ccccc2)c1,1,-4.668704509735107
O=C(Nc1ccc(CNCC(O)CO)cn1)c1cccc(-c2ccccc2)c1Cl,6.36,O=C(Nc1ccccn1)c1cccc(-c2ccccc2)c1,1,-3.9952282905578618
O=C(Nc1ccc(CNCCO)c(F)n1)c1cccc(-c2ccccc2)c1Cl,6.37,O=C(Nc1ccccn1)c1cccc(-c2ccccc2)c1,1,-4.440506458282471
O=C(Nc1ccc(CNCCO)cn1)c1cccc(-c2ccccc2)c1Cl,6.3,O=C(Nc1ccccn1)c1cccc(-c2ccccc2)c1,1,-4.183399677276611
O=C(Nc1cccc(-c2ccccc2F)c1Cl)c1ccc2c(n1)CCN(CCO)C2,7.67,O=C(Nc1cccc(-c2ccccc2)c1)c1ccc2c(n1)CCNC2,1,-4.274374008178711
O=C(O)C(CO)NCc1cc(Br)c(OCc2cccc(-c3ccccc3)c2Br)cc1OCc1ccc2nonc2c1,7.56,c1ccc(-c2cccc(COc3cccc(OCc4ccc5nonc5c4)c3)c2)cc1,1,-6.741422653198242
O=C(O)C(CO)NCc1cc(Cl)c(OCc2cccc(-c3ccc(F)cc3)c2Cl)cc1OCc1ccc2nonc2c1,7.25,c1ccc(-c2cccc(COc3cccc(OCc4ccc5nonc5c4)c3)c2)cc1,1,-6.722281455993652
O=C(O)C(CO)NCc1cc(Cl)c(OCc2cccc(-c3cccc(Cl)c3)c2Br)cc1OCc1ccc2nonc2c1,7.61,c1ccc(-c2cccc(COc3cccc(OCc4ccc5nonc5c4)c3)c2)cc1,1,-6.794610023498535
O=C(O)C(CO)NCc1cc(Cl)c(OCc2cccc(-c3cccc(F)c3)c2Br)cc1OCc1ccc2nonc2c1,8.09,c1ccc(-c2cccc(COc3cccc(OCc4ccc5nonc5c4)c3)c2)cc1,1,-6.7916693687438965
O=C(O)C(CO)NCc1cc(Cl)c(OCc2cccc(-c3cccc(F)c3)c2Cl)cc1OCc1ccc2nonc2c1,8.19,c1ccc(-c2cccc(COc3cccc(OCc4ccc5nonc5c4)c3)c2)cc1,1,-6.699228286743164
O=C(O)C(CO)NCc1cc(Cl)c(OCc2cccc(-c3cccc(O)c3)c2Cl)cc1OCc1ccc2nonc2c1,7.23,c1ccc(-c2cccc(COc3cccc(OCc4ccc5nonc5c4)c3)c2)cc1,1,-6.455594062805176
O=C(O)C(CO)NCc1cc(Cl)c(OCc2cccc(-c3cccc(OCCCCN(CCO)CCO)c3)c2Cl)cc1OCc1ccc2nonc2c1,8.09,c1ccc(-c2cccc(COc3cccc(OCc4ccc5nonc5c4)c3)c2)cc1,1,-5.527925968170166
O=C(O)C(CO)NCc1cc(Cl)c(OCc2cccc(-c3cccc(OCCCCN4CCC(CO)CC4)c3)c2Cl)cc1OCc1ccc2nonc2c1,8.46,c1cc(OCc2cccc(-c3cccc(OCCCCN4CCCCC4)c3)c2)cc(OCc2ccc3nonc3c2)c1,1,-6.145097732543945
O=C(O)C(CO)NCc1cc(Cl)c(OCc2cccc(-c3cccc(OCCCCN4CCC(O)CC4)c3)c2Cl)cc1OCc1ccc2nonc2c1,8.48,c1cc(OCc2cccc(-c3cccc(OCCCCN4CCCCC4)c3)c2)cc(OCc2ccc3nonc3c2)c1,1,-6.000497817993164
O=C(O)C(CO)NCc1cc(Cl)c(OCc2cccc(-c3cccc(OCCCCN4CCC(O)CC4)c3)c2F)cc1OCc1ccc2nonc2c1,8.51,c1cc(OCc2cccc(-c3cccc(OCCCCN4CCCCC4)c3)c2)cc(OCc2ccc3nonc3c2)c1,1,-5.818127632141113
O=C(O)C(CO)NCc1cc(Cl)c(OCc2cccc(-c3cccc(OCCCCN4CCNCC4)c3)c2Cl)cc1OCc1ccc2nonc2c1,7.38,c1cc(OCc2cccc(-c3cccc(OCCCCN4CCNCC4)c3)c2)cc(OCc2ccc3nonc3c2)c1,1,-5.7602643966674805
O=C(O)C(CO)NCc1cc(Cl)c(OCc2cccc(-c3cccc(OCCCCN4CCOCC4)c3)c2F)cc1OCc1ccc2nonc2c1,7.67,c1cc(OCc2cccc(-c3cccc(OCCCCN4CCOCC4)c3)c2)cc(OCc2ccc3nonc3c2)c1,1,-5.824010372161865
O=C(O)C(CO)NCc1cc(Cl)c(OCc2cccc(-c3cccc(OCCCN(CCO)CCO)c3)c2Cl)cc1OCc1ccc2nonc2c1,8.27,c1ccc(-c2cccc(COc3cccc(OCc4ccc5nonc5c4)c3)c2)cc1,1,-5.532564640045166
O=C(O)C(CO)NCc1cc(Cl)c(OCc2cccc(-c3cccc(OCCCN4CCC(O)CC4)c3)c2Cl)cc1OCc1ccc2nonc2c1,8.7,c1cc(OCc2cccc(-c3cccc(OCCCN4CCCCC4)c3)c2)cc(OCc2ccc3nonc3c2)c1,1,-5.914797782897949
O=C(O)C(CO)NCc1cc(Cl)c(OCc2cccc(-c3cccc(OCCCN4CCC(O)CC4)c3)c2F)cc1OCc1ccc2nonc2c1,7.89,c1cc(OCc2cccc(-c3cccc(OCCCN4CCCCC4)c3)c2)cc(OCc2ccc3nonc3c2)c1,1,-5.921051979064941
O=C(O)C(CO)NCc1cc(Cl)c(OCc2cccc(-c3cccc(OCCCN4CCOCC4)c3)c2Cl)cc1OCc1ccc2nonc2c1,7.46,c1cc(OCc2cccc(-c3cccc(OCCCN4CCOCC4)c3)c2)cc(OCc2ccc3nonc3c2)c1,1,-5.89652681350708
O=C(O)C(CO)NCc1cc(Cl)c(OCc2cccc(-c3cccc(OCCCN4CCOCC4)c3)c2F)cc1OCc1ccc2nonc2c1,7.9,c1cc(OCc2cccc(-c3cccc(OCCCN4CCOCC4)c3)c2)cc(OCc2ccc3nonc3c2)c1,1,-6.006649971008301
O=C(O)C(CO)NCc1cc(Cl)c(OCc2cccc(-c3cccc(OCCCNCCN4CCCCC4)c3)c2Cl)cc1OCc1ccc2nonc2c1,7.62,c1cc(OCc2cccc(-c3cccc(OCCCNCCN4CCCCC4)c3)c2)cc(OCc2ccc3nonc3c2)c1,1,-6.362611770629883
O=C(O)C(CO)NCc1cc(Cl)c(OCc2cccc(-c3cccc(OCCCNCCO)c3)c2Cl)cc1OCc1ccc2nonc2c1,8.21,c1ccc(-c2cccc(COc3cccc(OCc4ccc5nonc5c4)c3)c2)cc1,1,-6.144423961639404
O=C(O)C(CO)NCc1cc(Cl)c(OCc2cccc(-c3cccc(OCCCNS(=O)(=O)N4CCOCC4)c3)c2Cl)cc1OCc1ccc2nonc2c1,7.06,O=S(=O)(NCCCOc1cccc(-c2cccc(COc3cccc(OCc4ccc5nonc5c4)c3)c2)c1)N1CCOCC1,1,-5.566680431365967
O=C(O)C(CO)NCc1cc(Cl)c(OCc2cccc(-c3cccc(OCCCO)c3)c2Br)cc1OCc1ccc2nonc2c1,7.51,c1ccc(-c2cccc(COc3cccc(OCc4ccc5nonc5c4)c3)c2)cc1,1,-6.360389709472656
O=C(O)C(CO)NCc1cc(Cl)c(OCc2cccc(-c3cccc(OCCCO)c3)c2Cl)cc1OCc1ccc2nonc2c1,7.21,c1ccc(-c2cccc(COc3cccc(OCc4ccc5nonc5c4)c3)c2)cc1,1,-6.379289627075195
O=C(O)C(CO)NCc1cc(Cl)c(OCc2cccc(-c3cccc(OCCN(CCO)CCO)c3)c2Cl)cc1OCc1ccc2nonc2c1,6.96,c1ccc(-c2cccc(COc3cccc(OCc4ccc5nonc5c4)c3)c2)cc1,1,-4.98144006729126
O=C(O)C(CO)NCc1cc(Cl)c(OCc2cccc(-c3cccc(OCCN4CCC(O)CC4)c3)c2Cl)cc1OCc1ccc2nonc2c1,7.39,c1cc(OCc2cccc(-c3cccc(OCCN4CCCCC4)c3)c2)cc(OCc2ccc3nonc3c2)c1,1,-6.015145301818848
O=C(O)C(CO)NCc1cc(Cl)c(OCc2cccc(-c3cccc(OCCN4CCOCC4)c3)c2Cl)cc1OCc1ccc2nonc2c1,6.92,c1cc(OCc2cccc(-c3cccc(OCCN4CCOCC4)c3)c2)cc(OCc2ccc3nonc3c2)c1,1,-6.096384048461914
O=C(O)C(CO)NCc1cc(Cl)c(OCc2cccc(-c3cccc(OCCO)c3)c2Cl)cc1OCc1ccc2nonc2c1,6.99,c1ccc(-c2cccc(COc3cccc(OCc4ccc5nonc5c4)c3)c2)cc1,1,-6.39116907119751
O=C(O)C(CO)NCc1cc(Cl)c(OCc2cccc(-c3ccccc3)c2)cc1OCc1cccnc1,6.5,c1ccc(-c2cccc(COc3cccc(OCc4cccnc4)c3)c2)cc1,1,-6.38524866104126
O=C(O)C(CO)NCc1cc(Cl)c(OCc2cccc(-c3ccccc3)c2Br)cc1OCC(=O)N1CCOCC1,7.38,O=C(COc1cccc(OCc2cccc(-c3ccccc3)c2)c1)N1CCOCC1,1,-4.671318054199219
O=C(O)C(CO)NCc1cc(Cl)c(OCc2cccc(-c3ccccc3)c2Br)cc1OCC1CC1,7.38,c1ccc(-c2cccc(COc3cccc(OCC4CC4)c3)c2)cc1,1,-6.937044620513916
O=C(O)C(CO)NCc1cc(Cl)c(OCc2cccc(-c3ccccc3)c2Br)cc1OCc1ccc2nonc2c1,8.74,c1ccc(-c2cccc(COc3cccc(OCc4ccc5nonc5c4)c3)c2)cc1,1,-6.721607685089111
O=C(O)C(CO)NCc1cc(Cl)c(OCc2cccc(-c3ccccc3)c2Br)cc1OCc1cccnc1,8.96,c1ccc(-c2cccc(COc3cccc(OCc4cccnc4)c3)c2)cc1,1,-6.639002799987793
O=C(O)C(CO)NCc1cc(Cl)c(OCc2cccc(-c3ccccc3)c2Cl)cc1OCc1ccc2nonc2c1,8.48,c1ccc(-c2cccc(COc3cccc(OCc4ccc5nonc5c4)c3)c2)cc1,1,-6.752634048461914
O=C(O)C(CO)NCc1cc(Cl)c(OCc2cccc(-c3ccccc3)c2Cl)cc1OCc1cccnc1,7.4,c1ccc(-c2cccc(COc3cccc(OCc4cccnc4)c3)c2)cc1,1,-6.601282596588135
O=C(O)C(CO)NCc1cc(Cl)c(OCc2cccc(-c3ccccc3)c2F)cc1OCc1ccc2nonc2c1,8.46,c1ccc(-c2cccc(COc3cccc(OCc4ccc5nonc5c4)c3)c2)cc1,1,-6.7384467124938965
O=C(O)C(CO)NCc1cc(Cl)c(OCc2cccc(-c3ccccc3)c2F)cc1OCc1cccnc1,6.87,c1ccc(-c2cccc(COc3cccc(OCc4cccnc4)c3)c2)cc1,1,-6.440055847167969
O=C(O)C(CO)NCc1cc(F)c(OCc2cccc(-c3ccccc3)c2Br)cc1OCc1ccc2nonc2c1,8.11,c1ccc(-c2cccc(COc3cccc(OCc4ccc5nonc5c4)c3)c2)cc1,1,-6.772248268127441
O=C(O)C(CO)NCc1cc(F)c(OCc2cccc(-c3ccccc3)c2Cl)cc1OCc1ccc2nonc2c1,8.02,c1ccc(-c2cccc(COc3cccc(OCc4ccc5nonc5c4)c3)c2)cc1,1,-6.686665058135986
O=C(O)C(CO)NCc1ccc(Nc2nsc3c(-c4ccc5c(c4)OCCO5)cccc23)c(Br)c1,8.24,c1ccc(Nc2nsc3c(-c4ccc5c(c4)OCCO5)cccc23)cc1,1,-5.294950485229492
O=C(O)C(CO)NCc1ccc(OCc2cccc(-c3ccccc3)c2C(F)(F)F)cc1OCc1ccc2nonc2c1,5.86,c1ccc(-c2cccc(COc3cccc(OCc4ccc5nonc5c4)c3)c2)cc1,1,-6.479401111602783
O=C(O)C(CO)NCc1ccc2c(Nc3cccc(-c4ccc5c(c4)OCCO5)c3Cl)noc2c1,5.76,c1cc(Nc2noc3ccccc23)cc(-c2ccc3c(c2)OCCO3)c1,1,-5.07287073135376
O=C(O)C(CO)NCc1ccc2c(Nc3cccc(-c4ccc5c(c4)OCCO5)c3Cl)nsc2c1,8.07,c1cc(Nc2nsc3ccccc23)cc(-c2ccc3c(c2)OCCO3)c1,1,-5.324544906616211
O=C(O)C(CO)NCc1ccc2c(Nc3cccc(-c4ccc5c(c4)OCCO5)c3F)nsc2c1,6.31,c1cc(Nc2nsc3ccccc23)cc(-c2ccc3c(c2)OCCO3)c1,1,-4.877216815948486
O=C(O)C(CO)NCc1ccc2c(Nc3cccc(-c4ccc5c(c4)OCO5)c3Cl)nsc2c1,7.46,c1cc(Nc2nsc3ccccc23)cc(-c2ccc3c(c2)OCO3)c1,1,-5.322458267211914
O=C(O)C(CO)NCc1ccc2c(Nc3cccc(-c4cccc(O)c4)c3Cl)nsc2c1,6.84,c1ccc(-c2cccc(Nc3nsc4ccccc34)c2)cc1,1,-4.8104567527771
O=C(O)C(CO)NCc1ccc2c(Nc3cccc(-c4ccccc4)c3Cl)noc2c1,5.62,c1ccc(-c2cccc(Nc3noc4ccccc34)c2)cc1,1,-5.21198844909668
O=C(O)C(CO)NCc1ccc2c(Nc3cccc(-c4ccccc4)c3Cl)nsc2c1,7.39,c1ccc(-c2cccc(Nc3nsc4ccccc34)c2)cc1,1,-5.617801189422607
O=C(O)C(CO)NCc1ccc2onc(Nc3cccc(-c4ccc5c(c4)OCCO5)c3Cl)c2c1,7.29,c1cc(Nc2noc3ccccc23)cc(-c2ccc3c(c2)OCCO3)c1,1,-5.020745277404785
O=C(O)C(CO)NCc1ccc2onc(Nc3cccc(-c4ccccc4)c3Cl)c2c1,7.57,c1ccc(-c2cccc(Nc3noc4ccccc34)c2)cc1,1,-5.172524929046631
O=C(O)C(Cc1ccc(O)cc1)NCc1cc(Cl)c(OCc2cccc(-c3ccccc3)c2Br)cc1OCc1cccnc1,6.39,c1ccc(CCNCc2ccc(OCc3cccc(-c4ccccc4)c3)cc2OCc2cccnc2)cc1,1,-6.794267654418945
O=C(O)C1CC(O)CN1Cc1cc(Cl)c(OCc2cccc(-c3ccc4c(c3)OCCO4)c2Br)cc1OCC1CC1,7.39,c1cc(COc2ccc(CN3CCCC3)c(OCC3CC3)c2)cc(-c2ccc3c(c2)OCCO3)c1,1,-6.357028961181641
O=C(O)C1CC(O)CN1Cc1cc(Cl)c(OCc2cccc(-c3ccccc3)c2Br)cc1OCc1ccc2nonc2c1,7.61,c1ccc(-c2cccc(COc3ccc(CN4CCCC4)c(OCc4ccc5nonc5c4)c3)c2)cc1,1,-6.462822914123535
O=C(O)C1CC(O)CN1Cc1ccc2c(Nc3cccc(-c4ccc5c(c4)OCCO5)c3Cl)nsc2c1,7.75,c1cc(Nc2nsc3cc(CN4CCCC4)ccc23)cc(-c2ccc3c(c2)OCCO3)c1,1,-5.658041477203369
O=C(O)C1CCCCN1Cc1cc(Cl)c(OCc2cccc(-c3ccccc3)c2Br)cc1OCc1ccc2nonc2c1,7.88,c1ccc(-c2cccc(COc3ccc(CN4CCCCC4)c(OCc4ccc5nonc5c4)c3)c2)cc1,1,-6.676310062408447
O=C(O)C1CCCCN1Cc1ccc(OCc2cccc(-c3ccccc3)c2Br)c(Br)c1,7.82,c1ccc(-c2cccc(COc3ccc(CN4CCCCC4)cc3)c2)cc1,1,-6.430894374847412
O=C(O)C1CCCCN1Cc1ccc2onc(Nc3cccc(-c4ccccc4)c3Cl)c2c1,7.15,c1ccc(-c2cccc(Nc3noc4ccc(CN5CCCCC5)cc34)c2)cc1,1,-5.941328525543213
O=C(O)C1CCCCN1Cc1cnc(C(=O)N2CCc3c(-c4ccc5c(c4)OCCO5)cccc32)s1,7.2,O=C(c1ncc(CN2CCCCC2)s1)N1CCc2c(-c3ccc4c(c3)OCCO4)cccc21,1,-4.310470104217529
O=C(O)C1CCCCN1Cc1cnc(C(=O)N2CCc3c(-c4ccccc4)cccc32)s1,7.12,O=C(c1ncc(CN2CCCCC2)s1)N1CCc2c(-c3ccccc3)cccc21,1,-4.242766857147217
O=C(O)C1CCCCN1Cc1cnc2c(N3CCc4c(-c5ccccc5)cccc43)ncnc2c1,7.58,c1ccc(-c2cccc3c2CCN3c2ncnc3cc(CN4CCCCC4)cnc23)cc1,1,-4.866576194763184
O=C(O)C1CCCN(Cc2ccc3c(Nc4cccc(-c5ccc6c(c5)OCCO6)c4Cl)nsc3c2)C1,6.29,c1cc(Nc2nsc3cc(CN4CCCCC4)ccc23)cc(-c2ccc3c(c2)OCCO3)c1,1,-6.110234260559082
O=C(O)C1CCCN(Cc2ccc3onc(Nc4cccc(-c5ccccc5)c4Cl)c3c2)C1,7.03,c1ccc(-c2cccc(Nc3noc4ccc(CN5CCCCC5)cc34)c2)cc1,1,-5.8502655029296875
O=C(O)C1CCCN1Cc1ccc2c(Nc3cccc(-c4ccc5c(c4)OCCO5)c3Cl)nsc2c1,6.96,c1cc(Nc2nsc3cc(CN4CCCC4)ccc23)cc(-c2ccc3c(c2)OCCO3)c1,1,-6.150045871734619
O=C(O)C1CCCN1Cc1ccc2onc(Nc3cccc(-c4ccccc4)c3Cl)c2c1,7.07,c1ccc(-c2cccc(Nc3noc4ccc(CN5CCCC5)cc34)c2)cc1,1,-5.69535493850708
O=C(O)C1CCCN1Cc1cnc(C(=O)N2CCc3c(-c4ccc5c(c4)OCCO5)cccc32)s1,8.07,O=C(c1ncc(CN2CCCC2)s1)N1CCc2c(-c3ccc4c(c3)OCCO4)cccc21,1,-4.268570423126221
O=C(O)C1CCCN1Cc1cnc(C(=O)N2CCc3c(-c4ccc5ocnc5c4)cccc32)s1,6.74,O=C(c1ncc(CN2CCCC2)s1)N1CCc2c(-c3ccc4ocnc4c3)cccc21,1,-4.547477722167969
O=C(O)C1CCCN1Cc1cnc(C(=O)N2CCc3c(-c4ccccc4)cccc32)s1,8.09,O=C(c1ncc(CN2CCCC2)s1)N1CCc2c(-c3ccccc3)cccc21,1,-3.855140447616577
O=C(O)C1CCCN1Cc1cnc2c(N3CCc4c(-c5ccc6c(c5)OCCO6)cccc43)ncnc2c1,7.8,c1cc(-c2ccc3c(c2)OCCO3)c2c(c1)N(c1ncnc3cc(CN4CCCC4)cnc13)CC2,1,-4.185466289520264
O=C(O)C1CCCN1Cc1cnc2c(N3CCc4c(-c5ccccc5)cccc43)ncnc2c1,8.09,c1ccc(-c2cccc3c2CCN3c2ncnc3cc(CN4CCCC4)cnc23)cc1,1,-4.141345977783203
O=C(O)C1CCN(CCCCOc2cccc(-c3cccc(COc4cc(OCc5ccc6nonc6c5)c(CNC(CO)C(=O)O)cc4Cl)c3Cl)c2)CC1,8.06,c1cc(OCc2cccc(-c3cccc(OCCCCN4CCCCC4)c3)c2)cc(OCc2ccc3nonc3c2)c1,1,-6.226871490478516
O=C(O)C1CCN(Cc2ccc3c(Nc4cccc(-c5ccc6c(c5)OCCO6)c4Cl)nsc3c2)C1,7.13,c1cc(Nc2nsc3cc(CN4CCCC4)ccc23)cc(-c2ccc3c(c2)OCCO3)c1,1,-5.9545722007751465
O=C(O)C1CCN(Cc2ccc3c(Nc4cccc(-c5ccc6c(c5)OCCO6)c4Cl)nsc3c2)CC1,7.22,c1cc(Nc2nsc3cc(CN4CCCCC4)ccc23)cc(-c2ccc3c(c2)OCCO3)c1,1,-6.27129602432251
O=C(O)C1CCN(Cc2ccc3onc(Nc4cccc(-c5ccccc5)c4Cl)c3c2)C1,6.34,c1ccc(-c2cccc(Nc3noc4ccc(CN5CCCC5)cc34)c2)cc1,1,-5.7137041091918945
O=C(O)C1CCN(Cc2ccc3onc(Nc4cccc(-c5ccccc5)c4Cl)c3c2)CC1,6.21,c1ccc(-c2cccc(Nc3noc4ccc(CN5CCCCC5)cc34)c2)cc1,1,-5.89733362197876
O=C(O)C1CCN(Cc2cnc3c(N4CCc5c(-c6ccccc6)cccc54)nccc3c2)C1,7.17,c1ccc(-c2cccc3c2CCN3c2nccc3cc(CN4CCCC4)cnc23)cc1,1,-4.979887008666992
O=C(O)C1CCN(Cc2cnc3c(N4CCc5c(-c6ccccc6)cccc54)ncnc3c2)C1,8.09,c1ccc(-c2cccc3c2CCN3c2ncnc3cc(CN4CCCC4)cnc23)cc1,1,-4.221359729766846
O=C(O)C1CCN1Cc1ccc2c(Nc3cccc(-c4ccc5c(c4)OCCO5)c3Cl)nsc2c1,6.88,c1cc(Nc2nsc3cc(CN4CCC4)ccc23)cc(-c2ccc3c(c2)OCCO3)c1,1,-6.009838581085205
O=C(O)C1CCN1Cc1ccc2onc(Nc3cccc(-c4ccccc4)c3Cl)c2c1,6.32,c1ccc(-c2cccc(Nc3noc4ccc(CN5CCC5)cc34)c2)cc1,1,-5.759725570678711
O=C(O)C1CN(Cc2cc(Cl)c(OCc3cccc(-c4ccccc4)c3Br)cc2OCc2ccc3nonc3c2)C1,7.28,c1ccc(-c2cccc(COc3ccc(CN4CCC4)c(OCc4ccc5nonc5c4)c3)c2)cc1,1,-6.816894054412842
O=C(O)C1CN(Cc2ccc3c(Nc4cccc(-c5ccc6c(c5)OCCO6)c4Cl)nsc3c2)C1,7.14,c1cc(Nc2nsc3cc(CN4CCC4)ccc23)cc(-c2ccc3c(c2)OCCO3)c1,1,-6.263082027435303
O=C(O)C1CN(Cc2ccc3onc(Nc4cccc(-c5ccccc5)c4Cl)c3c2)C1,6.44,c1ccc(-c2cccc(Nc3noc4ccc(CN5CCC5)cc34)c2)cc1,1,-5.919042110443115
O=C(O)CC(NCc1ccc2c(Nc3cccc(-c4ccc5c(c4)OCCO5)c3Cl)nsc2c1)C(=O)O,6.32,c1cc(Nc2nsc3ccccc23)cc(-c2ccc3c(c2)OCCO3)c1,1,-5.997865676879883
O=C(O)CN1CCc2nc(OCc3cccc(-c4ccccc4F)c3Cl)ccc2C1,7.8,c1ccc(-c2cccc(COc3ccc4c(n3)CCNC4)c2)cc1,1,-4.521169185638428
O=C(O)CNCc1cc(Cl)c(OCc2cccc(-c3ccccc3)c2Br)cc1OCc1ccc2nonc2c1,7.47,c1ccc(-c2cccc(COc3cccc(OCc4ccc5nonc5c4)c3)c2)cc1,1,-7.335370540618896
O=C(O)CNCc1cc(Cl)c(OCc2cccc(-c3ccccc3)c2Br)cc1OCc1cccnc1,7.39,c1ccc(-c2cccc(COc3cccc(OCc4cccnc4)c3)c2)cc1,1,-7.259103298187256
O=C(O)CNCc1ccc2c(Nc3cccc(-c4ccc5c(c4)OCCO5)c3Cl)noc2c1,6.42,c1cc(Nc2noc3ccccc23)cc(-c2ccc3c(c2)OCCO3)c1,1,-6.3307061195373535
O=C(O)CNCc1ccc2c(Nc3cccc(-c4ccc5c(c4)OCCO5)c3Cl)nsc2c1,7.45,c1cc(Nc2nsc3ccccc23)cc(-c2ccc3c(c2)OCCO3)c1,1,-6.384768486022949
O=C(O)CNCc1ccc2c(Nc3cccc(-c4ccccc4)c3Cl)noc2c1,6.14,c1ccc(-c2cccc(Nc3noc4ccccc34)c2)cc1,1,-5.989692211151123
O=C(O)CNCc1ccc2onc(Nc3cccc(-c4ccc5c(c4)OCCO5)c3Cl)c2c1,7.04,c1cc(Nc2noc3ccccc23)cc(-c2ccc3c(c2)OCCO3)c1,1,-6.304911136627197
O=C(O)CNCc1ccc2onc(Nc3cccc(-c4ccccc4)c3Cl)c2c1,7.52,c1ccc(-c2cccc(Nc3noc4ccccc34)c2)cc1,1,-5.972774505615234
O=C(c1ccc(CNCCO)c(Cl)c1)N1CCc2c(-c3ccccc3)cccc21,6.45,O=C(c1ccccc1)N1CCc2c(-c3ccccc3)cccc21,1,-4.240976810455322
O=C(c1ccc(CNCCO)c(O)c1)N1CCc2c(-c3ccccc3)cccc21,6.52,O=C(c1ccccc1)N1CCc2c(-c3ccccc3)cccc21,1,-4.0842485427856445
O=C(c1ccc(CNCCO)cc1)N1CCc2c(-c3ccc4c(c3)OCCO4)cccc21,6.82,O=C(c1ccccc1)N1CCc2c(-c3ccc4c(c3)OCCO4)cccc21,1,-3.916922092437744
O=C(c1ccc(CNCCO)cc1)N1CCc2c(-c3ccc4ocnc4c3)cccc21,6.72,O=C(c1ccccc1)N1CCc2c(-c3ccc4ocnc4c3)cccc21,1,-4.121663570404053
O=C(c1ccc(CNCCO)cc1)N1CCc2c(-c3ccccc3)cccc21,6.72,O=C(c1ccccc1)N1CCc2c(-c3ccccc3)cccc21,1,-3.7998170852661137
O=C(c1ccc(CNCCO)cc1)N1CCc2c(-c3cnc4[nH]ccc4c3)cccc21,6.06,O=C(c1ccccc1)N1CCc2c(-c3cnc4[nH]ccc4c3)cccc21,1,-3.8851797580718994
O=C(c1ccc(CNCCO)s1)N1CCc2c(-c3ccccc3)cccc21,7.22,O=C(c1cccs1)N1CCc2c(-c3ccccc3)cccc21,1,-3.634260416030884
O=C(c1cccc(CNCCO)c1)N1CCc2c(-c3ccccc3)cccc21,6.46,O=C(c1ccccc1)N1CCc2c(-c3ccccc3)cccc21,1,-3.707996368408203
O=C(c1cnc(CNCCO)s1)N1CCc2c(-c3ccccc3)cccc21,6.63,O=C(c1cncs1)N1CCc2c(-c3ccccc3)cccc21,1,-3.8745625019073486
O=C(c1ncc(CN2CC(O)C2)s1)N1CCc2c(-c3ccc4c(c3)OCCO4)cccc21,7.08,O=C(c1ncc(CN2CCC2)s1)N1CCc2c(-c3ccc4c(c3)OCCO4)cccc21,1,-3.822185277938843
O=C(c1ncc(CN2CC(O)C2)s1)N1CCc2c(-c3ccccc3)cccc21,7.56,O=C(c1ncc(CN2CCC2)s1)N1CCc2c(-c3ccccc3)cccc21,1,-3.769784688949585
O=C(c1ncc(CNC2CCC(O)CC2)s1)N1CCc2c(-c3ccc4c(c3)OCCO4)cccc21,7.69,O=C(c1ncc(CNC2CCCCC2)s1)N1CCc2c(-c3ccc4c(c3)OCCO4)cccc21,1,-4.035271644592285
O=C(c1ncc(CNC2CCC(O)CC2)s1)N1CCc2c(-c3ccc4ocnc4c3)cccc21,7.1,O=C(c1ncc(CNC2CCCCC2)s1)N1CCc2c(-c3ccc4ocnc4c3)cccc21,1,-4.394562721252441
O=C(c1ncc(CNC2CCC(O)CC2)s1)N1CCc2c(-c3ccccc3)cccc21,7.87,O=C(c1ncc(CNC2CCCCC2)s1)N1CCc2c(-c3ccccc3)cccc21,1,-4.423107147216797
O=C(c1ncc(CNC2CCOCC2)s1)N1CCc2c(-c3ccc4c(c3)OCCO4)cccc21,7.95,O=C(c1ncc(CNC2CCOCC2)s1)N1CCc2c(-c3ccc4c(c3)OCCO4)cccc21,1,-4.1407575607299805
O=C(c1ncc(CNC2CCOCC2)s1)N1CCc2c(-c3ccccc3)cccc21,7.83,O=C(c1ncc(CNC2CCOCC2)s1)N1CCc2c(-c3ccccc3)cccc21,1,-4.4256157875061035
O=C(c1ncc(CNCCO)s1)N1CCc2c(-c3ccc4c(c3)OCCO4)cccc21,7.89,O=C(c1nccs1)N1CCc2c(-c3ccc4c(c3)OCCO4)cccc21,1,-3.478205442428589
O=C(c1ncc(CNCCO)s1)N1CCc2c(-c3ccc4nccnc4c3)cccc21,6.0,O=C(c1nccs1)N1CCc2c(-c3ccc4nccnc4c3)cccc21,1,-3.7133092880249023
O=C(c1ncc(CNCCO)s1)N1CCc2c(-c3ccc4ncoc4c3)cccc21,6.38,O=C(c1nccs1)N1CCc2c(-c3ccc4ncoc4c3)cccc21,1,-3.6942131519317623
O=C(c1ncc(CNCCO)s1)N1CCc2c(-c3ccc4ocnc4c3)cccc21,7.14,O=C(c1nccs1)N1CCc2c(-c3ccc4ocnc4c3)cccc21,1,-3.657325029373169
O=C(c1ncc(CNCCO)s1)N1CCc2c(-c3ccc4scnc4c3)cccc21,6.33,O=C(c1nccs1)N1CCc2c(-c3ccc4scnc4c3)cccc21,1,-3.672858953475952
O=C(c1ncc(CNCCO)s1)N1CCc2c(-c3ccccc3)cccc21,8.03,O=C(c1nccs1)N1CCc2c(-c3ccccc3)cccc21,1,-3.482524871826172
O=C(c1ncc(CNCCO)s1)N1CCc2c(-c3ccncc3)cccc21,5.25,O=C(c1nccs1)N1CCc2c(-c3ccncc3)cccc21,1,-3.09022855758667
O=C(c1ncc(CNCCO)s1)N1CCc2c(-c3cnc4[nH]ccc4c3)cccc21,5.75,O=C(c1nccs1)N1CCc2c(-c3cnc4[nH]ccc4c3)cccc21,1,-3.408453941345215
O=C1CC(C23CC4CC(CC(C4)C2)C3)=NN1c1ccc(Cl)cc1Cl,8.05,O=C1CC(C23CC4CC(CC(C4)C2)C3)=NN1c1ccccc1,1,-5.951837539672852
O=C1CC(C23CC4CC(CC(C4)C2)C3)=NN1c1ccccn1,8.4,O=C1CC(C23CC4CC(CC(C4)C2)C3)=NN1c1ccccn1,1,-4.338014125823975
O=C1CC(c2ccc(C(F)(F)F)cc2)=NN1c1ccccn1,6.84,O=C1CC(c2ccccc2)=NN1c1ccccn1,1,-4.58505392074585
O=C1CC(c2ccc(Cl)cc2)=NN1c1ccccn1,4.48,O=C1CC(c2ccccc2)=NN1c1ccccn1,1,-4.344213008880615
O=C1CC(c2ccc(Cl)cc2Cl)=NN1c1ccccn1,7.01,O=C1CC(c2ccccc2)=NN1c1ccccn1,1,-5.028566360473633
O=C1CC(c2cccc(C(F)(F)F)c2)=NN1c1ccccn1,5.96,O=C1CC(c2ccccc2)=NN1c1ccccn1,1,-4.520848751068115
O=C1CC(c2ccccc2)=NN1c1ccccn1,6.45,O=C1CC(c2ccccc2)=NN1c1ccccn1,1,-3.722119092941284
O=C1CCC(CNCc2cc(Cl)c(OCc3cccc(-c4ccccc4)c3Cl)cc2OCc2ccc3nonc3c2)N1,7.67,O=C1CCC(CNCc2ccc(OCc3cccc(-c4ccccc4)c3)cc2OCc2ccc3nonc3c2)N1,1,-7.110395431518555
O=S(=O)(O)CCNCc1cc(Cl)c(OCc2cccc(-c3ccccc3)c2Br)cc1OCc1ccc2nonc2c1,7.57,c1ccc(-c2cccc(COc3cccc(OCc4ccc5nonc5c4)c3)c2)cc1,1,-6.635359764099121
O=S(=O)(O)CCNCc1cc(Cl)c(OCc2cccc(-c3ccccc3)c2Br)cc1OCc1cccnc1,4.79,c1ccc(-c2cccc(COc3cccc(OCc4cccnc4)c3)c2)cc1,1,-6.4580254554748535
OC1CCC(NCc2cc(Cl)c(OCc3cccc(-c4ccccc4)c3Br)cc2OCc2ccc3nonc3c2)CC1,7.24,c1ccc(-c2cccc(COc3ccc(CNC4CCCCC4)c(OCc4ccc5nonc5c4)c3)c2)cc1,1,-7.17445707321167
OC1CCCN(Cc2ccc3c(Nc4cccc(-c5ccc6c(c5)OCCO6)c4Cl)nsc3c2)C1,6.79,c1cc(Nc2nsc3cc(CN4CCCCC4)ccc23)cc(-c2ccc3c(c2)OCCO3)c1,1,-6.350962162017822
OC1CCCN(Cc2ccc3snc(Nc4cccc(-c5ccc6c(c5)OCCO6)c4Cl)c3c2)C1,6.49,c1cc(Nc2nsc3ccc(CN4CCCCC4)cc23)cc(-c2ccc3c(c2)OCCO3)c1,1,-6.2511796951293945
OC1CCN(Cc2cc(Cl)c(OCc3cccc(-c4ccccc4)c3Br)cc2OCc2ccc3nonc3c2)CC1,5.98,c1ccc(-c2cccc(COc3ccc(CN4CCCCC4)c(OCc4ccc5nonc5c4)c3)c2)cc1,1,-6.805936336517334
OC1CCN(Cc2ccc3c(Nc4cccc(-c5ccc6c(c5)OCCO6)c4Cl)noc3c2)C1,5.77,c1cc(Nc2noc3cc(CN4CCCC4)ccc23)cc(-c2ccc3c(c2)OCCO3)c1,1,-5.925395488739014
OC1CCN(Cc2ccc3c(Nc4cccc(-c5ccc6c(c5)OCCO6)c4Cl)nsc3c2)C1,7.23,c1cc(Nc2nsc3cc(CN4CCCC4)ccc23)cc(-c2ccc3c(c2)OCCO3)c1,1,-6.132900238037109
OC1CCN(Cc2ccc3c(Nc4cccc(-c5ccc6c(c5)OCCO6)c4Cl)nsc3c2)CC1,6.8,c1cc(Nc2nsc3cc(CN4CCCCC4)ccc23)cc(-c2ccc3c(c2)OCCO3)c1,1,-6.471462249755859
OC1CCN(Cc2ccc3c(Nc4cccc(-c5ccccc5)c4Cl)noc3c2)C1,5.83,c1ccc(-c2cccc(Nc3noc4cc(CN5CCCC5)ccc34)c2)cc1,1,-5.916682720184326
OC1CCN(Cc2ccc3onc(Nc4cccc(-c5ccc6c(c5)OCCO6)c4Cl)c3c2)C1,5.89,c1cc(Nc2noc3ccc(CN4CCCC4)cc23)cc(-c2ccc3c(c2)OCCO3)c1,1,-5.9749555587768555
OC1CCN(Cc2ccc3onc(Nc4cccc(-c5ccccc5)c4Cl)c3c2)C1,6.33,c1ccc(-c2cccc(Nc3noc4ccc(CN5CCCC5)cc34)c2)cc1,1,-5.897139549255371
OC1CCN(Cc2ccc3snc(Nc4cccc(-c5ccc6c(c5)OCCO6)c4Cl)c3c2)C1,6.6,c1cc(Nc2nsc3ccc(CN4CCCC4)cc23)cc(-c2ccc3c(c2)OCCO3)c1,1,-6.030287742614746
OC1CCN(Cc2ccc3snc(Nc4cccc(-c5ccc6c(c5)OCCO6)c4Cl)c3c2)CC1,6.07,c1cc(Nc2nsc3ccc(CN4CCCCC4)cc23)cc(-c2ccc3c(c2)OCCO3)c1,1,-6.358956336975098
OC1CCN(Cc2cnc3c(N4CCc5c(-c6ccccc6)cccc54)ncnc3c2)C1,7.88,c1ccc(-c2cccc3c2CCN3c2ncnc3cc(CN4CCCC4)cnc23)cc1,1,-4.141254901885986
OCC(CO)NCc1ccc2c(Nc3cccc(-c4ccc5c(c4)OCCO5)c3Cl)nsc2c1,7.23,c1cc(Nc2nsc3ccccc23)cc(-c2ccc3c(c2)OCCO3)c1,1,-5.399421215057373
OCC(O)CNCc1cc(Cl)c(OCc2cccc(-c3ccccc3)c2Br)cc1OCc1ccc2nonc2c1,7.84,c1ccc(-c2cccc(COc3cccc(OCc4ccc5nonc5c4)c3)c2)cc1,1,-6.974416255950928
OCC(O)CNCc1ccc(OCc2cccc(-c3ccc4c(c3)OCCO4)c2C(F)F)cc1OCc1cccnc1,7.17,c1cncc(COc2cccc(OCc3cccc(-c4ccc5c(c4)OCCO5)c3)c2)c1,1,-6.481240749359131
OCC1CCN(Cc2cnc3c(N4CCc5c(-c6ccccc6)cccc54)ncnc3c2)C1,7.8,c1ccc(-c2cccc3c2CCN3c2ncnc3cc(CN4CCCC4)cnc23)cc1,1,-4.238456726074219
OCCN(CCO)Cc1cc(Cl)c(OCc2cccc(-c3ccccc3)c2Br)cc1OCc1cccnc1,7.29,c1ccc(-c2cccc(COc3cccc(OCc4cccnc4)c3)c2)cc1,1,-6.817968368530273
OCCN1CCc2nc(OCc3cccc(-c4ccccc4Cl)c3Cl)ccc2C1,7.02,c1ccc(-c2cccc(COc3ccc4c(n3)CCNC4)c2)cc1,1,-5.567254066467285
OCCN1CCc2nc(OCc3cccc(-c4ccccc4Cl)c3F)ccc2C1,6.99,c1ccc(-c2cccc(COc3ccc4c(n3)CCNC4)c2)cc1,1,-4.622987747192383
OCCN1CCc2nc(OCc3cccc(-c4ccccc4F)c3Cl)ccc2C1,7.7,c1ccc(-c2cccc(COc3ccc4c(n3)CCNC4)c2)cc1,1,-4.5958380699157715
OCCN1CCc2nc(OCc3cccc(-c4ccccc4F)c3F)ccc2C1,6.98,c1ccc(-c2cccc(COc3ccc4c(n3)CCNC4)c2)cc1,1,-4.123881816864014
OCCNCc1cc(Cl)c(OCc2cccc(-c3ccccc3)c2Br)cc1OCc1ccc2nonc2c1,7.51,c1ccc(-c2cccc(COc3cccc(OCc4ccc5nonc5c4)c3)c2)cc1,1,-6.9898223876953125
OCCNCc1cc(Cl)c(OCc2cccc(-c3ccccc3)c2Br)cc1OCc1cccnc1,7.27,c1ccc(-c2cccc(COc3cccc(OCc4cccnc4)c3)c2)cc1,1,-6.906698226928711
OCCNCc1ccc2c(N3CCc4c(-c5ccccc5)cccc43)ncnc2c1,7.36,c1ccc(-c2cccc3c2CCN3c2ncnc3ccccc23)cc1,1,-3.950516700744629
OCCNCc1ccc2c(Nc3cccc(-c4ccc5c(c4)OCCO5)c3Cl)noc2c1,6.12,c1cc(Nc2noc3ccccc23)cc(-c2ccc3c(c2)OCCO3)c1,1,-5.315150737762451
OCCNCc1ccc2c(Nc3cccc(-c4ccccc4)c3Cl)noc2c1,5.19,c1ccc(-c2cccc(Nc3noc4ccccc34)c2)cc1,1,-5.596497058868408
OCCNCc1ccc2onc(Nc3cccc(-c4ccc5c(c4)OCCO5)c3Cl)c2c1,5.52,c1cc(Nc2noc3ccccc23)cc(-c2ccc3c(c2)OCCO3)c1,1,-5.3540167808532715
OCCNCc1ccc2onc(Nc3cccc(-c4ccccc4)c3Cl)c2c1,6.1,c1ccc(-c2cccc(Nc3noc4ccccc34)c2)cc1,1,-5.590106010437012
OCCNCc1cnc2c(N3CCc4c(-c5ccc6c(c5)OCCO6)cccc43)ncnc2c1,8.14,c1cc(-c2ccc3c(c2)OCCO3)c2c(c1)N(c1ncnc3cccnc13)CC2,1,-3.868652582168579
OCCNCc1cnc2c(N3CCc4c(-c5ccccc5)cccc43)nccc2c1,7.5,c1ccc(-c2cccc3c2CCN3c2nccc3cccnc23)cc1,1,-3.626729965209961
OCCNCc1cnc2c(N3CCc4c(-c5ccccc5)cccc43)ncnc2c1,8.17,c1ccc(-c2cccc3c2CCN3c2ncnc3cccnc23)cc1,1,-3.8015663623809814
OCc1ccc(-c2cccc(-c3ccc4c(c3)OCCO4)c2Br)cc1,6.02,c1ccc(-c2cccc(-c3ccc4c(c3)OCCO4)c2)cc1,1,-6.097828388214111
OCc1ccc(-c2cccc(-c3ccc4c(c3)OCCO4)c2Cl)cc1,6.29,c1ccc(-c2cccc(-c3ccc4c(c3)OCCO4)c2)cc1,1,-5.900267124176025
c1ccc(-c2cccc3c2CCN3c2nccc3cc(CNC4CCOCC4)cnc23)cc1,6.89,c1ccc(-c2cccc3c2CCN3c2nccc3cc(CNC4CCOCC4)cnc23)cc1,1,-5.803069591522217
c1ccc(-c2cccc3c2CCN3c2ncnc3cc(CNC4CCOCC4)ccc23)cc1,6.97,c1ccc(-c2cccc3c2CCN3c2ncnc3cc(CNC4CCOCC4)ccc23)cc1,1,-5.969865322113037
c1ccc(-c2cccc3c2CCN3c2ncnc3cc(CNC4CCOCC4)cnc23)cc1,7.67,c1ccc(-c2cccc3c2CCN3c2ncnc3cc(CNC4CCOCC4)cnc23)cc1,1,-4.627106189727783
